"SECS","KM","CAD","HR","ID","PACE","WATTS","LRBALANCE","LTE","RTE","LPS","RPS","LPPB","RPPB","LPPE","RPPE","LPPPB","RPPPB","LPPPE","RPPPE","ALT","LAT","LON","SLOPE","RVERT","RCON","TEMP","KPH"
0,0,0,103,"2026-03-28_YIUCB",NA,0,NA,NA,NA,NA,NA,NA,NA,NA,NA,NA,NA,NA,NA,182.8,43.585421761,-79.755253754,0,0,0,16,0
1,0.00448,0,102,"2026-03-28_YIUCB",NA,0,NA,NA,NA,NA,NA,NA,NA,NA,NA,NA,NA,NA,NA,182.8,43.58543358,-79.755199775,0,0,0,16,0
2,0.00959,0,103,"2026-03-28_YIUCB",17.1821305841924,0,NA,NA,NA,NA,NA,NA,NA,NA,NA,NA,NA,NA,NA,182.6,43.585445231,-79.755134396,-3.91389,0,0,16,3.492
3,0.01388,0,103,"2026-03-28_YIUCB",4.15420405450316,0,NA,NA,NA,NA,NA,NA,NA,NA,NA,NA,NA,NA,NA,182.8,43.58545311,-79.755087709,4.662,0,0,16,14.4432
4,0.01937,0,103,"2026-03-28_YIUCB",3.76818147561987,0,NA,NA,NA,NA,NA,NA,NA,NA,NA,NA,NA,NA,NA,182.8,43.585460653,-79.755015289,0,0,0,16,15.9228
5,0.02431,0,103,"2026-03-28_YIUCB",3.40205484112404,0,NA,NA,NA,NA,NA,NA,NA,NA,NA,NA,NA,NA,NA,182.8,43.585475573,-79.754963238,0,0,0,16,17.6364
6,0.02938,92,102,"2026-03-28_YIUCB",3.38272106082132,600,NA,NA,NA,NA,NA,NA,NA,NA,NA,NA,NA,NA,NA,183,43.585489822,-79.754899535,3.94477,9.52,199,16,17.7372
7,0.03422,92,102,"2026-03-28_YIUCB",3.32005312084993,613,NA,NA,NA,NA,NA,NA,NA,NA,NA,NA,NA,NA,NA,183,43.585501725,-79.754843041,0,9.57,197,16,18.072
8,0.03912,92,102,"2026-03-28_YIUCB",3.38272106082132,609,NA,NA,NA,NA,NA,NA,NA,NA,NA,NA,NA,NA,NA,183,43.585516225,-79.754782356,0,9.52,199,16,17.7372
9,0.04368,91.5,103,"2026-03-28_YIUCB",3.40901343151292,558,NA,NA,NA,NA,NA,NA,NA,NA,NA,NA,NA,NA,NA,183,43.585530055,-79.754733154,0,9.46,201,16,17.6004
10,0.04861,92,103,"2026-03-28_YIUCB",3.42864979770966,557,NA,NA,NA,NA,NA,NA,NA,NA,NA,NA,NA,NA,NA,183,43.585541539,-79.754669284,0.469288,9.46,201,16,17.4996
11,0.05286,92,104,"2026-03-28_YIUCB",3.43500961802693,557,NA,NA,NA,NA,NA,NA,NA,NA,NA,NA,NA,NA,NA,183,43.585553022,-79.754624022,0.469288,9.43,202,16,17.4672
12,0.05756,92,104,"2026-03-28_YIUCB",3.55138859293984,547,NA,NA,NA,NA,NA,NA,NA,NA,NA,NA,NA,NA,NA,183,43.58554816,-79.754558811,0.860678,9.31,206,16,16.8948
13,0.06171,90.5,104,"2026-03-28_YIUCB",3.58654328957751,547,NA,NA,NA,NA,NA,NA,NA,NA,NA,NA,NA,NA,NA,183,43.585544724,-79.754511705,0.394477,9.46,209,16,16.7292
14,0.06637,90.5,104,"2026-03-28_YIUCB",3.69795133496043,539,NA,NA,NA,NA,NA,NA,NA,NA,NA,NA,NA,NA,NA,183,43.585532235,-79.75445102,0.394477,9.34,213,16,16.2252
15,0.07075,90.5,104,"2026-03-28_YIUCB",3.68324125230203,542,NA,NA,NA,NA,NA,NA,NA,NA,NA,NA,NA,NA,NA,183.2,43.585525026,-79.754401902,0.851098,9.33,213,16,16.29
16,0.07559,90.5,105,"2026-03-28_YIUCB",3.73692077727952,537,NA,NA,NA,NA,NA,NA,NA,NA,NA,NA,NA,NA,NA,183.2,43.585512202,-79.754339373,0.456621,9.27,215,16,16.056
17,0.07986,90.5,106,"2026-03-28_YIUCB",3.68324125230203,544,NA,NA,NA,NA,NA,NA,NA,NA,NA,NA,NA,NA,NA,183.2,43.585509939,-79.754291344,0.456621,9.33,213,16,16.29
18,0.08457,90.5,106,"2026-03-28_YIUCB",3.73692077727952,538,NA,NA,NA,NA,NA,NA,NA,NA,NA,NA,NA,NA,NA,183.2,43.585503233,-79.75423024,0.456621,9.27,215,16,16.056
19,0.08858,90.5,107,"2026-03-28_YIUCB",3.71360665478313,542,NA,NA,NA,NA,NA,NA,NA,NA,NA,NA,NA,NA,NA,183.2,43.585506754,-79.754185397,0.456621,9.3,214,16,16.1568
20,0.09287,90.5,108,"2026-03-28_YIUCB",3.74447689657755,538,NA,NA,NA,NA,NA,NA,NA,NA,NA,NA,NA,NA,NA,183.2,43.585511448,-79.754127562,0.456621,9.27,215,16,16.0236
21,0.09687,90.5,108,"2026-03-28_YIUCB",3.79218809252939,532,NA,NA,NA,NA,NA,NA,NA,NA,NA,NA,NA,NA,NA,183.2,43.58551983,-79.754083305,0.456621,9.42,218,16,15.822
22,0.10136,90.5,109,"2026-03-28_YIUCB",3.86607902265522,521,NA,NA,NA,NA,NA,NA,NA,NA,NA,NA,NA,NA,NA,183.2,43.585522177,-79.75402304,0.456621,9.14,219,16,15.5196
23,0.1056,89.5,109,"2026-03-28_YIUCB",3.86607902265522,522,NA,NA,NA,NA,NA,NA,NA,NA,NA,NA,NA,NA,NA,183.2,43.585525865,-79.753975766,0.456621,9.32,221,16,15.5196
24,0.11009,89.5,110,"2026-03-28_YIUCB",3.90869293308318,515,NA,NA,NA,NA,NA,NA,NA,NA,NA,NA,NA,NA,NA,183.2,43.585518153,-79.753915248,0.456621,9.28,222,16,15.3504
25,0.1142,89.5,111,"2026-03-28_YIUCB",3.81650255705671,527,NA,NA,NA,NA,NA,NA,NA,NA,NA,NA,NA,NA,NA,183.2,43.585519578,-79.753868813,0,9.38,219,16,15.7212
26,0.11915,89.5,112,"2026-03-28_YIUCB",3.90869293308318,515,NA,NA,NA,NA,NA,NA,NA,NA,NA,NA,NA,NA,NA,183.2,43.585516896,-79.753803434,0,9.28,222,16,15.3504
27,0.1233,89.5,114,"2026-03-28_YIUCB",3.80865326020719,536,NA,NA,NA,NA,NA,NA,NA,NA,NA,NA,NA,NA,NA,183.2,43.585519494,-79.753757166,0,9.38,219,16,15.7536
28,0.12784,89,116,"2026-03-28_YIUCB",3.85802469135802,531,NA,NA,NA,NA,NA,NA,NA,NA,NA,NA,NA,NA,NA,183.2,43.585515387,-79.753696732,0,9.54,222,16,15.552
29,0.13187,89,118,"2026-03-28_YIUCB",3.80865326020719,537,NA,NA,NA,NA,NA,NA,NA,NA,NA,NA,NA,NA,NA,183.4,43.58551304,-79.753651554,0.496278,9.57,221,16,15.7536
30,0.13613,89,120,"2026-03-28_YIUCB",3.85802469135802,537,NA,NA,NA,NA,NA,NA,NA,NA,NA,NA,NA,NA,NA,183.6,43.585509017,-79.753595143,0.965761,9.54,222,16,15.552
31,0.13988,88.5,122,"2026-03-28_YIUCB",3.90869293308318,528,NA,NA,NA,NA,NA,NA,NA,NA,NA,NA,NA,NA,NA,183.8,43.585515722,-79.753550636,1.49909,9.47,224,16,15.3504
32,0.14385,88.5,125,"2026-03-28_YIUCB",3.90869293308318,532,NA,NA,NA,NA,NA,NA,NA,NA,NA,NA,NA,NA,NA,183.8,43.58552226,-79.753498584,1.49909,9.47,224,16,15.3504
33,0.14779,89,127,"2026-03-28_YIUCB",3.99584432190522,523,NA,NA,NA,NA,NA,NA,NA,NA,NA,NA,NA,NA,NA,184,43.58553366,-79.753454579,2.00671,9.39,226,16,15.0156
34,0.15146,89,128,"2026-03-28_YIUCB",4.01412973667309,523,NA,NA,NA,NA,NA,NA,NA,NA,NA,NA,NA,NA,NA,184,43.585548412,-79.753410406,2.00671,9.36,227,16,14.9472
35,0.15517,88.5,130,"2026-03-28_YIUCB",4.02284978678896,524,NA,NA,NA,NA,NA,NA,NA,NA,NA,NA,NA,NA,NA,184,43.585564505,-79.753370508,2.00671,9.36,227,16,14.9148
36,0.15926,88,131,"2026-03-28_YIUCB",4.05910050332846,522,NA,NA,NA,NA,NA,NA,NA,NA,NA,NA,NA,NA,NA,184,43.585585125,-79.753327006,2.00671,9.51,230,16,14.7816
37,0.16352,88,132,"2026-03-28_YIUCB",4.06901041666667,523,NA,NA,NA,NA,NA,NA,NA,NA,NA,NA,NA,NA,NA,183.8,43.585604068,-79.75328166,1.53723,9.47,231,16,14.7456
38,0.16755,88.5,132,"2026-03-28_YIUCB",4.06901041666667,524,NA,NA,NA,NA,NA,NA,NA,NA,NA,NA,NA,NA,NA,183.8,43.585622256,-79.753240086,1.53723,9.32,228,16,14.7456
39,0.17188,88.5,133,"2026-03-28_YIUCB",4.05022276225192,528,NA,NA,NA,NA,NA,NA,NA,NA,NA,NA,NA,NA,NA,183.8,43.585642122,-79.753191136,1.04095,9.32,228,16,14.814
40,0.17616,89,133,"2026-03-28_YIUCB",4.05022276225192,531,NA,NA,NA,NA,NA,NA,NA,NA,NA,NA,NA,NA,NA,184,43.585664082,-79.753149897,1.03875,9.32,228,16,14.814
41,0.18039,89,134,"2026-03-28_YIUCB",4.04138376980278,535,NA,NA,NA,NA,NA,NA,NA,NA,NA,NA,NA,NA,NA,184,43.585687803,-79.753105221,0.50542,9.32,228,16,14.8464
42,0.18443,88.5,134,"2026-03-28_YIUCB",4.02284978678896,539,NA,NA,NA,NA,NA,NA,NA,NA,NA,NA,NA,NA,NA,184.2,43.585711608,-79.753072197,1.00047,9.36,227,16,14.9148
43,0.18831,88.5,133,"2026-03-28_YIUCB",4.02284978678896,538,NA,NA,NA,NA,NA,NA,NA,NA,NA,NA,NA,NA,NA,184.2,43.585736334,-79.753034394,0.492856,9.36,227,16,14.9148
44,0.19184,89,133,"2026-03-28_YIUCB",4.02284978678896,543,NA,NA,NA,NA,NA,NA,NA,NA,NA,NA,NA,NA,NA,184.4,43.585759384,-79.753004974,1.05943,9.36,227,16,14.9148
45,0.1957,89.5,132,"2026-03-28_YIUCB",4.03258327284458,546,NA,NA,NA,NA,NA,NA,NA,NA,NA,NA,NA,NA,NA,184.4,43.58578562,-79.752970356,1.05943,9.18,225,16,14.8788
46,0.1995,89.5,132,"2026-03-28_YIUCB",4.05910050332846,550,NA,NA,NA,NA,NA,NA,NA,NA,NA,NA,NA,NA,NA,184.6,43.585810179,-79.75293993,1.58574,9.14,226,16,14.7816
47,0.20337,89.5,131,"2026-03-28_YIUCB",4.05910050332846,557,NA,NA,NA,NA,NA,NA,NA,NA,NA,NA,NA,NA,NA,184.6,43.585835911,-79.752905229,2.05523,9.14,226,16,14.7816
48,0.20707,90,131,"2026-03-28_YIUCB",4.07797080172906,561,NA,NA,NA,NA,NA,NA,NA,NA,NA,NA,NA,NA,NA,184.8,43.585860135,-79.75287715,2.59577,9.11,227,16,14.7132
49,0.21104,90.5,131,"2026-03-28_YIUCB",4.08697073728952,560,NA,NA,NA,NA,NA,NA,NA,NA,NA,NA,NA,NA,NA,184.8,43.585887879,-79.752841862,2.59577,8.93,225,16,14.6808
50,0.2147,90.5,132,"2026-03-28_YIUCB",4.09701737135365,558,NA,NA,NA,NA,NA,NA,NA,NA,NA,NA,NA,NA,NA,185,43.585912186,-79.752816046,2.67493,8.93,225,16,14.6448
51,0.21911,90.5,133,"2026-03-28_YIUCB",4.10610166707728,554,NA,NA,NA,NA,NA,NA,NA,NA,NA,NA,NA,NA,NA,185,43.585945463,-79.752779752,2.67493,8.93,225,16,14.6124
52,0.2228,90.5,133,"2026-03-28_YIUCB",4.10610166707728,550,NA,NA,NA,NA,NA,NA,NA,NA,NA,NA,NA,NA,NA,185,43.58597371,-79.75276106,2.17988,8.93,225,16,14.6124
53,0.22687,89,134,"2026-03-28_YIUCB",4.12541254125412,547,NA,NA,NA,NA,NA,NA,NA,NA,NA,NA,NA,NA,NA,185,43.586009584,-79.752736501,2.17988,9.25,230,16,14.544
54,0.23076,89,135,"2026-03-28_YIUCB",4.12541254125412,544,NA,NA,NA,NA,NA,NA,NA,NA,NA,NA,NA,NA,NA,185,43.586039843,-79.752722755,1.6133,9.25,230,16,14.544
55,0.23471,89,136,"2026-03-28_YIUCB",4.12541254125412,540,NA,NA,NA,NA,NA,NA,NA,NA,NA,NA,NA,NA,NA,185,43.586075801,-79.752705321,1.6133,9.25,230,16,14.544
56,0.23836,89.5,137,"2026-03-28_YIUCB",4.12541254125412,532,NA,NA,NA,NA,NA,NA,NA,NA,NA,NA,NA,NA,NA,185,43.586105892,-79.752699705,1.08699,9.07,228,16,14.544
57,0.24231,89.5,137,"2026-03-28_YIUCB",4.13462333581411,526,NA,NA,NA,NA,NA,NA,NA,NA,NA,NA,NA,NA,NA,185,43.586143611,-79.752686545,1.08699,9.07,228,16,14.5116
58,0.24602,90,138,"2026-03-28_YIUCB",4.1438753522294,521,NA,NA,NA,NA,NA,NA,NA,NA,NA,NA,NA,NA,NA,185.2,43.586172528,-79.752680845,1.08553,9.07,228,16,14.4792
59,0.25002,90.5,138,"2026-03-28_YIUCB",4.16354400866017,514,NA,NA,NA,NA,NA,NA,NA,NA,NA,NA,NA,NA,NA,185.2,43.586212259,-79.752669949,1.08553,8.9,226,16,14.4108
60,0.25347,90.5,138,"2026-03-28_YIUCB",4.16354400866017,513,NA,NA,NA,NA,NA,NA,NA,NA,NA,NA,NA,NA,NA,185.2,43.586240254,-79.752671039,0.539084,8.86,227,16,14.4108
61,0.2575,89.5,139,"2026-03-28_YIUCB",4.16354400866017,511,NA,NA,NA,NA,NA,NA,NA,NA,NA,NA,NA,NA,NA,185.4,43.586282164,-79.752664752,1.03536,9.03,229,16,14.4108
62,0.26122,89.5,139,"2026-03-28_YIUCB",4.18340026773762,505,NA,NA,NA,NA,NA,NA,NA,NA,NA,NA,NA,NA,NA,185.4,43.58630907,-79.75266668,1.03536,9.03,229,16,14.3424
63,0.26528,89,140,"2026-03-28_YIUCB",4.18340026773762,502,NA,NA,NA,NA,NA,NA,NA,NA,NA,NA,NA,NA,NA,185.4,43.586349889,-79.752666345,1.03536,9.21,231,16,14.3424
64,0.26903,88.5,140,"2026-03-28_YIUCB",4.19287211740042,496,NA,NA,NA,NA,NA,NA,NA,NA,NA,NA,NA,NA,NA,185.4,43.586380148,-79.752673972,1.03536,9.17,232,16,14.31
65,0.27312,88.5,141,"2026-03-28_YIUCB",4.19287211740042,493,NA,NA,NA,NA,NA,NA,NA,NA,NA,NA,NA,NA,NA,185.4,43.586420717,-79.752680343,1.03536,9.17,232,16,14.31
66,0.27668,89.5,141,"2026-03-28_YIUCB",4.20238695579089,488,NA,NA,NA,NA,NA,NA,NA,NA,NA,NA,NA,NA,NA,185.4,43.58644712,-79.752693083,1.03536,9,230,16,14.2776
67,0.28089,89.5,142,"2026-03-28_YIUCB",4.20238695579089,486,NA,NA,NA,NA,NA,NA,NA,NA,NA,NA,NA,NA,NA,185.4,43.586487101,-79.752705572,1.03536,9,230,16,14.2776
68,0.28427,89.5,144,"2026-03-28_YIUCB",4.21300977418268,482,NA,NA,NA,NA,NA,NA,NA,NA,NA,NA,NA,NA,NA,185.4,43.586511073,-79.752718815,0.496278,9,230,16,14.2416
69,0.28806,88.5,145,"2026-03-28_YIUCB",4.21300977418268,481,NA,NA,NA,NA,NA,NA,NA,NA,NA,NA,NA,NA,NA,185.4,43.586550468,-79.752732813,0.496278,9.17,232,16,14.2416
70,0.29162,89.5,146,"2026-03-28_YIUCB",4.2322668020992,475,NA,NA,NA,NA,NA,NA,NA,NA,NA,NA,NA,NA,NA,185.4,43.586576788,-79.752741279,0.496278,8.96,231,16,14.1768
71,0.2959,89.5,146,"2026-03-28_YIUCB",4.2322668020992,473,NA,NA,NA,NA,NA,NA,NA,NA,NA,NA,NA,NA,NA,185.2,43.586620373,-79.752751589,-0.46729,8.96,231,16,14.1768
72,0.29971,89.5,147,"2026-03-28_YIUCB",4.24304141208418,471,NA,NA,NA,NA,NA,NA,NA,NA,NA,NA,NA,NA,NA,185.2,43.586648872,-79.752762401,-0.46729,8.96,231,16,14.1408
73,0.30399,89.5,147,"2026-03-28_YIUCB",4.24304141208418,470,NA,NA,NA,NA,NA,NA,NA,NA,NA,NA,NA,NA,NA,185.4,43.586689943,-79.752778411,0,8.96,231,16,14.1408
74,0.30777,90.5,148,"2026-03-28_YIUCB",4.24304141208418,469,NA,NA,NA,NA,NA,NA,NA,NA,NA,NA,NA,NA,NA,185.2,43.586718023,-79.752792828,-0.529101,8.79,229,16,14.1408
75,0.31197,90,149,"2026-03-28_YIUCB",4.24304141208418,470,NA,NA,NA,NA,NA,NA,NA,NA,NA,NA,NA,NA,NA,185.4,43.586760435,-79.752808167,-0.0529101,8.96,231,16,14.1408
76,0.31621,90,149,"2026-03-28_YIUCB",4.24304141208418,470,NA,NA,NA,NA,NA,NA,NA,NA,NA,NA,NA,NA,NA,185.4,43.586791364,-79.752822248,-0.0529101,8.96,231,16,14.1408
77,0.32073,89.5,150,"2026-03-28_YIUCB",4.24304141208418,471,NA,NA,NA,NA,NA,NA,NA,NA,NA,NA,NA,NA,NA,185.6,43.586834783,-79.752836246,0.389568,8.96,231,15,14.1408
78,0.32427,89.5,150,"2026-03-28_YIUCB",4.2322668020992,475,NA,NA,NA,NA,NA,NA,NA,NA,NA,NA,NA,NA,NA,185.6,43.58686194,-79.752848316,0.389568,8.96,231,16,14.1768
79,0.32847,89.5,151,"2026-03-28_YIUCB",4.2322668020992,477,NA,NA,NA,NA,NA,NA,NA,NA,NA,NA,NA,NA,NA,185.8,43.586902927,-79.752851585,0.865758,8.96,231,15,14.1768
80,0.33208,89.5,152,"2026-03-28_YIUCB",4.22261633307998,482,NA,NA,NA,NA,NA,NA,NA,NA,NA,NA,NA,NA,NA,185.8,43.586934276,-79.752855105,0.865758,8.99,230,16,14.2092
81,0.33638,89.5,153,"2026-03-28_YIUCB",4.2322668020992,484,NA,NA,NA,NA,NA,NA,NA,NA,NA,NA,NA,NA,NA,186,43.58697476,-79.752846639,1.79816,8.96,231,15,14.1768
82,0.34068,89.5,154,"2026-03-28_YIUCB",4.22261633307998,490,NA,NA,NA,NA,NA,NA,NA,NA,NA,NA,NA,NA,NA,186.2,43.587009378,-79.752821326,2.26328,8.99,230,16,14.2092
83,0.34504,89.5,155,"2026-03-28_YIUCB",4.22261633307998,495,NA,NA,NA,NA,NA,NA,NA,NA,NA,NA,NA,NA,NA,186.4,43.587038295,-79.752784697,2.25471,8.99,230,15,14.2092
84,0.34954,88.5,155,"2026-03-28_YIUCB",4.21300977418268,502,NA,NA,NA,NA,NA,NA,NA,NA,NA,NA,NA,NA,NA,186.6,43.587064447,-79.752743542,3.22825,9.17,232,15,14.2416
85,0.35396,88.5,156,"2026-03-28_YIUCB",4.20238695579089,511,NA,NA,NA,NA,NA,NA,NA,NA,NA,NA,NA,NA,NA,186.6,43.587088587,-79.752700208,2.75206,9.17,232,15,14.2776
86,0.35821,88.5,156,"2026-03-28_YIUCB",4.19287211740042,517,NA,NA,NA,NA,NA,NA,NA,NA,NA,NA,NA,NA,NA,186.8,43.587110128,-79.752656203,3.22265,9.17,232,15,14.31
87,0.3625,89,156,"2026-03-28_YIUCB",4.18340026773762,524,NA,NA,NA,NA,NA,NA,NA,NA,NA,NA,NA,NA,NA,186.8,43.587127898,-79.75260918,2.78017,9.21,231,15,14.3424
88,0.36701,89,156,"2026-03-28_YIUCB",4.17292605575029,530,NA,NA,NA,NA,NA,NA,NA,NA,NA,NA,NA,NA,NA,187,43.587145584,-79.7525609,3.22363,9.21,231,15,14.3784
89,0.37115,89.5,156,"2026-03-28_YIUCB",4.17292605575029,532,NA,NA,NA,NA,NA,NA,NA,NA,NA,NA,NA,NA,NA,187.2,43.587158408,-79.752513375,3.23053,9.03,229,15,14.3784
90,0.3753,89.5,156,"2026-03-28_YIUCB",4.15420405450316,549,NA,NA,NA,NA,NA,NA,NA,NA,NA,NA,NA,NA,NA,187.2,43.587166706,-79.752462832,3.23053,9.03,229,15,14.4432
91,0.37955,89.5,156,"2026-03-28_YIUCB",4.15420405450316,563,NA,NA,NA,NA,NA,NA,NA,NA,NA,NA,NA,NA,NA,187.4,43.587176345,-79.752413966,3.236,9.03,229,15,14.4432
92,0.38364,89.5,157,"2026-03-28_YIUCB",4.15420405450316,575,NA,NA,NA,NA,NA,NA,NA,NA,NA,NA,NA,NA,NA,187.6,43.587185398,-79.752363507,3.25988,9.03,229,15,14.4432
93,0.38779,89.5,157,"2026-03-28_YIUCB",4.1438753522294,586,NA,NA,NA,NA,NA,NA,NA,NA,NA,NA,NA,NA,NA,187.6,43.587195456,-79.752317658,2.80117,9.07,228,15,14.4792
94,0.39143,89.5,157,"2026-03-28_YIUCB",4.1438753522294,591,NA,NA,NA,NA,NA,NA,NA,NA,NA,NA,NA,NA,NA,187.8,43.587208196,-79.75226921,2.90618,9.07,228,15,14.4792
95,0.39534,89.5,157,"2026-03-28_YIUCB",4.1438753522294,596,NA,NA,NA,NA,NA,NA,NA,NA,NA,NA,NA,NA,NA,188,43.58722144,-79.752227887,3.41768,9.07,228,15,14.4792
96,0.3996,89.5,157,"2026-03-28_YIUCB",4.1438753522294,599,NA,NA,NA,NA,NA,NA,NA,NA,NA,NA,NA,NA,NA,188.2,43.587236108,-79.75217659,3.41658,9.07,228,15,14.4792
97,0.40341,89.5,157,"2026-03-28_YIUCB",4.1438753522294,599,NA,NA,NA,NA,NA,NA,NA,NA,NA,NA,NA,NA,NA,188.4,43.58725547,-79.752137363,3.94151,9.07,228,15,14.4792
98,0.40797,89,157,"2026-03-28_YIUCB",4.1438753522294,598,NA,NA,NA,NA,NA,NA,NA,NA,NA,NA,NA,NA,NA,188.4,43.587271647,-79.752082126,3.49806,9.25,230,15,14.4792
99,0.41229,88.5,158,"2026-03-28_YIUCB",4.1438753522294,595,NA,NA,NA,NA,NA,NA,NA,NA,NA,NA,NA,NA,NA,188.4,43.587289166,-79.752037199,3.01496,9.25,230,15,14.4792
100,0.41683,88.5,158,"2026-03-28_YIUCB",4.13462333581411,592,NA,NA,NA,NA,NA,NA,NA,NA,NA,NA,NA,NA,NA,188.4,43.587297212,-79.751978107,3.01496,9.25,230,15,14.5116
101,0.42147,88.5,159,"2026-03-28_YIUCB",4.13462333581411,585,NA,NA,NA,NA,NA,NA,NA,NA,NA,NA,NA,NA,NA,188.4,43.587308695,-79.75192924,2.54438,9.25,230,15,14.5116
102,0.42584,88.5,158,"2026-03-28_YIUCB",4.11522633744856,582,NA,NA,NA,NA,NA,NA,NA,NA,NA,NA,NA,NA,NA,188.4,43.587314311,-79.751870483,2.05538,9.25,230,15,14.58
103,0.42962,88.5,158,"2026-03-28_YIUCB",4.10610166707728,576,NA,NA,NA,NA,NA,NA,NA,NA,NA,NA,NA,NA,NA,188.4,43.587318167,-79.751828574,2.05538,9.28,229,15,14.6124
104,0.43411,89,159,"2026-03-28_YIUCB",4.10610166707728,568,NA,NA,NA,NA,NA,NA,NA,NA,NA,NA,NA,NA,NA,188.6,43.587304504,-79.751770822,1.95136,9.28,229,15,14.6124
105,0.43779,89.5,159,"2026-03-28_YIUCB",4.09701737135365,561,NA,NA,NA,NA,NA,NA,NA,NA,NA,NA,NA,NA,NA,188.6,43.587298805,-79.751730002,1.43985,9.11,227,15,14.6448
106,0.44233,89.5,160,"2026-03-28_YIUCB",4.10610166707728,549,NA,NA,NA,NA,NA,NA,NA,NA,NA,NA,NA,NA,NA,188.6,43.587279862,-79.751673257,0.970369,9.11,227,15,14.6124
107,0.44606,89.5,160,"2026-03-28_YIUCB",4.08697073728952,544,NA,NA,NA,NA,NA,NA,NA,NA,NA,NA,NA,NA,NA,188.6,43.587274832,-79.751632605,0.445434,9.11,227,15,14.6808
108,0.45035,88.5,160,"2026-03-28_YIUCB",4.09701737135365,537,NA,NA,NA,NA,NA,NA,NA,NA,NA,NA,NA,NA,NA,188.6,43.587258739,-79.75157829,0.445434,9.29,229,15,14.6448
109,0.45406,88.5,160,"2026-03-28_YIUCB",4.08697073728952,532,NA,NA,NA,NA,NA,NA,NA,NA,NA,NA,NA,NA,NA,188.4,43.58725019,-79.751535458,-0.0936493,9.29,229,15,14.6808
110,0.45875,88.5,159,"2026-03-28_YIUCB",4.09701737135365,525,NA,NA,NA,NA,NA,NA,NA,NA,NA,NA,NA,NA,NA,188.4,43.587242646,-79.751476366,-0.0936493,9.29,229,15,14.6448
111,0.46239,89,159,"2026-03-28_YIUCB",4.08697073728952,519,NA,NA,NA,NA,NA,NA,NA,NA,NA,NA,NA,NA,NA,188.4,43.587239796,-79.75143387,-0.0936493,9.29,229,15,14.6808
112,0.46649,89,159,"2026-03-28_YIUCB",4.09701737135365,513,NA,NA,NA,NA,NA,NA,NA,NA,NA,NA,NA,NA,NA,188.4,43.58724164,-79.751381399,-0.0936493,9.29,229,15,14.6448
113,0.4702,88.5,160,"2026-03-28_YIUCB",4.09701737135365,509,NA,NA,NA,NA,NA,NA,NA,NA,NA,NA,NA,NA,NA,188.4,43.587241221,-79.751335131,-0.0936493,9.29,229,15,14.6448
114,0.47428,88.5,162,"2026-03-28_YIUCB",4.09701737135365,507,NA,NA,NA,NA,NA,NA,NA,NA,NA,NA,NA,NA,NA,188.4,43.587246083,-79.751282241,-0.539084,9.29,229,15,14.6448
115,0.47828,88.5,162,"2026-03-28_YIUCB",4.10610166707728,504,NA,NA,NA,NA,NA,NA,NA,NA,NA,NA,NA,NA,NA,188.4,43.58725086,-79.751234464,-0.539084,9.28,229,15,14.6124
116,0.48239,88.5,163,"2026-03-28_YIUCB",4.10610166707728,502,NA,NA,NA,NA,NA,NA,NA,NA,NA,NA,NA,NA,NA,188.4,43.587254967,-79.751184089,-0.539084,9.28,229,15,14.6124
117,0.48587,88.5,163,"2026-03-28_YIUCB",4.10610166707728,501,NA,NA,NA,NA,NA,NA,NA,NA,NA,NA,NA,NA,NA,188.4,43.587263852,-79.751142263,-0.539084,9.28,229,15,14.6124
118,0.48943,88.5,164,"2026-03-28_YIUCB",4.10610166707728,499,NA,NA,NA,NA,NA,NA,NA,NA,NA,NA,NA,NA,NA,188.4,43.587275671,-79.751098594,-0.539084,9.28,229,15,14.6124
119,0.49303,89.5,163,"2026-03-28_YIUCB",4.11522633744856,496,NA,NA,NA,NA,NA,NA,NA,NA,NA,NA,NA,NA,NA,188.4,43.587288411,-79.751056265,0,9.07,228,15,14.58
120,0.49689,89.5,163,"2026-03-28_YIUCB",4.13462333581411,493,NA,NA,NA,NA,NA,NA,NA,NA,NA,NA,NA,NA,NA,188.4,43.587302996,-79.751013936,0,9.07,228,15,14.5116
121,0.50083,88.5,162,"2026-03-28_YIUCB",4.1438753522294,492,NA,NA,NA,NA,NA,NA,NA,NA,NA,NA,NA,NA,NA,188.4,43.587318502,-79.750969428,0,9.25,230,15,14.4792
122,0.50464,88.5,162,"2026-03-28_YIUCB",4.15420405450316,491,NA,NA,NA,NA,NA,NA,NA,NA,NA,NA,NA,NA,NA,188.4,43.587336942,-79.75092995,0,9.21,231,15,14.4432
123,0.5086,88.5,161,"2026-03-28_YIUCB",4.15420405450316,489,NA,NA,NA,NA,NA,NA,NA,NA,NA,NA,NA,NA,NA,188.4,43.5873584,-79.750888292,0,9.21,231,15,14.4432
124,0.5115,88.5,161,"2026-03-28_YIUCB",4.16354400866017,486,NA,NA,NA,NA,NA,NA,NA,NA,NA,NA,NA,NA,NA,188.4,43.587372733,-79.750858117,0,9.21,231,15,14.4108
125,0.51532,88.5,161,"2026-03-28_YIUCB",4.16354400866017,483,NA,NA,NA,NA,NA,NA,NA,NA,NA,NA,NA,NA,NA,188.4,43.587399136,-79.750821153,0,9.21,231,15,14.4108
126,0.51846,88.5,162,"2026-03-28_YIUCB",4.17292605575029,479,NA,NA,NA,NA,NA,NA,NA,NA,NA,NA,NA,NA,NA,188.4,43.587424366,-79.750805311,0,9.21,231,15,14.3784
127,0.52226,88.5,162,"2026-03-28_YIUCB",4.18340026773762,474,NA,NA,NA,NA,NA,NA,NA,NA,NA,NA,NA,NA,NA,188.4,43.587459402,-79.750777315,0,9.21,231,15,14.3424
128,0.52552,88.5,162,"2026-03-28_YIUCB",4.20238695579089,470,NA,NA,NA,NA,NA,NA,NA,NA,NA,NA,NA,NA,NA,188.2,43.58748262,-79.750762395,-0.613497,9.17,232,15,14.2776
129,0.52964,89,161,"2026-03-28_YIUCB",4.21300977418268,467,NA,NA,NA,NA,NA,NA,NA,NA,NA,NA,NA,NA,NA,188.2,43.587517824,-79.750733897,-0.613497,9.17,232,15,14.2416
130,0.53318,89,161,"2026-03-28_YIUCB",4.2322668020992,464,NA,NA,NA,NA,NA,NA,NA,NA,NA,NA,NA,NA,NA,188.2,43.587544059,-79.750718893,-0.613497,9.14,233,15,14.1768
131,0.53751,88.5,161,"2026-03-28_YIUCB",4.24304141208418,462,NA,NA,NA,NA,NA,NA,NA,NA,NA,NA,NA,NA,NA,188.2,43.587580688,-79.750693245,-0.613497,9.14,233,15,14.1408
132,0.54122,88.5,161,"2026-03-28_YIUCB",4.24304141208418,460,NA,NA,NA,NA,NA,NA,NA,NA,NA,NA,NA,NA,NA,188.2,43.587611198,-79.750680169,-0.613497,9.14,233,15,14.1408
133,0.54525,88.5,162,"2026-03-28_YIUCB",4.25278557455133,457,NA,NA,NA,NA,NA,NA,NA,NA,NA,NA,NA,NA,NA,188,43.587645899,-79.750656951,-1.10977,9.13,233,15,14.1084
134,0.54893,88.5,164,"2026-03-28_YIUCB",4.26257459505541,454,NA,NA,NA,NA,NA,NA,NA,NA,NA,NA,NA,NA,NA,188,43.587676745,-79.750643959,-1.10977,9.13,233,15,14.076
135,0.55279,88.5,166,"2026-03-28_YIUCB",4.26257459505541,453,NA,NA,NA,NA,NA,NA,NA,NA,NA,NA,NA,NA,NA,188,43.587712368,-79.750629291,-1.10977,9.13,233,15,14.076
136,0.55685,89,167,"2026-03-28_YIUCB",4.27350427350427,451,NA,NA,NA,NA,NA,NA,NA,NA,NA,NA,NA,NA,NA,188,43.587747153,-79.750620071,-1.10977,9.1,234,15,14.04
137,0.56074,89,168,"2026-03-28_YIUCB",4.27350427350427,451,NA,NA,NA,NA,NA,NA,NA,NA,NA,NA,NA,NA,NA,188,43.587783027,-79.750614455,-1.10977,9.1,234,15,14.04
138,0.56453,89,169,"2026-03-28_YIUCB",4.27350427350427,451,NA,NA,NA,NA,NA,NA,NA,NA,NA,NA,NA,NA,NA,188,43.587815465,-79.75060951,-0.496278,9.1,234,15,14.04
139,0.56802,88.5,169,"2026-03-28_YIUCB",4.27350427350427,452,NA,NA,NA,NA,NA,NA,NA,NA,NA,NA,NA,NA,NA,188,43.587849244,-79.750606073,-0.496278,9.1,234,15,14.04
140,0.57209,88.5,169,"2026-03-28_YIUCB",4.28338901739056,451,NA,NA,NA,NA,NA,NA,NA,NA,NA,NA,NA,NA,NA,188,43.587887047,-79.750606492,-0.496278,9.1,234,15,14.0076
141,0.5761,88,169,"2026-03-28_YIUCB",4.29331959471063,451,NA,NA,NA,NA,NA,NA,NA,NA,NA,NA,NA,NA,NA,187.8,43.58792049,-79.750614287,-0.995031,9.28,236,15,13.9752
142,0.58003,87.5,169,"2026-03-28_YIUCB",4.29331959471063,450,NA,NA,NA,NA,NA,NA,NA,NA,NA,NA,NA,NA,NA,187.8,43.587956365,-79.750628788,-0.995031,9.28,236,15,13.9752
143,0.5837,87.5,169,"2026-03-28_YIUCB",4.29331959471063,449,NA,NA,NA,NA,NA,NA,NA,NA,NA,NA,NA,NA,NA,187.8,43.587985199,-79.750649659,-0.498753,9.28,236,15,13.9752
144,0.58783,87.5,169,"2026-03-28_YIUCB",4.29331959471063,448,NA,NA,NA,NA,NA,NA,NA,NA,NA,NA,NA,NA,NA,187.6,43.588017385,-79.750679834,-0.983015,9.28,236,15,13.9752
145,0.59117,87.5,169,"2026-03-28_YIUCB",4.29331959471063,449,NA,NA,NA,NA,NA,NA,NA,NA,NA,NA,NA,NA,NA,187.6,43.58803373,-79.750708584,-0.983015,9.28,236,15,13.9752
146,0.59503,87.5,169,"2026-03-28_YIUCB",4.30440771349862,448,NA,NA,NA,NA,NA,NA,NA,NA,NA,NA,NA,NA,NA,187.6,43.588060468,-79.750746386,-0.983015,9.24,237,15,13.9392
147,0.59843,89,169,"2026-03-28_YIUCB",4.32451133021969,445,NA,NA,NA,NA,NA,NA,NA,NA,NA,NA,NA,NA,NA,187.8,43.588075723,-79.750777315,-0.394779,9.06,235,15,13.8744
148,0.60255,89,169,"2026-03-28_YIUCB",4.32451133021969,446,NA,NA,NA,NA,NA,NA,NA,NA,NA,NA,NA,NA,NA,188,43.588102042,-79.750820566,0.0906576,9.06,235,15,13.8744
149,0.6061,88,169,"2026-03-28_YIUCB",4.33576135969476,448,NA,NA,NA,NA,NA,NA,NA,NA,NA,NA,NA,NA,NA,188.2,43.588113274,-79.750857111,0.654038,9.24,237,15,13.8384
150,0.61003,88,168,"2026-03-28_YIUCB",4.34593654932638,450,NA,NA,NA,NA,NA,NA,NA,NA,NA,NA,NA,NA,NA,188.6,43.588133056,-79.750902122,1.67185,9.2,238,15,13.806
151,0.6134,88,168,"2026-03-28_YIUCB",4.34593654932638,453,NA,NA,NA,NA,NA,NA,NA,NA,NA,NA,NA,NA,NA,188.8,43.58813909,-79.750938415,2.76407,9.2,238,15,13.806
152,0.61722,88,167,"2026-03-28_YIUCB",4.3561596096881,456,NA,NA,NA,NA,NA,NA,NA,NA,NA,NA,NA,NA,NA,189.2,43.588157195,-79.750984097,3.81119,9.2,238,15,13.7736
153,0.62053,88.5,166,"2026-03-28_YIUCB",4.37790035898783,458,NA,NA,NA,NA,NA,NA,NA,NA,NA,NA,NA,NA,NA,189.4,43.58816717,-79.751017792,4.41542,9.02,236,15,13.7052
154,0.62439,90,165,"2026-03-28_YIUCB",4.37790035898783,464,NA,NA,NA,NA,NA,NA,NA,NA,NA,NA,NA,NA,NA,189.6,43.588189047,-79.751061713,5.41782,8.84,234,15,13.7052
155,0.62785,90,164,"2026-03-28_YIUCB",4.39985920450546,468,NA,NA,NA,NA,NA,NA,NA,NA,NA,NA,NA,NA,NA,189.8,43.588206481,-79.75109214,5.99586,8.81,235,15,13.6368
156,0.63217,88.5,164,"2026-03-28_YIUCB",4.39985920450546,475,NA,NA,NA,NA,NA,NA,NA,NA,NA,NA,NA,NA,NA,189.8,43.588228106,-79.751140419,5.99586,8.98,237,15,13.6368
157,0.63576,88.5,163,"2026-03-28_YIUCB",4.39985920450546,481,NA,NA,NA,NA,NA,NA,NA,NA,NA,NA,NA,NA,NA,190,43.588239338,-79.751178557,5.96472,8.98,237,15,13.6368
158,0.63984,89.5,163,"2026-03-28_YIUCB",4.41033783187792,485,NA,NA,NA,NA,NA,NA,NA,NA,NA,NA,NA,NA,NA,190.2,43.588259455,-79.751224071,5.96948,8.81,235,15,13.6044
159,0.64339,89.5,163,"2026-03-28_YIUCB",4.39985920450546,492,NA,NA,NA,NA,NA,NA,NA,NA,NA,NA,NA,NA,NA,190.4,43.588276721,-79.751258017,5.96948,8.81,235,15,13.6368
160,0.64731,89,163,"2026-03-28_YIUCB",4.41033783187792,497,NA,NA,NA,NA,NA,NA,NA,NA,NA,NA,NA,NA,NA,190.4,43.58830237,-79.751297831,4.95167,8.98,237,15,13.6044
161,0.65112,89,163,"2026-03-28_YIUCB",4.41033783187792,503,NA,NA,NA,NA,NA,NA,NA,NA,NA,NA,NA,NA,NA,190.4,43.588323409,-79.751333957,4.3582,8.98,237,15,13.6044
162,0.65553,89,164,"2026-03-28_YIUCB",4.41033783187792,520,NA,NA,NA,NA,NA,NA,NA,NA,NA,NA,NA,NA,NA,190.4,43.588349979,-79.751375196,3.31108,8.98,237,14,13.6044
163,0.6592,89.5,165,"2026-03-28_YIUCB",4.41033783187792,533,NA,NA,NA,NA,NA,NA,NA,NA,NA,NA,NA,NA,NA,190.4,43.588368838,-79.751410903,2.70685,8.81,235,15,13.6044
164,0.66303,89.5,165,"2026-03-28_YIUCB",4.39985920450546,548,NA,NA,NA,NA,NA,NA,NA,NA,NA,NA,NA,NA,NA,190.6,43.588389206,-79.751451723,2.71091,8.81,235,14,13.6368
165,0.66648,89.5,166,"2026-03-28_YIUCB",4.39985920450546,559,NA,NA,NA,NA,NA,NA,NA,NA,NA,NA,NA,NA,NA,190.8,43.588398678,-79.751492375,2.71258,8.81,235,14,13.6368
166,0.67069,89.5,166,"2026-03-28_YIUCB",4.39985920450546,564,NA,NA,NA,NA,NA,NA,NA,NA,NA,NA,NA,NA,NA,191,43.588408569,-79.751544427,3.18764,8.81,235,14,13.6368
167,0.6743,89.5,166,"2026-03-28_YIUCB",4.41033783187792,562,NA,NA,NA,NA,NA,NA,NA,NA,NA,NA,NA,NA,NA,191,43.588410748,-79.751589019,2.63054,8.81,235,14,13.6044
168,0.67804,89.5,165,"2026-03-28_YIUCB",4.41033783187792,562,NA,NA,NA,NA,NA,NA,NA,NA,NA,NA,NA,NA,NA,191,43.588413011,-79.751635371,2.14034,8.81,235,14,13.6044
169,0.68194,89.5,165,"2026-03-28_YIUCB",4.41033783187792,564,NA,NA,NA,NA,NA,NA,NA,NA,NA,NA,NA,NA,NA,191,43.588414604,-79.751682645,1.57696,8.81,235,14,13.6044
170,0.68551,89.5,164,"2026-03-28_YIUCB",4.42086648983201,565,NA,NA,NA,NA,NA,NA,NA,NA,NA,NA,NA,NA,NA,191,43.588409491,-79.751727823,1.57696,8.81,235,14,13.572
171,0.68892,89.5,164,"2026-03-28_YIUCB",4.42086648983201,570,NA,NA,NA,NA,NA,NA,NA,NA,NA,NA,NA,NA,NA,191.2,43.588404881,-79.751769816,2.16347,8.81,235,14,13.572
172,0.69256,89.5,164,"2026-03-28_YIUCB",4.43262411347518,573,NA,NA,NA,NA,NA,NA,NA,NA,NA,NA,NA,NA,NA,191.4,43.588396415,-79.751812648,2.71292,8.8,235,14,13.536
173,0.69597,89.5,165,"2026-03-28_YIUCB",4.44325957522438,579,NA,NA,NA,NA,NA,NA,NA,NA,NA,NA,NA,NA,NA,191.8,43.588388452,-79.751856401,3.88594,8.77,236,14,13.5036
174,0.69977,89.5,166,"2026-03-28_YIUCB",4.45394619632995,588,NA,NA,NA,NA,NA,NA,NA,NA,NA,NA,NA,NA,NA,192.2,43.588378561,-79.75190158,4.41638,8.77,236,14,13.4712
175,0.70355,89.5,166,"2026-03-28_YIUCB",4.476676515355,599,NA,NA,NA,NA,NA,NA,NA,NA,NA,NA,NA,NA,NA,192.8,43.588368671,-79.751947932,5.42397,8.76,236,14,13.4028
176,0.70751,89.5,167,"2026-03-28_YIUCB",4.476676515355,611,NA,NA,NA,NA,NA,NA,NA,NA,NA,NA,NA,NA,NA,193,43.58836054,-79.751994284,5.45397,8.76,236,14,13.4028
177,0.7114,89.5,167,"2026-03-28_YIUCB",4.476676515355,617,NA,NA,NA,NA,NA,NA,NA,NA,NA,NA,NA,NA,NA,193.2,43.588353667,-79.752043821,5.9681,8.76,236,14,13.4028
178,0.71514,89.5,167,"2026-03-28_YIUCB",4.476676515355,619,NA,NA,NA,NA,NA,NA,NA,NA,NA,NA,NA,NA,NA,193.2,43.588344782,-79.752086988,5.9681,8.76,236,14,13.4028
179,0.71864,89.5,166,"2026-03-28_YIUCB",4.476676515355,618,NA,NA,NA,NA,NA,NA,NA,NA,NA,NA,NA,NA,NA,193.4,43.588346207,-79.752135603,6.53953,8.76,236,14,13.4028
180,0.72293,89.5,166,"2026-03-28_YIUCB",4.476676515355,613,NA,NA,NA,NA,NA,NA,NA,NA,NA,NA,NA,NA,NA,193.4,43.588345788,-79.752185307,6.53953,8.76,236,14,13.4028
181,0.72712,89.5,166,"2026-03-28_YIUCB",4.476676515355,602,NA,NA,NA,NA,NA,NA,NA,NA,NA,NA,NA,NA,NA,193.4,43.588357523,-79.752240209,5.95302,8.76,236,14,13.4028
182,0.7314,89,166,"2026-03-28_YIUCB",4.46588067166845,590,NA,NA,NA,NA,NA,NA,NA,NA,NA,NA,NA,NA,NA,193.2,43.588366408,-79.752286058,4.93628,8.94,238,14,13.4352
183,0.73567,89.5,167,"2026-03-28_YIUCB",4.45394619632995,576,NA,NA,NA,NA,NA,NA,NA,NA,NA,NA,NA,NA,NA,193.2,43.588389542,-79.752333667,3.76326,8.77,236,14,13.4712
184,0.73936,89,167,"2026-03-28_YIUCB",4.43262411347518,566,NA,NA,NA,NA,NA,NA,NA,NA,NA,NA,NA,NA,NA,193.2,43.588405216,-79.752369625,2.71063,8.98,237,14,13.536
185,0.74382,89.5,168,"2026-03-28_YIUCB",4.43262411347518,552,NA,NA,NA,NA,NA,NA,NA,NA,NA,NA,NA,NA,NA,193.2,43.588438827,-79.752406087,1.12333,8.8,235,14,13.536
186,0.74745,88.5,168,"2026-03-28_YIUCB",4.42086648983201,541,NA,NA,NA,NA,NA,NA,NA,NA,NA,NA,NA,NA,NA,193.2,43.588459112,-79.752435256,0.618278,8.98,237,14,13.572
187,0.75156,88.5,168,"2026-03-28_YIUCB",4.41033783187792,530,NA,NA,NA,NA,NA,NA,NA,NA,NA,NA,NA,NA,NA,193.4,43.588492555,-79.752467107,0.590757,8.98,237,14,13.6044
188,0.75548,88,168,"2026-03-28_YIUCB",4.41033783187792,519,NA,NA,NA,NA,NA,NA,NA,NA,NA,NA,NA,NA,NA,193.4,43.588515689,-79.752499461,0.590757,9.16,239,14,13.6044
189,0.7598,88,168,"2026-03-28_YIUCB",4.39985920450546,510,NA,NA,NA,NA,NA,NA,NA,NA,NA,NA,NA,NA,NA,193.4,43.588547541,-79.752536006,0.0193283,9.16,239,14,13.6368
190,0.7635,88,168,"2026-03-28_YIUCB",4.39985920450546,499,NA,NA,NA,NA,NA,NA,NA,NA,NA,NA,NA,NA,NA,193.4,43.588569334,-79.752566852,0.0193283,9.16,239,14,13.6368
191,0.76755,87.5,167,"2026-03-28_YIUCB",4.38827453045463,491,NA,NA,NA,NA,NA,NA,NA,NA,NA,NA,NA,NA,NA,193.2,43.588596575,-79.752602894,-0.474499,9.16,239,14,13.6728
192,0.77102,87.5,167,"2026-03-28_YIUCB",4.37790035898783,488,NA,NA,NA,NA,NA,NA,NA,NA,NA,NA,NA,NA,NA,193.2,43.58861644,-79.752635751,0,9.2,238,14,13.7052
193,0.77468,88,166,"2026-03-28_YIUCB",4.38827453045463,485,NA,NA,NA,NA,NA,NA,NA,NA,NA,NA,NA,NA,NA,193.2,43.588633371,-79.752676403,0,9.16,239,14,13.6728
194,0.77822,88,166,"2026-03-28_YIUCB",4.38827453045463,485,NA,NA,NA,NA,NA,NA,NA,NA,NA,NA,NA,NA,NA,193.2,43.588647704,-79.752718564,0,9.16,239,14,13.6728
195,0.78265,88.5,165,"2026-03-28_YIUCB",4.38827453045463,482,NA,NA,NA,NA,NA,NA,NA,NA,NA,NA,NA,NA,NA,193.2,43.588659774,-79.752767598,0,9.02,236,14,13.6728
196,0.78652,88,164,"2026-03-28_YIUCB",4.38827453045463,482,NA,NA,NA,NA,NA,NA,NA,NA,NA,NA,NA,NA,NA,193.4,43.588671341,-79.752814956,0.509587,9.16,239,14,13.6728
197,0.79033,88.5,163,"2026-03-28_YIUCB",4.37790035898783,478,NA,NA,NA,NA,NA,NA,NA,NA,NA,NA,NA,NA,NA,193.4,43.588681819,-79.752858374,0.0229687,9.02,236,14,13.7052
198,0.79433,88.5,162,"2026-03-28_YIUCB",4.37790035898783,472,NA,NA,NA,NA,NA,NA,NA,NA,NA,NA,NA,NA,NA,193.4,43.588698918,-79.752903804,0.0229687,9.02,236,14,13.7052
199,0.79805,88.5,161,"2026-03-28_YIUCB",4.37790035898783,464,NA,NA,NA,NA,NA,NA,NA,NA,NA,NA,NA,NA,NA,193.4,43.588712496,-79.752943199,0.0229687,9.02,236,14,13.7052
200,0.80212,88.5,161,"2026-03-28_YIUCB",4.37790035898783,459,NA,NA,NA,NA,NA,NA,NA,NA,NA,NA,NA,NA,NA,193.4,43.588735547,-79.752985947,0.0229687,9.02,236,14,13.7052
201,0.80572,88.5,160,"2026-03-28_YIUCB",4.37790035898783,457,NA,NA,NA,NA,NA,NA,NA,NA,NA,NA,NA,NA,NA,193.4,43.588751389,-79.753020313,0.516796,9.02,236,14,13.7052
202,0.80958,89.5,160,"2026-03-28_YIUCB",4.37790035898783,455,NA,NA,NA,NA,NA,NA,NA,NA,NA,NA,NA,NA,NA,193.4,43.588780809,-79.753054343,0.516796,8.84,234,14,13.7052
203,0.81338,89.5,160,"2026-03-28_YIUCB",4.37790035898783,455,NA,NA,NA,NA,NA,NA,NA,NA,NA,NA,NA,NA,NA,193.4,43.588802937,-79.753085272,0.516796,8.84,234,14,13.7052
204,0.81768,89.5,160,"2026-03-28_YIUCB",4.37790035898783,453,NA,NA,NA,NA,NA,NA,NA,NA,NA,NA,NA,NA,NA,193.6,43.588835375,-79.753121901,0.981912,8.84,234,14,13.7052
205,0.82177,89.5,161,"2026-03-28_YIUCB",4.37790035898783,449,NA,NA,NA,NA,NA,NA,NA,NA,NA,NA,NA,NA,NA,193.6,43.588861778,-79.753154004,0.981912,8.84,234,14,13.7052
206,0.82666,89,161,"2026-03-28_YIUCB",4.3675751222921,452,NA,NA,NA,NA,NA,NA,NA,NA,NA,NA,NA,NA,NA,193.6,43.588894551,-79.753197674,0.465116,9.02,236,14,13.7376
207,0.83094,88.5,161,"2026-03-28_YIUCB",4.3561596096881,456,NA,NA,NA,NA,NA,NA,NA,NA,NA,NA,NA,NA,NA,193.6,43.588914752,-79.753234303,0.465116,9.02,236,14,13.7736
208,0.83487,88.5,162,"2026-03-28_YIUCB",4.3561596096881,456,NA,NA,NA,NA,NA,NA,NA,NA,NA,NA,NA,NA,NA,193.6,43.588942999,-79.753270596,0.465116,9.02,236,14,13.7736
209,0.83804,88.5,162,"2026-03-28_YIUCB",4.33576135969476,459,NA,NA,NA,NA,NA,NA,NA,NA,NA,NA,NA,NA,NA,193.8,43.588959595,-79.753298005,1.09603,9.06,235,14,13.8384
210,0.84221,89,163,"2026-03-28_YIUCB",4.32451133021969,460,NA,NA,NA,NA,NA,NA,NA,NA,NA,NA,NA,NA,NA,193.8,43.588989435,-79.753336729,1.09603,9.06,235,14,13.8744
211,0.84592,89.5,163,"2026-03-28_YIUCB",4.32451133021969,460,NA,NA,NA,NA,NA,NA,NA,NA,NA,NA,NA,NA,NA,193.8,43.589009886,-79.753368245,1.09603,9.06,235,14,13.8744
212,0.85006,89.5,164,"2026-03-28_YIUCB",4.32451133021969,461,NA,NA,NA,NA,NA,NA,NA,NA,NA,NA,NA,NA,NA,193.8,43.589038217,-79.753410071,1.09603,9.06,235,14,13.8744
213,0.85418,89,164,"2026-03-28_YIUCB",4.31443610320131,464,NA,NA,NA,NA,NA,NA,NA,NA,NA,NA,NA,NA,NA,194,43.589056909,-79.753445862,1.58147,9.06,235,14,13.9068
214,0.85805,88.5,165,"2026-03-28_YIUCB",4.31443610320131,464,NA,NA,NA,NA,NA,NA,NA,NA,NA,NA,NA,NA,NA,194,43.589085324,-79.753483413,1.11635,9.06,235,14,13.9068
215,0.86186,89,165,"2026-03-28_YIUCB",4.30440771349862,467,NA,NA,NA,NA,NA,NA,NA,NA,NA,NA,NA,NA,NA,194.2,43.589104099,-79.753517192,1.64129,9.09,234,14,13.9392
216,0.86592,89.5,165,"2026-03-28_YIUCB",4.30440771349862,467,NA,NA,NA,NA,NA,NA,NA,NA,NA,NA,NA,NA,NA,194.2,43.58912958,-79.753556754,1.64129,8.92,232,14,13.9392
217,0.86956,89.5,165,"2026-03-28_YIUCB",4.30440771349862,468,NA,NA,NA,NA,NA,NA,NA,NA,NA,NA,NA,NA,NA,194.2,43.589148607,-79.753588773,1.64129,8.92,232,14,13.9392
218,0.87369,89.5,165,"2026-03-28_YIUCB",4.30440771349862,470,NA,NA,NA,NA,NA,NA,NA,NA,NA,NA,NA,NA,NA,194.2,43.589180542,-79.753623642,1.64129,8.92,232,14,13.9392
219,0.87717,90,165,"2026-03-28_YIUCB",4.30440771349862,471,NA,NA,NA,NA,NA,NA,NA,NA,NA,NA,NA,NA,NA,194.2,43.589198731,-79.753651805,1.01037,8.92,232,14,13.9392
220,0.88126,89.5,165,"2026-03-28_YIUCB",4.30440771349862,472,NA,NA,NA,NA,NA,NA,NA,NA,NA,NA,NA,NA,NA,194.4,43.589230079,-79.753688015,1.49937,8.92,232,14,13.9392
221,0.88497,90.5,165,"2026-03-28_YIUCB",4.30440771349862,472,NA,NA,NA,NA,NA,NA,NA,NA,NA,NA,NA,NA,NA,194.4,43.589251369,-79.753718106,1.49937,8.75,230,14,13.9392
222,0.88927,90.5,165,"2026-03-28_YIUCB",4.31443610320131,472,NA,NA,NA,NA,NA,NA,NA,NA,NA,NA,NA,NA,NA,194.4,43.589284478,-79.75375331,1.49937,8.72,231,14,13.9068
223,0.89298,90.5,165,"2026-03-28_YIUCB",4.30440771349862,474,NA,NA,NA,NA,NA,NA,NA,NA,NA,NA,NA,NA,NA,194.4,43.589302247,-79.753787257,1.01393,8.75,230,14,13.9392
224,0.89722,90.5,165,"2026-03-28_YIUCB",4.30440771349862,475,NA,NA,NA,NA,NA,NA,NA,NA,NA,NA,NA,NA,NA,194.6,43.589330746,-79.753828579,1.48563,8.75,230,14,13.9392
225,0.90097,90.5,165,"2026-03-28_YIUCB",4.30440771349862,478,NA,NA,NA,NA,NA,NA,NA,NA,NA,NA,NA,NA,NA,194.8,43.589347593,-79.753862778,1.49403,8.92,232,14,13.9392
226,0.90503,90.5,166,"2026-03-28_YIUCB",4.30440771349862,480,NA,NA,NA,NA,NA,NA,NA,NA,NA,NA,NA,NA,NA,195,43.589371733,-79.753907788,1.98664,8.75,230,14,13.9392
227,0.90867,90,165,"2026-03-28_YIUCB",4.29331959471063,487,NA,NA,NA,NA,NA,NA,NA,NA,NA,NA,NA,NA,NA,195.2,43.589385563,-79.753943412,2.53609,8.92,232,14,13.9752
228,0.91285,90,165,"2026-03-28_YIUCB",4.30440771349862,489,NA,NA,NA,NA,NA,NA,NA,NA,NA,NA,NA,NA,NA,195.4,43.589409033,-79.753989261,3.01456,8.92,232,14,13.9392
229,0.9167,89.5,164,"2026-03-28_YIUCB",4.29331959471063,494,NA,NA,NA,NA,NA,NA,NA,NA,NA,NA,NA,NA,NA,195.4,43.589425964,-79.754028069,3.01456,8.92,232,14,13.9752
230,0.92044,89.5,164,"2026-03-28_YIUCB",4.29331959471063,498,NA,NA,NA,NA,NA,NA,NA,NA,NA,NA,NA,NA,NA,195.4,43.589437866,-79.754073666,2.52556,9.1,234,13,13.9752
231,0.92423,89,163,"2026-03-28_YIUCB",4.29331959471063,499,NA,NA,NA,NA,NA,NA,NA,NA,NA,NA,NA,NA,NA,195.2,43.589451948,-79.754121946,1.99786,9.1,234,13,13.9752
232,0.92795,89,163,"2026-03-28_YIUCB",4.29331959471063,499,NA,NA,NA,NA,NA,NA,NA,NA,NA,NA,NA,NA,NA,195,43.589453038,-79.754164694,1.46022,9.1,234,14,13.9752
233,0.93165,87.5,164,"2026-03-28_YIUCB",4.30440771349862,496,NA,NA,NA,NA,NA,NA,NA,NA,NA,NA,NA,NA,NA,194.8,43.589443147,-79.754215907,0.919682,9.24,237,13,13.9392
234,0.93548,87,164,"2026-03-28_YIUCB",4.30440771349862,492,NA,NA,NA,NA,NA,NA,NA,NA,NA,NA,NA,NA,NA,194.6,43.58942982,-79.754256224,-0.074209,9.43,239,13,13.9392
235,0.93984,87,164,"2026-03-28_YIUCB",4.31443610320131,487,NA,NA,NA,NA,NA,NA,NA,NA,NA,NA,NA,NA,NA,194.4,43.589415654,-79.754309952,-1.06626,9.43,239,13,13.9068
236,0.94373,86,164,"2026-03-28_YIUCB",4.31443610320131,486,NA,NA,NA,NA,NA,NA,NA,NA,NA,NA,NA,NA,NA,194.4,43.589400567,-79.754347671,-1.55887,9.62,241,14,13.9068
237,0.94783,86,163,"2026-03-28_YIUCB",4.30440771349862,485,NA,NA,NA,NA,NA,NA,NA,NA,NA,NA,NA,NA,NA,194.2,43.589385982,-79.754399052,-2.59612,9.63,241,13,13.9392
238,0.95149,86.5,163,"2026-03-28_YIUCB",4.30440771349862,481,NA,NA,NA,NA,NA,NA,NA,NA,NA,NA,NA,NA,NA,194.4,43.589372152,-79.754438782,-2.52815,9.43,239,14,13.9392
239,0.95407,87,163,"2026-03-28_YIUCB",4.30440771349862,481,NA,NA,NA,NA,NA,NA,NA,NA,NA,NA,NA,NA,NA,194.4,43.58934927,-79.754461329,-2.52815,9.43,239,13,13.9392
240,0.95726,87.5,163,"2026-03-28_YIUCB",4.30440771349862,479,NA,NA,NA,NA,NA,NA,NA,NA,NA,NA,NA,NA,NA,194.6,43.589322112,-79.754469376,-1.90119,9.24,237,13,13.9392
241,0.96084,89,162,"2026-03-28_YIUCB",4.30440771349862,478,NA,NA,NA,NA,NA,NA,NA,NA,NA,NA,NA,NA,NA,194.8,43.589284897,-79.754465688,-0.814822,9.09,234,14,13.9392
242,0.96436,89,162,"2026-03-28_YIUCB",4.32451133021969,477,NA,NA,NA,NA,NA,NA,NA,NA,NA,NA,NA,NA,NA,195,43.589255811,-79.754458312,0.290994,9.06,235,13,13.8744
243,0.96795,89,162,"2026-03-28_YIUCB",4.3561596096881,476,NA,NA,NA,NA,NA,NA,NA,NA,NA,NA,NA,NA,NA,195.2,43.589219434,-79.754453953,1.38864,9.02,236,13,13.7736
244,0.97122,88.5,162,"2026-03-28_YIUCB",4.37790035898783,477,NA,NA,NA,NA,NA,NA,NA,NA,NA,NA,NA,NA,NA,195.4,43.589191438,-79.75445563,2.52245,9.02,236,13,13.7052
245,0.97536,88,162,"2026-03-28_YIUCB",4.39985920450546,481,NA,NA,NA,NA,NA,NA,NA,NA,NA,NA,NA,NA,NA,195.6,43.589150451,-79.754456049,3.46426,9.16,239,13,13.6368
246,0.98008,88.5,162,"2026-03-28_YIUCB",4.41033783187792,483,NA,NA,NA,NA,NA,NA,NA,NA,NA,NA,NA,NA,NA,195.8,43.589111224,-79.754465101,3.88799,8.98,237,13,13.6044
247,0.98424,88.5,163,"2026-03-28_YIUCB",4.41033783187792,488,NA,NA,NA,NA,NA,NA,NA,NA,NA,NA,NA,NA,NA,195.8,43.589074259,-79.754476417,4.37579,8.98,237,13,13.6044
248,0.98867,88.5,162,"2026-03-28_YIUCB",4.41033783187792,493,NA,NA,NA,NA,NA,NA,NA,NA,NA,NA,NA,NA,NA,196,43.589037798,-79.754495108,4.28081,8.98,237,13,13.6044
249,0.99238,89.5,162,"2026-03-28_YIUCB",4.39985920450546,496,NA,NA,NA,NA,NA,NA,NA,NA,NA,NA,NA,NA,NA,196.2,43.589006869,-79.754511369,4.8199,8.81,235,13,13.6368
250,0.99646,89.5,161,"2026-03-28_YIUCB",4.37790035898783,503,NA,NA,NA,NA,NA,NA,NA,NA,NA,NA,NA,NA,NA,196.2,43.588973593,-79.754529055,4.19294,8.84,234,13,13.7052
251,0.99995,89,161,"2026-03-28_YIUCB",4.3675751222921,506,NA,NA,NA,NA,NA,NA,NA,NA,NA,NA,NA,NA,NA,196.2,43.588942664,-79.754541125,3.63428,9.02,236,13,13.7376
252,1.00427,89,161,"2026-03-28_YIUCB",4.3675751222921,507,NA,NA,NA,NA,NA,NA,NA,NA,NA,NA,NA,NA,NA,196.2,43.588906538,-79.754562499,3.0661,9.02,236,13,13.7376
253,1.0077,89,161,"2026-03-28_YIUCB",4.3561596096881,508,NA,NA,NA,NA,NA,NA,NA,NA,NA,NA,NA,NA,NA,196.2,43.588878961,-79.754570126,2.50899,9.02,236,13,13.7736
254,1.01165,88.5,162,"2026-03-28_YIUCB",4.3675751222921,504,NA,NA,NA,NA,NA,NA,NA,NA,NA,NA,NA,NA,NA,196.2,43.58884317,-79.754582448,1.89737,9.02,236,13,13.7376
255,1.0148,88.5,162,"2026-03-28_YIUCB",4.3675751222921,510,NA,NA,NA,NA,NA,NA,NA,NA,NA,NA,NA,NA,NA,196.2,43.588815678,-79.75458337,1.41428,9.02,236,13,13.7376
256,1.01865,88.5,162,"2026-03-28_YIUCB",4.3675751222921,512,NA,NA,NA,NA,NA,NA,NA,NA,NA,NA,NA,NA,NA,196.2,43.588777792,-79.754588902,0.990551,9.02,236,13,13.7376
257,1.02227,88.5,162,"2026-03-28_YIUCB",4.37790035898783,510,NA,NA,NA,NA,NA,NA,NA,NA,NA,NA,NA,NA,NA,196.2,43.588748874,-79.754586723,0.990551,9.02,236,13,13.7052
258,1.02637,88.5,161,"2026-03-28_YIUCB",4.39985920450546,505,NA,NA,NA,NA,NA,NA,NA,NA,NA,NA,NA,NA,NA,196.2,43.588707719,-79.754592087,0.539084,8.98,237,13,13.6368
259,1.03018,88.5,161,"2026-03-28_YIUCB",4.37790035898783,501,NA,NA,NA,NA,NA,NA,NA,NA,NA,NA,NA,NA,NA,196.2,43.588677125,-79.754585968,0,9.02,236,13,13.7052
260,1.03446,88.5,161,"2026-03-28_YIUCB",4.37790035898783,494,NA,NA,NA,NA,NA,NA,NA,NA,NA,NA,NA,NA,NA,196.2,43.588633707,-79.754586471,0,9.02,236,13,13.7052
261,1.0386,89,161,"2026-03-28_YIUCB",4.26257459505541,511,NA,NA,NA,NA,NA,NA,NA,NA,NA,NA,NA,NA,NA,196.2,43.588602694,-79.75457591,0,9.13,233,13,14.076
262,1.04262,89,160,"2026-03-28_YIUCB",4.19287211740042,524,NA,NA,NA,NA,NA,NA,NA,NA,NA,NA,NA,NA,NA,196.2,43.588565059,-79.754557554,0,9.17,232,13,14.31
263,1.04604,89,159,"2026-03-28_YIUCB",4.19287211740042,523,NA,NA,NA,NA,NA,NA,NA,NA,NA,NA,NA,NA,NA,196.2,43.588540835,-79.754538946,0,9.17,232,13,14.31
264,1.05031,89,158,"2026-03-28_YIUCB",4.24304141208418,516,NA,NA,NA,NA,NA,NA,NA,NA,NA,NA,NA,NA,NA,196.4,43.588501273,-79.754517656,0.468384,9.14,233,13,14.1408
265,1.05388,89.5,156,"2026-03-28_YIUCB",4.28338901739056,505,NA,NA,NA,NA,NA,NA,NA,NA,NA,NA,NA,NA,NA,196.6,43.588477216,-79.754495527,1.02861,8.92,232,13,14.0076
266,1.05821,89.5,155,"2026-03-28_YIUCB",4.3675751222921,498,NA,NA,NA,NA,NA,NA,NA,NA,NA,NA,NA,NA,NA,196.8,43.588437319,-79.754470885,1.4905,8.85,234,13,13.7376
267,1.06212,89.5,154,"2026-03-28_YIUCB",4.28338901739056,507,NA,NA,NA,NA,NA,NA,NA,NA,NA,NA,NA,NA,NA,196.8,43.588411251,-79.75444708,1.4905,8.92,232,13,14.0076
268,1.0665,89.5,153,"2026-03-28_YIUCB",4.28338901739056,507,NA,NA,NA,NA,NA,NA,NA,NA,NA,NA,NA,NA,NA,196.8,43.588370682,-79.75442688,1.4905,8.92,232,13,14.0076
269,1.07046,89.5,152,"2026-03-28_YIUCB",4.27350427350427,509,NA,NA,NA,NA,NA,NA,NA,NA,NA,NA,NA,NA,NA,196.8,43.588342687,-79.754408607,1.4905,8.92,232,13,14.04
270,1.07433,89,152,"2026-03-28_YIUCB",4.2322668020992,525,NA,NA,NA,NA,NA,NA,NA,NA,NA,NA,NA,NA,NA,196.8,43.588304214,-79.754395196,1.4905,9.14,233,13,14.1768
271,1.07863,89,152,"2026-03-28_YIUCB",4.2322668020992,519,NA,NA,NA,NA,NA,NA,NA,NA,NA,NA,NA,NA,NA,196.8,43.588271441,-79.754381617,1.4905,9.14,233,13,14.1768
272,1.08229,89,153,"2026-03-28_YIUCB",4.2322668020992,520,NA,NA,NA,NA,NA,NA,NA,NA,NA,NA,NA,NA,NA,197,43.588235985,-79.754368039,2.03695,9.14,233,13,14.1768
273,1.08626,89,154,"2026-03-28_YIUCB",4.24304141208418,519,NA,NA,NA,NA,NA,NA,NA,NA,NA,NA,NA,NA,NA,197,43.588202709,-79.754352113,2.03695,9.14,233,13,14.1408
274,1.09075,89.5,154,"2026-03-28_YIUCB",4.24304141208418,518,NA,NA,NA,NA,NA,NA,NA,NA,NA,NA,NA,NA,NA,197,43.588163482,-79.754340881,1.56857,8.96,231,13,14.1408
275,1.09475,89.5,154,"2026-03-28_YIUCB",4.24304141208418,521,NA,NA,NA,NA,NA,NA,NA,NA,NA,NA,NA,NA,NA,197,43.588129032,-79.754336774,1.00834,8.96,231,13,14.1408
276,1.09852,89.5,154,"2026-03-28_YIUCB",4.22261633307998,526,NA,NA,NA,NA,NA,NA,NA,NA,NA,NA,NA,NA,NA,197,43.588093828,-79.754340965,0.546448,8.99,230,13,14.2092
277,1.10269,89,154,"2026-03-28_YIUCB",4.22261633307998,530,NA,NA,NA,NA,NA,NA,NA,NA,NA,NA,NA,NA,NA,197,43.588056277,-79.754344569,0.546448,9.17,232,13,14.2092
278,1.10695,88.5,153,"2026-03-28_YIUCB",4.22261633307998,530,NA,NA,NA,NA,NA,NA,NA,NA,NA,NA,NA,NA,NA,197,43.588019816,-79.754347587,0.546448,9.17,232,13,14.2092
279,1.1111,88.5,153,"2026-03-28_YIUCB",4.22261633307998,530,NA,NA,NA,NA,NA,NA,NA,NA,NA,NA,NA,NA,NA,197.2,43.587981762,-79.754355298,1.02838,9.17,232,13,14.2092
280,1.11505,89,152,"2026-03-28_YIUCB",4.21300977418268,530,NA,NA,NA,NA,NA,NA,NA,NA,NA,NA,NA,NA,NA,197.2,43.587947899,-79.754358735,1.02838,9.17,232,13,14.2416
281,1.11887,89,152,"2026-03-28_YIUCB",4.20238695579089,529,NA,NA,NA,NA,NA,NA,NA,NA,NA,NA,NA,NA,NA,197.2,43.587913282,-79.754364937,1.02838,9.17,232,13,14.2776
282,1.12236,88.5,152,"2026-03-28_YIUCB",4.20238695579089,524,NA,NA,NA,NA,NA,NA,NA,NA,NA,NA,NA,NA,NA,197.2,43.587882437,-79.754368123,0.481928,9.17,232,13,14.2776
283,1.12644,88.5,152,"2026-03-28_YIUCB",4.21300977418268,521,NA,NA,NA,NA,NA,NA,NA,NA,NA,NA,NA,NA,NA,197.4,43.587844802,-79.754369547,0.972124,9.17,232,13,14.2416
284,1.12982,88.5,153,"2026-03-28_YIUCB",4.22261633307998,521,NA,NA,NA,NA,NA,NA,NA,NA,NA,NA,NA,NA,NA,197.6,43.587815214,-79.754365608,1.56384,9.17,232,13,14.2092
285,1.13372,89,154,"2026-03-28_YIUCB",4.22261633307998,524,NA,NA,NA,NA,NA,NA,NA,NA,NA,NA,NA,NA,NA,197.8,43.587778669,-79.754362926,2.07666,9.17,232,13,14.2092
286,1.13724,89.5,155,"2026-03-28_YIUCB",4.24304141208418,527,NA,NA,NA,NA,NA,NA,NA,NA,NA,NA,NA,NA,NA,197.8,43.587748075,-79.754350018,2.07666,8.96,231,13,14.1408
287,1.14109,90,155,"2026-03-28_YIUCB",4.24304141208418,531,NA,NA,NA,NA,NA,NA,NA,NA,NA,NA,NA,NA,NA,198,43.587713457,-79.754343899,2.59614,8.96,231,13,14.1408
288,1.14451,90,156,"2026-03-28_YIUCB",4.25278557455133,533,NA,NA,NA,NA,NA,NA,NA,NA,NA,NA,NA,NA,NA,198.2,43.58768169,-79.754333505,3.18094,8.96,231,13,14.1084
289,1.14817,90.5,155,"2026-03-28_YIUCB",4.26257459505541,536,NA,NA,NA,NA,NA,NA,NA,NA,NA,NA,NA,NA,NA,198.2,43.58765009,-79.754323196,2.69901,8.79,229,13,14.076
290,1.15179,91.5,155,"2026-03-28_YIUCB",4.28338901739056,538,NA,NA,NA,NA,NA,NA,NA,NA,NA,NA,NA,NA,NA,198.2,43.587615808,-79.754311629,2.69901,8.59,228,13,14.0076
291,1.15638,91.5,155,"2026-03-28_YIUCB",4.29331959471063,538,NA,NA,NA,NA,NA,NA,NA,NA,NA,NA,NA,NA,NA,198.4,43.587577922,-79.754300061,3.13474,8.59,228,13,13.9752
292,1.16001,91.5,154,"2026-03-28_YIUCB",4.29331959471063,540,NA,NA,NA,NA,NA,NA,NA,NA,NA,NA,NA,NA,NA,198.4,43.587547412,-79.754286315,3.13474,8.59,228,13,13.9752
293,1.16361,91.5,154,"2026-03-28_YIUCB",4.29331959471063,541,NA,NA,NA,NA,NA,NA,NA,NA,NA,NA,NA,NA,NA,198.6,43.587513633,-79.754277933,3.2001,8.59,228,13,13.9752
294,1.16742,90.5,154,"2026-03-28_YIUCB",4.29331959471063,540,NA,NA,NA,NA,NA,NA,NA,NA,NA,NA,NA,NA,NA,198.6,43.587479602,-79.754270222,2.60838,8.75,230,13,13.9752
295,1.17163,90.5,154,"2026-03-28_YIUCB",4.30440771349862,536,NA,NA,NA,NA,NA,NA,NA,NA,NA,NA,NA,NA,NA,198.8,43.587439369,-79.754271647,2.57062,8.75,230,13,13.9392
296,1.17618,90.5,154,"2026-03-28_YIUCB",4.30440771349862,535,NA,NA,NA,NA,NA,NA,NA,NA,NA,NA,NA,NA,NA,198.8,43.587400561,-79.754263433,2.57062,8.92,232,13,13.9392
297,1.18089,89.5,154,"2026-03-28_YIUCB",4.29331959471063,532,NA,NA,NA,NA,NA,NA,NA,NA,NA,NA,NA,NA,NA,199,43.587357897,-79.75426821,2.47577,8.92,232,13,13.9752
298,1.1849,89,154,"2026-03-28_YIUCB",4.27350427350427,532,NA,NA,NA,NA,NA,NA,NA,NA,NA,NA,NA,NA,NA,199,43.587323615,-79.754268713,1.89097,9.1,234,13,14.04
299,1.18948,89,154,"2026-03-28_YIUCB",4.25278557455133,535,NA,NA,NA,NA,NA,NA,NA,NA,NA,NA,NA,NA,NA,199,43.587280448,-79.754279442,1.89097,9.13,233,13,14.1084
300,1.19354,88.5,155,"2026-03-28_YIUCB",4.25278557455133,535,NA,NA,NA,NA,NA,NA,NA,NA,NA,NA,NA,NA,NA,199.2,43.587248262,-79.754281286,2.38358,9.13,233,13,14.1084
301,1.19793,88.5,155,"2026-03-28_YIUCB",4.2322668020992,535,NA,NA,NA,NA,NA,NA,NA,NA,NA,NA,NA,NA,NA,199.2,43.587208113,-79.754300564,1.94785,9.14,233,13,14.1768
302,1.20206,88.5,156,"2026-03-28_YIUCB",4.2322668020992,528,NA,NA,NA,NA,NA,NA,NA,NA,NA,NA,NA,NA,NA,199.4,43.58717492,-79.754309952,2.43212,9.14,233,13,14.1768
303,1.2063,89,156,"2026-03-28_YIUCB",4.21300977418268,524,NA,NA,NA,NA,NA,NA,NA,NA,NA,NA,NA,NA,NA,199.4,43.587136112,-79.754329733,1.87656,9.17,232,13,14.2416
304,1.21021,89.5,156,"2026-03-28_YIUCB",4.20238695579089,518,NA,NA,NA,NA,NA,NA,NA,NA,NA,NA,NA,NA,NA,199.2,43.587104428,-79.754334679,1.36505,9,230,13,14.2776
305,1.21459,89.5,156,"2026-03-28_YIUCB",4.20238695579089,507,NA,NA,NA,NA,NA,NA,NA,NA,NA,NA,NA,NA,NA,199.2,43.587062938,-79.754351526,0.889992,9,230,13,14.2776
306,1.21868,89.5,156,"2026-03-28_YIUCB",4.19287211740042,497,NA,NA,NA,NA,NA,NA,NA,NA,NA,NA,NA,NA,NA,199,43.587030416,-79.754354041,0.400994,9,230,13,14.31
307,1.22287,89,156,"2026-03-28_YIUCB",4.18340026773762,495,NA,NA,NA,NA,NA,NA,NA,NA,NA,NA,NA,NA,NA,199,43.586989764,-79.754365776,-0.0236342,9.21,231,13,14.3424
308,1.22678,89,156,"2026-03-28_YIUCB",4.18340026773762,492,NA,NA,NA,NA,NA,NA,NA,NA,NA,NA,NA,NA,NA,199,43.586957158,-79.75436938,-0.0236342,9.21,231,13,14.3424
309,1.23126,89,156,"2026-03-28_YIUCB",4.17292605575029,491,NA,NA,NA,NA,NA,NA,NA,NA,NA,NA,NA,NA,NA,198.8,43.586914662,-79.754378097,-0.470063,9.21,231,13,14.3784
310,1.23523,88.5,156,"2026-03-28_YIUCB",4.17292605575029,487,NA,NA,NA,NA,NA,NA,NA,NA,NA,NA,NA,NA,NA,198.8,43.58688214,-79.75438036,-0.962674,9.21,231,13,14.3784
311,1.23954,88.5,156,"2026-03-28_YIUCB",4.15420405450316,486,NA,NA,NA,NA,NA,NA,NA,NA,NA,NA,NA,NA,NA,198.8,43.586840734,-79.754388407,-0.962674,9.21,231,13,14.4432
312,1.24343,88.5,156,"2026-03-28_YIUCB",4.15420405450316,482,NA,NA,NA,NA,NA,NA,NA,NA,NA,NA,NA,NA,NA,198.8,43.586808296,-79.75438891,-1.44694,9.21,231,13,14.4432
313,1.24753,88.5,156,"2026-03-28_YIUCB",4.1438753522294,480,NA,NA,NA,NA,NA,NA,NA,NA,NA,NA,NA,NA,NA,198.6,43.586768649,-79.754399136,-1.93474,9.25,230,13,14.4792
314,1.25204,88.5,157,"2026-03-28_YIUCB",4.1438753522294,478,NA,NA,NA,NA,NA,NA,NA,NA,NA,NA,NA,NA,NA,198.4,43.586731266,-79.754410451,-1.86669,9.25,230,13,14.4792
315,1.25567,88,159,"2026-03-28_YIUCB",4.1438753522294,475,NA,NA,NA,NA,NA,NA,NA,NA,NA,NA,NA,NA,NA,198.2,43.586697068,-79.754426042,-2.41765,9.4,233,13,14.4792
316,1.26021,87.5,160,"2026-03-28_YIUCB",4.13462333581411,475,NA,NA,NA,NA,NA,NA,NA,NA,NA,NA,NA,NA,NA,198,43.58666111,-79.754446158,-2.36919,9.43,232,13,14.5116
317,1.26434,87.5,161,"2026-03-28_YIUCB",4.12541254125412,475,NA,NA,NA,NA,NA,NA,NA,NA,NA,NA,NA,NA,NA,197.8,43.586626157,-79.754468202,-2.85345,9.43,232,13,14.544
318,1.26867,88,163,"2026-03-28_YIUCB",4.12541254125412,472,NA,NA,NA,NA,NA,NA,NA,NA,NA,NA,NA,NA,NA,197.8,43.58659221,-79.754488068,-2.85345,9.43,232,13,14.544
319,1.27271,89,163,"2026-03-28_YIUCB",4.11522633744856,471,NA,NA,NA,NA,NA,NA,NA,NA,NA,NA,NA,NA,NA,197.8,43.586559353,-79.754515393,-2.40702,9.25,230,13,14.58
320,1.27682,89,164,"2026-03-28_YIUCB",4.10610166707728,471,NA,NA,NA,NA,NA,NA,NA,NA,NA,NA,NA,NA,NA,197.8,43.586530017,-79.754545316,-2.40702,9.28,229,13,14.6124
321,1.28072,89.5,164,"2026-03-28_YIUCB",4.10610166707728,469,NA,NA,NA,NA,NA,NA,NA,NA,NA,NA,NA,NA,NA,197.8,43.586503446,-79.754582113,-2.40702,9.11,227,13,14.6124
322,1.28498,89.5,164,"2026-03-28_YIUCB",4.10610166707728,468,NA,NA,NA,NA,NA,NA,NA,NA,NA,NA,NA,NA,NA,197.8,43.586479306,-79.754627291,-2.40702,9.11,227,13,14.6124
323,1.28936,89.5,163,"2026-03-28_YIUCB",4.10610166707728,468,NA,NA,NA,NA,NA,NA,NA,NA,NA,NA,NA,NA,NA,198,43.586458435,-79.754672889,-1.46259,9.11,227,13,14.6124
324,1.29367,89.5,163,"2026-03-28_YIUCB",4.09701737135365,471,NA,NA,NA,NA,NA,NA,NA,NA,NA,NA,NA,NA,NA,198.2,43.586446449,-79.754726784,-0.555096,9.11,227,13,14.6448
325,1.2985,89.5,163,"2026-03-28_YIUCB",4.08697073728952,474,NA,NA,NA,NA,NA,NA,NA,NA,NA,NA,NA,NA,NA,198.4,43.586434798,-79.75478135,0.409947,9.11,227,13,14.6808
326,1.30238,89,163,"2026-03-28_YIUCB",4.07797080172906,478,NA,NA,NA,NA,NA,NA,NA,NA,NA,NA,NA,NA,NA,198.6,43.586431781,-79.754831474,1.36594,9.29,229,13,14.7132
327,1.30621,88.5,163,"2026-03-28_YIUCB",4.06901041666667,481,NA,NA,NA,NA,NA,NA,NA,NA,NA,NA,NA,NA,NA,198.6,43.586431194,-79.75487682,1.8502,9.32,228,13,14.7456
328,1.31058,88.5,163,"2026-03-28_YIUCB",4.06901041666667,482,NA,NA,NA,NA,NA,NA,NA,NA,NA,NA,NA,NA,NA,198.8,43.586443348,-79.754933482,2.30787,9.32,228,13,14.7456
329,1.31491,89,164,"2026-03-28_YIUCB",4.05910050332846,483,NA,NA,NA,NA,NA,NA,NA,NA,NA,NA,NA,NA,NA,198.8,43.58644888,-79.754982265,2.30787,9.32,228,13,14.7816
330,1.3194,89,164,"2026-03-28_YIUCB",4.05910050332846,484,NA,NA,NA,NA,NA,NA,NA,NA,NA,NA,NA,NA,NA,198.8,43.586465895,-79.755037669,2.30787,9.32,228,13,14.7816
331,1.32359,88.5,164,"2026-03-28_YIUCB",4.05022276225192,486,NA,NA,NA,NA,NA,NA,NA,NA,NA,NA,NA,NA,NA,198.8,43.586473774,-79.755081842,2.30787,9.32,228,13,14.814
332,1.32768,88.5,164,"2026-03-28_YIUCB",4.03258327284458,492,NA,NA,NA,NA,NA,NA,NA,NA,NA,NA,NA,NA,NA,198.8,43.586496237,-79.755128529,2.30787,9.36,227,13,14.8788
333,1.33129,88.5,164,"2026-03-28_YIUCB",4.03258327284458,494,NA,NA,NA,NA,NA,NA,NA,NA,NA,NA,NA,NA,NA,199,43.586505458,-79.755165996,2.40526,9.36,227,13,14.8788
334,1.33555,88.5,165,"2026-03-28_YIUCB",4.03258327284458,498,NA,NA,NA,NA,NA,NA,NA,NA,NA,NA,NA,NA,NA,199,43.586528173,-79.755216036,1.94123,9.36,227,13,14.8788
335,1.33931,88.5,165,"2026-03-28_YIUCB",4.04138376980278,499,NA,NA,NA,NA,NA,NA,NA,NA,NA,NA,NA,NA,NA,199.2,43.58653932,-79.755254844,2.05906,9.32,228,13,14.8464
336,1.3435,89,166,"2026-03-28_YIUCB",4.04138376980278,501,NA,NA,NA,NA,NA,NA,NA,NA,NA,NA,NA,NA,NA,199.4,43.5865617,-79.755302369,2.02092,9.32,228,13,14.8464
337,1.34726,89.5,166,"2026-03-28_YIUCB",4.04138376980278,501,NA,NA,NA,NA,NA,NA,NA,NA,NA,NA,NA,NA,NA,199.4,43.58657201,-79.755341429,2.02092,9.14,226,13,14.8464
338,1.35117,89.5,166,"2026-03-28_YIUCB",4.05022276225192,501,NA,NA,NA,NA,NA,NA,NA,NA,NA,NA,NA,NA,NA,199.6,43.586591959,-79.755390379,2.07477,9.14,226,13,14.814
339,1.3554,89.5,166,"2026-03-28_YIUCB",4.05910050332846,501,NA,NA,NA,NA,NA,NA,NA,NA,NA,NA,NA,NA,NA,199.6,43.586603274,-79.755433714,2.07477,9.14,226,13,14.7816
340,1.35971,89.5,166,"2026-03-28_YIUCB",4.05910050332846,503,NA,NA,NA,NA,NA,NA,NA,NA,NA,NA,NA,NA,NA,199.6,43.586629174,-79.755481994,2.07477,9.14,226,13,14.7816
341,1.36374,89.5,165,"2026-03-28_YIUCB",4.05910050332846,505,NA,NA,NA,NA,NA,NA,NA,NA,NA,NA,NA,NA,NA,199.8,43.586644765,-79.755519293,2.57105,9.14,226,13,14.7816
342,1.36786,89.5,165,"2026-03-28_YIUCB",4.05022276225192,508,NA,NA,NA,NA,NA,NA,NA,NA,NA,NA,NA,NA,NA,200,43.586670833,-79.755561286,3.05648,9.14,226,13,14.814
343,1.37176,89.5,164,"2026-03-28_YIUCB",4.05022276225192,511,NA,NA,NA,NA,NA,NA,NA,NA,NA,NA,NA,NA,NA,200,43.586689692,-79.755596826,2.50247,9.14,226,13,14.814
344,1.37563,89.5,164,"2026-03-28_YIUCB",4.05022276225192,514,NA,NA,NA,NA,NA,NA,NA,NA,NA,NA,NA,NA,NA,200,43.586715005,-79.755633958,2.50247,9.14,226,13,14.814
345,1.37953,89.5,164,"2026-03-28_YIUCB",4.05910050332846,516,NA,NA,NA,NA,NA,NA,NA,NA,NA,NA,NA,NA,NA,200,43.586736547,-79.755669245,1.97055,9.14,226,13,14.7816
346,1.38314,89,164,"2026-03-28_YIUCB",4.05910050332846,521,NA,NA,NA,NA,NA,NA,NA,NA,NA,NA,NA,NA,NA,200.2,43.586759765,-79.755704701,2.04724,9.32,228,13,14.7816
347,1.38697,89,164,"2026-03-28_YIUCB",4.06901041666667,525,NA,NA,NA,NA,NA,NA,NA,NA,NA,NA,NA,NA,NA,200.4,43.586782228,-79.755739402,2.56943,9.32,228,13,14.7456
348,1.39079,88.5,164,"2026-03-28_YIUCB",4.08697073728952,528,NA,NA,NA,NA,NA,NA,NA,NA,NA,NA,NA,NA,NA,200.4,43.586805697,-79.755775025,2.05792,9.29,229,13,14.6808
349,1.39491,88.5,164,"2026-03-28_YIUCB",4.08697073728952,534,NA,NA,NA,NA,NA,NA,NA,NA,NA,NA,NA,NA,NA,200.6,43.58683034,-79.755813246,2.54336,9.29,229,13,14.6808
350,1.39834,88,164,"2026-03-28_YIUCB",4.09701737135365,537,NA,NA,NA,NA,NA,NA,NA,NA,NA,NA,NA,NA,NA,200.8,43.58684811,-79.755846942,3.12645,9.47,231,13,14.6448
351,1.40219,88.5,164,"2026-03-28_YIUCB",4.09701737135365,539,NA,NA,NA,NA,NA,NA,NA,NA,NA,NA,NA,NA,NA,200.8,43.58686479,-79.75589036,2.63017,9.29,229,13,14.6448
352,1.40555,88.5,164,"2026-03-28_YIUCB",4.12541254125412,538,NA,NA,NA,NA,NA,NA,NA,NA,NA,NA,NA,NA,NA,201,43.586871747,-79.755929336,2.73998,9.25,230,13,14.544
353,1.40942,88.5,165,"2026-03-28_YIUCB",4.12541254125412,550,NA,NA,NA,NA,NA,NA,NA,NA,NA,NA,NA,NA,NA,201,43.586883062,-79.755978873,2.73998,9.25,230,13,14.544
354,1.41322,88.5,165,"2026-03-28_YIUCB",4.15420405450316,555,NA,NA,NA,NA,NA,NA,NA,NA,NA,NA,NA,NA,NA,201,43.586884403,-79.75602095,2.73998,9.21,231,13,14.4432
355,1.41701,88.5,165,"2026-03-28_YIUCB",4.15420405450316,556,NA,NA,NA,NA,NA,NA,NA,NA,NA,NA,NA,NA,NA,201,43.58689354,-79.756071996,2.73998,9.21,231,13,14.4432
356,1.42066,88.5,165,"2026-03-28_YIUCB",4.16354400866017,550,NA,NA,NA,NA,NA,NA,NA,NA,NA,NA,NA,NA,NA,201,43.586894462,-79.756113235,2.18596,9.21,231,13,14.4108
357,1.42477,88.5,165,"2026-03-28_YIUCB",4.17292605575029,548,NA,NA,NA,NA,NA,NA,NA,NA,NA,NA,NA,NA,NA,201,43.586903179,-79.756166208,1.66377,9.21,231,13,14.3784
358,1.42841,89,165,"2026-03-28_YIUCB",4.18340026773762,548,NA,NA,NA,NA,NA,NA,NA,NA,NA,NA,NA,NA,NA,201,43.586906699,-79.75620619,1.66377,9.21,231,13,14.3424
359,1.43236,89.5,165,"2026-03-28_YIUCB",4.19287211740042,545,NA,NA,NA,NA,NA,NA,NA,NA,NA,NA,NA,NA,NA,201,43.586918099,-79.756257571,1.17833,9,230,13,14.31
360,1.43589,89.5,165,"2026-03-28_YIUCB",4.20238695579089,543,NA,NA,NA,NA,NA,NA,NA,NA,NA,NA,NA,NA,NA,201.2,43.58691659,-79.756297469,1.16181,9,230,13,14.2776
361,1.43982,89.5,165,"2026-03-28_YIUCB",4.20238695579089,543,NA,NA,NA,NA,NA,NA,NA,NA,NA,NA,NA,NA,NA,201.4,43.586921368,-79.756351616,1.67072,9,230,13,14.2776
362,1.44334,89.5,165,"2026-03-28_YIUCB",4.21300977418268,540,NA,NA,NA,NA,NA,NA,NA,NA,NA,NA,NA,NA,NA,201.4,43.586913992,-79.756391346,1.07548,9,230,13,14.2416
363,1.44736,89,165,"2026-03-28_YIUCB",4.22261633307998,535,NA,NA,NA,NA,NA,NA,NA,NA,NA,NA,NA,NA,NA,201.4,43.586893372,-79.756441051,1.07548,9.17,232,12,14.2092
364,1.45106,88.5,165,"2026-03-28_YIUCB",4.2322668020992,529,NA,NA,NA,NA,NA,NA,NA,NA,NA,NA,NA,NA,NA,201.4,43.586868394,-79.756465778,1.07548,9.14,233,13,14.1768
365,1.45429,88.5,165,"2026-03-28_YIUCB",4.2322668020992,525,NA,NA,NA,NA,NA,NA,NA,NA,NA,NA,NA,NA,NA,201.2,43.586836207,-79.756484972,0.456283,9.14,233,12,14.1768
366,1.45744,88,165,"2026-03-28_YIUCB",4.24304141208418,521,NA,NA,NA,NA,NA,NA,NA,NA,NA,NA,NA,NA,NA,201.2,43.586811397,-79.75648514,0.456283,9.32,235,12,14.1408
367,1.46091,87.5,165,"2026-03-28_YIUCB",4.26257459505541,516,NA,NA,NA,NA,NA,NA,NA,NA,NA,NA,NA,NA,NA,201.2,43.586776528,-79.756471561,0.456283,9.28,236,12,14.076
368,1.46469,87.5,166,"2026-03-28_YIUCB",4.28338901739056,512,NA,NA,NA,NA,NA,NA,NA,NA,NA,NA,NA,NA,NA,201,43.586744258,-79.756458485,-0.0728175,9.28,236,12,14.0076
369,1.46867,87.5,166,"2026-03-28_YIUCB",4.30440771349862,509,NA,NA,NA,NA,NA,NA,NA,NA,NA,NA,NA,NA,NA,201,43.586711485,-79.756441973,-0.0728175,9.24,237,12,13.9392
370,1.47251,88,167,"2026-03-28_YIUCB",4.31443610320131,506,NA,NA,NA,NA,NA,NA,NA,NA,NA,NA,NA,NA,NA,201.2,43.5866767,-79.756431999,-0.118556,9.24,237,12,13.9068
371,1.47624,88,168,"2026-03-28_YIUCB",4.31443610320131,502,NA,NA,NA,NA,NA,NA,NA,NA,NA,NA,NA,NA,NA,201.2,43.586647782,-79.756415151,-0.627462,9.24,237,12,13.9068
372,1.48022,87.5,168,"2026-03-28_YIUCB",4.31443610320131,496,NA,NA,NA,NA,NA,NA,NA,NA,NA,NA,NA,NA,NA,201.2,43.586611489,-79.756399477,-0.627462,9.24,237,12,13.9068
373,1.48375,87.5,168,"2026-03-28_YIUCB",4.32451133021969,488,NA,NA,NA,NA,NA,NA,NA,NA,NA,NA,NA,NA,NA,201.2,43.586585337,-79.756383551,-0.627462,9.24,237,12,13.8744
374,1.48741,88,167,"2026-03-28_YIUCB",4.32451133021969,483,NA,NA,NA,NA,NA,NA,NA,NA,NA,NA,NA,NA,NA,201.4,43.586548876,-79.756372068,-0.0810142,9.24,237,12,13.8744
375,1.49131,88,166,"2026-03-28_YIUCB",4.33576135969476,480,NA,NA,NA,NA,NA,NA,NA,NA,NA,NA,NA,NA,NA,201.4,43.586521132,-79.756351868,0.538181,9.24,237,12,13.8384
376,1.49571,88.5,165,"2026-03-28_YIUCB",4.34593654932638,473,NA,NA,NA,NA,NA,NA,NA,NA,NA,NA,NA,NA,NA,201.2,43.586484754,-79.756314987,0.0836354,9.06,235,12,13.806
377,1.49964,87.5,164,"2026-03-28_YIUCB",4.34593654932638,471,NA,NA,NA,NA,NA,NA,NA,NA,NA,NA,NA,NA,NA,201.2,43.586466146,-79.756278861,0.0836354,9.2,238,12,13.806
378,1.50389,88.5,164,"2026-03-28_YIUCB",4.33576135969476,467,NA,NA,NA,NA,NA,NA,NA,NA,NA,NA,NA,NA,NA,201.2,43.586441755,-79.756231252,0.612736,9.06,235,12,13.8384
379,1.5081,88.5,164,"2026-03-28_YIUCB",4.32451133021969,467,NA,NA,NA,NA,NA,NA,NA,NA,NA,NA,NA,NA,NA,201.2,43.586425578,-79.75618775,0.612736,9.06,235,12,13.8744
380,1.51236,89,164,"2026-03-28_YIUCB",4.31443610320131,468,NA,NA,NA,NA,NA,NA,NA,NA,NA,NA,NA,NA,NA,201,43.586405713,-79.756140392,-0.377581,9.06,235,12,13.9068
381,1.51623,88.5,164,"2026-03-28_YIUCB",4.31443610320131,468,NA,NA,NA,NA,NA,NA,NA,NA,NA,NA,NA,NA,NA,201,43.586389703,-79.756098399,-0.377581,9.06,235,12,13.9068
382,1.52015,88,164,"2026-03-28_YIUCB",4.30440771349862,471,NA,NA,NA,NA,NA,NA,NA,NA,NA,NA,NA,NA,NA,201,43.586374113,-79.756053556,-0.377581,9.24,237,12,13.9392
383,1.52427,87,165,"2026-03-28_YIUCB",4.30440771349862,472,NA,NA,NA,NA,NA,NA,NA,NA,NA,NA,NA,NA,NA,201.2,43.586354332,-79.756009132,0.107856,9.43,239,12,13.9392
384,1.52885,87,167,"2026-03-28_YIUCB",4.29331959471063,474,NA,NA,NA,NA,NA,NA,NA,NA,NA,NA,NA,NA,NA,201.2,43.586336059,-79.755962696,-0.438592,9.43,239,12,13.9752
385,1.53266,87.5,168,"2026-03-28_YIUCB",4.29331959471063,472,NA,NA,NA,NA,NA,NA,NA,NA,NA,NA,NA,NA,NA,201.2,43.586317703,-79.755921122,-0.438592,9.28,236,12,13.9752
386,1.53607,88,168,"2026-03-28_YIUCB",4.27350427350427,475,NA,NA,NA,NA,NA,NA,NA,NA,NA,NA,NA,NA,NA,201.2,43.586303621,-79.755886337,0.0159533,9.28,236,12,14.04
387,1.53997,88.5,169,"2026-03-28_YIUCB",4.27350427350427,472,NA,NA,NA,NA,NA,NA,NA,NA,NA,NA,NA,NA,NA,201.2,43.586283505,-79.755841158,0.0159533,9.1,234,12,14.04
388,1.54379,88.5,169,"2026-03-28_YIUCB",4.28338901739056,467,NA,NA,NA,NA,NA,NA,NA,NA,NA,NA,NA,NA,NA,201.2,43.586269507,-79.755802015,0.0159533,9.1,234,12,14.0076
389,1.54766,88.5,169,"2026-03-28_YIUCB",4.28338901739056,466,NA,NA,NA,NA,NA,NA,NA,NA,NA,NA,NA,NA,NA,201.2,43.586247882,-79.755758848,0.0159533,9.1,234,12,14.0076
390,1.55172,88.5,169,"2026-03-28_YIUCB",4.28338901739056,463,NA,NA,NA,NA,NA,NA,NA,NA,NA,NA,NA,NA,NA,201.2,43.586231537,-79.755718866,0.485437,9.1,234,12,14.0076
391,1.55606,89,169,"2026-03-28_YIUCB",4.28338901739056,461,NA,NA,NA,NA,NA,NA,NA,NA,NA,NA,NA,NA,NA,201.2,43.586207816,-79.755671592,0.485437,9.1,234,12,14.0076
392,1.55979,89,169,"2026-03-28_YIUCB",4.28338901739056,460,NA,NA,NA,NA,NA,NA,NA,NA,NA,NA,NA,NA,NA,201.2,43.586195998,-79.755633958,0.485437,9.1,234,12,14.0076
393,1.56369,88.5,168,"2026-03-28_YIUCB",4.27350427350427,461,NA,NA,NA,NA,NA,NA,NA,NA,NA,NA,NA,NA,NA,201,43.58617563,-79.755587606,-0.512821,9.1,234,12,14.04
394,1.56756,88.5,168,"2026-03-28_YIUCB",4.27350427350427,461,NA,NA,NA,NA,NA,NA,NA,NA,NA,NA,NA,NA,NA,201,43.586162386,-79.755547708,-0.512821,9.1,234,12,14.04
395,1.57201,88.5,167,"2026-03-28_YIUCB",4.27350427350427,460,NA,NA,NA,NA,NA,NA,NA,NA,NA,NA,NA,NA,NA,201,43.58613481,-79.755500266,-0.512821,9.1,234,12,14.04
396,1.57599,88.5,167,"2026-03-28_YIUCB",4.27350427350427,459,NA,NA,NA,NA,NA,NA,NA,NA,NA,NA,NA,NA,NA,201.2,43.586117292,-79.755463805,-0.010308,9.1,234,12,14.04
397,1.58042,88.5,168,"2026-03-28_YIUCB",4.26257459505541,460,NA,NA,NA,NA,NA,NA,NA,NA,NA,NA,NA,NA,NA,201.2,43.586083932,-79.7554255,-0.010308,9.13,233,12,14.076
398,1.5838,88.5,169,"2026-03-28_YIUCB",4.26257459505541,460,NA,NA,NA,NA,NA,NA,NA,NA,NA,NA,NA,NA,NA,201.2,43.586067252,-79.755397085,-0.010308,9.13,233,12,14.076
399,1.58796,88.5,169,"2026-03-28_YIUCB",4.25278557455133,462,NA,NA,NA,NA,NA,NA,NA,NA,NA,NA,NA,NA,NA,201.2,43.586037161,-79.75536054,-0.010308,9.13,233,12,14.1084
400,1.59143,88.5,170,"2026-03-28_YIUCB",4.25278557455133,462,NA,NA,NA,NA,NA,NA,NA,NA,NA,NA,NA,NA,NA,201.4,43.586017296,-79.755326258,0.566061,9.13,233,12,14.1084
401,1.59559,88.5,170,"2026-03-28_YIUCB",4.25278557455133,462,NA,NA,NA,NA,NA,NA,NA,NA,NA,NA,NA,NA,NA,201.4,43.585990725,-79.75528745,0.566061,9.13,233,12,14.1084
402,1.60016,88.5,170,"2026-03-28_YIUCB",4.25278557455133,464,NA,NA,NA,NA,NA,NA,NA,NA,NA,NA,NA,NA,NA,201.6,43.58596055,-79.755251994,1.0037,9.13,233,12,14.1084
403,1.60444,88.5,170,"2026-03-28_YIUCB",4.25278557455133,466,NA,NA,NA,NA,NA,NA,NA,NA,NA,NA,NA,NA,NA,201.6,43.585930124,-79.755220646,1.51652,9.13,233,12,14.1084
404,1.60829,88.5,171,"2026-03-28_YIUCB",4.24304141208418,472,NA,NA,NA,NA,NA,NA,NA,NA,NA,NA,NA,NA,NA,201.6,43.585903805,-79.755187118,1.51652,9.14,233,12,14.1408
405,1.61253,88.5,172,"2026-03-28_YIUCB",4.22261633307998,478,NA,NA,NA,NA,NA,NA,NA,NA,NA,NA,NA,NA,NA,201.6,43.58588746,-79.755150322,1.51652,9.17,232,12,14.2092
406,1.61501,88.5,173,"2026-03-28_YIUCB",4.22261633307998,477,NA,NA,NA,NA,NA,NA,NA,NA,NA,NA,NA,NA,NA,201.6,43.585878743,-79.755110508,1.01401,9.17,232,12,14.2092
407,1.61865,88,173,"2026-03-28_YIUCB",4.22261633307998,477,NA,NA,NA,NA,NA,NA,NA,NA,NA,NA,NA,NA,NA,201.4,43.585869606,-79.75507128,0.464555,9.32,235,12,14.2092
408,1.62298,88,174,"2026-03-28_YIUCB",4.22261633307998,473,NA,NA,NA,NA,NA,NA,NA,NA,NA,NA,NA,NA,NA,201.4,43.585844377,-79.755023755,0.464555,9.32,235,12,14.2092
409,1.62711,88,174,"2026-03-28_YIUCB",4.22261633307998,469,NA,NA,NA,NA,NA,NA,NA,NA,NA,NA,NA,NA,NA,201.2,43.585827948,-79.754981007,-0.0197064,9.32,235,12,14.2092
410,1.63167,87.5,174,"2026-03-28_YIUCB",4.22261633307998,468,NA,NA,NA,NA,NA,NA,NA,NA,NA,NA,NA,NA,NA,201.2,43.585797438,-79.754934739,-0.596075,9.32,235,12,14.2092
411,1.63565,87.5,174,"2026-03-28_YIUCB",4.21300977418268,469,NA,NA,NA,NA,NA,NA,NA,NA,NA,NA,NA,NA,NA,201.2,43.585779082,-79.75489987,-0.596075,9.36,234,12,14.2416
412,1.64016,88,174,"2026-03-28_YIUCB",4.20238695579089,470,NA,NA,NA,NA,NA,NA,NA,NA,NA,NA,NA,NA,NA,201.2,43.585748488,-79.754854105,-1.03371,9.36,234,12,14.2776
413,1.64417,88,174,"2026-03-28_YIUCB",4.20238695579089,471,NA,NA,NA,NA,NA,NA,NA,NA,NA,NA,NA,NA,NA,201.2,43.585728371,-79.754817141,-1.03371,9.36,234,12,14.2776
414,1.64888,88,174,"2026-03-28_YIUCB",4.18340026773762,475,NA,NA,NA,NA,NA,NA,NA,NA,NA,NA,NA,NA,NA,201.4,43.585699454,-79.754773974,-0.609084,9.36,234,12,14.3424
415,1.6528,87.5,173,"2026-03-28_YIUCB",4.18340026773762,476,NA,NA,NA,NA,NA,NA,NA,NA,NA,NA,NA,NA,NA,201.4,43.585675649,-79.754738184,-0.609084,9.36,234,12,14.3424
416,1.65681,87,173,"2026-03-28_YIUCB",4.16354400866017,482,NA,NA,NA,NA,NA,NA,NA,NA,NA,NA,NA,NA,NA,201.4,43.585651425,-79.75470256,-0.609084,9.59,235,12,14.4108
417,1.66065,87,173,"2026-03-28_YIUCB",4.16354400866017,485,NA,NA,NA,NA,NA,NA,NA,NA,NA,NA,NA,NA,NA,201.4,43.585631225,-79.754661322,-0.0596331,9.59,235,12,14.4108
418,1.66489,88,173,"2026-03-28_YIUCB",4.16354400866017,485,NA,NA,NA,NA,NA,NA,NA,NA,NA,NA,NA,NA,NA,201.4,43.585615383,-79.754615053,-0.0596331,9.4,233,12,14.4108
419,1.66875,88,174,"2026-03-28_YIUCB",4.16354400866017,488,NA,NA,NA,NA,NA,NA,NA,NA,NA,NA,NA,NA,NA,201.4,43.585601721,-79.754567277,0.424628,9.4,233,12,14.4108
420,1.67293,87.5,174,"2026-03-28_YIUCB",4.16354400866017,488,NA,NA,NA,NA,NA,NA,NA,NA,NA,NA,NA,NA,NA,201.4,43.585591327,-79.754522182,0.424628,9.4,233,12,14.4108
421,1.67667,87.5,173,"2026-03-28_YIUCB",4.15420405450316,491,NA,NA,NA,NA,NA,NA,NA,NA,NA,NA,NA,NA,NA,201.6,43.585575737,-79.754476501,0.959388,9.4,233,12,14.4432
422,1.68051,88,173,"2026-03-28_YIUCB",4.16354400866017,489,NA,NA,NA,NA,NA,NA,NA,NA,NA,NA,NA,NA,NA,201.6,43.585564673,-79.754435429,0.959388,9.4,233,12,14.4108
423,1.68463,89,173,"2026-03-28_YIUCB",4.16354400866017,486,NA,NA,NA,NA,NA,NA,NA,NA,NA,NA,NA,NA,NA,201.6,43.585544305,-79.754387066,0.959388,9.21,231,12,14.4108
424,1.68872,89,173,"2026-03-28_YIUCB",4.16354400866017,485,NA,NA,NA,NA,NA,NA,NA,NA,NA,NA,NA,NA,NA,201.4,43.585527457,-79.754348341,0.0457618,9.21,231,12,14.4108
425,1.69316,89,173,"2026-03-28_YIUCB",4.16354400866017,482,NA,NA,NA,NA,NA,NA,NA,NA,NA,NA,NA,NA,NA,201.4,43.585514884,-79.754291428,0.0457618,9.21,231,12,14.4108
426,1.69662,88.5,173,"2026-03-28_YIUCB",4.16354400866017,480,NA,NA,NA,NA,NA,NA,NA,NA,NA,NA,NA,NA,NA,201.4,43.585513962,-79.754254212,0.0457618,9.21,231,12,14.4108
427,1.70006,88.5,172,"2026-03-28_YIUCB",4.16354400866017,478,NA,NA,NA,NA,NA,NA,NA,NA,NA,NA,NA,NA,NA,201.4,43.585509771,-79.754205346,0.0457618,9.21,231,12,14.4108
428,1.70348,88.5,172,"2026-03-28_YIUCB",4.16354400866017,477,NA,NA,NA,NA,NA,NA,NA,NA,NA,NA,NA,NA,NA,201.4,43.585516812,-79.754166789,0.0457618,9.21,231,12,14.4108
429,1.70783,88.5,172,"2026-03-28_YIUCB",4.18340026773762,473,NA,NA,NA,NA,NA,NA,NA,NA,NA,NA,NA,NA,NA,201.4,43.585519494,-79.754109038,0.0457618,9.21,231,12,14.3424
430,1.71163,88,172,"2026-03-28_YIUCB",4.18340026773762,473,NA,NA,NA,NA,NA,NA,NA,NA,NA,NA,NA,NA,NA,201.2,43.58552687,-79.75406738,-0.480554,9.36,234,12,14.3424
431,1.71559,87.5,171,"2026-03-28_YIUCB",4.20238695579089,470,NA,NA,NA,NA,NA,NA,NA,NA,NA,NA,NA,NA,NA,201.2,43.585525948,-79.754014322,-1.01531,9.36,234,12,14.2776
432,1.7198,87.5,171,"2026-03-28_YIUCB",4.21300977418268,468,NA,NA,NA,NA,NA,NA,NA,NA,NA,NA,NA,NA,NA,201,43.585526116,-79.753964702,-1.49037,9.36,234,12,14.2416
433,1.72387,89,171,"2026-03-28_YIUCB",4.21300977418268,467,NA,NA,NA,NA,NA,NA,NA,NA,NA,NA,NA,NA,NA,201,43.58552335,-79.753912566,-1.49037,9.17,232,12,14.2416
434,1.72765,89,171,"2026-03-28_YIUCB",4.13462333581411,480,NA,NA,NA,NA,NA,NA,NA,NA,NA,NA,NA,NA,NA,201,43.585521757,-79.753867807,-1.00138,9.25,230,12,14.5116
435,1.73169,88.5,171,"2026-03-28_YIUCB",4.13462333581411,482,NA,NA,NA,NA,NA,NA,NA,NA,NA,NA,NA,NA,NA,201,43.585521506,-79.75381651,-1.00138,9.25,230,12,14.5116
436,1.73574,88.5,171,"2026-03-28_YIUCB",4.19287211740042,472,NA,NA,NA,NA,NA,NA,NA,NA,NA,NA,NA,NA,NA,200.8,43.585519913,-79.753766553,-1.4952,9.17,232,12,14.31
437,1.73966,88.5,171,"2026-03-28_YIUCB",4.19287211740042,473,NA,NA,NA,NA,NA,NA,NA,NA,NA,NA,NA,NA,NA,200.8,43.58551874,-79.753716681,-1.4952,9.17,232,12,14.31
438,1.744,88.5,172,"2026-03-28_YIUCB",4.19287211740042,473,NA,NA,NA,NA,NA,NA,NA,NA,NA,NA,NA,NA,NA,200.8,43.58551941,-79.753662702,-1.4952,9.17,232,12,14.31
439,1.74821,88,171,"2026-03-28_YIUCB",4.17292605575029,478,NA,NA,NA,NA,NA,NA,NA,NA,NA,NA,NA,NA,NA,200.8,43.585521087,-79.753612913,-1.4952,9.4,233,12,14.3784
440,1.75226,88,171,"2026-03-28_YIUCB",4.11522633744856,493,NA,NA,NA,NA,NA,NA,NA,NA,NA,NA,NA,NA,NA,200.8,43.585519494,-79.753559772,-0.968887,9.44,232,12,14.58
441,1.75611,88.5,170,"2026-03-28_YIUCB",4.11522633744856,493,NA,NA,NA,NA,NA,NA,NA,NA,NA,NA,NA,NA,NA,201,43.585525613,-79.753515348,-0.449406,9.25,230,12,14.58
442,1.76003,89.5,169,"2026-03-28_YIUCB",4.11522633744856,491,NA,NA,NA,NA,NA,NA,NA,NA,NA,NA,NA,NA,NA,201,43.585538102,-79.753464218,0.0256534,9.07,228,12,14.58
443,1.76345,89.5,168,"2026-03-28_YIUCB",4.15420405450316,481,NA,NA,NA,NA,NA,NA,NA,NA,NA,NA,NA,NA,NA,201,43.58555386,-79.753432032,0.0256534,9.03,229,12,14.4432
444,1.76753,89.5,168,"2026-03-28_YIUCB",4.16354400866017,477,NA,NA,NA,NA,NA,NA,NA,NA,NA,NA,NA,NA,NA,201.2,43.585571294,-79.753381656,0.515849,9.03,229,12,14.4108
445,1.7709,88.5,168,"2026-03-28_YIUCB",4.21300977418268,471,NA,NA,NA,NA,NA,NA,NA,NA,NA,NA,NA,NA,NA,201.2,43.585588729,-79.753352236,0.515849,9.17,232,12,14.2416
446,1.77505,88.5,168,"2026-03-28_YIUCB",4.2322668020992,467,NA,NA,NA,NA,NA,NA,NA,NA,NA,NA,NA,NA,NA,201,43.585602559,-79.753299346,0.527749,9.14,233,12,14.1768
447,1.7788,88,169,"2026-03-28_YIUCB",4.24304141208418,466,NA,NA,NA,NA,NA,NA,NA,NA,NA,NA,NA,NA,NA,201,43.58561597,-79.753261628,0.527749,9.32,235,12,14.1408
448,1.78309,87.5,169,"2026-03-28_YIUCB",4.25278557455133,464,NA,NA,NA,NA,NA,NA,NA,NA,NA,NA,NA,NA,NA,201,43.585636254,-79.75321033,0.527749,9.32,235,12,14.1084
449,1.78693,87.5,168,"2026-03-28_YIUCB",4.24304141208418,464,NA,NA,NA,NA,NA,NA,NA,NA,NA,NA,NA,NA,NA,200.8,43.585655281,-79.75317806,0,9.32,235,12,14.1408
450,1.79095,88,168,"2026-03-28_YIUCB",4.24304141208418,463,NA,NA,NA,NA,NA,NA,NA,NA,NA,NA,NA,NA,NA,200.8,43.585678164,-79.753132714,0,9.32,235,12,14.1408
451,1.79509,88,169,"2026-03-28_YIUCB",4.2322668020992,465,NA,NA,NA,NA,NA,NA,NA,NA,NA,NA,NA,NA,NA,200.8,43.585701046,-79.753100527,-0.512565,9.32,235,12,14.1768
452,1.79895,87.5,169,"2026-03-28_YIUCB",4.2322668020992,466,NA,NA,NA,NA,NA,NA,NA,NA,NA,NA,NA,NA,NA,200.6,43.585725857,-79.753062557,-1.0307,9.32,235,12,14.1768
453,1.80279,87.5,170,"2026-03-28_YIUCB",4.2322668020992,466,NA,NA,NA,NA,NA,NA,NA,NA,NA,NA,NA,NA,NA,200.6,43.585749578,-79.753029784,-1.0307,9.32,235,12,14.1768
454,1.80671,89,170,"2026-03-28_YIUCB",4.2322668020992,466,NA,NA,NA,NA,NA,NA,NA,NA,NA,NA,NA,NA,NA,200.6,43.585774891,-79.752995167,-1.5209,9.14,233,12,14.1768
455,1.81097,89,170,"2026-03-28_YIUCB",4.2322668020992,467,NA,NA,NA,NA,NA,NA,NA,NA,NA,NA,NA,NA,NA,200.6,43.585801042,-79.752957197,-1.5209,9.14,233,12,14.1768
456,1.81468,88.5,170,"2026-03-28_YIUCB",4.2322668020992,468,NA,NA,NA,NA,NA,NA,NA,NA,NA,NA,NA,NA,NA,200.6,43.585823925,-79.752926603,-1.03897,9.14,233,12,14.1768
457,1.81856,88.5,170,"2026-03-28_YIUCB",4.2322668020992,469,NA,NA,NA,NA,NA,NA,NA,NA,NA,NA,NA,NA,NA,200.6,43.585848735,-79.752889555,-1.03897,9.14,233,12,14.1768
458,1.8222,88.5,170,"2026-03-28_YIUCB",4.2322668020992,468,NA,NA,NA,NA,NA,NA,NA,NA,NA,NA,NA,NA,NA,200.6,43.585872792,-79.752863236,-1.03897,9.14,233,12,14.1768
459,1.82631,88.5,170,"2026-03-28_YIUCB",4.2322668020992,467,NA,NA,NA,NA,NA,NA,NA,NA,NA,NA,NA,NA,NA,200.6,43.585901961,-79.752826607,-0.518135,9.14,233,12,14.1768
460,1.82969,88.5,170,"2026-03-28_YIUCB",4.2322668020992,466,NA,NA,NA,NA,NA,NA,NA,NA,NA,NA,NA,NA,NA,200.6,43.585926603,-79.752809508,-0.518135,9.14,233,12,14.1768
461,1.83382,88,170,"2026-03-28_YIUCB",4.24304141208418,466,NA,NA,NA,NA,NA,NA,NA,NA,NA,NA,NA,NA,NA,200.6,43.585959544,-79.752778243,-0.518135,9.32,235,12,14.1408
462,1.83686,87.5,170,"2026-03-28_YIUCB",4.25278557455133,464,NA,NA,NA,NA,NA,NA,NA,NA,NA,NA,NA,NA,NA,200.6,43.585984019,-79.752764078,0,9.32,235,12,14.1084
463,1.84065,87.5,169,"2026-03-28_YIUCB",4.25278557455133,463,NA,NA,NA,NA,NA,NA,NA,NA,NA,NA,NA,NA,NA,200.6,43.586016625,-79.752737675,0,9.32,235,12,14.1084
464,1.84409,88,169,"2026-03-28_YIUCB",4.25278557455133,464,NA,NA,NA,NA,NA,NA,NA,NA,NA,NA,NA,NA,NA,200.6,43.586043447,-79.752727952,0,9.32,235,12,14.1084
465,1.84801,88.5,169,"2026-03-28_YIUCB",4.26257459505541,461,NA,NA,NA,NA,NA,NA,NA,NA,NA,NA,NA,NA,NA,200.6,43.586078819,-79.752707416,0,9.13,233,12,14.076
466,1.85094,89,169,"2026-03-28_YIUCB",4.28338901739056,459,NA,NA,NA,NA,NA,NA,NA,NA,NA,NA,NA,NA,NA,200.4,43.586102372,-79.752702722,-0.682594,9.1,234,12,14.0076
467,1.85486,89.5,170,"2026-03-28_YIUCB",4.28338901739056,458,NA,NA,NA,NA,NA,NA,NA,NA,NA,NA,NA,NA,NA,200.4,43.586140342,-79.752687719,-0.682594,8.92,232,12,14.0076
468,1.85859,89.5,170,"2026-03-28_YIUCB",4.28338901739056,458,NA,NA,NA,NA,NA,NA,NA,NA,NA,NA,NA,NA,NA,200.6,43.586171271,-79.752683863,-0.146401,8.92,232,12,14.0076
469,1.86276,89.5,170,"2026-03-28_YIUCB",4.29331959471063,457,NA,NA,NA,NA,NA,NA,NA,NA,NA,NA,NA,NA,NA,200.4,43.586211085,-79.752675313,-0.626017,8.92,232,12,13.9752
470,1.86631,89.5,170,"2026-03-28_YIUCB",4.29331959471063,457,NA,NA,NA,NA,NA,NA,NA,NA,NA,NA,NA,NA,NA,200.4,43.586241344,-79.752678331,-0.626017,8.92,232,12,13.9752
471,1.87065,90,170,"2026-03-28_YIUCB",4.30440771349862,456,NA,NA,NA,NA,NA,NA,NA,NA,NA,NA,NA,NA,NA,200.4,43.586284343,-79.752674727,-0.626017,8.92,232,12,13.9392
472,1.87478,90,170,"2026-03-28_YIUCB",4.29331959471063,456,NA,NA,NA,NA,NA,NA,NA,NA,NA,NA,NA,NA,NA,200.4,43.586317619,-79.752682606,-0.626017,8.92,232,12,13.9752
473,1.87918,89.5,170,"2026-03-28_YIUCB",4.29331959471063,455,NA,NA,NA,NA,NA,NA,NA,NA,NA,NA,NA,NA,NA,200.4,43.586360702,-79.752684869,-0.626017,8.92,232,12,13.9752
474,1.88292,89.5,170,"2026-03-28_YIUCB",4.29331959471063,454,NA,NA,NA,NA,NA,NA,NA,NA,NA,NA,NA,NA,NA,200.2,43.586389117,-79.752691742,-1.16078,8.92,232,12,13.9752
475,1.88679,90,170,"2026-03-28_YIUCB",4.28338901739056,455,NA,NA,NA,NA,NA,NA,NA,NA,NA,NA,NA,NA,NA,200.2,43.586427338,-79.752697945,-1.16078,8.92,232,12,14.0076
476,1.89033,90,169,"2026-03-28_YIUCB",4.28338901739056,453,NA,NA,NA,NA,NA,NA,NA,NA,NA,NA,NA,NA,NA,200.2,43.586456675,-79.752707835,-0.478183,8.92,232,12,14.0076
477,1.89439,89.5,169,"2026-03-28_YIUCB",4.28338901739056,452,NA,NA,NA,NA,NA,NA,NA,NA,NA,NA,NA,NA,NA,200.2,43.586495148,-79.752715379,-0.478183,8.92,232,12,14.0076
478,1.89823,89,169,"2026-03-28_YIUCB",4.29331959471063,451,NA,NA,NA,NA,NA,NA,NA,NA,NA,NA,NA,NA,NA,200.2,43.586525826,-79.752724348,-1.01438,9.1,234,12,13.9752
479,1.90201,88.5,168,"2026-03-28_YIUCB",4.29331959471063,452,NA,NA,NA,NA,NA,NA,NA,NA,NA,NA,NA,NA,NA,200,43.586559186,-79.752737507,-1.06386,9.1,234,12,13.9752
480,1.90554,88.5,168,"2026-03-28_YIUCB",4.29331959471063,452,NA,NA,NA,NA,NA,NA,NA,NA,NA,NA,NA,NA,NA,199.8,43.586588187,-79.752750415,-1.63043,9.1,234,12,13.9752
481,1.90894,88.5,168,"2026-03-28_YIUCB",4.30440771349862,451,NA,NA,NA,NA,NA,NA,NA,NA,NA,NA,NA,NA,NA,199.8,43.586620541,-79.752763323,-1.63043,9.09,234,12,13.9392
482,1.91284,89,168,"2026-03-28_YIUCB",4.31443610320131,450,NA,NA,NA,NA,NA,NA,NA,NA,NA,NA,NA,NA,NA,199.8,43.586654739,-79.752777656,-1.63043,9.06,235,12,13.9068
483,1.91685,89,168,"2026-03-28_YIUCB",4.32451133021969,448,NA,NA,NA,NA,NA,NA,NA,NA,NA,NA,NA,NA,NA,199.6,43.586687093,-79.752796097,-2.12919,9.06,235,12,13.8744
484,1.92081,88.5,169,"2026-03-28_YIUCB",4.32451133021969,448,NA,NA,NA,NA,NA,NA,NA,NA,NA,NA,NA,NA,NA,199.6,43.586722968,-79.752806071,-1.59443,9.06,235,12,13.8744
485,1.9244,88.5,168,"2026-03-28_YIUCB",4.32451133021969,449,NA,NA,NA,NA,NA,NA,NA,NA,NA,NA,NA,NA,NA,199.6,43.586751299,-79.752821075,-1.59443,9.06,235,12,13.8744
486,1.92876,88.5,167,"2026-03-28_YIUCB",4.32451133021969,450,NA,NA,NA,NA,NA,NA,NA,NA,NA,NA,NA,NA,NA,199.8,43.586792622,-79.752831887,-1.13571,9.06,235,12,13.8744
487,1.93288,88.5,167,"2026-03-28_YIUCB",4.32451133021969,451,NA,NA,NA,NA,NA,NA,NA,NA,NA,NA,NA,NA,NA,199.8,43.586824724,-79.752846891,-1.13571,9.06,235,12,13.8744
488,1.93702,88.5,167,"2026-03-28_YIUCB",4.32451133021969,452,NA,NA,NA,NA,NA,NA,NA,NA,NA,NA,NA,NA,NA,200,43.58686546,-79.752851836,-0.652619,9.06,235,12,13.8744
489,1.9405,88,167,"2026-03-28_YIUCB",4.31443610320131,456,NA,NA,NA,NA,NA,NA,NA,NA,NA,NA,NA,NA,NA,200,43.586894713,-79.752861978,-0.123518,9.24,237,12,13.9068
490,1.94456,88,168,"2026-03-28_YIUCB",4.31443610320131,456,NA,NA,NA,NA,NA,NA,NA,NA,NA,NA,NA,NA,NA,200.2,43.586936371,-79.752853848,0.935665,9.24,237,12,13.9068
491,1.94851,88,168,"2026-03-28_YIUCB",4.31443610320131,456,NA,NA,NA,NA,NA,NA,NA,NA,NA,NA,NA,NA,NA,200.2,43.586970234,-79.752850244,0.935665,9.24,237,12,13.9068
492,1.95288,88.5,169,"2026-03-28_YIUCB",4.31443610320131,456,NA,NA,NA,NA,NA,NA,NA,NA,NA,NA,NA,NA,NA,200.2,43.587009797,-79.75282493,0.935665,9.06,235,12,13.9068
493,1.95728,88,169,"2026-03-28_YIUCB",4.31443610320131,457,NA,NA,NA,NA,NA,NA,NA,NA,NA,NA,NA,NA,NA,200.2,43.58704366,-79.752800623,1.43442,9.24,237,12,13.9068
494,1.96196,88,169,"2026-03-28_YIUCB",4.30440771349862,461,NA,NA,NA,NA,NA,NA,NA,NA,NA,NA,NA,NA,NA,200.2,43.587073667,-79.752757288,1.43442,9.24,237,12,13.9392
495,1.96629,88,169,"2026-03-28_YIUCB",4.28338901739056,468,NA,NA,NA,NA,NA,NA,NA,NA,NA,NA,NA,NA,NA,200.4,43.587096968,-79.752717977,1.89631,9.28,236,12,14.0076
496,1.97049,88,168,"2026-03-28_YIUCB",4.25278557455133,478,NA,NA,NA,NA,NA,NA,NA,NA,NA,NA,NA,NA,NA,200.4,43.587116917,-79.752673386,1.4376,9.32,235,12,14.1084
497,1.97503,88,167,"2026-03-28_YIUCB",4.24304141208418,486,NA,NA,NA,NA,NA,NA,NA,NA,NA,NA,NA,NA,NA,200.4,43.587136028,-79.752625022,1.4376,9.32,235,12,14.1408
498,1.97911,88,167,"2026-03-28_YIUCB",4.24304141208418,491,NA,NA,NA,NA,NA,NA,NA,NA,NA,NA,NA,NA,NA,200.6,43.58715254,-79.752580179,1.4447,9.32,235,12,14.1408
499,1.98365,88,168,"2026-03-28_YIUCB",4.22261633307998,496,NA,NA,NA,NA,NA,NA,NA,NA,NA,NA,NA,NA,NA,200.6,43.587164024,-79.752527792,1.4447,9.32,235,12,14.2092
500,1.9876,87.5,168,"2026-03-28_YIUCB",4.22261633307998,495,NA,NA,NA,NA,NA,NA,NA,NA,NA,NA,NA,NA,NA,200.6,43.587173328,-79.752484374,0.95209,9.32,235,12,14.2092
501,1.99223,87.5,169,"2026-03-28_YIUCB",4.20238695579089,499,NA,NA,NA,NA,NA,NA,NA,NA,NA,NA,NA,NA,NA,200.6,43.587181458,-79.75242679,0.95209,9.36,234,12,14.2776
502,1.99571,88,169,"2026-03-28_YIUCB",4.20238695579089,500,NA,NA,NA,NA,NA,NA,NA,NA,NA,NA,NA,NA,NA,200.6,43.587190259,-79.752388568,0.95209,9.36,234,12,14.2776
503,1.99973,88,169,"2026-03-28_YIUCB",4.19287211740042,500,NA,NA,NA,NA,NA,NA,NA,NA,NA,NA,NA,NA,NA,200.6,43.587196713,-79.752335008,0.95209,9.36,234,12,14.31
504,2.00336,88,169,"2026-03-28_YIUCB",4.19287211740042,499,NA,NA,NA,NA,NA,NA,NA,NA,NA,NA,NA,NA,NA,200.6,43.587207693,-79.752298798,0.95209,9.36,234,12,14.31
505,2.0067,88,169,"2026-03-28_YIUCB",4.19287211740042,496,NA,NA,NA,NA,NA,NA,NA,NA,NA,NA,NA,NA,NA,200.6,43.587218506,-79.752253033,0.490196,9.36,234,12,14.31
506,2.01047,88,169,"2026-03-28_YIUCB",4.20238695579089,493,NA,NA,NA,NA,NA,NA,NA,NA,NA,NA,NA,NA,NA,200.6,43.587230744,-79.752211878,0.490196,9.36,234,12,14.2776
507,2.01433,88,169,"2026-03-28_YIUCB",4.22261633307998,490,NA,NA,NA,NA,NA,NA,NA,NA,NA,NA,NA,NA,NA,200.4,43.587242227,-79.75216385,-0.0279386,9.32,235,12,14.2092
508,2.01867,88,169,"2026-03-28_YIUCB",4.22261633307998,491,NA,NA,NA,NA,NA,NA,NA,NA,NA,NA,NA,NA,NA,200.4,43.587256811,-79.752115067,-0.518135,9.32,235,12,14.2092
509,2.02308,88,169,"2026-03-28_YIUCB",4.22261633307998,491,NA,NA,NA,NA,NA,NA,NA,NA,NA,NA,NA,NA,NA,200.4,43.587269384,-79.75206092,-0.518135,9.32,235,12,14.2092
510,2.02736,88,169,"2026-03-28_YIUCB",4.21300977418268,491,NA,NA,NA,NA,NA,NA,NA,NA,NA,NA,NA,NA,NA,200.4,43.587286651,-79.752014149,-0.518135,9.36,234,12,14.2416
511,2.03173,87.5,169,"2026-03-28_YIUCB",4.20238695579089,493,NA,NA,NA,NA,NA,NA,NA,NA,NA,NA,NA,NA,NA,200.2,43.587301655,-79.751965031,-0.975801,9.36,234,12,14.2776
512,2.03584,87.5,170,"2026-03-28_YIUCB",4.19287211740042,495,NA,NA,NA,NA,NA,NA,NA,NA,NA,NA,NA,NA,NA,200,43.587311545,-79.751915578,-1.46242,9.36,234,12,14.31
513,2.03978,89,170,"2026-03-28_YIUCB",4.18340026773762,496,NA,NA,NA,NA,NA,NA,NA,NA,NA,NA,NA,NA,NA,199.8,43.587319173,-79.75186713,-1.97003,9.21,231,12,14.3424
514,2.04421,89,170,"2026-03-28_YIUCB",4.18340026773762,495,NA,NA,NA,NA,NA,NA,NA,NA,NA,NA,NA,NA,NA,199.8,43.587316155,-79.751810301,-1.97003,9.21,231,12,14.3424
515,2.04817,88.5,170,"2026-03-28_YIUCB",4.18340026773762,492,NA,NA,NA,NA,NA,NA,NA,NA,NA,NA,NA,NA,NA,199.8,43.587313808,-79.751764033,-1.97003,9.21,231,12,14.3424
516,2.05259,88.5,170,"2026-03-28_YIUCB",4.16354400866017,492,NA,NA,NA,NA,NA,NA,NA,NA,NA,NA,NA,NA,NA,199.6,43.587298889,-79.751708042,-2.42252,9.21,231,12,14.4108
517,2.0567,88.5,170,"2026-03-28_YIUCB",4.16354400866017,487,NA,NA,NA,NA,NA,NA,NA,NA,NA,NA,NA,NA,NA,199.6,43.587290842,-79.751662863,-1.90439,9.21,231,12,14.4108
518,2.0613,88.5,170,"2026-03-28_YIUCB",4.1438753522294,485,NA,NA,NA,NA,NA,NA,NA,NA,NA,NA,NA,NA,NA,199.6,43.587272653,-79.751605866,-1.90439,9.25,230,12,14.4792
519,2.0654,88.5,170,"2026-03-28_YIUCB",4.1438753522294,481,NA,NA,NA,NA,NA,NA,NA,NA,NA,NA,NA,NA,NA,199.4,43.587263265,-79.751562616,-2.39219,9.25,230,12,14.4792
520,2.06991,88.5,170,"2026-03-28_YIUCB",4.11522633744856,482,NA,NA,NA,NA,NA,NA,NA,NA,NA,NA,NA,NA,NA,199.4,43.587245161,-79.751505619,-2.39219,9.25,230,12,14.58
521,2.07394,87.5,170,"2026-03-28_YIUCB",4.11522633744856,480,NA,NA,NA,NA,NA,NA,NA,NA,NA,NA,NA,NA,NA,199.2,43.587241808,-79.751461446,-2.4308,9.44,232,12,14.58
522,2.07806,87.5,170,"2026-03-28_YIUCB",4.09701737135365,479,NA,NA,NA,NA,NA,NA,NA,NA,NA,NA,NA,NA,NA,199.2,43.587241724,-79.751406629,-1.94419,9.47,231,12,14.6448
523,2.08167,88,170,"2026-03-28_YIUCB",4.09701737135365,477,NA,NA,NA,NA,NA,NA,NA,NA,NA,NA,NA,NA,NA,199,43.587245663,-79.75136321,-1.99059,9.47,231,12,14.6448
524,2.08612,88,170,"2026-03-28_YIUCB",4.09701737135365,471,NA,NA,NA,NA,NA,NA,NA,NA,NA,NA,NA,NA,NA,198.8,43.58724734,-79.751304621,-2.44003,9.47,231,12,14.6448
525,2.09018,88,170,"2026-03-28_YIUCB",4.08697073728952,470,NA,NA,NA,NA,NA,NA,NA,NA,NA,NA,NA,NA,NA,198.6,43.587256308,-79.751259694,-2.93264,9.47,231,12,14.6808
526,2.09449,88,170,"2026-03-28_YIUCB",4.08697073728952,465,NA,NA,NA,NA,NA,NA,NA,NA,NA,NA,NA,NA,NA,198.4,43.587262511,-79.751205295,-2.94419,9.47,231,12,14.6808
527,2.09869,88,170,"2026-03-28_YIUCB",4.08697073728952,463,NA,NA,NA,NA,NA,NA,NA,NA,NA,NA,NA,NA,NA,198.2,43.587270977,-79.751155758,-3.42038,9.47,231,12,14.6808
528,2.10256,88.5,170,"2026-03-28_YIUCB",4.08697073728952,461,NA,NA,NA,NA,NA,NA,NA,NA,NA,NA,NA,NA,NA,198.2,43.587281622,-79.751108736,-3.42038,9.29,229,12,14.6808
529,2.1065,88.5,169,"2026-03-28_YIUCB",4.08697073728952,460,NA,NA,NA,NA,NA,NA,NA,NA,NA,NA,NA,NA,NA,198.2,43.587294027,-79.751063222,-2.93257,9.29,229,12,14.6808
530,2.11066,88.5,169,"2026-03-28_YIUCB",4.08697073728952,460,NA,NA,NA,NA,NA,NA,NA,NA,NA,NA,NA,NA,NA,198.2,43.587308192,-79.751014942,-2.93257,9.29,229,12,14.6808
531,2.11468,88,169,"2026-03-28_YIUCB",4.08697073728952,461,NA,NA,NA,NA,NA,NA,NA,NA,NA,NA,NA,NA,NA,198.2,43.587324286,-79.750970518,-2.43629,9.47,231,12,14.6808
532,2.11873,87.5,169,"2026-03-28_YIUCB",4.08697073728952,461,NA,NA,NA,NA,NA,NA,NA,NA,NA,NA,NA,NA,NA,198.2,43.587343899,-79.750930704,-2.43629,9.47,231,12,14.6808
533,2.12268,87.5,169,"2026-03-28_YIUCB",4.08697073728952,461,NA,NA,NA,NA,NA,NA,NA,NA,NA,NA,NA,NA,NA,198.2,43.587366614,-79.750889465,-1.88228,9.47,231,12,14.6808
534,2.12632,88.5,169,"2026-03-28_YIUCB",4.08697073728952,460,NA,NA,NA,NA,NA,NA,NA,NA,NA,NA,NA,NA,NA,198.2,43.587387904,-79.750856105,-1.43284,9.29,229,12,14.6808
535,2.13045,88.5,169,"2026-03-28_YIUCB",4.08697073728952,457,NA,NA,NA,NA,NA,NA,NA,NA,NA,NA,NA,NA,NA,198.2,43.587414978,-79.750815453,-0.940228,9.29,229,12,14.6808
536,2.13413,88.5,169,"2026-03-28_YIUCB",4.09701737135365,453,NA,NA,NA,NA,NA,NA,NA,NA,NA,NA,NA,NA,NA,198.2,43.58744004,-79.750791564,-0.47619,9.29,229,12,14.6448
537,2.13783,89,169,"2026-03-28_YIUCB",4.09701737135365,452,NA,NA,NA,NA,NA,NA,NA,NA,NA,NA,NA,NA,NA,198.2,43.587471053,-79.750765748,0,9.29,229,12,14.6448
538,2.14138,89,169,"2026-03-28_YIUCB",4.10610166707728,450,NA,NA,NA,NA,NA,NA,NA,NA,NA,NA,NA,NA,NA,198,43.587500138,-79.750749236,-0.56338,9.28,229,12,14.6124
539,2.14522,88.5,169,"2026-03-28_YIUCB",4.11522633744856,448,NA,NA,NA,NA,NA,NA,NA,NA,NA,NA,NA,NA,NA,198,43.587531403,-79.750723587,-0.56338,9.25,230,12,14.58
540,2.14873,88.5,169,"2026-03-28_YIUCB",4.12541254125412,446,NA,NA,NA,NA,NA,NA,NA,NA,NA,NA,NA,NA,NA,198,43.587558895,-79.750711433,-0.56338,9.25,230,12,14.544
541,2.15233,88.5,169,"2026-03-28_YIUCB",4.13462333581411,443,NA,NA,NA,NA,NA,NA,NA,NA,NA,NA,NA,NA,NA,197.8,43.587591501,-79.75068721,-1.11894,9.25,230,12,14.5116
542,2.15596,88.5,169,"2026-03-28_YIUCB",4.1438753522294,440,NA,NA,NA,NA,NA,NA,NA,NA,NA,NA,NA,NA,NA,197.8,43.587618407,-79.750673296,-1.11894,9.25,230,12,14.4792
543,2.15956,88.5,169,"2026-03-28_YIUCB",4.16354400866017,437,NA,NA,NA,NA,NA,NA,NA,NA,NA,NA,NA,NA,NA,197.8,43.587651515,-79.750651,-1.11894,9.21,231,12,14.4108
544,2.16352,89.5,169,"2026-03-28_YIUCB",4.17292605575029,434,NA,NA,NA,NA,NA,NA,NA,NA,NA,NA,NA,NA,NA,197.8,43.587685546,-79.750639098,-1.11894,9.03,229,12,14.3784
545,2.16754,89.5,169,"2026-03-28_YIUCB",4.18340026773762,431,NA,NA,NA,NA,NA,NA,NA,NA,NA,NA,NA,NA,NA,197.6,43.587723935,-79.750625016,-1.61645,9.03,229,12,14.3424
546,2.17152,89.5,169,"2026-03-28_YIUCB",4.18340026773762,428,NA,NA,NA,NA,NA,NA,NA,NA,NA,NA,NA,NA,NA,197.4,43.587758217,-79.750621412,-2.11896,9.03,229,12,14.3424
547,2.17565,89.5,169,"2026-03-28_YIUCB",4.19287211740042,425,NA,NA,NA,NA,NA,NA,NA,NA,NA,NA,NA,NA,NA,197.2,43.58779736,-79.750611773,-2.60322,9,230,12,14.31
548,2.17974,89.5,169,"2026-03-28_YIUCB",4.19287211740042,426,NA,NA,NA,NA,NA,NA,NA,NA,NA,NA,NA,NA,NA,196.8,43.587831558,-79.750604061,-3.01784,9,230,12,14.31
549,2.18423,89.5,169,"2026-03-28_YIUCB",4.19287211740042,427,NA,NA,NA,NA,NA,NA,NA,NA,NA,NA,NA,NA,NA,196.8,43.587872211,-79.750597188,-3.01784,9,230,12,14.31
550,2.18851,89.5,168,"2026-03-28_YIUCB",4.18340026773762,430,NA,NA,NA,NA,NA,NA,NA,NA,NA,NA,NA,NA,NA,196.6,43.587911606,-79.750598278,-3.48513,9.03,229,12,14.3424
551,2.19277,89.5,168,"2026-03-28_YIUCB",4.17292605575029,434,NA,NA,NA,NA,NA,NA,NA,NA,NA,NA,NA,NA,NA,196.6,43.587948318,-79.75060842,-2.92957,9.03,229,12,14.3784
552,2.19659,88.5,168,"2026-03-28_YIUCB",4.16354400866017,438,NA,NA,NA,NA,NA,NA,NA,NA,NA,NA,NA,NA,NA,196.6,43.587983774,-79.750621747,-2.92957,9.21,231,12,14.4108
553,2.20071,88.5,168,"2026-03-28_YIUCB",4.16354400866017,438,NA,NA,NA,NA,NA,NA,NA,NA,NA,NA,NA,NA,NA,196.6,43.588011853,-79.750647144,-2.92957,9.21,231,12,14.4108
554,2.20445,88,168,"2026-03-28_YIUCB",4.16354400866017,437,NA,NA,NA,NA,NA,NA,NA,NA,NA,NA,NA,NA,NA,196.4,43.588043453,-79.75067799,-3.46433,9.4,233,12,14.4108
555,2.20804,88,168,"2026-03-28_YIUCB",4.16354400866017,434,NA,NA,NA,NA,NA,NA,NA,NA,NA,NA,NA,NA,NA,196.4,43.588060804,-79.750710679,-2.96682,9.4,233,12,14.4108
556,2.21224,87.5,169,"2026-03-28_YIUCB",4.16354400866017,430,NA,NA,NA,NA,NA,NA,NA,NA,NA,NA,NA,NA,NA,196.2,43.588088548,-79.750751583,-2.9405,9.4,233,12,14.4108
557,2.21565,87,170,"2026-03-28_YIUCB",4.17292605575029,432,NA,NA,NA,NA,NA,NA,NA,NA,NA,NA,NA,NA,NA,196.2,43.588102797,-79.750784105,-2.45623,9.55,236,12,14.3784
558,2.21937,87,171,"2026-03-28_YIUCB",4.18340026773762,435,NA,NA,NA,NA,NA,NA,NA,NA,NA,NA,NA,NA,NA,196.4,43.588125679,-79.750823919,-0.940605,9.55,236,12,14.3424
559,2.22263,87,172,"2026-03-28_YIUCB",4.19287211740042,437,NA,NA,NA,NA,NA,NA,NA,NA,NA,NA,NA,NA,NA,196.6,43.588135654,-79.750857111,-0.327108,9.55,236,12,14.31
560,2.2265,87.5,173,"2026-03-28_YIUCB",4.20238695579089,439,NA,NA,NA,NA,NA,NA,NA,NA,NA,NA,NA,NA,NA,196.6,43.5881551,-79.750903044,0.140182,9.36,234,12,14.2776
561,2.22991,88,173,"2026-03-28_YIUCB",4.22261633307998,443,NA,NA,NA,NA,NA,NA,NA,NA,NA,NA,NA,NA,NA,196.8,43.588161805,-79.750942439,0.726692,9.32,235,12,14.2092
562,2.23423,88.5,174,"2026-03-28_YIUCB",4.22261633307998,448,NA,NA,NA,NA,NA,NA,NA,NA,NA,NA,NA,NA,NA,197,43.588177061,-79.750994909,1.18965,9.17,232,12,14.2092
563,2.23769,88.5,174,"2026-03-28_YIUCB",4.2322668020992,455,NA,NA,NA,NA,NA,NA,NA,NA,NA,NA,NA,NA,NA,197.2,43.588188376,-79.751031119,1.76769,9.14,233,12,14.1768
564,2.24183,88.5,174,"2026-03-28_YIUCB",4.24304141208418,459,NA,NA,NA,NA,NA,NA,NA,NA,NA,NA,NA,NA,NA,197.4,43.588211343,-79.751074035,2.78554,9.14,233,12,14.1408
565,2.24559,88,175,"2026-03-28_YIUCB",4.24304141208418,466,NA,NA,NA,NA,NA,NA,NA,NA,NA,NA,NA,NA,NA,197.6,43.588227771,-79.7511141,3.31746,9.32,235,12,14.1408
566,2.25012,87.5,175,"2026-03-28_YIUCB",4.25278557455133,473,NA,NA,NA,NA,NA,NA,NA,NA,NA,NA,NA,NA,NA,197.6,43.588247217,-79.751161877,3.79365,9.32,235,12,14.1084
567,2.25379,87.5,175,"2026-03-28_YIUCB",4.24304141208418,480,NA,NA,NA,NA,NA,NA,NA,NA,NA,NA,NA,NA,NA,197.6,43.588264903,-79.751199596,3.79365,9.32,235,12,14.1408
568,2.2577,89,175,"2026-03-28_YIUCB",4.24304141208418,483,NA,NA,NA,NA,NA,NA,NA,NA,NA,NA,NA,NA,NA,197.6,43.588286612,-79.751237566,3.25601,9.14,233,12,14.1408
569,2.26138,89,175,"2026-03-28_YIUCB",4.24304141208418,487,NA,NA,NA,NA,NA,NA,NA,NA,NA,NA,NA,NA,NA,197.6,43.588306729,-79.751275033,2.64251,9.14,233,12,14.1408
570,2.26538,88.5,176,"2026-03-28_YIUCB",4.24304141208418,492,NA,NA,NA,NA,NA,NA,NA,NA,NA,NA,NA,NA,NA,197.4,43.588329024,-79.751312919,2.14251,9.14,233,12,14.1408
571,2.26898,88.5,176,"2026-03-28_YIUCB",4.25278557455133,494,NA,NA,NA,NA,NA,NA,NA,NA,NA,NA,NA,NA,NA,197.4,43.588350734,-79.751347955,1.556,9.13,233,12,14.1084
572,2.27297,88.5,176,"2026-03-28_YIUCB",4.25278557455133,500,NA,NA,NA,NA,NA,NA,NA,NA,NA,NA,NA,NA,NA,197.6,43.588373029,-79.751385841,1.59429,9.13,233,12,14.1084
573,2.27671,89,177,"2026-03-28_YIUCB",4.26257459505541,506,NA,NA,NA,NA,NA,NA,NA,NA,NA,NA,NA,NA,NA,197.8,43.588393146,-79.751424398,1.55102,9.13,233,12,14.076
574,2.28049,89.5,177,"2026-03-28_YIUCB",4.26257459505541,510,NA,NA,NA,NA,NA,NA,NA,NA,NA,NA,NA,NA,NA,198,43.588408317,-79.751466308,1.59703,8.96,231,12,14.076
575,2.28449,89.5,178,"2026-03-28_YIUCB",4.27350427350427,515,NA,NA,NA,NA,NA,NA,NA,NA,NA,NA,NA,NA,NA,198.4,43.588417705,-79.751517689,2.06511,8.92,232,12,14.04
576,2.28819,89.5,178,"2026-03-28_YIUCB",4.27350427350427,521,NA,NA,NA,NA,NA,NA,NA,NA,NA,NA,NA,NA,NA,198.6,43.588419717,-79.75156052,2.60565,8.92,232,12,14.04
577,2.29236,89.5,178,"2026-03-28_YIUCB",4.28338901739056,538,NA,NA,NA,NA,NA,NA,NA,NA,NA,NA,NA,NA,NA,199.2,43.5884255,-79.751616511,4.0445,8.92,232,12,14.0076
578,2.29623,89.5,178,"2026-03-28_YIUCB",4.28338901739056,554,NA,NA,NA,NA,NA,NA,NA,NA,NA,NA,NA,NA,NA,199.2,43.588420974,-79.751657415,4.0445,8.92,232,12,14.0076
579,2.30026,89.5,177,"2026-03-28_YIUCB",4.28338901739056,561,NA,NA,NA,NA,NA,NA,NA,NA,NA,NA,NA,NA,NA,199.2,43.588420639,-79.751712987,4.0445,8.92,232,11,14.0076
580,2.30411,87.5,177,"2026-03-28_YIUCB",4.28338901739056,567,NA,NA,NA,NA,NA,NA,NA,NA,NA,NA,NA,NA,NA,199.4,43.588411754,-79.751753891,5.06398,9.28,236,12,14.0076
581,2.30842,87.5,177,"2026-03-28_YIUCB",4.28338901739056,571,NA,NA,NA,NA,NA,NA,NA,NA,NA,NA,NA,NA,NA,199.6,43.588403204,-79.751809798,5.52802,9.28,236,11,14.0076
582,2.31188,88,177,"2026-03-28_YIUCB",4.28338901739056,573,NA,NA,NA,NA,NA,NA,NA,NA,NA,NA,NA,NA,NA,199.4,43.588391051,-79.751846176,4.44873,9.28,236,11,14.0076
583,2.31599,88,176,"2026-03-28_YIUCB",4.28338901739056,573,NA,NA,NA,NA,NA,NA,NA,NA,NA,NA,NA,NA,NA,199.4,43.588384345,-79.751899904,3.91397,9.28,236,12,14.0076
584,2.31984,88,176,"2026-03-28_YIUCB",4.28338901739056,571,NA,NA,NA,NA,NA,NA,NA,NA,NA,NA,NA,NA,NA,199.4,43.588371604,-79.751941562,3.38487,9.28,236,12,14.0076
585,2.32387,88,176,"2026-03-28_YIUCB",4.28338901739056,571,NA,NA,NA,NA,NA,NA,NA,NA,NA,NA,NA,NA,NA,199.6,43.588366324,-79.751995709,2.88115,9.28,236,11,14.0076
586,2.32753,88.5,175,"2026-03-28_YIUCB",4.28338901739056,571,NA,NA,NA,NA,NA,NA,NA,NA,NA,NA,NA,NA,NA,199.6,43.588357439,-79.752036026,2.34061,9.1,234,11,14.0076
587,2.33144,89,175,"2026-03-28_YIUCB",4.28338901739056,575,NA,NA,NA,NA,NA,NA,NA,NA,NA,NA,NA,NA,NA,199.8,43.588354673,-79.752086149,1.41327,9.1,234,11,14.0076
588,2.33496,89,175,"2026-03-28_YIUCB",4.29331959471063,578,NA,NA,NA,NA,NA,NA,NA,NA,NA,NA,NA,NA,NA,200,43.588350734,-79.752130406,1.98145,9.1,234,11,13.9752
589,2.33908,89,175,"2026-03-28_YIUCB",4.29331959471063,582,NA,NA,NA,NA,NA,NA,NA,NA,NA,NA,NA,NA,NA,200.2,43.588348387,-79.752183882,2.46689,9.1,234,12,13.9752
590,2.34317,88.5,175,"2026-03-28_YIUCB",4.30440771349862,585,NA,NA,NA,NA,NA,NA,NA,NA,NA,NA,NA,NA,NA,200.4,43.588350231,-79.752233587,2.43641,9.09,234,11,13.9392
591,2.34742,88.5,175,"2026-03-28_YIUCB",4.30440771349862,587,NA,NA,NA,NA,NA,NA,NA,NA,NA,NA,NA,NA,NA,200.6,43.588356098,-79.752285471,2.44296,9.09,234,11,13.9392
592,2.35146,89,175,"2026-03-28_YIUCB",4.29331959471063,589,NA,NA,NA,NA,NA,NA,NA,NA,NA,NA,NA,NA,NA,200.4,43.588374706,-79.752330482,2.52594,9.1,234,11,13.9752
593,2.35534,89,175,"2026-03-28_YIUCB",4.28338901739056,587,NA,NA,NA,NA,NA,NA,NA,NA,NA,NA,NA,NA,NA,200.4,43.588393984,-79.752368452,2.52594,9.1,234,11,14.0076
594,2.35932,89,175,"2026-03-28_YIUCB",4.28338901739056,578,NA,NA,NA,NA,NA,NA,NA,NA,NA,NA,NA,NA,NA,200.4,43.588422231,-79.752404913,2.52594,9.1,234,11,14.0076
595,2.36338,89,176,"2026-03-28_YIUCB",4.28338901739056,565,NA,NA,NA,NA,NA,NA,NA,NA,NA,NA,NA,NA,NA,200.4,43.58844679,-79.752438106,2.02966,9.1,234,11,14.0076
596,2.36759,88.5,175,"2026-03-28_YIUCB",4.28338901739056,550,NA,NA,NA,NA,NA,NA,NA,NA,NA,NA,NA,NA,NA,200.2,43.588480402,-79.75246761,1.5546,9.1,234,11,14.0076
597,2.37195,88,175,"2026-03-28_YIUCB",4.27350427350427,538,NA,NA,NA,NA,NA,NA,NA,NA,NA,NA,NA,NA,NA,200.2,43.5885089,-79.75249921,1.0431,9.28,236,11,14.04
598,2.37607,88,175,"2026-03-28_YIUCB",4.27350427350427,523,NA,NA,NA,NA,NA,NA,NA,NA,NA,NA,NA,NA,NA,200,43.588543014,-79.752526535,-0.0105231,9.28,236,11,14.04
599,2.38027,88,175,"2026-03-28_YIUCB",4.25278557455133,513,NA,NA,NA,NA,NA,NA,NA,NA,NA,NA,NA,NA,NA,200,43.588570926,-79.752556123,-0.49596,9.32,235,11,14.1084
600,2.38442,88.5,175,"2026-03-28_YIUCB",4.25278557455133,500,NA,NA,NA,NA,NA,NA,NA,NA,NA,NA,NA,NA,NA,199.8,43.588603616,-79.752586968,-1.46689,9.13,233,11,14.1084
601,2.38809,88.5,175,"2026-03-28_YIUCB",4.24304141208418,492,NA,NA,NA,NA,NA,NA,NA,NA,NA,NA,NA,NA,NA,199.8,43.588622307,-79.752619658,-1.93747,9.14,233,11,14.1408
602,2.39209,89,175,"2026-03-28_YIUCB",4.24304141208418,488,NA,NA,NA,NA,NA,NA,NA,NA,NA,NA,NA,NA,NA,199.8,43.588644268,-79.752666345,-1.44242,9.14,233,11,14.1408
603,2.39601,89,175,"2026-03-28_YIUCB",4.24304141208418,482,NA,NA,NA,NA,NA,NA,NA,NA,NA,NA,NA,NA,NA,199.8,43.588656254,-79.752705824,-1.44242,9.14,233,11,14.1408
604,2.40022,89.5,175,"2026-03-28_YIUCB",4.24304141208418,476,NA,NA,NA,NA,NA,NA,NA,NA,NA,NA,NA,NA,NA,199.8,43.588673688,-79.752757456,-1.44242,8.96,231,11,14.1408
605,2.40404,88.5,175,"2026-03-28_YIUCB",4.24304141208418,471,NA,NA,NA,NA,NA,NA,NA,NA,NA,NA,NA,NA,NA,199.8,43.588679472,-79.752799114,-1.44242,9.14,233,11,14.1408
606,2.40789,89,175,"2026-03-28_YIUCB",4.2322668020992,469,NA,NA,NA,NA,NA,NA,NA,NA,NA,NA,NA,NA,NA,199.8,43.588702438,-79.752844209,-0.967365,9.14,233,11,14.1768
607,2.41194,88.5,175,"2026-03-28_YIUCB",4.2322668020992,466,NA,NA,NA,NA,NA,NA,NA,NA,NA,NA,NA,NA,NA,199.8,43.588714424,-79.752885029,-0.967365,9.14,233,11,14.1768
608,2.4162,89,175,"2026-03-28_YIUCB",4.2322668020992,464,NA,NA,NA,NA,NA,NA,NA,NA,NA,NA,NA,NA,NA,199.6,43.588733535,-79.752936996,-0.951411,9.14,233,11,14.1768
609,2.41989,89,175,"2026-03-28_YIUCB",4.2322668020992,462,NA,NA,NA,NA,NA,NA,NA,NA,NA,NA,NA,NA,NA,199.6,43.588745186,-79.752974547,-0.951411,9.14,233,11,14.1768
610,2.42404,89.5,176,"2026-03-28_YIUCB",4.2322668020992,458,NA,NA,NA,NA,NA,NA,NA,NA,NA,NA,NA,NA,NA,199.6,43.588768907,-79.753019642,-0.469484,8.96,231,11,14.1768
611,2.42759,89,177,"2026-03-28_YIUCB",4.22261633307998,459,NA,NA,NA,NA,NA,NA,NA,NA,NA,NA,NA,NA,NA,199.6,43.58878676,-79.753052331,-0.469484,9.17,232,11,14.2092
612,2.43169,89,178,"2026-03-28_YIUCB",4.2322668020992,455,NA,NA,NA,NA,NA,NA,NA,NA,NA,NA,NA,NA,NA,199.4,43.588814504,-79.753089044,-0.957288,9.14,233,11,14.1768
613,2.43537,88.5,178,"2026-03-28_YIUCB",4.2322668020992,454,NA,NA,NA,NA,NA,NA,NA,NA,NA,NA,NA,NA,NA,199.4,43.5888368,-79.753122069,-0.957288,9.14,233,11,14.1768
614,2.43949,88.5,179,"2026-03-28_YIUCB",4.24304141208418,453,NA,NA,NA,NA,NA,NA,NA,NA,NA,NA,NA,NA,NA,199.2,43.588863622,-79.753162973,-1.44273,9.14,233,11,14.1408
615,2.44367,88.5,178,"2026-03-28_YIUCB",4.2322668020992,454,NA,NA,NA,NA,NA,NA,NA,NA,NA,NA,NA,NA,NA,199.4,43.588885918,-79.753199518,-0.964256,9.14,233,11,14.1768
616,2.44792,89,178,"2026-03-28_YIUCB",4.2322668020992,455,NA,NA,NA,NA,NA,NA,NA,NA,NA,NA,NA,NA,NA,199.4,43.588913411,-79.753241846,-0.964256,9.14,233,11,14.1768
617,2.45206,89.5,177,"2026-03-28_YIUCB",4.22261633307998,456,NA,NA,NA,NA,NA,NA,NA,NA,NA,NA,NA,NA,NA,199.4,43.58893512,-79.753279816,-0.964256,8.99,230,11,14.2092
618,2.45648,89.5,177,"2026-03-28_YIUCB",4.21300977418268,460,NA,NA,NA,NA,NA,NA,NA,NA,NA,NA,NA,NA,NA,199.6,43.588962612,-79.753320301,-0.0422842,9,230,11,14.2416
619,2.46056,89.5,176,"2026-03-28_YIUCB",4.21300977418268,460,NA,NA,NA,NA,NA,NA,NA,NA,NA,NA,NA,NA,NA,199.6,43.588986836,-79.753355589,-0.0422842,9,230,11,14.2416
620,2.46449,89.5,175,"2026-03-28_YIUCB",4.19287211740042,464,NA,NA,NA,NA,NA,NA,NA,NA,NA,NA,NA,NA,NA,199.6,43.58900997,-79.753395319,-0.0422842,9,230,11,14.31
621,2.46863,89.5,174,"2026-03-28_YIUCB",4.19287211740042,464,NA,NA,NA,NA,NA,NA,NA,NA,NA,NA,NA,NA,NA,199.6,43.58903344,-79.753432199,-0.0422842,9,230,11,14.31
622,2.47267,89.5,173,"2026-03-28_YIUCB",4.18340026773762,466,NA,NA,NA,NA,NA,NA,NA,NA,NA,NA,NA,NA,NA,199.4,43.589056406,-79.753471762,-0.0495288,9.03,229,11,14.3424
623,2.47641,89.5,173,"2026-03-28_YIUCB",4.18340026773762,466,NA,NA,NA,NA,NA,NA,NA,NA,NA,NA,NA,NA,NA,199.4,43.589078869,-79.753506128,-0.0495288,9.03,229,11,14.3424
624,2.48028,89.5,173,"2026-03-28_YIUCB",4.18340026773762,466,NA,NA,NA,NA,NA,NA,NA,NA,NA,NA,NA,NA,NA,199.2,43.589102506,-79.753542002,-0.0808878,9.03,229,11,14.3424
625,2.48422,89.5,172,"2026-03-28_YIUCB",4.18340026773762,467,NA,NA,NA,NA,NA,NA,NA,NA,NA,NA,NA,NA,NA,199.2,43.589126227,-79.753577877,-0.559357,9.03,229,11,14.3424
626,2.48841,89.5,172,"2026-03-28_YIUCB",4.19287211740042,467,NA,NA,NA,NA,NA,NA,NA,NA,NA,NA,NA,NA,NA,199.2,43.589152798,-79.753616182,-0.559357,9,230,11,14.31
627,2.49273,89.5,171,"2026-03-28_YIUCB",4.19287211740042,470,NA,NA,NA,NA,NA,NA,NA,NA,NA,NA,NA,NA,NA,199.4,43.589181883,-79.753650883,-0.0963937,9,230,11,14.31
628,2.49661,89.5,171,"2026-03-28_YIUCB",4.18340026773762,472,NA,NA,NA,NA,NA,NA,NA,NA,NA,NA,NA,NA,NA,199.4,43.589206861,-79.753682818,-0.548882,9.03,229,11,14.3424
629,2.50085,89.5,171,"2026-03-28_YIUCB",4.17292605575029,473,NA,NA,NA,NA,NA,NA,NA,NA,NA,NA,NA,NA,NA,199.4,43.589236533,-79.753719699,-0.548882,9.03,229,11,14.3784
630,2.50504,89.5,171,"2026-03-28_YIUCB",4.17292605575029,474,NA,NA,NA,NA,NA,NA,NA,NA,NA,NA,NA,NA,NA,199.4,43.58926478,-79.753752388,-0.548882,9.03,229,11,14.3784
631,2.50914,89.5,171,"2026-03-28_YIUCB",4.17292605575029,474,NA,NA,NA,NA,NA,NA,NA,NA,NA,NA,NA,NA,NA,199.4,43.589291854,-79.753787843,-0.548882,9.03,229,11,14.3784
632,2.51321,89.5,171,"2026-03-28_YIUCB",4.16354400866017,476,NA,NA,NA,NA,NA,NA,NA,NA,NA,NA,NA,NA,NA,199.2,43.589315407,-79.753827993,-0.545233,9.03,229,11,14.4108
633,2.51758,89.5,170,"2026-03-28_YIUCB",4.16354400866017,478,NA,NA,NA,NA,NA,NA,NA,NA,NA,NA,NA,NA,NA,199.4,43.589340888,-79.753868813,-0.0875675,9.03,229,11,14.4108
634,2.52174,89.5,170,"2026-03-28_YIUCB",4.15420405450316,483,NA,NA,NA,NA,NA,NA,NA,NA,NA,NA,NA,NA,NA,199.4,43.589358993,-79.753910722,0.429228,9.03,229,11,14.4432
635,2.52592,90,170,"2026-03-28_YIUCB",4.1438753522294,487,NA,NA,NA,NA,NA,NA,NA,NA,NA,NA,NA,NA,NA,199.6,43.589382378,-79.753953973,0.907697,9.07,228,11,14.4792
636,2.52951,90.5,170,"2026-03-28_YIUCB",4.1438753522294,487,NA,NA,NA,NA,NA,NA,NA,NA,NA,NA,NA,NA,NA,199.8,43.589395622,-79.753989763,1.4648,8.9,226,11,14.4792
637,2.53371,90.5,170,"2026-03-28_YIUCB",4.13462333581411,490,NA,NA,NA,NA,NA,NA,NA,NA,NA,NA,NA,NA,NA,200,43.589423198,-79.754031757,1.47803,8.9,226,11,14.5116
638,2.5375,90,170,"2026-03-28_YIUCB",4.1438753522294,488,NA,NA,NA,NA,NA,NA,NA,NA,NA,NA,NA,NA,NA,200,43.589443315,-79.754068972,1.47803,9.07,228,11,14.4792
639,2.5413,90,170,"2026-03-28_YIUCB",4.1438753522294,486,NA,NA,NA,NA,NA,NA,NA,NA,NA,NA,NA,NA,NA,199.8,43.589460749,-79.754110463,0.951712,9.07,228,11,14.4792
640,2.54466,90,169,"2026-03-28_YIUCB",4.1438753522294,484,NA,NA,NA,NA,NA,NA,NA,NA,NA,NA,NA,NA,NA,199.4,43.589467035,-79.754156815,-0.238764,9.07,228,11,14.4792
641,2.5476,88,168,"2026-03-28_YIUCB",4.15420405450316,482,NA,NA,NA,NA,NA,NA,NA,NA,NA,NA,NA,NA,NA,199.2,43.589460749,-79.754191013,-0.919036,9.4,233,11,14.4432
642,2.55106,85,168,"2026-03-28_YIUCB",4.17292605575029,479,NA,NA,NA,NA,NA,NA,NA,NA,NA,NA,NA,NA,NA,198.8,43.589447673,-79.754237197,-1.58371,9.92,241,11,14.3784
643,2.55446,85,168,"2026-03-28_YIUCB",4.17292605575029,476,NA,NA,NA,NA,NA,NA,NA,NA,NA,NA,NA,NA,NA,198.6,43.589432418,-79.754271563,-2.62961,9.92,241,11,14.3784
644,2.55873,84.5,168,"2026-03-28_YIUCB",4.22261633307998,469,NA,NA,NA,NA,NA,NA,NA,NA,NA,NA,NA,NA,NA,198.4,43.589415906,-79.75432286,-3.09799,10.09,244,11,14.2092
645,2.56259,84.5,169,"2026-03-28_YIUCB",4.24304141208418,464,NA,NA,NA,NA,NA,NA,NA,NA,NA,NA,NA,NA,NA,198.4,43.589400818,-79.754362255,-3.57646,10.05,245,11,14.1408
646,2.56687,85,170,"2026-03-28_YIUCB",4.25278557455133,460,NA,NA,NA,NA,NA,NA,NA,NA,NA,NA,NA,NA,NA,198.4,43.589380115,-79.75441548,-4.13356,9.87,242,11,14.1084
647,2.57101,86,171,"2026-03-28_YIUCB",4.24304141208418,459,NA,NA,NA,NA,NA,NA,NA,NA,NA,NA,NA,NA,NA,198.4,43.589357149,-79.754449343,-4.60975,9.67,240,11,14.1408
648,2.57476,86.5,171,"2026-03-28_YIUCB",4.2322668020992,458,NA,NA,NA,NA,NA,NA,NA,NA,NA,NA,NA,NA,NA,198.4,43.589324124,-79.754470549,-4.60975,9.51,237,11,14.1768
649,2.57829,87.5,172,"2026-03-28_YIUCB",4.2322668020992,456,NA,NA,NA,NA,NA,NA,NA,NA,NA,NA,NA,NA,NA,198.6,43.589294955,-79.754469544,-3.51686,9.32,235,11,14.1768
650,2.58208,88,172,"2026-03-28_YIUCB",4.2322668020992,457,NA,NA,NA,NA,NA,NA,NA,NA,NA,NA,NA,NA,NA,198.6,43.589257153,-79.754464347,-2.32639,9.32,235,11,14.1768
651,2.58562,88,171,"2026-03-28_YIUCB",4.27350427350427,452,NA,NA,NA,NA,NA,NA,NA,NA,NA,NA,NA,NA,NA,198.6,43.589228906,-79.754458312,-1.64612,9.28,236,11,14.04
652,2.58889,88,171,"2026-03-28_YIUCB",4.28338901739056,452,NA,NA,NA,NA,NA,NA,NA,NA,NA,NA,NA,NA,NA,198.6,43.589198228,-79.754457641,-0.490047,9.28,236,11,14.0076
653,2.59249,88,171,"2026-03-28_YIUCB",4.30440771349862,452,NA,NA,NA,NA,NA,NA,NA,NA,NA,NA,NA,NA,NA,198.8,43.5891647,-79.754456384,0.653744,9.24,237,11,13.9392
654,2.59614,88,171,"2026-03-28_YIUCB",4.33576135969476,451,NA,NA,NA,NA,NA,NA,NA,NA,NA,NA,NA,NA,NA,198.8,43.589132681,-79.754453869,1.12213,9.24,237,11,13.8384
655,2.60001,88,171,"2026-03-28_YIUCB",4.34593654932638,451,NA,NA,NA,NA,NA,NA,NA,NA,NA,NA,NA,NA,NA,199,43.58909731,-79.7544677,1.63892,9.2,238,11,13.806
656,2.60392,88.5,171,"2026-03-28_YIUCB",4.3561596096881,449,NA,NA,NA,NA,NA,NA,NA,NA,NA,NA,NA,NA,NA,199,43.589065794,-79.754480775,1.63892,9.02,236,11,13.7736
657,2.60804,89,170,"2026-03-28_YIUCB",4.3561596096881,450,NA,NA,NA,NA,NA,NA,NA,NA,NA,NA,NA,NA,NA,199.2,43.589030338,-79.754502317,2.12436,9.02,236,11,13.7736
658,2.61165,89,170,"2026-03-28_YIUCB",4.3561596096881,450,NA,NA,NA,NA,NA,NA,NA,NA,NA,NA,NA,NA,NA,199.2,43.589000415,-79.754515057,2.12436,9.02,236,11,13.7736
659,2.61564,87.5,170,"2026-03-28_YIUCB",4.3561596096881,452,NA,NA,NA,NA,NA,NA,NA,NA,NA,NA,NA,NA,NA,199.2,43.588967474,-79.754541041,1.55779,9.2,238,11,13.7736
660,2.61977,87.5,169,"2026-03-28_YIUCB",4.34593654932638,455,NA,NA,NA,NA,NA,NA,NA,NA,NA,NA,NA,NA,NA,199.2,43.588934868,-79.754557051,1.55779,9.2,238,11,13.806
661,2.62394,88,169,"2026-03-28_YIUCB",4.34593654932638,455,NA,NA,NA,NA,NA,NA,NA,NA,NA,NA,NA,NA,NA,199.2,43.588901173,-79.754582029,1.55779,9.2,238,11,13.806
662,2.62759,88.5,168,"2026-03-28_YIUCB",4.33576135969476,455,NA,NA,NA,NA,NA,NA,NA,NA,NA,NA,NA,NA,NA,199,43.588871501,-79.754590327,1.00984,9.06,235,11,13.8384
663,2.63175,89.5,168,"2026-03-28_YIUCB",4.33576135969476,454,NA,NA,NA,NA,NA,NA,NA,NA,NA,NA,NA,NA,NA,199,43.588833615,-79.754607929,0.454288,8.88,233,11,13.8384
664,2.63524,89.5,168,"2026-03-28_YIUCB",4.32451133021969,454,NA,NA,NA,NA,NA,NA,NA,NA,NA,NA,NA,NA,NA,198.8,43.588805536,-79.754602983,-0.118778,8.88,233,11,13.8744
665,2.6392,89.5,168,"2026-03-28_YIUCB",4.33576135969476,451,NA,NA,NA,NA,NA,NA,NA,NA,NA,NA,NA,NA,NA,198.8,43.588765386,-79.754603822,-0.635574,8.88,233,11,13.8384
666,2.64251,89.5,169,"2026-03-28_YIUCB",4.32451133021969,450,NA,NA,NA,NA,NA,NA,NA,NA,NA,NA,NA,NA,NA,198.6,43.588738313,-79.754595691,-1.2398,8.88,233,11,13.8744
667,2.64664,89.5,170,"2026-03-28_YIUCB",4.33576135969476,446,NA,NA,NA,NA,NA,NA,NA,NA,NA,NA,NA,NA,NA,198.4,43.588696319,-79.754594685,-2.2095,8.88,233,11,13.8384
668,2.65024,89.5,171,"2026-03-28_YIUCB",4.33576135969476,445,NA,NA,NA,NA,NA,NA,NA,NA,NA,NA,NA,NA,NA,198.2,43.588667989,-79.754587896,-2.76506,8.88,233,11,13.8384
669,2.65488,88.5,171,"2026-03-28_YIUCB",4.34593654932638,443,NA,NA,NA,NA,NA,NA,NA,NA,NA,NA,NA,NA,NA,198.2,43.588622307,-79.75458513,-2.76506,9.06,235,11,13.806
670,2.65872,88.5,171,"2026-03-28_YIUCB",4.33576135969476,442,NA,NA,NA,NA,NA,NA,NA,NA,NA,NA,NA,NA,NA,198,43.588593054,-79.75457306,-3.28589,9.06,235,11,13.8384
671,2.6626,89,171,"2026-03-28_YIUCB",4.32451133021969,443,NA,NA,NA,NA,NA,NA,NA,NA,NA,NA,NA,NA,NA,198,43.588554665,-79.754553446,-3.28589,9.06,235,11,13.8744
672,2.6665,89.5,170,"2026-03-28_YIUCB",4.32451133021969,441,NA,NA,NA,NA,NA,NA,NA,NA,NA,NA,NA,NA,NA,198,43.588529352,-79.754530229,-2.73795,8.88,233,11,13.8744
673,2.67092,89.5,170,"2026-03-28_YIUCB",4.32451133021969,442,NA,NA,NA,NA,NA,NA,NA,NA,NA,NA,NA,NA,NA,198,43.588490376,-79.754501395,-2.73795,8.88,233,11,13.8744
674,2.67493,89.5,169,"2026-03-28_YIUCB",4.31443610320131,444,NA,NA,NA,NA,NA,NA,NA,NA,NA,NA,NA,NA,NA,198.2,43.588461039,-79.754480775,-1.66613,8.89,233,11,13.9068
675,2.67895,88.5,169,"2026-03-28_YIUCB",4.29331959471063,451,NA,NA,NA,NA,NA,NA,NA,NA,NA,NA,NA,NA,NA,198.2,43.588423405,-79.754464598,-1.66613,9.28,236,11,13.9752
676,2.68301,88.5,169,"2026-03-28_YIUCB",4.29331959471063,453,NA,NA,NA,NA,NA,NA,NA,NA,NA,NA,NA,NA,NA,198.4,43.588392978,-79.754446829,-0.569286,9.28,236,11,13.9752
677,2.68678,88.5,170,"2026-03-28_YIUCB",4.28338901739056,455,NA,NA,NA,NA,NA,NA,NA,NA,NA,NA,NA,NA,NA,198.4,43.588357607,-79.754428975,-0.0850249,9.1,234,11,14.0076
678,2.69075,88.5,170,"2026-03-28_YIUCB",4.28338901739056,456,NA,NA,NA,NA,NA,NA,NA,NA,NA,NA,NA,NA,NA,198.4,43.58832542,-79.754413888,0.470531,9.1,234,11,14.0076
679,2.69505,89,171,"2026-03-28_YIUCB",4.28338901739056,456,NA,NA,NA,NA,NA,NA,NA,NA,NA,NA,NA,NA,NA,198.4,43.588283511,-79.754402656,0.470531,9.1,234,11,14.0076
680,2.69947,89.5,173,"2026-03-28_YIUCB",4.28338901739056,456,NA,NA,NA,NA,NA,NA,NA,NA,NA,NA,NA,NA,NA,198.2,43.588248977,-79.75439134,0.538875,8.92,232,11,14.0076
681,2.70348,89.5,173,"2026-03-28_YIUCB",4.26257459505541,460,NA,NA,NA,NA,NA,NA,NA,NA,NA,NA,NA,NA,NA,198.2,43.588210672,-79.754384383,0.538875,8.96,231,11,14.076
682,2.70754,88.5,174,"2026-03-28_YIUCB",4.25278557455133,465,NA,NA,NA,NA,NA,NA,NA,NA,NA,NA,NA,NA,NA,198.2,43.588175971,-79.754380444,0.538875,9.13,233,11,14.1084
683,2.71158,88.5,174,"2026-03-28_YIUCB",4.24304141208418,468,NA,NA,NA,NA,NA,NA,NA,NA,NA,NA,NA,NA,NA,198.2,43.588140096,-79.754375834,0.538875,9.14,233,11,14.1408
684,2.71545,89.5,173,"2026-03-28_YIUCB",4.24304141208418,468,NA,NA,NA,NA,NA,NA,NA,NA,NA,NA,NA,NA,NA,198.2,43.588105395,-79.754373906,0.0401221,8.96,231,11,14.1408
685,2.71924,89.5,173,"2026-03-28_YIUCB",4.24304141208418,468,NA,NA,NA,NA,NA,NA,NA,NA,NA,NA,NA,NA,NA,198,43.58807061,-79.754369631,-0.487582,8.96,231,11,14.1408
686,2.72345,89.5,173,"2026-03-28_YIUCB",4.24304141208418,468,NA,NA,NA,NA,NA,NA,NA,NA,NA,NA,NA,NA,NA,198,43.588031467,-79.754370805,-0.980193,8.96,231,11,14.1408
687,2.72731,88.5,173,"2026-03-28_YIUCB",4.24304141208418,468,NA,NA,NA,NA,NA,NA,NA,NA,NA,NA,NA,NA,NA,197.8,43.58799861,-79.754365943,-1.49833,9.14,233,11,14.1408
688,2.73118,88.5,173,"2026-03-28_YIUCB",4.2322668020992,468,NA,NA,NA,NA,NA,NA,NA,NA,NA,NA,NA,NA,NA,197.8,43.587963071,-79.754368877,-1.49833,9.14,233,11,14.1768
689,2.73497,89.5,173,"2026-03-28_YIUCB",4.2322668020992,465,NA,NA,NA,NA,NA,NA,NA,NA,NA,NA,NA,NA,NA,197.6,43.587931052,-79.754366446,-2.02603,8.96,231,11,14.1768
690,2.73889,89.5,172,"2026-03-28_YIUCB",4.2322668020992,463,NA,NA,NA,NA,NA,NA,NA,NA,NA,NA,NA,NA,NA,197.6,43.587894087,-79.754372397,-1.57354,8.96,231,11,14.1768
691,2.7425,89.5,172,"2026-03-28_YIUCB",4.24304141208418,460,NA,NA,NA,NA,NA,NA,NA,NA,NA,NA,NA,NA,NA,197.6,43.587863745,-79.754367117,-1.57354,8.96,231,11,14.1408
692,2.74651,89,172,"2026-03-28_YIUCB",4.24304141208418,460,NA,NA,NA,NA,NA,NA,NA,NA,NA,NA,NA,NA,NA,197.6,43.587825272,-79.754368877,-1.57354,9.14,233,11,14.1408
693,2.75037,88.5,172,"2026-03-28_YIUCB",4.24304141208418,459,NA,NA,NA,NA,NA,NA,NA,NA,NA,NA,NA,NA,NA,197.6,43.587793672,-79.754360663,-1.57354,9.14,233,11,14.1408
694,2.75438,88.5,171,"2026-03-28_YIUCB",4.25278557455133,457,NA,NA,NA,NA,NA,NA,NA,NA,NA,NA,NA,NA,NA,197.6,43.587755535,-79.754357645,-1.57354,9.13,233,11,14.1084
695,2.75774,89,171,"2026-03-28_YIUCB",4.24304141208418,459,NA,NA,NA,NA,NA,NA,NA,NA,NA,NA,NA,NA,NA,197.6,43.587730557,-79.754341803,-1.04584,9.14,233,11,14.1408
696,2.76152,89,171,"2026-03-28_YIUCB",4.25278557455133,457,NA,NA,NA,NA,NA,NA,NA,NA,NA,NA,NA,NA,NA,197.6,43.587693592,-79.75433493,-1.04584,9.13,233,11,14.1084
697,2.76509,89,170,"2026-03-28_YIUCB",4.26257459505541,456,NA,NA,NA,NA,NA,NA,NA,NA,NA,NA,NA,NA,NA,197.8,43.587667525,-79.754318166,0.0325196,9.13,233,11,14.076
698,2.76884,89,170,"2026-03-28_YIUCB",4.26257459505541,455,NA,NA,NA,NA,NA,NA,NA,NA,NA,NA,NA,NA,NA,197.6,43.587629974,-79.75430836,-0.500814,9.13,233,11,14.076
699,2.77237,89,170,"2026-03-28_YIUCB",4.28338901739056,452,NA,NA,NA,NA,NA,NA,NA,NA,NA,NA,NA,NA,NA,197.6,43.587604241,-79.754294194,0.0268908,9.1,234,11,14.0076
700,2.77594,88.5,171,"2026-03-28_YIUCB",4.28338901739056,452,NA,NA,NA,NA,NA,NA,NA,NA,NA,NA,NA,NA,NA,197.6,43.587565265,-79.754289668,0.0268908,9.1,234,11,14.0076
701,2.7797,88.5,172,"2026-03-28_YIUCB",4.29331959471063,449,NA,NA,NA,NA,NA,NA,NA,NA,NA,NA,NA,NA,NA,197.6,43.587536851,-79.754277095,0.0268908,9.1,234,11,13.9752
702,2.78407,88.5,172,"2026-03-28_YIUCB",4.30440771349862,448,NA,NA,NA,NA,NA,NA,NA,NA,NA,NA,NA,NA,NA,197.6,43.587493432,-79.754276257,0.0268908,9.09,234,11,13.9392
703,2.78795,89,173,"2026-03-28_YIUCB",4.30440771349862,447,NA,NA,NA,NA,NA,NA,NA,NA,NA,NA,NA,NA,NA,197.6,43.587463425,-79.754264522,0.0268908,9.09,234,11,13.9392
704,2.79207,89.5,172,"2026-03-28_YIUCB",4.29331959471063,447,NA,NA,NA,NA,NA,NA,NA,NA,NA,NA,NA,NA,NA,197.6,43.587421935,-79.754264187,0.0268908,8.92,232,11,13.9752
705,2.79598,89.5,172,"2026-03-28_YIUCB",4.29331959471063,447,NA,NA,NA,NA,NA,NA,NA,NA,NA,NA,NA,NA,NA,197.6,43.587389832,-79.754258655,0.0268908,8.92,232,11,13.9752
706,2.80039,89.5,172,"2026-03-28_YIUCB",4.29331959471063,448,NA,NA,NA,NA,NA,NA,NA,NA,NA,NA,NA,NA,NA,197.8,43.587347671,-79.754265947,0.480405,8.92,232,11,13.9752
707,2.80426,89.5,172,"2026-03-28_YIUCB",4.29331959471063,449,NA,NA,NA,NA,NA,NA,NA,NA,NA,NA,NA,NA,NA,197.8,43.587316574,-79.754268294,-0.0798186,8.92,232,11,13.9752
708,2.80823,89.5,171,"2026-03-28_YIUCB",4.28338901739056,451,NA,NA,NA,NA,NA,NA,NA,NA,NA,NA,NA,NA,NA,197.8,43.587279275,-79.754286064,0.453515,8.92,232,11,14.0076
709,2.81193,89,170,"2026-03-28_YIUCB",4.28338901739056,453,NA,NA,NA,NA,NA,NA,NA,NA,NA,NA,NA,NA,NA,197.8,43.587248094,-79.754293607,0.453515,9.1,234,11,14.0076
710,2.81632,89,169,"2026-03-28_YIUCB",4.28338901739056,453,NA,NA,NA,NA,NA,NA,NA,NA,NA,NA,NA,NA,NA,197.8,43.587208783,-79.754310371,0.453515,9.1,234,11,14.0076
711,2.82011,89,168,"2026-03-28_YIUCB",4.27350427350427,456,NA,NA,NA,NA,NA,NA,NA,NA,NA,NA,NA,NA,NA,197.8,43.587177183,-79.754317999,0.453515,9.1,234,11,14.04
712,2.8243,89,169,"2026-03-28_YIUCB",4.27350427350427,456,NA,NA,NA,NA,NA,NA,NA,NA,NA,NA,NA,NA,NA,197.8,43.587140722,-79.754335433,0.453515,9.1,234,11,14.04
713,2.82852,89.5,170,"2026-03-28_YIUCB",4.27350427350427,456,NA,NA,NA,NA,NA,NA,NA,NA,NA,NA,NA,NA,NA,197.6,43.58710292,-79.754348677,-0.0204189,8.92,232,11,14.04
714,2.83271,89,171,"2026-03-28_YIUCB",4.26257459505541,459,NA,NA,NA,NA,NA,NA,NA,NA,NA,NA,NA,NA,NA,197.6,43.587067464,-79.754361417,-0.0204189,9.13,233,11,14.076
715,2.83645,89,172,"2026-03-28_YIUCB",4.25278557455133,461,NA,NA,NA,NA,NA,NA,NA,NA,NA,NA,NA,NA,NA,197.4,43.587034691,-79.754364267,-0.555178,9.13,233,11,14.1084
716,2.84059,88.5,172,"2026-03-28_YIUCB",4.25278557455133,461,NA,NA,NA,NA,NA,NA,NA,NA,NA,NA,NA,NA,NA,197.4,43.586996553,-79.754369212,-1.00869,9.13,233,11,14.1084
717,2.84457,89,172,"2026-03-28_YIUCB",4.25278557455133,461,NA,NA,NA,NA,NA,NA,NA,NA,NA,NA,NA,NA,NA,197.2,43.586960763,-79.754379773,-1.51121,9.13,233,11,14.1084
718,2.84861,89.5,171,"2026-03-28_YIUCB",4.24304141208418,460,NA,NA,NA,NA,NA,NA,NA,NA,NA,NA,NA,NA,NA,196.8,43.586925559,-79.7543843,-2.5013,8.96,231,11,14.1408
719,2.85288,89.5,170,"2026-03-28_YIUCB",4.24304141208418,457,NA,NA,NA,NA,NA,NA,NA,NA,NA,NA,NA,NA,NA,196.6,43.586885493,-79.754392682,-2.96969,8.96,231,11,14.1408
720,2.85702,89.5,169,"2026-03-28_YIUCB",4.24304141208418,454,NA,NA,NA,NA,NA,NA,NA,NA,NA,NA,NA,NA,NA,196.4,43.586850457,-79.754395112,-3.45278,8.96,231,11,14.1408
721,2.86137,88.5,168,"2026-03-28_YIUCB",4.2322668020992,453,NA,NA,NA,NA,NA,NA,NA,NA,NA,NA,NA,NA,NA,196,43.586810056,-79.754407937,-4.37232,9.14,233,11,14.1768
722,2.86528,88.5,168,"2026-03-28_YIUCB",4.22261633307998,450,NA,NA,NA,NA,NA,NA,NA,NA,NA,NA,NA,NA,NA,195.8,43.586777953,-79.754411708,-4.88383,9.17,232,11,14.2092
723,2.86963,88.5,168,"2026-03-28_YIUCB",4.20238695579089,450,NA,NA,NA,NA,NA,NA,NA,NA,NA,NA,NA,NA,NA,195.6,43.586736882,-79.754430149,-4.86967,9.17,232,11,14.2776
724,2.87389,88,169,"2026-03-28_YIUCB",4.20238695579089,448,NA,NA,NA,NA,NA,NA,NA,NA,NA,NA,NA,NA,NA,195.4,43.586702097,-79.754438279,-5.33915,9.36,234,11,14.2776
725,2.87853,88,169,"2026-03-28_YIUCB",4.19287211740042,444,NA,NA,NA,NA,NA,NA,NA,NA,NA,NA,NA,NA,NA,195.2,43.586660774,-79.754460659,-5.23542,9.36,234,11,14.31
726,2.88248,88,170,"2026-03-28_YIUCB",4.18340026773762,441,NA,NA,NA,NA,NA,NA,NA,NA,NA,NA,NA,NA,NA,195,43.586628336,-79.754469711,-5.74175,9.36,234,11,14.3424
727,2.88687,88,170,"2026-03-28_YIUCB",4.16354400866017,432,NA,NA,NA,NA,NA,NA,NA,NA,NA,NA,NA,NA,NA,195,43.586591288,-79.754499802,-5.23924,9.4,233,11,14.4108
728,2.89072,88.5,171,"2026-03-28_YIUCB",4.16354400866017,423,NA,NA,NA,NA,NA,NA,NA,NA,NA,NA,NA,NA,NA,195,43.586563293,-79.754519248,-4.24914,9.21,231,11,14.4108
729,2.89495,89.5,171,"2026-03-28_YIUCB",4.15420405450316,417,NA,NA,NA,NA,NA,NA,NA,NA,NA,NA,NA,NA,NA,194.8,43.586532699,-79.754560152,-4.25357,9.03,229,11,14.4432
730,2.89903,89.5,171,"2026-03-28_YIUCB",4.15420405450316,412,NA,NA,NA,NA,NA,NA,NA,NA,NA,NA,NA,NA,NA,194.8,43.586507469,-79.754591249,-3.77048,9.03,229,11,14.4432
731,2.90319,89.5,170,"2026-03-28_YIUCB",4.1438753522294,409,NA,NA,NA,NA,NA,NA,NA,NA,NA,NA,NA,NA,NA,195,43.58649037,-79.754642462,-2.37017,9.07,228,11,14.4792
732,2.90736,89.5,170,"2026-03-28_YIUCB",4.1438753522294,409,NA,NA,NA,NA,NA,NA,NA,NA,NA,NA,NA,NA,NA,195,43.586471092,-79.754686132,-1.85866,9.07,228,11,14.4792
733,2.91156,89,170,"2026-03-28_YIUCB",4.13462333581411,413,NA,NA,NA,NA,NA,NA,NA,NA,NA,NA,NA,NA,NA,195,43.586459441,-79.754735166,-1.39889,9.25,230,11,14.5116
734,2.91541,88.5,169,"2026-03-28_YIUCB",4.13462333581411,415,NA,NA,NA,NA,NA,NA,NA,NA,NA,NA,NA,NA,NA,195,43.586452568,-79.75478068,-0.929408,9.25,230,11,14.5116
735,2.91961,88.5,169,"2026-03-28_YIUCB",4.13462333581411,420,NA,NA,NA,NA,NA,NA,NA,NA,NA,NA,NA,NA,NA,195.2,43.586447958,-79.754834659,-0.0221826,9.25,230,11,14.5116
736,2.92352,88,169,"2026-03-28_YIUCB",4.12541254125412,431,NA,NA,NA,NA,NA,NA,NA,NA,NA,NA,NA,NA,NA,195.4,43.586446198,-79.754880508,0.995655,9.43,232,11,14.544
737,2.92763,88,169,"2026-03-28_YIUCB",4.12541254125412,440,NA,NA,NA,NA,NA,NA,NA,NA,NA,NA,NA,NA,NA,195.4,43.586450808,-79.75493323,0.995655,9.43,232,11,14.544
738,2.93163,88,169,"2026-03-28_YIUCB",4.12541254125412,452,NA,NA,NA,NA,NA,NA,NA,NA,NA,NA,NA,NA,NA,195.6,43.586454915,-79.754982097,1.49566,9.43,232,11,14.544
739,2.93597,88.5,169,"2026-03-28_YIUCB",4.12541254125412,464,NA,NA,NA,NA,NA,NA,NA,NA,NA,NA,NA,NA,NA,195.8,43.586464219,-79.755033646,2.4293,9.25,230,11,14.544
740,2.93987,88.5,168,"2026-03-28_YIUCB",4.12541254125412,469,NA,NA,NA,NA,NA,NA,NA,NA,NA,NA,NA,NA,NA,196,43.586475786,-79.755079914,2.94212,9.25,230,11,14.544
741,2.94379,88.5,168,"2026-03-28_YIUCB",4.11522633744856,475,NA,NA,NA,NA,NA,NA,NA,NA,NA,NA,NA,NA,NA,196,43.586486179,-79.755125679,2.46135,9.25,230,11,14.58
742,2.94779,88.5,168,"2026-03-28_YIUCB",4.11522633744856,478,NA,NA,NA,NA,NA,NA,NA,NA,NA,NA,NA,NA,NA,196,43.586502859,-79.75517245,2.46135,9.25,230,11,14.58
743,2.95205,89,169,"2026-03-28_YIUCB",4.11522633744856,481,NA,NA,NA,NA,NA,NA,NA,NA,NA,NA,NA,NA,NA,196.2,43.586514929,-79.755218634,2.93083,9.25,230,11,14.58
744,2.9561,89,170,"2026-03-28_YIUCB",4.11522633744856,486,NA,NA,NA,NA,NA,NA,NA,NA,NA,NA,NA,NA,NA,196.2,43.586534124,-79.755264483,2.93083,9.25,230,11,14.58
745,2.96008,88.5,171,"2026-03-28_YIUCB",4.11522633744856,491,NA,NA,NA,NA,NA,NA,NA,NA,NA,NA,NA,NA,NA,196.2,43.586548457,-79.755305806,2.45464,9.25,230,11,14.58
746,2.96388,88.5,170,"2026-03-28_YIUCB",4.11522633744856,495,NA,NA,NA,NA,NA,NA,NA,NA,NA,NA,NA,NA,NA,196.4,43.586568657,-79.75534671,2.46945,9.25,230,11,14.58
747,2.96749,88.5,170,"2026-03-28_YIUCB",4.11522633744856,498,NA,NA,NA,NA,NA,NA,NA,NA,NA,NA,NA,NA,NA,196.4,43.586583828,-79.755383758,2.46945,9.25,230,11,14.58
748,2.97129,89.5,169,"2026-03-28_YIUCB",4.11522633744856,499,NA,NA,NA,NA,NA,NA,NA,NA,NA,NA,NA,NA,NA,196.4,43.586606627,-79.755423991,1.96945,9.07,228,11,14.58
749,2.97514,89,168,"2026-03-28_YIUCB",4.13462333581411,500,NA,NA,NA,NA,NA,NA,NA,NA,NA,NA,NA,NA,NA,196.4,43.586624145,-79.755462212,1.50862,9.25,230,11,14.5116
750,2.97922,89.5,167,"2026-03-28_YIUCB",4.1438753522294,500,NA,NA,NA,NA,NA,NA,NA,NA,NA,NA,NA,NA,NA,196.4,43.586647615,-79.755504541,0.995799,9.07,228,11,14.4792
751,2.98315,89.5,167,"2026-03-28_YIUCB",4.1438753522294,504,NA,NA,NA,NA,NA,NA,NA,NA,NA,NA,NA,NA,NA,196.4,43.58666572,-79.755543517,0.995799,9.07,228,11,14.4792
752,2.9873,89.5,167,"2026-03-28_YIUCB",4.1438753522294,508,NA,NA,NA,NA,NA,NA,NA,NA,NA,NA,NA,NA,NA,196.6,43.586693212,-79.755582828,1.47773,9.07,228,11,14.4792
753,2.99126,89.5,168,"2026-03-28_YIUCB",4.1438753522294,511,NA,NA,NA,NA,NA,NA,NA,NA,NA,NA,NA,NA,NA,196.8,43.586714838,-79.755617445,1.51329,9.07,228,11,14.4792
754,2.99529,89.5,168,"2026-03-28_YIUCB",4.1438753522294,515,NA,NA,NA,NA,NA,NA,NA,NA,NA,NA,NA,NA,NA,196.8,43.586744593,-79.75565047,1.51329,9.07,228,11,14.4792
755,2.99904,89.5,168,"2026-03-28_YIUCB",4.1438753522294,519,NA,NA,NA,NA,NA,NA,NA,NA,NA,NA,NA,NA,NA,197.2,43.586765632,-79.755682489,2.57996,9.07,228,11,14.4792
756,3.00297,89.5,168,"2026-03-28_YIUCB",4.1438753522294,525,NA,NA,NA,NA,NA,NA,NA,NA,NA,NA,NA,NA,NA,197.4,43.586794549,-79.755715346,2.56255,9.07,228,11,14.4792
757,3.00682,89.5,169,"2026-03-28_YIUCB",4.15420405450316,529,NA,NA,NA,NA,NA,NA,NA,NA,NA,NA,NA,NA,NA,197.6,43.586812487,-79.755751304,3.08203,9.03,229,11,14.4432
758,3.01052,89.5,170,"2026-03-28_YIUCB",4.15420405450316,533,NA,NA,NA,NA,NA,NA,NA,NA,NA,NA,NA,NA,NA,197.8,43.586837465,-79.755787933,3.62257,9.03,229,11,14.4432
759,3.01412,89.5,171,"2026-03-28_YIUCB",4.16354400866017,543,NA,NA,NA,NA,NA,NA,NA,NA,NA,NA,NA,NA,NA,198,43.586853307,-79.755822299,4.17813,9.03,229,11,14.4108
760,3.01805,89.5,171,"2026-03-28_YIUCB",4.17292605575029,549,NA,NA,NA,NA,NA,NA,NA,NA,NA,NA,NA,NA,NA,198,43.586876357,-79.755864041,4.17813,9.03,229,11,14.3784
761,3.02169,89.5,170,"2026-03-28_YIUCB",4.18340026773762,553,NA,NA,NA,NA,NA,NA,NA,NA,NA,NA,NA,NA,NA,198.2,43.586885912,-79.755902933,4.72758,9.03,229,11,14.3424
762,3.0255,89.5,170,"2026-03-28_YIUCB",4.18340026773762,555,NA,NA,NA,NA,NA,NA,NA,NA,NA,NA,NA,NA,NA,198.2,43.586899742,-79.755951632,4.24565,9.03,229,11,14.3424
763,3.02903,89.5,170,"2026-03-28_YIUCB",4.19287211740042,554,NA,NA,NA,NA,NA,NA,NA,NA,NA,NA,NA,NA,NA,198,43.586901838,-79.755991278,3.17403,9,230,11,14.31
764,3.03301,88.5,170,"2026-03-28_YIUCB",4.20238695579089,552,NA,NA,NA,NA,NA,NA,NA,NA,NA,NA,NA,NA,NA,198,43.586910723,-79.756044419,3.17403,9.17,232,11,14.2776
765,3.0368,89.5,170,"2026-03-28_YIUCB",4.22261633307998,544,NA,NA,NA,NA,NA,NA,NA,NA,NA,NA,NA,NA,NA,198,43.58691198,-79.756085994,2.10736,8.99,230,11,14.2092
766,3.04094,89,170,"2026-03-28_YIUCB",4.22261633307998,540,NA,NA,NA,NA,NA,NA,NA,NA,NA,NA,NA,NA,NA,197.8,43.586921284,-79.756140476,1.11536,9.17,232,11,14.2092
767,3.0448,89.5,169,"2026-03-28_YIUCB",4.22261633307998,531,NA,NA,NA,NA,NA,NA,NA,NA,NA,NA,NA,NA,NA,197.8,43.586919104,-79.756183727,0.595883,8.99,230,11,14.2092
768,3.04899,89.5,168,"2026-03-28_YIUCB",4.2322668020992,521,NA,NA,NA,NA,NA,NA,NA,NA,NA,NA,NA,NA,NA,197.8,43.586925056,-79.756240472,0.0553421,8.96,231,11,14.1768
769,3.0525,89.5,168,"2026-03-28_YIUCB",4.22261633307998,514,NA,NA,NA,NA,NA,NA,NA,NA,NA,NA,NA,NA,NA,197.6,43.58692581,-79.756278861,-1.07001,8.99,230,11,14.2092
770,3.05654,89.5,168,"2026-03-28_YIUCB",4.2322668020992,505,NA,NA,NA,NA,NA,NA,NA,NA,NA,NA,NA,NA,NA,197.6,43.586932767,-79.756332422,-1.07001,8.96,231,11,14.1768
771,3.06034,88.5,169,"2026-03-28_YIUCB",4.2322668020992,499,NA,NA,NA,NA,NA,NA,NA,NA,NA,NA,NA,NA,NA,197.4,43.586926983,-79.756379193,-2.14578,9.14,233,11,14.1768
772,3.06401,88.5,170,"2026-03-28_YIUCB",4.24304141208418,492,NA,NA,NA,NA,NA,NA,NA,NA,NA,NA,NA,NA,NA,197.4,43.586917177,-79.75642764,-2.14578,9.14,233,11,14.1408
773,3.06748,88.5,170,"2026-03-28_YIUCB",4.24304141208418,489,NA,NA,NA,NA,NA,NA,NA,NA,NA,NA,NA,NA,NA,197.4,43.586894462,-79.756461754,-1.57921,9.14,233,11,14.1408
774,3.07133,88.5,171,"2026-03-28_YIUCB",4.25278557455133,485,NA,NA,NA,NA,NA,NA,NA,NA,NA,NA,NA,NA,NA,197.2,43.586862443,-79.756486146,-2.09869,9.13,233,11,14.1084
775,3.0748,88.5,171,"2026-03-28_YIUCB",4.26257459505541,481,NA,NA,NA,NA,NA,NA,NA,NA,NA,NA,NA,NA,NA,197.2,43.586831849,-79.756494863,-2.09869,9.13,233,11,14.076
776,3.07875,88.5,171,"2026-03-28_YIUCB",4.26257459505541,480,NA,NA,NA,NA,NA,NA,NA,NA,NA,NA,NA,NA,NA,197,43.586796393,-79.756488241,-2.12193,9.13,233,11,14.076
777,3.08295,89,172,"2026-03-28_YIUCB",4.27350427350427,477,NA,NA,NA,NA,NA,NA,NA,NA,NA,NA,NA,NA,NA,197,43.586759932,-79.756476423,-2.12193,9.1,234,11,14.04
778,3.08664,89,172,"2026-03-28_YIUCB",4.27350427350427,474,NA,NA,NA,NA,NA,NA,NA,NA,NA,NA,NA,NA,NA,196.8,43.586730344,-79.756459324,-2.66393,9.1,234,11,14.04
779,3.09038,88.5,172,"2026-03-28_YIUCB",4.27350427350427,470,NA,NA,NA,NA,NA,NA,NA,NA,NA,NA,NA,NA,NA,196.6,43.586697487,-79.756442392,-2.62889,9.1,234,11,14.04
780,3.09424,88.5,172,"2026-03-28_YIUCB",4.27350427350427,464,NA,NA,NA,NA,NA,NA,NA,NA,NA,NA,NA,NA,NA,196.6,43.58666815,-79.756422611,-2.62889,9.1,234,11,14.04
781,3.09826,88,172,"2026-03-28_YIUCB",4.28338901739056,460,NA,NA,NA,NA,NA,NA,NA,NA,NA,NA,NA,NA,NA,196.4,43.586630013,-79.756414648,-2.60009,9.28,236,11,14.0076
782,3.10208,88,172,"2026-03-28_YIUCB",4.28338901739056,456,NA,NA,NA,NA,NA,NA,NA,NA,NA,NA,NA,NA,NA,196.4,43.586602688,-79.756396878,-2.60009,9.28,236,11,14.0076
783,3.10619,88.5,173,"2026-03-28_YIUCB",4.28338901739056,452,NA,NA,NA,NA,NA,NA,NA,NA,NA,NA,NA,NA,NA,196.2,43.586562455,-79.756385647,-3.0867,9.1,234,11,14.0076
784,3.11006,88.5,174,"2026-03-28_YIUCB",4.28338901739056,449,NA,NA,NA,NA,NA,NA,NA,NA,NA,NA,NA,NA,NA,196.2,43.586532447,-79.75636729,-2.56722,9.1,234,11,14.0076
785,3.11416,87.5,174,"2026-03-28_YIUCB",4.28338901739056,447,NA,NA,NA,NA,NA,NA,NA,NA,NA,NA,NA,NA,NA,196.2,43.586494645,-79.756342061,-2.56722,9.28,236,11,14.0076
786,3.11797,87.5,174,"2026-03-28_YIUCB",4.28338901739056,444,NA,NA,NA,NA,NA,NA,NA,NA,NA,NA,NA,NA,NA,196,43.586475786,-79.756307443,-2.58583,9.28,236,11,14.0076
787,3.1223,89,174,"2026-03-28_YIUCB",4.28338901739056,440,NA,NA,NA,NA,NA,NA,NA,NA,NA,NA,NA,NA,NA,196,43.586448964,-79.756261008,-2.58583,9.1,234,11,14.0076
788,3.12629,89,173,"2026-03-28_YIUCB",4.27350427350427,441,NA,NA,NA,NA,NA,NA,NA,NA,NA,NA,NA,NA,NA,196,43.586435804,-79.75622002,-2.04382,9.1,234,11,14.04
789,3.13091,89.5,172,"2026-03-28_YIUCB",4.26257459505541,440,NA,NA,NA,NA,NA,NA,NA,NA,NA,NA,NA,NA,NA,196,43.58640697,-79.756170651,-1.50906,8.96,231,11,14.076
790,3.13507,89.5,171,"2026-03-28_YIUCB",4.26257459505541,439,NA,NA,NA,NA,NA,NA,NA,NA,NA,NA,NA,NA,NA,196,43.586396241,-79.756126394,-1.50906,8.96,231,11,14.076
791,3.13947,89.5,170,"2026-03-28_YIUCB",4.2322668020992,444,NA,NA,NA,NA,NA,NA,NA,NA,NA,NA,NA,NA,NA,196.2,43.586371682,-79.756078282,-0.557007,8.96,231,11,14.1768
792,3.14347,89,169,"2026-03-28_YIUCB",4.2322668020992,444,NA,NA,NA,NA,NA,NA,NA,NA,NA,NA,NA,NA,NA,196.4,43.586360618,-79.756036876,-0.0570069,9.14,233,11,14.1768
793,3.14742,88.5,169,"2026-03-28_YIUCB",4.21300977418268,447,NA,NA,NA,NA,NA,NA,NA,NA,NA,NA,NA,NA,NA,196.4,43.586336814,-79.755991949,0.429611,9.17,232,11,14.2416
794,3.15132,88,169,"2026-03-28_YIUCB",4.21300977418268,449,NA,NA,NA,NA,NA,NA,NA,NA,NA,NA,NA,NA,NA,196.4,43.586324576,-79.755952051,0.429611,9.36,234,11,14.2416
795,3.15561,88,170,"2026-03-28_YIUCB",4.21300977418268,448,NA,NA,NA,NA,NA,NA,NA,NA,NA,NA,NA,NA,NA,196.4,43.586304795,-79.755901173,0.429611,9.36,234,11,14.2416
796,3.15926,88.5,170,"2026-03-28_YIUCB",4.20238695579089,448,NA,NA,NA,NA,NA,NA,NA,NA,NA,NA,NA,NA,NA,196.4,43.586293647,-79.755863538,0.954545,9.17,232,11,14.2776
797,3.1637,89.5,171,"2026-03-28_YIUCB",4.21300977418268,442,NA,NA,NA,NA,NA,NA,NA,NA,NA,NA,NA,NA,NA,196.2,43.58626649,-79.755814755,0.504095,9,230,11,14.2416
798,3.16764,89.5,171,"2026-03-28_YIUCB",4.20238695579089,442,NA,NA,NA,NA,NA,NA,NA,NA,NA,NA,NA,NA,NA,196.2,43.586252324,-79.755775947,0.504095,9,230,11,14.2776
799,3.17215,89.5,171,"2026-03-28_YIUCB",4.19287211740042,442,NA,NA,NA,NA,NA,NA,NA,NA,NA,NA,NA,NA,NA,196.2,43.586229525,-79.75572532,0.504095,9,230,11,14.31
800,3.17604,89.5,170,"2026-03-28_YIUCB",4.19287211740042,441,NA,NA,NA,NA,NA,NA,NA,NA,NA,NA,NA,NA,NA,196.2,43.586217204,-79.755682405,0.504095,9,230,11,14.31
801,3.18017,89.5,170,"2026-03-28_YIUCB",4.17292605575029,447,NA,NA,NA,NA,NA,NA,NA,NA,NA,NA,NA,NA,NA,196.2,43.586198931,-79.755638987,0.0495495,9.03,229,11,14.3784
802,3.18372,89.5,171,"2026-03-28_YIUCB",4.17292605575029,447,NA,NA,NA,NA,NA,NA,NA,NA,NA,NA,NA,NA,NA,196,43.586184934,-79.755598921,-1.01383,9.03,229,11,14.3784
803,3.18748,89.5,172,"2026-03-28_YIUCB",4.17292605575029,448,NA,NA,NA,NA,NA,NA,NA,NA,NA,NA,NA,NA,NA,196,43.586165823,-79.755557682,-1.01383,9.03,229,11,14.3784
804,3.19152,89.5,172,"2026-03-28_YIUCB",4.18340026773762,448,NA,NA,NA,NA,NA,NA,NA,NA,NA,NA,NA,NA,NA,196,43.586149478,-79.755514851,-1.01383,9.03,229,11,14.3424
805,3.19523,89.5,172,"2026-03-28_YIUCB",4.19287211740042,449,NA,NA,NA,NA,NA,NA,NA,NA,NA,NA,NA,NA,NA,195.8,43.586126176,-79.755476713,-1.55291,9,230,11,14.31
806,3.19908,89.5,172,"2026-03-28_YIUCB",4.19287211740042,452,NA,NA,NA,NA,NA,NA,NA,NA,NA,NA,NA,NA,NA,195.8,43.586103713,-79.755443018,-1.55291,9,230,11,14.31
807,3.20297,89,172,"2026-03-28_YIUCB",4.20238695579089,455,NA,NA,NA,NA,NA,NA,NA,NA,NA,NA,NA,NA,NA,195.8,43.586077142,-79.755407479,-1.10246,9.17,232,11,14.2776
808,3.20697,89,172,"2026-03-28_YIUCB",4.20238695579089,459,NA,NA,NA,NA,NA,NA,NA,NA,NA,NA,NA,NA,NA,195.8,43.586051913,-79.75537613,-1.10246,9.17,232,11,14.2776
809,3.21058,89,172,"2026-03-28_YIUCB",4.20238695579089,462,NA,NA,NA,NA,NA,NA,NA,NA,NA,NA,NA,NA,NA,196,43.586029868,-79.755343441,-0.548447,9.17,232,11,14.2776
810,3.21462,89,172,"2026-03-28_YIUCB",4.20238695579089,465,NA,NA,NA,NA,NA,NA,NA,NA,NA,NA,NA,NA,NA,196,43.58599961,-79.755312595,-0.548447,9.17,232,11,14.2776
811,3.21852,89,172,"2026-03-28_YIUCB",4.21300977418268,464,NA,NA,NA,NA,NA,NA,NA,NA,NA,NA,NA,NA,NA,196,43.585975218,-79.755282923,-0.548447,9.17,232,11,14.2416
812,3.22269,89,172,"2026-03-28_YIUCB",4.21300977418268,464,NA,NA,NA,NA,NA,NA,NA,NA,NA,NA,NA,NA,NA,196,43.585939511,-79.755253671,0.0149331,9.17,232,11,14.2416
813,3.22655,88.5,172,"2026-03-28_YIUCB",4.21300977418268,464,NA,NA,NA,NA,NA,NA,NA,NA,NA,NA,NA,NA,NA,196,43.585916377,-79.755223915,0.0149331,9.17,232,11,14.2416
814,3.23105,88.5,172,"2026-03-28_YIUCB",4.21300977418268,462,NA,NA,NA,NA,NA,NA,NA,NA,NA,NA,NA,NA,NA,195.8,43.585886873,-79.755181502,-0.429511,9.17,232,11,14.2416
815,3.23476,88.5,172,"2026-03-28_YIUCB",4.21300977418268,461,NA,NA,NA,NA,NA,NA,NA,NA,NA,NA,NA,NA,NA,195.6,43.585874719,-79.755144957,-0.429511,9.17,232,11,14.2416
816,3.23874,88.5,173,"2026-03-28_YIUCB",4.20238695579089,461,NA,NA,NA,NA,NA,NA,NA,NA,NA,NA,NA,NA,NA,195.6,43.585854016,-79.75509718,-0.429511,9.17,232,11,14.2776
817,3.24239,88.5,174,"2026-03-28_YIUCB",4.20238695579089,459,NA,NA,NA,NA,NA,NA,NA,NA,NA,NA,NA,NA,NA,195.4,43.58584312,-79.75505745,-0.977457,9.17,232,11,14.2776
818,3.24671,88.5,174,"2026-03-28_YIUCB",4.20238695579089,457,NA,NA,NA,NA,NA,NA,NA,NA,NA,NA,NA,NA,NA,195.2,43.585822249,-79.755008332,-1.44042,9.17,232,11,14.2776
819,3.25063,88,175,"2026-03-28_YIUCB",4.20238695579089,457,NA,NA,NA,NA,NA,NA,NA,NA,NA,NA,NA,NA,NA,195,43.585809257,-79.754966507,-2.50464,9.36,234,11,14.2776
820,3.25474,88,174,"2026-03-28_YIUCB",4.20238695579089,454,NA,NA,NA,NA,NA,NA,NA,NA,NA,NA,NA,NA,NA,194.8,43.585786458,-79.754922502,-2.99126,9.36,234,11,14.2776
821,3.25859,88,174,"2026-03-28_YIUCB",4.20238695579089,452,NA,NA,NA,NA,NA,NA,NA,NA,NA,NA,NA,NA,NA,194.8,43.585768856,-79.754883191,-2.99126,9.36,234,11,14.2776
822,3.26269,88,174,"2026-03-28_YIUCB",4.20238695579089,451,NA,NA,NA,NA,NA,NA,NA,NA,NA,NA,NA,NA,NA,194.8,43.585741028,-79.754845723,-2.99126,9.36,234,11,14.2776
823,3.26643,88,174,"2026-03-28_YIUCB",4.20238695579089,449,NA,NA,NA,NA,NA,NA,NA,NA,NA,NA,NA,NA,NA,194.6,43.585719235,-79.754814375,-3.52602,9.36,234,11,14.2776
824,3.2704,88.5,175,"2026-03-28_YIUCB",4.20238695579089,447,NA,NA,NA,NA,NA,NA,NA,NA,NA,NA,NA,NA,NA,194.6,43.585693335,-79.754777998,-3.08157,9.17,232,11,14.2776
825,3.27415,89.5,175,"2026-03-28_YIUCB",4.20238695579089,446,NA,NA,NA,NA,NA,NA,NA,NA,NA,NA,NA,NA,NA,194.6,43.585671123,-79.754745308,-2.54249,9,230,11,14.2776
826,3.27779,89.5,176,"2026-03-28_YIUCB",4.20238695579089,447,NA,NA,NA,NA,NA,NA,NA,NA,NA,NA,NA,NA,NA,194.4,43.585648911,-79.754708344,-3.09194,9,230,11,14.2776
827,3.28151,89.5,175,"2026-03-28_YIUCB",4.21300977418268,446,NA,NA,NA,NA,NA,NA,NA,NA,NA,NA,NA,NA,NA,194.4,43.58563265,-79.754668698,-2.54399,9,230,11,14.2416
828,3.2852,89,175,"2026-03-28_YIUCB",4.22261633307998,447,NA,NA,NA,NA,NA,NA,NA,NA,NA,NA,NA,NA,NA,194.4,43.585620077,-79.754626118,-2.08103,9.17,232,11,14.2092
829,3.28907,88.5,174,"2026-03-28_YIUCB",4.22261633307998,447,NA,NA,NA,NA,NA,NA,NA,NA,NA,NA,NA,NA,NA,194.4,43.585606163,-79.754579766,-1.57083,9.17,232,11,14.2092
830,3.29297,88.5,173,"2026-03-28_YIUCB",4.2322668020992,445,NA,NA,NA,NA,NA,NA,NA,NA,NA,NA,NA,NA,NA,194.2,43.585591327,-79.754535844,-1.59703,9.14,233,11,14.1768
831,3.29717,88.5,173,"2026-03-28_YIUCB",4.24304141208418,445,NA,NA,NA,NA,NA,NA,NA,NA,NA,NA,NA,NA,NA,194.2,43.585574647,-79.75448614,-1.59703,9.14,233,11,14.1408
832,3.30179,88.5,172,"2026-03-28_YIUCB",4.24304141208418,445,NA,NA,NA,NA,NA,NA,NA,NA,NA,NA,NA,NA,NA,194.2,43.585563332,-79.754435178,-1.59703,9.14,233,11,14.1408
833,3.30615,88.5,172,"2026-03-28_YIUCB",4.2322668020992,444,NA,NA,NA,NA,NA,NA,NA,NA,NA,NA,NA,NA,NA,194.2,43.585546568,-79.75438321,-1.06227,9.14,233,11,14.1768
834,3.31018,88.5,172,"2026-03-28_YIUCB",4.21300977418268,444,NA,NA,NA,NA,NA,NA,NA,NA,NA,NA,NA,NA,NA,194.2,43.585534246,-79.75434172,-1.06227,9.17,232,11,14.2416
835,3.31451,89,172,"2026-03-28_YIUCB",4.20238695579089,442,NA,NA,NA,NA,NA,NA,NA,NA,NA,NA,NA,NA,NA,194.2,43.585516561,-79.754288327,-1.06227,9.17,232,11,14.2776
836,3.31828,89,172,"2026-03-28_YIUCB",4.20238695579089,440,NA,NA,NA,NA,NA,NA,NA,NA,NA,NA,NA,NA,NA,194.2,43.58551522,-79.75424625,-0.512821,9.17,232,11,14.2776
837,3.32253,88.5,172,"2026-03-28_YIUCB",4.19287211740042,439,NA,NA,NA,NA,NA,NA,NA,NA,NA,NA,NA,NA,NA,194,43.585514465,-79.754189337,-0.983409,9.17,232,11,14.31
838,3.32588,88,172,"2026-03-28_YIUCB",4.18340026773762,438,NA,NA,NA,NA,NA,NA,NA,NA,NA,NA,NA,NA,NA,194,43.585523601,-79.754152205,-0.983409,9.36,234,11,14.3424
839,3.3302,87,172,"2026-03-28_YIUCB",4.19287211740042,433,NA,NA,NA,NA,NA,NA,NA,NA,NA,NA,NA,NA,NA,193.8,43.58552972,-79.754096633,-1.44637,9.55,236,11,14.31
840,3.33371,87,173,"2026-03-28_YIUCB",4.19287211740042,430,NA,NA,NA,NA,NA,NA,NA,NA,NA,NA,NA,NA,NA,193.6,43.58553651,-79.7540564,-1.50335,9.55,236,11,14.31
841,3.33821,87,173,"2026-03-28_YIUCB",4.20238695579089,426,NA,NA,NA,NA,NA,NA,NA,NA,NA,NA,NA,NA,NA,193.4,43.585537348,-79.754000828,-1.9478,9.55,236,11,14.2776
842,3.34201,88,173,"2026-03-28_YIUCB",4.19287211740042,425,NA,NA,NA,NA,NA,NA,NA,NA,NA,NA,NA,NA,NA,193.4,43.585539359,-79.753953386,-1.9478,9.36,234,11,14.31
843,3.34644,88,174,"2026-03-28_YIUCB",4.19287211740042,425,NA,NA,NA,NA,NA,NA,NA,NA,NA,NA,NA,NA,NA,193.2,43.585537599,-79.753897982,-2.39926,9.36,234,11,14.31
844,3.35033,87.5,174,"2026-03-28_YIUCB",4.19287211740042,427,NA,NA,NA,NA,NA,NA,NA,NA,NA,NA,NA,NA,NA,193,43.585539527,-79.753850624,-2.9134,9.36,234,11,14.31
845,3.35448,87.5,174,"2026-03-28_YIUCB",4.18340026773762,432,NA,NA,NA,NA,NA,NA,NA,NA,NA,NA,NA,NA,NA,193,43.585537599,-79.753799243,-2.9134,9.36,234,11,14.3424
846,3.35848,89,174,"2026-03-28_YIUCB",4.18340026773762,433,NA,NA,NA,NA,NA,NA,NA,NA,NA,NA,NA,NA,NA,193,43.585535085,-79.753749035,-2.9134,9.21,231,11,14.3424
847,3.36271,89,174,"2026-03-28_YIUCB",4.18340026773762,437,NA,NA,NA,NA,NA,NA,NA,NA,NA,NA,NA,NA,NA,193,43.585532235,-79.753697319,-2.44281,9.21,231,11,14.3424
848,3.36679,89,174,"2026-03-28_YIUCB",4.17292605575029,443,NA,NA,NA,NA,NA,NA,NA,NA,NA,NA,NA,NA,NA,193,43.585528798,-79.753646273,-2.44281,9.21,231,11,14.3784
849,3.37088,89,175,"2026-03-28_YIUCB",4.17292605575029,444,NA,NA,NA,NA,NA,NA,NA,NA,NA,NA,NA,NA,NA,193,43.585533073,-79.753596401,-1.97985,9.21,231,11,14.3784
850,3.37494,88.5,175,"2026-03-28_YIUCB",4.16354400866017,448,NA,NA,NA,NA,NA,NA,NA,NA,NA,NA,NA,NA,NA,193,43.585528463,-79.753543427,-1.41005,9.21,231,11,14.4108
851,3.37854,88.5,175,"2026-03-28_YIUCB",4.16354400866017,449,NA,NA,NA,NA,NA,NA,NA,NA,NA,NA,NA,NA,NA,193,43.58553609,-79.753502943,-0.965606,9.21,231,11,14.4108
852,3.3822,88.5,175,"2026-03-28_YIUCB",4.16354400866017,448,NA,NA,NA,NA,NA,NA,NA,NA,NA,NA,NA,NA,NA,193,43.585545059,-79.753455249,-0.965606,9.21,231,11,14.4108
853,3.38549,89,174,"2026-03-28_YIUCB",4.17292605575029,446,NA,NA,NA,NA,NA,NA,NA,NA,NA,NA,NA,NA,NA,193,43.585559308,-79.753421973,-0.514139,9.21,231,11,14.3784
854,3.38936,89,174,"2026-03-28_YIUCB",4.18340026773762,445,NA,NA,NA,NA,NA,NA,NA,NA,NA,NA,NA,NA,NA,193,43.58557163,-79.753372855,0,9.21,231,11,14.3424
855,3.39244,89,173,"2026-03-28_YIUCB",4.20238695579089,442,NA,NA,NA,NA,NA,NA,NA,NA,NA,NA,NA,NA,NA,193,43.585584706,-79.7533431,0,9.17,232,11,14.2776
856,3.39635,88.5,173,"2026-03-28_YIUCB",4.20238695579089,442,NA,NA,NA,NA,NA,NA,NA,NA,NA,NA,NA,NA,NA,193,43.585597195,-79.753294149,0,9.17,232,11,14.2776
857,3.4004,87.5,173,"2026-03-28_YIUCB",4.22261633307998,441,NA,NA,NA,NA,NA,NA,NA,NA,NA,NA,NA,NA,NA,193,43.585615719,-79.753254084,0,9.32,235,11,14.2092
858,3.40433,87.5,173,"2026-03-28_YIUCB",4.22261633307998,442,NA,NA,NA,NA,NA,NA,NA,NA,NA,NA,NA,NA,NA,192.8,43.585634494,-79.753208822,-0.508906,9.32,235,11,14.2092
859,3.40823,87,174,"2026-03-28_YIUCB",4.2322668020992,444,NA,NA,NA,NA,NA,NA,NA,NA,NA,NA,NA,NA,NA,192.8,43.585652934,-79.753170097,-0.508906,9.51,237,11,14.1768
860,3.41276,87,174,"2026-03-28_YIUCB",4.2322668020992,445,NA,NA,NA,NA,NA,NA,NA,NA,NA,NA,NA,NA,NA,192.8,43.585674392,-79.753122488,-0.508906,9.51,237,11,14.1768
861,3.41646,87,173,"2026-03-28_YIUCB",4.2322668020992,447,NA,NA,NA,NA,NA,NA,NA,NA,NA,NA,NA,NA,NA,192.8,43.585697358,-79.753087368,-0.508906,9.51,237,11,14.1768
862,3.42058,87,173,"2026-03-28_YIUCB",4.22261633307998,451,NA,NA,NA,NA,NA,NA,NA,NA,NA,NA,NA,NA,NA,192.8,43.585723677,-79.753050404,-0.508906,9.51,237,11,14.2092
863,3.42427,89,172,"2026-03-28_YIUCB",4.22261633307998,453,NA,NA,NA,NA,NA,NA,NA,NA,NA,NA,NA,NA,NA,192.8,43.585747231,-79.753019893,-0.508906,9.17,232,11,14.2092
864,3.4281,89.5,172,"2026-03-28_YIUCB",4.22261633307998,455,NA,NA,NA,NA,NA,NA,NA,NA,NA,NA,NA,NA,NA,192.8,43.58577355,-79.752988629,-0.508906,8.99,230,11,14.2092
865,3.4318,89.5,172,"2026-03-28_YIUCB",4.2322668020992,455,NA,NA,NA,NA,NA,NA,NA,NA,NA,NA,NA,NA,NA,192.8,43.585797773,-79.752956275,-0.508906,8.96,231,11,14.1768
866,3.43562,89.5,172,"2026-03-28_YIUCB",4.24304141208418,455,NA,NA,NA,NA,NA,NA,NA,NA,NA,NA,NA,NA,NA,192.8,43.585823087,-79.752926435,-0.508906,8.96,231,11,14.1408
867,3.43928,89,172,"2026-03-28_YIUCB",4.26257459505541,456,NA,NA,NA,NA,NA,NA,NA,NA,NA,NA,NA,NA,NA,192.8,43.5858484,-79.752895338,-0.508906,9.13,233,11,14.076
868,3.44312,89,173,"2026-03-28_YIUCB",4.27350427350427,457,NA,NA,NA,NA,NA,NA,NA,NA,NA,NA,NA,NA,NA,192.8,43.585874719,-79.752863739,0,9.1,234,11,14.04
869,3.44738,89,173,"2026-03-28_YIUCB",4.29331959471063,456,NA,NA,NA,NA,NA,NA,NA,NA,NA,NA,NA,NA,NA,192.8,43.585906235,-79.752828786,0,9.1,234,11,13.9752
870,3.45166,89,174,"2026-03-28_YIUCB",4.29331959471063,458,NA,NA,NA,NA,NA,NA,NA,NA,NA,NA,NA,NA,NA,192.8,43.585938506,-79.752805149,0,9.1,234,11,13.9752
871,3.45585,89,174,"2026-03-28_YIUCB",4.27350427350427,460,NA,NA,NA,NA,NA,NA,NA,NA,NA,NA,NA,NA,NA,192.8,43.585970189,-79.752773465,0,9.1,234,11,14.04
872,3.45965,89.5,175,"2026-03-28_YIUCB",4.25278557455133,462,NA,NA,NA,NA,NA,NA,NA,NA,NA,NA,NA,NA,NA,192.8,43.586000196,-79.752756283,0,8.96,231,11,14.1084
873,3.46355,89.5,175,"2026-03-28_YIUCB",4.24304141208418,465,NA,NA,NA,NA,NA,NA,NA,NA,NA,NA,NA,NA,NA,192.8,43.586033724,-79.752735328,0,8.96,231,11,14.1408
874,3.46722,89,175,"2026-03-28_YIUCB",4.24304141208418,466,NA,NA,NA,NA,NA,NA,NA,NA,NA,NA,NA,NA,NA,192.8,43.586063983,-79.752727281,0,9.14,233,11,14.1408
875,3.47116,88.5,176,"2026-03-28_YIUCB",4.25278557455133,463,NA,NA,NA,NA,NA,NA,NA,NA,NA,NA,NA,NA,NA,192.8,43.58609969,-79.752705237,0,9.13,233,11,14.1084
876,3.47508,88.5,176,"2026-03-28_YIUCB",4.26257459505541,460,NA,NA,NA,NA,NA,NA,NA,NA,NA,NA,NA,NA,NA,192.8,43.586132714,-79.752694592,0,9.13,233,11,14.076
877,3.47928,88.5,177,"2026-03-28_YIUCB",4.26257459505541,461,NA,NA,NA,NA,NA,NA,NA,NA,NA,NA,NA,NA,NA,193,43.586170098,-79.7526759,0.47619,9.13,233,11,14.076
878,3.48288,88.5,177,"2026-03-28_YIUCB",4.25278557455133,462,NA,NA,NA,NA,NA,NA,NA,NA,NA,NA,NA,NA,NA,193,43.586199099,-79.75267129,0.47619,9.13,233,11,14.1084
879,3.48682,88.5,177,"2026-03-28_YIUCB",4.25278557455133,463,NA,NA,NA,NA,NA,NA,NA,NA,NA,NA,NA,NA,NA,193,43.586237488,-79.752657544,0.47619,9.13,233,11,14.1084
880,3.49048,89,177,"2026-03-28_YIUCB",4.26257459505541,461,NA,NA,NA,NA,NA,NA,NA,NA,NA,NA,NA,NA,NA,193,43.586267076,-79.75265922,0.47619,9.13,233,11,14.076
881,3.49437,89,177,"2026-03-28_YIUCB",4.26257459505541,461,NA,NA,NA,NA,NA,NA,NA,NA,NA,NA,NA,NA,NA,193,43.586305968,-79.752651593,0.47619,9.13,233,11,14.076
882,3.49803,88.5,176,"2026-03-28_YIUCB",4.26257459505541,460,NA,NA,NA,NA,NA,NA,NA,NA,NA,NA,NA,NA,NA,192.8,43.58633497,-79.752657376,-0.0702576,9.13,233,11,14.076
883,3.50178,88.5,176,"2026-03-28_YIUCB",4.27350427350427,459,NA,NA,NA,NA,NA,NA,NA,NA,NA,NA,NA,NA,NA,192.8,43.586371682,-79.752654945,-0.0702576,9.1,234,11,14.04
884,3.50559,88.5,176,"2026-03-28_YIUCB",4.27350427350427,458,NA,NA,NA,NA,NA,NA,NA,NA,NA,NA,NA,NA,NA,192.8,43.586403953,-79.752664668,-0.0702576,9.1,234,11,14.04
885,3.50966,89.5,175,"2026-03-28_YIUCB",4.28338901739056,455,NA,NA,NA,NA,NA,NA,NA,NA,NA,NA,NA,NA,NA,192.6,43.586442845,-79.752670871,-0.561658,8.92,232,11,14.0076
886,3.51309,89.5,175,"2026-03-28_YIUCB",4.28338901739056,454,NA,NA,NA,NA,NA,NA,NA,NA,NA,NA,NA,NA,NA,192.6,43.586469834,-79.752682857,-0.561658,8.92,232,11,14.0076
887,3.51721,90,175,"2026-03-28_YIUCB",4.28338901739056,453,NA,NA,NA,NA,NA,NA,NA,NA,NA,NA,NA,NA,NA,192.6,43.586511493,-79.75269258,-1.03785,8.92,232,11,14.0076
888,3.52107,90,175,"2026-03-28_YIUCB",4.29331959471063,451,NA,NA,NA,NA,NA,NA,NA,NA,NA,NA,NA,NA,NA,192.6,43.586540829,-79.752709512,-1.03785,8.92,232,11,13.9752
889,3.52499,90.5,175,"2026-03-28_YIUCB",4.29331959471063,450,NA,NA,NA,NA,NA,NA,NA,NA,NA,NA,NA,NA,NA,192.8,43.586575949,-79.752724264,-0.527644,8.75,230,11,13.9752
890,3.5287,90.5,176,"2026-03-28_YIUCB",4.29331959471063,449,NA,NA,NA,NA,NA,NA,NA,NA,NA,NA,NA,NA,NA,192.8,43.586606292,-79.752738597,-0.527644,8.75,230,11,13.9752
891,3.53279,89.5,176,"2026-03-28_YIUCB",4.29331959471063,451,NA,NA,NA,NA,NA,NA,NA,NA,NA,NA,NA,NA,NA,193,43.5866451,-79.752751253,-0.0386469,8.92,232,11,13.9752
892,3.53689,88.5,177,"2026-03-28_YIUCB",4.29331959471063,452,NA,NA,NA,NA,NA,NA,NA,NA,NA,NA,NA,NA,NA,193,43.586679382,-79.752761312,0.507801,9.1,234,11,13.9752
893,3.54115,88.5,176,"2026-03-28_YIUCB",4.29331959471063,451,NA,NA,NA,NA,NA,NA,NA,NA,NA,NA,NA,NA,NA,193,43.586717855,-79.752773382,0.507801,9.1,234,11,13.9752
894,3.54472,89,176,"2026-03-28_YIUCB",4.29331959471063,451,NA,NA,NA,NA,NA,NA,NA,NA,NA,NA,NA,NA,NA,192.8,43.586745767,-79.752787715,-0.0524229,9.1,234,11,13.9752
895,3.54863,89.5,175,"2026-03-28_YIUCB",4.28338901739056,453,NA,NA,NA,NA,NA,NA,NA,NA,NA,NA,NA,NA,NA,192.8,43.586782479,-79.752800204,0.438978,8.92,232,11,14.0076
896,3.55235,89.5,175,"2026-03-28_YIUCB",4.28338901739056,454,NA,NA,NA,NA,NA,NA,NA,NA,NA,NA,NA,NA,NA,192.8,43.586813995,-79.752811938,0.438978,8.92,232,11,14.0076
897,3.55708,89.5,174,"2026-03-28_YIUCB",4.28338901739056,456,NA,NA,NA,NA,NA,NA,NA,NA,NA,NA,NA,NA,NA,192.8,43.586856743,-79.752820404,0.438978,8.92,232,11,14.0076
898,3.56085,89.5,174,"2026-03-28_YIUCB",4.29331959471063,457,NA,NA,NA,NA,NA,NA,NA,NA,NA,NA,NA,NA,NA,192.8,43.5868896,-79.752826774,0.438978,8.92,232,11,13.9752
899,3.56492,88.5,174,"2026-03-28_YIUCB",4.29331959471063,461,NA,NA,NA,NA,NA,NA,NA,NA,NA,NA,NA,NA,NA,192.8,43.586927989,-79.75282954,-0.0712265,9.1,234,11,13.9752
900,3.56869,88.5,174,"2026-03-28_YIUCB",4.28338901739056,466,NA,NA,NA,NA,NA,NA,NA,NA,NA,NA,NA,NA,NA,193,43.586963445,-79.75282778,0.459277,9.1,234,11,14.0076
901,3.573,88.5,174,"2026-03-28_YIUCB",4.28338901739056,470,NA,NA,NA,NA,NA,NA,NA,NA,NA,NA,NA,NA,NA,193,43.58699999,-79.752818728,-0.0297201,9.1,234,11,14.0076
902,3.57681,87.5,174,"2026-03-28_YIUCB",4.28338901739056,476,NA,NA,NA,NA,NA,NA,NA,NA,NA,NA,NA,NA,NA,193.2,43.587032931,-79.752793331,0.495214,9.28,236,11,14.0076
903,3.58072,87.5,174,"2026-03-28_YIUCB",4.27350427350427,481,NA,NA,NA,NA,NA,NA,NA,NA,NA,NA,NA,NA,NA,193.4,43.587061513,-79.752771957,1.00672,9.28,236,11,14.04
904,3.58504,89.5,175,"2026-03-28_YIUCB",4.27350427350427,481,NA,NA,NA,NA,NA,NA,NA,NA,NA,NA,NA,NA,NA,193.4,43.587084815,-79.752724934,1.56695,9.1,234,11,14.04
905,3.5888,89.5,175,"2026-03-28_YIUCB",4.27350427350427,482,NA,NA,NA,NA,NA,NA,NA,NA,NA,NA,NA,NA,NA,193.6,43.587107111,-79.752695262,2.09886,9.1,234,11,14.04
906,3.5932,88.5,174,"2026-03-28_YIUCB",4.26257459505541,485,NA,NA,NA,NA,NA,NA,NA,NA,NA,NA,NA,NA,NA,193.6,43.587125718,-79.75264187,2.09886,9.13,233,11,14.076
907,3.59707,88.5,174,"2026-03-28_YIUCB",4.26257459505541,486,NA,NA,NA,NA,NA,NA,NA,NA,NA,NA,NA,NA,NA,193.6,43.587143907,-79.752605911,2.09886,9.28,236,11,14.076
908,3.60144,88,173,"2026-03-28_YIUCB",4.25278557455133,488,NA,NA,NA,NA,NA,NA,NA,NA,NA,NA,NA,NA,NA,193.6,43.587152876,-79.752550758,2.09886,9.32,235,11,14.1084
909,3.60514,88,173,"2026-03-28_YIUCB",4.25278557455133,488,NA,NA,NA,NA,NA,NA,NA,NA,NA,NA,NA,NA,NA,193.6,43.587167796,-79.75251195,2.09886,9.32,235,11,14.1084
910,3.6096,88,173,"2026-03-28_YIUCB",4.24304141208418,489,NA,NA,NA,NA,NA,NA,NA,NA,NA,NA,NA,NA,NA,193.6,43.587173747,-79.752453444,1.56836,9.32,235,11,14.1408
911,3.6134,88.5,172,"2026-03-28_YIUCB",4.2322668020992,490,NA,NA,NA,NA,NA,NA,NA,NA,NA,NA,NA,NA,NA,193.6,43.587184643,-79.752415977,1.56836,9.14,233,11,14.1768
912,3.61742,89,172,"2026-03-28_YIUCB",4.2322668020992,490,NA,NA,NA,NA,NA,NA,NA,NA,NA,NA,NA,NA,NA,193.8,43.58719269,-79.752361746,1.54094,9.14,233,11,14.1768
913,3.62098,89,171,"2026-03-28_YIUCB",4.2322668020992,491,NA,NA,NA,NA,NA,NA,NA,NA,NA,NA,NA,NA,NA,193.8,43.58720191,-79.752325034,1.02943,9.14,233,11,14.1768
914,3.62503,89.5,170,"2026-03-28_YIUCB",4.2322668020992,489,NA,NA,NA,NA,NA,NA,NA,NA,NA,NA,NA,NA,NA,193.8,43.587208699,-79.752272479,1.02943,8.96,231,11,14.1768
915,3.62785,89,170,"2026-03-28_YIUCB",4.2322668020992,490,NA,NA,NA,NA,NA,NA,NA,NA,NA,NA,NA,NA,NA,193.8,43.587218925,-79.752243142,0.497512,9.14,233,11,14.1768
916,3.63153,89,170,"2026-03-28_YIUCB",4.2322668020992,490,NA,NA,NA,NA,NA,NA,NA,NA,NA,NA,NA,NA,NA,193.8,43.58723066,-79.752195869,0.497512,9.14,233,11,14.1768
917,3.63474,89,170,"2026-03-28_YIUCB",4.2322668020992,490,NA,NA,NA,NA,NA,NA,NA,NA,NA,NA,NA,NA,NA,193.8,43.587246334,-79.752162844,0.497512,9.14,233,11,14.1768
918,3.63899,89.5,171,"2026-03-28_YIUCB",4.24304141208418,487,NA,NA,NA,NA,NA,NA,NA,NA,NA,NA,NA,NA,NA,193.8,43.587261505,-79.752111044,0.497512,8.96,231,11,14.1408
919,3.6429,89.5,171,"2026-03-28_YIUCB",4.25278557455133,485,NA,NA,NA,NA,NA,NA,NA,NA,NA,NA,NA,NA,NA,193.8,43.587277263,-79.752069302,0.497512,8.96,231,11,14.1084
920,3.64726,88.5,172,"2026-03-28_YIUCB",4.26257459505541,484,NA,NA,NA,NA,NA,NA,NA,NA,NA,NA,NA,NA,NA,193.8,43.587292099,-79.752018088,0.497512,9.13,233,11,14.076
921,3.65113,88.5,172,"2026-03-28_YIUCB",4.26257459505541,484,NA,NA,NA,NA,NA,NA,NA,NA,NA,NA,NA,NA,NA,193.8,43.5873066,-79.751975927,0.497512,9.13,233,11,14.076
922,3.65531,89.5,172,"2026-03-28_YIUCB",4.25278557455133,483,NA,NA,NA,NA,NA,NA,NA,NA,NA,NA,NA,NA,NA,193.6,43.587315149,-79.751925804,-0.478469,8.96,231,11,14.1084
923,3.65894,89.5,172,"2026-03-28_YIUCB",4.25278557455133,483,NA,NA,NA,NA,NA,NA,NA,NA,NA,NA,NA,NA,NA,193.6,43.587316407,-79.751879535,-0.478469,8.96,231,11,14.1084
924,3.6629,89.5,172,"2026-03-28_YIUCB",4.25278557455133,484,NA,NA,NA,NA,NA,NA,NA,NA,NA,NA,NA,NA,NA,193.4,43.587315149,-79.751831842,-0.983519,8.96,231,11,14.1084
925,3.66666,89,171,"2026-03-28_YIUCB",4.25278557455133,486,NA,NA,NA,NA,NA,NA,NA,NA,NA,NA,NA,NA,NA,193.4,43.587305091,-79.751784233,-0.983519,9.13,233,11,14.1084
926,3.67096,88.5,171,"2026-03-28_YIUCB",4.25278557455133,486,NA,NA,NA,NA,NA,NA,NA,NA,NA,NA,NA,NA,NA,193.4,43.587296877,-79.751735283,-0.983519,9.13,233,11,14.1084
927,3.67488,88.5,171,"2026-03-28_YIUCB",4.25278557455133,485,NA,NA,NA,NA,NA,NA,NA,NA,NA,NA,NA,NA,NA,193.2,43.587283717,-79.751686081,-1.49372,9.13,233,11,14.1084
928,3.679,88.5,171,"2026-03-28_YIUCB",4.25278557455133,483,NA,NA,NA,NA,NA,NA,NA,NA,NA,NA,NA,NA,NA,193.2,43.587273994,-79.7516404,-1.49372,9.13,233,11,14.1084
929,3.68313,88.5,171,"2026-03-28_YIUCB",4.24304141208418,482,NA,NA,NA,NA,NA,NA,NA,NA,NA,NA,NA,NA,NA,193.2,43.58725656,-79.751589689,-1.49372,9.14,233,11,14.1408
930,3.68728,88.5,170,"2026-03-28_YIUCB",4.24304141208418,478,NA,NA,NA,NA,NA,NA,NA,NA,NA,NA,NA,NA,NA,193,43.587245999,-79.751543673,-1.97565,9.14,233,11,14.1408
931,3.69167,89,170,"2026-03-28_YIUCB",4.2322668020992,476,NA,NA,NA,NA,NA,NA,NA,NA,NA,NA,NA,NA,NA,193,43.587232755,-79.751488101,-1.97565,9.14,233,11,14.1768
932,3.69608,89,170,"2026-03-28_YIUCB",4.2322668020992,471,NA,NA,NA,NA,NA,NA,NA,NA,NA,NA,NA,NA,NA,192.8,43.587231079,-79.751438061,-1.9507,9.14,233,11,14.1768
933,3.70025,88.5,170,"2026-03-28_YIUCB",4.21300977418268,470,NA,NA,NA,NA,NA,NA,NA,NA,NA,NA,NA,NA,NA,192.6,43.587228564,-79.751382153,-2.43031,9.17,232,11,14.2416
934,3.70413,88.5,170,"2026-03-28_YIUCB",4.19287211740042,470,NA,NA,NA,NA,NA,NA,NA,NA,NA,NA,NA,NA,NA,192.6,43.587234264,-79.751339406,-1.92526,9.17,232,11,14.31
935,3.70841,89.5,170,"2026-03-28_YIUCB",4.19287211740042,465,NA,NA,NA,NA,NA,NA,NA,NA,NA,NA,NA,NA,NA,192.4,43.587236527,-79.751281738,-2.39255,9,230,11,14.31
936,3.71228,89.5,171,"2026-03-28_YIUCB",4.18340026773762,464,NA,NA,NA,NA,NA,NA,NA,NA,NA,NA,NA,NA,NA,192.2,43.587248262,-79.751239745,-2.90935,9.03,229,11,14.3424
937,3.71668,89,171,"2026-03-28_YIUCB",4.18340026773762,461,NA,NA,NA,NA,NA,NA,NA,NA,NA,NA,NA,NA,NA,192.2,43.587254129,-79.751183083,-2.39914,9.21,231,11,14.3424
938,3.72051,89,172,"2026-03-28_YIUCB",4.18340026773762,457,NA,NA,NA,NA,NA,NA,NA,NA,NA,NA,NA,NA,NA,192.2,43.587265445,-79.751142096,-2.39914,9.21,231,11,14.3424
939,3.7247,89,172,"2026-03-28_YIUCB",4.17292605575029,456,NA,NA,NA,NA,NA,NA,NA,NA,NA,NA,NA,NA,NA,192.2,43.587271983,-79.751088451,-2.39914,9.21,231,11,14.3784
940,3.72761,89,172,"2026-03-28_YIUCB",4.17292605575029,453,NA,NA,NA,NA,NA,NA,NA,NA,NA,NA,NA,NA,NA,192.2,43.587283131,-79.75105836,-1.91722,9.21,231,11,14.3784
941,3.73128,89,172,"2026-03-28_YIUCB",4.17292605575029,452,NA,NA,NA,NA,NA,NA,NA,NA,NA,NA,NA,NA,NA,192.2,43.587292434,-79.751009662,-1.91722,9.21,231,11,14.3784
942,3.7349,89.5,171,"2026-03-28_YIUCB",4.17292605575029,449,NA,NA,NA,NA,NA,NA,NA,NA,NA,NA,NA,NA,NA,192,43.587307606,-79.750972027,-2.01619,9.03,229,11,14.3784
943,3.73926,89.5,171,"2026-03-28_YIUCB",4.18340026773762,445,NA,NA,NA,NA,NA,NA,NA,NA,NA,NA,NA,NA,NA,192,43.587325543,-79.750920813,-1.53657,9.03,229,11,14.3424
944,3.74239,88.5,171,"2026-03-28_YIUCB",4.18340026773762,446,NA,NA,NA,NA,NA,NA,NA,NA,NA,NA,NA,NA,NA,192.2,43.587343899,-79.750892063,-0.897594,9.21,231,11,14.3424
945,3.74679,88.5,171,"2026-03-28_YIUCB",4.19287211740042,444,NA,NA,NA,NA,NA,NA,NA,NA,NA,NA,NA,NA,NA,192.2,43.587370219,-79.750843029,-0.430304,9.17,232,11,14.31
946,3.75066,88.5,171,"2026-03-28_YIUCB",4.19287211740042,445,NA,NA,NA,NA,NA,NA,NA,NA,NA,NA,NA,NA,NA,192.2,43.587395197,-79.750817381,0.0864914,9.17,232,11,14.31
947,3.75431,88.5,171,"2026-03-28_YIUCB",4.19287211740042,445,NA,NA,NA,NA,NA,NA,NA,NA,NA,NA,NA,NA,NA,192.2,43.587425623,-79.750792738,0.0864914,9.17,232,11,14.31
948,3.75796,88.5,170,"2026-03-28_YIUCB",4.19287211740042,444,NA,NA,NA,NA,NA,NA,NA,NA,NA,NA,NA,NA,NA,192.2,43.587455127,-79.75077413,0.0864914,9.17,232,11,14.31
949,3.76192,88.5,169,"2026-03-28_YIUCB",4.21300977418268,444,NA,NA,NA,NA,NA,NA,NA,NA,NA,NA,NA,NA,NA,192.2,43.587488236,-79.750748733,0.0864914,9.17,232,11,14.2416
950,3.76583,89.5,169,"2026-03-28_YIUCB",4.21300977418268,445,NA,NA,NA,NA,NA,NA,NA,NA,NA,NA,NA,NA,NA,192.2,43.587518075,-79.750729203,0.0864914,9,230,11,14.2416
951,3.76987,89,169,"2026-03-28_YIUCB",4.22261633307998,448,NA,NA,NA,NA,NA,NA,NA,NA,NA,NA,NA,NA,NA,192.4,43.587551771,-79.750707662,0.581541,9.17,232,11,14.2092
952,3.77377,89,169,"2026-03-28_YIUCB",4.22261633307998,452,NA,NA,NA,NA,NA,NA,NA,NA,NA,NA,NA,NA,NA,192.4,43.587583873,-79.750690311,1.13403,9.17,232,11,14.2092
953,3.77742,88.5,169,"2026-03-28_YIUCB",4.22261633307998,455,NA,NA,NA,NA,NA,NA,NA,NA,NA,NA,NA,NA,NA,192.4,43.58761497,-79.750674888,1.13403,9.17,232,11,14.2092
954,3.78137,88.5,169,"2026-03-28_YIUCB",4.22261633307998,458,NA,NA,NA,NA,NA,NA,NA,NA,NA,NA,NA,NA,NA,192.6,43.587650174,-79.750654437,1.00138,9.17,232,11,14.2092
955,3.78537,89,169,"2026-03-28_YIUCB",4.2322668020992,459,NA,NA,NA,NA,NA,NA,NA,NA,NA,NA,NA,NA,NA,192.6,43.587681019,-79.75063784,1.00138,9.14,233,11,14.1768
956,3.78938,89,169,"2026-03-28_YIUCB",4.2322668020992,460,NA,NA,NA,NA,NA,NA,NA,NA,NA,NA,NA,NA,NA,192.6,43.587716978,-79.750618646,1.00138,9.14,233,11,14.1768
957,3.79314,88.5,169,"2026-03-28_YIUCB",4.2322668020992,460,NA,NA,NA,NA,NA,NA,NA,NA,NA,NA,NA,NA,NA,192.6,43.587748913,-79.750615796,1.00138,9.14,233,11,14.1768
958,3.7972,88.5,169,"2026-03-28_YIUCB",4.2322668020992,460,NA,NA,NA,NA,NA,NA,NA,NA,NA,NA,NA,NA,NA,192.4,43.587788308,-79.75059811,0.508768,9.14,233,11,14.1768
959,3.80097,88.5,168,"2026-03-28_YIUCB",4.2322668020992,461,NA,NA,NA,NA,NA,NA,NA,NA,NA,NA,NA,NA,NA,192.4,43.58781974,-79.750596685,0.508768,9.14,233,11,14.1768
960,3.80521,88.5,168,"2026-03-28_YIUCB",4.24304141208418,460,NA,NA,NA,NA,NA,NA,NA,NA,NA,NA,NA,NA,NA,192.4,43.587858381,-79.750585202,0.508768,9.14,233,11,14.1408
961,3.80871,88.5,168,"2026-03-28_YIUCB",4.2322668020992,460,NA,NA,NA,NA,NA,NA,NA,NA,NA,NA,NA,NA,NA,192.4,43.587888555,-79.750584951,0.0137183,9.14,233,11,14.1768
962,3.81291,88.5,168,"2026-03-28_YIUCB",4.24304141208418,459,NA,NA,NA,NA,NA,NA,NA,NA,NA,NA,NA,NA,NA,192.4,43.587930549,-79.750590399,0.0137183,9.14,233,11,14.1408
963,3.81643,87.5,169,"2026-03-28_YIUCB",4.24304141208418,461,NA,NA,NA,NA,NA,NA,NA,NA,NA,NA,NA,NA,NA,192.4,43.587960053,-79.750601631,0.0137183,9.32,235,11,14.1408
964,3.82047,87.5,169,"2026-03-28_YIUCB",4.24304141208418,462,NA,NA,NA,NA,NA,NA,NA,NA,NA,NA,NA,NA,NA,192.4,43.587995173,-79.75062225,-0.492611,9.32,235,11,14.1408
965,3.82428,87,169,"2026-03-28_YIUCB",4.24304141208418,466,NA,NA,NA,NA,NA,NA,NA,NA,NA,NA,NA,NA,NA,192.4,43.58802451,-79.750646306,-0.492611,9.51,237,11,14.1408
966,3.82827,87,169,"2026-03-28_YIUCB",4.25278557455133,467,NA,NA,NA,NA,NA,NA,NA,NA,NA,NA,NA,NA,NA,192.4,43.588049572,-79.750679918,-0.492611,9.47,238,11,14.1084
967,3.83207,87,169,"2026-03-28_YIUCB",4.25278557455133,469,NA,NA,NA,NA,NA,NA,NA,NA,NA,NA,NA,NA,NA,192.6,43.588075891,-79.750711601,0.033705,9.47,238,11,14.1084
968,3.83558,87,169,"2026-03-28_YIUCB",4.25278557455133,472,NA,NA,NA,NA,NA,NA,NA,NA,NA,NA,NA,NA,NA,192.6,43.588093661,-79.750744458,0.526316,9.47,238,11,14.1084
969,3.83927,87,169,"2026-03-28_YIUCB",4.25278557455133,475,NA,NA,NA,NA,NA,NA,NA,NA,NA,NA,NA,NA,NA,192.8,43.588117046,-79.750780584,1.06832,9.47,238,11,14.1084
970,3.8427,87.5,169,"2026-03-28_YIUCB",4.27350427350427,476,NA,NA,NA,NA,NA,NA,NA,NA,NA,NA,NA,NA,NA,193.2,43.588132636,-79.750814531,2.2345,9.28,236,11,14.04
971,3.8467,88,169,"2026-03-28_YIUCB",4.27350427350427,481,NA,NA,NA,NA,NA,NA,NA,NA,NA,NA,NA,NA,NA,193.4,43.588158956,-79.750855015,2.7345,9.28,236,11,14.04
972,3.8501,88,169,"2026-03-28_YIUCB",4.29331959471063,484,NA,NA,NA,NA,NA,NA,NA,NA,NA,NA,NA,NA,NA,193.6,43.588167924,-79.750889297,3.32274,9.28,236,11,13.9752
973,3.85403,88,169,"2026-03-28_YIUCB",4.29331959471063,490,NA,NA,NA,NA,NA,NA,NA,NA,NA,NA,NA,NA,NA,193.8,43.588188041,-79.75093523,3.83164,9.28,236,11,13.9752
974,3.85734,88.5,169,"2026-03-28_YIUCB",4.30440771349862,493,NA,NA,NA,NA,NA,NA,NA,NA,NA,NA,NA,NA,NA,194,43.588196507,-79.750969596,4.43587,9.09,234,11,13.9392
975,3.86152,88.5,169,"2026-03-28_YIUCB",4.30440771349862,497,NA,NA,NA,NA,NA,NA,NA,NA,NA,NA,NA,NA,NA,194.2,43.588216288,-79.751020055,4.91434,9.09,234,11,13.9392
976,3.86536,88.5,169,"2026-03-28_YIUCB",4.32451133021969,498,NA,NA,NA,NA,NA,NA,NA,NA,NA,NA,NA,NA,NA,194.4,43.588229112,-79.751058947,5.43517,9.06,235,11,13.8744
977,3.86957,88.5,170,"2026-03-28_YIUCB",4.32451133021969,501,NA,NA,NA,NA,NA,NA,NA,NA,NA,NA,NA,NA,NA,194.4,43.588251576,-79.751105467,4.90886,9.06,235,11,13.8744
978,3.87318,88.5,170,"2026-03-28_YIUCB",4.32451133021969,503,NA,NA,NA,NA,NA,NA,NA,NA,NA,NA,NA,NA,NA,194.4,43.588258616,-79.75114679,4.90886,9.06,235,11,13.8744
979,3.87722,88.5,171,"2026-03-28_YIUCB",4.32451133021969,506,NA,NA,NA,NA,NA,NA,NA,NA,NA,NA,NA,NA,NA,194.4,43.588272614,-79.751196075,4.36685,9.06,235,11,13.8744
980,3.88127,88.5,171,"2026-03-28_YIUCB",4.32451133021969,509,NA,NA,NA,NA,NA,NA,NA,NA,NA,NA,NA,NA,NA,194.6,43.588292396,-79.751235302,3.6945,9.06,235,11,13.8744
981,3.88503,88.5,172,"2026-03-28_YIUCB",4.32451133021969,512,NA,NA,NA,NA,NA,NA,NA,NA,NA,NA,NA,NA,NA,194.6,43.588314691,-79.751272099,3.1945,9.06,235,11,13.8744
982,3.88864,88.5,171,"2026-03-28_YIUCB",4.32451133021969,525,NA,NA,NA,NA,NA,NA,NA,NA,NA,NA,NA,NA,NA,194.6,43.588333299,-79.751307806,2.60626,9.06,235,11,13.8744
983,3.89245,88.5,171,"2026-03-28_YIUCB",4.32451133021969,535,NA,NA,NA,NA,NA,NA,NA,NA,NA,NA,NA,NA,NA,194.6,43.588356601,-79.75134477,2.09736,9.06,235,11,13.8744
984,3.89609,88.5,170,"2026-03-28_YIUCB",4.33576135969476,542,NA,NA,NA,NA,NA,NA,NA,NA,NA,NA,NA,NA,NA,194.6,43.588380322,-79.751377376,1.49313,9.06,235,11,13.8384
985,3.8999,88.5,170,"2026-03-28_YIUCB",4.33576135969476,546,NA,NA,NA,NA,NA,NA,NA,NA,NA,NA,NA,NA,NA,194.6,43.58840069,-79.751414675,1.01466,9.06,235,11,13.8384
986,3.90377,88.5,169,"2026-03-28_YIUCB",4.34593654932638,544,NA,NA,NA,NA,NA,NA,NA,NA,NA,NA,NA,NA,NA,194.6,43.588417537,-79.751458513,0.493827,9.06,235,11,13.806
987,3.90742,88.5,168,"2026-03-28_YIUCB",4.34593654932638,539,NA,NA,NA,NA,NA,NA,NA,NA,NA,NA,NA,NA,NA,194.4,43.588424159,-79.75150059,-0.054118,9.06,235,11,13.806
988,3.91135,88.5,167,"2026-03-28_YIUCB",4.34593654932638,531,NA,NA,NA,NA,NA,NA,NA,NA,NA,NA,NA,NA,NA,194.4,43.588436061,-79.751550043,-0.054118,9.06,235,11,13.806
989,3.91494,89,168,"2026-03-28_YIUCB",4.3561596096881,521,NA,NA,NA,NA,NA,NA,NA,NA,NA,NA,NA,NA,NA,194.2,43.588441929,-79.751590276,-0.611221,9.02,236,11,13.7736
990,3.91893,89,169,"2026-03-28_YIUCB",4.3561596096881,511,NA,NA,NA,NA,NA,NA,NA,NA,NA,NA,NA,NA,NA,194.2,43.588450981,-79.751641992,-1.10505,9.02,236,11,13.7736
991,3.92268,88.5,170,"2026-03-28_YIUCB",4.3675751222921,499,NA,NA,NA,NA,NA,NA,NA,NA,NA,NA,NA,NA,NA,194.2,43.588445701,-79.751684572,-1.10505,9.02,236,11,13.7376
992,3.92641,88.5,170,"2026-03-28_YIUCB",4.3675751222921,490,NA,NA,NA,NA,NA,NA,NA,NA,NA,NA,NA,NA,NA,194.2,43.588443102,-79.751737043,-1.10505,9.02,236,11,13.7376
993,3.93007,88.5,171,"2026-03-28_YIUCB",4.3675751222921,485,NA,NA,NA,NA,NA,NA,NA,NA,NA,NA,NA,NA,NA,194.2,43.588430613,-79.7517756,-1.10505,9.02,236,11,13.7376
994,3.93432,88.5,171,"2026-03-28_YIUCB",4.37790035898783,480,NA,NA,NA,NA,NA,NA,NA,NA,NA,NA,NA,NA,NA,194.2,43.5884198,-79.751830334,-1.10505,9.02,236,11,13.7052
995,3.93802,88.5,171,"2026-03-28_YIUCB",4.37790035898783,478,NA,NA,NA,NA,NA,NA,NA,NA,NA,NA,NA,NA,NA,194.4,43.588405384,-79.751869812,-0.564508,9.02,236,11,13.7052
996,3.94187,88.5,172,"2026-03-28_YIUCB",4.37790035898783,476,NA,NA,NA,NA,NA,NA,NA,NA,NA,NA,NA,NA,NA,194.6,43.588396499,-79.751919601,-0.0450272,9.02,236,11,13.7052
997,3.94569,88.5,172,"2026-03-28_YIUCB",4.37790035898783,475,NA,NA,NA,NA,NA,NA,NA,NA,NA,NA,NA,NA,NA,194.8,43.588384596,-79.751960672,1.02648,9.02,236,11,13.7052
998,3.94953,88.5,172,"2026-03-28_YIUCB",4.37790035898783,475,NA,NA,NA,NA,NA,NA,NA,NA,NA,NA,NA,NA,NA,194.8,43.588379316,-79.752013059,1.02648,9.02,236,11,13.7052
999,3.95359,89.5,172,"2026-03-28_YIUCB",4.37790035898783,477,NA,NA,NA,NA,NA,NA,NA,NA,NA,NA,NA,NA,NA,195,43.588366408,-79.752056897,2.07619,9.02,236,11,13.7052
1000,3.95739,90,172,"2026-03-28_YIUCB",4.37790035898783,479,NA,NA,NA,NA,NA,NA,NA,NA,NA,NA,NA,NA,NA,195.2,43.588370515,-79.752107691,2.60251,8.84,234,11,13.7052
1001,3.96134,90,172,"2026-03-28_YIUCB",4.3675751222921,483,NA,NA,NA,NA,NA,NA,NA,NA,NA,NA,NA,NA,NA,195.4,43.588369593,-79.752150606,3.10884,8.85,234,11,13.7376
1002,3.96522,90,172,"2026-03-28_YIUCB",4.3675751222921,486,NA,NA,NA,NA,NA,NA,NA,NA,NA,NA,NA,NA,NA,195.8,43.588382333,-79.752201903,4.13976,8.85,234,11,13.7376
1003,3.96908,90,172,"2026-03-28_YIUCB",4.3675751222921,488,NA,NA,NA,NA,NA,NA,NA,NA,NA,NA,NA,NA,NA,195.8,43.588386273,-79.752243981,4.13976,8.85,234,11,13.7376
1004,3.97303,89,172,"2026-03-28_YIUCB",4.3675751222921,490,NA,NA,NA,NA,NA,NA,NA,NA,NA,NA,NA,NA,NA,196,43.588397169,-79.752294859,4.64609,9.02,236,11,13.7376
1005,3.97667,88.5,172,"2026-03-28_YIUCB",4.3675751222921,491,NA,NA,NA,NA,NA,NA,NA,NA,NA,NA,NA,NA,NA,196.2,43.588403623,-79.752336349,4.655,9.02,236,11,13.7376
1006,3.9811,88.5,172,"2026-03-28_YIUCB",4.3675751222921,494,NA,NA,NA,NA,NA,NA,NA,NA,NA,NA,NA,NA,NA,196.2,43.588423405,-79.752386724,4.13552,9.02,236,11,13.7376
1007,3.9851,88.5,171,"2026-03-28_YIUCB",4.3561596096881,500,NA,NA,NA,NA,NA,NA,NA,NA,NA,NA,NA,NA,NA,196.2,43.588445617,-79.752424527,3.61196,9.02,236,11,13.7736
1008,3.98913,88,170,"2026-03-28_YIUCB",4.3561596096881,504,NA,NA,NA,NA,NA,NA,NA,NA,NA,NA,NA,NA,NA,196.2,43.588473193,-79.752456378,3.61196,9.2,238,11,13.7736
1009,3.99319,88,170,"2026-03-28_YIUCB",4.34593654932638,509,NA,NA,NA,NA,NA,NA,NA,NA,NA,NA,NA,NA,NA,196.4,43.588503871,-79.75248957,3.61196,9.2,238,11,13.806
1010,3.99742,88,169,"2026-03-28_YIUCB",4.34593654932638,515,NA,NA,NA,NA,NA,NA,NA,NA,NA,NA,NA,NA,NA,196.4,43.588533375,-79.752517817,3.08565,9.2,238,11,13.806
1011,4.00165,87.5,169,"2026-03-28_YIUCB",4.33576135969476,516,NA,NA,NA,NA,NA,NA,NA,NA,NA,NA,NA,NA,NA,196.4,43.58856816,-79.752548663,2.57932,9.24,237,11,13.8384
1012,4.00586,87.5,168,"2026-03-28_YIUCB",4.32451133021969,513,NA,NA,NA,NA,NA,NA,NA,NA,NA,NA,NA,NA,NA,196.2,43.588596239,-79.752579927,1.07333,9.24,237,11,13.8744
1013,4.00997,87,168,"2026-03-28_YIUCB",4.31443610320131,511,NA,NA,NA,NA,NA,NA,NA,NA,NA,NA,NA,NA,NA,196,43.588624235,-79.752610018,0.586713,9.43,239,11,13.9068
1014,4.01322,87.5,168,"2026-03-28_YIUCB",4.30440771349862,508,NA,NA,NA,NA,NA,NA,NA,NA,NA,NA,NA,NA,NA,195.8,43.588644016,-79.752639942,-0.535001,9.24,237,11,13.9392
1015,4.01707,87.5,168,"2026-03-28_YIUCB",4.30440771349862,504,NA,NA,NA,NA,NA,NA,NA,NA,NA,NA,NA,NA,NA,195.6,43.588663295,-79.752685204,-1.60393,9.24,237,11,13.9392
1016,4.02101,89.5,168,"2026-03-28_YIUCB",4.31443610320131,499,NA,NA,NA,NA,NA,NA,NA,NA,NA,NA,NA,NA,NA,195.6,43.588672766,-79.752728455,-1.60393,9.06,235,11,13.9068
1017,4.02516,89.5,169,"2026-03-28_YIUCB",4.31443610320131,500,NA,NA,NA,NA,NA,NA,NA,NA,NA,NA,NA,NA,NA,195.8,43.588688105,-79.752778243,-1.122,9.06,235,11,13.9068
1018,4.029,89.5,169,"2026-03-28_YIUCB",4.30440771349862,502,NA,NA,NA,NA,NA,NA,NA,NA,NA,NA,NA,NA,NA,196,43.588699672,-79.752820907,-0.601171,9.09,234,11,13.9392
1019,4.03306,89.5,169,"2026-03-28_YIUCB",4.29331959471063,502,NA,NA,NA,NA,NA,NA,NA,NA,NA,NA,NA,NA,NA,196,43.588718783,-79.752866756,-1.09378,9.1,234,11,13.9752
1020,4.0369,89.5,169,"2026-03-28_YIUCB",4.29331959471063,499,NA,NA,NA,NA,NA,NA,NA,NA,NA,NA,NA,NA,NA,196,43.588730518,-79.752906654,-1.09378,9.1,234,11,13.9752
1021,4.04118,89.5,169,"2026-03-28_YIUCB",4.28338901739056,496,NA,NA,NA,NA,NA,NA,NA,NA,NA,NA,NA,NA,NA,196,43.5887591,-79.752950659,-1.09378,9.1,234,11,14.0076
1022,4.04489,88.5,170,"2026-03-28_YIUCB",4.28338901739056,490,NA,NA,NA,NA,NA,NA,NA,NA,NA,NA,NA,NA,NA,196,43.588774187,-79.752987875,-0.618722,9.1,234,11,14.0076
1023,4.04905,88,171,"2026-03-28_YIUCB",4.27350427350427,489,NA,NA,NA,NA,NA,NA,NA,NA,NA,NA,NA,NA,NA,195.8,43.588799668,-79.753029868,-0.612873,9.28,236,11,14.04
1024,4.05243,88,170,"2026-03-28_YIUCB",4.26257459505541,488,NA,NA,NA,NA,NA,NA,NA,NA,NA,NA,NA,NA,NA,196,43.588812912,-79.753062138,0.594227,9.28,236,10,14.076
1025,4.05652,88,170,"2026-03-28_YIUCB",4.27350427350427,482,NA,NA,NA,NA,NA,NA,NA,NA,NA,NA,NA,NA,NA,196,43.588840069,-79.753103293,1.11371,9.28,236,11,14.04
1026,4.06026,88,170,"2026-03-28_YIUCB",4.28338901739056,477,NA,NA,NA,NA,NA,NA,NA,NA,NA,NA,NA,NA,NA,195.8,43.588858342,-79.753138581,0.578948,9.28,236,11,14.0076
1027,4.06455,89,170,"2026-03-28_YIUCB",4.28338901739056,472,NA,NA,NA,NA,NA,NA,NA,NA,NA,NA,NA,NA,NA,195.8,43.588889187,-79.753179401,0.0970207,9.1,234,11,14.0076
1028,4.06849,89.5,170,"2026-03-28_YIUCB",4.28338901739056,468,NA,NA,NA,NA,NA,NA,NA,NA,NA,NA,NA,NA,NA,195.8,43.588906118,-79.753214856,-0.423813,8.92,232,11,14.0076
1029,4.07268,89.5,171,"2026-03-28_YIUCB",4.27350427350427,467,NA,NA,NA,NA,NA,NA,NA,NA,NA,NA,NA,NA,NA,195.6,43.588933611,-79.753256431,-0.90114,8.92,232,11,14.04
1030,4.07653,89.5,172,"2026-03-28_YIUCB",4.26257459505541,468,NA,NA,NA,NA,NA,NA,NA,NA,NA,NA,NA,NA,NA,195.6,43.588954147,-79.753290042,-0.90114,8.96,231,11,14.076
1031,4.08065,89,173,"2026-03-28_YIUCB",4.26257459505541,467,NA,NA,NA,NA,NA,NA,NA,NA,NA,NA,NA,NA,NA,195.6,43.588979209,-79.753329269,-0.90114,9.13,233,11,14.076
1032,4.08386,88.5,174,"2026-03-28_YIUCB",4.25278557455133,467,NA,NA,NA,NA,NA,NA,NA,NA,NA,NA,NA,NA,NA,195.6,43.588997146,-79.753358606,-0.90114,9.13,233,11,14.1084
1033,4.08769,88.5,174,"2026-03-28_YIUCB",4.25278557455133,466,NA,NA,NA,NA,NA,NA,NA,NA,NA,NA,NA,NA,NA,195.6,43.589020112,-79.75339842,-0.42037,9.13,233,11,14.1084
1034,4.09131,88.5,174,"2026-03-28_YIUCB",4.27350427350427,461,NA,NA,NA,NA,NA,NA,NA,NA,NA,NA,NA,NA,NA,195.6,43.589040229,-79.753428511,-1.01209,9.1,234,10,14.04
1035,4.09487,89,175,"2026-03-28_YIUCB",4.27350427350427,460,NA,NA,NA,NA,NA,NA,NA,NA,NA,NA,NA,NA,NA,195.4,43.589063866,-79.753462961,-1.57388,9.1,234,11,14.04
1036,4.09832,89,175,"2026-03-28_YIUCB",4.28338901739056,458,NA,NA,NA,NA,NA,NA,NA,NA,NA,NA,NA,NA,NA,195.4,43.589082306,-79.753496321,-1.03912,9.1,234,11,14.0076
1037,4.1026,89,174,"2026-03-28_YIUCB",4.29331959471063,456,NA,NA,NA,NA,NA,NA,NA,NA,NA,NA,NA,NA,NA,195.4,43.589110134,-79.753535548,-1.03912,9.1,234,11,13.9752
1038,4.10613,89,174,"2026-03-28_YIUCB",4.30440771349862,454,NA,NA,NA,NA,NA,NA,NA,NA,NA,NA,NA,NA,NA,195.4,43.589128993,-79.753567316,-1.03912,9.09,234,11,13.9392
1039,4.11054,89.5,172,"2026-03-28_YIUCB",4.31443610320131,450,NA,NA,NA,NA,NA,NA,NA,NA,NA,NA,NA,NA,NA,195.4,43.589159755,-79.753607884,-0.561798,8.89,233,11,13.9068
1040,4.11403,90.5,171,"2026-03-28_YIUCB",4.30440771349862,449,NA,NA,NA,NA,NA,NA,NA,NA,NA,NA,NA,NA,NA,195.4,43.589180123,-79.75363764,-0.561798,8.75,230,11,13.9392
1041,4.11829,90.5,170,"2026-03-28_YIUCB",4.30440771349862,448,NA,NA,NA,NA,NA,NA,NA,NA,NA,NA,NA,NA,NA,195.2,43.589213148,-79.753668401,-1.03128,8.75,230,11,13.9392
1042,4.12195,91,170,"2026-03-28_YIUCB",4.29331959471063,450,NA,NA,NA,NA,NA,NA,NA,NA,NA,NA,NA,NA,NA,195.2,43.589235443,-79.753695475,-1.03128,8.75,230,11,13.9752
1043,4.12611,91,171,"2026-03-28_YIUCB",4.30440771349862,448,NA,NA,NA,NA,NA,NA,NA,NA,NA,NA,NA,NA,NA,195.2,43.5892683,-79.753727829,-1.03128,8.75,230,10,13.9392
1044,4.12976,91,171,"2026-03-28_YIUCB",4.29331959471063,449,NA,NA,NA,NA,NA,NA,NA,NA,NA,NA,NA,NA,NA,195.4,43.589289004,-79.75375968,-0.483336,8.75,230,11,13.9752
1045,4.13423,90.5,172,"2026-03-28_YIUCB",4.30440771349862,447,NA,NA,NA,NA,NA,NA,NA,NA,NA,NA,NA,NA,NA,195.4,43.589319598,-79.753799327,0.0784616,8.75,230,11,13.9392
1046,4.13797,90.5,172,"2026-03-28_YIUCB",4.29331959471063,448,NA,NA,NA,NA,NA,NA,NA,NA,NA,NA,NA,NA,NA,195.6,43.589340385,-79.75383034,0.613221,8.75,230,11,13.9752
1047,4.14194,91,171,"2026-03-28_YIUCB",4.28338901739056,452,NA,NA,NA,NA,NA,NA,NA,NA,NA,NA,NA,NA,NA,195.6,43.589364776,-79.753871243,0.613221,8.75,230,11,14.0076
1048,4.1455,91,171,"2026-03-28_YIUCB",4.28338901739056,453,NA,NA,NA,NA,NA,NA,NA,NA,NA,NA,NA,NA,NA,195.8,43.589382211,-79.753905944,1.17502,8.75,230,10,14.0076
1049,4.14918,89.5,171,"2026-03-28_YIUCB",4.28338901739056,458,NA,NA,NA,NA,NA,NA,NA,NA,NA,NA,NA,NA,NA,195.8,43.589399477,-79.753946345,1.17502,8.92,232,11,14.0076
1050,4.15323,89.5,171,"2026-03-28_YIUCB",4.29331959471063,459,NA,NA,NA,NA,NA,NA,NA,NA,NA,NA,NA,NA,NA,196,43.58942127,-79.753988841,1.66885,8.92,232,11,13.9752
1051,4.15716,89.5,171,"2026-03-28_YIUCB",4.29331959471063,462,NA,NA,NA,NA,NA,NA,NA,NA,NA,NA,NA,NA,NA,196.2,43.589435939,-79.75402832,2.64724,8.92,232,10,13.9752
1052,4.16124,89.5,172,"2026-03-28_YIUCB",4.29331959471063,463,NA,NA,NA,NA,NA,NA,NA,NA,NA,NA,NA,NA,NA,196.2,43.589456809,-79.754074337,2.64724,8.92,232,11,13.9752
1053,4.16468,87.5,172,"2026-03-28_YIUCB",4.29331959471063,465,NA,NA,NA,NA,NA,NA,NA,NA,NA,NA,NA,NA,NA,196,43.589464772,-79.754113899,2.06584,9.28,236,11,13.9752
1054,4.16835,87,172,"2026-03-28_YIUCB",4.29331959471063,466,NA,NA,NA,NA,NA,NA,NA,NA,NA,NA,NA,NA,NA,195.8,43.589465275,-79.75416,0.972936,9.43,239,10,13.9752
1055,4.17161,86.5,173,"2026-03-28_YIUCB",4.30440771349862,464,NA,NA,NA,NA,NA,NA,NA,NA,NA,NA,NA,NA,NA,195.4,43.589457815,-79.754205849,-0.254058,9.63,241,10,13.9392
1056,4.17483,86,173,"2026-03-28_YIUCB",4.32451133021969,459,NA,NA,NA,NA,NA,NA,NA,NA,NA,NA,NA,NA,NA,195.2,43.589448008,-79.754239293,-1.40994,9.59,242,11,13.8744
1057,4.17868,85,174,"2026-03-28_YIUCB",4.37790035898783,452,NA,NA,NA,NA,NA,NA,NA,NA,NA,NA,NA,NA,NA,194.8,43.589432167,-79.754288494,-2.4489,9.74,245,10,13.7052
1058,4.18243,84.5,174,"2026-03-28_YIUCB",4.43262411347518,444,NA,NA,NA,NA,NA,NA,NA,NA,NA,NA,NA,NA,NA,194.6,43.589417666,-79.754323447,-3.54403,9.87,249,10,13.536
1059,4.18645,83.5,174,"2026-03-28_YIUCB",4.44325957522438,441,NA,NA,NA,NA,NA,NA,NA,NA,NA,NA,NA,NA,NA,194.4,43.589402746,-79.754374074,-4.04154,10.05,252,11,13.5036
1060,4.19022,83.5,174,"2026-03-28_YIUCB",4.44325957522438,438,NA,NA,NA,NA,NA,NA,NA,NA,NA,NA,NA,NA,NA,194.2,43.589390257,-79.754417576,-5.06587,10.05,252,11,13.5036
1061,4.1941,84.5,175,"2026-03-28_YIUCB",4.41033783187792,439,NA,NA,NA,NA,NA,NA,NA,NA,NA,NA,NA,NA,NA,194.2,43.589366704,-79.754458563,-5.57478,9.87,249,10,13.6044
1062,4.19743,86,175,"2026-03-28_YIUCB",4.41033783187792,437,NA,NA,NA,NA,NA,NA,NA,NA,NA,NA,NA,NA,NA,194.2,43.589337451,-79.754472058,-5.57478,9.5,244,11,13.6044
1063,4.20098,87,175,"2026-03-28_YIUCB",4.42086648983201,434,NA,NA,NA,NA,NA,NA,NA,NA,NA,NA,NA,NA,NA,194.2,43.589303085,-79.754472561,-4.99338,9.31,242,10,13.572
1064,4.20459,88,175,"2026-03-28_YIUCB",4.45394619632995,429,NA,NA,NA,NA,NA,NA,NA,NA,NA,NA,NA,NA,NA,194.2,43.589270899,-79.754471304,-4.44842,9.12,240,11,13.4712
1065,4.20836,88,174,"2026-03-28_YIUCB",4.48752468138575,426,NA,NA,NA,NA,NA,NA,NA,NA,NA,NA,NA,NA,NA,194.4,43.589237287,-79.754467113,-2.69092,9.08,241,10,13.3704
1066,4.2121,87,174,"2026-03-28_YIUCB",4.48752468138575,429,NA,NA,NA,NA,NA,NA,NA,NA,NA,NA,NA,NA,NA,194.4,43.589202335,-79.754467029,-2.06981,9.26,243,11,13.3704
1067,4.21573,87,173,"2026-03-28_YIUCB",4.476676515355,431,NA,NA,NA,NA,NA,NA,NA,NA,NA,NA,NA,NA,NA,194.4,43.589169981,-79.754464934,-1.03085,9.26,243,10,13.4028
1068,4.21952,87,173,"2026-03-28_YIUCB",4.476676515355,432,NA,NA,NA,NA,NA,NA,NA,NA,NA,NA,NA,NA,NA,194.6,43.589133687,-79.754475076,0.030192,9.26,243,11,13.4028
1069,4.22332,87.5,172,"2026-03-28_YIUCB",4.476676515355,431,NA,NA,NA,NA,NA,NA,NA,NA,NA,NA,NA,NA,NA,194.6,43.589101333,-79.754478345,0.527704,9.08,241,11,13.4028
1070,4.22708,88,171,"2026-03-28_YIUCB",4.476676515355,431,NA,NA,NA,NA,NA,NA,NA,NA,NA,NA,NA,NA,NA,194.8,43.58906923,-79.75449603,1.59012,9.08,241,10,13.4028
1071,4.23089,88.5,170,"2026-03-28_YIUCB",4.476676515355,428,NA,NA,NA,NA,NA,NA,NA,NA,NA,NA,NA,NA,NA,194.8,43.589039558,-79.754504245,1.59012,8.94,238,11,13.4028
1072,4.23457,88.5,169,"2026-03-28_YIUCB",4.476676515355,428,NA,NA,NA,NA,NA,NA,NA,NA,NA,NA,NA,NA,NA,194.6,43.589005695,-79.754526121,1.04665,8.94,238,10,13.4028
1073,4.23779,88.5,169,"2026-03-28_YIUCB",4.476676515355,427,NA,NA,NA,NA,NA,NA,NA,NA,NA,NA,NA,NA,NA,194.6,43.588981807,-79.754534922,1.04665,8.94,238,11,13.4028
1074,4.24152,87.5,169,"2026-03-28_YIUCB",4.476676515355,428,NA,NA,NA,NA,NA,NA,NA,NA,NA,NA,NA,NA,NA,194.6,43.588945932,-79.754555207,1.04665,9.08,241,10,13.4028
1075,4.2451,87,169,"2026-03-28_YIUCB",4.4996400287977,427,NA,NA,NA,NA,NA,NA,NA,NA,NA,NA,NA,NA,NA,194.6,43.588918356,-79.754566103,0.516141,9.26,243,10,13.3344
1076,4.24902,87,168,"2026-03-28_YIUCB",4.4996400287977,427,NA,NA,NA,NA,NA,NA,NA,NA,NA,NA,NA,NA,NA,194.6,43.588881895,-79.754587477,0.516141,9.26,243,10,13.3344
1077,4.25262,87.5,168,"2026-03-28_YIUCB",4.4996400287977,426,NA,NA,NA,NA,NA,NA,NA,NA,NA,NA,NA,NA,NA,194.4,43.588852055,-79.754595188,-0.0394144,9.08,241,10,13.3344
1078,4.25726,88,168,"2026-03-28_YIUCB",4.4996400287977,427,NA,NA,NA,NA,NA,NA,NA,NA,NA,NA,NA,NA,NA,194.4,43.588809307,-79.754603067,-0.567119,9.08,241,11,13.3344
1079,4.26084,88.5,169,"2026-03-28_YIUCB",4.4996400287977,426,NA,NA,NA,NA,NA,NA,NA,NA,NA,NA,NA,NA,NA,194.4,43.588777792,-79.75460181,-0.567119,8.9,239,10,13.3344
1080,4.2654,88.5,169,"2026-03-28_YIUCB",4.4996400287977,427,NA,NA,NA,NA,NA,NA,NA,NA,NA,NA,NA,NA,NA,194.4,43.588735211,-79.75460181,-1.09903,8.9,239,10,13.3344
1081,4.26918,88.5,170,"2026-03-28_YIUCB",4.4996400287977,428,NA,NA,NA,NA,NA,NA,NA,NA,NA,NA,NA,NA,NA,194.4,43.588702941,-79.754599631,-1.09903,8.9,239,11,13.3344
1082,4.2737,89,170,"2026-03-28_YIUCB",4.4996400287977,429,NA,NA,NA,NA,NA,NA,NA,NA,NA,NA,NA,NA,NA,194.2,43.588660361,-79.754598038,-0.998033,8.9,239,10,13.3344
1083,4.27784,89,170,"2026-03-28_YIUCB",4.48752468138575,431,NA,NA,NA,NA,NA,NA,NA,NA,NA,NA,NA,NA,NA,194.2,43.588626247,-79.7545915,-0.998033,8.9,239,10,13.3704
1084,4.28216,89.5,170,"2026-03-28_YIUCB",4.45394619632995,435,NA,NA,NA,NA,NA,NA,NA,NA,NA,NA,NA,NA,NA,194.2,43.588586433,-79.754582196,-0.998033,8.77,236,10,13.4712
1085,4.28584,90,170,"2026-03-28_YIUCB",4.43262411347518,440,NA,NA,NA,NA,NA,NA,NA,NA,NA,NA,NA,NA,NA,194.4,43.58855894,-79.754560739,-0.454555,8.8,235,10,13.536
1086,4.29017,90,170,"2026-03-28_YIUCB",4.41033783187792,445,NA,NA,NA,NA,NA,NA,NA,NA,NA,NA,NA,NA,NA,194.4,43.588521557,-79.754535342,-0.454555,8.81,235,10,13.6044
1087,4.29379,90.5,170,"2026-03-28_YIUCB",4.41033783187792,444,NA,NA,NA,NA,NA,NA,NA,NA,NA,NA,NA,NA,NA,194.6,43.588496076,-79.754514722,0.653487,8.64,233,10,13.6044
1088,4.2978,91,170,"2026-03-28_YIUCB",4.41033783187792,444,NA,NA,NA,NA,NA,NA,NA,NA,NA,NA,NA,NA,NA,194.8,43.588460034,-79.754492678,1.15224,8.64,233,10,13.6044
1089,4.30156,90.5,170,"2026-03-28_YIUCB",4.37790035898783,449,NA,NA,NA,NA,NA,NA,NA,NA,NA,NA,NA,NA,NA,194.8,43.588433379,-79.754468705,1.15224,8.68,232,10,13.7052
1090,4.30573,90.5,170,"2026-03-28_YIUCB",4.37790035898783,449,NA,NA,NA,NA,NA,NA,NA,NA,NA,NA,NA,NA,NA,194.8,43.588394822,-79.754453786,1.15224,8.68,232,10,13.7052
1091,4.30975,90,171,"2026-03-28_YIUCB",4.26257459505541,472,NA,NA,NA,NA,NA,NA,NA,NA,NA,NA,NA,NA,NA,194.8,43.588364731,-79.754432747,1.15224,8.96,231,10,14.076
1092,4.31397,90,171,"2026-03-28_YIUCB",4.22261633307998,481,NA,NA,NA,NA,NA,NA,NA,NA,NA,NA,NA,NA,NA,194.8,43.588325755,-79.754416318,1.59472,8.99,230,10,14.2092
1093,4.31783,89.5,172,"2026-03-28_YIUCB",4.18340026773762,488,NA,NA,NA,NA,NA,NA,NA,NA,NA,NA,NA,NA,NA,194.8,43.588295748,-79.754400141,1.59472,9.03,229,10,14.3424
1094,4.32187,89.5,171,"2026-03-28_YIUCB",4.22261633307998,483,NA,NA,NA,NA,NA,NA,NA,NA,NA,NA,NA,NA,NA,194.8,43.588258616,-79.754390418,1.59472,8.99,230,10,14.2092
1095,4.32573,89.5,171,"2026-03-28_YIUCB",4.2322668020992,476,NA,NA,NA,NA,NA,NA,NA,NA,NA,NA,NA,NA,NA,194.8,43.588225592,-79.754379773,1.05124,8.96,231,10,14.1768
1096,4.32974,89.5,170,"2026-03-28_YIUCB",4.24304141208418,476,NA,NA,NA,NA,NA,NA,NA,NA,NA,NA,NA,NA,NA,194.8,43.588189298,-79.754374577,1.05124,8.96,231,10,14.1408
1097,4.33374,89.5,170,"2026-03-28_YIUCB",4.25278557455133,477,NA,NA,NA,NA,NA,NA,NA,NA,NA,NA,NA,NA,NA,194.8,43.588154094,-79.754370553,0.498753,8.96,231,10,14.1084
1098,4.33769,89.5,171,"2026-03-28_YIUCB",4.24304141208418,481,NA,NA,NA,NA,NA,NA,NA,NA,NA,NA,NA,NA,NA,194.8,43.588118722,-79.754368961,0,8.96,231,10,14.1408
1099,4.34168,89.5,171,"2026-03-28_YIUCB",4.24304141208418,483,NA,NA,NA,NA,NA,NA,NA,NA,NA,NA,NA,NA,NA,194.8,43.588082177,-79.7543729,0,8.96,231,10,14.1408
1100,4.34557,89,170,"2026-03-28_YIUCB",4.24304141208418,486,NA,NA,NA,NA,NA,NA,NA,NA,NA,NA,NA,NA,NA,194.8,43.588048398,-79.754372816,0,9.14,233,10,14.1408
1101,4.34944,89,170,"2026-03-28_YIUCB",4.24304141208418,487,NA,NA,NA,NA,NA,NA,NA,NA,NA,NA,NA,NA,NA,194.8,43.588012775,-79.754376002,0,9.14,233,10,14.1408
1102,4.35325,89.5,169,"2026-03-28_YIUCB",4.24304141208418,483,NA,NA,NA,NA,NA,NA,NA,NA,NA,NA,NA,NA,NA,194.6,43.587979248,-79.754376169,-0.524934,8.96,231,11,14.1408
1103,4.35712,89.5,168,"2026-03-28_YIUCB",4.25278557455133,480,NA,NA,NA,NA,NA,NA,NA,NA,NA,NA,NA,NA,NA,194.6,43.587943792,-79.754379187,-0.524934,8.96,231,10,14.1084
1104,4.36089,88.5,169,"2026-03-28_YIUCB",4.26257459505541,477,NA,NA,NA,NA,NA,NA,NA,NA,NA,NA,NA,NA,NA,194.4,43.58791127,-79.754376504,-1.05544,9.13,233,10,14.076
1105,4.36472,88.5,170,"2026-03-28_YIUCB",4.26257459505541,475,NA,NA,NA,NA,NA,NA,NA,NA,NA,NA,NA,NA,NA,194.4,43.587875815,-79.754381031,-1.05544,9.13,233,10,14.076
1106,4.36817,88.5,170,"2026-03-28_YIUCB",4.27350427350427,472,NA,NA,NA,NA,NA,NA,NA,NA,NA,NA,NA,NA,NA,194.4,43.587845892,-79.75438145,-1.05544,9.1,234,10,14.04
1107,4.37179,89,170,"2026-03-28_YIUCB",4.28338901739056,470,NA,NA,NA,NA,NA,NA,NA,NA,NA,NA,NA,NA,NA,194.4,43.58781119,-79.754380192,-1.05544,9.1,234,10,14.0076
1108,4.37536,89.5,170,"2026-03-28_YIUCB",4.31443610320131,465,NA,NA,NA,NA,NA,NA,NA,NA,NA,NA,NA,NA,NA,194.4,43.587780764,-79.754370721,-1.05544,8.89,233,11,13.9068
1109,4.37915,89.5,169,"2026-03-28_YIUCB",4.32451133021969,462,NA,NA,NA,NA,NA,NA,NA,NA,NA,NA,NA,NA,NA,194.6,43.587744722,-79.754365357,-0.527734,8.88,233,10,13.8744
1110,4.38272,89.5,169,"2026-03-28_YIUCB",4.33576135969476,458,NA,NA,NA,NA,NA,NA,NA,NA,NA,NA,NA,NA,NA,194.4,43.587716223,-79.754353706,-1.08796,8.88,233,10,13.8384
1111,4.38648,89.5,169,"2026-03-28_YIUCB",4.33576135969476,455,NA,NA,NA,NA,NA,NA,NA,NA,NA,NA,NA,NA,NA,194.4,43.587680936,-79.754344737,-1.08796,8.88,233,10,13.8384
1112,4.39011,89.5,170,"2026-03-28_YIUCB",4.3561596096881,452,NA,NA,NA,NA,NA,NA,NA,NA,NA,NA,NA,NA,NA,194.4,43.587652353,-79.754331494,-0.563024,8.85,234,10,13.7736
1113,4.3939,89.5,171,"2026-03-28_YIUCB",4.3561596096881,451,NA,NA,NA,NA,NA,NA,NA,NA,NA,NA,NA,NA,NA,194.4,43.587615641,-79.754325626,-0.563024,8.85,234,10,13.7736
1114,4.39769,89.5,171,"2026-03-28_YIUCB",4.3675751222921,449,NA,NA,NA,NA,NA,NA,NA,NA,NA,NA,NA,NA,NA,194.4,43.587587226,-79.754306683,-0.0325196,8.85,234,10,13.7376
1115,4.40132,89.5,171,"2026-03-28_YIUCB",4.3675751222921,449,NA,NA,NA,NA,NA,NA,NA,NA,NA,NA,NA,NA,NA,194.6,43.58755395,-79.754298972,0.518445,8.85,234,10,13.7376
1116,4.40475,89.5,171,"2026-03-28_YIUCB",4.3675751222921,448,NA,NA,NA,NA,NA,NA,NA,NA,NA,NA,NA,NA,NA,194.6,43.587525368,-79.754285477,0.518445,8.85,234,11,13.7376
1117,4.4084,89.5,170,"2026-03-28_YIUCB",4.37790035898783,447,NA,NA,NA,NA,NA,NA,NA,NA,NA,NA,NA,NA,NA,194.8,43.587488068,-79.754281621,1.06639,8.84,234,10,13.7052
1118,4.41182,89.5,169,"2026-03-28_YIUCB",4.38827453045463,445,NA,NA,NA,NA,NA,NA,NA,NA,NA,NA,NA,NA,NA,194.8,43.587461749,-79.754269216,1.06639,8.84,234,11,13.6728
1119,4.41565,89.5,169,"2026-03-28_YIUCB",4.39985920450546,444,NA,NA,NA,NA,NA,NA,NA,NA,NA,NA,NA,NA,NA,194.8,43.587424366,-79.75427039,0.538685,8.81,235,10,13.6368
1120,4.41931,89.5,169,"2026-03-28_YIUCB",4.41033783187792,442,NA,NA,NA,NA,NA,NA,NA,NA,NA,NA,NA,NA,NA,194.8,43.587391509,-79.754259661,1.09891,8.81,235,10,13.6044
1121,4.42349,89.5,169,"2026-03-28_YIUCB",4.41033783187792,442,NA,NA,NA,NA,NA,NA,NA,NA,NA,NA,NA,NA,NA,194.8,43.587351946,-79.754263349,1.09891,8.81,235,10,13.6044
1122,4.4273,89.5,170,"2026-03-28_YIUCB",4.41033783187792,443,NA,NA,NA,NA,NA,NA,NA,NA,NA,NA,NA,NA,NA,194.8,43.587321268,-79.754262762,1.09891,8.81,235,10,13.6044
1123,4.4314,90,170,"2026-03-28_YIUCB",4.39985920450546,444,NA,NA,NA,NA,NA,NA,NA,NA,NA,NA,NA,NA,NA,194.8,43.587282963,-79.754278436,1.09891,8.81,235,10,13.6368
1124,4.43519,90.5,171,"2026-03-28_YIUCB",4.39985920450546,443,NA,NA,NA,NA,NA,NA,NA,NA,NA,NA,NA,NA,NA,195,43.58725262,-79.754283884,1.62661,8.64,233,10,13.6368
1125,4.43956,90.5,170,"2026-03-28_YIUCB",4.38827453045463,444,NA,NA,NA,NA,NA,NA,NA,NA,NA,NA,NA,NA,NA,194.8,43.587212052,-79.754305426,0.617984,8.68,232,10,13.6728
1126,4.44322,90.5,170,"2026-03-28_YIUCB",4.38827453045463,444,NA,NA,NA,NA,NA,NA,NA,NA,NA,NA,NA,NA,NA,195,43.587183386,-79.754313053,1.16443,8.68,232,10,13.6728
1127,4.44746,90.5,169,"2026-03-28_YIUCB",4.37790035898783,445,NA,NA,NA,NA,NA,NA,NA,NA,NA,NA,NA,NA,NA,194.8,43.587144075,-79.754331577,0.144789,8.68,232,10,13.7052
1128,4.45152,88.5,169,"2026-03-28_YIUCB",4.3675751222921,449,NA,NA,NA,NA,NA,NA,NA,NA,NA,NA,NA,NA,NA,194.8,43.587111721,-79.754341133,0.144789,9.02,236,10,13.7376
1129,4.45573,88.5,170,"2026-03-28_YIUCB",4.3675751222921,448,NA,NA,NA,NA,NA,NA,NA,NA,NA,NA,NA,NA,NA,194.8,43.587072996,-79.754357394,0.144789,9.02,236,10,13.7376
1130,4.45958,88.5,171,"2026-03-28_YIUCB",4.3561596096881,449,NA,NA,NA,NA,NA,NA,NA,NA,NA,NA,NA,NA,NA,194.6,43.58704148,-79.754361668,-0.374692,9.02,236,10,13.7736
1131,4.46365,88.5,172,"2026-03-28_YIUCB",4.34593654932638,450,NA,NA,NA,NA,NA,NA,NA,NA,NA,NA,NA,NA,NA,194.6,43.587003343,-79.754369631,-0.374692,9.06,235,10,13.806
1132,4.46745,88.5,173,"2026-03-28_YIUCB",4.34593654932638,448,NA,NA,NA,NA,NA,NA,NA,NA,NA,NA,NA,NA,NA,194.4,43.586969647,-79.754370972,-0.901008,9.06,235,11,13.806
1133,4.47126,88.5,174,"2026-03-28_YIUCB",4.33576135969476,450,NA,NA,NA,NA,NA,NA,NA,NA,NA,NA,NA,NA,NA,194.2,43.586935868,-79.754373319,-1.42594,9.06,235,10,13.8384
1134,4.47535,88,175,"2026-03-28_YIUCB",4.33576135969476,450,NA,NA,NA,NA,NA,NA,NA,NA,NA,NA,NA,NA,NA,194,43.586896473,-79.754382875,-2.44264,9.24,237,10,13.8384
1135,4.47925,88,176,"2026-03-28_YIUCB",4.33576135969476,448,NA,NA,NA,NA,NA,NA,NA,NA,NA,NA,NA,NA,NA,193.8,43.586864538,-79.754385138,-2.4978,9.24,237,10,13.8384
1136,4.48359,88,175,"2026-03-28_YIUCB",4.32451133021969,446,NA,NA,NA,NA,NA,NA,NA,NA,NA,NA,NA,NA,NA,193.4,43.586823551,-79.754397627,-3.96591,9.24,237,10,13.8744
1137,4.48752,88,175,"2026-03-28_YIUCB",4.32451133021969,442,NA,NA,NA,NA,NA,NA,NA,NA,NA,NA,NA,NA,NA,193.2,43.586790861,-79.754399639,-4.00311,9.24,237,10,13.8744
1138,4.49182,87,174,"2026-03-28_YIUCB",4.31443610320131,441,NA,NA,NA,NA,NA,NA,NA,NA,NA,NA,NA,NA,NA,193,43.586751299,-79.754414977,-4.46823,9.43,239,10,13.9068
1139,4.49552,86.5,173,"2026-03-28_YIUCB",4.30440771349862,440,NA,NA,NA,NA,NA,NA,NA,NA,NA,NA,NA,NA,NA,192.8,43.586719615,-79.75442294,-5.00877,9.43,239,10,13.9392
1140,4.49952,86,174,"2026-03-28_YIUCB",4.30440771349862,439,NA,NA,NA,NA,NA,NA,NA,NA,NA,NA,NA,NA,NA,192.8,43.586684914,-79.754436854,-4.48929,9.63,241,10,13.9392
1141,4.5034,86,174,"2026-03-28_YIUCB",4.29331959471063,439,NA,NA,NA,NA,NA,NA,NA,NA,NA,NA,NA,NA,NA,192.6,43.586652728,-79.754460407,-5.00475,9.63,241,10,13.9752
1142,4.50708,86,174,"2026-03-28_YIUCB",4.29331959471063,436,NA,NA,NA,NA,NA,NA,NA,NA,NA,NA,NA,NA,NA,192.6,43.586624229,-79.754477087,-4.47844,9.63,241,10,13.9752
1143,4.5112,86.5,174,"2026-03-28_YIUCB",4.29331959471063,431,NA,NA,NA,NA,NA,NA,NA,NA,NA,NA,NA,NA,NA,192.4,43.586587516,-79.754501143,-4.43894,9.43,239,10,13.9752
1144,4.5152,86.5,173,"2026-03-28_YIUCB",4.29331959471063,422,NA,NA,NA,NA,NA,NA,NA,NA,NA,NA,NA,NA,NA,192.2,43.586558515,-79.75452411,-4.44994,9.43,239,10,13.9752
1145,4.51963,86.5,173,"2026-03-28_YIUCB",4.29331959471063,414,NA,NA,NA,NA,NA,NA,NA,NA,NA,NA,NA,NA,NA,192.2,43.586528592,-79.754568618,-3.93712,9.43,239,10,13.9752
1146,4.52347,86,172,"2026-03-28_YIUCB",4.28338901739056,412,NA,NA,NA,NA,NA,NA,NA,NA,NA,NA,NA,NA,NA,192.2,43.586507302,-79.754600469,-3.01546,9.63,241,11,14.0076
1147,4.52788,86,172,"2026-03-28_YIUCB",4.27350427350427,411,NA,NA,NA,NA,NA,NA,NA,NA,NA,NA,NA,NA,NA,192.2,43.58648509,-79.754649503,-2.50656,9.67,240,10,14.04
1148,4.53164,86,171,"2026-03-28_YIUCB",4.27350427350427,410,NA,NA,NA,NA,NA,NA,NA,NA,NA,NA,NA,NA,NA,192.4,43.586468829,-79.754685713,-1.50953,9.67,240,10,14.04
1149,4.53538,86,170,"2026-03-28_YIUCB",4.25278557455133,417,NA,NA,NA,NA,NA,NA,NA,NA,NA,NA,NA,NA,NA,192.4,43.586458184,-79.754733071,-0.968986,9.67,240,10,14.1084
1150,4.53907,87,169,"2026-03-28_YIUCB",4.25278557455133,420,NA,NA,NA,NA,NA,NA,NA,NA,NA,NA,NA,NA,NA,192.6,43.586455166,-79.754779758,-0.42698,9.47,238,11,14.1084
1151,4.54296,87,169,"2026-03-28_YIUCB",4.26257459505541,423,NA,NA,NA,NA,NA,NA,NA,NA,NA,NA,NA,NA,NA,192.6,43.586455166,-79.754827702,0.0884834,9.47,238,10,14.076
1152,4.54688,87,168,"2026-03-28_YIUCB",4.26257459505541,430,NA,NA,NA,NA,NA,NA,NA,NA,NA,NA,NA,NA,NA,192.8,43.586461955,-79.754876569,0.598688,9.47,238,10,14.076
1153,4.55055,87,168,"2026-03-28_YIUCB",4.26257459505541,436,NA,NA,NA,NA,NA,NA,NA,NA,NA,NA,NA,NA,NA,193,43.586459776,-79.754919987,1.62908,9.47,238,10,14.076
1154,4.55435,87.5,168,"2026-03-28_YIUCB",4.26257459505541,439,NA,NA,NA,NA,NA,NA,NA,NA,NA,NA,NA,NA,NA,193.2,43.586471595,-79.754969021,2.6554,9.28,236,10,14.076
1155,4.55781,87.5,169,"2026-03-28_YIUCB",4.27350427350427,443,NA,NA,NA,NA,NA,NA,NA,NA,NA,NA,NA,NA,NA,193.4,43.586469667,-79.755006488,3.23343,9.28,236,10,14.04
1156,4.56187,87.5,169,"2026-03-28_YIUCB",4.28338901739056,449,NA,NA,NA,NA,NA,NA,NA,NA,NA,NA,NA,NA,NA,193.4,43.58648576,-79.755058456,3.23343,9.28,236,10,14.0076
1157,4.5658,87,170,"2026-03-28_YIUCB",4.28338901739056,453,NA,NA,NA,NA,NA,NA,NA,NA,NA,NA,NA,NA,NA,193.6,43.586492885,-79.755101036,3.74234,9.47,238,10,14.0076
1158,4.56995,87,170,"2026-03-28_YIUCB",4.28338901739056,456,NA,NA,NA,NA,NA,NA,NA,NA,NA,NA,NA,NA,NA,193.6,43.586510822,-79.755151663,3.21042,9.47,238,10,14.0076
1159,4.57362,87,170,"2026-03-28_YIUCB",4.28338901739056,459,NA,NA,NA,NA,NA,NA,NA,NA,NA,NA,NA,NA,NA,193.8,43.586517947,-79.755193069,3.75538,9.47,238,11,14.0076
1160,4.57733,87,170,"2026-03-28_YIUCB",4.28338901739056,462,NA,NA,NA,NA,NA,NA,NA,NA,NA,NA,NA,NA,NA,193.8,43.586533705,-79.755235985,3.21338,9.47,238,10,14.0076
1161,4.58113,87.5,170,"2026-03-28_YIUCB",4.28338901739056,466,NA,NA,NA,NA,NA,NA,NA,NA,NA,NA,NA,NA,NA,194,43.586549965,-79.755276805,3.73969,9.28,236,10,14.0076
1162,4.58501,88,169,"2026-03-28_YIUCB",4.29331959471063,472,NA,NA,NA,NA,NA,NA,NA,NA,NA,NA,NA,NA,NA,194,43.586566897,-79.755318714,3.22949,9.28,236,10,13.9752
1163,4.5888,88,168,"2026-03-28_YIUCB",4.29331959471063,479,NA,NA,NA,NA,NA,NA,NA,NA,NA,NA,NA,NA,NA,194.2,43.586589109,-79.755357187,3.21224,9.28,236,10,13.9752
1164,4.59278,88,168,"2026-03-28_YIUCB",4.29331959471063,483,NA,NA,NA,NA,NA,NA,NA,NA,NA,NA,NA,NA,NA,194.2,43.58660537,-79.75539457,2.68592,9.28,236,10,13.9752
1165,4.59638,87,168,"2026-03-28_YIUCB",4.29331959471063,487,NA,NA,NA,NA,NA,NA,NA,NA,NA,NA,NA,NA,NA,194.2,43.586628755,-79.75543254,2.10789,9.43,239,10,13.9752
1166,4.59965,87,168,"2026-03-28_YIUCB",4.30440771349862,488,NA,NA,NA,NA,NA,NA,NA,NA,NA,NA,NA,NA,NA,194.2,43.586639987,-79.755464224,2.10789,9.43,239,10,13.9392
1167,4.60337,87.5,169,"2026-03-28_YIUCB",4.30440771349862,491,NA,NA,NA,NA,NA,NA,NA,NA,NA,NA,NA,NA,NA,194.4,43.586667228,-79.75550035,2.13661,9.24,237,10,13.9392
1168,4.60699,87.5,169,"2026-03-28_YIUCB",4.32451133021969,493,NA,NA,NA,NA,NA,NA,NA,NA,NA,NA,NA,NA,NA,194.6,43.586682316,-79.755533961,2.6891,9.24,237,10,13.8744
1169,4.61097,87.5,170,"2026-03-28_YIUCB",4.33576135969476,495,NA,NA,NA,NA,NA,NA,NA,NA,NA,NA,NA,NA,NA,194.6,43.586711149,-79.75557168,2.14414,9.24,237,10,13.8384
1170,4.61434,87.5,170,"2026-03-28_YIUCB",4.33576135969476,498,NA,NA,NA,NA,NA,NA,NA,NA,NA,NA,NA,NA,NA,194.8,43.586726824,-79.75560152,2.73761,9.24,237,10,13.8384
1171,4.61815,87,170,"2026-03-28_YIUCB",4.34593654932638,502,NA,NA,NA,NA,NA,NA,NA,NA,NA,NA,NA,NA,NA,195,43.586751215,-79.755639238,2.73623,9.39,240,10,13.806
1172,4.62186,87.5,169,"2026-03-28_YIUCB",4.3561596096881,506,NA,NA,NA,NA,NA,NA,NA,NA,NA,NA,NA,NA,NA,195.2,43.586773176,-79.755671425,3.27531,9.2,238,10,13.7736
1173,4.62544,88,169,"2026-03-28_YIUCB",4.3561596096881,512,NA,NA,NA,NA,NA,NA,NA,NA,NA,NA,NA,NA,NA,195.4,43.586799243,-79.75570227,3.30627,9.2,238,10,13.7736
1174,4.62923,88,169,"2026-03-28_YIUCB",4.3675751222921,531,NA,NA,NA,NA,NA,NA,NA,NA,NA,NA,NA,NA,NA,195.6,43.586821623,-79.755736552,3.83397,9.2,238,10,13.7376
1175,4.63269,87.5,168,"2026-03-28_YIUCB",4.37790035898783,547,NA,NA,NA,NA,NA,NA,NA,NA,NA,NA,NA,NA,NA,195.8,43.586841991,-79.7557679,4.41201,9.2,238,10,13.7052
1176,4.63649,87.5,168,"2026-03-28_YIUCB",4.37790035898783,560,NA,NA,NA,NA,NA,NA,NA,NA,NA,NA,NA,NA,NA,195.8,43.586865293,-79.755804278,4.41201,9.2,238,10,13.7052
1177,4.63994,88,168,"2026-03-28_YIUCB",4.38827453045463,566,NA,NA,NA,NA,NA,NA,NA,NA,NA,NA,NA,NA,NA,196,43.586879626,-79.755840152,4.45408,9.16,239,10,13.6728
1178,4.64385,89,168,"2026-03-28_YIUCB",4.38827453045463,567,NA,NA,NA,NA,NA,NA,NA,NA,NA,NA,NA,NA,NA,196,43.58689815,-79.755885582,3.9016,9.02,236,10,13.6728
1179,4.64728,89,168,"2026-03-28_YIUCB",4.39985920450546,566,NA,NA,NA,NA,NA,NA,NA,NA,NA,NA,NA,NA,NA,196.2,43.586899994,-79.755923636,4.48469,8.98,237,10,13.6368
1180,4.65101,88,168,"2026-03-28_YIUCB",4.41033783187792,563,NA,NA,NA,NA,NA,NA,NA,NA,NA,NA,NA,NA,NA,196.2,43.586909214,-79.755975269,3.89122,9.16,239,10,13.6044
1181,4.65473,88,169,"2026-03-28_YIUCB",4.42086648983201,556,NA,NA,NA,NA,NA,NA,NA,NA,NA,NA,NA,NA,NA,196.2,43.586908879,-79.756015837,3.36628,9.16,239,10,13.572
1182,4.65877,87.5,168,"2026-03-28_YIUCB",4.42086648983201,551,NA,NA,NA,NA,NA,NA,NA,NA,NA,NA,NA,NA,NA,196.2,43.58691726,-79.756069314,2.8272,9.16,239,10,13.572
1183,4.66252,87,168,"2026-03-28_YIUCB",4.42086648983201,546,NA,NA,NA,NA,NA,NA,NA,NA,NA,NA,NA,NA,NA,196.2,43.586916087,-79.756112983,2.26854,9.31,242,10,13.572
1184,4.66669,87.5,168,"2026-03-28_YIUCB",4.42086648983201,540,NA,NA,NA,NA,NA,NA,NA,NA,NA,NA,NA,NA,NA,196.2,43.586918769,-79.756165286,1.74084,9.16,239,10,13.572
1185,4.67026,87.5,168,"2026-03-28_YIUCB",4.42086648983201,536,NA,NA,NA,NA,NA,NA,NA,NA,NA,NA,NA,NA,NA,196.2,43.586920446,-79.756207783,1.1628,9.16,239,10,13.572
1186,4.67402,88,168,"2026-03-28_YIUCB",4.42086648983201,534,NA,NA,NA,NA,NA,NA,NA,NA,NA,NA,NA,NA,NA,196,43.586923715,-79.756255392,0.630886,9.16,239,10,13.572
1187,4.67781,88,168,"2026-03-28_YIUCB",4.42086648983201,532,NA,NA,NA,NA,NA,NA,NA,NA,NA,NA,NA,NA,NA,196,43.586929498,-79.756303672,0.0511755,9.16,239,10,13.572
1188,4.68168,88,169,"2026-03-28_YIUCB",4.42086648983201,527,NA,NA,NA,NA,NA,NA,NA,NA,NA,NA,NA,NA,NA,196,43.586926648,-79.756350694,0.0511755,9.16,239,10,13.572
1189,4.68551,88,169,"2026-03-28_YIUCB",4.42086648983201,518,NA,NA,NA,NA,NA,NA,NA,NA,NA,NA,NA,NA,NA,196,43.586922541,-79.756404422,-0.531915,9.16,239,10,13.572
1190,4.68901,88,170,"2026-03-28_YIUCB",4.42086648983201,509,NA,NA,NA,NA,NA,NA,NA,NA,NA,NA,NA,NA,NA,195.8,43.586908962,-79.756443147,-1.10334,9.16,239,10,13.572
1191,4.69296,88,170,"2026-03-28_YIUCB",4.42086648983201,499,NA,NA,NA,NA,NA,NA,NA,NA,NA,NA,NA,NA,NA,195.8,43.586879123,-79.756479273,-1.10334,9.16,239,10,13.572
1192,4.69611,87.5,170,"2026-03-28_YIUCB",4.42086648983201,489,NA,NA,NA,NA,NA,NA,NA,NA,NA,NA,NA,NA,NA,195.8,43.586852636,-79.756490085,-1.10334,9.16,239,10,13.572
1193,4.69964,87.5,170,"2026-03-28_YIUCB",4.42086648983201,478,NA,NA,NA,NA,NA,NA,NA,NA,NA,NA,NA,NA,NA,196,43.586818103,-79.756493941,-0.536771,9.16,239,10,13.572
1194,4.70326,87.5,169,"2026-03-28_YIUCB",4.43262411347518,466,NA,NA,NA,NA,NA,NA,NA,NA,NA,NA,NA,NA,NA,195.8,43.586787173,-79.756482458,-1.08926,9.12,240,10,13.536
1195,4.70712,86.5,169,"2026-03-28_YIUCB",4.44325957522438,462,NA,NA,NA,NA,NA,NA,NA,NA,NA,NA,NA,NA,NA,195.8,43.586751886,-79.756467622,-1.08926,9.3,242,10,13.5036
1196,4.71068,86,169,"2026-03-28_YIUCB",4.44325957522438,460,NA,NA,NA,NA,NA,NA,NA,NA,NA,NA,NA,NA,NA,195.6,43.586722297,-79.756451109,-1.11914,9.5,244,10,13.5036
1197,4.71471,86,169,"2026-03-28_YIUCB",4.45394619632995,458,NA,NA,NA,NA,NA,NA,NA,NA,NA,NA,NA,NA,NA,195.4,43.586688099,-79.756431999,-1.61542,9.46,245,10,13.4712
1198,4.71892,86,169,"2026-03-28_YIUCB",4.44325957522438,456,NA,NA,NA,NA,NA,NA,NA,NA,NA,NA,NA,NA,NA,195.4,43.586651219,-79.756417246,-1.61542,9.5,244,10,13.5036
1199,4.72303,86,169,"2026-03-28_YIUCB",4.44325957522438,452,NA,NA,NA,NA,NA,NA,NA,NA,NA,NA,NA,NA,NA,195.2,43.586621798,-79.756392939,-2.10204,9.5,244,10,13.5036
1200,4.72714,86,168,"2026-03-28_YIUCB",4.43262411347518,449,NA,NA,NA,NA,NA,NA,NA,NA,NA,NA,NA,NA,NA,195.2,43.586583745,-79.756376846,-1.53061,9.5,244,10,13.536
1201,4.73121,87,168,"2026-03-28_YIUCB",4.42086648983201,447,NA,NA,NA,NA,NA,NA,NA,NA,NA,NA,NA,NA,NA,195,43.586554408,-79.756350946,-2.02201,9.31,242,10,13.572
1202,4.73525,87.5,168,"2026-03-28_YIUCB",4.41033783187792,444,NA,NA,NA,NA,NA,NA,NA,NA,NA,NA,NA,NA,NA,194.8,43.586515348,-79.75634139,-2.51706,9.34,241,10,13.6044
1203,4.73905,87.5,168,"2026-03-28_YIUCB",4.39985920450546,441,NA,NA,NA,NA,NA,NA,NA,NA,NA,NA,NA,NA,NA,194.6,43.586490705,-79.756315825,-3.60995,9.16,239,10,13.6368
1204,4.74347,88,168,"2026-03-28_YIUCB",4.39985920450546,435,NA,NA,NA,NA,NA,NA,NA,NA,NA,NA,NA,NA,NA,194.4,43.586454579,-79.756278191,-3.50995,9.16,239,10,13.6368
1205,4.74736,88.5,168,"2026-03-28_YIUCB",4.38827453045463,431,NA,NA,NA,NA,NA,NA,NA,NA,NA,NA,NA,NA,NA,194.2,43.586438151,-79.756241646,-4.02409,9.02,236,10,13.6728
1206,4.75209,88.5,168,"2026-03-28_YIUCB",4.3675751222921,430,NA,NA,NA,NA,NA,NA,NA,NA,NA,NA,NA,NA,NA,194,43.586410239,-79.75619345,-3.88512,9.02,236,10,13.7376
1207,4.75579,88.5,169,"2026-03-28_YIUCB",4.3675751222921,425,NA,NA,NA,NA,NA,NA,NA,NA,NA,NA,NA,NA,NA,194,43.58639666,-79.756154809,-3.38884,9.02,236,10,13.7376
1208,4.76004,88.5,169,"2026-03-28_YIUCB",4.3675751222921,422,NA,NA,NA,NA,NA,NA,NA,NA,NA,NA,NA,NA,NA,193.8,43.586374197,-79.756108122,-3.85943,9.02,236,10,13.7376
1209,4.76389,87.5,169,"2026-03-28_YIUCB",4.3561596096881,416,NA,NA,NA,NA,NA,NA,NA,NA,NA,NA,NA,NA,NA,193.8,43.58635869,-79.756067302,-3.37281,9.2,238,10,13.7736
1210,4.76819,87.5,169,"2026-03-28_YIUCB",4.34593654932638,410,NA,NA,NA,NA,NA,NA,NA,NA,NA,NA,NA,NA,NA,193.6,43.586333461,-79.756024135,-3.83793,9.2,238,11,13.806
1211,4.77214,87,169,"2026-03-28_YIUCB",4.34593654932638,408,NA,NA,NA,NA,NA,NA,NA,NA,NA,NA,NA,NA,NA,193.6,43.586317619,-79.755981136,-3.34653,9.39,240,10,13.806
1212,4.77628,87,169,"2026-03-28_YIUCB",4.31443610320131,413,NA,NA,NA,NA,NA,NA,NA,NA,NA,NA,NA,NA,NA,193.4,43.586301526,-79.755936293,-3.33457,9.43,239,10,13.9068
1213,4.78012,87.5,170,"2026-03-28_YIUCB",4.31443610320131,412,NA,NA,NA,NA,NA,NA,NA,NA,NA,NA,NA,NA,NA,193.4,43.586282583,-79.755895054,-2.80826,9.24,237,10,13.9068
1214,4.78398,88.5,170,"2026-03-28_YIUCB",4.30440771349862,411,NA,NA,NA,NA,NA,NA,NA,NA,NA,NA,NA,NA,NA,193.4,43.586269423,-79.755852558,-2.35577,9.09,234,10,13.9392
1215,4.78816,88.5,170,"2026-03-28_YIUCB",4.30440771349862,409,NA,NA,NA,NA,NA,NA,NA,NA,NA,NA,NA,NA,NA,193.4,43.586248385,-79.755805032,-1.84163,9.09,234,10,13.9392
1216,4.79197,88,170,"2026-03-28_YIUCB",4.30440771349862,404,NA,NA,NA,NA,NA,NA,NA,NA,NA,NA,NA,NA,NA,193.2,43.586237488,-79.755767314,-1.94373,9.24,237,10,13.9392
1217,4.79568,88,170,"2026-03-28_YIUCB",4.29331959471063,401,NA,NA,NA,NA,NA,NA,NA,NA,NA,NA,NA,NA,NA,193.2,43.586215444,-79.755724482,-1.94373,9.28,236,10,13.9752
1218,4.79941,88,170,"2026-03-28_YIUCB",4.29331959471063,397,NA,NA,NA,NA,NA,NA,NA,NA,NA,NA,NA,NA,NA,193,43.586207984,-79.755684417,-2.00934,9.28,236,10,13.9752
1219,4.80358,87.5,170,"2026-03-28_YIUCB",4.29331959471063,394,NA,NA,NA,NA,NA,NA,NA,NA,NA,NA,NA,NA,NA,192.8,43.586185185,-79.755636305,-2.48895,9.28,236,10,13.9752
1220,4.80728,87.5,169,"2026-03-28_YIUCB",4.29331959471063,392,NA,NA,NA,NA,NA,NA,NA,NA,NA,NA,NA,NA,NA,192.8,43.586174959,-79.755597077,-2.02384,9.28,236,10,13.9752
1221,4.81185,87.5,169,"2026-03-28_YIUCB",4.29331959471063,392,NA,NA,NA,NA,NA,NA,NA,NA,NA,NA,NA,NA,NA,192.6,43.586146125,-79.75554863,-2.46147,9.28,236,10,13.9752
1222,4.81579,87.5,169,"2026-03-28_YIUCB",4.28338901739056,394,NA,NA,NA,NA,NA,NA,NA,NA,NA,NA,NA,NA,NA,192.6,43.586130703,-79.75550848,-1.97838,9.28,236,10,14.0076
1223,4.82017,87.5,169,"2026-03-28_YIUCB",4.27350427350427,396,NA,NA,NA,NA,NA,NA,NA,NA,NA,NA,NA,NA,NA,192.4,43.586102791,-79.755466403,-2.435,9.28,236,10,14.04
1224,4.82391,87.5,168,"2026-03-28_YIUCB",4.26257459505541,400,NA,NA,NA,NA,NA,NA,NA,NA,NA,NA,NA,NA,NA,192.4,43.586081166,-79.755434636,-2.435,9.28,236,10,14.076
1225,4.82772,88,168,"2026-03-28_YIUCB",4.25278557455133,407,NA,NA,NA,NA,NA,NA,NA,NA,NA,NA,NA,NA,NA,192.4,43.58605426,-79.755404042,-2.435,9.32,235,10,14.1084
1226,4.83152,88,168,"2026-03-28_YIUCB",4.25278557455133,414,NA,NA,NA,NA,NA,NA,NA,NA,NA,NA,NA,NA,NA,192.4,43.586026264,-79.755374286,-1.91007,9.32,235,10,14.1084
1227,4.83537,88,168,"2026-03-28_YIUCB",4.25278557455133,419,NA,NA,NA,NA,NA,NA,NA,NA,NA,NA,NA,NA,NA,192.6,43.586001705,-79.755343525,-1.39059,9.32,235,11,14.1084
1228,4.83916,88,167,"2026-03-28_YIUCB",4.26257459505541,420,NA,NA,NA,NA,NA,NA,NA,NA,NA,NA,NA,NA,NA,192.6,43.585972871,-79.755314859,-0.854394,9.28,236,10,14.076
1229,4.84303,88,167,"2026-03-28_YIUCB",4.26257459505541,423,NA,NA,NA,NA,NA,NA,NA,NA,NA,NA,NA,NA,NA,192.6,43.585949067,-79.755284348,-0.374777,9.28,236,10,14.076
1230,4.84745,87,167,"2026-03-28_YIUCB",4.26257459505541,428,NA,NA,NA,NA,NA,NA,NA,NA,NA,NA,NA,NA,NA,192.6,43.585916629,-79.755244953,-0.374777,9.47,238,10,14.076
1231,4.85165,87,168,"2026-03-28_YIUCB",4.26257459505541,430,NA,NA,NA,NA,NA,NA,NA,NA,NA,NA,NA,NA,NA,192.6,43.585894165,-79.755207738,0.0628595,9.47,238,10,14.076
1232,4.85618,87,168,"2026-03-28_YIUCB",4.24304141208418,435,NA,NA,NA,NA,NA,NA,NA,NA,NA,NA,NA,NA,NA,192.4,43.585870864,-79.755156692,-0.378642,9.51,237,10,14.1408
1233,4.85983,87,168,"2026-03-28_YIUCB",4.2322668020992,438,NA,NA,NA,NA,NA,NA,NA,NA,NA,NA,NA,NA,NA,192.4,43.585862733,-79.755116962,0.0779794,9.51,237,10,14.1768
1234,4.86413,87,168,"2026-03-28_YIUCB",4.22261633307998,439,NA,NA,NA,NA,NA,NA,NA,NA,NA,NA,NA,NA,NA,192.2,43.585847478,-79.755064575,-0.387137,9.51,237,10,14.2092
1235,4.86809,88,168,"2026-03-28_YIUCB",4.21300977418268,440,NA,NA,NA,NA,NA,NA,NA,NA,NA,NA,NA,NA,NA,192.2,43.585833313,-79.755020486,-0.387137,9.36,234,10,14.2416
1236,4.87265,88,168,"2026-03-28_YIUCB",4.21300977418268,441,NA,NA,NA,NA,NA,NA,NA,NA,NA,NA,NA,NA,NA,192,43.585812861,-79.754970195,-0.825733,9.36,234,10,14.2416
1237,4.87709,88,168,"2026-03-28_YIUCB",4.21300977418268,445,NA,NA,NA,NA,NA,NA,NA,NA,NA,NA,NA,NA,NA,192,43.58578629,-79.754927195,-1.34521,9.36,234,10,14.2416
1238,4.88148,88,168,"2026-03-28_YIUCB",4.19287211740042,452,NA,NA,NA,NA,NA,NA,NA,NA,NA,NA,NA,NA,NA,191.8,43.585760809,-79.75488713,-1.80079,9.36,234,10,14.31
1239,4.88579,88,168,"2026-03-28_YIUCB",4.17292605575029,458,NA,NA,NA,NA,NA,NA,NA,NA,NA,NA,NA,NA,NA,191.8,43.585729796,-79.754853602,-1.80079,9.4,233,11,14.3784
1240,4.88982,87.5,167,"2026-03-28_YIUCB",4.15420405450316,464,NA,NA,NA,NA,NA,NA,NA,NA,NA,NA,NA,NA,NA,191.8,43.585705321,-79.754816471,-1.80079,9.4,233,10,14.4432
1241,4.89453,87,167,"2026-03-28_YIUCB",4.1438753522294,468,NA,NA,NA,NA,NA,NA,NA,NA,NA,NA,NA,NA,NA,191.8,43.585668776,-79.754777411,-1.80079,9.59,235,10,14.4792
1242,4.89875,87,166,"2026-03-28_YIUCB",4.1438753522294,467,NA,NA,NA,NA,NA,NA,NA,NA,NA,NA,NA,NA,NA,191.8,43.585640278,-79.754746985,-1.35929,9.59,235,10,14.4792
1243,4.90322,87.5,165,"2026-03-28_YIUCB",4.12541254125412,468,NA,NA,NA,NA,NA,NA,NA,NA,NA,NA,NA,NA,NA,192,43.585600128,-79.754723431,-0.911866,9.43,232,10,14.544
1244,4.90767,88.5,164,"2026-03-28_YIUCB",4.11522633744856,467,NA,NA,NA,NA,NA,NA,NA,NA,NA,NA,NA,NA,NA,192,43.585566098,-79.754705662,-0.44675,9.25,230,10,14.58
1245,4.91277,88.5,164,"2026-03-28_YIUCB",4.09701737135365,471,NA,NA,NA,NA,NA,NA,NA,NA,NA,NA,NA,NA,NA,192,43.585515303,-79.754699459,-0.44675,9.29,229,10,14.6448
1246,4.91728,88.5,164,"2026-03-28_YIUCB",4.08697073728952,474,NA,NA,NA,NA,NA,NA,NA,NA,NA,NA,NA,NA,NA,192,43.585478339,-79.754693257,0,9.29,229,10,14.6808
1247,4.92186,88.5,164,"2026-03-28_YIUCB",4.07797080172906,476,NA,NA,NA,NA,NA,NA,NA,NA,NA,NA,NA,NA,NA,192,43.585435675,-79.75470826,0,9.29,229,11,14.7132
1248,4.92619,88,164,"2026-03-28_YIUCB",4.05910050332846,482,NA,NA,NA,NA,NA,NA,NA,NA,NA,NA,NA,NA,NA,192,43.585397873,-79.754726533,0.447427,9.51,230,10,14.7816
1249,4.93074,88,164,"2026-03-28_YIUCB",4.04138376980278,486,NA,NA,NA,NA,NA,NA,NA,NA,NA,NA,NA,NA,NA,192,43.585360238,-79.754742207,0.447427,9.51,230,10,14.8464
