"SECS","KM","CAD","HR","ID","PACE","WATTS","LRBALANCE","LTE","RTE","LPS","RPS","LPPB","RPPB","LPPE","RPPE","LPPPB","RPPPB","LPPPE","RPPPE","ALT","LAT","LON","SLOPE","RVERT","RCON","TEMP","KPH"
0,0,28.5643,0,"2026-03-14_MFXAB",NA,NA,NA,NA,NA,NA,NA,NA,NA,NA,NA,NA,NA,NA,NA,NA,NA,NA,NA,NA,NA,NA,0
1,0.00106383,28.5643,0,"2026-03-14_MFXAB",1.61040104353988,NA,NA,NA,NA,NA,NA,NA,NA,NA,NA,NA,NA,NA,NA,NA,NA,NA,NA,NA,NA,NA,3.72578
2,0.00212766,28.5643,113,"2026-03-14_MFXAB",1.61040104353988,NA,NA,NA,NA,NA,NA,NA,NA,NA,NA,NA,NA,NA,NA,NA,NA,NA,NA,NA,NA,NA,3.72578
3,0.00319149,28.5643,113,"2026-03-14_MFXAB",1.61040104353988,NA,NA,NA,NA,NA,NA,NA,NA,NA,NA,NA,NA,NA,NA,NA,NA,NA,NA,NA,NA,NA,3.72578
4,0.00425532,28.5643,114,"2026-03-14_MFXAB",1.61040104353988,NA,NA,NA,NA,NA,NA,NA,NA,NA,NA,NA,NA,NA,NA,NA,NA,NA,NA,NA,NA,NA,3.72578
5,0.00531915,28.5643,115,"2026-03-14_MFXAB",1.61040104353988,NA,NA,NA,NA,NA,NA,NA,NA,NA,NA,NA,NA,NA,NA,NA,NA,NA,NA,NA,NA,NA,3.72578
6,0.00638298,28.5643,115,"2026-03-14_MFXAB",1.61040104353988,NA,NA,NA,NA,NA,NA,NA,NA,NA,NA,NA,NA,NA,NA,NA,NA,NA,NA,NA,NA,NA,3.72578
7,0.00744681,28.5643,113,"2026-03-14_MFXAB",1.61040104353988,NA,NA,NA,NA,NA,NA,NA,NA,NA,NA,NA,NA,NA,NA,NA,NA,NA,NA,NA,NA,NA,3.72578
8,0.00851064,28.5643,113,"2026-03-14_MFXAB",1.61040104353988,NA,NA,NA,NA,NA,NA,NA,NA,NA,NA,NA,NA,NA,NA,NA,NA,NA,NA,NA,NA,NA,3.72578
9,0.00957447,28.5643,112,"2026-03-14_MFXAB",1.61040104353988,NA,NA,NA,NA,NA,NA,NA,NA,NA,NA,NA,NA,NA,NA,NA,NA,NA,NA,NA,NA,NA,3.72578
10,0.0106383,28.5643,112,"2026-03-14_MFXAB",1.61040104353988,NA,NA,NA,NA,NA,NA,NA,NA,NA,NA,NA,NA,NA,NA,NA,NA,NA,NA,NA,NA,NA,3.72578
11,0.0117021,28.5643,112,"2026-03-14_MFXAB",1.61040104353988,NA,NA,NA,NA,NA,NA,NA,NA,NA,NA,NA,NA,NA,NA,NA,NA,NA,NA,NA,NA,NA,3.72578
12,0.012766,28.5643,112,"2026-03-14_MFXAB",1.61040104353988,NA,NA,NA,NA,NA,NA,NA,NA,NA,NA,NA,NA,NA,NA,NA,NA,NA,NA,NA,NA,NA,3.72578
13,0.0138298,28.5643,111,"2026-03-14_MFXAB",1.61040104353988,NA,NA,NA,NA,NA,NA,NA,NA,NA,NA,NA,NA,NA,NA,NA,NA,NA,NA,NA,NA,NA,3.72578
14,0.0148936,28.5643,111,"2026-03-14_MFXAB",1.61040104353988,NA,NA,NA,NA,NA,NA,NA,NA,NA,NA,NA,NA,NA,NA,NA,NA,NA,NA,NA,NA,NA,3.72578
15,0.0159574,28.5643,111,"2026-03-14_MFXAB",1.61040104353988,NA,NA,NA,NA,NA,NA,NA,NA,NA,NA,NA,NA,NA,NA,NA,NA,NA,NA,NA,NA,NA,3.72578
16,0.0170213,28.5643,111,"2026-03-14_MFXAB",1.61040104353988,NA,NA,NA,NA,NA,NA,NA,NA,NA,NA,NA,NA,NA,NA,NA,NA,NA,NA,NA,NA,NA,3.72578
17,0.0180851,28.5643,111,"2026-03-14_MFXAB",1.61040104353988,NA,NA,NA,NA,NA,NA,NA,NA,NA,NA,NA,NA,NA,NA,NA,NA,NA,NA,NA,NA,NA,3.72578
18,0.0191489,28.5643,112,"2026-03-14_MFXAB",1.61040104353988,NA,NA,NA,NA,NA,NA,NA,NA,NA,NA,NA,NA,NA,NA,NA,NA,NA,NA,NA,NA,NA,3.72578
19,0.0202128,28.5643,112,"2026-03-14_MFXAB",1.61040104353988,NA,NA,NA,NA,NA,NA,NA,NA,NA,NA,NA,NA,NA,NA,NA,NA,NA,NA,NA,NA,NA,3.72578
20,0.0212766,28.5643,113,"2026-03-14_MFXAB",1.61040104353988,NA,NA,NA,NA,NA,NA,NA,NA,NA,NA,NA,NA,NA,NA,NA,NA,NA,NA,NA,NA,NA,3.72578
21,0.0223404,28.5643,113,"2026-03-14_MFXAB",1.61040104353988,NA,NA,NA,NA,NA,NA,NA,NA,NA,NA,NA,NA,NA,NA,NA,NA,NA,NA,NA,NA,NA,3.72578
22,0.0234043,28.5643,114,"2026-03-14_MFXAB",1.61040104353988,NA,NA,NA,NA,NA,NA,NA,NA,NA,NA,NA,NA,NA,NA,NA,NA,NA,NA,NA,NA,NA,3.72578
23,0.0244681,28.5643,114,"2026-03-14_MFXAB",1.61040104353988,NA,NA,NA,NA,NA,NA,NA,NA,NA,NA,NA,NA,NA,NA,NA,NA,NA,NA,NA,NA,NA,3.72578
24,0.0255319,28.5643,114,"2026-03-14_MFXAB",1.61040104353988,NA,NA,NA,NA,NA,NA,NA,NA,NA,NA,NA,NA,NA,NA,NA,NA,NA,NA,NA,NA,NA,3.72578
25,0.0265957,28.5643,115,"2026-03-14_MFXAB",1.61040104353988,NA,NA,NA,NA,NA,NA,NA,NA,NA,NA,NA,NA,NA,NA,NA,NA,NA,NA,NA,NA,NA,3.72578
26,0.0276596,28.5643,115,"2026-03-14_MFXAB",1.61040104353988,NA,NA,NA,NA,NA,NA,NA,NA,NA,NA,NA,NA,NA,NA,NA,NA,NA,NA,NA,NA,NA,3.72578
27,0.0287234,28.5643,116,"2026-03-14_MFXAB",1.61040104353988,NA,NA,NA,NA,NA,NA,NA,NA,NA,NA,NA,NA,NA,NA,NA,NA,NA,NA,NA,NA,NA,3.72578
28,0.0297872,28.5643,116,"2026-03-14_MFXAB",1.61040104353988,NA,NA,NA,NA,NA,NA,NA,NA,NA,NA,NA,NA,NA,NA,NA,NA,NA,NA,NA,NA,NA,3.72578
29,0.0308511,28.5643,117,"2026-03-14_MFXAB",1.61040104353988,NA,NA,NA,NA,NA,NA,NA,NA,NA,NA,NA,NA,NA,NA,NA,NA,NA,NA,NA,NA,NA,3.72578
30,0.0319149,28.5643,118,"2026-03-14_MFXAB",1.61040104353988,NA,NA,NA,NA,NA,NA,NA,NA,NA,NA,NA,NA,NA,NA,NA,NA,NA,NA,NA,NA,NA,3.72578
31,0.0329787,28.5643,118,"2026-03-14_MFXAB",1.61040104353988,NA,NA,NA,NA,NA,NA,NA,NA,NA,NA,NA,NA,NA,NA,NA,NA,NA,NA,NA,NA,NA,3.72578
32,0.0340426,28.5643,119,"2026-03-14_MFXAB",1.61040104353988,NA,NA,NA,NA,NA,NA,NA,NA,NA,NA,NA,NA,NA,NA,NA,NA,NA,NA,NA,NA,NA,3.72578
33,0.0351064,28.5643,119,"2026-03-14_MFXAB",1.61040104353988,NA,NA,NA,NA,NA,NA,NA,NA,NA,NA,NA,NA,NA,NA,NA,NA,NA,NA,NA,NA,NA,3.72578
34,0.0361702,28.5643,120,"2026-03-14_MFXAB",1.61040104353988,NA,NA,NA,NA,NA,NA,NA,NA,NA,NA,NA,NA,NA,NA,NA,NA,NA,NA,NA,NA,NA,3.72578
35,0.037234,28.5643,120,"2026-03-14_MFXAB",1.61040104353988,NA,NA,NA,NA,NA,NA,NA,NA,NA,NA,NA,NA,NA,NA,NA,NA,NA,NA,NA,NA,NA,3.72578
36,0.0382979,28.5643,120,"2026-03-14_MFXAB",1.61040104353988,NA,NA,NA,NA,NA,NA,NA,NA,NA,NA,NA,NA,NA,NA,NA,NA,NA,NA,NA,NA,NA,3.72578
37,0.0393617,28.5643,120,"2026-03-14_MFXAB",1.61040104353988,NA,NA,NA,NA,NA,NA,NA,NA,NA,NA,NA,NA,NA,NA,NA,NA,NA,NA,NA,NA,NA,3.72578
38,0.0404255,28.5643,120,"2026-03-14_MFXAB",1.61040104353988,NA,NA,NA,NA,NA,NA,NA,NA,NA,NA,NA,NA,NA,NA,NA,NA,NA,NA,NA,NA,NA,3.72578
39,0.0414894,28.5643,121,"2026-03-14_MFXAB",1.61040104353988,NA,NA,NA,NA,NA,NA,NA,NA,NA,NA,NA,NA,NA,NA,NA,NA,NA,NA,NA,NA,NA,3.72578
40,0.0425532,28.5643,121,"2026-03-14_MFXAB",1.61040104353988,NA,NA,NA,NA,NA,NA,NA,NA,NA,NA,NA,NA,NA,NA,NA,NA,NA,NA,NA,NA,NA,3.72578
41,0.043617,28.5643,121,"2026-03-14_MFXAB",1.61040104353988,NA,NA,NA,NA,NA,NA,NA,NA,NA,NA,NA,NA,NA,NA,NA,NA,NA,NA,NA,NA,NA,3.72578
42,0.0446809,28.5643,121,"2026-03-14_MFXAB",1.61040104353988,NA,NA,NA,NA,NA,NA,NA,NA,NA,NA,NA,NA,NA,NA,NA,NA,NA,NA,NA,NA,NA,3.72578
43,0.0457447,28.5643,121,"2026-03-14_MFXAB",1.61040104353988,NA,NA,NA,NA,NA,NA,NA,NA,NA,NA,NA,NA,NA,NA,NA,NA,NA,NA,NA,NA,NA,3.72578
44,0.0468085,28.5643,121,"2026-03-14_MFXAB",1.61040104353988,NA,NA,NA,NA,NA,NA,NA,NA,NA,NA,NA,NA,NA,NA,NA,NA,NA,NA,NA,NA,NA,3.72578
45,0.0478723,28.5643,121,"2026-03-14_MFXAB",1.61040104353988,NA,NA,NA,NA,NA,NA,NA,NA,NA,NA,NA,NA,NA,NA,NA,NA,NA,NA,NA,NA,NA,3.72578
46,0.0489362,28.5643,121,"2026-03-14_MFXAB",1.61040104353988,NA,NA,NA,NA,NA,NA,NA,NA,NA,NA,NA,NA,NA,NA,NA,NA,NA,NA,NA,NA,NA,3.72578
47,0.05,28.5643,120,"2026-03-14_MFXAB",1.61040104353988,NA,NA,NA,NA,NA,NA,NA,NA,NA,NA,NA,NA,NA,NA,NA,NA,NA,NA,NA,NA,NA,3.72578
48,0.05,29.313,121,"2026-03-14_MFXAB",1.63750095520889,NA,NA,NA,NA,NA,NA,NA,NA,NA,NA,NA,NA,NA,NA,NA,NA,NA,NA,NA,NA,NA,3.66412
49,0.0510417,29.313,121,"2026-03-14_MFXAB",1.63750095520889,NA,NA,NA,NA,NA,NA,NA,NA,NA,NA,NA,NA,NA,NA,NA,NA,NA,NA,NA,NA,NA,3.66412
50,0.0520833,29.313,121,"2026-03-14_MFXAB",1.63750095520889,NA,NA,NA,NA,NA,NA,NA,NA,NA,NA,NA,NA,NA,NA,NA,NA,NA,NA,NA,NA,NA,3.66412
51,0.053125,29.313,121,"2026-03-14_MFXAB",1.63750095520889,NA,NA,NA,NA,NA,NA,NA,NA,NA,NA,NA,NA,NA,NA,NA,NA,NA,NA,NA,NA,NA,3.66412
52,0.0541667,29.313,120,"2026-03-14_MFXAB",1.63750095520889,NA,NA,NA,NA,NA,NA,NA,NA,NA,NA,NA,NA,NA,NA,NA,NA,NA,NA,NA,NA,NA,3.66412
53,0.0552083,29.313,120,"2026-03-14_MFXAB",1.63750095520889,NA,NA,NA,NA,NA,NA,NA,NA,NA,NA,NA,NA,NA,NA,NA,NA,NA,NA,NA,NA,NA,3.66412
54,0.05625,29.313,120,"2026-03-14_MFXAB",1.63750095520889,NA,NA,NA,NA,NA,NA,NA,NA,NA,NA,NA,NA,NA,NA,NA,NA,NA,NA,NA,NA,NA,3.66412
55,0.0572917,29.313,120,"2026-03-14_MFXAB",1.63750095520889,NA,NA,NA,NA,NA,NA,NA,NA,NA,NA,NA,NA,NA,NA,NA,NA,NA,NA,NA,NA,NA,3.66412
56,0.0583333,29.313,121,"2026-03-14_MFXAB",1.63750095520889,NA,NA,NA,NA,NA,NA,NA,NA,NA,NA,NA,NA,NA,NA,NA,NA,NA,NA,NA,NA,NA,3.66412
57,0.059375,29.313,120,"2026-03-14_MFXAB",1.63750095520889,NA,NA,NA,NA,NA,NA,NA,NA,NA,NA,NA,NA,NA,NA,NA,NA,NA,NA,NA,NA,NA,3.66412
58,0.0604167,29.313,121,"2026-03-14_MFXAB",1.63750095520889,NA,NA,NA,NA,NA,NA,NA,NA,NA,NA,NA,NA,NA,NA,NA,NA,NA,NA,NA,NA,NA,3.66412
59,0.0614583,29.313,121,"2026-03-14_MFXAB",1.63750095520889,NA,NA,NA,NA,NA,NA,NA,NA,NA,NA,NA,NA,NA,NA,NA,NA,NA,NA,NA,NA,NA,3.66412
60,0.0625,29.313,121,"2026-03-14_MFXAB",1.63750095520889,NA,NA,NA,NA,NA,NA,NA,NA,NA,NA,NA,NA,NA,NA,NA,NA,NA,NA,NA,NA,NA,3.66412
61,0.0635417,29.313,121,"2026-03-14_MFXAB",1.63750095520889,NA,NA,NA,NA,NA,NA,NA,NA,NA,NA,NA,NA,NA,NA,NA,NA,NA,NA,NA,NA,NA,3.66412
62,0.0645833,29.313,121,"2026-03-14_MFXAB",1.63750095520889,NA,NA,NA,NA,NA,NA,NA,NA,NA,NA,NA,NA,NA,NA,NA,NA,NA,NA,NA,NA,NA,3.66412
63,0.065625,29.313,122,"2026-03-14_MFXAB",1.63750095520889,NA,NA,NA,NA,NA,NA,NA,NA,NA,NA,NA,NA,NA,NA,NA,NA,NA,NA,NA,NA,NA,3.66412
64,0.0666667,29.313,122,"2026-03-14_MFXAB",1.63750095520889,NA,NA,NA,NA,NA,NA,NA,NA,NA,NA,NA,NA,NA,NA,NA,NA,NA,NA,NA,NA,NA,3.66412
65,0.0677083,29.313,122,"2026-03-14_MFXAB",1.63750095520889,NA,NA,NA,NA,NA,NA,NA,NA,NA,NA,NA,NA,NA,NA,NA,NA,NA,NA,NA,NA,NA,3.66412
66,0.06875,29.313,123,"2026-03-14_MFXAB",1.63750095520889,NA,NA,NA,NA,NA,NA,NA,NA,NA,NA,NA,NA,NA,NA,NA,NA,NA,NA,NA,NA,NA,3.66412
67,0.0697917,29.313,123,"2026-03-14_MFXAB",1.63750095520889,NA,NA,NA,NA,NA,NA,NA,NA,NA,NA,NA,NA,NA,NA,NA,NA,NA,NA,NA,NA,NA,3.66412
68,0.0708333,29.313,123,"2026-03-14_MFXAB",1.63750095520889,NA,NA,NA,NA,NA,NA,NA,NA,NA,NA,NA,NA,NA,NA,NA,NA,NA,NA,NA,NA,NA,3.66412
69,0.071875,29.313,123,"2026-03-14_MFXAB",1.63750095520889,NA,NA,NA,NA,NA,NA,NA,NA,NA,NA,NA,NA,NA,NA,NA,NA,NA,NA,NA,NA,NA,3.66412
70,0.0729167,29.313,123,"2026-03-14_MFXAB",1.63750095520889,NA,NA,NA,NA,NA,NA,NA,NA,NA,NA,NA,NA,NA,NA,NA,NA,NA,NA,NA,NA,NA,3.66412
71,0.0739583,29.313,122,"2026-03-14_MFXAB",1.63750095520889,NA,NA,NA,NA,NA,NA,NA,NA,NA,NA,NA,NA,NA,NA,NA,NA,NA,NA,NA,NA,NA,3.66412
72,0.075,29.313,122,"2026-03-14_MFXAB",1.63750095520889,NA,NA,NA,NA,NA,NA,NA,NA,NA,NA,NA,NA,NA,NA,NA,NA,NA,NA,NA,NA,NA,3.66412
73,0.0760417,29.313,122,"2026-03-14_MFXAB",1.63750095520889,NA,NA,NA,NA,NA,NA,NA,NA,NA,NA,NA,NA,NA,NA,NA,NA,NA,NA,NA,NA,NA,3.66412
74,0.0770833,29.313,123,"2026-03-14_MFXAB",1.63750095520889,NA,NA,NA,NA,NA,NA,NA,NA,NA,NA,NA,NA,NA,NA,NA,NA,NA,NA,NA,NA,NA,3.66412
75,0.078125,29.313,123,"2026-03-14_MFXAB",1.63750095520889,NA,NA,NA,NA,NA,NA,NA,NA,NA,NA,NA,NA,NA,NA,NA,NA,NA,NA,NA,NA,NA,3.66412
76,0.0791667,29.313,123,"2026-03-14_MFXAB",1.63750095520889,NA,NA,NA,NA,NA,NA,NA,NA,NA,NA,NA,NA,NA,NA,NA,NA,NA,NA,NA,NA,NA,3.66412
77,0.0802083,29.313,123,"2026-03-14_MFXAB",1.63750095520889,NA,NA,NA,NA,NA,NA,NA,NA,NA,NA,NA,NA,NA,NA,NA,NA,NA,NA,NA,NA,NA,3.66412
78,0.08125,29.313,124,"2026-03-14_MFXAB",1.63750095520889,NA,NA,NA,NA,NA,NA,NA,NA,NA,NA,NA,NA,NA,NA,NA,NA,NA,NA,NA,NA,NA,3.66412
79,0.0822917,29.313,125,"2026-03-14_MFXAB",1.63750095520889,NA,NA,NA,NA,NA,NA,NA,NA,NA,NA,NA,NA,NA,NA,NA,NA,NA,NA,NA,NA,NA,3.66412
80,0.0833333,29.313,125,"2026-03-14_MFXAB",1.63750095520889,NA,NA,NA,NA,NA,NA,NA,NA,NA,NA,NA,NA,NA,NA,NA,NA,NA,NA,NA,NA,NA,3.66412
81,0.084375,29.313,125,"2026-03-14_MFXAB",1.63750095520889,NA,NA,NA,NA,NA,NA,NA,NA,NA,NA,NA,NA,NA,NA,NA,NA,NA,NA,NA,NA,NA,3.66412
82,0.0854167,29.313,126,"2026-03-14_MFXAB",1.63750095520889,NA,NA,NA,NA,NA,NA,NA,NA,NA,NA,NA,NA,NA,NA,NA,NA,NA,NA,NA,NA,NA,3.66412
83,0.0864583,29.313,126,"2026-03-14_MFXAB",1.63750095520889,NA,NA,NA,NA,NA,NA,NA,NA,NA,NA,NA,NA,NA,NA,NA,NA,NA,NA,NA,NA,NA,3.66412
84,0.0875,29.313,126,"2026-03-14_MFXAB",1.63750095520889,NA,NA,NA,NA,NA,NA,NA,NA,NA,NA,NA,NA,NA,NA,NA,NA,NA,NA,NA,NA,NA,3.66412
85,0.0885417,29.313,125,"2026-03-14_MFXAB",1.63750095520889,NA,NA,NA,NA,NA,NA,NA,NA,NA,NA,NA,NA,NA,NA,NA,NA,NA,NA,NA,NA,NA,3.66412
86,0.0895833,29.313,126,"2026-03-14_MFXAB",1.63750095520889,NA,NA,NA,NA,NA,NA,NA,NA,NA,NA,NA,NA,NA,NA,NA,NA,NA,NA,NA,NA,NA,3.66412
87,0.090625,29.313,126,"2026-03-14_MFXAB",1.63750095520889,NA,NA,NA,NA,NA,NA,NA,NA,NA,NA,NA,NA,NA,NA,NA,NA,NA,NA,NA,NA,NA,3.66412
88,0.0916667,29.313,126,"2026-03-14_MFXAB",1.63750095520889,NA,NA,NA,NA,NA,NA,NA,NA,NA,NA,NA,NA,NA,NA,NA,NA,NA,NA,NA,NA,NA,3.66412
89,0.0927083,29.313,126,"2026-03-14_MFXAB",1.63750095520889,NA,NA,NA,NA,NA,NA,NA,NA,NA,NA,NA,NA,NA,NA,NA,NA,NA,NA,NA,NA,NA,3.66412
90,0.09375,29.313,126,"2026-03-14_MFXAB",1.63750095520889,NA,NA,NA,NA,NA,NA,NA,NA,NA,NA,NA,NA,NA,NA,NA,NA,NA,NA,NA,NA,NA,3.66412
91,0.0947917,29.313,126,"2026-03-14_MFXAB",1.63750095520889,NA,NA,NA,NA,NA,NA,NA,NA,NA,NA,NA,NA,NA,NA,NA,NA,NA,NA,NA,NA,NA,3.66412
92,0.0958333,29.313,126,"2026-03-14_MFXAB",1.63750095520889,NA,NA,NA,NA,NA,NA,NA,NA,NA,NA,NA,NA,NA,NA,NA,NA,NA,NA,NA,NA,NA,3.66412
93,0.096875,29.313,127,"2026-03-14_MFXAB",1.63750095520889,NA,NA,NA,NA,NA,NA,NA,NA,NA,NA,NA,NA,NA,NA,NA,NA,NA,NA,NA,NA,NA,3.66412
94,0.0979167,29.313,128,"2026-03-14_MFXAB",1.63750095520889,NA,NA,NA,NA,NA,NA,NA,NA,NA,NA,NA,NA,NA,NA,NA,NA,NA,NA,NA,NA,NA,3.66412
95,0.0989583,29.313,128,"2026-03-14_MFXAB",1.63750095520889,NA,NA,NA,NA,NA,NA,NA,NA,NA,NA,NA,NA,NA,NA,NA,NA,NA,NA,NA,NA,NA,3.66412
96,0.1,29.313,129,"2026-03-14_MFXAB",1.63750095520889,NA,NA,NA,NA,NA,NA,NA,NA,NA,NA,NA,NA,NA,NA,NA,NA,NA,NA,NA,NA,NA,3.66412
97,0.1,30.0723,130,"2026-03-14_MFXAB",1.72916642650466,NA,NA,NA,NA,NA,NA,NA,NA,NA,NA,NA,NA,NA,NA,NA,NA,NA,NA,NA,NA,NA,3.46988
98,0.10098,30.0723,130,"2026-03-14_MFXAB",1.72916642650466,NA,NA,NA,NA,NA,NA,NA,NA,NA,NA,NA,NA,NA,NA,NA,NA,NA,NA,NA,NA,NA,3.46988
99,0.101961,30.0723,131,"2026-03-14_MFXAB",1.72916642650466,NA,NA,NA,NA,NA,NA,NA,NA,NA,NA,NA,NA,NA,NA,NA,NA,NA,NA,NA,NA,NA,3.46988
100,0.102941,30.0723,130,"2026-03-14_MFXAB",1.72916642650466,NA,NA,NA,NA,NA,NA,NA,NA,NA,NA,NA,NA,NA,NA,NA,NA,NA,NA,NA,NA,NA,3.46988
101,0.103922,30.0723,131,"2026-03-14_MFXAB",1.72916642650466,NA,NA,NA,NA,NA,NA,NA,NA,NA,NA,NA,NA,NA,NA,NA,NA,NA,NA,NA,NA,NA,3.46988
102,0.104902,30.0723,131,"2026-03-14_MFXAB",1.72916642650466,NA,NA,NA,NA,NA,NA,NA,NA,NA,NA,NA,NA,NA,NA,NA,NA,NA,NA,NA,NA,NA,3.46988
103,0.105882,30.0723,131,"2026-03-14_MFXAB",1.72916642650466,NA,NA,NA,NA,NA,NA,NA,NA,NA,NA,NA,NA,NA,NA,NA,NA,NA,NA,NA,NA,NA,3.46988
104,0.106863,30.0723,131,"2026-03-14_MFXAB",1.72916642650466,NA,NA,NA,NA,NA,NA,NA,NA,NA,NA,NA,NA,NA,NA,NA,NA,NA,NA,NA,NA,NA,3.46988
105,0.107843,30.0723,131,"2026-03-14_MFXAB",1.72916642650466,NA,NA,NA,NA,NA,NA,NA,NA,NA,NA,NA,NA,NA,NA,NA,NA,NA,NA,NA,NA,NA,3.46988
106,0.108824,30.0723,131,"2026-03-14_MFXAB",1.72916642650466,NA,NA,NA,NA,NA,NA,NA,NA,NA,NA,NA,NA,NA,NA,NA,NA,NA,NA,NA,NA,NA,3.46988
107,0.109804,30.0723,131,"2026-03-14_MFXAB",1.72916642650466,NA,NA,NA,NA,NA,NA,NA,NA,NA,NA,NA,NA,NA,NA,NA,NA,NA,NA,NA,NA,NA,3.46988
108,0.110784,30.0723,131,"2026-03-14_MFXAB",1.72916642650466,NA,NA,NA,NA,NA,NA,NA,NA,NA,NA,NA,NA,NA,NA,NA,NA,NA,NA,NA,NA,NA,3.46988
109,0.111765,30.0723,131,"2026-03-14_MFXAB",1.72916642650466,NA,NA,NA,NA,NA,NA,NA,NA,NA,NA,NA,NA,NA,NA,NA,NA,NA,NA,NA,NA,NA,3.46988
110,0.112745,30.0723,131,"2026-03-14_MFXAB",1.72916642650466,NA,NA,NA,NA,NA,NA,NA,NA,NA,NA,NA,NA,NA,NA,NA,NA,NA,NA,NA,NA,NA,3.46988
111,0.113725,30.0723,131,"2026-03-14_MFXAB",1.72916642650466,NA,NA,NA,NA,NA,NA,NA,NA,NA,NA,NA,NA,NA,NA,NA,NA,NA,NA,NA,NA,NA,3.46988
112,0.114706,30.0723,132,"2026-03-14_MFXAB",1.72916642650466,NA,NA,NA,NA,NA,NA,NA,NA,NA,NA,NA,NA,NA,NA,NA,NA,NA,NA,NA,NA,NA,3.46988
113,0.115686,30.0723,132,"2026-03-14_MFXAB",1.72916642650466,NA,NA,NA,NA,NA,NA,NA,NA,NA,NA,NA,NA,NA,NA,NA,NA,NA,NA,NA,NA,NA,3.46988
114,0.116667,30.0723,132,"2026-03-14_MFXAB",1.72916642650466,NA,NA,NA,NA,NA,NA,NA,NA,NA,NA,NA,NA,NA,NA,NA,NA,NA,NA,NA,NA,NA,3.46988
115,0.117647,30.0723,133,"2026-03-14_MFXAB",1.72916642650466,NA,NA,NA,NA,NA,NA,NA,NA,NA,NA,NA,NA,NA,NA,NA,NA,NA,NA,NA,NA,NA,3.46988
116,0.118627,30.0723,133,"2026-03-14_MFXAB",1.72916642650466,NA,NA,NA,NA,NA,NA,NA,NA,NA,NA,NA,NA,NA,NA,NA,NA,NA,NA,NA,NA,NA,3.46988
117,0.119608,30.0723,133,"2026-03-14_MFXAB",1.72916642650466,NA,NA,NA,NA,NA,NA,NA,NA,NA,NA,NA,NA,NA,NA,NA,NA,NA,NA,NA,NA,NA,3.46988
118,0.120588,30.0723,133,"2026-03-14_MFXAB",1.72916642650466,NA,NA,NA,NA,NA,NA,NA,NA,NA,NA,NA,NA,NA,NA,NA,NA,NA,NA,NA,NA,NA,3.46988
119,0.121569,30.0723,133,"2026-03-14_MFXAB",1.72916642650466,NA,NA,NA,NA,NA,NA,NA,NA,NA,NA,NA,NA,NA,NA,NA,NA,NA,NA,NA,NA,NA,3.46988
120,0.122549,30.0723,133,"2026-03-14_MFXAB",1.72916642650466,NA,NA,NA,NA,NA,NA,NA,NA,NA,NA,NA,NA,NA,NA,NA,NA,NA,NA,NA,NA,NA,3.46988
121,0.123529,30.0723,133,"2026-03-14_MFXAB",1.72916642650466,NA,NA,NA,NA,NA,NA,NA,NA,NA,NA,NA,NA,NA,NA,NA,NA,NA,NA,NA,NA,NA,3.46988
122,0.12451,30.0723,133,"2026-03-14_MFXAB",1.72916642650466,NA,NA,NA,NA,NA,NA,NA,NA,NA,NA,NA,NA,NA,NA,NA,NA,NA,NA,NA,NA,NA,3.46988
123,0.12549,30.0723,133,"2026-03-14_MFXAB",1.72916642650466,NA,NA,NA,NA,NA,NA,NA,NA,NA,NA,NA,NA,NA,NA,NA,NA,NA,NA,NA,NA,NA,3.46988
124,0.126471,30.0723,133,"2026-03-14_MFXAB",1.72916642650466,NA,NA,NA,NA,NA,NA,NA,NA,NA,NA,NA,NA,NA,NA,NA,NA,NA,NA,NA,NA,NA,3.46988
125,0.127451,30.0723,133,"2026-03-14_MFXAB",1.72916642650466,NA,NA,NA,NA,NA,NA,NA,NA,NA,NA,NA,NA,NA,NA,NA,NA,NA,NA,NA,NA,NA,3.46988
126,0.128431,30.0723,133,"2026-03-14_MFXAB",1.72916642650466,NA,NA,NA,NA,NA,NA,NA,NA,NA,NA,NA,NA,NA,NA,NA,NA,NA,NA,NA,NA,NA,3.46988
127,0.129412,30.0723,134,"2026-03-14_MFXAB",1.72916642650466,NA,NA,NA,NA,NA,NA,NA,NA,NA,NA,NA,NA,NA,NA,NA,NA,NA,NA,NA,NA,NA,3.46988
128,0.130392,30.0723,133,"2026-03-14_MFXAB",1.72916642650466,NA,NA,NA,NA,NA,NA,NA,NA,NA,NA,NA,NA,NA,NA,NA,NA,NA,NA,NA,NA,NA,3.46988
129,0.131373,30.0723,133,"2026-03-14_MFXAB",1.72916642650466,NA,NA,NA,NA,NA,NA,NA,NA,NA,NA,NA,NA,NA,NA,NA,NA,NA,NA,NA,NA,NA,3.46988
130,0.132353,30.0723,133,"2026-03-14_MFXAB",1.72916642650466,NA,NA,NA,NA,NA,NA,NA,NA,NA,NA,NA,NA,NA,NA,NA,NA,NA,NA,NA,NA,NA,3.46988
131,0.133333,30.0723,134,"2026-03-14_MFXAB",1.72916642650466,NA,NA,NA,NA,NA,NA,NA,NA,NA,NA,NA,NA,NA,NA,NA,NA,NA,NA,NA,NA,NA,3.46988
132,0.134314,30.0723,133,"2026-03-14_MFXAB",1.72916642650466,NA,NA,NA,NA,NA,NA,NA,NA,NA,NA,NA,NA,NA,NA,NA,NA,NA,NA,NA,NA,NA,3.46988
133,0.135294,30.0723,134,"2026-03-14_MFXAB",1.72916642650466,NA,NA,NA,NA,NA,NA,NA,NA,NA,NA,NA,NA,NA,NA,NA,NA,NA,NA,NA,NA,NA,3.46988
134,0.136275,30.0723,135,"2026-03-14_MFXAB",1.72916642650466,NA,NA,NA,NA,NA,NA,NA,NA,NA,NA,NA,NA,NA,NA,NA,NA,NA,NA,NA,NA,NA,3.46988
135,0.137255,30.0723,137,"2026-03-14_MFXAB",1.72916642650466,NA,NA,NA,NA,NA,NA,NA,NA,NA,NA,NA,NA,NA,NA,NA,NA,NA,NA,NA,NA,NA,3.46988
136,0.138235,30.0723,140,"2026-03-14_MFXAB",1.72916642650466,NA,NA,NA,NA,NA,NA,NA,NA,NA,NA,NA,NA,NA,NA,NA,NA,NA,NA,NA,NA,NA,3.46988
137,0.139216,30.0723,143,"2026-03-14_MFXAB",1.72916642650466,NA,NA,NA,NA,NA,NA,NA,NA,NA,NA,NA,NA,NA,NA,NA,NA,NA,NA,NA,NA,NA,3.46988
138,0.140196,30.0723,143,"2026-03-14_MFXAB",1.72916642650466,NA,NA,NA,NA,NA,NA,NA,NA,NA,NA,NA,NA,NA,NA,NA,NA,NA,NA,NA,NA,NA,3.46988
139,0.141176,30.0723,143,"2026-03-14_MFXAB",1.72916642650466,NA,NA,NA,NA,NA,NA,NA,NA,NA,NA,NA,NA,NA,NA,NA,NA,NA,NA,NA,NA,NA,3.46988
140,0.142157,30.0723,143,"2026-03-14_MFXAB",1.72916642650466,NA,NA,NA,NA,NA,NA,NA,NA,NA,NA,NA,NA,NA,NA,NA,NA,NA,NA,NA,NA,NA,3.46988
141,0.143137,30.0723,144,"2026-03-14_MFXAB",1.72916642650466,NA,NA,NA,NA,NA,NA,NA,NA,NA,NA,NA,NA,NA,NA,NA,NA,NA,NA,NA,NA,NA,3.46988
142,0.144118,30.0723,144,"2026-03-14_MFXAB",1.72916642650466,NA,NA,NA,NA,NA,NA,NA,NA,NA,NA,NA,NA,NA,NA,NA,NA,NA,NA,NA,NA,NA,3.46988
143,0.145098,30.0723,144,"2026-03-14_MFXAB",1.72916642650466,NA,NA,NA,NA,NA,NA,NA,NA,NA,NA,NA,NA,NA,NA,NA,NA,NA,NA,NA,NA,NA,3.46988
144,0.146078,30.0723,144,"2026-03-14_MFXAB",1.72916642650466,NA,NA,NA,NA,NA,NA,NA,NA,NA,NA,NA,NA,NA,NA,NA,NA,NA,NA,NA,NA,NA,3.46988
145,0.147059,30.0723,144,"2026-03-14_MFXAB",1.72916642650466,NA,NA,NA,NA,NA,NA,NA,NA,NA,NA,NA,NA,NA,NA,NA,NA,NA,NA,NA,NA,NA,3.46988
146,0.148039,30.0723,144,"2026-03-14_MFXAB",1.72916642650466,NA,NA,NA,NA,NA,NA,NA,NA,NA,NA,NA,NA,NA,NA,NA,NA,NA,NA,NA,NA,NA,3.46988
147,0.14902,30.0723,144,"2026-03-14_MFXAB",1.72916642650466,NA,NA,NA,NA,NA,NA,NA,NA,NA,NA,NA,NA,NA,NA,NA,NA,NA,NA,NA,NA,NA,3.46988
148,0.15,30.0723,145,"2026-03-14_MFXAB",1.72916642650466,NA,NA,NA,NA,NA,NA,NA,NA,NA,NA,NA,NA,NA,NA,NA,NA,NA,NA,NA,NA,NA,3.46988
149,0.15,28.9286,145,"2026-03-14_MFXAB",1.8666641777811,NA,NA,NA,NA,NA,NA,NA,NA,NA,NA,NA,NA,NA,NA,NA,NA,NA,NA,NA,NA,NA,3.21429
150,0.150909,28.9286,145,"2026-03-14_MFXAB",1.8666641777811,NA,NA,NA,NA,NA,NA,NA,NA,NA,NA,NA,NA,NA,NA,NA,NA,NA,NA,NA,NA,NA,3.21429
151,0.151818,28.9286,145,"2026-03-14_MFXAB",1.8666641777811,NA,NA,NA,NA,NA,NA,NA,NA,NA,NA,NA,NA,NA,NA,NA,NA,NA,NA,NA,NA,NA,3.21429
152,0.152727,28.9286,145,"2026-03-14_MFXAB",1.8666641777811,NA,NA,NA,NA,NA,NA,NA,NA,NA,NA,NA,NA,NA,NA,NA,NA,NA,NA,NA,NA,NA,3.21429
153,0.153636,28.9286,145,"2026-03-14_MFXAB",1.8666641777811,NA,NA,NA,NA,NA,NA,NA,NA,NA,NA,NA,NA,NA,NA,NA,NA,NA,NA,NA,NA,NA,3.21429
154,0.154545,28.9286,145,"2026-03-14_MFXAB",1.8666641777811,NA,NA,NA,NA,NA,NA,NA,NA,NA,NA,NA,NA,NA,NA,NA,NA,NA,NA,NA,NA,NA,3.21429
155,0.155455,28.9286,144,"2026-03-14_MFXAB",1.8666641777811,NA,NA,NA,NA,NA,NA,NA,NA,NA,NA,NA,NA,NA,NA,NA,NA,NA,NA,NA,NA,NA,3.21429
156,0.156364,28.9286,144,"2026-03-14_MFXAB",1.8666641777811,NA,NA,NA,NA,NA,NA,NA,NA,NA,NA,NA,NA,NA,NA,NA,NA,NA,NA,NA,NA,NA,3.21429
157,0.157273,28.9286,144,"2026-03-14_MFXAB",1.8666641777811,NA,NA,NA,NA,NA,NA,NA,NA,NA,NA,NA,NA,NA,NA,NA,NA,NA,NA,NA,NA,NA,3.21429
158,0.158182,28.9286,144,"2026-03-14_MFXAB",1.8666641777811,NA,NA,NA,NA,NA,NA,NA,NA,NA,NA,NA,NA,NA,NA,NA,NA,NA,NA,NA,NA,NA,3.21429
159,0.159091,28.9286,143,"2026-03-14_MFXAB",1.8666641777811,NA,NA,NA,NA,NA,NA,NA,NA,NA,NA,NA,NA,NA,NA,NA,NA,NA,NA,NA,NA,NA,3.21429
160,0.16,28.9286,143,"2026-03-14_MFXAB",1.8666641777811,NA,NA,NA,NA,NA,NA,NA,NA,NA,NA,NA,NA,NA,NA,NA,NA,NA,NA,NA,NA,NA,3.21429
161,0.160909,28.9286,142,"2026-03-14_MFXAB",1.8666641777811,NA,NA,NA,NA,NA,NA,NA,NA,NA,NA,NA,NA,NA,NA,NA,NA,NA,NA,NA,NA,NA,3.21429
162,0.161818,28.9286,142,"2026-03-14_MFXAB",1.8666641777811,NA,NA,NA,NA,NA,NA,NA,NA,NA,NA,NA,NA,NA,NA,NA,NA,NA,NA,NA,NA,NA,3.21429
163,0.162727,28.9286,142,"2026-03-14_MFXAB",1.8666641777811,NA,NA,NA,NA,NA,NA,NA,NA,NA,NA,NA,NA,NA,NA,NA,NA,NA,NA,NA,NA,NA,3.21429
164,0.163636,28.9286,141,"2026-03-14_MFXAB",1.8666641777811,NA,NA,NA,NA,NA,NA,NA,NA,NA,NA,NA,NA,NA,NA,NA,NA,NA,NA,NA,NA,NA,3.21429
165,0.164545,28.9286,140,"2026-03-14_MFXAB",1.8666641777811,NA,NA,NA,NA,NA,NA,NA,NA,NA,NA,NA,NA,NA,NA,NA,NA,NA,NA,NA,NA,NA,3.21429
166,0.165455,28.9286,140,"2026-03-14_MFXAB",1.8666641777811,NA,NA,NA,NA,NA,NA,NA,NA,NA,NA,NA,NA,NA,NA,NA,NA,NA,NA,NA,NA,NA,3.21429
167,0.166364,28.9286,139,"2026-03-14_MFXAB",1.8666641777811,NA,NA,NA,NA,NA,NA,NA,NA,NA,NA,NA,NA,NA,NA,NA,NA,NA,NA,NA,NA,NA,3.21429
168,0.167273,28.9286,139,"2026-03-14_MFXAB",1.8666641777811,NA,NA,NA,NA,NA,NA,NA,NA,NA,NA,NA,NA,NA,NA,NA,NA,NA,NA,NA,NA,NA,3.21429
169,0.168182,28.9286,138,"2026-03-14_MFXAB",1.8666641777811,NA,NA,NA,NA,NA,NA,NA,NA,NA,NA,NA,NA,NA,NA,NA,NA,NA,NA,NA,NA,NA,3.21429
170,0.169091,28.9286,138,"2026-03-14_MFXAB",1.8666641777811,NA,NA,NA,NA,NA,NA,NA,NA,NA,NA,NA,NA,NA,NA,NA,NA,NA,NA,NA,NA,NA,3.21429
171,0.17,28.9286,138,"2026-03-14_MFXAB",1.8666641777811,NA,NA,NA,NA,NA,NA,NA,NA,NA,NA,NA,NA,NA,NA,NA,NA,NA,NA,NA,NA,NA,3.21429
172,0.170909,28.9286,138,"2026-03-14_MFXAB",1.8666641777811,NA,NA,NA,NA,NA,NA,NA,NA,NA,NA,NA,NA,NA,NA,NA,NA,NA,NA,NA,NA,NA,3.21429
173,0.171818,28.9286,138,"2026-03-14_MFXAB",1.8666641777811,NA,NA,NA,NA,NA,NA,NA,NA,NA,NA,NA,NA,NA,NA,NA,NA,NA,NA,NA,NA,NA,3.21429
174,0.172727,28.9286,138,"2026-03-14_MFXAB",1.8666641777811,NA,NA,NA,NA,NA,NA,NA,NA,NA,NA,NA,NA,NA,NA,NA,NA,NA,NA,NA,NA,NA,3.21429
175,0.173636,28.9286,138,"2026-03-14_MFXAB",1.8666641777811,NA,NA,NA,NA,NA,NA,NA,NA,NA,NA,NA,NA,NA,NA,NA,NA,NA,NA,NA,NA,NA,3.21429
176,0.174545,28.9286,137,"2026-03-14_MFXAB",1.8666641777811,NA,NA,NA,NA,NA,NA,NA,NA,NA,NA,NA,NA,NA,NA,NA,NA,NA,NA,NA,NA,NA,3.21429
177,0.175455,28.9286,137,"2026-03-14_MFXAB",1.8666641777811,NA,NA,NA,NA,NA,NA,NA,NA,NA,NA,NA,NA,NA,NA,NA,NA,NA,NA,NA,NA,NA,3.21429
178,0.176364,28.9286,137,"2026-03-14_MFXAB",1.8666641777811,NA,NA,NA,NA,NA,NA,NA,NA,NA,NA,NA,NA,NA,NA,NA,NA,NA,NA,NA,NA,NA,3.21429
179,0.177273,28.9286,136,"2026-03-14_MFXAB",1.8666641777811,NA,NA,NA,NA,NA,NA,NA,NA,NA,NA,NA,NA,NA,NA,NA,NA,NA,NA,NA,NA,NA,3.21429
180,0.178182,28.9286,136,"2026-03-14_MFXAB",1.8666641777811,NA,NA,NA,NA,NA,NA,NA,NA,NA,NA,NA,NA,NA,NA,NA,NA,NA,NA,NA,NA,NA,3.21429
181,0.179091,28.9286,136,"2026-03-14_MFXAB",1.8666641777811,NA,NA,NA,NA,NA,NA,NA,NA,NA,NA,NA,NA,NA,NA,NA,NA,NA,NA,NA,NA,NA,3.21429
182,0.18,28.9286,136,"2026-03-14_MFXAB",1.8666641777811,NA,NA,NA,NA,NA,NA,NA,NA,NA,NA,NA,NA,NA,NA,NA,NA,NA,NA,NA,NA,NA,3.21429
183,0.180909,28.9286,135,"2026-03-14_MFXAB",1.8666641777811,NA,NA,NA,NA,NA,NA,NA,NA,NA,NA,NA,NA,NA,NA,NA,NA,NA,NA,NA,NA,NA,3.21429
184,0.181818,28.9286,135,"2026-03-14_MFXAB",1.8666641777811,NA,NA,NA,NA,NA,NA,NA,NA,NA,NA,NA,NA,NA,NA,NA,NA,NA,NA,NA,NA,NA,3.21429
185,0.182727,28.9286,135,"2026-03-14_MFXAB",1.8666641777811,NA,NA,NA,NA,NA,NA,NA,NA,NA,NA,NA,NA,NA,NA,NA,NA,NA,NA,NA,NA,NA,3.21429
186,0.183636,28.9286,135,"2026-03-14_MFXAB",1.8666641777811,NA,NA,NA,NA,NA,NA,NA,NA,NA,NA,NA,NA,NA,NA,NA,NA,NA,NA,NA,NA,NA,3.21429
187,0.184545,28.9286,135,"2026-03-14_MFXAB",1.8666641777811,NA,NA,NA,NA,NA,NA,NA,NA,NA,NA,NA,NA,NA,NA,NA,NA,NA,NA,NA,NA,NA,3.21429
188,0.185455,28.9286,136,"2026-03-14_MFXAB",1.8666641777811,NA,NA,NA,NA,NA,NA,NA,NA,NA,NA,NA,NA,NA,NA,NA,NA,NA,NA,NA,NA,NA,3.21429
189,0.186364,28.9286,137,"2026-03-14_MFXAB",1.8666641777811,NA,NA,NA,NA,NA,NA,NA,NA,NA,NA,NA,NA,NA,NA,NA,NA,NA,NA,NA,NA,NA,3.21429
190,0.187273,28.9286,137,"2026-03-14_MFXAB",1.8666641777811,NA,NA,NA,NA,NA,NA,NA,NA,NA,NA,NA,NA,NA,NA,NA,NA,NA,NA,NA,NA,NA,3.21429
191,0.188182,28.9286,137,"2026-03-14_MFXAB",1.8666641777811,NA,NA,NA,NA,NA,NA,NA,NA,NA,NA,NA,NA,NA,NA,NA,NA,NA,NA,NA,NA,NA,3.21429
192,0.189091,28.9286,137,"2026-03-14_MFXAB",1.8666641777811,NA,NA,NA,NA,NA,NA,NA,NA,NA,NA,NA,NA,NA,NA,NA,NA,NA,NA,NA,NA,NA,3.21429
193,0.19,28.9286,138,"2026-03-14_MFXAB",1.8666641777811,NA,NA,NA,NA,NA,NA,NA,NA,NA,NA,NA,NA,NA,NA,NA,NA,NA,NA,NA,NA,NA,3.21429
194,0.190909,28.9286,138,"2026-03-14_MFXAB",1.8666641777811,NA,NA,NA,NA,NA,NA,NA,NA,NA,NA,NA,NA,NA,NA,NA,NA,NA,NA,NA,NA,NA,3.21429
195,0.191818,28.9286,138,"2026-03-14_MFXAB",1.8666641777811,NA,NA,NA,NA,NA,NA,NA,NA,NA,NA,NA,NA,NA,NA,NA,NA,NA,NA,NA,NA,NA,3.21429
196,0.192727,28.9286,138,"2026-03-14_MFXAB",1.8666641777811,NA,NA,NA,NA,NA,NA,NA,NA,NA,NA,NA,NA,NA,NA,NA,NA,NA,NA,NA,NA,NA,3.21429
197,0.193636,28.9286,138,"2026-03-14_MFXAB",1.8666641777811,NA,NA,NA,NA,NA,NA,NA,NA,NA,NA,NA,NA,NA,NA,NA,NA,NA,NA,NA,NA,NA,3.21429
198,0.194545,28.9286,138,"2026-03-14_MFXAB",1.8666641777811,NA,NA,NA,NA,NA,NA,NA,NA,NA,NA,NA,NA,NA,NA,NA,NA,NA,NA,NA,NA,NA,3.21429
199,0.195455,28.9286,139,"2026-03-14_MFXAB",1.8666641777811,NA,NA,NA,NA,NA,NA,NA,NA,NA,NA,NA,NA,NA,NA,NA,NA,NA,NA,NA,NA,NA,3.21429
200,0.196364,28.9286,139,"2026-03-14_MFXAB",1.8666641777811,NA,NA,NA,NA,NA,NA,NA,NA,NA,NA,NA,NA,NA,NA,NA,NA,NA,NA,NA,NA,NA,3.21429
201,0.197273,28.9286,139,"2026-03-14_MFXAB",1.8666641777811,NA,NA,NA,NA,NA,NA,NA,NA,NA,NA,NA,NA,NA,NA,NA,NA,NA,NA,NA,NA,NA,3.21429
202,0.198182,28.9286,140,"2026-03-14_MFXAB",1.8666641777811,NA,NA,NA,NA,NA,NA,NA,NA,NA,NA,NA,NA,NA,NA,NA,NA,NA,NA,NA,NA,NA,3.21429
203,0.199091,28.9286,140,"2026-03-14_MFXAB",1.8666641777811,NA,NA,NA,NA,NA,NA,NA,NA,NA,NA,NA,NA,NA,NA,NA,NA,NA,NA,NA,NA,NA,3.21429
204,0.2,28.9286,140,"2026-03-14_MFXAB",1.8666641777811,NA,NA,NA,NA,NA,NA,NA,NA,NA,NA,NA,NA,NA,NA,NA,NA,NA,NA,NA,NA,NA,3.21429
205,0.2,30.968,139,"2026-03-14_MFXAB",1.74373490579472,NA,NA,NA,NA,NA,NA,NA,NA,NA,NA,NA,NA,NA,NA,NA,NA,NA,NA,NA,NA,NA,3.44089
206,0.20098,30.968,139,"2026-03-14_MFXAB",1.74373490579472,NA,NA,NA,NA,NA,NA,NA,NA,NA,NA,NA,NA,NA,NA,NA,NA,NA,NA,NA,NA,NA,3.44089
207,0.201961,30.968,139,"2026-03-14_MFXAB",1.74373490579472,NA,NA,NA,NA,NA,NA,NA,NA,NA,NA,NA,NA,NA,NA,NA,NA,NA,NA,NA,NA,NA,3.44089
208,0.202941,30.968,139,"2026-03-14_MFXAB",1.74373490579472,NA,NA,NA,NA,NA,NA,NA,NA,NA,NA,NA,NA,NA,NA,NA,NA,NA,NA,NA,NA,NA,3.44089
209,0.203922,30.968,139,"2026-03-14_MFXAB",1.74373490579472,NA,NA,NA,NA,NA,NA,NA,NA,NA,NA,NA,NA,NA,NA,NA,NA,NA,NA,NA,NA,NA,3.44089
210,0.204902,30.968,138,"2026-03-14_MFXAB",1.74373490579472,NA,NA,NA,NA,NA,NA,NA,NA,NA,NA,NA,NA,NA,NA,NA,NA,NA,NA,NA,NA,NA,3.44089
211,0.205882,30.968,138,"2026-03-14_MFXAB",1.74373490579472,NA,NA,NA,NA,NA,NA,NA,NA,NA,NA,NA,NA,NA,NA,NA,NA,NA,NA,NA,NA,NA,3.44089
212,0.206863,30.968,138,"2026-03-14_MFXAB",1.74373490579472,NA,NA,NA,NA,NA,NA,NA,NA,NA,NA,NA,NA,NA,NA,NA,NA,NA,NA,NA,NA,NA,3.44089
213,0.207843,30.968,138,"2026-03-14_MFXAB",1.74373490579472,NA,NA,NA,NA,NA,NA,NA,NA,NA,NA,NA,NA,NA,NA,NA,NA,NA,NA,NA,NA,NA,3.44089
214,0.208824,30.968,138,"2026-03-14_MFXAB",1.74373490579472,NA,NA,NA,NA,NA,NA,NA,NA,NA,NA,NA,NA,NA,NA,NA,NA,NA,NA,NA,NA,NA,3.44089
215,0.209804,30.968,138,"2026-03-14_MFXAB",1.74373490579472,NA,NA,NA,NA,NA,NA,NA,NA,NA,NA,NA,NA,NA,NA,NA,NA,NA,NA,NA,NA,NA,3.44089
216,0.210784,30.968,137,"2026-03-14_MFXAB",1.74373490579472,NA,NA,NA,NA,NA,NA,NA,NA,NA,NA,NA,NA,NA,NA,NA,NA,NA,NA,NA,NA,NA,3.44089
217,0.211765,30.968,137,"2026-03-14_MFXAB",1.74373490579472,NA,NA,NA,NA,NA,NA,NA,NA,NA,NA,NA,NA,NA,NA,NA,NA,NA,NA,NA,NA,NA,3.44089
218,0.212745,30.968,137,"2026-03-14_MFXAB",1.74373490579472,NA,NA,NA,NA,NA,NA,NA,NA,NA,NA,NA,NA,NA,NA,NA,NA,NA,NA,NA,NA,NA,3.44089
219,0.213725,30.968,137,"2026-03-14_MFXAB",1.74373490579472,NA,NA,NA,NA,NA,NA,NA,NA,NA,NA,NA,NA,NA,NA,NA,NA,NA,NA,NA,NA,NA,3.44089
220,0.214706,30.968,136,"2026-03-14_MFXAB",1.74373490579472,NA,NA,NA,NA,NA,NA,NA,NA,NA,NA,NA,NA,NA,NA,NA,NA,NA,NA,NA,NA,NA,3.44089
221,0.215686,30.968,136,"2026-03-14_MFXAB",1.74373490579472,NA,NA,NA,NA,NA,NA,NA,NA,NA,NA,NA,NA,NA,NA,NA,NA,NA,NA,NA,NA,NA,3.44089
222,0.216667,30.968,136,"2026-03-14_MFXAB",1.74373490579472,NA,NA,NA,NA,NA,NA,NA,NA,NA,NA,NA,NA,NA,NA,NA,NA,NA,NA,NA,NA,NA,3.44089
223,0.217647,30.968,136,"2026-03-14_MFXAB",1.74373490579472,NA,NA,NA,NA,NA,NA,NA,NA,NA,NA,NA,NA,NA,NA,NA,NA,NA,NA,NA,NA,NA,3.44089
224,0.218627,30.968,136,"2026-03-14_MFXAB",1.74373490579472,NA,NA,NA,NA,NA,NA,NA,NA,NA,NA,NA,NA,NA,NA,NA,NA,NA,NA,NA,NA,NA,3.44089
225,0.219608,30.968,136,"2026-03-14_MFXAB",1.74373490579472,NA,NA,NA,NA,NA,NA,NA,NA,NA,NA,NA,NA,NA,NA,NA,NA,NA,NA,NA,NA,NA,3.44089
226,0.220588,30.968,136,"2026-03-14_MFXAB",1.74373490579472,NA,NA,NA,NA,NA,NA,NA,NA,NA,NA,NA,NA,NA,NA,NA,NA,NA,NA,NA,NA,NA,3.44089
227,0.221569,30.968,135,"2026-03-14_MFXAB",1.74373490579472,NA,NA,NA,NA,NA,NA,NA,NA,NA,NA,NA,NA,NA,NA,NA,NA,NA,NA,NA,NA,NA,3.44089
228,0.222549,30.968,136,"2026-03-14_MFXAB",1.74373490579472,NA,NA,NA,NA,NA,NA,NA,NA,NA,NA,NA,NA,NA,NA,NA,NA,NA,NA,NA,NA,NA,3.44089
229,0.223529,30.968,136,"2026-03-14_MFXAB",1.74373490579472,NA,NA,NA,NA,NA,NA,NA,NA,NA,NA,NA,NA,NA,NA,NA,NA,NA,NA,NA,NA,NA,3.44089
230,0.22451,30.968,135,"2026-03-14_MFXAB",1.74373490579472,NA,NA,NA,NA,NA,NA,NA,NA,NA,NA,NA,NA,NA,NA,NA,NA,NA,NA,NA,NA,NA,3.44089
231,0.22549,30.968,136,"2026-03-14_MFXAB",1.74373490579472,NA,NA,NA,NA,NA,NA,NA,NA,NA,NA,NA,NA,NA,NA,NA,NA,NA,NA,NA,NA,NA,3.44089
232,0.226471,30.968,136,"2026-03-14_MFXAB",1.74373490579472,NA,NA,NA,NA,NA,NA,NA,NA,NA,NA,NA,NA,NA,NA,NA,NA,NA,NA,NA,NA,NA,3.44089
233,0.227451,30.968,135,"2026-03-14_MFXAB",1.74373490579472,NA,NA,NA,NA,NA,NA,NA,NA,NA,NA,NA,NA,NA,NA,NA,NA,NA,NA,NA,NA,NA,3.44089
234,0.228431,30.968,135,"2026-03-14_MFXAB",1.74373490579472,NA,NA,NA,NA,NA,NA,NA,NA,NA,NA,NA,NA,NA,NA,NA,NA,NA,NA,NA,NA,NA,3.44089
235,0.229412,30.968,135,"2026-03-14_MFXAB",1.74373490579472,NA,NA,NA,NA,NA,NA,NA,NA,NA,NA,NA,NA,NA,NA,NA,NA,NA,NA,NA,NA,NA,3.44089
236,0.230392,30.968,134,"2026-03-14_MFXAB",1.74373490579472,NA,NA,NA,NA,NA,NA,NA,NA,NA,NA,NA,NA,NA,NA,NA,NA,NA,NA,NA,NA,NA,3.44089
237,0.231373,30.968,134,"2026-03-14_MFXAB",1.74373490579472,NA,NA,NA,NA,NA,NA,NA,NA,NA,NA,NA,NA,NA,NA,NA,NA,NA,NA,NA,NA,NA,3.44089
238,0.232353,30.968,134,"2026-03-14_MFXAB",1.74373490579472,NA,NA,NA,NA,NA,NA,NA,NA,NA,NA,NA,NA,NA,NA,NA,NA,NA,NA,NA,NA,NA,3.44089
239,0.233333,30.968,134,"2026-03-14_MFXAB",1.74373490579472,NA,NA,NA,NA,NA,NA,NA,NA,NA,NA,NA,NA,NA,NA,NA,NA,NA,NA,NA,NA,NA,3.44089
240,0.234314,30.968,133,"2026-03-14_MFXAB",1.74373490579472,NA,NA,NA,NA,NA,NA,NA,NA,NA,NA,NA,NA,NA,NA,NA,NA,NA,NA,NA,NA,NA,3.44089
241,0.235294,30.968,133,"2026-03-14_MFXAB",1.74373490579472,NA,NA,NA,NA,NA,NA,NA,NA,NA,NA,NA,NA,NA,NA,NA,NA,NA,NA,NA,NA,NA,3.44089
242,0.236275,30.968,133,"2026-03-14_MFXAB",1.74373490579472,NA,NA,NA,NA,NA,NA,NA,NA,NA,NA,NA,NA,NA,NA,NA,NA,NA,NA,NA,NA,NA,3.44089
243,0.237255,30.968,133,"2026-03-14_MFXAB",1.74373490579472,NA,NA,NA,NA,NA,NA,NA,NA,NA,NA,NA,NA,NA,NA,NA,NA,NA,NA,NA,NA,NA,3.44089
244,0.238235,30.968,132,"2026-03-14_MFXAB",1.74373490579472,NA,NA,NA,NA,NA,NA,NA,NA,NA,NA,NA,NA,NA,NA,NA,NA,NA,NA,NA,NA,NA,3.44089
245,0.239216,30.968,132,"2026-03-14_MFXAB",1.74373490579472,NA,NA,NA,NA,NA,NA,NA,NA,NA,NA,NA,NA,NA,NA,NA,NA,NA,NA,NA,NA,NA,3.44089
246,0.240196,30.968,132,"2026-03-14_MFXAB",1.74373490579472,NA,NA,NA,NA,NA,NA,NA,NA,NA,NA,NA,NA,NA,NA,NA,NA,NA,NA,NA,NA,NA,3.44089
247,0.241176,30.968,131,"2026-03-14_MFXAB",1.74373490579472,NA,NA,NA,NA,NA,NA,NA,NA,NA,NA,NA,NA,NA,NA,NA,NA,NA,NA,NA,NA,NA,3.44089
248,0.242157,30.968,131,"2026-03-14_MFXAB",1.74373490579472,NA,NA,NA,NA,NA,NA,NA,NA,NA,NA,NA,NA,NA,NA,NA,NA,NA,NA,NA,NA,NA,3.44089
249,0.243137,30.968,131,"2026-03-14_MFXAB",1.74373490579472,NA,NA,NA,NA,NA,NA,NA,NA,NA,NA,NA,NA,NA,NA,NA,NA,NA,NA,NA,NA,NA,3.44089
250,0.244118,30.968,131,"2026-03-14_MFXAB",1.74373490579472,NA,NA,NA,NA,NA,NA,NA,NA,NA,NA,NA,NA,NA,NA,NA,NA,NA,NA,NA,NA,NA,3.44089
251,0.245098,30.968,131,"2026-03-14_MFXAB",1.74373490579472,NA,NA,NA,NA,NA,NA,NA,NA,NA,NA,NA,NA,NA,NA,NA,NA,NA,NA,NA,NA,NA,3.44089
252,0.246078,30.968,131,"2026-03-14_MFXAB",1.74373490579472,NA,NA,NA,NA,NA,NA,NA,NA,NA,NA,NA,NA,NA,NA,NA,NA,NA,NA,NA,NA,NA,3.44089
253,0.247059,30.968,131,"2026-03-14_MFXAB",1.74373490579472,NA,NA,NA,NA,NA,NA,NA,NA,NA,NA,NA,NA,NA,NA,NA,NA,NA,NA,NA,NA,NA,3.44089
254,0.248039,30.968,131,"2026-03-14_MFXAB",1.74373490579472,NA,NA,NA,NA,NA,NA,NA,NA,NA,NA,NA,NA,NA,NA,NA,NA,NA,NA,NA,NA,NA,3.44089
255,0.24902,30.968,130,"2026-03-14_MFXAB",1.74373490579472,NA,NA,NA,NA,NA,NA,NA,NA,NA,NA,NA,NA,NA,NA,NA,NA,NA,NA,NA,NA,NA,3.44089
256,0.25,30.968,131,"2026-03-14_MFXAB",1.74373490579472,NA,NA,NA,NA,NA,NA,NA,NA,NA,NA,NA,NA,NA,NA,NA,NA,NA,NA,NA,NA,NA,3.44089
257,0.25,30.1686,131,"2026-03-14_MFXAB",1.85623462805699,NA,NA,NA,NA,NA,NA,NA,NA,NA,NA,NA,NA,NA,NA,NA,NA,NA,NA,NA,NA,NA,3.23235
258,0.250909,30.1686,131,"2026-03-14_MFXAB",1.85623462805699,NA,NA,NA,NA,NA,NA,NA,NA,NA,NA,NA,NA,NA,NA,NA,NA,NA,NA,NA,NA,NA,3.23235
259,0.251818,30.1686,132,"2026-03-14_MFXAB",1.85623462805699,NA,NA,NA,NA,NA,NA,NA,NA,NA,NA,NA,NA,NA,NA,NA,NA,NA,NA,NA,NA,NA,3.23235
260,0.252727,30.1686,132,"2026-03-14_MFXAB",1.85623462805699,NA,NA,NA,NA,NA,NA,NA,NA,NA,NA,NA,NA,NA,NA,NA,NA,NA,NA,NA,NA,NA,3.23235
261,0.253636,30.1686,132,"2026-03-14_MFXAB",1.85623462805699,NA,NA,NA,NA,NA,NA,NA,NA,NA,NA,NA,NA,NA,NA,NA,NA,NA,NA,NA,NA,NA,3.23235
262,0.254545,30.1686,133,"2026-03-14_MFXAB",1.85623462805699,NA,NA,NA,NA,NA,NA,NA,NA,NA,NA,NA,NA,NA,NA,NA,NA,NA,NA,NA,NA,NA,3.23235
263,0.255455,30.1686,133,"2026-03-14_MFXAB",1.85623462805699,NA,NA,NA,NA,NA,NA,NA,NA,NA,NA,NA,NA,NA,NA,NA,NA,NA,NA,NA,NA,NA,3.23235
264,0.256364,30.1686,133,"2026-03-14_MFXAB",1.85623462805699,NA,NA,NA,NA,NA,NA,NA,NA,NA,NA,NA,NA,NA,NA,NA,NA,NA,NA,NA,NA,NA,3.23235
265,0.257273,30.1686,133,"2026-03-14_MFXAB",1.85623462805699,NA,NA,NA,NA,NA,NA,NA,NA,NA,NA,NA,NA,NA,NA,NA,NA,NA,NA,NA,NA,NA,3.23235
266,0.258182,30.1686,133,"2026-03-14_MFXAB",1.85623462805699,NA,NA,NA,NA,NA,NA,NA,NA,NA,NA,NA,NA,NA,NA,NA,NA,NA,NA,NA,NA,NA,3.23235
267,0.259091,30.1686,133,"2026-03-14_MFXAB",1.85623462805699,NA,NA,NA,NA,NA,NA,NA,NA,NA,NA,NA,NA,NA,NA,NA,NA,NA,NA,NA,NA,NA,3.23235
268,0.26,30.1686,133,"2026-03-14_MFXAB",1.85623462805699,NA,NA,NA,NA,NA,NA,NA,NA,NA,NA,NA,NA,NA,NA,NA,NA,NA,NA,NA,NA,NA,3.23235
269,0.260909,30.1686,134,"2026-03-14_MFXAB",1.85623462805699,NA,NA,NA,NA,NA,NA,NA,NA,NA,NA,NA,NA,NA,NA,NA,NA,NA,NA,NA,NA,NA,3.23235
270,0.261818,30.1686,134,"2026-03-14_MFXAB",1.85623462805699,NA,NA,NA,NA,NA,NA,NA,NA,NA,NA,NA,NA,NA,NA,NA,NA,NA,NA,NA,NA,NA,3.23235
271,0.262727,30.1686,134,"2026-03-14_MFXAB",1.85623462805699,NA,NA,NA,NA,NA,NA,NA,NA,NA,NA,NA,NA,NA,NA,NA,NA,NA,NA,NA,NA,NA,3.23235
272,0.263636,30.1686,134,"2026-03-14_MFXAB",1.85623462805699,NA,NA,NA,NA,NA,NA,NA,NA,NA,NA,NA,NA,NA,NA,NA,NA,NA,NA,NA,NA,NA,3.23235
273,0.264545,30.1686,134,"2026-03-14_MFXAB",1.85623462805699,NA,NA,NA,NA,NA,NA,NA,NA,NA,NA,NA,NA,NA,NA,NA,NA,NA,NA,NA,NA,NA,3.23235
274,0.265455,30.1686,134,"2026-03-14_MFXAB",1.85623462805699,NA,NA,NA,NA,NA,NA,NA,NA,NA,NA,NA,NA,NA,NA,NA,NA,NA,NA,NA,NA,NA,3.23235
275,0.266364,30.1686,134,"2026-03-14_MFXAB",1.85623462805699,NA,NA,NA,NA,NA,NA,NA,NA,NA,NA,NA,NA,NA,NA,NA,NA,NA,NA,NA,NA,NA,3.23235
276,0.267273,30.1686,134,"2026-03-14_MFXAB",1.85623462805699,NA,NA,NA,NA,NA,NA,NA,NA,NA,NA,NA,NA,NA,NA,NA,NA,NA,NA,NA,NA,NA,3.23235
277,0.268182,30.1686,134,"2026-03-14_MFXAB",1.85623462805699,NA,NA,NA,NA,NA,NA,NA,NA,NA,NA,NA,NA,NA,NA,NA,NA,NA,NA,NA,NA,NA,3.23235
278,0.269091,30.1686,133,"2026-03-14_MFXAB",1.85623462805699,NA,NA,NA,NA,NA,NA,NA,NA,NA,NA,NA,NA,NA,NA,NA,NA,NA,NA,NA,NA,NA,3.23235
279,0.27,30.1686,133,"2026-03-14_MFXAB",1.85623462805699,NA,NA,NA,NA,NA,NA,NA,NA,NA,NA,NA,NA,NA,NA,NA,NA,NA,NA,NA,NA,NA,3.23235
280,0.270909,30.1686,132,"2026-03-14_MFXAB",1.85623462805699,NA,NA,NA,NA,NA,NA,NA,NA,NA,NA,NA,NA,NA,NA,NA,NA,NA,NA,NA,NA,NA,3.23235
281,0.271818,30.1686,132,"2026-03-14_MFXAB",1.85623462805699,NA,NA,NA,NA,NA,NA,NA,NA,NA,NA,NA,NA,NA,NA,NA,NA,NA,NA,NA,NA,NA,3.23235
282,0.272727,30.1686,132,"2026-03-14_MFXAB",1.85623462805699,NA,NA,NA,NA,NA,NA,NA,NA,NA,NA,NA,NA,NA,NA,NA,NA,NA,NA,NA,NA,NA,3.23235
283,0.273636,30.1686,131,"2026-03-14_MFXAB",1.85623462805699,NA,NA,NA,NA,NA,NA,NA,NA,NA,NA,NA,NA,NA,NA,NA,NA,NA,NA,NA,NA,NA,3.23235
284,0.274545,30.1686,131,"2026-03-14_MFXAB",1.85623462805699,NA,NA,NA,NA,NA,NA,NA,NA,NA,NA,NA,NA,NA,NA,NA,NA,NA,NA,NA,NA,NA,3.23235
285,0.275455,30.1686,130,"2026-03-14_MFXAB",1.85623462805699,NA,NA,NA,NA,NA,NA,NA,NA,NA,NA,NA,NA,NA,NA,NA,NA,NA,NA,NA,NA,NA,3.23235
286,0.276364,30.1686,130,"2026-03-14_MFXAB",1.85623462805699,NA,NA,NA,NA,NA,NA,NA,NA,NA,NA,NA,NA,NA,NA,NA,NA,NA,NA,NA,NA,NA,3.23235
287,0.277273,30.1686,130,"2026-03-14_MFXAB",1.85623462805699,NA,NA,NA,NA,NA,NA,NA,NA,NA,NA,NA,NA,NA,NA,NA,NA,NA,NA,NA,NA,NA,3.23235
288,0.278182,30.1686,130,"2026-03-14_MFXAB",1.85623462805699,NA,NA,NA,NA,NA,NA,NA,NA,NA,NA,NA,NA,NA,NA,NA,NA,NA,NA,NA,NA,NA,3.23235
289,0.279091,30.1686,129,"2026-03-14_MFXAB",1.85623462805699,NA,NA,NA,NA,NA,NA,NA,NA,NA,NA,NA,NA,NA,NA,NA,NA,NA,NA,NA,NA,NA,3.23235
290,0.28,30.1686,129,"2026-03-14_MFXAB",1.85623462805699,NA,NA,NA,NA,NA,NA,NA,NA,NA,NA,NA,NA,NA,NA,NA,NA,NA,NA,NA,NA,NA,3.23235
291,0.280909,30.1686,129,"2026-03-14_MFXAB",1.85623462805699,NA,NA,NA,NA,NA,NA,NA,NA,NA,NA,NA,NA,NA,NA,NA,NA,NA,NA,NA,NA,NA,3.23235
292,0.281818,30.1686,129,"2026-03-14_MFXAB",1.85623462805699,NA,NA,NA,NA,NA,NA,NA,NA,NA,NA,NA,NA,NA,NA,NA,NA,NA,NA,NA,NA,NA,3.23235
293,0.282727,30.1686,129,"2026-03-14_MFXAB",1.85623462805699,NA,NA,NA,NA,NA,NA,NA,NA,NA,NA,NA,NA,NA,NA,NA,NA,NA,NA,NA,NA,NA,3.23235
294,0.283636,30.1686,128,"2026-03-14_MFXAB",1.85623462805699,NA,NA,NA,NA,NA,NA,NA,NA,NA,NA,NA,NA,NA,NA,NA,NA,NA,NA,NA,NA,NA,3.23235
295,0.284545,30.1686,128,"2026-03-14_MFXAB",1.85623462805699,NA,NA,NA,NA,NA,NA,NA,NA,NA,NA,NA,NA,NA,NA,NA,NA,NA,NA,NA,NA,NA,3.23235
296,0.285455,30.1686,128,"2026-03-14_MFXAB",1.85623462805699,NA,NA,NA,NA,NA,NA,NA,NA,NA,NA,NA,NA,NA,NA,NA,NA,NA,NA,NA,NA,NA,3.23235
297,0.286364,30.1686,129,"2026-03-14_MFXAB",1.85623462805699,NA,NA,NA,NA,NA,NA,NA,NA,NA,NA,NA,NA,NA,NA,NA,NA,NA,NA,NA,NA,NA,3.23235
298,0.287273,30.1686,128,"2026-03-14_MFXAB",1.85623462805699,NA,NA,NA,NA,NA,NA,NA,NA,NA,NA,NA,NA,NA,NA,NA,NA,NA,NA,NA,NA,NA,3.23235
299,0.288182,30.1686,128,"2026-03-14_MFXAB",1.85623462805699,NA,NA,NA,NA,NA,NA,NA,NA,NA,NA,NA,NA,NA,NA,NA,NA,NA,NA,NA,NA,NA,3.23235
300,0.289091,30.1686,129,"2026-03-14_MFXAB",1.85623462805699,NA,NA,NA,NA,NA,NA,NA,NA,NA,NA,NA,NA,NA,NA,NA,NA,NA,NA,NA,NA,NA,3.23235
301,0.29,30.1686,128,"2026-03-14_MFXAB",1.85623462805699,NA,NA,NA,NA,NA,NA,NA,NA,NA,NA,NA,NA,NA,NA,NA,NA,NA,NA,NA,NA,NA,3.23235
302,0.290909,30.1686,128,"2026-03-14_MFXAB",1.85623462805699,NA,NA,NA,NA,NA,NA,NA,NA,NA,NA,NA,NA,NA,NA,NA,NA,NA,NA,NA,NA,NA,3.23235
303,0.291818,30.1686,128,"2026-03-14_MFXAB",1.85623462805699,NA,NA,NA,NA,NA,NA,NA,NA,NA,NA,NA,NA,NA,NA,NA,NA,NA,NA,NA,NA,NA,3.23235
304,0.292727,30.1686,128,"2026-03-14_MFXAB",1.85623462805699,NA,NA,NA,NA,NA,NA,NA,NA,NA,NA,NA,NA,NA,NA,NA,NA,NA,NA,NA,NA,NA,3.23235
305,0.293636,30.1686,128,"2026-03-14_MFXAB",1.85623462805699,NA,NA,NA,NA,NA,NA,NA,NA,NA,NA,NA,NA,NA,NA,NA,NA,NA,NA,NA,NA,NA,3.23235
306,0.294545,30.1686,128,"2026-03-14_MFXAB",1.85623462805699,NA,NA,NA,NA,NA,NA,NA,NA,NA,NA,NA,NA,NA,NA,NA,NA,NA,NA,NA,NA,NA,3.23235
307,0.295455,30.1686,128,"2026-03-14_MFXAB",1.85623462805699,NA,NA,NA,NA,NA,NA,NA,NA,NA,NA,NA,NA,NA,NA,NA,NA,NA,NA,NA,NA,NA,3.23235
308,0.296364,30.1686,127,"2026-03-14_MFXAB",1.85623462805699,NA,NA,NA,NA,NA,NA,NA,NA,NA,NA,NA,NA,NA,NA,NA,NA,NA,NA,NA,NA,NA,3.23235
309,0.297273,30.1686,128,"2026-03-14_MFXAB",1.85623462805699,NA,NA,NA,NA,NA,NA,NA,NA,NA,NA,NA,NA,NA,NA,NA,NA,NA,NA,NA,NA,NA,3.23235
310,0.298182,30.1686,128,"2026-03-14_MFXAB",1.85623462805699,NA,NA,NA,NA,NA,NA,NA,NA,NA,NA,NA,NA,NA,NA,NA,NA,NA,NA,NA,NA,NA,3.23235
311,0.299091,30.1686,128,"2026-03-14_MFXAB",1.85623462805699,NA,NA,NA,NA,NA,NA,NA,NA,NA,NA,NA,NA,NA,NA,NA,NA,NA,NA,NA,NA,NA,3.23235
312,0.3,30.1686,128,"2026-03-14_MFXAB",1.85623462805699,NA,NA,NA,NA,NA,NA,NA,NA,NA,NA,NA,NA,NA,NA,NA,NA,NA,NA,NA,NA,NA,3.23235
313,0.3,29.2133,128,"2026-03-14_MFXAB",1.98540068694864,NA,NA,NA,NA,NA,NA,NA,NA,NA,NA,NA,NA,NA,NA,NA,NA,NA,NA,NA,NA,NA,3.02206
314,0.300862,29.2133,128,"2026-03-14_MFXAB",1.98540068694864,NA,NA,NA,NA,NA,NA,NA,NA,NA,NA,NA,NA,NA,NA,NA,NA,NA,NA,NA,NA,NA,3.02206
315,0.301724,29.2133,129,"2026-03-14_MFXAB",1.98540068694864,NA,NA,NA,NA,NA,NA,NA,NA,NA,NA,NA,NA,NA,NA,NA,NA,NA,NA,NA,NA,NA,3.02206
316,0.302586,29.2133,129,"2026-03-14_MFXAB",1.98540068694864,NA,NA,NA,NA,NA,NA,NA,NA,NA,NA,NA,NA,NA,NA,NA,NA,NA,NA,NA,NA,NA,3.02206
317,0.303448,29.2133,128,"2026-03-14_MFXAB",1.98540068694864,NA,NA,NA,NA,NA,NA,NA,NA,NA,NA,NA,NA,NA,NA,NA,NA,NA,NA,NA,NA,NA,3.02206
318,0.30431,29.2133,128,"2026-03-14_MFXAB",1.98540068694864,NA,NA,NA,NA,NA,NA,NA,NA,NA,NA,NA,NA,NA,NA,NA,NA,NA,NA,NA,NA,NA,3.02206
319,0.305172,29.2133,128,"2026-03-14_MFXAB",1.98540068694864,NA,NA,NA,NA,NA,NA,NA,NA,NA,NA,NA,NA,NA,NA,NA,NA,NA,NA,NA,NA,NA,3.02206
320,0.306034,29.2133,127,"2026-03-14_MFXAB",1.98540068694864,NA,NA,NA,NA,NA,NA,NA,NA,NA,NA,NA,NA,NA,NA,NA,NA,NA,NA,NA,NA,NA,3.02206
321,0.306897,29.2133,126,"2026-03-14_MFXAB",1.98540068694864,NA,NA,NA,NA,NA,NA,NA,NA,NA,NA,NA,NA,NA,NA,NA,NA,NA,NA,NA,NA,NA,3.02206
322,0.307759,29.2133,126,"2026-03-14_MFXAB",1.98540068694864,NA,NA,NA,NA,NA,NA,NA,NA,NA,NA,NA,NA,NA,NA,NA,NA,NA,NA,NA,NA,NA,3.02206
323,0.308621,29.2133,125,"2026-03-14_MFXAB",1.98540068694864,NA,NA,NA,NA,NA,NA,NA,NA,NA,NA,NA,NA,NA,NA,NA,NA,NA,NA,NA,NA,NA,3.02206
324,0.309483,29.2133,125,"2026-03-14_MFXAB",1.98540068694864,NA,NA,NA,NA,NA,NA,NA,NA,NA,NA,NA,NA,NA,NA,NA,NA,NA,NA,NA,NA,NA,3.02206
325,0.310345,29.2133,125,"2026-03-14_MFXAB",1.98540068694864,NA,NA,NA,NA,NA,NA,NA,NA,NA,NA,NA,NA,NA,NA,NA,NA,NA,NA,NA,NA,NA,3.02206
326,0.311207,29.2133,125,"2026-03-14_MFXAB",1.98540068694864,NA,NA,NA,NA,NA,NA,NA,NA,NA,NA,NA,NA,NA,NA,NA,NA,NA,NA,NA,NA,NA,3.02206
327,0.312069,29.2133,125,"2026-03-14_MFXAB",1.98540068694864,NA,NA,NA,NA,NA,NA,NA,NA,NA,NA,NA,NA,NA,NA,NA,NA,NA,NA,NA,NA,NA,3.02206
328,0.312931,29.2133,125,"2026-03-14_MFXAB",1.98540068694864,NA,NA,NA,NA,NA,NA,NA,NA,NA,NA,NA,NA,NA,NA,NA,NA,NA,NA,NA,NA,NA,3.02206
329,0.313793,29.2133,124,"2026-03-14_MFXAB",1.98540068694864,NA,NA,NA,NA,NA,NA,NA,NA,NA,NA,NA,NA,NA,NA,NA,NA,NA,NA,NA,NA,NA,3.02206
330,0.314655,29.2133,125,"2026-03-14_MFXAB",1.98540068694864,NA,NA,NA,NA,NA,NA,NA,NA,NA,NA,NA,NA,NA,NA,NA,NA,NA,NA,NA,NA,NA,3.02206
331,0.315517,29.2133,125,"2026-03-14_MFXAB",1.98540068694864,NA,NA,NA,NA,NA,NA,NA,NA,NA,NA,NA,NA,NA,NA,NA,NA,NA,NA,NA,NA,NA,3.02206
332,0.316379,29.2133,124,"2026-03-14_MFXAB",1.98540068694864,NA,NA,NA,NA,NA,NA,NA,NA,NA,NA,NA,NA,NA,NA,NA,NA,NA,NA,NA,NA,NA,3.02206
333,0.317241,29.2133,125,"2026-03-14_MFXAB",1.98540068694864,NA,NA,NA,NA,NA,NA,NA,NA,NA,NA,NA,NA,NA,NA,NA,NA,NA,NA,NA,NA,NA,3.02206
334,0.318103,29.2133,125,"2026-03-14_MFXAB",1.98540068694864,NA,NA,NA,NA,NA,NA,NA,NA,NA,NA,NA,NA,NA,NA,NA,NA,NA,NA,NA,NA,NA,3.02206
335,0.318966,29.2133,125,"2026-03-14_MFXAB",1.98540068694864,NA,NA,NA,NA,NA,NA,NA,NA,NA,NA,NA,NA,NA,NA,NA,NA,NA,NA,NA,NA,NA,3.02206
336,0.319828,29.2133,124,"2026-03-14_MFXAB",1.98540068694864,NA,NA,NA,NA,NA,NA,NA,NA,NA,NA,NA,NA,NA,NA,NA,NA,NA,NA,NA,NA,NA,3.02206
337,0.32069,29.2133,125,"2026-03-14_MFXAB",1.98540068694864,NA,NA,NA,NA,NA,NA,NA,NA,NA,NA,NA,NA,NA,NA,NA,NA,NA,NA,NA,NA,NA,3.02206
338,0.321552,29.2133,125,"2026-03-14_MFXAB",1.98540068694864,NA,NA,NA,NA,NA,NA,NA,NA,NA,NA,NA,NA,NA,NA,NA,NA,NA,NA,NA,NA,NA,3.02206
339,0.322414,29.2133,124,"2026-03-14_MFXAB",1.98540068694864,NA,NA,NA,NA,NA,NA,NA,NA,NA,NA,NA,NA,NA,NA,NA,NA,NA,NA,NA,NA,NA,3.02206
340,0.323276,29.2133,125,"2026-03-14_MFXAB",1.98540068694864,NA,NA,NA,NA,NA,NA,NA,NA,NA,NA,NA,NA,NA,NA,NA,NA,NA,NA,NA,NA,NA,3.02206
341,0.324138,29.2133,125,"2026-03-14_MFXAB",1.98540068694864,NA,NA,NA,NA,NA,NA,NA,NA,NA,NA,NA,NA,NA,NA,NA,NA,NA,NA,NA,NA,NA,3.02206
342,0.325,29.2133,124,"2026-03-14_MFXAB",1.98540068694864,NA,NA,NA,NA,NA,NA,NA,NA,NA,NA,NA,NA,NA,NA,NA,NA,NA,NA,NA,NA,NA,3.02206
343,0.325862,29.2133,125,"2026-03-14_MFXAB",1.98540068694864,NA,NA,NA,NA,NA,NA,NA,NA,NA,NA,NA,NA,NA,NA,NA,NA,NA,NA,NA,NA,NA,3.02206
344,0.326724,29.2133,125,"2026-03-14_MFXAB",1.98540068694864,NA,NA,NA,NA,NA,NA,NA,NA,NA,NA,NA,NA,NA,NA,NA,NA,NA,NA,NA,NA,NA,3.02206
345,0.327586,29.2133,124,"2026-03-14_MFXAB",1.98540068694864,NA,NA,NA,NA,NA,NA,NA,NA,NA,NA,NA,NA,NA,NA,NA,NA,NA,NA,NA,NA,NA,3.02206
346,0.328448,29.2133,124,"2026-03-14_MFXAB",1.98540068694864,NA,NA,NA,NA,NA,NA,NA,NA,NA,NA,NA,NA,NA,NA,NA,NA,NA,NA,NA,NA,NA,3.02206
347,0.32931,29.2133,124,"2026-03-14_MFXAB",1.98540068694864,NA,NA,NA,NA,NA,NA,NA,NA,NA,NA,NA,NA,NA,NA,NA,NA,NA,NA,NA,NA,NA,3.02206
348,0.330172,29.2133,125,"2026-03-14_MFXAB",1.98540068694864,NA,NA,NA,NA,NA,NA,NA,NA,NA,NA,NA,NA,NA,NA,NA,NA,NA,NA,NA,NA,NA,3.02206
349,0.331034,29.2133,124,"2026-03-14_MFXAB",1.98540068694864,NA,NA,NA,NA,NA,NA,NA,NA,NA,NA,NA,NA,NA,NA,NA,NA,NA,NA,NA,NA,NA,3.02206
350,0.331897,29.2133,124,"2026-03-14_MFXAB",1.98540068694864,NA,NA,NA,NA,NA,NA,NA,NA,NA,NA,NA,NA,NA,NA,NA,NA,NA,NA,NA,NA,NA,3.02206
351,0.332759,29.2133,125,"2026-03-14_MFXAB",1.98540068694864,NA,NA,NA,NA,NA,NA,NA,NA,NA,NA,NA,NA,NA,NA,NA,NA,NA,NA,NA,NA,NA,3.02206
352,0.333621,29.2133,125,"2026-03-14_MFXAB",1.98540068694864,NA,NA,NA,NA,NA,NA,NA,NA,NA,NA,NA,NA,NA,NA,NA,NA,NA,NA,NA,NA,NA,3.02206
353,0.334483,29.2133,125,"2026-03-14_MFXAB",1.98540068694864,NA,NA,NA,NA,NA,NA,NA,NA,NA,NA,NA,NA,NA,NA,NA,NA,NA,NA,NA,NA,NA,3.02206
354,0.335345,29.2133,125,"2026-03-14_MFXAB",1.98540068694864,NA,NA,NA,NA,NA,NA,NA,NA,NA,NA,NA,NA,NA,NA,NA,NA,NA,NA,NA,NA,NA,3.02206
355,0.336207,29.2133,125,"2026-03-14_MFXAB",1.98540068694864,NA,NA,NA,NA,NA,NA,NA,NA,NA,NA,NA,NA,NA,NA,NA,NA,NA,NA,NA,NA,NA,3.02206
356,0.337069,29.2133,125,"2026-03-14_MFXAB",1.98540068694864,NA,NA,NA,NA,NA,NA,NA,NA,NA,NA,NA,NA,NA,NA,NA,NA,NA,NA,NA,NA,NA,3.02206
357,0.337931,29.2133,125,"2026-03-14_MFXAB",1.98540068694864,NA,NA,NA,NA,NA,NA,NA,NA,NA,NA,NA,NA,NA,NA,NA,NA,NA,NA,NA,NA,NA,3.02206
358,0.338793,29.2133,125,"2026-03-14_MFXAB",1.98540068694864,NA,NA,NA,NA,NA,NA,NA,NA,NA,NA,NA,NA,NA,NA,NA,NA,NA,NA,NA,NA,NA,3.02206
359,0.339655,29.2133,125,"2026-03-14_MFXAB",1.98540068694864,NA,NA,NA,NA,NA,NA,NA,NA,NA,NA,NA,NA,NA,NA,NA,NA,NA,NA,NA,NA,NA,3.02206
360,0.340517,29.2133,125,"2026-03-14_MFXAB",1.98540068694864,NA,NA,NA,NA,NA,NA,NA,NA,NA,NA,NA,NA,NA,NA,NA,NA,NA,NA,NA,NA,NA,3.02206
361,0.341379,29.2133,125,"2026-03-14_MFXAB",1.98540068694864,NA,NA,NA,NA,NA,NA,NA,NA,NA,NA,NA,NA,NA,NA,NA,NA,NA,NA,NA,NA,NA,3.02206
362,0.342241,29.2133,125,"2026-03-14_MFXAB",1.98540068694864,NA,NA,NA,NA,NA,NA,NA,NA,NA,NA,NA,NA,NA,NA,NA,NA,NA,NA,NA,NA,NA,3.02206
363,0.343103,29.2133,124,"2026-03-14_MFXAB",1.98540068694864,NA,NA,NA,NA,NA,NA,NA,NA,NA,NA,NA,NA,NA,NA,NA,NA,NA,NA,NA,NA,NA,3.02206
364,0.343966,29.2133,125,"2026-03-14_MFXAB",1.98540068694864,NA,NA,NA,NA,NA,NA,NA,NA,NA,NA,NA,NA,NA,NA,NA,NA,NA,NA,NA,NA,NA,3.02206
365,0.344828,29.2133,125,"2026-03-14_MFXAB",1.98540068694864,NA,NA,NA,NA,NA,NA,NA,NA,NA,NA,NA,NA,NA,NA,NA,NA,NA,NA,NA,NA,NA,3.02206
366,0.34569,29.2133,125,"2026-03-14_MFXAB",1.98540068694864,NA,NA,NA,NA,NA,NA,NA,NA,NA,NA,NA,NA,NA,NA,NA,NA,NA,NA,NA,NA,NA,3.02206
367,0.346552,29.2133,125,"2026-03-14_MFXAB",1.98540068694864,NA,NA,NA,NA,NA,NA,NA,NA,NA,NA,NA,NA,NA,NA,NA,NA,NA,NA,NA,NA,NA,3.02206
368,0.347414,29.2133,125,"2026-03-14_MFXAB",1.98540068694864,NA,NA,NA,NA,NA,NA,NA,NA,NA,NA,NA,NA,NA,NA,NA,NA,NA,NA,NA,NA,NA,3.02206
369,0.348276,29.2133,125,"2026-03-14_MFXAB",1.98540068694864,NA,NA,NA,NA,NA,NA,NA,NA,NA,NA,NA,NA,NA,NA,NA,NA,NA,NA,NA,NA,NA,3.02206
370,0.349138,29.2133,125,"2026-03-14_MFXAB",1.98540068694864,NA,NA,NA,NA,NA,NA,NA,NA,NA,NA,NA,NA,NA,NA,NA,NA,NA,NA,NA,NA,NA,3.02206
371,0.35,29.2133,125,"2026-03-14_MFXAB",1.98540068694864,NA,NA,NA,NA,NA,NA,NA,NA,NA,NA,NA,NA,NA,NA,NA,NA,NA,NA,NA,NA,NA,3.02206
372,0.35,30.3386,125,"2026-03-14_MFXAB",1.84583579444773,NA,NA,NA,NA,NA,NA,NA,NA,NA,NA,NA,NA,NA,NA,NA,NA,NA,NA,NA,NA,NA,3.25056
373,0.350909,30.3386,125,"2026-03-14_MFXAB",1.84583579444773,NA,NA,NA,NA,NA,NA,NA,NA,NA,NA,NA,NA,NA,NA,NA,NA,NA,NA,NA,NA,NA,3.25056
374,0.351818,30.3386,126,"2026-03-14_MFXAB",1.84583579444773,NA,NA,NA,NA,NA,NA,NA,NA,NA,NA,NA,NA,NA,NA,NA,NA,NA,NA,NA,NA,NA,3.25056
375,0.352727,30.3386,125,"2026-03-14_MFXAB",1.84583579444773,NA,NA,NA,NA,NA,NA,NA,NA,NA,NA,NA,NA,NA,NA,NA,NA,NA,NA,NA,NA,NA,3.25056
376,0.353636,30.3386,125,"2026-03-14_MFXAB",1.84583579444773,NA,NA,NA,NA,NA,NA,NA,NA,NA,NA,NA,NA,NA,NA,NA,NA,NA,NA,NA,NA,NA,3.25056
377,0.354545,30.3386,124,"2026-03-14_MFXAB",1.84583579444773,NA,NA,NA,NA,NA,NA,NA,NA,NA,NA,NA,NA,NA,NA,NA,NA,NA,NA,NA,NA,NA,3.25056
378,0.355455,30.3386,124,"2026-03-14_MFXAB",1.84583579444773,NA,NA,NA,NA,NA,NA,NA,NA,NA,NA,NA,NA,NA,NA,NA,NA,NA,NA,NA,NA,NA,3.25056
379,0.356364,30.3386,124,"2026-03-14_MFXAB",1.84583579444773,NA,NA,NA,NA,NA,NA,NA,NA,NA,NA,NA,NA,NA,NA,NA,NA,NA,NA,NA,NA,NA,3.25056
380,0.357273,30.3386,124,"2026-03-14_MFXAB",1.84583579444773,NA,NA,NA,NA,NA,NA,NA,NA,NA,NA,NA,NA,NA,NA,NA,NA,NA,NA,NA,NA,NA,3.25056
381,0.358182,30.3386,124,"2026-03-14_MFXAB",1.84583579444773,NA,NA,NA,NA,NA,NA,NA,NA,NA,NA,NA,NA,NA,NA,NA,NA,NA,NA,NA,NA,NA,3.25056
382,0.359091,30.3386,125,"2026-03-14_MFXAB",1.84583579444773,NA,NA,NA,NA,NA,NA,NA,NA,NA,NA,NA,NA,NA,NA,NA,NA,NA,NA,NA,NA,NA,3.25056
383,0.36,30.3386,124,"2026-03-14_MFXAB",1.84583579444773,NA,NA,NA,NA,NA,NA,NA,NA,NA,NA,NA,NA,NA,NA,NA,NA,NA,NA,NA,NA,NA,3.25056
384,0.360909,30.3386,125,"2026-03-14_MFXAB",1.84583579444773,NA,NA,NA,NA,NA,NA,NA,NA,NA,NA,NA,NA,NA,NA,NA,NA,NA,NA,NA,NA,NA,3.25056
385,0.361818,30.3386,125,"2026-03-14_MFXAB",1.84583579444773,NA,NA,NA,NA,NA,NA,NA,NA,NA,NA,NA,NA,NA,NA,NA,NA,NA,NA,NA,NA,NA,3.25056
386,0.362727,30.3386,125,"2026-03-14_MFXAB",1.84583579444773,NA,NA,NA,NA,NA,NA,NA,NA,NA,NA,NA,NA,NA,NA,NA,NA,NA,NA,NA,NA,NA,3.25056
387,0.363636,30.3386,125,"2026-03-14_MFXAB",1.84583579444773,NA,NA,NA,NA,NA,NA,NA,NA,NA,NA,NA,NA,NA,NA,NA,NA,NA,NA,NA,NA,NA,3.25056
388,0.364545,30.3386,125,"2026-03-14_MFXAB",1.84583579444773,NA,NA,NA,NA,NA,NA,NA,NA,NA,NA,NA,NA,NA,NA,NA,NA,NA,NA,NA,NA,NA,3.25056
389,0.365455,30.3386,126,"2026-03-14_MFXAB",1.84583579444773,NA,NA,NA,NA,NA,NA,NA,NA,NA,NA,NA,NA,NA,NA,NA,NA,NA,NA,NA,NA,NA,3.25056
390,0.366364,30.3386,126,"2026-03-14_MFXAB",1.84583579444773,NA,NA,NA,NA,NA,NA,NA,NA,NA,NA,NA,NA,NA,NA,NA,NA,NA,NA,NA,NA,NA,3.25056
391,0.367273,30.3386,126,"2026-03-14_MFXAB",1.84583579444773,NA,NA,NA,NA,NA,NA,NA,NA,NA,NA,NA,NA,NA,NA,NA,NA,NA,NA,NA,NA,NA,3.25056
392,0.368182,30.3386,126,"2026-03-14_MFXAB",1.84583579444773,NA,NA,NA,NA,NA,NA,NA,NA,NA,NA,NA,NA,NA,NA,NA,NA,NA,NA,NA,NA,NA,3.25056
393,0.369091,30.3386,125,"2026-03-14_MFXAB",1.84583579444773,NA,NA,NA,NA,NA,NA,NA,NA,NA,NA,NA,NA,NA,NA,NA,NA,NA,NA,NA,NA,NA,3.25056
394,0.37,30.3386,126,"2026-03-14_MFXAB",1.84583579444773,NA,NA,NA,NA,NA,NA,NA,NA,NA,NA,NA,NA,NA,NA,NA,NA,NA,NA,NA,NA,NA,3.25056
395,0.370909,30.3386,126,"2026-03-14_MFXAB",1.84583579444773,NA,NA,NA,NA,NA,NA,NA,NA,NA,NA,NA,NA,NA,NA,NA,NA,NA,NA,NA,NA,NA,3.25056
396,0.371818,30.3386,126,"2026-03-14_MFXAB",1.84583579444773,NA,NA,NA,NA,NA,NA,NA,NA,NA,NA,NA,NA,NA,NA,NA,NA,NA,NA,NA,NA,NA,3.25056
397,0.372727,30.3386,125,"2026-03-14_MFXAB",1.84583579444773,NA,NA,NA,NA,NA,NA,NA,NA,NA,NA,NA,NA,NA,NA,NA,NA,NA,NA,NA,NA,NA,3.25056
398,0.373636,30.3386,126,"2026-03-14_MFXAB",1.84583579444773,NA,NA,NA,NA,NA,NA,NA,NA,NA,NA,NA,NA,NA,NA,NA,NA,NA,NA,NA,NA,NA,3.25056
399,0.374545,30.3386,126,"2026-03-14_MFXAB",1.84583579444773,NA,NA,NA,NA,NA,NA,NA,NA,NA,NA,NA,NA,NA,NA,NA,NA,NA,NA,NA,NA,NA,3.25056
400,0.375455,30.3386,125,"2026-03-14_MFXAB",1.84583579444773,NA,NA,NA,NA,NA,NA,NA,NA,NA,NA,NA,NA,NA,NA,NA,NA,NA,NA,NA,NA,NA,3.25056
401,0.376364,30.3386,126,"2026-03-14_MFXAB",1.84583579444773,NA,NA,NA,NA,NA,NA,NA,NA,NA,NA,NA,NA,NA,NA,NA,NA,NA,NA,NA,NA,NA,3.25056
402,0.377273,30.3386,125,"2026-03-14_MFXAB",1.84583579444773,NA,NA,NA,NA,NA,NA,NA,NA,NA,NA,NA,NA,NA,NA,NA,NA,NA,NA,NA,NA,NA,3.25056
403,0.378182,30.3386,125,"2026-03-14_MFXAB",1.84583579444773,NA,NA,NA,NA,NA,NA,NA,NA,NA,NA,NA,NA,NA,NA,NA,NA,NA,NA,NA,NA,NA,3.25056
404,0.379091,30.3386,125,"2026-03-14_MFXAB",1.84583579444773,NA,NA,NA,NA,NA,NA,NA,NA,NA,NA,NA,NA,NA,NA,NA,NA,NA,NA,NA,NA,NA,3.25056
405,0.38,30.3386,125,"2026-03-14_MFXAB",1.84583579444773,NA,NA,NA,NA,NA,NA,NA,NA,NA,NA,NA,NA,NA,NA,NA,NA,NA,NA,NA,NA,NA,3.25056
406,0.380909,30.3386,125,"2026-03-14_MFXAB",1.84583579444773,NA,NA,NA,NA,NA,NA,NA,NA,NA,NA,NA,NA,NA,NA,NA,NA,NA,NA,NA,NA,NA,3.25056
407,0.381818,30.3386,124,"2026-03-14_MFXAB",1.84583579444773,NA,NA,NA,NA,NA,NA,NA,NA,NA,NA,NA,NA,NA,NA,NA,NA,NA,NA,NA,NA,NA,3.25056
408,0.382727,30.3386,124,"2026-03-14_MFXAB",1.84583579444773,NA,NA,NA,NA,NA,NA,NA,NA,NA,NA,NA,NA,NA,NA,NA,NA,NA,NA,NA,NA,NA,3.25056
409,0.383636,30.3386,124,"2026-03-14_MFXAB",1.84583579444773,NA,NA,NA,NA,NA,NA,NA,NA,NA,NA,NA,NA,NA,NA,NA,NA,NA,NA,NA,NA,NA,3.25056
410,0.384545,30.3386,124,"2026-03-14_MFXAB",1.84583579444773,NA,NA,NA,NA,NA,NA,NA,NA,NA,NA,NA,NA,NA,NA,NA,NA,NA,NA,NA,NA,NA,3.25056
411,0.385455,30.3386,123,"2026-03-14_MFXAB",1.84583579444773,NA,NA,NA,NA,NA,NA,NA,NA,NA,NA,NA,NA,NA,NA,NA,NA,NA,NA,NA,NA,NA,3.25056
412,0.386364,30.3386,123,"2026-03-14_MFXAB",1.84583579444773,NA,NA,NA,NA,NA,NA,NA,NA,NA,NA,NA,NA,NA,NA,NA,NA,NA,NA,NA,NA,NA,3.25056
413,0.387273,30.3386,123,"2026-03-14_MFXAB",1.84583579444773,NA,NA,NA,NA,NA,NA,NA,NA,NA,NA,NA,NA,NA,NA,NA,NA,NA,NA,NA,NA,NA,3.25056
414,0.388182,30.3386,123,"2026-03-14_MFXAB",1.84583579444773,NA,NA,NA,NA,NA,NA,NA,NA,NA,NA,NA,NA,NA,NA,NA,NA,NA,NA,NA,NA,NA,3.25056
415,0.389091,30.3386,123,"2026-03-14_MFXAB",1.84583579444773,NA,NA,NA,NA,NA,NA,NA,NA,NA,NA,NA,NA,NA,NA,NA,NA,NA,NA,NA,NA,NA,3.25056
416,0.39,30.3386,122,"2026-03-14_MFXAB",1.84583579444773,NA,NA,NA,NA,NA,NA,NA,NA,NA,NA,NA,NA,NA,NA,NA,NA,NA,NA,NA,NA,NA,3.25056
417,0.390909,30.3386,122,"2026-03-14_MFXAB",1.84583579444773,NA,NA,NA,NA,NA,NA,NA,NA,NA,NA,NA,NA,NA,NA,NA,NA,NA,NA,NA,NA,NA,3.25056
418,0.391818,30.3386,122,"2026-03-14_MFXAB",1.84583579444773,NA,NA,NA,NA,NA,NA,NA,NA,NA,NA,NA,NA,NA,NA,NA,NA,NA,NA,NA,NA,NA,3.25056
419,0.392727,30.3386,122,"2026-03-14_MFXAB",1.84583579444773,NA,NA,NA,NA,NA,NA,NA,NA,NA,NA,NA,NA,NA,NA,NA,NA,NA,NA,NA,NA,NA,3.25056
420,0.393636,30.3386,123,"2026-03-14_MFXAB",1.84583579444773,NA,NA,NA,NA,NA,NA,NA,NA,NA,NA,NA,NA,NA,NA,NA,NA,NA,NA,NA,NA,NA,3.25056
421,0.394545,30.3386,122,"2026-03-14_MFXAB",1.84583579444773,NA,NA,NA,NA,NA,NA,NA,NA,NA,NA,NA,NA,NA,NA,NA,NA,NA,NA,NA,NA,NA,3.25056
422,0.395455,30.3386,123,"2026-03-14_MFXAB",1.84583579444773,NA,NA,NA,NA,NA,NA,NA,NA,NA,NA,NA,NA,NA,NA,NA,NA,NA,NA,NA,NA,NA,3.25056
423,0.396364,30.3386,123,"2026-03-14_MFXAB",1.84583579444773,NA,NA,NA,NA,NA,NA,NA,NA,NA,NA,NA,NA,NA,NA,NA,NA,NA,NA,NA,NA,NA,3.25056
424,0.397273,30.3386,123,"2026-03-14_MFXAB",1.84583579444773,NA,NA,NA,NA,NA,NA,NA,NA,NA,NA,NA,NA,NA,NA,NA,NA,NA,NA,NA,NA,NA,3.25056
425,0.398182,30.3386,123,"2026-03-14_MFXAB",1.84583579444773,NA,NA,NA,NA,NA,NA,NA,NA,NA,NA,NA,NA,NA,NA,NA,NA,NA,NA,NA,NA,NA,3.25056
426,0.399091,30.3386,124,"2026-03-14_MFXAB",1.84583579444773,NA,NA,NA,NA,NA,NA,NA,NA,NA,NA,NA,NA,NA,NA,NA,NA,NA,NA,NA,NA,NA,3.25056
427,0.4,30.3386,124,"2026-03-14_MFXAB",1.84583579444773,NA,NA,NA,NA,NA,NA,NA,NA,NA,NA,NA,NA,NA,NA,NA,NA,NA,NA,NA,NA,NA,3.25056
428,0.4,30.4072,124,"2026-03-14_MFXAB",1.84166584814851,NA,NA,NA,NA,NA,NA,NA,NA,NA,NA,NA,NA,NA,NA,NA,NA,NA,NA,NA,NA,NA,3.25792
429,0.400926,30.4072,123,"2026-03-14_MFXAB",1.84166584814851,NA,NA,NA,NA,NA,NA,NA,NA,NA,NA,NA,NA,NA,NA,NA,NA,NA,NA,NA,NA,NA,3.25792
430,0.401852,30.4072,123,"2026-03-14_MFXAB",1.84166584814851,NA,NA,NA,NA,NA,NA,NA,NA,NA,NA,NA,NA,NA,NA,NA,NA,NA,NA,NA,NA,NA,3.25792
431,0.402778,30.4072,123,"2026-03-14_MFXAB",1.84166584814851,NA,NA,NA,NA,NA,NA,NA,NA,NA,NA,NA,NA,NA,NA,NA,NA,NA,NA,NA,NA,NA,3.25792
432,0.403704,30.4072,122,"2026-03-14_MFXAB",1.84166584814851,NA,NA,NA,NA,NA,NA,NA,NA,NA,NA,NA,NA,NA,NA,NA,NA,NA,NA,NA,NA,NA,3.25792
433,0.40463,30.4072,122,"2026-03-14_MFXAB",1.84166584814851,NA,NA,NA,NA,NA,NA,NA,NA,NA,NA,NA,NA,NA,NA,NA,NA,NA,NA,NA,NA,NA,3.25792
434,0.405556,30.4072,122,"2026-03-14_MFXAB",1.84166584814851,NA,NA,NA,NA,NA,NA,NA,NA,NA,NA,NA,NA,NA,NA,NA,NA,NA,NA,NA,NA,NA,3.25792
435,0.406481,30.4072,121,"2026-03-14_MFXAB",1.84166584814851,NA,NA,NA,NA,NA,NA,NA,NA,NA,NA,NA,NA,NA,NA,NA,NA,NA,NA,NA,NA,NA,3.25792
436,0.407407,30.4072,121,"2026-03-14_MFXAB",1.84166584814851,NA,NA,NA,NA,NA,NA,NA,NA,NA,NA,NA,NA,NA,NA,NA,NA,NA,NA,NA,NA,NA,3.25792
437,0.408333,30.4072,121,"2026-03-14_MFXAB",1.84166584814851,NA,NA,NA,NA,NA,NA,NA,NA,NA,NA,NA,NA,NA,NA,NA,NA,NA,NA,NA,NA,NA,3.25792
438,0.409259,30.4072,121,"2026-03-14_MFXAB",1.84166584814851,NA,NA,NA,NA,NA,NA,NA,NA,NA,NA,NA,NA,NA,NA,NA,NA,NA,NA,NA,NA,NA,3.25792
439,0.410185,30.4072,121,"2026-03-14_MFXAB",1.84166584814851,NA,NA,NA,NA,NA,NA,NA,NA,NA,NA,NA,NA,NA,NA,NA,NA,NA,NA,NA,NA,NA,3.25792
440,0.411111,30.4072,122,"2026-03-14_MFXAB",1.84166584814851,NA,NA,NA,NA,NA,NA,NA,NA,NA,NA,NA,NA,NA,NA,NA,NA,NA,NA,NA,NA,NA,3.25792
441,0.412037,30.4072,122,"2026-03-14_MFXAB",1.84166584814851,NA,NA,NA,NA,NA,NA,NA,NA,NA,NA,NA,NA,NA,NA,NA,NA,NA,NA,NA,NA,NA,3.25792
442,0.412963,30.4072,122,"2026-03-14_MFXAB",1.84166584814851,NA,NA,NA,NA,NA,NA,NA,NA,NA,NA,NA,NA,NA,NA,NA,NA,NA,NA,NA,NA,NA,3.25792
443,0.413889,30.4072,122,"2026-03-14_MFXAB",1.84166584814851,NA,NA,NA,NA,NA,NA,NA,NA,NA,NA,NA,NA,NA,NA,NA,NA,NA,NA,NA,NA,NA,3.25792
444,0.414815,30.4072,122,"2026-03-14_MFXAB",1.84166584814851,NA,NA,NA,NA,NA,NA,NA,NA,NA,NA,NA,NA,NA,NA,NA,NA,NA,NA,NA,NA,NA,3.25792
445,0.415741,30.4072,121,"2026-03-14_MFXAB",1.84166584814851,NA,NA,NA,NA,NA,NA,NA,NA,NA,NA,NA,NA,NA,NA,NA,NA,NA,NA,NA,NA,NA,3.25792
446,0.416667,30.4072,121,"2026-03-14_MFXAB",1.84166584814851,NA,NA,NA,NA,NA,NA,NA,NA,NA,NA,NA,NA,NA,NA,NA,NA,NA,NA,NA,NA,NA,3.25792
447,0.417593,30.4072,121,"2026-03-14_MFXAB",1.84166584814851,NA,NA,NA,NA,NA,NA,NA,NA,NA,NA,NA,NA,NA,NA,NA,NA,NA,NA,NA,NA,NA,3.25792
448,0.418519,30.4072,121,"2026-03-14_MFXAB",1.84166584814851,NA,NA,NA,NA,NA,NA,NA,NA,NA,NA,NA,NA,NA,NA,NA,NA,NA,NA,NA,NA,NA,3.25792
449,0.419444,30.4072,121,"2026-03-14_MFXAB",1.84166584814851,NA,NA,NA,NA,NA,NA,NA,NA,NA,NA,NA,NA,NA,NA,NA,NA,NA,NA,NA,NA,NA,3.25792
450,0.42037,30.4072,122,"2026-03-14_MFXAB",1.84166584814851,NA,NA,NA,NA,NA,NA,NA,NA,NA,NA,NA,NA,NA,NA,NA,NA,NA,NA,NA,NA,NA,3.25792
451,0.421296,30.4072,122,"2026-03-14_MFXAB",1.84166584814851,NA,NA,NA,NA,NA,NA,NA,NA,NA,NA,NA,NA,NA,NA,NA,NA,NA,NA,NA,NA,NA,3.25792
452,0.422222,30.4072,122,"2026-03-14_MFXAB",1.84166584814851,NA,NA,NA,NA,NA,NA,NA,NA,NA,NA,NA,NA,NA,NA,NA,NA,NA,NA,NA,NA,NA,3.25792
453,0.423148,30.4072,122,"2026-03-14_MFXAB",1.84166584814851,NA,NA,NA,NA,NA,NA,NA,NA,NA,NA,NA,NA,NA,NA,NA,NA,NA,NA,NA,NA,NA,3.25792
454,0.424074,30.4072,122,"2026-03-14_MFXAB",1.84166584814851,NA,NA,NA,NA,NA,NA,NA,NA,NA,NA,NA,NA,NA,NA,NA,NA,NA,NA,NA,NA,NA,3.25792
455,0.425,30.4072,123,"2026-03-14_MFXAB",1.84166584814851,NA,NA,NA,NA,NA,NA,NA,NA,NA,NA,NA,NA,NA,NA,NA,NA,NA,NA,NA,NA,NA,3.25792
456,0.425926,30.4072,123,"2026-03-14_MFXAB",1.84166584814851,NA,NA,NA,NA,NA,NA,NA,NA,NA,NA,NA,NA,NA,NA,NA,NA,NA,NA,NA,NA,NA,3.25792
457,0.426852,30.4072,123,"2026-03-14_MFXAB",1.84166584814851,NA,NA,NA,NA,NA,NA,NA,NA,NA,NA,NA,NA,NA,NA,NA,NA,NA,NA,NA,NA,NA,3.25792
458,0.427778,30.4072,124,"2026-03-14_MFXAB",1.84166584814851,NA,NA,NA,NA,NA,NA,NA,NA,NA,NA,NA,NA,NA,NA,NA,NA,NA,NA,NA,NA,NA,3.25792
459,0.428704,30.4072,124,"2026-03-14_MFXAB",1.84166584814851,NA,NA,NA,NA,NA,NA,NA,NA,NA,NA,NA,NA,NA,NA,NA,NA,NA,NA,NA,NA,NA,3.25792
460,0.42963,30.4072,124,"2026-03-14_MFXAB",1.84166584814851,NA,NA,NA,NA,NA,NA,NA,NA,NA,NA,NA,NA,NA,NA,NA,NA,NA,NA,NA,NA,NA,3.25792
461,0.430556,30.4072,124,"2026-03-14_MFXAB",1.84166584814851,NA,NA,NA,NA,NA,NA,NA,NA,NA,NA,NA,NA,NA,NA,NA,NA,NA,NA,NA,NA,NA,3.25792
462,0.431481,30.4072,124,"2026-03-14_MFXAB",1.84166584814851,NA,NA,NA,NA,NA,NA,NA,NA,NA,NA,NA,NA,NA,NA,NA,NA,NA,NA,NA,NA,NA,3.25792
463,0.432407,30.4072,125,"2026-03-14_MFXAB",1.84166584814851,NA,NA,NA,NA,NA,NA,NA,NA,NA,NA,NA,NA,NA,NA,NA,NA,NA,NA,NA,NA,NA,3.25792
464,0.433333,30.4072,125,"2026-03-14_MFXAB",1.84166584814851,NA,NA,NA,NA,NA,NA,NA,NA,NA,NA,NA,NA,NA,NA,NA,NA,NA,NA,NA,NA,NA,3.25792
465,0.434259,30.4072,125,"2026-03-14_MFXAB",1.84166584814851,NA,NA,NA,NA,NA,NA,NA,NA,NA,NA,NA,NA,NA,NA,NA,NA,NA,NA,NA,NA,NA,3.25792
466,0.435185,30.4072,125,"2026-03-14_MFXAB",1.84166584814851,NA,NA,NA,NA,NA,NA,NA,NA,NA,NA,NA,NA,NA,NA,NA,NA,NA,NA,NA,NA,NA,3.25792
467,0.436111,30.4072,126,"2026-03-14_MFXAB",1.84166584814851,NA,NA,NA,NA,NA,NA,NA,NA,NA,NA,NA,NA,NA,NA,NA,NA,NA,NA,NA,NA,NA,3.25792
468,0.437037,30.4072,125,"2026-03-14_MFXAB",1.84166584814851,NA,NA,NA,NA,NA,NA,NA,NA,NA,NA,NA,NA,NA,NA,NA,NA,NA,NA,NA,NA,NA,3.25792
469,0.437963,30.4072,125,"2026-03-14_MFXAB",1.84166584814851,NA,NA,NA,NA,NA,NA,NA,NA,NA,NA,NA,NA,NA,NA,NA,NA,NA,NA,NA,NA,NA,3.25792
470,0.438889,30.4072,125,"2026-03-14_MFXAB",1.84166584814851,NA,NA,NA,NA,NA,NA,NA,NA,NA,NA,NA,NA,NA,NA,NA,NA,NA,NA,NA,NA,NA,3.25792
471,0.439815,30.4072,125,"2026-03-14_MFXAB",1.84166584814851,NA,NA,NA,NA,NA,NA,NA,NA,NA,NA,NA,NA,NA,NA,NA,NA,NA,NA,NA,NA,NA,3.25792
472,0.440741,30.4072,125,"2026-03-14_MFXAB",1.84166584814851,NA,NA,NA,NA,NA,NA,NA,NA,NA,NA,NA,NA,NA,NA,NA,NA,NA,NA,NA,NA,NA,3.25792
473,0.441667,30.4072,125,"2026-03-14_MFXAB",1.84166584814851,NA,NA,NA,NA,NA,NA,NA,NA,NA,NA,NA,NA,NA,NA,NA,NA,NA,NA,NA,NA,NA,3.25792
474,0.442593,30.4072,125,"2026-03-14_MFXAB",1.84166584814851,NA,NA,NA,NA,NA,NA,NA,NA,NA,NA,NA,NA,NA,NA,NA,NA,NA,NA,NA,NA,NA,3.25792
475,0.443519,30.4072,125,"2026-03-14_MFXAB",1.84166584814851,NA,NA,NA,NA,NA,NA,NA,NA,NA,NA,NA,NA,NA,NA,NA,NA,NA,NA,NA,NA,NA,3.25792
476,0.444444,30.4072,125,"2026-03-14_MFXAB",1.84166584814851,NA,NA,NA,NA,NA,NA,NA,NA,NA,NA,NA,NA,NA,NA,NA,NA,NA,NA,NA,NA,NA,3.25792
477,0.44537,30.4072,124,"2026-03-14_MFXAB",1.84166584814851,NA,NA,NA,NA,NA,NA,NA,NA,NA,NA,NA,NA,NA,NA,NA,NA,NA,NA,NA,NA,NA,3.25792
478,0.446296,30.4072,124,"2026-03-14_MFXAB",1.84166584814851,NA,NA,NA,NA,NA,NA,NA,NA,NA,NA,NA,NA,NA,NA,NA,NA,NA,NA,NA,NA,NA,3.25792
479,0.447222,30.4072,124,"2026-03-14_MFXAB",1.84166584814851,NA,NA,NA,NA,NA,NA,NA,NA,NA,NA,NA,NA,NA,NA,NA,NA,NA,NA,NA,NA,NA,3.25792
480,0.448148,30.4072,124,"2026-03-14_MFXAB",1.84166584814851,NA,NA,NA,NA,NA,NA,NA,NA,NA,NA,NA,NA,NA,NA,NA,NA,NA,NA,NA,NA,NA,3.25792
481,0.449074,30.4072,124,"2026-03-14_MFXAB",1.84166584814851,NA,NA,NA,NA,NA,NA,NA,NA,NA,NA,NA,NA,NA,NA,NA,NA,NA,NA,NA,NA,NA,3.25792
482,0.45,30.4072,124,"2026-03-14_MFXAB",1.84166584814851,NA,NA,NA,NA,NA,NA,NA,NA,NA,NA,NA,NA,NA,NA,NA,NA,NA,NA,NA,NA,NA,3.25792
483,0.45,30.6608,124,"2026-03-14_MFXAB",1.89166438090554,NA,NA,NA,NA,NA,NA,NA,NA,NA,NA,NA,NA,NA,NA,NA,NA,NA,NA,NA,NA,NA,3.17181
484,0.450893,30.6608,124,"2026-03-14_MFXAB",1.89166438090554,NA,NA,NA,NA,NA,NA,NA,NA,NA,NA,NA,NA,NA,NA,NA,NA,NA,NA,NA,NA,NA,3.17181
485,0.451786,30.6608,123,"2026-03-14_MFXAB",1.89166438090554,NA,NA,NA,NA,NA,NA,NA,NA,NA,NA,NA,NA,NA,NA,NA,NA,NA,NA,NA,NA,NA,3.17181
486,0.452679,30.6608,123,"2026-03-14_MFXAB",1.89166438090554,NA,NA,NA,NA,NA,NA,NA,NA,NA,NA,NA,NA,NA,NA,NA,NA,NA,NA,NA,NA,NA,3.17181
487,0.453571,30.6608,123,"2026-03-14_MFXAB",1.89166438090554,NA,NA,NA,NA,NA,NA,NA,NA,NA,NA,NA,NA,NA,NA,NA,NA,NA,NA,NA,NA,NA,3.17181
488,0.454464,30.6608,122,"2026-03-14_MFXAB",1.89166438090554,NA,NA,NA,NA,NA,NA,NA,NA,NA,NA,NA,NA,NA,NA,NA,NA,NA,NA,NA,NA,NA,3.17181
489,0.455357,30.6608,121,"2026-03-14_MFXAB",1.89166438090554,NA,NA,NA,NA,NA,NA,NA,NA,NA,NA,NA,NA,NA,NA,NA,NA,NA,NA,NA,NA,NA,3.17181
490,0.45625,30.6608,120,"2026-03-14_MFXAB",1.89166438090554,NA,NA,NA,NA,NA,NA,NA,NA,NA,NA,NA,NA,NA,NA,NA,NA,NA,NA,NA,NA,NA,3.17181
491,0.457143,30.6608,120,"2026-03-14_MFXAB",1.89166438090554,NA,NA,NA,NA,NA,NA,NA,NA,NA,NA,NA,NA,NA,NA,NA,NA,NA,NA,NA,NA,NA,3.17181
492,0.458036,30.6608,120,"2026-03-14_MFXAB",1.89166438090554,NA,NA,NA,NA,NA,NA,NA,NA,NA,NA,NA,NA,NA,NA,NA,NA,NA,NA,NA,NA,NA,3.17181
493,0.458929,30.6608,119,"2026-03-14_MFXAB",1.89166438090554,NA,NA,NA,NA,NA,NA,NA,NA,NA,NA,NA,NA,NA,NA,NA,NA,NA,NA,NA,NA,NA,3.17181
494,0.459821,30.6608,119,"2026-03-14_MFXAB",1.89166438090554,NA,NA,NA,NA,NA,NA,NA,NA,NA,NA,NA,NA,NA,NA,NA,NA,NA,NA,NA,NA,NA,3.17181
495,0.460714,30.6608,120,"2026-03-14_MFXAB",1.89166438090554,NA,NA,NA,NA,NA,NA,NA,NA,NA,NA,NA,NA,NA,NA,NA,NA,NA,NA,NA,NA,NA,3.17181
496,0.461607,30.6608,120,"2026-03-14_MFXAB",1.89166438090554,NA,NA,NA,NA,NA,NA,NA,NA,NA,NA,NA,NA,NA,NA,NA,NA,NA,NA,NA,NA,NA,3.17181
497,0.4625,30.6608,120,"2026-03-14_MFXAB",1.89166438090554,NA,NA,NA,NA,NA,NA,NA,NA,NA,NA,NA,NA,NA,NA,NA,NA,NA,NA,NA,NA,NA,3.17181
498,0.463393,30.6608,120,"2026-03-14_MFXAB",1.89166438090554,NA,NA,NA,NA,NA,NA,NA,NA,NA,NA,NA,NA,NA,NA,NA,NA,NA,NA,NA,NA,NA,3.17181
499,0.464286,30.6608,119,"2026-03-14_MFXAB",1.89166438090554,NA,NA,NA,NA,NA,NA,NA,NA,NA,NA,NA,NA,NA,NA,NA,NA,NA,NA,NA,NA,NA,3.17181
500,0.465179,30.6608,119,"2026-03-14_MFXAB",1.89166438090554,NA,NA,NA,NA,NA,NA,NA,NA,NA,NA,NA,NA,NA,NA,NA,NA,NA,NA,NA,NA,NA,3.17181
501,0.466071,30.6608,119,"2026-03-14_MFXAB",1.89166438090554,NA,NA,NA,NA,NA,NA,NA,NA,NA,NA,NA,NA,NA,NA,NA,NA,NA,NA,NA,NA,NA,3.17181
502,0.466964,30.6608,118,"2026-03-14_MFXAB",1.89166438090554,NA,NA,NA,NA,NA,NA,NA,NA,NA,NA,NA,NA,NA,NA,NA,NA,NA,NA,NA,NA,NA,3.17181
503,0.467857,30.6608,118,"2026-03-14_MFXAB",1.89166438090554,NA,NA,NA,NA,NA,NA,NA,NA,NA,NA,NA,NA,NA,NA,NA,NA,NA,NA,NA,NA,NA,3.17181
504,0.46875,30.6608,118,"2026-03-14_MFXAB",1.89166438090554,NA,NA,NA,NA,NA,NA,NA,NA,NA,NA,NA,NA,NA,NA,NA,NA,NA,NA,NA,NA,NA,3.17181
505,0.469643,30.6608,118,"2026-03-14_MFXAB",1.89166438090554,NA,NA,NA,NA,NA,NA,NA,NA,NA,NA,NA,NA,NA,NA,NA,NA,NA,NA,NA,NA,NA,3.17181
506,0.470536,30.6608,118,"2026-03-14_MFXAB",1.89166438090554,NA,NA,NA,NA,NA,NA,NA,NA,NA,NA,NA,NA,NA,NA,NA,NA,NA,NA,NA,NA,NA,3.17181
507,0.471429,30.6608,118,"2026-03-14_MFXAB",1.89166438090554,NA,NA,NA,NA,NA,NA,NA,NA,NA,NA,NA,NA,NA,NA,NA,NA,NA,NA,NA,NA,NA,3.17181
508,0.472321,30.6608,118,"2026-03-14_MFXAB",1.89166438090554,NA,NA,NA,NA,NA,NA,NA,NA,NA,NA,NA,NA,NA,NA,NA,NA,NA,NA,NA,NA,NA,3.17181
509,0.473214,30.6608,118,"2026-03-14_MFXAB",1.89166438090554,NA,NA,NA,NA,NA,NA,NA,NA,NA,NA,NA,NA,NA,NA,NA,NA,NA,NA,NA,NA,NA,3.17181
510,0.474107,30.6608,118,"2026-03-14_MFXAB",1.89166438090554,NA,NA,NA,NA,NA,NA,NA,NA,NA,NA,NA,NA,NA,NA,NA,NA,NA,NA,NA,NA,NA,3.17181
511,0.475,30.6608,117,"2026-03-14_MFXAB",1.89166438090554,NA,NA,NA,NA,NA,NA,NA,NA,NA,NA,NA,NA,NA,NA,NA,NA,NA,NA,NA,NA,NA,3.17181
512,0.475893,30.6608,117,"2026-03-14_MFXAB",1.89166438090554,NA,NA,NA,NA,NA,NA,NA,NA,NA,NA,NA,NA,NA,NA,NA,NA,NA,NA,NA,NA,NA,3.17181
513,0.476786,30.6608,117,"2026-03-14_MFXAB",1.89166438090554,NA,NA,NA,NA,NA,NA,NA,NA,NA,NA,NA,NA,NA,NA,NA,NA,NA,NA,NA,NA,NA,3.17181
514,0.477679,30.6608,117,"2026-03-14_MFXAB",1.89166438090554,NA,NA,NA,NA,NA,NA,NA,NA,NA,NA,NA,NA,NA,NA,NA,NA,NA,NA,NA,NA,NA,3.17181
515,0.478571,30.6608,118,"2026-03-14_MFXAB",1.89166438090554,NA,NA,NA,NA,NA,NA,NA,NA,NA,NA,NA,NA,NA,NA,NA,NA,NA,NA,NA,NA,NA,3.17181
516,0.479464,30.6608,117,"2026-03-14_MFXAB",1.89166438090554,NA,NA,NA,NA,NA,NA,NA,NA,NA,NA,NA,NA,NA,NA,NA,NA,NA,NA,NA,NA,NA,3.17181
517,0.480357,30.6608,117,"2026-03-14_MFXAB",1.89166438090554,NA,NA,NA,NA,NA,NA,NA,NA,NA,NA,NA,NA,NA,NA,NA,NA,NA,NA,NA,NA,NA,3.17181
518,0.48125,30.6608,118,"2026-03-14_MFXAB",1.89166438090554,NA,NA,NA,NA,NA,NA,NA,NA,NA,NA,NA,NA,NA,NA,NA,NA,NA,NA,NA,NA,NA,3.17181
519,0.482143,30.6608,118,"2026-03-14_MFXAB",1.89166438090554,NA,NA,NA,NA,NA,NA,NA,NA,NA,NA,NA,NA,NA,NA,NA,NA,NA,NA,NA,NA,NA,3.17181
520,0.483036,30.6608,117,"2026-03-14_MFXAB",1.89166438090554,NA,NA,NA,NA,NA,NA,NA,NA,NA,NA,NA,NA,NA,NA,NA,NA,NA,NA,NA,NA,NA,3.17181
521,0.483929,30.6608,117,"2026-03-14_MFXAB",1.89166438090554,NA,NA,NA,NA,NA,NA,NA,NA,NA,NA,NA,NA,NA,NA,NA,NA,NA,NA,NA,NA,NA,3.17181
522,0.484821,30.6608,117,"2026-03-14_MFXAB",1.89166438090554,NA,NA,NA,NA,NA,NA,NA,NA,NA,NA,NA,NA,NA,NA,NA,NA,NA,NA,NA,NA,NA,3.17181
523,0.485714,30.6608,118,"2026-03-14_MFXAB",1.89166438090554,NA,NA,NA,NA,NA,NA,NA,NA,NA,NA,NA,NA,NA,NA,NA,NA,NA,NA,NA,NA,NA,3.17181
524,0.486607,30.6608,118,"2026-03-14_MFXAB",1.89166438090554,NA,NA,NA,NA,NA,NA,NA,NA,NA,NA,NA,NA,NA,NA,NA,NA,NA,NA,NA,NA,NA,3.17181
525,0.4875,30.6608,118,"2026-03-14_MFXAB",1.89166438090554,NA,NA,NA,NA,NA,NA,NA,NA,NA,NA,NA,NA,NA,NA,NA,NA,NA,NA,NA,NA,NA,3.17181
526,0.488393,30.6608,117,"2026-03-14_MFXAB",1.89166438090554,NA,NA,NA,NA,NA,NA,NA,NA,NA,NA,NA,NA,NA,NA,NA,NA,NA,NA,NA,NA,NA,3.17181
527,0.489286,30.6608,117,"2026-03-14_MFXAB",1.89166438090554,NA,NA,NA,NA,NA,NA,NA,NA,NA,NA,NA,NA,NA,NA,NA,NA,NA,NA,NA,NA,NA,3.17181
528,0.490179,30.6608,117,"2026-03-14_MFXAB",1.89166438090554,NA,NA,NA,NA,NA,NA,NA,NA,NA,NA,NA,NA,NA,NA,NA,NA,NA,NA,NA,NA,NA,3.17181
529,0.491071,30.6608,117,"2026-03-14_MFXAB",1.89166438090554,NA,NA,NA,NA,NA,NA,NA,NA,NA,NA,NA,NA,NA,NA,NA,NA,NA,NA,NA,NA,NA,3.17181
530,0.491964,30.6608,118,"2026-03-14_MFXAB",1.89166438090554,NA,NA,NA,NA,NA,NA,NA,NA,NA,NA,NA,NA,NA,NA,NA,NA,NA,NA,NA,NA,NA,3.17181
531,0.492857,30.6608,117,"2026-03-14_MFXAB",1.89166438090554,NA,NA,NA,NA,NA,NA,NA,NA,NA,NA,NA,NA,NA,NA,NA,NA,NA,NA,NA,NA,NA,3.17181
532,0.49375,30.6608,117,"2026-03-14_MFXAB",1.89166438090554,NA,NA,NA,NA,NA,NA,NA,NA,NA,NA,NA,NA,NA,NA,NA,NA,NA,NA,NA,NA,NA,3.17181
533,0.494643,30.6608,118,"2026-03-14_MFXAB",1.89166438090554,NA,NA,NA,NA,NA,NA,NA,NA,NA,NA,NA,NA,NA,NA,NA,NA,NA,NA,NA,NA,NA,3.17181
534,0.495536,30.6608,117,"2026-03-14_MFXAB",1.89166438090554,NA,NA,NA,NA,NA,NA,NA,NA,NA,NA,NA,NA,NA,NA,NA,NA,NA,NA,NA,NA,NA,3.17181
535,0.496429,30.6608,117,"2026-03-14_MFXAB",1.89166438090554,NA,NA,NA,NA,NA,NA,NA,NA,NA,NA,NA,NA,NA,NA,NA,NA,NA,NA,NA,NA,NA,3.17181
536,0.497321,30.6608,118,"2026-03-14_MFXAB",1.89166438090554,NA,NA,NA,NA,NA,NA,NA,NA,NA,NA,NA,NA,NA,NA,NA,NA,NA,NA,NA,NA,NA,3.17181
537,0.498214,30.6608,118,"2026-03-14_MFXAB",1.89166438090554,NA,NA,NA,NA,NA,NA,NA,NA,NA,NA,NA,NA,NA,NA,NA,NA,NA,NA,NA,NA,NA,3.17181
538,0.499107,30.6608,118,"2026-03-14_MFXAB",1.89166438090554,NA,NA,NA,NA,NA,NA,NA,NA,NA,NA,NA,NA,NA,NA,NA,NA,NA,NA,NA,NA,NA,3.17181
539,0.5,30.6608,118,"2026-03-14_MFXAB",1.89166438090554,NA,NA,NA,NA,NA,NA,NA,NA,NA,NA,NA,NA,NA,NA,NA,NA,NA,NA,NA,NA,NA,3.17181
540,0.5,30.3797,118,"2026-03-14_MFXAB",1.97500304479636,NA,NA,NA,NA,NA,NA,NA,NA,NA,NA,NA,NA,NA,NA,NA,NA,NA,NA,NA,NA,NA,3.03797
541,0.500862,30.3797,118,"2026-03-14_MFXAB",1.97500304479636,NA,NA,NA,NA,NA,NA,NA,NA,NA,NA,NA,NA,NA,NA,NA,NA,NA,NA,NA,NA,NA,3.03797
542,0.501724,30.3797,118,"2026-03-14_MFXAB",1.97500304479636,NA,NA,NA,NA,NA,NA,NA,NA,NA,NA,NA,NA,NA,NA,NA,NA,NA,NA,NA,NA,NA,3.03797
543,0.502586,30.3797,118,"2026-03-14_MFXAB",1.97500304479636,NA,NA,NA,NA,NA,NA,NA,NA,NA,NA,NA,NA,NA,NA,NA,NA,NA,NA,NA,NA,NA,3.03797
544,0.503448,30.3797,118,"2026-03-14_MFXAB",1.97500304479636,NA,NA,NA,NA,NA,NA,NA,NA,NA,NA,NA,NA,NA,NA,NA,NA,NA,NA,NA,NA,NA,3.03797
545,0.50431,30.3797,119,"2026-03-14_MFXAB",1.97500304479636,NA,NA,NA,NA,NA,NA,NA,NA,NA,NA,NA,NA,NA,NA,NA,NA,NA,NA,NA,NA,NA,3.03797
546,0.505172,30.3797,120,"2026-03-14_MFXAB",1.97500304479636,NA,NA,NA,NA,NA,NA,NA,NA,NA,NA,NA,NA,NA,NA,NA,NA,NA,NA,NA,NA,NA,3.03797
547,0.506034,30.3797,119,"2026-03-14_MFXAB",1.97500304479636,NA,NA,NA,NA,NA,NA,NA,NA,NA,NA,NA,NA,NA,NA,NA,NA,NA,NA,NA,NA,NA,3.03797
548,0.506897,30.3797,119,"2026-03-14_MFXAB",1.97500304479636,NA,NA,NA,NA,NA,NA,NA,NA,NA,NA,NA,NA,NA,NA,NA,NA,NA,NA,NA,NA,NA,3.03797
549,0.507759,30.3797,118,"2026-03-14_MFXAB",1.97500304479636,NA,NA,NA,NA,NA,NA,NA,NA,NA,NA,NA,NA,NA,NA,NA,NA,NA,NA,NA,NA,NA,3.03797
550,0.508621,30.3797,118,"2026-03-14_MFXAB",1.97500304479636,NA,NA,NA,NA,NA,NA,NA,NA,NA,NA,NA,NA,NA,NA,NA,NA,NA,NA,NA,NA,NA,3.03797
551,0.509483,30.3797,118,"2026-03-14_MFXAB",1.97500304479636,NA,NA,NA,NA,NA,NA,NA,NA,NA,NA,NA,NA,NA,NA,NA,NA,NA,NA,NA,NA,NA,3.03797
552,0.510345,30.3797,118,"2026-03-14_MFXAB",1.97500304479636,NA,NA,NA,NA,NA,NA,NA,NA,NA,NA,NA,NA,NA,NA,NA,NA,NA,NA,NA,NA,NA,3.03797
553,0.511207,30.3797,119,"2026-03-14_MFXAB",1.97500304479636,NA,NA,NA,NA,NA,NA,NA,NA,NA,NA,NA,NA,NA,NA,NA,NA,NA,NA,NA,NA,NA,3.03797
554,0.512069,30.3797,119,"2026-03-14_MFXAB",1.97500304479636,NA,NA,NA,NA,NA,NA,NA,NA,NA,NA,NA,NA,NA,NA,NA,NA,NA,NA,NA,NA,NA,3.03797
555,0.512931,30.3797,119,"2026-03-14_MFXAB",1.97500304479636,NA,NA,NA,NA,NA,NA,NA,NA,NA,NA,NA,NA,NA,NA,NA,NA,NA,NA,NA,NA,NA,3.03797
556,0.513793,30.3797,119,"2026-03-14_MFXAB",1.97500304479636,NA,NA,NA,NA,NA,NA,NA,NA,NA,NA,NA,NA,NA,NA,NA,NA,NA,NA,NA,NA,NA,3.03797
557,0.514655,30.3797,119,"2026-03-14_MFXAB",1.97500304479636,NA,NA,NA,NA,NA,NA,NA,NA,NA,NA,NA,NA,NA,NA,NA,NA,NA,NA,NA,NA,NA,3.03797
558,0.515517,30.3797,119,"2026-03-14_MFXAB",1.97500304479636,NA,NA,NA,NA,NA,NA,NA,NA,NA,NA,NA,NA,NA,NA,NA,NA,NA,NA,NA,NA,NA,3.03797
559,0.516379,30.3797,119,"2026-03-14_MFXAB",1.97500304479636,NA,NA,NA,NA,NA,NA,NA,NA,NA,NA,NA,NA,NA,NA,NA,NA,NA,NA,NA,NA,NA,3.03797
560,0.517241,30.3797,120,"2026-03-14_MFXAB",1.97500304479636,NA,NA,NA,NA,NA,NA,NA,NA,NA,NA,NA,NA,NA,NA,NA,NA,NA,NA,NA,NA,NA,3.03797
561,0.518103,30.3797,120,"2026-03-14_MFXAB",1.97500304479636,NA,NA,NA,NA,NA,NA,NA,NA,NA,NA,NA,NA,NA,NA,NA,NA,NA,NA,NA,NA,NA,3.03797
562,0.518966,30.3797,121,"2026-03-14_MFXAB",1.97500304479636,NA,NA,NA,NA,NA,NA,NA,NA,NA,NA,NA,NA,NA,NA,NA,NA,NA,NA,NA,NA,NA,3.03797
563,0.519828,30.3797,121,"2026-03-14_MFXAB",1.97500304479636,NA,NA,NA,NA,NA,NA,NA,NA,NA,NA,NA,NA,NA,NA,NA,NA,NA,NA,NA,NA,NA,3.03797
564,0.52069,30.3797,121,"2026-03-14_MFXAB",1.97500304479636,NA,NA,NA,NA,NA,NA,NA,NA,NA,NA,NA,NA,NA,NA,NA,NA,NA,NA,NA,NA,NA,3.03797
565,0.521552,30.3797,122,"2026-03-14_MFXAB",1.97500304479636,NA,NA,NA,NA,NA,NA,NA,NA,NA,NA,NA,NA,NA,NA,NA,NA,NA,NA,NA,NA,NA,3.03797
566,0.522414,30.3797,123,"2026-03-14_MFXAB",1.97500304479636,NA,NA,NA,NA,NA,NA,NA,NA,NA,NA,NA,NA,NA,NA,NA,NA,NA,NA,NA,NA,NA,3.03797
567,0.523276,30.3797,123,"2026-03-14_MFXAB",1.97500304479636,NA,NA,NA,NA,NA,NA,NA,NA,NA,NA,NA,NA,NA,NA,NA,NA,NA,NA,NA,NA,NA,3.03797
568,0.524138,30.3797,124,"2026-03-14_MFXAB",1.97500304479636,NA,NA,NA,NA,NA,NA,NA,NA,NA,NA,NA,NA,NA,NA,NA,NA,NA,NA,NA,NA,NA,3.03797
569,0.525,30.3797,124,"2026-03-14_MFXAB",1.97500304479636,NA,NA,NA,NA,NA,NA,NA,NA,NA,NA,NA,NA,NA,NA,NA,NA,NA,NA,NA,NA,NA,3.03797
570,0.525862,30.3797,125,"2026-03-14_MFXAB",1.97500304479636,NA,NA,NA,NA,NA,NA,NA,NA,NA,NA,NA,NA,NA,NA,NA,NA,NA,NA,NA,NA,NA,3.03797
571,0.526724,30.3797,125,"2026-03-14_MFXAB",1.97500304479636,NA,NA,NA,NA,NA,NA,NA,NA,NA,NA,NA,NA,NA,NA,NA,NA,NA,NA,NA,NA,NA,3.03797
572,0.527586,30.3797,125,"2026-03-14_MFXAB",1.97500304479636,NA,NA,NA,NA,NA,NA,NA,NA,NA,NA,NA,NA,NA,NA,NA,NA,NA,NA,NA,NA,NA,3.03797
573,0.528448,30.3797,125,"2026-03-14_MFXAB",1.97500304479636,NA,NA,NA,NA,NA,NA,NA,NA,NA,NA,NA,NA,NA,NA,NA,NA,NA,NA,NA,NA,NA,3.03797
574,0.52931,30.3797,125,"2026-03-14_MFXAB",1.97500304479636,NA,NA,NA,NA,NA,NA,NA,NA,NA,NA,NA,NA,NA,NA,NA,NA,NA,NA,NA,NA,NA,3.03797
575,0.530172,30.3797,125,"2026-03-14_MFXAB",1.97500304479636,NA,NA,NA,NA,NA,NA,NA,NA,NA,NA,NA,NA,NA,NA,NA,NA,NA,NA,NA,NA,NA,3.03797
576,0.531034,30.3797,125,"2026-03-14_MFXAB",1.97500304479636,NA,NA,NA,NA,NA,NA,NA,NA,NA,NA,NA,NA,NA,NA,NA,NA,NA,NA,NA,NA,NA,3.03797
577,0.531897,30.3797,125,"2026-03-14_MFXAB",1.97500304479636,NA,NA,NA,NA,NA,NA,NA,NA,NA,NA,NA,NA,NA,NA,NA,NA,NA,NA,NA,NA,NA,3.03797
578,0.532759,30.3797,126,"2026-03-14_MFXAB",1.97500304479636,NA,NA,NA,NA,NA,NA,NA,NA,NA,NA,NA,NA,NA,NA,NA,NA,NA,NA,NA,NA,NA,3.03797
579,0.533621,30.3797,125,"2026-03-14_MFXAB",1.97500304479636,NA,NA,NA,NA,NA,NA,NA,NA,NA,NA,NA,NA,NA,NA,NA,NA,NA,NA,NA,NA,NA,3.03797
580,0.534483,30.3797,125,"2026-03-14_MFXAB",1.97500304479636,NA,NA,NA,NA,NA,NA,NA,NA,NA,NA,NA,NA,NA,NA,NA,NA,NA,NA,NA,NA,NA,3.03797
581,0.535345,30.3797,125,"2026-03-14_MFXAB",1.97500304479636,NA,NA,NA,NA,NA,NA,NA,NA,NA,NA,NA,NA,NA,NA,NA,NA,NA,NA,NA,NA,NA,3.03797
582,0.536207,30.3797,125,"2026-03-14_MFXAB",1.97500304479636,NA,NA,NA,NA,NA,NA,NA,NA,NA,NA,NA,NA,NA,NA,NA,NA,NA,NA,NA,NA,NA,3.03797
583,0.537069,30.3797,124,"2026-03-14_MFXAB",1.97500304479636,NA,NA,NA,NA,NA,NA,NA,NA,NA,NA,NA,NA,NA,NA,NA,NA,NA,NA,NA,NA,NA,3.03797
584,0.537931,30.3797,124,"2026-03-14_MFXAB",1.97500304479636,NA,NA,NA,NA,NA,NA,NA,NA,NA,NA,NA,NA,NA,NA,NA,NA,NA,NA,NA,NA,NA,3.03797
585,0.538793,30.3797,125,"2026-03-14_MFXAB",1.97500304479636,NA,NA,NA,NA,NA,NA,NA,NA,NA,NA,NA,NA,NA,NA,NA,NA,NA,NA,NA,NA,NA,3.03797
586,0.539655,30.3797,125,"2026-03-14_MFXAB",1.97500304479636,NA,NA,NA,NA,NA,NA,NA,NA,NA,NA,NA,NA,NA,NA,NA,NA,NA,NA,NA,NA,NA,3.03797
587,0.540517,30.3797,126,"2026-03-14_MFXAB",1.97500304479636,NA,NA,NA,NA,NA,NA,NA,NA,NA,NA,NA,NA,NA,NA,NA,NA,NA,NA,NA,NA,NA,3.03797
588,0.541379,30.3797,126,"2026-03-14_MFXAB",1.97500304479636,NA,NA,NA,NA,NA,NA,NA,NA,NA,NA,NA,NA,NA,NA,NA,NA,NA,NA,NA,NA,NA,3.03797
589,0.542241,30.3797,126,"2026-03-14_MFXAB",1.97500304479636,NA,NA,NA,NA,NA,NA,NA,NA,NA,NA,NA,NA,NA,NA,NA,NA,NA,NA,NA,NA,NA,3.03797
590,0.543103,30.3797,127,"2026-03-14_MFXAB",1.97500304479636,NA,NA,NA,NA,NA,NA,NA,NA,NA,NA,NA,NA,NA,NA,NA,NA,NA,NA,NA,NA,NA,3.03797
591,0.543966,30.3797,127,"2026-03-14_MFXAB",1.97500304479636,NA,NA,NA,NA,NA,NA,NA,NA,NA,NA,NA,NA,NA,NA,NA,NA,NA,NA,NA,NA,NA,3.03797
592,0.544828,30.3797,127,"2026-03-14_MFXAB",1.97500304479636,NA,NA,NA,NA,NA,NA,NA,NA,NA,NA,NA,NA,NA,NA,NA,NA,NA,NA,NA,NA,NA,3.03797
593,0.54569,30.3797,126,"2026-03-14_MFXAB",1.97500304479636,NA,NA,NA,NA,NA,NA,NA,NA,NA,NA,NA,NA,NA,NA,NA,NA,NA,NA,NA,NA,NA,3.03797
594,0.546552,30.3797,126,"2026-03-14_MFXAB",1.97500304479636,NA,NA,NA,NA,NA,NA,NA,NA,NA,NA,NA,NA,NA,NA,NA,NA,NA,NA,NA,NA,NA,3.03797
595,0.547414,30.3797,126,"2026-03-14_MFXAB",1.97500304479636,NA,NA,NA,NA,NA,NA,NA,NA,NA,NA,NA,NA,NA,NA,NA,NA,NA,NA,NA,NA,NA,3.03797
596,0.548276,30.3797,126,"2026-03-14_MFXAB",1.97500304479636,NA,NA,NA,NA,NA,NA,NA,NA,NA,NA,NA,NA,NA,NA,NA,NA,NA,NA,NA,NA,NA,3.03797
597,0.549138,30.3797,126,"2026-03-14_MFXAB",1.97500304479636,NA,NA,NA,NA,NA,NA,NA,NA,NA,NA,NA,NA,NA,NA,NA,NA,NA,NA,NA,NA,NA,3.03797
598,0.55,30.3797,126,"2026-03-14_MFXAB",1.97500304479636,NA,NA,NA,NA,NA,NA,NA,NA,NA,NA,NA,NA,NA,NA,NA,NA,NA,NA,NA,NA,NA,3.03797
599,0.55,30.3601,125,"2026-03-14_MFXAB",1.9104021396504,NA,NA,NA,NA,NA,NA,NA,NA,NA,NA,NA,NA,NA,NA,NA,NA,NA,NA,NA,NA,NA,3.1407
600,0.550893,30.3601,125,"2026-03-14_MFXAB",1.9104021396504,NA,NA,NA,NA,NA,NA,NA,NA,NA,NA,NA,NA,NA,NA,NA,NA,NA,NA,NA,NA,NA,3.1407
601,0.551786,30.3601,125,"2026-03-14_MFXAB",1.9104021396504,NA,NA,NA,NA,NA,NA,NA,NA,NA,NA,NA,NA,NA,NA,NA,NA,NA,NA,NA,NA,NA,3.1407
602,0.552679,30.3601,125,"2026-03-14_MFXAB",1.9104021396504,NA,NA,NA,NA,NA,NA,NA,NA,NA,NA,NA,NA,NA,NA,NA,NA,NA,NA,NA,NA,NA,3.1407
603,0.553571,30.3601,125,"2026-03-14_MFXAB",1.9104021396504,NA,NA,NA,NA,NA,NA,NA,NA,NA,NA,NA,NA,NA,NA,NA,NA,NA,NA,NA,NA,NA,3.1407
604,0.554464,30.3601,124,"2026-03-14_MFXAB",1.9104021396504,NA,NA,NA,NA,NA,NA,NA,NA,NA,NA,NA,NA,NA,NA,NA,NA,NA,NA,NA,NA,NA,3.1407
605,0.555357,30.3601,124,"2026-03-14_MFXAB",1.9104021396504,NA,NA,NA,NA,NA,NA,NA,NA,NA,NA,NA,NA,NA,NA,NA,NA,NA,NA,NA,NA,NA,3.1407
606,0.55625,30.3601,124,"2026-03-14_MFXAB",1.9104021396504,NA,NA,NA,NA,NA,NA,NA,NA,NA,NA,NA,NA,NA,NA,NA,NA,NA,NA,NA,NA,NA,3.1407
607,0.557143,30.3601,123,"2026-03-14_MFXAB",1.9104021396504,NA,NA,NA,NA,NA,NA,NA,NA,NA,NA,NA,NA,NA,NA,NA,NA,NA,NA,NA,NA,NA,3.1407
608,0.558036,30.3601,123,"2026-03-14_MFXAB",1.9104021396504,NA,NA,NA,NA,NA,NA,NA,NA,NA,NA,NA,NA,NA,NA,NA,NA,NA,NA,NA,NA,NA,3.1407
609,0.558929,30.3601,123,"2026-03-14_MFXAB",1.9104021396504,NA,NA,NA,NA,NA,NA,NA,NA,NA,NA,NA,NA,NA,NA,NA,NA,NA,NA,NA,NA,NA,3.1407
610,0.559821,30.3601,122,"2026-03-14_MFXAB",1.9104021396504,NA,NA,NA,NA,NA,NA,NA,NA,NA,NA,NA,NA,NA,NA,NA,NA,NA,NA,NA,NA,NA,3.1407
611,0.560714,30.3601,122,"2026-03-14_MFXAB",1.9104021396504,NA,NA,NA,NA,NA,NA,NA,NA,NA,NA,NA,NA,NA,NA,NA,NA,NA,NA,NA,NA,NA,3.1407
612,0.561607,30.3601,122,"2026-03-14_MFXAB",1.9104021396504,NA,NA,NA,NA,NA,NA,NA,NA,NA,NA,NA,NA,NA,NA,NA,NA,NA,NA,NA,NA,NA,3.1407
613,0.5625,30.3601,123,"2026-03-14_MFXAB",1.9104021396504,NA,NA,NA,NA,NA,NA,NA,NA,NA,NA,NA,NA,NA,NA,NA,NA,NA,NA,NA,NA,NA,3.1407
614,0.563393,30.3601,122,"2026-03-14_MFXAB",1.9104021396504,NA,NA,NA,NA,NA,NA,NA,NA,NA,NA,NA,NA,NA,NA,NA,NA,NA,NA,NA,NA,NA,3.1407
615,0.564286,30.3601,122,"2026-03-14_MFXAB",1.9104021396504,NA,NA,NA,NA,NA,NA,NA,NA,NA,NA,NA,NA,NA,NA,NA,NA,NA,NA,NA,NA,NA,3.1407
616,0.565179,30.3601,122,"2026-03-14_MFXAB",1.9104021396504,NA,NA,NA,NA,NA,NA,NA,NA,NA,NA,NA,NA,NA,NA,NA,NA,NA,NA,NA,NA,NA,3.1407
617,0.566071,30.3601,123,"2026-03-14_MFXAB",1.9104021396504,NA,NA,NA,NA,NA,NA,NA,NA,NA,NA,NA,NA,NA,NA,NA,NA,NA,NA,NA,NA,NA,3.1407
618,0.566964,30.3601,122,"2026-03-14_MFXAB",1.9104021396504,NA,NA,NA,NA,NA,NA,NA,NA,NA,NA,NA,NA,NA,NA,NA,NA,NA,NA,NA,NA,NA,3.1407
619,0.567857,30.3601,122,"2026-03-14_MFXAB",1.9104021396504,NA,NA,NA,NA,NA,NA,NA,NA,NA,NA,NA,NA,NA,NA,NA,NA,NA,NA,NA,NA,NA,3.1407
620,0.56875,30.3601,122,"2026-03-14_MFXAB",1.9104021396504,NA,NA,NA,NA,NA,NA,NA,NA,NA,NA,NA,NA,NA,NA,NA,NA,NA,NA,NA,NA,NA,3.1407
621,0.569643,30.3601,122,"2026-03-14_MFXAB",1.9104021396504,NA,NA,NA,NA,NA,NA,NA,NA,NA,NA,NA,NA,NA,NA,NA,NA,NA,NA,NA,NA,NA,3.1407
622,0.570536,30.3601,121,"2026-03-14_MFXAB",1.9104021396504,NA,NA,NA,NA,NA,NA,NA,NA,NA,NA,NA,NA,NA,NA,NA,NA,NA,NA,NA,NA,NA,3.1407
623,0.571429,30.3601,121,"2026-03-14_MFXAB",1.9104021396504,NA,NA,NA,NA,NA,NA,NA,NA,NA,NA,NA,NA,NA,NA,NA,NA,NA,NA,NA,NA,NA,3.1407
624,0.572321,30.3601,120,"2026-03-14_MFXAB",1.9104021396504,NA,NA,NA,NA,NA,NA,NA,NA,NA,NA,NA,NA,NA,NA,NA,NA,NA,NA,NA,NA,NA,3.1407
625,0.573214,30.3601,120,"2026-03-14_MFXAB",1.9104021396504,NA,NA,NA,NA,NA,NA,NA,NA,NA,NA,NA,NA,NA,NA,NA,NA,NA,NA,NA,NA,NA,3.1407
626,0.574107,30.3601,120,"2026-03-14_MFXAB",1.9104021396504,NA,NA,NA,NA,NA,NA,NA,NA,NA,NA,NA,NA,NA,NA,NA,NA,NA,NA,NA,NA,NA,3.1407
627,0.575,30.3601,120,"2026-03-14_MFXAB",1.9104021396504,NA,NA,NA,NA,NA,NA,NA,NA,NA,NA,NA,NA,NA,NA,NA,NA,NA,NA,NA,NA,NA,3.1407
628,0.575893,30.3601,120,"2026-03-14_MFXAB",1.9104021396504,NA,NA,NA,NA,NA,NA,NA,NA,NA,NA,NA,NA,NA,NA,NA,NA,NA,NA,NA,NA,NA,3.1407
629,0.576786,30.3601,120,"2026-03-14_MFXAB",1.9104021396504,NA,NA,NA,NA,NA,NA,NA,NA,NA,NA,NA,NA,NA,NA,NA,NA,NA,NA,NA,NA,NA,3.1407
630,0.577679,30.3601,120,"2026-03-14_MFXAB",1.9104021396504,NA,NA,NA,NA,NA,NA,NA,NA,NA,NA,NA,NA,NA,NA,NA,NA,NA,NA,NA,NA,NA,3.1407
631,0.578571,30.3601,120,"2026-03-14_MFXAB",1.9104021396504,NA,NA,NA,NA,NA,NA,NA,NA,NA,NA,NA,NA,NA,NA,NA,NA,NA,NA,NA,NA,NA,3.1407
632,0.579464,30.3601,120,"2026-03-14_MFXAB",1.9104021396504,NA,NA,NA,NA,NA,NA,NA,NA,NA,NA,NA,NA,NA,NA,NA,NA,NA,NA,NA,NA,NA,3.1407
633,0.580357,30.3601,120,"2026-03-14_MFXAB",1.9104021396504,NA,NA,NA,NA,NA,NA,NA,NA,NA,NA,NA,NA,NA,NA,NA,NA,NA,NA,NA,NA,NA,3.1407
634,0.58125,30.3601,119,"2026-03-14_MFXAB",1.9104021396504,NA,NA,NA,NA,NA,NA,NA,NA,NA,NA,NA,NA,NA,NA,NA,NA,NA,NA,NA,NA,NA,3.1407
635,0.582143,30.3601,120,"2026-03-14_MFXAB",1.9104021396504,NA,NA,NA,NA,NA,NA,NA,NA,NA,NA,NA,NA,NA,NA,NA,NA,NA,NA,NA,NA,NA,3.1407
636,0.583036,30.3601,120,"2026-03-14_MFXAB",1.9104021396504,NA,NA,NA,NA,NA,NA,NA,NA,NA,NA,NA,NA,NA,NA,NA,NA,NA,NA,NA,NA,NA,3.1407
637,0.583929,30.3601,119,"2026-03-14_MFXAB",1.9104021396504,NA,NA,NA,NA,NA,NA,NA,NA,NA,NA,NA,NA,NA,NA,NA,NA,NA,NA,NA,NA,NA,3.1407
638,0.584821,30.3601,120,"2026-03-14_MFXAB",1.9104021396504,NA,NA,NA,NA,NA,NA,NA,NA,NA,NA,NA,NA,NA,NA,NA,NA,NA,NA,NA,NA,NA,3.1407
639,0.585714,30.3601,120,"2026-03-14_MFXAB",1.9104021396504,NA,NA,NA,NA,NA,NA,NA,NA,NA,NA,NA,NA,NA,NA,NA,NA,NA,NA,NA,NA,NA,3.1407
640,0.586607,30.3601,120,"2026-03-14_MFXAB",1.9104021396504,NA,NA,NA,NA,NA,NA,NA,NA,NA,NA,NA,NA,NA,NA,NA,NA,NA,NA,NA,NA,NA,3.1407
641,0.5875,30.3601,120,"2026-03-14_MFXAB",1.9104021396504,NA,NA,NA,NA,NA,NA,NA,NA,NA,NA,NA,NA,NA,NA,NA,NA,NA,NA,NA,NA,NA,3.1407
642,0.588393,30.3601,121,"2026-03-14_MFXAB",1.9104021396504,NA,NA,NA,NA,NA,NA,NA,NA,NA,NA,NA,NA,NA,NA,NA,NA,NA,NA,NA,NA,NA,3.1407
643,0.589286,30.3601,121,"2026-03-14_MFXAB",1.9104021396504,NA,NA,NA,NA,NA,NA,NA,NA,NA,NA,NA,NA,NA,NA,NA,NA,NA,NA,NA,NA,NA,3.1407
644,0.590179,30.3601,122,"2026-03-14_MFXAB",1.9104021396504,NA,NA,NA,NA,NA,NA,NA,NA,NA,NA,NA,NA,NA,NA,NA,NA,NA,NA,NA,NA,NA,3.1407
645,0.591071,30.3601,122,"2026-03-14_MFXAB",1.9104021396504,NA,NA,NA,NA,NA,NA,NA,NA,NA,NA,NA,NA,NA,NA,NA,NA,NA,NA,NA,NA,NA,3.1407
646,0.591964,30.3601,122,"2026-03-14_MFXAB",1.9104021396504,NA,NA,NA,NA,NA,NA,NA,NA,NA,NA,NA,NA,NA,NA,NA,NA,NA,NA,NA,NA,NA,3.1407
647,0.592857,30.3601,122,"2026-03-14_MFXAB",1.9104021396504,NA,NA,NA,NA,NA,NA,NA,NA,NA,NA,NA,NA,NA,NA,NA,NA,NA,NA,NA,NA,NA,3.1407
648,0.59375,30.3601,123,"2026-03-14_MFXAB",1.9104021396504,NA,NA,NA,NA,NA,NA,NA,NA,NA,NA,NA,NA,NA,NA,NA,NA,NA,NA,NA,NA,NA,3.1407
649,0.594643,30.3601,123,"2026-03-14_MFXAB",1.9104021396504,NA,NA,NA,NA,NA,NA,NA,NA,NA,NA,NA,NA,NA,NA,NA,NA,NA,NA,NA,NA,NA,3.1407
650,0.595536,30.3601,123,"2026-03-14_MFXAB",1.9104021396504,NA,NA,NA,NA,NA,NA,NA,NA,NA,NA,NA,NA,NA,NA,NA,NA,NA,NA,NA,NA,NA,3.1407
651,0.596429,30.3601,123,"2026-03-14_MFXAB",1.9104021396504,NA,NA,NA,NA,NA,NA,NA,NA,NA,NA,NA,NA,NA,NA,NA,NA,NA,NA,NA,NA,NA,3.1407
652,0.597321,30.3601,122,"2026-03-14_MFXAB",1.9104021396504,NA,NA,NA,NA,NA,NA,NA,NA,NA,NA,NA,NA,NA,NA,NA,NA,NA,NA,NA,NA,NA,3.1407
653,0.598214,30.3601,122,"2026-03-14_MFXAB",1.9104021396504,NA,NA,NA,NA,NA,NA,NA,NA,NA,NA,NA,NA,NA,NA,NA,NA,NA,NA,NA,NA,NA,3.1407
654,0.599107,30.3601,121,"2026-03-14_MFXAB",1.9104021396504,NA,NA,NA,NA,NA,NA,NA,NA,NA,NA,NA,NA,NA,NA,NA,NA,NA,NA,NA,NA,NA,3.1407
655,0.6,30.3601,121,"2026-03-14_MFXAB",1.9104021396504,NA,NA,NA,NA,NA,NA,NA,NA,NA,NA,NA,NA,NA,NA,NA,NA,NA,NA,NA,NA,NA,3.1407
656,0.6,31.1354,121,"2026-03-14_MFXAB",1.92706693988194,NA,NA,NA,NA,NA,NA,NA,NA,NA,NA,NA,NA,NA,NA,NA,NA,NA,NA,NA,NA,NA,3.11354
657,0.600877,31.1354,121,"2026-03-14_MFXAB",1.92706693988194,NA,NA,NA,NA,NA,NA,NA,NA,NA,NA,NA,NA,NA,NA,NA,NA,NA,NA,NA,NA,NA,3.11354
658,0.601754,31.1354,120,"2026-03-14_MFXAB",1.92706693988194,NA,NA,NA,NA,NA,NA,NA,NA,NA,NA,NA,NA,NA,NA,NA,NA,NA,NA,NA,NA,NA,3.11354
659,0.602632,31.1354,120,"2026-03-14_MFXAB",1.92706693988194,NA,NA,NA,NA,NA,NA,NA,NA,NA,NA,NA,NA,NA,NA,NA,NA,NA,NA,NA,NA,NA,3.11354
660,0.603509,31.1354,119,"2026-03-14_MFXAB",1.92706693988194,NA,NA,NA,NA,NA,NA,NA,NA,NA,NA,NA,NA,NA,NA,NA,NA,NA,NA,NA,NA,NA,3.11354
661,0.604386,31.1354,119,"2026-03-14_MFXAB",1.92706693988194,NA,NA,NA,NA,NA,NA,NA,NA,NA,NA,NA,NA,NA,NA,NA,NA,NA,NA,NA,NA,NA,3.11354
662,0.605263,31.1354,118,"2026-03-14_MFXAB",1.92706693988194,NA,NA,NA,NA,NA,NA,NA,NA,NA,NA,NA,NA,NA,NA,NA,NA,NA,NA,NA,NA,NA,3.11354
663,0.60614,31.1354,118,"2026-03-14_MFXAB",1.92706693988194,NA,NA,NA,NA,NA,NA,NA,NA,NA,NA,NA,NA,NA,NA,NA,NA,NA,NA,NA,NA,NA,3.11354
664,0.607018,31.1354,117,"2026-03-14_MFXAB",1.92706693988194,NA,NA,NA,NA,NA,NA,NA,NA,NA,NA,NA,NA,NA,NA,NA,NA,NA,NA,NA,NA,NA,3.11354
665,0.607895,31.1354,117,"2026-03-14_MFXAB",1.92706693988194,NA,NA,NA,NA,NA,NA,NA,NA,NA,NA,NA,NA,NA,NA,NA,NA,NA,NA,NA,NA,NA,3.11354
666,0.608772,31.1354,117,"2026-03-14_MFXAB",1.92706693988194,NA,NA,NA,NA,NA,NA,NA,NA,NA,NA,NA,NA,NA,NA,NA,NA,NA,NA,NA,NA,NA,3.11354
667,0.609649,31.1354,117,"2026-03-14_MFXAB",1.92706693988194,NA,NA,NA,NA,NA,NA,NA,NA,NA,NA,NA,NA,NA,NA,NA,NA,NA,NA,NA,NA,NA,3.11354
668,0.610526,31.1354,117,"2026-03-14_MFXAB",1.92706693988194,NA,NA,NA,NA,NA,NA,NA,NA,NA,NA,NA,NA,NA,NA,NA,NA,NA,NA,NA,NA,NA,3.11354
669,0.611404,31.1354,117,"2026-03-14_MFXAB",1.92706693988194,NA,NA,NA,NA,NA,NA,NA,NA,NA,NA,NA,NA,NA,NA,NA,NA,NA,NA,NA,NA,NA,3.11354
670,0.612281,31.1354,118,"2026-03-14_MFXAB",1.92706693988194,NA,NA,NA,NA,NA,NA,NA,NA,NA,NA,NA,NA,NA,NA,NA,NA,NA,NA,NA,NA,NA,3.11354
671,0.613158,31.1354,118,"2026-03-14_MFXAB",1.92706693988194,NA,NA,NA,NA,NA,NA,NA,NA,NA,NA,NA,NA,NA,NA,NA,NA,NA,NA,NA,NA,NA,3.11354
672,0.614035,31.1354,118,"2026-03-14_MFXAB",1.92706693988194,NA,NA,NA,NA,NA,NA,NA,NA,NA,NA,NA,NA,NA,NA,NA,NA,NA,NA,NA,NA,NA,3.11354
673,0.614912,31.1354,118,"2026-03-14_MFXAB",1.92706693988194,NA,NA,NA,NA,NA,NA,NA,NA,NA,NA,NA,NA,NA,NA,NA,NA,NA,NA,NA,NA,NA,3.11354
674,0.615789,31.1354,117,"2026-03-14_MFXAB",1.92706693988194,NA,NA,NA,NA,NA,NA,NA,NA,NA,NA,NA,NA,NA,NA,NA,NA,NA,NA,NA,NA,NA,3.11354
675,0.616667,31.1354,118,"2026-03-14_MFXAB",1.92706693988194,NA,NA,NA,NA,NA,NA,NA,NA,NA,NA,NA,NA,NA,NA,NA,NA,NA,NA,NA,NA,NA,3.11354
676,0.617544,31.1354,118,"2026-03-14_MFXAB",1.92706693988194,NA,NA,NA,NA,NA,NA,NA,NA,NA,NA,NA,NA,NA,NA,NA,NA,NA,NA,NA,NA,NA,3.11354
677,0.618421,31.1354,118,"2026-03-14_MFXAB",1.92706693988194,NA,NA,NA,NA,NA,NA,NA,NA,NA,NA,NA,NA,NA,NA,NA,NA,NA,NA,NA,NA,NA,3.11354
678,0.619298,31.1354,118,"2026-03-14_MFXAB",1.92706693988194,NA,NA,NA,NA,NA,NA,NA,NA,NA,NA,NA,NA,NA,NA,NA,NA,NA,NA,NA,NA,NA,3.11354
679,0.620175,31.1354,118,"2026-03-14_MFXAB",1.92706693988194,NA,NA,NA,NA,NA,NA,NA,NA,NA,NA,NA,NA,NA,NA,NA,NA,NA,NA,NA,NA,NA,3.11354
680,0.621053,31.1354,118,"2026-03-14_MFXAB",1.92706693988194,NA,NA,NA,NA,NA,NA,NA,NA,NA,NA,NA,NA,NA,NA,NA,NA,NA,NA,NA,NA,NA,3.11354
681,0.62193,31.1354,118,"2026-03-14_MFXAB",1.92706693988194,NA,NA,NA,NA,NA,NA,NA,NA,NA,NA,NA,NA,NA,NA,NA,NA,NA,NA,NA,NA,NA,3.11354
682,0.622807,31.1354,118,"2026-03-14_MFXAB",1.92706693988194,NA,NA,NA,NA,NA,NA,NA,NA,NA,NA,NA,NA,NA,NA,NA,NA,NA,NA,NA,NA,NA,3.11354
683,0.623684,31.1354,117,"2026-03-14_MFXAB",1.92706693988194,NA,NA,NA,NA,NA,NA,NA,NA,NA,NA,NA,NA,NA,NA,NA,NA,NA,NA,NA,NA,NA,3.11354
684,0.624561,31.1354,118,"2026-03-14_MFXAB",1.92706693988194,NA,NA,NA,NA,NA,NA,NA,NA,NA,NA,NA,NA,NA,NA,NA,NA,NA,NA,NA,NA,NA,3.11354
685,0.625439,31.1354,118,"2026-03-14_MFXAB",1.92706693988194,NA,NA,NA,NA,NA,NA,NA,NA,NA,NA,NA,NA,NA,NA,NA,NA,NA,NA,NA,NA,NA,3.11354
686,0.626316,31.1354,118,"2026-03-14_MFXAB",1.92706693988194,NA,NA,NA,NA,NA,NA,NA,NA,NA,NA,NA,NA,NA,NA,NA,NA,NA,NA,NA,NA,NA,3.11354
687,0.627193,31.1354,119,"2026-03-14_MFXAB",1.92706693988194,NA,NA,NA,NA,NA,NA,NA,NA,NA,NA,NA,NA,NA,NA,NA,NA,NA,NA,NA,NA,NA,3.11354
688,0.62807,31.1354,119,"2026-03-14_MFXAB",1.92706693988194,NA,NA,NA,NA,NA,NA,NA,NA,NA,NA,NA,NA,NA,NA,NA,NA,NA,NA,NA,NA,NA,3.11354
689,0.628947,31.1354,119,"2026-03-14_MFXAB",1.92706693988194,NA,NA,NA,NA,NA,NA,NA,NA,NA,NA,NA,NA,NA,NA,NA,NA,NA,NA,NA,NA,NA,3.11354
690,0.629825,31.1354,119,"2026-03-14_MFXAB",1.92706693988194,NA,NA,NA,NA,NA,NA,NA,NA,NA,NA,NA,NA,NA,NA,NA,NA,NA,NA,NA,NA,NA,3.11354
691,0.630702,31.1354,119,"2026-03-14_MFXAB",1.92706693988194,NA,NA,NA,NA,NA,NA,NA,NA,NA,NA,NA,NA,NA,NA,NA,NA,NA,NA,NA,NA,NA,3.11354
692,0.631579,31.1354,118,"2026-03-14_MFXAB",1.92706693988194,NA,NA,NA,NA,NA,NA,NA,NA,NA,NA,NA,NA,NA,NA,NA,NA,NA,NA,NA,NA,NA,3.11354
693,0.632456,31.1354,119,"2026-03-14_MFXAB",1.92706693988194,NA,NA,NA,NA,NA,NA,NA,NA,NA,NA,NA,NA,NA,NA,NA,NA,NA,NA,NA,NA,NA,3.11354
694,0.633333,31.1354,119,"2026-03-14_MFXAB",1.92706693988194,NA,NA,NA,NA,NA,NA,NA,NA,NA,NA,NA,NA,NA,NA,NA,NA,NA,NA,NA,NA,NA,3.11354
695,0.634211,31.1354,119,"2026-03-14_MFXAB",1.92706693988194,NA,NA,NA,NA,NA,NA,NA,NA,NA,NA,NA,NA,NA,NA,NA,NA,NA,NA,NA,NA,NA,3.11354
696,0.635088,31.1354,119,"2026-03-14_MFXAB",1.92706693988194,NA,NA,NA,NA,NA,NA,NA,NA,NA,NA,NA,NA,NA,NA,NA,NA,NA,NA,NA,NA,NA,3.11354
697,0.635965,31.1354,118,"2026-03-14_MFXAB",1.92706693988194,NA,NA,NA,NA,NA,NA,NA,NA,NA,NA,NA,NA,NA,NA,NA,NA,NA,NA,NA,NA,NA,3.11354
698,0.636842,31.1354,119,"2026-03-14_MFXAB",1.92706693988194,NA,NA,NA,NA,NA,NA,NA,NA,NA,NA,NA,NA,NA,NA,NA,NA,NA,NA,NA,NA,NA,3.11354
699,0.637719,31.1354,119,"2026-03-14_MFXAB",1.92706693988194,NA,NA,NA,NA,NA,NA,NA,NA,NA,NA,NA,NA,NA,NA,NA,NA,NA,NA,NA,NA,NA,3.11354
700,0.638596,31.1354,118,"2026-03-14_MFXAB",1.92706693988194,NA,NA,NA,NA,NA,NA,NA,NA,NA,NA,NA,NA,NA,NA,NA,NA,NA,NA,NA,NA,NA,3.11354
701,0.639474,31.1354,118,"2026-03-14_MFXAB",1.92706693988194,NA,NA,NA,NA,NA,NA,NA,NA,NA,NA,NA,NA,NA,NA,NA,NA,NA,NA,NA,NA,NA,3.11354
702,0.640351,31.1354,118,"2026-03-14_MFXAB",1.92706693988194,NA,NA,NA,NA,NA,NA,NA,NA,NA,NA,NA,NA,NA,NA,NA,NA,NA,NA,NA,NA,NA,3.11354
703,0.641228,31.1354,119,"2026-03-14_MFXAB",1.92706693988194,NA,NA,NA,NA,NA,NA,NA,NA,NA,NA,NA,NA,NA,NA,NA,NA,NA,NA,NA,NA,NA,3.11354
704,0.642105,31.1354,119,"2026-03-14_MFXAB",1.92706693988194,NA,NA,NA,NA,NA,NA,NA,NA,NA,NA,NA,NA,NA,NA,NA,NA,NA,NA,NA,NA,NA,3.11354
705,0.642982,31.1354,120,"2026-03-14_MFXAB",1.92706693988194,NA,NA,NA,NA,NA,NA,NA,NA,NA,NA,NA,NA,NA,NA,NA,NA,NA,NA,NA,NA,NA,3.11354
706,0.64386,31.1354,120,"2026-03-14_MFXAB",1.92706693988194,NA,NA,NA,NA,NA,NA,NA,NA,NA,NA,NA,NA,NA,NA,NA,NA,NA,NA,NA,NA,NA,3.11354
707,0.644737,31.1354,120,"2026-03-14_MFXAB",1.92706693988194,NA,NA,NA,NA,NA,NA,NA,NA,NA,NA,NA,NA,NA,NA,NA,NA,NA,NA,NA,NA,NA,3.11354
708,0.645614,31.1354,121,"2026-03-14_MFXAB",1.92706693988194,NA,NA,NA,NA,NA,NA,NA,NA,NA,NA,NA,NA,NA,NA,NA,NA,NA,NA,NA,NA,NA,3.11354
709,0.646491,31.1354,121,"2026-03-14_MFXAB",1.92706693988194,NA,NA,NA,NA,NA,NA,NA,NA,NA,NA,NA,NA,NA,NA,NA,NA,NA,NA,NA,NA,NA,3.11354
710,0.647368,31.1354,121,"2026-03-14_MFXAB",1.92706693988194,NA,NA,NA,NA,NA,NA,NA,NA,NA,NA,NA,NA,NA,NA,NA,NA,NA,NA,NA,NA,NA,3.11354
711,0.648246,31.1354,121,"2026-03-14_MFXAB",1.92706693988194,NA,NA,NA,NA,NA,NA,NA,NA,NA,NA,NA,NA,NA,NA,NA,NA,NA,NA,NA,NA,NA,3.11354
712,0.649123,31.1354,120,"2026-03-14_MFXAB",1.92706693988194,NA,NA,NA,NA,NA,NA,NA,NA,NA,NA,NA,NA,NA,NA,NA,NA,NA,NA,NA,NA,NA,3.11354
713,0.65,31.1354,121,"2026-03-14_MFXAB",1.92706693988194,NA,NA,NA,NA,NA,NA,NA,NA,NA,NA,NA,NA,NA,NA,NA,NA,NA,NA,NA,NA,NA,3.11354
714,0.65,29.1824,121,"2026-03-14_MFXAB",1.98749863359469,NA,NA,NA,NA,NA,NA,NA,NA,NA,NA,NA,NA,NA,NA,NA,NA,NA,NA,NA,NA,NA,3.01887
715,0.650847,29.1824,120,"2026-03-14_MFXAB",1.98749863359469,NA,NA,NA,NA,NA,NA,NA,NA,NA,NA,NA,NA,NA,NA,NA,NA,NA,NA,NA,NA,NA,3.01887
716,0.651695,29.1824,120,"2026-03-14_MFXAB",1.98749863359469,NA,NA,NA,NA,NA,NA,NA,NA,NA,NA,NA,NA,NA,NA,NA,NA,NA,NA,NA,NA,NA,3.01887
717,0.652542,29.1824,120,"2026-03-14_MFXAB",1.98749863359469,NA,NA,NA,NA,NA,NA,NA,NA,NA,NA,NA,NA,NA,NA,NA,NA,NA,NA,NA,NA,NA,3.01887
718,0.65339,29.1824,119,"2026-03-14_MFXAB",1.98749863359469,NA,NA,NA,NA,NA,NA,NA,NA,NA,NA,NA,NA,NA,NA,NA,NA,NA,NA,NA,NA,NA,3.01887
719,0.654237,29.1824,119,"2026-03-14_MFXAB",1.98749863359469,NA,NA,NA,NA,NA,NA,NA,NA,NA,NA,NA,NA,NA,NA,NA,NA,NA,NA,NA,NA,NA,3.01887
720,0.655085,29.1824,118,"2026-03-14_MFXAB",1.98749863359469,NA,NA,NA,NA,NA,NA,NA,NA,NA,NA,NA,NA,NA,NA,NA,NA,NA,NA,NA,NA,NA,3.01887
721,0.655932,29.1824,118,"2026-03-14_MFXAB",1.98749863359469,NA,NA,NA,NA,NA,NA,NA,NA,NA,NA,NA,NA,NA,NA,NA,NA,NA,NA,NA,NA,NA,3.01887
722,0.65678,29.1824,118,"2026-03-14_MFXAB",1.98749863359469,NA,NA,NA,NA,NA,NA,NA,NA,NA,NA,NA,NA,NA,NA,NA,NA,NA,NA,NA,NA,NA,3.01887
723,0.657627,29.1824,118,"2026-03-14_MFXAB",1.98749863359469,NA,NA,NA,NA,NA,NA,NA,NA,NA,NA,NA,NA,NA,NA,NA,NA,NA,NA,NA,NA,NA,3.01887
724,0.658475,29.1824,118,"2026-03-14_MFXAB",1.98749863359469,NA,NA,NA,NA,NA,NA,NA,NA,NA,NA,NA,NA,NA,NA,NA,NA,NA,NA,NA,NA,NA,3.01887
725,0.659322,29.1824,119,"2026-03-14_MFXAB",1.98749863359469,NA,NA,NA,NA,NA,NA,NA,NA,NA,NA,NA,NA,NA,NA,NA,NA,NA,NA,NA,NA,NA,3.01887
726,0.660169,29.1824,119,"2026-03-14_MFXAB",1.98749863359469,NA,NA,NA,NA,NA,NA,NA,NA,NA,NA,NA,NA,NA,NA,NA,NA,NA,NA,NA,NA,NA,3.01887
727,0.661017,29.1824,120,"2026-03-14_MFXAB",1.98749863359469,NA,NA,NA,NA,NA,NA,NA,NA,NA,NA,NA,NA,NA,NA,NA,NA,NA,NA,NA,NA,NA,3.01887
728,0.661864,29.1824,121,"2026-03-14_MFXAB",1.98749863359469,NA,NA,NA,NA,NA,NA,NA,NA,NA,NA,NA,NA,NA,NA,NA,NA,NA,NA,NA,NA,NA,3.01887
729,0.662712,29.1824,122,"2026-03-14_MFXAB",1.98749863359469,NA,NA,NA,NA,NA,NA,NA,NA,NA,NA,NA,NA,NA,NA,NA,NA,NA,NA,NA,NA,NA,3.01887
730,0.663559,29.1824,123,"2026-03-14_MFXAB",1.98749863359469,NA,NA,NA,NA,NA,NA,NA,NA,NA,NA,NA,NA,NA,NA,NA,NA,NA,NA,NA,NA,NA,3.01887
731,0.664407,29.1824,125,"2026-03-14_MFXAB",1.98749863359469,NA,NA,NA,NA,NA,NA,NA,NA,NA,NA,NA,NA,NA,NA,NA,NA,NA,NA,NA,NA,NA,3.01887
732,0.665254,29.1824,125,"2026-03-14_MFXAB",1.98749863359469,NA,NA,NA,NA,NA,NA,NA,NA,NA,NA,NA,NA,NA,NA,NA,NA,NA,NA,NA,NA,NA,3.01887
733,0.666102,29.1824,126,"2026-03-14_MFXAB",1.98749863359469,NA,NA,NA,NA,NA,NA,NA,NA,NA,NA,NA,NA,NA,NA,NA,NA,NA,NA,NA,NA,NA,3.01887
734,0.666949,29.1824,126,"2026-03-14_MFXAB",1.98749863359469,NA,NA,NA,NA,NA,NA,NA,NA,NA,NA,NA,NA,NA,NA,NA,NA,NA,NA,NA,NA,NA,3.01887
735,0.667797,29.1824,126,"2026-03-14_MFXAB",1.98749863359469,NA,NA,NA,NA,NA,NA,NA,NA,NA,NA,NA,NA,NA,NA,NA,NA,NA,NA,NA,NA,NA,3.01887
736,0.668644,29.1824,126,"2026-03-14_MFXAB",1.98749863359469,NA,NA,NA,NA,NA,NA,NA,NA,NA,NA,NA,NA,NA,NA,NA,NA,NA,NA,NA,NA,NA,3.01887
737,0.669492,29.1824,126,"2026-03-14_MFXAB",1.98749863359469,NA,NA,NA,NA,NA,NA,NA,NA,NA,NA,NA,NA,NA,NA,NA,NA,NA,NA,NA,NA,NA,3.01887
738,0.670339,29.1824,126,"2026-03-14_MFXAB",1.98749863359469,NA,NA,NA,NA,NA,NA,NA,NA,NA,NA,NA,NA,NA,NA,NA,NA,NA,NA,NA,NA,NA,3.01887
739,0.671186,29.1824,126,"2026-03-14_MFXAB",1.98749863359469,NA,NA,NA,NA,NA,NA,NA,NA,NA,NA,NA,NA,NA,NA,NA,NA,NA,NA,NA,NA,NA,3.01887
740,0.672034,29.1824,125,"2026-03-14_MFXAB",1.98749863359469,NA,NA,NA,NA,NA,NA,NA,NA,NA,NA,NA,NA,NA,NA,NA,NA,NA,NA,NA,NA,NA,3.01887
741,0.672881,29.1824,126,"2026-03-14_MFXAB",1.98749863359469,NA,NA,NA,NA,NA,NA,NA,NA,NA,NA,NA,NA,NA,NA,NA,NA,NA,NA,NA,NA,NA,3.01887
742,0.673729,29.1824,126,"2026-03-14_MFXAB",1.98749863359469,NA,NA,NA,NA,NA,NA,NA,NA,NA,NA,NA,NA,NA,NA,NA,NA,NA,NA,NA,NA,NA,3.01887
743,0.674576,29.1824,126,"2026-03-14_MFXAB",1.98749863359469,NA,NA,NA,NA,NA,NA,NA,NA,NA,NA,NA,NA,NA,NA,NA,NA,NA,NA,NA,NA,NA,3.01887
744,0.675424,29.1824,125,"2026-03-14_MFXAB",1.98749863359469,NA,NA,NA,NA,NA,NA,NA,NA,NA,NA,NA,NA,NA,NA,NA,NA,NA,NA,NA,NA,NA,3.01887
745,0.676271,29.1824,126,"2026-03-14_MFXAB",1.98749863359469,NA,NA,NA,NA,NA,NA,NA,NA,NA,NA,NA,NA,NA,NA,NA,NA,NA,NA,NA,NA,NA,3.01887
746,0.677119,29.1824,126,"2026-03-14_MFXAB",1.98749863359469,NA,NA,NA,NA,NA,NA,NA,NA,NA,NA,NA,NA,NA,NA,NA,NA,NA,NA,NA,NA,NA,3.01887
747,0.677966,29.1824,125,"2026-03-14_MFXAB",1.98749863359469,NA,NA,NA,NA,NA,NA,NA,NA,NA,NA,NA,NA,NA,NA,NA,NA,NA,NA,NA,NA,NA,3.01887
748,0.678814,29.1824,125,"2026-03-14_MFXAB",1.98749863359469,NA,NA,NA,NA,NA,NA,NA,NA,NA,NA,NA,NA,NA,NA,NA,NA,NA,NA,NA,NA,NA,3.01887
749,0.679661,29.1824,125,"2026-03-14_MFXAB",1.98749863359469,NA,NA,NA,NA,NA,NA,NA,NA,NA,NA,NA,NA,NA,NA,NA,NA,NA,NA,NA,NA,NA,3.01887
750,0.680508,29.1824,125,"2026-03-14_MFXAB",1.98749863359469,NA,NA,NA,NA,NA,NA,NA,NA,NA,NA,NA,NA,NA,NA,NA,NA,NA,NA,NA,NA,NA,3.01887
751,0.681356,29.1824,126,"2026-03-14_MFXAB",1.98749863359469,NA,NA,NA,NA,NA,NA,NA,NA,NA,NA,NA,NA,NA,NA,NA,NA,NA,NA,NA,NA,NA,3.01887
752,0.682203,29.1824,126,"2026-03-14_MFXAB",1.98749863359469,NA,NA,NA,NA,NA,NA,NA,NA,NA,NA,NA,NA,NA,NA,NA,NA,NA,NA,NA,NA,NA,3.01887
753,0.683051,29.1824,126,"2026-03-14_MFXAB",1.98749863359469,NA,NA,NA,NA,NA,NA,NA,NA,NA,NA,NA,NA,NA,NA,NA,NA,NA,NA,NA,NA,NA,3.01887
754,0.683898,29.1824,125,"2026-03-14_MFXAB",1.98749863359469,NA,NA,NA,NA,NA,NA,NA,NA,NA,NA,NA,NA,NA,NA,NA,NA,NA,NA,NA,NA,NA,3.01887
755,0.684746,29.1824,125,"2026-03-14_MFXAB",1.98749863359469,NA,NA,NA,NA,NA,NA,NA,NA,NA,NA,NA,NA,NA,NA,NA,NA,NA,NA,NA,NA,NA,3.01887
756,0.685593,29.1824,125,"2026-03-14_MFXAB",1.98749863359469,NA,NA,NA,NA,NA,NA,NA,NA,NA,NA,NA,NA,NA,NA,NA,NA,NA,NA,NA,NA,NA,3.01887
757,0.686441,29.1824,126,"2026-03-14_MFXAB",1.98749863359469,NA,NA,NA,NA,NA,NA,NA,NA,NA,NA,NA,NA,NA,NA,NA,NA,NA,NA,NA,NA,NA,3.01887
758,0.687288,29.1824,125,"2026-03-14_MFXAB",1.98749863359469,NA,NA,NA,NA,NA,NA,NA,NA,NA,NA,NA,NA,NA,NA,NA,NA,NA,NA,NA,NA,NA,3.01887
759,0.688136,29.1824,125,"2026-03-14_MFXAB",1.98749863359469,NA,NA,NA,NA,NA,NA,NA,NA,NA,NA,NA,NA,NA,NA,NA,NA,NA,NA,NA,NA,NA,3.01887
760,0.688983,29.1824,125,"2026-03-14_MFXAB",1.98749863359469,NA,NA,NA,NA,NA,NA,NA,NA,NA,NA,NA,NA,NA,NA,NA,NA,NA,NA,NA,NA,NA,3.01887
761,0.689831,29.1824,126,"2026-03-14_MFXAB",1.98749863359469,NA,NA,NA,NA,NA,NA,NA,NA,NA,NA,NA,NA,NA,NA,NA,NA,NA,NA,NA,NA,NA,3.01887
762,0.690678,29.1824,125,"2026-03-14_MFXAB",1.98749863359469,NA,NA,NA,NA,NA,NA,NA,NA,NA,NA,NA,NA,NA,NA,NA,NA,NA,NA,NA,NA,NA,3.01887
763,0.691525,29.1824,125,"2026-03-14_MFXAB",1.98749863359469,NA,NA,NA,NA,NA,NA,NA,NA,NA,NA,NA,NA,NA,NA,NA,NA,NA,NA,NA,NA,NA,3.01887
764,0.692373,29.1824,126,"2026-03-14_MFXAB",1.98749863359469,NA,NA,NA,NA,NA,NA,NA,NA,NA,NA,NA,NA,NA,NA,NA,NA,NA,NA,NA,NA,NA,3.01887
765,0.69322,29.1824,126,"2026-03-14_MFXAB",1.98749863359469,NA,NA,NA,NA,NA,NA,NA,NA,NA,NA,NA,NA,NA,NA,NA,NA,NA,NA,NA,NA,NA,3.01887
766,0.694068,29.1824,126,"2026-03-14_MFXAB",1.98749863359469,NA,NA,NA,NA,NA,NA,NA,NA,NA,NA,NA,NA,NA,NA,NA,NA,NA,NA,NA,NA,NA,3.01887
767,0.694915,29.1824,125,"2026-03-14_MFXAB",1.98749863359469,NA,NA,NA,NA,NA,NA,NA,NA,NA,NA,NA,NA,NA,NA,NA,NA,NA,NA,NA,NA,NA,3.01887
768,0.695763,29.1824,125,"2026-03-14_MFXAB",1.98749863359469,NA,NA,NA,NA,NA,NA,NA,NA,NA,NA,NA,NA,NA,NA,NA,NA,NA,NA,NA,NA,NA,3.01887
769,0.69661,29.1824,125,"2026-03-14_MFXAB",1.98749863359469,NA,NA,NA,NA,NA,NA,NA,NA,NA,NA,NA,NA,NA,NA,NA,NA,NA,NA,NA,NA,NA,3.01887
770,0.697458,29.1824,125,"2026-03-14_MFXAB",1.98749863359469,NA,NA,NA,NA,NA,NA,NA,NA,NA,NA,NA,NA,NA,NA,NA,NA,NA,NA,NA,NA,NA,3.01887
771,0.698305,29.1824,125,"2026-03-14_MFXAB",1.98749863359469,NA,NA,NA,NA,NA,NA,NA,NA,NA,NA,NA,NA,NA,NA,NA,NA,NA,NA,NA,NA,NA,3.01887
772,0.699153,29.1824,125,"2026-03-14_MFXAB",1.98749863359469,NA,NA,NA,NA,NA,NA,NA,NA,NA,NA,NA,NA,NA,NA,NA,NA,NA,NA,NA,NA,NA,3.01887
773,0.7,29.1824,124,"2026-03-14_MFXAB",1.98749863359469,NA,NA,NA,NA,NA,NA,NA,NA,NA,NA,NA,NA,NA,NA,NA,NA,NA,NA,NA,NA,NA,3.01887
774,0.7,32.0359,124,"2026-03-14_MFXAB",1.87289884161207,NA,NA,NA,NA,NA,NA,NA,NA,NA,NA,NA,NA,NA,NA,NA,NA,NA,NA,NA,NA,NA,3.20359
775,0.700909,32.0359,124,"2026-03-14_MFXAB",1.87289884161207,NA,NA,NA,NA,NA,NA,NA,NA,NA,NA,NA,NA,NA,NA,NA,NA,NA,NA,NA,NA,NA,3.20359
776,0.701818,32.0359,124,"2026-03-14_MFXAB",1.87289884161207,NA,NA,NA,NA,NA,NA,NA,NA,NA,NA,NA,NA,NA,NA,NA,NA,NA,NA,NA,NA,NA,3.20359
777,0.702727,32.0359,124,"2026-03-14_MFXAB",1.87289884161207,NA,NA,NA,NA,NA,NA,NA,NA,NA,NA,NA,NA,NA,NA,NA,NA,NA,NA,NA,NA,NA,3.20359
778,0.703636,32.0359,124,"2026-03-14_MFXAB",1.87289884161207,NA,NA,NA,NA,NA,NA,NA,NA,NA,NA,NA,NA,NA,NA,NA,NA,NA,NA,NA,NA,NA,3.20359
779,0.704545,32.0359,123,"2026-03-14_MFXAB",1.87289884161207,NA,NA,NA,NA,NA,NA,NA,NA,NA,NA,NA,NA,NA,NA,NA,NA,NA,NA,NA,NA,NA,3.20359
780,0.705455,32.0359,123,"2026-03-14_MFXAB",1.87289884161207,NA,NA,NA,NA,NA,NA,NA,NA,NA,NA,NA,NA,NA,NA,NA,NA,NA,NA,NA,NA,NA,3.20359
781,0.706364,32.0359,123,"2026-03-14_MFXAB",1.87289884161207,NA,NA,NA,NA,NA,NA,NA,NA,NA,NA,NA,NA,NA,NA,NA,NA,NA,NA,NA,NA,NA,3.20359
782,0.707273,32.0359,123,"2026-03-14_MFXAB",1.87289884161207,NA,NA,NA,NA,NA,NA,NA,NA,NA,NA,NA,NA,NA,NA,NA,NA,NA,NA,NA,NA,NA,3.20359
783,0.708182,32.0359,123,"2026-03-14_MFXAB",1.87289884161207,NA,NA,NA,NA,NA,NA,NA,NA,NA,NA,NA,NA,NA,NA,NA,NA,NA,NA,NA,NA,NA,3.20359
784,0.709091,32.0359,124,"2026-03-14_MFXAB",1.87289884161207,NA,NA,NA,NA,NA,NA,NA,NA,NA,NA,NA,NA,NA,NA,NA,NA,NA,NA,NA,NA,NA,3.20359
785,0.71,32.0359,126,"2026-03-14_MFXAB",1.87289884161207,NA,NA,NA,NA,NA,NA,NA,NA,NA,NA,NA,NA,NA,NA,NA,NA,NA,NA,NA,NA,NA,3.20359
786,0.710909,32.0359,131,"2026-03-14_MFXAB",1.87289884161207,NA,NA,NA,NA,NA,NA,NA,NA,NA,NA,NA,NA,NA,NA,NA,NA,NA,NA,NA,NA,NA,3.20359
787,0.711818,32.0359,133,"2026-03-14_MFXAB",1.87289884161207,NA,NA,NA,NA,NA,NA,NA,NA,NA,NA,NA,NA,NA,NA,NA,NA,NA,NA,NA,NA,NA,3.20359
788,0.712727,32.0359,135,"2026-03-14_MFXAB",1.87289884161207,NA,NA,NA,NA,NA,NA,NA,NA,NA,NA,NA,NA,NA,NA,NA,NA,NA,NA,NA,NA,NA,3.20359
789,0.713636,32.0359,135,"2026-03-14_MFXAB",1.87289884161207,NA,NA,NA,NA,NA,NA,NA,NA,NA,NA,NA,NA,NA,NA,NA,NA,NA,NA,NA,NA,NA,3.20359
790,0.714545,32.0359,135,"2026-03-14_MFXAB",1.87289884161207,NA,NA,NA,NA,NA,NA,NA,NA,NA,NA,NA,NA,NA,NA,NA,NA,NA,NA,NA,NA,NA,3.20359
791,0.715455,32.0359,133,"2026-03-14_MFXAB",1.87289884161207,NA,NA,NA,NA,NA,NA,NA,NA,NA,NA,NA,NA,NA,NA,NA,NA,NA,NA,NA,NA,NA,3.20359
792,0.716364,32.0359,133,"2026-03-14_MFXAB",1.87289884161207,NA,NA,NA,NA,NA,NA,NA,NA,NA,NA,NA,NA,NA,NA,NA,NA,NA,NA,NA,NA,NA,3.20359
793,0.717273,32.0359,132,"2026-03-14_MFXAB",1.87289884161207,NA,NA,NA,NA,NA,NA,NA,NA,NA,NA,NA,NA,NA,NA,NA,NA,NA,NA,NA,NA,NA,3.20359
794,0.718182,32.0359,132,"2026-03-14_MFXAB",1.87289884161207,NA,NA,NA,NA,NA,NA,NA,NA,NA,NA,NA,NA,NA,NA,NA,NA,NA,NA,NA,NA,NA,3.20359
795,0.719091,32.0359,132,"2026-03-14_MFXAB",1.87289884161207,NA,NA,NA,NA,NA,NA,NA,NA,NA,NA,NA,NA,NA,NA,NA,NA,NA,NA,NA,NA,NA,3.20359
796,0.72,32.0359,132,"2026-03-14_MFXAB",1.87289884161207,NA,NA,NA,NA,NA,NA,NA,NA,NA,NA,NA,NA,NA,NA,NA,NA,NA,NA,NA,NA,NA,3.20359
797,0.720909,32.0359,131,"2026-03-14_MFXAB",1.87289884161207,NA,NA,NA,NA,NA,NA,NA,NA,NA,NA,NA,NA,NA,NA,NA,NA,NA,NA,NA,NA,NA,3.20359
798,0.721818,32.0359,132,"2026-03-14_MFXAB",1.87289884161207,NA,NA,NA,NA,NA,NA,NA,NA,NA,NA,NA,NA,NA,NA,NA,NA,NA,NA,NA,NA,NA,3.20359
799,0.722727,32.0359,132,"2026-03-14_MFXAB",1.87289884161207,NA,NA,NA,NA,NA,NA,NA,NA,NA,NA,NA,NA,NA,NA,NA,NA,NA,NA,NA,NA,NA,3.20359
800,0.723636,32.0359,132,"2026-03-14_MFXAB",1.87289884161207,NA,NA,NA,NA,NA,NA,NA,NA,NA,NA,NA,NA,NA,NA,NA,NA,NA,NA,NA,NA,NA,3.20359
801,0.724545,32.0359,131,"2026-03-14_MFXAB",1.87289884161207,NA,NA,NA,NA,NA,NA,NA,NA,NA,NA,NA,NA,NA,NA,NA,NA,NA,NA,NA,NA,NA,3.20359
802,0.725455,32.0359,132,"2026-03-14_MFXAB",1.87289884161207,NA,NA,NA,NA,NA,NA,NA,NA,NA,NA,NA,NA,NA,NA,NA,NA,NA,NA,NA,NA,NA,3.20359
803,0.726364,32.0359,132,"2026-03-14_MFXAB",1.87289884161207,NA,NA,NA,NA,NA,NA,NA,NA,NA,NA,NA,NA,NA,NA,NA,NA,NA,NA,NA,NA,NA,3.20359
804,0.727273,32.0359,131,"2026-03-14_MFXAB",1.87289884161207,NA,NA,NA,NA,NA,NA,NA,NA,NA,NA,NA,NA,NA,NA,NA,NA,NA,NA,NA,NA,NA,3.20359
805,0.728182,32.0359,132,"2026-03-14_MFXAB",1.87289884161207,NA,NA,NA,NA,NA,NA,NA,NA,NA,NA,NA,NA,NA,NA,NA,NA,NA,NA,NA,NA,NA,3.20359
806,0.729091,32.0359,132,"2026-03-14_MFXAB",1.87289884161207,NA,NA,NA,NA,NA,NA,NA,NA,NA,NA,NA,NA,NA,NA,NA,NA,NA,NA,NA,NA,NA,3.20359
807,0.73,32.0359,131,"2026-03-14_MFXAB",1.87289884161207,NA,NA,NA,NA,NA,NA,NA,NA,NA,NA,NA,NA,NA,NA,NA,NA,NA,NA,NA,NA,NA,3.20359
808,0.730909,32.0359,132,"2026-03-14_MFXAB",1.87289884161207,NA,NA,NA,NA,NA,NA,NA,NA,NA,NA,NA,NA,NA,NA,NA,NA,NA,NA,NA,NA,NA,3.20359
809,0.731818,32.0359,132,"2026-03-14_MFXAB",1.87289884161207,NA,NA,NA,NA,NA,NA,NA,NA,NA,NA,NA,NA,NA,NA,NA,NA,NA,NA,NA,NA,NA,3.20359
810,0.732727,32.0359,132,"2026-03-14_MFXAB",1.87289884161207,NA,NA,NA,NA,NA,NA,NA,NA,NA,NA,NA,NA,NA,NA,NA,NA,NA,NA,NA,NA,NA,3.20359
811,0.733636,32.0359,132,"2026-03-14_MFXAB",1.87289884161207,NA,NA,NA,NA,NA,NA,NA,NA,NA,NA,NA,NA,NA,NA,NA,NA,NA,NA,NA,NA,NA,3.20359
812,0.734545,32.0359,133,"2026-03-14_MFXAB",1.87289884161207,NA,NA,NA,NA,NA,NA,NA,NA,NA,NA,NA,NA,NA,NA,NA,NA,NA,NA,NA,NA,NA,3.20359
813,0.735455,32.0359,133,"2026-03-14_MFXAB",1.87289884161207,NA,NA,NA,NA,NA,NA,NA,NA,NA,NA,NA,NA,NA,NA,NA,NA,NA,NA,NA,NA,NA,3.20359
814,0.736364,32.0359,133,"2026-03-14_MFXAB",1.87289884161207,NA,NA,NA,NA,NA,NA,NA,NA,NA,NA,NA,NA,NA,NA,NA,NA,NA,NA,NA,NA,NA,3.20359
815,0.737273,32.0359,133,"2026-03-14_MFXAB",1.87289884161207,NA,NA,NA,NA,NA,NA,NA,NA,NA,NA,NA,NA,NA,NA,NA,NA,NA,NA,NA,NA,NA,3.20359
816,0.738182,32.0359,133,"2026-03-14_MFXAB",1.87289884161207,NA,NA,NA,NA,NA,NA,NA,NA,NA,NA,NA,NA,NA,NA,NA,NA,NA,NA,NA,NA,NA,3.20359
817,0.739091,32.0359,133,"2026-03-14_MFXAB",1.87289884161207,NA,NA,NA,NA,NA,NA,NA,NA,NA,NA,NA,NA,NA,NA,NA,NA,NA,NA,NA,NA,NA,3.20359
818,0.74,32.0359,133,"2026-03-14_MFXAB",1.87289884161207,NA,NA,NA,NA,NA,NA,NA,NA,NA,NA,NA,NA,NA,NA,NA,NA,NA,NA,NA,NA,NA,3.20359
819,0.740909,32.0359,133,"2026-03-14_MFXAB",1.87289884161207,NA,NA,NA,NA,NA,NA,NA,NA,NA,NA,NA,NA,NA,NA,NA,NA,NA,NA,NA,NA,NA,3.20359
820,0.741818,32.0359,133,"2026-03-14_MFXAB",1.87289884161207,NA,NA,NA,NA,NA,NA,NA,NA,NA,NA,NA,NA,NA,NA,NA,NA,NA,NA,NA,NA,NA,3.20359
821,0.742727,32.0359,133,"2026-03-14_MFXAB",1.87289884161207,NA,NA,NA,NA,NA,NA,NA,NA,NA,NA,NA,NA,NA,NA,NA,NA,NA,NA,NA,NA,NA,3.20359
822,0.743636,32.0359,133,"2026-03-14_MFXAB",1.87289884161207,NA,NA,NA,NA,NA,NA,NA,NA,NA,NA,NA,NA,NA,NA,NA,NA,NA,NA,NA,NA,NA,3.20359
823,0.744545,32.0359,134,"2026-03-14_MFXAB",1.87289884161207,NA,NA,NA,NA,NA,NA,NA,NA,NA,NA,NA,NA,NA,NA,NA,NA,NA,NA,NA,NA,NA,3.20359
824,0.745455,32.0359,133,"2026-03-14_MFXAB",1.87289884161207,NA,NA,NA,NA,NA,NA,NA,NA,NA,NA,NA,NA,NA,NA,NA,NA,NA,NA,NA,NA,NA,3.20359
825,0.746364,32.0359,133,"2026-03-14_MFXAB",1.87289884161207,NA,NA,NA,NA,NA,NA,NA,NA,NA,NA,NA,NA,NA,NA,NA,NA,NA,NA,NA,NA,NA,3.20359
826,0.747273,32.0359,134,"2026-03-14_MFXAB",1.87289884161207,NA,NA,NA,NA,NA,NA,NA,NA,NA,NA,NA,NA,NA,NA,NA,NA,NA,NA,NA,NA,NA,3.20359
827,0.748182,32.0359,133,"2026-03-14_MFXAB",1.87289884161207,NA,NA,NA,NA,NA,NA,NA,NA,NA,NA,NA,NA,NA,NA,NA,NA,NA,NA,NA,NA,NA,3.20359
828,0.749091,32.0359,133,"2026-03-14_MFXAB",1.87289884161207,NA,NA,NA,NA,NA,NA,NA,NA,NA,NA,NA,NA,NA,NA,NA,NA,NA,NA,NA,NA,NA,3.20359
829,0.75,32.0359,134,"2026-03-14_MFXAB",1.87289884161207,NA,NA,NA,NA,NA,NA,NA,NA,NA,NA,NA,NA,NA,NA,NA,NA,NA,NA,NA,NA,NA,3.20359
830,0.75,30.0254,134,"2026-03-14_MFXAB",1.93170147485408,NA,NA,NA,NA,NA,NA,NA,NA,NA,NA,NA,NA,NA,NA,NA,NA,NA,NA,NA,NA,NA,3.10607
831,0.750877,30.0254,134,"2026-03-14_MFXAB",1.93170147485408,NA,NA,NA,NA,NA,NA,NA,NA,NA,NA,NA,NA,NA,NA,NA,NA,NA,NA,NA,NA,NA,3.10607
832,0.751754,30.0254,134,"2026-03-14_MFXAB",1.93170147485408,NA,NA,NA,NA,NA,NA,NA,NA,NA,NA,NA,NA,NA,NA,NA,NA,NA,NA,NA,NA,NA,3.10607
833,0.752632,30.0254,133,"2026-03-14_MFXAB",1.93170147485408,NA,NA,NA,NA,NA,NA,NA,NA,NA,NA,NA,NA,NA,NA,NA,NA,NA,NA,NA,NA,NA,3.10607
834,0.753509,30.0254,133,"2026-03-14_MFXAB",1.93170147485408,NA,NA,NA,NA,NA,NA,NA,NA,NA,NA,NA,NA,NA,NA,NA,NA,NA,NA,NA,NA,NA,3.10607
835,0.754386,30.0254,133,"2026-03-14_MFXAB",1.93170147485408,NA,NA,NA,NA,NA,NA,NA,NA,NA,NA,NA,NA,NA,NA,NA,NA,NA,NA,NA,NA,NA,3.10607
836,0.755263,30.0254,132,"2026-03-14_MFXAB",1.93170147485408,NA,NA,NA,NA,NA,NA,NA,NA,NA,NA,NA,NA,NA,NA,NA,NA,NA,NA,NA,NA,NA,3.10607
837,0.75614,30.0254,131,"2026-03-14_MFXAB",1.93170147485408,NA,NA,NA,NA,NA,NA,NA,NA,NA,NA,NA,NA,NA,NA,NA,NA,NA,NA,NA,NA,NA,3.10607
838,0.757018,30.0254,130,"2026-03-14_MFXAB",1.93170147485408,NA,NA,NA,NA,NA,NA,NA,NA,NA,NA,NA,NA,NA,NA,NA,NA,NA,NA,NA,NA,NA,3.10607
839,0.757895,30.0254,129,"2026-03-14_MFXAB",1.93170147485408,NA,NA,NA,NA,NA,NA,NA,NA,NA,NA,NA,NA,NA,NA,NA,NA,NA,NA,NA,NA,NA,3.10607
840,0.758772,30.0254,128,"2026-03-14_MFXAB",1.93170147485408,NA,NA,NA,NA,NA,NA,NA,NA,NA,NA,NA,NA,NA,NA,NA,NA,NA,NA,NA,NA,NA,3.10607
841,0.759649,30.0254,128,"2026-03-14_MFXAB",1.93170147485408,NA,NA,NA,NA,NA,NA,NA,NA,NA,NA,NA,NA,NA,NA,NA,NA,NA,NA,NA,NA,NA,3.10607
842,0.760526,30.0254,128,"2026-03-14_MFXAB",1.93170147485408,NA,NA,NA,NA,NA,NA,NA,NA,NA,NA,NA,NA,NA,NA,NA,NA,NA,NA,NA,NA,NA,3.10607
843,0.761404,30.0254,128,"2026-03-14_MFXAB",1.93170147485408,NA,NA,NA,NA,NA,NA,NA,NA,NA,NA,NA,NA,NA,NA,NA,NA,NA,NA,NA,NA,NA,3.10607
844,0.762281,30.0254,128,"2026-03-14_MFXAB",1.93170147485408,NA,NA,NA,NA,NA,NA,NA,NA,NA,NA,NA,NA,NA,NA,NA,NA,NA,NA,NA,NA,NA,3.10607
845,0.763158,30.0254,129,"2026-03-14_MFXAB",1.93170147485408,NA,NA,NA,NA,NA,NA,NA,NA,NA,NA,NA,NA,NA,NA,NA,NA,NA,NA,NA,NA,NA,3.10607
846,0.764035,30.0254,129,"2026-03-14_MFXAB",1.93170147485408,NA,NA,NA,NA,NA,NA,NA,NA,NA,NA,NA,NA,NA,NA,NA,NA,NA,NA,NA,NA,NA,3.10607
847,0.764912,30.0254,129,"2026-03-14_MFXAB",1.93170147485408,NA,NA,NA,NA,NA,NA,NA,NA,NA,NA,NA,NA,NA,NA,NA,NA,NA,NA,NA,NA,NA,3.10607
848,0.765789,30.0254,129,"2026-03-14_MFXAB",1.93170147485408,NA,NA,NA,NA,NA,NA,NA,NA,NA,NA,NA,NA,NA,NA,NA,NA,NA,NA,NA,NA,NA,3.10607
849,0.766667,30.0254,129,"2026-03-14_MFXAB",1.93170147485408,NA,NA,NA,NA,NA,NA,NA,NA,NA,NA,NA,NA,NA,NA,NA,NA,NA,NA,NA,NA,NA,3.10607
850,0.767544,30.0254,129,"2026-03-14_MFXAB",1.93170147485408,NA,NA,NA,NA,NA,NA,NA,NA,NA,NA,NA,NA,NA,NA,NA,NA,NA,NA,NA,NA,NA,3.10607
851,0.768421,30.0254,129,"2026-03-14_MFXAB",1.93170147485408,NA,NA,NA,NA,NA,NA,NA,NA,NA,NA,NA,NA,NA,NA,NA,NA,NA,NA,NA,NA,NA,3.10607
852,0.769298,30.0254,129,"2026-03-14_MFXAB",1.93170147485408,NA,NA,NA,NA,NA,NA,NA,NA,NA,NA,NA,NA,NA,NA,NA,NA,NA,NA,NA,NA,NA,3.10607
853,0.770175,30.0254,129,"2026-03-14_MFXAB",1.93170147485408,NA,NA,NA,NA,NA,NA,NA,NA,NA,NA,NA,NA,NA,NA,NA,NA,NA,NA,NA,NA,NA,3.10607
854,0.771053,30.0254,129,"2026-03-14_MFXAB",1.93170147485408,NA,NA,NA,NA,NA,NA,NA,NA,NA,NA,NA,NA,NA,NA,NA,NA,NA,NA,NA,NA,NA,3.10607
855,0.77193,30.0254,129,"2026-03-14_MFXAB",1.93170147485408,NA,NA,NA,NA,NA,NA,NA,NA,NA,NA,NA,NA,NA,NA,NA,NA,NA,NA,NA,NA,NA,3.10607
856,0.772807,30.0254,130,"2026-03-14_MFXAB",1.93170147485408,NA,NA,NA,NA,NA,NA,NA,NA,NA,NA,NA,NA,NA,NA,NA,NA,NA,NA,NA,NA,NA,3.10607
857,0.773684,30.0254,129,"2026-03-14_MFXAB",1.93170147485408,NA,NA,NA,NA,NA,NA,NA,NA,NA,NA,NA,NA,NA,NA,NA,NA,NA,NA,NA,NA,NA,3.10607
858,0.774561,30.0254,129,"2026-03-14_MFXAB",1.93170147485408,NA,NA,NA,NA,NA,NA,NA,NA,NA,NA,NA,NA,NA,NA,NA,NA,NA,NA,NA,NA,NA,3.10607
859,0.775439,30.0254,129,"2026-03-14_MFXAB",1.93170147485408,NA,NA,NA,NA,NA,NA,NA,NA,NA,NA,NA,NA,NA,NA,NA,NA,NA,NA,NA,NA,NA,3.10607
860,0.776316,30.0254,130,"2026-03-14_MFXAB",1.93170147485408,NA,NA,NA,NA,NA,NA,NA,NA,NA,NA,NA,NA,NA,NA,NA,NA,NA,NA,NA,NA,NA,3.10607
861,0.777193,30.0254,131,"2026-03-14_MFXAB",1.93170147485408,NA,NA,NA,NA,NA,NA,NA,NA,NA,NA,NA,NA,NA,NA,NA,NA,NA,NA,NA,NA,NA,3.10607
862,0.77807,30.0254,132,"2026-03-14_MFXAB",1.93170147485408,NA,NA,NA,NA,NA,NA,NA,NA,NA,NA,NA,NA,NA,NA,NA,NA,NA,NA,NA,NA,NA,3.10607
863,0.778947,30.0254,133,"2026-03-14_MFXAB",1.93170147485408,NA,NA,NA,NA,NA,NA,NA,NA,NA,NA,NA,NA,NA,NA,NA,NA,NA,NA,NA,NA,NA,3.10607
864,0.779825,30.0254,134,"2026-03-14_MFXAB",1.93170147485408,NA,NA,NA,NA,NA,NA,NA,NA,NA,NA,NA,NA,NA,NA,NA,NA,NA,NA,NA,NA,NA,3.10607
865,0.780702,30.0254,134,"2026-03-14_MFXAB",1.93170147485408,NA,NA,NA,NA,NA,NA,NA,NA,NA,NA,NA,NA,NA,NA,NA,NA,NA,NA,NA,NA,NA,3.10607
866,0.781579,30.0254,134,"2026-03-14_MFXAB",1.93170147485408,NA,NA,NA,NA,NA,NA,NA,NA,NA,NA,NA,NA,NA,NA,NA,NA,NA,NA,NA,NA,NA,3.10607
867,0.782456,30.0254,134,"2026-03-14_MFXAB",1.93170147485408,NA,NA,NA,NA,NA,NA,NA,NA,NA,NA,NA,NA,NA,NA,NA,NA,NA,NA,NA,NA,NA,3.10607
868,0.783333,30.0254,134,"2026-03-14_MFXAB",1.93170147485408,NA,NA,NA,NA,NA,NA,NA,NA,NA,NA,NA,NA,NA,NA,NA,NA,NA,NA,NA,NA,NA,3.10607
869,0.784211,30.0254,134,"2026-03-14_MFXAB",1.93170147485408,NA,NA,NA,NA,NA,NA,NA,NA,NA,NA,NA,NA,NA,NA,NA,NA,NA,NA,NA,NA,NA,3.10607
870,0.785088,30.0254,134,"2026-03-14_MFXAB",1.93170147485408,NA,NA,NA,NA,NA,NA,NA,NA,NA,NA,NA,NA,NA,NA,NA,NA,NA,NA,NA,NA,NA,3.10607
871,0.785965,30.0254,134,"2026-03-14_MFXAB",1.93170147485408,NA,NA,NA,NA,NA,NA,NA,NA,NA,NA,NA,NA,NA,NA,NA,NA,NA,NA,NA,NA,NA,3.10607
872,0.786842,30.0254,133,"2026-03-14_MFXAB",1.93170147485408,NA,NA,NA,NA,NA,NA,NA,NA,NA,NA,NA,NA,NA,NA,NA,NA,NA,NA,NA,NA,NA,3.10607
873,0.787719,30.0254,134,"2026-03-14_MFXAB",1.93170147485408,NA,NA,NA,NA,NA,NA,NA,NA,NA,NA,NA,NA,NA,NA,NA,NA,NA,NA,NA,NA,NA,3.10607
874,0.788596,30.0254,134,"2026-03-14_MFXAB",1.93170147485408,NA,NA,NA,NA,NA,NA,NA,NA,NA,NA,NA,NA,NA,NA,NA,NA,NA,NA,NA,NA,NA,3.10607
875,0.789474,30.0254,134,"2026-03-14_MFXAB",1.93170147485408,NA,NA,NA,NA,NA,NA,NA,NA,NA,NA,NA,NA,NA,NA,NA,NA,NA,NA,NA,NA,NA,3.10607
876,0.790351,30.0254,134,"2026-03-14_MFXAB",1.93170147485408,NA,NA,NA,NA,NA,NA,NA,NA,NA,NA,NA,NA,NA,NA,NA,NA,NA,NA,NA,NA,NA,3.10607
877,0.791228,30.0254,134,"2026-03-14_MFXAB",1.93170147485408,NA,NA,NA,NA,NA,NA,NA,NA,NA,NA,NA,NA,NA,NA,NA,NA,NA,NA,NA,NA,NA,3.10607
878,0.792105,30.0254,134,"2026-03-14_MFXAB",1.93170147485408,NA,NA,NA,NA,NA,NA,NA,NA,NA,NA,NA,NA,NA,NA,NA,NA,NA,NA,NA,NA,NA,3.10607
879,0.792982,30.0254,134,"2026-03-14_MFXAB",1.93170147485408,NA,NA,NA,NA,NA,NA,NA,NA,NA,NA,NA,NA,NA,NA,NA,NA,NA,NA,NA,NA,NA,3.10607
880,0.79386,30.0254,133,"2026-03-14_MFXAB",1.93170147485408,NA,NA,NA,NA,NA,NA,NA,NA,NA,NA,NA,NA,NA,NA,NA,NA,NA,NA,NA,NA,NA,3.10607
881,0.794737,30.0254,134,"2026-03-14_MFXAB",1.93170147485408,NA,NA,NA,NA,NA,NA,NA,NA,NA,NA,NA,NA,NA,NA,NA,NA,NA,NA,NA,NA,NA,3.10607
882,0.795614,30.0254,134,"2026-03-14_MFXAB",1.93170147485408,NA,NA,NA,NA,NA,NA,NA,NA,NA,NA,NA,NA,NA,NA,NA,NA,NA,NA,NA,NA,NA,3.10607
883,0.796491,30.0254,134,"2026-03-14_MFXAB",1.93170147485408,NA,NA,NA,NA,NA,NA,NA,NA,NA,NA,NA,NA,NA,NA,NA,NA,NA,NA,NA,NA,NA,3.10607
884,0.797368,30.0254,133,"2026-03-14_MFXAB",1.93170147485408,NA,NA,NA,NA,NA,NA,NA,NA,NA,NA,NA,NA,NA,NA,NA,NA,NA,NA,NA,NA,NA,3.10607
885,0.798246,30.0254,134,"2026-03-14_MFXAB",1.93170147485408,NA,NA,NA,NA,NA,NA,NA,NA,NA,NA,NA,NA,NA,NA,NA,NA,NA,NA,NA,NA,NA,3.10607
886,0.799123,30.0254,133,"2026-03-14_MFXAB",1.93170147485408,NA,NA,NA,NA,NA,NA,NA,NA,NA,NA,NA,NA,NA,NA,NA,NA,NA,NA,NA,NA,NA,3.10607
887,0.8,30.0254,133,"2026-03-14_MFXAB",1.93170147485408,NA,NA,NA,NA,NA,NA,NA,NA,NA,NA,NA,NA,NA,NA,NA,NA,NA,NA,NA,NA,NA,3.10607
0,0,NA,97,"2026-03-14_FELIO",NA,0,NA,NA,NA,NA,NA,NA,NA,NA,NA,NA,NA,NA,NA,NA,NA,NA,NA,0,0,NA,0
1,0.00124,NA,97,"2026-03-14_FELIO",13.430029546065,93,NA,NA,NA,NA,NA,NA,NA,NA,NA,NA,NA,NA,NA,NA,NA,NA,NA,5.73,0,NA,4.4676
2,0.00248,NA,98,"2026-03-14_FELIO",13.430029546065,96,NA,NA,NA,NA,NA,NA,NA,NA,NA,NA,NA,NA,NA,NA,NA,NA,NA,5.73,0,NA,4.4676
3,0.00372,NA,98,"2026-03-14_FELIO",13.430029546065,149,NA,NA,NA,NA,NA,NA,NA,NA,NA,NA,NA,NA,NA,NA,NA,NA,NA,5.68,420,NA,4.4676
4,0.0053,NA,99,"2026-03-14_FELIO",10.568590150074,207,NA,NA,NA,NA,NA,NA,NA,NA,NA,NA,NA,NA,NA,NA,NA,NA,NA,7.25,335,NA,5.6772
5,0.00829,NA,98,"2026-03-14_FELIO",5.58160303639205,372,NA,NA,NA,NA,NA,NA,NA,NA,NA,NA,NA,NA,NA,NA,NA,NA,NA,10.16,303,NA,10.7496
6,0.01149,NA,99,"2026-03-14_FELIO",5.20833333333333,392,NA,NA,NA,NA,NA,NA,NA,NA,NA,NA,NA,NA,NA,NA,NA,NA,NA,8.66,256,NA,11.52
7,0.01497,NA,100,"2026-03-14_FELIO",4.78927203065134,430,NA,NA,NA,NA,NA,NA,NA,NA,NA,NA,NA,NA,NA,NA,NA,NA,NA,9,249,NA,12.528
8,0.01894,NA,100,"2026-03-14_FELIO",4.19287211740042,494,NA,NA,NA,NA,NA,NA,NA,NA,NA,NA,NA,NA,NA,NA,NA,NA,NA,9.55,236,NA,14.31
9,0.02299,NA,100,"2026-03-14_FELIO",4.12541254125412,506,NA,NA,NA,NA,NA,NA,NA,NA,NA,NA,NA,NA,NA,NA,NA,NA,NA,9.63,234,NA,14.544
10,0.02703,NA,102,"2026-03-14_FELIO",4.11522633744856,509,NA,NA,NA,NA,NA,NA,NA,NA,NA,NA,NA,NA,NA,NA,NA,NA,NA,9.63,234,NA,14.58
11,0.03108,NA,103,"2026-03-14_FELIO",4.11522633744856,511,NA,NA,NA,NA,NA,NA,NA,NA,NA,NA,NA,NA,NA,NA,NA,NA,NA,9.63,234,NA,14.58
12,0.03513,NA,104,"2026-03-14_FELIO",4.11522633744856,478,NA,NA,NA,NA,NA,NA,NA,NA,NA,NA,NA,NA,NA,NA,NA,NA,NA,9.83,236,NA,14.58
13,0.03917,NA,105,"2026-03-14_FELIO",4.12541254125412,471,NA,NA,NA,NA,NA,NA,NA,NA,NA,NA,NA,NA,NA,NA,NA,NA,NA,9.79,237,NA,14.544
14,0.04321,NA,106,"2026-03-14_FELIO",4.12541254125412,470,NA,NA,NA,NA,NA,NA,NA,NA,NA,NA,NA,NA,NA,NA,NA,NA,NA,9.63,234,NA,14.544
15,0.04726,NA,107,"2026-03-14_FELIO",4.11522633744856,471,NA,NA,NA,NA,NA,NA,NA,NA,NA,NA,NA,NA,NA,NA,NA,NA,NA,9.63,234,NA,14.58
16,0.0513,NA,108,"2026-03-14_FELIO",4.12541254125412,470,NA,NA,NA,NA,NA,NA,NA,NA,NA,NA,NA,NA,NA,NA,NA,NA,NA,9.63,234,NA,14.544
17,0.05534,NA,109,"2026-03-14_FELIO",4.12541254125412,470,NA,NA,NA,NA,NA,NA,NA,NA,NA,NA,NA,NA,NA,NA,NA,NA,NA,9.63,234,NA,14.544
18,0.05938,NA,110,"2026-03-14_FELIO",4.12541254125412,470,NA,NA,NA,NA,NA,NA,NA,NA,NA,NA,NA,NA,NA,NA,NA,NA,NA,9.63,234,NA,14.544
19,0.06343,NA,111,"2026-03-14_FELIO",4.11522633744856,471,NA,NA,NA,NA,NA,NA,NA,NA,NA,NA,NA,NA,NA,NA,NA,NA,NA,9.63,234,NA,14.58
20,0.06747,NA,112,"2026-03-14_FELIO",4.12541254125412,470,NA,NA,NA,NA,NA,NA,NA,NA,NA,NA,NA,NA,NA,NA,NA,NA,NA,9.63,234,NA,14.544
21,0.07145,NA,113,"2026-03-14_FELIO",4.18340026773762,464,NA,NA,NA,NA,NA,NA,NA,NA,NA,NA,NA,NA,NA,NA,NA,NA,NA,9.75,238,NA,14.3424
22,0.07537,NA,114,"2026-03-14_FELIO",4.25278557455133,457,NA,NA,NA,NA,NA,NA,NA,NA,NA,NA,NA,NA,NA,NA,NA,NA,NA,9.67,240,NA,14.1084
23,0.07925,NA,116,"2026-03-14_FELIO",4.30440771349862,454,NA,NA,NA,NA,NA,NA,NA,NA,NA,NA,NA,NA,NA,NA,NA,NA,NA,10,246,NA,13.9392
24,0.08312,NA,117,"2026-03-14_FELIO",4.30440771349862,454,NA,NA,NA,NA,NA,NA,NA,NA,NA,NA,NA,NA,NA,NA,NA,NA,NA,10,246,NA,13.9392
25,0.087,NA,118,"2026-03-14_FELIO",4.29331959471063,454,NA,NA,NA,NA,NA,NA,NA,NA,NA,NA,NA,NA,NA,NA,NA,NA,NA,9.83,243,NA,13.9752
26,0.09088,NA,119,"2026-03-14_FELIO",4.29331959471063,453,NA,NA,NA,NA,NA,NA,NA,NA,NA,NA,NA,NA,NA,NA,NA,NA,NA,9.63,241,NA,13.9752
27,0.09476,NA,120,"2026-03-14_FELIO",4.29331959471063,452,NA,NA,NA,NA,NA,NA,NA,NA,NA,NA,NA,NA,NA,NA,NA,NA,NA,9.43,239,NA,13.9752
28,0.09866,NA,121,"2026-03-14_FELIO",4.27350427350427,456,NA,NA,NA,NA,NA,NA,NA,NA,NA,NA,NA,NA,NA,NA,NA,NA,NA,9.47,238,NA,14.04
29,0.10258,NA,123,"2026-03-14_FELIO",4.25278557455133,459,NA,NA,NA,NA,NA,NA,NA,NA,NA,NA,NA,NA,NA,NA,NA,NA,NA,9.47,238,NA,14.1084
30,0.10653,NA,124,"2026-03-14_FELIO",4.22261633307998,466,NA,NA,NA,NA,NA,NA,NA,NA,NA,NA,NA,NA,NA,NA,NA,NA,NA,9.71,239,NA,14.2092
31,0.11049,NA,125,"2026-03-14_FELIO",4.20238695579089,471,NA,NA,NA,NA,NA,NA,NA,NA,NA,NA,NA,NA,NA,NA,NA,NA,NA,9.92,241,NA,14.2776
32,0.11447,NA,127,"2026-03-14_FELIO",4.19287211740042,473,NA,NA,NA,NA,NA,NA,NA,NA,NA,NA,NA,NA,NA,NA,NA,NA,NA,10.09,244,NA,14.31
33,0.11845,NA,128,"2026-03-14_FELIO",4.19287211740042,471,NA,NA,NA,NA,NA,NA,NA,NA,NA,NA,NA,NA,NA,NA,NA,NA,NA,10.09,244,NA,14.31
34,0.12239,NA,130,"2026-03-14_FELIO",4.22261633307998,463,NA,NA,NA,NA,NA,NA,NA,NA,NA,NA,NA,NA,NA,NA,NA,NA,NA,10.09,244,NA,14.2092
35,0.1263,NA,133,"2026-03-14_FELIO",4.26257459505541,459,NA,NA,NA,NA,NA,NA,NA,NA,NA,NA,NA,NA,NA,NA,NA,NA,NA,10.05,245,NA,14.076
36,0.13018,NA,137,"2026-03-14_FELIO",4.29331959471063,455,NA,NA,NA,NA,NA,NA,NA,NA,NA,NA,NA,NA,NA,NA,NA,NA,NA,10,246,NA,13.9752
37,0.134,NA,145,"2026-03-14_FELIO",4.3675751222921,449,NA,NA,NA,NA,NA,NA,NA,NA,NA,NA,NA,NA,NA,NA,NA,NA,NA,10.1,251,NA,13.7376
38,0.13767,NA,149,"2026-03-14_FELIO",4.54504135987638,431,NA,NA,NA,NA,NA,NA,NA,NA,NA,NA,NA,NA,NA,NA,NA,NA,NA,9.91,255,NA,13.2012
39,0.14122,NA,151,"2026-03-14_FELIO",4.6882325363338,418,NA,NA,NA,NA,NA,NA,NA,NA,NA,NA,NA,NA,NA,NA,NA,NA,NA,9.77,258,NA,12.798
40,0.1447,NA,153,"2026-03-14_FELIO",4.78927203065134,409,NA,NA,NA,NA,NA,NA,NA,NA,NA,NA,NA,NA,NA,NA,NA,NA,NA,9.7,259,NA,12.528
41,0.14827,NA,154,"2026-03-14_FELIO",4.6633090841261,419,NA,NA,NA,NA,NA,NA,NA,NA,NA,NA,NA,NA,NA,NA,NA,NA,NA,9.81,257,NA,12.8664
42,0.15189,NA,155,"2026-03-14_FELIO",4.60405156537753,421,NA,NA,NA,NA,NA,NA,NA,NA,NA,NA,NA,NA,NA,NA,NA,NA,NA,9.86,256,NA,13.032
43,0.15555,NA,155,"2026-03-14_FELIO",4.55622380171314,427,NA,NA,NA,NA,NA,NA,NA,NA,NA,NA,NA,NA,NA,NA,NA,NA,NA,9.73,252,NA,13.1688
44,0.15926,NA,155,"2026-03-14_FELIO",4.4996400287977,431,NA,NA,NA,NA,NA,NA,NA,NA,NA,NA,NA,NA,NA,NA,NA,NA,NA,9.61,248,NA,13.3344
45,0.16301,NA,155,"2026-03-14_FELIO",4.44325957522438,425,NA,NA,NA,NA,NA,NA,NA,NA,NA,NA,NA,NA,NA,NA,NA,NA,NA,9.66,247,NA,13.5036
46,0.16683,NA,155,"2026-03-14_FELIO",4.3561596096881,427,NA,NA,NA,NA,NA,NA,NA,NA,NA,NA,NA,NA,NA,NA,NA,NA,NA,9.58,242,NA,13.7736
47,0.17071,NA,155,"2026-03-14_FELIO",4.29331959471063,430,NA,NA,NA,NA,NA,NA,NA,NA,NA,NA,NA,NA,NA,NA,NA,NA,NA,9.63,241,NA,13.9752
48,0.1746,NA,156,"2026-03-14_FELIO",4.29331959471063,422,NA,NA,NA,NA,NA,NA,NA,NA,NA,NA,NA,NA,NA,NA,NA,NA,NA,9.43,239,NA,13.9752
49,0.17848,NA,157,"2026-03-14_FELIO",4.29331959471063,416,NA,NA,NA,NA,NA,NA,NA,NA,NA,NA,NA,NA,NA,NA,NA,NA,NA,9.43,239,NA,13.9752
50,0.18236,NA,158,"2026-03-14_FELIO",4.29331959471063,409,NA,NA,NA,NA,NA,NA,NA,NA,NA,NA,NA,NA,NA,NA,NA,NA,NA,9.43,239,NA,13.9752
51,0.18624,NA,159,"2026-03-14_FELIO",4.29331959471063,407,NA,NA,NA,NA,NA,NA,NA,NA,NA,NA,NA,NA,NA,NA,NA,NA,NA,10,246,NA,13.9752
52,0.19013,NA,160,"2026-03-14_FELIO",4.28338901739056,409,NA,NA,NA,NA,NA,NA,NA,NA,NA,NA,NA,NA,NA,NA,NA,NA,NA,10.01,246,NA,14.0076
53,0.19403,NA,161,"2026-03-14_FELIO",4.27350427350427,412,NA,NA,NA,NA,NA,NA,NA,NA,NA,NA,NA,NA,NA,NA,NA,NA,NA,10.01,246,NA,14.04
54,0.19793,NA,162,"2026-03-14_FELIO",4.27350427350427,414,NA,NA,NA,NA,NA,NA,NA,NA,NA,NA,NA,NA,NA,NA,NA,NA,NA,10.01,246,NA,14.04
55,0.20183,NA,163,"2026-03-14_FELIO",4.27350427350427,415,NA,NA,NA,NA,NA,NA,NA,NA,NA,NA,NA,NA,NA,NA,NA,NA,NA,10.01,246,NA,14.04
56,0.20572,NA,163,"2026-03-14_FELIO",4.28338901739056,415,NA,NA,NA,NA,NA,NA,NA,NA,NA,NA,NA,NA,NA,NA,NA,NA,NA,10.01,246,NA,14.0076
57,0.20962,NA,164,"2026-03-14_FELIO",4.28338901739056,416,NA,NA,NA,NA,NA,NA,NA,NA,NA,NA,NA,NA,NA,NA,NA,NA,NA,9.83,243,NA,14.0076
58,0.2135,NA,164,"2026-03-14_FELIO",4.28338901739056,419,NA,NA,NA,NA,NA,NA,NA,NA,NA,NA,NA,NA,NA,NA,NA,NA,NA,9.83,243,NA,14.0076
59,0.2174,NA,164,"2026-03-14_FELIO",4.28338901739056,421,NA,NA,NA,NA,NA,NA,NA,NA,NA,NA,NA,NA,NA,NA,NA,NA,NA,9.83,243,NA,14.0076
60,0.2213,NA,165,"2026-03-14_FELIO",4.27350427350427,426,NA,NA,NA,NA,NA,NA,NA,NA,NA,NA,NA,NA,NA,NA,NA,NA,NA,9.83,243,NA,14.04
61,0.22522,NA,164,"2026-03-14_FELIO",4.25278557455133,430,NA,NA,NA,NA,NA,NA,NA,NA,NA,NA,NA,NA,NA,NA,NA,NA,NA,9.47,238,NA,14.1084
62,0.22915,NA,164,"2026-03-14_FELIO",4.2322668020992,436,NA,NA,NA,NA,NA,NA,NA,NA,NA,NA,NA,NA,NA,NA,NA,NA,NA,9.51,237,NA,14.1768
63,0.23311,NA,164,"2026-03-14_FELIO",4.21300977418268,443,NA,NA,NA,NA,NA,NA,NA,NA,NA,NA,NA,NA,NA,NA,NA,NA,NA,9.51,237,NA,14.2416
64,0.23707,NA,163,"2026-03-14_FELIO",4.20238695579089,446,NA,NA,NA,NA,NA,NA,NA,NA,NA,NA,NA,NA,NA,NA,NA,NA,NA,9.55,236,NA,14.2776
65,0.24105,NA,163,"2026-03-14_FELIO",4.19287211740042,450,NA,NA,NA,NA,NA,NA,NA,NA,NA,NA,NA,NA,NA,NA,NA,NA,NA,9.75,238,NA,14.31
66,0.24503,NA,163,"2026-03-14_FELIO",4.18340026773762,453,NA,NA,NA,NA,NA,NA,NA,NA,NA,NA,NA,NA,NA,NA,NA,NA,NA,9.75,238,NA,14.3424
67,0.24902,NA,163,"2026-03-14_FELIO",4.18340026773762,455,NA,NA,NA,NA,NA,NA,NA,NA,NA,NA,NA,NA,NA,NA,NA,NA,NA,9.92,241,NA,14.3424
68,0.253,NA,163,"2026-03-14_FELIO",4.18340026773762,456,NA,NA,NA,NA,NA,NA,NA,NA,NA,NA,NA,NA,NA,NA,NA,NA,NA,9.92,241,NA,14.3424
69,0.25699,NA,164,"2026-03-14_FELIO",4.18340026773762,457,NA,NA,NA,NA,NA,NA,NA,NA,NA,NA,NA,NA,NA,NA,NA,NA,NA,9.92,241,NA,14.3424
70,0.26096,NA,164,"2026-03-14_FELIO",4.19287211740042,457,NA,NA,NA,NA,NA,NA,NA,NA,NA,NA,NA,NA,NA,NA,NA,NA,NA,9.92,241,NA,14.31
71,0.26494,NA,164,"2026-03-14_FELIO",4.19287211740042,458,NA,NA,NA,NA,NA,NA,NA,NA,NA,NA,NA,NA,NA,NA,NA,NA,NA,9.92,241,NA,14.31
72,0.26891,NA,164,"2026-03-14_FELIO",4.19287211740042,460,NA,NA,NA,NA,NA,NA,NA,NA,NA,NA,NA,NA,NA,NA,NA,NA,NA,9.92,241,NA,14.31
73,0.27289,NA,164,"2026-03-14_FELIO",4.19287211740042,461,NA,NA,NA,NA,NA,NA,NA,NA,NA,NA,NA,NA,NA,NA,NA,NA,NA,9.92,241,NA,14.31
74,0.27686,NA,165,"2026-03-14_FELIO",4.19287211740042,462,NA,NA,NA,NA,NA,NA,NA,NA,NA,NA,NA,NA,NA,NA,NA,NA,NA,9.92,241,NA,14.31
75,0.28085,NA,165,"2026-03-14_FELIO",4.18340026773762,465,NA,NA,NA,NA,NA,NA,NA,NA,NA,NA,NA,NA,NA,NA,NA,NA,NA,9.92,241,NA,14.3424
76,0.28482,NA,165,"2026-03-14_FELIO",4.19287211740042,464,NA,NA,NA,NA,NA,NA,NA,NA,NA,NA,NA,NA,NA,NA,NA,NA,NA,9.92,241,NA,14.31
77,0.28873,NA,165,"2026-03-14_FELIO",4.26257459505541,457,NA,NA,NA,NA,NA,NA,NA,NA,NA,NA,NA,NA,NA,NA,NA,NA,NA,9.83,243,NA,14.076
78,0.29259,NA,164,"2026-03-14_FELIO",4.31443610320131,451,NA,NA,NA,NA,NA,NA,NA,NA,NA,NA,NA,NA,NA,NA,NA,NA,NA,9.79,244,NA,13.9068
79,0.29643,NA,164,"2026-03-14_FELIO",4.34593654932638,448,NA,NA,NA,NA,NA,NA,NA,NA,NA,NA,NA,NA,NA,NA,NA,NA,NA,9.96,247,NA,13.806
80,0.30028,NA,163,"2026-03-14_FELIO",4.32451133021969,450,NA,NA,NA,NA,NA,NA,NA,NA,NA,NA,NA,NA,NA,NA,NA,NA,NA,9.96,247,NA,13.8744
81,0.30416,NA,163,"2026-03-14_FELIO",4.30440771349862,452,NA,NA,NA,NA,NA,NA,NA,NA,NA,NA,NA,NA,NA,NA,NA,NA,NA,10,246,NA,13.9392
82,0.30802,NA,162,"2026-03-14_FELIO",4.30440771349862,451,NA,NA,NA,NA,NA,NA,NA,NA,NA,NA,NA,NA,NA,NA,NA,NA,NA,9.79,244,NA,13.9392
83,0.31191,NA,161,"2026-03-14_FELIO",4.29331959471063,454,NA,NA,NA,NA,NA,NA,NA,NA,NA,NA,NA,NA,NA,NA,NA,NA,NA,9.83,243,NA,13.9752
84,0.3158,NA,161,"2026-03-14_FELIO",4.28338901739056,454,NA,NA,NA,NA,NA,NA,NA,NA,NA,NA,NA,NA,NA,NA,NA,NA,NA,9.83,243,NA,14.0076
85,0.31971,NA,162,"2026-03-14_FELIO",4.26257459505541,458,NA,NA,NA,NA,NA,NA,NA,NA,NA,NA,NA,NA,NA,NA,NA,NA,NA,10.05,245,NA,14.076
86,0.32363,NA,162,"2026-03-14_FELIO",4.25278557455133,459,NA,NA,NA,NA,NA,NA,NA,NA,NA,NA,NA,NA,NA,NA,NA,NA,NA,10.05,245,NA,14.1084
87,0.32755,NA,162,"2026-03-14_FELIO",4.25278557455133,457,NA,NA,NA,NA,NA,NA,NA,NA,NA,NA,NA,NA,NA,NA,NA,NA,NA,9.87,242,NA,14.1084
88,0.33146,NA,161,"2026-03-14_FELIO",4.25278557455133,456,NA,NA,NA,NA,NA,NA,NA,NA,NA,NA,NA,NA,NA,NA,NA,NA,NA,9.87,242,NA,14.1084
89,0.33538,NA,161,"2026-03-14_FELIO",4.25278557455133,455,NA,NA,NA,NA,NA,NA,NA,NA,NA,NA,NA,NA,NA,NA,NA,NA,NA,9.87,242,NA,14.1084
90,0.33931,NA,161,"2026-03-14_FELIO",4.24304141208418,456,NA,NA,NA,NA,NA,NA,NA,NA,NA,NA,NA,NA,NA,NA,NA,NA,NA,9.87,242,NA,14.1408
91,0.34325,NA,161,"2026-03-14_FELIO",4.2322668020992,456,NA,NA,NA,NA,NA,NA,NA,NA,NA,NA,NA,NA,NA,NA,NA,NA,NA,9.71,239,NA,14.1768
92,0.34719,NA,161,"2026-03-14_FELIO",4.22261633307998,457,NA,NA,NA,NA,NA,NA,NA,NA,NA,NA,NA,NA,NA,NA,NA,NA,NA,9.51,237,NA,14.2092
93,0.35112,NA,160,"2026-03-14_FELIO",4.24304141208418,453,NA,NA,NA,NA,NA,NA,NA,NA,NA,NA,NA,NA,NA,NA,NA,NA,NA,9.51,237,NA,14.1408
94,0.355,NA,160,"2026-03-14_FELIO",4.30440771349862,447,NA,NA,NA,NA,NA,NA,NA,NA,NA,NA,NA,NA,NA,NA,NA,NA,NA,9.63,241,NA,13.9392
95,0.35883,NA,160,"2026-03-14_FELIO",4.34593654932638,444,NA,NA,NA,NA,NA,NA,NA,NA,NA,NA,NA,NA,NA,NA,NA,NA,NA,9.75,245,NA,13.806
96,0.36265,NA,160,"2026-03-14_FELIO",4.3675751222921,442,NA,NA,NA,NA,NA,NA,NA,NA,NA,NA,NA,NA,NA,NA,NA,NA,NA,9.75,245,NA,13.7376
97,0.36653,NA,160,"2026-03-14_FELIO",4.29331959471063,450,NA,NA,NA,NA,NA,NA,NA,NA,NA,NA,NA,NA,NA,NA,NA,NA,NA,9.83,243,NA,13.9752
98,0.37046,NA,160,"2026-03-14_FELIO",4.24304141208418,460,NA,NA,NA,NA,NA,NA,NA,NA,NA,NA,NA,NA,NA,NA,NA,NA,NA,9.87,242,NA,14.1408
99,0.37442,NA,160,"2026-03-14_FELIO",4.21300977418268,469,NA,NA,NA,NA,NA,NA,NA,NA,NA,NA,NA,NA,NA,NA,NA,NA,NA,9.88,242,NA,14.2416
100,0.37839,NA,161,"2026-03-14_FELIO",4.19287211740042,475,NA,NA,NA,NA,NA,NA,NA,NA,NA,NA,NA,NA,NA,NA,NA,NA,NA,9.92,241,NA,14.31
101,0.38239,NA,161,"2026-03-14_FELIO",4.16354400866017,477,NA,NA,NA,NA,NA,NA,NA,NA,NA,NA,NA,NA,NA,NA,NA,NA,NA,9.96,240,NA,14.4108
102,0.38641,NA,161,"2026-03-14_FELIO",4.1438753522294,475,NA,NA,NA,NA,NA,NA,NA,NA,NA,NA,NA,NA,NA,NA,NA,NA,NA,9.79,237,NA,14.4792
103,0.39044,NA,161,"2026-03-14_FELIO",4.1438753522294,472,NA,NA,NA,NA,NA,NA,NA,NA,NA,NA,NA,NA,NA,NA,NA,NA,NA,9.96,240,NA,14.4792
104,0.39445,NA,161,"2026-03-14_FELIO",4.1438753522294,468,NA,NA,NA,NA,NA,NA,NA,NA,NA,NA,NA,NA,NA,NA,NA,NA,NA,9.96,240,NA,14.4792
105,0.39848,NA,161,"2026-03-14_FELIO",4.1438753522294,465,NA,NA,NA,NA,NA,NA,NA,NA,NA,NA,NA,NA,NA,NA,NA,NA,NA,10.17,242,NA,14.4792
106,0.40246,NA,161,"2026-03-14_FELIO",4.18340026773762,457,NA,NA,NA,NA,NA,NA,NA,NA,NA,NA,NA,NA,NA,NA,NA,NA,NA,10.13,243,NA,14.3424
107,0.40643,NA,161,"2026-03-14_FELIO",4.20238695579089,454,NA,NA,NA,NA,NA,NA,NA,NA,NA,NA,NA,NA,NA,NA,NA,NA,NA,10.09,244,NA,14.2776
108,0.41038,NA,161,"2026-03-14_FELIO",4.21300977418268,449,NA,NA,NA,NA,NA,NA,NA,NA,NA,NA,NA,NA,NA,NA,NA,NA,NA,10.09,244,NA,14.2416
109,0.41433,NA,161,"2026-03-14_FELIO",4.22261633307998,444,NA,NA,NA,NA,NA,NA,NA,NA,NA,NA,NA,NA,NA,NA,NA,NA,NA,10.09,244,NA,14.2092
110,0.41828,NA,161,"2026-03-14_FELIO",4.22261633307998,442,NA,NA,NA,NA,NA,NA,NA,NA,NA,NA,NA,NA,NA,NA,NA,NA,NA,10.09,244,NA,14.2092
111,0.42223,NA,161,"2026-03-14_FELIO",4.21300977418268,441,NA,NA,NA,NA,NA,NA,NA,NA,NA,NA,NA,NA,NA,NA,NA,NA,NA,9.88,242,NA,14.2416
112,0.42619,NA,161,"2026-03-14_FELIO",4.21300977418268,440,NA,NA,NA,NA,NA,NA,NA,NA,NA,NA,NA,NA,NA,NA,NA,NA,NA,9.88,242,NA,14.2416
113,0.43015,NA,161,"2026-03-14_FELIO",4.20238695579089,441,NA,NA,NA,NA,NA,NA,NA,NA,NA,NA,NA,NA,NA,NA,NA,NA,NA,9.92,241,NA,14.2776
114,0.43412,NA,161,"2026-03-14_FELIO",4.20238695579089,441,NA,NA,NA,NA,NA,NA,NA,NA,NA,NA,NA,NA,NA,NA,NA,NA,NA,9.92,241,NA,14.2776
115,0.43809,NA,162,"2026-03-14_FELIO",4.20238695579089,441,NA,NA,NA,NA,NA,NA,NA,NA,NA,NA,NA,NA,NA,NA,NA,NA,NA,9.92,241,NA,14.2776
116,0.44205,NA,161,"2026-03-14_FELIO",4.20238695579089,440,NA,NA,NA,NA,NA,NA,NA,NA,NA,NA,NA,NA,NA,NA,NA,NA,NA,9.71,239,NA,14.2776
117,0.44602,NA,161,"2026-03-14_FELIO",4.20238695579089,440,NA,NA,NA,NA,NA,NA,NA,NA,NA,NA,NA,NA,NA,NA,NA,NA,NA,9.71,239,NA,14.2776
118,0.44998,NA,161,"2026-03-14_FELIO",4.20238695579089,443,NA,NA,NA,NA,NA,NA,NA,NA,NA,NA,NA,NA,NA,NA,NA,NA,NA,9.92,241,NA,14.2776
119,0.45389,NA,161,"2026-03-14_FELIO",4.26257459505541,438,NA,NA,NA,NA,NA,NA,NA,NA,NA,NA,NA,NA,NA,NA,NA,NA,NA,9.83,243,NA,14.076
120,0.45773,NA,162,"2026-03-14_FELIO",4.34593654932638,430,NA,NA,NA,NA,NA,NA,NA,NA,NA,NA,NA,NA,NA,NA,NA,NA,NA,9.75,245,NA,13.806
121,0.46153,NA,162,"2026-03-14_FELIO",4.38827453045463,429,NA,NA,NA,NA,NA,NA,NA,NA,NA,NA,NA,NA,NA,NA,NA,NA,NA,9.91,248,NA,13.6728
122,0.46529,NA,162,"2026-03-14_FELIO",4.42086648983201,427,NA,NA,NA,NA,NA,NA,NA,NA,NA,NA,NA,NA,NA,NA,NA,NA,NA,9.87,249,NA,13.572
123,0.46906,NA,162,"2026-03-14_FELIO",4.42086648983201,429,NA,NA,NA,NA,NA,NA,NA,NA,NA,NA,NA,NA,NA,NA,NA,NA,NA,10.05,252,NA,13.572
124,0.47285,NA,162,"2026-03-14_FELIO",4.41033783187792,432,NA,NA,NA,NA,NA,NA,NA,NA,NA,NA,NA,NA,NA,NA,NA,NA,NA,10.05,252,NA,13.6044
125,0.47664,NA,162,"2026-03-14_FELIO",4.38827453045463,434,NA,NA,NA,NA,NA,NA,NA,NA,NA,NA,NA,NA,NA,NA,NA,NA,NA,9.91,248,NA,13.6728
126,0.48045,NA,161,"2026-03-14_FELIO",4.37790035898783,439,NA,NA,NA,NA,NA,NA,NA,NA,NA,NA,NA,NA,NA,NA,NA,NA,NA,9.92,248,NA,13.7052
127,0.48432,NA,162,"2026-03-14_FELIO",4.30440771349862,453,NA,NA,NA,NA,NA,NA,NA,NA,NA,NA,NA,NA,NA,NA,NA,NA,NA,10,246,NA,13.9392
128,0.48824,NA,162,"2026-03-14_FELIO",4.25278557455133,463,NA,NA,NA,NA,NA,NA,NA,NA,NA,NA,NA,NA,NA,NA,NA,NA,NA,10.05,245,NA,14.1084
129,0.49216,NA,162,"2026-03-14_FELIO",4.25278557455133,463,NA,NA,NA,NA,NA,NA,NA,NA,NA,NA,NA,NA,NA,NA,NA,NA,NA,10.05,245,NA,14.1084
130,0.49608,NA,162,"2026-03-14_FELIO",4.25278557455133,463,NA,NA,NA,NA,NA,NA,NA,NA,NA,NA,NA,NA,NA,NA,NA,NA,NA,10.05,245,NA,14.1084
131,0.49998,NA,162,"2026-03-14_FELIO",4.26257459505541,455,NA,NA,NA,NA,NA,NA,NA,NA,NA,NA,NA,NA,NA,NA,NA,NA,NA,9.83,243,NA,14.076
132,0.50389,NA,162,"2026-03-14_FELIO",4.26257459505541,453,NA,NA,NA,NA,NA,NA,NA,NA,NA,NA,NA,NA,NA,NA,NA,NA,NA,9.83,243,NA,14.076
133,0.50779,NA,163,"2026-03-14_FELIO",4.27350427350427,454,NA,NA,NA,NA,NA,NA,NA,NA,NA,NA,NA,NA,NA,NA,NA,NA,NA,10.01,246,NA,14.04
134,0.51169,NA,163,"2026-03-14_FELIO",4.28338901739056,455,NA,NA,NA,NA,NA,NA,NA,NA,NA,NA,NA,NA,NA,NA,NA,NA,NA,10.19,249,NA,14.0076
135,0.51556,NA,163,"2026-03-14_FELIO",4.30440771349862,453,NA,NA,NA,NA,NA,NA,NA,NA,NA,NA,NA,NA,NA,NA,NA,NA,NA,10.18,249,NA,13.9392
136,0.51943,NA,163,"2026-03-14_FELIO",4.30440771349862,453,NA,NA,NA,NA,NA,NA,NA,NA,NA,NA,NA,NA,NA,NA,NA,NA,NA,10.18,249,NA,13.9392
137,0.52331,NA,163,"2026-03-14_FELIO",4.29331959471063,453,NA,NA,NA,NA,NA,NA,NA,NA,NA,NA,NA,NA,NA,NA,NA,NA,NA,10,246,NA,13.9752
138,0.52719,NA,163,"2026-03-14_FELIO",4.29331959471063,454,NA,NA,NA,NA,NA,NA,NA,NA,NA,NA,NA,NA,NA,NA,NA,NA,NA,10,246,NA,13.9752
139,0.53109,NA,163,"2026-03-14_FELIO",4.28338901739056,457,NA,NA,NA,NA,NA,NA,NA,NA,NA,NA,NA,NA,NA,NA,NA,NA,NA,10.01,246,NA,14.0076
140,0.53498,NA,163,"2026-03-14_FELIO",4.28338901739056,457,NA,NA,NA,NA,NA,NA,NA,NA,NA,NA,NA,NA,NA,NA,NA,NA,NA,10.01,246,NA,14.0076
141,0.53888,NA,164,"2026-03-14_FELIO",4.27350427350427,458,NA,NA,NA,NA,NA,NA,NA,NA,NA,NA,NA,NA,NA,NA,NA,NA,NA,10.01,246,NA,14.04
142,0.54278,NA,164,"2026-03-14_FELIO",4.26257459505541,460,NA,NA,NA,NA,NA,NA,NA,NA,NA,NA,NA,NA,NA,NA,NA,NA,NA,10.05,245,NA,14.076
143,0.5467,NA,164,"2026-03-14_FELIO",4.25278557455133,462,NA,NA,NA,NA,NA,NA,NA,NA,NA,NA,NA,NA,NA,NA,NA,NA,NA,10.05,245,NA,14.1084
144,0.55065,NA,164,"2026-03-14_FELIO",4.2322668020992,466,NA,NA,NA,NA,NA,NA,NA,NA,NA,NA,NA,NA,NA,NA,NA,NA,NA,10.05,245,NA,14.1768
145,0.55459,NA,165,"2026-03-14_FELIO",4.22261633307998,467,NA,NA,NA,NA,NA,NA,NA,NA,NA,NA,NA,NA,NA,NA,NA,NA,NA,10.09,244,NA,14.2092
146,0.55853,NA,165,"2026-03-14_FELIO",4.22261633307998,466,NA,NA,NA,NA,NA,NA,NA,NA,NA,NA,NA,NA,NA,NA,NA,NA,NA,10.09,244,NA,14.2092
147,0.5625,NA,165,"2026-03-14_FELIO",4.21300977418268,466,NA,NA,NA,NA,NA,NA,NA,NA,NA,NA,NA,NA,NA,NA,NA,NA,NA,10.09,244,NA,14.2416
148,0.56645,NA,165,"2026-03-14_FELIO",4.21300977418268,464,NA,NA,NA,NA,NA,NA,NA,NA,NA,NA,NA,NA,NA,NA,NA,NA,NA,10.09,244,NA,14.2416
149,0.5704,NA,164,"2026-03-14_FELIO",4.21300977418268,463,NA,NA,NA,NA,NA,NA,NA,NA,NA,NA,NA,NA,NA,NA,NA,NA,NA,10.09,244,NA,14.2416
150,0.57436,NA,165,"2026-03-14_FELIO",4.21300977418268,463,NA,NA,NA,NA,NA,NA,NA,NA,NA,NA,NA,NA,NA,NA,NA,NA,NA,10.09,244,NA,14.2416
151,0.57831,NA,165,"2026-03-14_FELIO",4.22261633307998,461,NA,NA,NA,NA,NA,NA,NA,NA,NA,NA,NA,NA,NA,NA,NA,NA,NA,10.09,244,NA,14.2092
152,0.58225,NA,165,"2026-03-14_FELIO",4.22261633307998,462,NA,NA,NA,NA,NA,NA,NA,NA,NA,NA,NA,NA,NA,NA,NA,NA,NA,10.27,247,NA,14.2092
153,0.5862,NA,164,"2026-03-14_FELIO",4.22261633307998,460,NA,NA,NA,NA,NA,NA,NA,NA,NA,NA,NA,NA,NA,NA,NA,NA,NA,10.09,244,NA,14.2092
154,0.59015,NA,165,"2026-03-14_FELIO",4.22261633307998,460,NA,NA,NA,NA,NA,NA,NA,NA,NA,NA,NA,NA,NA,NA,NA,NA,NA,10.09,244,NA,14.2092
155,0.59409,NA,165,"2026-03-14_FELIO",4.22261633307998,460,NA,NA,NA,NA,NA,NA,NA,NA,NA,NA,NA,NA,NA,NA,NA,NA,NA,10.09,244,NA,14.2092
156,0.59803,NA,165,"2026-03-14_FELIO",4.2322668020992,459,NA,NA,NA,NA,NA,NA,NA,NA,NA,NA,NA,NA,NA,NA,NA,NA,NA,10.05,245,NA,14.1768
157,0.60197,NA,164,"2026-03-14_FELIO",4.2322668020992,459,NA,NA,NA,NA,NA,NA,NA,NA,NA,NA,NA,NA,NA,NA,NA,NA,NA,10.05,245,NA,14.1768
158,0.60591,NA,165,"2026-03-14_FELIO",4.2322668020992,459,NA,NA,NA,NA,NA,NA,NA,NA,NA,NA,NA,NA,NA,NA,NA,NA,NA,10.05,245,NA,14.1768
159,0.60984,NA,165,"2026-03-14_FELIO",4.2322668020992,456,NA,NA,NA,NA,NA,NA,NA,NA,NA,NA,NA,NA,NA,NA,NA,NA,NA,9.71,239,NA,14.1768
160,0.61378,NA,165,"2026-03-14_FELIO",4.24304141208418,455,NA,NA,NA,NA,NA,NA,NA,NA,NA,NA,NA,NA,NA,NA,NA,NA,NA,9.67,240,NA,14.1408
161,0.6177,NA,165,"2026-03-14_FELIO",4.24304141208418,457,NA,NA,NA,NA,NA,NA,NA,NA,NA,NA,NA,NA,NA,NA,NA,NA,NA,9.87,242,NA,14.1408
162,0.62163,NA,165,"2026-03-14_FELIO",4.24304141208418,459,NA,NA,NA,NA,NA,NA,NA,NA,NA,NA,NA,NA,NA,NA,NA,NA,NA,9.87,242,NA,14.1408
163,0.62556,NA,164,"2026-03-14_FELIO",4.24304141208418,460,NA,NA,NA,NA,NA,NA,NA,NA,NA,NA,NA,NA,NA,NA,NA,NA,NA,10.05,245,NA,14.1408
164,0.62949,NA,165,"2026-03-14_FELIO",4.24304141208418,457,NA,NA,NA,NA,NA,NA,NA,NA,NA,NA,NA,NA,NA,NA,NA,NA,NA,9.87,242,NA,14.1408
165,0.63341,NA,165,"2026-03-14_FELIO",4.24304141208418,458,NA,NA,NA,NA,NA,NA,NA,NA,NA,NA,NA,NA,NA,NA,NA,NA,NA,10.05,245,NA,14.1408
166,0.63735,NA,165,"2026-03-14_FELIO",4.2322668020992,459,NA,NA,NA,NA,NA,NA,NA,NA,NA,NA,NA,NA,NA,NA,NA,NA,NA,10.05,245,NA,14.1768
167,0.6413,NA,165,"2026-03-14_FELIO",4.22261633307998,460,NA,NA,NA,NA,NA,NA,NA,NA,NA,NA,NA,NA,NA,NA,NA,NA,NA,10.09,244,NA,14.2092
168,0.64526,NA,165,"2026-03-14_FELIO",4.21300977418268,461,NA,NA,NA,NA,NA,NA,NA,NA,NA,NA,NA,NA,NA,NA,NA,NA,NA,10.09,244,NA,14.2416
169,0.64922,NA,165,"2026-03-14_FELIO",4.20238695579089,463,NA,NA,NA,NA,NA,NA,NA,NA,NA,NA,NA,NA,NA,NA,NA,NA,NA,10.09,244,NA,14.2776
170,0.6532,NA,165,"2026-03-14_FELIO",4.18340026773762,464,NA,NA,NA,NA,NA,NA,NA,NA,NA,NA,NA,NA,NA,NA,NA,NA,NA,9.92,241,NA,14.3424
171,0.6572,NA,165,"2026-03-14_FELIO",4.17292605575029,465,NA,NA,NA,NA,NA,NA,NA,NA,NA,NA,NA,NA,NA,NA,NA,NA,NA,9.92,241,NA,14.3784
172,0.6612,NA,165,"2026-03-14_FELIO",4.16354400866017,466,NA,NA,NA,NA,NA,NA,NA,NA,NA,NA,NA,NA,NA,NA,NA,NA,NA,9.96,240,NA,14.4108
173,0.66521,NA,165,"2026-03-14_FELIO",4.15420405450316,467,NA,NA,NA,NA,NA,NA,NA,NA,NA,NA,NA,NA,NA,NA,NA,NA,NA,9.96,240,NA,14.4432
174,0.66923,NA,166,"2026-03-14_FELIO",4.15420405450316,463,NA,NA,NA,NA,NA,NA,NA,NA,NA,NA,NA,NA,NA,NA,NA,NA,NA,9.79,237,NA,14.4432
175,0.67324,NA,166,"2026-03-14_FELIO",4.15420405450316,463,NA,NA,NA,NA,NA,NA,NA,NA,NA,NA,NA,NA,NA,NA,NA,NA,NA,9.79,237,NA,14.4432
176,0.67726,NA,166,"2026-03-14_FELIO",4.1438753522294,464,NA,NA,NA,NA,NA,NA,NA,NA,NA,NA,NA,NA,NA,NA,NA,NA,NA,9.79,237,NA,14.4792
177,0.68129,NA,166,"2026-03-14_FELIO",4.13462333581411,465,NA,NA,NA,NA,NA,NA,NA,NA,NA,NA,NA,NA,NA,NA,NA,NA,NA,9.79,237,NA,14.5116
178,0.68531,NA,165,"2026-03-14_FELIO",4.1438753522294,465,NA,NA,NA,NA,NA,NA,NA,NA,NA,NA,NA,NA,NA,NA,NA,NA,NA,9.96,240,NA,14.4792
179,0.68932,NA,165,"2026-03-14_FELIO",4.15420405450316,462,NA,NA,NA,NA,NA,NA,NA,NA,NA,NA,NA,NA,NA,NA,NA,NA,NA,9.96,240,NA,14.4432
180,0.69333,NA,165,"2026-03-14_FELIO",4.16354400866017,463,NA,NA,NA,NA,NA,NA,NA,NA,NA,NA,NA,NA,NA,NA,NA,NA,NA,10.13,243,NA,14.4108
181,0.69733,NA,165,"2026-03-14_FELIO",4.16354400866017,463,NA,NA,NA,NA,NA,NA,NA,NA,NA,NA,NA,NA,NA,NA,NA,NA,NA,10.13,243,NA,14.4108
182,0.70132,NA,166,"2026-03-14_FELIO",4.17292605575029,461,NA,NA,NA,NA,NA,NA,NA,NA,NA,NA,NA,NA,NA,NA,NA,NA,NA,10.13,243,NA,14.3784
183,0.70532,NA,166,"2026-03-14_FELIO",4.17292605575029,462,NA,NA,NA,NA,NA,NA,NA,NA,NA,NA,NA,NA,NA,NA,NA,NA,NA,10.13,243,NA,14.3784
184,0.70931,NA,166,"2026-03-14_FELIO",4.17292605575029,462,NA,NA,NA,NA,NA,NA,NA,NA,NA,NA,NA,NA,NA,NA,NA,NA,NA,10.13,243,NA,14.3784
185,0.71331,NA,166,"2026-03-14_FELIO",4.17292605575029,462,NA,NA,NA,NA,NA,NA,NA,NA,NA,NA,NA,NA,NA,NA,NA,NA,NA,10.13,243,NA,14.3784
186,0.7173,NA,166,"2026-03-14_FELIO",4.17292605575029,463,NA,NA,NA,NA,NA,NA,NA,NA,NA,NA,NA,NA,NA,NA,NA,NA,NA,10.13,243,NA,14.3784
187,0.72128,NA,166,"2026-03-14_FELIO",4.18340026773762,462,NA,NA,NA,NA,NA,NA,NA,NA,NA,NA,NA,NA,NA,NA,NA,NA,NA,10.13,243,NA,14.3424
188,0.72527,NA,165,"2026-03-14_FELIO",4.18340026773762,464,NA,NA,NA,NA,NA,NA,NA,NA,NA,NA,NA,NA,NA,NA,NA,NA,NA,10.32,246,NA,14.3424
189,0.72925,NA,166,"2026-03-14_FELIO",4.18340026773762,464,NA,NA,NA,NA,NA,NA,NA,NA,NA,NA,NA,NA,NA,NA,NA,NA,NA,10.32,246,NA,14.3424
190,0.73323,NA,166,"2026-03-14_FELIO",4.18340026773762,464,NA,NA,NA,NA,NA,NA,NA,NA,NA,NA,NA,NA,NA,NA,NA,NA,NA,10.32,246,NA,14.3424
191,0.73721,NA,166,"2026-03-14_FELIO",4.19287211740042,464,NA,NA,NA,NA,NA,NA,NA,NA,NA,NA,NA,NA,NA,NA,NA,NA,NA,10.28,247,NA,14.31
192,0.74118,NA,165,"2026-03-14_FELIO",4.19287211740042,464,NA,NA,NA,NA,NA,NA,NA,NA,NA,NA,NA,NA,NA,NA,NA,NA,NA,10.28,247,NA,14.31
193,0.74515,NA,166,"2026-03-14_FELIO",4.20238695579089,462,NA,NA,NA,NA,NA,NA,NA,NA,NA,NA,NA,NA,NA,NA,NA,NA,NA,10.09,244,NA,14.2776
194,0.74911,NA,166,"2026-03-14_FELIO",4.21300977418268,460,NA,NA,NA,NA,NA,NA,NA,NA,NA,NA,NA,NA,NA,NA,NA,NA,NA,9.88,242,NA,14.2416
195,0.75307,NA,166,"2026-03-14_FELIO",4.20238695579089,461,NA,NA,NA,NA,NA,NA,NA,NA,NA,NA,NA,NA,NA,NA,NA,NA,NA,9.92,241,NA,14.2776
196,0.75704,NA,165,"2026-03-14_FELIO",4.20238695579089,461,NA,NA,NA,NA,NA,NA,NA,NA,NA,NA,NA,NA,NA,NA,NA,NA,NA,9.92,241,NA,14.2776
197,0.761,NA,166,"2026-03-14_FELIO",4.20238695579089,461,NA,NA,NA,NA,NA,NA,NA,NA,NA,NA,NA,NA,NA,NA,NA,NA,NA,9.92,241,NA,14.2776
198,0.76497,NA,166,"2026-03-14_FELIO",4.20238695579089,463,NA,NA,NA,NA,NA,NA,NA,NA,NA,NA,NA,NA,NA,NA,NA,NA,NA,9.92,241,NA,14.2776
199,0.76894,NA,166,"2026-03-14_FELIO",4.19287211740042,462,NA,NA,NA,NA,NA,NA,NA,NA,NA,NA,NA,NA,NA,NA,NA,NA,NA,9.75,238,NA,14.31
200,0.77294,NA,167,"2026-03-14_FELIO",4.17292605575029,466,NA,NA,NA,NA,NA,NA,NA,NA,NA,NA,NA,NA,NA,NA,NA,NA,NA,9.75,238,NA,14.3784
201,0.77694,NA,167,"2026-03-14_FELIO",4.16354400866017,467,NA,NA,NA,NA,NA,NA,NA,NA,NA,NA,NA,NA,NA,NA,NA,NA,NA,9.59,235,NA,14.4108
202,0.78096,NA,167,"2026-03-14_FELIO",4.1438753522294,471,NA,NA,NA,NA,NA,NA,NA,NA,NA,NA,NA,NA,NA,NA,NA,NA,NA,9.59,235,NA,14.4792
203,0.78499,NA,167,"2026-03-14_FELIO",4.13462333581411,474,NA,NA,NA,NA,NA,NA,NA,NA,NA,NA,NA,NA,NA,NA,NA,NA,NA,9.79,237,NA,14.5116
204,0.78902,NA,167,"2026-03-14_FELIO",4.13462333581411,472,NA,NA,NA,NA,NA,NA,NA,NA,NA,NA,NA,NA,NA,NA,NA,NA,NA,9.79,237,NA,14.5116
205,0.79305,NA,168,"2026-03-14_FELIO",4.1438753522294,471,NA,NA,NA,NA,NA,NA,NA,NA,NA,NA,NA,NA,NA,NA,NA,NA,NA,9.96,240,NA,14.4792
206,0.797,NA,168,"2026-03-14_FELIO",4.21300977418268,462,NA,NA,NA,NA,NA,NA,NA,NA,NA,NA,NA,NA,NA,NA,NA,NA,NA,9.88,242,NA,14.2416
207,0.80089,NA,168,"2026-03-14_FELIO",4.28338901739056,456,NA,NA,NA,NA,NA,NA,NA,NA,NA,NA,NA,NA,NA,NA,NA,NA,NA,10.01,246,NA,14.0076
208,0.80478,NA,167,"2026-03-14_FELIO",4.28338901739056,458,NA,NA,NA,NA,NA,NA,NA,NA,NA,NA,NA,NA,NA,NA,NA,NA,NA,10.19,249,NA,14.0076
209,0.80868,NA,168,"2026-03-14_FELIO",4.27350427350427,459,NA,NA,NA,NA,NA,NA,NA,NA,NA,NA,NA,NA,NA,NA,NA,NA,NA,10.19,249,NA,14.04
210,0.81258,NA,168,"2026-03-14_FELIO",4.27350427350427,457,NA,NA,NA,NA,NA,NA,NA,NA,NA,NA,NA,NA,NA,NA,NA,NA,NA,10.01,246,NA,14.04
211,0.81648,NA,167,"2026-03-14_FELIO",4.27350427350427,458,NA,NA,NA,NA,NA,NA,NA,NA,NA,NA,NA,NA,NA,NA,NA,NA,NA,10.01,246,NA,14.04
212,0.8204,NA,168,"2026-03-14_FELIO",4.26257459505541,460,NA,NA,NA,NA,NA,NA,NA,NA,NA,NA,NA,NA,NA,NA,NA,NA,NA,10.05,245,NA,14.076
213,0.8243,NA,167,"2026-03-14_FELIO",4.26257459505541,459,NA,NA,NA,NA,NA,NA,NA,NA,NA,NA,NA,NA,NA,NA,NA,NA,NA,10.05,245,NA,14.076
214,0.82821,NA,167,"2026-03-14_FELIO",4.26257459505541,460,NA,NA,NA,NA,NA,NA,NA,NA,NA,NA,NA,NA,NA,NA,NA,NA,NA,10.23,248,NA,14.076
215,0.83212,NA,167,"2026-03-14_FELIO",4.26257459505541,460,NA,NA,NA,NA,NA,NA,NA,NA,NA,NA,NA,NA,NA,NA,NA,NA,NA,10.23,248,NA,14.076
216,0.83603,NA,166,"2026-03-14_FELIO",4.26257459505541,459,NA,NA,NA,NA,NA,NA,NA,NA,NA,NA,NA,NA,NA,NA,NA,NA,NA,10.23,248,NA,14.076
217,0.83988,NA,166,"2026-03-14_FELIO",4.32451133021969,452,NA,NA,NA,NA,NA,NA,NA,NA,NA,NA,NA,NA,NA,NA,NA,NA,NA,10.14,250,NA,13.8744
218,0.84363,NA,166,"2026-03-14_FELIO",4.44325957522438,440,NA,NA,NA,NA,NA,NA,NA,NA,NA,NA,NA,NA,NA,NA,NA,NA,NA,10.05,252,NA,13.5036
219,0.84732,NA,166,"2026-03-14_FELIO",4.52161331162959,434,NA,NA,NA,NA,NA,NA,NA,NA,NA,NA,NA,NA,NA,NA,NA,NA,NA,10.14,257,NA,13.2696
220,0.85104,NA,166,"2026-03-14_FELIO",4.476676515355,437,NA,NA,NA,NA,NA,NA,NA,NA,NA,NA,NA,NA,NA,NA,NA,NA,NA,10,253,NA,13.4028
221,0.85482,NA,166,"2026-03-14_FELIO",4.42086648983201,443,NA,NA,NA,NA,NA,NA,NA,NA,NA,NA,NA,NA,NA,NA,NA,NA,NA,10.05,252,NA,13.572
222,0.85862,NA,166,"2026-03-14_FELIO",4.37790035898783,450,NA,NA,NA,NA,NA,NA,NA,NA,NA,NA,NA,NA,NA,NA,NA,NA,NA,9.92,248,NA,13.7052
223,0.86245,NA,166,"2026-03-14_FELIO",4.3561596096881,456,NA,NA,NA,NA,NA,NA,NA,NA,NA,NA,NA,NA,NA,NA,NA,NA,NA,9.75,245,NA,13.7736
224,0.8663,NA,166,"2026-03-14_FELIO",4.32451133021969,458,NA,NA,NA,NA,NA,NA,NA,NA,NA,NA,NA,NA,NA,NA,NA,NA,NA,9.79,244,NA,13.8744
225,0.87018,NA,165,"2026-03-14_FELIO",4.29331959471063,460,NA,NA,NA,NA,NA,NA,NA,NA,NA,NA,NA,NA,NA,NA,NA,NA,NA,10,246,NA,13.9752
226,0.87414,NA,166,"2026-03-14_FELIO",4.21300977418268,471,NA,NA,NA,NA,NA,NA,NA,NA,NA,NA,NA,NA,NA,NA,NA,NA,NA,10.09,244,NA,14.2416
227,0.87813,NA,166,"2026-03-14_FELIO",4.17292605575029,476,NA,NA,NA,NA,NA,NA,NA,NA,NA,NA,NA,NA,NA,NA,NA,NA,NA,10.13,243,NA,14.3784
228,0.88214,NA,166,"2026-03-14_FELIO",4.15420405450316,475,NA,NA,NA,NA,NA,NA,NA,NA,NA,NA,NA,NA,NA,NA,NA,NA,NA,9.96,240,NA,14.4432
229,0.88614,NA,166,"2026-03-14_FELIO",4.16354400866017,471,NA,NA,NA,NA,NA,NA,NA,NA,NA,NA,NA,NA,NA,NA,NA,NA,NA,9.96,240,NA,14.4108
230,0.89015,NA,165,"2026-03-14_FELIO",4.16354400866017,464,NA,NA,NA,NA,NA,NA,NA,NA,NA,NA,NA,NA,NA,NA,NA,NA,NA,9.96,240,NA,14.4108
231,0.89416,NA,166,"2026-03-14_FELIO",4.15420405450316,463,NA,NA,NA,NA,NA,NA,NA,NA,NA,NA,NA,NA,NA,NA,NA,NA,NA,9.96,240,NA,14.4432
232,0.89818,NA,165,"2026-03-14_FELIO",4.1438753522294,464,NA,NA,NA,NA,NA,NA,NA,NA,NA,NA,NA,NA,NA,NA,NA,NA,NA,10.17,242,NA,14.4792
233,0.9022,NA,165,"2026-03-14_FELIO",4.1438753522294,465,NA,NA,NA,NA,NA,NA,NA,NA,NA,NA,NA,NA,NA,NA,NA,NA,NA,10.17,242,NA,14.4792
234,0.90622,NA,165,"2026-03-14_FELIO",4.15420405450316,463,NA,NA,NA,NA,NA,NA,NA,NA,NA,NA,NA,NA,NA,NA,NA,NA,NA,10.14,243,NA,14.4432
235,0.91022,NA,165,"2026-03-14_FELIO",4.16354400866017,461,NA,NA,NA,NA,NA,NA,NA,NA,NA,NA,NA,NA,NA,NA,NA,NA,NA,10.13,243,NA,14.4108
236,0.9142,NA,165,"2026-03-14_FELIO",4.18340026773762,459,NA,NA,NA,NA,NA,NA,NA,NA,NA,NA,NA,NA,NA,NA,NA,NA,NA,10.32,246,NA,14.3424
237,0.91818,NA,164,"2026-03-14_FELIO",4.19287211740042,459,NA,NA,NA,NA,NA,NA,NA,NA,NA,NA,NA,NA,NA,NA,NA,NA,NA,10.47,250,NA,14.31
238,0.92214,NA,164,"2026-03-14_FELIO",4.20238695579089,458,NA,NA,NA,NA,NA,NA,NA,NA,NA,NA,NA,NA,NA,NA,NA,NA,NA,10.47,250,NA,14.2776
239,0.92609,NA,164,"2026-03-14_FELIO",4.22261633307998,454,NA,NA,NA,NA,NA,NA,NA,NA,NA,NA,NA,NA,NA,NA,NA,NA,NA,10.27,247,NA,14.2092
240,0.93003,NA,164,"2026-03-14_FELIO",4.2322668020992,453,NA,NA,NA,NA,NA,NA,NA,NA,NA,NA,NA,NA,NA,NA,NA,NA,NA,10.23,248,NA,14.1768
241,0.93396,NA,164,"2026-03-14_FELIO",4.24304141208418,451,NA,NA,NA,NA,NA,NA,NA,NA,NA,NA,NA,NA,NA,NA,NA,NA,NA,10.05,245,NA,14.1408
242,0.93788,NA,164,"2026-03-14_FELIO",4.24304141208418,451,NA,NA,NA,NA,NA,NA,NA,NA,NA,NA,NA,NA,NA,NA,NA,NA,NA,10.05,245,NA,14.1408
243,0.94181,NA,164,"2026-03-14_FELIO",4.24304141208418,452,NA,NA,NA,NA,NA,NA,NA,NA,NA,NA,NA,NA,NA,NA,NA,NA,NA,10.05,245,NA,14.1408
244,0.94574,NA,164,"2026-03-14_FELIO",4.24304141208418,452,NA,NA,NA,NA,NA,NA,NA,NA,NA,NA,NA,NA,NA,NA,NA,NA,NA,10.05,245,NA,14.1408
245,0.94966,NA,164,"2026-03-14_FELIO",4.25278557455133,452,NA,NA,NA,NA,NA,NA,NA,NA,NA,NA,NA,NA,NA,NA,NA,NA,NA,10.05,245,NA,14.1084
246,0.95357,NA,164,"2026-03-14_FELIO",4.26257459505541,453,NA,NA,NA,NA,NA,NA,NA,NA,NA,NA,NA,NA,NA,NA,NA,NA,NA,10.23,248,NA,14.076
247,0.95747,NA,163,"2026-03-14_FELIO",4.27350427350427,452,NA,NA,NA,NA,NA,NA,NA,NA,NA,NA,NA,NA,NA,NA,NA,NA,NA,10.19,249,NA,14.04
248,0.96136,NA,164,"2026-03-14_FELIO",4.28338901739056,452,NA,NA,NA,NA,NA,NA,NA,NA,NA,NA,NA,NA,NA,NA,NA,NA,NA,10.19,249,NA,14.0076
249,0.96524,NA,164,"2026-03-14_FELIO",4.29331959471063,451,NA,NA,NA,NA,NA,NA,NA,NA,NA,NA,NA,NA,NA,NA,NA,NA,NA,10.19,249,NA,13.9752
250,0.96912,NA,164,"2026-03-14_FELIO",4.29331959471063,452,NA,NA,NA,NA,NA,NA,NA,NA,NA,NA,NA,NA,NA,NA,NA,NA,NA,10.19,249,NA,13.9752
251,0.97301,NA,164,"2026-03-14_FELIO",4.28338901739056,453,NA,NA,NA,NA,NA,NA,NA,NA,NA,NA,NA,NA,NA,NA,NA,NA,NA,10.19,249,NA,14.0076
252,0.9769,NA,164,"2026-03-14_FELIO",4.28338901739056,452,NA,NA,NA,NA,NA,NA,NA,NA,NA,NA,NA,NA,NA,NA,NA,NA,NA,10.01,246,NA,14.0076
253,0.98081,NA,164,"2026-03-14_FELIO",4.27350427350427,455,NA,NA,NA,NA,NA,NA,NA,NA,NA,NA,NA,NA,NA,NA,NA,NA,NA,10.01,246,NA,14.04
254,0.9847,NA,164,"2026-03-14_FELIO",4.27350427350427,456,NA,NA,NA,NA,NA,NA,NA,NA,NA,NA,NA,NA,NA,NA,NA,NA,NA,10.01,246,NA,14.04
255,0.98861,NA,164,"2026-03-14_FELIO",4.26257459505541,457,NA,NA,NA,NA,NA,NA,NA,NA,NA,NA,NA,NA,NA,NA,NA,NA,NA,10.05,245,NA,14.076
256,0.99256,NA,166,"2026-03-14_FELIO",4.2322668020992,463,NA,NA,NA,NA,NA,NA,NA,NA,NA,NA,NA,NA,NA,NA,NA,NA,NA,10.05,245,NA,14.1768
257,0.99652,NA,168,"2026-03-14_FELIO",4.20238695579089,468,NA,NA,NA,NA,NA,NA,NA,NA,NA,NA,NA,NA,NA,NA,NA,NA,NA,10.09,244,NA,14.2776
258,1.00046,NA,169,"2026-03-14_FELIO",4.22261633307998,465,NA,NA,NA,NA,NA,NA,NA,NA,NA,NA,NA,NA,NA,NA,NA,NA,NA,10.09,244,NA,14.2092
259,1.0044,NA,169,"2026-03-14_FELIO",4.2322668020992,462,NA,NA,NA,NA,NA,NA,NA,NA,NA,NA,NA,NA,NA,NA,NA,NA,NA,10.05,245,NA,14.1768
260,1.00832,NA,170,"2026-03-14_FELIO",4.25278557455133,458,NA,NA,NA,NA,NA,NA,NA,NA,NA,NA,NA,NA,NA,NA,NA,NA,NA,10.05,245,NA,14.1084
261,1.01224,NA,170,"2026-03-14_FELIO",4.25278557455133,458,NA,NA,NA,NA,NA,NA,NA,NA,NA,NA,NA,NA,NA,NA,NA,NA,NA,10.05,245,NA,14.1084
262,1.01615,NA,170,"2026-03-14_FELIO",4.26257459505541,457,NA,NA,NA,NA,NA,NA,NA,NA,NA,NA,NA,NA,NA,NA,NA,NA,NA,10.05,245,NA,14.076
263,1.02006,NA,170,"2026-03-14_FELIO",4.26257459505541,459,NA,NA,NA,NA,NA,NA,NA,NA,NA,NA,NA,NA,NA,NA,NA,NA,NA,10.23,248,NA,14.076
264,1.02397,NA,170,"2026-03-14_FELIO",4.26257459505541,459,NA,NA,NA,NA,NA,NA,NA,NA,NA,NA,NA,NA,NA,NA,NA,NA,NA,10.23,248,NA,14.076
265,1.02788,NA,170,"2026-03-14_FELIO",4.26257459505541,460,NA,NA,NA,NA,NA,NA,NA,NA,NA,NA,NA,NA,NA,NA,NA,NA,NA,10.23,248,NA,14.076
266,1.03179,NA,170,"2026-03-14_FELIO",4.26257459505541,460,NA,NA,NA,NA,NA,NA,NA,NA,NA,NA,NA,NA,NA,NA,NA,NA,NA,10.23,248,NA,14.076
267,1.0357,NA,170,"2026-03-14_FELIO",4.26257459505541,460,NA,NA,NA,NA,NA,NA,NA,NA,NA,NA,NA,NA,NA,NA,NA,NA,NA,10.23,248,NA,14.076
268,1.03962,NA,170,"2026-03-14_FELIO",4.25278557455133,460,NA,NA,NA,NA,NA,NA,NA,NA,NA,NA,NA,NA,NA,NA,NA,NA,NA,10.05,245,NA,14.1084
269,1.04354,NA,170,"2026-03-14_FELIO",4.25278557455133,460,NA,NA,NA,NA,NA,NA,NA,NA,NA,NA,NA,NA,NA,NA,NA,NA,NA,10.05,245,NA,14.1084
270,1.04745,NA,170,"2026-03-14_FELIO",4.25278557455133,460,NA,NA,NA,NA,NA,NA,NA,NA,NA,NA,NA,NA,NA,NA,NA,NA,NA,10.05,245,NA,14.1084
271,1.05139,NA,170,"2026-03-14_FELIO",4.24304141208418,460,NA,NA,NA,NA,NA,NA,NA,NA,NA,NA,NA,NA,NA,NA,NA,NA,NA,9.87,242,NA,14.1408
272,1.05531,NA,170,"2026-03-14_FELIO",4.24304141208418,459,NA,NA,NA,NA,NA,NA,NA,NA,NA,NA,NA,NA,NA,NA,NA,NA,NA,9.87,242,NA,14.1408
273,1.05923,NA,170,"2026-03-14_FELIO",4.25278557455133,457,NA,NA,NA,NA,NA,NA,NA,NA,NA,NA,NA,NA,NA,NA,NA,NA,NA,9.87,242,NA,14.1084
274,1.06315,NA,170,"2026-03-14_FELIO",4.25278557455133,459,NA,NA,NA,NA,NA,NA,NA,NA,NA,NA,NA,NA,NA,NA,NA,NA,NA,10.05,245,NA,14.1084
275,1.06707,NA,169,"2026-03-14_FELIO",4.25278557455133,458,NA,NA,NA,NA,NA,NA,NA,NA,NA,NA,NA,NA,NA,NA,NA,NA,NA,10.05,245,NA,14.1084
276,1.07099,NA,170,"2026-03-14_FELIO",4.25278557455133,458,NA,NA,NA,NA,NA,NA,NA,NA,NA,NA,NA,NA,NA,NA,NA,NA,NA,10.05,245,NA,14.1084
277,1.07489,NA,170,"2026-03-14_FELIO",4.27350427350427,456,NA,NA,NA,NA,NA,NA,NA,NA,NA,NA,NA,NA,NA,NA,NA,NA,NA,10.01,246,NA,14.04
278,1.07878,NA,169,"2026-03-14_FELIO",4.28338901739056,455,NA,NA,NA,NA,NA,NA,NA,NA,NA,NA,NA,NA,NA,NA,NA,NA,NA,10.01,246,NA,14.0076
279,1.08266,NA,169,"2026-03-14_FELIO",4.29331959471063,454,NA,NA,NA,NA,NA,NA,NA,NA,NA,NA,NA,NA,NA,NA,NA,NA,NA,10,246,NA,13.9752
280,1.08653,NA,169,"2026-03-14_FELIO",4.30440771349862,451,NA,NA,NA,NA,NA,NA,NA,NA,NA,NA,NA,NA,NA,NA,NA,NA,NA,9.79,244,NA,13.9392
281,1.09044,NA,170,"2026-03-14_FELIO",4.26257459505541,457,NA,NA,NA,NA,NA,NA,NA,NA,NA,NA,NA,NA,NA,NA,NA,NA,NA,9.83,243,NA,14.076
282,1.09438,NA,169,"2026-03-14_FELIO",4.2322668020992,464,NA,NA,NA,NA,NA,NA,NA,NA,NA,NA,NA,NA,NA,NA,NA,NA,NA,9.88,242,NA,14.1768
283,1.09833,NA,169,"2026-03-14_FELIO",4.21300977418268,468,NA,NA,NA,NA,NA,NA,NA,NA,NA,NA,NA,NA,NA,NA,NA,NA,NA,9.88,242,NA,14.2416
284,1.10232,NA,169,"2026-03-14_FELIO",4.18340026773762,474,NA,NA,NA,NA,NA,NA,NA,NA,NA,NA,NA,NA,NA,NA,NA,NA,NA,9.92,241,NA,14.3424
285,1.10632,NA,169,"2026-03-14_FELIO",4.16354400866017,474,NA,NA,NA,NA,NA,NA,NA,NA,NA,NA,NA,NA,NA,NA,NA,NA,NA,9.96,240,NA,14.4108
286,1.11034,NA,169,"2026-03-14_FELIO",4.15420405450316,473,NA,NA,NA,NA,NA,NA,NA,NA,NA,NA,NA,NA,NA,NA,NA,NA,NA,9.96,240,NA,14.4432
287,1.11434,NA,168,"2026-03-14_FELIO",4.16354400866017,470,NA,NA,NA,NA,NA,NA,NA,NA,NA,NA,NA,NA,NA,NA,NA,NA,NA,9.96,240,NA,14.4108
288,1.11832,NA,168,"2026-03-14_FELIO",4.18340026773762,465,NA,NA,NA,NA,NA,NA,NA,NA,NA,NA,NA,NA,NA,NA,NA,NA,NA,10.13,243,NA,14.3424
289,1.1223,NA,169,"2026-03-14_FELIO",4.19287211740042,463,NA,NA,NA,NA,NA,NA,NA,NA,NA,NA,NA,NA,NA,NA,NA,NA,NA,10.09,244,NA,14.31
290,1.12626,NA,169,"2026-03-14_FELIO",4.20238695579089,462,NA,NA,NA,NA,NA,NA,NA,NA,NA,NA,NA,NA,NA,NA,NA,NA,NA,10.09,244,NA,14.2776
291,1.13021,NA,169,"2026-03-14_FELIO",4.22261633307998,460,NA,NA,NA,NA,NA,NA,NA,NA,NA,NA,NA,NA,NA,NA,NA,NA,NA,10.09,244,NA,14.2092
292,1.13414,NA,169,"2026-03-14_FELIO",4.24304141208418,459,NA,NA,NA,NA,NA,NA,NA,NA,NA,NA,NA,NA,NA,NA,NA,NA,NA,10.23,248,NA,14.1408
293,1.13806,NA,169,"2026-03-14_FELIO",4.25278557455133,458,NA,NA,NA,NA,NA,NA,NA,NA,NA,NA,NA,NA,NA,NA,NA,NA,NA,10.23,248,NA,14.1084
294,1.14198,NA,169,"2026-03-14_FELIO",4.24304141208418,457,NA,NA,NA,NA,NA,NA,NA,NA,NA,NA,NA,NA,NA,NA,NA,NA,NA,10.05,245,NA,14.1408
295,1.14591,NA,168,"2026-03-14_FELIO",4.24304141208418,457,NA,NA,NA,NA,NA,NA,NA,NA,NA,NA,NA,NA,NA,NA,NA,NA,NA,10.05,245,NA,14.1408
296,1.14984,NA,168,"2026-03-14_FELIO",4.24304141208418,457,NA,NA,NA,NA,NA,NA,NA,NA,NA,NA,NA,NA,NA,NA,NA,NA,NA,10.05,245,NA,14.1408
297,1.15377,NA,167,"2026-03-14_FELIO",4.24304141208418,458,NA,NA,NA,NA,NA,NA,NA,NA,NA,NA,NA,NA,NA,NA,NA,NA,NA,10.05,245,NA,14.1408
298,1.15771,NA,167,"2026-03-14_FELIO",4.2322668020992,458,NA,NA,NA,NA,NA,NA,NA,NA,NA,NA,NA,NA,NA,NA,NA,NA,NA,9.88,242,NA,14.1768
299,1.16164,NA,167,"2026-03-14_FELIO",4.2322668020992,458,NA,NA,NA,NA,NA,NA,NA,NA,NA,NA,NA,NA,NA,NA,NA,NA,NA,9.88,242,NA,14.1768
300,1.16559,NA,167,"2026-03-14_FELIO",4.22261633307998,460,NA,NA,NA,NA,NA,NA,NA,NA,NA,NA,NA,NA,NA,NA,NA,NA,NA,9.88,242,NA,14.2092
301,1.16952,NA,167,"2026-03-14_FELIO",4.24304141208418,456,NA,NA,NA,NA,NA,NA,NA,NA,NA,NA,NA,NA,NA,NA,NA,NA,NA,9.87,242,NA,14.1408
302,1.17339,NA,166,"2026-03-14_FELIO",4.30440771349862,450,NA,NA,NA,NA,NA,NA,NA,NA,NA,NA,NA,NA,NA,NA,NA,NA,NA,9.79,244,NA,13.9392
303,1.17721,NA,167,"2026-03-14_FELIO",4.3675751222921,445,NA,NA,NA,NA,NA,NA,NA,NA,NA,NA,NA,NA,NA,NA,NA,NA,NA,9.92,248,NA,13.7376
304,1.18106,NA,167,"2026-03-14_FELIO",4.32451133021969,450,NA,NA,NA,NA,NA,NA,NA,NA,NA,NA,NA,NA,NA,NA,NA,NA,NA,10.14,250,NA,13.8744
305,1.18492,NA,167,"2026-03-14_FELIO",4.31443610320131,452,NA,NA,NA,NA,NA,NA,NA,NA,NA,NA,NA,NA,NA,NA,NA,NA,NA,10.14,250,NA,13.9068
306,1.1888,NA,168,"2026-03-14_FELIO",4.30440771349862,451,NA,NA,NA,NA,NA,NA,NA,NA,NA,NA,NA,NA,NA,NA,NA,NA,NA,10,246,NA,13.9392
307,1.19268,NA,168,"2026-03-14_FELIO",4.29331959471063,457,NA,NA,NA,NA,NA,NA,NA,NA,NA,NA,NA,NA,NA,NA,NA,NA,NA,9.83,243,NA,13.9752
308,1.19656,NA,168,"2026-03-14_FELIO",4.29331959471063,454,NA,NA,NA,NA,NA,NA,NA,NA,NA,NA,NA,NA,NA,NA,NA,NA,NA,9.83,243,NA,13.9752
309,1.20045,NA,168,"2026-03-14_FELIO",4.28338901739056,455,NA,NA,NA,NA,NA,NA,NA,NA,NA,NA,NA,NA,NA,NA,NA,NA,NA,9.83,243,NA,14.0076
310,1.20431,NA,167,"2026-03-14_FELIO",4.31443610320131,450,NA,NA,NA,NA,NA,NA,NA,NA,NA,NA,NA,NA,NA,NA,NA,NA,NA,9.79,244,NA,13.9068
311,1.20815,NA,168,"2026-03-14_FELIO",4.34593654932638,446,NA,NA,NA,NA,NA,NA,NA,NA,NA,NA,NA,NA,NA,NA,NA,NA,NA,9.75,245,NA,13.806
312,1.21199,NA,168,"2026-03-14_FELIO",4.33576135969476,448,NA,NA,NA,NA,NA,NA,NA,NA,NA,NA,NA,NA,NA,NA,NA,NA,NA,9.79,244,NA,13.8384
313,1.21585,NA,167,"2026-03-14_FELIO",4.31443610320131,450,NA,NA,NA,NA,NA,NA,NA,NA,NA,NA,NA,NA,NA,NA,NA,NA,NA,9.79,244,NA,13.9068
314,1.21975,NA,168,"2026-03-14_FELIO",4.28338901739056,456,NA,NA,NA,NA,NA,NA,NA,NA,NA,NA,NA,NA,NA,NA,NA,NA,NA,9.83,243,NA,14.0076
315,1.22365,NA,168,"2026-03-14_FELIO",4.26257459505541,463,NA,NA,NA,NA,NA,NA,NA,NA,NA,NA,NA,NA,NA,NA,NA,NA,NA,10.05,245,NA,14.076
316,1.22758,NA,168,"2026-03-14_FELIO",4.25278557455133,464,NA,NA,NA,NA,NA,NA,NA,NA,NA,NA,NA,NA,NA,NA,NA,NA,NA,10.05,245,NA,14.1084
317,1.23149,NA,167,"2026-03-14_FELIO",4.25278557455133,463,NA,NA,NA,NA,NA,NA,NA,NA,NA,NA,NA,NA,NA,NA,NA,NA,NA,10.05,245,NA,14.1084
318,1.23541,NA,168,"2026-03-14_FELIO",4.25278557455133,461,NA,NA,NA,NA,NA,NA,NA,NA,NA,NA,NA,NA,NA,NA,NA,NA,NA,10.05,245,NA,14.1084
319,1.23932,NA,168,"2026-03-14_FELIO",4.26257459505541,458,NA,NA,NA,NA,NA,NA,NA,NA,NA,NA,NA,NA,NA,NA,NA,NA,NA,10.05,245,NA,14.076
320,1.24322,NA,168,"2026-03-14_FELIO",4.27350427350427,458,NA,NA,NA,NA,NA,NA,NA,NA,NA,NA,NA,NA,NA,NA,NA,NA,NA,10.19,249,NA,14.04
321,1.24712,NA,168,"2026-03-14_FELIO",4.27350427350427,458,NA,NA,NA,NA,NA,NA,NA,NA,NA,NA,NA,NA,NA,NA,NA,NA,NA,10.19,249,NA,14.04
322,1.25103,NA,168,"2026-03-14_FELIO",4.26257459505541,459,NA,NA,NA,NA,NA,NA,NA,NA,NA,NA,NA,NA,NA,NA,NA,NA,NA,10.23,248,NA,14.076
323,1.25495,NA,168,"2026-03-14_FELIO",4.25278557455133,460,NA,NA,NA,NA,NA,NA,NA,NA,NA,NA,NA,NA,NA,NA,NA,NA,NA,10.05,245,NA,14.1084
324,1.25887,NA,168,"2026-03-14_FELIO",4.25278557455133,461,NA,NA,NA,NA,NA,NA,NA,NA,NA,NA,NA,NA,NA,NA,NA,NA,NA,10.05,245,NA,14.1084
325,1.26279,NA,167,"2026-03-14_FELIO",4.25278557455133,461,NA,NA,NA,NA,NA,NA,NA,NA,NA,NA,NA,NA,NA,NA,NA,NA,NA,10.05,245,NA,14.1084
326,1.26672,NA,168,"2026-03-14_FELIO",4.24304141208418,460,NA,NA,NA,NA,NA,NA,NA,NA,NA,NA,NA,NA,NA,NA,NA,NA,NA,9.87,242,NA,14.1408
327,1.27066,NA,168,"2026-03-14_FELIO",4.2322668020992,462,NA,NA,NA,NA,NA,NA,NA,NA,NA,NA,NA,NA,NA,NA,NA,NA,NA,9.88,242,NA,14.1768
328,1.27461,NA,167,"2026-03-14_FELIO",4.21300977418268,465,NA,NA,NA,NA,NA,NA,NA,NA,NA,NA,NA,NA,NA,NA,NA,NA,NA,9.88,242,NA,14.2416
329,1.27858,NA,167,"2026-03-14_FELIO",4.20238695579089,467,NA,NA,NA,NA,NA,NA,NA,NA,NA,NA,NA,NA,NA,NA,NA,NA,NA,9.92,241,NA,14.2776
330,1.28254,NA,167,"2026-03-14_FELIO",4.20238695579089,467,NA,NA,NA,NA,NA,NA,NA,NA,NA,NA,NA,NA,NA,NA,NA,NA,NA,9.92,241,NA,14.2776
331,1.28652,NA,167,"2026-03-14_FELIO",4.19287211740042,471,NA,NA,NA,NA,NA,NA,NA,NA,NA,NA,NA,NA,NA,NA,NA,NA,NA,10.28,247,NA,14.31
332,1.29049,NA,167,"2026-03-14_FELIO",4.19287211740042,471,NA,NA,NA,NA,NA,NA,NA,NA,NA,NA,NA,NA,NA,NA,NA,NA,NA,10.47,250,NA,14.31
333,1.29447,NA,167,"2026-03-14_FELIO",4.19287211740042,470,NA,NA,NA,NA,NA,NA,NA,NA,NA,NA,NA,NA,NA,NA,NA,NA,NA,10.47,250,NA,14.31
334,1.29843,NA,168,"2026-03-14_FELIO",4.20238695579089,467,NA,NA,NA,NA,NA,NA,NA,NA,NA,NA,NA,NA,NA,NA,NA,NA,NA,10.28,247,NA,14.2776
335,1.30239,NA,168,"2026-03-14_FELIO",4.21300977418268,464,NA,NA,NA,NA,NA,NA,NA,NA,NA,NA,NA,NA,NA,NA,NA,NA,NA,10.09,244,NA,14.2416
336,1.30633,NA,168,"2026-03-14_FELIO",4.22261633307998,463,NA,NA,NA,NA,NA,NA,NA,NA,NA,NA,NA,NA,NA,NA,NA,NA,NA,10.09,244,NA,14.2092
337,1.31028,NA,168,"2026-03-14_FELIO",4.22261633307998,463,NA,NA,NA,NA,NA,NA,NA,NA,NA,NA,NA,NA,NA,NA,NA,NA,NA,10.09,244,NA,14.2092
338,1.31423,NA,169,"2026-03-14_FELIO",4.22261633307998,464,NA,NA,NA,NA,NA,NA,NA,NA,NA,NA,NA,NA,NA,NA,NA,NA,NA,10.27,247,NA,14.2092
339,1.31818,NA,169,"2026-03-14_FELIO",4.22261633307998,464,NA,NA,NA,NA,NA,NA,NA,NA,NA,NA,NA,NA,NA,NA,NA,NA,NA,10.27,247,NA,14.2092
340,1.32213,NA,169,"2026-03-14_FELIO",4.22261633307998,464,NA,NA,NA,NA,NA,NA,NA,NA,NA,NA,NA,NA,NA,NA,NA,NA,NA,10.27,247,NA,14.2092
341,1.32607,NA,170,"2026-03-14_FELIO",4.22261633307998,463,NA,NA,NA,NA,NA,NA,NA,NA,NA,NA,NA,NA,NA,NA,NA,NA,NA,10.09,244,NA,14.2092
342,1.33002,NA,170,"2026-03-14_FELIO",4.22261633307998,462,NA,NA,NA,NA,NA,NA,NA,NA,NA,NA,NA,NA,NA,NA,NA,NA,NA,10.09,244,NA,14.2092
343,1.33396,NA,170,"2026-03-14_FELIO",4.22261633307998,462,NA,NA,NA,NA,NA,NA,NA,NA,NA,NA,NA,NA,NA,NA,NA,NA,NA,10.09,244,NA,14.2092
344,1.33791,NA,170,"2026-03-14_FELIO",4.22261633307998,461,NA,NA,NA,NA,NA,NA,NA,NA,NA,NA,NA,NA,NA,NA,NA,NA,NA,9.88,242,NA,14.2092
345,1.34185,NA,170,"2026-03-14_FELIO",4.2322668020992,460,NA,NA,NA,NA,NA,NA,NA,NA,NA,NA,NA,NA,NA,NA,NA,NA,NA,9.88,242,NA,14.1768
346,1.34577,NA,170,"2026-03-14_FELIO",4.25278557455133,459,NA,NA,NA,NA,NA,NA,NA,NA,NA,NA,NA,NA,NA,NA,NA,NA,NA,10.05,245,NA,14.1084
347,1.34968,NA,170,"2026-03-14_FELIO",4.26257459505541,459,NA,NA,NA,NA,NA,NA,NA,NA,NA,NA,NA,NA,NA,NA,NA,NA,NA,10.23,248,NA,14.076
348,1.35359,NA,169,"2026-03-14_FELIO",4.26257459505541,460,NA,NA,NA,NA,NA,NA,NA,NA,NA,NA,NA,NA,NA,NA,NA,NA,NA,10.42,251,NA,14.076
349,1.3575,NA,170,"2026-03-14_FELIO",4.25278557455133,461,NA,NA,NA,NA,NA,NA,NA,NA,NA,NA,NA,NA,NA,NA,NA,NA,NA,10.42,251,NA,14.1084
350,1.36143,NA,170,"2026-03-14_FELIO",4.25278557455133,460,NA,NA,NA,NA,NA,NA,NA,NA,NA,NA,NA,NA,NA,NA,NA,NA,NA,10.23,248,NA,14.1084
351,1.36534,NA,170,"2026-03-14_FELIO",4.25278557455133,459,NA,NA,NA,NA,NA,NA,NA,NA,NA,NA,NA,NA,NA,NA,NA,NA,NA,10.05,245,NA,14.1084
352,1.36927,NA,170,"2026-03-14_FELIO",4.24304141208418,461,NA,NA,NA,NA,NA,NA,NA,NA,NA,NA,NA,NA,NA,NA,NA,NA,NA,10.05,245,NA,14.1408
353,1.37321,NA,169,"2026-03-14_FELIO",4.2322668020992,462,NA,NA,NA,NA,NA,NA,NA,NA,NA,NA,NA,NA,NA,NA,NA,NA,NA,10.05,245,NA,14.1768
354,1.37715,NA,170,"2026-03-14_FELIO",4.22261633307998,464,NA,NA,NA,NA,NA,NA,NA,NA,NA,NA,NA,NA,NA,NA,NA,NA,NA,10.09,244,NA,14.2092
355,1.38111,NA,170,"2026-03-14_FELIO",4.21300977418268,466,NA,NA,NA,NA,NA,NA,NA,NA,NA,NA,NA,NA,NA,NA,NA,NA,NA,10.09,244,NA,14.2416
356,1.38506,NA,170,"2026-03-14_FELIO",4.22261633307998,463,NA,NA,NA,NA,NA,NA,NA,NA,NA,NA,NA,NA,NA,NA,NA,NA,NA,10.09,244,NA,14.2092
357,1.38901,NA,169,"2026-03-14_FELIO",4.22261633307998,464,NA,NA,NA,NA,NA,NA,NA,NA,NA,NA,NA,NA,NA,NA,NA,NA,NA,10.27,247,NA,14.2092
358,1.3929,NA,169,"2026-03-14_FELIO",4.27350427350427,458,NA,NA,NA,NA,NA,NA,NA,NA,NA,NA,NA,NA,NA,NA,NA,NA,NA,10.19,249,NA,14.04
359,1.39677,NA,169,"2026-03-14_FELIO",4.31443610320131,453,NA,NA,NA,NA,NA,NA,NA,NA,NA,NA,NA,NA,NA,NA,NA,NA,NA,10.14,250,NA,13.9068
360,1.40062,NA,169,"2026-03-14_FELIO",4.33576135969476,451,NA,NA,NA,NA,NA,NA,NA,NA,NA,NA,NA,NA,NA,NA,NA,NA,NA,10.14,250,NA,13.8384
361,1.40445,NA,169,"2026-03-14_FELIO",4.34593654932638,450,NA,NA,NA,NA,NA,NA,NA,NA,NA,NA,NA,NA,NA,NA,NA,NA,NA,10.14,250,NA,13.806
362,1.4083,NA,169,"2026-03-14_FELIO",4.32451133021969,452,NA,NA,NA,NA,NA,NA,NA,NA,NA,NA,NA,NA,NA,NA,NA,NA,NA,10.14,250,NA,13.8744
363,1.41217,NA,169,"2026-03-14_FELIO",4.30440771349862,455,NA,NA,NA,NA,NA,NA,NA,NA,NA,NA,NA,NA,NA,NA,NA,NA,NA,10.18,249,NA,13.9392
364,1.41605,NA,169,"2026-03-14_FELIO",4.30440771349862,457,NA,NA,NA,NA,NA,NA,NA,NA,NA,NA,NA,NA,NA,NA,NA,NA,NA,10.18,249,NA,13.9392
365,1.41992,NA,169,"2026-03-14_FELIO",4.30440771349862,456,NA,NA,NA,NA,NA,NA,NA,NA,NA,NA,NA,NA,NA,NA,NA,NA,NA,10,246,NA,13.9392
366,1.42382,NA,168,"2026-03-14_FELIO",4.27350427350427,461,NA,NA,NA,NA,NA,NA,NA,NA,NA,NA,NA,NA,NA,NA,NA,NA,NA,10.01,246,NA,14.04
367,1.42774,NA,168,"2026-03-14_FELIO",4.25278557455133,463,NA,NA,NA,NA,NA,NA,NA,NA,NA,NA,NA,NA,NA,NA,NA,NA,NA,10.05,245,NA,14.1084
368,1.43165,NA,169,"2026-03-14_FELIO",4.26257459505541,461,NA,NA,NA,NA,NA,NA,NA,NA,NA,NA,NA,NA,NA,NA,NA,NA,NA,10.05,245,NA,14.076
369,1.43556,NA,169,"2026-03-14_FELIO",4.26257459505541,460,NA,NA,NA,NA,NA,NA,NA,NA,NA,NA,NA,NA,NA,NA,NA,NA,NA,9.83,243,NA,14.076
370,1.43949,NA,169,"2026-03-14_FELIO",4.2322668020992,463,NA,NA,NA,NA,NA,NA,NA,NA,NA,NA,NA,NA,NA,NA,NA,NA,NA,9.88,242,NA,14.1768
371,1.44345,NA,169,"2026-03-14_FELIO",4.21300977418268,465,NA,NA,NA,NA,NA,NA,NA,NA,NA,NA,NA,NA,NA,NA,NA,NA,NA,9.88,242,NA,14.2416
372,1.44743,NA,169,"2026-03-14_FELIO",4.18340026773762,473,NA,NA,NA,NA,NA,NA,NA,NA,NA,NA,NA,NA,NA,NA,NA,NA,NA,10.13,243,NA,14.3424
373,1.45143,NA,168,"2026-03-14_FELIO",4.17292605575029,475,NA,NA,NA,NA,NA,NA,NA,NA,NA,NA,NA,NA,NA,NA,NA,NA,NA,10.13,243,NA,14.3784
374,1.45537,NA,169,"2026-03-14_FELIO",4.2322668020992,463,NA,NA,NA,NA,NA,NA,NA,NA,NA,NA,NA,NA,NA,NA,NA,NA,NA,10.23,248,NA,14.1768
375,1.45925,NA,169,"2026-03-14_FELIO",4.29331959471063,456,NA,NA,NA,NA,NA,NA,NA,NA,NA,NA,NA,NA,NA,NA,NA,NA,NA,10.19,249,NA,13.9752
376,1.46313,NA,168,"2026-03-14_FELIO",4.29331959471063,456,NA,NA,NA,NA,NA,NA,NA,NA,NA,NA,NA,NA,NA,NA,NA,NA,NA,10.19,249,NA,13.9752
377,1.46701,NA,169,"2026-03-14_FELIO",4.29331959471063,456,NA,NA,NA,NA,NA,NA,NA,NA,NA,NA,NA,NA,NA,NA,NA,NA,NA,10.19,249,NA,13.9752
378,1.47091,NA,169,"2026-03-14_FELIO",4.27350427350427,459,NA,NA,NA,NA,NA,NA,NA,NA,NA,NA,NA,NA,NA,NA,NA,NA,NA,10.19,249,NA,14.04
379,1.47483,NA,169,"2026-03-14_FELIO",4.25278557455133,464,NA,NA,NA,NA,NA,NA,NA,NA,NA,NA,NA,NA,NA,NA,NA,NA,NA,10.23,248,NA,14.1084
380,1.47876,NA,168,"2026-03-14_FELIO",4.24304141208418,466,NA,NA,NA,NA,NA,NA,NA,NA,NA,NA,NA,NA,NA,NA,NA,NA,NA,10.23,248,NA,14.1408
381,1.48267,NA,169,"2026-03-14_FELIO",4.26257459505541,461,NA,NA,NA,NA,NA,NA,NA,NA,NA,NA,NA,NA,NA,NA,NA,NA,NA,10.05,245,NA,14.076
382,1.48655,NA,169,"2026-03-14_FELIO",4.29331959471063,455,NA,NA,NA,NA,NA,NA,NA,NA,NA,NA,NA,NA,NA,NA,NA,NA,NA,10,246,NA,13.9752
383,1.49043,NA,169,"2026-03-14_FELIO",4.29331959471063,455,NA,NA,NA,NA,NA,NA,NA,NA,NA,NA,NA,NA,NA,NA,NA,NA,NA,10,246,NA,13.9752
384,1.49431,NA,169,"2026-03-14_FELIO",4.29331959471063,455,NA,NA,NA,NA,NA,NA,NA,NA,NA,NA,NA,NA,NA,NA,NA,NA,NA,10,246,NA,13.9752
385,1.49819,NA,169,"2026-03-14_FELIO",4.30440771349862,456,NA,NA,NA,NA,NA,NA,NA,NA,NA,NA,NA,NA,NA,NA,NA,NA,NA,10.18,249,NA,13.9392
386,1.50206,NA,170,"2026-03-14_FELIO",4.30440771349862,456,NA,NA,NA,NA,NA,NA,NA,NA,NA,NA,NA,NA,NA,NA,NA,NA,NA,10.18,249,NA,13.9392
387,1.50596,NA,169,"2026-03-14_FELIO",4.27350427350427,460,NA,NA,NA,NA,NA,NA,NA,NA,NA,NA,NA,NA,NA,NA,NA,NA,NA,10.19,249,NA,14.04
388,1.50987,NA,169,"2026-03-14_FELIO",4.25278557455133,464,NA,NA,NA,NA,NA,NA,NA,NA,NA,NA,NA,NA,NA,NA,NA,NA,NA,10.23,248,NA,14.1084
389,1.51381,NA,169,"2026-03-14_FELIO",4.24304141208418,467,NA,NA,NA,NA,NA,NA,NA,NA,NA,NA,NA,NA,NA,NA,NA,NA,NA,10.23,248,NA,14.1408
390,1.51773,NA,170,"2026-03-14_FELIO",4.24304141208418,467,NA,NA,NA,NA,NA,NA,NA,NA,NA,NA,NA,NA,NA,NA,NA,NA,NA,10.23,248,NA,14.1408
391,1.52167,NA,169,"2026-03-14_FELIO",4.2322668020992,466,NA,NA,NA,NA,NA,NA,NA,NA,NA,NA,NA,NA,NA,NA,NA,NA,NA,10.23,248,NA,14.1768
392,1.52561,NA,169,"2026-03-14_FELIO",4.2322668020992,463,NA,NA,NA,NA,NA,NA,NA,NA,NA,NA,NA,NA,NA,NA,NA,NA,NA,10.05,245,NA,14.1768
393,1.52955,NA,170,"2026-03-14_FELIO",4.2322668020992,463,NA,NA,NA,NA,NA,NA,NA,NA,NA,NA,NA,NA,NA,NA,NA,NA,NA,10.05,245,NA,14.1768
394,1.53348,NA,170,"2026-03-14_FELIO",4.2322668020992,464,NA,NA,NA,NA,NA,NA,NA,NA,NA,NA,NA,NA,NA,NA,NA,NA,NA,10.23,248,NA,14.1768
395,1.53742,NA,170,"2026-03-14_FELIO",4.2322668020992,463,NA,NA,NA,NA,NA,NA,NA,NA,NA,NA,NA,NA,NA,NA,NA,NA,NA,10.23,248,NA,14.1768
396,1.54135,NA,171,"2026-03-14_FELIO",4.24304141208418,462,NA,NA,NA,NA,NA,NA,NA,NA,NA,NA,NA,NA,NA,NA,NA,NA,NA,10.23,248,NA,14.1408
397,1.54526,NA,171,"2026-03-14_FELIO",4.26257459505541,459,NA,NA,NA,NA,NA,NA,NA,NA,NA,NA,NA,NA,NA,NA,NA,NA,NA,10.05,245,NA,14.076
398,1.54915,NA,171,"2026-03-14_FELIO",4.28338901739056,458,NA,NA,NA,NA,NA,NA,NA,NA,NA,NA,NA,NA,NA,NA,NA,NA,NA,10.19,249,NA,14.0076
399,1.55304,NA,171,"2026-03-14_FELIO",4.28338901739056,458,NA,NA,NA,NA,NA,NA,NA,NA,NA,NA,NA,NA,NA,NA,NA,NA,NA,10.19,249,NA,14.0076
400,1.55694,NA,171,"2026-03-14_FELIO",4.27350427350427,459,NA,NA,NA,NA,NA,NA,NA,NA,NA,NA,NA,NA,NA,NA,NA,NA,NA,10.19,249,NA,14.04
401,1.56083,NA,171,"2026-03-14_FELIO",4.28338901739056,459,NA,NA,NA,NA,NA,NA,NA,NA,NA,NA,NA,NA,NA,NA,NA,NA,NA,10.38,252,NA,14.0076
402,1.56472,NA,171,"2026-03-14_FELIO",4.28338901739056,458,NA,NA,NA,NA,NA,NA,NA,NA,NA,NA,NA,NA,NA,NA,NA,NA,NA,10.38,252,NA,14.0076
403,1.5686,NA,170,"2026-03-14_FELIO",4.29331959471063,456,NA,NA,NA,NA,NA,NA,NA,NA,NA,NA,NA,NA,NA,NA,NA,NA,NA,10.37,252,NA,13.9752
404,1.57246,NA,170,"2026-03-14_FELIO",4.31443610320131,452,NA,NA,NA,NA,NA,NA,NA,NA,NA,NA,NA,NA,NA,NA,NA,NA,NA,10.33,253,NA,13.9068
405,1.57632,NA,170,"2026-03-14_FELIO",4.32451133021969,450,NA,NA,NA,NA,NA,NA,NA,NA,NA,NA,NA,NA,NA,NA,NA,NA,NA,10.33,253,NA,13.8744
406,1.58016,NA,170,"2026-03-14_FELIO",4.33576135969476,448,NA,NA,NA,NA,NA,NA,NA,NA,NA,NA,NA,NA,NA,NA,NA,NA,NA,10.33,253,NA,13.8384
407,1.58402,NA,170,"2026-03-14_FELIO",4.32451133021969,447,NA,NA,NA,NA,NA,NA,NA,NA,NA,NA,NA,NA,NA,NA,NA,NA,NA,10.14,250,NA,13.8744
408,1.58788,NA,169,"2026-03-14_FELIO",4.31443610320131,448,NA,NA,NA,NA,NA,NA,NA,NA,NA,NA,NA,NA,NA,NA,NA,NA,NA,10.14,250,NA,13.9068
409,1.59176,NA,170,"2026-03-14_FELIO",4.29331959471063,452,NA,NA,NA,NA,NA,NA,NA,NA,NA,NA,NA,NA,NA,NA,NA,NA,NA,10.19,249,NA,13.9752
410,1.59565,NA,170,"2026-03-14_FELIO",4.28338901739056,452,NA,NA,NA,NA,NA,NA,NA,NA,NA,NA,NA,NA,NA,NA,NA,NA,NA,10.01,246,NA,14.0076
411,1.59954,NA,169,"2026-03-14_FELIO",4.28338901739056,451,NA,NA,NA,NA,NA,NA,NA,NA,NA,NA,NA,NA,NA,NA,NA,NA,NA,10.01,246,NA,14.0076
412,1.60338,NA,170,"2026-03-14_FELIO",4.34593654932638,442,NA,NA,NA,NA,NA,NA,NA,NA,NA,NA,NA,NA,NA,NA,NA,NA,NA,9.96,247,NA,13.806
413,1.60709,NA,170,"2026-03-14_FELIO",4.48752468138575,427,NA,NA,NA,NA,NA,NA,NA,NA,NA,NA,NA,NA,NA,NA,NA,NA,NA,9.78,251,NA,13.3704
414,1.61074,NA,169,"2026-03-14_FELIO",4.5687134502924,420,NA,NA,NA,NA,NA,NA,NA,NA,NA,NA,NA,NA,NA,NA,NA,NA,NA,9.73,252,NA,13.1328
415,1.61436,NA,170,"2026-03-14_FELIO",4.60405156537753,418,NA,NA,NA,NA,NA,NA,NA,NA,NA,NA,NA,NA,NA,NA,NA,NA,NA,9.86,256,NA,13.032
416,1.61799,NA,169,"2026-03-14_FELIO",4.59136822773186,418,NA,NA,NA,NA,NA,NA,NA,NA,NA,NA,NA,NA,NA,NA,NA,NA,NA,9.86,256,NA,13.068
417,1.62165,NA,169,"2026-03-14_FELIO",4.55622380171314,421,NA,NA,NA,NA,NA,NA,NA,NA,NA,NA,NA,NA,NA,NA,NA,NA,NA,9.91,255,NA,13.1688
418,1.62537,NA,169,"2026-03-14_FELIO",4.476676515355,433,NA,NA,NA,NA,NA,NA,NA,NA,NA,NA,NA,NA,NA,NA,NA,NA,NA,9.82,250,NA,13.4028
419,1.62913,NA,170,"2026-03-14_FELIO",4.43262411347518,441,NA,NA,NA,NA,NA,NA,NA,NA,NA,NA,NA,NA,NA,NA,NA,NA,NA,9.66,247,NA,13.536
420,1.63296,NA,170,"2026-03-14_FELIO",4.3561596096881,452,NA,NA,NA,NA,NA,NA,NA,NA,NA,NA,NA,NA,NA,NA,NA,NA,NA,9.58,242,NA,13.7736
421,1.63689,NA,170,"2026-03-14_FELIO",4.2322668020992,472,NA,NA,NA,NA,NA,NA,NA,NA,NA,NA,NA,NA,NA,NA,NA,NA,NA,9.71,239,NA,14.1768
422,1.64089,NA,170,"2026-03-14_FELIO",4.17292605575029,478,NA,NA,NA,NA,NA,NA,NA,NA,NA,NA,NA,NA,NA,NA,NA,NA,NA,9.75,238,NA,14.3784
423,1.64491,NA,170,"2026-03-14_FELIO",4.1438753522294,482,NA,NA,NA,NA,NA,NA,NA,NA,NA,NA,NA,NA,NA,NA,NA,NA,NA,9.79,237,NA,14.4792
424,1.64894,NA,170,"2026-03-14_FELIO",4.13462333581411,479,NA,NA,NA,NA,NA,NA,NA,NA,NA,NA,NA,NA,NA,NA,NA,NA,NA,9.79,237,NA,14.5116
425,1.65297,NA,171,"2026-03-14_FELIO",4.13462333581411,469,NA,NA,NA,NA,NA,NA,NA,NA,NA,NA,NA,NA,NA,NA,NA,NA,NA,9.59,235,NA,14.5116
426,1.65699,NA,171,"2026-03-14_FELIO",4.1438753522294,463,NA,NA,NA,NA,NA,NA,NA,NA,NA,NA,NA,NA,NA,NA,NA,NA,NA,9.59,235,NA,14.4792
427,1.66101,NA,171,"2026-03-14_FELIO",4.1438753522294,461,NA,NA,NA,NA,NA,NA,NA,NA,NA,NA,NA,NA,NA,NA,NA,NA,NA,9.59,235,NA,14.4792
428,1.66503,NA,172,"2026-03-14_FELIO",4.1438753522294,463,NA,NA,NA,NA,NA,NA,NA,NA,NA,NA,NA,NA,NA,NA,NA,NA,NA,9.79,237,NA,14.4792
429,1.66906,NA,172,"2026-03-14_FELIO",4.1438753522294,465,NA,NA,NA,NA,NA,NA,NA,NA,NA,NA,NA,NA,NA,NA,NA,NA,NA,9.96,240,NA,14.4792
430,1.67307,NA,172,"2026-03-14_FELIO",4.15420405450316,464,NA,NA,NA,NA,NA,NA,NA,NA,NA,NA,NA,NA,NA,NA,NA,NA,NA,9.96,240,NA,14.4432
431,1.67707,NA,172,"2026-03-14_FELIO",4.16354400866017,465,NA,NA,NA,NA,NA,NA,NA,NA,NA,NA,NA,NA,NA,NA,NA,NA,NA,10.13,243,NA,14.4108
432,1.68107,NA,172,"2026-03-14_FELIO",4.16354400866017,465,NA,NA,NA,NA,NA,NA,NA,NA,NA,NA,NA,NA,NA,NA,NA,NA,NA,10.13,243,NA,14.4108
433,1.68497,NA,172,"2026-03-14_FELIO",4.27350427350427,452,NA,NA,NA,NA,NA,NA,NA,NA,NA,NA,NA,NA,NA,NA,NA,NA,NA,9.83,243,NA,14.04
434,1.68882,NA,172,"2026-03-14_FELIO",4.33576135969476,446,NA,NA,NA,NA,NA,NA,NA,NA,NA,NA,NA,NA,NA,NA,NA,NA,NA,9.79,244,NA,13.8384
435,1.69262,NA,172,"2026-03-14_FELIO",4.38827453045463,440,NA,NA,NA,NA,NA,NA,NA,NA,NA,NA,NA,NA,NA,NA,NA,NA,NA,9.54,243,NA,13.6728
436,1.69646,NA,172,"2026-03-14_FELIO",4.33576135969476,446,NA,NA,NA,NA,NA,NA,NA,NA,NA,NA,NA,NA,NA,NA,NA,NA,NA,9.59,242,NA,13.8384
437,1.70035,NA,172,"2026-03-14_FELIO",4.28338901739056,451,NA,NA,NA,NA,NA,NA,NA,NA,NA,NA,NA,NA,NA,NA,NA,NA,NA,9.63,241,NA,14.0076
438,1.7043,NA,172,"2026-03-14_FELIO",4.22261633307998,466,NA,NA,NA,NA,NA,NA,NA,NA,NA,NA,NA,NA,NA,NA,NA,NA,NA,9.71,239,NA,14.2092
439,1.70829,NA,172,"2026-03-14_FELIO",4.17292605575029,480,NA,NA,NA,NA,NA,NA,NA,NA,NA,NA,NA,NA,NA,NA,NA,NA,NA,9.75,238,NA,14.3784
440,1.71231,NA,172,"2026-03-14_FELIO",4.15420405450316,480,NA,NA,NA,NA,NA,NA,NA,NA,NA,NA,NA,NA,NA,NA,NA,NA,NA,9.79,237,NA,14.4432
441,1.71632,NA,173,"2026-03-14_FELIO",4.15420405450316,478,NA,NA,NA,NA,NA,NA,NA,NA,NA,NA,NA,NA,NA,NA,NA,NA,NA,9.96,240,NA,14.4432
442,1.72033,NA,172,"2026-03-14_FELIO",4.15420405450316,475,NA,NA,NA,NA,NA,NA,NA,NA,NA,NA,NA,NA,NA,NA,NA,NA,NA,10.14,243,NA,14.4432
443,1.72434,NA,173,"2026-03-14_FELIO",4.15420405450316,473,NA,NA,NA,NA,NA,NA,NA,NA,NA,NA,NA,NA,NA,NA,NA,NA,NA,10.32,246,NA,14.4432
444,1.72827,NA,173,"2026-03-14_FELIO",4.24304141208418,462,NA,NA,NA,NA,NA,NA,NA,NA,NA,NA,NA,NA,NA,NA,NA,NA,NA,10.23,248,NA,14.1408
445,1.73211,NA,173,"2026-03-14_FELIO",4.33576135969476,449,NA,NA,NA,NA,NA,NA,NA,NA,NA,NA,NA,NA,NA,NA,NA,NA,NA,9.79,244,NA,13.8384
446,1.7359,NA,173,"2026-03-14_FELIO",4.39985920450546,443,NA,NA,NA,NA,NA,NA,NA,NA,NA,NA,NA,NA,NA,NA,NA,NA,NA,9.7,246,NA,13.6368
447,1.73964,NA,172,"2026-03-14_FELIO",4.46588067166845,436,NA,NA,NA,NA,NA,NA,NA,NA,NA,NA,NA,NA,NA,NA,NA,NA,NA,9.66,247,NA,13.4352
448,1.74336,NA,173,"2026-03-14_FELIO",4.46588067166845,435,NA,NA,NA,NA,NA,NA,NA,NA,NA,NA,NA,NA,NA,NA,NA,NA,NA,9.46,245,NA,13.4352
449,1.74714,NA,173,"2026-03-14_FELIO",4.41033783187792,441,NA,NA,NA,NA,NA,NA,NA,NA,NA,NA,NA,NA,NA,NA,NA,NA,NA,9.5,244,NA,13.6044
450,1.75096,NA,173,"2026-03-14_FELIO",4.3675751222921,447,NA,NA,NA,NA,NA,NA,NA,NA,NA,NA,NA,NA,NA,NA,NA,NA,NA,9.54,243,NA,13.7376
451,1.75481,NA,172,"2026-03-14_FELIO",4.33576135969476,457,NA,NA,NA,NA,NA,NA,NA,NA,NA,NA,NA,NA,NA,NA,NA,NA,NA,9.59,242,NA,13.8384
452,1.75867,NA,173,"2026-03-14_FELIO",4.31443610320131,460,NA,NA,NA,NA,NA,NA,NA,NA,NA,NA,NA,NA,NA,NA,NA,NA,NA,9.62,241,NA,13.9068
453,1.7625,NA,173,"2026-03-14_FELIO",4.34593654932638,452,NA,NA,NA,NA,NA,NA,NA,NA,NA,NA,NA,NA,NA,NA,NA,NA,NA,9.75,245,NA,13.806
454,1.76632,NA,173,"2026-03-14_FELIO",4.3675751222921,445,NA,NA,NA,NA,NA,NA,NA,NA,NA,NA,NA,NA,NA,NA,NA,NA,NA,9.75,245,NA,13.7376
455,1.77016,NA,173,"2026-03-14_FELIO",4.33576135969476,448,NA,NA,NA,NA,NA,NA,NA,NA,NA,NA,NA,NA,NA,NA,NA,NA,NA,9.79,244,NA,13.8384
456,1.77403,NA,173,"2026-03-14_FELIO",4.30440771349862,452,NA,NA,NA,NA,NA,NA,NA,NA,NA,NA,NA,NA,NA,NA,NA,NA,NA,9.79,244,NA,13.9392
457,1.77793,NA,173,"2026-03-14_FELIO",4.28338901739056,459,NA,NA,NA,NA,NA,NA,NA,NA,NA,NA,NA,NA,NA,NA,NA,NA,NA,10.01,246,NA,14.0076
458,1.78183,NA,173,"2026-03-14_FELIO",4.27350427350427,463,NA,NA,NA,NA,NA,NA,NA,NA,NA,NA,NA,NA,NA,NA,NA,NA,NA,10.01,246,NA,14.04
459,1.78574,NA,173,"2026-03-14_FELIO",4.26257459505541,464,NA,NA,NA,NA,NA,NA,NA,NA,NA,NA,NA,NA,NA,NA,NA,NA,NA,10.23,248,NA,14.076
460,1.78966,NA,173,"2026-03-14_FELIO",4.25278557455133,463,NA,NA,NA,NA,NA,NA,NA,NA,NA,NA,NA,NA,NA,NA,NA,NA,NA,10.23,248,NA,14.1084
461,1.79358,NA,174,"2026-03-14_FELIO",4.24304141208418,462,NA,NA,NA,NA,NA,NA,NA,NA,NA,NA,NA,NA,NA,NA,NA,NA,NA,10.05,245,NA,14.1408
462,1.79752,NA,174,"2026-03-14_FELIO",4.2322668020992,464,NA,NA,NA,NA,NA,NA,NA,NA,NA,NA,NA,NA,NA,NA,NA,NA,NA,10.05,245,NA,14.1768
463,1.80146,NA,174,"2026-03-14_FELIO",4.2322668020992,463,NA,NA,NA,NA,NA,NA,NA,NA,NA,NA,NA,NA,NA,NA,NA,NA,NA,9.88,242,NA,14.1768
464,1.80539,NA,174,"2026-03-14_FELIO",4.24304141208418,460,NA,NA,NA,NA,NA,NA,NA,NA,NA,NA,NA,NA,NA,NA,NA,NA,NA,9.87,242,NA,14.1408
465,1.80933,NA,173,"2026-03-14_FELIO",4.2322668020992,461,NA,NA,NA,NA,NA,NA,NA,NA,NA,NA,NA,NA,NA,NA,NA,NA,NA,9.88,242,NA,14.1768
466,1.81326,NA,174,"2026-03-14_FELIO",4.2322668020992,460,NA,NA,NA,NA,NA,NA,NA,NA,NA,NA,NA,NA,NA,NA,NA,NA,NA,9.88,242,NA,14.1768
467,1.81719,NA,174,"2026-03-14_FELIO",4.24304141208418,459,NA,NA,NA,NA,NA,NA,NA,NA,NA,NA,NA,NA,NA,NA,NA,NA,NA,9.87,242,NA,14.1408
468,1.82111,NA,174,"2026-03-14_FELIO",4.25278557455133,459,NA,NA,NA,NA,NA,NA,NA,NA,NA,NA,NA,NA,NA,NA,NA,NA,NA,10.05,245,NA,14.1084
469,1.82504,NA,174,"2026-03-14_FELIO",4.24304141208418,460,NA,NA,NA,NA,NA,NA,NA,NA,NA,NA,NA,NA,NA,NA,NA,NA,NA,10.05,245,NA,14.1408
470,1.82897,NA,173,"2026-03-14_FELIO",4.2322668020992,461,NA,NA,NA,NA,NA,NA,NA,NA,NA,NA,NA,NA,NA,NA,NA,NA,NA,10.05,245,NA,14.1768
471,1.83291,NA,174,"2026-03-14_FELIO",4.24304141208418,460,NA,NA,NA,NA,NA,NA,NA,NA,NA,NA,NA,NA,NA,NA,NA,NA,NA,10.05,245,NA,14.1408
472,1.83682,NA,174,"2026-03-14_FELIO",4.25278557455133,457,NA,NA,NA,NA,NA,NA,NA,NA,NA,NA,NA,NA,NA,NA,NA,NA,NA,9.87,242,NA,14.1084
473,1.84076,NA,174,"2026-03-14_FELIO",4.2322668020992,460,NA,NA,NA,NA,NA,NA,NA,NA,NA,NA,NA,NA,NA,NA,NA,NA,NA,9.88,242,NA,14.1768
474,1.84471,NA,173,"2026-03-14_FELIO",4.22261633307998,461,NA,NA,NA,NA,NA,NA,NA,NA,NA,NA,NA,NA,NA,NA,NA,NA,NA,9.88,242,NA,14.2092
475,1.84865,NA,174,"2026-03-14_FELIO",4.2322668020992,460,NA,NA,NA,NA,NA,NA,NA,NA,NA,NA,NA,NA,NA,NA,NA,NA,NA,9.88,242,NA,14.1768
476,1.85258,NA,174,"2026-03-14_FELIO",4.24304141208418,459,NA,NA,NA,NA,NA,NA,NA,NA,NA,NA,NA,NA,NA,NA,NA,NA,NA,9.87,242,NA,14.1408
477,1.8565,NA,174,"2026-03-14_FELIO",4.24304141208418,458,NA,NA,NA,NA,NA,NA,NA,NA,NA,NA,NA,NA,NA,NA,NA,NA,NA,9.87,242,NA,14.1408
478,1.86044,NA,174,"2026-03-14_FELIO",4.2322668020992,459,NA,NA,NA,NA,NA,NA,NA,NA,NA,NA,NA,NA,NA,NA,NA,NA,NA,9.88,242,NA,14.1768
479,1.86438,NA,174,"2026-03-14_FELIO",4.22261633307998,461,NA,NA,NA,NA,NA,NA,NA,NA,NA,NA,NA,NA,NA,NA,NA,NA,NA,9.88,242,NA,14.2092
480,1.86833,NA,174,"2026-03-14_FELIO",4.22261633307998,462,NA,NA,NA,NA,NA,NA,NA,NA,NA,NA,NA,NA,NA,NA,NA,NA,NA,9.88,242,NA,14.2092
481,1.87227,NA,174,"2026-03-14_FELIO",4.2322668020992,460,NA,NA,NA,NA,NA,NA,NA,NA,NA,NA,NA,NA,NA,NA,NA,NA,NA,9.88,242,NA,14.1768
482,1.87621,NA,175,"2026-03-14_FELIO",4.2322668020992,459,NA,NA,NA,NA,NA,NA,NA,NA,NA,NA,NA,NA,NA,NA,NA,NA,NA,9.88,242,NA,14.1768
483,1.88018,NA,175,"2026-03-14_FELIO",4.20238695579089,464,NA,NA,NA,NA,NA,NA,NA,NA,NA,NA,NA,NA,NA,NA,NA,NA,NA,9.92,241,NA,14.2776
484,1.88416,NA,175,"2026-03-14_FELIO",4.17292605575029,470,NA,NA,NA,NA,NA,NA,NA,NA,NA,NA,NA,NA,NA,NA,NA,NA,NA,9.92,241,NA,14.3784
485,1.88815,NA,175,"2026-03-14_FELIO",4.18340026773762,470,NA,NA,NA,NA,NA,NA,NA,NA,NA,NA,NA,NA,NA,NA,NA,NA,NA,10.13,243,NA,14.3424
486,1.89211,NA,175,"2026-03-14_FELIO",4.20238695579089,466,NA,NA,NA,NA,NA,NA,NA,NA,NA,NA,NA,NA,NA,NA,NA,NA,NA,10.09,244,NA,14.2776
487,1.89607,NA,175,"2026-03-14_FELIO",4.21300977418268,463,NA,NA,NA,NA,NA,NA,NA,NA,NA,NA,NA,NA,NA,NA,NA,NA,NA,10.09,244,NA,14.2416
488,1.90003,NA,175,"2026-03-14_FELIO",4.21300977418268,463,NA,NA,NA,NA,NA,NA,NA,NA,NA,NA,NA,NA,NA,NA,NA,NA,NA,10.09,244,NA,14.2416
489,1.90397,NA,175,"2026-03-14_FELIO",4.22261633307998,462,NA,NA,NA,NA,NA,NA,NA,NA,NA,NA,NA,NA,NA,NA,NA,NA,NA,10.09,244,NA,14.2092
490,1.90792,NA,175,"2026-03-14_FELIO",4.22261633307998,461,NA,NA,NA,NA,NA,NA,NA,NA,NA,NA,NA,NA,NA,NA,NA,NA,NA,9.88,242,NA,14.2092
491,1.91188,NA,174,"2026-03-14_FELIO",4.21300977418268,462,NA,NA,NA,NA,NA,NA,NA,NA,NA,NA,NA,NA,NA,NA,NA,NA,NA,9.88,242,NA,14.2416
492,1.91585,NA,174,"2026-03-14_FELIO",4.20238695579089,464,NA,NA,NA,NA,NA,NA,NA,NA,NA,NA,NA,NA,NA,NA,NA,NA,NA,9.92,241,NA,14.2776
493,1.91973,NA,174,"2026-03-14_FELIO",4.28338901739056,454,NA,NA,NA,NA,NA,NA,NA,NA,NA,NA,NA,NA,NA,NA,NA,NA,NA,9.83,243,NA,14.0076
494,1.92356,NA,174,"2026-03-14_FELIO",4.3561596096881,447,NA,NA,NA,NA,NA,NA,NA,NA,NA,NA,NA,NA,NA,NA,NA,NA,NA,9.75,245,NA,13.7736
495,1.92741,NA,174,"2026-03-14_FELIO",4.32451133021969,450,NA,NA,NA,NA,NA,NA,NA,NA,NA,NA,NA,NA,NA,NA,NA,NA,NA,9.79,244,NA,13.8744
496,1.93128,NA,173,"2026-03-14_FELIO",4.30440771349862,452,NA,NA,NA,NA,NA,NA,NA,NA,NA,NA,NA,NA,NA,NA,NA,NA,NA,9.79,244,NA,13.9392
497,1.93517,NA,173,"2026-03-14_FELIO",4.29331959471063,455,NA,NA,NA,NA,NA,NA,NA,NA,NA,NA,NA,NA,NA,NA,NA,NA,NA,10,246,NA,13.9752
498,1.93906,NA,173,"2026-03-14_FELIO",4.28338901739056,463,NA,NA,NA,NA,NA,NA,NA,NA,NA,NA,NA,NA,NA,NA,NA,NA,NA,10.19,249,NA,14.0076
499,1.94291,NA,172,"2026-03-14_FELIO",4.32451133021969,453,NA,NA,NA,NA,NA,NA,NA,NA,NA,NA,NA,NA,NA,NA,NA,NA,NA,10.14,250,NA,13.8744
500,1.94671,NA,172,"2026-03-14_FELIO",4.38827453045463,445,NA,NA,NA,NA,NA,NA,NA,NA,NA,NA,NA,NA,NA,NA,NA,NA,NA,9.91,248,NA,13.6728
501,1.95047,NA,171,"2026-03-14_FELIO",4.43262411347518,441,NA,NA,NA,NA,NA,NA,NA,NA,NA,NA,NA,NA,NA,NA,NA,NA,NA,9.87,249,NA,13.536
502,1.95424,NA,171,"2026-03-14_FELIO",4.42086648983201,442,NA,NA,NA,NA,NA,NA,NA,NA,NA,NA,NA,NA,NA,NA,NA,NA,NA,9.87,249,NA,13.572
503,1.95804,NA,171,"2026-03-14_FELIO",4.38827453045463,444,NA,NA,NA,NA,NA,NA,NA,NA,NA,NA,NA,NA,NA,NA,NA,NA,NA,9.71,246,NA,13.6728
504,1.96188,NA,171,"2026-03-14_FELIO",4.33576135969476,453,NA,NA,NA,NA,NA,NA,NA,NA,NA,NA,NA,NA,NA,NA,NA,NA,NA,9.79,244,NA,13.8384
505,1.96577,NA,171,"2026-03-14_FELIO",4.29331959471063,463,NA,NA,NA,NA,NA,NA,NA,NA,NA,NA,NA,NA,NA,NA,NA,NA,NA,9.83,243,NA,13.9752
506,1.96967,NA,172,"2026-03-14_FELIO",4.26257459505541,468,NA,NA,NA,NA,NA,NA,NA,NA,NA,NA,NA,NA,NA,NA,NA,NA,NA,9.83,243,NA,14.076
507,1.97361,NA,172,"2026-03-14_FELIO",4.2322668020992,472,NA,NA,NA,NA,NA,NA,NA,NA,NA,NA,NA,NA,NA,NA,NA,NA,NA,9.88,242,NA,14.1768
508,1.97756,NA,172,"2026-03-14_FELIO",4.22261633307998,470,NA,NA,NA,NA,NA,NA,NA,NA,NA,NA,NA,NA,NA,NA,NA,NA,NA,9.88,242,NA,14.2092
509,1.9815,NA,172,"2026-03-14_FELIO",4.22261633307998,467,NA,NA,NA,NA,NA,NA,NA,NA,NA,NA,NA,NA,NA,NA,NA,NA,NA,9.88,242,NA,14.2092
510,1.98538,NA,172,"2026-03-14_FELIO",4.29331959471063,454,NA,NA,NA,NA,NA,NA,NA,NA,NA,NA,NA,NA,NA,NA,NA,NA,NA,9.83,243,NA,13.9752
511,1.98923,NA,171,"2026-03-14_FELIO",4.33576135969476,449,NA,NA,NA,NA,NA,NA,NA,NA,NA,NA,NA,NA,NA,NA,NA,NA,NA,9.79,244,NA,13.8384
512,1.99307,NA,171,"2026-03-14_FELIO",4.33576135969476,449,NA,NA,NA,NA,NA,NA,NA,NA,NA,NA,NA,NA,NA,NA,NA,NA,NA,9.79,244,NA,13.8384
513,1.99692,NA,171,"2026-03-14_FELIO",4.33576135969476,451,NA,NA,NA,NA,NA,NA,NA,NA,NA,NA,NA,NA,NA,NA,NA,NA,NA,9.96,247,NA,13.8384
514,2.00076,NA,171,"2026-03-14_FELIO",4.33576135969476,452,NA,NA,NA,NA,NA,NA,NA,NA,NA,NA,NA,NA,NA,NA,NA,NA,NA,10.14,250,NA,13.8384
515,2.00455,NA,172,"2026-03-14_FELIO",4.39985920450546,446,NA,NA,NA,NA,NA,NA,NA,NA,NA,NA,NA,NA,NA,NA,NA,NA,NA,10.09,251,NA,13.6368
516,2.00828,NA,171,"2026-03-14_FELIO",4.476676515355,438,NA,NA,NA,NA,NA,NA,NA,NA,NA,NA,NA,NA,NA,NA,NA,NA,NA,10,253,NA,13.4028
517,2.01195,NA,171,"2026-03-14_FELIO",4.53391367428364,431,NA,NA,NA,NA,NA,NA,NA,NA,NA,NA,NA,NA,NA,NA,NA,NA,NA,9.74,252,NA,13.2336
518,2.01567,NA,171,"2026-03-14_FELIO",4.476676515355,437,NA,NA,NA,NA,NA,NA,NA,NA,NA,NA,NA,NA,NA,NA,NA,NA,NA,9.82,250,NA,13.4028
519,2.01943,NA,171,"2026-03-14_FELIO",4.44325957522438,440,NA,NA,NA,NA,NA,NA,NA,NA,NA,NA,NA,NA,NA,NA,NA,NA,NA,9.83,250,NA,13.5036
520,2.02314,NA,171,"2026-03-14_FELIO",4.48752468138575,435,NA,NA,NA,NA,NA,NA,NA,NA,NA,NA,NA,NA,NA,NA,NA,NA,NA,9.78,251,NA,13.3704
521,2.02683,NA,171,"2026-03-14_FELIO",4.510599909788,435,NA,NA,NA,NA,NA,NA,NA,NA,NA,NA,NA,NA,NA,NA,NA,NA,NA,9.78,251,NA,13.302
522,2.03059,NA,171,"2026-03-14_FELIO",4.43262411347518,444,NA,NA,NA,NA,NA,NA,NA,NA,NA,NA,NA,NA,NA,NA,NA,NA,NA,9.87,249,NA,13.536
523,2.0344,NA,171,"2026-03-14_FELIO",4.37790035898783,452,NA,NA,NA,NA,NA,NA,NA,NA,NA,NA,NA,NA,NA,NA,NA,NA,NA,10.1,251,NA,13.7052
524,2.03824,NA,171,"2026-03-14_FELIO",4.33576135969476,462,NA,NA,NA,NA,NA,NA,NA,NA,NA,NA,NA,NA,NA,NA,NA,NA,NA,10.14,250,NA,13.8384
525,2.04211,NA,171,"2026-03-14_FELIO",4.30440771349862,470,NA,NA,NA,NA,NA,NA,NA,NA,NA,NA,NA,NA,NA,NA,NA,NA,NA,10.37,252,NA,13.9392
526,2.04592,NA,171,"2026-03-14_FELIO",4.38827453045463,450,NA,NA,NA,NA,NA,NA,NA,NA,NA,NA,NA,NA,NA,NA,NA,NA,NA,10.28,254,NA,13.6728
527,2.04967,NA,171,"2026-03-14_FELIO",4.43262411347518,442,NA,NA,NA,NA,NA,NA,NA,NA,NA,NA,NA,NA,NA,NA,NA,NA,NA,10.23,255,NA,13.536
528,2.05345,NA,170,"2026-03-14_FELIO",4.41033783187792,441,NA,NA,NA,NA,NA,NA,NA,NA,NA,NA,NA,NA,NA,NA,NA,NA,NA,9.87,249,NA,13.6044
529,2.05724,NA,171,"2026-03-14_FELIO",4.39985920450546,442,NA,NA,NA,NA,NA,NA,NA,NA,NA,NA,NA,NA,NA,NA,NA,NA,NA,9.88,249,NA,13.6368
530,2.06105,NA,171,"2026-03-14_FELIO",4.37790035898783,447,NA,NA,NA,NA,NA,NA,NA,NA,NA,NA,NA,NA,NA,NA,NA,NA,NA,10.1,251,NA,13.7052
531,2.06487,NA,171,"2026-03-14_FELIO",4.3561596096881,453,NA,NA,NA,NA,NA,NA,NA,NA,NA,NA,NA,NA,NA,NA,NA,NA,NA,10.14,250,NA,13.7736
532,2.06864,NA,171,"2026-03-14_FELIO",4.42086648983201,441,NA,NA,NA,NA,NA,NA,NA,NA,NA,NA,NA,NA,NA,NA,NA,NA,NA,10.05,252,NA,13.572
533,2.07236,NA,170,"2026-03-14_FELIO",4.48752468138575,433,NA,NA,NA,NA,NA,NA,NA,NA,NA,NA,NA,NA,NA,NA,NA,NA,NA,9.78,251,NA,13.3704
534,2.07605,NA,171,"2026-03-14_FELIO",4.510599909788,431,NA,NA,NA,NA,NA,NA,NA,NA,NA,NA,NA,NA,NA,NA,NA,NA,NA,9.78,251,NA,13.302
535,2.07974,NA,172,"2026-03-14_FELIO",4.52161331162959,429,NA,NA,NA,NA,NA,NA,NA,NA,NA,NA,NA,NA,NA,NA,NA,NA,NA,9.57,249,NA,13.2696
536,2.08344,NA,172,"2026-03-14_FELIO",4.4996400287977,432,NA,NA,NA,NA,NA,NA,NA,NA,NA,NA,NA,NA,NA,NA,NA,NA,NA,9.78,251,NA,13.3344
537,2.08719,NA,172,"2026-03-14_FELIO",4.45394619632995,439,NA,NA,NA,NA,NA,NA,NA,NA,NA,NA,NA,NA,NA,NA,NA,NA,NA,9.83,250,NA,13.4712
538,2.09096,NA,172,"2026-03-14_FELIO",4.42086648983201,446,NA,NA,NA,NA,NA,NA,NA,NA,NA,NA,NA,NA,NA,NA,NA,NA,NA,9.87,249,NA,13.572
539,2.09475,NA,172,"2026-03-14_FELIO",4.38827453045463,452,NA,NA,NA,NA,NA,NA,NA,NA,NA,NA,NA,NA,NA,NA,NA,NA,NA,9.91,248,NA,13.6728
540,2.09857,NA,172,"2026-03-14_FELIO",4.3675751222921,455,NA,NA,NA,NA,NA,NA,NA,NA,NA,NA,NA,NA,NA,NA,NA,NA,NA,9.92,248,NA,13.7376
541,2.1024,NA,172,"2026-03-14_FELIO",4.34593654932638,455,NA,NA,NA,NA,NA,NA,NA,NA,NA,NA,NA,NA,NA,NA,NA,NA,NA,9.96,247,NA,13.806
542,2.10624,NA,172,"2026-03-14_FELIO",4.33576135969476,456,NA,NA,NA,NA,NA,NA,NA,NA,NA,NA,NA,NA,NA,NA,NA,NA,NA,10.14,250,NA,13.8384
543,2.11012,NA,172,"2026-03-14_FELIO",4.30440771349862,460,NA,NA,NA,NA,NA,NA,NA,NA,NA,NA,NA,NA,NA,NA,NA,NA,NA,10.18,249,NA,13.9392
544,2.114,NA,172,"2026-03-14_FELIO",4.29331959471063,460,NA,NA,NA,NA,NA,NA,NA,NA,NA,NA,NA,NA,NA,NA,NA,NA,NA,10.19,249,NA,13.9752
545,2.11785,NA,172,"2026-03-14_FELIO",4.32451133021969,452,NA,NA,NA,NA,NA,NA,NA,NA,NA,NA,NA,NA,NA,NA,NA,NA,NA,9.96,247,NA,13.8744
546,2.12168,NA,172,"2026-03-14_FELIO",4.3561596096881,447,NA,NA,NA,NA,NA,NA,NA,NA,NA,NA,NA,NA,NA,NA,NA,NA,NA,9.92,248,NA,13.7736
547,2.12551,NA,172,"2026-03-14_FELIO",4.34593654932638,448,NA,NA,NA,NA,NA,NA,NA,NA,NA,NA,NA,NA,NA,NA,NA,NA,NA,9.96,247,NA,13.806
548,2.12936,NA,172,"2026-03-14_FELIO",4.33576135969476,449,NA,NA,NA,NA,NA,NA,NA,NA,NA,NA,NA,NA,NA,NA,NA,NA,NA,9.96,247,NA,13.8384
549,2.13322,NA,172,"2026-03-14_FELIO",4.31443610320131,453,NA,NA,NA,NA,NA,NA,NA,NA,NA,NA,NA,NA,NA,NA,NA,NA,NA,9.96,247,NA,13.9068
550,2.1371,NA,172,"2026-03-14_FELIO",4.29331959471063,459,NA,NA,NA,NA,NA,NA,NA,NA,NA,NA,NA,NA,NA,NA,NA,NA,NA,10,246,NA,13.9752
551,2.14099,NA,172,"2026-03-14_FELIO",4.28338901739056,461,NA,NA,NA,NA,NA,NA,NA,NA,NA,NA,NA,NA,NA,NA,NA,NA,NA,10.19,249,NA,14.0076
552,2.14491,NA,172,"2026-03-14_FELIO",4.26257459505541,464,NA,NA,NA,NA,NA,NA,NA,NA,NA,NA,NA,NA,NA,NA,NA,NA,NA,10.23,248,NA,14.076
553,2.14882,NA,171,"2026-03-14_FELIO",4.25278557455133,465,NA,NA,NA,NA,NA,NA,NA,NA,NA,NA,NA,NA,NA,NA,NA,NA,NA,10.23,248,NA,14.1084
554,2.15276,NA,171,"2026-03-14_FELIO",4.2322668020992,467,NA,NA,NA,NA,NA,NA,NA,NA,NA,NA,NA,NA,NA,NA,NA,NA,NA,10.23,248,NA,14.1768
555,2.15664,NA,171,"2026-03-14_FELIO",4.29331959471063,456,NA,NA,NA,NA,NA,NA,NA,NA,NA,NA,NA,NA,NA,NA,NA,NA,NA,10.19,249,NA,13.9752
556,2.16041,NA,171,"2026-03-14_FELIO",4.42086648983201,441,NA,NA,NA,NA,NA,NA,NA,NA,NA,NA,NA,NA,NA,NA,NA,NA,NA,9.87,249,NA,13.572
557,2.16412,NA,172,"2026-03-14_FELIO",4.48752468138575,433,NA,NA,NA,NA,NA,NA,NA,NA,NA,NA,NA,NA,NA,NA,NA,NA,NA,9.62,248,NA,13.3704
558,2.1678,NA,172,"2026-03-14_FELIO",4.53391367428364,429,NA,NA,NA,NA,NA,NA,NA,NA,NA,NA,NA,NA,NA,NA,NA,NA,NA,9.57,249,NA,13.2336
559,2.1715,NA,172,"2026-03-14_FELIO",4.4996400287977,434,NA,NA,NA,NA,NA,NA,NA,NA,NA,NA,NA,NA,NA,NA,NA,NA,NA,9.78,251,NA,13.3344
560,2.17524,NA,172,"2026-03-14_FELIO",4.46588067166845,437,NA,NA,NA,NA,NA,NA,NA,NA,NA,NA,NA,NA,NA,NA,NA,NA,NA,9.83,250,NA,13.4352
561,2.17894,NA,172,"2026-03-14_FELIO",4.4996400287977,434,NA,NA,NA,NA,NA,NA,NA,NA,NA,NA,NA,NA,NA,NA,NA,NA,NA,9.78,251,NA,13.3344
562,2.18263,NA,171,"2026-03-14_FELIO",4.52161331162959,431,NA,NA,NA,NA,NA,NA,NA,NA,NA,NA,NA,NA,NA,NA,NA,NA,NA,9.57,249,NA,13.2696
563,2.18629,NA,172,"2026-03-14_FELIO",4.54504135987638,428,NA,NA,NA,NA,NA,NA,NA,NA,NA,NA,NA,NA,NA,NA,NA,NA,NA,9.57,249,NA,13.2012
564,2.18998,NA,172,"2026-03-14_FELIO",4.52161331162959,431,NA,NA,NA,NA,NA,NA,NA,NA,NA,NA,NA,NA,NA,NA,NA,NA,NA,9.57,249,NA,13.2696
565,2.1937,NA,172,"2026-03-14_FELIO",4.476676515355,436,NA,NA,NA,NA,NA,NA,NA,NA,NA,NA,NA,NA,NA,NA,NA,NA,NA,9.62,248,NA,13.4028
566,2.19745,NA,172,"2026-03-14_FELIO",4.44325957522438,443,NA,NA,NA,NA,NA,NA,NA,NA,NA,NA,NA,NA,NA,NA,NA,NA,NA,9.66,247,NA,13.5036
567,2.2012,NA,172,"2026-03-14_FELIO",4.44325957522438,445,NA,NA,NA,NA,NA,NA,NA,NA,NA,NA,NA,NA,NA,NA,NA,NA,NA,9.66,247,NA,13.5036
568,2.20495,NA,172,"2026-03-14_FELIO",4.44325957522438,444,NA,NA,NA,NA,NA,NA,NA,NA,NA,NA,NA,NA,NA,NA,NA,NA,NA,9.66,247,NA,13.5036
569,2.20873,NA,172,"2026-03-14_FELIO",4.42086648983201,446,NA,NA,NA,NA,NA,NA,NA,NA,NA,NA,NA,NA,NA,NA,NA,NA,NA,9.87,249,NA,13.572
570,2.21251,NA,173,"2026-03-14_FELIO",4.39985920450546,447,NA,NA,NA,NA,NA,NA,NA,NA,NA,NA,NA,NA,NA,NA,NA,NA,NA,9.88,249,NA,13.6368
571,2.21632,NA,172,"2026-03-14_FELIO",4.37790035898783,451,NA,NA,NA,NA,NA,NA,NA,NA,NA,NA,NA,NA,NA,NA,NA,NA,NA,9.92,248,NA,13.7052
572,2.22014,NA,172,"2026-03-14_FELIO",4.3675751222921,453,NA,NA,NA,NA,NA,NA,NA,NA,NA,NA,NA,NA,NA,NA,NA,NA,NA,9.92,248,NA,13.7376
573,2.22396,NA,172,"2026-03-14_FELIO",4.3561596096881,452,NA,NA,NA,NA,NA,NA,NA,NA,NA,NA,NA,NA,NA,NA,NA,NA,NA,9.75,245,NA,13.7736
574,2.22779,NA,173,"2026-03-14_FELIO",4.3561596096881,449,NA,NA,NA,NA,NA,NA,NA,NA,NA,NA,NA,NA,NA,NA,NA,NA,NA,9.58,242,NA,13.7736
575,2.23164,NA,172,"2026-03-14_FELIO",4.32451133021969,453,NA,NA,NA,NA,NA,NA,NA,NA,NA,NA,NA,NA,NA,NA,NA,NA,NA,9.59,242,NA,13.8744
576,2.23553,NA,172,"2026-03-14_FELIO",4.29331959471063,459,NA,NA,NA,NA,NA,NA,NA,NA,NA,NA,NA,NA,NA,NA,NA,NA,NA,9.83,243,NA,13.9752
577,2.23943,NA,173,"2026-03-14_FELIO",4.26257459505541,464,NA,NA,NA,NA,NA,NA,NA,NA,NA,NA,NA,NA,NA,NA,NA,NA,NA,9.83,243,NA,14.076
578,2.24336,NA,172,"2026-03-14_FELIO",4.24304141208418,469,NA,NA,NA,NA,NA,NA,NA,NA,NA,NA,NA,NA,NA,NA,NA,NA,NA,10.05,245,NA,14.1408
579,2.2473,NA,172,"2026-03-14_FELIO",4.2322668020992,469,NA,NA,NA,NA,NA,NA,NA,NA,NA,NA,NA,NA,NA,NA,NA,NA,NA,10.05,245,NA,14.1768
580,2.25123,NA,173,"2026-03-14_FELIO",4.2322668020992,466,NA,NA,NA,NA,NA,NA,NA,NA,NA,NA,NA,NA,NA,NA,NA,NA,NA,10.05,245,NA,14.1768
581,2.25517,NA,172,"2026-03-14_FELIO",4.2322668020992,464,NA,NA,NA,NA,NA,NA,NA,NA,NA,NA,NA,NA,NA,NA,NA,NA,NA,10.05,245,NA,14.1768
582,2.25911,NA,172,"2026-03-14_FELIO",4.2322668020992,461,NA,NA,NA,NA,NA,NA,NA,NA,NA,NA,NA,NA,NA,NA,NA,NA,NA,10.05,245,NA,14.1768
583,2.26305,NA,173,"2026-03-14_FELIO",4.2322668020992,459,NA,NA,NA,NA,NA,NA,NA,NA,NA,NA,NA,NA,NA,NA,NA,NA,NA,10.05,245,NA,14.1768
584,2.26698,NA,172,"2026-03-14_FELIO",4.24304141208418,457,NA,NA,NA,NA,NA,NA,NA,NA,NA,NA,NA,NA,NA,NA,NA,NA,NA,10.05,245,NA,14.1408
585,2.2709,NA,172,"2026-03-14_FELIO",4.25278557455133,454,NA,NA,NA,NA,NA,NA,NA,NA,NA,NA,NA,NA,NA,NA,NA,NA,NA,10.05,245,NA,14.1084
586,2.2748,NA,172,"2026-03-14_FELIO",4.27350427350427,450,NA,NA,NA,NA,NA,NA,NA,NA,NA,NA,NA,NA,NA,NA,NA,NA,NA,9.83,243,NA,14.04
587,2.27869,NA,172,"2026-03-14_FELIO",4.28338901739056,448,NA,NA,NA,NA,NA,NA,NA,NA,NA,NA,NA,NA,NA,NA,NA,NA,NA,9.83,243,NA,14.0076
588,2.28256,NA,171,"2026-03-14_FELIO",4.30440771349862,445,NA,NA,NA,NA,NA,NA,NA,NA,NA,NA,NA,NA,NA,NA,NA,NA,NA,9.79,244,NA,13.9392
589,2.28636,NA,171,"2026-03-14_FELIO",4.37790035898783,437,NA,NA,NA,NA,NA,NA,NA,NA,NA,NA,NA,NA,NA,NA,NA,NA,NA,9.74,245,NA,13.7052
590,2.29012,NA,171,"2026-03-14_FELIO",4.44325957522438,429,NA,NA,NA,NA,NA,NA,NA,NA,NA,NA,NA,NA,NA,NA,NA,NA,NA,9.5,244,NA,13.5036
591,2.29383,NA,172,"2026-03-14_FELIO",4.48752468138575,424,NA,NA,NA,NA,NA,NA,NA,NA,NA,NA,NA,NA,NA,NA,NA,NA,NA,9.45,245,NA,13.3704
592,2.29754,NA,171,"2026-03-14_FELIO",4.4996400287977,423,NA,NA,NA,NA,NA,NA,NA,NA,NA,NA,NA,NA,NA,NA,NA,NA,NA,9.42,246,NA,13.3344
593,2.30124,NA,171,"2026-03-14_FELIO",4.4996400287977,423,NA,NA,NA,NA,NA,NA,NA,NA,NA,NA,NA,NA,NA,NA,NA,NA,NA,9.42,246,NA,13.3344
594,2.30495,NA,171,"2026-03-14_FELIO",4.48752468138575,425,NA,NA,NA,NA,NA,NA,NA,NA,NA,NA,NA,NA,NA,NA,NA,NA,NA,9.62,248,NA,13.3704
595,2.30869,NA,171,"2026-03-14_FELIO",4.45394619632995,430,NA,NA,NA,NA,NA,NA,NA,NA,NA,NA,NA,NA,NA,NA,NA,NA,NA,9.66,247,NA,13.4712
596,2.3125,NA,171,"2026-03-14_FELIO",4.37790035898783,444,NA,NA,NA,NA,NA,NA,NA,NA,NA,NA,NA,NA,NA,NA,NA,NA,NA,9.92,248,NA,13.7052
597,2.31635,NA,171,"2026-03-14_FELIO",4.33576135969476,451,NA,NA,NA,NA,NA,NA,NA,NA,NA,NA,NA,NA,NA,NA,NA,NA,NA,9.96,247,NA,13.8384
598,2.32022,NA,171,"2026-03-14_FELIO",4.30440771349862,457,NA,NA,NA,NA,NA,NA,NA,NA,NA,NA,NA,NA,NA,NA,NA,NA,NA,10.18,249,NA,13.9392
599,2.32408,NA,171,"2026-03-14_FELIO",4.31443610320131,453,NA,NA,NA,NA,NA,NA,NA,NA,NA,NA,NA,NA,NA,NA,NA,NA,NA,10.14,250,NA,13.9068
600,2.32794,NA,171,"2026-03-14_FELIO",4.31443610320131,448,NA,NA,NA,NA,NA,NA,NA,NA,NA,NA,NA,NA,NA,NA,NA,NA,NA,10.14,250,NA,13.9068
601,2.33181,NA,171,"2026-03-14_FELIO",4.30440771349862,446,NA,NA,NA,NA,NA,NA,NA,NA,NA,NA,NA,NA,NA,NA,NA,NA,NA,10,246,NA,13.9392
602,2.33569,NA,171,"2026-03-14_FELIO",4.30440771349862,444,NA,NA,NA,NA,NA,NA,NA,NA,NA,NA,NA,NA,NA,NA,NA,NA,NA,10,246,NA,13.9392
603,2.33952,NA,171,"2026-03-14_FELIO",4.34593654932638,440,NA,NA,NA,NA,NA,NA,NA,NA,NA,NA,NA,NA,NA,NA,NA,NA,NA,9.96,247,NA,13.806
604,2.34333,NA,171,"2026-03-14_FELIO",4.37790035898783,439,NA,NA,NA,NA,NA,NA,NA,NA,NA,NA,NA,NA,NA,NA,NA,NA,NA,10.1,251,NA,13.7052
605,2.34715,NA,171,"2026-03-14_FELIO",4.3675751222921,441,NA,NA,NA,NA,NA,NA,NA,NA,NA,NA,NA,NA,NA,NA,NA,NA,NA,10.1,251,NA,13.7376
606,2.35097,NA,171,"2026-03-14_FELIO",4.3561596096881,441,NA,NA,NA,NA,NA,NA,NA,NA,NA,NA,NA,NA,NA,NA,NA,NA,NA,9.92,248,NA,13.7736
607,2.35482,NA,171,"2026-03-14_FELIO",4.33576135969476,445,NA,NA,NA,NA,NA,NA,NA,NA,NA,NA,NA,NA,NA,NA,NA,NA,NA,9.96,247,NA,13.8384
608,2.35868,NA,170,"2026-03-14_FELIO",4.31443610320131,453,NA,NA,NA,NA,NA,NA,NA,NA,NA,NA,NA,NA,NA,NA,NA,NA,NA,10.14,250,NA,13.9068
609,2.36253,NA,170,"2026-03-14_FELIO",4.32451133021969,451,NA,NA,NA,NA,NA,NA,NA,NA,NA,NA,NA,NA,NA,NA,NA,NA,NA,10.14,250,NA,13.8744
610,2.36635,NA,170,"2026-03-14_FELIO",4.3675751222921,444,NA,NA,NA,NA,NA,NA,NA,NA,NA,NA,NA,NA,NA,NA,NA,NA,NA,10.1,251,NA,13.7376
611,2.37011,NA,170,"2026-03-14_FELIO",4.43262411347518,438,NA,NA,NA,NA,NA,NA,NA,NA,NA,NA,NA,NA,NA,NA,NA,NA,NA,10.05,252,NA,13.536
612,2.37394,NA,170,"2026-03-14_FELIO",4.34593654932638,447,NA,NA,NA,NA,NA,NA,NA,NA,NA,NA,NA,NA,NA,NA,NA,NA,NA,10.14,250,NA,13.806
613,2.37783,NA,170,"2026-03-14_FELIO",4.28338901739056,456,NA,NA,NA,NA,NA,NA,NA,NA,NA,NA,NA,NA,NA,NA,NA,NA,NA,10.01,246,NA,14.0076
614,2.38176,NA,169,"2026-03-14_FELIO",4.24304141208418,466,NA,NA,NA,NA,NA,NA,NA,NA,NA,NA,NA,NA,NA,NA,NA,NA,NA,10.05,245,NA,14.1408
615,2.3857,NA,170,"2026-03-14_FELIO",4.2322668020992,473,NA,NA,NA,NA,NA,NA,NA,NA,NA,NA,NA,NA,NA,NA,NA,NA,NA,10.05,245,NA,14.1768
616,2.38966,NA,170,"2026-03-14_FELIO",4.21300977418268,471,NA,NA,NA,NA,NA,NA,NA,NA,NA,NA,NA,NA,NA,NA,NA,NA,NA,10.09,244,NA,14.2416
617,2.39359,NA,169,"2026-03-14_FELIO",4.2322668020992,463,NA,NA,NA,NA,NA,NA,NA,NA,NA,NA,NA,NA,NA,NA,NA,NA,NA,10.05,245,NA,14.1768
618,2.39753,NA,170,"2026-03-14_FELIO",4.2322668020992,461,NA,NA,NA,NA,NA,NA,NA,NA,NA,NA,NA,NA,NA,NA,NA,NA,NA,10.05,245,NA,14.1768
619,2.40146,NA,170,"2026-03-14_FELIO",4.24304141208418,459,NA,NA,NA,NA,NA,NA,NA,NA,NA,NA,NA,NA,NA,NA,NA,NA,NA,10.05,245,NA,14.1408
620,2.40539,NA,170,"2026-03-14_FELIO",4.24304141208418,459,NA,NA,NA,NA,NA,NA,NA,NA,NA,NA,NA,NA,NA,NA,NA,NA,NA,10.05,245,NA,14.1408
621,2.40932,NA,170,"2026-03-14_FELIO",4.24304141208418,459,NA,NA,NA,NA,NA,NA,NA,NA,NA,NA,NA,NA,NA,NA,NA,NA,NA,10.05,245,NA,14.1408
622,2.41324,NA,171,"2026-03-14_FELIO",4.24304141208418,460,NA,NA,NA,NA,NA,NA,NA,NA,NA,NA,NA,NA,NA,NA,NA,NA,NA,10.05,245,NA,14.1408
623,2.41718,NA,171,"2026-03-14_FELIO",4.2322668020992,462,NA,NA,NA,NA,NA,NA,NA,NA,NA,NA,NA,NA,NA,NA,NA,NA,NA,10.05,245,NA,14.1768
624,2.421,NA,171,"2026-03-14_FELIO",4.3675751222921,448,NA,NA,NA,NA,NA,NA,NA,NA,NA,NA,NA,NA,NA,NA,NA,NA,NA,10.1,251,NA,13.7376
625,2.42471,NA,170,"2026-03-14_FELIO",4.48752468138575,438,NA,NA,NA,NA,NA,NA,NA,NA,NA,NA,NA,NA,NA,NA,NA,NA,NA,10.18,256,NA,13.3704
626,2.42843,NA,170,"2026-03-14_FELIO",4.48752468138575,438,NA,NA,NA,NA,NA,NA,NA,NA,NA,NA,NA,NA,NA,NA,NA,NA,NA,10.18,256,NA,13.3704
627,2.43215,NA,170,"2026-03-14_FELIO",4.476676515355,439,NA,NA,NA,NA,NA,NA,NA,NA,NA,NA,NA,NA,NA,NA,NA,NA,NA,10.18,256,NA,13.4028
628,2.43592,NA,170,"2026-03-14_FELIO",4.42086648983201,445,NA,NA,NA,NA,NA,NA,NA,NA,NA,NA,NA,NA,NA,NA,NA,NA,NA,10.23,255,NA,13.572
629,2.43971,NA,169,"2026-03-14_FELIO",4.38827453045463,455,NA,NA,NA,NA,NA,NA,NA,NA,NA,NA,NA,NA,NA,NA,NA,NA,NA,10.28,254,NA,13.6728
630,2.44353,NA,168,"2026-03-14_FELIO",4.3675751222921,458,NA,NA,NA,NA,NA,NA,NA,NA,NA,NA,NA,NA,NA,NA,NA,NA,NA,10.28,254,NA,13.7376
631,2.44737,NA,168,"2026-03-14_FELIO",4.34593654932638,460,NA,NA,NA,NA,NA,NA,NA,NA,NA,NA,NA,NA,NA,NA,NA,NA,NA,10.14,250,NA,13.806
632,2.45122,NA,167,"2026-03-14_FELIO",4.32451133021969,459,NA,NA,NA,NA,NA,NA,NA,NA,NA,NA,NA,NA,NA,NA,NA,NA,NA,10.14,250,NA,13.8744
633,2.4551,NA,167,"2026-03-14_FELIO",4.29331959471063,462,NA,NA,NA,NA,NA,NA,NA,NA,NA,NA,NA,NA,NA,NA,NA,NA,NA,10.19,249,NA,13.9752
634,2.45899,NA,167,"2026-03-14_FELIO",4.28338901739056,463,NA,NA,NA,NA,NA,NA,NA,NA,NA,NA,NA,NA,NA,NA,NA,NA,NA,10.19,249,NA,14.0076
635,2.46288,NA,167,"2026-03-14_FELIO",4.28338901739056,461,NA,NA,NA,NA,NA,NA,NA,NA,NA,NA,NA,NA,NA,NA,NA,NA,NA,10.19,249,NA,14.0076
636,2.46679,NA,168,"2026-03-14_FELIO",4.27350427350427,461,NA,NA,NA,NA,NA,NA,NA,NA,NA,NA,NA,NA,NA,NA,NA,NA,NA,10.19,249,NA,14.04
637,2.47068,NA,168,"2026-03-14_FELIO",4.27350427350427,459,NA,NA,NA,NA,NA,NA,NA,NA,NA,NA,NA,NA,NA,NA,NA,NA,NA,10.19,249,NA,14.04
638,2.47459,NA,168,"2026-03-14_FELIO",4.27350427350427,458,NA,NA,NA,NA,NA,NA,NA,NA,NA,NA,NA,NA,NA,NA,NA,NA,NA,10.19,249,NA,14.04
639,2.47848,NA,167,"2026-03-14_FELIO",4.27350427350427,456,NA,NA,NA,NA,NA,NA,NA,NA,NA,NA,NA,NA,NA,NA,NA,NA,NA,10.01,246,NA,14.04
640,2.48236,NA,167,"2026-03-14_FELIO",4.29331959471063,453,NA,NA,NA,NA,NA,NA,NA,NA,NA,NA,NA,NA,NA,NA,NA,NA,NA,10,246,NA,13.9752
641,2.48623,NA,167,"2026-03-14_FELIO",4.31443610320131,453,NA,NA,NA,NA,NA,NA,NA,NA,NA,NA,NA,NA,NA,NA,NA,NA,NA,9.96,247,NA,13.9068
642,2.49006,NA,167,"2026-03-14_FELIO",4.34593654932638,448,NA,NA,NA,NA,NA,NA,NA,NA,NA,NA,NA,NA,NA,NA,NA,NA,NA,9.96,247,NA,13.806
643,2.49388,NA,166,"2026-03-14_FELIO",4.3675751222921,444,NA,NA,NA,NA,NA,NA,NA,NA,NA,NA,NA,NA,NA,NA,NA,NA,NA,9.92,248,NA,13.7376
644,2.49768,NA,166,"2026-03-14_FELIO",4.38827453045463,439,NA,NA,NA,NA,NA,NA,NA,NA,NA,NA,NA,NA,NA,NA,NA,NA,NA,9.91,248,NA,13.6728
645,2.50148,NA,166,"2026-03-14_FELIO",4.37790035898783,439,NA,NA,NA,NA,NA,NA,NA,NA,NA,NA,NA,NA,NA,NA,NA,NA,NA,9.92,248,NA,13.7052
646,2.50531,NA,166,"2026-03-14_FELIO",4.3561596096881,439,NA,NA,NA,NA,NA,NA,NA,NA,NA,NA,NA,NA,NA,NA,NA,NA,NA,9.92,248,NA,13.7736
647,2.50914,NA,166,"2026-03-14_FELIO",4.34593654932638,441,NA,NA,NA,NA,NA,NA,NA,NA,NA,NA,NA,NA,NA,NA,NA,NA,NA,9.96,247,NA,13.806
648,2.51299,NA,167,"2026-03-14_FELIO",4.33576135969476,441,NA,NA,NA,NA,NA,NA,NA,NA,NA,NA,NA,NA,NA,NA,NA,NA,NA,9.96,247,NA,13.8384
649,2.51684,NA,167,"2026-03-14_FELIO",4.32451133021969,439,NA,NA,NA,NA,NA,NA,NA,NA,NA,NA,NA,NA,NA,NA,NA,NA,NA,9.96,247,NA,13.8744
650,2.52071,NA,168,"2026-03-14_FELIO",4.30440771349862,441,NA,NA,NA,NA,NA,NA,NA,NA,NA,NA,NA,NA,NA,NA,NA,NA,NA,10.18,249,NA,13.9392
651,2.5246,NA,170,"2026-03-14_FELIO",4.28338901739056,442,NA,NA,NA,NA,NA,NA,NA,NA,NA,NA,NA,NA,NA,NA,NA,NA,NA,10.19,249,NA,14.0076
652,2.52839,NA,170,"2026-03-14_FELIO",4.39985920450546,427,NA,NA,NA,NA,NA,NA,NA,NA,NA,NA,NA,NA,NA,NA,NA,NA,NA,10.24,255,NA,13.6368
653,2.53212,NA,170,"2026-03-14_FELIO",4.476676515355,419,NA,NA,NA,NA,NA,NA,NA,NA,NA,NA,NA,NA,NA,NA,NA,NA,NA,10.18,256,NA,13.4028
654,2.53588,NA,170,"2026-03-14_FELIO",4.43262411347518,423,NA,NA,NA,NA,NA,NA,NA,NA,NA,NA,NA,NA,NA,NA,NA,NA,NA,10.23,255,NA,13.536
655,2.53966,NA,170,"2026-03-14_FELIO",4.41033783187792,424,NA,NA,NA,NA,NA,NA,NA,NA,NA,NA,NA,NA,NA,NA,NA,NA,NA,10.05,252,NA,13.6044
656,2.54346,NA,170,"2026-03-14_FELIO",4.37790035898783,429,NA,NA,NA,NA,NA,NA,NA,NA,NA,NA,NA,NA,NA,NA,NA,NA,NA,10.1,251,NA,13.7052
657,2.54729,NA,171,"2026-03-14_FELIO",4.3561596096881,437,NA,NA,NA,NA,NA,NA,NA,NA,NA,NA,NA,NA,NA,NA,NA,NA,NA,9.92,248,NA,13.7736
658,2.55115,NA,171,"2026-03-14_FELIO",4.31443610320131,443,NA,NA,NA,NA,NA,NA,NA,NA,NA,NA,NA,NA,NA,NA,NA,NA,NA,9.96,247,NA,13.9068
659,2.55504,NA,171,"2026-03-14_FELIO",4.29331959471063,444,NA,NA,NA,NA,NA,NA,NA,NA,NA,NA,NA,NA,NA,NA,NA,NA,NA,9.83,243,NA,13.9752
660,2.55882,NA,171,"2026-03-14_FELIO",4.39985920450546,427,NA,NA,NA,NA,NA,NA,NA,NA,NA,NA,NA,NA,NA,NA,NA,NA,NA,9.7,246,NA,13.6368
661,2.56255,NA,171,"2026-03-14_FELIO",4.46588067166845,421,NA,NA,NA,NA,NA,NA,NA,NA,NA,NA,NA,NA,NA,NA,NA,NA,NA,9.66,247,NA,13.4352
662,2.56637,NA,171,"2026-03-14_FELIO",4.3675751222921,432,NA,NA,NA,NA,NA,NA,NA,NA,NA,NA,NA,NA,NA,NA,NA,NA,NA,9.75,245,NA,13.7376
663,2.57023,NA,171,"2026-03-14_FELIO",4.31443610320131,439,NA,NA,NA,NA,NA,NA,NA,NA,NA,NA,NA,NA,NA,NA,NA,NA,NA,9.79,244,NA,13.9068
664,2.57411,NA,171,"2026-03-14_FELIO",4.29331959471063,451,NA,NA,NA,NA,NA,NA,NA,NA,NA,NA,NA,NA,NA,NA,NA,NA,NA,10,246,NA,13.9752
665,2.57801,NA,171,"2026-03-14_FELIO",4.27350427350427,462,NA,NA,NA,NA,NA,NA,NA,NA,NA,NA,NA,NA,NA,NA,NA,NA,NA,10.19,249,NA,14.04
666,2.58192,NA,171,"2026-03-14_FELIO",4.26257459505541,458,NA,NA,NA,NA,NA,NA,NA,NA,NA,NA,NA,NA,NA,NA,NA,NA,NA,10.23,248,NA,14.076
667,2.58584,NA,171,"2026-03-14_FELIO",4.25278557455133,456,NA,NA,NA,NA,NA,NA,NA,NA,NA,NA,NA,NA,NA,NA,NA,NA,NA,10.05,245,NA,14.1084
668,2.58976,NA,170,"2026-03-14_FELIO",4.25278557455133,455,NA,NA,NA,NA,NA,NA,NA,NA,NA,NA,NA,NA,NA,NA,NA,NA,NA,10.05,245,NA,14.1084
669,2.59368,NA,169,"2026-03-14_FELIO",4.25278557455133,453,NA,NA,NA,NA,NA,NA,NA,NA,NA,NA,NA,NA,NA,NA,NA,NA,NA,9.87,242,NA,14.1084
670,2.59762,NA,169,"2026-03-14_FELIO",4.2322668020992,457,NA,NA,NA,NA,NA,NA,NA,NA,NA,NA,NA,NA,NA,NA,NA,NA,NA,9.88,242,NA,14.1768
671,2.60156,NA,169,"2026-03-14_FELIO",4.22261633307998,459,NA,NA,NA,NA,NA,NA,NA,NA,NA,NA,NA,NA,NA,NA,NA,NA,NA,9.88,242,NA,14.2092
672,2.60553,NA,168,"2026-03-14_FELIO",4.20238695579089,463,NA,NA,NA,NA,NA,NA,NA,NA,NA,NA,NA,NA,NA,NA,NA,NA,NA,9.92,241,NA,14.2776
673,2.60951,NA,168,"2026-03-14_FELIO",4.19287211740042,467,NA,NA,NA,NA,NA,NA,NA,NA,NA,NA,NA,NA,NA,NA,NA,NA,NA,10.09,244,NA,14.31
674,2.61347,NA,168,"2026-03-14_FELIO",4.20238695579089,464,NA,NA,NA,NA,NA,NA,NA,NA,NA,NA,NA,NA,NA,NA,NA,NA,NA,10.09,244,NA,14.2776
675,2.61744,NA,168,"2026-03-14_FELIO",4.20238695579089,464,NA,NA,NA,NA,NA,NA,NA,NA,NA,NA,NA,NA,NA,NA,NA,NA,NA,10.09,244,NA,14.2776
676,2.62139,NA,167,"2026-03-14_FELIO",4.21300977418268,463,NA,NA,NA,NA,NA,NA,NA,NA,NA,NA,NA,NA,NA,NA,NA,NA,NA,10.27,247,NA,14.2416
677,2.62534,NA,167,"2026-03-14_FELIO",4.22261633307998,462,NA,NA,NA,NA,NA,NA,NA,NA,NA,NA,NA,NA,NA,NA,NA,NA,NA,10.27,247,NA,14.2092
678,2.62928,NA,167,"2026-03-14_FELIO",4.2322668020992,462,NA,NA,NA,NA,NA,NA,NA,NA,NA,NA,NA,NA,NA,NA,NA,NA,NA,10.23,248,NA,14.1768
679,2.6332,NA,167,"2026-03-14_FELIO",4.24304141208418,461,NA,NA,NA,NA,NA,NA,NA,NA,NA,NA,NA,NA,NA,NA,NA,NA,NA,10.23,248,NA,14.1408
680,2.63711,NA,167,"2026-03-14_FELIO",4.26257459505541,459,NA,NA,NA,NA,NA,NA,NA,NA,NA,NA,NA,NA,NA,NA,NA,NA,NA,10.23,248,NA,14.076
681,2.64101,NA,167,"2026-03-14_FELIO",4.28338901739056,457,NA,NA,NA,NA,NA,NA,NA,NA,NA,NA,NA,NA,NA,NA,NA,NA,NA,10.19,249,NA,14.0076
682,2.6449,NA,168,"2026-03-14_FELIO",4.28338901739056,457,NA,NA,NA,NA,NA,NA,NA,NA,NA,NA,NA,NA,NA,NA,NA,NA,NA,10.19,249,NA,14.0076
683,2.64879,NA,168,"2026-03-14_FELIO",4.28338901739056,458,NA,NA,NA,NA,NA,NA,NA,NA,NA,NA,NA,NA,NA,NA,NA,NA,NA,10.19,249,NA,14.0076
684,2.65267,NA,169,"2026-03-14_FELIO",4.29331959471063,457,NA,NA,NA,NA,NA,NA,NA,NA,NA,NA,NA,NA,NA,NA,NA,NA,NA,10.19,249,NA,13.9752
685,2.65654,NA,170,"2026-03-14_FELIO",4.30440771349862,454,NA,NA,NA,NA,NA,NA,NA,NA,NA,NA,NA,NA,NA,NA,NA,NA,NA,10,246,NA,13.9392
686,2.66041,NA,171,"2026-03-14_FELIO",4.30440771349862,452,NA,NA,NA,NA,NA,NA,NA,NA,NA,NA,NA,NA,NA,NA,NA,NA,NA,9.79,244,NA,13.9392
687,2.66432,NA,171,"2026-03-14_FELIO",4.27350427350427,456,NA,NA,NA,NA,NA,NA,NA,NA,NA,NA,NA,NA,NA,NA,NA,NA,NA,9.83,243,NA,14.04
688,2.66824,NA,171,"2026-03-14_FELIO",4.24304141208418,462,NA,NA,NA,NA,NA,NA,NA,NA,NA,NA,NA,NA,NA,NA,NA,NA,NA,9.87,242,NA,14.1408
689,2.67219,NA,171,"2026-03-14_FELIO",4.22261633307998,466,NA,NA,NA,NA,NA,NA,NA,NA,NA,NA,NA,NA,NA,NA,NA,NA,NA,9.88,242,NA,14.2092
690,2.67613,NA,171,"2026-03-14_FELIO",4.22261633307998,467,NA,NA,NA,NA,NA,NA,NA,NA,NA,NA,NA,NA,NA,NA,NA,NA,NA,10.09,244,NA,14.2092
691,2.68008,NA,170,"2026-03-14_FELIO",4.2322668020992,463,NA,NA,NA,NA,NA,NA,NA,NA,NA,NA,NA,NA,NA,NA,NA,NA,NA,10.05,245,NA,14.1768
692,2.68401,NA,170,"2026-03-14_FELIO",4.2322668020992,462,NA,NA,NA,NA,NA,NA,NA,NA,NA,NA,NA,NA,NA,NA,NA,NA,NA,10.23,248,NA,14.1768
693,2.68794,NA,170,"2026-03-14_FELIO",4.24304141208418,460,NA,NA,NA,NA,NA,NA,NA,NA,NA,NA,NA,NA,NA,NA,NA,NA,NA,10.23,248,NA,14.1408
694,2.69186,NA,170,"2026-03-14_FELIO",4.25278557455133,458,NA,NA,NA,NA,NA,NA,NA,NA,NA,NA,NA,NA,NA,NA,NA,NA,NA,10.23,248,NA,14.1084
695,2.69576,NA,171,"2026-03-14_FELIO",4.27350427350427,455,NA,NA,NA,NA,NA,NA,NA,NA,NA,NA,NA,NA,NA,NA,NA,NA,NA,10.01,246,NA,14.04
696,2.69965,NA,170,"2026-03-14_FELIO",4.28338901739056,453,NA,NA,NA,NA,NA,NA,NA,NA,NA,NA,NA,NA,NA,NA,NA,NA,NA,10.01,246,NA,14.0076
697,2.70354,NA,170,"2026-03-14_FELIO",4.28338901739056,453,NA,NA,NA,NA,NA,NA,NA,NA,NA,NA,NA,NA,NA,NA,NA,NA,NA,10.01,246,NA,14.0076
698,2.70745,NA,171,"2026-03-14_FELIO",4.26257459505541,454,NA,NA,NA,NA,NA,NA,NA,NA,NA,NA,NA,NA,NA,NA,NA,NA,NA,9.83,243,NA,14.076
699,2.71138,NA,170,"2026-03-14_FELIO",4.24304141208418,459,NA,NA,NA,NA,NA,NA,NA,NA,NA,NA,NA,NA,NA,NA,NA,NA,NA,9.87,242,NA,14.1408
700,2.71532,NA,171,"2026-03-14_FELIO",4.2322668020992,461,NA,NA,NA,NA,NA,NA,NA,NA,NA,NA,NA,NA,NA,NA,NA,NA,NA,9.88,242,NA,14.1768
701,2.71927,NA,171,"2026-03-14_FELIO",4.21300977418268,466,NA,NA,NA,NA,NA,NA,NA,NA,NA,NA,NA,NA,NA,NA,NA,NA,NA,9.88,242,NA,14.2416
702,2.72325,NA,171,"2026-03-14_FELIO",4.19287211740042,460,NA,NA,NA,NA,NA,NA,NA,NA,NA,NA,NA,NA,NA,NA,NA,NA,NA,10.09,244,NA,14.31
703,2.72721,NA,170,"2026-03-14_FELIO",4.21300977418268,428,NA,NA,NA,NA,NA,NA,NA,NA,NA,NA,NA,NA,NA,NA,NA,NA,NA,10.09,244,NA,14.2416
704,2.73114,NA,171,"2026-03-14_FELIO",4.2322668020992,402,NA,NA,NA,NA,NA,NA,NA,NA,NA,NA,NA,NA,NA,NA,NA,NA,NA,10.05,245,NA,14.1768
705,2.73509,NA,171,"2026-03-14_FELIO",4.22261633307998,397,NA,NA,NA,NA,NA,NA,NA,NA,NA,NA,NA,NA,NA,NA,NA,NA,NA,10.09,244,NA,14.2092
706,2.73903,NA,171,"2026-03-14_FELIO",4.22261633307998,393,NA,NA,NA,NA,NA,NA,NA,NA,NA,NA,NA,NA,NA,NA,NA,NA,NA,10.09,244,NA,14.2092
707,2.74298,NA,170,"2026-03-14_FELIO",4.22261633307998,389,NA,NA,NA,NA,NA,NA,NA,NA,NA,NA,NA,NA,NA,NA,NA,NA,NA,10.09,244,NA,14.2092
708,2.74692,NA,171,"2026-03-14_FELIO",4.2322668020992,386,NA,NA,NA,NA,NA,NA,NA,NA,NA,NA,NA,NA,NA,NA,NA,NA,NA,10.05,245,NA,14.1768
709,2.75086,NA,171,"2026-03-14_FELIO",4.2322668020992,386,NA,NA,NA,NA,NA,NA,NA,NA,NA,NA,NA,NA,NA,NA,NA,NA,NA,10.23,248,NA,14.1768
710,2.75475,NA,171,"2026-03-14_FELIO",4.27350427350427,382,NA,NA,NA,NA,NA,NA,NA,NA,NA,NA,NA,NA,NA,NA,NA,NA,NA,10.38,252,NA,14.04
711,2.75862,NA,170,"2026-03-14_FELIO",4.31443610320131,377,NA,NA,NA,NA,NA,NA,NA,NA,NA,NA,NA,NA,NA,NA,NA,NA,NA,10.14,250,NA,13.9068
712,2.76246,NA,171,"2026-03-14_FELIO",4.34593654932638,374,NA,NA,NA,NA,NA,NA,NA,NA,NA,NA,NA,NA,NA,NA,NA,NA,NA,10.14,250,NA,13.806
713,2.76627,NA,171,"2026-03-14_FELIO",4.3675751222921,373,NA,NA,NA,NA,NA,NA,NA,NA,NA,NA,NA,NA,NA,NA,NA,NA,NA,10.1,251,NA,13.7376
714,2.7701,NA,170,"2026-03-14_FELIO",4.34593654932638,375,NA,NA,NA,NA,NA,NA,NA,NA,NA,NA,NA,NA,NA,NA,NA,NA,NA,10.14,250,NA,13.806
715,2.77396,NA,170,"2026-03-14_FELIO",4.32451133021969,377,NA,NA,NA,NA,NA,NA,NA,NA,NA,NA,NA,NA,NA,NA,NA,NA,NA,9.96,247,NA,13.8744
716,2.77783,NA,170,"2026-03-14_FELIO",4.30440771349862,383,NA,NA,NA,NA,NA,NA,NA,NA,NA,NA,NA,NA,NA,NA,NA,NA,NA,10,246,NA,13.9392
717,2.78172,NA,171,"2026-03-14_FELIO",4.29331959471063,389,NA,NA,NA,NA,NA,NA,NA,NA,NA,NA,NA,NA,NA,NA,NA,NA,NA,10,246,NA,13.9752
718,2.78559,NA,170,"2026-03-14_FELIO",4.29331959471063,389,NA,NA,NA,NA,NA,NA,NA,NA,NA,NA,NA,NA,NA,NA,NA,NA,NA,10,246,NA,13.9752
719,2.78944,NA,170,"2026-03-14_FELIO",4.33576135969476,386,NA,NA,NA,NA,NA,NA,NA,NA,NA,NA,NA,NA,NA,NA,NA,NA,NA,10.14,250,NA,13.8384
720,2.79326,NA,170,"2026-03-14_FELIO",4.3675751222921,385,NA,NA,NA,NA,NA,NA,NA,NA,NA,NA,NA,NA,NA,NA,NA,NA,NA,10.1,251,NA,13.7376
721,2.79711,NA,171,"2026-03-14_FELIO",4.32451133021969,393,NA,NA,NA,NA,NA,NA,NA,NA,NA,NA,NA,NA,NA,NA,NA,NA,NA,10.33,253,NA,13.8744
722,2.80098,NA,170,"2026-03-14_FELIO",4.30440771349862,398,NA,NA,NA,NA,NA,NA,NA,NA,NA,NA,NA,NA,NA,NA,NA,NA,NA,10.37,252,NA,13.9392
723,2.80478,NA,170,"2026-03-14_FELIO",4.38827453045463,391,NA,NA,NA,NA,NA,NA,NA,NA,NA,NA,NA,NA,NA,NA,NA,NA,NA,10.09,251,NA,13.6728
724,2.80853,NA,169,"2026-03-14_FELIO",4.44325957522438,389,NA,NA,NA,NA,NA,NA,NA,NA,NA,NA,NA,NA,NA,NA,NA,NA,NA,10.05,252,NA,13.5036
725,2.81228,NA,169,"2026-03-14_FELIO",4.44325957522438,390,NA,NA,NA,NA,NA,NA,NA,NA,NA,NA,NA,NA,NA,NA,NA,NA,NA,9.66,247,NA,13.5036
726,2.81604,NA,169,"2026-03-14_FELIO",4.43262411347518,394,NA,NA,NA,NA,NA,NA,NA,NA,NA,NA,NA,NA,NA,NA,NA,NA,NA,9.66,247,NA,13.536
727,2.81979,NA,169,"2026-03-14_FELIO",4.44325957522438,395,NA,NA,NA,NA,NA,NA,NA,NA,NA,NA,NA,NA,NA,NA,NA,NA,NA,9.66,247,NA,13.5036
728,2.82353,NA,169,"2026-03-14_FELIO",4.45394619632995,397,NA,NA,NA,NA,NA,NA,NA,NA,NA,NA,NA,NA,NA,NA,NA,NA,NA,9.66,247,NA,13.4712
729,2.82737,NA,169,"2026-03-14_FELIO",4.34593654932638,416,NA,NA,NA,NA,NA,NA,NA,NA,NA,NA,NA,NA,NA,NA,NA,NA,NA,9.75,245,NA,13.806
730,2.83125,NA,170,"2026-03-14_FELIO",4.29331959471063,427,NA,NA,NA,NA,NA,NA,NA,NA,NA,NA,NA,NA,NA,NA,NA,NA,NA,9.83,243,NA,13.9752
731,2.83515,NA,169,"2026-03-14_FELIO",4.27350427350427,435,NA,NA,NA,NA,NA,NA,NA,NA,NA,NA,NA,NA,NA,NA,NA,NA,NA,9.83,243,NA,14.04
732,2.83907,NA,169,"2026-03-14_FELIO",4.25278557455133,442,NA,NA,NA,NA,NA,NA,NA,NA,NA,NA,NA,NA,NA,NA,NA,NA,NA,9.87,242,NA,14.1084
733,2.84295,NA,169,"2026-03-14_FELIO",4.29331959471063,430,NA,NA,NA,NA,NA,NA,NA,NA,NA,NA,NA,NA,NA,NA,NA,NA,NA,9.83,243,NA,13.9752
734,2.84681,NA,169,"2026-03-14_FELIO",4.31443610320131,427,NA,NA,NA,NA,NA,NA,NA,NA,NA,NA,NA,NA,NA,NA,NA,NA,NA,9.79,244,NA,13.9068
735,2.85068,NA,169,"2026-03-14_FELIO",4.30440771349862,432,NA,NA,NA,NA,NA,NA,NA,NA,NA,NA,NA,NA,NA,NA,NA,NA,NA,10,246,NA,13.9392
736,2.85456,NA,170,"2026-03-14_FELIO",4.30440771349862,435,NA,NA,NA,NA,NA,NA,NA,NA,NA,NA,NA,NA,NA,NA,NA,NA,NA,10,246,NA,13.9392
737,2.85839,NA,169,"2026-03-14_FELIO",4.3561596096881,434,NA,NA,NA,NA,NA,NA,NA,NA,NA,NA,NA,NA,NA,NA,NA,NA,NA,10.14,250,NA,13.7736
738,2.86217,NA,169,"2026-03-14_FELIO",4.39985920450546,432,NA,NA,NA,NA,NA,NA,NA,NA,NA,NA,NA,NA,NA,NA,NA,NA,NA,10.09,251,NA,13.6368
739,2.86598,NA,169,"2026-03-14_FELIO",4.37790035898783,437,NA,NA,NA,NA,NA,NA,NA,NA,NA,NA,NA,NA,NA,NA,NA,NA,NA,10.28,254,NA,13.7052
740,2.8698,NA,170,"2026-03-14_FELIO",4.3561596096881,442,NA,NA,NA,NA,NA,NA,NA,NA,NA,NA,NA,NA,NA,NA,NA,NA,NA,10.29,254,NA,13.7736
741,2.87363,NA,170,"2026-03-14_FELIO",4.3561596096881,443,NA,NA,NA,NA,NA,NA,NA,NA,NA,NA,NA,NA,NA,NA,NA,NA,NA,10.29,254,NA,13.7736
742,2.87743,NA,170,"2026-03-14_FELIO",4.38827453045463,440,NA,NA,NA,NA,NA,NA,NA,NA,NA,NA,NA,NA,NA,NA,NA,NA,NA,9.91,248,NA,13.6728
743,2.8812,NA,170,"2026-03-14_FELIO",4.41033783187792,437,NA,NA,NA,NA,NA,NA,NA,NA,NA,NA,NA,NA,NA,NA,NA,NA,NA,9.7,246,NA,13.6044
744,2.88498,NA,170,"2026-03-14_FELIO",4.42086648983201,437,NA,NA,NA,NA,NA,NA,NA,NA,NA,NA,NA,NA,NA,NA,NA,NA,NA,9.7,246,NA,13.572
745,2.8888,NA,171,"2026-03-14_FELIO",4.3561596096881,446,NA,NA,NA,NA,NA,NA,NA,NA,NA,NA,NA,NA,NA,NA,NA,NA,NA,9.92,248,NA,13.7736
746,2.89268,NA,171,"2026-03-14_FELIO",4.29331959471063,460,NA,NA,NA,NA,NA,NA,NA,NA,NA,NA,NA,NA,NA,NA,NA,NA,NA,10,246,NA,13.9752
747,2.89658,NA,171,"2026-03-14_FELIO",4.27350427350427,466,NA,NA,NA,NA,NA,NA,NA,NA,NA,NA,NA,NA,NA,NA,NA,NA,NA,10.01,246,NA,14.04
748,2.9005,NA,170,"2026-03-14_FELIO",4.25278557455133,472,NA,NA,NA,NA,NA,NA,NA,NA,NA,NA,NA,NA,NA,NA,NA,NA,NA,10.05,245,NA,14.1084
749,2.9044,NA,171,"2026-03-14_FELIO",4.27350427350427,464,NA,NA,NA,NA,NA,NA,NA,NA,NA,NA,NA,NA,NA,NA,NA,NA,NA,10.19,249,NA,14.04
750,2.90829,NA,171,"2026-03-14_FELIO",4.28338901739056,457,NA,NA,NA,NA,NA,NA,NA,NA,NA,NA,NA,NA,NA,NA,NA,NA,NA,10.19,249,NA,14.0076
751,2.9122,NA,171,"2026-03-14_FELIO",4.26257459505541,458,NA,NA,NA,NA,NA,NA,NA,NA,NA,NA,NA,NA,NA,NA,NA,NA,NA,10.23,248,NA,14.076
752,2.91613,NA,171,"2026-03-14_FELIO",4.24304141208418,460,NA,NA,NA,NA,NA,NA,NA,NA,NA,NA,NA,NA,NA,NA,NA,NA,NA,10.23,248,NA,14.1408
753,2.92002,NA,171,"2026-03-14_FELIO",4.28338901739056,454,NA,NA,NA,NA,NA,NA,NA,NA,NA,NA,NA,NA,NA,NA,NA,NA,NA,10.19,249,NA,14.0076
754,2.92388,NA,171,"2026-03-14_FELIO",4.31443610320131,449,NA,NA,NA,NA,NA,NA,NA,NA,NA,NA,NA,NA,NA,NA,NA,NA,NA,9.96,247,NA,13.9068
755,2.92773,NA,171,"2026-03-14_FELIO",4.33576135969476,445,NA,NA,NA,NA,NA,NA,NA,NA,NA,NA,NA,NA,NA,NA,NA,NA,NA,9.79,244,NA,13.8384
756,2.93156,NA,171,"2026-03-14_FELIO",4.3561596096881,443,NA,NA,NA,NA,NA,NA,NA,NA,NA,NA,NA,NA,NA,NA,NA,NA,NA,9.75,245,NA,13.7736
757,2.93535,NA,172,"2026-03-14_FELIO",4.38827453045463,440,NA,NA,NA,NA,NA,NA,NA,NA,NA,NA,NA,NA,NA,NA,NA,NA,NA,9.71,246,NA,13.6728
758,2.93913,NA,172,"2026-03-14_FELIO",4.41033783187792,437,NA,NA,NA,NA,NA,NA,NA,NA,NA,NA,NA,NA,NA,NA,NA,NA,NA,9.7,246,NA,13.6044
759,2.94299,NA,172,"2026-03-14_FELIO",4.32451133021969,447,NA,NA,NA,NA,NA,NA,NA,NA,NA,NA,NA,NA,NA,NA,NA,NA,NA,9.79,244,NA,13.8744
760,2.94688,NA,171,"2026-03-14_FELIO",4.27350427350427,457,NA,NA,NA,NA,NA,NA,NA,NA,NA,NA,NA,NA,NA,NA,NA,NA,NA,9.83,243,NA,14.04
761,2.95084,NA,171,"2026-03-14_FELIO",4.21300977418268,475,NA,NA,NA,NA,NA,NA,NA,NA,NA,NA,NA,NA,NA,NA,NA,NA,NA,9.88,242,NA,14.2416
762,2.95481,NA,171,"2026-03-14_FELIO",4.19287211740042,477,NA,NA,NA,NA,NA,NA,NA,NA,NA,NA,NA,NA,NA,NA,NA,NA,NA,10.09,244,NA,14.31
763,2.95878,NA,171,"2026-03-14_FELIO",4.20238695579089,463,NA,NA,NA,NA,NA,NA,NA,NA,NA,NA,NA,NA,NA,NA,NA,NA,NA,10.09,244,NA,14.2776
764,2.96275,NA,171,"2026-03-14_FELIO",4.20238695579089,446,NA,NA,NA,NA,NA,NA,NA,NA,NA,NA,NA,NA,NA,NA,NA,NA,NA,10.09,244,NA,14.2776
765,2.9667,NA,171,"2026-03-14_FELIO",4.21300977418268,429,NA,NA,NA,NA,NA,NA,NA,NA,NA,NA,NA,NA,NA,NA,NA,NA,NA,10.27,247,NA,14.2416
766,2.97055,NA,171,"2026-03-14_FELIO",4.33576135969476,409,NA,NA,NA,NA,NA,NA,NA,NA,NA,NA,NA,NA,NA,NA,NA,NA,NA,10.14,250,NA,13.8384
767,2.97432,NA,170,"2026-03-14_FELIO",4.41033783187792,395,NA,NA,NA,NA,NA,NA,NA,NA,NA,NA,NA,NA,NA,NA,NA,NA,NA,10.05,252,NA,13.6044
768,2.97814,NA,170,"2026-03-14_FELIO",4.3675751222921,399,NA,NA,NA,NA,NA,NA,NA,NA,NA,NA,NA,NA,NA,NA,NA,NA,NA,10.1,251,NA,13.7376
769,2.98198,NA,170,"2026-03-14_FELIO",4.34593654932638,401,NA,NA,NA,NA,NA,NA,NA,NA,NA,NA,NA,NA,NA,NA,NA,NA,NA,10.14,250,NA,13.806
770,2.98582,NA,170,"2026-03-14_FELIO",4.33576135969476,403,NA,NA,NA,NA,NA,NA,NA,NA,NA,NA,NA,NA,NA,NA,NA,NA,NA,10.14,250,NA,13.8384
771,2.98968,NA,170,"2026-03-14_FELIO",4.31443610320131,408,NA,NA,NA,NA,NA,NA,NA,NA,NA,NA,NA,NA,NA,NA,NA,NA,NA,9.96,247,NA,13.9068
772,2.99356,NA,171,"2026-03-14_FELIO",4.29331959471063,409,NA,NA,NA,NA,NA,NA,NA,NA,NA,NA,NA,NA,NA,NA,NA,NA,NA,10,246,NA,13.9752
773,2.99746,NA,170,"2026-03-14_FELIO",4.27350427350427,413,NA,NA,NA,NA,NA,NA,NA,NA,NA,NA,NA,NA,NA,NA,NA,NA,NA,10.01,246,NA,14.04
774,3.00139,NA,170,"2026-03-14_FELIO",4.24304141208418,417,NA,NA,NA,NA,NA,NA,NA,NA,NA,NA,NA,NA,NA,NA,NA,NA,NA,10.05,245,NA,14.1408
775,3.00532,NA,170,"2026-03-14_FELIO",4.24304141208418,416,NA,NA,NA,NA,NA,NA,NA,NA,NA,NA,NA,NA,NA,NA,NA,NA,NA,10.05,245,NA,14.1408
776,3.00925,NA,170,"2026-03-14_FELIO",4.24304141208418,415,NA,NA,NA,NA,NA,NA,NA,NA,NA,NA,NA,NA,NA,NA,NA,NA,NA,10.05,245,NA,14.1408
777,3.01318,NA,171,"2026-03-14_FELIO",4.24304141208418,415,NA,NA,NA,NA,NA,NA,NA,NA,NA,NA,NA,NA,NA,NA,NA,NA,NA,10.05,245,NA,14.1408
778,3.01707,NA,170,"2026-03-14_FELIO",4.28338901739056,413,NA,NA,NA,NA,NA,NA,NA,NA,NA,NA,NA,NA,NA,NA,NA,NA,NA,10.19,249,NA,14.0076
779,3.02094,NA,170,"2026-03-14_FELIO",4.31443610320131,412,NA,NA,NA,NA,NA,NA,NA,NA,NA,NA,NA,NA,NA,NA,NA,NA,NA,10.14,250,NA,13.9068
780,3.02481,NA,171,"2026-03-14_FELIO",4.30440771349862,415,NA,NA,NA,NA,NA,NA,NA,NA,NA,NA,NA,NA,NA,NA,NA,NA,NA,10.18,249,NA,13.9392
781,3.02869,NA,170,"2026-03-14_FELIO",4.29331959471063,419,NA,NA,NA,NA,NA,NA,NA,NA,NA,NA,NA,NA,NA,NA,NA,NA,NA,10.19,249,NA,13.9752
782,3.03254,NA,171,"2026-03-14_FELIO",4.32451133021969,419,NA,NA,NA,NA,NA,NA,NA,NA,NA,NA,NA,NA,NA,NA,NA,NA,NA,10.14,250,NA,13.8744
783,3.03638,NA,171,"2026-03-14_FELIO",4.33576135969476,421,NA,NA,NA,NA,NA,NA,NA,NA,NA,NA,NA,NA,NA,NA,NA,NA,NA,10.14,250,NA,13.8384
784,3.04024,NA,171,"2026-03-14_FELIO",4.32451133021969,423,NA,NA,NA,NA,NA,NA,NA,NA,NA,NA,NA,NA,NA,NA,NA,NA,NA,9.96,247,NA,13.8744
785,3.04411,NA,170,"2026-03-14_FELIO",4.30440771349862,428,NA,NA,NA,NA,NA,NA,NA,NA,NA,NA,NA,NA,NA,NA,NA,NA,NA,10,246,NA,13.9392
786,3.048,NA,171,"2026-03-14_FELIO",4.28338901739056,435,NA,NA,NA,NA,NA,NA,NA,NA,NA,NA,NA,NA,NA,NA,NA,NA,NA,9.83,243,NA,14.0076
787,3.05192,NA,171,"2026-03-14_FELIO",4.25278557455133,443,NA,NA,NA,NA,NA,NA,NA,NA,NA,NA,NA,NA,NA,NA,NA,NA,NA,9.87,242,NA,14.1084
788,3.05584,NA,171,"2026-03-14_FELIO",4.25278557455133,445,NA,NA,NA,NA,NA,NA,NA,NA,NA,NA,NA,NA,NA,NA,NA,NA,NA,9.87,242,NA,14.1084
789,3.05976,NA,171,"2026-03-14_FELIO",4.25278557455133,446,NA,NA,NA,NA,NA,NA,NA,NA,NA,NA,NA,NA,NA,NA,NA,NA,NA,9.87,242,NA,14.1084
790,3.0636,NA,171,"2026-03-14_FELIO",4.33576135969476,437,NA,NA,NA,NA,NA,NA,NA,NA,NA,NA,NA,NA,NA,NA,NA,NA,NA,9.96,247,NA,13.8384
791,3.06739,NA,171,"2026-03-14_FELIO",4.39985920450546,433,NA,NA,NA,NA,NA,NA,NA,NA,NA,NA,NA,NA,NA,NA,NA,NA,NA,9.88,249,NA,13.6368
792,3.07119,NA,171,"2026-03-14_FELIO",4.38827453045463,435,NA,NA,NA,NA,NA,NA,NA,NA,NA,NA,NA,NA,NA,NA,NA,NA,NA,9.71,246,NA,13.6728
793,3.07498,NA,172,"2026-03-14_FELIO",4.38827453045463,436,NA,NA,NA,NA,NA,NA,NA,NA,NA,NA,NA,NA,NA,NA,NA,NA,NA,9.71,246,NA,13.6728
794,3.07879,NA,171,"2026-03-14_FELIO",4.37790035898783,439,NA,NA,NA,NA,NA,NA,NA,NA,NA,NA,NA,NA,NA,NA,NA,NA,NA,9.74,245,NA,13.7052
795,3.08249,NA,171,"2026-03-14_FELIO",4.510599909788,427,NA,NA,NA,NA,NA,NA,NA,NA,NA,NA,NA,NA,NA,NA,NA,NA,NA,9.61,248,NA,13.302
796,3.0861,NA,171,"2026-03-14_FELIO",4.61552663158866,420,NA,NA,NA,NA,NA,NA,NA,NA,NA,NA,NA,NA,NA,NA,NA,NA,NA,9.68,253,NA,12.9996
797,3.08967,NA,171,"2026-03-14_FELIO",4.6633090841261,416,NA,NA,NA,NA,NA,NA,NA,NA,NA,NA,NA,NA,NA,NA,NA,NA,NA,9.64,254,NA,12.8664
798,3.09329,NA,171,"2026-03-14_FELIO",4.61552663158866,423,NA,NA,NA,NA,NA,NA,NA,NA,NA,NA,NA,NA,NA,NA,NA,NA,NA,9.86,256,NA,12.9996
799,3.09704,NA,171,"2026-03-14_FELIO",4.43262411347518,446,NA,NA,NA,NA,NA,NA,NA,NA,NA,NA,NA,NA,NA,NA,NA,NA,NA,10.05,252,NA,13.536
800,3.10087,NA,171,"2026-03-14_FELIO",4.3561596096881,467,NA,NA,NA,NA,NA,NA,NA,NA,NA,NA,NA,NA,NA,NA,NA,NA,NA,10.14,250,NA,13.7736
801,3.10472,NA,171,"2026-03-14_FELIO",4.32451133021969,475,NA,NA,NA,NA,NA,NA,NA,NA,NA,NA,NA,NA,NA,NA,NA,NA,NA,10.14,250,NA,13.8744
802,3.1086,NA,171,"2026-03-14_FELIO",4.29331959471063,476,NA,NA,NA,NA,NA,NA,NA,NA,NA,NA,NA,NA,NA,NA,NA,NA,NA,10,246,NA,13.9752
803,3.1125,NA,171,"2026-03-14_FELIO",4.27350427350427,465,NA,NA,NA,NA,NA,NA,NA,NA,NA,NA,NA,NA,NA,NA,NA,NA,NA,9.83,243,NA,14.04
804,3.11645,NA,171,"2026-03-14_FELIO",4.22261633307998,469,NA,NA,NA,NA,NA,NA,NA,NA,NA,NA,NA,NA,NA,NA,NA,NA,NA,9.88,242,NA,14.2092
805,3.12044,NA,171,"2026-03-14_FELIO",4.18340026773762,475,NA,NA,NA,NA,NA,NA,NA,NA,NA,NA,NA,NA,NA,NA,NA,NA,NA,10.13,243,NA,14.3424
806,3.12439,NA,171,"2026-03-14_FELIO",4.21300977418268,467,NA,NA,NA,NA,NA,NA,NA,NA,NA,NA,NA,NA,NA,NA,NA,NA,NA,10.09,244,NA,14.2416
807,3.12815,NA,171,"2026-03-14_FELIO",4.43262411347518,437,NA,NA,NA,NA,NA,NA,NA,NA,NA,NA,NA,NA,NA,NA,NA,NA,NA,9.87,249,NA,13.536
808,3.13182,NA,171,"2026-03-14_FELIO",4.54504135987638,426,NA,NA,NA,NA,NA,NA,NA,NA,NA,NA,NA,NA,NA,NA,NA,NA,NA,9.74,252,NA,13.2012
809,3.13545,NA,170,"2026-03-14_FELIO",4.59136822773186,423,NA,NA,NA,NA,NA,NA,NA,NA,NA,NA,NA,NA,NA,NA,NA,NA,NA,9.86,256,NA,13.068
810,3.13918,NA,171,"2026-03-14_FELIO",4.46588067166845,435,NA,NA,NA,NA,NA,NA,NA,NA,NA,NA,NA,NA,NA,NA,NA,NA,NA,10,253,NA,13.4352
811,3.14297,NA,170,"2026-03-14_FELIO",4.39985920450546,444,NA,NA,NA,NA,NA,NA,NA,NA,NA,NA,NA,NA,NA,NA,NA,NA,NA,10.09,251,NA,13.6368
812,3.14678,NA,170,"2026-03-14_FELIO",4.3675751222921,455,NA,NA,NA,NA,NA,NA,NA,NA,NA,NA,NA,NA,NA,NA,NA,NA,NA,9.92,248,NA,13.7376
813,3.15062,NA,170,"2026-03-14_FELIO",4.34593654932638,462,NA,NA,NA,NA,NA,NA,NA,NA,NA,NA,NA,NA,NA,NA,NA,NA,NA,9.96,247,NA,13.806
814,3.15448,NA,171,"2026-03-14_FELIO",4.31443610320131,459,NA,NA,NA,NA,NA,NA,NA,NA,NA,NA,NA,NA,NA,NA,NA,NA,NA,9.96,247,NA,13.9068
815,3.15841,NA,170,"2026-03-14_FELIO",4.24304141208418,468,NA,NA,NA,NA,NA,NA,NA,NA,NA,NA,NA,NA,NA,NA,NA,NA,NA,10.05,245,NA,14.1408
816,3.16238,NA,170,"2026-03-14_FELIO",4.20238695579089,473,NA,NA,NA,NA,NA,NA,NA,NA,NA,NA,NA,NA,NA,NA,NA,NA,NA,10.09,244,NA,14.2776
817,3.16636,NA,170,"2026-03-14_FELIO",4.18340026773762,474,NA,NA,NA,NA,NA,NA,NA,NA,NA,NA,NA,NA,NA,NA,NA,NA,NA,9.92,241,NA,14.3424
818,3.17036,NA,170,"2026-03-14_FELIO",4.16354400866017,476,NA,NA,NA,NA,NA,NA,NA,NA,NA,NA,NA,NA,NA,NA,NA,NA,NA,9.96,240,NA,14.4108
819,3.17437,NA,170,"2026-03-14_FELIO",4.15420405450316,472,NA,NA,NA,NA,NA,NA,NA,NA,NA,NA,NA,NA,NA,NA,NA,NA,NA,9.96,240,NA,14.4432
820,3.17838,NA,169,"2026-03-14_FELIO",4.16354400866017,467,NA,NA,NA,NA,NA,NA,NA,NA,NA,NA,NA,NA,NA,NA,NA,NA,NA,9.96,240,NA,14.4108
821,3.18238,NA,169,"2026-03-14_FELIO",4.16354400866017,467,NA,NA,NA,NA,NA,NA,NA,NA,NA,NA,NA,NA,NA,NA,NA,NA,NA,9.96,240,NA,14.4108
822,3.18637,NA,169,"2026-03-14_FELIO",4.17292605575029,468,NA,NA,NA,NA,NA,NA,NA,NA,NA,NA,NA,NA,NA,NA,NA,NA,NA,10.13,243,NA,14.3784
823,3.19035,NA,169,"2026-03-14_FELIO",4.19287211740042,467,NA,NA,NA,NA,NA,NA,NA,NA,NA,NA,NA,NA,NA,NA,NA,NA,NA,10.28,247,NA,14.31
824,3.19418,NA,169,"2026-03-14_FELIO",4.34593654932638,449,NA,NA,NA,NA,NA,NA,NA,NA,NA,NA,NA,NA,NA,NA,NA,NA,NA,10.14,250,NA,13.806
825,3.1978,NA,169,"2026-03-14_FELIO",4.61552663158866,422,NA,NA,NA,NA,NA,NA,NA,NA,NA,NA,NA,NA,NA,NA,NA,NA,NA,9.86,256,NA,12.9996
826,3.20128,NA,169,"2026-03-14_FELIO",4.77554918815664,408,NA,NA,NA,NA,NA,NA,NA,NA,NA,NA,NA,NA,NA,NA,NA,NA,NA,9.88,262,NA,12.564
827,3.20491,NA,169,"2026-03-14_FELIO",4.60405156537753,423,NA,NA,NA,NA,NA,NA,NA,NA,NA,NA,NA,NA,NA,NA,NA,NA,NA,10.04,259,NA,13.032
828,3.2086,NA,169,"2026-03-14_FELIO",4.510599909788,431,NA,NA,NA,NA,NA,NA,NA,NA,NA,NA,NA,NA,NA,NA,NA,NA,NA,10.14,257,NA,13.302
829,3.21236,NA,169,"2026-03-14_FELIO",4.43262411347518,448,NA,NA,NA,NA,NA,NA,NA,NA,NA,NA,NA,NA,NA,NA,NA,NA,NA,10.05,252,NA,13.536
830,3.21615,NA,169,"2026-03-14_FELIO",4.39985920450546,463,NA,NA,NA,NA,NA,NA,NA,NA,NA,NA,NA,NA,NA,NA,NA,NA,NA,10.09,251,NA,13.6368
831,3.21996,NA,169,"2026-03-14_FELIO",4.3675751222921,458,NA,NA,NA,NA,NA,NA,NA,NA,NA,NA,NA,NA,NA,NA,NA,NA,NA,10.1,251,NA,13.7376
832,3.2238,NA,169,"2026-03-14_FELIO",4.34593654932638,456,NA,NA,NA,NA,NA,NA,NA,NA,NA,NA,NA,NA,NA,NA,NA,NA,NA,10.14,250,NA,13.806
833,3.22767,NA,169,"2026-03-14_FELIO",4.30440771349862,456,NA,NA,NA,NA,NA,NA,NA,NA,NA,NA,NA,NA,NA,NA,NA,NA,NA,10,246,NA,13.9392
834,3.23157,NA,169,"2026-03-14_FELIO",4.27350427350427,460,NA,NA,NA,NA,NA,NA,NA,NA,NA,NA,NA,NA,NA,NA,NA,NA,NA,10.01,246,NA,14.04
835,3.23542,NA,168,"2026-03-14_FELIO",4.33576135969476,446,NA,NA,NA,NA,NA,NA,NA,NA,NA,NA,NA,NA,NA,NA,NA,NA,NA,9.96,247,NA,13.8384
836,3.23924,NA,169,"2026-03-14_FELIO",4.3675751222921,441,NA,NA,NA,NA,NA,NA,NA,NA,NA,NA,NA,NA,NA,NA,NA,NA,NA,9.92,248,NA,13.7376
837,3.24309,NA,169,"2026-03-14_FELIO",4.32451133021969,447,NA,NA,NA,NA,NA,NA,NA,NA,NA,NA,NA,NA,NA,NA,NA,NA,NA,10.14,250,NA,13.8744
838,3.24696,NA,168,"2026-03-14_FELIO",4.30440771349862,448,NA,NA,NA,NA,NA,NA,NA,NA,NA,NA,NA,NA,NA,NA,NA,NA,NA,10.18,249,NA,13.9392
839,3.25084,NA,169,"2026-03-14_FELIO",4.29331959471063,452,NA,NA,NA,NA,NA,NA,NA,NA,NA,NA,NA,NA,NA,NA,NA,NA,NA,10.19,249,NA,13.9752
840,3.25472,NA,169,"2026-03-14_FELIO",4.29331959471063,454,NA,NA,NA,NA,NA,NA,NA,NA,NA,NA,NA,NA,NA,NA,NA,NA,NA,10.19,249,NA,13.9752
841,3.25861,NA,169,"2026-03-14_FELIO",4.28338901739056,453,NA,NA,NA,NA,NA,NA,NA,NA,NA,NA,NA,NA,NA,NA,NA,NA,NA,10.19,249,NA,14.0076
842,3.26252,NA,168,"2026-03-14_FELIO",4.27350427350427,454,NA,NA,NA,NA,NA,NA,NA,NA,NA,NA,NA,NA,NA,NA,NA,NA,NA,10.19,249,NA,14.04
843,3.26642,NA,169,"2026-03-14_FELIO",4.26257459505541,455,NA,NA,NA,NA,NA,NA,NA,NA,NA,NA,NA,NA,NA,NA,NA,NA,NA,10.23,248,NA,14.076
844,3.27035,NA,169,"2026-03-14_FELIO",4.24304141208418,459,NA,NA,NA,NA,NA,NA,NA,NA,NA,NA,NA,NA,NA,NA,NA,NA,NA,10.23,248,NA,14.1408
845,3.2743,NA,169,"2026-03-14_FELIO",4.22261633307998,461,NA,NA,NA,NA,NA,NA,NA,NA,NA,NA,NA,NA,NA,NA,NA,NA,NA,10.09,244,NA,14.2092
846,3.27825,NA,168,"2026-03-14_FELIO",4.21300977418268,462,NA,NA,NA,NA,NA,NA,NA,NA,NA,NA,NA,NA,NA,NA,NA,NA,NA,10.09,244,NA,14.2416
847,3.28222,NA,169,"2026-03-14_FELIO",4.20238695579089,464,NA,NA,NA,NA,NA,NA,NA,NA,NA,NA,NA,NA,NA,NA,NA,NA,NA,10.09,244,NA,14.2776
848,3.28613,NA,169,"2026-03-14_FELIO",4.26257459505541,453,NA,NA,NA,NA,NA,NA,NA,NA,NA,NA,NA,NA,NA,NA,NA,NA,NA,10.05,245,NA,14.076
849,3.28998,NA,169,"2026-03-14_FELIO",4.33576135969476,445,NA,NA,NA,NA,NA,NA,NA,NA,NA,NA,NA,NA,NA,NA,NA,NA,NA,9.79,244,NA,13.8384
850,3.29376,NA,168,"2026-03-14_FELIO",4.39985920450546,440,NA,NA,NA,NA,NA,NA,NA,NA,NA,NA,NA,NA,NA,NA,NA,NA,NA,9.88,249,NA,13.6368
851,3.29757,NA,169,"2026-03-14_FELIO",4.37790035898783,444,NA,NA,NA,NA,NA,NA,NA,NA,NA,NA,NA,NA,NA,NA,NA,NA,NA,10.1,251,NA,13.7052
852,3.30138,NA,169,"2026-03-14_FELIO",4.3675751222921,445,NA,NA,NA,NA,NA,NA,NA,NA,NA,NA,NA,NA,NA,NA,NA,NA,NA,10.1,251,NA,13.7376
853,3.30521,NA,168,"2026-03-14_FELIO",4.3561596096881,445,NA,NA,NA,NA,NA,NA,NA,NA,NA,NA,NA,NA,NA,NA,NA,NA,NA,9.92,248,NA,13.7736
854,3.30905,NA,168,"2026-03-14_FELIO",4.34593654932638,452,NA,NA,NA,NA,NA,NA,NA,NA,NA,NA,NA,NA,NA,NA,NA,NA,NA,10.14,250,NA,13.806
855,3.31289,NA,168,"2026-03-14_FELIO",4.33576135969476,453,NA,NA,NA,NA,NA,NA,NA,NA,NA,NA,NA,NA,NA,NA,NA,NA,NA,10.14,250,NA,13.8384
856,3.31676,NA,168,"2026-03-14_FELIO",4.30440771349862,458,NA,NA,NA,NA,NA,NA,NA,NA,NA,NA,NA,NA,NA,NA,NA,NA,NA,10.18,249,NA,13.9392
857,3.32067,NA,169,"2026-03-14_FELIO",4.27350427350427,463,NA,NA,NA,NA,NA,NA,NA,NA,NA,NA,NA,NA,NA,NA,NA,NA,NA,10.19,249,NA,14.04
858,3.32457,NA,169,"2026-03-14_FELIO",4.26257459505541,463,NA,NA,NA,NA,NA,NA,NA,NA,NA,NA,NA,NA,NA,NA,NA,NA,NA,10.05,245,NA,14.076
859,3.32845,NA,169,"2026-03-14_FELIO",4.29331959471063,457,NA,NA,NA,NA,NA,NA,NA,NA,NA,NA,NA,NA,NA,NA,NA,NA,NA,10,246,NA,13.9752
860,3.33232,NA,169,"2026-03-14_FELIO",4.31443610320131,452,NA,NA,NA,NA,NA,NA,NA,NA,NA,NA,NA,NA,NA,NA,NA,NA,NA,9.96,247,NA,13.9068
861,3.33619,NA,169,"2026-03-14_FELIO",4.30440771349862,453,NA,NA,NA,NA,NA,NA,NA,NA,NA,NA,NA,NA,NA,NA,NA,NA,NA,10,246,NA,13.9392
862,3.34007,NA,169,"2026-03-14_FELIO",4.29331959471063,454,NA,NA,NA,NA,NA,NA,NA,NA,NA,NA,NA,NA,NA,NA,NA,NA,NA,10,246,NA,13.9752
863,3.34396,NA,170,"2026-03-14_FELIO",4.28338901739056,456,NA,NA,NA,NA,NA,NA,NA,NA,NA,NA,NA,NA,NA,NA,NA,NA,NA,10.01,246,NA,14.0076
864,3.34781,NA,169,"2026-03-14_FELIO",4.32451133021969,451,NA,NA,NA,NA,NA,NA,NA,NA,NA,NA,NA,NA,NA,NA,NA,NA,NA,9.96,247,NA,13.8744
865,3.35162,NA,169,"2026-03-14_FELIO",4.38827453045463,445,NA,NA,NA,NA,NA,NA,NA,NA,NA,NA,NA,NA,NA,NA,NA,NA,NA,9.91,248,NA,13.6728
866,3.35537,NA,169,"2026-03-14_FELIO",4.43262411347518,441,NA,NA,NA,NA,NA,NA,NA,NA,NA,NA,NA,NA,NA,NA,NA,NA,NA,9.87,249,NA,13.536
867,3.35911,NA,169,"2026-03-14_FELIO",4.46588067166845,437,NA,NA,NA,NA,NA,NA,NA,NA,NA,NA,NA,NA,NA,NA,NA,NA,NA,9.83,250,NA,13.4352
868,3.36279,NA,169,"2026-03-14_FELIO",4.52161331162959,433,NA,NA,NA,NA,NA,NA,NA,NA,NA,NA,NA,NA,NA,NA,NA,NA,NA,9.95,254,NA,13.2696
869,3.36645,NA,170,"2026-03-14_FELIO",4.55622380171314,430,NA,NA,NA,NA,NA,NA,NA,NA,NA,NA,NA,NA,NA,NA,NA,NA,NA,9.91,255,NA,13.1688
870,3.3701,NA,170,"2026-03-14_FELIO",4.5687134502924,429,NA,NA,NA,NA,NA,NA,NA,NA,NA,NA,NA,NA,NA,NA,NA,NA,NA,9.91,255,NA,13.1328
871,3.37382,NA,170,"2026-03-14_FELIO",4.476676515355,437,NA,NA,NA,NA,NA,NA,NA,NA,NA,NA,NA,NA,NA,NA,NA,NA,NA,9.82,250,NA,13.4028
872,3.37759,NA,170,"2026-03-14_FELIO",4.42086648983201,448,NA,NA,NA,NA,NA,NA,NA,NA,NA,NA,NA,NA,NA,NA,NA,NA,NA,9.87,249,NA,13.572
873,3.38141,NA,170,"2026-03-14_FELIO",4.3675751222921,460,NA,NA,NA,NA,NA,NA,NA,NA,NA,NA,NA,NA,NA,NA,NA,NA,NA,9.92,248,NA,13.7376
874,3.38526,NA,170,"2026-03-14_FELIO",4.32451133021969,466,NA,NA,NA,NA,NA,NA,NA,NA,NA,NA,NA,NA,NA,NA,NA,NA,NA,9.79,244,NA,13.8744
875,3.38913,NA,170,"2026-03-14_FELIO",4.30440771349862,464,NA,NA,NA,NA,NA,NA,NA,NA,NA,NA,NA,NA,NA,NA,NA,NA,NA,9.79,244,NA,13.9392
876,3.39301,NA,170,"2026-03-14_FELIO",4.30440771349862,460,NA,NA,NA,NA,NA,NA,NA,NA,NA,NA,NA,NA,NA,NA,NA,NA,NA,9.79,244,NA,13.9392
877,3.39689,NA,170,"2026-03-14_FELIO",4.28338901739056,460,NA,NA,NA,NA,NA,NA,NA,NA,NA,NA,NA,NA,NA,NA,NA,NA,NA,9.83,243,NA,14.0076
878,3.4008,NA,170,"2026-03-14_FELIO",4.26257459505541,462,NA,NA,NA,NA,NA,NA,NA,NA,NA,NA,NA,NA,NA,NA,NA,NA,NA,10.05,245,NA,14.076
879,3.40472,NA,171,"2026-03-14_FELIO",4.25278557455133,462,NA,NA,NA,NA,NA,NA,NA,NA,NA,NA,NA,NA,NA,NA,NA,NA,NA,10.05,245,NA,14.1084
880,3.40864,NA,171,"2026-03-14_FELIO",4.25278557455133,462,NA,NA,NA,NA,NA,NA,NA,NA,NA,NA,NA,NA,NA,NA,NA,NA,NA,10.05,245,NA,14.1084
881,3.41249,NA,171,"2026-03-14_FELIO",4.33576135969476,451,NA,NA,NA,NA,NA,NA,NA,NA,NA,NA,NA,NA,NA,NA,NA,NA,NA,10.14,250,NA,13.8384
882,3.41627,NA,171,"2026-03-14_FELIO",4.39985920450546,446,NA,NA,NA,NA,NA,NA,NA,NA,NA,NA,NA,NA,NA,NA,NA,NA,NA,10.09,251,NA,13.6368
883,3.42005,NA,170,"2026-03-14_FELIO",4.41033783187792,444,NA,NA,NA,NA,NA,NA,NA,NA,NA,NA,NA,NA,NA,NA,NA,NA,NA,10.05,252,NA,13.6044
884,3.42386,NA,171,"2026-03-14_FELIO",4.37790035898783,447,NA,NA,NA,NA,NA,NA,NA,NA,NA,NA,NA,NA,NA,NA,NA,NA,NA,10.1,251,NA,13.7052
885,3.42768,NA,171,"2026-03-14_FELIO",4.3675751222921,446,NA,NA,NA,NA,NA,NA,NA,NA,NA,NA,NA,NA,NA,NA,NA,NA,NA,9.92,248,NA,13.7376
886,3.4315,NA,171,"2026-03-14_FELIO",4.3561596096881,450,NA,NA,NA,NA,NA,NA,NA,NA,NA,NA,NA,NA,NA,NA,NA,NA,NA,9.92,248,NA,13.7736
887,3.43539,NA,170,"2026-03-14_FELIO",4.28338901739056,463,NA,NA,NA,NA,NA,NA,NA,NA,NA,NA,NA,NA,NA,NA,NA,NA,NA,10.01,246,NA,14.0076
888,3.43938,NA,171,"2026-03-14_FELIO",4.18340026773762,479,NA,NA,NA,NA,NA,NA,NA,NA,NA,NA,NA,NA,NA,NA,NA,NA,NA,10.13,243,NA,14.3424
889,3.44344,NA,171,"2026-03-14_FELIO",4.10610166707728,493,NA,NA,NA,NA,NA,NA,NA,NA,NA,NA,NA,NA,NA,NA,NA,NA,NA,10.22,241,NA,14.6124
890,3.44753,NA,171,"2026-03-14_FELIO",4.07797080172906,498,NA,NA,NA,NA,NA,NA,NA,NA,NA,NA,NA,NA,NA,NA,NA,NA,NA,10.22,241,NA,14.7132
891,3.45159,NA,171,"2026-03-14_FELIO",4.09701737135365,490,NA,NA,NA,NA,NA,NA,NA,NA,NA,NA,NA,NA,NA,NA,NA,NA,NA,10.4,244,NA,14.6448
892,3.45564,NA,171,"2026-03-14_FELIO",4.11522633744856,479,NA,NA,NA,NA,NA,NA,NA,NA,NA,NA,NA,NA,NA,NA,NA,NA,NA,10.36,245,NA,14.58
893,3.45973,NA,171,"2026-03-14_FELIO",4.07797080172906,480,NA,NA,NA,NA,NA,NA,NA,NA,NA,NA,NA,NA,NA,NA,NA,NA,NA,10.4,244,NA,14.7132
894,3.46383,NA,171,"2026-03-14_FELIO",4.05910050332846,481,NA,NA,NA,NA,NA,NA,NA,NA,NA,NA,NA,NA,NA,NA,NA,NA,NA,10.44,243,NA,14.7816
895,3.46828,NA,171,"2026-03-14_FELIO",3.75290850409067,551,NA,NA,NA,NA,NA,NA,NA,NA,NA,NA,NA,NA,NA,NA,NA,NA,NA,10.8,234,NA,15.9876
896,3.47289,NA,172,"2026-03-14_FELIO",3.61611340131627,574,NA,NA,NA,NA,NA,NA,NA,NA,NA,NA,NA,NA,NA,NA,NA,NA,NA,10.99,229,NA,16.5924
897,3.47743,NA,172,"2026-03-14_FELIO",3.66784037558685,570,NA,NA,NA,NA,NA,NA,NA,NA,NA,NA,NA,NA,NA,NA,NA,NA,NA,10.91,231,NA,16.3584
898,3.48193,NA,172,"2026-03-14_FELIO",3.69795133496043,563,NA,NA,NA,NA,NA,NA,NA,NA,NA,NA,NA,NA,NA,NA,NA,NA,NA,10.88,232,NA,16.2252
