"SECS","KM","CAD","HR","ID","PACE","WATTS","LRBALANCE","LTE","RTE","LPS","RPS","LPPB","RPPB","LPPE","RPPE","LPPPB","RPPPB","LPPPE","RPPPE","ALT","LAT","LON","SLOPE","RVERT","RCON","TEMP","KPH"
0,0,30.4132,0,"2026-05-30_HWCPW",NA,NA,NA,NA,NA,NA,NA,NA,NA,NA,NA,NA,NA,NA,NA,NA,NA,NA,NA,NA,NA,NA,0
1,0.000568182,30.4132,0,"2026-05-30_HWCPW",3.02500163854255,NA,NA,NA,NA,NA,NA,NA,NA,NA,NA,NA,NA,NA,NA,NA,NA,NA,NA,NA,NA,NA,1.98347
2,0.00113636,30.4132,108,"2026-05-30_HWCPW",3.02500163854255,NA,NA,NA,NA,NA,NA,NA,NA,NA,NA,NA,NA,NA,NA,NA,NA,NA,NA,NA,NA,NA,1.98347
3,0.00170455,30.4132,109,"2026-05-30_HWCPW",3.02500163854255,NA,NA,NA,NA,NA,NA,NA,NA,NA,NA,NA,NA,NA,NA,NA,NA,NA,NA,NA,NA,NA,1.98347
4,0.00227273,30.4132,109,"2026-05-30_HWCPW",3.02500163854255,NA,NA,NA,NA,NA,NA,NA,NA,NA,NA,NA,NA,NA,NA,NA,NA,NA,NA,NA,NA,NA,1.98347
5,0.00284091,30.4132,110,"2026-05-30_HWCPW",3.02500163854255,NA,NA,NA,NA,NA,NA,NA,NA,NA,NA,NA,NA,NA,NA,NA,NA,NA,NA,NA,NA,NA,1.98347
6,0.00340909,30.4132,111,"2026-05-30_HWCPW",3.02500163854255,NA,NA,NA,NA,NA,NA,NA,NA,NA,NA,NA,NA,NA,NA,NA,NA,NA,NA,NA,NA,NA,1.98347
7,0.00397727,30.4132,112,"2026-05-30_HWCPW",3.02500163854255,NA,NA,NA,NA,NA,NA,NA,NA,NA,NA,NA,NA,NA,NA,NA,NA,NA,NA,NA,NA,NA,1.98347
8,0.00454545,30.4132,114,"2026-05-30_HWCPW",3.02500163854255,NA,NA,NA,NA,NA,NA,NA,NA,NA,NA,NA,NA,NA,NA,NA,NA,NA,NA,NA,NA,NA,1.98347
9,0.00511364,30.4132,114,"2026-05-30_HWCPW",3.02500163854255,NA,NA,NA,NA,NA,NA,NA,NA,NA,NA,NA,NA,NA,NA,NA,NA,NA,NA,NA,NA,NA,1.98347
10,0.00568182,30.4132,115,"2026-05-30_HWCPW",3.02500163854255,NA,NA,NA,NA,NA,NA,NA,NA,NA,NA,NA,NA,NA,NA,NA,NA,NA,NA,NA,NA,NA,1.98347
11,0.00625,30.4132,115,"2026-05-30_HWCPW",3.02500163854255,NA,NA,NA,NA,NA,NA,NA,NA,NA,NA,NA,NA,NA,NA,NA,NA,NA,NA,NA,NA,NA,1.98347
12,0.00681818,30.4132,116,"2026-05-30_HWCPW",3.02500163854255,NA,NA,NA,NA,NA,NA,NA,NA,NA,NA,NA,NA,NA,NA,NA,NA,NA,NA,NA,NA,NA,1.98347
13,0.00738636,30.4132,116,"2026-05-30_HWCPW",3.02500163854255,NA,NA,NA,NA,NA,NA,NA,NA,NA,NA,NA,NA,NA,NA,NA,NA,NA,NA,NA,NA,NA,1.98347
14,0.00795455,30.4132,117,"2026-05-30_HWCPW",3.02500163854255,NA,NA,NA,NA,NA,NA,NA,NA,NA,NA,NA,NA,NA,NA,NA,NA,NA,NA,NA,NA,NA,1.98347
15,0.00852273,30.4132,117,"2026-05-30_HWCPW",3.02500163854255,NA,NA,NA,NA,NA,NA,NA,NA,NA,NA,NA,NA,NA,NA,NA,NA,NA,NA,NA,NA,NA,1.98347
16,0.00909091,30.4132,116,"2026-05-30_HWCPW",3.02500163854255,NA,NA,NA,NA,NA,NA,NA,NA,NA,NA,NA,NA,NA,NA,NA,NA,NA,NA,NA,NA,NA,1.98347
17,0.00965909,30.4132,114,"2026-05-30_HWCPW",3.02500163854255,NA,NA,NA,NA,NA,NA,NA,NA,NA,NA,NA,NA,NA,NA,NA,NA,NA,NA,NA,NA,NA,1.98347
18,0.0102273,30.4132,113,"2026-05-30_HWCPW",3.02500163854255,NA,NA,NA,NA,NA,NA,NA,NA,NA,NA,NA,NA,NA,NA,NA,NA,NA,NA,NA,NA,NA,1.98347
19,0.0107955,30.4132,113,"2026-05-30_HWCPW",3.02500163854255,NA,NA,NA,NA,NA,NA,NA,NA,NA,NA,NA,NA,NA,NA,NA,NA,NA,NA,NA,NA,NA,1.98347
20,0.0113636,30.4132,113,"2026-05-30_HWCPW",3.02500163854255,NA,NA,NA,NA,NA,NA,NA,NA,NA,NA,NA,NA,NA,NA,NA,NA,NA,NA,NA,NA,NA,1.98347
21,0.0119318,30.4132,112,"2026-05-30_HWCPW",3.02500163854255,NA,NA,NA,NA,NA,NA,NA,NA,NA,NA,NA,NA,NA,NA,NA,NA,NA,NA,NA,NA,NA,1.98347
22,0.0125,30.4132,113,"2026-05-30_HWCPW",3.02500163854255,NA,NA,NA,NA,NA,NA,NA,NA,NA,NA,NA,NA,NA,NA,NA,NA,NA,NA,NA,NA,NA,1.98347
23,0.0130682,30.4132,113,"2026-05-30_HWCPW",3.02500163854255,NA,NA,NA,NA,NA,NA,NA,NA,NA,NA,NA,NA,NA,NA,NA,NA,NA,NA,NA,NA,NA,1.98347
24,0.0136364,30.4132,114,"2026-05-30_HWCPW",3.02500163854255,NA,NA,NA,NA,NA,NA,NA,NA,NA,NA,NA,NA,NA,NA,NA,NA,NA,NA,NA,NA,NA,1.98347
25,0.0142045,30.4132,115,"2026-05-30_HWCPW",3.02500163854255,NA,NA,NA,NA,NA,NA,NA,NA,NA,NA,NA,NA,NA,NA,NA,NA,NA,NA,NA,NA,NA,1.98347
26,0.0147727,30.4132,116,"2026-05-30_HWCPW",3.02500163854255,NA,NA,NA,NA,NA,NA,NA,NA,NA,NA,NA,NA,NA,NA,NA,NA,NA,NA,NA,NA,NA,1.98347
27,0.0153409,30.4132,117,"2026-05-30_HWCPW",3.02500163854255,NA,NA,NA,NA,NA,NA,NA,NA,NA,NA,NA,NA,NA,NA,NA,NA,NA,NA,NA,NA,NA,1.98347
28,0.0159091,30.4132,117,"2026-05-30_HWCPW",3.02500163854255,NA,NA,NA,NA,NA,NA,NA,NA,NA,NA,NA,NA,NA,NA,NA,NA,NA,NA,NA,NA,NA,1.98347
29,0.0164773,30.4132,118,"2026-05-30_HWCPW",3.02500163854255,NA,NA,NA,NA,NA,NA,NA,NA,NA,NA,NA,NA,NA,NA,NA,NA,NA,NA,NA,NA,NA,1.98347
30,0.0170455,30.4132,118,"2026-05-30_HWCPW",3.02500163854255,NA,NA,NA,NA,NA,NA,NA,NA,NA,NA,NA,NA,NA,NA,NA,NA,NA,NA,NA,NA,NA,1.98347
31,0.0176136,30.4132,119,"2026-05-30_HWCPW",3.02500163854255,NA,NA,NA,NA,NA,NA,NA,NA,NA,NA,NA,NA,NA,NA,NA,NA,NA,NA,NA,NA,NA,1.98347
32,0.0181818,30.4132,120,"2026-05-30_HWCPW",3.02500163854255,NA,NA,NA,NA,NA,NA,NA,NA,NA,NA,NA,NA,NA,NA,NA,NA,NA,NA,NA,NA,NA,1.98347
33,0.01875,30.4132,120,"2026-05-30_HWCPW",3.02500163854255,NA,NA,NA,NA,NA,NA,NA,NA,NA,NA,NA,NA,NA,NA,NA,NA,NA,NA,NA,NA,NA,1.98347
34,0.0193182,30.4132,121,"2026-05-30_HWCPW",3.02500163854255,NA,NA,NA,NA,NA,NA,NA,NA,NA,NA,NA,NA,NA,NA,NA,NA,NA,NA,NA,NA,NA,1.98347
35,0.0198864,30.4132,121,"2026-05-30_HWCPW",3.02500163854255,NA,NA,NA,NA,NA,NA,NA,NA,NA,NA,NA,NA,NA,NA,NA,NA,NA,NA,NA,NA,NA,1.98347
36,0.0204545,30.4132,122,"2026-05-30_HWCPW",3.02500163854255,NA,NA,NA,NA,NA,NA,NA,NA,NA,NA,NA,NA,NA,NA,NA,NA,NA,NA,NA,NA,NA,1.98347
37,0.0210227,30.4132,123,"2026-05-30_HWCPW",3.02500163854255,NA,NA,NA,NA,NA,NA,NA,NA,NA,NA,NA,NA,NA,NA,NA,NA,NA,NA,NA,NA,NA,1.98347
38,0.0215909,30.4132,124,"2026-05-30_HWCPW",3.02500163854255,NA,NA,NA,NA,NA,NA,NA,NA,NA,NA,NA,NA,NA,NA,NA,NA,NA,NA,NA,NA,NA,1.98347
39,0.0221591,30.4132,124,"2026-05-30_HWCPW",3.02500163854255,NA,NA,NA,NA,NA,NA,NA,NA,NA,NA,NA,NA,NA,NA,NA,NA,NA,NA,NA,NA,NA,1.98347
40,0.0227273,30.4132,125,"2026-05-30_HWCPW",3.02500163854255,NA,NA,NA,NA,NA,NA,NA,NA,NA,NA,NA,NA,NA,NA,NA,NA,NA,NA,NA,NA,NA,1.98347
41,0.0232955,30.4132,126,"2026-05-30_HWCPW",3.02500163854255,NA,NA,NA,NA,NA,NA,NA,NA,NA,NA,NA,NA,NA,NA,NA,NA,NA,NA,NA,NA,NA,1.98347
42,0.0238636,30.4132,126,"2026-05-30_HWCPW",3.02500163854255,NA,NA,NA,NA,NA,NA,NA,NA,NA,NA,NA,NA,NA,NA,NA,NA,NA,NA,NA,NA,NA,1.98347
43,0.0244318,30.4132,127,"2026-05-30_HWCPW",3.02500163854255,NA,NA,NA,NA,NA,NA,NA,NA,NA,NA,NA,NA,NA,NA,NA,NA,NA,NA,NA,NA,NA,1.98347
44,0.025,30.4132,127,"2026-05-30_HWCPW",3.02500163854255,NA,NA,NA,NA,NA,NA,NA,NA,NA,NA,NA,NA,NA,NA,NA,NA,NA,NA,NA,NA,NA,1.98347
45,0.025,33.414,126,"2026-05-30_HWCPW",3.11246906983862,NA,NA,NA,NA,NA,NA,NA,NA,NA,NA,NA,NA,NA,NA,NA,NA,NA,NA,NA,NA,NA,1.92773
46,0.0255435,33.414,126,"2026-05-30_HWCPW",3.11246906983862,NA,NA,NA,NA,NA,NA,NA,NA,NA,NA,NA,NA,NA,NA,NA,NA,NA,NA,NA,NA,NA,1.92773
47,0.026087,33.414,126,"2026-05-30_HWCPW",3.11246906983862,NA,NA,NA,NA,NA,NA,NA,NA,NA,NA,NA,NA,NA,NA,NA,NA,NA,NA,NA,NA,NA,1.92773
48,0.0266304,33.414,126,"2026-05-30_HWCPW",3.11246906983862,NA,NA,NA,NA,NA,NA,NA,NA,NA,NA,NA,NA,NA,NA,NA,NA,NA,NA,NA,NA,NA,1.92773
49,0.0271739,33.414,126,"2026-05-30_HWCPW",3.11246906983862,NA,NA,NA,NA,NA,NA,NA,NA,NA,NA,NA,NA,NA,NA,NA,NA,NA,NA,NA,NA,NA,1.92773
50,0.0277174,33.414,125,"2026-05-30_HWCPW",3.11246906983862,NA,NA,NA,NA,NA,NA,NA,NA,NA,NA,NA,NA,NA,NA,NA,NA,NA,NA,NA,NA,NA,1.92773
51,0.0282609,33.414,125,"2026-05-30_HWCPW",3.11246906983862,NA,NA,NA,NA,NA,NA,NA,NA,NA,NA,NA,NA,NA,NA,NA,NA,NA,NA,NA,NA,NA,1.92773
52,0.0288043,33.414,124,"2026-05-30_HWCPW",3.11246906983862,NA,NA,NA,NA,NA,NA,NA,NA,NA,NA,NA,NA,NA,NA,NA,NA,NA,NA,NA,NA,NA,1.92773
53,0.0293478,33.414,124,"2026-05-30_HWCPW",3.11246906983862,NA,NA,NA,NA,NA,NA,NA,NA,NA,NA,NA,NA,NA,NA,NA,NA,NA,NA,NA,NA,NA,1.92773
54,0.0298913,33.414,124,"2026-05-30_HWCPW",3.11246906983862,NA,NA,NA,NA,NA,NA,NA,NA,NA,NA,NA,NA,NA,NA,NA,NA,NA,NA,NA,NA,NA,1.92773
55,0.0304348,33.414,123,"2026-05-30_HWCPW",3.11246906983862,NA,NA,NA,NA,NA,NA,NA,NA,NA,NA,NA,NA,NA,NA,NA,NA,NA,NA,NA,NA,NA,1.92773
56,0.0309783,33.414,123,"2026-05-30_HWCPW",3.11246906983862,NA,NA,NA,NA,NA,NA,NA,NA,NA,NA,NA,NA,NA,NA,NA,NA,NA,NA,NA,NA,NA,1.92773
57,0.0315217,33.414,123,"2026-05-30_HWCPW",3.11246906983862,NA,NA,NA,NA,NA,NA,NA,NA,NA,NA,NA,NA,NA,NA,NA,NA,NA,NA,NA,NA,NA,1.92773
58,0.0320652,33.414,122,"2026-05-30_HWCPW",3.11246906983862,NA,NA,NA,NA,NA,NA,NA,NA,NA,NA,NA,NA,NA,NA,NA,NA,NA,NA,NA,NA,NA,1.92773
59,0.0326087,33.414,122,"2026-05-30_HWCPW",3.11246906983862,NA,NA,NA,NA,NA,NA,NA,NA,NA,NA,NA,NA,NA,NA,NA,NA,NA,NA,NA,NA,NA,1.92773
60,0.0331522,33.414,122,"2026-05-30_HWCPW",3.11246906983862,NA,NA,NA,NA,NA,NA,NA,NA,NA,NA,NA,NA,NA,NA,NA,NA,NA,NA,NA,NA,NA,1.92773
61,0.0336957,33.414,123,"2026-05-30_HWCPW",3.11246906983862,NA,NA,NA,NA,NA,NA,NA,NA,NA,NA,NA,NA,NA,NA,NA,NA,NA,NA,NA,NA,NA,1.92773
62,0.0342391,33.414,123,"2026-05-30_HWCPW",3.11246906983862,NA,NA,NA,NA,NA,NA,NA,NA,NA,NA,NA,NA,NA,NA,NA,NA,NA,NA,NA,NA,NA,1.92773
63,0.0347826,33.414,123,"2026-05-30_HWCPW",3.11246906983862,NA,NA,NA,NA,NA,NA,NA,NA,NA,NA,NA,NA,NA,NA,NA,NA,NA,NA,NA,NA,NA,1.92773
64,0.0353261,33.414,122,"2026-05-30_HWCPW",3.11246906983862,NA,NA,NA,NA,NA,NA,NA,NA,NA,NA,NA,NA,NA,NA,NA,NA,NA,NA,NA,NA,NA,1.92773
65,0.0358696,33.414,123,"2026-05-30_HWCPW",3.11246906983862,NA,NA,NA,NA,NA,NA,NA,NA,NA,NA,NA,NA,NA,NA,NA,NA,NA,NA,NA,NA,NA,1.92773
66,0.036413,33.414,123,"2026-05-30_HWCPW",3.11246906983862,NA,NA,NA,NA,NA,NA,NA,NA,NA,NA,NA,NA,NA,NA,NA,NA,NA,NA,NA,NA,NA,1.92773
67,0.0369565,33.414,123,"2026-05-30_HWCPW",3.11246906983862,NA,NA,NA,NA,NA,NA,NA,NA,NA,NA,NA,NA,NA,NA,NA,NA,NA,NA,NA,NA,NA,1.92773
68,0.0375,33.414,122,"2026-05-30_HWCPW",3.11246906983862,NA,NA,NA,NA,NA,NA,NA,NA,NA,NA,NA,NA,NA,NA,NA,NA,NA,NA,NA,NA,NA,1.92773
69,0.0380435,33.414,123,"2026-05-30_HWCPW",3.11246906983862,NA,NA,NA,NA,NA,NA,NA,NA,NA,NA,NA,NA,NA,NA,NA,NA,NA,NA,NA,NA,NA,1.92773
70,0.038587,33.414,123,"2026-05-30_HWCPW",3.11246906983862,NA,NA,NA,NA,NA,NA,NA,NA,NA,NA,NA,NA,NA,NA,NA,NA,NA,NA,NA,NA,NA,1.92773
71,0.0391304,33.414,122,"2026-05-30_HWCPW",3.11246906983862,NA,NA,NA,NA,NA,NA,NA,NA,NA,NA,NA,NA,NA,NA,NA,NA,NA,NA,NA,NA,NA,1.92773
72,0.0396739,33.414,123,"2026-05-30_HWCPW",3.11246906983862,NA,NA,NA,NA,NA,NA,NA,NA,NA,NA,NA,NA,NA,NA,NA,NA,NA,NA,NA,NA,NA,1.92773
73,0.0402174,33.414,123,"2026-05-30_HWCPW",3.11246906983862,NA,NA,NA,NA,NA,NA,NA,NA,NA,NA,NA,NA,NA,NA,NA,NA,NA,NA,NA,NA,NA,1.92773
74,0.0407609,33.414,123,"2026-05-30_HWCPW",3.11246906983862,NA,NA,NA,NA,NA,NA,NA,NA,NA,NA,NA,NA,NA,NA,NA,NA,NA,NA,NA,NA,NA,1.92773
75,0.0413043,33.414,123,"2026-05-30_HWCPW",3.11246906983862,NA,NA,NA,NA,NA,NA,NA,NA,NA,NA,NA,NA,NA,NA,NA,NA,NA,NA,NA,NA,NA,1.92773
76,0.0418478,33.414,123,"2026-05-30_HWCPW",3.11246906983862,NA,NA,NA,NA,NA,NA,NA,NA,NA,NA,NA,NA,NA,NA,NA,NA,NA,NA,NA,NA,NA,1.92773
77,0.0423913,33.414,123,"2026-05-30_HWCPW",3.11246906983862,NA,NA,NA,NA,NA,NA,NA,NA,NA,NA,NA,NA,NA,NA,NA,NA,NA,NA,NA,NA,NA,1.92773
78,0.0429348,33.414,123,"2026-05-30_HWCPW",3.11246906983862,NA,NA,NA,NA,NA,NA,NA,NA,NA,NA,NA,NA,NA,NA,NA,NA,NA,NA,NA,NA,NA,1.92773
79,0.0434783,33.414,124,"2026-05-30_HWCPW",3.11246906983862,NA,NA,NA,NA,NA,NA,NA,NA,NA,NA,NA,NA,NA,NA,NA,NA,NA,NA,NA,NA,NA,1.92773
80,0.0440217,33.414,124,"2026-05-30_HWCPW",3.11246906983862,NA,NA,NA,NA,NA,NA,NA,NA,NA,NA,NA,NA,NA,NA,NA,NA,NA,NA,NA,NA,NA,1.92773
81,0.0445652,33.414,124,"2026-05-30_HWCPW",3.11246906983862,NA,NA,NA,NA,NA,NA,NA,NA,NA,NA,NA,NA,NA,NA,NA,NA,NA,NA,NA,NA,NA,1.92773
82,0.0451087,33.414,124,"2026-05-30_HWCPW",3.11246906983862,NA,NA,NA,NA,NA,NA,NA,NA,NA,NA,NA,NA,NA,NA,NA,NA,NA,NA,NA,NA,NA,1.92773
83,0.0456522,33.414,124,"2026-05-30_HWCPW",3.11246906983862,NA,NA,NA,NA,NA,NA,NA,NA,NA,NA,NA,NA,NA,NA,NA,NA,NA,NA,NA,NA,NA,1.92773
84,0.0461957,33.414,124,"2026-05-30_HWCPW",3.11246906983862,NA,NA,NA,NA,NA,NA,NA,NA,NA,NA,NA,NA,NA,NA,NA,NA,NA,NA,NA,NA,NA,1.92773
85,0.0467391,33.414,124,"2026-05-30_HWCPW",3.11246906983862,NA,NA,NA,NA,NA,NA,NA,NA,NA,NA,NA,NA,NA,NA,NA,NA,NA,NA,NA,NA,NA,1.92773
86,0.0472826,33.414,124,"2026-05-30_HWCPW",3.11246906983862,NA,NA,NA,NA,NA,NA,NA,NA,NA,NA,NA,NA,NA,NA,NA,NA,NA,NA,NA,NA,NA,1.92773
87,0.0478261,33.414,123,"2026-05-30_HWCPW",3.11246906983862,NA,NA,NA,NA,NA,NA,NA,NA,NA,NA,NA,NA,NA,NA,NA,NA,NA,NA,NA,NA,NA,1.92773
88,0.0483696,33.414,123,"2026-05-30_HWCPW",3.11246906983862,NA,NA,NA,NA,NA,NA,NA,NA,NA,NA,NA,NA,NA,NA,NA,NA,NA,NA,NA,NA,NA,1.92773
89,0.048913,33.414,123,"2026-05-30_HWCPW",3.11246906983862,NA,NA,NA,NA,NA,NA,NA,NA,NA,NA,NA,NA,NA,NA,NA,NA,NA,NA,NA,NA,NA,1.92773
90,0.0494565,33.414,122,"2026-05-30_HWCPW",3.11246906983862,NA,NA,NA,NA,NA,NA,NA,NA,NA,NA,NA,NA,NA,NA,NA,NA,NA,NA,NA,NA,NA,1.92773
91,0.05,33.414,122,"2026-05-30_HWCPW",3.11246906983862,NA,NA,NA,NA,NA,NA,NA,NA,NA,NA,NA,NA,NA,NA,NA,NA,NA,NA,NA,NA,NA,1.92773
92,0.05,31.2669,122,"2026-05-30_HWCPW",3.45413200541147,NA,NA,NA,NA,NA,NA,NA,NA,NA,NA,NA,NA,NA,NA,NA,NA,NA,NA,NA,NA,NA,1.73705
93,0.0505,31.2669,122,"2026-05-30_HWCPW",3.45413200541147,NA,NA,NA,NA,NA,NA,NA,NA,NA,NA,NA,NA,NA,NA,NA,NA,NA,NA,NA,NA,NA,1.73705
94,0.051,31.2669,123,"2026-05-30_HWCPW",3.45413200541147,NA,NA,NA,NA,NA,NA,NA,NA,NA,NA,NA,NA,NA,NA,NA,NA,NA,NA,NA,NA,NA,1.73705
95,0.0515,31.2669,123,"2026-05-30_HWCPW",3.45413200541147,NA,NA,NA,NA,NA,NA,NA,NA,NA,NA,NA,NA,NA,NA,NA,NA,NA,NA,NA,NA,NA,1.73705
96,0.052,31.2669,123,"2026-05-30_HWCPW",3.45413200541147,NA,NA,NA,NA,NA,NA,NA,NA,NA,NA,NA,NA,NA,NA,NA,NA,NA,NA,NA,NA,NA,1.73705
97,0.0525,31.2669,123,"2026-05-30_HWCPW",3.45413200541147,NA,NA,NA,NA,NA,NA,NA,NA,NA,NA,NA,NA,NA,NA,NA,NA,NA,NA,NA,NA,NA,1.73705
98,0.053,31.2669,124,"2026-05-30_HWCPW",3.45413200541147,NA,NA,NA,NA,NA,NA,NA,NA,NA,NA,NA,NA,NA,NA,NA,NA,NA,NA,NA,NA,NA,1.73705
99,0.0535,31.2669,124,"2026-05-30_HWCPW",3.45413200541147,NA,NA,NA,NA,NA,NA,NA,NA,NA,NA,NA,NA,NA,NA,NA,NA,NA,NA,NA,NA,NA,1.73705
100,0.054,31.2669,124,"2026-05-30_HWCPW",3.45413200541147,NA,NA,NA,NA,NA,NA,NA,NA,NA,NA,NA,NA,NA,NA,NA,NA,NA,NA,NA,NA,NA,1.73705
101,0.0545,31.2669,124,"2026-05-30_HWCPW",3.45413200541147,NA,NA,NA,NA,NA,NA,NA,NA,NA,NA,NA,NA,NA,NA,NA,NA,NA,NA,NA,NA,NA,1.73705
102,0.055,31.2669,124,"2026-05-30_HWCPW",3.45413200541147,NA,NA,NA,NA,NA,NA,NA,NA,NA,NA,NA,NA,NA,NA,NA,NA,NA,NA,NA,NA,NA,1.73705
103,0.0555,31.2669,123,"2026-05-30_HWCPW",3.45413200541147,NA,NA,NA,NA,NA,NA,NA,NA,NA,NA,NA,NA,NA,NA,NA,NA,NA,NA,NA,NA,NA,1.73705
104,0.056,31.2669,123,"2026-05-30_HWCPW",3.45413200541147,NA,NA,NA,NA,NA,NA,NA,NA,NA,NA,NA,NA,NA,NA,NA,NA,NA,NA,NA,NA,NA,1.73705
105,0.0565,31.2669,124,"2026-05-30_HWCPW",3.45413200541147,NA,NA,NA,NA,NA,NA,NA,NA,NA,NA,NA,NA,NA,NA,NA,NA,NA,NA,NA,NA,NA,1.73705
106,0.057,31.2669,124,"2026-05-30_HWCPW",3.45413200541147,NA,NA,NA,NA,NA,NA,NA,NA,NA,NA,NA,NA,NA,NA,NA,NA,NA,NA,NA,NA,NA,1.73705
107,0.0575,31.2669,124,"2026-05-30_HWCPW",3.45413200541147,NA,NA,NA,NA,NA,NA,NA,NA,NA,NA,NA,NA,NA,NA,NA,NA,NA,NA,NA,NA,NA,1.73705
108,0.058,31.2669,125,"2026-05-30_HWCPW",3.45413200541147,NA,NA,NA,NA,NA,NA,NA,NA,NA,NA,NA,NA,NA,NA,NA,NA,NA,NA,NA,NA,NA,1.73705
109,0.0585,31.2669,125,"2026-05-30_HWCPW",3.45413200541147,NA,NA,NA,NA,NA,NA,NA,NA,NA,NA,NA,NA,NA,NA,NA,NA,NA,NA,NA,NA,NA,1.73705
110,0.059,31.2669,125,"2026-05-30_HWCPW",3.45413200541147,NA,NA,NA,NA,NA,NA,NA,NA,NA,NA,NA,NA,NA,NA,NA,NA,NA,NA,NA,NA,NA,1.73705
111,0.0595,31.2669,125,"2026-05-30_HWCPW",3.45413200541147,NA,NA,NA,NA,NA,NA,NA,NA,NA,NA,NA,NA,NA,NA,NA,NA,NA,NA,NA,NA,NA,1.73705
112,0.06,31.2669,125,"2026-05-30_HWCPW",3.45413200541147,NA,NA,NA,NA,NA,NA,NA,NA,NA,NA,NA,NA,NA,NA,NA,NA,NA,NA,NA,NA,NA,1.73705
113,0.0605,31.2669,125,"2026-05-30_HWCPW",3.45413200541147,NA,NA,NA,NA,NA,NA,NA,NA,NA,NA,NA,NA,NA,NA,NA,NA,NA,NA,NA,NA,NA,1.73705
114,0.061,31.2669,125,"2026-05-30_HWCPW",3.45413200541147,NA,NA,NA,NA,NA,NA,NA,NA,NA,NA,NA,NA,NA,NA,NA,NA,NA,NA,NA,NA,NA,1.73705
115,0.0615,31.2669,125,"2026-05-30_HWCPW",3.45413200541147,NA,NA,NA,NA,NA,NA,NA,NA,NA,NA,NA,NA,NA,NA,NA,NA,NA,NA,NA,NA,NA,1.73705
116,0.062,31.2669,125,"2026-05-30_HWCPW",3.45413200541147,NA,NA,NA,NA,NA,NA,NA,NA,NA,NA,NA,NA,NA,NA,NA,NA,NA,NA,NA,NA,NA,1.73705
117,0.0625,31.2669,125,"2026-05-30_HWCPW",3.45413200541147,NA,NA,NA,NA,NA,NA,NA,NA,NA,NA,NA,NA,NA,NA,NA,NA,NA,NA,NA,NA,NA,1.73705
118,0.063,31.2669,126,"2026-05-30_HWCPW",3.45413200541147,NA,NA,NA,NA,NA,NA,NA,NA,NA,NA,NA,NA,NA,NA,NA,NA,NA,NA,NA,NA,NA,1.73705
119,0.0635,31.2669,126,"2026-05-30_HWCPW",3.45413200541147,NA,NA,NA,NA,NA,NA,NA,NA,NA,NA,NA,NA,NA,NA,NA,NA,NA,NA,NA,NA,NA,1.73705
120,0.064,31.2669,126,"2026-05-30_HWCPW",3.45413200541147,NA,NA,NA,NA,NA,NA,NA,NA,NA,NA,NA,NA,NA,NA,NA,NA,NA,NA,NA,NA,NA,1.73705
121,0.0645,31.2669,126,"2026-05-30_HWCPW",3.45413200541147,NA,NA,NA,NA,NA,NA,NA,NA,NA,NA,NA,NA,NA,NA,NA,NA,NA,NA,NA,NA,NA,1.73705
122,0.065,31.2669,126,"2026-05-30_HWCPW",3.45413200541147,NA,NA,NA,NA,NA,NA,NA,NA,NA,NA,NA,NA,NA,NA,NA,NA,NA,NA,NA,NA,NA,1.73705
123,0.0655,31.2669,126,"2026-05-30_HWCPW",3.45413200541147,NA,NA,NA,NA,NA,NA,NA,NA,NA,NA,NA,NA,NA,NA,NA,NA,NA,NA,NA,NA,NA,1.73705
124,0.066,31.2669,126,"2026-05-30_HWCPW",3.45413200541147,NA,NA,NA,NA,NA,NA,NA,NA,NA,NA,NA,NA,NA,NA,NA,NA,NA,NA,NA,NA,NA,1.73705
125,0.0665,31.2669,126,"2026-05-30_HWCPW",3.45413200541147,NA,NA,NA,NA,NA,NA,NA,NA,NA,NA,NA,NA,NA,NA,NA,NA,NA,NA,NA,NA,NA,1.73705
126,0.067,31.2669,126,"2026-05-30_HWCPW",3.45413200541147,NA,NA,NA,NA,NA,NA,NA,NA,NA,NA,NA,NA,NA,NA,NA,NA,NA,NA,NA,NA,NA,1.73705
127,0.0675,31.2669,126,"2026-05-30_HWCPW",3.45413200541147,NA,NA,NA,NA,NA,NA,NA,NA,NA,NA,NA,NA,NA,NA,NA,NA,NA,NA,NA,NA,NA,1.73705
128,0.068,31.2669,126,"2026-05-30_HWCPW",3.45413200541147,NA,NA,NA,NA,NA,NA,NA,NA,NA,NA,NA,NA,NA,NA,NA,NA,NA,NA,NA,NA,NA,1.73705
129,0.0685,31.2669,127,"2026-05-30_HWCPW",3.45413200541147,NA,NA,NA,NA,NA,NA,NA,NA,NA,NA,NA,NA,NA,NA,NA,NA,NA,NA,NA,NA,NA,1.73705
130,0.069,31.2669,126,"2026-05-30_HWCPW",3.45413200541147,NA,NA,NA,NA,NA,NA,NA,NA,NA,NA,NA,NA,NA,NA,NA,NA,NA,NA,NA,NA,NA,1.73705
131,0.0695,31.2669,126,"2026-05-30_HWCPW",3.45413200541147,NA,NA,NA,NA,NA,NA,NA,NA,NA,NA,NA,NA,NA,NA,NA,NA,NA,NA,NA,NA,NA,1.73705
132,0.07,31.2669,126,"2026-05-30_HWCPW",3.45413200541147,NA,NA,NA,NA,NA,NA,NA,NA,NA,NA,NA,NA,NA,NA,NA,NA,NA,NA,NA,NA,NA,1.73705
133,0.0705,31.2669,127,"2026-05-30_HWCPW",3.45413200541147,NA,NA,NA,NA,NA,NA,NA,NA,NA,NA,NA,NA,NA,NA,NA,NA,NA,NA,NA,NA,NA,1.73705
134,0.071,31.2669,126,"2026-05-30_HWCPW",3.45413200541147,NA,NA,NA,NA,NA,NA,NA,NA,NA,NA,NA,NA,NA,NA,NA,NA,NA,NA,NA,NA,NA,1.73705
135,0.0715,31.2669,126,"2026-05-30_HWCPW",3.45413200541147,NA,NA,NA,NA,NA,NA,NA,NA,NA,NA,NA,NA,NA,NA,NA,NA,NA,NA,NA,NA,NA,1.73705
136,0.072,31.2669,126,"2026-05-30_HWCPW",3.45413200541147,NA,NA,NA,NA,NA,NA,NA,NA,NA,NA,NA,NA,NA,NA,NA,NA,NA,NA,NA,NA,NA,1.73705
137,0.0725,31.2669,126,"2026-05-30_HWCPW",3.45413200541147,NA,NA,NA,NA,NA,NA,NA,NA,NA,NA,NA,NA,NA,NA,NA,NA,NA,NA,NA,NA,NA,1.73705
138,0.073,31.2669,126,"2026-05-30_HWCPW",3.45413200541147,NA,NA,NA,NA,NA,NA,NA,NA,NA,NA,NA,NA,NA,NA,NA,NA,NA,NA,NA,NA,NA,1.73705
139,0.0735,31.2669,126,"2026-05-30_HWCPW",3.45413200541147,NA,NA,NA,NA,NA,NA,NA,NA,NA,NA,NA,NA,NA,NA,NA,NA,NA,NA,NA,NA,NA,1.73705
140,0.074,31.2669,127,"2026-05-30_HWCPW",3.45413200541147,NA,NA,NA,NA,NA,NA,NA,NA,NA,NA,NA,NA,NA,NA,NA,NA,NA,NA,NA,NA,NA,1.73705
141,0.0745,31.2669,126,"2026-05-30_HWCPW",3.45413200541147,NA,NA,NA,NA,NA,NA,NA,NA,NA,NA,NA,NA,NA,NA,NA,NA,NA,NA,NA,NA,NA,1.73705
142,0.075,31.2669,127,"2026-05-30_HWCPW",3.45413200541147,NA,NA,NA,NA,NA,NA,NA,NA,NA,NA,NA,NA,NA,NA,NA,NA,NA,NA,NA,NA,NA,1.73705
143,0.075,31.8428,127,"2026-05-30_HWCPW",3.39167005833673,NA,NA,NA,NA,NA,NA,NA,NA,NA,NA,NA,NA,NA,NA,NA,NA,NA,NA,NA,NA,NA,1.76904
144,0.0755,31.8428,127,"2026-05-30_HWCPW",3.39167005833673,NA,NA,NA,NA,NA,NA,NA,NA,NA,NA,NA,NA,NA,NA,NA,NA,NA,NA,NA,NA,NA,1.76904
145,0.076,31.8428,127,"2026-05-30_HWCPW",3.39167005833673,NA,NA,NA,NA,NA,NA,NA,NA,NA,NA,NA,NA,NA,NA,NA,NA,NA,NA,NA,NA,NA,1.76904
146,0.0765,31.8428,127,"2026-05-30_HWCPW",3.39167005833673,NA,NA,NA,NA,NA,NA,NA,NA,NA,NA,NA,NA,NA,NA,NA,NA,NA,NA,NA,NA,NA,1.76904
147,0.077,31.8428,127,"2026-05-30_HWCPW",3.39167005833673,NA,NA,NA,NA,NA,NA,NA,NA,NA,NA,NA,NA,NA,NA,NA,NA,NA,NA,NA,NA,NA,1.76904
148,0.0775,31.8428,128,"2026-05-30_HWCPW",3.39167005833673,NA,NA,NA,NA,NA,NA,NA,NA,NA,NA,NA,NA,NA,NA,NA,NA,NA,NA,NA,NA,NA,1.76904
149,0.078,31.8428,129,"2026-05-30_HWCPW",3.39167005833673,NA,NA,NA,NA,NA,NA,NA,NA,NA,NA,NA,NA,NA,NA,NA,NA,NA,NA,NA,NA,NA,1.76904
150,0.0785,31.8428,129,"2026-05-30_HWCPW",3.39167005833673,NA,NA,NA,NA,NA,NA,NA,NA,NA,NA,NA,NA,NA,NA,NA,NA,NA,NA,NA,NA,NA,1.76904
151,0.079,31.8428,129,"2026-05-30_HWCPW",3.39167005833673,NA,NA,NA,NA,NA,NA,NA,NA,NA,NA,NA,NA,NA,NA,NA,NA,NA,NA,NA,NA,NA,1.76904
152,0.0795,31.8428,129,"2026-05-30_HWCPW",3.39167005833673,NA,NA,NA,NA,NA,NA,NA,NA,NA,NA,NA,NA,NA,NA,NA,NA,NA,NA,NA,NA,NA,1.76904
153,0.08,31.8428,128,"2026-05-30_HWCPW",3.39167005833673,NA,NA,NA,NA,NA,NA,NA,NA,NA,NA,NA,NA,NA,NA,NA,NA,NA,NA,NA,NA,NA,1.76904
154,0.0805,31.8428,127,"2026-05-30_HWCPW",3.39167005833673,NA,NA,NA,NA,NA,NA,NA,NA,NA,NA,NA,NA,NA,NA,NA,NA,NA,NA,NA,NA,NA,1.76904
155,0.081,31.8428,127,"2026-05-30_HWCPW",3.39167005833673,NA,NA,NA,NA,NA,NA,NA,NA,NA,NA,NA,NA,NA,NA,NA,NA,NA,NA,NA,NA,NA,1.76904
156,0.0815,31.8428,127,"2026-05-30_HWCPW",3.39167005833673,NA,NA,NA,NA,NA,NA,NA,NA,NA,NA,NA,NA,NA,NA,NA,NA,NA,NA,NA,NA,NA,1.76904
157,0.082,31.8428,127,"2026-05-30_HWCPW",3.39167005833673,NA,NA,NA,NA,NA,NA,NA,NA,NA,NA,NA,NA,NA,NA,NA,NA,NA,NA,NA,NA,NA,1.76904
158,0.0825,31.8428,127,"2026-05-30_HWCPW",3.39167005833673,NA,NA,NA,NA,NA,NA,NA,NA,NA,NA,NA,NA,NA,NA,NA,NA,NA,NA,NA,NA,NA,1.76904
159,0.083,31.8428,127,"2026-05-30_HWCPW",3.39167005833673,NA,NA,NA,NA,NA,NA,NA,NA,NA,NA,NA,NA,NA,NA,NA,NA,NA,NA,NA,NA,NA,1.76904
160,0.0835,31.8428,126,"2026-05-30_HWCPW",3.39167005833673,NA,NA,NA,NA,NA,NA,NA,NA,NA,NA,NA,NA,NA,NA,NA,NA,NA,NA,NA,NA,NA,1.76904
161,0.084,31.8428,126,"2026-05-30_HWCPW",3.39167005833673,NA,NA,NA,NA,NA,NA,NA,NA,NA,NA,NA,NA,NA,NA,NA,NA,NA,NA,NA,NA,NA,1.76904
162,0.0845,31.8428,126,"2026-05-30_HWCPW",3.39167005833673,NA,NA,NA,NA,NA,NA,NA,NA,NA,NA,NA,NA,NA,NA,NA,NA,NA,NA,NA,NA,NA,1.76904
163,0.085,31.8428,127,"2026-05-30_HWCPW",3.39167005833673,NA,NA,NA,NA,NA,NA,NA,NA,NA,NA,NA,NA,NA,NA,NA,NA,NA,NA,NA,NA,NA,1.76904
164,0.0855,31.8428,127,"2026-05-30_HWCPW",3.39167005833673,NA,NA,NA,NA,NA,NA,NA,NA,NA,NA,NA,NA,NA,NA,NA,NA,NA,NA,NA,NA,NA,1.76904
165,0.086,31.8428,127,"2026-05-30_HWCPW",3.39167005833673,NA,NA,NA,NA,NA,NA,NA,NA,NA,NA,NA,NA,NA,NA,NA,NA,NA,NA,NA,NA,NA,1.76904
166,0.0865,31.8428,127,"2026-05-30_HWCPW",3.39167005833673,NA,NA,NA,NA,NA,NA,NA,NA,NA,NA,NA,NA,NA,NA,NA,NA,NA,NA,NA,NA,NA,1.76904
167,0.087,31.8428,128,"2026-05-30_HWCPW",3.39167005833673,NA,NA,NA,NA,NA,NA,NA,NA,NA,NA,NA,NA,NA,NA,NA,NA,NA,NA,NA,NA,NA,1.76904
168,0.0875,31.8428,128,"2026-05-30_HWCPW",3.39167005833673,NA,NA,NA,NA,NA,NA,NA,NA,NA,NA,NA,NA,NA,NA,NA,NA,NA,NA,NA,NA,NA,1.76904
169,0.088,31.8428,128,"2026-05-30_HWCPW",3.39167005833673,NA,NA,NA,NA,NA,NA,NA,NA,NA,NA,NA,NA,NA,NA,NA,NA,NA,NA,NA,NA,NA,1.76904
170,0.0885,31.8428,128,"2026-05-30_HWCPW",3.39167005833673,NA,NA,NA,NA,NA,NA,NA,NA,NA,NA,NA,NA,NA,NA,NA,NA,NA,NA,NA,NA,NA,1.76904
171,0.089,31.8428,128,"2026-05-30_HWCPW",3.39167005833673,NA,NA,NA,NA,NA,NA,NA,NA,NA,NA,NA,NA,NA,NA,NA,NA,NA,NA,NA,NA,NA,1.76904
172,0.0895,31.8428,128,"2026-05-30_HWCPW",3.39167005833673,NA,NA,NA,NA,NA,NA,NA,NA,NA,NA,NA,NA,NA,NA,NA,NA,NA,NA,NA,NA,NA,1.76904
173,0.09,31.8428,128,"2026-05-30_HWCPW",3.39167005833673,NA,NA,NA,NA,NA,NA,NA,NA,NA,NA,NA,NA,NA,NA,NA,NA,NA,NA,NA,NA,NA,1.76904
174,0.0905,31.8428,128,"2026-05-30_HWCPW",3.39167005833673,NA,NA,NA,NA,NA,NA,NA,NA,NA,NA,NA,NA,NA,NA,NA,NA,NA,NA,NA,NA,NA,1.76904
175,0.091,31.8428,129,"2026-05-30_HWCPW",3.39167005833673,NA,NA,NA,NA,NA,NA,NA,NA,NA,NA,NA,NA,NA,NA,NA,NA,NA,NA,NA,NA,NA,1.76904
176,0.0915,31.8428,129,"2026-05-30_HWCPW",3.39167005833673,NA,NA,NA,NA,NA,NA,NA,NA,NA,NA,NA,NA,NA,NA,NA,NA,NA,NA,NA,NA,NA,1.76904
177,0.092,31.8428,129,"2026-05-30_HWCPW",3.39167005833673,NA,NA,NA,NA,NA,NA,NA,NA,NA,NA,NA,NA,NA,NA,NA,NA,NA,NA,NA,NA,NA,1.76904
178,0.0925,31.8428,130,"2026-05-30_HWCPW",3.39167005833673,NA,NA,NA,NA,NA,NA,NA,NA,NA,NA,NA,NA,NA,NA,NA,NA,NA,NA,NA,NA,NA,1.76904
179,0.093,31.8428,130,"2026-05-30_HWCPW",3.39167005833673,NA,NA,NA,NA,NA,NA,NA,NA,NA,NA,NA,NA,NA,NA,NA,NA,NA,NA,NA,NA,NA,1.76904
180,0.0935,31.8428,130,"2026-05-30_HWCPW",3.39167005833673,NA,NA,NA,NA,NA,NA,NA,NA,NA,NA,NA,NA,NA,NA,NA,NA,NA,NA,NA,NA,NA,1.76904
181,0.094,31.8428,130,"2026-05-30_HWCPW",3.39167005833673,NA,NA,NA,NA,NA,NA,NA,NA,NA,NA,NA,NA,NA,NA,NA,NA,NA,NA,NA,NA,NA,1.76904
182,0.0945,31.8428,130,"2026-05-30_HWCPW",3.39167005833673,NA,NA,NA,NA,NA,NA,NA,NA,NA,NA,NA,NA,NA,NA,NA,NA,NA,NA,NA,NA,NA,1.76904
183,0.095,31.8428,130,"2026-05-30_HWCPW",3.39167005833673,NA,NA,NA,NA,NA,NA,NA,NA,NA,NA,NA,NA,NA,NA,NA,NA,NA,NA,NA,NA,NA,1.76904
184,0.0955,31.8428,131,"2026-05-30_HWCPW",3.39167005833673,NA,NA,NA,NA,NA,NA,NA,NA,NA,NA,NA,NA,NA,NA,NA,NA,NA,NA,NA,NA,NA,1.76904
185,0.096,31.8428,131,"2026-05-30_HWCPW",3.39167005833673,NA,NA,NA,NA,NA,NA,NA,NA,NA,NA,NA,NA,NA,NA,NA,NA,NA,NA,NA,NA,NA,1.76904
186,0.0965,31.8428,131,"2026-05-30_HWCPW",3.39167005833673,NA,NA,NA,NA,NA,NA,NA,NA,NA,NA,NA,NA,NA,NA,NA,NA,NA,NA,NA,NA,NA,1.76904
187,0.097,31.8428,131,"2026-05-30_HWCPW",3.39167005833673,NA,NA,NA,NA,NA,NA,NA,NA,NA,NA,NA,NA,NA,NA,NA,NA,NA,NA,NA,NA,NA,1.76904
188,0.0975,31.8428,132,"2026-05-30_HWCPW",3.39167005833673,NA,NA,NA,NA,NA,NA,NA,NA,NA,NA,NA,NA,NA,NA,NA,NA,NA,NA,NA,NA,NA,1.76904
189,0.098,31.8428,132,"2026-05-30_HWCPW",3.39167005833673,NA,NA,NA,NA,NA,NA,NA,NA,NA,NA,NA,NA,NA,NA,NA,NA,NA,NA,NA,NA,NA,1.76904
190,0.0985,31.8428,132,"2026-05-30_HWCPW",3.39167005833673,NA,NA,NA,NA,NA,NA,NA,NA,NA,NA,NA,NA,NA,NA,NA,NA,NA,NA,NA,NA,NA,1.76904
191,0.099,31.8428,132,"2026-05-30_HWCPW",3.39167005833673,NA,NA,NA,NA,NA,NA,NA,NA,NA,NA,NA,NA,NA,NA,NA,NA,NA,NA,NA,NA,NA,1.76904
192,0.0995,31.8428,131,"2026-05-30_HWCPW",3.39167005833673,NA,NA,NA,NA,NA,NA,NA,NA,NA,NA,NA,NA,NA,NA,NA,NA,NA,NA,NA,NA,NA,1.76904
193,0.1,31.8428,132,"2026-05-30_HWCPW",3.39167005833673,NA,NA,NA,NA,NA,NA,NA,NA,NA,NA,NA,NA,NA,NA,NA,NA,NA,NA,NA,NA,NA,1.76904
194,0.1,33.3723,132,"2026-05-30_HWCPW",3.59580728870137,NA,NA,NA,NA,NA,NA,NA,NA,NA,NA,NA,NA,NA,NA,NA,NA,NA,NA,NA,NA,NA,1.66861
195,0.100472,33.3723,132,"2026-05-30_HWCPW",3.59580728870137,NA,NA,NA,NA,NA,NA,NA,NA,NA,NA,NA,NA,NA,NA,NA,NA,NA,NA,NA,NA,NA,1.66861
196,0.100943,33.3723,131,"2026-05-30_HWCPW",3.59580728870137,NA,NA,NA,NA,NA,NA,NA,NA,NA,NA,NA,NA,NA,NA,NA,NA,NA,NA,NA,NA,NA,1.66861
197,0.101415,33.3723,132,"2026-05-30_HWCPW",3.59580728870137,NA,NA,NA,NA,NA,NA,NA,NA,NA,NA,NA,NA,NA,NA,NA,NA,NA,NA,NA,NA,NA,1.66861
198,0.101887,33.3723,132,"2026-05-30_HWCPW",3.59580728870137,NA,NA,NA,NA,NA,NA,NA,NA,NA,NA,NA,NA,NA,NA,NA,NA,NA,NA,NA,NA,NA,1.66861
199,0.102358,33.3723,132,"2026-05-30_HWCPW",3.59580728870137,NA,NA,NA,NA,NA,NA,NA,NA,NA,NA,NA,NA,NA,NA,NA,NA,NA,NA,NA,NA,NA,1.66861
200,0.10283,33.3723,133,"2026-05-30_HWCPW",3.59580728870137,NA,NA,NA,NA,NA,NA,NA,NA,NA,NA,NA,NA,NA,NA,NA,NA,NA,NA,NA,NA,NA,1.66861
201,0.103302,33.3723,133,"2026-05-30_HWCPW",3.59580728870137,NA,NA,NA,NA,NA,NA,NA,NA,NA,NA,NA,NA,NA,NA,NA,NA,NA,NA,NA,NA,NA,1.66861
202,0.103774,33.3723,133,"2026-05-30_HWCPW",3.59580728870137,NA,NA,NA,NA,NA,NA,NA,NA,NA,NA,NA,NA,NA,NA,NA,NA,NA,NA,NA,NA,NA,1.66861
203,0.104245,33.3723,134,"2026-05-30_HWCPW",3.59580728870137,NA,NA,NA,NA,NA,NA,NA,NA,NA,NA,NA,NA,NA,NA,NA,NA,NA,NA,NA,NA,NA,1.66861
204,0.104717,33.3723,135,"2026-05-30_HWCPW",3.59580728870137,NA,NA,NA,NA,NA,NA,NA,NA,NA,NA,NA,NA,NA,NA,NA,NA,NA,NA,NA,NA,NA,1.66861
205,0.105189,33.3723,135,"2026-05-30_HWCPW",3.59580728870137,NA,NA,NA,NA,NA,NA,NA,NA,NA,NA,NA,NA,NA,NA,NA,NA,NA,NA,NA,NA,NA,1.66861
206,0.10566,33.3723,135,"2026-05-30_HWCPW",3.59580728870137,NA,NA,NA,NA,NA,NA,NA,NA,NA,NA,NA,NA,NA,NA,NA,NA,NA,NA,NA,NA,NA,1.66861
207,0.106132,33.3723,136,"2026-05-30_HWCPW",3.59580728870137,NA,NA,NA,NA,NA,NA,NA,NA,NA,NA,NA,NA,NA,NA,NA,NA,NA,NA,NA,NA,NA,1.66861
208,0.106604,33.3723,137,"2026-05-30_HWCPW",3.59580728870137,NA,NA,NA,NA,NA,NA,NA,NA,NA,NA,NA,NA,NA,NA,NA,NA,NA,NA,NA,NA,NA,1.66861
209,0.107075,33.3723,137,"2026-05-30_HWCPW",3.59580728870137,NA,NA,NA,NA,NA,NA,NA,NA,NA,NA,NA,NA,NA,NA,NA,NA,NA,NA,NA,NA,NA,1.66861
210,0.107547,33.3723,137,"2026-05-30_HWCPW",3.59580728870137,NA,NA,NA,NA,NA,NA,NA,NA,NA,NA,NA,NA,NA,NA,NA,NA,NA,NA,NA,NA,NA,1.66861
211,0.108019,33.3723,138,"2026-05-30_HWCPW",3.59580728870137,NA,NA,NA,NA,NA,NA,NA,NA,NA,NA,NA,NA,NA,NA,NA,NA,NA,NA,NA,NA,NA,1.66861
212,0.108491,33.3723,139,"2026-05-30_HWCPW",3.59580728870137,NA,NA,NA,NA,NA,NA,NA,NA,NA,NA,NA,NA,NA,NA,NA,NA,NA,NA,NA,NA,NA,1.66861
213,0.108962,33.3723,140,"2026-05-30_HWCPW",3.59580728870137,NA,NA,NA,NA,NA,NA,NA,NA,NA,NA,NA,NA,NA,NA,NA,NA,NA,NA,NA,NA,NA,1.66861
214,0.109434,33.3723,142,"2026-05-30_HWCPW",3.59580728870137,NA,NA,NA,NA,NA,NA,NA,NA,NA,NA,NA,NA,NA,NA,NA,NA,NA,NA,NA,NA,NA,1.66861
215,0.109906,33.3723,143,"2026-05-30_HWCPW",3.59580728870137,NA,NA,NA,NA,NA,NA,NA,NA,NA,NA,NA,NA,NA,NA,NA,NA,NA,NA,NA,NA,NA,1.66861
216,0.110377,33.3723,144,"2026-05-30_HWCPW",3.59580728870137,NA,NA,NA,NA,NA,NA,NA,NA,NA,NA,NA,NA,NA,NA,NA,NA,NA,NA,NA,NA,NA,1.66861
217,0.110849,33.3723,144,"2026-05-30_HWCPW",3.59580728870137,NA,NA,NA,NA,NA,NA,NA,NA,NA,NA,NA,NA,NA,NA,NA,NA,NA,NA,NA,NA,NA,1.66861
218,0.111321,33.3723,145,"2026-05-30_HWCPW",3.59580728870137,NA,NA,NA,NA,NA,NA,NA,NA,NA,NA,NA,NA,NA,NA,NA,NA,NA,NA,NA,NA,NA,1.66861
219,0.111792,33.3723,145,"2026-05-30_HWCPW",3.59580728870137,NA,NA,NA,NA,NA,NA,NA,NA,NA,NA,NA,NA,NA,NA,NA,NA,NA,NA,NA,NA,NA,1.66861
220,0.112264,33.3723,146,"2026-05-30_HWCPW",3.59580728870137,NA,NA,NA,NA,NA,NA,NA,NA,NA,NA,NA,NA,NA,NA,NA,NA,NA,NA,NA,NA,NA,1.66861
221,0.112736,33.3723,146,"2026-05-30_HWCPW",3.59580728870137,NA,NA,NA,NA,NA,NA,NA,NA,NA,NA,NA,NA,NA,NA,NA,NA,NA,NA,NA,NA,NA,1.66861
222,0.113208,33.3723,146,"2026-05-30_HWCPW",3.59580728870137,NA,NA,NA,NA,NA,NA,NA,NA,NA,NA,NA,NA,NA,NA,NA,NA,NA,NA,NA,NA,NA,1.66861
223,0.113679,33.3723,147,"2026-05-30_HWCPW",3.59580728870137,NA,NA,NA,NA,NA,NA,NA,NA,NA,NA,NA,NA,NA,NA,NA,NA,NA,NA,NA,NA,NA,1.66861
224,0.114151,33.3723,147,"2026-05-30_HWCPW",3.59580728870137,NA,NA,NA,NA,NA,NA,NA,NA,NA,NA,NA,NA,NA,NA,NA,NA,NA,NA,NA,NA,NA,1.66861
225,0.114623,33.3723,148,"2026-05-30_HWCPW",3.59580728870137,NA,NA,NA,NA,NA,NA,NA,NA,NA,NA,NA,NA,NA,NA,NA,NA,NA,NA,NA,NA,NA,1.66861
226,0.115094,33.3723,148,"2026-05-30_HWCPW",3.59580728870137,NA,NA,NA,NA,NA,NA,NA,NA,NA,NA,NA,NA,NA,NA,NA,NA,NA,NA,NA,NA,NA,1.66861
227,0.115566,33.3723,148,"2026-05-30_HWCPW",3.59580728870137,NA,NA,NA,NA,NA,NA,NA,NA,NA,NA,NA,NA,NA,NA,NA,NA,NA,NA,NA,NA,NA,1.66861
228,0.116038,33.3723,148,"2026-05-30_HWCPW",3.59580728870137,NA,NA,NA,NA,NA,NA,NA,NA,NA,NA,NA,NA,NA,NA,NA,NA,NA,NA,NA,NA,NA,1.66861
229,0.116509,33.3723,148,"2026-05-30_HWCPW",3.59580728870137,NA,NA,NA,NA,NA,NA,NA,NA,NA,NA,NA,NA,NA,NA,NA,NA,NA,NA,NA,NA,NA,1.66861
230,0.116981,33.3723,148,"2026-05-30_HWCPW",3.59580728870137,NA,NA,NA,NA,NA,NA,NA,NA,NA,NA,NA,NA,NA,NA,NA,NA,NA,NA,NA,NA,NA,1.66861
231,0.117453,33.3723,149,"2026-05-30_HWCPW",3.59580728870137,NA,NA,NA,NA,NA,NA,NA,NA,NA,NA,NA,NA,NA,NA,NA,NA,NA,NA,NA,NA,NA,1.66861
232,0.117925,33.3723,149,"2026-05-30_HWCPW",3.59580728870137,NA,NA,NA,NA,NA,NA,NA,NA,NA,NA,NA,NA,NA,NA,NA,NA,NA,NA,NA,NA,NA,1.66861
233,0.118396,33.3723,149,"2026-05-30_HWCPW",3.59580728870137,NA,NA,NA,NA,NA,NA,NA,NA,NA,NA,NA,NA,NA,NA,NA,NA,NA,NA,NA,NA,NA,1.66861
234,0.118868,33.3723,150,"2026-05-30_HWCPW",3.59580728870137,NA,NA,NA,NA,NA,NA,NA,NA,NA,NA,NA,NA,NA,NA,NA,NA,NA,NA,NA,NA,NA,1.66861
235,0.11934,33.3723,150,"2026-05-30_HWCPW",3.59580728870137,NA,NA,NA,NA,NA,NA,NA,NA,NA,NA,NA,NA,NA,NA,NA,NA,NA,NA,NA,NA,NA,1.66861
236,0.119811,33.3723,151,"2026-05-30_HWCPW",3.59580728870137,NA,NA,NA,NA,NA,NA,NA,NA,NA,NA,NA,NA,NA,NA,NA,NA,NA,NA,NA,NA,NA,1.66861
237,0.120283,33.3723,151,"2026-05-30_HWCPW",3.59580728870137,NA,NA,NA,NA,NA,NA,NA,NA,NA,NA,NA,NA,NA,NA,NA,NA,NA,NA,NA,NA,NA,1.66861
238,0.120755,33.3723,151,"2026-05-30_HWCPW",3.59580728870137,NA,NA,NA,NA,NA,NA,NA,NA,NA,NA,NA,NA,NA,NA,NA,NA,NA,NA,NA,NA,NA,1.66861
239,0.121226,33.3723,150,"2026-05-30_HWCPW",3.59580728870137,NA,NA,NA,NA,NA,NA,NA,NA,NA,NA,NA,NA,NA,NA,NA,NA,NA,NA,NA,NA,NA,1.66861
240,0.121698,33.3723,150,"2026-05-30_HWCPW",3.59580728870137,NA,NA,NA,NA,NA,NA,NA,NA,NA,NA,NA,NA,NA,NA,NA,NA,NA,NA,NA,NA,NA,1.66861
241,0.12217,33.3723,151,"2026-05-30_HWCPW",3.59580728870137,NA,NA,NA,NA,NA,NA,NA,NA,NA,NA,NA,NA,NA,NA,NA,NA,NA,NA,NA,NA,NA,1.66861
242,0.122642,33.3723,151,"2026-05-30_HWCPW",3.59580728870137,NA,NA,NA,NA,NA,NA,NA,NA,NA,NA,NA,NA,NA,NA,NA,NA,NA,NA,NA,NA,NA,1.66861
243,0.123113,33.3723,151,"2026-05-30_HWCPW",3.59580728870137,NA,NA,NA,NA,NA,NA,NA,NA,NA,NA,NA,NA,NA,NA,NA,NA,NA,NA,NA,NA,NA,1.66861
244,0.123585,33.3723,151,"2026-05-30_HWCPW",3.59580728870137,NA,NA,NA,NA,NA,NA,NA,NA,NA,NA,NA,NA,NA,NA,NA,NA,NA,NA,NA,NA,NA,1.66861
245,0.124057,33.3723,150,"2026-05-30_HWCPW",3.59580728870137,NA,NA,NA,NA,NA,NA,NA,NA,NA,NA,NA,NA,NA,NA,NA,NA,NA,NA,NA,NA,NA,1.66861
246,0.124528,33.3723,150,"2026-05-30_HWCPW",3.59580728870137,NA,NA,NA,NA,NA,NA,NA,NA,NA,NA,NA,NA,NA,NA,NA,NA,NA,NA,NA,NA,NA,1.66861
247,0.125,33.3723,150,"2026-05-30_HWCPW",3.59580728870137,NA,NA,NA,NA,NA,NA,NA,NA,NA,NA,NA,NA,NA,NA,NA,NA,NA,NA,NA,NA,NA,1.66861
248,0.125,31.5126,150,"2026-05-30_HWCPW",3.55412337546944,NA,NA,NA,NA,NA,NA,NA,NA,NA,NA,NA,NA,NA,NA,NA,NA,NA,NA,NA,NA,NA,1.68818
249,0.125481,31.5126,149,"2026-05-30_HWCPW",3.55412337546944,NA,NA,NA,NA,NA,NA,NA,NA,NA,NA,NA,NA,NA,NA,NA,NA,NA,NA,NA,NA,NA,1.68818
250,0.125962,31.5126,149,"2026-05-30_HWCPW",3.55412337546944,NA,NA,NA,NA,NA,NA,NA,NA,NA,NA,NA,NA,NA,NA,NA,NA,NA,NA,NA,NA,NA,1.68818
251,0.126442,31.5126,149,"2026-05-30_HWCPW",3.55412337546944,NA,NA,NA,NA,NA,NA,NA,NA,NA,NA,NA,NA,NA,NA,NA,NA,NA,NA,NA,NA,NA,1.68818
252,0.126923,31.5126,149,"2026-05-30_HWCPW",3.55412337546944,NA,NA,NA,NA,NA,NA,NA,NA,NA,NA,NA,NA,NA,NA,NA,NA,NA,NA,NA,NA,NA,1.68818
253,0.127404,31.5126,149,"2026-05-30_HWCPW",3.55412337546944,NA,NA,NA,NA,NA,NA,NA,NA,NA,NA,NA,NA,NA,NA,NA,NA,NA,NA,NA,NA,NA,1.68818
254,0.127885,31.5126,149,"2026-05-30_HWCPW",3.55412337546944,NA,NA,NA,NA,NA,NA,NA,NA,NA,NA,NA,NA,NA,NA,NA,NA,NA,NA,NA,NA,NA,1.68818
255,0.128365,31.5126,149,"2026-05-30_HWCPW",3.55412337546944,NA,NA,NA,NA,NA,NA,NA,NA,NA,NA,NA,NA,NA,NA,NA,NA,NA,NA,NA,NA,NA,1.68818
256,0.128846,31.5126,149,"2026-05-30_HWCPW",3.55412337546944,NA,NA,NA,NA,NA,NA,NA,NA,NA,NA,NA,NA,NA,NA,NA,NA,NA,NA,NA,NA,NA,1.68818
257,0.129327,31.5126,148,"2026-05-30_HWCPW",3.55412337546944,NA,NA,NA,NA,NA,NA,NA,NA,NA,NA,NA,NA,NA,NA,NA,NA,NA,NA,NA,NA,NA,1.68818
258,0.129808,31.5126,148,"2026-05-30_HWCPW",3.55412337546944,NA,NA,NA,NA,NA,NA,NA,NA,NA,NA,NA,NA,NA,NA,NA,NA,NA,NA,NA,NA,NA,1.68818
259,0.130288,31.5126,147,"2026-05-30_HWCPW",3.55412337546944,NA,NA,NA,NA,NA,NA,NA,NA,NA,NA,NA,NA,NA,NA,NA,NA,NA,NA,NA,NA,NA,1.68818
260,0.130769,31.5126,147,"2026-05-30_HWCPW",3.55412337546944,NA,NA,NA,NA,NA,NA,NA,NA,NA,NA,NA,NA,NA,NA,NA,NA,NA,NA,NA,NA,NA,1.68818
261,0.13125,31.5126,147,"2026-05-30_HWCPW",3.55412337546944,NA,NA,NA,NA,NA,NA,NA,NA,NA,NA,NA,NA,NA,NA,NA,NA,NA,NA,NA,NA,NA,1.68818
262,0.131731,31.5126,147,"2026-05-30_HWCPW",3.55412337546944,NA,NA,NA,NA,NA,NA,NA,NA,NA,NA,NA,NA,NA,NA,NA,NA,NA,NA,NA,NA,NA,1.68818
263,0.132212,31.5126,147,"2026-05-30_HWCPW",3.55412337546944,NA,NA,NA,NA,NA,NA,NA,NA,NA,NA,NA,NA,NA,NA,NA,NA,NA,NA,NA,NA,NA,1.68818
264,0.132692,31.5126,147,"2026-05-30_HWCPW",3.55412337546944,NA,NA,NA,NA,NA,NA,NA,NA,NA,NA,NA,NA,NA,NA,NA,NA,NA,NA,NA,NA,NA,1.68818
265,0.133173,31.5126,146,"2026-05-30_HWCPW",3.55412337546944,NA,NA,NA,NA,NA,NA,NA,NA,NA,NA,NA,NA,NA,NA,NA,NA,NA,NA,NA,NA,NA,1.68818
266,0.133654,31.5126,147,"2026-05-30_HWCPW",3.55412337546944,NA,NA,NA,NA,NA,NA,NA,NA,NA,NA,NA,NA,NA,NA,NA,NA,NA,NA,NA,NA,NA,1.68818
267,0.134135,31.5126,147,"2026-05-30_HWCPW",3.55412337546944,NA,NA,NA,NA,NA,NA,NA,NA,NA,NA,NA,NA,NA,NA,NA,NA,NA,NA,NA,NA,NA,1.68818
268,0.134615,31.5126,147,"2026-05-30_HWCPW",3.55412337546944,NA,NA,NA,NA,NA,NA,NA,NA,NA,NA,NA,NA,NA,NA,NA,NA,NA,NA,NA,NA,NA,1.68818
269,0.135096,31.5126,147,"2026-05-30_HWCPW",3.55412337546944,NA,NA,NA,NA,NA,NA,NA,NA,NA,NA,NA,NA,NA,NA,NA,NA,NA,NA,NA,NA,NA,1.68818
270,0.135577,31.5126,147,"2026-05-30_HWCPW",3.55412337546944,NA,NA,NA,NA,NA,NA,NA,NA,NA,NA,NA,NA,NA,NA,NA,NA,NA,NA,NA,NA,NA,1.68818
271,0.136058,31.5126,146,"2026-05-30_HWCPW",3.55412337546944,NA,NA,NA,NA,NA,NA,NA,NA,NA,NA,NA,NA,NA,NA,NA,NA,NA,NA,NA,NA,NA,1.68818
272,0.136538,31.5126,146,"2026-05-30_HWCPW",3.55412337546944,NA,NA,NA,NA,NA,NA,NA,NA,NA,NA,NA,NA,NA,NA,NA,NA,NA,NA,NA,NA,NA,1.68818
273,0.137019,31.5126,146,"2026-05-30_HWCPW",3.55412337546944,NA,NA,NA,NA,NA,NA,NA,NA,NA,NA,NA,NA,NA,NA,NA,NA,NA,NA,NA,NA,NA,1.68818
274,0.1375,31.5126,146,"2026-05-30_HWCPW",3.55412337546944,NA,NA,NA,NA,NA,NA,NA,NA,NA,NA,NA,NA,NA,NA,NA,NA,NA,NA,NA,NA,NA,1.68818
275,0.137981,31.5126,146,"2026-05-30_HWCPW",3.55412337546944,NA,NA,NA,NA,NA,NA,NA,NA,NA,NA,NA,NA,NA,NA,NA,NA,NA,NA,NA,NA,NA,1.68818
276,0.138462,31.5126,146,"2026-05-30_HWCPW",3.55412337546944,NA,NA,NA,NA,NA,NA,NA,NA,NA,NA,NA,NA,NA,NA,NA,NA,NA,NA,NA,NA,NA,1.68818
277,0.138942,31.5126,146,"2026-05-30_HWCPW",3.55412337546944,NA,NA,NA,NA,NA,NA,NA,NA,NA,NA,NA,NA,NA,NA,NA,NA,NA,NA,NA,NA,NA,1.68818
278,0.139423,31.5126,147,"2026-05-30_HWCPW",3.55412337546944,NA,NA,NA,NA,NA,NA,NA,NA,NA,NA,NA,NA,NA,NA,NA,NA,NA,NA,NA,NA,NA,1.68818
279,0.139904,31.5126,147,"2026-05-30_HWCPW",3.55412337546944,NA,NA,NA,NA,NA,NA,NA,NA,NA,NA,NA,NA,NA,NA,NA,NA,NA,NA,NA,NA,NA,1.68818
280,0.140385,31.5126,147,"2026-05-30_HWCPW",3.55412337546944,NA,NA,NA,NA,NA,NA,NA,NA,NA,NA,NA,NA,NA,NA,NA,NA,NA,NA,NA,NA,NA,1.68818
281,0.140865,31.5126,146,"2026-05-30_HWCPW",3.55412337546944,NA,NA,NA,NA,NA,NA,NA,NA,NA,NA,NA,NA,NA,NA,NA,NA,NA,NA,NA,NA,NA,1.68818
282,0.141346,31.5126,146,"2026-05-30_HWCPW",3.55412337546944,NA,NA,NA,NA,NA,NA,NA,NA,NA,NA,NA,NA,NA,NA,NA,NA,NA,NA,NA,NA,NA,1.68818
283,0.141827,31.5126,146,"2026-05-30_HWCPW",3.55412337546944,NA,NA,NA,NA,NA,NA,NA,NA,NA,NA,NA,NA,NA,NA,NA,NA,NA,NA,NA,NA,NA,1.68818
284,0.142308,31.5126,145,"2026-05-30_HWCPW",3.55412337546944,NA,NA,NA,NA,NA,NA,NA,NA,NA,NA,NA,NA,NA,NA,NA,NA,NA,NA,NA,NA,NA,1.68818
285,0.142788,31.5126,145,"2026-05-30_HWCPW",3.55412337546944,NA,NA,NA,NA,NA,NA,NA,NA,NA,NA,NA,NA,NA,NA,NA,NA,NA,NA,NA,NA,NA,1.68818
286,0.143269,31.5126,145,"2026-05-30_HWCPW",3.55412337546944,NA,NA,NA,NA,NA,NA,NA,NA,NA,NA,NA,NA,NA,NA,NA,NA,NA,NA,NA,NA,NA,1.68818
287,0.14375,31.5126,144,"2026-05-30_HWCPW",3.55412337546944,NA,NA,NA,NA,NA,NA,NA,NA,NA,NA,NA,NA,NA,NA,NA,NA,NA,NA,NA,NA,NA,1.68818
288,0.144231,31.5126,144,"2026-05-30_HWCPW",3.55412337546944,NA,NA,NA,NA,NA,NA,NA,NA,NA,NA,NA,NA,NA,NA,NA,NA,NA,NA,NA,NA,NA,1.68818
289,0.144712,31.5126,144,"2026-05-30_HWCPW",3.55412337546944,NA,NA,NA,NA,NA,NA,NA,NA,NA,NA,NA,NA,NA,NA,NA,NA,NA,NA,NA,NA,NA,1.68818
290,0.145192,31.5126,144,"2026-05-30_HWCPW",3.55412337546944,NA,NA,NA,NA,NA,NA,NA,NA,NA,NA,NA,NA,NA,NA,NA,NA,NA,NA,NA,NA,NA,1.68818
291,0.145673,31.5126,144,"2026-05-30_HWCPW",3.55412337546944,NA,NA,NA,NA,NA,NA,NA,NA,NA,NA,NA,NA,NA,NA,NA,NA,NA,NA,NA,NA,NA,1.68818
292,0.146154,31.5126,144,"2026-05-30_HWCPW",3.55412337546944,NA,NA,NA,NA,NA,NA,NA,NA,NA,NA,NA,NA,NA,NA,NA,NA,NA,NA,NA,NA,NA,1.68818
293,0.146635,31.5126,144,"2026-05-30_HWCPW",3.55412337546944,NA,NA,NA,NA,NA,NA,NA,NA,NA,NA,NA,NA,NA,NA,NA,NA,NA,NA,NA,NA,NA,1.68818
294,0.147115,31.5126,143,"2026-05-30_HWCPW",3.55412337546944,NA,NA,NA,NA,NA,NA,NA,NA,NA,NA,NA,NA,NA,NA,NA,NA,NA,NA,NA,NA,NA,1.68818
295,0.147596,31.5126,143,"2026-05-30_HWCPW",3.55412337546944,NA,NA,NA,NA,NA,NA,NA,NA,NA,NA,NA,NA,NA,NA,NA,NA,NA,NA,NA,NA,NA,1.68818
296,0.148077,31.5126,143,"2026-05-30_HWCPW",3.55412337546944,NA,NA,NA,NA,NA,NA,NA,NA,NA,NA,NA,NA,NA,NA,NA,NA,NA,NA,NA,NA,NA,1.68818
297,0.148558,31.5126,143,"2026-05-30_HWCPW",3.55412337546944,NA,NA,NA,NA,NA,NA,NA,NA,NA,NA,NA,NA,NA,NA,NA,NA,NA,NA,NA,NA,NA,1.68818
298,0.149038,31.5126,142,"2026-05-30_HWCPW",3.55412337546944,NA,NA,NA,NA,NA,NA,NA,NA,NA,NA,NA,NA,NA,NA,NA,NA,NA,NA,NA,NA,NA,1.68818
299,0.149519,31.5126,143,"2026-05-30_HWCPW",3.55412337546944,NA,NA,NA,NA,NA,NA,NA,NA,NA,NA,NA,NA,NA,NA,NA,NA,NA,NA,NA,NA,NA,1.68818
300,0.15,31.5126,143,"2026-05-30_HWCPW",3.55412337546944,NA,NA,NA,NA,NA,NA,NA,NA,NA,NA,NA,NA,NA,NA,NA,NA,NA,NA,NA,NA,NA,1.68818
301,0.15,31.5292,143,"2026-05-30_HWCPW",3.67913074404287,NA,NA,NA,NA,NA,NA,NA,NA,NA,NA,NA,NA,NA,NA,NA,NA,NA,NA,NA,NA,NA,1.63082
302,0.150455,31.5292,143,"2026-05-30_HWCPW",3.67913074404287,NA,NA,NA,NA,NA,NA,NA,NA,NA,NA,NA,NA,NA,NA,NA,NA,NA,NA,NA,NA,NA,1.63082
303,0.150909,31.5292,143,"2026-05-30_HWCPW",3.67913074404287,NA,NA,NA,NA,NA,NA,NA,NA,NA,NA,NA,NA,NA,NA,NA,NA,NA,NA,NA,NA,NA,1.63082
304,0.151364,31.5292,142,"2026-05-30_HWCPW",3.67913074404287,NA,NA,NA,NA,NA,NA,NA,NA,NA,NA,NA,NA,NA,NA,NA,NA,NA,NA,NA,NA,NA,1.63082
305,0.151818,31.5292,142,"2026-05-30_HWCPW",3.67913074404287,NA,NA,NA,NA,NA,NA,NA,NA,NA,NA,NA,NA,NA,NA,NA,NA,NA,NA,NA,NA,NA,1.63082
306,0.152273,31.5292,142,"2026-05-30_HWCPW",3.67913074404287,NA,NA,NA,NA,NA,NA,NA,NA,NA,NA,NA,NA,NA,NA,NA,NA,NA,NA,NA,NA,NA,1.63082
307,0.152727,31.5292,142,"2026-05-30_HWCPW",3.67913074404287,NA,NA,NA,NA,NA,NA,NA,NA,NA,NA,NA,NA,NA,NA,NA,NA,NA,NA,NA,NA,NA,1.63082
308,0.153182,31.5292,142,"2026-05-30_HWCPW",3.67913074404287,NA,NA,NA,NA,NA,NA,NA,NA,NA,NA,NA,NA,NA,NA,NA,NA,NA,NA,NA,NA,NA,1.63082
309,0.153636,31.5292,141,"2026-05-30_HWCPW",3.67913074404287,NA,NA,NA,NA,NA,NA,NA,NA,NA,NA,NA,NA,NA,NA,NA,NA,NA,NA,NA,NA,NA,1.63082
310,0.154091,31.5292,141,"2026-05-30_HWCPW",3.67913074404287,NA,NA,NA,NA,NA,NA,NA,NA,NA,NA,NA,NA,NA,NA,NA,NA,NA,NA,NA,NA,NA,1.63082
311,0.154545,31.5292,140,"2026-05-30_HWCPW",3.67913074404287,NA,NA,NA,NA,NA,NA,NA,NA,NA,NA,NA,NA,NA,NA,NA,NA,NA,NA,NA,NA,NA,1.63082
312,0.155,31.5292,139,"2026-05-30_HWCPW",3.67913074404287,NA,NA,NA,NA,NA,NA,NA,NA,NA,NA,NA,NA,NA,NA,NA,NA,NA,NA,NA,NA,NA,1.63082
313,0.155455,31.5292,139,"2026-05-30_HWCPW",3.67913074404287,NA,NA,NA,NA,NA,NA,NA,NA,NA,NA,NA,NA,NA,NA,NA,NA,NA,NA,NA,NA,NA,1.63082
314,0.155909,31.5292,138,"2026-05-30_HWCPW",3.67913074404287,NA,NA,NA,NA,NA,NA,NA,NA,NA,NA,NA,NA,NA,NA,NA,NA,NA,NA,NA,NA,NA,1.63082
315,0.156364,31.5292,138,"2026-05-30_HWCPW",3.67913074404287,NA,NA,NA,NA,NA,NA,NA,NA,NA,NA,NA,NA,NA,NA,NA,NA,NA,NA,NA,NA,NA,1.63082
316,0.156818,31.5292,138,"2026-05-30_HWCPW",3.67913074404287,NA,NA,NA,NA,NA,NA,NA,NA,NA,NA,NA,NA,NA,NA,NA,NA,NA,NA,NA,NA,NA,1.63082
317,0.157273,31.5292,138,"2026-05-30_HWCPW",3.67913074404287,NA,NA,NA,NA,NA,NA,NA,NA,NA,NA,NA,NA,NA,NA,NA,NA,NA,NA,NA,NA,NA,1.63082
318,0.157727,31.5292,138,"2026-05-30_HWCPW",3.67913074404287,NA,NA,NA,NA,NA,NA,NA,NA,NA,NA,NA,NA,NA,NA,NA,NA,NA,NA,NA,NA,NA,1.63082
319,0.158182,31.5292,138,"2026-05-30_HWCPW",3.67913074404287,NA,NA,NA,NA,NA,NA,NA,NA,NA,NA,NA,NA,NA,NA,NA,NA,NA,NA,NA,NA,NA,1.63082
320,0.158636,31.5292,138,"2026-05-30_HWCPW",3.67913074404287,NA,NA,NA,NA,NA,NA,NA,NA,NA,NA,NA,NA,NA,NA,NA,NA,NA,NA,NA,NA,NA,1.63082
321,0.159091,31.5292,138,"2026-05-30_HWCPW",3.67913074404287,NA,NA,NA,NA,NA,NA,NA,NA,NA,NA,NA,NA,NA,NA,NA,NA,NA,NA,NA,NA,NA,1.63082
322,0.159545,31.5292,137,"2026-05-30_HWCPW",3.67913074404287,NA,NA,NA,NA,NA,NA,NA,NA,NA,NA,NA,NA,NA,NA,NA,NA,NA,NA,NA,NA,NA,1.63082
323,0.16,31.5292,138,"2026-05-30_HWCPW",3.67913074404287,NA,NA,NA,NA,NA,NA,NA,NA,NA,NA,NA,NA,NA,NA,NA,NA,NA,NA,NA,NA,NA,1.63082
324,0.160455,31.5292,138,"2026-05-30_HWCPW",3.67913074404287,NA,NA,NA,NA,NA,NA,NA,NA,NA,NA,NA,NA,NA,NA,NA,NA,NA,NA,NA,NA,NA,1.63082
325,0.160909,31.5292,138,"2026-05-30_HWCPW",3.67913074404287,NA,NA,NA,NA,NA,NA,NA,NA,NA,NA,NA,NA,NA,NA,NA,NA,NA,NA,NA,NA,NA,1.63082
326,0.161364,31.5292,138,"2026-05-30_HWCPW",3.67913074404287,NA,NA,NA,NA,NA,NA,NA,NA,NA,NA,NA,NA,NA,NA,NA,NA,NA,NA,NA,NA,NA,1.63082
327,0.161818,31.5292,139,"2026-05-30_HWCPW",3.67913074404287,NA,NA,NA,NA,NA,NA,NA,NA,NA,NA,NA,NA,NA,NA,NA,NA,NA,NA,NA,NA,NA,1.63082
328,0.162273,31.5292,140,"2026-05-30_HWCPW",3.67913074404287,NA,NA,NA,NA,NA,NA,NA,NA,NA,NA,NA,NA,NA,NA,NA,NA,NA,NA,NA,NA,NA,1.63082
329,0.162727,31.5292,140,"2026-05-30_HWCPW",3.67913074404287,NA,NA,NA,NA,NA,NA,NA,NA,NA,NA,NA,NA,NA,NA,NA,NA,NA,NA,NA,NA,NA,1.63082
330,0.163182,31.5292,140,"2026-05-30_HWCPW",3.67913074404287,NA,NA,NA,NA,NA,NA,NA,NA,NA,NA,NA,NA,NA,NA,NA,NA,NA,NA,NA,NA,NA,1.63082
331,0.163636,31.5292,141,"2026-05-30_HWCPW",3.67913074404287,NA,NA,NA,NA,NA,NA,NA,NA,NA,NA,NA,NA,NA,NA,NA,NA,NA,NA,NA,NA,NA,1.63082
332,0.164091,31.5292,141,"2026-05-30_HWCPW",3.67913074404287,NA,NA,NA,NA,NA,NA,NA,NA,NA,NA,NA,NA,NA,NA,NA,NA,NA,NA,NA,NA,NA,1.63082
333,0.164545,31.5292,141,"2026-05-30_HWCPW",3.67913074404287,NA,NA,NA,NA,NA,NA,NA,NA,NA,NA,NA,NA,NA,NA,NA,NA,NA,NA,NA,NA,NA,1.63082
334,0.165,31.5292,141,"2026-05-30_HWCPW",3.67913074404287,NA,NA,NA,NA,NA,NA,NA,NA,NA,NA,NA,NA,NA,NA,NA,NA,NA,NA,NA,NA,NA,1.63082
335,0.165455,31.5292,141,"2026-05-30_HWCPW",3.67913074404287,NA,NA,NA,NA,NA,NA,NA,NA,NA,NA,NA,NA,NA,NA,NA,NA,NA,NA,NA,NA,NA,1.63082
336,0.165909,31.5292,141,"2026-05-30_HWCPW",3.67913074404287,NA,NA,NA,NA,NA,NA,NA,NA,NA,NA,NA,NA,NA,NA,NA,NA,NA,NA,NA,NA,NA,1.63082
337,0.166364,31.5292,141,"2026-05-30_HWCPW",3.67913074404287,NA,NA,NA,NA,NA,NA,NA,NA,NA,NA,NA,NA,NA,NA,NA,NA,NA,NA,NA,NA,NA,1.63082
338,0.166818,31.5292,142,"2026-05-30_HWCPW",3.67913074404287,NA,NA,NA,NA,NA,NA,NA,NA,NA,NA,NA,NA,NA,NA,NA,NA,NA,NA,NA,NA,NA,1.63082
339,0.167273,31.5292,142,"2026-05-30_HWCPW",3.67913074404287,NA,NA,NA,NA,NA,NA,NA,NA,NA,NA,NA,NA,NA,NA,NA,NA,NA,NA,NA,NA,NA,1.63082
340,0.167727,31.5292,142,"2026-05-30_HWCPW",3.67913074404287,NA,NA,NA,NA,NA,NA,NA,NA,NA,NA,NA,NA,NA,NA,NA,NA,NA,NA,NA,NA,NA,1.63082
341,0.168182,31.5292,142,"2026-05-30_HWCPW",3.67913074404287,NA,NA,NA,NA,NA,NA,NA,NA,NA,NA,NA,NA,NA,NA,NA,NA,NA,NA,NA,NA,NA,1.63082
342,0.168636,31.5292,142,"2026-05-30_HWCPW",3.67913074404287,NA,NA,NA,NA,NA,NA,NA,NA,NA,NA,NA,NA,NA,NA,NA,NA,NA,NA,NA,NA,NA,1.63082
343,0.169091,31.5292,142,"2026-05-30_HWCPW",3.67913074404287,NA,NA,NA,NA,NA,NA,NA,NA,NA,NA,NA,NA,NA,NA,NA,NA,NA,NA,NA,NA,NA,1.63082
344,0.169545,31.5292,142,"2026-05-30_HWCPW",3.67913074404287,NA,NA,NA,NA,NA,NA,NA,NA,NA,NA,NA,NA,NA,NA,NA,NA,NA,NA,NA,NA,NA,1.63082
345,0.17,31.5292,141,"2026-05-30_HWCPW",3.67913074404287,NA,NA,NA,NA,NA,NA,NA,NA,NA,NA,NA,NA,NA,NA,NA,NA,NA,NA,NA,NA,NA,1.63082
346,0.170455,31.5292,142,"2026-05-30_HWCPW",3.67913074404287,NA,NA,NA,NA,NA,NA,NA,NA,NA,NA,NA,NA,NA,NA,NA,NA,NA,NA,NA,NA,NA,1.63082
347,0.170909,31.5292,143,"2026-05-30_HWCPW",3.67913074404287,NA,NA,NA,NA,NA,NA,NA,NA,NA,NA,NA,NA,NA,NA,NA,NA,NA,NA,NA,NA,NA,1.63082
348,0.171364,31.5292,143,"2026-05-30_HWCPW",3.67913074404287,NA,NA,NA,NA,NA,NA,NA,NA,NA,NA,NA,NA,NA,NA,NA,NA,NA,NA,NA,NA,NA,1.63082
349,0.171818,31.5292,144,"2026-05-30_HWCPW",3.67913074404287,NA,NA,NA,NA,NA,NA,NA,NA,NA,NA,NA,NA,NA,NA,NA,NA,NA,NA,NA,NA,NA,1.63082
350,0.172273,31.5292,144,"2026-05-30_HWCPW",3.67913074404287,NA,NA,NA,NA,NA,NA,NA,NA,NA,NA,NA,NA,NA,NA,NA,NA,NA,NA,NA,NA,NA,1.63082
351,0.172727,31.5292,145,"2026-05-30_HWCPW",3.67913074404287,NA,NA,NA,NA,NA,NA,NA,NA,NA,NA,NA,NA,NA,NA,NA,NA,NA,NA,NA,NA,NA,1.63082
352,0.173182,31.5292,146,"2026-05-30_HWCPW",3.67913074404287,NA,NA,NA,NA,NA,NA,NA,NA,NA,NA,NA,NA,NA,NA,NA,NA,NA,NA,NA,NA,NA,1.63082
353,0.173636,31.5292,146,"2026-05-30_HWCPW",3.67913074404287,NA,NA,NA,NA,NA,NA,NA,NA,NA,NA,NA,NA,NA,NA,NA,NA,NA,NA,NA,NA,NA,1.63082
354,0.174091,31.5292,146,"2026-05-30_HWCPW",3.67913074404287,NA,NA,NA,NA,NA,NA,NA,NA,NA,NA,NA,NA,NA,NA,NA,NA,NA,NA,NA,NA,NA,1.63082
355,0.174545,31.5292,146,"2026-05-30_HWCPW",3.67913074404287,NA,NA,NA,NA,NA,NA,NA,NA,NA,NA,NA,NA,NA,NA,NA,NA,NA,NA,NA,NA,NA,1.63082
356,0.175,31.5292,147,"2026-05-30_HWCPW",3.67913074404287,NA,NA,NA,NA,NA,NA,NA,NA,NA,NA,NA,NA,NA,NA,NA,NA,NA,NA,NA,NA,NA,1.63082
357,0.175,32.4693,147,"2026-05-30_HWCPW",3.69581018318899,NA,NA,NA,NA,NA,NA,NA,NA,NA,NA,NA,NA,NA,NA,NA,NA,NA,NA,NA,NA,NA,1.62346
358,0.175463,32.4693,147,"2026-05-30_HWCPW",3.69581018318899,NA,NA,NA,NA,NA,NA,NA,NA,NA,NA,NA,NA,NA,NA,NA,NA,NA,NA,NA,NA,NA,1.62346
359,0.175926,32.4693,147,"2026-05-30_HWCPW",3.69581018318899,NA,NA,NA,NA,NA,NA,NA,NA,NA,NA,NA,NA,NA,NA,NA,NA,NA,NA,NA,NA,NA,1.62346
360,0.176389,32.4693,147,"2026-05-30_HWCPW",3.69581018318899,NA,NA,NA,NA,NA,NA,NA,NA,NA,NA,NA,NA,NA,NA,NA,NA,NA,NA,NA,NA,NA,1.62346
361,0.176852,32.4693,147,"2026-05-30_HWCPW",3.69581018318899,NA,NA,NA,NA,NA,NA,NA,NA,NA,NA,NA,NA,NA,NA,NA,NA,NA,NA,NA,NA,NA,1.62346
362,0.177315,32.4693,147,"2026-05-30_HWCPW",3.69581018318899,NA,NA,NA,NA,NA,NA,NA,NA,NA,NA,NA,NA,NA,NA,NA,NA,NA,NA,NA,NA,NA,1.62346
363,0.177778,32.4693,147,"2026-05-30_HWCPW",3.69581018318899,NA,NA,NA,NA,NA,NA,NA,NA,NA,NA,NA,NA,NA,NA,NA,NA,NA,NA,NA,NA,NA,1.62346
364,0.178241,32.4693,147,"2026-05-30_HWCPW",3.69581018318899,NA,NA,NA,NA,NA,NA,NA,NA,NA,NA,NA,NA,NA,NA,NA,NA,NA,NA,NA,NA,NA,1.62346
365,0.178704,32.4693,147,"2026-05-30_HWCPW",3.69581018318899,NA,NA,NA,NA,NA,NA,NA,NA,NA,NA,NA,NA,NA,NA,NA,NA,NA,NA,NA,NA,NA,1.62346
366,0.179167,32.4693,146,"2026-05-30_HWCPW",3.69581018318899,NA,NA,NA,NA,NA,NA,NA,NA,NA,NA,NA,NA,NA,NA,NA,NA,NA,NA,NA,NA,NA,1.62346
367,0.17963,32.4693,146,"2026-05-30_HWCPW",3.69581018318899,NA,NA,NA,NA,NA,NA,NA,NA,NA,NA,NA,NA,NA,NA,NA,NA,NA,NA,NA,NA,NA,1.62346
368,0.180093,32.4693,146,"2026-05-30_HWCPW",3.69581018318899,NA,NA,NA,NA,NA,NA,NA,NA,NA,NA,NA,NA,NA,NA,NA,NA,NA,NA,NA,NA,NA,1.62346
369,0.180556,32.4693,146,"2026-05-30_HWCPW",3.69581018318899,NA,NA,NA,NA,NA,NA,NA,NA,NA,NA,NA,NA,NA,NA,NA,NA,NA,NA,NA,NA,NA,1.62346
370,0.181019,32.4693,146,"2026-05-30_HWCPW",3.69581018318899,NA,NA,NA,NA,NA,NA,NA,NA,NA,NA,NA,NA,NA,NA,NA,NA,NA,NA,NA,NA,NA,1.62346
371,0.181481,32.4693,146,"2026-05-30_HWCPW",3.69581018318899,NA,NA,NA,NA,NA,NA,NA,NA,NA,NA,NA,NA,NA,NA,NA,NA,NA,NA,NA,NA,NA,1.62346
372,0.181944,32.4693,146,"2026-05-30_HWCPW",3.69581018318899,NA,NA,NA,NA,NA,NA,NA,NA,NA,NA,NA,NA,NA,NA,NA,NA,NA,NA,NA,NA,NA,1.62346
373,0.182407,32.4693,146,"2026-05-30_HWCPW",3.69581018318899,NA,NA,NA,NA,NA,NA,NA,NA,NA,NA,NA,NA,NA,NA,NA,NA,NA,NA,NA,NA,NA,1.62346
374,0.18287,32.4693,146,"2026-05-30_HWCPW",3.69581018318899,NA,NA,NA,NA,NA,NA,NA,NA,NA,NA,NA,NA,NA,NA,NA,NA,NA,NA,NA,NA,NA,1.62346
375,0.183333,32.4693,147,"2026-05-30_HWCPW",3.69581018318899,NA,NA,NA,NA,NA,NA,NA,NA,NA,NA,NA,NA,NA,NA,NA,NA,NA,NA,NA,NA,NA,1.62346
376,0.183796,32.4693,147,"2026-05-30_HWCPW",3.69581018318899,NA,NA,NA,NA,NA,NA,NA,NA,NA,NA,NA,NA,NA,NA,NA,NA,NA,NA,NA,NA,NA,1.62346
377,0.184259,32.4693,147,"2026-05-30_HWCPW",3.69581018318899,NA,NA,NA,NA,NA,NA,NA,NA,NA,NA,NA,NA,NA,NA,NA,NA,NA,NA,NA,NA,NA,1.62346
378,0.184722,32.4693,147,"2026-05-30_HWCPW",3.69581018318899,NA,NA,NA,NA,NA,NA,NA,NA,NA,NA,NA,NA,NA,NA,NA,NA,NA,NA,NA,NA,NA,1.62346
379,0.185185,32.4693,147,"2026-05-30_HWCPW",3.69581018318899,NA,NA,NA,NA,NA,NA,NA,NA,NA,NA,NA,NA,NA,NA,NA,NA,NA,NA,NA,NA,NA,1.62346
380,0.185648,32.4693,148,"2026-05-30_HWCPW",3.69581018318899,NA,NA,NA,NA,NA,NA,NA,NA,NA,NA,NA,NA,NA,NA,NA,NA,NA,NA,NA,NA,NA,1.62346
381,0.186111,32.4693,147,"2026-05-30_HWCPW",3.69581018318899,NA,NA,NA,NA,NA,NA,NA,NA,NA,NA,NA,NA,NA,NA,NA,NA,NA,NA,NA,NA,NA,1.62346
382,0.186574,32.4693,147,"2026-05-30_HWCPW",3.69581018318899,NA,NA,NA,NA,NA,NA,NA,NA,NA,NA,NA,NA,NA,NA,NA,NA,NA,NA,NA,NA,NA,1.62346
383,0.187037,32.4693,147,"2026-05-30_HWCPW",3.69581018318899,NA,NA,NA,NA,NA,NA,NA,NA,NA,NA,NA,NA,NA,NA,NA,NA,NA,NA,NA,NA,NA,1.62346
384,0.1875,32.4693,148,"2026-05-30_HWCPW",3.69581018318899,NA,NA,NA,NA,NA,NA,NA,NA,NA,NA,NA,NA,NA,NA,NA,NA,NA,NA,NA,NA,NA,1.62346
385,0.187963,32.4693,147,"2026-05-30_HWCPW",3.69581018318899,NA,NA,NA,NA,NA,NA,NA,NA,NA,NA,NA,NA,NA,NA,NA,NA,NA,NA,NA,NA,NA,1.62346
386,0.188426,32.4693,147,"2026-05-30_HWCPW",3.69581018318899,NA,NA,NA,NA,NA,NA,NA,NA,NA,NA,NA,NA,NA,NA,NA,NA,NA,NA,NA,NA,NA,1.62346
387,0.188889,32.4693,147,"2026-05-30_HWCPW",3.69581018318899,NA,NA,NA,NA,NA,NA,NA,NA,NA,NA,NA,NA,NA,NA,NA,NA,NA,NA,NA,NA,NA,1.62346
388,0.189352,32.4693,147,"2026-05-30_HWCPW",3.69581018318899,NA,NA,NA,NA,NA,NA,NA,NA,NA,NA,NA,NA,NA,NA,NA,NA,NA,NA,NA,NA,NA,1.62346
389,0.189815,32.4693,147,"2026-05-30_HWCPW",3.69581018318899,NA,NA,NA,NA,NA,NA,NA,NA,NA,NA,NA,NA,NA,NA,NA,NA,NA,NA,NA,NA,NA,1.62346
390,0.190278,32.4693,147,"2026-05-30_HWCPW",3.69581018318899,NA,NA,NA,NA,NA,NA,NA,NA,NA,NA,NA,NA,NA,NA,NA,NA,NA,NA,NA,NA,NA,1.62346
391,0.190741,32.4693,147,"2026-05-30_HWCPW",3.69581018318899,NA,NA,NA,NA,NA,NA,NA,NA,NA,NA,NA,NA,NA,NA,NA,NA,NA,NA,NA,NA,NA,1.62346
392,0.191204,32.4693,146,"2026-05-30_HWCPW",3.69581018318899,NA,NA,NA,NA,NA,NA,NA,NA,NA,NA,NA,NA,NA,NA,NA,NA,NA,NA,NA,NA,NA,1.62346
393,0.191667,32.4693,146,"2026-05-30_HWCPW",3.69581018318899,NA,NA,NA,NA,NA,NA,NA,NA,NA,NA,NA,NA,NA,NA,NA,NA,NA,NA,NA,NA,NA,1.62346
394,0.19213,32.4693,146,"2026-05-30_HWCPW",3.69581018318899,NA,NA,NA,NA,NA,NA,NA,NA,NA,NA,NA,NA,NA,NA,NA,NA,NA,NA,NA,NA,NA,1.62346
395,0.192593,32.4693,146,"2026-05-30_HWCPW",3.69581018318899,NA,NA,NA,NA,NA,NA,NA,NA,NA,NA,NA,NA,NA,NA,NA,NA,NA,NA,NA,NA,NA,1.62346
396,0.193056,32.4693,145,"2026-05-30_HWCPW",3.69581018318899,NA,NA,NA,NA,NA,NA,NA,NA,NA,NA,NA,NA,NA,NA,NA,NA,NA,NA,NA,NA,NA,1.62346
397,0.193519,32.4693,145,"2026-05-30_HWCPW",3.69581018318899,NA,NA,NA,NA,NA,NA,NA,NA,NA,NA,NA,NA,NA,NA,NA,NA,NA,NA,NA,NA,NA,1.62346
398,0.193981,32.4693,145,"2026-05-30_HWCPW",3.69581018318899,NA,NA,NA,NA,NA,NA,NA,NA,NA,NA,NA,NA,NA,NA,NA,NA,NA,NA,NA,NA,NA,1.62346
399,0.194444,32.4693,144,"2026-05-30_HWCPW",3.69581018318899,NA,NA,NA,NA,NA,NA,NA,NA,NA,NA,NA,NA,NA,NA,NA,NA,NA,NA,NA,NA,NA,1.62346
400,0.194907,32.4693,145,"2026-05-30_HWCPW",3.69581018318899,NA,NA,NA,NA,NA,NA,NA,NA,NA,NA,NA,NA,NA,NA,NA,NA,NA,NA,NA,NA,NA,1.62346
401,0.19537,32.4693,145,"2026-05-30_HWCPW",3.69581018318899,NA,NA,NA,NA,NA,NA,NA,NA,NA,NA,NA,NA,NA,NA,NA,NA,NA,NA,NA,NA,NA,1.62346
402,0.195833,32.4693,145,"2026-05-30_HWCPW",3.69581018318899,NA,NA,NA,NA,NA,NA,NA,NA,NA,NA,NA,NA,NA,NA,NA,NA,NA,NA,NA,NA,NA,1.62346
403,0.196296,32.4693,144,"2026-05-30_HWCPW",3.69581018318899,NA,NA,NA,NA,NA,NA,NA,NA,NA,NA,NA,NA,NA,NA,NA,NA,NA,NA,NA,NA,NA,1.62346
404,0.196759,32.4693,145,"2026-05-30_HWCPW",3.69581018318899,NA,NA,NA,NA,NA,NA,NA,NA,NA,NA,NA,NA,NA,NA,NA,NA,NA,NA,NA,NA,NA,1.62346
405,0.197222,32.4693,145,"2026-05-30_HWCPW",3.69581018318899,NA,NA,NA,NA,NA,NA,NA,NA,NA,NA,NA,NA,NA,NA,NA,NA,NA,NA,NA,NA,NA,1.62346
406,0.197685,32.4693,144,"2026-05-30_HWCPW",3.69581018318899,NA,NA,NA,NA,NA,NA,NA,NA,NA,NA,NA,NA,NA,NA,NA,NA,NA,NA,NA,NA,NA,1.62346
407,0.198148,32.4693,144,"2026-05-30_HWCPW",3.69581018318899,NA,NA,NA,NA,NA,NA,NA,NA,NA,NA,NA,NA,NA,NA,NA,NA,NA,NA,NA,NA,NA,1.62346
408,0.198611,32.4693,144,"2026-05-30_HWCPW",3.69581018318899,NA,NA,NA,NA,NA,NA,NA,NA,NA,NA,NA,NA,NA,NA,NA,NA,NA,NA,NA,NA,NA,1.62346
409,0.199074,32.4693,144,"2026-05-30_HWCPW",3.69581018318899,NA,NA,NA,NA,NA,NA,NA,NA,NA,NA,NA,NA,NA,NA,NA,NA,NA,NA,NA,NA,NA,1.62346
410,0.199537,32.4693,144,"2026-05-30_HWCPW",3.69581018318899,NA,NA,NA,NA,NA,NA,NA,NA,NA,NA,NA,NA,NA,NA,NA,NA,NA,NA,NA,NA,NA,1.62346
411,0.2,32.4693,144,"2026-05-30_HWCPW",3.69581018318899,NA,NA,NA,NA,NA,NA,NA,NA,NA,NA,NA,NA,NA,NA,NA,NA,NA,NA,NA,NA,NA,1.62346
412,0.2,31.8174,143,"2026-05-30_HWCPW",3.64579852102107,NA,NA,NA,NA,NA,NA,NA,NA,NA,NA,NA,NA,NA,NA,NA,NA,NA,NA,NA,NA,NA,1.64573
413,0.200463,31.8174,143,"2026-05-30_HWCPW",3.64579852102107,NA,NA,NA,NA,NA,NA,NA,NA,NA,NA,NA,NA,NA,NA,NA,NA,NA,NA,NA,NA,NA,1.64573
414,0.200926,31.8174,143,"2026-05-30_HWCPW",3.64579852102107,NA,NA,NA,NA,NA,NA,NA,NA,NA,NA,NA,NA,NA,NA,NA,NA,NA,NA,NA,NA,NA,1.64573
415,0.201389,31.8174,143,"2026-05-30_HWCPW",3.64579852102107,NA,NA,NA,NA,NA,NA,NA,NA,NA,NA,NA,NA,NA,NA,NA,NA,NA,NA,NA,NA,NA,1.64573
416,0.201852,31.8174,144,"2026-05-30_HWCPW",3.64579852102107,NA,NA,NA,NA,NA,NA,NA,NA,NA,NA,NA,NA,NA,NA,NA,NA,NA,NA,NA,NA,NA,1.64573
417,0.202315,31.8174,143,"2026-05-30_HWCPW",3.64579852102107,NA,NA,NA,NA,NA,NA,NA,NA,NA,NA,NA,NA,NA,NA,NA,NA,NA,NA,NA,NA,NA,1.64573
418,0.202778,31.8174,143,"2026-05-30_HWCPW",3.64579852102107,NA,NA,NA,NA,NA,NA,NA,NA,NA,NA,NA,NA,NA,NA,NA,NA,NA,NA,NA,NA,NA,1.64573
419,0.203241,31.8174,142,"2026-05-30_HWCPW",3.64579852102107,NA,NA,NA,NA,NA,NA,NA,NA,NA,NA,NA,NA,NA,NA,NA,NA,NA,NA,NA,NA,NA,1.64573
420,0.203704,31.8174,142,"2026-05-30_HWCPW",3.64579852102107,NA,NA,NA,NA,NA,NA,NA,NA,NA,NA,NA,NA,NA,NA,NA,NA,NA,NA,NA,NA,NA,1.64573
421,0.204167,31.8174,142,"2026-05-30_HWCPW",3.64579852102107,NA,NA,NA,NA,NA,NA,NA,NA,NA,NA,NA,NA,NA,NA,NA,NA,NA,NA,NA,NA,NA,1.64573
422,0.20463,31.8174,142,"2026-05-30_HWCPW",3.64579852102107,NA,NA,NA,NA,NA,NA,NA,NA,NA,NA,NA,NA,NA,NA,NA,NA,NA,NA,NA,NA,NA,1.64573
423,0.205093,31.8174,142,"2026-05-30_HWCPW",3.64579852102107,NA,NA,NA,NA,NA,NA,NA,NA,NA,NA,NA,NA,NA,NA,NA,NA,NA,NA,NA,NA,NA,1.64573
424,0.205556,31.8174,142,"2026-05-30_HWCPW",3.64579852102107,NA,NA,NA,NA,NA,NA,NA,NA,NA,NA,NA,NA,NA,NA,NA,NA,NA,NA,NA,NA,NA,1.64573
425,0.206019,31.8174,141,"2026-05-30_HWCPW",3.64579852102107,NA,NA,NA,NA,NA,NA,NA,NA,NA,NA,NA,NA,NA,NA,NA,NA,NA,NA,NA,NA,NA,1.64573
426,0.206481,31.8174,142,"2026-05-30_HWCPW",3.64579852102107,NA,NA,NA,NA,NA,NA,NA,NA,NA,NA,NA,NA,NA,NA,NA,NA,NA,NA,NA,NA,NA,1.64573
427,0.206944,31.8174,142,"2026-05-30_HWCPW",3.64579852102107,NA,NA,NA,NA,NA,NA,NA,NA,NA,NA,NA,NA,NA,NA,NA,NA,NA,NA,NA,NA,NA,1.64573
428,0.207407,31.8174,142,"2026-05-30_HWCPW",3.64579852102107,NA,NA,NA,NA,NA,NA,NA,NA,NA,NA,NA,NA,NA,NA,NA,NA,NA,NA,NA,NA,NA,1.64573
429,0.20787,31.8174,143,"2026-05-30_HWCPW",3.64579852102107,NA,NA,NA,NA,NA,NA,NA,NA,NA,NA,NA,NA,NA,NA,NA,NA,NA,NA,NA,NA,NA,1.64573
430,0.208333,31.8174,143,"2026-05-30_HWCPW",3.64579852102107,NA,NA,NA,NA,NA,NA,NA,NA,NA,NA,NA,NA,NA,NA,NA,NA,NA,NA,NA,NA,NA,1.64573
431,0.208796,31.8174,143,"2026-05-30_HWCPW",3.64579852102107,NA,NA,NA,NA,NA,NA,NA,NA,NA,NA,NA,NA,NA,NA,NA,NA,NA,NA,NA,NA,NA,1.64573
432,0.209259,31.8174,143,"2026-05-30_HWCPW",3.64579852102107,NA,NA,NA,NA,NA,NA,NA,NA,NA,NA,NA,NA,NA,NA,NA,NA,NA,NA,NA,NA,NA,1.64573
433,0.209722,31.8174,143,"2026-05-30_HWCPW",3.64579852102107,NA,NA,NA,NA,NA,NA,NA,NA,NA,NA,NA,NA,NA,NA,NA,NA,NA,NA,NA,NA,NA,1.64573
434,0.210185,31.8174,143,"2026-05-30_HWCPW",3.64579852102107,NA,NA,NA,NA,NA,NA,NA,NA,NA,NA,NA,NA,NA,NA,NA,NA,NA,NA,NA,NA,NA,1.64573
435,0.210648,31.8174,143,"2026-05-30_HWCPW",3.64579852102107,NA,NA,NA,NA,NA,NA,NA,NA,NA,NA,NA,NA,NA,NA,NA,NA,NA,NA,NA,NA,NA,1.64573
436,0.211111,31.8174,143,"2026-05-30_HWCPW",3.64579852102107,NA,NA,NA,NA,NA,NA,NA,NA,NA,NA,NA,NA,NA,NA,NA,NA,NA,NA,NA,NA,NA,1.64573
437,0.211574,31.8174,143,"2026-05-30_HWCPW",3.64579852102107,NA,NA,NA,NA,NA,NA,NA,NA,NA,NA,NA,NA,NA,NA,NA,NA,NA,NA,NA,NA,NA,1.64573
438,0.212037,31.8174,144,"2026-05-30_HWCPW",3.64579852102107,NA,NA,NA,NA,NA,NA,NA,NA,NA,NA,NA,NA,NA,NA,NA,NA,NA,NA,NA,NA,NA,1.64573
439,0.2125,31.8174,144,"2026-05-30_HWCPW",3.64579852102107,NA,NA,NA,NA,NA,NA,NA,NA,NA,NA,NA,NA,NA,NA,NA,NA,NA,NA,NA,NA,NA,1.64573
440,0.212963,31.8174,144,"2026-05-30_HWCPW",3.64579852102107,NA,NA,NA,NA,NA,NA,NA,NA,NA,NA,NA,NA,NA,NA,NA,NA,NA,NA,NA,NA,NA,1.64573
441,0.213426,31.8174,144,"2026-05-30_HWCPW",3.64579852102107,NA,NA,NA,NA,NA,NA,NA,NA,NA,NA,NA,NA,NA,NA,NA,NA,NA,NA,NA,NA,NA,1.64573
442,0.213889,31.8174,144,"2026-05-30_HWCPW",3.64579852102107,NA,NA,NA,NA,NA,NA,NA,NA,NA,NA,NA,NA,NA,NA,NA,NA,NA,NA,NA,NA,NA,1.64573
443,0.214352,31.8174,144,"2026-05-30_HWCPW",3.64579852102107,NA,NA,NA,NA,NA,NA,NA,NA,NA,NA,NA,NA,NA,NA,NA,NA,NA,NA,NA,NA,NA,1.64573
444,0.214815,31.8174,144,"2026-05-30_HWCPW",3.64579852102107,NA,NA,NA,NA,NA,NA,NA,NA,NA,NA,NA,NA,NA,NA,NA,NA,NA,NA,NA,NA,NA,1.64573
445,0.215278,31.8174,144,"2026-05-30_HWCPW",3.64579852102107,NA,NA,NA,NA,NA,NA,NA,NA,NA,NA,NA,NA,NA,NA,NA,NA,NA,NA,NA,NA,NA,1.64573
446,0.215741,31.8174,144,"2026-05-30_HWCPW",3.64579852102107,NA,NA,NA,NA,NA,NA,NA,NA,NA,NA,NA,NA,NA,NA,NA,NA,NA,NA,NA,NA,NA,1.64573
447,0.216204,31.8174,144,"2026-05-30_HWCPW",3.64579852102107,NA,NA,NA,NA,NA,NA,NA,NA,NA,NA,NA,NA,NA,NA,NA,NA,NA,NA,NA,NA,NA,1.64573
448,0.216667,31.8174,144,"2026-05-30_HWCPW",3.64579852102107,NA,NA,NA,NA,NA,NA,NA,NA,NA,NA,NA,NA,NA,NA,NA,NA,NA,NA,NA,NA,NA,1.64573
449,0.21713,31.8174,144,"2026-05-30_HWCPW",3.64579852102107,NA,NA,NA,NA,NA,NA,NA,NA,NA,NA,NA,NA,NA,NA,NA,NA,NA,NA,NA,NA,NA,1.64573
450,0.217593,31.8174,144,"2026-05-30_HWCPW",3.64579852102107,NA,NA,NA,NA,NA,NA,NA,NA,NA,NA,NA,NA,NA,NA,NA,NA,NA,NA,NA,NA,NA,1.64573
451,0.218056,31.8174,144,"2026-05-30_HWCPW",3.64579852102107,NA,NA,NA,NA,NA,NA,NA,NA,NA,NA,NA,NA,NA,NA,NA,NA,NA,NA,NA,NA,NA,1.64573
452,0.218519,31.8174,144,"2026-05-30_HWCPW",3.64579852102107,NA,NA,NA,NA,NA,NA,NA,NA,NA,NA,NA,NA,NA,NA,NA,NA,NA,NA,NA,NA,NA,1.64573
453,0.218981,31.8174,144,"2026-05-30_HWCPW",3.64579852102107,NA,NA,NA,NA,NA,NA,NA,NA,NA,NA,NA,NA,NA,NA,NA,NA,NA,NA,NA,NA,NA,1.64573
454,0.219444,31.8174,144,"2026-05-30_HWCPW",3.64579852102107,NA,NA,NA,NA,NA,NA,NA,NA,NA,NA,NA,NA,NA,NA,NA,NA,NA,NA,NA,NA,NA,1.64573
455,0.219907,31.8174,144,"2026-05-30_HWCPW",3.64579852102107,NA,NA,NA,NA,NA,NA,NA,NA,NA,NA,NA,NA,NA,NA,NA,NA,NA,NA,NA,NA,NA,1.64573
456,0.22037,31.8174,145,"2026-05-30_HWCPW",3.64579852102107,NA,NA,NA,NA,NA,NA,NA,NA,NA,NA,NA,NA,NA,NA,NA,NA,NA,NA,NA,NA,NA,1.64573
457,0.220833,31.8174,145,"2026-05-30_HWCPW",3.64579852102107,NA,NA,NA,NA,NA,NA,NA,NA,NA,NA,NA,NA,NA,NA,NA,NA,NA,NA,NA,NA,NA,1.64573
458,0.221296,31.8174,146,"2026-05-30_HWCPW",3.64579852102107,NA,NA,NA,NA,NA,NA,NA,NA,NA,NA,NA,NA,NA,NA,NA,NA,NA,NA,NA,NA,NA,1.64573
459,0.221759,31.8174,146,"2026-05-30_HWCPW",3.64579852102107,NA,NA,NA,NA,NA,NA,NA,NA,NA,NA,NA,NA,NA,NA,NA,NA,NA,NA,NA,NA,NA,1.64573
460,0.222222,31.8174,146,"2026-05-30_HWCPW",3.64579852102107,NA,NA,NA,NA,NA,NA,NA,NA,NA,NA,NA,NA,NA,NA,NA,NA,NA,NA,NA,NA,NA,1.64573
461,0.222685,31.8174,146,"2026-05-30_HWCPW",3.64579852102107,NA,NA,NA,NA,NA,NA,NA,NA,NA,NA,NA,NA,NA,NA,NA,NA,NA,NA,NA,NA,NA,1.64573
462,0.223148,31.8174,145,"2026-05-30_HWCPW",3.64579852102107,NA,NA,NA,NA,NA,NA,NA,NA,NA,NA,NA,NA,NA,NA,NA,NA,NA,NA,NA,NA,NA,1.64573
463,0.223611,31.8174,146,"2026-05-30_HWCPW",3.64579852102107,NA,NA,NA,NA,NA,NA,NA,NA,NA,NA,NA,NA,NA,NA,NA,NA,NA,NA,NA,NA,NA,1.64573
464,0.224074,31.8174,145,"2026-05-30_HWCPW",3.64579852102107,NA,NA,NA,NA,NA,NA,NA,NA,NA,NA,NA,NA,NA,NA,NA,NA,NA,NA,NA,NA,NA,1.64573
465,0.224537,31.8174,145,"2026-05-30_HWCPW",3.64579852102107,NA,NA,NA,NA,NA,NA,NA,NA,NA,NA,NA,NA,NA,NA,NA,NA,NA,NA,NA,NA,NA,1.64573
466,0.225,31.8174,145,"2026-05-30_HWCPW",3.64579852102107,NA,NA,NA,NA,NA,NA,NA,NA,NA,NA,NA,NA,NA,NA,NA,NA,NA,NA,NA,NA,NA,1.64573
467,0.225,32.5602,145,"2026-05-30_HWCPW",3.80833899294823,NA,NA,NA,NA,NA,NA,NA,NA,NA,NA,NA,NA,NA,NA,NA,NA,NA,NA,NA,NA,NA,1.57549
468,0.225446,32.5602,145,"2026-05-30_HWCPW",3.80833899294823,NA,NA,NA,NA,NA,NA,NA,NA,NA,NA,NA,NA,NA,NA,NA,NA,NA,NA,NA,NA,NA,1.57549
469,0.225893,32.5602,145,"2026-05-30_HWCPW",3.80833899294823,NA,NA,NA,NA,NA,NA,NA,NA,NA,NA,NA,NA,NA,NA,NA,NA,NA,NA,NA,NA,NA,1.57549
470,0.226339,32.5602,145,"2026-05-30_HWCPW",3.80833899294823,NA,NA,NA,NA,NA,NA,NA,NA,NA,NA,NA,NA,NA,NA,NA,NA,NA,NA,NA,NA,NA,1.57549
471,0.226786,32.5602,145,"2026-05-30_HWCPW",3.80833899294823,NA,NA,NA,NA,NA,NA,NA,NA,NA,NA,NA,NA,NA,NA,NA,NA,NA,NA,NA,NA,NA,1.57549
472,0.227232,32.5602,144,"2026-05-30_HWCPW",3.80833899294823,NA,NA,NA,NA,NA,NA,NA,NA,NA,NA,NA,NA,NA,NA,NA,NA,NA,NA,NA,NA,NA,1.57549
473,0.227679,32.5602,145,"2026-05-30_HWCPW",3.80833899294823,NA,NA,NA,NA,NA,NA,NA,NA,NA,NA,NA,NA,NA,NA,NA,NA,NA,NA,NA,NA,NA,1.57549
474,0.228125,32.5602,144,"2026-05-30_HWCPW",3.80833899294823,NA,NA,NA,NA,NA,NA,NA,NA,NA,NA,NA,NA,NA,NA,NA,NA,NA,NA,NA,NA,NA,1.57549
475,0.228571,32.5602,144,"2026-05-30_HWCPW",3.80833899294823,NA,NA,NA,NA,NA,NA,NA,NA,NA,NA,NA,NA,NA,NA,NA,NA,NA,NA,NA,NA,NA,1.57549
476,0.229018,32.5602,143,"2026-05-30_HWCPW",3.80833899294823,NA,NA,NA,NA,NA,NA,NA,NA,NA,NA,NA,NA,NA,NA,NA,NA,NA,NA,NA,NA,NA,1.57549
477,0.229464,32.5602,143,"2026-05-30_HWCPW",3.80833899294823,NA,NA,NA,NA,NA,NA,NA,NA,NA,NA,NA,NA,NA,NA,NA,NA,NA,NA,NA,NA,NA,1.57549
478,0.229911,32.5602,142,"2026-05-30_HWCPW",3.80833899294823,NA,NA,NA,NA,NA,NA,NA,NA,NA,NA,NA,NA,NA,NA,NA,NA,NA,NA,NA,NA,NA,1.57549
479,0.230357,32.5602,141,"2026-05-30_HWCPW",3.80833899294823,NA,NA,NA,NA,NA,NA,NA,NA,NA,NA,NA,NA,NA,NA,NA,NA,NA,NA,NA,NA,NA,1.57549
480,0.230804,32.5602,141,"2026-05-30_HWCPW",3.80833899294823,NA,NA,NA,NA,NA,NA,NA,NA,NA,NA,NA,NA,NA,NA,NA,NA,NA,NA,NA,NA,NA,1.57549
481,0.23125,32.5602,141,"2026-05-30_HWCPW",3.80833899294823,NA,NA,NA,NA,NA,NA,NA,NA,NA,NA,NA,NA,NA,NA,NA,NA,NA,NA,NA,NA,NA,1.57549
482,0.231696,32.5602,141,"2026-05-30_HWCPW",3.80833899294823,NA,NA,NA,NA,NA,NA,NA,NA,NA,NA,NA,NA,NA,NA,NA,NA,NA,NA,NA,NA,NA,1.57549
483,0.232143,32.5602,140,"2026-05-30_HWCPW",3.80833899294823,NA,NA,NA,NA,NA,NA,NA,NA,NA,NA,NA,NA,NA,NA,NA,NA,NA,NA,NA,NA,NA,1.57549
484,0.232589,32.5602,140,"2026-05-30_HWCPW",3.80833899294823,NA,NA,NA,NA,NA,NA,NA,NA,NA,NA,NA,NA,NA,NA,NA,NA,NA,NA,NA,NA,NA,1.57549
485,0.233036,32.5602,140,"2026-05-30_HWCPW",3.80833899294823,NA,NA,NA,NA,NA,NA,NA,NA,NA,NA,NA,NA,NA,NA,NA,NA,NA,NA,NA,NA,NA,1.57549
486,0.233482,32.5602,140,"2026-05-30_HWCPW",3.80833899294823,NA,NA,NA,NA,NA,NA,NA,NA,NA,NA,NA,NA,NA,NA,NA,NA,NA,NA,NA,NA,NA,1.57549
487,0.233929,32.5602,140,"2026-05-30_HWCPW",3.80833899294823,NA,NA,NA,NA,NA,NA,NA,NA,NA,NA,NA,NA,NA,NA,NA,NA,NA,NA,NA,NA,NA,1.57549
488,0.234375,32.5602,140,"2026-05-30_HWCPW",3.80833899294823,NA,NA,NA,NA,NA,NA,NA,NA,NA,NA,NA,NA,NA,NA,NA,NA,NA,NA,NA,NA,NA,1.57549
489,0.234821,32.5602,140,"2026-05-30_HWCPW",3.80833899294823,NA,NA,NA,NA,NA,NA,NA,NA,NA,NA,NA,NA,NA,NA,NA,NA,NA,NA,NA,NA,NA,1.57549
490,0.235268,32.5602,140,"2026-05-30_HWCPW",3.80833899294823,NA,NA,NA,NA,NA,NA,NA,NA,NA,NA,NA,NA,NA,NA,NA,NA,NA,NA,NA,NA,NA,1.57549
491,0.235714,32.5602,140,"2026-05-30_HWCPW",3.80833899294823,NA,NA,NA,NA,NA,NA,NA,NA,NA,NA,NA,NA,NA,NA,NA,NA,NA,NA,NA,NA,NA,1.57549
492,0.236161,32.5602,139,"2026-05-30_HWCPW",3.80833899294823,NA,NA,NA,NA,NA,NA,NA,NA,NA,NA,NA,NA,NA,NA,NA,NA,NA,NA,NA,NA,NA,1.57549
493,0.236607,32.5602,139,"2026-05-30_HWCPW",3.80833899294823,NA,NA,NA,NA,NA,NA,NA,NA,NA,NA,NA,NA,NA,NA,NA,NA,NA,NA,NA,NA,NA,1.57549
494,0.237054,32.5602,139,"2026-05-30_HWCPW",3.80833899294823,NA,NA,NA,NA,NA,NA,NA,NA,NA,NA,NA,NA,NA,NA,NA,NA,NA,NA,NA,NA,NA,1.57549
495,0.2375,32.5602,139,"2026-05-30_HWCPW",3.80833899294823,NA,NA,NA,NA,NA,NA,NA,NA,NA,NA,NA,NA,NA,NA,NA,NA,NA,NA,NA,NA,NA,1.57549
496,0.237946,32.5602,139,"2026-05-30_HWCPW",3.80833899294823,NA,NA,NA,NA,NA,NA,NA,NA,NA,NA,NA,NA,NA,NA,NA,NA,NA,NA,NA,NA,NA,1.57549
497,0.238393,32.5602,139,"2026-05-30_HWCPW",3.80833899294823,NA,NA,NA,NA,NA,NA,NA,NA,NA,NA,NA,NA,NA,NA,NA,NA,NA,NA,NA,NA,NA,1.57549
498,0.238839,32.5602,139,"2026-05-30_HWCPW",3.80833899294823,NA,NA,NA,NA,NA,NA,NA,NA,NA,NA,NA,NA,NA,NA,NA,NA,NA,NA,NA,NA,NA,1.57549
499,0.239286,32.5602,139,"2026-05-30_HWCPW",3.80833899294823,NA,NA,NA,NA,NA,NA,NA,NA,NA,NA,NA,NA,NA,NA,NA,NA,NA,NA,NA,NA,NA,1.57549
500,0.239732,32.5602,139,"2026-05-30_HWCPW",3.80833899294823,NA,NA,NA,NA,NA,NA,NA,NA,NA,NA,NA,NA,NA,NA,NA,NA,NA,NA,NA,NA,NA,1.57549
501,0.240179,32.5602,140,"2026-05-30_HWCPW",3.80833899294823,NA,NA,NA,NA,NA,NA,NA,NA,NA,NA,NA,NA,NA,NA,NA,NA,NA,NA,NA,NA,NA,1.57549
502,0.240625,32.5602,140,"2026-05-30_HWCPW",3.80833899294823,NA,NA,NA,NA,NA,NA,NA,NA,NA,NA,NA,NA,NA,NA,NA,NA,NA,NA,NA,NA,NA,1.57549
503,0.241071,32.5602,140,"2026-05-30_HWCPW",3.80833899294823,NA,NA,NA,NA,NA,NA,NA,NA,NA,NA,NA,NA,NA,NA,NA,NA,NA,NA,NA,NA,NA,1.57549
504,0.241518,32.5602,140,"2026-05-30_HWCPW",3.80833899294823,NA,NA,NA,NA,NA,NA,NA,NA,NA,NA,NA,NA,NA,NA,NA,NA,NA,NA,NA,NA,NA,1.57549
505,0.241964,32.5602,139,"2026-05-30_HWCPW",3.80833899294823,NA,NA,NA,NA,NA,NA,NA,NA,NA,NA,NA,NA,NA,NA,NA,NA,NA,NA,NA,NA,NA,1.57549
506,0.242411,32.5602,140,"2026-05-30_HWCPW",3.80833899294823,NA,NA,NA,NA,NA,NA,NA,NA,NA,NA,NA,NA,NA,NA,NA,NA,NA,NA,NA,NA,NA,1.57549
507,0.242857,32.5602,140,"2026-05-30_HWCPW",3.80833899294823,NA,NA,NA,NA,NA,NA,NA,NA,NA,NA,NA,NA,NA,NA,NA,NA,NA,NA,NA,NA,NA,1.57549
508,0.243304,32.5602,140,"2026-05-30_HWCPW",3.80833899294823,NA,NA,NA,NA,NA,NA,NA,NA,NA,NA,NA,NA,NA,NA,NA,NA,NA,NA,NA,NA,NA,1.57549
509,0.24375,32.5602,139,"2026-05-30_HWCPW",3.80833899294823,NA,NA,NA,NA,NA,NA,NA,NA,NA,NA,NA,NA,NA,NA,NA,NA,NA,NA,NA,NA,NA,1.57549
510,0.244196,32.5602,139,"2026-05-30_HWCPW",3.80833899294823,NA,NA,NA,NA,NA,NA,NA,NA,NA,NA,NA,NA,NA,NA,NA,NA,NA,NA,NA,NA,NA,1.57549
511,0.244643,32.5602,139,"2026-05-30_HWCPW",3.80833899294823,NA,NA,NA,NA,NA,NA,NA,NA,NA,NA,NA,NA,NA,NA,NA,NA,NA,NA,NA,NA,NA,1.57549
512,0.245089,32.5602,139,"2026-05-30_HWCPW",3.80833899294823,NA,NA,NA,NA,NA,NA,NA,NA,NA,NA,NA,NA,NA,NA,NA,NA,NA,NA,NA,NA,NA,1.57549
513,0.245536,32.5602,139,"2026-05-30_HWCPW",3.80833899294823,NA,NA,NA,NA,NA,NA,NA,NA,NA,NA,NA,NA,NA,NA,NA,NA,NA,NA,NA,NA,NA,1.57549
514,0.245982,32.5602,139,"2026-05-30_HWCPW",3.80833899294823,NA,NA,NA,NA,NA,NA,NA,NA,NA,NA,NA,NA,NA,NA,NA,NA,NA,NA,NA,NA,NA,1.57549
515,0.246429,32.5602,139,"2026-05-30_HWCPW",3.80833899294823,NA,NA,NA,NA,NA,NA,NA,NA,NA,NA,NA,NA,NA,NA,NA,NA,NA,NA,NA,NA,NA,1.57549
516,0.246875,32.5602,140,"2026-05-30_HWCPW",3.80833899294823,NA,NA,NA,NA,NA,NA,NA,NA,NA,NA,NA,NA,NA,NA,NA,NA,NA,NA,NA,NA,NA,1.57549
517,0.247321,32.5602,140,"2026-05-30_HWCPW",3.80833899294823,NA,NA,NA,NA,NA,NA,NA,NA,NA,NA,NA,NA,NA,NA,NA,NA,NA,NA,NA,NA,NA,1.57549
518,0.247768,32.5602,140,"2026-05-30_HWCPW",3.80833899294823,NA,NA,NA,NA,NA,NA,NA,NA,NA,NA,NA,NA,NA,NA,NA,NA,NA,NA,NA,NA,NA,1.57549
519,0.248214,32.5602,140,"2026-05-30_HWCPW",3.80833899294823,NA,NA,NA,NA,NA,NA,NA,NA,NA,NA,NA,NA,NA,NA,NA,NA,NA,NA,NA,NA,NA,1.57549
520,0.248661,32.5602,139,"2026-05-30_HWCPW",3.80833899294823,NA,NA,NA,NA,NA,NA,NA,NA,NA,NA,NA,NA,NA,NA,NA,NA,NA,NA,NA,NA,NA,1.57549
521,0.249107,32.5602,139,"2026-05-30_HWCPW",3.80833899294823,NA,NA,NA,NA,NA,NA,NA,NA,NA,NA,NA,NA,NA,NA,NA,NA,NA,NA,NA,NA,NA,1.57549
522,0.249554,32.5602,139,"2026-05-30_HWCPW",3.80833899294823,NA,NA,NA,NA,NA,NA,NA,NA,NA,NA,NA,NA,NA,NA,NA,NA,NA,NA,NA,NA,NA,1.57549
523,0.25,32.5602,138,"2026-05-30_HWCPW",3.80833899294823,NA,NA,NA,NA,NA,NA,NA,NA,NA,NA,NA,NA,NA,NA,NA,NA,NA,NA,NA,NA,NA,1.57549
524,0.25,31.894,138,"2026-05-30_HWCPW",3.7624631592149,NA,NA,NA,NA,NA,NA,NA,NA,NA,NA,NA,NA,NA,NA,NA,NA,NA,NA,NA,NA,NA,1.5947
525,0.250455,31.894,138,"2026-05-30_HWCPW",3.7624631592149,NA,NA,NA,NA,NA,NA,NA,NA,NA,NA,NA,NA,NA,NA,NA,NA,NA,NA,NA,NA,NA,1.5947
526,0.250909,31.894,138,"2026-05-30_HWCPW",3.7624631592149,NA,NA,NA,NA,NA,NA,NA,NA,NA,NA,NA,NA,NA,NA,NA,NA,NA,NA,NA,NA,NA,1.5947
527,0.251364,31.894,138,"2026-05-30_HWCPW",3.7624631592149,NA,NA,NA,NA,NA,NA,NA,NA,NA,NA,NA,NA,NA,NA,NA,NA,NA,NA,NA,NA,NA,1.5947
528,0.251818,31.894,137,"2026-05-30_HWCPW",3.7624631592149,NA,NA,NA,NA,NA,NA,NA,NA,NA,NA,NA,NA,NA,NA,NA,NA,NA,NA,NA,NA,NA,1.5947
529,0.252273,31.894,136,"2026-05-30_HWCPW",3.7624631592149,NA,NA,NA,NA,NA,NA,NA,NA,NA,NA,NA,NA,NA,NA,NA,NA,NA,NA,NA,NA,NA,1.5947
530,0.252727,31.894,136,"2026-05-30_HWCPW",3.7624631592149,NA,NA,NA,NA,NA,NA,NA,NA,NA,NA,NA,NA,NA,NA,NA,NA,NA,NA,NA,NA,NA,1.5947
531,0.253182,31.894,135,"2026-05-30_HWCPW",3.7624631592149,NA,NA,NA,NA,NA,NA,NA,NA,NA,NA,NA,NA,NA,NA,NA,NA,NA,NA,NA,NA,NA,1.5947
532,0.253636,31.894,134,"2026-05-30_HWCPW",3.7624631592149,NA,NA,NA,NA,NA,NA,NA,NA,NA,NA,NA,NA,NA,NA,NA,NA,NA,NA,NA,NA,NA,1.5947
533,0.254091,31.894,134,"2026-05-30_HWCPW",3.7624631592149,NA,NA,NA,NA,NA,NA,NA,NA,NA,NA,NA,NA,NA,NA,NA,NA,NA,NA,NA,NA,NA,1.5947
534,0.254545,31.894,134,"2026-05-30_HWCPW",3.7624631592149,NA,NA,NA,NA,NA,NA,NA,NA,NA,NA,NA,NA,NA,NA,NA,NA,NA,NA,NA,NA,NA,1.5947
535,0.255,31.894,134,"2026-05-30_HWCPW",3.7624631592149,NA,NA,NA,NA,NA,NA,NA,NA,NA,NA,NA,NA,NA,NA,NA,NA,NA,NA,NA,NA,NA,1.5947
536,0.255455,31.894,134,"2026-05-30_HWCPW",3.7624631592149,NA,NA,NA,NA,NA,NA,NA,NA,NA,NA,NA,NA,NA,NA,NA,NA,NA,NA,NA,NA,NA,1.5947
537,0.255909,31.894,134,"2026-05-30_HWCPW",3.7624631592149,NA,NA,NA,NA,NA,NA,NA,NA,NA,NA,NA,NA,NA,NA,NA,NA,NA,NA,NA,NA,NA,1.5947
538,0.256364,31.894,133,"2026-05-30_HWCPW",3.7624631592149,NA,NA,NA,NA,NA,NA,NA,NA,NA,NA,NA,NA,NA,NA,NA,NA,NA,NA,NA,NA,NA,1.5947
539,0.256818,31.894,133,"2026-05-30_HWCPW",3.7624631592149,NA,NA,NA,NA,NA,NA,NA,NA,NA,NA,NA,NA,NA,NA,NA,NA,NA,NA,NA,NA,NA,1.5947
540,0.257273,31.894,133,"2026-05-30_HWCPW",3.7624631592149,NA,NA,NA,NA,NA,NA,NA,NA,NA,NA,NA,NA,NA,NA,NA,NA,NA,NA,NA,NA,NA,1.5947
541,0.257727,31.894,133,"2026-05-30_HWCPW",3.7624631592149,NA,NA,NA,NA,NA,NA,NA,NA,NA,NA,NA,NA,NA,NA,NA,NA,NA,NA,NA,NA,NA,1.5947
542,0.258182,31.894,133,"2026-05-30_HWCPW",3.7624631592149,NA,NA,NA,NA,NA,NA,NA,NA,NA,NA,NA,NA,NA,NA,NA,NA,NA,NA,NA,NA,NA,1.5947
543,0.258636,31.894,134,"2026-05-30_HWCPW",3.7624631592149,NA,NA,NA,NA,NA,NA,NA,NA,NA,NA,NA,NA,NA,NA,NA,NA,NA,NA,NA,NA,NA,1.5947
544,0.259091,31.894,134,"2026-05-30_HWCPW",3.7624631592149,NA,NA,NA,NA,NA,NA,NA,NA,NA,NA,NA,NA,NA,NA,NA,NA,NA,NA,NA,NA,NA,1.5947
545,0.259545,31.894,134,"2026-05-30_HWCPW",3.7624631592149,NA,NA,NA,NA,NA,NA,NA,NA,NA,NA,NA,NA,NA,NA,NA,NA,NA,NA,NA,NA,NA,1.5947
546,0.26,31.894,135,"2026-05-30_HWCPW",3.7624631592149,NA,NA,NA,NA,NA,NA,NA,NA,NA,NA,NA,NA,NA,NA,NA,NA,NA,NA,NA,NA,NA,1.5947
547,0.260455,31.894,135,"2026-05-30_HWCPW",3.7624631592149,NA,NA,NA,NA,NA,NA,NA,NA,NA,NA,NA,NA,NA,NA,NA,NA,NA,NA,NA,NA,NA,1.5947
548,0.260909,31.894,135,"2026-05-30_HWCPW",3.7624631592149,NA,NA,NA,NA,NA,NA,NA,NA,NA,NA,NA,NA,NA,NA,NA,NA,NA,NA,NA,NA,NA,1.5947
549,0.261364,31.894,136,"2026-05-30_HWCPW",3.7624631592149,NA,NA,NA,NA,NA,NA,NA,NA,NA,NA,NA,NA,NA,NA,NA,NA,NA,NA,NA,NA,NA,1.5947
550,0.261818,31.894,136,"2026-05-30_HWCPW",3.7624631592149,NA,NA,NA,NA,NA,NA,NA,NA,NA,NA,NA,NA,NA,NA,NA,NA,NA,NA,NA,NA,NA,1.5947
551,0.262273,31.894,136,"2026-05-30_HWCPW",3.7624631592149,NA,NA,NA,NA,NA,NA,NA,NA,NA,NA,NA,NA,NA,NA,NA,NA,NA,NA,NA,NA,NA,1.5947
552,0.262727,31.894,136,"2026-05-30_HWCPW",3.7624631592149,NA,NA,NA,NA,NA,NA,NA,NA,NA,NA,NA,NA,NA,NA,NA,NA,NA,NA,NA,NA,NA,1.5947
553,0.263182,31.894,137,"2026-05-30_HWCPW",3.7624631592149,NA,NA,NA,NA,NA,NA,NA,NA,NA,NA,NA,NA,NA,NA,NA,NA,NA,NA,NA,NA,NA,1.5947
554,0.263636,31.894,137,"2026-05-30_HWCPW",3.7624631592149,NA,NA,NA,NA,NA,NA,NA,NA,NA,NA,NA,NA,NA,NA,NA,NA,NA,NA,NA,NA,NA,1.5947
555,0.264091,31.894,137,"2026-05-30_HWCPW",3.7624631592149,NA,NA,NA,NA,NA,NA,NA,NA,NA,NA,NA,NA,NA,NA,NA,NA,NA,NA,NA,NA,NA,1.5947
556,0.264545,31.894,137,"2026-05-30_HWCPW",3.7624631592149,NA,NA,NA,NA,NA,NA,NA,NA,NA,NA,NA,NA,NA,NA,NA,NA,NA,NA,NA,NA,NA,1.5947
557,0.265,31.894,137,"2026-05-30_HWCPW",3.7624631592149,NA,NA,NA,NA,NA,NA,NA,NA,NA,NA,NA,NA,NA,NA,NA,NA,NA,NA,NA,NA,NA,1.5947
558,0.265455,31.894,137,"2026-05-30_HWCPW",3.7624631592149,NA,NA,NA,NA,NA,NA,NA,NA,NA,NA,NA,NA,NA,NA,NA,NA,NA,NA,NA,NA,NA,1.5947
559,0.265909,31.894,136,"2026-05-30_HWCPW",3.7624631592149,NA,NA,NA,NA,NA,NA,NA,NA,NA,NA,NA,NA,NA,NA,NA,NA,NA,NA,NA,NA,NA,1.5947
560,0.266364,31.894,137,"2026-05-30_HWCPW",3.7624631592149,NA,NA,NA,NA,NA,NA,NA,NA,NA,NA,NA,NA,NA,NA,NA,NA,NA,NA,NA,NA,NA,1.5947
561,0.266818,31.894,136,"2026-05-30_HWCPW",3.7624631592149,NA,NA,NA,NA,NA,NA,NA,NA,NA,NA,NA,NA,NA,NA,NA,NA,NA,NA,NA,NA,NA,1.5947
562,0.267273,31.894,136,"2026-05-30_HWCPW",3.7624631592149,NA,NA,NA,NA,NA,NA,NA,NA,NA,NA,NA,NA,NA,NA,NA,NA,NA,NA,NA,NA,NA,1.5947
563,0.267727,31.894,136,"2026-05-30_HWCPW",3.7624631592149,NA,NA,NA,NA,NA,NA,NA,NA,NA,NA,NA,NA,NA,NA,NA,NA,NA,NA,NA,NA,NA,1.5947
564,0.268182,31.894,136,"2026-05-30_HWCPW",3.7624631592149,NA,NA,NA,NA,NA,NA,NA,NA,NA,NA,NA,NA,NA,NA,NA,NA,NA,NA,NA,NA,NA,1.5947
565,0.268636,31.894,136,"2026-05-30_HWCPW",3.7624631592149,NA,NA,NA,NA,NA,NA,NA,NA,NA,NA,NA,NA,NA,NA,NA,NA,NA,NA,NA,NA,NA,1.5947
566,0.269091,31.894,136,"2026-05-30_HWCPW",3.7624631592149,NA,NA,NA,NA,NA,NA,NA,NA,NA,NA,NA,NA,NA,NA,NA,NA,NA,NA,NA,NA,NA,1.5947
567,0.269545,31.894,137,"2026-05-30_HWCPW",3.7624631592149,NA,NA,NA,NA,NA,NA,NA,NA,NA,NA,NA,NA,NA,NA,NA,NA,NA,NA,NA,NA,NA,1.5947
568,0.27,31.894,136,"2026-05-30_HWCPW",3.7624631592149,NA,NA,NA,NA,NA,NA,NA,NA,NA,NA,NA,NA,NA,NA,NA,NA,NA,NA,NA,NA,NA,1.5947
569,0.270455,31.894,136,"2026-05-30_HWCPW",3.7624631592149,NA,NA,NA,NA,NA,NA,NA,NA,NA,NA,NA,NA,NA,NA,NA,NA,NA,NA,NA,NA,NA,1.5947
570,0.270909,31.894,137,"2026-05-30_HWCPW",3.7624631592149,NA,NA,NA,NA,NA,NA,NA,NA,NA,NA,NA,NA,NA,NA,NA,NA,NA,NA,NA,NA,NA,1.5947
571,0.271364,31.894,136,"2026-05-30_HWCPW",3.7624631592149,NA,NA,NA,NA,NA,NA,NA,NA,NA,NA,NA,NA,NA,NA,NA,NA,NA,NA,NA,NA,NA,1.5947
572,0.271818,31.894,136,"2026-05-30_HWCPW",3.7624631592149,NA,NA,NA,NA,NA,NA,NA,NA,NA,NA,NA,NA,NA,NA,NA,NA,NA,NA,NA,NA,NA,1.5947
573,0.272273,31.894,136,"2026-05-30_HWCPW",3.7624631592149,NA,NA,NA,NA,NA,NA,NA,NA,NA,NA,NA,NA,NA,NA,NA,NA,NA,NA,NA,NA,NA,1.5947
574,0.272727,31.894,136,"2026-05-30_HWCPW",3.7624631592149,NA,NA,NA,NA,NA,NA,NA,NA,NA,NA,NA,NA,NA,NA,NA,NA,NA,NA,NA,NA,NA,1.5947
575,0.273182,31.894,136,"2026-05-30_HWCPW",3.7624631592149,NA,NA,NA,NA,NA,NA,NA,NA,NA,NA,NA,NA,NA,NA,NA,NA,NA,NA,NA,NA,NA,1.5947
576,0.273636,31.894,136,"2026-05-30_HWCPW",3.7624631592149,NA,NA,NA,NA,NA,NA,NA,NA,NA,NA,NA,NA,NA,NA,NA,NA,NA,NA,NA,NA,NA,1.5947
577,0.274091,31.894,135,"2026-05-30_HWCPW",3.7624631592149,NA,NA,NA,NA,NA,NA,NA,NA,NA,NA,NA,NA,NA,NA,NA,NA,NA,NA,NA,NA,NA,1.5947
578,0.274545,31.894,135,"2026-05-30_HWCPW",3.7624631592149,NA,NA,NA,NA,NA,NA,NA,NA,NA,NA,NA,NA,NA,NA,NA,NA,NA,NA,NA,NA,NA,1.5947
579,0.275,31.894,135,"2026-05-30_HWCPW",3.7624631592149,NA,NA,NA,NA,NA,NA,NA,NA,NA,NA,NA,NA,NA,NA,NA,NA,NA,NA,NA,NA,NA,1.5947
580,0.275,34.5324,135,"2026-05-30_HWCPW",3.47499739375195,NA,NA,NA,NA,NA,NA,NA,NA,NA,NA,NA,NA,NA,NA,NA,NA,NA,NA,NA,NA,NA,1.72662
581,0.27549,34.5324,135,"2026-05-30_HWCPW",3.47499739375195,NA,NA,NA,NA,NA,NA,NA,NA,NA,NA,NA,NA,NA,NA,NA,NA,NA,NA,NA,NA,NA,1.72662
582,0.27598,34.5324,134,"2026-05-30_HWCPW",3.47499739375195,NA,NA,NA,NA,NA,NA,NA,NA,NA,NA,NA,NA,NA,NA,NA,NA,NA,NA,NA,NA,NA,1.72662
583,0.276471,34.5324,135,"2026-05-30_HWCPW",3.47499739375195,NA,NA,NA,NA,NA,NA,NA,NA,NA,NA,NA,NA,NA,NA,NA,NA,NA,NA,NA,NA,NA,1.72662
584,0.276961,34.5324,134,"2026-05-30_HWCPW",3.47499739375195,NA,NA,NA,NA,NA,NA,NA,NA,NA,NA,NA,NA,NA,NA,NA,NA,NA,NA,NA,NA,NA,1.72662
585,0.277451,34.5324,134,"2026-05-30_HWCPW",3.47499739375195,NA,NA,NA,NA,NA,NA,NA,NA,NA,NA,NA,NA,NA,NA,NA,NA,NA,NA,NA,NA,NA,1.72662
586,0.277941,34.5324,134,"2026-05-30_HWCPW",3.47499739375195,NA,NA,NA,NA,NA,NA,NA,NA,NA,NA,NA,NA,NA,NA,NA,NA,NA,NA,NA,NA,NA,1.72662
587,0.278431,34.5324,133,"2026-05-30_HWCPW",3.47499739375195,NA,NA,NA,NA,NA,NA,NA,NA,NA,NA,NA,NA,NA,NA,NA,NA,NA,NA,NA,NA,NA,1.72662
588,0.278922,34.5324,133,"2026-05-30_HWCPW",3.47499739375195,NA,NA,NA,NA,NA,NA,NA,NA,NA,NA,NA,NA,NA,NA,NA,NA,NA,NA,NA,NA,NA,1.72662
589,0.279412,34.5324,133,"2026-05-30_HWCPW",3.47499739375195,NA,NA,NA,NA,NA,NA,NA,NA,NA,NA,NA,NA,NA,NA,NA,NA,NA,NA,NA,NA,NA,1.72662
590,0.279902,34.5324,133,"2026-05-30_HWCPW",3.47499739375195,NA,NA,NA,NA,NA,NA,NA,NA,NA,NA,NA,NA,NA,NA,NA,NA,NA,NA,NA,NA,NA,1.72662
591,0.280392,34.5324,133,"2026-05-30_HWCPW",3.47499739375195,NA,NA,NA,NA,NA,NA,NA,NA,NA,NA,NA,NA,NA,NA,NA,NA,NA,NA,NA,NA,NA,1.72662
592,0.280882,34.5324,133,"2026-05-30_HWCPW",3.47499739375195,NA,NA,NA,NA,NA,NA,NA,NA,NA,NA,NA,NA,NA,NA,NA,NA,NA,NA,NA,NA,NA,1.72662
593,0.281373,34.5324,134,"2026-05-30_HWCPW",3.47499739375195,NA,NA,NA,NA,NA,NA,NA,NA,NA,NA,NA,NA,NA,NA,NA,NA,NA,NA,NA,NA,NA,1.72662
594,0.281863,34.5324,134,"2026-05-30_HWCPW",3.47499739375195,NA,NA,NA,NA,NA,NA,NA,NA,NA,NA,NA,NA,NA,NA,NA,NA,NA,NA,NA,NA,NA,1.72662
595,0.282353,34.5324,135,"2026-05-30_HWCPW",3.47499739375195,NA,NA,NA,NA,NA,NA,NA,NA,NA,NA,NA,NA,NA,NA,NA,NA,NA,NA,NA,NA,NA,1.72662
596,0.282843,34.5324,135,"2026-05-30_HWCPW",3.47499739375195,NA,NA,NA,NA,NA,NA,NA,NA,NA,NA,NA,NA,NA,NA,NA,NA,NA,NA,NA,NA,NA,1.72662
597,0.283333,34.5324,136,"2026-05-30_HWCPW",3.47499739375195,NA,NA,NA,NA,NA,NA,NA,NA,NA,NA,NA,NA,NA,NA,NA,NA,NA,NA,NA,NA,NA,1.72662
598,0.283824,34.5324,136,"2026-05-30_HWCPW",3.47499739375195,NA,NA,NA,NA,NA,NA,NA,NA,NA,NA,NA,NA,NA,NA,NA,NA,NA,NA,NA,NA,NA,1.72662
599,0.284314,34.5324,136,"2026-05-30_HWCPW",3.47499739375195,NA,NA,NA,NA,NA,NA,NA,NA,NA,NA,NA,NA,NA,NA,NA,NA,NA,NA,NA,NA,NA,1.72662
600,0.284804,34.5324,136,"2026-05-30_HWCPW",3.47499739375195,NA,NA,NA,NA,NA,NA,NA,NA,NA,NA,NA,NA,NA,NA,NA,NA,NA,NA,NA,NA,NA,1.72662
601,0.285294,34.5324,136,"2026-05-30_HWCPW",3.47499739375195,NA,NA,NA,NA,NA,NA,NA,NA,NA,NA,NA,NA,NA,NA,NA,NA,NA,NA,NA,NA,NA,1.72662
602,0.285784,34.5324,136,"2026-05-30_HWCPW",3.47499739375195,NA,NA,NA,NA,NA,NA,NA,NA,NA,NA,NA,NA,NA,NA,NA,NA,NA,NA,NA,NA,NA,1.72662
603,0.286275,34.5324,136,"2026-05-30_HWCPW",3.47499739375195,NA,NA,NA,NA,NA,NA,NA,NA,NA,NA,NA,NA,NA,NA,NA,NA,NA,NA,NA,NA,NA,1.72662
604,0.286765,34.5324,136,"2026-05-30_HWCPW",3.47499739375195,NA,NA,NA,NA,NA,NA,NA,NA,NA,NA,NA,NA,NA,NA,NA,NA,NA,NA,NA,NA,NA,1.72662
605,0.287255,34.5324,137,"2026-05-30_HWCPW",3.47499739375195,NA,NA,NA,NA,NA,NA,NA,NA,NA,NA,NA,NA,NA,NA,NA,NA,NA,NA,NA,NA,NA,1.72662
606,0.287745,34.5324,137,"2026-05-30_HWCPW",3.47499739375195,NA,NA,NA,NA,NA,NA,NA,NA,NA,NA,NA,NA,NA,NA,NA,NA,NA,NA,NA,NA,NA,1.72662
607,0.288235,34.5324,137,"2026-05-30_HWCPW",3.47499739375195,NA,NA,NA,NA,NA,NA,NA,NA,NA,NA,NA,NA,NA,NA,NA,NA,NA,NA,NA,NA,NA,1.72662
608,0.288725,34.5324,137,"2026-05-30_HWCPW",3.47499739375195,NA,NA,NA,NA,NA,NA,NA,NA,NA,NA,NA,NA,NA,NA,NA,NA,NA,NA,NA,NA,NA,1.72662
609,0.289216,34.5324,137,"2026-05-30_HWCPW",3.47499739375195,NA,NA,NA,NA,NA,NA,NA,NA,NA,NA,NA,NA,NA,NA,NA,NA,NA,NA,NA,NA,NA,1.72662
610,0.289706,34.5324,137,"2026-05-30_HWCPW",3.47499739375195,NA,NA,NA,NA,NA,NA,NA,NA,NA,NA,NA,NA,NA,NA,NA,NA,NA,NA,NA,NA,NA,1.72662
611,0.290196,34.5324,137,"2026-05-30_HWCPW",3.47499739375195,NA,NA,NA,NA,NA,NA,NA,NA,NA,NA,NA,NA,NA,NA,NA,NA,NA,NA,NA,NA,NA,1.72662
612,0.290686,34.5324,137,"2026-05-30_HWCPW",3.47499739375195,NA,NA,NA,NA,NA,NA,NA,NA,NA,NA,NA,NA,NA,NA,NA,NA,NA,NA,NA,NA,NA,1.72662
613,0.291176,34.5324,136,"2026-05-30_HWCPW",3.47499739375195,NA,NA,NA,NA,NA,NA,NA,NA,NA,NA,NA,NA,NA,NA,NA,NA,NA,NA,NA,NA,NA,1.72662
614,0.291667,34.5324,136,"2026-05-30_HWCPW",3.47499739375195,NA,NA,NA,NA,NA,NA,NA,NA,NA,NA,NA,NA,NA,NA,NA,NA,NA,NA,NA,NA,NA,1.72662
615,0.292157,34.5324,136,"2026-05-30_HWCPW",3.47499739375195,NA,NA,NA,NA,NA,NA,NA,NA,NA,NA,NA,NA,NA,NA,NA,NA,NA,NA,NA,NA,NA,1.72662
616,0.292647,34.5324,136,"2026-05-30_HWCPW",3.47499739375195,NA,NA,NA,NA,NA,NA,NA,NA,NA,NA,NA,NA,NA,NA,NA,NA,NA,NA,NA,NA,NA,1.72662
617,0.293137,34.5324,136,"2026-05-30_HWCPW",3.47499739375195,NA,NA,NA,NA,NA,NA,NA,NA,NA,NA,NA,NA,NA,NA,NA,NA,NA,NA,NA,NA,NA,1.72662
618,0.293627,34.5324,136,"2026-05-30_HWCPW",3.47499739375195,NA,NA,NA,NA,NA,NA,NA,NA,NA,NA,NA,NA,NA,NA,NA,NA,NA,NA,NA,NA,NA,1.72662
619,0.294118,34.5324,136,"2026-05-30_HWCPW",3.47499739375195,NA,NA,NA,NA,NA,NA,NA,NA,NA,NA,NA,NA,NA,NA,NA,NA,NA,NA,NA,NA,NA,1.72662
620,0.294608,34.5324,136,"2026-05-30_HWCPW",3.47499739375195,NA,NA,NA,NA,NA,NA,NA,NA,NA,NA,NA,NA,NA,NA,NA,NA,NA,NA,NA,NA,NA,1.72662
621,0.295098,34.5324,136,"2026-05-30_HWCPW",3.47499739375195,NA,NA,NA,NA,NA,NA,NA,NA,NA,NA,NA,NA,NA,NA,NA,NA,NA,NA,NA,NA,NA,1.72662
622,0.295588,34.5324,136,"2026-05-30_HWCPW",3.47499739375195,NA,NA,NA,NA,NA,NA,NA,NA,NA,NA,NA,NA,NA,NA,NA,NA,NA,NA,NA,NA,NA,1.72662
623,0.296078,34.5324,136,"2026-05-30_HWCPW",3.47499739375195,NA,NA,NA,NA,NA,NA,NA,NA,NA,NA,NA,NA,NA,NA,NA,NA,NA,NA,NA,NA,NA,1.72662
624,0.296569,34.5324,137,"2026-05-30_HWCPW",3.47499739375195,NA,NA,NA,NA,NA,NA,NA,NA,NA,NA,NA,NA,NA,NA,NA,NA,NA,NA,NA,NA,NA,1.72662
625,0.297059,34.5324,137,"2026-05-30_HWCPW",3.47499739375195,NA,NA,NA,NA,NA,NA,NA,NA,NA,NA,NA,NA,NA,NA,NA,NA,NA,NA,NA,NA,NA,1.72662
626,0.297549,34.5324,137,"2026-05-30_HWCPW",3.47499739375195,NA,NA,NA,NA,NA,NA,NA,NA,NA,NA,NA,NA,NA,NA,NA,NA,NA,NA,NA,NA,NA,1.72662
627,0.298039,34.5324,137,"2026-05-30_HWCPW",3.47499739375195,NA,NA,NA,NA,NA,NA,NA,NA,NA,NA,NA,NA,NA,NA,NA,NA,NA,NA,NA,NA,NA,1.72662
628,0.298529,34.5324,137,"2026-05-30_HWCPW",3.47499739375195,NA,NA,NA,NA,NA,NA,NA,NA,NA,NA,NA,NA,NA,NA,NA,NA,NA,NA,NA,NA,NA,1.72662
629,0.29902,34.5324,137,"2026-05-30_HWCPW",3.47499739375195,NA,NA,NA,NA,NA,NA,NA,NA,NA,NA,NA,NA,NA,NA,NA,NA,NA,NA,NA,NA,NA,1.72662
630,0.29951,34.5324,138,"2026-05-30_HWCPW",3.47499739375195,NA,NA,NA,NA,NA,NA,NA,NA,NA,NA,NA,NA,NA,NA,NA,NA,NA,NA,NA,NA,NA,1.72662
631,0.3,34.5324,138,"2026-05-30_HWCPW",3.47499739375195,NA,NA,NA,NA,NA,NA,NA,NA,NA,NA,NA,NA,NA,NA,NA,NA,NA,NA,NA,NA,NA,1.72662
632,0.3,31.703,138,"2026-05-30_HWCPW",4.0374677002584,NA,NA,NA,NA,NA,NA,NA,NA,NA,NA,NA,NA,NA,NA,NA,NA,NA,NA,NA,NA,NA,1.48608
633,0.300417,31.703,138,"2026-05-30_HWCPW",4.0374677002584,NA,NA,NA,NA,NA,NA,NA,NA,NA,NA,NA,NA,NA,NA,NA,NA,NA,NA,NA,NA,NA,1.48608
634,0.300833,31.703,138,"2026-05-30_HWCPW",4.0374677002584,NA,NA,NA,NA,NA,NA,NA,NA,NA,NA,NA,NA,NA,NA,NA,NA,NA,NA,NA,NA,NA,1.48608
635,0.30125,31.703,138,"2026-05-30_HWCPW",4.0374677002584,NA,NA,NA,NA,NA,NA,NA,NA,NA,NA,NA,NA,NA,NA,NA,NA,NA,NA,NA,NA,NA,1.48608
636,0.301667,31.703,138,"2026-05-30_HWCPW",4.0374677002584,NA,NA,NA,NA,NA,NA,NA,NA,NA,NA,NA,NA,NA,NA,NA,NA,NA,NA,NA,NA,NA,1.48608
637,0.302083,31.703,138,"2026-05-30_HWCPW",4.0374677002584,NA,NA,NA,NA,NA,NA,NA,NA,NA,NA,NA,NA,NA,NA,NA,NA,NA,NA,NA,NA,NA,1.48608
638,0.3025,31.703,138,"2026-05-30_HWCPW",4.0374677002584,NA,NA,NA,NA,NA,NA,NA,NA,NA,NA,NA,NA,NA,NA,NA,NA,NA,NA,NA,NA,NA,1.48608
639,0.302917,31.703,137,"2026-05-30_HWCPW",4.0374677002584,NA,NA,NA,NA,NA,NA,NA,NA,NA,NA,NA,NA,NA,NA,NA,NA,NA,NA,NA,NA,NA,1.48608
640,0.303333,31.703,137,"2026-05-30_HWCPW",4.0374677002584,NA,NA,NA,NA,NA,NA,NA,NA,NA,NA,NA,NA,NA,NA,NA,NA,NA,NA,NA,NA,NA,1.48608
641,0.30375,31.703,138,"2026-05-30_HWCPW",4.0374677002584,NA,NA,NA,NA,NA,NA,NA,NA,NA,NA,NA,NA,NA,NA,NA,NA,NA,NA,NA,NA,NA,1.48608
642,0.304167,31.703,138,"2026-05-30_HWCPW",4.0374677002584,NA,NA,NA,NA,NA,NA,NA,NA,NA,NA,NA,NA,NA,NA,NA,NA,NA,NA,NA,NA,NA,1.48608
643,0.304583,31.703,137,"2026-05-30_HWCPW",4.0374677002584,NA,NA,NA,NA,NA,NA,NA,NA,NA,NA,NA,NA,NA,NA,NA,NA,NA,NA,NA,NA,NA,1.48608
644,0.305,31.703,137,"2026-05-30_HWCPW",4.0374677002584,NA,NA,NA,NA,NA,NA,NA,NA,NA,NA,NA,NA,NA,NA,NA,NA,NA,NA,NA,NA,NA,1.48608
645,0.305417,31.703,137,"2026-05-30_HWCPW",4.0374677002584,NA,NA,NA,NA,NA,NA,NA,NA,NA,NA,NA,NA,NA,NA,NA,NA,NA,NA,NA,NA,NA,1.48608
646,0.305833,31.703,136,"2026-05-30_HWCPW",4.0374677002584,NA,NA,NA,NA,NA,NA,NA,NA,NA,NA,NA,NA,NA,NA,NA,NA,NA,NA,NA,NA,NA,1.48608
647,0.30625,31.703,137,"2026-05-30_HWCPW",4.0374677002584,NA,NA,NA,NA,NA,NA,NA,NA,NA,NA,NA,NA,NA,NA,NA,NA,NA,NA,NA,NA,NA,1.48608
648,0.306667,31.703,137,"2026-05-30_HWCPW",4.0374677002584,NA,NA,NA,NA,NA,NA,NA,NA,NA,NA,NA,NA,NA,NA,NA,NA,NA,NA,NA,NA,NA,1.48608
649,0.307083,31.703,138,"2026-05-30_HWCPW",4.0374677002584,NA,NA,NA,NA,NA,NA,NA,NA,NA,NA,NA,NA,NA,NA,NA,NA,NA,NA,NA,NA,NA,1.48608
650,0.3075,31.703,138,"2026-05-30_HWCPW",4.0374677002584,NA,NA,NA,NA,NA,NA,NA,NA,NA,NA,NA,NA,NA,NA,NA,NA,NA,NA,NA,NA,NA,1.48608
651,0.307917,31.703,139,"2026-05-30_HWCPW",4.0374677002584,NA,NA,NA,NA,NA,NA,NA,NA,NA,NA,NA,NA,NA,NA,NA,NA,NA,NA,NA,NA,NA,1.48608
652,0.308333,31.703,139,"2026-05-30_HWCPW",4.0374677002584,NA,NA,NA,NA,NA,NA,NA,NA,NA,NA,NA,NA,NA,NA,NA,NA,NA,NA,NA,NA,NA,1.48608
653,0.30875,31.703,140,"2026-05-30_HWCPW",4.0374677002584,NA,NA,NA,NA,NA,NA,NA,NA,NA,NA,NA,NA,NA,NA,NA,NA,NA,NA,NA,NA,NA,1.48608
654,0.309167,31.703,140,"2026-05-30_HWCPW",4.0374677002584,NA,NA,NA,NA,NA,NA,NA,NA,NA,NA,NA,NA,NA,NA,NA,NA,NA,NA,NA,NA,NA,1.48608
655,0.309583,31.703,140,"2026-05-30_HWCPW",4.0374677002584,NA,NA,NA,NA,NA,NA,NA,NA,NA,NA,NA,NA,NA,NA,NA,NA,NA,NA,NA,NA,NA,1.48608
656,0.31,31.703,141,"2026-05-30_HWCPW",4.0374677002584,NA,NA,NA,NA,NA,NA,NA,NA,NA,NA,NA,NA,NA,NA,NA,NA,NA,NA,NA,NA,NA,1.48608
657,0.310417,31.703,141,"2026-05-30_HWCPW",4.0374677002584,NA,NA,NA,NA,NA,NA,NA,NA,NA,NA,NA,NA,NA,NA,NA,NA,NA,NA,NA,NA,NA,1.48608
658,0.310833,31.703,141,"2026-05-30_HWCPW",4.0374677002584,NA,NA,NA,NA,NA,NA,NA,NA,NA,NA,NA,NA,NA,NA,NA,NA,NA,NA,NA,NA,NA,1.48608
659,0.31125,31.703,141,"2026-05-30_HWCPW",4.0374677002584,NA,NA,NA,NA,NA,NA,NA,NA,NA,NA,NA,NA,NA,NA,NA,NA,NA,NA,NA,NA,NA,1.48608
660,0.311667,31.703,141,"2026-05-30_HWCPW",4.0374677002584,NA,NA,NA,NA,NA,NA,NA,NA,NA,NA,NA,NA,NA,NA,NA,NA,NA,NA,NA,NA,NA,1.48608
661,0.312083,31.703,141,"2026-05-30_HWCPW",4.0374677002584,NA,NA,NA,NA,NA,NA,NA,NA,NA,NA,NA,NA,NA,NA,NA,NA,NA,NA,NA,NA,NA,1.48608
662,0.3125,31.703,141,"2026-05-30_HWCPW",4.0374677002584,NA,NA,NA,NA,NA,NA,NA,NA,NA,NA,NA,NA,NA,NA,NA,NA,NA,NA,NA,NA,NA,1.48608
663,0.312917,31.703,140,"2026-05-30_HWCPW",4.0374677002584,NA,NA,NA,NA,NA,NA,NA,NA,NA,NA,NA,NA,NA,NA,NA,NA,NA,NA,NA,NA,NA,1.48608
664,0.313333,31.703,141,"2026-05-30_HWCPW",4.0374677002584,NA,NA,NA,NA,NA,NA,NA,NA,NA,NA,NA,NA,NA,NA,NA,NA,NA,NA,NA,NA,NA,1.48608
665,0.31375,31.703,141,"2026-05-30_HWCPW",4.0374677002584,NA,NA,NA,NA,NA,NA,NA,NA,NA,NA,NA,NA,NA,NA,NA,NA,NA,NA,NA,NA,NA,1.48608
666,0.314167,31.703,141,"2026-05-30_HWCPW",4.0374677002584,NA,NA,NA,NA,NA,NA,NA,NA,NA,NA,NA,NA,NA,NA,NA,NA,NA,NA,NA,NA,NA,1.48608
667,0.314583,31.703,141,"2026-05-30_HWCPW",4.0374677002584,NA,NA,NA,NA,NA,NA,NA,NA,NA,NA,NA,NA,NA,NA,NA,NA,NA,NA,NA,NA,NA,1.48608
668,0.315,31.703,141,"2026-05-30_HWCPW",4.0374677002584,NA,NA,NA,NA,NA,NA,NA,NA,NA,NA,NA,NA,NA,NA,NA,NA,NA,NA,NA,NA,NA,1.48608
669,0.315417,31.703,141,"2026-05-30_HWCPW",4.0374677002584,NA,NA,NA,NA,NA,NA,NA,NA,NA,NA,NA,NA,NA,NA,NA,NA,NA,NA,NA,NA,NA,1.48608
670,0.315833,31.703,141,"2026-05-30_HWCPW",4.0374677002584,NA,NA,NA,NA,NA,NA,NA,NA,NA,NA,NA,NA,NA,NA,NA,NA,NA,NA,NA,NA,NA,1.48608
671,0.31625,31.703,141,"2026-05-30_HWCPW",4.0374677002584,NA,NA,NA,NA,NA,NA,NA,NA,NA,NA,NA,NA,NA,NA,NA,NA,NA,NA,NA,NA,NA,1.48608
672,0.316667,31.703,141,"2026-05-30_HWCPW",4.0374677002584,NA,NA,NA,NA,NA,NA,NA,NA,NA,NA,NA,NA,NA,NA,NA,NA,NA,NA,NA,NA,NA,1.48608
673,0.317083,31.703,141,"2026-05-30_HWCPW",4.0374677002584,NA,NA,NA,NA,NA,NA,NA,NA,NA,NA,NA,NA,NA,NA,NA,NA,NA,NA,NA,NA,NA,1.48608
674,0.3175,31.703,141,"2026-05-30_HWCPW",4.0374677002584,NA,NA,NA,NA,NA,NA,NA,NA,NA,NA,NA,NA,NA,NA,NA,NA,NA,NA,NA,NA,NA,1.48608
675,0.317917,31.703,141,"2026-05-30_HWCPW",4.0374677002584,NA,NA,NA,NA,NA,NA,NA,NA,NA,NA,NA,NA,NA,NA,NA,NA,NA,NA,NA,NA,NA,1.48608
676,0.318333,31.703,142,"2026-05-30_HWCPW",4.0374677002584,NA,NA,NA,NA,NA,NA,NA,NA,NA,NA,NA,NA,NA,NA,NA,NA,NA,NA,NA,NA,NA,1.48608
677,0.31875,31.703,141,"2026-05-30_HWCPW",4.0374677002584,NA,NA,NA,NA,NA,NA,NA,NA,NA,NA,NA,NA,NA,NA,NA,NA,NA,NA,NA,NA,NA,1.48608
678,0.319167,31.703,142,"2026-05-30_HWCPW",4.0374677002584,NA,NA,NA,NA,NA,NA,NA,NA,NA,NA,NA,NA,NA,NA,NA,NA,NA,NA,NA,NA,NA,1.48608
679,0.319583,31.703,142,"2026-05-30_HWCPW",4.0374677002584,NA,NA,NA,NA,NA,NA,NA,NA,NA,NA,NA,NA,NA,NA,NA,NA,NA,NA,NA,NA,NA,1.48608
680,0.32,31.703,142,"2026-05-30_HWCPW",4.0374677002584,NA,NA,NA,NA,NA,NA,NA,NA,NA,NA,NA,NA,NA,NA,NA,NA,NA,NA,NA,NA,NA,1.48608
681,0.320417,31.703,142,"2026-05-30_HWCPW",4.0374677002584,NA,NA,NA,NA,NA,NA,NA,NA,NA,NA,NA,NA,NA,NA,NA,NA,NA,NA,NA,NA,NA,1.48608
682,0.320833,31.703,142,"2026-05-30_HWCPW",4.0374677002584,NA,NA,NA,NA,NA,NA,NA,NA,NA,NA,NA,NA,NA,NA,NA,NA,NA,NA,NA,NA,NA,1.48608
683,0.32125,31.703,141,"2026-05-30_HWCPW",4.0374677002584,NA,NA,NA,NA,NA,NA,NA,NA,NA,NA,NA,NA,NA,NA,NA,NA,NA,NA,NA,NA,NA,1.48608
684,0.321667,31.703,142,"2026-05-30_HWCPW",4.0374677002584,NA,NA,NA,NA,NA,NA,NA,NA,NA,NA,NA,NA,NA,NA,NA,NA,NA,NA,NA,NA,NA,1.48608
685,0.322083,31.703,142,"2026-05-30_HWCPW",4.0374677002584,NA,NA,NA,NA,NA,NA,NA,NA,NA,NA,NA,NA,NA,NA,NA,NA,NA,NA,NA,NA,NA,1.48608
686,0.3225,31.703,142,"2026-05-30_HWCPW",4.0374677002584,NA,NA,NA,NA,NA,NA,NA,NA,NA,NA,NA,NA,NA,NA,NA,NA,NA,NA,NA,NA,NA,1.48608
687,0.322917,31.703,142,"2026-05-30_HWCPW",4.0374677002584,NA,NA,NA,NA,NA,NA,NA,NA,NA,NA,NA,NA,NA,NA,NA,NA,NA,NA,NA,NA,NA,1.48608
688,0.323333,31.703,141,"2026-05-30_HWCPW",4.0374677002584,NA,NA,NA,NA,NA,NA,NA,NA,NA,NA,NA,NA,NA,NA,NA,NA,NA,NA,NA,NA,NA,1.48608
689,0.32375,31.703,141,"2026-05-30_HWCPW",4.0374677002584,NA,NA,NA,NA,NA,NA,NA,NA,NA,NA,NA,NA,NA,NA,NA,NA,NA,NA,NA,NA,NA,1.48608
690,0.324167,31.703,141,"2026-05-30_HWCPW",4.0374677002584,NA,NA,NA,NA,NA,NA,NA,NA,NA,NA,NA,NA,NA,NA,NA,NA,NA,NA,NA,NA,NA,1.48608
691,0.324583,31.703,141,"2026-05-30_HWCPW",4.0374677002584,NA,NA,NA,NA,NA,NA,NA,NA,NA,NA,NA,NA,NA,NA,NA,NA,NA,NA,NA,NA,NA,1.48608
692,0.325,31.703,141,"2026-05-30_HWCPW",4.0374677002584,NA,NA,NA,NA,NA,NA,NA,NA,NA,NA,NA,NA,NA,NA,NA,NA,NA,NA,NA,NA,NA,1.48608
693,0.325,33.1038,141,"2026-05-30_HWCPW",3.50414072629157,NA,NA,NA,NA,NA,NA,NA,NA,NA,NA,NA,NA,NA,NA,NA,NA,NA,NA,NA,NA,NA,1.71226
694,0.325481,33.1038,140,"2026-05-30_HWCPW",3.50414072629157,NA,NA,NA,NA,NA,NA,NA,NA,NA,NA,NA,NA,NA,NA,NA,NA,NA,NA,NA,NA,NA,1.71226
695,0.325962,33.1038,140,"2026-05-30_HWCPW",3.50414072629157,NA,NA,NA,NA,NA,NA,NA,NA,NA,NA,NA,NA,NA,NA,NA,NA,NA,NA,NA,NA,NA,1.71226
696,0.326442,33.1038,140,"2026-05-30_HWCPW",3.50414072629157,NA,NA,NA,NA,NA,NA,NA,NA,NA,NA,NA,NA,NA,NA,NA,NA,NA,NA,NA,NA,NA,1.71226
697,0.326923,33.1038,141,"2026-05-30_HWCPW",3.50414072629157,NA,NA,NA,NA,NA,NA,NA,NA,NA,NA,NA,NA,NA,NA,NA,NA,NA,NA,NA,NA,NA,1.71226
698,0.327404,33.1038,141,"2026-05-30_HWCPW",3.50414072629157,NA,NA,NA,NA,NA,NA,NA,NA,NA,NA,NA,NA,NA,NA,NA,NA,NA,NA,NA,NA,NA,1.71226
699,0.327885,33.1038,141,"2026-05-30_HWCPW",3.50414072629157,NA,NA,NA,NA,NA,NA,NA,NA,NA,NA,NA,NA,NA,NA,NA,NA,NA,NA,NA,NA,NA,1.71226
700,0.328365,33.1038,141,"2026-05-30_HWCPW",3.50414072629157,NA,NA,NA,NA,NA,NA,NA,NA,NA,NA,NA,NA,NA,NA,NA,NA,NA,NA,NA,NA,NA,1.71226
701,0.328846,33.1038,140,"2026-05-30_HWCPW",3.50414072629157,NA,NA,NA,NA,NA,NA,NA,NA,NA,NA,NA,NA,NA,NA,NA,NA,NA,NA,NA,NA,NA,1.71226
702,0.329327,33.1038,140,"2026-05-30_HWCPW",3.50414072629157,NA,NA,NA,NA,NA,NA,NA,NA,NA,NA,NA,NA,NA,NA,NA,NA,NA,NA,NA,NA,NA,1.71226
703,0.329808,33.1038,140,"2026-05-30_HWCPW",3.50414072629157,NA,NA,NA,NA,NA,NA,NA,NA,NA,NA,NA,NA,NA,NA,NA,NA,NA,NA,NA,NA,NA,1.71226
704,0.330288,33.1038,140,"2026-05-30_HWCPW",3.50414072629157,NA,NA,NA,NA,NA,NA,NA,NA,NA,NA,NA,NA,NA,NA,NA,NA,NA,NA,NA,NA,NA,1.71226
705,0.330769,33.1038,141,"2026-05-30_HWCPW",3.50414072629157,NA,NA,NA,NA,NA,NA,NA,NA,NA,NA,NA,NA,NA,NA,NA,NA,NA,NA,NA,NA,NA,1.71226
706,0.33125,33.1038,141,"2026-05-30_HWCPW",3.50414072629157,NA,NA,NA,NA,NA,NA,NA,NA,NA,NA,NA,NA,NA,NA,NA,NA,NA,NA,NA,NA,NA,1.71226
707,0.331731,33.1038,141,"2026-05-30_HWCPW",3.50414072629157,NA,NA,NA,NA,NA,NA,NA,NA,NA,NA,NA,NA,NA,NA,NA,NA,NA,NA,NA,NA,NA,1.71226
708,0.332212,33.1038,142,"2026-05-30_HWCPW",3.50414072629157,NA,NA,NA,NA,NA,NA,NA,NA,NA,NA,NA,NA,NA,NA,NA,NA,NA,NA,NA,NA,NA,1.71226
709,0.332692,33.1038,143,"2026-05-30_HWCPW",3.50414072629157,NA,NA,NA,NA,NA,NA,NA,NA,NA,NA,NA,NA,NA,NA,NA,NA,NA,NA,NA,NA,NA,1.71226
710,0.333173,33.1038,144,"2026-05-30_HWCPW",3.50414072629157,NA,NA,NA,NA,NA,NA,NA,NA,NA,NA,NA,NA,NA,NA,NA,NA,NA,NA,NA,NA,NA,1.71226
711,0.333654,33.1038,144,"2026-05-30_HWCPW",3.50414072629157,NA,NA,NA,NA,NA,NA,NA,NA,NA,NA,NA,NA,NA,NA,NA,NA,NA,NA,NA,NA,NA,1.71226
712,0.334135,33.1038,145,"2026-05-30_HWCPW",3.50414072629157,NA,NA,NA,NA,NA,NA,NA,NA,NA,NA,NA,NA,NA,NA,NA,NA,NA,NA,NA,NA,NA,1.71226
713,0.334615,33.1038,145,"2026-05-30_HWCPW",3.50414072629157,NA,NA,NA,NA,NA,NA,NA,NA,NA,NA,NA,NA,NA,NA,NA,NA,NA,NA,NA,NA,NA,1.71226
714,0.335096,33.1038,145,"2026-05-30_HWCPW",3.50414072629157,NA,NA,NA,NA,NA,NA,NA,NA,NA,NA,NA,NA,NA,NA,NA,NA,NA,NA,NA,NA,NA,1.71226
715,0.335577,33.1038,146,"2026-05-30_HWCPW",3.50414072629157,NA,NA,NA,NA,NA,NA,NA,NA,NA,NA,NA,NA,NA,NA,NA,NA,NA,NA,NA,NA,NA,1.71226
716,0.336058,33.1038,146,"2026-05-30_HWCPW",3.50414072629157,NA,NA,NA,NA,NA,NA,NA,NA,NA,NA,NA,NA,NA,NA,NA,NA,NA,NA,NA,NA,NA,1.71226
717,0.336538,33.1038,146,"2026-05-30_HWCPW",3.50414072629157,NA,NA,NA,NA,NA,NA,NA,NA,NA,NA,NA,NA,NA,NA,NA,NA,NA,NA,NA,NA,NA,1.71226
718,0.337019,33.1038,147,"2026-05-30_HWCPW",3.50414072629157,NA,NA,NA,NA,NA,NA,NA,NA,NA,NA,NA,NA,NA,NA,NA,NA,NA,NA,NA,NA,NA,1.71226
719,0.3375,33.1038,147,"2026-05-30_HWCPW",3.50414072629157,NA,NA,NA,NA,NA,NA,NA,NA,NA,NA,NA,NA,NA,NA,NA,NA,NA,NA,NA,NA,NA,1.71226
720,0.337981,33.1038,147,"2026-05-30_HWCPW",3.50414072629157,NA,NA,NA,NA,NA,NA,NA,NA,NA,NA,NA,NA,NA,NA,NA,NA,NA,NA,NA,NA,NA,1.71226
721,0.338462,33.1038,147,"2026-05-30_HWCPW",3.50414072629157,NA,NA,NA,NA,NA,NA,NA,NA,NA,NA,NA,NA,NA,NA,NA,NA,NA,NA,NA,NA,NA,1.71226
722,0.338942,33.1038,147,"2026-05-30_HWCPW",3.50414072629157,NA,NA,NA,NA,NA,NA,NA,NA,NA,NA,NA,NA,NA,NA,NA,NA,NA,NA,NA,NA,NA,1.71226
723,0.339423,33.1038,148,"2026-05-30_HWCPW",3.50414072629157,NA,NA,NA,NA,NA,NA,NA,NA,NA,NA,NA,NA,NA,NA,NA,NA,NA,NA,NA,NA,NA,1.71226
724,0.339904,33.1038,148,"2026-05-30_HWCPW",3.50414072629157,NA,NA,NA,NA,NA,NA,NA,NA,NA,NA,NA,NA,NA,NA,NA,NA,NA,NA,NA,NA,NA,1.71226
725,0.340385,33.1038,148,"2026-05-30_HWCPW",3.50414072629157,NA,NA,NA,NA,NA,NA,NA,NA,NA,NA,NA,NA,NA,NA,NA,NA,NA,NA,NA,NA,NA,1.71226
726,0.340865,33.1038,147,"2026-05-30_HWCPW",3.50414072629157,NA,NA,NA,NA,NA,NA,NA,NA,NA,NA,NA,NA,NA,NA,NA,NA,NA,NA,NA,NA,NA,1.71226
727,0.341346,33.1038,147,"2026-05-30_HWCPW",3.50414072629157,NA,NA,NA,NA,NA,NA,NA,NA,NA,NA,NA,NA,NA,NA,NA,NA,NA,NA,NA,NA,NA,1.71226
728,0.341827,33.1038,147,"2026-05-30_HWCPW",3.50414072629157,NA,NA,NA,NA,NA,NA,NA,NA,NA,NA,NA,NA,NA,NA,NA,NA,NA,NA,NA,NA,NA,1.71226
729,0.342308,33.1038,147,"2026-05-30_HWCPW",3.50414072629157,NA,NA,NA,NA,NA,NA,NA,NA,NA,NA,NA,NA,NA,NA,NA,NA,NA,NA,NA,NA,NA,1.71226
730,0.342788,33.1038,148,"2026-05-30_HWCPW",3.50414072629157,NA,NA,NA,NA,NA,NA,NA,NA,NA,NA,NA,NA,NA,NA,NA,NA,NA,NA,NA,NA,NA,1.71226
731,0.343269,33.1038,147,"2026-05-30_HWCPW",3.50414072629157,NA,NA,NA,NA,NA,NA,NA,NA,NA,NA,NA,NA,NA,NA,NA,NA,NA,NA,NA,NA,NA,1.71226
732,0.34375,33.1038,147,"2026-05-30_HWCPW",3.50414072629157,NA,NA,NA,NA,NA,NA,NA,NA,NA,NA,NA,NA,NA,NA,NA,NA,NA,NA,NA,NA,NA,1.71226
733,0.344231,33.1038,148,"2026-05-30_HWCPW",3.50414072629157,NA,NA,NA,NA,NA,NA,NA,NA,NA,NA,NA,NA,NA,NA,NA,NA,NA,NA,NA,NA,NA,1.71226
734,0.344712,33.1038,147,"2026-05-30_HWCPW",3.50414072629157,NA,NA,NA,NA,NA,NA,NA,NA,NA,NA,NA,NA,NA,NA,NA,NA,NA,NA,NA,NA,NA,1.71226
735,0.345192,33.1038,148,"2026-05-30_HWCPW",3.50414072629157,NA,NA,NA,NA,NA,NA,NA,NA,NA,NA,NA,NA,NA,NA,NA,NA,NA,NA,NA,NA,NA,1.71226
736,0.345673,33.1038,148,"2026-05-30_HWCPW",3.50414072629157,NA,NA,NA,NA,NA,NA,NA,NA,NA,NA,NA,NA,NA,NA,NA,NA,NA,NA,NA,NA,NA,1.71226
737,0.346154,33.1038,148,"2026-05-30_HWCPW",3.50414072629157,NA,NA,NA,NA,NA,NA,NA,NA,NA,NA,NA,NA,NA,NA,NA,NA,NA,NA,NA,NA,NA,1.71226
738,0.346635,33.1038,148,"2026-05-30_HWCPW",3.50414072629157,NA,NA,NA,NA,NA,NA,NA,NA,NA,NA,NA,NA,NA,NA,NA,NA,NA,NA,NA,NA,NA,1.71226
739,0.347115,33.1038,147,"2026-05-30_HWCPW",3.50414072629157,NA,NA,NA,NA,NA,NA,NA,NA,NA,NA,NA,NA,NA,NA,NA,NA,NA,NA,NA,NA,NA,1.71226
740,0.347596,33.1038,148,"2026-05-30_HWCPW",3.50414072629157,NA,NA,NA,NA,NA,NA,NA,NA,NA,NA,NA,NA,NA,NA,NA,NA,NA,NA,NA,NA,NA,1.71226
741,0.348077,33.1038,148,"2026-05-30_HWCPW",3.50414072629157,NA,NA,NA,NA,NA,NA,NA,NA,NA,NA,NA,NA,NA,NA,NA,NA,NA,NA,NA,NA,NA,1.71226
742,0.348558,33.1038,148,"2026-05-30_HWCPW",3.50414072629157,NA,NA,NA,NA,NA,NA,NA,NA,NA,NA,NA,NA,NA,NA,NA,NA,NA,NA,NA,NA,NA,1.71226
743,0.349038,33.1038,148,"2026-05-30_HWCPW",3.50414072629157,NA,NA,NA,NA,NA,NA,NA,NA,NA,NA,NA,NA,NA,NA,NA,NA,NA,NA,NA,NA,NA,1.71226
744,0.349519,33.1038,148,"2026-05-30_HWCPW",3.50414072629157,NA,NA,NA,NA,NA,NA,NA,NA,NA,NA,NA,NA,NA,NA,NA,NA,NA,NA,NA,NA,NA,1.71226
745,0.35,33.1038,148,"2026-05-30_HWCPW",3.50414072629157,NA,NA,NA,NA,NA,NA,NA,NA,NA,NA,NA,NA,NA,NA,NA,NA,NA,NA,NA,NA,NA,1.71226
746,0.35,32.9971,148,"2026-05-30_HWCPW",3.87912642073005,NA,NA,NA,NA,NA,NA,NA,NA,NA,NA,NA,NA,NA,NA,NA,NA,NA,NA,NA,NA,NA,1.54674
747,0.350439,32.9971,148,"2026-05-30_HWCPW",3.87912642073005,NA,NA,NA,NA,NA,NA,NA,NA,NA,NA,NA,NA,NA,NA,NA,NA,NA,NA,NA,NA,NA,1.54674
748,0.350877,32.9971,148,"2026-05-30_HWCPW",3.87912642073005,NA,NA,NA,NA,NA,NA,NA,NA,NA,NA,NA,NA,NA,NA,NA,NA,NA,NA,NA,NA,NA,1.54674
749,0.351316,32.9971,148,"2026-05-30_HWCPW",3.87912642073005,NA,NA,NA,NA,NA,NA,NA,NA,NA,NA,NA,NA,NA,NA,NA,NA,NA,NA,NA,NA,NA,1.54674
750,0.351754,32.9971,148,"2026-05-30_HWCPW",3.87912642073005,NA,NA,NA,NA,NA,NA,NA,NA,NA,NA,NA,NA,NA,NA,NA,NA,NA,NA,NA,NA,NA,1.54674
751,0.352193,32.9971,149,"2026-05-30_HWCPW",3.87912642073005,NA,NA,NA,NA,NA,NA,NA,NA,NA,NA,NA,NA,NA,NA,NA,NA,NA,NA,NA,NA,NA,1.54674
752,0.352632,32.9971,148,"2026-05-30_HWCPW",3.87912642073005,NA,NA,NA,NA,NA,NA,NA,NA,NA,NA,NA,NA,NA,NA,NA,NA,NA,NA,NA,NA,NA,1.54674
753,0.35307,32.9971,147,"2026-05-30_HWCPW",3.87912642073005,NA,NA,NA,NA,NA,NA,NA,NA,NA,NA,NA,NA,NA,NA,NA,NA,NA,NA,NA,NA,NA,1.54674
754,0.353509,32.9971,147,"2026-05-30_HWCPW",3.87912642073005,NA,NA,NA,NA,NA,NA,NA,NA,NA,NA,NA,NA,NA,NA,NA,NA,NA,NA,NA,NA,NA,1.54674
755,0.353947,32.9971,146,"2026-05-30_HWCPW",3.87912642073005,NA,NA,NA,NA,NA,NA,NA,NA,NA,NA,NA,NA,NA,NA,NA,NA,NA,NA,NA,NA,NA,1.54674
756,0.354386,32.9971,146,"2026-05-30_HWCPW",3.87912642073005,NA,NA,NA,NA,NA,NA,NA,NA,NA,NA,NA,NA,NA,NA,NA,NA,NA,NA,NA,NA,NA,1.54674
757,0.354825,32.9971,145,"2026-05-30_HWCPW",3.87912642073005,NA,NA,NA,NA,NA,NA,NA,NA,NA,NA,NA,NA,NA,NA,NA,NA,NA,NA,NA,NA,NA,1.54674
758,0.355263,32.9971,145,"2026-05-30_HWCPW",3.87912642073005,NA,NA,NA,NA,NA,NA,NA,NA,NA,NA,NA,NA,NA,NA,NA,NA,NA,NA,NA,NA,NA,1.54674
759,0.355702,32.9971,144,"2026-05-30_HWCPW",3.87912642073005,NA,NA,NA,NA,NA,NA,NA,NA,NA,NA,NA,NA,NA,NA,NA,NA,NA,NA,NA,NA,NA,1.54674
760,0.35614,32.9971,144,"2026-05-30_HWCPW",3.87912642073005,NA,NA,NA,NA,NA,NA,NA,NA,NA,NA,NA,NA,NA,NA,NA,NA,NA,NA,NA,NA,NA,1.54674
761,0.356579,32.9971,144,"2026-05-30_HWCPW",3.87912642073005,NA,NA,NA,NA,NA,NA,NA,NA,NA,NA,NA,NA,NA,NA,NA,NA,NA,NA,NA,NA,NA,1.54674
762,0.357018,32.9971,145,"2026-05-30_HWCPW",3.87912642073005,NA,NA,NA,NA,NA,NA,NA,NA,NA,NA,NA,NA,NA,NA,NA,NA,NA,NA,NA,NA,NA,1.54674
763,0.357456,32.9971,145,"2026-05-30_HWCPW",3.87912642073005,NA,NA,NA,NA,NA,NA,NA,NA,NA,NA,NA,NA,NA,NA,NA,NA,NA,NA,NA,NA,NA,1.54674
764,0.357895,32.9971,145,"2026-05-30_HWCPW",3.87912642073005,NA,NA,NA,NA,NA,NA,NA,NA,NA,NA,NA,NA,NA,NA,NA,NA,NA,NA,NA,NA,NA,1.54674
765,0.358333,32.9971,145,"2026-05-30_HWCPW",3.87912642073005,NA,NA,NA,NA,NA,NA,NA,NA,NA,NA,NA,NA,NA,NA,NA,NA,NA,NA,NA,NA,NA,1.54674
766,0.358772,32.9971,144,"2026-05-30_HWCPW",3.87912642073005,NA,NA,NA,NA,NA,NA,NA,NA,NA,NA,NA,NA,NA,NA,NA,NA,NA,NA,NA,NA,NA,1.54674
767,0.359211,32.9971,145,"2026-05-30_HWCPW",3.87912642073005,NA,NA,NA,NA,NA,NA,NA,NA,NA,NA,NA,NA,NA,NA,NA,NA,NA,NA,NA,NA,NA,1.54674
768,0.359649,32.9971,145,"2026-05-30_HWCPW",3.87912642073005,NA,NA,NA,NA,NA,NA,NA,NA,NA,NA,NA,NA,NA,NA,NA,NA,NA,NA,NA,NA,NA,1.54674
769,0.360088,32.9971,144,"2026-05-30_HWCPW",3.87912642073005,NA,NA,NA,NA,NA,NA,NA,NA,NA,NA,NA,NA,NA,NA,NA,NA,NA,NA,NA,NA,NA,1.54674
770,0.360526,32.9971,145,"2026-05-30_HWCPW",3.87912642073005,NA,NA,NA,NA,NA,NA,NA,NA,NA,NA,NA,NA,NA,NA,NA,NA,NA,NA,NA,NA,NA,1.54674
771,0.360965,32.9971,145,"2026-05-30_HWCPW",3.87912642073005,NA,NA,NA,NA,NA,NA,NA,NA,NA,NA,NA,NA,NA,NA,NA,NA,NA,NA,NA,NA,NA,1.54674
772,0.361404,32.9971,144,"2026-05-30_HWCPW",3.87912642073005,NA,NA,NA,NA,NA,NA,NA,NA,NA,NA,NA,NA,NA,NA,NA,NA,NA,NA,NA,NA,NA,1.54674
773,0.361842,32.9971,144,"2026-05-30_HWCPW",3.87912642073005,NA,NA,NA,NA,NA,NA,NA,NA,NA,NA,NA,NA,NA,NA,NA,NA,NA,NA,NA,NA,NA,1.54674
774,0.362281,32.9971,144,"2026-05-30_HWCPW",3.87912642073005,NA,NA,NA,NA,NA,NA,NA,NA,NA,NA,NA,NA,NA,NA,NA,NA,NA,NA,NA,NA,NA,1.54674
775,0.362719,32.9971,144,"2026-05-30_HWCPW",3.87912642073005,NA,NA,NA,NA,NA,NA,NA,NA,NA,NA,NA,NA,NA,NA,NA,NA,NA,NA,NA,NA,NA,1.54674
776,0.363158,32.9971,144,"2026-05-30_HWCPW",3.87912642073005,NA,NA,NA,NA,NA,NA,NA,NA,NA,NA,NA,NA,NA,NA,NA,NA,NA,NA,NA,NA,NA,1.54674
777,0.363596,32.9971,144,"2026-05-30_HWCPW",3.87912642073005,NA,NA,NA,NA,NA,NA,NA,NA,NA,NA,NA,NA,NA,NA,NA,NA,NA,NA,NA,NA,NA,1.54674
778,0.364035,32.9971,144,"2026-05-30_HWCPW",3.87912642073005,NA,NA,NA,NA,NA,NA,NA,NA,NA,NA,NA,NA,NA,NA,NA,NA,NA,NA,NA,NA,NA,1.54674
779,0.364474,32.9971,144,"2026-05-30_HWCPW",3.87912642073005,NA,NA,NA,NA,NA,NA,NA,NA,NA,NA,NA,NA,NA,NA,NA,NA,NA,NA,NA,NA,NA,1.54674
780,0.364912,32.9971,144,"2026-05-30_HWCPW",3.87912642073005,NA,NA,NA,NA,NA,NA,NA,NA,NA,NA,NA,NA,NA,NA,NA,NA,NA,NA,NA,NA,NA,1.54674
781,0.365351,32.9971,144,"2026-05-30_HWCPW",3.87912642073005,NA,NA,NA,NA,NA,NA,NA,NA,NA,NA,NA,NA,NA,NA,NA,NA,NA,NA,NA,NA,NA,1.54674
782,0.365789,32.9971,144,"2026-05-30_HWCPW",3.87912642073005,NA,NA,NA,NA,NA,NA,NA,NA,NA,NA,NA,NA,NA,NA,NA,NA,NA,NA,NA,NA,NA,1.54674
783,0.366228,32.9971,143,"2026-05-30_HWCPW",3.87912642073005,NA,NA,NA,NA,NA,NA,NA,NA,NA,NA,NA,NA,NA,NA,NA,NA,NA,NA,NA,NA,NA,1.54674
784,0.366667,32.9971,143,"2026-05-30_HWCPW",3.87912642073005,NA,NA,NA,NA,NA,NA,NA,NA,NA,NA,NA,NA,NA,NA,NA,NA,NA,NA,NA,NA,NA,1.54674
785,0.367105,32.9971,143,"2026-05-30_HWCPW",3.87912642073005,NA,NA,NA,NA,NA,NA,NA,NA,NA,NA,NA,NA,NA,NA,NA,NA,NA,NA,NA,NA,NA,1.54674
786,0.367544,32.9971,144,"2026-05-30_HWCPW",3.87912642073005,NA,NA,NA,NA,NA,NA,NA,NA,NA,NA,NA,NA,NA,NA,NA,NA,NA,NA,NA,NA,NA,1.54674
787,0.367982,32.9971,143,"2026-05-30_HWCPW",3.87912642073005,NA,NA,NA,NA,NA,NA,NA,NA,NA,NA,NA,NA,NA,NA,NA,NA,NA,NA,NA,NA,NA,1.54674
788,0.368421,32.9971,143,"2026-05-30_HWCPW",3.87912642073005,NA,NA,NA,NA,NA,NA,NA,NA,NA,NA,NA,NA,NA,NA,NA,NA,NA,NA,NA,NA,NA,1.54674
789,0.36886,32.9971,143,"2026-05-30_HWCPW",3.87912642073005,NA,NA,NA,NA,NA,NA,NA,NA,NA,NA,NA,NA,NA,NA,NA,NA,NA,NA,NA,NA,NA,1.54674
790,0.369298,32.9971,140,"2026-05-30_HWCPW",3.87912642073005,NA,NA,NA,NA,NA,NA,NA,NA,NA,NA,NA,NA,NA,NA,NA,NA,NA,NA,NA,NA,NA,1.54674
791,0.369737,32.9971,138,"2026-05-30_HWCPW",3.87912642073005,NA,NA,NA,NA,NA,NA,NA,NA,NA,NA,NA,NA,NA,NA,NA,NA,NA,NA,NA,NA,NA,1.54674
792,0.370175,32.9971,137,"2026-05-30_HWCPW",3.87912642073005,NA,NA,NA,NA,NA,NA,NA,NA,NA,NA,NA,NA,NA,NA,NA,NA,NA,NA,NA,NA,NA,1.54674
793,0.370614,32.9971,136,"2026-05-30_HWCPW",3.87912642073005,NA,NA,NA,NA,NA,NA,NA,NA,NA,NA,NA,NA,NA,NA,NA,NA,NA,NA,NA,NA,NA,1.54674
794,0.371053,32.9971,135,"2026-05-30_HWCPW",3.87912642073005,NA,NA,NA,NA,NA,NA,NA,NA,NA,NA,NA,NA,NA,NA,NA,NA,NA,NA,NA,NA,NA,1.54674
795,0.371491,32.9971,134,"2026-05-30_HWCPW",3.87912642073005,NA,NA,NA,NA,NA,NA,NA,NA,NA,NA,NA,NA,NA,NA,NA,NA,NA,NA,NA,NA,NA,1.54674
796,0.37193,32.9971,134,"2026-05-30_HWCPW",3.87912642073005,NA,NA,NA,NA,NA,NA,NA,NA,NA,NA,NA,NA,NA,NA,NA,NA,NA,NA,NA,NA,NA,1.54674
797,0.372368,32.9971,134,"2026-05-30_HWCPW",3.87912642073005,NA,NA,NA,NA,NA,NA,NA,NA,NA,NA,NA,NA,NA,NA,NA,NA,NA,NA,NA,NA,NA,1.54674
798,0.372807,32.9971,133,"2026-05-30_HWCPW",3.87912642073005,NA,NA,NA,NA,NA,NA,NA,NA,NA,NA,NA,NA,NA,NA,NA,NA,NA,NA,NA,NA,NA,1.54674
799,0.373246,32.9971,133,"2026-05-30_HWCPW",3.87912642073005,NA,NA,NA,NA,NA,NA,NA,NA,NA,NA,NA,NA,NA,NA,NA,NA,NA,NA,NA,NA,NA,1.54674
800,0.373684,32.9971,133,"2026-05-30_HWCPW",3.87912642073005,NA,NA,NA,NA,NA,NA,NA,NA,NA,NA,NA,NA,NA,NA,NA,NA,NA,NA,NA,NA,NA,1.54674
801,0.374123,32.9971,133,"2026-05-30_HWCPW",3.87912642073005,NA,NA,NA,NA,NA,NA,NA,NA,NA,NA,NA,NA,NA,NA,NA,NA,NA,NA,NA,NA,NA,1.54674
802,0.374561,32.9971,133,"2026-05-30_HWCPW",3.87912642073005,NA,NA,NA,NA,NA,NA,NA,NA,NA,NA,NA,NA,NA,NA,NA,NA,NA,NA,NA,NA,NA,1.54674
803,0.375,32.9971,132,"2026-05-30_HWCPW",3.87912642073005,NA,NA,NA,NA,NA,NA,NA,NA,NA,NA,NA,NA,NA,NA,NA,NA,NA,NA,NA,NA,NA,1.54674
804,0.375,31.4588,132,"2026-05-30_HWCPW",3.94166338194718,NA,NA,NA,NA,NA,NA,NA,NA,NA,NA,NA,NA,NA,NA,NA,NA,NA,NA,NA,NA,NA,1.5222
805,0.375431,31.4588,132,"2026-05-30_HWCPW",3.94166338194718,NA,NA,NA,NA,NA,NA,NA,NA,NA,NA,NA,NA,NA,NA,NA,NA,NA,NA,NA,NA,NA,1.5222
806,0.375862,31.4588,132,"2026-05-30_HWCPW",3.94166338194718,NA,NA,NA,NA,NA,NA,NA,NA,NA,NA,NA,NA,NA,NA,NA,NA,NA,NA,NA,NA,NA,1.5222
807,0.376293,31.4588,131,"2026-05-30_HWCPW",3.94166338194718,NA,NA,NA,NA,NA,NA,NA,NA,NA,NA,NA,NA,NA,NA,NA,NA,NA,NA,NA,NA,NA,1.5222
808,0.376724,31.4588,131,"2026-05-30_HWCPW",3.94166338194718,NA,NA,NA,NA,NA,NA,NA,NA,NA,NA,NA,NA,NA,NA,NA,NA,NA,NA,NA,NA,NA,1.5222
809,0.377155,31.4588,130,"2026-05-30_HWCPW",3.94166338194718,NA,NA,NA,NA,NA,NA,NA,NA,NA,NA,NA,NA,NA,NA,NA,NA,NA,NA,NA,NA,NA,1.5222
810,0.377586,31.4588,130,"2026-05-30_HWCPW",3.94166338194718,NA,NA,NA,NA,NA,NA,NA,NA,NA,NA,NA,NA,NA,NA,NA,NA,NA,NA,NA,NA,NA,1.5222
811,0.378017,31.4588,130,"2026-05-30_HWCPW",3.94166338194718,NA,NA,NA,NA,NA,NA,NA,NA,NA,NA,NA,NA,NA,NA,NA,NA,NA,NA,NA,NA,NA,1.5222
812,0.378448,31.4588,129,"2026-05-30_HWCPW",3.94166338194718,NA,NA,NA,NA,NA,NA,NA,NA,NA,NA,NA,NA,NA,NA,NA,NA,NA,NA,NA,NA,NA,1.5222
813,0.378879,31.4588,129,"2026-05-30_HWCPW",3.94166338194718,NA,NA,NA,NA,NA,NA,NA,NA,NA,NA,NA,NA,NA,NA,NA,NA,NA,NA,NA,NA,NA,1.5222
814,0.37931,31.4588,128,"2026-05-30_HWCPW",3.94166338194718,NA,NA,NA,NA,NA,NA,NA,NA,NA,NA,NA,NA,NA,NA,NA,NA,NA,NA,NA,NA,NA,1.5222
815,0.379741,31.4588,128,"2026-05-30_HWCPW",3.94166338194718,NA,NA,NA,NA,NA,NA,NA,NA,NA,NA,NA,NA,NA,NA,NA,NA,NA,NA,NA,NA,NA,1.5222
816,0.380172,31.4588,128,"2026-05-30_HWCPW",3.94166338194718,NA,NA,NA,NA,NA,NA,NA,NA,NA,NA,NA,NA,NA,NA,NA,NA,NA,NA,NA,NA,NA,1.5222
817,0.380603,31.4588,129,"2026-05-30_HWCPW",3.94166338194718,NA,NA,NA,NA,NA,NA,NA,NA,NA,NA,NA,NA,NA,NA,NA,NA,NA,NA,NA,NA,NA,1.5222
818,0.381034,31.4588,129,"2026-05-30_HWCPW",3.94166338194718,NA,NA,NA,NA,NA,NA,NA,NA,NA,NA,NA,NA,NA,NA,NA,NA,NA,NA,NA,NA,NA,1.5222
819,0.381466,31.4588,130,"2026-05-30_HWCPW",3.94166338194718,NA,NA,NA,NA,NA,NA,NA,NA,NA,NA,NA,NA,NA,NA,NA,NA,NA,NA,NA,NA,NA,1.5222
820,0.381897,31.4588,130,"2026-05-30_HWCPW",3.94166338194718,NA,NA,NA,NA,NA,NA,NA,NA,NA,NA,NA,NA,NA,NA,NA,NA,NA,NA,NA,NA,NA,1.5222
821,0.382328,31.4588,130,"2026-05-30_HWCPW",3.94166338194718,NA,NA,NA,NA,NA,NA,NA,NA,NA,NA,NA,NA,NA,NA,NA,NA,NA,NA,NA,NA,NA,1.5222
822,0.382759,31.4588,131,"2026-05-30_HWCPW",3.94166338194718,NA,NA,NA,NA,NA,NA,NA,NA,NA,NA,NA,NA,NA,NA,NA,NA,NA,NA,NA,NA,NA,1.5222
823,0.38319,31.4588,132,"2026-05-30_HWCPW",3.94166338194718,NA,NA,NA,NA,NA,NA,NA,NA,NA,NA,NA,NA,NA,NA,NA,NA,NA,NA,NA,NA,NA,1.5222
824,0.383621,31.4588,133,"2026-05-30_HWCPW",3.94166338194718,NA,NA,NA,NA,NA,NA,NA,NA,NA,NA,NA,NA,NA,NA,NA,NA,NA,NA,NA,NA,NA,1.5222
825,0.384052,31.4588,134,"2026-05-30_HWCPW",3.94166338194718,NA,NA,NA,NA,NA,NA,NA,NA,NA,NA,NA,NA,NA,NA,NA,NA,NA,NA,NA,NA,NA,1.5222
826,0.384483,31.4588,135,"2026-05-30_HWCPW",3.94166338194718,NA,NA,NA,NA,NA,NA,NA,NA,NA,NA,NA,NA,NA,NA,NA,NA,NA,NA,NA,NA,NA,1.5222
827,0.384914,31.4588,135,"2026-05-30_HWCPW",3.94166338194718,NA,NA,NA,NA,NA,NA,NA,NA,NA,NA,NA,NA,NA,NA,NA,NA,NA,NA,NA,NA,NA,1.5222
828,0.385345,31.4588,135,"2026-05-30_HWCPW",3.94166338194718,NA,NA,NA,NA,NA,NA,NA,NA,NA,NA,NA,NA,NA,NA,NA,NA,NA,NA,NA,NA,NA,1.5222
829,0.385776,31.4588,136,"2026-05-30_HWCPW",3.94166338194718,NA,NA,NA,NA,NA,NA,NA,NA,NA,NA,NA,NA,NA,NA,NA,NA,NA,NA,NA,NA,NA,1.5222
830,0.386207,31.4588,136,"2026-05-30_HWCPW",3.94166338194718,NA,NA,NA,NA,NA,NA,NA,NA,NA,NA,NA,NA,NA,NA,NA,NA,NA,NA,NA,NA,NA,1.5222
831,0.386638,31.4588,136,"2026-05-30_HWCPW",3.94166338194718,NA,NA,NA,NA,NA,NA,NA,NA,NA,NA,NA,NA,NA,NA,NA,NA,NA,NA,NA,NA,NA,1.5222
832,0.387069,31.4588,136,"2026-05-30_HWCPW",3.94166338194718,NA,NA,NA,NA,NA,NA,NA,NA,NA,NA,NA,NA,NA,NA,NA,NA,NA,NA,NA,NA,NA,1.5222
833,0.3875,31.4588,136,"2026-05-30_HWCPW",3.94166338194718,NA,NA,NA,NA,NA,NA,NA,NA,NA,NA,NA,NA,NA,NA,NA,NA,NA,NA,NA,NA,NA,1.5222
834,0.387931,31.4588,136,"2026-05-30_HWCPW",3.94166338194718,NA,NA,NA,NA,NA,NA,NA,NA,NA,NA,NA,NA,NA,NA,NA,NA,NA,NA,NA,NA,NA,1.5222
835,0.388362,31.4588,137,"2026-05-30_HWCPW",3.94166338194718,NA,NA,NA,NA,NA,NA,NA,NA,NA,NA,NA,NA,NA,NA,NA,NA,NA,NA,NA,NA,NA,1.5222
836,0.388793,31.4588,137,"2026-05-30_HWCPW",3.94166338194718,NA,NA,NA,NA,NA,NA,NA,NA,NA,NA,NA,NA,NA,NA,NA,NA,NA,NA,NA,NA,NA,1.5222
837,0.389224,31.4588,137,"2026-05-30_HWCPW",3.94166338194718,NA,NA,NA,NA,NA,NA,NA,NA,NA,NA,NA,NA,NA,NA,NA,NA,NA,NA,NA,NA,NA,1.5222
838,0.389655,31.4588,137,"2026-05-30_HWCPW",3.94166338194718,NA,NA,NA,NA,NA,NA,NA,NA,NA,NA,NA,NA,NA,NA,NA,NA,NA,NA,NA,NA,NA,1.5222
839,0.390086,31.4588,137,"2026-05-30_HWCPW",3.94166338194718,NA,NA,NA,NA,NA,NA,NA,NA,NA,NA,NA,NA,NA,NA,NA,NA,NA,NA,NA,NA,NA,1.5222
840,0.390517,31.4588,136,"2026-05-30_HWCPW",3.94166338194718,NA,NA,NA,NA,NA,NA,NA,NA,NA,NA,NA,NA,NA,NA,NA,NA,NA,NA,NA,NA,NA,1.5222
841,0.390948,31.4588,136,"2026-05-30_HWCPW",3.94166338194718,NA,NA,NA,NA,NA,NA,NA,NA,NA,NA,NA,NA,NA,NA,NA,NA,NA,NA,NA,NA,NA,1.5222
842,0.391379,31.4588,136,"2026-05-30_HWCPW",3.94166338194718,NA,NA,NA,NA,NA,NA,NA,NA,NA,NA,NA,NA,NA,NA,NA,NA,NA,NA,NA,NA,NA,1.5222
843,0.39181,31.4588,137,"2026-05-30_HWCPW",3.94166338194718,NA,NA,NA,NA,NA,NA,NA,NA,NA,NA,NA,NA,NA,NA,NA,NA,NA,NA,NA,NA,NA,1.5222
844,0.392241,31.4588,136,"2026-05-30_HWCPW",3.94166338194718,NA,NA,NA,NA,NA,NA,NA,NA,NA,NA,NA,NA,NA,NA,NA,NA,NA,NA,NA,NA,NA,1.5222
845,0.392672,31.4588,136,"2026-05-30_HWCPW",3.94166338194718,NA,NA,NA,NA,NA,NA,NA,NA,NA,NA,NA,NA,NA,NA,NA,NA,NA,NA,NA,NA,NA,1.5222
846,0.393103,31.4588,137,"2026-05-30_HWCPW",3.94166338194718,NA,NA,NA,NA,NA,NA,NA,NA,NA,NA,NA,NA,NA,NA,NA,NA,NA,NA,NA,NA,NA,1.5222
847,0.393534,31.4588,137,"2026-05-30_HWCPW",3.94166338194718,NA,NA,NA,NA,NA,NA,NA,NA,NA,NA,NA,NA,NA,NA,NA,NA,NA,NA,NA,NA,NA,1.5222
848,0.393966,31.4588,137,"2026-05-30_HWCPW",3.94166338194718,NA,NA,NA,NA,NA,NA,NA,NA,NA,NA,NA,NA,NA,NA,NA,NA,NA,NA,NA,NA,NA,1.5222
849,0.394397,31.4588,137,"2026-05-30_HWCPW",3.94166338194718,NA,NA,NA,NA,NA,NA,NA,NA,NA,NA,NA,NA,NA,NA,NA,NA,NA,NA,NA,NA,NA,1.5222
850,0.394828,31.4588,137,"2026-05-30_HWCPW",3.94166338194718,NA,NA,NA,NA,NA,NA,NA,NA,NA,NA,NA,NA,NA,NA,NA,NA,NA,NA,NA,NA,NA,1.5222
851,0.395259,31.4588,137,"2026-05-30_HWCPW",3.94166338194718,NA,NA,NA,NA,NA,NA,NA,NA,NA,NA,NA,NA,NA,NA,NA,NA,NA,NA,NA,NA,NA,1.5222
852,0.39569,31.4588,137,"2026-05-30_HWCPW",3.94166338194718,NA,NA,NA,NA,NA,NA,NA,NA,NA,NA,NA,NA,NA,NA,NA,NA,NA,NA,NA,NA,NA,1.5222
853,0.396121,31.4588,137,"2026-05-30_HWCPW",3.94166338194718,NA,NA,NA,NA,NA,NA,NA,NA,NA,NA,NA,NA,NA,NA,NA,NA,NA,NA,NA,NA,NA,1.5222
854,0.396552,31.4588,137,"2026-05-30_HWCPW",3.94166338194718,NA,NA,NA,NA,NA,NA,NA,NA,NA,NA,NA,NA,NA,NA,NA,NA,NA,NA,NA,NA,NA,1.5222
855,0.396983,31.4588,138,"2026-05-30_HWCPW",3.94166338194718,NA,NA,NA,NA,NA,NA,NA,NA,NA,NA,NA,NA,NA,NA,NA,NA,NA,NA,NA,NA,NA,1.5222
856,0.397414,31.4588,137,"2026-05-30_HWCPW",3.94166338194718,NA,NA,NA,NA,NA,NA,NA,NA,NA,NA,NA,NA,NA,NA,NA,NA,NA,NA,NA,NA,NA,1.5222
857,0.397845,31.4588,136,"2026-05-30_HWCPW",3.94166338194718,NA,NA,NA,NA,NA,NA,NA,NA,NA,NA,NA,NA,NA,NA,NA,NA,NA,NA,NA,NA,NA,1.5222
858,0.398276,31.4588,135,"2026-05-30_HWCPW",3.94166338194718,NA,NA,NA,NA,NA,NA,NA,NA,NA,NA,NA,NA,NA,NA,NA,NA,NA,NA,NA,NA,NA,1.5222
859,0.398707,31.4588,135,"2026-05-30_HWCPW",3.94166338194718,NA,NA,NA,NA,NA,NA,NA,NA,NA,NA,NA,NA,NA,NA,NA,NA,NA,NA,NA,NA,NA,1.5222
860,0.399138,31.4588,134,"2026-05-30_HWCPW",3.94166338194718,NA,NA,NA,NA,NA,NA,NA,NA,NA,NA,NA,NA,NA,NA,NA,NA,NA,NA,NA,NA,NA,1.5222
861,0.399569,31.4588,134,"2026-05-30_HWCPW",3.94166338194718,NA,NA,NA,NA,NA,NA,NA,NA,NA,NA,NA,NA,NA,NA,NA,NA,NA,NA,NA,NA,NA,1.5222
862,0.4,31.4588,134,"2026-05-30_HWCPW",3.94166338194718,NA,NA,NA,NA,NA,NA,NA,NA,NA,NA,NA,NA,NA,NA,NA,NA,NA,NA,NA,NA,NA,1.5222
863,0.4,36.0929,133,"2026-05-30_HWCPW",2.65979847593547,NA,NA,NA,NA,NA,NA,NA,NA,NA,NA,NA,NA,NA,NA,NA,NA,NA,NA,NA,NA,NA,2.25581
864,0.400641,36.0929,134,"2026-05-30_HWCPW",2.65979847593547,NA,NA,NA,NA,NA,NA,NA,NA,NA,NA,NA,NA,NA,NA,NA,NA,NA,NA,NA,NA,NA,2.25581
865,0.401282,36.0929,134,"2026-05-30_HWCPW",2.65979847593547,NA,NA,NA,NA,NA,NA,NA,NA,NA,NA,NA,NA,NA,NA,NA,NA,NA,NA,NA,NA,NA,2.25581
866,0.401923,36.0929,136,"2026-05-30_HWCPW",2.65979847593547,NA,NA,NA,NA,NA,NA,NA,NA,NA,NA,NA,NA,NA,NA,NA,NA,NA,NA,NA,NA,NA,2.25581
867,0.402564,36.0929,137,"2026-05-30_HWCPW",2.65979847593547,NA,NA,NA,NA,NA,NA,NA,NA,NA,NA,NA,NA,NA,NA,NA,NA,NA,NA,NA,NA,NA,2.25581
868,0.403205,36.0929,139,"2026-05-30_HWCPW",2.65979847593547,NA,NA,NA,NA,NA,NA,NA,NA,NA,NA,NA,NA,NA,NA,NA,NA,NA,NA,NA,NA,NA,2.25581
869,0.403846,36.0929,139,"2026-05-30_HWCPW",2.65979847593547,NA,NA,NA,NA,NA,NA,NA,NA,NA,NA,NA,NA,NA,NA,NA,NA,NA,NA,NA,NA,NA,2.25581
870,0.404487,36.0929,140,"2026-05-30_HWCPW",2.65979847593547,NA,NA,NA,NA,NA,NA,NA,NA,NA,NA,NA,NA,NA,NA,NA,NA,NA,NA,NA,NA,NA,2.25581
871,0.405128,36.0929,141,"2026-05-30_HWCPW",2.65979847593547,NA,NA,NA,NA,NA,NA,NA,NA,NA,NA,NA,NA,NA,NA,NA,NA,NA,NA,NA,NA,NA,2.25581
872,0.405769,36.0929,142,"2026-05-30_HWCPW",2.65979847593547,NA,NA,NA,NA,NA,NA,NA,NA,NA,NA,NA,NA,NA,NA,NA,NA,NA,NA,NA,NA,NA,2.25581
873,0.40641,36.0929,143,"2026-05-30_HWCPW",2.65979847593547,NA,NA,NA,NA,NA,NA,NA,NA,NA,NA,NA,NA,NA,NA,NA,NA,NA,NA,NA,NA,NA,2.25581
874,0.407051,36.0929,144,"2026-05-30_HWCPW",2.65979847593547,NA,NA,NA,NA,NA,NA,NA,NA,NA,NA,NA,NA,NA,NA,NA,NA,NA,NA,NA,NA,NA,2.25581
875,0.407692,36.0929,145,"2026-05-30_HWCPW",2.65979847593547,NA,NA,NA,NA,NA,NA,NA,NA,NA,NA,NA,NA,NA,NA,NA,NA,NA,NA,NA,NA,NA,2.25581
876,0.408333,36.0929,146,"2026-05-30_HWCPW",2.65979847593547,NA,NA,NA,NA,NA,NA,NA,NA,NA,NA,NA,NA,NA,NA,NA,NA,NA,NA,NA,NA,NA,2.25581
877,0.408974,36.0929,147,"2026-05-30_HWCPW",2.65979847593547,NA,NA,NA,NA,NA,NA,NA,NA,NA,NA,NA,NA,NA,NA,NA,NA,NA,NA,NA,NA,NA,2.25581
878,0.409615,36.0929,147,"2026-05-30_HWCPW",2.65979847593547,NA,NA,NA,NA,NA,NA,NA,NA,NA,NA,NA,NA,NA,NA,NA,NA,NA,NA,NA,NA,NA,2.25581
879,0.410256,36.0929,147,"2026-05-30_HWCPW",2.65979847593547,NA,NA,NA,NA,NA,NA,NA,NA,NA,NA,NA,NA,NA,NA,NA,NA,NA,NA,NA,NA,NA,2.25581
880,0.410897,36.0929,148,"2026-05-30_HWCPW",2.65979847593547,NA,NA,NA,NA,NA,NA,NA,NA,NA,NA,NA,NA,NA,NA,NA,NA,NA,NA,NA,NA,NA,2.25581
881,0.411538,36.0929,148,"2026-05-30_HWCPW",2.65979847593547,NA,NA,NA,NA,NA,NA,NA,NA,NA,NA,NA,NA,NA,NA,NA,NA,NA,NA,NA,NA,NA,2.25581
882,0.412179,36.0929,148,"2026-05-30_HWCPW",2.65979847593547,NA,NA,NA,NA,NA,NA,NA,NA,NA,NA,NA,NA,NA,NA,NA,NA,NA,NA,NA,NA,NA,2.25581
883,0.412821,36.0929,149,"2026-05-30_HWCPW",2.65979847593547,NA,NA,NA,NA,NA,NA,NA,NA,NA,NA,NA,NA,NA,NA,NA,NA,NA,NA,NA,NA,NA,2.25581
884,0.413462,36.0929,149,"2026-05-30_HWCPW",2.65979847593547,NA,NA,NA,NA,NA,NA,NA,NA,NA,NA,NA,NA,NA,NA,NA,NA,NA,NA,NA,NA,NA,2.25581
885,0.414103,36.0929,149,"2026-05-30_HWCPW",2.65979847593547,NA,NA,NA,NA,NA,NA,NA,NA,NA,NA,NA,NA,NA,NA,NA,NA,NA,NA,NA,NA,NA,2.25581
886,0.414744,36.0929,150,"2026-05-30_HWCPW",2.65979847593547,NA,NA,NA,NA,NA,NA,NA,NA,NA,NA,NA,NA,NA,NA,NA,NA,NA,NA,NA,NA,NA,2.25581
887,0.415385,36.0929,150,"2026-05-30_HWCPW",2.65979847593547,NA,NA,NA,NA,NA,NA,NA,NA,NA,NA,NA,NA,NA,NA,NA,NA,NA,NA,NA,NA,NA,2.25581
888,0.416026,36.0929,150,"2026-05-30_HWCPW",2.65979847593547,NA,NA,NA,NA,NA,NA,NA,NA,NA,NA,NA,NA,NA,NA,NA,NA,NA,NA,NA,NA,NA,2.25581
889,0.416667,36.0929,151,"2026-05-30_HWCPW",2.65979847593547,NA,NA,NA,NA,NA,NA,NA,NA,NA,NA,NA,NA,NA,NA,NA,NA,NA,NA,NA,NA,NA,2.25581
890,0.417308,36.0929,151,"2026-05-30_HWCPW",2.65979847593547,NA,NA,NA,NA,NA,NA,NA,NA,NA,NA,NA,NA,NA,NA,NA,NA,NA,NA,NA,NA,NA,2.25581
891,0.417949,36.0929,151,"2026-05-30_HWCPW",2.65979847593547,NA,NA,NA,NA,NA,NA,NA,NA,NA,NA,NA,NA,NA,NA,NA,NA,NA,NA,NA,NA,NA,2.25581
892,0.41859,36.0929,150,"2026-05-30_HWCPW",2.65979847593547,NA,NA,NA,NA,NA,NA,NA,NA,NA,NA,NA,NA,NA,NA,NA,NA,NA,NA,NA,NA,NA,2.25581
893,0.419231,36.0929,151,"2026-05-30_HWCPW",2.65979847593547,NA,NA,NA,NA,NA,NA,NA,NA,NA,NA,NA,NA,NA,NA,NA,NA,NA,NA,NA,NA,NA,2.25581
894,0.419872,36.0929,151,"2026-05-30_HWCPW",2.65979847593547,NA,NA,NA,NA,NA,NA,NA,NA,NA,NA,NA,NA,NA,NA,NA,NA,NA,NA,NA,NA,NA,2.25581
895,0.420513,36.0929,151,"2026-05-30_HWCPW",2.65979847593547,NA,NA,NA,NA,NA,NA,NA,NA,NA,NA,NA,NA,NA,NA,NA,NA,NA,NA,NA,NA,NA,2.25581
896,0.421154,36.0929,150,"2026-05-30_HWCPW",2.65979847593547,NA,NA,NA,NA,NA,NA,NA,NA,NA,NA,NA,NA,NA,NA,NA,NA,NA,NA,NA,NA,NA,2.25581
897,0.421795,36.0929,151,"2026-05-30_HWCPW",2.65979847593547,NA,NA,NA,NA,NA,NA,NA,NA,NA,NA,NA,NA,NA,NA,NA,NA,NA,NA,NA,NA,NA,2.25581
898,0.422436,36.0929,150,"2026-05-30_HWCPW",2.65979847593547,NA,NA,NA,NA,NA,NA,NA,NA,NA,NA,NA,NA,NA,NA,NA,NA,NA,NA,NA,NA,NA,2.25581
899,0.423077,36.0929,150,"2026-05-30_HWCPW",2.65979847593547,NA,NA,NA,NA,NA,NA,NA,NA,NA,NA,NA,NA,NA,NA,NA,NA,NA,NA,NA,NA,NA,2.25581
900,0.423718,36.0929,150,"2026-05-30_HWCPW",2.65979847593547,NA,NA,NA,NA,NA,NA,NA,NA,NA,NA,NA,NA,NA,NA,NA,NA,NA,NA,NA,NA,NA,2.25581
901,0.424359,36.0929,150,"2026-05-30_HWCPW",2.65979847593547,NA,NA,NA,NA,NA,NA,NA,NA,NA,NA,NA,NA,NA,NA,NA,NA,NA,NA,NA,NA,NA,2.25581
902,0.425,36.0929,151,"2026-05-30_HWCPW",2.65979847593547,NA,NA,NA,NA,NA,NA,NA,NA,NA,NA,NA,NA,NA,NA,NA,NA,NA,NA,NA,NA,NA,2.25581
0,NA,NA,101,"2026-05-30_DMFOC",NA,NA,NA,NA,NA,NA,NA,NA,NA,NA,NA,NA,NA,NA,NA,NA,NA,NA,NA,NA,NA,NA,NA
1,NA,NA,101,"2026-05-30_DMFOC",NA,NA,NA,NA,NA,NA,NA,NA,NA,NA,NA,NA,NA,NA,NA,NA,NA,NA,NA,NA,NA,NA,NA
2,NA,NA,100,"2026-05-30_DMFOC",NA,NA,NA,NA,NA,NA,NA,NA,NA,NA,NA,NA,NA,NA,NA,NA,NA,NA,NA,NA,NA,NA,NA
3,NA,NA,100.333,"2026-05-30_DMFOC",NA,NA,NA,NA,NA,NA,NA,NA,NA,NA,NA,NA,NA,NA,NA,NA,NA,NA,NA,NA,NA,NA,NA
4,NA,NA,100.667,"2026-05-30_DMFOC",NA,NA,NA,NA,NA,NA,NA,NA,NA,NA,NA,NA,NA,NA,NA,NA,NA,NA,NA,NA,NA,NA,NA
5,NA,NA,101,"2026-05-30_DMFOC",NA,NA,NA,NA,NA,NA,NA,NA,NA,NA,NA,NA,NA,NA,NA,NA,NA,NA,NA,NA,NA,NA,NA
6,NA,NA,101.333,"2026-05-30_DMFOC",NA,NA,NA,NA,NA,NA,NA,NA,NA,NA,NA,NA,NA,NA,NA,NA,NA,NA,NA,NA,NA,NA,NA
7,NA,NA,101.667,"2026-05-30_DMFOC",NA,NA,NA,NA,NA,NA,NA,NA,NA,NA,NA,NA,NA,NA,NA,NA,NA,NA,NA,NA,NA,NA,NA
8,NA,NA,102,"2026-05-30_DMFOC",NA,NA,NA,NA,NA,NA,NA,NA,NA,NA,NA,NA,NA,NA,NA,NA,NA,NA,NA,NA,NA,NA,NA
9,NA,NA,103,"2026-05-30_DMFOC",NA,NA,NA,NA,NA,NA,NA,NA,NA,NA,NA,NA,NA,NA,NA,NA,NA,NA,NA,NA,NA,NA,NA
10,NA,NA,104.5,"2026-05-30_DMFOC",NA,NA,NA,NA,NA,NA,NA,NA,NA,NA,NA,NA,NA,NA,NA,NA,NA,NA,NA,NA,NA,NA,NA
11,NA,NA,106,"2026-05-30_DMFOC",NA,NA,NA,NA,NA,NA,NA,NA,NA,NA,NA,NA,NA,NA,NA,NA,NA,NA,NA,NA,NA,NA,NA
12,NA,NA,111,"2026-05-30_DMFOC",NA,NA,NA,NA,NA,NA,NA,NA,NA,NA,NA,NA,NA,NA,NA,NA,NA,NA,NA,NA,NA,NA,NA
13,NA,NA,113,"2026-05-30_DMFOC",NA,NA,NA,NA,NA,NA,NA,NA,NA,NA,NA,NA,NA,NA,NA,NA,NA,NA,NA,NA,NA,NA,NA
14,NA,NA,114,"2026-05-30_DMFOC",NA,NA,NA,NA,NA,NA,NA,NA,NA,NA,NA,NA,NA,NA,NA,NA,NA,NA,NA,NA,NA,NA,NA
15,NA,NA,116,"2026-05-30_DMFOC",NA,NA,NA,NA,NA,NA,NA,NA,NA,NA,NA,NA,NA,NA,NA,NA,NA,NA,NA,NA,NA,NA,NA
16,NA,NA,117,"2026-05-30_DMFOC",NA,NA,NA,NA,NA,NA,NA,NA,NA,NA,NA,NA,NA,NA,NA,NA,NA,NA,NA,NA,NA,NA,NA
17,NA,NA,118,"2026-05-30_DMFOC",NA,NA,NA,NA,NA,NA,NA,NA,NA,NA,NA,NA,NA,NA,NA,NA,NA,NA,NA,NA,NA,NA,NA
18,NA,NA,118.333,"2026-05-30_DMFOC",NA,NA,NA,NA,NA,NA,NA,NA,NA,NA,NA,NA,NA,NA,NA,NA,NA,NA,NA,NA,NA,NA,NA
19,NA,NA,118.667,"2026-05-30_DMFOC",NA,NA,NA,NA,NA,NA,NA,NA,NA,NA,NA,NA,NA,NA,NA,NA,NA,NA,NA,NA,NA,NA,NA
20,NA,NA,119,"2026-05-30_DMFOC",NA,NA,NA,NA,NA,NA,NA,NA,NA,NA,NA,NA,NA,NA,NA,NA,NA,NA,NA,NA,NA,NA,NA
21,NA,NA,119.5,"2026-05-30_DMFOC",NA,NA,NA,NA,NA,NA,NA,NA,NA,NA,NA,NA,NA,NA,NA,NA,NA,NA,NA,NA,NA,NA,NA
22,NA,NA,120,"2026-05-30_DMFOC",NA,NA,NA,NA,NA,NA,NA,NA,NA,NA,NA,NA,NA,NA,NA,NA,NA,NA,NA,NA,NA,NA,NA
23,NA,NA,123,"2026-05-30_DMFOC",NA,NA,NA,NA,NA,NA,NA,NA,NA,NA,NA,NA,NA,NA,NA,NA,NA,NA,NA,NA,NA,NA,NA
24,NA,NA,125,"2026-05-30_DMFOC",NA,NA,NA,NA,NA,NA,NA,NA,NA,NA,NA,NA,NA,NA,NA,NA,NA,NA,NA,NA,NA,NA,NA
25,NA,NA,126,"2026-05-30_DMFOC",NA,NA,NA,NA,NA,NA,NA,NA,NA,NA,NA,NA,NA,NA,NA,NA,NA,NA,NA,NA,NA,NA,NA
26,NA,NA,127,"2026-05-30_DMFOC",NA,NA,NA,NA,NA,NA,NA,NA,NA,NA,NA,NA,NA,NA,NA,NA,NA,NA,NA,NA,NA,NA,NA
27,NA,NA,128,"2026-05-30_DMFOC",NA,NA,NA,NA,NA,NA,NA,NA,NA,NA,NA,NA,NA,NA,NA,NA,NA,NA,NA,NA,NA,NA,NA
28,NA,NA,129,"2026-05-30_DMFOC",NA,NA,NA,NA,NA,NA,NA,NA,NA,NA,NA,NA,NA,NA,NA,NA,NA,NA,NA,NA,NA,NA,NA
29,NA,NA,130,"2026-05-30_DMFOC",NA,NA,NA,NA,NA,NA,NA,NA,NA,NA,NA,NA,NA,NA,NA,NA,NA,NA,NA,NA,NA,NA,NA
30,NA,NA,131,"2026-05-30_DMFOC",NA,NA,NA,NA,NA,NA,NA,NA,NA,NA,NA,NA,NA,NA,NA,NA,NA,NA,NA,NA,NA,NA,NA
31,NA,NA,132,"2026-05-30_DMFOC",NA,NA,NA,NA,NA,NA,NA,NA,NA,NA,NA,NA,NA,NA,NA,NA,NA,NA,NA,NA,NA,NA,NA
32,NA,NA,132.5,"2026-05-30_DMFOC",NA,NA,NA,NA,NA,NA,NA,NA,NA,NA,NA,NA,NA,NA,NA,NA,NA,NA,NA,NA,NA,NA,NA
33,NA,NA,133,"2026-05-30_DMFOC",NA,NA,NA,NA,NA,NA,NA,NA,NA,NA,NA,NA,NA,NA,NA,NA,NA,NA,NA,NA,NA,NA,NA
34,NA,NA,133.5,"2026-05-30_DMFOC",NA,NA,NA,NA,NA,NA,NA,NA,NA,NA,NA,NA,NA,NA,NA,NA,NA,NA,NA,NA,NA,NA,NA
35,NA,NA,134,"2026-05-30_DMFOC",NA,NA,NA,NA,NA,NA,NA,NA,NA,NA,NA,NA,NA,NA,NA,NA,NA,NA,NA,NA,NA,NA,NA
36,NA,NA,134.5,"2026-05-30_DMFOC",NA,NA,NA,NA,NA,NA,NA,NA,NA,NA,NA,NA,NA,NA,NA,NA,NA,NA,NA,NA,NA,NA,NA
37,NA,NA,135,"2026-05-30_DMFOC",NA,NA,NA,NA,NA,NA,NA,NA,NA,NA,NA,NA,NA,NA,NA,NA,NA,NA,NA,NA,NA,NA,NA
38,NA,NA,135.5,"2026-05-30_DMFOC",NA,NA,NA,NA,NA,NA,NA,NA,NA,NA,NA,NA,NA,NA,NA,NA,NA,NA,NA,NA,NA,NA,NA
39,NA,NA,136,"2026-05-30_DMFOC",NA,NA,NA,NA,NA,NA,NA,NA,NA,NA,NA,NA,NA,NA,NA,NA,NA,NA,NA,NA,NA,NA,NA
40,NA,NA,136.333,"2026-05-30_DMFOC",NA,NA,NA,NA,NA,NA,NA,NA,NA,NA,NA,NA,NA,NA,NA,NA,NA,NA,NA,NA,NA,NA,NA
41,NA,NA,136.667,"2026-05-30_DMFOC",NA,NA,NA,NA,NA,NA,NA,NA,NA,NA,NA,NA,NA,NA,NA,NA,NA,NA,NA,NA,NA,NA,NA
42,NA,NA,137,"2026-05-30_DMFOC",NA,NA,NA,NA,NA,NA,NA,NA,NA,NA,NA,NA,NA,NA,NA,NA,NA,NA,NA,NA,NA,NA,NA
43,NA,NA,137.5,"2026-05-30_DMFOC",NA,NA,NA,NA,NA,NA,NA,NA,NA,NA,NA,NA,NA,NA,NA,NA,NA,NA,NA,NA,NA,NA,NA
44,NA,NA,138,"2026-05-30_DMFOC",NA,NA,NA,NA,NA,NA,NA,NA,NA,NA,NA,NA,NA,NA,NA,NA,NA,NA,NA,NA,NA,NA,NA
45,NA,NA,139,"2026-05-30_DMFOC",NA,NA,NA,NA,NA,NA,NA,NA,NA,NA,NA,NA,NA,NA,NA,NA,NA,NA,NA,NA,NA,NA,NA
46,NA,NA,140,"2026-05-30_DMFOC",NA,NA,NA,NA,NA,NA,NA,NA,NA,NA,NA,NA,NA,NA,NA,NA,NA,NA,NA,NA,NA,NA,NA
47,NA,NA,141,"2026-05-30_DMFOC",NA,NA,NA,NA,NA,NA,NA,NA,NA,NA,NA,NA,NA,NA,NA,NA,NA,NA,NA,NA,NA,NA,NA
48,NA,NA,142,"2026-05-30_DMFOC",NA,NA,NA,NA,NA,NA,NA,NA,NA,NA,NA,NA,NA,NA,NA,NA,NA,NA,NA,NA,NA,NA,NA
49,NA,NA,142.5,"2026-05-30_DMFOC",NA,NA,NA,NA,NA,NA,NA,NA,NA,NA,NA,NA,NA,NA,NA,NA,NA,NA,NA,NA,NA,NA,NA
50,NA,NA,143,"2026-05-30_DMFOC",NA,NA,NA,NA,NA,NA,NA,NA,NA,NA,NA,NA,NA,NA,NA,NA,NA,NA,NA,NA,NA,NA,NA
51,NA,NA,144,"2026-05-30_DMFOC",NA,NA,NA,NA,NA,NA,NA,NA,NA,NA,NA,NA,NA,NA,NA,NA,NA,NA,NA,NA,NA,NA,NA
52,NA,NA,144.25,"2026-05-30_DMFOC",NA,NA,NA,NA,NA,NA,NA,NA,NA,NA,NA,NA,NA,NA,NA,NA,NA,NA,NA,NA,NA,NA,NA
53,NA,NA,144.5,"2026-05-30_DMFOC",NA,NA,NA,NA,NA,NA,NA,NA,NA,NA,NA,NA,NA,NA,NA,NA,NA,NA,NA,NA,NA,NA,NA
54,NA,NA,144.75,"2026-05-30_DMFOC",NA,NA,NA,NA,NA,NA,NA,NA,NA,NA,NA,NA,NA,NA,NA,NA,NA,NA,NA,NA,NA,NA,NA
55,NA,NA,145,"2026-05-30_DMFOC",NA,NA,NA,NA,NA,NA,NA,NA,NA,NA,NA,NA,NA,NA,NA,NA,NA,NA,NA,NA,NA,NA,NA
56,NA,NA,147,"2026-05-30_DMFOC",NA,NA,NA,NA,NA,NA,NA,NA,NA,NA,NA,NA,NA,NA,NA,NA,NA,NA,NA,NA,NA,NA,NA
57,NA,NA,148,"2026-05-30_DMFOC",NA,NA,NA,NA,NA,NA,NA,NA,NA,NA,NA,NA,NA,NA,NA,NA,NA,NA,NA,NA,NA,NA,NA
58,NA,NA,150,"2026-05-30_DMFOC",NA,NA,NA,NA,NA,NA,NA,NA,NA,NA,NA,NA,NA,NA,NA,NA,NA,NA,NA,NA,NA,NA,NA
59,NA,NA,150.5,"2026-05-30_DMFOC",NA,NA,NA,NA,NA,NA,NA,NA,NA,NA,NA,NA,NA,NA,NA,NA,NA,NA,NA,NA,NA,NA,NA
60,NA,NA,151,"2026-05-30_DMFOC",NA,NA,NA,NA,NA,NA,NA,NA,NA,NA,NA,NA,NA,NA,NA,NA,NA,NA,NA,NA,NA,NA,NA
61,NA,NA,152,"2026-05-30_DMFOC",NA,NA,NA,NA,NA,NA,NA,NA,NA,NA,NA,NA,NA,NA,NA,NA,NA,NA,NA,NA,NA,NA,NA
62,NA,NA,152.5,"2026-05-30_DMFOC",NA,NA,NA,NA,NA,NA,NA,NA,NA,NA,NA,NA,NA,NA,NA,NA,NA,NA,NA,NA,NA,NA,NA
63,NA,NA,153,"2026-05-30_DMFOC",NA,NA,NA,NA,NA,NA,NA,NA,NA,NA,NA,NA,NA,NA,NA,NA,NA,NA,NA,NA,NA,NA,NA
64,NA,NA,153.333,"2026-05-30_DMFOC",NA,NA,NA,NA,NA,NA,NA,NA,NA,NA,NA,NA,NA,NA,NA,NA,NA,NA,NA,NA,NA,NA,NA
65,NA,NA,153.667,"2026-05-30_DMFOC",NA,NA,NA,NA,NA,NA,NA,NA,NA,NA,NA,NA,NA,NA,NA,NA,NA,NA,NA,NA,NA,NA,NA
66,NA,NA,154,"2026-05-30_DMFOC",NA,NA,NA,NA,NA,NA,NA,NA,NA,NA,NA,NA,NA,NA,NA,NA,NA,NA,NA,NA,NA,NA,NA
67,NA,NA,154.333,"2026-05-30_DMFOC",NA,NA,NA,NA,NA,NA,NA,NA,NA,NA,NA,NA,NA,NA,NA,NA,NA,NA,NA,NA,NA,NA,NA
68,NA,NA,154.667,"2026-05-30_DMFOC",NA,NA,NA,NA,NA,NA,NA,NA,NA,NA,NA,NA,NA,NA,NA,NA,NA,NA,NA,NA,NA,NA,NA
69,NA,NA,155,"2026-05-30_DMFOC",NA,NA,NA,NA,NA,NA,NA,NA,NA,NA,NA,NA,NA,NA,NA,NA,NA,NA,NA,NA,NA,NA,NA
70,NA,NA,155.333,"2026-05-30_DMFOC",NA,NA,NA,NA,NA,NA,NA,NA,NA,NA,NA,NA,NA,NA,NA,NA,NA,NA,NA,NA,NA,NA,NA
71,NA,NA,155.667,"2026-05-30_DMFOC",NA,NA,NA,NA,NA,NA,NA,NA,NA,NA,NA,NA,NA,NA,NA,NA,NA,NA,NA,NA,NA,NA,NA
72,NA,NA,156,"2026-05-30_DMFOC",NA,NA,NA,NA,NA,NA,NA,NA,NA,NA,NA,NA,NA,NA,NA,NA,NA,NA,NA,NA,NA,NA,NA
73,NA,NA,155.917,"2026-05-30_DMFOC",NA,NA,NA,NA,NA,NA,NA,NA,NA,NA,NA,NA,NA,NA,NA,NA,NA,NA,NA,NA,NA,NA,NA
74,NA,NA,155.833,"2026-05-30_DMFOC",NA,NA,NA,NA,NA,NA,NA,NA,NA,NA,NA,NA,NA,NA,NA,NA,NA,NA,NA,NA,NA,NA,NA
75,NA,NA,155.75,"2026-05-30_DMFOC",NA,NA,NA,NA,NA,NA,NA,NA,NA,NA,NA,NA,NA,NA,NA,NA,NA,NA,NA,NA,NA,NA,NA
76,NA,NA,155.667,"2026-05-30_DMFOC",NA,NA,NA,NA,NA,NA,NA,NA,NA,NA,NA,NA,NA,NA,NA,NA,NA,NA,NA,NA,NA,NA,NA
77,NA,NA,155.583,"2026-05-30_DMFOC",NA,NA,NA,NA,NA,NA,NA,NA,NA,NA,NA,NA,NA,NA,NA,NA,NA,NA,NA,NA,NA,NA,NA
78,NA,NA,155.5,"2026-05-30_DMFOC",NA,NA,NA,NA,NA,NA,NA,NA,NA,NA,NA,NA,NA,NA,NA,NA,NA,NA,NA,NA,NA,NA,NA
79,NA,NA,155.417,"2026-05-30_DMFOC",NA,NA,NA,NA,NA,NA,NA,NA,NA,NA,NA,NA,NA,NA,NA,NA,NA,NA,NA,NA,NA,NA,NA
80,NA,NA,155.333,"2026-05-30_DMFOC",NA,NA,NA,NA,NA,NA,NA,NA,NA,NA,NA,NA,NA,NA,NA,NA,NA,NA,NA,NA,NA,NA,NA
81,NA,NA,155.25,"2026-05-30_DMFOC",NA,NA,NA,NA,NA,NA,NA,NA,NA,NA,NA,NA,NA,NA,NA,NA,NA,NA,NA,NA,NA,NA,NA
82,NA,NA,155.167,"2026-05-30_DMFOC",NA,NA,NA,NA,NA,NA,NA,NA,NA,NA,NA,NA,NA,NA,NA,NA,NA,NA,NA,NA,NA,NA,NA
83,NA,NA,155.083,"2026-05-30_DMFOC",NA,NA,NA,NA,NA,NA,NA,NA,NA,NA,NA,NA,NA,NA,NA,NA,NA,NA,NA,NA,NA,NA,NA
84,NA,NA,155,"2026-05-30_DMFOC",NA,NA,NA,NA,NA,NA,NA,NA,NA,NA,NA,NA,NA,NA,NA,NA,NA,NA,NA,NA,NA,NA,NA
85,NA,NA,154.923,"2026-05-30_DMFOC",NA,NA,NA,NA,NA,NA,NA,NA,NA,NA,NA,NA,NA,NA,NA,NA,NA,NA,NA,NA,NA,NA,NA
86,NA,NA,154.846,"2026-05-30_DMFOC",NA,NA,NA,NA,NA,NA,NA,NA,NA,NA,NA,NA,NA,NA,NA,NA,NA,NA,NA,NA,NA,NA,NA
87,NA,NA,154.769,"2026-05-30_DMFOC",NA,NA,NA,NA,NA,NA,NA,NA,NA,NA,NA,NA,NA,NA,NA,NA,NA,NA,NA,NA,NA,NA,NA
88,NA,NA,154.692,"2026-05-30_DMFOC",NA,NA,NA,NA,NA,NA,NA,NA,NA,NA,NA,NA,NA,NA,NA,NA,NA,NA,NA,NA,NA,NA,NA
89,NA,NA,154.615,"2026-05-30_DMFOC",NA,NA,NA,NA,NA,NA,NA,NA,NA,NA,NA,NA,NA,NA,NA,NA,NA,NA,NA,NA,NA,NA,NA
90,NA,NA,154.538,"2026-05-30_DMFOC",NA,NA,NA,NA,NA,NA,NA,NA,NA,NA,NA,NA,NA,NA,NA,NA,NA,NA,NA,NA,NA,NA,NA
91,NA,NA,154.462,"2026-05-30_DMFOC",NA,NA,NA,NA,NA,NA,NA,NA,NA,NA,NA,NA,NA,NA,NA,NA,NA,NA,NA,NA,NA,NA,NA
92,NA,NA,154.385,"2026-05-30_DMFOC",NA,NA,NA,NA,NA,NA,NA,NA,NA,NA,NA,NA,NA,NA,NA,NA,NA,NA,NA,NA,NA,NA,NA
93,NA,NA,154.308,"2026-05-30_DMFOC",NA,NA,NA,NA,NA,NA,NA,NA,NA,NA,NA,NA,NA,NA,NA,NA,NA,NA,NA,NA,NA,NA,NA
94,NA,NA,154.231,"2026-05-30_DMFOC",NA,NA,NA,NA,NA,NA,NA,NA,NA,NA,NA,NA,NA,NA,NA,NA,NA,NA,NA,NA,NA,NA,NA
95,NA,NA,154.154,"2026-05-30_DMFOC",NA,NA,NA,NA,NA,NA,NA,NA,NA,NA,NA,NA,NA,NA,NA,NA,NA,NA,NA,NA,NA,NA,NA
96,NA,NA,154.077,"2026-05-30_DMFOC",NA,NA,NA,NA,NA,NA,NA,NA,NA,NA,NA,NA,NA,NA,NA,NA,NA,NA,NA,NA,NA,NA,NA
97,NA,NA,154,"2026-05-30_DMFOC",NA,NA,NA,NA,NA,NA,NA,NA,NA,NA,NA,NA,NA,NA,NA,NA,NA,NA,NA,NA,NA,NA,NA
98,NA,NA,154.25,"2026-05-30_DMFOC",NA,NA,NA,NA,NA,NA,NA,NA,NA,NA,NA,NA,NA,NA,NA,NA,NA,NA,NA,NA,NA,NA,NA
99,NA,NA,154.5,"2026-05-30_DMFOC",NA,NA,NA,NA,NA,NA,NA,NA,NA,NA,NA,NA,NA,NA,NA,NA,NA,NA,NA,NA,NA,NA,NA
100,NA,NA,154.75,"2026-05-30_DMFOC",NA,NA,NA,NA,NA,NA,NA,NA,NA,NA,NA,NA,NA,NA,NA,NA,NA,NA,NA,NA,NA,NA,NA
101,NA,NA,155,"2026-05-30_DMFOC",NA,NA,NA,NA,NA,NA,NA,NA,NA,NA,NA,NA,NA,NA,NA,NA,NA,NA,NA,NA,NA,NA,NA
102,NA,NA,155.333,"2026-05-30_DMFOC",NA,NA,NA,NA,NA,NA,NA,NA,NA,NA,NA,NA,NA,NA,NA,NA,NA,NA,NA,NA,NA,NA,NA
103,NA,NA,155.667,"2026-05-30_DMFOC",NA,NA,NA,NA,NA,NA,NA,NA,NA,NA,NA,NA,NA,NA,NA,NA,NA,NA,NA,NA,NA,NA,NA
104,NA,NA,156,"2026-05-30_DMFOC",NA,NA,NA,NA,NA,NA,NA,NA,NA,NA,NA,NA,NA,NA,NA,NA,NA,NA,NA,NA,NA,NA,NA
105,NA,NA,156.2,"2026-05-30_DMFOC",NA,NA,NA,NA,NA,NA,NA,NA,NA,NA,NA,NA,NA,NA,NA,NA,NA,NA,NA,NA,NA,NA,NA
106,NA,NA,156.4,"2026-05-30_DMFOC",NA,NA,NA,NA,NA,NA,NA,NA,NA,NA,NA,NA,NA,NA,NA,NA,NA,NA,NA,NA,NA,NA,NA
107,NA,NA,156.6,"2026-05-30_DMFOC",NA,NA,NA,NA,NA,NA,NA,NA,NA,NA,NA,NA,NA,NA,NA,NA,NA,NA,NA,NA,NA,NA,NA
108,NA,NA,156.8,"2026-05-30_DMFOC",NA,NA,NA,NA,NA,NA,NA,NA,NA,NA,NA,NA,NA,NA,NA,NA,NA,NA,NA,NA,NA,NA,NA
109,NA,NA,157,"2026-05-30_DMFOC",NA,NA,NA,NA,NA,NA,NA,NA,NA,NA,NA,NA,NA,NA,NA,NA,NA,NA,NA,NA,NA,NA,NA
110,NA,NA,156,"2026-05-30_DMFOC",NA,NA,NA,NA,NA,NA,NA,NA,NA,NA,NA,NA,NA,NA,NA,NA,NA,NA,NA,NA,NA,NA,NA
111,NA,NA,157,"2026-05-30_DMFOC",NA,NA,NA,NA,NA,NA,NA,NA,NA,NA,NA,NA,NA,NA,NA,NA,NA,NA,NA,NA,NA,NA,NA
112,NA,NA,157.167,"2026-05-30_DMFOC",NA,NA,NA,NA,NA,NA,NA,NA,NA,NA,NA,NA,NA,NA,NA,NA,NA,NA,NA,NA,NA,NA,NA
113,NA,NA,157.333,"2026-05-30_DMFOC",NA,NA,NA,NA,NA,NA,NA,NA,NA,NA,NA,NA,NA,NA,NA,NA,NA,NA,NA,NA,NA,NA,NA
114,NA,NA,157.5,"2026-05-30_DMFOC",NA,NA,NA,NA,NA,NA,NA,NA,NA,NA,NA,NA,NA,NA,NA,NA,NA,NA,NA,NA,NA,NA,NA
115,NA,NA,157.667,"2026-05-30_DMFOC",NA,NA,NA,NA,NA,NA,NA,NA,NA,NA,NA,NA,NA,NA,NA,NA,NA,NA,NA,NA,NA,NA,NA
116,NA,NA,157.833,"2026-05-30_DMFOC",NA,NA,NA,NA,NA,NA,NA,NA,NA,NA,NA,NA,NA,NA,NA,NA,NA,NA,NA,NA,NA,NA,NA
117,NA,NA,158,"2026-05-30_DMFOC",NA,NA,NA,NA,NA,NA,NA,NA,NA,NA,NA,NA,NA,NA,NA,NA,NA,NA,NA,NA,NA,NA,NA
118,NA,NA,157.667,"2026-05-30_DMFOC",NA,NA,NA,NA,NA,NA,NA,NA,NA,NA,NA,NA,NA,NA,NA,NA,NA,NA,NA,NA,NA,NA,NA
119,NA,NA,157.333,"2026-05-30_DMFOC",NA,NA,NA,NA,NA,NA,NA,NA,NA,NA,NA,NA,NA,NA,NA,NA,NA,NA,NA,NA,NA,NA,NA
120,NA,NA,157,"2026-05-30_DMFOC",NA,NA,NA,NA,NA,NA,NA,NA,NA,NA,NA,NA,NA,NA,NA,NA,NA,NA,NA,NA,NA,NA,NA
121,NA,NA,158,"2026-05-30_DMFOC",NA,NA,NA,NA,NA,NA,NA,NA,NA,NA,NA,NA,NA,NA,NA,NA,NA,NA,NA,NA,NA,NA,NA
122,NA,NA,157.5,"2026-05-30_DMFOC",NA,NA,NA,NA,NA,NA,NA,NA,NA,NA,NA,NA,NA,NA,NA,NA,NA,NA,NA,NA,NA,NA,NA
123,NA,NA,157,"2026-05-30_DMFOC",NA,NA,NA,NA,NA,NA,NA,NA,NA,NA,NA,NA,NA,NA,NA,NA,NA,NA,NA,NA,NA,NA,NA
124,NA,NA,158,"2026-05-30_DMFOC",NA,NA,NA,NA,NA,NA,NA,NA,NA,NA,NA,NA,NA,NA,NA,NA,NA,NA,NA,NA,NA,NA,NA
125,NA,NA,157.667,"2026-05-30_DMFOC",NA,NA,NA,NA,NA,NA,NA,NA,NA,NA,NA,NA,NA,NA,NA,NA,NA,NA,NA,NA,NA,NA,NA
126,NA,NA,157.333,"2026-05-30_DMFOC",NA,NA,NA,NA,NA,NA,NA,NA,NA,NA,NA,NA,NA,NA,NA,NA,NA,NA,NA,NA,NA,NA,NA
127,NA,NA,157,"2026-05-30_DMFOC",NA,NA,NA,NA,NA,NA,NA,NA,NA,NA,NA,NA,NA,NA,NA,NA,NA,NA,NA,NA,NA,NA,NA
128,NA,NA,157.167,"2026-05-30_DMFOC",NA,NA,NA,NA,NA,NA,NA,NA,NA,NA,NA,NA,NA,NA,NA,NA,NA,NA,NA,NA,NA,NA,NA
129,NA,NA,157.333,"2026-05-30_DMFOC",NA,NA,NA,NA,NA,NA,NA,NA,NA,NA,NA,NA,NA,NA,NA,NA,NA,NA,NA,NA,NA,NA,NA
130,NA,NA,157.5,"2026-05-30_DMFOC",NA,NA,NA,NA,NA,NA,NA,NA,NA,NA,NA,NA,NA,NA,NA,NA,NA,NA,NA,NA,NA,NA,NA
131,NA,NA,157.667,"2026-05-30_DMFOC",NA,NA,NA,NA,NA,NA,NA,NA,NA,NA,NA,NA,NA,NA,NA,NA,NA,NA,NA,NA,NA,NA,NA
132,NA,NA,157.833,"2026-05-30_DMFOC",NA,NA,NA,NA,NA,NA,NA,NA,NA,NA,NA,NA,NA,NA,NA,NA,NA,NA,NA,NA,NA,NA,NA
133,NA,NA,158,"2026-05-30_DMFOC",NA,NA,NA,NA,NA,NA,NA,NA,NA,NA,NA,NA,NA,NA,NA,NA,NA,NA,NA,NA,NA,NA,NA
134,NA,NA,158.333,"2026-05-30_DMFOC",NA,NA,NA,NA,NA,NA,NA,NA,NA,NA,NA,NA,NA,NA,NA,NA,NA,NA,NA,NA,NA,NA,NA
135,NA,NA,158.667,"2026-05-30_DMFOC",NA,NA,NA,NA,NA,NA,NA,NA,NA,NA,NA,NA,NA,NA,NA,NA,NA,NA,NA,NA,NA,NA,NA
136,NA,NA,159,"2026-05-30_DMFOC",NA,NA,NA,NA,NA,NA,NA,NA,NA,NA,NA,NA,NA,NA,NA,NA,NA,NA,NA,NA,NA,NA,NA
137,NA,NA,159.5,"2026-05-30_DMFOC",NA,NA,NA,NA,NA,NA,NA,NA,NA,NA,NA,NA,NA,NA,NA,NA,NA,NA,NA,NA,NA,NA,NA
138,NA,NA,160,"2026-05-30_DMFOC",NA,NA,NA,NA,NA,NA,NA,NA,NA,NA,NA,NA,NA,NA,NA,NA,NA,NA,NA,NA,NA,NA,NA
139,NA,NA,159.5,"2026-05-30_DMFOC",NA,NA,NA,NA,NA,NA,NA,NA,NA,NA,NA,NA,NA,NA,NA,NA,NA,NA,NA,NA,NA,NA,NA
140,NA,NA,159,"2026-05-30_DMFOC",NA,NA,NA,NA,NA,NA,NA,NA,NA,NA,NA,NA,NA,NA,NA,NA,NA,NA,NA,NA,NA,NA,NA
141,NA,NA,159.333,"2026-05-30_DMFOC",NA,NA,NA,NA,NA,NA,NA,NA,NA,NA,NA,NA,NA,NA,NA,NA,NA,NA,NA,NA,NA,NA,NA
142,NA,NA,159.667,"2026-05-30_DMFOC",NA,NA,NA,NA,NA,NA,NA,NA,NA,NA,NA,NA,NA,NA,NA,NA,NA,NA,NA,NA,NA,NA,NA
143,NA,NA,160,"2026-05-30_DMFOC",NA,NA,NA,NA,NA,NA,NA,NA,NA,NA,NA,NA,NA,NA,NA,NA,NA,NA,NA,NA,NA,NA,NA
144,NA,NA,159,"2026-05-30_DMFOC",NA,NA,NA,NA,NA,NA,NA,NA,NA,NA,NA,NA,NA,NA,NA,NA,NA,NA,NA,NA,NA,NA,NA
145,NA,NA,160,"2026-05-30_DMFOC",NA,NA,NA,NA,NA,NA,NA,NA,NA,NA,NA,NA,NA,NA,NA,NA,NA,NA,NA,NA,NA,NA,NA
146,NA,NA,160.143,"2026-05-30_DMFOC",NA,NA,NA,NA,NA,NA,NA,NA,NA,NA,NA,NA,NA,NA,NA,NA,NA,NA,NA,NA,NA,NA,NA
147,NA,NA,160.286,"2026-05-30_DMFOC",NA,NA,NA,NA,NA,NA,NA,NA,NA,NA,NA,NA,NA,NA,NA,NA,NA,NA,NA,NA,NA,NA,NA
148,NA,NA,160.429,"2026-05-30_DMFOC",NA,NA,NA,NA,NA,NA,NA,NA,NA,NA,NA,NA,NA,NA,NA,NA,NA,NA,NA,NA,NA,NA,NA
149,NA,NA,160.571,"2026-05-30_DMFOC",NA,NA,NA,NA,NA,NA,NA,NA,NA,NA,NA,NA,NA,NA,NA,NA,NA,NA,NA,NA,NA,NA,NA
150,NA,NA,160.714,"2026-05-30_DMFOC",NA,NA,NA,NA,NA,NA,NA,NA,NA,NA,NA,NA,NA,NA,NA,NA,NA,NA,NA,NA,NA,NA,NA
151,NA,NA,160.857,"2026-05-30_DMFOC",NA,NA,NA,NA,NA,NA,NA,NA,NA,NA,NA,NA,NA,NA,NA,NA,NA,NA,NA,NA,NA,NA,NA
152,NA,NA,161,"2026-05-30_DMFOC",NA,NA,NA,NA,NA,NA,NA,NA,NA,NA,NA,NA,NA,NA,NA,NA,NA,NA,NA,NA,NA,NA,NA
153,NA,NA,161.167,"2026-05-30_DMFOC",NA,NA,NA,NA,NA,NA,NA,NA,NA,NA,NA,NA,NA,NA,NA,NA,NA,NA,NA,NA,NA,NA,NA
154,NA,NA,161.333,"2026-05-30_DMFOC",NA,NA,NA,NA,NA,NA,NA,NA,NA,NA,NA,NA,NA,NA,NA,NA,NA,NA,NA,NA,NA,NA,NA
155,NA,NA,161.5,"2026-05-30_DMFOC",NA,NA,NA,NA,NA,NA,NA,NA,NA,NA,NA,NA,NA,NA,NA,NA,NA,NA,NA,NA,NA,NA,NA
156,NA,NA,161.667,"2026-05-30_DMFOC",NA,NA,NA,NA,NA,NA,NA,NA,NA,NA,NA,NA,NA,NA,NA,NA,NA,NA,NA,NA,NA,NA,NA
157,NA,NA,161.833,"2026-05-30_DMFOC",NA,NA,NA,NA,NA,NA,NA,NA,NA,NA,NA,NA,NA,NA,NA,NA,NA,NA,NA,NA,NA,NA,NA
158,NA,NA,162,"2026-05-30_DMFOC",NA,NA,NA,NA,NA,NA,NA,NA,NA,NA,NA,NA,NA,NA,NA,NA,NA,NA,NA,NA,NA,NA,NA
159,NA,NA,162.167,"2026-05-30_DMFOC",NA,NA,NA,NA,NA,NA,NA,NA,NA,NA,NA,NA,NA,NA,NA,NA,NA,NA,NA,NA,NA,NA,NA
160,NA,NA,162.333,"2026-05-30_DMFOC",NA,NA,NA,NA,NA,NA,NA,NA,NA,NA,NA,NA,NA,NA,NA,NA,NA,NA,NA,NA,NA,NA,NA
161,NA,NA,162.5,"2026-05-30_DMFOC",NA,NA,NA,NA,NA,NA,NA,NA,NA,NA,NA,NA,NA,NA,NA,NA,NA,NA,NA,NA,NA,NA,NA
162,NA,NA,162.667,"2026-05-30_DMFOC",NA,NA,NA,NA,NA,NA,NA,NA,NA,NA,NA,NA,NA,NA,NA,NA,NA,NA,NA,NA,NA,NA,NA
163,NA,NA,162.833,"2026-05-30_DMFOC",NA,NA,NA,NA,NA,NA,NA,NA,NA,NA,NA,NA,NA,NA,NA,NA,NA,NA,NA,NA,NA,NA,NA
164,NA,NA,163,"2026-05-30_DMFOC",NA,NA,NA,NA,NA,NA,NA,NA,NA,NA,NA,NA,NA,NA,NA,NA,NA,NA,NA,NA,NA,NA,NA
165,NA,NA,162.5,"2026-05-30_DMFOC",NA,NA,NA,NA,NA,NA,NA,NA,NA,NA,NA,NA,NA,NA,NA,NA,NA,NA,NA,NA,NA,NA,NA
166,NA,NA,162,"2026-05-30_DMFOC",NA,NA,NA,NA,NA,NA,NA,NA,NA,NA,NA,NA,NA,NA,NA,NA,NA,NA,NA,NA,NA,NA,NA
167,NA,NA,162.125,"2026-05-30_DMFOC",NA,NA,NA,NA,NA,NA,NA,NA,NA,NA,NA,NA,NA,NA,NA,NA,NA,NA,NA,NA,NA,NA,NA
168,NA,NA,162.25,"2026-05-30_DMFOC",NA,NA,NA,NA,NA,NA,NA,NA,NA,NA,NA,NA,NA,NA,NA,NA,NA,NA,NA,NA,NA,NA,NA
169,NA,NA,162.375,"2026-05-30_DMFOC",NA,NA,NA,NA,NA,NA,NA,NA,NA,NA,NA,NA,NA,NA,NA,NA,NA,NA,NA,NA,NA,NA,NA
170,NA,NA,162.5,"2026-05-30_DMFOC",NA,NA,NA,NA,NA,NA,NA,NA,NA,NA,NA,NA,NA,NA,NA,NA,NA,NA,NA,NA,NA,NA,NA
171,NA,NA,162.625,"2026-05-30_DMFOC",NA,NA,NA,NA,NA,NA,NA,NA,NA,NA,NA,NA,NA,NA,NA,NA,NA,NA,NA,NA,NA,NA,NA
172,NA,NA,162.75,"2026-05-30_DMFOC",NA,NA,NA,NA,NA,NA,NA,NA,NA,NA,NA,NA,NA,NA,NA,NA,NA,NA,NA,NA,NA,NA,NA
173,NA,NA,162.875,"2026-05-30_DMFOC",NA,NA,NA,NA,NA,NA,NA,NA,NA,NA,NA,NA,NA,NA,NA,NA,NA,NA,NA,NA,NA,NA,NA
174,NA,NA,163,"2026-05-30_DMFOC",NA,NA,NA,NA,NA,NA,NA,NA,NA,NA,NA,NA,NA,NA,NA,NA,NA,NA,NA,NA,NA,NA,NA
175,NA,NA,162,"2026-05-30_DMFOC",NA,NA,NA,NA,NA,NA,NA,NA,NA,NA,NA,NA,NA,NA,NA,NA,NA,NA,NA,NA,NA,NA,NA
176,NA,NA,162.083,"2026-05-30_DMFOC",NA,NA,NA,NA,NA,NA,NA,NA,NA,NA,NA,NA,NA,NA,NA,NA,NA,NA,NA,NA,NA,NA,NA
177,NA,NA,162.167,"2026-05-30_DMFOC",NA,NA,NA,NA,NA,NA,NA,NA,NA,NA,NA,NA,NA,NA,NA,NA,NA,NA,NA,NA,NA,NA,NA
178,NA,NA,162.25,"2026-05-30_DMFOC",NA,NA,NA,NA,NA,NA,NA,NA,NA,NA,NA,NA,NA,NA,NA,NA,NA,NA,NA,NA,NA,NA,NA
179,NA,NA,162.333,"2026-05-30_DMFOC",NA,NA,NA,NA,NA,NA,NA,NA,NA,NA,NA,NA,NA,NA,NA,NA,NA,NA,NA,NA,NA,NA,NA
180,NA,NA,162.417,"2026-05-30_DMFOC",NA,NA,NA,NA,NA,NA,NA,NA,NA,NA,NA,NA,NA,NA,NA,NA,NA,NA,NA,NA,NA,NA,NA
181,NA,NA,162.5,"2026-05-30_DMFOC",NA,NA,NA,NA,NA,NA,NA,NA,NA,NA,NA,NA,NA,NA,NA,NA,NA,NA,NA,NA,NA,NA,NA
182,NA,NA,162.583,"2026-05-30_DMFOC",NA,NA,NA,NA,NA,NA,NA,NA,NA,NA,NA,NA,NA,NA,NA,NA,NA,NA,NA,NA,NA,NA,NA
183,NA,NA,162.667,"2026-05-30_DMFOC",NA,NA,NA,NA,NA,NA,NA,NA,NA,NA,NA,NA,NA,NA,NA,NA,NA,NA,NA,NA,NA,NA,NA
184,NA,NA,162.75,"2026-05-30_DMFOC",NA,NA,NA,NA,NA,NA,NA,NA,NA,NA,NA,NA,NA,NA,NA,NA,NA,NA,NA,NA,NA,NA,NA
185,NA,NA,162.833,"2026-05-30_DMFOC",NA,NA,NA,NA,NA,NA,NA,NA,NA,NA,NA,NA,NA,NA,NA,NA,NA,NA,NA,NA,NA,NA,NA
186,NA,NA,162.917,"2026-05-30_DMFOC",NA,NA,NA,NA,NA,NA,NA,NA,NA,NA,NA,NA,NA,NA,NA,NA,NA,NA,NA,NA,NA,NA,NA
187,NA,NA,163,"2026-05-30_DMFOC",NA,NA,NA,NA,NA,NA,NA,NA,NA,NA,NA,NA,NA,NA,NA,NA,NA,NA,NA,NA,NA,NA,NA
188,NA,NA,162,"2026-05-30_DMFOC",NA,NA,NA,NA,NA,NA,NA,NA,NA,NA,NA,NA,NA,NA,NA,NA,NA,NA,NA,NA,NA,NA,NA
189,NA,NA,162.333,"2026-05-30_DMFOC",NA,NA,NA,NA,NA,NA,NA,NA,NA,NA,NA,NA,NA,NA,NA,NA,NA,NA,NA,NA,NA,NA,NA
190,NA,NA,162.667,"2026-05-30_DMFOC",NA,NA,NA,NA,NA,NA,NA,NA,NA,NA,NA,NA,NA,NA,NA,NA,NA,NA,NA,NA,NA,NA,NA
191,NA,NA,163,"2026-05-30_DMFOC",NA,NA,NA,NA,NA,NA,NA,NA,NA,NA,NA,NA,NA,NA,NA,NA,NA,NA,NA,NA,NA,NA,NA
192,NA,NA,162.5,"2026-05-30_DMFOC",NA,NA,NA,NA,NA,NA,NA,NA,NA,NA,NA,NA,NA,NA,NA,NA,NA,NA,NA,NA,NA,NA,NA
193,NA,NA,162,"2026-05-30_DMFOC",NA,NA,NA,NA,NA,NA,NA,NA,NA,NA,NA,NA,NA,NA,NA,NA,NA,NA,NA,NA,NA,NA,NA
194,NA,NA,161.917,"2026-05-30_DMFOC",NA,NA,NA,NA,NA,NA,NA,NA,NA,NA,NA,NA,NA,NA,NA,NA,NA,NA,NA,NA,NA,NA,NA
195,NA,NA,161.833,"2026-05-30_DMFOC",NA,NA,NA,NA,NA,NA,NA,NA,NA,NA,NA,NA,NA,NA,NA,NA,NA,NA,NA,NA,NA,NA,NA
196,NA,NA,161.75,"2026-05-30_DMFOC",NA,NA,NA,NA,NA,NA,NA,NA,NA,NA,NA,NA,NA,NA,NA,NA,NA,NA,NA,NA,NA,NA,NA
197,NA,NA,161.667,"2026-05-30_DMFOC",NA,NA,NA,NA,NA,NA,NA,NA,NA,NA,NA,NA,NA,NA,NA,NA,NA,NA,NA,NA,NA,NA,NA
198,NA,NA,161.583,"2026-05-30_DMFOC",NA,NA,NA,NA,NA,NA,NA,NA,NA,NA,NA,NA,NA,NA,NA,NA,NA,NA,NA,NA,NA,NA,NA
199,NA,NA,161.5,"2026-05-30_DMFOC",NA,NA,NA,NA,NA,NA,NA,NA,NA,NA,NA,NA,NA,NA,NA,NA,NA,NA,NA,NA,NA,NA,NA
200,NA,NA,161.417,"2026-05-30_DMFOC",NA,NA,NA,NA,NA,NA,NA,NA,NA,NA,NA,NA,NA,NA,NA,NA,NA,NA,NA,NA,NA,NA,NA
201,NA,NA,161.333,"2026-05-30_DMFOC",NA,NA,NA,NA,NA,NA,NA,NA,NA,NA,NA,NA,NA,NA,NA,NA,NA,NA,NA,NA,NA,NA,NA
202,NA,NA,161.25,"2026-05-30_DMFOC",NA,NA,NA,NA,NA,NA,NA,NA,NA,NA,NA,NA,NA,NA,NA,NA,NA,NA,NA,NA,NA,NA,NA
203,NA,NA,161.167,"2026-05-30_DMFOC",NA,NA,NA,NA,NA,NA,NA,NA,NA,NA,NA,NA,NA,NA,NA,NA,NA,NA,NA,NA,NA,NA,NA
204,NA,NA,161.083,"2026-05-30_DMFOC",NA,NA,NA,NA,NA,NA,NA,NA,NA,NA,NA,NA,NA,NA,NA,NA,NA,NA,NA,NA,NA,NA,NA
205,NA,NA,161,"2026-05-30_DMFOC",NA,NA,NA,NA,NA,NA,NA,NA,NA,NA,NA,NA,NA,NA,NA,NA,NA,NA,NA,NA,NA,NA,NA
206,NA,NA,161.5,"2026-05-30_DMFOC",NA,NA,NA,NA,NA,NA,NA,NA,NA,NA,NA,NA,NA,NA,NA,NA,NA,NA,NA,NA,NA,NA,NA
207,NA,NA,162,"2026-05-30_DMFOC",NA,NA,NA,NA,NA,NA,NA,NA,NA,NA,NA,NA,NA,NA,NA,NA,NA,NA,NA,NA,NA,NA,NA
208,NA,NA,161.75,"2026-05-30_DMFOC",NA,NA,NA,NA,NA,NA,NA,NA,NA,NA,NA,NA,NA,NA,NA,NA,NA,NA,NA,NA,NA,NA,NA
209,NA,NA,161.5,"2026-05-30_DMFOC",NA,NA,NA,NA,NA,NA,NA,NA,NA,NA,NA,NA,NA,NA,NA,NA,NA,NA,NA,NA,NA,NA,NA
210,NA,NA,161.25,"2026-05-30_DMFOC",NA,NA,NA,NA,NA,NA,NA,NA,NA,NA,NA,NA,NA,NA,NA,NA,NA,NA,NA,NA,NA,NA,NA
211,NA,NA,161,"2026-05-30_DMFOC",NA,NA,NA,NA,NA,NA,NA,NA,NA,NA,NA,NA,NA,NA,NA,NA,NA,NA,NA,NA,NA,NA,NA
212,NA,NA,160.8,"2026-05-30_DMFOC",NA,NA,NA,NA,NA,NA,NA,NA,NA,NA,NA,NA,NA,NA,NA,NA,NA,NA,NA,NA,NA,NA,NA
213,NA,NA,160.6,"2026-05-30_DMFOC",NA,NA,NA,NA,NA,NA,NA,NA,NA,NA,NA,NA,NA,NA,NA,NA,NA,NA,NA,NA,NA,NA,NA
214,NA,NA,160.4,"2026-05-30_DMFOC",NA,NA,NA,NA,NA,NA,NA,NA,NA,NA,NA,NA,NA,NA,NA,NA,NA,NA,NA,NA,NA,NA,NA
215,NA,NA,160.2,"2026-05-30_DMFOC",NA,NA,NA,NA,NA,NA,NA,NA,NA,NA,NA,NA,NA,NA,NA,NA,NA,NA,NA,NA,NA,NA,NA
216,NA,NA,160,"2026-05-30_DMFOC",NA,NA,NA,NA,NA,NA,NA,NA,NA,NA,NA,NA,NA,NA,NA,NA,NA,NA,NA,NA,NA,NA,NA
217,NA,NA,161,"2026-05-30_DMFOC",NA,NA,NA,NA,NA,NA,NA,NA,NA,NA,NA,NA,NA,NA,NA,NA,NA,NA,NA,NA,NA,NA,NA
218,NA,NA,160.5,"2026-05-30_DMFOC",NA,NA,NA,NA,NA,NA,NA,NA,NA,NA,NA,NA,NA,NA,NA,NA,NA,NA,NA,NA,NA,NA,NA
219,NA,NA,160,"2026-05-30_DMFOC",NA,NA,NA,NA,NA,NA,NA,NA,NA,NA,NA,NA,NA,NA,NA,NA,NA,NA,NA,NA,NA,NA,NA
220,NA,NA,161,"2026-05-30_DMFOC",NA,NA,NA,NA,NA,NA,NA,NA,NA,NA,NA,NA,NA,NA,NA,NA,NA,NA,NA,NA,NA,NA,NA
221,NA,NA,160.5,"2026-05-30_DMFOC",NA,NA,NA,NA,NA,NA,NA,NA,NA,NA,NA,NA,NA,NA,NA,NA,NA,NA,NA,NA,NA,NA,NA
222,NA,NA,160,"2026-05-30_DMFOC",NA,NA,NA,NA,NA,NA,NA,NA,NA,NA,NA,NA,NA,NA,NA,NA,NA,NA,NA,NA,NA,NA,NA
223,NA,NA,161,"2026-05-30_DMFOC",NA,NA,NA,NA,NA,NA,NA,NA,NA,NA,NA,NA,NA,NA,NA,NA,NA,NA,NA,NA,NA,NA,NA
224,NA,NA,160.667,"2026-05-30_DMFOC",NA,NA,NA,NA,NA,NA,NA,NA,NA,NA,NA,NA,NA,NA,NA,NA,NA,NA,NA,NA,NA,NA,NA
225,NA,NA,160.333,"2026-05-30_DMFOC",NA,NA,NA,NA,NA,NA,NA,NA,NA,NA,NA,NA,NA,NA,NA,NA,NA,NA,NA,NA,NA,NA,NA
226,NA,NA,160,"2026-05-30_DMFOC",NA,NA,NA,NA,NA,NA,NA,NA,NA,NA,NA,NA,NA,NA,NA,NA,NA,NA,NA,NA,NA,NA,NA
227,NA,NA,161,"2026-05-30_DMFOC",NA,NA,NA,NA,NA,NA,NA,NA,NA,NA,NA,NA,NA,NA,NA,NA,NA,NA,NA,NA,NA,NA,NA
228,NA,NA,160.5,"2026-05-30_DMFOC",NA,NA,NA,NA,NA,NA,NA,NA,NA,NA,NA,NA,NA,NA,NA,NA,NA,NA,NA,NA,NA,NA,NA
229,NA,NA,160,"2026-05-30_DMFOC",NA,NA,NA,NA,NA,NA,NA,NA,NA,NA,NA,NA,NA,NA,NA,NA,NA,NA,NA,NA,NA,NA,NA
230,NA,NA,161,"2026-05-30_DMFOC",NA,NA,NA,NA,NA,NA,NA,NA,NA,NA,NA,NA,NA,NA,NA,NA,NA,NA,NA,NA,NA,NA,NA
231,NA,NA,160.5,"2026-05-30_DMFOC",NA,NA,NA,NA,NA,NA,NA,NA,NA,NA,NA,NA,NA,NA,NA,NA,NA,NA,NA,NA,NA,NA,NA
232,NA,NA,160,"2026-05-30_DMFOC",NA,NA,NA,NA,NA,NA,NA,NA,NA,NA,NA,NA,NA,NA,NA,NA,NA,NA,NA,NA,NA,NA,NA
233,NA,NA,161,"2026-05-30_DMFOC",NA,NA,NA,NA,NA,NA,NA,NA,NA,NA,NA,NA,NA,NA,NA,NA,NA,NA,NA,NA,NA,NA,NA
234,NA,NA,160.5,"2026-05-30_DMFOC",NA,NA,NA,NA,NA,NA,NA,NA,NA,NA,NA,NA,NA,NA,NA,NA,NA,NA,NA,NA,NA,NA,NA
235,NA,NA,160,"2026-05-30_DMFOC",NA,NA,NA,NA,NA,NA,NA,NA,NA,NA,NA,NA,NA,NA,NA,NA,NA,NA,NA,NA,NA,NA,NA
236,NA,NA,161,"2026-05-30_DMFOC",NA,NA,NA,NA,NA,NA,NA,NA,NA,NA,NA,NA,NA,NA,NA,NA,NA,NA,NA,NA,NA,NA,NA
237,NA,NA,160.5,"2026-05-30_DMFOC",NA,NA,NA,NA,NA,NA,NA,NA,NA,NA,NA,NA,NA,NA,NA,NA,NA,NA,NA,NA,NA,NA,NA
238,NA,NA,160,"2026-05-30_DMFOC",NA,NA,NA,NA,NA,NA,NA,NA,NA,NA,NA,NA,NA,NA,NA,NA,NA,NA,NA,NA,NA,NA,NA
239,NA,NA,161,"2026-05-30_DMFOC",NA,NA,NA,NA,NA,NA,NA,NA,NA,NA,NA,NA,NA,NA,NA,NA,NA,NA,NA,NA,NA,NA,NA
240,NA,NA,160,"2026-05-30_DMFOC",NA,NA,NA,NA,NA,NA,NA,NA,NA,NA,NA,NA,NA,NA,NA,NA,NA,NA,NA,NA,NA,NA,NA
241,NA,NA,159.667,"2026-05-30_DMFOC",NA,NA,NA,NA,NA,NA,NA,NA,NA,NA,NA,NA,NA,NA,NA,NA,NA,NA,NA,NA,NA,NA,NA
242,NA,NA,159.333,"2026-05-30_DMFOC",NA,NA,NA,NA,NA,NA,NA,NA,NA,NA,NA,NA,NA,NA,NA,NA,NA,NA,NA,NA,NA,NA,NA
243,NA,NA,159,"2026-05-30_DMFOC",NA,NA,NA,NA,NA,NA,NA,NA,NA,NA,NA,NA,NA,NA,NA,NA,NA,NA,NA,NA,NA,NA,NA
244,NA,NA,159.083,"2026-05-30_DMFOC",NA,NA,NA,NA,NA,NA,NA,NA,NA,NA,NA,NA,NA,NA,NA,NA,NA,NA,NA,NA,NA,NA,NA
245,NA,NA,159.167,"2026-05-30_DMFOC",NA,NA,NA,NA,NA,NA,NA,NA,NA,NA,NA,NA,NA,NA,NA,NA,NA,NA,NA,NA,NA,NA,NA
246,NA,NA,159.25,"2026-05-30_DMFOC",NA,NA,NA,NA,NA,NA,NA,NA,NA,NA,NA,NA,NA,NA,NA,NA,NA,NA,NA,NA,NA,NA,NA
247,NA,NA,159.333,"2026-05-30_DMFOC",NA,NA,NA,NA,NA,NA,NA,NA,NA,NA,NA,NA,NA,NA,NA,NA,NA,NA,NA,NA,NA,NA,NA
248,NA,NA,159.417,"2026-05-30_DMFOC",NA,NA,NA,NA,NA,NA,NA,NA,NA,NA,NA,NA,NA,NA,NA,NA,NA,NA,NA,NA,NA,NA,NA
249,NA,NA,159.5,"2026-05-30_DMFOC",NA,NA,NA,NA,NA,NA,NA,NA,NA,NA,NA,NA,NA,NA,NA,NA,NA,NA,NA,NA,NA,NA,NA
250,NA,NA,159.583,"2026-05-30_DMFOC",NA,NA,NA,NA,NA,NA,NA,NA,NA,NA,NA,NA,NA,NA,NA,NA,NA,NA,NA,NA,NA,NA,NA
251,NA,NA,159.667,"2026-05-30_DMFOC",NA,NA,NA,NA,NA,NA,NA,NA,NA,NA,NA,NA,NA,NA,NA,NA,NA,NA,NA,NA,NA,NA,NA
252,NA,NA,159.75,"2026-05-30_DMFOC",NA,NA,NA,NA,NA,NA,NA,NA,NA,NA,NA,NA,NA,NA,NA,NA,NA,NA,NA,NA,NA,NA,NA
253,NA,NA,159.833,"2026-05-30_DMFOC",NA,NA,NA,NA,NA,NA,NA,NA,NA,NA,NA,NA,NA,NA,NA,NA,NA,NA,NA,NA,NA,NA,NA
254,NA,NA,159.917,"2026-05-30_DMFOC",NA,NA,NA,NA,NA,NA,NA,NA,NA,NA,NA,NA,NA,NA,NA,NA,NA,NA,NA,NA,NA,NA,NA
255,NA,NA,160,"2026-05-30_DMFOC",NA,NA,NA,NA,NA,NA,NA,NA,NA,NA,NA,NA,NA,NA,NA,NA,NA,NA,NA,NA,NA,NA,NA
256,NA,NA,160.333,"2026-05-30_DMFOC",NA,NA,NA,NA,NA,NA,NA,NA,NA,NA,NA,NA,NA,NA,NA,NA,NA,NA,NA,NA,NA,NA,NA
257,NA,NA,160.667,"2026-05-30_DMFOC",NA,NA,NA,NA,NA,NA,NA,NA,NA,NA,NA,NA,NA,NA,NA,NA,NA,NA,NA,NA,NA,NA,NA
258,NA,NA,161,"2026-05-30_DMFOC",NA,NA,NA,NA,NA,NA,NA,NA,NA,NA,NA,NA,NA,NA,NA,NA,NA,NA,NA,NA,NA,NA,NA
259,NA,NA,160,"2026-05-30_DMFOC",NA,NA,NA,NA,NA,NA,NA,NA,NA,NA,NA,NA,NA,NA,NA,NA,NA,NA,NA,NA,NA,NA,NA
260,NA,NA,160.5,"2026-05-30_DMFOC",NA,NA,NA,NA,NA,NA,NA,NA,NA,NA,NA,NA,NA,NA,NA,NA,NA,NA,NA,NA,NA,NA,NA
261,NA,NA,161,"2026-05-30_DMFOC",NA,NA,NA,NA,NA,NA,NA,NA,NA,NA,NA,NA,NA,NA,NA,NA,NA,NA,NA,NA,NA,NA,NA
262,NA,NA,161.111,"2026-05-30_DMFOC",NA,NA,NA,NA,NA,NA,NA,NA,NA,NA,NA,NA,NA,NA,NA,NA,NA,NA,NA,NA,NA,NA,NA
263,NA,NA,161.222,"2026-05-30_DMFOC",NA,NA,NA,NA,NA,NA,NA,NA,NA,NA,NA,NA,NA,NA,NA,NA,NA,NA,NA,NA,NA,NA,NA
264,NA,NA,161.333,"2026-05-30_DMFOC",NA,NA,NA,NA,NA,NA,NA,NA,NA,NA,NA,NA,NA,NA,NA,NA,NA,NA,NA,NA,NA,NA,NA
265,NA,NA,161.444,"2026-05-30_DMFOC",NA,NA,NA,NA,NA,NA,NA,NA,NA,NA,NA,NA,NA,NA,NA,NA,NA,NA,NA,NA,NA,NA,NA
266,NA,NA,161.556,"2026-05-30_DMFOC",NA,NA,NA,NA,NA,NA,NA,NA,NA,NA,NA,NA,NA,NA,NA,NA,NA,NA,NA,NA,NA,NA,NA
267,NA,NA,161.667,"2026-05-30_DMFOC",NA,NA,NA,NA,NA,NA,NA,NA,NA,NA,NA,NA,NA,NA,NA,NA,NA,NA,NA,NA,NA,NA,NA
268,NA,NA,161.778,"2026-05-30_DMFOC",NA,NA,NA,NA,NA,NA,NA,NA,NA,NA,NA,NA,NA,NA,NA,NA,NA,NA,NA,NA,NA,NA,NA
269,NA,NA,161.889,"2026-05-30_DMFOC",NA,NA,NA,NA,NA,NA,NA,NA,NA,NA,NA,NA,NA,NA,NA,NA,NA,NA,NA,NA,NA,NA,NA
270,NA,NA,162,"2026-05-30_DMFOC",NA,NA,NA,NA,NA,NA,NA,NA,NA,NA,NA,NA,NA,NA,NA,NA,NA,NA,NA,NA,NA,NA,NA
271,NA,NA,161.667,"2026-05-30_DMFOC",NA,NA,NA,NA,NA,NA,NA,NA,NA,NA,NA,NA,NA,NA,NA,NA,NA,NA,NA,NA,NA,NA,NA
272,NA,NA,161.333,"2026-05-30_DMFOC",NA,NA,NA,NA,NA,NA,NA,NA,NA,NA,NA,NA,NA,NA,NA,NA,NA,NA,NA,NA,NA,NA,NA
273,NA,NA,161,"2026-05-30_DMFOC",NA,NA,NA,NA,NA,NA,NA,NA,NA,NA,NA,NA,NA,NA,NA,NA,NA,NA,NA,NA,NA,NA,NA
274,NA,NA,160.5,"2026-05-30_DMFOC",NA,NA,NA,NA,NA,NA,NA,NA,NA,NA,NA,NA,NA,NA,NA,NA,NA,NA,NA,NA,NA,NA,NA
275,NA,NA,160,"2026-05-30_DMFOC",NA,NA,NA,NA,NA,NA,NA,NA,NA,NA,NA,NA,NA,NA,NA,NA,NA,NA,NA,NA,NA,NA,NA
276,NA,NA,160.333,"2026-05-30_DMFOC",NA,NA,NA,NA,NA,NA,NA,NA,NA,NA,NA,NA,NA,NA,NA,NA,NA,NA,NA,NA,NA,NA,NA
277,NA,NA,160.667,"2026-05-30_DMFOC",NA,NA,NA,NA,NA,NA,NA,NA,NA,NA,NA,NA,NA,NA,NA,NA,NA,NA,NA,NA,NA,NA,NA
278,NA,NA,161,"2026-05-30_DMFOC",NA,NA,NA,NA,NA,NA,NA,NA,NA,NA,NA,NA,NA,NA,NA,NA,NA,NA,NA,NA,NA,NA,NA
279,NA,NA,160,"2026-05-30_DMFOC",NA,NA,NA,NA,NA,NA,NA,NA,NA,NA,NA,NA,NA,NA,NA,NA,NA,NA,NA,NA,NA,NA,NA
280,NA,NA,160.5,"2026-05-30_DMFOC",NA,NA,NA,NA,NA,NA,NA,NA,NA,NA,NA,NA,NA,NA,NA,NA,NA,NA,NA,NA,NA,NA,NA
281,NA,NA,161,"2026-05-30_DMFOC",NA,NA,NA,NA,NA,NA,NA,NA,NA,NA,NA,NA,NA,NA,NA,NA,NA,NA,NA,NA,NA,NA,NA
282,NA,NA,160.667,"2026-05-30_DMFOC",NA,NA,NA,NA,NA,NA,NA,NA,NA,NA,NA,NA,NA,NA,NA,NA,NA,NA,NA,NA,NA,NA,NA
283,NA,NA,160.333,"2026-05-30_DMFOC",NA,NA,NA,NA,NA,NA,NA,NA,NA,NA,NA,NA,NA,NA,NA,NA,NA,NA,NA,NA,NA,NA,NA
284,NA,NA,160,"2026-05-30_DMFOC",NA,NA,NA,NA,NA,NA,NA,NA,NA,NA,NA,NA,NA,NA,NA,NA,NA,NA,NA,NA,NA,NA,NA
285,NA,NA,159.5,"2026-05-30_DMFOC",NA,NA,NA,NA,NA,NA,NA,NA,NA,NA,NA,NA,NA,NA,NA,NA,NA,NA,NA,NA,NA,NA,NA
286,NA,NA,159,"2026-05-30_DMFOC",NA,NA,NA,NA,NA,NA,NA,NA,NA,NA,NA,NA,NA,NA,NA,NA,NA,NA,NA,NA,NA,NA,NA
287,NA,NA,158.889,"2026-05-30_DMFOC",NA,NA,NA,NA,NA,NA,NA,NA,NA,NA,NA,NA,NA,NA,NA,NA,NA,NA,NA,NA,NA,NA,NA
288,NA,NA,158.778,"2026-05-30_DMFOC",NA,NA,NA,NA,NA,NA,NA,NA,NA,NA,NA,NA,NA,NA,NA,NA,NA,NA,NA,NA,NA,NA,NA
289,NA,NA,158.667,"2026-05-30_DMFOC",NA,NA,NA,NA,NA,NA,NA,NA,NA,NA,NA,NA,NA,NA,NA,NA,NA,NA,NA,NA,NA,NA,NA
290,NA,NA,158.556,"2026-05-30_DMFOC",NA,NA,NA,NA,NA,NA,NA,NA,NA,NA,NA,NA,NA,NA,NA,NA,NA,NA,NA,NA,NA,NA,NA
291,NA,NA,158.444,"2026-05-30_DMFOC",NA,NA,NA,NA,NA,NA,NA,NA,NA,NA,NA,NA,NA,NA,NA,NA,NA,NA,NA,NA,NA,NA,NA
292,NA,NA,158.333,"2026-05-30_DMFOC",NA,NA,NA,NA,NA,NA,NA,NA,NA,NA,NA,NA,NA,NA,NA,NA,NA,NA,NA,NA,NA,NA,NA
293,NA,NA,158.222,"2026-05-30_DMFOC",NA,NA,NA,NA,NA,NA,NA,NA,NA,NA,NA,NA,NA,NA,NA,NA,NA,NA,NA,NA,NA,NA,NA
294,NA,NA,158.111,"2026-05-30_DMFOC",NA,NA,NA,NA,NA,NA,NA,NA,NA,NA,NA,NA,NA,NA,NA,NA,NA,NA,NA,NA,NA,NA,NA
295,NA,NA,158,"2026-05-30_DMFOC",NA,NA,NA,NA,NA,NA,NA,NA,NA,NA,NA,NA,NA,NA,NA,NA,NA,NA,NA,NA,NA,NA,NA
296,NA,NA,158.5,"2026-05-30_DMFOC",NA,NA,NA,NA,NA,NA,NA,NA,NA,NA,NA,NA,NA,NA,NA,NA,NA,NA,NA,NA,NA,NA,NA
297,NA,NA,159,"2026-05-30_DMFOC",NA,NA,NA,NA,NA,NA,NA,NA,NA,NA,NA,NA,NA,NA,NA,NA,NA,NA,NA,NA,NA,NA,NA
298,NA,NA,158.8,"2026-05-30_DMFOC",NA,NA,NA,NA,NA,NA,NA,NA,NA,NA,NA,NA,NA,NA,NA,NA,NA,NA,NA,NA,NA,NA,NA
299,NA,NA,158.6,"2026-05-30_DMFOC",NA,NA,NA,NA,NA,NA,NA,NA,NA,NA,NA,NA,NA,NA,NA,NA,NA,NA,NA,NA,NA,NA,NA
300,NA,NA,158.4,"2026-05-30_DMFOC",NA,NA,NA,NA,NA,NA,NA,NA,NA,NA,NA,NA,NA,NA,NA,NA,NA,NA,NA,NA,NA,NA,NA
301,NA,NA,158.2,"2026-05-30_DMFOC",NA,NA,NA,NA,NA,NA,NA,NA,NA,NA,NA,NA,NA,NA,NA,NA,NA,NA,NA,NA,NA,NA,NA
302,NA,NA,158,"2026-05-30_DMFOC",NA,NA,NA,NA,NA,NA,NA,NA,NA,NA,NA,NA,NA,NA,NA,NA,NA,NA,NA,NA,NA,NA,NA
303,NA,NA,159,"2026-05-30_DMFOC",NA,NA,NA,NA,NA,NA,NA,NA,NA,NA,NA,NA,NA,NA,NA,NA,NA,NA,NA,NA,NA,NA,NA
304,NA,NA,159.143,"2026-05-30_DMFOC",NA,NA,NA,NA,NA,NA,NA,NA,NA,NA,NA,NA,NA,NA,NA,NA,NA,NA,NA,NA,NA,NA,NA
305,NA,NA,159.286,"2026-05-30_DMFOC",NA,NA,NA,NA,NA,NA,NA,NA,NA,NA,NA,NA,NA,NA,NA,NA,NA,NA,NA,NA,NA,NA,NA
306,NA,NA,159.429,"2026-05-30_DMFOC",NA,NA,NA,NA,NA,NA,NA,NA,NA,NA,NA,NA,NA,NA,NA,NA,NA,NA,NA,NA,NA,NA,NA
307,NA,NA,159.571,"2026-05-30_DMFOC",NA,NA,NA,NA,NA,NA,NA,NA,NA,NA,NA,NA,NA,NA,NA,NA,NA,NA,NA,NA,NA,NA,NA
308,NA,NA,159.714,"2026-05-30_DMFOC",NA,NA,NA,NA,NA,NA,NA,NA,NA,NA,NA,NA,NA,NA,NA,NA,NA,NA,NA,NA,NA,NA,NA
309,NA,NA,159.857,"2026-05-30_DMFOC",NA,NA,NA,NA,NA,NA,NA,NA,NA,NA,NA,NA,NA,NA,NA,NA,NA,NA,NA,NA,NA,NA,NA
310,NA,NA,160,"2026-05-30_DMFOC",NA,NA,NA,NA,NA,NA,NA,NA,NA,NA,NA,NA,NA,NA,NA,NA,NA,NA,NA,NA,NA,NA,NA
311,NA,NA,160.333,"2026-05-30_DMFOC",NA,NA,NA,NA,NA,NA,NA,NA,NA,NA,NA,NA,NA,NA,NA,NA,NA,NA,NA,NA,NA,NA,NA
312,NA,NA,160.667,"2026-05-30_DMFOC",NA,NA,NA,NA,NA,NA,NA,NA,NA,NA,NA,NA,NA,NA,NA,NA,NA,NA,NA,NA,NA,NA,NA
313,NA,NA,161,"2026-05-30_DMFOC",NA,NA,NA,NA,NA,NA,NA,NA,NA,NA,NA,NA,NA,NA,NA,NA,NA,NA,NA,NA,NA,NA,NA
314,NA,NA,160.75,"2026-05-30_DMFOC",NA,NA,NA,NA,NA,NA,NA,NA,NA,NA,NA,NA,NA,NA,NA,NA,NA,NA,NA,NA,NA,NA,NA
315,NA,NA,160.5,"2026-05-30_DMFOC",NA,NA,NA,NA,NA,NA,NA,NA,NA,NA,NA,NA,NA,NA,NA,NA,NA,NA,NA,NA,NA,NA,NA
316,NA,NA,160.25,"2026-05-30_DMFOC",NA,NA,NA,NA,NA,NA,NA,NA,NA,NA,NA,NA,NA,NA,NA,NA,NA,NA,NA,NA,NA,NA,NA
317,NA,NA,160,"2026-05-30_DMFOC",NA,NA,NA,NA,NA,NA,NA,NA,NA,NA,NA,NA,NA,NA,NA,NA,NA,NA,NA,NA,NA,NA,NA
318,NA,NA,161,"2026-05-30_DMFOC",NA,NA,NA,NA,NA,NA,NA,NA,NA,NA,NA,NA,NA,NA,NA,NA,NA,NA,NA,NA,NA,NA,NA
319,NA,NA,160.5,"2026-05-30_DMFOC",NA,NA,NA,NA,NA,NA,NA,NA,NA,NA,NA,NA,NA,NA,NA,NA,NA,NA,NA,NA,NA,NA,NA
320,NA,NA,160,"2026-05-30_DMFOC",NA,NA,NA,NA,NA,NA,NA,NA,NA,NA,NA,NA,NA,NA,NA,NA,NA,NA,NA,NA,NA,NA,NA
321,NA,NA,161,"2026-05-30_DMFOC",NA,NA,NA,NA,NA,NA,NA,NA,NA,NA,NA,NA,NA,NA,NA,NA,NA,NA,NA,NA,NA,NA,NA
322,NA,NA,160.5,"2026-05-30_DMFOC",NA,NA,NA,NA,NA,NA,NA,NA,NA,NA,NA,NA,NA,NA,NA,NA,NA,NA,NA,NA,NA,NA,NA
323,NA,NA,160,"2026-05-30_DMFOC",NA,NA,NA,NA,NA,NA,NA,NA,NA,NA,NA,NA,NA,NA,NA,NA,NA,NA,NA,NA,NA,NA,NA
324,NA,NA,161,"2026-05-30_DMFOC",NA,NA,NA,NA,NA,NA,NA,NA,NA,NA,NA,NA,NA,NA,NA,NA,NA,NA,NA,NA,NA,NA,NA
325,NA,NA,160.5,"2026-05-30_DMFOC",NA,NA,NA,NA,NA,NA,NA,NA,NA,NA,NA,NA,NA,NA,NA,NA,NA,NA,NA,NA,NA,NA,NA
326,NA,NA,160,"2026-05-30_DMFOC",NA,NA,NA,NA,NA,NA,NA,NA,NA,NA,NA,NA,NA,NA,NA,NA,NA,NA,NA,NA,NA,NA,NA
327,NA,NA,161,"2026-05-30_DMFOC",NA,NA,NA,NA,NA,NA,NA,NA,NA,NA,NA,NA,NA,NA,NA,NA,NA,NA,NA,NA,NA,NA,NA
328,NA,NA,160.5,"2026-05-30_DMFOC",NA,NA,NA,NA,NA,NA,NA,NA,NA,NA,NA,NA,NA,NA,NA,NA,NA,NA,NA,NA,NA,NA,NA
329,NA,NA,160,"2026-05-30_DMFOC",NA,NA,NA,NA,NA,NA,NA,NA,NA,NA,NA,NA,NA,NA,NA,NA,NA,NA,NA,NA,NA,NA,NA
330,NA,NA,161,"2026-05-30_DMFOC",NA,NA,NA,NA,NA,NA,NA,NA,NA,NA,NA,NA,NA,NA,NA,NA,NA,NA,NA,NA,NA,NA,NA
331,NA,NA,160.5,"2026-05-30_DMFOC",NA,NA,NA,NA,NA,NA,NA,NA,NA,NA,NA,NA,NA,NA,NA,NA,NA,NA,NA,NA,NA,NA,NA
332,NA,NA,160,"2026-05-30_DMFOC",NA,NA,NA,NA,NA,NA,NA,NA,NA,NA,NA,NA,NA,NA,NA,NA,NA,NA,NA,NA,NA,NA,NA
333,NA,NA,161,"2026-05-30_DMFOC",NA,NA,NA,NA,NA,NA,NA,NA,NA,NA,NA,NA,NA,NA,NA,NA,NA,NA,NA,NA,NA,NA,NA
334,NA,NA,160.75,"2026-05-30_DMFOC",NA,NA,NA,NA,NA,NA,NA,NA,NA,NA,NA,NA,NA,NA,NA,NA,NA,NA,NA,NA,NA,NA,NA
335,NA,NA,160.5,"2026-05-30_DMFOC",NA,NA,NA,NA,NA,NA,NA,NA,NA,NA,NA,NA,NA,NA,NA,NA,NA,NA,NA,NA,NA,NA,NA
336,NA,NA,160.25,"2026-05-30_DMFOC",NA,NA,NA,NA,NA,NA,NA,NA,NA,NA,NA,NA,NA,NA,NA,NA,NA,NA,NA,NA,NA,NA,NA
337,NA,NA,160,"2026-05-30_DMFOC",NA,NA,NA,NA,NA,NA,NA,NA,NA,NA,NA,NA,NA,NA,NA,NA,NA,NA,NA,NA,NA,NA,NA
338,NA,NA,161,"2026-05-30_DMFOC",NA,NA,NA,NA,NA,NA,NA,NA,NA,NA,NA,NA,NA,NA,NA,NA,NA,NA,NA,NA,NA,NA,NA
339,NA,NA,161.333,"2026-05-30_DMFOC",NA,NA,NA,NA,NA,NA,NA,NA,NA,NA,NA,NA,NA,NA,NA,NA,NA,NA,NA,NA,NA,NA,NA
340,NA,NA,161.667,"2026-05-30_DMFOC",NA,NA,NA,NA,NA,NA,NA,NA,NA,NA,NA,NA,NA,NA,NA,NA,NA,NA,NA,NA,NA,NA,NA
341,NA,NA,162,"2026-05-30_DMFOC",NA,NA,NA,NA,NA,NA,NA,NA,NA,NA,NA,NA,NA,NA,NA,NA,NA,NA,NA,NA,NA,NA,NA
342,NA,NA,162.077,"2026-05-30_DMFOC",NA,NA,NA,NA,NA,NA,NA,NA,NA,NA,NA,NA,NA,NA,NA,NA,NA,NA,NA,NA,NA,NA,NA
343,NA,NA,162.154,"2026-05-30_DMFOC",NA,NA,NA,NA,NA,NA,NA,NA,NA,NA,NA,NA,NA,NA,NA,NA,NA,NA,NA,NA,NA,NA,NA
344,NA,NA,162.231,"2026-05-30_DMFOC",NA,NA,NA,NA,NA,NA,NA,NA,NA,NA,NA,NA,NA,NA,NA,NA,NA,NA,NA,NA,NA,NA,NA
345,NA,NA,162.308,"2026-05-30_DMFOC",NA,NA,NA,NA,NA,NA,NA,NA,NA,NA,NA,NA,NA,NA,NA,NA,NA,NA,NA,NA,NA,NA,NA
346,NA,NA,162.385,"2026-05-30_DMFOC",NA,NA,NA,NA,NA,NA,NA,NA,NA,NA,NA,NA,NA,NA,NA,NA,NA,NA,NA,NA,NA,NA,NA
347,NA,NA,162.462,"2026-05-30_DMFOC",NA,NA,NA,NA,NA,NA,NA,NA,NA,NA,NA,NA,NA,NA,NA,NA,NA,NA,NA,NA,NA,NA,NA
348,NA,NA,162.538,"2026-05-30_DMFOC",NA,NA,NA,NA,NA,NA,NA,NA,NA,NA,NA,NA,NA,NA,NA,NA,NA,NA,NA,NA,NA,NA,NA
349,NA,NA,162.615,"2026-05-30_DMFOC",NA,NA,NA,NA,NA,NA,NA,NA,NA,NA,NA,NA,NA,NA,NA,NA,NA,NA,NA,NA,NA,NA,NA
350,NA,NA,162.692,"2026-05-30_DMFOC",NA,NA,NA,NA,NA,NA,NA,NA,NA,NA,NA,NA,NA,NA,NA,NA,NA,NA,NA,NA,NA,NA,NA
351,NA,NA,162.769,"2026-05-30_DMFOC",NA,NA,NA,NA,NA,NA,NA,NA,NA,NA,NA,NA,NA,NA,NA,NA,NA,NA,NA,NA,NA,NA,NA
352,NA,NA,162.846,"2026-05-30_DMFOC",NA,NA,NA,NA,NA,NA,NA,NA,NA,NA,NA,NA,NA,NA,NA,NA,NA,NA,NA,NA,NA,NA,NA
353,NA,NA,162.923,"2026-05-30_DMFOC",NA,NA,NA,NA,NA,NA,NA,NA,NA,NA,NA,NA,NA,NA,NA,NA,NA,NA,NA,NA,NA,NA,NA
354,NA,NA,163,"2026-05-30_DMFOC",NA,NA,NA,NA,NA,NA,NA,NA,NA,NA,NA,NA,NA,NA,NA,NA,NA,NA,NA,NA,NA,NA,NA
355,NA,NA,162.5,"2026-05-30_DMFOC",NA,NA,NA,NA,NA,NA,NA,NA,NA,NA,NA,NA,NA,NA,NA,NA,NA,NA,NA,NA,NA,NA,NA
356,NA,NA,162,"2026-05-30_DMFOC",NA,NA,NA,NA,NA,NA,NA,NA,NA,NA,NA,NA,NA,NA,NA,NA,NA,NA,NA,NA,NA,NA,NA
357,NA,NA,162.2,"2026-05-30_DMFOC",NA,NA,NA,NA,NA,NA,NA,NA,NA,NA,NA,NA,NA,NA,NA,NA,NA,NA,NA,NA,NA,NA,NA
358,NA,NA,162.4,"2026-05-30_DMFOC",NA,NA,NA,NA,NA,NA,NA,NA,NA,NA,NA,NA,NA,NA,NA,NA,NA,NA,NA,NA,NA,NA,NA
359,NA,NA,162.6,"2026-05-30_DMFOC",NA,NA,NA,NA,NA,NA,NA,NA,NA,NA,NA,NA,NA,NA,NA,NA,NA,NA,NA,NA,NA,NA,NA
360,NA,NA,162.8,"2026-05-30_DMFOC",NA,NA,NA,NA,NA,NA,NA,NA,NA,NA,NA,NA,NA,NA,NA,NA,NA,NA,NA,NA,NA,NA,NA
361,NA,NA,163,"2026-05-30_DMFOC",NA,NA,NA,NA,NA,NA,NA,NA,NA,NA,NA,NA,NA,NA,NA,NA,NA,NA,NA,NA,NA,NA,NA
362,NA,NA,162,"2026-05-30_DMFOC",NA,NA,NA,NA,NA,NA,NA,NA,NA,NA,NA,NA,NA,NA,NA,NA,NA,NA,NA,NA,NA,NA,NA
410,NA,NA,163,"2026-05-30_DMFOC",NA,NA,NA,NA,NA,NA,NA,NA,NA,NA,NA,NA,NA,NA,NA,NA,NA,NA,NA,NA,NA,NA,NA
411,NA,NA,162.667,"2026-05-30_DMFOC",NA,NA,NA,NA,NA,NA,NA,NA,NA,NA,NA,NA,NA,NA,NA,NA,NA,NA,NA,NA,NA,NA,NA
412,NA,NA,162.333,"2026-05-30_DMFOC",NA,NA,NA,NA,NA,NA,NA,NA,NA,NA,NA,NA,NA,NA,NA,NA,NA,NA,NA,NA,NA,NA,NA
413,NA,NA,162,"2026-05-30_DMFOC",NA,NA,NA,NA,NA,NA,NA,NA,NA,NA,NA,NA,NA,NA,NA,NA,NA,NA,NA,NA,NA,NA,NA
414,NA,NA,161.9,"2026-05-30_DMFOC",NA,NA,NA,NA,NA,NA,NA,NA,NA,NA,NA,NA,NA,NA,NA,NA,NA,NA,NA,NA,NA,NA,NA
415,NA,NA,161.8,"2026-05-30_DMFOC",NA,NA,NA,NA,NA,NA,NA,NA,NA,NA,NA,NA,NA,NA,NA,NA,NA,NA,NA,NA,NA,NA,NA
416,NA,NA,161.7,"2026-05-30_DMFOC",NA,NA,NA,NA,NA,NA,NA,NA,NA,NA,NA,NA,NA,NA,NA,NA,NA,NA,NA,NA,NA,NA,NA
417,NA,NA,161.6,"2026-05-30_DMFOC",NA,NA,NA,NA,NA,NA,NA,NA,NA,NA,NA,NA,NA,NA,NA,NA,NA,NA,NA,NA,NA,NA,NA
418,NA,NA,161.5,"2026-05-30_DMFOC",NA,NA,NA,NA,NA,NA,NA,NA,NA,NA,NA,NA,NA,NA,NA,NA,NA,NA,NA,NA,NA,NA,NA
419,NA,NA,161.4,"2026-05-30_DMFOC",NA,NA,NA,NA,NA,NA,NA,NA,NA,NA,NA,NA,NA,NA,NA,NA,NA,NA,NA,NA,NA,NA,NA
420,NA,NA,161.3,"2026-05-30_DMFOC",NA,NA,NA,NA,NA,NA,NA,NA,NA,NA,NA,NA,NA,NA,NA,NA,NA,NA,NA,NA,NA,NA,NA
421,NA,NA,161.2,"2026-05-30_DMFOC",NA,NA,NA,NA,NA,NA,NA,NA,NA,NA,NA,NA,NA,NA,NA,NA,NA,NA,NA,NA,NA,NA,NA
422,NA,NA,161.1,"2026-05-30_DMFOC",NA,NA,NA,NA,NA,NA,NA,NA,NA,NA,NA,NA,NA,NA,NA,NA,NA,NA,NA,NA,NA,NA,NA
423,NA,NA,161,"2026-05-30_DMFOC",NA,NA,NA,NA,NA,NA,NA,NA,NA,NA,NA,NA,NA,NA,NA,NA,NA,NA,NA,NA,NA,NA,NA
424,NA,NA,160.5,"2026-05-30_DMFOC",NA,NA,NA,NA,NA,NA,NA,NA,NA,NA,NA,NA,NA,NA,NA,NA,NA,NA,NA,NA,NA,NA,NA
425,NA,NA,160,"2026-05-30_DMFOC",NA,NA,NA,NA,NA,NA,NA,NA,NA,NA,NA,NA,NA,NA,NA,NA,NA,NA,NA,NA,NA,NA,NA
426,NA,NA,160.5,"2026-05-30_DMFOC",NA,NA,NA,NA,NA,NA,NA,NA,NA,NA,NA,NA,NA,NA,NA,NA,NA,NA,NA,NA,NA,NA,NA
427,NA,NA,161,"2026-05-30_DMFOC",NA,NA,NA,NA,NA,NA,NA,NA,NA,NA,NA,NA,NA,NA,NA,NA,NA,NA,NA,NA,NA,NA,NA
428,NA,NA,161.5,"2026-05-30_DMFOC",NA,NA,NA,NA,NA,NA,NA,NA,NA,NA,NA,NA,NA,NA,NA,NA,NA,NA,NA,NA,NA,NA,NA
429,NA,NA,162,"2026-05-30_DMFOC",NA,NA,NA,NA,NA,NA,NA,NA,NA,NA,NA,NA,NA,NA,NA,NA,NA,NA,NA,NA,NA,NA,NA
430,NA,NA,161.5,"2026-05-30_DMFOC",NA,NA,NA,NA,NA,NA,NA,NA,NA,NA,NA,NA,NA,NA,NA,NA,NA,NA,NA,NA,NA,NA,NA
431,NA,NA,161,"2026-05-30_DMFOC",NA,NA,NA,NA,NA,NA,NA,NA,NA,NA,NA,NA,NA,NA,NA,NA,NA,NA,NA,NA,NA,NA,NA
432,NA,NA,161.5,"2026-05-30_DMFOC",NA,NA,NA,NA,NA,NA,NA,NA,NA,NA,NA,NA,NA,NA,NA,NA,NA,NA,NA,NA,NA,NA,NA
433,NA,NA,162,"2026-05-30_DMFOC",NA,NA,NA,NA,NA,NA,NA,NA,NA,NA,NA,NA,NA,NA,NA,NA,NA,NA,NA,NA,NA,NA,NA
434,NA,NA,162.167,"2026-05-30_DMFOC",NA,NA,NA,NA,NA,NA,NA,NA,NA,NA,NA,NA,NA,NA,NA,NA,NA,NA,NA,NA,NA,NA,NA
435,NA,NA,162.333,"2026-05-30_DMFOC",NA,NA,NA,NA,NA,NA,NA,NA,NA,NA,NA,NA,NA,NA,NA,NA,NA,NA,NA,NA,NA,NA,NA
436,NA,NA,162.5,"2026-05-30_DMFOC",NA,NA,NA,NA,NA,NA,NA,NA,NA,NA,NA,NA,NA,NA,NA,NA,NA,NA,NA,NA,NA,NA,NA
437,NA,NA,162.667,"2026-05-30_DMFOC",NA,NA,NA,NA,NA,NA,NA,NA,NA,NA,NA,NA,NA,NA,NA,NA,NA,NA,NA,NA,NA,NA,NA
438,NA,NA,162.833,"2026-05-30_DMFOC",NA,NA,NA,NA,NA,NA,NA,NA,NA,NA,NA,NA,NA,NA,NA,NA,NA,NA,NA,NA,NA,NA,NA
439,NA,NA,163,"2026-05-30_DMFOC",NA,NA,NA,NA,NA,NA,NA,NA,NA,NA,NA,NA,NA,NA,NA,NA,NA,NA,NA,NA,NA,NA,NA
440,NA,NA,162,"2026-05-30_DMFOC",NA,NA,NA,NA,NA,NA,NA,NA,NA,NA,NA,NA,NA,NA,NA,NA,NA,NA,NA,NA,NA,NA,NA
441,NA,NA,162.5,"2026-05-30_DMFOC",NA,NA,NA,NA,NA,NA,NA,NA,NA,NA,NA,NA,NA,NA,NA,NA,NA,NA,NA,NA,NA,NA,NA
442,NA,NA,163,"2026-05-30_DMFOC",NA,NA,NA,NA,NA,NA,NA,NA,NA,NA,NA,NA,NA,NA,NA,NA,NA,NA,NA,NA,NA,NA,NA
443,NA,NA,162.667,"2026-05-30_DMFOC",NA,NA,NA,NA,NA,NA,NA,NA,NA,NA,NA,NA,NA,NA,NA,NA,NA,NA,NA,NA,NA,NA,NA
444,NA,NA,162.333,"2026-05-30_DMFOC",NA,NA,NA,NA,NA,NA,NA,NA,NA,NA,NA,NA,NA,NA,NA,NA,NA,NA,NA,NA,NA,NA,NA
445,NA,NA,162,"2026-05-30_DMFOC",NA,NA,NA,NA,NA,NA,NA,NA,NA,NA,NA,NA,NA,NA,NA,NA,NA,NA,NA,NA,NA,NA,NA
446,NA,NA,162.063,"2026-05-30_DMFOC",NA,NA,NA,NA,NA,NA,NA,NA,NA,NA,NA,NA,NA,NA,NA,NA,NA,NA,NA,NA,NA,NA,NA
447,NA,NA,162.125,"2026-05-30_DMFOC",NA,NA,NA,NA,NA,NA,NA,NA,NA,NA,NA,NA,NA,NA,NA,NA,NA,NA,NA,NA,NA,NA,NA
448,NA,NA,162.188,"2026-05-30_DMFOC",NA,NA,NA,NA,NA,NA,NA,NA,NA,NA,NA,NA,NA,NA,NA,NA,NA,NA,NA,NA,NA,NA,NA
449,NA,NA,162.25,"2026-05-30_DMFOC",NA,NA,NA,NA,NA,NA,NA,NA,NA,NA,NA,NA,NA,NA,NA,NA,NA,NA,NA,NA,NA,NA,NA
450,NA,NA,162.313,"2026-05-30_DMFOC",NA,NA,NA,NA,NA,NA,NA,NA,NA,NA,NA,NA,NA,NA,NA,NA,NA,NA,NA,NA,NA,NA,NA
451,NA,NA,162.375,"2026-05-30_DMFOC",NA,NA,NA,NA,NA,NA,NA,NA,NA,NA,NA,NA,NA,NA,NA,NA,NA,NA,NA,NA,NA,NA,NA
452,NA,NA,162.438,"2026-05-30_DMFOC",NA,NA,NA,NA,NA,NA,NA,NA,NA,NA,NA,NA,NA,NA,NA,NA,NA,NA,NA,NA,NA,NA,NA
453,NA,NA,162.5,"2026-05-30_DMFOC",NA,NA,NA,NA,NA,NA,NA,NA,NA,NA,NA,NA,NA,NA,NA,NA,NA,NA,NA,NA,NA,NA,NA
454,NA,NA,162.563,"2026-05-30_DMFOC",NA,NA,NA,NA,NA,NA,NA,NA,NA,NA,NA,NA,NA,NA,NA,NA,NA,NA,NA,NA,NA,NA,NA
455,NA,NA,162.625,"2026-05-30_DMFOC",NA,NA,NA,NA,NA,NA,NA,NA,NA,NA,NA,NA,NA,NA,NA,NA,NA,NA,NA,NA,NA,NA,NA
456,NA,NA,162.688,"2026-05-30_DMFOC",NA,NA,NA,NA,NA,NA,NA,NA,NA,NA,NA,NA,NA,NA,NA,NA,NA,NA,NA,NA,NA,NA,NA
457,NA,NA,162.75,"2026-05-30_DMFOC",NA,NA,NA,NA,NA,NA,NA,NA,NA,NA,NA,NA,NA,NA,NA,NA,NA,NA,NA,NA,NA,NA,NA
458,NA,NA,162.813,"2026-05-30_DMFOC",NA,NA,NA,NA,NA,NA,NA,NA,NA,NA,NA,NA,NA,NA,NA,NA,NA,NA,NA,NA,NA,NA,NA
459,NA,NA,162.875,"2026-05-30_DMFOC",NA,NA,NA,NA,NA,NA,NA,NA,NA,NA,NA,NA,NA,NA,NA,NA,NA,NA,NA,NA,NA,NA,NA
460,NA,NA,162.938,"2026-05-30_DMFOC",NA,NA,NA,NA,NA,NA,NA,NA,NA,NA,NA,NA,NA,NA,NA,NA,NA,NA,NA,NA,NA,NA,NA
461,NA,NA,163,"2026-05-30_DMFOC",NA,NA,NA,NA,NA,NA,NA,NA,NA,NA,NA,NA,NA,NA,NA,NA,NA,NA,NA,NA,NA,NA,NA
462,NA,NA,162,"2026-05-30_DMFOC",NA,NA,NA,NA,NA,NA,NA,NA,NA,NA,NA,NA,NA,NA,NA,NA,NA,NA,NA,NA,NA,NA,NA
463,NA,NA,162.333,"2026-05-30_DMFOC",NA,NA,NA,NA,NA,NA,NA,NA,NA,NA,NA,NA,NA,NA,NA,NA,NA,NA,NA,NA,NA,NA,NA
464,NA,NA,162.667,"2026-05-30_DMFOC",NA,NA,NA,NA,NA,NA,NA,NA,NA,NA,NA,NA,NA,NA,NA,NA,NA,NA,NA,NA,NA,NA,NA
465,NA,NA,163,"2026-05-30_DMFOC",NA,NA,NA,NA,NA,NA,NA,NA,NA,NA,NA,NA,NA,NA,NA,NA,NA,NA,NA,NA,NA,NA,NA
466,NA,NA,162,"2026-05-30_DMFOC",NA,NA,NA,NA,NA,NA,NA,NA,NA,NA,NA,NA,NA,NA,NA,NA,NA,NA,NA,NA,NA,NA,NA
467,NA,NA,163,"2026-05-30_DMFOC",NA,NA,NA,NA,NA,NA,NA,NA,NA,NA,NA,NA,NA,NA,NA,NA,NA,NA,NA,NA,NA,NA,NA
468,NA,NA,162.5,"2026-05-30_DMFOC",NA,NA,NA,NA,NA,NA,NA,NA,NA,NA,NA,NA,NA,NA,NA,NA,NA,NA,NA,NA,NA,NA,NA
469,NA,NA,162,"2026-05-30_DMFOC",NA,NA,NA,NA,NA,NA,NA,NA,NA,NA,NA,NA,NA,NA,NA,NA,NA,NA,NA,NA,NA,NA,NA
470,NA,NA,163,"2026-05-30_DMFOC",NA,NA,NA,NA,NA,NA,NA,NA,NA,NA,NA,NA,NA,NA,NA,NA,NA,NA,NA,NA,NA,NA,NA
471,NA,NA,162.857,"2026-05-30_DMFOC",NA,NA,NA,NA,NA,NA,NA,NA,NA,NA,NA,NA,NA,NA,NA,NA,NA,NA,NA,NA,NA,NA,NA
472,NA,NA,162.714,"2026-05-30_DMFOC",NA,NA,NA,NA,NA,NA,NA,NA,NA,NA,NA,NA,NA,NA,NA,NA,NA,NA,NA,NA,NA,NA,NA
473,NA,NA,162.571,"2026-05-30_DMFOC",NA,NA,NA,NA,NA,NA,NA,NA,NA,NA,NA,NA,NA,NA,NA,NA,NA,NA,NA,NA,NA,NA,NA
474,NA,NA,162.429,"2026-05-30_DMFOC",NA,NA,NA,NA,NA,NA,NA,NA,NA,NA,NA,NA,NA,NA,NA,NA,NA,NA,NA,NA,NA,NA,NA
475,NA,NA,162.286,"2026-05-30_DMFOC",NA,NA,NA,NA,NA,NA,NA,NA,NA,NA,NA,NA,NA,NA,NA,NA,NA,NA,NA,NA,NA,NA,NA
476,NA,NA,162.143,"2026-05-30_DMFOC",NA,NA,NA,NA,NA,NA,NA,NA,NA,NA,NA,NA,NA,NA,NA,NA,NA,NA,NA,NA,NA,NA,NA
477,NA,NA,162,"2026-05-30_DMFOC",NA,NA,NA,NA,NA,NA,NA,NA,NA,NA,NA,NA,NA,NA,NA,NA,NA,NA,NA,NA,NA,NA,NA
478,NA,NA,161.889,"2026-05-30_DMFOC",NA,NA,NA,NA,NA,NA,NA,NA,NA,NA,NA,NA,NA,NA,NA,NA,NA,NA,NA,NA,NA,NA,NA
479,NA,NA,161.778,"2026-05-30_DMFOC",NA,NA,NA,NA,NA,NA,NA,NA,NA,NA,NA,NA,NA,NA,NA,NA,NA,NA,NA,NA,NA,NA,NA
480,NA,NA,161.667,"2026-05-30_DMFOC",NA,NA,NA,NA,NA,NA,NA,NA,NA,NA,NA,NA,NA,NA,NA,NA,NA,NA,NA,NA,NA,NA,NA
481,NA,NA,161.556,"2026-05-30_DMFOC",NA,NA,NA,NA,NA,NA,NA,NA,NA,NA,NA,NA,NA,NA,NA,NA,NA,NA,NA,NA,NA,NA,NA
482,NA,NA,161.444,"2026-05-30_DMFOC",NA,NA,NA,NA,NA,NA,NA,NA,NA,NA,NA,NA,NA,NA,NA,NA,NA,NA,NA,NA,NA,NA,NA
483,NA,NA,161.333,"2026-05-30_DMFOC",NA,NA,NA,NA,NA,NA,NA,NA,NA,NA,NA,NA,NA,NA,NA,NA,NA,NA,NA,NA,NA,NA,NA
484,NA,NA,161.222,"2026-05-30_DMFOC",NA,NA,NA,NA,NA,NA,NA,NA,NA,NA,NA,NA,NA,NA,NA,NA,NA,NA,NA,NA,NA,NA,NA
485,NA,NA,161.111,"2026-05-30_DMFOC",NA,NA,NA,NA,NA,NA,NA,NA,NA,NA,NA,NA,NA,NA,NA,NA,NA,NA,NA,NA,NA,NA,NA
486,NA,NA,161,"2026-05-30_DMFOC",NA,NA,NA,NA,NA,NA,NA,NA,NA,NA,NA,NA,NA,NA,NA,NA,NA,NA,NA,NA,NA,NA,NA
487,NA,NA,160.8,"2026-05-30_DMFOC",NA,NA,NA,NA,NA,NA,NA,NA,NA,NA,NA,NA,NA,NA,NA,NA,NA,NA,NA,NA,NA,NA,NA
488,NA,NA,160.6,"2026-05-30_DMFOC",NA,NA,NA,NA,NA,NA,NA,NA,NA,NA,NA,NA,NA,NA,NA,NA,NA,NA,NA,NA,NA,NA,NA
489,NA,NA,160.4,"2026-05-30_DMFOC",NA,NA,NA,NA,NA,NA,NA,NA,NA,NA,NA,NA,NA,NA,NA,NA,NA,NA,NA,NA,NA,NA,NA
490,NA,NA,160.2,"2026-05-30_DMFOC",NA,NA,NA,NA,NA,NA,NA,NA,NA,NA,NA,NA,NA,NA,NA,NA,NA,NA,NA,NA,NA,NA,NA
491,NA,NA,160,"2026-05-30_DMFOC",NA,NA,NA,NA,NA,NA,NA,NA,NA,NA,NA,NA,NA,NA,NA,NA,NA,NA,NA,NA,NA,NA,NA
492,NA,NA,161,"2026-05-30_DMFOC",NA,NA,NA,NA,NA,NA,NA,NA,NA,NA,NA,NA,NA,NA,NA,NA,NA,NA,NA,NA,NA,NA,NA
493,NA,NA,160.5,"2026-05-30_DMFOC",NA,NA,NA,NA,NA,NA,NA,NA,NA,NA,NA,NA,NA,NA,NA,NA,NA,NA,NA,NA,NA,NA,NA
494,NA,NA,160,"2026-05-30_DMFOC",NA,NA,NA,NA,NA,NA,NA,NA,NA,NA,NA,NA,NA,NA,NA,NA,NA,NA,NA,NA,NA,NA,NA
495,NA,NA,161,"2026-05-30_DMFOC",NA,NA,NA,NA,NA,NA,NA,NA,NA,NA,NA,NA,NA,NA,NA,NA,NA,NA,NA,NA,NA,NA,NA
496,NA,NA,160.5,"2026-05-30_DMFOC",NA,NA,NA,NA,NA,NA,NA,NA,NA,NA,NA,NA,NA,NA,NA,NA,NA,NA,NA,NA,NA,NA,NA
497,NA,NA,160,"2026-05-30_DMFOC",NA,NA,NA,NA,NA,NA,NA,NA,NA,NA,NA,NA,NA,NA,NA,NA,NA,NA,NA,NA,NA,NA,NA
498,NA,NA,161,"2026-05-30_DMFOC",NA,NA,NA,NA,NA,NA,NA,NA,NA,NA,NA,NA,NA,NA,NA,NA,NA,NA,NA,NA,NA,NA,NA
499,NA,NA,160.5,"2026-05-30_DMFOC",NA,NA,NA,NA,NA,NA,NA,NA,NA,NA,NA,NA,NA,NA,NA,NA,NA,NA,NA,NA,NA,NA,NA
500,NA,NA,160,"2026-05-30_DMFOC",NA,NA,NA,NA,NA,NA,NA,NA,NA,NA,NA,NA,NA,NA,NA,NA,NA,NA,NA,NA,NA,NA,NA
501,NA,NA,161,"2026-05-30_DMFOC",NA,NA,NA,NA,NA,NA,NA,NA,NA,NA,NA,NA,NA,NA,NA,NA,NA,NA,NA,NA,NA,NA,NA
502,NA,NA,160.5,"2026-05-30_DMFOC",NA,NA,NA,NA,NA,NA,NA,NA,NA,NA,NA,NA,NA,NA,NA,NA,NA,NA,NA,NA,NA,NA,NA
503,NA,NA,160,"2026-05-30_DMFOC",NA,NA,NA,NA,NA,NA,NA,NA,NA,NA,NA,NA,NA,NA,NA,NA,NA,NA,NA,NA,NA,NA,NA
504,NA,NA,161,"2026-05-30_DMFOC",NA,NA,NA,NA,NA,NA,NA,NA,NA,NA,NA,NA,NA,NA,NA,NA,NA,NA,NA,NA,NA,NA,NA
505,NA,NA,160.5,"2026-05-30_DMFOC",NA,NA,NA,NA,NA,NA,NA,NA,NA,NA,NA,NA,NA,NA,NA,NA,NA,NA,NA,NA,NA,NA,NA
506,NA,NA,160,"2026-05-30_DMFOC",NA,NA,NA,NA,NA,NA,NA,NA,NA,NA,NA,NA,NA,NA,NA,NA,NA,NA,NA,NA,NA,NA,NA
507,NA,NA,161,"2026-05-30_DMFOC",NA,NA,NA,NA,NA,NA,NA,NA,NA,NA,NA,NA,NA,NA,NA,NA,NA,NA,NA,NA,NA,NA,NA
508,NA,NA,160.5,"2026-05-30_DMFOC",NA,NA,NA,NA,NA,NA,NA,NA,NA,NA,NA,NA,NA,NA,NA,NA,NA,NA,NA,NA,NA,NA,NA
509,NA,NA,160,"2026-05-30_DMFOC",NA,NA,NA,NA,NA,NA,NA,NA,NA,NA,NA,NA,NA,NA,NA,NA,NA,NA,NA,NA,NA,NA,NA
510,NA,NA,161,"2026-05-30_DMFOC",NA,NA,NA,NA,NA,NA,NA,NA,NA,NA,NA,NA,NA,NA,NA,NA,NA,NA,NA,NA,NA,NA,NA
511,NA,NA,160.5,"2026-05-30_DMFOC",NA,NA,NA,NA,NA,NA,NA,NA,NA,NA,NA,NA,NA,NA,NA,NA,NA,NA,NA,NA,NA,NA,NA
512,NA,NA,160,"2026-05-30_DMFOC",NA,NA,NA,NA,NA,NA,NA,NA,NA,NA,NA,NA,NA,NA,NA,NA,NA,NA,NA,NA,NA,NA,NA
513,NA,NA,161,"2026-05-30_DMFOC",NA,NA,NA,NA,NA,NA,NA,NA,NA,NA,NA,NA,NA,NA,NA,NA,NA,NA,NA,NA,NA,NA,NA
514,NA,NA,160.5,"2026-05-30_DMFOC",NA,NA,NA,NA,NA,NA,NA,NA,NA,NA,NA,NA,NA,NA,NA,NA,NA,NA,NA,NA,NA,NA,NA
515,NA,NA,160,"2026-05-30_DMFOC",NA,NA,NA,NA,NA,NA,NA,NA,NA,NA,NA,NA,NA,NA,NA,NA,NA,NA,NA,NA,NA,NA,NA
516,NA,NA,161,"2026-05-30_DMFOC",NA,NA,NA,NA,NA,NA,NA,NA,NA,NA,NA,NA,NA,NA,NA,NA,NA,NA,NA,NA,NA,NA,NA
517,NA,NA,161.167,"2026-05-30_DMFOC",NA,NA,NA,NA,NA,NA,NA,NA,NA,NA,NA,NA,NA,NA,NA,NA,NA,NA,NA,NA,NA,NA,NA
518,NA,NA,161.333,"2026-05-30_DMFOC",NA,NA,NA,NA,NA,NA,NA,NA,NA,NA,NA,NA,NA,NA,NA,NA,NA,NA,NA,NA,NA,NA,NA
519,NA,NA,161.5,"2026-05-30_DMFOC",NA,NA,NA,NA,NA,NA,NA,NA,NA,NA,NA,NA,NA,NA,NA,NA,NA,NA,NA,NA,NA,NA,NA
520,NA,NA,161.667,"2026-05-30_DMFOC",NA,NA,NA,NA,NA,NA,NA,NA,NA,NA,NA,NA,NA,NA,NA,NA,NA,NA,NA,NA,NA,NA,NA
521,NA,NA,161.833,"2026-05-30_DMFOC",NA,NA,NA,NA,NA,NA,NA,NA,NA,NA,NA,NA,NA,NA,NA,NA,NA,NA,NA,NA,NA,NA,NA
522,NA,NA,162,"2026-05-30_DMFOC",NA,NA,NA,NA,NA,NA,NA,NA,NA,NA,NA,NA,NA,NA,NA,NA,NA,NA,NA,NA,NA,NA,NA
523,NA,NA,162.111,"2026-05-30_DMFOC",NA,NA,NA,NA,NA,NA,NA,NA,NA,NA,NA,NA,NA,NA,NA,NA,NA,NA,NA,NA,NA,NA,NA
524,NA,NA,162.222,"2026-05-30_DMFOC",NA,NA,NA,NA,NA,NA,NA,NA,NA,NA,NA,NA,NA,NA,NA,NA,NA,NA,NA,NA,NA,NA,NA
525,NA,NA,162.333,"2026-05-30_DMFOC",NA,NA,NA,NA,NA,NA,NA,NA,NA,NA,NA,NA,NA,NA,NA,NA,NA,NA,NA,NA,NA,NA,NA
526,NA,NA,162.444,"2026-05-30_DMFOC",NA,NA,NA,NA,NA,NA,NA,NA,NA,NA,NA,NA,NA,NA,NA,NA,NA,NA,NA,NA,NA,NA,NA
527,NA,NA,162.556,"2026-05-30_DMFOC",NA,NA,NA,NA,NA,NA,NA,NA,NA,NA,NA,NA,NA,NA,NA,NA,NA,NA,NA,NA,NA,NA,NA
528,NA,NA,162.667,"2026-05-30_DMFOC",NA,NA,NA,NA,NA,NA,NA,NA,NA,NA,NA,NA,NA,NA,NA,NA,NA,NA,NA,NA,NA,NA,NA
529,NA,NA,162.778,"2026-05-30_DMFOC",NA,NA,NA,NA,NA,NA,NA,NA,NA,NA,NA,NA,NA,NA,NA,NA,NA,NA,NA,NA,NA,NA,NA
530,NA,NA,162.889,"2026-05-30_DMFOC",NA,NA,NA,NA,NA,NA,NA,NA,NA,NA,NA,NA,NA,NA,NA,NA,NA,NA,NA,NA,NA,NA,NA
531,NA,NA,163,"2026-05-30_DMFOC",NA,NA,NA,NA,NA,NA,NA,NA,NA,NA,NA,NA,NA,NA,NA,NA,NA,NA,NA,NA,NA,NA,NA
532,NA,NA,162,"2026-05-30_DMFOC",NA,NA,NA,NA,NA,NA,NA,NA,NA,NA,NA,NA,NA,NA,NA,NA,NA,NA,NA,NA,NA,NA,NA
533,NA,NA,162.5,"2026-05-30_DMFOC",NA,NA,NA,NA,NA,NA,NA,NA,NA,NA,NA,NA,NA,NA,NA,NA,NA,NA,NA,NA,NA,NA,NA
534,NA,NA,163,"2026-05-30_DMFOC",NA,NA,NA,NA,NA,NA,NA,NA,NA,NA,NA,NA,NA,NA,NA,NA,NA,NA,NA,NA,NA,NA,NA
535,NA,NA,163.143,"2026-05-30_DMFOC",NA,NA,NA,NA,NA,NA,NA,NA,NA,NA,NA,NA,NA,NA,NA,NA,NA,NA,NA,NA,NA,NA,NA
536,NA,NA,163.286,"2026-05-30_DMFOC",NA,NA,NA,NA,NA,NA,NA,NA,NA,NA,NA,NA,NA,NA,NA,NA,NA,NA,NA,NA,NA,NA,NA
537,NA,NA,163.429,"2026-05-30_DMFOC",NA,NA,NA,NA,NA,NA,NA,NA,NA,NA,NA,NA,NA,NA,NA,NA,NA,NA,NA,NA,NA,NA,NA
538,NA,NA,163.571,"2026-05-30_DMFOC",NA,NA,NA,NA,NA,NA,NA,NA,NA,NA,NA,NA,NA,NA,NA,NA,NA,NA,NA,NA,NA,NA,NA
539,NA,NA,163.714,"2026-05-30_DMFOC",NA,NA,NA,NA,NA,NA,NA,NA,NA,NA,NA,NA,NA,NA,NA,NA,NA,NA,NA,NA,NA,NA,NA
540,NA,NA,163.857,"2026-05-30_DMFOC",NA,NA,NA,NA,NA,NA,NA,NA,NA,NA,NA,NA,NA,NA,NA,NA,NA,NA,NA,NA,NA,NA,NA
541,NA,NA,164,"2026-05-30_DMFOC",NA,NA,NA,NA,NA,NA,NA,NA,NA,NA,NA,NA,NA,NA,NA,NA,NA,NA,NA,NA,NA,NA,NA
542,NA,NA,163,"2026-05-30_DMFOC",NA,NA,NA,NA,NA,NA,NA,NA,NA,NA,NA,NA,NA,NA,NA,NA,NA,NA,NA,NA,NA,NA,NA
543,NA,NA,164,"2026-05-30_DMFOC",NA,NA,NA,NA,NA,NA,NA,NA,NA,NA,NA,NA,NA,NA,NA,NA,NA,NA,NA,NA,NA,NA,NA
544,NA,NA,163.667,"2026-05-30_DMFOC",NA,NA,NA,NA,NA,NA,NA,NA,NA,NA,NA,NA,NA,NA,NA,NA,NA,NA,NA,NA,NA,NA,NA
545,NA,NA,163.333,"2026-05-30_DMFOC",NA,NA,NA,NA,NA,NA,NA,NA,NA,NA,NA,NA,NA,NA,NA,NA,NA,NA,NA,NA,NA,NA,NA
546,NA,NA,163,"2026-05-30_DMFOC",NA,NA,NA,NA,NA,NA,NA,NA,NA,NA,NA,NA,NA,NA,NA,NA,NA,NA,NA,NA,NA,NA,NA
547,NA,NA,164,"2026-05-30_DMFOC",NA,NA,NA,NA,NA,NA,NA,NA,NA,NA,NA,NA,NA,NA,NA,NA,NA,NA,NA,NA,NA,NA,NA
548,NA,NA,164.25,"2026-05-30_DMFOC",NA,NA,NA,NA,NA,NA,NA,NA,NA,NA,NA,NA,NA,NA,NA,NA,NA,NA,NA,NA,NA,NA,NA
549,NA,NA,164.5,"2026-05-30_DMFOC",NA,NA,NA,NA,NA,NA,NA,NA,NA,NA,NA,NA,NA,NA,NA,NA,NA,NA,NA,NA,NA,NA,NA
550,NA,NA,164.75,"2026-05-30_DMFOC",NA,NA,NA,NA,NA,NA,NA,NA,NA,NA,NA,NA,NA,NA,NA,NA,NA,NA,NA,NA,NA,NA,NA
551,NA,NA,165,"2026-05-30_DMFOC",NA,NA,NA,NA,NA,NA,NA,NA,NA,NA,NA,NA,NA,NA,NA,NA,NA,NA,NA,NA,NA,NA,NA
552,NA,NA,164.917,"2026-05-30_DMFOC",NA,NA,NA,NA,NA,NA,NA,NA,NA,NA,NA,NA,NA,NA,NA,NA,NA,NA,NA,NA,NA,NA,NA
553,NA,NA,164.833,"2026-05-30_DMFOC",NA,NA,NA,NA,NA,NA,NA,NA,NA,NA,NA,NA,NA,NA,NA,NA,NA,NA,NA,NA,NA,NA,NA
554,NA,NA,164.75,"2026-05-30_DMFOC",NA,NA,NA,NA,NA,NA,NA,NA,NA,NA,NA,NA,NA,NA,NA,NA,NA,NA,NA,NA,NA,NA,NA
555,NA,NA,164.667,"2026-05-30_DMFOC",NA,NA,NA,NA,NA,NA,NA,NA,NA,NA,NA,NA,NA,NA,NA,NA,NA,NA,NA,NA,NA,NA,NA
556,NA,NA,164.583,"2026-05-30_DMFOC",NA,NA,NA,NA,NA,NA,NA,NA,NA,NA,NA,NA,NA,NA,NA,NA,NA,NA,NA,NA,NA,NA,NA
557,NA,NA,164.5,"2026-05-30_DMFOC",NA,NA,NA,NA,NA,NA,NA,NA,NA,NA,NA,NA,NA,NA,NA,NA,NA,NA,NA,NA,NA,NA,NA
558,NA,NA,164.417,"2026-05-30_DMFOC",NA,NA,NA,NA,NA,NA,NA,NA,NA,NA,NA,NA,NA,NA,NA,NA,NA,NA,NA,NA,NA,NA,NA
559,NA,NA,164.333,"2026-05-30_DMFOC",NA,NA,NA,NA,NA,NA,NA,NA,NA,NA,NA,NA,NA,NA,NA,NA,NA,NA,NA,NA,NA,NA,NA
560,NA,NA,164.25,"2026-05-30_DMFOC",NA,NA,NA,NA,NA,NA,NA,NA,NA,NA,NA,NA,NA,NA,NA,NA,NA,NA,NA,NA,NA,NA,NA
561,NA,NA,164.167,"2026-05-30_DMFOC",NA,NA,NA,NA,NA,NA,NA,NA,NA,NA,NA,NA,NA,NA,NA,NA,NA,NA,NA,NA,NA,NA,NA
562,NA,NA,164.083,"2026-05-30_DMFOC",NA,NA,NA,NA,NA,NA,NA,NA,NA,NA,NA,NA,NA,NA,NA,NA,NA,NA,NA,NA,NA,NA,NA
563,NA,NA,164,"2026-05-30_DMFOC",NA,NA,NA,NA,NA,NA,NA,NA,NA,NA,NA,NA,NA,NA,NA,NA,NA,NA,NA,NA,NA,NA,NA
564,NA,NA,165,"2026-05-30_DMFOC",NA,NA,NA,NA,NA,NA,NA,NA,NA,NA,NA,NA,NA,NA,NA,NA,NA,NA,NA,NA,NA,NA,NA
565,NA,NA,164.957,"2026-05-30_DMFOC",NA,NA,NA,NA,NA,NA,NA,NA,NA,NA,NA,NA,NA,NA,NA,NA,NA,NA,NA,NA,NA,NA,NA
566,NA,NA,164.913,"2026-05-30_DMFOC",NA,NA,NA,NA,NA,NA,NA,NA,NA,NA,NA,NA,NA,NA,NA,NA,NA,NA,NA,NA,NA,NA,NA
567,NA,NA,164.87,"2026-05-30_DMFOC",NA,NA,NA,NA,NA,NA,NA,NA,NA,NA,NA,NA,NA,NA,NA,NA,NA,NA,NA,NA,NA,NA,NA
568,NA,NA,164.826,"2026-05-30_DMFOC",NA,NA,NA,NA,NA,NA,NA,NA,NA,NA,NA,NA,NA,NA,NA,NA,NA,NA,NA,NA,NA,NA,NA
569,NA,NA,164.783,"2026-05-30_DMFOC",NA,NA,NA,NA,NA,NA,NA,NA,NA,NA,NA,NA,NA,NA,NA,NA,NA,NA,NA,NA,NA,NA,NA
570,NA,NA,164.739,"2026-05-30_DMFOC",NA,NA,NA,NA,NA,NA,NA,NA,NA,NA,NA,NA,NA,NA,NA,NA,NA,NA,NA,NA,NA,NA,NA
571,NA,NA,164.696,"2026-05-30_DMFOC",NA,NA,NA,NA,NA,NA,NA,NA,NA,NA,NA,NA,NA,NA,NA,NA,NA,NA,NA,NA,NA,NA,NA
572,NA,NA,164.652,"2026-05-30_DMFOC",NA,NA,NA,NA,NA,NA,NA,NA,NA,NA,NA,NA,NA,NA,NA,NA,NA,NA,NA,NA,NA,NA,NA
573,NA,NA,164.609,"2026-05-30_DMFOC",NA,NA,NA,NA,NA,NA,NA,NA,NA,NA,NA,NA,NA,NA,NA,NA,NA,NA,NA,NA,NA,NA,NA
574,NA,NA,164.565,"2026-05-30_DMFOC",NA,NA,NA,NA,NA,NA,NA,NA,NA,NA,NA,NA,NA,NA,NA,NA,NA,NA,NA,NA,NA,NA,NA
575,NA,NA,164.522,"2026-05-30_DMFOC",NA,NA,NA,NA,NA,NA,NA,NA,NA,NA,NA,NA,NA,NA,NA,NA,NA,NA,NA,NA,NA,NA,NA
576,NA,NA,164.478,"2026-05-30_DMFOC",NA,NA,NA,NA,NA,NA,NA,NA,NA,NA,NA,NA,NA,NA,NA,NA,NA,NA,NA,NA,NA,NA,NA
577,NA,NA,164.435,"2026-05-30_DMFOC",NA,NA,NA,NA,NA,NA,NA,NA,NA,NA,NA,NA,NA,NA,NA,NA,NA,NA,NA,NA,NA,NA,NA
578,NA,NA,164.391,"2026-05-30_DMFOC",NA,NA,NA,NA,NA,NA,NA,NA,NA,NA,NA,NA,NA,NA,NA,NA,NA,NA,NA,NA,NA,NA,NA
579,NA,NA,164.348,"2026-05-30_DMFOC",NA,NA,NA,NA,NA,NA,NA,NA,NA,NA,NA,NA,NA,NA,NA,NA,NA,NA,NA,NA,NA,NA,NA
580,NA,NA,164.304,"2026-05-30_DMFOC",NA,NA,NA,NA,NA,NA,NA,NA,NA,NA,NA,NA,NA,NA,NA,NA,NA,NA,NA,NA,NA,NA,NA
581,NA,NA,164.261,"2026-05-30_DMFOC",NA,NA,NA,NA,NA,NA,NA,NA,NA,NA,NA,NA,NA,NA,NA,NA,NA,NA,NA,NA,NA,NA,NA
582,NA,NA,164.217,"2026-05-30_DMFOC",NA,NA,NA,NA,NA,NA,NA,NA,NA,NA,NA,NA,NA,NA,NA,NA,NA,NA,NA,NA,NA,NA,NA
583,NA,NA,164.174,"2026-05-30_DMFOC",NA,NA,NA,NA,NA,NA,NA,NA,NA,NA,NA,NA,NA,NA,NA,NA,NA,NA,NA,NA,NA,NA,NA
584,NA,NA,164.13,"2026-05-30_DMFOC",NA,NA,NA,NA,NA,NA,NA,NA,NA,NA,NA,NA,NA,NA,NA,NA,NA,NA,NA,NA,NA,NA,NA
585,NA,NA,164.087,"2026-05-30_DMFOC",NA,NA,NA,NA,NA,NA,NA,NA,NA,NA,NA,NA,NA,NA,NA,NA,NA,NA,NA,NA,NA,NA,NA
586,NA,NA,164.043,"2026-05-30_DMFOC",NA,NA,NA,NA,NA,NA,NA,NA,NA,NA,NA,NA,NA,NA,NA,NA,NA,NA,NA,NA,NA,NA,NA
587,NA,NA,164,"2026-05-30_DMFOC",NA,NA,NA,NA,NA,NA,NA,NA,NA,NA,NA,NA,NA,NA,NA,NA,NA,NA,NA,NA,NA,NA,NA
588,NA,NA,165,"2026-05-30_DMFOC",NA,NA,NA,NA,NA,NA,NA,NA,NA,NA,NA,NA,NA,NA,NA,NA,NA,NA,NA,NA,NA,NA,NA
589,NA,NA,165.077,"2026-05-30_DMFOC",NA,NA,NA,NA,NA,NA,NA,NA,NA,NA,NA,NA,NA,NA,NA,NA,NA,NA,NA,NA,NA,NA,NA
590,NA,NA,165.154,"2026-05-30_DMFOC",NA,NA,NA,NA,NA,NA,NA,NA,NA,NA,NA,NA,NA,NA,NA,NA,NA,NA,NA,NA,NA,NA,NA
591,NA,NA,165.231,"2026-05-30_DMFOC",NA,NA,NA,NA,NA,NA,NA,NA,NA,NA,NA,NA,NA,NA,NA,NA,NA,NA,NA,NA,NA,NA,NA
592,NA,NA,165.308,"2026-05-30_DMFOC",NA,NA,NA,NA,NA,NA,NA,NA,NA,NA,NA,NA,NA,NA,NA,NA,NA,NA,NA,NA,NA,NA,NA
593,NA,NA,165.385,"2026-05-30_DMFOC",NA,NA,NA,NA,NA,NA,NA,NA,NA,NA,NA,NA,NA,NA,NA,NA,NA,NA,NA,NA,NA,NA,NA
594,NA,NA,165.462,"2026-05-30_DMFOC",NA,NA,NA,NA,NA,NA,NA,NA,NA,NA,NA,NA,NA,NA,NA,NA,NA,NA,NA,NA,NA,NA,NA
595,NA,NA,165.538,"2026-05-30_DMFOC",NA,NA,NA,NA,NA,NA,NA,NA,NA,NA,NA,NA,NA,NA,NA,NA,NA,NA,NA,NA,NA,NA,NA
596,NA,NA,165.615,"2026-05-30_DMFOC",NA,NA,NA,NA,NA,NA,NA,NA,NA,NA,NA,NA,NA,NA,NA,NA,NA,NA,NA,NA,NA,NA,NA
597,NA,NA,165.692,"2026-05-30_DMFOC",NA,NA,NA,NA,NA,NA,NA,NA,NA,NA,NA,NA,NA,NA,NA,NA,NA,NA,NA,NA,NA,NA,NA
598,NA,NA,165.769,"2026-05-30_DMFOC",NA,NA,NA,NA,NA,NA,NA,NA,NA,NA,NA,NA,NA,NA,NA,NA,NA,NA,NA,NA,NA,NA,NA
599,NA,NA,165.846,"2026-05-30_DMFOC",NA,NA,NA,NA,NA,NA,NA,NA,NA,NA,NA,NA,NA,NA,NA,NA,NA,NA,NA,NA,NA,NA,NA
600,NA,NA,165.923,"2026-05-30_DMFOC",NA,NA,NA,NA,NA,NA,NA,NA,NA,NA,NA,NA,NA,NA,NA,NA,NA,NA,NA,NA,NA,NA,NA
601,NA,NA,166,"2026-05-30_DMFOC",NA,NA,NA,NA,NA,NA,NA,NA,NA,NA,NA,NA,NA,NA,NA,NA,NA,NA,NA,NA,NA,NA,NA
602,NA,NA,165.667,"2026-05-30_DMFOC",NA,NA,NA,NA,NA,NA,NA,NA,NA,NA,NA,NA,NA,NA,NA,NA,NA,NA,NA,NA,NA,NA,NA
603,NA,NA,165.333,"2026-05-30_DMFOC",NA,NA,NA,NA,NA,NA,NA,NA,NA,NA,NA,NA,NA,NA,NA,NA,NA,NA,NA,NA,NA,NA,NA
604,NA,NA,165,"2026-05-30_DMFOC",NA,NA,NA,NA,NA,NA,NA,NA,NA,NA,NA,NA,NA,NA,NA,NA,NA,NA,NA,NA,NA,NA,NA
605,NA,NA,164.889,"2026-05-30_DMFOC",NA,NA,NA,NA,NA,NA,NA,NA,NA,NA,NA,NA,NA,NA,NA,NA,NA,NA,NA,NA,NA,NA,NA
606,NA,NA,164.778,"2026-05-30_DMFOC",NA,NA,NA,NA,NA,NA,NA,NA,NA,NA,NA,NA,NA,NA,NA,NA,NA,NA,NA,NA,NA,NA,NA
607,NA,NA,164.667,"2026-05-30_DMFOC",NA,NA,NA,NA,NA,NA,NA,NA,NA,NA,NA,NA,NA,NA,NA,NA,NA,NA,NA,NA,NA,NA,NA
608,NA,NA,164.556,"2026-05-30_DMFOC",NA,NA,NA,NA,NA,NA,NA,NA,NA,NA,NA,NA,NA,NA,NA,NA,NA,NA,NA,NA,NA,NA,NA
609,NA,NA,164.444,"2026-05-30_DMFOC",NA,NA,NA,NA,NA,NA,NA,NA,NA,NA,NA,NA,NA,NA,NA,NA,NA,NA,NA,NA,NA,NA,NA
610,NA,NA,164.333,"2026-05-30_DMFOC",NA,NA,NA,NA,NA,NA,NA,NA,NA,NA,NA,NA,NA,NA,NA,NA,NA,NA,NA,NA,NA,NA,NA
611,NA,NA,164.222,"2026-05-30_DMFOC",NA,NA,NA,NA,NA,NA,NA,NA,NA,NA,NA,NA,NA,NA,NA,NA,NA,NA,NA,NA,NA,NA,NA
612,NA,NA,164.111,"2026-05-30_DMFOC",NA,NA,NA,NA,NA,NA,NA,NA,NA,NA,NA,NA,NA,NA,NA,NA,NA,NA,NA,NA,NA,NA,NA
613,NA,NA,164,"2026-05-30_DMFOC",NA,NA,NA,NA,NA,NA,NA,NA,NA,NA,NA,NA,NA,NA,NA,NA,NA,NA,NA,NA,NA,NA,NA
614,NA,NA,165,"2026-05-30_DMFOC",NA,NA,NA,NA,NA,NA,NA,NA,NA,NA,NA,NA,NA,NA,NA,NA,NA,NA,NA,NA,NA,NA,NA
615,NA,NA,165.111,"2026-05-30_DMFOC",NA,NA,NA,NA,NA,NA,NA,NA,NA,NA,NA,NA,NA,NA,NA,NA,NA,NA,NA,NA,NA,NA,NA
616,NA,NA,165.222,"2026-05-30_DMFOC",NA,NA,NA,NA,NA,NA,NA,NA,NA,NA,NA,NA,NA,NA,NA,NA,NA,NA,NA,NA,NA,NA,NA
617,NA,NA,165.333,"2026-05-30_DMFOC",NA,NA,NA,NA,NA,NA,NA,NA,NA,NA,NA,NA,NA,NA,NA,NA,NA,NA,NA,NA,NA,NA,NA
618,NA,NA,165.444,"2026-05-30_DMFOC",NA,NA,NA,NA,NA,NA,NA,NA,NA,NA,NA,NA,NA,NA,NA,NA,NA,NA,NA,NA,NA,NA,NA
619,NA,NA,165.556,"2026-05-30_DMFOC",NA,NA,NA,NA,NA,NA,NA,NA,NA,NA,NA,NA,NA,NA,NA,NA,NA,NA,NA,NA,NA,NA,NA
620,NA,NA,165.667,"2026-05-30_DMFOC",NA,NA,NA,NA,NA,NA,NA,NA,NA,NA,NA,NA,NA,NA,NA,NA,NA,NA,NA,NA,NA,NA,NA
621,NA,NA,165.778,"2026-05-30_DMFOC",NA,NA,NA,NA,NA,NA,NA,NA,NA,NA,NA,NA,NA,NA,NA,NA,NA,NA,NA,NA,NA,NA,NA
622,NA,NA,165.889,"2026-05-30_DMFOC",NA,NA,NA,NA,NA,NA,NA,NA,NA,NA,NA,NA,NA,NA,NA,NA,NA,NA,NA,NA,NA,NA,NA
623,NA,NA,166,"2026-05-30_DMFOC",NA,NA,NA,NA,NA,NA,NA,NA,NA,NA,NA,NA,NA,NA,NA,NA,NA,NA,NA,NA,NA,NA,NA
624,NA,NA,165,"2026-05-30_DMFOC",NA,NA,NA,NA,NA,NA,NA,NA,NA,NA,NA,NA,NA,NA,NA,NA,NA,NA,NA,NA,NA,NA,NA
625,NA,NA,166,"2026-05-30_DMFOC",NA,NA,NA,NA,NA,NA,NA,NA,NA,NA,NA,NA,NA,NA,NA,NA,NA,NA,NA,NA,NA,NA,NA
626,NA,NA,166.2,"2026-05-30_DMFOC",NA,NA,NA,NA,NA,NA,NA,NA,NA,NA,NA,NA,NA,NA,NA,NA,NA,NA,NA,NA,NA,NA,NA
627,NA,NA,166.4,"2026-05-30_DMFOC",NA,NA,NA,NA,NA,NA,NA,NA,NA,NA,NA,NA,NA,NA,NA,NA,NA,NA,NA,NA,NA,NA,NA
628,NA,NA,166.6,"2026-05-30_DMFOC",NA,NA,NA,NA,NA,NA,NA,NA,NA,NA,NA,NA,NA,NA,NA,NA,NA,NA,NA,NA,NA,NA,NA
629,NA,NA,166.8,"2026-05-30_DMFOC",NA,NA,NA,NA,NA,NA,NA,NA,NA,NA,NA,NA,NA,NA,NA,NA,NA,NA,NA,NA,NA,NA,NA
630,NA,NA,167,"2026-05-30_DMFOC",NA,NA,NA,NA,NA,NA,NA,NA,NA,NA,NA,NA,NA,NA,NA,NA,NA,NA,NA,NA,NA,NA,NA
631,NA,NA,166.667,"2026-05-30_DMFOC",NA,NA,NA,NA,NA,NA,NA,NA,NA,NA,NA,NA,NA,NA,NA,NA,NA,NA,NA,NA,NA,NA,NA
632,NA,NA,166.333,"2026-05-30_DMFOC",NA,NA,NA,NA,NA,NA,NA,NA,NA,NA,NA,NA,NA,NA,NA,NA,NA,NA,NA,NA,NA,NA,NA
633,NA,NA,166,"2026-05-30_DMFOC",NA,NA,NA,NA,NA,NA,NA,NA,NA,NA,NA,NA,NA,NA,NA,NA,NA,NA,NA,NA,NA,NA,NA
634,NA,NA,167,"2026-05-30_DMFOC",NA,NA,NA,NA,NA,NA,NA,NA,NA,NA,NA,NA,NA,NA,NA,NA,NA,NA,NA,NA,NA,NA,NA
635,NA,NA,166.5,"2026-05-30_DMFOC",NA,NA,NA,NA,NA,NA,NA,NA,NA,NA,NA,NA,NA,NA,NA,NA,NA,NA,NA,NA,NA,NA,NA
636,NA,NA,166,"2026-05-30_DMFOC",NA,NA,NA,NA,NA,NA,NA,NA,NA,NA,NA,NA,NA,NA,NA,NA,NA,NA,NA,NA,NA,NA,NA
637,NA,NA,165.857,"2026-05-30_DMFOC",NA,NA,NA,NA,NA,NA,NA,NA,NA,NA,NA,NA,NA,NA,NA,NA,NA,NA,NA,NA,NA,NA,NA
638,NA,NA,165.714,"2026-05-30_DMFOC",NA,NA,NA,NA,NA,NA,NA,NA,NA,NA,NA,NA,NA,NA,NA,NA,NA,NA,NA,NA,NA,NA,NA
639,NA,NA,165.571,"2026-05-30_DMFOC",NA,NA,NA,NA,NA,NA,NA,NA,NA,NA,NA,NA,NA,NA,NA,NA,NA,NA,NA,NA,NA,NA,NA
640,NA,NA,165.429,"2026-05-30_DMFOC",NA,NA,NA,NA,NA,NA,NA,NA,NA,NA,NA,NA,NA,NA,NA,NA,NA,NA,NA,NA,NA,NA,NA
641,NA,NA,165.286,"2026-05-30_DMFOC",NA,NA,NA,NA,NA,NA,NA,NA,NA,NA,NA,NA,NA,NA,NA,NA,NA,NA,NA,NA,NA,NA,NA
642,NA,NA,165.143,"2026-05-30_DMFOC",NA,NA,NA,NA,NA,NA,NA,NA,NA,NA,NA,NA,NA,NA,NA,NA,NA,NA,NA,NA,NA,NA,NA
643,NA,NA,165,"2026-05-30_DMFOC",NA,NA,NA,NA,NA,NA,NA,NA,NA,NA,NA,NA,NA,NA,NA,NA,NA,NA,NA,NA,NA,NA,NA
644,NA,NA,165.333,"2026-05-30_DMFOC",NA,NA,NA,NA,NA,NA,NA,NA,NA,NA,NA,NA,NA,NA,NA,NA,NA,NA,NA,NA,NA,NA,NA
645,NA,NA,165.667,"2026-05-30_DMFOC",NA,NA,NA,NA,NA,NA,NA,NA,NA,NA,NA,NA,NA,NA,NA,NA,NA,NA,NA,NA,NA,NA,NA
646,NA,NA,166,"2026-05-30_DMFOC",NA,NA,NA,NA,NA,NA,NA,NA,NA,NA,NA,NA,NA,NA,NA,NA,NA,NA,NA,NA,NA,NA,NA
647,NA,NA,166.2,"2026-05-30_DMFOC",NA,NA,NA,NA,NA,NA,NA,NA,NA,NA,NA,NA,NA,NA,NA,NA,NA,NA,NA,NA,NA,NA,NA
648,NA,NA,166.4,"2026-05-30_DMFOC",NA,NA,NA,NA,NA,NA,NA,NA,NA,NA,NA,NA,NA,NA,NA,NA,NA,NA,NA,NA,NA,NA,NA
649,NA,NA,166.6,"2026-05-30_DMFOC",NA,NA,NA,NA,NA,NA,NA,NA,NA,NA,NA,NA,NA,NA,NA,NA,NA,NA,NA,NA,NA,NA,NA
650,NA,NA,166.8,"2026-05-30_DMFOC",NA,NA,NA,NA,NA,NA,NA,NA,NA,NA,NA,NA,NA,NA,NA,NA,NA,NA,NA,NA,NA,NA,NA
651,NA,NA,167,"2026-05-30_DMFOC",NA,NA,NA,NA,NA,NA,NA,NA,NA,NA,NA,NA,NA,NA,NA,NA,NA,NA,NA,NA,NA,NA,NA
652,NA,NA,166,"2026-05-30_DMFOC",NA,NA,NA,NA,NA,NA,NA,NA,NA,NA,NA,NA,NA,NA,NA,NA,NA,NA,NA,NA,NA,NA,NA
653,NA,NA,166.333,"2026-05-30_DMFOC",NA,NA,NA,NA,NA,NA,NA,NA,NA,NA,NA,NA,NA,NA,NA,NA,NA,NA,NA,NA,NA,NA,NA
654,NA,NA,166.667,"2026-05-30_DMFOC",NA,NA,NA,NA,NA,NA,NA,NA,NA,NA,NA,NA,NA,NA,NA,NA,NA,NA,NA,NA,NA,NA,NA
655,NA,NA,167,"2026-05-30_DMFOC",NA,NA,NA,NA,NA,NA,NA,NA,NA,NA,NA,NA,NA,NA,NA,NA,NA,NA,NA,NA,NA,NA,NA
656,NA,NA,166,"2026-05-30_DMFOC",NA,NA,NA,NA,NA,NA,NA,NA,NA,NA,NA,NA,NA,NA,NA,NA,NA,NA,NA,NA,NA,NA,NA
657,NA,NA,166.25,"2026-05-30_DMFOC",NA,NA,NA,NA,NA,NA,NA,NA,NA,NA,NA,NA,NA,NA,NA,NA,NA,NA,NA,NA,NA,NA,NA
658,NA,NA,166.5,"2026-05-30_DMFOC",NA,NA,NA,NA,NA,NA,NA,NA,NA,NA,NA,NA,NA,NA,NA,NA,NA,NA,NA,NA,NA,NA,NA
659,NA,NA,166.75,"2026-05-30_DMFOC",NA,NA,NA,NA,NA,NA,NA,NA,NA,NA,NA,NA,NA,NA,NA,NA,NA,NA,NA,NA,NA,NA,NA
660,NA,NA,167,"2026-05-30_DMFOC",NA,NA,NA,NA,NA,NA,NA,NA,NA,NA,NA,NA,NA,NA,NA,NA,NA,NA,NA,NA,NA,NA,NA
661,NA,NA,166,"2026-05-30_DMFOC",NA,NA,NA,NA,NA,NA,NA,NA,NA,NA,NA,NA,NA,NA,NA,NA,NA,NA,NA,NA,NA,NA,NA
662,NA,NA,166.2,"2026-05-30_DMFOC",NA,NA,NA,NA,NA,NA,NA,NA,NA,NA,NA,NA,NA,NA,NA,NA,NA,NA,NA,NA,NA,NA,NA
663,NA,NA,166.4,"2026-05-30_DMFOC",NA,NA,NA,NA,NA,NA,NA,NA,NA,NA,NA,NA,NA,NA,NA,NA,NA,NA,NA,NA,NA,NA,NA
664,NA,NA,166.6,"2026-05-30_DMFOC",NA,NA,NA,NA,NA,NA,NA,NA,NA,NA,NA,NA,NA,NA,NA,NA,NA,NA,NA,NA,NA,NA,NA
665,NA,NA,166.8,"2026-05-30_DMFOC",NA,NA,NA,NA,NA,NA,NA,NA,NA,NA,NA,NA,NA,NA,NA,NA,NA,NA,NA,NA,NA,NA,NA
666,NA,NA,167,"2026-05-30_DMFOC",NA,NA,NA,NA,NA,NA,NA,NA,NA,NA,NA,NA,NA,NA,NA,NA,NA,NA,NA,NA,NA,NA,NA
667,NA,NA,166,"2026-05-30_DMFOC",NA,NA,NA,NA,NA,NA,NA,NA,NA,NA,NA,NA,NA,NA,NA,NA,NA,NA,NA,NA,NA,NA,NA
668,NA,NA,166.333,"2026-05-30_DMFOC",NA,NA,NA,NA,NA,NA,NA,NA,NA,NA,NA,NA,NA,NA,NA,NA,NA,NA,NA,NA,NA,NA,NA
669,NA,NA,166.667,"2026-05-30_DMFOC",NA,NA,NA,NA,NA,NA,NA,NA,NA,NA,NA,NA,NA,NA,NA,NA,NA,NA,NA,NA,NA,NA,NA
670,NA,NA,167,"2026-05-30_DMFOC",NA,NA,NA,NA,NA,NA,NA,NA,NA,NA,NA,NA,NA,NA,NA,NA,NA,NA,NA,NA,NA,NA,NA
671,NA,NA,166,"2026-05-30_DMFOC",NA,NA,NA,NA,NA,NA,NA,NA,NA,NA,NA,NA,NA,NA,NA,NA,NA,NA,NA,NA,NA,NA,NA
672,NA,NA,167,"2026-05-30_DMFOC",NA,NA,NA,NA,NA,NA,NA,NA,NA,NA,NA,NA,NA,NA,NA,NA,NA,NA,NA,NA,NA,NA,NA
673,NA,NA,166.667,"2026-05-30_DMFOC",NA,NA,NA,NA,NA,NA,NA,NA,NA,NA,NA,NA,NA,NA,NA,NA,NA,NA,NA,NA,NA,NA,NA
674,NA,NA,166.333,"2026-05-30_DMFOC",NA,NA,NA,NA,NA,NA,NA,NA,NA,NA,NA,NA,NA,NA,NA,NA,NA,NA,NA,NA,NA,NA,NA
675,NA,NA,166,"2026-05-30_DMFOC",NA,NA,NA,NA,NA,NA,NA,NA,NA,NA,NA,NA,NA,NA,NA,NA,NA,NA,NA,NA,NA,NA,NA
676,NA,NA,167,"2026-05-30_DMFOC",NA,NA,NA,NA,NA,NA,NA,NA,NA,NA,NA,NA,NA,NA,NA,NA,NA,NA,NA,NA,NA,NA,NA
677,NA,NA,166.5,"2026-05-30_DMFOC",NA,NA,NA,NA,NA,NA,NA,NA,NA,NA,NA,NA,NA,NA,NA,NA,NA,NA,NA,NA,NA,NA,NA
678,NA,NA,166,"2026-05-30_DMFOC",NA,NA,NA,NA,NA,NA,NA,NA,NA,NA,NA,NA,NA,NA,NA,NA,NA,NA,NA,NA,NA,NA,NA
679,NA,NA,167,"2026-05-30_DMFOC",NA,NA,NA,NA,NA,NA,NA,NA,NA,NA,NA,NA,NA,NA,NA,NA,NA,NA,NA,NA,NA,NA,NA
680,NA,NA,166.5,"2026-05-30_DMFOC",NA,NA,NA,NA,NA,NA,NA,NA,NA,NA,NA,NA,NA,NA,NA,NA,NA,NA,NA,NA,NA,NA,NA
681,NA,NA,166,"2026-05-30_DMFOC",NA,NA,NA,NA,NA,NA,NA,NA,NA,NA,NA,NA,NA,NA,NA,NA,NA,NA,NA,NA,NA,NA,NA
682,NA,NA,167,"2026-05-30_DMFOC",NA,NA,NA,NA,NA,NA,NA,NA,NA,NA,NA,NA,NA,NA,NA,NA,NA,NA,NA,NA,NA,NA,NA
683,NA,NA,166.5,"2026-05-30_DMFOC",NA,NA,NA,NA,NA,NA,NA,NA,NA,NA,NA,NA,NA,NA,NA,NA,NA,NA,NA,NA,NA,NA,NA
684,NA,NA,166,"2026-05-30_DMFOC",NA,NA,NA,NA,NA,NA,NA,NA,NA,NA,NA,NA,NA,NA,NA,NA,NA,NA,NA,NA,NA,NA,NA
685,NA,NA,165.857,"2026-05-30_DMFOC",NA,NA,NA,NA,NA,NA,NA,NA,NA,NA,NA,NA,NA,NA,NA,NA,NA,NA,NA,NA,NA,NA,NA
686,NA,NA,165.714,"2026-05-30_DMFOC",NA,NA,NA,NA,NA,NA,NA,NA,NA,NA,NA,NA,NA,NA,NA,NA,NA,NA,NA,NA,NA,NA,NA
687,NA,NA,165.571,"2026-05-30_DMFOC",NA,NA,NA,NA,NA,NA,NA,NA,NA,NA,NA,NA,NA,NA,NA,NA,NA,NA,NA,NA,NA,NA,NA
688,NA,NA,165.429,"2026-05-30_DMFOC",NA,NA,NA,NA,NA,NA,NA,NA,NA,NA,NA,NA,NA,NA,NA,NA,NA,NA,NA,NA,NA,NA,NA
689,NA,NA,165.286,"2026-05-30_DMFOC",NA,NA,NA,NA,NA,NA,NA,NA,NA,NA,NA,NA,NA,NA,NA,NA,NA,NA,NA,NA,NA,NA,NA
690,NA,NA,165.143,"2026-05-30_DMFOC",NA,NA,NA,NA,NA,NA,NA,NA,NA,NA,NA,NA,NA,NA,NA,NA,NA,NA,NA,NA,NA,NA,NA
691,NA,NA,165,"2026-05-30_DMFOC",NA,NA,NA,NA,NA,NA,NA,NA,NA,NA,NA,NA,NA,NA,NA,NA,NA,NA,NA,NA,NA,NA,NA
692,NA,NA,166,"2026-05-30_DMFOC",NA,NA,NA,NA,NA,NA,NA,NA,NA,NA,NA,NA,NA,NA,NA,NA,NA,NA,NA,NA,NA,NA,NA
693,NA,NA,165.5,"2026-05-30_DMFOC",NA,NA,NA,NA,NA,NA,NA,NA,NA,NA,NA,NA,NA,NA,NA,NA,NA,NA,NA,NA,NA,NA,NA
694,NA,NA,165,"2026-05-30_DMFOC",NA,NA,NA,NA,NA,NA,NA,NA,NA,NA,NA,NA,NA,NA,NA,NA,NA,NA,NA,NA,NA,NA,NA
695,NA,NA,165.167,"2026-05-30_DMFOC",NA,NA,NA,NA,NA,NA,NA,NA,NA,NA,NA,NA,NA,NA,NA,NA,NA,NA,NA,NA,NA,NA,NA
696,NA,NA,165.333,"2026-05-30_DMFOC",NA,NA,NA,NA,NA,NA,NA,NA,NA,NA,NA,NA,NA,NA,NA,NA,NA,NA,NA,NA,NA,NA,NA
697,NA,NA,165.5,"2026-05-30_DMFOC",NA,NA,NA,NA,NA,NA,NA,NA,NA,NA,NA,NA,NA,NA,NA,NA,NA,NA,NA,NA,NA,NA,NA
698,NA,NA,165.667,"2026-05-30_DMFOC",NA,NA,NA,NA,NA,NA,NA,NA,NA,NA,NA,NA,NA,NA,NA,NA,NA,NA,NA,NA,NA,NA,NA
699,NA,NA,165.833,"2026-05-30_DMFOC",NA,NA,NA,NA,NA,NA,NA,NA,NA,NA,NA,NA,NA,NA,NA,NA,NA,NA,NA,NA,NA,NA,NA
700,NA,NA,166,"2026-05-30_DMFOC",NA,NA,NA,NA,NA,NA,NA,NA,NA,NA,NA,NA,NA,NA,NA,NA,NA,NA,NA,NA,NA,NA,NA
701,NA,NA,165,"2026-05-30_DMFOC",NA,NA,NA,NA,NA,NA,NA,NA,NA,NA,NA,NA,NA,NA,NA,NA,NA,NA,NA,NA,NA,NA,NA
738,NA,NA,166,"2026-05-30_DMFOC",NA,NA,NA,NA,NA,NA,NA,NA,NA,NA,NA,NA,NA,NA,NA,NA,NA,NA,NA,NA,NA,NA,NA
739,NA,NA,166.25,"2026-05-30_DMFOC",NA,NA,NA,NA,NA,NA,NA,NA,NA,NA,NA,NA,NA,NA,NA,NA,NA,NA,NA,NA,NA,NA,NA
740,NA,NA,166.5,"2026-05-30_DMFOC",NA,NA,NA,NA,NA,NA,NA,NA,NA,NA,NA,NA,NA,NA,NA,NA,NA,NA,NA,NA,NA,NA,NA
741,NA,NA,166.75,"2026-05-30_DMFOC",NA,NA,NA,NA,NA,NA,NA,NA,NA,NA,NA,NA,NA,NA,NA,NA,NA,NA,NA,NA,NA,NA,NA
742,NA,NA,167,"2026-05-30_DMFOC",NA,NA,NA,NA,NA,NA,NA,NA,NA,NA,NA,NA,NA,NA,NA,NA,NA,NA,NA,NA,NA,NA,NA
743,NA,NA,166,"2026-05-30_DMFOC",NA,NA,NA,NA,NA,NA,NA,NA,NA,NA,NA,NA,NA,NA,NA,NA,NA,NA,NA,NA,NA,NA,NA
744,NA,NA,166.5,"2026-05-30_DMFOC",NA,NA,NA,NA,NA,NA,NA,NA,NA,NA,NA,NA,NA,NA,NA,NA,NA,NA,NA,NA,NA,NA,NA
745,NA,NA,167,"2026-05-30_DMFOC",NA,NA,NA,NA,NA,NA,NA,NA,NA,NA,NA,NA,NA,NA,NA,NA,NA,NA,NA,NA,NA,NA,NA
746,NA,NA,166.5,"2026-05-30_DMFOC",NA,NA,NA,NA,NA,NA,NA,NA,NA,NA,NA,NA,NA,NA,NA,NA,NA,NA,NA,NA,NA,NA,NA
747,NA,NA,166,"2026-05-30_DMFOC",NA,NA,NA,NA,NA,NA,NA,NA,NA,NA,NA,NA,NA,NA,NA,NA,NA,NA,NA,NA,NA,NA,NA
748,NA,NA,165.75,"2026-05-30_DMFOC",NA,NA,NA,NA,NA,NA,NA,NA,NA,NA,NA,NA,NA,NA,NA,NA,NA,NA,NA,NA,NA,NA,NA
749,NA,NA,165.5,"2026-05-30_DMFOC",NA,NA,NA,NA,NA,NA,NA,NA,NA,NA,NA,NA,NA,NA,NA,NA,NA,NA,NA,NA,NA,NA,NA
750,NA,NA,165.25,"2026-05-30_DMFOC",NA,NA,NA,NA,NA,NA,NA,NA,NA,NA,NA,NA,NA,NA,NA,NA,NA,NA,NA,NA,NA,NA,NA
751,NA,NA,165,"2026-05-30_DMFOC",NA,NA,NA,NA,NA,NA,NA,NA,NA,NA,NA,NA,NA,NA,NA,NA,NA,NA,NA,NA,NA,NA,NA
752,NA,NA,165.333,"2026-05-30_DMFOC",NA,NA,NA,NA,NA,NA,NA,NA,NA,NA,NA,NA,NA,NA,NA,NA,NA,NA,NA,NA,NA,NA,NA
753,NA,NA,165.667,"2026-05-30_DMFOC",NA,NA,NA,NA,NA,NA,NA,NA,NA,NA,NA,NA,NA,NA,NA,NA,NA,NA,NA,NA,NA,NA,NA
754,NA,NA,166,"2026-05-30_DMFOC",NA,NA,NA,NA,NA,NA,NA,NA,NA,NA,NA,NA,NA,NA,NA,NA,NA,NA,NA,NA,NA,NA,NA
755,NA,NA,165,"2026-05-30_DMFOC",NA,NA,NA,NA,NA,NA,NA,NA,NA,NA,NA,NA,NA,NA,NA,NA,NA,NA,NA,NA,NA,NA,NA
756,NA,NA,165.05,"2026-05-30_DMFOC",NA,NA,NA,NA,NA,NA,NA,NA,NA,NA,NA,NA,NA,NA,NA,NA,NA,NA,NA,NA,NA,NA,NA
757,NA,NA,165.1,"2026-05-30_DMFOC",NA,NA,NA,NA,NA,NA,NA,NA,NA,NA,NA,NA,NA,NA,NA,NA,NA,NA,NA,NA,NA,NA,NA
758,NA,NA,165.15,"2026-05-30_DMFOC",NA,NA,NA,NA,NA,NA,NA,NA,NA,NA,NA,NA,NA,NA,NA,NA,NA,NA,NA,NA,NA,NA,NA
759,NA,NA,165.2,"2026-05-30_DMFOC",NA,NA,NA,NA,NA,NA,NA,NA,NA,NA,NA,NA,NA,NA,NA,NA,NA,NA,NA,NA,NA,NA,NA
760,NA,NA,165.25,"2026-05-30_DMFOC",NA,NA,NA,NA,NA,NA,NA,NA,NA,NA,NA,NA,NA,NA,NA,NA,NA,NA,NA,NA,NA,NA,NA
761,NA,NA,165.3,"2026-05-30_DMFOC",NA,NA,NA,NA,NA,NA,NA,NA,NA,NA,NA,NA,NA,NA,NA,NA,NA,NA,NA,NA,NA,NA,NA
762,NA,NA,165.35,"2026-05-30_DMFOC",NA,NA,NA,NA,NA,NA,NA,NA,NA,NA,NA,NA,NA,NA,NA,NA,NA,NA,NA,NA,NA,NA,NA
763,NA,NA,165.4,"2026-05-30_DMFOC",NA,NA,NA,NA,NA,NA,NA,NA,NA,NA,NA,NA,NA,NA,NA,NA,NA,NA,NA,NA,NA,NA,NA
764,NA,NA,165.45,"2026-05-30_DMFOC",NA,NA,NA,NA,NA,NA,NA,NA,NA,NA,NA,NA,NA,NA,NA,NA,NA,NA,NA,NA,NA,NA,NA
765,NA,NA,165.5,"2026-05-30_DMFOC",NA,NA,NA,NA,NA,NA,NA,NA,NA,NA,NA,NA,NA,NA,NA,NA,NA,NA,NA,NA,NA,NA,NA
766,NA,NA,165.55,"2026-05-30_DMFOC",NA,NA,NA,NA,NA,NA,NA,NA,NA,NA,NA,NA,NA,NA,NA,NA,NA,NA,NA,NA,NA,NA,NA
767,NA,NA,165.6,"2026-05-30_DMFOC",NA,NA,NA,NA,NA,NA,NA,NA,NA,NA,NA,NA,NA,NA,NA,NA,NA,NA,NA,NA,NA,NA,NA
768,NA,NA,165.65,"2026-05-30_DMFOC",NA,NA,NA,NA,NA,NA,NA,NA,NA,NA,NA,NA,NA,NA,NA,NA,NA,NA,NA,NA,NA,NA,NA
769,NA,NA,165.7,"2026-05-30_DMFOC",NA,NA,NA,NA,NA,NA,NA,NA,NA,NA,NA,NA,NA,NA,NA,NA,NA,NA,NA,NA,NA,NA,NA
770,NA,NA,165.75,"2026-05-30_DMFOC",NA,NA,NA,NA,NA,NA,NA,NA,NA,NA,NA,NA,NA,NA,NA,NA,NA,NA,NA,NA,NA,NA,NA
771,NA,NA,165.8,"2026-05-30_DMFOC",NA,NA,NA,NA,NA,NA,NA,NA,NA,NA,NA,NA,NA,NA,NA,NA,NA,NA,NA,NA,NA,NA,NA
772,NA,NA,165.85,"2026-05-30_DMFOC",NA,NA,NA,NA,NA,NA,NA,NA,NA,NA,NA,NA,NA,NA,NA,NA,NA,NA,NA,NA,NA,NA,NA
773,NA,NA,165.9,"2026-05-30_DMFOC",NA,NA,NA,NA,NA,NA,NA,NA,NA,NA,NA,NA,NA,NA,NA,NA,NA,NA,NA,NA,NA,NA,NA
774,NA,NA,165.95,"2026-05-30_DMFOC",NA,NA,NA,NA,NA,NA,NA,NA,NA,NA,NA,NA,NA,NA,NA,NA,NA,NA,NA,NA,NA,NA,NA
775,NA,NA,166,"2026-05-30_DMFOC",NA,NA,NA,NA,NA,NA,NA,NA,NA,NA,NA,NA,NA,NA,NA,NA,NA,NA,NA,NA,NA,NA,NA
776,NA,NA,166.167,"2026-05-30_DMFOC",NA,NA,NA,NA,NA,NA,NA,NA,NA,NA,NA,NA,NA,NA,NA,NA,NA,NA,NA,NA,NA,NA,NA
777,NA,NA,166.333,"2026-05-30_DMFOC",NA,NA,NA,NA,NA,NA,NA,NA,NA,NA,NA,NA,NA,NA,NA,NA,NA,NA,NA,NA,NA,NA,NA
778,NA,NA,166.5,"2026-05-30_DMFOC",NA,NA,NA,NA,NA,NA,NA,NA,NA,NA,NA,NA,NA,NA,NA,NA,NA,NA,NA,NA,NA,NA,NA
779,NA,NA,166.667,"2026-05-30_DMFOC",NA,NA,NA,NA,NA,NA,NA,NA,NA,NA,NA,NA,NA,NA,NA,NA,NA,NA,NA,NA,NA,NA,NA
780,NA,NA,166.833,"2026-05-30_DMFOC",NA,NA,NA,NA,NA,NA,NA,NA,NA,NA,NA,NA,NA,NA,NA,NA,NA,NA,NA,NA,NA,NA,NA
781,NA,NA,167,"2026-05-30_DMFOC",NA,NA,NA,NA,NA,NA,NA,NA,NA,NA,NA,NA,NA,NA,NA,NA,NA,NA,NA,NA,NA,NA,NA
782,NA,NA,166.75,"2026-05-30_DMFOC",NA,NA,NA,NA,NA,NA,NA,NA,NA,NA,NA,NA,NA,NA,NA,NA,NA,NA,NA,NA,NA,NA,NA
783,NA,NA,166.5,"2026-05-30_DMFOC",NA,NA,NA,NA,NA,NA,NA,NA,NA,NA,NA,NA,NA,NA,NA,NA,NA,NA,NA,NA,NA,NA,NA
784,NA,NA,166.25,"2026-05-30_DMFOC",NA,NA,NA,NA,NA,NA,NA,NA,NA,NA,NA,NA,NA,NA,NA,NA,NA,NA,NA,NA,NA,NA,NA
785,NA,NA,166,"2026-05-30_DMFOC",NA,NA,NA,NA,NA,NA,NA,NA,NA,NA,NA,NA,NA,NA,NA,NA,NA,NA,NA,NA,NA,NA,NA
786,NA,NA,167,"2026-05-30_DMFOC",NA,NA,NA,NA,NA,NA,NA,NA,NA,NA,NA,NA,NA,NA,NA,NA,NA,NA,NA,NA,NA,NA,NA
787,NA,NA,166.5,"2026-05-30_DMFOC",NA,NA,NA,NA,NA,NA,NA,NA,NA,NA,NA,NA,NA,NA,NA,NA,NA,NA,NA,NA,NA,NA,NA
788,NA,NA,166,"2026-05-30_DMFOC",NA,NA,NA,NA,NA,NA,NA,NA,NA,NA,NA,NA,NA,NA,NA,NA,NA,NA,NA,NA,NA,NA,NA
789,NA,NA,167,"2026-05-30_DMFOC",NA,NA,NA,NA,NA,NA,NA,NA,NA,NA,NA,NA,NA,NA,NA,NA,NA,NA,NA,NA,NA,NA,NA
790,NA,NA,166.5,"2026-05-30_DMFOC",NA,NA,NA,NA,NA,NA,NA,NA,NA,NA,NA,NA,NA,NA,NA,NA,NA,NA,NA,NA,NA,NA,NA
791,NA,NA,166,"2026-05-30_DMFOC",NA,NA,NA,NA,NA,NA,NA,NA,NA,NA,NA,NA,NA,NA,NA,NA,NA,NA,NA,NA,NA,NA,NA
792,NA,NA,165.909,"2026-05-30_DMFOC",NA,NA,NA,NA,NA,NA,NA,NA,NA,NA,NA,NA,NA,NA,NA,NA,NA,NA,NA,NA,NA,NA,NA
793,NA,NA,165.818,"2026-05-30_DMFOC",NA,NA,NA,NA,NA,NA,NA,NA,NA,NA,NA,NA,NA,NA,NA,NA,NA,NA,NA,NA,NA,NA,NA
794,NA,NA,165.727,"2026-05-30_DMFOC",NA,NA,NA,NA,NA,NA,NA,NA,NA,NA,NA,NA,NA,NA,NA,NA,NA,NA,NA,NA,NA,NA,NA
795,NA,NA,165.636,"2026-05-30_DMFOC",NA,NA,NA,NA,NA,NA,NA,NA,NA,NA,NA,NA,NA,NA,NA,NA,NA,NA,NA,NA,NA,NA,NA
796,NA,NA,165.545,"2026-05-30_DMFOC",NA,NA,NA,NA,NA,NA,NA,NA,NA,NA,NA,NA,NA,NA,NA,NA,NA,NA,NA,NA,NA,NA,NA
797,NA,NA,165.455,"2026-05-30_DMFOC",NA,NA,NA,NA,NA,NA,NA,NA,NA,NA,NA,NA,NA,NA,NA,NA,NA,NA,NA,NA,NA,NA,NA
798,NA,NA,165.364,"2026-05-30_DMFOC",NA,NA,NA,NA,NA,NA,NA,NA,NA,NA,NA,NA,NA,NA,NA,NA,NA,NA,NA,NA,NA,NA,NA
799,NA,NA,165.273,"2026-05-30_DMFOC",NA,NA,NA,NA,NA,NA,NA,NA,NA,NA,NA,NA,NA,NA,NA,NA,NA,NA,NA,NA,NA,NA,NA
800,NA,NA,165.182,"2026-05-30_DMFOC",NA,NA,NA,NA,NA,NA,NA,NA,NA,NA,NA,NA,NA,NA,NA,NA,NA,NA,NA,NA,NA,NA,NA
801,NA,NA,165.091,"2026-05-30_DMFOC",NA,NA,NA,NA,NA,NA,NA,NA,NA,NA,NA,NA,NA,NA,NA,NA,NA,NA,NA,NA,NA,NA,NA
802,NA,NA,165,"2026-05-30_DMFOC",NA,NA,NA,NA,NA,NA,NA,NA,NA,NA,NA,NA,NA,NA,NA,NA,NA,NA,NA,NA,NA,NA,NA
803,NA,NA,166,"2026-05-30_DMFOC",NA,NA,NA,NA,NA,NA,NA,NA,NA,NA,NA,NA,NA,NA,NA,NA,NA,NA,NA,NA,NA,NA,NA
804,NA,NA,166.333,"2026-05-30_DMFOC",NA,NA,NA,NA,NA,NA,NA,NA,NA,NA,NA,NA,NA,NA,NA,NA,NA,NA,NA,NA,NA,NA,NA
805,NA,NA,166.667,"2026-05-30_DMFOC",NA,NA,NA,NA,NA,NA,NA,NA,NA,NA,NA,NA,NA,NA,NA,NA,NA,NA,NA,NA,NA,NA,NA
806,NA,NA,167,"2026-05-30_DMFOC",NA,NA,NA,NA,NA,NA,NA,NA,NA,NA,NA,NA,NA,NA,NA,NA,NA,NA,NA,NA,NA,NA,NA
807,NA,NA,166.75,"2026-05-30_DMFOC",NA,NA,NA,NA,NA,NA,NA,NA,NA,NA,NA,NA,NA,NA,NA,NA,NA,NA,NA,NA,NA,NA,NA
808,NA,NA,166.5,"2026-05-30_DMFOC",NA,NA,NA,NA,NA,NA,NA,NA,NA,NA,NA,NA,NA,NA,NA,NA,NA,NA,NA,NA,NA,NA,NA
809,NA,NA,166.25,"2026-05-30_DMFOC",NA,NA,NA,NA,NA,NA,NA,NA,NA,NA,NA,NA,NA,NA,NA,NA,NA,NA,NA,NA,NA,NA,NA
810,NA,NA,166,"2026-05-30_DMFOC",NA,NA,NA,NA,NA,NA,NA,NA,NA,NA,NA,NA,NA,NA,NA,NA,NA,NA,NA,NA,NA,NA,NA
811,NA,NA,167,"2026-05-30_DMFOC",NA,NA,NA,NA,NA,NA,NA,NA,NA,NA,NA,NA,NA,NA,NA,NA,NA,NA,NA,NA,NA,NA,NA
812,NA,NA,167.25,"2026-05-30_DMFOC",NA,NA,NA,NA,NA,NA,NA,NA,NA,NA,NA,NA,NA,NA,NA,NA,NA,NA,NA,NA,NA,NA,NA
813,NA,NA,167.5,"2026-05-30_DMFOC",NA,NA,NA,NA,NA,NA,NA,NA,NA,NA,NA,NA,NA,NA,NA,NA,NA,NA,NA,NA,NA,NA,NA
814,NA,NA,167.75,"2026-05-30_DMFOC",NA,NA,NA,NA,NA,NA,NA,NA,NA,NA,NA,NA,NA,NA,NA,NA,NA,NA,NA,NA,NA,NA,NA
815,NA,NA,168,"2026-05-30_DMFOC",NA,NA,NA,NA,NA,NA,NA,NA,NA,NA,NA,NA,NA,NA,NA,NA,NA,NA,NA,NA,NA,NA,NA
816,NA,NA,167.667,"2026-05-30_DMFOC",NA,NA,NA,NA,NA,NA,NA,NA,NA,NA,NA,NA,NA,NA,NA,NA,NA,NA,NA,NA,NA,NA,NA
817,NA,NA,167.333,"2026-05-30_DMFOC",NA,NA,NA,NA,NA,NA,NA,NA,NA,NA,NA,NA,NA,NA,NA,NA,NA,NA,NA,NA,NA,NA,NA
818,NA,NA,167,"2026-05-30_DMFOC",NA,NA,NA,NA,NA,NA,NA,NA,NA,NA,NA,NA,NA,NA,NA,NA,NA,NA,NA,NA,NA,NA,NA
819,NA,NA,168,"2026-05-30_DMFOC",NA,NA,NA,NA,NA,NA,NA,NA,NA,NA,NA,NA,NA,NA,NA,NA,NA,NA,NA,NA,NA,NA,NA
820,NA,NA,167.8,"2026-05-30_DMFOC",NA,NA,NA,NA,NA,NA,NA,NA,NA,NA,NA,NA,NA,NA,NA,NA,NA,NA,NA,NA,NA,NA,NA
821,NA,NA,167.6,"2026-05-30_DMFOC",NA,NA,NA,NA,NA,NA,NA,NA,NA,NA,NA,NA,NA,NA,NA,NA,NA,NA,NA,NA,NA,NA,NA
822,NA,NA,167.4,"2026-05-30_DMFOC",NA,NA,NA,NA,NA,NA,NA,NA,NA,NA,NA,NA,NA,NA,NA,NA,NA,NA,NA,NA,NA,NA,NA
823,NA,NA,167.2,"2026-05-30_DMFOC",NA,NA,NA,NA,NA,NA,NA,NA,NA,NA,NA,NA,NA,NA,NA,NA,NA,NA,NA,NA,NA,NA,NA
824,NA,NA,167,"2026-05-30_DMFOC",NA,NA,NA,NA,NA,NA,NA,NA,NA,NA,NA,NA,NA,NA,NA,NA,NA,NA,NA,NA,NA,NA,NA
825,NA,NA,166.8,"2026-05-30_DMFOC",NA,NA,NA,NA,NA,NA,NA,NA,NA,NA,NA,NA,NA,NA,NA,NA,NA,NA,NA,NA,NA,NA,NA
826,NA,NA,166.6,"2026-05-30_DMFOC",NA,NA,NA,NA,NA,NA,NA,NA,NA,NA,NA,NA,NA,NA,NA,NA,NA,NA,NA,NA,NA,NA,NA
827,NA,NA,166.4,"2026-05-30_DMFOC",NA,NA,NA,NA,NA,NA,NA,NA,NA,NA,NA,NA,NA,NA,NA,NA,NA,NA,NA,NA,NA,NA,NA
828,NA,NA,166.2,"2026-05-30_DMFOC",NA,NA,NA,NA,NA,NA,NA,NA,NA,NA,NA,NA,NA,NA,NA,NA,NA,NA,NA,NA,NA,NA,NA
829,NA,NA,166,"2026-05-30_DMFOC",NA,NA,NA,NA,NA,NA,NA,NA,NA,NA,NA,NA,NA,NA,NA,NA,NA,NA,NA,NA,NA,NA,NA
830,NA,NA,167,"2026-05-30_DMFOC",NA,NA,NA,NA,NA,NA,NA,NA,NA,NA,NA,NA,NA,NA,NA,NA,NA,NA,NA,NA,NA,NA,NA
831,NA,NA,166.5,"2026-05-30_DMFOC",NA,NA,NA,NA,NA,NA,NA,NA,NA,NA,NA,NA,NA,NA,NA,NA,NA,NA,NA,NA,NA,NA,NA
832,NA,NA,166,"2026-05-30_DMFOC",NA,NA,NA,NA,NA,NA,NA,NA,NA,NA,NA,NA,NA,NA,NA,NA,NA,NA,NA,NA,NA,NA,NA
833,NA,NA,167,"2026-05-30_DMFOC",NA,NA,NA,NA,NA,NA,NA,NA,NA,NA,NA,NA,NA,NA,NA,NA,NA,NA,NA,NA,NA,NA,NA
834,NA,NA,166.5,"2026-05-30_DMFOC",NA,NA,NA,NA,NA,NA,NA,NA,NA,NA,NA,NA,NA,NA,NA,NA,NA,NA,NA,NA,NA,NA,NA
835,NA,NA,166,"2026-05-30_DMFOC",NA,NA,NA,NA,NA,NA,NA,NA,NA,NA,NA,NA,NA,NA,NA,NA,NA,NA,NA,NA,NA,NA,NA
836,NA,NA,167,"2026-05-30_DMFOC",NA,NA,NA,NA,NA,NA,NA,NA,NA,NA,NA,NA,NA,NA,NA,NA,NA,NA,NA,NA,NA,NA,NA
837,NA,NA,166.5,"2026-05-30_DMFOC",NA,NA,NA,NA,NA,NA,NA,NA,NA,NA,NA,NA,NA,NA,NA,NA,NA,NA,NA,NA,NA,NA,NA
838,NA,NA,166,"2026-05-30_DMFOC",NA,NA,NA,NA,NA,NA,NA,NA,NA,NA,NA,NA,NA,NA,NA,NA,NA,NA,NA,NA,NA,NA,NA
839,NA,NA,167,"2026-05-30_DMFOC",NA,NA,NA,NA,NA,NA,NA,NA,NA,NA,NA,NA,NA,NA,NA,NA,NA,NA,NA,NA,NA,NA,NA
840,NA,NA,166.5,"2026-05-30_DMFOC",NA,NA,NA,NA,NA,NA,NA,NA,NA,NA,NA,NA,NA,NA,NA,NA,NA,NA,NA,NA,NA,NA,NA
841,NA,NA,166,"2026-05-30_DMFOC",NA,NA,NA,NA,NA,NA,NA,NA,NA,NA,NA,NA,NA,NA,NA,NA,NA,NA,NA,NA,NA,NA,NA
842,NA,NA,167,"2026-05-30_DMFOC",NA,NA,NA,NA,NA,NA,NA,NA,NA,NA,NA,NA,NA,NA,NA,NA,NA,NA,NA,NA,NA,NA,NA
843,NA,NA,166,"2026-05-30_DMFOC",NA,NA,NA,NA,NA,NA,NA,NA,NA,NA,NA,NA,NA,NA,NA,NA,NA,NA,NA,NA,NA,NA,NA
844,NA,NA,166.333,"2026-05-30_DMFOC",NA,NA,NA,NA,NA,NA,NA,NA,NA,NA,NA,NA,NA,NA,NA,NA,NA,NA,NA,NA,NA,NA,NA
845,NA,NA,166.667,"2026-05-30_DMFOC",NA,NA,NA,NA,NA,NA,NA,NA,NA,NA,NA,NA,NA,NA,NA,NA,NA,NA,NA,NA,NA,NA,NA
846,NA,NA,167,"2026-05-30_DMFOC",NA,NA,NA,NA,NA,NA,NA,NA,NA,NA,NA,NA,NA,NA,NA,NA,NA,NA,NA,NA,NA,NA,NA
847,NA,NA,166.75,"2026-05-30_DMFOC",NA,NA,NA,NA,NA,NA,NA,NA,NA,NA,NA,NA,NA,NA,NA,NA,NA,NA,NA,NA,NA,NA,NA
848,NA,NA,166.5,"2026-05-30_DMFOC",NA,NA,NA,NA,NA,NA,NA,NA,NA,NA,NA,NA,NA,NA,NA,NA,NA,NA,NA,NA,NA,NA,NA
849,NA,NA,166.25,"2026-05-30_DMFOC",NA,NA,NA,NA,NA,NA,NA,NA,NA,NA,NA,NA,NA,NA,NA,NA,NA,NA,NA,NA,NA,NA,NA
850,NA,NA,166,"2026-05-30_DMFOC",NA,NA,NA,NA,NA,NA,NA,NA,NA,NA,NA,NA,NA,NA,NA,NA,NA,NA,NA,NA,NA,NA,NA
851,NA,NA,167,"2026-05-30_DMFOC",NA,NA,NA,NA,NA,NA,NA,NA,NA,NA,NA,NA,NA,NA,NA,NA,NA,NA,NA,NA,NA,NA,NA
852,NA,NA,166.5,"2026-05-30_DMFOC",NA,NA,NA,NA,NA,NA,NA,NA,NA,NA,NA,NA,NA,NA,NA,NA,NA,NA,NA,NA,NA,NA,NA
853,NA,NA,166,"2026-05-30_DMFOC",NA,NA,NA,NA,NA,NA,NA,NA,NA,NA,NA,NA,NA,NA,NA,NA,NA,NA,NA,NA,NA,NA,NA
854,NA,NA,167,"2026-05-30_DMFOC",NA,NA,NA,NA,NA,NA,NA,NA,NA,NA,NA,NA,NA,NA,NA,NA,NA,NA,NA,NA,NA,NA,NA
855,NA,NA,166.5,"2026-05-30_DMFOC",NA,NA,NA,NA,NA,NA,NA,NA,NA,NA,NA,NA,NA,NA,NA,NA,NA,NA,NA,NA,NA,NA,NA
856,NA,NA,166,"2026-05-30_DMFOC",NA,NA,NA,NA,NA,NA,NA,NA,NA,NA,NA,NA,NA,NA,NA,NA,NA,NA,NA,NA,NA,NA,NA
857,NA,NA,167,"2026-05-30_DMFOC",NA,NA,NA,NA,NA,NA,NA,NA,NA,NA,NA,NA,NA,NA,NA,NA,NA,NA,NA,NA,NA,NA,NA
858,NA,NA,166.667,"2026-05-30_DMFOC",NA,NA,NA,NA,NA,NA,NA,NA,NA,NA,NA,NA,NA,NA,NA,NA,NA,NA,NA,NA,NA,NA,NA
859,NA,NA,166.333,"2026-05-30_DMFOC",NA,NA,NA,NA,NA,NA,NA,NA,NA,NA,NA,NA,NA,NA,NA,NA,NA,NA,NA,NA,NA,NA,NA
860,NA,NA,166,"2026-05-30_DMFOC",NA,NA,NA,NA,NA,NA,NA,NA,NA,NA,NA,NA,NA,NA,NA,NA,NA,NA,NA,NA,NA,NA,NA
861,NA,NA,167,"2026-05-30_DMFOC",NA,NA,NA,NA,NA,NA,NA,NA,NA,NA,NA,NA,NA,NA,NA,NA,NA,NA,NA,NA,NA,NA,NA
862,NA,NA,167.5,"2026-05-30_DMFOC",NA,NA,NA,NA,NA,NA,NA,NA,NA,NA,NA,NA,NA,NA,NA,NA,NA,NA,NA,NA,NA,NA,NA
863,NA,NA,168,"2026-05-30_DMFOC",NA,NA,NA,NA,NA,NA,NA,NA,NA,NA,NA,NA,NA,NA,NA,NA,NA,NA,NA,NA,NA,NA,NA
864,NA,NA,167.9,"2026-05-30_DMFOC",NA,NA,NA,NA,NA,NA,NA,NA,NA,NA,NA,NA,NA,NA,NA,NA,NA,NA,NA,NA,NA,NA,NA
865,NA,NA,167.8,"2026-05-30_DMFOC",NA,NA,NA,NA,NA,NA,NA,NA,NA,NA,NA,NA,NA,NA,NA,NA,NA,NA,NA,NA,NA,NA,NA
866,NA,NA,167.7,"2026-05-30_DMFOC",NA,NA,NA,NA,NA,NA,NA,NA,NA,NA,NA,NA,NA,NA,NA,NA,NA,NA,NA,NA,NA,NA,NA
867,NA,NA,167.6,"2026-05-30_DMFOC",NA,NA,NA,NA,NA,NA,NA,NA,NA,NA,NA,NA,NA,NA,NA,NA,NA,NA,NA,NA,NA,NA,NA
868,NA,NA,167.5,"2026-05-30_DMFOC",NA,NA,NA,NA,NA,NA,NA,NA,NA,NA,NA,NA,NA,NA,NA,NA,NA,NA,NA,NA,NA,NA,NA
869,NA,NA,167.4,"2026-05-30_DMFOC",NA,NA,NA,NA,NA,NA,NA,NA,NA,NA,NA,NA,NA,NA,NA,NA,NA,NA,NA,NA,NA,NA,NA
870,NA,NA,167.3,"2026-05-30_DMFOC",NA,NA,NA,NA,NA,NA,NA,NA,NA,NA,NA,NA,NA,NA,NA,NA,NA,NA,NA,NA,NA,NA,NA
871,NA,NA,167.2,"2026-05-30_DMFOC",NA,NA,NA,NA,NA,NA,NA,NA,NA,NA,NA,NA,NA,NA,NA,NA,NA,NA,NA,NA,NA,NA,NA
872,NA,NA,167.1,"2026-05-30_DMFOC",NA,NA,NA,NA,NA,NA,NA,NA,NA,NA,NA,NA,NA,NA,NA,NA,NA,NA,NA,NA,NA,NA,NA
873,NA,NA,167,"2026-05-30_DMFOC",NA,NA,NA,NA,NA,NA,NA,NA,NA,NA,NA,NA,NA,NA,NA,NA,NA,NA,NA,NA,NA,NA,NA
874,NA,NA,166.833,"2026-05-30_DMFOC",NA,NA,NA,NA,NA,NA,NA,NA,NA,NA,NA,NA,NA,NA,NA,NA,NA,NA,NA,NA,NA,NA,NA
875,NA,NA,166.667,"2026-05-30_DMFOC",NA,NA,NA,NA,NA,NA,NA,NA,NA,NA,NA,NA,NA,NA,NA,NA,NA,NA,NA,NA,NA,NA,NA
876,NA,NA,166.5,"2026-05-30_DMFOC",NA,NA,NA,NA,NA,NA,NA,NA,NA,NA,NA,NA,NA,NA,NA,NA,NA,NA,NA,NA,NA,NA,NA
877,NA,NA,166.333,"2026-05-30_DMFOC",NA,NA,NA,NA,NA,NA,NA,NA,NA,NA,NA,NA,NA,NA,NA,NA,NA,NA,NA,NA,NA,NA,NA
878,NA,NA,166.167,"2026-05-30_DMFOC",NA,NA,NA,NA,NA,NA,NA,NA,NA,NA,NA,NA,NA,NA,NA,NA,NA,NA,NA,NA,NA,NA,NA
879,NA,NA,166,"2026-05-30_DMFOC",NA,NA,NA,NA,NA,NA,NA,NA,NA,NA,NA,NA,NA,NA,NA,NA,NA,NA,NA,NA,NA,NA,NA
880,NA,NA,166,"2026-05-30_DMFOC",NA,NA,NA,NA,NA,NA,NA,NA,NA,NA,NA,NA,NA,NA,NA,NA,NA,NA,NA,NA,NA,NA,NA
881,NA,NA,166,"2026-05-30_DMFOC",NA,NA,NA,NA,NA,NA,NA,NA,NA,NA,NA,NA,NA,NA,NA,NA,NA,NA,NA,NA,NA,NA,NA
882,NA,NA,166,"2026-05-30_DMFOC",NA,NA,NA,NA,NA,NA,NA,NA,NA,NA,NA,NA,NA,NA,NA,NA,NA,NA,NA,NA,NA,NA,NA
883,NA,NA,166,"2026-05-30_DMFOC",NA,NA,NA,NA,NA,NA,NA,NA,NA,NA,NA,NA,NA,NA,NA,NA,NA,NA,NA,NA,NA,NA,NA
884,NA,NA,166,"2026-05-30_DMFOC",NA,NA,NA,NA,NA,NA,NA,NA,NA,NA,NA,NA,NA,NA,NA,NA,NA,NA,NA,NA,NA,NA,NA
885,NA,NA,166,"2026-05-30_DMFOC",NA,NA,NA,NA,NA,NA,NA,NA,NA,NA,NA,NA,NA,NA,NA,NA,NA,NA,NA,NA,NA,NA,NA
0,0,107,103,"2026-05-30_PSIMI",NA,NA,NA,NA,NA,NA,NA,NA,NA,NA,NA,NA,NA,NA,NA,NA,NA,NA,NA,0,0,NA,0
1,0,81,103,"2026-05-30_PSIMI",NA,NA,NA,NA,NA,NA,NA,NA,NA,NA,NA,NA,NA,NA,NA,NA,NA,NA,NA,0,0,NA,0
2,0,81,103,"2026-05-30_PSIMI",NA,NA,NA,NA,NA,NA,NA,NA,NA,NA,NA,NA,NA,NA,NA,NA,NA,NA,NA,0,0,NA,0
3,0,85.5,103,"2026-05-30_PSIMI",NA,NA,NA,NA,NA,NA,NA,NA,NA,NA,NA,NA,NA,NA,NA,NA,NA,NA,NA,0,0,NA,0
4,0,85.5,102,"2026-05-30_PSIMI",NA,NA,NA,NA,NA,NA,NA,NA,NA,NA,NA,NA,NA,NA,NA,NA,NA,NA,NA,0,0,NA,0
5,0,85.5,103,"2026-05-30_PSIMI",NA,NA,NA,NA,NA,NA,NA,NA,NA,NA,NA,NA,NA,NA,NA,NA,NA,NA,NA,0,0,NA,0
6,0,91.5,102,"2026-05-30_PSIMI",NA,NA,NA,NA,NA,NA,NA,NA,NA,NA,NA,NA,NA,NA,NA,NA,NA,NA,NA,0,0,NA,0
7,0.00455,92.5,102,"2026-05-30_PSIMI",3.66059008712204,NA,NA,NA,NA,NA,NA,NA,NA,NA,NA,NA,NA,NA,NA,NA,NA,NA,NA,9.2,210,NA,16.3908
8,0.00934,92.5,103,"2026-05-30_PSIMI",3.48894006000977,NA,NA,NA,NA,NA,NA,NA,NA,NA,NA,NA,NA,NA,NA,NA,NA,NA,NA,9.38,204,NA,17.1972
9,0.01384,94,104,"2026-05-30_PSIMI",3.69795133496043,NA,NA,NA,NA,NA,NA,NA,NA,NA,NA,NA,NA,NA,NA,NA,NA,NA,NA,8.81,208,NA,16.2252
10,0.01784,93.5,105,"2026-05-30_PSIMI",4.16354400866017,NA,NA,NA,NA,NA,NA,NA,NA,NA,NA,NA,NA,NA,NA,NA,NA,NA,NA,8.4,221,NA,14.4108
11,0.02182,91.5,106,"2026-05-30_PSIMI",4.19287211740042,NA,NA,NA,NA,NA,NA,NA,NA,NA,NA,NA,NA,NA,NA,NA,NA,NA,NA,8.36,222,NA,14.31
12,0.02586,91.5,107,"2026-05-30_PSIMI",4.12541254125412,NA,NA,NA,NA,NA,NA,NA,NA,NA,NA,NA,NA,NA,NA,NA,NA,NA,NA,8.75,224,NA,14.544
13,0.03007,92.5,107,"2026-05-30_PSIMI",3.95225673859774,NA,NA,NA,NA,NA,NA,NA,NA,NA,NA,NA,NA,NA,NA,NA,NA,NA,NA,8.92,219,NA,15.1812
14,0.0343,93,107,"2026-05-30_PSIMI",3.94290671082722,NA,NA,NA,NA,NA,NA,NA,NA,NA,NA,NA,NA,NA,NA,NA,NA,NA,NA,8.75,217,NA,15.2172
15,0.03853,93.5,108,"2026-05-30_PSIMI",3.94290671082722,NA,NA,NA,NA,NA,NA,NA,NA,NA,NA,NA,NA,NA,NA,NA,NA,NA,NA,8.75,217,NA,15.2172
16,0.04267,94,109,"2026-05-30_PSIMI",4.02284978678896,NA,NA,NA,NA,NA,NA,NA,NA,NA,NA,NA,NA,NA,NA,NA,NA,NA,NA,8.5,218,NA,14.9148
17,0.04681,94,109,"2026-05-30_PSIMI",4.02284978678896,NA,NA,NA,NA,NA,NA,NA,NA,NA,NA,NA,NA,NA,NA,NA,NA,NA,NA,8.5,218,NA,14.9148
18,0.05093,92.5,110,"2026-05-30_PSIMI",4.05022276225192,NA,NA,NA,NA,NA,NA,NA,NA,NA,NA,NA,NA,NA,NA,NA,NA,NA,NA,8.5,218,NA,14.814
19,0.05505,91.5,111,"2026-05-30_PSIMI",4.04138376980278,NA,NA,NA,NA,NA,NA,NA,NA,NA,NA,NA,NA,NA,NA,NA,NA,NA,NA,8.65,220,NA,14.8464
20,0.05918,91.5,111,"2026-05-30_PSIMI",4.04138376980278,NA,NA,NA,NA,NA,NA,NA,NA,NA,NA,NA,NA,NA,NA,NA,NA,NA,NA,8.82,222,NA,14.8464
21,0.06331,91.5,112,"2026-05-30_PSIMI",4.03258327284458,NA,NA,NA,NA,NA,NA,NA,NA,NA,NA,NA,NA,NA,NA,NA,NA,NA,NA,8.82,222,NA,14.8788
22,0.06744,91,112,"2026-05-30_PSIMI",4.03258327284458,NA,NA,NA,NA,NA,NA,NA,NA,NA,NA,NA,NA,NA,NA,NA,NA,NA,NA,8.82,222,NA,14.8788
23,0.07158,89.5,114,"2026-05-30_PSIMI",4.03258327284458,NA,NA,NA,NA,NA,NA,NA,NA,NA,NA,NA,NA,NA,NA,NA,NA,NA,NA,9.02,223,NA,14.8788
24,0.07571,89.5,115,"2026-05-30_PSIMI",4.03258327284458,NA,NA,NA,NA,NA,NA,NA,NA,NA,NA,NA,NA,NA,NA,NA,NA,NA,NA,9.19,225,NA,14.8788
25,0.07984,89.5,115,"2026-05-30_PSIMI",4.03258327284458,NA,NA,NA,NA,NA,NA,NA,NA,NA,NA,NA,NA,NA,NA,NA,NA,NA,NA,9.19,225,NA,14.8788
26,0.08406,92,116,"2026-05-30_PSIMI",3.95225673859774,NA,NA,NA,NA,NA,NA,NA,NA,NA,NA,NA,NA,NA,NA,NA,NA,NA,NA,9.27,223,NA,15.1812
27,0.08837,93.5,118,"2026-05-30_PSIMI",3.86607902265522,NA,NA,NA,NA,NA,NA,NA,NA,NA,NA,NA,NA,NA,NA,NA,NA,NA,NA,8.98,217,NA,15.5196
28,0.09272,93.5,119,"2026-05-30_PSIMI",3.83318000613309,NA,NA,NA,NA,NA,NA,NA,NA,NA,NA,NA,NA,NA,NA,NA,NA,NA,NA,8.69,212,NA,15.6528
29,0.09726,93,121,"2026-05-30_PSIMI",3.66784037558685,NA,NA,NA,NA,NA,NA,NA,NA,NA,NA,NA,NA,NA,NA,NA,NA,NA,NA,8.84,207,NA,16.3584
30,0.10189,93,122,"2026-05-30_PSIMI",3.60126764621147,NA,NA,NA,NA,NA,NA,NA,NA,NA,NA,NA,NA,NA,NA,NA,NA,NA,NA,9.09,206,NA,16.6608
31,0.10637,92,124,"2026-05-30_PSIMI",3.72106869092803,NA,NA,NA,NA,NA,NA,NA,NA,NA,NA,NA,NA,NA,NA,NA,NA,NA,NA,9.14,212,NA,16.1244
32,0.11064,91.5,125,"2026-05-30_PSIMI",3.90046025431001,NA,NA,NA,NA,NA,NA,NA,NA,NA,NA,NA,NA,NA,NA,NA,NA,NA,NA,8.95,218,NA,15.3828
33,0.11484,92,127,"2026-05-30_PSIMI",3.96919901563864,NA,NA,NA,NA,NA,NA,NA,NA,NA,NA,NA,NA,NA,NA,NA,NA,NA,NA,8.88,220,NA,15.1164
34,0.11901,92,130,"2026-05-30_PSIMI",3.99584432190522,NA,NA,NA,NA,NA,NA,NA,NA,NA,NA,NA,NA,NA,NA,NA,NA,NA,NA,8.85,221,NA,15.0156
35,0.12327,90.5,135,"2026-05-30_PSIMI",3.91696043869957,NA,NA,NA,NA,NA,NA,NA,NA,NA,NA,NA,NA,NA,NA,NA,NA,NA,NA,9.12,220,NA,15.318
36,0.1276,89.5,143,"2026-05-30_PSIMI",3.85000385000385,NA,NA,NA,NA,NA,NA,NA,NA,NA,NA,NA,NA,NA,NA,NA,NA,NA,NA,9.37,220,NA,15.5844
37,0.13196,89.5,146,"2026-05-30_PSIMI",3.81650255705671,NA,NA,NA,NA,NA,NA,NA,NA,NA,NA,NA,NA,NA,NA,NA,NA,NA,NA,9.4,219,NA,15.7212
38,0.13633,89.5,148,"2026-05-30_PSIMI",3.81650255705671,NA,NA,NA,NA,NA,NA,NA,NA,NA,NA,NA,NA,NA,NA,NA,NA,NA,NA,9.4,219,NA,15.7212
39,0.14043,91.5,149,"2026-05-30_PSIMI",4.06901041666667,NA,NA,NA,NA,NA,NA,NA,NA,NA,NA,NA,NA,NA,NA,NA,NA,NA,NA,9.16,226,NA,14.7456
40,0.1446,92,150,"2026-05-30_PSIMI",3.99584432190522,NA,NA,NA,NA,NA,NA,NA,NA,NA,NA,NA,NA,NA,NA,NA,NA,NA,NA,8.85,221,NA,15.0156
41,0.14882,91.5,150,"2026-05-30_PSIMI",3.95225673859774,NA,NA,NA,NA,NA,NA,NA,NA,NA,NA,NA,NA,NA,NA,NA,NA,NA,NA,8.92,219,NA,15.1812
42,0.15304,91.5,150,"2026-05-30_PSIMI",3.94290671082722,NA,NA,NA,NA,NA,NA,NA,NA,NA,NA,NA,NA,NA,NA,NA,NA,NA,NA,8.92,219,NA,15.2172
43,0.15725,90.5,150,"2026-05-30_PSIMI",3.96070975918885,NA,NA,NA,NA,NA,NA,NA,NA,NA,NA,NA,NA,NA,NA,NA,NA,NA,NA,9.09,221,NA,15.1488
44,0.16145,90.5,151,"2026-05-30_PSIMI",3.96919901563864,NA,NA,NA,NA,NA,NA,NA,NA,NA,NA,NA,NA,NA,NA,NA,NA,NA,NA,9.05,222,NA,15.1164
45,0.16564,89,151,"2026-05-30_PSIMI",3.97867430572133,NA,NA,NA,NA,NA,NA,NA,NA,NA,NA,NA,NA,NA,NA,NA,NA,NA,NA,9.41,226,NA,15.0804
46,0.16983,88.5,151,"2026-05-30_PSIMI",3.97867430572133,NA,NA,NA,NA,NA,NA,NA,NA,NA,NA,NA,NA,NA,NA,NA,NA,NA,NA,9.41,226,NA,15.0804
47,0.17402,88.5,152,"2026-05-30_PSIMI",3.97867430572133,NA,NA,NA,NA,NA,NA,NA,NA,NA,NA,NA,NA,NA,NA,NA,NA,NA,NA,9.41,226,NA,15.0804
48,0.17814,88,154,"2026-05-30_PSIMI",4.04138376980278,NA,NA,NA,NA,NA,NA,NA,NA,NA,NA,NA,NA,NA,NA,NA,NA,NA,NA,9.53,230,NA,14.8464
49,0.18221,89.5,155,"2026-05-30_PSIMI",4.09701737135365,NA,NA,NA,NA,NA,NA,NA,NA,NA,NA,NA,NA,NA,NA,NA,NA,NA,NA,9.49,231,NA,14.6448
50,0.18628,89.5,155,"2026-05-30_PSIMI",4.09701737135365,NA,NA,NA,NA,NA,NA,NA,NA,NA,NA,NA,NA,NA,NA,NA,NA,NA,NA,9.12,227,NA,14.6448
51,0.19026,89.5,155,"2026-05-30_PSIMI",4.18340026773762,NA,NA,NA,NA,NA,NA,NA,NA,NA,NA,NA,NA,NA,NA,NA,NA,NA,NA,9.05,229,NA,14.3424
52,0.19427,91,155,"2026-05-30_PSIMI",4.16354400866017,NA,NA,NA,NA,NA,NA,NA,NA,NA,NA,NA,NA,NA,NA,NA,NA,NA,NA,9.05,229,NA,14.4108
53,0.19829,91,155,"2026-05-30_PSIMI",4.1438753522294,NA,NA,NA,NA,NA,NA,NA,NA,NA,NA,NA,NA,NA,NA,NA,NA,NA,NA,8.91,226,NA,14.4792
54,0.2023,91,156,"2026-05-30_PSIMI",4.15420405450316,NA,NA,NA,NA,NA,NA,NA,NA,NA,NA,NA,NA,NA,NA,NA,NA,NA,NA,8.88,227,NA,14.4432
55,0.20628,91,156,"2026-05-30_PSIMI",4.18340026773762,NA,NA,NA,NA,NA,NA,NA,NA,NA,NA,NA,NA,NA,NA,NA,NA,NA,NA,8.88,227,NA,14.3424
56,0.21025,90.5,157,"2026-05-30_PSIMI",4.20238695579089,NA,NA,NA,NA,NA,NA,NA,NA,NA,NA,NA,NA,NA,NA,NA,NA,NA,NA,8.84,228,NA,14.2776
57,0.2142,91.5,157,"2026-05-30_PSIMI",4.22261633307998,NA,NA,NA,NA,NA,NA,NA,NA,NA,NA,NA,NA,NA,NA,NA,NA,NA,NA,8.64,227,NA,14.2092
58,0.21813,91.5,157,"2026-05-30_PSIMI",4.2322668020992,NA,NA,NA,NA,NA,NA,NA,NA,NA,NA,NA,NA,NA,NA,NA,NA,NA,NA,8.64,227,NA,14.1768
59,0.22208,91.5,158,"2026-05-30_PSIMI",4.22261633307998,NA,NA,NA,NA,NA,NA,NA,NA,NA,NA,NA,NA,NA,NA,NA,NA,NA,NA,8.64,227,NA,14.2092
60,0.2261,90.5,158,"2026-05-30_PSIMI",4.1438753522294,NA,NA,NA,NA,NA,NA,NA,NA,NA,NA,NA,NA,NA,NA,NA,NA,NA,NA,9.09,228,NA,14.4792
61,0.23023,90.5,158,"2026-05-30_PSIMI",4.04138376980278,NA,NA,NA,NA,NA,NA,NA,NA,NA,NA,NA,NA,NA,NA,NA,NA,NA,NA,9.16,226,NA,14.8464
62,0.23441,87.5,158,"2026-05-30_PSIMI",3.98724082934609,NA,NA,NA,NA,NA,NA,NA,NA,NA,NA,NA,NA,NA,NA,NA,NA,NA,NA,9.23,224,NA,15.048
63,0.2386,87,159,"2026-05-30_PSIMI",3.96919901563864,NA,NA,NA,NA,NA,NA,NA,NA,NA,NA,NA,NA,NA,NA,NA,NA,NA,NA,9.6,228,NA,15.1164
64,0.24279,87,159,"2026-05-30_PSIMI",3.97867430572133,NA,NA,NA,NA,NA,NA,NA,NA,NA,NA,NA,NA,NA,NA,NA,NA,NA,NA,9.8,230,NA,15.0804
65,0.24698,89,159,"2026-05-30_PSIMI",3.97867430572133,NA,NA,NA,NA,NA,NA,NA,NA,NA,NA,NA,NA,NA,NA,NA,NA,NA,NA,9.41,226,NA,15.0804
66,0.25116,89.5,159,"2026-05-30_PSIMI",3.98724082934609,NA,NA,NA,NA,NA,NA,NA,NA,NA,NA,NA,NA,NA,NA,NA,NA,NA,NA,9.41,226,NA,15.048
67,0.25533,90.5,159,"2026-05-30_PSIMI",3.99584432190522,NA,NA,NA,NA,NA,NA,NA,NA,NA,NA,NA,NA,NA,NA,NA,NA,NA,NA,9.05,222,NA,15.0156
68,0.25951,90.5,159,"2026-05-30_PSIMI",3.98724082934609,NA,NA,NA,NA,NA,NA,NA,NA,NA,NA,NA,NA,NA,NA,NA,NA,NA,NA,9.05,222,NA,15.048
69,0.26369,89.5,159,"2026-05-30_PSIMI",3.98724082934609,NA,NA,NA,NA,NA,NA,NA,NA,NA,NA,NA,NA,NA,NA,NA,NA,NA,NA,9.23,224,NA,15.048
70,0.26789,89.5,159,"2026-05-30_PSIMI",3.96919901563864,NA,NA,NA,NA,NA,NA,NA,NA,NA,NA,NA,NA,NA,NA,NA,NA,NA,NA,9.23,224,NA,15.1164
71,0.27211,88,160,"2026-05-30_PSIMI",3.95225673859774,NA,NA,NA,NA,NA,NA,NA,NA,NA,NA,NA,NA,NA,NA,NA,NA,NA,NA,9.27,223,NA,15.1812
72,0.27625,88,160,"2026-05-30_PSIMI",4.02284978678896,NA,NA,NA,NA,NA,NA,NA,NA,NA,NA,NA,NA,NA,NA,NA,NA,NA,NA,9.57,229,NA,14.9148
73,0.28033,86.5,160,"2026-05-30_PSIMI",4.08697073728952,NA,NA,NA,NA,NA,NA,NA,NA,NA,NA,NA,NA,NA,NA,NA,NA,NA,NA,9.69,233,NA,14.6808
74,0.28437,86,161,"2026-05-30_PSIMI",4.13462333581411,NA,NA,NA,NA,NA,NA,NA,NA,NA,NA,NA,NA,NA,NA,NA,NA,NA,NA,9.61,235,NA,14.5116
75,0.28837,86,161,"2026-05-30_PSIMI",4.15420405450316,NA,NA,NA,NA,NA,NA,NA,NA,NA,NA,NA,NA,NA,NA,NA,NA,NA,NA,9.81,237,NA,14.4432
76,0.29239,87,161,"2026-05-30_PSIMI",4.15420405450316,NA,NA,NA,NA,NA,NA,NA,NA,NA,NA,NA,NA,NA,NA,NA,NA,NA,NA,9.81,237,NA,14.4432
77,0.2964,87,161,"2026-05-30_PSIMI",4.15420405450316,NA,NA,NA,NA,NA,NA,NA,NA,NA,NA,NA,NA,NA,NA,NA,NA,NA,NA,9.61,235,NA,14.4432
78,0.30034,88,161,"2026-05-30_PSIMI",4.2322668020992,NA,NA,NA,NA,NA,NA,NA,NA,NA,NA,NA,NA,NA,NA,NA,NA,NA,NA,9.34,235,NA,14.1768
79,0.30422,87.5,160,"2026-05-30_PSIMI",4.29331959471063,NA,NA,NA,NA,NA,NA,NA,NA,NA,NA,NA,NA,NA,NA,NA,NA,NA,NA,9.3,236,NA,13.9752
80,0.30813,87,160,"2026-05-30_PSIMI",4.26257459505541,NA,NA,NA,NA,NA,NA,NA,NA,NA,NA,NA,NA,NA,NA,NA,NA,NA,NA,9.3,236,NA,14.076
81,0.31215,87,160,"2026-05-30_PSIMI",4.1438753522294,NA,NA,NA,NA,NA,NA,NA,NA,NA,NA,NA,NA,NA,NA,NA,NA,NA,NA,9.61,235,NA,14.4792
82,0.31623,87.5,161,"2026-05-30_PSIMI",4.08697073728952,NA,NA,NA,NA,NA,NA,NA,NA,NA,NA,NA,NA,NA,NA,NA,NA,NA,NA,9.69,233,NA,14.6808
83,0.32033,88,161,"2026-05-30_PSIMI",4.05910050332846,NA,NA,NA,NA,NA,NA,NA,NA,NA,NA,NA,NA,NA,NA,NA,NA,NA,NA,9.53,230,NA,14.7816
84,0.32445,88.5,161,"2026-05-30_PSIMI",4.05022276225192,NA,NA,NA,NA,NA,NA,NA,NA,NA,NA,NA,NA,NA,NA,NA,NA,NA,NA,9.53,230,NA,14.814
85,0.32855,88.5,161,"2026-05-30_PSIMI",4.05910050332846,NA,NA,NA,NA,NA,NA,NA,NA,NA,NA,NA,NA,NA,NA,NA,NA,NA,NA,9.34,228,NA,14.7816
86,0.33266,89,162,"2026-05-30_PSIMI",4.05910050332846,NA,NA,NA,NA,NA,NA,NA,NA,NA,NA,NA,NA,NA,NA,NA,NA,NA,NA,9.34,228,NA,14.7816
87,0.33674,88.5,162,"2026-05-30_PSIMI",4.07797080172906,NA,NA,NA,NA,NA,NA,NA,NA,NA,NA,NA,NA,NA,NA,NA,NA,NA,NA,9.31,229,NA,14.7132
88,0.34083,87.5,162,"2026-05-30_PSIMI",4.07797080172906,NA,NA,NA,NA,NA,NA,NA,NA,NA,NA,NA,NA,NA,NA,NA,NA,NA,NA,9.31,229,NA,14.7132
89,0.34486,87.5,162,"2026-05-30_PSIMI",4.13462333581411,NA,NA,NA,NA,NA,NA,NA,NA,NA,NA,NA,NA,NA,NA,NA,NA,NA,NA,9.45,232,NA,14.5116
90,0.34886,87,162,"2026-05-30_PSIMI",4.17292605575029,NA,NA,NA,NA,NA,NA,NA,NA,NA,NA,NA,NA,NA,NA,NA,NA,NA,NA,9.57,236,NA,14.3784
91,0.35286,87,162,"2026-05-30_PSIMI",4.16354400866017,NA,NA,NA,NA,NA,NA,NA,NA,NA,NA,NA,NA,NA,NA,NA,NA,NA,NA,9.61,235,NA,14.4108
92,0.35686,87,162,"2026-05-30_PSIMI",4.16354400866017,NA,NA,NA,NA,NA,NA,NA,NA,NA,NA,NA,NA,NA,NA,NA,NA,NA,NA,9.61,235,NA,14.4108
93,0.36087,87,161,"2026-05-30_PSIMI",4.15420405450316,NA,NA,NA,NA,NA,NA,NA,NA,NA,NA,NA,NA,NA,NA,NA,NA,NA,NA,9.61,235,NA,14.4432
94,0.36489,87,162,"2026-05-30_PSIMI",4.15420405450316,NA,NA,NA,NA,NA,NA,NA,NA,NA,NA,NA,NA,NA,NA,NA,NA,NA,NA,9.61,235,NA,14.4432
95,0.36892,88,162,"2026-05-30_PSIMI",4.13462333581411,NA,NA,NA,NA,NA,NA,NA,NA,NA,NA,NA,NA,NA,NA,NA,NA,NA,NA,9.45,232,NA,14.5116
96,0.37296,88.5,162,"2026-05-30_PSIMI",4.12541254125412,NA,NA,NA,NA,NA,NA,NA,NA,NA,NA,NA,NA,NA,NA,NA,NA,NA,NA,9.46,232,NA,14.544
97,0.37701,88.5,162,"2026-05-30_PSIMI",4.11522633744856,NA,NA,NA,NA,NA,NA,NA,NA,NA,NA,NA,NA,NA,NA,NA,NA,NA,NA,9.27,230,NA,14.58
98,0.38107,88.5,162,"2026-05-30_PSIMI",4.10610166707728,NA,NA,NA,NA,NA,NA,NA,NA,NA,NA,NA,NA,NA,NA,NA,NA,NA,NA,9.3,229,NA,14.6124
99,0.38512,88.5,162,"2026-05-30_PSIMI",4.10610166707728,NA,NA,NA,NA,NA,NA,NA,NA,NA,NA,NA,NA,NA,NA,NA,NA,NA,NA,9.3,229,NA,14.6124
100,0.38917,87.5,162,"2026-05-30_PSIMI",4.11522633744856,NA,NA,NA,NA,NA,NA,NA,NA,NA,NA,NA,NA,NA,NA,NA,NA,NA,NA,9.27,230,NA,14.58
101,0.39322,86,162,"2026-05-30_PSIMI",4.11522633744856,NA,NA,NA,NA,NA,NA,NA,NA,NA,NA,NA,NA,NA,NA,NA,NA,NA,NA,9.46,232,NA,14.58
102,0.39727,86,162,"2026-05-30_PSIMI",4.11522633744856,NA,NA,NA,NA,NA,NA,NA,NA,NA,NA,NA,NA,NA,NA,NA,NA,NA,NA,9.85,236,NA,14.58
103,0.40132,85,162,"2026-05-30_PSIMI",4.11522633744856,NA,NA,NA,NA,NA,NA,NA,NA,NA,NA,NA,NA,NA,NA,NA,NA,NA,NA,10.03,239,NA,14.58
104,0.40537,86.5,162,"2026-05-30_PSIMI",4.11522633744856,NA,NA,NA,NA,NA,NA,NA,NA,NA,NA,NA,NA,NA,NA,NA,NA,NA,NA,9.65,234,NA,14.58
105,0.40942,87.5,161,"2026-05-30_PSIMI",4.11522633744856,NA,NA,NA,NA,NA,NA,NA,NA,NA,NA,NA,NA,NA,NA,NA,NA,NA,NA,9.65,234,NA,14.58
106,0.41348,87.5,162,"2026-05-30_PSIMI",4.11522633744856,NA,NA,NA,NA,NA,NA,NA,NA,NA,NA,NA,NA,NA,NA,NA,NA,NA,NA,9.46,232,NA,14.58
107,0.41752,88,162,"2026-05-30_PSIMI",4.11522633744856,NA,NA,NA,NA,NA,NA,NA,NA,NA,NA,NA,NA,NA,NA,NA,NA,NA,NA,9.46,232,NA,14.58
108,0.42157,88,162,"2026-05-30_PSIMI",4.11522633744856,NA,NA,NA,NA,NA,NA,NA,NA,NA,NA,NA,NA,NA,NA,NA,NA,NA,NA,9.46,232,NA,14.58
109,0.42562,88,161,"2026-05-30_PSIMI",4.11522633744856,NA,NA,NA,NA,NA,NA,NA,NA,NA,NA,NA,NA,NA,NA,NA,NA,NA,NA,9.46,232,NA,14.58
110,0.42965,87.5,162,"2026-05-30_PSIMI",4.13462333581411,NA,NA,NA,NA,NA,NA,NA,NA,NA,NA,NA,NA,NA,NA,NA,NA,NA,NA,9.45,232,NA,14.5116
111,0.43368,87.5,162,"2026-05-30_PSIMI",4.13462333581411,NA,NA,NA,NA,NA,NA,NA,NA,NA,NA,NA,NA,NA,NA,NA,NA,NA,NA,9.61,235,NA,14.5116
112,0.43771,87.5,162,"2026-05-30_PSIMI",4.13462333581411,NA,NA,NA,NA,NA,NA,NA,NA,NA,NA,NA,NA,NA,NA,NA,NA,NA,NA,9.61,235,NA,14.5116
113,0.44159,87.5,161,"2026-05-30_PSIMI",4.29331959471063,NA,NA,NA,NA,NA,NA,NA,NA,NA,NA,NA,NA,NA,NA,NA,NA,NA,NA,9.3,236,NA,13.9752
114,0.44555,87.5,162,"2026-05-30_PSIMI",4.21300977418268,NA,NA,NA,NA,NA,NA,NA,NA,NA,NA,NA,NA,NA,NA,NA,NA,NA,NA,9.38,234,NA,14.2416
115,0.44954,87.5,162,"2026-05-30_PSIMI",4.17292605575029,NA,NA,NA,NA,NA,NA,NA,NA,NA,NA,NA,NA,NA,NA,NA,NA,NA,NA,9.42,233,NA,14.3784
116,0.45356,88,161,"2026-05-30_PSIMI",4.15420405450316,NA,NA,NA,NA,NA,NA,NA,NA,NA,NA,NA,NA,NA,NA,NA,NA,NA,NA,9.42,233,NA,14.4432
117,0.45759,88,162,"2026-05-30_PSIMI",4.13462333581411,NA,NA,NA,NA,NA,NA,NA,NA,NA,NA,NA,NA,NA,NA,NA,NA,NA,NA,9.45,232,NA,14.5116
118,0.46164,86.5,162,"2026-05-30_PSIMI",4.11522633744856,NA,NA,NA,NA,NA,NA,NA,NA,NA,NA,NA,NA,NA,NA,NA,NA,NA,NA,9.65,234,NA,14.58
119,0.46572,86.5,162,"2026-05-30_PSIMI",4.07797080172906,NA,NA,NA,NA,NA,NA,NA,NA,NA,NA,NA,NA,NA,NA,NA,NA,NA,NA,9.69,233,NA,14.7132
120,0.46983,86,162,"2026-05-30_PSIMI",4.05910050332846,NA,NA,NA,NA,NA,NA,NA,NA,NA,NA,NA,NA,NA,NA,NA,NA,NA,NA,9.89,235,NA,14.7816
121,0.47393,87,162,"2026-05-30_PSIMI",4.05910050332846,NA,NA,NA,NA,NA,NA,NA,NA,NA,NA,NA,NA,NA,NA,NA,NA,NA,NA,9.89,235,NA,14.7816
122,0.47805,87.5,162,"2026-05-30_PSIMI",4.05022276225192,NA,NA,NA,NA,NA,NA,NA,NA,NA,NA,NA,NA,NA,NA,NA,NA,NA,NA,9.73,232,NA,14.814
123,0.48214,87.5,162,"2026-05-30_PSIMI",4.07797080172906,NA,NA,NA,NA,NA,NA,NA,NA,NA,NA,NA,NA,NA,NA,NA,NA,NA,NA,9.49,231,NA,14.7132
124,0.48621,89,163,"2026-05-30_PSIMI",4.08697073728952,NA,NA,NA,NA,NA,NA,NA,NA,NA,NA,NA,NA,NA,NA,NA,NA,NA,NA,9.31,229,NA,14.6808
125,0.49029,88.5,163,"2026-05-30_PSIMI",4.08697073728952,NA,NA,NA,NA,NA,NA,NA,NA,NA,NA,NA,NA,NA,NA,NA,NA,NA,NA,9.31,229,NA,14.6808
126,0.49438,88,163,"2026-05-30_PSIMI",4.07797080172906,NA,NA,NA,NA,NA,NA,NA,NA,NA,NA,NA,NA,NA,NA,NA,NA,NA,NA,9.31,229,NA,14.7132
127,0.49846,88,163,"2026-05-30_PSIMI",4.07797080172906,NA,NA,NA,NA,NA,NA,NA,NA,NA,NA,NA,NA,NA,NA,NA,NA,NA,NA,9.49,231,NA,14.7132
128,0.50256,88,163,"2026-05-30_PSIMI",4.06901041666667,NA,NA,NA,NA,NA,NA,NA,NA,NA,NA,NA,NA,NA,NA,NA,NA,NA,NA,9.49,231,NA,14.7456
129,0.50665,88,164,"2026-05-30_PSIMI",4.07797080172906,NA,NA,NA,NA,NA,NA,NA,NA,NA,NA,NA,NA,NA,NA,NA,NA,NA,NA,9.49,231,NA,14.7132
130,0.51073,88,163,"2026-05-30_PSIMI",4.07797080172906,NA,NA,NA,NA,NA,NA,NA,NA,NA,NA,NA,NA,NA,NA,NA,NA,NA,NA,9.49,231,NA,14.7132
131,0.51481,88,164,"2026-05-30_PSIMI",4.08697073728952,NA,NA,NA,NA,NA,NA,NA,NA,NA,NA,NA,NA,NA,NA,NA,NA,NA,NA,9.49,231,NA,14.6808
132,0.5189,88,164,"2026-05-30_PSIMI",4.07797080172906,NA,NA,NA,NA,NA,NA,NA,NA,NA,NA,NA,NA,NA,NA,NA,NA,NA,NA,9.49,231,NA,14.7132
133,0.523,89,164,"2026-05-30_PSIMI",4.06901041666667,NA,NA,NA,NA,NA,NA,NA,NA,NA,NA,NA,NA,NA,NA,NA,NA,NA,NA,9.34,228,NA,14.7456
134,0.5271,89.5,163,"2026-05-30_PSIMI",4.05910050332846,NA,NA,NA,NA,NA,NA,NA,NA,NA,NA,NA,NA,NA,NA,NA,NA,NA,NA,9.34,228,NA,14.7816
135,0.53122,89.5,164,"2026-05-30_PSIMI",4.05022276225192,NA,NA,NA,NA,NA,NA,NA,NA,NA,NA,NA,NA,NA,NA,NA,NA,NA,NA,9.16,226,NA,14.814
136,0.53534,89.5,164,"2026-05-30_PSIMI",4.04138376980278,NA,NA,NA,NA,NA,NA,NA,NA,NA,NA,NA,NA,NA,NA,NA,NA,NA,NA,9.16,226,NA,14.8464
137,0.53947,89.5,164,"2026-05-30_PSIMI",4.03258327284458,NA,NA,NA,NA,NA,NA,NA,NA,NA,NA,NA,NA,NA,NA,NA,NA,NA,NA,9.19,225,NA,14.8788
138,0.54361,89.5,163,"2026-05-30_PSIMI",4.03258327284458,NA,NA,NA,NA,NA,NA,NA,NA,NA,NA,NA,NA,NA,NA,NA,NA,NA,NA,9.19,225,NA,14.8788
139,0.54774,89.5,163,"2026-05-30_PSIMI",4.03258327284458,NA,NA,NA,NA,NA,NA,NA,NA,NA,NA,NA,NA,NA,NA,NA,NA,NA,NA,9.19,225,NA,14.8788
140,0.55187,89.5,163,"2026-05-30_PSIMI",4.03258327284458,NA,NA,NA,NA,NA,NA,NA,NA,NA,NA,NA,NA,NA,NA,NA,NA,NA,NA,9.19,225,NA,14.8788
141,0.55602,90,163,"2026-05-30_PSIMI",4.02284978678896,NA,NA,NA,NA,NA,NA,NA,NA,NA,NA,NA,NA,NA,NA,NA,NA,NA,NA,9.2,225,NA,14.9148
142,0.56017,90,164,"2026-05-30_PSIMI",4.01412973667309,NA,NA,NA,NA,NA,NA,NA,NA,NA,NA,NA,NA,NA,NA,NA,NA,NA,NA,9.2,225,NA,14.9472
143,0.56432,90.5,164,"2026-05-30_PSIMI",4.01412973667309,NA,NA,NA,NA,NA,NA,NA,NA,NA,NA,NA,NA,NA,NA,NA,NA,NA,NA,9.2,225,NA,14.9472
144,0.56848,90,164,"2026-05-30_PSIMI",4.00544740847553,NA,NA,NA,NA,NA,NA,NA,NA,NA,NA,NA,NA,NA,NA,NA,NA,NA,NA,9.02,223,NA,14.9796
145,0.57264,90,164,"2026-05-30_PSIMI",4.00544740847553,NA,NA,NA,NA,NA,NA,NA,NA,NA,NA,NA,NA,NA,NA,NA,NA,NA,NA,9.2,225,NA,14.9796
146,0.57681,88.5,163,"2026-05-30_PSIMI",3.99584432190522,NA,NA,NA,NA,NA,NA,NA,NA,NA,NA,NA,NA,NA,NA,NA,NA,NA,NA,9.23,224,NA,15.0156
147,0.58099,88,164,"2026-05-30_PSIMI",3.99584432190522,NA,NA,NA,NA,NA,NA,NA,NA,NA,NA,NA,NA,NA,NA,NA,NA,NA,NA,9.41,226,NA,15.0156
148,0.58516,88,164,"2026-05-30_PSIMI",3.99584432190522,NA,NA,NA,NA,NA,NA,NA,NA,NA,NA,NA,NA,NA,NA,NA,NA,NA,NA,9.57,229,NA,15.0156
149,0.58933,88,163,"2026-05-30_PSIMI",3.99584432190522,NA,NA,NA,NA,NA,NA,NA,NA,NA,NA,NA,NA,NA,NA,NA,NA,NA,NA,9.57,229,NA,15.0156
150,0.5935,88.5,163,"2026-05-30_PSIMI",3.99584432190522,NA,NA,NA,NA,NA,NA,NA,NA,NA,NA,NA,NA,NA,NA,NA,NA,NA,NA,9.41,226,NA,15.0156
151,0.59767,88.5,163,"2026-05-30_PSIMI",3.99584432190522,NA,NA,NA,NA,NA,NA,NA,NA,NA,NA,NA,NA,NA,NA,NA,NA,NA,NA,9.41,226,NA,15.0156
152,0.60184,89,163,"2026-05-30_PSIMI",3.99584432190522,NA,NA,NA,NA,NA,NA,NA,NA,NA,NA,NA,NA,NA,NA,NA,NA,NA,NA,9.41,226,NA,15.0156
153,0.60602,89,163,"2026-05-30_PSIMI",3.98724082934609,NA,NA,NA,NA,NA,NA,NA,NA,NA,NA,NA,NA,NA,NA,NA,NA,NA,NA,9.41,226,NA,15.048
154,0.6102,89,162,"2026-05-30_PSIMI",3.98724082934609,NA,NA,NA,NA,NA,NA,NA,NA,NA,NA,NA,NA,NA,NA,NA,NA,NA,NA,9.41,226,NA,15.048
155,0.61437,88.5,163,"2026-05-30_PSIMI",3.99584432190522,NA,NA,NA,NA,NA,NA,NA,NA,NA,NA,NA,NA,NA,NA,NA,NA,NA,NA,9.41,226,NA,15.0156
156,0.61854,88.5,163,"2026-05-30_PSIMI",3.99584432190522,NA,NA,NA,NA,NA,NA,NA,NA,NA,NA,NA,NA,NA,NA,NA,NA,NA,NA,9.41,226,NA,15.0156
157,0.6227,88.5,162,"2026-05-30_PSIMI",4.00544740847553,NA,NA,NA,NA,NA,NA,NA,NA,NA,NA,NA,NA,NA,NA,NA,NA,NA,NA,9.38,227,NA,14.9796
158,0.62686,88,163,"2026-05-30_PSIMI",4.01412973667309,NA,NA,NA,NA,NA,NA,NA,NA,NA,NA,NA,NA,NA,NA,NA,NA,NA,NA,9.57,229,NA,14.9472
159,0.63101,88,163,"2026-05-30_PSIMI",4.01412973667309,NA,NA,NA,NA,NA,NA,NA,NA,NA,NA,NA,NA,NA,NA,NA,NA,NA,NA,9.57,229,NA,14.9472
160,0.63516,88.5,163,"2026-05-30_PSIMI",4.01412973667309,NA,NA,NA,NA,NA,NA,NA,NA,NA,NA,NA,NA,NA,NA,NA,NA,NA,NA,9.57,229,NA,14.9472
161,0.63932,88.5,163,"2026-05-30_PSIMI",4.01412973667309,NA,NA,NA,NA,NA,NA,NA,NA,NA,NA,NA,NA,NA,NA,NA,NA,NA,NA,9.38,227,NA,14.9472
162,0.64347,88.5,163,"2026-05-30_PSIMI",4.00544740847553,NA,NA,NA,NA,NA,NA,NA,NA,NA,NA,NA,NA,NA,NA,NA,NA,NA,NA,9.38,227,NA,14.9796
163,0.64765,88.5,162,"2026-05-30_PSIMI",3.99584432190522,NA,NA,NA,NA,NA,NA,NA,NA,NA,NA,NA,NA,NA,NA,NA,NA,NA,NA,9.41,226,NA,15.0156
164,0.65183,88.5,163,"2026-05-30_PSIMI",3.98724082934609,NA,NA,NA,NA,NA,NA,NA,NA,NA,NA,NA,NA,NA,NA,NA,NA,NA,NA,9.41,226,NA,15.048
165,0.65601,88.5,162,"2026-05-30_PSIMI",3.97867430572133,NA,NA,NA,NA,NA,NA,NA,NA,NA,NA,NA,NA,NA,NA,NA,NA,NA,NA,9.41,226,NA,15.0804
166,0.66013,88.5,163,"2026-05-30_PSIMI",4.05022276225192,NA,NA,NA,NA,NA,NA,NA,NA,NA,NA,NA,NA,NA,NA,NA,NA,NA,NA,9.34,228,NA,14.814
167,0.6642,89,163,"2026-05-30_PSIMI",4.09701737135365,NA,NA,NA,NA,NA,NA,NA,NA,NA,NA,NA,NA,NA,NA,NA,NA,NA,NA,9.3,229,NA,14.6448
168,0.66825,89.5,163,"2026-05-30_PSIMI",4.11522633744856,NA,NA,NA,NA,NA,NA,NA,NA,NA,NA,NA,NA,NA,NA,NA,NA,NA,NA,9.27,230,NA,14.58
169,0.67228,89,163,"2026-05-30_PSIMI",4.13462333581411,NA,NA,NA,NA,NA,NA,NA,NA,NA,NA,NA,NA,NA,NA,NA,NA,NA,NA,9.27,230,NA,14.5116
170,0.67631,89,163,"2026-05-30_PSIMI",4.13462333581411,NA,NA,NA,NA,NA,NA,NA,NA,NA,NA,NA,NA,NA,NA,NA,NA,NA,NA,9.27,230,NA,14.5116
171,0.68033,89,163,"2026-05-30_PSIMI",4.1438753522294,NA,NA,NA,NA,NA,NA,NA,NA,NA,NA,NA,NA,NA,NA,NA,NA,NA,NA,9.27,230,NA,14.4792
172,0.68435,89,163,"2026-05-30_PSIMI",4.1438753522294,NA,NA,NA,NA,NA,NA,NA,NA,NA,NA,NA,NA,NA,NA,NA,NA,NA,NA,9.27,230,NA,14.4792
173,0.68831,89,164,"2026-05-30_PSIMI",4.21300977418268,NA,NA,NA,NA,NA,NA,NA,NA,NA,NA,NA,NA,NA,NA,NA,NA,NA,NA,9.19,232,NA,14.2416
174,0.69222,89,164,"2026-05-30_PSIMI",4.26257459505541,NA,NA,NA,NA,NA,NA,NA,NA,NA,NA,NA,NA,NA,NA,NA,NA,NA,NA,9.15,233,NA,14.076
175,0.69623,89,164,"2026-05-30_PSIMI",4.15420405450316,NA,NA,NA,NA,NA,NA,NA,NA,NA,NA,NA,NA,NA,NA,NA,NA,NA,NA,9.23,231,NA,14.4432
176,0.70033,89.5,164,"2026-05-30_PSIMI",4.05910050332846,NA,NA,NA,NA,NA,NA,NA,NA,NA,NA,NA,NA,NA,NA,NA,NA,NA,NA,9.34,228,NA,14.7816
177,0.70448,89.5,164,"2026-05-30_PSIMI",4.02284978678896,NA,NA,NA,NA,NA,NA,NA,NA,NA,NA,NA,NA,NA,NA,NA,NA,NA,NA,9.2,225,NA,14.9148
178,0.70864,89.5,163,"2026-05-30_PSIMI",4.00544740847553,NA,NA,NA,NA,NA,NA,NA,NA,NA,NA,NA,NA,NA,NA,NA,NA,NA,NA,9.2,225,NA,14.9796
179,0.71282,89.5,164,"2026-05-30_PSIMI",3.98724082934609,NA,NA,NA,NA,NA,NA,NA,NA,NA,NA,NA,NA,NA,NA,NA,NA,NA,NA,9.41,226,NA,15.048
180,0.71704,89.5,164,"2026-05-30_PSIMI",3.95225673859774,NA,NA,NA,NA,NA,NA,NA,NA,NA,NA,NA,NA,NA,NA,NA,NA,NA,NA,9.27,223,NA,15.1812
181,0.72128,89.5,164,"2026-05-30_PSIMI",3.92618767177071,NA,NA,NA,NA,NA,NA,NA,NA,NA,NA,NA,NA,NA,NA,NA,NA,NA,NA,9.3,222,NA,15.282
182,0.72552,89.5,165,"2026-05-30_PSIMI",3.93452943028014,NA,NA,NA,NA,NA,NA,NA,NA,NA,NA,NA,NA,NA,NA,NA,NA,NA,NA,9.27,223,NA,15.2496
183,0.72973,89,165,"2026-05-30_PSIMI",3.96070975918885,NA,NA,NA,NA,NA,NA,NA,NA,NA,NA,NA,NA,NA,NA,NA,NA,NA,NA,9.26,223,NA,15.1488
184,0.73392,89,165,"2026-05-30_PSIMI",3.96919901563864,NA,NA,NA,NA,NA,NA,NA,NA,NA,NA,NA,NA,NA,NA,NA,NA,NA,NA,9.41,226,NA,15.1164
185,0.73811,88.5,165,"2026-05-30_PSIMI",3.98724082934609,NA,NA,NA,NA,NA,NA,NA,NA,NA,NA,NA,NA,NA,NA,NA,NA,NA,NA,9.41,226,NA,15.048
186,0.74229,88.5,165,"2026-05-30_PSIMI",3.98724082934609,NA,NA,NA,NA,NA,NA,NA,NA,NA,NA,NA,NA,NA,NA,NA,NA,NA,NA,9.41,226,NA,15.048
187,0.74644,88.5,165,"2026-05-30_PSIMI",4.01412973667309,NA,NA,NA,NA,NA,NA,NA,NA,NA,NA,NA,NA,NA,NA,NA,NA,NA,NA,9.38,227,NA,14.9472
188,0.75051,90.5,164,"2026-05-30_PSIMI",4.08697073728952,NA,NA,NA,NA,NA,NA,NA,NA,NA,NA,NA,NA,NA,NA,NA,NA,NA,NA,9.12,227,NA,14.6808
189,0.75453,90.5,164,"2026-05-30_PSIMI",4.15420405450316,NA,NA,NA,NA,NA,NA,NA,NA,NA,NA,NA,NA,NA,NA,NA,NA,NA,NA,8.88,227,NA,14.4432
190,0.75854,91.5,164,"2026-05-30_PSIMI",4.15420405450316,NA,NA,NA,NA,NA,NA,NA,NA,NA,NA,NA,NA,NA,NA,NA,NA,NA,NA,8.88,227,NA,14.4432
191,0.76264,91.5,164,"2026-05-30_PSIMI",4.06901041666667,NA,NA,NA,NA,NA,NA,NA,NA,NA,NA,NA,NA,NA,NA,NA,NA,NA,NA,8.78,223,NA,14.7456
192,0.76679,93,164,"2026-05-30_PSIMI",4.01412973667309,NA,NA,NA,NA,NA,NA,NA,NA,NA,NA,NA,NA,NA,NA,NA,NA,NA,NA,8.69,219,NA,14.9472
193,0.7709,93,164,"2026-05-30_PSIMI",4.05022276225192,NA,NA,NA,NA,NA,NA,NA,NA,NA,NA,NA,NA,NA,NA,NA,NA,NA,NA,8.65,220,NA,14.814
194,0.77499,93,164,"2026-05-30_PSIMI",4.07797080172906,NA,NA,NA,NA,NA,NA,NA,NA,NA,NA,NA,NA,NA,NA,NA,NA,NA,NA,8.62,221,NA,14.7132
195,0.77911,93,164,"2026-05-30_PSIMI",4.04138376980278,NA,NA,NA,NA,NA,NA,NA,NA,NA,NA,NA,NA,NA,NA,NA,NA,NA,NA,8.65,220,NA,14.8464
196,0.78326,92,163,"2026-05-30_PSIMI",4.02284978678896,NA,NA,NA,NA,NA,NA,NA,NA,NA,NA,NA,NA,NA,NA,NA,NA,NA,NA,8.69,219,NA,14.9148
197,0.78737,91.5,164,"2026-05-30_PSIMI",4.05022276225192,NA,NA,NA,NA,NA,NA,NA,NA,NA,NA,NA,NA,NA,NA,NA,NA,NA,NA,8.82,222,NA,14.814
198,0.79147,91,164,"2026-05-30_PSIMI",4.06901041666667,NA,NA,NA,NA,NA,NA,NA,NA,NA,NA,NA,NA,NA,NA,NA,NA,NA,NA,8.78,223,NA,14.7456
199,0.79559,91,163,"2026-05-30_PSIMI",4.04138376980278,NA,NA,NA,NA,NA,NA,NA,NA,NA,NA,NA,NA,NA,NA,NA,NA,NA,NA,8.99,224,NA,14.8464
200,0.79974,90.5,164,"2026-05-30_PSIMI",4.01412973667309,NA,NA,NA,NA,NA,NA,NA,NA,NA,NA,NA,NA,NA,NA,NA,NA,NA,NA,9.02,223,NA,14.9472
201,0.8039,90.5,164,"2026-05-30_PSIMI",4.01412973667309,NA,NA,NA,NA,NA,NA,NA,NA,NA,NA,NA,NA,NA,NA,NA,NA,NA,NA,9.02,223,NA,14.9472
202,0.80806,90.5,164,"2026-05-30_PSIMI",4.00544740847553,NA,NA,NA,NA,NA,NA,NA,NA,NA,NA,NA,NA,NA,NA,NA,NA,NA,NA,9.02,223,NA,14.9796
203,0.81219,90.5,163,"2026-05-30_PSIMI",4.03258327284458,NA,NA,NA,NA,NA,NA,NA,NA,NA,NA,NA,NA,NA,NA,NA,NA,NA,NA,9.02,223,NA,14.8788
204,0.81627,91.5,164,"2026-05-30_PSIMI",4.08697073728952,NA,NA,NA,NA,NA,NA,NA,NA,NA,NA,NA,NA,NA,NA,NA,NA,NA,NA,8.78,223,NA,14.6808
205,0.82031,91.5,164,"2026-05-30_PSIMI",4.12541254125412,NA,NA,NA,NA,NA,NA,NA,NA,NA,NA,NA,NA,NA,NA,NA,NA,NA,NA,8.75,224,NA,14.544
206,0.82432,91.5,163,"2026-05-30_PSIMI",4.15420405450316,NA,NA,NA,NA,NA,NA,NA,NA,NA,NA,NA,NA,NA,NA,NA,NA,NA,NA,8.71,225,NA,14.4432
207,0.82833,91.5,164,"2026-05-30_PSIMI",4.15420405450316,NA,NA,NA,NA,NA,NA,NA,NA,NA,NA,NA,NA,NA,NA,NA,NA,NA,NA,8.71,225,NA,14.4432
208,0.83235,91.5,164,"2026-05-30_PSIMI",4.15420405450316,NA,NA,NA,NA,NA,NA,NA,NA,NA,NA,NA,NA,NA,NA,NA,NA,NA,NA,8.71,225,NA,14.4432
209,0.83641,91,163,"2026-05-30_PSIMI",4.09701737135365,NA,NA,NA,NA,NA,NA,NA,NA,NA,NA,NA,NA,NA,NA,NA,NA,NA,NA,8.95,225,NA,14.6448
210,0.84047,91,164,"2026-05-30_PSIMI",4.10610166707728,NA,NA,NA,NA,NA,NA,NA,NA,NA,NA,NA,NA,NA,NA,NA,NA,NA,NA,8.95,225,NA,14.6124
211,0.84453,91,164,"2026-05-30_PSIMI",4.10610166707728,NA,NA,NA,NA,NA,NA,NA,NA,NA,NA,NA,NA,NA,NA,NA,NA,NA,NA,8.95,225,NA,14.6124
212,0.84858,91,164,"2026-05-30_PSIMI",4.11522633744856,NA,NA,NA,NA,NA,NA,NA,NA,NA,NA,NA,NA,NA,NA,NA,NA,NA,NA,8.92,226,NA,14.58
213,0.85263,91,164,"2026-05-30_PSIMI",4.11522633744856,NA,NA,NA,NA,NA,NA,NA,NA,NA,NA,NA,NA,NA,NA,NA,NA,NA,NA,8.92,226,NA,14.58
214,0.85668,90.5,164,"2026-05-30_PSIMI",4.11522633744856,NA,NA,NA,NA,NA,NA,NA,NA,NA,NA,NA,NA,NA,NA,NA,NA,NA,NA,8.92,226,NA,14.58
215,0.86074,90.5,164,"2026-05-30_PSIMI",4.10610166707728,NA,NA,NA,NA,NA,NA,NA,NA,NA,NA,NA,NA,NA,NA,NA,NA,NA,NA,8.95,225,NA,14.6124
216,0.86483,90.5,164,"2026-05-30_PSIMI",4.07797080172906,NA,NA,NA,NA,NA,NA,NA,NA,NA,NA,NA,NA,NA,NA,NA,NA,NA,NA,8.95,225,NA,14.7132
217,0.86897,91.5,164,"2026-05-30_PSIMI",4.02284978678896,NA,NA,NA,NA,NA,NA,NA,NA,NA,NA,NA,NA,NA,NA,NA,NA,NA,NA,9.02,223,NA,14.9148
218,0.87315,91.5,165,"2026-05-30_PSIMI",3.98724082934609,NA,NA,NA,NA,NA,NA,NA,NA,NA,NA,NA,NA,NA,NA,NA,NA,NA,NA,8.88,220,NA,15.048
219,0.87733,91.5,165,"2026-05-30_PSIMI",3.98724082934609,NA,NA,NA,NA,NA,NA,NA,NA,NA,NA,NA,NA,NA,NA,NA,NA,NA,NA,8.88,220,NA,15.048
220,0.88151,91.5,165,"2026-05-30_PSIMI",3.98724082934609,NA,NA,NA,NA,NA,NA,NA,NA,NA,NA,NA,NA,NA,NA,NA,NA,NA,NA,8.88,220,NA,15.048
221,0.88571,93.5,165,"2026-05-30_PSIMI",3.96919901563864,NA,NA,NA,NA,NA,NA,NA,NA,NA,NA,NA,NA,NA,NA,NA,NA,NA,NA,8.56,216,NA,15.1164
222,0.88992,93.5,165,"2026-05-30_PSIMI",3.95225673859774,NA,NA,NA,NA,NA,NA,NA,NA,NA,NA,NA,NA,NA,NA,NA,NA,NA,NA,8.56,216,NA,15.1812
223,0.89416,92,165,"2026-05-30_PSIMI",3.93452943028014,NA,NA,NA,NA,NA,NA,NA,NA,NA,NA,NA,NA,NA,NA,NA,NA,NA,NA,8.59,215,NA,15.2496
224,0.89842,92,165,"2026-05-30_PSIMI",3.91696043869957,NA,NA,NA,NA,NA,NA,NA,NA,NA,NA,NA,NA,NA,NA,NA,NA,NA,NA,8.95,218,NA,15.318
225,0.90269,90.5,165,"2026-05-30_PSIMI",3.90046025431001,NA,NA,NA,NA,NA,NA,NA,NA,NA,NA,NA,NA,NA,NA,NA,NA,NA,NA,9.12,220,NA,15.3828
226,0.90694,89.5,166,"2026-05-30_PSIMI",3.91696043869957,NA,NA,NA,NA,NA,NA,NA,NA,NA,NA,NA,NA,NA,NA,NA,NA,NA,NA,9.12,220,NA,15.318
227,0.91118,89.5,166,"2026-05-30_PSIMI",3.93452943028014,NA,NA,NA,NA,NA,NA,NA,NA,NA,NA,NA,NA,NA,NA,NA,NA,NA,NA,9.27,223,NA,15.2496
228,0.91541,89.5,166,"2026-05-30_PSIMI",3.94290671082722,NA,NA,NA,NA,NA,NA,NA,NA,NA,NA,NA,NA,NA,NA,NA,NA,NA,NA,9.27,223,NA,15.2172
229,0.91958,91.5,166,"2026-05-30_PSIMI",3.99584432190522,NA,NA,NA,NA,NA,NA,NA,NA,NA,NA,NA,NA,NA,NA,NA,NA,NA,NA,9.05,222,NA,15.0156
230,0.92369,92,165,"2026-05-30_PSIMI",4.05022276225192,NA,NA,NA,NA,NA,NA,NA,NA,NA,NA,NA,NA,NA,NA,NA,NA,NA,NA,8.82,222,NA,14.814
231,0.92777,92,166,"2026-05-30_PSIMI",4.08697073728952,NA,NA,NA,NA,NA,NA,NA,NA,NA,NA,NA,NA,NA,NA,NA,NA,NA,NA,8.78,223,NA,14.6808
232,0.93181,92,166,"2026-05-30_PSIMI",4.12541254125412,NA,NA,NA,NA,NA,NA,NA,NA,NA,NA,NA,NA,NA,NA,NA,NA,NA,NA,8.75,224,NA,14.544
233,0.93581,91,166,"2026-05-30_PSIMI",4.16354400866017,NA,NA,NA,NA,NA,NA,NA,NA,NA,NA,NA,NA,NA,NA,NA,NA,NA,NA,8.71,225,NA,14.4108
234,0.93992,90.5,166,"2026-05-30_PSIMI",4.05910050332846,NA,NA,NA,NA,NA,NA,NA,NA,NA,NA,NA,NA,NA,NA,NA,NA,NA,NA,8.98,224,NA,14.7816
235,0.94409,90.5,166,"2026-05-30_PSIMI",3.99584432190522,NA,NA,NA,NA,NA,NA,NA,NA,NA,NA,NA,NA,NA,NA,NA,NA,NA,NA,9.05,222,NA,15.0156
236,0.94827,90,166,"2026-05-30_PSIMI",3.98724082934609,NA,NA,NA,NA,NA,NA,NA,NA,NA,NA,NA,NA,NA,NA,NA,NA,NA,NA,9.05,222,NA,15.048
237,0.95244,89.5,166,"2026-05-30_PSIMI",3.99584432190522,NA,NA,NA,NA,NA,NA,NA,NA,NA,NA,NA,NA,NA,NA,NA,NA,NA,NA,9.23,224,NA,15.0156
238,0.9566,90,167,"2026-05-30_PSIMI",4.00544740847553,NA,NA,NA,NA,NA,NA,NA,NA,NA,NA,NA,NA,NA,NA,NA,NA,NA,NA,9.2,225,NA,14.9796
239,0.96077,90.5,167,"2026-05-30_PSIMI",3.99584432190522,NA,NA,NA,NA,NA,NA,NA,NA,NA,NA,NA,NA,NA,NA,NA,NA,NA,NA,9.23,224,NA,15.0156
240,0.96496,90.5,167,"2026-05-30_PSIMI",3.97867430572133,NA,NA,NA,NA,NA,NA,NA,NA,NA,NA,NA,NA,NA,NA,NA,NA,NA,NA,9.05,222,NA,15.0804
241,0.96916,90.5,166,"2026-05-30_PSIMI",3.96919901563864,NA,NA,NA,NA,NA,NA,NA,NA,NA,NA,NA,NA,NA,NA,NA,NA,NA,NA,9.05,222,NA,15.1164
242,0.97337,91.5,167,"2026-05-30_PSIMI",3.96070975918885,NA,NA,NA,NA,NA,NA,NA,NA,NA,NA,NA,NA,NA,NA,NA,NA,NA,NA,8.88,220,NA,15.1488
243,0.97759,91.5,167,"2026-05-30_PSIMI",3.95225673859774,NA,NA,NA,NA,NA,NA,NA,NA,NA,NA,NA,NA,NA,NA,NA,NA,NA,NA,8.92,219,NA,15.1812
244,0.98183,93,167,"2026-05-30_PSIMI",3.92618767177071,NA,NA,NA,NA,NA,NA,NA,NA,NA,NA,NA,NA,NA,NA,NA,NA,NA,NA,8.92,219,NA,15.282
245,0.98611,93,167,"2026-05-30_PSIMI",3.89135341271694,NA,NA,NA,NA,NA,NA,NA,NA,NA,NA,NA,NA,NA,NA,NA,NA,NA,NA,8.78,216,NA,15.4188
246,0.99036,92.5,167,"2026-05-30_PSIMI",3.92618767177071,NA,NA,NA,NA,NA,NA,NA,NA,NA,NA,NA,NA,NA,NA,NA,NA,NA,NA,8.75,217,NA,15.282
247,0.99453,92.5,168,"2026-05-30_PSIMI",3.99584432190522,NA,NA,NA,NA,NA,NA,NA,NA,NA,NA,NA,NA,NA,NA,NA,NA,NA,NA,8.69,219,NA,15.0156
248,0.99866,92.5,168,"2026-05-30_PSIMI",4.04138376980278,NA,NA,NA,NA,NA,NA,NA,NA,NA,NA,NA,NA,NA,NA,NA,NA,NA,NA,8.65,220,NA,14.8464
249,1.00276,92.5,168,"2026-05-30_PSIMI",4.05910050332846,NA,NA,NA,NA,NA,NA,NA,NA,NA,NA,NA,NA,NA,NA,NA,NA,NA,NA,8.62,221,NA,14.7816
250,1.00684,92,168,"2026-05-30_PSIMI",4.08697073728952,NA,NA,NA,NA,NA,NA,NA,NA,NA,NA,NA,NA,NA,NA,NA,NA,NA,NA,8.78,223,NA,14.6808
251,1.0109,92,167,"2026-05-30_PSIMI",4.10610166707728,NA,NA,NA,NA,NA,NA,NA,NA,NA,NA,NA,NA,NA,NA,NA,NA,NA,NA,8.75,224,NA,14.6124
252,1.01494,92,168,"2026-05-30_PSIMI",4.12541254125412,NA,NA,NA,NA,NA,NA,NA,NA,NA,NA,NA,NA,NA,NA,NA,NA,NA,NA,8.75,224,NA,14.544
253,1.01902,92,167,"2026-05-30_PSIMI",4.07797080172906,NA,NA,NA,NA,NA,NA,NA,NA,NA,NA,NA,NA,NA,NA,NA,NA,NA,NA,8.78,223,NA,14.7132
254,1.02315,90.5,167,"2026-05-30_PSIMI",4.04138376980278,NA,NA,NA,NA,NA,NA,NA,NA,NA,NA,NA,NA,NA,NA,NA,NA,NA,NA,8.99,224,NA,14.8464
255,1.02726,90.5,167,"2026-05-30_PSIMI",4.05022276225192,NA,NA,NA,NA,NA,NA,NA,NA,NA,NA,NA,NA,NA,NA,NA,NA,NA,NA,8.98,224,NA,14.814
256,1.03137,90.5,167,"2026-05-30_PSIMI",4.05910050332846,NA,NA,NA,NA,NA,NA,NA,NA,NA,NA,NA,NA,NA,NA,NA,NA,NA,NA,8.98,224,NA,14.7816
257,1.03546,90.5,167,"2026-05-30_PSIMI",4.07797080172906,NA,NA,NA,NA,NA,NA,NA,NA,NA,NA,NA,NA,NA,NA,NA,NA,NA,NA,8.95,225,NA,14.7132
258,1.03952,91,167,"2026-05-30_PSIMI",4.09701737135365,NA,NA,NA,NA,NA,NA,NA,NA,NA,NA,NA,NA,NA,NA,NA,NA,NA,NA,8.95,225,NA,14.6448
259,1.04357,91,166,"2026-05-30_PSIMI",4.11522633744856,NA,NA,NA,NA,NA,NA,NA,NA,NA,NA,NA,NA,NA,NA,NA,NA,NA,NA,8.92,226,NA,14.58
260,1.0476,91.5,167,"2026-05-30_PSIMI",4.13462333581411,NA,NA,NA,NA,NA,NA,NA,NA,NA,NA,NA,NA,NA,NA,NA,NA,NA,NA,8.91,226,NA,14.5116
261,1.05161,91.5,166,"2026-05-30_PSIMI",4.16354400866017,NA,NA,NA,NA,NA,NA,NA,NA,NA,NA,NA,NA,NA,NA,NA,NA,NA,NA,8.71,225,NA,14.4108
262,1.05558,92,167,"2026-05-30_PSIMI",4.19287211740042,NA,NA,NA,NA,NA,NA,NA,NA,NA,NA,NA,NA,NA,NA,NA,NA,NA,NA,8.68,226,NA,14.31
263,1.05964,92,167,"2026-05-30_PSIMI",4.10610166707728,NA,NA,NA,NA,NA,NA,NA,NA,NA,NA,NA,NA,NA,NA,NA,NA,NA,NA,8.75,224,NA,14.6124
264,1.06376,92,167,"2026-05-30_PSIMI",4.05022276225192,NA,NA,NA,NA,NA,NA,NA,NA,NA,NA,NA,NA,NA,NA,NA,NA,NA,NA,8.82,222,NA,14.814
265,1.06791,92,168,"2026-05-30_PSIMI",4.01412973667309,NA,NA,NA,NA,NA,NA,NA,NA,NA,NA,NA,NA,NA,NA,NA,NA,NA,NA,8.85,221,NA,14.9472
266,1.07211,92,168,"2026-05-30_PSIMI",3.96919901563864,NA,NA,NA,NA,NA,NA,NA,NA,NA,NA,NA,NA,NA,NA,NA,NA,NA,NA,8.88,220,NA,15.1164
267,1.07653,92,168,"2026-05-30_PSIMI",3.76818147561987,NA,NA,NA,NA,NA,NA,NA,NA,NA,NA,NA,NA,NA,NA,NA,NA,NA,NA,9.08,214,NA,15.9228
268,1.08115,92.5,168,"2026-05-30_PSIMI",3.60828462149094,NA,NA,NA,NA,NA,NA,NA,NA,NA,NA,NA,NA,NA,NA,NA,NA,NA,NA,9.27,208,NA,16.6284
269,1.08582,93,167,"2026-05-30_PSIMI",3.5650623885918,NA,NA,NA,NA,NA,NA,NA,NA,NA,NA,NA,NA,NA,NA,NA,NA,NA,NA,9.12,205,NA,16.83
270,1.09047,93,168,"2026-05-30_PSIMI",3.58654328957751,NA,NA,NA,NA,NA,NA,NA,NA,NA,NA,NA,NA,NA,NA,NA,NA,NA,NA,9.09,206,NA,16.7292
271,1.09502,93.5,168,"2026-05-30_PSIMI",3.66784037558685,NA,NA,NA,NA,NA,NA,NA,NA,NA,NA,NA,NA,NA,NA,NA,NA,NA,NA,9.03,208,NA,16.3584
272,1.09937,94,167,"2026-05-30_PSIMI",3.82526203044909,NA,NA,NA,NA,NA,NA,NA,NA,NA,NA,NA,NA,NA,NA,NA,NA,NA,NA,8.69,212,NA,15.6852
273,1.10362,93.5,167,"2026-05-30_PSIMI",3.92618767177071,NA,NA,NA,NA,NA,NA,NA,NA,NA,NA,NA,NA,NA,NA,NA,NA,NA,NA,8.59,215,NA,15.282
274,1.10787,93.5,167,"2026-05-30_PSIMI",3.91696043869957,NA,NA,NA,NA,NA,NA,NA,NA,NA,NA,NA,NA,NA,NA,NA,NA,NA,NA,8.59,215,NA,15.318
275,1.11214,92.5,167,"2026-05-30_PSIMI",3.90046025431001,NA,NA,NA,NA,NA,NA,NA,NA,NA,NA,NA,NA,NA,NA,NA,NA,NA,NA,8.78,216,NA,15.3828
276,1.11642,92,168,"2026-05-30_PSIMI",3.90046025431001,NA,NA,NA,NA,NA,NA,NA,NA,NA,NA,NA,NA,NA,NA,NA,NA,NA,NA,8.95,218,NA,15.3828
277,1.12069,92,167,"2026-05-30_PSIMI",3.90046025431001,NA,NA,NA,NA,NA,NA,NA,NA,NA,NA,NA,NA,NA,NA,NA,NA,NA,NA,8.95,218,NA,15.3828
278,1.12497,92,167,"2026-05-30_PSIMI",3.90046025431001,NA,NA,NA,NA,NA,NA,NA,NA,NA,NA,NA,NA,NA,NA,NA,NA,NA,NA,8.95,218,NA,15.3828
279,1.12923,91.5,167,"2026-05-30_PSIMI",3.90869293308318,NA,NA,NA,NA,NA,NA,NA,NA,NA,NA,NA,NA,NA,NA,NA,NA,NA,NA,8.95,218,NA,15.3504
280,1.13349,90.5,167,"2026-05-30_PSIMI",3.90869293308318,NA,NA,NA,NA,NA,NA,NA,NA,NA,NA,NA,NA,NA,NA,NA,NA,NA,NA,8.95,218,NA,15.3504
281,1.13775,90,167,"2026-05-30_PSIMI",3.91696043869957,NA,NA,NA,NA,NA,NA,NA,NA,NA,NA,NA,NA,NA,NA,NA,NA,NA,NA,9.12,220,NA,15.318
282,1.14194,90,167,"2026-05-30_PSIMI",3.97867430572133,NA,NA,NA,NA,NA,NA,NA,NA,NA,NA,NA,NA,NA,NA,NA,NA,NA,NA,9.23,224,NA,15.0804
283,1.14602,91,167,"2026-05-30_PSIMI",4.08697073728952,NA,NA,NA,NA,NA,NA,NA,NA,NA,NA,NA,NA,NA,NA,NA,NA,NA,NA,9.12,227,NA,14.6808
284,1.15009,91.5,166,"2026-05-30_PSIMI",4.08697073728952,NA,NA,NA,NA,NA,NA,NA,NA,NA,NA,NA,NA,NA,NA,NA,NA,NA,NA,8.95,225,NA,14.6808
285,1.15417,91.5,167,"2026-05-30_PSIMI",4.08697073728952,NA,NA,NA,NA,NA,NA,NA,NA,NA,NA,NA,NA,NA,NA,NA,NA,NA,NA,8.78,223,NA,14.6808
286,1.15814,91.5,167,"2026-05-30_PSIMI",4.19287211740042,NA,NA,NA,NA,NA,NA,NA,NA,NA,NA,NA,NA,NA,NA,NA,NA,NA,NA,8.68,226,NA,14.31
287,1.16217,91,166,"2026-05-30_PSIMI",4.1438753522294,NA,NA,NA,NA,NA,NA,NA,NA,NA,NA,NA,NA,NA,NA,NA,NA,NA,NA,8.91,226,NA,14.4792
288,1.16622,91,167,"2026-05-30_PSIMI",4.11522633744856,NA,NA,NA,NA,NA,NA,NA,NA,NA,NA,NA,NA,NA,NA,NA,NA,NA,NA,8.92,226,NA,14.58
289,1.17027,91,167,"2026-05-30_PSIMI",4.10610166707728,NA,NA,NA,NA,NA,NA,NA,NA,NA,NA,NA,NA,NA,NA,NA,NA,NA,NA,8.95,225,NA,14.6124
290,1.17434,91,167,"2026-05-30_PSIMI",4.09701737135365,NA,NA,NA,NA,NA,NA,NA,NA,NA,NA,NA,NA,NA,NA,NA,NA,NA,NA,8.95,225,NA,14.6448
291,1.17842,89,166,"2026-05-30_PSIMI",4.08697073728952,NA,NA,NA,NA,NA,NA,NA,NA,NA,NA,NA,NA,NA,NA,NA,NA,NA,NA,9.12,227,NA,14.6808
292,1.1825,89,166,"2026-05-30_PSIMI",4.08697073728952,NA,NA,NA,NA,NA,NA,NA,NA,NA,NA,NA,NA,NA,NA,NA,NA,NA,NA,9.31,229,NA,14.6808
293,1.18658,90.5,166,"2026-05-30_PSIMI",4.08697073728952,NA,NA,NA,NA,NA,NA,NA,NA,NA,NA,NA,NA,NA,NA,NA,NA,NA,NA,9.31,229,NA,14.6808
294,1.19064,90.5,167,"2026-05-30_PSIMI",4.09701737135365,NA,NA,NA,NA,NA,NA,NA,NA,NA,NA,NA,NA,NA,NA,NA,NA,NA,NA,8.95,225,NA,14.6448
295,1.19468,91.5,167,"2026-05-30_PSIMI",4.12541254125412,NA,NA,NA,NA,NA,NA,NA,NA,NA,NA,NA,NA,NA,NA,NA,NA,NA,NA,8.91,226,NA,14.544
296,1.1987,92,167,"2026-05-30_PSIMI",4.15420405450316,NA,NA,NA,NA,NA,NA,NA,NA,NA,NA,NA,NA,NA,NA,NA,NA,NA,NA,8.71,225,NA,14.4432
297,1.2027,92,167,"2026-05-30_PSIMI",4.16354400866017,NA,NA,NA,NA,NA,NA,NA,NA,NA,NA,NA,NA,NA,NA,NA,NA,NA,NA,8.71,225,NA,14.4108
298,1.20666,92,168,"2026-05-30_PSIMI",4.20238695579089,NA,NA,NA,NA,NA,NA,NA,NA,NA,NA,NA,NA,NA,NA,NA,NA,NA,NA,8.68,226,NA,14.2776
299,1.21062,92,168,"2026-05-30_PSIMI",4.21300977418268,NA,NA,NA,NA,NA,NA,NA,NA,NA,NA,NA,NA,NA,NA,NA,NA,NA,NA,8.68,226,NA,14.2416
300,1.21458,91.5,168,"2026-05-30_PSIMI",4.21300977418268,NA,NA,NA,NA,NA,NA,NA,NA,NA,NA,NA,NA,NA,NA,NA,NA,NA,NA,8.68,226,NA,14.2416
301,1.21853,91.5,168,"2026-05-30_PSIMI",4.21300977418268,NA,NA,NA,NA,NA,NA,NA,NA,NA,NA,NA,NA,NA,NA,NA,NA,NA,NA,8.68,226,NA,14.2416
302,1.22249,92,168,"2026-05-30_PSIMI",4.21300977418268,NA,NA,NA,NA,NA,NA,NA,NA,NA,NA,NA,NA,NA,NA,NA,NA,NA,NA,8.68,226,NA,14.2416
303,1.22645,92,168,"2026-05-30_PSIMI",4.21300977418268,NA,NA,NA,NA,NA,NA,NA,NA,NA,NA,NA,NA,NA,NA,NA,NA,NA,NA,8.68,226,NA,14.2416
304,1.23044,91.5,168,"2026-05-30_PSIMI",4.17292605575029,NA,NA,NA,NA,NA,NA,NA,NA,NA,NA,NA,NA,NA,NA,NA,NA,NA,NA,8.71,225,NA,14.3784
305,1.23451,90.5,168,"2026-05-30_PSIMI",4.09701737135365,NA,NA,NA,NA,NA,NA,NA,NA,NA,NA,NA,NA,NA,NA,NA,NA,NA,NA,8.78,223,NA,14.6448
306,1.23865,89.5,168,"2026-05-30_PSIMI",4.02284978678896,NA,NA,NA,NA,NA,NA,NA,NA,NA,NA,NA,NA,NA,NA,NA,NA,NA,NA,9.02,223,NA,14.9148
307,1.24284,89.5,168,"2026-05-30_PSIMI",3.97867430572133,NA,NA,NA,NA,NA,NA,NA,NA,NA,NA,NA,NA,NA,NA,NA,NA,NA,NA,9.23,224,NA,15.0804
308,1.24701,91,169,"2026-05-30_PSIMI",3.99584432190522,NA,NA,NA,NA,NA,NA,NA,NA,NA,NA,NA,NA,NA,NA,NA,NA,NA,NA,9.23,224,NA,15.0156
309,1.25112,91.5,169,"2026-05-30_PSIMI",4.05022276225192,NA,NA,NA,NA,NA,NA,NA,NA,NA,NA,NA,NA,NA,NA,NA,NA,NA,NA,8.98,224,NA,14.814
310,1.25521,91.5,169,"2026-05-30_PSIMI",4.07797080172906,NA,NA,NA,NA,NA,NA,NA,NA,NA,NA,NA,NA,NA,NA,NA,NA,NA,NA,8.95,225,NA,14.7132
311,1.25927,91.5,169,"2026-05-30_PSIMI",4.10610166707728,NA,NA,NA,NA,NA,NA,NA,NA,NA,NA,NA,NA,NA,NA,NA,NA,NA,NA,8.75,224,NA,14.6124
312,1.26331,91.5,169,"2026-05-30_PSIMI",4.12541254125412,NA,NA,NA,NA,NA,NA,NA,NA,NA,NA,NA,NA,NA,NA,NA,NA,NA,NA,8.75,224,NA,14.544
313,1.26732,91.5,169,"2026-05-30_PSIMI",4.15420405450316,NA,NA,NA,NA,NA,NA,NA,NA,NA,NA,NA,NA,NA,NA,NA,NA,NA,NA,8.71,225,NA,14.4432
314,1.27132,91.5,169,"2026-05-30_PSIMI",4.17292605575029,NA,NA,NA,NA,NA,NA,NA,NA,NA,NA,NA,NA,NA,NA,NA,NA,NA,NA,8.71,225,NA,14.3784
315,1.27538,91.5,169,"2026-05-30_PSIMI",4.10610166707728,NA,NA,NA,NA,NA,NA,NA,NA,NA,NA,NA,NA,NA,NA,NA,NA,NA,NA,8.75,224,NA,14.6124
316,1.27949,90,168,"2026-05-30_PSIMI",4.05022276225192,NA,NA,NA,NA,NA,NA,NA,NA,NA,NA,NA,NA,NA,NA,NA,NA,NA,NA,8.98,224,NA,14.814
317,1.28365,89.5,169,"2026-05-30_PSIMI",4.00544740847553,NA,NA,NA,NA,NA,NA,NA,NA,NA,NA,NA,NA,NA,NA,NA,NA,NA,NA,9.2,225,NA,14.9796
318,1.28785,89.5,169,"2026-05-30_PSIMI",3.96919901563864,NA,NA,NA,NA,NA,NA,NA,NA,NA,NA,NA,NA,NA,NA,NA,NA,NA,NA,9.23,224,NA,15.1164
319,1.29199,89.5,169,"2026-05-30_PSIMI",4.02284978678896,NA,NA,NA,NA,NA,NA,NA,NA,NA,NA,NA,NA,NA,NA,NA,NA,NA,NA,9.2,225,NA,14.9148
320,1.29609,92,170,"2026-05-30_PSIMI",4.06901041666667,NA,NA,NA,NA,NA,NA,NA,NA,NA,NA,NA,NA,NA,NA,NA,NA,NA,NA,8.98,224,NA,14.7456
321,1.30038,92,170,"2026-05-30_PSIMI",3.88319353836595,NA,NA,NA,NA,NA,NA,NA,NA,NA,NA,NA,NA,NA,NA,NA,NA,NA,NA,8.98,217,NA,15.4512
322,1.30488,92.5,170,"2026-05-30_PSIMI",3.70617448669483,NA,NA,NA,NA,NA,NA,NA,NA,NA,NA,NA,NA,NA,NA,NA,NA,NA,NA,9.14,212,NA,16.1892
323,1.30962,92.5,170,"2026-05-30_PSIMI",3.51617440225035,NA,NA,NA,NA,NA,NA,NA,NA,NA,NA,NA,NA,NA,NA,NA,NA,NA,NA,9.18,203,NA,17.064
324,1.31439,93,170,"2026-05-30_PSIMI",3.49552572706935,NA,NA,NA,NA,NA,NA,NA,NA,NA,NA,NA,NA,NA,NA,NA,NA,NA,NA,9.21,202,NA,17.1648
325,1.31889,92.5,170,"2026-05-30_PSIMI",3.70617448669483,NA,NA,NA,NA,NA,NA,NA,NA,NA,NA,NA,NA,NA,NA,NA,NA,NA,NA,8.97,210,NA,16.1892
326,1.32322,91.5,170,"2026-05-30_PSIMI",3.84113082891603,NA,NA,NA,NA,NA,NA,NA,NA,NA,NA,NA,NA,NA,NA,NA,NA,NA,NA,8.85,214,NA,15.6204
327,1.32748,91.5,169,"2026-05-30_PSIMI",3.91696043869957,NA,NA,NA,NA,NA,NA,NA,NA,NA,NA,NA,NA,NA,NA,NA,NA,NA,NA,8.95,218,NA,15.318
328,1.33169,91.5,169,"2026-05-30_PSIMI",3.96070975918885,NA,NA,NA,NA,NA,NA,NA,NA,NA,NA,NA,NA,NA,NA,NA,NA,NA,NA,8.88,220,NA,15.1488
329,1.33588,91.5,169,"2026-05-30_PSIMI",3.97867430572133,NA,NA,NA,NA,NA,NA,NA,NA,NA,NA,NA,NA,NA,NA,NA,NA,NA,NA,8.88,220,NA,15.0804
330,1.34006,91.5,169,"2026-05-30_PSIMI",3.98724082934609,NA,NA,NA,NA,NA,NA,NA,NA,NA,NA,NA,NA,NA,NA,NA,NA,NA,NA,8.88,220,NA,15.048
331,1.34424,91.5,169,"2026-05-30_PSIMI",3.98724082934609,NA,NA,NA,NA,NA,NA,NA,NA,NA,NA,NA,NA,NA,NA,NA,NA,NA,NA,8.88,220,NA,15.048
332,1.34844,90.5,169,"2026-05-30_PSIMI",3.96070975918885,NA,NA,NA,NA,NA,NA,NA,NA,NA,NA,NA,NA,NA,NA,NA,NA,NA,NA,9.09,221,NA,15.1488
333,1.35266,92,169,"2026-05-30_PSIMI",3.95225673859774,NA,NA,NA,NA,NA,NA,NA,NA,NA,NA,NA,NA,NA,NA,NA,NA,NA,NA,9.09,221,NA,15.1812
334,1.35688,92,168,"2026-05-30_PSIMI",3.95225673859774,NA,NA,NA,NA,NA,NA,NA,NA,NA,NA,NA,NA,NA,NA,NA,NA,NA,NA,8.92,219,NA,15.1812
335,1.361,92,169,"2026-05-30_PSIMI",4.04138376980278,NA,NA,NA,NA,NA,NA,NA,NA,NA,NA,NA,NA,NA,NA,NA,NA,NA,NA,8.82,222,NA,14.8464
336,1.36508,92,169,"2026-05-30_PSIMI",4.08697073728952,NA,NA,NA,NA,NA,NA,NA,NA,NA,NA,NA,NA,NA,NA,NA,NA,NA,NA,8.78,223,NA,14.6808
337,1.36916,92,168,"2026-05-30_PSIMI",4.08697073728952,NA,NA,NA,NA,NA,NA,NA,NA,NA,NA,NA,NA,NA,NA,NA,NA,NA,NA,8.78,223,NA,14.6808
338,1.37382,92,168,"2026-05-30_PSIMI",4.08697073728952,NA,NA,NA,NA,NA,NA,NA,NA,NA,NA,NA,NA,NA,NA,NA,NA,NA,NA,8.78,223,NA,14.6808
339,1.37731,92,168,"2026-05-30_PSIMI",4.08697073728952,NA,NA,NA,NA,NA,NA,NA,NA,NA,NA,NA,NA,NA,NA,NA,NA,NA,NA,8.78,223,NA,14.6808
340,1.38144,92,169,"2026-05-30_PSIMI",4.04138376980278,NA,NA,NA,NA,NA,NA,NA,NA,NA,NA,NA,NA,NA,NA,NA,NA,NA,NA,8.82,222,NA,14.8464
341,1.3856,90.5,168,"2026-05-30_PSIMI",4.00544740847553,NA,NA,NA,NA,NA,NA,NA,NA,NA,NA,NA,NA,NA,NA,NA,NA,NA,NA,8.85,221,NA,14.9796
342,1.38979,90.5,168,"2026-05-30_PSIMI",3.97867430572133,NA,NA,NA,NA,NA,NA,NA,NA,NA,NA,NA,NA,NA,NA,NA,NA,NA,NA,9.05,222,NA,15.0804
343,1.39395,90.5,168,"2026-05-30_PSIMI",4.00544740847553,NA,NA,NA,NA,NA,NA,NA,NA,NA,NA,NA,NA,NA,NA,NA,NA,NA,NA,9.02,223,NA,14.9796
344,1.39809,90.5,169,"2026-05-30_PSIMI",4.02284978678896,NA,NA,NA,NA,NA,NA,NA,NA,NA,NA,NA,NA,NA,NA,NA,NA,NA,NA,9.02,223,NA,14.9148
345,1.40226,90,168,"2026-05-30_PSIMI",3.99584432190522,NA,NA,NA,NA,NA,NA,NA,NA,NA,NA,NA,NA,NA,NA,NA,NA,NA,NA,9.23,224,NA,15.0156
346,1.40646,89.5,168,"2026-05-30_PSIMI",3.96919901563864,NA,NA,NA,NA,NA,NA,NA,NA,NA,NA,NA,NA,NA,NA,NA,NA,NA,NA,9.23,224,NA,15.1164
347,1.41068,90,168,"2026-05-30_PSIMI",3.95225673859774,NA,NA,NA,NA,NA,NA,NA,NA,NA,NA,NA,NA,NA,NA,NA,NA,NA,NA,9.27,223,NA,15.1812
348,1.41488,90,168,"2026-05-30_PSIMI",3.96919901563864,NA,NA,NA,NA,NA,NA,NA,NA,NA,NA,NA,NA,NA,NA,NA,NA,NA,NA,9.23,224,NA,15.1164
349,1.41905,90.5,169,"2026-05-30_PSIMI",3.99584432190522,NA,NA,NA,NA,NA,NA,NA,NA,NA,NA,NA,NA,NA,NA,NA,NA,NA,NA,9.23,224,NA,15.0156
350,1.42312,91.5,168,"2026-05-30_PSIMI",4.09701737135365,NA,NA,NA,NA,NA,NA,NA,NA,NA,NA,NA,NA,NA,NA,NA,NA,NA,NA,8.95,225,NA,14.6448
351,1.42709,91.5,168,"2026-05-30_PSIMI",4.19287211740042,NA,NA,NA,NA,NA,NA,NA,NA,NA,NA,NA,NA,NA,NA,NA,NA,NA,NA,8.68,226,NA,14.31
352,1.43103,91.5,168,"2026-05-30_PSIMI",4.2322668020992,NA,NA,NA,NA,NA,NA,NA,NA,NA,NA,NA,NA,NA,NA,NA,NA,NA,NA,8.64,227,NA,14.1768
353,1.43497,91,168,"2026-05-30_PSIMI",4.2322668020992,NA,NA,NA,NA,NA,NA,NA,NA,NA,NA,NA,NA,NA,NA,NA,NA,NA,NA,8.81,229,NA,14.1768
354,1.43891,92,167,"2026-05-30_PSIMI",4.2322668020992,NA,NA,NA,NA,NA,NA,NA,NA,NA,NA,NA,NA,NA,NA,NA,NA,NA,NA,8.81,229,NA,14.1768
355,1.44284,92,167,"2026-05-30_PSIMI",4.2322668020992,NA,NA,NA,NA,NA,NA,NA,NA,NA,NA,NA,NA,NA,NA,NA,NA,NA,NA,8.64,227,NA,14.1768
356,1.44677,92,167,"2026-05-30_PSIMI",4.24304141208418,NA,NA,NA,NA,NA,NA,NA,NA,NA,NA,NA,NA,NA,NA,NA,NA,NA,NA,8.64,227,NA,14.1408
357,1.45077,90.5,167,"2026-05-30_PSIMI",4.17292605575029,NA,NA,NA,NA,NA,NA,NA,NA,NA,NA,NA,NA,NA,NA,NA,NA,NA,NA,8.88,227,NA,14.3784
358,1.45484,91,167,"2026-05-30_PSIMI",4.08697073728952,NA,NA,NA,NA,NA,NA,NA,NA,NA,NA,NA,NA,NA,NA,NA,NA,NA,NA,8.95,225,NA,14.6808
359,1.45898,91,167,"2026-05-30_PSIMI",4.03258327284458,NA,NA,NA,NA,NA,NA,NA,NA,NA,NA,NA,NA,NA,NA,NA,NA,NA,NA,9.02,223,NA,14.8788
360,1.46314,91,167,"2026-05-30_PSIMI",4.00544740847553,NA,NA,NA,NA,NA,NA,NA,NA,NA,NA,NA,NA,NA,NA,NA,NA,NA,NA,9.02,223,NA,14.9796
361,1.46729,89,167,"2026-05-30_PSIMI",4.01412973667309,NA,NA,NA,NA,NA,NA,NA,NA,NA,NA,NA,NA,NA,NA,NA,NA,NA,NA,9.38,227,NA,14.9472
362,1.47137,92,167,"2026-05-30_PSIMI",4.08697073728952,NA,NA,NA,NA,NA,NA,NA,NA,NA,NA,NA,NA,NA,NA,NA,NA,NA,NA,9.31,229,NA,14.6808
363,1.4754,92,168,"2026-05-30_PSIMI",4.13462333581411,NA,NA,NA,NA,NA,NA,NA,NA,NA,NA,NA,NA,NA,NA,NA,NA,NA,NA,8.75,224,NA,14.5116
364,1.4794,92,168,"2026-05-30_PSIMI",4.16354400866017,NA,NA,NA,NA,NA,NA,NA,NA,NA,NA,NA,NA,NA,NA,NA,NA,NA,NA,8.71,225,NA,14.4108
365,1.48339,92,168,"2026-05-30_PSIMI",4.17292605575029,NA,NA,NA,NA,NA,NA,NA,NA,NA,NA,NA,NA,NA,NA,NA,NA,NA,NA,8.71,225,NA,14.3784
366,1.48741,91.5,168,"2026-05-30_PSIMI",4.15420405450316,NA,NA,NA,NA,NA,NA,NA,NA,NA,NA,NA,NA,NA,NA,NA,NA,NA,NA,8.71,225,NA,14.4432
367,1.49145,90.5,168,"2026-05-30_PSIMI",4.12541254125412,NA,NA,NA,NA,NA,NA,NA,NA,NA,NA,NA,NA,NA,NA,NA,NA,NA,NA,8.75,224,NA,14.544
368,1.49554,90.5,168,"2026-05-30_PSIMI",4.06901041666667,NA,NA,NA,NA,NA,NA,NA,NA,NA,NA,NA,NA,NA,NA,NA,NA,NA,NA,8.98,224,NA,14.7456
369,1.49969,89.5,167,"2026-05-30_PSIMI",4.02284978678896,NA,NA,NA,NA,NA,NA,NA,NA,NA,NA,NA,NA,NA,NA,NA,NA,NA,NA,9.2,225,NA,14.9148
370,1.50385,90,168,"2026-05-30_PSIMI",4.00544740847553,NA,NA,NA,NA,NA,NA,NA,NA,NA,NA,NA,NA,NA,NA,NA,NA,NA,NA,9.2,225,NA,14.9796
371,1.50803,90.5,167,"2026-05-30_PSIMI",3.98724082934609,NA,NA,NA,NA,NA,NA,NA,NA,NA,NA,NA,NA,NA,NA,NA,NA,NA,NA,9.23,224,NA,15.048
372,1.51222,90.5,167,"2026-05-30_PSIMI",3.97867430572133,NA,NA,NA,NA,NA,NA,NA,NA,NA,NA,NA,NA,NA,NA,NA,NA,NA,NA,9.05,222,NA,15.0804
373,1.51634,91,167,"2026-05-30_PSIMI",4.04138376980278,NA,NA,NA,NA,NA,NA,NA,NA,NA,NA,NA,NA,NA,NA,NA,NA,NA,NA,8.99,224,NA,14.8464
374,1.52043,91.5,167,"2026-05-30_PSIMI",4.07797080172906,NA,NA,NA,NA,NA,NA,NA,NA,NA,NA,NA,NA,NA,NA,NA,NA,NA,NA,8.95,225,NA,14.7132
375,1.52448,92,167,"2026-05-30_PSIMI",4.11522633744856,NA,NA,NA,NA,NA,NA,NA,NA,NA,NA,NA,NA,NA,NA,NA,NA,NA,NA,8.75,224,NA,14.58
376,1.52855,92,166,"2026-05-30_PSIMI",4.09701737135365,NA,NA,NA,NA,NA,NA,NA,NA,NA,NA,NA,NA,NA,NA,NA,NA,NA,NA,8.78,223,NA,14.6448
377,1.53264,92,166,"2026-05-30_PSIMI",4.06901041666667,NA,NA,NA,NA,NA,NA,NA,NA,NA,NA,NA,NA,NA,NA,NA,NA,NA,NA,8.78,223,NA,14.7456
378,1.53677,92,166,"2026-05-30_PSIMI",4.04138376980278,NA,NA,NA,NA,NA,NA,NA,NA,NA,NA,NA,NA,NA,NA,NA,NA,NA,NA,8.82,222,NA,14.8464
379,1.54091,91.5,167,"2026-05-30_PSIMI",4.02284978678896,NA,NA,NA,NA,NA,NA,NA,NA,NA,NA,NA,NA,NA,NA,NA,NA,NA,NA,8.85,221,NA,14.9148
380,1.54507,91,167,"2026-05-30_PSIMI",4.00544740847553,NA,NA,NA,NA,NA,NA,NA,NA,NA,NA,NA,NA,NA,NA,NA,NA,NA,NA,8.85,221,NA,14.9796
381,1.54918,90.5,167,"2026-05-30_PSIMI",4.05022276225192,NA,NA,NA,NA,NA,NA,NA,NA,NA,NA,NA,NA,NA,NA,NA,NA,NA,NA,8.98,224,NA,14.814
382,1.55327,89.5,167,"2026-05-30_PSIMI",4.07797080172906,NA,NA,NA,NA,NA,NA,NA,NA,NA,NA,NA,NA,NA,NA,NA,NA,NA,NA,8.95,225,NA,14.7132
383,1.55736,89.5,166,"2026-05-30_PSIMI",4.07797080172906,NA,NA,NA,NA,NA,NA,NA,NA,NA,NA,NA,NA,NA,NA,NA,NA,NA,NA,9.12,227,NA,14.7132
384,1.56145,89,167,"2026-05-30_PSIMI",4.07797080172906,NA,NA,NA,NA,NA,NA,NA,NA,NA,NA,NA,NA,NA,NA,NA,NA,NA,NA,9.12,227,NA,14.7132
385,1.56553,89,167,"2026-05-30_PSIMI",4.07797080172906,NA,NA,NA,NA,NA,NA,NA,NA,NA,NA,NA,NA,NA,NA,NA,NA,NA,NA,9.31,229,NA,14.7132
386,1.56963,88,166,"2026-05-30_PSIMI",4.06901041666667,NA,NA,NA,NA,NA,NA,NA,NA,NA,NA,NA,NA,NA,NA,NA,NA,NA,NA,9.49,231,NA,14.7456
387,1.57373,88.5,167,"2026-05-30_PSIMI",4.05910050332846,NA,NA,NA,NA,NA,NA,NA,NA,NA,NA,NA,NA,NA,NA,NA,NA,NA,NA,9.53,230,NA,14.7816
388,1.57783,89.5,167,"2026-05-30_PSIMI",4.06901041666667,NA,NA,NA,NA,NA,NA,NA,NA,NA,NA,NA,NA,NA,NA,NA,NA,NA,NA,9.34,228,NA,14.7456
389,1.58191,89.5,166,"2026-05-30_PSIMI",4.08697073728952,NA,NA,NA,NA,NA,NA,NA,NA,NA,NA,NA,NA,NA,NA,NA,NA,NA,NA,9.12,227,NA,14.6808
390,1.58598,91,166,"2026-05-30_PSIMI",4.09701737135365,NA,NA,NA,NA,NA,NA,NA,NA,NA,NA,NA,NA,NA,NA,NA,NA,NA,NA,9.12,227,NA,14.6448
391,1.58998,91,166,"2026-05-30_PSIMI",4.16354400866017,NA,NA,NA,NA,NA,NA,NA,NA,NA,NA,NA,NA,NA,NA,NA,NA,NA,NA,8.88,227,NA,14.4108
392,1.59392,91,166,"2026-05-30_PSIMI",4.2322668020992,NA,NA,NA,NA,NA,NA,NA,NA,NA,NA,NA,NA,NA,NA,NA,NA,NA,NA,8.81,229,NA,14.1768
393,1.59783,91,167,"2026-05-30_PSIMI",4.26257459505541,NA,NA,NA,NA,NA,NA,NA,NA,NA,NA,NA,NA,NA,NA,NA,NA,NA,NA,8.8,229,NA,14.076
394,1.6018,90,166,"2026-05-30_PSIMI",4.19287211740042,NA,NA,NA,NA,NA,NA,NA,NA,NA,NA,NA,NA,NA,NA,NA,NA,NA,NA,8.84,228,NA,14.31
395,1.60581,89.5,166,"2026-05-30_PSIMI",4.15420405450316,NA,NA,NA,NA,NA,NA,NA,NA,NA,NA,NA,NA,NA,NA,NA,NA,NA,NA,9.05,229,NA,14.4432
396,1.60984,89,167,"2026-05-30_PSIMI",4.13462333581411,NA,NA,NA,NA,NA,NA,NA,NA,NA,NA,NA,NA,NA,NA,NA,NA,NA,NA,9.09,228,NA,14.5116
397,1.61389,89,167,"2026-05-30_PSIMI",4.11522633744856,NA,NA,NA,NA,NA,NA,NA,NA,NA,NA,NA,NA,NA,NA,NA,NA,NA,NA,9.27,230,NA,14.58
398,1.61793,90,167,"2026-05-30_PSIMI",4.12541254125412,NA,NA,NA,NA,NA,NA,NA,NA,NA,NA,NA,NA,NA,NA,NA,NA,NA,NA,9.27,230,NA,14.544
399,1.62193,90.5,167,"2026-05-30_PSIMI",4.17292605575029,NA,NA,NA,NA,NA,NA,NA,NA,NA,NA,NA,NA,NA,NA,NA,NA,NA,NA,9.05,229,NA,14.3784
400,1.62589,90.5,167,"2026-05-30_PSIMI",4.20238695579089,NA,NA,NA,NA,NA,NA,NA,NA,NA,NA,NA,NA,NA,NA,NA,NA,NA,NA,8.84,228,NA,14.2776
401,1.62989,90.5,167,"2026-05-30_PSIMI",4.17292605575029,NA,NA,NA,NA,NA,NA,NA,NA,NA,NA,NA,NA,NA,NA,NA,NA,NA,NA,8.88,227,NA,14.3784
402,1.63392,91.5,167,"2026-05-30_PSIMI",4.13462333581411,NA,NA,NA,NA,NA,NA,NA,NA,NA,NA,NA,NA,NA,NA,NA,NA,NA,NA,8.91,226,NA,14.5116
403,1.63788,91.5,167,"2026-05-30_PSIMI",4.20238695579089,NA,NA,NA,NA,NA,NA,NA,NA,NA,NA,NA,NA,NA,NA,NA,NA,NA,NA,8.84,228,NA,14.2776
404,1.64182,91.5,168,"2026-05-30_PSIMI",4.2322668020992,NA,NA,NA,NA,NA,NA,NA,NA,NA,NA,NA,NA,NA,NA,NA,NA,NA,NA,8.64,227,NA,14.1768
405,1.64576,91.5,168,"2026-05-30_PSIMI",4.2322668020992,NA,NA,NA,NA,NA,NA,NA,NA,NA,NA,NA,NA,NA,NA,NA,NA,NA,NA,8.64,227,NA,14.1768
406,1.6497,90.5,168,"2026-05-30_PSIMI",4.2322668020992,NA,NA,NA,NA,NA,NA,NA,NA,NA,NA,NA,NA,NA,NA,NA,NA,NA,NA,8.81,229,NA,14.1768
407,1.65365,90.5,168,"2026-05-30_PSIMI",4.21300977418268,NA,NA,NA,NA,NA,NA,NA,NA,NA,NA,NA,NA,NA,NA,NA,NA,NA,NA,8.84,228,NA,14.2416
408,1.65762,90.5,167,"2026-05-30_PSIMI",4.20238695579089,NA,NA,NA,NA,NA,NA,NA,NA,NA,NA,NA,NA,NA,NA,NA,NA,NA,NA,9.01,230,NA,14.2776
409,1.66167,90.5,168,"2026-05-30_PSIMI",4.11522633744856,NA,NA,NA,NA,NA,NA,NA,NA,NA,NA,NA,NA,NA,NA,NA,NA,NA,NA,9.09,228,NA,14.58
410,1.66578,89.5,168,"2026-05-30_PSIMI",4.05022276225192,NA,NA,NA,NA,NA,NA,NA,NA,NA,NA,NA,NA,NA,NA,NA,NA,NA,NA,9.16,226,NA,14.814
411,1.66997,89.5,168,"2026-05-30_PSIMI",3.97867430572133,NA,NA,NA,NA,NA,NA,NA,NA,NA,NA,NA,NA,NA,NA,NA,NA,NA,NA,9.23,224,NA,15.0804
412,1.6742,89.5,169,"2026-05-30_PSIMI",3.94290671082722,NA,NA,NA,NA,NA,NA,NA,NA,NA,NA,NA,NA,NA,NA,NA,NA,NA,NA,9.27,223,NA,15.2172
413,1.67844,89.5,169,"2026-05-30_PSIMI",3.92618767177071,NA,NA,NA,NA,NA,NA,NA,NA,NA,NA,NA,NA,NA,NA,NA,NA,NA,NA,9.3,222,NA,15.282
414,1.6826,91.5,169,"2026-05-30_PSIMI",4.00544740847553,NA,NA,NA,NA,NA,NA,NA,NA,NA,NA,NA,NA,NA,NA,NA,NA,NA,NA,9.02,223,NA,14.9796
415,1.68671,92,169,"2026-05-30_PSIMI",4.05910050332846,NA,NA,NA,NA,NA,NA,NA,NA,NA,NA,NA,NA,NA,NA,NA,NA,NA,NA,8.82,222,NA,14.7816
416,1.69077,92,169,"2026-05-30_PSIMI",4.10610166707728,NA,NA,NA,NA,NA,NA,NA,NA,NA,NA,NA,NA,NA,NA,NA,NA,NA,NA,8.75,224,NA,14.6124
417,1.69487,92,168,"2026-05-30_PSIMI",4.05910050332846,NA,NA,NA,NA,NA,NA,NA,NA,NA,NA,NA,NA,NA,NA,NA,NA,NA,NA,8.82,222,NA,14.7816
418,1.69901,91,168,"2026-05-30_PSIMI",4.03258327284458,NA,NA,NA,NA,NA,NA,NA,NA,NA,NA,NA,NA,NA,NA,NA,NA,NA,NA,8.82,222,NA,14.8788
419,1.70316,90.5,169,"2026-05-30_PSIMI",4.01412973667309,NA,NA,NA,NA,NA,NA,NA,NA,NA,NA,NA,NA,NA,NA,NA,NA,NA,NA,9.02,223,NA,14.9472
420,1.70732,90.5,169,"2026-05-30_PSIMI",4.01412973667309,NA,NA,NA,NA,NA,NA,NA,NA,NA,NA,NA,NA,NA,NA,NA,NA,NA,NA,9.02,223,NA,14.9472
421,1.71146,90.5,169,"2026-05-30_PSIMI",4.01412973667309,NA,NA,NA,NA,NA,NA,NA,NA,NA,NA,NA,NA,NA,NA,NA,NA,NA,NA,9.02,223,NA,14.9472
422,1.71564,89,169,"2026-05-30_PSIMI",3.98724082934609,NA,NA,NA,NA,NA,NA,NA,NA,NA,NA,NA,NA,NA,NA,NA,NA,NA,NA,9.05,222,NA,15.048
423,1.71981,89,169,"2026-05-30_PSIMI",3.99584432190522,NA,NA,NA,NA,NA,NA,NA,NA,NA,NA,NA,NA,NA,NA,NA,NA,NA,NA,9.41,226,NA,15.0156
424,1.72398,89.5,168,"2026-05-30_PSIMI",4.00544740847553,NA,NA,NA,NA,NA,NA,NA,NA,NA,NA,NA,NA,NA,NA,NA,NA,NA,NA,9.38,227,NA,14.9796
425,1.72814,89.5,169,"2026-05-30_PSIMI",4.00544740847553,NA,NA,NA,NA,NA,NA,NA,NA,NA,NA,NA,NA,NA,NA,NA,NA,NA,NA,9.2,225,NA,14.9796
426,1.73224,89.5,168,"2026-05-30_PSIMI",4.05910050332846,NA,NA,NA,NA,NA,NA,NA,NA,NA,NA,NA,NA,NA,NA,NA,NA,NA,NA,9.16,226,NA,14.7816
427,1.73624,92,169,"2026-05-30_PSIMI",4.17292605575029,NA,NA,NA,NA,NA,NA,NA,NA,NA,NA,NA,NA,NA,NA,NA,NA,NA,NA,9.05,229,NA,14.3784
428,1.74023,92,168,"2026-05-30_PSIMI",4.17292605575029,NA,NA,NA,NA,NA,NA,NA,NA,NA,NA,NA,NA,NA,NA,NA,NA,NA,NA,8.71,225,NA,14.3784
429,1.74421,92,168,"2026-05-30_PSIMI",4.19287211740042,NA,NA,NA,NA,NA,NA,NA,NA,NA,NA,NA,NA,NA,NA,NA,NA,NA,NA,8.68,226,NA,14.31
430,1.74817,92,168,"2026-05-30_PSIMI",4.20238695579089,NA,NA,NA,NA,NA,NA,NA,NA,NA,NA,NA,NA,NA,NA,NA,NA,NA,NA,8.68,226,NA,14.2776
431,1.75213,92,169,"2026-05-30_PSIMI",4.21300977418268,NA,NA,NA,NA,NA,NA,NA,NA,NA,NA,NA,NA,NA,NA,NA,NA,NA,NA,8.68,226,NA,14.2416
432,1.75607,92.5,169,"2026-05-30_PSIMI",4.22261633307998,NA,NA,NA,NA,NA,NA,NA,NA,NA,NA,NA,NA,NA,NA,NA,NA,NA,NA,8.48,225,NA,14.2092
433,1.76001,92,169,"2026-05-30_PSIMI",4.2322668020992,NA,NA,NA,NA,NA,NA,NA,NA,NA,NA,NA,NA,NA,NA,NA,NA,NA,NA,8.48,225,NA,14.1768
434,1.764,92,169,"2026-05-30_PSIMI",4.17292605575029,NA,NA,NA,NA,NA,NA,NA,NA,NA,NA,NA,NA,NA,NA,NA,NA,NA,NA,8.71,225,NA,14.3784
435,1.76805,91.5,169,"2026-05-30_PSIMI",4.11522633744856,NA,NA,NA,NA,NA,NA,NA,NA,NA,NA,NA,NA,NA,NA,NA,NA,NA,NA,8.75,224,NA,14.58
436,1.77216,90.5,169,"2026-05-30_PSIMI",4.05910050332846,NA,NA,NA,NA,NA,NA,NA,NA,NA,NA,NA,NA,NA,NA,NA,NA,NA,NA,8.98,224,NA,14.7816
437,1.77632,89.5,170,"2026-05-30_PSIMI",4.00544740847553,NA,NA,NA,NA,NA,NA,NA,NA,NA,NA,NA,NA,NA,NA,NA,NA,NA,NA,9.02,223,NA,14.9796
438,1.78051,89.5,170,"2026-05-30_PSIMI",3.97867430572133,NA,NA,NA,NA,NA,NA,NA,NA,NA,NA,NA,NA,NA,NA,NA,NA,NA,NA,9.23,224,NA,15.0804
439,1.78468,89.5,170,"2026-05-30_PSIMI",3.99584432190522,NA,NA,NA,NA,NA,NA,NA,NA,NA,NA,NA,NA,NA,NA,NA,NA,NA,NA,9.23,224,NA,15.0156
440,1.78877,90,170,"2026-05-30_PSIMI",4.07797080172906,NA,NA,NA,NA,NA,NA,NA,NA,NA,NA,NA,NA,NA,NA,NA,NA,NA,NA,9.12,227,NA,14.7132
441,1.79281,89.5,170,"2026-05-30_PSIMI",4.12541254125412,NA,NA,NA,NA,NA,NA,NA,NA,NA,NA,NA,NA,NA,NA,NA,NA,NA,NA,9.09,228,NA,14.544
442,1.79681,89.5,170,"2026-05-30_PSIMI",4.16354400866017,NA,NA,NA,NA,NA,NA,NA,NA,NA,NA,NA,NA,NA,NA,NA,NA,NA,NA,9.05,229,NA,14.4108
443,1.80081,89.5,170,"2026-05-30_PSIMI",4.17292605575029,NA,NA,NA,NA,NA,NA,NA,NA,NA,NA,NA,NA,NA,NA,NA,NA,NA,NA,9.05,229,NA,14.3784
444,1.80482,89.5,170,"2026-05-30_PSIMI",4.15420405450316,NA,NA,NA,NA,NA,NA,NA,NA,NA,NA,NA,NA,NA,NA,NA,NA,NA,NA,9.05,229,NA,14.4432
445,1.80885,89.5,170,"2026-05-30_PSIMI",4.13462333581411,NA,NA,NA,NA,NA,NA,NA,NA,NA,NA,NA,NA,NA,NA,NA,NA,NA,NA,9.09,228,NA,14.5116
446,1.81293,89.5,170,"2026-05-30_PSIMI",4.08697073728952,NA,NA,NA,NA,NA,NA,NA,NA,NA,NA,NA,NA,NA,NA,NA,NA,NA,NA,9.12,227,NA,14.6808
447,1.81703,91,170,"2026-05-30_PSIMI",4.05910050332846,NA,NA,NA,NA,NA,NA,NA,NA,NA,NA,NA,NA,NA,NA,NA,NA,NA,NA,8.98,224,NA,14.7816
448,1.82116,91,170,"2026-05-30_PSIMI",4.04138376980278,NA,NA,NA,NA,NA,NA,NA,NA,NA,NA,NA,NA,NA,NA,NA,NA,NA,NA,8.99,224,NA,14.8464
449,1.82529,90.5,170,"2026-05-30_PSIMI",4.03258327284458,NA,NA,NA,NA,NA,NA,NA,NA,NA,NA,NA,NA,NA,NA,NA,NA,NA,NA,9.02,223,NA,14.8788
450,1.82939,90.5,170,"2026-05-30_PSIMI",4.05910050332846,NA,NA,NA,NA,NA,NA,NA,NA,NA,NA,NA,NA,NA,NA,NA,NA,NA,NA,8.98,224,NA,14.7816
451,1.83346,90.5,171,"2026-05-30_PSIMI",4.09701737135365,NA,NA,NA,NA,NA,NA,NA,NA,NA,NA,NA,NA,NA,NA,NA,NA,NA,NA,8.95,225,NA,14.6448
452,1.83751,90.5,170,"2026-05-30_PSIMI",4.12541254125412,NA,NA,NA,NA,NA,NA,NA,NA,NA,NA,NA,NA,NA,NA,NA,NA,NA,NA,8.91,226,NA,14.544
453,1.84152,90.5,170,"2026-05-30_PSIMI",4.1438753522294,NA,NA,NA,NA,NA,NA,NA,NA,NA,NA,NA,NA,NA,NA,NA,NA,NA,NA,8.91,226,NA,14.4792
454,1.84553,90.5,170,"2026-05-30_PSIMI",4.16354400866017,NA,NA,NA,NA,NA,NA,NA,NA,NA,NA,NA,NA,NA,NA,NA,NA,NA,NA,8.88,227,NA,14.4108
455,1.84953,90.5,171,"2026-05-30_PSIMI",4.16354400866017,NA,NA,NA,NA,NA,NA,NA,NA,NA,NA,NA,NA,NA,NA,NA,NA,NA,NA,8.88,227,NA,14.4108
456,1.85363,91.5,170,"2026-05-30_PSIMI",4.06901041666667,NA,NA,NA,NA,NA,NA,NA,NA,NA,NA,NA,NA,NA,NA,NA,NA,NA,NA,8.98,224,NA,14.7456
457,1.85779,92,170,"2026-05-30_PSIMI",4.00544740847553,NA,NA,NA,NA,NA,NA,NA,NA,NA,NA,NA,NA,NA,NA,NA,NA,NA,NA,8.85,221,NA,14.9796
458,1.862,92,169,"2026-05-30_PSIMI",3.95225673859774,NA,NA,NA,NA,NA,NA,NA,NA,NA,NA,NA,NA,NA,NA,NA,NA,NA,NA,8.92,219,NA,15.1812
459,1.86624,92,169,"2026-05-30_PSIMI",3.93452943028014,NA,NA,NA,NA,NA,NA,NA,NA,NA,NA,NA,NA,NA,NA,NA,NA,NA,NA,8.92,219,NA,15.2496
460,1.87043,91.5,169,"2026-05-30_PSIMI",3.97867430572133,NA,NA,NA,NA,NA,NA,NA,NA,NA,NA,NA,NA,NA,NA,NA,NA,NA,NA,8.88,220,NA,15.0804
461,1.87458,91,170,"2026-05-30_PSIMI",4.01412973667309,NA,NA,NA,NA,NA,NA,NA,NA,NA,NA,NA,NA,NA,NA,NA,NA,NA,NA,8.85,221,NA,14.9472
462,1.87875,91,169,"2026-05-30_PSIMI",3.99584432190522,NA,NA,NA,NA,NA,NA,NA,NA,NA,NA,NA,NA,NA,NA,NA,NA,NA,NA,9.05,222,NA,15.0156
463,1.88295,89.5,169,"2026-05-30_PSIMI",3.96919901563864,NA,NA,NA,NA,NA,NA,NA,NA,NA,NA,NA,NA,NA,NA,NA,NA,NA,NA,9.05,222,NA,15.1164
464,1.88697,89.5,169,"2026-05-30_PSIMI",4.1438753522294,NA,NA,NA,NA,NA,NA,NA,NA,NA,NA,NA,NA,NA,NA,NA,NA,NA,NA,9.09,228,NA,14.4792
465,1.89091,89.5,169,"2026-05-30_PSIMI",4.2322668020992,NA,NA,NA,NA,NA,NA,NA,NA,NA,NA,NA,NA,NA,NA,NA,NA,NA,NA,8.98,231,NA,14.1768
466,1.89495,89.5,168,"2026-05-30_PSIMI",4.12541254125412,NA,NA,NA,NA,NA,NA,NA,NA,NA,NA,NA,NA,NA,NA,NA,NA,NA,NA,9.09,228,NA,14.544
467,1.89902,90,168,"2026-05-30_PSIMI",4.09701737135365,NA,NA,NA,NA,NA,NA,NA,NA,NA,NA,NA,NA,NA,NA,NA,NA,NA,NA,9.12,227,NA,14.6448
468,1.90303,90.5,168,"2026-05-30_PSIMI",4.15420405450316,NA,NA,NA,NA,NA,NA,NA,NA,NA,NA,NA,NA,NA,NA,NA,NA,NA,NA,9.05,229,NA,14.4432
469,1.90702,90.5,168,"2026-05-30_PSIMI",4.18340026773762,NA,NA,NA,NA,NA,NA,NA,NA,NA,NA,NA,NA,NA,NA,NA,NA,NA,NA,8.88,227,NA,14.3424
470,1.91098,90.5,168,"2026-05-30_PSIMI",4.20238695579089,NA,NA,NA,NA,NA,NA,NA,NA,NA,NA,NA,NA,NA,NA,NA,NA,NA,NA,8.84,228,NA,14.2776
471,1.91493,90.5,168,"2026-05-30_PSIMI",4.22261633307998,NA,NA,NA,NA,NA,NA,NA,NA,NA,NA,NA,NA,NA,NA,NA,NA,NA,NA,8.84,228,NA,14.2092
472,1.91883,90.5,168,"2026-05-30_PSIMI",4.27350427350427,NA,NA,NA,NA,NA,NA,NA,NA,NA,NA,NA,NA,NA,NA,NA,NA,NA,NA,8.77,230,NA,14.04
473,1.92271,89.5,168,"2026-05-30_PSIMI",4.29331959471063,NA,NA,NA,NA,NA,NA,NA,NA,NA,NA,NA,NA,NA,NA,NA,NA,NA,NA,8.77,230,NA,13.9752
474,1.92669,89.5,168,"2026-05-30_PSIMI",4.19287211740042,NA,NA,NA,NA,NA,NA,NA,NA,NA,NA,NA,NA,NA,NA,NA,NA,NA,NA,9.02,230,NA,14.31
475,1.93073,89,168,"2026-05-30_PSIMI",4.12541254125412,NA,NA,NA,NA,NA,NA,NA,NA,NA,NA,NA,NA,NA,NA,NA,NA,NA,NA,9.27,230,NA,14.544
476,1.93482,89.5,168,"2026-05-30_PSIMI",4.06901041666667,NA,NA,NA,NA,NA,NA,NA,NA,NA,NA,NA,NA,NA,NA,NA,NA,NA,NA,9.34,228,NA,14.7456
477,1.93896,89.5,168,"2026-05-30_PSIMI",4.03258327284458,NA,NA,NA,NA,NA,NA,NA,NA,NA,NA,NA,NA,NA,NA,NA,NA,NA,NA,9.19,225,NA,14.8788
478,1.94304,89.5,168,"2026-05-30_PSIMI",4.07797080172906,NA,NA,NA,NA,NA,NA,NA,NA,NA,NA,NA,NA,NA,NA,NA,NA,NA,NA,9.12,227,NA,14.7132
479,1.94709,90,168,"2026-05-30_PSIMI",4.11522633744856,NA,NA,NA,NA,NA,NA,NA,NA,NA,NA,NA,NA,NA,NA,NA,NA,NA,NA,9.09,228,NA,14.58
480,1.95117,90.5,168,"2026-05-30_PSIMI",4.08697073728952,NA,NA,NA,NA,NA,NA,NA,NA,NA,NA,NA,NA,NA,NA,NA,NA,NA,NA,9.12,227,NA,14.6808
481,1.95527,90.5,168,"2026-05-30_PSIMI",4.05910050332846,NA,NA,NA,NA,NA,NA,NA,NA,NA,NA,NA,NA,NA,NA,NA,NA,NA,NA,8.98,224,NA,14.7816
482,1.9594,90.5,168,"2026-05-30_PSIMI",4.04138376980278,NA,NA,NA,NA,NA,NA,NA,NA,NA,NA,NA,NA,NA,NA,NA,NA,NA,NA,8.99,224,NA,14.8464
483,1.96344,90,169,"2026-05-30_PSIMI",4.12541254125412,NA,NA,NA,NA,NA,NA,NA,NA,NA,NA,NA,NA,NA,NA,NA,NA,NA,NA,9.09,228,NA,14.544
484,1.96743,90.5,168,"2026-05-30_PSIMI",4.17292605575029,NA,NA,NA,NA,NA,NA,NA,NA,NA,NA,NA,NA,NA,NA,NA,NA,NA,NA,9.05,229,NA,14.3784
485,1.9714,90.5,168,"2026-05-30_PSIMI",4.20238695579089,NA,NA,NA,NA,NA,NA,NA,NA,NA,NA,NA,NA,NA,NA,NA,NA,NA,NA,8.84,228,NA,14.2776
486,1.97545,90.5,168,"2026-05-30_PSIMI",4.11522633744856,NA,NA,NA,NA,NA,NA,NA,NA,NA,NA,NA,NA,NA,NA,NA,NA,NA,NA,8.92,226,NA,14.58
487,1.97957,90.5,168,"2026-05-30_PSIMI",4.04138376980278,NA,NA,NA,NA,NA,NA,NA,NA,NA,NA,NA,NA,NA,NA,NA,NA,NA,NA,8.99,224,NA,14.8464
488,1.98362,90.5,169,"2026-05-30_PSIMI",4.11522633744856,NA,NA,NA,NA,NA,NA,NA,NA,NA,NA,NA,NA,NA,NA,NA,NA,NA,NA,8.92,226,NA,14.58
489,1.98761,90.5,168,"2026-05-30_PSIMI",4.17292605575029,NA,NA,NA,NA,NA,NA,NA,NA,NA,NA,NA,NA,NA,NA,NA,NA,NA,NA,8.88,227,NA,14.3784
490,1.99165,90.5,168,"2026-05-30_PSIMI",4.12541254125412,NA,NA,NA,NA,NA,NA,NA,NA,NA,NA,NA,NA,NA,NA,NA,NA,NA,NA,8.91,226,NA,14.544
491,1.99576,90.5,168,"2026-05-30_PSIMI",4.05910050332846,NA,NA,NA,NA,NA,NA,NA,NA,NA,NA,NA,NA,NA,NA,NA,NA,NA,NA,8.98,224,NA,14.7816
492,1.99988,90.5,168,"2026-05-30_PSIMI",4.04138376980278,NA,NA,NA,NA,NA,NA,NA,NA,NA,NA,NA,NA,NA,NA,NA,NA,NA,NA,8.99,224,NA,14.8464
493,2.00399,91,169,"2026-05-30_PSIMI",4.05910050332846,NA,NA,NA,NA,NA,NA,NA,NA,NA,NA,NA,NA,NA,NA,NA,NA,NA,NA,8.98,224,NA,14.7816
494,2.00804,92,168,"2026-05-30_PSIMI",4.11522633744856,NA,NA,NA,NA,NA,NA,NA,NA,NA,NA,NA,NA,NA,NA,NA,NA,NA,NA,8.92,226,NA,14.58
495,2.01205,92,168,"2026-05-30_PSIMI",4.15420405450316,NA,NA,NA,NA,NA,NA,NA,NA,NA,NA,NA,NA,NA,NA,NA,NA,NA,NA,8.71,225,NA,14.4432
496,2.01605,92.5,169,"2026-05-30_PSIMI",4.17292605575029,NA,NA,NA,NA,NA,NA,NA,NA,NA,NA,NA,NA,NA,NA,NA,NA,NA,NA,8.71,225,NA,14.3784
497,2.02004,92.5,169,"2026-05-30_PSIMI",4.17292605575029,NA,NA,NA,NA,NA,NA,NA,NA,NA,NA,NA,NA,NA,NA,NA,NA,NA,NA,8.52,224,NA,14.3784
498,2.02402,92.5,169,"2026-05-30_PSIMI",4.18340026773762,NA,NA,NA,NA,NA,NA,NA,NA,NA,NA,NA,NA,NA,NA,NA,NA,NA,NA,8.52,224,NA,14.3424
499,2.02803,92.5,169,"2026-05-30_PSIMI",4.16354400866017,NA,NA,NA,NA,NA,NA,NA,NA,NA,NA,NA,NA,NA,NA,NA,NA,NA,NA,8.55,223,NA,14.4108
500,2.03209,90.5,169,"2026-05-30_PSIMI",4.09701737135365,NA,NA,NA,NA,NA,NA,NA,NA,NA,NA,NA,NA,NA,NA,NA,NA,NA,NA,8.78,223,NA,14.6448
501,2.03622,89.5,168,"2026-05-30_PSIMI",4.04138376980278,NA,NA,NA,NA,NA,NA,NA,NA,NA,NA,NA,NA,NA,NA,NA,NA,NA,NA,9.16,226,NA,14.8464
502,2.0404,89,169,"2026-05-30_PSIMI",3.98724082934609,NA,NA,NA,NA,NA,NA,NA,NA,NA,NA,NA,NA,NA,NA,NA,NA,NA,NA,9.23,224,NA,15.048
503,2.0446,89,169,"2026-05-30_PSIMI",3.96919901563864,NA,NA,NA,NA,NA,NA,NA,NA,NA,NA,NA,NA,NA,NA,NA,NA,NA,NA,9.41,226,NA,15.1164
504,2.04872,89,169,"2026-05-30_PSIMI",4.04138376980278,NA,NA,NA,NA,NA,NA,NA,NA,NA,NA,NA,NA,NA,NA,NA,NA,NA,NA,9.34,228,NA,14.8464
505,2.05278,89.5,169,"2026-05-30_PSIMI",4.10610166707728,NA,NA,NA,NA,NA,NA,NA,NA,NA,NA,NA,NA,NA,NA,NA,NA,NA,NA,9.3,229,NA,14.6124
506,2.05679,89.5,170,"2026-05-30_PSIMI",4.15420405450316,NA,NA,NA,NA,NA,NA,NA,NA,NA,NA,NA,NA,NA,NA,NA,NA,NA,NA,9.05,229,NA,14.4432
507,2.06078,89.5,170,"2026-05-30_PSIMI",4.18340026773762,NA,NA,NA,NA,NA,NA,NA,NA,NA,NA,NA,NA,NA,NA,NA,NA,NA,NA,9.05,229,NA,14.3424
508,2.06473,90,170,"2026-05-30_PSIMI",4.21300977418268,NA,NA,NA,NA,NA,NA,NA,NA,NA,NA,NA,NA,NA,NA,NA,NA,NA,NA,9.01,230,NA,14.2416
509,2.06865,90.5,170,"2026-05-30_PSIMI",4.25278557455133,NA,NA,NA,NA,NA,NA,NA,NA,NA,NA,NA,NA,NA,NA,NA,NA,NA,NA,8.98,231,NA,14.1084
510,2.07254,90.5,170,"2026-05-30_PSIMI",4.28338901739056,NA,NA,NA,NA,NA,NA,NA,NA,NA,NA,NA,NA,NA,NA,NA,NA,NA,NA,8.77,230,NA,14.0076
511,2.07642,90.5,170,"2026-05-30_PSIMI",4.29331959471063,NA,NA,NA,NA,NA,NA,NA,NA,NA,NA,NA,NA,NA,NA,NA,NA,NA,NA,8.77,230,NA,13.9752
512,2.08031,90.5,169,"2026-05-30_PSIMI",4.29331959471063,NA,NA,NA,NA,NA,NA,NA,NA,NA,NA,NA,NA,NA,NA,NA,NA,NA,NA,8.77,230,NA,13.9752
513,2.08418,90.5,170,"2026-05-30_PSIMI",4.30440771349862,NA,NA,NA,NA,NA,NA,NA,NA,NA,NA,NA,NA,NA,NA,NA,NA,NA,NA,8.77,230,NA,13.9392
514,2.08805,90.5,170,"2026-05-30_PSIMI",4.30440771349862,NA,NA,NA,NA,NA,NA,NA,NA,NA,NA,NA,NA,NA,NA,NA,NA,NA,NA,8.77,230,NA,13.9392
515,2.09197,90.5,170,"2026-05-30_PSIMI",4.25278557455133,NA,NA,NA,NA,NA,NA,NA,NA,NA,NA,NA,NA,NA,NA,NA,NA,NA,NA,8.81,229,NA,14.1084
516,2.09596,90,170,"2026-05-30_PSIMI",4.17292605575029,NA,NA,NA,NA,NA,NA,NA,NA,NA,NA,NA,NA,NA,NA,NA,NA,NA,NA,8.88,227,NA,14.3784
517,2.09994,88.5,171,"2026-05-30_PSIMI",4.19287211740042,NA,NA,NA,NA,NA,NA,NA,NA,NA,NA,NA,NA,NA,NA,NA,NA,NA,NA,9.19,232,NA,14.31
518,2.10391,88,171,"2026-05-30_PSIMI",4.19287211740042,NA,NA,NA,NA,NA,NA,NA,NA,NA,NA,NA,NA,NA,NA,NA,NA,NA,NA,9.19,232,NA,14.31
519,2.10788,88,171,"2026-05-30_PSIMI",4.20238695579089,NA,NA,NA,NA,NA,NA,NA,NA,NA,NA,NA,NA,NA,NA,NA,NA,NA,NA,9.38,234,NA,14.2776
520,2.1118,88,171,"2026-05-30_PSIMI",4.25278557455133,NA,NA,NA,NA,NA,NA,NA,NA,NA,NA,NA,NA,NA,NA,NA,NA,NA,NA,9.34,235,NA,14.1084
521,2.11568,89.5,171,"2026-05-30_PSIMI",4.29331959471063,NA,NA,NA,NA,NA,NA,NA,NA,NA,NA,NA,NA,NA,NA,NA,NA,NA,NA,9.3,236,NA,13.9752
522,2.11954,89.5,171,"2026-05-30_PSIMI",4.31443610320131,NA,NA,NA,NA,NA,NA,NA,NA,NA,NA,NA,NA,NA,NA,NA,NA,NA,NA,8.9,233,NA,13.9068
523,2.12339,89.5,170,"2026-05-30_PSIMI",4.33576135969476,NA,NA,NA,NA,NA,NA,NA,NA,NA,NA,NA,NA,NA,NA,NA,NA,NA,NA,8.9,233,NA,13.8384
524,2.12722,90,170,"2026-05-30_PSIMI",4.34593654932638,NA,NA,NA,NA,NA,NA,NA,NA,NA,NA,NA,NA,NA,NA,NA,NA,NA,NA,8.9,233,NA,13.806
525,2.13106,90,170,"2026-05-30_PSIMI",4.34593654932638,NA,NA,NA,NA,NA,NA,NA,NA,NA,NA,NA,NA,NA,NA,NA,NA,NA,NA,8.9,233,NA,13.806
526,2.13489,89.5,170,"2026-05-30_PSIMI",4.34593654932638,NA,NA,NA,NA,NA,NA,NA,NA,NA,NA,NA,NA,NA,NA,NA,NA,NA,NA,8.9,233,NA,13.806
527,2.13883,89.5,170,"2026-05-30_PSIMI",4.2322668020992,NA,NA,NA,NA,NA,NA,NA,NA,NA,NA,NA,NA,NA,NA,NA,NA,NA,NA,8.98,231,NA,14.1768
528,2.14285,89,171,"2026-05-30_PSIMI",4.1438753522294,NA,NA,NA,NA,NA,NA,NA,NA,NA,NA,NA,NA,NA,NA,NA,NA,NA,NA,9.09,228,NA,14.4792
529,2.14692,87.5,170,"2026-05-30_PSIMI",4.09701737135365,NA,NA,NA,NA,NA,NA,NA,NA,NA,NA,NA,NA,NA,NA,NA,NA,NA,NA,9.3,229,NA,14.6448
530,2.15102,87.5,170,"2026-05-30_PSIMI",4.05910050332846,NA,NA,NA,NA,NA,NA,NA,NA,NA,NA,NA,NA,NA,NA,NA,NA,NA,NA,9.53,230,NA,14.7816
531,2.15525,87.5,170,"2026-05-30_PSIMI",3.94290671082722,NA,NA,NA,NA,NA,NA,NA,NA,NA,NA,NA,NA,NA,NA,NA,NA,NA,NA,9.64,227,NA,15.2172
532,2.1596,89,170,"2026-05-30_PSIMI",3.83318000613309,NA,NA,NA,NA,NA,NA,NA,NA,NA,NA,NA,NA,NA,NA,NA,NA,NA,NA,9.75,224,NA,15.6528
533,2.16411,89.5,170,"2026-05-30_PSIMI",3.69795133496043,NA,NA,NA,NA,NA,NA,NA,NA,NA,NA,NA,NA,NA,NA,NA,NA,NA,NA,9.72,217,NA,16.2252
534,2.16872,89.5,170,"2026-05-30_PSIMI",3.60828462149094,NA,NA,NA,NA,NA,NA,NA,NA,NA,NA,NA,NA,NA,NA,NA,NA,NA,NA,9.63,212,NA,16.6284
535,2.17326,89.5,170,"2026-05-30_PSIMI",3.67511944138184,NA,NA,NA,NA,NA,NA,NA,NA,NA,NA,NA,NA,NA,NA,NA,NA,NA,NA,9.57,214,NA,16.326
536,2.17772,89.5,171,"2026-05-30_PSIMI",3.73692077727952,NA,NA,NA,NA,NA,NA,NA,NA,NA,NA,NA,NA,NA,NA,NA,NA,NA,NA,9.5,216,NA,16.056
537,2.1821,89.5,171,"2026-05-30_PSIMI",3.80083618396047,NA,NA,NA,NA,NA,NA,NA,NA,NA,NA,NA,NA,NA,NA,NA,NA,NA,NA,9.4,219,NA,15.786
538,2.18643,89.5,171,"2026-05-30_PSIMI",3.85000385000385,NA,NA,NA,NA,NA,NA,NA,NA,NA,NA,NA,NA,NA,NA,NA,NA,NA,NA,9.37,220,NA,15.5844
539,2.19069,89.5,171,"2026-05-30_PSIMI",3.91696043869957,NA,NA,NA,NA,NA,NA,NA,NA,NA,NA,NA,NA,NA,NA,NA,NA,NA,NA,9.3,222,NA,15.318
540,2.1949,89.5,171,"2026-05-30_PSIMI",3.96070975918885,NA,NA,NA,NA,NA,NA,NA,NA,NA,NA,NA,NA,NA,NA,NA,NA,NA,NA,9.26,223,NA,15.1488
541,2.19909,89.5,171,"2026-05-30_PSIMI",3.97867430572133,NA,NA,NA,NA,NA,NA,NA,NA,NA,NA,NA,NA,NA,NA,NA,NA,NA,NA,9.23,224,NA,15.0804
542,2.20326,89.5,171,"2026-05-30_PSIMI",3.99584432190522,NA,NA,NA,NA,NA,NA,NA,NA,NA,NA,NA,NA,NA,NA,NA,NA,NA,NA,9.23,224,NA,15.0156
543,2.20743,89.5,171,"2026-05-30_PSIMI",3.99584432190522,NA,NA,NA,NA,NA,NA,NA,NA,NA,NA,NA,NA,NA,NA,NA,NA,NA,NA,9.23,224,NA,15.0156
544,2.21158,90,170,"2026-05-30_PSIMI",4.01412973667309,NA,NA,NA,NA,NA,NA,NA,NA,NA,NA,NA,NA,NA,NA,NA,NA,NA,NA,9.2,225,NA,14.9472
545,2.21572,88.5,170,"2026-05-30_PSIMI",4.02284978678896,NA,NA,NA,NA,NA,NA,NA,NA,NA,NA,NA,NA,NA,NA,NA,NA,NA,NA,9.2,225,NA,14.9148
546,2.21986,88.5,170,"2026-05-30_PSIMI",4.03258327284458,NA,NA,NA,NA,NA,NA,NA,NA,NA,NA,NA,NA,NA,NA,NA,NA,NA,NA,9.38,227,NA,14.8788
547,2.22398,88.5,170,"2026-05-30_PSIMI",4.04138376980278,NA,NA,NA,NA,NA,NA,NA,NA,NA,NA,NA,NA,NA,NA,NA,NA,NA,NA,9.34,228,NA,14.8464
548,2.22805,89.5,170,"2026-05-30_PSIMI",4.09701737135365,NA,NA,NA,NA,NA,NA,NA,NA,NA,NA,NA,NA,NA,NA,NA,NA,NA,NA,9.12,227,NA,14.6448
549,2.23205,89.5,170,"2026-05-30_PSIMI",4.16354400866017,NA,NA,NA,NA,NA,NA,NA,NA,NA,NA,NA,NA,NA,NA,NA,NA,NA,NA,9.05,229,NA,14.4108
550,2.23602,89.5,170,"2026-05-30_PSIMI",4.20238695579089,NA,NA,NA,NA,NA,NA,NA,NA,NA,NA,NA,NA,NA,NA,NA,NA,NA,NA,9.01,230,NA,14.2776
551,2.23998,89.5,170,"2026-05-30_PSIMI",4.20238695579089,NA,NA,NA,NA,NA,NA,NA,NA,NA,NA,NA,NA,NA,NA,NA,NA,NA,NA,9.01,230,NA,14.2776
552,2.24395,89.5,170,"2026-05-30_PSIMI",4.20238695579089,NA,NA,NA,NA,NA,NA,NA,NA,NA,NA,NA,NA,NA,NA,NA,NA,NA,NA,9.01,230,NA,14.2776
553,2.24789,89.5,170,"2026-05-30_PSIMI",4.2322668020992,NA,NA,NA,NA,NA,NA,NA,NA,NA,NA,NA,NA,NA,NA,NA,NA,NA,NA,8.98,231,NA,14.1768
554,2.2518,89.5,169,"2026-05-30_PSIMI",4.26257459505541,NA,NA,NA,NA,NA,NA,NA,NA,NA,NA,NA,NA,NA,NA,NA,NA,NA,NA,8.98,231,NA,14.076
555,2.2557,89.5,169,"2026-05-30_PSIMI",4.27350427350427,NA,NA,NA,NA,NA,NA,NA,NA,NA,NA,NA,NA,NA,NA,NA,NA,NA,NA,8.94,232,NA,14.04
556,2.25959,89.5,169,"2026-05-30_PSIMI",4.28338901739056,NA,NA,NA,NA,NA,NA,NA,NA,NA,NA,NA,NA,NA,NA,NA,NA,NA,NA,8.94,232,NA,14.0076
557,2.26347,89.5,169,"2026-05-30_PSIMI",4.29331959471063,NA,NA,NA,NA,NA,NA,NA,NA,NA,NA,NA,NA,NA,NA,NA,NA,NA,NA,8.94,232,NA,13.9752
558,2.26734,89.5,169,"2026-05-30_PSIMI",4.30440771349862,NA,NA,NA,NA,NA,NA,NA,NA,NA,NA,NA,NA,NA,NA,NA,NA,NA,NA,8.94,232,NA,13.9392
559,2.2712,89.5,169,"2026-05-30_PSIMI",4.31443610320131,NA,NA,NA,NA,NA,NA,NA,NA,NA,NA,NA,NA,NA,NA,NA,NA,NA,NA,8.9,233,NA,13.9068
560,2.27506,90,169,"2026-05-30_PSIMI",4.32451133021969,NA,NA,NA,NA,NA,NA,NA,NA,NA,NA,NA,NA,NA,NA,NA,NA,NA,NA,8.9,233,NA,13.8744
561,2.27903,90.5,169,"2026-05-30_PSIMI",4.19287211740042,NA,NA,NA,NA,NA,NA,NA,NA,NA,NA,NA,NA,NA,NA,NA,NA,NA,NA,9.02,230,NA,14.31
562,2.28306,90.5,169,"2026-05-30_PSIMI",4.13462333581411,NA,NA,NA,NA,NA,NA,NA,NA,NA,NA,NA,NA,NA,NA,NA,NA,NA,NA,8.91,226,NA,14.5116
563,2.28713,90.5,170,"2026-05-30_PSIMI",4.09701737135365,NA,NA,NA,NA,NA,NA,NA,NA,NA,NA,NA,NA,NA,NA,NA,NA,NA,NA,8.95,225,NA,14.6448
564,2.29132,90.5,170,"2026-05-30_PSIMI",3.97867430572133,NA,NA,NA,NA,NA,NA,NA,NA,NA,NA,NA,NA,NA,NA,NA,NA,NA,NA,9.05,222,NA,15.0804
565,2.29564,90,170,"2026-05-30_PSIMI",3.85802469135802,NA,NA,NA,NA,NA,NA,NA,NA,NA,NA,NA,NA,NA,NA,NA,NA,NA,NA,9.19,218,NA,15.552
566,2.30007,90,171,"2026-05-30_PSIMI",3.76052948255114,NA,NA,NA,NA,NA,NA,NA,NA,NA,NA,NA,NA,NA,NA,NA,NA,NA,NA,9.47,217,NA,15.9552
567,2.30446,90,171,"2026-05-30_PSIMI",3.80083618396047,NA,NA,NA,NA,NA,NA,NA,NA,NA,NA,NA,NA,NA,NA,NA,NA,NA,NA,9.4,219,NA,15.786
568,2.30877,90,171,"2026-05-30_PSIMI",3.86607902265522,NA,NA,NA,NA,NA,NA,NA,NA,NA,NA,NA,NA,NA,NA,NA,NA,NA,NA,9.33,221,NA,15.5196
569,2.313,89.5,171,"2026-05-30_PSIMI",3.93452943028014,NA,NA,NA,NA,NA,NA,NA,NA,NA,NA,NA,NA,NA,NA,NA,NA,NA,NA,9.27,223,NA,15.2496
570,2.31718,88.5,172,"2026-05-30_PSIMI",3.98724082934609,NA,NA,NA,NA,NA,NA,NA,NA,NA,NA,NA,NA,NA,NA,NA,NA,NA,NA,9.41,226,NA,15.048
571,2.32136,88.5,172,"2026-05-30_PSIMI",3.99584432190522,NA,NA,NA,NA,NA,NA,NA,NA,NA,NA,NA,NA,NA,NA,NA,NA,NA,NA,9.41,226,NA,15.0156
572,2.32552,88,172,"2026-05-30_PSIMI",4.00544740847553,NA,NA,NA,NA,NA,NA,NA,NA,NA,NA,NA,NA,NA,NA,NA,NA,NA,NA,9.38,227,NA,14.9796
573,2.32959,87.5,172,"2026-05-30_PSIMI",4.08697073728952,NA,NA,NA,NA,NA,NA,NA,NA,NA,NA,NA,NA,NA,NA,NA,NA,NA,NA,9.49,231,NA,14.6808
574,2.33361,87.5,171,"2026-05-30_PSIMI",4.15420405450316,NA,NA,NA,NA,NA,NA,NA,NA,NA,NA,NA,NA,NA,NA,NA,NA,NA,NA,9.42,233,NA,14.4432
575,2.33784,87.5,171,"2026-05-30_PSIMI",3.93452943028014,NA,NA,NA,NA,NA,NA,NA,NA,NA,NA,NA,NA,NA,NA,NA,NA,NA,NA,9.64,227,NA,15.2496
576,2.34228,90,171,"2026-05-30_PSIMI",3.75290850409067,NA,NA,NA,NA,NA,NA,NA,NA,NA,NA,NA,NA,NA,NA,NA,NA,NA,NA,9.66,219,NA,15.9876
577,2.34691,90.5,171,"2026-05-30_PSIMI",3.60126764621147,NA,NA,NA,NA,NA,NA,NA,NA,NA,NA,NA,NA,NA,NA,NA,NA,NA,NA,9.63,212,NA,16.6608
578,2.35169,90.5,172,"2026-05-30_PSIMI",3.48894006000977,NA,NA,NA,NA,NA,NA,NA,NA,NA,NA,NA,NA,NA,NA,NA,NA,NA,NA,9.56,206,NA,17.1972
579,2.3566,90.5,171,"2026-05-30_PSIMI",3.39581635425156,NA,NA,NA,NA,NA,NA,NA,NA,NA,NA,NA,NA,NA,NA,NA,NA,NA,NA,9.68,202,NA,17.6688
580,2.36131,90.5,171,"2026-05-30_PSIMI",3.53706847764573,NA,NA,NA,NA,NA,NA,NA,NA,NA,NA,NA,NA,NA,NA,NA,NA,NA,NA,9.54,207,NA,16.9632
581,2.36589,88.5,172,"2026-05-30_PSIMI",3.63821581896238,NA,NA,NA,NA,NA,NA,NA,NA,NA,NA,NA,NA,NA,NA,NA,NA,NA,NA,9.41,211,NA,16.4916
582,2.37038,88,172,"2026-05-30_PSIMI",3.71360665478313,NA,NA,NA,NA,NA,NA,NA,NA,NA,NA,NA,NA,NA,NA,NA,NA,NA,NA,9.69,218,NA,16.1568
583,2.37475,88,172,"2026-05-30_PSIMI",3.81650255705671,NA,NA,NA,NA,NA,NA,NA,NA,NA,NA,NA,NA,NA,NA,NA,NA,NA,NA,9.78,223,NA,15.7212
584,2.37906,87,172,"2026-05-30_PSIMI",3.86607902265522,NA,NA,NA,NA,NA,NA,NA,NA,NA,NA,NA,NA,NA,NA,NA,NA,NA,NA,9.71,225,NA,15.5196
585,2.38346,87,172,"2026-05-30_PSIMI",3.78443838934302,NA,NA,NA,NA,NA,NA,NA,NA,NA,NA,NA,NA,NA,NA,NA,NA,NA,NA,10.02,224,NA,15.8544
586,2.38792,88,171,"2026-05-30_PSIMI",3.73692077727952,NA,NA,NA,NA,NA,NA,NA,NA,NA,NA,NA,NA,NA,NA,NA,NA,NA,NA,10.05,223,NA,16.056
587,2.39222,88.5,171,"2026-05-30_PSIMI",3.87506781368674,NA,NA,NA,NA,NA,NA,NA,NA,NA,NA,NA,NA,NA,NA,NA,NA,NA,NA,9.71,225,NA,15.4836
588,2.39643,88.5,171,"2026-05-30_PSIMI",3.96070975918885,NA,NA,NA,NA,NA,NA,NA,NA,NA,NA,NA,NA,NA,NA,NA,NA,NA,NA,9.45,225,NA,15.1488
589,2.40054,88.5,171,"2026-05-30_PSIMI",4.05910050332846,NA,NA,NA,NA,NA,NA,NA,NA,NA,NA,NA,NA,NA,NA,NA,NA,NA,NA,9.34,228,NA,14.7816
590,2.40455,88.5,172,"2026-05-30_PSIMI",4.15420405450316,NA,NA,NA,NA,NA,NA,NA,NA,NA,NA,NA,NA,NA,NA,NA,NA,NA,NA,9.23,231,NA,14.4432
591,2.40848,89,172,"2026-05-30_PSIMI",4.2322668020992,NA,NA,NA,NA,NA,NA,NA,NA,NA,NA,NA,NA,NA,NA,NA,NA,NA,NA,9.16,233,NA,14.1768
592,2.41239,89,172,"2026-05-30_PSIMI",4.27350427350427,NA,NA,NA,NA,NA,NA,NA,NA,NA,NA,NA,NA,NA,NA,NA,NA,NA,NA,9.12,234,NA,14.04
593,2.41626,89.5,171,"2026-05-30_PSIMI",4.30440771349862,NA,NA,NA,NA,NA,NA,NA,NA,NA,NA,NA,NA,NA,NA,NA,NA,NA,NA,9.11,234,NA,13.9392
594,2.42011,89.5,171,"2026-05-30_PSIMI",4.32451133021969,NA,NA,NA,NA,NA,NA,NA,NA,NA,NA,NA,NA,NA,NA,NA,NA,NA,NA,8.9,233,NA,13.8744
595,2.42396,90.5,171,"2026-05-30_PSIMI",4.32451133021969,NA,NA,NA,NA,NA,NA,NA,NA,NA,NA,NA,NA,NA,NA,NA,NA,NA,NA,8.9,233,NA,13.8744
596,2.42785,90.5,171,"2026-05-30_PSIMI",4.29331959471063,NA,NA,NA,NA,NA,NA,NA,NA,NA,NA,NA,NA,NA,NA,NA,NA,NA,NA,8.77,230,NA,13.9752
597,2.43177,90.5,171,"2026-05-30_PSIMI",4.24304141208418,NA,NA,NA,NA,NA,NA,NA,NA,NA,NA,NA,NA,NA,NA,NA,NA,NA,NA,8.81,229,NA,14.1408
598,2.4358,89.5,171,"2026-05-30_PSIMI",4.1438753522294,NA,NA,NA,NA,NA,NA,NA,NA,NA,NA,NA,NA,NA,NA,NA,NA,NA,NA,8.91,226,NA,14.4792
599,2.43989,88.5,171,"2026-05-30_PSIMI",4.07797080172906,NA,NA,NA,NA,NA,NA,NA,NA,NA,NA,NA,NA,NA,NA,NA,NA,NA,NA,9.12,227,NA,14.7132
600,2.44401,87.5,170,"2026-05-30_PSIMI",4.04138376980278,NA,NA,NA,NA,NA,NA,NA,NA,NA,NA,NA,NA,NA,NA,NA,NA,NA,NA,9.34,228,NA,14.8464
601,2.44809,87.5,170,"2026-05-30_PSIMI",4.07797080172906,NA,NA,NA,NA,NA,NA,NA,NA,NA,NA,NA,NA,NA,NA,NA,NA,NA,NA,9.49,231,NA,14.7132
602,2.45216,88.5,170,"2026-05-30_PSIMI",4.09701737135365,NA,NA,NA,NA,NA,NA,NA,NA,NA,NA,NA,NA,NA,NA,NA,NA,NA,NA,9.49,231,NA,14.6448
603,2.45621,88.5,170,"2026-05-30_PSIMI",4.11522633744856,NA,NA,NA,NA,NA,NA,NA,NA,NA,NA,NA,NA,NA,NA,NA,NA,NA,NA,9.27,230,NA,14.58
604,2.46025,88.5,170,"2026-05-30_PSIMI",4.12541254125412,NA,NA,NA,NA,NA,NA,NA,NA,NA,NA,NA,NA,NA,NA,NA,NA,NA,NA,9.27,230,NA,14.544
605,2.46427,89,169,"2026-05-30_PSIMI",4.1438753522294,NA,NA,NA,NA,NA,NA,NA,NA,NA,NA,NA,NA,NA,NA,NA,NA,NA,NA,9.27,230,NA,14.4792
606,2.46831,89.5,170,"2026-05-30_PSIMI",4.12541254125412,NA,NA,NA,NA,NA,NA,NA,NA,NA,NA,NA,NA,NA,NA,NA,NA,NA,NA,9.27,230,NA,14.544
607,2.47236,89.5,170,"2026-05-30_PSIMI",4.11522633744856,NA,NA,NA,NA,NA,NA,NA,NA,NA,NA,NA,NA,NA,NA,NA,NA,NA,NA,9.27,230,NA,14.58
608,2.47643,89.5,170,"2026-05-30_PSIMI",4.10610166707728,NA,NA,NA,NA,NA,NA,NA,NA,NA,NA,NA,NA,NA,NA,NA,NA,NA,NA,9.3,229,NA,14.6124
609,2.48048,89,170,"2026-05-30_PSIMI",4.10610166707728,NA,NA,NA,NA,NA,NA,NA,NA,NA,NA,NA,NA,NA,NA,NA,NA,NA,NA,9.3,229,NA,14.6124
610,2.48455,88.5,170,"2026-05-30_PSIMI",4.09701737135365,NA,NA,NA,NA,NA,NA,NA,NA,NA,NA,NA,NA,NA,NA,NA,NA,NA,NA,9.3,229,NA,14.6448
611,2.48862,88.5,170,"2026-05-30_PSIMI",4.09701737135365,NA,NA,NA,NA,NA,NA,NA,NA,NA,NA,NA,NA,NA,NA,NA,NA,NA,NA,9.3,229,NA,14.6448
612,2.49271,88.5,171,"2026-05-30_PSIMI",4.06901041666667,NA,NA,NA,NA,NA,NA,NA,NA,NA,NA,NA,NA,NA,NA,NA,NA,NA,NA,9.34,228,NA,14.7456
613,2.49684,89,170,"2026-05-30_PSIMI",4.04138376980278,NA,NA,NA,NA,NA,NA,NA,NA,NA,NA,NA,NA,NA,NA,NA,NA,NA,NA,9.34,228,NA,14.8464
614,2.50122,89.5,170,"2026-05-30_PSIMI",3.80083618396047,NA,NA,NA,NA,NA,NA,NA,NA,NA,NA,NA,NA,NA,NA,NA,NA,NA,NA,9.59,221,NA,15.786
615,2.50577,89.5,170,"2026-05-30_PSIMI",3.66784037558685,NA,NA,NA,NA,NA,NA,NA,NA,NA,NA,NA,NA,NA,NA,NA,NA,NA,NA,9.56,214,NA,16.3584
616,2.51011,89.5,169,"2026-05-30_PSIMI",3.84113082891603,NA,NA,NA,NA,NA,NA,NA,NA,NA,NA,NA,NA,NA,NA,NA,NA,NA,NA,9.37,220,NA,15.6204
617,2.51436,90.5,169,"2026-05-30_PSIMI",3.91696043869957,NA,NA,NA,NA,NA,NA,NA,NA,NA,NA,NA,NA,NA,NA,NA,NA,NA,NA,9.3,222,NA,15.318
618,2.51841,90.5,169,"2026-05-30_PSIMI",4.11522633744856,NA,NA,NA,NA,NA,NA,NA,NA,NA,NA,NA,NA,NA,NA,NA,NA,NA,NA,8.92,226,NA,14.58
619,2.52252,90.5,169,"2026-05-30_PSIMI",4.05022276225192,NA,NA,NA,NA,NA,NA,NA,NA,NA,NA,NA,NA,NA,NA,NA,NA,NA,NA,8.98,224,NA,14.814
620,2.52667,90.5,169,"2026-05-30_PSIMI",4.02284978678896,NA,NA,NA,NA,NA,NA,NA,NA,NA,NA,NA,NA,NA,NA,NA,NA,NA,NA,9.02,223,NA,14.9148
621,2.53084,91.5,169,"2026-05-30_PSIMI",3.99584432190522,NA,NA,NA,NA,NA,NA,NA,NA,NA,NA,NA,NA,NA,NA,NA,NA,NA,NA,8.85,221,NA,15.0156
622,2.53502,91.5,169,"2026-05-30_PSIMI",3.98724082934609,NA,NA,NA,NA,NA,NA,NA,NA,NA,NA,NA,NA,NA,NA,NA,NA,NA,NA,8.88,220,NA,15.048
623,2.53921,90.5,169,"2026-05-30_PSIMI",3.97867430572133,NA,NA,NA,NA,NA,NA,NA,NA,NA,NA,NA,NA,NA,NA,NA,NA,NA,NA,8.88,220,NA,15.0804
624,2.54343,90.5,169,"2026-05-30_PSIMI",3.95225673859774,NA,NA,NA,NA,NA,NA,NA,NA,NA,NA,NA,NA,NA,NA,NA,NA,NA,NA,9.09,221,NA,15.1812
625,2.54766,89,170,"2026-05-30_PSIMI",3.94290671082722,NA,NA,NA,NA,NA,NA,NA,NA,NA,NA,NA,NA,NA,NA,NA,NA,NA,NA,9.27,223,NA,15.2172
626,2.55187,88.5,170,"2026-05-30_PSIMI",3.95225673859774,NA,NA,NA,NA,NA,NA,NA,NA,NA,NA,NA,NA,NA,NA,NA,NA,NA,NA,9.45,225,NA,15.1812
627,2.55608,88,169,"2026-05-30_PSIMI",3.96070975918885,NA,NA,NA,NA,NA,NA,NA,NA,NA,NA,NA,NA,NA,NA,NA,NA,NA,NA,9.45,225,NA,15.1488
628,2.56016,88,169,"2026-05-30_PSIMI",4.08697073728952,NA,NA,NA,NA,NA,NA,NA,NA,NA,NA,NA,NA,NA,NA,NA,NA,NA,NA,9.49,231,NA,14.6808
629,2.56412,88.5,169,"2026-05-30_PSIMI",4.20238695579089,NA,NA,NA,NA,NA,NA,NA,NA,NA,NA,NA,NA,NA,NA,NA,NA,NA,NA,9.19,232,NA,14.2776
630,2.56802,88.5,169,"2026-05-30_PSIMI",4.27350427350427,NA,NA,NA,NA,NA,NA,NA,NA,NA,NA,NA,NA,NA,NA,NA,NA,NA,NA,9.12,234,NA,14.04
631,2.57191,88.5,170,"2026-05-30_PSIMI",4.29331959471063,NA,NA,NA,NA,NA,NA,NA,NA,NA,NA,NA,NA,NA,NA,NA,NA,NA,NA,9.12,234,NA,13.9752
632,2.57589,88.5,169,"2026-05-30_PSIMI",4.18340026773762,NA,NA,NA,NA,NA,NA,NA,NA,NA,NA,NA,NA,NA,NA,NA,NA,NA,NA,9.23,231,NA,14.3424
633,2.57997,89.5,169,"2026-05-30_PSIMI",4.07797080172906,NA,NA,NA,NA,NA,NA,NA,NA,NA,NA,NA,NA,NA,NA,NA,NA,NA,NA,9.31,229,NA,14.7132
634,2.58404,89.5,170,"2026-05-30_PSIMI",4.09701737135365,NA,NA,NA,NA,NA,NA,NA,NA,NA,NA,NA,NA,NA,NA,NA,NA,NA,NA,9.12,227,NA,14.6448
635,2.5881,89.5,169,"2026-05-30_PSIMI",4.10610166707728,NA,NA,NA,NA,NA,NA,NA,NA,NA,NA,NA,NA,NA,NA,NA,NA,NA,NA,9.12,227,NA,14.6124
636,2.59215,89.5,169,"2026-05-30_PSIMI",4.11522633744856,NA,NA,NA,NA,NA,NA,NA,NA,NA,NA,NA,NA,NA,NA,NA,NA,NA,NA,9.09,228,NA,14.58
637,2.59623,88.5,170,"2026-05-30_PSIMI",4.08697073728952,NA,NA,NA,NA,NA,NA,NA,NA,NA,NA,NA,NA,NA,NA,NA,NA,NA,NA,9.31,229,NA,14.6808
638,2.60032,88,169,"2026-05-30_PSIMI",4.06901041666667,NA,NA,NA,NA,NA,NA,NA,NA,NA,NA,NA,NA,NA,NA,NA,NA,NA,NA,9.34,228,NA,14.7456
639,2.60443,88,169,"2026-05-30_PSIMI",4.05910050332846,NA,NA,NA,NA,NA,NA,NA,NA,NA,NA,NA,NA,NA,NA,NA,NA,NA,NA,9.53,230,NA,14.7816
640,2.60846,88,169,"2026-05-30_PSIMI",4.13462333581411,NA,NA,NA,NA,NA,NA,NA,NA,NA,NA,NA,NA,NA,NA,NA,NA,NA,NA,9.45,232,NA,14.5116
641,2.61244,89,169,"2026-05-30_PSIMI",4.19287211740042,NA,NA,NA,NA,NA,NA,NA,NA,NA,NA,NA,NA,NA,NA,NA,NA,NA,NA,9.19,232,NA,14.31
642,2.61651,89.5,169,"2026-05-30_PSIMI",4.08697073728952,NA,NA,NA,NA,NA,NA,NA,NA,NA,NA,NA,NA,NA,NA,NA,NA,NA,NA,9.31,229,NA,14.6808
643,2.62079,89.5,169,"2026-05-30_PSIMI",3.90046025431001,NA,NA,NA,NA,NA,NA,NA,NA,NA,NA,NA,NA,NA,NA,NA,NA,NA,NA,9.3,222,NA,15.3828
644,2.62533,89.5,169,"2026-05-30_PSIMI",3.66784037558685,NA,NA,NA,NA,NA,NA,NA,NA,NA,NA,NA,NA,NA,NA,NA,NA,NA,NA,9.56,214,NA,16.3584
645,2.62963,90,169,"2026-05-30_PSIMI",3.87506781368674,NA,NA,NA,NA,NA,NA,NA,NA,NA,NA,NA,NA,NA,NA,NA,NA,NA,NA,9.33,221,NA,15.4836
646,2.63371,89.5,169,"2026-05-30_PSIMI",4.08697073728952,NA,NA,NA,NA,NA,NA,NA,NA,NA,NA,NA,NA,NA,NA,NA,NA,NA,NA,9.12,227,NA,14.6808
647,2.6377,89.5,169,"2026-05-30_PSIMI",4.17292605575029,NA,NA,NA,NA,NA,NA,NA,NA,NA,NA,NA,NA,NA,NA,NA,NA,NA,NA,9.05,229,NA,14.3784
648,2.64173,89.5,170,"2026-05-30_PSIMI",4.13462333581411,NA,NA,NA,NA,NA,NA,NA,NA,NA,NA,NA,NA,NA,NA,NA,NA,NA,NA,9.09,228,NA,14.5116
649,2.64587,90,169,"2026-05-30_PSIMI",4.03258327284458,NA,NA,NA,NA,NA,NA,NA,NA,NA,NA,NA,NA,NA,NA,NA,NA,NA,NA,9.19,225,NA,14.8788
650,2.65007,90.5,169,"2026-05-30_PSIMI",3.96919901563864,NA,NA,NA,NA,NA,NA,NA,NA,NA,NA,NA,NA,NA,NA,NA,NA,NA,NA,9.23,224,NA,15.1164
651,2.65427,90.5,169,"2026-05-30_PSIMI",3.96070975918885,NA,NA,NA,NA,NA,NA,NA,NA,NA,NA,NA,NA,NA,NA,NA,NA,NA,NA,9.09,221,NA,15.1488
652,2.65844,90.5,169,"2026-05-30_PSIMI",4.00544740847553,NA,NA,NA,NA,NA,NA,NA,NA,NA,NA,NA,NA,NA,NA,NA,NA,NA,NA,9.02,223,NA,14.9796
653,2.66259,89,169,"2026-05-30_PSIMI",4.01412973667309,NA,NA,NA,NA,NA,NA,NA,NA,NA,NA,NA,NA,NA,NA,NA,NA,NA,NA,9.2,225,NA,14.9472
654,2.66673,88.5,169,"2026-05-30_PSIMI",4.02284978678896,NA,NA,NA,NA,NA,NA,NA,NA,NA,NA,NA,NA,NA,NA,NA,NA,NA,NA,9.38,227,NA,14.9148
655,2.67087,88.5,170,"2026-05-30_PSIMI",4.02284978678896,NA,NA,NA,NA,NA,NA,NA,NA,NA,NA,NA,NA,NA,NA,NA,NA,NA,NA,9.38,227,NA,14.9148
656,2.67492,88.5,170,"2026-05-30_PSIMI",4.11522633744856,NA,NA,NA,NA,NA,NA,NA,NA,NA,NA,NA,NA,NA,NA,NA,NA,NA,NA,9.27,230,NA,14.58
657,2.67892,89.5,170,"2026-05-30_PSIMI",4.17292605575029,NA,NA,NA,NA,NA,NA,NA,NA,NA,NA,NA,NA,NA,NA,NA,NA,NA,NA,9.23,231,NA,14.3784
658,2.68293,89.5,170,"2026-05-30_PSIMI",4.15420405450316,NA,NA,NA,NA,NA,NA,NA,NA,NA,NA,NA,NA,NA,NA,NA,NA,NA,NA,9.05,229,NA,14.4432
659,2.68695,89.5,170,"2026-05-30_PSIMI",4.1438753522294,NA,NA,NA,NA,NA,NA,NA,NA,NA,NA,NA,NA,NA,NA,NA,NA,NA,NA,9.09,228,NA,14.4792
660,2.69094,90,169,"2026-05-30_PSIMI",4.25278557455133,NA,NA,NA,NA,NA,NA,NA,NA,NA,NA,NA,NA,NA,NA,NA,NA,NA,NA,9.02,230,NA,14.1084
661,2.69479,90,169,"2026-05-30_PSIMI",4.25278557455133,NA,NA,NA,NA,NA,NA,NA,NA,NA,NA,NA,NA,NA,NA,NA,NA,NA,NA,8.98,231,NA,14.1084
662,2.69879,90.5,170,"2026-05-30_PSIMI",4.16354400866017,NA,NA,NA,NA,NA,NA,NA,NA,NA,NA,NA,NA,NA,NA,NA,NA,NA,NA,9.05,229,NA,14.4108
663,2.70284,90,170,"2026-05-30_PSIMI",4.11522633744856,NA,NA,NA,NA,NA,NA,NA,NA,NA,NA,NA,NA,NA,NA,NA,NA,NA,NA,9.09,228,NA,14.58
664,2.70693,90,170,"2026-05-30_PSIMI",4.07797080172906,NA,NA,NA,NA,NA,NA,NA,NA,NA,NA,NA,NA,NA,NA,NA,NA,NA,NA,9.12,227,NA,14.7132
665,2.71101,87.5,169,"2026-05-30_PSIMI",4.07797080172906,NA,NA,NA,NA,NA,NA,NA,NA,NA,NA,NA,NA,NA,NA,NA,NA,NA,NA,9.12,227,NA,14.7132
666,2.71514,87,170,"2026-05-30_PSIMI",4.04138376980278,NA,NA,NA,NA,NA,NA,NA,NA,NA,NA,NA,NA,NA,NA,NA,NA,NA,NA,9.53,230,NA,14.8464
667,2.71924,87,169,"2026-05-30_PSIMI",4.05910050332846,NA,NA,NA,NA,NA,NA,NA,NA,NA,NA,NA,NA,NA,NA,NA,NA,NA,NA,9.69,233,NA,14.7816
668,2.72336,87,169,"2026-05-30_PSIMI",4.05022276225192,NA,NA,NA,NA,NA,NA,NA,NA,NA,NA,NA,NA,NA,NA,NA,NA,NA,NA,9.73,232,NA,14.814
669,2.72746,88.5,169,"2026-05-30_PSIMI",4.05910050332846,NA,NA,NA,NA,NA,NA,NA,NA,NA,NA,NA,NA,NA,NA,NA,NA,NA,NA,9.69,233,NA,14.7816
670,2.73148,89.5,168,"2026-05-30_PSIMI",4.15420405450316,NA,NA,NA,NA,NA,NA,NA,NA,NA,NA,NA,NA,NA,NA,NA,NA,NA,NA,9.23,231,NA,14.4432
671,2.7354,89.5,168,"2026-05-30_PSIMI",4.25278557455133,NA,NA,NA,NA,NA,NA,NA,NA,NA,NA,NA,NA,NA,NA,NA,NA,NA,NA,8.98,231,NA,14.1084
672,2.73926,89.5,168,"2026-05-30_PSIMI",4.31443610320131,NA,NA,NA,NA,NA,NA,NA,NA,NA,NA,NA,NA,NA,NA,NA,NA,NA,NA,8.9,233,NA,13.9068
673,2.7431,89.5,168,"2026-05-30_PSIMI",4.33576135969476,NA,NA,NA,NA,NA,NA,NA,NA,NA,NA,NA,NA,NA,NA,NA,NA,NA,NA,8.9,233,NA,13.8384
674,2.74696,89.5,168,"2026-05-30_PSIMI",4.32451133021969,NA,NA,NA,NA,NA,NA,NA,NA,NA,NA,NA,NA,NA,NA,NA,NA,NA,NA,8.9,233,NA,13.8744
675,2.75082,89.5,168,"2026-05-30_PSIMI",4.31443610320131,NA,NA,NA,NA,NA,NA,NA,NA,NA,NA,NA,NA,NA,NA,NA,NA,NA,NA,8.9,233,NA,13.9068
676,2.75468,89.5,168,"2026-05-30_PSIMI",4.31443610320131,NA,NA,NA,NA,NA,NA,NA,NA,NA,NA,NA,NA,NA,NA,NA,NA,NA,NA,8.9,233,NA,13.9068
677,2.75854,89.5,168,"2026-05-30_PSIMI",4.31443610320131,NA,NA,NA,NA,NA,NA,NA,NA,NA,NA,NA,NA,NA,NA,NA,NA,NA,NA,8.9,233,NA,13.9068
678,2.7624,89.5,168,"2026-05-30_PSIMI",4.32451133021969,NA,NA,NA,NA,NA,NA,NA,NA,NA,NA,NA,NA,NA,NA,NA,NA,NA,NA,8.9,233,NA,13.8744
679,2.76631,89,168,"2026-05-30_PSIMI",4.26257459505541,NA,NA,NA,NA,NA,NA,NA,NA,NA,NA,NA,NA,NA,NA,NA,NA,NA,NA,8.98,231,NA,14.076
680,2.77028,89,168,"2026-05-30_PSIMI",4.19287211740042,NA,NA,NA,NA,NA,NA,NA,NA,NA,NA,NA,NA,NA,NA,NA,NA,NA,NA,9.19,232,NA,14.31
681,2.77431,87.5,168,"2026-05-30_PSIMI",4.13462333581411,NA,NA,NA,NA,NA,NA,NA,NA,NA,NA,NA,NA,NA,NA,NA,NA,NA,NA,9.27,230,NA,14.5116
682,2.77839,87,168,"2026-05-30_PSIMI",4.08697073728952,NA,NA,NA,NA,NA,NA,NA,NA,NA,NA,NA,NA,NA,NA,NA,NA,NA,NA,9.49,231,NA,14.6808
683,2.78241,87,168,"2026-05-30_PSIMI",4.1438753522294,NA,NA,NA,NA,NA,NA,NA,NA,NA,NA,NA,NA,NA,NA,NA,NA,NA,NA,9.61,235,NA,14.4792
684,2.78639,87,168,"2026-05-30_PSIMI",4.19287211740042,NA,NA,NA,NA,NA,NA,NA,NA,NA,NA,NA,NA,NA,NA,NA,NA,NA,NA,9.57,236,NA,14.31
685,2.79032,88.5,168,"2026-05-30_PSIMI",4.24304141208418,NA,NA,NA,NA,NA,NA,NA,NA,NA,NA,NA,NA,NA,NA,NA,NA,NA,NA,9.34,235,NA,14.1408
686,2.79422,89.5,168,"2026-05-30_PSIMI",4.27350427350427,NA,NA,NA,NA,NA,NA,NA,NA,NA,NA,NA,NA,NA,NA,NA,NA,NA,NA,9.12,234,NA,14.04
687,2.7981,90,168,"2026-05-30_PSIMI",4.29331959471063,NA,NA,NA,NA,NA,NA,NA,NA,NA,NA,NA,NA,NA,NA,NA,NA,NA,NA,8.94,232,NA,13.9752
688,2.80195,90,168,"2026-05-30_PSIMI",4.32451133021969,NA,NA,NA,NA,NA,NA,NA,NA,NA,NA,NA,NA,NA,NA,NA,NA,NA,NA,8.9,233,NA,13.8744
689,2.8058,90.5,168,"2026-05-30_PSIMI",4.32451133021969,NA,NA,NA,NA,NA,NA,NA,NA,NA,NA,NA,NA,NA,NA,NA,NA,NA,NA,8.73,231,NA,13.8744
690,2.80967,90.5,168,"2026-05-30_PSIMI",4.31443610320131,NA,NA,NA,NA,NA,NA,NA,NA,NA,NA,NA,NA,NA,NA,NA,NA,NA,NA,8.73,231,NA,13.9068
691,2.81359,89,168,"2026-05-30_PSIMI",4.24304141208418,NA,NA,NA,NA,NA,NA,NA,NA,NA,NA,NA,NA,NA,NA,NA,NA,NA,NA,8.81,229,NA,14.1408
692,2.81761,89,168,"2026-05-30_PSIMI",4.15420405450316,NA,NA,NA,NA,NA,NA,NA,NA,NA,NA,NA,NA,NA,NA,NA,NA,NA,NA,9.23,231,NA,14.4432
693,2.82168,88.5,169,"2026-05-30_PSIMI",4.09701737135365,NA,NA,NA,NA,NA,NA,NA,NA,NA,NA,NA,NA,NA,NA,NA,NA,NA,NA,9.3,229,NA,14.6448
694,2.82578,88.5,168,"2026-05-30_PSIMI",4.05910050332846,NA,NA,NA,NA,NA,NA,NA,NA,NA,NA,NA,NA,NA,NA,NA,NA,NA,NA,9.34,228,NA,14.7816
695,2.82985,89,168,"2026-05-30_PSIMI",4.09701737135365,NA,NA,NA,NA,NA,NA,NA,NA,NA,NA,NA,NA,NA,NA,NA,NA,NA,NA,9.3,229,NA,14.6448
696,2.83389,89,168,"2026-05-30_PSIMI",4.12541254125412,NA,NA,NA,NA,NA,NA,NA,NA,NA,NA,NA,NA,NA,NA,NA,NA,NA,NA,9.27,230,NA,14.544
697,2.83791,89,168,"2026-05-30_PSIMI",4.1438753522294,NA,NA,NA,NA,NA,NA,NA,NA,NA,NA,NA,NA,NA,NA,NA,NA,NA,NA,9.27,230,NA,14.4792
698,2.84242,89.5,168,"2026-05-30_PSIMI",4.21300977418268,NA,NA,NA,NA,NA,NA,NA,NA,NA,NA,NA,NA,NA,NA,NA,NA,NA,NA,9.23,231,NA,14.2416
699,2.84582,89.5,167,"2026-05-30_PSIMI",4.21300977418268,NA,NA,NA,NA,NA,NA,NA,NA,NA,NA,NA,NA,NA,NA,NA,NA,NA,NA,9.01,230,NA,14.2416
700,2.84982,89.5,168,"2026-05-30_PSIMI",4.17292605575029,NA,NA,NA,NA,NA,NA,NA,NA,NA,NA,NA,NA,NA,NA,NA,NA,NA,NA,9.05,229,NA,14.3784
701,2.85385,89.5,168,"2026-05-30_PSIMI",4.13462333581411,NA,NA,NA,NA,NA,NA,NA,NA,NA,NA,NA,NA,NA,NA,NA,NA,NA,NA,9.09,228,NA,14.5116
702,2.85792,90,168,"2026-05-30_PSIMI",4.09701737135365,NA,NA,NA,NA,NA,NA,NA,NA,NA,NA,NA,NA,NA,NA,NA,NA,NA,NA,9.12,227,NA,14.6448
703,2.86203,89.5,168,"2026-05-30_PSIMI",4.05022276225192,NA,NA,NA,NA,NA,NA,NA,NA,NA,NA,NA,NA,NA,NA,NA,NA,NA,NA,9.16,226,NA,14.814
704,2.8661,89.5,168,"2026-05-30_PSIMI",4.09701737135365,NA,NA,NA,NA,NA,NA,NA,NA,NA,NA,NA,NA,NA,NA,NA,NA,NA,NA,9.12,227,NA,14.6448
705,2.87013,89.5,168,"2026-05-30_PSIMI",4.13462333581411,NA,NA,NA,NA,NA,NA,NA,NA,NA,NA,NA,NA,NA,NA,NA,NA,NA,NA,9.09,228,NA,14.5116
706,2.87413,88.5,168,"2026-05-30_PSIMI",4.16354400866017,NA,NA,NA,NA,NA,NA,NA,NA,NA,NA,NA,NA,NA,NA,NA,NA,NA,NA,9.05,229,NA,14.4108
707,2.87811,88,168,"2026-05-30_PSIMI",4.19287211740042,NA,NA,NA,NA,NA,NA,NA,NA,NA,NA,NA,NA,NA,NA,NA,NA,NA,NA,9.19,232,NA,14.31
708,2.88209,88,168,"2026-05-30_PSIMI",4.19287211740042,NA,NA,NA,NA,NA,NA,NA,NA,NA,NA,NA,NA,NA,NA,NA,NA,NA,NA,9.38,234,NA,14.31
709,2.88608,88,167,"2026-05-30_PSIMI",4.17292605575029,NA,NA,NA,NA,NA,NA,NA,NA,NA,NA,NA,NA,NA,NA,NA,NA,NA,NA,9.42,233,NA,14.3784
710,2.89008,88,167,"2026-05-30_PSIMI",4.16354400866017,NA,NA,NA,NA,NA,NA,NA,NA,NA,NA,NA,NA,NA,NA,NA,NA,NA,NA,9.42,233,NA,14.4108
711,2.8941,88,167,"2026-05-30_PSIMI",4.1438753522294,NA,NA,NA,NA,NA,NA,NA,NA,NA,NA,NA,NA,NA,NA,NA,NA,NA,NA,9.42,233,NA,14.4792
712,2.89809,88,167,"2026-05-30_PSIMI",4.18340026773762,NA,NA,NA,NA,NA,NA,NA,NA,NA,NA,NA,NA,NA,NA,NA,NA,NA,NA,9.38,234,NA,14.3424
713,2.90204,89,168,"2026-05-30_PSIMI",4.21300977418268,NA,NA,NA,NA,NA,NA,NA,NA,NA,NA,NA,NA,NA,NA,NA,NA,NA,NA,9.19,232,NA,14.2416
714,2.90598,88.5,168,"2026-05-30_PSIMI",4.2322668020992,NA,NA,NA,NA,NA,NA,NA,NA,NA,NA,NA,NA,NA,NA,NA,NA,NA,NA,9.16,233,NA,14.1768
715,2.9099,88.5,168,"2026-05-30_PSIMI",4.25278557455133,NA,NA,NA,NA,NA,NA,NA,NA,NA,NA,NA,NA,NA,NA,NA,NA,NA,NA,9.15,233,NA,14.1084
716,2.91379,88.5,168,"2026-05-30_PSIMI",4.28338901739056,NA,NA,NA,NA,NA,NA,NA,NA,NA,NA,NA,NA,NA,NA,NA,NA,NA,NA,9.12,234,NA,14.0076
717,2.91776,89,168,"2026-05-30_PSIMI",4.19287211740042,NA,NA,NA,NA,NA,NA,NA,NA,NA,NA,NA,NA,NA,NA,NA,NA,NA,NA,9.19,232,NA,14.31
718,2.92177,88.5,169,"2026-05-30_PSIMI",4.15420405450316,NA,NA,NA,NA,NA,NA,NA,NA,NA,NA,NA,NA,NA,NA,NA,NA,NA,NA,9.23,231,NA,14.4432
719,2.92581,88,168,"2026-05-30_PSIMI",4.13462333581411,NA,NA,NA,NA,NA,NA,NA,NA,NA,NA,NA,NA,NA,NA,NA,NA,NA,NA,9.27,230,NA,14.5116
720,2.92986,88,169,"2026-05-30_PSIMI",4.10610166707728,NA,NA,NA,NA,NA,NA,NA,NA,NA,NA,NA,NA,NA,NA,NA,NA,NA,NA,9.46,232,NA,14.6124
721,2.93392,87,169,"2026-05-30_PSIMI",4.10610166707728,NA,NA,NA,NA,NA,NA,NA,NA,NA,NA,NA,NA,NA,NA,NA,NA,NA,NA,9.46,232,NA,14.6124
722,2.93796,87,169,"2026-05-30_PSIMI",4.12541254125412,NA,NA,NA,NA,NA,NA,NA,NA,NA,NA,NA,NA,NA,NA,NA,NA,NA,NA,9.65,234,NA,14.544
723,2.94198,87,168,"2026-05-30_PSIMI",4.1438753522294,NA,NA,NA,NA,NA,NA,NA,NA,NA,NA,NA,NA,NA,NA,NA,NA,NA,NA,9.61,235,NA,14.4792
724,2.946,87,169,"2026-05-30_PSIMI",4.15420405450316,NA,NA,NA,NA,NA,NA,NA,NA,NA,NA,NA,NA,NA,NA,NA,NA,NA,NA,9.61,235,NA,14.4432
725,2.95,89,169,"2026-05-30_PSIMI",4.16354400866017,NA,NA,NA,NA,NA,NA,NA,NA,NA,NA,NA,NA,NA,NA,NA,NA,NA,NA,9.42,233,NA,14.4108
726,2.95397,89.5,169,"2026-05-30_PSIMI",4.19287211740042,NA,NA,NA,NA,NA,NA,NA,NA,NA,NA,NA,NA,NA,NA,NA,NA,NA,NA,9.19,232,NA,14.31
727,2.95792,89.5,168,"2026-05-30_PSIMI",4.22261633307998,NA,NA,NA,NA,NA,NA,NA,NA,NA,NA,NA,NA,NA,NA,NA,NA,NA,NA,9.01,230,NA,14.2092
728,2.96184,89.5,169,"2026-05-30_PSIMI",4.25278557455133,NA,NA,NA,NA,NA,NA,NA,NA,NA,NA,NA,NA,NA,NA,NA,NA,NA,NA,8.98,231,NA,14.1084
729,2.96574,89.5,169,"2026-05-30_PSIMI",4.27350427350427,NA,NA,NA,NA,NA,NA,NA,NA,NA,NA,NA,NA,NA,NA,NA,NA,NA,NA,8.94,232,NA,14.04
730,2.96963,89.5,168,"2026-05-30_PSIMI",4.28338901739056,NA,NA,NA,NA,NA,NA,NA,NA,NA,NA,NA,NA,NA,NA,NA,NA,NA,NA,8.94,232,NA,14.0076
731,2.97353,89.5,168,"2026-05-30_PSIMI",4.28338901739056,NA,NA,NA,NA,NA,NA,NA,NA,NA,NA,NA,NA,NA,NA,NA,NA,NA,NA,8.94,232,NA,14.0076
732,2.97741,89.5,168,"2026-05-30_PSIMI",4.28338901739056,NA,NA,NA,NA,NA,NA,NA,NA,NA,NA,NA,NA,NA,NA,NA,NA,NA,NA,8.94,232,NA,14.0076
733,2.98131,89.5,168,"2026-05-30_PSIMI",4.27350427350427,NA,NA,NA,NA,NA,NA,NA,NA,NA,NA,NA,NA,NA,NA,NA,NA,NA,NA,8.94,232,NA,14.04
734,2.98526,89.5,168,"2026-05-30_PSIMI",4.22261633307998,NA,NA,NA,NA,NA,NA,NA,NA,NA,NA,NA,NA,NA,NA,NA,NA,NA,NA,9.01,230,NA,14.2092
735,2.98923,89,168,"2026-05-30_PSIMI",4.19287211740042,NA,NA,NA,NA,NA,NA,NA,NA,NA,NA,NA,NA,NA,NA,NA,NA,NA,NA,9.02,230,NA,14.31
736,2.99325,89,168,"2026-05-30_PSIMI",4.15420405450316,NA,NA,NA,NA,NA,NA,NA,NA,NA,NA,NA,NA,NA,NA,NA,NA,NA,NA,9.23,231,NA,14.4432
737,2.9973,87.5,167,"2026-05-30_PSIMI",4.11522633744856,NA,NA,NA,NA,NA,NA,NA,NA,NA,NA,NA,NA,NA,NA,NA,NA,NA,NA,9.27,230,NA,14.58
738,3.00139,87.5,166,"2026-05-30_PSIMI",4.06901041666667,NA,NA,NA,NA,NA,NA,NA,NA,NA,NA,NA,NA,NA,NA,NA,NA,NA,NA,9.49,231,NA,14.7456
739,3.00552,88,166,"2026-05-30_PSIMI",4.04138376980278,NA,NA,NA,NA,NA,NA,NA,NA,NA,NA,NA,NA,NA,NA,NA,NA,NA,NA,9.53,230,NA,14.8464
740,3.00961,88,166,"2026-05-30_PSIMI",4.06901041666667,NA,NA,NA,NA,NA,NA,NA,NA,NA,NA,NA,NA,NA,NA,NA,NA,NA,NA,9.49,231,NA,14.7456
741,3.01367,88.5,167,"2026-05-30_PSIMI",4.10610166707728,NA,NA,NA,NA,NA,NA,NA,NA,NA,NA,NA,NA,NA,NA,NA,NA,NA,NA,9.46,232,NA,14.6124
742,3.01768,88.5,166,"2026-05-30_PSIMI",4.15420405450316,NA,NA,NA,NA,NA,NA,NA,NA,NA,NA,NA,NA,NA,NA,NA,NA,NA,NA,9.23,231,NA,14.4432
743,3.02166,89,166,"2026-05-30_PSIMI",4.19287211740042,NA,NA,NA,NA,NA,NA,NA,NA,NA,NA,NA,NA,NA,NA,NA,NA,NA,NA,9.19,232,NA,14.31
744,3.02565,89,167,"2026-05-30_PSIMI",4.17292605575029,NA,NA,NA,NA,NA,NA,NA,NA,NA,NA,NA,NA,NA,NA,NA,NA,NA,NA,9.23,231,NA,14.3784
745,3.02966,89,166,"2026-05-30_PSIMI",4.16354400866017,NA,NA,NA,NA,NA,NA,NA,NA,NA,NA,NA,NA,NA,NA,NA,NA,NA,NA,9.23,231,NA,14.4108
746,3.03366,89,166,"2026-05-30_PSIMI",4.16354400866017,NA,NA,NA,NA,NA,NA,NA,NA,NA,NA,NA,NA,NA,NA,NA,NA,NA,NA,9.23,231,NA,14.4108
747,3.03765,89,166,"2026-05-30_PSIMI",4.17292605575029,NA,NA,NA,NA,NA,NA,NA,NA,NA,NA,NA,NA,NA,NA,NA,NA,NA,NA,9.23,231,NA,14.3784
748,3.04165,89,166,"2026-05-30_PSIMI",4.17292605575029,NA,NA,NA,NA,NA,NA,NA,NA,NA,NA,NA,NA,NA,NA,NA,NA,NA,NA,9.23,231,NA,14.3784
749,3.04565,87,166,"2026-05-30_PSIMI",4.16354400866017,NA,NA,NA,NA,NA,NA,NA,NA,NA,NA,NA,NA,NA,NA,NA,NA,NA,NA,9.61,235,NA,14.4108
750,3.04973,87,165,"2026-05-30_PSIMI",4.08697073728952,NA,NA,NA,NA,NA,NA,NA,NA,NA,NA,NA,NA,NA,NA,NA,NA,NA,NA,9.69,233,NA,14.6808
751,3.05385,87.5,165,"2026-05-30_PSIMI",4.04138376980278,NA,NA,NA,NA,NA,NA,NA,NA,NA,NA,NA,NA,NA,NA,NA,NA,NA,NA,9.73,232,NA,14.8464
752,3.05786,87.5,165,"2026-05-30_PSIMI",4.15420405450316,NA,NA,NA,NA,NA,NA,NA,NA,NA,NA,NA,NA,NA,NA,NA,NA,NA,NA,9.42,233,NA,14.4432
753,3.06177,89,165,"2026-05-30_PSIMI",4.27350427350427,NA,NA,NA,NA,NA,NA,NA,NA,NA,NA,NA,NA,NA,NA,NA,NA,NA,NA,9.12,234,NA,14.04
754,3.06582,89.5,165,"2026-05-30_PSIMI",4.10610166707728,NA,NA,NA,NA,NA,NA,NA,NA,NA,NA,NA,NA,NA,NA,NA,NA,NA,NA,9.3,229,NA,14.6124
755,3.06996,89.5,165,"2026-05-30_PSIMI",4.03258327284458,NA,NA,NA,NA,NA,NA,NA,NA,NA,NA,NA,NA,NA,NA,NA,NA,NA,NA,9.19,225,NA,14.8788
756,3.07392,89.5,166,"2026-05-30_PSIMI",4.20238695579089,NA,NA,NA,NA,NA,NA,NA,NA,NA,NA,NA,NA,NA,NA,NA,NA,NA,NA,9.01,230,NA,14.2776
757,3.07782,89.5,165,"2026-05-30_PSIMI",4.27350427350427,NA,NA,NA,NA,NA,NA,NA,NA,NA,NA,NA,NA,NA,NA,NA,NA,NA,NA,8.94,232,NA,14.04
758,3.0817,89.5,166,"2026-05-30_PSIMI",4.29331959471063,NA,NA,NA,NA,NA,NA,NA,NA,NA,NA,NA,NA,NA,NA,NA,NA,NA,NA,8.94,232,NA,13.9752
759,3.0856,89.5,166,"2026-05-30_PSIMI",4.28338901739056,NA,NA,NA,NA,NA,NA,NA,NA,NA,NA,NA,NA,NA,NA,NA,NA,NA,NA,8.94,232,NA,14.0076
760,3.08949,89.5,166,"2026-05-30_PSIMI",4.27350427350427,NA,NA,NA,NA,NA,NA,NA,NA,NA,NA,NA,NA,NA,NA,NA,NA,NA,NA,8.94,232,NA,14.04
761,3.09341,90,166,"2026-05-30_PSIMI",4.25278557455133,NA,NA,NA,NA,NA,NA,NA,NA,NA,NA,NA,NA,NA,NA,NA,NA,NA,NA,8.98,231,NA,14.1084
762,3.09734,90,166,"2026-05-30_PSIMI",4.24304141208418,NA,NA,NA,NA,NA,NA,NA,NA,NA,NA,NA,NA,NA,NA,NA,NA,NA,NA,8.98,231,NA,14.1408
763,3.10127,90,166,"2026-05-30_PSIMI",4.24304141208418,NA,NA,NA,NA,NA,NA,NA,NA,NA,NA,NA,NA,NA,NA,NA,NA,NA,NA,8.98,231,NA,14.1408
764,3.10525,90,166,"2026-05-30_PSIMI",4.18340026773762,NA,NA,NA,NA,NA,NA,NA,NA,NA,NA,NA,NA,NA,NA,NA,NA,NA,NA,9.05,229,NA,14.3424
765,3.10927,86.5,167,"2026-05-30_PSIMI",4.1438753522294,NA,NA,NA,NA,NA,NA,NA,NA,NA,NA,NA,NA,NA,NA,NA,NA,NA,NA,9.61,235,NA,14.4792
766,3.11331,86.5,167,"2026-05-30_PSIMI",4.13462333581411,NA,NA,NA,NA,NA,NA,NA,NA,NA,NA,NA,NA,NA,NA,NA,NA,NA,NA,9.61,235,NA,14.5116
767,3.1173,87,167,"2026-05-30_PSIMI",4.17292605575029,NA,NA,NA,NA,NA,NA,NA,NA,NA,NA,NA,NA,NA,NA,NA,NA,NA,NA,9.57,236,NA,14.3784
768,3.12125,87,167,"2026-05-30_PSIMI",4.22261633307998,NA,NA,NA,NA,NA,NA,NA,NA,NA,NA,NA,NA,NA,NA,NA,NA,NA,NA,9.53,237,NA,14.2092
769,3.12515,88.5,168,"2026-05-30_PSIMI",4.27350427350427,NA,NA,NA,NA,NA,NA,NA,NA,NA,NA,NA,NA,NA,NA,NA,NA,NA,NA,9.3,236,NA,14.04
770,3.12902,88.5,168,"2026-05-30_PSIMI",4.30440771349862,NA,NA,NA,NA,NA,NA,NA,NA,NA,NA,NA,NA,NA,NA,NA,NA,NA,NA,9.11,234,NA,13.9392
771,3.13288,88.5,167,"2026-05-30_PSIMI",4.31443610320131,NA,NA,NA,NA,NA,NA,NA,NA,NA,NA,NA,NA,NA,NA,NA,NA,NA,NA,9.08,235,NA,13.9068
772,3.13672,88.5,167,"2026-05-30_PSIMI",4.34593654932638,NA,NA,NA,NA,NA,NA,NA,NA,NA,NA,NA,NA,NA,NA,NA,NA,NA,NA,9.08,235,NA,13.806
773,3.14063,88.5,167,"2026-05-30_PSIMI",4.26257459505541,NA,NA,NA,NA,NA,NA,NA,NA,NA,NA,NA,NA,NA,NA,NA,NA,NA,NA,9.15,233,NA,14.076
774,3.14461,88.5,167,"2026-05-30_PSIMI",4.18340026773762,NA,NA,NA,NA,NA,NA,NA,NA,NA,NA,NA,NA,NA,NA,NA,NA,NA,NA,9.23,231,NA,14.3424
775,3.14863,89,168,"2026-05-30_PSIMI",4.1438753522294,NA,NA,NA,NA,NA,NA,NA,NA,NA,NA,NA,NA,NA,NA,NA,NA,NA,NA,9.27,230,NA,14.4792
776,3.15267,89,168,"2026-05-30_PSIMI",4.12541254125412,NA,NA,NA,NA,NA,NA,NA,NA,NA,NA,NA,NA,NA,NA,NA,NA,NA,NA,9.27,230,NA,14.544
777,3.15656,88.5,168,"2026-05-30_PSIMI",4.28338901739056,NA,NA,NA,NA,NA,NA,NA,NA,NA,NA,NA,NA,NA,NA,NA,NA,NA,NA,9.12,234,NA,14.0076
778,3.16037,88.5,168,"2026-05-30_PSIMI",4.37790035898783,NA,NA,NA,NA,NA,NA,NA,NA,NA,NA,NA,NA,NA,NA,NA,NA,NA,NA,9.04,236,NA,13.7052
779,3.16417,88.5,167,"2026-05-30_PSIMI",4.38827453045463,NA,NA,NA,NA,NA,NA,NA,NA,NA,NA,NA,NA,NA,NA,NA,NA,NA,NA,9.04,236,NA,13.6728
780,3.16797,88.5,168,"2026-05-30_PSIMI",4.37790035898783,NA,NA,NA,NA,NA,NA,NA,NA,NA,NA,NA,NA,NA,NA,NA,NA,NA,NA,9.04,236,NA,13.7052
781,3.17178,89.5,168,"2026-05-30_PSIMI",4.37790035898783,NA,NA,NA,NA,NA,NA,NA,NA,NA,NA,NA,NA,NA,NA,NA,NA,NA,NA,9.04,236,NA,13.7052
782,3.17559,89.5,167,"2026-05-30_PSIMI",4.37790035898783,NA,NA,NA,NA,NA,NA,NA,NA,NA,NA,NA,NA,NA,NA,NA,NA,NA,NA,8.86,234,NA,13.7052
783,3.1794,89,167,"2026-05-30_PSIMI",4.3675751222921,NA,NA,NA,NA,NA,NA,NA,NA,NA,NA,NA,NA,NA,NA,NA,NA,NA,NA,8.86,234,NA,13.7376
784,3.18322,89,167,"2026-05-30_PSIMI",4.3675751222921,NA,NA,NA,NA,NA,NA,NA,NA,NA,NA,NA,NA,NA,NA,NA,NA,NA,NA,9.04,236,NA,13.7376
785,3.18705,89,168,"2026-05-30_PSIMI",4.3561596096881,NA,NA,NA,NA,NA,NA,NA,NA,NA,NA,NA,NA,NA,NA,NA,NA,NA,NA,9.04,236,NA,13.7736
786,3.19087,89.5,167,"2026-05-30_PSIMI",4.3561596096881,NA,NA,NA,NA,NA,NA,NA,NA,NA,NA,NA,NA,NA,NA,NA,NA,NA,NA,9.04,236,NA,13.7736
787,3.1947,89.5,168,"2026-05-30_PSIMI",4.3561596096881,NA,NA,NA,NA,NA,NA,NA,NA,NA,NA,NA,NA,NA,NA,NA,NA,NA,NA,8.87,234,NA,13.7736
788,3.19853,89.5,168,"2026-05-30_PSIMI",4.34593654932638,NA,NA,NA,NA,NA,NA,NA,NA,NA,NA,NA,NA,NA,NA,NA,NA,NA,NA,8.9,233,NA,13.806
789,3.20237,89.5,168,"2026-05-30_PSIMI",4.34593654932638,NA,NA,NA,NA,NA,NA,NA,NA,NA,NA,NA,NA,NA,NA,NA,NA,NA,NA,8.9,233,NA,13.806
790,3.20629,88.5,167,"2026-05-30_PSIMI",4.25278557455133,NA,NA,NA,NA,NA,NA,NA,NA,NA,NA,NA,NA,NA,NA,NA,NA,NA,NA,8.98,231,NA,14.1084
791,3.21029,88.5,168,"2026-05-30_PSIMI",4.16354400866017,NA,NA,NA,NA,NA,NA,NA,NA,NA,NA,NA,NA,NA,NA,NA,NA,NA,NA,9.23,231,NA,14.4108
792,3.21434,88.5,168,"2026-05-30_PSIMI",4.11522633744856,NA,NA,NA,NA,NA,NA,NA,NA,NA,NA,NA,NA,NA,NA,NA,NA,NA,NA,9.27,230,NA,14.58
793,3.21843,87.5,169,"2026-05-30_PSIMI",4.07797080172906,NA,NA,NA,NA,NA,NA,NA,NA,NA,NA,NA,NA,NA,NA,NA,NA,NA,NA,9.49,231,NA,14.7132
794,3.22252,87,169,"2026-05-30_PSIMI",4.06901041666667,NA,NA,NA,NA,NA,NA,NA,NA,NA,NA,NA,NA,NA,NA,NA,NA,NA,NA,9.49,231,NA,14.7456
795,3.22661,87.5,169,"2026-05-30_PSIMI",4.07797080172906,NA,NA,NA,NA,NA,NA,NA,NA,NA,NA,NA,NA,NA,NA,NA,NA,NA,NA,9.69,233,NA,14.7132
796,3.23064,87.5,168,"2026-05-30_PSIMI",4.13462333581411,NA,NA,NA,NA,NA,NA,NA,NA,NA,NA,NA,NA,NA,NA,NA,NA,NA,NA,9.45,232,NA,14.5116
797,3.23461,88.5,169,"2026-05-30_PSIMI",4.19287211740042,NA,NA,NA,NA,NA,NA,NA,NA,NA,NA,NA,NA,NA,NA,NA,NA,NA,NA,9.38,234,NA,14.31
798,3.23855,88.5,168,"2026-05-30_PSIMI",4.2322668020992,NA,NA,NA,NA,NA,NA,NA,NA,NA,NA,NA,NA,NA,NA,NA,NA,NA,NA,9.16,233,NA,14.1768
799,3.24283,89,168,"2026-05-30_PSIMI",3.89135341271694,NA,NA,NA,NA,NA,NA,NA,NA,NA,NA,NA,NA,NA,NA,NA,NA,NA,NA,9.52,223,NA,15.4188
800,3.24736,89,168,"2026-05-30_PSIMI",3.68324125230203,NA,NA,NA,NA,NA,NA,NA,NA,NA,NA,NA,NA,NA,NA,NA,NA,NA,NA,9.72,217,NA,16.29
801,3.25176,89.5,169,"2026-05-30_PSIMI",3.78443838934302,NA,NA,NA,NA,NA,NA,NA,NA,NA,NA,NA,NA,NA,NA,NA,NA,NA,NA,9.43,218,NA,15.8544
802,3.25609,88.5,169,"2026-05-30_PSIMI",3.85000385000385,NA,NA,NA,NA,NA,NA,NA,NA,NA,NA,NA,NA,NA,NA,NA,NA,NA,NA,9.37,220,NA,15.5844
803,3.26038,87.5,169,"2026-05-30_PSIMI",3.89135341271694,NA,NA,NA,NA,NA,NA,NA,NA,NA,NA,NA,NA,NA,NA,NA,NA,NA,NA,9.52,223,NA,15.4188
804,3.26457,87.5,169,"2026-05-30_PSIMI",3.96919901563864,NA,NA,NA,NA,NA,NA,NA,NA,NA,NA,NA,NA,NA,NA,NA,NA,NA,NA,9.6,228,NA,15.1164
805,3.26872,88,169,"2026-05-30_PSIMI",4.02284978678896,NA,NA,NA,NA,NA,NA,NA,NA,NA,NA,NA,NA,NA,NA,NA,NA,NA,NA,9.57,229,NA,14.9148
806,3.27282,88,170,"2026-05-30_PSIMI",4.05910050332846,NA,NA,NA,NA,NA,NA,NA,NA,NA,NA,NA,NA,NA,NA,NA,NA,NA,NA,9.53,230,NA,14.7816
807,3.2769,88,169,"2026-05-30_PSIMI",4.08697073728952,NA,NA,NA,NA,NA,NA,NA,NA,NA,NA,NA,NA,NA,NA,NA,NA,NA,NA,9.49,231,NA,14.6808
808,3.28096,89,169,"2026-05-30_PSIMI",4.10610166707728,NA,NA,NA,NA,NA,NA,NA,NA,NA,NA,NA,NA,NA,NA,NA,NA,NA,NA,9.46,232,NA,14.6124
809,3.28503,89.5,169,"2026-05-30_PSIMI",4.09701737135365,NA,NA,NA,NA,NA,NA,NA,NA,NA,NA,NA,NA,NA,NA,NA,NA,NA,NA,9.3,229,NA,14.6448
810,3.28909,89.5,169,"2026-05-30_PSIMI",4.10610166707728,NA,NA,NA,NA,NA,NA,NA,NA,NA,NA,NA,NA,NA,NA,NA,NA,NA,NA,9.3,229,NA,14.6124
811,3.2931,89.5,169,"2026-05-30_PSIMI",4.15420405450316,NA,NA,NA,NA,NA,NA,NA,NA,NA,NA,NA,NA,NA,NA,NA,NA,NA,NA,9.05,229,NA,14.4432
812,3.29703,90,168,"2026-05-30_PSIMI",4.24304141208418,NA,NA,NA,NA,NA,NA,NA,NA,NA,NA,NA,NA,NA,NA,NA,NA,NA,NA,8.98,231,NA,14.1408
813,3.30092,90.5,168,"2026-05-30_PSIMI",4.28338901739056,NA,NA,NA,NA,NA,NA,NA,NA,NA,NA,NA,NA,NA,NA,NA,NA,NA,NA,8.94,232,NA,14.0076
814,3.3048,90.5,168,"2026-05-30_PSIMI",4.29331959471063,NA,NA,NA,NA,NA,NA,NA,NA,NA,NA,NA,NA,NA,NA,NA,NA,NA,NA,8.77,230,NA,13.9752
815,3.30867,90.5,168,"2026-05-30_PSIMI",4.30440771349862,NA,NA,NA,NA,NA,NA,NA,NA,NA,NA,NA,NA,NA,NA,NA,NA,NA,NA,8.77,230,NA,13.9392
816,3.31254,90.5,168,"2026-05-30_PSIMI",4.30440771349862,NA,NA,NA,NA,NA,NA,NA,NA,NA,NA,NA,NA,NA,NA,NA,NA,NA,NA,8.77,230,NA,13.9392
817,3.31648,90.5,169,"2026-05-30_PSIMI",4.2322668020992,NA,NA,NA,NA,NA,NA,NA,NA,NA,NA,NA,NA,NA,NA,NA,NA,NA,NA,8.81,229,NA,14.1768
818,3.32046,89.5,168,"2026-05-30_PSIMI",4.19287211740042,NA,NA,NA,NA,NA,NA,NA,NA,NA,NA,NA,NA,NA,NA,NA,NA,NA,NA,8.84,228,NA,14.31
819,3.32443,89,168,"2026-05-30_PSIMI",4.19287211740042,NA,NA,NA,NA,NA,NA,NA,NA,NA,NA,NA,NA,NA,NA,NA,NA,NA,NA,9.02,230,NA,14.31
820,3.32841,88,168,"2026-05-30_PSIMI",4.18340026773762,NA,NA,NA,NA,NA,NA,NA,NA,NA,NA,NA,NA,NA,NA,NA,NA,NA,NA,9.23,231,NA,14.3424
821,3.33239,87.5,168,"2026-05-30_PSIMI",4.19287211740042,NA,NA,NA,NA,NA,NA,NA,NA,NA,NA,NA,NA,NA,NA,NA,NA,NA,NA,9.38,234,NA,14.31
822,3.33636,87.5,168,"2026-05-30_PSIMI",4.19287211740042,NA,NA,NA,NA,NA,NA,NA,NA,NA,NA,NA,NA,NA,NA,NA,NA,NA,NA,9.38,234,NA,14.31
823,3.34034,89,168,"2026-05-30_PSIMI",4.19287211740042,NA,NA,NA,NA,NA,NA,NA,NA,NA,NA,NA,NA,NA,NA,NA,NA,NA,NA,9.38,234,NA,14.31
824,3.34427,89,168,"2026-05-30_PSIMI",4.24304141208418,NA,NA,NA,NA,NA,NA,NA,NA,NA,NA,NA,NA,NA,NA,NA,NA,NA,NA,9.16,233,NA,14.1408
825,3.34818,88.5,168,"2026-05-30_PSIMI",4.26257459505541,NA,NA,NA,NA,NA,NA,NA,NA,NA,NA,NA,NA,NA,NA,NA,NA,NA,NA,9.15,233,NA,14.076
826,3.35206,88.5,168,"2026-05-30_PSIMI",4.29331959471063,NA,NA,NA,NA,NA,NA,NA,NA,NA,NA,NA,NA,NA,NA,NA,NA,NA,NA,9.12,234,NA,13.9752
827,3.35592,89,168,"2026-05-30_PSIMI",4.31443610320131,NA,NA,NA,NA,NA,NA,NA,NA,NA,NA,NA,NA,NA,NA,NA,NA,NA,NA,9.08,235,NA,13.9068
828,3.35996,89.5,168,"2026-05-30_PSIMI",4.12541254125412,NA,NA,NA,NA,NA,NA,NA,NA,NA,NA,NA,NA,NA,NA,NA,NA,NA,NA,9.27,230,NA,14.544
829,3.364,89,167,"2026-05-30_PSIMI",4.13462333581411,NA,NA,NA,NA,NA,NA,NA,NA,NA,NA,NA,NA,NA,NA,NA,NA,NA,NA,9.09,228,NA,14.5116
830,3.36805,88.5,168,"2026-05-30_PSIMI",4.10610166707728,NA,NA,NA,NA,NA,NA,NA,NA,NA,NA,NA,NA,NA,NA,NA,NA,NA,NA,9.3,229,NA,14.6124
831,3.37212,88.5,168,"2026-05-30_PSIMI",4.09701737135365,NA,NA,NA,NA,NA,NA,NA,NA,NA,NA,NA,NA,NA,NA,NA,NA,NA,NA,9.3,229,NA,14.6448
832,3.3762,88.5,167,"2026-05-30_PSIMI",4.08697073728952,NA,NA,NA,NA,NA,NA,NA,NA,NA,NA,NA,NA,NA,NA,NA,NA,NA,NA,9.31,229,NA,14.6808
833,3.38022,89,167,"2026-05-30_PSIMI",4.1438753522294,NA,NA,NA,NA,NA,NA,NA,NA,NA,NA,NA,NA,NA,NA,NA,NA,NA,NA,9.27,230,NA,14.4792
834,3.38419,89.5,167,"2026-05-30_PSIMI",4.19287211740042,NA,NA,NA,NA,NA,NA,NA,NA,NA,NA,NA,NA,NA,NA,NA,NA,NA,NA,9.19,232,NA,14.31
835,3.38813,89.5,167,"2026-05-30_PSIMI",4.2322668020992,NA,NA,NA,NA,NA,NA,NA,NA,NA,NA,NA,NA,NA,NA,NA,NA,NA,NA,8.98,231,NA,14.1768
836,3.39205,89.5,167,"2026-05-30_PSIMI",4.25278557455133,NA,NA,NA,NA,NA,NA,NA,NA,NA,NA,NA,NA,NA,NA,NA,NA,NA,NA,8.98,231,NA,14.1084
837,3.39595,89.5,167,"2026-05-30_PSIMI",4.27350427350427,NA,NA,NA,NA,NA,NA,NA,NA,NA,NA,NA,NA,NA,NA,NA,NA,NA,NA,8.94,232,NA,14.04
838,3.39982,89.5,168,"2026-05-30_PSIMI",4.30440771349862,NA,NA,NA,NA,NA,NA,NA,NA,NA,NA,NA,NA,NA,NA,NA,NA,NA,NA,8.94,232,NA,13.9392
839,3.40368,89.5,167,"2026-05-30_PSIMI",4.32451133021969,NA,NA,NA,NA,NA,NA,NA,NA,NA,NA,NA,NA,NA,NA,NA,NA,NA,NA,8.9,233,NA,13.8744
840,3.40753,89.5,167,"2026-05-30_PSIMI",4.32451133021969,NA,NA,NA,NA,NA,NA,NA,NA,NA,NA,NA,NA,NA,NA,NA,NA,NA,NA,8.9,233,NA,13.8744
841,3.41138,89.5,168,"2026-05-30_PSIMI",4.32451133021969,NA,NA,NA,NA,NA,NA,NA,NA,NA,NA,NA,NA,NA,NA,NA,NA,NA,NA,8.9,233,NA,13.8744
842,3.41524,89.5,168,"2026-05-30_PSIMI",4.32451133021969,NA,NA,NA,NA,NA,NA,NA,NA,NA,NA,NA,NA,NA,NA,NA,NA,NA,NA,8.9,233,NA,13.8744
843,3.41909,89.5,168,"2026-05-30_PSIMI",4.32451133021969,NA,NA,NA,NA,NA,NA,NA,NA,NA,NA,NA,NA,NA,NA,NA,NA,NA,NA,8.9,233,NA,13.8744
844,3.42301,89.5,168,"2026-05-30_PSIMI",4.25278557455133,NA,NA,NA,NA,NA,NA,NA,NA,NA,NA,NA,NA,NA,NA,NA,NA,NA,NA,8.98,231,NA,14.1084
845,3.42699,88.5,167,"2026-05-30_PSIMI",4.18340026773762,NA,NA,NA,NA,NA,NA,NA,NA,NA,NA,NA,NA,NA,NA,NA,NA,NA,NA,9.05,229,NA,14.3424
846,3.43103,87.5,168,"2026-05-30_PSIMI",4.12541254125412,NA,NA,NA,NA,NA,NA,NA,NA,NA,NA,NA,NA,NA,NA,NA,NA,NA,NA,9.27,230,NA,14.544
847,3.43508,87.5,168,"2026-05-30_PSIMI",4.11522633744856,NA,NA,NA,NA,NA,NA,NA,NA,NA,NA,NA,NA,NA,NA,NA,NA,NA,NA,9.46,232,NA,14.58
848,3.43912,87,168,"2026-05-30_PSIMI",4.12541254125412,NA,NA,NA,NA,NA,NA,NA,NA,NA,NA,NA,NA,NA,NA,NA,NA,NA,NA,9.65,234,NA,14.544
849,3.44313,87.5,168,"2026-05-30_PSIMI",4.16354400866017,NA,NA,NA,NA,NA,NA,NA,NA,NA,NA,NA,NA,NA,NA,NA,NA,NA,NA,9.61,235,NA,14.4108
850,3.4471,88,168,"2026-05-30_PSIMI",4.19287211740042,NA,NA,NA,NA,NA,NA,NA,NA,NA,NA,NA,NA,NA,NA,NA,NA,NA,NA,9.38,234,NA,14.31
851,3.45104,88,169,"2026-05-30_PSIMI",4.2322668020992,NA,NA,NA,NA,NA,NA,NA,NA,NA,NA,NA,NA,NA,NA,NA,NA,NA,NA,9.34,235,NA,14.1768
852,3.45494,88.5,169,"2026-05-30_PSIMI",4.27350427350427,NA,NA,NA,NA,NA,NA,NA,NA,NA,NA,NA,NA,NA,NA,NA,NA,NA,NA,9.12,234,NA,14.04
853,3.45881,88.5,169,"2026-05-30_PSIMI",4.30440771349862,NA,NA,NA,NA,NA,NA,NA,NA,NA,NA,NA,NA,NA,NA,NA,NA,NA,NA,9.11,234,NA,13.9392
854,3.46265,88.5,169,"2026-05-30_PSIMI",4.33576135969476,NA,NA,NA,NA,NA,NA,NA,NA,NA,NA,NA,NA,NA,NA,NA,NA,NA,NA,9.08,235,NA,13.8384
855,3.46649,88.5,169,"2026-05-30_PSIMI",4.34593654932638,NA,NA,NA,NA,NA,NA,NA,NA,NA,NA,NA,NA,NA,NA,NA,NA,NA,NA,9.08,235,NA,13.806
856,3.47038,89,168,"2026-05-30_PSIMI",4.28338901739056,NA,NA,NA,NA,NA,NA,NA,NA,NA,NA,NA,NA,NA,NA,NA,NA,NA,NA,9.12,234,NA,14.0076
857,3.47434,88.5,169,"2026-05-30_PSIMI",4.21300977418268,NA,NA,NA,NA,NA,NA,NA,NA,NA,NA,NA,NA,NA,NA,NA,NA,NA,NA,9.19,232,NA,14.2416
858,3.47833,87.5,168,"2026-05-30_PSIMI",4.17292605575029,NA,NA,NA,NA,NA,NA,NA,NA,NA,NA,NA,NA,NA,NA,NA,NA,NA,NA,9.23,231,NA,14.3784
859,3.48235,87.5,168,"2026-05-30_PSIMI",4.1438753522294,NA,NA,NA,NA,NA,NA,NA,NA,NA,NA,NA,NA,NA,NA,NA,NA,NA,NA,9.42,233,NA,14.4792
860,3.48636,87,168,"2026-05-30_PSIMI",4.15420405450316,NA,NA,NA,NA,NA,NA,NA,NA,NA,NA,NA,NA,NA,NA,NA,NA,NA,NA,9.61,235,NA,14.4432
861,3.49037,87.5,168,"2026-05-30_PSIMI",4.16354400866017,NA,NA,NA,NA,NA,NA,NA,NA,NA,NA,NA,NA,NA,NA,NA,NA,NA,NA,9.61,235,NA,14.4108
862,3.49436,88.5,168,"2026-05-30_PSIMI",4.17292605575029,NA,NA,NA,NA,NA,NA,NA,NA,NA,NA,NA,NA,NA,NA,NA,NA,NA,NA,9.42,233,NA,14.3784
863,3.49837,88.5,168,"2026-05-30_PSIMI",4.15420405450316,NA,NA,NA,NA,NA,NA,NA,NA,NA,NA,NA,NA,NA,NA,NA,NA,NA,NA,9.23,231,NA,14.4432
864,3.50241,89,168,"2026-05-30_PSIMI",4.12541254125412,NA,NA,NA,NA,NA,NA,NA,NA,NA,NA,NA,NA,NA,NA,NA,NA,NA,NA,9.27,230,NA,14.544
865,3.50683,89.5,168,"2026-05-30_PSIMI",3.77672029609487,NA,NA,NA,NA,NA,NA,NA,NA,NA,NA,NA,NA,NA,NA,NA,NA,NA,NA,9.62,220,NA,15.8868
866,3.51147,89.5,168,"2026-05-30_PSIMI",3.58654328957751,NA,NA,NA,NA,NA,NA,NA,NA,NA,NA,NA,NA,NA,NA,NA,NA,NA,NA,9.66,211,NA,16.7292
867,3.51622,89.5,169,"2026-05-30_PSIMI",3.51617440225035,NA,NA,NA,NA,NA,NA,NA,NA,NA,NA,NA,NA,NA,NA,NA,NA,NA,NA,9.72,209,NA,17.064
868,3.52095,89.5,169,"2026-05-30_PSIMI",3.51617440225035,NA,NA,NA,NA,NA,NA,NA,NA,NA,NA,NA,NA,NA,NA,NA,NA,NA,NA,9.72,209,NA,17.064
869,3.52569,90.5,170,"2026-05-30_PSIMI",3.51617440225035,NA,NA,NA,NA,NA,NA,NA,NA,NA,NA,NA,NA,NA,NA,NA,NA,NA,NA,9.72,209,NA,17.064
870,3.53043,89.5,170,"2026-05-30_PSIMI",3.51617440225035,NA,NA,NA,NA,NA,NA,NA,NA,NA,NA,NA,NA,NA,NA,NA,NA,NA,NA,9.53,207,NA,17.064
871,3.53515,89.5,170,"2026-05-30_PSIMI",3.53032549601073,NA,NA,NA,NA,NA,NA,NA,NA,NA,NA,NA,NA,NA,NA,NA,NA,NA,NA,9.72,209,NA,16.9956
872,3.5397,89,171,"2026-05-30_PSIMI",3.66784037558685,NA,NA,NA,NA,NA,NA,NA,NA,NA,NA,NA,NA,NA,NA,NA,NA,NA,NA,9.56,214,NA,16.3584
873,3.54401,87.5,171,"2026-05-30_PSIMI",3.86607902265522,NA,NA,NA,NA,NA,NA,NA,NA,NA,NA,NA,NA,NA,NA,NA,NA,NA,NA,9.71,225,NA,15.5196
874,3.54822,87.5,171,"2026-05-30_PSIMI",3.96070975918885,NA,NA,NA,NA,NA,NA,NA,NA,NA,NA,NA,NA,NA,NA,NA,NA,NA,NA,9.6,228,NA,15.1488
875,3.55236,87.5,170,"2026-05-30_PSIMI",4.02284978678896,NA,NA,NA,NA,NA,NA,NA,NA,NA,NA,NA,NA,NA,NA,NA,NA,NA,NA,9.57,229,NA,14.9148
876,3.55649,87.5,170,"2026-05-30_PSIMI",4.03258327284458,NA,NA,NA,NA,NA,NA,NA,NA,NA,NA,NA,NA,NA,NA,NA,NA,NA,NA,9.53,230,NA,14.8788
877,3.56061,88,170,"2026-05-30_PSIMI",4.05022276225192,NA,NA,NA,NA,NA,NA,NA,NA,NA,NA,NA,NA,NA,NA,NA,NA,NA,NA,9.53,230,NA,14.814
878,3.56471,88,170,"2026-05-30_PSIMI",4.05910050332846,NA,NA,NA,NA,NA,NA,NA,NA,NA,NA,NA,NA,NA,NA,NA,NA,NA,NA,9.53,230,NA,14.7816
879,3.5688,88,171,"2026-05-30_PSIMI",4.07797080172906,NA,NA,NA,NA,NA,NA,NA,NA,NA,NA,NA,NA,NA,NA,NA,NA,NA,NA,9.49,231,NA,14.7132
880,3.57283,88.5,171,"2026-05-30_PSIMI",4.13462333581411,NA,NA,NA,NA,NA,NA,NA,NA,NA,NA,NA,NA,NA,NA,NA,NA,NA,NA,9.27,230,NA,14.5116
881,3.57678,88.5,171,"2026-05-30_PSIMI",4.22261633307998,NA,NA,NA,NA,NA,NA,NA,NA,NA,NA,NA,NA,NA,NA,NA,NA,NA,NA,9.19,232,NA,14.2092
882,3.58065,88,171,"2026-05-30_PSIMI",4.30440771349862,NA,NA,NA,NA,NA,NA,NA,NA,NA,NA,NA,NA,NA,NA,NA,NA,NA,NA,9.11,234,NA,13.9392
883,3.58456,88,170,"2026-05-30_PSIMI",4.26257459505541,NA,NA,NA,NA,NA,NA,NA,NA,NA,NA,NA,NA,NA,NA,NA,NA,NA,NA,9.3,236,NA,14.076
884,3.58854,87.5,170,"2026-05-30_PSIMI",4.19287211740042,NA,NA,NA,NA,NA,NA,NA,NA,NA,NA,NA,NA,NA,NA,NA,NA,NA,NA,9.38,234,NA,14.31
885,3.59259,87.5,170,"2026-05-30_PSIMI",4.11522633744856,NA,NA,NA,NA,NA,NA,NA,NA,NA,NA,NA,NA,NA,NA,NA,NA,NA,NA,9.46,232,NA,14.58
886,3.59668,87.5,170,"2026-05-30_PSIMI",4.06901041666667,NA,NA,NA,NA,NA,NA,NA,NA,NA,NA,NA,NA,NA,NA,NA,NA,NA,NA,9.49,231,NA,14.7456
887,3.60105,87.5,170,"2026-05-30_PSIMI",3.81650255705671,NA,NA,NA,NA,NA,NA,NA,NA,NA,NA,NA,NA,NA,NA,NA,NA,NA,NA,9.78,223,NA,15.7212
888,3.60561,89,171,"2026-05-30_PSIMI",3.65256775513186,NA,NA,NA,NA,NA,NA,NA,NA,NA,NA,NA,NA,NA,NA,NA,NA,NA,NA,9.75,216,NA,16.4268
889,3.61032,89.5,172,"2026-05-30_PSIMI",3.53706847764573,NA,NA,NA,NA,NA,NA,NA,NA,NA,NA,NA,NA,NA,NA,NA,NA,NA,NA,9.92,211,NA,16.9632
890,3.61515,89.5,172,"2026-05-30_PSIMI",3.45494748479823,NA,NA,NA,NA,NA,NA,NA,NA,NA,NA,NA,NA,NA,NA,NA,NA,NA,NA,9.81,206,NA,17.3664
891,3.61979,89.5,172,"2026-05-30_PSIMI",3.58654328957751,NA,NA,NA,NA,NA,NA,NA,NA,NA,NA,NA,NA,NA,NA,NA,NA,NA,NA,9.66,211,NA,16.7292
892,3.62435,89,172,"2026-05-30_PSIMI",3.66059008712204,NA,NA,NA,NA,NA,NA,NA,NA,NA,NA,NA,NA,NA,NA,NA,NA,NA,NA,9.75,216,NA,16.3908
893,3.62903,88.5,172,"2026-05-30_PSIMI",3.55821235411329,NA,NA,NA,NA,NA,NA,NA,NA,NA,NA,NA,NA,NA,NA,NA,NA,NA,NA,9.88,212,NA,16.8624
894,3.63379,88.5,172,"2026-05-30_PSIMI",3.50951077419808,NA,NA,NA,NA,NA,NA,NA,NA,NA,NA,NA,NA,NA,NA,NA,NA,NA,NA,9.95,210,NA,17.0964
895,3.63856,88.5,172,"2026-05-30_PSIMI",3.48894006000977,NA,NA,NA,NA,NA,NA,NA,NA,NA,NA,NA,NA,NA,NA,NA,NA,NA,NA,9.94,210,NA,17.1972
896,3.6433,89,172,"2026-05-30_PSIMI",3.51617440225035,NA,NA,NA,NA,NA,NA,NA,NA,NA,NA,NA,NA,NA,NA,NA,NA,NA,NA,9.91,211,NA,17.064
897,3.64781,88.5,172,"2026-05-30_PSIMI",3.69058163566578,NA,NA,NA,NA,NA,NA,NA,NA,NA,NA,NA,NA,NA,NA,NA,NA,NA,NA,9.72,217,NA,16.2576
898,3.65215,87,172,"2026-05-30_PSIMI",3.84113082891603,NA,NA,NA,NA,NA,NA,NA,NA,NA,NA,NA,NA,NA,NA,NA,NA,NA,NA,9.55,222,NA,15.6204
899,3.65642,87,172,"2026-05-30_PSIMI",3.90869293308318,NA,NA,NA,NA,NA,NA,NA,NA,NA,NA,NA,NA,NA,NA,NA,NA,NA,NA,9.88,228,NA,15.3504
900,3.66063,86,172,"2026-05-30_PSIMI",3.96070975918885,NA,NA,NA,NA,NA,NA,NA,NA,NA,NA,NA,NA,NA,NA,NA,NA,NA,NA,9.8,230,NA,15.1488
901,3.6648,86,172,"2026-05-30_PSIMI",3.99584432190522,NA,NA,NA,NA,NA,NA,NA,NA,NA,NA,NA,NA,NA,NA,NA,NA,NA,NA,9.97,233,NA,15.0156
902,3.66894,87,173,"2026-05-30_PSIMI",4.02284978678896,NA,NA,NA,NA,NA,NA,NA,NA,NA,NA,NA,NA,NA,NA,NA,NA,NA,NA,9.93,234,NA,14.9148
903,3.67295,87,173,"2026-05-30_PSIMI",4.19287211740042,NA,NA,NA,NA,NA,NA,NA,NA,NA,NA,NA,NA,NA,NA,NA,NA,NA,NA,9.65,234,NA,14.31
904,3.67689,87.5,173,"2026-05-30_PSIMI",4.19287211740042,NA,NA,NA,NA,NA,NA,NA,NA,NA,NA,NA,NA,NA,NA,NA,NA,NA,NA,9.57,236,NA,14.31
905,3.68081,87.5,174,"2026-05-30_PSIMI",4.25278557455133,NA,NA,NA,NA,NA,NA,NA,NA,NA,NA,NA,NA,NA,NA,NA,NA,NA,NA,9.34,235,NA,14.1084
906,3.6847,87.5,174,"2026-05-30_PSIMI",4.28338901739056,NA,NA,NA,NA,NA,NA,NA,NA,NA,NA,NA,NA,NA,NA,NA,NA,NA,NA,9.3,236,NA,14.0076
907,3.68859,87.5,173,"2026-05-30_PSIMI",4.28338901739056,NA,NA,NA,NA,NA,NA,NA,NA,NA,NA,NA,NA,NA,NA,NA,NA,NA,NA,9.3,236,NA,14.0076
908,3.69254,88.5,173,"2026-05-30_PSIMI",4.22261633307998,NA,NA,NA,NA,NA,NA,NA,NA,NA,NA,NA,NA,NA,NA,NA,NA,NA,NA,9.19,232,NA,14.2092
909,3.69652,88.5,173,"2026-05-30_PSIMI",4.18340026773762,NA,NA,NA,NA,NA,NA,NA,NA,NA,NA,NA,NA,NA,NA,NA,NA,NA,NA,9.23,231,NA,14.3424
910,3.70053,88.5,173,"2026-05-30_PSIMI",4.15420405450316,NA,NA,NA,NA,NA,NA,NA,NA,NA,NA,NA,NA,NA,NA,NA,NA,NA,NA,9.23,231,NA,14.4432
911,3.70459,88.5,174,"2026-05-30_PSIMI",4.10610166707728,NA,NA,NA,NA,NA,NA,NA,NA,NA,NA,NA,NA,NA,NA,NA,NA,NA,NA,9.3,229,NA,14.6124
0,0,28.5643,0,"2026-03-14_MFXAB",NA,NA,NA,NA,NA,NA,NA,NA,NA,NA,NA,NA,NA,NA,NA,NA,NA,NA,NA,NA,NA,NA,0
1,0.00106383,28.5643,0,"2026-03-14_MFXAB",1.61040104353988,NA,NA,NA,NA,NA,NA,NA,NA,NA,NA,NA,NA,NA,NA,NA,NA,NA,NA,NA,NA,NA,3.72578
2,0.00212766,28.5643,113,"2026-03-14_MFXAB",1.61040104353988,NA,NA,NA,NA,NA,NA,NA,NA,NA,NA,NA,NA,NA,NA,NA,NA,NA,NA,NA,NA,NA,3.72578
3,0.00319149,28.5643,113,"2026-03-14_MFXAB",1.61040104353988,NA,NA,NA,NA,NA,NA,NA,NA,NA,NA,NA,NA,NA,NA,NA,NA,NA,NA,NA,NA,NA,3.72578
4,0.00425532,28.5643,114,"2026-03-14_MFXAB",1.61040104353988,NA,NA,NA,NA,NA,NA,NA,NA,NA,NA,NA,NA,NA,NA,NA,NA,NA,NA,NA,NA,NA,3.72578
5,0.00531915,28.5643,115,"2026-03-14_MFXAB",1.61040104353988,NA,NA,NA,NA,NA,NA,NA,NA,NA,NA,NA,NA,NA,NA,NA,NA,NA,NA,NA,NA,NA,3.72578
6,0.00638298,28.5643,115,"2026-03-14_MFXAB",1.61040104353988,NA,NA,NA,NA,NA,NA,NA,NA,NA,NA,NA,NA,NA,NA,NA,NA,NA,NA,NA,NA,NA,3.72578
7,0.00744681,28.5643,113,"2026-03-14_MFXAB",1.61040104353988,NA,NA,NA,NA,NA,NA,NA,NA,NA,NA,NA,NA,NA,NA,NA,NA,NA,NA,NA,NA,NA,3.72578
8,0.00851064,28.5643,113,"2026-03-14_MFXAB",1.61040104353988,NA,NA,NA,NA,NA,NA,NA,NA,NA,NA,NA,NA,NA,NA,NA,NA,NA,NA,NA,NA,NA,3.72578
9,0.00957447,28.5643,112,"2026-03-14_MFXAB",1.61040104353988,NA,NA,NA,NA,NA,NA,NA,NA,NA,NA,NA,NA,NA,NA,NA,NA,NA,NA,NA,NA,NA,3.72578
10,0.0106383,28.5643,112,"2026-03-14_MFXAB",1.61040104353988,NA,NA,NA,NA,NA,NA,NA,NA,NA,NA,NA,NA,NA,NA,NA,NA,NA,NA,NA,NA,NA,3.72578
11,0.0117021,28.5643,112,"2026-03-14_MFXAB",1.61040104353988,NA,NA,NA,NA,NA,NA,NA,NA,NA,NA,NA,NA,NA,NA,NA,NA,NA,NA,NA,NA,NA,3.72578
12,0.012766,28.5643,112,"2026-03-14_MFXAB",1.61040104353988,NA,NA,NA,NA,NA,NA,NA,NA,NA,NA,NA,NA,NA,NA,NA,NA,NA,NA,NA,NA,NA,3.72578
13,0.0138298,28.5643,111,"2026-03-14_MFXAB",1.61040104353988,NA,NA,NA,NA,NA,NA,NA,NA,NA,NA,NA,NA,NA,NA,NA,NA,NA,NA,NA,NA,NA,3.72578
14,0.0148936,28.5643,111,"2026-03-14_MFXAB",1.61040104353988,NA,NA,NA,NA,NA,NA,NA,NA,NA,NA,NA,NA,NA,NA,NA,NA,NA,NA,NA,NA,NA,3.72578
15,0.0159574,28.5643,111,"2026-03-14_MFXAB",1.61040104353988,NA,NA,NA,NA,NA,NA,NA,NA,NA,NA,NA,NA,NA,NA,NA,NA,NA,NA,NA,NA,NA,3.72578
16,0.0170213,28.5643,111,"2026-03-14_MFXAB",1.61040104353988,NA,NA,NA,NA,NA,NA,NA,NA,NA,NA,NA,NA,NA,NA,NA,NA,NA,NA,NA,NA,NA,3.72578
17,0.0180851,28.5643,111,"2026-03-14_MFXAB",1.61040104353988,NA,NA,NA,NA,NA,NA,NA,NA,NA,NA,NA,NA,NA,NA,NA,NA,NA,NA,NA,NA,NA,3.72578
18,0.0191489,28.5643,112,"2026-03-14_MFXAB",1.61040104353988,NA,NA,NA,NA,NA,NA,NA,NA,NA,NA,NA,NA,NA,NA,NA,NA,NA,NA,NA,NA,NA,3.72578
19,0.0202128,28.5643,112,"2026-03-14_MFXAB",1.61040104353988,NA,NA,NA,NA,NA,NA,NA,NA,NA,NA,NA,NA,NA,NA,NA,NA,NA,NA,NA,NA,NA,3.72578
20,0.0212766,28.5643,113,"2026-03-14_MFXAB",1.61040104353988,NA,NA,NA,NA,NA,NA,NA,NA,NA,NA,NA,NA,NA,NA,NA,NA,NA,NA,NA,NA,NA,3.72578
21,0.0223404,28.5643,113,"2026-03-14_MFXAB",1.61040104353988,NA,NA,NA,NA,NA,NA,NA,NA,NA,NA,NA,NA,NA,NA,NA,NA,NA,NA,NA,NA,NA,3.72578
22,0.0234043,28.5643,114,"2026-03-14_MFXAB",1.61040104353988,NA,NA,NA,NA,NA,NA,NA,NA,NA,NA,NA,NA,NA,NA,NA,NA,NA,NA,NA,NA,NA,3.72578
23,0.0244681,28.5643,114,"2026-03-14_MFXAB",1.61040104353988,NA,NA,NA,NA,NA,NA,NA,NA,NA,NA,NA,NA,NA,NA,NA,NA,NA,NA,NA,NA,NA,3.72578
24,0.0255319,28.5643,114,"2026-03-14_MFXAB",1.61040104353988,NA,NA,NA,NA,NA,NA,NA,NA,NA,NA,NA,NA,NA,NA,NA,NA,NA,NA,NA,NA,NA,3.72578
25,0.0265957,28.5643,115,"2026-03-14_MFXAB",1.61040104353988,NA,NA,NA,NA,NA,NA,NA,NA,NA,NA,NA,NA,NA,NA,NA,NA,NA,NA,NA,NA,NA,3.72578
26,0.0276596,28.5643,115,"2026-03-14_MFXAB",1.61040104353988,NA,NA,NA,NA,NA,NA,NA,NA,NA,NA,NA,NA,NA,NA,NA,NA,NA,NA,NA,NA,NA,3.72578
27,0.0287234,28.5643,116,"2026-03-14_MFXAB",1.61040104353988,NA,NA,NA,NA,NA,NA,NA,NA,NA,NA,NA,NA,NA,NA,NA,NA,NA,NA,NA,NA,NA,3.72578
28,0.0297872,28.5643,116,"2026-03-14_MFXAB",1.61040104353988,NA,NA,NA,NA,NA,NA,NA,NA,NA,NA,NA,NA,NA,NA,NA,NA,NA,NA,NA,NA,NA,3.72578
29,0.0308511,28.5643,117,"2026-03-14_MFXAB",1.61040104353988,NA,NA,NA,NA,NA,NA,NA,NA,NA,NA,NA,NA,NA,NA,NA,NA,NA,NA,NA,NA,NA,3.72578
30,0.0319149,28.5643,118,"2026-03-14_MFXAB",1.61040104353988,NA,NA,NA,NA,NA,NA,NA,NA,NA,NA,NA,NA,NA,NA,NA,NA,NA,NA,NA,NA,NA,3.72578
31,0.0329787,28.5643,118,"2026-03-14_MFXAB",1.61040104353988,NA,NA,NA,NA,NA,NA,NA,NA,NA,NA,NA,NA,NA,NA,NA,NA,NA,NA,NA,NA,NA,3.72578
32,0.0340426,28.5643,119,"2026-03-14_MFXAB",1.61040104353988,NA,NA,NA,NA,NA,NA,NA,NA,NA,NA,NA,NA,NA,NA,NA,NA,NA,NA,NA,NA,NA,3.72578
33,0.0351064,28.5643,119,"2026-03-14_MFXAB",1.61040104353988,NA,NA,NA,NA,NA,NA,NA,NA,NA,NA,NA,NA,NA,NA,NA,NA,NA,NA,NA,NA,NA,3.72578
34,0.0361702,28.5643,120,"2026-03-14_MFXAB",1.61040104353988,NA,NA,NA,NA,NA,NA,NA,NA,NA,NA,NA,NA,NA,NA,NA,NA,NA,NA,NA,NA,NA,3.72578
35,0.037234,28.5643,120,"2026-03-14_MFXAB",1.61040104353988,NA,NA,NA,NA,NA,NA,NA,NA,NA,NA,NA,NA,NA,NA,NA,NA,NA,NA,NA,NA,NA,3.72578
36,0.0382979,28.5643,120,"2026-03-14_MFXAB",1.61040104353988,NA,NA,NA,NA,NA,NA,NA,NA,NA,NA,NA,NA,NA,NA,NA,NA,NA,NA,NA,NA,NA,3.72578
37,0.0393617,28.5643,120,"2026-03-14_MFXAB",1.61040104353988,NA,NA,NA,NA,NA,NA,NA,NA,NA,NA,NA,NA,NA,NA,NA,NA,NA,NA,NA,NA,NA,3.72578
38,0.0404255,28.5643,120,"2026-03-14_MFXAB",1.61040104353988,NA,NA,NA,NA,NA,NA,NA,NA,NA,NA,NA,NA,NA,NA,NA,NA,NA,NA,NA,NA,NA,3.72578
39,0.0414894,28.5643,121,"2026-03-14_MFXAB",1.61040104353988,NA,NA,NA,NA,NA,NA,NA,NA,NA,NA,NA,NA,NA,NA,NA,NA,NA,NA,NA,NA,NA,3.72578
40,0.0425532,28.5643,121,"2026-03-14_MFXAB",1.61040104353988,NA,NA,NA,NA,NA,NA,NA,NA,NA,NA,NA,NA,NA,NA,NA,NA,NA,NA,NA,NA,NA,3.72578
41,0.043617,28.5643,121,"2026-03-14_MFXAB",1.61040104353988,NA,NA,NA,NA,NA,NA,NA,NA,NA,NA,NA,NA,NA,NA,NA,NA,NA,NA,NA,NA,NA,3.72578
42,0.0446809,28.5643,121,"2026-03-14_MFXAB",1.61040104353988,NA,NA,NA,NA,NA,NA,NA,NA,NA,NA,NA,NA,NA,NA,NA,NA,NA,NA,NA,NA,NA,3.72578
43,0.0457447,28.5643,121,"2026-03-14_MFXAB",1.61040104353988,NA,NA,NA,NA,NA,NA,NA,NA,NA,NA,NA,NA,NA,NA,NA,NA,NA,NA,NA,NA,NA,3.72578
44,0.0468085,28.5643,121,"2026-03-14_MFXAB",1.61040104353988,NA,NA,NA,NA,NA,NA,NA,NA,NA,NA,NA,NA,NA,NA,NA,NA,NA,NA,NA,NA,NA,3.72578
45,0.0478723,28.5643,121,"2026-03-14_MFXAB",1.61040104353988,NA,NA,NA,NA,NA,NA,NA,NA,NA,NA,NA,NA,NA,NA,NA,NA,NA,NA,NA,NA,NA,3.72578
46,0.0489362,28.5643,121,"2026-03-14_MFXAB",1.61040104353988,NA,NA,NA,NA,NA,NA,NA,NA,NA,NA,NA,NA,NA,NA,NA,NA,NA,NA,NA,NA,NA,3.72578
47,0.05,28.5643,120,"2026-03-14_MFXAB",1.61040104353988,NA,NA,NA,NA,NA,NA,NA,NA,NA,NA,NA,NA,NA,NA,NA,NA,NA,NA,NA,NA,NA,3.72578
48,0.05,29.313,121,"2026-03-14_MFXAB",1.63750095520889,NA,NA,NA,NA,NA,NA,NA,NA,NA,NA,NA,NA,NA,NA,NA,NA,NA,NA,NA,NA,NA,3.66412
49,0.0510417,29.313,121,"2026-03-14_MFXAB",1.63750095520889,NA,NA,NA,NA,NA,NA,NA,NA,NA,NA,NA,NA,NA,NA,NA,NA,NA,NA,NA,NA,NA,3.66412
50,0.0520833,29.313,121,"2026-03-14_MFXAB",1.63750095520889,NA,NA,NA,NA,NA,NA,NA,NA,NA,NA,NA,NA,NA,NA,NA,NA,NA,NA,NA,NA,NA,3.66412
51,0.053125,29.313,121,"2026-03-14_MFXAB",1.63750095520889,NA,NA,NA,NA,NA,NA,NA,NA,NA,NA,NA,NA,NA,NA,NA,NA,NA,NA,NA,NA,NA,3.66412
52,0.0541667,29.313,120,"2026-03-14_MFXAB",1.63750095520889,NA,NA,NA,NA,NA,NA,NA,NA,NA,NA,NA,NA,NA,NA,NA,NA,NA,NA,NA,NA,NA,3.66412
53,0.0552083,29.313,120,"2026-03-14_MFXAB",1.63750095520889,NA,NA,NA,NA,NA,NA,NA,NA,NA,NA,NA,NA,NA,NA,NA,NA,NA,NA,NA,NA,NA,3.66412
54,0.05625,29.313,120,"2026-03-14_MFXAB",1.63750095520889,NA,NA,NA,NA,NA,NA,NA,NA,NA,NA,NA,NA,NA,NA,NA,NA,NA,NA,NA,NA,NA,3.66412
55,0.0572917,29.313,120,"2026-03-14_MFXAB",1.63750095520889,NA,NA,NA,NA,NA,NA,NA,NA,NA,NA,NA,NA,NA,NA,NA,NA,NA,NA,NA,NA,NA,3.66412
56,0.0583333,29.313,121,"2026-03-14_MFXAB",1.63750095520889,NA,NA,NA,NA,NA,NA,NA,NA,NA,NA,NA,NA,NA,NA,NA,NA,NA,NA,NA,NA,NA,3.66412
57,0.059375,29.313,120,"2026-03-14_MFXAB",1.63750095520889,NA,NA,NA,NA,NA,NA,NA,NA,NA,NA,NA,NA,NA,NA,NA,NA,NA,NA,NA,NA,NA,3.66412
58,0.0604167,29.313,121,"2026-03-14_MFXAB",1.63750095520889,NA,NA,NA,NA,NA,NA,NA,NA,NA,NA,NA,NA,NA,NA,NA,NA,NA,NA,NA,NA,NA,3.66412
59,0.0614583,29.313,121,"2026-03-14_MFXAB",1.63750095520889,NA,NA,NA,NA,NA,NA,NA,NA,NA,NA,NA,NA,NA,NA,NA,NA,NA,NA,NA,NA,NA,3.66412
60,0.0625,29.313,121,"2026-03-14_MFXAB",1.63750095520889,NA,NA,NA,NA,NA,NA,NA,NA,NA,NA,NA,NA,NA,NA,NA,NA,NA,NA,NA,NA,NA,3.66412
61,0.0635417,29.313,121,"2026-03-14_MFXAB",1.63750095520889,NA,NA,NA,NA,NA,NA,NA,NA,NA,NA,NA,NA,NA,NA,NA,NA,NA,NA,NA,NA,NA,3.66412
62,0.0645833,29.313,121,"2026-03-14_MFXAB",1.63750095520889,NA,NA,NA,NA,NA,NA,NA,NA,NA,NA,NA,NA,NA,NA,NA,NA,NA,NA,NA,NA,NA,3.66412
63,0.065625,29.313,122,"2026-03-14_MFXAB",1.63750095520889,NA,NA,NA,NA,NA,NA,NA,NA,NA,NA,NA,NA,NA,NA,NA,NA,NA,NA,NA,NA,NA,3.66412
64,0.0666667,29.313,122,"2026-03-14_MFXAB",1.63750095520889,NA,NA,NA,NA,NA,NA,NA,NA,NA,NA,NA,NA,NA,NA,NA,NA,NA,NA,NA,NA,NA,3.66412
65,0.0677083,29.313,122,"2026-03-14_MFXAB",1.63750095520889,NA,NA,NA,NA,NA,NA,NA,NA,NA,NA,NA,NA,NA,NA,NA,NA,NA,NA,NA,NA,NA,3.66412
66,0.06875,29.313,123,"2026-03-14_MFXAB",1.63750095520889,NA,NA,NA,NA,NA,NA,NA,NA,NA,NA,NA,NA,NA,NA,NA,NA,NA,NA,NA,NA,NA,3.66412
67,0.0697917,29.313,123,"2026-03-14_MFXAB",1.63750095520889,NA,NA,NA,NA,NA,NA,NA,NA,NA,NA,NA,NA,NA,NA,NA,NA,NA,NA,NA,NA,NA,3.66412
68,0.0708333,29.313,123,"2026-03-14_MFXAB",1.63750095520889,NA,NA,NA,NA,NA,NA,NA,NA,NA,NA,NA,NA,NA,NA,NA,NA,NA,NA,NA,NA,NA,3.66412
69,0.071875,29.313,123,"2026-03-14_MFXAB",1.63750095520889,NA,NA,NA,NA,NA,NA,NA,NA,NA,NA,NA,NA,NA,NA,NA,NA,NA,NA,NA,NA,NA,3.66412
70,0.0729167,29.313,123,"2026-03-14_MFXAB",1.63750095520889,NA,NA,NA,NA,NA,NA,NA,NA,NA,NA,NA,NA,NA,NA,NA,NA,NA,NA,NA,NA,NA,3.66412
71,0.0739583,29.313,122,"2026-03-14_MFXAB",1.63750095520889,NA,NA,NA,NA,NA,NA,NA,NA,NA,NA,NA,NA,NA,NA,NA,NA,NA,NA,NA,NA,NA,3.66412
72,0.075,29.313,122,"2026-03-14_MFXAB",1.63750095520889,NA,NA,NA,NA,NA,NA,NA,NA,NA,NA,NA,NA,NA,NA,NA,NA,NA,NA,NA,NA,NA,3.66412
73,0.0760417,29.313,122,"2026-03-14_MFXAB",1.63750095520889,NA,NA,NA,NA,NA,NA,NA,NA,NA,NA,NA,NA,NA,NA,NA,NA,NA,NA,NA,NA,NA,3.66412
74,0.0770833,29.313,123,"2026-03-14_MFXAB",1.63750095520889,NA,NA,NA,NA,NA,NA,NA,NA,NA,NA,NA,NA,NA,NA,NA,NA,NA,NA,NA,NA,NA,3.66412
75,0.078125,29.313,123,"2026-03-14_MFXAB",1.63750095520889,NA,NA,NA,NA,NA,NA,NA,NA,NA,NA,NA,NA,NA,NA,NA,NA,NA,NA,NA,NA,NA,3.66412
76,0.0791667,29.313,123,"2026-03-14_MFXAB",1.63750095520889,NA,NA,NA,NA,NA,NA,NA,NA,NA,NA,NA,NA,NA,NA,NA,NA,NA,NA,NA,NA,NA,3.66412
77,0.0802083,29.313,123,"2026-03-14_MFXAB",1.63750095520889,NA,NA,NA,NA,NA,NA,NA,NA,NA,NA,NA,NA,NA,NA,NA,NA,NA,NA,NA,NA,NA,3.66412
78,0.08125,29.313,124,"2026-03-14_MFXAB",1.63750095520889,NA,NA,NA,NA,NA,NA,NA,NA,NA,NA,NA,NA,NA,NA,NA,NA,NA,NA,NA,NA,NA,3.66412
79,0.0822917,29.313,125,"2026-03-14_MFXAB",1.63750095520889,NA,NA,NA,NA,NA,NA,NA,NA,NA,NA,NA,NA,NA,NA,NA,NA,NA,NA,NA,NA,NA,3.66412
80,0.0833333,29.313,125,"2026-03-14_MFXAB",1.63750095520889,NA,NA,NA,NA,NA,NA,NA,NA,NA,NA,NA,NA,NA,NA,NA,NA,NA,NA,NA,NA,NA,3.66412
81,0.084375,29.313,125,"2026-03-14_MFXAB",1.63750095520889,NA,NA,NA,NA,NA,NA,NA,NA,NA,NA,NA,NA,NA,NA,NA,NA,NA,NA,NA,NA,NA,3.66412
82,0.0854167,29.313,126,"2026-03-14_MFXAB",1.63750095520889,NA,NA,NA,NA,NA,NA,NA,NA,NA,NA,NA,NA,NA,NA,NA,NA,NA,NA,NA,NA,NA,3.66412
83,0.0864583,29.313,126,"2026-03-14_MFXAB",1.63750095520889,NA,NA,NA,NA,NA,NA,NA,NA,NA,NA,NA,NA,NA,NA,NA,NA,NA,NA,NA,NA,NA,3.66412
84,0.0875,29.313,126,"2026-03-14_MFXAB",1.63750095520889,NA,NA,NA,NA,NA,NA,NA,NA,NA,NA,NA,NA,NA,NA,NA,NA,NA,NA,NA,NA,NA,3.66412
85,0.0885417,29.313,125,"2026-03-14_MFXAB",1.63750095520889,NA,NA,NA,NA,NA,NA,NA,NA,NA,NA,NA,NA,NA,NA,NA,NA,NA,NA,NA,NA,NA,3.66412
86,0.0895833,29.313,126,"2026-03-14_MFXAB",1.63750095520889,NA,NA,NA,NA,NA,NA,NA,NA,NA,NA,NA,NA,NA,NA,NA,NA,NA,NA,NA,NA,NA,3.66412
87,0.090625,29.313,126,"2026-03-14_MFXAB",1.63750095520889,NA,NA,NA,NA,NA,NA,NA,NA,NA,NA,NA,NA,NA,NA,NA,NA,NA,NA,NA,NA,NA,3.66412
88,0.0916667,29.313,126,"2026-03-14_MFXAB",1.63750095520889,NA,NA,NA,NA,NA,NA,NA,NA,NA,NA,NA,NA,NA,NA,NA,NA,NA,NA,NA,NA,NA,3.66412
89,0.0927083,29.313,126,"2026-03-14_MFXAB",1.63750095520889,NA,NA,NA,NA,NA,NA,NA,NA,NA,NA,NA,NA,NA,NA,NA,NA,NA,NA,NA,NA,NA,3.66412
90,0.09375,29.313,126,"2026-03-14_MFXAB",1.63750095520889,NA,NA,NA,NA,NA,NA,NA,NA,NA,NA,NA,NA,NA,NA,NA,NA,NA,NA,NA,NA,NA,3.66412
91,0.0947917,29.313,126,"2026-03-14_MFXAB",1.63750095520889,NA,NA,NA,NA,NA,NA,NA,NA,NA,NA,NA,NA,NA,NA,NA,NA,NA,NA,NA,NA,NA,3.66412
92,0.0958333,29.313,126,"2026-03-14_MFXAB",1.63750095520889,NA,NA,NA,NA,NA,NA,NA,NA,NA,NA,NA,NA,NA,NA,NA,NA,NA,NA,NA,NA,NA,3.66412
93,0.096875,29.313,127,"2026-03-14_MFXAB",1.63750095520889,NA,NA,NA,NA,NA,NA,NA,NA,NA,NA,NA,NA,NA,NA,NA,NA,NA,NA,NA,NA,NA,3.66412
94,0.0979167,29.313,128,"2026-03-14_MFXAB",1.63750095520889,NA,NA,NA,NA,NA,NA,NA,NA,NA,NA,NA,NA,NA,NA,NA,NA,NA,NA,NA,NA,NA,3.66412
95,0.0989583,29.313,128,"2026-03-14_MFXAB",1.63750095520889,NA,NA,NA,NA,NA,NA,NA,NA,NA,NA,NA,NA,NA,NA,NA,NA,NA,NA,NA,NA,NA,3.66412
96,0.1,29.313,129,"2026-03-14_MFXAB",1.63750095520889,NA,NA,NA,NA,NA,NA,NA,NA,NA,NA,NA,NA,NA,NA,NA,NA,NA,NA,NA,NA,NA,3.66412
97,0.1,30.0723,130,"2026-03-14_MFXAB",1.72916642650466,NA,NA,NA,NA,NA,NA,NA,NA,NA,NA,NA,NA,NA,NA,NA,NA,NA,NA,NA,NA,NA,3.46988
98,0.10098,30.0723,130,"2026-03-14_MFXAB",1.72916642650466,NA,NA,NA,NA,NA,NA,NA,NA,NA,NA,NA,NA,NA,NA,NA,NA,NA,NA,NA,NA,NA,3.46988
99,0.101961,30.0723,131,"2026-03-14_MFXAB",1.72916642650466,NA,NA,NA,NA,NA,NA,NA,NA,NA,NA,NA,NA,NA,NA,NA,NA,NA,NA,NA,NA,NA,3.46988
100,0.102941,30.0723,130,"2026-03-14_MFXAB",1.72916642650466,NA,NA,NA,NA,NA,NA,NA,NA,NA,NA,NA,NA,NA,NA,NA,NA,NA,NA,NA,NA,NA,3.46988
101,0.103922,30.0723,131,"2026-03-14_MFXAB",1.72916642650466,NA,NA,NA,NA,NA,NA,NA,NA,NA,NA,NA,NA,NA,NA,NA,NA,NA,NA,NA,NA,NA,3.46988
102,0.104902,30.0723,131,"2026-03-14_MFXAB",1.72916642650466,NA,NA,NA,NA,NA,NA,NA,NA,NA,NA,NA,NA,NA,NA,NA,NA,NA,NA,NA,NA,NA,3.46988
103,0.105882,30.0723,131,"2026-03-14_MFXAB",1.72916642650466,NA,NA,NA,NA,NA,NA,NA,NA,NA,NA,NA,NA,NA,NA,NA,NA,NA,NA,NA,NA,NA,3.46988
104,0.106863,30.0723,131,"2026-03-14_MFXAB",1.72916642650466,NA,NA,NA,NA,NA,NA,NA,NA,NA,NA,NA,NA,NA,NA,NA,NA,NA,NA,NA,NA,NA,3.46988
105,0.107843,30.0723,131,"2026-03-14_MFXAB",1.72916642650466,NA,NA,NA,NA,NA,NA,NA,NA,NA,NA,NA,NA,NA,NA,NA,NA,NA,NA,NA,NA,NA,3.46988
106,0.108824,30.0723,131,"2026-03-14_MFXAB",1.72916642650466,NA,NA,NA,NA,NA,NA,NA,NA,NA,NA,NA,NA,NA,NA,NA,NA,NA,NA,NA,NA,NA,3.46988
107,0.109804,30.0723,131,"2026-03-14_MFXAB",1.72916642650466,NA,NA,NA,NA,NA,NA,NA,NA,NA,NA,NA,NA,NA,NA,NA,NA,NA,NA,NA,NA,NA,3.46988
108,0.110784,30.0723,131,"2026-03-14_MFXAB",1.72916642650466,NA,NA,NA,NA,NA,NA,NA,NA,NA,NA,NA,NA,NA,NA,NA,NA,NA,NA,NA,NA,NA,3.46988
109,0.111765,30.0723,131,"2026-03-14_MFXAB",1.72916642650466,NA,NA,NA,NA,NA,NA,NA,NA,NA,NA,NA,NA,NA,NA,NA,NA,NA,NA,NA,NA,NA,3.46988
110,0.112745,30.0723,131,"2026-03-14_MFXAB",1.72916642650466,NA,NA,NA,NA,NA,NA,NA,NA,NA,NA,NA,NA,NA,NA,NA,NA,NA,NA,NA,NA,NA,3.46988
111,0.113725,30.0723,131,"2026-03-14_MFXAB",1.72916642650466,NA,NA,NA,NA,NA,NA,NA,NA,NA,NA,NA,NA,NA,NA,NA,NA,NA,NA,NA,NA,NA,3.46988
112,0.114706,30.0723,132,"2026-03-14_MFXAB",1.72916642650466,NA,NA,NA,NA,NA,NA,NA,NA,NA,NA,NA,NA,NA,NA,NA,NA,NA,NA,NA,NA,NA,3.46988
113,0.115686,30.0723,132,"2026-03-14_MFXAB",1.72916642650466,NA,NA,NA,NA,NA,NA,NA,NA,NA,NA,NA,NA,NA,NA,NA,NA,NA,NA,NA,NA,NA,3.46988
114,0.116667,30.0723,132,"2026-03-14_MFXAB",1.72916642650466,NA,NA,NA,NA,NA,NA,NA,NA,NA,NA,NA,NA,NA,NA,NA,NA,NA,NA,NA,NA,NA,3.46988
115,0.117647,30.0723,133,"2026-03-14_MFXAB",1.72916642650466,NA,NA,NA,NA,NA,NA,NA,NA,NA,NA,NA,NA,NA,NA,NA,NA,NA,NA,NA,NA,NA,3.46988
116,0.118627,30.0723,133,"2026-03-14_MFXAB",1.72916642650466,NA,NA,NA,NA,NA,NA,NA,NA,NA,NA,NA,NA,NA,NA,NA,NA,NA,NA,NA,NA,NA,3.46988
117,0.119608,30.0723,133,"2026-03-14_MFXAB",1.72916642650466,NA,NA,NA,NA,NA,NA,NA,NA,NA,NA,NA,NA,NA,NA,NA,NA,NA,NA,NA,NA,NA,3.46988
118,0.120588,30.0723,133,"2026-03-14_MFXAB",1.72916642650466,NA,NA,NA,NA,NA,NA,NA,NA,NA,NA,NA,NA,NA,NA,NA,NA,NA,NA,NA,NA,NA,3.46988
119,0.121569,30.0723,133,"2026-03-14_MFXAB",1.72916642650466,NA,NA,NA,NA,NA,NA,NA,NA,NA,NA,NA,NA,NA,NA,NA,NA,NA,NA,NA,NA,NA,3.46988
120,0.122549,30.0723,133,"2026-03-14_MFXAB",1.72916642650466,NA,NA,NA,NA,NA,NA,NA,NA,NA,NA,NA,NA,NA,NA,NA,NA,NA,NA,NA,NA,NA,3.46988
121,0.123529,30.0723,133,"2026-03-14_MFXAB",1.72916642650466,NA,NA,NA,NA,NA,NA,NA,NA,NA,NA,NA,NA,NA,NA,NA,NA,NA,NA,NA,NA,NA,3.46988
122,0.12451,30.0723,133,"2026-03-14_MFXAB",1.72916642650466,NA,NA,NA,NA,NA,NA,NA,NA,NA,NA,NA,NA,NA,NA,NA,NA,NA,NA,NA,NA,NA,3.46988
123,0.12549,30.0723,133,"2026-03-14_MFXAB",1.72916642650466,NA,NA,NA,NA,NA,NA,NA,NA,NA,NA,NA,NA,NA,NA,NA,NA,NA,NA,NA,NA,NA,3.46988
124,0.126471,30.0723,133,"2026-03-14_MFXAB",1.72916642650466,NA,NA,NA,NA,NA,NA,NA,NA,NA,NA,NA,NA,NA,NA,NA,NA,NA,NA,NA,NA,NA,3.46988
125,0.127451,30.0723,133,"2026-03-14_MFXAB",1.72916642650466,NA,NA,NA,NA,NA,NA,NA,NA,NA,NA,NA,NA,NA,NA,NA,NA,NA,NA,NA,NA,NA,3.46988
126,0.128431,30.0723,133,"2026-03-14_MFXAB",1.72916642650466,NA,NA,NA,NA,NA,NA,NA,NA,NA,NA,NA,NA,NA,NA,NA,NA,NA,NA,NA,NA,NA,3.46988
127,0.129412,30.0723,134,"2026-03-14_MFXAB",1.72916642650466,NA,NA,NA,NA,NA,NA,NA,NA,NA,NA,NA,NA,NA,NA,NA,NA,NA,NA,NA,NA,NA,3.46988
128,0.130392,30.0723,133,"2026-03-14_MFXAB",1.72916642650466,NA,NA,NA,NA,NA,NA,NA,NA,NA,NA,NA,NA,NA,NA,NA,NA,NA,NA,NA,NA,NA,3.46988
129,0.131373,30.0723,133,"2026-03-14_MFXAB",1.72916642650466,NA,NA,NA,NA,NA,NA,NA,NA,NA,NA,NA,NA,NA,NA,NA,NA,NA,NA,NA,NA,NA,3.46988
130,0.132353,30.0723,133,"2026-03-14_MFXAB",1.72916642650466,NA,NA,NA,NA,NA,NA,NA,NA,NA,NA,NA,NA,NA,NA,NA,NA,NA,NA,NA,NA,NA,3.46988
131,0.133333,30.0723,134,"2026-03-14_MFXAB",1.72916642650466,NA,NA,NA,NA,NA,NA,NA,NA,NA,NA,NA,NA,NA,NA,NA,NA,NA,NA,NA,NA,NA,3.46988
132,0.134314,30.0723,133,"2026-03-14_MFXAB",1.72916642650466,NA,NA,NA,NA,NA,NA,NA,NA,NA,NA,NA,NA,NA,NA,NA,NA,NA,NA,NA,NA,NA,3.46988
133,0.135294,30.0723,134,"2026-03-14_MFXAB",1.72916642650466,NA,NA,NA,NA,NA,NA,NA,NA,NA,NA,NA,NA,NA,NA,NA,NA,NA,NA,NA,NA,NA,3.46988
134,0.136275,30.0723,135,"2026-03-14_MFXAB",1.72916642650466,NA,NA,NA,NA,NA,NA,NA,NA,NA,NA,NA,NA,NA,NA,NA,NA,NA,NA,NA,NA,NA,3.46988
135,0.137255,30.0723,137,"2026-03-14_MFXAB",1.72916642650466,NA,NA,NA,NA,NA,NA,NA,NA,NA,NA,NA,NA,NA,NA,NA,NA,NA,NA,NA,NA,NA,3.46988
136,0.138235,30.0723,140,"2026-03-14_MFXAB",1.72916642650466,NA,NA,NA,NA,NA,NA,NA,NA,NA,NA,NA,NA,NA,NA,NA,NA,NA,NA,NA,NA,NA,3.46988
137,0.139216,30.0723,143,"2026-03-14_MFXAB",1.72916642650466,NA,NA,NA,NA,NA,NA,NA,NA,NA,NA,NA,NA,NA,NA,NA,NA,NA,NA,NA,NA,NA,3.46988
138,0.140196,30.0723,143,"2026-03-14_MFXAB",1.72916642650466,NA,NA,NA,NA,NA,NA,NA,NA,NA,NA,NA,NA,NA,NA,NA,NA,NA,NA,NA,NA,NA,3.46988
139,0.141176,30.0723,143,"2026-03-14_MFXAB",1.72916642650466,NA,NA,NA,NA,NA,NA,NA,NA,NA,NA,NA,NA,NA,NA,NA,NA,NA,NA,NA,NA,NA,3.46988
140,0.142157,30.0723,143,"2026-03-14_MFXAB",1.72916642650466,NA,NA,NA,NA,NA,NA,NA,NA,NA,NA,NA,NA,NA,NA,NA,NA,NA,NA,NA,NA,NA,3.46988
141,0.143137,30.0723,144,"2026-03-14_MFXAB",1.72916642650466,NA,NA,NA,NA,NA,NA,NA,NA,NA,NA,NA,NA,NA,NA,NA,NA,NA,NA,NA,NA,NA,3.46988
142,0.144118,30.0723,144,"2026-03-14_MFXAB",1.72916642650466,NA,NA,NA,NA,NA,NA,NA,NA,NA,NA,NA,NA,NA,NA,NA,NA,NA,NA,NA,NA,NA,3.46988
143,0.145098,30.0723,144,"2026-03-14_MFXAB",1.72916642650466,NA,NA,NA,NA,NA,NA,NA,NA,NA,NA,NA,NA,NA,NA,NA,NA,NA,NA,NA,NA,NA,3.46988
144,0.146078,30.0723,144,"2026-03-14_MFXAB",1.72916642650466,NA,NA,NA,NA,NA,NA,NA,NA,NA,NA,NA,NA,NA,NA,NA,NA,NA,NA,NA,NA,NA,3.46988
145,0.147059,30.0723,144,"2026-03-14_MFXAB",1.72916642650466,NA,NA,NA,NA,NA,NA,NA,NA,NA,NA,NA,NA,NA,NA,NA,NA,NA,NA,NA,NA,NA,3.46988
146,0.148039,30.0723,144,"2026-03-14_MFXAB",1.72916642650466,NA,NA,NA,NA,NA,NA,NA,NA,NA,NA,NA,NA,NA,NA,NA,NA,NA,NA,NA,NA,NA,3.46988
147,0.14902,30.0723,144,"2026-03-14_MFXAB",1.72916642650466,NA,NA,NA,NA,NA,NA,NA,NA,NA,NA,NA,NA,NA,NA,NA,NA,NA,NA,NA,NA,NA,3.46988
148,0.15,30.0723,145,"2026-03-14_MFXAB",1.72916642650466,NA,NA,NA,NA,NA,NA,NA,NA,NA,NA,NA,NA,NA,NA,NA,NA,NA,NA,NA,NA,NA,3.46988
149,0.15,28.9286,145,"2026-03-14_MFXAB",1.8666641777811,NA,NA,NA,NA,NA,NA,NA,NA,NA,NA,NA,NA,NA,NA,NA,NA,NA,NA,NA,NA,NA,3.21429
150,0.150909,28.9286,145,"2026-03-14_MFXAB",1.8666641777811,NA,NA,NA,NA,NA,NA,NA,NA,NA,NA,NA,NA,NA,NA,NA,NA,NA,NA,NA,NA,NA,3.21429
151,0.151818,28.9286,145,"2026-03-14_MFXAB",1.8666641777811,NA,NA,NA,NA,NA,NA,NA,NA,NA,NA,NA,NA,NA,NA,NA,NA,NA,NA,NA,NA,NA,3.21429
152,0.152727,28.9286,145,"2026-03-14_MFXAB",1.8666641777811,NA,NA,NA,NA,NA,NA,NA,NA,NA,NA,NA,NA,NA,NA,NA,NA,NA,NA,NA,NA,NA,3.21429
153,0.153636,28.9286,145,"2026-03-14_MFXAB",1.8666641777811,NA,NA,NA,NA,NA,NA,NA,NA,NA,NA,NA,NA,NA,NA,NA,NA,NA,NA,NA,NA,NA,3.21429
154,0.154545,28.9286,145,"2026-03-14_MFXAB",1.8666641777811,NA,NA,NA,NA,NA,NA,NA,NA,NA,NA,NA,NA,NA,NA,NA,NA,NA,NA,NA,NA,NA,3.21429
155,0.155455,28.9286,144,"2026-03-14_MFXAB",1.8666641777811,NA,NA,NA,NA,NA,NA,NA,NA,NA,NA,NA,NA,NA,NA,NA,NA,NA,NA,NA,NA,NA,3.21429
156,0.156364,28.9286,144,"2026-03-14_MFXAB",1.8666641777811,NA,NA,NA,NA,NA,NA,NA,NA,NA,NA,NA,NA,NA,NA,NA,NA,NA,NA,NA,NA,NA,3.21429
157,0.157273,28.9286,144,"2026-03-14_MFXAB",1.8666641777811,NA,NA,NA,NA,NA,NA,NA,NA,NA,NA,NA,NA,NA,NA,NA,NA,NA,NA,NA,NA,NA,3.21429
158,0.158182,28.9286,144,"2026-03-14_MFXAB",1.8666641777811,NA,NA,NA,NA,NA,NA,NA,NA,NA,NA,NA,NA,NA,NA,NA,NA,NA,NA,NA,NA,NA,3.21429
159,0.159091,28.9286,143,"2026-03-14_MFXAB",1.8666641777811,NA,NA,NA,NA,NA,NA,NA,NA,NA,NA,NA,NA,NA,NA,NA,NA,NA,NA,NA,NA,NA,3.21429
160,0.16,28.9286,143,"2026-03-14_MFXAB",1.8666641777811,NA,NA,NA,NA,NA,NA,NA,NA,NA,NA,NA,NA,NA,NA,NA,NA,NA,NA,NA,NA,NA,3.21429
161,0.160909,28.9286,142,"2026-03-14_MFXAB",1.8666641777811,NA,NA,NA,NA,NA,NA,NA,NA,NA,NA,NA,NA,NA,NA,NA,NA,NA,NA,NA,NA,NA,3.21429
162,0.161818,28.9286,142,"2026-03-14_MFXAB",1.8666641777811,NA,NA,NA,NA,NA,NA,NA,NA,NA,NA,NA,NA,NA,NA,NA,NA,NA,NA,NA,NA,NA,3.21429
163,0.162727,28.9286,142,"2026-03-14_MFXAB",1.8666641777811,NA,NA,NA,NA,NA,NA,NA,NA,NA,NA,NA,NA,NA,NA,NA,NA,NA,NA,NA,NA,NA,3.21429
164,0.163636,28.9286,141,"2026-03-14_MFXAB",1.8666641777811,NA,NA,NA,NA,NA,NA,NA,NA,NA,NA,NA,NA,NA,NA,NA,NA,NA,NA,NA,NA,NA,3.21429
165,0.164545,28.9286,140,"2026-03-14_MFXAB",1.8666641777811,NA,NA,NA,NA,NA,NA,NA,NA,NA,NA,NA,NA,NA,NA,NA,NA,NA,NA,NA,NA,NA,3.21429
166,0.165455,28.9286,140,"2026-03-14_MFXAB",1.8666641777811,NA,NA,NA,NA,NA,NA,NA,NA,NA,NA,NA,NA,NA,NA,NA,NA,NA,NA,NA,NA,NA,3.21429
167,0.166364,28.9286,139,"2026-03-14_MFXAB",1.8666641777811,NA,NA,NA,NA,NA,NA,NA,NA,NA,NA,NA,NA,NA,NA,NA,NA,NA,NA,NA,NA,NA,3.21429
168,0.167273,28.9286,139,"2026-03-14_MFXAB",1.8666641777811,NA,NA,NA,NA,NA,NA,NA,NA,NA,NA,NA,NA,NA,NA,NA,NA,NA,NA,NA,NA,NA,3.21429
169,0.168182,28.9286,138,"2026-03-14_MFXAB",1.8666641777811,NA,NA,NA,NA,NA,NA,NA,NA,NA,NA,NA,NA,NA,NA,NA,NA,NA,NA,NA,NA,NA,3.21429
170,0.169091,28.9286,138,"2026-03-14_MFXAB",1.8666641777811,NA,NA,NA,NA,NA,NA,NA,NA,NA,NA,NA,NA,NA,NA,NA,NA,NA,NA,NA,NA,NA,3.21429
171,0.17,28.9286,138,"2026-03-14_MFXAB",1.8666641777811,NA,NA,NA,NA,NA,NA,NA,NA,NA,NA,NA,NA,NA,NA,NA,NA,NA,NA,NA,NA,NA,3.21429
172,0.170909,28.9286,138,"2026-03-14_MFXAB",1.8666641777811,NA,NA,NA,NA,NA,NA,NA,NA,NA,NA,NA,NA,NA,NA,NA,NA,NA,NA,NA,NA,NA,3.21429
173,0.171818,28.9286,138,"2026-03-14_MFXAB",1.8666641777811,NA,NA,NA,NA,NA,NA,NA,NA,NA,NA,NA,NA,NA,NA,NA,NA,NA,NA,NA,NA,NA,3.21429
174,0.172727,28.9286,138,"2026-03-14_MFXAB",1.8666641777811,NA,NA,NA,NA,NA,NA,NA,NA,NA,NA,NA,NA,NA,NA,NA,NA,NA,NA,NA,NA,NA,3.21429
175,0.173636,28.9286,138,"2026-03-14_MFXAB",1.8666641777811,NA,NA,NA,NA,NA,NA,NA,NA,NA,NA,NA,NA,NA,NA,NA,NA,NA,NA,NA,NA,NA,3.21429
176,0.174545,28.9286,137,"2026-03-14_MFXAB",1.8666641777811,NA,NA,NA,NA,NA,NA,NA,NA,NA,NA,NA,NA,NA,NA,NA,NA,NA,NA,NA,NA,NA,3.21429
177,0.175455,28.9286,137,"2026-03-14_MFXAB",1.8666641777811,NA,NA,NA,NA,NA,NA,NA,NA,NA,NA,NA,NA,NA,NA,NA,NA,NA,NA,NA,NA,NA,3.21429
178,0.176364,28.9286,137,"2026-03-14_MFXAB",1.8666641777811,NA,NA,NA,NA,NA,NA,NA,NA,NA,NA,NA,NA,NA,NA,NA,NA,NA,NA,NA,NA,NA,3.21429
179,0.177273,28.9286,136,"2026-03-14_MFXAB",1.8666641777811,NA,NA,NA,NA,NA,NA,NA,NA,NA,NA,NA,NA,NA,NA,NA,NA,NA,NA,NA,NA,NA,3.21429
180,0.178182,28.9286,136,"2026-03-14_MFXAB",1.8666641777811,NA,NA,NA,NA,NA,NA,NA,NA,NA,NA,NA,NA,NA,NA,NA,NA,NA,NA,NA,NA,NA,3.21429
181,0.179091,28.9286,136,"2026-03-14_MFXAB",1.8666641777811,NA,NA,NA,NA,NA,NA,NA,NA,NA,NA,NA,NA,NA,NA,NA,NA,NA,NA,NA,NA,NA,3.21429
182,0.18,28.9286,136,"2026-03-14_MFXAB",1.8666641777811,NA,NA,NA,NA,NA,NA,NA,NA,NA,NA,NA,NA,NA,NA,NA,NA,NA,NA,NA,NA,NA,3.21429
183,0.180909,28.9286,135,"2026-03-14_MFXAB",1.8666641777811,NA,NA,NA,NA,NA,NA,NA,NA,NA,NA,NA,NA,NA,NA,NA,NA,NA,NA,NA,NA,NA,3.21429
184,0.181818,28.9286,135,"2026-03-14_MFXAB",1.8666641777811,NA,NA,NA,NA,NA,NA,NA,NA,NA,NA,NA,NA,NA,NA,NA,NA,NA,NA,NA,NA,NA,3.21429
185,0.182727,28.9286,135,"2026-03-14_MFXAB",1.8666641777811,NA,NA,NA,NA,NA,NA,NA,NA,NA,NA,NA,NA,NA,NA,NA,NA,NA,NA,NA,NA,NA,3.21429
186,0.183636,28.9286,135,"2026-03-14_MFXAB",1.8666641777811,NA,NA,NA,NA,NA,NA,NA,NA,NA,NA,NA,NA,NA,NA,NA,NA,NA,NA,NA,NA,NA,3.21429
187,0.184545,28.9286,135,"2026-03-14_MFXAB",1.8666641777811,NA,NA,NA,NA,NA,NA,NA,NA,NA,NA,NA,NA,NA,NA,NA,NA,NA,NA,NA,NA,NA,3.21429
188,0.185455,28.9286,136,"2026-03-14_MFXAB",1.8666641777811,NA,NA,NA,NA,NA,NA,NA,NA,NA,NA,NA,NA,NA,NA,NA,NA,NA,NA,NA,NA,NA,3.21429
189,0.186364,28.9286,137,"2026-03-14_MFXAB",1.8666641777811,NA,NA,NA,NA,NA,NA,NA,NA,NA,NA,NA,NA,NA,NA,NA,NA,NA,NA,NA,NA,NA,3.21429
190,0.187273,28.9286,137,"2026-03-14_MFXAB",1.8666641777811,NA,NA,NA,NA,NA,NA,NA,NA,NA,NA,NA,NA,NA,NA,NA,NA,NA,NA,NA,NA,NA,3.21429
191,0.188182,28.9286,137,"2026-03-14_MFXAB",1.8666641777811,NA,NA,NA,NA,NA,NA,NA,NA,NA,NA,NA,NA,NA,NA,NA,NA,NA,NA,NA,NA,NA,3.21429
192,0.189091,28.9286,137,"2026-03-14_MFXAB",1.8666641777811,NA,NA,NA,NA,NA,NA,NA,NA,NA,NA,NA,NA,NA,NA,NA,NA,NA,NA,NA,NA,NA,3.21429
193,0.19,28.9286,138,"2026-03-14_MFXAB",1.8666641777811,NA,NA,NA,NA,NA,NA,NA,NA,NA,NA,NA,NA,NA,NA,NA,NA,NA,NA,NA,NA,NA,3.21429
194,0.190909,28.9286,138,"2026-03-14_MFXAB",1.8666641777811,NA,NA,NA,NA,NA,NA,NA,NA,NA,NA,NA,NA,NA,NA,NA,NA,NA,NA,NA,NA,NA,3.21429
195,0.191818,28.9286,138,"2026-03-14_MFXAB",1.8666641777811,NA,NA,NA,NA,NA,NA,NA,NA,NA,NA,NA,NA,NA,NA,NA,NA,NA,NA,NA,NA,NA,3.21429
196,0.192727,28.9286,138,"2026-03-14_MFXAB",1.8666641777811,NA,NA,NA,NA,NA,NA,NA,NA,NA,NA,NA,NA,NA,NA,NA,NA,NA,NA,NA,NA,NA,3.21429
197,0.193636,28.9286,138,"2026-03-14_MFXAB",1.8666641777811,NA,NA,NA,NA,NA,NA,NA,NA,NA,NA,NA,NA,NA,NA,NA,NA,NA,NA,NA,NA,NA,3.21429
198,0.194545,28.9286,138,"2026-03-14_MFXAB",1.8666641777811,NA,NA,NA,NA,NA,NA,NA,NA,NA,NA,NA,NA,NA,NA,NA,NA,NA,NA,NA,NA,NA,3.21429
199,0.195455,28.9286,139,"2026-03-14_MFXAB",1.8666641777811,NA,NA,NA,NA,NA,NA,NA,NA,NA,NA,NA,NA,NA,NA,NA,NA,NA,NA,NA,NA,NA,3.21429
200,0.196364,28.9286,139,"2026-03-14_MFXAB",1.8666641777811,NA,NA,NA,NA,NA,NA,NA,NA,NA,NA,NA,NA,NA,NA,NA,NA,NA,NA,NA,NA,NA,3.21429
201,0.197273,28.9286,139,"2026-03-14_MFXAB",1.8666641777811,NA,NA,NA,NA,NA,NA,NA,NA,NA,NA,NA,NA,NA,NA,NA,NA,NA,NA,NA,NA,NA,3.21429
202,0.198182,28.9286,140,"2026-03-14_MFXAB",1.8666641777811,NA,NA,NA,NA,NA,NA,NA,NA,NA,NA,NA,NA,NA,NA,NA,NA,NA,NA,NA,NA,NA,3.21429
203,0.199091,28.9286,140,"2026-03-14_MFXAB",1.8666641777811,NA,NA,NA,NA,NA,NA,NA,NA,NA,NA,NA,NA,NA,NA,NA,NA,NA,NA,NA,NA,NA,3.21429
204,0.2,28.9286,140,"2026-03-14_MFXAB",1.8666641777811,NA,NA,NA,NA,NA,NA,NA,NA,NA,NA,NA,NA,NA,NA,NA,NA,NA,NA,NA,NA,NA,3.21429
205,0.2,30.968,139,"2026-03-14_MFXAB",1.74373490579472,NA,NA,NA,NA,NA,NA,NA,NA,NA,NA,NA,NA,NA,NA,NA,NA,NA,NA,NA,NA,NA,3.44089
206,0.20098,30.968,139,"2026-03-14_MFXAB",1.74373490579472,NA,NA,NA,NA,NA,NA,NA,NA,NA,NA,NA,NA,NA,NA,NA,NA,NA,NA,NA,NA,NA,3.44089
207,0.201961,30.968,139,"2026-03-14_MFXAB",1.74373490579472,NA,NA,NA,NA,NA,NA,NA,NA,NA,NA,NA,NA,NA,NA,NA,NA,NA,NA,NA,NA,NA,3.44089
208,0.202941,30.968,139,"2026-03-14_MFXAB",1.74373490579472,NA,NA,NA,NA,NA,NA,NA,NA,NA,NA,NA,NA,NA,NA,NA,NA,NA,NA,NA,NA,NA,3.44089
209,0.203922,30.968,139,"2026-03-14_MFXAB",1.74373490579472,NA,NA,NA,NA,NA,NA,NA,NA,NA,NA,NA,NA,NA,NA,NA,NA,NA,NA,NA,NA,NA,3.44089
210,0.204902,30.968,138,"2026-03-14_MFXAB",1.74373490579472,NA,NA,NA,NA,NA,NA,NA,NA,NA,NA,NA,NA,NA,NA,NA,NA,NA,NA,NA,NA,NA,3.44089
211,0.205882,30.968,138,"2026-03-14_MFXAB",1.74373490579472,NA,NA,NA,NA,NA,NA,NA,NA,NA,NA,NA,NA,NA,NA,NA,NA,NA,NA,NA,NA,NA,3.44089
212,0.206863,30.968,138,"2026-03-14_MFXAB",1.74373490579472,NA,NA,NA,NA,NA,NA,NA,NA,NA,NA,NA,NA,NA,NA,NA,NA,NA,NA,NA,NA,NA,3.44089
213,0.207843,30.968,138,"2026-03-14_MFXAB",1.74373490579472,NA,NA,NA,NA,NA,NA,NA,NA,NA,NA,NA,NA,NA,NA,NA,NA,NA,NA,NA,NA,NA,3.44089
214,0.208824,30.968,138,"2026-03-14_MFXAB",1.74373490579472,NA,NA,NA,NA,NA,NA,NA,NA,NA,NA,NA,NA,NA,NA,NA,NA,NA,NA,NA,NA,NA,3.44089
215,0.209804,30.968,138,"2026-03-14_MFXAB",1.74373490579472,NA,NA,NA,NA,NA,NA,NA,NA,NA,NA,NA,NA,NA,NA,NA,NA,NA,NA,NA,NA,NA,3.44089
216,0.210784,30.968,137,"2026-03-14_MFXAB",1.74373490579472,NA,NA,NA,NA,NA,NA,NA,NA,NA,NA,NA,NA,NA,NA,NA,NA,NA,NA,NA,NA,NA,3.44089
217,0.211765,30.968,137,"2026-03-14_MFXAB",1.74373490579472,NA,NA,NA,NA,NA,NA,NA,NA,NA,NA,NA,NA,NA,NA,NA,NA,NA,NA,NA,NA,NA,3.44089
218,0.212745,30.968,137,"2026-03-14_MFXAB",1.74373490579472,NA,NA,NA,NA,NA,NA,NA,NA,NA,NA,NA,NA,NA,NA,NA,NA,NA,NA,NA,NA,NA,3.44089
219,0.213725,30.968,137,"2026-03-14_MFXAB",1.74373490579472,NA,NA,NA,NA,NA,NA,NA,NA,NA,NA,NA,NA,NA,NA,NA,NA,NA,NA,NA,NA,NA,3.44089
220,0.214706,30.968,136,"2026-03-14_MFXAB",1.74373490579472,NA,NA,NA,NA,NA,NA,NA,NA,NA,NA,NA,NA,NA,NA,NA,NA,NA,NA,NA,NA,NA,3.44089
221,0.215686,30.968,136,"2026-03-14_MFXAB",1.74373490579472,NA,NA,NA,NA,NA,NA,NA,NA,NA,NA,NA,NA,NA,NA,NA,NA,NA,NA,NA,NA,NA,3.44089
222,0.216667,30.968,136,"2026-03-14_MFXAB",1.74373490579472,NA,NA,NA,NA,NA,NA,NA,NA,NA,NA,NA,NA,NA,NA,NA,NA,NA,NA,NA,NA,NA,3.44089
223,0.217647,30.968,136,"2026-03-14_MFXAB",1.74373490579472,NA,NA,NA,NA,NA,NA,NA,NA,NA,NA,NA,NA,NA,NA,NA,NA,NA,NA,NA,NA,NA,3.44089
224,0.218627,30.968,136,"2026-03-14_MFXAB",1.74373490579472,NA,NA,NA,NA,NA,NA,NA,NA,NA,NA,NA,NA,NA,NA,NA,NA,NA,NA,NA,NA,NA,3.44089
225,0.219608,30.968,136,"2026-03-14_MFXAB",1.74373490579472,NA,NA,NA,NA,NA,NA,NA,NA,NA,NA,NA,NA,NA,NA,NA,NA,NA,NA,NA,NA,NA,3.44089
226,0.220588,30.968,136,"2026-03-14_MFXAB",1.74373490579472,NA,NA,NA,NA,NA,NA,NA,NA,NA,NA,NA,NA,NA,NA,NA,NA,NA,NA,NA,NA,NA,3.44089
227,0.221569,30.968,135,"2026-03-14_MFXAB",1.74373490579472,NA,NA,NA,NA,NA,NA,NA,NA,NA,NA,NA,NA,NA,NA,NA,NA,NA,NA,NA,NA,NA,3.44089
228,0.222549,30.968,136,"2026-03-14_MFXAB",1.74373490579472,NA,NA,NA,NA,NA,NA,NA,NA,NA,NA,NA,NA,NA,NA,NA,NA,NA,NA,NA,NA,NA,3.44089
229,0.223529,30.968,136,"2026-03-14_MFXAB",1.74373490579472,NA,NA,NA,NA,NA,NA,NA,NA,NA,NA,NA,NA,NA,NA,NA,NA,NA,NA,NA,NA,NA,3.44089
230,0.22451,30.968,135,"2026-03-14_MFXAB",1.74373490579472,NA,NA,NA,NA,NA,NA,NA,NA,NA,NA,NA,NA,NA,NA,NA,NA,NA,NA,NA,NA,NA,3.44089
231,0.22549,30.968,136,"2026-03-14_MFXAB",1.74373490579472,NA,NA,NA,NA,NA,NA,NA,NA,NA,NA,NA,NA,NA,NA,NA,NA,NA,NA,NA,NA,NA,3.44089
232,0.226471,30.968,136,"2026-03-14_MFXAB",1.74373490579472,NA,NA,NA,NA,NA,NA,NA,NA,NA,NA,NA,NA,NA,NA,NA,NA,NA,NA,NA,NA,NA,3.44089
233,0.227451,30.968,135,"2026-03-14_MFXAB",1.74373490579472,NA,NA,NA,NA,NA,NA,NA,NA,NA,NA,NA,NA,NA,NA,NA,NA,NA,NA,NA,NA,NA,3.44089
234,0.228431,30.968,135,"2026-03-14_MFXAB",1.74373490579472,NA,NA,NA,NA,NA,NA,NA,NA,NA,NA,NA,NA,NA,NA,NA,NA,NA,NA,NA,NA,NA,3.44089
235,0.229412,30.968,135,"2026-03-14_MFXAB",1.74373490579472,NA,NA,NA,NA,NA,NA,NA,NA,NA,NA,NA,NA,NA,NA,NA,NA,NA,NA,NA,NA,NA,3.44089
236,0.230392,30.968,134,"2026-03-14_MFXAB",1.74373490579472,NA,NA,NA,NA,NA,NA,NA,NA,NA,NA,NA,NA,NA,NA,NA,NA,NA,NA,NA,NA,NA,3.44089
237,0.231373,30.968,134,"2026-03-14_MFXAB",1.74373490579472,NA,NA,NA,NA,NA,NA,NA,NA,NA,NA,NA,NA,NA,NA,NA,NA,NA,NA,NA,NA,NA,3.44089
238,0.232353,30.968,134,"2026-03-14_MFXAB",1.74373490579472,NA,NA,NA,NA,NA,NA,NA,NA,NA,NA,NA,NA,NA,NA,NA,NA,NA,NA,NA,NA,NA,3.44089
239,0.233333,30.968,134,"2026-03-14_MFXAB",1.74373490579472,NA,NA,NA,NA,NA,NA,NA,NA,NA,NA,NA,NA,NA,NA,NA,NA,NA,NA,NA,NA,NA,3.44089
240,0.234314,30.968,133,"2026-03-14_MFXAB",1.74373490579472,NA,NA,NA,NA,NA,NA,NA,NA,NA,NA,NA,NA,NA,NA,NA,NA,NA,NA,NA,NA,NA,3.44089
241,0.235294,30.968,133,"2026-03-14_MFXAB",1.74373490579472,NA,NA,NA,NA,NA,NA,NA,NA,NA,NA,NA,NA,NA,NA,NA,NA,NA,NA,NA,NA,NA,3.44089
242,0.236275,30.968,133,"2026-03-14_MFXAB",1.74373490579472,NA,NA,NA,NA,NA,NA,NA,NA,NA,NA,NA,NA,NA,NA,NA,NA,NA,NA,NA,NA,NA,3.44089
243,0.237255,30.968,133,"2026-03-14_MFXAB",1.74373490579472,NA,NA,NA,NA,NA,NA,NA,NA,NA,NA,NA,NA,NA,NA,NA,NA,NA,NA,NA,NA,NA,3.44089
244,0.238235,30.968,132,"2026-03-14_MFXAB",1.74373490579472,NA,NA,NA,NA,NA,NA,NA,NA,NA,NA,NA,NA,NA,NA,NA,NA,NA,NA,NA,NA,NA,3.44089
245,0.239216,30.968,132,"2026-03-14_MFXAB",1.74373490579472,NA,NA,NA,NA,NA,NA,NA,NA,NA,NA,NA,NA,NA,NA,NA,NA,NA,NA,NA,NA,NA,3.44089
246,0.240196,30.968,132,"2026-03-14_MFXAB",1.74373490579472,NA,NA,NA,NA,NA,NA,NA,NA,NA,NA,NA,NA,NA,NA,NA,NA,NA,NA,NA,NA,NA,3.44089
247,0.241176,30.968,131,"2026-03-14_MFXAB",1.74373490579472,NA,NA,NA,NA,NA,NA,NA,NA,NA,NA,NA,NA,NA,NA,NA,NA,NA,NA,NA,NA,NA,3.44089
248,0.242157,30.968,131,"2026-03-14_MFXAB",1.74373490579472,NA,NA,NA,NA,NA,NA,NA,NA,NA,NA,NA,NA,NA,NA,NA,NA,NA,NA,NA,NA,NA,3.44089
249,0.243137,30.968,131,"2026-03-14_MFXAB",1.74373490579472,NA,NA,NA,NA,NA,NA,NA,NA,NA,NA,NA,NA,NA,NA,NA,NA,NA,NA,NA,NA,NA,3.44089
250,0.244118,30.968,131,"2026-03-14_MFXAB",1.74373490579472,NA,NA,NA,NA,NA,NA,NA,NA,NA,NA,NA,NA,NA,NA,NA,NA,NA,NA,NA,NA,NA,3.44089
251,0.245098,30.968,131,"2026-03-14_MFXAB",1.74373490579472,NA,NA,NA,NA,NA,NA,NA,NA,NA,NA,NA,NA,NA,NA,NA,NA,NA,NA,NA,NA,NA,3.44089
252,0.246078,30.968,131,"2026-03-14_MFXAB",1.74373490579472,NA,NA,NA,NA,NA,NA,NA,NA,NA,NA,NA,NA,NA,NA,NA,NA,NA,NA,NA,NA,NA,3.44089
253,0.247059,30.968,131,"2026-03-14_MFXAB",1.74373490579472,NA,NA,NA,NA,NA,NA,NA,NA,NA,NA,NA,NA,NA,NA,NA,NA,NA,NA,NA,NA,NA,3.44089
254,0.248039,30.968,131,"2026-03-14_MFXAB",1.74373490579472,NA,NA,NA,NA,NA,NA,NA,NA,NA,NA,NA,NA,NA,NA,NA,NA,NA,NA,NA,NA,NA,3.44089
255,0.24902,30.968,130,"2026-03-14_MFXAB",1.74373490579472,NA,NA,NA,NA,NA,NA,NA,NA,NA,NA,NA,NA,NA,NA,NA,NA,NA,NA,NA,NA,NA,3.44089
256,0.25,30.968,131,"2026-03-14_MFXAB",1.74373490579472,NA,NA,NA,NA,NA,NA,NA,NA,NA,NA,NA,NA,NA,NA,NA,NA,NA,NA,NA,NA,NA,3.44089
257,0.25,30.1686,131,"2026-03-14_MFXAB",1.85623462805699,NA,NA,NA,NA,NA,NA,NA,NA,NA,NA,NA,NA,NA,NA,NA,NA,NA,NA,NA,NA,NA,3.23235
258,0.250909,30.1686,131,"2026-03-14_MFXAB",1.85623462805699,NA,NA,NA,NA,NA,NA,NA,NA,NA,NA,NA,NA,NA,NA,NA,NA,NA,NA,NA,NA,NA,3.23235
259,0.251818,30.1686,132,"2026-03-14_MFXAB",1.85623462805699,NA,NA,NA,NA,NA,NA,NA,NA,NA,NA,NA,NA,NA,NA,NA,NA,NA,NA,NA,NA,NA,3.23235
260,0.252727,30.1686,132,"2026-03-14_MFXAB",1.85623462805699,NA,NA,NA,NA,NA,NA,NA,NA,NA,NA,NA,NA,NA,NA,NA,NA,NA,NA,NA,NA,NA,3.23235
261,0.253636,30.1686,132,"2026-03-14_MFXAB",1.85623462805699,NA,NA,NA,NA,NA,NA,NA,NA,NA,NA,NA,NA,NA,NA,NA,NA,NA,NA,NA,NA,NA,3.23235
262,0.254545,30.1686,133,"2026-03-14_MFXAB",1.85623462805699,NA,NA,NA,NA,NA,NA,NA,NA,NA,NA,NA,NA,NA,NA,NA,NA,NA,NA,NA,NA,NA,3.23235
263,0.255455,30.1686,133,"2026-03-14_MFXAB",1.85623462805699,NA,NA,NA,NA,NA,NA,NA,NA,NA,NA,NA,NA,NA,NA,NA,NA,NA,NA,NA,NA,NA,3.23235
264,0.256364,30.1686,133,"2026-03-14_MFXAB",1.85623462805699,NA,NA,NA,NA,NA,NA,NA,NA,NA,NA,NA,NA,NA,NA,NA,NA,NA,NA,NA,NA,NA,3.23235
265,0.257273,30.1686,133,"2026-03-14_MFXAB",1.85623462805699,NA,NA,NA,NA,NA,NA,NA,NA,NA,NA,NA,NA,NA,NA,NA,NA,NA,NA,NA,NA,NA,3.23235
266,0.258182,30.1686,133,"2026-03-14_MFXAB",1.85623462805699,NA,NA,NA,NA,NA,NA,NA,NA,NA,NA,NA,NA,NA,NA,NA,NA,NA,NA,NA,NA,NA,3.23235
267,0.259091,30.1686,133,"2026-03-14_MFXAB",1.85623462805699,NA,NA,NA,NA,NA,NA,NA,NA,NA,NA,NA,NA,NA,NA,NA,NA,NA,NA,NA,NA,NA,3.23235
268,0.26,30.1686,133,"2026-03-14_MFXAB",1.85623462805699,NA,NA,NA,NA,NA,NA,NA,NA,NA,NA,NA,NA,NA,NA,NA,NA,NA,NA,NA,NA,NA,3.23235
269,0.260909,30.1686,134,"2026-03-14_MFXAB",1.85623462805699,NA,NA,NA,NA,NA,NA,NA,NA,NA,NA,NA,NA,NA,NA,NA,NA,NA,NA,NA,NA,NA,3.23235
270,0.261818,30.1686,134,"2026-03-14_MFXAB",1.85623462805699,NA,NA,NA,NA,NA,NA,NA,NA,NA,NA,NA,NA,NA,NA,NA,NA,NA,NA,NA,NA,NA,3.23235
271,0.262727,30.1686,134,"2026-03-14_MFXAB",1.85623462805699,NA,NA,NA,NA,NA,NA,NA,NA,NA,NA,NA,NA,NA,NA,NA,NA,NA,NA,NA,NA,NA,3.23235
272,0.263636,30.1686,134,"2026-03-14_MFXAB",1.85623462805699,NA,NA,NA,NA,NA,NA,NA,NA,NA,NA,NA,NA,NA,NA,NA,NA,NA,NA,NA,NA,NA,3.23235
273,0.264545,30.1686,134,"2026-03-14_MFXAB",1.85623462805699,NA,NA,NA,NA,NA,NA,NA,NA,NA,NA,NA,NA,NA,NA,NA,NA,NA,NA,NA,NA,NA,3.23235
274,0.265455,30.1686,134,"2026-03-14_MFXAB",1.85623462805699,NA,NA,NA,NA,NA,NA,NA,NA,NA,NA,NA,NA,NA,NA,NA,NA,NA,NA,NA,NA,NA,3.23235
275,0.266364,30.1686,134,"2026-03-14_MFXAB",1.85623462805699,NA,NA,NA,NA,NA,NA,NA,NA,NA,NA,NA,NA,NA,NA,NA,NA,NA,NA,NA,NA,NA,3.23235
276,0.267273,30.1686,134,"2026-03-14_MFXAB",1.85623462805699,NA,NA,NA,NA,NA,NA,NA,NA,NA,NA,NA,NA,NA,NA,NA,NA,NA,NA,NA,NA,NA,3.23235
277,0.268182,30.1686,134,"2026-03-14_MFXAB",1.85623462805699,NA,NA,NA,NA,NA,NA,NA,NA,NA,NA,NA,NA,NA,NA,NA,NA,NA,NA,NA,NA,NA,3.23235
278,0.269091,30.1686,133,"2026-03-14_MFXAB",1.85623462805699,NA,NA,NA,NA,NA,NA,NA,NA,NA,NA,NA,NA,NA,NA,NA,NA,NA,NA,NA,NA,NA,3.23235
279,0.27,30.1686,133,"2026-03-14_MFXAB",1.85623462805699,NA,NA,NA,NA,NA,NA,NA,NA,NA,NA,NA,NA,NA,NA,NA,NA,NA,NA,NA,NA,NA,3.23235
280,0.270909,30.1686,132,"2026-03-14_MFXAB",1.85623462805699,NA,NA,NA,NA,NA,NA,NA,NA,NA,NA,NA,NA,NA,NA,NA,NA,NA,NA,NA,NA,NA,3.23235
281,0.271818,30.1686,132,"2026-03-14_MFXAB",1.85623462805699,NA,NA,NA,NA,NA,NA,NA,NA,NA,NA,NA,NA,NA,NA,NA,NA,NA,NA,NA,NA,NA,3.23235
282,0.272727,30.1686,132,"2026-03-14_MFXAB",1.85623462805699,NA,NA,NA,NA,NA,NA,NA,NA,NA,NA,NA,NA,NA,NA,NA,NA,NA,NA,NA,NA,NA,3.23235
283,0.273636,30.1686,131,"2026-03-14_MFXAB",1.85623462805699,NA,NA,NA,NA,NA,NA,NA,NA,NA,NA,NA,NA,NA,NA,NA,NA,NA,NA,NA,NA,NA,3.23235
284,0.274545,30.1686,131,"2026-03-14_MFXAB",1.85623462805699,NA,NA,NA,NA,NA,NA,NA,NA,NA,NA,NA,NA,NA,NA,NA,NA,NA,NA,NA,NA,NA,3.23235
285,0.275455,30.1686,130,"2026-03-14_MFXAB",1.85623462805699,NA,NA,NA,NA,NA,NA,NA,NA,NA,NA,NA,NA,NA,NA,NA,NA,NA,NA,NA,NA,NA,3.23235
286,0.276364,30.1686,130,"2026-03-14_MFXAB",1.85623462805699,NA,NA,NA,NA,NA,NA,NA,NA,NA,NA,NA,NA,NA,NA,NA,NA,NA,NA,NA,NA,NA,3.23235
287,0.277273,30.1686,130,"2026-03-14_MFXAB",1.85623462805699,NA,NA,NA,NA,NA,NA,NA,NA,NA,NA,NA,NA,NA,NA,NA,NA,NA,NA,NA,NA,NA,3.23235
288,0.278182,30.1686,130,"2026-03-14_MFXAB",1.85623462805699,NA,NA,NA,NA,NA,NA,NA,NA,NA,NA,NA,NA,NA,NA,NA,NA,NA,NA,NA,NA,NA,3.23235
289,0.279091,30.1686,129,"2026-03-14_MFXAB",1.85623462805699,NA,NA,NA,NA,NA,NA,NA,NA,NA,NA,NA,NA,NA,NA,NA,NA,NA,NA,NA,NA,NA,3.23235
290,0.28,30.1686,129,"2026-03-14_MFXAB",1.85623462805699,NA,NA,NA,NA,NA,NA,NA,NA,NA,NA,NA,NA,NA,NA,NA,NA,NA,NA,NA,NA,NA,3.23235
291,0.280909,30.1686,129,"2026-03-14_MFXAB",1.85623462805699,NA,NA,NA,NA,NA,NA,NA,NA,NA,NA,NA,NA,NA,NA,NA,NA,NA,NA,NA,NA,NA,3.23235
292,0.281818,30.1686,129,"2026-03-14_MFXAB",1.85623462805699,NA,NA,NA,NA,NA,NA,NA,NA,NA,NA,NA,NA,NA,NA,NA,NA,NA,NA,NA,NA,NA,3.23235
293,0.282727,30.1686,129,"2026-03-14_MFXAB",1.85623462805699,NA,NA,NA,NA,NA,NA,NA,NA,NA,NA,NA,NA,NA,NA,NA,NA,NA,NA,NA,NA,NA,3.23235
294,0.283636,30.1686,128,"2026-03-14_MFXAB",1.85623462805699,NA,NA,NA,NA,NA,NA,NA,NA,NA,NA,NA,NA,NA,NA,NA,NA,NA,NA,NA,NA,NA,3.23235
295,0.284545,30.1686,128,"2026-03-14_MFXAB",1.85623462805699,NA,NA,NA,NA,NA,NA,NA,NA,NA,NA,NA,NA,NA,NA,NA,NA,NA,NA,NA,NA,NA,3.23235
296,0.285455,30.1686,128,"2026-03-14_MFXAB",1.85623462805699,NA,NA,NA,NA,NA,NA,NA,NA,NA,NA,NA,NA,NA,NA,NA,NA,NA,NA,NA,NA,NA,3.23235
297,0.286364,30.1686,129,"2026-03-14_MFXAB",1.85623462805699,NA,NA,NA,NA,NA,NA,NA,NA,NA,NA,NA,NA,NA,NA,NA,NA,NA,NA,NA,NA,NA,3.23235
298,0.287273,30.1686,128,"2026-03-14_MFXAB",1.85623462805699,NA,NA,NA,NA,NA,NA,NA,NA,NA,NA,NA,NA,NA,NA,NA,NA,NA,NA,NA,NA,NA,3.23235
299,0.288182,30.1686,128,"2026-03-14_MFXAB",1.85623462805699,NA,NA,NA,NA,NA,NA,NA,NA,NA,NA,NA,NA,NA,NA,NA,NA,NA,NA,NA,NA,NA,3.23235
300,0.289091,30.1686,129,"2026-03-14_MFXAB",1.85623462805699,NA,NA,NA,NA,NA,NA,NA,NA,NA,NA,NA,NA,NA,NA,NA,NA,NA,NA,NA,NA,NA,3.23235
301,0.29,30.1686,128,"2026-03-14_MFXAB",1.85623462805699,NA,NA,NA,NA,NA,NA,NA,NA,NA,NA,NA,NA,NA,NA,NA,NA,NA,NA,NA,NA,NA,3.23235
302,0.290909,30.1686,128,"2026-03-14_MFXAB",1.85623462805699,NA,NA,NA,NA,NA,NA,NA,NA,NA,NA,NA,NA,NA,NA,NA,NA,NA,NA,NA,NA,NA,3.23235
303,0.291818,30.1686,128,"2026-03-14_MFXAB",1.85623462805699,NA,NA,NA,NA,NA,NA,NA,NA,NA,NA,NA,NA,NA,NA,NA,NA,NA,NA,NA,NA,NA,3.23235
304,0.292727,30.1686,128,"2026-03-14_MFXAB",1.85623462805699,NA,NA,NA,NA,NA,NA,NA,NA,NA,NA,NA,NA,NA,NA,NA,NA,NA,NA,NA,NA,NA,3.23235
305,0.293636,30.1686,128,"2026-03-14_MFXAB",1.85623462805699,NA,NA,NA,NA,NA,NA,NA,NA,NA,NA,NA,NA,NA,NA,NA,NA,NA,NA,NA,NA,NA,3.23235
306,0.294545,30.1686,128,"2026-03-14_MFXAB",1.85623462805699,NA,NA,NA,NA,NA,NA,NA,NA,NA,NA,NA,NA,NA,NA,NA,NA,NA,NA,NA,NA,NA,3.23235
307,0.295455,30.1686,128,"2026-03-14_MFXAB",1.85623462805699,NA,NA,NA,NA,NA,NA,NA,NA,NA,NA,NA,NA,NA,NA,NA,NA,NA,NA,NA,NA,NA,3.23235
308,0.296364,30.1686,127,"2026-03-14_MFXAB",1.85623462805699,NA,NA,NA,NA,NA,NA,NA,NA,NA,NA,NA,NA,NA,NA,NA,NA,NA,NA,NA,NA,NA,3.23235
309,0.297273,30.1686,128,"2026-03-14_MFXAB",1.85623462805699,NA,NA,NA,NA,NA,NA,NA,NA,NA,NA,NA,NA,NA,NA,NA,NA,NA,NA,NA,NA,NA,3.23235
310,0.298182,30.1686,128,"2026-03-14_MFXAB",1.85623462805699,NA,NA,NA,NA,NA,NA,NA,NA,NA,NA,NA,NA,NA,NA,NA,NA,NA,NA,NA,NA,NA,3.23235
311,0.299091,30.1686,128,"2026-03-14_MFXAB",1.85623462805699,NA,NA,NA,NA,NA,NA,NA,NA,NA,NA,NA,NA,NA,NA,NA,NA,NA,NA,NA,NA,NA,3.23235
312,0.3,30.1686,128,"2026-03-14_MFXAB",1.85623462805699,NA,NA,NA,NA,NA,NA,NA,NA,NA,NA,NA,NA,NA,NA,NA,NA,NA,NA,NA,NA,NA,3.23235
313,0.3,29.2133,128,"2026-03-14_MFXAB",1.98540068694864,NA,NA,NA,NA,NA,NA,NA,NA,NA,NA,NA,NA,NA,NA,NA,NA,NA,NA,NA,NA,NA,3.02206
314,0.300862,29.2133,128,"2026-03-14_MFXAB",1.98540068694864,NA,NA,NA,NA,NA,NA,NA,NA,NA,NA,NA,NA,NA,NA,NA,NA,NA,NA,NA,NA,NA,3.02206
315,0.301724,29.2133,129,"2026-03-14_MFXAB",1.98540068694864,NA,NA,NA,NA,NA,NA,NA,NA,NA,NA,NA,NA,NA,NA,NA,NA,NA,NA,NA,NA,NA,3.02206
316,0.302586,29.2133,129,"2026-03-14_MFXAB",1.98540068694864,NA,NA,NA,NA,NA,NA,NA,NA,NA,NA,NA,NA,NA,NA,NA,NA,NA,NA,NA,NA,NA,3.02206
317,0.303448,29.2133,128,"2026-03-14_MFXAB",1.98540068694864,NA,NA,NA,NA,NA,NA,NA,NA,NA,NA,NA,NA,NA,NA,NA,NA,NA,NA,NA,NA,NA,3.02206
318,0.30431,29.2133,128,"2026-03-14_MFXAB",1.98540068694864,NA,NA,NA,NA,NA,NA,NA,NA,NA,NA,NA,NA,NA,NA,NA,NA,NA,NA,NA,NA,NA,3.02206
319,0.305172,29.2133,128,"2026-03-14_MFXAB",1.98540068694864,NA,NA,NA,NA,NA,NA,NA,NA,NA,NA,NA,NA,NA,NA,NA,NA,NA,NA,NA,NA,NA,3.02206
320,0.306034,29.2133,127,"2026-03-14_MFXAB",1.98540068694864,NA,NA,NA,NA,NA,NA,NA,NA,NA,NA,NA,NA,NA,NA,NA,NA,NA,NA,NA,NA,NA,3.02206
321,0.306897,29.2133,126,"2026-03-14_MFXAB",1.98540068694864,NA,NA,NA,NA,NA,NA,NA,NA,NA,NA,NA,NA,NA,NA,NA,NA,NA,NA,NA,NA,NA,3.02206
322,0.307759,29.2133,126,"2026-03-14_MFXAB",1.98540068694864,NA,NA,NA,NA,NA,NA,NA,NA,NA,NA,NA,NA,NA,NA,NA,NA,NA,NA,NA,NA,NA,3.02206
323,0.308621,29.2133,125,"2026-03-14_MFXAB",1.98540068694864,NA,NA,NA,NA,NA,NA,NA,NA,NA,NA,NA,NA,NA,NA,NA,NA,NA,NA,NA,NA,NA,3.02206
324,0.309483,29.2133,125,"2026-03-14_MFXAB",1.98540068694864,NA,NA,NA,NA,NA,NA,NA,NA,NA,NA,NA,NA,NA,NA,NA,NA,NA,NA,NA,NA,NA,3.02206
325,0.310345,29.2133,125,"2026-03-14_MFXAB",1.98540068694864,NA,NA,NA,NA,NA,NA,NA,NA,NA,NA,NA,NA,NA,NA,NA,NA,NA,NA,NA,NA,NA,3.02206
326,0.311207,29.2133,125,"2026-03-14_MFXAB",1.98540068694864,NA,NA,NA,NA,NA,NA,NA,NA,NA,NA,NA,NA,NA,NA,NA,NA,NA,NA,NA,NA,NA,3.02206
327,0.312069,29.2133,125,"2026-03-14_MFXAB",1.98540068694864,NA,NA,NA,NA,NA,NA,NA,NA,NA,NA,NA,NA,NA,NA,NA,NA,NA,NA,NA,NA,NA,3.02206
328,0.312931,29.2133,125,"2026-03-14_MFXAB",1.98540068694864,NA,NA,NA,NA,NA,NA,NA,NA,NA,NA,NA,NA,NA,NA,NA,NA,NA,NA,NA,NA,NA,3.02206
329,0.313793,29.2133,124,"2026-03-14_MFXAB",1.98540068694864,NA,NA,NA,NA,NA,NA,NA,NA,NA,NA,NA,NA,NA,NA,NA,NA,NA,NA,NA,NA,NA,3.02206
330,0.314655,29.2133,125,"2026-03-14_MFXAB",1.98540068694864,NA,NA,NA,NA,NA,NA,NA,NA,NA,NA,NA,NA,NA,NA,NA,NA,NA,NA,NA,NA,NA,3.02206
331,0.315517,29.2133,125,"2026-03-14_MFXAB",1.98540068694864,NA,NA,NA,NA,NA,NA,NA,NA,NA,NA,NA,NA,NA,NA,NA,NA,NA,NA,NA,NA,NA,3.02206
332,0.316379,29.2133,124,"2026-03-14_MFXAB",1.98540068694864,NA,NA,NA,NA,NA,NA,NA,NA,NA,NA,NA,NA,NA,NA,NA,NA,NA,NA,NA,NA,NA,3.02206
333,0.317241,29.2133,125,"2026-03-14_MFXAB",1.98540068694864,NA,NA,NA,NA,NA,NA,NA,NA,NA,NA,NA,NA,NA,NA,NA,NA,NA,NA,NA,NA,NA,3.02206
334,0.318103,29.2133,125,"2026-03-14_MFXAB",1.98540068694864,NA,NA,NA,NA,NA,NA,NA,NA,NA,NA,NA,NA,NA,NA,NA,NA,NA,NA,NA,NA,NA,3.02206
335,0.318966,29.2133,125,"2026-03-14_MFXAB",1.98540068694864,NA,NA,NA,NA,NA,NA,NA,NA,NA,NA,NA,NA,NA,NA,NA,NA,NA,NA,NA,NA,NA,3.02206
336,0.319828,29.2133,124,"2026-03-14_MFXAB",1.98540068694864,NA,NA,NA,NA,NA,NA,NA,NA,NA,NA,NA,NA,NA,NA,NA,NA,NA,NA,NA,NA,NA,3.02206
337,0.32069,29.2133,125,"2026-03-14_MFXAB",1.98540068694864,NA,NA,NA,NA,NA,NA,NA,NA,NA,NA,NA,NA,NA,NA,NA,NA,NA,NA,NA,NA,NA,3.02206
338,0.321552,29.2133,125,"2026-03-14_MFXAB",1.98540068694864,NA,NA,NA,NA,NA,NA,NA,NA,NA,NA,NA,NA,NA,NA,NA,NA,NA,NA,NA,NA,NA,3.02206
339,0.322414,29.2133,124,"2026-03-14_MFXAB",1.98540068694864,NA,NA,NA,NA,NA,NA,NA,NA,NA,NA,NA,NA,NA,NA,NA,NA,NA,NA,NA,NA,NA,3.02206
340,0.323276,29.2133,125,"2026-03-14_MFXAB",1.98540068694864,NA,NA,NA,NA,NA,NA,NA,NA,NA,NA,NA,NA,NA,NA,NA,NA,NA,NA,NA,NA,NA,3.02206
341,0.324138,29.2133,125,"2026-03-14_MFXAB",1.98540068694864,NA,NA,NA,NA,NA,NA,NA,NA,NA,NA,NA,NA,NA,NA,NA,NA,NA,NA,NA,NA,NA,3.02206
342,0.325,29.2133,124,"2026-03-14_MFXAB",1.98540068694864,NA,NA,NA,NA,NA,NA,NA,NA,NA,NA,NA,NA,NA,NA,NA,NA,NA,NA,NA,NA,NA,3.02206
343,0.325862,29.2133,125,"2026-03-14_MFXAB",1.98540068694864,NA,NA,NA,NA,NA,NA,NA,NA,NA,NA,NA,NA,NA,NA,NA,NA,NA,NA,NA,NA,NA,3.02206
344,0.326724,29.2133,125,"2026-03-14_MFXAB",1.98540068694864,NA,NA,NA,NA,NA,NA,NA,NA,NA,NA,NA,NA,NA,NA,NA,NA,NA,NA,NA,NA,NA,3.02206
345,0.327586,29.2133,124,"2026-03-14_MFXAB",1.98540068694864,NA,NA,NA,NA,NA,NA,NA,NA,NA,NA,NA,NA,NA,NA,NA,NA,NA,NA,NA,NA,NA,3.02206
346,0.328448,29.2133,124,"2026-03-14_MFXAB",1.98540068694864,NA,NA,NA,NA,NA,NA,NA,NA,NA,NA,NA,NA,NA,NA,NA,NA,NA,NA,NA,NA,NA,3.02206
347,0.32931,29.2133,124,"2026-03-14_MFXAB",1.98540068694864,NA,NA,NA,NA,NA,NA,NA,NA,NA,NA,NA,NA,NA,NA,NA,NA,NA,NA,NA,NA,NA,3.02206
348,0.330172,29.2133,125,"2026-03-14_MFXAB",1.98540068694864,NA,NA,NA,NA,NA,NA,NA,NA,NA,NA,NA,NA,NA,NA,NA,NA,NA,NA,NA,NA,NA,3.02206
349,0.331034,29.2133,124,"2026-03-14_MFXAB",1.98540068694864,NA,NA,NA,NA,NA,NA,NA,NA,NA,NA,NA,NA,NA,NA,NA,NA,NA,NA,NA,NA,NA,3.02206
350,0.331897,29.2133,124,"2026-03-14_MFXAB",1.98540068694864,NA,NA,NA,NA,NA,NA,NA,NA,NA,NA,NA,NA,NA,NA,NA,NA,NA,NA,NA,NA,NA,3.02206
351,0.332759,29.2133,125,"2026-03-14_MFXAB",1.98540068694864,NA,NA,NA,NA,NA,NA,NA,NA,NA,NA,NA,NA,NA,NA,NA,NA,NA,NA,NA,NA,NA,3.02206
352,0.333621,29.2133,125,"2026-03-14_MFXAB",1.98540068694864,NA,NA,NA,NA,NA,NA,NA,NA,NA,NA,NA,NA,NA,NA,NA,NA,NA,NA,NA,NA,NA,3.02206
353,0.334483,29.2133,125,"2026-03-14_MFXAB",1.98540068694864,NA,NA,NA,NA,NA,NA,NA,NA,NA,NA,NA,NA,NA,NA,NA,NA,NA,NA,NA,NA,NA,3.02206
354,0.335345,29.2133,125,"2026-03-14_MFXAB",1.98540068694864,NA,NA,NA,NA,NA,NA,NA,NA,NA,NA,NA,NA,NA,NA,NA,NA,NA,NA,NA,NA,NA,3.02206
355,0.336207,29.2133,125,"2026-03-14_MFXAB",1.98540068694864,NA,NA,NA,NA,NA,NA,NA,NA,NA,NA,NA,NA,NA,NA,NA,NA,NA,NA,NA,NA,NA,3.02206
356,0.337069,29.2133,125,"2026-03-14_MFXAB",1.98540068694864,NA,NA,NA,NA,NA,NA,NA,NA,NA,NA,NA,NA,NA,NA,NA,NA,NA,NA,NA,NA,NA,3.02206
357,0.337931,29.2133,125,"2026-03-14_MFXAB",1.98540068694864,NA,NA,NA,NA,NA,NA,NA,NA,NA,NA,NA,NA,NA,NA,NA,NA,NA,NA,NA,NA,NA,3.02206
358,0.338793,29.2133,125,"2026-03-14_MFXAB",1.98540068694864,NA,NA,NA,NA,NA,NA,NA,NA,NA,NA,NA,NA,NA,NA,NA,NA,NA,NA,NA,NA,NA,3.02206
359,0.339655,29.2133,125,"2026-03-14_MFXAB",1.98540068694864,NA,NA,NA,NA,NA,NA,NA,NA,NA,NA,NA,NA,NA,NA,NA,NA,NA,NA,NA,NA,NA,3.02206
360,0.340517,29.2133,125,"2026-03-14_MFXAB",1.98540068694864,NA,NA,NA,NA,NA,NA,NA,NA,NA,NA,NA,NA,NA,NA,NA,NA,NA,NA,NA,NA,NA,3.02206
361,0.341379,29.2133,125,"2026-03-14_MFXAB",1.98540068694864,NA,NA,NA,NA,NA,NA,NA,NA,NA,NA,NA,NA,NA,NA,NA,NA,NA,NA,NA,NA,NA,3.02206
362,0.342241,29.2133,125,"2026-03-14_MFXAB",1.98540068694864,NA,NA,NA,NA,NA,NA,NA,NA,NA,NA,NA,NA,NA,NA,NA,NA,NA,NA,NA,NA,NA,3.02206
363,0.343103,29.2133,124,"2026-03-14_MFXAB",1.98540068694864,NA,NA,NA,NA,NA,NA,NA,NA,NA,NA,NA,NA,NA,NA,NA,NA,NA,NA,NA,NA,NA,3.02206
364,0.343966,29.2133,125,"2026-03-14_MFXAB",1.98540068694864,NA,NA,NA,NA,NA,NA,NA,NA,NA,NA,NA,NA,NA,NA,NA,NA,NA,NA,NA,NA,NA,3.02206
365,0.344828,29.2133,125,"2026-03-14_MFXAB",1.98540068694864,NA,NA,NA,NA,NA,NA,NA,NA,NA,NA,NA,NA,NA,NA,NA,NA,NA,NA,NA,NA,NA,3.02206
366,0.34569,29.2133,125,"2026-03-14_MFXAB",1.98540068694864,NA,NA,NA,NA,NA,NA,NA,NA,NA,NA,NA,NA,NA,NA,NA,NA,NA,NA,NA,NA,NA,3.02206
367,0.346552,29.2133,125,"2026-03-14_MFXAB",1.98540068694864,NA,NA,NA,NA,NA,NA,NA,NA,NA,NA,NA,NA,NA,NA,NA,NA,NA,NA,NA,NA,NA,3.02206
368,0.347414,29.2133,125,"2026-03-14_MFXAB",1.98540068694864,NA,NA,NA,NA,NA,NA,NA,NA,NA,NA,NA,NA,NA,NA,NA,NA,NA,NA,NA,NA,NA,3.02206
369,0.348276,29.2133,125,"2026-03-14_MFXAB",1.98540068694864,NA,NA,NA,NA,NA,NA,NA,NA,NA,NA,NA,NA,NA,NA,NA,NA,NA,NA,NA,NA,NA,3.02206
370,0.349138,29.2133,125,"2026-03-14_MFXAB",1.98540068694864,NA,NA,NA,NA,NA,NA,NA,NA,NA,NA,NA,NA,NA,NA,NA,NA,NA,NA,NA,NA,NA,3.02206
371,0.35,29.2133,125,"2026-03-14_MFXAB",1.98540068694864,NA,NA,NA,NA,NA,NA,NA,NA,NA,NA,NA,NA,NA,NA,NA,NA,NA,NA,NA,NA,NA,3.02206
372,0.35,30.3386,125,"2026-03-14_MFXAB",1.84583579444773,NA,NA,NA,NA,NA,NA,NA,NA,NA,NA,NA,NA,NA,NA,NA,NA,NA,NA,NA,NA,NA,3.25056
373,0.350909,30.3386,125,"2026-03-14_MFXAB",1.84583579444773,NA,NA,NA,NA,NA,NA,NA,NA,NA,NA,NA,NA,NA,NA,NA,NA,NA,NA,NA,NA,NA,3.25056
374,0.351818,30.3386,126,"2026-03-14_MFXAB",1.84583579444773,NA,NA,NA,NA,NA,NA,NA,NA,NA,NA,NA,NA,NA,NA,NA,NA,NA,NA,NA,NA,NA,3.25056
375,0.352727,30.3386,125,"2026-03-14_MFXAB",1.84583579444773,NA,NA,NA,NA,NA,NA,NA,NA,NA,NA,NA,NA,NA,NA,NA,NA,NA,NA,NA,NA,NA,3.25056
376,0.353636,30.3386,125,"2026-03-14_MFXAB",1.84583579444773,NA,NA,NA,NA,NA,NA,NA,NA,NA,NA,NA,NA,NA,NA,NA,NA,NA,NA,NA,NA,NA,3.25056
377,0.354545,30.3386,124,"2026-03-14_MFXAB",1.84583579444773,NA,NA,NA,NA,NA,NA,NA,NA,NA,NA,NA,NA,NA,NA,NA,NA,NA,NA,NA,NA,NA,3.25056
378,0.355455,30.3386,124,"2026-03-14_MFXAB",1.84583579444773,NA,NA,NA,NA,NA,NA,NA,NA,NA,NA,NA,NA,NA,NA,NA,NA,NA,NA,NA,NA,NA,3.25056
379,0.356364,30.3386,124,"2026-03-14_MFXAB",1.84583579444773,NA,NA,NA,NA,NA,NA,NA,NA,NA,NA,NA,NA,NA,NA,NA,NA,NA,NA,NA,NA,NA,3.25056
380,0.357273,30.3386,124,"2026-03-14_MFXAB",1.84583579444773,NA,NA,NA,NA,NA,NA,NA,NA,NA,NA,NA,NA,NA,NA,NA,NA,NA,NA,NA,NA,NA,3.25056
381,0.358182,30.3386,124,"2026-03-14_MFXAB",1.84583579444773,NA,NA,NA,NA,NA,NA,NA,NA,NA,NA,NA,NA,NA,NA,NA,NA,NA,NA,NA,NA,NA,3.25056
382,0.359091,30.3386,125,"2026-03-14_MFXAB",1.84583579444773,NA,NA,NA,NA,NA,NA,NA,NA,NA,NA,NA,NA,NA,NA,NA,NA,NA,NA,NA,NA,NA,3.25056
383,0.36,30.3386,124,"2026-03-14_MFXAB",1.84583579444773,NA,NA,NA,NA,NA,NA,NA,NA,NA,NA,NA,NA,NA,NA,NA,NA,NA,NA,NA,NA,NA,3.25056
384,0.360909,30.3386,125,"2026-03-14_MFXAB",1.84583579444773,NA,NA,NA,NA,NA,NA,NA,NA,NA,NA,NA,NA,NA,NA,NA,NA,NA,NA,NA,NA,NA,3.25056
385,0.361818,30.3386,125,"2026-03-14_MFXAB",1.84583579444773,NA,NA,NA,NA,NA,NA,NA,NA,NA,NA,NA,NA,NA,NA,NA,NA,NA,NA,NA,NA,NA,3.25056
386,0.362727,30.3386,125,"2026-03-14_MFXAB",1.84583579444773,NA,NA,NA,NA,NA,NA,NA,NA,NA,NA,NA,NA,NA,NA,NA,NA,NA,NA,NA,NA,NA,3.25056
387,0.363636,30.3386,125,"2026-03-14_MFXAB",1.84583579444773,NA,NA,NA,NA,NA,NA,NA,NA,NA,NA,NA,NA,NA,NA,NA,NA,NA,NA,NA,NA,NA,3.25056
388,0.364545,30.3386,125,"2026-03-14_MFXAB",1.84583579444773,NA,NA,NA,NA,NA,NA,NA,NA,NA,NA,NA,NA,NA,NA,NA,NA,NA,NA,NA,NA,NA,3.25056
389,0.365455,30.3386,126,"2026-03-14_MFXAB",1.84583579444773,NA,NA,NA,NA,NA,NA,NA,NA,NA,NA,NA,NA,NA,NA,NA,NA,NA,NA,NA,NA,NA,3.25056
390,0.366364,30.3386,126,"2026-03-14_MFXAB",1.84583579444773,NA,NA,NA,NA,NA,NA,NA,NA,NA,NA,NA,NA,NA,NA,NA,NA,NA,NA,NA,NA,NA,3.25056
391,0.367273,30.3386,126,"2026-03-14_MFXAB",1.84583579444773,NA,NA,NA,NA,NA,NA,NA,NA,NA,NA,NA,NA,NA,NA,NA,NA,NA,NA,NA,NA,NA,3.25056
392,0.368182,30.3386,126,"2026-03-14_MFXAB",1.84583579444773,NA,NA,NA,NA,NA,NA,NA,NA,NA,NA,NA,NA,NA,NA,NA,NA,NA,NA,NA,NA,NA,3.25056
393,0.369091,30.3386,125,"2026-03-14_MFXAB",1.84583579444773,NA,NA,NA,NA,NA,NA,NA,NA,NA,NA,NA,NA,NA,NA,NA,NA,NA,NA,NA,NA,NA,3.25056
394,0.37,30.3386,126,"2026-03-14_MFXAB",1.84583579444773,NA,NA,NA,NA,NA,NA,NA,NA,NA,NA,NA,NA,NA,NA,NA,NA,NA,NA,NA,NA,NA,3.25056
395,0.370909,30.3386,126,"2026-03-14_MFXAB",1.84583579444773,NA,NA,NA,NA,NA,NA,NA,NA,NA,NA,NA,NA,NA,NA,NA,NA,NA,NA,NA,NA,NA,3.25056
396,0.371818,30.3386,126,"2026-03-14_MFXAB",1.84583579444773,NA,NA,NA,NA,NA,NA,NA,NA,NA,NA,NA,NA,NA,NA,NA,NA,NA,NA,NA,NA,NA,3.25056
397,0.372727,30.3386,125,"2026-03-14_MFXAB",1.84583579444773,NA,NA,NA,NA,NA,NA,NA,NA,NA,NA,NA,NA,NA,NA,NA,NA,NA,NA,NA,NA,NA,3.25056
398,0.373636,30.3386,126,"2026-03-14_MFXAB",1.84583579444773,NA,NA,NA,NA,NA,NA,NA,NA,NA,NA,NA,NA,NA,NA,NA,NA,NA,NA,NA,NA,NA,3.25056
399,0.374545,30.3386,126,"2026-03-14_MFXAB",1.84583579444773,NA,NA,NA,NA,NA,NA,NA,NA,NA,NA,NA,NA,NA,NA,NA,NA,NA,NA,NA,NA,NA,3.25056
400,0.375455,30.3386,125,"2026-03-14_MFXAB",1.84583579444773,NA,NA,NA,NA,NA,NA,NA,NA,NA,NA,NA,NA,NA,NA,NA,NA,NA,NA,NA,NA,NA,3.25056
401,0.376364,30.3386,126,"2026-03-14_MFXAB",1.84583579444773,NA,NA,NA,NA,NA,NA,NA,NA,NA,NA,NA,NA,NA,NA,NA,NA,NA,NA,NA,NA,NA,3.25056
402,0.377273,30.3386,125,"2026-03-14_MFXAB",1.84583579444773,NA,NA,NA,NA,NA,NA,NA,NA,NA,NA,NA,NA,NA,NA,NA,NA,NA,NA,NA,NA,NA,3.25056
403,0.378182,30.3386,125,"2026-03-14_MFXAB",1.84583579444773,NA,NA,NA,NA,NA,NA,NA,NA,NA,NA,NA,NA,NA,NA,NA,NA,NA,NA,NA,NA,NA,3.25056
404,0.379091,30.3386,125,"2026-03-14_MFXAB",1.84583579444773,NA,NA,NA,NA,NA,NA,NA,NA,NA,NA,NA,NA,NA,NA,NA,NA,NA,NA,NA,NA,NA,3.25056
405,0.38,30.3386,125,"2026-03-14_MFXAB",1.84583579444773,NA,NA,NA,NA,NA,NA,NA,NA,NA,NA,NA,NA,NA,NA,NA,NA,NA,NA,NA,NA,NA,3.25056
406,0.380909,30.3386,125,"2026-03-14_MFXAB",1.84583579444773,NA,NA,NA,NA,NA,NA,NA,NA,NA,NA,NA,NA,NA,NA,NA,NA,NA,NA,NA,NA,NA,3.25056
407,0.381818,30.3386,124,"2026-03-14_MFXAB",1.84583579444773,NA,NA,NA,NA,NA,NA,NA,NA,NA,NA,NA,NA,NA,NA,NA,NA,NA,NA,NA,NA,NA,3.25056
408,0.382727,30.3386,124,"2026-03-14_MFXAB",1.84583579444773,NA,NA,NA,NA,NA,NA,NA,NA,NA,NA,NA,NA,NA,NA,NA,NA,NA,NA,NA,NA,NA,3.25056
409,0.383636,30.3386,124,"2026-03-14_MFXAB",1.84583579444773,NA,NA,NA,NA,NA,NA,NA,NA,NA,NA,NA,NA,NA,NA,NA,NA,NA,NA,NA,NA,NA,3.25056
410,0.384545,30.3386,124,"2026-03-14_MFXAB",1.84583579444773,NA,NA,NA,NA,NA,NA,NA,NA,NA,NA,NA,NA,NA,NA,NA,NA,NA,NA,NA,NA,NA,3.25056
411,0.385455,30.3386,123,"2026-03-14_MFXAB",1.84583579444773,NA,NA,NA,NA,NA,NA,NA,NA,NA,NA,NA,NA,NA,NA,NA,NA,NA,NA,NA,NA,NA,3.25056
412,0.386364,30.3386,123,"2026-03-14_MFXAB",1.84583579444773,NA,NA,NA,NA,NA,NA,NA,NA,NA,NA,NA,NA,NA,NA,NA,NA,NA,NA,NA,NA,NA,3.25056
413,0.387273,30.3386,123,"2026-03-14_MFXAB",1.84583579444773,NA,NA,NA,NA,NA,NA,NA,NA,NA,NA,NA,NA,NA,NA,NA,NA,NA,NA,NA,NA,NA,3.25056
414,0.388182,30.3386,123,"2026-03-14_MFXAB",1.84583579444773,NA,NA,NA,NA,NA,NA,NA,NA,NA,NA,NA,NA,NA,NA,NA,NA,NA,NA,NA,NA,NA,3.25056
415,0.389091,30.3386,123,"2026-03-14_MFXAB",1.84583579444773,NA,NA,NA,NA,NA,NA,NA,NA,NA,NA,NA,NA,NA,NA,NA,NA,NA,NA,NA,NA,NA,3.25056
416,0.39,30.3386,122,"2026-03-14_MFXAB",1.84583579444773,NA,NA,NA,NA,NA,NA,NA,NA,NA,NA,NA,NA,NA,NA,NA,NA,NA,NA,NA,NA,NA,3.25056
417,0.390909,30.3386,122,"2026-03-14_MFXAB",1.84583579444773,NA,NA,NA,NA,NA,NA,NA,NA,NA,NA,NA,NA,NA,NA,NA,NA,NA,NA,NA,NA,NA,3.25056
418,0.391818,30.3386,122,"2026-03-14_MFXAB",1.84583579444773,NA,NA,NA,NA,NA,NA,NA,NA,NA,NA,NA,NA,NA,NA,NA,NA,NA,NA,NA,NA,NA,3.25056
419,0.392727,30.3386,122,"2026-03-14_MFXAB",1.84583579444773,NA,NA,NA,NA,NA,NA,NA,NA,NA,NA,NA,NA,NA,NA,NA,NA,NA,NA,NA,NA,NA,3.25056
420,0.393636,30.3386,123,"2026-03-14_MFXAB",1.84583579444773,NA,NA,NA,NA,NA,NA,NA,NA,NA,NA,NA,NA,NA,NA,NA,NA,NA,NA,NA,NA,NA,3.25056
421,0.394545,30.3386,122,"2026-03-14_MFXAB",1.84583579444773,NA,NA,NA,NA,NA,NA,NA,NA,NA,NA,NA,NA,NA,NA,NA,NA,NA,NA,NA,NA,NA,3.25056
422,0.395455,30.3386,123,"2026-03-14_MFXAB",1.84583579444773,NA,NA,NA,NA,NA,NA,NA,NA,NA,NA,NA,NA,NA,NA,NA,NA,NA,NA,NA,NA,NA,3.25056
423,0.396364,30.3386,123,"2026-03-14_MFXAB",1.84583579444773,NA,NA,NA,NA,NA,NA,NA,NA,NA,NA,NA,NA,NA,NA,NA,NA,NA,NA,NA,NA,NA,3.25056
424,0.397273,30.3386,123,"2026-03-14_MFXAB",1.84583579444773,NA,NA,NA,NA,NA,NA,NA,NA,NA,NA,NA,NA,NA,NA,NA,NA,NA,NA,NA,NA,NA,3.25056
425,0.398182,30.3386,123,"2026-03-14_MFXAB",1.84583579444773,NA,NA,NA,NA,NA,NA,NA,NA,NA,NA,NA,NA,NA,NA,NA,NA,NA,NA,NA,NA,NA,3.25056
426,0.399091,30.3386,124,"2026-03-14_MFXAB",1.84583579444773,NA,NA,NA,NA,NA,NA,NA,NA,NA,NA,NA,NA,NA,NA,NA,NA,NA,NA,NA,NA,NA,3.25056
427,0.4,30.3386,124,"2026-03-14_MFXAB",1.84583579444773,NA,NA,NA,NA,NA,NA,NA,NA,NA,NA,NA,NA,NA,NA,NA,NA,NA,NA,NA,NA,NA,3.25056
428,0.4,30.4072,124,"2026-03-14_MFXAB",1.84166584814851,NA,NA,NA,NA,NA,NA,NA,NA,NA,NA,NA,NA,NA,NA,NA,NA,NA,NA,NA,NA,NA,3.25792
429,0.400926,30.4072,123,"2026-03-14_MFXAB",1.84166584814851,NA,NA,NA,NA,NA,NA,NA,NA,NA,NA,NA,NA,NA,NA,NA,NA,NA,NA,NA,NA,NA,3.25792
430,0.401852,30.4072,123,"2026-03-14_MFXAB",1.84166584814851,NA,NA,NA,NA,NA,NA,NA,NA,NA,NA,NA,NA,NA,NA,NA,NA,NA,NA,NA,NA,NA,3.25792
431,0.402778,30.4072,123,"2026-03-14_MFXAB",1.84166584814851,NA,NA,NA,NA,NA,NA,NA,NA,NA,NA,NA,NA,NA,NA,NA,NA,NA,NA,NA,NA,NA,3.25792
432,0.403704,30.4072,122,"2026-03-14_MFXAB",1.84166584814851,NA,NA,NA,NA,NA,NA,NA,NA,NA,NA,NA,NA,NA,NA,NA,NA,NA,NA,NA,NA,NA,3.25792
433,0.40463,30.4072,122,"2026-03-14_MFXAB",1.84166584814851,NA,NA,NA,NA,NA,NA,NA,NA,NA,NA,NA,NA,NA,NA,NA,NA,NA,NA,NA,NA,NA,3.25792
434,0.405556,30.4072,122,"2026-03-14_MFXAB",1.84166584814851,NA,NA,NA,NA,NA,NA,NA,NA,NA,NA,NA,NA,NA,NA,NA,NA,NA,NA,NA,NA,NA,3.25792
435,0.406481,30.4072,121,"2026-03-14_MFXAB",1.84166584814851,NA,NA,NA,NA,NA,NA,NA,NA,NA,NA,NA,NA,NA,NA,NA,NA,NA,NA,NA,NA,NA,3.25792
436,0.407407,30.4072,121,"2026-03-14_MFXAB",1.84166584814851,NA,NA,NA,NA,NA,NA,NA,NA,NA,NA,NA,NA,NA,NA,NA,NA,NA,NA,NA,NA,NA,3.25792
437,0.408333,30.4072,121,"2026-03-14_MFXAB",1.84166584814851,NA,NA,NA,NA,NA,NA,NA,NA,NA,NA,NA,NA,NA,NA,NA,NA,NA,NA,NA,NA,NA,3.25792
438,0.409259,30.4072,121,"2026-03-14_MFXAB",1.84166584814851,NA,NA,NA,NA,NA,NA,NA,NA,NA,NA,NA,NA,NA,NA,NA,NA,NA,NA,NA,NA,NA,3.25792
439,0.410185,30.4072,121,"2026-03-14_MFXAB",1.84166584814851,NA,NA,NA,NA,NA,NA,NA,NA,NA,NA,NA,NA,NA,NA,NA,NA,NA,NA,NA,NA,NA,3.25792
440,0.411111,30.4072,122,"2026-03-14_MFXAB",1.84166584814851,NA,NA,NA,NA,NA,NA,NA,NA,NA,NA,NA,NA,NA,NA,NA,NA,NA,NA,NA,NA,NA,3.25792
441,0.412037,30.4072,122,"2026-03-14_MFXAB",1.84166584814851,NA,NA,NA,NA,NA,NA,NA,NA,NA,NA,NA,NA,NA,NA,NA,NA,NA,NA,NA,NA,NA,3.25792
442,0.412963,30.4072,122,"2026-03-14_MFXAB",1.84166584814851,NA,NA,NA,NA,NA,NA,NA,NA,NA,NA,NA,NA,NA,NA,NA,NA,NA,NA,NA,NA,NA,3.25792
443,0.413889,30.4072,122,"2026-03-14_MFXAB",1.84166584814851,NA,NA,NA,NA,NA,NA,NA,NA,NA,NA,NA,NA,NA,NA,NA,NA,NA,NA,NA,NA,NA,3.25792
444,0.414815,30.4072,122,"2026-03-14_MFXAB",1.84166584814851,NA,NA,NA,NA,NA,NA,NA,NA,NA,NA,NA,NA,NA,NA,NA,NA,NA,NA,NA,NA,NA,3.25792
445,0.415741,30.4072,121,"2026-03-14_MFXAB",1.84166584814851,NA,NA,NA,NA,NA,NA,NA,NA,NA,NA,NA,NA,NA,NA,NA,NA,NA,NA,NA,NA,NA,3.25792
446,0.416667,30.4072,121,"2026-03-14_MFXAB",1.84166584814851,NA,NA,NA,NA,NA,NA,NA,NA,NA,NA,NA,NA,NA,NA,NA,NA,NA,NA,NA,NA,NA,3.25792
447,0.417593,30.4072,121,"2026-03-14_MFXAB",1.84166584814851,NA,NA,NA,NA,NA,NA,NA,NA,NA,NA,NA,NA,NA,NA,NA,NA,NA,NA,NA,NA,NA,3.25792
448,0.418519,30.4072,121,"2026-03-14_MFXAB",1.84166584814851,NA,NA,NA,NA,NA,NA,NA,NA,NA,NA,NA,NA,NA,NA,NA,NA,NA,NA,NA,NA,NA,3.25792
449,0.419444,30.4072,121,"2026-03-14_MFXAB",1.84166584814851,NA,NA,NA,NA,NA,NA,NA,NA,NA,NA,NA,NA,NA,NA,NA,NA,NA,NA,NA,NA,NA,3.25792
450,0.42037,30.4072,122,"2026-03-14_MFXAB",1.84166584814851,NA,NA,NA,NA,NA,NA,NA,NA,NA,NA,NA,NA,NA,NA,NA,NA,NA,NA,NA,NA,NA,3.25792
451,0.421296,30.4072,122,"2026-03-14_MFXAB",1.84166584814851,NA,NA,NA,NA,NA,NA,NA,NA,NA,NA,NA,NA,NA,NA,NA,NA,NA,NA,NA,NA,NA,3.25792
452,0.422222,30.4072,122,"2026-03-14_MFXAB",1.84166584814851,NA,NA,NA,NA,NA,NA,NA,NA,NA,NA,NA,NA,NA,NA,NA,NA,NA,NA,NA,NA,NA,3.25792
453,0.423148,30.4072,122,"2026-03-14_MFXAB",1.84166584814851,NA,NA,NA,NA,NA,NA,NA,NA,NA,NA,NA,NA,NA,NA,NA,NA,NA,NA,NA,NA,NA,3.25792
454,0.424074,30.4072,122,"2026-03-14_MFXAB",1.84166584814851,NA,NA,NA,NA,NA,NA,NA,NA,NA,NA,NA,NA,NA,NA,NA,NA,NA,NA,NA,NA,NA,3.25792
455,0.425,30.4072,123,"2026-03-14_MFXAB",1.84166584814851,NA,NA,NA,NA,NA,NA,NA,NA,NA,NA,NA,NA,NA,NA,NA,NA,NA,NA,NA,NA,NA,3.25792
456,0.425926,30.4072,123,"2026-03-14_MFXAB",1.84166584814851,NA,NA,NA,NA,NA,NA,NA,NA,NA,NA,NA,NA,NA,NA,NA,NA,NA,NA,NA,NA,NA,3.25792
457,0.426852,30.4072,123,"2026-03-14_MFXAB",1.84166584814851,NA,NA,NA,NA,NA,NA,NA,NA,NA,NA,NA,NA,NA,NA,NA,NA,NA,NA,NA,NA,NA,3.25792
458,0.427778,30.4072,124,"2026-03-14_MFXAB",1.84166584814851,NA,NA,NA,NA,NA,NA,NA,NA,NA,NA,NA,NA,NA,NA,NA,NA,NA,NA,NA,NA,NA,3.25792
459,0.428704,30.4072,124,"2026-03-14_MFXAB",1.84166584814851,NA,NA,NA,NA,NA,NA,NA,NA,NA,NA,NA,NA,NA,NA,NA,NA,NA,NA,NA,NA,NA,3.25792
460,0.42963,30.4072,124,"2026-03-14_MFXAB",1.84166584814851,NA,NA,NA,NA,NA,NA,NA,NA,NA,NA,NA,NA,NA,NA,NA,NA,NA,NA,NA,NA,NA,3.25792
461,0.430556,30.4072,124,"2026-03-14_MFXAB",1.84166584814851,NA,NA,NA,NA,NA,NA,NA,NA,NA,NA,NA,NA,NA,NA,NA,NA,NA,NA,NA,NA,NA,3.25792
462,0.431481,30.4072,124,"2026-03-14_MFXAB",1.84166584814851,NA,NA,NA,NA,NA,NA,NA,NA,NA,NA,NA,NA,NA,NA,NA,NA,NA,NA,NA,NA,NA,3.25792
463,0.432407,30.4072,125,"2026-03-14_MFXAB",1.84166584814851,NA,NA,NA,NA,NA,NA,NA,NA,NA,NA,NA,NA,NA,NA,NA,NA,NA,NA,NA,NA,NA,3.25792
464,0.433333,30.4072,125,"2026-03-14_MFXAB",1.84166584814851,NA,NA,NA,NA,NA,NA,NA,NA,NA,NA,NA,NA,NA,NA,NA,NA,NA,NA,NA,NA,NA,3.25792
465,0.434259,30.4072,125,"2026-03-14_MFXAB",1.84166584814851,NA,NA,NA,NA,NA,NA,NA,NA,NA,NA,NA,NA,NA,NA,NA,NA,NA,NA,NA,NA,NA,3.25792
466,0.435185,30.4072,125,"2026-03-14_MFXAB",1.84166584814851,NA,NA,NA,NA,NA,NA,NA,NA,NA,NA,NA,NA,NA,NA,NA,NA,NA,NA,NA,NA,NA,3.25792
467,0.436111,30.4072,126,"2026-03-14_MFXAB",1.84166584814851,NA,NA,NA,NA,NA,NA,NA,NA,NA,NA,NA,NA,NA,NA,NA,NA,NA,NA,NA,NA,NA,3.25792
468,0.437037,30.4072,125,"2026-03-14_MFXAB",1.84166584814851,NA,NA,NA,NA,NA,NA,NA,NA,NA,NA,NA,NA,NA,NA,NA,NA,NA,NA,NA,NA,NA,3.25792
469,0.437963,30.4072,125,"2026-03-14_MFXAB",1.84166584814851,NA,NA,NA,NA,NA,NA,NA,NA,NA,NA,NA,NA,NA,NA,NA,NA,NA,NA,NA,NA,NA,3.25792
470,0.438889,30.4072,125,"2026-03-14_MFXAB",1.84166584814851,NA,NA,NA,NA,NA,NA,NA,NA,NA,NA,NA,NA,NA,NA,NA,NA,NA,NA,NA,NA,NA,3.25792
471,0.439815,30.4072,125,"2026-03-14_MFXAB",1.84166584814851,NA,NA,NA,NA,NA,NA,NA,NA,NA,NA,NA,NA,NA,NA,NA,NA,NA,NA,NA,NA,NA,3.25792
472,0.440741,30.4072,125,"2026-03-14_MFXAB",1.84166584814851,NA,NA,NA,NA,NA,NA,NA,NA,NA,NA,NA,NA,NA,NA,NA,NA,NA,NA,NA,NA,NA,3.25792
473,0.441667,30.4072,125,"2026-03-14_MFXAB",1.84166584814851,NA,NA,NA,NA,NA,NA,NA,NA,NA,NA,NA,NA,NA,NA,NA,NA,NA,NA,NA,NA,NA,3.25792
474,0.442593,30.4072,125,"2026-03-14_MFXAB",1.84166584814851,NA,NA,NA,NA,NA,NA,NA,NA,NA,NA,NA,NA,NA,NA,NA,NA,NA,NA,NA,NA,NA,3.25792
475,0.443519,30.4072,125,"2026-03-14_MFXAB",1.84166584814851,NA,NA,NA,NA,NA,NA,NA,NA,NA,NA,NA,NA,NA,NA,NA,NA,NA,NA,NA,NA,NA,3.25792
476,0.444444,30.4072,125,"2026-03-14_MFXAB",1.84166584814851,NA,NA,NA,NA,NA,NA,NA,NA,NA,NA,NA,NA,NA,NA,NA,NA,NA,NA,NA,NA,NA,3.25792
477,0.44537,30.4072,124,"2026-03-14_MFXAB",1.84166584814851,NA,NA,NA,NA,NA,NA,NA,NA,NA,NA,NA,NA,NA,NA,NA,NA,NA,NA,NA,NA,NA,3.25792
478,0.446296,30.4072,124,"2026-03-14_MFXAB",1.84166584814851,NA,NA,NA,NA,NA,NA,NA,NA,NA,NA,NA,NA,NA,NA,NA,NA,NA,NA,NA,NA,NA,3.25792
479,0.447222,30.4072,124,"2026-03-14_MFXAB",1.84166584814851,NA,NA,NA,NA,NA,NA,NA,NA,NA,NA,NA,NA,NA,NA,NA,NA,NA,NA,NA,NA,NA,3.25792
480,0.448148,30.4072,124,"2026-03-14_MFXAB",1.84166584814851,NA,NA,NA,NA,NA,NA,NA,NA,NA,NA,NA,NA,NA,NA,NA,NA,NA,NA,NA,NA,NA,3.25792
481,0.449074,30.4072,124,"2026-03-14_MFXAB",1.84166584814851,NA,NA,NA,NA,NA,NA,NA,NA,NA,NA,NA,NA,NA,NA,NA,NA,NA,NA,NA,NA,NA,3.25792
482,0.45,30.4072,124,"2026-03-14_MFXAB",1.84166584814851,NA,NA,NA,NA,NA,NA,NA,NA,NA,NA,NA,NA,NA,NA,NA,NA,NA,NA,NA,NA,NA,3.25792
483,0.45,30.6608,124,"2026-03-14_MFXAB",1.89166438090554,NA,NA,NA,NA,NA,NA,NA,NA,NA,NA,NA,NA,NA,NA,NA,NA,NA,NA,NA,NA,NA,3.17181
484,0.450893,30.6608,124,"2026-03-14_MFXAB",1.89166438090554,NA,NA,NA,NA,NA,NA,NA,NA,NA,NA,NA,NA,NA,NA,NA,NA,NA,NA,NA,NA,NA,3.17181
485,0.451786,30.6608,123,"2026-03-14_MFXAB",1.89166438090554,NA,NA,NA,NA,NA,NA,NA,NA,NA,NA,NA,NA,NA,NA,NA,NA,NA,NA,NA,NA,NA,3.17181
486,0.452679,30.6608,123,"2026-03-14_MFXAB",1.89166438090554,NA,NA,NA,NA,NA,NA,NA,NA,NA,NA,NA,NA,NA,NA,NA,NA,NA,NA,NA,NA,NA,3.17181
487,0.453571,30.6608,123,"2026-03-14_MFXAB",1.89166438090554,NA,NA,NA,NA,NA,NA,NA,NA,NA,NA,NA,NA,NA,NA,NA,NA,NA,NA,NA,NA,NA,3.17181
488,0.454464,30.6608,122,"2026-03-14_MFXAB",1.89166438090554,NA,NA,NA,NA,NA,NA,NA,NA,NA,NA,NA,NA,NA,NA,NA,NA,NA,NA,NA,NA,NA,3.17181
489,0.455357,30.6608,121,"2026-03-14_MFXAB",1.89166438090554,NA,NA,NA,NA,NA,NA,NA,NA,NA,NA,NA,NA,NA,NA,NA,NA,NA,NA,NA,NA,NA,3.17181
490,0.45625,30.6608,120,"2026-03-14_MFXAB",1.89166438090554,NA,NA,NA,NA,NA,NA,NA,NA,NA,NA,NA,NA,NA,NA,NA,NA,NA,NA,NA,NA,NA,3.17181
491,0.457143,30.6608,120,"2026-03-14_MFXAB",1.89166438090554,NA,NA,NA,NA,NA,NA,NA,NA,NA,NA,NA,NA,NA,NA,NA,NA,NA,NA,NA,NA,NA,3.17181
492,0.458036,30.6608,120,"2026-03-14_MFXAB",1.89166438090554,NA,NA,NA,NA,NA,NA,NA,NA,NA,NA,NA,NA,NA,NA,NA,NA,NA,NA,NA,NA,NA,3.17181
493,0.458929,30.6608,119,"2026-03-14_MFXAB",1.89166438090554,NA,NA,NA,NA,NA,NA,NA,NA,NA,NA,NA,NA,NA,NA,NA,NA,NA,NA,NA,NA,NA,3.17181
494,0.459821,30.6608,119,"2026-03-14_MFXAB",1.89166438090554,NA,NA,NA,NA,NA,NA,NA,NA,NA,NA,NA,NA,NA,NA,NA,NA,NA,NA,NA,NA,NA,3.17181
495,0.460714,30.6608,120,"2026-03-14_MFXAB",1.89166438090554,NA,NA,NA,NA,NA,NA,NA,NA,NA,NA,NA,NA,NA,NA,NA,NA,NA,NA,NA,NA,NA,3.17181
496,0.461607,30.6608,120,"2026-03-14_MFXAB",1.89166438090554,NA,NA,NA,NA,NA,NA,NA,NA,NA,NA,NA,NA,NA,NA,NA,NA,NA,NA,NA,NA,NA,3.17181
497,0.4625,30.6608,120,"2026-03-14_MFXAB",1.89166438090554,NA,NA,NA,NA,NA,NA,NA,NA,NA,NA,NA,NA,NA,NA,NA,NA,NA,NA,NA,NA,NA,3.17181
498,0.463393,30.6608,120,"2026-03-14_MFXAB",1.89166438090554,NA,NA,NA,NA,NA,NA,NA,NA,NA,NA,NA,NA,NA,NA,NA,NA,NA,NA,NA,NA,NA,3.17181
499,0.464286,30.6608,119,"2026-03-14_MFXAB",1.89166438090554,NA,NA,NA,NA,NA,NA,NA,NA,NA,NA,NA,NA,NA,NA,NA,NA,NA,NA,NA,NA,NA,3.17181
500,0.465179,30.6608,119,"2026-03-14_MFXAB",1.89166438090554,NA,NA,NA,NA,NA,NA,NA,NA,NA,NA,NA,NA,NA,NA,NA,NA,NA,NA,NA,NA,NA,3.17181
501,0.466071,30.6608,119,"2026-03-14_MFXAB",1.89166438090554,NA,NA,NA,NA,NA,NA,NA,NA,NA,NA,NA,NA,NA,NA,NA,NA,NA,NA,NA,NA,NA,3.17181
502,0.466964,30.6608,118,"2026-03-14_MFXAB",1.89166438090554,NA,NA,NA,NA,NA,NA,NA,NA,NA,NA,NA,NA,NA,NA,NA,NA,NA,NA,NA,NA,NA,3.17181
503,0.467857,30.6608,118,"2026-03-14_MFXAB",1.89166438090554,NA,NA,NA,NA,NA,NA,NA,NA,NA,NA,NA,NA,NA,NA,NA,NA,NA,NA,NA,NA,NA,3.17181
504,0.46875,30.6608,118,"2026-03-14_MFXAB",1.89166438090554,NA,NA,NA,NA,NA,NA,NA,NA,NA,NA,NA,NA,NA,NA,NA,NA,NA,NA,NA,NA,NA,3.17181
505,0.469643,30.6608,118,"2026-03-14_MFXAB",1.89166438090554,NA,NA,NA,NA,NA,NA,NA,NA,NA,NA,NA,NA,NA,NA,NA,NA,NA,NA,NA,NA,NA,3.17181
506,0.470536,30.6608,118,"2026-03-14_MFXAB",1.89166438090554,NA,NA,NA,NA,NA,NA,NA,NA,NA,NA,NA,NA,NA,NA,NA,NA,NA,NA,NA,NA,NA,3.17181
507,0.471429,30.6608,118,"2026-03-14_MFXAB",1.89166438090554,NA,NA,NA,NA,NA,NA,NA,NA,NA,NA,NA,NA,NA,NA,NA,NA,NA,NA,NA,NA,NA,3.17181
508,0.472321,30.6608,118,"2026-03-14_MFXAB",1.89166438090554,NA,NA,NA,NA,NA,NA,NA,NA,NA,NA,NA,NA,NA,NA,NA,NA,NA,NA,NA,NA,NA,3.17181
509,0.473214,30.6608,118,"2026-03-14_MFXAB",1.89166438090554,NA,NA,NA,NA,NA,NA,NA,NA,NA,NA,NA,NA,NA,NA,NA,NA,NA,NA,NA,NA,NA,3.17181
510,0.474107,30.6608,118,"2026-03-14_MFXAB",1.89166438090554,NA,NA,NA,NA,NA,NA,NA,NA,NA,NA,NA,NA,NA,NA,NA,NA,NA,NA,NA,NA,NA,3.17181
511,0.475,30.6608,117,"2026-03-14_MFXAB",1.89166438090554,NA,NA,NA,NA,NA,NA,NA,NA,NA,NA,NA,NA,NA,NA,NA,NA,NA,NA,NA,NA,NA,3.17181
512,0.475893,30.6608,117,"2026-03-14_MFXAB",1.89166438090554,NA,NA,NA,NA,NA,NA,NA,NA,NA,NA,NA,NA,NA,NA,NA,NA,NA,NA,NA,NA,NA,3.17181
513,0.476786,30.6608,117,"2026-03-14_MFXAB",1.89166438090554,NA,NA,NA,NA,NA,NA,NA,NA,NA,NA,NA,NA,NA,NA,NA,NA,NA,NA,NA,NA,NA,3.17181
514,0.477679,30.6608,117,"2026-03-14_MFXAB",1.89166438090554,NA,NA,NA,NA,NA,NA,NA,NA,NA,NA,NA,NA,NA,NA,NA,NA,NA,NA,NA,NA,NA,3.17181
515,0.478571,30.6608,118,"2026-03-14_MFXAB",1.89166438090554,NA,NA,NA,NA,NA,NA,NA,NA,NA,NA,NA,NA,NA,NA,NA,NA,NA,NA,NA,NA,NA,3.17181
516,0.479464,30.6608,117,"2026-03-14_MFXAB",1.89166438090554,NA,NA,NA,NA,NA,NA,NA,NA,NA,NA,NA,NA,NA,NA,NA,NA,NA,NA,NA,NA,NA,3.17181
517,0.480357,30.6608,117,"2026-03-14_MFXAB",1.89166438090554,NA,NA,NA,NA,NA,NA,NA,NA,NA,NA,NA,NA,NA,NA,NA,NA,NA,NA,NA,NA,NA,3.17181
518,0.48125,30.6608,118,"2026-03-14_MFXAB",1.89166438090554,NA,NA,NA,NA,NA,NA,NA,NA,NA,NA,NA,NA,NA,NA,NA,NA,NA,NA,NA,NA,NA,3.17181
519,0.482143,30.6608,118,"2026-03-14_MFXAB",1.89166438090554,NA,NA,NA,NA,NA,NA,NA,NA,NA,NA,NA,NA,NA,NA,NA,NA,NA,NA,NA,NA,NA,3.17181
520,0.483036,30.6608,117,"2026-03-14_MFXAB",1.89166438090554,NA,NA,NA,NA,NA,NA,NA,NA,NA,NA,NA,NA,NA,NA,NA,NA,NA,NA,NA,NA,NA,3.17181
521,0.483929,30.6608,117,"2026-03-14_MFXAB",1.89166438090554,NA,NA,NA,NA,NA,NA,NA,NA,NA,NA,NA,NA,NA,NA,NA,NA,NA,NA,NA,NA,NA,3.17181
522,0.484821,30.6608,117,"2026-03-14_MFXAB",1.89166438090554,NA,NA,NA,NA,NA,NA,NA,NA,NA,NA,NA,NA,NA,NA,NA,NA,NA,NA,NA,NA,NA,3.17181
523,0.485714,30.6608,118,"2026-03-14_MFXAB",1.89166438090554,NA,NA,NA,NA,NA,NA,NA,NA,NA,NA,NA,NA,NA,NA,NA,NA,NA,NA,NA,NA,NA,3.17181
524,0.486607,30.6608,118,"2026-03-14_MFXAB",1.89166438090554,NA,NA,NA,NA,NA,NA,NA,NA,NA,NA,NA,NA,NA,NA,NA,NA,NA,NA,NA,NA,NA,3.17181
525,0.4875,30.6608,118,"2026-03-14_MFXAB",1.89166438090554,NA,NA,NA,NA,NA,NA,NA,NA,NA,NA,NA,NA,NA,NA,NA,NA,NA,NA,NA,NA,NA,3.17181
526,0.488393,30.6608,117,"2026-03-14_MFXAB",1.89166438090554,NA,NA,NA,NA,NA,NA,NA,NA,NA,NA,NA,NA,NA,NA,NA,NA,NA,NA,NA,NA,NA,3.17181
527,0.489286,30.6608,117,"2026-03-14_MFXAB",1.89166438090554,NA,NA,NA,NA,NA,NA,NA,NA,NA,NA,NA,NA,NA,NA,NA,NA,NA,NA,NA,NA,NA,3.17181
528,0.490179,30.6608,117,"2026-03-14_MFXAB",1.89166438090554,NA,NA,NA,NA,NA,NA,NA,NA,NA,NA,NA,NA,NA,NA,NA,NA,NA,NA,NA,NA,NA,3.17181
529,0.491071,30.6608,117,"2026-03-14_MFXAB",1.89166438090554,NA,NA,NA,NA,NA,NA,NA,NA,NA,NA,NA,NA,NA,NA,NA,NA,NA,NA,NA,NA,NA,3.17181
530,0.491964,30.6608,118,"2026-03-14_MFXAB",1.89166438090554,NA,NA,NA,NA,NA,NA,NA,NA,NA,NA,NA,NA,NA,NA,NA,NA,NA,NA,NA,NA,NA,3.17181
531,0.492857,30.6608,117,"2026-03-14_MFXAB",1.89166438090554,NA,NA,NA,NA,NA,NA,NA,NA,NA,NA,NA,NA,NA,NA,NA,NA,NA,NA,NA,NA,NA,3.17181
532,0.49375,30.6608,117,"2026-03-14_MFXAB",1.89166438090554,NA,NA,NA,NA,NA,NA,NA,NA,NA,NA,NA,NA,NA,NA,NA,NA,NA,NA,NA,NA,NA,3.17181
533,0.494643,30.6608,118,"2026-03-14_MFXAB",1.89166438090554,NA,NA,NA,NA,NA,NA,NA,NA,NA,NA,NA,NA,NA,NA,NA,NA,NA,NA,NA,NA,NA,3.17181
534,0.495536,30.6608,117,"2026-03-14_MFXAB",1.89166438090554,NA,NA,NA,NA,NA,NA,NA,NA,NA,NA,NA,NA,NA,NA,NA,NA,NA,NA,NA,NA,NA,3.17181
535,0.496429,30.6608,117,"2026-03-14_MFXAB",1.89166438090554,NA,NA,NA,NA,NA,NA,NA,NA,NA,NA,NA,NA,NA,NA,NA,NA,NA,NA,NA,NA,NA,3.17181
536,0.497321,30.6608,118,"2026-03-14_MFXAB",1.89166438090554,NA,NA,NA,NA,NA,NA,NA,NA,NA,NA,NA,NA,NA,NA,NA,NA,NA,NA,NA,NA,NA,3.17181
537,0.498214,30.6608,118,"2026-03-14_MFXAB",1.89166438090554,NA,NA,NA,NA,NA,NA,NA,NA,NA,NA,NA,NA,NA,NA,NA,NA,NA,NA,NA,NA,NA,3.17181
538,0.499107,30.6608,118,"2026-03-14_MFXAB",1.89166438090554,NA,NA,NA,NA,NA,NA,NA,NA,NA,NA,NA,NA,NA,NA,NA,NA,NA,NA,NA,NA,NA,3.17181
539,0.5,30.6608,118,"2026-03-14_MFXAB",1.89166438090554,NA,NA,NA,NA,NA,NA,NA,NA,NA,NA,NA,NA,NA,NA,NA,NA,NA,NA,NA,NA,NA,3.17181
540,0.5,30.3797,118,"2026-03-14_MFXAB",1.97500304479636,NA,NA,NA,NA,NA,NA,NA,NA,NA,NA,NA,NA,NA,NA,NA,NA,NA,NA,NA,NA,NA,3.03797
541,0.500862,30.3797,118,"2026-03-14_MFXAB",1.97500304479636,NA,NA,NA,NA,NA,NA,NA,NA,NA,NA,NA,NA,NA,NA,NA,NA,NA,NA,NA,NA,NA,3.03797
542,0.501724,30.3797,118,"2026-03-14_MFXAB",1.97500304479636,NA,NA,NA,NA,NA,NA,NA,NA,NA,NA,NA,NA,NA,NA,NA,NA,NA,NA,NA,NA,NA,3.03797
543,0.502586,30.3797,118,"2026-03-14_MFXAB",1.97500304479636,NA,NA,NA,NA,NA,NA,NA,NA,NA,NA,NA,NA,NA,NA,NA,NA,NA,NA,NA,NA,NA,3.03797
544,0.503448,30.3797,118,"2026-03-14_MFXAB",1.97500304479636,NA,NA,NA,NA,NA,NA,NA,NA,NA,NA,NA,NA,NA,NA,NA,NA,NA,NA,NA,NA,NA,3.03797
545,0.50431,30.3797,119,"2026-03-14_MFXAB",1.97500304479636,NA,NA,NA,NA,NA,NA,NA,NA,NA,NA,NA,NA,NA,NA,NA,NA,NA,NA,NA,NA,NA,3.03797
546,0.505172,30.3797,120,"2026-03-14_MFXAB",1.97500304479636,NA,NA,NA,NA,NA,NA,NA,NA,NA,NA,NA,NA,NA,NA,NA,NA,NA,NA,NA,NA,NA,3.03797
547,0.506034,30.3797,119,"2026-03-14_MFXAB",1.97500304479636,NA,NA,NA,NA,NA,NA,NA,NA,NA,NA,NA,NA,NA,NA,NA,NA,NA,NA,NA,NA,NA,3.03797
548,0.506897,30.3797,119,"2026-03-14_MFXAB",1.97500304479636,NA,NA,NA,NA,NA,NA,NA,NA,NA,NA,NA,NA,NA,NA,NA,NA,NA,NA,NA,NA,NA,3.03797
549,0.507759,30.3797,118,"2026-03-14_MFXAB",1.97500304479636,NA,NA,NA,NA,NA,NA,NA,NA,NA,NA,NA,NA,NA,NA,NA,NA,NA,NA,NA,NA,NA,3.03797
550,0.508621,30.3797,118,"2026-03-14_MFXAB",1.97500304479636,NA,NA,NA,NA,NA,NA,NA,NA,NA,NA,NA,NA,NA,NA,NA,NA,NA,NA,NA,NA,NA,3.03797
551,0.509483,30.3797,118,"2026-03-14_MFXAB",1.97500304479636,NA,NA,NA,NA,NA,NA,NA,NA,NA,NA,NA,NA,NA,NA,NA,NA,NA,NA,NA,NA,NA,3.03797
552,0.510345,30.3797,118,"2026-03-14_MFXAB",1.97500304479636,NA,NA,NA,NA,NA,NA,NA,NA,NA,NA,NA,NA,NA,NA,NA,NA,NA,NA,NA,NA,NA,3.03797
553,0.511207,30.3797,119,"2026-03-14_MFXAB",1.97500304479636,NA,NA,NA,NA,NA,NA,NA,NA,NA,NA,NA,NA,NA,NA,NA,NA,NA,NA,NA,NA,NA,3.03797
554,0.512069,30.3797,119,"2026-03-14_MFXAB",1.97500304479636,NA,NA,NA,NA,NA,NA,NA,NA,NA,NA,NA,NA,NA,NA,NA,NA,NA,NA,NA,NA,NA,3.03797
555,0.512931,30.3797,119,"2026-03-14_MFXAB",1.97500304479636,NA,NA,NA,NA,NA,NA,NA,NA,NA,NA,NA,NA,NA,NA,NA,NA,NA,NA,NA,NA,NA,3.03797
556,0.513793,30.3797,119,"2026-03-14_MFXAB",1.97500304479636,NA,NA,NA,NA,NA,NA,NA,NA,NA,NA,NA,NA,NA,NA,NA,NA,NA,NA,NA,NA,NA,3.03797
557,0.514655,30.3797,119,"2026-03-14_MFXAB",1.97500304479636,NA,NA,NA,NA,NA,NA,NA,NA,NA,NA,NA,NA,NA,NA,NA,NA,NA,NA,NA,NA,NA,3.03797
558,0.515517,30.3797,119,"2026-03-14_MFXAB",1.97500304479636,NA,NA,NA,NA,NA,NA,NA,NA,NA,NA,NA,NA,NA,NA,NA,NA,NA,NA,NA,NA,NA,3.03797
559,0.516379,30.3797,119,"2026-03-14_MFXAB",1.97500304479636,NA,NA,NA,NA,NA,NA,NA,NA,NA,NA,NA,NA,NA,NA,NA,NA,NA,NA,NA,NA,NA,3.03797
560,0.517241,30.3797,120,"2026-03-14_MFXAB",1.97500304479636,NA,NA,NA,NA,NA,NA,NA,NA,NA,NA,NA,NA,NA,NA,NA,NA,NA,NA,NA,NA,NA,3.03797
561,0.518103,30.3797,120,"2026-03-14_MFXAB",1.97500304479636,NA,NA,NA,NA,NA,NA,NA,NA,NA,NA,NA,NA,NA,NA,NA,NA,NA,NA,NA,NA,NA,3.03797
562,0.518966,30.3797,121,"2026-03-14_MFXAB",1.97500304479636,NA,NA,NA,NA,NA,NA,NA,NA,NA,NA,NA,NA,NA,NA,NA,NA,NA,NA,NA,NA,NA,3.03797
563,0.519828,30.3797,121,"2026-03-14_MFXAB",1.97500304479636,NA,NA,NA,NA,NA,NA,NA,NA,NA,NA,NA,NA,NA,NA,NA,NA,NA,NA,NA,NA,NA,3.03797
564,0.52069,30.3797,121,"2026-03-14_MFXAB",1.97500304479636,NA,NA,NA,NA,NA,NA,NA,NA,NA,NA,NA,NA,NA,NA,NA,NA,NA,NA,NA,NA,NA,3.03797
565,0.521552,30.3797,122,"2026-03-14_MFXAB",1.97500304479636,NA,NA,NA,NA,NA,NA,NA,NA,NA,NA,NA,NA,NA,NA,NA,NA,NA,NA,NA,NA,NA,3.03797
566,0.522414,30.3797,123,"2026-03-14_MFXAB",1.97500304479636,NA,NA,NA,NA,NA,NA,NA,NA,NA,NA,NA,NA,NA,NA,NA,NA,NA,NA,NA,NA,NA,3.03797
567,0.523276,30.3797,123,"2026-03-14_MFXAB",1.97500304479636,NA,NA,NA,NA,NA,NA,NA,NA,NA,NA,NA,NA,NA,NA,NA,NA,NA,NA,NA,NA,NA,3.03797
568,0.524138,30.3797,124,"2026-03-14_MFXAB",1.97500304479636,NA,NA,NA,NA,NA,NA,NA,NA,NA,NA,NA,NA,NA,NA,NA,NA,NA,NA,NA,NA,NA,3.03797
569,0.525,30.3797,124,"2026-03-14_MFXAB",1.97500304479636,NA,NA,NA,NA,NA,NA,NA,NA,NA,NA,NA,NA,NA,NA,NA,NA,NA,NA,NA,NA,NA,3.03797
570,0.525862,30.3797,125,"2026-03-14_MFXAB",1.97500304479636,NA,NA,NA,NA,NA,NA,NA,NA,NA,NA,NA,NA,NA,NA,NA,NA,NA,NA,NA,NA,NA,3.03797
571,0.526724,30.3797,125,"2026-03-14_MFXAB",1.97500304479636,NA,NA,NA,NA,NA,NA,NA,NA,NA,NA,NA,NA,NA,NA,NA,NA,NA,NA,NA,NA,NA,3.03797
572,0.527586,30.3797,125,"2026-03-14_MFXAB",1.97500304479636,NA,NA,NA,NA,NA,NA,NA,NA,NA,NA,NA,NA,NA,NA,NA,NA,NA,NA,NA,NA,NA,3.03797
573,0.528448,30.3797,125,"2026-03-14_MFXAB",1.97500304479636,NA,NA,NA,NA,NA,NA,NA,NA,NA,NA,NA,NA,NA,NA,NA,NA,NA,NA,NA,NA,NA,3.03797
574,0.52931,30.3797,125,"2026-03-14_MFXAB",1.97500304479636,NA,NA,NA,NA,NA,NA,NA,NA,NA,NA,NA,NA,NA,NA,NA,NA,NA,NA,NA,NA,NA,3.03797
575,0.530172,30.3797,125,"2026-03-14_MFXAB",1.97500304479636,NA,NA,NA,NA,NA,NA,NA,NA,NA,NA,NA,NA,NA,NA,NA,NA,NA,NA,NA,NA,NA,3.03797
576,0.531034,30.3797,125,"2026-03-14_MFXAB",1.97500304479636,NA,NA,NA,NA,NA,NA,NA,NA,NA,NA,NA,NA,NA,NA,NA,NA,NA,NA,NA,NA,NA,3.03797
577,0.531897,30.3797,125,"2026-03-14_MFXAB",1.97500304479636,NA,NA,NA,NA,NA,NA,NA,NA,NA,NA,NA,NA,NA,NA,NA,NA,NA,NA,NA,NA,NA,3.03797
578,0.532759,30.3797,126,"2026-03-14_MFXAB",1.97500304479636,NA,NA,NA,NA,NA,NA,NA,NA,NA,NA,NA,NA,NA,NA,NA,NA,NA,NA,NA,NA,NA,3.03797
579,0.533621,30.3797,125,"2026-03-14_MFXAB",1.97500304479636,NA,NA,NA,NA,NA,NA,NA,NA,NA,NA,NA,NA,NA,NA,NA,NA,NA,NA,NA,NA,NA,3.03797
580,0.534483,30.3797,125,"2026-03-14_MFXAB",1.97500304479636,NA,NA,NA,NA,NA,NA,NA,NA,NA,NA,NA,NA,NA,NA,NA,NA,NA,NA,NA,NA,NA,3.03797
581,0.535345,30.3797,125,"2026-03-14_MFXAB",1.97500304479636,NA,NA,NA,NA,NA,NA,NA,NA,NA,NA,NA,NA,NA,NA,NA,NA,NA,NA,NA,NA,NA,3.03797
582,0.536207,30.3797,125,"2026-03-14_MFXAB",1.97500304479636,NA,NA,NA,NA,NA,NA,NA,NA,NA,NA,NA,NA,NA,NA,NA,NA,NA,NA,NA,NA,NA,3.03797
583,0.537069,30.3797,124,"2026-03-14_MFXAB",1.97500304479636,NA,NA,NA,NA,NA,NA,NA,NA,NA,NA,NA,NA,NA,NA,NA,NA,NA,NA,NA,NA,NA,3.03797
584,0.537931,30.3797,124,"2026-03-14_MFXAB",1.97500304479636,NA,NA,NA,NA,NA,NA,NA,NA,NA,NA,NA,NA,NA,NA,NA,NA,NA,NA,NA,NA,NA,3.03797
585,0.538793,30.3797,125,"2026-03-14_MFXAB",1.97500304479636,NA,NA,NA,NA,NA,NA,NA,NA,NA,NA,NA,NA,NA,NA,NA,NA,NA,NA,NA,NA,NA,3.03797
586,0.539655,30.3797,125,"2026-03-14_MFXAB",1.97500304479636,NA,NA,NA,NA,NA,NA,NA,NA,NA,NA,NA,NA,NA,NA,NA,NA,NA,NA,NA,NA,NA,3.03797
587,0.540517,30.3797,126,"2026-03-14_MFXAB",1.97500304479636,NA,NA,NA,NA,NA,NA,NA,NA,NA,NA,NA,NA,NA,NA,NA,NA,NA,NA,NA,NA,NA,3.03797
588,0.541379,30.3797,126,"2026-03-14_MFXAB",1.97500304479636,NA,NA,NA,NA,NA,NA,NA,NA,NA,NA,NA,NA,NA,NA,NA,NA,NA,NA,NA,NA,NA,3.03797
589,0.542241,30.3797,126,"2026-03-14_MFXAB",1.97500304479636,NA,NA,NA,NA,NA,NA,NA,NA,NA,NA,NA,NA,NA,NA,NA,NA,NA,NA,NA,NA,NA,3.03797
590,0.543103,30.3797,127,"2026-03-14_MFXAB",1.97500304479636,NA,NA,NA,NA,NA,NA,NA,NA,NA,NA,NA,NA,NA,NA,NA,NA,NA,NA,NA,NA,NA,3.03797
591,0.543966,30.3797,127,"2026-03-14_MFXAB",1.97500304479636,NA,NA,NA,NA,NA,NA,NA,NA,NA,NA,NA,NA,NA,NA,NA,NA,NA,NA,NA,NA,NA,3.03797
592,0.544828,30.3797,127,"2026-03-14_MFXAB",1.97500304479636,NA,NA,NA,NA,NA,NA,NA,NA,NA,NA,NA,NA,NA,NA,NA,NA,NA,NA,NA,NA,NA,3.03797
593,0.54569,30.3797,126,"2026-03-14_MFXAB",1.97500304479636,NA,NA,NA,NA,NA,NA,NA,NA,NA,NA,NA,NA,NA,NA,NA,NA,NA,NA,NA,NA,NA,3.03797
594,0.546552,30.3797,126,"2026-03-14_MFXAB",1.97500304479636,NA,NA,NA,NA,NA,NA,NA,NA,NA,NA,NA,NA,NA,NA,NA,NA,NA,NA,NA,NA,NA,3.03797
595,0.547414,30.3797,126,"2026-03-14_MFXAB",1.97500304479636,NA,NA,NA,NA,NA,NA,NA,NA,NA,NA,NA,NA,NA,NA,NA,NA,NA,NA,NA,NA,NA,3.03797
596,0.548276,30.3797,126,"2026-03-14_MFXAB",1.97500304479636,NA,NA,NA,NA,NA,NA,NA,NA,NA,NA,NA,NA,NA,NA,NA,NA,NA,NA,NA,NA,NA,3.03797
597,0.549138,30.3797,126,"2026-03-14_MFXAB",1.97500304479636,NA,NA,NA,NA,NA,NA,NA,NA,NA,NA,NA,NA,NA,NA,NA,NA,NA,NA,NA,NA,NA,3.03797
598,0.55,30.3797,126,"2026-03-14_MFXAB",1.97500304479636,NA,NA,NA,NA,NA,NA,NA,NA,NA,NA,NA,NA,NA,NA,NA,NA,NA,NA,NA,NA,NA,3.03797
599,0.55,30.3601,125,"2026-03-14_MFXAB",1.9104021396504,NA,NA,NA,NA,NA,NA,NA,NA,NA,NA,NA,NA,NA,NA,NA,NA,NA,NA,NA,NA,NA,3.1407
600,0.550893,30.3601,125,"2026-03-14_MFXAB",1.9104021396504,NA,NA,NA,NA,NA,NA,NA,NA,NA,NA,NA,NA,NA,NA,NA,NA,NA,NA,NA,NA,NA,3.1407
601,0.551786,30.3601,125,"2026-03-14_MFXAB",1.9104021396504,NA,NA,NA,NA,NA,NA,NA,NA,NA,NA,NA,NA,NA,NA,NA,NA,NA,NA,NA,NA,NA,3.1407
602,0.552679,30.3601,125,"2026-03-14_MFXAB",1.9104021396504,NA,NA,NA,NA,NA,NA,NA,NA,NA,NA,NA,NA,NA,NA,NA,NA,NA,NA,NA,NA,NA,3.1407
603,0.553571,30.3601,125,"2026-03-14_MFXAB",1.9104021396504,NA,NA,NA,NA,NA,NA,NA,NA,NA,NA,NA,NA,NA,NA,NA,NA,NA,NA,NA,NA,NA,3.1407
604,0.554464,30.3601,124,"2026-03-14_MFXAB",1.9104021396504,NA,NA,NA,NA,NA,NA,NA,NA,NA,NA,NA,NA,NA,NA,NA,NA,NA,NA,NA,NA,NA,3.1407
605,0.555357,30.3601,124,"2026-03-14_MFXAB",1.9104021396504,NA,NA,NA,NA,NA,NA,NA,NA,NA,NA,NA,NA,NA,NA,NA,NA,NA,NA,NA,NA,NA,3.1407
606,0.55625,30.3601,124,"2026-03-14_MFXAB",1.9104021396504,NA,NA,NA,NA,NA,NA,NA,NA,NA,NA,NA,NA,NA,NA,NA,NA,NA,NA,NA,NA,NA,3.1407
607,0.557143,30.3601,123,"2026-03-14_MFXAB",1.9104021396504,NA,NA,NA,NA,NA,NA,NA,NA,NA,NA,NA,NA,NA,NA,NA,NA,NA,NA,NA,NA,NA,3.1407
608,0.558036,30.3601,123,"2026-03-14_MFXAB",1.9104021396504,NA,NA,NA,NA,NA,NA,NA,NA,NA,NA,NA,NA,NA,NA,NA,NA,NA,NA,NA,NA,NA,3.1407
609,0.558929,30.3601,123,"2026-03-14_MFXAB",1.9104021396504,NA,NA,NA,NA,NA,NA,NA,NA,NA,NA,NA,NA,NA,NA,NA,NA,NA,NA,NA,NA,NA,3.1407
610,0.559821,30.3601,122,"2026-03-14_MFXAB",1.9104021396504,NA,NA,NA,NA,NA,NA,NA,NA,NA,NA,NA,NA,NA,NA,NA,NA,NA,NA,NA,NA,NA,3.1407
611,0.560714,30.3601,122,"2026-03-14_MFXAB",1.9104021396504,NA,NA,NA,NA,NA,NA,NA,NA,NA,NA,NA,NA,NA,NA,NA,NA,NA,NA,NA,NA,NA,3.1407
612,0.561607,30.3601,122,"2026-03-14_MFXAB",1.9104021396504,NA,NA,NA,NA,NA,NA,NA,NA,NA,NA,NA,NA,NA,NA,NA,NA,NA,NA,NA,NA,NA,3.1407
613,0.5625,30.3601,123,"2026-03-14_MFXAB",1.9104021396504,NA,NA,NA,NA,NA,NA,NA,NA,NA,NA,NA,NA,NA,NA,NA,NA,NA,NA,NA,NA,NA,3.1407
614,0.563393,30.3601,122,"2026-03-14_MFXAB",1.9104021396504,NA,NA,NA,NA,NA,NA,NA,NA,NA,NA,NA,NA,NA,NA,NA,NA,NA,NA,NA,NA,NA,3.1407
615,0.564286,30.3601,122,"2026-03-14_MFXAB",1.9104021396504,NA,NA,NA,NA,NA,NA,NA,NA,NA,NA,NA,NA,NA,NA,NA,NA,NA,NA,NA,NA,NA,3.1407
616,0.565179,30.3601,122,"2026-03-14_MFXAB",1.9104021396504,NA,NA,NA,NA,NA,NA,NA,NA,NA,NA,NA,NA,NA,NA,NA,NA,NA,NA,NA,NA,NA,3.1407
617,0.566071,30.3601,123,"2026-03-14_MFXAB",1.9104021396504,NA,NA,NA,NA,NA,NA,NA,NA,NA,NA,NA,NA,NA,NA,NA,NA,NA,NA,NA,NA,NA,3.1407
618,0.566964,30.3601,122,"2026-03-14_MFXAB",1.9104021396504,NA,NA,NA,NA,NA,NA,NA,NA,NA,NA,NA,NA,NA,NA,NA,NA,NA,NA,NA,NA,NA,3.1407
619,0.567857,30.3601,122,"2026-03-14_MFXAB",1.9104021396504,NA,NA,NA,NA,NA,NA,NA,NA,NA,NA,NA,NA,NA,NA,NA,NA,NA,NA,NA,NA,NA,3.1407
620,0.56875,30.3601,122,"2026-03-14_MFXAB",1.9104021396504,NA,NA,NA,NA,NA,NA,NA,NA,NA,NA,NA,NA,NA,NA,NA,NA,NA,NA,NA,NA,NA,3.1407
621,0.569643,30.3601,122,"2026-03-14_MFXAB",1.9104021396504,NA,NA,NA,NA,NA,NA,NA,NA,NA,NA,NA,NA,NA,NA,NA,NA,NA,NA,NA,NA,NA,3.1407
622,0.570536,30.3601,121,"2026-03-14_MFXAB",1.9104021396504,NA,NA,NA,NA,NA,NA,NA,NA,NA,NA,NA,NA,NA,NA,NA,NA,NA,NA,NA,NA,NA,3.1407
623,0.571429,30.3601,121,"2026-03-14_MFXAB",1.9104021396504,NA,NA,NA,NA,NA,NA,NA,NA,NA,NA,NA,NA,NA,NA,NA,NA,NA,NA,NA,NA,NA,3.1407
624,0.572321,30.3601,120,"2026-03-14_MFXAB",1.9104021396504,NA,NA,NA,NA,NA,NA,NA,NA,NA,NA,NA,NA,NA,NA,NA,NA,NA,NA,NA,NA,NA,3.1407
625,0.573214,30.3601,120,"2026-03-14_MFXAB",1.9104021396504,NA,NA,NA,NA,NA,NA,NA,NA,NA,NA,NA,NA,NA,NA,NA,NA,NA,NA,NA,NA,NA,3.1407
626,0.574107,30.3601,120,"2026-03-14_MFXAB",1.9104021396504,NA,NA,NA,NA,NA,NA,NA,NA,NA,NA,NA,NA,NA,NA,NA,NA,NA,NA,NA,NA,NA,3.1407
627,0.575,30.3601,120,"2026-03-14_MFXAB",1.9104021396504,NA,NA,NA,NA,NA,NA,NA,NA,NA,NA,NA,NA,NA,NA,NA,NA,NA,NA,NA,NA,NA,3.1407
628,0.575893,30.3601,120,"2026-03-14_MFXAB",1.9104021396504,NA,NA,NA,NA,NA,NA,NA,NA,NA,NA,NA,NA,NA,NA,NA,NA,NA,NA,NA,NA,NA,3.1407
629,0.576786,30.3601,120,"2026-03-14_MFXAB",1.9104021396504,NA,NA,NA,NA,NA,NA,NA,NA,NA,NA,NA,NA,NA,NA,NA,NA,NA,NA,NA,NA,NA,3.1407
630,0.577679,30.3601,120,"2026-03-14_MFXAB",1.9104021396504,NA,NA,NA,NA,NA,NA,NA,NA,NA,NA,NA,NA,NA,NA,NA,NA,NA,NA,NA,NA,NA,3.1407
631,0.578571,30.3601,120,"2026-03-14_MFXAB",1.9104021396504,NA,NA,NA,NA,NA,NA,NA,NA,NA,NA,NA,NA,NA,NA,NA,NA,NA,NA,NA,NA,NA,3.1407
632,0.579464,30.3601,120,"2026-03-14_MFXAB",1.9104021396504,NA,NA,NA,NA,NA,NA,NA,NA,NA,NA,NA,NA,NA,NA,NA,NA,NA,NA,NA,NA,NA,3.1407
633,0.580357,30.3601,120,"2026-03-14_MFXAB",1.9104021396504,NA,NA,NA,NA,NA,NA,NA,NA,NA,NA,NA,NA,NA,NA,NA,NA,NA,NA,NA,NA,NA,3.1407
634,0.58125,30.3601,119,"2026-03-14_MFXAB",1.9104021396504,NA,NA,NA,NA,NA,NA,NA,NA,NA,NA,NA,NA,NA,NA,NA,NA,NA,NA,NA,NA,NA,3.1407
635,0.582143,30.3601,120,"2026-03-14_MFXAB",1.9104021396504,NA,NA,NA,NA,NA,NA,NA,NA,NA,NA,NA,NA,NA,NA,NA,NA,NA,NA,NA,NA,NA,3.1407
636,0.583036,30.3601,120,"2026-03-14_MFXAB",1.9104021396504,NA,NA,NA,NA,NA,NA,NA,NA,NA,NA,NA,NA,NA,NA,NA,NA,NA,NA,NA,NA,NA,3.1407
637,0.583929,30.3601,119,"2026-03-14_MFXAB",1.9104021396504,NA,NA,NA,NA,NA,NA,NA,NA,NA,NA,NA,NA,NA,NA,NA,NA,NA,NA,NA,NA,NA,3.1407
638,0.584821,30.3601,120,"2026-03-14_MFXAB",1.9104021396504,NA,NA,NA,NA,NA,NA,NA,NA,NA,NA,NA,NA,NA,NA,NA,NA,NA,NA,NA,NA,NA,3.1407
639,0.585714,30.3601,120,"2026-03-14_MFXAB",1.9104021396504,NA,NA,NA,NA,NA,NA,NA,NA,NA,NA,NA,NA,NA,NA,NA,NA,NA,NA,NA,NA,NA,3.1407
640,0.586607,30.3601,120,"2026-03-14_MFXAB",1.9104021396504,NA,NA,NA,NA,NA,NA,NA,NA,NA,NA,NA,NA,NA,NA,NA,NA,NA,NA,NA,NA,NA,3.1407
641,0.5875,30.3601,120,"2026-03-14_MFXAB",1.9104021396504,NA,NA,NA,NA,NA,NA,NA,NA,NA,NA,NA,NA,NA,NA,NA,NA,NA,NA,NA,NA,NA,3.1407
642,0.588393,30.3601,121,"2026-03-14_MFXAB",1.9104021396504,NA,NA,NA,NA,NA,NA,NA,NA,NA,NA,NA,NA,NA,NA,NA,NA,NA,NA,NA,NA,NA,3.1407
643,0.589286,30.3601,121,"2026-03-14_MFXAB",1.9104021396504,NA,NA,NA,NA,NA,NA,NA,NA,NA,NA,NA,NA,NA,NA,NA,NA,NA,NA,NA,NA,NA,3.1407
644,0.590179,30.3601,122,"2026-03-14_MFXAB",1.9104021396504,NA,NA,NA,NA,NA,NA,NA,NA,NA,NA,NA,NA,NA,NA,NA,NA,NA,NA,NA,NA,NA,3.1407
645,0.591071,30.3601,122,"2026-03-14_MFXAB",1.9104021396504,NA,NA,NA,NA,NA,NA,NA,NA,NA,NA,NA,NA,NA,NA,NA,NA,NA,NA,NA,NA,NA,3.1407
646,0.591964,30.3601,122,"2026-03-14_MFXAB",1.9104021396504,NA,NA,NA,NA,NA,NA,NA,NA,NA,NA,NA,NA,NA,NA,NA,NA,NA,NA,NA,NA,NA,3.1407
647,0.592857,30.3601,122,"2026-03-14_MFXAB",1.9104021396504,NA,NA,NA,NA,NA,NA,NA,NA,NA,NA,NA,NA,NA,NA,NA,NA,NA,NA,NA,NA,NA,3.1407
648,0.59375,30.3601,123,"2026-03-14_MFXAB",1.9104021396504,NA,NA,NA,NA,NA,NA,NA,NA,NA,NA,NA,NA,NA,NA,NA,NA,NA,NA,NA,NA,NA,3.1407
649,0.594643,30.3601,123,"2026-03-14_MFXAB",1.9104021396504,NA,NA,NA,NA,NA,NA,NA,NA,NA,NA,NA,NA,NA,NA,NA,NA,NA,NA,NA,NA,NA,3.1407
650,0.595536,30.3601,123,"2026-03-14_MFXAB",1.9104021396504,NA,NA,NA,NA,NA,NA,NA,NA,NA,NA,NA,NA,NA,NA,NA,NA,NA,NA,NA,NA,NA,3.1407
651,0.596429,30.3601,123,"2026-03-14_MFXAB",1.9104021396504,NA,NA,NA,NA,NA,NA,NA,NA,NA,NA,NA,NA,NA,NA,NA,NA,NA,NA,NA,NA,NA,3.1407
652,0.597321,30.3601,122,"2026-03-14_MFXAB",1.9104021396504,NA,NA,NA,NA,NA,NA,NA,NA,NA,NA,NA,NA,NA,NA,NA,NA,NA,NA,NA,NA,NA,3.1407
653,0.598214,30.3601,122,"2026-03-14_MFXAB",1.9104021396504,NA,NA,NA,NA,NA,NA,NA,NA,NA,NA,NA,NA,NA,NA,NA,NA,NA,NA,NA,NA,NA,3.1407
654,0.599107,30.3601,121,"2026-03-14_MFXAB",1.9104021396504,NA,NA,NA,NA,NA,NA,NA,NA,NA,NA,NA,NA,NA,NA,NA,NA,NA,NA,NA,NA,NA,3.1407
655,0.6,30.3601,121,"2026-03-14_MFXAB",1.9104021396504,NA,NA,NA,NA,NA,NA,NA,NA,NA,NA,NA,NA,NA,NA,NA,NA,NA,NA,NA,NA,NA,3.1407
656,0.6,31.1354,121,"2026-03-14_MFXAB",1.92706693988194,NA,NA,NA,NA,NA,NA,NA,NA,NA,NA,NA,NA,NA,NA,NA,NA,NA,NA,NA,NA,NA,3.11354
657,0.600877,31.1354,121,"2026-03-14_MFXAB",1.92706693988194,NA,NA,NA,NA,NA,NA,NA,NA,NA,NA,NA,NA,NA,NA,NA,NA,NA,NA,NA,NA,NA,3.11354
658,0.601754,31.1354,120,"2026-03-14_MFXAB",1.92706693988194,NA,NA,NA,NA,NA,NA,NA,NA,NA,NA,NA,NA,NA,NA,NA,NA,NA,NA,NA,NA,NA,3.11354
659,0.602632,31.1354,120,"2026-03-14_MFXAB",1.92706693988194,NA,NA,NA,NA,NA,NA,NA,NA,NA,NA,NA,NA,NA,NA,NA,NA,NA,NA,NA,NA,NA,3.11354
660,0.603509,31.1354,119,"2026-03-14_MFXAB",1.92706693988194,NA,NA,NA,NA,NA,NA,NA,NA,NA,NA,NA,NA,NA,NA,NA,NA,NA,NA,NA,NA,NA,3.11354
661,0.604386,31.1354,119,"2026-03-14_MFXAB",1.92706693988194,NA,NA,NA,NA,NA,NA,NA,NA,NA,NA,NA,NA,NA,NA,NA,NA,NA,NA,NA,NA,NA,3.11354
662,0.605263,31.1354,118,"2026-03-14_MFXAB",1.92706693988194,NA,NA,NA,NA,NA,NA,NA,NA,NA,NA,NA,NA,NA,NA,NA,NA,NA,NA,NA,NA,NA,3.11354
663,0.60614,31.1354,118,"2026-03-14_MFXAB",1.92706693988194,NA,NA,NA,NA,NA,NA,NA,NA,NA,NA,NA,NA,NA,NA,NA,NA,NA,NA,NA,NA,NA,3.11354
664,0.607018,31.1354,117,"2026-03-14_MFXAB",1.92706693988194,NA,NA,NA,NA,NA,NA,NA,NA,NA,NA,NA,NA,NA,NA,NA,NA,NA,NA,NA,NA,NA,3.11354
665,0.607895,31.1354,117,"2026-03-14_MFXAB",1.92706693988194,NA,NA,NA,NA,NA,NA,NA,NA,NA,NA,NA,NA,NA,NA,NA,NA,NA,NA,NA,NA,NA,3.11354
666,0.608772,31.1354,117,"2026-03-14_MFXAB",1.92706693988194,NA,NA,NA,NA,NA,NA,NA,NA,NA,NA,NA,NA,NA,NA,NA,NA,NA,NA,NA,NA,NA,3.11354
667,0.609649,31.1354,117,"2026-03-14_MFXAB",1.92706693988194,NA,NA,NA,NA,NA,NA,NA,NA,NA,NA,NA,NA,NA,NA,NA,NA,NA,NA,NA,NA,NA,3.11354
668,0.610526,31.1354,117,"2026-03-14_MFXAB",1.92706693988194,NA,NA,NA,NA,NA,NA,NA,NA,NA,NA,NA,NA,NA,NA,NA,NA,NA,NA,NA,NA,NA,3.11354
669,0.611404,31.1354,117,"2026-03-14_MFXAB",1.92706693988194,NA,NA,NA,NA,NA,NA,NA,NA,NA,NA,NA,NA,NA,NA,NA,NA,NA,NA,NA,NA,NA,3.11354
670,0.612281,31.1354,118,"2026-03-14_MFXAB",1.92706693988194,NA,NA,NA,NA,NA,NA,NA,NA,NA,NA,NA,NA,NA,NA,NA,NA,NA,NA,NA,NA,NA,3.11354
671,0.613158,31.1354,118,"2026-03-14_MFXAB",1.92706693988194,NA,NA,NA,NA,NA,NA,NA,NA,NA,NA,NA,NA,NA,NA,NA,NA,NA,NA,NA,NA,NA,3.11354
672,0.614035,31.1354,118,"2026-03-14_MFXAB",1.92706693988194,NA,NA,NA,NA,NA,NA,NA,NA,NA,NA,NA,NA,NA,NA,NA,NA,NA,NA,NA,NA,NA,3.11354
673,0.614912,31.1354,118,"2026-03-14_MFXAB",1.92706693988194,NA,NA,NA,NA,NA,NA,NA,NA,NA,NA,NA,NA,NA,NA,NA,NA,NA,NA,NA,NA,NA,3.11354
674,0.615789,31.1354,117,"2026-03-14_MFXAB",1.92706693988194,NA,NA,NA,NA,NA,NA,NA,NA,NA,NA,NA,NA,NA,NA,NA,NA,NA,NA,NA,NA,NA,3.11354
675,0.616667,31.1354,118,"2026-03-14_MFXAB",1.92706693988194,NA,NA,NA,NA,NA,NA,NA,NA,NA,NA,NA,NA,NA,NA,NA,NA,NA,NA,NA,NA,NA,3.11354
676,0.617544,31.1354,118,"2026-03-14_MFXAB",1.92706693988194,NA,NA,NA,NA,NA,NA,NA,NA,NA,NA,NA,NA,NA,NA,NA,NA,NA,NA,NA,NA,NA,3.11354
677,0.618421,31.1354,118,"2026-03-14_MFXAB",1.92706693988194,NA,NA,NA,NA,NA,NA,NA,NA,NA,NA,NA,NA,NA,NA,NA,NA,NA,NA,NA,NA,NA,3.11354
678,0.619298,31.1354,118,"2026-03-14_MFXAB",1.92706693988194,NA,NA,NA,NA,NA,NA,NA,NA,NA,NA,NA,NA,NA,NA,NA,NA,NA,NA,NA,NA,NA,3.11354
679,0.620175,31.1354,118,"2026-03-14_MFXAB",1.92706693988194,NA,NA,NA,NA,NA,NA,NA,NA,NA,NA,NA,NA,NA,NA,NA,NA,NA,NA,NA,NA,NA,3.11354
680,0.621053,31.1354,118,"2026-03-14_MFXAB",1.92706693988194,NA,NA,NA,NA,NA,NA,NA,NA,NA,NA,NA,NA,NA,NA,NA,NA,NA,NA,NA,NA,NA,3.11354
681,0.62193,31.1354,118,"2026-03-14_MFXAB",1.92706693988194,NA,NA,NA,NA,NA,NA,NA,NA,NA,NA,NA,NA,NA,NA,NA,NA,NA,NA,NA,NA,NA,3.11354
682,0.622807,31.1354,118,"2026-03-14_MFXAB",1.92706693988194,NA,NA,NA,NA,NA,NA,NA,NA,NA,NA,NA,NA,NA,NA,NA,NA,NA,NA,NA,NA,NA,3.11354
683,0.623684,31.1354,117,"2026-03-14_MFXAB",1.92706693988194,NA,NA,NA,NA,NA,NA,NA,NA,NA,NA,NA,NA,NA,NA,NA,NA,NA,NA,NA,NA,NA,3.11354
684,0.624561,31.1354,118,"2026-03-14_MFXAB",1.92706693988194,NA,NA,NA,NA,NA,NA,NA,NA,NA,NA,NA,NA,NA,NA,NA,NA,NA,NA,NA,NA,NA,3.11354
685,0.625439,31.1354,118,"2026-03-14_MFXAB",1.92706693988194,NA,NA,NA,NA,NA,NA,NA,NA,NA,NA,NA,NA,NA,NA,NA,NA,NA,NA,NA,NA,NA,3.11354
686,0.626316,31.1354,118,"2026-03-14_MFXAB",1.92706693988194,NA,NA,NA,NA,NA,NA,NA,NA,NA,NA,NA,NA,NA,NA,NA,NA,NA,NA,NA,NA,NA,3.11354
687,0.627193,31.1354,119,"2026-03-14_MFXAB",1.92706693988194,NA,NA,NA,NA,NA,NA,NA,NA,NA,NA,NA,NA,NA,NA,NA,NA,NA,NA,NA,NA,NA,3.11354
688,0.62807,31.1354,119,"2026-03-14_MFXAB",1.92706693988194,NA,NA,NA,NA,NA,NA,NA,NA,NA,NA,NA,NA,NA,NA,NA,NA,NA,NA,NA,NA,NA,3.11354
689,0.628947,31.1354,119,"2026-03-14_MFXAB",1.92706693988194,NA,NA,NA,NA,NA,NA,NA,NA,NA,NA,NA,NA,NA,NA,NA,NA,NA,NA,NA,NA,NA,3.11354
690,0.629825,31.1354,119,"2026-03-14_MFXAB",1.92706693988194,NA,NA,NA,NA,NA,NA,NA,NA,NA,NA,NA,NA,NA,NA,NA,NA,NA,NA,NA,NA,NA,3.11354
691,0.630702,31.1354,119,"2026-03-14_MFXAB",1.92706693988194,NA,NA,NA,NA,NA,NA,NA,NA,NA,NA,NA,NA,NA,NA,NA,NA,NA,NA,NA,NA,NA,3.11354
692,0.631579,31.1354,118,"2026-03-14_MFXAB",1.92706693988194,NA,NA,NA,NA,NA,NA,NA,NA,NA,NA,NA,NA,NA,NA,NA,NA,NA,NA,NA,NA,NA,3.11354
693,0.632456,31.1354,119,"2026-03-14_MFXAB",1.92706693988194,NA,NA,NA,NA,NA,NA,NA,NA,NA,NA,NA,NA,NA,NA,NA,NA,NA,NA,NA,NA,NA,3.11354
694,0.633333,31.1354,119,"2026-03-14_MFXAB",1.92706693988194,NA,NA,NA,NA,NA,NA,NA,NA,NA,NA,NA,NA,NA,NA,NA,NA,NA,NA,NA,NA,NA,3.11354
695,0.634211,31.1354,119,"2026-03-14_MFXAB",1.92706693988194,NA,NA,NA,NA,NA,NA,NA,NA,NA,NA,NA,NA,NA,NA,NA,NA,NA,NA,NA,NA,NA,3.11354
696,0.635088,31.1354,119,"2026-03-14_MFXAB",1.92706693988194,NA,NA,NA,NA,NA,NA,NA,NA,NA,NA,NA,NA,NA,NA,NA,NA,NA,NA,NA,NA,NA,3.11354
697,0.635965,31.1354,118,"2026-03-14_MFXAB",1.92706693988194,NA,NA,NA,NA,NA,NA,NA,NA,NA,NA,NA,NA,NA,NA,NA,NA,NA,NA,NA,NA,NA,3.11354
698,0.636842,31.1354,119,"2026-03-14_MFXAB",1.92706693988194,NA,NA,NA,NA,NA,NA,NA,NA,NA,NA,NA,NA,NA,NA,NA,NA,NA,NA,NA,NA,NA,3.11354
699,0.637719,31.1354,119,"2026-03-14_MFXAB",1.92706693988194,NA,NA,NA,NA,NA,NA,NA,NA,NA,NA,NA,NA,NA,NA,NA,NA,NA,NA,NA,NA,NA,3.11354
700,0.638596,31.1354,118,"2026-03-14_MFXAB",1.92706693988194,NA,NA,NA,NA,NA,NA,NA,NA,NA,NA,NA,NA,NA,NA,NA,NA,NA,NA,NA,NA,NA,3.11354
701,0.639474,31.1354,118,"2026-03-14_MFXAB",1.92706693988194,NA,NA,NA,NA,NA,NA,NA,NA,NA,NA,NA,NA,NA,NA,NA,NA,NA,NA,NA,NA,NA,3.11354
702,0.640351,31.1354,118,"2026-03-14_MFXAB",1.92706693988194,NA,NA,NA,NA,NA,NA,NA,NA,NA,NA,NA,NA,NA,NA,NA,NA,NA,NA,NA,NA,NA,3.11354
703,0.641228,31.1354,119,"2026-03-14_MFXAB",1.92706693988194,NA,NA,NA,NA,NA,NA,NA,NA,NA,NA,NA,NA,NA,NA,NA,NA,NA,NA,NA,NA,NA,3.11354
704,0.642105,31.1354,119,"2026-03-14_MFXAB",1.92706693988194,NA,NA,NA,NA,NA,NA,NA,NA,NA,NA,NA,NA,NA,NA,NA,NA,NA,NA,NA,NA,NA,3.11354
705,0.642982,31.1354,120,"2026-03-14_MFXAB",1.92706693988194,NA,NA,NA,NA,NA,NA,NA,NA,NA,NA,NA,NA,NA,NA,NA,NA,NA,NA,NA,NA,NA,3.11354
706,0.64386,31.1354,120,"2026-03-14_MFXAB",1.92706693988194,NA,NA,NA,NA,NA,NA,NA,NA,NA,NA,NA,NA,NA,NA,NA,NA,NA,NA,NA,NA,NA,3.11354
707,0.644737,31.1354,120,"2026-03-14_MFXAB",1.92706693988194,NA,NA,NA,NA,NA,NA,NA,NA,NA,NA,NA,NA,NA,NA,NA,NA,NA,NA,NA,NA,NA,3.11354
708,0.645614,31.1354,121,"2026-03-14_MFXAB",1.92706693988194,NA,NA,NA,NA,NA,NA,NA,NA,NA,NA,NA,NA,NA,NA,NA,NA,NA,NA,NA,NA,NA,3.11354
709,0.646491,31.1354,121,"2026-03-14_MFXAB",1.92706693988194,NA,NA,NA,NA,NA,NA,NA,NA,NA,NA,NA,NA,NA,NA,NA,NA,NA,NA,NA,NA,NA,3.11354
710,0.647368,31.1354,121,"2026-03-14_MFXAB",1.92706693988194,NA,NA,NA,NA,NA,NA,NA,NA,NA,NA,NA,NA,NA,NA,NA,NA,NA,NA,NA,NA,NA,3.11354
711,0.648246,31.1354,121,"2026-03-14_MFXAB",1.92706693988194,NA,NA,NA,NA,NA,NA,NA,NA,NA,NA,NA,NA,NA,NA,NA,NA,NA,NA,NA,NA,NA,3.11354
712,0.649123,31.1354,120,"2026-03-14_MFXAB",1.92706693988194,NA,NA,NA,NA,NA,NA,NA,NA,NA,NA,NA,NA,NA,NA,NA,NA,NA,NA,NA,NA,NA,3.11354
713,0.65,31.1354,121,"2026-03-14_MFXAB",1.92706693988194,NA,NA,NA,NA,NA,NA,NA,NA,NA,NA,NA,NA,NA,NA,NA,NA,NA,NA,NA,NA,NA,3.11354
714,0.65,29.1824,121,"2026-03-14_MFXAB",1.98749863359469,NA,NA,NA,NA,NA,NA,NA,NA,NA,NA,NA,NA,NA,NA,NA,NA,NA,NA,NA,NA,NA,3.01887
715,0.650847,29.1824,120,"2026-03-14_MFXAB",1.98749863359469,NA,NA,NA,NA,NA,NA,NA,NA,NA,NA,NA,NA,NA,NA,NA,NA,NA,NA,NA,NA,NA,3.01887
716,0.651695,29.1824,120,"2026-03-14_MFXAB",1.98749863359469,NA,NA,NA,NA,NA,NA,NA,NA,NA,NA,NA,NA,NA,NA,NA,NA,NA,NA,NA,NA,NA,3.01887
717,0.652542,29.1824,120,"2026-03-14_MFXAB",1.98749863359469,NA,NA,NA,NA,NA,NA,NA,NA,NA,NA,NA,NA,NA,NA,NA,NA,NA,NA,NA,NA,NA,3.01887
718,0.65339,29.1824,119,"2026-03-14_MFXAB",1.98749863359469,NA,NA,NA,NA,NA,NA,NA,NA,NA,NA,NA,NA,NA,NA,NA,NA,NA,NA,NA,NA,NA,3.01887
719,0.654237,29.1824,119,"2026-03-14_MFXAB",1.98749863359469,NA,NA,NA,NA,NA,NA,NA,NA,NA,NA,NA,NA,NA,NA,NA,NA,NA,NA,NA,NA,NA,3.01887
720,0.655085,29.1824,118,"2026-03-14_MFXAB",1.98749863359469,NA,NA,NA,NA,NA,NA,NA,NA,NA,NA,NA,NA,NA,NA,NA,NA,NA,NA,NA,NA,NA,3.01887
721,0.655932,29.1824,118,"2026-03-14_MFXAB",1.98749863359469,NA,NA,NA,NA,NA,NA,NA,NA,NA,NA,NA,NA,NA,NA,NA,NA,NA,NA,NA,NA,NA,3.01887
722,0.65678,29.1824,118,"2026-03-14_MFXAB",1.98749863359469,NA,NA,NA,NA,NA,NA,NA,NA,NA,NA,NA,NA,NA,NA,NA,NA,NA,NA,NA,NA,NA,3.01887
723,0.657627,29.1824,118,"2026-03-14_MFXAB",1.98749863359469,NA,NA,NA,NA,NA,NA,NA,NA,NA,NA,NA,NA,NA,NA,NA,NA,NA,NA,NA,NA,NA,3.01887
724,0.658475,29.1824,118,"2026-03-14_MFXAB",1.98749863359469,NA,NA,NA,NA,NA,NA,NA,NA,NA,NA,NA,NA,NA,NA,NA,NA,NA,NA,NA,NA,NA,3.01887
725,0.659322,29.1824,119,"2026-03-14_MFXAB",1.98749863359469,NA,NA,NA,NA,NA,NA,NA,NA,NA,NA,NA,NA,NA,NA,NA,NA,NA,NA,NA,NA,NA,3.01887
726,0.660169,29.1824,119,"2026-03-14_MFXAB",1.98749863359469,NA,NA,NA,NA,NA,NA,NA,NA,NA,NA,NA,NA,NA,NA,NA,NA,NA,NA,NA,NA,NA,3.01887
727,0.661017,29.1824,120,"2026-03-14_MFXAB",1.98749863359469,NA,NA,NA,NA,NA,NA,NA,NA,NA,NA,NA,NA,NA,NA,NA,NA,NA,NA,NA,NA,NA,3.01887
728,0.661864,29.1824,121,"2026-03-14_MFXAB",1.98749863359469,NA,NA,NA,NA,NA,NA,NA,NA,NA,NA,NA,NA,NA,NA,NA,NA,NA,NA,NA,NA,NA,3.01887
729,0.662712,29.1824,122,"2026-03-14_MFXAB",1.98749863359469,NA,NA,NA,NA,NA,NA,NA,NA,NA,NA,NA,NA,NA,NA,NA,NA,NA,NA,NA,NA,NA,3.01887
730,0.663559,29.1824,123,"2026-03-14_MFXAB",1.98749863359469,NA,NA,NA,NA,NA,NA,NA,NA,NA,NA,NA,NA,NA,NA,NA,NA,NA,NA,NA,NA,NA,3.01887
731,0.664407,29.1824,125,"2026-03-14_MFXAB",1.98749863359469,NA,NA,NA,NA,NA,NA,NA,NA,NA,NA,NA,NA,NA,NA,NA,NA,NA,NA,NA,NA,NA,3.01887
732,0.665254,29.1824,125,"2026-03-14_MFXAB",1.98749863359469,NA,NA,NA,NA,NA,NA,NA,NA,NA,NA,NA,NA,NA,NA,NA,NA,NA,NA,NA,NA,NA,3.01887
733,0.666102,29.1824,126,"2026-03-14_MFXAB",1.98749863359469,NA,NA,NA,NA,NA,NA,NA,NA,NA,NA,NA,NA,NA,NA,NA,NA,NA,NA,NA,NA,NA,3.01887
734,0.666949,29.1824,126,"2026-03-14_MFXAB",1.98749863359469,NA,NA,NA,NA,NA,NA,NA,NA,NA,NA,NA,NA,NA,NA,NA,NA,NA,NA,NA,NA,NA,3.01887
735,0.667797,29.1824,126,"2026-03-14_MFXAB",1.98749863359469,NA,NA,NA,NA,NA,NA,NA,NA,NA,NA,NA,NA,NA,NA,NA,NA,NA,NA,NA,NA,NA,3.01887
736,0.668644,29.1824,126,"2026-03-14_MFXAB",1.98749863359469,NA,NA,NA,NA,NA,NA,NA,NA,NA,NA,NA,NA,NA,NA,NA,NA,NA,NA,NA,NA,NA,3.01887
737,0.669492,29.1824,126,"2026-03-14_MFXAB",1.98749863359469,NA,NA,NA,NA,NA,NA,NA,NA,NA,NA,NA,NA,NA,NA,NA,NA,NA,NA,NA,NA,NA,3.01887
738,0.670339,29.1824,126,"2026-03-14_MFXAB",1.98749863359469,NA,NA,NA,NA,NA,NA,NA,NA,NA,NA,NA,NA,NA,NA,NA,NA,NA,NA,NA,NA,NA,3.01887
739,0.671186,29.1824,126,"2026-03-14_MFXAB",1.98749863359469,NA,NA,NA,NA,NA,NA,NA,NA,NA,NA,NA,NA,NA,NA,NA,NA,NA,NA,NA,NA,NA,3.01887
740,0.672034,29.1824,125,"2026-03-14_MFXAB",1.98749863359469,NA,NA,NA,NA,NA,NA,NA,NA,NA,NA,NA,NA,NA,NA,NA,NA,NA,NA,NA,NA,NA,3.01887
741,0.672881,29.1824,126,"2026-03-14_MFXAB",1.98749863359469,NA,NA,NA,NA,NA,NA,NA,NA,NA,NA,NA,NA,NA,NA,NA,NA,NA,NA,NA,NA,NA,3.01887
742,0.673729,29.1824,126,"2026-03-14_MFXAB",1.98749863359469,NA,NA,NA,NA,NA,NA,NA,NA,NA,NA,NA,NA,NA,NA,NA,NA,NA,NA,NA,NA,NA,3.01887
743,0.674576,29.1824,126,"2026-03-14_MFXAB",1.98749863359469,NA,NA,NA,NA,NA,NA,NA,NA,NA,NA,NA,NA,NA,NA,NA,NA,NA,NA,NA,NA,NA,3.01887
744,0.675424,29.1824,125,"2026-03-14_MFXAB",1.98749863359469,NA,NA,NA,NA,NA,NA,NA,NA,NA,NA,NA,NA,NA,NA,NA,NA,NA,NA,NA,NA,NA,3.01887
745,0.676271,29.1824,126,"2026-03-14_MFXAB",1.98749863359469,NA,NA,NA,NA,NA,NA,NA,NA,NA,NA,NA,NA,NA,NA,NA,NA,NA,NA,NA,NA,NA,3.01887
746,0.677119,29.1824,126,"2026-03-14_MFXAB",1.98749863359469,NA,NA,NA,NA,NA,NA,NA,NA,NA,NA,NA,NA,NA,NA,NA,NA,NA,NA,NA,NA,NA,3.01887
747,0.677966,29.1824,125,"2026-03-14_MFXAB",1.98749863359469,NA,NA,NA,NA,NA,NA,NA,NA,NA,NA,NA,NA,NA,NA,NA,NA,NA,NA,NA,NA,NA,3.01887
748,0.678814,29.1824,125,"2026-03-14_MFXAB",1.98749863359469,NA,NA,NA,NA,NA,NA,NA,NA,NA,NA,NA,NA,NA,NA,NA,NA,NA,NA,NA,NA,NA,3.01887
749,0.679661,29.1824,125,"2026-03-14_MFXAB",1.98749863359469,NA,NA,NA,NA,NA,NA,NA,NA,NA,NA,NA,NA,NA,NA,NA,NA,NA,NA,NA,NA,NA,3.01887
750,0.680508,29.1824,125,"2026-03-14_MFXAB",1.98749863359469,NA,NA,NA,NA,NA,NA,NA,NA,NA,NA,NA,NA,NA,NA,NA,NA,NA,NA,NA,NA,NA,3.01887
751,0.681356,29.1824,126,"2026-03-14_MFXAB",1.98749863359469,NA,NA,NA,NA,NA,NA,NA,NA,NA,NA,NA,NA,NA,NA,NA,NA,NA,NA,NA,NA,NA,3.01887
752,0.682203,29.1824,126,"2026-03-14_MFXAB",1.98749863359469,NA,NA,NA,NA,NA,NA,NA,NA,NA,NA,NA,NA,NA,NA,NA,NA,NA,NA,NA,NA,NA,3.01887
753,0.683051,29.1824,126,"2026-03-14_MFXAB",1.98749863359469,NA,NA,NA,NA,NA,NA,NA,NA,NA,NA,NA,NA,NA,NA,NA,NA,NA,NA,NA,NA,NA,3.01887
754,0.683898,29.1824,125,"2026-03-14_MFXAB",1.98749863359469,NA,NA,NA,NA,NA,NA,NA,NA,NA,NA,NA,NA,NA,NA,NA,NA,NA,NA,NA,NA,NA,3.01887
755,0.684746,29.1824,125,"2026-03-14_MFXAB",1.98749863359469,NA,NA,NA,NA,NA,NA,NA,NA,NA,NA,NA,NA,NA,NA,NA,NA,NA,NA,NA,NA,NA,3.01887
756,0.685593,29.1824,125,"2026-03-14_MFXAB",1.98749863359469,NA,NA,NA,NA,NA,NA,NA,NA,NA,NA,NA,NA,NA,NA,NA,NA,NA,NA,NA,NA,NA,3.01887
757,0.686441,29.1824,126,"2026-03-14_MFXAB",1.98749863359469,NA,NA,NA,NA,NA,NA,NA,NA,NA,NA,NA,NA,NA,NA,NA,NA,NA,NA,NA,NA,NA,3.01887
758,0.687288,29.1824,125,"2026-03-14_MFXAB",1.98749863359469,NA,NA,NA,NA,NA,NA,NA,NA,NA,NA,NA,NA,NA,NA,NA,NA,NA,NA,NA,NA,NA,3.01887
759,0.688136,29.1824,125,"2026-03-14_MFXAB",1.98749863359469,NA,NA,NA,NA,NA,NA,NA,NA,NA,NA,NA,NA,NA,NA,NA,NA,NA,NA,NA,NA,NA,3.01887
760,0.688983,29.1824,125,"2026-03-14_MFXAB",1.98749863359469,NA,NA,NA,NA,NA,NA,NA,NA,NA,NA,NA,NA,NA,NA,NA,NA,NA,NA,NA,NA,NA,3.01887
761,0.689831,29.1824,126,"2026-03-14_MFXAB",1.98749863359469,NA,NA,NA,NA,NA,NA,NA,NA,NA,NA,NA,NA,NA,NA,NA,NA,NA,NA,NA,NA,NA,3.01887
762,0.690678,29.1824,125,"2026-03-14_MFXAB",1.98749863359469,NA,NA,NA,NA,NA,NA,NA,NA,NA,NA,NA,NA,NA,NA,NA,NA,NA,NA,NA,NA,NA,3.01887
763,0.691525,29.1824,125,"2026-03-14_MFXAB",1.98749863359469,NA,NA,NA,NA,NA,NA,NA,NA,NA,NA,NA,NA,NA,NA,NA,NA,NA,NA,NA,NA,NA,3.01887
764,0.692373,29.1824,126,"2026-03-14_MFXAB",1.98749863359469,NA,NA,NA,NA,NA,NA,NA,NA,NA,NA,NA,NA,NA,NA,NA,NA,NA,NA,NA,NA,NA,3.01887
765,0.69322,29.1824,126,"2026-03-14_MFXAB",1.98749863359469,NA,NA,NA,NA,NA,NA,NA,NA,NA,NA,NA,NA,NA,NA,NA,NA,NA,NA,NA,NA,NA,3.01887
766,0.694068,29.1824,126,"2026-03-14_MFXAB",1.98749863359469,NA,NA,NA,NA,NA,NA,NA,NA,NA,NA,NA,NA,NA,NA,NA,NA,NA,NA,NA,NA,NA,3.01887
767,0.694915,29.1824,125,"2026-03-14_MFXAB",1.98749863359469,NA,NA,NA,NA,NA,NA,NA,NA,NA,NA,NA,NA,NA,NA,NA,NA,NA,NA,NA,NA,NA,3.01887
768,0.695763,29.1824,125,"2026-03-14_MFXAB",1.98749863359469,NA,NA,NA,NA,NA,NA,NA,NA,NA,NA,NA,NA,NA,NA,NA,NA,NA,NA,NA,NA,NA,3.01887
769,0.69661,29.1824,125,"2026-03-14_MFXAB",1.98749863359469,NA,NA,NA,NA,NA,NA,NA,NA,NA,NA,NA,NA,NA,NA,NA,NA,NA,NA,NA,NA,NA,3.01887
770,0.697458,29.1824,125,"2026-03-14_MFXAB",1.98749863359469,NA,NA,NA,NA,NA,NA,NA,NA,NA,NA,NA,NA,NA,NA,NA,NA,NA,NA,NA,NA,NA,3.01887
771,0.698305,29.1824,125,"2026-03-14_MFXAB",1.98749863359469,NA,NA,NA,NA,NA,NA,NA,NA,NA,NA,NA,NA,NA,NA,NA,NA,NA,NA,NA,NA,NA,3.01887
772,0.699153,29.1824,125,"2026-03-14_MFXAB",1.98749863359469,NA,NA,NA,NA,NA,NA,NA,NA,NA,NA,NA,NA,NA,NA,NA,NA,NA,NA,NA,NA,NA,3.01887
773,0.7,29.1824,124,"2026-03-14_MFXAB",1.98749863359469,NA,NA,NA,NA,NA,NA,NA,NA,NA,NA,NA,NA,NA,NA,NA,NA,NA,NA,NA,NA,NA,3.01887
774,0.7,32.0359,124,"2026-03-14_MFXAB",1.87289884161207,NA,NA,NA,NA,NA,NA,NA,NA,NA,NA,NA,NA,NA,NA,NA,NA,NA,NA,NA,NA,NA,3.20359
775,0.700909,32.0359,124,"2026-03-14_MFXAB",1.87289884161207,NA,NA,NA,NA,NA,NA,NA,NA,NA,NA,NA,NA,NA,NA,NA,NA,NA,NA,NA,NA,NA,3.20359
776,0.701818,32.0359,124,"2026-03-14_MFXAB",1.87289884161207,NA,NA,NA,NA,NA,NA,NA,NA,NA,NA,NA,NA,NA,NA,NA,NA,NA,NA,NA,NA,NA,3.20359
777,0.702727,32.0359,124,"2026-03-14_MFXAB",1.87289884161207,NA,NA,NA,NA,NA,NA,NA,NA,NA,NA,NA,NA,NA,NA,NA,NA,NA,NA,NA,NA,NA,3.20359
778,0.703636,32.0359,124,"2026-03-14_MFXAB",1.87289884161207,NA,NA,NA,NA,NA,NA,NA,NA,NA,NA,NA,NA,NA,NA,NA,NA,NA,NA,NA,NA,NA,3.20359
779,0.704545,32.0359,123,"2026-03-14_MFXAB",1.87289884161207,NA,NA,NA,NA,NA,NA,NA,NA,NA,NA,NA,NA,NA,NA,NA,NA,NA,NA,NA,NA,NA,3.20359
780,0.705455,32.0359,123,"2026-03-14_MFXAB",1.87289884161207,NA,NA,NA,NA,NA,NA,NA,NA,NA,NA,NA,NA,NA,NA,NA,NA,NA,NA,NA,NA,NA,3.20359
781,0.706364,32.0359,123,"2026-03-14_MFXAB",1.87289884161207,NA,NA,NA,NA,NA,NA,NA,NA,NA,NA,NA,NA,NA,NA,NA,NA,NA,NA,NA,NA,NA,3.20359
782,0.707273,32.0359,123,"2026-03-14_MFXAB",1.87289884161207,NA,NA,NA,NA,NA,NA,NA,NA,NA,NA,NA,NA,NA,NA,NA,NA,NA,NA,NA,NA,NA,3.20359
783,0.708182,32.0359,123,"2026-03-14_MFXAB",1.87289884161207,NA,NA,NA,NA,NA,NA,NA,NA,NA,NA,NA,NA,NA,NA,NA,NA,NA,NA,NA,NA,NA,3.20359
784,0.709091,32.0359,124,"2026-03-14_MFXAB",1.87289884161207,NA,NA,NA,NA,NA,NA,NA,NA,NA,NA,NA,NA,NA,NA,NA,NA,NA,NA,NA,NA,NA,3.20359
785,0.71,32.0359,126,"2026-03-14_MFXAB",1.87289884161207,NA,NA,NA,NA,NA,NA,NA,NA,NA,NA,NA,NA,NA,NA,NA,NA,NA,NA,NA,NA,NA,3.20359
786,0.710909,32.0359,131,"2026-03-14_MFXAB",1.87289884161207,NA,NA,NA,NA,NA,NA,NA,NA,NA,NA,NA,NA,NA,NA,NA,NA,NA,NA,NA,NA,NA,3.20359
787,0.711818,32.0359,133,"2026-03-14_MFXAB",1.87289884161207,NA,NA,NA,NA,NA,NA,NA,NA,NA,NA,NA,NA,NA,NA,NA,NA,NA,NA,NA,NA,NA,3.20359
788,0.712727,32.0359,135,"2026-03-14_MFXAB",1.87289884161207,NA,NA,NA,NA,NA,NA,NA,NA,NA,NA,NA,NA,NA,NA,NA,NA,NA,NA,NA,NA,NA,3.20359
789,0.713636,32.0359,135,"2026-03-14_MFXAB",1.87289884161207,NA,NA,NA,NA,NA,NA,NA,NA,NA,NA,NA,NA,NA,NA,NA,NA,NA,NA,NA,NA,NA,3.20359
790,0.714545,32.0359,135,"2026-03-14_MFXAB",1.87289884161207,NA,NA,NA,NA,NA,NA,NA,NA,NA,NA,NA,NA,NA,NA,NA,NA,NA,NA,NA,NA,NA,3.20359
791,0.715455,32.0359,133,"2026-03-14_MFXAB",1.87289884161207,NA,NA,NA,NA,NA,NA,NA,NA,NA,NA,NA,NA,NA,NA,NA,NA,NA,NA,NA,NA,NA,3.20359
792,0.716364,32.0359,133,"2026-03-14_MFXAB",1.87289884161207,NA,NA,NA,NA,NA,NA,NA,NA,NA,NA,NA,NA,NA,NA,NA,NA,NA,NA,NA,NA,NA,3.20359
793,0.717273,32.0359,132,"2026-03-14_MFXAB",1.87289884161207,NA,NA,NA,NA,NA,NA,NA,NA,NA,NA,NA,NA,NA,NA,NA,NA,NA,NA,NA,NA,NA,3.20359
794,0.718182,32.0359,132,"2026-03-14_MFXAB",1.87289884161207,NA,NA,NA,NA,NA,NA,NA,NA,NA,NA,NA,NA,NA,NA,NA,NA,NA,NA,NA,NA,NA,3.20359
795,0.719091,32.0359,132,"2026-03-14_MFXAB",1.87289884161207,NA,NA,NA,NA,NA,NA,NA,NA,NA,NA,NA,NA,NA,NA,NA,NA,NA,NA,NA,NA,NA,3.20359
796,0.72,32.0359,132,"2026-03-14_MFXAB",1.87289884161207,NA,NA,NA,NA,NA,NA,NA,NA,NA,NA,NA,NA,NA,NA,NA,NA,NA,NA,NA,NA,NA,3.20359
797,0.720909,32.0359,131,"2026-03-14_MFXAB",1.87289884161207,NA,NA,NA,NA,NA,NA,NA,NA,NA,NA,NA,NA,NA,NA,NA,NA,NA,NA,NA,NA,NA,3.20359
798,0.721818,32.0359,132,"2026-03-14_MFXAB",1.87289884161207,NA,NA,NA,NA,NA,NA,NA,NA,NA,NA,NA,NA,NA,NA,NA,NA,NA,NA,NA,NA,NA,3.20359
799,0.722727,32.0359,132,"2026-03-14_MFXAB",1.87289884161207,NA,NA,NA,NA,NA,NA,NA,NA,NA,NA,NA,NA,NA,NA,NA,NA,NA,NA,NA,NA,NA,3.20359
800,0.723636,32.0359,132,"2026-03-14_MFXAB",1.87289884161207,NA,NA,NA,NA,NA,NA,NA,NA,NA,NA,NA,NA,NA,NA,NA,NA,NA,NA,NA,NA,NA,3.20359
801,0.724545,32.0359,131,"2026-03-14_MFXAB",1.87289884161207,NA,NA,NA,NA,NA,NA,NA,NA,NA,NA,NA,NA,NA,NA,NA,NA,NA,NA,NA,NA,NA,3.20359
802,0.725455,32.0359,132,"2026-03-14_MFXAB",1.87289884161207,NA,NA,NA,NA,NA,NA,NA,NA,NA,NA,NA,NA,NA,NA,NA,NA,NA,NA,NA,NA,NA,3.20359
803,0.726364,32.0359,132,"2026-03-14_MFXAB",1.87289884161207,NA,NA,NA,NA,NA,NA,NA,NA,NA,NA,NA,NA,NA,NA,NA,NA,NA,NA,NA,NA,NA,3.20359
804,0.727273,32.0359,131,"2026-03-14_MFXAB",1.87289884161207,NA,NA,NA,NA,NA,NA,NA,NA,NA,NA,NA,NA,NA,NA,NA,NA,NA,NA,NA,NA,NA,3.20359
805,0.728182,32.0359,132,"2026-03-14_MFXAB",1.87289884161207,NA,NA,NA,NA,NA,NA,NA,NA,NA,NA,NA,NA,NA,NA,NA,NA,NA,NA,NA,NA,NA,3.20359
806,0.729091,32.0359,132,"2026-03-14_MFXAB",1.87289884161207,NA,NA,NA,NA,NA,NA,NA,NA,NA,NA,NA,NA,NA,NA,NA,NA,NA,NA,NA,NA,NA,3.20359
807,0.73,32.0359,131,"2026-03-14_MFXAB",1.87289884161207,NA,NA,NA,NA,NA,NA,NA,NA,NA,NA,NA,NA,NA,NA,NA,NA,NA,NA,NA,NA,NA,3.20359
808,0.730909,32.0359,132,"2026-03-14_MFXAB",1.87289884161207,NA,NA,NA,NA,NA,NA,NA,NA,NA,NA,NA,NA,NA,NA,NA,NA,NA,NA,NA,NA,NA,3.20359
809,0.731818,32.0359,132,"2026-03-14_MFXAB",1.87289884161207,NA,NA,NA,NA,NA,NA,NA,NA,NA,NA,NA,NA,NA,NA,NA,NA,NA,NA,NA,NA,NA,3.20359
810,0.732727,32.0359,132,"2026-03-14_MFXAB",1.87289884161207,NA,NA,NA,NA,NA,NA,NA,NA,NA,NA,NA,NA,NA,NA,NA,NA,NA,NA,NA,NA,NA,3.20359
811,0.733636,32.0359,132,"2026-03-14_MFXAB",1.87289884161207,NA,NA,NA,NA,NA,NA,NA,NA,NA,NA,NA,NA,NA,NA,NA,NA,NA,NA,NA,NA,NA,3.20359
812,0.734545,32.0359,133,"2026-03-14_MFXAB",1.87289884161207,NA,NA,NA,NA,NA,NA,NA,NA,NA,NA,NA,NA,NA,NA,NA,NA,NA,NA,NA,NA,NA,3.20359
813,0.735455,32.0359,133,"2026-03-14_MFXAB",1.87289884161207,NA,NA,NA,NA,NA,NA,NA,NA,NA,NA,NA,NA,NA,NA,NA,NA,NA,NA,NA,NA,NA,3.20359
814,0.736364,32.0359,133,"2026-03-14_MFXAB",1.87289884161207,NA,NA,NA,NA,NA,NA,NA,NA,NA,NA,NA,NA,NA,NA,NA,NA,NA,NA,NA,NA,NA,3.20359
815,0.737273,32.0359,133,"2026-03-14_MFXAB",1.87289884161207,NA,NA,NA,NA,NA,NA,NA,NA,NA,NA,NA,NA,NA,NA,NA,NA,NA,NA,NA,NA,NA,3.20359
816,0.738182,32.0359,133,"2026-03-14_MFXAB",1.87289884161207,NA,NA,NA,NA,NA,NA,NA,NA,NA,NA,NA,NA,NA,NA,NA,NA,NA,NA,NA,NA,NA,3.20359
817,0.739091,32.0359,133,"2026-03-14_MFXAB",1.87289884161207,NA,NA,NA,NA,NA,NA,NA,NA,NA,NA,NA,NA,NA,NA,NA,NA,NA,NA,NA,NA,NA,3.20359
818,0.74,32.0359,133,"2026-03-14_MFXAB",1.87289884161207,NA,NA,NA,NA,NA,NA,NA,NA,NA,NA,NA,NA,NA,NA,NA,NA,NA,NA,NA,NA,NA,3.20359
819,0.740909,32.0359,133,"2026-03-14_MFXAB",1.87289884161207,NA,NA,NA,NA,NA,NA,NA,NA,NA,NA,NA,NA,NA,NA,NA,NA,NA,NA,NA,NA,NA,3.20359
820,0.741818,32.0359,133,"2026-03-14_MFXAB",1.87289884161207,NA,NA,NA,NA,NA,NA,NA,NA,NA,NA,NA,NA,NA,NA,NA,NA,NA,NA,NA,NA,NA,3.20359
821,0.742727,32.0359,133,"2026-03-14_MFXAB",1.87289884161207,NA,NA,NA,NA,NA,NA,NA,NA,NA,NA,NA,NA,NA,NA,NA,NA,NA,NA,NA,NA,NA,3.20359
822,0.743636,32.0359,133,"2026-03-14_MFXAB",1.87289884161207,NA,NA,NA,NA,NA,NA,NA,NA,NA,NA,NA,NA,NA,NA,NA,NA,NA,NA,NA,NA,NA,3.20359
823,0.744545,32.0359,134,"2026-03-14_MFXAB",1.87289884161207,NA,NA,NA,NA,NA,NA,NA,NA,NA,NA,NA,NA,NA,NA,NA,NA,NA,NA,NA,NA,NA,3.20359
824,0.745455,32.0359,133,"2026-03-14_MFXAB",1.87289884161207,NA,NA,NA,NA,NA,NA,NA,NA,NA,NA,NA,NA,NA,NA,NA,NA,NA,NA,NA,NA,NA,3.20359
825,0.746364,32.0359,133,"2026-03-14_MFXAB",1.87289884161207,NA,NA,NA,NA,NA,NA,NA,NA,NA,NA,NA,NA,NA,NA,NA,NA,NA,NA,NA,NA,NA,3.20359
826,0.747273,32.0359,134,"2026-03-14_MFXAB",1.87289884161207,NA,NA,NA,NA,NA,NA,NA,NA,NA,NA,NA,NA,NA,NA,NA,NA,NA,NA,NA,NA,NA,3.20359
827,0.748182,32.0359,133,"2026-03-14_MFXAB",1.87289884161207,NA,NA,NA,NA,NA,NA,NA,NA,NA,NA,NA,NA,NA,NA,NA,NA,NA,NA,NA,NA,NA,3.20359
828,0.749091,32.0359,133,"2026-03-14_MFXAB",1.87289884161207,NA,NA,NA,NA,NA,NA,NA,NA,NA,NA,NA,NA,NA,NA,NA,NA,NA,NA,NA,NA,NA,3.20359
829,0.75,32.0359,134,"2026-03-14_MFXAB",1.87289884161207,NA,NA,NA,NA,NA,NA,NA,NA,NA,NA,NA,NA,NA,NA,NA,NA,NA,NA,NA,NA,NA,3.20359
830,0.75,30.0254,134,"2026-03-14_MFXAB",1.93170147485408,NA,NA,NA,NA,NA,NA,NA,NA,NA,NA,NA,NA,NA,NA,NA,NA,NA,NA,NA,NA,NA,3.10607
831,0.750877,30.0254,134,"2026-03-14_MFXAB",1.93170147485408,NA,NA,NA,NA,NA,NA,NA,NA,NA,NA,NA,NA,NA,NA,NA,NA,NA,NA,NA,NA,NA,3.10607
832,0.751754,30.0254,134,"2026-03-14_MFXAB",1.93170147485408,NA,NA,NA,NA,NA,NA,NA,NA,NA,NA,NA,NA,NA,NA,NA,NA,NA,NA,NA,NA,NA,3.10607
833,0.752632,30.0254,133,"2026-03-14_MFXAB",1.93170147485408,NA,NA,NA,NA,NA,NA,NA,NA,NA,NA,NA,NA,NA,NA,NA,NA,NA,NA,NA,NA,NA,3.10607
834,0.753509,30.0254,133,"2026-03-14_MFXAB",1.93170147485408,NA,NA,NA,NA,NA,NA,NA,NA,NA,NA,NA,NA,NA,NA,NA,NA,NA,NA,NA,NA,NA,3.10607
835,0.754386,30.0254,133,"2026-03-14_MFXAB",1.93170147485408,NA,NA,NA,NA,NA,NA,NA,NA,NA,NA,NA,NA,NA,NA,NA,NA,NA,NA,NA,NA,NA,3.10607
836,0.755263,30.0254,132,"2026-03-14_MFXAB",1.93170147485408,NA,NA,NA,NA,NA,NA,NA,NA,NA,NA,NA,NA,NA,NA,NA,NA,NA,NA,NA,NA,NA,3.10607
837,0.75614,30.0254,131,"2026-03-14_MFXAB",1.93170147485408,NA,NA,NA,NA,NA,NA,NA,NA,NA,NA,NA,NA,NA,NA,NA,NA,NA,NA,NA,NA,NA,3.10607
838,0.757018,30.0254,130,"2026-03-14_MFXAB",1.93170147485408,NA,NA,NA,NA,NA,NA,NA,NA,NA,NA,NA,NA,NA,NA,NA,NA,NA,NA,NA,NA,NA,3.10607
839,0.757895,30.0254,129,"2026-03-14_MFXAB",1.93170147485408,NA,NA,NA,NA,NA,NA,NA,NA,NA,NA,NA,NA,NA,NA,NA,NA,NA,NA,NA,NA,NA,3.10607
840,0.758772,30.0254,128,"2026-03-14_MFXAB",1.93170147485408,NA,NA,NA,NA,NA,NA,NA,NA,NA,NA,NA,NA,NA,NA,NA,NA,NA,NA,NA,NA,NA,3.10607
841,0.759649,30.0254,128,"2026-03-14_MFXAB",1.93170147485408,NA,NA,NA,NA,NA,NA,NA,NA,NA,NA,NA,NA,NA,NA,NA,NA,NA,NA,NA,NA,NA,3.10607
842,0.760526,30.0254,128,"2026-03-14_MFXAB",1.93170147485408,NA,NA,NA,NA,NA,NA,NA,NA,NA,NA,NA,NA,NA,NA,NA,NA,NA,NA,NA,NA,NA,3.10607
843,0.761404,30.0254,128,"2026-03-14_MFXAB",1.93170147485408,NA,NA,NA,NA,NA,NA,NA,NA,NA,NA,NA,NA,NA,NA,NA,NA,NA,NA,NA,NA,NA,3.10607
844,0.762281,30.0254,128,"2026-03-14_MFXAB",1.93170147485408,NA,NA,NA,NA,NA,NA,NA,NA,NA,NA,NA,NA,NA,NA,NA,NA,NA,NA,NA,NA,NA,3.10607
845,0.763158,30.0254,129,"2026-03-14_MFXAB",1.93170147485408,NA,NA,NA,NA,NA,NA,NA,NA,NA,NA,NA,NA,NA,NA,NA,NA,NA,NA,NA,NA,NA,3.10607
846,0.764035,30.0254,129,"2026-03-14_MFXAB",1.93170147485408,NA,NA,NA,NA,NA,NA,NA,NA,NA,NA,NA,NA,NA,NA,NA,NA,NA,NA,NA,NA,NA,3.10607
847,0.764912,30.0254,129,"2026-03-14_MFXAB",1.93170147485408,NA,NA,NA,NA,NA,NA,NA,NA,NA,NA,NA,NA,NA,NA,NA,NA,NA,NA,NA,NA,NA,3.10607
848,0.765789,30.0254,129,"2026-03-14_MFXAB",1.93170147485408,NA,NA,NA,NA,NA,NA,NA,NA,NA,NA,NA,NA,NA,NA,NA,NA,NA,NA,NA,NA,NA,3.10607
849,0.766667,30.0254,129,"2026-03-14_MFXAB",1.93170147485408,NA,NA,NA,NA,NA,NA,NA,NA,NA,NA,NA,NA,NA,NA,NA,NA,NA,NA,NA,NA,NA,3.10607
850,0.767544,30.0254,129,"2026-03-14_MFXAB",1.93170147485408,NA,NA,NA,NA,NA,NA,NA,NA,NA,NA,NA,NA,NA,NA,NA,NA,NA,NA,NA,NA,NA,3.10607
851,0.768421,30.0254,129,"2026-03-14_MFXAB",1.93170147485408,NA,NA,NA,NA,NA,NA,NA,NA,NA,NA,NA,NA,NA,NA,NA,NA,NA,NA,NA,NA,NA,3.10607
852,0.769298,30.0254,129,"2026-03-14_MFXAB",1.93170147485408,NA,NA,NA,NA,NA,NA,NA,NA,NA,NA,NA,NA,NA,NA,NA,NA,NA,NA,NA,NA,NA,3.10607
853,0.770175,30.0254,129,"2026-03-14_MFXAB",1.93170147485408,NA,NA,NA,NA,NA,NA,NA,NA,NA,NA,NA,NA,NA,NA,NA,NA,NA,NA,NA,NA,NA,3.10607
854,0.771053,30.0254,129,"2026-03-14_MFXAB",1.93170147485408,NA,NA,NA,NA,NA,NA,NA,NA,NA,NA,NA,NA,NA,NA,NA,NA,NA,NA,NA,NA,NA,3.10607
855,0.77193,30.0254,129,"2026-03-14_MFXAB",1.93170147485408,NA,NA,NA,NA,NA,NA,NA,NA,NA,NA,NA,NA,NA,NA,NA,NA,NA,NA,NA,NA,NA,3.10607
856,0.772807,30.0254,130,"2026-03-14_MFXAB",1.93170147485408,NA,NA,NA,NA,NA,NA,NA,NA,NA,NA,NA,NA,NA,NA,NA,NA,NA,NA,NA,NA,NA,3.10607
857,0.773684,30.0254,129,"2026-03-14_MFXAB",1.93170147485408,NA,NA,NA,NA,NA,NA,NA,NA,NA,NA,NA,NA,NA,NA,NA,NA,NA,NA,NA,NA,NA,3.10607
858,0.774561,30.0254,129,"2026-03-14_MFXAB",1.93170147485408,NA,NA,NA,NA,NA,NA,NA,NA,NA,NA,NA,NA,NA,NA,NA,NA,NA,NA,NA,NA,NA,3.10607
859,0.775439,30.0254,129,"2026-03-14_MFXAB",1.93170147485408,NA,NA,NA,NA,NA,NA,NA,NA,NA,NA,NA,NA,NA,NA,NA,NA,NA,NA,NA,NA,NA,3.10607
860,0.776316,30.0254,130,"2026-03-14_MFXAB",1.93170147485408,NA,NA,NA,NA,NA,NA,NA,NA,NA,NA,NA,NA,NA,NA,NA,NA,NA,NA,NA,NA,NA,3.10607
861,0.777193,30.0254,131,"2026-03-14_MFXAB",1.93170147485408,NA,NA,NA,NA,NA,NA,NA,NA,NA,NA,NA,NA,NA,NA,NA,NA,NA,NA,NA,NA,NA,3.10607
862,0.77807,30.0254,132,"2026-03-14_MFXAB",1.93170147485408,NA,NA,NA,NA,NA,NA,NA,NA,NA,NA,NA,NA,NA,NA,NA,NA,NA,NA,NA,NA,NA,3.10607
863,0.778947,30.0254,133,"2026-03-14_MFXAB",1.93170147485408,NA,NA,NA,NA,NA,NA,NA,NA,NA,NA,NA,NA,NA,NA,NA,NA,NA,NA,NA,NA,NA,3.10607
864,0.779825,30.0254,134,"2026-03-14_MFXAB",1.93170147485408,NA,NA,NA,NA,NA,NA,NA,NA,NA,NA,NA,NA,NA,NA,NA,NA,NA,NA,NA,NA,NA,3.10607
865,0.780702,30.0254,134,"2026-03-14_MFXAB",1.93170147485408,NA,NA,NA,NA,NA,NA,NA,NA,NA,NA,NA,NA,NA,NA,NA,NA,NA,NA,NA,NA,NA,3.10607
866,0.781579,30.0254,134,"2026-03-14_MFXAB",1.93170147485408,NA,NA,NA,NA,NA,NA,NA,NA,NA,NA,NA,NA,NA,NA,NA,NA,NA,NA,NA,NA,NA,3.10607
867,0.782456,30.0254,134,"2026-03-14_MFXAB",1.93170147485408,NA,NA,NA,NA,NA,NA,NA,NA,NA,NA,NA,NA,NA,NA,NA,NA,NA,NA,NA,NA,NA,3.10607
868,0.783333,30.0254,134,"2026-03-14_MFXAB",1.93170147485408,NA,NA,NA,NA,NA,NA,NA,NA,NA,NA,NA,NA,NA,NA,NA,NA,NA,NA,NA,NA,NA,3.10607
869,0.784211,30.0254,134,"2026-03-14_MFXAB",1.93170147485408,NA,NA,NA,NA,NA,NA,NA,NA,NA,NA,NA,NA,NA,NA,NA,NA,NA,NA,NA,NA,NA,3.10607
870,0.785088,30.0254,134,"2026-03-14_MFXAB",1.93170147485408,NA,NA,NA,NA,NA,NA,NA,NA,NA,NA,NA,NA,NA,NA,NA,NA,NA,NA,NA,NA,NA,3.10607
871,0.785965,30.0254,134,"2026-03-14_MFXAB",1.93170147485408,NA,NA,NA,NA,NA,NA,NA,NA,NA,NA,NA,NA,NA,NA,NA,NA,NA,NA,NA,NA,NA,3.10607
872,0.786842,30.0254,133,"2026-03-14_MFXAB",1.93170147485408,NA,NA,NA,NA,NA,NA,NA,NA,NA,NA,NA,NA,NA,NA,NA,NA,NA,NA,NA,NA,NA,3.10607
873,0.787719,30.0254,134,"2026-03-14_MFXAB",1.93170147485408,NA,NA,NA,NA,NA,NA,NA,NA,NA,NA,NA,NA,NA,NA,NA,NA,NA,NA,NA,NA,NA,3.10607
874,0.788596,30.0254,134,"2026-03-14_MFXAB",1.93170147485408,NA,NA,NA,NA,NA,NA,NA,NA,NA,NA,NA,NA,NA,NA,NA,NA,NA,NA,NA,NA,NA,3.10607
875,0.789474,30.0254,134,"2026-03-14_MFXAB",1.93170147485408,NA,NA,NA,NA,NA,NA,NA,NA,NA,NA,NA,NA,NA,NA,NA,NA,NA,NA,NA,NA,NA,3.10607
876,0.790351,30.0254,134,"2026-03-14_MFXAB",1.93170147485408,NA,NA,NA,NA,NA,NA,NA,NA,NA,NA,NA,NA,NA,NA,NA,NA,NA,NA,NA,NA,NA,3.10607
877,0.791228,30.0254,134,"2026-03-14_MFXAB",1.93170147485408,NA,NA,NA,NA,NA,NA,NA,NA,NA,NA,NA,NA,NA,NA,NA,NA,NA,NA,NA,NA,NA,3.10607
878,0.792105,30.0254,134,"2026-03-14_MFXAB",1.93170147485408,NA,NA,NA,NA,NA,NA,NA,NA,NA,NA,NA,NA,NA,NA,NA,NA,NA,NA,NA,NA,NA,3.10607
879,0.792982,30.0254,134,"2026-03-14_MFXAB",1.93170147485408,NA,NA,NA,NA,NA,NA,NA,NA,NA,NA,NA,NA,NA,NA,NA,NA,NA,NA,NA,NA,NA,3.10607
880,0.79386,30.0254,133,"2026-03-14_MFXAB",1.93170147485408,NA,NA,NA,NA,NA,NA,NA,NA,NA,NA,NA,NA,NA,NA,NA,NA,NA,NA,NA,NA,NA,3.10607
881,0.794737,30.0254,134,"2026-03-14_MFXAB",1.93170147485408,NA,NA,NA,NA,NA,NA,NA,NA,NA,NA,NA,NA,NA,NA,NA,NA,NA,NA,NA,NA,NA,3.10607
882,0.795614,30.0254,134,"2026-03-14_MFXAB",1.93170147485408,NA,NA,NA,NA,NA,NA,NA,NA,NA,NA,NA,NA,NA,NA,NA,NA,NA,NA,NA,NA,NA,3.10607
883,0.796491,30.0254,134,"2026-03-14_MFXAB",1.93170147485408,NA,NA,NA,NA,NA,NA,NA,NA,NA,NA,NA,NA,NA,NA,NA,NA,NA,NA,NA,NA,NA,3.10607
884,0.797368,30.0254,133,"2026-03-14_MFXAB",1.93170147485408,NA,NA,NA,NA,NA,NA,NA,NA,NA,NA,NA,NA,NA,NA,NA,NA,NA,NA,NA,NA,NA,3.10607
885,0.798246,30.0254,134,"2026-03-14_MFXAB",1.93170147485408,NA,NA,NA,NA,NA,NA,NA,NA,NA,NA,NA,NA,NA,NA,NA,NA,NA,NA,NA,NA,NA,3.10607
886,0.799123,30.0254,133,"2026-03-14_MFXAB",1.93170147485408,NA,NA,NA,NA,NA,NA,NA,NA,NA,NA,NA,NA,NA,NA,NA,NA,NA,NA,NA,NA,NA,3.10607
887,0.8,30.0254,133,"2026-03-14_MFXAB",1.93170147485408,NA,NA,NA,NA,NA,NA,NA,NA,NA,NA,NA,NA,NA,NA,NA,NA,NA,NA,NA,NA,NA,3.10607
0,NA,NA,60,"2026-03-14_GYAPP",NA,NA,NA,NA,NA,NA,NA,NA,NA,NA,NA,NA,NA,NA,NA,NA,NA,NA,NA,NA,NA,NA,NA
1,NA,NA,60,"2026-03-14_GYAPP",NA,NA,NA,NA,NA,NA,NA,NA,NA,NA,NA,NA,NA,NA,NA,NA,NA,NA,NA,NA,NA,NA,NA
2,NA,NA,60.25,"2026-03-14_GYAPP",NA,NA,NA,NA,NA,NA,NA,NA,NA,NA,NA,NA,NA,NA,NA,NA,NA,NA,NA,NA,NA,NA,NA
3,NA,NA,60.5,"2026-03-14_GYAPP",NA,NA,NA,NA,NA,NA,NA,NA,NA,NA,NA,NA,NA,NA,NA,NA,NA,NA,NA,NA,NA,NA,NA
4,NA,NA,60.75,"2026-03-14_GYAPP",NA,NA,NA,NA,NA,NA,NA,NA,NA,NA,NA,NA,NA,NA,NA,NA,NA,NA,NA,NA,NA,NA,NA
5,NA,NA,61,"2026-03-14_GYAPP",NA,NA,NA,NA,NA,NA,NA,NA,NA,NA,NA,NA,NA,NA,NA,NA,NA,NA,NA,NA,NA,NA,NA
6,NA,NA,61.25,"2026-03-14_GYAPP",NA,NA,NA,NA,NA,NA,NA,NA,NA,NA,NA,NA,NA,NA,NA,NA,NA,NA,NA,NA,NA,NA,NA
7,NA,NA,61.5,"2026-03-14_GYAPP",NA,NA,NA,NA,NA,NA,NA,NA,NA,NA,NA,NA,NA,NA,NA,NA,NA,NA,NA,NA,NA,NA,NA
8,NA,NA,61.75,"2026-03-14_GYAPP",NA,NA,NA,NA,NA,NA,NA,NA,NA,NA,NA,NA,NA,NA,NA,NA,NA,NA,NA,NA,NA,NA,NA
9,NA,NA,62,"2026-03-14_GYAPP",NA,NA,NA,NA,NA,NA,NA,NA,NA,NA,NA,NA,NA,NA,NA,NA,NA,NA,NA,NA,NA,NA,NA
10,NA,NA,63,"2026-03-14_GYAPP",NA,NA,NA,NA,NA,NA,NA,NA,NA,NA,NA,NA,NA,NA,NA,NA,NA,NA,NA,NA,NA,NA,NA
11,NA,NA,65,"2026-03-14_GYAPP",NA,NA,NA,NA,NA,NA,NA,NA,NA,NA,NA,NA,NA,NA,NA,NA,NA,NA,NA,NA,NA,NA,NA
12,NA,NA,66,"2026-03-14_GYAPP",NA,NA,NA,NA,NA,NA,NA,NA,NA,NA,NA,NA,NA,NA,NA,NA,NA,NA,NA,NA,NA,NA,NA
13,NA,NA,68,"2026-03-14_GYAPP",NA,NA,NA,NA,NA,NA,NA,NA,NA,NA,NA,NA,NA,NA,NA,NA,NA,NA,NA,NA,NA,NA,NA
14,NA,NA,71,"2026-03-14_GYAPP",NA,NA,NA,NA,NA,NA,NA,NA,NA,NA,NA,NA,NA,NA,NA,NA,NA,NA,NA,NA,NA,NA,NA
15,NA,NA,72,"2026-03-14_GYAPP",NA,NA,NA,NA,NA,NA,NA,NA,NA,NA,NA,NA,NA,NA,NA,NA,NA,NA,NA,NA,NA,NA,NA
16,NA,NA,73,"2026-03-14_GYAPP",NA,NA,NA,NA,NA,NA,NA,NA,NA,NA,NA,NA,NA,NA,NA,NA,NA,NA,NA,NA,NA,NA,NA
17,NA,NA,74,"2026-03-14_GYAPP",NA,NA,NA,NA,NA,NA,NA,NA,NA,NA,NA,NA,NA,NA,NA,NA,NA,NA,NA,NA,NA,NA,NA
18,NA,NA,75,"2026-03-14_GYAPP",NA,NA,NA,NA,NA,NA,NA,NA,NA,NA,NA,NA,NA,NA,NA,NA,NA,NA,NA,NA,NA,NA,NA
19,NA,NA,75.5,"2026-03-14_GYAPP",NA,NA,NA,NA,NA,NA,NA,NA,NA,NA,NA,NA,NA,NA,NA,NA,NA,NA,NA,NA,NA,NA,NA
20,NA,NA,76,"2026-03-14_GYAPP",NA,NA,NA,NA,NA,NA,NA,NA,NA,NA,NA,NA,NA,NA,NA,NA,NA,NA,NA,NA,NA,NA,NA
21,NA,NA,76.5,"2026-03-14_GYAPP",NA,NA,NA,NA,NA,NA,NA,NA,NA,NA,NA,NA,NA,NA,NA,NA,NA,NA,NA,NA,NA,NA,NA
22,NA,NA,77,"2026-03-14_GYAPP",NA,NA,NA,NA,NA,NA,NA,NA,NA,NA,NA,NA,NA,NA,NA,NA,NA,NA,NA,NA,NA,NA,NA
23,NA,NA,76,"2026-03-14_GYAPP",NA,NA,NA,NA,NA,NA,NA,NA,NA,NA,NA,NA,NA,NA,NA,NA,NA,NA,NA,NA,NA,NA,NA
24,NA,NA,76.25,"2026-03-14_GYAPP",NA,NA,NA,NA,NA,NA,NA,NA,NA,NA,NA,NA,NA,NA,NA,NA,NA,NA,NA,NA,NA,NA,NA
25,NA,NA,76.5,"2026-03-14_GYAPP",NA,NA,NA,NA,NA,NA,NA,NA,NA,NA,NA,NA,NA,NA,NA,NA,NA,NA,NA,NA,NA,NA,NA
26,NA,NA,76.75,"2026-03-14_GYAPP",NA,NA,NA,NA,NA,NA,NA,NA,NA,NA,NA,NA,NA,NA,NA,NA,NA,NA,NA,NA,NA,NA,NA
27,NA,NA,77,"2026-03-14_GYAPP",NA,NA,NA,NA,NA,NA,NA,NA,NA,NA,NA,NA,NA,NA,NA,NA,NA,NA,NA,NA,NA,NA,NA
28,NA,NA,77.5,"2026-03-14_GYAPP",NA,NA,NA,NA,NA,NA,NA,NA,NA,NA,NA,NA,NA,NA,NA,NA,NA,NA,NA,NA,NA,NA,NA
29,NA,NA,78,"2026-03-14_GYAPP",NA,NA,NA,NA,NA,NA,NA,NA,NA,NA,NA,NA,NA,NA,NA,NA,NA,NA,NA,NA,NA,NA,NA
30,NA,NA,79,"2026-03-14_GYAPP",NA,NA,NA,NA,NA,NA,NA,NA,NA,NA,NA,NA,NA,NA,NA,NA,NA,NA,NA,NA,NA,NA,NA
31,NA,NA,81,"2026-03-14_GYAPP",NA,NA,NA,NA,NA,NA,NA,NA,NA,NA,NA,NA,NA,NA,NA,NA,NA,NA,NA,NA,NA,NA,NA
32,NA,NA,83,"2026-03-14_GYAPP",NA,NA,NA,NA,NA,NA,NA,NA,NA,NA,NA,NA,NA,NA,NA,NA,NA,NA,NA,NA,NA,NA,NA
33,NA,NA,84,"2026-03-14_GYAPP",NA,NA,NA,NA,NA,NA,NA,NA,NA,NA,NA,NA,NA,NA,NA,NA,NA,NA,NA,NA,NA,NA,NA
34,NA,NA,85,"2026-03-14_GYAPP",NA,NA,NA,NA,NA,NA,NA,NA,NA,NA,NA,NA,NA,NA,NA,NA,NA,NA,NA,NA,NA,NA,NA
35,NA,NA,86,"2026-03-14_GYAPP",NA,NA,NA,NA,NA,NA,NA,NA,NA,NA,NA,NA,NA,NA,NA,NA,NA,NA,NA,NA,NA,NA,NA
36,NA,NA,87,"2026-03-14_GYAPP",NA,NA,NA,NA,NA,NA,NA,NA,NA,NA,NA,NA,NA,NA,NA,NA,NA,NA,NA,NA,NA,NA,NA
37,NA,NA,88,"2026-03-14_GYAPP",NA,NA,NA,NA,NA,NA,NA,NA,NA,NA,NA,NA,NA,NA,NA,NA,NA,NA,NA,NA,NA,NA,NA
38,NA,NA,89,"2026-03-14_GYAPP",NA,NA,NA,NA,NA,NA,NA,NA,NA,NA,NA,NA,NA,NA,NA,NA,NA,NA,NA,NA,NA,NA,NA
39,NA,NA,89.5,"2026-03-14_GYAPP",NA,NA,NA,NA,NA,NA,NA,NA,NA,NA,NA,NA,NA,NA,NA,NA,NA,NA,NA,NA,NA,NA,NA
40,NA,NA,90,"2026-03-14_GYAPP",NA,NA,NA,NA,NA,NA,NA,NA,NA,NA,NA,NA,NA,NA,NA,NA,NA,NA,NA,NA,NA,NA,NA
41,NA,NA,91,"2026-03-14_GYAPP",NA,NA,NA,NA,NA,NA,NA,NA,NA,NA,NA,NA,NA,NA,NA,NA,NA,NA,NA,NA,NA,NA,NA
42,NA,NA,92,"2026-03-14_GYAPP",NA,NA,NA,NA,NA,NA,NA,NA,NA,NA,NA,NA,NA,NA,NA,NA,NA,NA,NA,NA,NA,NA,NA
43,NA,NA,93,"2026-03-14_GYAPP",NA,NA,NA,NA,NA,NA,NA,NA,NA,NA,NA,NA,NA,NA,NA,NA,NA,NA,NA,NA,NA,NA,NA
44,NA,NA,93.5,"2026-03-14_GYAPP",NA,NA,NA,NA,NA,NA,NA,NA,NA,NA,NA,NA,NA,NA,NA,NA,NA,NA,NA,NA,NA,NA,NA
45,NA,NA,94,"2026-03-14_GYAPP",NA,NA,NA,NA,NA,NA,NA,NA,NA,NA,NA,NA,NA,NA,NA,NA,NA,NA,NA,NA,NA,NA,NA
46,NA,NA,95,"2026-03-14_GYAPP",NA,NA,NA,NA,NA,NA,NA,NA,NA,NA,NA,NA,NA,NA,NA,NA,NA,NA,NA,NA,NA,NA,NA
47,NA,NA,96,"2026-03-14_GYAPP",NA,NA,NA,NA,NA,NA,NA,NA,NA,NA,NA,NA,NA,NA,NA,NA,NA,NA,NA,NA,NA,NA,NA
48,NA,NA,97,"2026-03-14_GYAPP",NA,NA,NA,NA,NA,NA,NA,NA,NA,NA,NA,NA,NA,NA,NA,NA,NA,NA,NA,NA,NA,NA,NA
49,NA,NA,98,"2026-03-14_GYAPP",NA,NA,NA,NA,NA,NA,NA,NA,NA,NA,NA,NA,NA,NA,NA,NA,NA,NA,NA,NA,NA,NA,NA
50,NA,NA,99,"2026-03-14_GYAPP",NA,NA,NA,NA,NA,NA,NA,NA,NA,NA,NA,NA,NA,NA,NA,NA,NA,NA,NA,NA,NA,NA,NA
51,NA,NA,100,"2026-03-14_GYAPP",NA,NA,NA,NA,NA,NA,NA,NA,NA,NA,NA,NA,NA,NA,NA,NA,NA,NA,NA,NA,NA,NA,NA
52,NA,NA,101,"2026-03-14_GYAPP",NA,NA,NA,NA,NA,NA,NA,NA,NA,NA,NA,NA,NA,NA,NA,NA,NA,NA,NA,NA,NA,NA,NA
53,NA,NA,101.5,"2026-03-14_GYAPP",NA,NA,NA,NA,NA,NA,NA,NA,NA,NA,NA,NA,NA,NA,NA,NA,NA,NA,NA,NA,NA,NA,NA
54,NA,NA,102,"2026-03-14_GYAPP",NA,NA,NA,NA,NA,NA,NA,NA,NA,NA,NA,NA,NA,NA,NA,NA,NA,NA,NA,NA,NA,NA,NA
55,NA,NA,103,"2026-03-14_GYAPP",NA,NA,NA,NA,NA,NA,NA,NA,NA,NA,NA,NA,NA,NA,NA,NA,NA,NA,NA,NA,NA,NA,NA
56,NA,NA,103.5,"2026-03-14_GYAPP",NA,NA,NA,NA,NA,NA,NA,NA,NA,NA,NA,NA,NA,NA,NA,NA,NA,NA,NA,NA,NA,NA,NA
57,NA,NA,104,"2026-03-14_GYAPP",NA,NA,NA,NA,NA,NA,NA,NA,NA,NA,NA,NA,NA,NA,NA,NA,NA,NA,NA,NA,NA,NA,NA
58,NA,NA,105,"2026-03-14_GYAPP",NA,NA,NA,NA,NA,NA,NA,NA,NA,NA,NA,NA,NA,NA,NA,NA,NA,NA,NA,NA,NA,NA,NA
59,NA,NA,106,"2026-03-14_GYAPP",NA,NA,NA,NA,NA,NA,NA,NA,NA,NA,NA,NA,NA,NA,NA,NA,NA,NA,NA,NA,NA,NA,NA
60,NA,NA,106.5,"2026-03-14_GYAPP",NA,NA,NA,NA,NA,NA,NA,NA,NA,NA,NA,NA,NA,NA,NA,NA,NA,NA,NA,NA,NA,NA,NA
61,NA,NA,107,"2026-03-14_GYAPP",NA,NA,NA,NA,NA,NA,NA,NA,NA,NA,NA,NA,NA,NA,NA,NA,NA,NA,NA,NA,NA,NA,NA
62,NA,NA,108,"2026-03-14_GYAPP",NA,NA,NA,NA,NA,NA,NA,NA,NA,NA,NA,NA,NA,NA,NA,NA,NA,NA,NA,NA,NA,NA,NA
63,NA,NA,109,"2026-03-14_GYAPP",NA,NA,NA,NA,NA,NA,NA,NA,NA,NA,NA,NA,NA,NA,NA,NA,NA,NA,NA,NA,NA,NA,NA
64,NA,NA,110,"2026-03-14_GYAPP",NA,NA,NA,NA,NA,NA,NA,NA,NA,NA,NA,NA,NA,NA,NA,NA,NA,NA,NA,NA,NA,NA,NA
65,NA,NA,111,"2026-03-14_GYAPP",NA,NA,NA,NA,NA,NA,NA,NA,NA,NA,NA,NA,NA,NA,NA,NA,NA,NA,NA,NA,NA,NA,NA
66,NA,NA,111.5,"2026-03-14_GYAPP",NA,NA,NA,NA,NA,NA,NA,NA,NA,NA,NA,NA,NA,NA,NA,NA,NA,NA,NA,NA,NA,NA,NA
67,NA,NA,112,"2026-03-14_GYAPP",NA,NA,NA,NA,NA,NA,NA,NA,NA,NA,NA,NA,NA,NA,NA,NA,NA,NA,NA,NA,NA,NA,NA
68,NA,NA,113,"2026-03-14_GYAPP",NA,NA,NA,NA,NA,NA,NA,NA,NA,NA,NA,NA,NA,NA,NA,NA,NA,NA,NA,NA,NA,NA,NA
69,NA,NA,114,"2026-03-14_GYAPP",NA,NA,NA,NA,NA,NA,NA,NA,NA,NA,NA,NA,NA,NA,NA,NA,NA,NA,NA,NA,NA,NA,NA
70,NA,NA,115,"2026-03-14_GYAPP",NA,NA,NA,NA,NA,NA,NA,NA,NA,NA,NA,NA,NA,NA,NA,NA,NA,NA,NA,NA,NA,NA,NA
71,NA,NA,116,"2026-03-14_GYAPP",NA,NA,NA,NA,NA,NA,NA,NA,NA,NA,NA,NA,NA,NA,NA,NA,NA,NA,NA,NA,NA,NA,NA
72,NA,NA,117,"2026-03-14_GYAPP",NA,NA,NA,NA,NA,NA,NA,NA,NA,NA,NA,NA,NA,NA,NA,NA,NA,NA,NA,NA,NA,NA,NA
73,NA,NA,119,"2026-03-14_GYAPP",NA,NA,NA,NA,NA,NA,NA,NA,NA,NA,NA,NA,NA,NA,NA,NA,NA,NA,NA,NA,NA,NA,NA
74,NA,NA,121,"2026-03-14_GYAPP",NA,NA,NA,NA,NA,NA,NA,NA,NA,NA,NA,NA,NA,NA,NA,NA,NA,NA,NA,NA,NA,NA,NA
75,NA,NA,124,"2026-03-14_GYAPP",NA,NA,NA,NA,NA,NA,NA,NA,NA,NA,NA,NA,NA,NA,NA,NA,NA,NA,NA,NA,NA,NA,NA
76,NA,NA,127,"2026-03-14_GYAPP",NA,NA,NA,NA,NA,NA,NA,NA,NA,NA,NA,NA,NA,NA,NA,NA,NA,NA,NA,NA,NA,NA,NA
77,NA,NA,134,"2026-03-14_GYAPP",NA,NA,NA,NA,NA,NA,NA,NA,NA,NA,NA,NA,NA,NA,NA,NA,NA,NA,NA,NA,NA,NA,NA
78,NA,NA,152,"2026-03-14_GYAPP",NA,NA,NA,NA,NA,NA,NA,NA,NA,NA,NA,NA,NA,NA,NA,NA,NA,NA,NA,NA,NA,NA,NA
79,NA,NA,163,"2026-03-14_GYAPP",NA,NA,NA,NA,NA,NA,NA,NA,NA,NA,NA,NA,NA,NA,NA,NA,NA,NA,NA,NA,NA,NA,NA
80,NA,NA,166,"2026-03-14_GYAPP",NA,NA,NA,NA,NA,NA,NA,NA,NA,NA,NA,NA,NA,NA,NA,NA,NA,NA,NA,NA,NA,NA,NA
81,NA,NA,166,"2026-03-14_GYAPP",NA,NA,NA,NA,NA,NA,NA,NA,NA,NA,NA,NA,NA,NA,NA,NA,NA,NA,NA,NA,NA,NA,NA
82,NA,NA,166.5,"2026-03-14_GYAPP",NA,NA,NA,NA,NA,NA,NA,NA,NA,NA,NA,NA,NA,NA,NA,NA,NA,NA,NA,NA,NA,NA,NA
83,NA,NA,167,"2026-03-14_GYAPP",NA,NA,NA,NA,NA,NA,NA,NA,NA,NA,NA,NA,NA,NA,NA,NA,NA,NA,NA,NA,NA,NA,NA
84,NA,NA,167.2,"2026-03-14_GYAPP",NA,NA,NA,NA,NA,NA,NA,NA,NA,NA,NA,NA,NA,NA,NA,NA,NA,NA,NA,NA,NA,NA,NA
85,NA,NA,167.4,"2026-03-14_GYAPP",NA,NA,NA,NA,NA,NA,NA,NA,NA,NA,NA,NA,NA,NA,NA,NA,NA,NA,NA,NA,NA,NA,NA
86,NA,NA,167.6,"2026-03-14_GYAPP",NA,NA,NA,NA,NA,NA,NA,NA,NA,NA,NA,NA,NA,NA,NA,NA,NA,NA,NA,NA,NA,NA,NA
87,NA,NA,167.8,"2026-03-14_GYAPP",NA,NA,NA,NA,NA,NA,NA,NA,NA,NA,NA,NA,NA,NA,NA,NA,NA,NA,NA,NA,NA,NA,NA
88,NA,NA,168,"2026-03-14_GYAPP",NA,NA,NA,NA,NA,NA,NA,NA,NA,NA,NA,NA,NA,NA,NA,NA,NA,NA,NA,NA,NA,NA,NA
89,NA,NA,167.75,"2026-03-14_GYAPP",NA,NA,NA,NA,NA,NA,NA,NA,NA,NA,NA,NA,NA,NA,NA,NA,NA,NA,NA,NA,NA,NA,NA
90,NA,NA,167.5,"2026-03-14_GYAPP",NA,NA,NA,NA,NA,NA,NA,NA,NA,NA,NA,NA,NA,NA,NA,NA,NA,NA,NA,NA,NA,NA,NA
91,NA,NA,167.25,"2026-03-14_GYAPP",NA,NA,NA,NA,NA,NA,NA,NA,NA,NA,NA,NA,NA,NA,NA,NA,NA,NA,NA,NA,NA,NA,NA
92,NA,NA,167,"2026-03-14_GYAPP",NA,NA,NA,NA,NA,NA,NA,NA,NA,NA,NA,NA,NA,NA,NA,NA,NA,NA,NA,NA,NA,NA,NA
93,NA,NA,168,"2026-03-14_GYAPP",NA,NA,NA,NA,NA,NA,NA,NA,NA,NA,NA,NA,NA,NA,NA,NA,NA,NA,NA,NA,NA,NA,NA
94,NA,NA,167,"2026-03-14_GYAPP",NA,NA,NA,NA,NA,NA,NA,NA,NA,NA,NA,NA,NA,NA,NA,NA,NA,NA,NA,NA,NA,NA,NA
95,NA,NA,167.333,"2026-03-14_GYAPP",NA,NA,NA,NA,NA,NA,NA,NA,NA,NA,NA,NA,NA,NA,NA,NA,NA,NA,NA,NA,NA,NA,NA
96,NA,NA,167.667,"2026-03-14_GYAPP",NA,NA,NA,NA,NA,NA,NA,NA,NA,NA,NA,NA,NA,NA,NA,NA,NA,NA,NA,NA,NA,NA,NA
97,NA,NA,168,"2026-03-14_GYAPP",NA,NA,NA,NA,NA,NA,NA,NA,NA,NA,NA,NA,NA,NA,NA,NA,NA,NA,NA,NA,NA,NA,NA
98,NA,NA,167,"2026-03-14_GYAPP",NA,NA,NA,NA,NA,NA,NA,NA,NA,NA,NA,NA,NA,NA,NA,NA,NA,NA,NA,NA,NA,NA,NA
99,NA,NA,167.333,"2026-03-14_GYAPP",NA,NA,NA,NA,NA,NA,NA,NA,NA,NA,NA,NA,NA,NA,NA,NA,NA,NA,NA,NA,NA,NA,NA
100,NA,NA,167.667,"2026-03-14_GYAPP",NA,NA,NA,NA,NA,NA,NA,NA,NA,NA,NA,NA,NA,NA,NA,NA,NA,NA,NA,NA,NA,NA,NA
101,NA,NA,168,"2026-03-14_GYAPP",NA,NA,NA,NA,NA,NA,NA,NA,NA,NA,NA,NA,NA,NA,NA,NA,NA,NA,NA,NA,NA,NA,NA
102,NA,NA,167,"2026-03-14_GYAPP",NA,NA,NA,NA,NA,NA,NA,NA,NA,NA,NA,NA,NA,NA,NA,NA,NA,NA,NA,NA,NA,NA,NA
103,NA,NA,167.333,"2026-03-14_GYAPP",NA,NA,NA,NA,NA,NA,NA,NA,NA,NA,NA,NA,NA,NA,NA,NA,NA,NA,NA,NA,NA,NA,NA
104,NA,NA,167.667,"2026-03-14_GYAPP",NA,NA,NA,NA,NA,NA,NA,NA,NA,NA,NA,NA,NA,NA,NA,NA,NA,NA,NA,NA,NA,NA,NA
105,NA,NA,168,"2026-03-14_GYAPP",NA,NA,NA,NA,NA,NA,NA,NA,NA,NA,NA,NA,NA,NA,NA,NA,NA,NA,NA,NA,NA,NA,NA
106,NA,NA,167,"2026-03-14_GYAPP",NA,NA,NA,NA,NA,NA,NA,NA,NA,NA,NA,NA,NA,NA,NA,NA,NA,NA,NA,NA,NA,NA,NA
107,NA,NA,167.5,"2026-03-14_GYAPP",NA,NA,NA,NA,NA,NA,NA,NA,NA,NA,NA,NA,NA,NA,NA,NA,NA,NA,NA,NA,NA,NA,NA
108,NA,NA,168,"2026-03-14_GYAPP",NA,NA,NA,NA,NA,NA,NA,NA,NA,NA,NA,NA,NA,NA,NA,NA,NA,NA,NA,NA,NA,NA,NA
109,NA,NA,167,"2026-03-14_GYAPP",NA,NA,NA,NA,NA,NA,NA,NA,NA,NA,NA,NA,NA,NA,NA,NA,NA,NA,NA,NA,NA,NA,NA
110,NA,NA,167.5,"2026-03-14_GYAPP",NA,NA,NA,NA,NA,NA,NA,NA,NA,NA,NA,NA,NA,NA,NA,NA,NA,NA,NA,NA,NA,NA,NA
111,NA,NA,168,"2026-03-14_GYAPP",NA,NA,NA,NA,NA,NA,NA,NA,NA,NA,NA,NA,NA,NA,NA,NA,NA,NA,NA,NA,NA,NA,NA
112,NA,NA,167,"2026-03-14_GYAPP",NA,NA,NA,NA,NA,NA,NA,NA,NA,NA,NA,NA,NA,NA,NA,NA,NA,NA,NA,NA,NA,NA,NA
113,NA,NA,166.917,"2026-03-14_GYAPP",NA,NA,NA,NA,NA,NA,NA,NA,NA,NA,NA,NA,NA,NA,NA,NA,NA,NA,NA,NA,NA,NA,NA
114,NA,NA,166.833,"2026-03-14_GYAPP",NA,NA,NA,NA,NA,NA,NA,NA,NA,NA,NA,NA,NA,NA,NA,NA,NA,NA,NA,NA,NA,NA,NA
115,NA,NA,166.75,"2026-03-14_GYAPP",NA,NA,NA,NA,NA,NA,NA,NA,NA,NA,NA,NA,NA,NA,NA,NA,NA,NA,NA,NA,NA,NA,NA
116,NA,NA,166.667,"2026-03-14_GYAPP",NA,NA,NA,NA,NA,NA,NA,NA,NA,NA,NA,NA,NA,NA,NA,NA,NA,NA,NA,NA,NA,NA,NA
117,NA,NA,166.583,"2026-03-14_GYAPP",NA,NA,NA,NA,NA,NA,NA,NA,NA,NA,NA,NA,NA,NA,NA,NA,NA,NA,NA,NA,NA,NA,NA
118,NA,NA,166.5,"2026-03-14_GYAPP",NA,NA,NA,NA,NA,NA,NA,NA,NA,NA,NA,NA,NA,NA,NA,NA,NA,NA,NA,NA,NA,NA,NA
119,NA,NA,166.417,"2026-03-14_GYAPP",NA,NA,NA,NA,NA,NA,NA,NA,NA,NA,NA,NA,NA,NA,NA,NA,NA,NA,NA,NA,NA,NA,NA
120,NA,NA,166.333,"2026-03-14_GYAPP",NA,NA,NA,NA,NA,NA,NA,NA,NA,NA,NA,NA,NA,NA,NA,NA,NA,NA,NA,NA,NA,NA,NA
121,NA,NA,166.25,"2026-03-14_GYAPP",NA,NA,NA,NA,NA,NA,NA,NA,NA,NA,NA,NA,NA,NA,NA,NA,NA,NA,NA,NA,NA,NA,NA
122,NA,NA,166.167,"2026-03-14_GYAPP",NA,NA,NA,NA,NA,NA,NA,NA,NA,NA,NA,NA,NA,NA,NA,NA,NA,NA,NA,NA,NA,NA,NA
123,NA,NA,166.083,"2026-03-14_GYAPP",NA,NA,NA,NA,NA,NA,NA,NA,NA,NA,NA,NA,NA,NA,NA,NA,NA,NA,NA,NA,NA,NA,NA
124,NA,NA,166,"2026-03-14_GYAPP",NA,NA,NA,NA,NA,NA,NA,NA,NA,NA,NA,NA,NA,NA,NA,NA,NA,NA,NA,NA,NA,NA,NA
125,NA,NA,167,"2026-03-14_GYAPP",NA,NA,NA,NA,NA,NA,NA,NA,NA,NA,NA,NA,NA,NA,NA,NA,NA,NA,NA,NA,NA,NA,NA
126,NA,NA,166.667,"2026-03-14_GYAPP",NA,NA,NA,NA,NA,NA,NA,NA,NA,NA,NA,NA,NA,NA,NA,NA,NA,NA,NA,NA,NA,NA,NA
127,NA,NA,166.333,"2026-03-14_GYAPP",NA,NA,NA,NA,NA,NA,NA,NA,NA,NA,NA,NA,NA,NA,NA,NA,NA,NA,NA,NA,NA,NA,NA
128,NA,NA,166,"2026-03-14_GYAPP",NA,NA,NA,NA,NA,NA,NA,NA,NA,NA,NA,NA,NA,NA,NA,NA,NA,NA,NA,NA,NA,NA,NA
129,NA,NA,167,"2026-03-14_GYAPP",NA,NA,NA,NA,NA,NA,NA,NA,NA,NA,NA,NA,NA,NA,NA,NA,NA,NA,NA,NA,NA,NA,NA
130,NA,NA,166.8,"2026-03-14_GYAPP",NA,NA,NA,NA,NA,NA,NA,NA,NA,NA,NA,NA,NA,NA,NA,NA,NA,NA,NA,NA,NA,NA,NA
131,NA,NA,166.6,"2026-03-14_GYAPP",NA,NA,NA,NA,NA,NA,NA,NA,NA,NA,NA,NA,NA,NA,NA,NA,NA,NA,NA,NA,NA,NA,NA
132,NA,NA,166.4,"2026-03-14_GYAPP",NA,NA,NA,NA,NA,NA,NA,NA,NA,NA,NA,NA,NA,NA,NA,NA,NA,NA,NA,NA,NA,NA,NA
133,NA,NA,166.2,"2026-03-14_GYAPP",NA,NA,NA,NA,NA,NA,NA,NA,NA,NA,NA,NA,NA,NA,NA,NA,NA,NA,NA,NA,NA,NA,NA
134,NA,NA,166,"2026-03-14_GYAPP",NA,NA,NA,NA,NA,NA,NA,NA,NA,NA,NA,NA,NA,NA,NA,NA,NA,NA,NA,NA,NA,NA,NA
135,NA,NA,167,"2026-03-14_GYAPP",NA,NA,NA,NA,NA,NA,NA,NA,NA,NA,NA,NA,NA,NA,NA,NA,NA,NA,NA,NA,NA,NA,NA
136,NA,NA,167.2,"2026-03-14_GYAPP",NA,NA,NA,NA,NA,NA,NA,NA,NA,NA,NA,NA,NA,NA,NA,NA,NA,NA,NA,NA,NA,NA,NA
137,NA,NA,167.4,"2026-03-14_GYAPP",NA,NA,NA,NA,NA,NA,NA,NA,NA,NA,NA,NA,NA,NA,NA,NA,NA,NA,NA,NA,NA,NA,NA
138,NA,NA,167.6,"2026-03-14_GYAPP",NA,NA,NA,NA,NA,NA,NA,NA,NA,NA,NA,NA,NA,NA,NA,NA,NA,NA,NA,NA,NA,NA,NA
139,NA,NA,167.8,"2026-03-14_GYAPP",NA,NA,NA,NA,NA,NA,NA,NA,NA,NA,NA,NA,NA,NA,NA,NA,NA,NA,NA,NA,NA,NA,NA
140,NA,NA,168,"2026-03-14_GYAPP",NA,NA,NA,NA,NA,NA,NA,NA,NA,NA,NA,NA,NA,NA,NA,NA,NA,NA,NA,NA,NA,NA,NA
141,NA,NA,167.8,"2026-03-14_GYAPP",NA,NA,NA,NA,NA,NA,NA,NA,NA,NA,NA,NA,NA,NA,NA,NA,NA,NA,NA,NA,NA,NA,NA
142,NA,NA,167.6,"2026-03-14_GYAPP",NA,NA,NA,NA,NA,NA,NA,NA,NA,NA,NA,NA,NA,NA,NA,NA,NA,NA,NA,NA,NA,NA,NA
143,NA,NA,167.4,"2026-03-14_GYAPP",NA,NA,NA,NA,NA,NA,NA,NA,NA,NA,NA,NA,NA,NA,NA,NA,NA,NA,NA,NA,NA,NA,NA
144,NA,NA,167.2,"2026-03-14_GYAPP",NA,NA,NA,NA,NA,NA,NA,NA,NA,NA,NA,NA,NA,NA,NA,NA,NA,NA,NA,NA,NA,NA,NA
145,NA,NA,167,"2026-03-14_GYAPP",NA,NA,NA,NA,NA,NA,NA,NA,NA,NA,NA,NA,NA,NA,NA,NA,NA,NA,NA,NA,NA,NA,NA
146,NA,NA,166.833,"2026-03-14_GYAPP",NA,NA,NA,NA,NA,NA,NA,NA,NA,NA,NA,NA,NA,NA,NA,NA,NA,NA,NA,NA,NA,NA,NA
147,NA,NA,166.667,"2026-03-14_GYAPP",NA,NA,NA,NA,NA,NA,NA,NA,NA,NA,NA,NA,NA,NA,NA,NA,NA,NA,NA,NA,NA,NA,NA
148,NA,NA,166.5,"2026-03-14_GYAPP",NA,NA,NA,NA,NA,NA,NA,NA,NA,NA,NA,NA,NA,NA,NA,NA,NA,NA,NA,NA,NA,NA,NA
149,NA,NA,166.333,"2026-03-14_GYAPP",NA,NA,NA,NA,NA,NA,NA,NA,NA,NA,NA,NA,NA,NA,NA,NA,NA,NA,NA,NA,NA,NA,NA
150,NA,NA,166.167,"2026-03-14_GYAPP",NA,NA,NA,NA,NA,NA,NA,NA,NA,NA,NA,NA,NA,NA,NA,NA,NA,NA,NA,NA,NA,NA,NA
151,NA,NA,166,"2026-03-14_GYAPP",NA,NA,NA,NA,NA,NA,NA,NA,NA,NA,NA,NA,NA,NA,NA,NA,NA,NA,NA,NA,NA,NA,NA
152,NA,NA,167,"2026-03-14_GYAPP",NA,NA,NA,NA,NA,NA,NA,NA,NA,NA,NA,NA,NA,NA,NA,NA,NA,NA,NA,NA,NA,NA,NA
153,NA,NA,166.667,"2026-03-14_GYAPP",NA,NA,NA,NA,NA,NA,NA,NA,NA,NA,NA,NA,NA,NA,NA,NA,NA,NA,NA,NA,NA,NA,NA
154,NA,NA,166.333,"2026-03-14_GYAPP",NA,NA,NA,NA,NA,NA,NA,NA,NA,NA,NA,NA,NA,NA,NA,NA,NA,NA,NA,NA,NA,NA,NA
155,NA,NA,166,"2026-03-14_GYAPP",NA,NA,NA,NA,NA,NA,NA,NA,NA,NA,NA,NA,NA,NA,NA,NA,NA,NA,NA,NA,NA,NA,NA
156,NA,NA,167,"2026-03-14_GYAPP",NA,NA,NA,NA,NA,NA,NA,NA,NA,NA,NA,NA,NA,NA,NA,NA,NA,NA,NA,NA,NA,NA,NA
157,NA,NA,166.5,"2026-03-14_GYAPP",NA,NA,NA,NA,NA,NA,NA,NA,NA,NA,NA,NA,NA,NA,NA,NA,NA,NA,NA,NA,NA,NA,NA
158,NA,NA,166,"2026-03-14_GYAPP",NA,NA,NA,NA,NA,NA,NA,NA,NA,NA,NA,NA,NA,NA,NA,NA,NA,NA,NA,NA,NA,NA,NA
159,NA,NA,167,"2026-03-14_GYAPP",NA,NA,NA,NA,NA,NA,NA,NA,NA,NA,NA,NA,NA,NA,NA,NA,NA,NA,NA,NA,NA,NA,NA
160,NA,NA,166.5,"2026-03-14_GYAPP",NA,NA,NA,NA,NA,NA,NA,NA,NA,NA,NA,NA,NA,NA,NA,NA,NA,NA,NA,NA,NA,NA,NA
161,NA,NA,166,"2026-03-14_GYAPP",NA,NA,NA,NA,NA,NA,NA,NA,NA,NA,NA,NA,NA,NA,NA,NA,NA,NA,NA,NA,NA,NA,NA
162,NA,NA,167,"2026-03-14_GYAPP",NA,NA,NA,NA,NA,NA,NA,NA,NA,NA,NA,NA,NA,NA,NA,NA,NA,NA,NA,NA,NA,NA,NA
163,NA,NA,167.25,"2026-03-14_GYAPP",NA,NA,NA,NA,NA,NA,NA,NA,NA,NA,NA,NA,NA,NA,NA,NA,NA,NA,NA,NA,NA,NA,NA
164,NA,NA,167.5,"2026-03-14_GYAPP",NA,NA,NA,NA,NA,NA,NA,NA,NA,NA,NA,NA,NA,NA,NA,NA,NA,NA,NA,NA,NA,NA,NA
165,NA,NA,167.75,"2026-03-14_GYAPP",NA,NA,NA,NA,NA,NA,NA,NA,NA,NA,NA,NA,NA,NA,NA,NA,NA,NA,NA,NA,NA,NA,NA
166,NA,NA,168,"2026-03-14_GYAPP",NA,NA,NA,NA,NA,NA,NA,NA,NA,NA,NA,NA,NA,NA,NA,NA,NA,NA,NA,NA,NA,NA,NA
167,NA,NA,167.938,"2026-03-14_GYAPP",NA,NA,NA,NA,NA,NA,NA,NA,NA,NA,NA,NA,NA,NA,NA,NA,NA,NA,NA,NA,NA,NA,NA
168,NA,NA,167.875,"2026-03-14_GYAPP",NA,NA,NA,NA,NA,NA,NA,NA,NA,NA,NA,NA,NA,NA,NA,NA,NA,NA,NA,NA,NA,NA,NA
169,NA,NA,167.813,"2026-03-14_GYAPP",NA,NA,NA,NA,NA,NA,NA,NA,NA,NA,NA,NA,NA,NA,NA,NA,NA,NA,NA,NA,NA,NA,NA
170,NA,NA,167.75,"2026-03-14_GYAPP",NA,NA,NA,NA,NA,NA,NA,NA,NA,NA,NA,NA,NA,NA,NA,NA,NA,NA,NA,NA,NA,NA,NA
171,NA,NA,167.688,"2026-03-14_GYAPP",NA,NA,NA,NA,NA,NA,NA,NA,NA,NA,NA,NA,NA,NA,NA,NA,NA,NA,NA,NA,NA,NA,NA
172,NA,NA,167.625,"2026-03-14_GYAPP",NA,NA,NA,NA,NA,NA,NA,NA,NA,NA,NA,NA,NA,NA,NA,NA,NA,NA,NA,NA,NA,NA,NA
173,NA,NA,167.563,"2026-03-14_GYAPP",NA,NA,NA,NA,NA,NA,NA,NA,NA,NA,NA,NA,NA,NA,NA,NA,NA,NA,NA,NA,NA,NA,NA
174,NA,NA,167.5,"2026-03-14_GYAPP",NA,NA,NA,NA,NA,NA,NA,NA,NA,NA,NA,NA,NA,NA,NA,NA,NA,NA,NA,NA,NA,NA,NA
175,NA,NA,167.438,"2026-03-14_GYAPP",NA,NA,NA,NA,NA,NA,NA,NA,NA,NA,NA,NA,NA,NA,NA,NA,NA,NA,NA,NA,NA,NA,NA
176,NA,NA,167.375,"2026-03-14_GYAPP",NA,NA,NA,NA,NA,NA,NA,NA,NA,NA,NA,NA,NA,NA,NA,NA,NA,NA,NA,NA,NA,NA,NA
177,NA,NA,167.313,"2026-03-14_GYAPP",NA,NA,NA,NA,NA,NA,NA,NA,NA,NA,NA,NA,NA,NA,NA,NA,NA,NA,NA,NA,NA,NA,NA
178,NA,NA,167.25,"2026-03-14_GYAPP",NA,NA,NA,NA,NA,NA,NA,NA,NA,NA,NA,NA,NA,NA,NA,NA,NA,NA,NA,NA,NA,NA,NA
179,NA,NA,167.188,"2026-03-14_GYAPP",NA,NA,NA,NA,NA,NA,NA,NA,NA,NA,NA,NA,NA,NA,NA,NA,NA,NA,NA,NA,NA,NA,NA
180,NA,NA,167.125,"2026-03-14_GYAPP",NA,NA,NA,NA,NA,NA,NA,NA,NA,NA,NA,NA,NA,NA,NA,NA,NA,NA,NA,NA,NA,NA,NA
181,NA,NA,167.063,"2026-03-14_GYAPP",NA,NA,NA,NA,NA,NA,NA,NA,NA,NA,NA,NA,NA,NA,NA,NA,NA,NA,NA,NA,NA,NA,NA
182,NA,NA,167,"2026-03-14_GYAPP",NA,NA,NA,NA,NA,NA,NA,NA,NA,NA,NA,NA,NA,NA,NA,NA,NA,NA,NA,NA,NA,NA,NA
183,NA,NA,166.8,"2026-03-14_GYAPP",NA,NA,NA,NA,NA,NA,NA,NA,NA,NA,NA,NA,NA,NA,NA,NA,NA,NA,NA,NA,NA,NA,NA
184,NA,NA,166.6,"2026-03-14_GYAPP",NA,NA,NA,NA,NA,NA,NA,NA,NA,NA,NA,NA,NA,NA,NA,NA,NA,NA,NA,NA,NA,NA,NA
185,NA,NA,166.4,"2026-03-14_GYAPP",NA,NA,NA,NA,NA,NA,NA,NA,NA,NA,NA,NA,NA,NA,NA,NA,NA,NA,NA,NA,NA,NA,NA
186,NA,NA,166.2,"2026-03-14_GYAPP",NA,NA,NA,NA,NA,NA,NA,NA,NA,NA,NA,NA,NA,NA,NA,NA,NA,NA,NA,NA,NA,NA,NA
187,NA,NA,166,"2026-03-14_GYAPP",NA,NA,NA,NA,NA,NA,NA,NA,NA,NA,NA,NA,NA,NA,NA,NA,NA,NA,NA,NA,NA,NA,NA
188,NA,NA,167,"2026-03-14_GYAPP",NA,NA,NA,NA,NA,NA,NA,NA,NA,NA,NA,NA,NA,NA,NA,NA,NA,NA,NA,NA,NA,NA,NA
189,NA,NA,166.5,"2026-03-14_GYAPP",NA,NA,NA,NA,NA,NA,NA,NA,NA,NA,NA,NA,NA,NA,NA,NA,NA,NA,NA,NA,NA,NA,NA
190,NA,NA,166,"2026-03-14_GYAPP",NA,NA,NA,NA,NA,NA,NA,NA,NA,NA,NA,NA,NA,NA,NA,NA,NA,NA,NA,NA,NA,NA,NA
191,NA,NA,167,"2026-03-14_GYAPP",NA,NA,NA,NA,NA,NA,NA,NA,NA,NA,NA,NA,NA,NA,NA,NA,NA,NA,NA,NA,NA,NA,NA
192,NA,NA,166.5,"2026-03-14_GYAPP",NA,NA,NA,NA,NA,NA,NA,NA,NA,NA,NA,NA,NA,NA,NA,NA,NA,NA,NA,NA,NA,NA,NA
193,NA,NA,166,"2026-03-14_GYAPP",NA,NA,NA,NA,NA,NA,NA,NA,NA,NA,NA,NA,NA,NA,NA,NA,NA,NA,NA,NA,NA,NA,NA
194,NA,NA,167,"2026-03-14_GYAPP",NA,NA,NA,NA,NA,NA,NA,NA,NA,NA,NA,NA,NA,NA,NA,NA,NA,NA,NA,NA,NA,NA,NA
195,NA,NA,166.5,"2026-03-14_GYAPP",NA,NA,NA,NA,NA,NA,NA,NA,NA,NA,NA,NA,NA,NA,NA,NA,NA,NA,NA,NA,NA,NA,NA
196,NA,NA,166,"2026-03-14_GYAPP",NA,NA,NA,NA,NA,NA,NA,NA,NA,NA,NA,NA,NA,NA,NA,NA,NA,NA,NA,NA,NA,NA,NA
197,NA,NA,167,"2026-03-14_GYAPP",NA,NA,NA,NA,NA,NA,NA,NA,NA,NA,NA,NA,NA,NA,NA,NA,NA,NA,NA,NA,NA,NA,NA
198,NA,NA,166.5,"2026-03-14_GYAPP",NA,NA,NA,NA,NA,NA,NA,NA,NA,NA,NA,NA,NA,NA,NA,NA,NA,NA,NA,NA,NA,NA,NA
199,NA,NA,166,"2026-03-14_GYAPP",NA,NA,NA,NA,NA,NA,NA,NA,NA,NA,NA,NA,NA,NA,NA,NA,NA,NA,NA,NA,NA,NA,NA
200,NA,NA,167,"2026-03-14_GYAPP",NA,NA,NA,NA,NA,NA,NA,NA,NA,NA,NA,NA,NA,NA,NA,NA,NA,NA,NA,NA,NA,NA,NA
201,NA,NA,167.167,"2026-03-14_GYAPP",NA,NA,NA,NA,NA,NA,NA,NA,NA,NA,NA,NA,NA,NA,NA,NA,NA,NA,NA,NA,NA,NA,NA
202,NA,NA,167.333,"2026-03-14_GYAPP",NA,NA,NA,NA,NA,NA,NA,NA,NA,NA,NA,NA,NA,NA,NA,NA,NA,NA,NA,NA,NA,NA,NA
203,NA,NA,167.5,"2026-03-14_GYAPP",NA,NA,NA,NA,NA,NA,NA,NA,NA,NA,NA,NA,NA,NA,NA,NA,NA,NA,NA,NA,NA,NA,NA
204,NA,NA,167.667,"2026-03-14_GYAPP",NA,NA,NA,NA,NA,NA,NA,NA,NA,NA,NA,NA,NA,NA,NA,NA,NA,NA,NA,NA,NA,NA,NA
205,NA,NA,167.833,"2026-03-14_GYAPP",NA,NA,NA,NA,NA,NA,NA,NA,NA,NA,NA,NA,NA,NA,NA,NA,NA,NA,NA,NA,NA,NA,NA
206,NA,NA,168,"2026-03-14_GYAPP",NA,NA,NA,NA,NA,NA,NA,NA,NA,NA,NA,NA,NA,NA,NA,NA,NA,NA,NA,NA,NA,NA,NA
207,NA,NA,168.067,"2026-03-14_GYAPP",NA,NA,NA,NA,NA,NA,NA,NA,NA,NA,NA,NA,NA,NA,NA,NA,NA,NA,NA,NA,NA,NA,NA
208,NA,NA,168.133,"2026-03-14_GYAPP",NA,NA,NA,NA,NA,NA,NA,NA,NA,NA,NA,NA,NA,NA,NA,NA,NA,NA,NA,NA,NA,NA,NA
209,NA,NA,168.2,"2026-03-14_GYAPP",NA,NA,NA,NA,NA,NA,NA,NA,NA,NA,NA,NA,NA,NA,NA,NA,NA,NA,NA,NA,NA,NA,NA
210,NA,NA,168.267,"2026-03-14_GYAPP",NA,NA,NA,NA,NA,NA,NA,NA,NA,NA,NA,NA,NA,NA,NA,NA,NA,NA,NA,NA,NA,NA,NA
211,NA,NA,168.333,"2026-03-14_GYAPP",NA,NA,NA,NA,NA,NA,NA,NA,NA,NA,NA,NA,NA,NA,NA,NA,NA,NA,NA,NA,NA,NA,NA
212,NA,NA,168.4,"2026-03-14_GYAPP",NA,NA,NA,NA,NA,NA,NA,NA,NA,NA,NA,NA,NA,NA,NA,NA,NA,NA,NA,NA,NA,NA,NA
213,NA,NA,168.467,"2026-03-14_GYAPP",NA,NA,NA,NA,NA,NA,NA,NA,NA,NA,NA,NA,NA,NA,NA,NA,NA,NA,NA,NA,NA,NA,NA
214,NA,NA,168.533,"2026-03-14_GYAPP",NA,NA,NA,NA,NA,NA,NA,NA,NA,NA,NA,NA,NA,NA,NA,NA,NA,NA,NA,NA,NA,NA,NA
215,NA,NA,168.6,"2026-03-14_GYAPP",NA,NA,NA,NA,NA,NA,NA,NA,NA,NA,NA,NA,NA,NA,NA,NA,NA,NA,NA,NA,NA,NA,NA
216,NA,NA,168.667,"2026-03-14_GYAPP",NA,NA,NA,NA,NA,NA,NA,NA,NA,NA,NA,NA,NA,NA,NA,NA,NA,NA,NA,NA,NA,NA,NA
217,NA,NA,168.733,"2026-03-14_GYAPP",NA,NA,NA,NA,NA,NA,NA,NA,NA,NA,NA,NA,NA,NA,NA,NA,NA,NA,NA,NA,NA,NA,NA
218,NA,NA,168.8,"2026-03-14_GYAPP",NA,NA,NA,NA,NA,NA,NA,NA,NA,NA,NA,NA,NA,NA,NA,NA,NA,NA,NA,NA,NA,NA,NA
219,NA,NA,168.867,"2026-03-14_GYAPP",NA,NA,NA,NA,NA,NA,NA,NA,NA,NA,NA,NA,NA,NA,NA,NA,NA,NA,NA,NA,NA,NA,NA
220,NA,NA,168.933,"2026-03-14_GYAPP",NA,NA,NA,NA,NA,NA,NA,NA,NA,NA,NA,NA,NA,NA,NA,NA,NA,NA,NA,NA,NA,NA,NA
221,NA,NA,169,"2026-03-14_GYAPP",NA,NA,NA,NA,NA,NA,NA,NA,NA,NA,NA,NA,NA,NA,NA,NA,NA,NA,NA,NA,NA,NA,NA
222,NA,NA,168,"2026-03-14_GYAPP",NA,NA,NA,NA,NA,NA,NA,NA,NA,NA,NA,NA,NA,NA,NA,NA,NA,NA,NA,NA,NA,NA,NA
223,NA,NA,168.25,"2026-03-14_GYAPP",NA,NA,NA,NA,NA,NA,NA,NA,NA,NA,NA,NA,NA,NA,NA,NA,NA,NA,NA,NA,NA,NA,NA
224,NA,NA,168.5,"2026-03-14_GYAPP",NA,NA,NA,NA,NA,NA,NA,NA,NA,NA,NA,NA,NA,NA,NA,NA,NA,NA,NA,NA,NA,NA,NA
225,NA,NA,168.75,"2026-03-14_GYAPP",NA,NA,NA,NA,NA,NA,NA,NA,NA,NA,NA,NA,NA,NA,NA,NA,NA,NA,NA,NA,NA,NA,NA
226,NA,NA,169,"2026-03-14_GYAPP",NA,NA,NA,NA,NA,NA,NA,NA,NA,NA,NA,NA,NA,NA,NA,NA,NA,NA,NA,NA,NA,NA,NA
227,NA,NA,168,"2026-03-14_GYAPP",NA,NA,NA,NA,NA,NA,NA,NA,NA,NA,NA,NA,NA,NA,NA,NA,NA,NA,NA,NA,NA,NA,NA
228,NA,NA,168.5,"2026-03-14_GYAPP",NA,NA,NA,NA,NA,NA,NA,NA,NA,NA,NA,NA,NA,NA,NA,NA,NA,NA,NA,NA,NA,NA,NA
229,NA,NA,169,"2026-03-14_GYAPP",NA,NA,NA,NA,NA,NA,NA,NA,NA,NA,NA,NA,NA,NA,NA,NA,NA,NA,NA,NA,NA,NA,NA
230,NA,NA,168.833,"2026-03-14_GYAPP",NA,NA,NA,NA,NA,NA,NA,NA,NA,NA,NA,NA,NA,NA,NA,NA,NA,NA,NA,NA,NA,NA,NA
231,NA,NA,168.667,"2026-03-14_GYAPP",NA,NA,NA,NA,NA,NA,NA,NA,NA,NA,NA,NA,NA,NA,NA,NA,NA,NA,NA,NA,NA,NA,NA
232,NA,NA,168.5,"2026-03-14_GYAPP",NA,NA,NA,NA,NA,NA,NA,NA,NA,NA,NA,NA,NA,NA,NA,NA,NA,NA,NA,NA,NA,NA,NA
233,NA,NA,168.333,"2026-03-14_GYAPP",NA,NA,NA,NA,NA,NA,NA,NA,NA,NA,NA,NA,NA,NA,NA,NA,NA,NA,NA,NA,NA,NA,NA
234,NA,NA,168.167,"2026-03-14_GYAPP",NA,NA,NA,NA,NA,NA,NA,NA,NA,NA,NA,NA,NA,NA,NA,NA,NA,NA,NA,NA,NA,NA,NA
235,NA,NA,168,"2026-03-14_GYAPP",NA,NA,NA,NA,NA,NA,NA,NA,NA,NA,NA,NA,NA,NA,NA,NA,NA,NA,NA,NA,NA,NA,NA
236,NA,NA,168.333,"2026-03-14_GYAPP",NA,NA,NA,NA,NA,NA,NA,NA,NA,NA,NA,NA,NA,NA,NA,NA,NA,NA,NA,NA,NA,NA,NA
237,NA,NA,168.667,"2026-03-14_GYAPP",NA,NA,NA,NA,NA,NA,NA,NA,NA,NA,NA,NA,NA,NA,NA,NA,NA,NA,NA,NA,NA,NA,NA
238,NA,NA,169,"2026-03-14_GYAPP",NA,NA,NA,NA,NA,NA,NA,NA,NA,NA,NA,NA,NA,NA,NA,NA,NA,NA,NA,NA,NA,NA,NA
239,NA,NA,168.909,"2026-03-14_GYAPP",NA,NA,NA,NA,NA,NA,NA,NA,NA,NA,NA,NA,NA,NA,NA,NA,NA,NA,NA,NA,NA,NA,NA
240,NA,NA,168.818,"2026-03-14_GYAPP",NA,NA,NA,NA,NA,NA,NA,NA,NA,NA,NA,NA,NA,NA,NA,NA,NA,NA,NA,NA,NA,NA,NA
241,NA,NA,168.727,"2026-03-14_GYAPP",NA,NA,NA,NA,NA,NA,NA,NA,NA,NA,NA,NA,NA,NA,NA,NA,NA,NA,NA,NA,NA,NA,NA
242,NA,NA,168.636,"2026-03-14_GYAPP",NA,NA,NA,NA,NA,NA,NA,NA,NA,NA,NA,NA,NA,NA,NA,NA,NA,NA,NA,NA,NA,NA,NA
243,NA,NA,168.545,"2026-03-14_GYAPP",NA,NA,NA,NA,NA,NA,NA,NA,NA,NA,NA,NA,NA,NA,NA,NA,NA,NA,NA,NA,NA,NA,NA
244,NA,NA,168.455,"2026-03-14_GYAPP",NA,NA,NA,NA,NA,NA,NA,NA,NA,NA,NA,NA,NA,NA,NA,NA,NA,NA,NA,NA,NA,NA,NA
245,NA,NA,168.364,"2026-03-14_GYAPP",NA,NA,NA,NA,NA,NA,NA,NA,NA,NA,NA,NA,NA,NA,NA,NA,NA,NA,NA,NA,NA,NA,NA
246,NA,NA,168.273,"2026-03-14_GYAPP",NA,NA,NA,NA,NA,NA,NA,NA,NA,NA,NA,NA,NA,NA,NA,NA,NA,NA,NA,NA,NA,NA,NA
247,NA,NA,168.182,"2026-03-14_GYAPP",NA,NA,NA,NA,NA,NA,NA,NA,NA,NA,NA,NA,NA,NA,NA,NA,NA,NA,NA,NA,NA,NA,NA
248,NA,NA,168.091,"2026-03-14_GYAPP",NA,NA,NA,NA,NA,NA,NA,NA,NA,NA,NA,NA,NA,NA,NA,NA,NA,NA,NA,NA,NA,NA,NA
249,NA,NA,168,"2026-03-14_GYAPP",NA,NA,NA,NA,NA,NA,NA,NA,NA,NA,NA,NA,NA,NA,NA,NA,NA,NA,NA,NA,NA,NA,NA
250,NA,NA,168.25,"2026-03-14_GYAPP",NA,NA,NA,NA,NA,NA,NA,NA,NA,NA,NA,NA,NA,NA,NA,NA,NA,NA,NA,NA,NA,NA,NA
251,NA,NA,168.5,"2026-03-14_GYAPP",NA,NA,NA,NA,NA,NA,NA,NA,NA,NA,NA,NA,NA,NA,NA,NA,NA,NA,NA,NA,NA,NA,NA
252,NA,NA,168.75,"2026-03-14_GYAPP",NA,NA,NA,NA,NA,NA,NA,NA,NA,NA,NA,NA,NA,NA,NA,NA,NA,NA,NA,NA,NA,NA,NA
253,NA,NA,169,"2026-03-14_GYAPP",NA,NA,NA,NA,NA,NA,NA,NA,NA,NA,NA,NA,NA,NA,NA,NA,NA,NA,NA,NA,NA,NA,NA
254,NA,NA,169.077,"2026-03-14_GYAPP",NA,NA,NA,NA,NA,NA,NA,NA,NA,NA,NA,NA,NA,NA,NA,NA,NA,NA,NA,NA,NA,NA,NA
255,NA,NA,169.154,"2026-03-14_GYAPP",NA,NA,NA,NA,NA,NA,NA,NA,NA,NA,NA,NA,NA,NA,NA,NA,NA,NA,NA,NA,NA,NA,NA
256,NA,NA,169.231,"2026-03-14_GYAPP",NA,NA,NA,NA,NA,NA,NA,NA,NA,NA,NA,NA,NA,NA,NA,NA,NA,NA,NA,NA,NA,NA,NA
257,NA,NA,169.308,"2026-03-14_GYAPP",NA,NA,NA,NA,NA,NA,NA,NA,NA,NA,NA,NA,NA,NA,NA,NA,NA,NA,NA,NA,NA,NA,NA
258,NA,NA,169.385,"2026-03-14_GYAPP",NA,NA,NA,NA,NA,NA,NA,NA,NA,NA,NA,NA,NA,NA,NA,NA,NA,NA,NA,NA,NA,NA,NA
259,NA,NA,169.462,"2026-03-14_GYAPP",NA,NA,NA,NA,NA,NA,NA,NA,NA,NA,NA,NA,NA,NA,NA,NA,NA,NA,NA,NA,NA,NA,NA
260,NA,NA,169.538,"2026-03-14_GYAPP",NA,NA,NA,NA,NA,NA,NA,NA,NA,NA,NA,NA,NA,NA,NA,NA,NA,NA,NA,NA,NA,NA,NA
261,NA,NA,169.615,"2026-03-14_GYAPP",NA,NA,NA,NA,NA,NA,NA,NA,NA,NA,NA,NA,NA,NA,NA,NA,NA,NA,NA,NA,NA,NA,NA
262,NA,NA,169.692,"2026-03-14_GYAPP",NA,NA,NA,NA,NA,NA,NA,NA,NA,NA,NA,NA,NA,NA,NA,NA,NA,NA,NA,NA,NA,NA,NA
263,NA,NA,169.769,"2026-03-14_GYAPP",NA,NA,NA,NA,NA,NA,NA,NA,NA,NA,NA,NA,NA,NA,NA,NA,NA,NA,NA,NA,NA,NA,NA
264,NA,NA,169.846,"2026-03-14_GYAPP",NA,NA,NA,NA,NA,NA,NA,NA,NA,NA,NA,NA,NA,NA,NA,NA,NA,NA,NA,NA,NA,NA,NA
265,NA,NA,169.923,"2026-03-14_GYAPP",NA,NA,NA,NA,NA,NA,NA,NA,NA,NA,NA,NA,NA,NA,NA,NA,NA,NA,NA,NA,NA,NA,NA
266,NA,NA,170,"2026-03-14_GYAPP",NA,NA,NA,NA,NA,NA,NA,NA,NA,NA,NA,NA,NA,NA,NA,NA,NA,NA,NA,NA,NA,NA,NA
267,NA,NA,169,"2026-03-14_GYAPP",NA,NA,NA,NA,NA,NA,NA,NA,NA,NA,NA,NA,NA,NA,NA,NA,NA,NA,NA,NA,NA,NA,NA
268,NA,NA,169.5,"2026-03-14_GYAPP",NA,NA,NA,NA,NA,NA,NA,NA,NA,NA,NA,NA,NA,NA,NA,NA,NA,NA,NA,NA,NA,NA,NA
269,NA,NA,170,"2026-03-14_GYAPP",NA,NA,NA,NA,NA,NA,NA,NA,NA,NA,NA,NA,NA,NA,NA,NA,NA,NA,NA,NA,NA,NA,NA
270,NA,NA,169,"2026-03-14_GYAPP",NA,NA,NA,NA,NA,NA,NA,NA,NA,NA,NA,NA,NA,NA,NA,NA,NA,NA,NA,NA,NA,NA,NA
271,NA,NA,169.5,"2026-03-14_GYAPP",NA,NA,NA,NA,NA,NA,NA,NA,NA,NA,NA,NA,NA,NA,NA,NA,NA,NA,NA,NA,NA,NA,NA
272,NA,NA,170,"2026-03-14_GYAPP",NA,NA,NA,NA,NA,NA,NA,NA,NA,NA,NA,NA,NA,NA,NA,NA,NA,NA,NA,NA,NA,NA,NA
273,NA,NA,169.75,"2026-03-14_GYAPP",NA,NA,NA,NA,NA,NA,NA,NA,NA,NA,NA,NA,NA,NA,NA,NA,NA,NA,NA,NA,NA,NA,NA
274,NA,NA,169.5,"2026-03-14_GYAPP",NA,NA,NA,NA,NA,NA,NA,NA,NA,NA,NA,NA,NA,NA,NA,NA,NA,NA,NA,NA,NA,NA,NA
275,NA,NA,169.25,"2026-03-14_GYAPP",NA,NA,NA,NA,NA,NA,NA,NA,NA,NA,NA,NA,NA,NA,NA,NA,NA,NA,NA,NA,NA,NA,NA
276,NA,NA,169,"2026-03-14_GYAPP",NA,NA,NA,NA,NA,NA,NA,NA,NA,NA,NA,NA,NA,NA,NA,NA,NA,NA,NA,NA,NA,NA,NA
277,NA,NA,170,"2026-03-14_GYAPP",NA,NA,NA,NA,NA,NA,NA,NA,NA,NA,NA,NA,NA,NA,NA,NA,NA,NA,NA,NA,NA,NA,NA
278,NA,NA,169.5,"2026-03-14_GYAPP",NA,NA,NA,NA,NA,NA,NA,NA,NA,NA,NA,NA,NA,NA,NA,NA,NA,NA,NA,NA,NA,NA,NA
279,NA,NA,169,"2026-03-14_GYAPP",NA,NA,NA,NA,NA,NA,NA,NA,NA,NA,NA,NA,NA,NA,NA,NA,NA,NA,NA,NA,NA,NA,NA
280,NA,NA,170,"2026-03-14_GYAPP",NA,NA,NA,NA,NA,NA,NA,NA,NA,NA,NA,NA,NA,NA,NA,NA,NA,NA,NA,NA,NA,NA,NA
281,NA,NA,169,"2026-03-14_GYAPP",NA,NA,NA,NA,NA,NA,NA,NA,NA,NA,NA,NA,NA,NA,NA,NA,NA,NA,NA,NA,NA,NA,NA
282,NA,NA,169.5,"2026-03-14_GYAPP",NA,NA,NA,NA,NA,NA,NA,NA,NA,NA,NA,NA,NA,NA,NA,NA,NA,NA,NA,NA,NA,NA,NA
283,NA,NA,170,"2026-03-14_GYAPP",NA,NA,NA,NA,NA,NA,NA,NA,NA,NA,NA,NA,NA,NA,NA,NA,NA,NA,NA,NA,NA,NA,NA
284,NA,NA,169.667,"2026-03-14_GYAPP",NA,NA,NA,NA,NA,NA,NA,NA,NA,NA,NA,NA,NA,NA,NA,NA,NA,NA,NA,NA,NA,NA,NA
285,NA,NA,169.333,"2026-03-14_GYAPP",NA,NA,NA,NA,NA,NA,NA,NA,NA,NA,NA,NA,NA,NA,NA,NA,NA,NA,NA,NA,NA,NA,NA
286,NA,NA,169,"2026-03-14_GYAPP",NA,NA,NA,NA,NA,NA,NA,NA,NA,NA,NA,NA,NA,NA,NA,NA,NA,NA,NA,NA,NA,NA,NA
287,NA,NA,170,"2026-03-14_GYAPP",NA,NA,NA,NA,NA,NA,NA,NA,NA,NA,NA,NA,NA,NA,NA,NA,NA,NA,NA,NA,NA,NA,NA
288,NA,NA,169.5,"2026-03-14_GYAPP",NA,NA,NA,NA,NA,NA,NA,NA,NA,NA,NA,NA,NA,NA,NA,NA,NA,NA,NA,NA,NA,NA,NA
289,NA,NA,169,"2026-03-14_GYAPP",NA,NA,NA,NA,NA,NA,NA,NA,NA,NA,NA,NA,NA,NA,NA,NA,NA,NA,NA,NA,NA,NA,NA
290,NA,NA,170,"2026-03-14_GYAPP",NA,NA,NA,NA,NA,NA,NA,NA,NA,NA,NA,NA,NA,NA,NA,NA,NA,NA,NA,NA,NA,NA,NA
291,NA,NA,169.5,"2026-03-14_GYAPP",NA,NA,NA,NA,NA,NA,NA,NA,NA,NA,NA,NA,NA,NA,NA,NA,NA,NA,NA,NA,NA,NA,NA
292,NA,NA,169,"2026-03-14_GYAPP",NA,NA,NA,NA,NA,NA,NA,NA,NA,NA,NA,NA,NA,NA,NA,NA,NA,NA,NA,NA,NA,NA,NA
293,NA,NA,170,"2026-03-14_GYAPP",NA,NA,NA,NA,NA,NA,NA,NA,NA,NA,NA,NA,NA,NA,NA,NA,NA,NA,NA,NA,NA,NA,NA
294,NA,NA,169.5,"2026-03-14_GYAPP",NA,NA,NA,NA,NA,NA,NA,NA,NA,NA,NA,NA,NA,NA,NA,NA,NA,NA,NA,NA,NA,NA,NA
295,NA,NA,169,"2026-03-14_GYAPP",NA,NA,NA,NA,NA,NA,NA,NA,NA,NA,NA,NA,NA,NA,NA,NA,NA,NA,NA,NA,NA,NA,NA
296,NA,NA,170,"2026-03-14_GYAPP",NA,NA,NA,NA,NA,NA,NA,NA,NA,NA,NA,NA,NA,NA,NA,NA,NA,NA,NA,NA,NA,NA,NA
297,NA,NA,169.5,"2026-03-14_GYAPP",NA,NA,NA,NA,NA,NA,NA,NA,NA,NA,NA,NA,NA,NA,NA,NA,NA,NA,NA,NA,NA,NA,NA
298,NA,NA,169,"2026-03-14_GYAPP",NA,NA,NA,NA,NA,NA,NA,NA,NA,NA,NA,NA,NA,NA,NA,NA,NA,NA,NA,NA,NA,NA,NA
299,NA,NA,170,"2026-03-14_GYAPP",NA,NA,NA,NA,NA,NA,NA,NA,NA,NA,NA,NA,NA,NA,NA,NA,NA,NA,NA,NA,NA,NA,NA
300,NA,NA,169.5,"2026-03-14_GYAPP",NA,NA,NA,NA,NA,NA,NA,NA,NA,NA,NA,NA,NA,NA,NA,NA,NA,NA,NA,NA,NA,NA,NA
301,NA,NA,169,"2026-03-14_GYAPP",NA,NA,NA,NA,NA,NA,NA,NA,NA,NA,NA,NA,NA,NA,NA,NA,NA,NA,NA,NA,NA,NA,NA
302,NA,NA,170,"2026-03-14_GYAPP",NA,NA,NA,NA,NA,NA,NA,NA,NA,NA,NA,NA,NA,NA,NA,NA,NA,NA,NA,NA,NA,NA,NA
303,NA,NA,169.5,"2026-03-14_GYAPP",NA,NA,NA,NA,NA,NA,NA,NA,NA,NA,NA,NA,NA,NA,NA,NA,NA,NA,NA,NA,NA,NA,NA
304,NA,NA,169,"2026-03-14_GYAPP",NA,NA,NA,NA,NA,NA,NA,NA,NA,NA,NA,NA,NA,NA,NA,NA,NA,NA,NA,NA,NA,NA,NA
305,NA,NA,170,"2026-03-14_GYAPP",NA,NA,NA,NA,NA,NA,NA,NA,NA,NA,NA,NA,NA,NA,NA,NA,NA,NA,NA,NA,NA,NA,NA
306,NA,NA,169.5,"2026-03-14_GYAPP",NA,NA,NA,NA,NA,NA,NA,NA,NA,NA,NA,NA,NA,NA,NA,NA,NA,NA,NA,NA,NA,NA,NA
307,NA,NA,169,"2026-03-14_GYAPP",NA,NA,NA,NA,NA,NA,NA,NA,NA,NA,NA,NA,NA,NA,NA,NA,NA,NA,NA,NA,NA,NA,NA
308,NA,NA,170,"2026-03-14_GYAPP",NA,NA,NA,NA,NA,NA,NA,NA,NA,NA,NA,NA,NA,NA,NA,NA,NA,NA,NA,NA,NA,NA,NA
309,NA,NA,169.5,"2026-03-14_GYAPP",NA,NA,NA,NA,NA,NA,NA,NA,NA,NA,NA,NA,NA,NA,NA,NA,NA,NA,NA,NA,NA,NA,NA
310,NA,NA,169,"2026-03-14_GYAPP",NA,NA,NA,NA,NA,NA,NA,NA,NA,NA,NA,NA,NA,NA,NA,NA,NA,NA,NA,NA,NA,NA,NA
311,NA,NA,169.167,"2026-03-14_GYAPP",NA,NA,NA,NA,NA,NA,NA,NA,NA,NA,NA,NA,NA,NA,NA,NA,NA,NA,NA,NA,NA,NA,NA
312,NA,NA,169.333,"2026-03-14_GYAPP",NA,NA,NA,NA,NA,NA,NA,NA,NA,NA,NA,NA,NA,NA,NA,NA,NA,NA,NA,NA,NA,NA,NA
313,NA,NA,169.5,"2026-03-14_GYAPP",NA,NA,NA,NA,NA,NA,NA,NA,NA,NA,NA,NA,NA,NA,NA,NA,NA,NA,NA,NA,NA,NA,NA
314,NA,NA,169.667,"2026-03-14_GYAPP",NA,NA,NA,NA,NA,NA,NA,NA,NA,NA,NA,NA,NA,NA,NA,NA,NA,NA,NA,NA,NA,NA,NA
315,NA,NA,169.833,"2026-03-14_GYAPP",NA,NA,NA,NA,NA,NA,NA,NA,NA,NA,NA,NA,NA,NA,NA,NA,NA,NA,NA,NA,NA,NA,NA
316,NA,NA,170,"2026-03-14_GYAPP",NA,NA,NA,NA,NA,NA,NA,NA,NA,NA,NA,NA,NA,NA,NA,NA,NA,NA,NA,NA,NA,NA,NA
317,NA,NA,169,"2026-03-14_GYAPP",NA,NA,NA,NA,NA,NA,NA,NA,NA,NA,NA,NA,NA,NA,NA,NA,NA,NA,NA,NA,NA,NA,NA
318,NA,NA,168.667,"2026-03-14_GYAPP",NA,NA,NA,NA,NA,NA,NA,NA,NA,NA,NA,NA,NA,NA,NA,NA,NA,NA,NA,NA,NA,NA,NA
319,NA,NA,168.333,"2026-03-14_GYAPP",NA,NA,NA,NA,NA,NA,NA,NA,NA,NA,NA,NA,NA,NA,NA,NA,NA,NA,NA,NA,NA,NA,NA
320,NA,NA,168,"2026-03-14_GYAPP",NA,NA,NA,NA,NA,NA,NA,NA,NA,NA,NA,NA,NA,NA,NA,NA,NA,NA,NA,NA,NA,NA,NA
321,NA,NA,167.75,"2026-03-14_GYAPP",NA,NA,NA,NA,NA,NA,NA,NA,NA,NA,NA,NA,NA,NA,NA,NA,NA,NA,NA,NA,NA,NA,NA
322,NA,NA,167.5,"2026-03-14_GYAPP",NA,NA,NA,NA,NA,NA,NA,NA,NA,NA,NA,NA,NA,NA,NA,NA,NA,NA,NA,NA,NA,NA,NA
323,NA,NA,167.25,"2026-03-14_GYAPP",NA,NA,NA,NA,NA,NA,NA,NA,NA,NA,NA,NA,NA,NA,NA,NA,NA,NA,NA,NA,NA,NA,NA
324,NA,NA,167,"2026-03-14_GYAPP",NA,NA,NA,NA,NA,NA,NA,NA,NA,NA,NA,NA,NA,NA,NA,NA,NA,NA,NA,NA,NA,NA,NA
325,NA,NA,166.5,"2026-03-14_GYAPP",NA,NA,NA,NA,NA,NA,NA,NA,NA,NA,NA,NA,NA,NA,NA,NA,NA,NA,NA,NA,NA,NA,NA
326,NA,NA,166,"2026-03-14_GYAPP",NA,NA,NA,NA,NA,NA,NA,NA,NA,NA,NA,NA,NA,NA,NA,NA,NA,NA,NA,NA,NA,NA,NA
327,NA,NA,165,"2026-03-14_GYAPP",NA,NA,NA,NA,NA,NA,NA,NA,NA,NA,NA,NA,NA,NA,NA,NA,NA,NA,NA,NA,NA,NA,NA
328,NA,NA,164.5,"2026-03-14_GYAPP",NA,NA,NA,NA,NA,NA,NA,NA,NA,NA,NA,NA,NA,NA,NA,NA,NA,NA,NA,NA,NA,NA,NA
329,NA,NA,164,"2026-03-14_GYAPP",NA,NA,NA,NA,NA,NA,NA,NA,NA,NA,NA,NA,NA,NA,NA,NA,NA,NA,NA,NA,NA,NA,NA
330,NA,NA,163.75,"2026-03-14_GYAPP",NA,NA,NA,NA,NA,NA,NA,NA,NA,NA,NA,NA,NA,NA,NA,NA,NA,NA,NA,NA,NA,NA,NA
331,NA,NA,163.5,"2026-03-14_GYAPP",NA,NA,NA,NA,NA,NA,NA,NA,NA,NA,NA,NA,NA,NA,NA,NA,NA,NA,NA,NA,NA,NA,NA
332,NA,NA,163.25,"2026-03-14_GYAPP",NA,NA,NA,NA,NA,NA,NA,NA,NA,NA,NA,NA,NA,NA,NA,NA,NA,NA,NA,NA,NA,NA,NA
333,NA,NA,163,"2026-03-14_GYAPP",NA,NA,NA,NA,NA,NA,NA,NA,NA,NA,NA,NA,NA,NA,NA,NA,NA,NA,NA,NA,NA,NA,NA
334,NA,NA,162.5,"2026-03-14_GYAPP",NA,NA,NA,NA,NA,NA,NA,NA,NA,NA,NA,NA,NA,NA,NA,NA,NA,NA,NA,NA,NA,NA,NA
335,NA,NA,162,"2026-03-14_GYAPP",NA,NA,NA,NA,NA,NA,NA,NA,NA,NA,NA,NA,NA,NA,NA,NA,NA,NA,NA,NA,NA,NA,NA
336,NA,NA,161,"2026-03-14_GYAPP",NA,NA,NA,NA,NA,NA,NA,NA,NA,NA,NA,NA,NA,NA,NA,NA,NA,NA,NA,NA,NA,NA,NA
337,NA,NA,160,"2026-03-14_GYAPP",NA,NA,NA,NA,NA,NA,NA,NA,NA,NA,NA,NA,NA,NA,NA,NA,NA,NA,NA,NA,NA,NA,NA
338,NA,NA,160.333,"2026-03-14_GYAPP",NA,NA,NA,NA,NA,NA,NA,NA,NA,NA,NA,NA,NA,NA,NA,NA,NA,NA,NA,NA,NA,NA,NA
339,NA,NA,160.667,"2026-03-14_GYAPP",NA,NA,NA,NA,NA,NA,NA,NA,NA,NA,NA,NA,NA,NA,NA,NA,NA,NA,NA,NA,NA,NA,NA
340,NA,NA,161,"2026-03-14_GYAPP",NA,NA,NA,NA,NA,NA,NA,NA,NA,NA,NA,NA,NA,NA,NA,NA,NA,NA,NA,NA,NA,NA,NA
341,NA,NA,160,"2026-03-14_GYAPP",NA,NA,NA,NA,NA,NA,NA,NA,NA,NA,NA,NA,NA,NA,NA,NA,NA,NA,NA,NA,NA,NA,NA
342,NA,NA,160.333,"2026-03-14_GYAPP",NA,NA,NA,NA,NA,NA,NA,NA,NA,NA,NA,NA,NA,NA,NA,NA,NA,NA,NA,NA,NA,NA,NA
343,NA,NA,160.667,"2026-03-14_GYAPP",NA,NA,NA,NA,NA,NA,NA,NA,NA,NA,NA,NA,NA,NA,NA,NA,NA,NA,NA,NA,NA,NA,NA
344,NA,NA,161,"2026-03-14_GYAPP",NA,NA,NA,NA,NA,NA,NA,NA,NA,NA,NA,NA,NA,NA,NA,NA,NA,NA,NA,NA,NA,NA,NA
345,NA,NA,160.333,"2026-03-14_GYAPP",NA,NA,NA,NA,NA,NA,NA,NA,NA,NA,NA,NA,NA,NA,NA,NA,NA,NA,NA,NA,NA,NA,NA
346,NA,NA,159.667,"2026-03-14_GYAPP",NA,NA,NA,NA,NA,NA,NA,NA,NA,NA,NA,NA,NA,NA,NA,NA,NA,NA,NA,NA,NA,NA,NA
347,NA,NA,159,"2026-03-14_GYAPP",NA,NA,NA,NA,NA,NA,NA,NA,NA,NA,NA,NA,NA,NA,NA,NA,NA,NA,NA,NA,NA,NA,NA
348,NA,NA,156,"2026-03-14_GYAPP",NA,NA,NA,NA,NA,NA,NA,NA,NA,NA,NA,NA,NA,NA,NA,NA,NA,NA,NA,NA,NA,NA,NA
349,NA,NA,155,"2026-03-14_GYAPP",NA,NA,NA,NA,NA,NA,NA,NA,NA,NA,NA,NA,NA,NA,NA,NA,NA,NA,NA,NA,NA,NA,NA
350,NA,NA,154,"2026-03-14_GYAPP",NA,NA,NA,NA,NA,NA,NA,NA,NA,NA,NA,NA,NA,NA,NA,NA,NA,NA,NA,NA,NA,NA,NA
351,NA,NA,153.5,"2026-03-14_GYAPP",NA,NA,NA,NA,NA,NA,NA,NA,NA,NA,NA,NA,NA,NA,NA,NA,NA,NA,NA,NA,NA,NA,NA
352,NA,NA,153,"2026-03-14_GYAPP",NA,NA,NA,NA,NA,NA,NA,NA,NA,NA,NA,NA,NA,NA,NA,NA,NA,NA,NA,NA,NA,NA,NA
353,NA,NA,152,"2026-03-14_GYAPP",NA,NA,NA,NA,NA,NA,NA,NA,NA,NA,NA,NA,NA,NA,NA,NA,NA,NA,NA,NA,NA,NA,NA
354,NA,NA,151.5,"2026-03-14_GYAPP",NA,NA,NA,NA,NA,NA,NA,NA,NA,NA,NA,NA,NA,NA,NA,NA,NA,NA,NA,NA,NA,NA,NA
355,NA,NA,151,"2026-03-14_GYAPP",NA,NA,NA,NA,NA,NA,NA,NA,NA,NA,NA,NA,NA,NA,NA,NA,NA,NA,NA,NA,NA,NA,NA
356,NA,NA,150,"2026-03-14_GYAPP",NA,NA,NA,NA,NA,NA,NA,NA,NA,NA,NA,NA,NA,NA,NA,NA,NA,NA,NA,NA,NA,NA,NA
357,NA,NA,149,"2026-03-14_GYAPP",NA,NA,NA,NA,NA,NA,NA,NA,NA,NA,NA,NA,NA,NA,NA,NA,NA,NA,NA,NA,NA,NA,NA
358,NA,NA,148.75,"2026-03-14_GYAPP",NA,NA,NA,NA,NA,NA,NA,NA,NA,NA,NA,NA,NA,NA,NA,NA,NA,NA,NA,NA,NA,NA,NA
359,NA,NA,148.5,"2026-03-14_GYAPP",NA,NA,NA,NA,NA,NA,NA,NA,NA,NA,NA,NA,NA,NA,NA,NA,NA,NA,NA,NA,NA,NA,NA
360,NA,NA,148.25,"2026-03-14_GYAPP",NA,NA,NA,NA,NA,NA,NA,NA,NA,NA,NA,NA,NA,NA,NA,NA,NA,NA,NA,NA,NA,NA,NA
361,NA,NA,148,"2026-03-14_GYAPP",NA,NA,NA,NA,NA,NA,NA,NA,NA,NA,NA,NA,NA,NA,NA,NA,NA,NA,NA,NA,NA,NA,NA
362,NA,NA,147.5,"2026-03-14_GYAPP",NA,NA,NA,NA,NA,NA,NA,NA,NA,NA,NA,NA,NA,NA,NA,NA,NA,NA,NA,NA,NA,NA,NA
363,NA,NA,147,"2026-03-14_GYAPP",NA,NA,NA,NA,NA,NA,NA,NA,NA,NA,NA,NA,NA,NA,NA,NA,NA,NA,NA,NA,NA,NA,NA
364,NA,NA,147.333,"2026-03-14_GYAPP",NA,NA,NA,NA,NA,NA,NA,NA,NA,NA,NA,NA,NA,NA,NA,NA,NA,NA,NA,NA,NA,NA,NA
365,NA,NA,147.667,"2026-03-14_GYAPP",NA,NA,NA,NA,NA,NA,NA,NA,NA,NA,NA,NA,NA,NA,NA,NA,NA,NA,NA,NA,NA,NA,NA
366,NA,NA,148,"2026-03-14_GYAPP",NA,NA,NA,NA,NA,NA,NA,NA,NA,NA,NA,NA,NA,NA,NA,NA,NA,NA,NA,NA,NA,NA,NA
367,NA,NA,147.667,"2026-03-14_GYAPP",NA,NA,NA,NA,NA,NA,NA,NA,NA,NA,NA,NA,NA,NA,NA,NA,NA,NA,NA,NA,NA,NA,NA
368,NA,NA,147.333,"2026-03-14_GYAPP",NA,NA,NA,NA,NA,NA,NA,NA,NA,NA,NA,NA,NA,NA,NA,NA,NA,NA,NA,NA,NA,NA,NA
369,NA,NA,147,"2026-03-14_GYAPP",NA,NA,NA,NA,NA,NA,NA,NA,NA,NA,NA,NA,NA,NA,NA,NA,NA,NA,NA,NA,NA,NA,NA
370,NA,NA,146.75,"2026-03-14_GYAPP",NA,NA,NA,NA,NA,NA,NA,NA,NA,NA,NA,NA,NA,NA,NA,NA,NA,NA,NA,NA,NA,NA,NA
371,NA,NA,146.5,"2026-03-14_GYAPP",NA,NA,NA,NA,NA,NA,NA,NA,NA,NA,NA,NA,NA,NA,NA,NA,NA,NA,NA,NA,NA,NA,NA
372,NA,NA,146.25,"2026-03-14_GYAPP",NA,NA,NA,NA,NA,NA,NA,NA,NA,NA,NA,NA,NA,NA,NA,NA,NA,NA,NA,NA,NA,NA,NA
373,NA,NA,146,"2026-03-14_GYAPP",NA,NA,NA,NA,NA,NA,NA,NA,NA,NA,NA,NA,NA,NA,NA,NA,NA,NA,NA,NA,NA,NA,NA
374,NA,NA,145.5,"2026-03-14_GYAPP",NA,NA,NA,NA,NA,NA,NA,NA,NA,NA,NA,NA,NA,NA,NA,NA,NA,NA,NA,NA,NA,NA,NA
375,NA,NA,145,"2026-03-14_GYAPP",NA,NA,NA,NA,NA,NA,NA,NA,NA,NA,NA,NA,NA,NA,NA,NA,NA,NA,NA,NA,NA,NA,NA
376,NA,NA,144,"2026-03-14_GYAPP",NA,NA,NA,NA,NA,NA,NA,NA,NA,NA,NA,NA,NA,NA,NA,NA,NA,NA,NA,NA,NA,NA,NA
377,NA,NA,143,"2026-03-14_GYAPP",NA,NA,NA,NA,NA,NA,NA,NA,NA,NA,NA,NA,NA,NA,NA,NA,NA,NA,NA,NA,NA,NA,NA
378,NA,NA,142.667,"2026-03-14_GYAPP",NA,NA,NA,NA,NA,NA,NA,NA,NA,NA,NA,NA,NA,NA,NA,NA,NA,NA,NA,NA,NA,NA,NA
379,NA,NA,142.333,"2026-03-14_GYAPP",NA,NA,NA,NA,NA,NA,NA,NA,NA,NA,NA,NA,NA,NA,NA,NA,NA,NA,NA,NA,NA,NA,NA
380,NA,NA,142,"2026-03-14_GYAPP",NA,NA,NA,NA,NA,NA,NA,NA,NA,NA,NA,NA,NA,NA,NA,NA,NA,NA,NA,NA,NA,NA,NA
381,NA,NA,143,"2026-03-14_GYAPP",NA,NA,NA,NA,NA,NA,NA,NA,NA,NA,NA,NA,NA,NA,NA,NA,NA,NA,NA,NA,NA,NA,NA
382,NA,NA,143.5,"2026-03-14_GYAPP",NA,NA,NA,NA,NA,NA,NA,NA,NA,NA,NA,NA,NA,NA,NA,NA,NA,NA,NA,NA,NA,NA,NA
383,NA,NA,144,"2026-03-14_GYAPP",NA,NA,NA,NA,NA,NA,NA,NA,NA,NA,NA,NA,NA,NA,NA,NA,NA,NA,NA,NA,NA,NA,NA
384,NA,NA,144.25,"2026-03-14_GYAPP",NA,NA,NA,NA,NA,NA,NA,NA,NA,NA,NA,NA,NA,NA,NA,NA,NA,NA,NA,NA,NA,NA,NA
385,NA,NA,144.5,"2026-03-14_GYAPP",NA,NA,NA,NA,NA,NA,NA,NA,NA,NA,NA,NA,NA,NA,NA,NA,NA,NA,NA,NA,NA,NA,NA
386,NA,NA,144.75,"2026-03-14_GYAPP",NA,NA,NA,NA,NA,NA,NA,NA,NA,NA,NA,NA,NA,NA,NA,NA,NA,NA,NA,NA,NA,NA,NA
387,NA,NA,145,"2026-03-14_GYAPP",NA,NA,NA,NA,NA,NA,NA,NA,NA,NA,NA,NA,NA,NA,NA,NA,NA,NA,NA,NA,NA,NA,NA
388,NA,NA,146,"2026-03-14_GYAPP",NA,NA,NA,NA,NA,NA,NA,NA,NA,NA,NA,NA,NA,NA,NA,NA,NA,NA,NA,NA,NA,NA,NA
389,NA,NA,147,"2026-03-14_GYAPP",NA,NA,NA,NA,NA,NA,NA,NA,NA,NA,NA,NA,NA,NA,NA,NA,NA,NA,NA,NA,NA,NA,NA
390,NA,NA,146.667,"2026-03-14_GYAPP",NA,NA,NA,NA,NA,NA,NA,NA,NA,NA,NA,NA,NA,NA,NA,NA,NA,NA,NA,NA,NA,NA,NA
391,NA,NA,146.333,"2026-03-14_GYAPP",NA,NA,NA,NA,NA,NA,NA,NA,NA,NA,NA,NA,NA,NA,NA,NA,NA,NA,NA,NA,NA,NA,NA
392,NA,NA,146,"2026-03-14_GYAPP",NA,NA,NA,NA,NA,NA,NA,NA,NA,NA,NA,NA,NA,NA,NA,NA,NA,NA,NA,NA,NA,NA,NA
393,NA,NA,145.5,"2026-03-14_GYAPP",NA,NA,NA,NA,NA,NA,NA,NA,NA,NA,NA,NA,NA,NA,NA,NA,NA,NA,NA,NA,NA,NA,NA
394,NA,NA,145,"2026-03-14_GYAPP",NA,NA,NA,NA,NA,NA,NA,NA,NA,NA,NA,NA,NA,NA,NA,NA,NA,NA,NA,NA,NA,NA,NA
395,NA,NA,144,"2026-03-14_GYAPP",NA,NA,NA,NA,NA,NA,NA,NA,NA,NA,NA,NA,NA,NA,NA,NA,NA,NA,NA,NA,NA,NA,NA
396,NA,NA,142,"2026-03-14_GYAPP",NA,NA,NA,NA,NA,NA,NA,NA,NA,NA,NA,NA,NA,NA,NA,NA,NA,NA,NA,NA,NA,NA,NA
397,NA,NA,141,"2026-03-14_GYAPP",NA,NA,NA,NA,NA,NA,NA,NA,NA,NA,NA,NA,NA,NA,NA,NA,NA,NA,NA,NA,NA,NA,NA
398,NA,NA,140,"2026-03-14_GYAPP",NA,NA,NA,NA,NA,NA,NA,NA,NA,NA,NA,NA,NA,NA,NA,NA,NA,NA,NA,NA,NA,NA,NA
399,NA,NA,140.2,"2026-03-14_GYAPP",NA,NA,NA,NA,NA,NA,NA,NA,NA,NA,NA,NA,NA,NA,NA,NA,NA,NA,NA,NA,NA,NA,NA
400,NA,NA,140.4,"2026-03-14_GYAPP",NA,NA,NA,NA,NA,NA,NA,NA,NA,NA,NA,NA,NA,NA,NA,NA,NA,NA,NA,NA,NA,NA,NA
401,NA,NA,140.6,"2026-03-14_GYAPP",NA,NA,NA,NA,NA,NA,NA,NA,NA,NA,NA,NA,NA,NA,NA,NA,NA,NA,NA,NA,NA,NA,NA
402,NA,NA,140.8,"2026-03-14_GYAPP",NA,NA,NA,NA,NA,NA,NA,NA,NA,NA,NA,NA,NA,NA,NA,NA,NA,NA,NA,NA,NA,NA,NA
403,NA,NA,141,"2026-03-14_GYAPP",NA,NA,NA,NA,NA,NA,NA,NA,NA,NA,NA,NA,NA,NA,NA,NA,NA,NA,NA,NA,NA,NA,NA
404,NA,NA,141.5,"2026-03-14_GYAPP",NA,NA,NA,NA,NA,NA,NA,NA,NA,NA,NA,NA,NA,NA,NA,NA,NA,NA,NA,NA,NA,NA,NA
405,NA,NA,142,"2026-03-14_GYAPP",NA,NA,NA,NA,NA,NA,NA,NA,NA,NA,NA,NA,NA,NA,NA,NA,NA,NA,NA,NA,NA,NA,NA
406,NA,NA,143,"2026-03-14_GYAPP",NA,NA,NA,NA,NA,NA,NA,NA,NA,NA,NA,NA,NA,NA,NA,NA,NA,NA,NA,NA,NA,NA,NA
407,NA,NA,142.667,"2026-03-14_GYAPP",NA,NA,NA,NA,NA,NA,NA,NA,NA,NA,NA,NA,NA,NA,NA,NA,NA,NA,NA,NA,NA,NA,NA
408,NA,NA,142.333,"2026-03-14_GYAPP",NA,NA,NA,NA,NA,NA,NA,NA,NA,NA,NA,NA,NA,NA,NA,NA,NA,NA,NA,NA,NA,NA,NA
409,NA,NA,142,"2026-03-14_GYAPP",NA,NA,NA,NA,NA,NA,NA,NA,NA,NA,NA,NA,NA,NA,NA,NA,NA,NA,NA,NA,NA,NA,NA
410,NA,NA,143,"2026-03-14_GYAPP",NA,NA,NA,NA,NA,NA,NA,NA,NA,NA,NA,NA,NA,NA,NA,NA,NA,NA,NA,NA,NA,NA,NA
411,NA,NA,142,"2026-03-14_GYAPP",NA,NA,NA,NA,NA,NA,NA,NA,NA,NA,NA,NA,NA,NA,NA,NA,NA,NA,NA,NA,NA,NA,NA
412,NA,NA,140,"2026-03-14_GYAPP",NA,NA,NA,NA,NA,NA,NA,NA,NA,NA,NA,NA,NA,NA,NA,NA,NA,NA,NA,NA,NA,NA,NA
413,NA,NA,139,"2026-03-14_GYAPP",NA,NA,NA,NA,NA,NA,NA,NA,NA,NA,NA,NA,NA,NA,NA,NA,NA,NA,NA,NA,NA,NA,NA
414,NA,NA,139.25,"2026-03-14_GYAPP",NA,NA,NA,NA,NA,NA,NA,NA,NA,NA,NA,NA,NA,NA,NA,NA,NA,NA,NA,NA,NA,NA,NA
415,NA,NA,139.5,"2026-03-14_GYAPP",NA,NA,NA,NA,NA,NA,NA,NA,NA,NA,NA,NA,NA,NA,NA,NA,NA,NA,NA,NA,NA,NA,NA
416,NA,NA,139.75,"2026-03-14_GYAPP",NA,NA,NA,NA,NA,NA,NA,NA,NA,NA,NA,NA,NA,NA,NA,NA,NA,NA,NA,NA,NA,NA,NA
417,NA,NA,140,"2026-03-14_GYAPP",NA,NA,NA,NA,NA,NA,NA,NA,NA,NA,NA,NA,NA,NA,NA,NA,NA,NA,NA,NA,NA,NA,NA
418,NA,NA,139.667,"2026-03-14_GYAPP",NA,NA,NA,NA,NA,NA,NA,NA,NA,NA,NA,NA,NA,NA,NA,NA,NA,NA,NA,NA,NA,NA,NA
419,NA,NA,139.333,"2026-03-14_GYAPP",NA,NA,NA,NA,NA,NA,NA,NA,NA,NA,NA,NA,NA,NA,NA,NA,NA,NA,NA,NA,NA,NA,NA
420,NA,NA,139,"2026-03-14_GYAPP",NA,NA,NA,NA,NA,NA,NA,NA,NA,NA,NA,NA,NA,NA,NA,NA,NA,NA,NA,NA,NA,NA,NA
421,NA,NA,140,"2026-03-14_GYAPP",NA,NA,NA,NA,NA,NA,NA,NA,NA,NA,NA,NA,NA,NA,NA,NA,NA,NA,NA,NA,NA,NA,NA
422,NA,NA,136,"2026-03-14_GYAPP",NA,NA,NA,NA,NA,NA,NA,NA,NA,NA,NA,NA,NA,NA,NA,NA,NA,NA,NA,NA,NA,NA,NA
423,NA,NA,135,"2026-03-14_GYAPP",NA,NA,NA,NA,NA,NA,NA,NA,NA,NA,NA,NA,NA,NA,NA,NA,NA,NA,NA,NA,NA,NA,NA
424,NA,NA,136,"2026-03-14_GYAPP",NA,NA,NA,NA,NA,NA,NA,NA,NA,NA,NA,NA,NA,NA,NA,NA,NA,NA,NA,NA,NA,NA,NA
425,NA,NA,136.5,"2026-03-14_GYAPP",NA,NA,NA,NA,NA,NA,NA,NA,NA,NA,NA,NA,NA,NA,NA,NA,NA,NA,NA,NA,NA,NA,NA
426,NA,NA,137,"2026-03-14_GYAPP",NA,NA,NA,NA,NA,NA,NA,NA,NA,NA,NA,NA,NA,NA,NA,NA,NA,NA,NA,NA,NA,NA,NA
427,NA,NA,138,"2026-03-14_GYAPP",NA,NA,NA,NA,NA,NA,NA,NA,NA,NA,NA,NA,NA,NA,NA,NA,NA,NA,NA,NA,NA,NA,NA
428,NA,NA,138,"2026-03-14_GYAPP",NA,NA,NA,NA,NA,NA,NA,NA,NA,NA,NA,NA,NA,NA,NA,NA,NA,NA,NA,NA,NA,NA,NA
0,0,NA,97,"2026-03-14_FELIO",NA,0,NA,NA,NA,NA,NA,NA,NA,NA,NA,NA,NA,NA,NA,NA,NA,NA,NA,0,0,NA,0
1,0.00124,NA,97,"2026-03-14_FELIO",13.430029546065,93,NA,NA,NA,NA,NA,NA,NA,NA,NA,NA,NA,NA,NA,NA,NA,NA,NA,5.73,0,NA,4.4676
2,0.00248,NA,98,"2026-03-14_FELIO",13.430029546065,96,NA,NA,NA,NA,NA,NA,NA,NA,NA,NA,NA,NA,NA,NA,NA,NA,NA,5.73,0,NA,4.4676
3,0.00372,NA,98,"2026-03-14_FELIO",13.430029546065,149,NA,NA,NA,NA,NA,NA,NA,NA,NA,NA,NA,NA,NA,NA,NA,NA,NA,5.68,420,NA,4.4676
4,0.0053,NA,99,"2026-03-14_FELIO",10.568590150074,207,NA,NA,NA,NA,NA,NA,NA,NA,NA,NA,NA,NA,NA,NA,NA,NA,NA,7.25,335,NA,5.6772
5,0.00829,NA,98,"2026-03-14_FELIO",5.58160303639205,372,NA,NA,NA,NA,NA,NA,NA,NA,NA,NA,NA,NA,NA,NA,NA,NA,NA,10.16,303,NA,10.7496
6,0.01149,NA,99,"2026-03-14_FELIO",5.20833333333333,392,NA,NA,NA,NA,NA,NA,NA,NA,NA,NA,NA,NA,NA,NA,NA,NA,NA,8.66,256,NA,11.52
7,0.01497,NA,100,"2026-03-14_FELIO",4.78927203065134,430,NA,NA,NA,NA,NA,NA,NA,NA,NA,NA,NA,NA,NA,NA,NA,NA,NA,9,249,NA,12.528
8,0.01894,NA,100,"2026-03-14_FELIO",4.19287211740042,494,NA,NA,NA,NA,NA,NA,NA,NA,NA,NA,NA,NA,NA,NA,NA,NA,NA,9.55,236,NA,14.31
9,0.02299,NA,100,"2026-03-14_FELIO",4.12541254125412,506,NA,NA,NA,NA,NA,NA,NA,NA,NA,NA,NA,NA,NA,NA,NA,NA,NA,9.63,234,NA,14.544
10,0.02703,NA,102,"2026-03-14_FELIO",4.11522633744856,509,NA,NA,NA,NA,NA,NA,NA,NA,NA,NA,NA,NA,NA,NA,NA,NA,NA,9.63,234,NA,14.58
11,0.03108,NA,103,"2026-03-14_FELIO",4.11522633744856,511,NA,NA,NA,NA,NA,NA,NA,NA,NA,NA,NA,NA,NA,NA,NA,NA,NA,9.63,234,NA,14.58
12,0.03513,NA,104,"2026-03-14_FELIO",4.11522633744856,478,NA,NA,NA,NA,NA,NA,NA,NA,NA,NA,NA,NA,NA,NA,NA,NA,NA,9.83,236,NA,14.58
13,0.03917,NA,105,"2026-03-14_FELIO",4.12541254125412,471,NA,NA,NA,NA,NA,NA,NA,NA,NA,NA,NA,NA,NA,NA,NA,NA,NA,9.79,237,NA,14.544
14,0.04321,NA,106,"2026-03-14_FELIO",4.12541254125412,470,NA,NA,NA,NA,NA,NA,NA,NA,NA,NA,NA,NA,NA,NA,NA,NA,NA,9.63,234,NA,14.544
15,0.04726,NA,107,"2026-03-14_FELIO",4.11522633744856,471,NA,NA,NA,NA,NA,NA,NA,NA,NA,NA,NA,NA,NA,NA,NA,NA,NA,9.63,234,NA,14.58
16,0.0513,NA,108,"2026-03-14_FELIO",4.12541254125412,470,NA,NA,NA,NA,NA,NA,NA,NA,NA,NA,NA,NA,NA,NA,NA,NA,NA,9.63,234,NA,14.544
17,0.05534,NA,109,"2026-03-14_FELIO",4.12541254125412,470,NA,NA,NA,NA,NA,NA,NA,NA,NA,NA,NA,NA,NA,NA,NA,NA,NA,9.63,234,NA,14.544
18,0.05938,NA,110,"2026-03-14_FELIO",4.12541254125412,470,NA,NA,NA,NA,NA,NA,NA,NA,NA,NA,NA,NA,NA,NA,NA,NA,NA,9.63,234,NA,14.544
19,0.06343,NA,111,"2026-03-14_FELIO",4.11522633744856,471,NA,NA,NA,NA,NA,NA,NA,NA,NA,NA,NA,NA,NA,NA,NA,NA,NA,9.63,234,NA,14.58
20,0.06747,NA,112,"2026-03-14_FELIO",4.12541254125412,470,NA,NA,NA,NA,NA,NA,NA,NA,NA,NA,NA,NA,NA,NA,NA,NA,NA,9.63,234,NA,14.544
21,0.07145,NA,113,"2026-03-14_FELIO",4.18340026773762,464,NA,NA,NA,NA,NA,NA,NA,NA,NA,NA,NA,NA,NA,NA,NA,NA,NA,9.75,238,NA,14.3424
22,0.07537,NA,114,"2026-03-14_FELIO",4.25278557455133,457,NA,NA,NA,NA,NA,NA,NA,NA,NA,NA,NA,NA,NA,NA,NA,NA,NA,9.67,240,NA,14.1084
23,0.07925,NA,116,"2026-03-14_FELIO",4.30440771349862,454,NA,NA,NA,NA,NA,NA,NA,NA,NA,NA,NA,NA,NA,NA,NA,NA,NA,10,246,NA,13.9392
24,0.08312,NA,117,"2026-03-14_FELIO",4.30440771349862,454,NA,NA,NA,NA,NA,NA,NA,NA,NA,NA,NA,NA,NA,NA,NA,NA,NA,10,246,NA,13.9392
25,0.087,NA,118,"2026-03-14_FELIO",4.29331959471063,454,NA,NA,NA,NA,NA,NA,NA,NA,NA,NA,NA,NA,NA,NA,NA,NA,NA,9.83,243,NA,13.9752
26,0.09088,NA,119,"2026-03-14_FELIO",4.29331959471063,453,NA,NA,NA,NA,NA,NA,NA,NA,NA,NA,NA,NA,NA,NA,NA,NA,NA,9.63,241,NA,13.9752
27,0.09476,NA,120,"2026-03-14_FELIO",4.29331959471063,452,NA,NA,NA,NA,NA,NA,NA,NA,NA,NA,NA,NA,NA,NA,NA,NA,NA,9.43,239,NA,13.9752
28,0.09866,NA,121,"2026-03-14_FELIO",4.27350427350427,456,NA,NA,NA,NA,NA,NA,NA,NA,NA,NA,NA,NA,NA,NA,NA,NA,NA,9.47,238,NA,14.04
29,0.10258,NA,123,"2026-03-14_FELIO",4.25278557455133,459,NA,NA,NA,NA,NA,NA,NA,NA,NA,NA,NA,NA,NA,NA,NA,NA,NA,9.47,238,NA,14.1084
30,0.10653,NA,124,"2026-03-14_FELIO",4.22261633307998,466,NA,NA,NA,NA,NA,NA,NA,NA,NA,NA,NA,NA,NA,NA,NA,NA,NA,9.71,239,NA,14.2092
31,0.11049,NA,125,"2026-03-14_FELIO",4.20238695579089,471,NA,NA,NA,NA,NA,NA,NA,NA,NA,NA,NA,NA,NA,NA,NA,NA,NA,9.92,241,NA,14.2776
32,0.11447,NA,127,"2026-03-14_FELIO",4.19287211740042,473,NA,NA,NA,NA,NA,NA,NA,NA,NA,NA,NA,NA,NA,NA,NA,NA,NA,10.09,244,NA,14.31
33,0.11845,NA,128,"2026-03-14_FELIO",4.19287211740042,471,NA,NA,NA,NA,NA,NA,NA,NA,NA,NA,NA,NA,NA,NA,NA,NA,NA,10.09,244,NA,14.31
34,0.12239,NA,130,"2026-03-14_FELIO",4.22261633307998,463,NA,NA,NA,NA,NA,NA,NA,NA,NA,NA,NA,NA,NA,NA,NA,NA,NA,10.09,244,NA,14.2092
35,0.1263,NA,133,"2026-03-14_FELIO",4.26257459505541,459,NA,NA,NA,NA,NA,NA,NA,NA,NA,NA,NA,NA,NA,NA,NA,NA,NA,10.05,245,NA,14.076
36,0.13018,NA,137,"2026-03-14_FELIO",4.29331959471063,455,NA,NA,NA,NA,NA,NA,NA,NA,NA,NA,NA,NA,NA,NA,NA,NA,NA,10,246,NA,13.9752
37,0.134,NA,145,"2026-03-14_FELIO",4.3675751222921,449,NA,NA,NA,NA,NA,NA,NA,NA,NA,NA,NA,NA,NA,NA,NA,NA,NA,10.1,251,NA,13.7376
38,0.13767,NA,149,"2026-03-14_FELIO",4.54504135987638,431,NA,NA,NA,NA,NA,NA,NA,NA,NA,NA,NA,NA,NA,NA,NA,NA,NA,9.91,255,NA,13.2012
39,0.14122,NA,151,"2026-03-14_FELIO",4.6882325363338,418,NA,NA,NA,NA,NA,NA,NA,NA,NA,NA,NA,NA,NA,NA,NA,NA,NA,9.77,258,NA,12.798
40,0.1447,NA,153,"2026-03-14_FELIO",4.78927203065134,409,NA,NA,NA,NA,NA,NA,NA,NA,NA,NA,NA,NA,NA,NA,NA,NA,NA,9.7,259,NA,12.528
41,0.14827,NA,154,"2026-03-14_FELIO",4.6633090841261,419,NA,NA,NA,NA,NA,NA,NA,NA,NA,NA,NA,NA,NA,NA,NA,NA,NA,9.81,257,NA,12.8664
42,0.15189,NA,155,"2026-03-14_FELIO",4.60405156537753,421,NA,NA,NA,NA,NA,NA,NA,NA,NA,NA,NA,NA,NA,NA,NA,NA,NA,9.86,256,NA,13.032
43,0.15555,NA,155,"2026-03-14_FELIO",4.55622380171314,427,NA,NA,NA,NA,NA,NA,NA,NA,NA,NA,NA,NA,NA,NA,NA,NA,NA,9.73,252,NA,13.1688
44,0.15926,NA,155,"2026-03-14_FELIO",4.4996400287977,431,NA,NA,NA,NA,NA,NA,NA,NA,NA,NA,NA,NA,NA,NA,NA,NA,NA,9.61,248,NA,13.3344
45,0.16301,NA,155,"2026-03-14_FELIO",4.44325957522438,425,NA,NA,NA,NA,NA,NA,NA,NA,NA,NA,NA,NA,NA,NA,NA,NA,NA,9.66,247,NA,13.5036
46,0.16683,NA,155,"2026-03-14_FELIO",4.3561596096881,427,NA,NA,NA,NA,NA,NA,NA,NA,NA,NA,NA,NA,NA,NA,NA,NA,NA,9.58,242,NA,13.7736
47,0.17071,NA,155,"2026-03-14_FELIO",4.29331959471063,430,NA,NA,NA,NA,NA,NA,NA,NA,NA,NA,NA,NA,NA,NA,NA,NA,NA,9.63,241,NA,13.9752
48,0.1746,NA,156,"2026-03-14_FELIO",4.29331959471063,422,NA,NA,NA,NA,NA,NA,NA,NA,NA,NA,NA,NA,NA,NA,NA,NA,NA,9.43,239,NA,13.9752
49,0.17848,NA,157,"2026-03-14_FELIO",4.29331959471063,416,NA,NA,NA,NA,NA,NA,NA,NA,NA,NA,NA,NA,NA,NA,NA,NA,NA,9.43,239,NA,13.9752
50,0.18236,NA,158,"2026-03-14_FELIO",4.29331959471063,409,NA,NA,NA,NA,NA,NA,NA,NA,NA,NA,NA,NA,NA,NA,NA,NA,NA,9.43,239,NA,13.9752
51,0.18624,NA,159,"2026-03-14_FELIO",4.29331959471063,407,NA,NA,NA,NA,NA,NA,NA,NA,NA,NA,NA,NA,NA,NA,NA,NA,NA,10,246,NA,13.9752
52,0.19013,NA,160,"2026-03-14_FELIO",4.28338901739056,409,NA,NA,NA,NA,NA,NA,NA,NA,NA,NA,NA,NA,NA,NA,NA,NA,NA,10.01,246,NA,14.0076
53,0.19403,NA,161,"2026-03-14_FELIO",4.27350427350427,412,NA,NA,NA,NA,NA,NA,NA,NA,NA,NA,NA,NA,NA,NA,NA,NA,NA,10.01,246,NA,14.04
54,0.19793,NA,162,"2026-03-14_FELIO",4.27350427350427,414,NA,NA,NA,NA,NA,NA,NA,NA,NA,NA,NA,NA,NA,NA,NA,NA,NA,10.01,246,NA,14.04
55,0.20183,NA,163,"2026-03-14_FELIO",4.27350427350427,415,NA,NA,NA,NA,NA,NA,NA,NA,NA,NA,NA,NA,NA,NA,NA,NA,NA,10.01,246,NA,14.04
56,0.20572,NA,163,"2026-03-14_FELIO",4.28338901739056,415,NA,NA,NA,NA,NA,NA,NA,NA,NA,NA,NA,NA,NA,NA,NA,NA,NA,10.01,246,NA,14.0076
57,0.20962,NA,164,"2026-03-14_FELIO",4.28338901739056,416,NA,NA,NA,NA,NA,NA,NA,NA,NA,NA,NA,NA,NA,NA,NA,NA,NA,9.83,243,NA,14.0076
58,0.2135,NA,164,"2026-03-14_FELIO",4.28338901739056,419,NA,NA,NA,NA,NA,NA,NA,NA,NA,NA,NA,NA,NA,NA,NA,NA,NA,9.83,243,NA,14.0076
59,0.2174,NA,164,"2026-03-14_FELIO",4.28338901739056,421,NA,NA,NA,NA,NA,NA,NA,NA,NA,NA,NA,NA,NA,NA,NA,NA,NA,9.83,243,NA,14.0076
60,0.2213,NA,165,"2026-03-14_FELIO",4.27350427350427,426,NA,NA,NA,NA,NA,NA,NA,NA,NA,NA,NA,NA,NA,NA,NA,NA,NA,9.83,243,NA,14.04
61,0.22522,NA,164,"2026-03-14_FELIO",4.25278557455133,430,NA,NA,NA,NA,NA,NA,NA,NA,NA,NA,NA,NA,NA,NA,NA,NA,NA,9.47,238,NA,14.1084
62,0.22915,NA,164,"2026-03-14_FELIO",4.2322668020992,436,NA,NA,NA,NA,NA,NA,NA,NA,NA,NA,NA,NA,NA,NA,NA,NA,NA,9.51,237,NA,14.1768
63,0.23311,NA,164,"2026-03-14_FELIO",4.21300977418268,443,NA,NA,NA,NA,NA,NA,NA,NA,NA,NA,NA,NA,NA,NA,NA,NA,NA,9.51,237,NA,14.2416
64,0.23707,NA,163,"2026-03-14_FELIO",4.20238695579089,446,NA,NA,NA,NA,NA,NA,NA,NA,NA,NA,NA,NA,NA,NA,NA,NA,NA,9.55,236,NA,14.2776
65,0.24105,NA,163,"2026-03-14_FELIO",4.19287211740042,450,NA,NA,NA,NA,NA,NA,NA,NA,NA,NA,NA,NA,NA,NA,NA,NA,NA,9.75,238,NA,14.31
66,0.24503,NA,163,"2026-03-14_FELIO",4.18340026773762,453,NA,NA,NA,NA,NA,NA,NA,NA,NA,NA,NA,NA,NA,NA,NA,NA,NA,9.75,238,NA,14.3424
67,0.24902,NA,163,"2026-03-14_FELIO",4.18340026773762,455,NA,NA,NA,NA,NA,NA,NA,NA,NA,NA,NA,NA,NA,NA,NA,NA,NA,9.92,241,NA,14.3424
68,0.253,NA,163,"2026-03-14_FELIO",4.18340026773762,456,NA,NA,NA,NA,NA,NA,NA,NA,NA,NA,NA,NA,NA,NA,NA,NA,NA,9.92,241,NA,14.3424
69,0.25699,NA,164,"2026-03-14_FELIO",4.18340026773762,457,NA,NA,NA,NA,NA,NA,NA,NA,NA,NA,NA,NA,NA,NA,NA,NA,NA,9.92,241,NA,14.3424
70,0.26096,NA,164,"2026-03-14_FELIO",4.19287211740042,457,NA,NA,NA,NA,NA,NA,NA,NA,NA,NA,NA,NA,NA,NA,NA,NA,NA,9.92,241,NA,14.31
71,0.26494,NA,164,"2026-03-14_FELIO",4.19287211740042,458,NA,NA,NA,NA,NA,NA,NA,NA,NA,NA,NA,NA,NA,NA,NA,NA,NA,9.92,241,NA,14.31
72,0.26891,NA,164,"2026-03-14_FELIO",4.19287211740042,460,NA,NA,NA,NA,NA,NA,NA,NA,NA,NA,NA,NA,NA,NA,NA,NA,NA,9.92,241,NA,14.31
73,0.27289,NA,164,"2026-03-14_FELIO",4.19287211740042,461,NA,NA,NA,NA,NA,NA,NA,NA,NA,NA,NA,NA,NA,NA,NA,NA,NA,9.92,241,NA,14.31
74,0.27686,NA,165,"2026-03-14_FELIO",4.19287211740042,462,NA,NA,NA,NA,NA,NA,NA,NA,NA,NA,NA,NA,NA,NA,NA,NA,NA,9.92,241,NA,14.31
75,0.28085,NA,165,"2026-03-14_FELIO",4.18340026773762,465,NA,NA,NA,NA,NA,NA,NA,NA,NA,NA,NA,NA,NA,NA,NA,NA,NA,9.92,241,NA,14.3424
76,0.28482,NA,165,"2026-03-14_FELIO",4.19287211740042,464,NA,NA,NA,NA,NA,NA,NA,NA,NA,NA,NA,NA,NA,NA,NA,NA,NA,9.92,241,NA,14.31
77,0.28873,NA,165,"2026-03-14_FELIO",4.26257459505541,457,NA,NA,NA,NA,NA,NA,NA,NA,NA,NA,NA,NA,NA,NA,NA,NA,NA,9.83,243,NA,14.076
78,0.29259,NA,164,"2026-03-14_FELIO",4.31443610320131,451,NA,NA,NA,NA,NA,NA,NA,NA,NA,NA,NA,NA,NA,NA,NA,NA,NA,9.79,244,NA,13.9068
79,0.29643,NA,164,"2026-03-14_FELIO",4.34593654932638,448,NA,NA,NA,NA,NA,NA,NA,NA,NA,NA,NA,NA,NA,NA,NA,NA,NA,9.96,247,NA,13.806
80,0.30028,NA,163,"2026-03-14_FELIO",4.32451133021969,450,NA,NA,NA,NA,NA,NA,NA,NA,NA,NA,NA,NA,NA,NA,NA,NA,NA,9.96,247,NA,13.8744
81,0.30416,NA,163,"2026-03-14_FELIO",4.30440771349862,452,NA,NA,NA,NA,NA,NA,NA,NA,NA,NA,NA,NA,NA,NA,NA,NA,NA,10,246,NA,13.9392
82,0.30802,NA,162,"2026-03-14_FELIO",4.30440771349862,451,NA,NA,NA,NA,NA,NA,NA,NA,NA,NA,NA,NA,NA,NA,NA,NA,NA,9.79,244,NA,13.9392
83,0.31191,NA,161,"2026-03-14_FELIO",4.29331959471063,454,NA,NA,NA,NA,NA,NA,NA,NA,NA,NA,NA,NA,NA,NA,NA,NA,NA,9.83,243,NA,13.9752
84,0.3158,NA,161,"2026-03-14_FELIO",4.28338901739056,454,NA,NA,NA,NA,NA,NA,NA,NA,NA,NA,NA,NA,NA,NA,NA,NA,NA,9.83,243,NA,14.0076
85,0.31971,NA,162,"2026-03-14_FELIO",4.26257459505541,458,NA,NA,NA,NA,NA,NA,NA,NA,NA,NA,NA,NA,NA,NA,NA,NA,NA,10.05,245,NA,14.076
86,0.32363,NA,162,"2026-03-14_FELIO",4.25278557455133,459,NA,NA,NA,NA,NA,NA,NA,NA,NA,NA,NA,NA,NA,NA,NA,NA,NA,10.05,245,NA,14.1084
87,0.32755,NA,162,"2026-03-14_FELIO",4.25278557455133,457,NA,NA,NA,NA,NA,NA,NA,NA,NA,NA,NA,NA,NA,NA,NA,NA,NA,9.87,242,NA,14.1084
88,0.33146,NA,161,"2026-03-14_FELIO",4.25278557455133,456,NA,NA,NA,NA,NA,NA,NA,NA,NA,NA,NA,NA,NA,NA,NA,NA,NA,9.87,242,NA,14.1084
89,0.33538,NA,161,"2026-03-14_FELIO",4.25278557455133,455,NA,NA,NA,NA,NA,NA,NA,NA,NA,NA,NA,NA,NA,NA,NA,NA,NA,9.87,242,NA,14.1084
90,0.33931,NA,161,"2026-03-14_FELIO",4.24304141208418,456,NA,NA,NA,NA,NA,NA,NA,NA,NA,NA,NA,NA,NA,NA,NA,NA,NA,9.87,242,NA,14.1408
91,0.34325,NA,161,"2026-03-14_FELIO",4.2322668020992,456,NA,NA,NA,NA,NA,NA,NA,NA,NA,NA,NA,NA,NA,NA,NA,NA,NA,9.71,239,NA,14.1768
92,0.34719,NA,161,"2026-03-14_FELIO",4.22261633307998,457,NA,NA,NA,NA,NA,NA,NA,NA,NA,NA,NA,NA,NA,NA,NA,NA,NA,9.51,237,NA,14.2092
93,0.35112,NA,160,"2026-03-14_FELIO",4.24304141208418,453,NA,NA,NA,NA,NA,NA,NA,NA,NA,NA,NA,NA,NA,NA,NA,NA,NA,9.51,237,NA,14.1408
94,0.355,NA,160,"2026-03-14_FELIO",4.30440771349862,447,NA,NA,NA,NA,NA,NA,NA,NA,NA,NA,NA,NA,NA,NA,NA,NA,NA,9.63,241,NA,13.9392
95,0.35883,NA,160,"2026-03-14_FELIO",4.34593654932638,444,NA,NA,NA,NA,NA,NA,NA,NA,NA,NA,NA,NA,NA,NA,NA,NA,NA,9.75,245,NA,13.806
96,0.36265,NA,160,"2026-03-14_FELIO",4.3675751222921,442,NA,NA,NA,NA,NA,NA,NA,NA,NA,NA,NA,NA,NA,NA,NA,NA,NA,9.75,245,NA,13.7376
97,0.36653,NA,160,"2026-03-14_FELIO",4.29331959471063,450,NA,NA,NA,NA,NA,NA,NA,NA,NA,NA,NA,NA,NA,NA,NA,NA,NA,9.83,243,NA,13.9752
98,0.37046,NA,160,"2026-03-14_FELIO",4.24304141208418,460,NA,NA,NA,NA,NA,NA,NA,NA,NA,NA,NA,NA,NA,NA,NA,NA,NA,9.87,242,NA,14.1408
99,0.37442,NA,160,"2026-03-14_FELIO",4.21300977418268,469,NA,NA,NA,NA,NA,NA,NA,NA,NA,NA,NA,NA,NA,NA,NA,NA,NA,9.88,242,NA,14.2416
100,0.37839,NA,161,"2026-03-14_FELIO",4.19287211740042,475,NA,NA,NA,NA,NA,NA,NA,NA,NA,NA,NA,NA,NA,NA,NA,NA,NA,9.92,241,NA,14.31
101,0.38239,NA,161,"2026-03-14_FELIO",4.16354400866017,477,NA,NA,NA,NA,NA,NA,NA,NA,NA,NA,NA,NA,NA,NA,NA,NA,NA,9.96,240,NA,14.4108
102,0.38641,NA,161,"2026-03-14_FELIO",4.1438753522294,475,NA,NA,NA,NA,NA,NA,NA,NA,NA,NA,NA,NA,NA,NA,NA,NA,NA,9.79,237,NA,14.4792
103,0.39044,NA,161,"2026-03-14_FELIO",4.1438753522294,472,NA,NA,NA,NA,NA,NA,NA,NA,NA,NA,NA,NA,NA,NA,NA,NA,NA,9.96,240,NA,14.4792
104,0.39445,NA,161,"2026-03-14_FELIO",4.1438753522294,468,NA,NA,NA,NA,NA,NA,NA,NA,NA,NA,NA,NA,NA,NA,NA,NA,NA,9.96,240,NA,14.4792
105,0.39848,NA,161,"2026-03-14_FELIO",4.1438753522294,465,NA,NA,NA,NA,NA,NA,NA,NA,NA,NA,NA,NA,NA,NA,NA,NA,NA,10.17,242,NA,14.4792
106,0.40246,NA,161,"2026-03-14_FELIO",4.18340026773762,457,NA,NA,NA,NA,NA,NA,NA,NA,NA,NA,NA,NA,NA,NA,NA,NA,NA,10.13,243,NA,14.3424
107,0.40643,NA,161,"2026-03-14_FELIO",4.20238695579089,454,NA,NA,NA,NA,NA,NA,NA,NA,NA,NA,NA,NA,NA,NA,NA,NA,NA,10.09,244,NA,14.2776
108,0.41038,NA,161,"2026-03-14_FELIO",4.21300977418268,449,NA,NA,NA,NA,NA,NA,NA,NA,NA,NA,NA,NA,NA,NA,NA,NA,NA,10.09,244,NA,14.2416
109,0.41433,NA,161,"2026-03-14_FELIO",4.22261633307998,444,NA,NA,NA,NA,NA,NA,NA,NA,NA,NA,NA,NA,NA,NA,NA,NA,NA,10.09,244,NA,14.2092
110,0.41828,NA,161,"2026-03-14_FELIO",4.22261633307998,442,NA,NA,NA,NA,NA,NA,NA,NA,NA,NA,NA,NA,NA,NA,NA,NA,NA,10.09,244,NA,14.2092
111,0.42223,NA,161,"2026-03-14_FELIO",4.21300977418268,441,NA,NA,NA,NA,NA,NA,NA,NA,NA,NA,NA,NA,NA,NA,NA,NA,NA,9.88,242,NA,14.2416
112,0.42619,NA,161,"2026-03-14_FELIO",4.21300977418268,440,NA,NA,NA,NA,NA,NA,NA,NA,NA,NA,NA,NA,NA,NA,NA,NA,NA,9.88,242,NA,14.2416
113,0.43015,NA,161,"2026-03-14_FELIO",4.20238695579089,441,NA,NA,NA,NA,NA,NA,NA,NA,NA,NA,NA,NA,NA,NA,NA,NA,NA,9.92,241,NA,14.2776
114,0.43412,NA,161,"2026-03-14_FELIO",4.20238695579089,441,NA,NA,NA,NA,NA,NA,NA,NA,NA,NA,NA,NA,NA,NA,NA,NA,NA,9.92,241,NA,14.2776
115,0.43809,NA,162,"2026-03-14_FELIO",4.20238695579089,441,NA,NA,NA,NA,NA,NA,NA,NA,NA,NA,NA,NA,NA,NA,NA,NA,NA,9.92,241,NA,14.2776
116,0.44205,NA,161,"2026-03-14_FELIO",4.20238695579089,440,NA,NA,NA,NA,NA,NA,NA,NA,NA,NA,NA,NA,NA,NA,NA,NA,NA,9.71,239,NA,14.2776
117,0.44602,NA,161,"2026-03-14_FELIO",4.20238695579089,440,NA,NA,NA,NA,NA,NA,NA,NA,NA,NA,NA,NA,NA,NA,NA,NA,NA,9.71,239,NA,14.2776
118,0.44998,NA,161,"2026-03-14_FELIO",4.20238695579089,443,NA,NA,NA,NA,NA,NA,NA,NA,NA,NA,NA,NA,NA,NA,NA,NA,NA,9.92,241,NA,14.2776
119,0.45389,NA,161,"2026-03-14_FELIO",4.26257459505541,438,NA,NA,NA,NA,NA,NA,NA,NA,NA,NA,NA,NA,NA,NA,NA,NA,NA,9.83,243,NA,14.076
120,0.45773,NA,162,"2026-03-14_FELIO",4.34593654932638,430,NA,NA,NA,NA,NA,NA,NA,NA,NA,NA,NA,NA,NA,NA,NA,NA,NA,9.75,245,NA,13.806
121,0.46153,NA,162,"2026-03-14_FELIO",4.38827453045463,429,NA,NA,NA,NA,NA,NA,NA,NA,NA,NA,NA,NA,NA,NA,NA,NA,NA,9.91,248,NA,13.6728
122,0.46529,NA,162,"2026-03-14_FELIO",4.42086648983201,427,NA,NA,NA,NA,NA,NA,NA,NA,NA,NA,NA,NA,NA,NA,NA,NA,NA,9.87,249,NA,13.572
123,0.46906,NA,162,"2026-03-14_FELIO",4.42086648983201,429,NA,NA,NA,NA,NA,NA,NA,NA,NA,NA,NA,NA,NA,NA,NA,NA,NA,10.05,252,NA,13.572
124,0.47285,NA,162,"2026-03-14_FELIO",4.41033783187792,432,NA,NA,NA,NA,NA,NA,NA,NA,NA,NA,NA,NA,NA,NA,NA,NA,NA,10.05,252,NA,13.6044
125,0.47664,NA,162,"2026-03-14_FELIO",4.38827453045463,434,NA,NA,NA,NA,NA,NA,NA,NA,NA,NA,NA,NA,NA,NA,NA,NA,NA,9.91,248,NA,13.6728
126,0.48045,NA,161,"2026-03-14_FELIO",4.37790035898783,439,NA,NA,NA,NA,NA,NA,NA,NA,NA,NA,NA,NA,NA,NA,NA,NA,NA,9.92,248,NA,13.7052
127,0.48432,NA,162,"2026-03-14_FELIO",4.30440771349862,453,NA,NA,NA,NA,NA,NA,NA,NA,NA,NA,NA,NA,NA,NA,NA,NA,NA,10,246,NA,13.9392
128,0.48824,NA,162,"2026-03-14_FELIO",4.25278557455133,463,NA,NA,NA,NA,NA,NA,NA,NA,NA,NA,NA,NA,NA,NA,NA,NA,NA,10.05,245,NA,14.1084
129,0.49216,NA,162,"2026-03-14_FELIO",4.25278557455133,463,NA,NA,NA,NA,NA,NA,NA,NA,NA,NA,NA,NA,NA,NA,NA,NA,NA,10.05,245,NA,14.1084
130,0.49608,NA,162,"2026-03-14_FELIO",4.25278557455133,463,NA,NA,NA,NA,NA,NA,NA,NA,NA,NA,NA,NA,NA,NA,NA,NA,NA,10.05,245,NA,14.1084
131,0.49998,NA,162,"2026-03-14_FELIO",4.26257459505541,455,NA,NA,NA,NA,NA,NA,NA,NA,NA,NA,NA,NA,NA,NA,NA,NA,NA,9.83,243,NA,14.076
132,0.50389,NA,162,"2026-03-14_FELIO",4.26257459505541,453,NA,NA,NA,NA,NA,NA,NA,NA,NA,NA,NA,NA,NA,NA,NA,NA,NA,9.83,243,NA,14.076
133,0.50779,NA,163,"2026-03-14_FELIO",4.27350427350427,454,NA,NA,NA,NA,NA,NA,NA,NA,NA,NA,NA,NA,NA,NA,NA,NA,NA,10.01,246,NA,14.04
134,0.51169,NA,163,"2026-03-14_FELIO",4.28338901739056,455,NA,NA,NA,NA,NA,NA,NA,NA,NA,NA,NA,NA,NA,NA,NA,NA,NA,10.19,249,NA,14.0076
135,0.51556,NA,163,"2026-03-14_FELIO",4.30440771349862,453,NA,NA,NA,NA,NA,NA,NA,NA,NA,NA,NA,NA,NA,NA,NA,NA,NA,10.18,249,NA,13.9392
136,0.51943,NA,163,"2026-03-14_FELIO",4.30440771349862,453,NA,NA,NA,NA,NA,NA,NA,NA,NA,NA,NA,NA,NA,NA,NA,NA,NA,10.18,249,NA,13.9392
137,0.52331,NA,163,"2026-03-14_FELIO",4.29331959471063,453,NA,NA,NA,NA,NA,NA,NA,NA,NA,NA,NA,NA,NA,NA,NA,NA,NA,10,246,NA,13.9752
138,0.52719,NA,163,"2026-03-14_FELIO",4.29331959471063,454,NA,NA,NA,NA,NA,NA,NA,NA,NA,NA,NA,NA,NA,NA,NA,NA,NA,10,246,NA,13.9752
139,0.53109,NA,163,"2026-03-14_FELIO",4.28338901739056,457,NA,NA,NA,NA,NA,NA,NA,NA,NA,NA,NA,NA,NA,NA,NA,NA,NA,10.01,246,NA,14.0076
140,0.53498,NA,163,"2026-03-14_FELIO",4.28338901739056,457,NA,NA,NA,NA,NA,NA,NA,NA,NA,NA,NA,NA,NA,NA,NA,NA,NA,10.01,246,NA,14.0076
141,0.53888,NA,164,"2026-03-14_FELIO",4.27350427350427,458,NA,NA,NA,NA,NA,NA,NA,NA,NA,NA,NA,NA,NA,NA,NA,NA,NA,10.01,246,NA,14.04
142,0.54278,NA,164,"2026-03-14_FELIO",4.26257459505541,460,NA,NA,NA,NA,NA,NA,NA,NA,NA,NA,NA,NA,NA,NA,NA,NA,NA,10.05,245,NA,14.076
143,0.5467,NA,164,"2026-03-14_FELIO",4.25278557455133,462,NA,NA,NA,NA,NA,NA,NA,NA,NA,NA,NA,NA,NA,NA,NA,NA,NA,10.05,245,NA,14.1084
144,0.55065,NA,164,"2026-03-14_FELIO",4.2322668020992,466,NA,NA,NA,NA,NA,NA,NA,NA,NA,NA,NA,NA,NA,NA,NA,NA,NA,10.05,245,NA,14.1768
145,0.55459,NA,165,"2026-03-14_FELIO",4.22261633307998,467,NA,NA,NA,NA,NA,NA,NA,NA,NA,NA,NA,NA,NA,NA,NA,NA,NA,10.09,244,NA,14.2092
146,0.55853,NA,165,"2026-03-14_FELIO",4.22261633307998,466,NA,NA,NA,NA,NA,NA,NA,NA,NA,NA,NA,NA,NA,NA,NA,NA,NA,10.09,244,NA,14.2092
147,0.5625,NA,165,"2026-03-14_FELIO",4.21300977418268,466,NA,NA,NA,NA,NA,NA,NA,NA,NA,NA,NA,NA,NA,NA,NA,NA,NA,10.09,244,NA,14.2416
148,0.56645,NA,165,"2026-03-14_FELIO",4.21300977418268,464,NA,NA,NA,NA,NA,NA,NA,NA,NA,NA,NA,NA,NA,NA,NA,NA,NA,10.09,244,NA,14.2416
149,0.5704,NA,164,"2026-03-14_FELIO",4.21300977418268,463,NA,NA,NA,NA,NA,NA,NA,NA,NA,NA,NA,NA,NA,NA,NA,NA,NA,10.09,244,NA,14.2416
150,0.57436,NA,165,"2026-03-14_FELIO",4.21300977418268,463,NA,NA,NA,NA,NA,NA,NA,NA,NA,NA,NA,NA,NA,NA,NA,NA,NA,10.09,244,NA,14.2416
151,0.57831,NA,165,"2026-03-14_FELIO",4.22261633307998,461,NA,NA,NA,NA,NA,NA,NA,NA,NA,NA,NA,NA,NA,NA,NA,NA,NA,10.09,244,NA,14.2092
152,0.58225,NA,165,"2026-03-14_FELIO",4.22261633307998,462,NA,NA,NA,NA,NA,NA,NA,NA,NA,NA,NA,NA,NA,NA,NA,NA,NA,10.27,247,NA,14.2092
153,0.5862,NA,164,"2026-03-14_FELIO",4.22261633307998,460,NA,NA,NA,NA,NA,NA,NA,NA,NA,NA,NA,NA,NA,NA,NA,NA,NA,10.09,244,NA,14.2092
154,0.59015,NA,165,"2026-03-14_FELIO",4.22261633307998,460,NA,NA,NA,NA,NA,NA,NA,NA,NA,NA,NA,NA,NA,NA,NA,NA,NA,10.09,244,NA,14.2092
155,0.59409,NA,165,"2026-03-14_FELIO",4.22261633307998,460,NA,NA,NA,NA,NA,NA,NA,NA,NA,NA,NA,NA,NA,NA,NA,NA,NA,10.09,244,NA,14.2092
156,0.59803,NA,165,"2026-03-14_FELIO",4.2322668020992,459,NA,NA,NA,NA,NA,NA,NA,NA,NA,NA,NA,NA,NA,NA,NA,NA,NA,10.05,245,NA,14.1768
157,0.60197,NA,164,"2026-03-14_FELIO",4.2322668020992,459,NA,NA,NA,NA,NA,NA,NA,NA,NA,NA,NA,NA,NA,NA,NA,NA,NA,10.05,245,NA,14.1768
158,0.60591,NA,165,"2026-03-14_FELIO",4.2322668020992,459,NA,NA,NA,NA,NA,NA,NA,NA,NA,NA,NA,NA,NA,NA,NA,NA,NA,10.05,245,NA,14.1768
159,0.60984,NA,165,"2026-03-14_FELIO",4.2322668020992,456,NA,NA,NA,NA,NA,NA,NA,NA,NA,NA,NA,NA,NA,NA,NA,NA,NA,9.71,239,NA,14.1768
160,0.61378,NA,165,"2026-03-14_FELIO",4.24304141208418,455,NA,NA,NA,NA,NA,NA,NA,NA,NA,NA,NA,NA,NA,NA,NA,NA,NA,9.67,240,NA,14.1408
161,0.6177,NA,165,"2026-03-14_FELIO",4.24304141208418,457,NA,NA,NA,NA,NA,NA,NA,NA,NA,NA,NA,NA,NA,NA,NA,NA,NA,9.87,242,NA,14.1408
162,0.62163,NA,165,"2026-03-14_FELIO",4.24304141208418,459,NA,NA,NA,NA,NA,NA,NA,NA,NA,NA,NA,NA,NA,NA,NA,NA,NA,9.87,242,NA,14.1408
163,0.62556,NA,164,"2026-03-14_FELIO",4.24304141208418,460,NA,NA,NA,NA,NA,NA,NA,NA,NA,NA,NA,NA,NA,NA,NA,NA,NA,10.05,245,NA,14.1408
164,0.62949,NA,165,"2026-03-14_FELIO",4.24304141208418,457,NA,NA,NA,NA,NA,NA,NA,NA,NA,NA,NA,NA,NA,NA,NA,NA,NA,9.87,242,NA,14.1408
165,0.63341,NA,165,"2026-03-14_FELIO",4.24304141208418,458,NA,NA,NA,NA,NA,NA,NA,NA,NA,NA,NA,NA,NA,NA,NA,NA,NA,10.05,245,NA,14.1408
166,0.63735,NA,165,"2026-03-14_FELIO",4.2322668020992,459,NA,NA,NA,NA,NA,NA,NA,NA,NA,NA,NA,NA,NA,NA,NA,NA,NA,10.05,245,NA,14.1768
167,0.6413,NA,165,"2026-03-14_FELIO",4.22261633307998,460,NA,NA,NA,NA,NA,NA,NA,NA,NA,NA,NA,NA,NA,NA,NA,NA,NA,10.09,244,NA,14.2092
168,0.64526,NA,165,"2026-03-14_FELIO",4.21300977418268,461,NA,NA,NA,NA,NA,NA,NA,NA,NA,NA,NA,NA,NA,NA,NA,NA,NA,10.09,244,NA,14.2416
169,0.64922,NA,165,"2026-03-14_FELIO",4.20238695579089,463,NA,NA,NA,NA,NA,NA,NA,NA,NA,NA,NA,NA,NA,NA,NA,NA,NA,10.09,244,NA,14.2776
170,0.6532,NA,165,"2026-03-14_FELIO",4.18340026773762,464,NA,NA,NA,NA,NA,NA,NA,NA,NA,NA,NA,NA,NA,NA,NA,NA,NA,9.92,241,NA,14.3424
171,0.6572,NA,165,"2026-03-14_FELIO",4.17292605575029,465,NA,NA,NA,NA,NA,NA,NA,NA,NA,NA,NA,NA,NA,NA,NA,NA,NA,9.92,241,NA,14.3784
172,0.6612,NA,165,"2026-03-14_FELIO",4.16354400866017,466,NA,NA,NA,NA,NA,NA,NA,NA,NA,NA,NA,NA,NA,NA,NA,NA,NA,9.96,240,NA,14.4108
173,0.66521,NA,165,"2026-03-14_FELIO",4.15420405450316,467,NA,NA,NA,NA,NA,NA,NA,NA,NA,NA,NA,NA,NA,NA,NA,NA,NA,9.96,240,NA,14.4432
174,0.66923,NA,166,"2026-03-14_FELIO",4.15420405450316,463,NA,NA,NA,NA,NA,NA,NA,NA,NA,NA,NA,NA,NA,NA,NA,NA,NA,9.79,237,NA,14.4432
175,0.67324,NA,166,"2026-03-14_FELIO",4.15420405450316,463,NA,NA,NA,NA,NA,NA,NA,NA,NA,NA,NA,NA,NA,NA,NA,NA,NA,9.79,237,NA,14.4432
176,0.67726,NA,166,"2026-03-14_FELIO",4.1438753522294,464,NA,NA,NA,NA,NA,NA,NA,NA,NA,NA,NA,NA,NA,NA,NA,NA,NA,9.79,237,NA,14.4792
177,0.68129,NA,166,"2026-03-14_FELIO",4.13462333581411,465,NA,NA,NA,NA,NA,NA,NA,NA,NA,NA,NA,NA,NA,NA,NA,NA,NA,9.79,237,NA,14.5116
178,0.68531,NA,165,"2026-03-14_FELIO",4.1438753522294,465,NA,NA,NA,NA,NA,NA,NA,NA,NA,NA,NA,NA,NA,NA,NA,NA,NA,9.96,240,NA,14.4792
179,0.68932,NA,165,"2026-03-14_FELIO",4.15420405450316,462,NA,NA,NA,NA,NA,NA,NA,NA,NA,NA,NA,NA,NA,NA,NA,NA,NA,9.96,240,NA,14.4432
180,0.69333,NA,165,"2026-03-14_FELIO",4.16354400866017,463,NA,NA,NA,NA,NA,NA,NA,NA,NA,NA,NA,NA,NA,NA,NA,NA,NA,10.13,243,NA,14.4108
181,0.69733,NA,165,"2026-03-14_FELIO",4.16354400866017,463,NA,NA,NA,NA,NA,NA,NA,NA,NA,NA,NA,NA,NA,NA,NA,NA,NA,10.13,243,NA,14.4108
182,0.70132,NA,166,"2026-03-14_FELIO",4.17292605575029,461,NA,NA,NA,NA,NA,NA,NA,NA,NA,NA,NA,NA,NA,NA,NA,NA,NA,10.13,243,NA,14.3784
183,0.70532,NA,166,"2026-03-14_FELIO",4.17292605575029,462,NA,NA,NA,NA,NA,NA,NA,NA,NA,NA,NA,NA,NA,NA,NA,NA,NA,10.13,243,NA,14.3784
184,0.70931,NA,166,"2026-03-14_FELIO",4.17292605575029,462,NA,NA,NA,NA,NA,NA,NA,NA,NA,NA,NA,NA,NA,NA,NA,NA,NA,10.13,243,NA,14.3784
185,0.71331,NA,166,"2026-03-14_FELIO",4.17292605575029,462,NA,NA,NA,NA,NA,NA,NA,NA,NA,NA,NA,NA,NA,NA,NA,NA,NA,10.13,243,NA,14.3784
186,0.7173,NA,166,"2026-03-14_FELIO",4.17292605575029,463,NA,NA,NA,NA,NA,NA,NA,NA,NA,NA,NA,NA,NA,NA,NA,NA,NA,10.13,243,NA,14.3784
187,0.72128,NA,166,"2026-03-14_FELIO",4.18340026773762,462,NA,NA,NA,NA,NA,NA,NA,NA,NA,NA,NA,NA,NA,NA,NA,NA,NA,10.13,243,NA,14.3424
188,0.72527,NA,165,"2026-03-14_FELIO",4.18340026773762,464,NA,NA,NA,NA,NA,NA,NA,NA,NA,NA,NA,NA,NA,NA,NA,NA,NA,10.32,246,NA,14.3424
189,0.72925,NA,166,"2026-03-14_FELIO",4.18340026773762,464,NA,NA,NA,NA,NA,NA,NA,NA,NA,NA,NA,NA,NA,NA,NA,NA,NA,10.32,246,NA,14.3424
190,0.73323,NA,166,"2026-03-14_FELIO",4.18340026773762,464,NA,NA,NA,NA,NA,NA,NA,NA,NA,NA,NA,NA,NA,NA,NA,NA,NA,10.32,246,NA,14.3424
191,0.73721,NA,166,"2026-03-14_FELIO",4.19287211740042,464,NA,NA,NA,NA,NA,NA,NA,NA,NA,NA,NA,NA,NA,NA,NA,NA,NA,10.28,247,NA,14.31
192,0.74118,NA,165,"2026-03-14_FELIO",4.19287211740042,464,NA,NA,NA,NA,NA,NA,NA,NA,NA,NA,NA,NA,NA,NA,NA,NA,NA,10.28,247,NA,14.31
193,0.74515,NA,166,"2026-03-14_FELIO",4.20238695579089,462,NA,NA,NA,NA,NA,NA,NA,NA,NA,NA,NA,NA,NA,NA,NA,NA,NA,10.09,244,NA,14.2776
194,0.74911,NA,166,"2026-03-14_FELIO",4.21300977418268,460,NA,NA,NA,NA,NA,NA,NA,NA,NA,NA,NA,NA,NA,NA,NA,NA,NA,9.88,242,NA,14.2416
195,0.75307,NA,166,"2026-03-14_FELIO",4.20238695579089,461,NA,NA,NA,NA,NA,NA,NA,NA,NA,NA,NA,NA,NA,NA,NA,NA,NA,9.92,241,NA,14.2776
196,0.75704,NA,165,"2026-03-14_FELIO",4.20238695579089,461,NA,NA,NA,NA,NA,NA,NA,NA,NA,NA,NA,NA,NA,NA,NA,NA,NA,9.92,241,NA,14.2776
197,0.761,NA,166,"2026-03-14_FELIO",4.20238695579089,461,NA,NA,NA,NA,NA,NA,NA,NA,NA,NA,NA,NA,NA,NA,NA,NA,NA,9.92,241,NA,14.2776
198,0.76497,NA,166,"2026-03-14_FELIO",4.20238695579089,463,NA,NA,NA,NA,NA,NA,NA,NA,NA,NA,NA,NA,NA,NA,NA,NA,NA,9.92,241,NA,14.2776
199,0.76894,NA,166,"2026-03-14_FELIO",4.19287211740042,462,NA,NA,NA,NA,NA,NA,NA,NA,NA,NA,NA,NA,NA,NA,NA,NA,NA,9.75,238,NA,14.31
200,0.77294,NA,167,"2026-03-14_FELIO",4.17292605575029,466,NA,NA,NA,NA,NA,NA,NA,NA,NA,NA,NA,NA,NA,NA,NA,NA,NA,9.75,238,NA,14.3784
201,0.77694,NA,167,"2026-03-14_FELIO",4.16354400866017,467,NA,NA,NA,NA,NA,NA,NA,NA,NA,NA,NA,NA,NA,NA,NA,NA,NA,9.59,235,NA,14.4108
202,0.78096,NA,167,"2026-03-14_FELIO",4.1438753522294,471,NA,NA,NA,NA,NA,NA,NA,NA,NA,NA,NA,NA,NA,NA,NA,NA,NA,9.59,235,NA,14.4792
203,0.78499,NA,167,"2026-03-14_FELIO",4.13462333581411,474,NA,NA,NA,NA,NA,NA,NA,NA,NA,NA,NA,NA,NA,NA,NA,NA,NA,9.79,237,NA,14.5116
204,0.78902,NA,167,"2026-03-14_FELIO",4.13462333581411,472,NA,NA,NA,NA,NA,NA,NA,NA,NA,NA,NA,NA,NA,NA,NA,NA,NA,9.79,237,NA,14.5116
205,0.79305,NA,168,"2026-03-14_FELIO",4.1438753522294,471,NA,NA,NA,NA,NA,NA,NA,NA,NA,NA,NA,NA,NA,NA,NA,NA,NA,9.96,240,NA,14.4792
206,0.797,NA,168,"2026-03-14_FELIO",4.21300977418268,462,NA,NA,NA,NA,NA,NA,NA,NA,NA,NA,NA,NA,NA,NA,NA,NA,NA,9.88,242,NA,14.2416
207,0.80089,NA,168,"2026-03-14_FELIO",4.28338901739056,456,NA,NA,NA,NA,NA,NA,NA,NA,NA,NA,NA,NA,NA,NA,NA,NA,NA,10.01,246,NA,14.0076
208,0.80478,NA,167,"2026-03-14_FELIO",4.28338901739056,458,NA,NA,NA,NA,NA,NA,NA,NA,NA,NA,NA,NA,NA,NA,NA,NA,NA,10.19,249,NA,14.0076
209,0.80868,NA,168,"2026-03-14_FELIO",4.27350427350427,459,NA,NA,NA,NA,NA,NA,NA,NA,NA,NA,NA,NA,NA,NA,NA,NA,NA,10.19,249,NA,14.04
210,0.81258,NA,168,"2026-03-14_FELIO",4.27350427350427,457,NA,NA,NA,NA,NA,NA,NA,NA,NA,NA,NA,NA,NA,NA,NA,NA,NA,10.01,246,NA,14.04
211,0.81648,NA,167,"2026-03-14_FELIO",4.27350427350427,458,NA,NA,NA,NA,NA,NA,NA,NA,NA,NA,NA,NA,NA,NA,NA,NA,NA,10.01,246,NA,14.04
212,0.8204,NA,168,"2026-03-14_FELIO",4.26257459505541,460,NA,NA,NA,NA,NA,NA,NA,NA,NA,NA,NA,NA,NA,NA,NA,NA,NA,10.05,245,NA,14.076
213,0.8243,NA,167,"2026-03-14_FELIO",4.26257459505541,459,NA,NA,NA,NA,NA,NA,NA,NA,NA,NA,NA,NA,NA,NA,NA,NA,NA,10.05,245,NA,14.076
214,0.82821,NA,167,"2026-03-14_FELIO",4.26257459505541,460,NA,NA,NA,NA,NA,NA,NA,NA,NA,NA,NA,NA,NA,NA,NA,NA,NA,10.23,248,NA,14.076
215,0.83212,NA,167,"2026-03-14_FELIO",4.26257459505541,460,NA,NA,NA,NA,NA,NA,NA,NA,NA,NA,NA,NA,NA,NA,NA,NA,NA,10.23,248,NA,14.076
216,0.83603,NA,166,"2026-03-14_FELIO",4.26257459505541,459,NA,NA,NA,NA,NA,NA,NA,NA,NA,NA,NA,NA,NA,NA,NA,NA,NA,10.23,248,NA,14.076
217,0.83988,NA,166,"2026-03-14_FELIO",4.32451133021969,452,NA,NA,NA,NA,NA,NA,NA,NA,NA,NA,NA,NA,NA,NA,NA,NA,NA,10.14,250,NA,13.8744
218,0.84363,NA,166,"2026-03-14_FELIO",4.44325957522438,440,NA,NA,NA,NA,NA,NA,NA,NA,NA,NA,NA,NA,NA,NA,NA,NA,NA,10.05,252,NA,13.5036
219,0.84732,NA,166,"2026-03-14_FELIO",4.52161331162959,434,NA,NA,NA,NA,NA,NA,NA,NA,NA,NA,NA,NA,NA,NA,NA,NA,NA,10.14,257,NA,13.2696
220,0.85104,NA,166,"2026-03-14_FELIO",4.476676515355,437,NA,NA,NA,NA,NA,NA,NA,NA,NA,NA,NA,NA,NA,NA,NA,NA,NA,10,253,NA,13.4028
221,0.85482,NA,166,"2026-03-14_FELIO",4.42086648983201,443,NA,NA,NA,NA,NA,NA,NA,NA,NA,NA,NA,NA,NA,NA,NA,NA,NA,10.05,252,NA,13.572
222,0.85862,NA,166,"2026-03-14_FELIO",4.37790035898783,450,NA,NA,NA,NA,NA,NA,NA,NA,NA,NA,NA,NA,NA,NA,NA,NA,NA,9.92,248,NA,13.7052
223,0.86245,NA,166,"2026-03-14_FELIO",4.3561596096881,456,NA,NA,NA,NA,NA,NA,NA,NA,NA,NA,NA,NA,NA,NA,NA,NA,NA,9.75,245,NA,13.7736
224,0.8663,NA,166,"2026-03-14_FELIO",4.32451133021969,458,NA,NA,NA,NA,NA,NA,NA,NA,NA,NA,NA,NA,NA,NA,NA,NA,NA,9.79,244,NA,13.8744
225,0.87018,NA,165,"2026-03-14_FELIO",4.29331959471063,460,NA,NA,NA,NA,NA,NA,NA,NA,NA,NA,NA,NA,NA,NA,NA,NA,NA,10,246,NA,13.9752
226,0.87414,NA,166,"2026-03-14_FELIO",4.21300977418268,471,NA,NA,NA,NA,NA,NA,NA,NA,NA,NA,NA,NA,NA,NA,NA,NA,NA,10.09,244,NA,14.2416
227,0.87813,NA,166,"2026-03-14_FELIO",4.17292605575029,476,NA,NA,NA,NA,NA,NA,NA,NA,NA,NA,NA,NA,NA,NA,NA,NA,NA,10.13,243,NA,14.3784
228,0.88214,NA,166,"2026-03-14_FELIO",4.15420405450316,475,NA,NA,NA,NA,NA,NA,NA,NA,NA,NA,NA,NA,NA,NA,NA,NA,NA,9.96,240,NA,14.4432
229,0.88614,NA,166,"2026-03-14_FELIO",4.16354400866017,471,NA,NA,NA,NA,NA,NA,NA,NA,NA,NA,NA,NA,NA,NA,NA,NA,NA,9.96,240,NA,14.4108
230,0.89015,NA,165,"2026-03-14_FELIO",4.16354400866017,464,NA,NA,NA,NA,NA,NA,NA,NA,NA,NA,NA,NA,NA,NA,NA,NA,NA,9.96,240,NA,14.4108
231,0.89416,NA,166,"2026-03-14_FELIO",4.15420405450316,463,NA,NA,NA,NA,NA,NA,NA,NA,NA,NA,NA,NA,NA,NA,NA,NA,NA,9.96,240,NA,14.4432
232,0.89818,NA,165,"2026-03-14_FELIO",4.1438753522294,464,NA,NA,NA,NA,NA,NA,NA,NA,NA,NA,NA,NA,NA,NA,NA,NA,NA,10.17,242,NA,14.4792
233,0.9022,NA,165,"2026-03-14_FELIO",4.1438753522294,465,NA,NA,NA,NA,NA,NA,NA,NA,NA,NA,NA,NA,NA,NA,NA,NA,NA,10.17,242,NA,14.4792
234,0.90622,NA,165,"2026-03-14_FELIO",4.15420405450316,463,NA,NA,NA,NA,NA,NA,NA,NA,NA,NA,NA,NA,NA,NA,NA,NA,NA,10.14,243,NA,14.4432
235,0.91022,NA,165,"2026-03-14_FELIO",4.16354400866017,461,NA,NA,NA,NA,NA,NA,NA,NA,NA,NA,NA,NA,NA,NA,NA,NA,NA,10.13,243,NA,14.4108
236,0.9142,NA,165,"2026-03-14_FELIO",4.18340026773762,459,NA,NA,NA,NA,NA,NA,NA,NA,NA,NA,NA,NA,NA,NA,NA,NA,NA,10.32,246,NA,14.3424
237,0.91818,NA,164,"2026-03-14_FELIO",4.19287211740042,459,NA,NA,NA,NA,NA,NA,NA,NA,NA,NA,NA,NA,NA,NA,NA,NA,NA,10.47,250,NA,14.31
238,0.92214,NA,164,"2026-03-14_FELIO",4.20238695579089,458,NA,NA,NA,NA,NA,NA,NA,NA,NA,NA,NA,NA,NA,NA,NA,NA,NA,10.47,250,NA,14.2776
239,0.92609,NA,164,"2026-03-14_FELIO",4.22261633307998,454,NA,NA,NA,NA,NA,NA,NA,NA,NA,NA,NA,NA,NA,NA,NA,NA,NA,10.27,247,NA,14.2092
240,0.93003,NA,164,"2026-03-14_FELIO",4.2322668020992,453,NA,NA,NA,NA,NA,NA,NA,NA,NA,NA,NA,NA,NA,NA,NA,NA,NA,10.23,248,NA,14.1768
241,0.93396,NA,164,"2026-03-14_FELIO",4.24304141208418,451,NA,NA,NA,NA,NA,NA,NA,NA,NA,NA,NA,NA,NA,NA,NA,NA,NA,10.05,245,NA,14.1408
242,0.93788,NA,164,"2026-03-14_FELIO",4.24304141208418,451,NA,NA,NA,NA,NA,NA,NA,NA,NA,NA,NA,NA,NA,NA,NA,NA,NA,10.05,245,NA,14.1408
243,0.94181,NA,164,"2026-03-14_FELIO",4.24304141208418,452,NA,NA,NA,NA,NA,NA,NA,NA,NA,NA,NA,NA,NA,NA,NA,NA,NA,10.05,245,NA,14.1408
244,0.94574,NA,164,"2026-03-14_FELIO",4.24304141208418,452,NA,NA,NA,NA,NA,NA,NA,NA,NA,NA,NA,NA,NA,NA,NA,NA,NA,10.05,245,NA,14.1408
245,0.94966,NA,164,"2026-03-14_FELIO",4.25278557455133,452,NA,NA,NA,NA,NA,NA,NA,NA,NA,NA,NA,NA,NA,NA,NA,NA,NA,10.05,245,NA,14.1084
246,0.95357,NA,164,"2026-03-14_FELIO",4.26257459505541,453,NA,NA,NA,NA,NA,NA,NA,NA,NA,NA,NA,NA,NA,NA,NA,NA,NA,10.23,248,NA,14.076
247,0.95747,NA,163,"2026-03-14_FELIO",4.27350427350427,452,NA,NA,NA,NA,NA,NA,NA,NA,NA,NA,NA,NA,NA,NA,NA,NA,NA,10.19,249,NA,14.04
248,0.96136,NA,164,"2026-03-14_FELIO",4.28338901739056,452,NA,NA,NA,NA,NA,NA,NA,NA,NA,NA,NA,NA,NA,NA,NA,NA,NA,10.19,249,NA,14.0076
249,0.96524,NA,164,"2026-03-14_FELIO",4.29331959471063,451,NA,NA,NA,NA,NA,NA,NA,NA,NA,NA,NA,NA,NA,NA,NA,NA,NA,10.19,249,NA,13.9752
250,0.96912,NA,164,"2026-03-14_FELIO",4.29331959471063,452,NA,NA,NA,NA,NA,NA,NA,NA,NA,NA,NA,NA,NA,NA,NA,NA,NA,10.19,249,NA,13.9752
251,0.97301,NA,164,"2026-03-14_FELIO",4.28338901739056,453,NA,NA,NA,NA,NA,NA,NA,NA,NA,NA,NA,NA,NA,NA,NA,NA,NA,10.19,249,NA,14.0076
252,0.9769,NA,164,"2026-03-14_FELIO",4.28338901739056,452,NA,NA,NA,NA,NA,NA,NA,NA,NA,NA,NA,NA,NA,NA,NA,NA,NA,10.01,246,NA,14.0076
253,0.98081,NA,164,"2026-03-14_FELIO",4.27350427350427,455,NA,NA,NA,NA,NA,NA,NA,NA,NA,NA,NA,NA,NA,NA,NA,NA,NA,10.01,246,NA,14.04
254,0.9847,NA,164,"2026-03-14_FELIO",4.27350427350427,456,NA,NA,NA,NA,NA,NA,NA,NA,NA,NA,NA,NA,NA,NA,NA,NA,NA,10.01,246,NA,14.04
255,0.98861,NA,164,"2026-03-14_FELIO",4.26257459505541,457,NA,NA,NA,NA,NA,NA,NA,NA,NA,NA,NA,NA,NA,NA,NA,NA,NA,10.05,245,NA,14.076
256,0.99256,NA,166,"2026-03-14_FELIO",4.2322668020992,463,NA,NA,NA,NA,NA,NA,NA,NA,NA,NA,NA,NA,NA,NA,NA,NA,NA,10.05,245,NA,14.1768
257,0.99652,NA,168,"2026-03-14_FELIO",4.20238695579089,468,NA,NA,NA,NA,NA,NA,NA,NA,NA,NA,NA,NA,NA,NA,NA,NA,NA,10.09,244,NA,14.2776
258,1.00046,NA,169,"2026-03-14_FELIO",4.22261633307998,465,NA,NA,NA,NA,NA,NA,NA,NA,NA,NA,NA,NA,NA,NA,NA,NA,NA,10.09,244,NA,14.2092
259,1.0044,NA,169,"2026-03-14_FELIO",4.2322668020992,462,NA,NA,NA,NA,NA,NA,NA,NA,NA,NA,NA,NA,NA,NA,NA,NA,NA,10.05,245,NA,14.1768
260,1.00832,NA,170,"2026-03-14_FELIO",4.25278557455133,458,NA,NA,NA,NA,NA,NA,NA,NA,NA,NA,NA,NA,NA,NA,NA,NA,NA,10.05,245,NA,14.1084
261,1.01224,NA,170,"2026-03-14_FELIO",4.25278557455133,458,NA,NA,NA,NA,NA,NA,NA,NA,NA,NA,NA,NA,NA,NA,NA,NA,NA,10.05,245,NA,14.1084
262,1.01615,NA,170,"2026-03-14_FELIO",4.26257459505541,457,NA,NA,NA,NA,NA,NA,NA,NA,NA,NA,NA,NA,NA,NA,NA,NA,NA,10.05,245,NA,14.076
263,1.02006,NA,170,"2026-03-14_FELIO",4.26257459505541,459,NA,NA,NA,NA,NA,NA,NA,NA,NA,NA,NA,NA,NA,NA,NA,NA,NA,10.23,248,NA,14.076
264,1.02397,NA,170,"2026-03-14_FELIO",4.26257459505541,459,NA,NA,NA,NA,NA,NA,NA,NA,NA,NA,NA,NA,NA,NA,NA,NA,NA,10.23,248,NA,14.076
265,1.02788,NA,170,"2026-03-14_FELIO",4.26257459505541,460,NA,NA,NA,NA,NA,NA,NA,NA,NA,NA,NA,NA,NA,NA,NA,NA,NA,10.23,248,NA,14.076
266,1.03179,NA,170,"2026-03-14_FELIO",4.26257459505541,460,NA,NA,NA,NA,NA,NA,NA,NA,NA,NA,NA,NA,NA,NA,NA,NA,NA,10.23,248,NA,14.076
267,1.0357,NA,170,"2026-03-14_FELIO",4.26257459505541,460,NA,NA,NA,NA,NA,NA,NA,NA,NA,NA,NA,NA,NA,NA,NA,NA,NA,10.23,248,NA,14.076
268,1.03962,NA,170,"2026-03-14_FELIO",4.25278557455133,460,NA,NA,NA,NA,NA,NA,NA,NA,NA,NA,NA,NA,NA,NA,NA,NA,NA,10.05,245,NA,14.1084
269,1.04354,NA,170,"2026-03-14_FELIO",4.25278557455133,460,NA,NA,NA,NA,NA,NA,NA,NA,NA,NA,NA,NA,NA,NA,NA,NA,NA,10.05,245,NA,14.1084
270,1.04745,NA,170,"2026-03-14_FELIO",4.25278557455133,460,NA,NA,NA,NA,NA,NA,NA,NA,NA,NA,NA,NA,NA,NA,NA,NA,NA,10.05,245,NA,14.1084
271,1.05139,NA,170,"2026-03-14_FELIO",4.24304141208418,460,NA,NA,NA,NA,NA,NA,NA,NA,NA,NA,NA,NA,NA,NA,NA,NA,NA,9.87,242,NA,14.1408
272,1.05531,NA,170,"2026-03-14_FELIO",4.24304141208418,459,NA,NA,NA,NA,NA,NA,NA,NA,NA,NA,NA,NA,NA,NA,NA,NA,NA,9.87,242,NA,14.1408
273,1.05923,NA,170,"2026-03-14_FELIO",4.25278557455133,457,NA,NA,NA,NA,NA,NA,NA,NA,NA,NA,NA,NA,NA,NA,NA,NA,NA,9.87,242,NA,14.1084
274,1.06315,NA,170,"2026-03-14_FELIO",4.25278557455133,459,NA,NA,NA,NA,NA,NA,NA,NA,NA,NA,NA,NA,NA,NA,NA,NA,NA,10.05,245,NA,14.1084
275,1.06707,NA,169,"2026-03-14_FELIO",4.25278557455133,458,NA,NA,NA,NA,NA,NA,NA,NA,NA,NA,NA,NA,NA,NA,NA,NA,NA,10.05,245,NA,14.1084
276,1.07099,NA,170,"2026-03-14_FELIO",4.25278557455133,458,NA,NA,NA,NA,NA,NA,NA,NA,NA,NA,NA,NA,NA,NA,NA,NA,NA,10.05,245,NA,14.1084
277,1.07489,NA,170,"2026-03-14_FELIO",4.27350427350427,456,NA,NA,NA,NA,NA,NA,NA,NA,NA,NA,NA,NA,NA,NA,NA,NA,NA,10.01,246,NA,14.04
278,1.07878,NA,169,"2026-03-14_FELIO",4.28338901739056,455,NA,NA,NA,NA,NA,NA,NA,NA,NA,NA,NA,NA,NA,NA,NA,NA,NA,10.01,246,NA,14.0076
279,1.08266,NA,169,"2026-03-14_FELIO",4.29331959471063,454,NA,NA,NA,NA,NA,NA,NA,NA,NA,NA,NA,NA,NA,NA,NA,NA,NA,10,246,NA,13.9752
280,1.08653,NA,169,"2026-03-14_FELIO",4.30440771349862,451,NA,NA,NA,NA,NA,NA,NA,NA,NA,NA,NA,NA,NA,NA,NA,NA,NA,9.79,244,NA,13.9392
281,1.09044,NA,170,"2026-03-14_FELIO",4.26257459505541,457,NA,NA,NA,NA,NA,NA,NA,NA,NA,NA,NA,NA,NA,NA,NA,NA,NA,9.83,243,NA,14.076
282,1.09438,NA,169,"2026-03-14_FELIO",4.2322668020992,464,NA,NA,NA,NA,NA,NA,NA,NA,NA,NA,NA,NA,NA,NA,NA,NA,NA,9.88,242,NA,14.1768
283,1.09833,NA,169,"2026-03-14_FELIO",4.21300977418268,468,NA,NA,NA,NA,NA,NA,NA,NA,NA,NA,NA,NA,NA,NA,NA,NA,NA,9.88,242,NA,14.2416
284,1.10232,NA,169,"2026-03-14_FELIO",4.18340026773762,474,NA,NA,NA,NA,NA,NA,NA,NA,NA,NA,NA,NA,NA,NA,NA,NA,NA,9.92,241,NA,14.3424
285,1.10632,NA,169,"2026-03-14_FELIO",4.16354400866017,474,NA,NA,NA,NA,NA,NA,NA,NA,NA,NA,NA,NA,NA,NA,NA,NA,NA,9.96,240,NA,14.4108
286,1.11034,NA,169,"2026-03-14_FELIO",4.15420405450316,473,NA,NA,NA,NA,NA,NA,NA,NA,NA,NA,NA,NA,NA,NA,NA,NA,NA,9.96,240,NA,14.4432
287,1.11434,NA,168,"2026-03-14_FELIO",4.16354400866017,470,NA,NA,NA,NA,NA,NA,NA,NA,NA,NA,NA,NA,NA,NA,NA,NA,NA,9.96,240,NA,14.4108
288,1.11832,NA,168,"2026-03-14_FELIO",4.18340026773762,465,NA,NA,NA,NA,NA,NA,NA,NA,NA,NA,NA,NA,NA,NA,NA,NA,NA,10.13,243,NA,14.3424
289,1.1223,NA,169,"2026-03-14_FELIO",4.19287211740042,463,NA,NA,NA,NA,NA,NA,NA,NA,NA,NA,NA,NA,NA,NA,NA,NA,NA,10.09,244,NA,14.31
290,1.12626,NA,169,"2026-03-14_FELIO",4.20238695579089,462,NA,NA,NA,NA,NA,NA,NA,NA,NA,NA,NA,NA,NA,NA,NA,NA,NA,10.09,244,NA,14.2776
291,1.13021,NA,169,"2026-03-14_FELIO",4.22261633307998,460,NA,NA,NA,NA,NA,NA,NA,NA,NA,NA,NA,NA,NA,NA,NA,NA,NA,10.09,244,NA,14.2092
292,1.13414,NA,169,"2026-03-14_FELIO",4.24304141208418,459,NA,NA,NA,NA,NA,NA,NA,NA,NA,NA,NA,NA,NA,NA,NA,NA,NA,10.23,248,NA,14.1408
293,1.13806,NA,169,"2026-03-14_FELIO",4.25278557455133,458,NA,NA,NA,NA,NA,NA,NA,NA,NA,NA,NA,NA,NA,NA,NA,NA,NA,10.23,248,NA,14.1084
294,1.14198,NA,169,"2026-03-14_FELIO",4.24304141208418,457,NA,NA,NA,NA,NA,NA,NA,NA,NA,NA,NA,NA,NA,NA,NA,NA,NA,10.05,245,NA,14.1408
295,1.14591,NA,168,"2026-03-14_FELIO",4.24304141208418,457,NA,NA,NA,NA,NA,NA,NA,NA,NA,NA,NA,NA,NA,NA,NA,NA,NA,10.05,245,NA,14.1408
296,1.14984,NA,168,"2026-03-14_FELIO",4.24304141208418,457,NA,NA,NA,NA,NA,NA,NA,NA,NA,NA,NA,NA,NA,NA,NA,NA,NA,10.05,245,NA,14.1408
297,1.15377,NA,167,"2026-03-14_FELIO",4.24304141208418,458,NA,NA,NA,NA,NA,NA,NA,NA,NA,NA,NA,NA,NA,NA,NA,NA,NA,10.05,245,NA,14.1408
298,1.15771,NA,167,"2026-03-14_FELIO",4.2322668020992,458,NA,NA,NA,NA,NA,NA,NA,NA,NA,NA,NA,NA,NA,NA,NA,NA,NA,9.88,242,NA,14.1768
299,1.16164,NA,167,"2026-03-14_FELIO",4.2322668020992,458,NA,NA,NA,NA,NA,NA,NA,NA,NA,NA,NA,NA,NA,NA,NA,NA,NA,9.88,242,NA,14.1768
300,1.16559,NA,167,"2026-03-14_FELIO",4.22261633307998,460,NA,NA,NA,NA,NA,NA,NA,NA,NA,NA,NA,NA,NA,NA,NA,NA,NA,9.88,242,NA,14.2092
301,1.16952,NA,167,"2026-03-14_FELIO",4.24304141208418,456,NA,NA,NA,NA,NA,NA,NA,NA,NA,NA,NA,NA,NA,NA,NA,NA,NA,9.87,242,NA,14.1408
302,1.17339,NA,166,"2026-03-14_FELIO",4.30440771349862,450,NA,NA,NA,NA,NA,NA,NA,NA,NA,NA,NA,NA,NA,NA,NA,NA,NA,9.79,244,NA,13.9392
303,1.17721,NA,167,"2026-03-14_FELIO",4.3675751222921,445,NA,NA,NA,NA,NA,NA,NA,NA,NA,NA,NA,NA,NA,NA,NA,NA,NA,9.92,248,NA,13.7376
304,1.18106,NA,167,"2026-03-14_FELIO",4.32451133021969,450,NA,NA,NA,NA,NA,NA,NA,NA,NA,NA,NA,NA,NA,NA,NA,NA,NA,10.14,250,NA,13.8744
305,1.18492,NA,167,"2026-03-14_FELIO",4.31443610320131,452,NA,NA,NA,NA,NA,NA,NA,NA,NA,NA,NA,NA,NA,NA,NA,NA,NA,10.14,250,NA,13.9068
306,1.1888,NA,168,"2026-03-14_FELIO",4.30440771349862,451,NA,NA,NA,NA,NA,NA,NA,NA,NA,NA,NA,NA,NA,NA,NA,NA,NA,10,246,NA,13.9392
307,1.19268,NA,168,"2026-03-14_FELIO",4.29331959471063,457,NA,NA,NA,NA,NA,NA,NA,NA,NA,NA,NA,NA,NA,NA,NA,NA,NA,9.83,243,NA,13.9752
308,1.19656,NA,168,"2026-03-14_FELIO",4.29331959471063,454,NA,NA,NA,NA,NA,NA,NA,NA,NA,NA,NA,NA,NA,NA,NA,NA,NA,9.83,243,NA,13.9752
309,1.20045,NA,168,"2026-03-14_FELIO",4.28338901739056,455,NA,NA,NA,NA,NA,NA,NA,NA,NA,NA,NA,NA,NA,NA,NA,NA,NA,9.83,243,NA,14.0076
310,1.20431,NA,167,"2026-03-14_FELIO",4.31443610320131,450,NA,NA,NA,NA,NA,NA,NA,NA,NA,NA,NA,NA,NA,NA,NA,NA,NA,9.79,244,NA,13.9068
311,1.20815,NA,168,"2026-03-14_FELIO",4.34593654932638,446,NA,NA,NA,NA,NA,NA,NA,NA,NA,NA,NA,NA,NA,NA,NA,NA,NA,9.75,245,NA,13.806
312,1.21199,NA,168,"2026-03-14_FELIO",4.33576135969476,448,NA,NA,NA,NA,NA,NA,NA,NA,NA,NA,NA,NA,NA,NA,NA,NA,NA,9.79,244,NA,13.8384
313,1.21585,NA,167,"2026-03-14_FELIO",4.31443610320131,450,NA,NA,NA,NA,NA,NA,NA,NA,NA,NA,NA,NA,NA,NA,NA,NA,NA,9.79,244,NA,13.9068
314,1.21975,NA,168,"2026-03-14_FELIO",4.28338901739056,456,NA,NA,NA,NA,NA,NA,NA,NA,NA,NA,NA,NA,NA,NA,NA,NA,NA,9.83,243,NA,14.0076
315,1.22365,NA,168,"2026-03-14_FELIO",4.26257459505541,463,NA,NA,NA,NA,NA,NA,NA,NA,NA,NA,NA,NA,NA,NA,NA,NA,NA,10.05,245,NA,14.076
316,1.22758,NA,168,"2026-03-14_FELIO",4.25278557455133,464,NA,NA,NA,NA,NA,NA,NA,NA,NA,NA,NA,NA,NA,NA,NA,NA,NA,10.05,245,NA,14.1084
317,1.23149,NA,167,"2026-03-14_FELIO",4.25278557455133,463,NA,NA,NA,NA,NA,NA,NA,NA,NA,NA,NA,NA,NA,NA,NA,NA,NA,10.05,245,NA,14.1084
318,1.23541,NA,168,"2026-03-14_FELIO",4.25278557455133,461,NA,NA,NA,NA,NA,NA,NA,NA,NA,NA,NA,NA,NA,NA,NA,NA,NA,10.05,245,NA,14.1084
319,1.23932,NA,168,"2026-03-14_FELIO",4.26257459505541,458,NA,NA,NA,NA,NA,NA,NA,NA,NA,NA,NA,NA,NA,NA,NA,NA,NA,10.05,245,NA,14.076
320,1.24322,NA,168,"2026-03-14_FELIO",4.27350427350427,458,NA,NA,NA,NA,NA,NA,NA,NA,NA,NA,NA,NA,NA,NA,NA,NA,NA,10.19,249,NA,14.04
321,1.24712,NA,168,"2026-03-14_FELIO",4.27350427350427,458,NA,NA,NA,NA,NA,NA,NA,NA,NA,NA,NA,NA,NA,NA,NA,NA,NA,10.19,249,NA,14.04
322,1.25103,NA,168,"2026-03-14_FELIO",4.26257459505541,459,NA,NA,NA,NA,NA,NA,NA,NA,NA,NA,NA,NA,NA,NA,NA,NA,NA,10.23,248,NA,14.076
323,1.25495,NA,168,"2026-03-14_FELIO",4.25278557455133,460,NA,NA,NA,NA,NA,NA,NA,NA,NA,NA,NA,NA,NA,NA,NA,NA,NA,10.05,245,NA,14.1084
324,1.25887,NA,168,"2026-03-14_FELIO",4.25278557455133,461,NA,NA,NA,NA,NA,NA,NA,NA,NA,NA,NA,NA,NA,NA,NA,NA,NA,10.05,245,NA,14.1084
325,1.26279,NA,167,"2026-03-14_FELIO",4.25278557455133,461,NA,NA,NA,NA,NA,NA,NA,NA,NA,NA,NA,NA,NA,NA,NA,NA,NA,10.05,245,NA,14.1084
326,1.26672,NA,168,"2026-03-14_FELIO",4.24304141208418,460,NA,NA,NA,NA,NA,NA,NA,NA,NA,NA,NA,NA,NA,NA,NA,NA,NA,9.87,242,NA,14.1408
327,1.27066,NA,168,"2026-03-14_FELIO",4.2322668020992,462,NA,NA,NA,NA,NA,NA,NA,NA,NA,NA,NA,NA,NA,NA,NA,NA,NA,9.88,242,NA,14.1768
328,1.27461,NA,167,"2026-03-14_FELIO",4.21300977418268,465,NA,NA,NA,NA,NA,NA,NA,NA,NA,NA,NA,NA,NA,NA,NA,NA,NA,9.88,242,NA,14.2416
329,1.27858,NA,167,"2026-03-14_FELIO",4.20238695579089,467,NA,NA,NA,NA,NA,NA,NA,NA,NA,NA,NA,NA,NA,NA,NA,NA,NA,9.92,241,NA,14.2776
330,1.28254,NA,167,"2026-03-14_FELIO",4.20238695579089,467,NA,NA,NA,NA,NA,NA,NA,NA,NA,NA,NA,NA,NA,NA,NA,NA,NA,9.92,241,NA,14.2776
331,1.28652,NA,167,"2026-03-14_FELIO",4.19287211740042,471,NA,NA,NA,NA,NA,NA,NA,NA,NA,NA,NA,NA,NA,NA,NA,NA,NA,10.28,247,NA,14.31
332,1.29049,NA,167,"2026-03-14_FELIO",4.19287211740042,471,NA,NA,NA,NA,NA,NA,NA,NA,NA,NA,NA,NA,NA,NA,NA,NA,NA,10.47,250,NA,14.31
333,1.29447,NA,167,"2026-03-14_FELIO",4.19287211740042,470,NA,NA,NA,NA,NA,NA,NA,NA,NA,NA,NA,NA,NA,NA,NA,NA,NA,10.47,250,NA,14.31
334,1.29843,NA,168,"2026-03-14_FELIO",4.20238695579089,467,NA,NA,NA,NA,NA,NA,NA,NA,NA,NA,NA,NA,NA,NA,NA,NA,NA,10.28,247,NA,14.2776
335,1.30239,NA,168,"2026-03-14_FELIO",4.21300977418268,464,NA,NA,NA,NA,NA,NA,NA,NA,NA,NA,NA,NA,NA,NA,NA,NA,NA,10.09,244,NA,14.2416
336,1.30633,NA,168,"2026-03-14_FELIO",4.22261633307998,463,NA,NA,NA,NA,NA,NA,NA,NA,NA,NA,NA,NA,NA,NA,NA,NA,NA,10.09,244,NA,14.2092
337,1.31028,NA,168,"2026-03-14_FELIO",4.22261633307998,463,NA,NA,NA,NA,NA,NA,NA,NA,NA,NA,NA,NA,NA,NA,NA,NA,NA,10.09,244,NA,14.2092
338,1.31423,NA,169,"2026-03-14_FELIO",4.22261633307998,464,NA,NA,NA,NA,NA,NA,NA,NA,NA,NA,NA,NA,NA,NA,NA,NA,NA,10.27,247,NA,14.2092
339,1.31818,NA,169,"2026-03-14_FELIO",4.22261633307998,464,NA,NA,NA,NA,NA,NA,NA,NA,NA,NA,NA,NA,NA,NA,NA,NA,NA,10.27,247,NA,14.2092
340,1.32213,NA,169,"2026-03-14_FELIO",4.22261633307998,464,NA,NA,NA,NA,NA,NA,NA,NA,NA,NA,NA,NA,NA,NA,NA,NA,NA,10.27,247,NA,14.2092
341,1.32607,NA,170,"2026-03-14_FELIO",4.22261633307998,463,NA,NA,NA,NA,NA,NA,NA,NA,NA,NA,NA,NA,NA,NA,NA,NA,NA,10.09,244,NA,14.2092
342,1.33002,NA,170,"2026-03-14_FELIO",4.22261633307998,462,NA,NA,NA,NA,NA,NA,NA,NA,NA,NA,NA,NA,NA,NA,NA,NA,NA,10.09,244,NA,14.2092
343,1.33396,NA,170,"2026-03-14_FELIO",4.22261633307998,462,NA,NA,NA,NA,NA,NA,NA,NA,NA,NA,NA,NA,NA,NA,NA,NA,NA,10.09,244,NA,14.2092
344,1.33791,NA,170,"2026-03-14_FELIO",4.22261633307998,461,NA,NA,NA,NA,NA,NA,NA,NA,NA,NA,NA,NA,NA,NA,NA,NA,NA,9.88,242,NA,14.2092
345,1.34185,NA,170,"2026-03-14_FELIO",4.2322668020992,460,NA,NA,NA,NA,NA,NA,NA,NA,NA,NA,NA,NA,NA,NA,NA,NA,NA,9.88,242,NA,14.1768
346,1.34577,NA,170,"2026-03-14_FELIO",4.25278557455133,459,NA,NA,NA,NA,NA,NA,NA,NA,NA,NA,NA,NA,NA,NA,NA,NA,NA,10.05,245,NA,14.1084
347,1.34968,NA,170,"2026-03-14_FELIO",4.26257459505541,459,NA,NA,NA,NA,NA,NA,NA,NA,NA,NA,NA,NA,NA,NA,NA,NA,NA,10.23,248,NA,14.076
348,1.35359,NA,169,"2026-03-14_FELIO",4.26257459505541,460,NA,NA,NA,NA,NA,NA,NA,NA,NA,NA,NA,NA,NA,NA,NA,NA,NA,10.42,251,NA,14.076
349,1.3575,NA,170,"2026-03-14_FELIO",4.25278557455133,461,NA,NA,NA,NA,NA,NA,NA,NA,NA,NA,NA,NA,NA,NA,NA,NA,NA,10.42,251,NA,14.1084
350,1.36143,NA,170,"2026-03-14_FELIO",4.25278557455133,460,NA,NA,NA,NA,NA,NA,NA,NA,NA,NA,NA,NA,NA,NA,NA,NA,NA,10.23,248,NA,14.1084
351,1.36534,NA,170,"2026-03-14_FELIO",4.25278557455133,459,NA,NA,NA,NA,NA,NA,NA,NA,NA,NA,NA,NA,NA,NA,NA,NA,NA,10.05,245,NA,14.1084
352,1.36927,NA,170,"2026-03-14_FELIO",4.24304141208418,461,NA,NA,NA,NA,NA,NA,NA,NA,NA,NA,NA,NA,NA,NA,NA,NA,NA,10.05,245,NA,14.1408
353,1.37321,NA,169,"2026-03-14_FELIO",4.2322668020992,462,NA,NA,NA,NA,NA,NA,NA,NA,NA,NA,NA,NA,NA,NA,NA,NA,NA,10.05,245,NA,14.1768
354,1.37715,NA,170,"2026-03-14_FELIO",4.22261633307998,464,NA,NA,NA,NA,NA,NA,NA,NA,NA,NA,NA,NA,NA,NA,NA,NA,NA,10.09,244,NA,14.2092
355,1.38111,NA,170,"2026-03-14_FELIO",4.21300977418268,466,NA,NA,NA,NA,NA,NA,NA,NA,NA,NA,NA,NA,NA,NA,NA,NA,NA,10.09,244,NA,14.2416
356,1.38506,NA,170,"2026-03-14_FELIO",4.22261633307998,463,NA,NA,NA,NA,NA,NA,NA,NA,NA,NA,NA,NA,NA,NA,NA,NA,NA,10.09,244,NA,14.2092
357,1.38901,NA,169,"2026-03-14_FELIO",4.22261633307998,464,NA,NA,NA,NA,NA,NA,NA,NA,NA,NA,NA,NA,NA,NA,NA,NA,NA,10.27,247,NA,14.2092
358,1.3929,NA,169,"2026-03-14_FELIO",4.27350427350427,458,NA,NA,NA,NA,NA,NA,NA,NA,NA,NA,NA,NA,NA,NA,NA,NA,NA,10.19,249,NA,14.04
359,1.39677,NA,169,"2026-03-14_FELIO",4.31443610320131,453,NA,NA,NA,NA,NA,NA,NA,NA,NA,NA,NA,NA,NA,NA,NA,NA,NA,10.14,250,NA,13.9068
360,1.40062,NA,169,"2026-03-14_FELIO",4.33576135969476,451,NA,NA,NA,NA,NA,NA,NA,NA,NA,NA,NA,NA,NA,NA,NA,NA,NA,10.14,250,NA,13.8384
361,1.40445,NA,169,"2026-03-14_FELIO",4.34593654932638,450,NA,NA,NA,NA,NA,NA,NA,NA,NA,NA,NA,NA,NA,NA,NA,NA,NA,10.14,250,NA,13.806
362,1.4083,NA,169,"2026-03-14_FELIO",4.32451133021969,452,NA,NA,NA,NA,NA,NA,NA,NA,NA,NA,NA,NA,NA,NA,NA,NA,NA,10.14,250,NA,13.8744
363,1.41217,NA,169,"2026-03-14_FELIO",4.30440771349862,455,NA,NA,NA,NA,NA,NA,NA,NA,NA,NA,NA,NA,NA,NA,NA,NA,NA,10.18,249,NA,13.9392
364,1.41605,NA,169,"2026-03-14_FELIO",4.30440771349862,457,NA,NA,NA,NA,NA,NA,NA,NA,NA,NA,NA,NA,NA,NA,NA,NA,NA,10.18,249,NA,13.9392
365,1.41992,NA,169,"2026-03-14_FELIO",4.30440771349862,456,NA,NA,NA,NA,NA,NA,NA,NA,NA,NA,NA,NA,NA,NA,NA,NA,NA,10,246,NA,13.9392
366,1.42382,NA,168,"2026-03-14_FELIO",4.27350427350427,461,NA,NA,NA,NA,NA,NA,NA,NA,NA,NA,NA,NA,NA,NA,NA,NA,NA,10.01,246,NA,14.04
367,1.42774,NA,168,"2026-03-14_FELIO",4.25278557455133,463,NA,NA,NA,NA,NA,NA,NA,NA,NA,NA,NA,NA,NA,NA,NA,NA,NA,10.05,245,NA,14.1084
368,1.43165,NA,169,"2026-03-14_FELIO",4.26257459505541,461,NA,NA,NA,NA,NA,NA,NA,NA,NA,NA,NA,NA,NA,NA,NA,NA,NA,10.05,245,NA,14.076
369,1.43556,NA,169,"2026-03-14_FELIO",4.26257459505541,460,NA,NA,NA,NA,NA,NA,NA,NA,NA,NA,NA,NA,NA,NA,NA,NA,NA,9.83,243,NA,14.076
370,1.43949,NA,169,"2026-03-14_FELIO",4.2322668020992,463,NA,NA,NA,NA,NA,NA,NA,NA,NA,NA,NA,NA,NA,NA,NA,NA,NA,9.88,242,NA,14.1768
371,1.44345,NA,169,"2026-03-14_FELIO",4.21300977418268,465,NA,NA,NA,NA,NA,NA,NA,NA,NA,NA,NA,NA,NA,NA,NA,NA,NA,9.88,242,NA,14.2416
372,1.44743,NA,169,"2026-03-14_FELIO",4.18340026773762,473,NA,NA,NA,NA,NA,NA,NA,NA,NA,NA,NA,NA,NA,NA,NA,NA,NA,10.13,243,NA,14.3424
373,1.45143,NA,168,"2026-03-14_FELIO",4.17292605575029,475,NA,NA,NA,NA,NA,NA,NA,NA,NA,NA,NA,NA,NA,NA,NA,NA,NA,10.13,243,NA,14.3784
374,1.45537,NA,169,"2026-03-14_FELIO",4.2322668020992,463,NA,NA,NA,NA,NA,NA,NA,NA,NA,NA,NA,NA,NA,NA,NA,NA,NA,10.23,248,NA,14.1768
375,1.45925,NA,169,"2026-03-14_FELIO",4.29331959471063,456,NA,NA,NA,NA,NA,NA,NA,NA,NA,NA,NA,NA,NA,NA,NA,NA,NA,10.19,249,NA,13.9752
376,1.46313,NA,168,"2026-03-14_FELIO",4.29331959471063,456,NA,NA,NA,NA,NA,NA,NA,NA,NA,NA,NA,NA,NA,NA,NA,NA,NA,10.19,249,NA,13.9752
377,1.46701,NA,169,"2026-03-14_FELIO",4.29331959471063,456,NA,NA,NA,NA,NA,NA,NA,NA,NA,NA,NA,NA,NA,NA,NA,NA,NA,10.19,249,NA,13.9752
378,1.47091,NA,169,"2026-03-14_FELIO",4.27350427350427,459,NA,NA,NA,NA,NA,NA,NA,NA,NA,NA,NA,NA,NA,NA,NA,NA,NA,10.19,249,NA,14.04
379,1.47483,NA,169,"2026-03-14_FELIO",4.25278557455133,464,NA,NA,NA,NA,NA,NA,NA,NA,NA,NA,NA,NA,NA,NA,NA,NA,NA,10.23,248,NA,14.1084
380,1.47876,NA,168,"2026-03-14_FELIO",4.24304141208418,466,NA,NA,NA,NA,NA,NA,NA,NA,NA,NA,NA,NA,NA,NA,NA,NA,NA,10.23,248,NA,14.1408
381,1.48267,NA,169,"2026-03-14_FELIO",4.26257459505541,461,NA,NA,NA,NA,NA,NA,NA,NA,NA,NA,NA,NA,NA,NA,NA,NA,NA,10.05,245,NA,14.076
382,1.48655,NA,169,"2026-03-14_FELIO",4.29331959471063,455,NA,NA,NA,NA,NA,NA,NA,NA,NA,NA,NA,NA,NA,NA,NA,NA,NA,10,246,NA,13.9752
383,1.49043,NA,169,"2026-03-14_FELIO",4.29331959471063,455,NA,NA,NA,NA,NA,NA,NA,NA,NA,NA,NA,NA,NA,NA,NA,NA,NA,10,246,NA,13.9752
384,1.49431,NA,169,"2026-03-14_FELIO",4.29331959471063,455,NA,NA,NA,NA,NA,NA,NA,NA,NA,NA,NA,NA,NA,NA,NA,NA,NA,10,246,NA,13.9752
385,1.49819,NA,169,"2026-03-14_FELIO",4.30440771349862,456,NA,NA,NA,NA,NA,NA,NA,NA,NA,NA,NA,NA,NA,NA,NA,NA,NA,10.18,249,NA,13.9392
386,1.50206,NA,170,"2026-03-14_FELIO",4.30440771349862,456,NA,NA,NA,NA,NA,NA,NA,NA,NA,NA,NA,NA,NA,NA,NA,NA,NA,10.18,249,NA,13.9392
387,1.50596,NA,169,"2026-03-14_FELIO",4.27350427350427,460,NA,NA,NA,NA,NA,NA,NA,NA,NA,NA,NA,NA,NA,NA,NA,NA,NA,10.19,249,NA,14.04
388,1.50987,NA,169,"2026-03-14_FELIO",4.25278557455133,464,NA,NA,NA,NA,NA,NA,NA,NA,NA,NA,NA,NA,NA,NA,NA,NA,NA,10.23,248,NA,14.1084
389,1.51381,NA,169,"2026-03-14_FELIO",4.24304141208418,467,NA,NA,NA,NA,NA,NA,NA,NA,NA,NA,NA,NA,NA,NA,NA,NA,NA,10.23,248,NA,14.1408
390,1.51773,NA,170,"2026-03-14_FELIO",4.24304141208418,467,NA,NA,NA,NA,NA,NA,NA,NA,NA,NA,NA,NA,NA,NA,NA,NA,NA,10.23,248,NA,14.1408
391,1.52167,NA,169,"2026-03-14_FELIO",4.2322668020992,466,NA,NA,NA,NA,NA,NA,NA,NA,NA,NA,NA,NA,NA,NA,NA,NA,NA,10.23,248,NA,14.1768
392,1.52561,NA,169,"2026-03-14_FELIO",4.2322668020992,463,NA,NA,NA,NA,NA,NA,NA,NA,NA,NA,NA,NA,NA,NA,NA,NA,NA,10.05,245,NA,14.1768
393,1.52955,NA,170,"2026-03-14_FELIO",4.2322668020992,463,NA,NA,NA,NA,NA,NA,NA,NA,NA,NA,NA,NA,NA,NA,NA,NA,NA,10.05,245,NA,14.1768
394,1.53348,NA,170,"2026-03-14_FELIO",4.2322668020992,464,NA,NA,NA,NA,NA,NA,NA,NA,NA,NA,NA,NA,NA,NA,NA,NA,NA,10.23,248,NA,14.1768
395,1.53742,NA,170,"2026-03-14_FELIO",4.2322668020992,463,NA,NA,NA,NA,NA,NA,NA,NA,NA,NA,NA,NA,NA,NA,NA,NA,NA,10.23,248,NA,14.1768
396,1.54135,NA,171,"2026-03-14_FELIO",4.24304141208418,462,NA,NA,NA,NA,NA,NA,NA,NA,NA,NA,NA,NA,NA,NA,NA,NA,NA,10.23,248,NA,14.1408
397,1.54526,NA,171,"2026-03-14_FELIO",4.26257459505541,459,NA,NA,NA,NA,NA,NA,NA,NA,NA,NA,NA,NA,NA,NA,NA,NA,NA,10.05,245,NA,14.076
398,1.54915,NA,171,"2026-03-14_FELIO",4.28338901739056,458,NA,NA,NA,NA,NA,NA,NA,NA,NA,NA,NA,NA,NA,NA,NA,NA,NA,10.19,249,NA,14.0076
399,1.55304,NA,171,"2026-03-14_FELIO",4.28338901739056,458,NA,NA,NA,NA,NA,NA,NA,NA,NA,NA,NA,NA,NA,NA,NA,NA,NA,10.19,249,NA,14.0076
400,1.55694,NA,171,"2026-03-14_FELIO",4.27350427350427,459,NA,NA,NA,NA,NA,NA,NA,NA,NA,NA,NA,NA,NA,NA,NA,NA,NA,10.19,249,NA,14.04
401,1.56083,NA,171,"2026-03-14_FELIO",4.28338901739056,459,NA,NA,NA,NA,NA,NA,NA,NA,NA,NA,NA,NA,NA,NA,NA,NA,NA,10.38,252,NA,14.0076
402,1.56472,NA,171,"2026-03-14_FELIO",4.28338901739056,458,NA,NA,NA,NA,NA,NA,NA,NA,NA,NA,NA,NA,NA,NA,NA,NA,NA,10.38,252,NA,14.0076
403,1.5686,NA,170,"2026-03-14_FELIO",4.29331959471063,456,NA,NA,NA,NA,NA,NA,NA,NA,NA,NA,NA,NA,NA,NA,NA,NA,NA,10.37,252,NA,13.9752
404,1.57246,NA,170,"2026-03-14_FELIO",4.31443610320131,452,NA,NA,NA,NA,NA,NA,NA,NA,NA,NA,NA,NA,NA,NA,NA,NA,NA,10.33,253,NA,13.9068
405,1.57632,NA,170,"2026-03-14_FELIO",4.32451133021969,450,NA,NA,NA,NA,NA,NA,NA,NA,NA,NA,NA,NA,NA,NA,NA,NA,NA,10.33,253,NA,13.8744
406,1.58016,NA,170,"2026-03-14_FELIO",4.33576135969476,448,NA,NA,NA,NA,NA,NA,NA,NA,NA,NA,NA,NA,NA,NA,NA,NA,NA,10.33,253,NA,13.8384
407,1.58402,NA,170,"2026-03-14_FELIO",4.32451133021969,447,NA,NA,NA,NA,NA,NA,NA,NA,NA,NA,NA,NA,NA,NA,NA,NA,NA,10.14,250,NA,13.8744
408,1.58788,NA,169,"2026-03-14_FELIO",4.31443610320131,448,NA,NA,NA,NA,NA,NA,NA,NA,NA,NA,NA,NA,NA,NA,NA,NA,NA,10.14,250,NA,13.9068
409,1.59176,NA,170,"2026-03-14_FELIO",4.29331959471063,452,NA,NA,NA,NA,NA,NA,NA,NA,NA,NA,NA,NA,NA,NA,NA,NA,NA,10.19,249,NA,13.9752
410,1.59565,NA,170,"2026-03-14_FELIO",4.28338901739056,452,NA,NA,NA,NA,NA,NA,NA,NA,NA,NA,NA,NA,NA,NA,NA,NA,NA,10.01,246,NA,14.0076
411,1.59954,NA,169,"2026-03-14_FELIO",4.28338901739056,451,NA,NA,NA,NA,NA,NA,NA,NA,NA,NA,NA,NA,NA,NA,NA,NA,NA,10.01,246,NA,14.0076
412,1.60338,NA,170,"2026-03-14_FELIO",4.34593654932638,442,NA,NA,NA,NA,NA,NA,NA,NA,NA,NA,NA,NA,NA,NA,NA,NA,NA,9.96,247,NA,13.806
413,1.60709,NA,170,"2026-03-14_FELIO",4.48752468138575,427,NA,NA,NA,NA,NA,NA,NA,NA,NA,NA,NA,NA,NA,NA,NA,NA,NA,9.78,251,NA,13.3704
414,1.61074,NA,169,"2026-03-14_FELIO",4.5687134502924,420,NA,NA,NA,NA,NA,NA,NA,NA,NA,NA,NA,NA,NA,NA,NA,NA,NA,9.73,252,NA,13.1328
415,1.61436,NA,170,"2026-03-14_FELIO",4.60405156537753,418,NA,NA,NA,NA,NA,NA,NA,NA,NA,NA,NA,NA,NA,NA,NA,NA,NA,9.86,256,NA,13.032
416,1.61799,NA,169,"2026-03-14_FELIO",4.59136822773186,418,NA,NA,NA,NA,NA,NA,NA,NA,NA,NA,NA,NA,NA,NA,NA,NA,NA,9.86,256,NA,13.068
417,1.62165,NA,169,"2026-03-14_FELIO",4.55622380171314,421,NA,NA,NA,NA,NA,NA,NA,NA,NA,NA,NA,NA,NA,NA,NA,NA,NA,9.91,255,NA,13.1688
418,1.62537,NA,169,"2026-03-14_FELIO",4.476676515355,433,NA,NA,NA,NA,NA,NA,NA,NA,NA,NA,NA,NA,NA,NA,NA,NA,NA,9.82,250,NA,13.4028
419,1.62913,NA,170,"2026-03-14_FELIO",4.43262411347518,441,NA,NA,NA,NA,NA,NA,NA,NA,NA,NA,NA,NA,NA,NA,NA,NA,NA,9.66,247,NA,13.536
420,1.63296,NA,170,"2026-03-14_FELIO",4.3561596096881,452,NA,NA,NA,NA,NA,NA,NA,NA,NA,NA,NA,NA,NA,NA,NA,NA,NA,9.58,242,NA,13.7736
421,1.63689,NA,170,"2026-03-14_FELIO",4.2322668020992,472,NA,NA,NA,NA,NA,NA,NA,NA,NA,NA,NA,NA,NA,NA,NA,NA,NA,9.71,239,NA,14.1768
422,1.64089,NA,170,"2026-03-14_FELIO",4.17292605575029,478,NA,NA,NA,NA,NA,NA,NA,NA,NA,NA,NA,NA,NA,NA,NA,NA,NA,9.75,238,NA,14.3784
423,1.64491,NA,170,"2026-03-14_FELIO",4.1438753522294,482,NA,NA,NA,NA,NA,NA,NA,NA,NA,NA,NA,NA,NA,NA,NA,NA,NA,9.79,237,NA,14.4792
424,1.64894,NA,170,"2026-03-14_FELIO",4.13462333581411,479,NA,NA,NA,NA,NA,NA,NA,NA,NA,NA,NA,NA,NA,NA,NA,NA,NA,9.79,237,NA,14.5116
425,1.65297,NA,171,"2026-03-14_FELIO",4.13462333581411,469,NA,NA,NA,NA,NA,NA,NA,NA,NA,NA,NA,NA,NA,NA,NA,NA,NA,9.59,235,NA,14.5116
426,1.65699,NA,171,"2026-03-14_FELIO",4.1438753522294,463,NA,NA,NA,NA,NA,NA,NA,NA,NA,NA,NA,NA,NA,NA,NA,NA,NA,9.59,235,NA,14.4792
427,1.66101,NA,171,"2026-03-14_FELIO",4.1438753522294,461,NA,NA,NA,NA,NA,NA,NA,NA,NA,NA,NA,NA,NA,NA,NA,NA,NA,9.59,235,NA,14.4792
428,1.66503,NA,172,"2026-03-14_FELIO",4.1438753522294,463,NA,NA,NA,NA,NA,NA,NA,NA,NA,NA,NA,NA,NA,NA,NA,NA,NA,9.79,237,NA,14.4792
429,1.66906,NA,172,"2026-03-14_FELIO",4.1438753522294,465,NA,NA,NA,NA,NA,NA,NA,NA,NA,NA,NA,NA,NA,NA,NA,NA,NA,9.96,240,NA,14.4792
430,1.67307,NA,172,"2026-03-14_FELIO",4.15420405450316,464,NA,NA,NA,NA,NA,NA,NA,NA,NA,NA,NA,NA,NA,NA,NA,NA,NA,9.96,240,NA,14.4432
431,1.67707,NA,172,"2026-03-14_FELIO",4.16354400866017,465,NA,NA,NA,NA,NA,NA,NA,NA,NA,NA,NA,NA,NA,NA,NA,NA,NA,10.13,243,NA,14.4108
432,1.68107,NA,172,"2026-03-14_FELIO",4.16354400866017,465,NA,NA,NA,NA,NA,NA,NA,NA,NA,NA,NA,NA,NA,NA,NA,NA,NA,10.13,243,NA,14.4108
433,1.68497,NA,172,"2026-03-14_FELIO",4.27350427350427,452,NA,NA,NA,NA,NA,NA,NA,NA,NA,NA,NA,NA,NA,NA,NA,NA,NA,9.83,243,NA,14.04
434,1.68882,NA,172,"2026-03-14_FELIO",4.33576135969476,446,NA,NA,NA,NA,NA,NA,NA,NA,NA,NA,NA,NA,NA,NA,NA,NA,NA,9.79,244,NA,13.8384
435,1.69262,NA,172,"2026-03-14_FELIO",4.38827453045463,440,NA,NA,NA,NA,NA,NA,NA,NA,NA,NA,NA,NA,NA,NA,NA,NA,NA,9.54,243,NA,13.6728
436,1.69646,NA,172,"2026-03-14_FELIO",4.33576135969476,446,NA,NA,NA,NA,NA,NA,NA,NA,NA,NA,NA,NA,NA,NA,NA,NA,NA,9.59,242,NA,13.8384
437,1.70035,NA,172,"2026-03-14_FELIO",4.28338901739056,451,NA,NA,NA,NA,NA,NA,NA,NA,NA,NA,NA,NA,NA,NA,NA,NA,NA,9.63,241,NA,14.0076
438,1.7043,NA,172,"2026-03-14_FELIO",4.22261633307998,466,NA,NA,NA,NA,NA,NA,NA,NA,NA,NA,NA,NA,NA,NA,NA,NA,NA,9.71,239,NA,14.2092
439,1.70829,NA,172,"2026-03-14_FELIO",4.17292605575029,480,NA,NA,NA,NA,NA,NA,NA,NA,NA,NA,NA,NA,NA,NA,NA,NA,NA,9.75,238,NA,14.3784
440,1.71231,NA,172,"2026-03-14_FELIO",4.15420405450316,480,NA,NA,NA,NA,NA,NA,NA,NA,NA,NA,NA,NA,NA,NA,NA,NA,NA,9.79,237,NA,14.4432
441,1.71632,NA,173,"2026-03-14_FELIO",4.15420405450316,478,NA,NA,NA,NA,NA,NA,NA,NA,NA,NA,NA,NA,NA,NA,NA,NA,NA,9.96,240,NA,14.4432
442,1.72033,NA,172,"2026-03-14_FELIO",4.15420405450316,475,NA,NA,NA,NA,NA,NA,NA,NA,NA,NA,NA,NA,NA,NA,NA,NA,NA,10.14,243,NA,14.4432
443,1.72434,NA,173,"2026-03-14_FELIO",4.15420405450316,473,NA,NA,NA,NA,NA,NA,NA,NA,NA,NA,NA,NA,NA,NA,NA,NA,NA,10.32,246,NA,14.4432
444,1.72827,NA,173,"2026-03-14_FELIO",4.24304141208418,462,NA,NA,NA,NA,NA,NA,NA,NA,NA,NA,NA,NA,NA,NA,NA,NA,NA,10.23,248,NA,14.1408
445,1.73211,NA,173,"2026-03-14_FELIO",4.33576135969476,449,NA,NA,NA,NA,NA,NA,NA,NA,NA,NA,NA,NA,NA,NA,NA,NA,NA,9.79,244,NA,13.8384
446,1.7359,NA,173,"2026-03-14_FELIO",4.39985920450546,443,NA,NA,NA,NA,NA,NA,NA,NA,NA,NA,NA,NA,NA,NA,NA,NA,NA,9.7,246,NA,13.6368
447,1.73964,NA,172,"2026-03-14_FELIO",4.46588067166845,436,NA,NA,NA,NA,NA,NA,NA,NA,NA,NA,NA,NA,NA,NA,NA,NA,NA,9.66,247,NA,13.4352
448,1.74336,NA,173,"2026-03-14_FELIO",4.46588067166845,435,NA,NA,NA,NA,NA,NA,NA,NA,NA,NA,NA,NA,NA,NA,NA,NA,NA,9.46,245,NA,13.4352
449,1.74714,NA,173,"2026-03-14_FELIO",4.41033783187792,441,NA,NA,NA,NA,NA,NA,NA,NA,NA,NA,NA,NA,NA,NA,NA,NA,NA,9.5,244,NA,13.6044
450,1.75096,NA,173,"2026-03-14_FELIO",4.3675751222921,447,NA,NA,NA,NA,NA,NA,NA,NA,NA,NA,NA,NA,NA,NA,NA,NA,NA,9.54,243,NA,13.7376
451,1.75481,NA,172,"2026-03-14_FELIO",4.33576135969476,457,NA,NA,NA,NA,NA,NA,NA,NA,NA,NA,NA,NA,NA,NA,NA,NA,NA,9.59,242,NA,13.8384
452,1.75867,NA,173,"2026-03-14_FELIO",4.31443610320131,460,NA,NA,NA,NA,NA,NA,NA,NA,NA,NA,NA,NA,NA,NA,NA,NA,NA,9.62,241,NA,13.9068
453,1.7625,NA,173,"2026-03-14_FELIO",4.34593654932638,452,NA,NA,NA,NA,NA,NA,NA,NA,NA,NA,NA,NA,NA,NA,NA,NA,NA,9.75,245,NA,13.806
454,1.76632,NA,173,"2026-03-14_FELIO",4.3675751222921,445,NA,NA,NA,NA,NA,NA,NA,NA,NA,NA,NA,NA,NA,NA,NA,NA,NA,9.75,245,NA,13.7376
455,1.77016,NA,173,"2026-03-14_FELIO",4.33576135969476,448,NA,NA,NA,NA,NA,NA,NA,NA,NA,NA,NA,NA,NA,NA,NA,NA,NA,9.79,244,NA,13.8384
456,1.77403,NA,173,"2026-03-14_FELIO",4.30440771349862,452,NA,NA,NA,NA,NA,NA,NA,NA,NA,NA,NA,NA,NA,NA,NA,NA,NA,9.79,244,NA,13.9392
457,1.77793,NA,173,"2026-03-14_FELIO",4.28338901739056,459,NA,NA,NA,NA,NA,NA,NA,NA,NA,NA,NA,NA,NA,NA,NA,NA,NA,10.01,246,NA,14.0076
458,1.78183,NA,173,"2026-03-14_FELIO",4.27350427350427,463,NA,NA,NA,NA,NA,NA,NA,NA,NA,NA,NA,NA,NA,NA,NA,NA,NA,10.01,246,NA,14.04
459,1.78574,NA,173,"2026-03-14_FELIO",4.26257459505541,464,NA,NA,NA,NA,NA,NA,NA,NA,NA,NA,NA,NA,NA,NA,NA,NA,NA,10.23,248,NA,14.076
460,1.78966,NA,173,"2026-03-14_FELIO",4.25278557455133,463,NA,NA,NA,NA,NA,NA,NA,NA,NA,NA,NA,NA,NA,NA,NA,NA,NA,10.23,248,NA,14.1084
461,1.79358,NA,174,"2026-03-14_FELIO",4.24304141208418,462,NA,NA,NA,NA,NA,NA,NA,NA,NA,NA,NA,NA,NA,NA,NA,NA,NA,10.05,245,NA,14.1408
462,1.79752,NA,174,"2026-03-14_FELIO",4.2322668020992,464,NA,NA,NA,NA,NA,NA,NA,NA,NA,NA,NA,NA,NA,NA,NA,NA,NA,10.05,245,NA,14.1768
463,1.80146,NA,174,"2026-03-14_FELIO",4.2322668020992,463,NA,NA,NA,NA,NA,NA,NA,NA,NA,NA,NA,NA,NA,NA,NA,NA,NA,9.88,242,NA,14.1768
464,1.80539,NA,174,"2026-03-14_FELIO",4.24304141208418,460,NA,NA,NA,NA,NA,NA,NA,NA,NA,NA,NA,NA,NA,NA,NA,NA,NA,9.87,242,NA,14.1408
465,1.80933,NA,173,"2026-03-14_FELIO",4.2322668020992,461,NA,NA,NA,NA,NA,NA,NA,NA,NA,NA,NA,NA,NA,NA,NA,NA,NA,9.88,242,NA,14.1768
466,1.81326,NA,174,"2026-03-14_FELIO",4.2322668020992,460,NA,NA,NA,NA,NA,NA,NA,NA,NA,NA,NA,NA,NA,NA,NA,NA,NA,9.88,242,NA,14.1768
467,1.81719,NA,174,"2026-03-14_FELIO",4.24304141208418,459,NA,NA,NA,NA,NA,NA,NA,NA,NA,NA,NA,NA,NA,NA,NA,NA,NA,9.87,242,NA,14.1408
468,1.82111,NA,174,"2026-03-14_FELIO",4.25278557455133,459,NA,NA,NA,NA,NA,NA,NA,NA,NA,NA,NA,NA,NA,NA,NA,NA,NA,10.05,245,NA,14.1084
469,1.82504,NA,174,"2026-03-14_FELIO",4.24304141208418,460,NA,NA,NA,NA,NA,NA,NA,NA,NA,NA,NA,NA,NA,NA,NA,NA,NA,10.05,245,NA,14.1408
470,1.82897,NA,173,"2026-03-14_FELIO",4.2322668020992,461,NA,NA,NA,NA,NA,NA,NA,NA,NA,NA,NA,NA,NA,NA,NA,NA,NA,10.05,245,NA,14.1768
471,1.83291,NA,174,"2026-03-14_FELIO",4.24304141208418,460,NA,NA,NA,NA,NA,NA,NA,NA,NA,NA,NA,NA,NA,NA,NA,NA,NA,10.05,245,NA,14.1408
472,1.83682,NA,174,"2026-03-14_FELIO",4.25278557455133,457,NA,NA,NA,NA,NA,NA,NA,NA,NA,NA,NA,NA,NA,NA,NA,NA,NA,9.87,242,NA,14.1084
473,1.84076,NA,174,"2026-03-14_FELIO",4.2322668020992,460,NA,NA,NA,NA,NA,NA,NA,NA,NA,NA,NA,NA,NA,NA,NA,NA,NA,9.88,242,NA,14.1768
474,1.84471,NA,173,"2026-03-14_FELIO",4.22261633307998,461,NA,NA,NA,NA,NA,NA,NA,NA,NA,NA,NA,NA,NA,NA,NA,NA,NA,9.88,242,NA,14.2092
475,1.84865,NA,174,"2026-03-14_FELIO",4.2322668020992,460,NA,NA,NA,NA,NA,NA,NA,NA,NA,NA,NA,NA,NA,NA,NA,NA,NA,9.88,242,NA,14.1768
476,1.85258,NA,174,"2026-03-14_FELIO",4.24304141208418,459,NA,NA,NA,NA,NA,NA,NA,NA,NA,NA,NA,NA,NA,NA,NA,NA,NA,9.87,242,NA,14.1408
477,1.8565,NA,174,"2026-03-14_FELIO",4.24304141208418,458,NA,NA,NA,NA,NA,NA,NA,NA,NA,NA,NA,NA,NA,NA,NA,NA,NA,9.87,242,NA,14.1408
478,1.86044,NA,174,"2026-03-14_FELIO",4.2322668020992,459,NA,NA,NA,NA,NA,NA,NA,NA,NA,NA,NA,NA,NA,NA,NA,NA,NA,9.88,242,NA,14.1768
479,1.86438,NA,174,"2026-03-14_FELIO",4.22261633307998,461,NA,NA,NA,NA,NA,NA,NA,NA,NA,NA,NA,NA,NA,NA,NA,NA,NA,9.88,242,NA,14.2092
480,1.86833,NA,174,"2026-03-14_FELIO",4.22261633307998,462,NA,NA,NA,NA,NA,NA,NA,NA,NA,NA,NA,NA,NA,NA,NA,NA,NA,9.88,242,NA,14.2092
481,1.87227,NA,174,"2026-03-14_FELIO",4.2322668020992,460,NA,NA,NA,NA,NA,NA,NA,NA,NA,NA,NA,NA,NA,NA,NA,NA,NA,9.88,242,NA,14.1768
482,1.87621,NA,175,"2026-03-14_FELIO",4.2322668020992,459,NA,NA,NA,NA,NA,NA,NA,NA,NA,NA,NA,NA,NA,NA,NA,NA,NA,9.88,242,NA,14.1768
483,1.88018,NA,175,"2026-03-14_FELIO",4.20238695579089,464,NA,NA,NA,NA,NA,NA,NA,NA,NA,NA,NA,NA,NA,NA,NA,NA,NA,9.92,241,NA,14.2776
484,1.88416,NA,175,"2026-03-14_FELIO",4.17292605575029,470,NA,NA,NA,NA,NA,NA,NA,NA,NA,NA,NA,NA,NA,NA,NA,NA,NA,9.92,241,NA,14.3784
485,1.88815,NA,175,"2026-03-14_FELIO",4.18340026773762,470,NA,NA,NA,NA,NA,NA,NA,NA,NA,NA,NA,NA,NA,NA,NA,NA,NA,10.13,243,NA,14.3424
486,1.89211,NA,175,"2026-03-14_FELIO",4.20238695579089,466,NA,NA,NA,NA,NA,NA,NA,NA,NA,NA,NA,NA,NA,NA,NA,NA,NA,10.09,244,NA,14.2776
487,1.89607,NA,175,"2026-03-14_FELIO",4.21300977418268,463,NA,NA,NA,NA,NA,NA,NA,NA,NA,NA,NA,NA,NA,NA,NA,NA,NA,10.09,244,NA,14.2416
488,1.90003,NA,175,"2026-03-14_FELIO",4.21300977418268,463,NA,NA,NA,NA,NA,NA,NA,NA,NA,NA,NA,NA,NA,NA,NA,NA,NA,10.09,244,NA,14.2416
489,1.90397,NA,175,"2026-03-14_FELIO",4.22261633307998,462,NA,NA,NA,NA,NA,NA,NA,NA,NA,NA,NA,NA,NA,NA,NA,NA,NA,10.09,244,NA,14.2092
490,1.90792,NA,175,"2026-03-14_FELIO",4.22261633307998,461,NA,NA,NA,NA,NA,NA,NA,NA,NA,NA,NA,NA,NA,NA,NA,NA,NA,9.88,242,NA,14.2092
491,1.91188,NA,174,"2026-03-14_FELIO",4.21300977418268,462,NA,NA,NA,NA,NA,NA,NA,NA,NA,NA,NA,NA,NA,NA,NA,NA,NA,9.88,242,NA,14.2416
492,1.91585,NA,174,"2026-03-14_FELIO",4.20238695579089,464,NA,NA,NA,NA,NA,NA,NA,NA,NA,NA,NA,NA,NA,NA,NA,NA,NA,9.92,241,NA,14.2776
493,1.91973,NA,174,"2026-03-14_FELIO",4.28338901739056,454,NA,NA,NA,NA,NA,NA,NA,NA,NA,NA,NA,NA,NA,NA,NA,NA,NA,9.83,243,NA,14.0076
494,1.92356,NA,174,"2026-03-14_FELIO",4.3561596096881,447,NA,NA,NA,NA,NA,NA,NA,NA,NA,NA,NA,NA,NA,NA,NA,NA,NA,9.75,245,NA,13.7736
495,1.92741,NA,174,"2026-03-14_FELIO",4.32451133021969,450,NA,NA,NA,NA,NA,NA,NA,NA,NA,NA,NA,NA,NA,NA,NA,NA,NA,9.79,244,NA,13.8744
496,1.93128,NA,173,"2026-03-14_FELIO",4.30440771349862,452,NA,NA,NA,NA,NA,NA,NA,NA,NA,NA,NA,NA,NA,NA,NA,NA,NA,9.79,244,NA,13.9392
497,1.93517,NA,173,"2026-03-14_FELIO",4.29331959471063,455,NA,NA,NA,NA,NA,NA,NA,NA,NA,NA,NA,NA,NA,NA,NA,NA,NA,10,246,NA,13.9752
498,1.93906,NA,173,"2026-03-14_FELIO",4.28338901739056,463,NA,NA,NA,NA,NA,NA,NA,NA,NA,NA,NA,NA,NA,NA,NA,NA,NA,10.19,249,NA,14.0076
499,1.94291,NA,172,"2026-03-14_FELIO",4.32451133021969,453,NA,NA,NA,NA,NA,NA,NA,NA,NA,NA,NA,NA,NA,NA,NA,NA,NA,10.14,250,NA,13.8744
500,1.94671,NA,172,"2026-03-14_FELIO",4.38827453045463,445,NA,NA,NA,NA,NA,NA,NA,NA,NA,NA,NA,NA,NA,NA,NA,NA,NA,9.91,248,NA,13.6728
501,1.95047,NA,171,"2026-03-14_FELIO",4.43262411347518,441,NA,NA,NA,NA,NA,NA,NA,NA,NA,NA,NA,NA,NA,NA,NA,NA,NA,9.87,249,NA,13.536
502,1.95424,NA,171,"2026-03-14_FELIO",4.42086648983201,442,NA,NA,NA,NA,NA,NA,NA,NA,NA,NA,NA,NA,NA,NA,NA,NA,NA,9.87,249,NA,13.572
503,1.95804,NA,171,"2026-03-14_FELIO",4.38827453045463,444,NA,NA,NA,NA,NA,NA,NA,NA,NA,NA,NA,NA,NA,NA,NA,NA,NA,9.71,246,NA,13.6728
504,1.96188,NA,171,"2026-03-14_FELIO",4.33576135969476,453,NA,NA,NA,NA,NA,NA,NA,NA,NA,NA,NA,NA,NA,NA,NA,NA,NA,9.79,244,NA,13.8384
505,1.96577,NA,171,"2026-03-14_FELIO",4.29331959471063,463,NA,NA,NA,NA,NA,NA,NA,NA,NA,NA,NA,NA,NA,NA,NA,NA,NA,9.83,243,NA,13.9752
506,1.96967,NA,172,"2026-03-14_FELIO",4.26257459505541,468,NA,NA,NA,NA,NA,NA,NA,NA,NA,NA,NA,NA,NA,NA,NA,NA,NA,9.83,243,NA,14.076
507,1.97361,NA,172,"2026-03-14_FELIO",4.2322668020992,472,NA,NA,NA,NA,NA,NA,NA,NA,NA,NA,NA,NA,NA,NA,NA,NA,NA,9.88,242,NA,14.1768
508,1.97756,NA,172,"2026-03-14_FELIO",4.22261633307998,470,NA,NA,NA,NA,NA,NA,NA,NA,NA,NA,NA,NA,NA,NA,NA,NA,NA,9.88,242,NA,14.2092
509,1.9815,NA,172,"2026-03-14_FELIO",4.22261633307998,467,NA,NA,NA,NA,NA,NA,NA,NA,NA,NA,NA,NA,NA,NA,NA,NA,NA,9.88,242,NA,14.2092
510,1.98538,NA,172,"2026-03-14_FELIO",4.29331959471063,454,NA,NA,NA,NA,NA,NA,NA,NA,NA,NA,NA,NA,NA,NA,NA,NA,NA,9.83,243,NA,13.9752
511,1.98923,NA,171,"2026-03-14_FELIO",4.33576135969476,449,NA,NA,NA,NA,NA,NA,NA,NA,NA,NA,NA,NA,NA,NA,NA,NA,NA,9.79,244,NA,13.8384
512,1.99307,NA,171,"2026-03-14_FELIO",4.33576135969476,449,NA,NA,NA,NA,NA,NA,NA,NA,NA,NA,NA,NA,NA,NA,NA,NA,NA,9.79,244,NA,13.8384
513,1.99692,NA,171,"2026-03-14_FELIO",4.33576135969476,451,NA,NA,NA,NA,NA,NA,NA,NA,NA,NA,NA,NA,NA,NA,NA,NA,NA,9.96,247,NA,13.8384
514,2.00076,NA,171,"2026-03-14_FELIO",4.33576135969476,452,NA,NA,NA,NA,NA,NA,NA,NA,NA,NA,NA,NA,NA,NA,NA,NA,NA,10.14,250,NA,13.8384
515,2.00455,NA,172,"2026-03-14_FELIO",4.39985920450546,446,NA,NA,NA,NA,NA,NA,NA,NA,NA,NA,NA,NA,NA,NA,NA,NA,NA,10.09,251,NA,13.6368
516,2.00828,NA,171,"2026-03-14_FELIO",4.476676515355,438,NA,NA,NA,NA,NA,NA,NA,NA,NA,NA,NA,NA,NA,NA,NA,NA,NA,10,253,NA,13.4028
517,2.01195,NA,171,"2026-03-14_FELIO",4.53391367428364,431,NA,NA,NA,NA,NA,NA,NA,NA,NA,NA,NA,NA,NA,NA,NA,NA,NA,9.74,252,NA,13.2336
518,2.01567,NA,171,"2026-03-14_FELIO",4.476676515355,437,NA,NA,NA,NA,NA,NA,NA,NA,NA,NA,NA,NA,NA,NA,NA,NA,NA,9.82,250,NA,13.4028
519,2.01943,NA,171,"2026-03-14_FELIO",4.44325957522438,440,NA,NA,NA,NA,NA,NA,NA,NA,NA,NA,NA,NA,NA,NA,NA,NA,NA,9.83,250,NA,13.5036
520,2.02314,NA,171,"2026-03-14_FELIO",4.48752468138575,435,NA,NA,NA,NA,NA,NA,NA,NA,NA,NA,NA,NA,NA,NA,NA,NA,NA,9.78,251,NA,13.3704
521,2.02683,NA,171,"2026-03-14_FELIO",4.510599909788,435,NA,NA,NA,NA,NA,NA,NA,NA,NA,NA,NA,NA,NA,NA,NA,NA,NA,9.78,251,NA,13.302
522,2.03059,NA,171,"2026-03-14_FELIO",4.43262411347518,444,NA,NA,NA,NA,NA,NA,NA,NA,NA,NA,NA,NA,NA,NA,NA,NA,NA,9.87,249,NA,13.536
523,2.0344,NA,171,"2026-03-14_FELIO",4.37790035898783,452,NA,NA,NA,NA,NA,NA,NA,NA,NA,NA,NA,NA,NA,NA,NA,NA,NA,10.1,251,NA,13.7052
524,2.03824,NA,171,"2026-03-14_FELIO",4.33576135969476,462,NA,NA,NA,NA,NA,NA,NA,NA,NA,NA,NA,NA,NA,NA,NA,NA,NA,10.14,250,NA,13.8384
525,2.04211,NA,171,"2026-03-14_FELIO",4.30440771349862,470,NA,NA,NA,NA,NA,NA,NA,NA,NA,NA,NA,NA,NA,NA,NA,NA,NA,10.37,252,NA,13.9392
526,2.04592,NA,171,"2026-03-14_FELIO",4.38827453045463,450,NA,NA,NA,NA,NA,NA,NA,NA,NA,NA,NA,NA,NA,NA,NA,NA,NA,10.28,254,NA,13.6728
527,2.04967,NA,171,"2026-03-14_FELIO",4.43262411347518,442,NA,NA,NA,NA,NA,NA,NA,NA,NA,NA,NA,NA,NA,NA,NA,NA,NA,10.23,255,NA,13.536
528,2.05345,NA,170,"2026-03-14_FELIO",4.41033783187792,441,NA,NA,NA,NA,NA,NA,NA,NA,NA,NA,NA,NA,NA,NA,NA,NA,NA,9.87,249,NA,13.6044
529,2.05724,NA,171,"2026-03-14_FELIO",4.39985920450546,442,NA,NA,NA,NA,NA,NA,NA,NA,NA,NA,NA,NA,NA,NA,NA,NA,NA,9.88,249,NA,13.6368
530,2.06105,NA,171,"2026-03-14_FELIO",4.37790035898783,447,NA,NA,NA,NA,NA,NA,NA,NA,NA,NA,NA,NA,NA,NA,NA,NA,NA,10.1,251,NA,13.7052
531,2.06487,NA,171,"2026-03-14_FELIO",4.3561596096881,453,NA,NA,NA,NA,NA,NA,NA,NA,NA,NA,NA,NA,NA,NA,NA,NA,NA,10.14,250,NA,13.7736
532,2.06864,NA,171,"2026-03-14_FELIO",4.42086648983201,441,NA,NA,NA,NA,NA,NA,NA,NA,NA,NA,NA,NA,NA,NA,NA,NA,NA,10.05,252,NA,13.572
533,2.07236,NA,170,"2026-03-14_FELIO",4.48752468138575,433,NA,NA,NA,NA,NA,NA,NA,NA,NA,NA,NA,NA,NA,NA,NA,NA,NA,9.78,251,NA,13.3704
534,2.07605,NA,171,"2026-03-14_FELIO",4.510599909788,431,NA,NA,NA,NA,NA,NA,NA,NA,NA,NA,NA,NA,NA,NA,NA,NA,NA,9.78,251,NA,13.302
535,2.07974,NA,172,"2026-03-14_FELIO",4.52161331162959,429,NA,NA,NA,NA,NA,NA,NA,NA,NA,NA,NA,NA,NA,NA,NA,NA,NA,9.57,249,NA,13.2696
536,2.08344,NA,172,"2026-03-14_FELIO",4.4996400287977,432,NA,NA,NA,NA,NA,NA,NA,NA,NA,NA,NA,NA,NA,NA,NA,NA,NA,9.78,251,NA,13.3344
537,2.08719,NA,172,"2026-03-14_FELIO",4.45394619632995,439,NA,NA,NA,NA,NA,NA,NA,NA,NA,NA,NA,NA,NA,NA,NA,NA,NA,9.83,250,NA,13.4712
538,2.09096,NA,172,"2026-03-14_FELIO",4.42086648983201,446,NA,NA,NA,NA,NA,NA,NA,NA,NA,NA,NA,NA,NA,NA,NA,NA,NA,9.87,249,NA,13.572
539,2.09475,NA,172,"2026-03-14_FELIO",4.38827453045463,452,NA,NA,NA,NA,NA,NA,NA,NA,NA,NA,NA,NA,NA,NA,NA,NA,NA,9.91,248,NA,13.6728
540,2.09857,NA,172,"2026-03-14_FELIO",4.3675751222921,455,NA,NA,NA,NA,NA,NA,NA,NA,NA,NA,NA,NA,NA,NA,NA,NA,NA,9.92,248,NA,13.7376
541,2.1024,NA,172,"2026-03-14_FELIO",4.34593654932638,455,NA,NA,NA,NA,NA,NA,NA,NA,NA,NA,NA,NA,NA,NA,NA,NA,NA,9.96,247,NA,13.806
542,2.10624,NA,172,"2026-03-14_FELIO",4.33576135969476,456,NA,NA,NA,NA,NA,NA,NA,NA,NA,NA,NA,NA,NA,NA,NA,NA,NA,10.14,250,NA,13.8384
543,2.11012,NA,172,"2026-03-14_FELIO",4.30440771349862,460,NA,NA,NA,NA,NA,NA,NA,NA,NA,NA,NA,NA,NA,NA,NA,NA,NA,10.18,249,NA,13.9392
544,2.114,NA,172,"2026-03-14_FELIO",4.29331959471063,460,NA,NA,NA,NA,NA,NA,NA,NA,NA,NA,NA,NA,NA,NA,NA,NA,NA,10.19,249,NA,13.9752
545,2.11785,NA,172,"2026-03-14_FELIO",4.32451133021969,452,NA,NA,NA,NA,NA,NA,NA,NA,NA,NA,NA,NA,NA,NA,NA,NA,NA,9.96,247,NA,13.8744
546,2.12168,NA,172,"2026-03-14_FELIO",4.3561596096881,447,NA,NA,NA,NA,NA,NA,NA,NA,NA,NA,NA,NA,NA,NA,NA,NA,NA,9.92,248,NA,13.7736
547,2.12551,NA,172,"2026-03-14_FELIO",4.34593654932638,448,NA,NA,NA,NA,NA,NA,NA,NA,NA,NA,NA,NA,NA,NA,NA,NA,NA,9.96,247,NA,13.806
548,2.12936,NA,172,"2026-03-14_FELIO",4.33576135969476,449,NA,NA,NA,NA,NA,NA,NA,NA,NA,NA,NA,NA,NA,NA,NA,NA,NA,9.96,247,NA,13.8384
549,2.13322,NA,172,"2026-03-14_FELIO",4.31443610320131,453,NA,NA,NA,NA,NA,NA,NA,NA,NA,NA,NA,NA,NA,NA,NA,NA,NA,9.96,247,NA,13.9068
550,2.1371,NA,172,"2026-03-14_FELIO",4.29331959471063,459,NA,NA,NA,NA,NA,NA,NA,NA,NA,NA,NA,NA,NA,NA,NA,NA,NA,10,246,NA,13.9752
551,2.14099,NA,172,"2026-03-14_FELIO",4.28338901739056,461,NA,NA,NA,NA,NA,NA,NA,NA,NA,NA,NA,NA,NA,NA,NA,NA,NA,10.19,249,NA,14.0076
552,2.14491,NA,172,"2026-03-14_FELIO",4.26257459505541,464,NA,NA,NA,NA,NA,NA,NA,NA,NA,NA,NA,NA,NA,NA,NA,NA,NA,10.23,248,NA,14.076
553,2.14882,NA,171,"2026-03-14_FELIO",4.25278557455133,465,NA,NA,NA,NA,NA,NA,NA,NA,NA,NA,NA,NA,NA,NA,NA,NA,NA,10.23,248,NA,14.1084
554,2.15276,NA,171,"2026-03-14_FELIO",4.2322668020992,467,NA,NA,NA,NA,NA,NA,NA,NA,NA,NA,NA,NA,NA,NA,NA,NA,NA,10.23,248,NA,14.1768
555,2.15664,NA,171,"2026-03-14_FELIO",4.29331959471063,456,NA,NA,NA,NA,NA,NA,NA,NA,NA,NA,NA,NA,NA,NA,NA,NA,NA,10.19,249,NA,13.9752
556,2.16041,NA,171,"2026-03-14_FELIO",4.42086648983201,441,NA,NA,NA,NA,NA,NA,NA,NA,NA,NA,NA,NA,NA,NA,NA,NA,NA,9.87,249,NA,13.572
557,2.16412,NA,172,"2026-03-14_FELIO",4.48752468138575,433,NA,NA,NA,NA,NA,NA,NA,NA,NA,NA,NA,NA,NA,NA,NA,NA,NA,9.62,248,NA,13.3704
558,2.1678,NA,172,"2026-03-14_FELIO",4.53391367428364,429,NA,NA,NA,NA,NA,NA,NA,NA,NA,NA,NA,NA,NA,NA,NA,NA,NA,9.57,249,NA,13.2336
559,2.1715,NA,172,"2026-03-14_FELIO",4.4996400287977,434,NA,NA,NA,NA,NA,NA,NA,NA,NA,NA,NA,NA,NA,NA,NA,NA,NA,9.78,251,NA,13.3344
560,2.17524,NA,172,"2026-03-14_FELIO",4.46588067166845,437,NA,NA,NA,NA,NA,NA,NA,NA,NA,NA,NA,NA,NA,NA,NA,NA,NA,9.83,250,NA,13.4352
561,2.17894,NA,172,"2026-03-14_FELIO",4.4996400287977,434,NA,NA,NA,NA,NA,NA,NA,NA,NA,NA,NA,NA,NA,NA,NA,NA,NA,9.78,251,NA,13.3344
562,2.18263,NA,171,"2026-03-14_FELIO",4.52161331162959,431,NA,NA,NA,NA,NA,NA,NA,NA,NA,NA,NA,NA,NA,NA,NA,NA,NA,9.57,249,NA,13.2696
563,2.18629,NA,172,"2026-03-14_FELIO",4.54504135987638,428,NA,NA,NA,NA,NA,NA,NA,NA,NA,NA,NA,NA,NA,NA,NA,NA,NA,9.57,249,NA,13.2012
564,2.18998,NA,172,"2026-03-14_FELIO",4.52161331162959,431,NA,NA,NA,NA,NA,NA,NA,NA,NA,NA,NA,NA,NA,NA,NA,NA,NA,9.57,249,NA,13.2696
565,2.1937,NA,172,"2026-03-14_FELIO",4.476676515355,436,NA,NA,NA,NA,NA,NA,NA,NA,NA,NA,NA,NA,NA,NA,NA,NA,NA,9.62,248,NA,13.4028
566,2.19745,NA,172,"2026-03-14_FELIO",4.44325957522438,443,NA,NA,NA,NA,NA,NA,NA,NA,NA,NA,NA,NA,NA,NA,NA,NA,NA,9.66,247,NA,13.5036
567,2.2012,NA,172,"2026-03-14_FELIO",4.44325957522438,445,NA,NA,NA,NA,NA,NA,NA,NA,NA,NA,NA,NA,NA,NA,NA,NA,NA,9.66,247,NA,13.5036
568,2.20495,NA,172,"2026-03-14_FELIO",4.44325957522438,444,NA,NA,NA,NA,NA,NA,NA,NA,NA,NA,NA,NA,NA,NA,NA,NA,NA,9.66,247,NA,13.5036
569,2.20873,NA,172,"2026-03-14_FELIO",4.42086648983201,446,NA,NA,NA,NA,NA,NA,NA,NA,NA,NA,NA,NA,NA,NA,NA,NA,NA,9.87,249,NA,13.572
570,2.21251,NA,173,"2026-03-14_FELIO",4.39985920450546,447,NA,NA,NA,NA,NA,NA,NA,NA,NA,NA,NA,NA,NA,NA,NA,NA,NA,9.88,249,NA,13.6368
571,2.21632,NA,172,"2026-03-14_FELIO",4.37790035898783,451,NA,NA,NA,NA,NA,NA,NA,NA,NA,NA,NA,NA,NA,NA,NA,NA,NA,9.92,248,NA,13.7052
572,2.22014,NA,172,"2026-03-14_FELIO",4.3675751222921,453,NA,NA,NA,NA,NA,NA,NA,NA,NA,NA,NA,NA,NA,NA,NA,NA,NA,9.92,248,NA,13.7376
573,2.22396,NA,172,"2026-03-14_FELIO",4.3561596096881,452,NA,NA,NA,NA,NA,NA,NA,NA,NA,NA,NA,NA,NA,NA,NA,NA,NA,9.75,245,NA,13.7736
574,2.22779,NA,173,"2026-03-14_FELIO",4.3561596096881,449,NA,NA,NA,NA,NA,NA,NA,NA,NA,NA,NA,NA,NA,NA,NA,NA,NA,9.58,242,NA,13.7736
575,2.23164,NA,172,"2026-03-14_FELIO",4.32451133021969,453,NA,NA,NA,NA,NA,NA,NA,NA,NA,NA,NA,NA,NA,NA,NA,NA,NA,9.59,242,NA,13.8744
576,2.23553,NA,172,"2026-03-14_FELIO",4.29331959471063,459,NA,NA,NA,NA,NA,NA,NA,NA,NA,NA,NA,NA,NA,NA,NA,NA,NA,9.83,243,NA,13.9752
577,2.23943,NA,173,"2026-03-14_FELIO",4.26257459505541,464,NA,NA,NA,NA,NA,NA,NA,NA,NA,NA,NA,NA,NA,NA,NA,NA,NA,9.83,243,NA,14.076
578,2.24336,NA,172,"2026-03-14_FELIO",4.24304141208418,469,NA,NA,NA,NA,NA,NA,NA,NA,NA,NA,NA,NA,NA,NA,NA,NA,NA,10.05,245,NA,14.1408
579,2.2473,NA,172,"2026-03-14_FELIO",4.2322668020992,469,NA,NA,NA,NA,NA,NA,NA,NA,NA,NA,NA,NA,NA,NA,NA,NA,NA,10.05,245,NA,14.1768
580,2.25123,NA,173,"2026-03-14_FELIO",4.2322668020992,466,NA,NA,NA,NA,NA,NA,NA,NA,NA,NA,NA,NA,NA,NA,NA,NA,NA,10.05,245,NA,14.1768
581,2.25517,NA,172,"2026-03-14_FELIO",4.2322668020992,464,NA,NA,NA,NA,NA,NA,NA,NA,NA,NA,NA,NA,NA,NA,NA,NA,NA,10.05,245,NA,14.1768
582,2.25911,NA,172,"2026-03-14_FELIO",4.2322668020992,461,NA,NA,NA,NA,NA,NA,NA,NA,NA,NA,NA,NA,NA,NA,NA,NA,NA,10.05,245,NA,14.1768
583,2.26305,NA,173,"2026-03-14_FELIO",4.2322668020992,459,NA,NA,NA,NA,NA,NA,NA,NA,NA,NA,NA,NA,NA,NA,NA,NA,NA,10.05,245,NA,14.1768
584,2.26698,NA,172,"2026-03-14_FELIO",4.24304141208418,457,NA,NA,NA,NA,NA,NA,NA,NA,NA,NA,NA,NA,NA,NA,NA,NA,NA,10.05,245,NA,14.1408
585,2.2709,NA,172,"2026-03-14_FELIO",4.25278557455133,454,NA,NA,NA,NA,NA,NA,NA,NA,NA,NA,NA,NA,NA,NA,NA,NA,NA,10.05,245,NA,14.1084
586,2.2748,NA,172,"2026-03-14_FELIO",4.27350427350427,450,NA,NA,NA,NA,NA,NA,NA,NA,NA,NA,NA,NA,NA,NA,NA,NA,NA,9.83,243,NA,14.04
587,2.27869,NA,172,"2026-03-14_FELIO",4.28338901739056,448,NA,NA,NA,NA,NA,NA,NA,NA,NA,NA,NA,NA,NA,NA,NA,NA,NA,9.83,243,NA,14.0076
588,2.28256,NA,171,"2026-03-14_FELIO",4.30440771349862,445,NA,NA,NA,NA,NA,NA,NA,NA,NA,NA,NA,NA,NA,NA,NA,NA,NA,9.79,244,NA,13.9392
589,2.28636,NA,171,"2026-03-14_FELIO",4.37790035898783,437,NA,NA,NA,NA,NA,NA,NA,NA,NA,NA,NA,NA,NA,NA,NA,NA,NA,9.74,245,NA,13.7052
590,2.29012,NA,171,"2026-03-14_FELIO",4.44325957522438,429,NA,NA,NA,NA,NA,NA,NA,NA,NA,NA,NA,NA,NA,NA,NA,NA,NA,9.5,244,NA,13.5036
591,2.29383,NA,172,"2026-03-14_FELIO",4.48752468138575,424,NA,NA,NA,NA,NA,NA,NA,NA,NA,NA,NA,NA,NA,NA,NA,NA,NA,9.45,245,NA,13.3704
592,2.29754,NA,171,"2026-03-14_FELIO",4.4996400287977,423,NA,NA,NA,NA,NA,NA,NA,NA,NA,NA,NA,NA,NA,NA,NA,NA,NA,9.42,246,NA,13.3344
593,2.30124,NA,171,"2026-03-14_FELIO",4.4996400287977,423,NA,NA,NA,NA,NA,NA,NA,NA,NA,NA,NA,NA,NA,NA,NA,NA,NA,9.42,246,NA,13.3344
594,2.30495,NA,171,"2026-03-14_FELIO",4.48752468138575,425,NA,NA,NA,NA,NA,NA,NA,NA,NA,NA,NA,NA,NA,NA,NA,NA,NA,9.62,248,NA,13.3704
595,2.30869,NA,171,"2026-03-14_FELIO",4.45394619632995,430,NA,NA,NA,NA,NA,NA,NA,NA,NA,NA,NA,NA,NA,NA,NA,NA,NA,9.66,247,NA,13.4712
596,2.3125,NA,171,"2026-03-14_FELIO",4.37790035898783,444,NA,NA,NA,NA,NA,NA,NA,NA,NA,NA,NA,NA,NA,NA,NA,NA,NA,9.92,248,NA,13.7052
597,2.31635,NA,171,"2026-03-14_FELIO",4.33576135969476,451,NA,NA,NA,NA,NA,NA,NA,NA,NA,NA,NA,NA,NA,NA,NA,NA,NA,9.96,247,NA,13.8384
598,2.32022,NA,171,"2026-03-14_FELIO",4.30440771349862,457,NA,NA,NA,NA,NA,NA,NA,NA,NA,NA,NA,NA,NA,NA,NA,NA,NA,10.18,249,NA,13.9392
599,2.32408,NA,171,"2026-03-14_FELIO",4.31443610320131,453,NA,NA,NA,NA,NA,NA,NA,NA,NA,NA,NA,NA,NA,NA,NA,NA,NA,10.14,250,NA,13.9068
600,2.32794,NA,171,"2026-03-14_FELIO",4.31443610320131,448,NA,NA,NA,NA,NA,NA,NA,NA,NA,NA,NA,NA,NA,NA,NA,NA,NA,10.14,250,NA,13.9068
601,2.33181,NA,171,"2026-03-14_FELIO",4.30440771349862,446,NA,NA,NA,NA,NA,NA,NA,NA,NA,NA,NA,NA,NA,NA,NA,NA,NA,10,246,NA,13.9392
602,2.33569,NA,171,"2026-03-14_FELIO",4.30440771349862,444,NA,NA,NA,NA,NA,NA,NA,NA,NA,NA,NA,NA,NA,NA,NA,NA,NA,10,246,NA,13.9392
603,2.33952,NA,171,"2026-03-14_FELIO",4.34593654932638,440,NA,NA,NA,NA,NA,NA,NA,NA,NA,NA,NA,NA,NA,NA,NA,NA,NA,9.96,247,NA,13.806
604,2.34333,NA,171,"2026-03-14_FELIO",4.37790035898783,439,NA,NA,NA,NA,NA,NA,NA,NA,NA,NA,NA,NA,NA,NA,NA,NA,NA,10.1,251,NA,13.7052
605,2.34715,NA,171,"2026-03-14_FELIO",4.3675751222921,441,NA,NA,NA,NA,NA,NA,NA,NA,NA,NA,NA,NA,NA,NA,NA,NA,NA,10.1,251,NA,13.7376
606,2.35097,NA,171,"2026-03-14_FELIO",4.3561596096881,441,NA,NA,NA,NA,NA,NA,NA,NA,NA,NA,NA,NA,NA,NA,NA,NA,NA,9.92,248,NA,13.7736
607,2.35482,NA,171,"2026-03-14_FELIO",4.33576135969476,445,NA,NA,NA,NA,NA,NA,NA,NA,NA,NA,NA,NA,NA,NA,NA,NA,NA,9.96,247,NA,13.8384
608,2.35868,NA,170,"2026-03-14_FELIO",4.31443610320131,453,NA,NA,NA,NA,NA,NA,NA,NA,NA,NA,NA,NA,NA,NA,NA,NA,NA,10.14,250,NA,13.9068
609,2.36253,NA,170,"2026-03-14_FELIO",4.32451133021969,451,NA,NA,NA,NA,NA,NA,NA,NA,NA,NA,NA,NA,NA,NA,NA,NA,NA,10.14,250,NA,13.8744
610,2.36635,NA,170,"2026-03-14_FELIO",4.3675751222921,444,NA,NA,NA,NA,NA,NA,NA,NA,NA,NA,NA,NA,NA,NA,NA,NA,NA,10.1,251,NA,13.7376
611,2.37011,NA,170,"2026-03-14_FELIO",4.43262411347518,438,NA,NA,NA,NA,NA,NA,NA,NA,NA,NA,NA,NA,NA,NA,NA,NA,NA,10.05,252,NA,13.536
612,2.37394,NA,170,"2026-03-14_FELIO",4.34593654932638,447,NA,NA,NA,NA,NA,NA,NA,NA,NA,NA,NA,NA,NA,NA,NA,NA,NA,10.14,250,NA,13.806
613,2.37783,NA,170,"2026-03-14_FELIO",4.28338901739056,456,NA,NA,NA,NA,NA,NA,NA,NA,NA,NA,NA,NA,NA,NA,NA,NA,NA,10.01,246,NA,14.0076
614,2.38176,NA,169,"2026-03-14_FELIO",4.24304141208418,466,NA,NA,NA,NA,NA,NA,NA,NA,NA,NA,NA,NA,NA,NA,NA,NA,NA,10.05,245,NA,14.1408
615,2.3857,NA,170,"2026-03-14_FELIO",4.2322668020992,473,NA,NA,NA,NA,NA,NA,NA,NA,NA,NA,NA,NA,NA,NA,NA,NA,NA,10.05,245,NA,14.1768
616,2.38966,NA,170,"2026-03-14_FELIO",4.21300977418268,471,NA,NA,NA,NA,NA,NA,NA,NA,NA,NA,NA,NA,NA,NA,NA,NA,NA,10.09,244,NA,14.2416
617,2.39359,NA,169,"2026-03-14_FELIO",4.2322668020992,463,NA,NA,NA,NA,NA,NA,NA,NA,NA,NA,NA,NA,NA,NA,NA,NA,NA,10.05,245,NA,14.1768
618,2.39753,NA,170,"2026-03-14_FELIO",4.2322668020992,461,NA,NA,NA,NA,NA,NA,NA,NA,NA,NA,NA,NA,NA,NA,NA,NA,NA,10.05,245,NA,14.1768
619,2.40146,NA,170,"2026-03-14_FELIO",4.24304141208418,459,NA,NA,NA,NA,NA,NA,NA,NA,NA,NA,NA,NA,NA,NA,NA,NA,NA,10.05,245,NA,14.1408
620,2.40539,NA,170,"2026-03-14_FELIO",4.24304141208418,459,NA,NA,NA,NA,NA,NA,NA,NA,NA,NA,NA,NA,NA,NA,NA,NA,NA,10.05,245,NA,14.1408
621,2.40932,NA,170,"2026-03-14_FELIO",4.24304141208418,459,NA,NA,NA,NA,NA,NA,NA,NA,NA,NA,NA,NA,NA,NA,NA,NA,NA,10.05,245,NA,14.1408
622,2.41324,NA,171,"2026-03-14_FELIO",4.24304141208418,460,NA,NA,NA,NA,NA,NA,NA,NA,NA,NA,NA,NA,NA,NA,NA,NA,NA,10.05,245,NA,14.1408
623,2.41718,NA,171,"2026-03-14_FELIO",4.2322668020992,462,NA,NA,NA,NA,NA,NA,NA,NA,NA,NA,NA,NA,NA,NA,NA,NA,NA,10.05,245,NA,14.1768
624,2.421,NA,171,"2026-03-14_FELIO",4.3675751222921,448,NA,NA,NA,NA,NA,NA,NA,NA,NA,NA,NA,NA,NA,NA,NA,NA,NA,10.1,251,NA,13.7376
625,2.42471,NA,170,"2026-03-14_FELIO",4.48752468138575,438,NA,NA,NA,NA,NA,NA,NA,NA,NA,NA,NA,NA,NA,NA,NA,NA,NA,10.18,256,NA,13.3704
626,2.42843,NA,170,"2026-03-14_FELIO",4.48752468138575,438,NA,NA,NA,NA,NA,NA,NA,NA,NA,NA,NA,NA,NA,NA,NA,NA,NA,10.18,256,NA,13.3704
627,2.43215,NA,170,"2026-03-14_FELIO",4.476676515355,439,NA,NA,NA,NA,NA,NA,NA,NA,NA,NA,NA,NA,NA,NA,NA,NA,NA,10.18,256,NA,13.4028
628,2.43592,NA,170,"2026-03-14_FELIO",4.42086648983201,445,NA,NA,NA,NA,NA,NA,NA,NA,NA,NA,NA,NA,NA,NA,NA,NA,NA,10.23,255,NA,13.572
629,2.43971,NA,169,"2026-03-14_FELIO",4.38827453045463,455,NA,NA,NA,NA,NA,NA,NA,NA,NA,NA,NA,NA,NA,NA,NA,NA,NA,10.28,254,NA,13.6728
630,2.44353,NA,168,"2026-03-14_FELIO",4.3675751222921,458,NA,NA,NA,NA,NA,NA,NA,NA,NA,NA,NA,NA,NA,NA,NA,NA,NA,10.28,254,NA,13.7376
631,2.44737,NA,168,"2026-03-14_FELIO",4.34593654932638,460,NA,NA,NA,NA,NA,NA,NA,NA,NA,NA,NA,NA,NA,NA,NA,NA,NA,10.14,250,NA,13.806
632,2.45122,NA,167,"2026-03-14_FELIO",4.32451133021969,459,NA,NA,NA,NA,NA,NA,NA,NA,NA,NA,NA,NA,NA,NA,NA,NA,NA,10.14,250,NA,13.8744
633,2.4551,NA,167,"2026-03-14_FELIO",4.29331959471063,462,NA,NA,NA,NA,NA,NA,NA,NA,NA,NA,NA,NA,NA,NA,NA,NA,NA,10.19,249,NA,13.9752
634,2.45899,NA,167,"2026-03-14_FELIO",4.28338901739056,463,NA,NA,NA,NA,NA,NA,NA,NA,NA,NA,NA,NA,NA,NA,NA,NA,NA,10.19,249,NA,14.0076
635,2.46288,NA,167,"2026-03-14_FELIO",4.28338901739056,461,NA,NA,NA,NA,NA,NA,NA,NA,NA,NA,NA,NA,NA,NA,NA,NA,NA,10.19,249,NA,14.0076
636,2.46679,NA,168,"2026-03-14_FELIO",4.27350427350427,461,NA,NA,NA,NA,NA,NA,NA,NA,NA,NA,NA,NA,NA,NA,NA,NA,NA,10.19,249,NA,14.04
637,2.47068,NA,168,"2026-03-14_FELIO",4.27350427350427,459,NA,NA,NA,NA,NA,NA,NA,NA,NA,NA,NA,NA,NA,NA,NA,NA,NA,10.19,249,NA,14.04
638,2.47459,NA,168,"2026-03-14_FELIO",4.27350427350427,458,NA,NA,NA,NA,NA,NA,NA,NA,NA,NA,NA,NA,NA,NA,NA,NA,NA,10.19,249,NA,14.04
639,2.47848,NA,167,"2026-03-14_FELIO",4.27350427350427,456,NA,NA,NA,NA,NA,NA,NA,NA,NA,NA,NA,NA,NA,NA,NA,NA,NA,10.01,246,NA,14.04
640,2.48236,NA,167,"2026-03-14_FELIO",4.29331959471063,453,NA,NA,NA,NA,NA,NA,NA,NA,NA,NA,NA,NA,NA,NA,NA,NA,NA,10,246,NA,13.9752
641,2.48623,NA,167,"2026-03-14_FELIO",4.31443610320131,453,NA,NA,NA,NA,NA,NA,NA,NA,NA,NA,NA,NA,NA,NA,NA,NA,NA,9.96,247,NA,13.9068
642,2.49006,NA,167,"2026-03-14_FELIO",4.34593654932638,448,NA,NA,NA,NA,NA,NA,NA,NA,NA,NA,NA,NA,NA,NA,NA,NA,NA,9.96,247,NA,13.806
643,2.49388,NA,166,"2026-03-14_FELIO",4.3675751222921,444,NA,NA,NA,NA,NA,NA,NA,NA,NA,NA,NA,NA,NA,NA,NA,NA,NA,9.92,248,NA,13.7376
644,2.49768,NA,166,"2026-03-14_FELIO",4.38827453045463,439,NA,NA,NA,NA,NA,NA,NA,NA,NA,NA,NA,NA,NA,NA,NA,NA,NA,9.91,248,NA,13.6728
645,2.50148,NA,166,"2026-03-14_FELIO",4.37790035898783,439,NA,NA,NA,NA,NA,NA,NA,NA,NA,NA,NA,NA,NA,NA,NA,NA,NA,9.92,248,NA,13.7052
646,2.50531,NA,166,"2026-03-14_FELIO",4.3561596096881,439,NA,NA,NA,NA,NA,NA,NA,NA,NA,NA,NA,NA,NA,NA,NA,NA,NA,9.92,248,NA,13.7736
647,2.50914,NA,166,"2026-03-14_FELIO",4.34593654932638,441,NA,NA,NA,NA,NA,NA,NA,NA,NA,NA,NA,NA,NA,NA,NA,NA,NA,9.96,247,NA,13.806
648,2.51299,NA,167,"2026-03-14_FELIO",4.33576135969476,441,NA,NA,NA,NA,NA,NA,NA,NA,NA,NA,NA,NA,NA,NA,NA,NA,NA,9.96,247,NA,13.8384
649,2.51684,NA,167,"2026-03-14_FELIO",4.32451133021969,439,NA,NA,NA,NA,NA,NA,NA,NA,NA,NA,NA,NA,NA,NA,NA,NA,NA,9.96,247,NA,13.8744
650,2.52071,NA,168,"2026-03-14_FELIO",4.30440771349862,441,NA,NA,NA,NA,NA,NA,NA,NA,NA,NA,NA,NA,NA,NA,NA,NA,NA,10.18,249,NA,13.9392
651,2.5246,NA,170,"2026-03-14_FELIO",4.28338901739056,442,NA,NA,NA,NA,NA,NA,NA,NA,NA,NA,NA,NA,NA,NA,NA,NA,NA,10.19,249,NA,14.0076
652,2.52839,NA,170,"2026-03-14_FELIO",4.39985920450546,427,NA,NA,NA,NA,NA,NA,NA,NA,NA,NA,NA,NA,NA,NA,NA,NA,NA,10.24,255,NA,13.6368
653,2.53212,NA,170,"2026-03-14_FELIO",4.476676515355,419,NA,NA,NA,NA,NA,NA,NA,NA,NA,NA,NA,NA,NA,NA,NA,NA,NA,10.18,256,NA,13.4028
654,2.53588,NA,170,"2026-03-14_FELIO",4.43262411347518,423,NA,NA,NA,NA,NA,NA,NA,NA,NA,NA,NA,NA,NA,NA,NA,NA,NA,10.23,255,NA,13.536
655,2.53966,NA,170,"2026-03-14_FELIO",4.41033783187792,424,NA,NA,NA,NA,NA,NA,NA,NA,NA,NA,NA,NA,NA,NA,NA,NA,NA,10.05,252,NA,13.6044
656,2.54346,NA,170,"2026-03-14_FELIO",4.37790035898783,429,NA,NA,NA,NA,NA,NA,NA,NA,NA,NA,NA,NA,NA,NA,NA,NA,NA,10.1,251,NA,13.7052
657,2.54729,NA,171,"2026-03-14_FELIO",4.3561596096881,437,NA,NA,NA,NA,NA,NA,NA,NA,NA,NA,NA,NA,NA,NA,NA,NA,NA,9.92,248,NA,13.7736
658,2.55115,NA,171,"2026-03-14_FELIO",4.31443610320131,443,NA,NA,NA,NA,NA,NA,NA,NA,NA,NA,NA,NA,NA,NA,NA,NA,NA,9.96,247,NA,13.9068
659,2.55504,NA,171,"2026-03-14_FELIO",4.29331959471063,444,NA,NA,NA,NA,NA,NA,NA,NA,NA,NA,NA,NA,NA,NA,NA,NA,NA,9.83,243,NA,13.9752
660,2.55882,NA,171,"2026-03-14_FELIO",4.39985920450546,427,NA,NA,NA,NA,NA,NA,NA,NA,NA,NA,NA,NA,NA,NA,NA,NA,NA,9.7,246,NA,13.6368
661,2.56255,NA,171,"2026-03-14_FELIO",4.46588067166845,421,NA,NA,NA,NA,NA,NA,NA,NA,NA,NA,NA,NA,NA,NA,NA,NA,NA,9.66,247,NA,13.4352
662,2.56637,NA,171,"2026-03-14_FELIO",4.3675751222921,432,NA,NA,NA,NA,NA,NA,NA,NA,NA,NA,NA,NA,NA,NA,NA,NA,NA,9.75,245,NA,13.7376
663,2.57023,NA,171,"2026-03-14_FELIO",4.31443610320131,439,NA,NA,NA,NA,NA,NA,NA,NA,NA,NA,NA,NA,NA,NA,NA,NA,NA,9.79,244,NA,13.9068
664,2.57411,NA,171,"2026-03-14_FELIO",4.29331959471063,451,NA,NA,NA,NA,NA,NA,NA,NA,NA,NA,NA,NA,NA,NA,NA,NA,NA,10,246,NA,13.9752
665,2.57801,NA,171,"2026-03-14_FELIO",4.27350427350427,462,NA,NA,NA,NA,NA,NA,NA,NA,NA,NA,NA,NA,NA,NA,NA,NA,NA,10.19,249,NA,14.04
666,2.58192,NA,171,"2026-03-14_FELIO",4.26257459505541,458,NA,NA,NA,NA,NA,NA,NA,NA,NA,NA,NA,NA,NA,NA,NA,NA,NA,10.23,248,NA,14.076
667,2.58584,NA,171,"2026-03-14_FELIO",4.25278557455133,456,NA,NA,NA,NA,NA,NA,NA,NA,NA,NA,NA,NA,NA,NA,NA,NA,NA,10.05,245,NA,14.1084
668,2.58976,NA,170,"2026-03-14_FELIO",4.25278557455133,455,NA,NA,NA,NA,NA,NA,NA,NA,NA,NA,NA,NA,NA,NA,NA,NA,NA,10.05,245,NA,14.1084
669,2.59368,NA,169,"2026-03-14_FELIO",4.25278557455133,453,NA,NA,NA,NA,NA,NA,NA,NA,NA,NA,NA,NA,NA,NA,NA,NA,NA,9.87,242,NA,14.1084
670,2.59762,NA,169,"2026-03-14_FELIO",4.2322668020992,457,NA,NA,NA,NA,NA,NA,NA,NA,NA,NA,NA,NA,NA,NA,NA,NA,NA,9.88,242,NA,14.1768
671,2.60156,NA,169,"2026-03-14_FELIO",4.22261633307998,459,NA,NA,NA,NA,NA,NA,NA,NA,NA,NA,NA,NA,NA,NA,NA,NA,NA,9.88,242,NA,14.2092
672,2.60553,NA,168,"2026-03-14_FELIO",4.20238695579089,463,NA,NA,NA,NA,NA,NA,NA,NA,NA,NA,NA,NA,NA,NA,NA,NA,NA,9.92,241,NA,14.2776
673,2.60951,NA,168,"2026-03-14_FELIO",4.19287211740042,467,NA,NA,NA,NA,NA,NA,NA,NA,NA,NA,NA,NA,NA,NA,NA,NA,NA,10.09,244,NA,14.31
674,2.61347,NA,168,"2026-03-14_FELIO",4.20238695579089,464,NA,NA,NA,NA,NA,NA,NA,NA,NA,NA,NA,NA,NA,NA,NA,NA,NA,10.09,244,NA,14.2776
675,2.61744,NA,168,"2026-03-14_FELIO",4.20238695579089,464,NA,NA,NA,NA,NA,NA,NA,NA,NA,NA,NA,NA,NA,NA,NA,NA,NA,10.09,244,NA,14.2776
676,2.62139,NA,167,"2026-03-14_FELIO",4.21300977418268,463,NA,NA,NA,NA,NA,NA,NA,NA,NA,NA,NA,NA,NA,NA,NA,NA,NA,10.27,247,NA,14.2416
677,2.62534,NA,167,"2026-03-14_FELIO",4.22261633307998,462,NA,NA,NA,NA,NA,NA,NA,NA,NA,NA,NA,NA,NA,NA,NA,NA,NA,10.27,247,NA,14.2092
678,2.62928,NA,167,"2026-03-14_FELIO",4.2322668020992,462,NA,NA,NA,NA,NA,NA,NA,NA,NA,NA,NA,NA,NA,NA,NA,NA,NA,10.23,248,NA,14.1768
679,2.6332,NA,167,"2026-03-14_FELIO",4.24304141208418,461,NA,NA,NA,NA,NA,NA,NA,NA,NA,NA,NA,NA,NA,NA,NA,NA,NA,10.23,248,NA,14.1408
680,2.63711,NA,167,"2026-03-14_FELIO",4.26257459505541,459,NA,NA,NA,NA,NA,NA,NA,NA,NA,NA,NA,NA,NA,NA,NA,NA,NA,10.23,248,NA,14.076
681,2.64101,NA,167,"2026-03-14_FELIO",4.28338901739056,457,NA,NA,NA,NA,NA,NA,NA,NA,NA,NA,NA,NA,NA,NA,NA,NA,NA,10.19,249,NA,14.0076
682,2.6449,NA,168,"2026-03-14_FELIO",4.28338901739056,457,NA,NA,NA,NA,NA,NA,NA,NA,NA,NA,NA,NA,NA,NA,NA,NA,NA,10.19,249,NA,14.0076
683,2.64879,NA,168,"2026-03-14_FELIO",4.28338901739056,458,NA,NA,NA,NA,NA,NA,NA,NA,NA,NA,NA,NA,NA,NA,NA,NA,NA,10.19,249,NA,14.0076
684,2.65267,NA,169,"2026-03-14_FELIO",4.29331959471063,457,NA,NA,NA,NA,NA,NA,NA,NA,NA,NA,NA,NA,NA,NA,NA,NA,NA,10.19,249,NA,13.9752
685,2.65654,NA,170,"2026-03-14_FELIO",4.30440771349862,454,NA,NA,NA,NA,NA,NA,NA,NA,NA,NA,NA,NA,NA,NA,NA,NA,NA,10,246,NA,13.9392
686,2.66041,NA,171,"2026-03-14_FELIO",4.30440771349862,452,NA,NA,NA,NA,NA,NA,NA,NA,NA,NA,NA,NA,NA,NA,NA,NA,NA,9.79,244,NA,13.9392
687,2.66432,NA,171,"2026-03-14_FELIO",4.27350427350427,456,NA,NA,NA,NA,NA,NA,NA,NA,NA,NA,NA,NA,NA,NA,NA,NA,NA,9.83,243,NA,14.04
688,2.66824,NA,171,"2026-03-14_FELIO",4.24304141208418,462,NA,NA,NA,NA,NA,NA,NA,NA,NA,NA,NA,NA,NA,NA,NA,NA,NA,9.87,242,NA,14.1408
689,2.67219,NA,171,"2026-03-14_FELIO",4.22261633307998,466,NA,NA,NA,NA,NA,NA,NA,NA,NA,NA,NA,NA,NA,NA,NA,NA,NA,9.88,242,NA,14.2092
690,2.67613,NA,171,"2026-03-14_FELIO",4.22261633307998,467,NA,NA,NA,NA,NA,NA,NA,NA,NA,NA,NA,NA,NA,NA,NA,NA,NA,10.09,244,NA,14.2092
691,2.68008,NA,170,"2026-03-14_FELIO",4.2322668020992,463,NA,NA,NA,NA,NA,NA,NA,NA,NA,NA,NA,NA,NA,NA,NA,NA,NA,10.05,245,NA,14.1768
692,2.68401,NA,170,"2026-03-14_FELIO",4.2322668020992,462,NA,NA,NA,NA,NA,NA,NA,NA,NA,NA,NA,NA,NA,NA,NA,NA,NA,10.23,248,NA,14.1768
693,2.68794,NA,170,"2026-03-14_FELIO",4.24304141208418,460,NA,NA,NA,NA,NA,NA,NA,NA,NA,NA,NA,NA,NA,NA,NA,NA,NA,10.23,248,NA,14.1408
694,2.69186,NA,170,"2026-03-14_FELIO",4.25278557455133,458,NA,NA,NA,NA,NA,NA,NA,NA,NA,NA,NA,NA,NA,NA,NA,NA,NA,10.23,248,NA,14.1084
695,2.69576,NA,171,"2026-03-14_FELIO",4.27350427350427,455,NA,NA,NA,NA,NA,NA,NA,NA,NA,NA,NA,NA,NA,NA,NA,NA,NA,10.01,246,NA,14.04
696,2.69965,NA,170,"2026-03-14_FELIO",4.28338901739056,453,NA,NA,NA,NA,NA,NA,NA,NA,NA,NA,NA,NA,NA,NA,NA,NA,NA,10.01,246,NA,14.0076
697,2.70354,NA,170,"2026-03-14_FELIO",4.28338901739056,453,NA,NA,NA,NA,NA,NA,NA,NA,NA,NA,NA,NA,NA,NA,NA,NA,NA,10.01,246,NA,14.0076
698,2.70745,NA,171,"2026-03-14_FELIO",4.26257459505541,454,NA,NA,NA,NA,NA,NA,NA,NA,NA,NA,NA,NA,NA,NA,NA,NA,NA,9.83,243,NA,14.076
699,2.71138,NA,170,"2026-03-14_FELIO",4.24304141208418,459,NA,NA,NA,NA,NA,NA,NA,NA,NA,NA,NA,NA,NA,NA,NA,NA,NA,9.87,242,NA,14.1408
700,2.71532,NA,171,"2026-03-14_FELIO",4.2322668020992,461,NA,NA,NA,NA,NA,NA,NA,NA,NA,NA,NA,NA,NA,NA,NA,NA,NA,9.88,242,NA,14.1768
701,2.71927,NA,171,"2026-03-14_FELIO",4.21300977418268,466,NA,NA,NA,NA,NA,NA,NA,NA,NA,NA,NA,NA,NA,NA,NA,NA,NA,9.88,242,NA,14.2416
702,2.72325,NA,171,"2026-03-14_FELIO",4.19287211740042,460,NA,NA,NA,NA,NA,NA,NA,NA,NA,NA,NA,NA,NA,NA,NA,NA,NA,10.09,244,NA,14.31
703,2.72721,NA,170,"2026-03-14_FELIO",4.21300977418268,428,NA,NA,NA,NA,NA,NA,NA,NA,NA,NA,NA,NA,NA,NA,NA,NA,NA,10.09,244,NA,14.2416
704,2.73114,NA,171,"2026-03-14_FELIO",4.2322668020992,402,NA,NA,NA,NA,NA,NA,NA,NA,NA,NA,NA,NA,NA,NA,NA,NA,NA,10.05,245,NA,14.1768
705,2.73509,NA,171,"2026-03-14_FELIO",4.22261633307998,397,NA,NA,NA,NA,NA,NA,NA,NA,NA,NA,NA,NA,NA,NA,NA,NA,NA,10.09,244,NA,14.2092
706,2.73903,NA,171,"2026-03-14_FELIO",4.22261633307998,393,NA,NA,NA,NA,NA,NA,NA,NA,NA,NA,NA,NA,NA,NA,NA,NA,NA,10.09,244,NA,14.2092
707,2.74298,NA,170,"2026-03-14_FELIO",4.22261633307998,389,NA,NA,NA,NA,NA,NA,NA,NA,NA,NA,NA,NA,NA,NA,NA,NA,NA,10.09,244,NA,14.2092
708,2.74692,NA,171,"2026-03-14_FELIO",4.2322668020992,386,NA,NA,NA,NA,NA,NA,NA,NA,NA,NA,NA,NA,NA,NA,NA,NA,NA,10.05,245,NA,14.1768
709,2.75086,NA,171,"2026-03-14_FELIO",4.2322668020992,386,NA,NA,NA,NA,NA,NA,NA,NA,NA,NA,NA,NA,NA,NA,NA,NA,NA,10.23,248,NA,14.1768
710,2.75475,NA,171,"2026-03-14_FELIO",4.27350427350427,382,NA,NA,NA,NA,NA,NA,NA,NA,NA,NA,NA,NA,NA,NA,NA,NA,NA,10.38,252,NA,14.04
711,2.75862,NA,170,"2026-03-14_FELIO",4.31443610320131,377,NA,NA,NA,NA,NA,NA,NA,NA,NA,NA,NA,NA,NA,NA,NA,NA,NA,10.14,250,NA,13.9068
712,2.76246,NA,171,"2026-03-14_FELIO",4.34593654932638,374,NA,NA,NA,NA,NA,NA,NA,NA,NA,NA,NA,NA,NA,NA,NA,NA,NA,10.14,250,NA,13.806
713,2.76627,NA,171,"2026-03-14_FELIO",4.3675751222921,373,NA,NA,NA,NA,NA,NA,NA,NA,NA,NA,NA,NA,NA,NA,NA,NA,NA,10.1,251,NA,13.7376
714,2.7701,NA,170,"2026-03-14_FELIO",4.34593654932638,375,NA,NA,NA,NA,NA,NA,NA,NA,NA,NA,NA,NA,NA,NA,NA,NA,NA,10.14,250,NA,13.806
715,2.77396,NA,170,"2026-03-14_FELIO",4.32451133021969,377,NA,NA,NA,NA,NA,NA,NA,NA,NA,NA,NA,NA,NA,NA,NA,NA,NA,9.96,247,NA,13.8744
716,2.77783,NA,170,"2026-03-14_FELIO",4.30440771349862,383,NA,NA,NA,NA,NA,NA,NA,NA,NA,NA,NA,NA,NA,NA,NA,NA,NA,10,246,NA,13.9392
717,2.78172,NA,171,"2026-03-14_FELIO",4.29331959471063,389,NA,NA,NA,NA,NA,NA,NA,NA,NA,NA,NA,NA,NA,NA,NA,NA,NA,10,246,NA,13.9752
718,2.78559,NA,170,"2026-03-14_FELIO",4.29331959471063,389,NA,NA,NA,NA,NA,NA,NA,NA,NA,NA,NA,NA,NA,NA,NA,NA,NA,10,246,NA,13.9752
719,2.78944,NA,170,"2026-03-14_FELIO",4.33576135969476,386,NA,NA,NA,NA,NA,NA,NA,NA,NA,NA,NA,NA,NA,NA,NA,NA,NA,10.14,250,NA,13.8384
720,2.79326,NA,170,"2026-03-14_FELIO",4.3675751222921,385,NA,NA,NA,NA,NA,NA,NA,NA,NA,NA,NA,NA,NA,NA,NA,NA,NA,10.1,251,NA,13.7376
721,2.79711,NA,171,"2026-03-14_FELIO",4.32451133021969,393,NA,NA,NA,NA,NA,NA,NA,NA,NA,NA,NA,NA,NA,NA,NA,NA,NA,10.33,253,NA,13.8744
722,2.80098,NA,170,"2026-03-14_FELIO",4.30440771349862,398,NA,NA,NA,NA,NA,NA,NA,NA,NA,NA,NA,NA,NA,NA,NA,NA,NA,10.37,252,NA,13.9392
723,2.80478,NA,170,"2026-03-14_FELIO",4.38827453045463,391,NA,NA,NA,NA,NA,NA,NA,NA,NA,NA,NA,NA,NA,NA,NA,NA,NA,10.09,251,NA,13.6728
724,2.80853,NA,169,"2026-03-14_FELIO",4.44325957522438,389,NA,NA,NA,NA,NA,NA,NA,NA,NA,NA,NA,NA,NA,NA,NA,NA,NA,10.05,252,NA,13.5036
725,2.81228,NA,169,"2026-03-14_FELIO",4.44325957522438,390,NA,NA,NA,NA,NA,NA,NA,NA,NA,NA,NA,NA,NA,NA,NA,NA,NA,9.66,247,NA,13.5036
726,2.81604,NA,169,"2026-03-14_FELIO",4.43262411347518,394,NA,NA,NA,NA,NA,NA,NA,NA,NA,NA,NA,NA,NA,NA,NA,NA,NA,9.66,247,NA,13.536
727,2.81979,NA,169,"2026-03-14_FELIO",4.44325957522438,395,NA,NA,NA,NA,NA,NA,NA,NA,NA,NA,NA,NA,NA,NA,NA,NA,NA,9.66,247,NA,13.5036
728,2.82353,NA,169,"2026-03-14_FELIO",4.45394619632995,397,NA,NA,NA,NA,NA,NA,NA,NA,NA,NA,NA,NA,NA,NA,NA,NA,NA,9.66,247,NA,13.4712
729,2.82737,NA,169,"2026-03-14_FELIO",4.34593654932638,416,NA,NA,NA,NA,NA,NA,NA,NA,NA,NA,NA,NA,NA,NA,NA,NA,NA,9.75,245,NA,13.806
730,2.83125,NA,170,"2026-03-14_FELIO",4.29331959471063,427,NA,NA,NA,NA,NA,NA,NA,NA,NA,NA,NA,NA,NA,NA,NA,NA,NA,9.83,243,NA,13.9752
731,2.83515,NA,169,"2026-03-14_FELIO",4.27350427350427,435,NA,NA,NA,NA,NA,NA,NA,NA,NA,NA,NA,NA,NA,NA,NA,NA,NA,9.83,243,NA,14.04
732,2.83907,NA,169,"2026-03-14_FELIO",4.25278557455133,442,NA,NA,NA,NA,NA,NA,NA,NA,NA,NA,NA,NA,NA,NA,NA,NA,NA,9.87,242,NA,14.1084
733,2.84295,NA,169,"2026-03-14_FELIO",4.29331959471063,430,NA,NA,NA,NA,NA,NA,NA,NA,NA,NA,NA,NA,NA,NA,NA,NA,NA,9.83,243,NA,13.9752
734,2.84681,NA,169,"2026-03-14_FELIO",4.31443610320131,427,NA,NA,NA,NA,NA,NA,NA,NA,NA,NA,NA,NA,NA,NA,NA,NA,NA,9.79,244,NA,13.9068
735,2.85068,NA,169,"2026-03-14_FELIO",4.30440771349862,432,NA,NA,NA,NA,NA,NA,NA,NA,NA,NA,NA,NA,NA,NA,NA,NA,NA,10,246,NA,13.9392
736,2.85456,NA,170,"2026-03-14_FELIO",4.30440771349862,435,NA,NA,NA,NA,NA,NA,NA,NA,NA,NA,NA,NA,NA,NA,NA,NA,NA,10,246,NA,13.9392
737,2.85839,NA,169,"2026-03-14_FELIO",4.3561596096881,434,NA,NA,NA,NA,NA,NA,NA,NA,NA,NA,NA,NA,NA,NA,NA,NA,NA,10.14,250,NA,13.7736
738,2.86217,NA,169,"2026-03-14_FELIO",4.39985920450546,432,NA,NA,NA,NA,NA,NA,NA,NA,NA,NA,NA,NA,NA,NA,NA,NA,NA,10.09,251,NA,13.6368
739,2.86598,NA,169,"2026-03-14_FELIO",4.37790035898783,437,NA,NA,NA,NA,NA,NA,NA,NA,NA,NA,NA,NA,NA,NA,NA,NA,NA,10.28,254,NA,13.7052
740,2.8698,NA,170,"2026-03-14_FELIO",4.3561596096881,442,NA,NA,NA,NA,NA,NA,NA,NA,NA,NA,NA,NA,NA,NA,NA,NA,NA,10.29,254,NA,13.7736
741,2.87363,NA,170,"2026-03-14_FELIO",4.3561596096881,443,NA,NA,NA,NA,NA,NA,NA,NA,NA,NA,NA,NA,NA,NA,NA,NA,NA,10.29,254,NA,13.7736
742,2.87743,NA,170,"2026-03-14_FELIO",4.38827453045463,440,NA,NA,NA,NA,NA,NA,NA,NA,NA,NA,NA,NA,NA,NA,NA,NA,NA,9.91,248,NA,13.6728
743,2.8812,NA,170,"2026-03-14_FELIO",4.41033783187792,437,NA,NA,NA,NA,NA,NA,NA,NA,NA,NA,NA,NA,NA,NA,NA,NA,NA,9.7,246,NA,13.6044
744,2.88498,NA,170,"2026-03-14_FELIO",4.42086648983201,437,NA,NA,NA,NA,NA,NA,NA,NA,NA,NA,NA,NA,NA,NA,NA,NA,NA,9.7,246,NA,13.572
745,2.8888,NA,171,"2026-03-14_FELIO",4.3561596096881,446,NA,NA,NA,NA,NA,NA,NA,NA,NA,NA,NA,NA,NA,NA,NA,NA,NA,9.92,248,NA,13.7736
746,2.89268,NA,171,"2026-03-14_FELIO",4.29331959471063,460,NA,NA,NA,NA,NA,NA,NA,NA,NA,NA,NA,NA,NA,NA,NA,NA,NA,10,246,NA,13.9752
747,2.89658,NA,171,"2026-03-14_FELIO",4.27350427350427,466,NA,NA,NA,NA,NA,NA,NA,NA,NA,NA,NA,NA,NA,NA,NA,NA,NA,10.01,246,NA,14.04
748,2.9005,NA,170,"2026-03-14_FELIO",4.25278557455133,472,NA,NA,NA,NA,NA,NA,NA,NA,NA,NA,NA,NA,NA,NA,NA,NA,NA,10.05,245,NA,14.1084
749,2.9044,NA,171,"2026-03-14_FELIO",4.27350427350427,464,NA,NA,NA,NA,NA,NA,NA,NA,NA,NA,NA,NA,NA,NA,NA,NA,NA,10.19,249,NA,14.04
750,2.90829,NA,171,"2026-03-14_FELIO",4.28338901739056,457,NA,NA,NA,NA,NA,NA,NA,NA,NA,NA,NA,NA,NA,NA,NA,NA,NA,10.19,249,NA,14.0076
751,2.9122,NA,171,"2026-03-14_FELIO",4.26257459505541,458,NA,NA,NA,NA,NA,NA,NA,NA,NA,NA,NA,NA,NA,NA,NA,NA,NA,10.23,248,NA,14.076
752,2.91613,NA,171,"2026-03-14_FELIO",4.24304141208418,460,NA,NA,NA,NA,NA,NA,NA,NA,NA,NA,NA,NA,NA,NA,NA,NA,NA,10.23,248,NA,14.1408
753,2.92002,NA,171,"2026-03-14_FELIO",4.28338901739056,454,NA,NA,NA,NA,NA,NA,NA,NA,NA,NA,NA,NA,NA,NA,NA,NA,NA,10.19,249,NA,14.0076
754,2.92388,NA,171,"2026-03-14_FELIO",4.31443610320131,449,NA,NA,NA,NA,NA,NA,NA,NA,NA,NA,NA,NA,NA,NA,NA,NA,NA,9.96,247,NA,13.9068
755,2.92773,NA,171,"2026-03-14_FELIO",4.33576135969476,445,NA,NA,NA,NA,NA,NA,NA,NA,NA,NA,NA,NA,NA,NA,NA,NA,NA,9.79,244,NA,13.8384
756,2.93156,NA,171,"2026-03-14_FELIO",4.3561596096881,443,NA,NA,NA,NA,NA,NA,NA,NA,NA,NA,NA,NA,NA,NA,NA,NA,NA,9.75,245,NA,13.7736
757,2.93535,NA,172,"2026-03-14_FELIO",4.38827453045463,440,NA,NA,NA,NA,NA,NA,NA,NA,NA,NA,NA,NA,NA,NA,NA,NA,NA,9.71,246,NA,13.6728
758,2.93913,NA,172,"2026-03-14_FELIO",4.41033783187792,437,NA,NA,NA,NA,NA,NA,NA,NA,NA,NA,NA,NA,NA,NA,NA,NA,NA,9.7,246,NA,13.6044
759,2.94299,NA,172,"2026-03-14_FELIO",4.32451133021969,447,NA,NA,NA,NA,NA,NA,NA,NA,NA,NA,NA,NA,NA,NA,NA,NA,NA,9.79,244,NA,13.8744
760,2.94688,NA,171,"2026-03-14_FELIO",4.27350427350427,457,NA,NA,NA,NA,NA,NA,NA,NA,NA,NA,NA,NA,NA,NA,NA,NA,NA,9.83,243,NA,14.04
761,2.95084,NA,171,"2026-03-14_FELIO",4.21300977418268,475,NA,NA,NA,NA,NA,NA,NA,NA,NA,NA,NA,NA,NA,NA,NA,NA,NA,9.88,242,NA,14.2416
762,2.95481,NA,171,"2026-03-14_FELIO",4.19287211740042,477,NA,NA,NA,NA,NA,NA,NA,NA,NA,NA,NA,NA,NA,NA,NA,NA,NA,10.09,244,NA,14.31
763,2.95878,NA,171,"2026-03-14_FELIO",4.20238695579089,463,NA,NA,NA,NA,NA,NA,NA,NA,NA,NA,NA,NA,NA,NA,NA,NA,NA,10.09,244,NA,14.2776
764,2.96275,NA,171,"2026-03-14_FELIO",4.20238695579089,446,NA,NA,NA,NA,NA,NA,NA,NA,NA,NA,NA,NA,NA,NA,NA,NA,NA,10.09,244,NA,14.2776
765,2.9667,NA,171,"2026-03-14_FELIO",4.21300977418268,429,NA,NA,NA,NA,NA,NA,NA,NA,NA,NA,NA,NA,NA,NA,NA,NA,NA,10.27,247,NA,14.2416
766,2.97055,NA,171,"2026-03-14_FELIO",4.33576135969476,409,NA,NA,NA,NA,NA,NA,NA,NA,NA,NA,NA,NA,NA,NA,NA,NA,NA,10.14,250,NA,13.8384
767,2.97432,NA,170,"2026-03-14_FELIO",4.41033783187792,395,NA,NA,NA,NA,NA,NA,NA,NA,NA,NA,NA,NA,NA,NA,NA,NA,NA,10.05,252,NA,13.6044
768,2.97814,NA,170,"2026-03-14_FELIO",4.3675751222921,399,NA,NA,NA,NA,NA,NA,NA,NA,NA,NA,NA,NA,NA,NA,NA,NA,NA,10.1,251,NA,13.7376
769,2.98198,NA,170,"2026-03-14_FELIO",4.34593654932638,401,NA,NA,NA,NA,NA,NA,NA,NA,NA,NA,NA,NA,NA,NA,NA,NA,NA,10.14,250,NA,13.806
770,2.98582,NA,170,"2026-03-14_FELIO",4.33576135969476,403,NA,NA,NA,NA,NA,NA,NA,NA,NA,NA,NA,NA,NA,NA,NA,NA,NA,10.14,250,NA,13.8384
771,2.98968,NA,170,"2026-03-14_FELIO",4.31443610320131,408,NA,NA,NA,NA,NA,NA,NA,NA,NA,NA,NA,NA,NA,NA,NA,NA,NA,9.96,247,NA,13.9068
772,2.99356,NA,171,"2026-03-14_FELIO",4.29331959471063,409,NA,NA,NA,NA,NA,NA,NA,NA,NA,NA,NA,NA,NA,NA,NA,NA,NA,10,246,NA,13.9752
773,2.99746,NA,170,"2026-03-14_FELIO",4.27350427350427,413,NA,NA,NA,NA,NA,NA,NA,NA,NA,NA,NA,NA,NA,NA,NA,NA,NA,10.01,246,NA,14.04
774,3.00139,NA,170,"2026-03-14_FELIO",4.24304141208418,417,NA,NA,NA,NA,NA,NA,NA,NA,NA,NA,NA,NA,NA,NA,NA,NA,NA,10.05,245,NA,14.1408
775,3.00532,NA,170,"2026-03-14_FELIO",4.24304141208418,416,NA,NA,NA,NA,NA,NA,NA,NA,NA,NA,NA,NA,NA,NA,NA,NA,NA,10.05,245,NA,14.1408
776,3.00925,NA,170,"2026-03-14_FELIO",4.24304141208418,415,NA,NA,NA,NA,NA,NA,NA,NA,NA,NA,NA,NA,NA,NA,NA,NA,NA,10.05,245,NA,14.1408
777,3.01318,NA,171,"2026-03-14_FELIO",4.24304141208418,415,NA,NA,NA,NA,NA,NA,NA,NA,NA,NA,NA,NA,NA,NA,NA,NA,NA,10.05,245,NA,14.1408
778,3.01707,NA,170,"2026-03-14_FELIO",4.28338901739056,413,NA,NA,NA,NA,NA,NA,NA,NA,NA,NA,NA,NA,NA,NA,NA,NA,NA,10.19,249,NA,14.0076
779,3.02094,NA,170,"2026-03-14_FELIO",4.31443610320131,412,NA,NA,NA,NA,NA,NA,NA,NA,NA,NA,NA,NA,NA,NA,NA,NA,NA,10.14,250,NA,13.9068
780,3.02481,NA,171,"2026-03-14_FELIO",4.30440771349862,415,NA,NA,NA,NA,NA,NA,NA,NA,NA,NA,NA,NA,NA,NA,NA,NA,NA,10.18,249,NA,13.9392
781,3.02869,NA,170,"2026-03-14_FELIO",4.29331959471063,419,NA,NA,NA,NA,NA,NA,NA,NA,NA,NA,NA,NA,NA,NA,NA,NA,NA,10.19,249,NA,13.9752
782,3.03254,NA,171,"2026-03-14_FELIO",4.32451133021969,419,NA,NA,NA,NA,NA,NA,NA,NA,NA,NA,NA,NA,NA,NA,NA,NA,NA,10.14,250,NA,13.8744
783,3.03638,NA,171,"2026-03-14_FELIO",4.33576135969476,421,NA,NA,NA,NA,NA,NA,NA,NA,NA,NA,NA,NA,NA,NA,NA,NA,NA,10.14,250,NA,13.8384
784,3.04024,NA,171,"2026-03-14_FELIO",4.32451133021969,423,NA,NA,NA,NA,NA,NA,NA,NA,NA,NA,NA,NA,NA,NA,NA,NA,NA,9.96,247,NA,13.8744
785,3.04411,NA,170,"2026-03-14_FELIO",4.30440771349862,428,NA,NA,NA,NA,NA,NA,NA,NA,NA,NA,NA,NA,NA,NA,NA,NA,NA,10,246,NA,13.9392
786,3.048,NA,171,"2026-03-14_FELIO",4.28338901739056,435,NA,NA,NA,NA,NA,NA,NA,NA,NA,NA,NA,NA,NA,NA,NA,NA,NA,9.83,243,NA,14.0076
787,3.05192,NA,171,"2026-03-14_FELIO",4.25278557455133,443,NA,NA,NA,NA,NA,NA,NA,NA,NA,NA,NA,NA,NA,NA,NA,NA,NA,9.87,242,NA,14.1084
788,3.05584,NA,171,"2026-03-14_FELIO",4.25278557455133,445,NA,NA,NA,NA,NA,NA,NA,NA,NA,NA,NA,NA,NA,NA,NA,NA,NA,9.87,242,NA,14.1084
789,3.05976,NA,171,"2026-03-14_FELIO",4.25278557455133,446,NA,NA,NA,NA,NA,NA,NA,NA,NA,NA,NA,NA,NA,NA,NA,NA,NA,9.87,242,NA,14.1084
790,3.0636,NA,171,"2026-03-14_FELIO",4.33576135969476,437,NA,NA,NA,NA,NA,NA,NA,NA,NA,NA,NA,NA,NA,NA,NA,NA,NA,9.96,247,NA,13.8384
791,3.06739,NA,171,"2026-03-14_FELIO",4.39985920450546,433,NA,NA,NA,NA,NA,NA,NA,NA,NA,NA,NA,NA,NA,NA,NA,NA,NA,9.88,249,NA,13.6368
792,3.07119,NA,171,"2026-03-14_FELIO",4.38827453045463,435,NA,NA,NA,NA,NA,NA,NA,NA,NA,NA,NA,NA,NA,NA,NA,NA,NA,9.71,246,NA,13.6728
793,3.07498,NA,172,"2026-03-14_FELIO",4.38827453045463,436,NA,NA,NA,NA,NA,NA,NA,NA,NA,NA,NA,NA,NA,NA,NA,NA,NA,9.71,246,NA,13.6728
794,3.07879,NA,171,"2026-03-14_FELIO",4.37790035898783,439,NA,NA,NA,NA,NA,NA,NA,NA,NA,NA,NA,NA,NA,NA,NA,NA,NA,9.74,245,NA,13.7052
795,3.08249,NA,171,"2026-03-14_FELIO",4.510599909788,427,NA,NA,NA,NA,NA,NA,NA,NA,NA,NA,NA,NA,NA,NA,NA,NA,NA,9.61,248,NA,13.302
796,3.0861,NA,171,"2026-03-14_FELIO",4.61552663158866,420,NA,NA,NA,NA,NA,NA,NA,NA,NA,NA,NA,NA,NA,NA,NA,NA,NA,9.68,253,NA,12.9996
797,3.08967,NA,171,"2026-03-14_FELIO",4.6633090841261,416,NA,NA,NA,NA,NA,NA,NA,NA,NA,NA,NA,NA,NA,NA,NA,NA,NA,9.64,254,NA,12.8664
798,3.09329,NA,171,"2026-03-14_FELIO",4.61552663158866,423,NA,NA,NA,NA,NA,NA,NA,NA,NA,NA,NA,NA,NA,NA,NA,NA,NA,9.86,256,NA,12.9996
799,3.09704,NA,171,"2026-03-14_FELIO",4.43262411347518,446,NA,NA,NA,NA,NA,NA,NA,NA,NA,NA,NA,NA,NA,NA,NA,NA,NA,10.05,252,NA,13.536
800,3.10087,NA,171,"2026-03-14_FELIO",4.3561596096881,467,NA,NA,NA,NA,NA,NA,NA,NA,NA,NA,NA,NA,NA,NA,NA,NA,NA,10.14,250,NA,13.7736
801,3.10472,NA,171,"2026-03-14_FELIO",4.32451133021969,475,NA,NA,NA,NA,NA,NA,NA,NA,NA,NA,NA,NA,NA,NA,NA,NA,NA,10.14,250,NA,13.8744
802,3.1086,NA,171,"2026-03-14_FELIO",4.29331959471063,476,NA,NA,NA,NA,NA,NA,NA,NA,NA,NA,NA,NA,NA,NA,NA,NA,NA,10,246,NA,13.9752
803,3.1125,NA,171,"2026-03-14_FELIO",4.27350427350427,465,NA,NA,NA,NA,NA,NA,NA,NA,NA,NA,NA,NA,NA,NA,NA,NA,NA,9.83,243,NA,14.04
804,3.11645,NA,171,"2026-03-14_FELIO",4.22261633307998,469,NA,NA,NA,NA,NA,NA,NA,NA,NA,NA,NA,NA,NA,NA,NA,NA,NA,9.88,242,NA,14.2092
805,3.12044,NA,171,"2026-03-14_FELIO",4.18340026773762,475,NA,NA,NA,NA,NA,NA,NA,NA,NA,NA,NA,NA,NA,NA,NA,NA,NA,10.13,243,NA,14.3424
806,3.12439,NA,171,"2026-03-14_FELIO",4.21300977418268,467,NA,NA,NA,NA,NA,NA,NA,NA,NA,NA,NA,NA,NA,NA,NA,NA,NA,10.09,244,NA,14.2416
807,3.12815,NA,171,"2026-03-14_FELIO",4.43262411347518,437,NA,NA,NA,NA,NA,NA,NA,NA,NA,NA,NA,NA,NA,NA,NA,NA,NA,9.87,249,NA,13.536
808,3.13182,NA,171,"2026-03-14_FELIO",4.54504135987638,426,NA,NA,NA,NA,NA,NA,NA,NA,NA,NA,NA,NA,NA,NA,NA,NA,NA,9.74,252,NA,13.2012
809,3.13545,NA,170,"2026-03-14_FELIO",4.59136822773186,423,NA,NA,NA,NA,NA,NA,NA,NA,NA,NA,NA,NA,NA,NA,NA,NA,NA,9.86,256,NA,13.068
810,3.13918,NA,171,"2026-03-14_FELIO",4.46588067166845,435,NA,NA,NA,NA,NA,NA,NA,NA,NA,NA,NA,NA,NA,NA,NA,NA,NA,10,253,NA,13.4352
811,3.14297,NA,170,"2026-03-14_FELIO",4.39985920450546,444,NA,NA,NA,NA,NA,NA,NA,NA,NA,NA,NA,NA,NA,NA,NA,NA,NA,10.09,251,NA,13.6368
812,3.14678,NA,170,"2026-03-14_FELIO",4.3675751222921,455,NA,NA,NA,NA,NA,NA,NA,NA,NA,NA,NA,NA,NA,NA,NA,NA,NA,9.92,248,NA,13.7376
813,3.15062,NA,170,"2026-03-14_FELIO",4.34593654932638,462,NA,NA,NA,NA,NA,NA,NA,NA,NA,NA,NA,NA,NA,NA,NA,NA,NA,9.96,247,NA,13.806
814,3.15448,NA,171,"2026-03-14_FELIO",4.31443610320131,459,NA,NA,NA,NA,NA,NA,NA,NA,NA,NA,NA,NA,NA,NA,NA,NA,NA,9.96,247,NA,13.9068
815,3.15841,NA,170,"2026-03-14_FELIO",4.24304141208418,468,NA,NA,NA,NA,NA,NA,NA,NA,NA,NA,NA,NA,NA,NA,NA,NA,NA,10.05,245,NA,14.1408
816,3.16238,NA,170,"2026-03-14_FELIO",4.20238695579089,473,NA,NA,NA,NA,NA,NA,NA,NA,NA,NA,NA,NA,NA,NA,NA,NA,NA,10.09,244,NA,14.2776
817,3.16636,NA,170,"2026-03-14_FELIO",4.18340026773762,474,NA,NA,NA,NA,NA,NA,NA,NA,NA,NA,NA,NA,NA,NA,NA,NA,NA,9.92,241,NA,14.3424
818,3.17036,NA,170,"2026-03-14_FELIO",4.16354400866017,476,NA,NA,NA,NA,NA,NA,NA,NA,NA,NA,NA,NA,NA,NA,NA,NA,NA,9.96,240,NA,14.4108
819,3.17437,NA,170,"2026-03-14_FELIO",4.15420405450316,472,NA,NA,NA,NA,NA,NA,NA,NA,NA,NA,NA,NA,NA,NA,NA,NA,NA,9.96,240,NA,14.4432
820,3.17838,NA,169,"2026-03-14_FELIO",4.16354400866017,467,NA,NA,NA,NA,NA,NA,NA,NA,NA,NA,NA,NA,NA,NA,NA,NA,NA,9.96,240,NA,14.4108
821,3.18238,NA,169,"2026-03-14_FELIO",4.16354400866017,467,NA,NA,NA,NA,NA,NA,NA,NA,NA,NA,NA,NA,NA,NA,NA,NA,NA,9.96,240,NA,14.4108
822,3.18637,NA,169,"2026-03-14_FELIO",4.17292605575029,468,NA,NA,NA,NA,NA,NA,NA,NA,NA,NA,NA,NA,NA,NA,NA,NA,NA,10.13,243,NA,14.3784
823,3.19035,NA,169,"2026-03-14_FELIO",4.19287211740042,467,NA,NA,NA,NA,NA,NA,NA,NA,NA,NA,NA,NA,NA,NA,NA,NA,NA,10.28,247,NA,14.31
824,3.19418,NA,169,"2026-03-14_FELIO",4.34593654932638,449,NA,NA,NA,NA,NA,NA,NA,NA,NA,NA,NA,NA,NA,NA,NA,NA,NA,10.14,250,NA,13.806
825,3.1978,NA,169,"2026-03-14_FELIO",4.61552663158866,422,NA,NA,NA,NA,NA,NA,NA,NA,NA,NA,NA,NA,NA,NA,NA,NA,NA,9.86,256,NA,12.9996
826,3.20128,NA,169,"2026-03-14_FELIO",4.77554918815664,408,NA,NA,NA,NA,NA,NA,NA,NA,NA,NA,NA,NA,NA,NA,NA,NA,NA,9.88,262,NA,12.564
827,3.20491,NA,169,"2026-03-14_FELIO",4.60405156537753,423,NA,NA,NA,NA,NA,NA,NA,NA,NA,NA,NA,NA,NA,NA,NA,NA,NA,10.04,259,NA,13.032
828,3.2086,NA,169,"2026-03-14_FELIO",4.510599909788,431,NA,NA,NA,NA,NA,NA,NA,NA,NA,NA,NA,NA,NA,NA,NA,NA,NA,10.14,257,NA,13.302
829,3.21236,NA,169,"2026-03-14_FELIO",4.43262411347518,448,NA,NA,NA,NA,NA,NA,NA,NA,NA,NA,NA,NA,NA,NA,NA,NA,NA,10.05,252,NA,13.536
830,3.21615,NA,169,"2026-03-14_FELIO",4.39985920450546,463,NA,NA,NA,NA,NA,NA,NA,NA,NA,NA,NA,NA,NA,NA,NA,NA,NA,10.09,251,NA,13.6368
831,3.21996,NA,169,"2026-03-14_FELIO",4.3675751222921,458,NA,NA,NA,NA,NA,NA,NA,NA,NA,NA,NA,NA,NA,NA,NA,NA,NA,10.1,251,NA,13.7376
832,3.2238,NA,169,"2026-03-14_FELIO",4.34593654932638,456,NA,NA,NA,NA,NA,NA,NA,NA,NA,NA,NA,NA,NA,NA,NA,NA,NA,10.14,250,NA,13.806
833,3.22767,NA,169,"2026-03-14_FELIO",4.30440771349862,456,NA,NA,NA,NA,NA,NA,NA,NA,NA,NA,NA,NA,NA,NA,NA,NA,NA,10,246,NA,13.9392
834,3.23157,NA,169,"2026-03-14_FELIO",4.27350427350427,460,NA,NA,NA,NA,NA,NA,NA,NA,NA,NA,NA,NA,NA,NA,NA,NA,NA,10.01,246,NA,14.04
835,3.23542,NA,168,"2026-03-14_FELIO",4.33576135969476,446,NA,NA,NA,NA,NA,NA,NA,NA,NA,NA,NA,NA,NA,NA,NA,NA,NA,9.96,247,NA,13.8384
836,3.23924,NA,169,"2026-03-14_FELIO",4.3675751222921,441,NA,NA,NA,NA,NA,NA,NA,NA,NA,NA,NA,NA,NA,NA,NA,NA,NA,9.92,248,NA,13.7376
837,3.24309,NA,169,"2026-03-14_FELIO",4.32451133021969,447,NA,NA,NA,NA,NA,NA,NA,NA,NA,NA,NA,NA,NA,NA,NA,NA,NA,10.14,250,NA,13.8744
838,3.24696,NA,168,"2026-03-14_FELIO",4.30440771349862,448,NA,NA,NA,NA,NA,NA,NA,NA,NA,NA,NA,NA,NA,NA,NA,NA,NA,10.18,249,NA,13.9392
839,3.25084,NA,169,"2026-03-14_FELIO",4.29331959471063,452,NA,NA,NA,NA,NA,NA,NA,NA,NA,NA,NA,NA,NA,NA,NA,NA,NA,10.19,249,NA,13.9752
840,3.25472,NA,169,"2026-03-14_FELIO",4.29331959471063,454,NA,NA,NA,NA,NA,NA,NA,NA,NA,NA,NA,NA,NA,NA,NA,NA,NA,10.19,249,NA,13.9752
841,3.25861,NA,169,"2026-03-14_FELIO",4.28338901739056,453,NA,NA,NA,NA,NA,NA,NA,NA,NA,NA,NA,NA,NA,NA,NA,NA,NA,10.19,249,NA,14.0076
842,3.26252,NA,168,"2026-03-14_FELIO",4.27350427350427,454,NA,NA,NA,NA,NA,NA,NA,NA,NA,NA,NA,NA,NA,NA,NA,NA,NA,10.19,249,NA,14.04
843,3.26642,NA,169,"2026-03-14_FELIO",4.26257459505541,455,NA,NA,NA,NA,NA,NA,NA,NA,NA,NA,NA,NA,NA,NA,NA,NA,NA,10.23,248,NA,14.076
844,3.27035,NA,169,"2026-03-14_FELIO",4.24304141208418,459,NA,NA,NA,NA,NA,NA,NA,NA,NA,NA,NA,NA,NA,NA,NA,NA,NA,10.23,248,NA,14.1408
845,3.2743,NA,169,"2026-03-14_FELIO",4.22261633307998,461,NA,NA,NA,NA,NA,NA,NA,NA,NA,NA,NA,NA,NA,NA,NA,NA,NA,10.09,244,NA,14.2092
846,3.27825,NA,168,"2026-03-14_FELIO",4.21300977418268,462,NA,NA,NA,NA,NA,NA,NA,NA,NA,NA,NA,NA,NA,NA,NA,NA,NA,10.09,244,NA,14.2416
847,3.28222,NA,169,"2026-03-14_FELIO",4.20238695579089,464,NA,NA,NA,NA,NA,NA,NA,NA,NA,NA,NA,NA,NA,NA,NA,NA,NA,10.09,244,NA,14.2776
848,3.28613,NA,169,"2026-03-14_FELIO",4.26257459505541,453,NA,NA,NA,NA,NA,NA,NA,NA,NA,NA,NA,NA,NA,NA,NA,NA,NA,10.05,245,NA,14.076
849,3.28998,NA,169,"2026-03-14_FELIO",4.33576135969476,445,NA,NA,NA,NA,NA,NA,NA,NA,NA,NA,NA,NA,NA,NA,NA,NA,NA,9.79,244,NA,13.8384
850,3.29376,NA,168,"2026-03-14_FELIO",4.39985920450546,440,NA,NA,NA,NA,NA,NA,NA,NA,NA,NA,NA,NA,NA,NA,NA,NA,NA,9.88,249,NA,13.6368
851,3.29757,NA,169,"2026-03-14_FELIO",4.37790035898783,444,NA,NA,NA,NA,NA,NA,NA,NA,NA,NA,NA,NA,NA,NA,NA,NA,NA,10.1,251,NA,13.7052
852,3.30138,NA,169,"2026-03-14_FELIO",4.3675751222921,445,NA,NA,NA,NA,NA,NA,NA,NA,NA,NA,NA,NA,NA,NA,NA,NA,NA,10.1,251,NA,13.7376
853,3.30521,NA,168,"2026-03-14_FELIO",4.3561596096881,445,NA,NA,NA,NA,NA,NA,NA,NA,NA,NA,NA,NA,NA,NA,NA,NA,NA,9.92,248,NA,13.7736
854,3.30905,NA,168,"2026-03-14_FELIO",4.34593654932638,452,NA,NA,NA,NA,NA,NA,NA,NA,NA,NA,NA,NA,NA,NA,NA,NA,NA,10.14,250,NA,13.806
855,3.31289,NA,168,"2026-03-14_FELIO",4.33576135969476,453,NA,NA,NA,NA,NA,NA,NA,NA,NA,NA,NA,NA,NA,NA,NA,NA,NA,10.14,250,NA,13.8384
856,3.31676,NA,168,"2026-03-14_FELIO",4.30440771349862,458,NA,NA,NA,NA,NA,NA,NA,NA,NA,NA,NA,NA,NA,NA,NA,NA,NA,10.18,249,NA,13.9392
857,3.32067,NA,169,"2026-03-14_FELIO",4.27350427350427,463,NA,NA,NA,NA,NA,NA,NA,NA,NA,NA,NA,NA,NA,NA,NA,NA,NA,10.19,249,NA,14.04
858,3.32457,NA,169,"2026-03-14_FELIO",4.26257459505541,463,NA,NA,NA,NA,NA,NA,NA,NA,NA,NA,NA,NA,NA,NA,NA,NA,NA,10.05,245,NA,14.076
859,3.32845,NA,169,"2026-03-14_FELIO",4.29331959471063,457,NA,NA,NA,NA,NA,NA,NA,NA,NA,NA,NA,NA,NA,NA,NA,NA,NA,10,246,NA,13.9752
860,3.33232,NA,169,"2026-03-14_FELIO",4.31443610320131,452,NA,NA,NA,NA,NA,NA,NA,NA,NA,NA,NA,NA,NA,NA,NA,NA,NA,9.96,247,NA,13.9068
861,3.33619,NA,169,"2026-03-14_FELIO",4.30440771349862,453,NA,NA,NA,NA,NA,NA,NA,NA,NA,NA,NA,NA,NA,NA,NA,NA,NA,10,246,NA,13.9392
862,3.34007,NA,169,"2026-03-14_FELIO",4.29331959471063,454,NA,NA,NA,NA,NA,NA,NA,NA,NA,NA,NA,NA,NA,NA,NA,NA,NA,10,246,NA,13.9752
863,3.34396,NA,170,"2026-03-14_FELIO",4.28338901739056,456,NA,NA,NA,NA,NA,NA,NA,NA,NA,NA,NA,NA,NA,NA,NA,NA,NA,10.01,246,NA,14.0076
864,3.34781,NA,169,"2026-03-14_FELIO",4.32451133021969,451,NA,NA,NA,NA,NA,NA,NA,NA,NA,NA,NA,NA,NA,NA,NA,NA,NA,9.96,247,NA,13.8744
865,3.35162,NA,169,"2026-03-14_FELIO",4.38827453045463,445,NA,NA,NA,NA,NA,NA,NA,NA,NA,NA,NA,NA,NA,NA,NA,NA,NA,9.91,248,NA,13.6728
866,3.35537,NA,169,"2026-03-14_FELIO",4.43262411347518,441,NA,NA,NA,NA,NA,NA,NA,NA,NA,NA,NA,NA,NA,NA,NA,NA,NA,9.87,249,NA,13.536
867,3.35911,NA,169,"2026-03-14_FELIO",4.46588067166845,437,NA,NA,NA,NA,NA,NA,NA,NA,NA,NA,NA,NA,NA,NA,NA,NA,NA,9.83,250,NA,13.4352
868,3.36279,NA,169,"2026-03-14_FELIO",4.52161331162959,433,NA,NA,NA,NA,NA,NA,NA,NA,NA,NA,NA,NA,NA,NA,NA,NA,NA,9.95,254,NA,13.2696
869,3.36645,NA,170,"2026-03-14_FELIO",4.55622380171314,430,NA,NA,NA,NA,NA,NA,NA,NA,NA,NA,NA,NA,NA,NA,NA,NA,NA,9.91,255,NA,13.1688
870,3.3701,NA,170,"2026-03-14_FELIO",4.5687134502924,429,NA,NA,NA,NA,NA,NA,NA,NA,NA,NA,NA,NA,NA,NA,NA,NA,NA,9.91,255,NA,13.1328
871,3.37382,NA,170,"2026-03-14_FELIO",4.476676515355,437,NA,NA,NA,NA,NA,NA,NA,NA,NA,NA,NA,NA,NA,NA,NA,NA,NA,9.82,250,NA,13.4028
872,3.37759,NA,170,"2026-03-14_FELIO",4.42086648983201,448,NA,NA,NA,NA,NA,NA,NA,NA,NA,NA,NA,NA,NA,NA,NA,NA,NA,9.87,249,NA,13.572
873,3.38141,NA,170,"2026-03-14_FELIO",4.3675751222921,460,NA,NA,NA,NA,NA,NA,NA,NA,NA,NA,NA,NA,NA,NA,NA,NA,NA,9.92,248,NA,13.7376
874,3.38526,NA,170,"2026-03-14_FELIO",4.32451133021969,466,NA,NA,NA,NA,NA,NA,NA,NA,NA,NA,NA,NA,NA,NA,NA,NA,NA,9.79,244,NA,13.8744
875,3.38913,NA,170,"2026-03-14_FELIO",4.30440771349862,464,NA,NA,NA,NA,NA,NA,NA,NA,NA,NA,NA,NA,NA,NA,NA,NA,NA,9.79,244,NA,13.9392
876,3.39301,NA,170,"2026-03-14_FELIO",4.30440771349862,460,NA,NA,NA,NA,NA,NA,NA,NA,NA,NA,NA,NA,NA,NA,NA,NA,NA,9.79,244,NA,13.9392
877,3.39689,NA,170,"2026-03-14_FELIO",4.28338901739056,460,NA,NA,NA,NA,NA,NA,NA,NA,NA,NA,NA,NA,NA,NA,NA,NA,NA,9.83,243,NA,14.0076
878,3.4008,NA,170,"2026-03-14_FELIO",4.26257459505541,462,NA,NA,NA,NA,NA,NA,NA,NA,NA,NA,NA,NA,NA,NA,NA,NA,NA,10.05,245,NA,14.076
879,3.40472,NA,171,"2026-03-14_FELIO",4.25278557455133,462,NA,NA,NA,NA,NA,NA,NA,NA,NA,NA,NA,NA,NA,NA,NA,NA,NA,10.05,245,NA,14.1084
880,3.40864,NA,171,"2026-03-14_FELIO",4.25278557455133,462,NA,NA,NA,NA,NA,NA,NA,NA,NA,NA,NA,NA,NA,NA,NA,NA,NA,10.05,245,NA,14.1084
881,3.41249,NA,171,"2026-03-14_FELIO",4.33576135969476,451,NA,NA,NA,NA,NA,NA,NA,NA,NA,NA,NA,NA,NA,NA,NA,NA,NA,10.14,250,NA,13.8384
882,3.41627,NA,171,"2026-03-14_FELIO",4.39985920450546,446,NA,NA,NA,NA,NA,NA,NA,NA,NA,NA,NA,NA,NA,NA,NA,NA,NA,10.09,251,NA,13.6368
883,3.42005,NA,170,"2026-03-14_FELIO",4.41033783187792,444,NA,NA,NA,NA,NA,NA,NA,NA,NA,NA,NA,NA,NA,NA,NA,NA,NA,10.05,252,NA,13.6044
884,3.42386,NA,171,"2026-03-14_FELIO",4.37790035898783,447,NA,NA,NA,NA,NA,NA,NA,NA,NA,NA,NA,NA,NA,NA,NA,NA,NA,10.1,251,NA,13.7052
885,3.42768,NA,171,"2026-03-14_FELIO",4.3675751222921,446,NA,NA,NA,NA,NA,NA,NA,NA,NA,NA,NA,NA,NA,NA,NA,NA,NA,9.92,248,NA,13.7376
886,3.4315,NA,171,"2026-03-14_FELIO",4.3561596096881,450,NA,NA,NA,NA,NA,NA,NA,NA,NA,NA,NA,NA,NA,NA,NA,NA,NA,9.92,248,NA,13.7736
887,3.43539,NA,170,"2026-03-14_FELIO",4.28338901739056,463,NA,NA,NA,NA,NA,NA,NA,NA,NA,NA,NA,NA,NA,NA,NA,NA,NA,10.01,246,NA,14.0076
888,3.43938,NA,171,"2026-03-14_FELIO",4.18340026773762,479,NA,NA,NA,NA,NA,NA,NA,NA,NA,NA,NA,NA,NA,NA,NA,NA,NA,10.13,243,NA,14.3424
889,3.44344,NA,171,"2026-03-14_FELIO",4.10610166707728,493,NA,NA,NA,NA,NA,NA,NA,NA,NA,NA,NA,NA,NA,NA,NA,NA,NA,10.22,241,NA,14.6124
890,3.44753,NA,171,"2026-03-14_FELIO",4.07797080172906,498,NA,NA,NA,NA,NA,NA,NA,NA,NA,NA,NA,NA,NA,NA,NA,NA,NA,10.22,241,NA,14.7132
891,3.45159,NA,171,"2026-03-14_FELIO",4.09701737135365,490,NA,NA,NA,NA,NA,NA,NA,NA,NA,NA,NA,NA,NA,NA,NA,NA,NA,10.4,244,NA,14.6448
892,3.45564,NA,171,"2026-03-14_FELIO",4.11522633744856,479,NA,NA,NA,NA,NA,NA,NA,NA,NA,NA,NA,NA,NA,NA,NA,NA,NA,10.36,245,NA,14.58
893,3.45973,NA,171,"2026-03-14_FELIO",4.07797080172906,480,NA,NA,NA,NA,NA,NA,NA,NA,NA,NA,NA,NA,NA,NA,NA,NA,NA,10.4,244,NA,14.7132
894,3.46383,NA,171,"2026-03-14_FELIO",4.05910050332846,481,NA,NA,NA,NA,NA,NA,NA,NA,NA,NA,NA,NA,NA,NA,NA,NA,NA,10.44,243,NA,14.7816
895,3.46828,NA,171,"2026-03-14_FELIO",3.75290850409067,551,NA,NA,NA,NA,NA,NA,NA,NA,NA,NA,NA,NA,NA,NA,NA,NA,NA,10.8,234,NA,15.9876
896,3.47289,NA,172,"2026-03-14_FELIO",3.61611340131627,574,NA,NA,NA,NA,NA,NA,NA,NA,NA,NA,NA,NA,NA,NA,NA,NA,NA,10.99,229,NA,16.5924
897,3.47743,NA,172,"2026-03-14_FELIO",3.66784037558685,570,NA,NA,NA,NA,NA,NA,NA,NA,NA,NA,NA,NA,NA,NA,NA,NA,NA,10.91,231,NA,16.3584
898,3.48193,NA,172,"2026-03-14_FELIO",3.69795133496043,563,NA,NA,NA,NA,NA,NA,NA,NA,NA,NA,NA,NA,NA,NA,NA,NA,NA,10.88,232,NA,16.2252
