"SECS","KM","CAD","HR","ID","PACE","WATTS","LRBALANCE","LTE","RTE","LPS","RPS","LPPB","RPPB","LPPE","RPPE","LPPPB","RPPPB","LPPPE","RPPPE","ALT","LAT","LON","SLOPE","RVERT","RCON","TEMP","KPH"
0,0,0,105,"2026-08-09_AFIOS",NA,0,NA,NA,NA,NA,NA,NA,NA,NA,NA,NA,NA,NA,NA,213,44.379163684,-79.68978975,0,0,0,30,0
1,0,0,107,"2026-08-09_AFIOS",NA,0,NA,NA,NA,NA,NA,NA,NA,NA,NA,NA,NA,NA,NA,213,44.379152453,-79.689820511,0,0,0,30,0
2,0.00383,90,109,"2026-08-09_AFIOS",4.3561596096881,0,NA,NA,NA,NA,NA,NA,NA,NA,NA,NA,NA,NA,NA,213,44.379111214,-79.689849261,0,8.86,234,30,13.7736
3,0.00775,90,109,"2026-08-09_AFIOS",4.24304141208418,0,NA,NA,NA,NA,NA,NA,NA,NA,NA,NA,NA,NA,NA,213.2,44.379075255,-79.689864851,5.10204,8.97,231,30,14.1408
4,0.01168,90,110,"2026-08-09_AFIOS",4.24304141208418,274,NA,NA,NA,NA,NA,NA,NA,NA,NA,NA,NA,NA,NA,213.6,44.379028652,-79.689888153,10.1781,8.97,231,30,14.1408
5,0.01589,90,110,"2026-08-09_AFIOS",3.96070975918885,282,NA,NA,NA,NA,NA,NA,NA,NA,NA,NA,NA,NA,NA,214.2,44.378997471,-79.689894272,14.2518,9.26,223,30,15.1488
6,0.0201,90,108,"2026-08-09_AFIOS",3.96070975918885,294,NA,NA,NA,NA,NA,NA,NA,NA,NA,NA,NA,NA,NA,214.4,44.378952293,-79.689909192,4.75059,9.26,223,30,15.1488
7,0.02468,90,108,"2026-08-09_AFIOS",3.63821581896238,306,NA,NA,NA,NA,NA,NA,NA,NA,NA,NA,NA,NA,NA,214.6,44.378913569,-79.68992101,4.36681,9.59,213,30,16.4916
8,0.02926,90,108,"2026-08-09_AFIOS",3.63821581896238,322,NA,NA,NA,NA,NA,NA,NA,NA,NA,NA,NA,NA,NA,214.6,44.378873587,-79.689964428,0,9.59,213,30,16.4916
9,0.03388,90,108,"2026-08-09_AFIOS",3.60828462149094,340,NA,NA,NA,NA,NA,NA,NA,NA,NA,NA,NA,NA,NA,214.8,44.378842239,-79.689992675,4.329,9.62,212,30,16.6284
10,0.03852,90,108,"2026-08-09_AFIOS",3.59427790956797,348,NA,NA,NA,NA,NA,NA,NA,NA,NA,NA,NA,NA,NA,215,44.378799491,-79.690023772,4.72887,9.62,212,30,16.6932
11,0.04316,90,108,"2026-08-09_AFIOS",3.58654328957751,367,NA,NA,NA,NA,NA,NA,NA,NA,NA,NA,NA,NA,NA,215.2,44.378766718,-79.690044895,5.1599,9.65,211,30,16.7292
12,0.04772,90,109,"2026-08-09_AFIOS",3.66059008712204,386,NA,NA,NA,NA,NA,NA,NA,NA,NA,NA,NA,NA,NA,215.4,44.378721958,-79.690066101,5.5985,9.56,214,30,16.3908
13,0.05225,89,110,"2026-08-09_AFIOS",3.67511944138184,390,NA,NA,NA,NA,NA,NA,NA,NA,NA,NA,NA,NA,NA,215.4,44.378685245,-79.690074064,5.0883,9.56,214,30,16.326
14,0.05672,89,112,"2026-08-09_AFIOS",3.72939509211606,384,NA,NA,NA,NA,NA,NA,NA,NA,NA,NA,NA,NA,NA,215.6,44.378640989,-79.690073477,4.51791,9.75,216,30,16.0884
15,0.06122,89,112,"2026-08-09_AFIOS",3.70617448669483,383,NA,NA,NA,NA,NA,NA,NA,NA,NA,NA,NA,NA,NA,215.6,44.378610898,-79.690065766,3.09273,9.68,218,30,16.1892
16,0.06572,89,115,"2026-08-09_AFIOS",3.70617448669483,378,NA,NA,NA,NA,NA,NA,NA,NA,NA,NA,NA,NA,NA,215.8,44.378567899,-79.690056462,3.06212,9.72,217,30,16.1892
17,0.07016,91,116,"2026-08-09_AFIOS",3.75290850409067,381,NA,NA,NA,NA,NA,NA,NA,NA,NA,NA,NA,NA,NA,216,44.378536551,-79.690047325,3.07589,9.46,217,30,15.9876
18,0.07455,91,118,"2026-08-09_AFIOS",3.79218809252939,376,NA,NA,NA,NA,NA,NA,NA,NA,NA,NA,NA,NA,NA,216.2,44.378490199,-79.690034333,3.53147,9.25,216,30,15.822
19,0.07895,91,120,"2026-08-09_AFIOS",3.79218809252939,375,NA,NA,NA,NA,NA,NA,NA,NA,NA,NA,NA,NA,NA,216.4,44.378456755,-79.690023688,3.55311,9.25,216,30,15.822
20,0.08323,89,121,"2026-08-09_AFIOS",3.89135341271694,370,NA,NA,NA,NA,NA,NA,NA,NA,NA,NA,NA,NA,NA,216.6,44.378410151,-79.690009188,3.58937,9.51,223,29,15.4188
21,0.0875,89,123,"2026-08-09_AFIOS",3.90046025431001,368,NA,NA,NA,NA,NA,NA,NA,NA,NA,NA,NA,NA,NA,216.8,44.37837654,-79.689996028,3.62672,9.51,223,29,15.3828
22,0.09171,90,125,"2026-08-09_AFIOS",3.96070975918885,365,NA,NA,NA,NA,NA,NA,NA,NA,NA,NA,NA,NA,NA,217.2,44.37833287,-79.689985467,4.13824,9.48,224,29,15.1488
23,0.09588,90,128,"2026-08-09_AFIOS",3.99584432190522,365,NA,NA,NA,NA,NA,NA,NA,NA,NA,NA,NA,NA,NA,217.2,44.378302779,-79.689974738,4.13824,9.22,224,29,15.0156
24,0.10006,90,129,"2026-08-09_AFIOS",3.98724082934609,358,NA,NA,NA,NA,NA,NA,NA,NA,NA,NA,NA,NA,NA,217.4,44.378260534,-79.689962081,4.16928,9.22,224,30,15.048
25,0.10424,90,129,"2026-08-09_AFIOS",3.98724082934609,355,NA,NA,NA,NA,NA,NA,NA,NA,NA,NA,NA,NA,NA,217.4,44.378229773,-79.689950347,4.16928,9.22,224,29,15.048
26,0.10843,90,129,"2026-08-09_AFIOS",3.97867430572133,355,NA,NA,NA,NA,NA,NA,NA,NA,NA,NA,NA,NA,NA,217.4,44.378189204,-79.689935511,3.72484,9.22,224,29,15.0804
27,0.11259,90,131,"2026-08-09_AFIOS",4.00544740847553,355,NA,NA,NA,NA,NA,NA,NA,NA,NA,NA,NA,NA,NA,217.4,44.3781597,-79.689923692,3.27439,9.19,225,30,14.9796
28,0.11679,89,132,"2026-08-09_AFIOS",3.96919901563864,349,NA,NA,NA,NA,NA,NA,NA,NA,NA,NA,NA,NA,NA,217.6,44.378116533,-79.689909527,3.295,9.37,227,29,15.1164
29,0.12099,90,135,"2026-08-09_AFIOS",3.96919901563864,352,NA,NA,NA,NA,NA,NA,NA,NA,NA,NA,NA,NA,NA,217.6,44.378085436,-79.68989863,2.84045,9.22,224,29,15.1164
30,0.12519,90,136,"2026-08-09_AFIOS",3.96919901563864,354,NA,NA,NA,NA,NA,NA,NA,NA,NA,NA,NA,NA,NA,217.8,44.378040761,-79.689887902,2.84935,9.22,224,29,15.1164
31,0.12946,90,137,"2026-08-09_AFIOS",3.90046025431001,355,NA,NA,NA,NA,NA,NA,NA,NA,NA,NA,NA,NA,NA,217.8,44.378004719,-79.689873569,2.38097,9.29,222,29,15.3828
32,0.13371,91,137,"2026-08-09_AFIOS",3.92618767177071,356,NA,NA,NA,NA,NA,NA,NA,NA,NA,NA,NA,NA,NA,218,44.377963731,-79.689859152,1.90144,9.29,222,29,15.282
33,0.13795,91,138,"2026-08-09_AFIOS",3.92618767177071,360,NA,NA,NA,NA,NA,NA,NA,NA,NA,NA,NA,NA,NA,218.2,44.377936909,-79.689844316,2.37314,9.12,220,29,15.282
34,0.14208,90,140,"2026-08-09_AFIOS",4.04138376980278,359,NA,NA,NA,NA,NA,NA,NA,NA,NA,NA,NA,NA,NA,218.2,44.377895419,-79.689830905,1.89467,9.15,226,29,14.8464
35,0.14614,90,141,"2026-08-09_AFIOS",4.10610166707728,352,NA,NA,NA,NA,NA,NA,NA,NA,NA,NA,NA,NA,NA,218.2,44.377865998,-79.68981808,1.89467,9.12,227,29,14.6124
36,0.15016,90,142,"2026-08-09_AFIOS",4.1438753522294,351,NA,NA,NA,NA,NA,NA,NA,NA,NA,NA,NA,NA,NA,218.4,44.377826184,-79.689803747,2.39218,9.08,228,29,14.4792
37,0.15419,90,142,"2026-08-09_AFIOS",4.13462333581411,348,NA,NA,NA,NA,NA,NA,NA,NA,NA,NA,NA,NA,NA,218.4,44.377794417,-79.68979151,2.39218,9.08,228,29,14.5116
38,0.15829,89,143,"2026-08-09_AFIOS",4.06901041666667,343,NA,NA,NA,NA,NA,NA,NA,NA,NA,NA,NA,NA,NA,218.6,44.377754267,-79.689778266,2.40379,9.08,228,29,14.7456
39,0.16236,89,142,"2026-08-09_AFIOS",4.08697073728952,344,NA,NA,NA,NA,NA,NA,NA,NA,NA,NA,NA,NA,NA,218.6,44.377719818,-79.689766029,2.40379,9.3,229,29,14.6808
40,0.16644,89,142,"2026-08-09_AFIOS",4.08697073728952,349,NA,NA,NA,NA,NA,NA,NA,NA,NA,NA,NA,NA,NA,218.6,44.377678327,-79.689752282,1.9276,9.3,229,29,14.6808
41,0.17057,89,143,"2026-08-09_AFIOS",4.04138376980278,349,NA,NA,NA,NA,NA,NA,NA,NA,NA,NA,NA,NA,NA,218.6,44.377643291,-79.68974038,1.9276,9.33,228,29,14.8464
42,0.17471,89,142,"2026-08-09_AFIOS",4.02284978678896,351,NA,NA,NA,NA,NA,NA,NA,NA,NA,NA,NA,NA,NA,218.8,44.377605573,-79.689729065,1.94011,9.37,227,29,14.9148
43,0.17893,90,142,"2026-08-09_AFIOS",3.95225673859774,353,NA,NA,NA,NA,NA,NA,NA,NA,NA,NA,NA,NA,NA,219,44.377573218,-79.689714145,1.94234,9.26,223,29,15.1812
44,0.18321,90,142,"2026-08-09_AFIOS",3.89135341271694,362,NA,NA,NA,NA,NA,NA,NA,NA,NA,NA,NA,NA,NA,219.2,44.377534494,-79.689698638,2.40963,9.33,221,29,15.4188
45,0.18751,90,142,"2026-08-09_AFIOS",3.87506781368674,370,NA,NA,NA,NA,NA,NA,NA,NA,NA,NA,NA,NA,NA,219.2,44.377503565,-79.689686904,2.40963,9.33,221,29,15.4836
46,0.19178,90,144,"2026-08-09_AFIOS",3.90046025431001,374,NA,NA,NA,NA,NA,NA,NA,NA,NA,NA,NA,NA,NA,219.4,44.377460817,-79.689673828,2.3805,9.29,222,29,15.3828
47,0.19592,90,144,"2026-08-09_AFIOS",4.03258327284458,376,NA,NA,NA,NA,NA,NA,NA,NA,NA,NA,NA,NA,NA,219.4,44.377430055,-79.68965807,2.3805,9.26,223,29,14.8788
48,0.19999,91,145,"2026-08-09_AFIOS",4.08697073728952,374,NA,NA,NA,NA,NA,NA,NA,NA,NA,NA,NA,NA,NA,219.4,44.377387392,-79.689644156,1.8927,9.01,223,29,14.6808
49,0.20407,91,148,"2026-08-09_AFIOS",4.08697073728952,370,NA,NA,NA,NA,NA,NA,NA,NA,NA,NA,NA,NA,NA,219.4,44.377354535,-79.689630829,1.8927,8.94,225,29,14.6808
50,0.20816,91,148,"2026-08-09_AFIOS",4.07797080172906,366,NA,NA,NA,NA,NA,NA,NA,NA,NA,NA,NA,NA,NA,219.6,44.377310278,-79.689616915,2.3817,8.94,225,29,14.7132
51,0.21228,91,149,"2026-08-09_AFIOS",4.04138376980278,364,NA,NA,NA,NA,NA,NA,NA,NA,NA,NA,NA,NA,NA,219.6,44.377277505,-79.689603839,2.3817,8.94,225,29,14.8464
52,0.21647,90,148,"2026-08-09_AFIOS",3.97867430572133,362,NA,NA,NA,NA,NA,NA,NA,NA,NA,NA,NA,NA,NA,219.8,44.377237272,-79.689592356,2.37593,9.15,226,29,15.0804
53,0.22066,90,148,"2026-08-09_AFIOS",3.97867430572133,364,NA,NA,NA,NA,NA,NA,NA,NA,NA,NA,NA,NA,NA,219.8,44.377209444,-79.689580034,1.902,9.22,224,29,15.0804
54,0.22482,90,149,"2026-08-09_AFIOS",4.00544740847553,366,NA,NA,NA,NA,NA,NA,NA,NA,NA,NA,NA,NA,NA,220,44.377167618,-79.689566288,1.91548,9.22,224,29,14.9796
55,0.22901,90,150,"2026-08-09_AFIOS",3.97867430572133,365,NA,NA,NA,NA,NA,NA,NA,NA,NA,NA,NA,NA,NA,220,44.37714264,-79.689549357,1.91548,9.19,225,29,15.0804
56,0.23321,90,150,"2026-08-09_AFIOS",3.96919901563864,363,NA,NA,NA,NA,NA,NA,NA,NA,NA,NA,NA,NA,NA,220.2,44.377098467,-79.689531335,1.92328,9.22,224,29,15.1164
57,0.23743,90,151,"2026-08-09_AFIOS",3.95225673859774,367,NA,NA,NA,NA,NA,NA,NA,NA,NA,NA,NA,NA,NA,220.4,44.377065275,-79.689517841,2.39722,9.22,224,29,15.1812
58,0.24169,90,151,"2026-08-09_AFIOS",3.90869293308318,366,NA,NA,NA,NA,NA,NA,NA,NA,NA,NA,NA,NA,NA,220.4,44.377018672,-79.689501244,2.39722,9.29,222,29,15.3504
59,0.24605,90,151,"2026-08-09_AFIOS",3.82526203044909,368,NA,NA,NA,NA,NA,NA,NA,NA,NA,NA,NA,NA,NA,220.6,44.376987575,-79.689489426,2.85593,9.39,219,29,15.6852
60,0.25045,91,151,"2026-08-09_AFIOS",3.79218809252939,374,NA,NA,NA,NA,NA,NA,NA,NA,NA,NA,NA,NA,NA,220.6,44.376938792,-79.689473752,2.36694,9.39,219,29,15.822
61,0.25487,91,151,"2026-08-09_AFIOS",3.76818147561987,381,NA,NA,NA,NA,NA,NA,NA,NA,NA,NA,NA,NA,NA,220.6,44.376908366,-79.689459167,2.36694,9.25,216,29,15.9228
62,0.25926,91,151,"2026-08-09_AFIOS",3.79218809252939,383,NA,NA,NA,NA,NA,NA,NA,NA,NA,NA,NA,NA,NA,220.8,44.376863523,-79.689444583,2.34519,9.25,216,29,15.822
63,0.26362,91,151,"2026-08-09_AFIOS",3.82526203044909,386,NA,NA,NA,NA,NA,NA,NA,NA,NA,NA,NA,NA,NA,220.8,44.376832845,-79.689431423,2.34519,9.22,217,29,15.6852
64,0.26798,91,150,"2026-08-09_AFIOS",3.82526203044909,380,NA,NA,NA,NA,NA,NA,NA,NA,NA,NA,NA,NA,NA,220.8,44.376787499,-79.689422287,1.86442,9.22,217,29,15.6852
65,0.27226,91,151,"2026-08-09_AFIOS",3.89135341271694,376,NA,NA,NA,NA,NA,NA,NA,NA,NA,NA,NA,NA,NA,221,44.37675724,-79.689410301,2.33171,9.15,219,29,15.4188
66,0.27647,91,150,"2026-08-09_AFIOS",3.96070975918885,375,NA,NA,NA,NA,NA,NA,NA,NA,NA,NA,NA,NA,NA,221,44.37671642,-79.689397979,1.85552,9.08,221,29,15.1488
67,0.28066,91,150,"2026-08-09_AFIOS",3.97867430572133,371,NA,NA,NA,NA,NA,NA,NA,NA,NA,NA,NA,NA,NA,221.2,44.376687251,-79.689385909,1.85891,9.08,221,29,15.0804
68,0.28478,91,150,"2026-08-09_AFIOS",4.04138376980278,364,NA,NA,NA,NA,NA,NA,NA,NA,NA,NA,NA,NA,NA,221.2,44.376642324,-79.68937736,1.85891,8.98,224,29,14.8464
69,0.28891,91,150,"2026-08-09_AFIOS",4.04138376980278,364,NA,NA,NA,NA,NA,NA,NA,NA,NA,NA,NA,NA,NA,221.4,44.376611814,-79.689363027,1.88446,8.98,224,29,14.8464
70,0.29295,90,150,"2026-08-09_AFIOS",4.12541254125412,363,NA,NA,NA,NA,NA,NA,NA,NA,NA,NA,NA,NA,NA,221.4,44.376569653,-79.68935037,1.88446,9.08,228,29,14.544
71,0.29695,90,150,"2026-08-09_AFIOS",4.16354400866017,359,NA,NA,NA,NA,NA,NA,NA,NA,NA,NA,NA,NA,NA,221.4,44.376540819,-79.689334947,1.88446,9.05,229,29,14.4108
72,0.30095,90,151,"2026-08-09_AFIOS",4.16354400866017,355,NA,NA,NA,NA,NA,NA,NA,NA,NA,NA,NA,NA,NA,221.4,44.376498155,-79.689321704,1.42888,9.04,229,29,14.4108
73,0.30497,90,151,"2026-08-09_AFIOS",4.1438753522294,352,NA,NA,NA,NA,NA,NA,NA,NA,NA,NA,NA,NA,NA,221.6,44.376466304,-79.689305695,1.92639,9.08,228,29,14.4792
74,0.309,90,151,"2026-08-09_AFIOS",4.1438753522294,352,NA,NA,NA,NA,NA,NA,NA,NA,NA,NA,NA,NA,NA,221.6,44.376426155,-79.689294044,1.92639,9.08,228,29,14.4792
75,0.31302,90,151,"2026-08-09_AFIOS",4.1438753522294,353,NA,NA,NA,NA,NA,NA,NA,NA,NA,NA,NA,NA,NA,221.8,44.3763995,-79.689281555,1.95661,9.08,228,29,14.4792
76,0.31704,90,151,"2026-08-09_AFIOS",4.1438753522294,353,NA,NA,NA,NA,NA,NA,NA,NA,NA,NA,NA,NA,NA,222,44.376359184,-79.689273173,2.45413,9.08,228,29,14.4792
77,0.32103,90,151,"2026-08-09_AFIOS",4.17292605575029,353,NA,NA,NA,NA,NA,NA,NA,NA,NA,NA,NA,NA,NA,222,44.376332529,-79.689264204,1.9768,9.04,229,29,14.3784
78,0.325,90,151,"2026-08-09_AFIOS",4.20238695579089,353,NA,NA,NA,NA,NA,NA,NA,NA,NA,NA,NA,NA,NA,222.2,44.376290284,-79.689252134,2.48058,9.01,230,29,14.2776
79,0.32899,90,151,"2026-08-09_AFIOS",4.17292605575029,353,NA,NA,NA,NA,NA,NA,NA,NA,NA,NA,NA,NA,NA,222.4,44.376260529,-79.689237131,2.49757,9.04,229,29,14.3784
80,0.33299,90,150,"2026-08-09_AFIOS",4.16354400866017,356,NA,NA,NA,NA,NA,NA,NA,NA,NA,NA,NA,NA,NA,222.4,44.376217026,-79.689224306,2.49757,9.04,229,29,14.4108
81,0.33704,90,149,"2026-08-09_AFIOS",4.11522633744856,356,NA,NA,NA,NA,NA,NA,NA,NA,NA,NA,NA,NA,NA,222.4,44.376187019,-79.689204357,2.49757,9.08,228,29,14.58
82,0.34113,90,151,"2026-08-09_AFIOS",4.07797080172906,361,NA,NA,NA,NA,NA,NA,NA,NA,NA,NA,NA,NA,NA,222.4,44.376146702,-79.689190863,2.49757,9.12,227,29,14.7132
83,0.34527,90,152,"2026-08-09_AFIOS",4.02284978678896,363,NA,NA,NA,NA,NA,NA,NA,NA,NA,NA,NA,NA,NA,222.4,44.376116611,-79.68917368,2.00006,9.19,225,29,14.9148
84,0.34943,90,153,"2026-08-09_AFIOS",4.00544740847553,361,NA,NA,NA,NA,NA,NA,NA,NA,NA,NA,NA,NA,NA,222.4,44.37607445,-79.689161191,2.00006,9.19,225,29,14.9796
85,0.35359,91,154,"2026-08-09_AFIOS",4.01412973667309,360,NA,NA,NA,NA,NA,NA,NA,NA,NA,NA,NA,NA,NA,222.4,44.376045197,-79.689144511,1.50254,9.01,223,29,14.9472
86,0.35778,91,154,"2026-08-09_AFIOS",3.97867430572133,360,NA,NA,NA,NA,NA,NA,NA,NA,NA,NA,NA,NA,NA,222.4,44.376002869,-79.689128753,1.00503,9.05,222,29,15.0804
87,0.36192,90,155,"2026-08-09_AFIOS",4.02284978678896,356,NA,NA,NA,NA,NA,NA,NA,NA,NA,NA,NA,NA,NA,222.4,44.375972945,-79.689110564,1.00503,9.22,224,28,14.9148
88,0.36611,91,155,"2026-08-09_AFIOS",3.97867430572133,356,NA,NA,NA,NA,NA,NA,NA,NA,NA,NA,NA,NA,NA,222.4,44.375936065,-79.68909204,0.501253,9.01,223,29,15.0804
89,0.37029,91,155,"2026-08-09_AFIOS",3.98724082934609,354,NA,NA,NA,NA,NA,NA,NA,NA,NA,NA,NA,NA,NA,222.4,44.375907231,-79.68907251,0,9.05,222,29,15.048
90,0.37445,91,153,"2026-08-09_AFIOS",4.00544740847553,354,NA,NA,NA,NA,NA,NA,NA,NA,NA,NA,NA,NA,NA,222.4,44.375864987,-79.689055998,0,9.05,222,29,14.9796
91,0.37861,91,151,"2026-08-09_AFIOS",4.00544740847553,351,NA,NA,NA,NA,NA,NA,NA,NA,NA,NA,NA,NA,NA,222.6,44.375835985,-79.689037222,0.480769,9.01,223,28,14.9796
92,0.3828,89,150,"2026-08-09_AFIOS",3.97867430572133,351,NA,NA,NA,NA,NA,NA,NA,NA,NA,NA,NA,NA,NA,222.8,44.375793824,-79.68901719,0.958096,9.01,223,29,15.0804
93,0.38696,89,150,"2026-08-09_AFIOS",4.00544740847553,351,NA,NA,NA,NA,NA,NA,NA,NA,NA,NA,NA,NA,NA,223,44.375763314,-79.688995229,1.43887,9.37,227,28,14.9796
94,0.39111,88,151,"2026-08-09_AFIOS",4.02284978678896,355,NA,NA,NA,NA,NA,NA,NA,NA,NA,NA,NA,NA,NA,223.2,44.375722913,-79.688974609,1.92079,9.56,229,28,14.9148
95,0.39523,89,151,"2026-08-09_AFIOS",4.04138376980278,354,NA,NA,NA,NA,NA,NA,NA,NA,NA,NA,NA,NA,NA,223.2,44.375696007,-79.688952984,1.92079,9.56,229,29,14.8464
96,0.39933,89,151,"2026-08-09_AFIOS",4.05910050332846,354,NA,NA,NA,NA,NA,NA,NA,NA,NA,NA,NA,NA,NA,223.2,44.375654936,-79.688931946,1.92079,9.33,228,28,14.7816
97,0.40346,89,151,"2026-08-09_AFIOS",4.04138376980278,352,NA,NA,NA,NA,NA,NA,NA,NA,NA,NA,NA,NA,NA,223.2,44.375626689,-79.68891141,1.92079,9.33,228,28,14.8464
98,0.40754,89,151,"2026-08-09_AFIOS",4.08697073728952,353,NA,NA,NA,NA,NA,NA,NA,NA,NA,NA,NA,NA,NA,223.2,44.375589892,-79.688889617,1.92079,9.3,229,28,14.6808
99,0.41161,89,150,"2026-08-09_AFIOS",4.08697073728952,356,NA,NA,NA,NA,NA,NA,NA,NA,NA,NA,NA,NA,NA,223.2,44.375560472,-79.688870674,1.92079,9.3,229,28,14.6808
100,0.41563,88,151,"2026-08-09_AFIOS",4.15420405450316,354,NA,NA,NA,NA,NA,NA,NA,NA,NA,NA,NA,NA,NA,223.4,44.37552619,-79.688849551,2.41831,9.41,233,28,14.4432
101,0.41957,88,151,"2026-08-09_AFIOS",4.22261633307998,353,NA,NA,NA,NA,NA,NA,NA,NA,NA,NA,NA,NA,NA,223.6,44.375494339,-79.688830608,2.44515,9.33,235,28,14.2092
102,0.42344,87,152,"2026-08-09_AFIOS",4.31443610320131,351,NA,NA,NA,NA,NA,NA,NA,NA,NA,NA,NA,NA,NA,223.8,44.375462823,-79.688810659,2.48462,9.44,239,28,13.9068
103,0.42727,87,152,"2026-08-09_AFIOS",4.34593654932638,349,NA,NA,NA,NA,NA,NA,NA,NA,NA,NA,NA,NA,NA,224,44.375428206,-79.688794399,2.52604,9.44,239,28,13.806
104,0.43106,87,152,"2026-08-09_AFIOS",4.39985920450546,346,NA,NA,NA,NA,NA,NA,NA,NA,NA,NA,NA,NA,NA,224.2,44.375402473,-79.688775623,2.57182,9.36,241,28,13.6368
105,0.43486,87,153,"2026-08-09_AFIOS",4.38827453045463,349,NA,NA,NA,NA,NA,NA,NA,NA,NA,NA,NA,NA,NA,224.4,44.375364587,-79.688760117,3.09814,9.36,241,28,13.6728
106,0.43865,87,153,"2026-08-09_AFIOS",4.38827453045463,348,NA,NA,NA,NA,NA,NA,NA,NA,NA,NA,NA,NA,NA,224.6,44.375339944,-79.688739246,3.62584,9.36,241,28,13.6728
107,0.44246,87,153,"2026-08-09_AFIOS",4.37790035898783,352,NA,NA,NA,NA,NA,NA,NA,NA,NA,NA,NA,NA,NA,224.8,44.375302812,-79.688719213,4.15077,9.36,241,28,13.7052
108,0.44627,87,153,"2026-08-09_AFIOS",4.37790035898783,355,NA,NA,NA,NA,NA,NA,NA,NA,NA,NA,NA,NA,NA,225,44.375277834,-79.68869918,4.67571,9.36,241,28,13.7052
109,0.45009,87,153,"2026-08-09_AFIOS",4.3561596096881,358,NA,NA,NA,NA,NA,NA,NA,NA,NA,NA,NA,NA,NA,225.2,44.375239864,-79.688677722,5.19927,9.4,240,28,13.7736
110,0.45394,87,153,"2026-08-09_AFIOS",4.33576135969476,360,NA,NA,NA,NA,NA,NA,NA,NA,NA,NA,NA,NA,NA,225.2,44.375210528,-79.688653163,4.70176,9.4,240,28,13.8384
111,0.45782,88,155,"2026-08-09_AFIOS",4.29331959471063,363,NA,NA,NA,NA,NA,NA,NA,NA,NA,NA,NA,NA,NA,225.4,44.375177754,-79.688628437,4.70961,9.25,237,28,13.9752
112,0.46174,87,156,"2026-08-09_AFIOS",4.25278557455133,365,NA,NA,NA,NA,NA,NA,NA,NA,NA,NA,NA,NA,NA,225.6,44.375151603,-79.688597172,4.70301,9.49,238,28,14.1084
113,0.46568,88,155,"2026-08-09_AFIOS",4.2322668020992,368,NA,NA,NA,NA,NA,NA,NA,NA,NA,NA,NA,NA,NA,225.6,44.37512763,-79.688556772,4.18082,9.33,235,28,14.1768
114,0.46963,87,156,"2026-08-09_AFIOS",4.21300977418268,370,NA,NA,NA,NA,NA,NA,NA,NA,NA,NA,NA,NA,NA,225.8,44.375110448,-79.688511845,4.15945,9.53,237,28,14.2416
115,0.4736,87,157,"2026-08-09_AFIOS",4.20238695579089,373,NA,NA,NA,NA,NA,NA,NA,NA,NA,NA,NA,NA,NA,225.8,44.375099886,-79.688465996,3.63313,9.56,236,28,14.2776
116,0.47758,87,157,"2026-08-09_AFIOS",4.18340026773762,375,NA,NA,NA,NA,NA,NA,NA,NA,NA,NA,NA,NA,NA,226,44.375086475,-79.688415453,3.60794,9.56,236,28,14.3424
117,0.4816,87,158,"2026-08-09_AFIOS",4.1438753522294,379,NA,NA,NA,NA,NA,NA,NA,NA,NA,NA,NA,NA,NA,226,44.375080524,-79.688366251,3.083,9.6,235,28,14.4792
118,0.48573,88,158,"2026-08-09_AFIOS",4.04138376980278,383,NA,NA,NA,NA,NA,NA,NA,NA,NA,NA,NA,NA,NA,226,44.375068035,-79.688311852,2.55807,9.48,231,28,14.8464
119,0.48989,89,160,"2026-08-09_AFIOS",4.00544740847553,384,NA,NA,NA,NA,NA,NA,NA,NA,NA,NA,NA,NA,NA,226.2,44.37506485,-79.688261812,2.51528,9.52,230,28,14.9796
120,0.4941,89,160,"2026-08-09_AFIOS",3.96070975918885,386,NA,NA,NA,NA,NA,NA,NA,NA,NA,NA,NA,NA,NA,226.2,44.375057558,-79.688205821,2.51528,9.37,227,28,15.1488
121,0.49834,90,160,"2026-08-09_AFIOS",3.92618767177071,388,NA,NA,NA,NA,NA,NA,NA,NA,NA,NA,NA,NA,NA,226.2,44.375057642,-79.688155781,1.99981,9.44,225,28,15.282
122,0.50259,90,161,"2026-08-09_AFIOS",3.92618767177071,389,NA,NA,NA,NA,NA,NA,NA,NA,NA,NA,NA,NA,NA,226.2,44.375050349,-79.688100042,1.48961,9.29,222,28,15.282
123,0.50684,90,162,"2026-08-09_AFIOS",3.91696043869957,386,NA,NA,NA,NA,NA,NA,NA,NA,NA,NA,NA,NA,NA,226.2,44.375050768,-79.68804799,1.48961,9.29,222,28,15.318
124,0.5111,90,163,"2026-08-09_AFIOS",3.91696043869957,386,NA,NA,NA,NA,NA,NA,NA,NA,NA,NA,NA,NA,NA,226,44.375042638,-79.687990909,0.513798,9.29,222,28,15.318
125,0.51536,90,163,"2026-08-09_AFIOS",3.90869293308318,370,NA,NA,NA,NA,NA,NA,NA,NA,NA,NA,NA,NA,NA,226,44.375045907,-79.687941708,0.513798,9.29,222,28,15.3504
126,0.51961,90,163,"2026-08-09_AFIOS",3.92618767177071,370,NA,NA,NA,NA,NA,NA,NA,NA,NA,NA,NA,NA,NA,226,44.375038866,-79.687884711,0.0112857,9.29,222,28,15.282
127,0.52384,90,163,"2026-08-09_AFIOS",3.93452943028014,363,NA,NA,NA,NA,NA,NA,NA,NA,NA,NA,NA,NA,NA,226,44.37504004,-79.687836179,0.0112857,9.29,222,28,15.2496
128,0.52807,90,164,"2026-08-09_AFIOS",3.94290671082722,363,NA,NA,NA,NA,NA,NA,NA,NA,NA,NA,NA,NA,NA,225.8,44.375033502,-79.687778428,-0.461528,9.26,223,28,15.2172
129,0.5323,90,167,"2026-08-09_AFIOS",3.94290671082722,361,NA,NA,NA,NA,NA,NA,NA,NA,NA,NA,NA,NA,NA,225.8,44.375033502,-79.687732328,-0.942297,9.26,223,28,15.2172
130,0.53649,90,168,"2026-08-09_AFIOS",3.97867430572133,360,NA,NA,NA,NA,NA,NA,NA,NA,NA,NA,NA,NA,NA,225.8,44.37502118,-79.687677426,-0.942297,9.26,223,28,15.0804
131,0.5406,89,170,"2026-08-09_AFIOS",4.05022276225192,357,NA,NA,NA,NA,NA,NA,NA,NA,NA,NA,NA,NA,NA,225.8,44.375015732,-79.68763099,-0.942297,9.33,228,28,14.814
132,0.54471,89,171,"2026-08-09_AFIOS",4.05910050332846,351,NA,NA,NA,NA,NA,NA,NA,NA,NA,NA,NA,NA,NA,225.8,44.37499746,-79.687574664,-0.942297,9.33,228,28,14.7816
133,0.54878,89,171,"2026-08-09_AFIOS",4.09701737135365,346,NA,NA,NA,NA,NA,NA,NA,NA,NA,NA,NA,NA,NA,225.8,44.374989497,-79.687528983,-0.942297,9.3,229,28,14.6448
134,0.55293,89,173,"2026-08-09_AFIOS",4.01412973667309,343,NA,NA,NA,NA,NA,NA,NA,NA,NA,NA,NA,NA,NA,225.6,44.374972901,-79.68747844,-0.954741,9.3,229,28,14.9472
135,0.55714,89,175,"2026-08-09_AFIOS",3.96070975918885,340,NA,NA,NA,NA,NA,NA,NA,NA,NA,NA,NA,NA,NA,225.4,44.374957059,-79.687428987,-1.4298,9.44,225,28,15.1488
136,0.56146,88,176,"2026-08-09_AFIOS",3.85802469135802,345,NA,NA,NA,NA,NA,NA,NA,NA,NA,NA,NA,NA,NA,225.2,44.374937948,-79.687374001,-1.89276,9.7,225,28,15.552
137,0.56588,88,176,"2026-08-09_AFIOS",3.76818147561987,348,NA,NA,NA,NA,NA,NA,NA,NA,NA,NA,NA,NA,NA,224.8,44.374914646,-79.687322872,-2.79774,9.81,222,28,15.9228
138,0.57044,88,176,"2026-08-09_AFIOS",3.65256775513186,354,NA,NA,NA,NA,NA,NA,NA,NA,NA,NA,NA,NA,NA,224.6,44.374895116,-79.687276939,-2.76352,9.94,218,28,16.4268
139,0.57503,87,175,"2026-08-09_AFIOS",3.63029114935018,351,NA,NA,NA,NA,NA,NA,NA,NA,NA,NA,NA,NA,NA,224.4,44.374867289,-79.687232263,-3.19925,10.15,220,28,16.5276
140,0.57962,87,174,"2026-08-09_AFIOS",3.63029114935018,351,NA,NA,NA,NA,NA,NA,NA,NA,NA,NA,NA,NA,NA,224.4,44.374847591,-79.68719203,-3.19925,10.18,219,28,16.5276
141,0.58416,87,174,"2026-08-09_AFIOS",3.67511944138184,352,NA,NA,NA,NA,NA,NA,NA,NA,NA,NA,NA,NA,NA,224.4,44.374817919,-79.687147774,-3.19925,10.11,221,28,16.326
142,0.58869,87,174,"2026-08-09_AFIOS",3.67511944138184,347,NA,NA,NA,NA,NA,NA,NA,NA,NA,NA,NA,NA,NA,224.6,44.37479621,-79.687106032,-2.75775,10.11,221,28,16.326
143,0.59314,87,174,"2026-08-09_AFIOS",3.74447689657755,345,NA,NA,NA,NA,NA,NA,NA,NA,NA,NA,NA,NA,NA,224.6,44.374770058,-79.687062446,-2.75775,10.04,223,28,16.0236
144,0.59746,89,173,"2026-08-09_AFIOS",3.85802469135802,342,NA,NA,NA,NA,NA,NA,NA,NA,NA,NA,NA,NA,NA,224.8,44.37475011,-79.68702062,-1.81286,9.55,222,28,15.552
145,0.60172,90,173,"2026-08-09_AFIOS",3.91696043869957,339,NA,NA,NA,NA,NA,NA,NA,NA,NA,NA,NA,NA,NA,224.8,44.374723371,-79.686979968,-1.3378,9.29,222,28,15.318
146,0.60593,89,172,"2026-08-09_AFIOS",3.96070975918885,341,NA,NA,NA,NA,NA,NA,NA,NA,NA,NA,NA,NA,NA,224.8,44.374703925,-79.686935795,-0.87484,9.44,225,28,15.1488
147,0.61012,89,171,"2026-08-09_AFIOS",3.97867430572133,345,NA,NA,NA,NA,NA,NA,NA,NA,NA,NA,NA,NA,NA,224.8,44.374680456,-79.686889443,0.0301377,9.41,226,28,15.0804
148,0.61425,89,169,"2026-08-09_AFIOS",4.03258327284458,349,NA,NA,NA,NA,NA,NA,NA,NA,NA,NA,NA,NA,NA,224.8,44.374663357,-79.686847953,0.468734,9.37,227,28,14.8788
149,0.61833,89,168,"2026-08-09_AFIOS",4.08697073728952,345,NA,NA,NA,NA,NA,NA,NA,NA,NA,NA,NA,NA,NA,225,44.374640474,-79.686800176,1.39466,9.3,229,28,14.6808
150,0.62235,89,168,"2026-08-09_AFIOS",4.1438753522294,343,NA,NA,NA,NA,NA,NA,NA,NA,NA,NA,NA,NA,NA,225,44.374624213,-79.68675659,1.39466,9.26,230,28,14.4792
151,0.62634,90,168,"2026-08-09_AFIOS",4.17292605575029,339,NA,NA,NA,NA,NA,NA,NA,NA,NA,NA,NA,NA,NA,225.2,44.374603091,-79.686714513,1.89591,9.04,229,28,14.3784
152,0.63033,90,169,"2026-08-09_AFIOS",4.17292605575029,337,NA,NA,NA,NA,NA,NA,NA,NA,NA,NA,NA,NA,NA,225.2,44.374586662,-79.686671346,1.45441,9.04,229,28,14.3784
153,0.63433,90,170,"2026-08-09_AFIOS",4.17292605575029,337,NA,NA,NA,NA,NA,NA,NA,NA,NA,NA,NA,NA,NA,225.2,44.374566127,-79.686629521,1.45441,9.04,229,28,14.3784
154,0.63837,90,170,"2026-08-09_AFIOS",4.12541254125412,332,NA,NA,NA,NA,NA,NA,NA,NA,NA,NA,NA,NA,NA,225.2,44.374551375,-79.686585767,0.991449,9.08,228,28,14.544
155,0.64241,90,169,"2026-08-09_AFIOS",4.12541254125412,335,NA,NA,NA,NA,NA,NA,NA,NA,NA,NA,NA,NA,NA,225.2,44.374534108,-79.686540672,0.991449,9.08,228,28,14.544
156,0.64647,90,168,"2026-08-09_AFIOS",4.10610166707728,336,NA,NA,NA,NA,NA,NA,NA,NA,NA,NA,NA,NA,NA,225.2,44.374521367,-79.686496248,0.991449,9.12,227,28,14.6124
157,0.65054,90,167,"2026-08-09_AFIOS",4.09701737135365,336,NA,NA,NA,NA,NA,NA,NA,NA,NA,NA,NA,NA,NA,225.2,44.374506448,-79.686447298,0.991449,9.12,227,28,14.6448
158,0.65463,90,166,"2026-08-09_AFIOS",4.06901041666667,339,NA,NA,NA,NA,NA,NA,NA,NA,NA,NA,NA,NA,NA,225.2,44.374495384,-79.686401868,0.991449,9.12,227,28,14.7456
159,0.6587,89,165,"2026-08-09_AFIOS",4.09701737135365,339,NA,NA,NA,NA,NA,NA,NA,NA,NA,NA,NA,NA,NA,225.2,44.374480045,-79.686350655,0.501253,9.33,228,28,14.6448
160,0.66273,90,166,"2026-08-09_AFIOS",4.13462333581411,342,NA,NA,NA,NA,NA,NA,NA,NA,NA,NA,NA,NA,NA,225.2,44.374468729,-79.686307153,0.501253,9.12,227,28,14.5116
161,0.66676,90,165,"2026-08-09_AFIOS",4.13462333581411,341,NA,NA,NA,NA,NA,NA,NA,NA,NA,NA,NA,NA,NA,225.2,44.37445339,-79.686258789,0,9.08,228,28,14.5116
162,0.6708,90,165,"2026-08-09_AFIOS",4.12541254125412,340,NA,NA,NA,NA,NA,NA,NA,NA,NA,NA,NA,NA,NA,225.2,44.374444002,-79.686212018,0,9.08,228,28,14.544
163,0.67484,90,165,"2026-08-09_AFIOS",4.12541254125412,343,NA,NA,NA,NA,NA,NA,NA,NA,NA,NA,NA,NA,NA,225.2,44.374433609,-79.686163487,0,9.08,228,28,14.544
164,0.67889,91,166,"2026-08-09_AFIOS",4.11522633744856,343,NA,NA,NA,NA,NA,NA,NA,NA,NA,NA,NA,NA,NA,225.2,44.374425059,-79.686117973,0,9.04,229,28,14.58
165,0.68301,90,166,"2026-08-09_AFIOS",4.05022276225192,339,NA,NA,NA,NA,NA,NA,NA,NA,NA,NA,NA,NA,NA,225.4,44.37441366,-79.686066508,0.485437,9.15,226,28,14.814
166,0.68712,90,165,"2026-08-09_AFIOS",4.05022276225192,343,NA,NA,NA,NA,NA,NA,NA,NA,NA,NA,NA,NA,NA,225.2,44.374403937,-79.686019737,0,9.15,226,28,14.814
167,0.69123,90,165,"2026-08-09_AFIOS",4.05910050332846,347,NA,NA,NA,NA,NA,NA,NA,NA,NA,NA,NA,NA,NA,225.2,44.374393962,-79.685969194,0,9.15,226,28,14.7816
168,0.6953,90,165,"2026-08-09_AFIOS",4.08697073728952,347,NA,NA,NA,NA,NA,NA,NA,NA,NA,NA,NA,NA,NA,225.2,44.374387425,-79.685920076,0,9.12,227,28,14.6808
169,0.69938,90,164,"2026-08-09_AFIOS",4.08697073728952,347,NA,NA,NA,NA,NA,NA,NA,NA,NA,NA,NA,NA,NA,225.4,44.374380384,-79.685868444,0.489015,9.12,227,28,14.6808
170,0.7034,90,163,"2026-08-09_AFIOS",4.1438753522294,344,NA,NA,NA,NA,NA,NA,NA,NA,NA,NA,NA,NA,NA,225.4,44.374378037,-79.68581547,0.489015,9.12,227,28,14.4792
171,0.70741,90,163,"2026-08-09_AFIOS",4.16354400866017,345,NA,NA,NA,NA,NA,NA,NA,NA,NA,NA,NA,NA,NA,225.4,44.374373594,-79.68576367,0.489015,9.04,229,28,14.4108
172,0.71138,90,163,"2026-08-09_AFIOS",4.19287211740042,343,NA,NA,NA,NA,NA,NA,NA,NA,NA,NA,NA,NA,NA,225.4,44.37437284,-79.685714552,0.489015,9.04,229,28,14.31
173,0.71536,90,163,"2026-08-09_AFIOS",4.19287211740042,343,NA,NA,NA,NA,NA,NA,NA,NA,NA,NA,NA,NA,NA,225.4,44.374366554,-79.68566183,0.489015,9.01,230,28,14.31
174,0.71932,90,163,"2026-08-09_AFIOS",4.20238695579089,342,NA,NA,NA,NA,NA,NA,NA,NA,NA,NA,NA,NA,NA,225.6,44.374362614,-79.685612125,0.994065,9.01,230,28,14.2776
175,0.72326,90,164,"2026-08-09_AFIOS",4.2322668020992,342,NA,NA,NA,NA,NA,NA,NA,NA,NA,NA,NA,NA,NA,225.6,44.374357417,-79.68556351,0.508629,8.97,231,28,14.1768
176,0.72722,90,164,"2026-08-09_AFIOS",4.21300977418268,337,NA,NA,NA,NA,NA,NA,NA,NA,NA,NA,NA,NA,NA,225.4,44.37435901,-79.685516152,0.490196,9.01,230,28,14.2416
177,0.73117,90,164,"2026-08-09_AFIOS",4.21300977418268,337,NA,NA,NA,NA,NA,NA,NA,NA,NA,NA,NA,NA,NA,225.4,44.374355322,-79.685465107,0.490196,9.01,230,28,14.2416
178,0.73519,90,164,"2026-08-09_AFIOS",4.1438753522294,337,NA,NA,NA,NA,NA,NA,NA,NA,NA,NA,NA,NA,NA,225.4,44.374355657,-79.685417749,0.490196,9.08,228,28,14.4792
179,0.73929,90,163,"2026-08-09_AFIOS",4.06901041666667,341,NA,NA,NA,NA,NA,NA,NA,NA,NA,NA,NA,NA,NA,225.6,44.374353226,-79.685365362,0.487805,9.15,226,28,14.7456
180,0.74339,90,163,"2026-08-09_AFIOS",4.05910050332846,347,NA,NA,NA,NA,NA,NA,NA,NA,NA,NA,NA,NA,NA,225.6,44.374353897,-79.685316076,0.487805,9.15,226,28,14.7816
181,0.74753,90,163,"2026-08-09_AFIOS",4.03258327284458,348,NA,NA,NA,NA,NA,NA,NA,NA,NA,NA,NA,NA,NA,225.6,44.374349706,-79.685263187,0.487805,9.19,225,28,14.8788
182,0.75163,90,162,"2026-08-09_AFIOS",4.05910050332846,350,NA,NA,NA,NA,NA,NA,NA,NA,NA,NA,NA,NA,NA,225.6,44.374350712,-79.685214488,0.487805,9.15,226,28,14.7816
183,0.7557,90,161,"2026-08-09_AFIOS",4.09701737135365,351,NA,NA,NA,NA,NA,NA,NA,NA,NA,NA,NA,NA,NA,225.8,44.374348784,-79.685159419,0.979205,9.12,227,28,14.6448
184,0.7597,90,161,"2026-08-09_AFIOS",4.16354400866017,349,NA,NA,NA,NA,NA,NA,NA,NA,NA,NA,NA,NA,NA,225.8,44.374350963,-79.685107199,0.474155,9.04,229,28,14.4108
185,0.76373,90,160,"2026-08-09_AFIOS",4.1438753522294,347,NA,NA,NA,NA,NA,NA,NA,NA,NA,NA,NA,NA,NA,226,44.374348784,-79.685053304,0.970433,9.08,228,28,14.4792
186,0.76774,90,160,"2026-08-09_AFIOS",4.15420405450316,348,NA,NA,NA,NA,NA,NA,NA,NA,NA,NA,NA,NA,NA,226,44.374350796,-79.685005359,1.47548,9.05,229,28,14.4432
187,0.77181,90,160,"2026-08-09_AFIOS",4.09701737135365,348,NA,NA,NA,NA,NA,NA,NA,NA,NA,NA,NA,NA,NA,226,44.374351382,-79.684952888,1.47548,9.12,227,28,14.6448
188,0.77583,90,160,"2026-08-09_AFIOS",4.1438753522294,352,NA,NA,NA,NA,NA,NA,NA,NA,NA,NA,NA,NA,NA,226,44.374355406,-79.684902681,1.47548,9.08,228,28,14.4792
189,0.77984,90,161,"2026-08-09_AFIOS",4.15420405450316,348,NA,NA,NA,NA,NA,NA,NA,NA,NA,NA,NA,NA,NA,226.2,44.374352388,-79.684850378,1.48643,9.08,228,28,14.4432
190,0.78378,90,161,"2026-08-09_AFIOS",4.2322668020992,347,NA,NA,NA,NA,NA,NA,NA,NA,NA,NA,NA,NA,NA,226.2,44.374353729,-79.684800003,1.48643,9.05,229,28,14.1768
191,0.78772,90,162,"2026-08-09_AFIOS",4.2322668020992,349,NA,NA,NA,NA,NA,NA,NA,NA,NA,NA,NA,NA,NA,226.2,44.37435088,-79.684749711,1.48643,8.97,231,28,14.1768
192,0.79172,90,162,"2026-08-09_AFIOS",4.16354400866017,345,NA,NA,NA,NA,NA,NA,NA,NA,NA,NA,NA,NA,NA,226.2,44.374352053,-79.684699504,1.48643,9.01,230,28,14.4108
193,0.79577,90,162,"2026-08-09_AFIOS",4.11522633744856,349,NA,NA,NA,NA,NA,NA,NA,NA,NA,NA,NA,NA,NA,226.4,44.374351047,-79.684647871,1.48886,9.04,229,28,14.58
194,0.79982,90,162,"2026-08-09_AFIOS",4.11522633744856,352,NA,NA,NA,NA,NA,NA,NA,NA,NA,NA,NA,NA,NA,226.4,44.374347946,-79.684592802,1.48886,9.08,228,28,14.58
195,0.80389,91,162,"2026-08-09_AFIOS",4.08697073728952,357,NA,NA,NA,NA,NA,NA,NA,NA,NA,NA,NA,NA,NA,226.6,44.374346437,-79.684544774,1.48398,8.94,225,28,14.6808
196,0.80801,91,162,"2026-08-09_AFIOS",4.05022276225192,358,NA,NA,NA,NA,NA,NA,NA,NA,NA,NA,NA,NA,NA,226.6,44.374343084,-79.684488363,1.48398,8.98,224,28,14.814
197,0.8121,91,162,"2026-08-09_AFIOS",4.07797080172906,362,NA,NA,NA,NA,NA,NA,NA,NA,NA,NA,NA,NA,NA,226.6,44.374346186,-79.684444023,1.48398,8.98,224,28,14.7132
198,0.81618,92,162,"2026-08-09_AFIOS",4.07797080172906,361,NA,NA,NA,NA,NA,NA,NA,NA,NA,NA,NA,NA,NA,226.6,44.37434409,-79.684387445,1.48398,8.78,223,28,14.7132
199,0.82023,92,162,"2026-08-09_AFIOS",4.11522633744856,359,NA,NA,NA,NA,NA,NA,NA,NA,NA,NA,NA,NA,NA,226.8,44.374347443,-79.684343273,1.47905,8.74,224,28,14.58
200,0.82427,92,162,"2026-08-09_AFIOS",4.12541254125412,360,NA,NA,NA,NA,NA,NA,NA,NA,NA,NA,NA,NA,NA,226.8,44.37434518,-79.684284013,1.47905,8.74,224,28,14.544
201,0.8283,92,162,"2026-08-09_AFIOS",4.13462333581411,359,NA,NA,NA,NA,NA,NA,NA,NA,NA,NA,NA,NA,NA,226.8,44.374349538,-79.684240343,1.47905,8.74,224,28,14.5116
202,0.83238,91,162,"2026-08-09_AFIOS",4.08697073728952,357,NA,NA,NA,NA,NA,NA,NA,NA,NA,NA,NA,NA,NA,227,44.374346269,-79.684180831,1.96925,8.94,225,28,14.6808
203,0.83643,91,161,"2026-08-09_AFIOS",4.11522633744856,356,NA,NA,NA,NA,NA,NA,NA,NA,NA,NA,NA,NA,NA,227,44.37435264,-79.684137245,1.47542,8.91,226,28,14.58
204,0.84047,91,161,"2026-08-09_AFIOS",4.12541254125412,359,NA,NA,NA,NA,NA,NA,NA,NA,NA,NA,NA,NA,NA,227,44.37435046,-79.684076141,1.47542,8.91,226,28,14.544
205,0.84449,90,162,"2026-08-09_AFIOS",4.1438753522294,357,NA,NA,NA,NA,NA,NA,NA,NA,NA,NA,NA,NA,NA,227,44.374352388,-79.68403155,0.984023,9.08,228,28,14.4792
206,0.84851,90,162,"2026-08-09_AFIOS",4.1438753522294,356,NA,NA,NA,NA,NA,NA,NA,NA,NA,NA,NA,NA,NA,227,44.374348952,-79.683972625,0.984023,9.08,228,28,14.4792
207,0.85255,90,162,"2026-08-09_AFIOS",4.13462333581411,350,NA,NA,NA,NA,NA,NA,NA,NA,NA,NA,NA,NA,NA,227.2,44.374354903,-79.683928704,1.47907,9.08,228,28,14.5116
208,0.85658,90,162,"2026-08-09_AFIOS",4.13462333581411,352,NA,NA,NA,NA,NA,NA,NA,NA,NA,NA,NA,NA,NA,227.2,44.374351802,-79.683868857,1.47907,9.08,228,28,14.5116
209,0.86063,90,162,"2026-08-09_AFIOS",4.11522633744856,353,NA,NA,NA,NA,NA,NA,NA,NA,NA,NA,NA,NA,NA,227.2,44.374355825,-79.683822589,0.985246,9.08,228,28,14.58
210,0.86468,90,162,"2026-08-09_AFIOS",4.10610166707728,359,NA,NA,NA,NA,NA,NA,NA,NA,NA,NA,NA,NA,NA,227.2,44.374351131,-79.683764251,0.985246,9.12,227,28,14.6124
211,0.8688,90,162,"2026-08-09_AFIOS",4.05022276225192,366,NA,NA,NA,NA,NA,NA,NA,NA,NA,NA,NA,NA,NA,227.2,44.374352724,-79.683719659,0.985246,9.15,226,28,14.814
212,0.8729,90,162,"2026-08-09_AFIOS",4.06901041666667,373,NA,NA,NA,NA,NA,NA,NA,NA,NA,NA,NA,NA,NA,227.2,44.374347108,-79.683662578,0.49505,9.15,226,28,14.7456
213,0.87698,90,162,"2026-08-09_AFIOS",4.07797080172906,372,NA,NA,NA,NA,NA,NA,NA,NA,NA,NA,NA,NA,NA,227.4,44.374346856,-79.683615556,0.985246,9.12,227,28,14.7132
214,0.88106,90,162,"2026-08-09_AFIOS",4.08697073728952,369,NA,NA,NA,NA,NA,NA,NA,NA,NA,NA,NA,NA,NA,227.4,44.374341073,-79.683556966,0.985246,9.12,227,28,14.6808
215,0.88517,90,162,"2026-08-09_AFIOS",4.05022276225192,366,NA,NA,NA,NA,NA,NA,NA,NA,NA,NA,NA,NA,NA,227.4,44.374342498,-79.683512123,0.985246,9.15,226,28,14.814
216,0.88927,90,162,"2026-08-09_AFIOS",4.06901041666667,362,NA,NA,NA,NA,NA,NA,NA,NA,NA,NA,NA,NA,NA,227.4,44.374334283,-79.683452444,0.985246,9.15,226,28,14.7456
217,0.89343,90,161,"2026-08-09_AFIOS",4.00544740847553,361,NA,NA,NA,NA,NA,NA,NA,NA,NA,NA,NA,NA,NA,227.4,44.374334116,-79.683404835,0.490196,9.19,225,28,14.9796
218,0.89758,90,162,"2026-08-09_AFIOS",4.01412973667309,366,NA,NA,NA,NA,NA,NA,NA,NA,NA,NA,NA,NA,NA,227.4,44.374328165,-79.683345407,0.490196,9.19,225,28,14.9472
219,0.90173,90,162,"2026-08-09_AFIOS",4.02284978678896,363,NA,NA,NA,NA,NA,NA,NA,NA,NA,NA,NA,NA,NA,227.4,44.374329589,-79.683299642,0.490196,9.19,225,28,14.9148
220,0.90583,90,162,"2026-08-09_AFIOS",4.05910050332846,359,NA,NA,NA,NA,NA,NA,NA,NA,NA,NA,NA,NA,NA,227.2,44.374327578,-79.683241807,0,9.15,226,28,14.7816
221,0.90992,90,162,"2026-08-09_AFIOS",4.07797080172906,359,NA,NA,NA,NA,NA,NA,NA,NA,NA,NA,NA,NA,NA,227.4,44.374328248,-79.68319755,0.491389,9.12,227,28,14.7132
222,0.91396,89,162,"2026-08-09_AFIOS",4.12541254125412,357,NA,NA,NA,NA,NA,NA,NA,NA,NA,NA,NA,NA,NA,227.4,44.37432456,-79.683139799,0.491389,9.3,229,28,14.544
223,0.91805,89,162,"2026-08-09_AFIOS",4.07797080172906,355,NA,NA,NA,NA,NA,NA,NA,NA,NA,NA,NA,NA,NA,227.4,44.37432674,-79.683094369,0,9.3,229,28,14.7132
224,0.92215,90,163,"2026-08-09_AFIOS",4.05910050332846,353,NA,NA,NA,NA,NA,NA,NA,NA,NA,NA,NA,NA,NA,227.6,44.374324979,-79.683038629,0.488998,9.12,227,28,14.7816
225,0.92622,90,163,"2026-08-09_AFIOS",4.09701737135365,354,NA,NA,NA,NA,NA,NA,NA,NA,NA,NA,NA,NA,NA,227.6,44.374327075,-79.682996217,0.488998,9.15,226,28,14.6448
226,0.93029,90,163,"2026-08-09_AFIOS",4.09701737135365,355,NA,NA,NA,NA,NA,NA,NA,NA,NA,NA,NA,NA,NA,227.8,44.374323806,-79.682937125,0.980398,9.12,227,28,14.6448
227,0.93435,90,163,"2026-08-09_AFIOS",4.10610166707728,351,NA,NA,NA,NA,NA,NA,NA,NA,NA,NA,NA,NA,NA,227.8,44.374323974,-79.68289094,0.980398,9.12,227,28,14.6124
228,0.93843,90,163,"2026-08-09_AFIOS",4.07797080172906,351,NA,NA,NA,NA,NA,NA,NA,NA,NA,NA,NA,NA,NA,227.8,44.374321878,-79.682834279,0.980398,9.12,227,28,14.7132
229,0.94247,90,164,"2026-08-09_AFIOS",4.13462333581411,350,NA,NA,NA,NA,NA,NA,NA,NA,NA,NA,NA,NA,NA,227.8,44.374321794,-79.682786502,0.980398,9.12,227,28,14.5116
230,0.94653,90,165,"2026-08-09_AFIOS",4.09701737135365,350,NA,NA,NA,NA,NA,NA,NA,NA,NA,NA,NA,NA,NA,227.8,44.374319447,-79.682732355,1.4682,9.12,227,28,14.6448
231,0.9506,90,165,"2026-08-09_AFIOS",4.09701737135365,347,NA,NA,NA,NA,NA,NA,NA,NA,NA,NA,NA,NA,NA,227.8,44.374321124,-79.682684829,0.979205,9.12,227,28,14.6448
232,0.95469,91,165,"2026-08-09_AFIOS",4.07797080172906,350,NA,NA,NA,NA,NA,NA,NA,NA,NA,NA,NA,NA,NA,227.8,44.374318693,-79.682625066,0.979205,9.12,227,28,14.7132
233,0.95877,91,165,"2026-08-09_AFIOS",4.08697073728952,351,NA,NA,NA,NA,NA,NA,NA,NA,NA,NA,NA,NA,NA,228,44.374321962,-79.682578966,1.4694,8.94,225,28,14.6808
234,0.96288,91,165,"2026-08-09_AFIOS",4.05022276225192,354,NA,NA,NA,NA,NA,NA,NA,NA,NA,NA,NA,NA,NA,227.8,44.374316514,-79.682520544,0.494979,8.94,225,28,14.814
235,0.967,91,164,"2026-08-09_AFIOS",4.04138376980278,354,NA,NA,NA,NA,NA,NA,NA,NA,NA,NA,NA,NA,NA,227.8,44.374317603,-79.682473941,0.494979,8.98,224,28,14.8464
236,0.97117,91,164,"2026-08-09_AFIOS",4.00544740847553,359,NA,NA,NA,NA,NA,NA,NA,NA,NA,NA,NA,NA,NA,227.8,44.374311652,-79.682416441,0,9.01,223,28,14.9796
237,0.97533,91,165,"2026-08-09_AFIOS",4.00544740847553,359,NA,NA,NA,NA,NA,NA,NA,NA,NA,NA,NA,NA,NA,227.8,44.374314921,-79.682369167,0,9.01,223,28,14.9796
238,0.97953,91,165,"2026-08-09_AFIOS",3.96919901563864,365,NA,NA,NA,NA,NA,NA,NA,NA,NA,NA,NA,NA,NA,227.6,44.374308886,-79.68231502,-0.472612,9.05,222,28,15.1164
239,0.98369,92,165,"2026-08-09_AFIOS",4.00544740847553,369,NA,NA,NA,NA,NA,NA,NA,NA,NA,NA,NA,NA,NA,227.6,44.374309389,-79.682266237,-0.472612,8.84,221,28,14.9796
240,0.98782,92,165,"2026-08-09_AFIOS",4.03258327284458,372,NA,NA,NA,NA,NA,NA,NA,NA,NA,NA,NA,NA,NA,227.6,44.374302684,-79.682212844,-0.472612,8.81,222,28,14.8788
241,0.99196,92,166,"2026-08-09_AFIOS",4.03258327284458,372,NA,NA,NA,NA,NA,NA,NA,NA,NA,NA,NA,NA,NA,227.6,44.374301762,-79.682164229,-0.472612,8.81,222,28,14.8788
242,0.99596,92,166,"2026-08-09_AFIOS",4.16354400866017,371,NA,NA,NA,NA,NA,NA,NA,NA,NA,NA,NA,NA,NA,227.8,44.374298325,-79.682114776,0.0273876,8.78,223,28,14.4108
243,0.99996,92,166,"2026-08-09_AFIOS",4.16354400866017,368,NA,NA,NA,NA,NA,NA,NA,NA,NA,NA,NA,NA,NA,227.8,44.374296816,-79.682062557,-0.462808,8.71,225,28,14.4108
244,1.00393,92,166,"2026-08-09_AFIOS",4.20238695579089,364,NA,NA,NA,NA,NA,NA,NA,NA,NA,NA,NA,NA,NA,227.8,44.374298576,-79.68201587,0.0238095,8.67,226,28,14.2776
245,1.0079,91,166,"2026-08-09_AFIOS",4.19287211740042,359,NA,NA,NA,NA,NA,NA,NA,NA,NA,NA,NA,NA,NA,228,44.374299415,-79.681966081,0.527588,8.84,228,28,14.31
246,1.01187,91,166,"2026-08-09_AFIOS",4.20238695579089,358,NA,NA,NA,NA,NA,NA,NA,NA,NA,NA,NA,NA,NA,228,44.374301594,-79.681917466,0.527588,8.84,228,28,14.2776
247,1.01583,91,167,"2026-08-09_AFIOS",4.20238695579089,357,NA,NA,NA,NA,NA,NA,NA,NA,NA,NA,NA,NA,NA,228.2,44.374302013,-79.681861391,1.03264,8.84,228,28,14.2776
248,1.01977,91,167,"2026-08-09_AFIOS",4.2322668020992,357,NA,NA,NA,NA,NA,NA,NA,NA,NA,NA,NA,NA,NA,228.2,44.374302181,-79.68181001,1.50883,8.8,229,28,14.1768
249,1.02374,90,168,"2026-08-09_AFIOS",4.20238695579089,354,NA,NA,NA,NA,NA,NA,NA,NA,NA,NA,NA,NA,NA,228.2,44.374303186,-79.681758042,1.50883,9.01,230,28,14.2776
250,1.02772,90,168,"2026-08-09_AFIOS",4.18340026773762,355,NA,NA,NA,NA,NA,NA,NA,NA,NA,NA,NA,NA,NA,228.4,44.3743026,-79.681708254,2.01134,9.04,229,28,14.3424
251,1.03173,90,168,"2026-08-09_AFIOS",4.15420405450316,353,NA,NA,NA,NA,NA,NA,NA,NA,NA,NA,NA,NA,NA,228.2,44.37430327,-79.681660309,1.51259,9.05,229,28,14.4432
252,1.03575,90,168,"2026-08-09_AFIOS",4.1438753522294,354,NA,NA,NA,NA,NA,NA,NA,NA,NA,NA,NA,NA,NA,228.4,44.374301342,-79.68161203,1.5101,9.08,228,28,14.4792
253,1.0398,90,167,"2026-08-09_AFIOS",4.11522633744856,354,NA,NA,NA,NA,NA,NA,NA,NA,NA,NA,NA,NA,NA,228.4,44.374304444,-79.681565929,1.5101,9.08,228,28,14.58
254,1.04382,90,168,"2026-08-09_AFIOS",4.1438753522294,357,NA,NA,NA,NA,NA,NA,NA,NA,NA,NA,NA,NA,NA,228.4,44.374301594,-79.681513961,1.5101,9.08,228,28,14.4792
255,1.04782,89,169,"2026-08-09_AFIOS",4.17292605575029,356,NA,NA,NA,NA,NA,NA,NA,NA,NA,NA,NA,NA,NA,228.4,44.374298157,-79.681461742,1.00632,9.22,231,28,14.3784
256,1.05182,90,169,"2026-08-09_AFIOS",4.16354400866017,354,NA,NA,NA,NA,NA,NA,NA,NA,NA,NA,NA,NA,NA,228.4,44.374275694,-79.681416815,1.00632,9.04,229,28,14.4108
257,1.05586,89,169,"2026-08-09_AFIOS",4.12541254125412,354,NA,NA,NA,NA,NA,NA,NA,NA,NA,NA,NA,NA,NA,228.6,44.374257421,-79.68137918,0.996321,9.08,228,28,14.544
258,1.05988,89,168,"2026-08-09_AFIOS",4.1438753522294,356,NA,NA,NA,NA,NA,NA,NA,NA,NA,NA,NA,NA,NA,228.8,44.374226911,-79.681347245,1.49383,9.26,230,28,14.4792
259,1.06387,89,168,"2026-08-09_AFIOS",4.18340026773762,356,NA,NA,NA,NA,NA,NA,NA,NA,NA,NA,NA,NA,NA,229,44.374205286,-79.681316065,1.99509,9.26,230,27,14.3424
260,1.06785,89,167,"2026-08-09_AFIOS",4.18340026773762,357,NA,NA,NA,NA,NA,NA,NA,NA,NA,NA,NA,NA,NA,229.4,44.374169244,-79.681288572,2.4976,9.22,231,28,14.3424
261,1.07179,89,167,"2026-08-09_AFIOS",4.2322668020992,355,NA,NA,NA,NA,NA,NA,NA,NA,NA,NA,NA,NA,NA,229.6,44.374146193,-79.681261163,3.50397,9.15,233,28,14.1768
262,1.07569,89,167,"2026-08-09_AFIOS",4.27350427350427,359,NA,NA,NA,NA,NA,NA,NA,NA,NA,NA,NA,NA,NA,229.8,44.374108391,-79.681228893,3.51927,9.15,233,28,14.04
263,1.07956,89,168,"2026-08-09_AFIOS",4.30440771349862,361,NA,NA,NA,NA,NA,NA,NA,NA,NA,NA,NA,NA,NA,229.8,44.374083497,-79.681199305,3.51927,9.11,234,28,13.9392
264,1.08345,88,169,"2026-08-09_AFIOS",4.28338901739056,360,NA,NA,NA,NA,NA,NA,NA,NA,NA,NA,NA,NA,NA,230,44.374052819,-79.68115597,4.03341,9.25,237,28,14.0076
265,1.08734,89,169,"2026-08-09_AFIOS",4.28338901739056,361,NA,NA,NA,NA,NA,NA,NA,NA,NA,NA,NA,NA,NA,230,44.374034044,-79.681117833,4.03341,9.11,234,28,14.0076
266,1.09128,89,169,"2026-08-09_AFIOS",4.2322668020992,364,NA,NA,NA,NA,NA,NA,NA,NA,NA,NA,NA,NA,NA,230.2,44.374014346,-79.681070223,4.54103,9.15,233,27,14.1768
267,1.09525,88,170,"2026-08-09_AFIOS",4.19287211740042,368,NA,NA,NA,NA,NA,NA,NA,NA,NA,NA,NA,NA,NA,230.2,44.374007389,-79.681026218,4.04598,9.33,235,27,14.31
268,1.09929,88,171,"2026-08-09_AFIOS",4.12541254125412,372,NA,NA,NA,NA,NA,NA,NA,NA,NA,NA,NA,NA,NA,230.2,44.373994984,-79.680974334,3.54847,9.45,232,27,14.544
269,1.1034,89,171,"2026-08-09_AFIOS",4.05910050332846,375,NA,NA,NA,NA,NA,NA,NA,NA,NA,NA,NA,NA,NA,230.2,44.373987943,-79.68092354,3.04721,9.26,230,27,14.7816
270,1.10751,89,171,"2026-08-09_AFIOS",4.05910050332846,379,NA,NA,NA,NA,NA,NA,NA,NA,NA,NA,NA,NA,NA,230.2,44.373978472,-79.680871069,2.04219,9.33,228,27,14.7816
271,1.11156,89,171,"2026-08-09_AFIOS",4.11522633744856,380,NA,NA,NA,NA,NA,NA,NA,NA,NA,NA,NA,NA,NA,230.2,44.373973275,-79.680823376,1.53457,9.26,230,27,14.58
272,1.11561,89,171,"2026-08-09_AFIOS",4.11522633744856,373,NA,NA,NA,NA,NA,NA,NA,NA,NA,NA,NA,NA,NA,230,44.37396045,-79.680773001,0.527926,9.26,230,27,14.58
273,1.11966,89,171,"2026-08-09_AFIOS",4.10610166707728,371,NA,NA,NA,NA,NA,NA,NA,NA,NA,NA,NA,NA,NA,230,44.373953913,-79.680726481,0.527926,9.3,229,27,14.6124
274,1.12372,89,170,"2026-08-09_AFIOS",4.10610166707728,370,NA,NA,NA,NA,NA,NA,NA,NA,NA,NA,NA,NA,NA,230.2,44.373944441,-79.680675603,0.506398,9.3,229,27,14.6124
275,1.12777,89,170,"2026-08-09_AFIOS",4.11522633744856,370,NA,NA,NA,NA,NA,NA,NA,NA,NA,NA,NA,NA,NA,230.2,44.373935053,-79.680624893,0.506398,9.26,230,27,14.58
276,1.13188,89,170,"2026-08-09_AFIOS",4.05910050332846,370,NA,NA,NA,NA,NA,NA,NA,NA,NA,NA,NA,NA,NA,230.2,44.37392751,-79.68057259,0,9.33,228,27,14.7816
277,1.136,89,171,"2026-08-09_AFIOS",4.04138376980278,366,NA,NA,NA,NA,NA,NA,NA,NA,NA,NA,NA,NA,NA,230.2,44.373914601,-79.680523639,0,9.33,228,27,14.8464
278,1.14015,89,170,"2026-08-09_AFIOS",4.01412973667309,361,NA,NA,NA,NA,NA,NA,NA,NA,NA,NA,NA,NA,NA,230.2,44.373901526,-79.680478461,0,9.37,227,27,14.9472
279,1.1443,89,169,"2026-08-09_AFIOS",4.02284978678896,361,NA,NA,NA,NA,NA,NA,NA,NA,NA,NA,NA,NA,NA,230,44.373886019,-79.680428589,-0.483144,9.37,227,27,14.9148
280,1.14838,89,169,"2026-08-09_AFIOS",4.07797080172906,355,NA,NA,NA,NA,NA,NA,NA,NA,NA,NA,NA,NA,NA,230,44.373873865,-79.680382488,-0.483144,9.3,229,27,14.7132
281,1.15245,89,169,"2026-08-09_AFIOS",4.09701737135365,348,NA,NA,NA,NA,NA,NA,NA,NA,NA,NA,NA,NA,NA,230.2,44.373854755,-79.680334544,0,9.3,229,27,14.6448
282,1.15647,89,169,"2026-08-09_AFIOS",4.1438753522294,348,NA,NA,NA,NA,NA,NA,NA,NA,NA,NA,NA,NA,NA,230.2,44.373839332,-79.680291377,0.502084,9.26,230,27,14.4792
283,1.16049,90,170,"2026-08-09_AFIOS",4.1438753522294,344,NA,NA,NA,NA,NA,NA,NA,NA,NA,NA,NA,NA,NA,230.2,44.373816533,-79.680243684,0.502084,9.08,228,27,14.4792
284,1.16451,89,170,"2026-08-09_AFIOS",4.15420405450316,342,NA,NA,NA,NA,NA,NA,NA,NA,NA,NA,NA,NA,NA,230.2,44.373801781,-79.680200517,0,9.22,231,27,14.4432
285,1.16861,89,170,"2026-08-09_AFIOS",4.05910050332846,340,NA,NA,NA,NA,NA,NA,NA,NA,NA,NA,NA,NA,NA,230.2,44.373780659,-79.680152908,0,9.33,228,27,14.7816
286,1.17275,90,170,"2026-08-09_AFIOS",4.03258327284458,347,NA,NA,NA,NA,NA,NA,NA,NA,NA,NA,NA,NA,NA,230.2,44.373767499,-79.680106891,0,9.19,225,27,14.8788
287,1.17692,90,170,"2026-08-09_AFIOS",3.99584432190522,350,NA,NA,NA,NA,NA,NA,NA,NA,NA,NA,NA,NA,NA,230.2,44.373749897,-79.680051822,0,9.22,224,27,15.0156
288,1.1811,90,170,"2026-08-09_AFIOS",3.98724082934609,354,NA,NA,NA,NA,NA,NA,NA,NA,NA,NA,NA,NA,NA,230.2,44.373743611,-79.680003626,0,9.22,224,27,15.048
289,1.18528,90,170,"2026-08-09_AFIOS",3.98724082934609,356,NA,NA,NA,NA,NA,NA,NA,NA,NA,NA,NA,NA,NA,230.2,44.373726763,-79.679948557,0.4914,9.22,224,27,15.048
290,1.18942,89,171,"2026-08-09_AFIOS",4.02284978678896,357,NA,NA,NA,NA,NA,NA,NA,NA,NA,NA,NA,NA,NA,230.2,44.373723494,-79.679902121,0.4914,9.37,227,27,14.9148
291,1.19358,88,170,"2026-08-09_AFIOS",4.00544740847553,355,NA,NA,NA,NA,NA,NA,NA,NA,NA,NA,NA,NA,NA,230.2,44.373709496,-79.67984898,0,9.56,229,27,14.9796
292,1.19775,88,170,"2026-08-09_AFIOS",3.99584432190522,356,NA,NA,NA,NA,NA,NA,NA,NA,NA,NA,NA,NA,NA,230.2,44.373706814,-79.679802796,0,9.56,229,27,15.0156
293,1.20196,88,170,"2026-08-09_AFIOS",3.96070975918885,355,NA,NA,NA,NA,NA,NA,NA,NA,NA,NA,NA,NA,NA,230.2,44.373697845,-79.679746218,0,9.56,229,27,15.1488
294,1.20621,89,170,"2026-08-09_AFIOS",3.92618767177071,355,NA,NA,NA,NA,NA,NA,NA,NA,NA,NA,NA,NA,NA,230.2,44.37370036,-79.679702883,0,9.44,225,27,15.282
295,1.21041,89,170,"2026-08-09_AFIOS",3.96070975918885,356,NA,NA,NA,NA,NA,NA,NA,NA,NA,NA,NA,NA,NA,230.2,44.373690721,-79.679646557,0,9.48,224,27,15.1488
296,1.21464,89,170,"2026-08-09_AFIOS",3.94290671082722,360,NA,NA,NA,NA,NA,NA,NA,NA,NA,NA,NA,NA,NA,230.2,44.3736929,-79.679602468,0,9.44,225,27,15.2172
297,1.21882,89,170,"2026-08-09_AFIOS",3.98724082934609,359,NA,NA,NA,NA,NA,NA,NA,NA,NA,NA,NA,NA,NA,230.2,44.373682507,-79.679544885,0,9.41,226,27,15.048
298,1.22296,89,170,"2026-08-09_AFIOS",4.02284978678896,360,NA,NA,NA,NA,NA,NA,NA,NA,NA,NA,NA,NA,NA,230.2,44.373681333,-79.67949803,0,9.41,226,27,14.9148
299,1.22708,89,170,"2026-08-09_AFIOS",4.05022276225192,358,NA,NA,NA,NA,NA,NA,NA,NA,NA,NA,NA,NA,NA,230.2,44.373668593,-79.67944162,0,9.37,227,27,14.814
300,1.23118,89,169,"2026-08-09_AFIOS",4.05910050332846,356,NA,NA,NA,NA,NA,NA,NA,NA,NA,NA,NA,NA,NA,230.2,44.373666078,-79.679396944,0,9.33,228,27,14.7816
301,1.23528,89,169,"2026-08-09_AFIOS",4.06901041666667,352,NA,NA,NA,NA,NA,NA,NA,NA,NA,NA,NA,NA,NA,230.2,44.373651913,-79.679340198,0,9.33,228,27,14.7456
302,1.23938,89,169,"2026-08-09_AFIOS",4.06901041666667,351,NA,NA,NA,NA,NA,NA,NA,NA,NA,NA,NA,NA,NA,230.2,44.373648895,-79.679297032,0,9.33,228,27,14.7456
303,1.24348,89,170,"2026-08-09_AFIOS",4.05910050332846,349,NA,NA,NA,NA,NA,NA,NA,NA,NA,NA,NA,NA,NA,230.2,44.373637077,-79.679239532,0,9.33,228,27,14.7816
304,1.2476,90,170,"2026-08-09_AFIOS",4.05022276225192,350,NA,NA,NA,NA,NA,NA,NA,NA,NA,NA,NA,NA,NA,230.2,44.373633305,-79.679194689,0,9.33,228,27,14.814
305,1.25169,89,170,"2026-08-09_AFIOS",4.06901041666667,349,NA,NA,NA,NA,NA,NA,NA,NA,NA,NA,NA,NA,NA,230.2,44.37362157,-79.679135596,0,9.33,228,27,14.7456
306,1.25578,89,170,"2026-08-09_AFIOS",4.07797080172906,351,NA,NA,NA,NA,NA,NA,NA,NA,NA,NA,NA,NA,NA,230.4,44.373620397,-79.679094022,0.488998,9.3,229,27,14.7132
307,1.25986,89,170,"2026-08-09_AFIOS",4.08697073728952,350,NA,NA,NA,NA,NA,NA,NA,NA,NA,NA,NA,NA,NA,230.4,44.373611763,-79.679039875,0.488998,9.3,229,27,14.6808
308,1.26392,89,169,"2026-08-09_AFIOS",4.10610166707728,348,NA,NA,NA,NA,NA,NA,NA,NA,NA,NA,NA,NA,NA,230.6,44.373608746,-79.67899587,0.981608,9.3,229,27,14.6124
309,1.26798,89,170,"2026-08-09_AFIOS",4.10610166707728,347,NA,NA,NA,NA,NA,NA,NA,NA,NA,NA,NA,NA,NA,230.6,44.373605896,-79.678941471,0.981608,9.3,229,27,14.6124
310,1.27202,89,170,"2026-08-09_AFIOS",4.12541254125412,347,NA,NA,NA,NA,NA,NA,NA,NA,NA,NA,NA,NA,NA,230.8,44.373617295,-79.678900149,1.47666,9.26,230,27,14.544
311,1.27606,89,170,"2026-08-09_AFIOS",4.12541254125412,345,NA,NA,NA,NA,NA,NA,NA,NA,NA,NA,NA,NA,NA,230.8,44.373635316,-79.678851953,1.47666,9.26,230,27,14.544
312,1.28009,89,170,"2026-08-09_AFIOS",4.13462333581411,348,NA,NA,NA,NA,NA,NA,NA,NA,NA,NA,NA,NA,NA,230.8,44.37365778,-79.678814318,1.47666,9.26,230,27,14.5116
313,1.28416,89,170,"2026-08-09_AFIOS",4.08697073728952,347,NA,NA,NA,NA,NA,NA,NA,NA,NA,NA,NA,NA,NA,230.8,44.37367907,-79.67877266,1.47666,9.3,229,27,14.6808
314,1.28831,89,170,"2026-08-09_AFIOS",4.02284978678896,353,NA,NA,NA,NA,NA,NA,NA,NA,NA,NA,NA,NA,NA,230.8,44.37370212,-79.678737456,1.47666,9.37,227,27,14.9148
315,1.29244,89,170,"2026-08-09_AFIOS",4.03258327284458,357,NA,NA,NA,NA,NA,NA,NA,NA,NA,NA,NA,NA,NA,230.8,44.373725757,-79.678700827,1.47666,9.37,227,27,14.8788
316,1.2966,89,169,"2026-08-09_AFIOS",4.00544740847553,357,NA,NA,NA,NA,NA,NA,NA,NA,NA,NA,NA,NA,NA,230.8,44.373748137,-79.678660175,0.98766,9.37,227,27,14.9796
317,1.30076,88,169,"2026-08-09_AFIOS",4.00544740847553,359,NA,NA,NA,NA,NA,NA,NA,NA,NA,NA,NA,NA,NA,230.8,44.373775462,-79.678629497,0.98766,9.56,229,27,14.9796
318,1.30489,88,169,"2026-08-09_AFIOS",4.04138376980278,358,NA,NA,NA,NA,NA,NA,NA,NA,NA,NA,NA,NA,NA,230.8,44.373799266,-79.678586498,0.49505,9.52,230,27,14.8464
319,1.30898,88,169,"2026-08-09_AFIOS",4.06901041666667,355,NA,NA,NA,NA,NA,NA,NA,NA,NA,NA,NA,NA,NA,230.8,44.373823658,-79.678556155,0.49505,9.49,231,27,14.7456
320,1.31303,87,169,"2026-08-09_AFIOS",4.11522633744856,352,NA,NA,NA,NA,NA,NA,NA,NA,NA,NA,NA,NA,NA,230.8,44.373849558,-79.678510474,0,9.64,234,27,14.58
321,1.31705,87,169,"2026-08-09_AFIOS",4.1438753522294,347,NA,NA,NA,NA,NA,NA,NA,NA,NA,NA,NA,NA,NA,230.8,44.373870764,-79.678474516,0,9.6,235,27,14.4792
322,1.3211,87,169,"2026-08-09_AFIOS",4.11522633744856,347,NA,NA,NA,NA,NA,NA,NA,NA,NA,NA,NA,NA,NA,230.8,44.37389658,-79.678426655,0,9.64,234,27,14.58
323,1.32516,87,169,"2026-08-09_AFIOS",4.10610166707728,347,NA,NA,NA,NA,NA,NA,NA,NA,NA,NA,NA,NA,NA,230.8,44.373921642,-79.678387595,0,9.64,234,27,14.6124
324,1.32923,87,169,"2026-08-09_AFIOS",4.09701737135365,346,NA,NA,NA,NA,NA,NA,NA,NA,NA,NA,NA,NA,NA,230.8,44.373953577,-79.678373346,0,9.64,234,27,14.6448
325,1.33336,87,169,"2026-08-09_AFIOS",4.04138376980278,347,NA,NA,NA,NA,NA,NA,NA,NA,NA,NA,NA,NA,NA,230.8,44.373991044,-79.678384913,0,9.72,232,27,14.8464
326,1.33745,87,169,"2026-08-09_AFIOS",4.06901041666667,351,NA,NA,NA,NA,NA,NA,NA,NA,NA,NA,NA,NA,NA,230.6,44.374016525,-79.678410562,-0.488998,9.68,233,27,14.7456
327,1.34151,87,170,"2026-08-09_AFIOS",4.10610166707728,349,NA,NA,NA,NA,NA,NA,NA,NA,NA,NA,NA,NA,NA,230.6,44.374042928,-79.67845398,-0.488998,9.64,234,27,14.6124
328,1.34551,86,170,"2026-08-09_AFIOS",4.16354400866017,346,NA,NA,NA,NA,NA,NA,NA,NA,NA,NA,NA,NA,NA,230.6,44.374050388,-79.678498236,-0.488998,9.81,237,27,14.4108
329,1.34951,86,171,"2026-08-09_AFIOS",4.17292605575029,345,NA,NA,NA,NA,NA,NA,NA,NA,NA,NA,NA,NA,NA,230.4,44.374064218,-79.678560598,-0.988998,9.77,238,27,14.3784
330,1.3535,86,171,"2026-08-09_AFIOS",4.17292605575029,339,NA,NA,NA,NA,NA,NA,NA,NA,NA,NA,NA,NA,NA,230.4,44.374066482,-79.678608375,-0.988998,9.77,238,27,14.3784
331,1.35754,87,170,"2026-08-09_AFIOS",4.12541254125412,334,NA,NA,NA,NA,NA,NA,NA,NA,NA,NA,NA,NA,NA,230.4,44.374075283,-79.678664952,-0.988998,9.81,237,27,14.544
332,1.36158,87,170,"2026-08-09_AFIOS",4.12541254125412,333,NA,NA,NA,NA,NA,NA,NA,NA,NA,NA,NA,NA,NA,230.4,44.374078635,-79.678711053,-0.988998,9.64,234,27,14.544
333,1.36563,88,171,"2026-08-09_AFIOS",4.11522633744856,331,NA,NA,NA,NA,NA,NA,NA,NA,NA,NA,NA,NA,NA,230.4,44.374088777,-79.678760338,-0.988998,9.45,232,27,14.58
334,1.36968,88,171,"2026-08-09_AFIOS",4.11522633744856,331,NA,NA,NA,NA,NA,NA,NA,NA,NA,NA,NA,NA,NA,230.4,44.374094645,-79.678807026,-0.988998,9.45,232,27,14.58
335,1.3737,88,171,"2026-08-09_AFIOS",4.1438753522294,332,NA,NA,NA,NA,NA,NA,NA,NA,NA,NA,NA,NA,NA,230.4,44.374101602,-79.678856311,-0.988998,9.45,232,27,14.4792
336,1.37768,88,170,"2026-08-09_AFIOS",4.19287211740042,333,NA,NA,NA,NA,NA,NA,NA,NA,NA,NA,NA,NA,NA,230.2,44.374108223,-79.678904256,-1.00251,9.41,233,27,14.31
337,1.38165,89,169,"2026-08-09_AFIOS",4.19287211740042,333,NA,NA,NA,NA,NA,NA,NA,NA,NA,NA,NA,NA,NA,230,44.374115264,-79.678950356,-1.50629,9.37,234,27,14.31
338,1.38561,89,169,"2026-08-09_AFIOS",4.21300977418268,333,NA,NA,NA,NA,NA,NA,NA,NA,NA,NA,NA,NA,NA,230,44.37412088,-79.67899696,-1.50629,9.19,232,27,14.2416
339,1.38954,89,170,"2026-08-09_AFIOS",4.2322668020992,330,NA,NA,NA,NA,NA,NA,NA,NA,NA,NA,NA,NA,NA,230.2,44.374129346,-79.67904767,-0.497385,9.15,233,27,14.1768
340,1.39348,89,170,"2026-08-09_AFIOS",4.2322668020992,329,NA,NA,NA,NA,NA,NA,NA,NA,NA,NA,NA,NA,NA,230.2,44.374137141,-79.679096704,-0.497385,9.15,233,27,14.1768
341,1.39745,90,171,"2026-08-09_AFIOS",4.20238695579089,327,NA,NA,NA,NA,NA,NA,NA,NA,NA,NA,NA,NA,NA,230.4,44.374146696,-79.679147079,0,9.01,230,27,14.2776
342,1.40146,90,170,"2026-08-09_AFIOS",4.15420405450316,327,NA,NA,NA,NA,NA,NA,NA,NA,NA,NA,NA,NA,NA,230.6,44.374154408,-79.679194353,0.505146,9.05,229,27,14.4432
343,1.40546,90,170,"2026-08-09_AFIOS",4.16354400866017,334,NA,NA,NA,NA,NA,NA,NA,NA,NA,NA,NA,NA,NA,230.8,44.374162706,-79.679243388,1.00515,9.04,229,27,14.4108
344,1.40948,90,170,"2026-08-09_AFIOS",4.1438753522294,339,NA,NA,NA,NA,NA,NA,NA,NA,NA,NA,NA,NA,NA,230.8,44.374171423,-79.679292673,1.00515,9.08,228,27,14.4792
345,1.41352,90,170,"2026-08-09_AFIOS",4.12541254125412,344,NA,NA,NA,NA,NA,NA,NA,NA,NA,NA,NA,NA,NA,230.8,44.374176871,-79.679343467,1.00515,9.08,228,27,14.544
346,1.41754,89,172,"2026-08-09_AFIOS",4.15420405450316,349,NA,NA,NA,NA,NA,NA,NA,NA,NA,NA,NA,NA,NA,230.8,44.374183996,-79.679397363,1.50766,9.22,231,27,14.4432
347,1.4215,89,172,"2026-08-09_AFIOS",4.20238695579089,352,NA,NA,NA,NA,NA,NA,NA,NA,NA,NA,NA,NA,NA,230.8,44.374184583,-79.6794469,2.01144,9.19,232,27,14.2776
348,1.42546,89,171,"2026-08-09_AFIOS",4.21300977418268,351,NA,NA,NA,NA,NA,NA,NA,NA,NA,NA,NA,NA,NA,231,44.3741876,-79.6795044,2.51649,9.18,232,27,14.2416
349,1.42939,89,172,"2026-08-09_AFIOS",4.24304141208418,355,NA,NA,NA,NA,NA,NA,NA,NA,NA,NA,NA,NA,NA,231,44.374183158,-79.679552764,2.00758,9.15,233,27,14.1408
350,1.43332,89,172,"2026-08-09_AFIOS",4.2322668020992,351,NA,NA,NA,NA,NA,NA,NA,NA,NA,NA,NA,NA,NA,231.4,44.374180811,-79.679609258,3.02539,9.15,233,27,14.1768
351,1.43728,89,172,"2026-08-09_AFIOS",4.21300977418268,344,NA,NA,NA,NA,NA,NA,NA,NA,NA,NA,NA,NA,NA,231.4,44.374171255,-79.679652424,2.52162,9.18,232,27,14.2416
352,1.44129,89,172,"2026-08-09_AFIOS",4.15420405450316,347,NA,NA,NA,NA,NA,NA,NA,NA,NA,NA,NA,NA,NA,231.6,44.374161113,-79.679703051,2.52162,9.22,231,27,14.4432
353,1.44533,89,172,"2026-08-09_AFIOS",4.12541254125412,349,NA,NA,NA,NA,NA,NA,NA,NA,NA,NA,NA,NA,NA,231.4,44.374144517,-79.679742446,1.52657,9.26,230,27,14.544
354,1.44941,90,172,"2026-08-09_AFIOS",4.08697073728952,350,NA,NA,NA,NA,NA,NA,NA,NA,NA,NA,NA,NA,NA,231.4,44.374128256,-79.679793492,1.52657,9.12,227,27,14.6808
355,1.4535,90,171,"2026-08-09_AFIOS",4.07797080172906,350,NA,NA,NA,NA,NA,NA,NA,NA,NA,NA,NA,NA,NA,231,44.374109313,-79.679831965,0.548571,9.12,227,27,14.7132
356,1.4576,89,171,"2026-08-09_AFIOS",4.05910050332846,352,NA,NA,NA,NA,NA,NA,NA,NA,NA,NA,NA,NA,NA,231.2,44.374088945,-79.679887201,1.03638,9.33,228,27,14.7816
357,1.46169,89,171,"2026-08-09_AFIOS",4.07797080172906,351,NA,NA,NA,NA,NA,NA,NA,NA,NA,NA,NA,NA,NA,231.2,44.374068242,-79.679920813,1.03638,9.3,229,27,14.7132
358,1.4658,89,170,"2026-08-09_AFIOS",4.05022276225192,349,NA,NA,NA,NA,NA,NA,NA,NA,NA,NA,NA,NA,NA,231.4,44.374042342,-79.679963561,1.01794,9.33,228,27,14.814
359,1.46995,90,169,"2026-08-09_AFIOS",4.02284978678896,350,NA,NA,NA,NA,NA,NA,NA,NA,NA,NA,NA,NA,NA,231.6,44.374017615,-79.67999164,1.49987,9.19,225,27,14.9148
360,1.47408,90,169,"2026-08-09_AFIOS",4.03258327284458,353,NA,NA,NA,NA,NA,NA,NA,NA,NA,NA,NA,NA,NA,231.8,44.373990122,-79.680036232,0.966321,9.19,225,27,14.8788
361,1.47818,90,170,"2026-08-09_AFIOS",4.06901041666667,354,NA,NA,NA,NA,NA,NA,NA,NA,NA,NA,NA,NA,NA,231.8,44.373963719,-79.680067832,0.966321,9.15,226,27,14.7456
362,1.48231,90,170,"2026-08-09_AFIOS",4.03258327284458,353,NA,NA,NA,NA,NA,NA,NA,NA,NA,NA,NA,NA,NA,232,44.373942346,-79.680116027,0.951829,9.19,225,26,14.8788
363,1.48644,90,170,"2026-08-09_AFIOS",4.03258327284458,355,NA,NA,NA,NA,NA,NA,NA,NA,NA,NA,NA,NA,NA,232,44.373927426,-79.68015844,1.44688,9.19,225,27,14.8788
364,1.49055,90,169,"2026-08-09_AFIOS",4.05910050332846,355,NA,NA,NA,NA,NA,NA,NA,NA,NA,NA,NA,NA,NA,231.8,44.373920385,-79.680212671,0.96026,9.19,225,26,14.7816
365,1.49465,89,169,"2026-08-09_AFIOS",4.06901041666667,355,NA,NA,NA,NA,NA,NA,NA,NA,NA,NA,NA,NA,NA,231.8,44.373916948,-79.680262292,1.93826,9.33,228,26,14.7456
366,1.49874,88,169,"2026-08-09_AFIOS",4.06901041666667,353,NA,NA,NA,NA,NA,NA,NA,NA,NA,NA,NA,NA,NA,231.8,44.373917954,-79.680317193,1.45045,9.49,231,26,14.7456
367,1.50282,88,169,"2026-08-09_AFIOS",4.08697073728952,354,NA,NA,NA,NA,NA,NA,NA,NA,NA,NA,NA,NA,NA,231.8,44.373918792,-79.680367485,1.45045,9.48,231,26,14.6808
368,1.50688,88,169,"2026-08-09_AFIOS",4.10610166707728,352,NA,NA,NA,NA,NA,NA,NA,NA,NA,NA,NA,NA,NA,232,44.373924241,-79.680420458,1.45644,9.48,231,26,14.6124
369,1.51096,88,169,"2026-08-09_AFIOS",4.07797080172906,355,NA,NA,NA,NA,NA,NA,NA,NA,NA,NA,NA,NA,NA,232,44.373930695,-79.680472594,0.974516,9.45,232,26,14.7132
370,1.51506,89,169,"2026-08-09_AFIOS",4.06901041666667,352,NA,NA,NA,NA,NA,NA,NA,NA,NA,NA,NA,NA,NA,232,44.373938658,-79.680523891,0.490254,9.3,229,26,14.7456
371,1.51918,89,170,"2026-08-09_AFIOS",4.05022276225192,350,NA,NA,NA,NA,NA,NA,NA,NA,NA,NA,NA,NA,NA,232,44.373945279,-79.68057259,0.490254,9.33,228,26,14.814
372,1.52329,89,170,"2026-08-09_AFIOS",4.05022276225192,351,NA,NA,NA,NA,NA,NA,NA,NA,NA,NA,NA,NA,NA,232,44.373952404,-79.680623971,0,9.33,228,26,14.814
373,1.52737,90,170,"2026-08-09_AFIOS",4.08697073728952,352,NA,NA,NA,NA,NA,NA,NA,NA,NA,NA,NA,NA,NA,232.2,44.373954332,-79.680673256,0.496189,9.15,226,26,14.6808
374,1.53145,89,170,"2026-08-09_AFIOS",4.07797080172906,351,NA,NA,NA,NA,NA,NA,NA,NA,NA,NA,NA,NA,NA,232.2,44.373959948,-79.680724386,0.982807,9.3,229,26,14.7132
375,1.53555,90,170,"2026-08-09_AFIOS",4.06901041666667,351,NA,NA,NA,NA,NA,NA,NA,NA,NA,NA,NA,NA,NA,232.4,44.373964222,-79.680773755,1.47061,9.12,227,26,14.7456
376,1.53965,90,170,"2026-08-09_AFIOS",4.06901041666667,353,NA,NA,NA,NA,NA,NA,NA,NA,NA,NA,NA,NA,NA,232.4,44.373969,-79.680826226,1.47061,9.15,226,26,14.7456
377,1.5437,90,169,"2026-08-09_AFIOS",4.11522633744856,352,NA,NA,NA,NA,NA,NA,NA,NA,NA,NA,NA,NA,NA,232.6,44.373973694,-79.680876015,1.96444,9.08,228,26,14.58
378,1.54771,90,169,"2026-08-09_AFIOS",4.15420405450316,349,NA,NA,NA,NA,NA,NA,NA,NA,NA,NA,NA,NA,NA,232.6,44.37397713,-79.680925719,1.47183,9.05,229,26,14.4432
379,1.5517,90,169,"2026-08-09_AFIOS",4.17292605575029,344,NA,NA,NA,NA,NA,NA,NA,NA,NA,NA,NA,NA,NA,232.6,44.37398459,-79.680975759,1.47183,9.04,229,26,14.3784
380,1.55565,89,169,"2026-08-09_AFIOS",4.22261633307998,344,NA,NA,NA,NA,NA,NA,NA,NA,NA,NA,NA,NA,NA,232.6,44.373989117,-79.68102253,1.47183,9.18,232,26,14.2092
381,1.55957,89,169,"2026-08-09_AFIOS",4.25278557455133,340,NA,NA,NA,NA,NA,NA,NA,NA,NA,NA,NA,NA,NA,232.6,44.373996744,-79.681075252,1.47183,9.15,233,26,14.1084
382,1.56348,89,168,"2026-08-09_AFIOS",4.26257459505541,341,NA,NA,NA,NA,NA,NA,NA,NA,NA,NA,NA,NA,NA,232.4,44.374009401,-79.681122443,0.960319,9.15,233,26,14.076
383,1.56746,89,168,"2026-08-09_AFIOS",4.18340026773762,342,NA,NA,NA,NA,NA,NA,NA,NA,NA,NA,NA,NA,NA,232.6,44.374032535,-79.68116519,0.972636,9.22,231,26,14.3424
384,1.57149,90,168,"2026-08-09_AFIOS",4.13462333581411,345,NA,NA,NA,NA,NA,NA,NA,NA,NA,NA,NA,NA,NA,232.6,44.374054244,-79.681205926,0.972636,9.08,228,26,14.5116
385,1.57558,90,169,"2026-08-09_AFIOS",4.07797080172906,345,NA,NA,NA,NA,NA,NA,NA,NA,NA,NA,NA,NA,NA,232.8,44.374088107,-79.68123761,0.973828,9.12,227,26,14.7132
386,1.57971,90,172,"2026-08-09_AFIOS",4.03258327284458,351,NA,NA,NA,NA,NA,NA,NA,NA,NA,NA,NA,NA,NA,232.8,44.374114929,-79.681271473,0.973828,9.19,225,26,14.8788
387,1.58387,90,173,"2026-08-09_AFIOS",4.00544740847553,352,NA,NA,NA,NA,NA,NA,NA,NA,NA,NA,NA,NA,NA,232.8,44.374154324,-79.681301648,0.480001,9.19,225,26,14.9796
388,1.58807,89,172,"2026-08-09_AFIOS",3.96919901563864,355,NA,NA,NA,NA,NA,NA,NA,NA,NA,NA,NA,NA,NA,232.6,44.374180392,-79.681330984,0,9.41,226,26,15.1164
389,1.5923,89,172,"2026-08-09_AFIOS",3.94290671082722,358,NA,NA,NA,NA,NA,NA,NA,NA,NA,NA,NA,NA,NA,232.6,44.374218781,-79.681363422,0,9.44,225,26,15.2172
390,1.59656,88,172,"2026-08-09_AFIOS",3.90869293308318,364,NA,NA,NA,NA,NA,NA,NA,NA,NA,NA,NA,NA,NA,232.4,44.374243675,-79.681398794,-0.465673,9.67,226,26,15.3504
391,1.60087,88,172,"2026-08-09_AFIOS",3.87506781368674,367,NA,NA,NA,NA,NA,NA,NA,NA,NA,NA,NA,NA,NA,232.4,44.374268653,-79.681447074,-0.465673,9.7,225,26,15.4836
392,1.60519,87,173,"2026-08-09_AFIOS",3.85802469135802,369,NA,NA,NA,NA,NA,NA,NA,NA,NA,NA,NA,NA,NA,232.2,44.374279382,-79.681495605,-0.417127,9.9,227,26,15.552
393,1.60951,88,172,"2026-08-09_AFIOS",3.85802469135802,372,NA,NA,NA,NA,NA,NA,NA,NA,NA,NA,NA,NA,NA,232.2,44.374291033,-79.681550842,-0.919639,9.7,225,26,15.552
394,1.6138,88,172,"2026-08-09_AFIOS",3.88319353836595,370,NA,NA,NA,NA,NA,NA,NA,NA,NA,NA,NA,NA,NA,232,44.374292541,-79.681600882,-1.38584,9.7,225,26,15.4512
395,1.61807,88,172,"2026-08-09_AFIOS",3.90046025431001,365,NA,NA,NA,NA,NA,NA,NA,NA,NA,NA,NA,NA,NA,231.8,44.374295894,-79.681655699,-2.34322,9.67,226,26,15.3828
396,1.62234,89,172,"2026-08-09_AFIOS",3.90869293308318,363,NA,NA,NA,NA,NA,NA,NA,NA,NA,NA,NA,NA,NA,231.6,44.374294972,-79.681709176,-2.81161,9.48,224,26,15.3504
397,1.6266,89,172,"2026-08-09_AFIOS",3.90869293308318,360,NA,NA,NA,NA,NA,NA,NA,NA,NA,NA,NA,NA,NA,231.6,44.374295056,-79.681760222,-2.81161,9.48,224,26,15.3504
398,1.63085,89,172,"2026-08-09_AFIOS",3.92618767177071,360,NA,NA,NA,NA,NA,NA,NA,NA,NA,NA,NA,NA,NA,231.6,44.374296481,-79.681810848,-2.33542,9.48,224,26,15.282
399,1.63507,89,172,"2026-08-09_AFIOS",3.94290671082722,357,NA,NA,NA,NA,NA,NA,NA,NA,NA,NA,NA,NA,NA,231.6,44.374299163,-79.681861391,-2.33542,9.48,224,26,15.2172
400,1.63926,89,172,"2026-08-09_AFIOS",3.97867430572133,353,NA,NA,NA,NA,NA,NA,NA,NA,NA,NA,NA,NA,NA,231.8,44.374297152,-79.681912856,-1.3886,9.44,225,26,15.0804
401,1.64343,90,173,"2026-08-09_AFIOS",3.99584432190522,349,NA,NA,NA,NA,NA,NA,NA,NA,NA,NA,NA,NA,NA,231.8,44.37429866,-79.681966416,-1.3886,9.22,224,26,15.0156
402,1.64758,90,173,"2026-08-09_AFIOS",4.02284978678896,349,NA,NA,NA,NA,NA,NA,NA,NA,NA,NA,NA,NA,NA,231.8,44.374298912,-79.682018803,-0.925642,9.22,224,26,14.9148
403,1.65169,90,171,"2026-08-09_AFIOS",4.05022276225192,345,NA,NA,NA,NA,NA,NA,NA,NA,NA,NA,NA,NA,NA,231.8,44.374299918,-79.682070436,-0.925642,9.19,225,26,14.814
404,1.6558,90,170,"2026-08-09_AFIOS",4.05910050332846,341,NA,NA,NA,NA,NA,NA,NA,NA,NA,NA,NA,NA,NA,231.6,44.374295475,-79.682117961,-0.946059,9.15,226,26,14.7816
405,1.65993,90,170,"2026-08-09_AFIOS",4.03258327284458,339,NA,NA,NA,NA,NA,NA,NA,NA,NA,NA,NA,NA,NA,231.6,44.374296481,-79.682168756,-0.477675,9.15,226,26,14.8788
406,1.66406,90,171,"2026-08-09_AFIOS",4.03258327284458,339,NA,NA,NA,NA,NA,NA,NA,NA,NA,NA,NA,NA,NA,231.6,44.374297822,-79.682221394,0,9.19,225,26,14.8788
407,1.66821,89,171,"2026-08-09_AFIOS",4.02284978678896,334,NA,NA,NA,NA,NA,NA,NA,NA,NA,NA,NA,NA,NA,231.6,44.374297906,-79.682270512,0,9.37,227,26,14.9148
408,1.67233,89,171,"2026-08-09_AFIOS",4.04138376980278,331,NA,NA,NA,NA,NA,NA,NA,NA,NA,NA,NA,NA,NA,231.6,44.374297822,-79.682321222,0,9.37,227,25,14.8464
409,1.67645,89,172,"2026-08-09_AFIOS",4.04138376980278,330,NA,NA,NA,NA,NA,NA,NA,NA,NA,NA,NA,NA,NA,231.6,44.374298074,-79.682369418,0,9.33,228,26,14.8464
410,1.68058,89,173,"2026-08-09_AFIOS",4.04138376980278,331,NA,NA,NA,NA,NA,NA,NA,NA,NA,NA,NA,NA,NA,231.6,44.374299918,-79.682421218,-0.486618,9.33,228,25,14.8464
411,1.68458,89,172,"2026-08-09_AFIOS",4.16354400866017,338,NA,NA,NA,NA,NA,NA,NA,NA,NA,NA,NA,NA,NA,231.6,44.374299415,-79.682469247,-0.486618,9.22,231,26,14.4108
412,1.68858,90,172,"2026-08-09_AFIOS",4.16354400866017,335,NA,NA,NA,NA,NA,NA,NA,NA,NA,NA,NA,NA,NA,231.6,44.374301342,-79.682522723,-0.486618,9.04,229,26,14.4108
413,1.69259,90,172,"2026-08-09_AFIOS",4.16354400866017,329,NA,NA,NA,NA,NA,NA,NA,NA,NA,NA,NA,NA,NA,231.6,44.374300672,-79.682571003,-0.486618,9.04,229,25,14.4108
414,1.69657,90,172,"2026-08-09_AFIOS",4.18340026773762,331,NA,NA,NA,NA,NA,NA,NA,NA,NA,NA,NA,NA,NA,231.8,44.37430151,-79.682625569,0.502513,9.04,229,25,14.3424
415,1.70054,90,172,"2026-08-09_AFIOS",4.20238695579089,332,NA,NA,NA,NA,NA,NA,NA,NA,NA,NA,NA,NA,NA,231.8,44.374301091,-79.682674184,0.502513,9.01,230,25,14.2776
416,1.70454,89,172,"2026-08-09_AFIOS",4.16354400866017,336,NA,NA,NA,NA,NA,NA,NA,NA,NA,NA,NA,NA,NA,231.8,44.374303019,-79.682729589,0.502513,9.22,231,25,14.4108
417,1.70856,89,172,"2026-08-09_AFIOS",4.1438753522294,338,NA,NA,NA,NA,NA,NA,NA,NA,NA,NA,NA,NA,NA,231.8,44.374300169,-79.682778623,0.502513,9.26,230,25,14.4792
418,1.71254,89,173,"2026-08-09_AFIOS",4.19287211740042,339,NA,NA,NA,NA,NA,NA,NA,NA,NA,NA,NA,NA,NA,231.6,44.37430151,-79.682830423,0,9.19,232,25,14.31
419,1.71656,89,173,"2026-08-09_AFIOS",4.1438753522294,333,NA,NA,NA,NA,NA,NA,NA,NA,NA,NA,NA,NA,NA,231.6,44.374301594,-79.682882055,0,9.26,230,25,14.4792
420,1.72062,90,173,"2026-08-09_AFIOS",4.10610166707728,336,NA,NA,NA,NA,NA,NA,NA,NA,NA,NA,NA,NA,NA,231.4,44.374304025,-79.682936873,-0.492611,9.12,227,25,14.6124
421,1.72468,90,172,"2026-08-09_AFIOS",4.09701737135365,336,NA,NA,NA,NA,NA,NA,NA,NA,NA,NA,NA,NA,NA,231.2,44.374303438,-79.682989428,-0.985222,9.12,227,25,14.6448
422,1.72883,90,171,"2026-08-09_AFIOS",4.02284978678896,335,NA,NA,NA,NA,NA,NA,NA,NA,NA,NA,NA,NA,NA,231.2,44.374305366,-79.683042653,-0.985222,9.19,225,25,14.9148
423,1.73301,91,171,"2026-08-09_AFIOS",3.98724082934609,339,NA,NA,NA,NA,NA,NA,NA,NA,NA,NA,NA,NA,NA,231,44.374307461,-79.683096967,-1.46369,9.05,222,25,15.048
424,1.73717,91,172,"2026-08-09_AFIOS",4.00544740847553,343,NA,NA,NA,NA,NA,NA,NA,NA,NA,NA,NA,NA,NA,231,44.374307126,-79.683146421,-1.9662,9.01,223,25,14.9796
425,1.74131,91,172,"2026-08-09_AFIOS",4.02284978678896,342,NA,NA,NA,NA,NA,NA,NA,NA,NA,NA,NA,NA,NA,231,44.374311317,-79.683199478,-1.9662,9.01,223,25,14.9148
426,1.7455,91,172,"2026-08-09_AFIOS",3.97867430572133,341,NA,NA,NA,NA,NA,NA,NA,NA,NA,NA,NA,NA,NA,231,44.374313245,-79.683250272,-1.9662,9.05,222,25,15.0804
427,1.74968,91,171,"2026-08-09_AFIOS",3.98724082934609,343,NA,NA,NA,NA,NA,NA,NA,NA,NA,NA,NA,NA,NA,231.2,44.374318944,-79.683300396,-1.48773,9.05,222,25,15.048
428,1.75384,91,172,"2026-08-09_AFIOS",4.00544740847553,344,NA,NA,NA,NA,NA,NA,NA,NA,NA,NA,NA,NA,NA,231.2,44.374319112,-79.683349011,-0.985222,9.01,223,25,14.9796
429,1.75801,91,173,"2026-08-09_AFIOS",3.99584432190522,342,NA,NA,NA,NA,NA,NA,NA,NA,NA,NA,NA,NA,NA,231.2,44.374323471,-79.683399638,-0.985222,9.05,222,25,15.0156
430,1.7622,90,173,"2026-08-09_AFIOS",3.97867430572133,341,NA,NA,NA,NA,NA,NA,NA,NA,NA,NA,NA,NA,NA,231,44.374320286,-79.683450684,-0.969938,9.22,224,25,15.0804
431,1.76635,90,174,"2026-08-09_AFIOS",4.01412973667309,342,NA,NA,NA,NA,NA,NA,NA,NA,NA,NA,NA,NA,NA,231,44.374322884,-79.683505921,-0.477327,9.19,225,25,14.9472
432,1.77048,90,173,"2026-08-09_AFIOS",4.04138376980278,340,NA,NA,NA,NA,NA,NA,NA,NA,NA,NA,NA,NA,NA,231,44.374324225,-79.683557302,-0.477327,9.15,226,25,14.8464
433,1.77464,90,173,"2026-08-09_AFIOS",4.00544740847553,339,NA,NA,NA,NA,NA,NA,NA,NA,NA,NA,NA,NA,NA,231,44.374329673,-79.683612706,0,9.19,225,25,14.9796
434,1.77879,90,173,"2026-08-09_AFIOS",4.01412973667309,340,NA,NA,NA,NA,NA,NA,NA,NA,NA,NA,NA,NA,NA,231,44.374330428,-79.683666769,0,9.22,224,25,14.9472
435,1.78293,90,172,"2026-08-09_AFIOS",4.03258327284458,343,NA,NA,NA,NA,NA,NA,NA,NA,NA,NA,NA,NA,NA,231,44.374333194,-79.68372033,0,9.19,225,25,14.8788
436,1.78707,90,172,"2026-08-09_AFIOS",4.02284978678896,344,NA,NA,NA,NA,NA,NA,NA,NA,NA,NA,NA,NA,NA,231,44.374333026,-79.683768274,0,9.19,225,25,14.9148
437,1.79117,90,173,"2026-08-09_AFIOS",4.05910050332846,345,NA,NA,NA,NA,NA,NA,NA,NA,NA,NA,NA,NA,NA,231,44.374334367,-79.683818063,-0.477327,9.19,225,25,14.7816
438,1.79528,90,172,"2026-08-09_AFIOS",4.05910050332846,346,NA,NA,NA,NA,NA,NA,NA,NA,NA,NA,NA,NA,NA,231,44.374333026,-79.683868186,-0.477327,9.15,226,25,14.7816
439,1.79937,89,172,"2026-08-09_AFIOS",4.07797080172906,346,NA,NA,NA,NA,NA,NA,NA,NA,NA,NA,NA,NA,NA,230.8,44.37433378,-79.683919651,-0.966325,9.3,229,25,14.7132
440,1.80347,89,172,"2026-08-09_AFIOS",4.05910050332846,345,NA,NA,NA,NA,NA,NA,NA,NA,NA,NA,NA,NA,NA,230.8,44.374333445,-79.683973547,-0.488998,9.3,229,25,14.7816
441,1.80761,89,171,"2026-08-09_AFIOS",4.02284978678896,347,NA,NA,NA,NA,NA,NA,NA,NA,NA,NA,NA,NA,NA,230.8,44.374332858,-79.684027275,-0.488998,9.33,228,25,14.9148
442,1.81176,89,171,"2026-08-09_AFIOS",4.02284978678896,349,NA,NA,NA,NA,NA,NA,NA,NA,NA,NA,NA,NA,NA,230.8,44.37433378,-79.684080249,-0.488998,9.37,227,25,14.9148
443,1.81589,90,171,"2026-08-09_AFIOS",4.03258327284458,352,NA,NA,NA,NA,NA,NA,NA,NA,NA,NA,NA,NA,NA,230.8,44.37433378,-79.684131965,-0.488998,9.19,225,25,14.8788
444,1.82003,90,171,"2026-08-09_AFIOS",4.02284978678896,350,NA,NA,NA,NA,NA,NA,NA,NA,NA,NA,NA,NA,NA,230.8,44.374334451,-79.684184771,-0.488998,9.19,225,25,14.9148
445,1.82416,90,171,"2026-08-09_AFIOS",4.04138376980278,347,NA,NA,NA,NA,NA,NA,NA,NA,NA,NA,NA,NA,NA,230.8,44.374334786,-79.684239589,-0.488998,9.15,226,25,14.8464
446,1.82828,89,171,"2026-08-09_AFIOS",4.04138376980278,346,NA,NA,NA,NA,NA,NA,NA,NA,NA,NA,NA,NA,NA,230.8,44.374333613,-79.684289712,-0.488998,9.33,228,25,14.8464
447,1.8324,90,171,"2026-08-09_AFIOS",4.05022276225192,346,NA,NA,NA,NA,NA,NA,NA,NA,NA,NA,NA,NA,NA,230.8,44.374332523,-79.684339166,-0.488998,9.15,226,25,14.814
448,1.83656,89,171,"2026-08-09_AFIOS",4.00544740847553,346,NA,NA,NA,NA,NA,NA,NA,NA,NA,NA,NA,NA,NA,230.8,44.374332523,-79.684391469,-0.488998,9.19,225,25,14.9796
449,1.84075,89,171,"2026-08-09_AFIOS",3.97867430572133,348,NA,NA,NA,NA,NA,NA,NA,NA,NA,NA,NA,NA,NA,230.8,44.374331182,-79.684444191,0,9.41,226,25,15.0804
450,1.84499,90,172,"2026-08-09_AFIOS",3.92618767177071,353,NA,NA,NA,NA,NA,NA,NA,NA,NA,NA,NA,NA,NA,230.8,44.374329422,-79.684499008,0,9.29,222,25,15.282
451,1.84919,90,172,"2026-08-09_AFIOS",3.96919901563864,355,NA,NA,NA,NA,NA,NA,NA,NA,NA,NA,NA,NA,NA,230.8,44.374325901,-79.684549048,0,9.22,224,25,15.1164
452,1.85338,90,172,"2026-08-09_AFIOS",3.97867430572133,352,NA,NA,NA,NA,NA,NA,NA,NA,NA,NA,NA,NA,NA,230.8,44.374325482,-79.684602022,0,9.22,224,25,15.0804
453,1.85756,90,172,"2026-08-09_AFIOS",3.98724082934609,349,NA,NA,NA,NA,NA,NA,NA,NA,NA,NA,NA,NA,NA,230.8,44.37432565,-79.684650972,0,9.22,224,25,15.048
454,1.86171,90,172,"2026-08-09_AFIOS",4.02284978678896,348,NA,NA,NA,NA,NA,NA,NA,NA,NA,NA,NA,NA,NA,230.8,44.374325818,-79.684704784,0,9.19,225,25,14.9148
455,1.86579,90,172,"2026-08-09_AFIOS",4.07797080172906,343,NA,NA,NA,NA,NA,NA,NA,NA,NA,NA,NA,NA,NA,230.8,44.37432674,-79.684754405,0,9.12,227,25,14.7132
456,1.86991,90,172,"2026-08-09_AFIOS",4.05022276225192,340,NA,NA,NA,NA,NA,NA,NA,NA,NA,NA,NA,NA,NA,230.8,44.374327662,-79.68480939,0,9.15,226,25,14.814
457,1.87403,90,172,"2026-08-09_AFIOS",4.04138376980278,344,NA,NA,NA,NA,NA,NA,NA,NA,NA,NA,NA,NA,NA,230.6,44.37432389,-79.684860017,-0.485437,9.15,226,25,14.8464
458,1.87817,90,172,"2026-08-09_AFIOS",4.02284978678896,346,NA,NA,NA,NA,NA,NA,NA,NA,NA,NA,NA,NA,NA,230.4,44.37432674,-79.684916595,-0.968529,9.19,225,25,14.9148
459,1.88234,90,172,"2026-08-09_AFIOS",3.99584432190522,348,NA,NA,NA,NA,NA,NA,NA,NA,NA,NA,NA,NA,NA,230.4,44.374323555,-79.684967389,-0.968529,9.22,224,25,15.0156
460,1.88652,90,171,"2026-08-09_AFIOS",3.98724082934609,350,NA,NA,NA,NA,NA,NA,NA,NA,NA,NA,NA,NA,NA,230.2,44.374329003,-79.685025308,-1.447,9.22,224,25,15.048
461,1.89073,90,171,"2026-08-09_AFIOS",3.96070975918885,349,NA,NA,NA,NA,NA,NA,NA,NA,NA,NA,NA,NA,NA,230.2,44.37432565,-79.685077276,-1.447,9.26,223,25,15.1488
462,1.89494,89,172,"2026-08-09_AFIOS",3.96919901563864,350,NA,NA,NA,NA,NA,NA,NA,NA,NA,NA,NA,NA,NA,230.4,44.374330344,-79.685133267,-0.971938,9.41,226,25,15.1164
463,1.89914,89,172,"2026-08-09_AFIOS",3.96070975918885,348,NA,NA,NA,NA,NA,NA,NA,NA,NA,NA,NA,NA,NA,230.2,44.374329422,-79.685181044,-1.44813,9.44,225,25,15.1488
464,1.90335,90,172,"2026-08-09_AFIOS",3.96070975918885,347,NA,NA,NA,NA,NA,NA,NA,NA,NA,NA,NA,NA,NA,230.2,44.374335541,-79.685235945,-1.44813,9.26,223,25,15.1488
465,1.90756,90,172,"2026-08-09_AFIOS",3.96070975918885,345,NA,NA,NA,NA,NA,NA,NA,NA,NA,NA,NA,NA,NA,230,44.374335876,-79.685283638,-1.92319,9.26,223,25,15.1488
466,1.91173,90,172,"2026-08-09_AFIOS",3.99584432190522,345,NA,NA,NA,NA,NA,NA,NA,NA,NA,NA,NA,NA,NA,230,44.374340486,-79.685338707,-1.92319,9.22,224,25,15.0156
467,1.9159,90,172,"2026-08-09_AFIOS",3.99584432190522,343,NA,NA,NA,NA,NA,NA,NA,NA,NA,NA,NA,NA,NA,230,44.374341576,-79.68538573,-1.43775,9.22,224,25,15.0156
468,1.92004,91,172,"2026-08-09_AFIOS",4.02284978678896,345,NA,NA,NA,NA,NA,NA,NA,NA,NA,NA,NA,NA,NA,229.8,44.374343001,-79.685439961,-1.43775,9.05,222,25,14.9148
469,1.9242,91,172,"2026-08-09_AFIOS",4.00544740847553,345,NA,NA,NA,NA,NA,NA,NA,NA,NA,NA,NA,NA,NA,229.6,44.374343084,-79.685489414,-1.91852,9.01,223,25,14.9796
470,1.92834,91,173,"2026-08-09_AFIOS",4.03258327284458,345,NA,NA,NA,NA,NA,NA,NA,NA,NA,NA,NA,NA,NA,229.6,44.374346521,-79.685542304,-1.44005,9.01,223,25,14.8788
471,1.93249,91,173,"2026-08-09_AFIOS",4.01412973667309,349,NA,NA,NA,NA,NA,NA,NA,NA,NA,NA,NA,NA,NA,229.8,44.374347694,-79.685592512,-0.958124,9.01,223,25,14.9472
472,1.93663,91,172,"2026-08-09_AFIOS",4.02284978678896,347,NA,NA,NA,NA,NA,NA,NA,NA,NA,NA,NA,NA,NA,229.8,44.374351718,-79.685645904,-1.43318,9.01,223,25,14.9148
473,1.94078,90,171,"2026-08-09_AFIOS",4.01412973667309,347,NA,NA,NA,NA,NA,NA,NA,NA,NA,NA,NA,NA,NA,229.8,44.374353059,-79.685695525,-0.956993,9.19,225,25,14.9472
474,1.9449,90,171,"2026-08-09_AFIOS",4.05022276225192,345,NA,NA,NA,NA,NA,NA,NA,NA,NA,NA,NA,NA,NA,229.8,44.374358172,-79.685750594,-0.956993,9.19,225,24,14.814
475,1.94902,90,171,"2026-08-09_AFIOS",4.04138376980278,346,NA,NA,NA,NA,NA,NA,NA,NA,NA,NA,NA,NA,NA,229.8,44.374358088,-79.685800969,-0.481933,9.15,226,25,14.8464
476,1.9531,90,170,"2026-08-09_AFIOS",4.08697073728952,343,NA,NA,NA,NA,NA,NA,NA,NA,NA,NA,NA,NA,NA,229.6,44.374362363,-79.685853021,-0.972129,9.15,226,24,14.6808
477,1.95716,90,171,"2026-08-09_AFIOS",4.10610166707728,344,NA,NA,NA,NA,NA,NA,NA,NA,NA,NA,NA,NA,NA,229.6,44.374369739,-79.685902223,-0.972129,9.12,227,25,14.6124
478,1.96122,90,172,"2026-08-09_AFIOS",4.10610166707728,343,NA,NA,NA,NA,NA,NA,NA,NA,NA,NA,NA,NA,NA,229.4,44.374378791,-79.685954861,-0.981648,9.12,227,25,14.6124
479,1.9653,91,171,"2026-08-09_AFIOS",4.07797080172906,342,NA,NA,NA,NA,NA,NA,NA,NA,NA,NA,NA,NA,NA,229.4,44.374388263,-79.686004314,-0.500879,8.94,225,24,14.7132
480,1.96942,91,171,"2026-08-09_AFIOS",4.05022276225192,345,NA,NA,NA,NA,NA,NA,NA,NA,NA,NA,NA,NA,NA,229.4,44.374396226,-79.686053768,-0.500879,8.98,224,25,14.814
481,1.97355,91,171,"2026-08-09_AFIOS",4.03258327284458,348,NA,NA,NA,NA,NA,NA,NA,NA,NA,NA,NA,NA,NA,229.4,44.374408715,-79.686107496,-0.982807,9.01,223,24,14.8788
482,1.97769,91,171,"2026-08-09_AFIOS",4.03258327284458,349,NA,NA,NA,NA,NA,NA,NA,NA,NA,NA,NA,NA,NA,229.6,44.374420701,-79.686159296,-0.499715,9.01,223,24,14.8788
483,1.98187,91,171,"2026-08-09_AFIOS",3.97867430572133,349,NA,NA,NA,NA,NA,NA,NA,NA,NA,NA,NA,NA,NA,229.6,44.37443319,-79.686208749,-0.499715,9.05,222,24,15.0804
484,1.98602,91,171,"2026-08-09_AFIOS",4.02284978678896,354,NA,NA,NA,NA,NA,NA,NA,NA,NA,NA,NA,NA,NA,229.6,44.3744435,-79.686255185,-0.499715,9.01,223,24,14.9148
485,1.99011,90,171,"2026-08-09_AFIOS",4.06901041666667,351,NA,NA,NA,NA,NA,NA,NA,NA,NA,NA,NA,NA,NA,229.6,44.37445515,-79.686301537,-0.499715,9.15,226,24,14.7456
486,1.99415,90,172,"2026-08-09_AFIOS",4.12541254125412,349,NA,NA,NA,NA,NA,NA,NA,NA,NA,NA,NA,NA,NA,229.6,44.374467388,-79.686349816,0,9.08,228,24,14.544
487,1.99818,90,172,"2026-08-09_AFIOS",4.1438753522294,345,NA,NA,NA,NA,NA,NA,NA,NA,NA,NA,NA,NA,NA,229.6,44.374478033,-79.686396587,0,9.08,228,24,14.4792
488,2.00213,89,172,"2026-08-09_AFIOS",4.21300977418268,343,NA,NA,NA,NA,NA,NA,NA,NA,NA,NA,NA,NA,NA,229.6,44.374490941,-79.686446963,0.483092,9.18,232,24,14.2416
489,2.0061,89,171,"2026-08-09_AFIOS",4.20238695579089,339,NA,NA,NA,NA,NA,NA,NA,NA,NA,NA,NA,NA,NA,229.4,44.374503011,-79.686491722,-0.0206866,9.19,232,24,14.2776
490,2.01006,89,172,"2026-08-09_AFIOS",4.20238695579089,339,NA,NA,NA,NA,NA,NA,NA,NA,NA,NA,NA,NA,NA,229.4,44.374522373,-79.686539918,-0.0206866,9.19,232,24,14.2776
491,2.01405,89,172,"2026-08-09_AFIOS",4.18340026773762,339,NA,NA,NA,NA,NA,NA,NA,NA,NA,NA,NA,NA,NA,229.4,44.374539891,-79.686583755,-0.0206866,9.22,231,24,14.3424
492,2.01806,90,171,"2026-08-09_AFIOS",4.15420405450316,344,NA,NA,NA,NA,NA,NA,NA,NA,NA,NA,NA,NA,NA,229.2,44.374560511,-79.686628599,-1.00253,9.22,231,24,14.4432
493,2.02205,90,172,"2026-08-09_AFIOS",4.17292605575029,346,NA,NA,NA,NA,NA,NA,NA,NA,NA,NA,NA,NA,NA,229.2,44.374578364,-79.686672939,-1.00253,9.04,229,24,14.3784
494,2.02605,90,172,"2026-08-09_AFIOS",4.17292605575029,346,NA,NA,NA,NA,NA,NA,NA,NA,NA,NA,NA,NA,NA,229.2,44.374599319,-79.686719123,-1.00253,9.04,229,24,14.3784
495,2.03003,90,172,"2026-08-09_AFIOS",4.18340026773762,346,NA,NA,NA,NA,NA,NA,NA,NA,NA,NA,NA,NA,NA,229.2,44.374614909,-79.686762541,-1.00253,9.04,229,24,14.3424
496,2.03403,90,172,"2026-08-09_AFIOS",4.16354400866017,346,NA,NA,NA,NA,NA,NA,NA,NA,NA,NA,NA,NA,NA,229.2,44.37463578,-79.686810318,-1.00253,9.04,229,24,14.4108
497,2.03804,90,173,"2026-08-09_AFIOS",4.16354400866017,349,NA,NA,NA,NA,NA,NA,NA,NA,NA,NA,NA,NA,NA,229.2,44.374651874,-79.686852731,-1.00253,9.04,229,24,14.4108
498,2.04207,90,172,"2026-08-09_AFIOS",4.13462333581411,348,NA,NA,NA,NA,NA,NA,NA,NA,NA,NA,NA,NA,NA,229.2,44.374674672,-79.686896233,-1.00253,9.08,228,24,14.5116
499,2.04613,90,172,"2026-08-09_AFIOS",4.10610166707728,348,NA,NA,NA,NA,NA,NA,NA,NA,NA,NA,NA,NA,NA,229.2,44.37469328,-79.686940573,-0.498753,9.12,227,24,14.6124
500,2.0502,90,172,"2026-08-09_AFIOS",4.08697073728952,349,NA,NA,NA,NA,NA,NA,NA,NA,NA,NA,NA,NA,NA,229.4,44.37471566,-79.686980974,0,9.12,227,24,14.6808
501,2.05434,90,172,"2026-08-09_AFIOS",4.03258327284458,347,NA,NA,NA,NA,NA,NA,NA,NA,NA,NA,NA,NA,NA,229.2,44.37473695,-79.687024895,-0.490444,9.19,225,24,14.8788
502,2.05846,90,172,"2026-08-09_AFIOS",4.04138376980278,351,NA,NA,NA,NA,NA,NA,NA,NA,NA,NA,NA,NA,NA,229.2,44.374759162,-79.687066302,0,9.15,226,24,14.8464
503,2.06258,90,171,"2026-08-09_AFIOS",4.05022276225192,352,NA,NA,NA,NA,NA,NA,NA,NA,NA,NA,NA,NA,NA,229.2,44.37478129,-79.687107876,0,9.19,225,24,14.814
504,2.06673,90,170,"2026-08-09_AFIOS",4.01412973667309,355,NA,NA,NA,NA,NA,NA,NA,NA,NA,NA,NA,NA,NA,229.2,44.37480543,-79.687148696,0,9.15,226,24,14.9472
505,2.07085,90,170,"2026-08-09_AFIOS",4.04138376980278,354,NA,NA,NA,NA,NA,NA,NA,NA,NA,NA,NA,NA,NA,229,44.374827642,-79.687191192,-0.477128,9.19,225,24,14.8464
506,2.075,90,171,"2026-08-09_AFIOS",4.02284978678896,356,NA,NA,NA,NA,NA,NA,NA,NA,NA,NA,NA,NA,NA,229,44.374850357,-79.687232934,-0.477128,9.15,226,24,14.9148
507,2.07918,90,172,"2026-08-09_AFIOS",3.98724082934609,353,NA,NA,NA,NA,NA,NA,NA,NA,NA,NA,NA,NA,NA,229.2,44.374871899,-79.68727543,0,9.19,225,24,15.048
508,2.0834,90,172,"2026-08-09_AFIOS",3.94290671082722,353,NA,NA,NA,NA,NA,NA,NA,NA,NA,NA,NA,NA,NA,229,44.374893272,-79.6873191,-0.472593,9.22,224,24,15.2172
509,2.08762,90,172,"2026-08-09_AFIOS",3.95225673859774,354,NA,NA,NA,NA,NA,NA,NA,NA,NA,NA,NA,NA,NA,229,44.374911964,-79.687362267,-0.472593,9.26,223,24,15.1812
510,2.09184,90,172,"2026-08-09_AFIOS",3.95225673859774,358,NA,NA,NA,NA,NA,NA,NA,NA,NA,NA,NA,NA,NA,229.2,44.37493141,-79.687404428,-0.49006,9.26,223,24,15.1812
511,2.09602,90,172,"2026-08-09_AFIOS",3.98724082934609,360,NA,NA,NA,NA,NA,NA,NA,NA,NA,NA,NA,NA,NA,229.4,44.374944989,-79.687443236,0.471501,9.22,224,24,15.048
512,2.10012,89,173,"2026-08-09_AFIOS",4.05910050332846,357,NA,NA,NA,NA,NA,NA,NA,NA,NA,NA,NA,NA,NA,229.6,44.374965105,-79.687485061,0.959306,9.15,226,24,14.7816
513,2.10412,89,173,"2026-08-09_AFIOS",4.17292605575029,352,NA,NA,NA,NA,NA,NA,NA,NA,NA,NA,NA,NA,NA,230.2,44.374971727,-79.687523534,2.45931,9.22,231,24,14.3784
514,2.10799,88,173,"2026-08-09_AFIOS",4.30440771349862,347,NA,NA,NA,NA,NA,NA,NA,NA,NA,NA,NA,NA,NA,230.6,44.374989329,-79.687569719,3.4929,9.25,237,24,13.9392
515,2.11175,88,173,"2026-08-09_AFIOS",4.43262411347518,338,NA,NA,NA,NA,NA,NA,NA,NA,NA,NA,NA,NA,NA,231,44.374992179,-79.687607353,5.04216,9.13,240,24,13.536
516,2.11543,88,173,"2026-08-09_AFIOS",4.53391367428364,346,NA,NA,NA,NA,NA,NA,NA,NA,NA,NA,NA,NA,NA,231.2,44.375004333,-79.687655298,5.58564,9.05,242,24,13.2336
517,2.11902,88,173,"2026-08-09_AFIOS",4.63994060876021,360,NA,NA,NA,NA,NA,NA,NA,NA,NA,NA,NA,NA,NA,231.4,44.375011541,-79.687698381,5.66428,9.05,242,24,12.9312
518,2.12258,88,173,"2026-08-09_AFIOS",4.67639356528245,371,NA,NA,NA,NA,NA,NA,NA,NA,NA,NA,NA,NA,NA,231.6,44.375021851,-79.687748672,6.70001,8.92,245,24,12.8304
519,2.12616,88,173,"2026-08-09_AFIOS",4.65159549725556,382,NA,NA,NA,NA,NA,NA,NA,NA,NA,NA,NA,NA,NA,231.6,44.375024617,-79.687793432,6.70001,8.96,244,24,12.8988
520,2.12981,88,173,"2026-08-09_AFIOS",4.5687134502924,387,NA,NA,NA,NA,NA,NA,NA,NA,NA,NA,NA,NA,NA,231.4,44.375031239,-79.687844561,5.67813,9.04,242,24,13.1328
521,2.13348,89,173,"2026-08-09_AFIOS",4.54504135987638,387,NA,NA,NA,NA,NA,NA,NA,NA,NA,NA,NA,NA,NA,231.4,44.375033586,-79.687890662,5.19966,8.87,240,24,13.2012
522,2.13722,90,174,"2026-08-09_AFIOS",4.45394619632995,377,NA,NA,NA,NA,NA,NA,NA,NA,NA,NA,NA,NA,NA,231.2,44.375036519,-79.687942127,4.1771,8.78,236,24,13.4712
523,2.14101,90,174,"2026-08-09_AFIOS",4.39985920450546,368,NA,NA,NA,NA,NA,NA,NA,NA,NA,NA,NA,NA,NA,231.2,44.375036854,-79.687989401,2.6771,8.82,235,24,13.6368
524,2.14483,89,175,"2026-08-09_AFIOS",4.3675751222921,359,NA,NA,NA,NA,NA,NA,NA,NA,NA,NA,NA,NA,NA,231.2,44.375039956,-79.688037345,1.6435,9.03,236,24,13.7376
525,2.14867,89,174,"2026-08-09_AFIOS",4.33576135969476,362,NA,NA,NA,NA,NA,NA,NA,NA,NA,NA,NA,NA,NA,231.2,44.375043141,-79.688087134,0.579675,9.07,235,24,13.8384
526,2.15257,89,173,"2026-08-09_AFIOS",4.27350427350427,364,NA,NA,NA,NA,NA,NA,NA,NA,NA,NA,NA,NA,NA,231.4,44.375048841,-79.688136,0.549017,9.11,234,24,14.04
527,2.15651,88,173,"2026-08-09_AFIOS",4.2322668020992,368,NA,NA,NA,NA,NA,NA,NA,NA,NA,NA,NA,NA,NA,231.6,44.37505454,-79.688184112,0.499528,9.33,235,24,14.1768
528,2.16047,89,173,"2026-08-09_AFIOS",4.20238695579089,373,NA,NA,NA,NA,NA,NA,NA,NA,NA,NA,NA,NA,NA,231.6,44.375058815,-79.688233733,-0.0622698,9.19,232,24,14.2776
529,2.16444,89,174,"2026-08-09_AFIOS",4.20238695579089,362,NA,NA,NA,NA,NA,NA,NA,NA,NA,NA,NA,NA,NA,231.6,44.37506485,-79.688287712,-0.0622698,9.19,232,24,14.2776
530,2.1684,89,173,"2026-08-09_AFIOS",4.20238695579089,362,NA,NA,NA,NA,NA,NA,NA,NA,NA,NA,NA,NA,NA,231.8,44.375065856,-79.688336411,0.990726,9.19,232,24,14.2776
531,2.17237,89,174,"2026-08-09_AFIOS",4.20238695579089,361,NA,NA,NA,NA,NA,NA,NA,NA,NA,NA,NA,NA,NA,231.8,44.375074405,-79.688390056,0.990726,9.19,232,24,14.2776
532,2.17634,89,174,"2026-08-09_AFIOS",4.20238695579089,353,NA,NA,NA,NA,NA,NA,NA,NA,NA,NA,NA,NA,NA,232,44.375078932,-79.688436072,2.02926,9.19,232,24,14.2776
533,2.18025,89,174,"2026-08-09_AFIOS",4.25278557455133,349,NA,NA,NA,NA,NA,NA,NA,NA,NA,NA,NA,NA,NA,232,44.375095109,-79.68848343,2.02926,9.15,233,24,14.1084
534,2.1842,89,174,"2026-08-09_AFIOS",4.22261633307998,348,NA,NA,NA,NA,NA,NA,NA,NA,NA,NA,NA,NA,NA,232,44.37510458,-79.688528022,2.02926,9.18,232,24,14.2092
535,2.18816,89,174,"2026-08-09_AFIOS",4.21300977418268,350,NA,NA,NA,NA,NA,NA,NA,NA,NA,NA,NA,NA,NA,232,44.375129055,-79.688572949,2.02926,9.18,232,24,14.2416
536,2.19212,89,174,"2026-08-09_AFIOS",4.20238695579089,348,NA,NA,NA,NA,NA,NA,NA,NA,NA,NA,NA,NA,NA,232,44.375150178,-79.688608907,1.51644,9.19,232,24,14.2776
537,2.19613,89,175,"2026-08-09_AFIOS",4.16354400866017,347,NA,NA,NA,NA,NA,NA,NA,NA,NA,NA,NA,NA,NA,232,44.375182113,-79.688643021,1.00883,9.22,231,24,14.4108
538,2.20019,89,175,"2026-08-09_AFIOS",4.09701737135365,348,NA,NA,NA,NA,NA,NA,NA,NA,NA,NA,NA,NA,NA,232,44.375211785,-79.688668921,1.00883,9.3,229,24,14.6448
539,2.20426,88,175,"2026-08-09_AFIOS",4.09701737135365,349,NA,NA,NA,NA,NA,NA,NA,NA,NA,NA,NA,NA,NA,232,44.375249671,-79.688692139,1.00883,9.48,231,24,14.6448
540,2.20835,88,175,"2026-08-09_AFIOS",4.07797080172906,351,NA,NA,NA,NA,NA,NA,NA,NA,NA,NA,NA,NA,NA,232,44.375280433,-79.688713932,0.503778,9.49,231,24,14.7132
541,2.21247,88,175,"2026-08-09_AFIOS",4.04138376980278,353,NA,NA,NA,NA,NA,NA,NA,NA,NA,NA,NA,NA,NA,231.8,44.375317984,-79.688738324,0.0183414,9.52,230,24,14.8464
542,2.21663,88,175,"2026-08-09_AFIOS",4.01412973667309,353,NA,NA,NA,NA,NA,NA,NA,NA,NA,NA,NA,NA,NA,231.8,44.375348661,-79.688758021,-0.485437,9.52,230,24,14.9472
543,2.22082,88,175,"2026-08-09_AFIOS",3.96919901563864,354,NA,NA,NA,NA,NA,NA,NA,NA,NA,NA,NA,NA,NA,231.6,44.375385123,-79.688779982,-0.962764,9.56,229,24,15.1164
544,2.22502,89,176,"2026-08-09_AFIOS",3.96919901563864,354,NA,NA,NA,NA,NA,NA,NA,NA,NA,NA,NA,NA,NA,231.4,44.375422003,-79.688799595,-1.43895,9.41,226,24,15.1164
545,2.22924,89,176,"2026-08-09_AFIOS",3.95225673859774,358,NA,NA,NA,NA,NA,NA,NA,NA,NA,NA,NA,NA,NA,231.4,44.375455866,-79.688821724,-1.43895,9.44,225,24,15.1812
546,2.23348,89,179,"2026-08-09_AFIOS",3.93452943028014,359,NA,NA,NA,NA,NA,NA,NA,NA,NA,NA,NA,NA,NA,231.2,44.375492327,-79.688842511,-1.91065,9.44,225,24,15.2496
547,2.23772,89,180,"2026-08-09_AFIOS",3.92618767177071,358,NA,NA,NA,NA,NA,NA,NA,NA,NA,NA,NA,NA,NA,231,44.37552728,-79.68886313,-2.38235,9.48,224,24,15.282
548,2.24197,89,181,"2026-08-09_AFIOS",3.92618767177071,359,NA,NA,NA,NA,NA,NA,NA,NA,NA,NA,NA,NA,NA,230.8,44.375564328,-79.688884588,-2.85294,9.48,224,24,15.282
549,2.24624,89,182,"2026-08-09_AFIOS",3.90046025431001,348,NA,NA,NA,NA,NA,NA,NA,NA,NA,NA,NA,NA,NA,230.6,44.375596179,-79.688908057,-3.32132,9.48,224,24,15.3828
550,2.25052,90,183,"2026-08-09_AFIOS",3.89135341271694,340,NA,NA,NA,NA,NA,NA,NA,NA,NA,NA,NA,NA,NA,230.4,44.375633981,-79.688930604,-3.78861,9.33,221,24,15.4188
551,2.25481,90,183,"2026-08-09_AFIOS",3.89135341271694,336,NA,NA,NA,NA,NA,NA,NA,NA,NA,NA,NA,NA,NA,230.2,44.37566533,-79.688952817,-3.76938,9.33,221,24,15.4188
552,2.25914,90,183,"2026-08-09_AFIOS",3.85000385000385,335,NA,NA,NA,NA,NA,NA,NA,NA,NA,NA,NA,NA,NA,230,44.375705311,-79.688971508,-4.23127,9.36,220,24,15.5844
553,2.26348,90,181,"2026-08-09_AFIOS",3.83318000613309,337,NA,NA,NA,NA,NA,NA,NA,NA,NA,NA,NA,NA,NA,229.8,44.375737079,-79.688992044,-4.21477,9.36,220,24,15.6528
554,2.2678,90,180,"2026-08-09_AFIOS",3.85802469135802,337,NA,NA,NA,NA,NA,NA,NA,NA,NA,NA,NA,NA,NA,229.6,44.375778234,-79.689008975,-4.20154,9.36,220,24,15.552
555,2.2721,89,180,"2026-08-09_AFIOS",3.88319353836595,340,NA,NA,NA,NA,NA,NA,NA,NA,NA,NA,NA,NA,NA,229.4,44.375811594,-79.689030684,-4.66666,9.51,223,24,15.4512
556,2.27638,89,179,"2026-08-09_AFIOS",3.89135341271694,338,NA,NA,NA,NA,NA,NA,NA,NA,NA,NA,NA,NA,NA,229.4,44.375850905,-79.689047783,-4.19496,9.51,223,24,15.4188
557,2.28069,88,178,"2026-08-09_AFIOS",3.86607902265522,337,NA,NA,NA,NA,NA,NA,NA,NA,NA,NA,NA,NA,NA,229.2,44.37588175,-79.689071085,-4.1873,9.7,225,24,15.5196
558,2.285,88,178,"2026-08-09_AFIOS",3.86607902265522,340,NA,NA,NA,NA,NA,NA,NA,NA,NA,NA,NA,NA,NA,229.2,44.375920642,-79.689091453,-3.71671,9.7,225,24,15.5196
559,2.2893,88,178,"2026-08-09_AFIOS",3.87506781368674,340,NA,NA,NA,NA,NA,NA,NA,NA,NA,NA,NA,NA,NA,229.2,44.375951572,-79.68910939,-3.24833,9.7,225,24,15.4836
560,2.29362,88,178,"2026-08-09_AFIOS",3.85802469135802,338,NA,NA,NA,NA,NA,NA,NA,NA,NA,NA,NA,NA,NA,229.2,44.375993481,-79.689122047,-2.78104,9.7,225,24,15.552
561,2.29791,89,178,"2026-08-09_AFIOS",3.88319353836595,340,NA,NA,NA,NA,NA,NA,NA,NA,NA,NA,NA,NA,NA,229,44.376028098,-79.689138392,-2.78104,9.51,223,24,15.4512
562,2.30213,89,178,"2026-08-09_AFIOS",3.95225673859774,340,NA,NA,NA,NA,NA,NA,NA,NA,NA,NA,NA,NA,NA,229,44.376068751,-79.689152725,-2.31915,9.44,225,24,15.1812
563,2.3063,89,178,"2026-08-09_AFIOS",3.99584432190522,334,NA,NA,NA,NA,NA,NA,NA,NA,NA,NA,NA,NA,NA,229,44.376098674,-79.689168231,-1.85832,9.41,226,24,15.0156
564,2.31041,89,177,"2026-08-09_AFIOS",4.05910050332846,332,NA,NA,NA,NA,NA,NA,NA,NA,NA,NA,NA,NA,NA,229,44.376140835,-79.689183822,-1.39535,9.33,228,24,14.7816
565,2.31446,89,177,"2026-08-09_AFIOS",4.11522633744856,328,NA,NA,NA,NA,NA,NA,NA,NA,NA,NA,NA,NA,NA,229,44.376169585,-79.689196981,-0.930238,9.26,230,24,14.58
566,2.3185,89,175,"2026-08-09_AFIOS",4.12541254125412,325,NA,NA,NA,NA,NA,NA,NA,NA,NA,NA,NA,NA,NA,229,44.376208393,-79.689209806,-0.930238,9.26,230,24,14.544
567,2.32254,90,174,"2026-08-09_AFIOS",4.12541254125412,332,NA,NA,NA,NA,NA,NA,NA,NA,NA,NA,NA,NA,NA,229.2,44.376238819,-79.689222043,0.028849,9.08,228,24,14.544
568,2.32656,90,174,"2026-08-09_AFIOS",4.1438753522294,336,NA,NA,NA,NA,NA,NA,NA,NA,NA,NA,NA,NA,NA,229.2,44.376274778,-79.6892347,0.028849,9.08,228,24,14.4792
569,2.33058,89,174,"2026-08-09_AFIOS",4.1438753522294,340,NA,NA,NA,NA,NA,NA,NA,NA,NA,NA,NA,NA,NA,229.2,44.376306629,-79.689245848,0.028849,9.26,230,24,14.4792
570,2.33458,89,174,"2026-08-09_AFIOS",4.17292605575029,341,NA,NA,NA,NA,NA,NA,NA,NA,NA,NA,NA,NA,NA,229.2,44.37634242,-79.689257666,0.028849,9.22,231,24,14.3784
571,2.33858,89,174,"2026-08-09_AFIOS",4.16354400866017,341,NA,NA,NA,NA,NA,NA,NA,NA,NA,NA,NA,NA,NA,229.4,44.376373097,-79.68926982,0.99505,9.22,231,24,14.4108
572,2.34256,89,174,"2026-08-09_AFIOS",4.18340026773762,345,NA,NA,NA,NA,NA,NA,NA,NA,NA,NA,NA,NA,NA,229.4,44.376408218,-79.689283399,0.99505,9.22,231,24,14.3424
573,2.34661,90,174,"2026-08-09_AFIOS",4.11522633744856,343,NA,NA,NA,NA,NA,NA,NA,NA,NA,NA,NA,NA,NA,229.4,44.376441159,-79.689295972,0.99505,9.08,228,23,14.58
574,2.35066,90,174,"2026-08-09_AFIOS",4.11522633744856,344,NA,NA,NA,NA,NA,NA,NA,NA,NA,NA,NA,NA,NA,229.4,44.37648399,-79.689309718,0.99505,9.08,228,24,14.58
575,2.35478,90,173,"2026-08-09_AFIOS",4.05022276225192,344,NA,NA,NA,NA,NA,NA,NA,NA,NA,NA,NA,NA,NA,229.4,44.376514333,-79.689323883,0.99505,9.15,226,24,14.814
576,2.35894,90,173,"2026-08-09_AFIOS",4.00544740847553,352,NA,NA,NA,NA,NA,NA,NA,NA,NA,NA,NA,NA,NA,229.4,44.376549537,-79.68933763,0.99505,9.19,225,24,14.9796
577,2.36312,90,173,"2026-08-09_AFIOS",3.98724082934609,353,NA,NA,NA,NA,NA,NA,NA,NA,NA,NA,NA,NA,NA,229.2,44.376583651,-79.689349951,0.0215311,9.19,225,24,15.048
578,2.3673,90,172,"2026-08-09_AFIOS",3.98724082934609,356,NA,NA,NA,NA,NA,NA,NA,NA,NA,NA,NA,NA,NA,229.2,44.376622878,-79.689364955,0.0215311,9.22,224,24,15.048
579,2.37142,90,172,"2026-08-09_AFIOS",4.04138376980278,356,NA,NA,NA,NA,NA,NA,NA,NA,NA,NA,NA,NA,NA,229,44.376656573,-79.689378366,-0.463906,9.01,223,23,14.8464
580,2.37555,90,172,"2026-08-09_AFIOS",4.04138376980278,355,NA,NA,NA,NA,NA,NA,NA,NA,NA,NA,NA,NA,NA,229,44.376695717,-79.689393705,-0.463906,9.15,226,23,14.8464
581,2.37969,90,172,"2026-08-09_AFIOS",4.02284978678896,352,NA,NA,NA,NA,NA,NA,NA,NA,NA,NA,NA,NA,NA,229,44.376729412,-79.689409798,-0.963906,9.19,225,24,14.9148
582,2.38389,90,172,"2026-08-09_AFIOS",3.96919901563864,352,NA,NA,NA,NA,NA,NA,NA,NA,NA,NA,NA,NA,NA,229,44.376766628,-79.689426562,-0.963906,9.22,224,24,15.1164
583,2.38808,90,173,"2026-08-09_AFIOS",3.97867430572133,352,NA,NA,NA,NA,NA,NA,NA,NA,NA,NA,NA,NA,NA,229,44.376803005,-79.689438129,-0.963906,9.22,224,24,15.0804
584,2.39231,90,173,"2026-08-09_AFIOS",3.93452943028014,354,NA,NA,NA,NA,NA,NA,NA,NA,NA,NA,NA,NA,NA,229,44.376840305,-79.689452629,-0.963906,9.26,223,23,15.2496
585,2.39658,90,173,"2026-08-09_AFIOS",3.90869293308318,355,NA,NA,NA,NA,NA,NA,NA,NA,NA,NA,NA,NA,NA,229,44.376880035,-79.689465621,-0.963906,9.29,222,24,15.3504
586,2.40085,90,173,"2026-08-09_AFIOS",3.90046025431001,358,NA,NA,NA,NA,NA,NA,NA,NA,NA,NA,NA,NA,NA,229,44.376916077,-79.689480373,-0.963906,9.29,222,23,15.3828
587,2.40506,89,173,"2026-08-09_AFIOS",3.96070975918885,358,NA,NA,NA,NA,NA,NA,NA,NA,NA,NA,NA,NA,NA,228.8,44.376954466,-79.68948842,-0.960496,9.44,225,23,15.1488
588,2.40924,89,173,"2026-08-09_AFIOS",3.98724082934609,354,NA,NA,NA,NA,NA,NA,NA,NA,NA,NA,NA,NA,NA,228.8,44.376988329,-79.689500825,-0.960496,9.41,226,24,15.048
589,2.41335,89,173,"2026-08-09_AFIOS",4.05022276225192,353,NA,NA,NA,NA,NA,NA,NA,NA,NA,NA,NA,NA,NA,228.6,44.377026299,-79.689511973,-0.961677,9.33,228,24,14.814
590,2.41746,89,174,"2026-08-09_AFIOS",4.05910050332846,347,NA,NA,NA,NA,NA,NA,NA,NA,NA,NA,NA,NA,NA,228.6,44.377060497,-79.689525049,-0.961677,9.33,228,24,14.7816
591,2.42155,89,175,"2026-08-09_AFIOS",4.07797080172906,346,NA,NA,NA,NA,NA,NA,NA,NA,NA,NA,NA,NA,NA,228.6,44.377099306,-79.689535359,-0.961677,9.3,229,24,14.7132
592,2.42562,89,176,"2026-08-09_AFIOS",4.08697073728952,344,NA,NA,NA,NA,NA,NA,NA,NA,NA,NA,NA,NA,NA,228.6,44.377133504,-79.689550949,-0.961677,9.3,229,23,14.6808
593,2.42971,89,175,"2026-08-09_AFIOS",4.07797080172906,343,NA,NA,NA,NA,NA,NA,NA,NA,NA,NA,NA,NA,NA,228.8,44.377168624,-79.689564612,-0.47268,9.3,229,24,14.7132
594,2.43382,90,174,"2026-08-09_AFIOS",4.05910050332846,341,NA,NA,NA,NA,NA,NA,NA,NA,NA,NA,NA,NA,NA,228.8,44.377203409,-79.689582381,-0.47268,9.15,226,23,14.7816
595,2.43791,89,174,"2026-08-09_AFIOS",4.06901041666667,341,NA,NA,NA,NA,NA,NA,NA,NA,NA,NA,NA,NA,NA,228.8,44.377241882,-79.689594786,-0.47268,9.33,228,23,14.7456
596,2.44199,90,173,"2026-08-09_AFIOS",4.08697073728952,340,NA,NA,NA,NA,NA,NA,NA,NA,NA,NA,NA,NA,NA,228.8,44.377273817,-79.689613646,-0.47268,9.12,227,24,14.6808
597,2.44613,90,173,"2026-08-09_AFIOS",4.02284978678896,338,NA,NA,NA,NA,NA,NA,NA,NA,NA,NA,NA,NA,NA,228.8,44.377311368,-79.689625464,0,9.19,225,24,14.9148
598,2.45034,90,174,"2026-08-09_AFIOS",3.96070975918885,338,NA,NA,NA,NA,NA,NA,NA,NA,NA,NA,NA,NA,NA,228.6,44.377345901,-79.689641474,-0.47268,9.26,223,23,15.1488
599,2.45457,90,174,"2026-08-09_AFIOS",3.94290671082722,348,NA,NA,NA,NA,NA,NA,NA,NA,NA,NA,NA,NA,NA,228.6,44.377386302,-79.689652622,0.0139382,9.26,223,23,15.2172
600,2.4588,90,174,"2026-08-09_AFIOS",3.93452943028014,350,NA,NA,NA,NA,NA,NA,NA,NA,NA,NA,NA,NA,NA,228.4,44.37742226,-79.68966838,-0.458875,9.26,223,23,15.2496
601,2.46307,89,174,"2026-08-09_AFIOS",3.90869293308318,350,NA,NA,NA,NA,NA,NA,NA,NA,NA,NA,NA,NA,NA,228.4,44.377460901,-79.689679695,-0.458875,9.48,224,23,15.3504
602,2.46732,89,173,"2026-08-09_AFIOS",3.91696043869957,353,NA,NA,NA,NA,NA,NA,NA,NA,NA,NA,NA,NA,NA,228.2,44.377494764,-79.689696291,-0.929463,9.48,224,23,15.318
603,2.47157,89,173,"2026-08-09_AFIOS",3.92618767177071,353,NA,NA,NA,NA,NA,NA,NA,NA,NA,NA,NA,NA,NA,228.2,44.377535584,-79.689709199,-1.41846,9.48,224,23,15.282
604,2.47581,90,173,"2026-08-09_AFIOS",3.92618767177071,351,NA,NA,NA,NA,NA,NA,NA,NA,NA,NA,NA,NA,NA,228.2,44.377566429,-79.689727221,-1.41846,9.29,222,23,15.282
605,2.48005,90,174,"2026-08-09_AFIOS",3.93452943028014,353,NA,NA,NA,NA,NA,NA,NA,NA,NA,NA,NA,NA,NA,228.2,44.377605153,-79.689736105,-1.41846,9.26,223,23,15.2496
606,2.48429,90,174,"2026-08-09_AFIOS",3.93452943028014,353,NA,NA,NA,NA,NA,NA,NA,NA,NA,NA,NA,NA,NA,228.2,44.37763558,-79.689753624,-1.41846,9.26,223,23,15.2496
607,2.48849,90,174,"2026-08-09_AFIOS",3.96070975918885,352,NA,NA,NA,NA,NA,NA,NA,NA,NA,NA,NA,NA,NA,228.2,44.377674975,-79.689763095,-1.41846,9.26,223,23,15.1488
608,2.49266,89,174,"2026-08-09_AFIOS",4.00544740847553,350,NA,NA,NA,NA,NA,NA,NA,NA,NA,NA,NA,NA,NA,228.2,44.377706658,-79.689777344,-0.943401,9.37,227,23,14.9796
609,2.49678,89,174,"2026-08-09_AFIOS",4.04138376980278,350,NA,NA,NA,NA,NA,NA,NA,NA,NA,NA,NA,NA,NA,228.2,44.377746388,-79.689781954,-0.943401,9.37,227,23,14.8464
610,2.50089,89,174,"2026-08-09_AFIOS",4.05910050332846,344,NA,NA,NA,NA,NA,NA,NA,NA,NA,NA,NA,NA,NA,228.4,44.377785448,-79.689788157,0.0160298,9.33,228,23,14.7816
611,2.505,89,174,"2026-08-09_AFIOS",4.05022276225192,344,NA,NA,NA,NA,NA,NA,NA,NA,NA,NA,NA,NA,NA,228.4,44.377819395,-79.689803663,0.0160298,9.33,228,23,14.814
612,2.50911,89,174,"2026-08-09_AFIOS",4.05022276225192,343,NA,NA,NA,NA,NA,NA,NA,NA,NA,NA,NA,NA,NA,228.2,44.377815791,-79.689822523,0,9.33,228,23,14.814
613,2.51286,89,173,"2026-08-09_AFIOS",4.45394619632995,344,NA,NA,NA,NA,NA,NA,NA,NA,NA,NA,NA,NA,NA,228.2,44.377800116,-79.689817913,0,9.26,230,23,13.4712
614,2.5165,87,171,"2026-08-09_AFIOS",4.58001282403591,340,NA,NA,NA,NA,NA,NA,NA,NA,NA,NA,NA,NA,NA,228.2,44.377765499,-79.689807268,0,9.32,242,23,13.1004
615,2.52009,85,169,"2026-08-09_AFIOS",4.63994060876021,318,NA,NA,NA,NA,NA,NA,NA,NA,NA,NA,NA,NA,NA,228,44.377739851,-79.689787906,-0.557103,9.54,250,23,12.9312
616,2.52368,84,168,"2026-08-09_AFIOS",4.63994060876021,310,NA,NA,NA,NA,NA,NA,NA,NA,NA,NA,NA,NA,NA,228,44.377696516,-79.689774327,-0.557103,9.66,254,23,12.9312
617,2.52725,84,169,"2026-08-09_AFIOS",4.6633090841261,307,NA,NA,NA,NA,NA,NA,NA,NA,NA,NA,NA,NA,NA,228,44.377667515,-79.689756138,-0.557103,9.65,254,23,12.8664
618,2.5309,83,170,"2026-08-09_AFIOS",4.5687134502924,307,NA,NA,NA,NA,NA,NA,NA,NA,NA,NA,NA,NA,NA,228.2,44.377622001,-79.689740129,0,9.93,255,23,13.1328
619,2.53484,89,172,"2026-08-09_AFIOS",4.2322668020992,310,NA,NA,NA,NA,NA,NA,NA,NA,NA,NA,NA,NA,NA,228.2,44.377594928,-79.689719509,0,9.15,233,23,14.1768
620,2.53885,89,173,"2026-08-09_AFIOS",4.15420405450316,332,NA,NA,NA,NA,NA,NA,NA,NA,NA,NA,NA,NA,NA,228.4,44.377552347,-79.689706433,0,9.22,231,23,14.4432
621,2.54286,89,173,"2026-08-09_AFIOS",4.15420405450316,339,NA,NA,NA,NA,NA,NA,NA,NA,NA,NA,NA,NA,NA,228.4,44.377522256,-79.68968573,0,9.22,231,23,14.4432
622,2.54685,89,174,"2026-08-09_AFIOS",4.18340026773762,342,NA,NA,NA,NA,NA,NA,NA,NA,NA,NA,NA,NA,NA,228.4,44.377480347,-79.689672822,0.489595,9.22,231,23,14.3424
623,2.55081,90,174,"2026-08-09_AFIOS",4.20238695579089,341,NA,NA,NA,NA,NA,NA,NA,NA,NA,NA,NA,NA,NA,228.4,44.377450843,-79.689656477,0.489595,9.01,230,23,14.2776
624,2.55477,90,175,"2026-08-09_AFIOS",4.21300977418268,341,NA,NA,NA,NA,NA,NA,NA,NA,NA,NA,NA,NA,NA,228.2,44.377408179,-79.689644575,-0.0154552,9.01,230,23,14.2416
625,2.55872,90,174,"2026-08-09_AFIOS",4.22261633307998,340,NA,NA,NA,NA,NA,NA,NA,NA,NA,NA,NA,NA,NA,228.2,44.377379261,-79.689627308,0.541648,9.01,230,23,14.2092
626,2.56267,90,174,"2026-08-09_AFIOS",4.21300977418268,340,NA,NA,NA,NA,NA,NA,NA,NA,NA,NA,NA,NA,NA,228.2,44.377338441,-79.689617334,0.541648,9.01,230,23,14.2416
627,2.56663,90,175,"2026-08-09_AFIOS",4.21300977418268,342,NA,NA,NA,NA,NA,NA,NA,NA,NA,NA,NA,NA,NA,228.2,44.377308769,-79.689600067,0.541648,9.01,230,23,14.2416
628,2.57058,91,175,"2026-08-09_AFIOS",4.22261633307998,341,NA,NA,NA,NA,NA,NA,NA,NA,NA,NA,NA,NA,NA,228.2,44.377267363,-79.689589674,0,8.83,228,23,14.2092
629,2.57454,91,176,"2026-08-09_AFIOS",4.20238695579089,338,NA,NA,NA,NA,NA,NA,NA,NA,NA,NA,NA,NA,NA,228.2,44.377238697,-79.689573916,0,8.84,228,23,14.2776
630,2.57851,91,176,"2026-08-09_AFIOS",4.20238695579089,339,NA,NA,NA,NA,NA,NA,NA,NA,NA,NA,NA,NA,NA,228,44.377197793,-79.689563606,-1.00883,8.84,228,23,14.2776
631,2.58249,91,176,"2026-08-09_AFIOS",4.18340026773762,337,NA,NA,NA,NA,NA,NA,NA,NA,NA,NA,NA,NA,NA,228.2,44.377169462,-79.689548686,-0.506316,8.87,227,23,14.3424
632,2.58648,91,176,"2026-08-09_AFIOS",4.18340026773762,339,NA,NA,NA,NA,NA,NA,NA,NA,NA,NA,NA,NA,NA,228.2,44.377127133,-79.689537119,-0.506316,8.87,227,23,14.3424
633,2.59046,90,176,"2026-08-09_AFIOS",4.18340026773762,341,NA,NA,NA,NA,NA,NA,NA,NA,NA,NA,NA,NA,NA,228.4,44.377097042,-79.689519768,0,9.04,229,23,14.3424
634,2.59445,90,176,"2026-08-09_AFIOS",4.17292605575029,345,NA,NA,NA,NA,NA,NA,NA,NA,NA,NA,NA,NA,NA,228.4,44.377056474,-79.689509375,0.501247,9.04,229,23,14.3784
635,2.59845,90,175,"2026-08-09_AFIOS",4.17292605575029,347,NA,NA,NA,NA,NA,NA,NA,NA,NA,NA,NA,NA,NA,228.6,44.377029233,-79.689491689,1.00125,9.04,229,23,14.3784
636,2.60243,89,175,"2026-08-09_AFIOS",4.18340026773762,352,NA,NA,NA,NA,NA,NA,NA,NA,NA,NA,NA,NA,NA,228.6,44.376987156,-79.689481463,1.00125,9.22,231,23,14.3424
637,2.60642,90,174,"2026-08-09_AFIOS",4.17292605575029,352,NA,NA,NA,NA,NA,NA,NA,NA,NA,NA,NA,NA,NA,228.8,44.376958993,-79.689467884,1.5025,9.04,229,23,14.3784
638,2.61042,90,174,"2026-08-09_AFIOS",4.17292605575029,353,NA,NA,NA,NA,NA,NA,NA,NA,NA,NA,NA,NA,NA,228.6,44.376918256,-79.689457742,1.0025,9.04,229,23,14.3784
639,2.61441,89,174,"2026-08-09_AFIOS",4.17292605575029,353,NA,NA,NA,NA,NA,NA,NA,NA,NA,NA,NA,NA,NA,228.6,44.37688959,-79.689445086,1.0025,9.22,231,23,14.3784
640,2.61842,89,175,"2026-08-09_AFIOS",4.15420405450316,354,NA,NA,NA,NA,NA,NA,NA,NA,NA,NA,NA,NA,NA,228.6,44.376849776,-79.689435446,1.50628,9.22,231,23,14.4432
641,2.62239,89,175,"2026-08-09_AFIOS",4.20238695579089,356,NA,NA,NA,NA,NA,NA,NA,NA,NA,NA,NA,NA,NA,228.4,44.37682111,-79.689422706,0.499987,9.19,232,23,14.2776
642,2.62633,89,174,"2026-08-09_AFIOS",4.2322668020992,355,NA,NA,NA,NA,NA,NA,NA,NA,NA,NA,NA,NA,NA,228.4,44.376781212,-79.689410552,0.499987,9.15,233,23,14.1768
643,2.63028,89,175,"2026-08-09_AFIOS",4.21300977418268,354,NA,NA,NA,NA,NA,NA,NA,NA,NA,NA,NA,NA,NA,228.4,44.376751624,-79.689397476,0,9.18,232,23,14.2416
644,2.63415,89,175,"2026-08-09_AFIOS",4.31443610320131,356,NA,NA,NA,NA,NA,NA,NA,NA,NA,NA,NA,NA,NA,228.4,44.376711056,-79.689388592,0,9.15,233,23,13.9068
645,2.63807,89,175,"2026-08-09_AFIOS",4.25278557455133,357,NA,NA,NA,NA,NA,NA,NA,NA,NA,NA,NA,NA,NA,228.4,44.376680378,-79.689376857,-0.502525,9.07,235,23,14.1084
646,2.64198,89,175,"2026-08-09_AFIOS",4.25278557455133,353,NA,NA,NA,NA,NA,NA,NA,NA,NA,NA,NA,NA,NA,228.4,44.376641402,-79.689366128,-0.502525,9.15,233,23,14.1084
647,2.64591,89,174,"2026-08-09_AFIOS",4.24304141208418,357,NA,NA,NA,NA,NA,NA,NA,NA,NA,NA,NA,NA,NA,228.2,44.37660997,-79.689352298,-1.51268,9.15,233,23,14.1408
648,2.64978,89,174,"2026-08-09_AFIOS",4.30440771349862,357,NA,NA,NA,NA,NA,NA,NA,NA,NA,NA,NA,NA,NA,228.2,44.376574347,-79.689337965,-1.01268,9.11,234,23,13.9392
649,2.65365,89,174,"2026-08-09_AFIOS",4.31443610320131,354,NA,NA,NA,NA,NA,NA,NA,NA,NA,NA,NA,NA,NA,228.2,44.376542747,-79.689326566,-1.01268,9.07,235,23,13.9068
650,2.65754,89,175,"2026-08-09_AFIOS",4.28338901739056,349,NA,NA,NA,NA,NA,NA,NA,NA,NA,NA,NA,NA,NA,228,44.376508968,-79.689314077,-1.52682,9.11,234,23,14.0076
651,2.66145,89,175,"2026-08-09_AFIOS",4.26257459505541,350,NA,NA,NA,NA,NA,NA,NA,NA,NA,NA,NA,NA,NA,228,44.376474938,-79.689304437,-1.02304,9.15,233,23,14.076
652,2.66535,89,175,"2026-08-09_AFIOS",4.27350427350427,349,NA,NA,NA,NA,NA,NA,NA,NA,NA,NA,NA,NA,NA,228,44.376442667,-79.689292284,-1.02304,9.11,234,23,14.04
653,2.66929,89,175,"2026-08-09_AFIOS",4.2322668020992,350,NA,NA,NA,NA,NA,NA,NA,NA,NA,NA,NA,NA,NA,228.2,44.37640805,-79.689281722,-0.51543,9.15,233,23,14.1768
654,2.67324,89,175,"2026-08-09_AFIOS",4.21300977418268,350,NA,NA,NA,NA,NA,NA,NA,NA,NA,NA,NA,NA,NA,228.2,44.376373097,-79.6892663,-0.51543,9.18,232,23,14.2416
655,2.67718,89,175,"2026-08-09_AFIOS",4.2322668020992,353,NA,NA,NA,NA,NA,NA,NA,NA,NA,NA,NA,NA,NA,228.2,44.376339654,-79.689253727,-0.51543,9.15,233,23,14.1768
656,2.6811,89,175,"2026-08-09_AFIOS",4.25278557455133,354,NA,NA,NA,NA,NA,NA,NA,NA,NA,NA,NA,NA,NA,228.2,44.376305204,-79.689238136,-0.51543,9.15,233,23,14.1084
657,2.68505,90,176,"2026-08-09_AFIOS",4.21300977418268,353,NA,NA,NA,NA,NA,NA,NA,NA,NA,NA,NA,NA,NA,228.2,44.376270754,-79.689223803,0,9.01,230,23,14.2416
658,2.68905,90,175,"2026-08-09_AFIOS",4.17292605575029,355,NA,NA,NA,NA,NA,NA,NA,NA,NA,NA,NA,NA,NA,228.4,44.376235718,-79.689208967,0.493475,9.04,229,23,14.3784
659,2.69304,91,174,"2026-08-09_AFIOS",4.17292605575029,356,NA,NA,NA,NA,NA,NA,NA,NA,NA,NA,NA,NA,NA,228.4,44.376201688,-79.689194131,0.493475,8.87,227,24,14.3784
660,2.69707,91,175,"2026-08-09_AFIOS",4.13462333581411,356,NA,NA,NA,NA,NA,NA,NA,NA,NA,NA,NA,NA,NA,228.4,44.376166148,-79.689179715,1.00761,8.87,227,23,14.5116
661,2.70111,91,176,"2026-08-09_AFIOS",4.12541254125412,355,NA,NA,NA,NA,NA,NA,NA,NA,NA,NA,NA,NA,NA,228.4,44.376131196,-79.689166639,1.00761,8.91,226,23,14.544
662,2.70513,90,176,"2026-08-09_AFIOS",4.15420405450316,354,NA,NA,NA,NA,NA,NA,NA,NA,NA,NA,NA,NA,NA,228.4,44.376095573,-79.689149791,1.00761,9.05,229,23,14.4432
663,2.70911,90,176,"2026-08-09_AFIOS",4.18340026773762,354,NA,NA,NA,NA,NA,NA,NA,NA,NA,NA,NA,NA,NA,228.2,44.376062548,-79.689136715,0,9.04,229,23,14.3424
664,2.71308,90,176,"2026-08-09_AFIOS",4.19287211740042,352,NA,NA,NA,NA,NA,NA,NA,NA,NA,NA,NA,NA,NA,228,44.376030445,-79.689121293,-0.506291,9.01,230,23,14.31
665,2.71703,89,176,"2026-08-09_AFIOS",4.22261633307998,350,NA,NA,NA,NA,NA,NA,NA,NA,NA,NA,NA,NA,NA,228,44.375994319,-79.689108301,-0.506291,9.18,232,23,14.2092
666,2.72097,89,176,"2026-08-09_AFIOS",4.2322668020992,346,NA,NA,NA,NA,NA,NA,NA,NA,NA,NA,NA,NA,NA,227.8,44.37596163,-79.689088268,-1.01391,9.15,233,23,14.1768
667,2.72492,89,176,"2026-08-09_AFIOS",4.22261633307998,342,NA,NA,NA,NA,NA,NA,NA,NA,NA,NA,NA,NA,NA,227.6,44.375925169,-79.689072342,-1.52023,9.18,232,23,14.2092
668,2.72891,89,176,"2026-08-09_AFIOS",4.17292605575029,341,NA,NA,NA,NA,NA,NA,NA,NA,NA,NA,NA,NA,NA,227.4,44.375894156,-79.689052477,-2.52149,9.22,231,23,14.3784
669,2.73293,89,176,"2026-08-09_AFIOS",4.1438753522294,342,NA,NA,NA,NA,NA,NA,NA,NA,NA,NA,NA,NA,NA,227.4,44.375857275,-79.689037222,-2.52149,9.26,230,23,14.4792
670,2.73697,89,176,"2026-08-09_AFIOS",4.12541254125412,344,NA,NA,NA,NA,NA,NA,NA,NA,NA,NA,NA,NA,NA,227.2,44.37583104,-79.689017022,-3.01654,9.26,230,24,14.544
671,2.74101,89,175,"2026-08-09_AFIOS",4.12541254125412,346,NA,NA,NA,NA,NA,NA,NA,NA,NA,NA,NA,NA,NA,227.2,44.375789801,-79.68900403,-3.01654,9.26,230,23,14.544
672,2.7451,89,175,"2026-08-09_AFIOS",4.07797080172906,344,NA,NA,NA,NA,NA,NA,NA,NA,NA,NA,NA,NA,NA,227.2,44.375761805,-79.688982572,-3.01654,9.3,229,23,14.7132
673,2.74917,89,177,"2026-08-09_AFIOS",4.09701737135365,347,NA,NA,NA,NA,NA,NA,NA,NA,NA,NA,NA,NA,NA,227.4,44.375723919,-79.688965389,-2.02262,9.3,229,24,14.6448
674,2.75323,89,177,"2026-08-09_AFIOS",4.10610166707728,346,NA,NA,NA,NA,NA,NA,NA,NA,NA,NA,NA,NA,NA,227.4,44.375696594,-79.688942591,-1.51885,9.3,229,24,14.6124
675,2.75728,89,177,"2026-08-09_AFIOS",4.10610166707728,343,NA,NA,NA,NA,NA,NA,NA,NA,NA,NA,NA,NA,NA,227.4,44.37565678,-79.688926497,-1.51885,9.3,229,23,14.6124
676,2.76135,89,176,"2026-08-09_AFIOS",4.09701737135365,343,NA,NA,NA,NA,NA,NA,NA,NA,NA,NA,NA,NA,NA,227.4,44.375633059,-79.688905375,-1.01123,9.3,229,24,14.6448
677,2.76536,89,175,"2026-08-09_AFIOS",4.15420405450316,343,NA,NA,NA,NA,NA,NA,NA,NA,NA,NA,NA,NA,NA,227.4,44.375593078,-79.68889188,-0.504902,9.22,231,24,14.4432
678,2.76933,89,175,"2026-08-09_AFIOS",4.20238695579089,339,NA,NA,NA,NA,NA,NA,NA,NA,NA,NA,NA,NA,NA,227.4,44.375570446,-79.688871764,0,9.19,232,23,14.2776
679,2.77319,89,177,"2026-08-09_AFIOS",4.31443610320131,334,NA,NA,NA,NA,NA,NA,NA,NA,NA,NA,NA,NA,NA,227.4,44.37553256,-79.688860532,0,9.15,233,24,13.9068
680,2.77706,89,177,"2026-08-09_AFIOS",4.31443610320131,332,NA,NA,NA,NA,NA,NA,NA,NA,NA,NA,NA,NA,NA,227.6,44.375508756,-79.688842594,1.0082,9.07,235,23,13.9068
681,2.7809,89,178,"2026-08-09_AFIOS",4.33576135969476,335,NA,NA,NA,NA,NA,NA,NA,NA,NA,NA,NA,NA,NA,227.6,44.375469947,-79.688823232,1.0082,9.03,236,24,13.8384
682,2.78474,89,178,"2026-08-09_AFIOS",4.33576135969476,338,NA,NA,NA,NA,NA,NA,NA,NA,NA,NA,NA,NA,NA,227.8,44.37544564,-79.688802026,1.52903,9.07,235,24,13.8384
683,2.78857,88,177,"2026-08-09_AFIOS",4.3561596096881,350,NA,NA,NA,NA,NA,NA,NA,NA,NA,NA,NA,NA,NA,228,44.375412196,-79.68878258,1.55982,9.21,238,24,13.7736
684,2.79238,88,176,"2026-08-09_AFIOS",4.37790035898783,356,NA,NA,NA,NA,NA,NA,NA,NA,NA,NA,NA,NA,NA,228.2,44.375384201,-79.688763385,2.08476,9.21,238,24,13.7052
685,2.79617,88,175,"2026-08-09_AFIOS",4.38827453045463,363,NA,NA,NA,NA,NA,NA,NA,NA,NA,NA,NA,NA,NA,228.2,44.375351427,-79.688747963,2.08476,9.17,239,23,13.6728
686,2.79994,88,175,"2026-08-09_AFIOS",4.42086648983201,366,NA,NA,NA,NA,NA,NA,NA,NA,NA,NA,NA,NA,NA,228.4,44.375321504,-79.688725918,2.61526,9.17,239,24,13.572
687,2.80369,88,175,"2026-08-09_AFIOS",4.45394619632995,369,NA,NA,NA,NA,NA,NA,NA,NA,NA,NA,NA,NA,NA,228.4,44.375294095,-79.688707311,2.61526,9.13,240,23,13.4712
688,2.80743,88,173,"2026-08-09_AFIOS",4.45394619632995,367,NA,NA,NA,NA,NA,NA,NA,NA,NA,NA,NA,NA,NA,228.4,44.3752604,-79.688688367,2.61526,9.13,240,24,13.4712
689,2.81115,88,171,"2026-08-09_AFIOS",4.476676515355,363,NA,NA,NA,NA,NA,NA,NA,NA,NA,NA,NA,NA,NA,228.4,44.375234667,-79.688665653,2.61526,9.09,241,24,13.4028
690,2.81486,88,172,"2026-08-09_AFIOS",4.48752468138575,356,NA,NA,NA,NA,NA,NA,NA,NA,NA,NA,NA,NA,NA,228.4,44.375201056,-79.688644362,2.09846,9.09,241,24,13.3704
691,2.8186,88,172,"2026-08-09_AFIOS",4.46588067166845,349,NA,NA,NA,NA,NA,NA,NA,NA,NA,NA,NA,NA,NA,228.4,44.375179514,-79.68861687,2.09846,9.13,240,24,13.4352
692,2.82233,88,171,"2026-08-09_AFIOS",4.46588067166845,351,NA,NA,NA,NA,NA,NA,NA,NA,NA,NA,NA,NA,NA,228.4,44.375146825,-79.68858636,1.57763,9.13,240,24,13.4352
693,2.82609,88,169,"2026-08-09_AFIOS",4.43262411347518,352,NA,NA,NA,NA,NA,NA,NA,NA,NA,NA,NA,NA,NA,228.6,44.375131821,-79.688549479,1.58735,9.13,240,24,13.536
694,2.82992,88,170,"2026-08-09_AFIOS",4.34593654932638,358,NA,NA,NA,NA,NA,NA,NA,NA,NA,NA,NA,NA,NA,228.6,44.37511095,-79.688502624,1.06242,9.21,238,24,13.806
695,2.83381,88,171,"2026-08-09_AFIOS",4.28338901739056,365,NA,NA,NA,NA,NA,NA,NA,NA,NA,NA,NA,NA,NA,228.8,44.375109777,-79.688461469,1.57656,9.29,236,24,14.0076
696,2.83772,88,172,"2026-08-09_AFIOS",4.26257459505541,370,NA,NA,NA,NA,NA,NA,NA,NA,NA,NA,NA,NA,NA,228.8,44.375097791,-79.688408915,1.04605,9.29,236,24,14.076
697,2.84165,88,173,"2026-08-09_AFIOS",4.24304141208418,371,NA,NA,NA,NA,NA,NA,NA,NA,NA,NA,NA,NA,NA,228.8,44.375093684,-79.688362311,1.04605,9.33,235,24,14.1408
698,2.84556,88,174,"2026-08-09_AFIOS",4.26257459505541,372,NA,NA,NA,NA,NA,NA,NA,NA,NA,NA,NA,NA,NA,228.6,44.375077507,-79.6883085,0.534545,9.29,236,24,14.076
699,2.84951,88,174,"2026-08-09_AFIOS",4.22261633307998,368,NA,NA,NA,NA,NA,NA,NA,NA,NA,NA,NA,NA,NA,228.4,44.375074824,-79.688265165,0.0282156,9.33,235,24,14.2092
700,2.85345,89,175,"2026-08-09_AFIOS",4.22261633307998,367,NA,NA,NA,NA,NA,NA,NA,NA,NA,NA,NA,NA,NA,228.2,44.375065185,-79.688213197,-0.479399,9.18,232,24,14.2092
701,2.85746,89,175,"2026-08-09_AFIOS",4.16354400866017,363,NA,NA,NA,NA,NA,NA,NA,NA,NA,NA,NA,NA,NA,228.2,44.375060743,-79.688167265,-0.479399,9.22,231,24,14.4108
702,2.8615,89,175,"2026-08-09_AFIOS",4.12541254125412,362,NA,NA,NA,NA,NA,NA,NA,NA,NA,NA,NA,NA,NA,228,44.37504993,-79.688114878,-0.974448,9.26,230,24,14.544
703,2.86554,89,175,"2026-08-09_AFIOS",4.12541254125412,353,NA,NA,NA,NA,NA,NA,NA,NA,NA,NA,NA,NA,NA,227.8,44.375048924,-79.688063916,-2.00141,9.26,230,24,14.544
704,2.86958,90,175,"2026-08-09_AFIOS",4.12541254125412,344,NA,NA,NA,NA,NA,NA,NA,NA,NA,NA,NA,NA,NA,227.6,44.375043309,-79.688012283,-2.49646,9.08,228,24,14.544
705,2.87365,90,175,"2026-08-09_AFIOS",4.09701737135365,337,NA,NA,NA,NA,NA,NA,NA,NA,NA,NA,NA,NA,NA,227.6,44.375043141,-79.687962746,-3.0106,9.12,227,24,14.6448
706,2.8777,90,175,"2026-08-09_AFIOS",4.11522633744856,337,NA,NA,NA,NA,NA,NA,NA,NA,NA,NA,NA,NA,NA,227.4,44.37503719,-79.687911616,-3.50443,9.08,228,24,14.58
707,2.88174,90,175,"2026-08-09_AFIOS",4.12541254125412,336,NA,NA,NA,NA,NA,NA,NA,NA,NA,NA,NA,NA,NA,227,44.375038698,-79.687865684,-4.49453,9.08,228,24,14.544
708,2.88583,90,175,"2026-08-09_AFIOS",4.06901041666667,335,NA,NA,NA,NA,NA,NA,NA,NA,NA,NA,NA,NA,NA,227,44.375033334,-79.687814386,-3.98302,9.15,226,24,14.7456
709,2.8899,90,175,"2026-08-09_AFIOS",4.09701737135365,338,NA,NA,NA,NA,NA,NA,NA,NA,NA,NA,NA,NA,NA,226.6,44.375031239,-79.687765017,-4.45949,9.12,227,24,14.6448
710,2.89393,90,175,"2026-08-09_AFIOS",4.13462333581411,336,NA,NA,NA,NA,NA,NA,NA,NA,NA,NA,NA,NA,NA,226.4,44.375027048,-79.687715396,-4.44815,9.08,228,24,14.5116
711,2.89795,89,175,"2026-08-09_AFIOS",4.1438753522294,331,NA,NA,NA,NA,NA,NA,NA,NA,NA,NA,NA,NA,NA,226.4,44.375018917,-79.687665524,-4.44815,9.26,230,24,14.4792
712,2.90194,89,175,"2026-08-09_AFIOS",4.18340026773762,331,NA,NA,NA,NA,NA,NA,NA,NA,NA,NA,NA,NA,NA,226.2,44.375013553,-79.687617496,-4.45436,9.22,231,24,14.3424
713,2.90588,89,175,"2026-08-09_AFIOS",4.22261633307998,328,NA,NA,NA,NA,NA,NA,NA,NA,NA,NA,NA,NA,NA,226,44.374996286,-79.687568964,-4.46692,9.18,232,24,14.2092
714,2.90983,89,175,"2026-08-09_AFIOS",4.22261633307998,322,NA,NA,NA,NA,NA,NA,NA,NA,NA,NA,NA,NA,NA,225.8,44.374986479,-79.687523786,-4.4782,9.15,233,24,14.2092
715,2.9138,89,174,"2026-08-09_AFIOS",4.20238695579089,322,NA,NA,NA,NA,NA,NA,NA,NA,NA,NA,NA,NA,NA,225.6,44.374962758,-79.687474836,-4.98198,9.18,232,24,14.2776
716,2.91782,88,174,"2026-08-09_AFIOS",4.1438753522294,323,NA,NA,NA,NA,NA,NA,NA,NA,NA,NA,NA,NA,NA,225.4,44.374951946,-79.687430328,-4.98567,9.37,234,24,14.4792
717,2.92184,88,174,"2026-08-09_AFIOS",4.1438753522294,324,NA,NA,NA,NA,NA,NA,NA,NA,NA,NA,NA,NA,NA,225,44.374929315,-79.687380539,-4.99059,9.41,233,24,14.4792
718,2.92594,87,174,"2026-08-09_AFIOS",4.06901041666667,331,NA,NA,NA,NA,NA,NA,NA,NA,NA,NA,NA,NA,NA,224.6,44.374910036,-79.687337121,-5.9662,9.68,233,24,14.7456
719,2.93013,86,174,"2026-08-09_AFIOS",3.97867430572133,337,NA,NA,NA,NA,NA,NA,NA,NA,NA,NA,NA,NA,NA,224.4,44.374887824,-79.687291439,-5.46073,9.96,233,24,15.0804
720,2.93436,86,174,"2026-08-09_AFIOS",3.93452943028014,345,NA,NA,NA,NA,NA,NA,NA,NA,NA,NA,NA,NA,NA,224,44.374865612,-79.687249195,-5.91008,10.04,231,24,15.2496
721,2.93864,86,174,"2026-08-09_AFIOS",3.89135341271694,348,NA,NA,NA,NA,NA,NA,NA,NA,NA,NA,NA,NA,NA,223.8,44.374844909,-79.687208962,-6.37737,10.07,230,24,15.4188
722,2.94289,86,174,"2026-08-09_AFIOS",3.92618767177071,340,NA,NA,NA,NA,NA,NA,NA,NA,NA,NA,NA,NA,NA,223.8,44.374820601,-79.687169986,-5.87611,10.04,231,24,15.282
723,2.94706,86,174,"2026-08-09_AFIOS",3.99584432190522,331,NA,NA,NA,NA,NA,NA,NA,NA,NA,NA,NA,NA,NA,223.8,44.374800485,-79.687133105,-5.3685,9.96,233,24,15.0156
724,2.95117,87,175,"2026-08-09_AFIOS",4.05910050332846,332,NA,NA,NA,NA,NA,NA,NA,NA,NA,NA,NA,NA,NA,223.8,44.374771735,-79.687097147,-4.86217,9.96,233,24,14.7816
725,2.95521,90,175,"2026-08-09_AFIOS",4.12541254125412,328,NA,NA,NA,NA,NA,NA,NA,NA,NA,NA,NA,NA,NA,223.8,44.374752373,-79.68705683,-4.35839,9.08,228,24,14.544
726,2.95918,90,175,"2026-08-09_AFIOS",4.19287211740042,323,NA,NA,NA,NA,NA,NA,NA,NA,NA,NA,NA,NA,NA,224,44.374728149,-79.687016597,-3.3571,9.01,230,24,14.31
727,2.96314,90,175,"2026-08-09_AFIOS",4.21300977418268,318,NA,NA,NA,NA,NA,NA,NA,NA,NA,NA,NA,NA,NA,224,44.374711469,-79.686977453,-2.36207,9.01,230,24,14.2416
728,2.96707,90,175,"2026-08-09_AFIOS",4.2322668020992,315,NA,NA,NA,NA,NA,NA,NA,NA,NA,NA,NA,NA,NA,224,44.374687664,-79.686935544,-1.38646,8.97,231,24,14.1768
729,2.97096,90,175,"2026-08-09_AFIOS",4.29331959471063,310,NA,NA,NA,NA,NA,NA,NA,NA,NA,NA,NA,NA,NA,224,44.374673583,-79.68689573,-0.909138,8.93,232,24,13.9752
730,2.97482,90,175,"2026-08-09_AFIOS",4.31443610320131,306,NA,NA,NA,NA,NA,NA,NA,NA,NA,NA,NA,NA,NA,224,44.374648186,-79.686852731,0.0364886,8.9,233,24,13.9068
731,2.97865,90,175,"2026-08-09_AFIOS",4.34593654932638,305,NA,NA,NA,NA,NA,NA,NA,NA,NA,NA,NA,NA,NA,224,44.374634523,-79.686813336,0.503778,8.89,233,24,13.806
732,2.98247,90,175,"2026-08-09_AFIOS",4.3675751222921,302,NA,NA,NA,NA,NA,NA,NA,NA,NA,NA,NA,NA,NA,224,44.374613149,-79.686768744,0.503778,8.86,234,24,13.7376
733,2.98626,90,175,"2026-08-09_AFIOS",4.39985920450546,301,NA,NA,NA,NA,NA,NA,NA,NA,NA,NA,NA,NA,NA,224,44.374600744,-79.686729768,0.503778,8.82,235,24,13.6368
734,2.99009,89,174,"2026-08-09_AFIOS",4.34593654932638,299,NA,NA,NA,NA,NA,NA,NA,NA,NA,NA,NA,NA,NA,223.8,44.374580879,-79.686686685,-0.0184149,9.07,235,24,13.806
735,2.99391,89,174,"2026-08-09_AFIOS",4.3675751222921,302,NA,NA,NA,NA,NA,NA,NA,NA,NA,NA,NA,NA,NA,223.8,44.374571659,-79.686645111,-0.0184149,9.03,236,24,13.7376
736,2.99774,89,174,"2026-08-09_AFIOS",4.3561596096881,311,NA,NA,NA,NA,NA,NA,NA,NA,NA,NA,NA,NA,NA,223.8,44.374552548,-79.68659834,-0.522193,9.03,236,24,13.7736
737,3.00158,89,174,"2026-08-09_AFIOS",4.33576135969476,320,NA,NA,NA,NA,NA,NA,NA,NA,NA,NA,NA,NA,NA,223.8,44.374545675,-79.686557185,-0.522193,9.07,235,24,13.8384
738,3.00545,89,175,"2026-08-09_AFIOS",4.30440771349862,326,NA,NA,NA,NA,NA,NA,NA,NA,NA,NA,NA,NA,NA,223.8,44.374526145,-79.686510665,-0.522193,9.11,234,24,13.9392
739,3.00931,90,175,"2026-08-09_AFIOS",4.31443610320131,330,NA,NA,NA,NA,NA,NA,NA,NA,NA,NA,NA,NA,NA,223.8,44.374519607,-79.686469007,-0.522193,8.9,233,24,13.9068
740,3.01322,89,175,"2026-08-09_AFIOS",4.26257459505541,329,NA,NA,NA,NA,NA,NA,NA,NA,NA,NA,NA,NA,NA,223.8,44.374497479,-79.686421566,-0.522193,9.15,233,24,14.076
741,3.01716,89,176,"2026-08-09_AFIOS",4.2322668020992,332,NA,NA,NA,NA,NA,NA,NA,NA,NA,NA,NA,NA,NA,223.8,44.37448851,-79.686379908,-0.522193,9.15,233,24,14.1768
742,3.02111,89,176,"2026-08-09_AFIOS",4.22261633307998,334,NA,NA,NA,NA,NA,NA,NA,NA,NA,NA,NA,NA,NA,223.8,44.374471663,-79.686328191,-0.522193,9.18,232,24,14.2092
743,3.02505,89,176,"2026-08-09_AFIOS",4.2322668020992,337,NA,NA,NA,NA,NA,NA,NA,NA,NA,NA,NA,NA,NA,223.6,44.374465628,-79.686284857,-1.02981,9.15,233,24,14.1768
744,3.02897,89,176,"2026-08-09_AFIOS",4.25278557455133,337,NA,NA,NA,NA,NA,NA,NA,NA,NA,NA,NA,NA,NA,223.6,44.374447942,-79.686236577,-0.507614,9.15,233,24,14.1084
745,3.03287,89,176,"2026-08-09_AFIOS",4.26257459505541,337,NA,NA,NA,NA,NA,NA,NA,NA,NA,NA,NA,NA,NA,223.6,44.374444254,-79.686196176,-0.507614,9.15,233,24,14.076
746,3.03673,89,176,"2026-08-09_AFIOS",4.32451133021969,334,NA,NA,NA,NA,NA,NA,NA,NA,NA,NA,NA,NA,NA,223.6,44.374427322,-79.686144125,-0.507614,9.07,235,24,13.8744
747,3.04055,90,175,"2026-08-09_AFIOS",4.3561596096881,329,NA,NA,NA,NA,NA,NA,NA,NA,NA,NA,NA,NA,NA,223.4,44.37442221,-79.686100874,-1.03117,8.86,234,24,13.7736
748,3.04436,90,175,"2026-08-09_AFIOS",4.37790035898783,326,NA,NA,NA,NA,NA,NA,NA,NA,NA,NA,NA,NA,NA,223.4,44.374406703,-79.68604547,-1.03117,8.86,234,24,13.7052
749,3.0482,90,176,"2026-08-09_AFIOS",4.34593654932638,324,NA,NA,NA,NA,NA,NA,NA,NA,NA,NA,NA,NA,NA,223.4,44.374405949,-79.686003309,-1.03117,8.89,233,24,13.806
750,3.05206,89,176,"2026-08-09_AFIOS",4.31443610320131,325,NA,NA,NA,NA,NA,NA,NA,NA,NA,NA,NA,NA,NA,223.2,44.374394298,-79.685944887,-1.54931,9.07,235,24,13.9068
751,3.05598,90,175,"2026-08-09_AFIOS",4.25278557455133,328,NA,NA,NA,NA,NA,NA,NA,NA,NA,NA,NA,NA,NA,223.2,44.374395974,-79.685901888,-1.54931,8.97,231,24,14.1084
752,3.05994,90,175,"2026-08-09_AFIOS",4.20238695579089,332,NA,NA,NA,NA,NA,NA,NA,NA,NA,NA,NA,NA,NA,223.2,44.374386084,-79.685842795,-1.54931,9.01,230,24,14.2776
753,3.06397,90,176,"2026-08-09_AFIOS",4.13462333581411,334,NA,NA,NA,NA,NA,NA,NA,NA,NA,NA,NA,NA,NA,223.2,44.374387676,-79.685799377,-1.04169,9.08,228,24,14.5116
754,3.06802,90,175,"2026-08-09_AFIOS",4.11522633744856,340,NA,NA,NA,NA,NA,NA,NA,NA,NA,NA,NA,NA,NA,223,44.374378624,-79.685742715,-1.53552,9.08,228,24,14.58
755,3.07205,90,175,"2026-08-09_AFIOS",4.13462333581411,342,NA,NA,NA,NA,NA,NA,NA,NA,NA,NA,NA,NA,NA,223,44.374379797,-79.685698962,-1.53552,9.08,228,24,14.5116
756,3.07607,90,175,"2026-08-09_AFIOS",4.15420405450316,339,NA,NA,NA,NA,NA,NA,NA,NA,NA,NA,NA,NA,NA,223,44.374370242,-79.685641127,-1.53552,9.05,229,24,14.4432
757,3.08012,90,175,"2026-08-09_AFIOS",4.11522633744856,341,NA,NA,NA,NA,NA,NA,NA,NA,NA,NA,NA,NA,NA,223,44.374368062,-79.685597708,-1.01196,9.08,228,24,14.58
758,3.08416,90,175,"2026-08-09_AFIOS",4.12541254125412,343,NA,NA,NA,NA,NA,NA,NA,NA,NA,NA,NA,NA,NA,223,44.374360519,-79.685542052,-1.01196,9.08,228,24,14.544
759,3.08817,90,175,"2026-08-09_AFIOS",4.15420405450316,342,NA,NA,NA,NA,NA,NA,NA,NA,NA,NA,NA,NA,NA,223,44.374362111,-79.685497209,-1.01196,9.05,229,24,14.4432
760,3.09221,90,175,"2026-08-09_AFIOS",4.12541254125412,341,NA,NA,NA,NA,NA,NA,NA,NA,NA,NA,NA,NA,NA,223,44.374356495,-79.685442559,-0.493827,9.08,228,24,14.544
761,3.09625,90,174,"2026-08-09_AFIOS",4.12541254125412,342,NA,NA,NA,NA,NA,NA,NA,NA,NA,NA,NA,NA,NA,223.2,44.374360519,-79.685399812,0,9.08,228,24,14.544
762,3.10022,90,174,"2026-08-09_AFIOS",4.19287211740042,343,NA,NA,NA,NA,NA,NA,NA,NA,NA,NA,NA,NA,NA,223.2,44.374356579,-79.685347508,0,9.01,230,24,14.31
763,3.10414,89,174,"2026-08-09_AFIOS",4.25278557455133,338,NA,NA,NA,NA,NA,NA,NA,NA,NA,NA,NA,NA,NA,223.2,44.37435792,-79.685304761,0,9.15,233,24,14.1084
764,3.10803,89,174,"2026-08-09_AFIOS",4.28338901739056,336,NA,NA,NA,NA,NA,NA,NA,NA,NA,NA,NA,NA,NA,223.2,44.374352975,-79.685250614,0.49505,9.11,234,24,14.0076
765,3.11189,89,174,"2026-08-09_AFIOS",4.32451133021969,340,NA,NA,NA,NA,NA,NA,NA,NA,NA,NA,NA,NA,NA,223.2,44.374355322,-79.685207195,0.49505,9.07,235,24,13.8744
766,3.1157,89,174,"2026-08-09_AFIOS",4.3675751222921,343,NA,NA,NA,NA,NA,NA,NA,NA,NA,NA,NA,NA,NA,223,44.37435046,-79.685154892,-0.0298849,9.03,236,24,13.7376
767,3.11952,89,174,"2026-08-09_AFIOS",4.3675751222921,345,NA,NA,NA,NA,NA,NA,NA,NA,NA,NA,NA,NA,NA,223,44.374351382,-79.685108708,-0.0298849,9.03,236,24,13.7376
768,3.12335,90,174,"2026-08-09_AFIOS",4.34593654932638,349,NA,NA,NA,NA,NA,NA,NA,NA,NA,NA,NA,NA,NA,223,44.374349538,-79.685055902,-0.0298849,8.89,233,24,13.806
769,3.12718,90,174,"2026-08-09_AFIOS",4.3561596096881,350,NA,NA,NA,NA,NA,NA,NA,NA,NA,NA,NA,NA,NA,222.8,44.374352221,-79.685012149,-0.552078,8.86,234,24,13.7736
770,3.13103,90,174,"2026-08-09_AFIOS",4.32451133021969,348,NA,NA,NA,NA,NA,NA,NA,NA,NA,NA,NA,NA,NA,222.8,44.3743487,-79.684959007,-0.552078,8.89,233,24,13.8744
771,3.13493,90,174,"2026-08-09_AFIOS",4.27350427350427,347,NA,NA,NA,NA,NA,NA,NA,NA,NA,NA,NA,NA,NA,222.8,44.374349455,-79.684915505,-1.04713,8.93,232,24,14.04
772,3.13884,90,174,"2026-08-09_AFIOS",4.26257459505541,346,NA,NA,NA,NA,NA,NA,NA,NA,NA,NA,NA,NA,NA,222.6,44.374345431,-79.684862029,-1.55864,8.97,231,24,14.076
773,3.14278,90,174,"2026-08-09_AFIOS",4.2322668020992,341,NA,NA,NA,NA,NA,NA,NA,NA,NA,NA,NA,NA,NA,222.6,44.374349874,-79.684818191,-1.55864,8.97,231,24,14.1768
774,3.14672,91,174,"2026-08-09_AFIOS",4.2322668020992,340,NA,NA,NA,NA,NA,NA,NA,NA,NA,NA,NA,NA,NA,222.6,44.374348197,-79.684764044,-1.55864,8.8,229,24,14.1768
775,3.15061,91,174,"2026-08-09_AFIOS",4.28338901739056,336,NA,NA,NA,NA,NA,NA,NA,NA,NA,NA,NA,NA,NA,222.6,44.374349958,-79.68471962,-1.55864,8.76,230,24,14.0076
776,3.1545,91,174,"2026-08-09_AFIOS",4.28338901739056,333,NA,NA,NA,NA,NA,NA,NA,NA,NA,NA,NA,NA,NA,222.6,44.374346605,-79.684666311,-1.0337,8.76,230,24,14.0076
777,3.15841,91,174,"2026-08-09_AFIOS",4.26257459505541,335,NA,NA,NA,NA,NA,NA,NA,NA,NA,NA,NA,NA,NA,222.6,44.374348533,-79.684620881,-1.0337,8.8,229,24,14.076
778,3.16231,90,174,"2026-08-09_AFIOS",4.27350427350427,339,NA,NA,NA,NA,NA,NA,NA,NA,NA,NA,NA,NA,NA,222.8,44.374343587,-79.684564303,-0.520882,8.93,232,24,14.04
779,3.16624,90,174,"2026-08-09_AFIOS",4.24304141208418,341,NA,NA,NA,NA,NA,NA,NA,NA,NA,NA,NA,NA,NA,222.8,44.374346437,-79.684517616,0,8.97,231,24,14.1408
780,3.17018,90,174,"2026-08-09_AFIOS",4.2322668020992,343,NA,NA,NA,NA,NA,NA,NA,NA,NA,NA,NA,NA,NA,222.8,44.374341743,-79.684456261,0,8.97,231,24,14.1768
781,3.17409,90,174,"2026-08-09_AFIOS",4.25278557455133,342,NA,NA,NA,NA,NA,NA,NA,NA,NA,NA,NA,NA,NA,222.8,44.37434518,-79.684409909,0,8.97,231,24,14.1084
782,3.17801,90,174,"2026-08-09_AFIOS",4.25278557455133,339,NA,NA,NA,NA,NA,NA,NA,NA,NA,NA,NA,NA,NA,222.8,44.374341073,-79.684357019,0.512821,8.97,231,24,14.1084
783,3.18193,90,174,"2026-08-09_AFIOS",4.25278557455133,335,NA,NA,NA,NA,NA,NA,NA,NA,NA,NA,NA,NA,NA,222.8,44.374343839,-79.684315109,0.512821,8.97,231,24,14.1084
784,3.18579,90,173,"2026-08-09_AFIOS",4.32451133021969,335,NA,NA,NA,NA,NA,NA,NA,NA,NA,NA,NA,NA,NA,222.8,44.374343587,-79.684268841,0.512821,8.89,233,24,13.8744
785,3.18961,90,174,"2026-08-09_AFIOS",4.3561596096881,334,NA,NA,NA,NA,NA,NA,NA,NA,NA,NA,NA,NA,NA,223,44.374346689,-79.684227602,1.03638,8.86,234,24,13.7736
786,3.19344,90,174,"2026-08-09_AFIOS",4.3561596096881,331,NA,NA,NA,NA,NA,NA,NA,NA,NA,NA,NA,NA,NA,223,44.374347527,-79.684180328,1.03638,8.86,234,24,13.7736
787,3.19723,90,174,"2026-08-09_AFIOS",4.39985920450546,331,NA,NA,NA,NA,NA,NA,NA,NA,NA,NA,NA,NA,NA,223,44.374351382,-79.684136156,1.03638,8.82,235,25,13.6368
788,3.20098,90,174,"2026-08-09_AFIOS",4.44325957522438,331,NA,NA,NA,NA,NA,NA,NA,NA,NA,NA,NA,NA,NA,223,44.3743487,-79.684083937,0.52356,8.78,236,25,13.5036
789,3.2048,90,174,"2026-08-09_AFIOS",4.3561596096881,330,NA,NA,NA,NA,NA,NA,NA,NA,NA,NA,NA,NA,NA,223,44.374350796,-79.684038926,0.52356,8.86,234,25,13.7736
790,3.20866,90,173,"2026-08-09_AFIOS",4.32451133021969,337,NA,NA,NA,NA,NA,NA,NA,NA,NA,NA,NA,NA,NA,223,44.374347359,-79.683983773,0.52356,8.86,234,25,13.8744
791,3.21254,90,174,"2026-08-09_AFIOS",4.29331959471063,339,NA,NA,NA,NA,NA,NA,NA,NA,NA,NA,NA,NA,NA,223,44.374347946,-79.683937756,0.52356,8.93,232,25,13.9752
792,3.21645,90,173,"2026-08-09_AFIOS",4.26257459505541,343,NA,NA,NA,NA,NA,NA,NA,NA,NA,NA,NA,NA,NA,223,44.374345012,-79.683883861,0.52356,8.97,231,25,14.076
793,3.22039,90,173,"2026-08-09_AFIOS",4.22261633307998,343,NA,NA,NA,NA,NA,NA,NA,NA,NA,NA,NA,NA,NA,223,44.374344845,-79.683839017,0.52356,9.01,230,25,14.2092
794,3.22432,90,173,"2026-08-09_AFIOS",4.24304141208418,346,NA,NA,NA,NA,NA,NA,NA,NA,NA,NA,NA,NA,NA,223,44.374341659,-79.683787301,0.52356,8.97,231,24,14.1408
795,3.22829,90,173,"2026-08-09_AFIOS",4.20238695579089,345,NA,NA,NA,NA,NA,NA,NA,NA,NA,NA,NA,NA,NA,223,44.374341743,-79.683740698,0,9.01,230,25,14.2776
796,3.23224,90,173,"2026-08-09_AFIOS",4.21300977418268,348,NA,NA,NA,NA,NA,NA,NA,NA,NA,NA,NA,NA,NA,223,44.374344928,-79.683693927,0,9.01,230,25,14.2416
797,3.23619,90,173,"2026-08-09_AFIOS",4.22261633307998,349,NA,NA,NA,NA,NA,NA,NA,NA,NA,NA,NA,NA,NA,223,44.374343252,-79.683648078,0,9.01,230,25,14.2092
798,3.24012,89,173,"2026-08-09_AFIOS",4.24304141208418,348,NA,NA,NA,NA,NA,NA,NA,NA,NA,NA,NA,NA,NA,223,44.374339229,-79.683597702,0,9.15,233,25,14.1408
799,3.24404,89,173,"2026-08-09_AFIOS",4.25278557455133,346,NA,NA,NA,NA,NA,NA,NA,NA,NA,NA,NA,NA,NA,222.8,44.374339564,-79.683551434,-0.510204,9.15,233,25,14.1084
800,3.24791,90,173,"2026-08-09_AFIOS",4.30440771349862,344,NA,NA,NA,NA,NA,NA,NA,NA,NA,NA,NA,NA,NA,223,44.374336463,-79.683498544,0,8.93,232,25,13.9392
801,3.25176,90,173,"2026-08-09_AFIOS",4.32451133021969,342,NA,NA,NA,NA,NA,NA,NA,NA,NA,NA,NA,NA,NA,223,44.374336714,-79.683450265,0,8.89,233,25,13.8744
802,3.25565,90,173,"2026-08-09_AFIOS",4.29331959471063,340,NA,NA,NA,NA,NA,NA,NA,NA,NA,NA,NA,NA,NA,223,44.374337301,-79.683396118,0,8.93,232,25,13.9752
803,3.25953,90,173,"2026-08-09_AFIOS",4.29331959471063,341,NA,NA,NA,NA,NA,NA,NA,NA,NA,NA,NA,NA,NA,223,44.374337636,-79.68335228,0,8.93,232,25,13.9752
804,3.26343,90,172,"2026-08-09_AFIOS",4.27350427350427,339,NA,NA,NA,NA,NA,NA,NA,NA,NA,NA,NA,NA,NA,223,44.374334367,-79.683302324,0,8.93,232,25,14.04
805,3.26733,90,173,"2026-08-09_AFIOS",4.27350427350427,338,NA,NA,NA,NA,NA,NA,NA,NA,NA,NA,NA,NA,NA,223,44.374334451,-79.683258822,0,8.93,232,25,14.04
806,3.2712,91,172,"2026-08-09_AFIOS",4.30440771349862,337,NA,NA,NA,NA,NA,NA,NA,NA,NA,NA,NA,NA,NA,223,44.374331769,-79.68320677,0,8.76,230,25,13.9392
807,3.27502,90,172,"2026-08-09_AFIOS",4.3675751222921,334,NA,NA,NA,NA,NA,NA,NA,NA,NA,NA,NA,NA,NA,222.8,44.374330763,-79.683162011,-0.516968,8.86,234,25,13.7376
808,3.27884,90,172,"2026-08-09_AFIOS",4.3561596096881,328,NA,NA,NA,NA,NA,NA,NA,NA,NA,NA,NA,NA,NA,223,44.374328081,-79.683110295,0,8.86,234,25,13.7736
809,3.28265,90,172,"2026-08-09_AFIOS",4.37790035898783,328,NA,NA,NA,NA,NA,NA,NA,NA,NA,NA,NA,NA,NA,222.8,44.374325147,-79.683061428,0,8.86,234,25,13.7052
810,3.28644,90,173,"2026-08-09_AFIOS",4.39985920450546,328,NA,NA,NA,NA,NA,NA,NA,NA,NA,NA,NA,NA,NA,222.8,44.374324309,-79.683012981,-0.524934,8.82,235,25,13.6368
811,3.29024,90,173,"2026-08-09_AFIOS",4.37790035898783,327,NA,NA,NA,NA,NA,NA,NA,NA,NA,NA,NA,NA,NA,223,44.374322046,-79.682965204,0,8.86,234,25,13.7052
812,3.29407,89,173,"2026-08-09_AFIOS",4.3561596096881,328,NA,NA,NA,NA,NA,NA,NA,NA,NA,NA,NA,NA,NA,222.8,44.374322884,-79.682920277,-0.520812,9.03,236,25,13.7736
813,3.2979,89,174,"2026-08-09_AFIOS",4.34593654932638,330,NA,NA,NA,NA,NA,NA,NA,NA,NA,NA,NA,NA,NA,222.8,44.374320872,-79.682868142,-0.520812,9.07,235,25,13.806
814,3.30173,89,173,"2026-08-09_AFIOS",4.3561596096881,330,NA,NA,NA,NA,NA,NA,NA,NA,NA,NA,NA,NA,NA,222.8,44.374321794,-79.682821371,-0.520812,9.03,236,25,13.7736
815,3.30563,89,173,"2026-08-09_AFIOS",4.27350427350427,332,NA,NA,NA,NA,NA,NA,NA,NA,NA,NA,NA,NA,NA,222.8,44.374317352,-79.682769738,-0.520812,9.11,234,25,14.04
816,3.30952,89,173,"2026-08-09_AFIOS",4.28338901739056,338,NA,NA,NA,NA,NA,NA,NA,NA,NA,NA,NA,NA,NA,222.8,44.374320453,-79.682725482,-0.520812,9.11,234,25,14.0076
817,3.3134,89,174,"2026-08-09_AFIOS",4.29331959471063,338,NA,NA,NA,NA,NA,NA,NA,NA,NA,NA,NA,NA,NA,223,44.374317687,-79.682676699,0.518212,9.11,234,25,13.9752
818,3.31727,90,174,"2026-08-09_AFIOS",4.30440771349862,339,NA,NA,NA,NA,NA,NA,NA,NA,NA,NA,NA,NA,NA,223,44.374318777,-79.682629928,0,8.93,232,25,13.9392
819,3.32113,90,173,"2026-08-09_AFIOS",4.32451133021969,338,NA,NA,NA,NA,NA,NA,NA,NA,NA,NA,NA,NA,NA,223,44.374311987,-79.682578212,0.519586,8.89,233,25,13.8744
820,3.32496,89,173,"2026-08-09_AFIOS",4.34593654932638,336,NA,NA,NA,NA,NA,NA,NA,NA,NA,NA,NA,NA,NA,223,44.374315927,-79.682533704,0.519586,9.07,235,25,13.806
821,3.32876,89,173,"2026-08-09_AFIOS",4.38827453045463,337,NA,NA,NA,NA,NA,NA,NA,NA,NA,NA,NA,NA,NA,223,44.374310143,-79.682482993,0,9.03,236,25,13.6728
822,3.33255,89,173,"2026-08-09_AFIOS",4.39985920450546,334,NA,NA,NA,NA,NA,NA,NA,NA,NA,NA,NA,NA,NA,222.8,44.374313496,-79.682438988,-0.0122406,8.99,237,25,13.6368
823,3.33634,89,173,"2026-08-09_AFIOS",4.39985920450546,334,NA,NA,NA,NA,NA,NA,NA,NA,NA,NA,NA,NA,NA,222.8,44.37430721,-79.682384841,-0.0122406,8.99,237,25,13.6368
824,3.34018,89,172,"2026-08-09_AFIOS",4.33576135969476,336,NA,NA,NA,NA,NA,NA,NA,NA,NA,NA,NA,NA,NA,222.6,44.37430721,-79.682339579,-0.533074,9.07,235,25,13.8384
825,3.34404,89,172,"2026-08-09_AFIOS",4.32451133021969,336,NA,NA,NA,NA,NA,NA,NA,NA,NA,NA,NA,NA,NA,222.6,44.374298241,-79.682284426,-0.533074,9.07,235,25,13.8744
826,3.34793,89,171,"2026-08-09_AFIOS",4.28338901739056,342,NA,NA,NA,NA,NA,NA,NA,NA,NA,NA,NA,NA,NA,222.6,44.374302935,-79.682245282,-0.533074,9.11,234,25,14.0076
827,3.35182,89,171,"2026-08-09_AFIOS",4.28338901739056,342,NA,NA,NA,NA,NA,NA,NA,NA,NA,NA,NA,NA,NA,222.6,44.374297654,-79.682193566,-1.04854,9.11,234,25,14.0076
828,3.35571,89,171,"2026-08-09_AFIOS",4.28338901739056,340,NA,NA,NA,NA,NA,NA,NA,NA,NA,NA,NA,NA,NA,222.6,44.374299163,-79.682152578,-1.04854,9.11,234,25,14.0076
829,3.35951,89,171,"2026-08-09_AFIOS",4.37790035898783,338,NA,NA,NA,NA,NA,NA,NA,NA,NA,NA,NA,NA,NA,222.6,44.374293966,-79.682099102,-1.04854,9.03,236,25,13.7052
830,3.36331,89,171,"2026-08-09_AFIOS",4.38827453045463,333,NA,NA,NA,NA,NA,NA,NA,NA,NA,NA,NA,NA,NA,222.6,44.374297906,-79.68205736,-1.04854,9.03,236,25,13.6728
831,3.36709,89,172,"2026-08-09_AFIOS",4.41033783187792,332,NA,NA,NA,NA,NA,NA,NA,NA,NA,NA,NA,NA,NA,222.6,44.374292039,-79.682001788,-1.04854,8.99,237,25,13.6044
832,3.37089,89,172,"2026-08-09_AFIOS",4.38827453045463,330,NA,NA,NA,NA,NA,NA,NA,NA,NA,NA,NA,NA,NA,222.6,44.37429623,-79.681956274,-0.520833,9.03,236,25,13.6728
833,3.3747,89,172,"2026-08-09_AFIOS",4.37790035898783,331,NA,NA,NA,NA,NA,NA,NA,NA,NA,NA,NA,NA,NA,222.6,44.374292877,-79.681900283,-0.520833,9.03,236,25,13.7052
834,3.3785,89,172,"2026-08-09_AFIOS",4.37790035898783,333,NA,NA,NA,NA,NA,NA,NA,NA,NA,NA,NA,NA,NA,222.6,44.374296062,-79.681858038,0,9.03,236,25,13.7052
835,3.3823,89,172,"2026-08-09_AFIOS",4.38827453045463,332,NA,NA,NA,NA,NA,NA,NA,NA,NA,NA,NA,NA,NA,222.6,44.374291619,-79.681807244,0,9.03,236,25,13.6728
836,3.38608,89,172,"2026-08-09_AFIOS",4.41033783187792,331,NA,NA,NA,NA,NA,NA,NA,NA,NA,NA,NA,NA,NA,222.6,44.374294553,-79.681764999,0,8.99,237,25,13.6044
837,3.38986,89,172,"2026-08-09_AFIOS",4.41033783187792,330,NA,NA,NA,NA,NA,NA,NA,NA,NA,NA,NA,NA,NA,222.6,44.374292961,-79.681715881,0,8.99,237,25,13.6044
838,3.39362,89,172,"2026-08-09_AFIOS",4.43262411347518,332,NA,NA,NA,NA,NA,NA,NA,NA,NA,NA,NA,NA,NA,222.6,44.37429581,-79.681673888,0,8.99,237,25,13.536
839,3.39736,89,172,"2026-08-09_AFIOS",4.45394619632995,330,NA,NA,NA,NA,NA,NA,NA,NA,NA,NA,NA,NA,NA,222.8,44.374294134,-79.681624183,0.534759,8.95,238,25,13.4712
840,3.40105,88,172,"2026-08-09_AFIOS",4.510599909788,331,NA,NA,NA,NA,NA,NA,NA,NA,NA,NA,NA,NA,NA,222.8,44.374293212,-79.681579089,0.534759,9.09,241,25,13.302
841,3.40471,88,172,"2026-08-09_AFIOS",4.55622380171314,328,NA,NA,NA,NA,NA,NA,NA,NA,NA,NA,NA,NA,NA,222.8,44.374295643,-79.681532485,0.534759,9.05,242,25,13.1688
842,3.40838,88,173,"2026-08-09_AFIOS",4.54504135987638,326,NA,NA,NA,NA,NA,NA,NA,NA,NA,NA,NA,NA,NA,222.8,44.374288183,-79.681485966,0.534759,9.05,242,25,13.2012
843,3.41205,88,173,"2026-08-09_AFIOS",4.54504135987638,328,NA,NA,NA,NA,NA,NA,NA,NA,NA,NA,NA,NA,NA,222.8,44.374278125,-79.681444056,0.534759,9.05,242,25,13.2012
844,3.41576,88,173,"2026-08-09_AFIOS",4.48752468138575,336,NA,NA,NA,NA,NA,NA,NA,NA,NA,NA,NA,NA,NA,222.8,44.374250464,-79.681408014,0.534759,9.09,241,25,13.3704
845,3.41951,88,172,"2026-08-09_AFIOS",4.44325957522438,343,NA,NA,NA,NA,NA,NA,NA,NA,NA,NA,NA,NA,NA,223,44.374236131,-79.681377252,1.06809,9.13,240,25,13.5036
846,3.42326,88,172,"2026-08-09_AFIOS",4.44325957522438,341,NA,NA,NA,NA,NA,NA,NA,NA,NA,NA,NA,NA,NA,223.2,44.374205789,-79.681342635,1.60143,9.13,240,25,13.5036
847,3.42694,87,173,"2026-08-09_AFIOS",4.53391367428364,340,NA,NA,NA,NA,NA,NA,NA,NA,NA,NA,NA,NA,NA,223.4,44.374185337,-79.681313047,2.1449,9.23,244,25,13.2336
848,3.43058,86,174,"2026-08-09_AFIOS",4.58001282403591,337,NA,NA,NA,NA,NA,NA,NA,NA,NA,NA,NA,NA,NA,223.6,44.374157006,-79.681284381,2.69435,9.38,247,25,13.1004
849,3.43415,86,174,"2026-08-09_AFIOS",4.6633090841261,335,NA,NA,NA,NA,NA,NA,NA,NA,NA,NA,NA,NA,NA,223.8,44.374132866,-79.681260995,2.71982,9.29,249,25,12.8664
850,3.43764,87,175,"2026-08-09_AFIOS",4.77554918815664,331,NA,NA,NA,NA,NA,NA,NA,NA,NA,NA,NA,NA,NA,223.8,44.374109984,-79.681235682,2.71982,9.01,249,25,12.564
851,3.44111,86,176,"2026-08-09_AFIOS",4.80169019494862,327,NA,NA,NA,NA,NA,NA,NA,NA,NA,NA,NA,NA,NA,224,44.374077965,-79.681210117,3.29619,9.16,252,25,12.4956
852,3.44456,86,176,"2026-08-09_AFIOS",4.82811896485129,326,NA,NA,NA,NA,NA,NA,NA,NA,NA,NA,NA,NA,NA,224.2,44.374062877,-79.681177595,3.8759,9.15,252,25,12.4272
853,3.44806,85,175,"2026-08-09_AFIOS",4.76326569496046,324,NA,NA,NA,NA,NA,NA,NA,NA,NA,NA,NA,NA,NA,224.4,44.374033876,-79.681134848,4.44733,9.39,253,25,12.5964
854,3.45159,85,174,"2026-08-09_AFIOS",4.7254512805973,330,NA,NA,NA,NA,NA,NA,NA,NA,NA,NA,NA,NA,NA,224.4,44.374019711,-79.681101236,4.44733,9.4,253,25,12.6972
855,3.45518,85,174,"2026-08-09_AFIOS",4.63994060876021,334,NA,NA,NA,NA,NA,NA,NA,NA,NA,NA,NA,NA,NA,224.6,44.374000181,-79.681056393,4.4711,9.49,251,25,12.9312
856,3.45884,85,174,"2026-08-09_AFIOS",4.55622380171314,343,NA,NA,NA,NA,NA,NA,NA,NA,NA,NA,NA,NA,NA,224.6,44.373987943,-79.681014903,3.93776,9.58,249,25,13.1688
857,3.46259,86,174,"2026-08-09_AFIOS",4.44325957522438,347,NA,NA,NA,NA,NA,NA,NA,NA,NA,NA,NA,NA,NA,224.4,44.373978639,-79.680968132,2.86095,9.51,244,25,13.5036
858,3.46638,86,174,"2026-08-09_AFIOS",4.39985920450546,353,NA,NA,NA,NA,NA,NA,NA,NA,NA,NA,NA,NA,NA,224.4,44.373970509,-79.680920523,2.3115,9.55,243,25,13.6368
859,3.47021,87,174,"2026-08-09_AFIOS",4.34593654932638,356,NA,NA,NA,NA,NA,NA,NA,NA,NA,NA,NA,NA,NA,224.2,44.373967659,-79.680877188,1.22908,9.4,240,25,13.806
860,3.47408,86,174,"2026-08-09_AFIOS",4.31443610320131,358,NA,NA,NA,NA,NA,NA,NA,NA,NA,NA,NA,NA,NA,224,44.37395693,-79.680827483,0.712288,9.64,241,25,13.9068
861,3.47797,86,174,"2026-08-09_AFIOS",4.28338901739056,357,NA,NA,NA,NA,NA,NA,NA,NA,NA,NA,NA,NA,NA,224,44.373954751,-79.680787334,0.135919,9.64,241,25,14.0076
862,3.48185,87,174,"2026-08-09_AFIOS",4.29331959471063,360,NA,NA,NA,NA,NA,NA,NA,NA,NA,NA,NA,NA,NA,224,44.373936562,-79.68073654,-0.443791,9.45,239,25,13.9752
863,3.48569,88,174,"2026-08-09_AFIOS",4.33576135969476,357,NA,NA,NA,NA,NA,NA,NA,NA,NA,NA,NA,NA,NA,223.8,44.373929018,-79.680695552,-1.53605,9.25,237,25,13.8384
864,3.48951,88,174,"2026-08-09_AFIOS",4.3675751222921,350,NA,NA,NA,NA,NA,NA,NA,NA,NA,NA,NA,NA,NA,223.8,44.373913344,-79.68064635,-1.53605,9.21,238,25,13.7376
865,3.49332,88,173,"2026-08-09_AFIOS",4.37790035898783,343,NA,NA,NA,NA,NA,NA,NA,NA,NA,NA,NA,NA,NA,223.6,44.373907225,-79.680604609,-2.61809,9.21,238,25,13.7052
866,3.4971,88,173,"2026-08-09_AFIOS",4.41033783187792,339,NA,NA,NA,NA,NA,NA,NA,NA,NA,NA,NA,NA,NA,223.6,44.373896161,-79.680558257,-2.61809,9.17,239,25,13.6044
867,3.50087,88,173,"2026-08-09_AFIOS",4.41033783187792,333,NA,NA,NA,NA,NA,NA,NA,NA,NA,NA,NA,NA,NA,223.4,44.37388954,-79.680514252,-2.61526,9.17,239,25,13.6044
868,3.50465,88,173,"2026-08-09_AFIOS",4.41033783187792,331,NA,NA,NA,NA,NA,NA,NA,NA,NA,NA,NA,NA,NA,223.4,44.373876296,-79.680464882,-2.61526,9.17,239,25,13.6044
869,3.50842,88,173,"2026-08-09_AFIOS",4.42086648983201,325,NA,NA,NA,NA,NA,NA,NA,NA,NA,NA,NA,NA,NA,223.4,44.373866154,-79.680420458,-2.09307,9.17,239,25,13.572
870,3.5122,88,173,"2026-08-09_AFIOS",4.41033783187792,322,NA,NA,NA,NA,NA,NA,NA,NA,NA,NA,NA,NA,NA,223.4,44.373853749,-79.680374525,-1.57627,9.17,239,25,13.6044
871,3.516,88,173,"2026-08-09_AFIOS",4.38827453045463,319,NA,NA,NA,NA,NA,NA,NA,NA,NA,NA,NA,NA,NA,223.4,44.3738395,-79.680327587,-1.57627,9.17,239,25,13.6728
872,3.51981,88,173,"2026-08-09_AFIOS",4.37790035898783,319,NA,NA,NA,NA,NA,NA,NA,NA,NA,NA,NA,NA,NA,223.4,44.373828938,-79.680281905,-1.57627,9.21,238,25,13.7052
873,3.52361,88,174,"2026-08-09_AFIOS",4.37790035898783,317,NA,NA,NA,NA,NA,NA,NA,NA,NA,NA,NA,NA,NA,223.4,44.373809073,-79.68023438,-1.05544,9.21,238,25,13.7052
874,3.52745,88,174,"2026-08-09_AFIOS",4.34593654932638,317,NA,NA,NA,NA,NA,NA,NA,NA,NA,NA,NA,NA,NA,223.4,44.373798596,-79.680192973,-1.05544,9.21,238,25,13.806
875,3.53125,88,173,"2026-08-09_AFIOS",4.38827453045463,318,NA,NA,NA,NA,NA,NA,NA,NA,NA,NA,NA,NA,NA,223.4,44.373776049,-79.680146286,-0.530504,9.17,239,25,13.6728
876,3.53502,88,173,"2026-08-09_AFIOS",4.42086648983201,315,NA,NA,NA,NA,NA,NA,NA,NA,NA,NA,NA,NA,NA,223.4,44.373768002,-79.68010907,-0.530504,9.17,239,25,13.572
877,3.53877,87,173,"2026-08-09_AFIOS",4.44325957522438,313,NA,NA,NA,NA,NA,NA,NA,NA,NA,NA,NA,NA,NA,223.4,44.373754256,-79.680064814,0,9.32,242,25,13.5036
878,3.54253,88,172,"2026-08-09_AFIOS",4.43262411347518,314,NA,NA,NA,NA,NA,NA,NA,NA,NA,NA,NA,NA,NA,223.4,44.373745706,-79.680024665,0,9.13,240,25,13.536
879,3.54624,87,173,"2026-08-09_AFIOS",4.48752468138575,323,NA,NA,NA,NA,NA,NA,NA,NA,NA,NA,NA,NA,NA,223.4,44.373732547,-79.679976217,0,9.28,243,25,13.3704
880,3.54999,87,173,"2026-08-09_AFIOS",4.44325957522438,326,NA,NA,NA,NA,NA,NA,NA,NA,NA,NA,NA,NA,NA,223.4,44.373725673,-79.679930201,0,9.32,242,25,13.5036
881,3.55378,87,174,"2026-08-09_AFIOS",4.39985920450546,331,NA,NA,NA,NA,NA,NA,NA,NA,NA,NA,NA,NA,NA,223.4,44.373721818,-79.679884184,0,9.36,241,25,13.6368
882,3.55758,87,174,"2026-08-09_AFIOS",4.38827453045463,335,NA,NA,NA,NA,NA,NA,NA,NA,NA,NA,NA,NA,NA,223.2,44.373721399,-79.679842107,-0.526316,9.36,241,25,13.6728
883,3.56139,88,176,"2026-08-09_AFIOS",4.3675751222921,335,NA,NA,NA,NA,NA,NA,NA,NA,NA,NA,NA,NA,NA,223.2,44.373716202,-79.67979148,-0.526316,9.21,238,25,13.7376
884,3.56522,89,176,"2026-08-09_AFIOS",4.3561596096881,333,NA,NA,NA,NA,NA,NA,NA,NA,NA,NA,NA,NA,NA,223,44.373711424,-79.679745631,-1.04851,9.03,236,25,13.7736
885,3.56904,90,176,"2026-08-09_AFIOS",4.3561596096881,335,NA,NA,NA,NA,NA,NA,NA,NA,NA,NA,NA,NA,NA,223.2,44.373706814,-79.679691903,-0.524949,8.86,234,25,13.7736
886,3.57288,90,176,"2026-08-09_AFIOS",4.34593654932638,336,NA,NA,NA,NA,NA,NA,NA,NA,NA,NA,NA,NA,NA,223.2,44.373692313,-79.679646389,-0.524949,8.89,233,25,13.806
887,3.57674,89,177,"2026-08-09_AFIOS",4.31443610320131,338,NA,NA,NA,NA,NA,NA,NA,NA,NA,NA,NA,NA,NA,223.2,44.373691308,-79.679603809,-0.524949,9.07,235,25,13.9068
888,3.58064,88,177,"2026-08-09_AFIOS",4.27350427350427,342,NA,NA,NA,NA,NA,NA,NA,NA,NA,NA,NA,NA,NA,223.2,44.373682674,-79.679555697,-0.524949,9.29,236,25,14.04
889,3.58462,88,177,"2026-08-09_AFIOS",4.19287211740042,344,NA,NA,NA,NA,NA,NA,NA,NA,NA,NA,NA,NA,NA,223.2,44.373682171,-79.679515464,-0.524949,9.37,234,25,14.31
890,3.58855,88,176,"2026-08-09_AFIOS",4.2322668020992,343,NA,NA,NA,NA,NA,NA,NA,NA,NA,NA,NA,NA,NA,223.2,44.373669766,-79.679460144,-0.524949,9.33,235,26,14.1768
891,3.59247,88,177,"2026-08-09_AFIOS",4.25278557455133,339,NA,NA,NA,NA,NA,NA,NA,NA,NA,NA,NA,NA,NA,223.2,44.373670101,-79.679418569,-0.524949,9.33,235,25,14.1084
892,3.59636,88,178,"2026-08-09_AFIOS",4.29331959471063,341,NA,NA,NA,NA,NA,NA,NA,NA,NA,NA,NA,NA,NA,223.4,44.373656774,-79.679365009,0.515506,9.29,236,25,13.9752
893,3.60019,88,177,"2026-08-09_AFIOS",4.34593654932638,338,NA,NA,NA,NA,NA,NA,NA,NA,NA,NA,NA,NA,NA,223.4,44.373657026,-79.679327207,0.515506,9.21,238,25,13.806
894,3.60396,88,176,"2026-08-09_AFIOS",4.42086648983201,332,NA,NA,NA,NA,NA,NA,NA,NA,NA,NA,NA,NA,NA,223.4,44.373645375,-79.679275825,1.0377,9.17,239,26,13.572
895,3.6077,88,175,"2026-08-09_AFIOS",4.45394619632995,324,NA,NA,NA,NA,NA,NA,NA,NA,NA,NA,NA,NA,NA,223.4,44.373642357,-79.679234587,0.514139,9.13,240,26,13.4712
896,3.6114,88,175,"2026-08-09_AFIOS",4.510599909788,321,NA,NA,NA,NA,NA,NA,NA,NA,NA,NA,NA,NA,NA,223.4,44.373633389,-79.679185301,0.514139,9.09,241,25,13.302
897,3.61508,89,175,"2026-08-09_AFIOS",4.52161331162959,315,NA,NA,NA,NA,NA,NA,NA,NA,NA,NA,NA,NA,NA,223.4,44.373628359,-79.67914423,0.514139,8.91,239,26,13.2696
898,3.61873,88,176,"2026-08-09_AFIOS",4.5687134502924,313,NA,NA,NA,NA,NA,NA,NA,NA,NA,NA,NA,NA,NA,223.4,44.373621905,-79.679099135,0.514139,9.04,242,25,13.1328
899,3.62237,88,175,"2026-08-09_AFIOS",4.58001282403591,311,NA,NA,NA,NA,NA,NA,NA,NA,NA,NA,NA,NA,NA,223.4,44.373613356,-79.679053537,0.514139,9.01,243,26,13.1004
900,3.62602,88,176,"2026-08-09_AFIOS",4.5687134502924,309,NA,NA,NA,NA,NA,NA,NA,NA,NA,NA,NA,NA,NA,223.4,44.373608494,-79.679008694,0.514139,9.04,242,26,13.1328
901,3.62967,87,176,"2026-08-09_AFIOS",4.5687134502924,310,NA,NA,NA,NA,NA,NA,NA,NA,NA,NA,NA,NA,NA,223.4,44.373602208,-79.678961169,0.514139,9.19,245,26,13.1328
902,3.63329,87,176,"2026-08-09_AFIOS",4.60405156537753,309,NA,NA,NA,NA,NA,NA,NA,NA,NA,NA,NA,NA,NA,223.4,44.373608411,-79.678918002,0,9.19,245,26,13.032
903,3.63692,87,177,"2026-08-09_AFIOS",4.59136822773186,314,NA,NA,NA,NA,NA,NA,NA,NA,NA,NA,NA,NA,NA,223.4,44.373620564,-79.678868465,0,9.19,245,26,13.068
904,3.64048,87,177,"2026-08-09_AFIOS",4.67639356528245,318,NA,NA,NA,NA,NA,NA,NA,NA,NA,NA,NA,NA,NA,223.4,44.373639843,-79.678838122,0,9.1,247,26,12.8304
905,3.64404,87,176,"2026-08-09_AFIOS",4.67639356528245,317,NA,NA,NA,NA,NA,NA,NA,NA,NA,NA,NA,NA,NA,223.2,44.373663647,-79.678800069,-0.561798,9.1,247,26,12.8304
906,3.64766,87,176,"2026-08-09_AFIOS",4.60405156537753,315,NA,NA,NA,NA,NA,NA,NA,NA,NA,NA,NA,NA,NA,223.2,44.373682255,-79.678769726,-0.561798,9.19,245,26,13.032
907,3.65128,87,176,"2026-08-09_AFIOS",4.60405156537753,315,NA,NA,NA,NA,NA,NA,NA,NA,NA,NA,NA,NA,NA,223,44.373701869,-79.678733349,-1.11428,9.19,245,26,13.032
908,3.65491,87,176,"2026-08-09_AFIOS",4.60405156537753,315,NA,NA,NA,NA,NA,NA,NA,NA,NA,NA,NA,NA,NA,223,44.37372165,-79.678699486,-1.11428,9.19,245,26,13.032
909,3.65858,87,176,"2026-08-09_AFIOS",4.53391367428364,312,NA,NA,NA,NA,NA,NA,NA,NA,NA,NA,NA,NA,NA,222.8,44.373742437,-79.678664449,-1.65924,9.23,244,26,13.2336
910,3.66226,87,175,"2026-08-09_AFIOS",4.53391367428364,317,NA,NA,NA,NA,NA,NA,NA,NA,NA,NA,NA,NA,NA,222.8,44.373762973,-79.678625809,-1.65924,9.23,244,26,13.2336
911,3.66591,88,176,"2026-08-09_AFIOS",4.5687134502924,318,NA,NA,NA,NA,NA,NA,NA,NA,NA,NA,NA,NA,NA,222.8,44.373783676,-79.678600076,-1.65924,9.04,242,26,13.1328
912,3.66957,88,176,"2026-08-09_AFIOS",4.54504135987638,316,NA,NA,NA,NA,NA,NA,NA,NA,NA,NA,NA,NA,NA,222.8,44.373806307,-79.678560011,-1.65924,9.05,242,26,13.2012
913,3.67326,87,176,"2026-08-09_AFIOS",4.52161331162959,316,NA,NA,NA,NA,NA,NA,NA,NA,NA,NA,NA,NA,NA,222.8,44.373826759,-79.678533189,-1.65924,9.24,244,26,13.2696
914,3.67693,87,176,"2026-08-09_AFIOS",4.54504135987638,316,NA,NA,NA,NA,NA,NA,NA,NA,NA,NA,NA,NA,NA,222.8,44.373850145,-79.678495806,-1.65924,9.23,244,26,13.2012
915,3.68056,87,176,"2026-08-09_AFIOS",4.59136822773186,314,NA,NA,NA,NA,NA,NA,NA,NA,NA,NA,NA,NA,NA,222.8,44.37387001,-79.678461859,-1.09745,9.19,245,26,13.068
916,3.68418,87,176,"2026-08-09_AFIOS",4.60405156537753,309,NA,NA,NA,NA,NA,NA,NA,NA,NA,NA,NA,NA,NA,222.8,44.373892641,-79.678418692,-1.09745,9.19,245,26,13.032
917,3.68777,87,176,"2026-08-09_AFIOS",4.63994060876021,308,NA,NA,NA,NA,NA,NA,NA,NA,NA,NA,NA,NA,NA,222.6,44.373920972,-79.678388433,-1.10206,9.14,246,26,12.9312
918,3.69139,86,176,"2026-08-09_AFIOS",4.60405156537753,305,NA,NA,NA,NA,NA,NA,NA,NA,NA,NA,NA,NA,NA,222.4,44.373947207,-79.678376783,-1.65455,9.34,248,26,13.032
919,3.69506,86,176,"2026-08-09_AFIOS",4.53391367428364,306,NA,NA,NA,NA,NA,NA,NA,NA,NA,NA,NA,NA,NA,222.4,44.373986937,-79.678380135,-1.10959,9.42,246,26,13.2336
920,3.69878,84,175,"2026-08-09_AFIOS",4.48752468138575,309,NA,NA,NA,NA,NA,NA,NA,NA,NA,NA,NA,NA,NA,222.2,44.374012502,-79.678400084,-1.64722,9.8,251,26,13.3704
921,3.70253,84,175,"2026-08-09_AFIOS",4.44325957522438,310,NA,NA,NA,NA,NA,NA,NA,NA,NA,NA,NA,NA,NA,222.2,44.374040749,-79.678443,-1.64722,9.85,250,26,13.5036
922,3.70632,84,175,"2026-08-09_AFIOS",4.39985920450546,312,NA,NA,NA,NA,NA,NA,NA,NA,NA,NA,NA,NA,NA,222.4,44.374052651,-79.678487256,-1.11952,9.89,249,26,13.6368
923,3.71012,84,175,"2026-08-09_AFIOS",4.37790035898783,316,NA,NA,NA,NA,NA,NA,NA,NA,NA,NA,NA,NA,NA,222.6,44.374064386,-79.678536793,-0.593203,9.93,248,26,13.7052
924,3.71392,84,174,"2026-08-09_AFIOS",4.38827453045463,317,NA,NA,NA,NA,NA,NA,NA,NA,NA,NA,NA,NA,NA,222.6,44.374075869,-79.678586414,-0.593203,9.93,248,26,13.6728
925,3.71772,86,174,"2026-08-09_AFIOS",4.38827453045463,319,NA,NA,NA,NA,NA,NA,NA,NA,NA,NA,NA,NA,NA,222.6,44.37408006,-79.678632933,-0.593203,9.56,243,26,13.6728
926,3.72153,86,174,"2026-08-09_AFIOS",4.37790035898783,318,NA,NA,NA,NA,NA,NA,NA,NA,NA,NA,NA,NA,NA,222.6,44.374091711,-79.678679453,-0.593203,9.56,243,26,13.7052
927,3.72533,86,174,"2026-08-09_AFIOS",4.37790035898783,319,NA,NA,NA,NA,NA,NA,NA,NA,NA,NA,NA,NA,NA,222.8,44.374093639,-79.678721865,0.490215,9.56,243,26,13.7052
928,3.72909,86,174,"2026-08-09_AFIOS",4.43262411347518,319,NA,NA,NA,NA,NA,NA,NA,NA,NA,NA,NA,NA,NA,222.8,44.374106128,-79.678773163,1.0427,9.51,244,26,13.536
929,3.73284,87,175,"2026-08-09_AFIOS",4.45394619632995,315,NA,NA,NA,NA,NA,NA,NA,NA,NA,NA,NA,NA,NA,222.8,44.374106296,-79.678814569,1.0427,9.32,242,26,13.4712
930,3.73659,87,175,"2026-08-09_AFIOS",4.44325957522438,313,NA,NA,NA,NA,NA,NA,NA,NA,NA,NA,NA,NA,NA,222.8,44.374116605,-79.678863436,1.58034,9.32,242,26,13.5036
931,3.74031,87,175,"2026-08-09_AFIOS",4.476676515355,312,NA,NA,NA,NA,NA,NA,NA,NA,NA,NA,NA,NA,NA,222.8,44.374120545,-79.678904507,1.58034,9.28,243,26,13.4028
932,3.74403,87,176,"2026-08-09_AFIOS",4.476676515355,311,NA,NA,NA,NA,NA,NA,NA,NA,NA,NA,NA,NA,NA,222.8,44.374128843,-79.678954296,1.05263,9.28,243,26,13.4028
933,3.74781,87,179,"2026-08-09_AFIOS",4.41033783187792,310,NA,NA,NA,NA,NA,NA,NA,NA,NA,NA,NA,NA,NA,223,44.374134543,-79.678999558,1.05542,9.36,241,26,13.6044
934,3.75165,86,180,"2026-08-09_AFIOS",4.34593654932638,313,NA,NA,NA,NA,NA,NA,NA,NA,NA,NA,NA,NA,NA,223,44.37414217,-79.679048676,1.05542,9.6,242,26,13.806
935,3.75546,87,179,"2026-08-09_AFIOS",4.3675751222921,317,NA,NA,NA,NA,NA,NA,NA,NA,NA,NA,NA,NA,NA,223.2,44.374150217,-79.679096956,1.58035,9.4,240,26,13.7376
936,3.75931,88,180,"2026-08-09_AFIOS",4.33576135969476,316,NA,NA,NA,NA,NA,NA,NA,NA,NA,NA,NA,NA,NA,223.4,44.374152228,-79.679142972,2.09983,9.25,237,26,13.8384
937,3.76313,88,179,"2026-08-09_AFIOS",4.3561596096881,318,NA,NA,NA,NA,NA,NA,NA,NA,NA,NA,NA,NA,NA,223.6,44.37416346,-79.679195443,2.09708,9.21,238,26,13.7736
938,3.76694,88,179,"2026-08-09_AFIOS",4.37790035898783,317,NA,NA,NA,NA,NA,NA,NA,NA,NA,NA,NA,NA,NA,223.8,44.374164466,-79.679238861,2.62201,9.21,238,25,13.7052
939,3.77073,87,179,"2026-08-09_AFIOS",4.39985920450546,315,NA,NA,NA,NA,NA,NA,NA,NA,NA,NA,NA,NA,NA,223.8,44.374175362,-79.679292338,2.62201,9.36,241,26,13.6368
940,3.77451,87,178,"2026-08-09_AFIOS",4.41033783187792,315,NA,NA,NA,NA,NA,NA,NA,NA,NA,NA,NA,NA,NA,224,44.374177709,-79.679331062,3.15111,9.36,241,25,13.6044
941,3.77824,87,178,"2026-08-09_AFIOS",4.46588067166845,316,NA,NA,NA,NA,NA,NA,NA,NA,NA,NA,NA,NA,NA,224,44.374187181,-79.679379929,3.15111,9.28,243,26,13.4352
942,3.78196,87,178,"2026-08-09_AFIOS",4.476676515355,314,NA,NA,NA,NA,NA,NA,NA,NA,NA,NA,NA,NA,NA,224.2,44.3741876,-79.679421671,3.68874,9.28,243,25,13.4028
943,3.78564,87,178,"2026-08-09_AFIOS",4.53391367428364,312,NA,NA,NA,NA,NA,NA,NA,NA,NA,NA,NA,NA,NA,224.2,44.374187851,-79.679470537,3.15964,9.23,244,26,13.2336
944,3.78929,87,177,"2026-08-09_AFIOS",4.5687134502924,310,NA,NA,NA,NA,NA,NA,NA,NA,NA,NA,NA,NA,NA,224.4,44.374186343,-79.679516638,3.70759,9.19,245,25,13.1328
945,3.79293,87,177,"2026-08-09_AFIOS",4.5687134502924,308,NA,NA,NA,NA,NA,NA,NA,NA,NA,NA,NA,NA,NA,224.6,44.37418299,-79.679564247,3.73211,9.19,245,26,13.1328
946,3.79663,87,177,"2026-08-09_AFIOS",4.510599909788,314,NA,NA,NA,NA,NA,NA,NA,NA,NA,NA,NA,NA,NA,224.8,44.374177123,-79.679612862,3.75317,9.24,244,25,13.302
947,3.80035,87,177,"2026-08-09_AFIOS",4.476676515355,314,NA,NA,NA,NA,NA,NA,NA,NA,NA,NA,NA,NA,NA,224.8,44.37416631,-79.679651754,3.22961,9.28,243,25,13.4028
948,3.80408,87,177,"2026-08-09_AFIOS",4.46588067166845,322,NA,NA,NA,NA,NA,NA,NA,NA,NA,NA,NA,NA,NA,225,44.374159604,-79.679699112,3.24086,9.28,243,25,13.4352
949,3.80781,87,177,"2026-08-09_AFIOS",4.476676515355,327,NA,NA,NA,NA,NA,NA,NA,NA,NA,NA,NA,NA,NA,225,44.374145691,-79.679737165,3.24086,9.28,243,25,13.4028
950,3.81151,87,176,"2026-08-09_AFIOS",4.4996400287977,324,NA,NA,NA,NA,NA,NA,NA,NA,NA,NA,NA,NA,NA,225,44.37413186,-79.679787289,2.71176,9.27,243,25,13.3344
951,3.8152,87,176,"2026-08-09_AFIOS",4.52161331162959,323,NA,NA,NA,NA,NA,NA,NA,NA,NA,NA,NA,NA,NA,225,44.374114929,-79.679824421,2.71176,9.24,244,25,13.2696
952,3.81889,87,176,"2026-08-09_AFIOS",4.510599909788,323,NA,NA,NA,NA,NA,NA,NA,NA,NA,NA,NA,NA,NA,225,44.37409674,-79.679866498,2.17413,9.24,244,25,13.302
953,3.82258,87,176,"2026-08-09_AFIOS",4.52161331162959,326,NA,NA,NA,NA,NA,NA,NA,NA,NA,NA,NA,NA,NA,225,44.374076288,-79.679901618,2.17413,9.24,244,25,13.2696
954,3.82625,87,176,"2026-08-09_AFIOS",4.53391367428364,324,NA,NA,NA,NA,NA,NA,NA,NA,NA,NA,NA,NA,NA,225,44.37405307,-79.679937661,1.62618,9.23,244,25,13.2336
955,3.82993,87,176,"2026-08-09_AFIOS",4.53391367428364,323,NA,NA,NA,NA,NA,NA,NA,NA,NA,NA,NA,NA,NA,225.2,44.374028595,-79.679974457,1.62021,9.23,244,25,13.2336
956,3.83358,87,176,"2026-08-09_AFIOS",4.5687134502924,323,NA,NA,NA,NA,NA,NA,NA,NA,NA,NA,NA,NA,NA,225.4,44.374005797,-79.680002956,1.62762,9.19,245,25,13.1328
957,3.83723,87,175,"2026-08-09_AFIOS",4.5687134502924,325,NA,NA,NA,NA,NA,NA,NA,NA,NA,NA,NA,NA,NA,225.6,44.373982243,-79.680041512,2.17556,9.19,245,25,13.1328
958,3.8409,87,174,"2026-08-09_AFIOS",4.53391367428364,324,NA,NA,NA,NA,NA,NA,NA,NA,NA,NA,NA,NA,NA,225.8,44.37396087,-79.680068837,2.18433,9.23,244,25,13.2336
959,3.84458,86,174,"2026-08-09_AFIOS",4.53391367428364,327,NA,NA,NA,NA,NA,NA,NA,NA,NA,NA,NA,NA,NA,226,44.373938238,-79.680108484,2.72781,9.42,246,25,13.2336
960,3.84825,86,174,"2026-08-09_AFIOS",4.53391367428364,329,NA,NA,NA,NA,NA,NA,NA,NA,NA,NA,NA,NA,NA,226,44.373924408,-79.680142011,2.72781,9.42,246,25,13.2336
961,3.85194,86,174,"2026-08-09_AFIOS",4.52161331162959,329,NA,NA,NA,NA,NA,NA,NA,NA,NA,NA,NA,NA,NA,226,44.373915691,-79.68018325,2.72781,9.43,246,25,13.2696
962,3.85561,86,174,"2026-08-09_AFIOS",4.54504135987638,326,NA,NA,NA,NA,NA,NA,NA,NA,NA,NA,NA,NA,NA,226,44.373915272,-79.680232536,2.72781,9.39,247,25,13.2012
963,3.85923,85,174,"2026-08-09_AFIOS",4.60405156537753,328,NA,NA,NA,NA,NA,NA,NA,NA,NA,NA,NA,NA,NA,226,44.373910662,-79.68027587,2.72781,9.54,250,25,13.032
964,3.86287,85,173,"2026-08-09_AFIOS",4.58001282403591,323,NA,NA,NA,NA,NA,NA,NA,NA,NA,NA,NA,NA,NA,226.2,44.3739172,-79.680326581,3.27726,9.54,250,25,13.1004
965,3.86651,85,173,"2026-08-09_AFIOS",4.5687134502924,323,NA,NA,NA,NA,NA,NA,NA,NA,NA,NA,NA,NA,NA,226.2,44.373917032,-79.680368071,2.73378,9.54,250,25,13.1328
966,3.87018,85,173,"2026-08-09_AFIOS",4.54504135987638,321,NA,NA,NA,NA,NA,NA,NA,NA,NA,NA,NA,NA,NA,226.2,44.373927174,-79.680421799,2.18583,9.59,249,25,13.2012
967,3.87388,85,174,"2026-08-09_AFIOS",4.510599909788,322,NA,NA,NA,NA,NA,NA,NA,NA,NA,NA,NA,NA,NA,226.4,44.373927593,-79.680463793,2.17843,9.63,248,25,13.302
968,3.87764,86,174,"2026-08-09_AFIOS",4.43262411347518,322,NA,NA,NA,NA,NA,NA,NA,NA,NA,NA,NA,NA,NA,226.4,44.373934802,-79.680514335,1.63347,9.51,244,25,13.536
969,3.88138,87,174,"2026-08-09_AFIOS",4.45394619632995,326,NA,NA,NA,NA,NA,NA,NA,NA,NA,NA,NA,NA,NA,226.4,44.37393916,-79.680559262,1.08999,9.32,242,25,13.4712
970,3.88517,87,173,"2026-08-09_AFIOS",4.39985920450546,327,NA,NA,NA,NA,NA,NA,NA,NA,NA,NA,NA,NA,NA,226.6,44.373945279,-79.680608213,1.6177,9.36,241,25,13.6368
971,3.88895,87,173,"2026-08-09_AFIOS",4.41033783187792,327,NA,NA,NA,NA,NA,NA,NA,NA,NA,NA,NA,NA,NA,226.6,44.37395517,-79.680658253,1.6177,9.36,241,25,13.6044
972,3.89272,87,173,"2026-08-09_AFIOS",4.41033783187792,327,NA,NA,NA,NA,NA,NA,NA,NA,NA,NA,NA,NA,NA,226.8,44.373960199,-79.680703012,2.1482,9.36,241,25,13.6044
973,3.89649,87,173,"2026-08-09_AFIOS",4.43262411347518,325,NA,NA,NA,NA,NA,NA,NA,NA,NA,NA,NA,NA,NA,226.8,44.373971347,-79.680754058,2.1482,9.32,242,25,13.536
974,3.90029,87,173,"2026-08-09_AFIOS",4.37790035898783,323,NA,NA,NA,NA,NA,NA,NA,NA,NA,NA,NA,NA,NA,227,44.373973945,-79.680794878,2.12506,9.36,241,25,13.7052
975,3.90407,87,173,"2026-08-09_AFIOS",4.41033783187792,323,NA,NA,NA,NA,NA,NA,NA,NA,NA,NA,NA,NA,NA,227,44.373984171,-79.680847013,2.12506,9.36,241,25,13.6044
976,3.90788,88,173,"2026-08-09_AFIOS",4.37790035898783,321,NA,NA,NA,NA,NA,NA,NA,NA,NA,NA,NA,NA,NA,227,44.373981154,-79.680887665,2.12506,9.21,238,25,13.7052
977,3.91168,88,172,"2026-08-09_AFIOS",4.37790035898783,322,NA,NA,NA,NA,NA,NA,NA,NA,NA,NA,NA,NA,NA,227,44.373988614,-79.680943489,1.58452,9.21,238,25,13.7052
978,3.91546,88,172,"2026-08-09_AFIOS",4.41033783187792,323,NA,NA,NA,NA,NA,NA,NA,NA,NA,NA,NA,NA,NA,227,44.373987189,-79.680986656,1.58452,9.17,239,25,13.6044
979,3.91921,87,171,"2026-08-09_AFIOS",4.44325957522438,321,NA,NA,NA,NA,NA,NA,NA,NA,NA,NA,NA,NA,NA,227.2,44.373993308,-79.681036109,2.11786,9.32,242,25,13.5036
980,3.92296,87,171,"2026-08-09_AFIOS",4.45394619632995,320,NA,NA,NA,NA,NA,NA,NA,NA,NA,NA,NA,NA,NA,227.2,44.37399884,-79.681083383,1.59015,9.32,242,25,13.4712
981,3.92668,87,171,"2026-08-09_AFIOS",4.476676515355,321,NA,NA,NA,NA,NA,NA,NA,NA,NA,NA,NA,NA,NA,227.2,44.374008898,-79.681128226,1.59015,9.28,243,25,13.4028
982,3.9304,87,171,"2026-08-09_AFIOS",4.476676515355,321,NA,NA,NA,NA,NA,NA,NA,NA,NA,NA,NA,NA,NA,227.2,44.37403002,-79.681170974,1.05965,9.28,243,25,13.4028
983,3.93412,87,171,"2026-08-09_AFIOS",4.476676515355,321,NA,NA,NA,NA,NA,NA,NA,NA,NA,NA,NA,NA,NA,227.2,44.374048796,-79.681200562,1.05965,9.28,243,25,13.4028
984,3.93786,87,171,"2026-08-09_AFIOS",4.46588067166845,321,NA,NA,NA,NA,NA,NA,NA,NA,NA,NA,NA,NA,NA,227.2,44.374079054,-79.681233838,0.533333,9.28,243,25,13.4352
985,3.94163,86,171,"2026-08-09_AFIOS",4.42086648983201,321,NA,NA,NA,NA,NA,NA,NA,NA,NA,NA,NA,NA,NA,227.2,44.374103194,-79.681261666,0.533333,9.52,244,25,13.572
986,3.94542,85,171,"2026-08-09_AFIOS",4.38827453045463,323,NA,NA,NA,NA,NA,NA,NA,NA,NA,NA,NA,NA,NA,227.2,44.374132028,-79.681287315,0.533333,9.72,246,25,13.6728
987,3.94926,85,171,"2026-08-09_AFIOS",4.34593654932638,326,NA,NA,NA,NA,NA,NA,NA,NA,NA,NA,NA,NA,NA,227.2,44.37416916,-79.681312879,0.533333,9.77,245,25,13.806
988,3.95312,84,171,"2026-08-09_AFIOS",4.31443610320131,328,NA,NA,NA,NA,NA,NA,NA,NA,NA,NA,NA,NA,NA,227,44.374197575,-79.681339282,0.0151986,9.98,247,25,13.9068
989,3.957,83,171,"2026-08-09_AFIOS",4.29331959471063,331,NA,NA,NA,NA,NA,NA,NA,NA,NA,NA,NA,NA,NA,226.8,44.374233114,-79.681366775,-1.0336,10.21,249,25,13.9752
990,3.9609,83,171,"2026-08-09_AFIOS",4.27350427350427,333,NA,NA,NA,NA,NA,NA,NA,NA,NA,NA,NA,NA,NA,226.6,44.374252644,-79.681397369,-1.54642,10.21,249,25,14.04
991,3.96479,83,171,"2026-08-09_AFIOS",4.28338901739056,332,NA,NA,NA,NA,NA,NA,NA,NA,NA,NA,NA,NA,NA,226.4,44.374270832,-79.681435674,-2.06056,10.21,249,25,14.0076
992,3.96867,83,171,"2026-08-09_AFIOS",4.30440771349862,332,NA,NA,NA,NA,NA,NA,NA,NA,NA,NA,NA,NA,NA,226.2,44.374285249,-79.681482864,-2.57602,10.2,249,25,13.9392
993,3.97258,83,171,"2026-08-09_AFIOS",4.26257459505541,330,NA,NA,NA,NA,NA,NA,NA,NA,NA,NA,NA,NA,NA,225.8,44.374288602,-79.68152578,-3.59904,10.25,248,25,14.076
994,3.97651,84,171,"2026-08-09_AFIOS",4.2322668020992,329,NA,NA,NA,NA,NA,NA,NA,NA,NA,NA,NA,NA,NA,225.8,44.374298493,-79.681578837,-3.59904,10.07,245,25,14.1768
995,3.98047,84,171,"2026-08-09_AFIOS",4.21300977418268,329,NA,NA,NA,NA,NA,NA,NA,NA,NA,NA,NA,NA,NA,225.8,44.374296313,-79.681620831,-3.59904,10.11,244,25,14.2416
996,3.98444,87,171,"2026-08-09_AFIOS",4.19287211740042,332,NA,NA,NA,NA,NA,NA,NA,NA,NA,NA,NA,NA,NA,225.8,44.37429975,-79.681679923,-3.59904,9.56,236,25,14.31
997,3.98844,87,171,"2026-08-09_AFIOS",4.17292605575029,332,NA,NA,NA,NA,NA,NA,NA,NA,NA,NA,NA,NA,NA,225.8,44.374296565,-79.681726023,-3.59904,9.57,236,25,14.3784
998,3.9924,87,170,"2026-08-09_AFIOS",4.20238695579089,330,NA,NA,NA,NA,NA,NA,NA,NA,NA,NA,NA,NA,NA,225.8,44.374298325,-79.681780757,-3.08091,9.56,236,25,14.2776
999,3.99636,87,170,"2026-08-09_AFIOS",4.21300977418268,331,NA,NA,NA,NA,NA,NA,NA,NA,NA,NA,NA,NA,NA,225.8,44.374295643,-79.681823002,-2.56544,9.53,237,25,14.2416
1000,4.00028,88,170,"2026-08-09_AFIOS",4.25278557455133,328,NA,NA,NA,NA,NA,NA,NA,NA,NA,NA,NA,NA,NA,225.6,44.374294302,-79.68187212,-2.56282,9.33,235,25,14.1084
1001,4.00416,87,170,"2026-08-09_AFIOS",4.29331959471063,323,NA,NA,NA,NA,NA,NA,NA,NA,NA,NA,NA,NA,NA,225.6,44.374290195,-79.681917969,-2.04869,9.45,239,25,13.9752
1002,4.00803,87,171,"2026-08-09_AFIOS",4.30440771349862,319,NA,NA,NA,NA,NA,NA,NA,NA,NA,NA,NA,NA,NA,225.4,44.374287596,-79.681964405,-2.05002,9.44,239,25,13.9392
1003,4.01189,87,171,"2026-08-09_AFIOS",4.32451133021969,315,NA,NA,NA,NA,NA,NA,NA,NA,NA,NA,NA,NA,NA,225.4,44.374291787,-79.682018384,-1.027,9.44,239,25,13.8744
1004,4.01569,87,170,"2026-08-09_AFIOS",4.37790035898783,310,NA,NA,NA,NA,NA,NA,NA,NA,NA,NA,NA,NA,NA,225.4,44.374290781,-79.682062138,-1.027,9.36,241,25,13.7052
1005,4.01947,87,171,"2026-08-09_AFIOS",4.41033783187792,306,NA,NA,NA,NA,NA,NA,NA,NA,NA,NA,NA,NA,NA,225.2,44.374298912,-79.682114608,-1.5561,9.36,241,25,13.6044
1006,4.02325,87,172,"2026-08-09_AFIOS",4.41033783187792,303,NA,NA,NA,NA,NA,NA,NA,NA,NA,NA,NA,NA,NA,225.2,44.374299079,-79.682153836,-1.5561,9.36,241,25,13.6044
1007,4.027,86,173,"2026-08-09_AFIOS",4.44325957522438,303,NA,NA,NA,NA,NA,NA,NA,NA,NA,NA,NA,NA,NA,225.2,44.374303354,-79.682206726,-1.5561,9.51,244,25,13.5036
1008,4.03073,86,173,"2026-08-09_AFIOS",4.476676515355,308,NA,NA,NA,NA,NA,NA,NA,NA,NA,NA,NA,NA,NA,225.2,44.374302432,-79.682250814,-1.5561,9.47,245,25,13.4028
1009,4.03443,87,173,"2026-08-09_AFIOS",4.4996400287977,312,NA,NA,NA,NA,NA,NA,NA,NA,NA,NA,NA,NA,NA,225,44.37430436,-79.682301693,-2.09664,9.27,243,25,13.3344
1010,4.03815,87,173,"2026-08-09_AFIOS",4.476676515355,313,NA,NA,NA,NA,NA,NA,NA,NA,NA,NA,NA,NA,NA,225,44.374304779,-79.682348464,-1.58644,9.28,243,25,13.4028
1011,4.04185,87,174,"2026-08-09_AFIOS",4.510599909788,316,NA,NA,NA,NA,NA,NA,NA,NA,NA,NA,NA,NA,NA,225,44.374303354,-79.682393893,-1.58644,9.24,244,25,13.302
1012,4.04558,87,174,"2026-08-09_AFIOS",4.46588067166845,316,NA,NA,NA,NA,NA,NA,NA,NA,NA,NA,NA,NA,NA,225,44.374304947,-79.682441419,-1.06964,9.28,243,25,13.4352
1013,4.04935,87,174,"2026-08-09_AFIOS",4.42086648983201,320,NA,NA,NA,NA,NA,NA,NA,NA,NA,NA,NA,NA,NA,225,44.374301762,-79.682483496,-1.06964,9.32,242,25,13.572
1014,4.05314,87,175,"2026-08-09_AFIOS",4.39985920450546,320,NA,NA,NA,NA,NA,NA,NA,NA,NA,NA,NA,NA,NA,225,44.374308299,-79.682533871,-1.06964,9.36,241,25,13.6368
1015,4.0569,87,175,"2026-08-09_AFIOS",4.43262411347518,321,NA,NA,NA,NA,NA,NA,NA,NA,NA,NA,NA,NA,NA,225,44.374305785,-79.682574272,-0.540541,9.32,242,25,13.536
1016,4.06067,88,175,"2026-08-09_AFIOS",4.42086648983201,316,NA,NA,NA,NA,NA,NA,NA,NA,NA,NA,NA,NA,NA,225,44.37431182,-79.682625066,-0.540541,9.17,239,25,13.572
1017,4.06439,87,174,"2026-08-09_AFIOS",4.476676515355,317,NA,NA,NA,NA,NA,NA,NA,NA,NA,NA,NA,NA,NA,225,44.374307545,-79.682665216,-0.540541,9.28,243,25,13.4028
1018,4.06809,87,174,"2026-08-09_AFIOS",4.510599909788,314,NA,NA,NA,NA,NA,NA,NA,NA,NA,NA,NA,NA,NA,225,44.374308886,-79.682715507,-0.540541,9.24,244,25,13.302
1019,4.0718,86,174,"2026-08-09_AFIOS",4.48752468138575,313,NA,NA,NA,NA,NA,NA,NA,NA,NA,NA,NA,NA,NA,224.8,44.374307629,-79.68276253,-0.539084,9.47,245,25,13.3704
1020,4.07551,86,175,"2026-08-09_AFIOS",4.48752468138575,315,NA,NA,NA,NA,NA,NA,NA,NA,NA,NA,NA,NA,NA,224.8,44.374306539,-79.682807959,-0.539084,9.47,245,25,13.3704
1021,4.07928,86,175,"2026-08-09_AFIOS",4.42086648983201,315,NA,NA,NA,NA,NA,NA,NA,NA,NA,NA,NA,NA,NA,224.8,44.374309557,-79.682858167,-0.539084,9.52,244,25,13.572
1022,4.08306,87,175,"2026-08-09_AFIOS",4.41033783187792,319,NA,NA,NA,NA,NA,NA,NA,NA,NA,NA,NA,NA,NA,224.8,44.374306539,-79.68289949,-0.539084,9.36,241,25,13.6044
1023,4.08685,86,175,"2026-08-09_AFIOS",4.39985920450546,320,NA,NA,NA,NA,NA,NA,NA,NA,NA,NA,NA,NA,NA,224.6,44.37431467,-79.682951039,-1.06679,9.55,243,25,13.6368
1024,4.09066,87,175,"2026-08-09_AFIOS",4.37790035898783,321,NA,NA,NA,NA,NA,NA,NA,NA,NA,NA,NA,NA,NA,224.6,44.374311233,-79.682994122,-1.06679,9.36,241,25,13.7052
1025,4.09443,87,174,"2026-08-09_AFIOS",4.41033783187792,322,NA,NA,NA,NA,NA,NA,NA,NA,NA,NA,NA,NA,NA,224.6,44.374317436,-79.683044748,-1.06679,9.36,241,25,13.6044
1026,4.0982,87,173,"2026-08-09_AFIOS",4.43262411347518,319,NA,NA,NA,NA,NA,NA,NA,NA,NA,NA,NA,NA,NA,224.4,44.374315005,-79.68309043,-1.59729,9.32,242,25,13.536
1027,4.10197,87,172,"2026-08-09_AFIOS",4.42086648983201,317,NA,NA,NA,NA,NA,NA,NA,NA,NA,NA,NA,NA,NA,224.4,44.374318022,-79.683141894,-1.59729,9.32,242,25,13.572
1028,4.10574,87,172,"2026-08-09_AFIOS",4.41033783187792,317,NA,NA,NA,NA,NA,NA,NA,NA,NA,NA,NA,NA,NA,224.2,44.37431752,-79.683190426,-2.1278,9.36,241,25,13.6044
1029,4.10952,87,171,"2026-08-09_AFIOS",4.41033783187792,317,NA,NA,NA,NA,NA,NA,NA,NA,NA,NA,NA,NA,NA,224.2,44.374316849,-79.683238873,-1.58871,9.36,241,25,13.6044
1030,4.11337,87,172,"2026-08-09_AFIOS",4.33576135969476,317,NA,NA,NA,NA,NA,NA,NA,NA,NA,NA,NA,NA,NA,224,44.374320872,-79.683290589,-2.10819,9.4,240,25,13.8384
1031,4.1172,87,172,"2026-08-09_AFIOS",4.34593654932638,322,NA,NA,NA,NA,NA,NA,NA,NA,NA,NA,NA,NA,NA,224,44.374318106,-79.683335181,-2.10819,9.4,240,25,13.806
1032,4.12106,87,172,"2026-08-09_AFIOS",4.32451133021969,322,NA,NA,NA,NA,NA,NA,NA,NA,NA,NA,NA,NA,NA,224,44.374325985,-79.683386227,-2.10819,9.44,239,25,13.8744
1033,4.12492,87,173,"2026-08-09_AFIOS",4.31443610320131,323,NA,NA,NA,NA,NA,NA,NA,NA,NA,NA,NA,NA,NA,224,44.374321124,-79.683427298,-1.58049,9.44,239,25,13.9068
1034,4.12875,87,173,"2026-08-09_AFIOS",4.34593654932638,323,NA,NA,NA,NA,NA,NA,NA,NA,NA,NA,NA,NA,NA,224,44.374325063,-79.683479685,-1.58049,9.4,240,25,13.806
1035,4.13256,86,173,"2026-08-09_AFIOS",4.37790035898783,320,NA,NA,NA,NA,NA,NA,NA,NA,NA,NA,NA,NA,NA,224,44.374322297,-79.683522433,-1.58049,9.56,243,25,13.7052
1036,4.13631,86,173,"2026-08-09_AFIOS",4.44325957522438,316,NA,NA,NA,NA,NA,NA,NA,NA,NA,NA,NA,NA,NA,224,44.374322381,-79.683569036,-1.04998,9.51,244,25,13.5036
1037,4.14002,87,173,"2026-08-09_AFIOS",4.4996400287977,312,NA,NA,NA,NA,NA,NA,NA,NA,NA,NA,NA,NA,NA,223.8,44.374322297,-79.683615556,-1.58907,9.27,243,25,13.3344
1038,4.1437,87,173,"2026-08-09_AFIOS",4.52161331162959,308,NA,NA,NA,NA,NA,NA,NA,NA,NA,NA,NA,NA,NA,223.8,44.374324309,-79.683665596,-1.05856,9.24,244,25,13.2696
1039,4.14739,87,173,"2026-08-09_AFIOS",4.52161331162959,307,NA,NA,NA,NA,NA,NA,NA,NA,NA,NA,NA,NA,NA,223.8,44.374327159,-79.683716306,-1.05856,9.24,244,25,13.2696
1040,4.1511,87,173,"2026-08-09_AFIOS",4.48752468138575,305,NA,NA,NA,NA,NA,NA,NA,NA,NA,NA,NA,NA,NA,223.8,44.374325734,-79.683765676,-0.539084,9.24,244,24,13.3704
1041,4.15488,88,173,"2026-08-09_AFIOS",4.41033783187792,305,NA,NA,NA,NA,NA,NA,NA,NA,NA,NA,NA,NA,NA,223.8,44.374330679,-79.683816135,-0.539084,9.17,239,24,13.6044
1042,4.15869,87,172,"2026-08-09_AFIOS",4.37790035898783,311,NA,NA,NA,NA,NA,NA,NA,NA,NA,NA,NA,NA,NA,223.8,44.374324225,-79.683857877,-0.539084,9.36,241,24,13.7052
1043,4.16249,88,172,"2026-08-09_AFIOS",4.37790035898783,312,NA,NA,NA,NA,NA,NA,NA,NA,NA,NA,NA,NA,NA,223.8,44.374330092,-79.683912694,-0.539084,9.21,238,24,13.7052
1044,4.16631,88,172,"2026-08-09_AFIOS",4.3675751222921,312,NA,NA,NA,NA,NA,NA,NA,NA,NA,NA,NA,NA,NA,223.8,44.374325566,-79.683957621,-0.539084,9.21,238,25,13.7376
1045,4.17013,88,172,"2026-08-09_AFIOS",4.3561596096881,313,NA,NA,NA,NA,NA,NA,NA,NA,NA,NA,NA,NA,NA,223.8,44.374328416,-79.684011014,-0.539084,9.21,238,25,13.7736
1046,4.174,87,173,"2026-08-09_AFIOS",4.31443610320131,315,NA,NA,NA,NA,NA,NA,NA,NA,NA,NA,NA,NA,NA,223.8,44.3743285,-79.684053007,-0.539084,9.44,239,25,13.9068
1047,4.17785,87,173,"2026-08-09_AFIOS",4.32451133021969,316,NA,NA,NA,NA,NA,NA,NA,NA,NA,NA,NA,NA,NA,223.8,44.374331601,-79.684102712,0,9.44,239,24,13.8744
1048,4.18172,87,173,"2026-08-09_AFIOS",4.30440771349862,316,NA,NA,NA,NA,NA,NA,NA,NA,NA,NA,NA,NA,NA,223.8,44.37433026,-79.68415007,0,9.44,239,25,13.9392
1049,4.1856,87,173,"2026-08-09_AFIOS",4.29331959471063,318,NA,NA,NA,NA,NA,NA,NA,NA,NA,NA,NA,NA,NA,223.8,44.374331685,-79.684197176,0,9.45,239,24,13.9752
1050,4.18948,87,173,"2026-08-09_AFIOS",4.30440771349862,320,NA,NA,NA,NA,NA,NA,NA,NA,NA,NA,NA,NA,NA,223.8,44.374331098,-79.684247468,0,9.44,239,25,13.9392
1051,4.19333,88,173,"2026-08-09_AFIOS",4.32451133021969,320,NA,NA,NA,NA,NA,NA,NA,NA,NA,NA,NA,NA,NA,223.8,44.374329087,-79.684289461,0,9.25,237,24,13.8744
1052,4.19717,87,173,"2026-08-09_AFIOS",4.33576135969476,320,NA,NA,NA,NA,NA,NA,NA,NA,NA,NA,NA,NA,NA,223.8,44.374332272,-79.684342937,0,9.4,240,24,13.8384
1053,4.20102,87,172,"2026-08-09_AFIOS",4.33576135969476,320,NA,NA,NA,NA,NA,NA,NA,NA,NA,NA,NA,NA,NA,223.8,44.374324728,-79.684385434,0,9.4,240,24,13.8384
1054,4.20484,87,172,"2026-08-09_AFIOS",4.3561596096881,322,NA,NA,NA,NA,NA,NA,NA,NA,NA,NA,NA,NA,NA,223.8,44.374331769,-79.684439245,0,9.4,240,24,13.7736
1055,4.20866,87,172,"2026-08-09_AFIOS",4.3675751222921,320,NA,NA,NA,NA,NA,NA,NA,NA,NA,NA,NA,NA,NA,223.8,44.374328667,-79.684483083,0,9.4,240,24,13.7376
1056,4.21247,87,171,"2026-08-09_AFIOS",4.37790035898783,322,NA,NA,NA,NA,NA,NA,NA,NA,NA,NA,NA,NA,NA,223.8,44.374332188,-79.684536224,0,9.36,241,24,13.7052
1057,4.21628,87,171,"2026-08-09_AFIOS",4.37790035898783,322,NA,NA,NA,NA,NA,NA,NA,NA,NA,NA,NA,NA,NA,223.6,44.37432917,-79.68458157,-0.524934,9.36,241,24,13.7052
1058,4.22007,86,171,"2026-08-09_AFIOS",4.38827453045463,322,NA,NA,NA,NA,NA,NA,NA,NA,NA,NA,NA,NA,NA,223.6,44.374329925,-79.684630856,-0.524934,9.56,243,24,13.6728
1059,4.22392,86,172,"2026-08-09_AFIOS",4.33576135969476,321,NA,NA,NA,NA,NA,NA,NA,NA,NA,NA,NA,NA,NA,223.6,44.374332691,-79.684680141,-0.524934,9.6,242,24,13.8384
1060,4.22773,86,173,"2026-08-09_AFIOS",4.3675751222921,326,NA,NA,NA,NA,NA,NA,NA,NA,NA,NA,NA,NA,NA,223.6,44.374334283,-79.684723141,-0.524934,9.56,243,24,13.7376
1061,4.23157,86,173,"2026-08-09_AFIOS",4.34593654932638,326,NA,NA,NA,NA,NA,NA,NA,NA,NA,NA,NA,NA,NA,223.6,44.374337804,-79.684774857,-0.524934,9.6,242,24,13.806
1062,4.23542,86,173,"2026-08-09_AFIOS",4.32451133021969,326,NA,NA,NA,NA,NA,NA,NA,NA,NA,NA,NA,NA,NA,223.6,44.374333529,-79.684817102,-0.524934,9.6,242,24,13.8744
1063,4.23926,86,173,"2026-08-09_AFIOS",4.34593654932638,327,NA,NA,NA,NA,NA,NA,NA,NA,NA,NA,NA,NA,NA,223.4,44.374339648,-79.6848715,-1.04577,9.6,242,24,13.806
1064,4.24308,87,173,"2026-08-09_AFIOS",4.3561596096881,327,NA,NA,NA,NA,NA,NA,NA,NA,NA,NA,NA,NA,NA,223.4,44.374333613,-79.684915254,-1.04577,9.4,240,24,13.7736
1065,4.24691,87,172,"2026-08-09_AFIOS",4.3561596096881,324,NA,NA,NA,NA,NA,NA,NA,NA,NA,NA,NA,NA,NA,223.4,44.374334535,-79.684971999,-1.04577,9.4,240,25,13.7736
1066,4.25072,87,172,"2026-08-09_AFIOS",4.37790035898783,325,NA,NA,NA,NA,NA,NA,NA,NA,NA,NA,NA,NA,NA,223.2,44.374334367,-79.685016256,-1.5707,9.36,241,24,13.7052
1067,4.2545,87,172,"2026-08-09_AFIOS",4.39985920450546,323,NA,NA,NA,NA,NA,NA,NA,NA,NA,NA,NA,NA,NA,223.2,44.374336546,-79.685066966,-1.04577,9.36,241,24,13.6368
1068,4.25829,87,172,"2026-08-09_AFIOS",4.39985920450546,320,NA,NA,NA,NA,NA,NA,NA,NA,NA,NA,NA,NA,NA,223.2,44.374338642,-79.685114994,-1.04577,9.36,241,24,13.6368
1069,4.26203,87,172,"2026-08-09_AFIOS",4.45394619632995,318,NA,NA,NA,NA,NA,NA,NA,NA,NA,NA,NA,NA,NA,223,44.374336295,-79.685158413,-1.58053,9.32,242,24,13.4712
1070,4.26579,87,172,"2026-08-09_AFIOS",4.43262411347518,312,NA,NA,NA,NA,NA,NA,NA,NA,NA,NA,NA,NA,NA,223,44.374343923,-79.685206022,-1.58053,9.32,242,24,13.536
1071,4.26957,86,171,"2026-08-09_AFIOS",4.41033783187792,313,NA,NA,NA,NA,NA,NA,NA,NA,NA,NA,NA,NA,NA,223,44.374341073,-79.685247512,-1.58053,9.52,244,24,13.6044
1072,4.27333,87,171,"2026-08-09_AFIOS",4.43262411347518,314,NA,NA,NA,NA,NA,NA,NA,NA,NA,NA,NA,NA,NA,222.8,44.374346772,-79.685297888,-2.11244,9.32,242,24,13.536
1073,4.27705,87,171,"2026-08-09_AFIOS",4.48752468138575,313,NA,NA,NA,NA,NA,NA,NA,NA,NA,NA,NA,NA,NA,222.8,44.37434409,-79.685339713,-1.59161,9.28,243,25,13.3704
1074,4.28078,87,171,"2026-08-09_AFIOS",4.46588067166845,307,NA,NA,NA,NA,NA,NA,NA,NA,NA,NA,NA,NA,NA,222.8,44.374349287,-79.685390843,-1.59161,9.28,243,24,13.4352
1075,4.28446,87,170,"2026-08-09_AFIOS",4.52161331162959,310,NA,NA,NA,NA,NA,NA,NA,NA,NA,NA,NA,NA,NA,222.8,44.374345347,-79.685433172,-1.59161,9.24,244,24,13.2696
1076,4.28813,87,170,"2026-08-09_AFIOS",4.54504135987638,307,NA,NA,NA,NA,NA,NA,NA,NA,NA,NA,NA,NA,NA,222.8,44.374347946,-79.685484469,-1.06667,9.23,244,24,13.2012
1077,4.29181,87,170,"2026-08-09_AFIOS",4.53391367428364,304,NA,NA,NA,NA,NA,NA,NA,NA,NA,NA,NA,NA,NA,222.8,44.374350125,-79.685531575,-1.06667,9.23,244,24,13.2336
1078,4.29555,87,170,"2026-08-09_AFIOS",4.45394619632995,304,NA,NA,NA,NA,NA,NA,NA,NA,NA,NA,NA,NA,NA,222.8,44.374354316,-79.685580442,-1.06667,9.32,242,24,13.4712
1079,4.29931,87,170,"2026-08-09_AFIOS",4.43262411347518,310,NA,NA,NA,NA,NA,NA,NA,NA,NA,NA,NA,NA,NA,222.8,44.374359597,-79.685627967,-0.531915,9.32,242,24,13.536
1080,4.30312,87,170,"2026-08-09_AFIOS",4.37790035898783,313,NA,NA,NA,NA,NA,NA,NA,NA,NA,NA,NA,NA,NA,222.6,44.374359932,-79.685670966,-1.05685,9.36,241,24,13.7052
1081,4.30693,87,171,"2026-08-09_AFIOS",4.3675751222921,318,NA,NA,NA,NA,NA,NA,NA,NA,NA,NA,NA,NA,NA,222.6,44.374369068,-79.68572109,-1.05685,9.4,240,24,13.7376
1082,4.31073,87,171,"2026-08-09_AFIOS",4.38827453045463,318,NA,NA,NA,NA,NA,NA,NA,NA,NA,NA,NA,NA,NA,222.6,44.374368146,-79.685760653,-0.524934,9.36,241,24,13.6728
1083,4.31449,87,171,"2026-08-09_AFIOS",4.43262411347518,318,NA,NA,NA,NA,NA,NA,NA,NA,NA,NA,NA,NA,NA,222.6,44.374375355,-79.685813291,-0.524934,9.32,242,24,13.536
1084,4.31822,86,171,"2026-08-09_AFIOS",4.46588067166845,314,NA,NA,NA,NA,NA,NA,NA,NA,NA,NA,NA,NA,NA,222.6,44.374374852,-79.685853356,-0.524934,9.47,245,24,13.4352
1085,4.32192,87,172,"2026-08-09_AFIOS",4.510599909788,310,NA,NA,NA,NA,NA,NA,NA,NA,NA,NA,NA,NA,NA,222.6,44.374381893,-79.685903899,-0.524934,9.43,246,24,13.302
1086,4.3256,87,171,"2026-08-09_AFIOS",4.52161331162959,306,NA,NA,NA,NA,NA,NA,NA,NA,NA,NA,NA,NA,NA,222.6,44.374384994,-79.685948407,-0.524934,9.24,244,24,13.2696
1087,4.32931,87,171,"2026-08-09_AFIOS",4.4996400287977,307,NA,NA,NA,NA,NA,NA,NA,NA,NA,NA,NA,NA,NA,222.4,44.374390107,-79.685998028,-1.06402,9.24,244,24,13.3344
1088,4.33303,87,171,"2026-08-09_AFIOS",4.476676515355,308,NA,NA,NA,NA,NA,NA,NA,NA,NA,NA,NA,NA,NA,222.6,44.374400081,-79.686046811,-0.526384,9.28,243,24,13.4028
1089,4.33675,86,171,"2026-08-09_AFIOS",4.476676515355,309,NA,NA,NA,NA,NA,NA,NA,NA,NA,NA,NA,NA,NA,222.4,44.374408379,-79.68609442,-1.06402,9.47,245,24,13.4028
1090,4.34052,86,171,"2026-08-09_AFIOS",4.42086648983201,309,NA,NA,NA,NA,NA,NA,NA,NA,NA,NA,NA,NA,NA,222.4,44.374422964,-79.686143286,-0.539084,9.52,244,24,13.572
1091,4.34437,87,171,"2026-08-09_AFIOS",4.33576135969476,311,NA,NA,NA,NA,NA,NA,NA,NA,NA,NA,NA,NA,NA,222.6,44.374427071,-79.686184525,-0.019603,9.4,240,24,13.8384
1092,4.34822,87,171,"2026-08-09_AFIOS",4.32451133021969,316,NA,NA,NA,NA,NA,NA,NA,NA,NA,NA,NA,NA,NA,222.6,44.374439812,-79.686234062,-0.019603,9.44,239,24,13.8744
1093,4.35208,87,172,"2026-08-09_AFIOS",4.31443610320131,319,NA,NA,NA,NA,NA,NA,NA,NA,NA,NA,NA,NA,NA,222.6,44.374446349,-79.686276307,-0.019603,9.44,239,24,13.9068
1094,4.35596,87,172,"2026-08-09_AFIOS",4.29331959471063,321,NA,NA,NA,NA,NA,NA,NA,NA,NA,NA,NA,NA,NA,222.4,44.374460599,-79.686328359,-0.535067,9.45,239,24,13.9752
1095,4.35984,87,172,"2026-08-09_AFIOS",4.30440771349862,322,NA,NA,NA,NA,NA,NA,NA,NA,NA,NA,NA,NA,NA,222.4,44.374468561,-79.686370101,-0.535067,9.44,239,24,13.9392
1096,4.36364,87,172,"2026-08-09_AFIOS",4.37790035898783,322,NA,NA,NA,NA,NA,NA,NA,NA,NA,NA,NA,NA,NA,222.4,44.374487421,-79.686416453,-0.535067,9.36,241,24,13.7052
1097,4.36744,87,172,"2026-08-09_AFIOS",4.38827453045463,318,NA,NA,NA,NA,NA,NA,NA,NA,NA,NA,NA,NA,NA,222.2,44.374504604,-79.686458194,-0.522299,9.36,241,24,13.6728
1098,4.37121,87,172,"2026-08-09_AFIOS",4.42086648983201,319,NA,NA,NA,NA,NA,NA,NA,NA,NA,NA,NA,NA,NA,222.4,44.374520781,-79.686498763,-0.52943,9.32,242,24,13.572
1099,4.37499,87,173,"2026-08-09_AFIOS",4.41033783187792,319,NA,NA,NA,NA,NA,NA,NA,NA,NA,NA,NA,NA,NA,222.4,44.374539808,-79.686540672,0,9.36,241,24,13.6044
1100,4.37875,87,172,"2026-08-09_AFIOS",4.43262411347518,319,NA,NA,NA,NA,NA,NA,NA,NA,NA,NA,NA,NA,NA,222.4,44.374549112,-79.686578475,0,9.32,242,24,13.536
1101,4.3825,87,172,"2026-08-09_AFIOS",4.44325957522438,320,NA,NA,NA,NA,NA,NA,NA,NA,NA,NA,NA,NA,NA,222.4,44.374566881,-79.686623989,-0.511276,9.32,242,24,13.5036
1102,4.38625,87,172,"2026-08-09_AFIOS",4.44325957522438,320,NA,NA,NA,NA,NA,NA,NA,NA,NA,NA,NA,NA,NA,222.4,44.374577945,-79.68665936,-0.511276,9.32,242,24,13.5036
1103,4.39001,87,172,"2026-08-09_AFIOS",4.43262411347518,319,NA,NA,NA,NA,NA,NA,NA,NA,NA,NA,NA,NA,NA,222.6,44.374598816,-79.68670412,0.0206392,9.32,242,24,13.536
1104,4.39376,86,172,"2026-08-09_AFIOS",4.44325957522438,321,NA,NA,NA,NA,NA,NA,NA,NA,NA,NA,NA,NA,NA,222.4,44.374609629,-79.686740916,0,9.51,244,24,13.5036
1105,4.3975,87,171,"2026-08-09_AFIOS",4.46588067166845,320,NA,NA,NA,NA,NA,NA,NA,NA,NA,NA,NA,NA,NA,222.6,44.374628069,-79.686784251,0.537529,9.28,243,24,13.4352
1106,4.40124,87,171,"2026-08-09_AFIOS",4.45394619632995,320,NA,NA,NA,NA,NA,NA,NA,NA,NA,NA,NA,NA,NA,222.6,44.37464433,-79.686822304,0.537529,9.32,242,24,13.4712
1107,4.40493,86,171,"2026-08-09_AFIOS",4.510599909788,320,NA,NA,NA,NA,NA,NA,NA,NA,NA,NA,NA,NA,NA,222.6,44.374657238,-79.686861364,1.06384,9.43,246,24,13.302
1108,4.40858,86,172,"2026-08-09_AFIOS",4.5687134502924,318,NA,NA,NA,NA,NA,NA,NA,NA,NA,NA,NA,NA,NA,222.6,44.374681713,-79.686903274,0.533341,9.38,247,24,13.1328
1109,4.4122,87,172,"2026-08-09_AFIOS",4.60405156537753,314,NA,NA,NA,NA,NA,NA,NA,NA,NA,NA,NA,NA,NA,222.6,44.374696717,-79.686941411,0.533341,9.19,245,24,13.032
1110,4.41588,87,174,"2026-08-09_AFIOS",4.53391367428364,311,NA,NA,NA,NA,NA,NA,NA,NA,NA,NA,NA,NA,NA,222.4,44.37472136,-79.686984327,-0.0101373,9.23,244,24,13.2336
1111,4.41955,87,174,"2026-08-09_AFIOS",4.53391367428364,316,NA,NA,NA,NA,NA,NA,NA,NA,NA,NA,NA,NA,NA,222.4,44.374733597,-79.6870171,-0.0101373,9.23,244,24,13.2336
1112,4.42326,87,174,"2026-08-09_AFIOS",4.4996400287977,316,NA,NA,NA,NA,NA,NA,NA,NA,NA,NA,NA,NA,NA,222.2,44.374755055,-79.687055489,-0.549221,9.27,243,24,13.3344
1113,4.42697,86,174,"2026-08-09_AFIOS",4.48752468138575,317,NA,NA,NA,NA,NA,NA,NA,NA,NA,NA,NA,NA,NA,222.2,44.374775423,-79.687089352,-1.08114,9.47,245,24,13.3704
1114,4.43067,86,173,"2026-08-09_AFIOS",4.4996400287977,319,NA,NA,NA,NA,NA,NA,NA,NA,NA,NA,NA,NA,NA,222.2,44.374794115,-79.68712531,-0.547802,9.43,246,24,13.3344
1115,4.4343,85,172,"2026-08-09_AFIOS",4.59136822773186,318,NA,NA,NA,NA,NA,NA,NA,NA,NA,NA,NA,NA,NA,222.2,44.37482035,-79.687161939,-1.08256,9.54,250,24,13.068
1116,4.43791,86,172,"2026-08-09_AFIOS",4.62705904127337,311,NA,NA,NA,NA,NA,NA,NA,NA,NA,NA,NA,NA,NA,222,44.374837449,-79.687196724,-1.63658,9.34,248,24,12.9672
1117,4.4415,86,172,"2026-08-09_AFIOS",4.63994060876021,308,NA,NA,NA,NA,NA,NA,NA,NA,NA,NA,NA,NA,NA,222,44.37486469,-79.687236538,-1.63658,9.3,249,24,12.9312
1118,4.4451,86,173,"2026-08-09_AFIOS",4.62705904127337,306,NA,NA,NA,NA,NA,NA,NA,NA,NA,NA,NA,NA,NA,222,44.374878604,-79.687269479,-1.63658,9.34,248,24,12.9672
1119,4.44868,85,172,"2026-08-09_AFIOS",4.65159549725556,305,NA,NA,NA,NA,NA,NA,NA,NA,NA,NA,NA,NA,NA,222,44.3749009,-79.687312897,-1.63658,9.49,251,24,12.8988
1120,4.45229,85,172,"2026-08-09_AFIOS",4.61552663158866,303,NA,NA,NA,NA,NA,NA,NA,NA,NA,NA,NA,NA,NA,222,44.374914395,-79.687351119,-1.0931,9.5,251,24,12.9996
1121,4.45589,86,172,"2026-08-09_AFIOS",4.63994060876021,305,NA,NA,NA,NA,NA,NA,NA,NA,NA,NA,NA,NA,NA,221.8,44.374929315,-79.687385484,-1.64866,9.3,249,24,12.9312
1122,4.45944,86,172,"2026-08-09_AFIOS",4.6882325363338,305,NA,NA,NA,NA,NA,NA,NA,NA,NA,NA,NA,NA,NA,222,44.374948844,-79.687423538,-0.546192,9.25,250,24,12.798
1123,4.46297,85,172,"2026-08-09_AFIOS",4.7254512805973,303,NA,NA,NA,NA,NA,NA,NA,NA,NA,NA,NA,NA,NA,222,44.374955215,-79.687455809,-0.546192,9.25,250,24,12.6972
1124,4.46643,85,172,"2026-08-09_AFIOS",4.81417292509147,303,NA,NA,NA,NA,NA,NA,NA,NA,NA,NA,NA,NA,NA,222.2,44.37496938,-79.687492773,0.0318428,9.35,254,24,12.4632
1125,4.46978,85,172,"2026-08-09_AFIOS",4.97512437810945,303,NA,NA,NA,NA,NA,NA,NA,NA,NA,NA,NA,NA,NA,222.6,44.374981785,-79.687524792,1.22587,9.2,257,24,12.06
1126,4.47305,84,171,"2026-08-09_AFIOS",5.10308226168606,311,NA,NA,NA,NA,NA,NA,NA,NA,NA,NA,NA,NA,NA,223,44.374990335,-79.687555386,3.00313,9.25,262,24,11.7576
1127,4.47626,84,172,"2026-08-09_AFIOS",5.17759138448794,315,NA,NA,NA,NA,NA,NA,NA,NA,NA,NA,NA,NA,NA,223.4,44.375006931,-79.6875952,4.24924,9.2,263,24,11.5884
1128,4.4794,84,172,"2026-08-09_AFIOS",5.31632110579479,328,NA,NA,NA,NA,NA,NA,NA,NA,NA,NA,NA,NA,NA,223.6,44.375009362,-79.687628141,4.88618,9.09,265,24,11.286
1129,4.48251,84,172,"2026-08-09_AFIOS",5.3642313056539,340,NA,NA,NA,NA,NA,NA,NA,NA,NA,NA,NA,NA,NA,223.8,44.375016654,-79.687673487,5.52927,9.04,266,24,11.1852
1130,4.48566,84,172,"2026-08-09_AFIOS",5.28429507503699,347,NA,NA,NA,NA,NA,NA,NA,NA,NA,NA,NA,NA,NA,223.8,44.375020258,-79.687715145,5.52927,9.09,265,24,11.3544
1131,4.48883,84,172,"2026-08-09_AFIOS",5.25430853299706,354,NA,NA,NA,NA,NA,NA,NA,NA,NA,NA,NA,NA,NA,223.8,44.375023611,-79.687756635,6.08482,9.14,264,24,11.4192
1132,4.49207,84,172,"2026-08-09_AFIOS",5.14721021206506,352,NA,NA,NA,NA,NA,NA,NA,NA,NA,NA,NA,NA,NA,224,44.37502973,-79.687805334,6.13873,9.2,263,24,11.6568
1133,4.49537,85,172,"2026-08-09_AFIOS",5.04591785245736,348,NA,NA,NA,NA,NA,NA,NA,NA,NA,NA,NA,NA,NA,224.2,44.375026629,-79.687842885,6.74479,9.15,258,24,11.8908
1134,4.49879,85,173,"2026-08-09_AFIOS",4.88042947779405,338,NA,NA,NA,NA,NA,NA,NA,NA,NA,NA,NA,NA,NA,224.2,44.375035262,-79.687896781,6.16675,9.26,256,24,12.294
1135,4.50229,85,173,"2026-08-09_AFIOS",4.76326569496046,334,NA,NA,NA,NA,NA,NA,NA,NA,NA,NA,NA,NA,NA,224.2,44.375033083,-79.687938606,4.97272,9.39,253,24,12.5964
1136,4.50586,85,173,"2026-08-09_AFIOS",4.6633090841261,332,NA,NA,NA,NA,NA,NA,NA,NA,NA,NA,NA,NA,NA,224.2,44.375034759,-79.687989568,3.74948,9.45,252,24,12.8664
1137,4.50948,85,173,"2026-08-09_AFIOS",4.60405156537753,331,NA,NA,NA,NA,NA,NA,NA,NA,NA,NA,NA,NA,NA,224.2,44.375037274,-79.688035669,2.50337,9.54,250,24,13.032
1138,4.51315,85,173,"2026-08-09_AFIOS",4.54504135987638,328,NA,NA,NA,NA,NA,NA,NA,NA,NA,NA,NA,NA,NA,224,44.375042638,-79.688078584,1.32147,9.59,249,24,13.2012
1139,4.51683,85,173,"2026-08-09_AFIOS",4.52161331162959,329,NA,NA,NA,NA,NA,NA,NA,NA,NA,NA,NA,NA,NA,224.2,44.375053618,-79.688125858,1.22186,9.59,249,24,13.2696
1140,4.52053,85,173,"2026-08-09_AFIOS",4.510599909788,329,NA,NA,NA,NA,NA,NA,NA,NA,NA,NA,NA,NA,NA,224.4,44.375055378,-79.688167432,1.7624,9.63,248,24,13.302
1141,4.52427,85,174,"2026-08-09_AFIOS",4.45394619632995,330,NA,NA,NA,NA,NA,NA,NA,NA,NA,NA,NA,NA,NA,224.4,44.375065101,-79.688222585,1.7624,9.67,247,24,13.4712
1142,4.52804,85,174,"2026-08-09_AFIOS",4.42086648983201,333,NA,NA,NA,NA,NA,NA,NA,NA,NA,NA,NA,NA,NA,224.4,44.375067365,-79.688269272,1.14512,9.72,246,24,13.572
1143,4.53184,85,174,"2026-08-09_AFIOS",4.38827453045463,339,NA,NA,NA,NA,NA,NA,NA,NA,NA,NA,NA,NA,NA,224.6,44.375070382,-79.688321827,1.06538,9.72,246,24,13.6728
1144,4.53567,85,174,"2026-08-09_AFIOS",4.34593654932638,346,NA,NA,NA,NA,NA,NA,NA,NA,NA,NA,NA,NA,NA,224.6,44.375073986,-79.688370107,1.06538,9.77,245,24,13.806
1145,4.53953,85,174,"2026-08-09_AFIOS",4.32451133021969,349,NA,NA,NA,NA,NA,NA,NA,NA,NA,NA,NA,NA,NA,224.6,44.37507516,-79.688412938,1.06538,9.81,244,24,13.8744
1146,4.54333,85,174,"2026-08-09_AFIOS",4.37790035898783,354,NA,NA,NA,NA,NA,NA,NA,NA,NA,NA,NA,NA,NA,224.6,44.375092594,-79.688464068,1.06538,9.76,245,24,13.7052
1147,4.54712,85,174,"2026-08-09_AFIOS",4.39985920450546,351,NA,NA,NA,NA,NA,NA,NA,NA,NA,NA,NA,NA,NA,224.8,44.375098294,-79.688504888,1.59308,9.72,246,24,13.6368
1148,4.55092,85,174,"2026-08-09_AFIOS",4.38827453045463,349,NA,NA,NA,NA,NA,NA,NA,NA,NA,NA,NA,NA,NA,225,44.375116399,-79.688549815,2.66435,9.72,246,24,13.6728
1149,4.5547,85,175,"2026-08-09_AFIOS",4.41033783187792,347,NA,NA,NA,NA,NA,NA,NA,NA,NA,NA,NA,NA,NA,225,44.375137102,-79.688589461,2.12088,9.72,246,24,13.6044
1150,4.55849,85,175,"2026-08-09_AFIOS",4.38827453045463,346,NA,NA,NA,NA,NA,NA,NA,NA,NA,NA,NA,NA,NA,225,44.375162164,-79.688622318,1.58034,9.72,246,24,13.6728
1151,4.56228,84,175,"2026-08-09_AFIOS",4.39985920450546,346,NA,NA,NA,NA,NA,NA,NA,NA,NA,NA,NA,NA,NA,225.2,44.375195524,-79.688648889,2.10804,9.89,249,24,13.6368
1152,4.56608,84,174,"2026-08-09_AFIOS",4.38827453045463,344,NA,NA,NA,NA,NA,NA,NA,NA,NA,NA,NA,NA,NA,225,44.375222011,-79.688673783,1.58172,9.93,248,24,13.6728
1153,4.56986,84,175,"2026-08-09_AFIOS",4.41033783187792,345,NA,NA,NA,NA,NA,NA,NA,NA,NA,NA,NA,NA,NA,224.8,44.375257801,-79.688701359,0.526308,9.89,249,24,13.6044
1154,4.57363,84,174,"2026-08-09_AFIOS",4.42086648983201,343,NA,NA,NA,NA,NA,NA,NA,NA,NA,NA,NA,NA,NA,224.6,44.375286887,-79.688719464,0,9.89,249,24,13.572
1155,4.57735,84,174,"2026-08-09_AFIOS",4.476676515355,341,NA,NA,NA,NA,NA,NA,NA,NA,NA,NA,NA,NA,NA,224.6,44.375317313,-79.688740084,0,9.84,250,24,13.4028
1156,4.5811,85,174,"2026-08-09_AFIOS",4.44325957522438,336,NA,NA,NA,NA,NA,NA,NA,NA,NA,NA,NA,NA,NA,224.4,44.375352349,-79.688760117,-0.537529,9.85,250,24,13.5036
1157,4.58484,85,172,"2026-08-09_AFIOS",4.46588067166845,336,NA,NA,NA,NA,NA,NA,NA,NA,NA,NA,NA,NA,NA,224.2,44.375383195,-79.688778557,-1.59999,9.67,247,24,13.4352
1158,4.58859,85,172,"2026-08-09_AFIOS",4.44325957522438,334,NA,NA,NA,NA,NA,NA,NA,NA,NA,NA,NA,NA,NA,224,44.375418483,-79.688798422,-2.65964,9.68,247,24,13.5036
1159,4.59234,85,172,"2026-08-09_AFIOS",4.44325957522438,334,NA,NA,NA,NA,NA,NA,NA,NA,NA,NA,NA,NA,NA,223.8,44.375447735,-79.688814767,-3.19298,9.68,247,24,13.5036
1160,4.59607,85,173,"2026-08-09_AFIOS",4.46588067166845,330,NA,NA,NA,NA,NA,NA,NA,NA,NA,NA,NA,NA,NA,223.6,44.375480173,-79.688833542,-3.72917,9.67,247,24,13.4352
1161,4.59983,84,172,"2026-08-09_AFIOS",4.43262411347518,325,NA,NA,NA,NA,NA,NA,NA,NA,NA,NA,NA,NA,NA,223.4,44.375516048,-79.688850641,-4.78879,9.89,249,24,13.536
1162,4.60361,84,172,"2026-08-09_AFIOS",4.41033783187792,325,NA,NA,NA,NA,NA,NA,NA,NA,NA,NA,NA,NA,NA,223.2,44.375542032,-79.688871344,-4.79157,9.89,249,24,13.6044
1163,4.60733,84,173,"2026-08-09_AFIOS",4.476676515355,323,NA,NA,NA,NA,NA,NA,NA,NA,NA,NA,NA,NA,NA,223.2,44.375575643,-79.68889012,-4.26247,9.84,250,24,13.4028
1164,4.61105,83,173,"2026-08-09_AFIOS",4.48752468138575,308,NA,NA,NA,NA,NA,NA,NA,NA,NA,NA,NA,NA,NA,223,44.375604058,-79.688908141,-4.2696,10.02,253,24,13.3704
1165,4.61479,83,172,"2026-08-09_AFIOS",4.45394619632995,301,NA,NA,NA,NA,NA,NA,NA,NA,NA,NA,NA,NA,NA,222.8,44.3756344,-79.688927503,-4.80436,10.02,253,24,13.4712
1166,4.61853,83,171,"2026-08-09_AFIOS",4.45394619632995,299,NA,NA,NA,NA,NA,NA,NA,NA,NA,NA,NA,NA,NA,222.8,44.375670191,-79.68894192,-4.27103,10.02,253,24,13.4712
1167,4.6223,85,171,"2026-08-09_AFIOS",4.42086648983201,299,NA,NA,NA,NA,NA,NA,NA,NA,NA,NA,NA,NA,NA,222.6,44.375695924,-79.688960863,-4.26677,9.72,246,24,13.572
1168,4.62614,85,173,"2026-08-09_AFIOS",4.33576135969476,298,NA,NA,NA,NA,NA,NA,NA,NA,NA,NA,NA,NA,NA,222.4,44.375733558,-79.688976118,-4.25427,9.8,244,24,13.8384
1169,4.62998,85,173,"2026-08-09_AFIOS",4.34593654932638,307,NA,NA,NA,NA,NA,NA,NA,NA,NA,NA,NA,NA,NA,222.4,44.375758033,-79.688993636,-3.72094,9.77,245,24,13.806
1170,4.63382,85,172,"2026-08-09_AFIOS",4.33576135969476,308,NA,NA,NA,NA,NA,NA,NA,NA,NA,NA,NA,NA,NA,222.2,44.37579089,-79.689014256,-3.70558,9.8,244,24,13.8384
1171,4.63766,85,173,"2026-08-09_AFIOS",4.34593654932638,311,NA,NA,NA,NA,NA,NA,NA,NA,NA,NA,NA,NA,NA,222,44.37582073,-79.689031858,-3.6945,9.77,245,24,13.806
1172,4.64151,85,172,"2026-08-09_AFIOS",4.32451133021969,311,NA,NA,NA,NA,NA,NA,NA,NA,NA,NA,NA,NA,NA,221.8,44.375854509,-79.689048203,-3.68488,9.81,244,24,13.8744
1173,4.64539,85,173,"2026-08-09_AFIOS",4.29331959471063,312,NA,NA,NA,NA,NA,NA,NA,NA,NA,NA,NA,NA,NA,221.8,44.375888875,-79.689062536,-3.68488,9.85,243,24,13.9752
1174,4.64928,85,173,"2026-08-09_AFIOS",4.28338901739056,312,NA,NA,NA,NA,NA,NA,NA,NA,NA,NA,NA,NA,NA,221.6,44.375918966,-79.689080138,-3.66138,9.85,243,24,14.0076
1175,4.65324,86,173,"2026-08-09_AFIOS",4.21300977418268,312,NA,NA,NA,NA,NA,NA,NA,NA,NA,NA,NA,NA,NA,221.6,44.375957439,-79.689095644,-3.12662,9.72,239,24,14.2416
1176,4.65723,87,173,"2026-08-09_AFIOS",4.17292605575029,319,NA,NA,NA,NA,NA,NA,NA,NA,NA,NA,NA,NA,NA,221.6,44.375987698,-79.689110899,-3.12662,9.57,236,24,14.3784
1177,4.66121,87,173,"2026-08-09_AFIOS",4.19287211740042,321,NA,NA,NA,NA,NA,NA,NA,NA,NA,NA,NA,NA,NA,221.6,44.376026673,-79.689125651,-2.59612,9.56,236,24,14.31
1178,4.66515,87,173,"2026-08-09_AFIOS",4.22261633307998,320,NA,NA,NA,NA,NA,NA,NA,NA,NA,NA,NA,NA,NA,221.4,44.376055088,-79.689141493,-2.5829,9.52,237,24,14.2092
1179,4.66909,86,173,"2026-08-09_AFIOS",4.2322668020992,320,NA,NA,NA,NA,NA,NA,NA,NA,NA,NA,NA,NA,NA,221.4,44.376090376,-79.68915943,-2.5829,9.72,239,24,14.1768
1180,4.67295,86,173,"2026-08-09_AFIOS",4.31443610320131,316,NA,NA,NA,NA,NA,NA,NA,NA,NA,NA,NA,NA,NA,221.4,44.376121808,-79.68917083,-2.06207,9.64,241,24,13.9068
1181,4.67677,86,172,"2026-08-09_AFIOS",4.3675751222921,313,NA,NA,NA,NA,NA,NA,NA,NA,NA,NA,NA,NA,NA,221.2,44.376156174,-79.689188013,-2.06479,9.56,243,24,13.7376
1182,4.68053,86,172,"2026-08-09_AFIOS",4.43262411347518,312,NA,NA,NA,NA,NA,NA,NA,NA,NA,NA,NA,NA,NA,221.2,44.376190456,-79.689200753,-1.54531,9.51,244,24,13.536
1183,4.68427,86,173,"2026-08-09_AFIOS",4.45394619632995,312,NA,NA,NA,NA,NA,NA,NA,NA,NA,NA,NA,NA,NA,221.2,44.376218368,-79.689214583,-1.54531,9.47,245,24,13.4712
1184,4.68797,86,173,"2026-08-09_AFIOS",4.510599909788,310,NA,NA,NA,NA,NA,NA,NA,NA,NA,NA,NA,NA,NA,221.2,44.376255751,-79.689226067,-1.03117,9.43,246,24,13.302
1185,4.69162,87,173,"2026-08-09_AFIOS",4.5687134502924,307,NA,NA,NA,NA,NA,NA,NA,NA,NA,NA,NA,NA,NA,221.2,44.376284082,-79.689241908,-1.03117,9.19,245,24,13.1328
1186,4.69526,87,173,"2026-08-09_AFIOS",4.58001282403591,311,NA,NA,NA,NA,NA,NA,NA,NA,NA,NA,NA,NA,NA,221.2,44.376319369,-79.6892549,-1.03117,9.19,245,24,13.1004
1187,4.69892,87,172,"2026-08-09_AFIOS",4.54504135987638,315,NA,NA,NA,NA,NA,NA,NA,NA,NA,NA,NA,NA,NA,221.2,44.376346275,-79.689264539,-1.03117,9.19,245,24,13.2012
1188,4.70256,87,172,"2026-08-09_AFIOS",4.58001282403591,317,NA,NA,NA,NA,NA,NA,NA,NA,NA,NA,NA,NA,NA,221.2,44.376379216,-79.689276358,-0.52356,9.19,245,24,13.1004
1189,4.70621,86,172,"2026-08-09_AFIOS",4.5687134502924,313,NA,NA,NA,NA,NA,NA,NA,NA,NA,NA,NA,NA,NA,221.2,44.376410732,-79.689289182,-0.52356,9.38,247,24,13.1328
1190,4.7099,86,171,"2026-08-09_AFIOS",4.510599909788,311,NA,NA,NA,NA,NA,NA,NA,NA,NA,NA,NA,NA,NA,221.2,44.376441075,-79.68930603,-0.52356,9.43,246,24,13.302
1191,4.71363,86,169,"2026-08-09_AFIOS",4.476676515355,314,NA,NA,NA,NA,NA,NA,NA,NA,NA,NA,NA,NA,NA,221.2,44.37647653,-79.689316507,0,9.47,245,24,13.4028
1192,4.71735,86,170,"2026-08-09_AFIOS",4.476676515355,316,NA,NA,NA,NA,NA,NA,NA,NA,NA,NA,NA,NA,NA,221,44.37650461,-79.689329835,-0.537634,9.47,245,24,13.4028
1193,4.72107,86,171,"2026-08-09_AFIOS",4.476676515355,316,NA,NA,NA,NA,NA,NA,NA,NA,NA,NA,NA,NA,NA,221,44.376540903,-79.689341234,-0.537634,9.47,245,24,13.4028
1194,4.72483,86,171,"2026-08-09_AFIOS",4.43262411347518,318,NA,NA,NA,NA,NA,NA,NA,NA,NA,NA,NA,NA,NA,221,44.376567641,-79.689354142,-0.537634,9.51,244,24,13.536
1195,4.72861,86,171,"2026-08-09_AFIOS",4.41033783187792,322,NA,NA,NA,NA,NA,NA,NA,NA,NA,NA,NA,NA,NA,221,44.376601337,-79.689365374,-0.537634,9.52,244,24,13.6044
1196,4.73238,86,171,"2026-08-09_AFIOS",4.42086648983201,324,NA,NA,NA,NA,NA,NA,NA,NA,NA,NA,NA,NA,NA,220.8,44.376634864,-79.689375013,-1.06814,9.52,244,24,13.572
1197,4.73612,86,170,"2026-08-09_AFIOS",4.45394619632995,325,NA,NA,NA,NA,NA,NA,NA,NA,NA,NA,NA,NA,NA,220.8,44.376667721,-79.68938767,-1.06814,9.47,245,24,13.4712
1198,4.73988,86,169,"2026-08-09_AFIOS",4.44325957522438,322,NA,NA,NA,NA,NA,NA,NA,NA,NA,NA,NA,NA,NA,220.6,44.376703512,-79.689397057,-1.60005,9.51,244,24,13.5036
1199,4.74363,86,169,"2026-08-09_AFIOS",4.44325957522438,322,NA,NA,NA,NA,NA,NA,NA,NA,NA,NA,NA,NA,NA,220.6,44.376733016,-79.689413486,-1.60005,9.51,244,24,13.5036
1200,4.74734,86,169,"2026-08-09_AFIOS",4.48752468138575,321,NA,NA,NA,NA,NA,NA,NA,NA,NA,NA,NA,NA,NA,220.4,44.376769059,-79.689422371,-2.13914,9.47,245,24,13.3704
1201,4.75102,85,169,"2026-08-09_AFIOS",4.53391367428364,317,NA,NA,NA,NA,NA,NA,NA,NA,NA,NA,NA,NA,NA,220.4,44.376798311,-79.68943377,-2.13914,9.59,249,24,13.2336
1202,4.75468,85,170,"2026-08-09_AFIOS",4.54504135987638,314,NA,NA,NA,NA,NA,NA,NA,NA,NA,NA,NA,NA,NA,220.4,44.376829492,-79.689446008,-1.6015,9.59,249,24,13.2012
1203,4.75833,85,171,"2026-08-09_AFIOS",4.5687134502924,313,NA,NA,NA,NA,NA,NA,NA,NA,NA,NA,NA,NA,NA,220.2,44.376862098,-79.6894533,-2.14945,9.54,250,24,13.1328
1204,4.76198,85,171,"2026-08-09_AFIOS",4.5687134502924,311,NA,NA,NA,NA,NA,NA,NA,NA,NA,NA,NA,NA,NA,220.2,44.37689068,-79.689465118,-2.14945,9.54,250,24,13.1328
1205,4.76567,85,171,"2026-08-09_AFIOS",4.510599909788,311,NA,NA,NA,NA,NA,NA,NA,NA,NA,NA,NA,NA,NA,220.2,44.376927477,-79.689472243,-2.14945,9.63,248,24,13.302
1206,4.76937,86,171,"2026-08-09_AFIOS",4.510599909788,313,NA,NA,NA,NA,NA,NA,NA,NA,NA,NA,NA,NA,NA,220.2,44.37695346,-79.689482888,-1.61894,9.43,246,24,13.302
1207,4.77306,85,171,"2026-08-09_AFIOS",4.510599909788,312,NA,NA,NA,NA,NA,NA,NA,NA,NA,NA,NA,NA,NA,220.2,44.376985563,-79.689495629,-1.61894,9.63,248,24,13.302
1208,4.77676,85,171,"2026-08-09_AFIOS",4.510599909788,312,NA,NA,NA,NA,NA,NA,NA,NA,NA,NA,NA,NA,NA,220.2,44.377014648,-79.689509459,-1.08703,9.63,248,24,13.302
1209,4.78044,86,171,"2026-08-09_AFIOS",4.53391367428364,313,NA,NA,NA,NA,NA,NA,NA,NA,NA,NA,NA,NA,NA,220.2,44.377046751,-79.689525217,-1.08703,9.42,246,24,13.2336
1210,4.78408,86,171,"2026-08-09_AFIOS",4.5687134502924,312,NA,NA,NA,NA,NA,NA,NA,NA,NA,NA,NA,NA,NA,220.2,44.377079357,-79.689534688,-0.547945,9.38,247,24,13.1328
1211,4.78769,85,171,"2026-08-09_AFIOS",4.61552663158866,310,NA,NA,NA,NA,NA,NA,NA,NA,NA,NA,NA,NA,NA,220,44.377108023,-79.689546255,-1.10196,9.5,251,24,12.9996
1212,4.79131,86,172,"2026-08-09_AFIOS",4.60405156537753,307,NA,NA,NA,NA,NA,NA,NA,NA,NA,NA,NA,NA,NA,220,44.3771444,-79.68955338,-1.10196,9.34,248,24,13.032
1213,4.79493,86,172,"2026-08-09_AFIOS",4.61552663158866,307,NA,NA,NA,NA,NA,NA,NA,NA,NA,NA,NA,NA,NA,220,44.377172731,-79.689566456,-0.554017,9.34,248,24,12.9996
1214,4.79859,86,172,"2026-08-09_AFIOS",4.54504135987638,305,NA,NA,NA,NA,NA,NA,NA,NA,NA,NA,NA,NA,NA,219.8,44.377211204,-79.689580621,-1.10046,9.39,247,24,13.2012
1215,4.80233,87,172,"2026-08-09_AFIOS",4.45394619632995,308,NA,NA,NA,NA,NA,NA,NA,NA,NA,NA,NA,NA,NA,219.8,44.377240876,-79.689591769,-1.10046,9.32,242,24,13.4712
1216,4.80614,87,172,"2026-08-09_AFIOS",4.37790035898783,312,NA,NA,NA,NA,NA,NA,NA,NA,NA,NA,NA,NA,NA,219.8,44.377278427,-79.689603839,-1.10046,9.36,241,24,13.7052
1217,4.81003,87,172,"2026-08-09_AFIOS",4.28338901739056,317,NA,NA,NA,NA,NA,NA,NA,NA,NA,NA,NA,NA,NA,219.6,44.377310697,-79.689617501,-1.6146,9.48,238,24,14.0076
1218,4.814,87,172,"2026-08-09_AFIOS",4.20238695579089,322,NA,NA,NA,NA,NA,NA,NA,NA,NA,NA,NA,NA,NA,219.4,44.377348164,-79.689633008,-2.11838,9.56,236,24,14.2776
1219,4.81799,87,173,"2026-08-09_AFIOS",4.17292605575029,328,NA,NA,NA,NA,NA,NA,NA,NA,NA,NA,NA,NA,NA,219.4,44.377384123,-79.689643653,-2.11838,9.57,236,24,14.3784
1220,4.82199,87,171,"2026-08-09_AFIOS",4.16354400866017,333,NA,NA,NA,NA,NA,NA,NA,NA,NA,NA,NA,NA,NA,219.4,44.377415052,-79.689658573,-2.11838,9.6,235,25,14.4108
1221,4.82604,87,170,"2026-08-09_AFIOS",4.11522633744856,334,NA,NA,NA,NA,NA,NA,NA,NA,NA,NA,NA,NA,NA,219.2,44.377453692,-79.689666284,-2.05819,9.64,234,25,14.58
1222,4.83006,87,169,"2026-08-09_AFIOS",4.15420405450316,340,NA,NA,NA,NA,NA,NA,NA,NA,NA,NA,NA,NA,NA,219.2,44.377483616,-79.68967651,-2.05819,9.6,235,24,14.4432
1223,4.83402,87,168,"2026-08-09_AFIOS",4.20238695579089,338,NA,NA,NA,NA,NA,NA,NA,NA,NA,NA,NA,NA,NA,219.2,44.377523262,-79.689688329,-2.05819,9.56,236,25,14.2776
1224,4.83793,87,167,"2026-08-09_AFIOS",4.26257459505541,336,NA,NA,NA,NA,NA,NA,NA,NA,NA,NA,NA,NA,NA,219.2,44.377552431,-79.689700063,-1.51174,9.48,238,24,14.076
1225,4.84185,86,166,"2026-08-09_AFIOS",4.25278557455133,331,NA,NA,NA,NA,NA,NA,NA,NA,NA,NA,NA,NA,NA,219.2,44.377589563,-79.689712049,-1.51174,9.68,240,25,14.1084
1226,4.84577,86,167,"2026-08-09_AFIOS",4.25278557455133,329,NA,NA,NA,NA,NA,NA,NA,NA,NA,NA,NA,NA,NA,219.2,44.377625773,-79.689719425,-1.51174,9.68,240,25,14.1084
1227,4.84971,86,170,"2026-08-09_AFIOS",4.2322668020992,328,NA,NA,NA,NA,NA,NA,NA,NA,NA,NA,NA,NA,NA,219.2,44.377660474,-79.68973401,-0.997605,9.72,239,25,14.1768
1228,4.85367,86,171,"2026-08-09_AFIOS",4.20238695579089,328,NA,NA,NA,NA,NA,NA,NA,NA,NA,NA,NA,NA,NA,219.2,44.377696935,-79.689744906,-0.493827,9.73,239,24,14.2776
1229,4.85766,86,172,"2026-08-09_AFIOS",4.18340026773762,332,NA,NA,NA,NA,NA,NA,NA,NA,NA,NA,NA,NA,NA,219,44.377725685,-79.689757982,-0.99508,9.76,238,24,14.3424
1230,4.86157,87,172,"2026-08-09_AFIOS",4.25278557455133,334,NA,NA,NA,NA,NA,NA,NA,NA,NA,NA,NA,NA,NA,219,44.377765667,-79.689769549,-0.99508,9.49,238,24,14.1084
1231,4.86546,86,172,"2026-08-09_AFIOS",4.29331959471063,328,NA,NA,NA,NA,NA,NA,NA,NA,NA,NA,NA,NA,NA,218.8,44.377793998,-79.689786816,-1.01539,9.45,239,25,13.9752
1232,4.86932,86,172,"2026-08-09_AFIOS",4.31443610320131,326,NA,NA,NA,NA,NA,NA,NA,NA,NA,NA,NA,NA,NA,218.8,44.377833812,-79.689800311,-1.01539,9.64,241,24,13.9068
1233,4.87316,87,173,"2026-08-09_AFIOS",4.33576135969476,323,NA,NA,NA,NA,NA,NA,NA,NA,NA,NA,NA,NA,NA,218.8,44.377865076,-79.689814644,-1.01539,9.4,240,25,13.8384
1234,4.877,87,173,"2026-08-09_AFIOS",4.34593654932638,322,NA,NA,NA,NA,NA,NA,NA,NA,NA,NA,NA,NA,NA,218.8,44.377900196,-79.689827887,-1.01539,9.4,240,25,13.806
1235,4.88086,87,173,"2026-08-09_AFIOS",4.31443610320131,320,NA,NA,NA,NA,NA,NA,NA,NA,NA,NA,NA,NA,NA,218.8,44.377931712,-79.689840795,-1.01539,9.44,239,25,13.9068
1236,4.88474,87,173,"2026-08-09_AFIOS",4.29331959471063,321,NA,NA,NA,NA,NA,NA,NA,NA,NA,NA,NA,NA,NA,218.8,44.377962809,-79.689857894,-1.01539,9.45,239,25,13.9752
1237,4.88865,86,173,"2026-08-09_AFIOS",4.26257459505541,323,NA,NA,NA,NA,NA,NA,NA,NA,NA,NA,NA,NA,NA,218.8,44.377997762,-79.689868288,-1.01539,9.68,240,25,14.076
1238,4.89259,87,173,"2026-08-09_AFIOS",4.2322668020992,325,NA,NA,NA,NA,NA,NA,NA,NA,NA,NA,NA,NA,NA,218.8,44.378027769,-79.689883292,-1.01539,9.52,237,25,14.1768
1239,4.89653,87,173,"2026-08-09_AFIOS",4.2322668020992,327,NA,NA,NA,NA,NA,NA,NA,NA,NA,NA,NA,NA,NA,218.6,44.378064314,-79.689893015,-1.02175,9.52,237,25,14.1768
1240,4.90042,86,172,"2026-08-09_AFIOS",4.28338901739056,327,NA,NA,NA,NA,NA,NA,NA,NA,NA,NA,NA,NA,NA,218.6,44.378091555,-79.689903408,-1.02175,9.64,241,25,14.0076
1241,4.90428,86,173,"2026-08-09_AFIOS",4.31443610320131,325,NA,NA,NA,NA,NA,NA,NA,NA,NA,NA,NA,NA,NA,218.6,44.378121646,-79.689916987,-0.507614,9.64,241,25,13.9068
1242,4.90809,86,174,"2026-08-09_AFIOS",4.37790035898783,325,NA,NA,NA,NA,NA,NA,NA,NA,NA,NA,NA,NA,NA,218.6,44.378156431,-79.689922519,-0.507614,9.56,243,25,13.7052
1243,4.91183,85,173,"2026-08-09_AFIOS",4.45394619632995,323,NA,NA,NA,NA,NA,NA,NA,NA,NA,NA,NA,NA,NA,218.6,44.378186606,-79.689934254,-0.507614,9.67,247,25,13.4712
1244,4.91559,85,173,"2026-08-09_AFIOS",4.43262411347518,320,NA,NA,NA,NA,NA,NA,NA,NA,NA,NA,NA,NA,NA,218.6,44.37822466,-79.689941127,-0.507614,9.68,247,25,13.536
1245,4.9193,84,173,"2026-08-09_AFIOS",4.48752468138575,320,NA,NA,NA,NA,NA,NA,NA,NA,NA,NA,NA,NA,NA,218.6,44.378252991,-79.689949928,-0.507614,9.63,248,25,13.3704
1246,4.92301,84,173,"2026-08-09_AFIOS",4.4996400287977,319,NA,NA,NA,NA,NA,NA,NA,NA,NA,NA,NA,NA,NA,218.6,44.378291799,-79.689959902,-0.507614,9.8,251,25,13.3344
1247,4.92672,84,173,"2026-08-09_AFIOS",4.48752468138575,317,NA,NA,NA,NA,NA,NA,NA,NA,NA,NA,NA,NA,NA,218.6,44.378327841,-79.68996577,-0.507614,9.8,251,25,13.3704
1248,4.93047,85,173,"2026-08-09_AFIOS",4.44325957522438,317,NA,NA,NA,NA,NA,NA,NA,NA,NA,NA,NA,NA,NA,218.6,44.378363632,-79.689975744,-0.507614,9.68,247,25,13.5036
1249,4.93425,85,174,"2026-08-09_AFIOS",4.41033783187792,321,NA,NA,NA,NA,NA,NA,NA,NA,NA,NA,NA,NA,NA,218.6,44.378401099,-79.689979683,0,9.72,246,25,13.6044
1250,4.93806,85,174,"2026-08-09_AFIOS",4.37790035898783,323,NA,NA,NA,NA,NA,NA,NA,NA,NA,NA,NA,NA,NA,218.6,44.378430268,-79.689990328,0,9.76,245,25,13.7052
1251,4.94187,85,174,"2026-08-09_AFIOS",4.3675751222921,325,NA,NA,NA,NA,NA,NA,NA,NA,NA,NA,NA,NA,NA,218.6,44.378466729,-79.689999465,0,9.76,245,25,13.7376
1252,4.94568,84,175,"2026-08-09_AFIOS",4.37790035898783,325,NA,NA,NA,NA,NA,NA,NA,NA,NA,NA,NA,NA,NA,218.8,44.378496569,-79.690009188,0.524934,9.93,248,25,13.7052
1253,4.94949,85,174,"2026-08-09_AFIOS",4.37790035898783,325,NA,NA,NA,NA,NA,NA,NA,NA,NA,NA,NA,NA,NA,218.8,44.378528755,-79.690018575,0.524934,9.76,245,25,13.7052
1254,4.95325,85,175,"2026-08-09_AFIOS",4.43262411347518,326,NA,NA,NA,NA,NA,NA,NA,NA,NA,NA,NA,NA,NA,218.6,44.378564043,-79.690024191,0,9.68,247,25,13.536
1255,4.95697,85,173,"2026-08-09_AFIOS",4.476676515355,322,NA,NA,NA,NA,NA,NA,NA,NA,NA,NA,NA,NA,NA,218.6,44.378596313,-79.690034333,0,9.63,248,25,13.4028
1256,4.96073,86,172,"2026-08-09_AFIOS",4.43262411347518,319,NA,NA,NA,NA,NA,NA,NA,NA,NA,NA,NA,NA,NA,218.6,44.378637301,-79.690036345,0,9.51,244,25,13.536
1257,4.96454,86,171,"2026-08-09_AFIOS",4.37790035898783,321,NA,NA,NA,NA,NA,NA,NA,NA,NA,NA,NA,NA,NA,218.6,44.378667224,-79.690045984,0,9.56,243,25,13.7052
1258,4.96836,86,171,"2026-08-09_AFIOS",4.3675751222921,323,NA,NA,NA,NA,NA,NA,NA,NA,NA,NA,NA,NA,NA,218.6,44.3787062,-79.690049672,0,9.56,243,25,13.7376
1259,4.97225,86,171,"2026-08-09_AFIOS",4.28338901739056,324,NA,NA,NA,NA,NA,NA,NA,NA,NA,NA,NA,NA,NA,218.6,44.378740063,-79.690055707,0,9.64,241,25,14.0076
1260,4.9762,86,173,"2026-08-09_AFIOS",4.21300977418268,327,NA,NA,NA,NA,NA,NA,NA,NA,NA,NA,NA,NA,NA,218.6,44.378770825,-79.690064089,0,9.72,239,25,14.2416
1261,4.98015,85,174,"2026-08-09_AFIOS",4.22261633307998,327,NA,NA,NA,NA,NA,NA,NA,NA,NA,NA,NA,NA,NA,218.8,44.378806951,-79.690066185,0.499349,9.89,242,25,14.2092
1262,4.98407,85,175,"2026-08-09_AFIOS",4.25278557455133,331,NA,NA,NA,NA,NA,NA,NA,NA,NA,NA,NA,NA,NA,218.8,44.378833521,-79.690077668,-0.0255858,9.89,242,25,14.1084
1263,4.98788,84,175,"2026-08-09_AFIOS",4.3675751222921,331,NA,NA,NA,NA,NA,NA,NA,NA,NA,NA,NA,NA,NA,218.8,44.378869061,-79.6900889,-0.0255858,9.94,248,25,13.7376
1264,4.99164,84,174,"2026-08-09_AFIOS",4.44325957522438,324,NA,NA,NA,NA,NA,NA,NA,NA,NA,NA,NA,NA,NA,218.8,44.3788989,-79.690098455,0.506329,9.85,250,25,13.5036
1265,4.99535,84,175,"2026-08-09_AFIOS",4.48752468138575,321,NA,NA,NA,NA,NA,NA,NA,NA,NA,NA,NA,NA,NA,219,44.378932344,-79.690106669,1.04541,9.8,251,25,13.3704
1266,4.99907,84,175,"2026-08-09_AFIOS",4.476676515355,319,NA,NA,NA,NA,NA,NA,NA,NA,NA,NA,NA,NA,NA,219,44.378971152,-79.690099712,1.04541,9.84,250,25,13.4028
1267,5.0028,84,175,"2026-08-09_AFIOS",4.476676515355,321,NA,NA,NA,NA,NA,NA,NA,NA,NA,NA,NA,NA,NA,219,44.378998226,-79.690108932,1.04541,9.84,250,25,13.4028
1268,5.00657,83,174,"2026-08-09_AFIOS",4.42086648983201,321,NA,NA,NA,NA,NA,NA,NA,NA,NA,NA,NA,NA,NA,218.8,44.37902949,-79.690108597,0.514909,10.07,252,25,13.572
1269,5.01038,83,174,"2026-08-09_AFIOS",4.3675751222921,327,NA,NA,NA,NA,NA,NA,NA,NA,NA,NA,NA,NA,NA,218.8,44.379059078,-79.69010449,0.514909,10.12,251,25,13.7376
1270,5.01422,85,174,"2026-08-09_AFIOS",4.34593654932638,331,NA,NA,NA,NA,NA,NA,NA,NA,NA,NA,NA,NA,NA,218.8,44.379093193,-79.690106418,0.514909,9.77,245,25,13.806
1271,5.018,85,174,"2026-08-09_AFIOS",4.41033783187792,331,NA,NA,NA,NA,NA,NA,NA,NA,NA,NA,NA,NA,NA,218.6,44.379127223,-79.690100299,-0.520521,9.72,246,25,13.6044
1272,5.02177,85,173,"2026-08-09_AFIOS",4.41033783187792,330,NA,NA,NA,NA,NA,NA,NA,NA,NA,NA,NA,NA,NA,218.6,44.379158907,-79.690108178,-0.520521,9.72,246,25,13.6044
1273,5.02549,85,174,"2026-08-09_AFIOS",4.48752468138575,328,NA,NA,NA,NA,NA,NA,NA,NA,NA,NA,NA,NA,NA,218.8,44.379196122,-79.690109519,0.0171135,9.63,248,25,13.3704
0,0,0,165,"2026-08-09_ZGAYX",1.70765027322404,0,NA,0,0,0,0,0,0,0,0,0,0,0,0,221.6,44.379289748,-79.690423421,0,NA,NA,25,35.136
1,0.0103,96,165,"2026-08-09_ZGAYX",NA,257,52,75.5,70,24.5,25,342,333,198,221,65,53,128,120,222,44.379199559,-79.6904111,3.8835,NA,NA,NA,0
2,0.0202,97,164,"2026-08-09_ZGAYX",1.70607704643942,187,53,75.5,70,24.5,25,342,333,200,221,63,53,128,120,222.4,44.379113142,-79.690392576,4.0404,NA,NA,NA,35.1684
3,0.0299,96,165,"2026-08-09_ZGAYX",1.6898171617831,216,51,75.5,70,24.5,25,346,345,200,205,63,58,128,121,222.2,44.379026976,-79.690375225,-2.06186,NA,NA,NA,35.5068
4,0.0397,97,165,"2026-08-09_ZGAYX",1.6493485073396,337,53,88.5,68.5,29.5,23.5,332,343,198,231,65,60,129,128,221.6,44.37893863,-79.690352175,-6.12245,NA,NA,NA,36.378
5,0.0499,98,165,"2026-08-09_ZGAYX",1.61061718850664,381,45,88.5,98,29,33,307,343,200,231,63,60,128,128,221,44.378847771,-79.690330466,-5.88235,NA,NA,NA,37.2528
6,0.06,99,164,"2026-08-09_ZGAYX",1.61498708010336,370,48,96,98,34.5,33,307,329,200,246,63,63,128,134,220.2,44.378758419,-79.690303644,-7.92079,NA,NA,NA,37.152
7,0.0705,101,164,"2026-08-09_ZGAYX",1.58353127474268,313,46,88,99,28,33.5,297,323,201,257,63,66,129,135,219.4,44.378665297,-79.690272799,-7.61905,NA,NA,NA,37.89
8,0.0812,102,165,"2026-08-09_ZGAYX",1.60056339831621,300,46,88,99,28,33.5,290,321,201,250,66,70,132,139,218.6,44.378572174,-79.690241702,-7.47664,NA,NA,NA,37.4868
9,0.0916,102,165,"2026-08-09_ZGAYX",1.623798389192,321,48,88,99,28,33.5,288,322,195,242,62,70,129,138,219,44.378481481,-79.690208761,3.84615,NA,NA,NA,36.9504
10,0.1023,101,166,"2026-08-09_ZGAYX",1.60194796872998,411,49,89.5,98.5,28,29.5,304,318,198,214,62,63,129,125,219.2,44.378388107,-79.690184537,-2.34439,NA,NA,NA,37.4544
11,0.1126,101,166,"2026-08-09_ZGAYX",1.61357988834027,356,49,86.5,94,26,27.5,304,318,198,214,62,63,129,125,219.2,44.378296577,-79.690160062,-2.73274,NA,NA,NA,37.1844
12,0.1231,101,166,"2026-08-09_ZGAYX",1.60921759840366,218,38,86.5,94,26,27.5,304,318,198,214,62,63,129,125,219.2,44.378203705,-79.690133491,-3.13678,NA,NA,NA,37.2852
13,0.1336,101,166,"2026-08-09_ZGAYX",1.592001783042,216,38,81.5,71,26.5,20.5,304,318,198,214,62,63,129,125,219.4,44.378111001,-79.690105244,-2.74012,NA,NA,NA,37.6884
14,0.1442,101,166,"2026-08-09_ZGAYX",1.61796589327897,264,38,73,73.5,25,20.5,336,318,195,214,62,63,127,125,219.6,44.378019471,-79.690076997,-1.9392,NA,NA,NA,37.0836
15,0.1546,101,166,"2026-08-09_ZGAYX",1.60194796872998,264,38,71.5,65,25,19.5,336,335,197,190,65,59,131,117,219.8,44.377929617,-79.690044978,-1.15865,NA,NA,NA,37.4544
16,0.1648,101,166,"2026-08-09_ZGAYX",1.60056339831621,264,38,71.5,65,25,19.5,336,338,198,194,68,62,135,121,219.8,44.377840014,-79.690013043,-0.366574,NA,NA,NA,37.4868
17,0.175,101,166,"2026-08-09_ZGAYX",1.60194796872998,281,56,82.5,85,24.5,23.5,339,342,201,200,68,65,134,125,219.8,44.377750663,-79.689980438,0.395331,NA,NA,NA,37.4544
18,0.1852,101,166,"2026-08-09_ZGAYX",1.60782043861342,274,56,82.5,85,24.5,23.5,309,342,198,200,62,65,129,125,219.8,44.377660558,-79.689950514,1.14299,NA,NA,NA,37.3176
19,0.1955,100,166,"2026-08-09_ZGAYX",1.63430738053213,230,52,76.5,90,27,31,311,333,197,212,60,72,128,135,219.4,44.377571291,-79.689920256,0.37003,NA,NA,NA,36.7128
20,0.2058,100,166,"2026-08-09_ZGAYX",1.62095571548985,283,50,78.5,66.5,28.5,20,329,342,198,201,62,72,129,132,219.2,44.377481101,-79.68988765,-0.0110611,NA,NA,NA,37.0152
21,0.2161,99,165,"2026-08-09_ZGAYX",1.62983245322381,202,44,77.5,69.5,23.5,20,329,342,198,201,65,72,131,132,219.2,44.377392337,-79.689854877,-0.0110611,NA,NA,NA,36.8136
22,0.2261,98,164,"2026-08-09_ZGAYX",1.63430738053213,262,44,80,69.5,26.5,20,329,343,198,221,65,68,131,131,219.2,44.377304411,-79.689821349,-0.0110611,NA,NA,NA,36.7128
23,0.2362,98,164,"2026-08-09_ZGAYX",1.66466906379012,244,50,80,69.5,26.5,20,329,340,198,215,65,65,131,129,219.4,44.377216401,-79.68978975,0,NA,NA,NA,36.0432
24,0.2463,99,164,"2026-08-09_ZGAYX",1.66616681662168,197,56,80,69.5,25,20,330,340,195,201,62,60,128,124,219.2,44.377127636,-79.689758904,-0.390217,NA,NA,NA,36.0108
25,0.2564,108,164,"2026-08-09_ZGAYX",1.69635284139101,325,72,76.5,66.5,24,20,336,345,201,197,58,55,125,121,219.4,44.377041387,-79.689726466,-0.384504,NA,NA,NA,35.37
26,0.2664,107,164,"2026-08-09_ZGAYX",1.66466906379012,324,49,78,49,27.5,14.5,328,339,205,197,53,56,124,122,219.6,44.376954299,-79.689693358,-0.184504,NA,NA,NA,36.0432
27,0.2763,108,164,"2026-08-09_ZGAYX",1.67723323605381,329,48,90.5,81.5,31,24.5,314,339,207,197,56,56,127,122,219.8,44.376868552,-79.689660333,0.0175157,NA,NA,NA,35.7732
28,0.2862,108,164,"2026-08-09_ZGAYX",1.66466906379012,241,57,83.5,99.5,29,37,307,339,204,197,56,56,127,122,220,44.376782051,-79.689628063,0.219536,NA,NA,NA,36.0432
29,0.2959,107,164,"2026-08-09_ZGAYX",1.66783415057207,277,51,80.5,69.5,29.5,21.5,307,333,204,200,56,59,127,122,220.2,44.376696136,-79.689592691,0.814071,NA,NA,NA,35.9748
30,0.306,107,165,"2026-08-09_ZGAYX",1.69153218985757,307,53,81,80.5,30,25,316,330,203,203,55,65,127,127,220.6,44.376609048,-79.689559834,1.40429,NA,NA,NA,35.4708
31,0.3161,107,165,"2026-08-09_ZGAYX",1.69307869429771,332,54,88,100,35,36,319,333,203,205,55,65,125,128,220.6,44.37652196,-79.689526306,1.40429,NA,NA,NA,35.4384
32,0.326,106,165,"2026-08-09_ZGAYX",1.71909919202338,268,54,88,100,35,36,308,335,204,212,56,66,127,131,221,44.376436884,-79.689491773,1.80833,NA,NA,NA,34.902
33,0.3359,105,165,"2026-08-09_ZGAYX",1.73755907700862,244,50,84.5,99,30,37.5,308,335,201,212,62,66,132,131,221.4,44.376352981,-79.689458916,2.01435,NA,NA,NA,34.5312
34,0.3455,104,165,"2026-08-09_ZGAYX",1.73412409392016,231,50,73.5,74,28,23,322,323,203,207,59,60,128,129,222,44.376271257,-79.689426143,2.83737,NA,NA,NA,34.5996
35,0.3547,105,166,"2026-08-09_ZGAYX",1.7125633648445,265,52,82.5,68.5,30.5,22,323,323,203,207,59,60,128,129,221.8,44.376189618,-79.689391274,2.42196,NA,NA,NA,35.0352
36,0.3643,104,166,"2026-08-09_ZGAYX",1.73088240384948,210,56,74,68.5,24.5,22,323,336,203,198,59,60,128,125,222,44.376107056,-79.689357746,2.43029,NA,NA,NA,34.6644
37,0.374,104,165,"2026-08-09_ZGAYX",1.71750480901347,300,45,74,68.5,26,22.5,328,338,201,197,63,65,132,127,221.6,44.376023153,-79.689324302,1.8159,NA,NA,NA,34.9344
38,0.3836,105,166,"2026-08-09_ZGAYX",1.70607704643942,270,53,75,68.5,25,22.5,333,345,200,198,58,73,127,134,221.4,44.375939418,-79.689289266,1.40554,NA,NA,NA,35.1684
39,0.3935,106,166,"2026-08-09_ZGAYX",1.68503353216729,341,53,75,68.5,25,22.5,326,338,198,197,58,66,128,124,221,44.375854509,-79.689250123,0.795318,NA,NA,NA,35.6076
40,0.4032,106,166,"2026-08-09_ZGAYX",1.73412409392016,306,40,82.5,72,30,22,316,335,204,225,63,62,134,124,221,44.375772283,-79.68921056,0.399278,NA,NA,NA,34.5996
41,0.413,106,167,"2026-08-09_ZGAYX",1.71909919202338,352,54,80.5,99.5,27,37.5,312,318,204,225,62,60,132,128,221,44.375689972,-79.689166387,0.399278,NA,NA,NA,34.902
42,0.4226,104,166,"2026-08-09_ZGAYX",1.75457065656034,352,49,88.5,85.5,29,27.5,315,318,207,225,59,60,128,128,221,44.375610428,-79.689120371,0,NA,NA,NA,34.1964
43,0.4321,102,167,"2026-08-09_ZGAYX",1.78616082592077,254,46,92,85.5,31.5,27.5,315,308,207,208,59,58,128,122,221.2,44.37553189,-79.689076869,-0.198277,NA,NA,NA,33.5916
44,0.4412,100,168,"2026-08-09_ZGAYX",1.80238635954003,356,52,79,78.5,25,26,304,304,210,198,62,56,131,121,221.4,44.375455782,-79.68903102,-0.603496,NA,NA,NA,33.2892
45,0.4502,100,168,"2026-08-09_ZGAYX",1.8607420639351,373,54,82.5,84,25.5,23.5,308,304,201,198,60,56,128,121,221.8,44.375382943,-79.688984081,0.0583394,NA,NA,NA,32.2452
46,0.4594,98,168,"2026-08-09_ZGAYX",1.84529081783289,319,54,82.5,84,25.5,23.5,315,329,201,198,62,63,128,125,222,44.375308428,-79.688936304,0.0673974,NA,NA,NA,32.5152
47,0.4681,97,167,"2026-08-09_ZGAYX",1.87624301099478,283,56,93,81,31,23.5,318,335,201,201,65,63,131,128,222.4,44.375235841,-79.688892718,0.939539,NA,NA,NA,31.9788
48,0.4769,96,167,"2026-08-09_ZGAYX",1.88814621804313,312,47,87.5,88,29,28,316,335,204,201,68,63,134,128,222.8,44.375161074,-79.688854832,1.60242,NA,NA,NA,31.7772
49,0.4854,95,167,"2026-08-09_ZGAYX",1.92056541445802,301,50,87.5,88,29,28,314,333,203,203,68,65,134,129,223,44.375088906,-79.688811498,2.24175,NA,NA,NA,31.2408
50,0.4939,94,168,"2026-08-09_ZGAYX",1.95848021934978,246,52,87.5,88,29,28,321,338,208,201,65,62,128,125,223.2,44.375022857,-79.688753411,2.47705,NA,NA,NA,30.636
51,0.5029,95,168,"2026-08-09_ZGAYX",1.92477961273434,360,47,88,96,28,29.5,321,338,208,201,65,62,128,125,223.6,44.374960579,-79.688681494,2.92149,NA,NA,NA,31.1724
52,0.5117,96,168,"2026-08-09_ZGAYX",1.89415463878471,243,50,79.5,79.5,24.5,23,301,338,217,201,60,62,122,125,223.8,44.374911796,-79.688593736,3.14876,NA,NA,NA,31.6764
53,0.5205,98,168,"2026-08-09_ZGAYX",1.85494342422556,232,50,79.5,79.5,24.5,23,309,335,203,210,59,62,122,125,224,44.374881454,-79.688491057,3.16551,NA,NA,NA,32.346
54,0.5298,100,167,"2026-08-09_ZGAYX",1.79694519317161,261,46,72.5,70,21,20.5,330,335,198,210,60,62,124,125,224.2,44.374863181,-79.688377399,3.16078,NA,NA,NA,33.39
55,0.5393,102,167,"2026-08-09_ZGAYX",1.73593028503975,263,52,77.5,75,26,22,336,346,198,197,59,66,125,127,224,44.37484449,-79.688260974,2.50581,NA,NA,NA,34.5636
56,0.549,103,167,"2026-08-09_ZGAYX",1.7125633648445,242,56,77.5,70.5,26,21,336,345,198,197,59,63,125,122,223.8,44.374821272,-79.688144382,2.08224,NA,NA,NA,35.0352
57,0.5587,105,167,"2026-08-09_ZGAYX",1.67875369325813,232,50,74,70.5,24.5,21,333,340,200,195,56,63,124,127,223.6,44.374796294,-79.688026449,1.41628,NA,NA,NA,35.7408
58,0.5687,100,167,"2026-08-09_ZGAYX",1.64479094707063,246,50,74,74.5,23,23,332,340,201,195,59,63,125,127,223.6,44.374765868,-79.687908348,0.961734,NA,NA,NA,36.4788
59,0.5789,98,167,"2026-08-09_ZGAYX",1.63430738053213,255,54,78.5,53,22.5,16.5,332,340,201,194,59,66,125,128,223.4,44.374730161,-79.687790582,0.530362,NA,NA,NA,36.7128
60,0.5892,99,167,"2026-08-09_ZGAYX",1.60487883164821,188,49,66.5,71,23,20.5,323,340,200,198,59,65,124,129,223,44.374689676,-79.687674576,-0.0932817,NA,NA,NA,37.386
61,0.5995,100,167,"2026-08-09_ZGAYX",1.60056339831621,195,49,66.5,71,23,20.5,328,342,197,197,58,62,122,127,222.6,44.374644498,-79.687561253,-0.926076,NA,NA,NA,37.4868
62,0.6097,100,167,"2026-08-09_ZGAYX",1.60056339831621,231,49,72.5,67,25.5,20.5,338,343,197,195,62,60,128,127,222.2,44.374596134,-79.68745254,-1.54551,NA,NA,NA,37.4868
63,0.6202,102,166,"2026-08-09_ZGAYX",1.55588747821758,282,49,78,66.5,25,20.5,336,339,197,197,58,63,125,128,222,44.37454534,-79.687340055,-1.96325,NA,NA,NA,38.5632
64,0.631,103,166,"2026-08-09_ZGAYX",1.54249575813666,238,54,78.5,81.5,26,23.5,329,339,197,197,56,63,124,128,221.8,44.374492198,-79.687225558,-2.36349,NA,NA,NA,38.898
65,0.642,104,166,"2026-08-09_ZGAYX",1.53850887719622,219,46,75,69.5,25,22,329,330,197,198,56,66,124,129,221.6,44.374440817,-79.687109049,-2.33479,NA,NA,NA,38.9988
66,0.6528,105,166,"2026-08-09_ZGAYX",1.53850887719622,202,51,74.5,83,27,25,325,332,197,200,63,68,128,132,221.4,44.374391867,-79.686991786,-2.31378,NA,NA,NA,38.9988
67,0.6636,104,167,"2026-08-09_ZGAYX",1.54249575813666,240,51,78.5,73.5,27.5,22.5,330,333,198,201,63,69,131,134,221.2,44.374343001,-79.686875027,-2.29278,NA,NA,NA,38.898
68,0.6741,103,167,"2026-08-09_ZGAYX",1.55865207768322,220,51,78.5,73.5,27.5,22.5,330,333,198,197,63,70,131,131,221.2,44.374296062,-79.686759608,-2.29278,NA,NA,NA,38.4948
69,0.6847,102,167,"2026-08-09_ZGAYX",1.58639507582968,208,45,71.5,88.5,24.5,32,314,336,197,217,69,68,136,135,221.2,44.37425256,-79.686643602,-2.09671,NA,NA,NA,37.8216
70,0.695,102,167,"2026-08-09_ZGAYX",1.57798396768289,262,54,75,88.5,26,32,321,336,195,217,65,68,131,135,221.4,44.374210483,-79.686526088,-1.51418,NA,NA,NA,38.0232
71,0.7054,101,167,"2026-08-09_ZGAYX",1.59918121921576,234,52,73,66,25.5,19,329,336,195,217,62,68,128,135,221.6,44.374174105,-79.686405388,-0.933524,NA,NA,NA,37.5192
72,0.7159,101,167,"2026-08-09_ZGAYX",1.60194796872998,267,53,81.5,68,28,20.5,329,343,195,198,62,63,128,128,221.6,44.374140242,-79.686282929,-0.541367,NA,NA,NA,37.4544
73,0.7264,101,168,"2026-08-09_ZGAYX",1.59063434497678,280,48,81.5,68,28,20.5,332,342,197,197,62,63,128,127,221.6,44.374108307,-79.686158541,-0.350891,NA,NA,NA,37.7208
74,0.7368,100,168,"2026-08-09_ZGAYX",1.61498708010336,258,53,82.5,69,28.5,21,326,336,197,200,63,63,131,128,221.6,44.374080815,-79.686034238,-0.165706,NA,NA,NA,37.152
75,0.7472,100,168,"2026-08-09_ZGAYX",1.61655350792111,308,53,82.5,69,28.5,21,322,335,197,203,66,65,132,131,221.6,44.374056507,-79.685908425,0.0161121,NA,NA,NA,37.116
76,0.7575,100,168,"2026-08-09_ZGAYX",1.61357988834027,244,44,81.5,69,27,21,321,333,201,204,65,66,131,132,221.6,44.374033122,-79.685782781,0.201297,NA,NA,NA,37.1844
77,0.7678,99,168,"2026-08-09_ZGAYX",1.63270637408568,279,49,84,82.5,31.5,25.5,318,326,203,200,65,60,131,128,221.8,44.374015184,-79.685655711,0.580657,NA,NA,NA,36.7488
78,0.7781,99,168,"2026-08-09_ZGAYX",1.61938074880166,330,49,78.5,82.5,27.5,25.5,323,326,204,200,69,60,135,128,221.8,44.373997918,-79.685528474,0.580657,NA,NA,NA,37.0512
79,0.7885,100,168,"2026-08-09_ZGAYX",1.62095571548985,306,47,88.5,71,30,20.5,323,332,204,235,69,65,135,134,221.8,44.373979477,-79.685401572,0.580657,NA,NA,NA,37.0152
80,0.7987,100,168,"2026-08-09_ZGAYX",1.63126814785815,296,56,88.5,71,30,20.5,323,332,204,235,69,65,135,134,222,44.373962881,-79.685275843,0.582561,NA,NA,NA,36.7812
81,0.8087,99,167,"2026-08-09_ZGAYX",1.64025850474035,296,56,90.5,96.5,29,31.5,307,325,204,262,73,66,139,135,222.2,44.373946956,-79.685151372,0.590253,NA,NA,NA,36.5796
82,0.819,99,167,"2026-08-09_ZGAYX",1.62824019799401,289,56,90.5,96.5,29,31.5,288,321,203,248,72,63,139,132,222,44.373933964,-79.685023967,0.396078,NA,NA,NA,36.8496
83,0.8292,99,166,"2026-08-09_ZGAYX",1.64171263462044,254,47,79.5,76,27.5,22.5,309,335,200,214,63,62,129,129,222.2,44.373917284,-79.684897987,0.592157,NA,NA,NA,36.5472
84,0.8394,98,166,"2026-08-09_ZGAYX",1.65853982154112,290,50,79.5,76,27.5,22.5,325,342,203,204,60,60,127,127,222.6,44.373899849,-79.684773432,0.984314,NA,NA,NA,36.1764
85,0.8492,97,166,"2026-08-09_ZGAYX",1.67084377610693,234,51,75,81.5,24,25.5,328,340,200,203,62,59,127,124,222.8,44.373886103,-79.684650302,1.1884,NA,NA,NA,35.91
86,0.8593,96,166,"2026-08-09_ZGAYX",1.66933760683761,322,51,78,69,25.5,21.5,328,340,198,203,62,59,127,124,222.8,44.373872608,-79.684525998,1.1884,NA,NA,NA,35.9424
87,0.8691,102,167,"2026-08-09_ZGAYX",1.70433241299383,276,48,81,81,25.5,24,328,339,198,200,62,55,127,120,223,44.37385861,-79.684404544,1.1983,NA,NA,NA,35.2044
88,0.879,107,167,"2026-08-09_ZGAYX",1.68027690963471,288,41,75,72.5,27,20.5,325,343,201,207,62,60,127,127,223.2,44.373845283,-79.684280744,1.40032,NA,NA,NA,35.7084
89,0.889,107,167,"2026-08-09_ZGAYX",1.69790817712578,322,51,75,72.5,27,20.5,328,345,203,210,55,68,124,135,223.2,44.373830531,-79.684157697,1.40032,NA,NA,NA,35.3376
90,0.8989,107,167,"2026-08-09_ZGAYX",1.68673885908984,296,51,85,99.5,28.5,31.5,307,339,203,221,58,69,129,136,223.2,44.373816449,-79.684034902,1.20424,NA,NA,NA,35.5716
91,0.9088,106,167,"2026-08-09_ZGAYX",1.69790817712578,295,49,79,98.5,28,34,312,339,201,221,55,69,127,136,223.4,44.373803122,-79.683912275,1.20626,NA,NA,NA,35.3376
92,0.9186,106,167,"2026-08-09_ZGAYX",1.70433241299383,237,43,72.5,99.5,26.5,35,316,332,201,214,58,65,128,131,223.8,44.373788705,-79.683790989,1.8086,NA,NA,NA,35.2044
93,0.9285,106,167,"2026-08-09_ZGAYX",1.68827660723933,263,38,63,72,23.5,22,325,333,200,203,63,58,135,121,224,44.373776049,-79.68366744,1.81454,NA,NA,NA,35.5392
94,0.9383,106,167,"2026-08-09_ZGAYX",1.71098107654929,223,50,77,72,26.5,22,325,333,200,203,53,58,125,121,224.2,44.37376356,-79.683546321,1.62647,NA,NA,NA,35.0676
95,0.9481,105,167,"2026-08-09_ZGAYX",1.70922640412949,266,52,71.5,73,23.5,22,325,332,200,203,53,58,125,121,224.2,44.373750568,-79.683424951,1.42239,NA,NA,NA,35.1036
96,0.9577,105,167,"2026-08-09_ZGAYX",1.72747374239912,303,48,79.5,73,28.5,22,325,330,200,200,51,60,121,122,224.2,44.373738079,-79.683305593,1.42239,NA,NA,NA,34.7328
97,0.9673,105,166,"2026-08-09_ZGAYX",1.71591338069254,281,57,76,73,26,22,319,336,203,200,52,58,122,122,224.4,44.373723746,-79.683186738,1.42664,NA,NA,NA,34.9668
98,0.9768,104,166,"2026-08-09_ZGAYX",1.73919092838012,321,57,82.5,67.5,27,22.5,315,336,204,224,59,56,128,125,224.6,44.373711256,-79.683069056,1.43514,NA,NA,NA,34.4988
99,0.9864,104,166,"2026-08-09_ZGAYX",1.71750480901347,338,54,82.5,67.5,27,22.5,316,326,203,219,56,60,125,128,224.6,44.373698684,-79.682949697,1.43514,NA,NA,NA,34.9344
100,0.9961,104,166,"2026-08-09_ZGAYX",1.73250173250173,287,46,75.5,88.5,25,29,316,318,200,205,55,59,124,125,224.8,44.373685356,-79.682829669,1.64133,NA,NA,NA,34.632
101,1.0057,104,167,"2026-08-09_ZGAYX",1.72586379482931,257,46,72,92.5,24,30.5,321,318,198,205,58,59,127,125,225,44.373672281,-79.682710562,1.64764,NA,NA,NA,34.7652
102,1.0153,104,167,"2026-08-09_ZGAYX",1.73250173250173,273,52,77.5,79.5,24.5,24,321,328,198,200,58,59,127,122,224.8,44.37365778,-79.682592293,1.03115,NA,NA,NA,34.632
103,1.0249,105,167,"2026-08-09_ZGAYX",1.70765027322404,368,45,80,98.5,25.5,34,318,338,200,226,60,63,129,127,225,44.373642106,-79.682473522,1.03746,NA,NA,NA,35.136
104,1.0345,106,167,"2026-08-09_ZGAYX",1.69946636756059,359,49,81.5,83.5,27,24,308,335,200,242,60,63,129,129,225,44.373624588,-79.682355169,0.833379,NA,NA,NA,35.3052
105,1.0444,107,167,"2026-08-09_ZGAYX",1.67403240926744,317,49,75,82.5,24,25,308,332,200,211,60,63,129,125,225,44.3736095,-79.682232458,0.833379,NA,NA,NA,35.8416
106,1.0543,107,167,"2026-08-09_ZGAYX",1.68197261748579,269,46,75,82.5,24,25,321,338,201,203,55,63,125,124,225,44.373593826,-79.682109747,0.833379,NA,NA,NA,35.6724
107,1.0642,107,167,"2026-08-09_ZGAYX",1.67554706611709,273,49,88.5,72.5,29,22,323,339,201,203,55,62,125,121,225.2,44.37357832,-79.681987455,0.827065,NA,NA,NA,35.8092
108,1.0742,107,167,"2026-08-09_ZGAYX",1.67554706611709,317,46,78.5,72.5,26.5,24,315,335,201,225,58,59,129,125,225,44.373563651,-79.68186399,0.416539,NA,NA,NA,35.8092
109,1.0842,107,168,"2026-08-09_ZGAYX",1.66783415057207,277,56,79.5,72.5,24.5,24,315,335,201,225,58,59,129,125,225.2,44.373550492,-79.681740356,0.616539,NA,NA,NA,35.9748
110,1.0941,96,167,"2026-08-09_ZGAYX",1.67403240926744,251,59,86,72.5,29,24,312,316,204,233,59,63,129,131,225.2,44.373535572,-79.681617645,0.410354,NA,NA,NA,35.8416
111,1.104,96,167,"2026-08-09_ZGAYX",1.6898171617831,223,54,79.5,66,25,20.5,314,316,201,222,60,69,127,135,225.2,44.373522328,-79.681494934,0.20202,NA,NA,NA,35.5068
112,1.1138,96,167,"2026-08-09_ZGAYX",1.70276529083231,246,54,77.5,70.5,24,20.5,329,340,201,205,63,66,128,129,225.2,44.373509756,-79.681373816,0.410354,NA,NA,NA,35.2368
113,1.1235,95,167,"2026-08-09_ZGAYX",1.68197261748579,250,54,77.5,70.5,24,20.5,339,345,198,204,62,62,125,127,225.2,44.373496428,-79.681252027,0.20202,NA,NA,NA,35.6724
114,1.1336,95,167,"2026-08-09_ZGAYX",1.65705574335521,315,56,77.5,70.5,24,20.5,339,346,198,201,62,58,125,121,225.4,44.373480084,-79.681126382,0.40004,NA,NA,NA,36.2088
115,1.1439,96,167,"2026-08-09_ZGAYX",1.65540987948616,315,47,77.5,70.5,24,20.5,339,343,198,203,62,56,125,120,225.4,44.373466002,-79.680999815,0.40004,NA,NA,NA,36.2448
116,1.154,97,167,"2026-08-09_ZGAYX",1.66168162180126,281,51,0,0,0,0,339,340,198,228,62,62,125,129,225.6,44.373451837,-79.680874674,0.59806,NA,NA,NA,36.108
117,1.1642,98,167,"2026-08-09_ZGAYX",1.64625312788094,236,53,79.5,87,26.5,30,339,340,198,228,62,62,125,129,225.6,44.373435911,-79.680749532,0.39604,NA,NA,NA,36.4464
118,1.1743,97,167,"2026-08-09_ZGAYX",1.6433313613357,224,54,73.5,78.5,24,25.5,339,336,198,238,62,69,125,138,225.8,44.373419231,-79.680624893,0.794059,NA,NA,NA,36.5112
119,1.1843,98,167,"2026-08-09_ZGAYX",1.65245554894573,268,54,92.5,64,29.5,20,322,343,197,212,65,68,129,134,225.8,44.373402886,-79.680501092,0.594059,NA,NA,NA,36.3096
120,1.1944,98,167,"2026-08-09_ZGAYX",1.64479094707063,292,57,92.5,64,29.5,20,330,343,198,205,66,60,131,125,225.8,44.373389475,-79.680376286,0.594059,NA,NA,NA,36.4788
121,1.2046,99,167,"2026-08-09_ZGAYX",1.62237580713196,301,47,85,83.5,29.5,24.5,307,336,195,229,63,62,129,129,225.8,44.373373633,-79.680249216,0.594059,NA,NA,NA,36.9828
122,1.2149,99,167,"2026-08-09_ZGAYX",1.62095571548985,293,48,89,96.5,32,37.5,293,336,197,229,63,62,129,129,225.8,44.37335863,-79.680121727,0.594059,NA,NA,NA,37.0152
123,1.2252,99,167,"2026-08-09_ZGAYX",1.62983245322381,234,46,75,88.5,27,26.5,300,329,197,240,63,66,129,132,225.6,44.373344716,-79.67999449,0.399885,NA,NA,NA,36.8136
124,1.2353,99,167,"2026-08-09_ZGAYX",1.623798389192,203,51,70.5,64,24.5,19,316,329,197,240,60,66,127,132,225.8,44.373330383,-79.679868677,0.399885,NA,NA,NA,36.9504
125,1.2456,99,167,"2026-08-09_ZGAYX",1.62538196476172,279,51,80,65.5,26.5,19.5,316,336,197,215,60,63,127,129,225.8,44.373316553,-79.67974144,0.399885,NA,NA,NA,36.9144
126,1.2559,99,167,"2026-08-09_ZGAYX",1.623798389192,222,57,79.5,65.5,25,19.5,339,342,197,200,62,59,127,125,225.6,44.373303393,-79.679613197,0,NA,NA,NA,36.9504
127,1.2662,99,167,"2026-08-09_ZGAYX",1.62237580713196,286,46,83,65.5,29.5,19.5,338,343,198,197,62,59,128,122,225.8,44.373288641,-79.679486547,0.201865,NA,NA,NA,36.9828
128,1.2764,99,167,"2026-08-09_ZGAYX",1.61498708010336,252,46,83,65.5,29.5,19.5,321,342,200,200,68,60,134,124,225.8,44.373274056,-79.679359645,0,NA,NA,NA,37.152
129,1.2866,100,167,"2026-08-09_ZGAYX",1.61938074880166,280,56,84.5,89,29,27,315,332,201,203,70,63,136,129,225.8,44.373260981,-79.679232826,0,NA,NA,NA,37.0512
130,1.297,100,167,"2026-08-09_ZGAYX",1.60782043861342,234,56,83,69,29,21,316,332,200,203,72,63,138,129,225.8,44.37324648,-79.67910408,0,NA,NA,NA,37.3176
131,1.3074,100,167,"2026-08-09_ZGAYX",1.60627088152146,229,56,78,80.5,26.5,24.5,316,335,200,215,72,63,138,129,226,44.373231057,-79.678974831,0.196153,NA,NA,NA,37.3536
132,1.3178,100,166,"2026-08-09_ZGAYX",1.61655350792111,246,52,73,66,23.5,21,322,338,197,211,68,63,134,129,226.2,44.373216473,-79.678846672,0.38846,NA,NA,NA,37.116
133,1.3282,100,166,"2026-08-09_ZGAYX",1.60921759840366,240,52,74,74,26,21.5,333,340,197,204,60,62,127,127,226.2,44.37319996,-79.678718429,0.582635,NA,NA,NA,37.2852
134,1.3384,100,166,"2026-08-09_ZGAYX",1.61217514670794,232,48,73,70.5,25,21.5,338,340,198,197,59,58,125,122,226.2,44.37318613,-79.67859094,0.384615,NA,NA,NA,37.2168
135,1.3486,100,166,"2026-08-09_ZGAYX",1.63430738053213,232,46,71,95,23.5,29,335,342,197,201,60,56,128,122,226.2,44.373170456,-79.67846496,0.384615,NA,NA,NA,36.7128
136,1.359,99,166,"2026-08-09_ZGAYX",1.62983245322381,198,46,71,95,23.5,29,335,342,197,200,65,59,131,125,226.2,44.37315562,-79.678337639,0.57879,NA,NA,NA,36.8136
137,1.3691,99,166,"2026-08-09_ZGAYX",1.623798389192,235,46,75,73,27.5,23.5,330,342,197,200,66,59,131,125,226,44.373141036,-79.678211827,0.186596,NA,NA,NA,36.9504
138,1.3793,99,167,"2026-08-09_ZGAYX",1.63575097327183,238,53,69.5,69,23.5,22.5,330,343,197,200,66,65,131,131,226.2,44.373124356,-79.678086182,0.382674,NA,NA,NA,36.6804
139,1.3895,99,167,"2026-08-09_ZGAYX",1.62680982593135,290,53,78.5,69,26.5,21,330,343,197,198,66,65,131,129,226.2,44.373110693,-79.677958609,0.382674,NA,NA,NA,36.882
140,1.4,99,167,"2026-08-09_ZGAYX",1.61061718850664,262,42,83,94.5,29,30.5,325,340,197,205,59,65,125,128,226.2,44.373096444,-79.677829444,0.382674,NA,NA,NA,37.2528
141,1.4101,99,167,"2026-08-09_ZGAYX",1.64171263462044,288,41,77.5,71.5,26,24.5,321,333,197,226,59,62,125,125,226.2,44.373085547,-79.677702961,0.190366,NA,NA,NA,36.5472
142,1.4202,99,167,"2026-08-09_ZGAYX",1.64788082525872,248,53,79,74.5,27.5,25,319,333,198,231,62,60,128,125,226.2,44.373074232,-79.677576898,0,NA,NA,NA,36.4104
143,1.4304,98,167,"2026-08-09_ZGAYX",1.63880694854146,238,53,79,74.5,27.5,25,319,335,201,217,63,59,129,124,226.2,44.373062497,-79.677450582,0,NA,NA,NA,36.612
144,1.4405,98,167,"2026-08-09_ZGAYX",1.63880694854146,236,47,76.5,80,26,25,318,336,200,205,65,56,129,121,226.4,44.373049254,-79.677325021,0.196078,NA,NA,NA,36.612
145,1.4506,98,167,"2026-08-09_ZGAYX",1.64625312788094,253,53,80,80,26,25,314,339,198,200,65,62,129,127,226.8,44.373035005,-79.677199041,0.592118,NA,NA,NA,36.4464
146,1.461,99,166,"2026-08-09_ZGAYX",1.63430738053213,222,52,77,80,25,25,316,339,200,200,65,62,129,127,227,44.373021342,-79.67707105,0.784426,NA,NA,NA,36.7128
147,1.4712,99,166,"2026-08-09_ZGAYX",1.623798389192,248,54,79,78.5,24.5,25,316,340,200,200,65,63,129,128,227.2,44.373007344,-79.676944064,1.17852,NA,NA,NA,36.9504
148,1.4814,99,166,"2026-08-09_ZGAYX",1.62237580713196,281,41,79,78.5,24.5,25,314,343,198,200,63,66,129,132,227.2,44.372994017,-79.676817078,0.982446,NA,NA,NA,36.9828
149,1.4918,100,166,"2026-08-09_ZGAYX",1.61796589327897,238,50,79,78.5,24.5,25,319,339,200,210,62,66,128,131,227,44.372980019,-79.676689086,0.790138,NA,NA,NA,37.0836
150,1.5021,100,166,"2026-08-09_ZGAYX",1.59627111068544,234,50,0,0,0,0,321,332,200,207,62,72,128,135,226.8,44.372964429,-79.676561178,0.595963,NA,NA,NA,37.5876
151,1.5124,100,166,"2026-08-09_ZGAYX",1.61498708010336,242,46,67.5,75.5,24,23.5,329,332,197,203,63,68,129,132,226.6,44.37295085,-79.67643369,0.401788,NA,NA,NA,37.152
152,1.5228,100,166,"2026-08-09_ZGAYX",1.59764826175869,318,49,67.5,75.5,24,23.5,332,339,200,200,62,60,128,122,226.4,44.372938445,-79.676302848,0.209481,NA,NA,NA,37.5552
153,1.5334,101,166,"2026-08-09_ZGAYX",1.59337157425112,292,48,80.5,78,26,24,329,339,201,200,62,60,129,122,226.6,44.37292495,-79.676172174,0.39816,NA,NA,NA,37.656
154,1.5439,101,166,"2026-08-09_ZGAYX",1.61217514670794,216,48,66.5,81,22.5,24.5,329,330,201,200,62,65,129,125,226.8,44.372911623,-79.676043093,0.390616,NA,NA,NA,37.2168
155,1.5541,101,166,"2026-08-09_ZGAYX",1.59764826175869,235,51,70,67.5,20,20.5,330,342,203,201,63,66,129,125,227,44.372894105,-79.675916359,0.190655,NA,NA,NA,37.5552
156,1.5645,101,166,"2026-08-09_ZGAYX",1.59918121921576,249,51,73.5,67.5,23.5,20.5,336,349,203,203,63,68,131,129,227,44.372872479,-79.675789289,0,NA,NA,NA,37.5192
157,1.5747,100,166,"2026-08-09_ZGAYX",1.63270637408568,196,51,73.5,67.5,23.5,20.5,321,349,200,203,65,68,132,129,227,44.372851692,-79.675665153,-0.197731,NA,NA,NA,36.7488
158,1.585,99,166,"2026-08-09_ZGAYX",1.61796589327897,194,53,70.5,67.5,24.5,20.5,318,333,197,200,66,65,132,131,227,44.372830989,-79.675539676,-0.197731,NA,NA,NA,37.0836
159,1.5951,99,166,"2026-08-09_ZGAYX",1.62824019799401,232,52,72,67,23.5,21,318,333,197,200,66,65,132,131,227,44.372815231,-79.675414283,0,NA,NA,NA,36.8496
160,1.6053,99,166,"2026-08-09_ZGAYX",1.64171263462044,216,51,71,97,23,31.5,318,315,197,200,66,62,132,127,226.8,44.372801317,-79.675287464,0,NA,NA,NA,36.5472
161,1.6156,99,166,"2026-08-09_ZGAYX",1.61796589327897,284,54,78.5,97,27,31.5,316,323,198,198,60,58,125,124,226.8,44.372786397,-79.675159389,0.186848,NA,NA,NA,37.0836
162,1.626,99,166,"2026-08-09_ZGAYX",1.61938074880166,253,54,79,78,26,23.5,325,332,201,198,60,58,127,124,227,44.372771226,-79.675030978,0.571463,NA,NA,NA,37.0512
163,1.6363,100,166,"2026-08-09_ZGAYX",1.62824019799401,258,51,86.5,78,30,23.5,328,339,204,204,65,56,131,122,227,44.37275748,-79.67490307,0.382784,NA,NA,NA,36.8496
164,1.6466,100,167,"2026-08-09_ZGAYX",1.62538196476172,249,50,77,73,26,23,326,338,203,218,66,58,132,122,226.8,44.372741806,-79.67477642,0,NA,NA,NA,36.9144
165,1.6568,99,167,"2026-08-09_ZGAYX",1.60921759840366,249,46,80,67,29,20.5,325,339,200,218,65,59,132,125,227,44.372728646,-79.674648093,0,NA,NA,NA,37.2852
166,1.6672,100,167,"2026-08-09_ZGAYX",1.62095571548985,214,46,80,67,29,20.5,325,339,200,218,65,59,132,125,227,44.372716576,-79.674519934,0,NA,NA,NA,37.0152
167,1.6775,99,167,"2026-08-09_ZGAYX",1.62538196476172,185,47,66.5,64,23,18.5,321,332,197,231,59,59,127,128,227.2,44.372703165,-79.674393199,0.192308,NA,NA,NA,36.9144
168,1.6876,99,166,"2026-08-09_ZGAYX",1.62095571548985,173,51,66,64,21,18.5,328,336,197,205,55,56,121,124,227.4,44.372688245,-79.674267471,0.390327,NA,NA,NA,37.0152
169,1.6977,99,166,"2026-08-09_ZGAYX",1.63719711853307,176,52,68,56.5,23,16,339,343,197,197,53,58,120,124,227.6,44.372671984,-79.674142329,0.588347,NA,NA,NA,36.648
170,1.7079,99,166,"2026-08-09_ZGAYX",1.63575097327183,187,48,65.5,58.5,22.5,17,339,345,195,194,52,56,117,122,227.8,44.372656897,-79.674016097,0.980504,NA,NA,NA,36.6804
171,1.7182,99,166,"2026-08-09_ZGAYX",1.61655350792111,205,54,73.5,64.5,24,20,339,346,195,195,55,58,120,122,227.6,44.372642145,-79.673888609,0.786329,NA,NA,NA,37.116
172,1.7283,99,166,"2026-08-09_ZGAYX",1.63719711853307,205,54,73.5,64.5,24,20,340,346,197,195,59,60,125,124,227.6,44.372626471,-79.67376288,0.594022,NA,NA,NA,36.648
173,1.7384,98,166,"2026-08-09_ZGAYX",1.6493485073396,220,55,72.5,65.5,23.5,18.5,342,346,198,195,65,60,129,124,227.4,44.372610629,-79.673637487,0.396002,NA,NA,NA,36.378
174,1.7489,99,166,"2026-08-09_ZGAYX",1.63430738053213,289,52,72.5,65.5,23.5,18.5,342,345,198,197,65,59,129,124,227.6,44.372595541,-79.673509579,0.780653,NA,NA,NA,36.7128
175,1.7591,99,166,"2026-08-09_ZGAYX",1.61796589327897,242,55,78.5,68.5,27,20.5,339,340,198,198,65,56,129,122,227.4,44.372581711,-79.673382342,0.388496,NA,NA,NA,37.0836
176,1.7692,99,166,"2026-08-09_ZGAYX",1.64025850474035,198,49,66.5,73.5,23.5,23,329,336,200,200,62,58,127,122,227.6,44.372568635,-79.673256194,0.586516,NA,NA,NA,36.5796
177,1.7795,99,166,"2026-08-09_ZGAYX",1.65705574335521,140,45,55.5,65.5,16.5,20,329,338,200,195,62,60,127,125,227.8,44.372553632,-79.673128622,0.586516,NA,NA,NA,36.2088
178,1.7896,73,166,"2026-08-09_ZGAYX",1.69635284139101,55,0,55.5,40.5,0,11,0,338,0,195,0,60,0,125,227.8,44.372540305,-79.673004486,0.388496,NA,NA,NA,35.37
179,1.7993,69,166,"2026-08-09_ZGAYX",1.71098107654929,34,0,55.5,40.5,0,11,326,342,169,193,46,59,111,124,228,44.372526894,-79.672884038,0.396662,NA,NA,NA,35.0676
180,1.8089,94,166,"2026-08-09_ZGAYX",1.72747374239912,149,100,66,40.5,20.5,0,326,0,169,0,46,0,111,0,228,44.37251541,-79.672764847,0.200583,NA,NA,NA,34.7328
181,1.8184,84,166,"2026-08-09_ZGAYX",1.75808720112518,65,44,57,40.5,18,0,326,350,169,183,46,53,111,114,228,44.372507028,-79.672646662,0.394758,NA,NA,NA,34.128
182,1.8276,79,166,"2026-08-09_ZGAYX",1.78443968593862,15,55,28.5,60.5,7,18,349,339,184,172,48,41,110,101,228.2,44.372501999,-79.672529651,0.612149,NA,NA,NA,33.624
183,1.8368,67,165,"2026-08-09_ZGAYX",1.83958793230316,24,100,27.5,60.5,7,0,1,0,194,0,58,0,120,0,228.4,44.372501748,-79.672414316,1.02756,NA,NA,NA,32.616
184,1.8458,56,165,"2026-08-09_ZGAYX",1.88026474127557,0,0,0,0,0,0,0,0,0,0,0,0,0,0,228.4,44.37250091,-79.672301998,0.837084,NA,NA,NA,31.9104
185,1.8543,56,165,"2026-08-09_ZGAYX",1.98459950781932,0,100,0,0,0,0,0,0,0,0,0,0,0,0,228.4,44.372499233,-79.672195464,1.03316,NA,NA,NA,30.2328
186,1.8622,56,165,"2026-08-09_ZGAYX",2.14445016297821,0,100,0,0,0,0,0,0,0,0,0,0,0,0,228.6,44.372496803,-79.672096893,1.08831,NA,NA,NA,27.9792
187,1.8698,0,165,"2026-08-09_ZGAYX",2.23264121455682,0,NA,0,0,0,0,0,0,0,0,0,0,0,0,228.6,44.372501664,-79.672000836,0.894133,NA,NA,NA,26.874
188,1.8767,0,165,"2026-08-09_ZGAYX",2.47757791982558,0,NA,0,0,0,0,0,0,0,0,0,0,0,0,228.6,44.372512225,-79.671914587,0.894133,NA,NA,NA,24.2172
189,1.8828,0,164,"2026-08-09_ZGAYX",2.90461252468921,0,NA,0,0,0,0,0,0,0,0,0,0,0,0,228.8,44.372526307,-79.671839233,1.01582,NA,NA,NA,20.6568
190,1.8877,0,165,"2026-08-09_ZGAYX",3.75290850409067,0,NA,0,0,0,0,0,0,0,0,0,0,0,0,229,44.37254877,-79.671779722,1.42398,NA,NA,NA,15.9876
191,1.8923,0,164,"2026-08-09_ZGAYX",4.52161331162959,0,NA,0,0,0,0,0,0,0,0,0,0,0,0,229,44.37258674,-79.671742925,1.42398,NA,NA,NA,13.2696
192,1.896,0,164,"2026-08-09_ZGAYX",5.14721021206506,0,NA,0,0,0,0,0,0,0,0,0,0,0,0,229,44.37261658,-79.671766898,1.20659,NA,NA,NA,11.6568
193,1.8999,0,164,"2026-08-09_ZGAYX",3.73692077727952,0,NA,0,0,0,0,0,0,0,0,0,0,0,0,228.8,44.372624459,-79.671818614,0.476376,NA,NA,NA,16.056
194,1.9053,50,163,"2026-08-09_ZGAYX",2.99706287837919,318,NA,0,0,0,0,349,0,183,0,52,0,108,0,228.6,44.372619346,-79.671887262,0.106006,NA,NA,NA,20.0196
195,1.912,66,163,"2026-08-09_ZGAYX",2.5336981858721,479,36,96.5,95,26.5,27,342,0,229,0,52,0,110,0,228.4,44.372615574,-79.6719715,-0.192502,NA,NA,NA,23.6808
196,1.9191,78,161,"2026-08-09_ZGAYX",2.29284174806255,540,49,98.5,95,31,27,342,345,229,173,52,42,110,103,228.4,44.372612054,-79.672060264,-0.445666,NA,NA,NA,26.1684
197,1.9268,88,161,"2026-08-09_ZGAYX",2.1704214958545,446,53,99,99.5,32.5,31.5,339,345,246,173,55,42,115,103,228.2,44.3726056,-79.67215674,-0.705406,NA,NA,NA,27.6444
198,1.9349,93,161,"2026-08-09_ZGAYX",2.10890379180902,355,55,100,99.5,35.5,32,339,345,246,173,55,42,115,103,228.2,44.372597385,-79.672257658,-0.705406,NA,NA,NA,28.4508
199,1.9432,96,160,"2026-08-09_ZGAYX",2.04148293320268,361,52,92.5,96.5,29,29,329,315,235,193,59,56,124,117,227.4,44.372599648,-79.672361594,-1.99713,NA,NA,NA,29.3904
200,1.9517,98,160,"2026-08-09_ZGAYX",1.98909973346064,312,54,92,96.5,29.5,29,312,308,215,201,63,60,128,122,227.2,44.372607192,-79.672467625,-2.64059,NA,NA,NA,30.1644
201,1.9604,100,160,"2026-08-09_ZGAYX",1.94567670635847,295,49,81,80,30,23.5,314,316,207,204,58,60,124,124,227,44.372615658,-79.672576086,-2.87047,NA,NA,NA,30.8376
202,1.9692,103,160,"2026-08-09_ZGAYX",1.88217579521927,383,49,97,80,34,23.5,314,316,208,204,55,60,122,124,226.8,44.372620603,-79.672687063,-3.09775,NA,NA,NA,31.878
203,1.9783,106,160,"2026-08-09_ZGAYX",1.84713140492815,368,54,97,80,34,23.5,312,328,208,207,56,59,124,125,226.8,44.372627393,-79.672800973,-2.58493,NA,NA,NA,32.4828
204,1.9876,100,160,"2026-08-09_ZGAYX",1.83958793230316,230,51,97,80,34,23.5,312,329,208,210,56,58,124,125,227,44.37263611,-79.672915386,-1.9995,NA,NA,NA,32.616
205,1.9968,99,160,"2026-08-09_ZGAYX",1.79346461494315,324,55,83,83.5,27.5,25.5,314,330,195,201,55,55,122,121,227,44.372644827,-79.673030805,-1.70099,NA,NA,NA,33.4548
206,2.0062,100,160,"2026-08-09_ZGAYX",1.7773985994099,351,48,87,84.5,30,25,318,333,198,204,59,59,127,125,226.8,44.372655891,-79.673147313,-1.91376,NA,NA,NA,33.7572
207,2.0156,102,160,"2026-08-09_ZGAYX",1.78081703885743,339,53,87,95.5,30,30.5,318,329,198,205,59,60,127,128,226.8,44.372670559,-79.673262397,-1.65402,NA,NA,NA,33.6924
208,2.025,103,160,"2026-08-09_ZGAYX",1.73593028503975,349,45,83.5,83.5,29.5,26,312,323,203,207,58,62,125,129,226.2,44.372685647,-79.673379576,-2.29232,NA,NA,NA,34.5636
209,2.0346,104,160,"2026-08-09_ZGAYX",1.74776286353468,342,45,85.5,98,30.5,32,318,323,204,207,59,62,127,129,226,44.372699309,-79.673498515,-1.5368,NA,NA,NA,34.3296
210,2.0444,106,160,"2026-08-09_ZGAYX",1.70276529083231,406,53,85.5,98,30.5,32,318,322,204,205,59,62,127,129,225.8,44.37271381,-79.673620974,-1.50558,NA,NA,NA,35.2368
211,2.0545,107,160,"2026-08-09_ZGAYX",1.68503353216729,378,51,90,76,32,23,315,330,208,217,60,59,129,128,225.8,44.372725628,-79.673745362,-1.2757,NA,NA,NA,35.6076
212,2.0643,107,160,"2026-08-09_ZGAYX",1.6898171617831,337,50,85.5,88.5,31,27.5,315,329,208,219,60,58,129,128,226,44.37273686,-79.673868492,-0.844343,NA,NA,NA,35.5068
213,2.0744,108,160,"2026-08-09_ZGAYX",1.66616681662168,301,54,80.5,85,26.5,25.5,316,329,204,211,59,59,129,124,226,44.372748343,-79.673994137,-0.844343,NA,NA,NA,36.0108
214,2.0846,108,160,"2026-08-09_ZGAYX",1.67252048837598,353,58,80.5,85,26.5,25.5,316,329,204,211,59,59,129,124,226.4,44.372762174,-79.674119111,-0.66724,NA,NA,NA,35.874
215,2.0946,99,160,"2026-08-09_ZGAYX",1.66002656042497,270,57,80.5,85,26.5,25.5,316,329,204,211,59,59,129,124,226.6,44.372780278,-79.674242912,-0.46724,NA,NA,NA,36.144
216,2.1048,98,161,"2026-08-09_ZGAYX",1.64171263462044,483,57,97.5,98.5,30.5,38.5,316,329,204,211,59,59,129,124,226.6,44.372797126,-79.674368137,-0.254474,NA,NA,NA,36.5472
217,2.115,99,161,"2026-08-09_ZGAYX",1.61938074880166,359,52,97.5,98.5,30.5,38.5,316,329,204,211,59,59,129,124,226.4,44.372810789,-79.674494034,-0.450553,NA,NA,NA,37.0512
218,2.1249,99,161,"2026-08-09_ZGAYX",1.6433313613357,312,46,77.5,83,23.5,23.5,329,333,204,231,62,62,127,129,226,44.372825541,-79.67461817,-0.216295,NA,NA,NA,36.5112
219,2.135,99,161,"2026-08-09_ZGAYX",1.65245554894573,343,46,76,83,22.5,23.5,329,340,204,208,62,68,127,125,226,44.372837024,-79.674743647,0,NA,NA,NA,36.3096
220,2.1454,98,161,"2026-08-09_ZGAYX",1.64625312788094,343,54,80.5,81,23.5,23,335,342,201,204,63,68,127,125,226.2,44.372851106,-79.674871135,0.388427,NA,NA,NA,36.4464
221,2.1554,98,161,"2026-08-09_ZGAYX",1.65853982154112,271,47,80.5,81,23.5,23,335,342,203,204,65,68,128,125,226,44.37286678,-79.674995104,0.188427,NA,NA,NA,36.1764
222,2.1653,98,161,"2026-08-09_ZGAYX",1.67403240926744,311,49,79.5,83,26,24,332,342,200,222,65,68,128,131,226.8,44.372880275,-79.675118904,0.792427,NA,NA,NA,35.8416
223,2.1753,97,162,"2026-08-09_ZGAYX",1.68027690963471,311,50,85.5,70.5,27.5,22,332,342,200,222,65,68,128,131,227.2,44.372895362,-79.675241867,1.19243,NA,NA,NA,35.7084
224,2.1853,97,162,"2026-08-09_ZGAYX",1.67875369325813,283,50,85.5,70.5,27.5,22,321,340,198,228,65,68,129,132,227,44.372912964,-79.675363991,0.60027,NA,NA,NA,35.7408
225,2.1952,97,162,"2026-08-09_ZGAYX",1.65853982154112,280,53,81,70.5,25.5,22,314,343,197,212,62,70,127,135,227,44.372929309,-79.675487289,0.40027,NA,NA,NA,36.1764
226,2.2053,97,162,"2026-08-09_ZGAYX",1.65245554894573,306,53,89,76.5,28.5,25.5,318,342,201,224,65,70,129,136,227,44.372943139,-79.675612431,0.40027,NA,NA,NA,36.3096
227,2.2153,98,162,"2026-08-09_ZGAYX",1.65705574335521,299,48,80,83,23.5,24,311,336,200,215,66,70,131,135,227,44.372956718,-79.675736399,0.596348,NA,NA,NA,36.2088
228,2.2254,98,163,"2026-08-09_ZGAYX",1.6493485073396,279,51,77,86,24,26.5,325,338,200,208,66,69,131,132,226.4,44.372971805,-79.675861876,0.406329,NA,NA,NA,36.378
229,2.2356,98,163,"2026-08-09_ZGAYX",1.6433313613357,269,51,78,77,23.5,23,325,342,200,208,66,68,131,129,226.6,44.372987898,-79.675987689,0.602408,NA,NA,NA,36.5112
230,2.2457,98,163,"2026-08-09_ZGAYX",1.65393139492574,284,43,85.5,75.5,27,24,322,342,201,208,69,68,134,129,226.6,44.373003405,-79.676113333,0.4101,NA,NA,NA,36.2772
231,2.256,98,163,"2026-08-09_ZGAYX",1.66933760683761,234,54,77,75.5,25,24,322,339,201,228,69,72,134,135,226.8,44.373019414,-79.676239313,0.804275,NA,NA,NA,35.9424
232,2.2661,98,163,"2026-08-09_ZGAYX",1.6493485073396,252,49,86,76.5,25.5,23.5,316,338,200,210,69,72,135,135,227,44.373034585,-79.676365293,0.194214,NA,NA,NA,36.378
233,2.2764,98,163,"2026-08-09_ZGAYX",1.63719711853307,243,49,86,76.5,25.5,23.5,325,339,197,203,65,68,129,131,227.4,44.373050343,-79.676492363,0.182563,NA,NA,NA,36.648
234,2.2867,98,163,"2026-08-09_ZGAYX",1.64788082525872,249,56,84.5,84,26.5,28,312,342,197,207,66,70,131,135,227.4,44.373065263,-79.676618595,0.382563,NA,NA,NA,36.4104
235,2.2967,99,162,"2026-08-09_ZGAYX",1.65081880612784,298,51,81,79,25,25.5,312,345,195,224,63,69,129,135,227.4,44.37307859,-79.676742144,0.382563,NA,NA,NA,36.3456
236,2.3066,98,162,"2026-08-09_ZGAYX",1.64788082525872,282,51,79,79,24.5,25.5,312,345,195,224,63,69,129,135,227.2,44.373093259,-79.676865777,0.180543,NA,NA,NA,36.4104
237,2.3166,98,163,"2026-08-09_ZGAYX",1.65853982154112,282,55,80.5,77,23.5,22.5,312,345,195,210,63,68,129,131,227,44.373109855,-79.676988907,-0.0194571,NA,NA,NA,36.1764
238,2.3265,98,162,"2026-08-09_ZGAYX",1.66168162180126,240,51,76.5,76.5,24,22.5,330,343,200,203,63,65,129,127,226.8,44.373124607,-79.677112289,0.372582,NA,NA,NA,36.108
239,2.3366,97,162,"2026-08-09_ZGAYX",1.66466906379012,247,43,77.5,70,25,20.5,336,345,198,201,66,63,131,128,226.8,44.373138856,-79.677237263,0.176504,NA,NA,NA,36.0432
240,2.3468,97,162,"2026-08-09_ZGAYX",1.65245554894573,231,43,77.5,70,25,20.5,335,336,198,203,66,66,131,129,227,44.373153022,-79.677363578,0.372582,NA,NA,NA,36.3096
241,2.3569,97,162,"2026-08-09_ZGAYX",1.65245554894573,263,53,80.5,70,26,20.5,328,311,198,203,63,66,128,131,227,44.373166768,-79.677489223,0.178407,NA,NA,NA,36.3096
242,2.3671,98,162,"2026-08-09_ZGAYX",1.65393139492574,309,51,98.5,74.5,32.5,22.5,319,311,201,203,62,66,127,131,227.2,44.373182526,-79.677615203,0.176466,NA,NA,NA,36.2772
243,2.3773,98,162,"2026-08-09_ZGAYX",1.64625312788094,238,49,83.5,97,24.5,29,319,325,201,207,62,62,127,127,227.2,44.373196859,-79.677741686,-0.211884,NA,NA,NA,36.4464
244,2.3876,98,162,"2026-08-09_ZGAYX",1.6433313613357,238,48,83.5,97,24.5,29,302,321,201,221,62,63,127,129,227.2,44.373211276,-79.677868839,-0.211884,NA,NA,NA,36.5112
245,2.3978,98,162,"2026-08-09_ZGAYX",1.64479094707063,246,48,77.5,68,26,19,319,316,198,204,59,63,122,127,227.4,44.373225609,-79.677994568,-0.0158051,NA,NA,NA,36.4788
246,2.4078,99,162,"2026-08-09_ZGAYX",1.63880694854146,258,50,76.5,68,23.5,19,333,335,197,197,59,62,122,124,227.4,44.37323902,-79.678118788,0.186215,NA,NA,NA,36.612
247,2.4179,99,162,"2026-08-09_ZGAYX",1.63430738053213,242,50,76.5,68,23.5,19,336,343,197,200,60,65,125,127,227.4,44.373252683,-79.678245606,0.386215,NA,NA,NA,36.7128
248,2.4282,99,162,"2026-08-09_ZGAYX",1.6433313613357,235,50,81.5,67.5,27,19,333,339,198,201,62,66,127,131,227.4,44.373269782,-79.678372759,0.588235,NA,NA,NA,36.5112
249,2.4385,99,162,"2026-08-09_ZGAYX",1.65705574335521,258,51,74.5,84,23,26,328,338,198,201,60,66,127,131,227.4,44.373283528,-79.678498488,0.588235,NA,NA,NA,36.2088
250,2.4485,98,163,"2026-08-09_ZGAYX",1.65081880612784,255,52,79,71,24.5,20.5,330,342,198,198,59,65,125,127,227.2,44.373299873,-79.678621786,0.192157,NA,NA,NA,36.3456
251,2.4585,98,163,"2026-08-09_ZGAYX",1.64479094707063,267,51,79,68.5,26,20,328,342,200,198,62,65,128,127,227.2,44.373315212,-79.678746089,0.192157,NA,NA,NA,36.4788
252,2.4684,98,163,"2026-08-09_ZGAYX",1.65540987948616,270,49,77,74.5,24,21,328,343,200,198,62,62,128,125,227.2,44.373328539,-79.678870141,0,NA,NA,NA,36.2448
253,2.4785,98,163,"2026-08-09_ZGAYX",1.66933760683761,246,52,81.5,69,28,20.5,330,340,200,200,65,63,129,127,226.8,44.373343123,-79.678995032,-0.399961,NA,NA,NA,35.9424
254,2.4887,97,163,"2026-08-09_ZGAYX",1.65853982154112,274,52,81.5,69,28,20.5,333,343,200,200,66,68,131,129,226.6,44.373358043,-79.679120928,-0.59604,NA,NA,NA,36.1764
255,2.4989,97,163,"2026-08-09_ZGAYX",1.65540987948616,305,50,82,70.5,27,20.5,333,343,201,200,68,68,132,129,226.6,44.373372628,-79.679247076,-0.792118,NA,NA,NA,36.2448
256,2.5089,97,163,"2026-08-09_ZGAYX",1.67084377610693,285,50,84,70.5,27.5,20.5,326,340,200,211,66,63,131,128,226.4,44.3733852,-79.679370625,-0.992118,NA,NA,NA,35.91
257,2.5187,97,163,"2026-08-09_ZGAYX",1.66933760683761,271,51,91.5,94,29.5,31.5,326,336,200,235,66,68,131,132,226.2,44.373398695,-79.679493755,-1.1962,NA,NA,NA,35.9424
258,2.5289,97,163,"2026-08-09_ZGAYX",1.66168162180126,285,44,81,73,23.5,22,302,336,200,235,68,68,132,132,226.4,44.373413447,-79.679619316,-1.00012,NA,NA,NA,36.108
259,2.5388,97,163,"2026-08-09_ZGAYX",1.67252048837598,246,52,83.5,73,27,22,302,336,200,235,68,68,132,132,226.4,44.373428032,-79.679742111,-1.00012,NA,NA,NA,35.874
260,2.5488,96,163,"2026-08-09_ZGAYX",1.6946280291476,267,53,80,78,26,23,316,336,197,225,65,65,129,128,226.2,44.373441946,-79.679864738,-1.00012,NA,NA,NA,35.406
261,2.5585,96,163,"2026-08-09_ZGAYX",1.70276529083231,280,52,80,78,26,23,316,342,197,210,65,63,129,128,226,44.373456614,-79.679985354,-1.20631,NA,NA,NA,35.2368
262,2.5683,95,163,"2026-08-09_ZGAYX",1.69790817712578,283,52,79.5,78,26.5,23,339,343,200,205,65,63,128,127,226,44.373471199,-79.680106975,-1.20631,NA,NA,NA,35.3376
263,2.578,95,163,"2026-08-09_ZGAYX",1.70922640412949,272,42,83,92,24.5,28,332,342,201,210,66,63,129,128,226,44.373484442,-79.680227507,-0.810267,NA,NA,NA,35.1036
264,2.5879,95,163,"2026-08-09_ZGAYX",1.70120104793985,245,68,98,92,34,28,285,335,201,225,68,66,129,134,226,44.373498021,-79.680350134,-0.614189,NA,NA,NA,35.2692
265,2.5978,95,164,"2026-08-09_ZGAYX",1.70765027322404,263,51,81,66.5,26,19.5,287,335,200,225,66,66,129,134,226.2,44.373511348,-79.680472929,-0.412169,NA,NA,NA,35.136
266,2.6076,95,164,"2026-08-09_ZGAYX",1.71750480901347,242,51,78.5,76,25,22,287,335,200,208,66,63,129,127,226.2,44.373525262,-79.680595137,-0.212169,NA,NA,NA,34.9344
267,2.6174,94,164,"2026-08-09_ZGAYX",1.74100769525401,255,53,76.5,91.5,24.5,27.5,323,343,201,205,65,63,127,127,226,44.373538925,-79.680715501,-0.212169,NA,NA,NA,34.4628
268,2.627,94,164,"2026-08-09_ZGAYX",1.73412409392016,326,49,80.5,91.5,24.5,27.5,335,345,197,205,62,63,124,125,225.6,44.373554012,-79.680833602,-0.824914,NA,NA,NA,34.5996
269,2.6368,93,165,"2026-08-09_ZGAYX",1.7125633648445,326,49,85,77.5,26,22,338,346,197,205,60,62,124,124,225.4,44.373567758,-79.680953631,-1.029,NA,NA,NA,35.0352
270,2.6461,101,165,"2026-08-09_ZGAYX",1.72586379482931,316,49,85,77.5,26,22,325,350,197,212,55,68,120,129,225.2,44.373580331,-79.68106972,-1.04405,NA,NA,NA,34.7652
271,2.6555,105,164,"2026-08-09_ZGAYX",1.72908669640696,280,49,84,85.5,27.5,25,325,350,197,212,55,68,120,129,225.2,44.373592317,-79.681188324,-0.837863,NA,NA,NA,34.7004
272,2.6651,104,165,"2026-08-09_ZGAYX",1.75975785731883,242,46,69.5,82,24,26,325,343,197,210,51,68,117,135,225.4,44.37360489,-79.681307096,-0.62953,NA,NA,NA,34.0956
273,2.6746,103,165,"2026-08-09_ZGAYX",1.75808720112518,218,46,73.5,72.5,25.5,21.5,325,340,197,203,51,69,117,132,225.2,44.373617882,-79.681424526,-0.840056,NA,NA,NA,34.128
274,2.684,103,165,"2026-08-09_ZGAYX",1.77550513120983,271,46,63.5,72.5,21.5,21.5,332,339,197,200,58,69,125,131,224.8,44.373630958,-79.681540951,-1.26559,NA,NA,NA,33.7932
275,2.6934,102,165,"2026-08-09_ZGAYX",1.78980526918671,271,50,78,72.5,25.5,21.5,332,340,195,200,56,63,124,127,224.8,44.373641351,-79.681657376,-1.46761,NA,NA,NA,33.5232
276,2.7027,102,166,"2026-08-09_ZGAYX",1.76684688504894,269,50,78,72.5,25.5,21.5,332,340,198,201,59,62,127,124,224.8,44.373651577,-79.681774471,-1.46761,NA,NA,NA,33.9588
277,2.712,102,166,"2026-08-09_ZGAYX",1.77380445579679,264,49,76.5,80,26.5,24,330,340,201,201,60,60,128,124,224.6,44.373661552,-79.681890393,-1.47858,NA,NA,NA,33.8256
278,2.7214,102,166,"2026-08-09_ZGAYX",1.76684688504894,311,50,76,80,25,25.5,328,330,201,201,62,62,128,124,224.8,44.373675214,-79.682007152,-0.849148,NA,NA,NA,33.9588
279,2.731,102,166,"2026-08-09_ZGAYX",1.76161786985167,270,45,72.5,96,23,29,323,330,201,201,58,62,125,124,225,44.373691224,-79.68212517,-0.436733,NA,NA,NA,34.0596
280,2.7405,102,166,"2026-08-09_ZGAYX",1.75808720112518,234,44,81,74.5,26,21.5,323,329,201,208,58,62,125,124,225,44.373708323,-79.682242768,-0.221679,NA,NA,NA,34.128
281,2.7502,102,166,"2026-08-09_ZGAYX",1.74611489436005,258,48,71.5,70,25.5,23.5,321,333,198,219,59,66,127,131,225.2,44.373725338,-79.682361875,-0.0154938,NA,NA,NA,34.362
282,2.7598,103,166,"2026-08-09_ZGAYX",1.76161786985167,258,42,71.5,81.5,24.5,25.5,326,339,198,204,59,62,127,128,225.2,44.373739168,-79.682480227,-0.223827,NA,NA,NA,34.0596
283,2.7695,103,165,"2026-08-09_ZGAYX",1.74428745857317,209,42,71.5,81.5,24.5,25.5,323,339,198,201,65,63,134,128,225,44.373752915,-79.682600172,-0.219486,NA,NA,NA,34.398
284,2.7789,103,166,"2026-08-09_ZGAYX",1.74941394632798,237,44,63,84.5,20,25.5,328,340,191,197,62,65,128,129,224.8,44.373767415,-79.6827171,0,NA,NA,NA,34.2972
285,2.7887,103,166,"2026-08-09_ZGAYX",1.73919092838012,249,55,73.5,75,23.5,23,335,340,197,197,59,65,127,129,224.8,44.373784598,-79.682835787,0,NA,NA,NA,34.4988
286,2.7981,104,166,"2026-08-09_ZGAYX",1.73593028503975,245,47,72,75,22.5,25.5,333,342,200,197,56,65,124,129,224.8,44.373799686,-79.682953721,0,NA,NA,NA,34.5636
287,2.8079,101,166,"2026-08-09_ZGAYX",1.73412409392016,232,47,74,69,22,22,333,335,200,200,56,65,124,129,224.6,44.373813348,-79.683074085,0,NA,NA,NA,34.5996
288,2.8177,94,165,"2026-08-09_ZGAYX",1.71414858239912,263,58,94.5,67.5,31,22,336,336,200,198,56,68,122,128,224.6,44.373825837,-79.683195371,-0.208514,NA,NA,NA,35.0028
289,2.8274,95,165,"2026-08-09_ZGAYX",1.68350168350168,285,51,90.5,99.5,29.5,32.5,323,339,201,205,65,68,129,128,224.4,44.373840003,-79.68331649,-0.623033,NA,NA,NA,35.64
290,2.8372,96,166,"2026-08-09_ZGAYX",1.6946280291476,284,51,84.5,99.5,27,32.5,308,338,204,236,69,66,135,129,224.2,44.37385509,-79.68343853,-0.827115,NA,NA,NA,35.406
291,2.8472,96,165,"2026-08-09_ZGAYX",1.69946636756059,265,49,84.5,99.5,27,32.5,304,336,200,219,66,62,131,124,223.8,44.373871099,-79.683561325,-1.4333,NA,NA,NA,35.3052
292,2.8571,96,166,"2026-08-09_ZGAYX",1.70433241299383,247,49,75,78,23.5,21.5,321,338,198,207,65,62,129,122,223.6,44.373883924,-79.683684204,-1.63532,NA,NA,NA,35.2044
293,2.867,95,166,"2026-08-09_ZGAYX",1.70607704643942,202,54,73,78,21.5,21.5,340,343,197,198,66,62,129,124,223.6,44.373895658,-79.683806999,-1.42913,NA,NA,NA,35.1684
294,2.8769,95,166,"2026-08-09_ZGAYX",1.68027690963471,269,52,87,70,26.5,21,332,343,198,198,68,62,131,124,223.6,44.373909405,-79.683929961,-1.21637,NA,NA,NA,35.7084
295,2.8868,96,166,"2026-08-09_ZGAYX",1.67723323605381,277,57,92.5,88,29,25,332,347,198,201,68,65,131,128,223.6,44.373922816,-79.684052672,-1.21637,NA,NA,NA,35.7732
296,2.8967,96,166,"2026-08-09_ZGAYX",1.6898171617831,228,51,77,88,25,25,325,345,201,203,66,66,129,129,223.4,44.373938993,-79.684174964,-1.41839,NA,NA,NA,35.5068
297,2.9066,96,166,"2026-08-09_ZGAYX",1.69635284139101,249,46,85,72,27,22.5,326,343,200,201,72,62,135,125,223.4,44.373954667,-79.684296837,-1.21431,NA,NA,NA,35.37
298,2.9165,96,166,"2026-08-09_ZGAYX",1.6898171617831,242,47,71,84,23.5,25,333,342,200,203,73,62,136,125,223,44.37396724,-79.684419632,-1.61835,NA,NA,NA,35.5068
299,2.9264,96,166,"2026-08-09_ZGAYX",1.66616681662168,243,47,74.5,74,23,21,342,343,197,203,69,63,132,127,222.8,44.373981405,-79.684541924,-1.61418,NA,NA,NA,36.0108
300,2.9363,96,166,"2026-08-09_ZGAYX",1.66466906379012,266,53,74.5,74,23,21,343,343,195,203,68,63,132,127,222.8,44.37399599,-79.684664216,-1.4101,NA,NA,NA,36.0432
301,2.9461,97,166,"2026-08-09_ZGAYX",1.66466906379012,245,46,75,71.5,24.5,20,343,349,195,203,68,66,132,128,222.6,44.374011915,-79.684786675,-1.21418,NA,NA,NA,36.0432
302,2.9563,98,166,"2026-08-09_ZGAYX",1.64025850474035,259,49,75,71.5,24.5,20,340,349,194,203,66,65,129,128,222.4,44.374029517,-79.68491232,-1.20824,NA,NA,NA,36.5796
303,2.9665,98,166,"2026-08-09_ZGAYX",1.63719711853307,259,44,74.5,75,24,22,339,349,197,201,65,63,129,128,222.4,44.374045862,-79.685038803,-1.20824,NA,NA,NA,36.648
304,2.9767,98,166,"2026-08-09_ZGAYX",1.6493485073396,187,57,82,89.5,28,26.5,338,346,197,200,65,65,129,127,222.2,44.374063464,-79.685163693,-1.40432,NA,NA,NA,36.378
305,2.9869,98,166,"2026-08-09_ZGAYX",1.65853982154112,239,44,76,62.5,24.5,17.5,329,347,194,197,63,65,128,127,222.2,44.374079222,-79.685290092,-1.40432,NA,NA,NA,36.1764
306,2.9971,98,166,"2026-08-09_ZGAYX",1.64625312788094,232,44,76,83,24,25.5,326,340,194,201,63,62,128,127,222,44.374094729,-79.685415989,-1.39838,NA,NA,NA,36.4464
307,3.0074,98,166,"2026-08-09_ZGAYX",1.62824019799401,288,52,76,83,24,25.5,325,340,193,201,60,62,127,127,221.8,44.374110822,-79.685542974,-1.59255,NA,NA,NA,36.8496
308,3.0175,99,166,"2026-08-09_ZGAYX",1.65540987948616,291,50,90,83,33.5,25.5,308,335,195,242,65,63,129,128,221.8,44.374126245,-79.685668116,-1.18851,NA,NA,NA,36.2448
309,3.0277,98,167,"2026-08-09_ZGAYX",1.65245554894573,227,50,77,87,22.5,24,308,335,195,242,65,63,129,128,221.6,44.374144685,-79.685793929,-1.18257,NA,NA,NA,36.3096
310,3.038,98,166,"2026-08-09_ZGAYX",1.6433313613357,260,47,82,73,28,22,322,339,197,212,69,65,135,131,221.4,44.374167903,-79.685918568,-1.37674,NA,NA,NA,36.5112
311,3.048,98,166,"2026-08-09_ZGAYX",1.66002656042497,221,52,77.5,73,25.5,22,329,336,197,204,66,65,131,131,221.2,44.374193719,-79.686039183,-1.37266,NA,NA,NA,36.144
312,3.0579,97,166,"2026-08-09_ZGAYX",1.69307869429771,221,54,77.5,63,23.5,19,330,338,197,201,62,66,127,131,221.2,44.374221631,-79.686156949,-1.17658,NA,NA,NA,35.4384
313,3.0679,96,166,"2026-08-09_ZGAYX",1.6898171617831,241,54,77,63,25.5,19,330,343,197,205,62,66,127,131,221.2,44.374249626,-79.686276391,-1.17658,NA,NA,NA,35.5068
314,3.0779,96,166,"2026-08-09_ZGAYX",1.69635284139101,259,44,77,63,25.5,19,330,345,197,221,62,66,127,129,221.4,44.374279214,-79.686393738,-0.780506,NA,NA,NA,35.37
315,3.0878,95,167,"2026-08-09_ZGAYX",1.67723323605381,275,57,86,95.5,27.5,29.5,330,345,197,221,62,66,127,129,221.4,44.374313412,-79.686508654,-0.780506,NA,NA,NA,35.7732
316,3.0975,95,167,"2026-08-09_ZGAYX",1.6898171617831,291,53,86,95.5,27.5,29.5,330,345,197,221,62,66,127,129,221.8,44.374351299,-79.686618876,-0.172057,NA,NA,NA,35.5068
317,3.1072,95,167,"2026-08-09_ZGAYX",1.70765027322404,276,56,86,95.5,27.5,29.5,330,345,197,221,62,66,127,129,222,44.374388514,-79.68672893,0.228304,NA,NA,NA,35.136
318,3.117,95,167,"2026-08-09_ZGAYX",1.70120104793985,276,50,0,0,0,0,330,345,197,221,62,66,127,129,221.8,44.374428244,-79.686840074,0.0242219,NA,NA,NA,35.2692
319,3.1269,95,167,"2026-08-09_ZGAYX",1.71414858239912,237,50,84,78,29,22.5,319,340,197,224,65,59,128,127,222,44.37447468,-79.686946608,0.422321,NA,NA,NA,35.0028
320,3.1367,95,167,"2026-08-09_ZGAYX",1.73250173250173,237,52,84,69,28.5,19,328,346,198,201,65,60,128,124,222,44.37452405,-79.68704761,0.616495,NA,NA,NA,34.632
321,3.1463,100,166,"2026-08-09_ZGAYX",1.76497581983127,205,52,84,69,28.5,19,346,347,204,198,70,62,135,124,222,44.37457124,-79.687146935,0.816495,NA,NA,NA,33.9948
322,3.1556,103,166,"2026-08-09_ZGAYX",1.76161786985167,253,56,84,69,28.5,19,345,346,203,195,63,65,131,125,222,44.374621699,-79.687240394,0.816495,NA,NA,NA,34.0596
323,3.1647,101,166,"2026-08-09_ZGAYX",1.80609738477099,317,48,72,68.5,24.5,19.5,338,346,200,195,58,65,127,125,222.2,44.374669559,-79.687334355,1.03628,NA,NA,NA,33.2208
324,3.1739,101,166,"2026-08-09_ZGAYX",1.81534328141452,322,48,92.5,77,35,23.5,338,346,200,195,58,65,127,125,222.6,44.374716666,-79.687430411,1.27106,NA,NA,NA,33.0516
325,3.1834,100,166,"2026-08-09_ZGAYX",1.7915367802501,328,56,86,77,29.5,23.5,318,335,201,221,62,66,129,129,223,44.37476176,-79.687532335,1.69211,NA,NA,NA,33.4908
326,3.1927,101,165,"2026-08-09_ZGAYX",1.8321058224323,309,49,90,77,32.5,23.5,309,321,201,225,63,62,129,128,223.4,44.374800988,-79.687633924,1.70985,NA,NA,NA,32.7492
327,3.2019,99,165,"2026-08-09_ZGAYX",1.84529081783289,229,58,88,76.5,32,23,305,321,203,225,63,62,129,128,223.4,44.37483418,-79.687739704,1.50366,NA,NA,NA,32.5152
328,3.211,99,165,"2026-08-09_ZGAYX",1.84345389521808,290,58,88,76.5,32,23,308,321,200,225,65,62,131,128,223.6,44.374864103,-79.68784607,1.92752,NA,NA,NA,32.5476
329,3.22,98,166,"2026-08-09_ZGAYX",1.86448894358056,290,52,82.5,76.5,29,23,325,336,198,198,66,60,131,124,223.4,44.374893189,-79.687951766,1.50328,NA,NA,NA,32.1804
330,3.2288,96,166,"2026-08-09_ZGAYX",1.91659000306654,261,50,82.5,76,24.5,24,325,336,198,198,66,60,131,124,223.2,44.374921184,-79.688055198,1.27601,NA,NA,NA,31.3056
331,3.2376,95,165,"2026-08-09_ZGAYX",1.93102382883405,301,48,78,78.5,24.5,25,338,336,198,195,65,60,129,124,223.2,44.374948928,-79.688158212,1.27601,NA,NA,NA,31.0716
332,3.2462,94,165,"2026-08-09_ZGAYX",1.93102382883405,280,54,81.5,81.5,24.5,24,340,339,197,197,65,62,129,124,223.4,44.374968877,-79.688263489,1.50857,NA,NA,NA,31.0716
333,3.2548,93,165,"2026-08-09_ZGAYX",1.94567670635847,255,53,85,81.5,27,24,338,345,197,201,65,65,128,128,223.2,44.374984803,-79.688369017,1.05623,NA,NA,NA,30.8376
334,3.2634,93,165,"2026-08-09_ZGAYX",1.93528409970584,239,45,75,80.5,23.5,25,332,345,197,201,68,65,129,128,223.6,44.375003997,-79.688473958,1.08656,NA,NA,NA,31.0032
335,3.2717,92,165,"2026-08-09_ZGAYX",1.96286263887253,239,51,77,76.5,22,23.5,343,345,195,198,69,62,131,124,223.8,44.375033083,-79.688570937,0.906473,NA,NA,NA,30.5676
336,3.28,91,165,"2026-08-09_ZGAYX",1.92477961273434,229,48,76.5,77.5,21.5,22.5,354,345,195,198,70,62,131,124,224,44.375079099,-79.688655929,0.717329,NA,NA,NA,31.1724
337,3.2886,93,165,"2026-08-09_ZGAYX",1.89221919467151,250,48,76.5,77.5,21.5,22.5,357,343,197,194,69,60,131,122,224.4,44.375142466,-79.688720722,1.18245,NA,NA,NA,31.7088
338,3.2973,95,165,"2026-08-09_ZGAYX",1.89415463878471,269,46,73,86.5,22.5,27.5,357,343,197,195,69,62,131,122,224.6,44.375215138,-79.688763469,1.19255,NA,NA,NA,31.6764
339,3.3066,98,165,"2026-08-09_ZGAYX",1.81159420289855,326,45,84,86.5,25.5,27.5,343,338,201,197,60,59,124,120,224.8,44.375291497,-79.688810827,1.62983,NA,NA,NA,33.12
340,3.3159,102,165,"2026-08-09_ZGAYX",1.75641971405487,231,51,68.5,96.5,21.5,27,336,339,201,201,60,62,124,122,224.6,44.375368275,-79.688861621,1.64205,NA,NA,NA,34.1604
341,3.326,99,166,"2026-08-09_ZGAYX",1.70765027322404,213,72,85,75,29,24,339,345,200,207,59,65,124,125,224.6,44.375448574,-79.688916271,1.64205,NA,NA,NA,35.136
342,3.3359,96,166,"2026-08-09_ZGAYX",1.65081880612784,323,43,85,99.5,28.5,34,335,335,198,225,60,62,122,131,224.4,44.375530968,-79.688968323,1.20747,NA,NA,NA,36.3456
343,3.3465,98,165,"2026-08-09_ZGAYX",1.61217514670794,152,51,55,78,18,25,321,335,198,225,62,62,128,131,223.8,44.375618559,-79.689016938,0.873987,NA,NA,NA,37.2168
344,3.3569,100,165,"2026-08-09_ZGAYX",1.61217514670794,151,51,55,78,18,25,340,332,197,215,59,60,125,129,223,44.375705898,-79.689062619,-0.36036,NA,NA,NA,37.2168
345,3.3673,100,165,"2026-08-09_ZGAYX",1.60194796872998,167,51,60.5,62.5,19,20,347,332,195,215,58,60,124,129,222.6,44.375793321,-79.68910939,-0.985939,NA,NA,NA,37.4544
346,3.3779,101,166,"2026-08-09_ZGAYX",1.58353127474268,226,48,58,62.5,18.5,20,347,346,195,191,58,62,124,122,222,44.375881666,-79.689154904,-1.79294,NA,NA,NA,37.89
347,3.3879,102,165,"2026-08-09_ZGAYX",1.60056339831621,212,56,72,63.5,23.5,20.5,343,345,195,193,58,59,124,118,221.8,44.375967581,-79.689197149,-2.45806,NA,NA,NA,37.4868
348,3.3985,102,166,"2026-08-09_ZGAYX",1.56406406406406,288,56,92.5,81,29,23,339,347,200,198,56,66,124,127,221.4,44.376058022,-79.689242579,-3.0653,NA,NA,NA,38.3616
349,3.4089,102,166,"2026-08-09_ZGAYX",1.60348919248284,276,49,79.5,96,25,27.5,325,343,201,203,55,68,122,132,221.4,44.37614687,-79.689285494,-3.28035,NA,NA,NA,37.4184
350,3.4195,101,166,"2026-08-09_ZGAYX",1.60782043861342,374,55,99.5,96,32,27.5,325,343,201,203,55,68,122,132,221.6,44.376238316,-79.689322878,-2.87662,NA,NA,NA,37.3176
351,3.4301,101,166,"2026-08-09_ZGAYX",1.61217514670794,307,55,99.5,96,32,27.5,316,339,200,208,58,69,125,132,221.6,44.376328925,-79.689357495,-2.87662,NA,NA,NA,37.2168
352,3.4403,100,166,"2026-08-09_ZGAYX",1.623798389192,238,53,84.5,86,28,26,312,336,201,217,60,63,127,129,221.6,44.376417857,-79.6893901,-2.6746,NA,NA,NA,36.9504
353,3.4503,99,166,"2026-08-09_ZGAYX",1.64025850474035,235,54,76.5,86,25,26,312,335,201,210,60,65,127,132,221.6,44.376505867,-79.689422119,-2.10856,NA,NA,NA,36.5796
354,3.4606,99,165,"2026-08-09_ZGAYX",1.62237580713196,244,53,81.5,69,29,21,314,335,203,210,60,65,128,132,221.6,44.376595553,-79.689456569,-1.33933,NA,NA,NA,36.9828
355,3.4709,99,165,"2026-08-09_ZGAYX",1.63575097327183,251,53,83.5,90.5,27,28.5,314,339,201,210,62,68,128,132,222,44.376684401,-79.689491605,-0.566367,NA,NA,NA,36.6804
356,3.4812,99,165,"2026-08-09_ZGAYX",1.6433313613357,211,48,72,70.5,23,21,311,339,201,201,63,66,128,131,222,44.376773333,-79.689524965,0,NA,NA,NA,36.5112
357,3.4915,99,166,"2026-08-09_ZGAYX",1.62680982593135,255,54,73,81.5,23.5,24,326,339,200,201,60,66,127,131,222.2,44.376862684,-79.689556816,0.393845,NA,NA,NA,36.882
358,3.5016,99,165,"2026-08-09_ZGAYX",1.62983245322381,255,54,73,81.5,23.5,24,339,339,201,200,65,66,131,131,222.2,44.376950778,-79.689589925,0.771204,NA,NA,NA,36.8136
359,3.5118,100,165,"2026-08-09_ZGAYX",1.62824019799401,345,52,89.5,64,31,18.5,328,345,205,218,66,65,132,128,222.4,44.377039291,-79.689625883,0.967282,NA,NA,NA,36.8496
360,3.5223,100,165,"2026-08-09_ZGAYX",1.59627111068544,227,49,92,86,31.5,27,328,336,205,243,66,65,132,131,222.4,44.377131157,-79.689658321,0.778603,NA,NA,NA,37.5876
361,3.5326,100,165,"2026-08-09_ZGAYX",1.61061718850664,262,55,84.5,99,29,35.5,307,332,205,256,63,65,129,134,222.6,44.377222687,-79.68968573,0.972777,NA,NA,NA,37.2528
362,3.5431,101,165,"2026-08-09_ZGAYX",1.60921759840366,320,58,84.5,68.5,30,19.5,328,343,203,215,60,70,128,134,222.6,44.377314972,-79.689715737,0.972777,NA,NA,NA,37.2852
363,3.5539,102,165,"2026-08-09_ZGAYX",1.57232704402516,315,46,78.5,89.5,25,26.5,329,339,203,205,59,68,127,129,222.8,44.37740952,-79.689748259,1.15796,NA,NA,NA,38.16
364,3.5649,102,165,"2026-08-09_ZGAYX",1.58488652212502,288,45,75.5,72,26,21,329,326,203,204,59,65,127,124,222.6,44.377503397,-79.689784134,0.976144,NA,NA,NA,37.8576
365,3.5756,103,166,"2026-08-09_ZGAYX",1.55458135124211,309,47,83,75.5,26,21,335,326,200,204,59,65,127,124,222.4,44.377597191,-79.689816655,0.400879,NA,NA,NA,38.5956
366,3.5864,103,167,"2026-08-09_ZGAYX",1.57232704402516,272,47,83,75.5,26,21,335,330,200,212,59,65,127,124,222.2,44.377688637,-79.68985144,0.215694,NA,NA,NA,38.16
367,3.5965,103,167,"2026-08-09_ZGAYX",1.57932973246154,236,47,75.5,75.5,25,21,329,329,201,208,62,65,128,122,222,44.377777485,-79.689885806,-0.176501,NA,NA,NA,37.9908
368,3.6069,103,167,"2026-08-09_ZGAYX",1.57099318188959,206,47,68.5,70.5,22,20,332,335,200,201,62,68,129,125,222,44.377869183,-79.689917825,-0.176501,NA,NA,NA,38.1924
369,3.6174,103,166,"2026-08-09_ZGAYX",1.56818466942667,326,49,70,70.5,21.5,20,338,342,198,198,63,65,128,124,222.2,44.377961803,-79.68994867,-0.182103,NA,NA,NA,38.2608
370,3.6283,103,166,"2026-08-09_ZGAYX",1.55996505678273,328,41,71.5,88.5,22.5,26,339,0,198,357,65,0,127,357,222.2,44.378055681,-79.689981444,-0.182103,NA,NA,NA,38.4624
371,3.6387,103,166,"2026-08-09_ZGAYX",1.58775523165349,263,55,76.5,66,24,17.5,339,335,198,198,65,70,127,127,222.2,44.37814696,-79.690011702,-0.376278,NA,NA,NA,37.7892
372,3.6491,102,166,"2026-08-09_ZGAYX",1.58488652212502,311,59,91,66,28.5,17.5,335,335,195,198,62,70,121,127,222.2,44.378239831,-79.690039195,-0.376278,NA,NA,NA,37.8576
373,3.6597,102,166,"2026-08-09_ZGAYX",1.60194796872998,361,40,91,66,28.5,17.5,335,340,195,198,62,72,121,128,222,44.378332954,-79.690066436,-0.750142,NA,NA,NA,37.4544
374,3.6703,101,166,"2026-08-09_ZGAYX",1.61217514670794,230,40,91,66,28.5,17.5,326,333,201,201,63,70,127,127,221.6,44.378425406,-79.690093091,-0.945682,NA,NA,NA,37.2168
375,3.6807,101,165,"2026-08-09_ZGAYX",1.60194796872998,235,53,75,91,25.5,27,326,301,201,195,63,73,127,131,221.8,44.378517272,-79.690118739,-0.566459,NA,NA,NA,37.4544
376,3.6911,101,164,"2026-08-09_ZGAYX",1.61357988834027,208,55,80.5,76,26.5,19,323,328,197,193,63,76,129,135,222,44.378608048,-79.690145226,-0.188966,NA,NA,NA,37.1844
377,3.7013,101,164,"2026-08-09_ZGAYX",1.60056339831621,208,40,74.5,76,26.5,19,323,328,197,193,63,76,129,135,221.8,44.378699411,-79.690169282,-0.187025,NA,NA,NA,37.4868
378,3.7117,100,164,"2026-08-09_ZGAYX",1.61061718850664,203,52,74.5,93,25,29.5,328,342,200,214,60,79,127,142,222,44.378791779,-79.690191662,0,NA,NA,NA,37.2528
379,3.722,100,164,"2026-08-09_ZGAYX",1.6493485073396,282,53,81,67.5,26,21,328,342,200,214,60,79,127,142,222,44.378882304,-79.690213287,-0.185193,NA,NA,NA,36.378
380,3.7322,99,164,"2026-08-09_ZGAYX",1.6433313613357,292,53,84,74,27.5,21.5,330,343,198,204,59,73,125,135,222,44.378972912,-79.690235918,-0.185193,NA,NA,NA,36.5112
381,3.7423,99,164,"2026-08-09_ZGAYX",1.63126814785815,229,53,84,74,27.5,21.5,326,343,198,204,62,73,128,135,222.2,44.379063605,-79.690257795,0.0128267,NA,NA,NA,36.7812
382,3.7526,99,164,"2026-08-09_ZGAYX",1.65245554894573,203,51,68.5,91.5,22,26,325,338,198,197,63,63,129,124,222.4,44.379154129,-79.690283108,0.207001,NA,NA,NA,36.3096
383,3.763,98,164,"2026-08-09_ZGAYX",1.65540987948616,227,54,74,63,22,21,336,338,197,197,63,63,128,124,222.4,44.379245073,-79.690304063,0.395681,NA,NA,NA,36.2448
384,3.7728,98,164,"2026-08-09_ZGAYX",1.65540987948616,238,48,70,63,22.5,21,340,343,198,194,60,62,125,124,222.4,44.37933434,-79.690323509,0.773039,NA,NA,NA,36.2448
385,3.7832,97,164,"2026-08-09_ZGAYX",1.67084377610693,290,51,78.5,74.5,24.5,23.5,343,345,200,194,62,66,127,127,222.4,44.379424948,-79.690341698,0.580732,NA,NA,NA,35.91
386,3.7928,102,164,"2026-08-09_ZGAYX",1.6898171617831,199,67,78.5,74.5,24.5,23.5,343,345,200,194,62,66,127,127,222.2,44.379512204,-79.690361312,0.18009,NA,NA,NA,35.5068
387,3.803,107,164,"2026-08-09_ZGAYX",1.70607704643942,191,39,56,67,16,17,354,345,205,193,69,62,135,122,222.4,44.379600717,-79.690380925,0.572247,NA,NA,NA,35.1684
388,3.8125,78,164,"2026-08-09_ZGAYX",1.72586379482931,56,39,56,69,0,20.5,0,345,0,191,0,60,0,121,223,44.379685709,-79.690400958,1.01152,NA,NA,NA,34.7652
389,3.8219,78,165,"2026-08-09_ZGAYX",1.79346461494315,79,39,56,69,0,20.5,0,339,0,186,0,59,0,120,223.2,44.37976869,-79.690415459,1.22428,NA,NA,NA,33.4548
390,3.831,45,165,"2026-08-09_ZGAYX",1.80238635954003,79,100,100,69,0,0,345,0,186,0,58,0,120,0,223.2,44.379851084,-79.690428031,1.22428,NA,NA,NA,33.2892
391,3.8403,95,165,"2026-08-09_ZGAYX",1.79346461494315,206,85,78,69,23,0,352,0,190,0,63,0,124,0,223.2,44.379934233,-79.690442197,1.02626,NA,NA,NA,33.4548
392,3.8496,91,165,"2026-08-09_ZGAYX",1.76684688504894,356,65,89,60.5,25.5,14.5,350,342,193,183,65,53,124,117,223,44.38001822,-79.690457452,0.617036,NA,NA,NA,33.9588
393,3.8594,92,164,"2026-08-09_ZGAYX",1.73412409392016,365,47,85,92.5,25.5,27.5,340,342,198,183,63,53,124,117,222.6,44.380105056,-79.690472372,0.208873,NA,NA,NA,34.5996
394,3.8689,93,164,"2026-08-09_ZGAYX",1.74428745857317,344,52,83.5,95.5,24.5,28,338,342,200,183,63,53,125,117,222.4,44.380190049,-79.690487208,0,NA,NA,NA,34.398
395,3.8788,93,165,"2026-08-09_ZGAYX",1.71098107654929,218,52,72,86,23,26.5,338,342,200,183,63,53,125,117,222.6,44.380277807,-79.690501625,0.200367,NA,NA,NA,35.0676
396,3.8886,94,164,"2026-08-09_ZGAYX",1.70922640412949,325,52,72,86,23,26.5,338,342,200,201,68,62,131,124,222.6,44.380364895,-79.690515622,0.4087,NA,NA,NA,35.1036
397,3.8984,96,164,"2026-08-09_ZGAYX",1.68027690963471,327,51,83,94.5,25,29,338,340,200,200,68,63,131,125,222.4,44.380453408,-79.690529285,0,NA,NA,NA,35.7084
398,3.9081,96,164,"2026-08-09_ZGAYX",1.70276529083231,297,48,78.5,94.5,23,29,321,340,198,198,63,65,129,125,222.2,44.380540496,-79.690542025,-0.829224,NA,NA,NA,35.2368
399,3.9178,96,164,"2026-08-09_ZGAYX",1.68827660723933,295,52,89.5,82,29.5,24.5,328,338,201,201,68,66,132,128,221.8,44.380630098,-79.690553089,-1.45436,NA,NA,NA,35.5392
400,3.9281,95,164,"2026-08-09_ZGAYX",1.73250173250173,257,52,79.5,87,24,26.5,319,340,201,203,69,68,134,131,221.2,44.380719869,-79.690565662,-2.03689,NA,NA,NA,34.632
401,3.9382,94,164,"2026-08-09_ZGAYX",1.70922640412949,299,51,80.5,76.5,25,23,319,340,201,203,69,68,134,131,221,44.380808801,-79.690578906,-2.23491,NA,NA,NA,35.1036
402,3.9477,94,164,"2026-08-09_ZGAYX",1.69307869429771,346,51,85.5,87,26.5,25.5,330,340,195,203,65,68,127,131,221,44.38089614,-79.690588629,-2.01985,NA,NA,NA,35.4384
403,3.9578,96,164,"2026-08-09_ZGAYX",1.68197261748579,346,48,97.5,95,33.5,31.5,330,340,195,203,65,68,127,131,221,44.380986497,-79.690595502,-1.61169,NA,NA,NA,35.6724
404,3.968,97,164,"2026-08-09_ZGAYX",1.67084377610693,201,48,97.5,95,33.5,31.5,330,340,195,232,65,65,127,129,221.4,44.38107677,-79.690603968,-1.00901,NA,NA,NA,35.91
405,3.9778,97,163,"2026-08-09_ZGAYX",1.67252048837598,194,49,75.5,95,27,31.5,305,340,191,232,55,65,122,129,221.6,44.381166373,-79.690606482,-1.00694,NA,NA,NA,35.874
406,3.9878,96,163,"2026-08-09_ZGAYX",1.68673885908984,260,52,75.5,95,27,31.5,305,335,191,207,55,62,122,128,221.4,44.381255891,-79.690609248,-1.20694,NA,NA,NA,35.5716
407,3.9976,96,163,"2026-08-09_ZGAYX",1.71591338069254,182,47,69,80.5,21.5,23.5,336,335,195,207,60,62,125,128,221.2,44.381343231,-79.690615702,-1.20694,NA,NA,NA,34.9668
408,4.0071,95,163,"2026-08-09_ZGAYX",1.74100769525401,212,56,71,80.5,22,23.5,330,0,190,357,55,0,118,357,221.2,44.381428726,-79.69062333,-1.00076,NA,NA,NA,34.4628
409,4.0171,94,163,"2026-08-09_ZGAYX",1.72747374239912,218,56,69.5,66.5,22.5,19.5,322,0,179,357,46,0,110,357,221,44.38151573,-79.690636489,-0.788387,NA,NA,NA,34.7328
410,4.0266,94,164,"2026-08-09_ZGAYX",1.7125633648445,263,46,80,66.5,24,19.5,322,0,179,357,46,0,110,357,221.2,44.381601058,-79.690642692,0,NA,NA,NA,35.0352
411,4.0357,95,164,"2026-08-09_ZGAYX",1.68197261748579,293,46,80,66.5,24,19.5,345,342,194,198,63,65,127,127,221.6,44.381686889,-79.690650822,0.642244,NA,NA,NA,35.6724
412,4.0455,96,164,"2026-08-09_ZGAYX",1.67403240926744,283,50,80,66.5,24,19.5,346,342,198,198,66,65,129,127,222,44.38177691,-79.690661635,1.05041,NA,NA,NA,35.8416
413,4.056,96,163,"2026-08-09_ZGAYX",1.67723323605381,247,55,87,79.5,27.5,22.5,338,346,200,201,66,66,129,129,222.4,44.381869866,-79.69067228,1.43136,NA,NA,NA,35.7732
414,4.0662,97,163,"2026-08-09_ZGAYX",1.67875369325813,182,37,64,71.5,20.5,20.5,318,346,200,210,73,68,136,131,222.8,44.381962067,-79.690680997,1.43136,NA,NA,NA,35.7408
415,4.0766,96,163,"2026-08-09_ZGAYX",1.68827660723933,113,60,58,71.5,17.5,20.5,335,346,195,212,62,70,127,135,222.8,44.38205519,-79.690684769,1.22728,NA,NA,NA,35.5392
416,4.0867,95,163,"2026-08-09_ZGAYX",1.71414858239912,110,48,58,71.5,17.5,20.5,343,346,193,212,55,70,120,135,222.8,44.382145966,-79.690689379,1.42728,NA,NA,NA,35.0028
417,4.0968,95,163,"2026-08-09_ZGAYX",1.73593028503975,50,48,58,71.5,17.5,20.5,343,346,193,212,55,70,120,135,222.6,44.382235484,-79.690695079,1.43334,NA,NA,NA,34.5636
418,4.1062,57,163,"2026-08-09_ZGAYX",1.80063382310573,50,48,0,0,0,0,343,346,193,212,55,70,120,135,222.8,44.382320309,-79.690699857,1.64611,NA,NA,NA,33.3216
419,4.1149,57,163,"2026-08-09_ZGAYX",2.02979742621686,0,48,0,0,0,0,343,346,193,212,55,70,120,135,222.8,44.38239692,-79.690705556,1.84611,NA,NA,NA,29.5596
420,4.1225,57,163,"2026-08-09_ZGAYX",2.28404367091499,0,48,58,46,0,13,343,346,193,212,55,70,120,135,223.2,44.382464562,-79.690709999,2.16189,NA,NA,NA,26.2692
421,4.1288,14,163,"2026-08-09_ZGAYX",2.63047138047138,0,NA,0,0,0,0,0,0,0,0,0,0,0,0,223.4,44.382522565,-79.690712597,2.03979,NA,NA,NA,22.8096
422,4.1345,14,163,"2026-08-09_ZGAYX",3.07957625030796,0,100,0,0,0,0,0,0,0,0,0,0,0,0,223.8,44.382575035,-79.690711591,2.33339,NA,NA,NA,19.4832
423,4.1395,14,163,"2026-08-09_ZGAYX",3.55138859293984,0,100,0,0,0,0,0,0,0,0,0,0,0,0,224,44.382624069,-79.690711591,2.35243,NA,NA,NA,16.8948
424,4.1441,0,163,"2026-08-09_ZGAYX",3.98724082934609,0,NA,0,0,0,0,0,0,0,0,0,0,0,0,224,44.382667069,-79.690733468,1.96028,NA,NA,NA,15.048
425,4.1478,0,164,"2026-08-09_ZGAYX",4.6633090841261,0,NA,0,0,0,0,0,0,0,0,0,0,0,0,223.8,44.382679306,-79.69078795,1.41974,NA,NA,NA,12.8664
426,4.1515,0,164,"2026-08-09_ZGAYX",4.12541254125412,0,NA,0,0,0,0,0,0,0,0,0,0,0,0,223.8,44.382657932,-79.690830782,1.41974,NA,NA,NA,14.544
427,4.1559,11,163,"2026-08-09_ZGAYX",3.28925728570489,7,NA,0,0,0,0,346,0,197,0,51,0,113,0,223.4,44.382613676,-79.690833799,0.708665,NA,NA,NA,18.2412
428,4.1621,65,163,"2026-08-09_ZGAYX",2.70650644148533,540,56,99,0,30,0,343,350,211,203,46,58,107,121,223.2,44.382557433,-79.690819131,0.173318,NA,NA,NA,22.1688
429,4.1694,77,162,"2026-08-09_ZGAYX",2.41370987207338,557,49,99,98.5,33.5,29,342,349,228,231,46,56,107,118,222.8,44.382492222,-79.690811755,-0.374627,NA,NA,NA,24.858
430,4.1772,83,162,"2026-08-09_ZGAYX",2.24406444953099,534,51,98,99.5,32,30.5,340,338,256,271,56,58,118,120,222.6,44.382423239,-79.690802703,-1.15735,NA,NA,NA,26.7372
431,4.1852,89,162,"2026-08-09_ZGAYX",2.18350146294598,438,51,97,99,31,30.5,333,332,246,276,62,59,127,121,222.4,44.38235258,-79.690800607,-1.72481,NA,NA,NA,27.4788
432,4.1932,94,162,"2026-08-09_ZGAYX",2.11882362912111,353,54,95.5,98,31.5,29.5,314,332,218,276,66,59,131,121,222.2,44.382281333,-79.690794321,-2.67657,NA,NA,NA,28.3176
433,4.2011,96,162,"2026-08-09_ZGAYX",2.10650488709134,311,54,95.5,98,31.5,29.5,314,326,218,257,66,60,131,121,222,44.382210339,-79.690792644,-3.32973,NA,NA,NA,28.4832
434,4.2093,97,161,"2026-08-09_ZGAYX",2.01824493420522,298,53,88.5,94.5,29,29,305,325,205,219,63,62,128,124,221.8,44.382135907,-79.690786693,-3.57363,NA,NA,NA,29.7288
435,4.2178,99,161,"2026-08-09_ZGAYX",1.96494537451859,371,52,99.5,82,40,25.5,305,329,205,211,63,60,128,124,221.8,44.382059967,-79.690778646,-3.03309,NA,NA,NA,30.5352
436,4.2263,102,163,"2026-08-09_ZGAYX",1.96078431372549,340,50,89,99.5,30,32.5,316,323,204,207,60,59,127,124,221.8,44.381983524,-79.690770348,-3.03309,NA,NA,NA,30.6
437,4.235,98,163,"2026-08-09_ZGAYX",1.91659000306654,270,51,82.5,89.5,27,26,321,316,204,203,59,56,125,122,221.8,44.381903729,-79.690762302,-2.124,NA,NA,NA,31.3056
438,4.2442,94,162,"2026-08-09_ZGAYX",1.89221919467151,361,58,100,90,36.5,38,321,316,204,203,59,56,125,122,221.6,44.381821586,-79.690755848,-2.01881,NA,NA,NA,31.7088
439,4.2532,95,162,"2026-08-09_ZGAYX",1.8960940462647,307,50,85.5,90,26.5,38,321,316,203,203,59,56,125,122,221.6,44.38174112,-79.690747633,-1.47087,NA,NA,NA,31.644
440,4.2623,95,163,"2026-08-09_ZGAYX",1.87835756414591,279,54,84.5,73,30,20.5,321,318,203,200,59,58,125,122,221.8,44.381660067,-79.690738749,-0.994678,NA,NA,NA,31.9428
441,4.2712,96,163,"2026-08-09_ZGAYX",1.88622302701071,351,52,87,73,26.5,20.5,329,329,201,200,62,59,127,124,222,44.381580858,-79.690726511,-0.519959,NA,NA,NA,31.8096
442,4.2804,97,163,"2026-08-09_ZGAYX",1.84529081783289,367,52,87,73,26.5,20.5,322,329,193,200,56,59,120,124,222.6,44.381498883,-79.690715866,0.382215,NA,NA,NA,32.5152
443,4.2896,98,163,"2026-08-09_ZGAYX",1.83009406683504,322,53,95,97,31,29.5,322,329,193,200,56,59,120,124,223.4,44.38141674,-79.690705556,1.50494,NA,NA,NA,32.7852
444,4.2987,98,164,"2026-08-09_ZGAYX",1.85494342422556,212,55,78.5,87.5,24.5,25.5,302,329,198,229,56,68,121,132,223.8,44.381336525,-79.690691056,2.18841,NA,NA,NA,32.346
445,4.3077,99,164,"2026-08-09_ZGAYX",1.82448458310527,279,52,78.5,87.5,24.5,25.5,316,333,200,205,55,66,121,127,223.8,44.38125564,-79.690680243,2.18841,NA,NA,NA,32.886
446,4.3168,100,164,"2026-08-09_ZGAYX",1.77550513120983,319,48,78.5,78,24.5,21,325,333,198,205,55,66,121,127,223.8,44.38117224,-79.690674124,2.18841,NA,NA,NA,33.7932
447,4.3262,101,164,"2026-08-09_ZGAYX",1.79346461494315,283,48,80,75.5,27,21.5,325,343,198,200,55,66,121,125,223.6,44.381088253,-79.690667,1.97564,NA,NA,NA,33.4548
448,4.3355,102,164,"2026-08-09_ZGAYX",1.77910617705665,267,44,80,75.5,27,21.5,333,339,197,200,55,66,121,127,223.4,44.381004602,-79.690659037,1.97798,NA,NA,NA,33.7248
449,4.345,102,164,"2026-08-09_ZGAYX",1.75808720112518,260,44,80,75.5,27,21.5,326,321,197,207,53,68,121,128,223.6,44.380918604,-79.690654175,2.18851,NA,NA,NA,34.128
450,4.3545,102,164,"2026-08-09_ZGAYX",1.78980526918671,229,53,98.5,98,35,33,308,328,204,225,58,66,125,132,223.4,44.380834365,-79.690647805,1.7582,NA,NA,NA,33.5232
451,4.3639,101,165,"2026-08-09_ZGAYX",1.77210703526493,243,53,98.5,98,35,33,294,329,201,210,58,66,125,129,223.4,44.380750043,-79.690640345,1.53348,NA,NA,NA,33.858
452,4.3732,101,165,"2026-08-09_ZGAYX",1.77550513120983,270,53,77,68,24.5,20,318,332,197,201,55,63,122,125,223.4,44.38066656,-79.690633304,0.881306,NA,NA,NA,33.7932
453,4.3826,102,165,"2026-08-09_ZGAYX",1.76497581983127,270,44,73.5,68,23.5,20,332,332,197,201,53,63,121,125,223.4,44.38058207,-79.690624084,0.0117407,NA,NA,NA,33.9948
454,4.3922,103,165,"2026-08-09_ZGAYX",1.73412409392016,336,44,83.5,71,29,20,332,339,197,194,53,60,121,118,223.4,44.380496491,-79.69061302,-0.42782,NA,NA,NA,34.5996
455,4.4018,104,165,"2026-08-09_ZGAYX",1.70433241299383,230,56,76.5,79,25,24,325,335,201,221,58,63,125,124,223.6,44.380409654,-79.690603297,-0.219486,NA,NA,NA,35.2044
456,4.4115,105,165,"2026-08-09_ZGAYX",1.70607704643942,199,56,76.5,79,25,24,323,335,203,204,58,66,127,125,223.4,44.380322231,-79.690595083,-0.425672,NA,NA,NA,35.1684
457,4.4213,106,165,"2026-08-09_ZGAYX",1.68503353216729,235,57,73.5,79,23.5,24,332,336,200,198,53,66,121,125,223,44.380232545,-79.690587958,-0.621069,NA,NA,NA,35.6076
458,4.4316,107,166,"2026-08-09_ZGAYX",1.69946636756059,312,64,85.5,65,29.5,20,335,338,200,195,49,65,117,124,222.8,44.380141936,-79.69057966,-0.60019,NA,NA,NA,35.3052
459,4.4417,107,166,"2026-08-09_ZGAYX",1.6946280291476,256,51,74,65,24,20,330,333,200,198,48,60,118,125,222.4,44.380053004,-79.690564908,-1.20676,NA,NA,NA,35.406
460,4.4515,106,166,"2026-08-09_ZGAYX",1.69635284139101,229,47,75,70,25,22.5,330,332,200,197,48,55,118,121,222,44.379966336,-79.690554766,-1.40439,NA,NA,NA,35.37
461,4.461,106,166,"2026-08-09_ZGAYX",1.68673885908984,253,49,77.5,75.5,25,22,325,330,204,201,55,63,125,131,221.8,44.37988017,-79.690540433,-1.61492,NA,NA,NA,35.5716
462,4.4706,107,166,"2026-08-09_ZGAYX",1.68673885908984,211,54,71.5,88.5,22,33.5,325,330,204,201,55,63,125,131,221.8,44.379794004,-79.690524172,-1.61492,NA,NA,NA,35.5716
463,4.4805,107,166,"2026-08-09_ZGAYX",1.68027690963471,218,54,71.5,88.5,22,33.5,325,328,200,212,53,60,120,127,221.6,44.379706161,-79.690507073,-1.81694,NA,NA,NA,35.7084
464,4.4901,107,167,"2026-08-09_ZGAYX",1.6898171617831,259,53,64,67.5,18.5,20.5,333,328,198,212,56,60,118,127,221.6,44.379619828,-79.690489303,-1.81694,NA,NA,NA,35.5068
465,4.4999,107,167,"2026-08-09_ZGAYX",1.68673885908984,218,56,64,67.5,18.5,20.5,335,335,201,203,62,62,127,127,221.6,44.379532153,-79.69046927,-2.02527,NA,NA,NA,35.5716
466,4.5097,107,167,"2026-08-09_ZGAYX",1.6946280291476,230,56,68,80.5,22.5,24.5,328,333,200,207,58,62,122,128,221.6,44.379444311,-79.690447897,-1.81909,NA,NA,NA,35.406
467,4.5199,101,166,"2026-08-09_ZGAYX",1.69790817712578,141,56,70.5,97.5,22,33,330,329,200,219,56,68,118,134,221.6,44.379355211,-79.690427193,-1.41092,NA,NA,NA,35.3376
468,4.5298,95,166,"2026-08-09_ZGAYX",1.67875369325813,254,60,91.5,40.5,31,9.5,332,330,200,201,58,75,118,141,221.6,44.379266698,-79.690407161,-1.21675,NA,NA,NA,35.7408
469,4.5398,96,166,"2026-08-09_ZGAYX",1.68197261748579,242,53,91.5,40.5,31,9.5,311,330,198,201,62,75,125,141,221.6,44.379177766,-79.690388217,-0.82071,NA,NA,NA,35.6724
470,4.55,97,166,"2026-08-09_ZGAYX",1.65705574335521,315,53,89.5,96.5,32,35,311,333,198,204,62,70,125,136,221.4,44.379087577,-79.690368436,-0.608625,NA,NA,NA,36.2088
471,4.5601,97,166,"2026-08-09_ZGAYX",1.64479094707063,280,53,89.5,96.5,32,35,293,335,195,222,60,63,127,131,221.4,44.378997388,-79.690347314,-0.398099,NA,NA,NA,36.4788
472,4.5704,97,166,"2026-08-09_ZGAYX",1.65705574335521,298,49,89.5,96.5,32,35,305,332,200,212,65,62,131,128,221.6,44.378907198,-79.690327365,-0.203924,NA,NA,NA,36.2088
473,4.5804,97,166,"2026-08-09_ZGAYX",1.64479094707063,271,53,78,73.5,24.5,22.5,322,336,204,205,68,63,134,128,221.6,44.378818266,-79.690301884,0,NA,NA,NA,36.4788
474,4.5907,99,167,"2026-08-09_ZGAYX",1.61938074880166,265,53,90,81.5,30,28,318,336,205,205,70,63,135,128,221.4,44.378727406,-79.690276738,-0.196078,NA,NA,NA,37.0512
475,4.601,99,167,"2026-08-09_ZGAYX",1.62538196476172,263,50,85.5,75,27.5,25,311,336,201,205,69,63,134,128,221.6,44.378636714,-79.690253269,0,NA,NA,NA,36.9144
476,4.611,99,167,"2026-08-09_ZGAYX",1.6433313613357,305,49,79.5,75,25,25,311,336,201,233,69,72,134,139,221.6,44.378548369,-79.690227201,0,NA,NA,NA,36.5112
477,4.6211,99,167,"2026-08-09_ZGAYX",1.63719711853307,273,52,81.5,79.5,24.5,23.5,309,336,197,233,63,72,128,139,221.4,44.378458683,-79.690205324,-0.199923,NA,NA,NA,36.648
478,4.6313,98,167,"2026-08-09_ZGAYX",1.623798389192,270,47,89,78.5,29,23.5,328,333,197,207,66,70,129,132,221.2,44.37836732,-79.690182945,-0.396002,NA,NA,NA,36.9504
479,4.6417,99,167,"2026-08-09_ZGAYX",1.63719711853307,307,47,89,78.5,29,23.5,326,338,198,236,66,63,131,131,221.4,44.378276963,-79.690153692,-0.203694,NA,NA,NA,36.648
480,4.6521,99,167,"2026-08-09_ZGAYX",1.63126814785815,267,46,74.5,97,22.5,30.5,326,333,198,215,66,58,131,125,221.6,44.37818736,-79.690121924,0.184692,NA,NA,NA,36.7812
481,4.6624,99,167,"2026-08-09_ZGAYX",1.59627111068544,281,53,81.5,73.5,24.5,22,332,333,197,215,62,58,128,125,221.8,44.378096836,-79.690091163,0.378867,NA,NA,NA,37.5876
482,4.6726,100,166,"2026-08-09_ZGAYX",1.60921759840366,281,53,89,76,28,21.5,332,340,197,198,62,65,128,127,221.8,44.378007485,-79.69006015,0.184692,NA,NA,NA,37.2852
483,4.6828,100,166,"2026-08-09_ZGAYX",1.61938074880166,234,52,77,80.5,23,24,329,352,198,166,68,58,134,107,221.6,44.377918134,-79.690029723,-0.0113865,NA,NA,NA,37.0512
484,4.6932,100,166,"2026-08-09_ZGAYX",1.60056339831621,251,49,75.5,70,25,24.5,315,353,197,190,62,66,128,120,221.6,44.37782719,-79.689998794,0.182788,NA,NA,NA,37.4868
485,4.7036,100,166,"2026-08-09_ZGAYX",1.62095571548985,275,49,75.5,70,25,24.5,316,339,195,205,58,68,124,129,221.4,44.377737252,-79.689967865,-0.203694,NA,NA,NA,37.0152
486,4.7139,100,166,"2026-08-09_ZGAYX",1.60782043861342,272,49,71.5,66,22,19,321,321,195,200,58,63,124,124,221.4,44.377647398,-79.689936768,-0.203694,NA,NA,NA,37.3176
487,4.7239,100,166,"2026-08-09_ZGAYX",1.60921759840366,285,54,82,74,25,20,330,326,198,200,65,65,128,125,221.4,44.377558885,-79.689903073,0,NA,NA,NA,37.2852
488,4.7345,100,166,"2026-08-09_ZGAYX",1.61217514670794,285,46,82.5,74.5,27,22,328,315,200,201,65,65,129,127,221.6,44.377468361,-79.689868623,0.379083,NA,NA,NA,37.2168
489,4.7447,100,166,"2026-08-09_ZGAYX",1.60194796872998,285,47,85,74.5,30.5,22,321,321,201,225,62,63,128,129,221.2,44.377378591,-79.689835012,-0.205381,NA,NA,NA,37.4544
490,4.755,99,166,"2026-08-09_ZGAYX",1.62538196476172,205,48,75,74.5,23.5,22,321,321,201,225,59,63,125,129,221.2,44.377289994,-79.68980073,-0.397689,NA,NA,NA,36.9144
491,4.765,99,166,"2026-08-09_ZGAYX",1.64625312788094,231,55,78.5,74.5,25,22,321,325,201,219,59,62,125,128,221.2,44.377202235,-79.689769968,-0.591864,NA,NA,NA,36.4464
492,4.775,98,166,"2026-08-09_ZGAYX",1.65540987948616,277,55,77,77.5,24.5,22.5,332,336,200,204,60,60,127,127,221,44.377115064,-79.68973862,-0.791864,NA,NA,NA,36.2448
493,4.7851,98,166,"2026-08-09_ZGAYX",1.63880694854146,249,45,77,77.5,24.5,22.5,332,343,198,201,59,60,125,125,221,44.377027137,-79.689704673,-0.595785,NA,NA,NA,36.612
494,4.7951,98,167,"2026-08-09_ZGAYX",1.63575097327183,290,56,81,65.5,26.5,19.5,329,345,195,200,56,60,122,125,221,44.376938541,-79.689670978,-0.595785,NA,NA,NA,36.6804
495,4.8055,98,167,"2026-08-09_ZGAYX",1.66616681662168,313,50,80.5,65.5,25.5,19.5,329,342,195,198,56,63,122,127,221.2,44.376849525,-79.689640049,-0.21117,NA,NA,NA,36.0108
496,4.8158,97,167,"2026-08-09_ZGAYX",1.66783415057207,285,48,85.5,91.5,27.5,26.5,325,338,198,208,63,66,128,129,221.4,44.376761431,-79.689607527,-0.0169952,NA,NA,NA,35.9748
497,4.8255,97,167,"2026-08-09_ZGAYX",1.66783415057207,256,54,84.5,91.5,28.5,26.5,325,326,197,229,65,70,129,136,221.4,44.376675433,-79.689575676,-0.0169952,NA,NA,NA,35.9748
498,4.8357,96,167,"2026-08-09_ZGAYX",1.66783415057207,277,50,78.5,82,27,24.5,332,326,198,229,63,70,128,136,221.6,44.376587926,-79.689544747,0,NA,NA,NA,35.9748
499,4.8455,96,167,"2026-08-09_ZGAYX",1.67554706611709,293,52,85,76,28.5,22.5,332,335,198,211,63,69,128,134,221.8,44.376502263,-79.689515075,0.586643,NA,NA,NA,35.8092
500,4.8549,96,167,"2026-08-09_ZGAYX",1.71098107654929,278,52,85,76,28.5,22.5,335,343,198,203,62,70,125,132,222,44.376419785,-79.689483978,0.799408,NA,NA,NA,35.0676
501,4.8646,96,167,"2026-08-09_ZGAYX",1.69153218985757,193,47,85,76,28.5,22.5,335,347,200,201,63,69,127,129,222,44.376334876,-79.689449947,0.799408,NA,NA,NA,35.4708
502,4.8745,105,167,"2026-08-09_ZGAYX",1.70922640412949,240,68,80,70,26.5,20,339,350,201,201,62,75,125,139,222.2,44.376250386,-79.689415078,1.20143,NA,NA,NA,35.1036
503,4.8842,106,167,"2026-08-09_ZGAYX",1.69946636756059,234,53,79.5,77,26,27,333,339,201,195,62,72,125,135,222,44.376166316,-79.68937803,0.995243,NA,NA,NA,35.3052
504,4.894,105,167,"2026-08-09_ZGAYX",1.72586379482931,215,51,79.5,77,26,27,335,330,201,194,60,65,125,125,222.2,44.376082748,-79.689343329,1.19932,NA,NA,NA,34.7652
505,4.9038,105,167,"2026-08-09_ZGAYX",1.6946280291476,234,54,75.5,89,23.5,28,336,330,200,194,58,65,124,125,222.2,44.375997504,-79.689310808,1.00702,NA,NA,NA,35.406
506,4.9135,106,167,"2026-08-09_ZGAYX",1.7125633648445,268,54,75.5,68.5,26,21.5,336,338,200,197,58,60,124,124,222.2,44.37591335,-79.689275771,0.812842,NA,NA,NA,35.0352
507,4.9234,106,167,"2026-08-09_ZGAYX",1.70433241299383,287,56,83.5,74.5,29.5,22,326,338,193,195,49,60,115,120,222.2,44.37582928,-79.689237298,0.812842,NA,NA,NA,35.2044
508,4.9329,106,167,"2026-08-09_ZGAYX",1.72586379482931,297,56,66,88.5,21.5,27.5,328,338,198,197,52,60,121,121,222.6,44.375747891,-79.689198742,1.03782,NA,NA,NA,34.7652
509,4.9424,105,166,"2026-08-09_ZGAYX",1.72747374239912,295,39,66,88.5,21.5,27.5,326,333,198,203,51,63,117,124,222.4,44.375666419,-79.689155575,0.623209,NA,NA,NA,34.7328
510,4.9523,104,166,"2026-08-09_ZGAYX",1.78443968593862,262,49,77.5,98.5,27,29,326,333,198,203,51,63,118,124,222.4,44.375586037,-79.689110983,0.410443,NA,NA,NA,33.624
511,4.9615,102,166,"2026-08-09_ZGAYX",1.80238635954003,284,54,83.5,98.5,29.5,29,325,323,201,200,56,62,124,121,222.2,44.375508672,-79.689066727,0.193051,NA,NA,NA,33.2892
512,4.9706,100,166,"2026-08-09_ZGAYX",1.83009406683504,350,44,83,77,27,24,325,323,201,200,58,62,125,121,222.6,44.375433654,-79.689024147,0.430592,NA,NA,NA,32.7852
513,4.9794,98,166,"2026-08-09_ZGAYX",1.88026474127557,319,47,82.5,77,27,24,325,333,201,198,58,63,125,122,222.6,44.375360983,-79.688979136,0.636777,NA,NA,NA,31.9104
514,4.9881,97,166,"2026-08-09_ZGAYX",1.89415463878471,360,47,92,95.5,30.5,28.5,322,332,201,197,63,63,129,122,222.8,44.375288647,-79.688935298,0.662581,NA,NA,NA,31.6764
515,4.9968,95,167,"2026-08-09_ZGAYX",1.90628693430935,324,47,92,95.5,30.5,28.5,311,332,200,197,66,62,131,122,223.2,44.375216479,-79.688892215,1.12235,NA,NA,NA,31.4748
516,5.0055,93,167,"2026-08-09_ZGAYX",1.92901234567901,346,49,92,95.5,30.5,28.5,305,333,201,198,66,62,131,124,223.6,44.375142634,-79.688854078,1.58212,NA,NA,NA,31.104
517,5.0141,93,167,"2026-08-09_ZGAYX",1.95641115936925,284,49,99,86.5,33.5,27.5,305,333,201,198,66,62,131,124,224,44.375073316,-79.688805379,2.04724,NA,NA,NA,30.6684
518,5.0227,92,167,"2026-08-09_ZGAYX",1.96494537451859,285,52,99,86.5,33.5,27.5,305,333,201,198,66,62,131,124,224.6,44.375009027,-79.688745113,2.32386,NA,NA,NA,30.5352
519,5.0313,93,167,"2026-08-09_ZGAYX",1.91659000306654,329,46,99,86.5,33.5,27.5,305,333,201,198,66,62,131,124,224.8,44.374951778,-79.688671101,2.76694,NA,NA,NA,31.3056
520,5.0399,95,167,"2026-08-09_ZGAYX",1.89007333484539,344,46,85.5,79.5,26,22.5,305,333,201,198,66,62,131,124,225,44.374906013,-79.688582923,2.9995,NA,NA,NA,31.7448
521,5.0485,97,167,"2026-08-09_ZGAYX",1.82089660949051,247,46,85,90,26.5,25.5,330,333,197,198,60,62,124,124,225.2,44.374869636,-79.688483849,3.44945,NA,NA,NA,32.9508
522,5.0582,101,167,"2026-08-09_ZGAYX",1.76161786985167,337,49,84.5,87,26.5,27,333,0,198,0,60,0,124,0,225,44.374843316,-79.688368765,2.8037,NA,NA,NA,34.0596
523,5.0677,104,167,"2026-08-09_ZGAYX",1.72247485186716,258,49,84.5,87,26.5,27,328,328,200,188,59,56,125,118,224.8,44.374827977,-79.688251084,2.59318,NA,NA,NA,34.8336
524,5.0777,106,167,"2026-08-09_ZGAYX",1.67084377610693,223,54,73,81,22,24.5,333,333,200,190,60,59,128,121,224.6,44.374804424,-79.6881303,2.16329,NA,NA,NA,35.91
525,5.0877,107,167,"2026-08-09_ZGAYX",1.66933760683761,223,48,73,81,22,24.5,333,338,200,193,60,62,128,122,224.4,44.374774752,-79.688012786,1.50352,NA,NA,NA,35.9424
526,5.0978,97,166,"2026-08-09_ZGAYX",1.64025850474035,211,55,64.5,71.5,19.5,21.5,340,342,200,200,62,62,127,122,223.8,44.374741141,-79.687895188,0.449694,NA,NA,NA,36.5796
527,5.1078,98,166,"2026-08-09_ZGAYX",1.63575097327183,233,68,83.5,98,26.5,35.5,335,342,198,200,63,62,127,122,223.6,44.374703171,-79.687780356,-0.215422,NA,NA,NA,36.6804
528,5.1179,99,167,"2026-08-09_ZGAYX",1.63575097327183,269,46,83.5,98,26.5,35.5,335,342,198,200,63,62,127,122,223.4,44.374662938,-79.687667535,-1.11112,NA,NA,NA,36.6804
529,5.1282,99,166,"2026-08-09_ZGAYX",1.59627111068544,259,48,71,98,22.5,35.5,333,340,197,203,62,75,127,136,222.8,44.374618598,-79.687553961,-1.9262,NA,NA,NA,37.5876
530,5.1385,100,165,"2026-08-09_ZGAYX",1.59489633173844,224,48,71,98,22.5,35.5,333,339,197,197,60,63,125,125,222.4,44.374570066,-79.687443236,-2.54711,NA,NA,NA,37.62
531,5.1487,101,165,"2026-08-09_ZGAYX",1.59918121921576,255,59,82.5,68,26,21,328,338,200,197,59,59,124,122,222.2,44.374519523,-79.687334942,-2.97574,NA,NA,NA,37.5192
532,5.1594,102,165,"2026-08-09_ZGAYX",1.56274417877793,341,44,74.5,73.5,22,23.5,328,333,201,198,59,62,125,124,222.2,44.374462862,-79.687225474,-2.76956,NA,NA,NA,38.394
533,5.17,102,165,"2026-08-09_ZGAYX",1.59337157425112,212,47,67,89,21,23.5,333,335,201,198,60,68,127,125,222.2,44.374409553,-79.687117012,-2.55903,NA,NA,NA,37.656
534,5.1804,102,166,"2026-08-09_ZGAYX",1.58067779463834,254,46,68.5,89,21,23.5,335,335,198,198,60,68,125,125,222.4,44.3743601,-79.687003856,-2.16672,NA,NA,NA,37.9584
535,5.1912,102,166,"2026-08-09_ZGAYX",1.58353127474268,254,46,72.5,83.5,24,26.5,335,339,198,200,60,72,125,132,222.8,44.374316011,-79.686884247,-1.59635,NA,NA,NA,37.89
536,5.2019,102,166,"2026-08-09_ZGAYX",1.58639507582968,248,47,75.5,72,25,22,322,339,194,200,58,72,124,132,223,44.374275778,-79.686762877,-0.815378,NA,NA,NA,37.8216
537,5.2124,101,166,"2026-08-09_ZGAYX",1.58353127474268,174,55,68,94.5,22,30,319,338,194,201,58,68,124,131,223.2,44.374236467,-79.686642596,-0.424902,NA,NA,NA,37.89
538,5.2228,101,166,"2026-08-09_ZGAYX",1.60921759840366,245,55,68,94.5,22,30,323,340,195,218,60,68,128,129,223,44.374200089,-79.686522567,-0.41919,NA,NA,NA,37.2852
539,5.2332,101,166,"2026-08-09_ZGAYX",1.61217514670794,227,53,75.5,96.5,23.5,29,328,339,197,211,59,63,127,129,222.8,44.374164717,-79.686402455,-0.0289732,NA,NA,NA,37.2168
540,5.2435,100,167,"2026-08-09_ZGAYX",1.59918121921576,266,42,72,68,24.5,20.5,330,339,197,200,63,62,131,127,222.8,44.374131777,-79.686281001,0.359376,NA,NA,NA,37.5192
541,5.2537,101,167,"2026-08-09_ZGAYX",1.61061718850664,295,53,84.5,87,27.5,24.5,322,339,201,200,68,62,135,127,222.8,44.374102021,-79.68616005,0.555455,NA,NA,NA,37.2528
542,5.2641,100,167,"2026-08-09_ZGAYX",1.60921759840366,271,55,87,77.5,29.5,24,322,339,201,207,68,68,135,129,223,44.374073941,-79.686035076,0.747762,NA,NA,NA,37.2852
543,5.2743,100,167,"2026-08-09_ZGAYX",1.61655350792111,224,55,80.5,77.5,27,24,308,338,201,224,66,70,134,135,222.8,44.374050556,-79.685909683,0.551684,NA,NA,NA,37.116
544,5.2848,99,167,"2026-08-09_ZGAYX",1.64625312788094,269,54,80.5,72,25.5,23,305,338,204,217,68,69,134,135,223,44.374028512,-79.685783284,0.549853,NA,NA,NA,36.4464
545,5.2951,98,167,"2026-08-09_ZGAYX",1.64479094707063,299,53,99.5,73.5,35,22.5,318,340,203,203,66,63,132,128,223.4,44.374009904,-79.685657555,0.567832,NA,NA,NA,36.4788
546,5.3052,99,167,"2026-08-09_ZGAYX",1.62538196476172,326,53,99.5,73.5,35,22.5,318,342,203,210,66,60,132,127,223.6,44.37399138,-79.685531743,0.578936,NA,NA,NA,36.9144
547,5.3155,99,167,"2026-08-09_ZGAYX",1.63126814785815,295,47,85.5,73.5,28.5,22.5,323,330,203,239,66,63,132,134,223.8,44.373976795,-79.685405176,0.582634,NA,NA,NA,36.7812
548,5.3257,99,167,"2026-08-09_ZGAYX",1.63880694854146,299,54,83,75.5,27,22.5,322,330,200,239,63,63,128,134,224.2,44.373963971,-79.685279028,1.1671,NA,NA,NA,36.612
549,5.3358,99,167,"2026-08-09_ZGAYX",1.62824019799401,299,58,85,75.5,27,22.5,322,332,200,224,63,62,128,129,224.2,44.373948967,-79.685153719,1.35941,NA,NA,NA,36.8496
550,5.3459,99,167,"2026-08-09_ZGAYX",1.62680982593135,252,58,79.5,73.5,26.5,21.5,316,340,200,204,62,65,127,129,224,44.37393388,-79.685027907,1.16139,NA,NA,NA,36.882
551,5.3563,99,167,"2026-08-09_ZGAYX",1.63270637408568,290,46,90.5,76.5,30.5,24,323,340,201,198,63,63,129,127,223.8,44.373921223,-79.68489916,0.969079,NA,NA,NA,36.7488
552,5.3665,99,167,"2026-08-09_ZGAYX",1.63880694854146,253,49,81,76.5,24,24,319,338,201,219,65,62,129,128,224,44.373907644,-79.68477318,0.97285,NA,NA,NA,36.612
553,5.3766,99,166,"2026-08-09_ZGAYX",1.64025850474035,238,49,81,76.5,24,24,314,336,201,214,60,58,125,125,224,44.373894317,-79.684647284,1.16893,NA,NA,NA,36.5796
554,5.3866,98,166,"2026-08-09_ZGAYX",1.65540987948616,276,51,75.5,80,24,24.5,325,339,200,205,60,56,125,122,223.8,44.373882918,-79.684522562,0.778452,NA,NA,NA,36.2448
555,5.3965,97,166,"2026-08-09_ZGAYX",1.67875369325813,292,49,94,68.5,31,19.5,322,332,203,203,65,59,129,124,223.8,44.373868501,-79.684399012,0.390102,NA,NA,NA,35.7408
556,5.4066,96,166,"2026-08-09_ZGAYX",1.69307869429771,301,52,79.5,92.5,27,29,311,332,203,203,66,59,131,124,223.8,44.373854084,-79.684274793,0.192083,NA,NA,NA,35.4384
557,5.4165,95,166,"2026-08-09_ZGAYX",1.69635284139101,281,46,85,78.5,27.5,23.5,311,308,203,203,66,62,131,125,223.8,44.373838913,-79.684152165,0,NA,NA,NA,35.37
558,5.4263,95,166,"2026-08-09_ZGAYX",1.69946636756059,266,50,87,77,29,21.5,315,302,200,203,63,59,127,122,224,44.373823993,-79.684031885,-0.190167,NA,NA,NA,35.3052
559,5.436,95,166,"2026-08-09_ZGAYX",1.69946636756059,308,54,92.5,99,29.5,29.5,307,302,201,203,68,59,131,122,224.4,44.373811923,-79.683910683,0.222204,NA,NA,NA,35.3052
560,5.4458,95,166,"2026-08-09_ZGAYX",1.6946280291476,301,54,92.5,99,29.5,29.5,300,318,203,217,69,62,132,125,224.8,44.373800943,-79.683789397,0.828387,NA,NA,NA,35.406
561,5.4556,95,166,"2026-08-09_ZGAYX",1.68673885908984,319,51,89.5,95,31.5,31,295,328,201,219,68,62,132,125,225.2,44.373790801,-79.683667021,1.42886,NA,NA,NA,35.5716
562,5.4655,96,166,"2026-08-09_ZGAYX",1.66933760683761,319,49,85,85,25.5,24.5,311,338,201,208,63,62,128,125,225.2,44.373778982,-79.683544058,1.23278,NA,NA,NA,35.9424
563,5.4754,97,166,"2026-08-09_ZGAYX",1.66317400126401,293,50,88,83,23.5,24,318,338,200,208,65,62,128,125,225.2,44.373765068,-79.68342118,1.23278,NA,NA,NA,36.0756
564,5.4853,97,166,"2026-08-09_ZGAYX",1.66783415057207,265,50,82,98.5,27,34,318,339,200,211,65,63,128,127,225,44.373750987,-79.683297882,1.23076,NA,NA,NA,35.9748
565,5.4952,96,166,"2026-08-09_ZGAYX",1.69635284139101,279,48,79,98.5,26.5,34,323,338,200,224,63,63,128,129,225,44.373736235,-79.683175925,1.23076,NA,NA,NA,35.37
566,5.5051,96,166,"2026-08-09_ZGAYX",1.6946280291476,340,49,90,82.5,27,25,325,338,201,207,65,60,129,125,225,44.373722069,-79.683053549,1.23076,NA,NA,NA,35.406
567,5.5149,96,166,"2026-08-09_ZGAYX",1.68503353216729,321,49,90,82.5,27,25,325,338,203,203,68,59,132,124,225,44.373706227,-79.682932431,1.23076,NA,NA,NA,35.6076
568,5.5248,96,166,"2026-08-09_ZGAYX",1.68027690963471,263,51,100,82.5,37.5,25,325,338,203,229,68,65,132,128,225.2,44.373691978,-79.682809468,1.2287,NA,NA,NA,35.7084
569,5.5348,95,166,"2026-08-09_ZGAYX",1.68673885908984,261,66,87,97.5,27.5,29.5,301,333,204,239,69,70,134,134,225.2,44.373676472,-79.68268659,0.816327,NA,NA,NA,35.5716
570,5.5445,95,165,"2026-08-09_ZGAYX",1.70433241299383,284,53,84.5,97.5,27,29.5,305,333,201,239,63,70,128,134,225.2,44.373661217,-79.682565974,0.408163,NA,NA,NA,35.2044
571,5.5544,95,165,"2026-08-09_ZGAYX",1.71098107654929,224,53,84.5,97.5,27,29.5,305,332,201,210,63,63,128,127,225.2,44.373646967,-79.682444017,0,NA,NA,NA,35.0676
572,5.5639,95,165,"2026-08-09_ZGAYX",1.71909919202338,244,52,80,88,26,25,305,330,201,200,63,62,128,125,225.4,44.373633305,-79.682325749,0.210526,NA,NA,NA,34.902
573,5.5737,95,165,"2026-08-09_ZGAYX",1.69635284139101,272,53,83,75.5,26.5,23.5,329,332,198,197,63,59,127,122,225.6,44.3736209,-79.682204965,0.414608,NA,NA,NA,35.37
574,5.5833,95,165,"2026-08-09_ZGAYX",1.68827660723933,310,53,85.5,77.5,29.5,23.5,332,338,200,197,62,59,125,121,225.6,44.373607405,-79.682084517,0.616628,NA,NA,NA,35.5392
575,5.5932,95,165,"2026-08-09_ZGAYX",1.67723323605381,300,48,84.5,78,29,23.5,330,314,200,200,60,59,124,121,225.8,44.373593575,-79.681961471,0.818648,NA,NA,NA,35.7732
576,5.6031,96,165,"2026-08-09_ZGAYX",1.67403240926744,344,48,84.5,78,29,23.5,319,319,201,221,65,59,128,125,226,44.37357899,-79.681837503,1.02067,NA,NA,NA,35.8416
577,5.6134,96,166,"2026-08-09_ZGAYX",1.68027690963471,246,45,80,99,27.5,33.5,316,319,201,221,66,59,129,125,226.2,44.373562394,-79.681712612,1.21484,NA,NA,NA,35.7084
578,5.6236,97,166,"2026-08-09_ZGAYX",1.65245554894573,257,50,74.5,99,24,33.5,316,332,201,238,66,65,129,129,226.2,44.373546217,-79.681587051,1.01282,NA,NA,NA,36.3096
579,5.6336,97,166,"2026-08-09_ZGAYX",1.65540987948616,244,52,76,75,24,24,326,338,195,219,58,65,122,129,226.2,44.373529872,-79.681463251,1.01282,NA,NA,NA,36.2448
580,5.6435,97,166,"2026-08-09_ZGAYX",1.66783415057207,226,50,74,71.5,24.5,22,338,338,194,219,56,65,121,129,226.2,44.373514952,-79.681340623,1.01282,NA,NA,NA,35.9748
581,5.6535,97,166,"2026-08-09_ZGAYX",1.66002656042497,233,50,74,71.5,22.5,22,342,343,197,194,59,59,124,124,226.4,44.3735002,-79.681216571,1.21282,NA,NA,NA,36.144
582,5.6636,97,166,"2026-08-09_ZGAYX",1.65393139492574,233,40,68.5,70.5,21.5,20,340,342,198,198,60,62,125,125,226.4,44.373486202,-79.681091597,1.0023,NA,NA,NA,36.2772
583,5.6737,97,165,"2026-08-09_ZGAYX",1.65245554894573,177,40,68.5,70.5,21.5,20,340,339,198,198,60,62,125,125,226.4,44.373472205,-79.680965952,0.798215,NA,NA,NA,36.3096
584,5.684,97,166,"2026-08-09_ZGAYX",1.65705574335521,214,51,67.5,68,20,21,340,339,194,195,56,56,121,121,226.4,44.373459548,-79.680838883,0.798215,NA,NA,NA,36.2088
585,5.6941,98,166,"2026-08-09_ZGAYX",1.66002656042497,238,55,76.5,70.5,23.5,21,340,339,195,195,58,56,122,121,226.4,44.37344664,-79.680713573,0.596195,NA,NA,NA,36.144
586,5.7042,98,166,"2026-08-09_ZGAYX",1.63719711853307,238,52,72.5,70.5,21.5,21,340,340,195,194,58,53,122,118,226.4,44.373432139,-79.680588515,0.394175,NA,NA,NA,36.648
587,5.7142,98,166,"2026-08-09_ZGAYX",1.63430738053213,265,46,79.5,96.5,27.5,30.5,342,339,197,197,60,59,125,124,226.2,44.373418225,-79.680463876,0,NA,NA,NA,36.7128
588,5.7243,98,166,"2026-08-09_ZGAYX",1.65245554894573,222,50,76.5,73,23.5,23.5,325,302,198,200,59,62,125,127,226.2,44.373405066,-79.680338902,0,NA,NA,NA,36.3096
589,5.7344,98,166,"2026-08-09_ZGAYX",1.64479094707063,237,48,77,73,23.5,23.5,318,308,200,197,59,62,124,128,226.2,44.373390481,-79.680212671,0,NA,NA,NA,36.4788
590,5.7447,98,166,"2026-08-09_ZGAYX",1.64171263462044,191,48,66,70.5,19.5,23,329,319,198,194,55,60,121,125,226.2,44.373372125,-79.680087529,0,NA,NA,NA,36.5472
591,5.7546,98,166,"2026-08-09_ZGAYX",1.6493485073396,223,47,66,70.5,19.5,23,339,332,197,201,55,58,120,124,226.2,44.373356451,-79.679963728,-0.2,NA,NA,NA,36.378
592,5.7648,98,166,"2026-08-09_ZGAYX",1.64625312788094,227,50,69,71.5,20.5,22,342,336,200,215,58,58,124,122,226.2,44.373340693,-79.679838167,-0.2,NA,NA,NA,36.4464
593,5.7751,99,166,"2026-08-09_ZGAYX",1.62983245322381,272,60,74.5,97,22.5,30.5,338,336,200,215,58,58,124,122,226.4,44.373324935,-79.679711601,0,NA,NA,NA,36.8136
594,5.7854,99,166,"2026-08-09_ZGAYX",1.61655350792111,231,50,70.5,78.5,23,24.5,338,335,200,211,58,59,124,124,226.6,44.37331035,-79.679583441,0.18835,NA,NA,NA,37.116
595,5.7957,99,166,"2026-08-09_ZGAYX",1.63126814785815,178,54,70,71.5,23.5,21.5,329,335,198,203,56,60,121,125,226.4,44.373296771,-79.679455701,0,NA,NA,NA,36.7812
596,5.8059,99,166,"2026-08-09_ZGAYX",1.63126814785815,215,47,65.5,63.5,20.5,19.5,326,335,197,203,58,60,124,125,226.4,44.37328051,-79.679330392,0,NA,NA,NA,36.7812
597,5.816,99,166,"2026-08-09_ZGAYX",1.62824019799401,204,47,75.5,60,24.5,18,329,333,197,197,56,66,122,131,226.4,44.373266597,-79.679204663,0.194175,NA,NA,NA,36.8496
598,5.8261,99,166,"2026-08-09_ZGAYX",1.62680982593135,229,58,75.5,60,24.5,18,329,333,197,194,56,63,122,127,226.4,44.373251761,-79.679079437,0.194175,NA,NA,NA,36.882
599,5.8362,99,166,"2026-08-09_ZGAYX",1.63430738053213,253,46,72,80,25,23.5,326,330,198,195,62,62,127,125,226.4,44.37323617,-79.678954547,0.194175,NA,NA,NA,36.7128
600,5.8466,99,166,"2026-08-09_ZGAYX",1.61655350792111,294,53,76.5,70,26,22,330,330,201,195,63,62,128,125,226.4,44.37322343,-79.678825633,0.194175,NA,NA,NA,37.116
601,5.8569,99,166,"2026-08-09_ZGAYX",1.62095571548985,247,49,75,70,21.5,22,330,333,201,197,63,62,128,127,226.4,44.373210019,-79.678697642,0.194175,NA,NA,NA,37.0152
602,5.8672,99,166,"2026-08-09_ZGAYX",1.62824019799401,218,52,78,86.5,26,27.5,330,330,198,197,59,62,125,125,226.4,44.373194512,-79.678570572,0.194175,NA,NA,NA,36.8496
603,5.8775,99,166,"2026-08-09_ZGAYX",1.61498708010336,234,46,72.5,85,23,28,322,329,197,197,58,60,124,125,226.4,44.373177162,-79.678444676,0,NA,NA,NA,37.152
604,5.8876,99,166,"2026-08-09_ZGAYX",1.61938074880166,198,44,64.5,85,20,28,323,330,197,198,56,59,122,125,226.2,44.373160733,-79.678319115,-0.392195,NA,NA,NA,37.0512
605,5.8976,99,166,"2026-08-09_ZGAYX",1.63719711853307,198,44,64.5,85,20,28,330,336,198,198,55,59,120,125,226.2,44.373148496,-79.678194392,-0.19802,NA,NA,NA,36.648
606,5.9078,99,166,"2026-08-09_ZGAYX",1.62237580713196,235,48,65.5,69.5,21,20,330,338,198,197,60,59,125,124,226,44.37313827,-79.678066568,-0.394098,NA,NA,NA,36.9828
607,5.9181,99,166,"2026-08-09_ZGAYX",1.62680982593135,270,48,79,81,25.5,23.5,321,338,200,197,62,59,128,124,225.8,44.373128211,-79.677937571,-0.588273,NA,NA,NA,36.882
608,5.9283,99,165,"2026-08-09_ZGAYX",1.63719711853307,253,40,73,81,24,23.5,321,326,200,205,62,59,128,124,225.8,44.373118321,-79.677810669,-0.588273,NA,NA,NA,36.648
609,5.9386,99,165,"2026-08-09_ZGAYX",1.62237580713196,306,52,74.5,98.5,22.5,32.5,318,322,200,221,62,60,128,127,225.8,44.373106754,-79.677682174,-0.588273,NA,NA,NA,36.9828
610,5.949,100,165,"2026-08-09_ZGAYX",1.60921759840366,302,44,80,98.5,25,32.5,321,329,201,207,60,60,127,124,225.6,44.373091666,-79.677553931,-0.780581,NA,NA,NA,37.2852
611,5.9592,100,165,"2026-08-09_ZGAYX",1.62538196476172,269,51,78.5,96,24.5,29.5,323,322,203,205,62,59,128,124,225.8,44.373076327,-79.677427532,-0.584502,NA,NA,NA,36.9144
612,5.9696,100,165,"2026-08-09_ZGAYX",1.61655350792111,269,47,78.5,96,24.5,29.5,323,322,203,205,62,59,128,124,226,44.373060486,-79.677298702,-0.392195,NA,NA,NA,37.116
613,5.98,99,165,"2026-08-09_ZGAYX",1.61655350792111,242,47,72.5,68.5,23.5,19.5,328,314,200,201,62,59,128,125,226,44.373043638,-79.677170291,-0.392195,NA,NA,NA,37.116
614,5.9903,99,164,"2026-08-09_ZGAYX",1.63719711853307,245,51,72.5,68.5,23.5,19.5,335,322,200,197,58,60,124,125,226.2,44.373025617,-79.67704406,0,NA,NA,NA,36.648
615,6.0005,99,164,"2026-08-09_ZGAYX",1.64625312788094,190,55,82,83,25,24.5,335,330,200,197,58,62,124,124,226.4,44.373007009,-79.67691808,0.196078,NA,NA,NA,36.4464
616,6.0108,99,164,"2026-08-09_ZGAYX",1.63430738053213,230,49,82,83,25,24.5,328,335,198,198,55,62,121,127,226.6,44.372988653,-79.676791932,0.586332,NA,NA,NA,36.7128
617,6.021,99,164,"2026-08-09_ZGAYX",1.63430738053213,275,42,81.5,67.5,27,19,322,338,200,224,58,63,122,127,226.8,44.372972476,-79.676665868,0.976585,NA,NA,NA,36.7128
618,6.0311,99,164,"2026-08-09_ZGAYX",1.64788082525872,176,56,81.5,67.5,27,19,314,338,203,224,65,63,131,127,226.8,44.37295764,-79.676540727,0.976585,NA,NA,NA,36.4104
619,6.0414,99,164,"2026-08-09_ZGAYX",1.62983245322381,215,56,81.5,67.5,27,19,315,333,201,218,65,59,129,125,227,44.372943307,-79.676413489,1.17076,NA,NA,NA,36.8136
620,6.0515,99,164,"2026-08-09_ZGAYX",1.62983245322381,243,56,0,0,0,0,326,333,198,218,60,59,127,125,227,44.372930482,-79.676287677,1.36307,NA,NA,NA,36.8136
621,6.0616,99,164,"2026-08-09_ZGAYX",1.64025850474035,229,56,0,0,0,0,328,332,200,201,59,58,125,122,226.8,44.372917155,-79.67616111,0.968969,NA,NA,NA,36.5796
622,6.072,99,164,"2026-08-09_ZGAYX",1.62680982593135,284,56,0,0,0,0,323,336,201,197,63,55,128,120,227,44.372899218,-79.676033538,0.968969,NA,NA,NA,36.882
623,6.0824,99,164,"2026-08-09_ZGAYX",1.61938074880166,255,45,0,0,0,0,323,338,201,228,63,59,128,125,227,44.372881532,-79.675905881,0.968969,NA,NA,NA,37.0512
624,6.0925,99,164,"2026-08-09_ZGAYX",1.63575097327183,236,58,0,0,0,0,321,333,201,246,63,62,129,129,227.2,44.372866277,-79.675780656,0.972814,NA,NA,NA,36.6804
625,6.1027,99,164,"2026-08-09_ZGAYX",1.65081880612784,252,55,79,63,27,19,329,338,200,214,63,62,129,128,227.2,44.372848591,-79.67565543,0.776736,NA,NA,NA,36.3456
626,6.1131,98,164,"2026-08-09_ZGAYX",1.63126814785815,239,53,77.5,71.5,24,22,335,342,198,207,62,60,128,127,227.4,44.372831743,-79.675528444,0.774869,NA,NA,NA,36.7812
627,6.1232,98,164,"2026-08-09_ZGAYX",1.63126814785815,242,60,88,69.5,30,20.5,329,342,200,207,63,60,128,127,227.6,44.372814644,-79.675404057,0.77681,NA,NA,NA,36.7812
628,6.1332,99,164,"2026-08-09_ZGAYX",1.64025850474035,239,60,88,69.5,30,20.5,315,340,197,214,63,60,128,129,227.6,44.372801066,-79.675278831,0.77681,NA,NA,NA,36.5796
629,6.1435,99,164,"2026-08-09_ZGAYX",1.62983245322381,222,50,75.5,64.5,25,19.5,321,335,198,224,59,60,125,131,227.4,44.372785978,-79.675151259,0.38846,NA,NA,NA,36.8136
630,6.1537,99,164,"2026-08-09_ZGAYX",1.623798389192,201,55,81,70,25.5,20.5,321,339,198,212,59,60,125,129,227.4,44.372770891,-79.675024357,0.38846,NA,NA,NA,36.9504
631,6.164,99,165,"2026-08-09_ZGAYX",1.6433313613357,239,53,74.5,70,24,20.5,326,332,200,203,58,63,122,129,227.4,44.372755384,-79.674898796,0.58648,NA,NA,NA,36.5112
632,6.1741,99,165,"2026-08-09_ZGAYX",1.64025850474035,227,50,77,68.5,23.5,21.5,329,332,198,200,55,59,120,124,227,44.37274323,-79.674772397,0,NA,NA,NA,36.5796
633,6.1842,99,166,"2026-08-09_ZGAYX",1.63430738053213,214,55,74.5,71,22.5,21.5,329,330,197,198,55,56,121,122,227,44.372729736,-79.674647003,0,NA,NA,NA,36.7128
634,6.1944,98,166,"2026-08-09_ZGAYX",1.64625312788094,239,51,75.5,67.5,25.5,21.5,332,330,200,198,58,56,124,122,226.8,44.372715067,-79.674521191,-0.395965,NA,NA,NA,36.4464
635,6.2045,98,166,"2026-08-09_ZGAYX",1.63880694854146,251,51,75.5,67.5,25.5,21.5,333,330,201,198,59,56,125,122,227.2,44.372698806,-79.674396133,0,NA,NA,NA,36.612
636,6.2147,99,166,"2026-08-09_ZGAYX",1.61498708010336,315,52,79.5,74,25,24.5,330,340,204,197,60,58,127,121,227.4,44.372684976,-79.674269482,0,NA,NA,NA,37.152
637,6.2249,99,165,"2026-08-09_ZGAYX",1.62095571548985,234,48,79.5,74,25,24.5,330,340,204,197,60,58,127,121,227.6,44.372671314,-79.674142497,0,NA,NA,NA,37.0152
638,6.2352,99,165,"2026-08-09_ZGAYX",1.63270637408568,193,52,68,90,23.5,26.5,326,335,200,198,58,59,124,124,227.8,44.372659328,-79.674015092,0.196078,NA,NA,NA,36.7488
639,6.2454,99,165,"2026-08-09_ZGAYX",1.63126814785815,243,51,77.5,90,26.5,26.5,332,335,195,197,56,59,122,122,227.8,44.372645833,-79.673888776,0.390253,NA,NA,NA,36.7812
640,6.2556,99,165,"2026-08-09_ZGAYX",1.61938074880166,255,51,76.5,68.5,25.5,21.5,338,342,198,197,58,58,124,124,227.6,44.372630075,-79.673762293,0.194175,NA,NA,NA,37.0512
641,6.2658,99,165,"2026-08-09_ZGAYX",1.63575097327183,213,51,77.5,68.5,24.5,21.5,338,336,198,195,60,58,127,124,227.6,44.372614652,-79.673637152,0.194175,NA,NA,NA,36.6804
642,6.2758,99,165,"2026-08-09_ZGAYX",1.63430738053213,213,51,72,82,25.5,26.5,335,336,200,195,62,58,128,124,227.6,44.3725999,-79.673511674,0.590214,NA,NA,NA,36.7128
643,6.2861,99,165,"2026-08-09_ZGAYX",1.62824019799401,223,51,72,82,25.5,26.5,335,338,200,197,62,56,128,122,227.4,44.372583304,-79.673384605,0.39604,NA,NA,NA,36.8496
644,6.2963,98,165,"2026-08-09_ZGAYX",1.64171263462044,230,53,75.5,79,24.5,26,330,336,198,201,60,58,125,124,227.2,44.372569557,-79.673258122,0.39604,NA,NA,NA,36.5472
645,6.3064,98,165,"2026-08-09_ZGAYX",1.65705574335521,259,51,78,79,26.5,26,329,330,197,218,58,58,124,122,227.2,44.372557404,-79.673132729,0,NA,NA,NA,36.2088
646,6.3167,98,165,"2026-08-09_ZGAYX",1.63880694854146,232,50,75,79,24,26,330,333,194,207,53,58,120,124,227,44.372543154,-79.67300524,-0.390253,NA,NA,NA,36.612
647,6.3269,98,165,"2026-08-09_ZGAYX",1.64171263462044,125,49,68,71,20.5,22,336,335,195,203,55,56,120,121,227,44.37252924,-79.672878673,-0.586332,NA,NA,NA,36.5472
648,6.3368,95,165,"2026-08-09_ZGAYX",1.67554706611709,125,12,34.5,90,10.5,28,338,330,197,200,53,55,120,120,227,44.372514488,-79.672755711,-0.780506,NA,NA,NA,35.8092
649,6.3466,95,165,"2026-08-09_ZGAYX",1.71909919202338,4,12,34.5,90,10.5,28,338,330,197,200,53,55,120,120,227.4,44.37250619,-79.672633419,-0.372343,NA,NA,NA,34.902
650,6.3563,28,165,"2026-08-09_ZGAYX",1.75975785731883,4,100,100,52,0,16.5,333,332,190,198,49,55,113,120,227.4,44.372505436,-79.672512803,-0.176265,NA,NA,NA,34.0956
651,6.3656,90,165,"2026-08-09_ZGAYX",1.76853423882286,194,100,100,52,0,16.5,330,332,183,198,46,55,108,120,227.6,44.372503257,-79.672395456,0.0387891,NA,NA,NA,33.9264
652,6.3748,90,164,"2026-08-09_ZGAYX",1.79888469149128,0,37,54.5,52,15.5,0,342,338,187,197,55,55,118,120,227.8,44.372499569,-79.672279451,0.25618,NA,NA,NA,33.354
653,6.3837,90,164,"2026-08-09_ZGAYX",1.8960940462647,0,37,54.5,52,15.5,0,342,338,187,195,55,53,118,117,228,44.372497641,-79.672167804,0.675074,NA,NA,NA,31.644
654,6.3923,0,165,"2026-08-09_ZGAYX",2.01142489339448,0,NA,0,0,0,0,0,0,0,0,0,0,0,0,228.2,44.372500826,-79.672060935,1.10371,NA,NA,NA,29.8296
655,6.4001,0,166,"2026-08-09_ZGAYX",2.17580504786771,0,NA,0,0,0,0,0,0,0,0,0,0,0,0,228.4,44.372506526,-79.671962531,1.36012,NA,NA,NA,27.576
656,6.4075,0,166,"2026-08-09_ZGAYX",2.3441162681669,0,NA,0,0,0,0,0,0,0,0,0,0,0,0,228.6,44.372519098,-79.671868654,1.82457,NA,NA,NA,25.596
657,6.4139,0,166,"2026-08-09_ZGAYX",2.83061594202899,0,NA,0,0,0,0,0,0,0,0,0,0,0,0,228.8,44.372545753,-79.671791205,2.13707,NA,NA,NA,21.1968
658,6.419,0,165,"2026-08-09_ZGAYX",3.58654328957751,0,NA,0,0,0,0,0,0,0,0,0,0,0,0,228.8,44.372592859,-79.671752648,2.13707,NA,NA,NA,16.7292
659,6.4232,0,165,"2026-08-09_ZGAYX",4.27350427350427,0,NA,0,0,0,0,0,0,0,0,0,0,0,0,228.6,44.372629488,-79.671776788,1.25271,NA,NA,NA,14.04
660,6.428,0,165,"2026-08-09_ZGAYX",3.63029114935018,0,NA,0,0,0,0,0,0,0,0,0,0,0,0,228.6,44.372642983,-79.671836048,1.25271,NA,NA,NA,16.5276
661,6.4334,54,165,"2026-08-09_ZGAYX",2.87158281644843,438,NA,0,0,0,0,0,0,0,0,0,0,0,0,228.4,44.372635774,-79.671905534,0.667288,NA,NA,NA,20.8944
662,6.4398,54,164,"2026-08-09_ZGAYX",2.54803037252204,482,54,96.5,0,29,0,0,0,197,0,63,0,122,0,228.2,44.372623956,-79.671984156,0.137397,NA,NA,NA,23.5476
663,6.4468,61,164,"2026-08-09_ZGAYX",2.30776331579433,482,49,94.5,97,27,29,0,333,197,194,63,53,122,115,228,44.372614484,-79.672070909,-0.373036,NA,NA,NA,25.9992
664,6.4537,66,163,"2026-08-09_ZGAYX",2.29600036736006,508,51,94,97,26.5,30,1,340,208,210,82,68,139,128,227.6,44.372610042,-79.672156824,-1.1853,NA,NA,NA,26.1324
665,6.461,71,163,"2026-08-09_ZGAYX",2.19154065307911,476,51,94,97,26.5,30,3,354,214,218,90,90,149,150,227.2,44.37261021,-79.672249779,-1.98966,NA,NA,NA,27.378
666,6.4691,77,162,"2026-08-09_ZGAYX",2.06987911905945,457,50,88.5,96,22.5,27.5,3,0,214,211,98,96,155,155,227.4,44.37261306,-79.672351703,-2.01302,NA,NA,NA,28.9872
667,6.4776,79,162,"2026-08-09_ZGAYX",1.99362041467305,388,49,81.5,90.5,22,24,1,0,207,203,94,96,150,152,227.2,44.372616245,-79.672457902,-2.56081,NA,NA,NA,30.096
668,6.4862,82,161,"2026-08-09_ZGAYX",1.94795075580489,360,48,94.5,84.5,28.5,26.5,353,354,203,224,76,77,135,136,227.2,44.372620855,-79.672565358,-2.56081,NA,NA,NA,30.8016
669,6.4949,84,160,"2026-08-09_ZGAYX",1.90215323746481,329,54,99.5,84.5,32,26.5,353,347,203,252,76,70,135,131,227.4,44.37262404,-79.672675412,-1.85474,NA,NA,NA,31.5432
670,6.5037,85,159,"2026-08-09_ZGAYX",1.89221919467151,317,54,97.5,98.5,30,31.5,345,336,204,263,69,69,129,132,227.4,44.372632757,-79.672785634,-1.85474,NA,NA,NA,31.7088
671,6.5129,86,159,"2026-08-09_ZGAYX",1.87434397960714,296,45,91,98.5,30.5,31.5,323,336,207,263,66,69,129,132,227,44.372644073,-79.672898622,-1.91915,NA,NA,NA,32.0112
672,6.522,87,158,"2026-08-09_ZGAYX",1.85102917221975,315,45,91,98.5,30.5,31.5,323,333,207,246,66,66,129,129,227,44.372658154,-79.673011023,-1.60665,NA,NA,NA,32.4144
673,6.531,88,158,"2026-08-09_ZGAYX",1.84713140492815,273,58,97,99,31.5,34.5,330,335,210,214,63,60,127,122,227,44.372669973,-79.673122754,-1.32093,NA,NA,NA,32.4828
674,6.5401,88,158,"2026-08-09_ZGAYX",1.83958793230316,254,59,92,84,28,26,323,339,207,225,63,62,125,122,226.8,44.372682462,-79.673235491,-0.961004,NA,NA,NA,32.616
675,6.5494,88,159,"2026-08-09_ZGAYX",1.82268883056285,286,54,82.5,98.5,26,32.5,316,339,203,226,65,62,128,124,226.6,44.372695957,-79.673349904,-0.628112,NA,NA,NA,32.9184
676,6.5584,88,162,"2026-08-09_ZGAYX",1.82828726049437,279,53,89,97.5,29.5,30.5,316,330,203,218,65,63,129,127,226.2,44.372708613,-79.673462389,-1.31947,NA,NA,NA,32.8176
677,6.5675,88,163,"2026-08-09_ZGAYX",1.82648401826484,254,47,85.5,81.5,26,25,316,308,203,208,65,65,129,128,225.8,44.372720767,-79.673575796,-1.52374,NA,NA,NA,32.85
678,6.5768,88,163,"2026-08-09_ZGAYX",1.81534328141452,287,54,82.5,81.5,24.5,25,330,308,203,208,62,65,124,128,225.8,44.372732502,-79.673690963,-1.52374,NA,NA,NA,33.0516
679,6.5861,89,163,"2026-08-09_ZGAYX",1.82089660949051,310,45,83.5,96.5,25.5,30,330,308,203,208,62,65,124,128,225.8,44.37274541,-79.673804622,-1.75362,NA,NA,NA,32.9508
680,6.5952,89,164,"2026-08-09_ZGAYX",1.81534328141452,271,54,88,96.5,27.5,30,336,329,201,204,62,65,122,125,225.8,44.37275991,-79.673917442,-1.75362,NA,NA,NA,33.0516
681,6.6043,89,165,"2026-08-09_ZGAYX",1.81534328141452,255,54,88,96.5,27.5,30,338,338,201,203,62,65,122,124,226,44.372773741,-79.674030682,-1.09906,NA,NA,NA,33.0516
682,6.6135,89,166,"2026-08-09_ZGAYX",1.80238635954003,292,53,85.5,76.5,28.5,22.5,332,342,201,204,65,63,127,122,226,44.372789163,-79.674144508,-1.09906,NA,NA,NA,33.2892
683,6.6227,89,166,"2026-08-09_ZGAYX",1.80786057779224,236,53,78.5,99,24,33.5,335,339,201,204,68,60,129,120,226,44.372804251,-79.674257831,-1.09906,NA,NA,NA,33.1884
684,6.632,89,165,"2026-08-09_ZGAYX",1.80238635954003,269,49,81,72.5,25,21,340,339,200,204,65,60,124,120,226,44.372816991,-79.674372831,-0.879278,NA,NA,NA,33.2892
685,6.6413,89,165,"2026-08-09_ZGAYX",1.80238635954003,280,50,87,75,27,21.5,340,342,200,203,65,60,124,120,226,44.372829145,-79.674489004,-0.664225,NA,NA,NA,33.2892
686,6.6506,90,165,"2026-08-09_ZGAYX",1.81336815000181,257,49,86,82,26,24,338,343,200,211,63,60,122,121,226.4,44.372840796,-79.674603501,0.210327,NA,NA,NA,33.0876
687,6.6598,89,165,"2026-08-09_ZGAYX",1.81712458206135,228,49,86,82,26,24,338,345,200,228,65,62,124,121,226.8,44.372852866,-79.674717076,1.08467,NA,NA,NA,33.0192
688,6.6689,89,166,"2026-08-09_ZGAYX",1.80609738477099,252,49,80,86,25,26,339,345,195,219,65,60,125,121,227.2,44.372864014,-79.674831405,1.52423,NA,NA,NA,33.2208
689,6.6781,89,166,"2026-08-09_ZGAYX",1.80433762765689,271,55,82.5,69.5,25.5,21.5,339,345,194,207,65,59,124,120,227.4,44.372876251,-79.674945734,1.74162,NA,NA,NA,33.2532
690,6.6876,89,166,"2026-08-09_ZGAYX",1.78081703885743,288,53,84.5,74,24.5,22,340,345,197,198,62,59,121,118,227.4,44.372891087,-79.67506174,1.74162,NA,NA,NA,33.6924
691,6.6968,90,166,"2026-08-09_ZGAYX",1.7773985994099,313,53,94,85,30,24,333,346,201,207,62,60,122,121,227.2,44.372905923,-79.675176572,1.30445,NA,NA,NA,33.7572
692,6.7063,91,166,"2026-08-09_ZGAYX",1.77022481855196,265,57,95.5,83,30,24.5,333,346,201,207,62,60,122,121,226.8,44.37292143,-79.675293583,0.883398,NA,NA,NA,33.894
693,6.7158,91,166,"2026-08-09_ZGAYX",1.76329524615602,337,47,94,95,29.5,29.5,333,336,201,224,62,60,122,122,226.4,44.372935344,-79.675411265,0.462345,NA,NA,NA,34.0272
694,6.7253,91,166,"2026-08-09_ZGAYX",1.75808720112518,276,47,82,79,24.5,23,308,335,204,255,68,63,128,127,226.2,44.372945318,-79.67552945,0.251819,NA,NA,NA,34.128
695,6.7347,92,166,"2026-08-09_ZGAYX",1.75641971405487,298,46,82,79,24.5,23,314,328,203,229,66,63,127,127,226.2,44.372957807,-79.675646713,0.251819,NA,NA,NA,34.1604
696,6.7443,92,166,"2026-08-09_ZGAYX",1.75975785731883,239,51,77,97.5,22,30.5,329,314,200,215,62,65,122,128,226.2,44.372969961,-79.675764898,-0.178289,NA,NA,NA,34.0956
697,6.7538,92,166,"2026-08-09_ZGAYX",1.75290983031833,303,50,77.5,97.5,22.5,30.5,332,314,198,215,62,65,122,128,226.4,44.372984713,-79.675882663,-0.402545,NA,NA,NA,34.2288
698,6.7634,92,166,"2026-08-09_ZGAYX",1.75641971405487,287,51,80.5,76.5,23,22,333,338,200,207,63,60,125,122,226.6,44.372998627,-79.676000764,-0.633772,NA,NA,NA,34.1604
699,6.7727,92,166,"2026-08-09_ZGAYX",1.76161786985167,252,42,77.5,78,22,22.5,332,338,200,207,65,60,127,122,226.8,44.373012792,-79.676117441,-0.636109,NA,NA,NA,34.0596
700,6.7822,92,166,"2026-08-09_ZGAYX",1.77210703526493,245,57,81,97,24,31.5,332,338,200,207,65,60,127,122,226.8,44.373027126,-79.676234033,-0.636109,NA,NA,NA,33.858
701,6.7917,92,166,"2026-08-09_ZGAYX",1.75808720112518,271,57,82.5,99.5,25,31.5,329,343,198,215,63,63,125,127,227,44.373039866,-79.676352469,-0.208192,NA,NA,NA,34.128
702,6.8012,93,166,"2026-08-09_ZGAYX",1.75290983031833,269,56,82.5,99.5,25,31.5,330,343,197,229,62,59,124,122,227,44.373053445,-79.676470486,0.212861,NA,NA,NA,34.2288
703,6.8109,93,166,"2026-08-09_ZGAYX",1.73593028503975,305,54,76.5,99.5,21.5,31.5,335,339,197,221,62,60,124,122,226.8,44.373067862,-79.67659018,0.427728,NA,NA,NA,34.5636
704,6.8206,93,166,"2026-08-09_ZGAYX",1.74100769525401,259,42,76,75,23,21.5,339,339,197,221,63,60,125,122,226.6,44.373082698,-79.676709538,0.432069,NA,NA,NA,34.4628
705,6.8302,93,166,"2026-08-09_ZGAYX",1.73250173250173,269,55,80.5,99.5,23.5,30.5,339,343,197,212,60,63,122,125,226.6,44.373094684,-79.676828729,0.432069,NA,NA,NA,34.632
706,6.8397,93,166,"2026-08-09_ZGAYX",1.74428745857317,291,52,82,74,25.5,21.5,339,346,198,207,60,62,122,124,226.4,44.373107843,-79.676946746,0.221542,NA,NA,NA,34.398
707,6.8492,92,166,"2026-08-09_ZGAYX",1.74941394632798,236,52,79.5,75.5,24.5,22.5,340,345,200,204,63,60,124,122,226.4,44.37312159,-79.677065182,0.011016,NA,NA,NA,34.2972
708,6.8589,92,166,"2026-08-09_ZGAYX",1.74776286353468,281,41,75.5,79,23.5,25,342,345,200,204,65,60,125,122,226.6,44.37313827,-79.677183451,0,NA,NA,NA,34.3296
709,6.8685,92,166,"2026-08-09_ZGAYX",1.74428745857317,289,52,78,97,23,31,342,336,200,203,65,62,125,124,227.2,44.373154614,-79.677301971,0.418814,NA,NA,NA,34.398
710,6.878,93,165,"2026-08-09_ZGAYX",1.73412409392016,293,52,78,97,23,31,342,319,200,203,63,63,124,124,227.2,44.373169199,-79.677419653,0.418814,NA,NA,NA,34.5996
711,6.8876,93,165,"2026-08-09_ZGAYX",1.73412409392016,313,52,84.5,97,27.5,31,345,316,201,204,63,63,125,124,227.2,44.373181855,-79.677538257,0.208288,NA,NA,NA,34.5996
712,6.8971,93,166,"2026-08-09_ZGAYX",1.73088240384948,229,51,97.5,99.5,29,31.5,326,321,203,204,65,63,127,125,227,44.373194931,-79.677656777,0,NA,NA,NA,34.6644
713,6.9066,93,166,"2026-08-09_ZGAYX",1.76684688504894,220,49,75,99.5,22,31.5,308,325,201,203,65,63,127,125,226.8,44.373210102,-79.677773453,0,NA,NA,NA,33.9588
714,6.916,92,165,"2026-08-09_ZGAYX",1.75975785731883,281,49,80.5,74,24.5,20,329,333,200,201,63,63,125,125,226.4,44.373224268,-79.677890632,-0.225925,NA,NA,NA,34.0956
715,6.9255,92,165,"2026-08-09_ZGAYX",1.76684688504894,243,48,84,74,25,20,336,333,201,201,66,63,128,125,226.2,44.373236589,-79.678008482,-0.436452,NA,NA,NA,33.9588
716,6.935,92,165,"2026-08-09_ZGAYX",1.76684688504894,243,56,85,92,25,27.5,336,338,201,200,66,63,128,125,226,44.373249917,-79.678126415,-0.436452,NA,NA,NA,33.9588
717,6.9446,91,165,"2026-08-09_ZGAYX",1.77022481855196,262,56,83.5,75,23.5,23.5,338,345,201,211,66,62,128,124,226,44.373263244,-79.678244768,-0.436452,NA,NA,NA,33.894
718,6.954,91,165,"2026-08-09_ZGAYX",1.76684688504894,265,54,83.5,75,23.5,23.5,338,342,201,235,63,62,124,124,226,44.37327632,-79.678361947,-0.642637,NA,NA,NA,33.9588
719,6.9634,91,165,"2026-08-09_ZGAYX",1.78443968593862,245,41,80.5,76.5,24.5,22.5,336,339,200,232,62,62,122,125,225.8,44.373289563,-79.678477701,-1.4804,NA,NA,NA,33.624
720,6.9727,91,166,"2026-08-09_ZGAYX",1.77380445579679,253,49,77.5,98,23.5,33.5,338,339,200,232,62,62,122,125,226,44.373303477,-79.678593119,-1.26535,NA,NA,NA,33.8256
721,6.982,90,166,"2026-08-09_ZGAYX",1.79346461494315,253,48,79.5,98,22.5,33.5,340,345,200,201,60,59,121,120,226.2,44.373315212,-79.678708874,-1.0503,NA,NA,NA,33.4548
722,6.9914,100,166,"2026-08-09_ZGAYX",1.80982372316936,246,47,73.5,83.5,21,25,349,345,201,201,62,59,121,120,226.4,44.373323929,-79.678825633,-0.627003,NA,NA,NA,33.1524
723,7.0008,100,166,"2026-08-09_ZGAYX",1.80063382310573,288,50,73.5,83.5,21,25,349,346,201,198,62,63,121,124,226.6,44.373333819,-79.678942645,-0.203711,NA,NA,NA,33.3216
724,7.0101,101,166,"2026-08-09_ZGAYX",1.78081703885743,278,52,79,78,24,24,342,342,203,198,59,63,122,125,227,44.373345806,-79.679058986,0.651928,NA,NA,NA,33.6924
725,7.0196,101,166,"2026-08-09_ZGAYX",1.78081703885743,275,52,79,78,24,24,333,326,200,208,58,59,122,124,227,44.373362402,-79.679174404,0.862455,NA,NA,NA,33.6924
726,7.0288,102,166,"2026-08-09_ZGAYX",1.78616082592077,252,49,68,72,22.5,21,328,323,197,225,51,58,117,124,226.8,44.373378411,-79.679288566,0.85559,NA,NA,NA,33.5916
727,7.0381,102,165,"2026-08-09_ZGAYX",1.79346461494315,191,49,74,70,22.5,22.5,328,338,197,210,51,53,117,121,226.8,44.373391906,-79.679403733,0.85559,NA,NA,NA,33.4548
728,7.0472,101,165,"2026-08-09_ZGAYX",1.82089660949051,191,49,67,63,20.5,19.5,328,347,197,203,51,52,117,120,226.6,44.373408083,-79.679516386,0.635809,NA,NA,NA,32.9508
729,7.0565,100,165,"2026-08-09_ZGAYX",1.81712458206135,172,49,67,63,20.5,19.5,328,347,197,203,51,52,117,120,226.6,44.37342074,-79.679631302,0.848575,NA,NA,NA,33.0192
730,7.0656,100,165,"2026-08-09_ZGAYX",1.83573815031024,172,51,67,63,20.5,19.5,328,347,197,203,51,52,117,120,226.4,44.373434905,-79.679743703,0.413741,NA,NA,NA,32.6844
731,7.0746,99,165,"2026-08-09_ZGAYX",1.87244878852563,172,51,0,0,0,0,345,347,204,203,56,52,122,120,226.4,44.373448316,-79.679855099,0.198688,NA,NA,NA,32.0436
732,7.0836,97,165,"2026-08-09_ZGAYX",1.88026474127557,185,51,0,0,0,0,347,346,201,203,55,60,120,124,226.6,44.373458458,-79.67996683,0.208144,NA,NA,NA,31.9104
733,7.0926,96,165,"2026-08-09_ZGAYX",1.86657707096726,208,51,0,0,0,0,347,347,201,201,53,59,118,122,226.6,44.373470277,-79.680078225,0,NA,NA,NA,32.1444
734,7.1014,97,165,"2026-08-09_ZGAYX",1.87434397960714,245,56,74.5,63.5,23.5,19,347,349,200,201,52,60,117,124,226.6,44.373484694,-79.680187106,-0.43473,NA,NA,NA,32.0112
735,7.1104,97,165,"2026-08-09_ZGAYX",1.86657707096726,291,54,85.5,63.5,26.5,19,347,349,200,201,52,60,117,124,226.6,44.373498021,-79.680298669,-0.43473,NA,NA,NA,32.1444
736,7.1195,97,164,"2026-08-09_ZGAYX",1.84918081289989,286,54,85.5,63.5,26.5,19,340,340,204,200,58,58,122,121,226.6,44.373510426,-79.680411322,-0.217338,NA,NA,NA,32.4468
737,7.1286,98,164,"2026-08-09_ZGAYX",1.82268883056285,256,49,77,81.5,26.5,25,336,340,203,200,60,58,125,121,226.2,44.373525849,-79.68052322,-0.656899,NA,NA,NA,32.9184
738,7.1376,98,164,"2026-08-09_ZGAYX",1.8321058224323,247,49,75,71,26.5,21,336,333,203,198,60,56,125,121,226.2,44.373539763,-79.6806347,-0.437118,NA,NA,NA,32.7492
739,7.1467,98,164,"2026-08-09_ZGAYX",1.85102917221975,239,49,75,71,26.5,21,329,332,198,197,58,58,124,122,225.8,44.373554347,-79.680746011,-0.876679,NA,NA,NA,32.4144
740,7.1556,98,164,"2026-08-09_ZGAYX",1.84713140492815,274,51,76,92.5,26.5,29,335,335,197,197,56,58,122,124,225.6,44.373567423,-79.68085682,-0.881618,NA,NA,NA,32.4828
741,7.1645,97,163,"2026-08-09_ZGAYX",1.85680332739156,269,51,79,67,25.5,19,333,338,198,198,58,56,122,121,225.2,44.37358008,-79.680968467,-1.33106,NA,NA,NA,32.3136
742,7.1736,97,163,"2026-08-09_ZGAYX",1.86657707096726,263,50,81,76.5,25,22,329,338,198,200,58,58,122,122,225.2,44.373591395,-79.681080701,-1.55328,NA,NA,NA,32.1444
743,7.1825,97,163,"2026-08-09_ZGAYX",1.87244878852563,279,49,97.5,76.5,36,22,311,336,201,207,62,60,127,127,225,44.373600532,-79.681191342,-1.778,NA,NA,NA,32.0436
744,7.1915,97,163,"2026-08-09_ZGAYX",1.85680332739156,275,50,77,92,23,34.5,290,335,197,219,65,60,128,128,225.2,44.373614613,-79.681303073,-1.55578,NA,NA,NA,32.3136
745,7.2006,97,163,"2026-08-09_ZGAYX",1.85494342422556,239,51,74.5,75,22.5,21,321,335,195,219,63,60,128,128,225.4,44.373630623,-79.681414803,-1.33599,NA,NA,NA,32.346
746,7.2097,97,162,"2026-08-09_ZGAYX",1.84918081289989,241,46,71.5,69.5,22,21,321,339,195,207,63,60,128,124,225.6,44.373643615,-79.681527288,-1.11621,NA,NA,NA,32.4468
747,7.2187,97,162,"2026-08-09_ZGAYX",1.85102917221975,246,46,75,66,23.5,19,338,342,197,198,62,58,127,122,226,44.373654846,-79.681639103,-0.23221,NA,NA,NA,32.4144
748,7.2277,98,162,"2026-08-09_ZGAYX",1.82089660949051,263,46,75,66,23.5,19,336,345,197,197,62,58,127,122,226,44.373662977,-79.681752007,-0.23221,NA,NA,NA,32.9508
749,7.2369,99,162,"2026-08-09_ZGAYX",1.80433762765689,232,57,80.5,66,27,19,329,319,198,203,65,63,129,128,226,44.373676555,-79.681865498,0.207351,NA,NA,NA,33.2532
750,7.2461,99,162,"2026-08-09_ZGAYX",1.82268883056285,262,45,71.5,71.5,23,21.5,330,323,200,201,65,65,129,131,226,44.373691643,-79.681978989,0.43207,NA,NA,NA,32.9184
751,7.2554,100,162,"2026-08-09_ZGAYX",1.80063382310573,238,53,76.5,70,24.5,20.5,332,323,200,201,59,65,125,131,225.8,44.373706395,-79.682093905,0.666454,NA,NA,NA,33.3216
752,7.2646,100,163,"2026-08-09_ZGAYX",1.80238635954003,171,58,61.5,86,19,25,332,323,200,201,59,65,125,131,225.2,44.373720393,-79.682207983,0.0142803,NA,NA,NA,33.2892
753,7.2739,100,163,"2026-08-09_ZGAYX",1.8321058224323,228,54,63,86,21.5,25,332,339,200,201,59,62,125,128,225,44.373734893,-79.682321977,0.0239457,NA,NA,NA,32.7492
754,7.2831,100,163,"2026-08-09_ZGAYX",1.81336815000181,228,57,70.5,63,22.5,19,340,336,197,197,58,58,124,124,225,44.373748556,-79.682435635,-0.198277,NA,NA,NA,33.0876
755,7.2923,100,163,"2026-08-09_ZGAYX",1.79520321700416,215,57,70.5,63,22.5,19,342,338,195,197,56,59,122,125,224.8,44.373761129,-79.682549797,-0.635448,NA,NA,NA,33.4224
756,7.3015,100,163,"2026-08-09_ZGAYX",1.79888469149128,245,49,67,66,22.5,20,342,340,195,197,56,56,122,122,224.8,44.373773534,-79.68266421,-0.855228,NA,NA,NA,33.354
757,7.3108,101,163,"2026-08-09_ZGAYX",1.78081703885743,224,49,68.5,74.5,22,22.5,336,338,198,197,58,56,124,122,224.6,44.373788119,-79.682779126,-1.51473,NA,NA,NA,33.6924
758,7.32,101,164,"2026-08-09_ZGAYX",1.78616082592077,222,51,68.5,74.5,22,22.5,339,338,200,198,55,60,121,124,224.4,44.373802787,-79.682892952,-1.73212,NA,NA,NA,33.5916
759,7.3293,101,164,"2026-08-09_ZGAYX",1.79520321700416,186,51,61,74.5,18.5,23,342,338,198,198,52,60,118,124,224,44.373818293,-79.683006694,-2.16223,NA,NA,NA,33.4224
760,7.3385,101,165,"2026-08-09_ZGAYX",1.76161786985167,274,48,71,61.5,22,18.5,342,338,198,198,52,60,118,124,223.8,44.373831872,-79.683122784,-2.37962,NA,NA,NA,34.0596
761,7.3482,102,165,"2026-08-09_ZGAYX",1.75975785731883,250,48,71,87.5,22.5,26.5,345,342,198,195,52,60,120,121,223.8,44.373841679,-79.683242561,-2.16456,NA,NA,NA,34.0956
762,7.3577,103,165,"2026-08-09_ZGAYX",1.74100769525401,287,48,71,87.5,22.5,26.5,342,323,198,198,53,63,121,125,223.8,44.373851737,-79.683361668,-1.51239,NA,NA,NA,34.4628
763,7.3673,104,165,"2026-08-09_ZGAYX",1.73919092838012,228,46,71.5,95.5,21.5,31.5,338,325,198,198,56,62,122,125,223.8,44.373864142,-79.683480775,-1.29734,NA,NA,NA,34.4988
764,7.377,93,166,"2026-08-09_ZGAYX",1.73919092838012,177,53,69,67.5,20,22.5,338,335,198,197,55,65,118,125,223.8,44.373877302,-79.683600133,-1.29734,NA,NA,NA,34.4988
765,7.3865,93,165,"2026-08-09_ZGAYX",1.75125214528388,254,53,81,59.5,26,19.5,326,340,198,198,60,69,122,129,223.8,44.373891048,-79.683718067,-1.07994,NA,NA,NA,34.2612
766,7.396,93,165,"2026-08-09_ZGAYX",1.74428745857317,271,49,80.5,89,24,28.5,321,339,200,201,65,66,127,128,223.6,44.373902364,-79.683837173,-1.29047,NA,NA,NA,34.398
767,7.4056,93,165,"2026-08-09_ZGAYX",1.75641971405487,240,60,99.5,96.5,33.5,29,321,339,200,201,65,66,127,128,223.4,44.373915691,-79.68395561,-1.28375,NA,NA,NA,34.1604
768,7.4153,93,165,"2026-08-09_ZGAYX",1.73412409392016,222,45,73,92.5,23.5,26.5,321,338,200,208,65,66,127,128,223.4,44.373929102,-79.684076225,-1.06636,NA,NA,NA,34.5996
769,7.425,93,165,"2026-08-09_ZGAYX",1.71750480901347,224,45,73,92.5,23.5,26.5,338,336,198,205,66,60,128,121,223.4,44.373943268,-79.684196506,-0.636251,NA,NA,NA,34.9344
770,7.435,94,165,"2026-08-09_ZGAYX",1.69790817712578,258,50,73,92.5,21.5,26.5,343,345,197,201,68,62,129,124,223.4,44.373958187,-79.684318211,-0.41886,NA,NA,NA,35.3376
771,7.4446,95,165,"2026-08-09_ZGAYX",1.6946280291476,238,53,78,73,24,19.5,340,345,197,200,66,65,129,127,223.2,44.373972353,-79.684438072,-0.627193,NA,NA,NA,35.406
772,7.4544,96,165,"2026-08-09_ZGAYX",1.6898171617831,268,49,77.5,79,23,24.5,333,345,194,200,62,65,125,127,223,44.373988195,-79.684559442,-0.831275,NA,NA,NA,35.5068
773,7.4643,96,165,"2026-08-09_ZGAYX",1.68503353216729,224,50,78,86,23,28,333,335,194,200,62,66,125,129,222.6,44.374002025,-79.684682153,-1.23532,NA,NA,NA,35.6076
774,7.4743,96,165,"2026-08-09_ZGAYX",1.67084377610693,226,45,72.5,81.5,22,26,335,335,198,200,63,68,127,131,222.4,44.374014765,-79.684806289,-1.43532,NA,NA,NA,35.91
775,7.4843,96,165,"2026-08-09_ZGAYX",1.66616681662168,233,54,72,93.5,22,30.5,340,339,198,200,63,66,128,129,222.4,44.374026584,-79.684931263,-1.43532,NA,NA,NA,36.0108
776,7.4944,96,165,"2026-08-09_ZGAYX",1.67084377610693,259,50,78.5,78.5,24.5,24.5,340,340,197,197,65,60,128,124,222.2,44.374037396,-79.685056154,-1.42281,NA,NA,NA,35.91
777,7.5042,97,164,"2026-08-09_ZGAYX",1.67403240926744,259,50,78.5,78.5,24.5,24.5,339,342,197,194,68,58,132,120,222.2,44.374047958,-79.685178781,-1.21448,NA,NA,NA,35.8416
778,7.5142,97,164,"2026-08-09_ZGAYX",1.66002656042497,233,50,80.5,73.5,24,22,336,342,200,191,65,55,129,117,222.2,44.374060782,-79.685303923,-1.21448,NA,NA,NA,36.144
779,7.5245,97,164,"2026-08-09_ZGAYX",1.65081880612784,249,56,84,74.5,27,24.5,332,342,200,191,63,55,128,117,222.2,44.374078132,-79.6854294,-1.21448,NA,NA,NA,36.3456
780,7.5345,97,164,"2026-08-09_ZGAYX",1.66783415057207,241,50,76,76,25,23.5,332,332,200,197,63,63,128,128,222,44.374097327,-79.685551943,-1.41448,NA,NA,NA,35.9748
781,7.5444,97,163,"2026-08-09_ZGAYX",1.68350168350168,182,50,71.5,86,21.5,25.5,330,335,200,198,63,69,127,131,222,44.374116019,-79.685673481,-1.20614,NA,NA,NA,35.64
782,7.5543,96,163,"2026-08-09_ZGAYX",1.68350168350168,248,54,76,71.5,23.5,21.5,329,332,198,197,58,66,121,128,221.8,44.374137476,-79.685794012,-1.20408,NA,NA,NA,35.64
783,7.5642,96,163,"2026-08-09_ZGAYX",1.68350168350168,218,45,75.5,71.5,25,21.5,330,332,200,197,59,66,122,128,221.8,44.374163879,-79.685913287,-0.80004,NA,NA,NA,35.64
784,7.5741,96,164,"2026-08-09_ZGAYX",1.68027690963471,218,53,68.5,77.5,22,22.5,340,340,198,198,62,63,125,127,221.8,44.374192042,-79.686030634,-0.60004,NA,NA,NA,35.7084
785,7.5839,96,164,"2026-08-09_ZGAYX",1.68827660723933,267,53,68.5,77.5,22,22.5,342,346,197,197,62,65,125,127,221.8,44.374222133,-79.686146891,-0.60004,NA,NA,NA,35.5392
786,7.5938,96,164,"2026-08-09_ZGAYX",1.69307869429771,277,52,83,74.5,27.5,21.5,340,346,197,197,63,65,128,127,221.8,44.374252392,-79.686263315,-0.40202,NA,NA,NA,35.4384
787,7.6037,96,164,"2026-08-09_ZGAYX",1.68503353216729,247,49,81,74.5,26,21.5,340,346,197,197,63,65,128,127,221.8,44.374283405,-79.686380494,-0.40202,NA,NA,NA,35.6076
788,7.6138,96,164,"2026-08-09_ZGAYX",1.67723323605381,323,47,86.5,68.5,27.5,22,339,345,200,200,68,69,131,131,221.8,44.374316933,-79.686497506,-0.40202,NA,NA,NA,35.7732
789,7.6237,96,164,"2026-08-09_ZGAYX",1.68827660723933,237,47,72.5,68.5,24,22,329,345,198,200,65,69,128,131,221.8,44.374352724,-79.686610829,-0.40202,NA,NA,NA,35.5392
790,7.6334,95,164,"2026-08-09_ZGAYX",1.70922640412949,245,51,76,70,24,20,325,342,195,215,62,63,127,129,221.8,44.374391364,-79.686720464,-0.20202,NA,NA,NA,35.1036
791,7.6431,95,164,"2026-08-09_ZGAYX",1.72407848005241,215,51,75.5,68.5,23,19,325,346,195,200,62,65,127,127,221.8,44.374431346,-79.68682901,-0.20202,NA,NA,NA,34.8012
792,7.6527,94,164,"2026-08-09_ZGAYX",1.73412409392016,214,51,77,66.5,24,19,342,347,195,197,63,65,125,127,222,44.374475016,-79.686934203,0.208333,NA,NA,NA,34.5996
793,7.6625,94,165,"2026-08-09_ZGAYX",1.73250173250173,257,55,77,66.5,24,19,340,343,195,194,62,63,125,125,221.8,44.374522038,-79.687037635,0,NA,NA,NA,34.632
794,7.6721,93,164,"2026-08-09_ZGAYX",1.75457065656034,225,52,80.5,69.5,25.5,20.5,343,332,197,197,62,62,124,124,221.8,44.374571659,-79.687136123,0,NA,NA,NA,34.1964
795,7.6814,99,164,"2026-08-09_ZGAYX",1.80433762765689,198,82,71.5,77,21,22.5,349,332,197,197,58,62,118,124,222,44.374621531,-79.687230419,0.219305,NA,NA,NA,33.2532
796,7.6906,100,165,"2026-08-09_ZGAYX",1.82828726049437,271,49,78,28,26,8.5,349,332,197,197,58,62,118,124,222.2,44.374670146,-79.687323458,0.436697,NA,NA,NA,32.8176
797,7.6998,99,165,"2026-08-09_ZGAYX",1.81712458206135,290,53,78,28,26,8.5,339,340,198,211,58,53,121,118,222.2,44.374718761,-79.687416749,0.436697,NA,NA,NA,33.0192
798,7.7089,99,165,"2026-08-09_ZGAYX",1.84529081783289,274,57,78,90.5,25.5,29,329,323,197,205,59,53,124,120,222.4,44.374765951,-79.687509704,0.656477,NA,NA,NA,32.5152
799,7.7178,98,165,"2026-08-09_ZGAYX",1.88026474127557,280,57,80.5,75,26,21.5,330,318,198,200,59,59,124,124,222.8,44.374810292,-79.687602743,1.10592,NA,NA,NA,31.9104
800,7.7267,98,165,"2026-08-09_ZGAYX",1.89007333484539,262,52,80.5,75,26,21.5,332,326,200,198,60,59,127,125,223,44.374850944,-79.6876988,1.33063,NA,NA,NA,31.7448
801,7.7353,96,165,"2026-08-09_ZGAYX",1.91241155096577,262,54,94.5,82,33,24,323,329,201,198,60,59,125,124,223,44.374883214,-79.687798293,1.33063,NA,NA,NA,31.374
802,7.7441,95,165,"2026-08-09_ZGAYX",1.93730869076679,210,51,80.5,87.5,25.5,29,322,338,200,203,59,60,124,125,223,44.374909952,-79.687901977,1.1223,NA,NA,NA,30.9708
803,7.7527,93,165,"2026-08-09_ZGAYX",1.96078431372549,237,51,79,87.5,25,29,325,338,195,203,58,60,120,125,223,44.374937445,-79.688002895,1.32638,NA,NA,NA,30.6
804,7.7612,92,165,"2026-08-09_ZGAYX",1.96935680806649,295,52,87,79,25,24,325,342,195,197,58,59,120,122,223.2,44.37496301,-79.688104065,1.56168,NA,NA,NA,30.4668
805,7.7698,92,165,"2026-08-09_ZGAYX",1.97145335541361,248,50,80.5,79,23.5,24,325,342,195,195,58,60,120,122,223.2,44.37498145,-79.688207833,1.34662,NA,NA,NA,30.4344
806,7.7779,91,164,"2026-08-09_ZGAYX",2.01142489339448,248,50,79.5,74.5,24.5,22,325,342,201,198,65,63,127,125,223,44.374992933,-79.688309925,0.882318,NA,NA,NA,29.8296
807,7.7863,89,164,"2026-08-09_ZGAYX",2.02979742621686,148,43,79.5,74.5,24.5,22,325,340,198,197,65,65,125,127,223.2,44.375003075,-79.688413692,1.12041,NA,NA,NA,29.5596
808,7.7942,88,164,"2026-08-09_ZGAYX",2.03898540086453,261,55,64,74.5,19.5,22,336,343,198,195,65,63,124,124,223.4,44.375020426,-79.688511845,1.1538,NA,NA,NA,29.4264
809,7.8023,88,164,"2026-08-09_ZGAYX",2.03898540086453,233,53,80.5,61.5,23,18,349,349,200,198,65,63,124,122,223.4,44.37505169,-79.688605051,0.704359,NA,NA,NA,29.4264
810,7.8105,89,164,"2026-08-09_ZGAYX",1.97378809411022,194,50,70.5,61.5,22.5,18,352,349,197,198,65,63,125,122,223.6,44.375103574,-79.688680572,0.723543,NA,NA,NA,30.3984
811,7.8188,91,165,"2026-08-09_ZGAYX",1.93730869076679,322,55,79.5,75,21.5,21,352,352,197,201,65,63,125,122,224,44.375168618,-79.688736982,1.20547,NA,NA,NA,30.9708
812,7.8277,95,165,"2026-08-09_ZGAYX",1.89415463878471,228,55,77.5,78,21.5,22.5,349,352,195,200,63,60,124,118,224.4,44.375240199,-79.688786771,1.65491,NA,NA,NA,31.6764
813,7.8367,96,165,"2026-08-09_ZGAYX",1.86657707096726,135,53,55,82,15.5,23,345,350,195,203,60,63,122,124,224.2,44.375312368,-79.688836057,1.43269,NA,NA,NA,32.1444
814,7.8459,98,164,"2026-08-09_ZGAYX",1.79694519317161,211,51,66,59,19.5,18.5,346,347,194,197,53,62,117,125,223.8,44.375386045,-79.688886851,0.76261,NA,NA,NA,33.39
815,7.855,100,164,"2026-08-09_ZGAYX",1.76853423882286,181,51,66,59,19.5,18.5,347,347,194,194,53,60,117,122,223.4,44.375462068,-79.688934963,0.323049,NA,NA,NA,33.9264
816,7.8648,98,164,"2026-08-09_ZGAYX",1.74941394632798,137,50,55,62,15.5,18.5,347,347,194,194,56,62,115,122,223,44.375541613,-79.688983997,0.1618,NA,NA,NA,34.2972
817,7.8744,94,164,"2026-08-09_ZGAYX",1.70765027322404,163,49,59,60,16,17,343,347,191,194,56,62,117,122,222.4,44.375621576,-79.68903278,-0.701296,NA,NA,NA,35.136
818,7.8843,95,164,"2026-08-09_ZGAYX",1.68503353216729,196,53,64,69,18,22,343,349,191,193,56,62,117,124,222.2,44.375704138,-79.689079802,-1.15648,NA,NA,NA,35.6076
819,7.8946,96,164,"2026-08-09_ZGAYX",1.66002656042497,219,42,66,70.5,19.5,21,340,349,190,193,53,62,115,124,222,44.375788879,-79.689129842,-1.35066,NA,NA,NA,36.144
820,7.9046,97,164,"2026-08-09_ZGAYX",1.65245554894573,179,51,67.5,89.5,21,30.5,335,347,190,198,53,63,117,127,222,44.375874123,-79.689173763,-1.59456,NA,NA,NA,36.3096
821,7.9148,97,164,"2026-08-09_ZGAYX",1.66168162180126,167,56,73.5,89.5,22,30.5,335,318,190,197,53,63,117,127,222,44.375961127,-79.689213745,-2.07649,NA,NA,NA,36.108
822,7.9249,98,164,"2026-08-09_ZGAYX",1.64479094707063,167,56,64,59.5,18.5,18.5,335,328,191,193,58,56,122,121,221.8,44.376048885,-79.689249787,-2.72394,NA,NA,NA,36.4788
823,7.935,96,164,"2026-08-09_ZGAYX",1.68350168350168,190,56,64,59.5,18.5,18.5,342,336,195,188,58,53,122,115,221.4,44.376135471,-79.689284572,-2.89776,NA,NA,NA,35.64
824,7.9449,96,164,"2026-08-09_ZGAYX",1.71098107654929,220,51,68.5,68.5,20.5,22,343,345,194,194,55,59,118,122,221.2,44.376220798,-79.689319357,-2.665,NA,NA,NA,35.0676
825,7.9546,94,164,"2026-08-09_ZGAYX",1.72908669640696,273,55,82.5,68.5,26.5,22,343,345,194,194,55,59,118,122,221.2,44.37630445,-79.689352466,-2.22544,NA,NA,NA,34.7004
826,7.9643,94,164,"2026-08-09_ZGAYX",1.74264603373763,224,51,80,68.5,25,22,342,343,198,195,59,58,122,121,221.2,44.376387431,-79.689384485,-1.81727,NA,NA,NA,34.4304
827,7.9737,94,164,"2026-08-09_ZGAYX",1.73088240384948,224,51,75.5,75.5,22.5,23.5,340,343,197,195,60,58,124,121,221.4,44.376469154,-79.689418767,-0.979509,NA,NA,NA,34.6644
828,7.9832,94,164,"2026-08-09_ZGAYX",1.71909919202338,208,57,75.5,75.5,22.5,23.5,343,339,197,195,60,62,124,124,221.8,44.376551381,-79.689454306,-0.356436,NA,NA,NA,34.902
829,7.993,94,164,"2026-08-09_ZGAYX",1.70765027322404,234,53,74.5,68.5,22,20.5,343,342,195,197,62,62,124,125,222,44.376635786,-79.689488504,0.0418206,NA,NA,NA,35.136
830,8.0028,94,164,"2026-08-09_ZGAYX",1.71591338069254,205,53,74.5,68.5,22,20.5,346,345,194,195,63,62,125,124,222,44.376719689,-79.689522618,0.0418206,NA,NA,NA,34.9668
831,8.0122,94,164,"2026-08-09_ZGAYX",1.73250173250173,146,53,74.5,68.5,22,20.5,346,345,194,195,63,62,125,124,222.2,44.37680267,-79.689550614,0.254587,NA,NA,NA,34.632
832,8.0219,94,164,"2026-08-09_ZGAYX",1.72407848005241,149,53,61,65.5,19,19.5,346,352,194,193,63,56,125,120,222.4,44.376887914,-79.689577268,0.658792,NA,NA,NA,34.8012
833,8.0317,95,164,"2026-08-09_ZGAYX",1.69307869429771,281,53,85.5,48,27,14.5,346,352,194,193,63,56,125,120,222.2,44.376975337,-79.689599899,0.85075,NA,NA,NA,35.4384
834,8.0416,96,163,"2026-08-09_ZGAYX",1.68503353216729,273,53,91.5,84,29.5,24,346,346,194,194,63,59,125,120,222,44.377063347,-79.689621441,0.85075,NA,NA,NA,35.6076
835,8.0516,96,163,"2026-08-09_ZGAYX",1.65705574335521,231,53,76,81.5,28,25,346,345,194,219,63,60,125,124,222.2,44.377152195,-79.689648431,1.05075,NA,NA,NA,36.2088
836,8.062,97,163,"2026-08-09_ZGAYX",1.66317400126401,231,59,76,81.5,28,25,0,340,0,222,0,62,0,128,222.2,44.377240708,-79.68968045,1.05075,NA,NA,NA,36.0756
837,8.0718,98,163,"2026-08-09_ZGAYX",1.65705574335521,259,59,76,81.5,28,25,321,338,195,222,62,62,128,129,222.2,44.377326958,-79.68971624,0.837984,NA,NA,NA,36.2088
838,8.0821,98,163,"2026-08-09_ZGAYX",1.64625312788094,183,54,77.5,97.5,27.5,33,325,338,194,222,60,62,127,129,222.2,44.377416225,-79.689749181,0.416931,NA,NA,NA,36.4464
839,8.0923,98,163,"2026-08-09_ZGAYX",1.65853982154112,129,47,67.5,58.5,23,17,338,335,194,197,65,59,129,125,222,44.377505073,-79.689781619,0.0167713,NA,NA,NA,36.1764
840,8.1023,97,163,"2026-08-09_ZGAYX",1.69307869429771,126,52,60,58.5,17.5,17,345,335,195,197,62,59,124,125,221.6,44.377591826,-79.689812632,-0.383229,NA,NA,NA,35.4384
841,8.1122,96,162,"2026-08-09_ZGAYX",1.70433241299383,155,54,60,58.5,17.5,17,345,335,195,197,62,59,124,125,221.2,44.377677657,-79.689843394,-1.00004,NA,NA,NA,35.2044
842,8.1221,95,162,"2026-08-09_ZGAYX",1.69790817712578,187,54,68,55,20,18,346,342,197,197,59,63,121,127,220.8,44.377762985,-79.689876335,-1.61026,NA,NA,NA,35.3376
843,8.1318,95,162,"2026-08-09_ZGAYX",1.6898171617831,253,51,76.5,52,24.5,16,350,346,194,195,55,62,118,125,220.8,44.37784848,-79.689905252,-1.40618,NA,NA,NA,35.5068
844,8.1418,95,162,"2026-08-09_ZGAYX",1.65540987948616,214,51,76.5,52,24.5,16,346,345,195,195,59,58,122,121,221,44.377936071,-79.689934421,-1.00416,NA,NA,NA,36.2448
845,8.1516,96,162,"2026-08-09_ZGAYX",1.68673885908984,214,53,78,72.5,25,21,343,339,198,197,62,58,127,120,221.2,44.378022153,-79.689963087,-1.00008,NA,NA,NA,35.5716
846,8.1614,96,162,"2026-08-09_ZGAYX",1.71098107654929,145,56,68,76.5,21.5,22.5,350,340,200,195,56,62,121,125,221.4,44.378108738,-79.689989323,-0.795996,NA,NA,NA,35.0676
847,8.1714,95,162,"2026-08-09_ZGAYX",1.70276529083231,249,55,65,54.5,21,15.5,347,340,195,195,53,62,118,125,221.6,44.378195491,-79.69002,-0.595996,NA,NA,NA,35.2368
848,8.1814,95,162,"2026-08-09_ZGAYX",1.68503353216729,265,54,84,74,26.5,20.5,347,343,195,193,53,62,118,125,221.6,44.378282663,-79.690047074,-0.595996,NA,NA,NA,35.6076
849,8.1911,96,163,"2026-08-09_ZGAYX",1.68827660723933,259,56,81,81,26,25,338,343,195,193,60,62,124,125,221.4,44.37836799,-79.690076411,-0.606103,NA,NA,NA,35.5392
850,8.2009,95,162,"2026-08-09_ZGAYX",1.70765027322404,180,49,77.5,78,24.5,22.5,336,333,195,195,60,60,124,124,221,44.37845357,-79.690106166,-0.614266,NA,NA,NA,35.136
851,8.2108,95,163,"2026-08-09_ZGAYX",1.72247485186716,198,51,63.5,62,19.5,18,336,335,195,195,60,60,124,124,220.8,44.378539652,-79.690133408,-0.412246,NA,NA,NA,34.8336
852,8.2204,94,163,"2026-08-09_ZGAYX",1.72407848005241,198,61,79,62,22.5,18,350,345,195,194,59,62,121,124,220.6,44.378624477,-79.690159894,-0.216539,NA,NA,NA,34.8012
853,8.2302,94,162,"2026-08-09_ZGAYX",1.70433241299383,236,61,79,62,22.5,18,349,350,197,194,62,62,125,125,220.6,44.378710894,-79.690183531,-0.216539,NA,NA,NA,35.2044
854,8.2403,95,162,"2026-08-09_ZGAYX",1.67403240926744,329,56,81,63.5,25,18.5,345,350,200,194,65,62,128,125,220.8,44.378798485,-79.690207587,-0.218519,NA,NA,NA,35.8416
855,8.2497,96,162,"2026-08-09_ZGAYX",1.68197261748579,339,55,90.5,81,29,23,345,345,200,204,65,60,128,124,221,44.378883058,-79.690231727,-0.209835,NA,NA,NA,35.6724
856,8.2594,95,163,"2026-08-09_ZGAYX",1.69790817712578,276,45,80,81,25,23,336,336,201,226,65,65,128,128,221.4,44.378969224,-79.690257544,0,NA,NA,NA,35.3376
857,8.2694,95,163,"2026-08-09_ZGAYX",1.70433241299383,259,47,92.5,77,32,23.5,332,333,201,218,65,65,128,128,221.6,44.379057067,-79.690279672,0,NA,NA,NA,35.2044
858,8.2791,95,162,"2026-08-09_ZGAYX",1.70276529083231,215,47,76,77,24,23.5,319,336,201,205,66,63,129,127,221.8,44.379145496,-79.690296436,0.20464,NA,NA,NA,35.2368
859,8.2891,95,162,"2026-08-09_ZGAYX",1.70922640412949,215,53,71.5,71.5,21.5,20,329,340,198,198,66,60,129,124,221.8,44.379234931,-79.690310517,0.410826,NA,NA,NA,35.1036
860,8.2992,95,162,"2026-08-09_ZGAYX",1.72087420409568,185,53,71.5,71.5,21.5,20,343,347,198,195,65,60,128,124,221.6,44.379324282,-79.690322839,0.620969,NA,NA,NA,34.866
861,8.3088,93,162,"2026-08-09_ZGAYX",1.75641971405487,116,51,66,64,20,18.5,349,349,194,191,56,58,120,121,221.6,44.379410364,-79.690335328,0.822989,NA,NA,NA,34.1604
862,8.3187,92,162,"2026-08-09_ZGAYX",1.75457065656034,160,50,51.5,57,14.5,16,349,349,190,191,52,58,114,121,221.4,44.379497284,-79.69034614,0.829302,NA,NA,NA,34.1964
863,8.328,92,163,"2026-08-09_ZGAYX",1.75457065656034,287,59,64,57,19,16,349,350,190,191,52,56,114,118,221.2,44.379582025,-79.690360222,0.614249,NA,NA,NA,34.1964
864,8.3375,93,163,"2026-08-09_ZGAYX",1.74941394632798,179,47,64,57,19,16,346,343,191,194,58,55,120,117,221.4,44.379667437,-79.690378914,0.626755,NA,NA,NA,34.2972
865,8.3472,93,163,"2026-08-09_ZGAYX",1.80063382310573,178,47,49.5,91.5,14.5,26,0,339,357,194,0,56,357,118,221.2,44.379751507,-79.690397018,0.207804,NA,NA,NA,33.3216
866,8.3565,92,163,"2026-08-09_ZGAYX",1.77910617705665,178,16,39.5,57,10,17,352,339,190,194,59,56,121,118,221.2,44.379835745,-79.690411771,-0.204567,NA,NA,NA,33.7248
867,8.3659,91,163,"2026-08-09_ZGAYX",1.78616082592077,248,16,39.5,57,10,17,352,340,186,194,59,58,118,120,221.2,44.379919732,-79.690423505,-0.404567,NA,NA,NA,33.5916
868,8.3752,91,163,"2026-08-09_ZGAYX",1.78807710188463,270,16,68.5,69,20.5,12.5,352,345,188,195,62,60,122,121,221.2,44.380003216,-79.690436581,-0.610753,NA,NA,NA,33.5556
869,8.3845,91,163,"2026-08-09_ZGAYX",1.78980526918671,270,50,75,78,20.5,22.5,347,345,195,195,68,60,128,121,221.2,44.380087789,-79.690449657,-0.610753,NA,NA,NA,33.5232
870,8.3943,91,162,"2026-08-09_ZGAYX",1.79888469149128,184,52,81,81,23.5,24,347,346,195,197,68,62,128,122,221.4,44.380173369,-79.690465834,-0.208652,NA,NA,NA,33.354
871,8.4034,90,162,"2026-08-09_ZGAYX",1.80063382310573,163,54,62.5,89,19.5,28.5,338,339,194,197,69,65,131,125,221.6,44.380256936,-79.690474635,0.0111286,NA,NA,NA,33.3216
872,8.4131,90,163,"2026-08-09_ZGAYX",1.79888469149128,147,54,67.5,89,20.5,28.5,338,346,193,194,68,62,128,122,221.8,44.380343437,-79.690484945,0.419334,NA,NA,NA,33.354
873,8.4226,91,163,"2026-08-09_ZGAYX",1.80609738477099,147,51,57.5,63,16.5,20,345,350,191,193,62,60,124,121,222.2,44.380427508,-79.690498104,1.05544,NA,NA,NA,33.2208
874,8.4318,91,162,"2026-08-09_ZGAYX",1.83776234057412,0,51,57.5,63,16.5,20,345,350,191,193,62,60,124,121,222.4,44.380510237,-79.69050942,1.06231,NA,NA,NA,32.6484
875,8.4408,0,163,"2026-08-09_ZGAYX",1.91043863671099,0,NA,0,0,0,0,0,0,0,0,0,0,0,0,222.4,44.380590033,-79.690520903,1.26849,NA,NA,NA,31.4064
876,8.4496,0,163,"2026-08-09_ZGAYX",1.96286263887253,0,NA,0,0,0,0,0,0,0,0,0,0,0,0,222.4,44.380667901,-79.690529452,1.26849,NA,NA,NA,30.5676
877,8.4581,14,164,"2026-08-09_ZGAYX",2.00924251557163,7,NA,0,0,0,0,0,0,0,0,0,0,0,0,222.4,44.380742584,-79.690530877,1.26849,NA,NA,NA,29.862
878,8.4658,14,164,"2026-08-09_ZGAYX",2.06500640151984,0,71,74,67.5,13,22,0,353,357,176,0,55,357,110,222.6,44.380813997,-79.690533141,1.52823,NA,NA,NA,29.0556
879,8.4737,14,164,"2026-08-09_ZGAYX",2.09406541860368,0,71,74,67.5,13,22,0,353,357,176,0,55,357,110,222.2,44.380886166,-79.690537415,1.0219,NA,NA,NA,28.6524
880,8.4816,0,164,"2026-08-09_ZGAYX",2.20516891593896,0,NA,0,0,0,0,0,0,0,0,0,0,0,0,222.2,44.380954897,-79.690545881,0.817821,NA,NA,NA,27.2088
881,8.49,0,164,"2026-08-09_ZGAYX",1.88430374976446,0,NA,0,0,0,0,0,0,0,0,0,0,0,0,222.4,44.381033771,-79.690552838,0.836136,NA,NA,NA,31.842
882,8.4978,0,164,"2026-08-09_ZGAYX",2.22727070248118,0,NA,0,0,0,0,0,0,0,0,0,0,0,0,222.4,44.381100994,-79.690564992,0.62995,NA,NA,NA,26.9388
883,8.5051,0,164,"2026-08-09_ZGAYX",2.29885057471264,0,NA,0,0,0,0,0,0,0,0,0,0,0,0,222.2,44.381167798,-79.690573625,-0.0650749,NA,NA,NA,26.1
884,8.5123,0,164,"2026-08-09_ZGAYX",2.36574402649633,0,NA,0,0,0,0,0,0,0,0,0,0,0,0,222.4,44.381233344,-79.690578654,0,NA,NA,NA,25.362
885,8.5191,0,163,"2026-08-09_ZGAYX",2.58117804966187,0,NA,0,0,0,0,0,0,0,0,0,0,0,0,222.6,44.381294364,-79.69057966,0.289429,NA,NA,NA,23.2452
886,8.5251,0,163,"2026-08-09_ZGAYX",2.81293952180028,0,NA,0,0,0,0,0,0,0,0,0,0,0,0,222.6,44.381349685,-79.690573625,0.289429,NA,NA,NA,21.33
887,8.5303,0,163,"2026-08-09_ZGAYX",2.86270468338486,0,NA,0,0,0,0,0,0,0,0,0,0,0,0,223,44.38139654,-79.690540181,1.05866,NA,NA,NA,20.9592
888,8.536,0,161,"2026-08-09_ZGAYX",2.77361735175015,0,NA,0,0,0,0,0,0,0,0,0,0,0,0,223.2,44.381428642,-79.690479329,1.1498,NA,NA,NA,21.6324
889,8.5422,0,160,"2026-08-09_ZGAYX",2.7520915896081,0,NA,0,0,0,0,0,0,0,0,0,0,0,0,223.2,44.381436605,-79.690399198,1.65613,NA,NA,NA,21.8016
890,8.5482,29,160,"2026-08-09_ZGAYX",2.79080151819603,28,NA,47,0,15.5,0,346,353,190,131,59,39,121,83,223.4,44.381418584,-79.690325521,1.98946,NA,NA,NA,21.4992
891,8.5539,57,159,"2026-08-09_ZGAYX",2.83061594202899,71,82,47,0,15.5,0,345,353,186,131,55,39,117,83,223.4,44.381374747,-79.69028051,1.75136,NA,NA,NA,21.1968
892,8.5596,56,159,"2026-08-09_ZGAYX",2.88550323176362,62,44,59,23.5,19,7,345,352,186,148,55,46,117,100,223.2,44.381322025,-79.690273972,1.40049,NA,NA,NA,20.7936
893,8.5653,54,159,"2026-08-09_ZGAYX",2.89502634473974,81,40,59.5,51.5,21.5,14.5,339,352,180,148,49,46,111,100,223,44.381272152,-79.690293083,1.32358,NA,NA,NA,20.7252
894,8.5713,54,158,"2026-08-09_ZGAYX",2.88550323176362,136,57,88.5,51.5,29.5,14.5,333,352,176,148,51,46,111,100,222.8,44.381225381,-79.690328957,0.712471,NA,NA,NA,20.7936
895,8.5772,55,158,"2026-08-09_ZGAYX",2.81721884155961,136,48,77.5,69.5,21.5,19.5,333,1,176,184,51,62,111,122,222.6,44.381175174,-79.690354522,0.0793705,NA,NA,NA,21.2976
896,8.5832,59,158,"2026-08-09_ZGAYX",2.72687609075044,189,48,78,84.5,22,25,339,1,183,184,58,62,120,122,222.4,44.381120021,-79.690363491,-0.253963,NA,NA,NA,22.0032
897,8.5894,60,158,"2026-08-09_ZGAYX",2.66198157908747,138,44,78,84.5,22,25,345,4,186,207,58,69,118,129,222.4,44.381063694,-79.690363156,-1.02319,NA,NA,NA,22.5396
898,8.5957,61,158,"2026-08-09_ZGAYX",2.6581605528974,58,44,79,82.5,19,25,0,1,188,208,55,66,114,125,222.4,44.381006362,-79.69035821,-1.37407,NA,NA,NA,22.572
899,8.6021,70,157,"2026-08-09_ZGAYX",2.67780634104542,36,34,38.5,82.5,11,25,0,0,188,203,55,62,114,121,222.6,44.380948611,-79.690352594,-1.06157,NA,NA,NA,22.4064
900,8.6082,70,156,"2026-08-09_ZGAYX",2.77777777777778,0,34,38.5,82.5,11,25,0,0,188,198,55,62,114,121,222.6,44.380891949,-79.690347314,-1.3949,NA,NA,NA,21.6
901,8.6144,70,156,"2026-08-09_ZGAYX",3.12812812812813,0,86,48,51.5,15,15.5,0,0,188,198,55,62,114,121,222.6,44.380838808,-79.690341782,-1.3949,NA,NA,NA,19.1808
902,8.6195,0,155,"2026-08-09_ZGAYX",3.58654328957751,0,NA,0,0,0,0,0,0,0,0,0,0,0,0,222.8,44.380793797,-79.690334992,-0.65187,NA,NA,NA,16.7292
903,8.6232,0,155,"2026-08-09_ZGAYX",5.03220611916264,0,NA,0,0,0,0,0,0,0,0,0,0,0,0,223,44.380761862,-79.690333987,0.239548,NA,NA,NA,11.9232
904,8.6265,12,154,"2026-08-09_ZGAYX",5.23779593547035,4,NA,0,0,0,0,0,0,0,0,0,0,0,0,223.2,44.380732106,-79.690332059,1.17894,NA,NA,NA,11.4552
905,8.6294,12,154,"2026-08-09_ZGAYX",5.97371565113501,0,NA,0,100,0,0,0,3,0,179,0,58,0,111,223.4,44.380706625,-79.690330382,2.20758,NA,NA,NA,10.044
906,8.6318,12,154,"2026-08-09_ZGAYX",6.61638216223369,0,0,0,100,0,0,0,3,0,179,0,58,0,111,223.6,44.380683994,-79.690324264,3.37425,NA,NA,NA,9.0684
907,8.6348,0,153,"2026-08-09_ZGAYX",6.2445360309729,0,NA,0,0,0,0,0,0,0,0,0,0,0,0,223.8,44.380657759,-79.690316636,4.04091,NA,NA,NA,9.6084
908,8.6377,0,153,"2026-08-09_ZGAYX",5.78101514625968,0,NA,0,0,0,0,0,0,0,0,0,0,0,0,223.6,44.380632529,-79.69032024,3.35126,NA,NA,NA,10.3788
909,8.6395,0,153,"2026-08-09_ZGAYX",7.35186002058521,0,NA,0,0,0,0,0,0,0,0,0,0,0,0,223.2,44.380615179,-79.690327616,0.816536,NA,NA,NA,8.1612
910,8.6418,0,153,"2026-08-09_ZGAYX",8.58663918942126,0,NA,0,0,0,0,0,0,0,0,0,0,0,0,223,44.38059523,-79.690327952,-0.0530294,NA,NA,NA,6.9876
911,8.644,0,153,"2026-08-09_ZGAYX",8.79971840901091,0,NA,0,0,0,0,0,0,0,0,0,0,0,0,223,44.380577209,-79.69032594,-0.0530294,NA,NA,NA,6.8184
912,8.6458,0,153,"2026-08-09_ZGAYX",7.35186002058521,0,NA,0,0,0,0,0,0,0,0,0,0,0,0,222.8,44.380558685,-79.690325102,-1.5563,NA,NA,NA,8.1612
913,8.6481,0,153,"2026-08-09_ZGAYX",7.53806723955978,0,NA,0,0,0,0,0,0,0,0,0,0,0,0,222.8,44.380539155,-79.690321833,-2.09684,NA,NA,NA,7.9596
914,8.6505,0,153,"2026-08-09_ZGAYX",7.00574471066274,0,NA,0,0,0,0,0,0,0,0,0,0,0,0,222.8,44.380518452,-79.690319905,-2.7029,NA,NA,NA,8.5644
915,8.6527,0,154,"2026-08-09_ZGAYX",6.37836458731981,0,NA,0,0,0,0,0,0,0,0,0,0,0,0,222.8,44.380497161,-79.690316887,-3.39255,NA,NA,NA,9.4068
916,8.6554,0,154,"2026-08-09_ZGAYX",6.81663258350375,0,NA,0,0,0,0,0,0,0,0,0,0,0,0,223,44.380475452,-79.690310936,-3.48515,NA,NA,NA,8.802
917,8.658,0,154,"2026-08-09_ZGAYX",5.65355042966983,0,NA,0,0,0,0,0,0,0,0,0,0,0,0,222.8,44.380451229,-79.690307835,-4.92104,NA,NA,NA,10.6128
918,8.6606,0,154,"2026-08-09_ZGAYX",5.8173356602676,0,NA,0,0,0,0,0,0,0,0,0,0,0,0,222.8,44.380427675,-79.690305907,-4.23139,NA,NA,NA,10.314
919,8.6633,0,154,"2026-08-09_ZGAYX",5.78101514625968,0,NA,0,0,0,0,0,0,0,0,0,0,0,0,222.6,44.380403955,-79.69029828,-2.74991,NA,NA,NA,10.3788
920,8.6659,0,153,"2026-08-09_ZGAYX",5.83771161704612,0,NA,0,0,0,0,0,0,0,0,0,0,0,0,222.6,44.38038015,-79.69029082,-1.88034,NA,NA,NA,10.278
921,8.6687,0,153,"2026-08-09_ZGAYX",6.2235499128703,0,NA,0,0,0,0,0,0,0,0,0,0,0,0,222.4,44.3803571,-79.690279001,-2.59463,NA,NA,NA,9.6408
922,8.6714,0,153,"2026-08-09_ZGAYX",5.9545075622246,0,NA,0,0,0,0,0,0,0,0,0,0,0,0,222.4,44.380331619,-79.690273302,-1.48352,NA,NA,NA,10.0764
923,8.6744,0,154,"2026-08-09_ZGAYX",5.87475032311127,0,NA,0,0,0,0,0,0,0,0,0,0,0,0,222.2,44.380304629,-79.690270619,-2.15018,NA,NA,NA,10.2132
924,8.6775,0,154,"2026-08-09_ZGAYX",5.58160303639205,0,NA,0,0,0,0,0,0,0,0,0,0,0,0,222.2,44.380276801,-79.690265842,-2.15018,NA,NA,NA,10.7496
925,8.6809,0,155,"2026-08-09_ZGAYX",5.60035842293907,0,NA,0,0,0,0,0,0,0,0,0,0,0,0,222.2,44.380247884,-79.690260477,-2.15018,NA,NA,NA,10.7136
926,8.6838,0,156,"2026-08-09_ZGAYX",5.74316563289685,0,NA,0,0,0,0,0,0,0,0,0,0,0,0,222.2,44.380222319,-79.690254526,-2.89092,NA,NA,NA,10.4472
927,8.6867,0,156,"2026-08-09_ZGAYX",5.5297500552975,0,NA,0,0,0,0,0,0,0,0,0,0,0,0,222.2,44.380196084,-79.69025176,-2.12169,NA,NA,NA,10.8504
928,8.6895,0,156,"2026-08-09_ZGAYX",5.72540936676972,0,NA,0,0,0,0,0,0,0,0,0,0,0,0,222,44.380170183,-79.690248575,-2.83598,NA,NA,NA,10.4796
929,8.6926,0,157,"2026-08-09_ZGAYX",5.5297500552975,0,NA,0,0,0,0,0,0,0,0,0,0,0,0,222,44.380142942,-79.690240444,-2.09524,NA,NA,NA,10.8504
930,8.6955,0,157,"2026-08-09_ZGAYX",5.63443768311923,0,NA,0,0,0,0,0,0,0,0,0,0,0,0,221.8,44.380116288,-79.69023508,-2.78489,NA,NA,NA,10.6488
931,8.6986,0,156,"2026-08-09_ZGAYX",5.83771161704612,0,NA,0,0,0,0,0,0,0,0,0,0,0,0,221.8,44.380089466,-79.690228458,-2.07061,NA,NA,NA,10.278
932,8.7015,0,155,"2026-08-09_ZGAYX",5.7058085130663,0,NA,0,0,0,0,0,0,0,0,0,0,0,0,221.8,44.380063817,-79.690217227,-2.07061,NA,NA,NA,10.5156
933,8.7045,0,154,"2026-08-09_ZGAYX",5.78101514625968,0,NA,0,0,0,0,0,0,0,0,0,0,0,0,221.8,44.380036911,-79.690208258,-1.40394,NA,NA,NA,10.3788
934,8.7075,0,154,"2026-08-09_ZGAYX",6.0146758089739,0,NA,0,0,0,0,0,0,0,0,0,0,0,0,221.6,44.380010843,-79.690198619,-2.07061,NA,NA,NA,9.9756
935,8.7103,0,155,"2026-08-09_ZGAYX",6.56685053848175,0,NA,0,0,0,0,0,0,0,0,0,0,0,0,221.6,44.379992906,-79.69017691,-2.07061,NA,NA,NA,9.1368
936,8.7129,0,156,"2026-08-09_ZGAYX",6.17970584600173,0,NA,0,0,0,0,0,0,0,0,0,0,0,0,221.6,44.379983518,-79.690146902,-2.07061,NA,NA,NA,9.7092
937,8.7156,0,156,"2026-08-09_ZGAYX",5.63443768311923,0,NA,0,0,0,0,0,0,0,0,0,0,0,0,221.4,44.379965497,-79.69012293,-2.81135,NA,NA,NA,10.6488
938,8.7181,0,156,"2026-08-09_ZGAYX",5.7058085130663,0,NA,0,0,0,0,0,0,0,0,0,0,0,0,221.2,44.379943621,-79.690108513,-2.89706,NA,NA,NA,10.5156
939,8.7212,0,156,"2026-08-09_ZGAYX",5.63443768311923,0,NA,0,0,0,0,0,0,0,0,0,0,0,0,221,44.379917218,-79.690098287,-3.54222,NA,NA,NA,10.6488
940,8.7239,0,157,"2026-08-09_ZGAYX",6.03427468018344,0,NA,0,0,0,0,0,0,0,0,0,0,0,0,220.8,44.379893664,-79.690090911,-3.59331,NA,NA,NA,9.9432
941,8.7267,0,157,"2026-08-09_ZGAYX",5.93330960009493,0,NA,0,0,0,0,0,0,0,0,0,0,0,0,220.6,44.379869776,-79.690084709,-4.3076,NA,NA,NA,10.1124
942,8.7291,0,157,"2026-08-09_ZGAYX",5.9545075622246,0,NA,0,0,0,0,0,0,0,0,0,0,0,0,220.6,44.379847396,-79.690078841,-4.3076,NA,NA,NA,10.0764
943,8.7319,0,157,"2026-08-09_ZGAYX",5.91436006624083,0,NA,0,0,0,0,0,0,0,0,0,0,0,0,220.4,44.379822921,-79.690074483,-5.02188,NA,NA,NA,10.1448
944,8.7346,0,157,"2026-08-09_ZGAYX",5.93330960009493,0,NA,0,0,0,0,0,0,0,0,0,0,0,0,220.4,44.379799033,-79.690070376,-4.35521,NA,NA,NA,10.1124
945,8.7371,0,157,"2026-08-09_ZGAYX",6.11620795107034,0,NA,0,0,0,0,0,0,0,0,0,0,0,0,220.2,44.379776485,-79.690066688,-5.15521,NA,NA,NA,9.81
946,8.7397,0,157,"2026-08-09_ZGAYX",5.78101514625968,0,NA,0,0,0,0,0,0,0,0,0,0,0,0,220.2,44.379752681,-79.690057635,-5.15521,NA,NA,NA,10.3788
947,8.7425,0,158,"2026-08-09_ZGAYX",5.85617240571562,0,NA,0,0,0,0,0,0,0,0,0,0,0,0,220,44.379728289,-79.690047996,-5.12876,NA,NA,NA,10.2456
948,8.7452,0,158,"2026-08-09_ZGAYX",6.42508352608584,0,NA,0,0,0,0,0,0,0,0,0,0,0,0,220,44.379704233,-79.690043637,-4.32876,NA,NA,NA,9.3384
949,8.7479,0,158,"2026-08-09_ZGAYX",6.20270437910929,0,NA,0,0,0,0,0,0,0,0,0,0,0,0,219.8,44.379681267,-79.690031148,-4.42434,NA,NA,NA,9.6732
950,8.7508,0,158,"2026-08-09_ZGAYX",6.03427468018344,0,NA,0,0,0,0,0,0,0,0,0,0,0,0,219.8,44.379657379,-79.690017821,-3.6836,NA,NA,NA,9.9432
951,8.7538,0,158,"2026-08-09_ZGAYX",5.60035842293907,0,NA,0,0,0,0,0,0,0,0,0,0,0,0,219.8,44.379630892,-79.690006673,-2.96931,NA,NA,NA,10.7136
952,8.757,0,158,"2026-08-09_ZGAYX",5.44662309368192,0,NA,0,0,0,0,0,0,0,0,0,0,0,0,219.6,44.379602729,-79.69000156,-3.59431,NA,NA,NA,11.016
953,8.7599,0,158,"2026-08-09_ZGAYX",5.83771161704612,0,NA,0,0,0,0,0,0,0,0,0,0,0,0,219.6,44.379576745,-79.689996363,-2.88003,NA,NA,NA,10.278
954,8.7626,0,158,"2026-08-09_ZGAYX",6.26802055910743,0,NA,0,0,0,0,0,0,0,0,0,0,0,0,219.6,44.379552605,-79.689989742,-2.88003,NA,NA,NA,9.5724
955,8.7647,0,158,"2026-08-09_ZGAYX",7.56887677868604,0,NA,0,0,0,0,0,0,0,0,0,0,0,0,219.6,44.379532321,-79.689981192,-2.08003,NA,NA,NA,7.9272
956,8.7663,0,157,"2026-08-09_ZGAYX",19.0041809198024,0,NA,0,0,0,0,0,0,0,0,0,0,0,0,219.6,44.379519664,-79.689982533,-2.08003,NA,NA,NA,3.1572
957,8.7672,0,157,"2026-08-09_ZGAYX",17.6928520877565,0,NA,0,0,0,0,0,0,0,0,0,0,0,0,219.4,44.379510025,-79.689975828,-3.58796,NA,NA,NA,3.3912
958,8.7674,0,157,"2026-08-09_ZGAYX",74.4047619047619,0,NA,0,0,0,0,0,0,0,0,0,0,0,0,219.4,44.379514802,-79.689964931,-3.58796,NA,NA,NA,0.8064
0,0,53.3333,154.333,"2026-08-09_IQFGX",7.43162901307967,NA,NA,NA,NA,NA,NA,NA,NA,NA,NA,NA,NA,NA,NA,218.2,44.379259015,-79.690079959,0,6.14,190.667,25,8.0736
1,0.0022,80,154,"2026-08-09_IQFGX",5.91436006624083,NA,NA,NA,NA,NA,NA,NA,NA,NA,NA,NA,NA,NA,NA,218.2,44.379233925,-79.690095857,0,9.21,286,25,10.1448
2,0.0051,80,155,"2026-08-09_IQFGX",5.79911853398283,NA,NA,NA,NA,NA,NA,NA,NA,NA,NA,NA,NA,NA,NA,218,44.37920551,-79.69008957,-6.89655,9.32,284,25,10.3464
3,0.0081,81,155,"2026-08-09_IQFGX",5.56483027267668,NA,NA,NA,NA,NA,NA,NA,NA,NA,NA,NA,NA,NA,NA,217.8,44.379171647,-79.690088229,-6.66667,9.35,278,25,10.782
4,0.0113,82,155,"2026-08-09_IQFGX",5.25430853299706,NA,NA,NA,NA,NA,NA,NA,NA,NA,NA,NA,NA,NA,NA,217.8,44.37914449,-79.690084709,0,9.46,270,25,11.4192
5,0.0146,83,156,"2026-08-09_IQFGX",5.01705799719045,NA,NA,NA,NA,NA,NA,NA,NA,NA,NA,NA,NA,NA,NA,217.8,44.379102497,-79.690088061,0,9.48,264,25,11.9592
6,0.0181,83,156,"2026-08-09_IQFGX",4.78927203065134,NA,NA,NA,NA,NA,NA,NA,NA,NA,NA,NA,NA,NA,NA,217.8,44.379071903,-79.690089319,0,9.72,259,25,12.528
7,0.0217,83,156,"2026-08-09_IQFGX",4.61552663158866,NA,NA,NA,NA,NA,NA,NA,NA,NA,NA,NA,NA,NA,NA,218,44.379036782,-79.690091163,5.55556,9.88,256,25,12.9996
8,0.0254,86,156,"2026-08-09_IQFGX",4.53391367428364,NA,NA,NA,NA,NA,NA,NA,NA,NA,NA,NA,NA,NA,NA,218,44.379004512,-79.690091414,0,9.88,256,25,13.2336
9,0.029,87,157,"2026-08-09_IQFGX",4.5687134502924,NA,NA,NA,NA,NA,NA,NA,NA,NA,NA,NA,NA,NA,NA,218.2,44.378974086,-79.690089319,5.55556,9.19,245,25,13.1328
10,0.0327,87,157,"2026-08-09_IQFGX",4.5687134502924,NA,NA,NA,NA,NA,NA,NA,NA,NA,NA,NA,NA,NA,NA,218.4,44.378942318,-79.690084709,0.29533,9.19,245,25,13.1328
11,0.0363,86,157,"2026-08-09_IQFGX",4.5687134502924,NA,NA,NA,NA,NA,NA,NA,NA,NA,NA,NA,NA,NA,NA,218.6,44.378913401,-79.690077584,0.850885,9.38,247,25,13.1328
12,0.0399,86,157,"2026-08-09_IQFGX",4.60405156537753,NA,NA,NA,NA,NA,NA,NA,NA,NA,NA,NA,NA,NA,NA,218.8,44.378872916,-79.690073812,2.0961,9.34,248,25,13.032
13,0.0435,84,158,"2026-08-09_IQFGX",4.62705904127337,NA,NA,NA,NA,NA,NA,NA,NA,NA,NA,NA,NA,NA,NA,218.8,44.378842741,-79.690064927,2.76276,9.7,253,25,12.9672
14,0.0471,84,158,"2026-08-09_IQFGX",4.61552663158866,NA,NA,NA,NA,NA,NA,NA,NA,NA,NA,NA,NA,NA,NA,219,44.378808627,-79.690054701,3.31832,9.7,253,25,12.9996
15,0.0508,84,158,"2026-08-09_IQFGX",4.59136822773186,NA,NA,NA,NA,NA,NA,NA,NA,NA,NA,NA,NA,NA,NA,219,44.378773423,-79.690050762,3.31832,9.71,253,25,13.068
16,0.0544,84,158,"2026-08-09_IQFGX",4.5687134502924,NA,NA,NA,NA,NA,NA,NA,NA,NA,NA,NA,NA,NA,NA,219,44.378744003,-79.690044811,3.31832,9.75,252,25,13.1328
17,0.0581,85,158,"2026-08-09_IQFGX",4.510599909788,NA,NA,NA,NA,NA,NA,NA,NA,NA,NA,NA,NA,NA,NA,219,44.378702009,-79.690041793,2.76276,9.63,248,25,13.302
18,0.0618,85,158,"2026-08-09_IQFGX",4.48752468138575,NA,NA,NA,NA,NA,NA,NA,NA,NA,NA,NA,NA,NA,NA,219,44.378673762,-79.690032238,2.76276,9.63,248,25,13.3704
19,0.0656,85,158,"2026-08-09_IQFGX",4.39985920450546,NA,NA,NA,NA,NA,NA,NA,NA,NA,NA,NA,NA,NA,NA,219,44.378631685,-79.690025532,2.20721,9.72,246,25,13.6368
20,0.0695,85,158,"2026-08-09_IQFGX",4.32451133021969,NA,NA,NA,NA,NA,NA,NA,NA,NA,NA,NA,NA,NA,NA,219,44.378606288,-79.690016815,1.66667,9.81,244,25,13.8744
21,0.0733,88,158,"2026-08-09_IQFGX",4.30440771349862,NA,NA,NA,NA,NA,NA,NA,NA,NA,NA,NA,NA,NA,NA,219,44.378567144,-79.690010697,1.11111,9.25,237,25,13.9392
22,0.0772,89,159,"2026-08-09_IQFGX",4.29331959471063,NA,NA,NA,NA,NA,NA,NA,NA,NA,NA,NA,NA,NA,NA,219,44.378537892,-79.689996447,0.555556,9.11,234,25,13.9752
23,0.0811,89,159,"2026-08-09_IQFGX",4.25278557455133,NA,NA,NA,NA,NA,NA,NA,NA,NA,NA,NA,NA,NA,NA,219,44.378497994,-79.68998882,0.555556,9.15,233,25,14.1084
24,0.085,89,159,"2026-08-09_IQFGX",4.29331959471063,NA,NA,NA,NA,NA,NA,NA,NA,NA,NA,NA,NA,NA,NA,219.2,44.378470333,-79.689976834,0.512821,9.11,234,25,13.9752
25,0.0889,90,160,"2026-08-09_IQFGX",4.31443610320131,NA,NA,NA,NA,NA,NA,NA,NA,NA,NA,NA,NA,NA,NA,219.2,44.378431274,-79.689969458,0.512821,8.9,233,25,13.9068
26,0.0927,90,160,"2026-08-09_IQFGX",4.34593654932638,NA,NA,NA,NA,NA,NA,NA,NA,NA,NA,NA,NA,NA,NA,219.4,44.378404284,-79.689959399,1.03914,8.89,233,25,13.806
27,0.0966,90,160,"2026-08-09_IQFGX",4.34593654932638,NA,NA,NA,NA,NA,NA,NA,NA,NA,NA,NA,NA,NA,NA,219.4,44.378363548,-79.68995085,1.03914,8.89,233,25,13.806
28,0.1004,89,159,"2026-08-09_IQFGX",4.3675751222921,NA,NA,NA,NA,NA,NA,NA,NA,NA,NA,NA,NA,NA,NA,219.4,44.378333457,-79.689940121,1.03914,9.03,236,25,13.7376
29,0.1042,89,159,"2026-08-09_IQFGX",4.3675751222921,NA,NA,NA,NA,NA,NA,NA,NA,NA,NA,NA,NA,NA,NA,219.4,44.378295822,-79.689934002,1.03914,9.03,236,25,13.7376
30,0.108,89,159,"2026-08-09_IQFGX",4.3561596096881,NA,NA,NA,NA,NA,NA,NA,NA,NA,NA,NA,NA,NA,NA,219.4,44.378265228,-79.689922435,1.03914,9.03,236,25,13.7736
31,0.1119,89,157,"2026-08-09_IQFGX",4.33576135969476,NA,NA,NA,NA,NA,NA,NA,NA,NA,NA,NA,NA,NA,NA,219.2,44.378228348,-79.689912796,0.526316,9.07,235,25,13.8384
32,0.1157,89,157,"2026-08-09_IQFGX",4.29331959471063,NA,NA,NA,NA,NA,NA,NA,NA,NA,NA,NA,NA,NA,NA,219.2,44.378196832,-79.689901732,0.526316,9.11,234,25,13.9752
33,0.1196,89,157,"2026-08-09_IQFGX",4.28338901739056,NA,NA,NA,NA,NA,NA,NA,NA,NA,NA,NA,NA,NA,NA,219.2,44.378161293,-79.689892512,0.526316,9.11,234,25,14.0076
34,0.1235,89,157,"2026-08-09_IQFGX",4.30440771349862,NA,NA,NA,NA,NA,NA,NA,NA,NA,NA,NA,NA,NA,NA,219.2,44.378127597,-79.689884046,0.0134953,9.11,234,25,13.9392
35,0.1274,89,157,"2026-08-09_IQFGX",4.28338901739056,NA,NA,NA,NA,NA,NA,NA,NA,NA,NA,NA,NA,NA,NA,219.2,44.378093735,-79.689872563,0.0134953,9.11,234,25,14.0076
36,0.1313,89,157,"2026-08-09_IQFGX",4.27350427350427,NA,NA,NA,NA,NA,NA,NA,NA,NA,NA,NA,NA,NA,NA,219.2,44.378056435,-79.689862002,-0.512821,9.11,234,25,14.04
37,0.1352,89,157,"2026-08-09_IQFGX",4.27350427350427,NA,NA,NA,NA,NA,NA,NA,NA,NA,NA,NA,NA,NA,NA,219.2,44.378025422,-79.68984901,-0.512821,9.11,234,25,14.04
38,0.1391,89,157,"2026-08-09_IQFGX",4.27350427350427,NA,NA,NA,NA,NA,NA,NA,NA,NA,NA,NA,NA,NA,NA,219,44.377987955,-79.689839454,-1.02564,9.11,234,25,14.04
39,0.143,88,157,"2026-08-09_IQFGX",4.25278557455133,NA,NA,NA,NA,NA,NA,NA,NA,NA,NA,NA,NA,NA,NA,219,44.377957696,-79.689825037,-1.02564,9.33,235,25,14.1084
40,0.1469,88,157,"2026-08-09_IQFGX",4.27350427350427,NA,NA,NA,NA,NA,NA,NA,NA,NA,NA,NA,NA,NA,NA,219,44.377918218,-79.689816488,-1.02564,9.29,236,25,14.04
41,0.1508,88,157,"2026-08-09_IQFGX",4.29331959471063,NA,NA,NA,NA,NA,NA,NA,NA,NA,NA,NA,NA,NA,NA,219,44.377891898,-79.689804837,-0.512821,9.29,236,25,13.9752
42,0.1546,88,158,"2026-08-09_IQFGX",4.38827453045463,NA,NA,NA,NA,NA,NA,NA,NA,NA,NA,NA,NA,NA,NA,219,44.37785418,-79.689796539,-0.512821,9.17,239,25,13.6728
43,0.1583,88,159,"2026-08-09_IQFGX",4.42086648983201,NA,NA,NA,NA,NA,NA,NA,NA,NA,NA,NA,NA,NA,NA,219,44.377826687,-79.689780529,-0.512821,9.17,239,25,13.572
44,0.1621,88,159,"2026-08-09_IQFGX",4.44325957522438,NA,NA,NA,NA,NA,NA,NA,NA,NA,NA,NA,NA,NA,NA,219,44.377788466,-79.689768376,-0.512821,9.13,240,25,13.5036
45,0.1658,88,159,"2026-08-09_IQFGX",4.476676515355,NA,NA,NA,NA,NA,NA,NA,NA,NA,NA,NA,NA,NA,NA,219,44.377761979,-79.689753037,-0.512821,9.09,241,25,13.4028
46,0.1696,89,159,"2026-08-09_IQFGX",4.48752468138575,NA,NA,NA,NA,NA,NA,NA,NA,NA,NA,NA,NA,NA,NA,219,44.377723338,-79.689746164,-0.512821,8.91,239,25,13.3704
47,0.1733,89,159,"2026-08-09_IQFGX",4.44325957522438,NA,NA,NA,NA,NA,NA,NA,NA,NA,NA,NA,NA,NA,NA,219.2,44.377698109,-79.689733004,0.02772,8.95,238,25,13.5036
48,0.1771,89,159,"2026-08-09_IQFGX",4.42086648983201,NA,NA,NA,NA,NA,NA,NA,NA,NA,NA,NA,NA,NA,NA,219.2,44.377660306,-79.689725879,0.540541,8.99,237,25,13.572
49,0.1808,90,159,"2026-08-09_IQFGX",4.39985920450546,NA,NA,NA,NA,NA,NA,NA,NA,NA,NA,NA,NA,NA,NA,219.2,44.377635161,-79.689711379,0.540541,8.82,235,25,13.6368
50,0.1846,90,159,"2026-08-09_IQFGX",4.41033783187792,NA,NA,NA,NA,NA,NA,NA,NA,NA,NA,NA,NA,NA,NA,219.2,44.377594425,-79.689702075,0.540541,8.82,235,25,13.6044
51,0.1884,89,159,"2026-08-09_IQFGX",4.42086648983201,NA,NA,NA,NA,NA,NA,NA,NA,NA,NA,NA,NA,NA,NA,219.2,44.377567854,-79.689685562,0.540541,8.99,237,25,13.572
52,0.1922,89,159,"2026-08-09_IQFGX",4.41033783187792,NA,NA,NA,NA,NA,NA,NA,NA,NA,NA,NA,NA,NA,NA,219.2,44.377531476,-79.689676929,0.540541,8.99,237,25,13.6044
53,0.1959,89,159,"2026-08-09_IQFGX",4.43262411347518,NA,NA,NA,NA,NA,NA,NA,NA,NA,NA,NA,NA,NA,NA,219.2,44.377505744,-79.689663434,0.540541,8.99,237,25,13.536
54,0.1997,89,160,"2026-08-09_IQFGX",4.44325957522438,NA,NA,NA,NA,NA,NA,NA,NA,NA,NA,NA,NA,NA,NA,219.2,44.377469702,-79.689652957,0.540541,8.95,238,25,13.5036
55,0.2035,89,160,"2026-08-09_IQFGX",4.43262411347518,NA,NA,NA,NA,NA,NA,NA,NA,NA,NA,NA,NA,NA,NA,219.2,44.377440365,-79.689640133,0.540541,8.99,237,25,13.536
56,0.2072,89,160,"2026-08-09_IQFGX",4.41033783187792,NA,NA,NA,NA,NA,NA,NA,NA,NA,NA,NA,NA,NA,NA,219.2,44.37740558,-79.68962647,0.540541,8.99,237,25,13.6044
57,0.211,89,161,"2026-08-09_IQFGX",4.43262411347518,NA,NA,NA,NA,NA,NA,NA,NA,NA,NA,NA,NA,NA,NA,219.2,44.377374316,-79.689612221,0,8.99,237,25,13.536
58,0.2147,89,161,"2026-08-09_IQFGX",4.44325957522438,NA,NA,NA,NA,NA,NA,NA,NA,NA,NA,NA,NA,NA,NA,219.4,44.377344812,-79.689601241,0.540541,8.95,238,25,13.5036
59,0.2185,89,161,"2026-08-09_IQFGX",4.476676515355,NA,NA,NA,NA,NA,NA,NA,NA,NA,NA,NA,NA,NA,NA,219.4,44.377310278,-79.68959202,0.540541,8.95,238,25,13.4028
60,0.2222,88,162,"2026-08-09_IQFGX",4.476676515355,NA,NA,NA,NA,NA,NA,NA,NA,NA,NA,NA,NA,NA,NA,219.4,44.377280271,-79.689577604,0.540541,9.09,241,25,13.4028
61,0.2259,87,162,"2026-08-09_IQFGX",4.52161331162959,NA,NA,NA,NA,NA,NA,NA,NA,NA,NA,NA,NA,NA,NA,219.4,44.377243558,-79.689568216,0.540541,9.24,244,25,13.2696
62,0.2296,88,162,"2026-08-09_IQFGX",4.48752468138575,NA,NA,NA,NA,NA,NA,NA,NA,NA,NA,NA,NA,NA,NA,219.6,44.377215814,-79.689551201,1.08108,9.09,241,25,13.3704
63,0.2333,88,161,"2026-08-09_IQFGX",4.4996400287977,NA,NA,NA,NA,NA,NA,NA,NA,NA,NA,NA,NA,NA,NA,219.6,44.377175078,-79.68954022,1.08108,9.09,241,25,13.3344
64,0.237,88,161,"2026-08-09_IQFGX",4.476676515355,NA,NA,NA,NA,NA,NA,NA,NA,NA,NA,NA,NA,NA,NA,219.6,44.37714834,-79.689523037,1.08108,9.09,241,25,13.4028
65,0.2407,88,161,"2026-08-09_IQFGX",4.4996400287977,NA,NA,NA,NA,NA,NA,NA,NA,NA,NA,NA,NA,NA,NA,219.8,44.377108274,-79.689514153,1.62162,9.09,241,25,13.3344
66,0.2444,87,161,"2026-08-09_IQFGX",4.476676515355,NA,NA,NA,NA,NA,NA,NA,NA,NA,NA,NA,NA,NA,NA,219.8,44.377080111,-79.689500909,1.62162,9.28,243,25,13.4028
67,0.2481,87,161,"2026-08-09_IQFGX",4.48752468138575,NA,NA,NA,NA,NA,NA,NA,NA,NA,NA,NA,NA,NA,NA,219.8,44.377042141,-79.689490683,1.62162,9.28,243,25,13.3704
68,0.2519,87,162,"2026-08-09_IQFGX",4.48752468138575,NA,NA,NA,NA,NA,NA,NA,NA,NA,NA,NA,NA,NA,NA,219.8,44.377015403,-79.689478949,1.08108,9.28,243,25,13.3704
69,0.2555,87,163,"2026-08-09_IQFGX",4.52161331162959,NA,NA,NA,NA,NA,NA,NA,NA,NA,NA,NA,NA,NA,NA,219.8,44.376978941,-79.689468555,1.08108,9.24,244,25,13.2696
70,0.2592,88,164,"2026-08-09_IQFGX",4.53391367428364,NA,NA,NA,NA,NA,NA,NA,NA,NA,NA,NA,NA,NA,NA,219.8,44.376952455,-79.689454557,1.08108,9.05,242,25,13.2336
71,0.2629,88,164,"2026-08-09_IQFGX",4.510599909788,NA,NA,NA,NA,NA,NA,NA,NA,NA,NA,NA,NA,NA,NA,219.8,44.376918676,-79.689445672,1.08108,9.09,241,25,13.302
72,0.2666,89,163,"2026-08-09_IQFGX",4.510599909788,NA,NA,NA,NA,NA,NA,NA,NA,NA,NA,NA,NA,NA,NA,219.6,44.376887746,-79.689433938,0,8.91,239,25,13.302
73,0.2703,89,163,"2026-08-09_IQFGX",4.4996400287977,NA,NA,NA,NA,NA,NA,NA,NA,NA,NA,NA,NA,NA,NA,219.6,44.376856398,-79.68942103,0,8.91,239,25,13.3344
74,0.274,89,163,"2026-08-09_IQFGX",4.476676515355,NA,NA,NA,NA,NA,NA,NA,NA,NA,NA,NA,NA,NA,NA,219.6,44.376825217,-79.689410217,0,8.95,238,25,13.4028
75,0.2778,89,163,"2026-08-09_IQFGX",4.44325957522438,NA,NA,NA,NA,NA,NA,NA,NA,NA,NA,NA,NA,NA,NA,219.8,44.376793115,-79.689398482,-0.0142248,8.95,238,25,13.5036
76,0.2815,89,163,"2026-08-09_IQFGX",4.44325957522438,NA,NA,NA,NA,NA,NA,NA,NA,NA,NA,NA,NA,NA,NA,219.8,44.37676009,-79.68938834,-0.0142248,8.95,238,25,13.5036
77,0.2853,89,164,"2026-08-09_IQFGX",4.43262411347518,NA,NA,NA,NA,NA,NA,NA,NA,NA,NA,NA,NA,NA,NA,220,44.376729161,-79.689377528,0.512091,8.99,237,25,13.536
78,0.2891,89,164,"2026-08-09_IQFGX",4.43262411347518,NA,NA,NA,NA,NA,NA,NA,NA,NA,NA,NA,NA,NA,NA,220.2,44.376695717,-79.689370906,1.03841,8.99,237,25,13.536
79,0.2928,89,164,"2026-08-09_IQFGX",4.44325957522438,NA,NA,NA,NA,NA,NA,NA,NA,NA,NA,NA,NA,NA,NA,220.2,44.376667051,-79.689360093,1.03841,8.95,238,25,13.5036
80,0.2965,89,164,"2026-08-09_IQFGX",4.4996400287977,NA,NA,NA,NA,NA,NA,NA,NA,NA,NA,NA,NA,NA,NA,220.2,44.376627237,-79.689352214,1.03841,8.91,239,25,13.3344
81,0.3002,89,163,"2026-08-09_IQFGX",4.52161331162959,NA,NA,NA,NA,NA,NA,NA,NA,NA,NA,NA,NA,NA,NA,220.2,44.376598822,-79.689337211,1.03841,8.91,239,25,13.2696
82,0.3039,89,163,"2026-08-09_IQFGX",4.53391367428364,NA,NA,NA,NA,NA,NA,NA,NA,NA,NA,NA,NA,NA,NA,220.2,44.376560517,-79.689331427,1.57895,8.87,240,25,13.2336
83,0.3076,88,163,"2026-08-09_IQFGX",4.53391367428364,NA,NA,NA,NA,NA,NA,NA,NA,NA,NA,NA,NA,NA,NA,220.2,44.376533862,-79.689317094,1.57895,9.05,242,25,13.2336
84,0.3113,88,163,"2026-08-09_IQFGX",4.4996400287977,NA,NA,NA,NA,NA,NA,NA,NA,NA,NA,NA,NA,NA,NA,220,44.376495976,-79.689309047,1.03841,9.09,241,25,13.3344
85,0.315,88,163,"2026-08-09_IQFGX",4.44325957522438,NA,NA,NA,NA,NA,NA,NA,NA,NA,NA,NA,NA,NA,NA,220,44.376472004,-79.689295636,0.512091,9.13,240,25,13.5036
86,0.3187,88,163,"2026-08-09_IQFGX",4.4996400287977,NA,NA,NA,NA,NA,NA,NA,NA,NA,NA,NA,NA,NA,NA,220,44.376435626,-79.689285913,0.512091,9.09,241,25,13.3344
87,0.3224,88,163,"2026-08-09_IQFGX",4.54504135987638,NA,NA,NA,NA,NA,NA,NA,NA,NA,NA,NA,NA,NA,NA,220.2,44.376409307,-79.689272586,0.526316,9.05,242,25,13.2012
88,0.326,88,163,"2026-08-09_IQFGX",4.61552663158866,NA,NA,NA,NA,NA,NA,NA,NA,NA,NA,NA,NA,NA,NA,220.2,44.376373433,-79.689261941,0,9,243,25,12.9996
89,0.3296,88,163,"2026-08-09_IQFGX",4.63994060876021,NA,NA,NA,NA,NA,NA,NA,NA,NA,NA,NA,NA,NA,NA,220.2,44.376343174,-79.689248279,0,8.96,244,25,12.9312
90,0.3332,88,163,"2026-08-09_IQFGX",4.61552663158866,NA,NA,NA,NA,NA,NA,NA,NA,NA,NA,NA,NA,NA,NA,220.4,44.376310568,-79.689234197,0.555556,9,243,25,12.9996
91,0.3368,88,163,"2026-08-09_IQFGX",4.60405156537753,NA,NA,NA,NA,NA,NA,NA,NA,NA,NA,NA,NA,NA,NA,220.4,44.376279053,-79.689222881,0.555556,9,243,25,13.032
92,0.3404,88,163,"2026-08-09_IQFGX",4.60405156537753,NA,NA,NA,NA,NA,NA,NA,NA,NA,NA,NA,NA,NA,NA,220.6,44.376251141,-79.689208381,1.11111,9,243,25,13.032
93,0.3441,88,163,"2026-08-09_IQFGX",4.5687134502924,NA,NA,NA,NA,NA,NA,NA,NA,NA,NA,NA,NA,NA,NA,220.6,44.376214428,-79.689198322,1.11111,9.04,242,25,13.1328
94,0.3477,88,163,"2026-08-09_IQFGX",4.59136822773186,NA,NA,NA,NA,NA,NA,NA,NA,NA,NA,NA,NA,NA,NA,220.4,44.376186852,-79.689181056,1.0961,9,243,25,13.068
95,0.3513,87,164,"2026-08-09_IQFGX",4.60405156537753,NA,NA,NA,NA,NA,NA,NA,NA,NA,NA,NA,NA,NA,NA,220.4,44.376150474,-79.689170746,1.0961,9.19,245,25,13.032
96,0.355,87,164,"2026-08-09_IQFGX",4.59136822773186,NA,NA,NA,NA,NA,NA,NA,NA,NA,NA,NA,NA,NA,NA,220.2,44.376123736,-79.689153144,0.555556,9.19,245,25,13.068
97,0.3587,87,164,"2026-08-09_IQFGX",4.53391367428364,NA,NA,NA,NA,NA,NA,NA,NA,NA,NA,NA,NA,NA,NA,220,44.376086353,-79.68914384,-0.525526,9.23,244,25,13.2336
98,0.3623,88,165,"2026-08-09_IQFGX",4.53391367428364,NA,NA,NA,NA,NA,NA,NA,NA,NA,NA,NA,NA,NA,NA,219.8,44.37605886,-79.68913068,-1.08108,9.05,242,25,13.2336
99,0.366,88,165,"2026-08-09_IQFGX",4.510599909788,NA,NA,NA,NA,NA,NA,NA,NA,NA,NA,NA,NA,NA,NA,219.8,44.376021309,-79.689118443,-1.08108,9.09,241,25,13.302
100,0.3697,88,165,"2026-08-09_IQFGX",4.510599909788,NA,NA,NA,NA,NA,NA,NA,NA,NA,NA,NA,NA,NA,NA,219.6,44.37599499,-79.689102853,-2.17718,9.09,241,25,13.302
101,0.3734,88,165,"2026-08-09_IQFGX",4.4996400287977,NA,NA,NA,NA,NA,NA,NA,NA,NA,NA,NA,NA,NA,NA,219.6,44.375962468,-79.689087765,-2.17718,9.09,241,25,13.3344
102,0.3771,88,165,"2026-08-09_IQFGX",4.48752468138575,NA,NA,NA,NA,NA,NA,NA,NA,NA,NA,NA,NA,NA,NA,219.8,44.375931623,-79.689072594,-2.19219,9.09,241,25,13.3704
103,0.3809,87,165,"2026-08-09_IQFGX",4.45394619632995,NA,NA,NA,NA,NA,NA,NA,NA,NA,NA,NA,NA,NA,NA,219.8,44.375901532,-79.689056082,-2.19219,9.32,242,25,13.4712
104,0.3846,87,165,"2026-08-09_IQFGX",4.52161331162959,NA,NA,NA,NA,NA,NA,NA,NA,NA,NA,NA,NA,NA,NA,219.8,44.375869094,-79.689040324,-1.63664,9.24,244,25,13.2696
105,0.3882,87,165,"2026-08-09_IQFGX",4.54504135987638,NA,NA,NA,NA,NA,NA,NA,NA,NA,NA,NA,NA,NA,NA,219.8,44.375843361,-79.689022554,-1.63664,9.23,244,25,13.2012
106,0.3918,87,164,"2026-08-09_IQFGX",4.60405156537753,NA,NA,NA,NA,NA,NA,NA,NA,NA,NA,NA,NA,NA,NA,219.8,44.375810504,-79.689010149,-1.0961,9.19,245,25,13.032
107,0.3954,87,164,"2026-08-09_IQFGX",4.6633090841261,NA,NA,NA,NA,NA,NA,NA,NA,NA,NA,NA,NA,NA,NA,219.8,44.375783431,-79.688993888,-0.555556,9.1,247,25,12.8664
108,0.399,87,164,"2026-08-09_IQFGX",4.6882325363338,NA,NA,NA,NA,NA,NA,NA,NA,NA,NA,NA,NA,NA,NA,219.8,44.375746131,-79.688982908,0,9.1,247,25,12.798
109,0.4026,87,164,"2026-08-09_IQFGX",4.63994060876021,NA,NA,NA,NA,NA,NA,NA,NA,NA,NA,NA,NA,NA,NA,219.8,44.375723332,-79.688963797,0,9.14,246,25,12.9312
110,0.4062,87,164,"2026-08-09_IQFGX",4.62705904127337,NA,NA,NA,NA,NA,NA,NA,NA,NA,NA,NA,NA,NA,NA,219.8,44.375689553,-79.688947536,0.540541,9.15,246,25,12.9672
111,0.4098,88,164,"2026-08-09_IQFGX",4.58001282403591,NA,NA,NA,NA,NA,NA,NA,NA,NA,NA,NA,NA,NA,NA,219.8,44.375665832,-79.688930604,0.540541,9.01,243,25,13.1004
112,0.4135,87,164,"2026-08-09_IQFGX",4.5687134502924,NA,NA,NA,NA,NA,NA,NA,NA,NA,NA,NA,NA,NA,NA,220,44.375632137,-79.688914008,0.540541,9.19,245,25,13.1328
113,0.4171,87,164,"2026-08-09_IQFGX",4.5687134502924,NA,NA,NA,NA,NA,NA,NA,NA,NA,NA,NA,NA,NA,NA,220,44.37560783,-79.68889582,0.540541,9.19,245,25,13.1328
114,0.4207,87,165,"2026-08-09_IQFGX",4.59136822773186,NA,NA,NA,NA,NA,NA,NA,NA,NA,NA,NA,NA,NA,NA,220,44.375578158,-79.688875032,0.540541,9.19,245,25,13.068
115,0.4243,87,164,"2026-08-09_IQFGX",4.67639356528245,NA,NA,NA,NA,NA,NA,NA,NA,NA,NA,NA,NA,NA,NA,220.2,44.375549492,-79.688856844,1.0961,9.1,247,25,12.8304
116,0.4278,89,165,"2026-08-09_IQFGX",4.71342383107089,NA,NA,NA,NA,NA,NA,NA,NA,NA,NA,NA,NA,NA,NA,220.4,44.375523172,-79.688835889,1.66752,8.74,243,25,12.7296
117,0.4314,88,164,"2026-08-09_IQFGX",4.7254512805973,NA,NA,NA,NA,NA,NA,NA,NA,NA,NA,NA,NA,NA,NA,220.6,44.375488891,-79.688819628,2.22308,8.88,246,25,12.6972
118,0.4348,88,164,"2026-08-09_IQFGX",4.80169019494862,NA,NA,NA,NA,NA,NA,NA,NA,NA,NA,NA,NA,NA,NA,220.6,44.375466176,-79.688798925,2.22308,8.83,247,25,12.4956
119,0.4383,87,164,"2026-08-09_IQFGX",4.82811896485129,NA,NA,NA,NA,NA,NA,NA,NA,NA,NA,NA,NA,NA,NA,220.8,44.375429211,-79.688784759,2.79451,8.97,250,25,12.4272
120,0.4417,87,165,"2026-08-09_IQFGX",4.81417292509147,NA,NA,NA,NA,NA,NA,NA,NA,NA,NA,NA,NA,NA,NA,220.8,44.375407335,-79.688764391,2.79451,8.97,250,25,12.4632
121,0.4452,87,165,"2026-08-09_IQFGX",4.84073966502082,NA,NA,NA,NA,NA,NA,NA,NA,NA,NA,NA,NA,NA,NA,221,44.375374226,-79.688751399,3.36594,8.96,250,25,12.3948
122,0.4486,87,165,"2026-08-09_IQFGX",4.8534265191225,NA,NA,NA,NA,NA,NA,NA,NA,NA,NA,NA,NA,NA,NA,221,44.375348577,-79.688735725,2.8254,8.96,250,25,12.3624
123,0.4521,87,165,"2026-08-09_IQFGX",4.84073966502082,NA,NA,NA,NA,NA,NA,NA,NA,NA,NA,NA,NA,NA,NA,221,44.375317564,-79.688717536,2.8254,8.96,250,25,12.3948
124,0.4555,87,164,"2026-08-09_IQFGX",4.82811896485129,NA,NA,NA,NA,NA,NA,NA,NA,NA,NA,NA,NA,NA,NA,221.2,44.37529091,-79.688699934,3.41363,8.97,250,25,12.4272
125,0.459,87,165,"2026-08-09_IQFGX",4.82811896485129,NA,NA,NA,NA,NA,NA,NA,NA,NA,NA,NA,NA,NA,NA,221.2,44.375265932,-79.6886825,2.85808,8.97,250,25,12.4272
126,0.4624,87,165,"2026-08-09_IQFGX",4.84073966502082,NA,NA,NA,NA,NA,NA,NA,NA,NA,NA,NA,NA,NA,NA,221.4,44.375236344,-79.688659869,2.87488,8.96,250,25,12.3948
127,0.4658,87,165,"2026-08-09_IQFGX",4.8534265191225,NA,NA,NA,NA,NA,NA,NA,NA,NA,NA,NA,NA,NA,NA,221.4,44.375210108,-79.688638998,2.31933,8.96,250,25,12.3624
128,0.4693,88,165,"2026-08-09_IQFGX",4.84073966502082,NA,NA,NA,NA,NA,NA,NA,NA,NA,NA,NA,NA,NA,NA,221.6,44.375183035,-79.688615026,2.89076,8.79,248,25,12.3948
129,0.4728,89,166,"2026-08-09_IQFGX",4.82811896485129,NA,NA,NA,NA,NA,NA,NA,NA,NA,NA,NA,NA,NA,NA,221.6,44.375162667,-79.688588958,2.31933,8.65,245,25,12.4272
130,0.4762,89,166,"2026-08-09_IQFGX",4.80169019494862,NA,NA,NA,NA,NA,NA,NA,NA,NA,NA,NA,NA,NA,NA,221.6,44.375137689,-79.688560124,2.31933,8.66,245,25,12.4956
131,0.4797,89,166,"2026-08-09_IQFGX",4.78927203065134,NA,NA,NA,NA,NA,NA,NA,NA,NA,NA,NA,NA,NA,NA,221.8,44.375126792,-79.688528357,2.31933,8.66,245,25,12.528
132,0.4832,88,166,"2026-08-09_IQFGX",4.78927203065134,NA,NA,NA,NA,NA,NA,NA,NA,NA,NA,NA,NA,NA,NA,221.8,44.375110196,-79.688484855,2.31933,8.83,247,25,12.528
133,0.4867,87,165,"2026-08-09_IQFGX",4.78927203065134,NA,NA,NA,NA,NA,NA,NA,NA,NA,NA,NA,NA,NA,NA,221.8,44.375104916,-79.688450573,2.31933,9.01,249,25,12.528
134,0.4901,87,165,"2026-08-09_IQFGX",4.78927203065134,NA,NA,NA,NA,NA,NA,NA,NA,NA,NA,NA,NA,NA,NA,221.8,44.375091337,-79.688404808,1.73109,9.01,249,25,12.528
135,0.4936,87,165,"2026-08-09_IQFGX",4.86760124610592,NA,NA,NA,NA,NA,NA,NA,NA,NA,NA,NA,NA,NA,NA,221.8,44.37508505,-79.68836558,1.73109,8.96,250,25,12.3264
136,0.497,87,165,"2026-08-09_IQFGX",4.8534265191225,NA,NA,NA,NA,NA,NA,NA,NA,NA,NA,NA,NA,NA,NA,221.6,44.375075663,-79.688321156,0.554622,8.96,250,25,12.3624
137,0.5004,87,165,"2026-08-09_IQFGX",4.84073966502082,NA,NA,NA,NA,NA,NA,NA,NA,NA,NA,NA,NA,NA,NA,221.6,44.375069376,-79.688278492,0.554622,8.96,250,25,12.3948
138,0.5039,87,165,"2026-08-09_IQFGX",4.82811896485129,NA,NA,NA,NA,NA,NA,NA,NA,NA,NA,NA,NA,NA,NA,221.4,44.375063928,-79.688235326,-0.588235,8.97,250,25,12.4272
139,0.5073,87,167,"2026-08-09_IQFGX",4.82811896485129,NA,NA,NA,NA,NA,NA,NA,NA,NA,NA,NA,NA,NA,NA,221.4,44.375059486,-79.688187297,-0.588235,8.97,250,25,12.4272
140,0.5109,87,167,"2026-08-09_IQFGX",4.71342383107089,NA,NA,NA,NA,NA,NA,NA,NA,NA,NA,NA,NA,NA,NA,221.2,44.375058396,-79.688146813,-1.14379,9.06,248,25,12.7296
141,0.5144,87,167,"2026-08-09_IQFGX",4.6882325363338,NA,NA,NA,NA,NA,NA,NA,NA,NA,NA,NA,NA,NA,NA,221,44.375053367,-79.688099203,-2.28665,9.1,247,25,12.798
142,0.518,87,167,"2026-08-09_IQFGX",4.67639356528245,NA,NA,NA,NA,NA,NA,NA,NA,NA,NA,NA,NA,NA,NA,221,44.375056217,-79.688060563,-2.28665,9.1,247,25,12.8304
143,0.5216,88,167,"2026-08-09_IQFGX",4.6882325363338,NA,NA,NA,NA,NA,NA,NA,NA,NA,NA,NA,NA,NA,NA,220.8,44.375047248,-79.688007338,-2.8422,8.92,245,25,12.798
144,0.5251,88,167,"2026-08-09_IQFGX",4.71342383107089,NA,NA,NA,NA,NA,NA,NA,NA,NA,NA,NA,NA,NA,NA,220.6,44.375048338,-79.68796744,-3.41363,8.91,245,25,12.7296
145,0.5286,88,168,"2026-08-09_IQFGX",4.71342383107089,NA,NA,NA,NA,NA,NA,NA,NA,NA,NA,NA,NA,NA,NA,220.6,44.375041548,-79.687913544,-3.41363,8.91,245,25,12.7296
146,0.5322,88,168,"2026-08-09_IQFGX",4.67639356528245,NA,NA,NA,NA,NA,NA,NA,NA,NA,NA,NA,NA,NA,NA,220.4,44.375041213,-79.687871048,-3.38095,8.92,245,25,12.8304
147,0.5358,88,168,"2026-08-09_IQFGX",4.6633090841261,NA,NA,NA,NA,NA,NA,NA,NA,NA,NA,NA,NA,NA,NA,220.4,44.375034172,-79.687822182,-3.38095,8.96,244,25,12.8664
148,0.5394,88,168,"2026-08-09_IQFGX",4.62705904127337,NA,NA,NA,NA,NA,NA,NA,NA,NA,NA,NA,NA,NA,NA,220.4,44.375032244,-79.687781446,-2.80952,8.96,244,25,12.9672
149,0.543,88,168,"2026-08-09_IQFGX",4.5687134502924,NA,NA,NA,NA,NA,NA,NA,NA,NA,NA,NA,NA,NA,NA,220.4,44.37502688,-79.687732579,-2.80952,9.04,242,25,13.1328
150,0.5466,88,168,"2026-08-09_IQFGX",4.59136822773186,NA,NA,NA,NA,NA,NA,NA,NA,NA,NA,NA,NA,NA,NA,220.4,44.375021851,-79.687688993,-2.25397,9,243,26,13.068
151,0.5503,88,168,"2026-08-09_IQFGX",4.60405156537753,NA,NA,NA,NA,NA,NA,NA,NA,NA,NA,NA,NA,NA,NA,220.2,44.375014642,-79.687644821,-2.22308,9,243,25,13.032
152,0.5539,88,168,"2026-08-09_IQFGX",4.53391367428364,NA,NA,NA,NA,NA,NA,NA,NA,NA,NA,NA,NA,NA,NA,220.2,44.37500274,-79.687598217,-2.22308,9.05,242,25,13.2336
153,0.5576,88,168,"2026-08-09_IQFGX",4.52161331162959,NA,NA,NA,NA,NA,NA,NA,NA,NA,NA,NA,NA,NA,NA,220,44.374996621,-79.687558822,-2.20807,9.05,242,25,13.2696
154,0.5613,88,168,"2026-08-09_IQFGX",4.510599909788,NA,NA,NA,NA,NA,NA,NA,NA,NA,NA,NA,NA,NA,NA,219.8,44.374977594,-79.68751247,-2.17718,9.09,241,25,13.302
155,0.565,87,168,"2026-08-09_IQFGX",4.53391367428364,NA,NA,NA,NA,NA,NA,NA,NA,NA,NA,NA,NA,NA,NA,219.6,44.374965441,-79.68747383,-2.71772,9.23,244,25,13.2336
156,0.5687,86,168,"2026-08-09_IQFGX",4.53391367428364,NA,NA,NA,NA,NA,NA,NA,NA,NA,NA,NA,NA,NA,NA,219.4,44.374954544,-79.687433848,-2.7027,9.42,246,26,13.2336
157,0.5724,85,168,"2026-08-09_IQFGX",4.53391367428364,NA,NA,NA,NA,NA,NA,NA,NA,NA,NA,NA,NA,NA,NA,219,44.374932416,-79.687395291,-3.78378,9.59,249,26,13.2336
158,0.576,84,167,"2026-08-09_IQFGX",4.510599909788,NA,NA,NA,NA,NA,NA,NA,NA,NA,NA,NA,NA,NA,NA,218.6,44.374918753,-79.687357489,-4.89489,9.8,251,26,13.302
159,0.5798,84,167,"2026-08-09_IQFGX",4.476676515355,NA,NA,NA,NA,NA,NA,NA,NA,NA,NA,NA,NA,NA,NA,218.4,44.374897128,-79.687313652,-5.42121,9.84,250,25,13.4028
160,0.5835,83,167,"2026-08-09_IQFGX",4.42086648983201,NA,NA,NA,NA,NA,NA,NA,NA,NA,NA,NA,NA,NA,NA,218.2,44.374881454,-79.687273251,-5.96175,10.07,252,26,13.572
161,0.5873,83,167,"2026-08-09_IQFGX",4.41033783187792,NA,NA,NA,NA,NA,NA,NA,NA,NA,NA,NA,NA,NA,NA,218,44.374858655,-79.687229832,-5.94753,10.07,252,26,13.6044
162,0.5911,84,168,"2026-08-09_IQFGX",4.43262411347518,NA,NA,NA,NA,NA,NA,NA,NA,NA,NA,NA,NA,NA,NA,217.8,44.374840886,-79.687193958,-6.47384,10.07,252,26,13.536
163,0.5949,86,168,"2026-08-09_IQFGX",4.42086648983201,NA,NA,NA,NA,NA,NA,NA,NA,NA,NA,NA,NA,NA,NA,217.8,44.374821104,-79.687158251,-5.9333,9.52,244,26,13.572
164,0.5986,86,168,"2026-08-09_IQFGX",4.46588067166845,NA,NA,NA,NA,NA,NA,NA,NA,NA,NA,NA,NA,NA,NA,217.8,44.374798306,-79.687123801,-5.39276,9.47,245,26,13.4352
165,0.6023,87,168,"2026-08-09_IQFGX",4.4996400287977,NA,NA,NA,NA,NA,NA,NA,NA,NA,NA,NA,NA,NA,NA,217.8,44.374778943,-79.687090861,-4.85222,9.27,243,26,13.3344
166,0.606,88,168,"2026-08-09_IQFGX",4.4996400287977,NA,NA,NA,NA,NA,NA,NA,NA,NA,NA,NA,NA,NA,NA,217.8,44.374754803,-79.687055489,-4.31168,9.09,241,26,13.3344
167,0.6097,88,168,"2026-08-09_IQFGX",4.510599909788,NA,NA,NA,NA,NA,NA,NA,NA,NA,NA,NA,NA,NA,NA,217.8,44.374738375,-79.687020285,-3.2306,9.09,241,26,13.302
168,0.6133,88,168,"2026-08-09_IQFGX",4.5687134502924,NA,NA,NA,NA,NA,NA,NA,NA,NA,NA,NA,NA,NA,NA,217.8,44.374716414,-79.686980555,-2.11949,9.04,242,26,13.1328
169,0.617,88,168,"2026-08-09_IQFGX",4.5687134502924,NA,NA,NA,NA,NA,NA,NA,NA,NA,NA,NA,NA,NA,NA,217.8,44.374701746,-79.686946524,-1.59317,9.04,242,26,13.1328
170,0.6206,88,168,"2026-08-09_IQFGX",4.61552663158866,NA,NA,NA,NA,NA,NA,NA,NA,NA,NA,NA,NA,NA,NA,217.6,44.374676014,-79.686905788,-1.60819,9,243,26,12.9996
171,0.6242,88,168,"2026-08-09_IQFGX",4.67639356528245,NA,NA,NA,NA,NA,NA,NA,NA,NA,NA,NA,NA,NA,NA,217.6,44.374660675,-79.68687268,-1.08187,8.92,245,26,12.8304
172,0.6277,88,168,"2026-08-09_IQFGX",4.6633090841261,NA,NA,NA,NA,NA,NA,NA,NA,NA,NA,NA,NA,NA,NA,217.6,44.374639971,-79.686831273,-0.555556,8.96,244,26,12.8664
173,0.6313,88,167,"2026-08-09_IQFGX",4.67639356528245,NA,NA,NA,NA,NA,NA,NA,NA,NA,NA,NA,NA,NA,NA,217.6,44.374628321,-79.686794141,-0.555556,8.92,245,26,12.8304
174,0.6349,88,167,"2026-08-09_IQFGX",4.6633090841261,NA,NA,NA,NA,NA,NA,NA,NA,NA,NA,NA,NA,NA,NA,217.8,44.374609126,-79.686753489,0,8.96,244,26,12.8664
175,0.6385,88,167,"2026-08-09_IQFGX",4.61552663158866,NA,NA,NA,NA,NA,NA,NA,NA,NA,NA,NA,NA,NA,NA,217.8,44.374594877,-79.686716189,0,9,243,26,12.9996
176,0.6421,88,167,"2026-08-09_IQFGX",4.62705904127337,NA,NA,NA,NA,NA,NA,NA,NA,NA,NA,NA,NA,NA,NA,217.8,44.374579454,-79.686679477,0,8.96,244,26,12.9672
177,0.6456,88,167,"2026-08-09_IQFGX",4.7254512805973,NA,NA,NA,NA,NA,NA,NA,NA,NA,NA,NA,NA,NA,NA,217.8,44.374565289,-79.686639663,0,8.88,246,26,12.6972
178,0.6491,88,167,"2026-08-09_IQFGX",4.75104522995059,NA,NA,NA,NA,NA,NA,NA,NA,NA,NA,NA,NA,NA,NA,217.8,44.37455632,-79.686600603,0,8.87,246,26,12.6288
179,0.6526,88,167,"2026-08-09_IQFGX",4.78927203065134,NA,NA,NA,NA,NA,NA,NA,NA,NA,NA,NA,NA,NA,NA,217.8,44.374540981,-79.686555173,0,8.83,247,26,12.528
180,0.6561,88,167,"2026-08-09_IQFGX",4.77554918815664,NA,NA,NA,NA,NA,NA,NA,NA,NA,NA,NA,NA,NA,NA,217.8,44.374531174,-79.686516113,0.555556,8.83,247,26,12.564
181,0.6596,88,166,"2026-08-09_IQFGX",4.77554918815664,NA,NA,NA,NA,NA,NA,NA,NA,NA,NA,NA,NA,NA,NA,217.8,44.374512734,-79.686471773,0.555556,8.83,247,26,12.564
182,0.6632,88,165,"2026-08-09_IQFGX",4.63994060876021,NA,NA,NA,NA,NA,NA,NA,NA,NA,NA,NA,NA,NA,NA,217.8,44.374504352,-79.686433384,0.555556,8.96,244,26,12.9312
183,0.6668,88,164,"2026-08-09_IQFGX",4.5687134502924,NA,NA,NA,NA,NA,NA,NA,NA,NA,NA,NA,NA,NA,NA,217.8,44.374488427,-79.686385859,0.555556,9.04,242,26,13.1328
184,0.6705,88,163,"2026-08-09_IQFGX",4.53391367428364,NA,NA,NA,NA,NA,NA,NA,NA,NA,NA,NA,NA,NA,NA,217.6,44.374480799,-79.686349984,-0.540541,9.04,242,26,13.2336
185,0.6742,87,163,"2026-08-09_IQFGX",4.52161331162959,NA,NA,NA,NA,NA,NA,NA,NA,NA,NA,NA,NA,NA,NA,217.6,44.374463532,-79.686304219,-0.540541,9.24,244,26,13.2696
186,0.6778,88,163,"2026-08-09_IQFGX",4.5687134502924,NA,NA,NA,NA,NA,NA,NA,NA,NA,NA,NA,NA,NA,NA,217.4,44.374455737,-79.686262561,-1.0961,9.04,242,26,13.1328
187,0.6815,88,163,"2026-08-09_IQFGX",4.5687134502924,NA,NA,NA,NA,NA,NA,NA,NA,NA,NA,NA,NA,NA,NA,217.4,44.374443751,-79.686218304,-1.0961,9.04,242,26,13.1328
188,0.6851,88,163,"2026-08-09_IQFGX",4.61552663158866,NA,NA,NA,NA,NA,NA,NA,NA,NA,NA,NA,NA,NA,NA,217.2,44.374435704,-79.686176479,-1.65165,9,243,26,12.9996
189,0.6886,88,164,"2026-08-09_IQFGX",4.7001316036849,NA,NA,NA,NA,NA,NA,NA,NA,NA,NA,NA,NA,NA,NA,217.2,44.374425395,-79.686131468,-1.65165,8.92,245,26,12.7656
190,0.6921,87,165,"2026-08-09_IQFGX",4.73754026909229,NA,NA,NA,NA,NA,NA,NA,NA,NA,NA,NA,NA,NA,NA,217.2,44.374415672,-79.686089894,-1.65165,9.06,248,26,12.6648
191,0.6957,87,165,"2026-08-09_IQFGX",4.71342383107089,NA,NA,NA,NA,NA,NA,NA,NA,NA,NA,NA,NA,NA,NA,217,44.374410559,-79.686048152,-2.20721,9.06,248,26,12.7296
192,0.6992,88,164,"2026-08-09_IQFGX",4.77554918815664,NA,NA,NA,NA,NA,NA,NA,NA,NA,NA,NA,NA,NA,NA,217,44.37440159,-79.686003309,-2.20721,8.83,247,26,12.564
193,0.7027,88,164,"2026-08-09_IQFGX",4.7254512805973,NA,NA,NA,NA,NA,NA,NA,NA,NA,NA,NA,NA,NA,NA,217,44.374396812,-79.685961734,-2.20721,8.88,246,26,12.6972
194,0.7063,88,165,"2026-08-09_IQFGX",4.6633090841261,NA,NA,NA,NA,NA,NA,NA,NA,NA,NA,NA,NA,NA,NA,217,44.374390023,-79.685913874,-1.66667,8.96,244,26,12.8664
195,0.7099,88,164,"2026-08-09_IQFGX",4.63994060876021,NA,NA,NA,NA,NA,NA,NA,NA,NA,NA,NA,NA,NA,NA,217,44.374390274,-79.685874395,-1.66667,8.96,244,26,12.9312
196,0.7134,89,164,"2026-08-09_IQFGX",4.7001316036849,NA,NA,NA,NA,NA,NA,NA,NA,NA,NA,NA,NA,NA,NA,217,44.374382898,-79.685823517,-1.11111,8.74,243,26,12.7656
197,0.717,88,163,"2026-08-09_IQFGX",4.7001316036849,NA,NA,NA,NA,NA,NA,NA,NA,NA,NA,NA,NA,NA,NA,217,44.374384742,-79.685784457,-1.11111,8.92,245,26,12.7656
198,0.7204,88,162,"2026-08-09_IQFGX",4.77554918815664,NA,NA,NA,NA,NA,NA,NA,NA,NA,NA,NA,NA,NA,NA,217,44.374377199,-79.685732489,-0.555556,8.83,247,26,12.564
199,0.7239,89,162,"2026-08-09_IQFGX",4.80169019494862,NA,NA,NA,NA,NA,NA,NA,NA,NA,NA,NA,NA,NA,NA,217,44.374380216,-79.685691921,-0.555556,8.66,245,26,12.4956
200,0.7273,88,163,"2026-08-09_IQFGX",4.88042947779405,NA,NA,NA,NA,NA,NA,NA,NA,NA,NA,NA,NA,NA,NA,217,44.374369655,-79.685640707,-0.555556,8.78,248,26,12.294
201,0.7308,88,163,"2026-08-09_IQFGX",4.84073966502082,NA,NA,NA,NA,NA,NA,NA,NA,NA,NA,NA,NA,NA,NA,217,44.374367476,-79.685606174,0,8.79,248,26,12.3948
202,0.7342,88,163,"2026-08-09_IQFGX",4.84073966502082,NA,NA,NA,NA,NA,NA,NA,NA,NA,NA,NA,NA,NA,NA,217,44.374358088,-79.685559152,0,8.79,248,26,12.3948
203,0.7377,88,164,"2026-08-09_IQFGX",4.82811896485129,NA,NA,NA,NA,NA,NA,NA,NA,NA,NA,NA,NA,NA,NA,216.8,44.374359094,-79.685519505,-0.571429,8.79,248,26,12.4272
204,0.7412,88,164,"2026-08-09_IQFGX",4.75104522995059,NA,NA,NA,NA,NA,NA,NA,NA,NA,NA,NA,NA,NA,NA,216.8,44.37435507,-79.685471644,-0.571429,8.87,246,26,12.6288
205,0.7448,88,164,"2026-08-09_IQFGX",4.65159549725556,NA,NA,NA,NA,NA,NA,NA,NA,NA,NA,NA,NA,NA,NA,216.8,44.374356328,-79.685429651,-0.571429,8.96,244,26,12.8988
206,0.7483,88,165,"2026-08-09_IQFGX",4.63994060876021,NA,NA,NA,NA,NA,NA,NA,NA,NA,NA,NA,NA,NA,NA,216.8,44.374354568,-79.685380617,-0.571429,8.96,244,26,12.9312
207,0.752,89,165,"2026-08-09_IQFGX",4.60405156537753,NA,NA,NA,NA,NA,NA,NA,NA,NA,NA,NA,NA,NA,NA,216.8,44.374352556,-79.68533745,-0.571429,8.83,241,26,13.032
208,0.7556,89,164,"2026-08-09_IQFGX",4.5687134502924,NA,NA,NA,NA,NA,NA,NA,NA,NA,NA,NA,NA,NA,NA,216.8,44.374351131,-79.685288248,-0.571429,8.87,240,26,13.1328
209,0.7592,88,163,"2026-08-09_IQFGX",4.65159549725556,NA,NA,NA,NA,NA,NA,NA,NA,NA,NA,NA,NA,NA,NA,216.8,44.374350712,-79.685243321,-0.571429,8.96,244,26,12.8988
210,0.7628,88,163,"2026-08-09_IQFGX",4.7001316036849,NA,NA,NA,NA,NA,NA,NA,NA,NA,NA,NA,NA,NA,NA,216.8,44.374349371,-79.685197556,-0.571429,8.92,245,26,12.7656
211,0.7663,88,163,"2026-08-09_IQFGX",4.71342383107089,NA,NA,NA,NA,NA,NA,NA,NA,NA,NA,NA,NA,NA,NA,216.6,44.374350041,-79.685152629,-1.14286,8.91,245,26,12.7296
212,0.7699,88,163,"2026-08-09_IQFGX",4.6633090841261,NA,NA,NA,NA,NA,NA,NA,NA,NA,NA,NA,NA,NA,NA,216.6,44.374348952,-79.685110049,-1.14286,8.96,244,26,12.8664
213,0.7735,88,163,"2026-08-09_IQFGX",4.60405156537753,NA,NA,NA,NA,NA,NA,NA,NA,NA,NA,NA,NA,NA,NA,216.6,44.374347694,-79.685061686,-0.571429,9,243,26,13.032
214,0.7771,88,163,"2026-08-09_IQFGX",4.54504135987638,NA,NA,NA,NA,NA,NA,NA,NA,NA,NA,NA,NA,NA,NA,216.6,44.374349287,-79.685018603,-0.571429,9.05,242,26,13.2012
215,0.7808,89,163,"2026-08-09_IQFGX",4.510599909788,NA,NA,NA,NA,NA,NA,NA,NA,NA,NA,NA,NA,NA,NA,216.6,44.374346269,-79.68496697,-0.571429,9.09,241,26,13.302
216,0.7845,89,165,"2026-08-09_IQFGX",4.510599909788,NA,NA,NA,NA,NA,NA,NA,NA,NA,NA,NA,NA,NA,NA,216.6,44.374351466,-79.684924558,-0.571429,8.91,239,26,13.302
217,0.7882,89,165,"2026-08-09_IQFGX",4.54504135987638,NA,NA,NA,NA,NA,NA,NA,NA,NA,NA,NA,NA,NA,NA,216.8,44.374350293,-79.684872506,-0.030888,8.87,240,26,13.2012
218,0.7919,88,165,"2026-08-09_IQFGX",4.55622380171314,NA,NA,NA,NA,NA,NA,NA,NA,NA,NA,NA,NA,NA,NA,216.6,44.374354987,-79.684834368,-0.571429,9.05,242,26,13.1688
219,0.7955,88,164,"2026-08-09_IQFGX",4.60405156537753,NA,NA,NA,NA,NA,NA,NA,NA,NA,NA,NA,NA,NA,NA,216.6,44.374354232,-79.684788603,-0.571429,9,243,26,13.032
220,0.7991,88,164,"2026-08-09_IQFGX",4.63994060876021,NA,NA,NA,NA,NA,NA,NA,NA,NA,NA,NA,NA,NA,NA,216.8,44.374358759,-79.684748454,-0.015873,8.96,244,26,12.9312
221,0.8027,88,164,"2026-08-09_IQFGX",4.65159549725556,NA,NA,NA,NA,NA,NA,NA,NA,NA,NA,NA,NA,NA,NA,216.8,44.374354903,-79.684695983,0.555556,8.96,244,26,12.8988
222,0.8063,88,163,"2026-08-09_IQFGX",4.62705904127337,NA,NA,NA,NA,NA,NA,NA,NA,NA,NA,NA,NA,NA,NA,216.8,44.374357417,-79.684656756,0.555556,8.96,244,26,12.9672
223,0.8099,88,164,"2026-08-09_IQFGX",4.63994060876021,NA,NA,NA,NA,NA,NA,NA,NA,NA,NA,NA,NA,NA,NA,216.8,44.374354903,-79.68460923,0.555556,8.96,244,26,12.9312
224,0.8134,88,164,"2026-08-09_IQFGX",4.63994060876021,NA,NA,NA,NA,NA,NA,NA,NA,NA,NA,NA,NA,NA,NA,216.8,44.374355154,-79.684565645,0.555556,8.96,244,26,12.9312
225,0.817,88,163,"2026-08-09_IQFGX",4.63994060876021,NA,NA,NA,NA,NA,NA,NA,NA,NA,NA,NA,NA,NA,NA,216.8,44.374351885,-79.684519041,0.555556,8.96,244,26,12.9312
226,0.8207,88,163,"2026-08-09_IQFGX",4.60405156537753,NA,NA,NA,NA,NA,NA,NA,NA,NA,NA,NA,NA,NA,NA,216.8,44.374351299,-79.684476796,0.555556,9,243,26,13.032
227,0.8243,88,162,"2026-08-09_IQFGX",4.58001282403591,NA,NA,NA,NA,NA,NA,NA,NA,NA,NA,NA,NA,NA,NA,216.8,44.374351885,-79.684432875,0.015015,9.01,243,26,13.1004
228,0.8279,88,162,"2026-08-09_IQFGX",4.62705904127337,NA,NA,NA,NA,NA,NA,NA,NA,NA,NA,NA,NA,NA,NA,217,44.374350712,-79.684387278,1.11111,8.96,244,26,12.9672
229,0.8315,88,164,"2026-08-09_IQFGX",4.60405156537753,NA,NA,NA,NA,NA,NA,NA,NA,NA,NA,NA,NA,NA,NA,217,44.374353226,-79.684343524,1.11111,9,243,26,13.032
230,0.8351,88,164,"2026-08-09_IQFGX",4.65159549725556,NA,NA,NA,NA,NA,NA,NA,NA,NA,NA,NA,NA,NA,NA,217,44.374350963,-79.684293484,0.555556,8.96,244,26,12.8988
231,0.8386,88,164,"2026-08-09_IQFGX",4.73754026909229,NA,NA,NA,NA,NA,NA,NA,NA,NA,NA,NA,NA,NA,NA,217,44.374354903,-79.68425015,0.555556,8.88,246,26,12.6648
232,0.8421,88,165,"2026-08-09_IQFGX",4.75104522995059,NA,NA,NA,NA,NA,NA,NA,NA,NA,NA,NA,NA,NA,NA,217,44.374349538,-79.684199272,0.555556,8.87,246,26,12.6288
233,0.8456,89,165,"2026-08-09_IQFGX",4.73754026909229,NA,NA,NA,NA,NA,NA,NA,NA,NA,NA,NA,NA,NA,NA,217,44.374353562,-79.684161469,0.555556,8.7,244,26,12.6648
234,0.8492,88,165,"2026-08-09_IQFGX",4.7254512805973,NA,NA,NA,NA,NA,NA,NA,NA,NA,NA,NA,NA,NA,NA,217,44.374348365,-79.68411101,0.555556,8.88,246,26,12.6972
235,0.8527,88,165,"2026-08-09_IQFGX",4.67639356528245,NA,NA,NA,NA,NA,NA,NA,NA,NA,NA,NA,NA,NA,NA,217.2,44.374351131,-79.684073459,1.12698,8.92,245,26,12.8304
236,0.8564,88,164,"2026-08-09_IQFGX",4.60405156537753,NA,NA,NA,NA,NA,NA,NA,NA,NA,NA,NA,NA,NA,NA,217.2,44.374344761,-79.684020821,1.12698,9,243,26,13.032
237,0.86,88,164,"2026-08-09_IQFGX",4.60405156537753,NA,NA,NA,NA,NA,NA,NA,NA,NA,NA,NA,NA,NA,NA,217.2,44.374346353,-79.683982432,1.12698,9,243,26,13.032
238,0.8636,88,164,"2026-08-09_IQFGX",4.5687134502924,NA,NA,NA,NA,NA,NA,NA,NA,NA,NA,NA,NA,NA,NA,217.2,44.374341157,-79.683931302,0.571429,9.04,242,26,13.1328
239,0.8673,88,165,"2026-08-09_IQFGX",4.58001282403591,NA,NA,NA,NA,NA,NA,NA,NA,NA,NA,NA,NA,NA,NA,217.2,44.374341073,-79.683889309,0.571429,9.01,243,26,13.1004
240,0.8709,88,165,"2026-08-09_IQFGX",4.53391367428364,NA,NA,NA,NA,NA,NA,NA,NA,NA,NA,NA,NA,NA,NA,217.2,44.374341743,-79.683840694,0.571429,9.05,242,26,13.2336
241,0.8746,89,165,"2026-08-09_IQFGX",4.53391367428364,NA,NA,NA,NA,NA,NA,NA,NA,NA,NA,NA,NA,NA,NA,217.4,44.374339648,-79.683793168,1.11197,8.87,240,26,13.2336
242,0.8783,89,165,"2026-08-09_IQFGX",4.55622380171314,NA,NA,NA,NA,NA,NA,NA,NA,NA,NA,NA,NA,NA,NA,217.4,44.37434409,-79.683750756,1.11197,8.87,240,26,13.1688
243,0.8819,89,165,"2026-08-09_IQFGX",4.63994060876021,NA,NA,NA,NA,NA,NA,NA,NA,NA,NA,NA,NA,NA,NA,217.4,44.374341324,-79.683701638,1.11197,8.79,242,26,12.9312
244,0.8854,86,165,"2026-08-09_IQFGX",4.67639356528245,NA,NA,NA,NA,NA,NA,NA,NA,NA,NA,NA,NA,NA,NA,217.6,44.37434518,-79.683662494,1.6834,9.29,249,26,12.8304
245,0.889,86,165,"2026-08-09_IQFGX",4.7254512805973,NA,NA,NA,NA,NA,NA,NA,NA,NA,NA,NA,NA,NA,NA,217.6,44.374339312,-79.6836117,1.11197,9.24,250,26,12.6972
246,0.8924,86,165,"2026-08-09_IQFGX",4.80169019494862,NA,NA,NA,NA,NA,NA,NA,NA,NA,NA,NA,NA,NA,NA,217.8,44.374342079,-79.683573227,1.7002,9.16,252,26,12.4956
247,0.8959,87,165,"2026-08-09_IQFGX",4.77554918815664,NA,NA,NA,NA,NA,NA,NA,NA,NA,NA,NA,NA,NA,NA,217.8,44.374335541,-79.68352193,1.7002,9.01,249,26,12.564
248,0.8994,87,165,"2026-08-09_IQFGX",4.7254512805973,NA,NA,NA,NA,NA,NA,NA,NA,NA,NA,NA,NA,NA,NA,217.8,44.374337971,-79.683486307,1.7002,9.06,248,26,12.6972
249,0.903,87,166,"2026-08-09_IQFGX",4.7254512805973,NA,NA,NA,NA,NA,NA,NA,NA,NA,NA,NA,NA,NA,NA,217.8,44.37433202,-79.683433166,1.7002,9.06,248,26,12.6972
250,0.9065,87,167,"2026-08-09_IQFGX",4.75104522995059,NA,NA,NA,NA,NA,NA,NA,NA,NA,NA,NA,NA,NA,NA,217.8,44.374331853,-79.683393435,1.7002,9.05,248,26,12.6288
251,0.91,87,166,"2026-08-09_IQFGX",4.73754026909229,NA,NA,NA,NA,NA,NA,NA,NA,NA,NA,NA,NA,NA,NA,217.8,44.374327243,-79.683346413,1.15966,9.06,248,26,12.6648
252,0.9135,87,165,"2026-08-09_IQFGX",4.75104522995059,NA,NA,NA,NA,NA,NA,NA,NA,NA,NA,NA,NA,NA,NA,217.8,44.374325231,-79.683301821,1.15966,9.05,248,26,12.6288
253,0.917,87,166,"2026-08-09_IQFGX",4.80169019494862,NA,NA,NA,NA,NA,NA,NA,NA,NA,NA,NA,NA,NA,NA,217.8,44.374326656,-79.683258068,1.15966,9.01,249,26,12.4956
254,0.9204,87,166,"2026-08-09_IQFGX",4.81417292509147,NA,NA,NA,NA,NA,NA,NA,NA,NA,NA,NA,NA,NA,NA,217.8,44.374323974,-79.683211297,0.588235,8.97,250,26,12.4632
255,0.9239,87,165,"2026-08-09_IQFGX",4.82811896485129,NA,NA,NA,NA,NA,NA,NA,NA,NA,NA,NA,NA,NA,NA,217.8,44.374326404,-79.683170812,0.588235,8.97,250,26,12.4272
256,0.9273,87,166,"2026-08-09_IQFGX",4.86760124610592,NA,NA,NA,NA,NA,NA,NA,NA,NA,NA,NA,NA,NA,NA,217.8,44.374323555,-79.683122532,0,8.96,250,26,12.3264
257,0.9307,87,166,"2026-08-09_IQFGX",4.89332550401253,NA,NA,NA,NA,NA,NA,NA,NA,NA,NA,NA,NA,NA,NA,218,44.374328751,-79.683083473,0.588235,8.92,251,26,12.2616
258,0.9341,87,165,"2026-08-09_IQFGX",4.89332550401253,NA,NA,NA,NA,NA,NA,NA,NA,NA,NA,NA,NA,NA,NA,218.2,44.374325566,-79.683035025,1.17647,8.92,251,26,12.2616
259,0.9376,87,166,"2026-08-09_IQFGX",4.84073966502082,NA,NA,NA,NA,NA,NA,NA,NA,NA,NA,NA,NA,NA,NA,218.2,44.374325985,-79.683001833,1.17647,8.96,250,26,12.3948
260,0.941,87,167,"2026-08-09_IQFGX",4.80169019494862,NA,NA,NA,NA,NA,NA,NA,NA,NA,NA,NA,NA,NA,NA,218.4,44.374319112,-79.682948105,1.76471,9.01,249,26,12.4956
261,0.9445,88,167,"2026-08-09_IQFGX",4.77554918815664,NA,NA,NA,NA,NA,NA,NA,NA,NA,NA,NA,NA,NA,NA,218.4,44.374319028,-79.682911895,1.76471,8.83,247,26,12.564
262,0.9481,88,167,"2026-08-09_IQFGX",4.7001316036849,NA,NA,NA,NA,NA,NA,NA,NA,NA,NA,NA,NA,NA,NA,218.6,44.374319112,-79.682861687,2.32026,8.92,245,26,12.7656
263,0.9517,89,166,"2026-08-09_IQFGX",4.63994060876021,NA,NA,NA,NA,NA,NA,NA,NA,NA,NA,NA,NA,NA,NA,218.8,44.374317184,-79.682822125,2.87582,8.79,242,26,12.9312
264,0.9553,89,166,"2026-08-09_IQFGX",4.62705904127337,NA,NA,NA,NA,NA,NA,NA,NA,NA,NA,NA,NA,NA,NA,218.8,44.374312071,-79.682774264,2.87582,8.79,242,26,12.9672
265,0.9589,89,166,"2026-08-09_IQFGX",4.60405156537753,NA,NA,NA,NA,NA,NA,NA,NA,NA,NA,NA,NA,NA,NA,219,44.374309976,-79.682733947,3.43137,8.83,241,26,13.032
266,0.9625,89,165,"2026-08-09_IQFGX",4.58001282403591,NA,NA,NA,NA,NA,NA,NA,NA,NA,NA,NA,NA,NA,NA,219.2,44.374311233,-79.682689188,3.98693,8.83,241,26,13.1004
267,0.9662,89,165,"2026-08-09_IQFGX",4.5687134502924,NA,NA,NA,NA,NA,NA,NA,NA,NA,NA,NA,NA,NA,NA,219.2,44.374308719,-79.682641495,3.39869,8.87,240,26,13.1328
268,0.9698,87,166,"2026-08-09_IQFGX",4.5687134502924,NA,NA,NA,NA,NA,NA,NA,NA,NA,NA,NA,NA,NA,NA,219.4,44.374309976,-79.682600172,3.36601,9.19,245,26,13.1328
269,0.9735,87,167,"2026-08-09_IQFGX",4.5687134502924,NA,NA,NA,NA,NA,NA,NA,NA,NA,NA,NA,NA,NA,NA,219.4,44.374307377,-79.682549042,3.36601,9.19,245,26,13.1328
270,0.9771,87,167,"2026-08-09_IQFGX",4.5687134502924,NA,NA,NA,NA,NA,NA,NA,NA,NA,NA,NA,NA,NA,NA,219.4,44.37430788,-79.68250839,2.77778,9.19,245,26,13.1328
271,0.9808,87,168,"2026-08-09_IQFGX",4.5687134502924,NA,NA,NA,NA,NA,NA,NA,NA,NA,NA,NA,NA,NA,NA,219.4,44.37430436,-79.682452651,2.77778,9.19,245,26,13.1328
272,0.9844,87,168,"2026-08-09_IQFGX",4.59136822773186,NA,NA,NA,NA,NA,NA,NA,NA,NA,NA,NA,NA,NA,NA,219.4,44.374305533,-79.682410909,2.22222,9.19,245,26,13.068
273,0.9881,87,168,"2026-08-09_IQFGX",4.53391367428364,NA,NA,NA,NA,NA,NA,NA,NA,NA,NA,NA,NA,NA,NA,219.4,44.374302097,-79.682355756,1.66667,9.23,244,26,13.2336
274,0.9918,88,168,"2026-08-09_IQFGX",4.4996400287977,NA,NA,NA,NA,NA,NA,NA,NA,NA,NA,NA,NA,NA,NA,219.6,44.374300001,-79.682312421,2.20721,9.09,241,26,13.3344
275,0.9955,88,168,"2026-08-09_IQFGX",4.46588067166845,NA,NA,NA,NA,NA,NA,NA,NA,NA,NA,NA,NA,NA,NA,219.6,44.374298409,-79.682264225,1.65165,9.13,240,26,13.4352
276,0.9993,87,167,"2026-08-09_IQFGX",4.45394619632995,NA,NA,NA,NA,NA,NA,NA,NA,NA,NA,NA,NA,NA,NA,219.6,44.374294302,-79.682216784,1.0961,9.32,242,26,13.4712
277,1.003,87,166,"2026-08-09_IQFGX",4.476676515355,NA,NA,NA,NA,NA,NA,NA,NA,NA,NA,NA,NA,NA,NA,219.8,44.374294385,-79.68217412,1.63664,9.28,243,26,13.4028
278,1.0066,87,166,"2026-08-09_IQFGX",4.58001282403591,NA,NA,NA,NA,NA,NA,NA,NA,NA,NA,NA,NA,NA,NA,219.8,44.374288937,-79.68212517,1.08108,9.19,245,26,13.1004
279,1.0102,86,166,"2026-08-09_IQFGX",4.63994060876021,NA,NA,NA,NA,NA,NA,NA,NA,NA,NA,NA,NA,NA,NA,220,44.374293715,-79.682086529,1.63664,9.3,249,26,12.9312
280,1.0137,86,167,"2026-08-09_IQFGX",4.71342383107089,NA,NA,NA,NA,NA,NA,NA,NA,NA,NA,NA,NA,NA,NA,220.2,44.374288351,-79.682035148,2.20807,9.25,250,26,12.7296
281,1.0172,86,167,"2026-08-09_IQFGX",4.76326569496046,NA,NA,NA,NA,NA,NA,NA,NA,NA,NA,NA,NA,NA,NA,220.2,44.374289273,-79.681999609,2.20807,9.2,251,26,12.5964
282,1.0207,86,167,"2026-08-09_IQFGX",4.81417292509147,NA,NA,NA,NA,NA,NA,NA,NA,NA,NA,NA,NA,NA,NA,220.4,44.374289105,-79.681955101,2.77949,9.15,252,26,12.4632
283,1.0241,86,167,"2026-08-09_IQFGX",4.86760124610592,NA,NA,NA,NA,NA,NA,NA,NA,NA,NA,NA,NA,NA,NA,220.2,44.374290195,-79.68191294,2.19126,9.11,253,26,12.3264
284,1.0275,86,167,"2026-08-09_IQFGX",4.89332550401253,NA,NA,NA,NA,NA,NA,NA,NA,NA,NA,NA,NA,NA,NA,220.2,44.374292122,-79.681869522,1.65072,9.1,253,26,12.2616
285,1.0309,86,168,"2026-08-09_IQFGX",4.90773458971339,NA,NA,NA,NA,NA,NA,NA,NA,NA,NA,NA,NA,NA,NA,220.4,44.374291619,-79.681820152,2.23895,9.06,254,26,12.2256
286,1.0344,86,167,"2026-08-09_IQFGX",4.88042947779405,NA,NA,NA,NA,NA,NA,NA,NA,NA,NA,NA,NA,NA,NA,220.4,44.374294637,-79.681779919,2.23895,9.1,253,26,12.294
287,1.0378,87,167,"2026-08-09_IQFGX",4.77554918815664,NA,NA,NA,NA,NA,NA,NA,NA,NA,NA,NA,NA,NA,NA,220.4,44.374293463,-79.681729544,1.69841,9.01,249,26,12.564
288,1.0414,88,166,"2026-08-09_IQFGX",4.7001316036849,NA,NA,NA,NA,NA,NA,NA,NA,NA,NA,NA,NA,NA,NA,220.4,44.374298828,-79.681696351,1.69841,8.92,245,26,12.7656
289,1.0449,88,166,"2026-08-09_IQFGX",4.7001316036849,NA,NA,NA,NA,NA,NA,NA,NA,NA,NA,NA,NA,NA,NA,220.4,44.374297654,-79.681649413,1.14286,8.92,245,26,12.7656
290,1.0485,88,166,"2026-08-09_IQFGX",4.7254512805973,NA,NA,NA,NA,NA,NA,NA,NA,NA,NA,NA,NA,NA,NA,220.2,44.374296481,-79.681611443,0.015873,8.88,246,26,12.6972
291,1.052,86,167,"2026-08-09_IQFGX",4.73754026909229,NA,NA,NA,NA,NA,NA,NA,NA,NA,NA,NA,NA,NA,NA,220.4,44.374294385,-79.68156375,0.587302,9.24,250,26,12.6648
292,1.0555,86,167,"2026-08-09_IQFGX",4.76326569496046,NA,NA,NA,NA,NA,NA,NA,NA,NA,NA,NA,NA,NA,NA,220.4,44.374294302,-79.68152117,0.015873,9.2,251,26,12.5964
293,1.059,86,167,"2026-08-09_IQFGX",4.75104522995059,NA,NA,NA,NA,NA,NA,NA,NA,NA,NA,NA,NA,NA,NA,220.6,44.374290949,-79.681478422,1.17554,9.2,251,26,12.6288
294,1.0625,87,168,"2026-08-09_IQFGX",4.71342383107089,NA,NA,NA,NA,NA,NA,NA,NA,NA,NA,NA,NA,NA,NA,220.8,44.374274772,-79.681438692,1.74697,9.06,248,26,12.7296
295,1.0661,87,168,"2026-08-09_IQFGX",4.67639356528245,NA,NA,NA,NA,NA,NA,NA,NA,NA,NA,NA,NA,NA,NA,221,44.374262534,-79.681404075,1.71429,9.1,247,26,12.8304
296,1.0697,87,168,"2026-08-09_IQFGX",4.65159549725556,NA,NA,NA,NA,NA,NA,NA,NA,NA,NA,NA,NA,NA,NA,221,44.374231102,-79.681371804,1.71429,9.14,246,26,12.8988
297,1.0732,87,168,"2026-08-09_IQFGX",4.7254512805973,NA,NA,NA,NA,NA,NA,NA,NA,NA,NA,NA,NA,NA,NA,221.2,44.374212997,-79.681345066,2.28571,9.06,248,26,12.6972
298,1.0767,86,170,"2026-08-09_IQFGX",4.75104522995059,NA,NA,NA,NA,NA,NA,NA,NA,NA,NA,NA,NA,NA,NA,221.4,44.374182739,-79.681316567,2.85714,9.05,248,26,12.6288
299,1.0802,87,169,"2026-08-09_IQFGX",4.77554918815664,NA,NA,NA,NA,NA,NA,NA,NA,NA,NA,NA,NA,NA,NA,221.6,44.374160191,-79.681291673,3.42857,9.01,249,26,12.564
300,1.0837,86,168,"2026-08-09_IQFGX",4.77554918815664,NA,NA,NA,NA,NA,NA,NA,NA,NA,NA,NA,NA,NA,NA,221.6,44.374134962,-79.681268288,3.98413,9.2,251,26,12.564
301,1.0872,86,168,"2026-08-09_IQFGX",4.77554918815664,NA,NA,NA,NA,NA,NA,NA,NA,NA,NA,NA,NA,NA,NA,221.8,44.374105625,-79.681240544,3.98413,9.2,251,26,12.564
302,1.0907,86,167,"2026-08-09_IQFGX",4.73754026909229,NA,NA,NA,NA,NA,NA,NA,NA,NA,NA,NA,NA,NA,NA,222,44.374088861,-79.681208609,4.55556,9.24,250,26,12.6648
303,1.0942,86,167,"2026-08-09_IQFGX",4.73754026909229,NA,NA,NA,NA,NA,NA,NA,NA,NA,NA,NA,NA,NA,NA,222.2,44.374061369,-79.681174829,4.55556,9.24,250,26,12.6648
304,1.0977,86,167,"2026-08-09_IQFGX",4.77554918815664,NA,NA,NA,NA,NA,NA,NA,NA,NA,NA,NA,NA,NA,NA,222.2,44.374048125,-79.681141553,3.98413,9.2,251,26,12.564
305,1.1012,86,168,"2026-08-09_IQFGX",4.80169019494862,NA,NA,NA,NA,NA,NA,NA,NA,NA,NA,NA,NA,NA,NA,222.4,44.374027506,-79.68110132,4,9.16,252,26,12.4956
306,1.1046,86,169,"2026-08-09_IQFGX",4.80169019494862,NA,NA,NA,NA,NA,NA,NA,NA,NA,NA,NA,NA,NA,NA,222.4,44.374014765,-79.681065362,4,9.16,252,26,12.4956
307,1.1082,86,169,"2026-08-09_IQFGX",4.7254512805973,NA,NA,NA,NA,NA,NA,NA,NA,NA,NA,NA,NA,NA,NA,222.4,44.373998923,-79.681019429,3.42857,9.24,250,26,12.6972
308,1.1118,86,169,"2026-08-09_IQFGX",4.65159549725556,NA,NA,NA,NA,NA,NA,NA,NA,NA,NA,NA,NA,NA,NA,222.4,44.373987524,-79.680977017,2.85714,9.3,249,26,12.8988
309,1.1154,87,169,"2026-08-09_IQFGX",4.5687134502924,NA,NA,NA,NA,NA,NA,NA,NA,NA,NA,NA,NA,NA,NA,222.4,44.373979561,-79.680934185,2.28571,9.3,249,26,13.1328
310,1.1191,87,169,"2026-08-09_IQFGX",4.48752468138575,NA,NA,NA,NA,NA,NA,NA,NA,NA,NA,NA,NA,NA,NA,222.4,44.373968078,-79.68088557,2.28571,9.28,243,26,13.3704
311,1.1228,87,168,"2026-08-09_IQFGX",4.4996400287977,NA,NA,NA,NA,NA,NA,NA,NA,NA,NA,NA,NA,NA,NA,222.6,44.373964139,-79.680845588,2.25483,9.27,243,26,13.3344
312,1.1265,87,167,"2026-08-09_IQFGX",4.4996400287977,NA,NA,NA,NA,NA,NA,NA,NA,NA,NA,NA,NA,NA,NA,222.6,44.373950225,-79.680794375,1.6834,9.27,243,26,13.3344
313,1.1302,87,167,"2026-08-09_IQFGX",4.53391367428364,NA,NA,NA,NA,NA,NA,NA,NA,NA,NA,NA,NA,NA,NA,222.6,44.373944776,-79.680754728,1.11197,9.23,244,26,13.2336
314,1.1339,87,167,"2026-08-09_IQFGX",4.52161331162959,NA,NA,NA,NA,NA,NA,NA,NA,NA,NA,NA,NA,NA,NA,222.4,44.373930024,-79.680702425,0.571429,9.24,244,26,13.2696
315,1.1375,87,168,"2026-08-09_IQFGX",4.55622380171314,NA,NA,NA,NA,NA,NA,NA,NA,NA,NA,NA,NA,NA,NA,222.2,44.37392466,-79.680665796,-0.555556,9.23,244,26,13.1688
316,1.1412,87,168,"2026-08-09_IQFGX",4.510599909788,NA,NA,NA,NA,NA,NA,NA,NA,NA,NA,NA,NA,NA,NA,222.2,44.373908986,-79.680621791,-0.555556,9.24,244,26,13.302
317,1.1449,87,170,"2026-08-09_IQFGX",4.52161331162959,NA,NA,NA,NA,NA,NA,NA,NA,NA,NA,NA,NA,NA,NA,222,44.373897754,-79.680581139,-1.0961,9.24,244,26,13.2696
318,1.1486,87,170,"2026-08-09_IQFGX",4.510599909788,NA,NA,NA,NA,NA,NA,NA,NA,NA,NA,NA,NA,NA,NA,222,44.373887696,-79.680537721,-1.0961,9.24,244,26,13.302
319,1.1523,87,170,"2026-08-09_IQFGX",4.53391367428364,NA,NA,NA,NA,NA,NA,NA,NA,NA,NA,NA,NA,NA,NA,222,44.373876296,-79.680493884,-1.0961,9.23,244,26,13.2336
320,1.156,87,169,"2026-08-09_IQFGX",4.53391367428364,NA,NA,NA,NA,NA,NA,NA,NA,NA,NA,NA,NA,NA,NA,222,44.373870848,-79.680448621,-1.0961,9.23,244,26,13.2336
321,1.1596,87,170,"2026-08-09_IQFGX",4.59136822773186,NA,NA,NA,NA,NA,NA,NA,NA,NA,NA,NA,NA,NA,NA,222,44.373864142,-79.68040118,-1.63664,9.19,245,26,13.068
322,1.1632,87,170,"2026-08-09_IQFGX",4.62705904127337,NA,NA,NA,NA,NA,NA,NA,NA,NA,NA,NA,NA,NA,NA,222,44.373858191,-79.68036145,-1.63664,9.15,246,26,12.9672
323,1.1668,87,170,"2026-08-09_IQFGX",4.65159549725556,NA,NA,NA,NA,NA,NA,NA,NA,NA,NA,NA,NA,NA,NA,221.8,44.373842685,-79.68031317,-2.19219,9.14,246,26,12.8988
324,1.1704,87,170,"2026-08-09_IQFGX",4.6633090841261,NA,NA,NA,NA,NA,NA,NA,NA,NA,NA,NA,NA,NA,NA,221.8,44.373833297,-79.680276876,-1.65165,9.1,247,26,12.8664
325,1.1739,87,169,"2026-08-09_IQFGX",4.71342383107089,NA,NA,NA,NA,NA,NA,NA,NA,NA,NA,NA,NA,NA,NA,221.8,44.373816198,-79.680231279,-1.0961,9.06,248,26,12.7296
326,1.1774,87,169,"2026-08-09_IQFGX",4.7254512805973,NA,NA,NA,NA,NA,NA,NA,NA,NA,NA,NA,NA,NA,NA,221.8,44.373804128,-79.680192387,-1.0961,9.06,248,26,12.6972
327,1.181,87,169,"2026-08-09_IQFGX",4.71342383107089,NA,NA,NA,NA,NA,NA,NA,NA,NA,NA,NA,NA,NA,NA,221.8,44.373792812,-79.680154752,-0.555556,9.06,248,26,12.7296
328,1.1845,87,169,"2026-08-09_IQFGX",4.75104522995059,NA,NA,NA,NA,NA,NA,NA,NA,NA,NA,NA,NA,NA,NA,221.8,44.37377982,-79.680112591,-0.555556,9.05,248,26,12.6288
329,1.1879,87,170,"2026-08-09_IQFGX",4.82811896485129,NA,NA,NA,NA,NA,NA,NA,NA,NA,NA,NA,NA,NA,NA,221.8,44.373778815,-79.680073615,-0.555556,8.97,250,26,12.4272
330,1.1913,86,170,"2026-08-09_IQFGX",4.86760124610592,NA,NA,NA,NA,NA,NA,NA,NA,NA,NA,NA,NA,NA,NA,221.8,44.37376532,-79.680028772,-0.555556,9.11,253,26,12.3264
331,1.1947,86,170,"2026-08-09_IQFGX",4.93388592855733,NA,NA,NA,NA,NA,NA,NA,NA,NA,NA,NA,NA,NA,NA,221.8,44.37375392,-79.679993065,-0.555556,9.06,254,26,12.1608
332,1.198,85,168,"2026-08-09_IQFGX",4.99001996007984,NA,NA,NA,NA,NA,NA,NA,NA,NA,NA,NA,NA,NA,NA,221.8,44.37374185,-79.679947803,-0.555556,9.16,258,26,12.024
333,1.2014,85,169,"2026-08-09_IQFGX",4.99001996007984,NA,NA,NA,NA,NA,NA,NA,NA,NA,NA,NA,NA,NA,NA,222,44.373738498,-79.679903127,0.588235,9.16,258,26,12.024
334,1.2048,85,169,"2026-08-09_IQFGX",4.89332550401253,NA,NA,NA,NA,NA,NA,NA,NA,NA,NA,NA,NA,NA,NA,222,44.373729194,-79.679860212,0.588235,9.26,256,26,12.2616
335,1.2082,85,167,"2026-08-09_IQFGX",4.93388592855733,NA,NA,NA,NA,NA,NA,NA,NA,NA,NA,NA,NA,NA,NA,222,44.373717291,-79.679817213,0.588235,9.21,257,26,12.1608
336,1.2116,86,167,"2026-08-09_IQFGX",4.86760124610592,NA,NA,NA,NA,NA,NA,NA,NA,NA,NA,NA,NA,NA,NA,222,44.373715615,-79.679780667,0.588235,9.11,253,27,12.3264
337,1.215,86,167,"2026-08-09_IQFGX",4.82811896485129,NA,NA,NA,NA,NA,NA,NA,NA,NA,NA,NA,NA,NA,NA,222,44.373705808,-79.679733561,0.588235,9.15,252,27,12.4272
338,1.2185,86,167,"2026-08-09_IQFGX",4.80169019494862,NA,NA,NA,NA,NA,NA,NA,NA,NA,NA,NA,NA,NA,NA,222,44.373704048,-79.679693831,0.588235,9.16,252,26,12.4956
339,1.222,86,166,"2026-08-09_IQFGX",4.78927203065134,NA,NA,NA,NA,NA,NA,NA,NA,NA,NA,NA,NA,NA,NA,222,44.373694576,-79.679642115,0.588235,9.2,251,26,12.528
340,1.2256,86,166,"2026-08-09_IQFGX",4.6882325363338,NA,NA,NA,NA,NA,NA,NA,NA,NA,NA,NA,NA,NA,NA,222.2,44.373692146,-79.679604731,1.14379,9.25,250,26,12.798
341,1.2291,86,165,"2026-08-09_IQFGX",4.7001316036849,NA,NA,NA,NA,NA,NA,NA,NA,NA,NA,NA,NA,NA,NA,222.2,44.373685608,-79.679561397,1.14379,9.25,250,26,12.7656
342,1.2326,86,166,"2026-08-09_IQFGX",4.7001316036849,NA,NA,NA,NA,NA,NA,NA,NA,NA,NA,NA,NA,NA,NA,222,44.373680327,-79.679516638,0.572362,9.25,250,26,12.7656
343,1.2362,86,166,"2026-08-09_IQFGX",4.75104522995059,NA,NA,NA,NA,NA,NA,NA,NA,NA,NA,NA,NA,NA,NA,222,44.373680495,-79.67947565,-0.015873,9.2,251,26,12.6288
344,1.2397,86,166,"2026-08-09_IQFGX",4.75104522995059,NA,NA,NA,NA,NA,NA,NA,NA,NA,NA,NA,NA,NA,NA,221.8,44.373668593,-79.679431729,-0.587302,9.2,251,27,12.6288
345,1.2431,86,166,"2026-08-09_IQFGX",4.80169019494862,NA,NA,NA,NA,NA,NA,NA,NA,NA,NA,NA,NA,NA,NA,221.8,44.373666832,-79.679397447,-0.587302,9.16,252,27,12.4956
346,1.2466,86,165,"2026-08-09_IQFGX",4.81417292509147,NA,NA,NA,NA,NA,NA,NA,NA,NA,NA,NA,NA,NA,NA,221.6,44.373655098,-79.679350592,-1.15873,9.15,252,26,12.4632
347,1.2501,86,166,"2026-08-09_IQFGX",4.80169019494862,NA,NA,NA,NA,NA,NA,NA,NA,NA,NA,NA,NA,NA,NA,221.6,44.373648811,-79.679313963,-1.15873,9.16,252,26,12.4956
348,1.2536,86,166,"2026-08-09_IQFGX",4.78927203065134,NA,NA,NA,NA,NA,NA,NA,NA,NA,NA,NA,NA,NA,NA,221.6,44.373645794,-79.679267527,-1.15873,9.2,251,27,12.528
349,1.257,86,167,"2026-08-09_IQFGX",4.8534265191225,NA,NA,NA,NA,NA,NA,NA,NA,NA,NA,NA,NA,NA,NA,221.6,44.373644872,-79.679223858,-1.15873,9.11,253,27,12.3624
350,1.2604,86,166,"2026-08-09_IQFGX",4.8534265191225,NA,NA,NA,NA,NA,NA,NA,NA,NA,NA,NA,NA,NA,NA,221.4,44.373647303,-79.67918681,-2.30252,9.11,253,27,12.3624
351,1.2639,86,166,"2026-08-09_IQFGX",4.80169019494862,NA,NA,NA,NA,NA,NA,NA,NA,NA,NA,NA,NA,NA,NA,221.6,44.373638585,-79.679141966,-1.73109,9.16,252,27,12.4956
352,1.2673,85,166,"2026-08-09_IQFGX",4.82811896485129,NA,NA,NA,NA,NA,NA,NA,NA,NA,NA,NA,NA,NA,NA,221.6,44.37363825,-79.679106595,-1.15966,9.31,255,27,12.4272
353,1.2708,85,166,"2026-08-09_IQFGX",4.81417292509147,NA,NA,NA,NA,NA,NA,NA,NA,NA,NA,NA,NA,NA,NA,221.6,44.373628443,-79.679058902,-1.15966,9.35,254,27,12.4632
354,1.2743,85,166,"2026-08-09_IQFGX",4.81417292509147,NA,NA,NA,NA,NA,NA,NA,NA,NA,NA,NA,NA,NA,NA,221.6,44.373625007,-79.67902353,-0.588235,9.35,254,27,12.4632
355,1.2777,85,166,"2026-08-09_IQFGX",4.8534265191225,NA,NA,NA,NA,NA,NA,NA,NA,NA,NA,NA,NA,NA,NA,221.6,44.373617044,-79.678977849,-0.588235,9.3,255,27,12.3624
356,1.2811,86,166,"2026-08-09_IQFGX",4.92077551422104,NA,NA,NA,NA,NA,NA,NA,NA,NA,NA,NA,NA,NA,NA,221.6,44.373613104,-79.67893376,-0.0168067,9.06,254,27,12.1932
357,1.2845,85,166,"2026-08-09_IQFGX",4.93388592855733,NA,NA,NA,NA,NA,NA,NA,NA,NA,NA,NA,NA,NA,NA,221.6,44.373624588,-79.678898388,-0.0168067,9.21,257,27,12.1608
358,1.2878,85,166,"2026-08-09_IQFGX",5.0035024517162,NA,NA,NA,NA,NA,NA,NA,NA,NA,NA,NA,NA,NA,NA,221.6,44.373640681,-79.678854551,-0.0168067,9.16,258,27,11.9916
359,1.2911,85,167,"2026-08-09_IQFGX",5.05970451325643,NA,NA,NA,NA,NA,NA,NA,NA,NA,NA,NA,NA,NA,NA,221.6,44.373658199,-79.678828651,-0.0168067,9.11,259,27,11.8584
360,1.2944,85,167,"2026-08-09_IQFGX",5.04591785245736,NA,NA,NA,NA,NA,NA,NA,NA,NA,NA,NA,NA,NA,NA,221.4,44.373680076,-79.678784311,-0.034632,9.15,258,27,11.8908
361,1.2978,85,167,"2026-08-09_IQFGX",4.96179418477722,NA,NA,NA,NA,NA,NA,NA,NA,NA,NA,NA,NA,NA,NA,221.4,44.373699438,-79.678756483,-0.606061,9.2,257,27,12.0924
362,1.3012,85,167,"2026-08-09_IQFGX",4.90773458971339,NA,NA,NA,NA,NA,NA,NA,NA,NA,NA,NA,NA,NA,NA,221.4,44.373721734,-79.678720357,-0.606061,9.25,256,27,12.2256
363,1.3046,86,167,"2026-08-09_IQFGX",4.80169019494862,NA,NA,NA,NA,NA,NA,NA,NA,NA,NA,NA,NA,NA,NA,221.4,44.373743862,-79.6786818,-0.606061,9.16,252,27,12.4956
364,1.3082,86,167,"2026-08-09_IQFGX",4.71342383107089,NA,NA,NA,NA,NA,NA,NA,NA,NA,NA,NA,NA,NA,NA,221.4,44.373763727,-79.678652212,-0.606061,9.25,250,27,12.7296
365,1.3117,85,167,"2026-08-09_IQFGX",4.6633090841261,NA,NA,NA,NA,NA,NA,NA,NA,NA,NA,NA,NA,NA,NA,221.4,44.373784598,-79.678611811,-0.606061,9.45,252,27,12.8664
366,1.3153,85,168,"2026-08-09_IQFGX",4.6633090841261,NA,NA,NA,NA,NA,NA,NA,NA,NA,NA,NA,NA,NA,NA,221.4,44.373800859,-79.678583983,-0.606061,9.45,252,27,12.8664
367,1.3189,86,170,"2026-08-09_IQFGX",4.65159549725556,NA,NA,NA,NA,NA,NA,NA,NA,NA,NA,NA,NA,NA,NA,221.4,44.373821227,-79.678547941,-0.606061,9.3,249,27,12.8988
368,1.3225,85,172,"2026-08-09_IQFGX",4.67639356528245,NA,NA,NA,NA,NA,NA,NA,NA,NA,NA,NA,NA,NA,NA,221.4,44.373842517,-79.678517934,-0.606061,9.45,252,27,12.8304
369,1.326,85,173,"2026-08-09_IQFGX",4.65159549725556,NA,NA,NA,NA,NA,NA,NA,NA,NA,NA,NA,NA,NA,NA,221.4,44.373862131,-79.678485077,-0.606061,9.49,251,27,12.8988
370,1.3296,86,174,"2026-08-09_IQFGX",4.65159549725556,NA,NA,NA,NA,NA,NA,NA,NA,NA,NA,NA,NA,NA,NA,221.4,44.373885013,-79.678444676,0,9.3,249,26,12.8988
371,1.3332,86,174,"2026-08-09_IQFGX",4.6882325363338,NA,NA,NA,NA,NA,NA,NA,NA,NA,NA,NA,NA,NA,NA,221.4,44.373907812,-79.678413914,0,9.25,250,27,12.798
372,1.3368,86,174,"2026-08-09_IQFGX",4.63994060876021,NA,NA,NA,NA,NA,NA,NA,NA,NA,NA,NA,NA,NA,NA,221.4,44.373941424,-79.678367143,0,9.3,249,27,12.9312
373,1.3404,86,174,"2026-08-09_IQFGX",4.60405156537753,NA,NA,NA,NA,NA,NA,NA,NA,NA,NA,NA,NA,NA,NA,221.2,44.373966821,-79.678355744,-0.555556,9.34,248,27,13.032
374,1.344,86,172,"2026-08-09_IQFGX",4.65159549725556,NA,NA,NA,NA,NA,NA,NA,NA,NA,NA,NA,NA,NA,NA,221.2,44.37400345,-79.678355409,-0.555556,9.3,249,27,12.8988
375,1.3475,85,170,"2026-08-09_IQFGX",4.7254512805973,NA,NA,NA,NA,NA,NA,NA,NA,NA,NA,NA,NA,NA,NA,221.2,44.374032702,-79.678375022,-0.555556,9.4,253,26,12.6972
376,1.351,85,169,"2026-08-09_IQFGX",4.75104522995059,NA,NA,NA,NA,NA,NA,NA,NA,NA,NA,NA,NA,NA,NA,221,44.37404779,-79.678407879,-1.12698,9.4,253,27,12.6288
377,1.3545,84,169,"2026-08-09_IQFGX",4.81417292509147,NA,NA,NA,NA,NA,NA,NA,NA,NA,NA,NA,NA,NA,NA,221,44.374066482,-79.67845507,-1.12698,9.51,257,27,12.4632
378,1.3578,84,168,"2026-08-09_IQFGX",4.92077551422104,NA,NA,NA,NA,NA,NA,NA,NA,NA,NA,NA,NA,NA,NA,221.2,44.374071762,-79.678495554,-0.520924,9.41,259,27,12.1932
379,1.3613,84,168,"2026-08-09_IQFGX",4.81417292509147,NA,NA,NA,NA,NA,NA,NA,NA,NA,NA,NA,NA,NA,NA,221.4,44.374085508,-79.678549869,0.0505051,9.51,257,27,12.4632
380,1.3649,85,168,"2026-08-09_IQFGX",4.6882325363338,NA,NA,NA,NA,NA,NA,NA,NA,NA,NA,NA,NA,NA,NA,221.6,44.37408928,-79.678592784,0.606061,9.45,252,26,12.798
381,1.3685,87,168,"2026-08-09_IQFGX",4.62705904127337,NA,NA,NA,NA,NA,NA,NA,NA,NA,NA,NA,NA,NA,NA,221.8,44.374095651,-79.678644081,1.16162,9.15,246,27,12.9672
382,1.3721,86,168,"2026-08-09_IQFGX",4.5687134502924,NA,NA,NA,NA,NA,NA,NA,NA,NA,NA,NA,NA,NA,NA,222,44.374098584,-79.678687248,1.71717,9.38,247,27,13.1328
383,1.3758,87,168,"2026-08-09_IQFGX",4.476676515355,NA,NA,NA,NA,NA,NA,NA,NA,NA,NA,NA,NA,NA,NA,222,44.374101099,-79.678732678,2.27273,9.28,243,26,13.4028
384,1.3795,87,167,"2026-08-09_IQFGX",4.4996400287977,NA,NA,NA,NA,NA,NA,NA,NA,NA,NA,NA,NA,NA,NA,222,44.374109313,-79.678780539,2.27273,9.27,243,26,13.3344
385,1.3832,87,167,"2026-08-09_IQFGX",4.5687134502924,NA,NA,NA,NA,NA,NA,NA,NA,NA,NA,NA,NA,NA,NA,222,44.374112163,-79.678824041,2.27273,9.19,245,27,13.1328
386,1.3868,87,167,"2026-08-09_IQFGX",4.60405156537753,NA,NA,NA,NA,NA,NA,NA,NA,NA,NA,NA,NA,NA,NA,221.8,44.374125071,-79.678870896,2.2886,9.19,245,27,13.032
387,1.3904,87,168,"2026-08-09_IQFGX",4.62705904127337,NA,NA,NA,NA,NA,NA,NA,NA,NA,NA,NA,NA,NA,NA,221.8,44.374127669,-79.678912135,2.2886,9.15,246,27,12.9672
388,1.394,88,168,"2026-08-09_IQFGX",4.63994060876021,NA,NA,NA,NA,NA,NA,NA,NA,NA,NA,NA,NA,NA,NA,221.8,44.374137476,-79.67895857,1.68254,9.14,246,26,12.9312
389,1.3976,88,168,"2026-08-09_IQFGX",4.67639356528245,NA,NA,NA,NA,NA,NA,NA,NA,NA,NA,NA,NA,NA,NA,222,44.374139236,-79.678996289,1.66667,8.92,245,26,12.8304
390,1.4012,88,168,"2026-08-09_IQFGX",4.65159549725556,NA,NA,NA,NA,NA,NA,NA,NA,NA,NA,NA,NA,NA,NA,222.2,44.374148959,-79.679044317,1.66667,8.96,244,26,12.8988
391,1.4047,88,168,"2026-08-09_IQFGX",4.65159549725556,NA,NA,NA,NA,NA,NA,NA,NA,NA,NA,NA,NA,NA,NA,222.4,44.374151223,-79.679085808,1.68254,8.96,244,26,12.8988
392,1.4083,88,168,"2026-08-09_IQFGX",4.65159549725556,NA,NA,NA,NA,NA,NA,NA,NA,NA,NA,NA,NA,NA,NA,222.6,44.374159604,-79.679138195,1.68254,8.96,244,26,12.8988
393,1.4119,88,168,"2026-08-09_IQFGX",4.6633090841261,NA,NA,NA,NA,NA,NA,NA,NA,NA,NA,NA,NA,NA,NA,222.6,44.374163376,-79.679181613,1.68254,8.96,244,26,12.8664
394,1.4155,88,168,"2026-08-09_IQFGX",4.67639356528245,NA,NA,NA,NA,NA,NA,NA,NA,NA,NA,NA,NA,NA,NA,222.6,44.374170082,-79.679225115,1.68254,8.92,245,26,12.8304
395,1.419,88,168,"2026-08-09_IQFGX",4.6882325363338,NA,NA,NA,NA,NA,NA,NA,NA,NA,NA,NA,NA,NA,NA,222.8,44.374179218,-79.679271467,2.25397,8.92,245,26,12.798
396,1.4225,88,168,"2026-08-09_IQFGX",4.7254512805973,NA,NA,NA,NA,NA,NA,NA,NA,NA,NA,NA,NA,NA,NA,223,44.374182068,-79.679313795,3.38095,8.88,246,26,12.6972
397,1.426,87,168,"2026-08-09_IQFGX",4.77554918815664,NA,NA,NA,NA,NA,NA,NA,NA,NA,NA,NA,NA,NA,NA,223,44.374190198,-79.679360818,3.38095,9.01,249,26,12.564
398,1.4295,87,168,"2026-08-09_IQFGX",4.78927203065134,NA,NA,NA,NA,NA,NA,NA,NA,NA,NA,NA,NA,NA,NA,223.2,44.374186678,-79.679402476,3.95238,9.01,249,26,12.528
399,1.433,87,168,"2026-08-09_IQFGX",4.81417292509147,NA,NA,NA,NA,NA,NA,NA,NA,NA,NA,NA,NA,NA,NA,223.4,44.374188941,-79.679448576,3.96825,8.97,250,26,12.4632
400,1.4364,87,168,"2026-08-09_IQFGX",4.84073966502082,NA,NA,NA,NA,NA,NA,NA,NA,NA,NA,NA,NA,NA,NA,223.6,44.374184918,-79.679488977,4.00093,8.97,250,26,12.3948
401,1.4399,87,168,"2026-08-09_IQFGX",4.82811896485129,NA,NA,NA,NA,NA,NA,NA,NA,NA,NA,NA,NA,NA,NA,224,44.374184499,-79.679536335,4.57236,8.97,250,26,12.4272
402,1.4433,87,168,"2026-08-09_IQFGX",4.8534265191225,NA,NA,NA,NA,NA,NA,NA,NA,NA,NA,NA,NA,NA,NA,224.2,44.374179302,-79.67957858,4.60504,8.96,250,26,12.3624
403,1.4467,87,168,"2026-08-09_IQFGX",4.88042947779405,NA,NA,NA,NA,NA,NA,NA,NA,NA,NA,NA,NA,NA,NA,224.2,44.374173518,-79.679622669,4.60504,8.92,251,26,12.294
404,1.4501,87,168,"2026-08-09_IQFGX",4.88042947779405,NA,NA,NA,NA,NA,NA,NA,NA,NA,NA,NA,NA,NA,NA,224.4,44.374166561,-79.679664746,5.19328,8.92,251,26,12.294
405,1.4536,87,167,"2026-08-09_IQFGX",4.8534265191225,NA,NA,NA,NA,NA,NA,NA,NA,NA,NA,NA,NA,NA,NA,224.4,44.374154575,-79.67970062,4.62185,8.96,250,26,12.3624
406,1.457,87,167,"2026-08-09_IQFGX",4.86760124610592,NA,NA,NA,NA,NA,NA,NA,NA,NA,NA,NA,NA,NA,NA,224.4,44.374143344,-79.679747308,4.05042,8.96,250,26,12.3264
407,1.4605,87,167,"2026-08-09_IQFGX",4.78927203065134,NA,NA,NA,NA,NA,NA,NA,NA,NA,NA,NA,NA,NA,NA,224.6,44.374126077,-79.679780751,4.62185,9.01,249,26,12.528
408,1.464,87,166,"2026-08-09_IQFGX",4.77554918815664,NA,NA,NA,NA,NA,NA,NA,NA,NA,NA,NA,NA,NA,NA,224.8,44.374108559,-79.679828863,4.62185,9.01,249,26,12.564
409,1.4675,87,166,"2026-08-09_IQFGX",4.65159549725556,NA,NA,NA,NA,NA,NA,NA,NA,NA,NA,NA,NA,NA,NA,225,44.374089196,-79.679859625,4.62185,9.14,246,26,12.8988
410,1.4712,87,165,"2026-08-09_IQFGX",4.60405156537753,NA,NA,NA,NA,NA,NA,NA,NA,NA,NA,NA,NA,NA,NA,225.2,44.374068577,-79.679902959,4.57415,9.19,245,26,13.032
411,1.4748,87,166,"2026-08-09_IQFGX",4.5687134502924,NA,NA,NA,NA,NA,NA,NA,NA,NA,NA,NA,NA,NA,NA,225.2,44.374049634,-79.679930536,3.4313,9.19,245,26,13.1328
412,1.4784,88,166,"2026-08-09_IQFGX",4.59136822773186,NA,NA,NA,NA,NA,NA,NA,NA,NA,NA,NA,NA,NA,NA,225.4,44.374025494,-79.679970182,3.39862,9.19,245,26,13.068
413,1.4821,88,166,"2026-08-09_IQFGX",4.60405156537753,NA,NA,NA,NA,NA,NA,NA,NA,NA,NA,NA,NA,NA,NA,225.4,44.374006048,-79.680003458,3.39862,9,243,26,13.032
414,1.4857,88,166,"2026-08-09_IQFGX",4.63994060876021,NA,NA,NA,NA,NA,NA,NA,NA,NA,NA,NA,NA,NA,NA,225.4,44.373983249,-79.680038998,2.81038,8.96,244,26,12.9312
415,1.4892,88,165,"2026-08-09_IQFGX",4.7001316036849,NA,NA,NA,NA,NA,NA,NA,NA,NA,NA,NA,NA,NA,NA,225.6,44.373965983,-79.680074788,3.38181,8.92,245,26,12.7656
416,1.4928,88,166,"2026-08-09_IQFGX",4.67639356528245,NA,NA,NA,NA,NA,NA,NA,NA,NA,NA,NA,NA,NA,NA,225.6,44.373951147,-79.680110579,3.38181,8.92,245,26,12.8304
417,1.4963,87,166,"2026-08-09_IQFGX",4.67639356528245,NA,NA,NA,NA,NA,NA,NA,NA,NA,NA,NA,NA,NA,NA,225.6,44.373942094,-79.680154836,2.81038,9.1,247,26,12.8304
418,1.4999,88,166,"2026-08-09_IQFGX",4.63994060876021,NA,NA,NA,NA,NA,NA,NA,NA,NA,NA,NA,NA,NA,NA,225.8,44.373932287,-79.680192554,2.79451,8.96,244,26,12.9312
419,1.5035,87,167,"2026-08-09_IQFGX",4.6633090841261,NA,NA,NA,NA,NA,NA,NA,NA,NA,NA,NA,NA,NA,NA,226,44.373936646,-79.680246785,2.77864,9.1,247,26,12.8664
420,1.5071,87,167,"2026-08-09_IQFGX",4.63994060876021,NA,NA,NA,NA,NA,NA,NA,NA,NA,NA,NA,NA,NA,NA,226,44.373934383,-79.680286934,2.2381,9.14,246,26,12.9312
421,1.5107,87,167,"2026-08-09_IQFGX",4.63994060876021,NA,NA,NA,NA,NA,NA,NA,NA,NA,NA,NA,NA,NA,NA,226,44.373939244,-79.680339321,2.2381,9.14,246,26,12.9312
422,1.5143,87,166,"2026-08-09_IQFGX",4.59136822773186,NA,NA,NA,NA,NA,NA,NA,NA,NA,NA,NA,NA,NA,NA,226,44.373937568,-79.680385087,1.68254,9.19,245,26,13.068
423,1.518,87,167,"2026-08-09_IQFGX",4.55622380171314,NA,NA,NA,NA,NA,NA,NA,NA,NA,NA,NA,NA,NA,NA,226,44.37394134,-79.680435713,1.68254,9.23,244,26,13.1688
424,1.5216,87,167,"2026-08-09_IQFGX",4.54504135987638,NA,NA,NA,NA,NA,NA,NA,NA,NA,NA,NA,NA,NA,NA,226.2,44.373947039,-79.680482484,2.2381,9.23,244,26,13.2012
425,1.5253,86,168,"2026-08-09_IQFGX",4.52161331162959,NA,NA,NA,NA,NA,NA,NA,NA,NA,NA,NA,NA,NA,NA,226,44.373949303,-79.68052146,1.12613,9.43,246,26,13.2696
426,1.529,86,167,"2026-08-09_IQFGX",4.54504135987638,NA,NA,NA,NA,NA,NA,NA,NA,NA,NA,NA,NA,NA,NA,226,44.373960534,-79.680569488,1.12613,9.39,247,26,13.2012
427,1.5326,86,168,"2026-08-09_IQFGX",4.60405156537753,NA,NA,NA,NA,NA,NA,NA,NA,NA,NA,NA,NA,NA,NA,226,44.373958858,-79.680609302,1.12613,9.34,248,26,13.032
428,1.5362,86,168,"2026-08-09_IQFGX",4.65159549725556,NA,NA,NA,NA,NA,NA,NA,NA,NA,NA,NA,NA,NA,NA,226.2,44.373969335,-79.680659678,1.12613,9.3,249,26,12.8988
429,1.5398,86,170,"2026-08-09_IQFGX",4.6633090841261,NA,NA,NA,NA,NA,NA,NA,NA,NA,NA,NA,NA,NA,NA,226.2,44.37397076,-79.680699156,0.570571,9.29,249,26,12.8664
430,1.5433,87,170,"2026-08-09_IQFGX",4.7254512805973,NA,NA,NA,NA,NA,NA,NA,NA,NA,NA,NA,NA,NA,NA,226.4,44.373977633,-79.680744335,1.142,9.06,248,26,12.6972
431,1.5468,87,170,"2026-08-09_IQFGX",4.7001316036849,NA,NA,NA,NA,NA,NA,NA,NA,NA,NA,NA,NA,NA,NA,226.6,44.373980232,-79.680788256,1.71343,9.1,247,25,12.7656
432,1.5504,87,169,"2026-08-09_IQFGX",4.6882325363338,NA,NA,NA,NA,NA,NA,NA,NA,NA,NA,NA,NA,NA,NA,226.6,44.373981908,-79.680829663,1.71343,9.1,247,26,12.798
433,1.5539,86,169,"2026-08-09_IQFGX",4.76326569496046,NA,NA,NA,NA,NA,NA,NA,NA,NA,NA,NA,NA,NA,NA,226.8,44.373990458,-79.680876434,2.28486,9.2,251,25,12.5964
434,1.5574,87,170,"2026-08-09_IQFGX",4.80169019494862,NA,NA,NA,NA,NA,NA,NA,NA,NA,NA,NA,NA,NA,NA,226.8,44.373990625,-79.680916751,1.7293,9.01,249,26,12.4956
435,1.5609,87,169,"2026-08-09_IQFGX",4.77554918815664,NA,NA,NA,NA,NA,NA,NA,NA,NA,NA,NA,NA,NA,NA,227,44.37400236,-79.680965785,2.84127,9.01,249,26,12.564
436,1.5643,87,170,"2026-08-09_IQFGX",4.77554918815664,NA,NA,NA,NA,NA,NA,NA,NA,NA,NA,NA,NA,NA,NA,227,44.374001773,-79.681005599,2.84127,9.01,249,25,12.564
437,1.5678,87,170,"2026-08-09_IQFGX",4.77554918815664,NA,NA,NA,NA,NA,NA,NA,NA,NA,NA,NA,NA,NA,NA,226.8,44.374015268,-79.681056309,2.26984,9.01,249,25,12.564
438,1.5714,87,170,"2026-08-09_IQFGX",4.67639356528245,NA,NA,NA,NA,NA,NA,NA,NA,NA,NA,NA,NA,NA,NA,226.8,44.374020213,-79.681096542,1.71429,9.1,247,25,12.8304
439,1.5751,87,168,"2026-08-09_IQFGX",4.5687134502924,NA,NA,NA,NA,NA,NA,NA,NA,NA,NA,NA,NA,NA,NA,227,44.374038821,-79.681139039,2.25483,9.19,245,26,13.1328
440,1.5787,87,167,"2026-08-09_IQFGX",4.52161331162959,NA,NA,NA,NA,NA,NA,NA,NA,NA,NA,NA,NA,NA,NA,226.8,44.374054244,-79.681172231,1.12784,9.24,244,25,13.2696
441,1.5824,87,168,"2026-08-09_IQFGX",4.55622380171314,NA,NA,NA,NA,NA,NA,NA,NA,NA,NA,NA,NA,NA,NA,226.8,44.374079306,-79.681202154,0.556414,9.23,244,25,13.1688
442,1.586,87,168,"2026-08-09_IQFGX",4.5687134502924,NA,NA,NA,NA,NA,NA,NA,NA,NA,NA,NA,NA,NA,NA,227,44.374111325,-79.681230737,1.11197,9.19,245,25,13.1328
443,1.5897,86,168,"2026-08-09_IQFGX",4.58001282403591,NA,NA,NA,NA,NA,NA,NA,NA,NA,NA,NA,NA,NA,NA,227,44.3741301,-79.681259403,0.540541,9.38,247,25,13.1004
444,1.5933,86,168,"2026-08-09_IQFGX",4.61552663158866,NA,NA,NA,NA,NA,NA,NA,NA,NA,NA,NA,NA,NA,NA,226.8,44.374164634,-79.681281363,-0.015015,9.34,248,25,12.9996
445,1.5969,85,168,"2026-08-09_IQFGX",4.63994060876021,NA,NA,NA,NA,NA,NA,NA,NA,NA,NA,NA,NA,NA,NA,226.8,44.374187768,-79.681303911,-0.586444,9.49,251,25,12.9312
446,1.6005,85,167,"2026-08-09_IQFGX",4.59136822773186,NA,NA,NA,NA,NA,NA,NA,NA,NA,NA,NA,NA,NA,NA,226.8,44.374217188,-79.681331487,-0.586444,9.54,250,25,13.068
447,1.6042,84,167,"2026-08-09_IQFGX",4.54504135987638,NA,NA,NA,NA,NA,NA,NA,NA,NA,NA,NA,NA,NA,NA,226.8,44.374245938,-79.681359231,-0.015015,9.75,252,25,13.2012
448,1.6078,84,167,"2026-08-09_IQFGX",4.53391367428364,NA,NA,NA,NA,NA,NA,NA,NA,NA,NA,NA,NA,NA,NA,226.6,44.374261445,-79.681394519,-0.570571,9.76,252,25,13.2336
449,1.6115,84,168,"2026-08-09_IQFGX",4.54504135987638,NA,NA,NA,NA,NA,NA,NA,NA,NA,NA,NA,NA,NA,NA,226.6,44.374285668,-79.681439027,-1.11111,9.75,252,25,13.2012
450,1.6152,84,168,"2026-08-09_IQFGX",4.53391367428364,NA,NA,NA,NA,NA,NA,NA,NA,NA,NA,NA,NA,NA,NA,226.4,44.374291536,-79.681479009,-1.0961,9.76,252,25,13.2336
451,1.6189,84,168,"2026-08-09_IQFGX",4.510599909788,NA,NA,NA,NA,NA,NA,NA,NA,NA,NA,NA,NA,NA,NA,226.2,44.374297906,-79.681527037,-1.63664,9.8,251,25,13.302
452,1.6226,84,168,"2026-08-09_IQFGX",4.48752468138575,NA,NA,NA,NA,NA,NA,NA,NA,NA,NA,NA,NA,NA,NA,226.2,44.374301175,-79.681569952,-2.19219,9.8,251,25,13.3704
453,1.6263,85,168,"2026-08-09_IQFGX",4.476676515355,NA,NA,NA,NA,NA,NA,NA,NA,NA,NA,NA,NA,NA,NA,226.4,44.374304779,-79.681614879,-1.65165,9.63,248,25,13.4028
454,1.63,86,168,"2026-08-09_IQFGX",4.4996400287977,NA,NA,NA,NA,NA,NA,NA,NA,NA,NA,NA,NA,NA,NA,226.4,44.374309473,-79.681662908,-1.0961,9.43,246,25,13.3344
455,1.6337,86,169,"2026-08-09_IQFGX",4.52161331162959,NA,NA,NA,NA,NA,NA,NA,NA,NA,NA,NA,NA,NA,NA,226.4,44.374304611,-79.68170532,-1.0961,9.43,246,25,13.2696
456,1.6373,86,171,"2026-08-09_IQFGX",4.59136822773186,NA,NA,NA,NA,NA,NA,NA,NA,NA,NA,NA,NA,NA,NA,226.4,44.374308132,-79.681758042,-1.0961,9.34,248,25,13.068
457,1.6409,86,172,"2026-08-09_IQFGX",4.6633090841261,NA,NA,NA,NA,NA,NA,NA,NA,NA,NA,NA,NA,NA,NA,226.4,44.374305701,-79.681796431,-1.0961,9.29,249,25,12.8664
458,1.6445,86,171,"2026-08-09_IQFGX",4.67639356528245,NA,NA,NA,NA,NA,NA,NA,NA,NA,NA,NA,NA,NA,NA,226.2,44.37430788,-79.681852003,-1.0961,9.29,249,25,12.8304
459,1.6481,87,169,"2026-08-09_IQFGX",4.63994060876021,NA,NA,NA,NA,NA,NA,NA,NA,NA,NA,NA,NA,NA,NA,226.2,44.374303186,-79.681894583,-1.0961,9.14,246,25,12.9312
460,1.6517,87,167,"2026-08-09_IQFGX",4.63994060876021,NA,NA,NA,NA,NA,NA,NA,NA,NA,NA,NA,NA,NA,NA,226.4,44.374307797,-79.681944623,0,9.14,246,25,12.9312
461,1.6553,87,167,"2026-08-09_IQFGX",4.5687134502924,NA,NA,NA,NA,NA,NA,NA,NA,NA,NA,NA,NA,NA,NA,226.4,44.374305114,-79.681986617,0.540541,9.19,245,25,13.1328
462,1.659,87,167,"2026-08-09_IQFGX",4.510599909788,NA,NA,NA,NA,NA,NA,NA,NA,NA,NA,NA,NA,NA,NA,226.4,44.37430788,-79.682029364,0.540541,9.24,244,25,13.302
463,1.6627,87,168,"2026-08-09_IQFGX",4.510599909788,NA,NA,NA,NA,NA,NA,NA,NA,NA,NA,NA,NA,NA,NA,226.6,44.374309892,-79.682074627,0.540541,9.24,244,25,13.302
464,1.6664,87,168,"2026-08-09_IQFGX",4.53391367428364,NA,NA,NA,NA,NA,NA,NA,NA,NA,NA,NA,NA,NA,NA,226.6,44.374309305,-79.682117626,0.540541,9.23,244,25,13.2336
465,1.6701,87,169,"2026-08-09_IQFGX",4.54504135987638,NA,NA,NA,NA,NA,NA,NA,NA,NA,NA,NA,NA,NA,NA,226.6,44.374312323,-79.682169091,0.540541,9.23,244,25,13.2012
466,1.6737,87,171,"2026-08-09_IQFGX",4.55622380171314,NA,NA,NA,NA,NA,NA,NA,NA,NA,NA,NA,NA,NA,NA,226.6,44.374308719,-79.682210581,0.540541,9.23,244,25,13.1688
467,1.6773,87,170,"2026-08-09_IQFGX",4.60405156537753,NA,NA,NA,NA,NA,NA,NA,NA,NA,NA,NA,NA,NA,NA,226.6,44.374311149,-79.682260034,0.540541,9.19,245,25,13.032
468,1.681,87,169,"2026-08-09_IQFGX",4.5687134502924,NA,NA,NA,NA,NA,NA,NA,NA,NA,NA,NA,NA,NA,NA,226.6,44.374305198,-79.682296831,1.0961,9.19,245,25,13.1328
469,1.6846,87,169,"2026-08-09_IQFGX",4.58001282403591,NA,NA,NA,NA,NA,NA,NA,NA,NA,NA,NA,NA,NA,NA,226.6,44.374310143,-79.682346452,1.0961,9.19,245,25,13.1004
470,1.6883,87,169,"2026-08-09_IQFGX",4.54504135987638,NA,NA,NA,NA,NA,NA,NA,NA,NA,NA,NA,NA,NA,NA,226.4,44.37430612,-79.682389032,0,9.23,244,25,13.2012
471,1.6919,87,169,"2026-08-09_IQFGX",4.5687134502924,NA,NA,NA,NA,NA,NA,NA,NA,NA,NA,NA,NA,NA,NA,226.4,44.374309389,-79.682443514,0,9.19,245,25,13.1328
472,1.6956,87,170,"2026-08-09_IQFGX",4.53391367428364,NA,NA,NA,NA,NA,NA,NA,NA,NA,NA,NA,NA,NA,NA,226.4,44.374306204,-79.682486011,0,9.23,244,25,13.2336
473,1.6993,87,170,"2026-08-09_IQFGX",4.54504135987638,NA,NA,NA,NA,NA,NA,NA,NA,NA,NA,NA,NA,NA,NA,226.4,44.374308802,-79.682533704,-0.540541,9.23,244,25,13.2012
474,1.703,88,169,"2026-08-09_IQFGX",4.53391367428364,NA,NA,NA,NA,NA,NA,NA,NA,NA,NA,NA,NA,NA,NA,226.4,44.374307042,-79.682581061,-0.540541,9.05,242,25,13.2336
475,1.7066,88,169,"2026-08-09_IQFGX",4.510599909788,NA,NA,NA,NA,NA,NA,NA,NA,NA,NA,NA,NA,NA,NA,226.4,44.374306623,-79.682628168,-0.540541,9.09,241,25,13.302
476,1.7103,88,168,"2026-08-09_IQFGX",4.53391367428364,NA,NA,NA,NA,NA,NA,NA,NA,NA,NA,NA,NA,NA,NA,226.4,44.37430721,-79.682680806,-0.540541,9.05,242,25,13.2336
477,1.714,88,168,"2026-08-09_IQFGX",4.53391367428364,NA,NA,NA,NA,NA,NA,NA,NA,NA,NA,NA,NA,NA,NA,226.4,44.374307545,-79.682728331,-0.540541,9.05,242,25,13.2336
478,1.7177,88,168,"2026-08-09_IQFGX",4.52161331162959,NA,NA,NA,NA,NA,NA,NA,NA,NA,NA,NA,NA,NA,NA,226.4,44.374310814,-79.682774767,-0.540541,9.05,242,25,13.2696
479,1.7214,88,168,"2026-08-09_IQFGX",4.476676515355,NA,NA,NA,NA,NA,NA,NA,NA,NA,NA,NA,NA,NA,NA,226.4,44.374310143,-79.68281718,-0.540541,9.05,242,25,13.4028
480,1.7251,88,168,"2026-08-09_IQFGX",4.53391367428364,NA,NA,NA,NA,NA,NA,NA,NA,NA,NA,NA,NA,NA,NA,226.4,44.374314251,-79.682868058,0,9.05,242,25,13.2336
481,1.7288,88,168,"2026-08-09_IQFGX",4.476676515355,NA,NA,NA,NA,NA,NA,NA,NA,NA,NA,NA,NA,NA,NA,226.4,44.374310227,-79.682910386,0,9.09,241,25,13.4028
482,1.7326,88,168,"2026-08-09_IQFGX",4.45394619632995,NA,NA,NA,NA,NA,NA,NA,NA,NA,NA,NA,NA,NA,NA,226.4,44.374315927,-79.682960091,0,9.09,241,25,13.4712
483,1.7363,89,167,"2026-08-09_IQFGX",4.476676515355,NA,NA,NA,NA,NA,NA,NA,NA,NA,NA,NA,NA,NA,NA,226.4,44.374314083,-79.683003845,0,8.95,238,25,13.4028
484,1.74,88,167,"2026-08-09_IQFGX",4.48752468138575,NA,NA,NA,NA,NA,NA,NA,NA,NA,NA,NA,NA,NA,NA,226.4,44.374320956,-79.683060925,0,9.09,241,25,13.3704
485,1.7437,88,168,"2026-08-09_IQFGX",4.44325957522438,NA,NA,NA,NA,NA,NA,NA,NA,NA,NA,NA,NA,NA,NA,226.4,44.374319196,-79.683109037,0,9.13,240,25,13.5036
486,1.7476,88,168,"2026-08-09_IQFGX",4.3561596096881,NA,NA,NA,NA,NA,NA,NA,NA,NA,NA,NA,NA,NA,NA,226.4,44.374322046,-79.683161676,0,9.21,238,25,13.7736
487,1.7514,88,169,"2026-08-09_IQFGX",4.3561596096881,NA,NA,NA,NA,NA,NA,NA,NA,NA,NA,NA,NA,NA,NA,226.2,44.374319112,-79.683206603,-0.526316,9.21,238,25,13.7736
488,1.7553,88,169,"2026-08-09_IQFGX",4.31443610320131,NA,NA,NA,NA,NA,NA,NA,NA,NA,NA,NA,NA,NA,NA,226.2,44.374323387,-79.683257649,-0.526316,9.25,237,25,13.9068
489,1.7591,88,169,"2026-08-09_IQFGX",4.34593654932638,NA,NA,NA,NA,NA,NA,NA,NA,NA,NA,NA,NA,NA,NA,226.2,44.37432171,-79.683305593,-0.526316,9.21,238,25,13.806
490,1.7629,88,169,"2026-08-09_IQFGX",4.3675751222921,NA,NA,NA,NA,NA,NA,NA,NA,NA,NA,NA,NA,NA,NA,226.2,44.374321543,-79.683347754,-0.526316,9.21,238,25,13.7376
491,1.7667,88,168,"2026-08-09_IQFGX",4.41033783187792,NA,NA,NA,NA,NA,NA,NA,NA,NA,NA,NA,NA,NA,NA,226.2,44.37432104,-79.683396118,-0.526316,9.17,239,25,13.6044
492,1.7704,88,168,"2026-08-09_IQFGX",4.43262411347518,NA,NA,NA,NA,NA,NA,NA,NA,NA,NA,NA,NA,NA,NA,226,44.374320705,-79.683437357,-1.06686,9.13,240,25,13.536
493,1.7742,88,169,"2026-08-09_IQFGX",4.476676515355,NA,NA,NA,NA,NA,NA,NA,NA,NA,NA,NA,NA,NA,NA,226,44.37432171,-79.683487983,-1.06686,9.09,241,25,13.4028
494,1.7779,87,168,"2026-08-09_IQFGX",4.4996400287977,NA,NA,NA,NA,NA,NA,NA,NA,NA,NA,NA,NA,NA,NA,226,44.374317017,-79.683526791,-1.06686,9.27,243,25,13.3344
495,1.7815,88,168,"2026-08-09_IQFGX",4.52161331162959,NA,NA,NA,NA,NA,NA,NA,NA,NA,NA,NA,NA,NA,NA,225.8,44.374319531,-79.683577753,-1.62241,9.05,242,25,13.2696
496,1.7852,87,169,"2026-08-09_IQFGX",4.52161331162959,NA,NA,NA,NA,NA,NA,NA,NA,NA,NA,NA,NA,NA,NA,225.8,44.374318777,-79.683619663,-1.62241,9.05,242,25,13.2696
497,1.7889,87,169,"2026-08-09_IQFGX",4.54504135987638,NA,NA,NA,NA,NA,NA,NA,NA,NA,NA,NA,NA,NA,NA,225.8,44.374326991,-79.683675738,-1.0961,9.23,244,25,13.2012
498,1.7926,87,169,"2026-08-09_IQFGX",4.53391367428364,NA,NA,NA,NA,NA,NA,NA,NA,NA,NA,NA,NA,NA,NA,225.8,44.374325482,-79.683717396,-1.0961,9.23,244,25,13.2336
499,1.7962,86,169,"2026-08-09_IQFGX",4.5687134502924,NA,NA,NA,NA,NA,NA,NA,NA,NA,NA,NA,NA,NA,NA,225.8,44.37432917,-79.683764502,-1.0961,9.38,247,25,13.1328
500,1.7999,86,168,"2026-08-09_IQFGX",4.58001282403591,NA,NA,NA,NA,NA,NA,NA,NA,NA,NA,NA,NA,NA,NA,225.8,44.374331266,-79.683808843,-1.0961,9.38,247,25,13.1004
501,1.8035,86,168,"2026-08-09_IQFGX",4.62705904127337,NA,NA,NA,NA,NA,NA,NA,NA,NA,NA,NA,NA,NA,NA,225.8,44.374332356,-79.683852512,-1.0961,9.34,248,25,12.9672
502,1.8071,86,168,"2026-08-09_IQFGX",4.5687134502924,NA,NA,NA,NA,NA,NA,NA,NA,NA,NA,NA,NA,NA,NA,226,44.374334702,-79.683902385,0,9.38,247,25,13.1328
503,1.8107,87,168,"2026-08-09_IQFGX",4.61552663158866,NA,NA,NA,NA,NA,NA,NA,NA,NA,NA,NA,NA,NA,NA,225.8,44.374332439,-79.683945719,-0.555556,9.15,246,25,12.9996
504,1.8144,87,168,"2026-08-09_IQFGX",4.510599909788,NA,NA,NA,NA,NA,NA,NA,NA,NA,NA,NA,NA,NA,NA,225.8,44.374337552,-79.683998525,-0.555556,9.24,244,25,13.302
505,1.8182,88,168,"2026-08-09_IQFGX",4.46588067166845,NA,NA,NA,NA,NA,NA,NA,NA,NA,NA,NA,NA,NA,NA,225.8,44.374332523,-79.684040435,0,9.13,240,25,13.4352
506,1.8219,88,168,"2026-08-09_IQFGX",4.44325957522438,NA,NA,NA,NA,NA,NA,NA,NA,NA,NA,NA,NA,NA,NA,225.8,44.374339145,-79.684093241,0,9.13,240,25,13.5036
507,1.8257,88,168,"2026-08-09_IQFGX",4.42086648983201,NA,NA,NA,NA,NA,NA,NA,NA,NA,NA,NA,NA,NA,NA,225.8,44.374335792,-79.684137665,0,9.17,239,25,13.572
508,1.8294,88,168,"2026-08-09_IQFGX",4.43262411347518,NA,NA,NA,NA,NA,NA,NA,NA,NA,NA,NA,NA,NA,NA,225.8,44.374337636,-79.684186112,0,9.13,240,25,13.536
509,1.8331,87,169,"2026-08-09_IQFGX",4.4996400287977,NA,NA,NA,NA,NA,NA,NA,NA,NA,NA,NA,NA,NA,NA,225.8,44.374336127,-79.684231374,0,9.27,243,25,13.3344
510,1.8368,87,168,"2026-08-09_IQFGX",4.53391367428364,NA,NA,NA,NA,NA,NA,NA,NA,NA,NA,NA,NA,NA,NA,225.6,44.374337049,-79.684275547,-0.540541,9.23,244,25,13.2336
511,1.8405,87,166,"2026-08-09_IQFGX",4.54504135987638,NA,NA,NA,NA,NA,NA,NA,NA,NA,NA,NA,NA,NA,NA,225.6,44.374337971,-79.684324162,-0.540541,9.23,244,25,13.2012
512,1.8442,87,166,"2026-08-09_IQFGX",4.53391367428364,NA,NA,NA,NA,NA,NA,NA,NA,NA,NA,NA,NA,NA,NA,225.4,44.374337049,-79.684367161,-1.63664,9.23,244,25,13.2336
513,1.8479,87,167,"2026-08-09_IQFGX",4.48752468138575,NA,NA,NA,NA,NA,NA,NA,NA,NA,NA,NA,NA,NA,NA,225.2,44.374339061,-79.684418542,-1.62162,9.28,243,25,13.3704
514,1.8516,87,167,"2026-08-09_IQFGX",4.48752468138575,NA,NA,NA,NA,NA,NA,NA,NA,NA,NA,NA,NA,NA,NA,225,44.374336044,-79.684465732,-2.16216,9.28,243,25,13.3704
515,1.8553,87,168,"2026-08-09_IQFGX",4.45394619632995,NA,NA,NA,NA,NA,NA,NA,NA,NA,NA,NA,NA,NA,NA,224.8,44.374339061,-79.684515521,-2.7027,9.32,242,25,13.4712
516,1.8591,87,169,"2026-08-09_IQFGX",4.41033783187792,NA,NA,NA,NA,NA,NA,NA,NA,NA,NA,NA,NA,NA,NA,224.8,44.374336463,-79.684559693,-2.7027,9.36,241,25,13.6044
517,1.8628,87,168,"2026-08-09_IQFGX",4.45394619632995,NA,NA,NA,NA,NA,NA,NA,NA,NA,NA,NA,NA,NA,NA,224.8,44.37433948,-79.68460965,-2.7027,9.32,242,25,13.4712
518,1.8666,87,167,"2026-08-09_IQFGX",4.46588067166845,NA,NA,NA,NA,NA,NA,NA,NA,NA,NA,NA,NA,NA,NA,225,44.374336044,-79.684654744,-2.17639,9.28,243,25,13.4352
519,1.8703,87,167,"2026-08-09_IQFGX",4.476676515355,NA,NA,NA,NA,NA,NA,NA,NA,NA,NA,NA,NA,NA,NA,225.2,44.374337468,-79.684703862,-1.63585,9.28,243,24,13.4028
520,1.874,87,167,"2026-08-09_IQFGX",4.4996400287977,NA,NA,NA,NA,NA,NA,NA,NA,NA,NA,NA,NA,NA,NA,225,44.374337888,-79.68475189,-1.63585,9.27,243,25,13.3344
521,1.8777,87,167,"2026-08-09_IQFGX",4.510599909788,NA,NA,NA,NA,NA,NA,NA,NA,NA,NA,NA,NA,NA,NA,225,44.374336379,-79.684795309,-1.63585,9.24,244,24,13.302
522,1.8814,87,167,"2026-08-09_IQFGX",4.45394619632995,NA,NA,NA,NA,NA,NA,NA,NA,NA,NA,NA,NA,NA,NA,225.2,44.374338139,-79.684844594,-0.554765,9.32,242,24,13.4712
523,1.8852,87,167,"2026-08-09_IQFGX",4.476676515355,NA,NA,NA,NA,NA,NA,NA,NA,NA,NA,NA,NA,NA,NA,225,44.374335541,-79.684886671,-0.540541,9.28,243,24,13.4028
524,1.8889,87,166,"2026-08-09_IQFGX",4.42086648983201,NA,NA,NA,NA,NA,NA,NA,NA,NA,NA,NA,NA,NA,NA,225,44.374338977,-79.684939897,0,9.32,242,24,13.572
525,1.8927,87,166,"2026-08-09_IQFGX",4.37790035898783,NA,NA,NA,NA,NA,NA,NA,NA,NA,NA,NA,NA,NA,NA,225,44.374334619,-79.684984153,0.540541,9.36,241,24,13.7052
526,1.8965,87,166,"2026-08-09_IQFGX",4.38827453045463,NA,NA,NA,NA,NA,NA,NA,NA,NA,NA,NA,NA,NA,NA,224.8,44.374340989,-79.685036205,0.0142248,9.36,241,24,13.6728
527,1.9003,87,166,"2026-08-09_IQFGX",4.41033783187792,NA,NA,NA,NA,NA,NA,NA,NA,NA,NA,NA,NA,NA,NA,224.8,44.374337971,-79.68507627,0.0142248,9.36,241,24,13.6044
528,1.9041,87,167,"2026-08-09_IQFGX",4.37790035898783,NA,NA,NA,NA,NA,NA,NA,NA,NA,NA,NA,NA,NA,NA,224.8,44.374345767,-79.685127484,-0.512091,9.36,241,24,13.7052
529,1.9079,88,168,"2026-08-09_IQFGX",4.3675751222921,NA,NA,NA,NA,NA,NA,NA,NA,NA,NA,NA,NA,NA,NA,224.6,44.374342162,-79.685174003,-1.57895,9.21,238,24,13.7376
530,1.9117,88,168,"2026-08-09_IQFGX",4.41033783187792,NA,NA,NA,NA,NA,NA,NA,NA,NA,NA,NA,NA,NA,NA,224.6,44.374345347,-79.685224127,-1.03841,9.17,239,24,13.6044
531,1.9155,87,168,"2026-08-09_IQFGX",4.38827453045463,NA,NA,NA,NA,NA,NA,NA,NA,NA,NA,NA,NA,NA,NA,224.6,44.374345599,-79.685270898,-1.03841,9.36,241,24,13.6728
532,1.9193,87,168,"2026-08-09_IQFGX",4.41033783187792,NA,NA,NA,NA,NA,NA,NA,NA,NA,NA,NA,NA,NA,NA,224.6,44.374347191,-79.68531331,-1.57895,9.36,241,24,13.6044
533,1.923,87,168,"2026-08-09_IQFGX",4.46588067166845,NA,NA,NA,NA,NA,NA,NA,NA,NA,NA,NA,NA,NA,NA,224.6,44.374353562,-79.685362596,-1.05263,9.28,243,24,13.4352
534,1.9267,87,168,"2026-08-09_IQFGX",4.53391367428364,NA,NA,NA,NA,NA,NA,NA,NA,NA,NA,NA,NA,NA,NA,224.4,44.374356663,-79.685401153,-1.59317,9.23,244,24,13.2336
535,1.9304,87,168,"2026-08-09_IQFGX",4.5687134502924,NA,NA,NA,NA,NA,NA,NA,NA,NA,NA,NA,NA,NA,NA,224.4,44.374364793,-79.685450522,-1.59317,9.19,245,24,13.1328
536,1.934,86,169,"2026-08-09_IQFGX",4.60405156537753,NA,NA,NA,NA,NA,NA,NA,NA,NA,NA,NA,NA,NA,NA,224.4,44.374361189,-79.685495198,-1.06686,9.34,248,24,13.032
537,1.9376,87,169,"2026-08-09_IQFGX",4.58001282403591,NA,NA,NA,NA,NA,NA,NA,NA,NA,NA,NA,NA,NA,NA,224.4,44.374367308,-79.685548255,-1.06686,9.19,245,24,13.1004
538,1.9413,87,168,"2026-08-09_IQFGX",4.510599909788,NA,NA,NA,NA,NA,NA,NA,NA,NA,NA,NA,NA,NA,NA,224.4,44.374367308,-79.685591841,-1.06686,9.24,244,24,13.302
539,1.945,87,169,"2026-08-09_IQFGX",4.48752468138575,NA,NA,NA,NA,NA,NA,NA,NA,NA,NA,NA,NA,NA,NA,224.4,44.374372924,-79.685644815,-0.540541,9.28,243,24,13.3704
540,1.9488,87,168,"2026-08-09_IQFGX",4.476676515355,NA,NA,NA,NA,NA,NA,NA,NA,NA,NA,NA,NA,NA,NA,224.4,44.374373343,-79.685689155,-0.540541,9.28,243,24,13.4028
541,1.9525,87,168,"2026-08-09_IQFGX",4.42086648983201,NA,NA,NA,NA,NA,NA,NA,NA,NA,NA,NA,NA,NA,NA,224.6,44.374375103,-79.685737435,0,9.32,242,24,13.572
542,1.9563,87,167,"2026-08-09_IQFGX",4.42086648983201,NA,NA,NA,NA,NA,NA,NA,NA,NA,NA,NA,NA,NA,NA,224.6,44.374380049,-79.685784541,0,9.32,242,24,13.572
543,1.96,87,167,"2026-08-09_IQFGX",4.4996400287977,NA,NA,NA,NA,NA,NA,NA,NA,NA,NA,NA,NA,NA,NA,224.6,44.374381222,-79.685823181,0,9.27,243,24,13.3344
544,1.9637,87,167,"2026-08-09_IQFGX",4.52161331162959,NA,NA,NA,NA,NA,NA,NA,NA,NA,NA,NA,NA,NA,NA,224.6,44.374393376,-79.685873473,0.540541,9.24,244,24,13.2696
545,1.9673,87,167,"2026-08-09_IQFGX",4.54504135987638,NA,NA,NA,NA,NA,NA,NA,NA,NA,NA,NA,NA,NA,NA,224.8,44.374396812,-79.68591379,1.0961,9.23,244,24,13.2012
546,1.971,87,167,"2026-08-09_IQFGX",4.61552663158866,NA,NA,NA,NA,NA,NA,NA,NA,NA,NA,NA,NA,NA,NA,224.8,44.374409134,-79.68596668,1.0961,9.15,246,24,12.9996
547,1.9745,86,167,"2026-08-09_IQFGX",4.6633090841261,NA,NA,NA,NA,NA,NA,NA,NA,NA,NA,NA,NA,NA,NA,224.8,44.374408463,-79.686009763,1.0961,9.29,249,24,12.8664
548,1.9781,86,168,"2026-08-09_IQFGX",4.63994060876021,NA,NA,NA,NA,NA,NA,NA,NA,NA,NA,NA,NA,NA,NA,224.8,44.374414079,-79.686059635,1.0961,9.3,249,24,12.9312
549,1.9818,86,168,"2026-08-09_IQFGX",4.5687134502924,NA,NA,NA,NA,NA,NA,NA,NA,NA,NA,NA,NA,NA,NA,224.8,44.374419108,-79.68610255,1.0961,9.38,247,24,13.1328
550,1.9855,87,168,"2026-08-09_IQFGX",4.4996400287977,NA,NA,NA,NA,NA,NA,NA,NA,NA,NA,NA,NA,NA,NA,224.8,44.374428496,-79.686145382,1.0961,9.27,243,24,13.3344
551,1.9892,86,167,"2026-08-09_IQFGX",4.476676515355,NA,NA,NA,NA,NA,NA,NA,NA,NA,NA,NA,NA,NA,NA,224.8,44.374441823,-79.686190728,0.555556,9.47,245,24,13.4028
552,1.9929,86,168,"2026-08-09_IQFGX",4.48752468138575,NA,NA,NA,NA,NA,NA,NA,NA,NA,NA,NA,NA,NA,NA,224.8,44.374449032,-79.686231967,0.555556,9.47,245,24,13.3704
553,1.9966,86,167,"2026-08-09_IQFGX",4.46588067166845,NA,NA,NA,NA,NA,NA,NA,NA,NA,NA,NA,NA,NA,NA,224.8,44.37446479,-79.68627966,0.555556,9.47,245,24,13.4352
554,2.0003,86,168,"2026-08-09_IQFGX",4.510599909788,NA,NA,NA,NA,NA,NA,NA,NA,NA,NA,NA,NA,NA,NA,224.8,44.374469148,-79.686320396,0.555556,9.43,246,24,13.302
555,2.0039,86,169,"2026-08-09_IQFGX",4.61552663158866,NA,NA,NA,NA,NA,NA,NA,NA,NA,NA,NA,NA,NA,NA,224.8,44.374484906,-79.68636943,0,9.34,248,24,12.9996
556,2.0075,86,169,"2026-08-09_IQFGX",4.67639356528245,NA,NA,NA,NA,NA,NA,NA,NA,NA,NA,NA,NA,NA,NA,224.8,44.374491276,-79.68641134,0,9.29,249,24,12.8304
557,2.0111,86,169,"2026-08-09_IQFGX",4.71342383107089,NA,NA,NA,NA,NA,NA,NA,NA,NA,NA,NA,NA,NA,NA,225,44.37450628,-79.686459284,0.555556,9.25,250,24,12.7296
558,2.0146,86,169,"2026-08-09_IQFGX",4.71342383107089,NA,NA,NA,NA,NA,NA,NA,NA,NA,NA,NA,NA,NA,NA,225,44.374516506,-79.686500523,0.555556,9.25,250,24,12.7296
559,2.0181,86,169,"2026-08-09_IQFGX",4.75104522995059,NA,NA,NA,NA,NA,NA,NA,NA,NA,NA,NA,NA,NA,NA,225,44.37452933,-79.686539918,0.555556,9.2,251,24,12.6288
560,2.0217,86,169,"2026-08-09_IQFGX",4.6882325363338,NA,NA,NA,NA,NA,NA,NA,NA,NA,NA,NA,NA,NA,NA,225,44.374548609,-79.686580403,0.555556,9.25,250,24,12.798
561,2.0252,86,168,"2026-08-09_IQFGX",4.6882325363338,NA,NA,NA,NA,NA,NA,NA,NA,NA,NA,NA,NA,NA,NA,225,44.374558751,-79.686615104,0.555556,9.25,250,24,12.798
562,2.0288,87,169,"2026-08-09_IQFGX",4.67639356528245,NA,NA,NA,NA,NA,NA,NA,NA,NA,NA,NA,NA,NA,NA,225,44.374581549,-79.686653912,0.555556,9.1,247,24,12.8304
563,2.0323,86,169,"2026-08-09_IQFGX",4.7254512805973,NA,NA,NA,NA,NA,NA,NA,NA,NA,NA,NA,NA,NA,NA,225,44.374592446,-79.686691128,0.555556,9.24,250,24,12.6972
564,2.0359,87,169,"2026-08-09_IQFGX",4.67639356528245,NA,NA,NA,NA,NA,NA,NA,NA,NA,NA,NA,NA,NA,NA,225,44.37461667,-79.686735887,0.555556,9.1,247,24,12.8304
565,2.0394,87,169,"2026-08-09_IQFGX",4.65159549725556,NA,NA,NA,NA,NA,NA,NA,NA,NA,NA,NA,NA,NA,NA,224.8,44.374625722,-79.686772264,-0.015873,9.14,246,24,12.8988
566,2.043,86,169,"2026-08-09_IQFGX",4.65159549725556,NA,NA,NA,NA,NA,NA,NA,NA,NA,NA,NA,NA,NA,NA,224.8,44.374643995,-79.686815431,-0.015873,9.3,249,24,12.8988
567,2.0466,86,167,"2026-08-09_IQFGX",4.63994060876021,NA,NA,NA,NA,NA,NA,NA,NA,NA,NA,NA,NA,NA,NA,224.8,44.374659753,-79.686852982,-0.571429,9.3,249,24,12.9312
568,2.0502,86,168,"2026-08-09_IQFGX",4.62705904127337,NA,NA,NA,NA,NA,NA,NA,NA,NA,NA,NA,NA,NA,NA,224.6,44.374675175,-79.686888521,-1.12698,9.34,248,24,12.9672
569,2.0538,86,169,"2026-08-09_IQFGX",4.65159549725556,NA,NA,NA,NA,NA,NA,NA,NA,NA,NA,NA,NA,NA,NA,224.8,44.374695543,-79.686924228,-0.571429,9.3,249,24,12.8988
570,2.0573,86,169,"2026-08-09_IQFGX",4.71342383107089,NA,NA,NA,NA,NA,NA,NA,NA,NA,NA,NA,NA,NA,NA,224.8,44.374707781,-79.686960522,-0.571429,9.25,250,24,12.7296
571,2.0609,86,168,"2026-08-09_IQFGX",4.7001316036849,NA,NA,NA,NA,NA,NA,NA,NA,NA,NA,NA,NA,NA,NA,224.8,44.374733681,-79.686998827,-0.571429,9.25,250,24,12.7656
572,2.0645,86,168,"2026-08-09_IQFGX",4.65159549725556,NA,NA,NA,NA,NA,NA,NA,NA,NA,NA,NA,NA,NA,NA,224.8,44.374747008,-79.687034953,-0.571429,9.3,249,24,12.8988
573,2.0681,86,169,"2026-08-09_IQFGX",4.60405156537753,NA,NA,NA,NA,NA,NA,NA,NA,NA,NA,NA,NA,NA,NA,224.8,44.374773076,-79.687076276,-0.571429,9.34,248,24,13.032
574,2.0717,87,169,"2026-08-09_IQFGX",4.60405156537753,NA,NA,NA,NA,NA,NA,NA,NA,NA,NA,NA,NA,NA,NA,224.6,44.374787325,-79.687110809,-1.12698,9.19,245,24,13.032
575,2.0753,86,169,"2026-08-09_IQFGX",4.59136822773186,NA,NA,NA,NA,NA,NA,NA,NA,NA,NA,NA,NA,NA,NA,224.6,44.374809789,-79.687149282,-0.555556,9.34,248,24,13.068
576,2.0789,86,169,"2026-08-09_IQFGX",4.67639356528245,NA,NA,NA,NA,NA,NA,NA,NA,NA,NA,NA,NA,NA,NA,224.4,44.374829402,-79.687183313,-1.11111,9.29,249,24,12.8304
577,2.0825,86,168,"2026-08-09_IQFGX",4.6882325363338,NA,NA,NA,NA,NA,NA,NA,NA,NA,NA,NA,NA,NA,NA,224.4,44.374845915,-79.687214158,-1.11111,9.25,250,24,12.798
578,2.086,86,167,"2026-08-09_IQFGX",4.77554918815664,NA,NA,NA,NA,NA,NA,NA,NA,NA,NA,NA,NA,NA,NA,224.4,44.37486754,-79.687249362,-0.555556,9.2,251,24,12.564
579,2.0894,86,167,"2026-08-09_IQFGX",4.81417292509147,NA,NA,NA,NA,NA,NA,NA,NA,NA,NA,NA,NA,NA,NA,224.4,44.374880616,-79.687281381,-1.11111,9.15,252,24,12.4632
580,2.0929,86,167,"2026-08-09_IQFGX",4.81417292509147,NA,NA,NA,NA,NA,NA,NA,NA,NA,NA,NA,NA,NA,NA,224.2,44.374907354,-79.687321111,-1.68254,9.15,252,24,12.4632
581,2.0964,87,167,"2026-08-09_IQFGX",4.77554918815664,NA,NA,NA,NA,NA,NA,NA,NA,NA,NA,NA,NA,NA,NA,224.2,44.37491758,-79.687353968,-1.68254,9.01,249,24,12.564
582,2.0998,85,167,"2026-08-09_IQFGX",4.8534265191225,NA,NA,NA,NA,NA,NA,NA,NA,NA,NA,NA,NA,NA,NA,224.4,44.374936775,-79.687388418,-1.0943,8.96,250,24,12.3624
583,2.1032,85,168,"2026-08-09_IQFGX",4.89332550401253,NA,NA,NA,NA,NA,NA,NA,NA,NA,NA,NA,NA,NA,NA,224.4,44.374950186,-79.687417922,-1.0943,9.26,256,24,12.2616
584,2.1065,85,168,"2026-08-09_IQFGX",4.99001996007984,NA,NA,NA,NA,NA,NA,NA,NA,NA,NA,NA,NA,NA,NA,224.8,44.374959741,-79.687452372,0.673372,9.16,258,24,12.024
585,2.1098,86,169,"2026-08-09_IQFGX",5.10308226168606,NA,NA,NA,NA,NA,NA,NA,NA,NA,NA,NA,NA,NA,NA,225,44.374974325,-79.687486989,1.27943,9.1,259,24,11.7576
586,2.113,86,168,"2026-08-09_IQFGX",5.26925914216461,NA,NA,NA,NA,NA,NA,NA,NA,NA,NA,NA,NA,NA,NA,225.4,44.3749786,-79.687518505,3.08499,8.8,259,24,11.3868
587,2.1161,85,167,"2026-08-09_IQFGX",5.3972366148532,NA,NA,NA,NA,NA,NA,NA,NA,NA,NA,NA,NA,NA,NA,225.6,44.374990251,-79.687561169,3.73015,8.84,264,24,11.1168
588,2.1191,84,167,"2026-08-09_IQFGX",5.56483027267668,NA,NA,NA,NA,NA,NA,NA,NA,NA,NA,NA,NA,NA,NA,226,44.374995029,-79.687596876,5.06348,8.87,269,24,10.782
589,2.1221,85,166,"2026-08-09_IQFGX",5.51328702172235,NA,NA,NA,NA,NA,NA,NA,NA,NA,NA,NA,NA,NA,NA,226.2,44.375001399,-79.687635349,5.73015,8.77,265,24,10.8828
590,2.1251,85,166,"2026-08-09_IQFGX",5.51328702172235,NA,NA,NA,NA,NA,NA,NA,NA,NA,NA,NA,NA,NA,NA,226.4,44.375013301,-79.687678432,6.96825,8.77,265,24,10.8828
591,2.1282,85,167,"2026-08-09_IQFGX",5.41301288297066,NA,NA,NA,NA,NA,NA,NA,NA,NA,NA,NA,NA,NA,NA,226.4,44.375012966,-79.687714558,6.96825,8.84,264,24,11.0844
592,2.1313,86,168,"2026-08-09_IQFGX",5.26925914216461,NA,NA,NA,NA,NA,NA,NA,NA,NA,NA,NA,NA,NA,NA,226.4,44.375021851,-79.687758647,6.38001,8.8,259,24,11.3868
593,2.1346,86,168,"2026-08-09_IQFGX",5.11875511875512,NA,NA,NA,NA,NA,NA,NA,NA,NA,NA,NA,NA,NA,NA,226.4,44.37502118,-79.687793013,6.38001,8.91,257,24,11.7216
594,2.1379,86,168,"2026-08-09_IQFGX",5.08905852417303,NA,NA,NA,NA,NA,NA,NA,NA,NA,NA,NA,NA,NA,NA,226.4,44.375030652,-79.687838945,5.16789,8.92,257,24,11.79
595,2.1412,86,167,"2026-08-09_IQFGX",5.01705799719045,NA,NA,NA,NA,NA,NA,NA,NA,NA,NA,NA,NA,NA,NA,226.4,44.375034591,-79.687881274,4.56183,9,255,24,11.9592
596,2.1445,86,164,"2026-08-09_IQFGX",4.96179418477722,NA,NA,NA,NA,NA,NA,NA,NA,NA,NA,NA,NA,NA,NA,226.4,44.375037357,-79.687924022,3.31183,9.02,255,24,12.0924
597,2.148,86,163,"2026-08-09_IQFGX",4.8534265191225,NA,NA,NA,NA,NA,NA,NA,NA,NA,NA,NA,NA,NA,NA,226.6,44.375043057,-79.68797096,3.2381,9.11,253,24,12.3624
598,2.1515,86,163,"2026-08-09_IQFGX",4.81417292509147,NA,NA,NA,NA,NA,NA,NA,NA,NA,NA,NA,NA,NA,NA,226.6,44.375041548,-79.688007925,1.90476,9.15,252,24,12.4632
599,2.155,86,163,"2026-08-09_IQFGX",4.7254512805973,NA,NA,NA,NA,NA,NA,NA,NA,NA,NA,NA,NA,NA,NA,226.6,44.37505102,-79.688059725,1.2381,9.24,250,24,12.6972
600,2.1585,86,163,"2026-08-09_IQFGX",4.6882325363338,NA,NA,NA,NA,NA,NA,NA,NA,NA,NA,NA,NA,NA,NA,226.8,44.375050685,-79.688098533,1.14286,9.25,250,24,12.798
601,2.1621,86,164,"2026-08-09_IQFGX",4.6633090841261,NA,NA,NA,NA,NA,NA,NA,NA,NA,NA,NA,NA,NA,NA,226.8,44.375059821,-79.688150082,1.14286,9.29,249,24,12.8664
602,2.1657,86,165,"2026-08-09_IQFGX",4.67639356528245,NA,NA,NA,NA,NA,NA,NA,NA,NA,NA,NA,NA,NA,NA,226.8,44.375060743,-79.688191907,1.14286,9.29,249,24,12.8304
603,2.1693,86,165,"2026-08-09_IQFGX",4.60405156537753,NA,NA,NA,NA,NA,NA,NA,NA,NA,NA,NA,NA,NA,NA,226.8,44.375063425,-79.688237589,1.14286,9.34,248,24,13.032
604,2.1729,86,165,"2026-08-09_IQFGX",4.63994060876021,NA,NA,NA,NA,NA,NA,NA,NA,NA,NA,NA,NA,NA,NA,227,44.375067951,-79.688283438,1.69841,9.3,249,24,12.9312
605,2.1765,86,165,"2026-08-09_IQFGX",4.62705904127337,NA,NA,NA,NA,NA,NA,NA,NA,NA,NA,NA,NA,NA,NA,227,44.375069963,-79.688323,1.69841,9.34,248,24,12.9672
606,2.1801,86,165,"2026-08-09_IQFGX",4.61552663158866,NA,NA,NA,NA,NA,NA,NA,NA,NA,NA,NA,NA,NA,NA,227,44.37508044,-79.688370693,1.69841,9.34,248,24,12.9996
607,2.1837,86,165,"2026-08-09_IQFGX",4.61552663158866,NA,NA,NA,NA,NA,NA,NA,NA,NA,NA,NA,NA,NA,NA,227,44.375082201,-79.688408747,1.12698,9.34,248,24,12.9996
608,2.1873,86,166,"2026-08-09_IQFGX",4.65159549725556,NA,NA,NA,NA,NA,NA,NA,NA,NA,NA,NA,NA,NA,NA,227,44.375097456,-79.688459542,1.12698,9.3,249,24,12.8988
609,2.1909,86,167,"2026-08-09_IQFGX",4.61552663158866,NA,NA,NA,NA,NA,NA,NA,NA,NA,NA,NA,NA,NA,NA,227.2,44.375104077,-79.688497092,1.68254,9.34,248,24,12.9996
610,2.1945,87,168,"2026-08-09_IQFGX",4.58001282403591,NA,NA,NA,NA,NA,NA,NA,NA,NA,NA,NA,NA,NA,NA,227.2,44.375119919,-79.688538667,1.11111,9.19,245,24,13.1004
611,2.1982,87,168,"2026-08-09_IQFGX",4.54504135987638,NA,NA,NA,NA,NA,NA,NA,NA,NA,NA,NA,NA,NA,NA,227.2,44.375139198,-79.688578229,1.11111,9.23,244,24,13.2012
612,2.2019,87,167,"2026-08-09_IQFGX",4.510599909788,NA,NA,NA,NA,NA,NA,NA,NA,NA,NA,NA,NA,NA,NA,227.2,44.375159566,-79.688614774,1.11111,9.24,244,24,13.302
613,2.2056,87,167,"2026-08-09_IQFGX",4.46588067166845,NA,NA,NA,NA,NA,NA,NA,NA,NA,NA,NA,NA,NA,NA,227.2,44.375193512,-79.688642351,1.11111,9.28,243,24,13.4352
614,2.2094,86,167,"2026-08-09_IQFGX",4.41033783187792,NA,NA,NA,NA,NA,NA,NA,NA,NA,NA,NA,NA,NA,NA,227.2,44.375214551,-79.688667748,0.555556,9.52,244,24,13.6044
615,2.2132,85,167,"2026-08-09_IQFGX",4.38827453045463,NA,NA,NA,NA,NA,NA,NA,NA,NA,NA,NA,NA,NA,NA,227.2,44.375252856,-79.688691636,0.555556,9.72,246,24,13.6728
616,2.217,85,166,"2026-08-09_IQFGX",4.39985920450546,NA,NA,NA,NA,NA,NA,NA,NA,NA,NA,NA,NA,NA,NA,227.2,44.375281858,-79.6887141,0.555556,9.72,246,24,13.6368
617,2.2208,85,167,"2026-08-09_IQFGX",4.38827453045463,NA,NA,NA,NA,NA,NA,NA,NA,NA,NA,NA,NA,NA,NA,227,44.37531044,-79.688736815,0.0292398,9.72,246,24,13.6728
618,2.2246,85,167,"2026-08-09_IQFGX",4.41033783187792,NA,NA,NA,NA,NA,NA,NA,NA,NA,NA,NA,NA,NA,NA,227,44.375346985,-79.688752657,0.0292398,9.72,246,24,13.6044
619,2.2283,84,167,"2026-08-09_IQFGX",4.46588067166845,NA,NA,NA,NA,NA,NA,NA,NA,NA,NA,NA,NA,NA,NA,226.8,44.375372634,-79.688773695,-1.06686,9.84,250,24,13.4352
620,2.232,84,168,"2026-08-09_IQFGX",4.510599909788,NA,NA,NA,NA,NA,NA,NA,NA,NA,NA,NA,NA,NA,NA,226.6,44.37541052,-79.688789118,-1.6074,9.8,251,24,13.302
621,2.2357,84,168,"2026-08-09_IQFGX",4.476676515355,NA,NA,NA,NA,NA,NA,NA,NA,NA,NA,NA,NA,NA,NA,226.4,44.375438348,-79.688810073,-2.14794,9.84,250,24,13.4028
622,2.2395,84,168,"2026-08-09_IQFGX",4.45394619632995,NA,NA,NA,NA,NA,NA,NA,NA,NA,NA,NA,NA,NA,NA,226.2,44.375471372,-79.6888291,-2.67425,9.85,250,24,13.4712
623,2.2432,85,168,"2026-08-09_IQFGX",4.41033783187792,NA,NA,NA,NA,NA,NA,NA,NA,NA,NA,NA,NA,NA,NA,226,44.375506828,-79.688846618,-3.21479,9.72,246,24,13.6044
624,2.2471,85,168,"2026-08-09_IQFGX",4.34593654932638,NA,NA,NA,NA,NA,NA,NA,NA,NA,NA,NA,NA,NA,NA,225.8,44.375534404,-79.688867992,-3.72761,9.77,245,24,13.806
625,2.251,85,167,"2026-08-09_IQFGX",4.27350427350427,NA,NA,NA,NA,NA,NA,NA,NA,NA,NA,NA,NA,NA,NA,225.8,44.375574134,-79.688886767,-3.72761,9.85,243,24,14.04
626,2.2549,85,167,"2026-08-09_IQFGX",4.27350427350427,NA,NA,NA,NA,NA,NA,NA,NA,NA,NA,NA,NA,NA,NA,225.6,44.375600621,-79.688905962,-4.24043,9.85,243,24,14.04
627,2.2588,85,167,"2026-08-09_IQFGX",4.28338901739056,NA,NA,NA,NA,NA,NA,NA,NA,NA,NA,NA,NA,NA,NA,225.4,44.375634652,-79.688927,-4.22694,9.85,243,24,14.0076
628,2.2627,85,167,"2026-08-09_IQFGX",4.25278557455133,NA,NA,NA,NA,NA,NA,NA,NA,NA,NA,NA,NA,NA,NA,225.2,44.375666335,-79.688946698,-4.73976,9.89,242,24,14.1084
629,2.2666,85,167,"2026-08-09_IQFGX",4.24304141208418,NA,NA,NA,NA,NA,NA,NA,NA,NA,NA,NA,NA,NA,NA,225,44.375696426,-79.688968407,-4.71204,9.89,242,24,14.1408
630,2.2705,84,167,"2026-08-09_IQFGX",4.25278557455133,NA,NA,NA,NA,NA,NA,NA,NA,NA,NA,NA,NA,NA,NA,224.8,44.375735989,-79.68898341,-4.68432,10.07,245,24,14.1084
631,2.2744,85,167,"2026-08-09_IQFGX",4.26257459505541,NA,NA,NA,NA,NA,NA,NA,NA,NA,NA,NA,NA,NA,NA,224.6,44.375762141,-79.688999755,-4.6566,9.85,243,24,14.076
632,2.2784,85,167,"2026-08-09_IQFGX",4.24304141208418,NA,NA,NA,NA,NA,NA,NA,NA,NA,NA,NA,NA,NA,NA,224.6,44.375798434,-79.68901719,-4.13028,9.89,242,24,14.1408
633,2.2823,84,167,"2026-08-09_IQFGX",4.29331959471063,NA,NA,NA,NA,NA,NA,NA,NA,NA,NA,NA,NA,NA,NA,224.4,44.375831794,-79.689032277,-4.10256,10.02,246,24,13.9752
634,2.2861,84,167,"2026-08-09_IQFGX",4.32451133021969,NA,NA,NA,NA,NA,NA,NA,NA,NA,NA,NA,NA,NA,NA,224.4,44.375864484,-79.689050214,-3.58974,9.98,247,24,13.8744
635,2.29,84,167,"2026-08-09_IQFGX",4.30440771349862,NA,NA,NA,NA,NA,NA,NA,NA,NA,NA,NA,NA,NA,NA,224.2,44.375904549,-79.689064799,-4.10256,10.02,246,24,13.9392
636,2.2939,85,167,"2026-08-09_IQFGX",4.24304141208418,NA,NA,NA,NA,NA,NA,NA,NA,NA,NA,NA,NA,NA,NA,224.2,44.375932964,-79.689082652,-3.58974,9.89,242,24,14.1408
637,2.2979,85,167,"2026-08-09_IQFGX",4.19287211740042,NA,NA,NA,NA,NA,NA,NA,NA,NA,NA,NA,NA,NA,NA,224.2,44.375971269,-79.6890995,-3.07692,9.93,241,24,14.31
638,2.3019,84,167,"2026-08-09_IQFGX",4.1438753522294,NA,NA,NA,NA,NA,NA,NA,NA,NA,NA,NA,NA,NA,NA,224.2,44.376003791,-79.689111989,-2.5641,10.19,242,24,14.4792
639,2.3059,85,167,"2026-08-09_IQFGX",4.1438753522294,NA,NA,NA,NA,NA,NA,NA,NA,NA,NA,NA,NA,NA,NA,224.2,44.376035139,-79.689127244,-2.05128,9.98,240,24,14.4792
640,2.3099,85,167,"2026-08-09_IQFGX",4.16354400866017,NA,NA,NA,NA,NA,NA,NA,NA,NA,NA,NA,NA,NA,NA,224.2,44.376070678,-79.689138727,-1.53846,9.97,240,24,14.4108
641,2.3139,85,167,"2026-08-09_IQFGX",4.20238695579089,NA,NA,NA,NA,NA,NA,NA,NA,NA,NA,NA,NA,NA,NA,224.2,44.376100015,-79.689154317,-1.02564,9.93,241,24,14.2776
642,2.3178,85,168,"2026-08-09_IQFGX",4.24304141208418,NA,NA,NA,NA,NA,NA,NA,NA,NA,NA,NA,NA,NA,NA,224.2,44.376139745,-79.689163118,-1.02564,9.89,242,24,14.1408
643,2.3217,86,168,"2026-08-09_IQFGX",4.26257459505541,NA,NA,NA,NA,NA,NA,NA,NA,NA,NA,NA,NA,NA,NA,224.2,44.376166986,-79.689175691,-0.512821,9.68,240,24,14.076
644,2.3257,86,168,"2026-08-09_IQFGX",4.2322668020992,NA,NA,NA,NA,NA,NA,NA,NA,NA,NA,NA,NA,NA,NA,224.2,44.376204034,-79.689192036,-0.512821,9.72,239,24,14.1768
645,2.3296,86,168,"2026-08-09_IQFGX",4.24304141208418,NA,NA,NA,NA,NA,NA,NA,NA,NA,NA,NA,NA,NA,NA,224.2,44.376235215,-79.689205112,0,9.68,240,24,14.1408
646,2.3335,86,168,"2026-08-09_IQFGX",4.24304141208418,NA,NA,NA,NA,NA,NA,NA,NA,NA,NA,NA,NA,NA,NA,224.2,44.37627,-79.68921978,0,9.68,240,24,14.1408
647,2.3375,86,168,"2026-08-09_IQFGX",4.24304141208418,NA,NA,NA,NA,NA,NA,NA,NA,NA,NA,NA,NA,NA,NA,224.2,44.376305288,-79.68923076,0,9.68,240,24,14.1408
648,2.3414,86,167,"2026-08-09_IQFGX",4.2322668020992,NA,NA,NA,NA,NA,NA,NA,NA,NA,NA,NA,NA,NA,NA,224.2,44.376335127,-79.689248865,0,9.72,239,24,14.1768
649,2.3453,86,168,"2026-08-09_IQFGX",4.27350427350427,NA,NA,NA,NA,NA,NA,NA,NA,NA,NA,NA,NA,NA,NA,224.2,44.376374941,-79.689261354,0,9.68,240,24,14.04
650,2.3491,86,167,"2026-08-09_IQFGX",4.32451133021969,NA,NA,NA,NA,NA,NA,NA,NA,NA,NA,NA,NA,NA,NA,224.2,44.376402518,-79.689277951,0,9.6,242,24,13.8744
651,2.353,85,167,"2026-08-09_IQFGX",4.34593654932638,NA,NA,NA,NA,NA,NA,NA,NA,NA,NA,NA,NA,NA,NA,224.2,44.376437387,-79.689290859,0,9.77,245,24,13.806
652,2.3568,85,167,"2026-08-09_IQFGX",4.3561596096881,NA,NA,NA,NA,NA,NA,NA,NA,NA,NA,NA,NA,NA,NA,224,44.376471501,-79.689301839,-0.526316,9.76,245,24,13.7736
653,2.3606,85,167,"2026-08-09_IQFGX",4.3561596096881,NA,NA,NA,NA,NA,NA,NA,NA,NA,NA,NA,NA,NA,NA,224,44.376502598,-79.689314747,-0.526316,9.76,245,24,13.7736
654,2.3645,85,167,"2026-08-09_IQFGX",4.34593654932638,NA,NA,NA,NA,NA,NA,NA,NA,NA,NA,NA,NA,NA,NA,224,44.376541071,-79.689323464,-0.526316,9.77,245,24,13.806
655,2.3683,85,166,"2026-08-09_IQFGX",4.31443610320131,NA,NA,NA,NA,NA,NA,NA,NA,NA,NA,NA,NA,NA,NA,224,44.376567055,-79.689338636,-0.526316,9.81,244,24,13.9068
656,2.3722,85,167,"2026-08-09_IQFGX",4.32451133021969,NA,NA,NA,NA,NA,NA,NA,NA,NA,NA,NA,NA,NA,NA,223.8,44.376608629,-79.689348191,-1.03914,9.81,244,24,13.8744
657,2.376,85,167,"2026-08-09_IQFGX",4.3561596096881,NA,NA,NA,NA,NA,NA,NA,NA,NA,NA,NA,NA,NA,NA,223.8,44.376637044,-79.68936068,-1.03914,9.76,245,24,13.7736
658,2.3798,86,168,"2026-08-09_IQFGX",4.38827453045463,NA,NA,NA,NA,NA,NA,NA,NA,NA,NA,NA,NA,NA,NA,223.8,44.37667208,-79.689373756,-1.03914,9.56,243,24,13.6728
659,2.3836,86,171,"2026-08-09_IQFGX",4.39985920450546,NA,NA,NA,NA,NA,NA,NA,NA,NA,NA,NA,NA,NA,NA,223.8,44.376705524,-79.689384149,-1.03914,9.55,243,24,13.6368
660,2.3874,86,172,"2026-08-09_IQFGX",4.37790035898783,NA,NA,NA,NA,NA,NA,NA,NA,NA,NA,NA,NA,NA,NA,223.6,44.37673486,-79.689397309,-1.56545,9.56,243,24,13.7052
661,2.3912,86,173,"2026-08-09_IQFGX",4.37790035898783,NA,NA,NA,NA,NA,NA,NA,NA,NA,NA,NA,NA,NA,NA,223.8,44.376771657,-79.689406277,-1.03914,9.56,243,24,13.7052
662,2.395,86,175,"2026-08-09_IQFGX",4.3561596096881,NA,NA,NA,NA,NA,NA,NA,NA,NA,NA,NA,NA,NA,NA,223.8,44.376797138,-79.689420862,-0.512821,9.6,242,24,13.7736
663,2.3989,86,174,"2026-08-09_IQFGX",4.33576135969476,NA,NA,NA,NA,NA,NA,NA,NA,NA,NA,NA,NA,NA,NA,223.8,44.376836868,-79.689431256,-0.512821,9.6,242,24,13.8384
664,2.4027,86,173,"2026-08-09_IQFGX",4.32451133021969,NA,NA,NA,NA,NA,NA,NA,NA,NA,NA,NA,NA,NA,NA,223.8,44.376864361,-79.689442403,-0.512821,9.6,242,24,13.8744
665,2.4066,86,174,"2026-08-09_IQFGX",4.33576135969476,NA,NA,NA,NA,NA,NA,NA,NA,NA,NA,NA,NA,NA,NA,223.8,44.376897469,-79.689454222,-0.512821,9.6,242,24,13.8384
666,2.4104,85,174,"2026-08-09_IQFGX",4.33576135969476,NA,NA,NA,NA,NA,NA,NA,NA,NA,NA,NA,NA,NA,NA,223.8,44.376930662,-79.689464616,0,9.8,244,24,13.8384
667,2.4142,85,172,"2026-08-09_IQFGX",4.34593654932638,NA,NA,NA,NA,NA,NA,NA,NA,NA,NA,NA,NA,NA,NA,223.8,44.376956897,-79.68948029,0,9.77,245,24,13.806
668,2.4181,85,171,"2026-08-09_IQFGX",4.38827453045463,NA,NA,NA,NA,NA,NA,NA,NA,NA,NA,NA,NA,NA,NA,223.6,44.376998555,-79.689485906,-0.512821,9.72,246,24,13.6728
669,2.4218,85,171,"2026-08-09_IQFGX",4.41033783187792,NA,NA,NA,NA,NA,NA,NA,NA,NA,NA,NA,NA,NA,NA,223.6,44.377024874,-79.689494874,-0.512821,9.72,246,24,13.6044
670,2.4256,85,171,"2026-08-09_IQFGX",4.39985920450546,NA,NA,NA,NA,NA,NA,NA,NA,NA,NA,NA,NA,NA,NA,223.4,44.377059324,-79.689505771,-0.512821,9.72,246,24,13.6368
671,2.4294,85,171,"2026-08-09_IQFGX",4.41033783187792,NA,NA,NA,NA,NA,NA,NA,NA,NA,NA,NA,NA,NA,NA,223.4,44.377093187,-79.689514572,-1.03914,9.72,246,24,13.6044
672,2.4332,85,171,"2026-08-09_IQFGX",4.44325957522438,NA,NA,NA,NA,NA,NA,NA,NA,NA,NA,NA,NA,NA,NA,223.2,44.377123697,-79.689526893,-1.56545,9.68,247,24,13.5036
673,2.4369,85,171,"2026-08-09_IQFGX",4.48752468138575,NA,NA,NA,NA,NA,NA,NA,NA,NA,NA,NA,NA,NA,NA,223,44.377160661,-79.689536197,-2.10599,9.63,248,24,13.3704
674,2.4406,85,171,"2026-08-09_IQFGX",4.46588067166845,NA,NA,NA,NA,NA,NA,NA,NA,NA,NA,NA,NA,NA,NA,222.8,44.377185136,-79.689555308,-2.64653,9.67,247,24,13.4352
675,2.4443,85,172,"2026-08-09_IQFGX",4.45394619632995,NA,NA,NA,NA,NA,NA,NA,NA,NA,NA,NA,NA,NA,NA,222.8,44.377225705,-79.689566037,-2.64653,9.67,247,24,13.4712
676,2.4481,85,171,"2026-08-09_IQFGX",4.46588067166845,NA,NA,NA,NA,NA,NA,NA,NA,NA,NA,NA,NA,NA,NA,222.8,44.377255712,-79.689582214,-2.64653,9.67,247,24,13.4352
677,2.4519,85,171,"2026-08-09_IQFGX",4.41033783187792,NA,NA,NA,NA,NA,NA,NA,NA,NA,NA,NA,NA,NA,NA,222.8,44.377290162,-79.689595457,-2.64653,9.72,246,24,13.6044
678,2.4556,85,171,"2026-08-09_IQFGX",4.41033783187792,NA,NA,NA,NA,NA,NA,NA,NA,NA,NA,NA,NA,NA,NA,222.8,44.377325785,-79.689605348,-2.13371,9.72,246,24,13.6044
679,2.4594,85,171,"2026-08-09_IQFGX",4.41033783187792,NA,NA,NA,NA,NA,NA,NA,NA,NA,NA,NA,NA,NA,NA,222.6,44.377354032,-79.689622531,-2.66003,9.76,245,24,13.6044
680,2.4632,85,170,"2026-08-09_IQFGX",4.44325957522438,NA,NA,NA,NA,NA,NA,NA,NA,NA,NA,NA,NA,NA,NA,222.6,44.377395438,-79.689627811,-2.13371,9.68,247,24,13.5036
681,2.4669,85,170,"2026-08-09_IQFGX",4.44325957522438,NA,NA,NA,NA,NA,NA,NA,NA,NA,NA,NA,NA,NA,NA,222.6,44.377422596,-79.689641893,-2.13371,9.68,247,24,13.5036
682,2.4706,85,166,"2026-08-09_IQFGX",4.45394619632995,NA,NA,NA,NA,NA,NA,NA,NA,NA,NA,NA,NA,NA,NA,222.6,44.377464086,-79.689651867,-1.6074,9.67,247,24,13.4712
683,2.4744,85,165,"2026-08-09_IQFGX",4.45394619632995,NA,NA,NA,NA,NA,NA,NA,NA,NA,NA,NA,NA,NA,NA,222.6,44.377491076,-79.689666703,-1.06686,9.67,247,24,13.4712
684,2.4782,85,164,"2026-08-09_IQFGX",4.42086648983201,NA,NA,NA,NA,NA,NA,NA,NA,NA,NA,NA,NA,NA,NA,222.6,44.37752343,-79.689684054,-0.526316,9.72,246,24,13.572
685,2.4819,86,165,"2026-08-09_IQFGX",4.42086648983201,NA,NA,NA,NA,NA,NA,NA,NA,NA,NA,NA,NA,NA,NA,222.6,44.377557209,-79.68969713,-0.526316,9.72,246,24,13.572
686,2.4857,86,166,"2026-08-09_IQFGX",4.39985920450546,NA,NA,NA,NA,NA,NA,NA,NA,NA,NA,NA,NA,NA,NA,222.6,44.377586294,-79.689713307,-0.526316,9.55,243,24,13.6368
687,2.4895,86,166,"2026-08-09_IQFGX",4.37790035898783,NA,NA,NA,NA,NA,NA,NA,NA,NA,NA,NA,NA,NA,NA,222.6,44.377624097,-79.689718336,-0.526316,9.56,243,24,13.7052
688,2.4933,86,166,"2026-08-09_IQFGX",4.44325957522438,NA,NA,NA,NA,NA,NA,NA,NA,NA,NA,NA,NA,NA,NA,222.4,44.377648488,-79.68973401,-1.05263,9.56,243,24,13.5036
689,2.497,86,166,"2026-08-09_IQFGX",4.476676515355,NA,NA,NA,NA,NA,NA,NA,NA,NA,NA,NA,NA,NA,NA,222.4,44.377687631,-79.689742979,-0.526316,9.51,244,24,13.4028
690,2.5007,86,166,"2026-08-09_IQFGX",4.52161331162959,NA,NA,NA,NA,NA,NA,NA,NA,NA,NA,NA,NA,NA,NA,222.2,44.37771437,-79.689755384,-1.06686,9.43,246,24,13.2696
691,2.5043,86,166,"2026-08-09_IQFGX",4.54504135987638,NA,NA,NA,NA,NA,NA,NA,NA,NA,NA,NA,NA,NA,NA,222.2,44.377746388,-79.689767873,-1.06686,9.39,247,24,13.2012
692,2.508,85,166,"2026-08-09_IQFGX",4.55622380171314,NA,NA,NA,NA,NA,NA,NA,NA,NA,NA,NA,NA,NA,NA,222,44.377781341,-79.689773656,-1.6074,9.58,249,24,13.1688
693,2.5117,85,166,"2026-08-09_IQFGX",4.54504135987638,NA,NA,NA,NA,NA,NA,NA,NA,NA,NA,NA,NA,NA,NA,222,44.377810091,-79.689784637,-1.6074,9.59,249,24,13.2012
694,2.5153,85,166,"2026-08-09_IQFGX",4.54504135987638,NA,NA,NA,NA,NA,NA,NA,NA,NA,NA,NA,NA,NA,NA,222,44.377850324,-79.689789666,-1.6074,9.59,249,24,13.2012
695,2.519,85,164,"2026-08-09_IQFGX",4.510599909788,NA,NA,NA,NA,NA,NA,NA,NA,NA,NA,NA,NA,NA,NA,222,44.377877565,-79.689801484,-1.6074,9.63,248,24,13.302
696,2.5227,84,163,"2026-08-09_IQFGX",4.510599909788,NA,NA,NA,NA,NA,NA,NA,NA,NA,NA,NA,NA,NA,NA,222,44.377909081,-79.68981456,-1.6074,9.8,251,24,13.302
697,2.5264,84,162,"2026-08-09_IQFGX",4.55622380171314,NA,NA,NA,NA,NA,NA,NA,NA,NA,NA,NA,NA,NA,NA,222,44.377943782,-79.689824702,-1.6074,9.75,252,24,13.1688
698,2.5301,84,162,"2026-08-09_IQFGX",4.54504135987638,NA,NA,NA,NA,NA,NA,NA,NA,NA,NA,NA,NA,NA,NA,222,44.377971191,-79.689840125,-1.08108,9.75,252,24,13.2012
699,2.5337,84,162,"2026-08-09_IQFGX",4.53391367428364,NA,NA,NA,NA,NA,NA,NA,NA,NA,NA,NA,NA,NA,NA,222,44.378010502,-79.689845238,-1.08108,9.76,252,24,13.2336
700,2.5374,84,162,"2026-08-09_IQFGX",4.59136822773186,NA,NA,NA,NA,NA,NA,NA,NA,NA,NA,NA,NA,NA,NA,221.8,44.378034139,-79.689859319,-1.08108,9.71,253,24,13.068
701,2.541,85,164,"2026-08-09_IQFGX",4.62705904127337,NA,NA,NA,NA,NA,NA,NA,NA,NA,NA,NA,NA,NA,NA,221.8,44.378070014,-79.689867031,-1.08108,9.5,251,24,12.9672
702,2.5446,86,165,"2026-08-09_IQFGX",4.65159549725556,NA,NA,NA,NA,NA,NA,NA,NA,NA,NA,NA,NA,NA,NA,221.8,44.378098764,-79.689880861,-0.540541,9.3,249,24,12.8988
703,2.5481,85,167,"2026-08-09_IQFGX",4.62705904127337,NA,NA,NA,NA,NA,NA,NA,NA,NA,NA,NA,NA,NA,NA,221.8,44.378128268,-79.68989335,-0.540541,9.5,251,24,12.9672
704,2.5517,85,167,"2026-08-09_IQFGX",4.63994060876021,NA,NA,NA,NA,NA,NA,NA,NA,NA,NA,NA,NA,NA,NA,222,44.378164729,-79.689898128,0.015015,9.49,251,24,12.9312
705,2.5554,85,168,"2026-08-09_IQFGX",4.5687134502924,NA,NA,NA,NA,NA,NA,NA,NA,NA,NA,NA,NA,NA,NA,222,44.378190965,-79.689910784,0.015015,9.54,250,24,13.1328
706,2.559,85,169,"2026-08-09_IQFGX",4.5687134502924,NA,NA,NA,NA,NA,NA,NA,NA,NA,NA,NA,NA,NA,NA,222,44.378229689,-79.68992034,0.015015,9.54,250,24,13.1328
707,2.5628,84,169,"2026-08-09_IQFGX",4.45394619632995,NA,NA,NA,NA,NA,NA,NA,NA,NA,NA,NA,NA,NA,NA,222,44.378262378,-79.689928889,0.015015,9.85,250,24,13.4712
708,2.5666,83,169,"2026-08-09_IQFGX",4.41033783187792,NA,NA,NA,NA,NA,NA,NA,NA,NA,NA,NA,NA,NA,NA,222,44.378290709,-79.689939702,0.015015,10.07,252,24,13.6044
709,2.5704,83,170,"2026-08-09_IQFGX",4.38827453045463,NA,NA,NA,NA,NA,NA,NA,NA,NA,NA,NA,NA,NA,NA,222,44.378328344,-79.689941127,0.015015,10.11,251,24,13.6728
710,2.5742,83,170,"2026-08-09_IQFGX",4.37790035898783,NA,NA,NA,NA,NA,NA,NA,NA,NA,NA,NA,NA,NA,NA,222.2,44.378356088,-79.689947581,1.08187,10.11,251,24,13.7052
711,2.578,83,170,"2026-08-09_IQFGX",4.3561596096881,NA,NA,NA,NA,NA,NA,NA,NA,NA,NA,NA,NA,NA,NA,222.2,44.37839322,-79.689956801,1.08187,10.16,250,24,13.7736
712,2.5818,83,170,"2026-08-09_IQFGX",4.3561596096881,NA,NA,NA,NA,NA,NA,NA,NA,NA,NA,NA,NA,NA,NA,222,44.378426915,-79.689965183,0.555556,10.16,250,24,13.7736
713,2.5857,84,170,"2026-08-09_IQFGX",4.34593654932638,NA,NA,NA,NA,NA,NA,NA,NA,NA,NA,NA,NA,NA,NA,222,44.378456587,-79.689973565,0.555556,9.98,247,24,13.806
714,2.5895,85,170,"2026-08-09_IQFGX",4.3561596096881,NA,NA,NA,NA,NA,NA,NA,NA,NA,NA,NA,NA,NA,NA,222,44.37849858,-79.689976415,0,9.76,245,24,13.7736
715,2.5933,85,170,"2026-08-09_IQFGX",4.39985920450546,NA,NA,NA,NA,NA,NA,NA,NA,NA,NA,NA,NA,NA,NA,222,44.378523475,-79.689985802,0,9.72,246,24,13.6368
716,2.597,84,170,"2026-08-09_IQFGX",4.42086648983201,NA,NA,NA,NA,NA,NA,NA,NA,NA,NA,NA,NA,NA,NA,222,44.378559349,-79.689995022,0,9.89,249,24,13.572
717,2.6008,84,170,"2026-08-09_IQFGX",4.45394619632995,NA,NA,NA,NA,NA,NA,NA,NA,NA,NA,NA,NA,NA,NA,221.8,44.378590949,-79.690004159,-0.526316,9.85,250,24,13.4712
718,2.6045,84,170,"2026-08-09_IQFGX",4.53391367428364,NA,NA,NA,NA,NA,NA,NA,NA,NA,NA,NA,NA,NA,NA,221.8,44.378619867,-79.690015055,-0.526316,9.76,252,24,13.2336
719,2.6081,84,170,"2026-08-09_IQFGX",4.52161331162959,NA,NA,NA,NA,NA,NA,NA,NA,NA,NA,NA,NA,NA,NA,221.6,44.378660184,-79.690010529,-1.08187,9.8,251,24,13.2696
720,2.6118,84,169,"2026-08-09_IQFGX",4.52161331162959,NA,NA,NA,NA,NA,NA,NA,NA,NA,NA,NA,NA,NA,NA,221.6,44.378689017,-79.690012541,-1.60819,9.8,251,24,13.2696
721,2.6155,84,169,"2026-08-09_IQFGX",4.476676515355,NA,NA,NA,NA,NA,NA,NA,NA,NA,NA,NA,NA,NA,NA,221.6,44.378725562,-79.690008601,-1.60819,9.84,250,24,13.4028
722,2.6193,84,169,"2026-08-09_IQFGX",4.44325957522438,NA,NA,NA,NA,NA,NA,NA,NA,NA,NA,NA,NA,NA,NA,221.6,44.378762191,-79.689997788,-1.08187,9.85,250,24,13.5036
723,2.6231,84,169,"2026-08-09_IQFGX",4.3675751222921,NA,NA,NA,NA,NA,NA,NA,NA,NA,NA,NA,NA,NA,NA,221.6,44.378793372,-79.689993178,-1.08187,9.94,248,24,13.7376
724,2.627,83,169,"2026-08-09_IQFGX",4.34593654932638,NA,NA,NA,NA,NA,NA,NA,NA,NA,NA,NA,NA,NA,NA,221.8,44.378833354,-79.689967781,-0.569051,10.16,250,24,13.806
725,2.6308,83,169,"2026-08-09_IQFGX",4.30440771349862,NA,NA,NA,NA,NA,NA,NA,NA,NA,NA,NA,NA,NA,NA,221.8,44.378860679,-79.689952526,-0.569051,10.2,249,24,13.9392
726,2.6347,84,169,"2026-08-09_IQFGX",4.31443610320131,NA,NA,NA,NA,NA,NA,NA,NA,NA,NA,NA,NA,NA,NA,221.8,44.378893033,-79.689933918,-0.569051,9.98,247,24,13.9068
727,2.6386,83,169,"2026-08-09_IQFGX",4.28338901739056,NA,NA,NA,NA,NA,NA,NA,NA,NA,NA,NA,NA,NA,NA,222,44.378930416,-79.689912712,0.470085,10.21,249,24,14.0076
728,2.6425,83,169,"2026-08-09_IQFGX",4.25278557455133,NA,NA,NA,NA,NA,NA,NA,NA,NA,NA,NA,NA,NA,NA,222.2,44.378959166,-79.689900558,0.982906,10.25,248,24,14.1084
729,2.6465,84,170,"2026-08-09_IQFGX",4.16354400866017,NA,NA,NA,NA,NA,NA,NA,NA,NA,NA,NA,NA,NA,NA,222.4,44.378993783,-79.6898848,2.03846,10.15,243,24,14.4108
730,2.6505,82,169,"2026-08-09_IQFGX",4.11522633744856,NA,NA,NA,NA,NA,NA,NA,NA,NA,NA,NA,NA,NA,NA,222.6,44.379027814,-79.689868037,2.53846,10.58,248,24,14.58
731,2.6546,82,168,"2026-08-09_IQFGX",4.13462333581411,NA,NA,NA,NA,NA,NA,NA,NA,NA,NA,NA,NA,NA,NA,222.6,44.379057402,-79.689862002,2.53846,10.57,248,24,14.5116
732,2.6585,83,168,"2026-08-09_IQFGX",4.21300977418268,NA,NA,NA,NA,NA,NA,NA,NA,NA,NA,NA,NA,NA,NA,222.8,44.379093779,-79.689845741,3.05128,10.29,247,24,14.2416
733,2.6624,82,168,"2026-08-09_IQFGX",4.3561596096881,NA,NA,NA,NA,NA,NA,NA,NA,NA,NA,NA,NA,NA,NA,222.8,44.379123284,-79.689828222,3.05128,10.31,254,24,13.7736
734,2.666,82,167,"2026-08-09_IQFGX",4.62705904127337,NA,NA,NA,NA,NA,NA,NA,NA,NA,NA,NA,NA,NA,NA,222.8,44.379146166,-79.689816655,2.53846,10.06,259,24,12.9672
