"SECS","KM","CAD","HR","ID","PACE","WATTS","LRBALANCE","LTE","RTE","LPS","RPS","LPPB","RPPB","LPPE","RPPE","LPPPB","RPPPB","LPPPE","RPPPE","ALT","LAT","LON","SLOPE","RVERT","RCON","TEMP","KPH"
0,0,32.7273,NA,"2025-04-12_HPZFK",NA,NA,NA,NA,NA,NA,NA,NA,NA,NA,NA,NA,NA,NA,NA,NA,NA,NA,NA,NA,NA,NA,0
1,0.00116279,32.7273,NA,"2025-04-12_HPZFK",1.46666634074081,NA,NA,NA,NA,NA,NA,NA,NA,NA,NA,NA,NA,NA,NA,NA,NA,NA,NA,NA,NA,NA,4.09091
2,0.00232558,32.7273,NA,"2025-04-12_HPZFK",1.46666634074081,NA,NA,NA,NA,NA,NA,NA,NA,NA,NA,NA,NA,NA,NA,NA,NA,NA,NA,NA,NA,NA,4.09091
3,0.00348837,32.7273,NA,"2025-04-12_HPZFK",1.46666634074081,NA,NA,NA,NA,NA,NA,NA,NA,NA,NA,NA,NA,NA,NA,NA,NA,NA,NA,NA,NA,NA,4.09091
4,0.00465116,32.7273,NA,"2025-04-12_HPZFK",1.46666634074081,NA,NA,NA,NA,NA,NA,NA,NA,NA,NA,NA,NA,NA,NA,NA,NA,NA,NA,NA,NA,NA,4.09091
5,0.00581395,32.7273,NA,"2025-04-12_HPZFK",1.46666634074081,NA,NA,NA,NA,NA,NA,NA,NA,NA,NA,NA,NA,NA,NA,NA,NA,NA,NA,NA,NA,NA,4.09091
6,0.00697674,32.7273,NA,"2025-04-12_HPZFK",1.46666634074081,NA,NA,NA,NA,NA,NA,NA,NA,NA,NA,NA,NA,NA,NA,NA,NA,NA,NA,NA,NA,NA,4.09091
7,0.00813953,32.7273,NA,"2025-04-12_HPZFK",1.46666634074081,NA,NA,NA,NA,NA,NA,NA,NA,NA,NA,NA,NA,NA,NA,NA,NA,NA,NA,NA,NA,NA,4.09091
8,0.00930233,32.7273,NA,"2025-04-12_HPZFK",1.46666634074081,NA,NA,NA,NA,NA,NA,NA,NA,NA,NA,NA,NA,NA,NA,NA,NA,NA,NA,NA,NA,NA,4.09091
9,0.0104651,32.7273,NA,"2025-04-12_HPZFK",1.46666634074081,NA,NA,NA,NA,NA,NA,NA,NA,NA,NA,NA,NA,NA,NA,NA,NA,NA,NA,NA,NA,NA,4.09091
10,0.0116279,32.7273,NA,"2025-04-12_HPZFK",1.46666634074081,NA,NA,NA,NA,NA,NA,NA,NA,NA,NA,NA,NA,NA,NA,NA,NA,NA,NA,NA,NA,NA,4.09091
11,0.0127907,32.7273,NA,"2025-04-12_HPZFK",1.46666634074081,NA,NA,NA,NA,NA,NA,NA,NA,NA,NA,NA,NA,NA,NA,NA,NA,NA,NA,NA,NA,NA,4.09091
12,0.0139535,32.7273,NA,"2025-04-12_HPZFK",1.46666634074081,NA,NA,NA,NA,NA,NA,NA,NA,NA,NA,NA,NA,NA,NA,NA,NA,NA,NA,NA,NA,NA,4.09091
13,0.0151163,32.7273,NA,"2025-04-12_HPZFK",1.46666634074081,NA,NA,NA,NA,NA,NA,NA,NA,NA,NA,NA,NA,NA,NA,NA,NA,NA,NA,NA,NA,NA,4.09091
14,0.0162791,32.7273,NA,"2025-04-12_HPZFK",1.46666634074081,NA,NA,NA,NA,NA,NA,NA,NA,NA,NA,NA,NA,NA,NA,NA,NA,NA,NA,NA,NA,NA,4.09091
15,0.0174419,32.7273,NA,"2025-04-12_HPZFK",1.46666634074081,NA,NA,NA,NA,NA,NA,NA,NA,NA,NA,NA,NA,NA,NA,NA,NA,NA,NA,NA,NA,NA,4.09091
16,0.0186047,32.7273,NA,"2025-04-12_HPZFK",1.46666634074081,NA,NA,NA,NA,NA,NA,NA,NA,NA,NA,NA,NA,NA,NA,NA,NA,NA,NA,NA,NA,NA,4.09091
17,0.0197674,32.7273,NA,"2025-04-12_HPZFK",1.46666634074081,NA,NA,NA,NA,NA,NA,NA,NA,NA,NA,NA,NA,NA,NA,NA,NA,NA,NA,NA,NA,NA,4.09091
18,0.0209302,32.7273,NA,"2025-04-12_HPZFK",1.46666634074081,NA,NA,NA,NA,NA,NA,NA,NA,NA,NA,NA,NA,NA,NA,NA,NA,NA,NA,NA,NA,NA,4.09091
19,0.022093,32.7273,NA,"2025-04-12_HPZFK",1.46666634074081,NA,NA,NA,NA,NA,NA,NA,NA,NA,NA,NA,NA,NA,NA,NA,NA,NA,NA,NA,NA,NA,4.09091
20,0.0232558,32.7273,NA,"2025-04-12_HPZFK",1.46666634074081,NA,NA,NA,NA,NA,NA,NA,NA,NA,NA,NA,NA,NA,NA,NA,NA,NA,NA,NA,NA,NA,4.09091
21,0.0244186,32.7273,NA,"2025-04-12_HPZFK",1.46666634074081,NA,NA,NA,NA,NA,NA,NA,NA,NA,NA,NA,NA,NA,NA,NA,NA,NA,NA,NA,NA,NA,4.09091
22,0.0255814,32.7273,NA,"2025-04-12_HPZFK",1.46666634074081,NA,NA,NA,NA,NA,NA,NA,NA,NA,NA,NA,NA,NA,NA,NA,NA,NA,NA,NA,NA,NA,4.09091
23,0.0267442,32.7273,NA,"2025-04-12_HPZFK",1.46666634074081,NA,NA,NA,NA,NA,NA,NA,NA,NA,NA,NA,NA,NA,NA,NA,NA,NA,NA,NA,NA,NA,4.09091
24,0.027907,32.7273,NA,"2025-04-12_HPZFK",1.46666634074081,NA,NA,NA,NA,NA,NA,NA,NA,NA,NA,NA,NA,NA,NA,NA,NA,NA,NA,NA,NA,NA,4.09091
25,0.0290698,32.7273,NA,"2025-04-12_HPZFK",1.46666634074081,NA,NA,NA,NA,NA,NA,NA,NA,NA,NA,NA,NA,NA,NA,NA,NA,NA,NA,NA,NA,NA,4.09091
26,0.0302326,32.7273,NA,"2025-04-12_HPZFK",1.46666634074081,NA,NA,NA,NA,NA,NA,NA,NA,NA,NA,NA,NA,NA,NA,NA,NA,NA,NA,NA,NA,NA,4.09091
27,0.0313953,32.7273,NA,"2025-04-12_HPZFK",1.46666634074081,NA,NA,NA,NA,NA,NA,NA,NA,NA,NA,NA,NA,NA,NA,NA,NA,NA,NA,NA,NA,NA,4.09091
28,0.0325581,32.7273,NA,"2025-04-12_HPZFK",1.46666634074081,NA,NA,NA,NA,NA,NA,NA,NA,NA,NA,NA,NA,NA,NA,NA,NA,NA,NA,NA,NA,NA,4.09091
29,0.0337209,32.7273,NA,"2025-04-12_HPZFK",1.46666634074081,NA,NA,NA,NA,NA,NA,NA,NA,NA,NA,NA,NA,NA,NA,NA,NA,NA,NA,NA,NA,NA,4.09091
30,0.0348837,32.7273,NA,"2025-04-12_HPZFK",1.46666634074081,NA,NA,NA,NA,NA,NA,NA,NA,NA,NA,NA,NA,NA,NA,NA,NA,NA,NA,NA,NA,NA,4.09091
31,0.0360465,32.7273,NA,"2025-04-12_HPZFK",1.46666634074081,NA,NA,NA,NA,NA,NA,NA,NA,NA,NA,NA,NA,NA,NA,NA,NA,NA,NA,NA,NA,NA,4.09091
32,0.0372093,32.7273,NA,"2025-04-12_HPZFK",1.46666634074081,NA,NA,NA,NA,NA,NA,NA,NA,NA,NA,NA,NA,NA,NA,NA,NA,NA,NA,NA,NA,NA,4.09091
33,0.0383721,32.7273,NA,"2025-04-12_HPZFK",1.46666634074081,NA,NA,NA,NA,NA,NA,NA,NA,NA,NA,NA,NA,NA,NA,NA,NA,NA,NA,NA,NA,NA,4.09091
34,0.0395349,32.7273,NA,"2025-04-12_HPZFK",1.46666634074081,NA,NA,NA,NA,NA,NA,NA,NA,NA,NA,NA,NA,NA,NA,NA,NA,NA,NA,NA,NA,NA,4.09091
35,0.0406977,32.7273,NA,"2025-04-12_HPZFK",1.46666634074081,NA,NA,NA,NA,NA,NA,NA,NA,NA,NA,NA,NA,NA,NA,NA,NA,NA,NA,NA,NA,NA,4.09091
36,0.0418605,32.7273,NA,"2025-04-12_HPZFK",1.46666634074081,NA,NA,NA,NA,NA,NA,NA,NA,NA,NA,NA,NA,NA,NA,NA,NA,NA,NA,NA,NA,NA,4.09091
37,0.0430233,32.7273,NA,"2025-04-12_HPZFK",1.46666634074081,NA,NA,NA,NA,NA,NA,NA,NA,NA,NA,NA,NA,NA,NA,NA,NA,NA,NA,NA,NA,NA,4.09091
38,0.044186,32.7273,NA,"2025-04-12_HPZFK",1.46666634074081,NA,NA,NA,NA,NA,NA,NA,NA,NA,NA,NA,NA,NA,NA,NA,NA,NA,NA,NA,NA,NA,4.09091
39,0.0453488,32.7273,NA,"2025-04-12_HPZFK",1.46666634074081,NA,NA,NA,NA,NA,NA,NA,NA,NA,NA,NA,NA,NA,NA,NA,NA,NA,NA,NA,NA,NA,4.09091
40,0.0465116,32.7273,NA,"2025-04-12_HPZFK",1.46666634074081,NA,NA,NA,NA,NA,NA,NA,NA,NA,NA,NA,NA,NA,NA,NA,NA,NA,NA,NA,NA,NA,4.09091
41,0.0476744,32.7273,NA,"2025-04-12_HPZFK",1.46666634074081,NA,NA,NA,NA,NA,NA,NA,NA,NA,NA,NA,NA,NA,NA,NA,NA,NA,NA,NA,NA,NA,4.09091
42,0.0488372,32.7273,NA,"2025-04-12_HPZFK",1.46666634074081,NA,NA,NA,NA,NA,NA,NA,NA,NA,NA,NA,NA,NA,NA,NA,NA,NA,NA,NA,NA,NA,4.09091
43,0.05,32.7273,NA,"2025-04-12_HPZFK",1.46666634074081,NA,NA,NA,NA,NA,NA,NA,NA,NA,NA,NA,NA,NA,NA,NA,NA,NA,NA,NA,NA,NA,4.09091
44,0.05,32.6278,NA,"2025-04-12_HPZFK",1.59373132346105,NA,NA,NA,NA,NA,NA,NA,NA,NA,NA,NA,NA,NA,NA,NA,NA,NA,NA,NA,NA,NA,3.76475
45,0.051087,32.6278,NA,"2025-04-12_HPZFK",1.59373132346105,NA,NA,NA,NA,NA,NA,NA,NA,NA,NA,NA,NA,NA,NA,NA,NA,NA,NA,NA,NA,NA,3.76475
46,0.0521739,32.6278,NA,"2025-04-12_HPZFK",1.59373132346105,NA,NA,NA,NA,NA,NA,NA,NA,NA,NA,NA,NA,NA,NA,NA,NA,NA,NA,NA,NA,NA,3.76475
47,0.0532609,32.6278,NA,"2025-04-12_HPZFK",1.59373132346105,NA,NA,NA,NA,NA,NA,NA,NA,NA,NA,NA,NA,NA,NA,NA,NA,NA,NA,NA,NA,NA,3.76475
48,0.0543478,32.6278,NA,"2025-04-12_HPZFK",1.59373132346105,NA,NA,NA,NA,NA,NA,NA,NA,NA,NA,NA,NA,NA,NA,NA,NA,NA,NA,NA,NA,NA,3.76475
49,0.0554348,32.6278,NA,"2025-04-12_HPZFK",1.59373132346105,NA,NA,NA,NA,NA,NA,NA,NA,NA,NA,NA,NA,NA,NA,NA,NA,NA,NA,NA,NA,NA,3.76475
50,0.0565217,32.6278,NA,"2025-04-12_HPZFK",1.59373132346105,NA,NA,NA,NA,NA,NA,NA,NA,NA,NA,NA,NA,NA,NA,NA,NA,NA,NA,NA,NA,NA,3.76475
51,0.0576087,32.6278,NA,"2025-04-12_HPZFK",1.59373132346105,NA,NA,NA,NA,NA,NA,NA,NA,NA,NA,NA,NA,NA,NA,NA,NA,NA,NA,NA,NA,NA,3.76475
52,0.0586957,32.6278,NA,"2025-04-12_HPZFK",1.59373132346105,NA,NA,NA,NA,NA,NA,NA,NA,NA,NA,NA,NA,NA,NA,NA,NA,NA,NA,NA,NA,NA,3.76475
53,0.0597826,32.6278,NA,"2025-04-12_HPZFK",1.59373132346105,NA,NA,NA,NA,NA,NA,NA,NA,NA,NA,NA,NA,NA,NA,NA,NA,NA,NA,NA,NA,NA,3.76475
54,0.0608696,32.6278,NA,"2025-04-12_HPZFK",1.59373132346105,NA,NA,NA,NA,NA,NA,NA,NA,NA,NA,NA,NA,NA,NA,NA,NA,NA,NA,NA,NA,NA,3.76475
55,0.0619565,32.6278,NA,"2025-04-12_HPZFK",1.59373132346105,NA,NA,NA,NA,NA,NA,NA,NA,NA,NA,NA,NA,NA,NA,NA,NA,NA,NA,NA,NA,NA,3.76475
56,0.0630435,32.6278,NA,"2025-04-12_HPZFK",1.59373132346105,NA,NA,NA,NA,NA,NA,NA,NA,NA,NA,NA,NA,NA,NA,NA,NA,NA,NA,NA,NA,NA,3.76475
57,0.0641304,32.6278,NA,"2025-04-12_HPZFK",1.59373132346105,NA,NA,NA,NA,NA,NA,NA,NA,NA,NA,NA,NA,NA,NA,NA,NA,NA,NA,NA,NA,NA,3.76475
58,0.0652174,32.6278,NA,"2025-04-12_HPZFK",1.59373132346105,NA,NA,NA,NA,NA,NA,NA,NA,NA,NA,NA,NA,NA,NA,NA,NA,NA,NA,NA,NA,NA,3.76475
59,0.0663043,32.6278,NA,"2025-04-12_HPZFK",1.59373132346105,NA,NA,NA,NA,NA,NA,NA,NA,NA,NA,NA,NA,NA,NA,NA,NA,NA,NA,NA,NA,NA,3.76475
60,0.0673913,32.6278,NA,"2025-04-12_HPZFK",1.59373132346105,NA,NA,NA,NA,NA,NA,NA,NA,NA,NA,NA,NA,NA,NA,NA,NA,NA,NA,NA,NA,NA,3.76475
61,0.0684783,32.6278,NA,"2025-04-12_HPZFK",1.59373132346105,NA,NA,NA,NA,NA,NA,NA,NA,NA,NA,NA,NA,NA,NA,NA,NA,NA,NA,NA,NA,NA,3.76475
62,0.0695652,32.6278,NA,"2025-04-12_HPZFK",1.59373132346105,NA,NA,NA,NA,NA,NA,NA,NA,NA,NA,NA,NA,NA,NA,NA,NA,NA,NA,NA,NA,NA,3.76475
63,0.0706522,32.6278,NA,"2025-04-12_HPZFK",1.59373132346105,NA,NA,NA,NA,NA,NA,NA,NA,NA,NA,NA,NA,NA,NA,NA,NA,NA,NA,NA,NA,NA,3.76475
64,0.0717391,32.6278,NA,"2025-04-12_HPZFK",1.59373132346105,NA,NA,NA,NA,NA,NA,NA,NA,NA,NA,NA,NA,NA,NA,NA,NA,NA,NA,NA,NA,NA,3.76475
65,0.0728261,32.6278,NA,"2025-04-12_HPZFK",1.59373132346105,NA,NA,NA,NA,NA,NA,NA,NA,NA,NA,NA,NA,NA,NA,NA,NA,NA,NA,NA,NA,NA,3.76475
66,0.073913,32.6278,NA,"2025-04-12_HPZFK",1.59373132346105,NA,NA,NA,NA,NA,NA,NA,NA,NA,NA,NA,NA,NA,NA,NA,NA,NA,NA,NA,NA,NA,3.76475
67,0.075,32.6278,NA,"2025-04-12_HPZFK",1.59373132346105,NA,NA,NA,NA,NA,NA,NA,NA,NA,NA,NA,NA,NA,NA,NA,NA,NA,NA,NA,NA,NA,3.76475
68,0.076087,32.6278,NA,"2025-04-12_HPZFK",1.59373132346105,NA,NA,NA,NA,NA,NA,NA,NA,NA,NA,NA,NA,NA,NA,NA,NA,NA,NA,NA,NA,NA,3.76475
69,0.0771739,32.6278,NA,"2025-04-12_HPZFK",1.59373132346105,NA,NA,NA,NA,NA,NA,NA,NA,NA,NA,NA,NA,NA,NA,NA,NA,NA,NA,NA,NA,NA,3.76475
70,0.0782609,32.6278,NA,"2025-04-12_HPZFK",1.59373132346105,NA,NA,NA,NA,NA,NA,NA,NA,NA,NA,NA,NA,NA,NA,NA,NA,NA,NA,NA,NA,NA,3.76475
71,0.0793478,32.6278,NA,"2025-04-12_HPZFK",1.59373132346105,NA,NA,NA,NA,NA,NA,NA,NA,NA,NA,NA,NA,NA,NA,NA,NA,NA,NA,NA,NA,NA,3.76475
72,0.0804348,32.6278,NA,"2025-04-12_HPZFK",1.59373132346105,NA,NA,NA,NA,NA,NA,NA,NA,NA,NA,NA,NA,NA,NA,NA,NA,NA,NA,NA,NA,NA,3.76475
73,0.0815217,32.6278,NA,"2025-04-12_HPZFK",1.59373132346105,NA,NA,NA,NA,NA,NA,NA,NA,NA,NA,NA,NA,NA,NA,NA,NA,NA,NA,NA,NA,NA,3.76475
74,0.0826087,32.6278,NA,"2025-04-12_HPZFK",1.59373132346105,NA,NA,NA,NA,NA,NA,NA,NA,NA,NA,NA,NA,NA,NA,NA,NA,NA,NA,NA,NA,NA,3.76475
75,0.0836957,32.6278,NA,"2025-04-12_HPZFK",1.59373132346105,NA,NA,NA,NA,NA,NA,NA,NA,NA,NA,NA,NA,NA,NA,NA,NA,NA,NA,NA,NA,NA,3.76475
76,0.0847826,32.6278,NA,"2025-04-12_HPZFK",1.59373132346105,NA,NA,NA,NA,NA,NA,NA,NA,NA,NA,NA,NA,NA,NA,NA,NA,NA,NA,NA,NA,NA,3.76475
77,0.0858696,32.6278,NA,"2025-04-12_HPZFK",1.59373132346105,NA,NA,NA,NA,NA,NA,NA,NA,NA,NA,NA,NA,NA,NA,NA,NA,NA,NA,NA,NA,NA,3.76475
78,0.0869565,32.6278,NA,"2025-04-12_HPZFK",1.59373132346105,NA,NA,NA,NA,NA,NA,NA,NA,NA,NA,NA,NA,NA,NA,NA,NA,NA,NA,NA,NA,NA,3.76475
79,0.0880435,32.6278,NA,"2025-04-12_HPZFK",1.59373132346105,NA,NA,NA,NA,NA,NA,NA,NA,NA,NA,NA,NA,NA,NA,NA,NA,NA,NA,NA,NA,NA,3.76475
80,0.0891304,32.6278,NA,"2025-04-12_HPZFK",1.59373132346105,NA,NA,NA,NA,NA,NA,NA,NA,NA,NA,NA,NA,NA,NA,NA,NA,NA,NA,NA,NA,NA,3.76475
81,0.0902174,32.6278,NA,"2025-04-12_HPZFK",1.59373132346105,NA,NA,NA,NA,NA,NA,NA,NA,NA,NA,NA,NA,NA,NA,NA,NA,NA,NA,NA,NA,NA,3.76475
82,0.0913043,32.6278,NA,"2025-04-12_HPZFK",1.59373132346105,NA,NA,NA,NA,NA,NA,NA,NA,NA,NA,NA,NA,NA,NA,NA,NA,NA,NA,NA,NA,NA,3.76475
83,0.0923913,32.6278,NA,"2025-04-12_HPZFK",1.59373132346105,NA,NA,NA,NA,NA,NA,NA,NA,NA,NA,NA,NA,NA,NA,NA,NA,NA,NA,NA,NA,NA,3.76475
84,0.0934783,32.6278,NA,"2025-04-12_HPZFK",1.59373132346105,NA,NA,NA,NA,NA,NA,NA,NA,NA,NA,NA,NA,NA,NA,NA,NA,NA,NA,NA,NA,NA,3.76475
85,0.0945652,32.6278,NA,"2025-04-12_HPZFK",1.59373132346105,NA,NA,NA,NA,NA,NA,NA,NA,NA,NA,NA,NA,NA,NA,NA,NA,NA,NA,NA,NA,NA,3.76475
86,0.0956522,32.6278,NA,"2025-04-12_HPZFK",1.59373132346105,NA,NA,NA,NA,NA,NA,NA,NA,NA,NA,NA,NA,NA,NA,NA,NA,NA,NA,NA,NA,NA,3.76475
87,0.0967391,32.6278,NA,"2025-04-12_HPZFK",1.59373132346105,NA,NA,NA,NA,NA,NA,NA,NA,NA,NA,NA,NA,NA,NA,NA,NA,NA,NA,NA,NA,NA,3.76475
88,0.0978261,32.6278,NA,"2025-04-12_HPZFK",1.59373132346105,NA,NA,NA,NA,NA,NA,NA,NA,NA,NA,NA,NA,NA,NA,NA,NA,NA,NA,NA,NA,NA,3.76475
89,0.098913,32.6278,NA,"2025-04-12_HPZFK",1.59373132346105,NA,NA,NA,NA,NA,NA,NA,NA,NA,NA,NA,NA,NA,NA,NA,NA,NA,NA,NA,NA,NA,3.76475
90,0.1,32.6278,NA,"2025-04-12_HPZFK",1.59373132346105,NA,NA,NA,NA,NA,NA,NA,NA,NA,NA,NA,NA,NA,NA,NA,NA,NA,NA,NA,NA,NA,3.76475
91,0.1,32.6214,NA,"2025-04-12_HPZFK",1.71666452083602,NA,NA,NA,NA,NA,NA,NA,NA,NA,NA,NA,NA,NA,NA,NA,NA,NA,NA,NA,NA,NA,3.49515
92,0.10098,32.6214,NA,"2025-04-12_HPZFK",1.71666452083602,NA,NA,NA,NA,NA,NA,NA,NA,NA,NA,NA,NA,NA,NA,NA,NA,NA,NA,NA,NA,NA,3.49515
93,0.101961,32.6214,NA,"2025-04-12_HPZFK",1.71666452083602,NA,NA,NA,NA,NA,NA,NA,NA,NA,NA,NA,NA,NA,NA,NA,NA,NA,NA,NA,NA,NA,3.49515
94,0.102941,32.6214,NA,"2025-04-12_HPZFK",1.71666452083602,NA,NA,NA,NA,NA,NA,NA,NA,NA,NA,NA,NA,NA,NA,NA,NA,NA,NA,NA,NA,NA,3.49515
95,0.103922,32.6214,NA,"2025-04-12_HPZFK",1.71666452083602,NA,NA,NA,NA,NA,NA,NA,NA,NA,NA,NA,NA,NA,NA,NA,NA,NA,NA,NA,NA,NA,3.49515
96,0.104902,32.6214,NA,"2025-04-12_HPZFK",1.71666452083602,NA,NA,NA,NA,NA,NA,NA,NA,NA,NA,NA,NA,NA,NA,NA,NA,NA,NA,NA,NA,NA,3.49515
97,0.105882,32.6214,NA,"2025-04-12_HPZFK",1.71666452083602,NA,NA,NA,NA,NA,NA,NA,NA,NA,NA,NA,NA,NA,NA,NA,NA,NA,NA,NA,NA,NA,3.49515
98,0.106863,32.6214,NA,"2025-04-12_HPZFK",1.71666452083602,NA,NA,NA,NA,NA,NA,NA,NA,NA,NA,NA,NA,NA,NA,NA,NA,NA,NA,NA,NA,NA,3.49515
99,0.107843,32.6214,NA,"2025-04-12_HPZFK",1.71666452083602,NA,NA,NA,NA,NA,NA,NA,NA,NA,NA,NA,NA,NA,NA,NA,NA,NA,NA,NA,NA,NA,3.49515
100,0.108824,32.6214,NA,"2025-04-12_HPZFK",1.71666452083602,NA,NA,NA,NA,NA,NA,NA,NA,NA,NA,NA,NA,NA,NA,NA,NA,NA,NA,NA,NA,NA,3.49515
101,0.109804,32.6214,NA,"2025-04-12_HPZFK",1.71666452083602,NA,NA,NA,NA,NA,NA,NA,NA,NA,NA,NA,NA,NA,NA,NA,NA,NA,NA,NA,NA,NA,3.49515
102,0.110784,32.6214,NA,"2025-04-12_HPZFK",1.71666452083602,NA,NA,NA,NA,NA,NA,NA,NA,NA,NA,NA,NA,NA,NA,NA,NA,NA,NA,NA,NA,NA,3.49515
103,0.111765,32.6214,NA,"2025-04-12_HPZFK",1.71666452083602,NA,NA,NA,NA,NA,NA,NA,NA,NA,NA,NA,NA,NA,NA,NA,NA,NA,NA,NA,NA,NA,3.49515
104,0.112745,32.6214,NA,"2025-04-12_HPZFK",1.71666452083602,NA,NA,NA,NA,NA,NA,NA,NA,NA,NA,NA,NA,NA,NA,NA,NA,NA,NA,NA,NA,NA,3.49515
105,0.113725,32.6214,NA,"2025-04-12_HPZFK",1.71666452083602,NA,NA,NA,NA,NA,NA,NA,NA,NA,NA,NA,NA,NA,NA,NA,NA,NA,NA,NA,NA,NA,3.49515
106,0.114706,32.6214,NA,"2025-04-12_HPZFK",1.71666452083602,NA,NA,NA,NA,NA,NA,NA,NA,NA,NA,NA,NA,NA,NA,NA,NA,NA,NA,NA,NA,NA,3.49515
107,0.115686,32.6214,NA,"2025-04-12_HPZFK",1.71666452083602,NA,NA,NA,NA,NA,NA,NA,NA,NA,NA,NA,NA,NA,NA,NA,NA,NA,NA,NA,NA,NA,3.49515
108,0.116667,32.6214,NA,"2025-04-12_HPZFK",1.71666452083602,NA,NA,NA,NA,NA,NA,NA,NA,NA,NA,NA,NA,NA,NA,NA,NA,NA,NA,NA,NA,NA,3.49515
109,0.117647,32.6214,NA,"2025-04-12_HPZFK",1.71666452083602,NA,NA,NA,NA,NA,NA,NA,NA,NA,NA,NA,NA,NA,NA,NA,NA,NA,NA,NA,NA,NA,3.49515
110,0.118627,32.6214,NA,"2025-04-12_HPZFK",1.71666452083602,NA,NA,NA,NA,NA,NA,NA,NA,NA,NA,NA,NA,NA,NA,NA,NA,NA,NA,NA,NA,NA,3.49515
111,0.119608,32.6214,NA,"2025-04-12_HPZFK",1.71666452083602,NA,NA,NA,NA,NA,NA,NA,NA,NA,NA,NA,NA,NA,NA,NA,NA,NA,NA,NA,NA,NA,3.49515
112,0.120588,32.6214,NA,"2025-04-12_HPZFK",1.71666452083602,NA,NA,NA,NA,NA,NA,NA,NA,NA,NA,NA,NA,NA,NA,NA,NA,NA,NA,NA,NA,NA,3.49515
113,0.121569,32.6214,NA,"2025-04-12_HPZFK",1.71666452083602,NA,NA,NA,NA,NA,NA,NA,NA,NA,NA,NA,NA,NA,NA,NA,NA,NA,NA,NA,NA,NA,3.49515
114,0.122549,32.6214,NA,"2025-04-12_HPZFK",1.71666452083602,NA,NA,NA,NA,NA,NA,NA,NA,NA,NA,NA,NA,NA,NA,NA,NA,NA,NA,NA,NA,NA,3.49515
115,0.123529,32.6214,NA,"2025-04-12_HPZFK",1.71666452083602,NA,NA,NA,NA,NA,NA,NA,NA,NA,NA,NA,NA,NA,NA,NA,NA,NA,NA,NA,NA,NA,3.49515
116,0.12451,32.6214,NA,"2025-04-12_HPZFK",1.71666452083602,NA,NA,NA,NA,NA,NA,NA,NA,NA,NA,NA,NA,NA,NA,NA,NA,NA,NA,NA,NA,NA,3.49515
117,0.12549,32.6214,NA,"2025-04-12_HPZFK",1.71666452083602,NA,NA,NA,NA,NA,NA,NA,NA,NA,NA,NA,NA,NA,NA,NA,NA,NA,NA,NA,NA,NA,3.49515
118,0.126471,32.6214,NA,"2025-04-12_HPZFK",1.71666452083602,NA,NA,NA,NA,NA,NA,NA,NA,NA,NA,NA,NA,NA,NA,NA,NA,NA,NA,NA,NA,NA,3.49515
119,0.127451,32.6214,NA,"2025-04-12_HPZFK",1.71666452083602,NA,NA,NA,NA,NA,NA,NA,NA,NA,NA,NA,NA,NA,NA,NA,NA,NA,NA,NA,NA,NA,3.49515
120,0.128431,32.6214,NA,"2025-04-12_HPZFK",1.71666452083602,NA,NA,NA,NA,NA,NA,NA,NA,NA,NA,NA,NA,NA,NA,NA,NA,NA,NA,NA,NA,NA,3.49515
121,0.129412,32.6214,NA,"2025-04-12_HPZFK",1.71666452083602,NA,NA,NA,NA,NA,NA,NA,NA,NA,NA,NA,NA,NA,NA,NA,NA,NA,NA,NA,NA,NA,3.49515
122,0.130392,32.6214,NA,"2025-04-12_HPZFK",1.71666452083602,NA,NA,NA,NA,NA,NA,NA,NA,NA,NA,NA,NA,NA,NA,NA,NA,NA,NA,NA,NA,NA,3.49515
123,0.131373,32.6214,NA,"2025-04-12_HPZFK",1.71666452083602,NA,NA,NA,NA,NA,NA,NA,NA,NA,NA,NA,NA,NA,NA,NA,NA,NA,NA,NA,NA,NA,3.49515
124,0.132353,32.6214,NA,"2025-04-12_HPZFK",1.71666452083602,NA,NA,NA,NA,NA,NA,NA,NA,NA,NA,NA,NA,NA,NA,NA,NA,NA,NA,NA,NA,NA,3.49515
125,0.133333,32.6214,NA,"2025-04-12_HPZFK",1.71666452083602,NA,NA,NA,NA,NA,NA,NA,NA,NA,NA,NA,NA,NA,NA,NA,NA,NA,NA,NA,NA,NA,3.49515
126,0.134314,32.6214,NA,"2025-04-12_HPZFK",1.71666452083602,NA,NA,NA,NA,NA,NA,NA,NA,NA,NA,NA,NA,NA,NA,NA,NA,NA,NA,NA,NA,NA,3.49515
127,0.135294,32.6214,NA,"2025-04-12_HPZFK",1.71666452083602,NA,NA,NA,NA,NA,NA,NA,NA,NA,NA,NA,NA,NA,NA,NA,NA,NA,NA,NA,NA,NA,3.49515
128,0.136275,32.6214,NA,"2025-04-12_HPZFK",1.71666452083602,NA,NA,NA,NA,NA,NA,NA,NA,NA,NA,NA,NA,NA,NA,NA,NA,NA,NA,NA,NA,NA,3.49515
129,0.137255,32.6214,NA,"2025-04-12_HPZFK",1.71666452083602,NA,NA,NA,NA,NA,NA,NA,NA,NA,NA,NA,NA,NA,NA,NA,NA,NA,NA,NA,NA,NA,3.49515
130,0.138235,32.6214,NA,"2025-04-12_HPZFK",1.71666452083602,NA,NA,NA,NA,NA,NA,NA,NA,NA,NA,NA,NA,NA,NA,NA,NA,NA,NA,NA,NA,NA,3.49515
131,0.139216,32.6214,NA,"2025-04-12_HPZFK",1.71666452083602,NA,NA,NA,NA,NA,NA,NA,NA,NA,NA,NA,NA,NA,NA,NA,NA,NA,NA,NA,NA,NA,3.49515
132,0.140196,32.6214,NA,"2025-04-12_HPZFK",1.71666452083602,NA,NA,NA,NA,NA,NA,NA,NA,NA,NA,NA,NA,NA,NA,NA,NA,NA,NA,NA,NA,NA,3.49515
133,0.141176,32.6214,NA,"2025-04-12_HPZFK",1.71666452083602,NA,NA,NA,NA,NA,NA,NA,NA,NA,NA,NA,NA,NA,NA,NA,NA,NA,NA,NA,NA,NA,3.49515
134,0.142157,32.6214,NA,"2025-04-12_HPZFK",1.71666452083602,NA,NA,NA,NA,NA,NA,NA,NA,NA,NA,NA,NA,NA,NA,NA,NA,NA,NA,NA,NA,NA,3.49515
135,0.143137,32.6214,NA,"2025-04-12_HPZFK",1.71666452083602,NA,NA,NA,NA,NA,NA,NA,NA,NA,NA,NA,NA,NA,NA,NA,NA,NA,NA,NA,NA,NA,3.49515
136,0.144118,32.6214,NA,"2025-04-12_HPZFK",1.71666452083602,NA,NA,NA,NA,NA,NA,NA,NA,NA,NA,NA,NA,NA,NA,NA,NA,NA,NA,NA,NA,NA,3.49515
137,0.145098,32.6214,NA,"2025-04-12_HPZFK",1.71666452083602,NA,NA,NA,NA,NA,NA,NA,NA,NA,NA,NA,NA,NA,NA,NA,NA,NA,NA,NA,NA,NA,3.49515
138,0.146078,32.6214,NA,"2025-04-12_HPZFK",1.71666452083602,NA,NA,NA,NA,NA,NA,NA,NA,NA,NA,NA,NA,NA,NA,NA,NA,NA,NA,NA,NA,NA,3.49515
139,0.147059,32.6214,NA,"2025-04-12_HPZFK",1.71666452083602,NA,NA,NA,NA,NA,NA,NA,NA,NA,NA,NA,NA,NA,NA,NA,NA,NA,NA,NA,NA,NA,3.49515
140,0.148039,32.6214,NA,"2025-04-12_HPZFK",1.71666452083602,NA,NA,NA,NA,NA,NA,NA,NA,NA,NA,NA,NA,NA,NA,NA,NA,NA,NA,NA,NA,NA,3.49515
141,0.14902,32.6214,NA,"2025-04-12_HPZFK",1.71666452083602,NA,NA,NA,NA,NA,NA,NA,NA,NA,NA,NA,NA,NA,NA,NA,NA,NA,NA,NA,NA,NA,3.49515
142,0.15,32.6214,NA,"2025-04-12_HPZFK",1.71666452083602,NA,NA,NA,NA,NA,NA,NA,NA,NA,NA,NA,NA,NA,NA,NA,NA,NA,NA,NA,NA,NA,3.49515
143,0.15,31.804,NA,"2025-04-12_HPZFK",1.69789856753958,NA,NA,NA,NA,NA,NA,NA,NA,NA,NA,NA,NA,NA,NA,NA,NA,NA,NA,NA,NA,NA,3.53378
144,0.151,31.804,NA,"2025-04-12_HPZFK",1.69789856753958,NA,NA,NA,NA,NA,NA,NA,NA,NA,NA,NA,NA,NA,NA,NA,NA,NA,NA,NA,NA,NA,3.53378
145,0.152,31.804,NA,"2025-04-12_HPZFK",1.69789856753958,NA,NA,NA,NA,NA,NA,NA,NA,NA,NA,NA,NA,NA,NA,NA,NA,NA,NA,NA,NA,NA,3.53378
146,0.153,31.804,NA,"2025-04-12_HPZFK",1.69789856753958,NA,NA,NA,NA,NA,NA,NA,NA,NA,NA,NA,NA,NA,NA,NA,NA,NA,NA,NA,NA,NA,3.53378
147,0.154,31.804,NA,"2025-04-12_HPZFK",1.69789856753958,NA,NA,NA,NA,NA,NA,NA,NA,NA,NA,NA,NA,NA,NA,NA,NA,NA,NA,NA,NA,NA,3.53378
148,0.155,31.804,NA,"2025-04-12_HPZFK",1.69789856753958,NA,NA,NA,NA,NA,NA,NA,NA,NA,NA,NA,NA,NA,NA,NA,NA,NA,NA,NA,NA,NA,3.53378
149,0.156,31.804,NA,"2025-04-12_HPZFK",1.69789856753958,NA,NA,NA,NA,NA,NA,NA,NA,NA,NA,NA,NA,NA,NA,NA,NA,NA,NA,NA,NA,NA,3.53378
150,0.157,31.804,NA,"2025-04-12_HPZFK",1.69789856753958,NA,NA,NA,NA,NA,NA,NA,NA,NA,NA,NA,NA,NA,NA,NA,NA,NA,NA,NA,NA,NA,3.53378
151,0.158,31.804,NA,"2025-04-12_HPZFK",1.69789856753958,NA,NA,NA,NA,NA,NA,NA,NA,NA,NA,NA,NA,NA,NA,NA,NA,NA,NA,NA,NA,NA,3.53378
152,0.159,31.804,NA,"2025-04-12_HPZFK",1.69789856753958,NA,NA,NA,NA,NA,NA,NA,NA,NA,NA,NA,NA,NA,NA,NA,NA,NA,NA,NA,NA,NA,3.53378
153,0.16,31.804,NA,"2025-04-12_HPZFK",1.69789856753958,NA,NA,NA,NA,NA,NA,NA,NA,NA,NA,NA,NA,NA,NA,NA,NA,NA,NA,NA,NA,NA,3.53378
154,0.161,31.804,NA,"2025-04-12_HPZFK",1.69789856753958,NA,NA,NA,NA,NA,NA,NA,NA,NA,NA,NA,NA,NA,NA,NA,NA,NA,NA,NA,NA,NA,3.53378
155,0.162,31.804,NA,"2025-04-12_HPZFK",1.69789856753958,NA,NA,NA,NA,NA,NA,NA,NA,NA,NA,NA,NA,NA,NA,NA,NA,NA,NA,NA,NA,NA,3.53378
156,0.163,31.804,NA,"2025-04-12_HPZFK",1.69789856753958,NA,NA,NA,NA,NA,NA,NA,NA,NA,NA,NA,NA,NA,NA,NA,NA,NA,NA,NA,NA,NA,3.53378
157,0.164,31.804,NA,"2025-04-12_HPZFK",1.69789856753958,NA,NA,NA,NA,NA,NA,NA,NA,NA,NA,NA,NA,NA,NA,NA,NA,NA,NA,NA,NA,NA,3.53378
158,0.165,31.804,NA,"2025-04-12_HPZFK",1.69789856753958,NA,NA,NA,NA,NA,NA,NA,NA,NA,NA,NA,NA,NA,NA,NA,NA,NA,NA,NA,NA,NA,3.53378
159,0.166,31.804,NA,"2025-04-12_HPZFK",1.69789856753958,NA,NA,NA,NA,NA,NA,NA,NA,NA,NA,NA,NA,NA,NA,NA,NA,NA,NA,NA,NA,NA,3.53378
160,0.167,31.804,NA,"2025-04-12_HPZFK",1.69789856753958,NA,NA,NA,NA,NA,NA,NA,NA,NA,NA,NA,NA,NA,NA,NA,NA,NA,NA,NA,NA,NA,3.53378
161,0.168,31.804,NA,"2025-04-12_HPZFK",1.69789856753958,NA,NA,NA,NA,NA,NA,NA,NA,NA,NA,NA,NA,NA,NA,NA,NA,NA,NA,NA,NA,NA,3.53378
162,0.169,31.804,NA,"2025-04-12_HPZFK",1.69789856753958,NA,NA,NA,NA,NA,NA,NA,NA,NA,NA,NA,NA,NA,NA,NA,NA,NA,NA,NA,NA,NA,3.53378
163,0.17,31.804,NA,"2025-04-12_HPZFK",1.69789856753958,NA,NA,NA,NA,NA,NA,NA,NA,NA,NA,NA,NA,NA,NA,NA,NA,NA,NA,NA,NA,NA,3.53378
164,0.171,31.804,NA,"2025-04-12_HPZFK",1.69789856753958,NA,NA,NA,NA,NA,NA,NA,NA,NA,NA,NA,NA,NA,NA,NA,NA,NA,NA,NA,NA,NA,3.53378
165,0.172,31.804,NA,"2025-04-12_HPZFK",1.69789856753958,NA,NA,NA,NA,NA,NA,NA,NA,NA,NA,NA,NA,NA,NA,NA,NA,NA,NA,NA,NA,NA,3.53378
166,0.173,31.804,NA,"2025-04-12_HPZFK",1.69789856753958,NA,NA,NA,NA,NA,NA,NA,NA,NA,NA,NA,NA,NA,NA,NA,NA,NA,NA,NA,NA,NA,3.53378
167,0.174,31.804,NA,"2025-04-12_HPZFK",1.69789856753958,NA,NA,NA,NA,NA,NA,NA,NA,NA,NA,NA,NA,NA,NA,NA,NA,NA,NA,NA,NA,NA,3.53378
168,0.175,31.804,NA,"2025-04-12_HPZFK",1.69789856753958,NA,NA,NA,NA,NA,NA,NA,NA,NA,NA,NA,NA,NA,NA,NA,NA,NA,NA,NA,NA,NA,3.53378
169,0.176,31.804,NA,"2025-04-12_HPZFK",1.69789856753958,NA,NA,NA,NA,NA,NA,NA,NA,NA,NA,NA,NA,NA,NA,NA,NA,NA,NA,NA,NA,NA,3.53378
170,0.177,31.804,NA,"2025-04-12_HPZFK",1.69789856753958,NA,NA,NA,NA,NA,NA,NA,NA,NA,NA,NA,NA,NA,NA,NA,NA,NA,NA,NA,NA,NA,3.53378
171,0.178,31.804,NA,"2025-04-12_HPZFK",1.69789856753958,NA,NA,NA,NA,NA,NA,NA,NA,NA,NA,NA,NA,NA,NA,NA,NA,NA,NA,NA,NA,NA,3.53378
172,0.179,31.804,NA,"2025-04-12_HPZFK",1.69789856753958,NA,NA,NA,NA,NA,NA,NA,NA,NA,NA,NA,NA,NA,NA,NA,NA,NA,NA,NA,NA,NA,3.53378
173,0.18,31.804,NA,"2025-04-12_HPZFK",1.69789856753958,NA,NA,NA,NA,NA,NA,NA,NA,NA,NA,NA,NA,NA,NA,NA,NA,NA,NA,NA,NA,NA,3.53378
174,0.181,31.804,NA,"2025-04-12_HPZFK",1.69789856753958,NA,NA,NA,NA,NA,NA,NA,NA,NA,NA,NA,NA,NA,NA,NA,NA,NA,NA,NA,NA,NA,3.53378
175,0.182,31.804,NA,"2025-04-12_HPZFK",1.69789856753958,NA,NA,NA,NA,NA,NA,NA,NA,NA,NA,NA,NA,NA,NA,NA,NA,NA,NA,NA,NA,NA,3.53378
176,0.183,31.804,NA,"2025-04-12_HPZFK",1.69789856753958,NA,NA,NA,NA,NA,NA,NA,NA,NA,NA,NA,NA,NA,NA,NA,NA,NA,NA,NA,NA,NA,3.53378
177,0.184,31.804,NA,"2025-04-12_HPZFK",1.69789856753958,NA,NA,NA,NA,NA,NA,NA,NA,NA,NA,NA,NA,NA,NA,NA,NA,NA,NA,NA,NA,NA,3.53378
178,0.185,31.804,NA,"2025-04-12_HPZFK",1.69789856753958,NA,NA,NA,NA,NA,NA,NA,NA,NA,NA,NA,NA,NA,NA,NA,NA,NA,NA,NA,NA,NA,3.53378
179,0.186,31.804,NA,"2025-04-12_HPZFK",1.69789856753958,NA,NA,NA,NA,NA,NA,NA,NA,NA,NA,NA,NA,NA,NA,NA,NA,NA,NA,NA,NA,NA,3.53378
180,0.187,31.804,NA,"2025-04-12_HPZFK",1.69789856753958,NA,NA,NA,NA,NA,NA,NA,NA,NA,NA,NA,NA,NA,NA,NA,NA,NA,NA,NA,NA,NA,3.53378
181,0.188,31.804,NA,"2025-04-12_HPZFK",1.69789856753958,NA,NA,NA,NA,NA,NA,NA,NA,NA,NA,NA,NA,NA,NA,NA,NA,NA,NA,NA,NA,NA,3.53378
182,0.189,31.804,NA,"2025-04-12_HPZFK",1.69789856753958,NA,NA,NA,NA,NA,NA,NA,NA,NA,NA,NA,NA,NA,NA,NA,NA,NA,NA,NA,NA,NA,3.53378
183,0.19,31.804,NA,"2025-04-12_HPZFK",1.69789856753958,NA,NA,NA,NA,NA,NA,NA,NA,NA,NA,NA,NA,NA,NA,NA,NA,NA,NA,NA,NA,NA,3.53378
184,0.191,31.804,NA,"2025-04-12_HPZFK",1.69789856753958,NA,NA,NA,NA,NA,NA,NA,NA,NA,NA,NA,NA,NA,NA,NA,NA,NA,NA,NA,NA,NA,3.53378
185,0.192,31.804,NA,"2025-04-12_HPZFK",1.69789856753958,NA,NA,NA,NA,NA,NA,NA,NA,NA,NA,NA,NA,NA,NA,NA,NA,NA,NA,NA,NA,NA,3.53378
186,0.193,31.804,NA,"2025-04-12_HPZFK",1.69789856753958,NA,NA,NA,NA,NA,NA,NA,NA,NA,NA,NA,NA,NA,NA,NA,NA,NA,NA,NA,NA,NA,3.53378
187,0.194,31.804,NA,"2025-04-12_HPZFK",1.69789856753958,NA,NA,NA,NA,NA,NA,NA,NA,NA,NA,NA,NA,NA,NA,NA,NA,NA,NA,NA,NA,NA,3.53378
188,0.195,31.804,NA,"2025-04-12_HPZFK",1.69789856753958,NA,NA,NA,NA,NA,NA,NA,NA,NA,NA,NA,NA,NA,NA,NA,NA,NA,NA,NA,NA,NA,3.53378
189,0.196,31.804,NA,"2025-04-12_HPZFK",1.69789856753958,NA,NA,NA,NA,NA,NA,NA,NA,NA,NA,NA,NA,NA,NA,NA,NA,NA,NA,NA,NA,NA,3.53378
190,0.197,31.804,NA,"2025-04-12_HPZFK",1.69789856753958,NA,NA,NA,NA,NA,NA,NA,NA,NA,NA,NA,NA,NA,NA,NA,NA,NA,NA,NA,NA,NA,3.53378
191,0.198,31.804,NA,"2025-04-12_HPZFK",1.69789856753958,NA,NA,NA,NA,NA,NA,NA,NA,NA,NA,NA,NA,NA,NA,NA,NA,NA,NA,NA,NA,NA,3.53378
192,0.199,31.804,NA,"2025-04-12_HPZFK",1.69789856753958,NA,NA,NA,NA,NA,NA,NA,NA,NA,NA,NA,NA,NA,NA,NA,NA,NA,NA,NA,NA,NA,3.53378
193,0.2,31.804,NA,"2025-04-12_HPZFK",1.69789856753958,NA,NA,NA,NA,NA,NA,NA,NA,NA,NA,NA,NA,NA,NA,NA,NA,NA,NA,NA,NA,NA,3.53378
194,0.2,32.5234,NA,"2025-04-12_HPZFK",1.78333120324329,NA,NA,NA,NA,NA,NA,NA,NA,NA,NA,NA,NA,NA,NA,NA,NA,NA,NA,NA,NA,NA,3.36449
195,0.200962,32.5234,NA,"2025-04-12_HPZFK",1.78333120324329,NA,NA,NA,NA,NA,NA,NA,NA,NA,NA,NA,NA,NA,NA,NA,NA,NA,NA,NA,NA,NA,3.36449
196,0.201923,32.5234,NA,"2025-04-12_HPZFK",1.78333120324329,NA,NA,NA,NA,NA,NA,NA,NA,NA,NA,NA,NA,NA,NA,NA,NA,NA,NA,NA,NA,NA,3.36449
197,0.202885,32.5234,NA,"2025-04-12_HPZFK",1.78333120324329,NA,NA,NA,NA,NA,NA,NA,NA,NA,NA,NA,NA,NA,NA,NA,NA,NA,NA,NA,NA,NA,3.36449
198,0.203846,32.5234,NA,"2025-04-12_HPZFK",1.78333120324329,NA,NA,NA,NA,NA,NA,NA,NA,NA,NA,NA,NA,NA,NA,NA,NA,NA,NA,NA,NA,NA,3.36449
199,0.204808,32.5234,NA,"2025-04-12_HPZFK",1.78333120324329,NA,NA,NA,NA,NA,NA,NA,NA,NA,NA,NA,NA,NA,NA,NA,NA,NA,NA,NA,NA,NA,3.36449
200,0.205769,32.5234,NA,"2025-04-12_HPZFK",1.78333120324329,NA,NA,NA,NA,NA,NA,NA,NA,NA,NA,NA,NA,NA,NA,NA,NA,NA,NA,NA,NA,NA,3.36449
201,0.206731,32.5234,NA,"2025-04-12_HPZFK",1.78333120324329,NA,NA,NA,NA,NA,NA,NA,NA,NA,NA,NA,NA,NA,NA,NA,NA,NA,NA,NA,NA,NA,3.36449
202,0.207692,32.5234,NA,"2025-04-12_HPZFK",1.78333120324329,NA,NA,NA,NA,NA,NA,NA,NA,NA,NA,NA,NA,NA,NA,NA,NA,NA,NA,NA,NA,NA,3.36449
203,0.208654,32.5234,NA,"2025-04-12_HPZFK",1.78333120324329,NA,NA,NA,NA,NA,NA,NA,NA,NA,NA,NA,NA,NA,NA,NA,NA,NA,NA,NA,NA,NA,3.36449
204,0.209615,32.5234,NA,"2025-04-12_HPZFK",1.78333120324329,NA,NA,NA,NA,NA,NA,NA,NA,NA,NA,NA,NA,NA,NA,NA,NA,NA,NA,NA,NA,NA,3.36449
205,0.210577,32.5234,NA,"2025-04-12_HPZFK",1.78333120324329,NA,NA,NA,NA,NA,NA,NA,NA,NA,NA,NA,NA,NA,NA,NA,NA,NA,NA,NA,NA,NA,3.36449
206,0.211538,32.5234,NA,"2025-04-12_HPZFK",1.78333120324329,NA,NA,NA,NA,NA,NA,NA,NA,NA,NA,NA,NA,NA,NA,NA,NA,NA,NA,NA,NA,NA,3.36449
207,0.2125,32.5234,NA,"2025-04-12_HPZFK",1.78333120324329,NA,NA,NA,NA,NA,NA,NA,NA,NA,NA,NA,NA,NA,NA,NA,NA,NA,NA,NA,NA,NA,3.36449
208,0.213462,32.5234,NA,"2025-04-12_HPZFK",1.78333120324329,NA,NA,NA,NA,NA,NA,NA,NA,NA,NA,NA,NA,NA,NA,NA,NA,NA,NA,NA,NA,NA,3.36449
209,0.214423,32.5234,NA,"2025-04-12_HPZFK",1.78333120324329,NA,NA,NA,NA,NA,NA,NA,NA,NA,NA,NA,NA,NA,NA,NA,NA,NA,NA,NA,NA,NA,3.36449
210,0.215385,32.5234,NA,"2025-04-12_HPZFK",1.78333120324329,NA,NA,NA,NA,NA,NA,NA,NA,NA,NA,NA,NA,NA,NA,NA,NA,NA,NA,NA,NA,NA,3.36449
211,0.216346,32.5234,NA,"2025-04-12_HPZFK",1.78333120324329,NA,NA,NA,NA,NA,NA,NA,NA,NA,NA,NA,NA,NA,NA,NA,NA,NA,NA,NA,NA,NA,3.36449
212,0.217308,32.5234,NA,"2025-04-12_HPZFK",1.78333120324329,NA,NA,NA,NA,NA,NA,NA,NA,NA,NA,NA,NA,NA,NA,NA,NA,NA,NA,NA,NA,NA,3.36449
213,0.218269,32.5234,NA,"2025-04-12_HPZFK",1.78333120324329,NA,NA,NA,NA,NA,NA,NA,NA,NA,NA,NA,NA,NA,NA,NA,NA,NA,NA,NA,NA,NA,3.36449
214,0.219231,32.5234,NA,"2025-04-12_HPZFK",1.78333120324329,NA,NA,NA,NA,NA,NA,NA,NA,NA,NA,NA,NA,NA,NA,NA,NA,NA,NA,NA,NA,NA,3.36449
215,0.220192,32.5234,NA,"2025-04-12_HPZFK",1.78333120324329,NA,NA,NA,NA,NA,NA,NA,NA,NA,NA,NA,NA,NA,NA,NA,NA,NA,NA,NA,NA,NA,3.36449
216,0.221154,32.5234,NA,"2025-04-12_HPZFK",1.78333120324329,NA,NA,NA,NA,NA,NA,NA,NA,NA,NA,NA,NA,NA,NA,NA,NA,NA,NA,NA,NA,NA,3.36449
217,0.222115,32.5234,NA,"2025-04-12_HPZFK",1.78333120324329,NA,NA,NA,NA,NA,NA,NA,NA,NA,NA,NA,NA,NA,NA,NA,NA,NA,NA,NA,NA,NA,3.36449
218,0.223077,32.5234,NA,"2025-04-12_HPZFK",1.78333120324329,NA,NA,NA,NA,NA,NA,NA,NA,NA,NA,NA,NA,NA,NA,NA,NA,NA,NA,NA,NA,NA,3.36449
219,0.224038,32.5234,NA,"2025-04-12_HPZFK",1.78333120324329,NA,NA,NA,NA,NA,NA,NA,NA,NA,NA,NA,NA,NA,NA,NA,NA,NA,NA,NA,NA,NA,3.36449
220,0.225,32.5234,NA,"2025-04-12_HPZFK",1.78333120324329,NA,NA,NA,NA,NA,NA,NA,NA,NA,NA,NA,NA,NA,NA,NA,NA,NA,NA,NA,NA,NA,3.36449
221,0.225962,32.5234,NA,"2025-04-12_HPZFK",1.78333120324329,NA,NA,NA,NA,NA,NA,NA,NA,NA,NA,NA,NA,NA,NA,NA,NA,NA,NA,NA,NA,NA,3.36449
222,0.226923,32.5234,NA,"2025-04-12_HPZFK",1.78333120324329,NA,NA,NA,NA,NA,NA,NA,NA,NA,NA,NA,NA,NA,NA,NA,NA,NA,NA,NA,NA,NA,3.36449
223,0.227885,32.5234,NA,"2025-04-12_HPZFK",1.78333120324329,NA,NA,NA,NA,NA,NA,NA,NA,NA,NA,NA,NA,NA,NA,NA,NA,NA,NA,NA,NA,NA,3.36449
224,0.228846,32.5234,NA,"2025-04-12_HPZFK",1.78333120324329,NA,NA,NA,NA,NA,NA,NA,NA,NA,NA,NA,NA,NA,NA,NA,NA,NA,NA,NA,NA,NA,3.36449
225,0.229808,32.5234,NA,"2025-04-12_HPZFK",1.78333120324329,NA,NA,NA,NA,NA,NA,NA,NA,NA,NA,NA,NA,NA,NA,NA,NA,NA,NA,NA,NA,NA,3.36449
226,0.230769,32.5234,NA,"2025-04-12_HPZFK",1.78333120324329,NA,NA,NA,NA,NA,NA,NA,NA,NA,NA,NA,NA,NA,NA,NA,NA,NA,NA,NA,NA,NA,3.36449
227,0.231731,32.5234,NA,"2025-04-12_HPZFK",1.78333120324329,NA,NA,NA,NA,NA,NA,NA,NA,NA,NA,NA,NA,NA,NA,NA,NA,NA,NA,NA,NA,NA,3.36449
228,0.232692,32.5234,NA,"2025-04-12_HPZFK",1.78333120324329,NA,NA,NA,NA,NA,NA,NA,NA,NA,NA,NA,NA,NA,NA,NA,NA,NA,NA,NA,NA,NA,3.36449
229,0.233654,32.5234,NA,"2025-04-12_HPZFK",1.78333120324329,NA,NA,NA,NA,NA,NA,NA,NA,NA,NA,NA,NA,NA,NA,NA,NA,NA,NA,NA,NA,NA,3.36449
230,0.234615,32.5234,NA,"2025-04-12_HPZFK",1.78333120324329,NA,NA,NA,NA,NA,NA,NA,NA,NA,NA,NA,NA,NA,NA,NA,NA,NA,NA,NA,NA,NA,3.36449
231,0.235577,32.5234,NA,"2025-04-12_HPZFK",1.78333120324329,NA,NA,NA,NA,NA,NA,NA,NA,NA,NA,NA,NA,NA,NA,NA,NA,NA,NA,NA,NA,NA,3.36449
232,0.236538,32.5234,NA,"2025-04-12_HPZFK",1.78333120324329,NA,NA,NA,NA,NA,NA,NA,NA,NA,NA,NA,NA,NA,NA,NA,NA,NA,NA,NA,NA,NA,3.36449
233,0.2375,32.5234,NA,"2025-04-12_HPZFK",1.78333120324329,NA,NA,NA,NA,NA,NA,NA,NA,NA,NA,NA,NA,NA,NA,NA,NA,NA,NA,NA,NA,NA,3.36449
234,0.238462,32.5234,NA,"2025-04-12_HPZFK",1.78333120324329,NA,NA,NA,NA,NA,NA,NA,NA,NA,NA,NA,NA,NA,NA,NA,NA,NA,NA,NA,NA,NA,3.36449
235,0.239423,32.5234,NA,"2025-04-12_HPZFK",1.78333120324329,NA,NA,NA,NA,NA,NA,NA,NA,NA,NA,NA,NA,NA,NA,NA,NA,NA,NA,NA,NA,NA,3.36449
236,0.240385,32.5234,NA,"2025-04-12_HPZFK",1.78333120324329,NA,NA,NA,NA,NA,NA,NA,NA,NA,NA,NA,NA,NA,NA,NA,NA,NA,NA,NA,NA,NA,3.36449
237,0.241346,32.5234,NA,"2025-04-12_HPZFK",1.78333120324329,NA,NA,NA,NA,NA,NA,NA,NA,NA,NA,NA,NA,NA,NA,NA,NA,NA,NA,NA,NA,NA,3.36449
238,0.242308,32.5234,NA,"2025-04-12_HPZFK",1.78333120324329,NA,NA,NA,NA,NA,NA,NA,NA,NA,NA,NA,NA,NA,NA,NA,NA,NA,NA,NA,NA,NA,3.36449
239,0.243269,32.5234,NA,"2025-04-12_HPZFK",1.78333120324329,NA,NA,NA,NA,NA,NA,NA,NA,NA,NA,NA,NA,NA,NA,NA,NA,NA,NA,NA,NA,NA,3.36449
240,0.244231,32.5234,NA,"2025-04-12_HPZFK",1.78333120324329,NA,NA,NA,NA,NA,NA,NA,NA,NA,NA,NA,NA,NA,NA,NA,NA,NA,NA,NA,NA,NA,3.36449
241,0.245192,32.5234,NA,"2025-04-12_HPZFK",1.78333120324329,NA,NA,NA,NA,NA,NA,NA,NA,NA,NA,NA,NA,NA,NA,NA,NA,NA,NA,NA,NA,NA,3.36449
242,0.246154,32.5234,NA,"2025-04-12_HPZFK",1.78333120324329,NA,NA,NA,NA,NA,NA,NA,NA,NA,NA,NA,NA,NA,NA,NA,NA,NA,NA,NA,NA,NA,3.36449
243,0.247115,32.5234,NA,"2025-04-12_HPZFK",1.78333120324329,NA,NA,NA,NA,NA,NA,NA,NA,NA,NA,NA,NA,NA,NA,NA,NA,NA,NA,NA,NA,NA,3.36449
244,0.248077,32.5234,NA,"2025-04-12_HPZFK",1.78333120324329,NA,NA,NA,NA,NA,NA,NA,NA,NA,NA,NA,NA,NA,NA,NA,NA,NA,NA,NA,NA,NA,3.36449
245,0.249038,32.5234,NA,"2025-04-12_HPZFK",1.78333120324329,NA,NA,NA,NA,NA,NA,NA,NA,NA,NA,NA,NA,NA,NA,NA,NA,NA,NA,NA,NA,NA,3.36449
246,0.25,32.5234,NA,"2025-04-12_HPZFK",1.78333120324329,NA,NA,NA,NA,NA,NA,NA,NA,NA,NA,NA,NA,NA,NA,NA,NA,NA,NA,NA,NA,NA,3.36449
247,0.25,32.9012,NA,"2025-04-12_HPZFK",1.7020648883871,NA,NA,NA,NA,NA,NA,NA,NA,NA,NA,NA,NA,NA,NA,NA,NA,NA,NA,NA,NA,NA,3.52513
248,0.251,32.9012,NA,"2025-04-12_HPZFK",1.7020648883871,NA,NA,NA,NA,NA,NA,NA,NA,NA,NA,NA,NA,NA,NA,NA,NA,NA,NA,NA,NA,NA,3.52513
249,0.252,32.9012,NA,"2025-04-12_HPZFK",1.7020648883871,NA,NA,NA,NA,NA,NA,NA,NA,NA,NA,NA,NA,NA,NA,NA,NA,NA,NA,NA,NA,NA,3.52513
250,0.253,32.9012,NA,"2025-04-12_HPZFK",1.7020648883871,NA,NA,NA,NA,NA,NA,NA,NA,NA,NA,NA,NA,NA,NA,NA,NA,NA,NA,NA,NA,NA,3.52513
251,0.254,32.9012,NA,"2025-04-12_HPZFK",1.7020648883871,NA,NA,NA,NA,NA,NA,NA,NA,NA,NA,NA,NA,NA,NA,NA,NA,NA,NA,NA,NA,NA,3.52513
252,0.255,32.9012,NA,"2025-04-12_HPZFK",1.7020648883871,NA,NA,NA,NA,NA,NA,NA,NA,NA,NA,NA,NA,NA,NA,NA,NA,NA,NA,NA,NA,NA,3.52513
253,0.256,32.9012,NA,"2025-04-12_HPZFK",1.7020648883871,NA,NA,NA,NA,NA,NA,NA,NA,NA,NA,NA,NA,NA,NA,NA,NA,NA,NA,NA,NA,NA,3.52513
254,0.257,32.9012,NA,"2025-04-12_HPZFK",1.7020648883871,NA,NA,NA,NA,NA,NA,NA,NA,NA,NA,NA,NA,NA,NA,NA,NA,NA,NA,NA,NA,NA,3.52513
255,0.258,32.9012,NA,"2025-04-12_HPZFK",1.7020648883871,NA,NA,NA,NA,NA,NA,NA,NA,NA,NA,NA,NA,NA,NA,NA,NA,NA,NA,NA,NA,NA,3.52513
256,0.259,32.9012,NA,"2025-04-12_HPZFK",1.7020648883871,NA,NA,NA,NA,NA,NA,NA,NA,NA,NA,NA,NA,NA,NA,NA,NA,NA,NA,NA,NA,NA,3.52513
257,0.26,32.9012,NA,"2025-04-12_HPZFK",1.7020648883871,NA,NA,NA,NA,NA,NA,NA,NA,NA,NA,NA,NA,NA,NA,NA,NA,NA,NA,NA,NA,NA,3.52513
258,0.261,32.9012,NA,"2025-04-12_HPZFK",1.7020648883871,NA,NA,NA,NA,NA,NA,NA,NA,NA,NA,NA,NA,NA,NA,NA,NA,NA,NA,NA,NA,NA,3.52513
259,0.262,32.9012,NA,"2025-04-12_HPZFK",1.7020648883871,NA,NA,NA,NA,NA,NA,NA,NA,NA,NA,NA,NA,NA,NA,NA,NA,NA,NA,NA,NA,NA,3.52513
260,0.263,32.9012,NA,"2025-04-12_HPZFK",1.7020648883871,NA,NA,NA,NA,NA,NA,NA,NA,NA,NA,NA,NA,NA,NA,NA,NA,NA,NA,NA,NA,NA,3.52513
261,0.264,32.9012,NA,"2025-04-12_HPZFK",1.7020648883871,NA,NA,NA,NA,NA,NA,NA,NA,NA,NA,NA,NA,NA,NA,NA,NA,NA,NA,NA,NA,NA,3.52513
262,0.265,32.9012,NA,"2025-04-12_HPZFK",1.7020648883871,NA,NA,NA,NA,NA,NA,NA,NA,NA,NA,NA,NA,NA,NA,NA,NA,NA,NA,NA,NA,NA,3.52513
263,0.266,32.9012,NA,"2025-04-12_HPZFK",1.7020648883871,NA,NA,NA,NA,NA,NA,NA,NA,NA,NA,NA,NA,NA,NA,NA,NA,NA,NA,NA,NA,NA,3.52513
264,0.267,32.9012,NA,"2025-04-12_HPZFK",1.7020648883871,NA,NA,NA,NA,NA,NA,NA,NA,NA,NA,NA,NA,NA,NA,NA,NA,NA,NA,NA,NA,NA,3.52513
265,0.268,32.9012,NA,"2025-04-12_HPZFK",1.7020648883871,NA,NA,NA,NA,NA,NA,NA,NA,NA,NA,NA,NA,NA,NA,NA,NA,NA,NA,NA,NA,NA,3.52513
266,0.269,32.9012,NA,"2025-04-12_HPZFK",1.7020648883871,NA,NA,NA,NA,NA,NA,NA,NA,NA,NA,NA,NA,NA,NA,NA,NA,NA,NA,NA,NA,NA,3.52513
267,0.27,32.9012,NA,"2025-04-12_HPZFK",1.7020648883871,NA,NA,NA,NA,NA,NA,NA,NA,NA,NA,NA,NA,NA,NA,NA,NA,NA,NA,NA,NA,NA,3.52513
268,0.271,32.9012,NA,"2025-04-12_HPZFK",1.7020648883871,NA,NA,NA,NA,NA,NA,NA,NA,NA,NA,NA,NA,NA,NA,NA,NA,NA,NA,NA,NA,NA,3.52513
269,0.272,32.9012,NA,"2025-04-12_HPZFK",1.7020648883871,NA,NA,NA,NA,NA,NA,NA,NA,NA,NA,NA,NA,NA,NA,NA,NA,NA,NA,NA,NA,NA,3.52513
270,0.273,32.9012,NA,"2025-04-12_HPZFK",1.7020648883871,NA,NA,NA,NA,NA,NA,NA,NA,NA,NA,NA,NA,NA,NA,NA,NA,NA,NA,NA,NA,NA,3.52513
271,0.274,32.9012,NA,"2025-04-12_HPZFK",1.7020648883871,NA,NA,NA,NA,NA,NA,NA,NA,NA,NA,NA,NA,NA,NA,NA,NA,NA,NA,NA,NA,NA,3.52513
272,0.275,32.9012,NA,"2025-04-12_HPZFK",1.7020648883871,NA,NA,NA,NA,NA,NA,NA,NA,NA,NA,NA,NA,NA,NA,NA,NA,NA,NA,NA,NA,NA,3.52513
273,0.276,32.9012,NA,"2025-04-12_HPZFK",1.7020648883871,NA,NA,NA,NA,NA,NA,NA,NA,NA,NA,NA,NA,NA,NA,NA,NA,NA,NA,NA,NA,NA,3.52513
274,0.277,32.9012,NA,"2025-04-12_HPZFK",1.7020648883871,NA,NA,NA,NA,NA,NA,NA,NA,NA,NA,NA,NA,NA,NA,NA,NA,NA,NA,NA,NA,NA,3.52513
275,0.278,32.9012,NA,"2025-04-12_HPZFK",1.7020648883871,NA,NA,NA,NA,NA,NA,NA,NA,NA,NA,NA,NA,NA,NA,NA,NA,NA,NA,NA,NA,NA,3.52513
276,0.279,32.9012,NA,"2025-04-12_HPZFK",1.7020648883871,NA,NA,NA,NA,NA,NA,NA,NA,NA,NA,NA,NA,NA,NA,NA,NA,NA,NA,NA,NA,NA,3.52513
277,0.28,32.9012,NA,"2025-04-12_HPZFK",1.7020648883871,NA,NA,NA,NA,NA,NA,NA,NA,NA,NA,NA,NA,NA,NA,NA,NA,NA,NA,NA,NA,NA,3.52513
278,0.281,32.9012,NA,"2025-04-12_HPZFK",1.7020648883871,NA,NA,NA,NA,NA,NA,NA,NA,NA,NA,NA,NA,NA,NA,NA,NA,NA,NA,NA,NA,NA,3.52513
279,0.282,32.9012,NA,"2025-04-12_HPZFK",1.7020648883871,NA,NA,NA,NA,NA,NA,NA,NA,NA,NA,NA,NA,NA,NA,NA,NA,NA,NA,NA,NA,NA,3.52513
280,0.283,32.9012,NA,"2025-04-12_HPZFK",1.7020648883871,NA,NA,NA,NA,NA,NA,NA,NA,NA,NA,NA,NA,NA,NA,NA,NA,NA,NA,NA,NA,NA,3.52513
281,0.284,32.9012,NA,"2025-04-12_HPZFK",1.7020648883871,NA,NA,NA,NA,NA,NA,NA,NA,NA,NA,NA,NA,NA,NA,NA,NA,NA,NA,NA,NA,NA,3.52513
282,0.285,32.9012,NA,"2025-04-12_HPZFK",1.7020648883871,NA,NA,NA,NA,NA,NA,NA,NA,NA,NA,NA,NA,NA,NA,NA,NA,NA,NA,NA,NA,NA,3.52513
283,0.286,32.9012,NA,"2025-04-12_HPZFK",1.7020648883871,NA,NA,NA,NA,NA,NA,NA,NA,NA,NA,NA,NA,NA,NA,NA,NA,NA,NA,NA,NA,NA,3.52513
284,0.287,32.9012,NA,"2025-04-12_HPZFK",1.7020648883871,NA,NA,NA,NA,NA,NA,NA,NA,NA,NA,NA,NA,NA,NA,NA,NA,NA,NA,NA,NA,NA,3.52513
285,0.288,32.9012,NA,"2025-04-12_HPZFK",1.7020648883871,NA,NA,NA,NA,NA,NA,NA,NA,NA,NA,NA,NA,NA,NA,NA,NA,NA,NA,NA,NA,NA,3.52513
286,0.289,32.9012,NA,"2025-04-12_HPZFK",1.7020648883871,NA,NA,NA,NA,NA,NA,NA,NA,NA,NA,NA,NA,NA,NA,NA,NA,NA,NA,NA,NA,NA,3.52513
287,0.29,32.9012,NA,"2025-04-12_HPZFK",1.7020648883871,NA,NA,NA,NA,NA,NA,NA,NA,NA,NA,NA,NA,NA,NA,NA,NA,NA,NA,NA,NA,NA,3.52513
288,0.291,32.9012,NA,"2025-04-12_HPZFK",1.7020648883871,NA,NA,NA,NA,NA,NA,NA,NA,NA,NA,NA,NA,NA,NA,NA,NA,NA,NA,NA,NA,NA,3.52513
289,0.292,32.9012,NA,"2025-04-12_HPZFK",1.7020648883871,NA,NA,NA,NA,NA,NA,NA,NA,NA,NA,NA,NA,NA,NA,NA,NA,NA,NA,NA,NA,NA,3.52513
290,0.293,32.9012,NA,"2025-04-12_HPZFK",1.7020648883871,NA,NA,NA,NA,NA,NA,NA,NA,NA,NA,NA,NA,NA,NA,NA,NA,NA,NA,NA,NA,NA,3.52513
291,0.294,32.9012,NA,"2025-04-12_HPZFK",1.7020648883871,NA,NA,NA,NA,NA,NA,NA,NA,NA,NA,NA,NA,NA,NA,NA,NA,NA,NA,NA,NA,NA,3.52513
292,0.295,32.9012,NA,"2025-04-12_HPZFK",1.7020648883871,NA,NA,NA,NA,NA,NA,NA,NA,NA,NA,NA,NA,NA,NA,NA,NA,NA,NA,NA,NA,NA,3.52513
293,0.296,32.9012,NA,"2025-04-12_HPZFK",1.7020648883871,NA,NA,NA,NA,NA,NA,NA,NA,NA,NA,NA,NA,NA,NA,NA,NA,NA,NA,NA,NA,NA,3.52513
294,0.297,32.9012,NA,"2025-04-12_HPZFK",1.7020648883871,NA,NA,NA,NA,NA,NA,NA,NA,NA,NA,NA,NA,NA,NA,NA,NA,NA,NA,NA,NA,NA,3.52513
295,0.298,32.9012,NA,"2025-04-12_HPZFK",1.7020648883871,NA,NA,NA,NA,NA,NA,NA,NA,NA,NA,NA,NA,NA,NA,NA,NA,NA,NA,NA,NA,NA,3.52513
296,0.299,32.9012,NA,"2025-04-12_HPZFK",1.7020648883871,NA,NA,NA,NA,NA,NA,NA,NA,NA,NA,NA,NA,NA,NA,NA,NA,NA,NA,NA,NA,NA,3.52513
0,0,31.9149,NA,"2025-02-22_ZGTUV",NA,NA,NA,NA,NA,NA,NA,NA,NA,NA,NA,NA,NA,NA,NA,NA,NA,NA,NA,NA,NA,NA,0
1,0.000543478,31.9149,NA,"2025-02-22_ZGTUV",3.13333925186303,NA,NA,NA,NA,NA,NA,NA,NA,NA,NA,NA,NA,NA,NA,NA,NA,NA,NA,NA,NA,NA,1.91489
2,0.00108696,31.9149,NA,"2025-02-22_ZGTUV",3.13333925186303,NA,NA,NA,NA,NA,NA,NA,NA,NA,NA,NA,NA,NA,NA,NA,NA,NA,NA,NA,NA,NA,1.91489
3,0.00163043,31.9149,NA,"2025-02-22_ZGTUV",3.13333925186303,NA,NA,NA,NA,NA,NA,NA,NA,NA,NA,NA,NA,NA,NA,NA,NA,NA,NA,NA,NA,NA,1.91489
4,0.00217391,31.9149,NA,"2025-02-22_ZGTUV",3.13333925186303,NA,NA,NA,NA,NA,NA,NA,NA,NA,NA,NA,NA,NA,NA,NA,NA,NA,NA,NA,NA,NA,1.91489
5,0.00271739,31.9149,NA,"2025-02-22_ZGTUV",3.13333925186303,NA,NA,NA,NA,NA,NA,NA,NA,NA,NA,NA,NA,NA,NA,NA,NA,NA,NA,NA,NA,NA,1.91489
6,0.00326087,31.9149,NA,"2025-02-22_ZGTUV",3.13333925186303,NA,NA,NA,NA,NA,NA,NA,NA,NA,NA,NA,NA,NA,NA,NA,NA,NA,NA,NA,NA,NA,1.91489
7,0.00380435,31.9149,NA,"2025-02-22_ZGTUV",3.13333925186303,NA,NA,NA,NA,NA,NA,NA,NA,NA,NA,NA,NA,NA,NA,NA,NA,NA,NA,NA,NA,NA,1.91489
8,0.00434783,31.9149,NA,"2025-02-22_ZGTUV",3.13333925186303,NA,NA,NA,NA,NA,NA,NA,NA,NA,NA,NA,NA,NA,NA,NA,NA,NA,NA,NA,NA,NA,1.91489
9,0.0048913,31.9149,NA,"2025-02-22_ZGTUV",3.13333925186303,NA,NA,NA,NA,NA,NA,NA,NA,NA,NA,NA,NA,NA,NA,NA,NA,NA,NA,NA,NA,NA,1.91489
10,0.00543478,31.9149,NA,"2025-02-22_ZGTUV",3.13333925186303,NA,NA,NA,NA,NA,NA,NA,NA,NA,NA,NA,NA,NA,NA,NA,NA,NA,NA,NA,NA,NA,1.91489
11,0.00597826,31.9149,NA,"2025-02-22_ZGTUV",3.13333925186303,NA,NA,NA,NA,NA,NA,NA,NA,NA,NA,NA,NA,NA,NA,NA,NA,NA,NA,NA,NA,NA,1.91489
12,0.00652174,31.9149,NA,"2025-02-22_ZGTUV",3.13333925186303,NA,NA,NA,NA,NA,NA,NA,NA,NA,NA,NA,NA,NA,NA,NA,NA,NA,NA,NA,NA,NA,1.91489
13,0.00706522,31.9149,NA,"2025-02-22_ZGTUV",3.13333925186303,NA,NA,NA,NA,NA,NA,NA,NA,NA,NA,NA,NA,NA,NA,NA,NA,NA,NA,NA,NA,NA,1.91489
14,0.0076087,31.9149,NA,"2025-02-22_ZGTUV",3.13333925186303,NA,NA,NA,NA,NA,NA,NA,NA,NA,NA,NA,NA,NA,NA,NA,NA,NA,NA,NA,NA,NA,1.91489
15,0.00815217,31.9149,NA,"2025-02-22_ZGTUV",3.13333925186303,NA,NA,NA,NA,NA,NA,NA,NA,NA,NA,NA,NA,NA,NA,NA,NA,NA,NA,NA,NA,NA,1.91489
16,0.00869565,31.9149,NA,"2025-02-22_ZGTUV",3.13333925186303,NA,NA,NA,NA,NA,NA,NA,NA,NA,NA,NA,NA,NA,NA,NA,NA,NA,NA,NA,NA,NA,1.91489
17,0.00923913,31.9149,NA,"2025-02-22_ZGTUV",3.13333925186303,NA,NA,NA,NA,NA,NA,NA,NA,NA,NA,NA,NA,NA,NA,NA,NA,NA,NA,NA,NA,NA,1.91489
18,0.00978261,31.9149,NA,"2025-02-22_ZGTUV",3.13333925186303,NA,NA,NA,NA,NA,NA,NA,NA,NA,NA,NA,NA,NA,NA,NA,NA,NA,NA,NA,NA,NA,1.91489
19,0.0103261,31.9149,NA,"2025-02-22_ZGTUV",3.13333925186303,NA,NA,NA,NA,NA,NA,NA,NA,NA,NA,NA,NA,NA,NA,NA,NA,NA,NA,NA,NA,NA,1.91489
20,0.0108696,31.9149,NA,"2025-02-22_ZGTUV",3.13333925186303,NA,NA,NA,NA,NA,NA,NA,NA,NA,NA,NA,NA,NA,NA,NA,NA,NA,NA,NA,NA,NA,1.91489
21,0.011413,31.9149,NA,"2025-02-22_ZGTUV",3.13333925186303,NA,NA,NA,NA,NA,NA,NA,NA,NA,NA,NA,NA,NA,NA,NA,NA,NA,NA,NA,NA,NA,1.91489
22,0.0119565,31.9149,NA,"2025-02-22_ZGTUV",3.13333925186303,NA,NA,NA,NA,NA,NA,NA,NA,NA,NA,NA,NA,NA,NA,NA,NA,NA,NA,NA,NA,NA,1.91489
23,0.0125,31.9149,NA,"2025-02-22_ZGTUV",3.13333925186303,NA,NA,NA,NA,NA,NA,NA,NA,NA,NA,NA,NA,NA,NA,NA,NA,NA,NA,NA,NA,NA,1.91489
24,0.0130435,31.9149,NA,"2025-02-22_ZGTUV",3.13333925186303,NA,NA,NA,NA,NA,NA,NA,NA,NA,NA,NA,NA,NA,NA,NA,NA,NA,NA,NA,NA,NA,1.91489
25,0.013587,31.9149,NA,"2025-02-22_ZGTUV",3.13333925186303,NA,NA,NA,NA,NA,NA,NA,NA,NA,NA,NA,NA,NA,NA,NA,NA,NA,NA,NA,NA,NA,1.91489
26,0.0141304,31.9149,NA,"2025-02-22_ZGTUV",3.13333925186303,NA,NA,NA,NA,NA,NA,NA,NA,NA,NA,NA,NA,NA,NA,NA,NA,NA,NA,NA,NA,NA,1.91489
27,0.0146739,31.9149,NA,"2025-02-22_ZGTUV",3.13333925186303,NA,NA,NA,NA,NA,NA,NA,NA,NA,NA,NA,NA,NA,NA,NA,NA,NA,NA,NA,NA,NA,1.91489
28,0.0152174,31.9149,NA,"2025-02-22_ZGTUV",3.13333925186303,NA,NA,NA,NA,NA,NA,NA,NA,NA,NA,NA,NA,NA,NA,NA,NA,NA,NA,NA,NA,NA,1.91489
29,0.0157609,31.9149,NA,"2025-02-22_ZGTUV",3.13333925186303,NA,NA,NA,NA,NA,NA,NA,NA,NA,NA,NA,NA,NA,NA,NA,NA,NA,NA,NA,NA,NA,1.91489
30,0.0163043,31.9149,NA,"2025-02-22_ZGTUV",3.13333925186303,NA,NA,NA,NA,NA,NA,NA,NA,NA,NA,NA,NA,NA,NA,NA,NA,NA,NA,NA,NA,NA,1.91489
31,0.0168478,31.9149,NA,"2025-02-22_ZGTUV",3.13333925186303,NA,NA,NA,NA,NA,NA,NA,NA,NA,NA,NA,NA,NA,NA,NA,NA,NA,NA,NA,NA,NA,1.91489
32,0.0173913,31.9149,NA,"2025-02-22_ZGTUV",3.13333925186303,NA,NA,NA,NA,NA,NA,NA,NA,NA,NA,NA,NA,NA,NA,NA,NA,NA,NA,NA,NA,NA,1.91489
33,0.0179348,31.9149,NA,"2025-02-22_ZGTUV",3.13333925186303,NA,NA,NA,NA,NA,NA,NA,NA,NA,NA,NA,NA,NA,NA,NA,NA,NA,NA,NA,NA,NA,1.91489
34,0.0184783,31.9149,NA,"2025-02-22_ZGTUV",3.13333925186303,NA,NA,NA,NA,NA,NA,NA,NA,NA,NA,NA,NA,NA,NA,NA,NA,NA,NA,NA,NA,NA,1.91489
35,0.0190217,31.9149,NA,"2025-02-22_ZGTUV",3.13333925186303,NA,NA,NA,NA,NA,NA,NA,NA,NA,NA,NA,NA,NA,NA,NA,NA,NA,NA,NA,NA,NA,1.91489
36,0.0195652,31.9149,NA,"2025-02-22_ZGTUV",3.13333925186303,NA,NA,NA,NA,NA,NA,NA,NA,NA,NA,NA,NA,NA,NA,NA,NA,NA,NA,NA,NA,NA,1.91489
37,0.0201087,31.9149,NA,"2025-02-22_ZGTUV",3.13333925186303,NA,NA,NA,NA,NA,NA,NA,NA,NA,NA,NA,NA,NA,NA,NA,NA,NA,NA,NA,NA,NA,1.91489
38,0.0206522,31.9149,NA,"2025-02-22_ZGTUV",3.13333925186303,NA,NA,NA,NA,NA,NA,NA,NA,NA,NA,NA,NA,NA,NA,NA,NA,NA,NA,NA,NA,NA,1.91489
39,0.0211957,31.9149,NA,"2025-02-22_ZGTUV",3.13333925186303,NA,NA,NA,NA,NA,NA,NA,NA,NA,NA,NA,NA,NA,NA,NA,NA,NA,NA,NA,NA,NA,1.91489
40,0.0217391,31.9149,NA,"2025-02-22_ZGTUV",3.13333925186303,NA,NA,NA,NA,NA,NA,NA,NA,NA,NA,NA,NA,NA,NA,NA,NA,NA,NA,NA,NA,NA,1.91489
41,0.0222826,31.9149,NA,"2025-02-22_ZGTUV",3.13333925186303,NA,NA,NA,NA,NA,NA,NA,NA,NA,NA,NA,NA,NA,NA,NA,NA,NA,NA,NA,NA,NA,1.91489
42,0.0228261,31.9149,NA,"2025-02-22_ZGTUV",3.13333925186303,NA,NA,NA,NA,NA,NA,NA,NA,NA,NA,NA,NA,NA,NA,NA,NA,NA,NA,NA,NA,NA,1.91489
43,0.0233696,31.9149,NA,"2025-02-22_ZGTUV",3.13333925186303,NA,NA,NA,NA,NA,NA,NA,NA,NA,NA,NA,NA,NA,NA,NA,NA,NA,NA,NA,NA,NA,1.91489
44,0.023913,31.9149,NA,"2025-02-22_ZGTUV",3.13333925186303,NA,NA,NA,NA,NA,NA,NA,NA,NA,NA,NA,NA,NA,NA,NA,NA,NA,NA,NA,NA,NA,1.91489
45,0.0244565,31.9149,NA,"2025-02-22_ZGTUV",3.13333925186303,NA,NA,NA,NA,NA,NA,NA,NA,NA,NA,NA,NA,NA,NA,NA,NA,NA,NA,NA,NA,NA,1.91489
46,0.025,31.9149,NA,"2025-02-22_ZGTUV",3.13333925186303,NA,NA,NA,NA,NA,NA,NA,NA,NA,NA,NA,NA,NA,NA,NA,NA,NA,NA,NA,NA,NA,1.91489
47,0.025,34.3299,NA,"2025-02-22_ZGTUV",3.2624653363058,NA,NA,NA,NA,NA,NA,NA,NA,NA,NA,NA,NA,NA,NA,NA,NA,NA,NA,NA,NA,NA,1.8391
48,0.0255319,34.3299,NA,"2025-02-22_ZGTUV",3.2624653363058,NA,NA,NA,NA,NA,NA,NA,NA,NA,NA,NA,NA,NA,NA,NA,NA,NA,NA,NA,NA,NA,1.8391
49,0.0260638,34.3299,NA,"2025-02-22_ZGTUV",3.2624653363058,NA,NA,NA,NA,NA,NA,NA,NA,NA,NA,NA,NA,NA,NA,NA,NA,NA,NA,NA,NA,NA,1.8391
50,0.0265957,34.3299,NA,"2025-02-22_ZGTUV",3.2624653363058,NA,NA,NA,NA,NA,NA,NA,NA,NA,NA,NA,NA,NA,NA,NA,NA,NA,NA,NA,NA,NA,1.8391
51,0.0271277,34.3299,NA,"2025-02-22_ZGTUV",3.2624653363058,NA,NA,NA,NA,NA,NA,NA,NA,NA,NA,NA,NA,NA,NA,NA,NA,NA,NA,NA,NA,NA,1.8391
52,0.0276596,34.3299,NA,"2025-02-22_ZGTUV",3.2624653363058,NA,NA,NA,NA,NA,NA,NA,NA,NA,NA,NA,NA,NA,NA,NA,NA,NA,NA,NA,NA,NA,1.8391
53,0.0281915,34.3299,NA,"2025-02-22_ZGTUV",3.2624653363058,NA,NA,NA,NA,NA,NA,NA,NA,NA,NA,NA,NA,NA,NA,NA,NA,NA,NA,NA,NA,NA,1.8391
54,0.0287234,34.3299,NA,"2025-02-22_ZGTUV",3.2624653363058,NA,NA,NA,NA,NA,NA,NA,NA,NA,NA,NA,NA,NA,NA,NA,NA,NA,NA,NA,NA,NA,1.8391
55,0.0292553,34.3299,NA,"2025-02-22_ZGTUV",3.2624653363058,NA,NA,NA,NA,NA,NA,NA,NA,NA,NA,NA,NA,NA,NA,NA,NA,NA,NA,NA,NA,NA,1.8391
56,0.0297872,34.3299,NA,"2025-02-22_ZGTUV",3.2624653363058,NA,NA,NA,NA,NA,NA,NA,NA,NA,NA,NA,NA,NA,NA,NA,NA,NA,NA,NA,NA,NA,1.8391
57,0.0303191,34.3299,NA,"2025-02-22_ZGTUV",3.2624653363058,NA,NA,NA,NA,NA,NA,NA,NA,NA,NA,NA,NA,NA,NA,NA,NA,NA,NA,NA,NA,NA,1.8391
58,0.0308511,34.3299,NA,"2025-02-22_ZGTUV",3.2624653363058,NA,NA,NA,NA,NA,NA,NA,NA,NA,NA,NA,NA,NA,NA,NA,NA,NA,NA,NA,NA,NA,1.8391
59,0.031383,34.3299,NA,"2025-02-22_ZGTUV",3.2624653363058,NA,NA,NA,NA,NA,NA,NA,NA,NA,NA,NA,NA,NA,NA,NA,NA,NA,NA,NA,NA,NA,1.8391
60,0.0319149,34.3299,NA,"2025-02-22_ZGTUV",3.2624653363058,NA,NA,NA,NA,NA,NA,NA,NA,NA,NA,NA,NA,NA,NA,NA,NA,NA,NA,NA,NA,NA,1.8391
61,0.0324468,34.3299,NA,"2025-02-22_ZGTUV",3.2624653363058,NA,NA,NA,NA,NA,NA,NA,NA,NA,NA,NA,NA,NA,NA,NA,NA,NA,NA,NA,NA,NA,1.8391
62,0.0329787,34.3299,NA,"2025-02-22_ZGTUV",3.2624653363058,NA,NA,NA,NA,NA,NA,NA,NA,NA,NA,NA,NA,NA,NA,NA,NA,NA,NA,NA,NA,NA,1.8391
63,0.0335106,34.3299,NA,"2025-02-22_ZGTUV",3.2624653363058,NA,NA,NA,NA,NA,NA,NA,NA,NA,NA,NA,NA,NA,NA,NA,NA,NA,NA,NA,NA,NA,1.8391
64,0.0340426,34.3299,NA,"2025-02-22_ZGTUV",3.2624653363058,NA,NA,NA,NA,NA,NA,NA,NA,NA,NA,NA,NA,NA,NA,NA,NA,NA,NA,NA,NA,NA,1.8391
65,0.0345745,34.3299,NA,"2025-02-22_ZGTUV",3.2624653363058,NA,NA,NA,NA,NA,NA,NA,NA,NA,NA,NA,NA,NA,NA,NA,NA,NA,NA,NA,NA,NA,1.8391
66,0.0351064,34.3299,NA,"2025-02-22_ZGTUV",3.2624653363058,NA,NA,NA,NA,NA,NA,NA,NA,NA,NA,NA,NA,NA,NA,NA,NA,NA,NA,NA,NA,NA,1.8391
67,0.0356383,34.3299,NA,"2025-02-22_ZGTUV",3.2624653363058,NA,NA,NA,NA,NA,NA,NA,NA,NA,NA,NA,NA,NA,NA,NA,NA,NA,NA,NA,NA,NA,1.8391
68,0.0361702,34.3299,NA,"2025-02-22_ZGTUV",3.2624653363058,NA,NA,NA,NA,NA,NA,NA,NA,NA,NA,NA,NA,NA,NA,NA,NA,NA,NA,NA,NA,NA,1.8391
69,0.0367021,34.3299,NA,"2025-02-22_ZGTUV",3.2624653363058,NA,NA,NA,NA,NA,NA,NA,NA,NA,NA,NA,NA,NA,NA,NA,NA,NA,NA,NA,NA,NA,1.8391
70,0.037234,34.3299,NA,"2025-02-22_ZGTUV",3.2624653363058,NA,NA,NA,NA,NA,NA,NA,NA,NA,NA,NA,NA,NA,NA,NA,NA,NA,NA,NA,NA,NA,1.8391
71,0.037766,34.3299,NA,"2025-02-22_ZGTUV",3.2624653363058,NA,NA,NA,NA,NA,NA,NA,NA,NA,NA,NA,NA,NA,NA,NA,NA,NA,NA,NA,NA,NA,1.8391
72,0.0382979,34.3299,NA,"2025-02-22_ZGTUV",3.2624653363058,NA,NA,NA,NA,NA,NA,NA,NA,NA,NA,NA,NA,NA,NA,NA,NA,NA,NA,NA,NA,NA,1.8391
73,0.0388298,34.3299,NA,"2025-02-22_ZGTUV",3.2624653363058,NA,NA,NA,NA,NA,NA,NA,NA,NA,NA,NA,NA,NA,NA,NA,NA,NA,NA,NA,NA,NA,1.8391
74,0.0393617,34.3299,NA,"2025-02-22_ZGTUV",3.2624653363058,NA,NA,NA,NA,NA,NA,NA,NA,NA,NA,NA,NA,NA,NA,NA,NA,NA,NA,NA,NA,NA,1.8391
75,0.0398936,34.3299,NA,"2025-02-22_ZGTUV",3.2624653363058,NA,NA,NA,NA,NA,NA,NA,NA,NA,NA,NA,NA,NA,NA,NA,NA,NA,NA,NA,NA,NA,1.8391
76,0.0404255,34.3299,NA,"2025-02-22_ZGTUV",3.2624653363058,NA,NA,NA,NA,NA,NA,NA,NA,NA,NA,NA,NA,NA,NA,NA,NA,NA,NA,NA,NA,NA,1.8391
77,0.0409574,34.3299,NA,"2025-02-22_ZGTUV",3.2624653363058,NA,NA,NA,NA,NA,NA,NA,NA,NA,NA,NA,NA,NA,NA,NA,NA,NA,NA,NA,NA,NA,1.8391
78,0.0414894,34.3299,NA,"2025-02-22_ZGTUV",3.2624653363058,NA,NA,NA,NA,NA,NA,NA,NA,NA,NA,NA,NA,NA,NA,NA,NA,NA,NA,NA,NA,NA,1.8391
79,0.0420213,34.3299,NA,"2025-02-22_ZGTUV",3.2624653363058,NA,NA,NA,NA,NA,NA,NA,NA,NA,NA,NA,NA,NA,NA,NA,NA,NA,NA,NA,NA,NA,1.8391
80,0.0425532,34.3299,NA,"2025-02-22_ZGTUV",3.2624653363058,NA,NA,NA,NA,NA,NA,NA,NA,NA,NA,NA,NA,NA,NA,NA,NA,NA,NA,NA,NA,NA,1.8391
81,0.0430851,34.3299,NA,"2025-02-22_ZGTUV",3.2624653363058,NA,NA,NA,NA,NA,NA,NA,NA,NA,NA,NA,NA,NA,NA,NA,NA,NA,NA,NA,NA,NA,1.8391
82,0.043617,34.3299,NA,"2025-02-22_ZGTUV",3.2624653363058,NA,NA,NA,NA,NA,NA,NA,NA,NA,NA,NA,NA,NA,NA,NA,NA,NA,NA,NA,NA,NA,1.8391
83,0.0441489,34.3299,NA,"2025-02-22_ZGTUV",3.2624653363058,NA,NA,NA,NA,NA,NA,NA,NA,NA,NA,NA,NA,NA,NA,NA,NA,NA,NA,NA,NA,NA,1.8391
84,0.0446809,34.3299,NA,"2025-02-22_ZGTUV",3.2624653363058,NA,NA,NA,NA,NA,NA,NA,NA,NA,NA,NA,NA,NA,NA,NA,NA,NA,NA,NA,NA,NA,1.8391
85,0.0452128,34.3299,NA,"2025-02-22_ZGTUV",3.2624653363058,NA,NA,NA,NA,NA,NA,NA,NA,NA,NA,NA,NA,NA,NA,NA,NA,NA,NA,NA,NA,NA,1.8391
86,0.0457447,34.3299,NA,"2025-02-22_ZGTUV",3.2624653363058,NA,NA,NA,NA,NA,NA,NA,NA,NA,NA,NA,NA,NA,NA,NA,NA,NA,NA,NA,NA,NA,1.8391
87,0.0462766,34.3299,NA,"2025-02-22_ZGTUV",3.2624653363058,NA,NA,NA,NA,NA,NA,NA,NA,NA,NA,NA,NA,NA,NA,NA,NA,NA,NA,NA,NA,NA,1.8391
88,0.0468085,34.3299,NA,"2025-02-22_ZGTUV",3.2624653363058,NA,NA,NA,NA,NA,NA,NA,NA,NA,NA,NA,NA,NA,NA,NA,NA,NA,NA,NA,NA,NA,1.8391
89,0.0473404,34.3299,NA,"2025-02-22_ZGTUV",3.2624653363058,NA,NA,NA,NA,NA,NA,NA,NA,NA,NA,NA,NA,NA,NA,NA,NA,NA,NA,NA,NA,NA,1.8391
90,0.0478723,34.3299,NA,"2025-02-22_ZGTUV",3.2624653363058,NA,NA,NA,NA,NA,NA,NA,NA,NA,NA,NA,NA,NA,NA,NA,NA,NA,NA,NA,NA,NA,1.8391
91,0.0484043,34.3299,NA,"2025-02-22_ZGTUV",3.2624653363058,NA,NA,NA,NA,NA,NA,NA,NA,NA,NA,NA,NA,NA,NA,NA,NA,NA,NA,NA,NA,NA,1.8391
92,0.0489362,34.3299,NA,"2025-02-22_ZGTUV",3.2624653363058,NA,NA,NA,NA,NA,NA,NA,NA,NA,NA,NA,NA,NA,NA,NA,NA,NA,NA,NA,NA,NA,1.8391
93,0.0494681,34.3299,NA,"2025-02-22_ZGTUV",3.2624653363058,NA,NA,NA,NA,NA,NA,NA,NA,NA,NA,NA,NA,NA,NA,NA,NA,NA,NA,NA,NA,NA,1.8391
94,0.05,34.3299,NA,"2025-02-22_ZGTUV",3.2624653363058,NA,NA,NA,NA,NA,NA,NA,NA,NA,NA,NA,NA,NA,NA,NA,NA,NA,NA,NA,NA,NA,1.8391
95,0.05,33.0221,NA,"2025-02-22_ZGTUV",3.39167005833673,NA,NA,NA,NA,NA,NA,NA,NA,NA,NA,NA,NA,NA,NA,NA,NA,NA,NA,NA,NA,NA,1.76904
96,0.0505,33.0221,NA,"2025-02-22_ZGTUV",3.39167005833673,NA,NA,NA,NA,NA,NA,NA,NA,NA,NA,NA,NA,NA,NA,NA,NA,NA,NA,NA,NA,NA,1.76904
97,0.051,33.0221,NA,"2025-02-22_ZGTUV",3.39167005833673,NA,NA,NA,NA,NA,NA,NA,NA,NA,NA,NA,NA,NA,NA,NA,NA,NA,NA,NA,NA,NA,1.76904
98,0.0515,33.0221,NA,"2025-02-22_ZGTUV",3.39167005833673,NA,NA,NA,NA,NA,NA,NA,NA,NA,NA,NA,NA,NA,NA,NA,NA,NA,NA,NA,NA,NA,1.76904
99,0.052,33.0221,NA,"2025-02-22_ZGTUV",3.39167005833673,NA,NA,NA,NA,NA,NA,NA,NA,NA,NA,NA,NA,NA,NA,NA,NA,NA,NA,NA,NA,NA,1.76904
100,0.0525,33.0221,NA,"2025-02-22_ZGTUV",3.39167005833673,NA,NA,NA,NA,NA,NA,NA,NA,NA,NA,NA,NA,NA,NA,NA,NA,NA,NA,NA,NA,NA,1.76904
101,0.053,33.0221,NA,"2025-02-22_ZGTUV",3.39167005833673,NA,NA,NA,NA,NA,NA,NA,NA,NA,NA,NA,NA,NA,NA,NA,NA,NA,NA,NA,NA,NA,1.76904
102,0.0535,33.0221,NA,"2025-02-22_ZGTUV",3.39167005833673,NA,NA,NA,NA,NA,NA,NA,NA,NA,NA,NA,NA,NA,NA,NA,NA,NA,NA,NA,NA,NA,1.76904
103,0.054,33.0221,NA,"2025-02-22_ZGTUV",3.39167005833673,NA,NA,NA,NA,NA,NA,NA,NA,NA,NA,NA,NA,NA,NA,NA,NA,NA,NA,NA,NA,NA,1.76904
104,0.0545,33.0221,NA,"2025-02-22_ZGTUV",3.39167005833673,NA,NA,NA,NA,NA,NA,NA,NA,NA,NA,NA,NA,NA,NA,NA,NA,NA,NA,NA,NA,NA,1.76904
105,0.055,33.0221,NA,"2025-02-22_ZGTUV",3.39167005833673,NA,NA,NA,NA,NA,NA,NA,NA,NA,NA,NA,NA,NA,NA,NA,NA,NA,NA,NA,NA,NA,1.76904
106,0.0555,33.0221,NA,"2025-02-22_ZGTUV",3.39167005833673,NA,NA,NA,NA,NA,NA,NA,NA,NA,NA,NA,NA,NA,NA,NA,NA,NA,NA,NA,NA,NA,1.76904
107,0.056,33.0221,NA,"2025-02-22_ZGTUV",3.39167005833673,NA,NA,NA,NA,NA,NA,NA,NA,NA,NA,NA,NA,NA,NA,NA,NA,NA,NA,NA,NA,NA,1.76904
108,0.0565,33.0221,NA,"2025-02-22_ZGTUV",3.39167005833673,NA,NA,NA,NA,NA,NA,NA,NA,NA,NA,NA,NA,NA,NA,NA,NA,NA,NA,NA,NA,NA,1.76904
109,0.057,33.0221,NA,"2025-02-22_ZGTUV",3.39167005833673,NA,NA,NA,NA,NA,NA,NA,NA,NA,NA,NA,NA,NA,NA,NA,NA,NA,NA,NA,NA,NA,1.76904
110,0.0575,33.0221,NA,"2025-02-22_ZGTUV",3.39167005833673,NA,NA,NA,NA,NA,NA,NA,NA,NA,NA,NA,NA,NA,NA,NA,NA,NA,NA,NA,NA,NA,1.76904
111,0.058,33.0221,NA,"2025-02-22_ZGTUV",3.39167005833673,NA,NA,NA,NA,NA,NA,NA,NA,NA,NA,NA,NA,NA,NA,NA,NA,NA,NA,NA,NA,NA,1.76904
112,0.0585,33.0221,NA,"2025-02-22_ZGTUV",3.39167005833673,NA,NA,NA,NA,NA,NA,NA,NA,NA,NA,NA,NA,NA,NA,NA,NA,NA,NA,NA,NA,NA,1.76904
113,0.059,33.0221,NA,"2025-02-22_ZGTUV",3.39167005833673,NA,NA,NA,NA,NA,NA,NA,NA,NA,NA,NA,NA,NA,NA,NA,NA,NA,NA,NA,NA,NA,1.76904
114,0.0595,33.0221,NA,"2025-02-22_ZGTUV",3.39167005833673,NA,NA,NA,NA,NA,NA,NA,NA,NA,NA,NA,NA,NA,NA,NA,NA,NA,NA,NA,NA,NA,1.76904
115,0.06,33.0221,NA,"2025-02-22_ZGTUV",3.39167005833673,NA,NA,NA,NA,NA,NA,NA,NA,NA,NA,NA,NA,NA,NA,NA,NA,NA,NA,NA,NA,NA,1.76904
116,0.0605,33.0221,NA,"2025-02-22_ZGTUV",3.39167005833673,NA,NA,NA,NA,NA,NA,NA,NA,NA,NA,NA,NA,NA,NA,NA,NA,NA,NA,NA,NA,NA,1.76904
117,0.061,33.0221,NA,"2025-02-22_ZGTUV",3.39167005833673,NA,NA,NA,NA,NA,NA,NA,NA,NA,NA,NA,NA,NA,NA,NA,NA,NA,NA,NA,NA,NA,1.76904
118,0.0615,33.0221,NA,"2025-02-22_ZGTUV",3.39167005833673,NA,NA,NA,NA,NA,NA,NA,NA,NA,NA,NA,NA,NA,NA,NA,NA,NA,NA,NA,NA,NA,1.76904
119,0.062,33.0221,NA,"2025-02-22_ZGTUV",3.39167005833673,NA,NA,NA,NA,NA,NA,NA,NA,NA,NA,NA,NA,NA,NA,NA,NA,NA,NA,NA,NA,NA,1.76904
120,0.0625,33.0221,NA,"2025-02-22_ZGTUV",3.39167005833673,NA,NA,NA,NA,NA,NA,NA,NA,NA,NA,NA,NA,NA,NA,NA,NA,NA,NA,NA,NA,NA,1.76904
121,0.063,33.0221,NA,"2025-02-22_ZGTUV",3.39167005833673,NA,NA,NA,NA,NA,NA,NA,NA,NA,NA,NA,NA,NA,NA,NA,NA,NA,NA,NA,NA,NA,1.76904
122,0.0635,33.0221,NA,"2025-02-22_ZGTUV",3.39167005833673,NA,NA,NA,NA,NA,NA,NA,NA,NA,NA,NA,NA,NA,NA,NA,NA,NA,NA,NA,NA,NA,1.76904
123,0.064,33.0221,NA,"2025-02-22_ZGTUV",3.39167005833673,NA,NA,NA,NA,NA,NA,NA,NA,NA,NA,NA,NA,NA,NA,NA,NA,NA,NA,NA,NA,NA,1.76904
124,0.0645,33.0221,NA,"2025-02-22_ZGTUV",3.39167005833673,NA,NA,NA,NA,NA,NA,NA,NA,NA,NA,NA,NA,NA,NA,NA,NA,NA,NA,NA,NA,NA,1.76904
125,0.065,33.0221,NA,"2025-02-22_ZGTUV",3.39167005833673,NA,NA,NA,NA,NA,NA,NA,NA,NA,NA,NA,NA,NA,NA,NA,NA,NA,NA,NA,NA,NA,1.76904
126,0.0655,33.0221,NA,"2025-02-22_ZGTUV",3.39167005833673,NA,NA,NA,NA,NA,NA,NA,NA,NA,NA,NA,NA,NA,NA,NA,NA,NA,NA,NA,NA,NA,1.76904
127,0.066,33.0221,NA,"2025-02-22_ZGTUV",3.39167005833673,NA,NA,NA,NA,NA,NA,NA,NA,NA,NA,NA,NA,NA,NA,NA,NA,NA,NA,NA,NA,NA,1.76904
128,0.0665,33.0221,NA,"2025-02-22_ZGTUV",3.39167005833673,NA,NA,NA,NA,NA,NA,NA,NA,NA,NA,NA,NA,NA,NA,NA,NA,NA,NA,NA,NA,NA,1.76904
129,0.067,33.0221,NA,"2025-02-22_ZGTUV",3.39167005833673,NA,NA,NA,NA,NA,NA,NA,NA,NA,NA,NA,NA,NA,NA,NA,NA,NA,NA,NA,NA,NA,1.76904
130,0.0675,33.0221,NA,"2025-02-22_ZGTUV",3.39167005833673,NA,NA,NA,NA,NA,NA,NA,NA,NA,NA,NA,NA,NA,NA,NA,NA,NA,NA,NA,NA,NA,1.76904
131,0.068,33.0221,NA,"2025-02-22_ZGTUV",3.39167005833673,NA,NA,NA,NA,NA,NA,NA,NA,NA,NA,NA,NA,NA,NA,NA,NA,NA,NA,NA,NA,NA,1.76904
132,0.0685,33.0221,NA,"2025-02-22_ZGTUV",3.39167005833673,NA,NA,NA,NA,NA,NA,NA,NA,NA,NA,NA,NA,NA,NA,NA,NA,NA,NA,NA,NA,NA,1.76904
133,0.069,33.0221,NA,"2025-02-22_ZGTUV",3.39167005833673,NA,NA,NA,NA,NA,NA,NA,NA,NA,NA,NA,NA,NA,NA,NA,NA,NA,NA,NA,NA,NA,1.76904
134,0.0695,33.0221,NA,"2025-02-22_ZGTUV",3.39167005833673,NA,NA,NA,NA,NA,NA,NA,NA,NA,NA,NA,NA,NA,NA,NA,NA,NA,NA,NA,NA,NA,1.76904
135,0.07,33.0221,NA,"2025-02-22_ZGTUV",3.39167005833673,NA,NA,NA,NA,NA,NA,NA,NA,NA,NA,NA,NA,NA,NA,NA,NA,NA,NA,NA,NA,NA,1.76904
136,0.0705,33.0221,NA,"2025-02-22_ZGTUV",3.39167005833673,NA,NA,NA,NA,NA,NA,NA,NA,NA,NA,NA,NA,NA,NA,NA,NA,NA,NA,NA,NA,NA,1.76904
137,0.071,33.0221,NA,"2025-02-22_ZGTUV",3.39167005833673,NA,NA,NA,NA,NA,NA,NA,NA,NA,NA,NA,NA,NA,NA,NA,NA,NA,NA,NA,NA,NA,1.76904
138,0.0715,33.0221,NA,"2025-02-22_ZGTUV",3.39167005833673,NA,NA,NA,NA,NA,NA,NA,NA,NA,NA,NA,NA,NA,NA,NA,NA,NA,NA,NA,NA,NA,1.76904
139,0.072,33.0221,NA,"2025-02-22_ZGTUV",3.39167005833673,NA,NA,NA,NA,NA,NA,NA,NA,NA,NA,NA,NA,NA,NA,NA,NA,NA,NA,NA,NA,NA,1.76904
140,0.0725,33.0221,NA,"2025-02-22_ZGTUV",3.39167005833673,NA,NA,NA,NA,NA,NA,NA,NA,NA,NA,NA,NA,NA,NA,NA,NA,NA,NA,NA,NA,NA,1.76904
141,0.073,33.0221,NA,"2025-02-22_ZGTUV",3.39167005833673,NA,NA,NA,NA,NA,NA,NA,NA,NA,NA,NA,NA,NA,NA,NA,NA,NA,NA,NA,NA,NA,1.76904
142,0.0735,33.0221,NA,"2025-02-22_ZGTUV",3.39167005833673,NA,NA,NA,NA,NA,NA,NA,NA,NA,NA,NA,NA,NA,NA,NA,NA,NA,NA,NA,NA,NA,1.76904
143,0.074,33.0221,NA,"2025-02-22_ZGTUV",3.39167005833673,NA,NA,NA,NA,NA,NA,NA,NA,NA,NA,NA,NA,NA,NA,NA,NA,NA,NA,NA,NA,NA,1.76904
144,0.0745,33.0221,NA,"2025-02-22_ZGTUV",3.39167005833673,NA,NA,NA,NA,NA,NA,NA,NA,NA,NA,NA,NA,NA,NA,NA,NA,NA,NA,NA,NA,NA,1.76904
145,0.075,33.0221,NA,"2025-02-22_ZGTUV",3.39167005833673,NA,NA,NA,NA,NA,NA,NA,NA,NA,NA,NA,NA,NA,NA,NA,NA,NA,NA,NA,NA,NA,1.76904
146,0.075,32.7918,NA,"2025-02-22_ZGTUV",3.53746469905019,NA,NA,NA,NA,NA,NA,NA,NA,NA,NA,NA,NA,NA,NA,NA,NA,NA,NA,NA,NA,NA,1.69613
147,0.0754808,32.7918,NA,"2025-02-22_ZGTUV",3.53746469905019,NA,NA,NA,NA,NA,NA,NA,NA,NA,NA,NA,NA,NA,NA,NA,NA,NA,NA,NA,NA,NA,1.69613
148,0.0759615,32.7918,NA,"2025-02-22_ZGTUV",3.53746469905019,NA,NA,NA,NA,NA,NA,NA,NA,NA,NA,NA,NA,NA,NA,NA,NA,NA,NA,NA,NA,NA,1.69613
149,0.0764423,32.7918,NA,"2025-02-22_ZGTUV",3.53746469905019,NA,NA,NA,NA,NA,NA,NA,NA,NA,NA,NA,NA,NA,NA,NA,NA,NA,NA,NA,NA,NA,1.69613
150,0.0769231,32.7918,NA,"2025-02-22_ZGTUV",3.53746469905019,NA,NA,NA,NA,NA,NA,NA,NA,NA,NA,NA,NA,NA,NA,NA,NA,NA,NA,NA,NA,NA,1.69613
151,0.0774038,32.7918,NA,"2025-02-22_ZGTUV",3.53746469905019,NA,NA,NA,NA,NA,NA,NA,NA,NA,NA,NA,NA,NA,NA,NA,NA,NA,NA,NA,NA,NA,1.69613
152,0.0778846,32.7918,NA,"2025-02-22_ZGTUV",3.53746469905019,NA,NA,NA,NA,NA,NA,NA,NA,NA,NA,NA,NA,NA,NA,NA,NA,NA,NA,NA,NA,NA,1.69613
153,0.0783654,32.7918,NA,"2025-02-22_ZGTUV",3.53746469905019,NA,NA,NA,NA,NA,NA,NA,NA,NA,NA,NA,NA,NA,NA,NA,NA,NA,NA,NA,NA,NA,1.69613
154,0.0788462,32.7918,NA,"2025-02-22_ZGTUV",3.53746469905019,NA,NA,NA,NA,NA,NA,NA,NA,NA,NA,NA,NA,NA,NA,NA,NA,NA,NA,NA,NA,NA,1.69613
155,0.0793269,32.7918,NA,"2025-02-22_ZGTUV",3.53746469905019,NA,NA,NA,NA,NA,NA,NA,NA,NA,NA,NA,NA,NA,NA,NA,NA,NA,NA,NA,NA,NA,1.69613
156,0.0798077,32.7918,NA,"2025-02-22_ZGTUV",3.53746469905019,NA,NA,NA,NA,NA,NA,NA,NA,NA,NA,NA,NA,NA,NA,NA,NA,NA,NA,NA,NA,NA,1.69613
157,0.0802885,32.7918,NA,"2025-02-22_ZGTUV",3.53746469905019,NA,NA,NA,NA,NA,NA,NA,NA,NA,NA,NA,NA,NA,NA,NA,NA,NA,NA,NA,NA,NA,1.69613
158,0.0807692,32.7918,NA,"2025-02-22_ZGTUV",3.53746469905019,NA,NA,NA,NA,NA,NA,NA,NA,NA,NA,NA,NA,NA,NA,NA,NA,NA,NA,NA,NA,NA,1.69613
159,0.08125,32.7918,NA,"2025-02-22_ZGTUV",3.53746469905019,NA,NA,NA,NA,NA,NA,NA,NA,NA,NA,NA,NA,NA,NA,NA,NA,NA,NA,NA,NA,NA,1.69613
160,0.0817308,32.7918,NA,"2025-02-22_ZGTUV",3.53746469905019,NA,NA,NA,NA,NA,NA,NA,NA,NA,NA,NA,NA,NA,NA,NA,NA,NA,NA,NA,NA,NA,1.69613
161,0.0822115,32.7918,NA,"2025-02-22_ZGTUV",3.53746469905019,NA,NA,NA,NA,NA,NA,NA,NA,NA,NA,NA,NA,NA,NA,NA,NA,NA,NA,NA,NA,NA,1.69613
162,0.0826923,32.7918,NA,"2025-02-22_ZGTUV",3.53746469905019,NA,NA,NA,NA,NA,NA,NA,NA,NA,NA,NA,NA,NA,NA,NA,NA,NA,NA,NA,NA,NA,1.69613
163,0.0831731,32.7918,NA,"2025-02-22_ZGTUV",3.53746469905019,NA,NA,NA,NA,NA,NA,NA,NA,NA,NA,NA,NA,NA,NA,NA,NA,NA,NA,NA,NA,NA,1.69613
164,0.0836538,32.7918,NA,"2025-02-22_ZGTUV",3.53746469905019,NA,NA,NA,NA,NA,NA,NA,NA,NA,NA,NA,NA,NA,NA,NA,NA,NA,NA,NA,NA,NA,1.69613
165,0.0841346,32.7918,NA,"2025-02-22_ZGTUV",3.53746469905019,NA,NA,NA,NA,NA,NA,NA,NA,NA,NA,NA,NA,NA,NA,NA,NA,NA,NA,NA,NA,NA,1.69613
166,0.0846154,32.7918,NA,"2025-02-22_ZGTUV",3.53746469905019,NA,NA,NA,NA,NA,NA,NA,NA,NA,NA,NA,NA,NA,NA,NA,NA,NA,NA,NA,NA,NA,1.69613
167,0.0850962,32.7918,NA,"2025-02-22_ZGTUV",3.53746469905019,NA,NA,NA,NA,NA,NA,NA,NA,NA,NA,NA,NA,NA,NA,NA,NA,NA,NA,NA,NA,NA,1.69613
168,0.0855769,32.7918,NA,"2025-02-22_ZGTUV",3.53746469905019,NA,NA,NA,NA,NA,NA,NA,NA,NA,NA,NA,NA,NA,NA,NA,NA,NA,NA,NA,NA,NA,1.69613
169,0.0860577,32.7918,NA,"2025-02-22_ZGTUV",3.53746469905019,NA,NA,NA,NA,NA,NA,NA,NA,NA,NA,NA,NA,NA,NA,NA,NA,NA,NA,NA,NA,NA,1.69613
170,0.0865385,32.7918,NA,"2025-02-22_ZGTUV",3.53746469905019,NA,NA,NA,NA,NA,NA,NA,NA,NA,NA,NA,NA,NA,NA,NA,NA,NA,NA,NA,NA,NA,1.69613
171,0.0870192,32.7918,NA,"2025-02-22_ZGTUV",3.53746469905019,NA,NA,NA,NA,NA,NA,NA,NA,NA,NA,NA,NA,NA,NA,NA,NA,NA,NA,NA,NA,NA,1.69613
172,0.0875,32.7918,NA,"2025-02-22_ZGTUV",3.53746469905019,NA,NA,NA,NA,NA,NA,NA,NA,NA,NA,NA,NA,NA,NA,NA,NA,NA,NA,NA,NA,NA,1.69613
173,0.0879808,32.7918,NA,"2025-02-22_ZGTUV",3.53746469905019,NA,NA,NA,NA,NA,NA,NA,NA,NA,NA,NA,NA,NA,NA,NA,NA,NA,NA,NA,NA,NA,1.69613
174,0.0884615,32.7918,NA,"2025-02-22_ZGTUV",3.53746469905019,NA,NA,NA,NA,NA,NA,NA,NA,NA,NA,NA,NA,NA,NA,NA,NA,NA,NA,NA,NA,NA,1.69613
175,0.0889423,32.7918,NA,"2025-02-22_ZGTUV",3.53746469905019,NA,NA,NA,NA,NA,NA,NA,NA,NA,NA,NA,NA,NA,NA,NA,NA,NA,NA,NA,NA,NA,1.69613
176,0.0894231,32.7918,NA,"2025-02-22_ZGTUV",3.53746469905019,NA,NA,NA,NA,NA,NA,NA,NA,NA,NA,NA,NA,NA,NA,NA,NA,NA,NA,NA,NA,NA,1.69613
177,0.0899038,32.7918,NA,"2025-02-22_ZGTUV",3.53746469905019,NA,NA,NA,NA,NA,NA,NA,NA,NA,NA,NA,NA,NA,NA,NA,NA,NA,NA,NA,NA,NA,1.69613
178,0.0903846,32.7918,NA,"2025-02-22_ZGTUV",3.53746469905019,NA,NA,NA,NA,NA,NA,NA,NA,NA,NA,NA,NA,NA,NA,NA,NA,NA,NA,NA,NA,NA,1.69613
179,0.0908654,32.7918,NA,"2025-02-22_ZGTUV",3.53746469905019,NA,NA,NA,NA,NA,NA,NA,NA,NA,NA,NA,NA,NA,NA,NA,NA,NA,NA,NA,NA,NA,1.69613
180,0.0913462,32.7918,NA,"2025-02-22_ZGTUV",3.53746469905019,NA,NA,NA,NA,NA,NA,NA,NA,NA,NA,NA,NA,NA,NA,NA,NA,NA,NA,NA,NA,NA,1.69613
181,0.0918269,32.7918,NA,"2025-02-22_ZGTUV",3.53746469905019,NA,NA,NA,NA,NA,NA,NA,NA,NA,NA,NA,NA,NA,NA,NA,NA,NA,NA,NA,NA,NA,1.69613
182,0.0923077,32.7918,NA,"2025-02-22_ZGTUV",3.53746469905019,NA,NA,NA,NA,NA,NA,NA,NA,NA,NA,NA,NA,NA,NA,NA,NA,NA,NA,NA,NA,NA,1.69613
183,0.0927885,32.7918,NA,"2025-02-22_ZGTUV",3.53746469905019,NA,NA,NA,NA,NA,NA,NA,NA,NA,NA,NA,NA,NA,NA,NA,NA,NA,NA,NA,NA,NA,1.69613
184,0.0932692,32.7918,NA,"2025-02-22_ZGTUV",3.53746469905019,NA,NA,NA,NA,NA,NA,NA,NA,NA,NA,NA,NA,NA,NA,NA,NA,NA,NA,NA,NA,NA,1.69613
185,0.09375,32.7918,NA,"2025-02-22_ZGTUV",3.53746469905019,NA,NA,NA,NA,NA,NA,NA,NA,NA,NA,NA,NA,NA,NA,NA,NA,NA,NA,NA,NA,NA,1.69613
186,0.0942308,32.7918,NA,"2025-02-22_ZGTUV",3.53746469905019,NA,NA,NA,NA,NA,NA,NA,NA,NA,NA,NA,NA,NA,NA,NA,NA,NA,NA,NA,NA,NA,1.69613
187,0.0947115,32.7918,NA,"2025-02-22_ZGTUV",3.53746469905019,NA,NA,NA,NA,NA,NA,NA,NA,NA,NA,NA,NA,NA,NA,NA,NA,NA,NA,NA,NA,NA,1.69613
188,0.0951923,32.7918,NA,"2025-02-22_ZGTUV",3.53746469905019,NA,NA,NA,NA,NA,NA,NA,NA,NA,NA,NA,NA,NA,NA,NA,NA,NA,NA,NA,NA,NA,1.69613
189,0.0956731,32.7918,NA,"2025-02-22_ZGTUV",3.53746469905019,NA,NA,NA,NA,NA,NA,NA,NA,NA,NA,NA,NA,NA,NA,NA,NA,NA,NA,NA,NA,NA,1.69613
190,0.0961538,32.7918,NA,"2025-02-22_ZGTUV",3.53746469905019,NA,NA,NA,NA,NA,NA,NA,NA,NA,NA,NA,NA,NA,NA,NA,NA,NA,NA,NA,NA,NA,1.69613
191,0.0966346,32.7918,NA,"2025-02-22_ZGTUV",3.53746469905019,NA,NA,NA,NA,NA,NA,NA,NA,NA,NA,NA,NA,NA,NA,NA,NA,NA,NA,NA,NA,NA,1.69613
192,0.0971154,32.7918,NA,"2025-02-22_ZGTUV",3.53746469905019,NA,NA,NA,NA,NA,NA,NA,NA,NA,NA,NA,NA,NA,NA,NA,NA,NA,NA,NA,NA,NA,1.69613
193,0.0975962,32.7918,NA,"2025-02-22_ZGTUV",3.53746469905019,NA,NA,NA,NA,NA,NA,NA,NA,NA,NA,NA,NA,NA,NA,NA,NA,NA,NA,NA,NA,NA,1.69613
194,0.0980769,32.7918,NA,"2025-02-22_ZGTUV",3.53746469905019,NA,NA,NA,NA,NA,NA,NA,NA,NA,NA,NA,NA,NA,NA,NA,NA,NA,NA,NA,NA,NA,1.69613
195,0.0985577,32.7918,NA,"2025-02-22_ZGTUV",3.53746469905019,NA,NA,NA,NA,NA,NA,NA,NA,NA,NA,NA,NA,NA,NA,NA,NA,NA,NA,NA,NA,NA,1.69613
196,0.0990385,32.7918,NA,"2025-02-22_ZGTUV",3.53746469905019,NA,NA,NA,NA,NA,NA,NA,NA,NA,NA,NA,NA,NA,NA,NA,NA,NA,NA,NA,NA,NA,1.69613
197,0.0995192,32.7918,NA,"2025-02-22_ZGTUV",3.53746469905019,NA,NA,NA,NA,NA,NA,NA,NA,NA,NA,NA,NA,NA,NA,NA,NA,NA,NA,NA,NA,NA,1.69613
198,0.1,32.7918,NA,"2025-02-22_ZGTUV",3.53746469905019,NA,NA,NA,NA,NA,NA,NA,NA,NA,NA,NA,NA,NA,NA,NA,NA,NA,NA,NA,NA,NA,1.69613
199,0.1,33.0657,NA,"2025-02-22_ZGTUV",3.62912737632236,NA,NA,NA,NA,NA,NA,NA,NA,NA,NA,NA,NA,NA,NA,NA,NA,NA,NA,NA,NA,NA,1.65329
200,0.100463,33.0657,NA,"2025-02-22_ZGTUV",3.62912737632236,NA,NA,NA,NA,NA,NA,NA,NA,NA,NA,NA,NA,NA,NA,NA,NA,NA,NA,NA,NA,NA,1.65329
201,0.100926,33.0657,NA,"2025-02-22_ZGTUV",3.62912737632236,NA,NA,NA,NA,NA,NA,NA,NA,NA,NA,NA,NA,NA,NA,NA,NA,NA,NA,NA,NA,NA,1.65329
202,0.101389,33.0657,NA,"2025-02-22_ZGTUV",3.62912737632236,NA,NA,NA,NA,NA,NA,NA,NA,NA,NA,NA,NA,NA,NA,NA,NA,NA,NA,NA,NA,NA,1.65329
203,0.101852,33.0657,NA,"2025-02-22_ZGTUV",3.62912737632236,NA,NA,NA,NA,NA,NA,NA,NA,NA,NA,NA,NA,NA,NA,NA,NA,NA,NA,NA,NA,NA,1.65329
204,0.102315,33.0657,NA,"2025-02-22_ZGTUV",3.62912737632236,NA,NA,NA,NA,NA,NA,NA,NA,NA,NA,NA,NA,NA,NA,NA,NA,NA,NA,NA,NA,NA,1.65329
205,0.102778,33.0657,NA,"2025-02-22_ZGTUV",3.62912737632236,NA,NA,NA,NA,NA,NA,NA,NA,NA,NA,NA,NA,NA,NA,NA,NA,NA,NA,NA,NA,NA,1.65329
206,0.103241,33.0657,NA,"2025-02-22_ZGTUV",3.62912737632236,NA,NA,NA,NA,NA,NA,NA,NA,NA,NA,NA,NA,NA,NA,NA,NA,NA,NA,NA,NA,NA,1.65329
207,0.103704,33.0657,NA,"2025-02-22_ZGTUV",3.62912737632236,NA,NA,NA,NA,NA,NA,NA,NA,NA,NA,NA,NA,NA,NA,NA,NA,NA,NA,NA,NA,NA,1.65329
208,0.104167,33.0657,NA,"2025-02-22_ZGTUV",3.62912737632236,NA,NA,NA,NA,NA,NA,NA,NA,NA,NA,NA,NA,NA,NA,NA,NA,NA,NA,NA,NA,NA,1.65329
209,0.10463,33.0657,NA,"2025-02-22_ZGTUV",3.62912737632236,NA,NA,NA,NA,NA,NA,NA,NA,NA,NA,NA,NA,NA,NA,NA,NA,NA,NA,NA,NA,NA,1.65329
210,0.105093,33.0657,NA,"2025-02-22_ZGTUV",3.62912737632236,NA,NA,NA,NA,NA,NA,NA,NA,NA,NA,NA,NA,NA,NA,NA,NA,NA,NA,NA,NA,NA,1.65329
211,0.105556,33.0657,NA,"2025-02-22_ZGTUV",3.62912737632236,NA,NA,NA,NA,NA,NA,NA,NA,NA,NA,NA,NA,NA,NA,NA,NA,NA,NA,NA,NA,NA,1.65329
212,0.106019,33.0657,NA,"2025-02-22_ZGTUV",3.62912737632236,NA,NA,NA,NA,NA,NA,NA,NA,NA,NA,NA,NA,NA,NA,NA,NA,NA,NA,NA,NA,NA,1.65329
213,0.106481,33.0657,NA,"2025-02-22_ZGTUV",3.62912737632236,NA,NA,NA,NA,NA,NA,NA,NA,NA,NA,NA,NA,NA,NA,NA,NA,NA,NA,NA,NA,NA,1.65329
214,0.106944,33.0657,NA,"2025-02-22_ZGTUV",3.62912737632236,NA,NA,NA,NA,NA,NA,NA,NA,NA,NA,NA,NA,NA,NA,NA,NA,NA,NA,NA,NA,NA,1.65329
215,0.107407,33.0657,NA,"2025-02-22_ZGTUV",3.62912737632236,NA,NA,NA,NA,NA,NA,NA,NA,NA,NA,NA,NA,NA,NA,NA,NA,NA,NA,NA,NA,NA,1.65329
216,0.10787,33.0657,NA,"2025-02-22_ZGTUV",3.62912737632236,NA,NA,NA,NA,NA,NA,NA,NA,NA,NA,NA,NA,NA,NA,NA,NA,NA,NA,NA,NA,NA,1.65329
217,0.108333,33.0657,NA,"2025-02-22_ZGTUV",3.62912737632236,NA,NA,NA,NA,NA,NA,NA,NA,NA,NA,NA,NA,NA,NA,NA,NA,NA,NA,NA,NA,NA,1.65329
218,0.108796,33.0657,NA,"2025-02-22_ZGTUV",3.62912737632236,NA,NA,NA,NA,NA,NA,NA,NA,NA,NA,NA,NA,NA,NA,NA,NA,NA,NA,NA,NA,NA,1.65329
219,0.109259,33.0657,NA,"2025-02-22_ZGTUV",3.62912737632236,NA,NA,NA,NA,NA,NA,NA,NA,NA,NA,NA,NA,NA,NA,NA,NA,NA,NA,NA,NA,NA,1.65329
220,0.109722,33.0657,NA,"2025-02-22_ZGTUV",3.62912737632236,NA,NA,NA,NA,NA,NA,NA,NA,NA,NA,NA,NA,NA,NA,NA,NA,NA,NA,NA,NA,NA,1.65329
221,0.110185,33.0657,NA,"2025-02-22_ZGTUV",3.62912737632236,NA,NA,NA,NA,NA,NA,NA,NA,NA,NA,NA,NA,NA,NA,NA,NA,NA,NA,NA,NA,NA,1.65329
222,0.110648,33.0657,NA,"2025-02-22_ZGTUV",3.62912737632236,NA,NA,NA,NA,NA,NA,NA,NA,NA,NA,NA,NA,NA,NA,NA,NA,NA,NA,NA,NA,NA,1.65329
223,0.111111,33.0657,NA,"2025-02-22_ZGTUV",3.62912737632236,NA,NA,NA,NA,NA,NA,NA,NA,NA,NA,NA,NA,NA,NA,NA,NA,NA,NA,NA,NA,NA,1.65329
224,0.111574,33.0657,NA,"2025-02-22_ZGTUV",3.62912737632236,NA,NA,NA,NA,NA,NA,NA,NA,NA,NA,NA,NA,NA,NA,NA,NA,NA,NA,NA,NA,NA,1.65329
225,0.112037,33.0657,NA,"2025-02-22_ZGTUV",3.62912737632236,NA,NA,NA,NA,NA,NA,NA,NA,NA,NA,NA,NA,NA,NA,NA,NA,NA,NA,NA,NA,NA,1.65329
226,0.1125,33.0657,NA,"2025-02-22_ZGTUV",3.62912737632236,NA,NA,NA,NA,NA,NA,NA,NA,NA,NA,NA,NA,NA,NA,NA,NA,NA,NA,NA,NA,NA,1.65329
227,0.112963,33.0657,NA,"2025-02-22_ZGTUV",3.62912737632236,NA,NA,NA,NA,NA,NA,NA,NA,NA,NA,NA,NA,NA,NA,NA,NA,NA,NA,NA,NA,NA,1.65329
228,0.113426,33.0657,NA,"2025-02-22_ZGTUV",3.62912737632236,NA,NA,NA,NA,NA,NA,NA,NA,NA,NA,NA,NA,NA,NA,NA,NA,NA,NA,NA,NA,NA,1.65329
229,0.113889,33.0657,NA,"2025-02-22_ZGTUV",3.62912737632236,NA,NA,NA,NA,NA,NA,NA,NA,NA,NA,NA,NA,NA,NA,NA,NA,NA,NA,NA,NA,NA,1.65329
230,0.114352,33.0657,NA,"2025-02-22_ZGTUV",3.62912737632236,NA,NA,NA,NA,NA,NA,NA,NA,NA,NA,NA,NA,NA,NA,NA,NA,NA,NA,NA,NA,NA,1.65329
231,0.114815,33.0657,NA,"2025-02-22_ZGTUV",3.62912737632236,NA,NA,NA,NA,NA,NA,NA,NA,NA,NA,NA,NA,NA,NA,NA,NA,NA,NA,NA,NA,NA,1.65329
232,0.115278,33.0657,NA,"2025-02-22_ZGTUV",3.62912737632236,NA,NA,NA,NA,NA,NA,NA,NA,NA,NA,NA,NA,NA,NA,NA,NA,NA,NA,NA,NA,NA,1.65329
233,0.115741,33.0657,NA,"2025-02-22_ZGTUV",3.62912737632236,NA,NA,NA,NA,NA,NA,NA,NA,NA,NA,NA,NA,NA,NA,NA,NA,NA,NA,NA,NA,NA,1.65329
234,0.116204,33.0657,NA,"2025-02-22_ZGTUV",3.62912737632236,NA,NA,NA,NA,NA,NA,NA,NA,NA,NA,NA,NA,NA,NA,NA,NA,NA,NA,NA,NA,NA,1.65329
235,0.116667,33.0657,NA,"2025-02-22_ZGTUV",3.62912737632236,NA,NA,NA,NA,NA,NA,NA,NA,NA,NA,NA,NA,NA,NA,NA,NA,NA,NA,NA,NA,NA,1.65329
236,0.11713,33.0657,NA,"2025-02-22_ZGTUV",3.62912737632236,NA,NA,NA,NA,NA,NA,NA,NA,NA,NA,NA,NA,NA,NA,NA,NA,NA,NA,NA,NA,NA,1.65329
237,0.117593,33.0657,NA,"2025-02-22_ZGTUV",3.62912737632236,NA,NA,NA,NA,NA,NA,NA,NA,NA,NA,NA,NA,NA,NA,NA,NA,NA,NA,NA,NA,NA,1.65329
238,0.118056,33.0657,NA,"2025-02-22_ZGTUV",3.62912737632236,NA,NA,NA,NA,NA,NA,NA,NA,NA,NA,NA,NA,NA,NA,NA,NA,NA,NA,NA,NA,NA,1.65329
239,0.118519,33.0657,NA,"2025-02-22_ZGTUV",3.62912737632236,NA,NA,NA,NA,NA,NA,NA,NA,NA,NA,NA,NA,NA,NA,NA,NA,NA,NA,NA,NA,NA,1.65329
240,0.118981,33.0657,NA,"2025-02-22_ZGTUV",3.62912737632236,NA,NA,NA,NA,NA,NA,NA,NA,NA,NA,NA,NA,NA,NA,NA,NA,NA,NA,NA,NA,NA,1.65329
241,0.119444,33.0657,NA,"2025-02-22_ZGTUV",3.62912737632236,NA,NA,NA,NA,NA,NA,NA,NA,NA,NA,NA,NA,NA,NA,NA,NA,NA,NA,NA,NA,NA,1.65329
242,0.119907,33.0657,NA,"2025-02-22_ZGTUV",3.62912737632236,NA,NA,NA,NA,NA,NA,NA,NA,NA,NA,NA,NA,NA,NA,NA,NA,NA,NA,NA,NA,NA,1.65329
243,0.12037,33.0657,NA,"2025-02-22_ZGTUV",3.62912737632236,NA,NA,NA,NA,NA,NA,NA,NA,NA,NA,NA,NA,NA,NA,NA,NA,NA,NA,NA,NA,NA,1.65329
244,0.120833,33.0657,NA,"2025-02-22_ZGTUV",3.62912737632236,NA,NA,NA,NA,NA,NA,NA,NA,NA,NA,NA,NA,NA,NA,NA,NA,NA,NA,NA,NA,NA,1.65329
245,0.121296,33.0657,NA,"2025-02-22_ZGTUV",3.62912737632236,NA,NA,NA,NA,NA,NA,NA,NA,NA,NA,NA,NA,NA,NA,NA,NA,NA,NA,NA,NA,NA,1.65329
246,0.121759,33.0657,NA,"2025-02-22_ZGTUV",3.62912737632236,NA,NA,NA,NA,NA,NA,NA,NA,NA,NA,NA,NA,NA,NA,NA,NA,NA,NA,NA,NA,NA,1.65329
247,0.122222,33.0657,NA,"2025-02-22_ZGTUV",3.62912737632236,NA,NA,NA,NA,NA,NA,NA,NA,NA,NA,NA,NA,NA,NA,NA,NA,NA,NA,NA,NA,NA,1.65329
248,0.122685,33.0657,NA,"2025-02-22_ZGTUV",3.62912737632236,NA,NA,NA,NA,NA,NA,NA,NA,NA,NA,NA,NA,NA,NA,NA,NA,NA,NA,NA,NA,NA,1.65329
249,0.123148,33.0657,NA,"2025-02-22_ZGTUV",3.62912737632236,NA,NA,NA,NA,NA,NA,NA,NA,NA,NA,NA,NA,NA,NA,NA,NA,NA,NA,NA,NA,NA,1.65329
250,0.123611,33.0657,NA,"2025-02-22_ZGTUV",3.62912737632236,NA,NA,NA,NA,NA,NA,NA,NA,NA,NA,NA,NA,NA,NA,NA,NA,NA,NA,NA,NA,NA,1.65329
251,0.124074,33.0657,NA,"2025-02-22_ZGTUV",3.62912737632236,NA,NA,NA,NA,NA,NA,NA,NA,NA,NA,NA,NA,NA,NA,NA,NA,NA,NA,NA,NA,NA,1.65329
252,0.124537,33.0657,NA,"2025-02-22_ZGTUV",3.62912737632236,NA,NA,NA,NA,NA,NA,NA,NA,NA,NA,NA,NA,NA,NA,NA,NA,NA,NA,NA,NA,NA,1.65329
253,0.125,33.0657,NA,"2025-02-22_ZGTUV",3.62912737632236,NA,NA,NA,NA,NA,NA,NA,NA,NA,NA,NA,NA,NA,NA,NA,NA,NA,NA,NA,NA,NA,1.65329
254,0.125,32.9571,NA,"2025-02-22_ZGTUV",3.7624631592149,NA,NA,NA,NA,NA,NA,NA,NA,NA,NA,NA,NA,NA,NA,NA,NA,NA,NA,NA,NA,NA,1.5947
255,0.125455,32.9571,NA,"2025-02-22_ZGTUV",3.7624631592149,NA,NA,NA,NA,NA,NA,NA,NA,NA,NA,NA,NA,NA,NA,NA,NA,NA,NA,NA,NA,NA,1.5947
256,0.125909,32.9571,NA,"2025-02-22_ZGTUV",3.7624631592149,NA,NA,NA,NA,NA,NA,NA,NA,NA,NA,NA,NA,NA,NA,NA,NA,NA,NA,NA,NA,NA,1.5947
257,0.126364,32.9571,NA,"2025-02-22_ZGTUV",3.7624631592149,NA,NA,NA,NA,NA,NA,NA,NA,NA,NA,NA,NA,NA,NA,NA,NA,NA,NA,NA,NA,NA,1.5947
258,0.126818,32.9571,NA,"2025-02-22_ZGTUV",3.7624631592149,NA,NA,NA,NA,NA,NA,NA,NA,NA,NA,NA,NA,NA,NA,NA,NA,NA,NA,NA,NA,NA,1.5947
259,0.127273,32.9571,NA,"2025-02-22_ZGTUV",3.7624631592149,NA,NA,NA,NA,NA,NA,NA,NA,NA,NA,NA,NA,NA,NA,NA,NA,NA,NA,NA,NA,NA,1.5947
260,0.127727,32.9571,NA,"2025-02-22_ZGTUV",3.7624631592149,NA,NA,NA,NA,NA,NA,NA,NA,NA,NA,NA,NA,NA,NA,NA,NA,NA,NA,NA,NA,NA,1.5947
261,0.128182,32.9571,NA,"2025-02-22_ZGTUV",3.7624631592149,NA,NA,NA,NA,NA,NA,NA,NA,NA,NA,NA,NA,NA,NA,NA,NA,NA,NA,NA,NA,NA,1.5947
262,0.128636,32.9571,NA,"2025-02-22_ZGTUV",3.7624631592149,NA,NA,NA,NA,NA,NA,NA,NA,NA,NA,NA,NA,NA,NA,NA,NA,NA,NA,NA,NA,NA,1.5947
263,0.129091,32.9571,NA,"2025-02-22_ZGTUV",3.7624631592149,NA,NA,NA,NA,NA,NA,NA,NA,NA,NA,NA,NA,NA,NA,NA,NA,NA,NA,NA,NA,NA,1.5947
264,0.129545,32.9571,NA,"2025-02-22_ZGTUV",3.7624631592149,NA,NA,NA,NA,NA,NA,NA,NA,NA,NA,NA,NA,NA,NA,NA,NA,NA,NA,NA,NA,NA,1.5947
265,0.13,32.9571,NA,"2025-02-22_ZGTUV",3.7624631592149,NA,NA,NA,NA,NA,NA,NA,NA,NA,NA,NA,NA,NA,NA,NA,NA,NA,NA,NA,NA,NA,1.5947
266,0.130455,32.9571,NA,"2025-02-22_ZGTUV",3.7624631592149,NA,NA,NA,NA,NA,NA,NA,NA,NA,NA,NA,NA,NA,NA,NA,NA,NA,NA,NA,NA,NA,1.5947
267,0.130909,32.9571,NA,"2025-02-22_ZGTUV",3.7624631592149,NA,NA,NA,NA,NA,NA,NA,NA,NA,NA,NA,NA,NA,NA,NA,NA,NA,NA,NA,NA,NA,1.5947
268,0.131364,32.9571,NA,"2025-02-22_ZGTUV",3.7624631592149,NA,NA,NA,NA,NA,NA,NA,NA,NA,NA,NA,NA,NA,NA,NA,NA,NA,NA,NA,NA,NA,1.5947
269,0.131818,32.9571,NA,"2025-02-22_ZGTUV",3.7624631592149,NA,NA,NA,NA,NA,NA,NA,NA,NA,NA,NA,NA,NA,NA,NA,NA,NA,NA,NA,NA,NA,1.5947
270,0.132273,32.9571,NA,"2025-02-22_ZGTUV",3.7624631592149,NA,NA,NA,NA,NA,NA,NA,NA,NA,NA,NA,NA,NA,NA,NA,NA,NA,NA,NA,NA,NA,1.5947
271,0.132727,32.9571,NA,"2025-02-22_ZGTUV",3.7624631592149,NA,NA,NA,NA,NA,NA,NA,NA,NA,NA,NA,NA,NA,NA,NA,NA,NA,NA,NA,NA,NA,1.5947
272,0.133182,32.9571,NA,"2025-02-22_ZGTUV",3.7624631592149,NA,NA,NA,NA,NA,NA,NA,NA,NA,NA,NA,NA,NA,NA,NA,NA,NA,NA,NA,NA,NA,1.5947
273,0.133636,32.9571,NA,"2025-02-22_ZGTUV",3.7624631592149,NA,NA,NA,NA,NA,NA,NA,NA,NA,NA,NA,NA,NA,NA,NA,NA,NA,NA,NA,NA,NA,1.5947
274,0.134091,32.9571,NA,"2025-02-22_ZGTUV",3.7624631592149,NA,NA,NA,NA,NA,NA,NA,NA,NA,NA,NA,NA,NA,NA,NA,NA,NA,NA,NA,NA,NA,1.5947
275,0.134545,32.9571,NA,"2025-02-22_ZGTUV",3.7624631592149,NA,NA,NA,NA,NA,NA,NA,NA,NA,NA,NA,NA,NA,NA,NA,NA,NA,NA,NA,NA,NA,1.5947
276,0.135,32.9571,NA,"2025-02-22_ZGTUV",3.7624631592149,NA,NA,NA,NA,NA,NA,NA,NA,NA,NA,NA,NA,NA,NA,NA,NA,NA,NA,NA,NA,NA,1.5947
277,0.135455,32.9571,NA,"2025-02-22_ZGTUV",3.7624631592149,NA,NA,NA,NA,NA,NA,NA,NA,NA,NA,NA,NA,NA,NA,NA,NA,NA,NA,NA,NA,NA,1.5947
278,0.135909,32.9571,NA,"2025-02-22_ZGTUV",3.7624631592149,NA,NA,NA,NA,NA,NA,NA,NA,NA,NA,NA,NA,NA,NA,NA,NA,NA,NA,NA,NA,NA,1.5947
279,0.136364,32.9571,NA,"2025-02-22_ZGTUV",3.7624631592149,NA,NA,NA,NA,NA,NA,NA,NA,NA,NA,NA,NA,NA,NA,NA,NA,NA,NA,NA,NA,NA,1.5947
280,0.136818,32.9571,NA,"2025-02-22_ZGTUV",3.7624631592149,NA,NA,NA,NA,NA,NA,NA,NA,NA,NA,NA,NA,NA,NA,NA,NA,NA,NA,NA,NA,NA,1.5947
281,0.137273,32.9571,NA,"2025-02-22_ZGTUV",3.7624631592149,NA,NA,NA,NA,NA,NA,NA,NA,NA,NA,NA,NA,NA,NA,NA,NA,NA,NA,NA,NA,NA,1.5947
282,0.137727,32.9571,NA,"2025-02-22_ZGTUV",3.7624631592149,NA,NA,NA,NA,NA,NA,NA,NA,NA,NA,NA,NA,NA,NA,NA,NA,NA,NA,NA,NA,NA,1.5947
283,0.138182,32.9571,NA,"2025-02-22_ZGTUV",3.7624631592149,NA,NA,NA,NA,NA,NA,NA,NA,NA,NA,NA,NA,NA,NA,NA,NA,NA,NA,NA,NA,NA,1.5947
284,0.138636,32.9571,NA,"2025-02-22_ZGTUV",3.7624631592149,NA,NA,NA,NA,NA,NA,NA,NA,NA,NA,NA,NA,NA,NA,NA,NA,NA,NA,NA,NA,NA,1.5947
285,0.139091,32.9571,NA,"2025-02-22_ZGTUV",3.7624631592149,NA,NA,NA,NA,NA,NA,NA,NA,NA,NA,NA,NA,NA,NA,NA,NA,NA,NA,NA,NA,NA,1.5947
286,0.139545,32.9571,NA,"2025-02-22_ZGTUV",3.7624631592149,NA,NA,NA,NA,NA,NA,NA,NA,NA,NA,NA,NA,NA,NA,NA,NA,NA,NA,NA,NA,NA,1.5947
287,0.14,32.9571,NA,"2025-02-22_ZGTUV",3.7624631592149,NA,NA,NA,NA,NA,NA,NA,NA,NA,NA,NA,NA,NA,NA,NA,NA,NA,NA,NA,NA,NA,1.5947
288,0.140455,32.9571,NA,"2025-02-22_ZGTUV",3.7624631592149,NA,NA,NA,NA,NA,NA,NA,NA,NA,NA,NA,NA,NA,NA,NA,NA,NA,NA,NA,NA,NA,1.5947
289,0.140909,32.9571,NA,"2025-02-22_ZGTUV",3.7624631592149,NA,NA,NA,NA,NA,NA,NA,NA,NA,NA,NA,NA,NA,NA,NA,NA,NA,NA,NA,NA,NA,1.5947
290,0.141364,32.9571,NA,"2025-02-22_ZGTUV",3.7624631592149,NA,NA,NA,NA,NA,NA,NA,NA,NA,NA,NA,NA,NA,NA,NA,NA,NA,NA,NA,NA,NA,1.5947
291,0.141818,32.9571,NA,"2025-02-22_ZGTUV",3.7624631592149,NA,NA,NA,NA,NA,NA,NA,NA,NA,NA,NA,NA,NA,NA,NA,NA,NA,NA,NA,NA,NA,1.5947
292,0.142273,32.9571,NA,"2025-02-22_ZGTUV",3.7624631592149,NA,NA,NA,NA,NA,NA,NA,NA,NA,NA,NA,NA,NA,NA,NA,NA,NA,NA,NA,NA,NA,1.5947
293,0.142727,32.9571,NA,"2025-02-22_ZGTUV",3.7624631592149,NA,NA,NA,NA,NA,NA,NA,NA,NA,NA,NA,NA,NA,NA,NA,NA,NA,NA,NA,NA,NA,1.5947
294,0.143182,32.9571,NA,"2025-02-22_ZGTUV",3.7624631592149,NA,NA,NA,NA,NA,NA,NA,NA,NA,NA,NA,NA,NA,NA,NA,NA,NA,NA,NA,NA,NA,1.5947
295,0.143636,32.9571,NA,"2025-02-22_ZGTUV",3.7624631592149,NA,NA,NA,NA,NA,NA,NA,NA,NA,NA,NA,NA,NA,NA,NA,NA,NA,NA,NA,NA,NA,1.5947
296,0.144091,32.9571,NA,"2025-02-22_ZGTUV",3.7624631592149,NA,NA,NA,NA,NA,NA,NA,NA,NA,NA,NA,NA,NA,NA,NA,NA,NA,NA,NA,NA,NA,1.5947
297,0.144545,32.9571,NA,"2025-02-22_ZGTUV",3.7624631592149,NA,NA,NA,NA,NA,NA,NA,NA,NA,NA,NA,NA,NA,NA,NA,NA,NA,NA,NA,NA,NA,1.5947
298,0.145,32.9571,NA,"2025-02-22_ZGTUV",3.7624631592149,NA,NA,NA,NA,NA,NA,NA,NA,NA,NA,NA,NA,NA,NA,NA,NA,NA,NA,NA,NA,NA,1.5947
299,0.145455,32.9571,NA,"2025-02-22_ZGTUV",3.7624631592149,NA,NA,NA,NA,NA,NA,NA,NA,NA,NA,NA,NA,NA,NA,NA,NA,NA,NA,NA,NA,NA,1.5947
300,0.145909,32.9571,NA,"2025-02-22_ZGTUV",3.7624631592149,NA,NA,NA,NA,NA,NA,NA,NA,NA,NA,NA,NA,NA,NA,NA,NA,NA,NA,NA,NA,NA,1.5947
301,0.146364,32.9571,NA,"2025-02-22_ZGTUV",3.7624631592149,NA,NA,NA,NA,NA,NA,NA,NA,NA,NA,NA,NA,NA,NA,NA,NA,NA,NA,NA,NA,NA,1.5947
302,0.146818,32.9571,NA,"2025-02-22_ZGTUV",3.7624631592149,NA,NA,NA,NA,NA,NA,NA,NA,NA,NA,NA,NA,NA,NA,NA,NA,NA,NA,NA,NA,NA,1.5947
303,0.147273,32.9571,NA,"2025-02-22_ZGTUV",3.7624631592149,NA,NA,NA,NA,NA,NA,NA,NA,NA,NA,NA,NA,NA,NA,NA,NA,NA,NA,NA,NA,NA,1.5947
304,0.147727,32.9571,NA,"2025-02-22_ZGTUV",3.7624631592149,NA,NA,NA,NA,NA,NA,NA,NA,NA,NA,NA,NA,NA,NA,NA,NA,NA,NA,NA,NA,NA,1.5947
305,0.148182,32.9571,NA,"2025-02-22_ZGTUV",3.7624631592149,NA,NA,NA,NA,NA,NA,NA,NA,NA,NA,NA,NA,NA,NA,NA,NA,NA,NA,NA,NA,NA,1.5947
306,0.148636,32.9571,NA,"2025-02-22_ZGTUV",3.7624631592149,NA,NA,NA,NA,NA,NA,NA,NA,NA,NA,NA,NA,NA,NA,NA,NA,NA,NA,NA,NA,NA,1.5947
307,0.149091,32.9571,NA,"2025-02-22_ZGTUV",3.7624631592149,NA,NA,NA,NA,NA,NA,NA,NA,NA,NA,NA,NA,NA,NA,NA,NA,NA,NA,NA,NA,NA,1.5947
308,0.149545,32.9571,NA,"2025-02-22_ZGTUV",3.7624631592149,NA,NA,NA,NA,NA,NA,NA,NA,NA,NA,NA,NA,NA,NA,NA,NA,NA,NA,NA,NA,NA,1.5947
309,0.15,32.9571,NA,"2025-02-22_ZGTUV",3.7624631592149,NA,NA,NA,NA,NA,NA,NA,NA,NA,NA,NA,NA,NA,NA,NA,NA,NA,NA,NA,NA,NA,1.5947
310,0.15,33.4107,NA,"2025-02-22_ZGTUV",3.59167449851245,NA,NA,NA,NA,NA,NA,NA,NA,NA,NA,NA,NA,NA,NA,NA,NA,NA,NA,NA,NA,NA,1.67053
311,0.150472,33.4107,NA,"2025-02-22_ZGTUV",3.59167449851245,NA,NA,NA,NA,NA,NA,NA,NA,NA,NA,NA,NA,NA,NA,NA,NA,NA,NA,NA,NA,NA,1.67053
312,0.150943,33.4107,NA,"2025-02-22_ZGTUV",3.59167449851245,NA,NA,NA,NA,NA,NA,NA,NA,NA,NA,NA,NA,NA,NA,NA,NA,NA,NA,NA,NA,NA,1.67053
313,0.151415,33.4107,NA,"2025-02-22_ZGTUV",3.59167449851245,NA,NA,NA,NA,NA,NA,NA,NA,NA,NA,NA,NA,NA,NA,NA,NA,NA,NA,NA,NA,NA,1.67053
314,0.151887,33.4107,NA,"2025-02-22_ZGTUV",3.59167449851245,NA,NA,NA,NA,NA,NA,NA,NA,NA,NA,NA,NA,NA,NA,NA,NA,NA,NA,NA,NA,NA,1.67053
315,0.152358,33.4107,NA,"2025-02-22_ZGTUV",3.59167449851245,NA,NA,NA,NA,NA,NA,NA,NA,NA,NA,NA,NA,NA,NA,NA,NA,NA,NA,NA,NA,25,1.67053
316,0.15283,33.4107,NA,"2025-02-22_ZGTUV",3.59167449851245,NA,NA,NA,NA,NA,NA,NA,NA,NA,NA,NA,NA,NA,NA,NA,NA,NA,NA,NA,NA,NA,1.67053
317,0.153302,33.4107,NA,"2025-02-22_ZGTUV",3.59167449851245,NA,NA,NA,NA,NA,NA,NA,NA,NA,NA,NA,NA,NA,NA,NA,NA,NA,NA,NA,NA,NA,1.67053
318,0.153774,33.4107,NA,"2025-02-22_ZGTUV",3.59167449851245,NA,NA,NA,NA,NA,NA,NA,NA,NA,NA,NA,NA,NA,NA,NA,NA,NA,NA,NA,NA,NA,1.67053
319,0.154245,33.4107,NA,"2025-02-22_ZGTUV",3.59167449851245,NA,NA,NA,NA,NA,NA,NA,NA,NA,NA,NA,NA,NA,NA,NA,NA,NA,NA,NA,NA,NA,1.67053
320,0.154717,33.4107,NA,"2025-02-22_ZGTUV",3.59167449851245,NA,NA,NA,NA,NA,NA,NA,NA,NA,NA,NA,NA,NA,NA,NA,NA,NA,NA,NA,NA,NA,1.67053
321,0.155189,33.4107,NA,"2025-02-22_ZGTUV",3.59167449851245,NA,NA,NA,NA,NA,NA,NA,NA,NA,NA,NA,NA,NA,NA,NA,NA,NA,NA,NA,NA,NA,1.67053
322,0.15566,33.4107,NA,"2025-02-22_ZGTUV",3.59167449851245,NA,NA,NA,NA,NA,NA,NA,NA,NA,NA,NA,NA,NA,NA,NA,NA,NA,NA,NA,NA,NA,1.67053
323,0.156132,33.4107,NA,"2025-02-22_ZGTUV",3.59167449851245,NA,NA,NA,NA,NA,NA,NA,NA,NA,NA,NA,NA,NA,NA,NA,NA,NA,NA,NA,NA,NA,1.67053
324,0.156604,33.4107,NA,"2025-02-22_ZGTUV",3.59167449851245,NA,NA,NA,NA,NA,NA,NA,NA,NA,NA,NA,NA,NA,NA,NA,NA,NA,NA,NA,NA,NA,1.67053
325,0.157075,33.4107,NA,"2025-02-22_ZGTUV",3.59167449851245,NA,NA,NA,NA,NA,NA,NA,NA,NA,NA,NA,NA,NA,NA,NA,NA,NA,NA,NA,NA,NA,1.67053
326,0.157547,33.4107,NA,"2025-02-22_ZGTUV",3.59167449851245,NA,NA,NA,NA,NA,NA,NA,NA,NA,NA,NA,NA,NA,NA,NA,NA,NA,NA,NA,NA,NA,1.67053
327,0.158019,33.4107,NA,"2025-02-22_ZGTUV",3.59167449851245,NA,NA,NA,NA,NA,NA,NA,NA,NA,NA,NA,NA,NA,NA,NA,NA,NA,NA,NA,NA,NA,1.67053
328,0.158491,33.4107,NA,"2025-02-22_ZGTUV",3.59167449851245,NA,NA,NA,NA,NA,NA,NA,NA,NA,NA,NA,NA,NA,NA,NA,NA,NA,NA,NA,NA,NA,1.67053
329,0.158962,33.4107,NA,"2025-02-22_ZGTUV",3.59167449851245,NA,NA,NA,NA,NA,NA,NA,NA,NA,NA,NA,NA,NA,NA,NA,NA,NA,NA,NA,NA,NA,1.67053
330,0.159434,33.4107,NA,"2025-02-22_ZGTUV",3.59167449851245,NA,NA,NA,NA,NA,NA,NA,NA,NA,NA,NA,NA,NA,NA,NA,NA,NA,NA,NA,NA,NA,1.67053
331,0.159906,33.4107,NA,"2025-02-22_ZGTUV",3.59167449851245,NA,NA,NA,NA,NA,NA,NA,NA,NA,NA,NA,NA,NA,NA,NA,NA,NA,NA,NA,NA,NA,1.67053
332,0.160377,33.4107,NA,"2025-02-22_ZGTUV",3.59167449851245,NA,NA,NA,NA,NA,NA,NA,NA,NA,NA,NA,NA,NA,NA,NA,NA,NA,NA,NA,NA,NA,1.67053
333,0.160849,33.4107,NA,"2025-02-22_ZGTUV",3.59167449851245,NA,NA,NA,NA,NA,NA,NA,NA,NA,NA,NA,NA,NA,NA,NA,NA,NA,NA,NA,NA,NA,1.67053
334,0.161321,33.4107,NA,"2025-02-22_ZGTUV",3.59167449851245,NA,NA,NA,NA,NA,NA,NA,NA,NA,NA,NA,NA,NA,NA,NA,NA,NA,NA,NA,NA,NA,1.67053
335,0.161792,33.4107,NA,"2025-02-22_ZGTUV",3.59167449851245,NA,NA,NA,NA,NA,NA,NA,NA,NA,NA,NA,NA,NA,NA,NA,NA,NA,NA,NA,NA,NA,1.67053
336,0.162264,33.4107,NA,"2025-02-22_ZGTUV",3.59167449851245,NA,NA,NA,NA,NA,NA,NA,NA,NA,NA,NA,NA,NA,NA,NA,NA,NA,NA,NA,NA,NA,1.67053
337,0.162736,33.4107,NA,"2025-02-22_ZGTUV",3.59167449851245,NA,NA,NA,NA,NA,NA,NA,NA,NA,NA,NA,NA,NA,NA,NA,NA,NA,NA,NA,NA,NA,1.67053
338,0.163208,33.4107,NA,"2025-02-22_ZGTUV",3.59167449851245,NA,NA,NA,NA,NA,NA,NA,NA,NA,NA,NA,NA,NA,NA,NA,NA,NA,NA,NA,NA,NA,1.67053
339,0.163679,33.4107,NA,"2025-02-22_ZGTUV",3.59167449851245,NA,NA,NA,NA,NA,NA,NA,NA,NA,NA,NA,NA,NA,NA,NA,NA,NA,NA,NA,NA,NA,1.67053
340,0.164151,33.4107,NA,"2025-02-22_ZGTUV",3.59167449851245,NA,NA,NA,NA,NA,NA,NA,NA,NA,NA,NA,NA,NA,NA,NA,NA,NA,NA,NA,NA,NA,1.67053
341,0.164623,33.4107,NA,"2025-02-22_ZGTUV",3.59167449851245,NA,NA,NA,NA,NA,NA,NA,NA,NA,NA,NA,NA,NA,NA,NA,NA,NA,NA,NA,NA,NA,1.67053
342,0.165094,33.4107,NA,"2025-02-22_ZGTUV",3.59167449851245,NA,NA,NA,NA,NA,NA,NA,NA,NA,NA,NA,NA,NA,NA,NA,NA,NA,NA,NA,NA,NA,1.67053
343,0.165566,33.4107,NA,"2025-02-22_ZGTUV",3.59167449851245,NA,NA,NA,NA,NA,NA,NA,NA,NA,NA,NA,NA,NA,NA,NA,NA,NA,NA,NA,NA,NA,1.67053
344,0.166038,33.4107,NA,"2025-02-22_ZGTUV",3.59167449851245,NA,NA,NA,NA,NA,NA,NA,NA,NA,NA,NA,NA,NA,NA,NA,NA,NA,NA,NA,NA,NA,1.67053
345,0.166509,33.4107,NA,"2025-02-22_ZGTUV",3.59167449851245,NA,NA,NA,NA,NA,NA,NA,NA,NA,NA,NA,NA,NA,NA,NA,NA,NA,NA,NA,NA,NA,1.67053
346,0.166981,33.4107,NA,"2025-02-22_ZGTUV",3.59167449851245,NA,NA,NA,NA,NA,NA,NA,NA,NA,NA,NA,NA,NA,NA,NA,NA,NA,NA,NA,NA,NA,1.67053
347,0.167453,33.4107,NA,"2025-02-22_ZGTUV",3.59167449851245,NA,NA,NA,NA,NA,NA,NA,NA,NA,NA,NA,NA,NA,NA,NA,NA,NA,NA,NA,NA,NA,1.67053
348,0.167925,33.4107,NA,"2025-02-22_ZGTUV",3.59167449851245,NA,NA,NA,NA,NA,NA,NA,NA,NA,NA,NA,NA,NA,NA,NA,NA,NA,NA,NA,NA,NA,1.67053
349,0.168396,33.4107,NA,"2025-02-22_ZGTUV",3.59167449851245,NA,NA,NA,NA,NA,NA,NA,NA,NA,NA,NA,NA,NA,NA,NA,NA,NA,NA,NA,NA,NA,1.67053
350,0.168868,33.4107,NA,"2025-02-22_ZGTUV",3.59167449851245,NA,NA,NA,NA,NA,NA,NA,NA,NA,NA,NA,NA,NA,NA,NA,NA,NA,NA,NA,NA,NA,1.67053
351,0.16934,33.4107,NA,"2025-02-22_ZGTUV",3.59167449851245,NA,NA,NA,NA,NA,NA,NA,NA,NA,NA,NA,NA,NA,NA,NA,NA,NA,NA,NA,NA,NA,1.67053
352,0.169811,33.4107,NA,"2025-02-22_ZGTUV",3.59167449851245,NA,NA,NA,NA,NA,NA,NA,NA,NA,NA,NA,NA,NA,NA,NA,NA,NA,NA,NA,NA,NA,1.67053
353,0.170283,33.4107,NA,"2025-02-22_ZGTUV",3.59167449851245,NA,NA,NA,NA,NA,NA,NA,NA,NA,NA,NA,NA,NA,NA,NA,NA,NA,NA,NA,NA,NA,1.67053
354,0.170755,33.4107,NA,"2025-02-22_ZGTUV",3.59167449851245,NA,NA,NA,NA,NA,NA,NA,NA,NA,NA,NA,NA,NA,NA,NA,NA,NA,NA,NA,NA,NA,1.67053
355,0.171226,33.4107,NA,"2025-02-22_ZGTUV",3.59167449851245,NA,NA,NA,NA,NA,NA,NA,NA,NA,NA,NA,NA,NA,NA,NA,NA,NA,NA,NA,NA,NA,1.67053
356,0.171698,33.4107,NA,"2025-02-22_ZGTUV",3.59167449851245,NA,NA,NA,NA,NA,NA,NA,NA,NA,NA,NA,NA,NA,NA,NA,NA,NA,NA,NA,NA,NA,1.67053
357,0.17217,33.4107,NA,"2025-02-22_ZGTUV",3.59167449851245,NA,NA,NA,NA,NA,NA,NA,NA,NA,NA,NA,NA,NA,NA,NA,NA,NA,NA,NA,NA,NA,1.67053
358,0.172642,33.4107,NA,"2025-02-22_ZGTUV",3.59167449851245,NA,NA,NA,NA,NA,NA,NA,NA,NA,NA,NA,NA,NA,NA,NA,NA,NA,NA,NA,NA,NA,1.67053
359,0.173113,33.4107,NA,"2025-02-22_ZGTUV",3.59167449851245,NA,NA,NA,NA,NA,NA,NA,NA,NA,NA,NA,NA,NA,NA,NA,NA,NA,NA,NA,NA,NA,1.67053
360,0.173585,33.4107,NA,"2025-02-22_ZGTUV",3.59167449851245,NA,NA,NA,NA,NA,NA,NA,NA,NA,NA,NA,NA,NA,NA,NA,NA,NA,NA,NA,NA,NA,1.67053
361,0.174057,33.4107,NA,"2025-02-22_ZGTUV",3.59167449851245,NA,NA,NA,NA,NA,NA,NA,NA,NA,NA,NA,NA,NA,NA,NA,NA,NA,NA,NA,NA,NA,1.67053
362,0.174528,33.4107,NA,"2025-02-22_ZGTUV",3.59167449851245,NA,NA,NA,NA,NA,NA,NA,NA,NA,NA,NA,NA,NA,NA,NA,NA,NA,NA,NA,NA,NA,1.67053
363,0.175,33.4107,NA,"2025-02-22_ZGTUV",3.59167449851245,NA,NA,NA,NA,NA,NA,NA,NA,NA,NA,NA,NA,NA,NA,NA,NA,NA,NA,NA,NA,NA,1.67053
364,0.175,33.2951,NA,"2025-02-22_ZGTUV",3.60412311684567,NA,NA,NA,NA,NA,NA,NA,NA,NA,NA,NA,NA,NA,NA,NA,NA,NA,NA,NA,NA,NA,1.66476
365,0.175472,33.2951,NA,"2025-02-22_ZGTUV",3.60412311684567,NA,NA,NA,NA,NA,NA,NA,NA,NA,NA,NA,NA,NA,NA,NA,NA,NA,NA,NA,NA,NA,1.66476
366,0.175943,33.2951,NA,"2025-02-22_ZGTUV",3.60412311684567,NA,NA,NA,NA,NA,NA,NA,NA,NA,NA,NA,NA,NA,NA,NA,NA,NA,NA,NA,NA,NA,1.66476
367,0.176415,33.2951,NA,"2025-02-22_ZGTUV",3.60412311684567,NA,NA,NA,NA,NA,NA,NA,NA,NA,NA,NA,NA,NA,NA,NA,NA,NA,NA,NA,NA,NA,1.66476
368,0.176887,33.2951,NA,"2025-02-22_ZGTUV",3.60412311684567,NA,NA,NA,NA,NA,NA,NA,NA,NA,NA,NA,NA,NA,NA,NA,NA,NA,NA,NA,NA,NA,1.66476
369,0.177358,33.2951,NA,"2025-02-22_ZGTUV",3.60412311684567,NA,NA,NA,NA,NA,NA,NA,NA,NA,NA,NA,NA,NA,NA,NA,NA,NA,NA,NA,NA,NA,1.66476
370,0.17783,33.2951,NA,"2025-02-22_ZGTUV",3.60412311684567,NA,NA,NA,NA,NA,NA,NA,NA,NA,NA,NA,NA,NA,NA,NA,NA,NA,NA,NA,NA,NA,1.66476
371,0.178302,33.2951,NA,"2025-02-22_ZGTUV",3.60412311684567,NA,NA,NA,NA,NA,NA,NA,NA,NA,NA,NA,NA,NA,NA,NA,NA,NA,NA,NA,NA,NA,1.66476
372,0.178774,33.2951,NA,"2025-02-22_ZGTUV",3.60412311684567,NA,NA,NA,NA,NA,NA,NA,NA,NA,NA,NA,NA,NA,NA,NA,NA,NA,NA,NA,NA,NA,1.66476
373,0.179245,33.2951,NA,"2025-02-22_ZGTUV",3.60412311684567,NA,NA,NA,NA,NA,NA,NA,NA,NA,NA,NA,NA,NA,NA,NA,NA,NA,NA,NA,NA,NA,1.66476
374,0.179717,33.2951,NA,"2025-02-22_ZGTUV",3.60412311684567,NA,NA,NA,NA,NA,NA,NA,NA,NA,NA,NA,NA,NA,NA,NA,NA,NA,NA,NA,NA,NA,1.66476
375,0.180189,33.2951,NA,"2025-02-22_ZGTUV",3.60412311684567,NA,NA,NA,NA,NA,NA,NA,NA,NA,NA,NA,NA,NA,NA,NA,NA,NA,NA,NA,NA,NA,1.66476
376,0.18066,33.2951,NA,"2025-02-22_ZGTUV",3.60412311684567,NA,NA,NA,NA,NA,NA,NA,NA,NA,NA,NA,NA,NA,NA,NA,NA,NA,NA,NA,NA,NA,1.66476
377,0.181132,33.2951,NA,"2025-02-22_ZGTUV",3.60412311684567,NA,NA,NA,NA,NA,NA,NA,NA,NA,NA,NA,NA,NA,NA,NA,NA,NA,NA,NA,NA,NA,1.66476
378,0.181604,33.2951,NA,"2025-02-22_ZGTUV",3.60412311684567,NA,NA,NA,NA,NA,NA,NA,NA,NA,NA,NA,NA,NA,NA,NA,NA,NA,NA,NA,NA,NA,1.66476
379,0.182075,33.2951,NA,"2025-02-22_ZGTUV",3.60412311684567,NA,NA,NA,NA,NA,NA,NA,NA,NA,NA,NA,NA,NA,NA,NA,NA,NA,NA,NA,NA,NA,1.66476
380,0.182547,33.2951,NA,"2025-02-22_ZGTUV",3.60412311684567,NA,NA,NA,NA,NA,NA,NA,NA,NA,NA,NA,NA,NA,NA,NA,NA,NA,NA,NA,NA,NA,1.66476
381,0.183019,33.2951,NA,"2025-02-22_ZGTUV",3.60412311684567,NA,NA,NA,NA,NA,NA,NA,NA,NA,NA,NA,NA,NA,NA,NA,NA,NA,NA,NA,NA,NA,1.66476
382,0.183491,33.2951,NA,"2025-02-22_ZGTUV",3.60412311684567,NA,NA,NA,NA,NA,NA,NA,NA,NA,NA,NA,NA,NA,NA,NA,NA,NA,NA,NA,NA,NA,1.66476
383,0.183962,33.2951,NA,"2025-02-22_ZGTUV",3.60412311684567,NA,NA,NA,NA,NA,NA,NA,NA,NA,NA,NA,NA,NA,NA,NA,NA,NA,NA,NA,NA,NA,1.66476
384,0.184434,33.2951,NA,"2025-02-22_ZGTUV",3.60412311684567,NA,NA,NA,NA,NA,NA,NA,NA,NA,NA,NA,NA,NA,NA,NA,NA,NA,NA,NA,NA,NA,1.66476
385,0.184906,33.2951,NA,"2025-02-22_ZGTUV",3.60412311684567,NA,NA,NA,NA,NA,NA,NA,NA,NA,NA,NA,NA,NA,NA,NA,NA,NA,NA,NA,NA,NA,1.66476
386,0.185377,33.2951,NA,"2025-02-22_ZGTUV",3.60412311684567,NA,NA,NA,NA,NA,NA,NA,NA,NA,NA,NA,NA,NA,NA,NA,NA,NA,NA,NA,NA,NA,1.66476
387,0.185849,33.2951,NA,"2025-02-22_ZGTUV",3.60412311684567,NA,NA,NA,NA,NA,NA,NA,NA,NA,NA,NA,NA,NA,NA,NA,NA,NA,NA,NA,NA,NA,1.66476
388,0.186321,33.2951,NA,"2025-02-22_ZGTUV",3.60412311684567,NA,NA,NA,NA,NA,NA,NA,NA,NA,NA,NA,NA,NA,NA,NA,NA,NA,NA,NA,NA,NA,1.66476
389,0.186792,33.2951,NA,"2025-02-22_ZGTUV",3.60412311684567,NA,NA,NA,NA,NA,NA,NA,NA,NA,NA,NA,NA,NA,NA,NA,NA,NA,NA,NA,NA,NA,1.66476
390,0.187264,33.2951,NA,"2025-02-22_ZGTUV",3.60412311684567,NA,NA,NA,NA,NA,NA,NA,NA,NA,NA,NA,NA,NA,NA,NA,NA,NA,NA,NA,NA,NA,1.66476
391,0.187736,33.2951,NA,"2025-02-22_ZGTUV",3.60412311684567,NA,NA,NA,NA,NA,NA,NA,NA,NA,NA,NA,NA,NA,NA,NA,NA,NA,NA,NA,NA,NA,1.66476
392,0.188208,33.2951,NA,"2025-02-22_ZGTUV",3.60412311684567,NA,NA,NA,NA,NA,NA,NA,NA,NA,NA,NA,NA,NA,NA,NA,NA,NA,NA,NA,NA,NA,1.66476
393,0.188679,33.2951,NA,"2025-02-22_ZGTUV",3.60412311684567,NA,NA,NA,NA,NA,NA,NA,NA,NA,NA,NA,NA,NA,NA,NA,NA,NA,NA,NA,NA,NA,1.66476
394,0.189151,33.2951,NA,"2025-02-22_ZGTUV",3.60412311684567,NA,NA,NA,NA,NA,NA,NA,NA,NA,NA,NA,NA,NA,NA,NA,NA,NA,NA,NA,NA,NA,1.66476
395,0.189623,33.2951,NA,"2025-02-22_ZGTUV",3.60412311684567,NA,NA,NA,NA,NA,NA,NA,NA,NA,NA,NA,NA,NA,NA,NA,NA,NA,NA,NA,NA,NA,1.66476
396,0.190094,33.2951,NA,"2025-02-22_ZGTUV",3.60412311684567,NA,NA,NA,NA,NA,NA,NA,NA,NA,NA,NA,NA,NA,NA,NA,NA,NA,NA,NA,NA,NA,1.66476
397,0.190566,33.2951,NA,"2025-02-22_ZGTUV",3.60412311684567,NA,NA,NA,NA,NA,NA,NA,NA,NA,NA,NA,NA,NA,NA,NA,NA,NA,NA,NA,NA,NA,1.66476
398,0.191038,33.2951,NA,"2025-02-22_ZGTUV",3.60412311684567,NA,NA,NA,NA,NA,NA,NA,NA,NA,NA,NA,NA,NA,NA,NA,NA,NA,NA,NA,NA,NA,1.66476
399,0.191509,33.2951,NA,"2025-02-22_ZGTUV",3.60412311684567,NA,NA,NA,NA,NA,NA,NA,NA,NA,NA,NA,NA,NA,NA,NA,NA,NA,NA,NA,NA,NA,1.66476
400,0.191981,33.2951,NA,"2025-02-22_ZGTUV",3.60412311684567,NA,NA,NA,NA,NA,NA,NA,NA,NA,NA,NA,NA,NA,NA,NA,NA,NA,NA,NA,NA,NA,1.66476
401,0.192453,33.2951,NA,"2025-02-22_ZGTUV",3.60412311684567,NA,NA,NA,NA,NA,NA,NA,NA,NA,NA,NA,NA,NA,NA,NA,NA,NA,NA,NA,NA,NA,1.66476
402,0.192925,33.2951,NA,"2025-02-22_ZGTUV",3.60412311684567,NA,NA,NA,NA,NA,NA,NA,NA,NA,NA,NA,NA,NA,NA,NA,NA,NA,NA,NA,NA,NA,1.66476
403,0.193396,33.2951,NA,"2025-02-22_ZGTUV",3.60412311684567,NA,NA,NA,NA,NA,NA,NA,NA,NA,NA,NA,NA,NA,NA,NA,NA,NA,NA,NA,NA,NA,1.66476
404,0.193868,33.2951,NA,"2025-02-22_ZGTUV",3.60412311684567,NA,NA,NA,NA,NA,NA,NA,NA,NA,NA,NA,NA,NA,NA,NA,NA,NA,NA,NA,NA,NA,1.66476
405,0.19434,33.2951,NA,"2025-02-22_ZGTUV",3.60412311684567,NA,NA,NA,NA,NA,NA,NA,NA,NA,NA,NA,NA,NA,NA,NA,NA,NA,NA,NA,NA,NA,1.66476
406,0.194811,33.2951,NA,"2025-02-22_ZGTUV",3.60412311684567,NA,NA,NA,NA,NA,NA,NA,NA,NA,NA,NA,NA,NA,NA,NA,NA,NA,NA,NA,NA,NA,1.66476
407,0.195283,33.2951,NA,"2025-02-22_ZGTUV",3.60412311684567,NA,NA,NA,NA,NA,NA,NA,NA,NA,NA,NA,NA,NA,NA,NA,NA,NA,NA,NA,NA,NA,1.66476
408,0.195755,33.2951,NA,"2025-02-22_ZGTUV",3.60412311684567,NA,NA,NA,NA,NA,NA,NA,NA,NA,NA,NA,NA,NA,NA,NA,NA,NA,NA,NA,NA,NA,1.66476
409,0.196226,33.2951,NA,"2025-02-22_ZGTUV",3.60412311684567,NA,NA,NA,NA,NA,NA,NA,NA,NA,NA,NA,NA,NA,NA,NA,NA,NA,NA,NA,NA,NA,1.66476
410,0.196698,33.2951,NA,"2025-02-22_ZGTUV",3.60412311684567,NA,NA,NA,NA,NA,NA,NA,NA,NA,NA,NA,NA,NA,NA,NA,NA,NA,NA,NA,NA,NA,1.66476
411,0.19717,33.2951,NA,"2025-02-22_ZGTUV",3.60412311684567,NA,NA,NA,NA,NA,NA,NA,NA,NA,NA,NA,NA,NA,NA,NA,NA,NA,NA,NA,NA,NA,1.66476
412,0.197642,33.2951,NA,"2025-02-22_ZGTUV",3.60412311684567,NA,NA,NA,NA,NA,NA,NA,NA,NA,NA,NA,NA,NA,NA,NA,NA,NA,NA,NA,NA,NA,1.66476
413,0.198113,33.2951,NA,"2025-02-22_ZGTUV",3.60412311684567,NA,NA,NA,NA,NA,NA,NA,NA,NA,NA,NA,NA,NA,NA,NA,NA,NA,NA,NA,NA,NA,1.66476
414,0.198585,33.2951,NA,"2025-02-22_ZGTUV",3.60412311684567,NA,NA,NA,NA,NA,NA,NA,NA,NA,NA,NA,NA,NA,NA,NA,NA,NA,NA,NA,NA,NA,1.66476
415,0.199057,33.2951,NA,"2025-02-22_ZGTUV",3.60412311684567,NA,NA,NA,NA,NA,NA,NA,NA,NA,NA,NA,NA,NA,NA,NA,NA,NA,NA,NA,NA,NA,1.66476
416,0.199528,33.2951,NA,"2025-02-22_ZGTUV",3.60412311684567,NA,NA,NA,NA,NA,NA,NA,NA,NA,NA,NA,NA,NA,NA,NA,NA,NA,NA,NA,NA,NA,1.66476
417,0.2,33.2951,NA,"2025-02-22_ZGTUV",3.60412311684567,NA,NA,NA,NA,NA,NA,NA,NA,NA,NA,NA,NA,NA,NA,NA,NA,NA,NA,NA,NA,NA,1.66476
418,0.2,32.7753,NA,"2025-02-22_ZGTUV",3.78334068982912,NA,NA,NA,NA,NA,NA,NA,NA,NA,NA,NA,NA,NA,NA,NA,NA,NA,NA,NA,NA,NA,1.5859
419,0.200446,32.7753,NA,"2025-02-22_ZGTUV",3.78334068982912,NA,NA,NA,NA,NA,NA,NA,NA,NA,NA,NA,NA,NA,NA,NA,NA,NA,NA,NA,NA,NA,1.5859
420,0.200893,32.7753,NA,"2025-02-22_ZGTUV",3.78334068982912,NA,NA,NA,NA,NA,NA,NA,NA,NA,NA,NA,NA,NA,NA,NA,NA,NA,NA,NA,NA,NA,1.5859
421,0.201339,32.7753,NA,"2025-02-22_ZGTUV",3.78334068982912,NA,NA,NA,NA,NA,NA,NA,NA,NA,NA,NA,NA,NA,NA,NA,NA,NA,NA,NA,NA,NA,1.5859
422,0.201786,32.7753,NA,"2025-02-22_ZGTUV",3.78334068982912,NA,NA,NA,NA,NA,NA,NA,NA,NA,NA,NA,NA,NA,NA,NA,NA,NA,NA,NA,NA,NA,1.5859
423,0.202232,32.7753,NA,"2025-02-22_ZGTUV",3.78334068982912,NA,NA,NA,NA,NA,NA,NA,NA,NA,NA,NA,NA,NA,NA,NA,NA,NA,NA,NA,NA,NA,1.5859
424,0.202679,32.7753,NA,"2025-02-22_ZGTUV",3.78334068982912,NA,NA,NA,NA,NA,NA,NA,NA,NA,NA,NA,NA,NA,NA,NA,NA,NA,NA,NA,NA,NA,1.5859
425,0.203125,32.7753,NA,"2025-02-22_ZGTUV",3.78334068982912,NA,NA,NA,NA,NA,NA,NA,NA,NA,NA,NA,NA,NA,NA,NA,NA,NA,NA,NA,NA,NA,1.5859
426,0.203571,32.7753,NA,"2025-02-22_ZGTUV",3.78334068982912,NA,NA,NA,NA,NA,NA,NA,NA,NA,NA,NA,NA,NA,NA,NA,NA,NA,NA,NA,NA,NA,1.5859
427,0.204018,32.7753,NA,"2025-02-22_ZGTUV",3.78334068982912,NA,NA,NA,NA,NA,NA,NA,NA,NA,NA,NA,NA,NA,NA,NA,NA,NA,NA,NA,NA,NA,1.5859
428,0.204464,32.7753,NA,"2025-02-22_ZGTUV",3.78334068982912,NA,NA,NA,NA,NA,NA,NA,NA,NA,NA,NA,NA,NA,NA,NA,NA,NA,NA,NA,NA,NA,1.5859
429,0.204911,32.7753,NA,"2025-02-22_ZGTUV",3.78334068982912,NA,NA,NA,NA,NA,NA,NA,NA,NA,NA,NA,NA,NA,NA,NA,NA,NA,NA,NA,NA,NA,1.5859
430,0.205357,32.7753,NA,"2025-02-22_ZGTUV",3.78334068982912,NA,NA,NA,NA,NA,NA,NA,NA,NA,NA,NA,NA,NA,NA,NA,NA,NA,NA,NA,NA,NA,1.5859
431,0.205804,32.7753,NA,"2025-02-22_ZGTUV",3.78334068982912,NA,NA,NA,NA,NA,NA,NA,NA,NA,NA,NA,NA,NA,NA,NA,NA,NA,NA,NA,NA,NA,1.5859
432,0.20625,32.7753,NA,"2025-02-22_ZGTUV",3.78334068982912,NA,NA,NA,NA,NA,NA,NA,NA,NA,NA,NA,NA,NA,NA,NA,NA,NA,NA,NA,NA,NA,1.5859
433,0.206696,32.7753,NA,"2025-02-22_ZGTUV",3.78334068982912,NA,NA,NA,NA,NA,NA,NA,NA,NA,NA,NA,NA,NA,NA,NA,NA,NA,NA,NA,NA,NA,1.5859
434,0.207143,32.7753,NA,"2025-02-22_ZGTUV",3.78334068982912,NA,NA,NA,NA,NA,NA,NA,NA,NA,NA,NA,NA,NA,NA,NA,NA,NA,NA,NA,NA,NA,1.5859
435,0.207589,32.7753,NA,"2025-02-22_ZGTUV",3.78334068982912,NA,NA,NA,NA,NA,NA,NA,NA,NA,NA,NA,NA,NA,NA,NA,NA,NA,NA,NA,NA,NA,1.5859
436,0.208036,32.7753,NA,"2025-02-22_ZGTUV",3.78334068982912,NA,NA,NA,NA,NA,NA,NA,NA,NA,NA,NA,NA,NA,NA,NA,NA,NA,NA,NA,NA,NA,1.5859
437,0.208482,32.7753,NA,"2025-02-22_ZGTUV",3.78334068982912,NA,NA,NA,NA,NA,NA,NA,NA,NA,NA,NA,NA,NA,NA,NA,NA,NA,NA,NA,NA,NA,1.5859
438,0.208929,32.7753,NA,"2025-02-22_ZGTUV",3.78334068982912,NA,NA,NA,NA,NA,NA,NA,NA,NA,NA,NA,NA,NA,NA,NA,NA,NA,NA,NA,NA,NA,1.5859
439,0.209375,32.7753,NA,"2025-02-22_ZGTUV",3.78334068982912,NA,NA,NA,NA,NA,NA,NA,NA,NA,NA,NA,NA,NA,NA,NA,NA,NA,NA,NA,NA,NA,1.5859
440,0.209821,32.7753,NA,"2025-02-22_ZGTUV",3.78334068982912,NA,NA,NA,NA,NA,NA,NA,NA,NA,NA,NA,NA,NA,NA,NA,NA,NA,NA,NA,NA,NA,1.5859
441,0.210268,32.7753,NA,"2025-02-22_ZGTUV",3.78334068982912,NA,NA,NA,NA,NA,NA,NA,NA,NA,NA,NA,NA,NA,NA,NA,NA,NA,NA,NA,NA,NA,1.5859
442,0.210714,32.7753,NA,"2025-02-22_ZGTUV",3.78334068982912,NA,NA,NA,NA,NA,NA,NA,NA,NA,NA,NA,NA,NA,NA,NA,NA,NA,NA,NA,NA,NA,1.5859
443,0.211161,32.7753,NA,"2025-02-22_ZGTUV",3.78334068982912,NA,NA,NA,NA,NA,NA,NA,NA,NA,NA,NA,NA,NA,NA,NA,NA,NA,NA,NA,NA,NA,1.5859
444,0.211607,32.7753,NA,"2025-02-22_ZGTUV",3.78334068982912,NA,NA,NA,NA,NA,NA,NA,NA,NA,NA,NA,NA,NA,NA,NA,NA,NA,NA,NA,NA,NA,1.5859
445,0.212054,32.7753,NA,"2025-02-22_ZGTUV",3.78334068982912,NA,NA,NA,NA,NA,NA,NA,NA,NA,NA,NA,NA,NA,NA,NA,NA,NA,NA,NA,NA,NA,1.5859
446,0.2125,32.7753,NA,"2025-02-22_ZGTUV",3.78334068982912,NA,NA,NA,NA,NA,NA,NA,NA,NA,NA,NA,NA,NA,NA,NA,NA,NA,NA,NA,NA,NA,1.5859
447,0.212946,32.7753,NA,"2025-02-22_ZGTUV",3.78334068982912,NA,NA,NA,NA,NA,NA,NA,NA,NA,NA,NA,NA,NA,NA,NA,NA,NA,NA,NA,NA,NA,1.5859
448,0.213393,32.7753,NA,"2025-02-22_ZGTUV",3.78334068982912,NA,NA,NA,NA,NA,NA,NA,NA,NA,NA,NA,NA,NA,NA,NA,NA,NA,NA,NA,NA,NA,1.5859
449,0.213839,32.7753,NA,"2025-02-22_ZGTUV",3.78334068982912,NA,NA,NA,NA,NA,NA,NA,NA,NA,NA,NA,NA,NA,NA,NA,NA,NA,NA,NA,NA,NA,1.5859
450,0.214286,32.7753,NA,"2025-02-22_ZGTUV",3.78334068982912,NA,NA,NA,NA,NA,NA,NA,NA,NA,NA,NA,NA,NA,NA,NA,NA,NA,NA,NA,NA,NA,1.5859
451,0.214732,32.7753,NA,"2025-02-22_ZGTUV",3.78334068982912,NA,NA,NA,NA,NA,NA,NA,NA,NA,NA,NA,NA,NA,NA,NA,NA,NA,NA,NA,NA,NA,1.5859
452,0.215179,32.7753,NA,"2025-02-22_ZGTUV",3.78334068982912,NA,NA,NA,NA,NA,NA,NA,NA,NA,NA,NA,NA,NA,NA,NA,NA,NA,NA,NA,NA,NA,1.5859
453,0.215625,32.7753,NA,"2025-02-22_ZGTUV",3.78334068982912,NA,NA,NA,NA,NA,NA,NA,NA,NA,NA,NA,NA,NA,NA,NA,NA,NA,NA,NA,NA,NA,1.5859
454,0.216071,32.7753,NA,"2025-02-22_ZGTUV",3.78334068982912,NA,NA,NA,NA,NA,NA,NA,NA,NA,NA,NA,NA,NA,NA,NA,NA,NA,NA,NA,NA,NA,1.5859
455,0.216518,32.7753,NA,"2025-02-22_ZGTUV",3.78334068982912,NA,NA,NA,NA,NA,NA,NA,NA,NA,NA,NA,NA,NA,NA,NA,NA,NA,NA,NA,NA,NA,1.5859
456,0.216964,32.7753,NA,"2025-02-22_ZGTUV",3.78334068982912,NA,NA,NA,NA,NA,NA,NA,NA,NA,NA,NA,NA,NA,NA,NA,NA,NA,NA,NA,NA,NA,1.5859
457,0.217411,32.7753,NA,"2025-02-22_ZGTUV",3.78334068982912,NA,NA,NA,NA,NA,NA,NA,NA,NA,NA,NA,NA,NA,NA,NA,NA,NA,NA,NA,NA,NA,1.5859
458,0.217857,32.7753,NA,"2025-02-22_ZGTUV",3.78334068982912,NA,NA,NA,NA,NA,NA,NA,NA,NA,NA,NA,NA,NA,NA,NA,NA,NA,NA,NA,NA,NA,1.5859
459,0.218304,32.7753,NA,"2025-02-22_ZGTUV",3.78334068982912,NA,NA,NA,NA,NA,NA,NA,NA,NA,NA,NA,NA,NA,NA,NA,NA,NA,NA,NA,NA,NA,1.5859
460,0.21875,32.7753,NA,"2025-02-22_ZGTUV",3.78334068982912,NA,NA,NA,NA,NA,NA,NA,NA,NA,NA,NA,NA,NA,NA,NA,NA,NA,NA,NA,NA,NA,1.5859
461,0.219196,32.7753,NA,"2025-02-22_ZGTUV",3.78334068982912,NA,NA,NA,NA,NA,NA,NA,NA,NA,NA,NA,NA,NA,NA,NA,NA,NA,NA,NA,NA,NA,1.5859
462,0.219643,32.7753,NA,"2025-02-22_ZGTUV",3.78334068982912,NA,NA,NA,NA,NA,NA,NA,NA,NA,NA,NA,NA,NA,NA,NA,NA,NA,NA,NA,NA,NA,1.5859
463,0.220089,32.7753,NA,"2025-02-22_ZGTUV",3.78334068982912,NA,NA,NA,NA,NA,NA,NA,NA,NA,NA,NA,NA,NA,NA,NA,NA,NA,NA,NA,NA,NA,1.5859
464,0.220536,32.7753,NA,"2025-02-22_ZGTUV",3.78334068982912,NA,NA,NA,NA,NA,NA,NA,NA,NA,NA,NA,NA,NA,NA,NA,NA,NA,NA,NA,NA,NA,1.5859
465,0.220982,32.7753,NA,"2025-02-22_ZGTUV",3.78334068982912,NA,NA,NA,NA,NA,NA,NA,NA,NA,NA,NA,NA,NA,NA,NA,NA,NA,NA,NA,NA,NA,1.5859
466,0.221429,32.7753,NA,"2025-02-22_ZGTUV",3.78334068982912,NA,NA,NA,NA,NA,NA,NA,NA,NA,NA,NA,NA,NA,NA,NA,NA,NA,NA,NA,NA,NA,1.5859
467,0.221875,32.7753,NA,"2025-02-22_ZGTUV",3.78334068982912,NA,NA,NA,NA,NA,NA,NA,NA,NA,NA,NA,NA,NA,NA,NA,NA,NA,NA,NA,NA,NA,1.5859
468,0.222321,32.7753,NA,"2025-02-22_ZGTUV",3.78334068982912,NA,NA,NA,NA,NA,NA,NA,NA,NA,NA,NA,NA,NA,NA,NA,NA,NA,NA,NA,NA,NA,1.5859
469,0.222768,32.7753,NA,"2025-02-22_ZGTUV",3.78334068982912,NA,NA,NA,NA,NA,NA,NA,NA,NA,NA,NA,NA,NA,NA,NA,NA,NA,NA,NA,NA,NA,1.5859
470,0.223214,32.7753,NA,"2025-02-22_ZGTUV",3.78334068982912,NA,NA,NA,NA,NA,NA,NA,NA,NA,NA,NA,NA,NA,NA,NA,NA,NA,NA,NA,NA,NA,1.5859
471,0.223661,32.7753,NA,"2025-02-22_ZGTUV",3.78334068982912,NA,NA,NA,NA,NA,NA,NA,NA,NA,NA,NA,NA,NA,NA,NA,NA,NA,NA,NA,NA,NA,1.5859
472,0.224107,32.7753,NA,"2025-02-22_ZGTUV",3.78334068982912,NA,NA,NA,NA,NA,NA,NA,NA,NA,NA,NA,NA,NA,NA,NA,NA,NA,NA,NA,NA,NA,1.5859
473,0.224554,32.7753,NA,"2025-02-22_ZGTUV",3.78334068982912,NA,NA,NA,NA,NA,NA,NA,NA,NA,NA,NA,NA,NA,NA,NA,NA,NA,NA,NA,NA,NA,1.5859
474,0.225,32.7753,NA,"2025-02-22_ZGTUV",3.78334068982912,NA,NA,NA,NA,NA,NA,NA,NA,NA,NA,NA,NA,NA,NA,NA,NA,NA,NA,NA,NA,NA,1.5859
475,0.225,32.7858,NA,"2025-02-22_ZGTUV",3.90414034083145,NA,NA,NA,NA,NA,NA,NA,NA,NA,NA,NA,NA,NA,NA,NA,NA,NA,NA,NA,NA,NA,1.53683
476,0.225439,32.7858,NA,"2025-02-22_ZGTUV",3.90414034083145,NA,NA,NA,NA,NA,NA,NA,NA,NA,NA,NA,NA,NA,NA,NA,NA,NA,NA,NA,NA,NA,1.53683
477,0.225877,32.7858,NA,"2025-02-22_ZGTUV",3.90414034083145,NA,NA,NA,NA,NA,NA,NA,NA,NA,NA,NA,NA,NA,NA,NA,NA,NA,NA,NA,NA,NA,1.53683
478,0.226316,32.7858,NA,"2025-02-22_ZGTUV",3.90414034083145,NA,NA,NA,NA,NA,NA,NA,NA,NA,NA,NA,NA,NA,NA,NA,NA,NA,NA,NA,NA,NA,1.53683
479,0.226754,32.7858,NA,"2025-02-22_ZGTUV",3.90414034083145,NA,NA,NA,NA,NA,NA,NA,NA,NA,NA,NA,NA,NA,NA,NA,NA,NA,NA,NA,NA,NA,1.53683
480,0.227193,32.7858,NA,"2025-02-22_ZGTUV",3.90414034083145,NA,NA,NA,NA,NA,NA,NA,NA,NA,NA,NA,NA,NA,NA,NA,NA,NA,NA,NA,NA,NA,1.53683
481,0.227632,32.7858,NA,"2025-02-22_ZGTUV",3.90414034083145,NA,NA,NA,NA,NA,NA,NA,NA,NA,NA,NA,NA,NA,NA,NA,NA,NA,NA,NA,NA,NA,1.53683
482,0.22807,32.7858,NA,"2025-02-22_ZGTUV",3.90414034083145,NA,NA,NA,NA,NA,NA,NA,NA,NA,NA,NA,NA,NA,NA,NA,NA,NA,NA,NA,NA,NA,1.53683
483,0.228509,32.7858,NA,"2025-02-22_ZGTUV",3.90414034083145,NA,NA,NA,NA,NA,NA,NA,NA,NA,NA,NA,NA,NA,NA,NA,NA,NA,NA,NA,NA,NA,1.53683
484,0.228947,32.7858,NA,"2025-02-22_ZGTUV",3.90414034083145,NA,NA,NA,NA,NA,NA,NA,NA,NA,NA,NA,NA,NA,NA,NA,NA,NA,NA,NA,NA,NA,1.53683
485,0.229386,32.7858,NA,"2025-02-22_ZGTUV",3.90414034083145,NA,NA,NA,NA,NA,NA,NA,NA,NA,NA,NA,NA,NA,NA,NA,NA,NA,NA,NA,NA,NA,1.53683
486,0.229825,32.7858,NA,"2025-02-22_ZGTUV",3.90414034083145,NA,NA,NA,NA,NA,NA,NA,NA,NA,NA,NA,NA,NA,NA,NA,NA,NA,NA,NA,NA,NA,1.53683
487,0.230263,32.7858,NA,"2025-02-22_ZGTUV",3.90414034083145,NA,NA,NA,NA,NA,NA,NA,NA,NA,NA,NA,NA,NA,NA,NA,NA,NA,NA,NA,NA,NA,1.53683
488,0.230702,32.7858,NA,"2025-02-22_ZGTUV",3.90414034083145,NA,NA,NA,NA,NA,NA,NA,NA,NA,NA,NA,NA,NA,NA,NA,NA,NA,NA,NA,NA,NA,1.53683
489,0.23114,32.7858,NA,"2025-02-22_ZGTUV",3.90414034083145,NA,NA,NA,NA,NA,NA,NA,NA,NA,NA,NA,NA,NA,NA,NA,NA,NA,NA,NA,NA,NA,1.53683
490,0.231579,32.7858,NA,"2025-02-22_ZGTUV",3.90414034083145,NA,NA,NA,NA,NA,NA,NA,NA,NA,NA,NA,NA,NA,NA,NA,NA,NA,NA,NA,NA,NA,1.53683
491,0.232018,32.7858,NA,"2025-02-22_ZGTUV",3.90414034083145,NA,NA,NA,NA,NA,NA,NA,NA,NA,NA,NA,NA,NA,NA,NA,NA,NA,NA,NA,NA,NA,1.53683
492,0.232456,32.7858,NA,"2025-02-22_ZGTUV",3.90414034083145,NA,NA,NA,NA,NA,NA,NA,NA,NA,NA,NA,NA,NA,NA,NA,NA,NA,NA,NA,NA,NA,1.53683
493,0.232895,32.7858,NA,"2025-02-22_ZGTUV",3.90414034083145,NA,NA,NA,NA,NA,NA,NA,NA,NA,NA,NA,NA,NA,NA,NA,NA,NA,NA,NA,NA,NA,1.53683
494,0.233333,32.7858,NA,"2025-02-22_ZGTUV",3.90414034083145,NA,NA,NA,NA,NA,NA,NA,NA,NA,NA,NA,NA,NA,NA,NA,NA,NA,NA,NA,NA,NA,1.53683
495,0.233772,32.7858,NA,"2025-02-22_ZGTUV",3.90414034083145,NA,NA,NA,NA,NA,NA,NA,NA,NA,NA,NA,NA,NA,NA,NA,NA,NA,NA,NA,NA,NA,1.53683
496,0.234211,32.7858,NA,"2025-02-22_ZGTUV",3.90414034083145,NA,NA,NA,NA,NA,NA,NA,NA,NA,NA,NA,NA,NA,NA,NA,NA,NA,NA,NA,NA,NA,1.53683
497,0.234649,32.7858,NA,"2025-02-22_ZGTUV",3.90414034083145,NA,NA,NA,NA,NA,NA,NA,NA,NA,NA,NA,NA,NA,NA,NA,NA,NA,NA,NA,NA,NA,1.53683
498,0.235088,32.7858,NA,"2025-02-22_ZGTUV",3.90414034083145,NA,NA,NA,NA,NA,NA,NA,NA,NA,NA,NA,NA,NA,NA,NA,NA,NA,NA,NA,NA,NA,1.53683
499,0.235526,32.7858,NA,"2025-02-22_ZGTUV",3.90414034083145,NA,NA,NA,NA,NA,NA,NA,NA,NA,NA,NA,NA,NA,NA,NA,NA,NA,NA,NA,NA,NA,1.53683
500,0.235965,32.7858,NA,"2025-02-22_ZGTUV",3.90414034083145,NA,NA,NA,NA,NA,NA,NA,NA,NA,NA,NA,NA,NA,NA,NA,NA,NA,NA,NA,NA,NA,1.53683
501,0.236404,32.7858,NA,"2025-02-22_ZGTUV",3.90414034083145,NA,NA,NA,NA,NA,NA,NA,NA,NA,NA,NA,NA,NA,NA,NA,NA,NA,NA,NA,NA,NA,1.53683
502,0.236842,32.7858,NA,"2025-02-22_ZGTUV",3.90414034083145,NA,NA,NA,NA,NA,NA,NA,NA,NA,NA,NA,NA,NA,NA,NA,NA,NA,NA,NA,NA,NA,1.53683
503,0.237281,32.7858,NA,"2025-02-22_ZGTUV",3.90414034083145,NA,NA,NA,NA,NA,NA,NA,NA,NA,NA,NA,NA,NA,NA,NA,NA,NA,NA,NA,NA,NA,1.53683
504,0.237719,32.7858,NA,"2025-02-22_ZGTUV",3.90414034083145,NA,NA,NA,NA,NA,NA,NA,NA,NA,NA,NA,NA,NA,NA,NA,NA,NA,NA,NA,NA,NA,1.53683
505,0.238158,32.7858,NA,"2025-02-22_ZGTUV",3.90414034083145,NA,NA,NA,NA,NA,NA,NA,NA,NA,NA,NA,NA,NA,NA,NA,NA,NA,NA,NA,NA,NA,1.53683
506,0.238596,32.7858,NA,"2025-02-22_ZGTUV",3.90414034083145,NA,NA,NA,NA,NA,NA,NA,NA,NA,NA,NA,NA,NA,NA,NA,NA,NA,NA,NA,NA,NA,1.53683
507,0.239035,32.7858,NA,"2025-02-22_ZGTUV",3.90414034083145,NA,NA,NA,NA,NA,NA,NA,NA,NA,NA,NA,NA,NA,NA,NA,NA,NA,NA,NA,NA,NA,1.53683
508,0.239474,32.7858,NA,"2025-02-22_ZGTUV",3.90414034083145,NA,NA,NA,NA,NA,NA,NA,NA,NA,NA,NA,NA,NA,NA,NA,NA,NA,NA,NA,NA,NA,1.53683
509,0.239912,32.7858,NA,"2025-02-22_ZGTUV",3.90414034083145,NA,NA,NA,NA,NA,NA,NA,NA,NA,NA,NA,NA,NA,NA,NA,NA,NA,NA,NA,NA,NA,1.53683
510,0.240351,32.7858,NA,"2025-02-22_ZGTUV",3.90414034083145,NA,NA,NA,NA,NA,NA,NA,NA,NA,NA,NA,NA,NA,NA,NA,NA,NA,NA,NA,NA,NA,1.53683
511,0.240789,32.7858,NA,"2025-02-22_ZGTUV",3.90414034083145,NA,NA,NA,NA,NA,NA,NA,NA,NA,NA,NA,NA,NA,NA,NA,NA,NA,NA,NA,NA,NA,1.53683
512,0.241228,32.7858,NA,"2025-02-22_ZGTUV",3.90414034083145,NA,NA,NA,NA,NA,NA,NA,NA,NA,NA,NA,NA,NA,NA,NA,NA,NA,NA,NA,NA,NA,1.53683
513,0.241667,32.7858,NA,"2025-02-22_ZGTUV",3.90414034083145,NA,NA,NA,NA,NA,NA,NA,NA,NA,NA,NA,NA,NA,NA,NA,NA,NA,NA,NA,NA,NA,1.53683
514,0.242105,32.7858,NA,"2025-02-22_ZGTUV",3.90414034083145,NA,NA,NA,NA,NA,NA,NA,NA,NA,NA,NA,NA,NA,NA,NA,NA,NA,NA,NA,NA,NA,1.53683
515,0.242544,32.7858,NA,"2025-02-22_ZGTUV",3.90414034083145,NA,NA,NA,NA,NA,NA,NA,NA,NA,NA,NA,NA,NA,NA,NA,NA,NA,NA,NA,NA,NA,1.53683
516,0.242982,32.7858,NA,"2025-02-22_ZGTUV",3.90414034083145,NA,NA,NA,NA,NA,NA,NA,NA,NA,NA,NA,NA,NA,NA,NA,NA,NA,NA,NA,NA,NA,1.53683
517,0.243421,32.7858,NA,"2025-02-22_ZGTUV",3.90414034083145,NA,NA,NA,NA,NA,NA,NA,NA,NA,NA,NA,NA,NA,NA,NA,NA,NA,NA,NA,NA,NA,1.53683
518,0.24386,32.7858,NA,"2025-02-22_ZGTUV",3.90414034083145,NA,NA,NA,NA,NA,NA,NA,NA,NA,NA,NA,NA,NA,NA,NA,NA,NA,NA,NA,NA,NA,1.53683
519,0.244298,32.7858,NA,"2025-02-22_ZGTUV",3.90414034083145,NA,NA,NA,NA,NA,NA,NA,NA,NA,NA,NA,NA,NA,NA,NA,NA,NA,NA,NA,NA,NA,1.53683
520,0.244737,32.7858,NA,"2025-02-22_ZGTUV",3.90414034083145,NA,NA,NA,NA,NA,NA,NA,NA,NA,NA,NA,NA,NA,NA,NA,NA,NA,NA,NA,NA,NA,1.53683
521,0.245175,32.7858,NA,"2025-02-22_ZGTUV",3.90414034083145,NA,NA,NA,NA,NA,NA,NA,NA,NA,NA,NA,NA,NA,NA,NA,NA,NA,NA,NA,NA,NA,1.53683
522,0.245614,32.7858,NA,"2025-02-22_ZGTUV",3.90414034083145,NA,NA,NA,NA,NA,NA,NA,NA,NA,NA,NA,NA,NA,NA,NA,NA,NA,NA,NA,NA,NA,1.53683
523,0.246053,32.7858,NA,"2025-02-22_ZGTUV",3.90414034083145,NA,NA,NA,NA,NA,NA,NA,NA,NA,NA,NA,NA,NA,NA,NA,NA,NA,NA,NA,NA,NA,1.53683
524,0.246491,32.7858,NA,"2025-02-22_ZGTUV",3.90414034083145,NA,NA,NA,NA,NA,NA,NA,NA,NA,NA,NA,NA,NA,NA,NA,NA,NA,NA,NA,NA,NA,1.53683
525,0.24693,32.7858,NA,"2025-02-22_ZGTUV",3.90414034083145,NA,NA,NA,NA,NA,NA,NA,NA,NA,NA,NA,NA,NA,NA,NA,NA,NA,NA,NA,NA,NA,1.53683
526,0.247368,32.7858,NA,"2025-02-22_ZGTUV",3.90414034083145,NA,NA,NA,NA,NA,NA,NA,NA,NA,NA,NA,NA,NA,NA,NA,NA,NA,NA,NA,NA,NA,1.53683
527,0.247807,32.7858,NA,"2025-02-22_ZGTUV",3.90414034083145,NA,NA,NA,NA,NA,NA,NA,NA,NA,NA,NA,NA,NA,NA,NA,NA,NA,NA,NA,NA,NA,1.53683
528,0.248246,32.7858,NA,"2025-02-22_ZGTUV",3.90414034083145,NA,NA,NA,NA,NA,NA,NA,NA,NA,NA,NA,NA,NA,NA,NA,NA,NA,NA,NA,NA,NA,1.53683
529,0.248684,32.7858,NA,"2025-02-22_ZGTUV",3.90414034083145,NA,NA,NA,NA,NA,NA,NA,NA,NA,NA,NA,NA,NA,NA,NA,NA,NA,NA,NA,NA,NA,1.53683
530,0.249123,32.7858,NA,"2025-02-22_ZGTUV",3.90414034083145,NA,NA,NA,NA,NA,NA,NA,NA,NA,NA,NA,NA,NA,NA,NA,NA,NA,NA,NA,NA,NA,1.53683
531,0.249561,32.7858,NA,"2025-02-22_ZGTUV",3.90414034083145,NA,NA,NA,NA,NA,NA,NA,NA,NA,NA,NA,NA,NA,NA,NA,NA,NA,NA,NA,NA,NA,1.53683
532,0.25,32.7858,NA,"2025-02-22_ZGTUV",3.90414034083145,NA,NA,NA,NA,NA,NA,NA,NA,NA,NA,NA,NA,NA,NA,NA,NA,NA,NA,NA,NA,NA,1.53683
533,0.25,32.8018,NA,"2025-02-22_ZGTUV",3.6583358230341,NA,NA,NA,NA,NA,NA,NA,NA,NA,NA,NA,NA,NA,NA,NA,NA,NA,NA,NA,NA,NA,1.64009
534,0.250463,32.8018,NA,"2025-02-22_ZGTUV",3.6583358230341,NA,NA,NA,NA,NA,NA,NA,NA,NA,NA,NA,NA,NA,NA,NA,NA,NA,NA,NA,NA,NA,1.64009
535,0.250926,32.8018,NA,"2025-02-22_ZGTUV",3.6583358230341,NA,NA,NA,NA,NA,NA,NA,NA,NA,NA,NA,NA,NA,NA,NA,NA,NA,NA,NA,NA,NA,1.64009
536,0.251389,32.8018,NA,"2025-02-22_ZGTUV",3.6583358230341,NA,NA,NA,NA,NA,NA,NA,NA,NA,NA,NA,NA,NA,NA,NA,NA,NA,NA,NA,NA,NA,1.64009
537,0.251852,32.8018,NA,"2025-02-22_ZGTUV",3.6583358230341,NA,NA,NA,NA,NA,NA,NA,NA,NA,NA,NA,NA,NA,NA,NA,NA,NA,NA,NA,NA,NA,1.64009
538,0.252315,32.8018,NA,"2025-02-22_ZGTUV",3.6583358230341,NA,NA,NA,NA,NA,NA,NA,NA,NA,NA,NA,NA,NA,NA,NA,NA,NA,NA,NA,NA,NA,1.64009
539,0.252778,32.8018,NA,"2025-02-22_ZGTUV",3.6583358230341,NA,NA,NA,NA,NA,NA,NA,NA,NA,NA,NA,NA,NA,NA,NA,NA,NA,NA,NA,NA,NA,1.64009
540,0.253241,32.8018,NA,"2025-02-22_ZGTUV",3.6583358230341,NA,NA,NA,NA,NA,NA,NA,NA,NA,NA,NA,NA,NA,NA,NA,NA,NA,NA,NA,NA,NA,1.64009
541,0.253704,32.8018,NA,"2025-02-22_ZGTUV",3.6583358230341,NA,NA,NA,NA,NA,NA,NA,NA,NA,NA,NA,NA,NA,NA,NA,NA,NA,NA,NA,NA,NA,1.64009
542,0.254167,32.8018,NA,"2025-02-22_ZGTUV",3.6583358230341,NA,NA,NA,NA,NA,NA,NA,NA,NA,NA,NA,NA,NA,NA,NA,NA,NA,NA,NA,NA,NA,1.64009
543,0.25463,32.8018,NA,"2025-02-22_ZGTUV",3.6583358230341,NA,NA,NA,NA,NA,NA,NA,NA,NA,NA,NA,NA,NA,NA,NA,NA,NA,NA,NA,NA,NA,1.64009
544,0.255093,32.8018,NA,"2025-02-22_ZGTUV",3.6583358230341,NA,NA,NA,NA,NA,NA,NA,NA,NA,NA,NA,NA,NA,NA,NA,NA,NA,NA,NA,NA,NA,1.64009
545,0.255556,32.8018,NA,"2025-02-22_ZGTUV",3.6583358230341,NA,NA,NA,NA,NA,NA,NA,NA,NA,NA,NA,NA,NA,NA,NA,NA,NA,NA,NA,NA,NA,1.64009
546,0.256019,32.8018,NA,"2025-02-22_ZGTUV",3.6583358230341,NA,NA,NA,NA,NA,NA,NA,NA,NA,NA,NA,NA,NA,NA,NA,NA,NA,NA,NA,NA,NA,1.64009
547,0.256481,32.8018,NA,"2025-02-22_ZGTUV",3.6583358230341,NA,NA,NA,NA,NA,NA,NA,NA,NA,NA,NA,NA,NA,NA,NA,NA,NA,NA,NA,NA,NA,1.64009
548,0.256944,32.8018,NA,"2025-02-22_ZGTUV",3.6583358230341,NA,NA,NA,NA,NA,NA,NA,NA,NA,NA,NA,NA,NA,NA,NA,NA,NA,NA,NA,NA,NA,1.64009
549,0.257407,32.8018,NA,"2025-02-22_ZGTUV",3.6583358230341,NA,NA,NA,NA,NA,NA,NA,NA,NA,NA,NA,NA,NA,NA,NA,NA,NA,NA,NA,NA,NA,1.64009
550,0.25787,32.8018,NA,"2025-02-22_ZGTUV",3.6583358230341,NA,NA,NA,NA,NA,NA,NA,NA,NA,NA,NA,NA,NA,NA,NA,NA,NA,NA,NA,NA,NA,1.64009
551,0.258333,32.8018,NA,"2025-02-22_ZGTUV",3.6583358230341,NA,NA,NA,NA,NA,NA,NA,NA,NA,NA,NA,NA,NA,NA,NA,NA,NA,NA,NA,NA,NA,1.64009
552,0.258796,32.8018,NA,"2025-02-22_ZGTUV",3.6583358230341,NA,NA,NA,NA,NA,NA,NA,NA,NA,NA,NA,NA,NA,NA,NA,NA,NA,NA,NA,NA,NA,1.64009
553,0.259259,32.8018,NA,"2025-02-22_ZGTUV",3.6583358230341,NA,NA,NA,NA,NA,NA,NA,NA,NA,NA,NA,NA,NA,NA,NA,NA,NA,NA,NA,NA,NA,1.64009
554,0.259722,32.8018,NA,"2025-02-22_ZGTUV",3.6583358230341,NA,NA,NA,NA,NA,NA,NA,NA,NA,NA,NA,NA,NA,NA,NA,NA,NA,NA,NA,NA,NA,1.64009
555,0.260185,32.8018,NA,"2025-02-22_ZGTUV",3.6583358230341,NA,NA,NA,NA,NA,NA,NA,NA,NA,NA,NA,NA,NA,NA,NA,NA,NA,NA,NA,NA,NA,1.64009
556,0.260648,32.8018,NA,"2025-02-22_ZGTUV",3.6583358230341,NA,NA,NA,NA,NA,NA,NA,NA,NA,NA,NA,NA,NA,NA,NA,NA,NA,NA,NA,NA,NA,1.64009
557,0.261111,32.8018,NA,"2025-02-22_ZGTUV",3.6583358230341,NA,NA,NA,NA,NA,NA,NA,NA,NA,NA,NA,NA,NA,NA,NA,NA,NA,NA,NA,NA,NA,1.64009
558,0.261574,32.8018,NA,"2025-02-22_ZGTUV",3.6583358230341,NA,NA,NA,NA,NA,NA,NA,NA,NA,NA,NA,NA,NA,NA,NA,NA,NA,NA,NA,NA,NA,1.64009
559,0.262037,32.8018,NA,"2025-02-22_ZGTUV",3.6583358230341,NA,NA,NA,NA,NA,NA,NA,NA,NA,NA,NA,NA,NA,NA,NA,NA,NA,NA,NA,NA,NA,1.64009
560,0.2625,32.8018,NA,"2025-02-22_ZGTUV",3.6583358230341,NA,NA,NA,NA,NA,NA,NA,NA,NA,NA,NA,NA,NA,NA,NA,NA,NA,NA,NA,NA,NA,1.64009
561,0.262963,32.8018,NA,"2025-02-22_ZGTUV",3.6583358230341,NA,NA,NA,NA,NA,NA,NA,NA,NA,NA,NA,NA,NA,NA,NA,NA,NA,NA,NA,NA,NA,1.64009
562,0.263426,32.8018,NA,"2025-02-22_ZGTUV",3.6583358230341,NA,NA,NA,NA,NA,NA,NA,NA,NA,NA,NA,NA,NA,NA,NA,NA,NA,NA,NA,NA,NA,1.64009
563,0.263889,32.8018,NA,"2025-02-22_ZGTUV",3.6583358230341,NA,NA,NA,NA,NA,NA,NA,NA,NA,NA,NA,NA,NA,NA,NA,NA,NA,NA,NA,NA,NA,1.64009
564,0.264352,32.8018,NA,"2025-02-22_ZGTUV",3.6583358230341,NA,NA,NA,NA,NA,NA,NA,NA,NA,NA,NA,NA,NA,NA,NA,NA,NA,NA,NA,NA,NA,1.64009
565,0.264815,32.8018,NA,"2025-02-22_ZGTUV",3.6583358230341,NA,NA,NA,NA,NA,NA,NA,NA,NA,NA,NA,NA,NA,NA,NA,NA,NA,NA,NA,NA,25,1.64009
566,0.265278,32.8018,NA,"2025-02-22_ZGTUV",3.6583358230341,NA,NA,NA,NA,NA,NA,NA,NA,NA,NA,NA,NA,NA,NA,NA,NA,NA,NA,NA,NA,NA,1.64009
567,0.265741,32.8018,NA,"2025-02-22_ZGTUV",3.6583358230341,NA,NA,NA,NA,NA,NA,NA,NA,NA,NA,NA,NA,NA,NA,NA,NA,NA,NA,NA,NA,NA,1.64009
568,0.266204,32.8018,NA,"2025-02-22_ZGTUV",3.6583358230341,NA,NA,NA,NA,NA,NA,NA,NA,NA,NA,NA,NA,NA,NA,NA,NA,NA,NA,NA,NA,NA,1.64009
569,0.266667,32.8018,NA,"2025-02-22_ZGTUV",3.6583358230341,NA,NA,NA,NA,NA,NA,NA,NA,NA,NA,NA,NA,NA,NA,NA,NA,NA,NA,NA,NA,NA,1.64009
570,0.26713,32.8018,NA,"2025-02-22_ZGTUV",3.6583358230341,NA,NA,NA,NA,NA,NA,NA,NA,NA,NA,NA,NA,NA,NA,NA,NA,NA,NA,NA,NA,NA,1.64009
571,0.267593,32.8018,NA,"2025-02-22_ZGTUV",3.6583358230341,NA,NA,NA,NA,NA,NA,NA,NA,NA,NA,NA,NA,NA,NA,NA,NA,NA,NA,NA,NA,NA,1.64009
572,0.268056,32.8018,NA,"2025-02-22_ZGTUV",3.6583358230341,NA,NA,NA,NA,NA,NA,NA,NA,NA,NA,NA,NA,NA,NA,NA,NA,NA,NA,NA,NA,NA,1.64009
573,0.268519,32.8018,NA,"2025-02-22_ZGTUV",3.6583358230341,NA,NA,NA,NA,NA,NA,NA,NA,NA,NA,NA,NA,NA,NA,NA,NA,NA,NA,NA,NA,NA,1.64009
574,0.268981,32.8018,NA,"2025-02-22_ZGTUV",3.6583358230341,NA,NA,NA,NA,NA,NA,NA,NA,NA,NA,NA,NA,NA,NA,NA,NA,NA,NA,NA,NA,NA,1.64009
575,0.269444,32.8018,NA,"2025-02-22_ZGTUV",3.6583358230341,NA,NA,NA,NA,NA,NA,NA,NA,NA,NA,NA,NA,NA,NA,NA,NA,NA,NA,NA,NA,NA,1.64009
576,0.269907,32.8018,NA,"2025-02-22_ZGTUV",3.6583358230341,NA,NA,NA,NA,NA,NA,NA,NA,NA,NA,NA,NA,NA,NA,NA,NA,NA,NA,NA,NA,NA,1.64009
577,0.27037,32.8018,NA,"2025-02-22_ZGTUV",3.6583358230341,NA,NA,NA,NA,NA,NA,NA,NA,NA,NA,NA,NA,NA,NA,NA,NA,NA,NA,NA,NA,NA,1.64009
578,0.270833,32.8018,NA,"2025-02-22_ZGTUV",3.6583358230341,NA,NA,NA,NA,NA,NA,NA,NA,NA,NA,NA,NA,NA,NA,NA,NA,NA,NA,NA,NA,NA,1.64009
579,0.271296,32.8018,NA,"2025-02-22_ZGTUV",3.6583358230341,NA,NA,NA,NA,NA,NA,NA,NA,NA,NA,NA,NA,NA,NA,NA,NA,NA,NA,NA,NA,NA,1.64009
580,0.271759,32.8018,NA,"2025-02-22_ZGTUV",3.6583358230341,NA,NA,NA,NA,NA,NA,NA,NA,NA,NA,NA,NA,NA,NA,NA,NA,NA,NA,NA,NA,NA,1.64009
581,0.272222,32.8018,NA,"2025-02-22_ZGTUV",3.6583358230341,NA,NA,NA,NA,NA,NA,NA,NA,NA,NA,NA,NA,NA,NA,NA,NA,NA,NA,NA,NA,NA,1.64009
582,0.272685,32.8018,NA,"2025-02-22_ZGTUV",3.6583358230341,NA,NA,NA,NA,NA,NA,NA,NA,NA,NA,NA,NA,NA,NA,NA,NA,NA,NA,NA,NA,NA,1.64009
583,0.273148,32.8018,NA,"2025-02-22_ZGTUV",3.6583358230341,NA,NA,NA,NA,NA,NA,NA,NA,NA,NA,NA,NA,NA,NA,NA,NA,NA,NA,NA,NA,NA,1.64009
584,0.273611,32.8018,NA,"2025-02-22_ZGTUV",3.6583358230341,NA,NA,NA,NA,NA,NA,NA,NA,NA,NA,NA,NA,NA,NA,NA,NA,NA,NA,NA,NA,NA,1.64009
585,0.274074,32.8018,NA,"2025-02-22_ZGTUV",3.6583358230341,NA,NA,NA,NA,NA,NA,NA,NA,NA,NA,NA,NA,NA,NA,NA,NA,NA,NA,NA,NA,NA,1.64009
586,0.274537,32.8018,NA,"2025-02-22_ZGTUV",3.6583358230341,NA,NA,NA,NA,NA,NA,NA,NA,NA,NA,NA,NA,NA,NA,NA,NA,NA,NA,NA,NA,NA,1.64009
587,0.275,32.8018,NA,"2025-02-22_ZGTUV",3.6583358230341,NA,NA,NA,NA,NA,NA,NA,NA,NA,NA,NA,NA,NA,NA,NA,NA,NA,NA,NA,NA,NA,1.64009
588,0.275,32.6677,NA,"2025-02-22_ZGTUV",3.79581069026817,NA,NA,NA,NA,NA,NA,NA,NA,NA,NA,NA,NA,NA,NA,NA,NA,NA,NA,NA,NA,NA,1.58069
589,0.275446,32.6677,NA,"2025-02-22_ZGTUV",3.79581069026817,NA,NA,NA,NA,NA,NA,NA,NA,NA,NA,NA,NA,NA,NA,NA,NA,NA,NA,NA,NA,NA,1.58069
590,0.275893,32.6677,NA,"2025-02-22_ZGTUV",3.79581069026817,NA,NA,NA,NA,NA,NA,NA,NA,NA,NA,NA,NA,NA,NA,NA,NA,NA,NA,NA,NA,NA,1.58069
591,0.276339,32.6677,NA,"2025-02-22_ZGTUV",3.79581069026817,NA,NA,NA,NA,NA,NA,NA,NA,NA,NA,NA,NA,NA,NA,NA,NA,NA,NA,NA,NA,NA,1.58069
592,0.276786,32.6677,NA,"2025-02-22_ZGTUV",3.79581069026817,NA,NA,NA,NA,NA,NA,NA,NA,NA,NA,NA,NA,NA,NA,NA,NA,NA,NA,NA,NA,NA,1.58069
593,0.277232,32.6677,NA,"2025-02-22_ZGTUV",3.79581069026817,NA,NA,NA,NA,NA,NA,NA,NA,NA,NA,NA,NA,NA,NA,NA,NA,NA,NA,NA,NA,NA,1.58069
594,0.277679,32.6677,NA,"2025-02-22_ZGTUV",3.79581069026817,NA,NA,NA,NA,NA,NA,NA,NA,NA,NA,NA,NA,NA,NA,NA,NA,NA,NA,NA,NA,NA,1.58069
595,0.278125,32.6677,NA,"2025-02-22_ZGTUV",3.79581069026817,NA,NA,NA,NA,NA,NA,NA,NA,NA,NA,NA,NA,NA,NA,NA,NA,NA,NA,NA,NA,NA,1.58069
596,0.278571,32.6677,NA,"2025-02-22_ZGTUV",3.79581069026817,NA,NA,NA,NA,NA,NA,NA,NA,NA,NA,NA,NA,NA,NA,NA,NA,NA,NA,NA,NA,NA,1.58069
597,0.279018,32.6677,NA,"2025-02-22_ZGTUV",3.79581069026817,NA,NA,NA,NA,NA,NA,NA,NA,NA,NA,NA,NA,NA,NA,NA,NA,NA,NA,NA,NA,NA,1.58069
598,0.279464,32.6677,NA,"2025-02-22_ZGTUV",3.79581069026817,NA,NA,NA,NA,NA,NA,NA,NA,NA,NA,NA,NA,NA,NA,NA,NA,NA,NA,NA,NA,NA,1.58069
599,0.279911,32.6677,NA,"2025-02-22_ZGTUV",3.79581069026817,NA,NA,NA,NA,NA,NA,NA,NA,NA,NA,NA,NA,NA,NA,NA,NA,NA,NA,NA,NA,NA,1.58069
600,0.280357,32.6677,NA,"2025-02-22_ZGTUV",3.79581069026817,NA,NA,NA,NA,NA,NA,NA,NA,NA,NA,NA,NA,NA,NA,NA,NA,NA,NA,NA,NA,NA,1.58069
601,0.280804,32.6677,NA,"2025-02-22_ZGTUV",3.79581069026817,NA,NA,NA,NA,NA,NA,NA,NA,NA,NA,NA,NA,NA,NA,NA,NA,NA,NA,NA,NA,NA,1.58069
602,0.28125,32.6677,NA,"2025-02-22_ZGTUV",3.79581069026817,NA,NA,NA,NA,NA,NA,NA,NA,NA,NA,NA,NA,NA,NA,NA,NA,NA,NA,NA,NA,NA,1.58069
603,0.281696,32.6677,NA,"2025-02-22_ZGTUV",3.79581069026817,NA,NA,NA,NA,NA,NA,NA,NA,NA,NA,NA,NA,NA,NA,NA,NA,NA,NA,NA,NA,NA,1.58069
604,0.282143,32.6677,NA,"2025-02-22_ZGTUV",3.79581069026817,NA,NA,NA,NA,NA,NA,NA,NA,NA,NA,NA,NA,NA,NA,NA,NA,NA,NA,NA,NA,NA,1.58069
605,0.282589,32.6677,NA,"2025-02-22_ZGTUV",3.79581069026817,NA,NA,NA,NA,NA,NA,NA,NA,NA,NA,NA,NA,NA,NA,NA,NA,NA,NA,NA,NA,NA,1.58069
606,0.283036,32.6677,NA,"2025-02-22_ZGTUV",3.79581069026817,NA,NA,NA,NA,NA,NA,NA,NA,NA,NA,NA,NA,NA,NA,NA,NA,NA,NA,NA,NA,NA,1.58069
607,0.283482,32.6677,NA,"2025-02-22_ZGTUV",3.79581069026817,NA,NA,NA,NA,NA,NA,NA,NA,NA,NA,NA,NA,NA,NA,NA,NA,NA,NA,NA,NA,NA,1.58069
608,0.283929,32.6677,NA,"2025-02-22_ZGTUV",3.79581069026817,NA,NA,NA,NA,NA,NA,NA,NA,NA,NA,NA,NA,NA,NA,NA,NA,NA,NA,NA,NA,NA,1.58069
609,0.284375,32.6677,NA,"2025-02-22_ZGTUV",3.79581069026817,NA,NA,NA,NA,NA,NA,NA,NA,NA,NA,NA,NA,NA,NA,NA,NA,NA,NA,NA,NA,NA,1.58069
610,0.284821,32.6677,NA,"2025-02-22_ZGTUV",3.79581069026817,NA,NA,NA,NA,NA,NA,NA,NA,NA,NA,NA,NA,NA,NA,NA,NA,NA,NA,NA,NA,NA,1.58069
611,0.285268,32.6677,NA,"2025-02-22_ZGTUV",3.79581069026817,NA,NA,NA,NA,NA,NA,NA,NA,NA,NA,NA,NA,NA,NA,NA,NA,NA,NA,NA,NA,NA,1.58069
612,0.285714,32.6677,NA,"2025-02-22_ZGTUV",3.79581069026817,NA,NA,NA,NA,NA,NA,NA,NA,NA,NA,NA,NA,NA,NA,NA,NA,NA,NA,NA,NA,NA,1.58069
613,0.286161,32.6677,NA,"2025-02-22_ZGTUV",3.79581069026817,NA,NA,NA,NA,NA,NA,NA,NA,NA,NA,NA,NA,NA,NA,NA,NA,NA,NA,NA,NA,NA,1.58069
614,0.286607,32.6677,NA,"2025-02-22_ZGTUV",3.79581069026817,NA,NA,NA,NA,NA,NA,NA,NA,NA,NA,NA,NA,NA,NA,NA,NA,NA,NA,NA,NA,NA,1.58069
615,0.287054,32.6677,NA,"2025-02-22_ZGTUV",3.79581069026817,NA,NA,NA,NA,NA,NA,NA,NA,NA,NA,NA,NA,NA,NA,NA,NA,NA,NA,NA,NA,NA,1.58069
616,0.2875,32.6677,NA,"2025-02-22_ZGTUV",3.79581069026817,NA,NA,NA,NA,NA,NA,NA,NA,NA,NA,NA,NA,NA,NA,NA,NA,NA,NA,NA,NA,NA,1.58069
617,0.287946,32.6677,NA,"2025-02-22_ZGTUV",3.79581069026817,NA,NA,NA,NA,NA,NA,NA,NA,NA,NA,NA,NA,NA,NA,NA,NA,NA,NA,NA,NA,NA,1.58069
618,0.288393,32.6677,NA,"2025-02-22_ZGTUV",3.79581069026817,NA,NA,NA,NA,NA,NA,NA,NA,NA,NA,NA,NA,NA,NA,NA,NA,NA,NA,NA,NA,NA,1.58069
619,0.288839,32.6677,NA,"2025-02-22_ZGTUV",3.79581069026817,NA,NA,NA,NA,NA,NA,NA,NA,NA,NA,NA,NA,NA,NA,NA,NA,NA,NA,NA,NA,NA,1.58069
620,0.289286,32.6677,NA,"2025-02-22_ZGTUV",3.79581069026817,NA,NA,NA,NA,NA,NA,NA,NA,NA,NA,NA,NA,NA,NA,NA,NA,NA,NA,NA,NA,NA,1.58069
621,0.289732,32.6677,NA,"2025-02-22_ZGTUV",3.79581069026817,NA,NA,NA,NA,NA,NA,NA,NA,NA,NA,NA,NA,NA,NA,NA,NA,NA,NA,NA,NA,NA,1.58069
622,0.290179,32.6677,NA,"2025-02-22_ZGTUV",3.79581069026817,NA,NA,NA,NA,NA,NA,NA,NA,NA,NA,NA,NA,NA,NA,NA,NA,NA,NA,NA,NA,NA,1.58069
623,0.290625,32.6677,NA,"2025-02-22_ZGTUV",3.79581069026817,NA,NA,NA,NA,NA,NA,NA,NA,NA,NA,NA,NA,NA,NA,NA,NA,NA,NA,NA,NA,NA,1.58069
624,0.291071,32.6677,NA,"2025-02-22_ZGTUV",3.79581069026817,NA,NA,NA,NA,NA,NA,NA,NA,NA,NA,NA,NA,NA,NA,NA,NA,NA,NA,NA,NA,NA,1.58069
625,0.291518,32.6677,NA,"2025-02-22_ZGTUV",3.79581069026817,NA,NA,NA,NA,NA,NA,NA,NA,NA,NA,NA,NA,NA,NA,NA,NA,NA,NA,NA,NA,NA,1.58069
626,0.291964,32.6677,NA,"2025-02-22_ZGTUV",3.79581069026817,NA,NA,NA,NA,NA,NA,NA,NA,NA,NA,NA,NA,NA,NA,NA,NA,NA,NA,NA,NA,NA,1.58069
627,0.292411,32.6677,NA,"2025-02-22_ZGTUV",3.79581069026817,NA,NA,NA,NA,NA,NA,NA,NA,NA,NA,NA,NA,NA,NA,NA,NA,NA,NA,NA,NA,NA,1.58069
628,0.292857,32.6677,NA,"2025-02-22_ZGTUV",3.79581069026817,NA,NA,NA,NA,NA,NA,NA,NA,NA,NA,NA,NA,NA,NA,NA,NA,NA,NA,NA,NA,NA,1.58069
629,0.293304,32.6677,NA,"2025-02-22_ZGTUV",3.79581069026817,NA,NA,NA,NA,NA,NA,NA,NA,NA,NA,NA,NA,NA,NA,NA,NA,NA,NA,NA,NA,NA,1.58069
630,0.29375,32.6677,NA,"2025-02-22_ZGTUV",3.79581069026817,NA,NA,NA,NA,NA,NA,NA,NA,NA,NA,NA,NA,NA,NA,NA,NA,NA,NA,NA,NA,NA,1.58069
631,0.294196,32.6677,NA,"2025-02-22_ZGTUV",3.79581069026817,NA,NA,NA,NA,NA,NA,NA,NA,NA,NA,NA,NA,NA,NA,NA,NA,NA,NA,NA,NA,NA,1.58069
632,0.294643,32.6677,NA,"2025-02-22_ZGTUV",3.79581069026817,NA,NA,NA,NA,NA,NA,NA,NA,NA,NA,NA,NA,NA,NA,NA,NA,NA,NA,NA,NA,NA,1.58069
633,0.295089,32.6677,NA,"2025-02-22_ZGTUV",3.79581069026817,NA,NA,NA,NA,NA,NA,NA,NA,NA,NA,NA,NA,NA,NA,NA,NA,NA,NA,NA,NA,NA,1.58069
634,0.295536,32.6677,NA,"2025-02-22_ZGTUV",3.79581069026817,NA,NA,NA,NA,NA,NA,NA,NA,NA,NA,NA,NA,NA,NA,NA,NA,NA,NA,NA,NA,NA,1.58069
635,0.295982,32.6677,NA,"2025-02-22_ZGTUV",3.79581069026817,NA,NA,NA,NA,NA,NA,NA,NA,NA,NA,NA,NA,NA,NA,NA,NA,NA,NA,NA,NA,NA,1.58069
636,0.296429,32.6677,NA,"2025-02-22_ZGTUV",3.79581069026817,NA,NA,NA,NA,NA,NA,NA,NA,NA,NA,NA,NA,NA,NA,NA,NA,NA,NA,NA,NA,NA,1.58069
637,0.296875,32.6677,NA,"2025-02-22_ZGTUV",3.79581069026817,NA,NA,NA,NA,NA,NA,NA,NA,NA,NA,NA,NA,NA,NA,NA,NA,NA,NA,NA,NA,NA,1.58069
638,0.297321,32.6677,NA,"2025-02-22_ZGTUV",3.79581069026817,NA,NA,NA,NA,NA,NA,NA,NA,NA,NA,NA,NA,NA,NA,NA,NA,NA,NA,NA,NA,NA,1.58069
639,0.297768,32.6677,NA,"2025-02-22_ZGTUV",3.79581069026817,NA,NA,NA,NA,NA,NA,NA,NA,NA,NA,NA,NA,NA,NA,NA,NA,NA,NA,NA,NA,NA,1.58069
640,0.298214,32.6677,NA,"2025-02-22_ZGTUV",3.79581069026817,NA,NA,NA,NA,NA,NA,NA,NA,NA,NA,NA,NA,NA,NA,NA,NA,NA,NA,NA,NA,NA,1.58069
641,0.298661,32.6677,NA,"2025-02-22_ZGTUV",3.79581069026817,NA,NA,NA,NA,NA,NA,NA,NA,NA,NA,NA,NA,NA,NA,NA,NA,NA,NA,NA,NA,NA,1.58069
642,0.299107,32.6677,NA,"2025-02-22_ZGTUV",3.79581069026817,NA,NA,NA,NA,NA,NA,NA,NA,NA,NA,NA,NA,NA,NA,NA,NA,NA,NA,NA,NA,NA,1.58069
643,0.299554,32.6677,NA,"2025-02-22_ZGTUV",3.79581069026817,NA,NA,NA,NA,NA,NA,NA,NA,NA,NA,NA,NA,NA,NA,NA,NA,NA,NA,NA,NA,NA,1.58069
644,0.3,32.6677,NA,"2025-02-22_ZGTUV",3.79581069026817,NA,NA,NA,NA,NA,NA,NA,NA,NA,NA,NA,NA,NA,NA,NA,NA,NA,NA,NA,NA,NA,1.58069
645,0.3,30.4764,NA,"2025-02-22_ZGTUV",3.93747292987361,NA,NA,NA,NA,NA,NA,NA,NA,NA,NA,NA,NA,NA,NA,NA,NA,NA,NA,NA,NA,NA,1.52382
646,0.300431,30.4764,NA,"2025-02-22_ZGTUV",3.93747292987361,NA,NA,NA,NA,NA,NA,NA,NA,NA,NA,NA,NA,NA,NA,NA,NA,NA,NA,NA,NA,NA,1.52382
647,0.300862,30.4764,NA,"2025-02-22_ZGTUV",3.93747292987361,NA,NA,NA,NA,NA,NA,NA,NA,NA,NA,NA,NA,NA,NA,NA,NA,NA,NA,NA,NA,NA,1.52382
648,0.301293,30.4764,NA,"2025-02-22_ZGTUV",3.93747292987361,NA,NA,NA,NA,NA,NA,NA,NA,NA,NA,NA,NA,NA,NA,NA,NA,NA,NA,NA,NA,NA,1.52382
649,0.301724,30.4764,NA,"2025-02-22_ZGTUV",3.93747292987361,NA,NA,NA,NA,NA,NA,NA,NA,NA,NA,NA,NA,NA,NA,NA,NA,NA,NA,NA,NA,NA,1.52382
650,0.302155,30.4764,NA,"2025-02-22_ZGTUV",3.93747292987361,NA,NA,NA,NA,NA,NA,NA,NA,NA,NA,NA,NA,NA,NA,NA,NA,NA,NA,NA,NA,NA,1.52382
651,0.302586,30.4764,NA,"2025-02-22_ZGTUV",3.93747292987361,NA,NA,NA,NA,NA,NA,NA,NA,NA,NA,NA,NA,NA,NA,NA,NA,NA,NA,NA,NA,NA,1.52382
652,0.303017,30.4764,NA,"2025-02-22_ZGTUV",3.93747292987361,NA,NA,NA,NA,NA,NA,NA,NA,NA,NA,NA,NA,NA,NA,NA,NA,NA,NA,NA,NA,NA,1.52382
653,0.303448,30.4764,NA,"2025-02-22_ZGTUV",3.93747292987361,NA,NA,NA,NA,NA,NA,NA,NA,NA,NA,NA,NA,NA,NA,NA,NA,NA,NA,NA,NA,NA,1.52382
654,0.303879,30.4764,NA,"2025-02-22_ZGTUV",3.93747292987361,NA,NA,NA,NA,NA,NA,NA,NA,NA,NA,NA,NA,NA,NA,NA,NA,NA,NA,NA,NA,NA,1.52382
655,0.30431,30.4764,NA,"2025-02-22_ZGTUV",3.93747292987361,NA,NA,NA,NA,NA,NA,NA,NA,NA,NA,NA,NA,NA,NA,NA,NA,NA,NA,NA,NA,NA,1.52382
656,0.304741,30.4764,NA,"2025-02-22_ZGTUV",3.93747292987361,NA,NA,NA,NA,NA,NA,NA,NA,NA,NA,NA,NA,NA,NA,NA,NA,NA,NA,NA,NA,NA,1.52382
657,0.305172,30.4764,NA,"2025-02-22_ZGTUV",3.93747292987361,NA,NA,NA,NA,NA,NA,NA,NA,NA,NA,NA,NA,NA,NA,NA,NA,NA,NA,NA,NA,NA,1.52382
658,0.305603,30.4764,NA,"2025-02-22_ZGTUV",3.93747292987361,NA,NA,NA,NA,NA,NA,NA,NA,NA,NA,NA,NA,NA,NA,NA,NA,NA,NA,NA,NA,NA,1.52382
659,0.306034,30.4764,NA,"2025-02-22_ZGTUV",3.93747292987361,NA,NA,NA,NA,NA,NA,NA,NA,NA,NA,NA,NA,NA,NA,NA,NA,NA,NA,NA,NA,NA,1.52382
660,0.306466,30.4764,NA,"2025-02-22_ZGTUV",3.93747292987361,NA,NA,NA,NA,NA,NA,NA,NA,NA,NA,NA,NA,NA,NA,NA,NA,NA,NA,NA,NA,NA,1.52382
661,0.306897,30.4764,NA,"2025-02-22_ZGTUV",3.93747292987361,NA,NA,NA,NA,NA,NA,NA,NA,NA,NA,NA,NA,NA,NA,NA,NA,NA,NA,NA,NA,NA,1.52382
662,0.307328,30.4764,NA,"2025-02-22_ZGTUV",3.93747292987361,NA,NA,NA,NA,NA,NA,NA,NA,NA,NA,NA,NA,NA,NA,NA,NA,NA,NA,NA,NA,NA,1.52382
663,0.307759,30.4764,NA,"2025-02-22_ZGTUV",3.93747292987361,NA,NA,NA,NA,NA,NA,NA,NA,NA,NA,NA,NA,NA,NA,NA,NA,NA,NA,NA,NA,NA,1.52382
664,0.30819,30.4764,NA,"2025-02-22_ZGTUV",3.93747292987361,NA,NA,NA,NA,NA,NA,NA,NA,NA,NA,NA,NA,NA,NA,NA,NA,NA,NA,NA,NA,NA,1.52382
665,0.308621,30.4764,NA,"2025-02-22_ZGTUV",3.93747292987361,NA,NA,NA,NA,NA,NA,NA,NA,NA,NA,NA,NA,NA,NA,NA,NA,NA,NA,NA,NA,NA,1.52382
666,0.309052,30.4764,NA,"2025-02-22_ZGTUV",3.93747292987361,NA,NA,NA,NA,NA,NA,NA,NA,NA,NA,NA,NA,NA,NA,NA,NA,NA,NA,NA,NA,NA,1.52382
667,0.309483,30.4764,NA,"2025-02-22_ZGTUV",3.93747292987361,NA,NA,NA,NA,NA,NA,NA,NA,NA,NA,NA,NA,NA,NA,NA,NA,NA,NA,NA,NA,NA,1.52382
668,0.309914,30.4764,NA,"2025-02-22_ZGTUV",3.93747292987361,NA,NA,NA,NA,NA,NA,NA,NA,NA,NA,NA,NA,NA,NA,NA,NA,NA,NA,NA,NA,NA,1.52382
669,0.310345,30.4764,NA,"2025-02-22_ZGTUV",3.93747292987361,NA,NA,NA,NA,NA,NA,NA,NA,NA,NA,NA,NA,NA,NA,NA,NA,NA,NA,NA,NA,NA,1.52382
670,0.310776,30.4764,NA,"2025-02-22_ZGTUV",3.93747292987361,NA,NA,NA,NA,NA,NA,NA,NA,NA,NA,NA,NA,NA,NA,NA,NA,NA,NA,NA,NA,NA,1.52382
671,0.311207,30.4764,NA,"2025-02-22_ZGTUV",3.93747292987361,NA,NA,NA,NA,NA,NA,NA,NA,NA,NA,NA,NA,NA,NA,NA,NA,NA,NA,NA,NA,NA,1.52382
672,0.311638,30.4764,NA,"2025-02-22_ZGTUV",3.93747292987361,NA,NA,NA,NA,NA,NA,NA,NA,NA,NA,NA,NA,NA,NA,NA,NA,NA,NA,NA,NA,NA,1.52382
673,0.312069,30.4764,NA,"2025-02-22_ZGTUV",3.93747292987361,NA,NA,NA,NA,NA,NA,NA,NA,NA,NA,NA,NA,NA,NA,NA,NA,NA,NA,NA,NA,NA,1.52382
674,0.3125,30.4764,NA,"2025-02-22_ZGTUV",3.93747292987361,NA,NA,NA,NA,NA,NA,NA,NA,NA,NA,NA,NA,NA,NA,NA,NA,NA,NA,NA,NA,NA,1.52382
675,0.312931,30.4764,NA,"2025-02-22_ZGTUV",3.93747292987361,NA,NA,NA,NA,NA,NA,NA,NA,NA,NA,NA,NA,NA,NA,NA,NA,NA,NA,NA,NA,NA,1.52382
676,0.313362,30.4764,NA,"2025-02-22_ZGTUV",3.93747292987361,NA,NA,NA,NA,NA,NA,NA,NA,NA,NA,NA,NA,NA,NA,NA,NA,NA,NA,NA,NA,NA,1.52382
677,0.313793,30.4764,NA,"2025-02-22_ZGTUV",3.93747292987361,NA,NA,NA,NA,NA,NA,NA,NA,NA,NA,NA,NA,NA,NA,NA,NA,NA,NA,NA,NA,NA,1.52382
678,0.314224,30.4764,NA,"2025-02-22_ZGTUV",3.93747292987361,NA,NA,NA,NA,NA,NA,NA,NA,NA,NA,NA,NA,NA,NA,NA,NA,NA,NA,NA,NA,NA,1.52382
679,0.314655,30.4764,NA,"2025-02-22_ZGTUV",3.93747292987361,NA,NA,NA,NA,NA,NA,NA,NA,NA,NA,NA,NA,NA,NA,NA,NA,NA,NA,NA,NA,NA,1.52382
680,0.315086,30.4764,NA,"2025-02-22_ZGTUV",3.93747292987361,NA,NA,NA,NA,NA,NA,NA,NA,NA,NA,NA,NA,NA,NA,NA,NA,NA,NA,NA,NA,NA,1.52382
681,0.315517,30.4764,NA,"2025-02-22_ZGTUV",3.93747292987361,NA,NA,NA,NA,NA,NA,NA,NA,NA,NA,NA,NA,NA,NA,NA,NA,NA,NA,NA,NA,NA,1.52382
682,0.315948,30.4764,NA,"2025-02-22_ZGTUV",3.93747292987361,NA,NA,NA,NA,NA,NA,NA,NA,NA,NA,NA,NA,NA,NA,NA,NA,NA,NA,NA,NA,NA,1.52382
683,0.316379,30.4764,NA,"2025-02-22_ZGTUV",3.93747292987361,NA,NA,NA,NA,NA,NA,NA,NA,NA,NA,NA,NA,NA,NA,NA,NA,NA,NA,NA,NA,NA,1.52382
684,0.31681,30.4764,NA,"2025-02-22_ZGTUV",3.93747292987361,NA,NA,NA,NA,NA,NA,NA,NA,NA,NA,NA,NA,NA,NA,NA,NA,NA,NA,NA,NA,NA,1.52382
685,0.317241,30.4764,NA,"2025-02-22_ZGTUV",3.93747292987361,NA,NA,NA,NA,NA,NA,NA,NA,NA,NA,NA,NA,NA,NA,NA,NA,NA,NA,NA,NA,NA,1.52382
686,0.317672,30.4764,NA,"2025-02-22_ZGTUV",3.93747292987361,NA,NA,NA,NA,NA,NA,NA,NA,NA,NA,NA,NA,NA,NA,NA,NA,NA,NA,NA,NA,NA,1.52382
687,0.318103,30.4764,NA,"2025-02-22_ZGTUV",3.93747292987361,NA,NA,NA,NA,NA,NA,NA,NA,NA,NA,NA,NA,NA,NA,NA,NA,NA,NA,NA,NA,NA,1.52382
688,0.318534,30.4764,NA,"2025-02-22_ZGTUV",3.93747292987361,NA,NA,NA,NA,NA,NA,NA,NA,NA,NA,NA,NA,NA,NA,NA,NA,NA,NA,NA,NA,NA,1.52382
689,0.318966,30.4764,NA,"2025-02-22_ZGTUV",3.93747292987361,NA,NA,NA,NA,NA,NA,NA,NA,NA,NA,NA,NA,NA,NA,NA,NA,NA,NA,NA,NA,NA,1.52382
690,0.319397,30.4764,NA,"2025-02-22_ZGTUV",3.93747292987361,NA,NA,NA,NA,NA,NA,NA,NA,NA,NA,NA,NA,NA,NA,NA,NA,NA,NA,NA,NA,NA,1.52382
691,0.319828,30.4764,NA,"2025-02-22_ZGTUV",3.93747292987361,NA,NA,NA,NA,NA,NA,NA,NA,NA,NA,NA,NA,NA,NA,NA,NA,NA,NA,NA,NA,NA,1.52382
692,0.320259,30.4764,NA,"2025-02-22_ZGTUV",3.93747292987361,NA,NA,NA,NA,NA,NA,NA,NA,NA,NA,NA,NA,NA,NA,NA,NA,NA,NA,NA,NA,NA,1.52382
693,0.32069,30.4764,NA,"2025-02-22_ZGTUV",3.93747292987361,NA,NA,NA,NA,NA,NA,NA,NA,NA,NA,NA,NA,NA,NA,NA,NA,NA,NA,NA,NA,NA,1.52382
694,0.321121,30.4764,NA,"2025-02-22_ZGTUV",3.93747292987361,NA,NA,NA,NA,NA,NA,NA,NA,NA,NA,NA,NA,NA,NA,NA,NA,NA,NA,NA,NA,NA,1.52382
695,0.321552,30.4764,NA,"2025-02-22_ZGTUV",3.93747292987361,NA,NA,NA,NA,NA,NA,NA,NA,NA,NA,NA,NA,NA,NA,NA,NA,NA,NA,NA,NA,NA,1.52382
696,0.321983,30.4764,NA,"2025-02-22_ZGTUV",3.93747292987361,NA,NA,NA,NA,NA,NA,NA,NA,NA,NA,NA,NA,NA,NA,NA,NA,NA,NA,NA,NA,NA,1.52382
697,0.322414,30.4764,NA,"2025-02-22_ZGTUV",3.93747292987361,NA,NA,NA,NA,NA,NA,NA,NA,NA,NA,NA,NA,NA,NA,NA,NA,NA,NA,NA,NA,NA,1.52382
698,0.322845,30.4764,NA,"2025-02-22_ZGTUV",3.93747292987361,NA,NA,NA,NA,NA,NA,NA,NA,NA,NA,NA,NA,NA,NA,NA,NA,NA,NA,NA,NA,NA,1.52382
699,0.323276,30.4764,NA,"2025-02-22_ZGTUV",3.93747292987361,NA,NA,NA,NA,NA,NA,NA,NA,NA,NA,NA,NA,NA,NA,NA,NA,NA,NA,NA,NA,NA,1.52382
700,0.323707,30.4764,NA,"2025-02-22_ZGTUV",3.93747292987361,NA,NA,NA,NA,NA,NA,NA,NA,NA,NA,NA,NA,NA,NA,NA,NA,NA,NA,NA,NA,NA,1.52382
701,0.324138,30.4764,NA,"2025-02-22_ZGTUV",3.93747292987361,NA,NA,NA,NA,NA,NA,NA,NA,NA,NA,NA,NA,NA,NA,NA,NA,NA,NA,NA,NA,NA,1.52382
702,0.324569,30.4764,NA,"2025-02-22_ZGTUV",3.93747292987361,NA,NA,NA,NA,NA,NA,NA,NA,NA,NA,NA,NA,NA,NA,NA,NA,NA,NA,NA,NA,NA,1.52382
703,0.325,30.4764,NA,"2025-02-22_ZGTUV",3.93747292987361,NA,NA,NA,NA,NA,NA,NA,NA,NA,NA,NA,NA,NA,NA,NA,NA,NA,NA,NA,NA,NA,1.52382
704,0.325,33.7415,NA,"2025-02-22_ZGTUV",3.67500689063792,NA,NA,NA,NA,NA,NA,NA,NA,NA,NA,NA,NA,NA,NA,NA,NA,NA,NA,NA,NA,NA,1.63265
705,0.325463,33.7415,NA,"2025-02-22_ZGTUV",3.67500689063792,NA,NA,NA,NA,NA,NA,NA,NA,NA,NA,NA,NA,NA,NA,NA,NA,NA,NA,NA,NA,NA,1.63265
706,0.325926,33.7415,NA,"2025-02-22_ZGTUV",3.67500689063792,NA,NA,NA,NA,NA,NA,NA,NA,NA,NA,NA,NA,NA,NA,NA,NA,NA,NA,NA,NA,NA,1.63265
707,0.326389,33.7415,NA,"2025-02-22_ZGTUV",3.67500689063792,NA,NA,NA,NA,NA,NA,NA,NA,NA,NA,NA,NA,NA,NA,NA,NA,NA,NA,NA,NA,NA,1.63265
708,0.326852,33.7415,NA,"2025-02-22_ZGTUV",3.67500689063792,NA,NA,NA,NA,NA,NA,NA,NA,NA,NA,NA,NA,NA,NA,NA,NA,NA,NA,NA,NA,NA,1.63265
709,0.327315,33.7415,NA,"2025-02-22_ZGTUV",3.67500689063792,NA,NA,NA,NA,NA,NA,NA,NA,NA,NA,NA,NA,NA,NA,NA,NA,NA,NA,NA,NA,NA,1.63265
710,0.327778,33.7415,NA,"2025-02-22_ZGTUV",3.67500689063792,NA,NA,NA,NA,NA,NA,NA,NA,NA,NA,NA,NA,NA,NA,NA,NA,NA,NA,NA,NA,NA,1.63265
711,0.328241,33.7415,NA,"2025-02-22_ZGTUV",3.67500689063792,NA,NA,NA,NA,NA,NA,NA,NA,NA,NA,NA,NA,NA,NA,NA,NA,NA,NA,NA,NA,NA,1.63265
712,0.328704,33.7415,NA,"2025-02-22_ZGTUV",3.67500689063792,NA,NA,NA,NA,NA,NA,NA,NA,NA,NA,NA,NA,NA,NA,NA,NA,NA,NA,NA,NA,NA,1.63265
713,0.329167,33.7415,NA,"2025-02-22_ZGTUV",3.67500689063792,NA,NA,NA,NA,NA,NA,NA,NA,NA,NA,NA,NA,NA,NA,NA,NA,NA,NA,NA,NA,NA,1.63265
714,0.32963,33.7415,NA,"2025-02-22_ZGTUV",3.67500689063792,NA,NA,NA,NA,NA,NA,NA,NA,NA,NA,NA,NA,NA,NA,NA,NA,NA,NA,NA,NA,NA,1.63265
715,0.330093,33.7415,NA,"2025-02-22_ZGTUV",3.67500689063792,NA,NA,NA,NA,NA,NA,NA,NA,NA,NA,NA,NA,NA,NA,NA,NA,NA,NA,NA,NA,NA,1.63265
716,0.330556,33.7415,NA,"2025-02-22_ZGTUV",3.67500689063792,NA,NA,NA,NA,NA,NA,NA,NA,NA,NA,NA,NA,NA,NA,NA,NA,NA,NA,NA,NA,NA,1.63265
717,0.331019,33.7415,NA,"2025-02-22_ZGTUV",3.67500689063792,NA,NA,NA,NA,NA,NA,NA,NA,NA,NA,NA,NA,NA,NA,NA,NA,NA,NA,NA,NA,NA,1.63265
718,0.331481,33.7415,NA,"2025-02-22_ZGTUV",3.67500689063792,NA,NA,NA,NA,NA,NA,NA,NA,NA,NA,NA,NA,NA,NA,NA,NA,NA,NA,NA,NA,NA,1.63265
719,0.331944,33.7415,NA,"2025-02-22_ZGTUV",3.67500689063792,NA,NA,NA,NA,NA,NA,NA,NA,NA,NA,NA,NA,NA,NA,NA,NA,NA,NA,NA,NA,NA,1.63265
720,0.332407,33.7415,NA,"2025-02-22_ZGTUV",3.67500689063792,NA,NA,NA,NA,NA,NA,NA,NA,NA,NA,NA,NA,NA,NA,NA,NA,NA,NA,NA,NA,NA,1.63265
721,0.33287,33.7415,NA,"2025-02-22_ZGTUV",3.67500689063792,NA,NA,NA,NA,NA,NA,NA,NA,NA,NA,NA,NA,NA,NA,NA,NA,NA,NA,NA,NA,NA,1.63265
722,0.333333,33.7415,NA,"2025-02-22_ZGTUV",3.67500689063792,NA,NA,NA,NA,NA,NA,NA,NA,NA,NA,NA,NA,NA,NA,NA,NA,NA,NA,NA,NA,NA,1.63265
723,0.333796,33.7415,NA,"2025-02-22_ZGTUV",3.67500689063792,NA,NA,NA,NA,NA,NA,NA,NA,NA,NA,NA,NA,NA,NA,NA,NA,NA,NA,NA,NA,NA,1.63265
724,0.334259,33.7415,NA,"2025-02-22_ZGTUV",3.67500689063792,NA,NA,NA,NA,NA,NA,NA,NA,NA,NA,NA,NA,NA,NA,NA,NA,NA,NA,NA,NA,NA,1.63265
725,0.334722,33.7415,NA,"2025-02-22_ZGTUV",3.67500689063792,NA,NA,NA,NA,NA,NA,NA,NA,NA,NA,NA,NA,NA,NA,NA,NA,NA,NA,NA,NA,NA,1.63265
726,0.335185,33.7415,NA,"2025-02-22_ZGTUV",3.67500689063792,NA,NA,NA,NA,NA,NA,NA,NA,NA,NA,NA,NA,NA,NA,NA,NA,NA,NA,NA,NA,NA,1.63265
727,0.335648,33.7415,NA,"2025-02-22_ZGTUV",3.67500689063792,NA,NA,NA,NA,NA,NA,NA,NA,NA,NA,NA,NA,NA,NA,NA,NA,NA,NA,NA,NA,NA,1.63265
728,0.336111,33.7415,NA,"2025-02-22_ZGTUV",3.67500689063792,NA,NA,NA,NA,NA,NA,NA,NA,NA,NA,NA,NA,NA,NA,NA,NA,NA,NA,NA,NA,NA,1.63265
729,0.336574,33.7415,NA,"2025-02-22_ZGTUV",3.67500689063792,NA,NA,NA,NA,NA,NA,NA,NA,NA,NA,NA,NA,NA,NA,NA,NA,NA,NA,NA,NA,NA,1.63265
730,0.337037,33.7415,NA,"2025-02-22_ZGTUV",3.67500689063792,NA,NA,NA,NA,NA,NA,NA,NA,NA,NA,NA,NA,NA,NA,NA,NA,NA,NA,NA,NA,NA,1.63265
731,0.3375,33.7415,NA,"2025-02-22_ZGTUV",3.67500689063792,NA,NA,NA,NA,NA,NA,NA,NA,NA,NA,NA,NA,NA,NA,NA,NA,NA,NA,NA,NA,NA,1.63265
732,0.337963,33.7415,NA,"2025-02-22_ZGTUV",3.67500689063792,NA,NA,NA,NA,NA,NA,NA,NA,NA,NA,NA,NA,NA,NA,NA,NA,NA,NA,NA,NA,NA,1.63265
733,0.338426,33.7415,NA,"2025-02-22_ZGTUV",3.67500689063792,NA,NA,NA,NA,NA,NA,NA,NA,NA,NA,NA,NA,NA,NA,NA,NA,NA,NA,NA,NA,NA,1.63265
734,0.338889,33.7415,NA,"2025-02-22_ZGTUV",3.67500689063792,NA,NA,NA,NA,NA,NA,NA,NA,NA,NA,NA,NA,NA,NA,NA,NA,NA,NA,NA,NA,NA,1.63265
735,0.339352,33.7415,NA,"2025-02-22_ZGTUV",3.67500689063792,NA,NA,NA,NA,NA,NA,NA,NA,NA,NA,NA,NA,NA,NA,NA,NA,NA,NA,NA,NA,NA,1.63265
736,0.339815,33.7415,NA,"2025-02-22_ZGTUV",3.67500689063792,NA,NA,NA,NA,NA,NA,NA,NA,NA,NA,NA,NA,NA,NA,NA,NA,NA,NA,NA,NA,NA,1.63265
737,0.340278,33.7415,NA,"2025-02-22_ZGTUV",3.67500689063792,NA,NA,NA,NA,NA,NA,NA,NA,NA,NA,NA,NA,NA,NA,NA,NA,NA,NA,NA,NA,NA,1.63265
738,0.340741,33.7415,NA,"2025-02-22_ZGTUV",3.67500689063792,NA,NA,NA,NA,NA,NA,NA,NA,NA,NA,NA,NA,NA,NA,NA,NA,NA,NA,NA,NA,NA,1.63265
739,0.341204,33.7415,NA,"2025-02-22_ZGTUV",3.67500689063792,NA,NA,NA,NA,NA,NA,NA,NA,NA,NA,NA,NA,NA,NA,NA,NA,NA,NA,NA,NA,NA,1.63265
740,0.341667,33.7415,NA,"2025-02-22_ZGTUV",3.67500689063792,NA,NA,NA,NA,NA,NA,NA,NA,NA,NA,NA,NA,NA,NA,NA,NA,NA,NA,NA,NA,NA,1.63265
741,0.34213,33.7415,NA,"2025-02-22_ZGTUV",3.67500689063792,NA,NA,NA,NA,NA,NA,NA,NA,NA,NA,NA,NA,NA,NA,NA,NA,NA,NA,NA,NA,NA,1.63265
742,0.342593,33.7415,NA,"2025-02-22_ZGTUV",3.67500689063792,NA,NA,NA,NA,NA,NA,NA,NA,NA,NA,NA,NA,NA,NA,NA,NA,NA,NA,NA,NA,NA,1.63265
743,0.343056,33.7415,NA,"2025-02-22_ZGTUV",3.67500689063792,NA,NA,NA,NA,NA,NA,NA,NA,NA,NA,NA,NA,NA,NA,NA,NA,NA,NA,NA,NA,NA,1.63265
744,0.343519,33.7415,NA,"2025-02-22_ZGTUV",3.67500689063792,NA,NA,NA,NA,NA,NA,NA,NA,NA,NA,NA,NA,NA,NA,NA,NA,NA,NA,NA,NA,NA,1.63265
745,0.343981,33.7415,NA,"2025-02-22_ZGTUV",3.67500689063792,NA,NA,NA,NA,NA,NA,NA,NA,NA,NA,NA,NA,NA,NA,NA,NA,NA,NA,NA,NA,NA,1.63265
746,0.344444,33.7415,NA,"2025-02-22_ZGTUV",3.67500689063792,NA,NA,NA,NA,NA,NA,NA,NA,NA,NA,NA,NA,NA,NA,NA,NA,NA,NA,NA,NA,NA,1.63265
747,0.344907,33.7415,NA,"2025-02-22_ZGTUV",3.67500689063792,NA,NA,NA,NA,NA,NA,NA,NA,NA,NA,NA,NA,NA,NA,NA,NA,NA,NA,NA,NA,NA,1.63265
748,0.34537,33.7415,NA,"2025-02-22_ZGTUV",3.67500689063792,NA,NA,NA,NA,NA,NA,NA,NA,NA,NA,NA,NA,NA,NA,NA,NA,NA,NA,NA,NA,NA,1.63265
749,0.345833,33.7415,NA,"2025-02-22_ZGTUV",3.67500689063792,NA,NA,NA,NA,NA,NA,NA,NA,NA,NA,NA,NA,NA,NA,NA,NA,NA,NA,NA,NA,NA,1.63265
750,0.346296,33.7415,NA,"2025-02-22_ZGTUV",3.67500689063792,NA,NA,NA,NA,NA,NA,NA,NA,NA,NA,NA,NA,NA,NA,NA,NA,NA,NA,NA,NA,NA,1.63265
751,0.346759,33.7415,NA,"2025-02-22_ZGTUV",3.67500689063792,NA,NA,NA,NA,NA,NA,NA,NA,NA,NA,NA,NA,NA,NA,NA,NA,NA,NA,NA,NA,NA,1.63265
752,0.347222,33.7415,NA,"2025-02-22_ZGTUV",3.67500689063792,NA,NA,NA,NA,NA,NA,NA,NA,NA,NA,NA,NA,NA,NA,NA,NA,NA,NA,NA,NA,NA,1.63265
753,0.347685,33.7415,NA,"2025-02-22_ZGTUV",3.67500689063792,NA,NA,NA,NA,NA,NA,NA,NA,NA,NA,NA,NA,NA,NA,NA,NA,NA,NA,NA,NA,NA,1.63265
754,0.348148,33.7415,NA,"2025-02-22_ZGTUV",3.67500689063792,NA,NA,NA,NA,NA,NA,NA,NA,NA,NA,NA,NA,NA,NA,NA,NA,NA,NA,NA,NA,NA,1.63265
755,0.348611,33.7415,NA,"2025-02-22_ZGTUV",3.67500689063792,NA,NA,NA,NA,NA,NA,NA,NA,NA,NA,NA,NA,NA,NA,NA,NA,NA,NA,NA,NA,NA,1.63265
756,0.349074,33.7415,NA,"2025-02-22_ZGTUV",3.67500689063792,NA,NA,NA,NA,NA,NA,NA,NA,NA,NA,NA,NA,NA,NA,NA,NA,NA,NA,NA,NA,NA,1.63265
757,0.349537,33.7415,NA,"2025-02-22_ZGTUV",3.67500689063792,NA,NA,NA,NA,NA,NA,NA,NA,NA,NA,NA,NA,NA,NA,NA,NA,NA,NA,NA,NA,NA,1.63265
758,0.35,33.7415,NA,"2025-02-22_ZGTUV",3.67500689063792,NA,NA,NA,NA,NA,NA,NA,NA,NA,NA,NA,NA,NA,NA,NA,NA,NA,NA,NA,NA,NA,1.63265
759,0.35,31.54,NA,"2025-02-22_ZGTUV",4.05833175509321,NA,NA,NA,NA,NA,NA,NA,NA,NA,NA,NA,NA,NA,NA,NA,NA,NA,NA,NA,NA,NA,1.47844
760,0.350417,31.54,NA,"2025-02-22_ZGTUV",4.05833175509321,NA,NA,NA,NA,NA,NA,NA,NA,NA,NA,NA,NA,NA,NA,NA,NA,NA,NA,NA,NA,NA,1.47844
761,0.350833,31.54,NA,"2025-02-22_ZGTUV",4.05833175509321,NA,NA,NA,NA,NA,NA,NA,NA,NA,NA,NA,NA,NA,NA,NA,NA,NA,NA,NA,NA,NA,1.47844
762,0.35125,31.54,NA,"2025-02-22_ZGTUV",4.05833175509321,NA,NA,NA,NA,NA,NA,NA,NA,NA,NA,NA,NA,NA,NA,NA,NA,NA,NA,NA,NA,NA,1.47844
763,0.351667,31.54,NA,"2025-02-22_ZGTUV",4.05833175509321,NA,NA,NA,NA,NA,NA,NA,NA,NA,NA,NA,NA,NA,NA,NA,NA,NA,NA,NA,NA,NA,1.47844
764,0.352083,31.54,NA,"2025-02-22_ZGTUV",4.05833175509321,NA,NA,NA,NA,NA,NA,NA,NA,NA,NA,NA,NA,NA,NA,NA,NA,NA,NA,NA,NA,NA,1.47844
765,0.3525,31.54,NA,"2025-02-22_ZGTUV",4.05833175509321,NA,NA,NA,NA,NA,NA,NA,NA,NA,NA,NA,NA,NA,NA,NA,NA,NA,NA,NA,NA,NA,1.47844
766,0.352917,31.54,NA,"2025-02-22_ZGTUV",4.05833175509321,NA,NA,NA,NA,NA,NA,NA,NA,NA,NA,NA,NA,NA,NA,NA,NA,NA,NA,NA,NA,NA,1.47844
767,0.353333,31.54,NA,"2025-02-22_ZGTUV",4.05833175509321,NA,NA,NA,NA,NA,NA,NA,NA,NA,NA,NA,NA,NA,NA,NA,NA,NA,NA,NA,NA,NA,1.47844
768,0.35375,31.54,NA,"2025-02-22_ZGTUV",4.05833175509321,NA,NA,NA,NA,NA,NA,NA,NA,NA,NA,NA,NA,NA,NA,NA,NA,NA,NA,NA,NA,NA,1.47844
769,0.354167,31.54,NA,"2025-02-22_ZGTUV",4.05833175509321,NA,NA,NA,NA,NA,NA,NA,NA,NA,NA,NA,NA,NA,NA,NA,NA,NA,NA,NA,NA,NA,1.47844
770,0.354583,31.54,NA,"2025-02-22_ZGTUV",4.05833175509321,NA,NA,NA,NA,NA,NA,NA,NA,NA,NA,NA,NA,NA,NA,NA,NA,NA,NA,NA,NA,NA,1.47844
771,0.355,31.54,NA,"2025-02-22_ZGTUV",4.05833175509321,NA,NA,NA,NA,NA,NA,NA,NA,NA,NA,NA,NA,NA,NA,NA,NA,NA,NA,NA,NA,NA,1.47844
772,0.355417,31.54,NA,"2025-02-22_ZGTUV",4.05833175509321,NA,NA,NA,NA,NA,NA,NA,NA,NA,NA,NA,NA,NA,NA,NA,NA,NA,NA,NA,NA,NA,1.47844
773,0.355833,31.54,NA,"2025-02-22_ZGTUV",4.05833175509321,NA,NA,NA,NA,NA,NA,NA,NA,NA,NA,NA,NA,NA,NA,NA,NA,NA,NA,NA,NA,NA,1.47844
774,0.35625,31.54,NA,"2025-02-22_ZGTUV",4.05833175509321,NA,NA,NA,NA,NA,NA,NA,NA,NA,NA,NA,NA,NA,NA,NA,NA,NA,NA,NA,NA,NA,1.47844
775,0.356667,31.54,NA,"2025-02-22_ZGTUV",4.05833175509321,NA,NA,NA,NA,NA,NA,NA,NA,NA,NA,NA,NA,NA,NA,NA,NA,NA,NA,NA,NA,NA,1.47844
776,0.357083,31.54,NA,"2025-02-22_ZGTUV",4.05833175509321,NA,NA,NA,NA,NA,NA,NA,NA,NA,NA,NA,NA,NA,NA,NA,NA,NA,NA,NA,NA,NA,1.47844
777,0.3575,31.54,NA,"2025-02-22_ZGTUV",4.05833175509321,NA,NA,NA,NA,NA,NA,NA,NA,NA,NA,NA,NA,NA,NA,NA,NA,NA,NA,NA,NA,NA,1.47844
778,0.357917,31.54,NA,"2025-02-22_ZGTUV",4.05833175509321,NA,NA,NA,NA,NA,NA,NA,NA,NA,NA,NA,NA,NA,NA,NA,NA,NA,NA,NA,NA,NA,1.47844
779,0.358333,31.54,NA,"2025-02-22_ZGTUV",4.05833175509321,NA,NA,NA,NA,NA,NA,NA,NA,NA,NA,NA,NA,NA,NA,NA,NA,NA,NA,NA,NA,NA,1.47844
780,0.35875,31.54,NA,"2025-02-22_ZGTUV",4.05833175509321,NA,NA,NA,NA,NA,NA,NA,NA,NA,NA,NA,NA,NA,NA,NA,NA,NA,NA,NA,NA,NA,1.47844
781,0.359167,31.54,NA,"2025-02-22_ZGTUV",4.05833175509321,NA,NA,NA,NA,NA,NA,NA,NA,NA,NA,NA,NA,NA,NA,NA,NA,NA,NA,NA,NA,NA,1.47844
782,0.359583,31.54,NA,"2025-02-22_ZGTUV",4.05833175509321,NA,NA,NA,NA,NA,NA,NA,NA,NA,NA,NA,NA,NA,NA,NA,NA,NA,NA,NA,NA,NA,1.47844
783,0.36,31.54,NA,"2025-02-22_ZGTUV",4.05833175509321,NA,NA,NA,NA,NA,NA,NA,NA,NA,NA,NA,NA,NA,NA,NA,NA,NA,NA,NA,NA,NA,1.47844
784,0.360417,31.54,NA,"2025-02-22_ZGTUV",4.05833175509321,NA,NA,NA,NA,NA,NA,NA,NA,NA,NA,NA,NA,NA,NA,NA,NA,NA,NA,NA,NA,NA,1.47844
785,0.360833,31.54,NA,"2025-02-22_ZGTUV",4.05833175509321,NA,NA,NA,NA,NA,NA,NA,NA,NA,NA,NA,NA,NA,NA,NA,NA,NA,NA,NA,NA,NA,1.47844
786,0.36125,31.54,NA,"2025-02-22_ZGTUV",4.05833175509321,NA,NA,NA,NA,NA,NA,NA,NA,NA,NA,NA,NA,NA,NA,NA,NA,NA,NA,NA,NA,NA,1.47844
787,0.361667,31.54,NA,"2025-02-22_ZGTUV",4.05833175509321,NA,NA,NA,NA,NA,NA,NA,NA,NA,NA,NA,NA,NA,NA,NA,NA,NA,NA,NA,NA,NA,1.47844
788,0.362083,31.54,NA,"2025-02-22_ZGTUV",4.05833175509321,NA,NA,NA,NA,NA,NA,NA,NA,NA,NA,NA,NA,NA,NA,NA,NA,NA,NA,NA,NA,NA,1.47844
789,0.3625,31.54,NA,"2025-02-22_ZGTUV",4.05833175509321,NA,NA,NA,NA,NA,NA,NA,NA,NA,NA,NA,NA,NA,NA,NA,NA,NA,NA,NA,NA,NA,1.47844
790,0.362917,31.54,NA,"2025-02-22_ZGTUV",4.05833175509321,NA,NA,NA,NA,NA,NA,NA,NA,NA,NA,NA,NA,NA,NA,NA,NA,NA,NA,NA,NA,NA,1.47844
791,0.363333,31.54,NA,"2025-02-22_ZGTUV",4.05833175509321,NA,NA,NA,NA,NA,NA,NA,NA,NA,NA,NA,NA,NA,NA,NA,NA,NA,NA,NA,NA,NA,1.47844
792,0.36375,31.54,NA,"2025-02-22_ZGTUV",4.05833175509321,NA,NA,NA,NA,NA,NA,NA,NA,NA,NA,NA,NA,NA,NA,NA,NA,NA,NA,NA,NA,NA,1.47844
793,0.364167,31.54,NA,"2025-02-22_ZGTUV",4.05833175509321,NA,NA,NA,NA,NA,NA,NA,NA,NA,NA,NA,NA,NA,NA,NA,NA,NA,NA,NA,NA,NA,1.47844
794,0.364583,31.54,NA,"2025-02-22_ZGTUV",4.05833175509321,NA,NA,NA,NA,NA,NA,NA,NA,NA,NA,NA,NA,NA,NA,NA,NA,NA,NA,NA,NA,NA,1.47844
795,0.365,31.54,NA,"2025-02-22_ZGTUV",4.05833175509321,NA,NA,NA,NA,NA,NA,NA,NA,NA,NA,NA,NA,NA,NA,NA,NA,NA,NA,NA,NA,NA,1.47844
796,0.365417,31.54,NA,"2025-02-22_ZGTUV",4.05833175509321,NA,NA,NA,NA,NA,NA,NA,NA,NA,NA,NA,NA,NA,NA,NA,NA,NA,NA,NA,NA,NA,1.47844
797,0.365833,31.54,NA,"2025-02-22_ZGTUV",4.05833175509321,NA,NA,NA,NA,NA,NA,NA,NA,NA,NA,NA,NA,NA,NA,NA,NA,NA,NA,NA,NA,NA,1.47844
798,0.36625,31.54,NA,"2025-02-22_ZGTUV",4.05833175509321,NA,NA,NA,NA,NA,NA,NA,NA,NA,NA,NA,NA,NA,NA,NA,NA,NA,NA,NA,NA,NA,1.47844
799,0.366667,31.54,NA,"2025-02-22_ZGTUV",4.05833175509321,NA,NA,NA,NA,NA,NA,NA,NA,NA,NA,NA,NA,NA,NA,NA,NA,NA,NA,NA,NA,NA,1.47844
800,0.367083,31.54,NA,"2025-02-22_ZGTUV",4.05833175509321,NA,NA,NA,NA,NA,NA,NA,NA,NA,NA,NA,NA,NA,NA,NA,NA,NA,NA,NA,NA,NA,1.47844
801,0.3675,31.54,NA,"2025-02-22_ZGTUV",4.05833175509321,NA,NA,NA,NA,NA,NA,NA,NA,NA,NA,NA,NA,NA,NA,NA,NA,NA,NA,NA,NA,NA,1.47844
802,0.367917,31.54,NA,"2025-02-22_ZGTUV",4.05833175509321,NA,NA,NA,NA,NA,NA,NA,NA,NA,NA,NA,NA,NA,NA,NA,NA,NA,NA,NA,NA,NA,1.47844
803,0.368333,31.54,NA,"2025-02-22_ZGTUV",4.05833175509321,NA,NA,NA,NA,NA,NA,NA,NA,NA,NA,NA,NA,NA,NA,NA,NA,NA,NA,NA,NA,NA,1.47844
804,0.36875,31.54,NA,"2025-02-22_ZGTUV",4.05833175509321,NA,NA,NA,NA,NA,NA,NA,NA,NA,NA,NA,NA,NA,NA,NA,NA,NA,NA,NA,NA,NA,1.47844
805,0.369167,31.54,NA,"2025-02-22_ZGTUV",4.05833175509321,NA,NA,NA,NA,NA,NA,NA,NA,NA,NA,NA,NA,NA,NA,NA,NA,NA,NA,NA,NA,NA,1.47844
806,0.369583,31.54,NA,"2025-02-22_ZGTUV",4.05833175509321,NA,NA,NA,NA,NA,NA,NA,NA,NA,NA,NA,NA,NA,NA,NA,NA,NA,NA,NA,NA,NA,1.47844
807,0.37,31.54,NA,"2025-02-22_ZGTUV",4.05833175509321,NA,NA,NA,NA,NA,NA,NA,NA,NA,NA,NA,NA,NA,NA,NA,NA,NA,NA,NA,NA,NA,1.47844
808,0.370417,31.54,NA,"2025-02-22_ZGTUV",4.05833175509321,NA,NA,NA,NA,NA,NA,NA,NA,NA,NA,NA,NA,NA,NA,NA,NA,NA,NA,NA,NA,NA,1.47844
809,0.370833,31.54,NA,"2025-02-22_ZGTUV",4.05833175509321,NA,NA,NA,NA,NA,NA,NA,NA,NA,NA,NA,NA,NA,NA,NA,NA,NA,NA,NA,NA,NA,1.47844
810,0.37125,31.54,NA,"2025-02-22_ZGTUV",4.05833175509321,NA,NA,NA,NA,NA,NA,NA,NA,NA,NA,NA,NA,NA,NA,NA,NA,NA,NA,NA,NA,NA,1.47844
811,0.371667,31.54,NA,"2025-02-22_ZGTUV",4.05833175509321,NA,NA,NA,NA,NA,NA,NA,NA,NA,NA,NA,NA,NA,NA,NA,NA,NA,NA,NA,NA,NA,1.47844
812,0.372083,31.54,NA,"2025-02-22_ZGTUV",4.05833175509321,NA,NA,NA,NA,NA,NA,NA,NA,NA,NA,NA,NA,NA,NA,NA,NA,NA,NA,NA,NA,NA,1.47844
813,0.3725,31.54,NA,"2025-02-22_ZGTUV",4.05833175509321,NA,NA,NA,NA,NA,NA,NA,NA,NA,NA,NA,NA,NA,NA,NA,NA,NA,NA,NA,NA,NA,1.47844
814,0.372917,31.54,NA,"2025-02-22_ZGTUV",4.05833175509321,NA,NA,NA,NA,NA,NA,NA,NA,NA,NA,NA,NA,NA,NA,NA,NA,NA,NA,NA,NA,NA,1.47844
815,0.373333,31.54,NA,"2025-02-22_ZGTUV",4.05833175509321,NA,NA,NA,NA,NA,NA,NA,NA,NA,NA,NA,NA,NA,NA,NA,NA,NA,NA,NA,NA,25,1.47844
816,0.37375,31.54,NA,"2025-02-22_ZGTUV",4.05833175509321,NA,NA,NA,NA,NA,NA,NA,NA,NA,NA,NA,NA,NA,NA,NA,NA,NA,NA,NA,NA,NA,1.47844
817,0.374167,31.54,NA,"2025-02-22_ZGTUV",4.05833175509321,NA,NA,NA,NA,NA,NA,NA,NA,NA,NA,NA,NA,NA,NA,NA,NA,NA,NA,NA,NA,NA,1.47844
818,0.374583,31.54,NA,"2025-02-22_ZGTUV",4.05833175509321,NA,NA,NA,NA,NA,NA,NA,NA,NA,NA,NA,NA,NA,NA,NA,NA,NA,NA,NA,NA,NA,1.47844
819,0.375,31.54,NA,"2025-02-22_ZGTUV",4.05833175509321,NA,NA,NA,NA,NA,NA,NA,NA,NA,NA,NA,NA,NA,NA,NA,NA,NA,NA,NA,NA,NA,1.47844
820,0.375,32.2078,NA,"2025-02-22_ZGTUV",3.85000385000385,NA,NA,NA,NA,NA,NA,NA,NA,NA,NA,NA,NA,NA,NA,NA,NA,NA,NA,NA,NA,NA,1.55844
821,0.375439,32.2078,NA,"2025-02-22_ZGTUV",3.85000385000385,NA,NA,NA,NA,NA,NA,NA,NA,NA,NA,NA,NA,NA,NA,NA,NA,NA,NA,NA,NA,NA,1.55844
822,0.375877,32.2078,NA,"2025-02-22_ZGTUV",3.85000385000385,NA,NA,NA,NA,NA,NA,NA,NA,NA,NA,NA,NA,NA,NA,NA,NA,NA,NA,NA,NA,NA,1.55844
823,0.376316,32.2078,NA,"2025-02-22_ZGTUV",3.85000385000385,NA,NA,NA,NA,NA,NA,NA,NA,NA,NA,NA,NA,NA,NA,NA,NA,NA,NA,NA,NA,NA,1.55844
824,0.376754,32.2078,NA,"2025-02-22_ZGTUV",3.85000385000385,NA,NA,NA,NA,NA,NA,NA,NA,NA,NA,NA,NA,NA,NA,NA,NA,NA,NA,NA,NA,NA,1.55844
825,0.377193,32.2078,NA,"2025-02-22_ZGTUV",3.85000385000385,NA,NA,NA,NA,NA,NA,NA,NA,NA,NA,NA,NA,NA,NA,NA,NA,NA,NA,NA,NA,NA,1.55844
826,0.377632,32.2078,NA,"2025-02-22_ZGTUV",3.85000385000385,NA,NA,NA,NA,NA,NA,NA,NA,NA,NA,NA,NA,NA,NA,NA,NA,NA,NA,NA,NA,NA,1.55844
827,0.37807,32.2078,NA,"2025-02-22_ZGTUV",3.85000385000385,NA,NA,NA,NA,NA,NA,NA,NA,NA,NA,NA,NA,NA,NA,NA,NA,NA,NA,NA,NA,NA,1.55844
828,0.378509,32.2078,NA,"2025-02-22_ZGTUV",3.85000385000385,NA,NA,NA,NA,NA,NA,NA,NA,NA,NA,NA,NA,NA,NA,NA,NA,NA,NA,NA,NA,NA,1.55844
829,0.378947,32.2078,NA,"2025-02-22_ZGTUV",3.85000385000385,NA,NA,NA,NA,NA,NA,NA,NA,NA,NA,NA,NA,NA,NA,NA,NA,NA,NA,NA,NA,NA,1.55844
830,0.379386,32.2078,NA,"2025-02-22_ZGTUV",3.85000385000385,NA,NA,NA,NA,NA,NA,NA,NA,NA,NA,NA,NA,NA,NA,NA,NA,NA,NA,NA,NA,NA,1.55844
831,0.379825,32.2078,NA,"2025-02-22_ZGTUV",3.85000385000385,NA,NA,NA,NA,NA,NA,NA,NA,NA,NA,NA,NA,NA,NA,NA,NA,NA,NA,NA,NA,NA,1.55844
832,0.380263,32.2078,NA,"2025-02-22_ZGTUV",3.85000385000385,NA,NA,NA,NA,NA,NA,NA,NA,NA,NA,NA,NA,NA,NA,NA,NA,NA,NA,NA,NA,NA,1.55844
833,0.380702,32.2078,NA,"2025-02-22_ZGTUV",3.85000385000385,NA,NA,NA,NA,NA,NA,NA,NA,NA,NA,NA,NA,NA,NA,NA,NA,NA,NA,NA,NA,NA,1.55844
834,0.38114,32.2078,NA,"2025-02-22_ZGTUV",3.85000385000385,NA,NA,NA,NA,NA,NA,NA,NA,NA,NA,NA,NA,NA,NA,NA,NA,NA,NA,NA,NA,NA,1.55844
835,0.381579,32.2078,NA,"2025-02-22_ZGTUV",3.85000385000385,NA,NA,NA,NA,NA,NA,NA,NA,NA,NA,NA,NA,NA,NA,NA,NA,NA,NA,NA,NA,NA,1.55844
836,0.382018,32.2078,NA,"2025-02-22_ZGTUV",3.85000385000385,NA,NA,NA,NA,NA,NA,NA,NA,NA,NA,NA,NA,NA,NA,NA,NA,NA,NA,NA,NA,NA,1.55844
837,0.382456,32.2078,NA,"2025-02-22_ZGTUV",3.85000385000385,NA,NA,NA,NA,NA,NA,NA,NA,NA,NA,NA,NA,NA,NA,NA,NA,NA,NA,NA,NA,NA,1.55844
838,0.382895,32.2078,NA,"2025-02-22_ZGTUV",3.85000385000385,NA,NA,NA,NA,NA,NA,NA,NA,NA,NA,NA,NA,NA,NA,NA,NA,NA,NA,NA,NA,NA,1.55844
839,0.383333,32.2078,NA,"2025-02-22_ZGTUV",3.85000385000385,NA,NA,NA,NA,NA,NA,NA,NA,NA,NA,NA,NA,NA,NA,NA,NA,NA,NA,NA,NA,NA,1.55844
840,0.383772,32.2078,NA,"2025-02-22_ZGTUV",3.85000385000385,NA,NA,NA,NA,NA,NA,NA,NA,NA,NA,NA,NA,NA,NA,NA,NA,NA,NA,NA,NA,NA,1.55844
841,0.384211,32.2078,NA,"2025-02-22_ZGTUV",3.85000385000385,NA,NA,NA,NA,NA,NA,NA,NA,NA,NA,NA,NA,NA,NA,NA,NA,NA,NA,NA,NA,NA,1.55844
842,0.384649,32.2078,NA,"2025-02-22_ZGTUV",3.85000385000385,NA,NA,NA,NA,NA,NA,NA,NA,NA,NA,NA,NA,NA,NA,NA,NA,NA,NA,NA,NA,NA,1.55844
843,0.385088,32.2078,NA,"2025-02-22_ZGTUV",3.85000385000385,NA,NA,NA,NA,NA,NA,NA,NA,NA,NA,NA,NA,NA,NA,NA,NA,NA,NA,NA,NA,NA,1.55844
844,0.385526,32.2078,NA,"2025-02-22_ZGTUV",3.85000385000385,NA,NA,NA,NA,NA,NA,NA,NA,NA,NA,NA,NA,NA,NA,NA,NA,NA,NA,NA,NA,NA,1.55844
845,0.385965,32.2078,NA,"2025-02-22_ZGTUV",3.85000385000385,NA,NA,NA,NA,NA,NA,NA,NA,NA,NA,NA,NA,NA,NA,NA,NA,NA,NA,NA,NA,NA,1.55844
846,0.386404,32.2078,NA,"2025-02-22_ZGTUV",3.85000385000385,NA,NA,NA,NA,NA,NA,NA,NA,NA,NA,NA,NA,NA,NA,NA,NA,NA,NA,NA,NA,NA,1.55844
847,0.386842,32.2078,NA,"2025-02-22_ZGTUV",3.85000385000385,NA,NA,NA,NA,NA,NA,NA,NA,NA,NA,NA,NA,NA,NA,NA,NA,NA,NA,NA,NA,NA,1.55844
848,0.387281,32.2078,NA,"2025-02-22_ZGTUV",3.85000385000385,NA,NA,NA,NA,NA,NA,NA,NA,NA,NA,NA,NA,NA,NA,NA,NA,NA,NA,NA,NA,NA,1.55844
849,0.387719,32.2078,NA,"2025-02-22_ZGTUV",3.85000385000385,NA,NA,NA,NA,NA,NA,NA,NA,NA,NA,NA,NA,NA,NA,NA,NA,NA,NA,NA,NA,NA,1.55844
850,0.388158,32.2078,NA,"2025-02-22_ZGTUV",3.85000385000385,NA,NA,NA,NA,NA,NA,NA,NA,NA,NA,NA,NA,NA,NA,NA,NA,NA,NA,NA,NA,NA,1.55844
851,0.388596,32.2078,NA,"2025-02-22_ZGTUV",3.85000385000385,NA,NA,NA,NA,NA,NA,NA,NA,NA,NA,NA,NA,NA,NA,NA,NA,NA,NA,NA,NA,NA,1.55844
852,0.389035,32.2078,NA,"2025-02-22_ZGTUV",3.85000385000385,NA,NA,NA,NA,NA,NA,NA,NA,NA,NA,NA,NA,NA,NA,NA,NA,NA,NA,NA,NA,NA,1.55844
853,0.389474,32.2078,NA,"2025-02-22_ZGTUV",3.85000385000385,NA,NA,NA,NA,NA,NA,NA,NA,NA,NA,NA,NA,NA,NA,NA,NA,NA,NA,NA,NA,NA,1.55844
854,0.389912,32.2078,NA,"2025-02-22_ZGTUV",3.85000385000385,NA,NA,NA,NA,NA,NA,NA,NA,NA,NA,NA,NA,NA,NA,NA,NA,NA,NA,NA,NA,NA,1.55844
855,0.390351,32.2078,NA,"2025-02-22_ZGTUV",3.85000385000385,NA,NA,NA,NA,NA,NA,NA,NA,NA,NA,NA,NA,NA,NA,NA,NA,NA,NA,NA,NA,NA,1.55844
856,0.390789,32.2078,NA,"2025-02-22_ZGTUV",3.85000385000385,NA,NA,NA,NA,NA,NA,NA,NA,NA,NA,NA,NA,NA,NA,NA,NA,NA,NA,NA,NA,NA,1.55844
857,0.391228,32.2078,NA,"2025-02-22_ZGTUV",3.85000385000385,NA,NA,NA,NA,NA,NA,NA,NA,NA,NA,NA,NA,NA,NA,NA,NA,NA,NA,NA,NA,NA,1.55844
858,0.391667,32.2078,NA,"2025-02-22_ZGTUV",3.85000385000385,NA,NA,NA,NA,NA,NA,NA,NA,NA,NA,NA,NA,NA,NA,NA,NA,NA,NA,NA,NA,NA,1.55844
859,0.392105,32.2078,NA,"2025-02-22_ZGTUV",3.85000385000385,NA,NA,NA,NA,NA,NA,NA,NA,NA,NA,NA,NA,NA,NA,NA,NA,NA,NA,NA,NA,NA,1.55844
860,0.392544,32.2078,NA,"2025-02-22_ZGTUV",3.85000385000385,NA,NA,NA,NA,NA,NA,NA,NA,NA,NA,NA,NA,NA,NA,NA,NA,NA,NA,NA,NA,NA,1.55844
861,0.392982,32.2078,NA,"2025-02-22_ZGTUV",3.85000385000385,NA,NA,NA,NA,NA,NA,NA,NA,NA,NA,NA,NA,NA,NA,NA,NA,NA,NA,NA,NA,NA,1.55844
862,0.393421,32.2078,NA,"2025-02-22_ZGTUV",3.85000385000385,NA,NA,NA,NA,NA,NA,NA,NA,NA,NA,NA,NA,NA,NA,NA,NA,NA,NA,NA,NA,NA,1.55844
863,0.39386,32.2078,NA,"2025-02-22_ZGTUV",3.85000385000385,NA,NA,NA,NA,NA,NA,NA,NA,NA,NA,NA,NA,NA,NA,NA,NA,NA,NA,NA,NA,NA,1.55844
864,0.394298,32.2078,NA,"2025-02-22_ZGTUV",3.85000385000385,NA,NA,NA,NA,NA,NA,NA,NA,NA,NA,NA,NA,NA,NA,NA,NA,NA,NA,NA,NA,NA,1.55844
865,0.394737,32.2078,NA,"2025-02-22_ZGTUV",3.85000385000385,NA,NA,NA,NA,NA,NA,NA,NA,NA,NA,NA,NA,NA,NA,NA,NA,NA,NA,NA,NA,NA,1.55844
866,0.395175,32.2078,NA,"2025-02-22_ZGTUV",3.85000385000385,NA,NA,NA,NA,NA,NA,NA,NA,NA,NA,NA,NA,NA,NA,NA,NA,NA,NA,NA,NA,NA,1.55844
867,0.395614,32.2078,NA,"2025-02-22_ZGTUV",3.85000385000385,NA,NA,NA,NA,NA,NA,NA,NA,NA,NA,NA,NA,NA,NA,NA,NA,NA,NA,NA,NA,NA,1.55844
868,0.396053,32.2078,NA,"2025-02-22_ZGTUV",3.85000385000385,NA,NA,NA,NA,NA,NA,NA,NA,NA,NA,NA,NA,NA,NA,NA,NA,NA,NA,NA,NA,NA,1.55844
869,0.396491,32.2078,NA,"2025-02-22_ZGTUV",3.85000385000385,NA,NA,NA,NA,NA,NA,NA,NA,NA,NA,NA,NA,NA,NA,NA,NA,NA,NA,NA,NA,NA,1.55844
870,0.39693,32.2078,NA,"2025-02-22_ZGTUV",3.85000385000385,NA,NA,NA,NA,NA,NA,NA,NA,NA,NA,NA,NA,NA,NA,NA,NA,NA,NA,NA,NA,NA,1.55844
871,0.397368,32.2078,NA,"2025-02-22_ZGTUV",3.85000385000385,NA,NA,NA,NA,NA,NA,NA,NA,NA,NA,NA,NA,NA,NA,NA,NA,NA,NA,NA,NA,NA,1.55844
872,0.397807,32.2078,NA,"2025-02-22_ZGTUV",3.85000385000385,NA,NA,NA,NA,NA,NA,NA,NA,NA,NA,NA,NA,NA,NA,NA,NA,NA,NA,NA,NA,NA,1.55844
873,0.398246,32.2078,NA,"2025-02-22_ZGTUV",3.85000385000385,NA,NA,NA,NA,NA,NA,NA,NA,NA,NA,NA,NA,NA,NA,NA,NA,NA,NA,NA,NA,NA,1.55844
874,0.398684,32.2078,NA,"2025-02-22_ZGTUV",3.85000385000385,NA,NA,NA,NA,NA,NA,NA,NA,NA,NA,NA,NA,NA,NA,NA,NA,NA,NA,NA,NA,NA,1.55844
875,0.399123,32.2078,NA,"2025-02-22_ZGTUV",3.85000385000385,NA,NA,NA,NA,NA,NA,NA,NA,NA,NA,NA,NA,NA,NA,NA,NA,NA,NA,NA,NA,NA,1.55844
876,0.399561,32.2078,NA,"2025-02-22_ZGTUV",3.85000385000385,NA,NA,NA,NA,NA,NA,NA,NA,NA,NA,NA,NA,NA,NA,NA,NA,NA,NA,NA,NA,NA,1.55844
877,0.4,32.2078,NA,"2025-02-22_ZGTUV",3.85000385000385,NA,NA,NA,NA,NA,NA,NA,NA,NA,NA,NA,NA,NA,NA,NA,NA,NA,NA,NA,NA,NA,1.55844
878,0.4,24.7579,NA,"2025-02-22_ZGTUV",3.06972889177671,NA,NA,NA,NA,NA,NA,NA,NA,NA,NA,NA,NA,NA,NA,NA,NA,NA,NA,NA,NA,NA,1.95457
879,0.400556,24.7579,NA,"2025-02-22_ZGTUV",3.06972889177671,NA,NA,NA,NA,NA,NA,NA,NA,NA,NA,NA,NA,NA,NA,NA,NA,NA,NA,NA,NA,NA,1.95457
880,0.401111,24.7579,NA,"2025-02-22_ZGTUV",3.06972889177671,NA,NA,NA,NA,NA,NA,NA,NA,NA,NA,NA,NA,NA,NA,NA,NA,NA,NA,NA,NA,NA,1.95457
881,0.401667,24.7579,NA,"2025-02-22_ZGTUV",3.06972889177671,NA,NA,NA,NA,NA,NA,NA,NA,NA,NA,NA,NA,NA,NA,NA,NA,NA,NA,NA,NA,NA,1.95457
882,0.402222,24.7579,NA,"2025-02-22_ZGTUV",3.06972889177671,NA,NA,NA,NA,NA,NA,NA,NA,NA,NA,NA,NA,NA,NA,NA,NA,NA,NA,NA,NA,NA,1.95457
883,0.402778,24.7579,NA,"2025-02-22_ZGTUV",3.06972889177671,NA,NA,NA,NA,NA,NA,NA,NA,NA,NA,NA,NA,NA,NA,NA,NA,NA,NA,NA,NA,NA,1.95457
884,0.403333,24.7579,NA,"2025-02-22_ZGTUV",3.06972889177671,NA,NA,NA,NA,NA,NA,NA,NA,NA,NA,NA,NA,NA,NA,NA,NA,NA,NA,NA,NA,NA,1.95457
885,0.403889,24.7579,NA,"2025-02-22_ZGTUV",3.06972889177671,NA,NA,NA,NA,NA,NA,NA,NA,NA,NA,NA,NA,NA,NA,NA,NA,NA,NA,NA,NA,NA,1.95457
886,0.404444,24.7579,NA,"2025-02-22_ZGTUV",3.06972889177671,NA,NA,NA,NA,NA,NA,NA,NA,NA,NA,NA,NA,NA,NA,NA,NA,NA,NA,NA,NA,NA,1.95457
887,0.405,24.7579,NA,"2025-02-22_ZGTUV",3.06972889177671,NA,NA,NA,NA,NA,NA,NA,NA,NA,NA,NA,NA,NA,NA,NA,NA,NA,NA,NA,NA,NA,1.95457
888,0.405556,24.7579,NA,"2025-02-22_ZGTUV",3.06972889177671,NA,NA,NA,NA,NA,NA,NA,NA,NA,NA,NA,NA,NA,NA,NA,NA,NA,NA,NA,NA,NA,1.95457
889,0.406111,24.7579,NA,"2025-02-22_ZGTUV",3.06972889177671,NA,NA,NA,NA,NA,NA,NA,NA,NA,NA,NA,NA,NA,NA,NA,NA,NA,NA,NA,NA,NA,1.95457
890,0.406667,24.7579,NA,"2025-02-22_ZGTUV",3.06972889177671,NA,NA,NA,NA,NA,NA,NA,NA,NA,NA,NA,NA,NA,NA,NA,NA,NA,NA,NA,NA,NA,1.95457
891,0.407222,24.7579,NA,"2025-02-22_ZGTUV",3.06972889177671,NA,NA,NA,NA,NA,NA,NA,NA,NA,NA,NA,NA,NA,NA,NA,NA,NA,NA,NA,NA,NA,1.95457
892,0.407778,24.7579,NA,"2025-02-22_ZGTUV",3.06972889177671,NA,NA,NA,NA,NA,NA,NA,NA,NA,NA,NA,NA,NA,NA,NA,NA,NA,NA,NA,NA,NA,1.95457
893,0.408333,24.7579,NA,"2025-02-22_ZGTUV",3.06972889177671,NA,NA,NA,NA,NA,NA,NA,NA,NA,NA,NA,NA,NA,NA,NA,NA,NA,NA,NA,NA,NA,1.95457
894,0.408889,24.7579,NA,"2025-02-22_ZGTUV",3.06972889177671,NA,NA,NA,NA,NA,NA,NA,NA,NA,NA,NA,NA,NA,NA,NA,NA,NA,NA,NA,NA,NA,1.95457
895,0.409444,24.7579,NA,"2025-02-22_ZGTUV",3.06972889177671,NA,NA,NA,NA,NA,NA,NA,NA,NA,NA,NA,NA,NA,NA,NA,NA,NA,NA,NA,NA,NA,1.95457
896,0.41,24.7579,NA,"2025-02-22_ZGTUV",3.06972889177671,NA,NA,NA,NA,NA,NA,NA,NA,NA,NA,NA,NA,NA,NA,NA,NA,NA,NA,NA,NA,NA,1.95457
897,0.410556,24.7579,NA,"2025-02-22_ZGTUV",3.06972889177671,NA,NA,NA,NA,NA,NA,NA,NA,NA,NA,NA,NA,NA,NA,NA,NA,NA,NA,NA,NA,NA,1.95457
898,0.411111,24.7579,NA,"2025-02-22_ZGTUV",3.06972889177671,NA,NA,NA,NA,NA,NA,NA,NA,NA,NA,NA,NA,NA,NA,NA,NA,NA,NA,NA,NA,NA,1.95457
899,0.411667,24.7579,NA,"2025-02-22_ZGTUV",3.06972889177671,NA,NA,NA,NA,NA,NA,NA,NA,NA,NA,NA,NA,NA,NA,NA,NA,NA,NA,NA,NA,NA,1.95457
900,0.412222,24.7579,NA,"2025-02-22_ZGTUV",3.06972889177671,NA,NA,NA,NA,NA,NA,NA,NA,NA,NA,NA,NA,NA,NA,NA,NA,NA,NA,NA,NA,NA,1.95457
901,0.412778,24.7579,NA,"2025-02-22_ZGTUV",3.06972889177671,NA,NA,NA,NA,NA,NA,NA,NA,NA,NA,NA,NA,NA,NA,NA,NA,NA,NA,NA,NA,NA,1.95457
902,0.413333,24.7579,NA,"2025-02-22_ZGTUV",3.06972889177671,NA,NA,NA,NA,NA,NA,NA,NA,NA,NA,NA,NA,NA,NA,NA,NA,NA,NA,NA,NA,NA,1.95457
903,0.413889,24.7579,NA,"2025-02-22_ZGTUV",3.06972889177671,NA,NA,NA,NA,NA,NA,NA,NA,NA,NA,NA,NA,NA,NA,NA,NA,NA,NA,NA,NA,NA,1.95457
904,0.414444,24.7579,NA,"2025-02-22_ZGTUV",3.06972889177671,NA,NA,NA,NA,NA,NA,NA,NA,NA,NA,NA,NA,NA,NA,NA,NA,NA,NA,NA,NA,NA,1.95457
905,0.415,24.7579,NA,"2025-02-22_ZGTUV",3.06972889177671,NA,NA,NA,NA,NA,NA,NA,NA,NA,NA,NA,NA,NA,NA,NA,NA,NA,NA,NA,NA,NA,1.95457
906,0.415556,24.7579,NA,"2025-02-22_ZGTUV",3.06972889177671,NA,NA,NA,NA,NA,NA,NA,NA,NA,NA,NA,NA,NA,NA,NA,NA,NA,NA,NA,NA,NA,1.95457
907,0.416111,24.7579,NA,"2025-02-22_ZGTUV",3.06972889177671,NA,NA,NA,NA,NA,NA,NA,NA,NA,NA,NA,NA,NA,NA,NA,NA,NA,NA,NA,NA,NA,1.95457
908,0.416667,24.7579,NA,"2025-02-22_ZGTUV",3.06972889177671,NA,NA,NA,NA,NA,NA,NA,NA,NA,NA,NA,NA,NA,NA,NA,NA,NA,NA,NA,NA,NA,1.95457
909,0.417222,24.7579,NA,"2025-02-22_ZGTUV",3.06972889177671,NA,NA,NA,NA,NA,NA,NA,NA,NA,NA,NA,NA,NA,NA,NA,NA,NA,NA,NA,NA,NA,1.95457
910,0.417778,24.7579,NA,"2025-02-22_ZGTUV",3.06972889177671,NA,NA,NA,NA,NA,NA,NA,NA,NA,NA,NA,NA,NA,NA,NA,NA,NA,NA,NA,NA,NA,1.95457
911,0.418333,24.7579,NA,"2025-02-22_ZGTUV",3.06972889177671,NA,NA,NA,NA,NA,NA,NA,NA,NA,NA,NA,NA,NA,NA,NA,NA,NA,NA,NA,NA,NA,1.95457
912,0.418889,24.7579,NA,"2025-02-22_ZGTUV",3.06972889177671,NA,NA,NA,NA,NA,NA,NA,NA,NA,NA,NA,NA,NA,NA,NA,NA,NA,NA,NA,NA,NA,1.95457
913,0.419444,24.7579,NA,"2025-02-22_ZGTUV",3.06972889177671,NA,NA,NA,NA,NA,NA,NA,NA,NA,NA,NA,NA,NA,NA,NA,NA,NA,NA,NA,NA,NA,1.95457
914,0.42,24.7579,NA,"2025-02-22_ZGTUV",3.06972889177671,NA,NA,NA,NA,NA,NA,NA,NA,NA,NA,NA,NA,NA,NA,NA,NA,NA,NA,NA,NA,NA,1.95457
915,0.420556,24.7579,NA,"2025-02-22_ZGTUV",3.06972889177671,NA,NA,NA,NA,NA,NA,NA,NA,NA,NA,NA,NA,NA,NA,NA,NA,NA,NA,NA,NA,NA,1.95457
916,0.421111,24.7579,NA,"2025-02-22_ZGTUV",3.06972889177671,NA,NA,NA,NA,NA,NA,NA,NA,NA,NA,NA,NA,NA,NA,NA,NA,NA,NA,NA,NA,NA,1.95457
917,0.421667,24.7579,NA,"2025-02-22_ZGTUV",3.06972889177671,NA,NA,NA,NA,NA,NA,NA,NA,NA,NA,NA,NA,NA,NA,NA,NA,NA,NA,NA,NA,NA,1.95457
918,0.422222,24.7579,NA,"2025-02-22_ZGTUV",3.06972889177671,NA,NA,NA,NA,NA,NA,NA,NA,NA,NA,NA,NA,NA,NA,NA,NA,NA,NA,NA,NA,NA,1.95457
919,0.422778,24.7579,NA,"2025-02-22_ZGTUV",3.06972889177671,NA,NA,NA,NA,NA,NA,NA,NA,NA,NA,NA,NA,NA,NA,NA,NA,NA,NA,NA,NA,NA,1.95457
920,0.423333,24.7579,NA,"2025-02-22_ZGTUV",3.06972889177671,NA,NA,NA,NA,NA,NA,NA,NA,NA,NA,NA,NA,NA,NA,NA,NA,NA,NA,NA,NA,NA,1.95457
921,0.423889,24.7579,NA,"2025-02-22_ZGTUV",3.06972889177671,NA,NA,NA,NA,NA,NA,NA,NA,NA,NA,NA,NA,NA,NA,NA,NA,NA,NA,NA,NA,NA,1.95457
922,0.424444,24.7579,NA,"2025-02-22_ZGTUV",3.06972889177671,NA,NA,NA,NA,NA,NA,NA,NA,NA,NA,NA,NA,NA,NA,NA,NA,NA,NA,NA,NA,NA,1.95457
923,0.425,24.7579,NA,"2025-02-22_ZGTUV",3.06972889177671,NA,NA,NA,NA,NA,NA,NA,NA,NA,NA,NA,NA,NA,NA,NA,NA,NA,NA,NA,NA,NA,1.95457
0,NA,NA,123,"2025-02-22_KVPRG",NA,NA,NA,NA,NA,NA,NA,NA,NA,NA,NA,NA,NA,NA,NA,-8.6,NA,NA,NA,NA,NA,28,NA
1,NA,NA,123.75,"2025-02-22_KVPRG",NA,NA,NA,NA,NA,NA,NA,NA,NA,NA,NA,NA,NA,NA,NA,-8.6,NA,NA,NA,NA,NA,28,NA
2,NA,NA,124.5,"2025-02-22_KVPRG",NA,NA,NA,NA,NA,NA,NA,NA,NA,NA,NA,NA,NA,NA,NA,-8.6,NA,NA,NA,NA,NA,28,NA
3,NA,NA,125.25,"2025-02-22_KVPRG",NA,NA,NA,NA,NA,NA,NA,NA,NA,NA,NA,NA,NA,NA,NA,-8.6,NA,NA,NA,NA,NA,28,NA
4,NA,NA,126,"2025-02-22_KVPRG",NA,NA,NA,NA,NA,NA,NA,NA,NA,NA,NA,NA,NA,NA,NA,-8.6,NA,NA,NA,NA,NA,28,NA
5,NA,NA,128,"2025-02-22_KVPRG",NA,NA,NA,NA,NA,NA,NA,NA,NA,NA,NA,NA,NA,NA,NA,-8.6,NA,NA,NA,NA,NA,28,NA
6,NA,NA,130,"2025-02-22_KVPRG",NA,NA,NA,NA,NA,NA,NA,NA,NA,NA,NA,NA,NA,NA,NA,-8.6,NA,NA,NA,NA,NA,28,NA
7,NA,NA,127,"2025-02-22_KVPRG",NA,NA,NA,NA,NA,NA,NA,NA,NA,NA,NA,NA,NA,NA,NA,-8.6,NA,NA,NA,NA,NA,28,NA
8,NA,NA,124,"2025-02-22_KVPRG",NA,NA,NA,NA,NA,NA,NA,NA,NA,NA,NA,NA,NA,NA,NA,-8.6,NA,NA,NA,NA,NA,28,NA
9,NA,NA,121,"2025-02-22_KVPRG",NA,NA,NA,NA,NA,NA,NA,NA,NA,NA,NA,NA,NA,NA,NA,-8.6,NA,NA,NA,NA,NA,28,NA
10,NA,NA,118,"2025-02-22_KVPRG",NA,NA,NA,NA,NA,NA,NA,NA,NA,NA,NA,NA,NA,NA,NA,-8.6,NA,NA,NA,NA,NA,28,NA
11,NA,NA,118,"2025-02-22_KVPRG",NA,NA,NA,NA,NA,NA,NA,NA,NA,NA,NA,NA,NA,NA,NA,-8.6,NA,NA,NA,NA,NA,28,NA
12,NA,NA,115,"2025-02-22_KVPRG",NA,NA,NA,NA,NA,NA,NA,NA,NA,NA,NA,NA,NA,NA,NA,-8.6,NA,NA,NA,NA,NA,28,NA
13,NA,NA,115.75,"2025-02-22_KVPRG",NA,NA,NA,NA,NA,NA,NA,NA,NA,NA,NA,NA,NA,NA,NA,-8.6,NA,NA,NA,NA,NA,28,NA
14,NA,NA,116.5,"2025-02-22_KVPRG",NA,NA,NA,NA,NA,NA,NA,NA,NA,NA,NA,NA,NA,NA,NA,-8.6,NA,NA,NA,NA,NA,28,NA
15,NA,NA,117.25,"2025-02-22_KVPRG",NA,NA,NA,NA,NA,NA,NA,NA,NA,NA,NA,NA,NA,NA,NA,-8.6,NA,NA,NA,NA,NA,28,NA
16,NA,NA,118,"2025-02-22_KVPRG",NA,NA,NA,NA,NA,NA,NA,NA,NA,NA,NA,NA,NA,NA,NA,-8.6,NA,NA,NA,NA,NA,28,NA
17,NA,NA,118.8,"2025-02-22_KVPRG",NA,NA,NA,NA,NA,NA,NA,NA,NA,NA,NA,NA,NA,NA,NA,-8.6,NA,NA,NA,NA,NA,28,NA
18,NA,NA,119.6,"2025-02-22_KVPRG",NA,NA,NA,NA,NA,NA,NA,NA,NA,NA,NA,NA,NA,NA,NA,-8.6,NA,NA,NA,NA,NA,28,NA
19,NA,NA,120.4,"2025-02-22_KVPRG",NA,NA,NA,NA,NA,NA,NA,NA,NA,NA,NA,NA,NA,NA,NA,-8.6,NA,NA,NA,NA,NA,28,NA
20,NA,NA,121.2,"2025-02-22_KVPRG",NA,NA,NA,NA,NA,NA,NA,NA,NA,NA,NA,NA,NA,NA,NA,-8.6,NA,NA,NA,NA,NA,28,NA
21,NA,NA,122,"2025-02-22_KVPRG",NA,NA,NA,NA,NA,NA,NA,NA,NA,NA,NA,NA,NA,NA,NA,-8.6,NA,NA,NA,NA,NA,28,NA
22,NA,NA,123.75,"2025-02-22_KVPRG",NA,NA,NA,NA,NA,NA,NA,NA,NA,NA,NA,NA,NA,NA,NA,-8.6,NA,NA,NA,NA,NA,28,NA
23,NA,NA,125.5,"2025-02-22_KVPRG",NA,NA,NA,NA,NA,NA,NA,NA,NA,NA,NA,NA,NA,NA,NA,-8.6,NA,NA,NA,NA,NA,28,NA
24,NA,NA,127.25,"2025-02-22_KVPRG",NA,NA,NA,NA,NA,NA,NA,NA,NA,NA,NA,NA,NA,NA,NA,-8.6,NA,NA,NA,NA,NA,28,NA
25,NA,NA,129,"2025-02-22_KVPRG",NA,NA,NA,NA,NA,NA,NA,NA,NA,NA,NA,NA,NA,NA,NA,-8.6,NA,NA,NA,NA,NA,28,NA
26,NA,NA,133,"2025-02-22_KVPRG",NA,NA,NA,NA,NA,NA,NA,NA,NA,NA,NA,NA,NA,NA,NA,-8.6,NA,NA,NA,NA,NA,28,NA
27,NA,NA,139,"2025-02-22_KVPRG",NA,NA,NA,NA,NA,NA,NA,NA,NA,NA,NA,NA,NA,NA,NA,-8.6,NA,NA,NA,NA,NA,28,NA
28,NA,NA,146,"2025-02-22_KVPRG",NA,NA,NA,NA,NA,NA,NA,NA,NA,NA,NA,NA,NA,NA,NA,-8.6,NA,NA,NA,NA,NA,28,NA
29,NA,NA,150,"2025-02-22_KVPRG",NA,NA,NA,NA,NA,NA,NA,NA,NA,NA,NA,NA,NA,NA,NA,-8.6,NA,NA,NA,NA,NA,28,NA
30,NA,NA,156,"2025-02-22_KVPRG",NA,NA,NA,NA,NA,NA,NA,NA,NA,NA,NA,NA,NA,NA,NA,-8.6,NA,NA,NA,NA,NA,28,NA
31,NA,NA,156,"2025-02-22_KVPRG",NA,NA,NA,NA,NA,NA,NA,NA,NA,NA,NA,NA,NA,NA,NA,-8.6,NA,NA,NA,NA,NA,28,NA
32,NA,NA,155.4,"2025-02-22_KVPRG",NA,NA,NA,NA,NA,NA,NA,NA,NA,NA,NA,NA,NA,NA,NA,-8.6,NA,NA,NA,NA,NA,28,NA
33,NA,NA,154.8,"2025-02-22_KVPRG",NA,NA,NA,NA,NA,NA,NA,NA,NA,NA,NA,NA,NA,NA,NA,-8.6,NA,NA,NA,NA,NA,28,NA
34,NA,NA,154.2,"2025-02-22_KVPRG",NA,NA,NA,NA,NA,NA,NA,NA,NA,NA,NA,NA,NA,NA,NA,-8.6,NA,NA,NA,NA,NA,28,NA
35,NA,NA,153.6,"2025-02-22_KVPRG",NA,NA,NA,NA,NA,NA,NA,NA,NA,NA,NA,NA,NA,NA,NA,-8.6,NA,NA,NA,NA,NA,28,NA
36,NA,NA,153,"2025-02-22_KVPRG",NA,NA,NA,NA,NA,NA,NA,NA,NA,NA,NA,NA,NA,NA,NA,-8.6,NA,NA,NA,NA,NA,28,NA
37,NA,NA,152,"2025-02-22_KVPRG",NA,NA,NA,NA,NA,NA,NA,NA,NA,NA,NA,NA,NA,NA,NA,-8.6,NA,NA,NA,NA,NA,28,NA
38,NA,NA,151,"2025-02-22_KVPRG",NA,NA,NA,NA,NA,NA,NA,NA,NA,NA,NA,NA,NA,NA,NA,-8.6,NA,NA,NA,NA,NA,28,NA
39,NA,NA,150,"2025-02-22_KVPRG",NA,NA,NA,NA,NA,NA,NA,NA,NA,NA,NA,NA,NA,NA,NA,-8.6,NA,NA,NA,NA,NA,28,NA
40,NA,NA,149.833,"2025-02-22_KVPRG",NA,NA,NA,NA,NA,NA,NA,NA,NA,NA,NA,NA,NA,NA,NA,-8.6,NA,NA,NA,NA,NA,28,NA
41,NA,NA,149.667,"2025-02-22_KVPRG",NA,NA,NA,NA,NA,NA,NA,NA,NA,NA,NA,NA,NA,NA,NA,-8.6,NA,NA,NA,NA,NA,28,NA
42,NA,NA,149.5,"2025-02-22_KVPRG",NA,NA,NA,NA,NA,NA,NA,NA,NA,NA,NA,NA,NA,NA,NA,-8.6,NA,NA,NA,NA,NA,28,NA
43,NA,NA,149.333,"2025-02-22_KVPRG",NA,NA,NA,NA,NA,NA,NA,NA,NA,NA,NA,NA,NA,NA,NA,-8.6,NA,NA,NA,NA,NA,28,NA
44,NA,NA,149.167,"2025-02-22_KVPRG",NA,NA,NA,NA,NA,NA,NA,NA,NA,NA,NA,NA,NA,NA,NA,-8.6,NA,NA,NA,NA,NA,28,NA
45,NA,NA,149,"2025-02-22_KVPRG",NA,NA,NA,NA,NA,NA,NA,NA,NA,NA,NA,NA,NA,NA,NA,-8.6,NA,NA,NA,NA,NA,28,NA
46,NA,NA,148.667,"2025-02-22_KVPRG",NA,NA,NA,NA,NA,NA,NA,NA,NA,NA,NA,NA,NA,NA,NA,-8.6,NA,NA,NA,NA,NA,28,NA
47,NA,NA,148.333,"2025-02-22_KVPRG",NA,NA,NA,NA,NA,NA,NA,NA,NA,NA,NA,NA,NA,NA,NA,-8.6,NA,NA,NA,NA,NA,28,NA
48,NA,NA,148,"2025-02-22_KVPRG",NA,NA,NA,NA,NA,NA,NA,NA,NA,NA,NA,NA,NA,NA,NA,-8.6,NA,NA,NA,NA,NA,28,NA
49,NA,NA,147.667,"2025-02-22_KVPRG",NA,NA,NA,NA,NA,NA,NA,NA,NA,NA,NA,NA,NA,NA,NA,-8.6,NA,NA,NA,NA,NA,28,NA
50,NA,NA,147.333,"2025-02-22_KVPRG",NA,NA,NA,NA,NA,NA,NA,NA,NA,NA,NA,NA,NA,NA,NA,-8.6,NA,NA,NA,NA,NA,28,NA
51,NA,NA,147,"2025-02-22_KVPRG",NA,NA,NA,NA,NA,NA,NA,NA,NA,NA,NA,NA,NA,NA,NA,-8.6,NA,NA,NA,NA,NA,28,NA
52,NA,NA,147,"2025-02-22_KVPRG",NA,NA,NA,NA,NA,NA,NA,NA,NA,NA,NA,NA,NA,NA,NA,-8.6,NA,NA,NA,NA,NA,28,NA
53,NA,NA,147,"2025-02-22_KVPRG",NA,NA,NA,NA,NA,NA,NA,NA,NA,NA,NA,NA,NA,NA,NA,-8.6,NA,NA,NA,NA,NA,28,NA
54,NA,NA,147,"2025-02-22_KVPRG",NA,NA,NA,NA,NA,NA,NA,NA,NA,NA,NA,NA,NA,NA,NA,-8.6,NA,NA,NA,NA,NA,28,NA
55,NA,NA,147,"2025-02-22_KVPRG",NA,NA,NA,NA,NA,NA,NA,NA,NA,NA,NA,NA,NA,NA,NA,-8.6,NA,NA,NA,NA,NA,28,NA
56,NA,NA,147,"2025-02-22_KVPRG",NA,NA,NA,NA,NA,NA,NA,NA,NA,NA,NA,NA,NA,NA,NA,-8.6,NA,NA,NA,NA,NA,28,NA
57,NA,NA,147,"2025-02-22_KVPRG",NA,NA,NA,NA,NA,NA,NA,NA,NA,NA,NA,NA,NA,NA,NA,-8.6,NA,NA,NA,NA,NA,28,NA
58,NA,NA,147,"2025-02-22_KVPRG",NA,NA,NA,NA,NA,NA,NA,NA,NA,NA,NA,NA,NA,NA,NA,-8.6,NA,NA,NA,NA,NA,28,NA
59,NA,NA,147,"2025-02-22_KVPRG",NA,NA,NA,NA,NA,NA,NA,NA,NA,NA,NA,NA,NA,NA,NA,-8.6,NA,NA,NA,NA,NA,28,NA
60,NA,NA,147,"2025-02-22_KVPRG",NA,NA,NA,NA,NA,NA,NA,NA,NA,NA,NA,NA,NA,NA,NA,-8.6,NA,NA,NA,NA,NA,28,NA
61,NA,NA,147,"2025-02-22_KVPRG",NA,NA,NA,NA,NA,NA,NA,NA,NA,NA,NA,NA,NA,NA,NA,-8.6,NA,NA,NA,NA,NA,28,NA
62,NA,NA,147,"2025-02-22_KVPRG",NA,NA,NA,NA,NA,NA,NA,NA,NA,NA,NA,NA,NA,NA,NA,-8.6,NA,NA,NA,NA,NA,28,NA
63,NA,NA,147,"2025-02-22_KVPRG",NA,NA,NA,NA,NA,NA,NA,NA,NA,NA,NA,NA,NA,NA,NA,-8.6,NA,NA,NA,NA,NA,28,NA
64,NA,NA,148,"2025-02-22_KVPRG",NA,NA,NA,NA,NA,NA,NA,NA,NA,NA,NA,NA,NA,NA,NA,-8.6,NA,NA,NA,NA,NA,28,NA
65,NA,NA,149,"2025-02-22_KVPRG",NA,NA,NA,NA,NA,NA,NA,NA,NA,NA,NA,NA,NA,NA,NA,-8.6,NA,NA,NA,NA,NA,28,NA
66,NA,NA,150,"2025-02-22_KVPRG",NA,NA,NA,NA,NA,NA,NA,NA,NA,NA,NA,NA,NA,NA,NA,-8.6,NA,NA,NA,NA,NA,28,NA
67,NA,NA,151.333,"2025-02-22_KVPRG",NA,NA,NA,NA,NA,NA,NA,NA,NA,NA,NA,NA,NA,NA,NA,-8.6,NA,NA,NA,NA,NA,28,NA
68,NA,NA,152.667,"2025-02-22_KVPRG",NA,NA,NA,NA,NA,NA,NA,NA,NA,NA,NA,NA,NA,NA,NA,-8.6,NA,NA,NA,NA,NA,28,NA
69,NA,NA,154,"2025-02-22_KVPRG",NA,NA,NA,NA,NA,NA,NA,NA,NA,NA,NA,NA,NA,NA,NA,-8.6,NA,NA,NA,NA,NA,28,NA
70,NA,NA,157,"2025-02-22_KVPRG",NA,NA,NA,NA,NA,NA,NA,NA,NA,NA,NA,NA,NA,NA,NA,-8.6,NA,NA,NA,NA,NA,28,NA
71,NA,NA,159,"2025-02-22_KVPRG",NA,NA,NA,NA,NA,NA,NA,NA,NA,NA,NA,NA,NA,NA,NA,-8.6,NA,NA,NA,NA,NA,28,NA
72,NA,NA,161,"2025-02-22_KVPRG",NA,NA,NA,NA,NA,NA,NA,NA,NA,NA,NA,NA,NA,NA,NA,-8.6,NA,NA,NA,NA,NA,28,NA
73,NA,NA,163,"2025-02-22_KVPRG",NA,NA,NA,NA,NA,NA,NA,NA,NA,NA,NA,NA,NA,NA,NA,-8.6,NA,NA,NA,NA,NA,28,NA
74,NA,NA,165,"2025-02-22_KVPRG",NA,NA,NA,NA,NA,NA,NA,NA,NA,NA,NA,NA,NA,NA,NA,-8.6,NA,NA,NA,NA,NA,28,NA
75,NA,NA,167,"2025-02-22_KVPRG",NA,NA,NA,NA,NA,NA,NA,NA,NA,NA,NA,NA,NA,NA,NA,-8.6,NA,NA,NA,NA,NA,28,NA
76,NA,NA,169,"2025-02-22_KVPRG",NA,NA,NA,NA,NA,NA,NA,NA,NA,NA,NA,NA,NA,NA,NA,-8.6,NA,NA,NA,NA,NA,28,NA
77,NA,NA,169.167,"2025-02-22_KVPRG",NA,NA,NA,NA,NA,NA,NA,NA,NA,NA,NA,NA,NA,NA,NA,-8.6,NA,NA,NA,NA,NA,28,NA
78,NA,NA,169.333,"2025-02-22_KVPRG",NA,NA,NA,NA,NA,NA,NA,NA,NA,NA,NA,NA,NA,NA,NA,-8.6,NA,NA,NA,NA,NA,28,NA
79,NA,NA,169.5,"2025-02-22_KVPRG",NA,NA,NA,NA,NA,NA,NA,NA,NA,NA,NA,NA,NA,NA,NA,-8.6,NA,NA,NA,NA,NA,28,NA
80,NA,NA,169.667,"2025-02-22_KVPRG",NA,NA,NA,NA,NA,NA,NA,NA,NA,NA,NA,NA,NA,NA,NA,-8.6,NA,NA,NA,NA,NA,28,NA
81,NA,NA,169.833,"2025-02-22_KVPRG",NA,NA,NA,NA,NA,NA,NA,NA,NA,NA,NA,NA,NA,NA,NA,-8.6,NA,NA,NA,NA,NA,28,NA
82,NA,NA,170,"2025-02-22_KVPRG",NA,NA,NA,NA,NA,NA,NA,NA,NA,NA,NA,NA,NA,NA,NA,-8.6,NA,NA,NA,NA,NA,28,NA
83,NA,NA,169.25,"2025-02-22_KVPRG",NA,NA,NA,NA,NA,NA,NA,NA,NA,NA,NA,NA,NA,NA,NA,-8.6,NA,NA,NA,NA,NA,28,NA
84,NA,NA,168.5,"2025-02-22_KVPRG",NA,NA,NA,NA,NA,NA,NA,NA,NA,NA,NA,NA,NA,NA,NA,-8.6,NA,NA,NA,NA,NA,28,NA
85,NA,NA,167.75,"2025-02-22_KVPRG",NA,NA,NA,NA,NA,NA,NA,NA,NA,NA,NA,NA,NA,NA,NA,-8.6,NA,NA,NA,NA,NA,28,NA
86,NA,NA,167,"2025-02-22_KVPRG",NA,NA,NA,NA,NA,NA,NA,NA,NA,NA,NA,NA,NA,NA,NA,-8.6,NA,NA,NA,NA,NA,28,NA
87,NA,NA,167.333,"2025-02-22_KVPRG",NA,NA,NA,NA,NA,NA,NA,NA,NA,NA,NA,NA,NA,NA,NA,-8.6,NA,NA,NA,NA,NA,28,NA
88,NA,NA,167.667,"2025-02-22_KVPRG",NA,NA,NA,NA,NA,NA,NA,NA,NA,NA,NA,NA,NA,NA,NA,-8.6,NA,NA,NA,NA,NA,28,NA
89,NA,NA,168,"2025-02-22_KVPRG",NA,NA,NA,NA,NA,NA,NA,NA,NA,NA,NA,NA,NA,NA,NA,-8.6,NA,NA,NA,NA,NA,28,NA
90,NA,NA,168.333,"2025-02-22_KVPRG",NA,NA,NA,NA,NA,NA,NA,NA,NA,NA,NA,NA,NA,NA,NA,-8.6,NA,NA,NA,NA,NA,28,NA
91,NA,NA,168.667,"2025-02-22_KVPRG",NA,NA,NA,NA,NA,NA,NA,NA,NA,NA,NA,NA,NA,NA,NA,-8.6,NA,NA,NA,NA,NA,28,NA
92,NA,NA,169,"2025-02-22_KVPRG",NA,NA,NA,NA,NA,NA,NA,NA,NA,NA,NA,NA,NA,NA,NA,-8.6,NA,NA,NA,NA,NA,28,NA
93,NA,NA,169.667,"2025-02-22_KVPRG",NA,NA,NA,NA,NA,NA,NA,NA,NA,NA,NA,NA,NA,NA,NA,-8.6,NA,NA,NA,NA,NA,28,NA
94,NA,NA,170.333,"2025-02-22_KVPRG",NA,NA,NA,NA,NA,NA,NA,NA,NA,NA,NA,NA,NA,NA,NA,-8.6,NA,NA,NA,NA,NA,28,NA
95,NA,NA,171,"2025-02-22_KVPRG",NA,NA,NA,NA,NA,NA,NA,NA,NA,NA,NA,NA,NA,NA,NA,-8.6,NA,NA,NA,NA,NA,28,NA
96,NA,NA,171.667,"2025-02-22_KVPRG",NA,NA,NA,NA,NA,NA,NA,NA,NA,NA,NA,NA,NA,NA,NA,-8.6,NA,NA,NA,NA,NA,28,NA
97,NA,NA,172.333,"2025-02-22_KVPRG",NA,NA,NA,NA,NA,NA,NA,NA,NA,NA,NA,NA,NA,NA,NA,-8.6,NA,NA,NA,NA,NA,28,NA
98,NA,NA,173,"2025-02-22_KVPRG",NA,NA,NA,NA,NA,NA,NA,NA,NA,NA,NA,NA,NA,NA,NA,-8.6,NA,NA,NA,NA,NA,28,NA
99,NA,NA,172.833,"2025-02-22_KVPRG",NA,NA,NA,NA,NA,NA,NA,NA,NA,NA,NA,NA,NA,NA,NA,-8.6,NA,NA,NA,NA,NA,28,NA
100,NA,NA,172.667,"2025-02-22_KVPRG",NA,NA,NA,NA,NA,NA,NA,NA,NA,NA,NA,NA,NA,NA,NA,-8.6,NA,NA,NA,NA,NA,28,NA
101,NA,NA,172.5,"2025-02-22_KVPRG",NA,NA,NA,NA,NA,NA,NA,NA,NA,NA,NA,NA,NA,NA,NA,-8.6,NA,NA,NA,NA,NA,28,NA
102,NA,NA,172.333,"2025-02-22_KVPRG",NA,NA,NA,NA,NA,NA,NA,NA,NA,NA,NA,NA,NA,NA,NA,-8.6,NA,NA,NA,NA,NA,28,NA
103,NA,NA,172.167,"2025-02-22_KVPRG",NA,NA,NA,NA,NA,NA,NA,NA,NA,NA,NA,NA,NA,NA,NA,-8.6,NA,NA,NA,NA,NA,28,NA
104,NA,NA,172,"2025-02-22_KVPRG",NA,NA,NA,NA,NA,NA,NA,NA,NA,NA,NA,NA,NA,NA,NA,-8.6,NA,NA,NA,NA,NA,28,NA
105,NA,NA,171.833,"2025-02-22_KVPRG",NA,NA,NA,NA,NA,NA,NA,NA,NA,NA,NA,NA,NA,NA,NA,-8.6,NA,NA,NA,NA,NA,28,NA
106,NA,NA,171.667,"2025-02-22_KVPRG",NA,NA,NA,NA,NA,NA,NA,NA,NA,NA,NA,NA,NA,NA,NA,-8.6,NA,NA,NA,NA,NA,28,NA
107,NA,NA,171.5,"2025-02-22_KVPRG",NA,NA,NA,NA,NA,NA,NA,NA,NA,NA,NA,NA,NA,NA,NA,-8.6,NA,NA,NA,NA,NA,28,NA
108,NA,NA,171.333,"2025-02-22_KVPRG",NA,NA,NA,NA,NA,NA,NA,NA,NA,NA,NA,NA,NA,NA,NA,-8.6,NA,NA,NA,NA,NA,28,NA
109,NA,NA,171.167,"2025-02-22_KVPRG",NA,NA,NA,NA,NA,NA,NA,NA,NA,NA,NA,NA,NA,NA,NA,-8.6,NA,NA,NA,NA,NA,28,NA
110,NA,NA,171,"2025-02-22_KVPRG",NA,NA,NA,NA,NA,NA,NA,NA,NA,NA,NA,NA,NA,NA,NA,-8.6,NA,NA,NA,NA,NA,28,NA
111,NA,NA,170.833,"2025-02-22_KVPRG",NA,NA,NA,NA,NA,NA,NA,NA,NA,NA,NA,NA,NA,NA,NA,-8.6,NA,NA,NA,NA,NA,28,NA
112,NA,NA,170.667,"2025-02-22_KVPRG",NA,NA,NA,NA,NA,NA,NA,NA,NA,NA,NA,NA,NA,NA,NA,-8.6,NA,NA,NA,NA,NA,28,NA
113,NA,NA,170.5,"2025-02-22_KVPRG",NA,NA,NA,NA,NA,NA,NA,NA,NA,NA,NA,NA,NA,NA,NA,-8.6,NA,NA,NA,NA,NA,28,NA
114,NA,NA,170.333,"2025-02-22_KVPRG",NA,NA,NA,NA,NA,NA,NA,NA,NA,NA,NA,NA,NA,NA,NA,-8.6,NA,NA,NA,NA,NA,28,NA
115,NA,NA,170.167,"2025-02-22_KVPRG",NA,NA,NA,NA,NA,NA,NA,NA,NA,NA,NA,NA,NA,NA,NA,-8.6,NA,NA,NA,NA,NA,28,NA
116,NA,NA,170,"2025-02-22_KVPRG",NA,NA,NA,NA,NA,NA,NA,NA,NA,NA,NA,NA,NA,NA,NA,-8.6,NA,NA,NA,NA,NA,28,NA
117,NA,NA,170,"2025-02-22_KVPRG",NA,NA,NA,NA,NA,NA,NA,NA,NA,NA,NA,NA,NA,NA,NA,-8.6,NA,NA,NA,NA,NA,28,NA
118,NA,NA,170,"2025-02-22_KVPRG",NA,NA,NA,NA,NA,NA,NA,NA,NA,NA,NA,NA,NA,NA,NA,-8.6,NA,NA,NA,NA,NA,28,NA
119,NA,NA,170,"2025-02-22_KVPRG",NA,NA,NA,NA,NA,NA,NA,NA,NA,NA,NA,NA,NA,NA,NA,-8.6,NA,NA,NA,NA,NA,28,NA
120,NA,NA,170,"2025-02-22_KVPRG",NA,NA,NA,NA,NA,NA,NA,NA,NA,NA,NA,NA,NA,NA,NA,-8.6,NA,NA,NA,NA,NA,28,NA
121,NA,NA,170,"2025-02-22_KVPRG",NA,NA,NA,NA,NA,NA,NA,NA,NA,NA,NA,NA,NA,NA,NA,-8.6,NA,NA,NA,NA,NA,28,NA
122,NA,NA,170,"2025-02-22_KVPRG",NA,NA,NA,NA,NA,NA,NA,NA,NA,NA,NA,NA,NA,NA,NA,-8.6,NA,NA,NA,NA,NA,28,NA
123,NA,NA,169.833,"2025-02-22_KVPRG",NA,NA,NA,NA,NA,NA,NA,NA,NA,NA,NA,NA,NA,NA,NA,-8.6,NA,NA,NA,NA,NA,28,NA
124,NA,NA,169.667,"2025-02-22_KVPRG",NA,NA,NA,NA,NA,NA,NA,NA,NA,NA,NA,NA,NA,NA,NA,-8.6,NA,NA,NA,NA,NA,28,NA
125,NA,NA,169.5,"2025-02-22_KVPRG",NA,NA,NA,NA,NA,NA,NA,NA,NA,NA,NA,NA,NA,NA,NA,-8.6,NA,NA,NA,NA,NA,28,NA
126,NA,NA,169.333,"2025-02-22_KVPRG",NA,NA,NA,NA,NA,NA,NA,NA,NA,NA,NA,NA,NA,NA,NA,-8.6,NA,NA,NA,NA,NA,28,NA
127,NA,NA,169.167,"2025-02-22_KVPRG",NA,NA,NA,NA,NA,NA,NA,NA,NA,NA,NA,NA,NA,NA,NA,-8.6,NA,NA,NA,NA,NA,28,NA
128,NA,NA,169,"2025-02-22_KVPRG",NA,NA,NA,NA,NA,NA,NA,NA,NA,NA,NA,NA,NA,NA,NA,-8.6,NA,NA,NA,NA,NA,28,NA
129,NA,NA,168.833,"2025-02-22_KVPRG",NA,NA,NA,NA,NA,NA,NA,NA,NA,NA,NA,NA,NA,NA,NA,-8.6,NA,NA,NA,NA,NA,28,NA
130,NA,NA,168.667,"2025-02-22_KVPRG",NA,NA,NA,NA,NA,NA,NA,NA,NA,NA,NA,NA,NA,NA,NA,-8.6,NA,NA,NA,NA,NA,28,NA
131,NA,NA,168.5,"2025-02-22_KVPRG",NA,NA,NA,NA,NA,NA,NA,NA,NA,NA,NA,NA,NA,NA,NA,-8.6,NA,NA,NA,NA,NA,28,NA
132,NA,NA,168.333,"2025-02-22_KVPRG",NA,NA,NA,NA,NA,NA,NA,NA,NA,NA,NA,NA,NA,NA,NA,-8.6,NA,NA,NA,NA,NA,28,NA
133,NA,NA,168.167,"2025-02-22_KVPRG",NA,NA,NA,NA,NA,NA,NA,NA,NA,NA,NA,NA,NA,NA,NA,-8.6,NA,NA,NA,NA,NA,28,NA
134,NA,NA,168,"2025-02-22_KVPRG",NA,NA,NA,NA,NA,NA,NA,NA,NA,NA,NA,NA,NA,NA,NA,-8.6,NA,NA,NA,NA,NA,28,NA
135,NA,NA,168.167,"2025-02-22_KVPRG",NA,NA,NA,NA,NA,NA,NA,NA,NA,NA,NA,NA,NA,NA,NA,-8.6,NA,NA,NA,NA,NA,28,NA
136,NA,NA,168.333,"2025-02-22_KVPRG",NA,NA,NA,NA,NA,NA,NA,NA,NA,NA,NA,NA,NA,NA,NA,-8.6,NA,NA,NA,NA,NA,28,NA
137,NA,NA,168.5,"2025-02-22_KVPRG",NA,NA,NA,NA,NA,NA,NA,NA,NA,NA,NA,NA,NA,NA,NA,-8.6,NA,NA,NA,NA,NA,28,NA
138,NA,NA,168.667,"2025-02-22_KVPRG",NA,NA,NA,NA,NA,NA,NA,NA,NA,NA,NA,NA,NA,NA,NA,-8.6,NA,NA,NA,NA,NA,28,NA
139,NA,NA,168.833,"2025-02-22_KVPRG",NA,NA,NA,NA,NA,NA,NA,NA,NA,NA,NA,NA,NA,NA,NA,-8.6,NA,NA,NA,NA,NA,28,NA
140,NA,NA,169,"2025-02-22_KVPRG",NA,NA,NA,NA,NA,NA,NA,NA,NA,NA,NA,NA,NA,NA,NA,-8.6,NA,NA,NA,NA,NA,28,NA
141,NA,NA,169,"2025-02-22_KVPRG",NA,NA,NA,NA,NA,NA,NA,NA,NA,NA,NA,NA,NA,NA,NA,-8.6,NA,NA,NA,NA,NA,28,NA
142,NA,NA,169,"2025-02-22_KVPRG",NA,NA,NA,NA,NA,NA,NA,NA,NA,NA,NA,NA,NA,NA,NA,-8.6,NA,NA,NA,NA,NA,28,NA
143,NA,NA,169,"2025-02-22_KVPRG",NA,NA,NA,NA,NA,NA,NA,NA,NA,NA,NA,NA,NA,NA,NA,-8.6,NA,NA,NA,NA,NA,28,NA
144,NA,NA,169,"2025-02-22_KVPRG",NA,NA,NA,NA,NA,NA,NA,NA,NA,NA,NA,NA,NA,NA,NA,-8.6,NA,NA,NA,NA,NA,28,NA
145,NA,NA,169,"2025-02-22_KVPRG",NA,NA,NA,NA,NA,NA,NA,NA,NA,NA,NA,NA,NA,NA,NA,-8.6,NA,NA,NA,NA,NA,28,NA
146,NA,NA,169,"2025-02-22_KVPRG",NA,NA,NA,NA,NA,NA,NA,NA,NA,NA,NA,NA,NA,NA,NA,-8.6,NA,NA,NA,NA,NA,28,NA
147,NA,NA,169.167,"2025-02-22_KVPRG",NA,NA,NA,NA,NA,NA,NA,NA,NA,NA,NA,NA,NA,NA,NA,-8.6,NA,NA,NA,NA,NA,28,NA
148,NA,NA,169.333,"2025-02-22_KVPRG",NA,NA,NA,NA,NA,NA,NA,NA,NA,NA,NA,NA,NA,NA,NA,-8.6,NA,NA,NA,NA,NA,28,NA
149,NA,NA,169.5,"2025-02-22_KVPRG",NA,NA,NA,NA,NA,NA,NA,NA,NA,NA,NA,NA,NA,NA,NA,-8.6,NA,NA,NA,NA,NA,28,NA
150,NA,NA,169.667,"2025-02-22_KVPRG",NA,NA,NA,NA,NA,NA,NA,NA,NA,NA,NA,NA,NA,NA,NA,-8.6,NA,NA,NA,NA,NA,28,NA
151,NA,NA,169.833,"2025-02-22_KVPRG",NA,NA,NA,NA,NA,NA,NA,NA,NA,NA,NA,NA,NA,NA,NA,-8.6,NA,NA,NA,NA,NA,28,NA
152,NA,NA,170,"2025-02-22_KVPRG",NA,NA,NA,NA,NA,NA,NA,NA,NA,NA,NA,NA,NA,NA,NA,-8.6,NA,NA,NA,NA,NA,28,NA
153,NA,NA,170,"2025-02-22_KVPRG",NA,NA,NA,NA,NA,NA,NA,NA,NA,NA,NA,NA,NA,NA,NA,-8.6,NA,NA,NA,NA,NA,28,NA
154,NA,NA,170,"2025-02-22_KVPRG",NA,NA,NA,NA,NA,NA,NA,NA,NA,NA,NA,NA,NA,NA,NA,-8.6,NA,NA,NA,NA,NA,28,NA
155,NA,NA,170,"2025-02-22_KVPRG",NA,NA,NA,NA,NA,NA,NA,NA,NA,NA,NA,NA,NA,NA,NA,-8.6,NA,NA,NA,NA,NA,28,NA
156,NA,NA,170,"2025-02-22_KVPRG",NA,NA,NA,NA,NA,NA,NA,NA,NA,NA,NA,NA,NA,NA,NA,-8.6,NA,NA,NA,NA,NA,28,NA
157,NA,NA,170,"2025-02-22_KVPRG",NA,NA,NA,NA,NA,NA,NA,NA,NA,NA,NA,NA,NA,NA,NA,-8.6,NA,NA,NA,NA,NA,28,NA
158,NA,NA,170,"2025-02-22_KVPRG",NA,NA,NA,NA,NA,NA,NA,NA,NA,NA,NA,NA,NA,NA,NA,-8.6,NA,NA,NA,NA,NA,28,NA
159,NA,NA,170.167,"2025-02-22_KVPRG",NA,NA,NA,NA,NA,NA,NA,NA,NA,NA,NA,NA,NA,NA,NA,-8.6,NA,NA,NA,NA,NA,28,NA
160,NA,NA,170.333,"2025-02-22_KVPRG",NA,NA,NA,NA,NA,NA,NA,NA,NA,NA,NA,NA,NA,NA,NA,-8.6,NA,NA,NA,NA,NA,28,NA
161,NA,NA,170.5,"2025-02-22_KVPRG",NA,NA,NA,NA,NA,NA,NA,NA,NA,NA,NA,NA,NA,NA,NA,-8.6,NA,NA,NA,NA,NA,28,NA
162,NA,NA,170.667,"2025-02-22_KVPRG",NA,NA,NA,NA,NA,NA,NA,NA,NA,NA,NA,NA,NA,NA,NA,-8.6,NA,NA,NA,NA,NA,28,NA
163,NA,NA,170.833,"2025-02-22_KVPRG",NA,NA,NA,NA,NA,NA,NA,NA,NA,NA,NA,NA,NA,NA,NA,-8.6,NA,NA,NA,NA,NA,28,NA
164,NA,NA,171,"2025-02-22_KVPRG",NA,NA,NA,NA,NA,NA,NA,NA,NA,NA,NA,NA,NA,NA,NA,-8.6,NA,NA,NA,NA,NA,28,NA
165,NA,NA,171,"2025-02-22_KVPRG",NA,NA,NA,NA,NA,NA,NA,NA,NA,NA,NA,NA,NA,NA,NA,-8.6,NA,NA,NA,NA,NA,28,NA
166,NA,NA,171,"2025-02-22_KVPRG",NA,NA,NA,NA,NA,NA,NA,NA,NA,NA,NA,NA,NA,NA,NA,-8.6,NA,NA,NA,NA,NA,28,NA
167,NA,NA,171,"2025-02-22_KVPRG",NA,NA,NA,NA,NA,NA,NA,NA,NA,NA,NA,NA,NA,NA,NA,-8.6,NA,NA,NA,NA,NA,28,NA
168,NA,NA,171,"2025-02-22_KVPRG",NA,NA,NA,NA,NA,NA,NA,NA,NA,NA,NA,NA,NA,NA,NA,-8.6,NA,NA,NA,NA,NA,28,NA
169,NA,NA,171,"2025-02-22_KVPRG",NA,NA,NA,NA,NA,NA,NA,NA,NA,NA,NA,NA,NA,NA,NA,-8.6,NA,NA,NA,NA,NA,28,NA
170,NA,NA,171,"2025-02-22_KVPRG",NA,NA,NA,NA,NA,NA,NA,NA,NA,NA,NA,NA,NA,NA,NA,-8.6,NA,NA,NA,NA,NA,28,NA
171,NA,NA,171,"2025-02-22_KVPRG",NA,NA,NA,NA,NA,NA,NA,NA,NA,NA,NA,NA,NA,NA,NA,-8.6,NA,NA,NA,NA,NA,28,NA
172,NA,NA,171,"2025-02-22_KVPRG",NA,NA,NA,NA,NA,NA,NA,NA,NA,NA,NA,NA,NA,NA,NA,-8.6,NA,NA,NA,NA,NA,28,NA
173,NA,NA,171,"2025-02-22_KVPRG",NA,NA,NA,NA,NA,NA,NA,NA,NA,NA,NA,NA,NA,NA,NA,-8.6,NA,NA,NA,NA,NA,28,NA
174,NA,NA,171,"2025-02-22_KVPRG",NA,NA,NA,NA,NA,NA,NA,NA,NA,NA,NA,NA,NA,NA,NA,-8.6,NA,NA,NA,NA,NA,28,NA
175,NA,NA,171,"2025-02-22_KVPRG",NA,NA,NA,NA,NA,NA,NA,NA,NA,NA,NA,NA,NA,NA,NA,-8.6,NA,NA,NA,NA,NA,28,NA
176,NA,NA,171,"2025-02-22_KVPRG",NA,NA,NA,NA,NA,NA,NA,NA,NA,NA,NA,NA,NA,NA,NA,-8.6,NA,NA,NA,NA,NA,28,NA
177,NA,NA,171.167,"2025-02-22_KVPRG",NA,NA,NA,NA,NA,NA,NA,NA,NA,NA,NA,NA,NA,NA,NA,-8.6,NA,NA,NA,NA,NA,28,NA
178,NA,NA,171.333,"2025-02-22_KVPRG",NA,NA,NA,NA,NA,NA,NA,NA,NA,NA,NA,NA,NA,NA,NA,-8.6,NA,NA,NA,NA,NA,28,NA
179,NA,NA,171.5,"2025-02-22_KVPRG",NA,NA,NA,NA,NA,NA,NA,NA,NA,NA,NA,NA,NA,NA,NA,-8.6,NA,NA,NA,NA,NA,28,NA
180,NA,NA,171.667,"2025-02-22_KVPRG",NA,NA,NA,NA,NA,NA,NA,NA,NA,NA,NA,NA,NA,NA,NA,-8.6,NA,NA,NA,NA,NA,28,NA
181,NA,NA,171.833,"2025-02-22_KVPRG",NA,NA,NA,NA,NA,NA,NA,NA,NA,NA,NA,NA,NA,NA,NA,-8.6,NA,NA,NA,NA,NA,28,NA
182,NA,NA,172,"2025-02-22_KVPRG",NA,NA,NA,NA,NA,NA,NA,NA,NA,NA,NA,NA,NA,NA,NA,-8.6,NA,NA,NA,NA,NA,28,NA
183,NA,NA,171.833,"2025-02-22_KVPRG",NA,NA,NA,NA,NA,NA,NA,NA,NA,NA,NA,NA,NA,NA,NA,-8.6,NA,NA,NA,NA,NA,28,NA
184,NA,NA,171.667,"2025-02-22_KVPRG",NA,NA,NA,NA,NA,NA,NA,NA,NA,NA,NA,NA,NA,NA,NA,-8.6,NA,NA,NA,NA,NA,28,NA
185,NA,NA,171.5,"2025-02-22_KVPRG",NA,NA,NA,NA,NA,NA,NA,NA,NA,NA,NA,NA,NA,NA,NA,-8.6,NA,NA,NA,NA,NA,28,NA
186,NA,NA,171.333,"2025-02-22_KVPRG",NA,NA,NA,NA,NA,NA,NA,NA,NA,NA,NA,NA,NA,NA,NA,-8.6,NA,NA,NA,NA,NA,28,NA
187,NA,NA,171.167,"2025-02-22_KVPRG",NA,NA,NA,NA,NA,NA,NA,NA,NA,NA,NA,NA,NA,NA,NA,-8.6,NA,NA,NA,NA,NA,28,NA
188,NA,NA,171,"2025-02-22_KVPRG",NA,NA,NA,NA,NA,NA,NA,NA,NA,NA,NA,NA,NA,NA,NA,-8.6,NA,NA,NA,NA,NA,28,NA
189,NA,NA,171,"2025-02-22_KVPRG",NA,NA,NA,NA,NA,NA,NA,NA,NA,NA,NA,NA,NA,NA,NA,-8.6,NA,NA,NA,NA,NA,28,NA
190,NA,NA,171,"2025-02-22_KVPRG",NA,NA,NA,NA,NA,NA,NA,NA,NA,NA,NA,NA,NA,NA,NA,-8.6,NA,NA,NA,NA,NA,28,NA
191,NA,NA,171,"2025-02-22_KVPRG",NA,NA,NA,NA,NA,NA,NA,NA,NA,NA,NA,NA,NA,NA,NA,-8.6,NA,NA,NA,NA,NA,28,NA
192,NA,NA,171,"2025-02-22_KVPRG",NA,NA,NA,NA,NA,NA,NA,NA,NA,NA,NA,NA,NA,NA,NA,-8.6,NA,NA,NA,NA,NA,28,NA
193,NA,NA,171,"2025-02-22_KVPRG",NA,NA,NA,NA,NA,NA,NA,NA,NA,NA,NA,NA,NA,NA,NA,-8.6,NA,NA,NA,NA,NA,28,NA
194,NA,NA,171,"2025-02-22_KVPRG",NA,NA,NA,NA,NA,NA,NA,NA,NA,NA,NA,NA,NA,NA,NA,-8.6,NA,NA,NA,NA,NA,28,NA
195,NA,NA,170.833,"2025-02-22_KVPRG",NA,NA,NA,NA,NA,NA,NA,NA,NA,NA,NA,NA,NA,NA,NA,-8.6,NA,NA,NA,NA,NA,28,NA
196,NA,NA,170.667,"2025-02-22_KVPRG",NA,NA,NA,NA,NA,NA,NA,NA,NA,NA,NA,NA,NA,NA,NA,-8.6,NA,NA,NA,NA,NA,28,NA
197,NA,NA,170.5,"2025-02-22_KVPRG",NA,NA,NA,NA,NA,NA,NA,NA,NA,NA,NA,NA,NA,NA,NA,-8.6,NA,NA,NA,NA,NA,28,NA
198,NA,NA,170.333,"2025-02-22_KVPRG",NA,NA,NA,NA,NA,NA,NA,NA,NA,NA,NA,NA,NA,NA,NA,-8.6,NA,NA,NA,NA,NA,28,NA
199,NA,NA,170.167,"2025-02-22_KVPRG",NA,NA,NA,NA,NA,NA,NA,NA,NA,NA,NA,NA,NA,NA,NA,-8.6,NA,NA,NA,NA,NA,28,NA
200,NA,NA,170,"2025-02-22_KVPRG",NA,NA,NA,NA,NA,NA,NA,NA,NA,NA,NA,NA,NA,NA,NA,-8.6,NA,NA,NA,NA,NA,28,NA
201,NA,NA,170,"2025-02-22_KVPRG",NA,NA,NA,NA,NA,NA,NA,NA,NA,NA,NA,NA,NA,NA,NA,-8.6,NA,NA,NA,NA,NA,28,NA
202,NA,NA,170,"2025-02-22_KVPRG",NA,NA,NA,NA,NA,NA,NA,NA,NA,NA,NA,NA,NA,NA,NA,-8.6,NA,NA,NA,NA,NA,28,NA
203,NA,NA,170,"2025-02-22_KVPRG",NA,NA,NA,NA,NA,NA,NA,NA,NA,NA,NA,NA,NA,NA,NA,-8.6,NA,NA,NA,NA,NA,28,NA
204,NA,NA,170,"2025-02-22_KVPRG",NA,NA,NA,NA,NA,NA,NA,NA,NA,NA,NA,NA,NA,NA,NA,-8.6,NA,NA,NA,NA,NA,28,NA
205,NA,NA,170,"2025-02-22_KVPRG",NA,NA,NA,NA,NA,NA,NA,NA,NA,NA,NA,NA,NA,NA,NA,-8.6,NA,NA,NA,NA,NA,28,NA
206,NA,NA,170,"2025-02-22_KVPRG",NA,NA,NA,NA,NA,NA,NA,NA,NA,NA,NA,NA,NA,NA,NA,-8.6,NA,NA,NA,NA,NA,28,NA
207,NA,NA,170.333,"2025-02-22_KVPRG",NA,NA,NA,NA,NA,NA,NA,NA,NA,NA,NA,NA,NA,NA,NA,-8.6,NA,NA,NA,NA,NA,28,NA
208,NA,NA,170.667,"2025-02-22_KVPRG",NA,NA,NA,NA,NA,NA,NA,NA,NA,NA,NA,NA,NA,NA,NA,-8.6,NA,NA,NA,NA,NA,28,NA
209,NA,NA,171,"2025-02-22_KVPRG",NA,NA,NA,NA,NA,NA,NA,NA,NA,NA,NA,NA,NA,NA,NA,-8.6,NA,NA,NA,NA,NA,28,NA
210,NA,NA,171.333,"2025-02-22_KVPRG",NA,NA,NA,NA,NA,NA,NA,NA,NA,NA,NA,NA,NA,NA,NA,-8.6,NA,NA,NA,NA,NA,28,NA
211,NA,NA,171.667,"2025-02-22_KVPRG",NA,NA,NA,NA,NA,NA,NA,NA,NA,NA,NA,NA,NA,NA,NA,-8.6,NA,NA,NA,NA,NA,28,NA
212,NA,NA,172,"2025-02-22_KVPRG",NA,NA,NA,NA,NA,NA,NA,NA,NA,NA,NA,NA,NA,NA,NA,-8.6,NA,NA,NA,NA,NA,28,NA
213,NA,NA,171.833,"2025-02-22_KVPRG",NA,NA,NA,NA,NA,NA,NA,NA,NA,NA,NA,NA,NA,NA,NA,-8.6,NA,NA,NA,NA,NA,28,NA
214,NA,NA,171.667,"2025-02-22_KVPRG",NA,NA,NA,NA,NA,NA,NA,NA,NA,NA,NA,NA,NA,NA,NA,-8.6,NA,NA,NA,NA,NA,28,NA
215,NA,NA,171.5,"2025-02-22_KVPRG",NA,NA,NA,NA,NA,NA,NA,NA,NA,NA,NA,NA,NA,NA,NA,-8.6,NA,NA,NA,NA,NA,28,NA
216,NA,NA,171.333,"2025-02-22_KVPRG",NA,NA,NA,NA,NA,NA,NA,NA,NA,NA,NA,NA,NA,NA,NA,-8.6,NA,NA,NA,NA,NA,28,NA
217,NA,NA,171.167,"2025-02-22_KVPRG",NA,NA,NA,NA,NA,NA,NA,NA,NA,NA,NA,NA,NA,NA,NA,-8.6,NA,NA,NA,NA,NA,28,NA
218,NA,NA,171,"2025-02-22_KVPRG",NA,NA,NA,NA,NA,NA,NA,NA,NA,NA,NA,NA,NA,NA,NA,-8.6,NA,NA,NA,NA,NA,28,NA
219,NA,NA,171,"2025-02-22_KVPRG",NA,NA,NA,NA,NA,NA,NA,NA,NA,NA,NA,NA,NA,NA,NA,-8.6,NA,NA,NA,NA,NA,28,NA
220,NA,NA,171,"2025-02-22_KVPRG",NA,NA,NA,NA,NA,NA,NA,NA,NA,NA,NA,NA,NA,NA,NA,-8.6,NA,NA,NA,NA,NA,28,NA
221,NA,NA,171,"2025-02-22_KVPRG",NA,NA,NA,NA,NA,NA,NA,NA,NA,NA,NA,NA,NA,NA,NA,-8.6,NA,NA,NA,NA,NA,28,NA
222,NA,NA,171,"2025-02-22_KVPRG",NA,NA,NA,NA,NA,NA,NA,NA,NA,NA,NA,NA,NA,NA,NA,-8.6,NA,NA,NA,NA,NA,28,NA
223,NA,NA,171,"2025-02-22_KVPRG",NA,NA,NA,NA,NA,NA,NA,NA,NA,NA,NA,NA,NA,NA,NA,-8.6,NA,NA,NA,NA,NA,28,NA
224,NA,NA,171,"2025-02-22_KVPRG",NA,NA,NA,NA,NA,NA,NA,NA,NA,NA,NA,NA,NA,NA,NA,-8.6,NA,NA,NA,NA,NA,28,NA
225,NA,NA,171,"2025-02-22_KVPRG",NA,NA,NA,NA,NA,NA,NA,NA,NA,NA,NA,NA,NA,NA,NA,-8.6,NA,NA,NA,NA,NA,28,NA
226,NA,NA,171,"2025-02-22_KVPRG",NA,NA,NA,NA,NA,NA,NA,NA,NA,NA,NA,NA,NA,NA,NA,-8.6,NA,NA,NA,NA,NA,28,NA
227,NA,NA,171,"2025-02-22_KVPRG",NA,NA,NA,NA,NA,NA,NA,NA,NA,NA,NA,NA,NA,NA,NA,-8.6,NA,NA,NA,NA,NA,28,NA
228,NA,NA,171,"2025-02-22_KVPRG",NA,NA,NA,NA,NA,NA,NA,NA,NA,NA,NA,NA,NA,NA,NA,-8.6,NA,NA,NA,NA,NA,28,NA
229,NA,NA,171,"2025-02-22_KVPRG",NA,NA,NA,NA,NA,NA,NA,NA,NA,NA,NA,NA,NA,NA,NA,-8.6,NA,NA,NA,NA,NA,28,NA
230,NA,NA,171,"2025-02-22_KVPRG",NA,NA,NA,NA,NA,NA,NA,NA,NA,NA,NA,NA,NA,NA,NA,-8.6,NA,NA,NA,NA,NA,28,NA
231,NA,NA,171,"2025-02-22_KVPRG",NA,NA,NA,NA,NA,NA,NA,NA,NA,NA,NA,NA,NA,NA,NA,-8.6,NA,NA,NA,NA,NA,28,NA
232,NA,NA,171,"2025-02-22_KVPRG",NA,NA,NA,NA,NA,NA,NA,NA,NA,NA,NA,NA,NA,NA,NA,-8.6,NA,NA,NA,NA,NA,28,NA
233,NA,NA,171,"2025-02-22_KVPRG",NA,NA,NA,NA,NA,NA,NA,NA,NA,NA,NA,NA,NA,NA,NA,-8.6,NA,NA,NA,NA,NA,28,NA
234,NA,NA,171,"2025-02-22_KVPRG",NA,NA,NA,NA,NA,NA,NA,NA,NA,NA,NA,NA,NA,NA,NA,-8.6,NA,NA,NA,NA,NA,28,NA
235,NA,NA,171,"2025-02-22_KVPRG",NA,NA,NA,NA,NA,NA,NA,NA,NA,NA,NA,NA,NA,NA,NA,-8.6,NA,NA,NA,NA,NA,28,NA
236,NA,NA,171,"2025-02-22_KVPRG",NA,NA,NA,NA,NA,NA,NA,NA,NA,NA,NA,NA,NA,NA,NA,-8.6,NA,NA,NA,NA,NA,28,NA
237,NA,NA,170.833,"2025-02-22_KVPRG",NA,NA,NA,NA,NA,NA,NA,NA,NA,NA,NA,NA,NA,NA,NA,-8.6,NA,NA,NA,NA,NA,28,NA
238,NA,NA,170.667,"2025-02-22_KVPRG",NA,NA,NA,NA,NA,NA,NA,NA,NA,NA,NA,NA,NA,NA,NA,-8.6,NA,NA,NA,NA,NA,28,NA
239,NA,NA,170.5,"2025-02-22_KVPRG",NA,NA,NA,NA,NA,NA,NA,NA,NA,NA,NA,NA,NA,NA,NA,-8.6,NA,NA,NA,NA,NA,28,NA
240,NA,NA,170.333,"2025-02-22_KVPRG",NA,NA,NA,NA,NA,NA,NA,NA,NA,NA,NA,NA,NA,NA,NA,-8.6,NA,NA,NA,NA,NA,28,NA
241,NA,NA,170.167,"2025-02-22_KVPRG",NA,NA,NA,NA,NA,NA,NA,NA,NA,NA,NA,NA,NA,NA,NA,-8.6,NA,NA,NA,NA,NA,28,NA
242,NA,NA,170,"2025-02-22_KVPRG",NA,NA,NA,NA,NA,NA,NA,NA,NA,NA,NA,NA,NA,NA,NA,-8.6,NA,NA,NA,NA,NA,28,NA
243,NA,NA,169.833,"2025-02-22_KVPRG",NA,NA,NA,NA,NA,NA,NA,NA,NA,NA,NA,NA,NA,NA,NA,-8.6,NA,NA,NA,NA,NA,28,NA
244,NA,NA,169.667,"2025-02-22_KVPRG",NA,NA,NA,NA,NA,NA,NA,NA,NA,NA,NA,NA,NA,NA,NA,-8.6,NA,NA,NA,NA,NA,28,NA
245,NA,NA,169.5,"2025-02-22_KVPRG",NA,NA,NA,NA,NA,NA,NA,NA,NA,NA,NA,NA,NA,NA,NA,-8.6,NA,NA,NA,NA,NA,28,NA
246,NA,NA,169.333,"2025-02-22_KVPRG",NA,NA,NA,NA,NA,NA,NA,NA,NA,NA,NA,NA,NA,NA,NA,-8.6,NA,NA,NA,NA,NA,28,NA
247,NA,NA,169.167,"2025-02-22_KVPRG",NA,NA,NA,NA,NA,NA,NA,NA,NA,NA,NA,NA,NA,NA,NA,-8.6,NA,NA,NA,NA,NA,28,NA
248,NA,NA,169,"2025-02-22_KVPRG",NA,NA,NA,NA,NA,NA,NA,NA,NA,NA,NA,NA,NA,NA,NA,-8.6,NA,NA,NA,NA,NA,28,NA
249,NA,NA,169.333,"2025-02-22_KVPRG",NA,NA,NA,NA,NA,NA,NA,NA,NA,NA,NA,NA,NA,NA,NA,-8.6,NA,NA,NA,NA,NA,28,NA
250,NA,NA,169.667,"2025-02-22_KVPRG",NA,NA,NA,NA,NA,NA,NA,NA,NA,NA,NA,NA,NA,NA,NA,-8.6,NA,NA,NA,NA,NA,28,NA
251,NA,NA,170,"2025-02-22_KVPRG",NA,NA,NA,NA,NA,NA,NA,NA,NA,NA,NA,NA,NA,NA,NA,-8.6,NA,NA,NA,NA,NA,28,NA
252,NA,NA,170.333,"2025-02-22_KVPRG",NA,NA,NA,NA,NA,NA,NA,NA,NA,NA,NA,NA,NA,NA,NA,-8.6,NA,NA,NA,NA,NA,28,NA
253,NA,NA,170.667,"2025-02-22_KVPRG",NA,NA,NA,NA,NA,NA,NA,NA,NA,NA,NA,NA,NA,NA,NA,-8.6,NA,NA,NA,NA,NA,28,NA
254,NA,NA,171,"2025-02-22_KVPRG",NA,NA,NA,NA,NA,NA,NA,NA,NA,NA,NA,NA,NA,NA,NA,-8.6,NA,NA,NA,NA,NA,28,NA
255,NA,NA,171.167,"2025-02-22_KVPRG",NA,NA,NA,NA,NA,NA,NA,NA,NA,NA,NA,NA,NA,NA,NA,-8.6,NA,NA,NA,NA,NA,28,NA
256,NA,NA,171.333,"2025-02-22_KVPRG",NA,NA,NA,NA,NA,NA,NA,NA,NA,NA,NA,NA,NA,NA,NA,-8.6,NA,NA,NA,NA,NA,28,NA
257,NA,NA,171.5,"2025-02-22_KVPRG",NA,NA,NA,NA,NA,NA,NA,NA,NA,NA,NA,NA,NA,NA,NA,-8.6,NA,NA,NA,NA,NA,28,NA
258,NA,NA,171.667,"2025-02-22_KVPRG",NA,NA,NA,NA,NA,NA,NA,NA,NA,NA,NA,NA,NA,NA,NA,-8.6,NA,NA,NA,NA,NA,28,NA
259,NA,NA,171.833,"2025-02-22_KVPRG",NA,NA,NA,NA,NA,NA,NA,NA,NA,NA,NA,NA,NA,NA,NA,-8.6,NA,NA,NA,NA,NA,28,NA
260,NA,NA,172,"2025-02-22_KVPRG",NA,NA,NA,NA,NA,NA,NA,NA,NA,NA,NA,NA,NA,NA,NA,-8.6,NA,NA,NA,NA,NA,28,NA
261,NA,NA,172,"2025-02-22_KVPRG",NA,NA,NA,NA,NA,NA,NA,NA,NA,NA,NA,NA,NA,NA,NA,-8.6,NA,NA,NA,NA,NA,28,NA
262,NA,NA,172,"2025-02-22_KVPRG",NA,NA,NA,NA,NA,NA,NA,NA,NA,NA,NA,NA,NA,NA,NA,-8.6,NA,NA,NA,NA,NA,28,NA
263,NA,NA,172,"2025-02-22_KVPRG",NA,NA,NA,NA,NA,NA,NA,NA,NA,NA,NA,NA,NA,NA,NA,-8.6,NA,NA,NA,NA,NA,28,NA
264,NA,NA,172,"2025-02-22_KVPRG",NA,NA,NA,NA,NA,NA,NA,NA,NA,NA,NA,NA,NA,NA,NA,-8.6,NA,NA,NA,NA,NA,28,NA
265,NA,NA,172,"2025-02-22_KVPRG",NA,NA,NA,NA,NA,NA,NA,NA,NA,NA,NA,NA,NA,NA,NA,-8.6,NA,NA,NA,NA,NA,28,NA
266,NA,NA,172,"2025-02-22_KVPRG",NA,NA,NA,NA,NA,NA,NA,NA,NA,NA,NA,NA,NA,NA,NA,-8.6,NA,NA,NA,NA,NA,28,NA
267,NA,NA,172,"2025-02-22_KVPRG",NA,NA,NA,NA,NA,NA,NA,NA,NA,NA,NA,NA,NA,NA,NA,-8.6,NA,NA,NA,NA,NA,28,NA
268,NA,NA,172,"2025-02-22_KVPRG",NA,NA,NA,NA,NA,NA,NA,NA,NA,NA,NA,NA,NA,NA,NA,-8.6,NA,NA,NA,NA,NA,28,NA
269,NA,NA,172,"2025-02-22_KVPRG",NA,NA,NA,NA,NA,NA,NA,NA,NA,NA,NA,NA,NA,NA,NA,-8.6,NA,NA,NA,NA,NA,28,NA
270,NA,NA,172,"2025-02-22_KVPRG",NA,NA,NA,NA,NA,NA,NA,NA,NA,NA,NA,NA,NA,NA,NA,-8.6,NA,NA,NA,NA,NA,28,NA
271,NA,NA,172,"2025-02-22_KVPRG",NA,NA,NA,NA,NA,NA,NA,NA,NA,NA,NA,NA,NA,NA,NA,-8.6,NA,NA,NA,NA,NA,28,NA
272,NA,NA,172,"2025-02-22_KVPRG",NA,NA,NA,NA,NA,NA,NA,NA,NA,NA,NA,NA,NA,NA,NA,-8.6,NA,NA,NA,NA,NA,28,NA
273,NA,NA,172,"2025-02-22_KVPRG",NA,NA,NA,NA,NA,NA,NA,NA,NA,NA,NA,NA,NA,NA,NA,-8.6,NA,NA,NA,NA,NA,28,NA
274,NA,NA,172,"2025-02-22_KVPRG",NA,NA,NA,NA,NA,NA,NA,NA,NA,NA,NA,NA,NA,NA,NA,-8.6,NA,NA,NA,NA,NA,28,NA
275,NA,NA,172,"2025-02-22_KVPRG",NA,NA,NA,NA,NA,NA,NA,NA,NA,NA,NA,NA,NA,NA,NA,-8.6,NA,NA,NA,NA,NA,28,NA
276,NA,NA,172,"2025-02-22_KVPRG",NA,NA,NA,NA,NA,NA,NA,NA,NA,NA,NA,NA,NA,NA,NA,-8.6,NA,NA,NA,NA,NA,28,NA
277,NA,NA,172,"2025-02-22_KVPRG",NA,NA,NA,NA,NA,NA,NA,NA,NA,NA,NA,NA,NA,NA,NA,-8.6,NA,NA,NA,NA,NA,28,NA
278,NA,NA,172,"2025-02-22_KVPRG",NA,NA,NA,NA,NA,NA,NA,NA,NA,NA,NA,NA,NA,NA,NA,-8.6,NA,NA,NA,NA,NA,28,NA
279,NA,NA,171.833,"2025-02-22_KVPRG",NA,NA,NA,NA,NA,NA,NA,NA,NA,NA,NA,NA,NA,NA,NA,-8.6,NA,NA,NA,NA,NA,28,NA
280,NA,NA,171.667,"2025-02-22_KVPRG",NA,NA,NA,NA,NA,NA,NA,NA,NA,NA,NA,NA,NA,NA,NA,-8.6,NA,NA,NA,NA,NA,28,NA
281,NA,NA,171.5,"2025-02-22_KVPRG",NA,NA,NA,NA,NA,NA,NA,NA,NA,NA,NA,NA,NA,NA,NA,-8.6,NA,NA,NA,NA,NA,28,NA
282,NA,NA,171.333,"2025-02-22_KVPRG",NA,NA,NA,NA,NA,NA,NA,NA,NA,NA,NA,NA,NA,NA,NA,-8.6,NA,NA,NA,NA,NA,28,NA
283,NA,NA,171.167,"2025-02-22_KVPRG",NA,NA,NA,NA,NA,NA,NA,NA,NA,NA,NA,NA,NA,NA,NA,-8.6,NA,NA,NA,NA,NA,28,NA
284,NA,NA,171,"2025-02-22_KVPRG",NA,NA,NA,NA,NA,NA,NA,NA,NA,NA,NA,NA,NA,NA,NA,-8.6,NA,NA,NA,NA,NA,28,NA
285,NA,NA,171,"2025-02-22_KVPRG",NA,NA,NA,NA,NA,NA,NA,NA,NA,NA,NA,NA,NA,NA,NA,-8.6,NA,NA,NA,NA,NA,28,NA
286,NA,NA,171,"2025-02-22_KVPRG",NA,NA,NA,NA,NA,NA,NA,NA,NA,NA,NA,NA,NA,NA,NA,-8.6,NA,NA,NA,NA,NA,28,NA
287,NA,NA,171,"2025-02-22_KVPRG",NA,NA,NA,NA,NA,NA,NA,NA,NA,NA,NA,NA,NA,NA,NA,-8.6,NA,NA,NA,NA,NA,28,NA
288,NA,NA,171,"2025-02-22_KVPRG",NA,NA,NA,NA,NA,NA,NA,NA,NA,NA,NA,NA,NA,NA,NA,-8.6,NA,NA,NA,NA,NA,28,NA
289,NA,NA,171,"2025-02-22_KVPRG",NA,NA,NA,NA,NA,NA,NA,NA,NA,NA,NA,NA,NA,NA,NA,-8.6,NA,NA,NA,NA,NA,28,NA
290,NA,NA,171,"2025-02-22_KVPRG",NA,NA,NA,NA,NA,NA,NA,NA,NA,NA,NA,NA,NA,NA,NA,-8.6,NA,NA,NA,NA,NA,28,NA
291,NA,NA,171,"2025-02-22_KVPRG",NA,NA,NA,NA,NA,NA,NA,NA,NA,NA,NA,NA,NA,NA,NA,-8.6,NA,NA,NA,NA,NA,28,NA
292,NA,NA,171,"2025-02-22_KVPRG",NA,NA,NA,NA,NA,NA,NA,NA,NA,NA,NA,NA,NA,NA,NA,-8.6,NA,NA,NA,NA,NA,28,NA
293,NA,NA,171,"2025-02-22_KVPRG",NA,NA,NA,NA,NA,NA,NA,NA,NA,NA,NA,NA,NA,NA,NA,-8.6,NA,NA,NA,NA,NA,28,NA
294,NA,NA,171,"2025-02-22_KVPRG",NA,NA,NA,NA,NA,NA,NA,NA,NA,NA,NA,NA,NA,NA,NA,-8.6,NA,NA,NA,NA,NA,28,NA
295,NA,NA,171,"2025-02-22_KVPRG",NA,NA,NA,NA,NA,NA,NA,NA,NA,NA,NA,NA,NA,NA,NA,-8.6,NA,NA,NA,NA,NA,28,NA
296,NA,NA,171,"2025-02-22_KVPRG",NA,NA,NA,NA,NA,NA,NA,NA,NA,NA,NA,NA,NA,NA,NA,-8.6,NA,NA,NA,NA,NA,28,NA
297,NA,NA,171.167,"2025-02-22_KVPRG",NA,NA,NA,NA,NA,NA,NA,NA,NA,NA,NA,NA,NA,NA,NA,-8.6,NA,NA,NA,NA,NA,28,NA
298,NA,NA,171.333,"2025-02-22_KVPRG",NA,NA,NA,NA,NA,NA,NA,NA,NA,NA,NA,NA,NA,NA,NA,-8.6,NA,NA,NA,NA,NA,28,NA
299,NA,NA,171.5,"2025-02-22_KVPRG",NA,NA,NA,NA,NA,NA,NA,NA,NA,NA,NA,NA,NA,NA,NA,-8.6,NA,NA,NA,NA,NA,28,NA
300,NA,NA,171.667,"2025-02-22_KVPRG",NA,NA,NA,NA,NA,NA,NA,NA,NA,NA,NA,NA,NA,NA,NA,-8.6,NA,NA,NA,NA,NA,28,NA
301,NA,NA,171.833,"2025-02-22_KVPRG",NA,NA,NA,NA,NA,NA,NA,NA,NA,NA,NA,NA,NA,NA,NA,-8.6,NA,NA,NA,NA,NA,28,NA
302,NA,NA,172,"2025-02-22_KVPRG",NA,NA,NA,NA,NA,NA,NA,NA,NA,NA,NA,NA,NA,NA,NA,-8.6,NA,NA,NA,NA,NA,28,NA
303,NA,NA,171.833,"2025-02-22_KVPRG",NA,NA,NA,NA,NA,NA,NA,NA,NA,NA,NA,NA,NA,NA,NA,-8.6,NA,NA,NA,NA,NA,28,NA
304,NA,NA,171.667,"2025-02-22_KVPRG",NA,NA,NA,NA,NA,NA,NA,NA,NA,NA,NA,NA,NA,NA,NA,-8.6,NA,NA,NA,NA,NA,28,NA
305,NA,NA,171.5,"2025-02-22_KVPRG",NA,NA,NA,NA,NA,NA,NA,NA,NA,NA,NA,NA,NA,NA,NA,-8.6,NA,NA,NA,NA,NA,28,NA
306,NA,NA,171.333,"2025-02-22_KVPRG",NA,NA,NA,NA,NA,NA,NA,NA,NA,NA,NA,NA,NA,NA,NA,-8.6,NA,NA,NA,NA,NA,28,NA
307,NA,NA,171.167,"2025-02-22_KVPRG",NA,NA,NA,NA,NA,NA,NA,NA,NA,NA,NA,NA,NA,NA,NA,-8.6,NA,NA,NA,NA,NA,28,NA
308,NA,NA,171,"2025-02-22_KVPRG",NA,NA,NA,NA,NA,NA,NA,NA,NA,NA,NA,NA,NA,NA,NA,-8.6,NA,NA,NA,NA,NA,28,NA
309,NA,NA,171,"2025-02-22_KVPRG",NA,NA,NA,NA,NA,NA,NA,NA,NA,NA,NA,NA,NA,NA,NA,-8.6,NA,NA,NA,NA,NA,29,NA
310,NA,NA,171,"2025-02-22_KVPRG",NA,NA,NA,NA,NA,NA,NA,NA,NA,NA,NA,NA,NA,NA,NA,-8.6,NA,NA,NA,NA,NA,29,NA
311,NA,NA,171,"2025-02-22_KVPRG",NA,NA,NA,NA,NA,NA,NA,NA,NA,NA,NA,NA,NA,NA,NA,-8.6,NA,NA,NA,NA,NA,29,NA
312,NA,NA,171,"2025-02-22_KVPRG",NA,NA,NA,NA,NA,NA,NA,NA,NA,NA,NA,NA,NA,NA,NA,-8.6,NA,NA,NA,NA,NA,29,NA
313,NA,NA,171,"2025-02-22_KVPRG",NA,NA,NA,NA,NA,NA,NA,NA,NA,NA,NA,NA,NA,NA,NA,-8.6,NA,NA,NA,NA,NA,29,NA
314,NA,NA,171,"2025-02-22_KVPRG",NA,NA,NA,NA,NA,NA,NA,NA,NA,NA,NA,NA,NA,NA,NA,-8.6,NA,NA,NA,NA,NA,29,NA
315,NA,NA,171.333,"2025-02-22_KVPRG",NA,NA,NA,NA,NA,NA,NA,NA,NA,NA,NA,NA,NA,NA,NA,-8.6,NA,NA,NA,NA,NA,29,NA
316,NA,NA,171.667,"2025-02-22_KVPRG",NA,NA,NA,NA,NA,NA,NA,NA,NA,NA,NA,NA,NA,NA,NA,-8.6,NA,NA,NA,NA,NA,29,NA
317,NA,NA,172,"2025-02-22_KVPRG",NA,NA,NA,NA,NA,NA,NA,NA,NA,NA,NA,NA,NA,NA,NA,-8.6,NA,NA,NA,NA,NA,29,NA
318,NA,NA,172.333,"2025-02-22_KVPRG",NA,NA,NA,NA,NA,NA,NA,NA,NA,NA,NA,NA,NA,NA,NA,-8.6,NA,NA,NA,NA,NA,29,NA
319,NA,NA,172.667,"2025-02-22_KVPRG",NA,NA,NA,NA,NA,NA,NA,NA,NA,NA,NA,NA,NA,NA,NA,-8.6,NA,NA,NA,NA,NA,29,NA
320,NA,NA,173,"2025-02-22_KVPRG",NA,NA,NA,NA,NA,NA,NA,NA,NA,NA,NA,NA,NA,NA,NA,-8.6,NA,NA,NA,NA,NA,29,NA
321,NA,NA,173,"2025-02-22_KVPRG",NA,NA,NA,NA,NA,NA,NA,NA,NA,NA,NA,NA,NA,NA,NA,-8.6,NA,NA,NA,NA,NA,29,NA
322,NA,NA,173,"2025-02-22_KVPRG",NA,NA,NA,NA,NA,NA,NA,NA,NA,NA,NA,NA,NA,NA,NA,-8.6,NA,NA,NA,NA,NA,29,NA
323,NA,NA,173,"2025-02-22_KVPRG",NA,NA,NA,NA,NA,NA,NA,NA,NA,NA,NA,NA,NA,NA,NA,-8.6,NA,NA,NA,NA,NA,29,NA
324,NA,NA,173,"2025-02-22_KVPRG",NA,NA,NA,NA,NA,NA,NA,NA,NA,NA,NA,NA,NA,NA,NA,-8.6,NA,NA,NA,NA,NA,29,NA
325,NA,NA,173,"2025-02-22_KVPRG",NA,NA,NA,NA,NA,NA,NA,NA,NA,NA,NA,NA,NA,NA,NA,-8.6,NA,NA,NA,NA,NA,29,NA
326,NA,NA,173,"2025-02-22_KVPRG",NA,NA,NA,NA,NA,NA,NA,NA,NA,NA,NA,NA,NA,NA,NA,-8.6,NA,NA,NA,NA,NA,29,NA
327,NA,NA,173,"2025-02-22_KVPRG",NA,NA,NA,NA,NA,NA,NA,NA,NA,NA,NA,NA,NA,NA,NA,-8.6,NA,NA,NA,NA,NA,28,NA
328,NA,NA,173,"2025-02-22_KVPRG",NA,NA,NA,NA,NA,NA,NA,NA,NA,NA,NA,NA,NA,NA,NA,-8.6,NA,NA,NA,NA,NA,28,NA
329,NA,NA,173,"2025-02-22_KVPRG",NA,NA,NA,NA,NA,NA,NA,NA,NA,NA,NA,NA,NA,NA,NA,-8.6,NA,NA,NA,NA,NA,28,NA
330,NA,NA,173,"2025-02-22_KVPRG",NA,NA,NA,NA,NA,NA,NA,NA,NA,NA,NA,NA,NA,NA,NA,-8.6,NA,NA,NA,NA,NA,28,NA
331,NA,NA,173,"2025-02-22_KVPRG",NA,NA,NA,NA,NA,NA,NA,NA,NA,NA,NA,NA,NA,NA,NA,-8.6,NA,NA,NA,NA,NA,28,NA
332,NA,NA,173,"2025-02-22_KVPRG",NA,NA,NA,NA,NA,NA,NA,NA,NA,NA,NA,NA,NA,NA,NA,-8.6,NA,NA,NA,NA,NA,28,NA
333,NA,NA,173,"2025-02-22_KVPRG",NA,NA,NA,NA,NA,NA,NA,NA,NA,NA,NA,NA,NA,NA,NA,-8.6,NA,NA,NA,NA,NA,29,NA
334,NA,NA,173,"2025-02-22_KVPRG",NA,NA,NA,NA,NA,NA,NA,NA,NA,NA,NA,NA,NA,NA,NA,-8.6,NA,NA,NA,NA,NA,29,NA
335,NA,NA,173,"2025-02-22_KVPRG",NA,NA,NA,NA,NA,NA,NA,NA,NA,NA,NA,NA,NA,NA,NA,-8.6,NA,NA,NA,NA,NA,29,NA
336,NA,NA,173,"2025-02-22_KVPRG",NA,NA,NA,NA,NA,NA,NA,NA,NA,NA,NA,NA,NA,NA,NA,-8.6,NA,NA,NA,NA,NA,29,NA
337,NA,NA,173,"2025-02-22_KVPRG",NA,NA,NA,NA,NA,NA,NA,NA,NA,NA,NA,NA,NA,NA,NA,-8.6,NA,NA,NA,NA,NA,29,NA
338,NA,NA,173,"2025-02-22_KVPRG",NA,NA,NA,NA,NA,NA,NA,NA,NA,NA,NA,NA,NA,NA,NA,-8.6,NA,NA,NA,NA,NA,29,NA
339,NA,NA,173,"2025-02-22_KVPRG",NA,NA,NA,NA,NA,NA,NA,NA,NA,NA,NA,NA,NA,NA,NA,-8.6,NA,NA,NA,NA,NA,29,NA
340,NA,NA,173,"2025-02-22_KVPRG",NA,NA,NA,NA,NA,NA,NA,NA,NA,NA,NA,NA,NA,NA,NA,-8.6,NA,NA,NA,NA,NA,29,NA
341,NA,NA,173,"2025-02-22_KVPRG",NA,NA,NA,NA,NA,NA,NA,NA,NA,NA,NA,NA,NA,NA,NA,-8.6,NA,NA,NA,NA,NA,29,NA
342,NA,NA,173,"2025-02-22_KVPRG",NA,NA,NA,NA,NA,NA,NA,NA,NA,NA,NA,NA,NA,NA,NA,-8.6,NA,NA,NA,NA,NA,29,NA
343,NA,NA,173,"2025-02-22_KVPRG",NA,NA,NA,NA,NA,NA,NA,NA,NA,NA,NA,NA,NA,NA,NA,-8.6,NA,NA,NA,NA,NA,29,NA
344,NA,NA,173,"2025-02-22_KVPRG",NA,NA,NA,NA,NA,NA,NA,NA,NA,NA,NA,NA,NA,NA,NA,-8.6,NA,NA,NA,NA,NA,29,NA
345,NA,NA,173,"2025-02-22_KVPRG",NA,NA,NA,NA,NA,NA,NA,NA,NA,NA,NA,NA,NA,NA,NA,-7.96,NA,NA,NA,NA,NA,28,NA
346,NA,NA,173,"2025-02-22_KVPRG",NA,NA,NA,NA,NA,NA,NA,NA,NA,NA,NA,NA,NA,NA,NA,-7.32,NA,NA,NA,NA,NA,28,NA
347,NA,NA,173,"2025-02-22_KVPRG",NA,NA,NA,NA,NA,NA,NA,NA,NA,NA,NA,NA,NA,NA,NA,-6.68,NA,NA,NA,NA,NA,28,NA
348,NA,NA,173,"2025-02-22_KVPRG",NA,NA,NA,NA,NA,NA,NA,NA,NA,NA,NA,NA,NA,NA,NA,-6.04,NA,NA,NA,NA,NA,28,NA
349,NA,NA,173,"2025-02-22_KVPRG",NA,NA,NA,NA,NA,NA,NA,NA,NA,NA,NA,NA,NA,NA,NA,-5.4,NA,NA,NA,NA,NA,28,NA
350,NA,NA,173.25,"2025-02-22_KVPRG",NA,NA,NA,NA,NA,NA,NA,NA,NA,NA,NA,NA,NA,NA,NA,-5.7,NA,NA,NA,NA,NA,29,NA
351,NA,NA,173.5,"2025-02-22_KVPRG",NA,NA,NA,NA,NA,NA,NA,NA,NA,NA,NA,NA,NA,NA,NA,-6,NA,NA,NA,NA,NA,29,NA
352,NA,NA,173.75,"2025-02-22_KVPRG",NA,NA,NA,NA,NA,NA,NA,NA,NA,NA,NA,NA,NA,NA,NA,-6.3,NA,NA,NA,NA,NA,29,NA
353,NA,NA,174,"2025-02-22_KVPRG",NA,NA,NA,NA,NA,NA,NA,NA,NA,NA,NA,NA,NA,NA,NA,-6.6,NA,NA,NA,NA,NA,29,NA
354,NA,NA,173.5,"2025-02-22_KVPRG",NA,NA,NA,NA,NA,NA,NA,NA,NA,NA,NA,NA,NA,NA,NA,-7.2,NA,NA,NA,NA,NA,28,NA
355,NA,NA,173,"2025-02-22_KVPRG",NA,NA,NA,NA,NA,NA,NA,NA,NA,NA,NA,NA,NA,NA,NA,-7.8,NA,NA,NA,NA,NA,28,NA
356,NA,NA,174,"2025-02-22_KVPRG",NA,NA,NA,NA,NA,NA,NA,NA,NA,NA,NA,NA,NA,NA,NA,-7.9333,NA,NA,NA,NA,NA,28,NA
357,NA,NA,175,"2025-02-22_KVPRG",NA,NA,NA,NA,NA,NA,NA,NA,NA,NA,NA,NA,NA,NA,NA,-8.0667,NA,NA,NA,NA,NA,28,NA
358,NA,NA,176,"2025-02-22_KVPRG",NA,NA,NA,NA,NA,NA,NA,NA,NA,NA,NA,NA,NA,NA,NA,-8.2,NA,NA,NA,NA,NA,28,NA
359,NA,NA,173,"2025-02-22_KVPRG",NA,NA,NA,NA,NA,NA,NA,NA,NA,NA,NA,NA,NA,NA,NA,-8.2,NA,NA,NA,NA,NA,28,NA
360,NA,NA,172.667,"2025-02-22_KVPRG",NA,NA,NA,NA,NA,NA,NA,NA,NA,NA,NA,NA,NA,NA,NA,-8.1333,NA,NA,NA,NA,NA,28,NA
361,NA,NA,172.333,"2025-02-22_KVPRG",NA,NA,NA,NA,NA,NA,NA,NA,NA,NA,NA,NA,NA,NA,NA,-8.0667,NA,NA,NA,NA,NA,28,NA
362,NA,NA,172,"2025-02-22_KVPRG",NA,NA,NA,NA,NA,NA,NA,NA,NA,NA,NA,NA,NA,NA,NA,-8,NA,NA,NA,NA,NA,28,NA
363,NA,NA,171.667,"2025-02-22_KVPRG",NA,NA,NA,NA,NA,NA,NA,NA,NA,NA,NA,NA,NA,NA,NA,-7.9333,NA,NA,NA,NA,NA,28,NA
364,NA,NA,171.333,"2025-02-22_KVPRG",NA,NA,NA,NA,NA,NA,NA,NA,NA,NA,NA,NA,NA,NA,NA,-7.8667,NA,NA,NA,NA,NA,28,NA
365,NA,NA,171,"2025-02-22_KVPRG",NA,NA,NA,NA,NA,NA,NA,NA,NA,NA,NA,NA,NA,NA,NA,-7.8,NA,NA,NA,NA,NA,28,NA
366,NA,NA,167,"2025-02-22_KVPRG",NA,NA,NA,NA,NA,NA,NA,NA,NA,NA,NA,NA,NA,NA,NA,-8,NA,NA,NA,NA,NA,28,NA
367,NA,NA,166,"2025-02-22_KVPRG",NA,NA,NA,NA,NA,NA,NA,NA,NA,NA,NA,NA,NA,NA,NA,-7.9333,NA,NA,NA,NA,NA,29,NA
368,NA,NA,165,"2025-02-22_KVPRG",NA,NA,NA,NA,NA,NA,NA,NA,NA,NA,NA,NA,NA,NA,NA,-7.8667,NA,NA,NA,NA,NA,29,NA
369,NA,NA,164,"2025-02-22_KVPRG",NA,NA,NA,NA,NA,NA,NA,NA,NA,NA,NA,NA,NA,NA,NA,-7.8,NA,NA,NA,NA,NA,29,NA
370,NA,NA,163.4,"2025-02-22_KVPRG",NA,NA,NA,NA,NA,NA,NA,NA,NA,NA,NA,NA,NA,NA,NA,-7.84,NA,NA,NA,NA,NA,29,NA
371,NA,NA,162.8,"2025-02-22_KVPRG",NA,NA,NA,NA,NA,NA,NA,NA,NA,NA,NA,NA,NA,NA,NA,-7.88,NA,NA,NA,NA,NA,29,NA
372,NA,NA,162.2,"2025-02-22_KVPRG",NA,NA,NA,NA,NA,NA,NA,NA,NA,NA,NA,NA,NA,NA,NA,-7.92,NA,NA,NA,NA,NA,29,NA
373,NA,NA,161.6,"2025-02-22_KVPRG",NA,NA,NA,NA,NA,NA,NA,NA,NA,NA,NA,NA,NA,NA,NA,-7.96,NA,NA,NA,NA,NA,29,NA
374,NA,NA,161,"2025-02-22_KVPRG",NA,NA,NA,NA,NA,NA,NA,NA,NA,NA,NA,NA,NA,NA,NA,-8,NA,NA,NA,NA,NA,29,NA
375,NA,NA,160.667,"2025-02-22_KVPRG",NA,NA,NA,NA,NA,NA,NA,NA,NA,NA,NA,NA,NA,NA,NA,-8.0667,NA,NA,NA,NA,NA,29,NA
376,NA,NA,160.333,"2025-02-22_KVPRG",NA,NA,NA,NA,NA,NA,NA,NA,NA,NA,NA,NA,NA,NA,NA,-8.1333,NA,NA,NA,NA,NA,29,NA
377,NA,NA,160,"2025-02-22_KVPRG",NA,NA,NA,NA,NA,NA,NA,NA,NA,NA,NA,NA,NA,NA,NA,-8.2,NA,NA,NA,NA,NA,29,NA
378,NA,NA,159.667,"2025-02-22_KVPRG",NA,NA,NA,NA,NA,NA,NA,NA,NA,NA,NA,NA,NA,NA,NA,-8.2667,NA,NA,NA,NA,NA,29,NA
379,NA,NA,159.333,"2025-02-22_KVPRG",NA,NA,NA,NA,NA,NA,NA,NA,NA,NA,NA,NA,NA,NA,NA,-8.3333,NA,NA,NA,NA,NA,29,NA
380,NA,NA,159,"2025-02-22_KVPRG",NA,NA,NA,NA,NA,NA,NA,NA,NA,NA,NA,NA,NA,NA,NA,-8.4,NA,NA,NA,NA,NA,29,NA
381,NA,NA,160,"2025-02-22_KVPRG",NA,NA,NA,NA,NA,NA,NA,NA,NA,NA,NA,NA,NA,NA,NA,-8.3333,NA,NA,NA,NA,NA,28,NA
382,NA,NA,161,"2025-02-22_KVPRG",NA,NA,NA,NA,NA,NA,NA,NA,NA,NA,NA,NA,NA,NA,NA,-8.2667,NA,NA,NA,NA,NA,28,NA
383,NA,NA,162,"2025-02-22_KVPRG",NA,NA,NA,NA,NA,NA,NA,NA,NA,NA,NA,NA,NA,NA,NA,-8.2,NA,NA,NA,NA,NA,28,NA
384,NA,NA,163.5,"2025-02-22_KVPRG",NA,NA,NA,NA,NA,NA,NA,NA,NA,NA,NA,NA,NA,NA,NA,-8,NA,NA,NA,NA,NA,28,NA
385,NA,NA,165,"2025-02-22_KVPRG",NA,NA,NA,NA,NA,NA,NA,NA,NA,NA,NA,NA,NA,NA,NA,-7.8,NA,NA,NA,NA,NA,28,NA
386,NA,NA,166.667,"2025-02-22_KVPRG",NA,NA,NA,NA,NA,NA,NA,NA,NA,NA,NA,NA,NA,NA,NA,-7.6667,NA,NA,NA,NA,NA,28,NA
387,NA,NA,168.333,"2025-02-22_KVPRG",NA,NA,NA,NA,NA,NA,NA,NA,NA,NA,NA,NA,NA,NA,NA,-7.5333,NA,NA,NA,NA,NA,28,NA
388,NA,NA,170,"2025-02-22_KVPRG",NA,NA,NA,NA,NA,NA,NA,NA,NA,NA,NA,NA,NA,NA,NA,-7.4,NA,NA,NA,NA,NA,28,NA
389,NA,NA,170.333,"2025-02-22_KVPRG",NA,NA,NA,NA,NA,NA,NA,NA,NA,NA,NA,NA,NA,NA,NA,-7.4,NA,NA,NA,NA,NA,28,NA
390,NA,NA,170.667,"2025-02-22_KVPRG",NA,NA,NA,NA,NA,NA,NA,NA,NA,NA,NA,NA,NA,NA,NA,-7.4,NA,NA,NA,NA,NA,28,NA
391,NA,NA,171,"2025-02-22_KVPRG",NA,NA,NA,NA,NA,NA,NA,NA,NA,NA,NA,NA,NA,NA,NA,-7.4,NA,NA,NA,NA,NA,28,NA
392,NA,NA,171.333,"2025-02-22_KVPRG",NA,NA,NA,NA,NA,NA,NA,NA,NA,NA,NA,NA,NA,NA,NA,-7.4,NA,NA,NA,NA,NA,28,NA
393,NA,NA,171.667,"2025-02-22_KVPRG",NA,NA,NA,NA,NA,NA,NA,NA,NA,NA,NA,NA,NA,NA,NA,-7.4,NA,NA,NA,NA,NA,28,NA
394,NA,NA,172,"2025-02-22_KVPRG",NA,NA,NA,NA,NA,NA,NA,NA,NA,NA,NA,NA,NA,NA,NA,-7.4,NA,NA,NA,NA,NA,28,NA
395,NA,NA,172,"2025-02-22_KVPRG",NA,NA,NA,NA,NA,NA,NA,NA,NA,NA,NA,NA,NA,NA,NA,-7.4,NA,NA,NA,NA,NA,28,NA
396,NA,NA,172,"2025-02-22_KVPRG",NA,NA,NA,NA,NA,NA,NA,NA,NA,NA,NA,NA,NA,NA,NA,-7.4,NA,NA,NA,NA,NA,28,NA
397,NA,NA,172,"2025-02-22_KVPRG",NA,NA,NA,NA,NA,NA,NA,NA,NA,NA,NA,NA,NA,NA,NA,-7.4,NA,NA,NA,NA,NA,28,NA
398,NA,NA,172,"2025-02-22_KVPRG",NA,NA,NA,NA,NA,NA,NA,NA,NA,NA,NA,NA,NA,NA,NA,-7.4,NA,NA,NA,NA,NA,28,NA
399,NA,NA,172,"2025-02-22_KVPRG",NA,NA,NA,NA,NA,NA,NA,NA,NA,NA,NA,NA,NA,NA,NA,-7.4,NA,NA,NA,NA,NA,28,NA
400,NA,NA,172,"2025-02-22_KVPRG",NA,NA,NA,NA,NA,NA,NA,NA,NA,NA,NA,NA,NA,NA,NA,-7.4,NA,NA,NA,NA,NA,28,NA
401,NA,NA,171.833,"2025-02-22_KVPRG",NA,NA,NA,NA,NA,NA,NA,NA,NA,NA,NA,NA,NA,NA,NA,-7.3667,NA,NA,NA,NA,NA,28,NA
402,NA,NA,171.667,"2025-02-22_KVPRG",NA,NA,NA,NA,NA,NA,NA,NA,NA,NA,NA,NA,NA,NA,NA,-7.3333,NA,NA,NA,NA,NA,28,NA
403,NA,NA,171.5,"2025-02-22_KVPRG",NA,NA,NA,NA,NA,NA,NA,NA,NA,NA,NA,NA,NA,NA,NA,-7.3,NA,NA,NA,NA,NA,28,NA
404,NA,NA,171.333,"2025-02-22_KVPRG",NA,NA,NA,NA,NA,NA,NA,NA,NA,NA,NA,NA,NA,NA,NA,-7.2667,NA,NA,NA,NA,NA,28,NA
405,NA,NA,171.167,"2025-02-22_KVPRG",NA,NA,NA,NA,NA,NA,NA,NA,NA,NA,NA,NA,NA,NA,NA,-7.2333,NA,NA,NA,NA,NA,28,NA
406,NA,NA,171,"2025-02-22_KVPRG",NA,NA,NA,NA,NA,NA,NA,NA,NA,NA,NA,NA,NA,NA,NA,-7.2,NA,NA,NA,NA,NA,28,NA
407,NA,NA,170,"2025-02-22_KVPRG",NA,NA,NA,NA,NA,NA,NA,NA,NA,NA,NA,NA,NA,NA,NA,-7.2,NA,NA,NA,NA,NA,28,NA
408,NA,NA,169,"2025-02-22_KVPRG",NA,NA,NA,NA,NA,NA,NA,NA,NA,NA,NA,NA,NA,NA,NA,-7.2,NA,NA,NA,NA,NA,28,NA
409,NA,NA,168,"2025-02-22_KVPRG",NA,NA,NA,NA,NA,NA,NA,NA,NA,NA,NA,NA,NA,NA,NA,-7.2,NA,NA,NA,NA,NA,28,NA
410,NA,NA,167.667,"2025-02-22_KVPRG",NA,NA,NA,NA,NA,NA,NA,NA,NA,NA,NA,NA,NA,NA,NA,-7.2,NA,NA,NA,NA,NA,28,NA
411,NA,NA,167.333,"2025-02-22_KVPRG",NA,NA,NA,NA,NA,NA,NA,NA,NA,NA,NA,NA,NA,NA,NA,-7.2,NA,NA,NA,NA,NA,28,NA
412,NA,NA,167,"2025-02-22_KVPRG",NA,NA,NA,NA,NA,NA,NA,NA,NA,NA,NA,NA,NA,NA,NA,-7.2,NA,NA,NA,NA,NA,28,NA
413,NA,NA,166.667,"2025-02-22_KVPRG",NA,NA,NA,NA,NA,NA,NA,NA,NA,NA,NA,NA,NA,NA,NA,-7.2,NA,NA,NA,NA,NA,28,NA
414,NA,NA,166.333,"2025-02-22_KVPRG",NA,NA,NA,NA,NA,NA,NA,NA,NA,NA,NA,NA,NA,NA,NA,-7.2,NA,NA,NA,NA,NA,28,NA
415,NA,NA,166,"2025-02-22_KVPRG",NA,NA,NA,NA,NA,NA,NA,NA,NA,NA,NA,NA,NA,NA,NA,-7.2,NA,NA,NA,NA,NA,28,NA
416,NA,NA,165.2,"2025-02-22_KVPRG",NA,NA,NA,NA,NA,NA,NA,NA,NA,NA,NA,NA,NA,NA,NA,-7.12,NA,NA,NA,NA,NA,28,NA
417,NA,NA,164.4,"2025-02-22_KVPRG",NA,NA,NA,NA,NA,NA,NA,NA,NA,NA,NA,NA,NA,NA,NA,-7.04,NA,NA,NA,NA,NA,28,NA
418,NA,NA,163.6,"2025-02-22_KVPRG",NA,NA,NA,NA,NA,NA,NA,NA,NA,NA,NA,NA,NA,NA,NA,-6.96,NA,NA,NA,NA,NA,28,NA
419,NA,NA,162.8,"2025-02-22_KVPRG",NA,NA,NA,NA,NA,NA,NA,NA,NA,NA,NA,NA,NA,NA,NA,-6.88,NA,NA,NA,NA,NA,28,NA
420,NA,NA,162,"2025-02-22_KVPRG",NA,NA,NA,NA,NA,NA,NA,NA,NA,NA,NA,NA,NA,NA,NA,-6.8,NA,NA,NA,NA,NA,28,NA
421,NA,NA,161.667,"2025-02-22_KVPRG",NA,NA,NA,NA,NA,NA,NA,NA,NA,NA,NA,NA,NA,NA,NA,-6.7,NA,NA,NA,NA,NA,28,NA
422,NA,NA,161.333,"2025-02-22_KVPRG",NA,NA,NA,NA,NA,NA,NA,NA,NA,NA,NA,NA,NA,NA,NA,-6.6,NA,NA,NA,NA,NA,28,NA
423,NA,NA,161,"2025-02-22_KVPRG",NA,NA,NA,NA,NA,NA,NA,NA,NA,NA,NA,NA,NA,NA,NA,-6.5,NA,NA,NA,NA,NA,28,NA
424,NA,NA,160.667,"2025-02-22_KVPRG",NA,NA,NA,NA,NA,NA,NA,NA,NA,NA,NA,NA,NA,NA,NA,-6.4,NA,NA,NA,NA,NA,28,NA
425,NA,NA,160.333,"2025-02-22_KVPRG",NA,NA,NA,NA,NA,NA,NA,NA,NA,NA,NA,NA,NA,NA,NA,-6.3,NA,NA,NA,NA,NA,28,NA
426,NA,NA,160,"2025-02-22_KVPRG",NA,NA,NA,NA,NA,NA,NA,NA,NA,NA,NA,NA,NA,NA,NA,-6.2,NA,NA,NA,NA,NA,28,NA
427,NA,NA,160.6,"2025-02-22_KVPRG",NA,NA,NA,NA,NA,NA,NA,NA,NA,NA,NA,NA,NA,NA,NA,-6.16,NA,NA,NA,NA,NA,28,NA
428,NA,NA,161.2,"2025-02-22_KVPRG",NA,NA,NA,NA,NA,NA,NA,NA,NA,NA,NA,NA,NA,NA,NA,-6.12,NA,NA,NA,NA,NA,28,NA
429,NA,NA,161.8,"2025-02-22_KVPRG",NA,NA,NA,NA,NA,NA,NA,NA,NA,NA,NA,NA,NA,NA,NA,-6.08,NA,NA,NA,NA,NA,28,NA
430,NA,NA,162.4,"2025-02-22_KVPRG",NA,NA,NA,NA,NA,NA,NA,NA,NA,NA,NA,NA,NA,NA,NA,-6.04,NA,NA,NA,NA,NA,28,NA
431,NA,NA,163,"2025-02-22_KVPRG",NA,NA,NA,NA,NA,NA,NA,NA,NA,NA,NA,NA,NA,NA,NA,-6,NA,NA,NA,NA,NA,28,NA
432,NA,NA,160.333,"2025-02-22_KVPRG",NA,NA,NA,NA,NA,NA,NA,NA,NA,NA,NA,NA,NA,NA,NA,-6,NA,NA,NA,NA,NA,28,NA
433,NA,NA,157.667,"2025-02-22_KVPRG",NA,NA,NA,NA,NA,NA,NA,NA,NA,NA,NA,NA,NA,NA,NA,-6,NA,NA,NA,NA,NA,28,NA
434,NA,NA,155,"2025-02-22_KVPRG",NA,NA,NA,NA,NA,NA,NA,NA,NA,NA,NA,NA,NA,NA,NA,-6,NA,NA,NA,NA,NA,28,NA
435,NA,NA,152,"2025-02-22_KVPRG",NA,NA,NA,NA,NA,NA,NA,NA,NA,NA,NA,NA,NA,NA,NA,-6.4,NA,NA,NA,NA,NA,28,NA
436,NA,NA,148,"2025-02-22_KVPRG",NA,NA,NA,NA,NA,NA,NA,NA,NA,NA,NA,NA,NA,NA,NA,-6.4,NA,NA,NA,NA,NA,28,NA
437,NA,NA,143,"2025-02-22_KVPRG",NA,NA,NA,NA,NA,NA,NA,NA,NA,NA,NA,NA,NA,NA,NA,-6.6,NA,NA,NA,NA,NA,28,NA
438,NA,NA,140,"2025-02-22_KVPRG",NA,NA,NA,NA,NA,NA,NA,NA,NA,NA,NA,NA,NA,NA,NA,-6.6,NA,NA,NA,NA,NA,28,NA
439,NA,NA,137,"2025-02-22_KVPRG",NA,NA,NA,NA,NA,NA,NA,NA,NA,NA,NA,NA,NA,NA,NA,-6.6,NA,NA,NA,NA,NA,28,NA
440,NA,NA,137.6,"2025-02-22_KVPRG",NA,NA,NA,NA,NA,NA,NA,NA,NA,NA,NA,NA,NA,NA,NA,-6.44,NA,NA,NA,NA,NA,28,NA
441,NA,NA,138.2,"2025-02-22_KVPRG",NA,NA,NA,NA,NA,NA,NA,NA,NA,NA,NA,NA,NA,NA,NA,-6.28,NA,NA,NA,NA,NA,28,NA
442,NA,NA,138.8,"2025-02-22_KVPRG",NA,NA,NA,NA,NA,NA,NA,NA,NA,NA,NA,NA,NA,NA,NA,-6.12,NA,NA,NA,NA,NA,28,NA
443,NA,NA,139.4,"2025-02-22_KVPRG",NA,NA,NA,NA,NA,NA,NA,NA,NA,NA,NA,NA,NA,NA,NA,-5.96,NA,NA,NA,NA,NA,28,NA
444,NA,NA,140,"2025-02-22_KVPRG",NA,NA,NA,NA,NA,NA,NA,NA,NA,NA,NA,NA,NA,NA,NA,-5.8,NA,NA,NA,NA,NA,28,NA
445,NA,NA,140.5,"2025-02-22_KVPRG",NA,NA,NA,NA,NA,NA,NA,NA,NA,NA,NA,NA,NA,NA,NA,-5.8667,NA,NA,NA,NA,NA,28,NA
446,NA,NA,141,"2025-02-22_KVPRG",NA,NA,NA,NA,NA,NA,NA,NA,NA,NA,NA,NA,NA,NA,NA,-5.9333,NA,NA,NA,NA,NA,28,NA
447,NA,NA,141.5,"2025-02-22_KVPRG",NA,NA,NA,NA,NA,NA,NA,NA,NA,NA,NA,NA,NA,NA,NA,-6,NA,NA,NA,NA,NA,28,NA
448,NA,NA,142,"2025-02-22_KVPRG",NA,NA,NA,NA,NA,NA,NA,NA,NA,NA,NA,NA,NA,NA,NA,-6.0667,NA,NA,NA,NA,NA,28,NA
449,NA,NA,142.5,"2025-02-22_KVPRG",NA,NA,NA,NA,NA,NA,NA,NA,NA,NA,NA,NA,NA,NA,NA,-6.1333,NA,NA,NA,NA,NA,28,NA
450,NA,NA,143,"2025-02-22_KVPRG",NA,NA,NA,NA,NA,NA,NA,NA,NA,NA,NA,NA,NA,NA,NA,-6.2,NA,NA,NA,NA,NA,28,NA
451,NA,NA,142.667,"2025-02-22_KVPRG",NA,NA,NA,NA,NA,NA,NA,NA,NA,NA,NA,NA,NA,NA,NA,-6.0667,NA,NA,NA,NA,NA,28,NA
452,NA,NA,142.333,"2025-02-22_KVPRG",NA,NA,NA,NA,NA,NA,NA,NA,NA,NA,NA,NA,NA,NA,NA,-5.9333,NA,NA,NA,NA,NA,28,NA
453,NA,NA,142,"2025-02-22_KVPRG",NA,NA,NA,NA,NA,NA,NA,NA,NA,NA,NA,NA,NA,NA,NA,-5.8,NA,NA,NA,NA,NA,28,NA
454,NA,NA,141.667,"2025-02-22_KVPRG",NA,NA,NA,NA,NA,NA,NA,NA,NA,NA,NA,NA,NA,NA,NA,-5.7667,NA,NA,NA,NA,NA,28,NA
455,NA,NA,141.333,"2025-02-22_KVPRG",NA,NA,NA,NA,NA,NA,NA,NA,NA,NA,NA,NA,NA,NA,NA,-5.7333,NA,NA,NA,NA,NA,28,NA
456,NA,NA,141,"2025-02-22_KVPRG",NA,NA,NA,NA,NA,NA,NA,NA,NA,NA,NA,NA,NA,NA,NA,-5.7,NA,NA,NA,NA,NA,28,NA
457,NA,NA,140.667,"2025-02-22_KVPRG",NA,NA,NA,NA,NA,NA,NA,NA,NA,NA,NA,NA,NA,NA,NA,-5.6667,NA,NA,NA,NA,NA,28,NA
458,NA,NA,140.333,"2025-02-22_KVPRG",NA,NA,NA,NA,NA,NA,NA,NA,NA,NA,NA,NA,NA,NA,NA,-5.6333,NA,NA,NA,NA,NA,28,NA
459,NA,NA,140,"2025-02-22_KVPRG",NA,NA,NA,NA,NA,NA,NA,NA,NA,NA,NA,NA,NA,NA,NA,-5.6,NA,NA,NA,NA,NA,28,NA
460,NA,NA,139,"2025-02-22_KVPRG",NA,NA,NA,NA,NA,NA,NA,NA,NA,NA,NA,NA,NA,NA,NA,-5.6,NA,NA,NA,NA,NA,28,NA
461,NA,NA,138,"2025-02-22_KVPRG",NA,NA,NA,NA,NA,NA,NA,NA,NA,NA,NA,NA,NA,NA,NA,-5.6,NA,NA,NA,NA,NA,28,NA
462,NA,NA,137,"2025-02-22_KVPRG",NA,NA,NA,NA,NA,NA,NA,NA,NA,NA,NA,NA,NA,NA,NA,-5.6,NA,NA,NA,NA,NA,28,NA
463,NA,NA,136.833,"2025-02-22_KVPRG",NA,NA,NA,NA,NA,NA,NA,NA,NA,NA,NA,NA,NA,NA,NA,-5.6,NA,NA,NA,NA,NA,28,NA
464,NA,NA,136.667,"2025-02-22_KVPRG",NA,NA,NA,NA,NA,NA,NA,NA,NA,NA,NA,NA,NA,NA,NA,-5.6,NA,NA,NA,NA,NA,28,NA
465,NA,NA,136.5,"2025-02-22_KVPRG",NA,NA,NA,NA,NA,NA,NA,NA,NA,NA,NA,NA,NA,NA,NA,-5.6,NA,NA,NA,NA,NA,28,NA
466,NA,NA,136.333,"2025-02-22_KVPRG",NA,NA,NA,NA,NA,NA,NA,NA,NA,NA,NA,NA,NA,NA,NA,-5.6,NA,NA,NA,NA,NA,28,NA
467,NA,NA,136.167,"2025-02-22_KVPRG",NA,NA,NA,NA,NA,NA,NA,NA,NA,NA,NA,NA,NA,NA,NA,-5.6,NA,NA,NA,NA,NA,28,NA
468,NA,NA,136,"2025-02-22_KVPRG",NA,NA,NA,NA,NA,NA,NA,NA,NA,NA,NA,NA,NA,NA,NA,-5.6,NA,NA,NA,NA,NA,28,NA
469,NA,NA,136.167,"2025-02-22_KVPRG",NA,NA,NA,NA,NA,NA,NA,NA,NA,NA,NA,NA,NA,NA,NA,-5.5667,NA,NA,NA,NA,NA,28,NA
470,NA,NA,136.333,"2025-02-22_KVPRG",NA,NA,NA,NA,NA,NA,NA,NA,NA,NA,NA,NA,NA,NA,NA,-5.5333,NA,NA,NA,NA,NA,28,NA
471,NA,NA,136.5,"2025-02-22_KVPRG",NA,NA,NA,NA,NA,NA,NA,NA,NA,NA,NA,NA,NA,NA,NA,-5.5,NA,NA,NA,NA,NA,28,NA
472,NA,NA,136.667,"2025-02-22_KVPRG",NA,NA,NA,NA,NA,NA,NA,NA,NA,NA,NA,NA,NA,NA,NA,-5.4667,NA,NA,NA,NA,NA,28,NA
473,NA,NA,136.833,"2025-02-22_KVPRG",NA,NA,NA,NA,NA,NA,NA,NA,NA,NA,NA,NA,NA,NA,NA,-5.4333,NA,NA,NA,NA,NA,28,NA
474,NA,NA,137,"2025-02-22_KVPRG",NA,NA,NA,NA,NA,NA,NA,NA,NA,NA,NA,NA,NA,NA,NA,-5.4,NA,NA,NA,NA,NA,28,NA
475,NA,NA,136.25,"2025-02-22_KVPRG",NA,NA,NA,NA,NA,NA,NA,NA,NA,NA,NA,NA,NA,NA,NA,-5.4,NA,NA,NA,NA,NA,28,NA
476,NA,NA,135.5,"2025-02-22_KVPRG",NA,NA,NA,NA,NA,NA,NA,NA,NA,NA,NA,NA,NA,NA,NA,-5.4,NA,NA,NA,NA,NA,28,NA
477,NA,NA,134.75,"2025-02-22_KVPRG",NA,NA,NA,NA,NA,NA,NA,NA,NA,NA,NA,NA,NA,NA,NA,-5.4,NA,NA,NA,NA,NA,28,NA
478,NA,NA,134,"2025-02-22_KVPRG",NA,NA,NA,NA,NA,NA,NA,NA,NA,NA,NA,NA,NA,NA,NA,-5.4,NA,NA,NA,NA,NA,28,NA
479,NA,NA,133.25,"2025-02-22_KVPRG",NA,NA,NA,NA,NA,NA,NA,NA,NA,NA,NA,NA,NA,NA,NA,-5.3,NA,NA,NA,NA,NA,28,NA
480,NA,NA,132.5,"2025-02-22_KVPRG",NA,NA,NA,NA,NA,NA,NA,NA,NA,NA,NA,NA,NA,NA,NA,-5.2,NA,NA,NA,NA,NA,28,NA
481,NA,NA,131.75,"2025-02-22_KVPRG",NA,NA,NA,NA,NA,NA,NA,NA,NA,NA,NA,NA,NA,NA,NA,-5.1,NA,NA,NA,NA,NA,28,NA
482,NA,NA,131,"2025-02-22_KVPRG",NA,NA,NA,NA,NA,NA,NA,NA,NA,NA,NA,NA,NA,NA,NA,-5,NA,NA,NA,NA,NA,28,NA
483,NA,NA,129.5,"2025-02-22_KVPRG",NA,NA,NA,NA,NA,NA,NA,NA,NA,NA,NA,NA,NA,NA,NA,-5,NA,NA,NA,NA,NA,28,NA
484,NA,NA,128,"2025-02-22_KVPRG",NA,NA,NA,NA,NA,NA,NA,NA,NA,NA,NA,NA,NA,NA,NA,-5,NA,NA,NA,NA,NA,28,NA
485,NA,NA,127.833,"2025-02-22_KVPRG",NA,NA,NA,NA,NA,NA,NA,NA,NA,NA,NA,NA,NA,NA,NA,-5,NA,NA,NA,NA,NA,28,NA
486,NA,NA,127.667,"2025-02-22_KVPRG",NA,NA,NA,NA,NA,NA,NA,NA,NA,NA,NA,NA,NA,NA,NA,-5,NA,NA,NA,NA,NA,28,NA
487,NA,NA,127.5,"2025-02-22_KVPRG",NA,NA,NA,NA,NA,NA,NA,NA,NA,NA,NA,NA,NA,NA,NA,-5,NA,NA,NA,NA,NA,28,NA
488,NA,NA,127.333,"2025-02-22_KVPRG",NA,NA,NA,NA,NA,NA,NA,NA,NA,NA,NA,NA,NA,NA,NA,-5,NA,NA,NA,NA,NA,28,NA
489,NA,NA,127.167,"2025-02-22_KVPRG",NA,NA,NA,NA,NA,NA,NA,NA,NA,NA,NA,NA,NA,NA,NA,-5,NA,NA,NA,NA,NA,28,NA
490,NA,NA,127,"2025-02-22_KVPRG",NA,NA,NA,NA,NA,NA,NA,NA,NA,NA,NA,NA,NA,NA,NA,-5,NA,NA,NA,NA,NA,28,NA
491,NA,NA,126.833,"2025-02-22_KVPRG",NA,NA,NA,NA,NA,NA,NA,NA,NA,NA,NA,NA,NA,NA,NA,-4.9667,NA,NA,NA,NA,NA,28,NA
492,NA,NA,126.667,"2025-02-22_KVPRG",NA,NA,NA,NA,NA,NA,NA,NA,NA,NA,NA,NA,NA,NA,NA,-4.9333,NA,NA,NA,NA,NA,28,NA
493,NA,NA,126.5,"2025-02-22_KVPRG",NA,NA,NA,NA,NA,NA,NA,NA,NA,NA,NA,NA,NA,NA,NA,-4.9,NA,NA,NA,NA,NA,28,NA
494,NA,NA,126.333,"2025-02-22_KVPRG",NA,NA,NA,NA,NA,NA,NA,NA,NA,NA,NA,NA,NA,NA,NA,-4.8667,NA,NA,NA,NA,NA,28,NA
495,NA,NA,126.167,"2025-02-22_KVPRG",NA,NA,NA,NA,NA,NA,NA,NA,NA,NA,NA,NA,NA,NA,NA,-4.8333,NA,NA,NA,NA,NA,28,NA
496,NA,NA,126,"2025-02-22_KVPRG",NA,NA,NA,NA,NA,NA,NA,NA,NA,NA,NA,NA,NA,NA,NA,-4.8,NA,NA,NA,NA,NA,28,NA
497,NA,NA,126,"2025-02-22_KVPRG",NA,NA,NA,NA,NA,NA,NA,NA,NA,NA,NA,NA,NA,NA,NA,-4.6,NA,NA,NA,NA,NA,28,NA
498,NA,NA,126.333,"2025-02-22_KVPRG",NA,NA,NA,NA,NA,NA,NA,NA,NA,NA,NA,NA,NA,NA,NA,-4.6,NA,NA,NA,NA,NA,28,NA
499,NA,NA,126.667,"2025-02-22_KVPRG",NA,NA,NA,NA,NA,NA,NA,NA,NA,NA,NA,NA,NA,NA,NA,-4.6,NA,NA,NA,NA,NA,28,NA
500,NA,NA,127,"2025-02-22_KVPRG",NA,NA,NA,NA,NA,NA,NA,NA,NA,NA,NA,NA,NA,NA,NA,-4.6,NA,NA,NA,NA,NA,28,NA
501,NA,NA,127.333,"2025-02-22_KVPRG",NA,NA,NA,NA,NA,NA,NA,NA,NA,NA,NA,NA,NA,NA,NA,-4.6,NA,NA,NA,NA,NA,28,NA
502,NA,NA,127.667,"2025-02-22_KVPRG",NA,NA,NA,NA,NA,NA,NA,NA,NA,NA,NA,NA,NA,NA,NA,-4.6,NA,NA,NA,NA,NA,28,NA
503,NA,NA,128,"2025-02-22_KVPRG",NA,NA,NA,NA,NA,NA,NA,NA,NA,NA,NA,NA,NA,NA,NA,-4.6,NA,NA,NA,NA,NA,28,NA
504,NA,NA,129,"2025-02-22_KVPRG",NA,NA,NA,NA,NA,NA,NA,NA,NA,NA,NA,NA,NA,NA,NA,-5.2,NA,NA,NA,NA,NA,28,NA
505,NA,NA,130,"2025-02-22_KVPRG",NA,NA,NA,NA,NA,NA,NA,NA,NA,NA,NA,NA,NA,NA,NA,-5.8,NA,NA,NA,NA,NA,28,NA
506,NA,NA,130.5,"2025-02-22_KVPRG",NA,NA,NA,NA,NA,NA,NA,NA,NA,NA,NA,NA,NA,NA,NA,-6.4,NA,NA,NA,NA,NA,28,NA
507,NA,NA,131,"2025-02-22_KVPRG",NA,NA,NA,NA,NA,NA,NA,NA,NA,NA,NA,NA,NA,NA,NA,-7,NA,NA,NA,NA,NA,28,NA
508,NA,NA,132,"2025-02-22_KVPRG",NA,NA,NA,NA,NA,NA,NA,NA,NA,NA,NA,NA,NA,NA,NA,-7.1333,NA,NA,NA,NA,NA,28,NA
509,NA,NA,133,"2025-02-22_KVPRG",NA,NA,NA,NA,NA,NA,NA,NA,NA,NA,NA,NA,NA,NA,NA,-7.2667,NA,NA,NA,NA,NA,28,NA
510,NA,NA,134,"2025-02-22_KVPRG",NA,NA,NA,NA,NA,NA,NA,NA,NA,NA,NA,NA,NA,NA,NA,-7.4,NA,NA,NA,NA,NA,28,NA
511,NA,NA,136,"2025-02-22_KVPRG",NA,NA,NA,NA,NA,NA,NA,NA,NA,NA,NA,NA,NA,NA,NA,-7.3333,NA,NA,NA,NA,NA,28,NA
512,NA,NA,138,"2025-02-22_KVPRG",NA,NA,NA,NA,NA,NA,NA,NA,NA,NA,NA,NA,NA,NA,NA,-7.2667,NA,NA,NA,NA,NA,28,NA
513,NA,NA,140,"2025-02-22_KVPRG",NA,NA,NA,NA,NA,NA,NA,NA,NA,NA,NA,NA,NA,NA,NA,-7.2,NA,NA,NA,NA,NA,28,NA
514,NA,NA,142,"2025-02-22_KVPRG",NA,NA,NA,NA,NA,NA,NA,NA,NA,NA,NA,NA,NA,NA,NA,-7,NA,NA,NA,NA,NA,28,NA
515,NA,NA,144,"2025-02-22_KVPRG",NA,NA,NA,NA,NA,NA,NA,NA,NA,NA,NA,NA,NA,NA,NA,-6.8,NA,NA,NA,NA,NA,28,NA
516,NA,NA,144.333,"2025-02-22_KVPRG",NA,NA,NA,NA,NA,NA,NA,NA,NA,NA,NA,NA,NA,NA,NA,-6.7333,NA,NA,NA,NA,NA,27,NA
517,NA,NA,144.667,"2025-02-22_KVPRG",NA,NA,NA,NA,NA,NA,NA,NA,NA,NA,NA,NA,NA,NA,NA,-6.6667,NA,NA,NA,NA,NA,27,NA
518,NA,NA,145,"2025-02-22_KVPRG",NA,NA,NA,NA,NA,NA,NA,NA,NA,NA,NA,NA,NA,NA,NA,-6.6,NA,NA,NA,NA,NA,27,NA
519,NA,NA,145.333,"2025-02-22_KVPRG",NA,NA,NA,NA,NA,NA,NA,NA,NA,NA,NA,NA,NA,NA,NA,-6.5333,NA,NA,NA,NA,NA,27,NA
520,NA,NA,145.667,"2025-02-22_KVPRG",NA,NA,NA,NA,NA,NA,NA,NA,NA,NA,NA,NA,NA,NA,NA,-6.4667,NA,NA,NA,NA,NA,27,NA
521,NA,NA,146,"2025-02-22_KVPRG",NA,NA,NA,NA,NA,NA,NA,NA,NA,NA,NA,NA,NA,NA,NA,-6.4,NA,NA,NA,NA,NA,27,NA
522,NA,NA,143,"2025-02-22_KVPRG",NA,NA,NA,NA,NA,NA,NA,NA,NA,NA,NA,NA,NA,NA,NA,-6.4,NA,NA,NA,NA,NA,27,NA
523,NA,NA,143.75,"2025-02-22_KVPRG",NA,NA,NA,NA,NA,NA,NA,NA,NA,NA,NA,NA,NA,NA,NA,-6.3,NA,NA,NA,NA,NA,27,NA
524,NA,NA,144.5,"2025-02-22_KVPRG",NA,NA,NA,NA,NA,NA,NA,NA,NA,NA,NA,NA,NA,NA,NA,-6.2,NA,NA,NA,NA,NA,27,NA
525,NA,NA,145.25,"2025-02-22_KVPRG",NA,NA,NA,NA,NA,NA,NA,NA,NA,NA,NA,NA,NA,NA,NA,-6.1,NA,NA,NA,NA,NA,27,NA
526,NA,NA,146,"2025-02-22_KVPRG",NA,NA,NA,NA,NA,NA,NA,NA,NA,NA,NA,NA,NA,NA,NA,-6,NA,NA,NA,NA,NA,27,NA
527,NA,NA,148,"2025-02-22_KVPRG",NA,NA,NA,NA,NA,NA,NA,NA,NA,NA,NA,NA,NA,NA,NA,-5.8,NA,NA,NA,NA,NA,27,NA
528,NA,NA,148.333,"2025-02-22_KVPRG",NA,NA,NA,NA,NA,NA,NA,NA,NA,NA,NA,NA,NA,NA,NA,-5.7333,NA,NA,NA,NA,NA,27,NA
529,NA,NA,148.667,"2025-02-22_KVPRG",NA,NA,NA,NA,NA,NA,NA,NA,NA,NA,NA,NA,NA,NA,NA,-5.6667,NA,NA,NA,NA,NA,27,NA
530,NA,NA,149,"2025-02-22_KVPRG",NA,NA,NA,NA,NA,NA,NA,NA,NA,NA,NA,NA,NA,NA,NA,-5.6,NA,NA,NA,NA,NA,27,NA
531,NA,NA,149.333,"2025-02-22_KVPRG",NA,NA,NA,NA,NA,NA,NA,NA,NA,NA,NA,NA,NA,NA,NA,-5.5333,NA,NA,NA,NA,NA,27,NA
532,NA,NA,149.667,"2025-02-22_KVPRG",NA,NA,NA,NA,NA,NA,NA,NA,NA,NA,NA,NA,NA,NA,NA,-5.4667,NA,NA,NA,NA,NA,27,NA
533,NA,NA,150,"2025-02-22_KVPRG",NA,NA,NA,NA,NA,NA,NA,NA,NA,NA,NA,NA,NA,NA,NA,-5.4,NA,NA,NA,NA,NA,27,NA
534,NA,NA,150.167,"2025-02-22_KVPRG",NA,NA,NA,NA,NA,NA,NA,NA,NA,NA,NA,NA,NA,NA,NA,-5.4,NA,NA,NA,NA,NA,27,NA
535,NA,NA,150.333,"2025-02-22_KVPRG",NA,NA,NA,NA,NA,NA,NA,NA,NA,NA,NA,NA,NA,NA,NA,-5.4,NA,NA,NA,NA,NA,27,NA
536,NA,NA,150.5,"2025-02-22_KVPRG",NA,NA,NA,NA,NA,NA,NA,NA,NA,NA,NA,NA,NA,NA,NA,-5.4,NA,NA,NA,NA,NA,27,NA
537,NA,NA,150.667,"2025-02-22_KVPRG",NA,NA,NA,NA,NA,NA,NA,NA,NA,NA,NA,NA,NA,NA,NA,-5.4,NA,NA,NA,NA,NA,27,NA
538,NA,NA,150.833,"2025-02-22_KVPRG",NA,NA,NA,NA,NA,NA,NA,NA,NA,NA,NA,NA,NA,NA,NA,-5.4,NA,NA,NA,NA,NA,27,NA
539,NA,NA,151,"2025-02-22_KVPRG",NA,NA,NA,NA,NA,NA,NA,NA,NA,NA,NA,NA,NA,NA,NA,-5.4,NA,NA,NA,NA,NA,27,NA
540,NA,NA,148.5,"2025-02-22_KVPRG",NA,NA,NA,NA,NA,NA,NA,NA,NA,NA,NA,NA,NA,NA,NA,-5.3,NA,NA,NA,NA,NA,27,NA
541,NA,NA,146,"2025-02-22_KVPRG",NA,NA,NA,NA,NA,NA,NA,NA,NA,NA,NA,NA,NA,NA,NA,-5.2,NA,NA,NA,NA,NA,27,NA
542,NA,NA,143,"2025-02-22_KVPRG",NA,NA,NA,NA,NA,NA,NA,NA,NA,NA,NA,NA,NA,NA,NA,-5.4,NA,NA,NA,NA,NA,27,NA
543,NA,NA,143,"2025-02-22_KVPRG",NA,NA,NA,NA,NA,NA,NA,NA,NA,NA,NA,NA,NA,NA,NA,-5.4,NA,NA,NA,NA,NA,27,NA
544,NA,NA,143.167,"2025-02-22_KVPRG",NA,NA,NA,NA,NA,NA,NA,NA,NA,NA,NA,NA,NA,NA,NA,-5.4,NA,NA,NA,NA,NA,27,NA
545,NA,NA,143.333,"2025-02-22_KVPRG",NA,NA,NA,NA,NA,NA,NA,NA,NA,NA,NA,NA,NA,NA,NA,-5.4,NA,NA,NA,NA,NA,27,NA
546,NA,NA,143.5,"2025-02-22_KVPRG",NA,NA,NA,NA,NA,NA,NA,NA,NA,NA,NA,NA,NA,NA,NA,-5.4,NA,NA,NA,NA,NA,27,NA
547,NA,NA,143.667,"2025-02-22_KVPRG",NA,NA,NA,NA,NA,NA,NA,NA,NA,NA,NA,NA,NA,NA,NA,-5.4,NA,NA,NA,NA,NA,27,NA
548,NA,NA,143.833,"2025-02-22_KVPRG",NA,NA,NA,NA,NA,NA,NA,NA,NA,NA,NA,NA,NA,NA,NA,-5.4,NA,NA,NA,NA,NA,27,NA
549,NA,NA,144,"2025-02-22_KVPRG",NA,NA,NA,NA,NA,NA,NA,NA,NA,NA,NA,NA,NA,NA,NA,-5.4,NA,NA,NA,NA,NA,27,NA
550,NA,NA,145,"2025-02-22_KVPRG",NA,NA,NA,NA,NA,NA,NA,NA,NA,NA,NA,NA,NA,NA,NA,-5.2667,NA,NA,NA,NA,NA,27,NA
551,NA,NA,146,"2025-02-22_KVPRG",NA,NA,NA,NA,NA,NA,NA,NA,NA,NA,NA,NA,NA,NA,NA,-5.1333,NA,NA,NA,NA,NA,27,NA
552,NA,NA,147,"2025-02-22_KVPRG",NA,NA,NA,NA,NA,NA,NA,NA,NA,NA,NA,NA,NA,NA,NA,-5,NA,NA,NA,NA,NA,27,NA
553,NA,NA,147.5,"2025-02-22_KVPRG",NA,NA,NA,NA,NA,NA,NA,NA,NA,NA,NA,NA,NA,NA,NA,-4.9,NA,NA,NA,NA,NA,27,NA
554,NA,NA,148,"2025-02-22_KVPRG",NA,NA,NA,NA,NA,NA,NA,NA,NA,NA,NA,NA,NA,NA,NA,-4.8,NA,NA,NA,NA,NA,27,NA
555,NA,NA,146.5,"2025-02-22_KVPRG",NA,NA,NA,NA,NA,NA,NA,NA,NA,NA,NA,NA,NA,NA,NA,-4.8,NA,NA,NA,NA,NA,27,NA
556,NA,NA,145,"2025-02-22_KVPRG",NA,NA,NA,NA,NA,NA,NA,NA,NA,NA,NA,NA,NA,NA,NA,-4.8,NA,NA,NA,NA,NA,27,NA
557,NA,NA,144.75,"2025-02-22_KVPRG",NA,NA,NA,NA,NA,NA,NA,NA,NA,NA,NA,NA,NA,NA,NA,-5,NA,NA,NA,NA,NA,27,NA
558,NA,NA,144.5,"2025-02-22_KVPRG",NA,NA,NA,NA,NA,NA,NA,NA,NA,NA,NA,NA,NA,NA,NA,-5.2,NA,NA,NA,NA,NA,27,NA
559,NA,NA,144.25,"2025-02-22_KVPRG",NA,NA,NA,NA,NA,NA,NA,NA,NA,NA,NA,NA,NA,NA,NA,-5.4,NA,NA,NA,NA,NA,27,NA
560,NA,NA,144,"2025-02-22_KVPRG",NA,NA,NA,NA,NA,NA,NA,NA,NA,NA,NA,NA,NA,NA,NA,-5.6,NA,NA,NA,NA,NA,27,NA
0,0,0,111,"2025-02-22_HFUHV",NA,0,NA,NA,NA,NA,NA,NA,NA,NA,NA,NA,NA,NA,NA,0.8,NA,NA,0,0,0,29,0
1,0,0,109,"2025-02-22_HFUHV",NA,0,NA,NA,NA,NA,NA,NA,NA,NA,NA,NA,NA,NA,NA,0.8,NA,NA,0,0,0,29,0
2,0.00233,84,108,"2025-02-22_HFUHV",7.14387769681383,0,NA,NA,NA,NA,NA,NA,NA,NA,NA,NA,NA,NA,NA,0.8,NA,NA,0,0,0,29,8.3988
3,0.0049,84,106,"2025-02-22_HFUHV",6.49519355676799,166,NA,NA,NA,NA,NA,NA,NA,NA,NA,NA,NA,NA,NA,0.8,NA,NA,0,0,0,29,9.2376
4,0.00777,84,105,"2025-02-22_HFUHV",5.79911853398283,182,NA,NA,NA,NA,NA,NA,NA,NA,NA,NA,NA,NA,NA,1,NA,NA,6.96864,0,684,29,10.3464
5,0.01099,85,106,"2025-02-22_HFUHV",5.17759138448794,182,NA,NA,NA,NA,NA,NA,NA,NA,NA,NA,NA,NA,NA,1,NA,NA,0,0,684,29,11.5884
6,0.0146,86,108,"2025-02-22_HFUHV",4.62705904127337,234,NA,NA,NA,NA,NA,NA,NA,NA,NA,NA,NA,NA,NA,1.2,NA,NA,5.54017,0,568,29,12.9672
7,0.01859,86,115,"2025-02-22_HFUHV",4.17292605575029,263,NA,NA,NA,NA,NA,NA,NA,NA,NA,NA,NA,NA,NA,1.2,NA,NA,0,0,336,29,14.3784
8,0.02274,86,115,"2025-02-22_HFUHV",4.01412973667309,263,NA,NA,NA,NA,NA,NA,NA,NA,NA,NA,NA,NA,NA,1.6,NA,NA,9.63855,0,336,28,14.9472
9,0.02693,85,118,"2025-02-22_HFUHV",3.97867430572133,296,NA,NA,NA,NA,NA,NA,NA,NA,NA,NA,NA,NA,NA,2,NA,NA,9.54654,0,220,28,15.0804
10,0.03103,84,119,"2025-02-22_HFUHV",4.05910050332846,313,NA,NA,NA,NA,NA,NA,NA,NA,NA,NA,NA,NA,NA,2.6,NA,NA,4.6328,8.125,214,28,14.7816
11,0.03509,84,119,"2025-02-22_HFUHV",4.10610166707728,332,NA,NA,NA,NA,NA,NA,NA,NA,NA,NA,NA,NA,NA,3,NA,NA,5.61803,8.375,212,28,14.6124
12,0.0391,85,120,"2025-02-22_HFUHV",4.15420405450316,347,NA,NA,NA,NA,NA,NA,NA,NA,NA,NA,NA,NA,NA,3.2,NA,NA,6.11678,8.375,212,28,14.4432
13,0.04299,85,125,"2025-02-22_HFUHV",4.29331959471063,352,NA,NA,NA,NA,NA,NA,NA,NA,NA,NA,NA,NA,NA,3.4,NA,NA,6.63092,8.375,212,28,13.9752
14,0.04702,86,128,"2025-02-22_HFUHV",4.13462333581411,338,NA,NA,NA,NA,NA,NA,NA,NA,NA,NA,NA,NA,NA,3.6,NA,NA,6.43033,8.375,218,28,14.5116
15,0.05115,87,130,"2025-02-22_HFUHV",4.03258327284458,338,NA,NA,NA,NA,NA,NA,NA,NA,NA,NA,NA,NA,NA,3.6,NA,NA,6.43033,8.375,218,28,14.8788
16,0.05521,87,131,"2025-02-22_HFUHV",4.10610166707728,351,NA,NA,NA,NA,NA,NA,NA,NA,NA,NA,NA,NA,NA,3.8,NA,NA,6.36893,8.375,216,28,14.6124
17,0.05912,86,132,"2025-02-22_HFUHV",4.26257459505541,352,NA,NA,NA,NA,NA,NA,NA,NA,NA,NA,NA,NA,NA,4.2,NA,NA,7.39194,8.375,216,28,14.076
18,0.06313,86,133,"2025-02-22_HFUHV",4.15420405450316,341,NA,NA,NA,NA,NA,NA,NA,NA,NA,NA,NA,NA,NA,4.2,NA,NA,6.42809,8,216,28,14.4432
19,0.06707,86,134,"2025-02-22_HFUHV",4.2322668020992,341,NA,NA,NA,NA,NA,NA,NA,NA,NA,NA,NA,NA,NA,4.6,NA,NA,6.48866,8,222,28,14.1768
20,0.07108,85,134,"2025-02-22_HFUHV",4.15420405450316,347,NA,NA,NA,NA,NA,NA,NA,NA,NA,NA,NA,NA,NA,5,NA,NA,6.02275,8,224,28,14.4432
21,0.07525,85,134,"2025-02-22_HFUHV",4.00544740847553,354,NA,NA,NA,NA,NA,NA,NA,NA,NA,NA,NA,NA,NA,5.2,NA,NA,5.51715,8.5,224,27,14.9796
22,0.0796,85,134,"2025-02-22_HFUHV",3.82526203044909,354,NA,NA,NA,NA,NA,NA,NA,NA,NA,NA,NA,NA,NA,5.4,NA,NA,5.47817,8.5,224,27,15.6852
23,0.08397,84,134,"2025-02-22_HFUHV",3.81650255705671,366,NA,NA,NA,NA,NA,NA,NA,NA,NA,NA,NA,NA,NA,5.6,NA,NA,5.42169,8.5,218,27,15.7212
24,0.08827,84,134,"2025-02-22_HFUHV",3.87506781368674,384,NA,NA,NA,NA,NA,NA,NA,NA,NA,NA,NA,NA,NA,5.8,NA,NA,5.39053,8.75,212,27,15.4836
25,0.0925,83,134,"2025-02-22_HFUHV",3.93452943028014,384,NA,NA,NA,NA,NA,NA,NA,NA,NA,NA,NA,NA,NA,6,NA,NA,5.86335,8.75,212,27,15.2496
26,0.09672,82,132,"2025-02-22_HFUHV",3.95225673859774,381,NA,NA,NA,NA,NA,NA,NA,NA,NA,NA,NA,NA,NA,6.2,NA,NA,5.84467,9.125,212,27,15.1812
27,0.10089,81,132,"2025-02-22_HFUHV",3.99584432190522,374,NA,NA,NA,NA,NA,NA,NA,NA,NA,NA,NA,NA,NA,6.4,NA,NA,5.30127,9.5,212,27,15.0156
28,0.10509,81,131,"2025-02-22_HFUHV",3.97867430572133,371,NA,NA,NA,NA,NA,NA,NA,NA,NA,NA,NA,NA,NA,6.6,NA,NA,5.77746,9.75,206,27,15.0804
29,0.10925,80,131,"2025-02-22_HFUHV",3.99584432190522,371,NA,NA,NA,NA,NA,NA,NA,NA,NA,NA,NA,NA,NA,6.8,NA,NA,5.243,9.75,206,27,15.0156
30,0.11344,80,130,"2025-02-22_HFUHV",3.97867430572133,371,NA,NA,NA,NA,NA,NA,NA,NA,NA,NA,NA,NA,NA,6.6,NA,NA,3.76816,9.75,206,27,15.0804
31,0.11762,80,130,"2025-02-22_HFUHV",3.99584432190522,378,NA,NA,NA,NA,NA,NA,NA,NA,NA,NA,NA,NA,NA,7,NA,NA,4.24549,10.25,206,27,15.0156
32,0.12178,80,129,"2025-02-22_HFUHV",3.99584432190522,378,NA,NA,NA,NA,NA,NA,NA,NA,NA,NA,NA,NA,NA,7,NA,NA,3.78572,10.25,206,27,15.0156
33,0.12593,81,131,"2025-02-22_HFUHV",4.02284978678896,377,NA,NA,NA,NA,NA,NA,NA,NA,NA,NA,NA,NA,NA,7.2,NA,NA,3.80998,10.125,206,27,14.9148
34,0.13006,80,130,"2025-02-22_HFUHV",4.03258327284458,376,NA,NA,NA,NA,NA,NA,NA,NA,NA,NA,NA,NA,NA,7.2,NA,NA,3.34486,10.125,206,27,14.8788
35,0.13416,81,131,"2025-02-22_HFUHV",4.06901041666667,373,NA,NA,NA,NA,NA,NA,NA,NA,NA,NA,NA,NA,NA,7.4,NA,NA,3.35985,10.125,206,26,14.7456
36,0.13824,82,131,"2025-02-22_HFUHV",4.07797080172906,373,NA,NA,NA,NA,NA,NA,NA,NA,NA,NA,NA,NA,NA,7.6,NA,NA,3.37612,10.125,206,26,14.7132
37,0.1423,81,132,"2025-02-22_HFUHV",4.10610166707728,369,NA,NA,NA,NA,NA,NA,NA,NA,NA,NA,NA,NA,NA,7.6,NA,NA,2.8965,9.875,206,26,14.6124
38,0.14629,82,134,"2025-02-22_HFUHV",4.17292605575029,369,NA,NA,NA,NA,NA,NA,NA,NA,NA,NA,NA,NA,NA,7.6,NA,NA,2.42031,9.875,206,26,14.3784
39,0.15025,82,132,"2025-02-22_HFUHV",4.21300977418268,364,NA,NA,NA,NA,NA,NA,NA,NA,NA,NA,NA,NA,NA,7.8,NA,NA,2.44459,9.875,216,26,14.2416
40,0.15417,82,133,"2025-02-22_HFUHV",4.25278557455133,358,NA,NA,NA,NA,NA,NA,NA,NA,NA,NA,NA,NA,NA,7.8,NA,NA,2.92192,9.875,218,26,14.1084
41,0.15805,83,133,"2025-02-22_HFUHV",4.29331959471063,356,NA,NA,NA,NA,NA,NA,NA,NA,NA,NA,NA,NA,NA,7.8,NA,NA,1.96498,9.875,220,26,13.9752
42,0.16191,83,135,"2025-02-22_HFUHV",4.32451133021969,356,NA,NA,NA,NA,NA,NA,NA,NA,NA,NA,NA,NA,NA,8,NA,NA,2.48311,9.875,220,26,13.8744
43,0.16578,83,135,"2025-02-22_HFUHV",4.30440771349862,346,NA,NA,NA,NA,NA,NA,NA,NA,NA,NA,NA,NA,NA,8,NA,NA,2.00119,9.875,222,26,13.9392
44,0.16966,83,137,"2025-02-22_HFUHV",4.29331959471063,345,NA,NA,NA,NA,NA,NA,NA,NA,NA,NA,NA,NA,NA,8,NA,NA,2.00119,8.875,222,26,13.9752
45,0.17356,83,139,"2025-02-22_HFUHV",4.27350427350427,343,NA,NA,NA,NA,NA,NA,NA,NA,NA,NA,NA,NA,NA,8.4,NA,NA,2.53902,8.875,222,26,14.04
46,0.1775,83,140,"2025-02-22_HFUHV",4.2322668020992,343,NA,NA,NA,NA,NA,NA,NA,NA,NA,NA,NA,NA,NA,8.4,NA,NA,2.04883,8.875,220,26,14.1768
47,0.18146,84,141,"2025-02-22_HFUHV",4.20238695579089,347,NA,NA,NA,NA,NA,NA,NA,NA,NA,NA,NA,NA,NA,8.6,NA,NA,2.55388,8.875,220,26,14.2776
48,0.18542,82,141,"2025-02-22_HFUHV",4.21300977418268,348,NA,NA,NA,NA,NA,NA,NA,NA,NA,NA,NA,NA,NA,8.8,NA,NA,3.05893,8.875,222,26,14.2416
49,0.18939,82,144,"2025-02-22_HFUHV",4.19287211740042,348,NA,NA,NA,NA,NA,NA,NA,NA,NA,NA,NA,NA,NA,8.8,NA,NA,2.55388,8.875,222,26,14.31
50,0.19335,81,146,"2025-02-22_HFUHV",4.21300977418268,347,NA,NA,NA,NA,NA,NA,NA,NA,NA,NA,NA,NA,NA,9,NA,NA,3.05893,8.875,224,26,14.2416
51,0.19728,82,148,"2025-02-22_HFUHV",4.24304141208418,346,NA,NA,NA,NA,NA,NA,NA,NA,NA,NA,NA,NA,NA,9.2,NA,NA,3.56783,8.875,224,26,14.1408
52,0.20116,84,150,"2025-02-22_HFUHV",4.29331959471063,343,NA,NA,NA,NA,NA,NA,NA,NA,NA,NA,NA,NA,NA,9.2,NA,NA,3.0497,8.875,224,26,13.9752
53,0.20509,84,151,"2025-02-22_HFUHV",4.24304141208418,343,NA,NA,NA,NA,NA,NA,NA,NA,NA,NA,NA,NA,NA,9.4,NA,NA,3.5586,8.875,222,26,14.1408
54,0.20901,85,152,"2025-02-22_HFUHV",4.25278557455133,344,NA,NA,NA,NA,NA,NA,NA,NA,NA,NA,NA,NA,NA,9.4,NA,NA,3.5586,8.875,222,26,14.1084
55,0.21292,84,152,"2025-02-22_HFUHV",4.26257459505541,345,NA,NA,NA,NA,NA,NA,NA,NA,NA,NA,NA,NA,NA,9.6,NA,NA,3.04447,8.625,222,26,14.076
56,0.21679,84,153,"2025-02-22_HFUHV",4.30440771349862,345,NA,NA,NA,NA,NA,NA,NA,NA,NA,NA,NA,NA,NA,9.6,NA,NA,3.04447,8.625,222,26,13.9392
57,0.22068,84,153,"2025-02-22_HFUHV",4.28338901739056,344,NA,NA,NA,NA,NA,NA,NA,NA,NA,NA,NA,NA,NA,9.6,NA,NA,2.53942,8.625,222,26,14.0076
58,0.22451,84,153,"2025-02-22_HFUHV",4.34593654932638,343,NA,NA,NA,NA,NA,NA,NA,NA,NA,NA,NA,NA,NA,9.6,NA,NA,2.03437,8.625,222,26,13.806
59,0.22834,83,156,"2025-02-22_HFUHV",4.3561596096881,343,NA,NA,NA,NA,NA,NA,NA,NA,NA,NA,NA,NA,NA,9.6,NA,NA,2.03437,8.625,222,26,13.7736
60,0.23217,83,156,"2025-02-22_HFUHV",4.34593654932638,339,NA,NA,NA,NA,NA,NA,NA,NA,NA,NA,NA,NA,NA,9.6,NA,NA,1.52932,8.5,222,26,13.806
61,0.23603,83,155,"2025-02-22_HFUHV",4.32451133021969,342,NA,NA,NA,NA,NA,NA,NA,NA,NA,NA,NA,NA,NA,9.4,NA,NA,0.50228,8.625,224,26,13.8744
62,0.23987,83,155,"2025-02-22_HFUHV",4.33576135969476,342,NA,NA,NA,NA,NA,NA,NA,NA,NA,NA,NA,NA,NA,9.4,NA,NA,0.50228,8.75,224,26,13.8384
63,0.2437,82,154,"2025-02-22_HFUHV",4.3561596096881,342,NA,NA,NA,NA,NA,NA,NA,NA,NA,NA,NA,NA,NA,9.4,NA,NA,0,8.75,224,25,13.7736
64,0.2475,81,154,"2025-02-22_HFUHV",4.37790035898783,339,NA,NA,NA,NA,NA,NA,NA,NA,NA,NA,NA,NA,NA,9.4,NA,NA,0,8.75,228,25,13.7052
65,0.25128,81,153,"2025-02-22_HFUHV",4.41033783187792,338,NA,NA,NA,NA,NA,NA,NA,NA,NA,NA,NA,NA,NA,9.4,NA,NA,-0.518135,9.125,228,25,13.6044
66,0.25503,81,152,"2025-02-22_HFUHV",4.45394619632995,338,NA,NA,NA,NA,NA,NA,NA,NA,NA,NA,NA,NA,NA,9.6,NA,NA,0.0151986,9.125,228,25,13.4712
67,0.2588,81,152,"2025-02-22_HFUHV",4.41033783187792,337,NA,NA,NA,NA,NA,NA,NA,NA,NA,NA,NA,NA,NA,9.4,NA,NA,-0.515305,9.125,228,25,13.6044
68,0.26258,82,152,"2025-02-22_HFUHV",4.41033783187792,337,NA,NA,NA,NA,NA,NA,NA,NA,NA,NA,NA,NA,NA,9.8,NA,NA,0.542896,9.125,228,25,13.6044
69,0.26638,83,151,"2025-02-22_HFUHV",4.39985920450546,337,NA,NA,NA,NA,NA,NA,NA,NA,NA,NA,NA,NA,NA,10,NA,NA,1.06921,9.125,228,25,13.6368
70,0.27018,83,151,"2025-02-22_HFUHV",4.37790035898783,337,NA,NA,NA,NA,NA,NA,NA,NA,NA,NA,NA,NA,NA,10,NA,NA,1.06921,8.875,228,25,13.7052
71,0.27402,83,151,"2025-02-22_HFUHV",4.33576135969476,337,NA,NA,NA,NA,NA,NA,NA,NA,NA,NA,NA,NA,NA,10.2,NA,NA,2.10818,8.75,228,25,13.8384
72,0.27785,83,150,"2025-02-22_HFUHV",4.3561596096881,338,NA,NA,NA,NA,NA,NA,NA,NA,NA,NA,NA,NA,NA,10.2,NA,NA,2.10818,8.75,228,25,13.7736
73,0.28171,83,151,"2025-02-22_HFUHV",4.31443610320131,338,NA,NA,NA,NA,NA,NA,NA,NA,NA,NA,NA,NA,NA,10.2,NA,NA,2.10818,8.75,228,25,13.9068
74,0.2856,83,151,"2025-02-22_HFUHV",4.29331959471063,338,NA,NA,NA,NA,NA,NA,NA,NA,NA,NA,NA,NA,NA,10.2,NA,NA,2.10818,8.75,228,25,13.9752
75,0.28946,83,150,"2025-02-22_HFUHV",4.30440771349862,341,NA,NA,NA,NA,NA,NA,NA,NA,NA,NA,NA,NA,NA,10.4,NA,NA,2.62631,8.75,228,25,13.9392
76,0.29335,83,152,"2025-02-22_HFUHV",4.29331959471063,341,NA,NA,NA,NA,NA,NA,NA,NA,NA,NA,NA,NA,NA,10.4,NA,NA,2.09298,8.75,228,25,13.9752
77,0.29721,82,151,"2025-02-22_HFUHV",4.31443610320131,341,NA,NA,NA,NA,NA,NA,NA,NA,NA,NA,NA,NA,NA,10.6,NA,NA,3.14162,8.75,228,25,13.9068
78,0.30104,83,150,"2025-02-22_HFUHV",4.34593654932638,340,NA,NA,NA,NA,NA,NA,NA,NA,NA,NA,NA,NA,NA,10.8,NA,NA,2.60561,8.75,228,25,13.806
79,0.30487,83,151,"2025-02-22_HFUHV",4.3561596096881,338,NA,NA,NA,NA,NA,NA,NA,NA,NA,NA,NA,NA,NA,11,NA,NA,2.60149,8.75,228,25,13.7736
80,0.30873,83,151,"2025-02-22_HFUHV",4.31443610320131,338,NA,NA,NA,NA,NA,NA,NA,NA,NA,NA,NA,NA,NA,11.2,NA,NA,3.11962,8.75,228,25,13.9068
81,0.31257,83,150,"2025-02-22_HFUHV",4.34593654932638,338,NA,NA,NA,NA,NA,NA,NA,NA,NA,NA,NA,NA,NA,11.2,NA,NA,2.59879,8.75,228,25,13.806
82,0.3164,84,149,"2025-02-22_HFUHV",4.34593654932638,336,NA,NA,NA,NA,NA,NA,NA,NA,NA,NA,NA,NA,NA,11.2,NA,NA,2.59879,8.75,226,25,13.806
83,0.32026,84,149,"2025-02-22_HFUHV",4.32451133021969,336,NA,NA,NA,NA,NA,NA,NA,NA,NA,NA,NA,NA,NA,11.2,NA,NA,2.59879,8.75,226,25,13.8744
84,0.32413,84,152,"2025-02-22_HFUHV",4.30440771349862,338,NA,NA,NA,NA,NA,NA,NA,NA,NA,NA,NA,NA,NA,11.2,NA,NA,2.59879,8.75,226,25,13.9392
85,0.32796,84,152,"2025-02-22_HFUHV",4.34593654932638,340,NA,NA,NA,NA,NA,NA,NA,NA,NA,NA,NA,NA,NA,11,NA,NA,1.55846,8.5,226,25,13.806
86,0.33184,83,152,"2025-02-22_HFUHV",4.30440771349862,338,NA,NA,NA,NA,NA,NA,NA,NA,NA,NA,NA,NA,NA,11,NA,NA,1.55846,8.625,226,25,13.9392
87,0.33573,84,152,"2025-02-22_HFUHV",4.28338901739056,340,NA,NA,NA,NA,NA,NA,NA,NA,NA,NA,NA,NA,NA,11,NA,NA,1.04033,8.625,226,25,14.0076
88,0.33962,83,153,"2025-02-22_HFUHV",4.28338901739056,340,NA,NA,NA,NA,NA,NA,NA,NA,NA,NA,NA,NA,NA,11,NA,NA,0.518135,8.625,226,25,14.0076
89,0.34341,83,153,"2025-02-22_HFUHV",4.38827453045463,339,NA,NA,NA,NA,NA,NA,NA,NA,NA,NA,NA,NA,NA,11,NA,NA,0,8.625,222,25,13.6728
90,0.34719,83,152,"2025-02-22_HFUHV",4.41033783187792,332,NA,NA,NA,NA,NA,NA,NA,NA,NA,NA,NA,NA,NA,11.2,NA,NA,0,8.625,222,25,13.6044
91,0.35095,83,152,"2025-02-22_HFUHV",4.44325957522438,332,NA,NA,NA,NA,NA,NA,NA,NA,NA,NA,NA,NA,NA,11.2,NA,NA,0,8.75,222,25,13.5036
92,0.35468,83,151,"2025-02-22_HFUHV",4.46588067166845,331,NA,NA,NA,NA,NA,NA,NA,NA,NA,NA,NA,NA,NA,11.4,NA,NA,0.5431,8.75,222,25,13.4352
93,0.35837,83,150,"2025-02-22_HFUHV",4.510599909788,331,NA,NA,NA,NA,NA,NA,NA,NA,NA,NA,NA,NA,NA,11.4,NA,NA,0.5431,8.75,222,25,13.302
94,0.36212,83,150,"2025-02-22_HFUHV",4.44325957522438,332,NA,NA,NA,NA,NA,NA,NA,NA,NA,NA,NA,NA,NA,11.4,NA,NA,0.5431,8.75,236,25,13.5036
95,0.36587,83,151,"2025-02-22_HFUHV",4.44325957522438,334,NA,NA,NA,NA,NA,NA,NA,NA,NA,NA,NA,NA,NA,11.6,NA,NA,1.59863,8.75,236,25,13.5036
96,0.36961,82,150,"2025-02-22_HFUHV",4.46588067166845,335,NA,NA,NA,NA,NA,NA,NA,NA,NA,NA,NA,NA,NA,11.6,NA,NA,1.59863,8.625,236,25,13.4352
97,0.37331,82,149,"2025-02-22_HFUHV",4.4996400287977,335,NA,NA,NA,NA,NA,NA,NA,NA,NA,NA,NA,NA,NA,11.6,NA,NA,1.59863,8.625,234,25,13.3344
98,0.37705,82,150,"2025-02-22_HFUHV",4.45394619632995,332,NA,NA,NA,NA,NA,NA,NA,NA,NA,NA,NA,NA,NA,11.8,NA,NA,2.13339,8.625,232,24,13.4712
99,0.38079,82,150,"2025-02-22_HFUHV",4.45394619632995,333,NA,NA,NA,NA,NA,NA,NA,NA,NA,NA,NA,NA,NA,11.8,NA,NA,2.13339,8.75,232,24,13.4712
100,0.38452,82,150,"2025-02-22_HFUHV",4.476676515355,333,NA,NA,NA,NA,NA,NA,NA,NA,NA,NA,NA,NA,NA,11.8,NA,NA,1.60429,8.75,232,24,13.4028
101,0.38827,82,150,"2025-02-22_HFUHV",4.44325957522438,331,NA,NA,NA,NA,NA,NA,NA,NA,NA,NA,NA,NA,NA,11.8,NA,NA,1.60429,8.625,232,24,13.5036
102,0.39205,83,148,"2025-02-22_HFUHV",4.41033783187792,333,NA,NA,NA,NA,NA,NA,NA,NA,NA,NA,NA,NA,NA,11.8,NA,NA,1.06809,9,232,24,13.6044
103,0.39583,83,149,"2025-02-22_HFUHV",4.41033783187792,339,NA,NA,NA,NA,NA,NA,NA,NA,NA,NA,NA,NA,NA,11.8,NA,NA,1.06809,9,232,24,13.6044
104,0.39965,83,148,"2025-02-22_HFUHV",4.3561596096881,339,NA,NA,NA,NA,NA,NA,NA,NA,NA,NA,NA,NA,NA,11.8,NA,NA,1.06809,8.75,232,24,13.7736
105,0.4035,83,147,"2025-02-22_HFUHV",4.32451133021969,344,NA,NA,NA,NA,NA,NA,NA,NA,NA,NA,NA,NA,NA,11.8,NA,NA,0.534759,8.875,232,24,13.8744
106,0.40732,83,149,"2025-02-22_HFUHV",4.3675751222921,344,NA,NA,NA,NA,NA,NA,NA,NA,NA,NA,NA,NA,NA,11.8,NA,NA,0.534759,8.875,232,24,13.7376
107,0.41112,83,148,"2025-02-22_HFUHV",4.38827453045463,344,NA,NA,NA,NA,NA,NA,NA,NA,NA,NA,NA,NA,NA,11.8,NA,NA,0.534759,8.875,232,24,13.6728
108,0.4149,84,147,"2025-02-22_HFUHV",4.41033783187792,344,NA,NA,NA,NA,NA,NA,NA,NA,NA,NA,NA,NA,NA,12,NA,NA,0.529101,8.875,232,24,13.6044
109,0.41865,84,148,"2025-02-22_HFUHV",4.44325957522438,335,NA,NA,NA,NA,NA,NA,NA,NA,NA,NA,NA,NA,NA,12,NA,NA,0.529101,8.875,232,24,13.5036
110,0.42236,83,150,"2025-02-22_HFUHV",4.4996400287977,332,NA,NA,NA,NA,NA,NA,NA,NA,NA,NA,NA,NA,NA,12,NA,NA,0.529101,8.5,228,24,13.3344
111,0.42608,83,150,"2025-02-22_HFUHV",4.476676515355,332,NA,NA,NA,NA,NA,NA,NA,NA,NA,NA,NA,NA,NA,12,NA,NA,0.529101,8.5,228,24,13.4028
112,0.42981,83,151,"2025-02-22_HFUHV",4.46588067166845,329,NA,NA,NA,NA,NA,NA,NA,NA,NA,NA,NA,NA,NA,12,NA,NA,0.529101,8.5,228,24,13.4352
113,0.43354,82,151,"2025-02-22_HFUHV",4.46588067166845,327,NA,NA,NA,NA,NA,NA,NA,NA,NA,NA,NA,NA,NA,12,NA,NA,0.529101,8.5,228,24,13.4352
114,0.43722,82,151,"2025-02-22_HFUHV",4.53391367428364,327,NA,NA,NA,NA,NA,NA,NA,NA,NA,NA,NA,NA,NA,12.2,NA,NA,1.07258,8.5,228,24,13.2336
115,0.44094,82,150,"2025-02-22_HFUHV",4.476676515355,328,NA,NA,NA,NA,NA,NA,NA,NA,NA,NA,NA,NA,NA,12.2,NA,NA,1.07258,8.5,228,24,13.4028
116,0.44467,82,149,"2025-02-22_HFUHV",4.46588067166845,331,NA,NA,NA,NA,NA,NA,NA,NA,NA,NA,NA,NA,NA,12.4,NA,NA,1.60877,8.5,228,24,13.4352
117,0.44839,82,149,"2025-02-22_HFUHV",4.476676515355,334,NA,NA,NA,NA,NA,NA,NA,NA,NA,NA,NA,NA,NA,12.4,NA,NA,1.60877,8.5,234,24,13.4028
118,0.45213,82,149,"2025-02-22_HFUHV",4.46588067166845,334,NA,NA,NA,NA,NA,NA,NA,NA,NA,NA,NA,NA,NA,12.4,NA,NA,1.07967,8.5,234,24,13.4352
119,0.4559,82,149,"2025-02-22_HFUHV",4.42086648983201,335,NA,NA,NA,NA,NA,NA,NA,NA,NA,NA,NA,NA,NA,12.4,NA,NA,1.07967,8.5,236,24,13.572
120,0.4597,83,148,"2025-02-22_HFUHV",4.37790035898783,338,NA,NA,NA,NA,NA,NA,NA,NA,NA,NA,NA,NA,NA,12.4,NA,NA,1.07967,8.5,240,24,13.7052
121,0.46349,82,148,"2025-02-22_HFUHV",4.39985920450546,338,NA,NA,NA,NA,NA,NA,NA,NA,NA,NA,NA,NA,NA,12.4,NA,NA,1.07967,8.5,240,24,13.6368
122,0.46727,83,148,"2025-02-22_HFUHV",4.41033783187792,341,NA,NA,NA,NA,NA,NA,NA,NA,NA,NA,NA,NA,NA,12.6,NA,NA,1.60877,8.5,238,24,13.6044
123,0.47105,83,148,"2025-02-22_HFUHV",4.41033783187792,341,NA,NA,NA,NA,NA,NA,NA,NA,NA,NA,NA,NA,NA,12.6,NA,NA,1.60877,8.5,238,24,13.6044
124,0.47479,83,148,"2025-02-22_HFUHV",4.45394619632995,341,NA,NA,NA,NA,NA,NA,NA,NA,NA,NA,NA,NA,NA,12.6,NA,NA,1.06529,8.375,238,24,13.4712
125,0.47845,83,147,"2025-02-22_HFUHV",4.55622380171314,341,NA,NA,NA,NA,NA,NA,NA,NA,NA,NA,NA,NA,NA,12.6,NA,NA,1.06529,8.375,238,24,13.1688
126,0.48208,83,147,"2025-02-22_HFUHV",4.59136822773186,330,NA,NA,NA,NA,NA,NA,NA,NA,NA,NA,NA,NA,NA,12.8,NA,NA,1.08006,8.625,238,24,13.068
127,0.48573,83,149,"2025-02-22_HFUHV",4.5687134502924,328,NA,NA,NA,NA,NA,NA,NA,NA,NA,NA,NA,NA,NA,12.8,NA,NA,1.08006,8.75,234,24,13.1328
128,0.48937,81,148,"2025-02-22_HFUHV",4.58001282403591,328,NA,NA,NA,NA,NA,NA,NA,NA,NA,NA,NA,NA,NA,12.8,NA,NA,1.08006,8.75,236,24,13.1004
129,0.493,82,149,"2025-02-22_HFUHV",4.58001282403591,330,NA,NA,NA,NA,NA,NA,NA,NA,NA,NA,NA,NA,NA,12.8,NA,NA,1.08006,8.625,234,24,13.1004
130,0.49668,82,148,"2025-02-22_HFUHV",4.53391367428364,331,NA,NA,NA,NA,NA,NA,NA,NA,NA,NA,NA,NA,NA,12.8,NA,NA,1.08006,8.625,234,24,13.2336
131,0.50039,82,147,"2025-02-22_HFUHV",4.48752468138575,331,NA,NA,NA,NA,NA,NA,NA,NA,NA,NA,NA,NA,NA,12.8,NA,NA,1.08006,8.625,234,24,13.3704
132,0.50412,83,147,"2025-02-22_HFUHV",4.476676515355,331,NA,NA,NA,NA,NA,NA,NA,NA,NA,NA,NA,NA,NA,12.8,NA,NA,0.550964,8.625,234,24,13.4028
133,0.50781,83,147,"2025-02-22_HFUHV",4.510599909788,334,NA,NA,NA,NA,NA,NA,NA,NA,NA,NA,NA,NA,NA,12.8,NA,NA,0.550964,8.625,234,24,13.302
134,0.51154,84,147,"2025-02-22_HFUHV",4.46588067166845,334,NA,NA,NA,NA,NA,NA,NA,NA,NA,NA,NA,NA,NA,13,NA,NA,1.08716,8.625,234,24,13.4352
135,0.51526,84,146,"2025-02-22_HFUHV",4.48752468138575,331,NA,NA,NA,NA,NA,NA,NA,NA,NA,NA,NA,NA,NA,12.8,NA,NA,0.549523,8.625,234,24,13.3704
136,0.51898,83,146,"2025-02-22_HFUHV",4.476676515355,333,NA,NA,NA,NA,NA,NA,NA,NA,NA,NA,NA,NA,NA,12.8,NA,NA,0,8.625,234,24,13.4028
137,0.5227,83,146,"2025-02-22_HFUHV",4.48752468138575,329,NA,NA,NA,NA,NA,NA,NA,NA,NA,NA,NA,NA,NA,12.6,NA,NA,-0.539076,8.5,234,24,13.3704
138,0.52648,84,147,"2025-02-22_HFUHV",4.41033783187792,329,NA,NA,NA,NA,NA,NA,NA,NA,NA,NA,NA,NA,NA,12.6,NA,NA,-0.539076,8.5,234,24,13.6044
139,0.5303,84,147,"2025-02-22_HFUHV",4.3561596096881,327,NA,NA,NA,NA,NA,NA,NA,NA,NA,NA,NA,NA,NA,12.6,NA,NA,-0.539076,8.375,234,24,13.7736
140,0.53414,83,148,"2025-02-22_HFUHV",4.34593654932638,332,NA,NA,NA,NA,NA,NA,NA,NA,NA,NA,NA,NA,NA,12.8,NA,NA,-0.0182425,8.375,234,24,13.806
141,0.53794,83,149,"2025-02-22_HFUHV",4.37790035898783,332,NA,NA,NA,NA,NA,NA,NA,NA,NA,NA,NA,NA,NA,12.8,NA,NA,-0.0182425,8.375,234,24,13.7052
142,0.54173,84,150,"2025-02-22_HFUHV",4.39985920450546,334,NA,NA,NA,NA,NA,NA,NA,NA,NA,NA,NA,NA,NA,12.8,NA,NA,-0.0182425,8.375,234,24,13.6368
143,0.5455,83,150,"2025-02-22_HFUHV",4.42086648983201,333,NA,NA,NA,NA,NA,NA,NA,NA,NA,NA,NA,NA,NA,13,NA,NA,0.512262,8.375,234,24,13.572
144,0.5492,83,149,"2025-02-22_HFUHV",4.4996400287977,331,NA,NA,NA,NA,NA,NA,NA,NA,NA,NA,NA,NA,NA,13,NA,NA,-0.0239315,8.375,234,24,13.3344
145,0.55289,83,150,"2025-02-22_HFUHV",4.52161331162959,331,NA,NA,NA,NA,NA,NA,NA,NA,NA,NA,NA,NA,NA,13,NA,NA,0.513703,8.375,234,24,13.2696
146,0.55658,82,149,"2025-02-22_HFUHV",4.510599909788,325,NA,NA,NA,NA,NA,NA,NA,NA,NA,NA,NA,NA,NA,13,NA,NA,0.513703,8.5,234,24,13.302
147,0.56033,82,148,"2025-02-22_HFUHV",4.45394619632995,323,NA,NA,NA,NA,NA,NA,NA,NA,NA,NA,NA,NA,NA,12.6,NA,NA,-0.0153294,8.875,234,24,13.4712
148,0.56402,82,148,"2025-02-22_HFUHV",4.510599909788,324,NA,NA,NA,NA,NA,NA,NA,NA,NA,NA,NA,NA,NA,12.8,NA,NA,0.526676,8.875,234,24,13.302
149,0.56772,82,147,"2025-02-22_HFUHV",4.4996400287977,329,NA,NA,NA,NA,NA,NA,NA,NA,NA,NA,NA,NA,NA,12.6,NA,NA,-0.0138645,8.875,234,24,13.3344
150,0.5714,83,146,"2025-02-22_HFUHV",4.53391367428364,325,NA,NA,NA,NA,NA,NA,NA,NA,NA,NA,NA,NA,NA,12.6,NA,NA,-0.534698,8.875,234,24,13.2336
151,0.57503,83,147,"2025-02-22_HFUHV",4.59136822773186,324,NA,NA,NA,NA,NA,NA,NA,NA,NA,NA,NA,NA,NA,12.8,NA,NA,0.0162664,8.875,238,24,13.068
152,0.57857,83,147,"2025-02-22_HFUHV",4.71342383107089,324,NA,NA,NA,NA,NA,NA,NA,NA,NA,NA,NA,NA,NA,12.6,NA,NA,-0.548705,8.875,238,24,12.7296
153,0.58211,83,147,"2025-02-22_HFUHV",4.7001316036849,320,NA,NA,NA,NA,NA,NA,NA,NA,NA,NA,NA,NA,NA,12.8,NA,NA,-0.514238,8.875,240,24,12.7656
154,0.58567,82,146,"2025-02-22_HFUHV",4.6882325363338,313,NA,NA,NA,NA,NA,NA,NA,NA,NA,NA,NA,NA,NA,13,NA,NA,0.0475602,8.875,240,24,12.798
155,0.58924,82,146,"2025-02-22_HFUHV",4.6633090841261,316,NA,NA,NA,NA,NA,NA,NA,NA,NA,NA,NA,NA,NA,13,NA,NA,0.0475602,8.875,240,24,12.8664
156,0.59284,82,147,"2025-02-22_HFUHV",4.62705904127337,316,NA,NA,NA,NA,NA,NA,NA,NA,NA,NA,NA,NA,NA,13,NA,NA,0.0475602,8.875,242,24,12.9672
157,0.59646,81,146,"2025-02-22_HFUHV",4.60405156537753,318,NA,NA,NA,NA,NA,NA,NA,NA,NA,NA,NA,NA,NA,13,NA,NA,1.11423,8.875,240,24,13.032
158,0.60009,81,146,"2025-02-22_HFUHV",4.59136822773186,321,NA,NA,NA,NA,NA,NA,NA,NA,NA,NA,NA,NA,NA,12.8,NA,NA,0.0212572,8.875,240,24,13.068
159,0.60375,81,145,"2025-02-22_HFUHV",4.55622380171314,322,NA,NA,NA,NA,NA,NA,NA,NA,NA,NA,NA,NA,NA,12.8,NA,NA,0.561798,8.875,240,24,13.1688
160,0.60745,81,144,"2025-02-22_HFUHV",4.4996400287977,323,NA,NA,NA,NA,NA,NA,NA,NA,NA,NA,NA,NA,NA,12.6,NA,NA,0.0212572,8.875,240,24,13.3344
161,0.61117,82,144,"2025-02-22_HFUHV",4.48752468138575,325,NA,NA,NA,NA,NA,NA,NA,NA,NA,NA,NA,NA,NA,12.6,NA,NA,-0.529707,8.875,238,24,13.3704
162,0.61488,82,145,"2025-02-22_HFUHV",4.48752468138575,328,NA,NA,NA,NA,NA,NA,NA,NA,NA,NA,NA,NA,NA,12.8,NA,NA,0.574348,8.875,238,24,13.3704
163,0.61861,82,145,"2025-02-22_HFUHV",4.476676515355,331,NA,NA,NA,NA,NA,NA,NA,NA,NA,NA,NA,NA,NA,12.6,NA,NA,-0.526816,8.875,236,24,13.4028
164,0.62227,82,144,"2025-02-22_HFUHV",4.54504135987638,332,NA,NA,NA,NA,NA,NA,NA,NA,NA,NA,NA,NA,NA,12.8,NA,NA,-0.542166,8.875,236,24,13.2012
165,0.62596,82,144,"2025-02-22_HFUHV",4.52161331162959,333,NA,NA,NA,NA,NA,NA,NA,NA,NA,NA,NA,NA,NA,12.8,NA,NA,-0.542166,8.875,236,24,13.2696
166,0.62963,83,145,"2025-02-22_HFUHV",4.54504135987638,329,NA,NA,NA,NA,NA,NA,NA,NA,NA,NA,NA,NA,NA,13,NA,NA,0,8.5,238,24,13.2012
167,0.63331,83,145,"2025-02-22_HFUHV",4.52161331162959,330,NA,NA,NA,NA,NA,NA,NA,NA,NA,NA,NA,NA,NA,13,NA,NA,0,8.5,238,24,13.2696
168,0.63701,83,145,"2025-02-22_HFUHV",4.510599909788,329,NA,NA,NA,NA,NA,NA,NA,NA,NA,NA,NA,NA,NA,13,NA,NA,0.553757,8.375,238,24,13.302
169,0.64069,83,145,"2025-02-22_HFUHV",4.52161331162959,328,NA,NA,NA,NA,NA,NA,NA,NA,NA,NA,NA,NA,NA,13,NA,NA,0.553757,8.375,238,24,13.2696
170,0.6443,82,146,"2025-02-22_HFUHV",4.61552663158866,328,NA,NA,NA,NA,NA,NA,NA,NA,NA,NA,NA,NA,NA,13,NA,NA,1.0943,8.375,238,24,12.9996
171,0.64791,82,146,"2025-02-22_HFUHV",4.61552663158866,328,NA,NA,NA,NA,NA,NA,NA,NA,NA,NA,NA,NA,NA,13,NA,NA,1.0943,8.375,238,24,12.9996
172,0.65152,82,145,"2025-02-22_HFUHV",4.61552663158866,319,NA,NA,NA,NA,NA,NA,NA,NA,NA,NA,NA,NA,NA,13,NA,NA,0.555214,8.5,238,24,12.9996
173,0.65505,81,145,"2025-02-22_HFUHV",4.7254512805973,317,NA,NA,NA,NA,NA,NA,NA,NA,NA,NA,NA,NA,NA,13,NA,NA,1.09141,8.5,238,24,12.6972
174,0.65856,80,145,"2025-02-22_HFUHV",4.75104522995059,309,NA,NA,NA,NA,NA,NA,NA,NA,NA,NA,NA,NA,NA,13,NA,NA,0.544959,8.5,250,24,12.6288
175,0.66206,80,146,"2025-02-22_HFUHV",4.76326569496046,309,NA,NA,NA,NA,NA,NA,NA,NA,NA,NA,NA,NA,NA,13,NA,NA,0.544959,8.5,250,24,12.5964
176,0.66557,81,146,"2025-02-22_HFUHV",4.75104522995059,306,NA,NA,NA,NA,NA,NA,NA,NA,NA,NA,NA,NA,NA,12.8,NA,NA,-0.569801,8.5,250,24,12.6288
177,0.66907,80,145,"2025-02-22_HFUHV",4.75104522995059,309,NA,NA,NA,NA,NA,NA,NA,NA,NA,NA,NA,NA,NA,12.8,NA,NA,-0.569801,8.5,250,24,12.6288
178,0.6726,83,144,"2025-02-22_HFUHV",4.7254512805973,309,NA,NA,NA,NA,NA,NA,NA,NA,NA,NA,NA,NA,NA,12.8,NA,NA,-0.569801,8.5,250,24,12.6972
179,0.67612,83,144,"2025-02-22_HFUHV",4.73754026909229,312,NA,NA,NA,NA,NA,NA,NA,NA,NA,NA,NA,NA,NA,12.8,NA,NA,-0.569801,8.375,250,24,12.6648
180,0.67965,82,145,"2025-02-22_HFUHV",4.7254512805973,311,NA,NA,NA,NA,NA,NA,NA,NA,NA,NA,NA,NA,NA,12.8,NA,NA,-0.569801,8.375,250,24,12.6972
181,0.68316,83,145,"2025-02-22_HFUHV",4.73754026909229,311,NA,NA,NA,NA,NA,NA,NA,NA,NA,NA,NA,NA,NA,12.8,NA,NA,-0.569801,8.25,250,24,12.6648
182,0.68667,81,143,"2025-02-22_HFUHV",4.75104522995059,311,NA,NA,NA,NA,NA,NA,NA,NA,NA,NA,NA,NA,NA,12.6,NA,NA,-1.1396,8.25,250,23,12.6288
183,0.69019,81,144,"2025-02-22_HFUHV",4.73754026909229,305,NA,NA,NA,NA,NA,NA,NA,NA,NA,NA,NA,NA,NA,12.6,NA,NA,-1.1396,8.25,250,23,12.6648
184,0.69374,81,146,"2025-02-22_HFUHV",4.7001316036849,304,NA,NA,NA,NA,NA,NA,NA,NA,NA,NA,NA,NA,NA,12.6,NA,NA,-1.1396,8.25,244,23,12.7656
185,0.69729,81,146,"2025-02-22_HFUHV",4.6882325363338,304,NA,NA,NA,NA,NA,NA,NA,NA,NA,NA,NA,NA,NA,12.6,NA,NA,-1.1396,8.25,244,23,12.798
186,0.70083,81,144,"2025-02-22_HFUHV",4.71342383107089,308,NA,NA,NA,NA,NA,NA,NA,NA,NA,NA,NA,NA,NA,12.6,NA,NA,-0.569801,8.25,244,23,12.7296
187,0.70435,81,145,"2025-02-22_HFUHV",4.73754026909229,307,NA,NA,NA,NA,NA,NA,NA,NA,NA,NA,NA,NA,NA,12.6,NA,NA,-0.569801,8.25,244,23,12.6648
188,0.70789,81,143,"2025-02-22_HFUHV",4.7001316036849,307,NA,NA,NA,NA,NA,NA,NA,NA,NA,NA,NA,NA,NA,12.6,NA,NA,-0.569801,8.25,244,23,12.7656
189,0.71146,82,143,"2025-02-22_HFUHV",4.6633090841261,312,NA,NA,NA,NA,NA,NA,NA,NA,NA,NA,NA,NA,NA,13,NA,NA,0.550648,8.25,244,23,12.8664
190,0.71505,81,144,"2025-02-22_HFUHV",4.65159549725556,316,NA,NA,NA,NA,NA,NA,NA,NA,NA,NA,NA,NA,NA,13.2,NA,NA,1.10775,8.25,242,23,12.8988
191,0.71865,83,143,"2025-02-22_HFUHV",4.62705904127337,316,NA,NA,NA,NA,NA,NA,NA,NA,NA,NA,NA,NA,NA,13,NA,NA,0.552195,8.25,242,23,12.9672
192,0.72229,83,144,"2025-02-22_HFUHV",4.58001282403591,318,NA,NA,NA,NA,NA,NA,NA,NA,NA,NA,NA,NA,NA,13.2,NA,NA,1.67145,8.25,240,23,13.1004
193,0.72589,83,143,"2025-02-22_HFUHV",4.62705904127337,321,NA,NA,NA,NA,NA,NA,NA,NA,NA,NA,NA,NA,NA,13,NA,NA,1.11589,8.25,240,23,12.9672
194,0.72946,83,144,"2025-02-22_HFUHV",4.6633090841261,318,NA,NA,NA,NA,NA,NA,NA,NA,NA,NA,NA,NA,NA,12.8,NA,NA,0.555667,8.25,240,23,12.8664
195,0.73306,83,144,"2025-02-22_HFUHV",4.63994060876021,318,NA,NA,NA,NA,NA,NA,NA,NA,NA,NA,NA,NA,NA,12.8,NA,NA,0.555667,8.25,240,23,12.9312
196,0.73668,83,144,"2025-02-22_HFUHV",4.60405156537753,315,NA,NA,NA,NA,NA,NA,NA,NA,NA,NA,NA,NA,NA,12.8,NA,NA,0.555667,8.25,240,23,13.032
197,0.74031,83,144,"2025-02-22_HFUHV",4.59136822773186,316,NA,NA,NA,NA,NA,NA,NA,NA,NA,NA,NA,NA,NA,12.8,NA,NA,0.555667,8.25,242,23,13.068
198,0.74397,83,143,"2025-02-22_HFUHV",4.54504135987638,318,NA,NA,NA,NA,NA,NA,NA,NA,NA,NA,NA,NA,NA,12.8,NA,NA,0.555667,8.25,242,23,13.2012
199,0.74761,82,144,"2025-02-22_HFUHV",4.58001282403591,319,NA,NA,NA,NA,NA,NA,NA,NA,NA,NA,NA,NA,NA,12.8,NA,NA,-0.564782,8.25,242,23,13.1004
200,0.75124,82,145,"2025-02-22_HFUHV",4.59136822773186,319,NA,NA,NA,NA,NA,NA,NA,NA,NA,NA,NA,NA,NA,13,NA,NA,-0.57092,8.25,240,23,13.068
201,0.75483,82,145,"2025-02-22_HFUHV",4.63994060876021,319,NA,NA,NA,NA,NA,NA,NA,NA,NA,NA,NA,NA,NA,13,NA,NA,-0.0153649,8.375,240,23,12.9312
202,0.75837,82,146,"2025-02-22_HFUHV",4.71342383107089,319,NA,NA,NA,NA,NA,NA,NA,NA,NA,NA,NA,NA,NA,13,NA,NA,-0.564815,8.375,240,23,12.7296
203,0.76189,81,145,"2025-02-22_HFUHV",4.73754026909229,312,NA,NA,NA,NA,NA,NA,NA,NA,NA,NA,NA,NA,NA,13,NA,NA,0,8.5,244,23,12.6648
204,0.7654,81,145,"2025-02-22_HFUHV",4.73754026909229,311,NA,NA,NA,NA,NA,NA,NA,NA,NA,NA,NA,NA,NA,13,NA,NA,0.550964,8.75,244,23,12.6648
205,0.76892,82,144,"2025-02-22_HFUHV",4.73754026909229,311,NA,NA,NA,NA,NA,NA,NA,NA,NA,NA,NA,NA,NA,13,NA,NA,0.550964,8.75,246,23,12.6648
206,0.77245,81,142,"2025-02-22_HFUHV",4.7254512805973,313,NA,NA,NA,NA,NA,NA,NA,NA,NA,NA,NA,NA,NA,13,NA,NA,0.550964,8.75,250,23,12.6972
207,0.776,82,143,"2025-02-22_HFUHV",4.6882325363338,313,NA,NA,NA,NA,NA,NA,NA,NA,NA,NA,NA,NA,NA,12.8,NA,NA,-0.0124161,8.75,250,23,12.798
208,0.77955,82,142,"2025-02-22_HFUHV",4.7001316036849,314,NA,NA,NA,NA,NA,NA,NA,NA,NA,NA,NA,NA,NA,12.8,NA,NA,-0.0124161,8.75,250,23,12.7656
209,0.78309,82,143,"2025-02-22_HFUHV",4.71342383107089,317,NA,NA,NA,NA,NA,NA,NA,NA,NA,NA,NA,NA,NA,12.8,NA,NA,-0.0124161,8.75,250,23,12.7296
210,0.78661,83,144,"2025-02-22_HFUHV",4.73754026909229,311,NA,NA,NA,NA,NA,NA,NA,NA,NA,NA,NA,NA,NA,12.8,NA,NA,-0.56338,8.25,250,23,12.6648
211,0.79012,83,144,"2025-02-22_HFUHV",4.73754026909229,305,NA,NA,NA,NA,NA,NA,NA,NA,NA,NA,NA,NA,NA,12.8,NA,NA,-0.56338,8.25,250,23,12.6648
212,0.79361,82,144,"2025-02-22_HFUHV",4.78927203065134,305,NA,NA,NA,NA,NA,NA,NA,NA,NA,NA,NA,NA,NA,13,NA,NA,0,8.25,250,23,12.528
213,0.79712,82,143,"2025-02-22_HFUHV",4.73754026909229,302,NA,NA,NA,NA,NA,NA,NA,NA,NA,NA,NA,NA,NA,13,NA,NA,0,8.25,250,23,12.6648
214,0.80064,82,144,"2025-02-22_HFUHV",4.73754026909229,304,NA,NA,NA,NA,NA,NA,NA,NA,NA,NA,NA,NA,NA,13.2,NA,NA,0.577867,8.25,250,23,12.6648
215,0.80417,82,144,"2025-02-22_HFUHV",4.71342383107089,304,NA,NA,NA,NA,NA,NA,NA,NA,NA,NA,NA,NA,NA,13.2,NA,NA,0.577867,8.5,250,23,12.7296
216,0.80771,82,145,"2025-02-22_HFUHV",4.71342383107089,304,NA,NA,NA,NA,NA,NA,NA,NA,NA,NA,NA,NA,NA,13.4,NA,NA,1.14284,8.5,246,23,12.7296
217,0.81126,81,144,"2025-02-22_HFUHV",4.7001316036849,308,NA,NA,NA,NA,NA,NA,NA,NA,NA,NA,NA,NA,NA,13.4,NA,NA,1.70622,8.5,248,23,12.7656
218,0.81482,82,145,"2025-02-22_HFUHV",4.67639356528245,312,NA,NA,NA,NA,NA,NA,NA,NA,NA,NA,NA,NA,NA,13.4,NA,NA,1.70622,8.5,246,23,12.8304
219,0.81842,82,145,"2025-02-22_HFUHV",4.62705904127337,312,NA,NA,NA,NA,NA,NA,NA,NA,NA,NA,NA,NA,NA,13.4,NA,NA,1.70622,8.5,246,23,12.9672
220,0.822,83,145,"2025-02-22_HFUHV",4.65159549725556,316,NA,NA,NA,NA,NA,NA,NA,NA,NA,NA,NA,NA,NA,13.4,NA,NA,1.70622,8.5,244,23,12.8988
221,0.82556,82,145,"2025-02-22_HFUHV",4.6882325363338,316,NA,NA,NA,NA,NA,NA,NA,NA,NA,NA,NA,NA,NA,13.4,NA,NA,1.70622,8.5,244,23,12.798
222,0.82913,83,143,"2025-02-22_HFUHV",4.6633090841261,318,NA,NA,NA,NA,NA,NA,NA,NA,NA,NA,NA,NA,NA,13.4,NA,NA,1.13315,8.5,244,23,12.8664
223,0.83269,83,145,"2025-02-22_HFUHV",4.6882325363338,318,NA,NA,NA,NA,NA,NA,NA,NA,NA,NA,NA,NA,NA,13.6,NA,NA,1.69495,8.5,244,23,12.798
224,0.83624,83,144,"2025-02-22_HFUHV",4.6882325363338,324,NA,NA,NA,NA,NA,NA,NA,NA,NA,NA,NA,NA,NA,13.6,NA,NA,1.12677,8.5,246,23,12.798
225,0.83984,83,145,"2025-02-22_HFUHV",4.63994060876021,324,NA,NA,NA,NA,NA,NA,NA,NA,NA,NA,NA,NA,NA,13.8,NA,NA,1.68233,8.5,246,23,12.9312
226,0.84344,84,145,"2025-02-22_HFUHV",4.62705904127337,327,NA,NA,NA,NA,NA,NA,NA,NA,NA,NA,NA,NA,NA,13.8,NA,NA,1.11735,8.5,246,23,12.9672
227,0.84705,83,146,"2025-02-22_HFUHV",4.61552663158866,336,NA,NA,NA,NA,NA,NA,NA,NA,NA,NA,NA,NA,NA,13.8,NA,NA,1.11735,8.5,246,23,12.9996
228,0.85065,83,147,"2025-02-22_HFUHV",4.62705904127337,341,NA,NA,NA,NA,NA,NA,NA,NA,NA,NA,NA,NA,NA,13.8,NA,NA,1.11735,8.5,246,23,12.9672
229,0.85425,83,146,"2025-02-22_HFUHV",4.63994060876021,341,NA,NA,NA,NA,NA,NA,NA,NA,NA,NA,NA,NA,NA,13.6,NA,NA,0.561798,8.5,246,23,12.9312
230,0.85779,83,145,"2025-02-22_HFUHV",4.7001316036849,340,NA,NA,NA,NA,NA,NA,NA,NA,NA,NA,NA,NA,NA,13.6,NA,NA,0.561798,8.5,246,23,12.7656
231,0.86133,82,147,"2025-02-22_HFUHV",4.7001316036849,337,NA,NA,NA,NA,NA,NA,NA,NA,NA,NA,NA,NA,NA,13.4,NA,NA,0,8.5,248,23,12.7656
232,0.86483,81,145,"2025-02-22_HFUHV",4.76326569496046,337,NA,NA,NA,NA,NA,NA,NA,NA,NA,NA,NA,NA,NA,13.6,NA,NA,0.568255,8.5,248,23,12.5964
233,0.8683,81,145,"2025-02-22_HFUHV",4.80169019494862,337,NA,NA,NA,NA,NA,NA,NA,NA,NA,NA,NA,NA,NA,13.6,NA,NA,0,8.5,248,23,12.4956
234,0.87177,81,145,"2025-02-22_HFUHV",4.80169019494862,335,NA,NA,NA,NA,NA,NA,NA,NA,NA,NA,NA,NA,NA,13.4,NA,NA,-0.569912,8.5,248,23,12.4956
235,0.87526,81,144,"2025-02-22_HFUHV",4.77554918815664,334,NA,NA,NA,NA,NA,NA,NA,NA,NA,NA,NA,NA,NA,13.4,NA,NA,-1.12547,8.625,250,23,12.564
236,0.87879,82,145,"2025-02-22_HFUHV",4.73754026909229,334,NA,NA,NA,NA,NA,NA,NA,NA,NA,NA,NA,NA,NA,13.4,NA,NA,-1.12547,8.625,250,23,12.6648
237,0.88232,83,144,"2025-02-22_HFUHV",4.71342383107089,336,NA,NA,NA,NA,NA,NA,NA,NA,NA,NA,NA,NA,NA,13.4,NA,NA,-1.12547,8.625,248,23,12.7296
238,0.88588,83,145,"2025-02-22_HFUHV",4.67639356528245,336,NA,NA,NA,NA,NA,NA,NA,NA,NA,NA,NA,NA,NA,13.6,NA,NA,-0.56367,8.25,248,23,12.8304
239,0.88946,83,144,"2025-02-22_HFUHV",4.6633090841261,336,NA,NA,NA,NA,NA,NA,NA,NA,NA,NA,NA,NA,NA,13.6,NA,NA,0,8.25,250,23,12.8664
240,0.893,83,145,"2025-02-22_HFUHV",4.7001316036849,334,NA,NA,NA,NA,NA,NA,NA,NA,NA,NA,NA,NA,NA,13.6,NA,NA,0,8.125,250,23,12.7656
241,0.8965,83,143,"2025-02-22_HFUHV",4.76326569496046,324,NA,NA,NA,NA,NA,NA,NA,NA,NA,NA,NA,NA,NA,14,NA,NA,1.69971,8.125,250,23,12.5964
242,0.89997,83,144,"2025-02-22_HFUHV",4.80169019494862,316,NA,NA,NA,NA,NA,NA,NA,NA,NA,NA,NA,NA,NA,13.8,NA,NA,0.551917,8,250,23,12.4956
243,0.90343,83,144,"2025-02-22_HFUHV",4.81417292509147,316,NA,NA,NA,NA,NA,NA,NA,NA,NA,NA,NA,NA,NA,14,NA,NA,1.12995,8,250,23,12.4632
244,0.90684,82,145,"2025-02-22_HFUHV",4.89332550401253,309,NA,NA,NA,NA,NA,NA,NA,NA,NA,NA,NA,NA,NA,13.8,NA,NA,1.11981,8,248,23,12.2616
245,0.91024,81,144,"2025-02-22_HFUHV",4.90773458971339,305,NA,NA,NA,NA,NA,NA,NA,NA,NA,NA,NA,NA,NA,14,NA,NA,1.70805,8.25,248,23,12.2256
246,0.91365,82,144,"2025-02-22_HFUHV",4.88042947779405,305,NA,NA,NA,NA,NA,NA,NA,NA,NA,NA,NA,NA,NA,14.2,NA,NA,2.29456,8.25,250,23,12.294
247,0.91708,82,145,"2025-02-22_HFUHV",4.8534265191225,304,NA,NA,NA,NA,NA,NA,NA,NA,NA,NA,NA,NA,NA,14.2,NA,NA,2.29456,8.375,252,23,12.3624
248,0.92055,82,144,"2025-02-22_HFUHV",4.81417292509147,304,NA,NA,NA,NA,NA,NA,NA,NA,NA,NA,NA,NA,NA,14.2,NA,NA,1.73276,8.25,252,23,12.4632
249,0.92403,82,145,"2025-02-22_HFUHV",4.78927203065134,304,NA,NA,NA,NA,NA,NA,NA,NA,NA,NA,NA,NA,NA,14.4,NA,NA,2.30747,8.25,252,23,12.528
250,0.92755,83,145,"2025-02-22_HFUHV",4.7254512805973,308,NA,NA,NA,NA,NA,NA,NA,NA,NA,NA,NA,NA,NA,14.4,NA,NA,2.30747,8.125,250,23,12.6972
251,0.93108,82,144,"2025-02-22_HFUHV",4.7254512805973,309,NA,NA,NA,NA,NA,NA,NA,NA,NA,NA,NA,NA,NA,14.6,NA,NA,1.73119,8.125,250,23,12.6972
252,0.93459,82,146,"2025-02-22_HFUHV",4.75104522995059,312,NA,NA,NA,NA,NA,NA,NA,NA,NA,NA,NA,NA,NA,14.6,NA,NA,2.30755,8.125,248,23,12.6288
253,0.93805,82,146,"2025-02-22_HFUHV",4.81417292509147,312,NA,NA,NA,NA,NA,NA,NA,NA,NA,NA,NA,NA,NA,14.6,NA,NA,1.72952,8.125,246,23,12.4632
254,0.94151,83,146,"2025-02-22_HFUHV",4.82811896485129,304,NA,NA,NA,NA,NA,NA,NA,NA,NA,NA,NA,NA,NA,14.6,NA,NA,2.31603,8.125,246,23,12.4272
255,0.94491,82,146,"2025-02-22_HFUHV",4.89332550401253,303,NA,NA,NA,NA,NA,NA,NA,NA,NA,NA,NA,NA,NA,14.6,NA,NA,1.7278,8.125,252,23,12.2616
256,0.94832,83,145,"2025-02-22_HFUHV",4.88042947779405,303,NA,NA,NA,NA,NA,NA,NA,NA,NA,NA,NA,NA,NA,14.4,NA,NA,0.554775,8.125,252,23,12.294
257,0.95174,83,146,"2025-02-22_HFUHV",4.88042947779405,299,NA,NA,NA,NA,NA,NA,NA,NA,NA,NA,NA,NA,NA,14.4,NA,NA,0.554775,8.125,252,23,12.294
258,0.95518,83,146,"2025-02-22_HFUHV",4.84073966502082,298,NA,NA,NA,NA,NA,NA,NA,NA,NA,NA,NA,NA,NA,14.4,NA,NA,0.554775,8.125,254,23,12.3948
259,0.95867,82,145,"2025-02-22_HFUHV",4.77554918815664,300,NA,NA,NA,NA,NA,NA,NA,NA,NA,NA,NA,NA,NA,14.4,NA,NA,-0.019938,8,252,23,12.564
260,0.96219,83,145,"2025-02-22_HFUHV",4.73754026909229,300,NA,NA,NA,NA,NA,NA,NA,NA,NA,NA,NA,NA,NA,14.4,NA,NA,-0.019938,8,252,23,12.6648
261,0.96572,83,145,"2025-02-22_HFUHV",4.7254512805973,306,NA,NA,NA,NA,NA,NA,NA,NA,NA,NA,NA,NA,NA,14.4,NA,NA,-0.58651,8,248,23,12.6972
262,0.96923,81,145,"2025-02-22_HFUHV",4.73754026909229,306,NA,NA,NA,NA,NA,NA,NA,NA,NA,NA,NA,NA,NA,14.4,NA,NA,-0.58651,8,248,23,12.6648
263,0.97278,82,146,"2025-02-22_HFUHV",4.7001316036849,309,NA,NA,NA,NA,NA,NA,NA,NA,NA,NA,NA,NA,NA,14.4,NA,NA,-0.58651,8,246,23,12.7656
264,0.97625,81,146,"2025-02-22_HFUHV",4.80169019494862,313,NA,NA,NA,NA,NA,NA,NA,NA,NA,NA,NA,NA,NA,14,NA,NA,-1.73925,8,246,23,12.4956
265,0.97967,81,144,"2025-02-22_HFUHV",4.86760124610592,309,NA,NA,NA,NA,NA,NA,NA,NA,NA,NA,NA,NA,NA,14.4,NA,NA,-0.569657,8,250,23,12.3264
266,0.98309,83,144,"2025-02-22_HFUHV",4.88042947779405,309,NA,NA,NA,NA,NA,NA,NA,NA,NA,NA,NA,NA,NA,14.2,NA,NA,-0.567942,8,250,23,12.294
267,0.98652,83,143,"2025-02-22_HFUHV",4.8534265191225,309,NA,NA,NA,NA,NA,NA,NA,NA,NA,NA,NA,NA,NA,14,NA,NA,-1.15103,8,250,23,12.3624
268,0.98995,83,143,"2025-02-22_HFUHV",4.86760124610592,303,NA,NA,NA,NA,NA,NA,NA,NA,NA,NA,NA,NA,NA,14.2,NA,NA,-0.567942,8.375,252,23,12.3264
269,0.99344,81,142,"2025-02-22_HFUHV",4.77554918815664,304,NA,NA,NA,NA,NA,NA,NA,NA,NA,NA,NA,NA,NA,14,NA,NA,-1.14101,8.25,250,23,12.564
270,0.99696,83,143,"2025-02-22_HFUHV",4.7254512805973,304,NA,NA,NA,NA,NA,NA,NA,NA,NA,NA,NA,NA,NA,14,NA,NA,-1.14101,8.25,248,23,12.6972
271,1.0005,81,143,"2025-02-22_HFUHV",4.71342383107089,311,NA,NA,NA,NA,NA,NA,NA,NA,NA,NA,NA,NA,NA,14.2,NA,NA,-0.576037,8.25,244,23,12.7296
272,1.00405,81,143,"2025-02-22_HFUHV",4.7001316036849,311,NA,NA,NA,NA,NA,NA,NA,NA,NA,NA,NA,NA,NA,14,NA,NA,-1.13942,8.375,244,23,12.7656
273,1.00759,81,143,"2025-02-22_HFUHV",4.7001316036849,313,NA,NA,NA,NA,NA,NA,NA,NA,NA,NA,NA,NA,NA,14.2,NA,NA,-0.574445,8.375,244,23,12.7656
274,1.01114,81,144,"2025-02-22_HFUHV",4.7001316036849,317,NA,NA,NA,NA,NA,NA,NA,NA,NA,NA,NA,NA,NA,14.4,NA,NA,1.14167,8.375,244,23,12.7656
275,1.01471,81,144,"2025-02-22_HFUHV",4.6633090841261,317,NA,NA,NA,NA,NA,NA,NA,NA,NA,NA,NA,NA,NA,14,NA,NA,-1.14837,8.375,246,23,12.8664
276,1.01832,82,142,"2025-02-22_HFUHV",4.61552663158866,322,NA,NA,NA,NA,NA,NA,NA,NA,NA,NA,NA,NA,NA,14.2,NA,NA,0,8.625,248,23,12.9996
277,1.02194,82,144,"2025-02-22_HFUHV",4.60405156537753,322,NA,NA,NA,NA,NA,NA,NA,NA,NA,NA,NA,NA,NA,14.4,NA,NA,1.12602,8.625,248,23,13.032
278,1.02556,82,144,"2025-02-22_HFUHV",4.60405156537753,325,NA,NA,NA,NA,NA,NA,NA,NA,NA,NA,NA,NA,NA,14.2,NA,NA,0,8.625,244,23,13.032
279,1.0292,82,143,"2025-02-22_HFUHV",4.58001282403591,324,NA,NA,NA,NA,NA,NA,NA,NA,NA,NA,NA,NA,NA,14.2,NA,NA,0.563512,8.375,244,23,13.1004
280,1.03283,82,144,"2025-02-22_HFUHV",4.59136822773186,324,NA,NA,NA,NA,NA,NA,NA,NA,NA,NA,NA,NA,NA,14,NA,NA,0.0125478,8.375,244,23,13.068
281,1.03643,83,144,"2025-02-22_HFUHV",4.62705904127337,320,NA,NA,NA,NA,NA,NA,NA,NA,NA,NA,NA,NA,NA,14,NA,NA,-0.552424,8.375,240,23,12.9672
282,1.04003,83,144,"2025-02-22_HFUHV",4.63994060876021,318,NA,NA,NA,NA,NA,NA,NA,NA,NA,NA,NA,NA,NA,14,NA,NA,0.0109563,8.25,240,23,12.9312
283,1.04357,82,145,"2025-02-22_HFUHV",4.7001316036849,318,NA,NA,NA,NA,NA,NA,NA,NA,NA,NA,NA,NA,NA,13.8,NA,NA,-1.11899,8.25,240,23,12.7656
284,1.04709,82,146,"2025-02-22_HFUHV",4.73754026909229,316,NA,NA,NA,NA,NA,NA,NA,NA,NA,NA,NA,NA,NA,13.8,NA,NA,-1.68237,8.375,240,23,12.6648
285,1.05055,82,146,"2025-02-22_HFUHV",4.81417292509147,310,NA,NA,NA,NA,NA,NA,NA,NA,NA,NA,NA,NA,NA,13.8,NA,NA,-0.561919,8.375,240,23,12.4632
286,1.05396,82,145,"2025-02-22_HFUHV",4.89332550401253,306,NA,NA,NA,NA,NA,NA,NA,NA,NA,NA,NA,NA,NA,13.8,NA,NA,-1.11594,8.375,240,23,12.2616
287,1.05733,82,145,"2025-02-22_HFUHV",4.93388592855733,306,NA,NA,NA,NA,NA,NA,NA,NA,NA,NA,NA,NA,NA,13.8,NA,NA,-1.66842,8.375,240,23,12.1608
288,1.06072,82,145,"2025-02-22_HFUHV",4.92077551422104,300,NA,NA,NA,NA,NA,NA,NA,NA,NA,NA,NA,NA,NA,13.8,NA,NA,-1.11594,8.125,240,23,12.1932
289,1.06413,82,146,"2025-02-22_HFUHV",4.89332550401253,300,NA,NA,NA,NA,NA,NA,NA,NA,NA,NA,NA,NA,NA,13.8,NA,NA,-1.11594,8.125,240,23,12.2616
290,1.06753,81,144,"2025-02-22_HFUHV",4.89332550401253,300,NA,NA,NA,NA,NA,NA,NA,NA,NA,NA,NA,NA,NA,14,NA,NA,0.0232635,8.125,240,23,12.2616
291,1.07092,80,144,"2025-02-22_HFUHV",4.92077551422104,300,NA,NA,NA,NA,NA,NA,NA,NA,NA,NA,NA,NA,NA,14,NA,NA,0.0232635,8.125,240,23,12.1932
292,1.07432,80,144,"2025-02-22_HFUHV",4.90773458971339,300,NA,NA,NA,NA,NA,NA,NA,NA,NA,NA,NA,NA,NA,14,NA,NA,0.0232635,8.125,256,23,12.2256
293,1.0777,80,144,"2025-02-22_HFUHV",4.93388592855733,301,NA,NA,NA,NA,NA,NA,NA,NA,NA,NA,NA,NA,NA,14,NA,NA,0.588235,8.125,260,23,12.1608
294,1.08105,80,144,"2025-02-22_HFUHV",4.96179418477722,301,NA,NA,NA,NA,NA,NA,NA,NA,NA,NA,NA,NA,NA,14,NA,NA,0.588235,8.125,260,23,12.0924
295,1.08442,81,144,"2025-02-22_HFUHV",4.94853523357086,298,NA,NA,NA,NA,NA,NA,NA,NA,NA,NA,NA,NA,NA,14.2,NA,NA,1.18171,8.125,262,23,12.1248
296,1.08779,82,143,"2025-02-22_HFUHV",4.94853523357086,301,NA,NA,NA,NA,NA,NA,NA,NA,NA,NA,NA,NA,NA,14.2,NA,NA,1.18171,8.125,260,23,12.1248
297,1.09115,82,143,"2025-02-22_HFUHV",4.96179418477722,301,NA,NA,NA,NA,NA,NA,NA,NA,NA,NA,NA,NA,NA,14.2,NA,NA,1.18171,8.125,260,23,12.0924
298,1.09448,82,143,"2025-02-22_HFUHV",5.0035024517162,300,NA,NA,NA,NA,NA,NA,NA,NA,NA,NA,NA,NA,NA,14.2,NA,NA,1.18171,8.125,256,23,11.9916
299,1.09778,82,145,"2025-02-22_HFUHV",5.05970451325643,300,NA,NA,NA,NA,NA,NA,NA,NA,NA,NA,NA,NA,NA,14.2,NA,NA,1.18171,8,254,23,11.8584
300,1.10106,81,145,"2025-02-22_HFUHV",5.07511165245635,297,NA,NA,NA,NA,NA,NA,NA,NA,NA,NA,NA,NA,NA,14,NA,NA,-0.0162843,8.125,254,23,11.8224
301,1.1044,81,144,"2025-02-22_HFUHV",4.99001996007984,296,NA,NA,NA,NA,NA,NA,NA,NA,NA,NA,NA,NA,NA,14.2,NA,NA,0.582518,8.125,254,23,12.024
302,1.10777,81,144,"2025-02-22_HFUHV",4.94853523357086,297,NA,NA,NA,NA,NA,NA,NA,NA,NA,NA,NA,NA,NA,14,NA,NA,-0.0109537,8.25,254,23,12.1248
303,1.11117,80,143,"2025-02-22_HFUHV",4.89332550401253,299,NA,NA,NA,NA,NA,NA,NA,NA,NA,NA,NA,NA,NA,13.8,NA,NA,-0.599189,8.375,254,23,12.2616
304,1.11461,80,142,"2025-02-22_HFUHV",4.8534265191225,299,NA,NA,NA,NA,NA,NA,NA,NA,NA,NA,NA,NA,NA,13.8,NA,NA,-0.599189,8.375,252,23,12.3624
305,1.11808,81,143,"2025-02-22_HFUHV",4.80169019494862,303,NA,NA,NA,NA,NA,NA,NA,NA,NA,NA,NA,NA,NA,13.8,NA,NA,-1.19266,8.5,252,23,12.4956
306,1.12153,83,142,"2025-02-22_HFUHV",4.82811896485129,308,NA,NA,NA,NA,NA,NA,NA,NA,NA,NA,NA,NA,NA,13.8,NA,NA,-1.19266,8.625,250,23,12.4272
307,1.12497,82,143,"2025-02-22_HFUHV",4.84073966502082,308,NA,NA,NA,NA,NA,NA,NA,NA,NA,NA,NA,NA,NA,13.8,NA,NA,-1.19266,8.625,250,23,12.3948
308,1.12843,83,142,"2025-02-22_HFUHV",4.81417292509147,308,NA,NA,NA,NA,NA,NA,NA,NA,NA,NA,NA,NA,NA,13.6,NA,NA,-1.7707,8.625,252,23,12.4632
309,1.13193,83,144,"2025-02-22_HFUHV",4.76326569496046,307,NA,NA,NA,NA,NA,NA,NA,NA,NA,NA,NA,NA,NA,13.6,NA,NA,-1.7707,8.125,252,23,12.5964
310,1.13542,83,145,"2025-02-22_HFUHV",4.77554918815664,309,NA,NA,NA,NA,NA,NA,NA,NA,NA,NA,NA,NA,NA,13.6,NA,NA,-1.16094,7.875,252,23,12.564
311,1.13891,83,145,"2025-02-22_HFUHV",4.77554918815664,309,NA,NA,NA,NA,NA,NA,NA,NA,NA,NA,NA,NA,NA,13.6,NA,NA,-1.75974,7.875,252,23,12.564
312,1.14246,83,145,"2025-02-22_HFUHV",4.7001316036849,306,NA,NA,NA,NA,NA,NA,NA,NA,NA,NA,NA,NA,NA,13.6,NA,NA,-1.16627,7.875,250,23,12.7656
313,1.14599,83,144,"2025-02-22_HFUHV",4.71342383107089,309,NA,NA,NA,NA,NA,NA,NA,NA,NA,NA,NA,NA,NA,13.4,NA,NA,-1.14461,8.125,250,23,12.7296
314,1.14949,83,144,"2025-02-22_HFUHV",4.76326569496046,309,NA,NA,NA,NA,NA,NA,NA,NA,NA,NA,NA,NA,NA,13.4,NA,NA,-1.14461,8.125,248,23,12.5964
315,1.153,83,146,"2025-02-22_HFUHV",4.75104522995059,308,NA,NA,NA,NA,NA,NA,NA,NA,NA,NA,NA,NA,NA,13.8,NA,NA,0,8.125,246,23,12.6288
316,1.1565,83,145,"2025-02-22_HFUHV",4.76326569496046,304,NA,NA,NA,NA,NA,NA,NA,NA,NA,NA,NA,NA,NA,14,NA,NA,0.566423,8.25,246,23,12.5964
317,1.15994,83,146,"2025-02-22_HFUHV",4.84073966502082,304,NA,NA,NA,NA,NA,NA,NA,NA,NA,NA,NA,NA,NA,14.2,NA,NA,1.14782,8.25,246,23,12.3948
318,1.16339,83,145,"2025-02-22_HFUHV",4.84073966502082,307,NA,NA,NA,NA,NA,NA,NA,NA,NA,NA,NA,NA,NA,14.2,NA,NA,1.72585,8.25,246,23,12.3948
319,1.16684,83,146,"2025-02-22_HFUHV",4.82811896485129,303,NA,NA,NA,NA,NA,NA,NA,NA,NA,NA,NA,NA,NA,14.2,NA,NA,1.72585,8.125,246,23,12.4272
320,1.17028,83,146,"2025-02-22_HFUHV",4.84073966502082,303,NA,NA,NA,NA,NA,NA,NA,NA,NA,NA,NA,NA,NA,14.4,NA,NA,2.30725,8.125,246,23,12.3948
321,1.17371,82,145,"2025-02-22_HFUHV",4.86760124610592,303,NA,NA,NA,NA,NA,NA,NA,NA,NA,NA,NA,NA,NA,14.2,NA,NA,1.72416,8.125,246,23,12.3264
322,1.17715,81,146,"2025-02-22_HFUHV",4.84073966502082,302,NA,NA,NA,NA,NA,NA,NA,NA,NA,NA,NA,NA,NA,14,NA,NA,1.14276,8.25,246,23,12.3948
323,1.18059,82,146,"2025-02-22_HFUHV",4.84073966502082,302,NA,NA,NA,NA,NA,NA,NA,NA,NA,NA,NA,NA,NA,14,NA,NA,1.70933,8.25,246,23,12.3948
324,1.18401,81,146,"2025-02-22_HFUHV",4.88042947779405,303,NA,NA,NA,NA,NA,NA,NA,NA,NA,NA,NA,NA,NA,13.8,NA,NA,1.12454,8.25,246,23,12.294
325,1.18746,82,146,"2025-02-22_HFUHV",4.82811896485129,302,NA,NA,NA,NA,NA,NA,NA,NA,NA,NA,NA,NA,NA,13.8,NA,NA,-0.0150618,8.25,252,23,12.4272
326,1.19094,82,146,"2025-02-22_HFUHV",4.78927203065134,300,NA,NA,NA,NA,NA,NA,NA,NA,NA,NA,NA,NA,NA,13.8,NA,NA,-0.58649,8.25,252,23,12.528
327,1.19441,82,146,"2025-02-22_HFUHV",4.80169019494862,305,NA,NA,NA,NA,NA,NA,NA,NA,NA,NA,NA,NA,NA,13.8,NA,NA,-1.16789,8.25,252,23,12.4956
328,1.19785,82,144,"2025-02-22_HFUHV",4.84073966502082,305,NA,NA,NA,NA,NA,NA,NA,NA,NA,NA,NA,NA,NA,13.8,NA,NA,-1.16789,8.125,252,23,12.3948
329,1.20131,82,145,"2025-02-22_HFUHV",4.82811896485129,304,NA,NA,NA,NA,NA,NA,NA,NA,NA,NA,NA,NA,NA,14,NA,NA,-0.589851,8.125,252,23,12.4272
330,1.20475,82,145,"2025-02-22_HFUHV",4.84073966502082,301,NA,NA,NA,NA,NA,NA,NA,NA,NA,NA,NA,NA,NA,14,NA,NA,-1.17125,8.25,252,23,12.3948
331,1.20814,82,143,"2025-02-22_HFUHV",4.92077551422104,301,NA,NA,NA,NA,NA,NA,NA,NA,NA,NA,NA,NA,NA,14,NA,NA,-0.588156,8.25,252,23,12.1932
332,1.21149,80,145,"2025-02-22_HFUHV",4.97512437810945,300,NA,NA,NA,NA,NA,NA,NA,NA,NA,NA,NA,NA,NA,14,NA,NA,0,8.375,252,23,12.06
333,1.21484,80,145,"2025-02-22_HFUHV",4.97512437810945,297,NA,NA,NA,NA,NA,NA,NA,NA,NA,NA,NA,NA,NA,14,NA,NA,0,8.375,252,23,12.06
334,1.21819,80,143,"2025-02-22_HFUHV",4.97512437810945,297,NA,NA,NA,NA,NA,NA,NA,NA,NA,NA,NA,NA,NA,14.4,NA,NA,1.77206,8.375,252,23,12.06
335,1.22159,81,144,"2025-02-22_HFUHV",4.89332550401253,296,NA,NA,NA,NA,NA,NA,NA,NA,NA,NA,NA,NA,NA,14.4,NA,NA,1.77206,8.75,256,23,12.2616
336,1.22507,81,145,"2025-02-22_HFUHV",4.80169019494862,300,NA,NA,NA,NA,NA,NA,NA,NA,NA,NA,NA,NA,NA,14.6,NA,NA,2.34678,8.625,258,23,12.4956
337,1.2286,81,147,"2025-02-22_HFUHV",4.71342383107089,304,NA,NA,NA,NA,NA,NA,NA,NA,NA,NA,NA,NA,NA,14.6,NA,NA,2.34678,8.625,256,23,12.7296
338,1.23214,82,149,"2025-02-22_HFUHV",4.7001316036849,310,NA,NA,NA,NA,NA,NA,NA,NA,NA,NA,NA,NA,NA,14.4,NA,NA,1.78181,8.625,250,23,12.7656
339,1.23569,82,150,"2025-02-22_HFUHV",4.7001316036849,314,NA,NA,NA,NA,NA,NA,NA,NA,NA,NA,NA,NA,NA,14.4,NA,NA,1.20377,8.5,248,23,12.7656
340,1.23921,82,151,"2025-02-22_HFUHV",4.73754026909229,313,NA,NA,NA,NA,NA,NA,NA,NA,NA,NA,NA,NA,NA,14.4,NA,NA,1.20377,8.375,246,23,12.6648
341,1.2427,82,154,"2025-02-22_HFUHV",4.77554918815664,313,NA,NA,NA,NA,NA,NA,NA,NA,NA,NA,NA,NA,NA,14.2,NA,NA,0.630705,8.375,246,23,12.564
342,1.24619,82,155,"2025-02-22_HFUHV",4.77554918815664,310,NA,NA,NA,NA,NA,NA,NA,NA,NA,NA,NA,NA,NA,14.2,NA,NA,0.630705,8.625,250,23,12.564
343,1.24968,82,156,"2025-02-22_HFUHV",4.77554918815664,306,NA,NA,NA,NA,NA,NA,NA,NA,NA,NA,NA,NA,NA,14.2,NA,NA,0.630705,8.5,254,23,12.564
344,1.2532,82,157,"2025-02-22_HFUHV",4.7254512805973,306,NA,NA,NA,NA,NA,NA,NA,NA,NA,NA,NA,NA,NA,14,NA,NA,-1.13151,8.25,254,23,12.6972
345,1.25669,82,157,"2025-02-22_HFUHV",4.77554918815664,305,NA,NA,NA,NA,NA,NA,NA,NA,NA,NA,NA,NA,NA,14.2,NA,NA,-0.558441,8.375,252,23,12.564
346,1.26016,82,156,"2025-02-22_HFUHV",4.80169019494862,306,NA,NA,NA,NA,NA,NA,NA,NA,NA,NA,NA,NA,NA,14.2,NA,NA,-1.13315,8.375,252,23,12.4956
347,1.26363,82,156,"2025-02-22_HFUHV",4.81417292509147,307,NA,NA,NA,NA,NA,NA,NA,NA,NA,NA,NA,NA,NA,14.4,NA,NA,-0.556785,8.125,252,23,12.4632
348,1.26707,82,157,"2025-02-22_HFUHV",4.84073966502082,307,NA,NA,NA,NA,NA,NA,NA,NA,NA,NA,NA,NA,NA,14.6,NA,NA,0.589582,8.125,252,23,12.3948
349,1.27046,82,156,"2025-02-22_HFUHV",4.92077551422104,307,NA,NA,NA,NA,NA,NA,NA,NA,NA,NA,NA,NA,NA,14.6,NA,NA,0.589582,8.25,252,23,12.1932
350,1.27381,81,157,"2025-02-22_HFUHV",4.97512437810945,307,NA,NA,NA,NA,NA,NA,NA,NA,NA,NA,NA,NA,NA,14.6,NA,NA,0.589582,8.25,252,23,12.06
351,1.27711,81,156,"2025-02-22_HFUHV",5.04591785245736,304,NA,NA,NA,NA,NA,NA,NA,NA,NA,NA,NA,NA,NA,14.6,NA,NA,1.16265,8.125,252,23,11.8908
352,1.28037,81,156,"2025-02-22_HFUHV",5.11875511875512,300,NA,NA,NA,NA,NA,NA,NA,NA,NA,NA,NA,NA,NA,14.4,NA,NA,0.549151,8.125,252,23,11.7216
353,1.28365,81,155,"2025-02-22_HFUHV",5.07511165245635,298,NA,NA,NA,NA,NA,NA,NA,NA,NA,NA,NA,NA,NA,14.4,NA,NA,0.549151,8.375,252,23,11.8224
354,1.28696,81,155,"2025-02-22_HFUHV",5.03220611916264,291,NA,NA,NA,NA,NA,NA,NA,NA,NA,NA,NA,NA,NA,14.4,NA,NA,1.11733,8.125,252,23,11.9232
355,1.2903,82,157,"2025-02-22_HFUHV",4.99001996007984,293,NA,NA,NA,NA,NA,NA,NA,NA,NA,NA,NA,NA,NA,14.4,NA,NA,0.544267,8,252,23,12.024
356,1.29368,83,155,"2025-02-22_HFUHV",4.93388592855733,293,NA,NA,NA,NA,NA,NA,NA,NA,NA,NA,NA,NA,NA,14.4,NA,NA,0.544267,8,252,23,12.1608
357,1.29709,83,156,"2025-02-22_HFUHV",4.89332550401253,293,NA,NA,NA,NA,NA,NA,NA,NA,NA,NA,NA,NA,NA,14.6,NA,NA,0.554409,7.875,252,23,12.2616
358,1.30045,83,156,"2025-02-22_HFUHV",4.94853523357086,295,NA,NA,NA,NA,NA,NA,NA,NA,NA,NA,NA,NA,NA,14.6,NA,NA,-0.0269867,7.75,252,23,12.1248
359,1.30378,82,156,"2025-02-22_HFUHV",5.01705799719045,298,NA,NA,NA,NA,NA,NA,NA,NA,NA,NA,NA,NA,NA,14.8,NA,NA,0.573614,8,252,23,11.9592
360,1.30707,82,156,"2025-02-22_HFUHV",5.05970451325643,296,NA,NA,NA,NA,NA,NA,NA,NA,NA,NA,NA,NA,NA,14.8,NA,NA,0.573614,8,252,22,11.8584
361,1.31033,82,156,"2025-02-22_HFUHV",5.11875511875512,294,NA,NA,NA,NA,NA,NA,NA,NA,NA,NA,NA,NA,NA,14.8,NA,NA,0.573614,8.125,252,23,11.7216
362,1.31356,81,155,"2025-02-22_HFUHV",5.14721021206506,294,NA,NA,NA,NA,NA,NA,NA,NA,NA,NA,NA,NA,NA,15,NA,NA,1.80631,8.125,252,22,11.6568
363,1.3168,81,155,"2025-02-22_HFUHV",5.14721021206506,291,NA,NA,NA,NA,NA,NA,NA,NA,NA,NA,NA,NA,NA,14.8,NA,NA,1.18902,8.125,252,22,11.6568
364,1.32006,80,155,"2025-02-22_HFUHV",5.11875511875512,289,NA,NA,NA,NA,NA,NA,NA,NA,NA,NA,NA,NA,NA,15,NA,NA,1.80252,8.25,252,22,11.7216
365,1.32337,80,154,"2025-02-22_HFUHV",5.03220611916264,289,NA,NA,NA,NA,NA,NA,NA,NA,NA,NA,NA,NA,NA,15.2,NA,NA,2.40675,8.375,252,22,11.9232
366,1.32677,81,154,"2025-02-22_HFUHV",4.90773458971339,290,NA,NA,NA,NA,NA,NA,NA,NA,NA,NA,NA,NA,NA,15,NA,NA,1.81851,8.375,252,22,12.2256
367,1.3302,82,153,"2025-02-22_HFUHV",4.8534265191225,296,NA,NA,NA,NA,NA,NA,NA,NA,NA,NA,NA,NA,NA,15.4,NA,NA,2.39818,8.375,252,22,12.3624
368,1.33366,83,153,"2025-02-22_HFUHV",4.81417292509147,304,NA,NA,NA,NA,NA,NA,NA,NA,NA,NA,NA,NA,NA,15.4,NA,NA,2.39818,8.375,256,22,12.4632
369,1.33713,83,154,"2025-02-22_HFUHV",4.80169019494862,307,NA,NA,NA,NA,NA,NA,NA,NA,NA,NA,NA,NA,NA,15.6,NA,NA,2.37395,8.375,256,22,12.4956
370,1.34058,83,155,"2025-02-22_HFUHV",4.84073966502082,308,NA,NA,NA,NA,NA,NA,NA,NA,NA,NA,NA,NA,NA,15.6,NA,NA,2.37395,8.375,256,22,12.3948
371,1.34396,84,156,"2025-02-22_HFUHV",4.92077551422104,309,NA,NA,NA,NA,NA,NA,NA,NA,NA,NA,NA,NA,NA,15.6,NA,NA,2.37395,8.375,254,22,12.1932
372,1.34734,83,155,"2025-02-22_HFUHV",4.93388592855733,305,NA,NA,NA,NA,NA,NA,NA,NA,NA,NA,NA,NA,NA,15.6,NA,NA,1.75476,8.375,254,22,12.1608
373,1.35072,83,156,"2025-02-22_HFUHV",4.93388592855733,301,NA,NA,NA,NA,NA,NA,NA,NA,NA,NA,NA,NA,NA,16,NA,NA,3.55547,7.875,254,22,12.1608
374,1.35409,83,155,"2025-02-22_HFUHV",4.94853523357086,300,NA,NA,NA,NA,NA,NA,NA,NA,NA,NA,NA,NA,NA,15.8,NA,NA,2.3485,7.875,254,22,12.1248
375,1.35746,82,156,"2025-02-22_HFUHV",4.94853523357086,301,NA,NA,NA,NA,NA,NA,NA,NA,NA,NA,NA,NA,NA,16,NA,NA,2.33775,7.875,256,22,12.1248
376,1.36084,82,154,"2025-02-22_HFUHV",4.92077551422104,301,NA,NA,NA,NA,NA,NA,NA,NA,NA,NA,NA,NA,NA,16.2,NA,NA,3.5177,7.875,256,22,12.1932
377,1.36423,82,154,"2025-02-22_HFUHV",4.92077551422104,301,NA,NA,NA,NA,NA,NA,NA,NA,NA,NA,NA,NA,NA,16.2,NA,NA,2.35152,8.125,256,22,12.1932
378,1.36763,82,155,"2025-02-22_HFUHV",4.90773458971339,301,NA,NA,NA,NA,NA,NA,NA,NA,NA,NA,NA,NA,NA,16.4,NA,NA,2.93975,8.125,254,22,12.2256
379,1.37108,81,155,"2025-02-22_HFUHV",4.82811896485129,300,NA,NA,NA,NA,NA,NA,NA,NA,NA,NA,NA,NA,NA,16.4,NA,NA,2.36338,8.375,252,22,12.4272
380,1.37454,82,153,"2025-02-22_HFUHV",4.81417292509147,304,NA,NA,NA,NA,NA,NA,NA,NA,NA,NA,NA,NA,NA,16.4,NA,NA,2.36338,8.375,252,22,12.4632
381,1.37796,81,154,"2025-02-22_HFUHV",4.88042947779405,304,NA,NA,NA,NA,NA,NA,NA,NA,NA,NA,NA,NA,NA,16.6,NA,NA,2.94818,8.375,252,22,12.294
382,1.38132,81,153,"2025-02-22_HFUHV",4.96179418477722,306,NA,NA,NA,NA,NA,NA,NA,NA,NA,NA,NA,NA,NA,16.6,NA,NA,2.94818,8.375,252,22,12.0924
383,1.38465,81,153,"2025-02-22_HFUHV",5.0035024517162,298,NA,NA,NA,NA,NA,NA,NA,NA,NA,NA,NA,NA,NA,16.6,NA,NA,1.76475,8.5,256,22,11.9916
384,1.38789,81,154,"2025-02-22_HFUHV",5.13294322964788,295,NA,NA,NA,NA,NA,NA,NA,NA,NA,NA,NA,NA,NA,16.6,NA,NA,2.35822,8.5,258,22,11.6892
385,1.39111,81,152,"2025-02-22_HFUHV",5.17759138448794,289,NA,NA,NA,NA,NA,NA,NA,NA,NA,NA,NA,NA,NA,16.6,NA,NA,1.76475,8.375,264,22,11.5884
386,1.39439,81,152,"2025-02-22_HFUHV",5.08905852417303,285,NA,NA,NA,NA,NA,NA,NA,NA,NA,NA,NA,NA,NA,16.6,NA,NA,1.17303,8.25,264,22,11.79
387,1.39768,82,152,"2025-02-22_HFUHV",5.05970451325643,289,NA,NA,NA,NA,NA,NA,NA,NA,NA,NA,NA,NA,NA,16.8,NA,NA,1.78093,8.25,264,22,11.8584
388,1.40097,82,153,"2025-02-22_HFUHV",5.07511165245635,289,NA,NA,NA,NA,NA,NA,NA,NA,NA,NA,NA,NA,NA,16.8,NA,NA,1.1927,8,264,22,11.8224
389,1.40425,82,154,"2025-02-22_HFUHV",5.07511165245635,287,NA,NA,NA,NA,NA,NA,NA,NA,NA,NA,NA,NA,NA,17,NA,NA,1.80245,8,262,22,11.8224
390,1.40753,82,153,"2025-02-22_HFUHV",5.07511165245635,286,NA,NA,NA,NA,NA,NA,NA,NA,NA,NA,NA,NA,NA,17,NA,NA,1.80245,8,262,22,11.8224
391,1.4108,82,155,"2025-02-22_HFUHV",5.10308226168606,286,NA,NA,NA,NA,NA,NA,NA,NA,NA,NA,NA,NA,NA,17.2,NA,NA,1.82928,8,262,22,11.7576
392,1.41407,81,156,"2025-02-22_HFUHV",5.08905852417303,285,NA,NA,NA,NA,NA,NA,NA,NA,NA,NA,NA,NA,NA,17.2,NA,NA,1.82928,8,262,22,11.79
393,1.41738,81,156,"2025-02-22_HFUHV",5.04591785245736,286,NA,NA,NA,NA,NA,NA,NA,NA,NA,NA,NA,NA,NA,17.4,NA,NA,2.43351,8.125,262,22,11.8908
394,1.42075,81,156,"2025-02-22_HFUHV",4.94853523357086,289,NA,NA,NA,NA,NA,NA,NA,NA,NA,NA,NA,NA,NA,17.4,NA,NA,2.43351,8.125,262,22,12.1248
395,1.42414,81,156,"2025-02-22_HFUHV",4.90773458971339,289,NA,NA,NA,NA,NA,NA,NA,NA,NA,NA,NA,NA,NA,17.6,NA,NA,3.02348,8.125,262,22,12.2256
396,1.42757,82,157,"2025-02-22_HFUHV",4.86760124610592,298,NA,NA,NA,NA,NA,NA,NA,NA,NA,NA,NA,NA,NA,17.6,NA,NA,3.02348,8.25,262,22,12.3264
397,1.43102,82,155,"2025-02-22_HFUHV",4.82811896485129,299,NA,NA,NA,NA,NA,NA,NA,NA,NA,NA,NA,NA,NA,17.6,NA,NA,2.41558,8.25,262,22,12.4272
398,1.43448,82,155,"2025-02-22_HFUHV",4.82811896485129,299,NA,NA,NA,NA,NA,NA,NA,NA,NA,NA,NA,NA,NA,18,NA,NA,3.57165,8.25,262,22,12.4272
399,1.43791,82,157,"2025-02-22_HFUHV",4.8534265191225,301,NA,NA,NA,NA,NA,NA,NA,NA,NA,NA,NA,NA,NA,18.2,NA,NA,3.54498,8.25,262,22,12.3624
400,1.44131,82,156,"2025-02-22_HFUHV",4.90773458971339,302,NA,NA,NA,NA,NA,NA,NA,NA,NA,NA,NA,NA,NA,18.2,NA,NA,3.54498,8.25,262,22,12.2256
401,1.44465,82,156,"2025-02-22_HFUHV",4.97512437810945,302,NA,NA,NA,NA,NA,NA,NA,NA,NA,NA,NA,NA,NA,18.4,NA,NA,3.53216,8.25,254,22,12.06
402,1.44797,82,158,"2025-02-22_HFUHV",5.01705799719045,302,NA,NA,NA,NA,NA,NA,NA,NA,NA,NA,NA,NA,NA,18.4,NA,NA,3.53216,8.25,254,22,11.9592
403,1.45128,82,158,"2025-02-22_HFUHV",5.04591785245736,295,NA,NA,NA,NA,NA,NA,NA,NA,NA,NA,NA,NA,NA,18.4,NA,NA,2.92793,8.25,254,22,11.8908
404,1.45456,82,158,"2025-02-22_HFUHV",5.07511165245635,291,NA,NA,NA,NA,NA,NA,NA,NA,NA,NA,NA,NA,NA,18.4,NA,NA,2.92793,8.25,258,22,11.8224
405,1.45785,82,157,"2025-02-22_HFUHV",5.07511165245635,291,NA,NA,NA,NA,NA,NA,NA,NA,NA,NA,NA,NA,NA,18.4,NA,NA,2.33796,8.25,258,22,11.8224
406,1.46113,81,157,"2025-02-22_HFUHV",5.07511165245635,290,NA,NA,NA,NA,NA,NA,NA,NA,NA,NA,NA,NA,NA,18.4,NA,NA,2.33796,8,258,22,11.8224
407,1.46441,81,157,"2025-02-22_HFUHV",5.07511165245635,290,NA,NA,NA,NA,NA,NA,NA,NA,NA,NA,NA,NA,NA,18.6,NA,NA,2.94772,8,258,22,11.8224
408,1.4677,82,159,"2025-02-22_HFUHV",5.07511165245635,290,NA,NA,NA,NA,NA,NA,NA,NA,NA,NA,NA,NA,NA,19,NA,NA,3.00745,8,262,22,11.8224
409,1.471,82,157,"2025-02-22_HFUHV",5.04591785245736,290,NA,NA,NA,NA,NA,NA,NA,NA,NA,NA,NA,NA,NA,19.2,NA,NA,3.03042,8,262,22,11.8908
410,1.47432,82,156,"2025-02-22_HFUHV",5.03220611916264,290,NA,NA,NA,NA,NA,NA,NA,NA,NA,NA,NA,NA,NA,19.2,NA,NA,3.03042,8,262,22,11.9232
411,1.47763,82,158,"2025-02-22_HFUHV",5.03220611916264,292,NA,NA,NA,NA,NA,NA,NA,NA,NA,NA,NA,NA,NA,19.4,NA,NA,3.03585,8,260,22,11.9232
412,1.4809,81,156,"2025-02-22_HFUHV",5.08905852417303,292,NA,NA,NA,NA,NA,NA,NA,NA,NA,NA,NA,NA,NA,19.4,NA,NA,3.03585,8,260,22,11.79
413,1.48415,81,155,"2025-02-22_HFUHV",5.13294322964788,288,NA,NA,NA,NA,NA,NA,NA,NA,NA,NA,NA,NA,NA,19.4,NA,NA,3.03585,8,262,22,11.6892
414,1.48736,81,155,"2025-02-22_HFUHV",5.19210799584631,288,NA,NA,NA,NA,NA,NA,NA,NA,NA,NA,NA,NA,NA,19.6,NA,NA,3.6589,8,264,22,11.556
415,1.49057,81,155,"2025-02-22_HFUHV",5.19210799584631,287,NA,NA,NA,NA,NA,NA,NA,NA,NA,NA,NA,NA,NA,19.6,NA,NA,3.6589,8,266,22,11.556
416,1.4938,82,154,"2025-02-22_HFUHV",5.16315572077654,285,NA,NA,NA,NA,NA,NA,NA,NA,NA,NA,NA,NA,NA,19.6,NA,NA,3.6589,8,268,22,11.6208
417,1.49704,82,156,"2025-02-22_HFUHV",5.13294322964788,288,NA,NA,NA,NA,NA,NA,NA,NA,NA,NA,NA,NA,NA,19.8,NA,NA,3.66643,8.125,268,22,11.6892
418,1.50032,82,155,"2025-02-22_HFUHV",5.08905852417303,288,NA,NA,NA,NA,NA,NA,NA,NA,NA,NA,NA,NA,NA,19.8,NA,NA,2.45063,8,268,22,11.79
419,1.50364,81,155,"2025-02-22_HFUHV",5.01705799719045,289,NA,NA,NA,NA,NA,NA,NA,NA,NA,NA,NA,NA,NA,20,NA,NA,2.44698,7.75,268,22,11.9592
420,1.50702,82,156,"2025-02-22_HFUHV",4.93388592855733,297,NA,NA,NA,NA,NA,NA,NA,NA,NA,NA,NA,NA,NA,20.2,NA,NA,3.03869,8,268,22,12.1608
421,1.51046,82,156,"2025-02-22_HFUHV",4.8534265191225,302,NA,NA,NA,NA,NA,NA,NA,NA,NA,NA,NA,NA,NA,20.2,NA,NA,2.43446,8,268,22,12.3624
422,1.51397,84,156,"2025-02-22_HFUHV",4.73754026909229,302,NA,NA,NA,NA,NA,NA,NA,NA,NA,NA,NA,NA,NA,20.2,NA,NA,2.43446,8.125,268,22,12.6648
423,1.51752,84,156,"2025-02-22_HFUHV",4.7001316036849,307,NA,NA,NA,NA,NA,NA,NA,NA,NA,NA,NA,NA,NA,20.2,NA,NA,2.43446,8.25,268,22,12.7656
424,1.52106,83,156,"2025-02-22_HFUHV",4.7001316036849,313,NA,NA,NA,NA,NA,NA,NA,NA,NA,NA,NA,NA,NA,20,NA,NA,1.24644,8.375,268,22,12.7656
425,1.52459,82,156,"2025-02-22_HFUHV",4.7254512805973,317,NA,NA,NA,NA,NA,NA,NA,NA,NA,NA,NA,NA,NA,20,NA,NA,1.24644,8.375,268,22,12.6972
426,1.52805,81,156,"2025-02-22_HFUHV",4.81417292509147,316,NA,NA,NA,NA,NA,NA,NA,NA,NA,NA,NA,NA,NA,20,NA,NA,1.24644,8.375,250,22,12.4632
427,1.53147,81,156,"2025-02-22_HFUHV",4.88042947779405,311,NA,NA,NA,NA,NA,NA,NA,NA,NA,NA,NA,NA,NA,20,NA,NA,0.629154,8.375,250,22,12.294
428,1.53491,82,155,"2025-02-22_HFUHV",4.84073966502082,311,NA,NA,NA,NA,NA,NA,NA,NA,NA,NA,NA,NA,NA,20,NA,NA,0.629154,8.375,252,22,12.3948
429,1.53837,82,155,"2025-02-22_HFUHV",4.81417292509147,306,NA,NA,NA,NA,NA,NA,NA,NA,NA,NA,NA,NA,NA,20,NA,NA,0.0267442,8.375,252,22,12.4632
430,1.54183,83,154,"2025-02-22_HFUHV",4.81417292509147,306,NA,NA,NA,NA,NA,NA,NA,NA,NA,NA,NA,NA,NA,20.2,NA,NA,0.0130629,8.25,252,22,12.4632
431,1.54528,83,155,"2025-02-22_HFUHV",4.82811896485129,303,NA,NA,NA,NA,NA,NA,NA,NA,NA,NA,NA,NA,NA,20.4,NA,NA,0.592773,8.25,252,22,12.4272
432,1.54869,82,155,"2025-02-22_HFUHV",4.89332550401253,303,NA,NA,NA,NA,NA,NA,NA,NA,NA,NA,NA,NA,NA,20.2,NA,NA,0,8.25,252,22,12.2616
433,1.55208,82,154,"2025-02-22_HFUHV",4.92077551422104,303,NA,NA,NA,NA,NA,NA,NA,NA,NA,NA,NA,NA,NA,20.2,NA,NA,0,8.25,252,22,12.1932
434,1.55546,82,152,"2025-02-22_HFUHV",4.92077551422104,295,NA,NA,NA,NA,NA,NA,NA,NA,NA,NA,NA,NA,NA,20.2,NA,NA,0.571235,8.25,256,22,12.1932
435,1.55885,82,153,"2025-02-22_HFUHV",4.92077551422104,296,NA,NA,NA,NA,NA,NA,NA,NA,NA,NA,NA,NA,NA,20.2,NA,NA,0.571235,8.25,256,22,12.1932
436,1.5623,82,151,"2025-02-22_HFUHV",4.82811896485129,296,NA,NA,NA,NA,NA,NA,NA,NA,NA,NA,NA,NA,NA,20.2,NA,NA,0.571235,8.25,256,22,12.4272
437,1.56581,82,152,"2025-02-22_HFUHV",4.75104522995059,299,NA,NA,NA,NA,NA,NA,NA,NA,NA,NA,NA,NA,NA,20.2,NA,NA,0.571235,8.25,256,22,12.6288
438,1.5693,82,151,"2025-02-22_HFUHV",4.77554918815664,299,NA,NA,NA,NA,NA,NA,NA,NA,NA,NA,NA,NA,NA,20.2,NA,NA,0.571235,8.25,256,22,12.564
439,1.57276,81,152,"2025-02-22_HFUHV",4.81417292509147,304,NA,NA,NA,NA,NA,NA,NA,NA,NA,NA,NA,NA,NA,20.6,NA,NA,1.7273,8,256,22,12.4632
440,1.57624,82,151,"2025-02-22_HFUHV",4.78927203065134,306,NA,NA,NA,NA,NA,NA,NA,NA,NA,NA,NA,NA,NA,20.4,NA,NA,0.574557,8.125,256,22,12.528
441,1.57969,82,152,"2025-02-22_HFUHV",4.84073966502082,308,NA,NA,NA,NA,NA,NA,NA,NA,NA,NA,NA,NA,NA,21,NA,NA,1.73398,8.125,256,22,12.3948
442,1.5831,82,153,"2025-02-22_HFUHV",4.88042947779405,308,NA,NA,NA,NA,NA,NA,NA,NA,NA,NA,NA,NA,NA,21.2,NA,NA,2.907,8.125,254,22,12.294
443,1.58652,82,151,"2025-02-22_HFUHV",4.88042947779405,308,NA,NA,NA,NA,NA,NA,NA,NA,NA,NA,NA,NA,NA,21,NA,NA,2.3222,8.125,254,22,12.294
444,1.58991,82,152,"2025-02-22_HFUHV",4.90773458971339,304,NA,NA,NA,NA,NA,NA,NA,NA,NA,NA,NA,NA,NA,21.2,NA,NA,2.91217,8.125,256,22,12.2256
445,1.59327,83,151,"2025-02-22_HFUHV",4.96179418477722,302,NA,NA,NA,NA,NA,NA,NA,NA,NA,NA,NA,NA,NA,21,NA,NA,2.31693,8.125,258,22,12.0924
446,1.59661,82,152,"2025-02-22_HFUHV",4.99001996007984,302,NA,NA,NA,NA,NA,NA,NA,NA,NA,NA,NA,NA,NA,21,NA,NA,2.31693,8,258,22,12.024
447,1.59993,82,150,"2025-02-22_HFUHV",5.01705799719045,296,NA,NA,NA,NA,NA,NA,NA,NA,NA,NA,NA,NA,NA,21,NA,NA,2.31693,8,258,22,11.9592
448,1.60325,82,149,"2025-02-22_HFUHV",5.03220611916264,293,NA,NA,NA,NA,NA,NA,NA,NA,NA,NA,NA,NA,NA,21,NA,NA,2.31693,8,260,22,11.9232
449,1.60652,82,149,"2025-02-22_HFUHV",5.08905852417303,293,NA,NA,NA,NA,NA,NA,NA,NA,NA,NA,NA,NA,NA,21,NA,NA,1.16087,8,260,22,11.79
450,1.60979,82,151,"2025-02-22_HFUHV",5.10308226168606,291,NA,NA,NA,NA,NA,NA,NA,NA,NA,NA,NA,NA,NA,21,NA,NA,1.73558,8,260,22,11.7576
451,1.6131,82,151,"2025-02-22_HFUHV",5.03220611916264,287,NA,NA,NA,NA,NA,NA,NA,NA,NA,NA,NA,NA,NA,21,NA,NA,0,8.125,260,22,11.9232
452,1.61648,82,151,"2025-02-22_HFUHV",4.93388592855733,289,NA,NA,NA,NA,NA,NA,NA,NA,NA,NA,NA,NA,NA,21,NA,NA,-0.590063,8.125,260,22,12.1608
453,1.61988,82,153,"2025-02-22_HFUHV",4.90773458971339,289,NA,NA,NA,NA,NA,NA,NA,NA,NA,NA,NA,NA,NA,21.2,NA,NA,0.582968,8.125,260,22,12.2256
454,1.62329,82,152,"2025-02-22_HFUHV",4.88042947779405,296,NA,NA,NA,NA,NA,NA,NA,NA,NA,NA,NA,NA,NA,21,NA,NA,-0.593513,8.125,256,22,12.294
455,1.62675,82,153,"2025-02-22_HFUHV",4.81417292509147,296,NA,NA,NA,NA,NA,NA,NA,NA,NA,NA,NA,NA,NA,21,NA,NA,0,8.125,256,22,12.4632
456,1.6302,82,153,"2025-02-22_HFUHV",4.84073966502082,296,NA,NA,NA,NA,NA,NA,NA,NA,NA,NA,NA,NA,NA,21.2,NA,NA,0.581435,8.125,256,22,12.3948
457,1.63367,82,153,"2025-02-22_HFUHV",4.80169019494862,301,NA,NA,NA,NA,NA,NA,NA,NA,NA,NA,NA,NA,NA,21.2,NA,NA,0.581435,8.125,256,22,12.4956
458,1.63713,82,153,"2025-02-22_HFUHV",4.80169019494862,302,NA,NA,NA,NA,NA,NA,NA,NA,NA,NA,NA,NA,NA,21.2,NA,NA,0.581435,8.25,254,22,12.4956
459,1.64068,83,154,"2025-02-22_HFUHV",4.7001316036849,306,NA,NA,NA,NA,NA,NA,NA,NA,NA,NA,NA,NA,NA,21.2,NA,NA,0.581435,8.375,252,22,12.7656
460,1.64423,83,155,"2025-02-22_HFUHV",4.6882325363338,306,NA,NA,NA,NA,NA,NA,NA,NA,NA,NA,NA,NA,NA,21.2,NA,NA,0.581435,8.375,250,22,12.798
461,1.64779,83,154,"2025-02-22_HFUHV",4.6882325363338,312,NA,NA,NA,NA,NA,NA,NA,NA,NA,NA,NA,NA,NA,21.2,NA,NA,0.581435,8.25,250,22,12.798
462,1.65135,83,155,"2025-02-22_HFUHV",4.6882325363338,313,NA,NA,NA,NA,NA,NA,NA,NA,NA,NA,NA,NA,NA,21.2,NA,NA,0.581435,8.25,250,22,12.798
463,1.65486,83,153,"2025-02-22_HFUHV",4.73754026909229,313,NA,NA,NA,NA,NA,NA,NA,NA,NA,NA,NA,NA,NA,21.2,NA,NA,0,8.25,250,22,12.6648
464,1.65832,82,154,"2025-02-22_HFUHV",4.81417292509147,313,NA,NA,NA,NA,NA,NA,NA,NA,NA,NA,NA,NA,NA,21.4,NA,NA,1.15774,8.125,250,22,12.4632
465,1.66175,82,155,"2025-02-22_HFUHV",4.86760124610592,306,NA,NA,NA,NA,NA,NA,NA,NA,NA,NA,NA,NA,NA,21.2,NA,NA,0.574654,8.125,250,22,12.3264
466,1.66517,82,153,"2025-02-22_HFUHV",4.88042947779405,305,NA,NA,NA,NA,NA,NA,NA,NA,NA,NA,NA,NA,NA,21.4,NA,NA,0.57974,8.125,254,22,12.294
467,1.66858,82,153,"2025-02-22_HFUHV",4.88042947779405,305,NA,NA,NA,NA,NA,NA,NA,NA,NA,NA,NA,NA,NA,21.4,NA,NA,0.57974,8.125,254,22,12.294
468,1.67197,82,152,"2025-02-22_HFUHV",4.92077551422104,302,NA,NA,NA,NA,NA,NA,NA,NA,NA,NA,NA,NA,NA,21.2,NA,NA,-0.0102309,8.125,254,22,12.1932
469,1.67531,82,152,"2025-02-22_HFUHV",4.99001996007984,299,NA,NA,NA,NA,NA,NA,NA,NA,NA,NA,NA,NA,NA,21.4,NA,NA,0.588572,8.125,256,22,12.024
470,1.67865,82,150,"2025-02-22_HFUHV",4.99001996007984,299,NA,NA,NA,NA,NA,NA,NA,NA,NA,NA,NA,NA,NA,21.4,NA,NA,0.588572,8.375,256,22,12.024
471,1.68198,82,151,"2025-02-22_HFUHV",5.0035024517162,292,NA,NA,NA,NA,NA,NA,NA,NA,NA,NA,NA,NA,NA,21.2,NA,NA,-0.0120291,8.375,260,22,11.9916
472,1.68527,81,152,"2025-02-22_HFUHV",5.05970451325643,294,NA,NA,NA,NA,NA,NA,NA,NA,NA,NA,NA,NA,NA,21.2,NA,NA,-0.0120291,8.375,260,22,11.8584
473,1.68857,81,152,"2025-02-22_HFUHV",5.05970451325643,293,NA,NA,NA,NA,NA,NA,NA,NA,NA,NA,NA,NA,NA,21.2,NA,NA,-0.0120291,8.25,260,22,11.8584
474,1.69187,81,151,"2025-02-22_HFUHV",5.04591785245736,290,NA,NA,NA,NA,NA,NA,NA,NA,NA,NA,NA,NA,NA,21.2,NA,NA,-0.590064,8.25,260,22,11.8908
475,1.69518,81,151,"2025-02-22_HFUHV",5.03220611916264,293,NA,NA,NA,NA,NA,NA,NA,NA,NA,NA,NA,NA,NA,21.2,NA,NA,0,8.25,260,22,11.9232
476,1.69851,81,151,"2025-02-22_HFUHV",5.0035024517162,294,NA,NA,NA,NA,NA,NA,NA,NA,NA,NA,NA,NA,NA,21.2,NA,NA,-0.591769,8.25,262,22,11.9916
477,1.70186,82,152,"2025-02-22_HFUHV",4.97512437810945,294,NA,NA,NA,NA,NA,NA,NA,NA,NA,NA,NA,NA,NA,21.4,NA,NA,0,8.25,262,22,12.06
478,1.7052,82,151,"2025-02-22_HFUHV",4.99001996007984,296,NA,NA,NA,NA,NA,NA,NA,NA,NA,NA,NA,NA,NA,21.4,NA,NA,0.595217,8.25,260,22,12.024
479,1.70855,82,151,"2025-02-22_HFUHV",4.99001996007984,294,NA,NA,NA,NA,NA,NA,NA,NA,NA,NA,NA,NA,NA,21.6,NA,NA,0.593429,8.25,260,22,12.024
480,1.71186,82,152,"2025-02-22_HFUHV",5.01705799719045,294,NA,NA,NA,NA,NA,NA,NA,NA,NA,NA,NA,NA,NA,21.8,NA,NA,1.19766,8.25,260,22,11.9592
481,1.71519,82,152,"2025-02-22_HFUHV",5.01705799719045,291,NA,NA,NA,NA,NA,NA,NA,NA,NA,NA,NA,NA,NA,21.8,NA,NA,1.79826,8.25,260,22,11.9592
482,1.71849,82,152,"2025-02-22_HFUHV",5.04591785245736,291,NA,NA,NA,NA,NA,NA,NA,NA,NA,NA,NA,NA,NA,21.8,NA,NA,1.79826,8.25,260,22,11.8908
483,1.72186,82,153,"2025-02-22_HFUHV",4.94853523357086,291,NA,NA,NA,NA,NA,NA,NA,NA,NA,NA,NA,NA,NA,21.8,NA,NA,1.79826,8.25,260,22,12.1248
484,1.72527,82,154,"2025-02-22_HFUHV",4.88042947779405,291,NA,NA,NA,NA,NA,NA,NA,NA,NA,NA,NA,NA,NA,21.8,NA,NA,1.79826,8.25,260,22,12.294
485,1.72869,82,154,"2025-02-22_HFUHV",4.88042947779405,301,NA,NA,NA,NA,NA,NA,NA,NA,NA,NA,NA,NA,NA,21.8,NA,NA,1.79826,8.25,254,22,12.294
486,1.7321,82,153,"2025-02-22_HFUHV",4.88042947779405,301,NA,NA,NA,NA,NA,NA,NA,NA,NA,NA,NA,NA,NA,22,NA,NA,2.38477,8.25,254,22,12.294
487,1.73555,82,154,"2025-02-22_HFUHV",4.84073966502082,301,NA,NA,NA,NA,NA,NA,NA,NA,NA,NA,NA,NA,NA,21.8,NA,NA,1.20804,8.25,254,22,12.3948
488,1.73896,82,154,"2025-02-22_HFUHV",4.88042947779405,311,NA,NA,NA,NA,NA,NA,NA,NA,NA,NA,NA,NA,NA,22,NA,NA,1.79455,8.25,254,22,12.294
489,1.74236,84,153,"2025-02-22_HFUHV",4.90773458971339,311,NA,NA,NA,NA,NA,NA,NA,NA,NA,NA,NA,NA,NA,21.8,NA,NA,0.609305,8.25,254,22,12.2256
490,1.74573,83,154,"2025-02-22_HFUHV",4.93388592855733,307,NA,NA,NA,NA,NA,NA,NA,NA,NA,NA,NA,NA,NA,21.8,NA,NA,0,8.25,252,22,12.1608
491,1.74911,83,154,"2025-02-22_HFUHV",4.93388592855733,305,NA,NA,NA,NA,NA,NA,NA,NA,NA,NA,NA,NA,NA,22,NA,NA,0.596791,8.25,254,22,12.1608
492,1.75251,82,154,"2025-02-22_HFUHV",4.90773458971339,300,NA,NA,NA,NA,NA,NA,NA,NA,NA,NA,NA,NA,NA,21.8,NA,NA,0,7.75,256,22,12.2256
493,1.7559,82,153,"2025-02-22_HFUHV",4.92077551422104,298,NA,NA,NA,NA,NA,NA,NA,NA,NA,NA,NA,NA,NA,22,NA,NA,0.598526,8,256,22,12.1932
494,1.7593,82,153,"2025-02-22_HFUHV",4.89332550401253,298,NA,NA,NA,NA,NA,NA,NA,NA,NA,NA,NA,NA,NA,22,NA,NA,0.598526,8,254,22,12.2616
495,1.76276,82,153,"2025-02-22_HFUHV",4.82811896485129,294,NA,NA,NA,NA,NA,NA,NA,NA,NA,NA,NA,NA,NA,22,NA,NA,0.598526,8,254,22,12.4272
496,1.76622,82,153,"2025-02-22_HFUHV",4.80169019494862,294,NA,NA,NA,NA,NA,NA,NA,NA,NA,NA,NA,NA,NA,22.2,NA,NA,0.590051,8,254,22,12.4956
497,1.7697,82,152,"2025-02-22_HFUHV",4.80169019494862,299,NA,NA,NA,NA,NA,NA,NA,NA,NA,NA,NA,NA,NA,22,NA,NA,0.595048,8.125,254,22,12.4956
498,1.77318,82,153,"2025-02-22_HFUHV",4.78927203065134,298,NA,NA,NA,NA,NA,NA,NA,NA,NA,NA,NA,NA,NA,22,NA,NA,0,8.125,250,22,12.528
499,1.77665,82,154,"2025-02-22_HFUHV",4.80169019494862,298,NA,NA,NA,NA,NA,NA,NA,NA,NA,NA,NA,NA,NA,22,NA,NA,0.596773,8,250,22,12.4956
500,1.78009,82,155,"2025-02-22_HFUHV",4.84073966502082,300,NA,NA,NA,NA,NA,NA,NA,NA,NA,NA,NA,NA,NA,22,NA,NA,0.596773,8.125,250,22,12.3948
501,1.78348,82,153,"2025-02-22_HFUHV",4.92077551422104,300,NA,NA,NA,NA,NA,NA,NA,NA,NA,NA,NA,NA,NA,22.2,NA,NA,0.595028,8.25,250,22,12.1932
502,1.78684,82,153,"2025-02-22_HFUHV",4.96179418477722,298,NA,NA,NA,NA,NA,NA,NA,NA,NA,NA,NA,NA,NA,22.2,NA,NA,1.18326,8.25,250,22,12.0924
503,1.7902,82,153,"2025-02-22_HFUHV",4.96179418477722,294,NA,NA,NA,NA,NA,NA,NA,NA,NA,NA,NA,NA,NA,22.2,NA,NA,0.593293,8.25,256,22,12.0924
504,1.79354,81,151,"2025-02-22_HFUHV",4.99001996007984,294,NA,NA,NA,NA,NA,NA,NA,NA,NA,NA,NA,NA,NA,22.2,NA,NA,0.593293,8.25,256,22,12.024
505,1.79688,81,151,"2025-02-22_HFUHV",4.99001996007984,294,NA,NA,NA,NA,NA,NA,NA,NA,NA,NA,NA,NA,NA,22.2,NA,NA,0.593293,8.125,256,22,12.024
506,1.80023,81,152,"2025-02-22_HFUHV",4.96179418477722,294,NA,NA,NA,NA,NA,NA,NA,NA,NA,NA,NA,NA,NA,22.2,NA,NA,0.0152579,8.125,256,22,12.0924
507,1.80363,82,151,"2025-02-22_HFUHV",4.90773458971339,294,NA,NA,NA,NA,NA,NA,NA,NA,NA,NA,NA,NA,NA,22.2,NA,NA,0.589971,8.125,256,22,12.2256
508,1.80704,82,151,"2025-02-22_HFUHV",4.89332550401253,295,NA,NA,NA,NA,NA,NA,NA,NA,NA,NA,NA,NA,NA,22.2,NA,NA,0.589971,8.125,256,22,12.2616
509,1.81044,82,152,"2025-02-22_HFUHV",4.89332550401253,299,NA,NA,NA,NA,NA,NA,NA,NA,NA,NA,NA,NA,NA,22,NA,NA,0,8,256,22,12.2616
510,1.81385,81,152,"2025-02-22_HFUHV",4.89332550401253,299,NA,NA,NA,NA,NA,NA,NA,NA,NA,NA,NA,NA,NA,22.2,NA,NA,0.588245,8,254,22,12.2616
511,1.81723,81,152,"2025-02-22_HFUHV",4.93388592855733,299,NA,NA,NA,NA,NA,NA,NA,NA,NA,NA,NA,NA,NA,22,NA,NA,-0.593441,8.125,254,22,12.1608
512,1.82059,81,151,"2025-02-22_HFUHV",4.94853523357086,298,NA,NA,NA,NA,NA,NA,NA,NA,NA,NA,NA,NA,NA,21.8,NA,NA,-1.18868,8.125,254,22,12.1248
513,1.82394,81,152,"2025-02-22_HFUHV",4.97512437810945,298,NA,NA,NA,NA,NA,NA,NA,NA,NA,NA,NA,NA,NA,22,NA,NA,-0.591664,8.125,254,22,12.06
514,1.82729,81,151,"2025-02-22_HFUHV",4.97512437810945,297,NA,NA,NA,NA,NA,NA,NA,NA,NA,NA,NA,NA,NA,22,NA,NA,-0.591664,8.125,256,22,12.06
515,1.83064,81,150,"2025-02-22_HFUHV",4.97512437810945,296,NA,NA,NA,NA,NA,NA,NA,NA,NA,NA,NA,NA,NA,22.2,NA,NA,0,8.125,256,22,12.06
516,1.83402,81,150,"2025-02-22_HFUHV",4.93388592855733,296,NA,NA,NA,NA,NA,NA,NA,NA,NA,NA,NA,NA,NA,22.4,NA,NA,0.597067,8.125,256,22,12.1608
517,1.83742,81,150,"2025-02-22_HFUHV",4.90773458971339,300,NA,NA,NA,NA,NA,NA,NA,NA,NA,NA,NA,NA,NA,22.6,NA,NA,1.1853,8.25,256,22,12.2256
518,1.84084,81,148,"2025-02-22_HFUHV",4.86760124610592,300,NA,NA,NA,NA,NA,NA,NA,NA,NA,NA,NA,NA,NA,22.8,NA,NA,1.7701,8.25,254,22,12.3264
519,1.84431,81,148,"2025-02-22_HFUHV",4.80169019494862,305,NA,NA,NA,NA,NA,NA,NA,NA,NA,NA,NA,NA,NA,22.8,NA,NA,2.35833,8.375,252,22,12.4956
520,1.84782,82,150,"2025-02-22_HFUHV",4.75104522995059,309,NA,NA,NA,NA,NA,NA,NA,NA,NA,NA,NA,NA,NA,22.8,NA,NA,1.77182,8.375,252,22,12.6288
521,1.85133,82,149,"2025-02-22_HFUHV",4.75104522995059,309,NA,NA,NA,NA,NA,NA,NA,NA,NA,NA,NA,NA,NA,22.8,NA,NA,2.36354,8.375,252,22,12.6288
522,1.85482,82,149,"2025-02-22_HFUHV",4.77554918815664,310,NA,NA,NA,NA,NA,NA,NA,NA,NA,NA,NA,NA,NA,22.8,NA,NA,2.95878,8.375,250,22,12.564
523,1.85826,82,149,"2025-02-22_HFUHV",4.84073966502082,308,NA,NA,NA,NA,NA,NA,NA,NA,NA,NA,NA,NA,NA,22.8,NA,NA,2.36176,8.375,250,22,12.3948
524,1.8617,82,150,"2025-02-22_HFUHV",4.8534265191225,308,NA,NA,NA,NA,NA,NA,NA,NA,NA,NA,NA,NA,NA,22.8,NA,NA,2.36176,8.375,250,22,12.3624
525,1.86511,82,151,"2025-02-22_HFUHV",4.88042947779405,305,NA,NA,NA,NA,NA,NA,NA,NA,NA,NA,NA,NA,NA,22.4,NA,NA,0.591726,8.25,252,22,12.294
526,1.86856,82,151,"2025-02-22_HFUHV",4.82811896485129,303,NA,NA,NA,NA,NA,NA,NA,NA,NA,NA,NA,NA,NA,22.4,NA,NA,0,8.25,252,22,12.4272
527,1.87202,82,151,"2025-02-22_HFUHV",4.82811896485129,304,NA,NA,NA,NA,NA,NA,NA,NA,NA,NA,NA,NA,NA,22.4,NA,NA,-0.588225,8,256,22,12.4272
528,1.8755,83,151,"2025-02-22_HFUHV",4.78927203065134,304,NA,NA,NA,NA,NA,NA,NA,NA,NA,NA,NA,NA,NA,22.4,NA,NA,-1.17302,8,256,22,12.528
529,1.87895,83,152,"2025-02-22_HFUHV",4.82811896485129,306,NA,NA,NA,NA,NA,NA,NA,NA,NA,NA,NA,NA,NA,22.4,NA,NA,-1.17302,8,254,22,12.4272
530,1.8824,83,151,"2025-02-22_HFUHV",4.82811896485129,302,NA,NA,NA,NA,NA,NA,NA,NA,NA,NA,NA,NA,NA,22.8,NA,NA,-0.0136002,7.875,254,22,12.4272
531,1.88582,82,151,"2025-02-22_HFUHV",4.86760124610592,302,NA,NA,NA,NA,NA,NA,NA,NA,NA,NA,NA,NA,NA,22.8,NA,NA,-0.0136002,7.875,254,22,12.3264
532,1.88921,82,150,"2025-02-22_HFUHV",4.92077551422104,301,NA,NA,NA,NA,NA,NA,NA,NA,NA,NA,NA,NA,NA,23,NA,NA,0.57637,7.875,252,22,12.1932
533,1.8926,82,150,"2025-02-22_HFUHV",4.92077551422104,298,NA,NA,NA,NA,NA,NA,NA,NA,NA,NA,NA,NA,NA,23,NA,NA,0.57637,8,252,22,12.1932
534,1.89599,81,150,"2025-02-22_HFUHV",4.92077551422104,295,NA,NA,NA,NA,NA,NA,NA,NA,NA,NA,NA,NA,NA,23,NA,NA,0.57637,8.375,252,22,12.1932
535,1.89935,81,150,"2025-02-22_HFUHV",4.96179418477722,295,NA,NA,NA,NA,NA,NA,NA,NA,NA,NA,NA,NA,NA,23.2,NA,NA,2.34463,8.375,252,22,12.0924
536,1.90269,82,150,"2025-02-22_HFUHV",4.97512437810945,295,NA,NA,NA,NA,NA,NA,NA,NA,NA,NA,NA,NA,NA,23.2,NA,NA,2.34463,8.25,252,22,12.06
537,1.90604,82,150,"2025-02-22_HFUHV",4.97512437810945,295,NA,NA,NA,NA,NA,NA,NA,NA,NA,NA,NA,NA,NA,23,NA,NA,1.74761,8.125,262,22,12.06
538,1.90942,83,150,"2025-02-22_HFUHV",4.93388592855733,295,NA,NA,NA,NA,NA,NA,NA,NA,NA,NA,NA,NA,NA,23,NA,NA,1.74761,8.125,262,22,12.1608
539,1.9128,83,149,"2025-02-22_HFUHV",4.93388592855733,298,NA,NA,NA,NA,NA,NA,NA,NA,NA,NA,NA,NA,NA,22.8,NA,NA,1.1559,8.125,258,22,12.1608
540,1.91615,82,149,"2025-02-22_HFUHV",4.97512437810945,298,NA,NA,NA,NA,NA,NA,NA,NA,NA,NA,NA,NA,NA,22.8,NA,NA,0,7.875,258,22,12.06
541,1.92106,82,150,"2025-02-22_HFUHV",5.03220611916264,298,NA,NA,NA,NA,NA,NA,NA,NA,NA,NA,NA,NA,NA,22.8,NA,NA,0,8,258,22,11.9232
542,1.92277,82,150,"2025-02-22_HFUHV",5.04591785245736,293,NA,NA,NA,NA,NA,NA,NA,NA,NA,NA,NA,NA,NA,22.8,NA,NA,-0.593493,8,258,22,11.8908
543,1.92606,82,150,"2025-02-22_HFUHV",5.05970451325643,293,NA,NA,NA,NA,NA,NA,NA,NA,NA,NA,NA,NA,NA,23,NA,NA,0.0144099,8,258,22,11.8584
544,1.9294,82,150,"2025-02-22_HFUHV",4.99001996007984,292,NA,NA,NA,NA,NA,NA,NA,NA,NA,NA,NA,NA,NA,23,NA,NA,0.0144099,8,260,22,12.024
545,1.93274,82,150,"2025-02-22_HFUHV",4.99001996007984,291,NA,NA,NA,NA,NA,NA,NA,NA,NA,NA,NA,NA,NA,23,NA,NA,-0.580828,7.875,260,22,12.024
546,1.93609,82,151,"2025-02-22_HFUHV",4.97512437810945,296,NA,NA,NA,NA,NA,NA,NA,NA,NA,NA,NA,NA,NA,23.2,NA,NA,0.0161868,7.875,258,22,12.06
547,1.93942,82,151,"2025-02-22_HFUHV",5.0035024517162,297,NA,NA,NA,NA,NA,NA,NA,NA,NA,NA,NA,NA,NA,23.2,NA,NA,0.613202,7.875,258,22,11.9916
548,1.94277,82,150,"2025-02-22_HFUHV",4.97512437810945,297,NA,NA,NA,NA,NA,NA,NA,NA,NA,NA,NA,NA,NA,23.2,NA,NA,0.613202,7.875,258,22,12.06
549,1.94614,82,151,"2025-02-22_HFUHV",4.94853523357086,296,NA,NA,NA,NA,NA,NA,NA,NA,NA,NA,NA,NA,NA,23.4,NA,NA,1.79839,7.875,260,22,12.1248
550,1.94953,82,152,"2025-02-22_HFUHV",4.92077551422104,298,NA,NA,NA,NA,NA,NA,NA,NA,NA,NA,NA,NA,NA,23.2,NA,NA,1.20842,8.125,260,22,12.1932
551,1.95292,82,150,"2025-02-22_HFUHV",4.92077551422104,300,NA,NA,NA,NA,NA,NA,NA,NA,NA,NA,NA,NA,NA,23.4,NA,NA,1.79839,8,258,22,12.1932
552,1.95633,82,148,"2025-02-22_HFUHV",4.88042947779405,300,NA,NA,NA,NA,NA,NA,NA,NA,NA,NA,NA,NA,NA,23.4,NA,NA,1.79839,8.125,256,22,12.294
553,1.95975,82,149,"2025-02-22_HFUHV",4.88042947779405,300,NA,NA,NA,NA,NA,NA,NA,NA,NA,NA,NA,NA,NA,23.4,NA,NA,1.19049,8.25,256,22,12.294
554,1.96315,82,150,"2025-02-22_HFUHV",4.89332550401253,301,NA,NA,NA,NA,NA,NA,NA,NA,NA,NA,NA,NA,NA,23.4,NA,NA,1.19049,8,256,22,12.2616
555,1.96653,82,151,"2025-02-22_HFUHV",4.93388592855733,301,NA,NA,NA,NA,NA,NA,NA,NA,NA,NA,NA,NA,NA,23.4,NA,NA,1.19049,8,254,22,12.1608
556,1.9699,82,152,"2025-02-22_HFUHV",4.94853523357086,299,NA,NA,NA,NA,NA,NA,NA,NA,NA,NA,NA,NA,NA,23.4,NA,NA,0.593472,8,256,22,12.1248
557,1.9733,83,152,"2025-02-22_HFUHV",4.90773458971339,298,NA,NA,NA,NA,NA,NA,NA,NA,NA,NA,NA,NA,NA,23.4,NA,NA,0.593472,8,258,22,12.2256
558,1.9767,83,152,"2025-02-22_HFUHV",4.89332550401253,300,NA,NA,NA,NA,NA,NA,NA,NA,NA,NA,NA,NA,NA,23.4,NA,NA,0.593472,7.875,258,22,12.2616
559,1.98012,82,151,"2025-02-22_HFUHV",4.88042947779405,300,NA,NA,NA,NA,NA,NA,NA,NA,NA,NA,NA,NA,NA,23.4,NA,NA,0,7.875,256,22,12.294
560,1.98358,83,153,"2025-02-22_HFUHV",4.81417292509147,300,NA,NA,NA,NA,NA,NA,NA,NA,NA,NA,NA,NA,NA,23.4,NA,NA,0.589971,7.875,256,22,12.4632
561,1.98703,82,151,"2025-02-22_HFUHV",4.82811896485129,301,NA,NA,NA,NA,NA,NA,NA,NA,NA,NA,NA,NA,NA,23.4,NA,NA,0,7.875,256,22,12.4272
562,1.99049,81,151,"2025-02-22_HFUHV",4.81417292509147,301,NA,NA,NA,NA,NA,NA,NA,NA,NA,NA,NA,NA,NA,23.4,NA,NA,0,7.875,256,22,12.4632
563,1.99396,81,151,"2025-02-22_HFUHV",4.80169019494862,302,NA,NA,NA,NA,NA,NA,NA,NA,NA,NA,NA,NA,NA,23.4,NA,NA,0,7.875,252,22,12.4956
564,1.99744,80,151,"2025-02-22_HFUHV",4.78927203065134,302,NA,NA,NA,NA,NA,NA,NA,NA,NA,NA,NA,NA,NA,23.4,NA,NA,0,8.125,252,22,12.528
565,2.0009,81,152,"2025-02-22_HFUHV",4.81417292509147,303,NA,NA,NA,NA,NA,NA,NA,NA,NA,NA,NA,NA,NA,23.4,NA,NA,0,8.25,252,22,12.4632
566,2.00434,81,150,"2025-02-22_HFUHV",4.8534265191225,303,NA,NA,NA,NA,NA,NA,NA,NA,NA,NA,NA,NA,NA,23.4,NA,NA,0,8.375,252,22,12.3624
567,2.00774,80,150,"2025-02-22_HFUHV",4.90773458971339,303,NA,NA,NA,NA,NA,NA,NA,NA,NA,NA,NA,NA,NA,23.4,NA,NA,0,8.375,252,22,12.2256
568,2.01113,81,151,"2025-02-22_HFUHV",4.90773458971339,301,NA,NA,NA,NA,NA,NA,NA,NA,NA,NA,NA,NA,NA,23.4,NA,NA,0,8.375,252,22,12.2256
569,2.0145,81,150,"2025-02-22_HFUHV",4.94853523357086,299,NA,NA,NA,NA,NA,NA,NA,NA,NA,NA,NA,NA,NA,23.6,NA,NA,0.593472,8.375,252,22,12.1248
570,2.01785,82,151,"2025-02-22_HFUHV",4.97512437810945,300,NA,NA,NA,NA,NA,NA,NA,NA,NA,NA,NA,NA,NA,23.6,NA,NA,0.593472,8.125,254,22,12.06
571,2.02122,82,150,"2025-02-22_HFUHV",4.94853523357086,299,NA,NA,NA,NA,NA,NA,NA,NA,NA,NA,NA,NA,NA,23.6,NA,NA,0.593472,8,254,22,12.1248
572,2.02459,82,151,"2025-02-22_HFUHV",4.94853523357086,296,NA,NA,NA,NA,NA,NA,NA,NA,NA,NA,NA,NA,NA,23.6,NA,NA,0.593472,8,254,22,12.1248
573,2.02793,82,152,"2025-02-22_HFUHV",4.99001996007984,295,NA,NA,NA,NA,NA,NA,NA,NA,NA,NA,NA,NA,NA,23.6,NA,NA,0.593472,8.125,254,22,12.024
574,2.03126,82,151,"2025-02-22_HFUHV",5.0035024517162,296,NA,NA,NA,NA,NA,NA,NA,NA,NA,NA,NA,NA,NA,23.6,NA,NA,0.593472,8.125,254,22,11.9916
575,2.03459,82,150,"2025-02-22_HFUHV",5.0035024517162,295,NA,NA,NA,NA,NA,NA,NA,NA,NA,NA,NA,NA,NA,23.4,NA,NA,0,8.125,254,22,11.9916
576,2.03792,81,152,"2025-02-22_HFUHV",5.0035024517162,292,NA,NA,NA,NA,NA,NA,NA,NA,NA,NA,NA,NA,NA,23.4,NA,NA,0,8.125,254,22,11.9916
577,2.04123,80,152,"2025-02-22_HFUHV",5.03220611916264,293,NA,NA,NA,NA,NA,NA,NA,NA,NA,NA,NA,NA,NA,23.6,NA,NA,0.597101,8.125,254,22,11.9232
578,2.04453,81,151,"2025-02-22_HFUHV",5.05970451325643,295,NA,NA,NA,NA,NA,NA,NA,NA,NA,NA,NA,NA,NA,23.8,NA,NA,1.20316,8.25,254,22,11.8584
579,2.04785,81,150,"2025-02-22_HFUHV",5.01705799719045,295,NA,NA,NA,NA,NA,NA,NA,NA,NA,NA,NA,NA,NA,24,NA,NA,1.2121,8.25,254,22,11.9592
580,2.05119,81,151,"2025-02-22_HFUHV",4.99001996007984,298,NA,NA,NA,NA,NA,NA,NA,NA,NA,NA,NA,NA,NA,24,NA,NA,1.2121,8.25,254,22,12.024
581,2.05455,82,151,"2025-02-22_HFUHV",4.96179418477722,297,NA,NA,NA,NA,NA,NA,NA,NA,NA,NA,NA,NA,NA,24,NA,NA,1.2121,8.25,262,22,12.0924
582,2.05793,82,150,"2025-02-22_HFUHV",4.93388592855733,297,NA,NA,NA,NA,NA,NA,NA,NA,NA,NA,NA,NA,NA,24.2,NA,NA,1.80382,8.25,262,22,12.1608
583,2.06131,82,149,"2025-02-22_HFUHV",4.92077551422104,298,NA,NA,NA,NA,NA,NA,NA,NA,NA,NA,NA,NA,NA,24.2,NA,NA,1.80382,8.25,260,22,12.1932
584,2.06468,82,148,"2025-02-22_HFUHV",4.94853523357086,297,NA,NA,NA,NA,NA,NA,NA,NA,NA,NA,NA,NA,NA,24.4,NA,NA,2.39729,8.25,254,22,12.1248
585,2.06808,82,150,"2025-02-22_HFUHV",4.90773458971339,297,NA,NA,NA,NA,NA,NA,NA,NA,NA,NA,NA,NA,NA,24.4,NA,NA,2.99789,8.25,254,22,12.2256
586,2.07148,82,149,"2025-02-22_HFUHV",4.89332550401253,296,NA,NA,NA,NA,NA,NA,NA,NA,NA,NA,NA,NA,NA,24.4,NA,NA,2.99789,8.25,254,22,12.2616
587,2.0749,82,150,"2025-02-22_HFUHV",4.88042947779405,299,NA,NA,NA,NA,NA,NA,NA,NA,NA,NA,NA,NA,NA,24.4,NA,NA,2.39366,8,256,22,12.294
588,2.07834,82,151,"2025-02-22_HFUHV",4.84073966502082,299,NA,NA,NA,NA,NA,NA,NA,NA,NA,NA,NA,NA,NA,24.4,NA,NA,1.7876,8,256,22,12.3948
589,2.08178,82,151,"2025-02-22_HFUHV",4.84073966502082,301,NA,NA,NA,NA,NA,NA,NA,NA,NA,NA,NA,NA,NA,24.2,NA,NA,0.603792,8,256,22,12.3948
590,2.08517,81,153,"2025-02-22_HFUHV",4.92077551422104,302,NA,NA,NA,NA,NA,NA,NA,NA,NA,NA,NA,NA,NA,24.4,NA,NA,1.19376,8,256,22,12.1932
591,2.08851,81,153,"2025-02-22_HFUHV",4.99001996007984,298,NA,NA,NA,NA,NA,NA,NA,NA,NA,NA,NA,NA,NA,24.2,NA,NA,0.594961,8,256,22,12.024
592,2.09183,81,153,"2025-02-22_HFUHV",5.01705799719045,298,NA,NA,NA,NA,NA,NA,NA,NA,NA,NA,NA,NA,NA,24.2,NA,NA,0,8,256,22,11.9592
593,2.09518,81,151,"2025-02-22_HFUHV",4.97512437810945,292,NA,NA,NA,NA,NA,NA,NA,NA,NA,NA,NA,NA,NA,24.2,NA,NA,0,8.125,256,22,12.06
594,2.09852,81,152,"2025-02-22_HFUHV",4.99001996007984,294,NA,NA,NA,NA,NA,NA,NA,NA,NA,NA,NA,NA,NA,24.2,NA,NA,-0.590227,8.125,256,22,12.024
595,2.10186,81,152,"2025-02-22_HFUHV",4.99001996007984,294,NA,NA,NA,NA,NA,NA,NA,NA,NA,NA,NA,NA,NA,24.2,NA,NA,-0.590227,8.125,256,22,12.024
596,2.10518,81,150,"2025-02-22_HFUHV",5.03220611916264,293,NA,NA,NA,NA,NA,NA,NA,NA,NA,NA,NA,NA,NA,24.4,NA,NA,0.0121824,8.25,256,22,11.9232
597,2.10849,81,151,"2025-02-22_HFUHV",5.03220611916264,294,NA,NA,NA,NA,NA,NA,NA,NA,NA,NA,NA,NA,NA,24.4,NA,NA,0.0121824,8.125,260,22,11.9232
598,2.11178,81,150,"2025-02-22_HFUHV",5.05970451325643,295,NA,NA,NA,NA,NA,NA,NA,NA,NA,NA,NA,NA,NA,24.4,NA,NA,0.0121824,8.125,262,22,11.8584
599,2.11507,81,150,"2025-02-22_HFUHV",5.07511165245635,295,NA,NA,NA,NA,NA,NA,NA,NA,NA,NA,NA,NA,NA,24.6,NA,NA,1.20148,8.125,264,22,11.8224
600,2.11834,81,150,"2025-02-22_HFUHV",5.08905852417303,293,NA,NA,NA,NA,NA,NA,NA,NA,NA,NA,NA,NA,NA,24.6,NA,NA,0.61151,8.125,264,22,11.79
601,2.12163,82,151,"2025-02-22_HFUHV",5.07511165245635,293,NA,NA,NA,NA,NA,NA,NA,NA,NA,NA,NA,NA,NA,24.8,NA,NA,1.81822,8,264,22,11.8224
602,2.12489,82,150,"2025-02-22_HFUHV",5.10308226168606,293,NA,NA,NA,NA,NA,NA,NA,NA,NA,NA,NA,NA,NA,25,NA,NA,2.43171,8,264,22,11.7576
603,2.12814,82,150,"2025-02-22_HFUHV",5.13294322964788,289,NA,NA,NA,NA,NA,NA,NA,NA,NA,NA,NA,NA,NA,24.8,NA,NA,1.81633,8,264,22,11.6892
604,2.13137,81,149,"2025-02-22_HFUHV",5.16315572077654,288,NA,NA,NA,NA,NA,NA,NA,NA,NA,NA,NA,NA,NA,25,NA,NA,2.43552,8,264,22,11.6208
605,2.13459,81,150,"2025-02-22_HFUHV",5.17759138448794,288,NA,NA,NA,NA,NA,NA,NA,NA,NA,NA,NA,NA,NA,25,NA,NA,2.43552,8,264,22,11.5884
606,2.13782,81,150,"2025-02-22_HFUHV",5.14721021206506,288,NA,NA,NA,NA,NA,NA,NA,NA,NA,NA,NA,NA,NA,25,NA,NA,1.83311,8,264,22,11.6568
607,2.14107,80,149,"2025-02-22_HFUHV",5.13294322964788,290,NA,NA,NA,NA,NA,NA,NA,NA,NA,NA,NA,NA,NA,25,NA,NA,1.83311,8,264,22,11.6892
608,2.14431,80,148,"2025-02-22_HFUHV",5.14721021206506,290,NA,NA,NA,NA,NA,NA,NA,NA,NA,NA,NA,NA,NA,25,NA,NA,1.83311,8,264,22,11.6568
609,2.14757,80,150,"2025-02-22_HFUHV",5.10308226168606,292,NA,NA,NA,NA,NA,NA,NA,NA,NA,NA,NA,NA,NA,25.2,NA,NA,1.83871,8.375,264,22,11.7576
610,2.15087,81,151,"2025-02-22_HFUHV",5.05970451325643,292,NA,NA,NA,NA,NA,NA,NA,NA,NA,NA,NA,NA,NA,25.4,NA,NA,2.44477,8.375,262,22,11.8584
611,2.15415,82,150,"2025-02-22_HFUHV",5.07511165245635,295,NA,NA,NA,NA,NA,NA,NA,NA,NA,NA,NA,NA,NA,25.4,NA,NA,1.83686,8.25,262,22,11.8224
612,2.15749,83,151,"2025-02-22_HFUHV",4.99001996007984,295,NA,NA,NA,NA,NA,NA,NA,NA,NA,NA,NA,NA,NA,25.4,NA,NA,1.22337,8.25,262,22,12.024
613,2.16086,83,151,"2025-02-22_HFUHV",4.94853523357086,296,NA,NA,NA,NA,NA,NA,NA,NA,NA,NA,NA,NA,NA,25.4,NA,NA,1.83875,8.25,262,22,12.1248
614,2.16427,83,152,"2025-02-22_HFUHV",4.89332550401253,303,NA,NA,NA,NA,NA,NA,NA,NA,NA,NA,NA,NA,NA,25.4,NA,NA,1.21956,8,262,22,12.2616
615,2.16767,82,151,"2025-02-22_HFUHV",4.89332550401253,306,NA,NA,NA,NA,NA,NA,NA,NA,NA,NA,NA,NA,NA,25.6,NA,NA,1.80779,8,262,22,12.2616
616,2.17106,82,151,"2025-02-22_HFUHV",4.92077551422104,306,NA,NA,NA,NA,NA,NA,NA,NA,NA,NA,NA,NA,NA,25.6,NA,NA,1.80779,8,262,22,12.1932
617,2.17442,82,151,"2025-02-22_HFUHV",4.96179418477722,307,NA,NA,NA,NA,NA,NA,NA,NA,NA,NA,NA,NA,NA,25.6,NA,NA,1.80779,8.125,262,22,12.0924
618,2.17774,81,151,"2025-02-22_HFUHV",5.01705799719045,305,NA,NA,NA,NA,NA,NA,NA,NA,NA,NA,NA,NA,NA,25.6,NA,NA,1.80779,8.125,262,22,11.9592
619,2.18104,81,151,"2025-02-22_HFUHV",5.04591785245736,305,NA,NA,NA,NA,NA,NA,NA,NA,NA,NA,NA,NA,NA,25.6,NA,NA,1.1943,8.25,262,22,11.8908
620,2.18437,81,152,"2025-02-22_HFUHV",5.01705799719045,304,NA,NA,NA,NA,NA,NA,NA,NA,NA,NA,NA,NA,NA,25.6,NA,NA,0.588235,8.25,256,22,11.9592
621,2.18773,81,151,"2025-02-22_HFUHV",4.94853523357086,305,NA,NA,NA,NA,NA,NA,NA,NA,NA,NA,NA,NA,NA,25.8,NA,NA,1.18347,8.125,256,22,12.1248
622,2.19111,82,153,"2025-02-22_HFUHV",4.93388592855733,308,NA,NA,NA,NA,NA,NA,NA,NA,NA,NA,NA,NA,NA,25.8,NA,NA,1.18347,8.125,256,22,12.1608
623,2.19453,82,152,"2025-02-22_HFUHV",4.88042947779405,308,NA,NA,NA,NA,NA,NA,NA,NA,NA,NA,NA,NA,NA,25.8,NA,NA,1.18347,8.125,256,22,12.294
624,2.19798,82,152,"2025-02-22_HFUHV",4.82811896485129,308,NA,NA,NA,NA,NA,NA,NA,NA,NA,NA,NA,NA,NA,25.8,NA,NA,1.18347,8.125,256,22,12.4272
625,2.20145,81,152,"2025-02-22_HFUHV",4.80169019494862,310,NA,NA,NA,NA,NA,NA,NA,NA,NA,NA,NA,NA,NA,25.8,NA,NA,0.595238,8.125,256,22,12.4956
626,2.2049,81,151,"2025-02-22_HFUHV",4.82811896485129,315,NA,NA,NA,NA,NA,NA,NA,NA,NA,NA,NA,NA,NA,26,NA,NA,1.17495,8.25,250,22,12.4272
627,2.20836,81,151,"2025-02-22_HFUHV",4.81417292509147,311,NA,NA,NA,NA,NA,NA,NA,NA,NA,NA,NA,NA,NA,26,NA,NA,1.17495,8.375,250,22,12.4632
628,2.21182,81,152,"2025-02-22_HFUHV",4.82811896485129,312,NA,NA,NA,NA,NA,NA,NA,NA,NA,NA,NA,NA,NA,25.8,NA,NA,0.596914,8.375,250,22,12.4272
629,2.21524,81,152,"2025-02-22_HFUHV",4.86760124610592,311,NA,NA,NA,NA,NA,NA,NA,NA,NA,NA,NA,NA,NA,26,NA,NA,1.18171,8.25,250,22,12.3264
630,2.21867,81,151,"2025-02-22_HFUHV",4.8534265191225,311,NA,NA,NA,NA,NA,NA,NA,NA,NA,NA,NA,NA,NA,26,NA,NA,1.18171,8.25,250,22,12.3624
631,2.22214,82,151,"2025-02-22_HFUHV",4.81417292509147,309,NA,NA,NA,NA,NA,NA,NA,NA,NA,NA,NA,NA,NA,26,NA,NA,0.586471,8.125,254,22,12.4632
632,2.22557,82,150,"2025-02-22_HFUHV",4.8534265191225,310,NA,NA,NA,NA,NA,NA,NA,NA,NA,NA,NA,NA,NA,26.4,NA,NA,1.75265,8,254,22,12.3624
633,2.22899,83,151,"2025-02-22_HFUHV",4.86760124610592,310,NA,NA,NA,NA,NA,NA,NA,NA,NA,NA,NA,NA,NA,26,NA,NA,0.583061,8,254,22,12.3264
634,2.23242,82,152,"2025-02-22_HFUHV",4.86760124610592,303,NA,NA,NA,NA,NA,NA,NA,NA,NA,NA,NA,NA,NA,26.2,NA,NA,1.16615,8,254,22,12.3264
635,2.23581,82,152,"2025-02-22_HFUHV",4.90773458971339,300,NA,NA,NA,NA,NA,NA,NA,NA,NA,NA,NA,NA,NA,26.4,NA,NA,1.75612,8,254,22,12.2256
636,2.23917,82,152,"2025-02-22_HFUHV",4.96179418477722,300,NA,NA,NA,NA,NA,NA,NA,NA,NA,NA,NA,NA,NA,26.2,NA,NA,0.581174,8,254,22,12.0924
637,2.24254,82,152,"2025-02-22_HFUHV",4.94853523357086,296,NA,NA,NA,NA,NA,NA,NA,NA,NA,NA,NA,NA,NA,26.4,NA,NA,1.17465,8,256,22,12.1248
638,2.24588,81,153,"2025-02-22_HFUHV",4.99001996007984,291,NA,NA,NA,NA,NA,NA,NA,NA,NA,NA,NA,NA,NA,26.4,NA,NA,1.75268,8.25,258,22,12.024
639,2.24925,81,151,"2025-02-22_HFUHV",4.94853523357086,291,NA,NA,NA,NA,NA,NA,NA,NA,NA,NA,NA,NA,NA,26.2,NA,NA,0.574413,8.25,258,22,12.1248
640,2.25261,81,151,"2025-02-22_HFUHV",4.96179418477722,288,NA,NA,NA,NA,NA,NA,NA,NA,NA,NA,NA,NA,NA,26.4,NA,NA,1.16965,8.25,258,22,12.0924
641,2.25602,81,151,"2025-02-22_HFUHV",4.89332550401253,286,NA,NA,NA,NA,NA,NA,NA,NA,NA,NA,NA,NA,NA,26.4,NA,NA,1.16965,8.375,256,22,12.2616
642,2.25943,82,149,"2025-02-22_HFUHV",4.88042947779405,290,NA,NA,NA,NA,NA,NA,NA,NA,NA,NA,NA,NA,NA,26.6,NA,NA,0.589981,8.25,256,22,12.294
643,2.26286,82,150,"2025-02-22_HFUHV",4.8534265191225,290,NA,NA,NA,NA,NA,NA,NA,NA,NA,NA,NA,NA,NA,26.6,NA,NA,1.75957,8.25,252,22,12.3624
644,2.26626,82,151,"2025-02-22_HFUHV",4.90773458971339,289,NA,NA,NA,NA,NA,NA,NA,NA,NA,NA,NA,NA,NA,26.6,NA,NA,1.17648,8.375,252,22,12.2256
645,2.26966,82,152,"2025-02-22_HFUHV",4.90773458971339,286,NA,NA,NA,NA,NA,NA,NA,NA,NA,NA,NA,NA,NA,26.6,NA,NA,0.58651,8.125,252,22,12.2256
646,2.27302,82,151,"2025-02-22_HFUHV",4.96179418477722,286,NA,NA,NA,NA,NA,NA,NA,NA,NA,NA,NA,NA,NA,26.6,NA,NA,1.18175,8.125,252,22,12.0924
647,2.27638,82,151,"2025-02-22_HFUHV",4.94853523357086,286,NA,NA,NA,NA,NA,NA,NA,NA,NA,NA,NA,NA,NA,26.8,NA,NA,1.18351,8.125,252,22,12.1248
648,2.27978,82,152,"2025-02-22_HFUHV",4.90773458971339,280,NA,NA,NA,NA,NA,NA,NA,NA,NA,NA,NA,NA,NA,26.8,NA,NA,1.18351,8.125,252,22,12.2256
649,2.2832,82,152,"2025-02-22_HFUHV",4.88042947779405,282,NA,NA,NA,NA,NA,NA,NA,NA,NA,NA,NA,NA,NA,26.8,NA,NA,1.77699,8.125,252,22,12.294
650,2.28661,82,152,"2025-02-22_HFUHV",4.89332550401253,282,NA,NA,NA,NA,NA,NA,NA,NA,NA,NA,NA,NA,NA,27,NA,NA,1.76826,8,252,22,12.2616
651,2.29,82,152,"2025-02-22_HFUHV",4.90773458971339,283,NA,NA,NA,NA,NA,NA,NA,NA,NA,NA,NA,NA,NA,27,NA,NA,1.76826,8,252,22,12.2256
652,2.29338,82,155,"2025-02-22_HFUHV",4.93388592855733,284,NA,NA,NA,NA,NA,NA,NA,NA,NA,NA,NA,NA,NA,27.2,NA,NA,1.77346,7.875,252,22,12.1608
653,2.29675,82,154,"2025-02-22_HFUHV",4.94853523357086,284,NA,NA,NA,NA,NA,NA,NA,NA,NA,NA,NA,NA,NA,27,NA,NA,1.17999,7.875,258,22,12.1248
654,2.30008,82,153,"2025-02-22_HFUHV",5.0035024517162,285,NA,NA,NA,NA,NA,NA,NA,NA,NA,NA,NA,NA,NA,27.2,NA,NA,1.78059,8,258,22,11.9916
655,2.30339,81,153,"2025-02-22_HFUHV",5.03220611916264,284,NA,NA,NA,NA,NA,NA,NA,NA,NA,NA,NA,NA,NA,27.4,NA,NA,2.38482,8.25,258,22,11.9232
656,2.3067,81,152,"2025-02-22_HFUHV",5.03220611916264,285,NA,NA,NA,NA,NA,NA,NA,NA,NA,NA,NA,NA,NA,27.6,NA,NA,2.98905,8.25,258,22,11.9232
657,2.31001,81,153,"2025-02-22_HFUHV",5.03220611916264,285,NA,NA,NA,NA,NA,NA,NA,NA,NA,NA,NA,NA,NA,27.8,NA,NA,2.99804,8.375,258,22,11.9232
658,2.31334,81,151,"2025-02-22_HFUHV",5.01705799719045,285,NA,NA,NA,NA,NA,NA,NA,NA,NA,NA,NA,NA,NA,27.8,NA,NA,2.99804,8.375,258,22,11.9592
659,2.31667,82,152,"2025-02-22_HFUHV",5.0035024517162,291,NA,NA,NA,NA,NA,NA,NA,NA,NA,NA,NA,NA,NA,27.6,NA,NA,2.39744,8.25,258,22,11.9916
660,2.32005,83,152,"2025-02-22_HFUHV",4.92077551422104,291,NA,NA,NA,NA,NA,NA,NA,NA,NA,NA,NA,NA,NA,27.8,NA,NA,2.40265,8,258,22,12.1932
661,2.32349,83,152,"2025-02-22_HFUHV",4.8534265191225,298,NA,NA,NA,NA,NA,NA,NA,NA,NA,NA,NA,NA,NA,27.8,NA,NA,2.40265,7.875,258,22,12.3624
662,2.32696,83,153,"2025-02-22_HFUHV",4.80169019494862,303,NA,NA,NA,NA,NA,NA,NA,NA,NA,NA,NA,NA,NA,27.8,NA,NA,1.81093,7.875,258,22,12.4956
663,2.33045,83,154,"2025-02-22_HFUHV",4.77554918815664,303,NA,NA,NA,NA,NA,NA,NA,NA,NA,NA,NA,NA,NA,27.8,NA,NA,2.4044,7.875,258,22,12.564
664,2.33393,83,154,"2025-02-22_HFUHV",4.78927203065134,304,NA,NA,NA,NA,NA,NA,NA,NA,NA,NA,NA,NA,NA,28,NA,NA,2.37852,7.875,256,22,12.528
665,2.33737,83,154,"2025-02-22_HFUHV",4.84073966502082,306,NA,NA,NA,NA,NA,NA,NA,NA,NA,NA,NA,NA,NA,28.2,NA,NA,2.35568,7.875,254,22,12.3948
666,2.34081,83,154,"2025-02-22_HFUHV",4.8534265191225,306,NA,NA,NA,NA,NA,NA,NA,NA,NA,NA,NA,NA,NA,28.4,NA,NA,2.33285,7.875,254,22,12.3624
667,2.34423,83,154,"2025-02-22_HFUHV",4.86760124610592,304,NA,NA,NA,NA,NA,NA,NA,NA,NA,NA,NA,NA,NA,28.4,NA,NA,1.72862,7.875,256,22,12.3264
668,2.34763,83,154,"2025-02-22_HFUHV",4.90773458971339,305,NA,NA,NA,NA,NA,NA,NA,NA,NA,NA,NA,NA,NA,28.6,NA,NA,2.31685,7.875,256,22,12.2256
669,2.35102,82,153,"2025-02-22_HFUHV",4.90773458971339,302,NA,NA,NA,NA,NA,NA,NA,NA,NA,NA,NA,NA,NA,28.6,NA,NA,2.91745,7.875,256,22,12.2256
670,2.35441,82,153,"2025-02-22_HFUHV",4.92077551422104,302,NA,NA,NA,NA,NA,NA,NA,NA,NA,NA,NA,NA,NA,28.6,NA,NA,2.32574,7.875,256,22,12.1932
671,2.3578,83,154,"2025-02-22_HFUHV",4.92077551422104,301,NA,NA,NA,NA,NA,NA,NA,NA,NA,NA,NA,NA,NA,28.6,NA,NA,2.32574,7.875,256,22,12.1932
672,2.36114,82,154,"2025-02-22_HFUHV",4.99001996007984,300,NA,NA,NA,NA,NA,NA,NA,NA,NA,NA,NA,NA,NA,28.6,NA,NA,2.32574,7.875,258,22,12.024
673,2.36448,82,155,"2025-02-22_HFUHV",4.99001996007984,300,NA,NA,NA,NA,NA,NA,NA,NA,NA,NA,NA,NA,NA,28.6,NA,NA,2.32574,7.875,258,22,12.024
674,2.36783,82,154,"2025-02-22_HFUHV",4.97512437810945,296,NA,NA,NA,NA,NA,NA,NA,NA,NA,NA,NA,NA,NA,28.6,NA,NA,1.75103,7.875,260,22,12.06
675,2.37117,82,155,"2025-02-22_HFUHV",4.99001996007984,298,NA,NA,NA,NA,NA,NA,NA,NA,NA,NA,NA,NA,NA,28.6,NA,NA,1.16963,7.875,260,22,12.024
676,2.37447,82,155,"2025-02-22_HFUHV",5.04591785245736,296,NA,NA,NA,NA,NA,NA,NA,NA,NA,NA,NA,NA,NA,28.8,NA,NA,1.1943,8,260,22,11.8908
677,2.37778,82,155,"2025-02-22_HFUHV",5.03220611916264,296,NA,NA,NA,NA,NA,NA,NA,NA,NA,NA,NA,NA,NA,28.8,NA,NA,1.1943,8,260,22,11.9232
678,2.38111,82,155,"2025-02-22_HFUHV",5.0035024517162,294,NA,NA,NA,NA,NA,NA,NA,NA,NA,NA,NA,NA,NA,28.8,NA,NA,0.606061,8,260,22,11.9916
679,2.38443,82,155,"2025-02-22_HFUHV",5.03220611916264,294,NA,NA,NA,NA,NA,NA,NA,NA,NA,NA,NA,NA,NA,28.8,NA,NA,0.606061,8,260,22,11.9232
680,2.38774,82,153,"2025-02-22_HFUHV",5.03220611916264,292,NA,NA,NA,NA,NA,NA,NA,NA,NA,NA,NA,NA,NA,28.8,NA,NA,0.606061,8.125,260,22,11.9232
681,2.39108,82,153,"2025-02-22_HFUHV",4.99001996007984,293,NA,NA,NA,NA,NA,NA,NA,NA,NA,NA,NA,NA,NA,28.8,NA,NA,0.606061,8,256,22,12.024
682,2.39444,82,152,"2025-02-22_HFUHV",4.96179418477722,294,NA,NA,NA,NA,NA,NA,NA,NA,NA,NA,NA,NA,NA,28.8,NA,NA,0.606061,8,256,22,12.0924
683,2.39779,82,152,"2025-02-22_HFUHV",4.97512437810945,295,NA,NA,NA,NA,NA,NA,NA,NA,NA,NA,NA,NA,NA,28.8,NA,NA,0.606061,8,256,22,12.06
684,2.40117,82,152,"2025-02-22_HFUHV",4.92077551422104,295,NA,NA,NA,NA,NA,NA,NA,NA,NA,NA,NA,NA,NA,28.8,NA,NA,0.606061,8,256,22,12.1932
685,2.40459,81,152,"2025-02-22_HFUHV",4.88042947779405,297,NA,NA,NA,NA,NA,NA,NA,NA,NA,NA,NA,NA,NA,28.6,NA,NA,0.0212653,8,252,22,12.294
686,2.40799,81,150,"2025-02-22_HFUHV",4.90773458971339,298,NA,NA,NA,NA,NA,NA,NA,NA,NA,NA,NA,NA,NA,28.6,NA,NA,-0.584795,8.125,252,22,12.2256
687,2.41136,81,150,"2025-02-22_HFUHV",4.93388592855733,297,NA,NA,NA,NA,NA,NA,NA,NA,NA,NA,NA,NA,NA,28.8,NA,NA,0,8.125,252,22,12.1608
688,2.4147,81,150,"2025-02-22_HFUHV",4.99001996007984,297,NA,NA,NA,NA,NA,NA,NA,NA,NA,NA,NA,NA,NA,28.8,NA,NA,0,8.5,252,22,12.024
689,2.41804,81,150,"2025-02-22_HFUHV",4.99001996007984,293,NA,NA,NA,NA,NA,NA,NA,NA,NA,NA,NA,NA,NA,29,NA,NA,0.607479,8.375,252,22,12.024
690,2.42139,82,150,"2025-02-22_HFUHV",4.97512437810945,293,NA,NA,NA,NA,NA,NA,NA,NA,NA,NA,NA,NA,NA,29,NA,NA,0.607479,8.375,252,22,12.06
691,2.42478,82,148,"2025-02-22_HFUHV",4.92077551422104,293,NA,NA,NA,NA,NA,NA,NA,NA,NA,NA,NA,NA,NA,29,NA,NA,0.607479,8.5,252,22,12.1932
692,2.42819,82,147,"2025-02-22_HFUHV",4.89332550401253,297,NA,NA,NA,NA,NA,NA,NA,NA,NA,NA,NA,NA,NA,29.2,NA,NA,1.19399,8.125,252,22,12.2616
693,2.43158,82,149,"2025-02-22_HFUHV",4.90773458971339,298,NA,NA,NA,NA,NA,NA,NA,NA,NA,NA,NA,NA,NA,29.2,NA,NA,1.19399,8.125,252,22,12.2256
694,2.43498,82,148,"2025-02-22_HFUHV",4.90773458971339,298,NA,NA,NA,NA,NA,NA,NA,NA,NA,NA,NA,NA,NA,29.2,NA,NA,1.19399,8.125,252,22,12.2256
695,2.43838,82,149,"2025-02-22_HFUHV",4.89332550401253,297,NA,NA,NA,NA,NA,NA,NA,NA,NA,NA,NA,NA,NA,29.2,NA,NA,1.77878,8.25,252,22,12.2616
696,2.44177,82,149,"2025-02-22_HFUHV",4.92077551422104,296,NA,NA,NA,NA,NA,NA,NA,NA,NA,NA,NA,NA,NA,29.2,NA,NA,1.77878,8.25,252,22,12.1932
697,2.44515,81,147,"2025-02-22_HFUHV",4.93388592855733,296,NA,NA,NA,NA,NA,NA,NA,NA,NA,NA,NA,NA,NA,29.2,NA,NA,1.18531,8.25,254,22,12.1608
698,2.44856,81,147,"2025-02-22_HFUHV",4.89332550401253,296,NA,NA,NA,NA,NA,NA,NA,NA,NA,NA,NA,NA,NA,29.2,NA,NA,1.18531,8.25,254,22,12.2616
699,2.45197,81,145,"2025-02-22_HFUHV",4.88042947779405,298,NA,NA,NA,NA,NA,NA,NA,NA,NA,NA,NA,NA,NA,29.2,NA,NA,0.58651,8.25,254,22,12.294
700,2.4554,81,145,"2025-02-22_HFUHV",4.8534265191225,301,NA,NA,NA,NA,NA,NA,NA,NA,NA,NA,NA,NA,NA,29.2,NA,NA,0.58651,8.25,256,22,12.3624
701,2.45886,81,145,"2025-02-22_HFUHV",4.82811896485129,301,NA,NA,NA,NA,NA,NA,NA,NA,NA,NA,NA,NA,NA,29.2,NA,NA,0.58651,8.25,256,22,12.4272
702,2.46233,81,144,"2025-02-22_HFUHV",4.80169019494862,301,NA,NA,NA,NA,NA,NA,NA,NA,NA,NA,NA,NA,NA,29.2,NA,NA,0,8.375,256,22,12.4956
703,2.4658,81,144,"2025-02-22_HFUHV",4.80169019494862,307,NA,NA,NA,NA,NA,NA,NA,NA,NA,NA,NA,NA,NA,29.2,NA,NA,0,8.375,256,22,12.4956
704,2.46923,83,144,"2025-02-22_HFUHV",4.8534265191225,308,NA,NA,NA,NA,NA,NA,NA,NA,NA,NA,NA,NA,NA,29.4,NA,NA,0.58309,8.375,254,22,12.3624
705,2.47263,83,144,"2025-02-22_HFUHV",4.90773458971339,308,NA,NA,NA,NA,NA,NA,NA,NA,NA,NA,NA,NA,NA,29.4,NA,NA,0.58309,8.375,254,22,12.2256
706,2.476,82,144,"2025-02-22_HFUHV",4.94853523357086,298,NA,NA,NA,NA,NA,NA,NA,NA,NA,NA,NA,NA,NA,29.6,NA,NA,1.17656,8.375,254,22,12.1248
707,2.47934,82,145,"2025-02-22_HFUHV",4.99001996007984,298,NA,NA,NA,NA,NA,NA,NA,NA,NA,NA,NA,NA,NA,29.6,NA,NA,1.17656,8.375,256,22,12.024
708,2.48267,82,145,"2025-02-22_HFUHV",5.0035024517162,296,NA,NA,NA,NA,NA,NA,NA,NA,NA,NA,NA,NA,NA,29.4,NA,NA,0.575962,8.375,256,22,11.9916
709,2.48602,82,144,"2025-02-22_HFUHV",4.97512437810945,292,NA,NA,NA,NA,NA,NA,NA,NA,NA,NA,NA,NA,NA,29.6,NA,NA,1.17298,8.375,256,22,12.06
710,2.48939,82,145,"2025-02-22_HFUHV",4.94853523357086,293,NA,NA,NA,NA,NA,NA,NA,NA,NA,NA,NA,NA,NA,29.4,NA,NA,0.579505,8.375,258,22,12.1248
711,2.49273,83,144,"2025-02-22_HFUHV",4.99001996007984,293,NA,NA,NA,NA,NA,NA,NA,NA,NA,NA,NA,NA,NA,29.4,NA,NA,0.579505,8.375,258,22,12.024
712,2.49602,82,145,"2025-02-22_HFUHV",5.05970451325643,295,NA,NA,NA,NA,NA,NA,NA,NA,NA,NA,NA,NA,NA,29.4,NA,NA,0.579505,8,258,22,11.8584
713,2.49933,82,145,"2025-02-22_HFUHV",5.03220611916264,293,NA,NA,NA,NA,NA,NA,NA,NA,NA,NA,NA,NA,NA,29.4,NA,NA,0.579505,8,258,22,11.9232
714,2.50263,82,146,"2025-02-22_HFUHV",5.05970451325643,290,NA,NA,NA,NA,NA,NA,NA,NA,NA,NA,NA,NA,NA,29.4,NA,NA,0,8,258,22,11.8584
715,2.50592,82,147,"2025-02-22_HFUHV",5.05970451325643,293,NA,NA,NA,NA,NA,NA,NA,NA,NA,NA,NA,NA,NA,29.6,NA,NA,0.604317,8.125,258,22,11.8584
716,2.50925,82,145,"2025-02-22_HFUHV",5.0035024517162,293,NA,NA,NA,NA,NA,NA,NA,NA,NA,NA,NA,NA,NA,29.6,NA,NA,0.0108453,8.125,258,22,11.9916
717,2.51263,82,146,"2025-02-22_HFUHV",4.93388592855733,295,NA,NA,NA,NA,NA,NA,NA,NA,NA,NA,NA,NA,NA,29.6,NA,NA,0.0108453,8.125,258,22,12.1608
718,2.51597,82,147,"2025-02-22_HFUHV",4.99001996007984,295,NA,NA,NA,NA,NA,NA,NA,NA,NA,NA,NA,NA,NA,29.6,NA,NA,0.611446,8.125,258,22,12.024
719,2.5193,82,146,"2025-02-22_HFUHV",5.0035024517162,297,NA,NA,NA,NA,NA,NA,NA,NA,NA,NA,NA,NA,NA,29.6,NA,NA,0.0144309,8.375,260,22,11.9916
720,2.52262,82,146,"2025-02-22_HFUHV",5.01705799719045,297,NA,NA,NA,NA,NA,NA,NA,NA,NA,NA,NA,NA,NA,29.6,NA,NA,0.607903,8.375,260,22,11.9592
721,2.52595,82,146,"2025-02-22_HFUHV",5.01705799719045,294,NA,NA,NA,NA,NA,NA,NA,NA,NA,NA,NA,NA,NA,29.6,NA,NA,0.607903,8.25,262,22,11.9592
722,2.52926,82,146,"2025-02-22_HFUHV",5.03220611916264,294,NA,NA,NA,NA,NA,NA,NA,NA,NA,NA,NA,NA,NA,29.6,NA,NA,0.607903,8.125,264,22,11.9232
723,2.53261,82,145,"2025-02-22_HFUHV",4.97512437810945,292,NA,NA,NA,NA,NA,NA,NA,NA,NA,NA,NA,NA,NA,29.6,NA,NA,0.607903,7.75,264,22,12.06
724,2.53595,82,146,"2025-02-22_HFUHV",4.99001996007984,295,NA,NA,NA,NA,NA,NA,NA,NA,NA,NA,NA,NA,NA,29.6,NA,NA,0.607903,7.75,264,22,12.024
725,2.5393,82,145,"2025-02-22_HFUHV",4.97512437810945,295,NA,NA,NA,NA,NA,NA,NA,NA,NA,NA,NA,NA,NA,29.6,NA,NA,0,7.875,262,22,12.06
726,2.54263,82,147,"2025-02-22_HFUHV",5.0035024517162,295,NA,NA,NA,NA,NA,NA,NA,NA,NA,NA,NA,NA,NA,29.6,NA,NA,0,7.875,262,22,11.9916
727,2.54595,82,146,"2025-02-22_HFUHV",5.01705799719045,292,NA,NA,NA,NA,NA,NA,NA,NA,NA,NA,NA,NA,NA,29.6,NA,NA,0,7.875,262,22,11.9592
728,2.54926,82,146,"2025-02-22_HFUHV",5.03220611916264,292,NA,NA,NA,NA,NA,NA,NA,NA,NA,NA,NA,NA,NA,29.6,NA,NA,0,7.875,262,22,11.9232
729,2.55255,82,146,"2025-02-22_HFUHV",5.05970451325643,289,NA,NA,NA,NA,NA,NA,NA,NA,NA,NA,NA,NA,NA,29.8,NA,NA,0.607903,8,260,22,11.8584
730,2.5558,81,147,"2025-02-22_HFUHV",5.13294322964788,289,NA,NA,NA,NA,NA,NA,NA,NA,NA,NA,NA,NA,NA,29.8,NA,NA,0.607903,8,262,22,11.6892
731,2.55902,81,147,"2025-02-22_HFUHV",5.17759138448794,284,NA,NA,NA,NA,NA,NA,NA,NA,NA,NA,NA,NA,NA,30.2,NA,NA,1.85014,8,264,22,11.5884
732,2.5622,81,147,"2025-02-22_HFUHV",5.23779593547035,284,NA,NA,NA,NA,NA,NA,NA,NA,NA,NA,NA,NA,NA,30.2,NA,NA,1.85014,8,264,22,11.4552
733,2.56536,81,147,"2025-02-22_HFUHV",5.28429507503699,282,NA,NA,NA,NA,NA,NA,NA,NA,NA,NA,NA,NA,NA,30.2,NA,NA,1.85014,8,266,22,11.3544
734,2.56849,81,146,"2025-02-22_HFUHV",5.31632110579479,281,NA,NA,NA,NA,NA,NA,NA,NA,NA,NA,NA,NA,NA,30.2,NA,NA,1.85014,8,268,22,11.286
735,2.57162,81,147,"2025-02-22_HFUHV",5.33162721262529,279,NA,NA,NA,NA,NA,NA,NA,NA,NA,NA,NA,NA,NA,30.2,NA,NA,1.85014,7.625,268,22,11.2536
736,2.57477,82,148,"2025-02-22_HFUHV",5.28429507503699,277,NA,NA,NA,NA,NA,NA,NA,NA,NA,NA,NA,NA,NA,30.2,NA,NA,1.85014,7.625,268,22,11.3544
737,2.57794,82,148,"2025-02-22_HFUHV",5.25430853299706,276,NA,NA,NA,NA,NA,NA,NA,NA,NA,NA,NA,NA,NA,30.2,NA,NA,1.85014,7.625,272,22,11.4192
738,2.58112,83,147,"2025-02-22_HFUHV",5.23779593547035,278,NA,NA,NA,NA,NA,NA,NA,NA,NA,NA,NA,NA,NA,30.2,NA,NA,1.85014,7.625,268,22,11.4552
739,2.58435,83,146,"2025-02-22_HFUHV",5.16315572077654,278,NA,NA,NA,NA,NA,NA,NA,NA,NA,NA,NA,NA,NA,30.4,NA,NA,1.86143,7.625,268,22,11.6208
740,2.5876,83,147,"2025-02-22_HFUHV",5.13294322964788,283,NA,NA,NA,NA,NA,NA,NA,NA,NA,NA,NA,NA,NA,30.6,NA,NA,2.47682,7.625,268,22,11.6892
741,2.59087,83,149,"2025-02-22_HFUHV",5.10308226168606,288,NA,NA,NA,NA,NA,NA,NA,NA,NA,NA,NA,NA,NA,30.6,NA,NA,1.23458,7.625,266,22,11.7576
742,2.59416,83,150,"2025-02-22_HFUHV",5.05970451325643,290,NA,NA,NA,NA,NA,NA,NA,NA,NA,NA,NA,NA,NA,30.8,NA,NA,1.84248,7.625,266,22,11.8584
743,2.59749,83,150,"2025-02-22_HFUHV",5.0035024517162,291,NA,NA,NA,NA,NA,NA,NA,NA,NA,NA,NA,NA,NA,30.8,NA,NA,1.84248,7.625,266,22,11.9916
744,2.60084,83,149,"2025-02-22_HFUHV",4.97512437810945,297,NA,NA,NA,NA,NA,NA,NA,NA,NA,NA,NA,NA,NA,30.8,NA,NA,1.84248,7.625,262,22,12.06
745,2.60421,83,149,"2025-02-22_HFUHV",4.94853523357086,297,NA,NA,NA,NA,NA,NA,NA,NA,NA,NA,NA,NA,NA,30.8,NA,NA,1.84248,7.75,262,22,12.1248
746,2.60754,82,150,"2025-02-22_HFUHV",5.0035024517162,297,NA,NA,NA,NA,NA,NA,NA,NA,NA,NA,NA,NA,NA,30.8,NA,NA,1.84248,7.75,260,22,11.9916
747,2.61088,81,148,"2025-02-22_HFUHV",4.99001996007984,298,NA,NA,NA,NA,NA,NA,NA,NA,NA,NA,NA,NA,NA,31,NA,NA,2.44128,7.875,260,22,12.024
748,2.61418,81,151,"2025-02-22_HFUHV",5.04591785245736,299,NA,NA,NA,NA,NA,NA,NA,NA,NA,NA,NA,NA,NA,31.2,NA,NA,3.04735,8,260,22,11.8908
749,2.61745,81,149,"2025-02-22_HFUHV",5.10308226168606,299,NA,NA,NA,NA,NA,NA,NA,NA,NA,NA,NA,NA,NA,31.2,NA,NA,2.42815,8,262,22,11.7576
750,2.62069,81,148,"2025-02-22_HFUHV",5.14721021206506,296,NA,NA,NA,NA,NA,NA,NA,NA,NA,NA,NA,NA,NA,31.2,NA,NA,1.81277,8.25,262,22,11.6568
751,2.62397,81,148,"2025-02-22_HFUHV",5.07511165245635,293,NA,NA,NA,NA,NA,NA,NA,NA,NA,NA,NA,NA,NA,31.2,NA,NA,1.81277,8.25,264,22,11.8224
752,2.62722,81,149,"2025-02-22_HFUHV",5.13294322964788,291,NA,NA,NA,NA,NA,NA,NA,NA,NA,NA,NA,NA,NA,31.2,NA,NA,1.20486,8.25,268,22,11.6892
753,2.63046,81,149,"2025-02-22_HFUHV",5.14721021206506,291,NA,NA,NA,NA,NA,NA,NA,NA,NA,NA,NA,NA,NA,31.2,NA,NA,1.20486,8.25,268,22,11.6568
754,2.63369,82,149,"2025-02-22_HFUHV",5.14721021206506,292,NA,NA,NA,NA,NA,NA,NA,NA,NA,NA,NA,NA,NA,31.2,NA,NA,1.20486,8.125,266,22,11.6568
755,2.63693,81,150,"2025-02-22_HFUHV",5.16315572077654,291,NA,NA,NA,NA,NA,NA,NA,NA,NA,NA,NA,NA,NA,31.2,NA,NA,1.20486,7.875,266,22,11.6208
756,2.64013,81,147,"2025-02-22_HFUHV",5.20833333333333,290,NA,NA,NA,NA,NA,NA,NA,NA,NA,NA,NA,NA,NA,31.2,NA,NA,1.20486,7.875,266,22,11.52
757,2.64333,82,148,"2025-02-22_HFUHV",5.19210799584631,288,NA,NA,NA,NA,NA,NA,NA,NA,NA,NA,NA,NA,NA,31.2,NA,NA,0.606061,8,266,22,11.556
758,2.64654,82,148,"2025-02-22_HFUHV",5.19210799584631,285,NA,NA,NA,NA,NA,NA,NA,NA,NA,NA,NA,NA,NA,31,NA,NA,-0.623053,7.875,266,22,11.556
759,2.64975,82,150,"2025-02-22_HFUHV",5.19210799584631,283,NA,NA,NA,NA,NA,NA,NA,NA,NA,NA,NA,NA,NA,31,NA,NA,-0.623053,7.875,266,22,11.556
760,2.65299,82,149,"2025-02-22_HFUHV",5.14721021206506,284,NA,NA,NA,NA,NA,NA,NA,NA,NA,NA,NA,NA,NA,31,NA,NA,-0.623053,7.875,266,22,11.6568
761,2.65626,81,149,"2025-02-22_HFUHV",5.10308226168606,285,NA,NA,NA,NA,NA,NA,NA,NA,NA,NA,NA,NA,NA,30.8,NA,NA,-1.23467,7.875,266,22,11.7576
762,2.65952,80,149,"2025-02-22_HFUHV",5.10308226168606,288,NA,NA,NA,NA,NA,NA,NA,NA,NA,NA,NA,NA,NA,30.8,NA,NA,-1.23467,7.875,262,22,11.7576
763,2.66278,80,149,"2025-02-22_HFUHV",5.11875511875512,290,NA,NA,NA,NA,NA,NA,NA,NA,NA,NA,NA,NA,NA,30.8,NA,NA,-1.23467,8.125,262,22,11.7216
764,2.66612,80,149,"2025-02-22_HFUHV",4.99001996007984,291,NA,NA,NA,NA,NA,NA,NA,NA,NA,NA,NA,NA,NA,30.8,NA,NA,-1.23467,8.25,264,22,12.024
765,2.66944,81,149,"2025-02-22_HFUHV",5.01705799719045,290,NA,NA,NA,NA,NA,NA,NA,NA,NA,NA,NA,NA,NA,30.8,NA,NA,-1.23467,8.25,264,22,11.9592
766,2.67277,82,149,"2025-02-22_HFUHV",5.0035024517162,297,NA,NA,NA,NA,NA,NA,NA,NA,NA,NA,NA,NA,NA,30.8,NA,NA,-1.23467,8.25,262,22,11.9916
767,2.67613,81,149,"2025-02-22_HFUHV",4.96179418477722,296,NA,NA,NA,NA,NA,NA,NA,NA,NA,NA,NA,NA,NA,30.8,NA,NA,-1.23467,8.25,262,22,12.0924
768,2.67951,82,149,"2025-02-22_HFUHV",4.93388592855733,294,NA,NA,NA,NA,NA,NA,NA,NA,NA,NA,NA,NA,NA,31,NA,NA,-0.0199048,8.25,262,22,12.1608
769,2.68284,82,150,"2025-02-22_HFUHV",5.0035024517162,295,NA,NA,NA,NA,NA,NA,NA,NA,NA,NA,NA,NA,NA,31,NA,NA,-0.0199048,8.25,258,22,11.9916
770,2.68618,82,151,"2025-02-22_HFUHV",4.99001996007984,296,NA,NA,NA,NA,NA,NA,NA,NA,NA,NA,NA,NA,NA,31.2,NA,NA,0.578898,8.25,256,22,12.024
771,2.68946,82,152,"2025-02-22_HFUHV",5.07511165245635,295,NA,NA,NA,NA,NA,NA,NA,NA,NA,NA,NA,NA,NA,31.2,NA,NA,1.19052,8.25,260,22,11.8224
772,2.69275,82,153,"2025-02-22_HFUHV",5.07511165245635,296,NA,NA,NA,NA,NA,NA,NA,NA,NA,NA,NA,NA,NA,31.2,NA,NA,1.19052,8.25,262,22,11.8224
773,2.69606,82,153,"2025-02-22_HFUHV",5.03220611916264,293,NA,NA,NA,NA,NA,NA,NA,NA,NA,NA,NA,NA,NA,31.4,NA,NA,1.79475,8.25,264,22,11.9232
774,2.69935,82,153,"2025-02-22_HFUHV",5.05970451325643,292,NA,NA,NA,NA,NA,NA,NA,NA,NA,NA,NA,NA,NA,31.4,NA,NA,1.79475,8.25,264,22,11.8584
775,2.70264,81,153,"2025-02-22_HFUHV",5.07511165245635,292,NA,NA,NA,NA,NA,NA,NA,NA,NA,NA,NA,NA,NA,31.2,NA,NA,1.18685,8.25,266,22,11.8224
776,2.70596,81,154,"2025-02-22_HFUHV",5.01705799719045,290,NA,NA,NA,NA,NA,NA,NA,NA,NA,NA,NA,NA,NA,31.4,NA,NA,1.78925,8.25,264,22,11.9592
777,2.70927,81,154,"2025-02-22_HFUHV",5.03220611916264,289,NA,NA,NA,NA,NA,NA,NA,NA,NA,NA,NA,NA,NA,31.4,NA,NA,1.78925,8.25,264,22,11.9232
778,2.71259,81,154,"2025-02-22_HFUHV",5.03220611916264,292,NA,NA,NA,NA,NA,NA,NA,NA,NA,NA,NA,NA,NA,31.4,NA,NA,1.19754,8.25,262,22,11.9232
779,2.71588,81,154,"2025-02-22_HFUHV",5.05970451325643,292,NA,NA,NA,NA,NA,NA,NA,NA,NA,NA,NA,NA,NA,31.4,NA,NA,1.19754,8,260,22,11.8584
780,2.71916,80,154,"2025-02-22_HFUHV",5.07511165245635,293,NA,NA,NA,NA,NA,NA,NA,NA,NA,NA,NA,NA,NA,31.4,NA,NA,0.598737,8,260,22,11.8224
781,2.72246,82,155,"2025-02-22_HFUHV",5.05970451325643,293,NA,NA,NA,NA,NA,NA,NA,NA,NA,NA,NA,NA,NA,31.4,NA,NA,0.598737,8.125,260,22,11.8584
782,2.72578,81,154,"2025-02-22_HFUHV",5.01705799719045,295,NA,NA,NA,NA,NA,NA,NA,NA,NA,NA,NA,NA,NA,31.4,NA,NA,0.598737,8,262,22,11.9592
783,2.72907,81,154,"2025-02-22_HFUHV",5.05970451325643,295,NA,NA,NA,NA,NA,NA,NA,NA,NA,NA,NA,NA,NA,31.4,NA,NA,0,8,262,22,11.8584
784,2.73242,82,153,"2025-02-22_HFUHV",4.97512437810945,296,NA,NA,NA,NA,NA,NA,NA,NA,NA,NA,NA,NA,NA,31.4,NA,NA,0,8,262,22,12.06
785,2.73579,82,152,"2025-02-22_HFUHV",4.94853523357086,294,NA,NA,NA,NA,NA,NA,NA,NA,NA,NA,NA,NA,NA,31.4,NA,NA,0.60241,8,262,22,12.1248
786,2.73918,82,153,"2025-02-22_HFUHV",4.92077551422104,298,NA,NA,NA,NA,NA,NA,NA,NA,NA,NA,NA,NA,NA,31.2,NA,NA,-0.589971,7.875,262,22,12.1932
787,2.74256,82,154,"2025-02-22_HFUHV",4.93388592855733,300,NA,NA,NA,NA,NA,NA,NA,NA,NA,NA,NA,NA,NA,31.2,NA,NA,-0.589971,8,256,22,12.1608
788,2.74592,82,156,"2025-02-22_HFUHV",4.94853523357086,298,NA,NA,NA,NA,NA,NA,NA,NA,NA,NA,NA,NA,NA,31.2,NA,NA,-0.589971,8,256,22,12.1248
789,2.74927,83,156,"2025-02-22_HFUHV",4.97512437810945,298,NA,NA,NA,NA,NA,NA,NA,NA,NA,NA,NA,NA,NA,31.2,NA,NA,-0.589971,8,256,22,12.06
790,2.75263,83,157,"2025-02-22_HFUHV",4.97512437810945,299,NA,NA,NA,NA,NA,NA,NA,NA,NA,NA,NA,NA,NA,31.2,NA,NA,-0.589971,8,258,22,12.06
791,2.75595,83,156,"2025-02-22_HFUHV",5.0035024517162,297,NA,NA,NA,NA,NA,NA,NA,NA,NA,NA,NA,NA,NA,31.2,NA,NA,-0.589971,7.875,258,22,11.9916
792,2.75927,82,157,"2025-02-22_HFUHV",5.03220611916264,297,NA,NA,NA,NA,NA,NA,NA,NA,NA,NA,NA,NA,NA,31.4,NA,NA,0.0124391,7.875,258,22,11.9232
793,2.76254,82,157,"2025-02-22_HFUHV",5.08905852417303,297,NA,NA,NA,NA,NA,NA,NA,NA,NA,NA,NA,NA,NA,31.4,NA,NA,0.0124391,7.875,258,22,11.79
794,2.7658,82,157,"2025-02-22_HFUHV",5.11875511875512,287,NA,NA,NA,NA,NA,NA,NA,NA,NA,NA,NA,NA,NA,31.2,NA,NA,-0.601058,8,258,22,11.7216
795,2.76905,82,159,"2025-02-22_HFUHV",5.11875511875512,287,NA,NA,NA,NA,NA,NA,NA,NA,NA,NA,NA,NA,NA,31.4,NA,NA,0.0143268,8,258,22,11.7216
796,2.77229,82,159,"2025-02-22_HFUHV",5.14721021206506,285,NA,NA,NA,NA,NA,NA,NA,NA,NA,NA,NA,NA,NA,31.2,NA,NA,-0.0129866,7.875,258,22,11.6568
797,2.77556,82,161,"2025-02-22_HFUHV",5.10308226168606,284,NA,NA,NA,NA,NA,NA,NA,NA,NA,NA,NA,NA,NA,31.2,NA,NA,-0.0129866,7.75,258,22,11.7576
798,2.77888,83,159,"2025-02-22_HFUHV",5.01705799719045,284,NA,NA,NA,NA,NA,NA,NA,NA,NA,NA,NA,NA,NA,31.2,NA,NA,-0.0129866,7.75,258,22,11.9592
799,2.78222,83,161,"2025-02-22_HFUHV",4.99001996007984,285,NA,NA,NA,NA,NA,NA,NA,NA,NA,NA,NA,NA,NA,31.2,NA,NA,-0.0129866,7.75,264,22,12.024
800,2.78554,83,161,"2025-02-22_HFUHV",5.01705799719045,289,NA,NA,NA,NA,NA,NA,NA,NA,NA,NA,NA,NA,NA,31.2,NA,NA,-0.0129866,7.625,264,22,11.9592
801,2.78888,83,161,"2025-02-22_HFUHV",5.0035024517162,288,NA,NA,NA,NA,NA,NA,NA,NA,NA,NA,NA,NA,NA,31.4,NA,NA,0.585816,7.625,264,22,11.9916
802,2.79222,83,160,"2025-02-22_HFUHV",4.97512437810945,288,NA,NA,NA,NA,NA,NA,NA,NA,NA,NA,NA,NA,NA,31.4,NA,NA,-0.0165939,7.625,264,22,12.06
803,2.7956,83,161,"2025-02-22_HFUHV",4.93388592855733,289,NA,NA,NA,NA,NA,NA,NA,NA,NA,NA,NA,NA,NA,31.4,NA,NA,-0.0165939,7.625,260,22,12.1608
804,2.79902,83,161,"2025-02-22_HFUHV",4.88042947779405,291,NA,NA,NA,NA,NA,NA,NA,NA,NA,NA,NA,NA,NA,31.4,NA,NA,0.596903,7.625,260,22,12.294
805,2.80249,83,162,"2025-02-22_HFUHV",4.80169019494862,292,NA,NA,NA,NA,NA,NA,NA,NA,NA,NA,NA,NA,NA,31.4,NA,NA,-0.0184816,7.625,256,22,12.4956
806,2.806,83,162,"2025-02-22_HFUHV",4.73754026909229,296,NA,NA,NA,NA,NA,NA,NA,NA,NA,NA,NA,NA,NA,31.4,NA,NA,0.598802,7.625,256,22,12.6648
807,2.80952,83,162,"2025-02-22_HFUHV",4.73754026909229,299,NA,NA,NA,NA,NA,NA,NA,NA,NA,NA,NA,NA,NA,31.4,NA,NA,0.598802,7.625,256,22,12.6648
808,2.81301,82,162,"2025-02-22_HFUHV",4.77554918815664,299,NA,NA,NA,NA,NA,NA,NA,NA,NA,NA,NA,NA,NA,31.4,NA,NA,0.598802,7.625,256,22,12.564
809,2.81647,82,159,"2025-02-22_HFUHV",4.81417292509147,301,NA,NA,NA,NA,NA,NA,NA,NA,NA,NA,NA,NA,NA,31.4,NA,NA,0.598802,7.625,250,22,12.4632
810,2.8199,82,159,"2025-02-22_HFUHV",4.86760124610592,301,NA,NA,NA,NA,NA,NA,NA,NA,NA,NA,NA,NA,NA,31.4,NA,NA,0.598802,7.625,250,22,12.3264
811,2.82328,81,158,"2025-02-22_HFUHV",4.92077551422104,297,NA,NA,NA,NA,NA,NA,NA,NA,NA,NA,NA,NA,NA,31.4,NA,NA,0,8,254,22,12.1932
812,2.82667,81,158,"2025-02-22_HFUHV",4.92077551422104,294,NA,NA,NA,NA,NA,NA,NA,NA,NA,NA,NA,NA,NA,31.4,NA,NA,0,8.375,254,22,12.1932
813,2.83009,82,157,"2025-02-22_HFUHV",4.88042947779405,294,NA,NA,NA,NA,NA,NA,NA,NA,NA,NA,NA,NA,NA,31.4,NA,NA,0,8.375,256,22,12.294
814,2.83353,82,157,"2025-02-22_HFUHV",4.84073966502082,299,NA,NA,NA,NA,NA,NA,NA,NA,NA,NA,NA,NA,NA,31.4,NA,NA,0,8.25,256,22,12.3948
815,2.83699,84,157,"2025-02-22_HFUHV",4.81417292509147,299,NA,NA,NA,NA,NA,NA,NA,NA,NA,NA,NA,NA,NA,31.4,NA,NA,0,8.25,256,22,12.4632
816,2.84046,83,157,"2025-02-22_HFUHV",4.80169019494862,302,NA,NA,NA,NA,NA,NA,NA,NA,NA,NA,NA,NA,NA,31.4,NA,NA,0,8.25,256,22,12.4956
817,2.84391,83,158,"2025-02-22_HFUHV",4.82811896485129,305,NA,NA,NA,NA,NA,NA,NA,NA,NA,NA,NA,NA,NA,31.6,NA,NA,0.57971,8.25,252,22,12.4272
818,2.84733,83,157,"2025-02-22_HFUHV",4.88042947779405,303,NA,NA,NA,NA,NA,NA,NA,NA,NA,NA,NA,NA,NA,31.6,NA,NA,0.57971,8.25,252,22,12.294
819,2.85073,82,158,"2025-02-22_HFUHV",4.90773458971339,300,NA,NA,NA,NA,NA,NA,NA,NA,NA,NA,NA,NA,NA,31.6,NA,NA,0.57971,8,252,22,12.2256
820,2.85412,82,159,"2025-02-22_HFUHV",4.92077551422104,300,NA,NA,NA,NA,NA,NA,NA,NA,NA,NA,NA,NA,NA,31.6,NA,NA,0.57971,8,254,22,12.1932
821,2.8575,82,158,"2025-02-22_HFUHV",4.92077551422104,296,NA,NA,NA,NA,NA,NA,NA,NA,NA,NA,NA,NA,NA,31.4,NA,NA,-0.0120058,8,256,22,12.1932
822,2.86086,82,158,"2025-02-22_HFUHV",4.96179418477722,296,NA,NA,NA,NA,NA,NA,NA,NA,NA,NA,NA,NA,NA,31.4,NA,NA,-0.0120058,8.125,256,22,12.0924
823,2.86422,82,158,"2025-02-22_HFUHV",4.96179418477722,296,NA,NA,NA,NA,NA,NA,NA,NA,NA,NA,NA,NA,NA,31.4,NA,NA,-0.0120058,8.125,256,22,12.0924
824,2.8676,80,157,"2025-02-22_HFUHV",4.93388592855733,295,NA,NA,NA,NA,NA,NA,NA,NA,NA,NA,NA,NA,NA,31.4,NA,NA,-0.0120058,8.375,258,22,12.1608
825,2.87096,81,156,"2025-02-22_HFUHV",4.94853523357086,297,NA,NA,NA,NA,NA,NA,NA,NA,NA,NA,NA,NA,NA,31.4,NA,NA,-0.0120058,8.375,258,22,12.1248
826,2.87437,81,156,"2025-02-22_HFUHV",4.89332550401253,297,NA,NA,NA,NA,NA,NA,NA,NA,NA,NA,NA,NA,NA,31.4,NA,NA,-0.0120058,8.375,258,22,12.2616
827,2.87779,81,155,"2025-02-22_HFUHV",4.86760124610592,298,NA,NA,NA,NA,NA,NA,NA,NA,NA,NA,NA,NA,NA,31.4,NA,NA,-0.591716,8.375,258,22,12.3264
828,2.88119,81,155,"2025-02-22_HFUHV",4.90773458971339,300,NA,NA,NA,NA,NA,NA,NA,NA,NA,NA,NA,NA,NA,31.6,NA,NA,0,8.5,258,22,12.2256
829,2.88456,82,155,"2025-02-22_HFUHV",4.94853523357086,298,NA,NA,NA,NA,NA,NA,NA,NA,NA,NA,NA,NA,NA,31.6,NA,NA,0,8.375,258,22,12.1248
830,2.88791,83,155,"2025-02-22_HFUHV",4.97512437810945,298,NA,NA,NA,NA,NA,NA,NA,NA,NA,NA,NA,NA,NA,31.8,NA,NA,0.593534,8.375,258,22,12.06
831,2.89123,82,156,"2025-02-22_HFUHV",5.01705799719045,294,NA,NA,NA,NA,NA,NA,NA,NA,NA,NA,NA,NA,NA,31.8,NA,NA,1.18525,8,258,22,11.9592
832,2.89453,82,155,"2025-02-22_HFUHV",5.04591785245736,291,NA,NA,NA,NA,NA,NA,NA,NA,NA,NA,NA,NA,NA,32,NA,NA,1.79131,8,258,22,11.8908
833,2.89785,81,156,"2025-02-22_HFUHV",5.03220611916264,291,NA,NA,NA,NA,NA,NA,NA,NA,NA,NA,NA,NA,NA,32,NA,NA,1.79131,8,258,22,11.9232
834,2.90116,81,155,"2025-02-22_HFUHV",5.03220611916264,290,NA,NA,NA,NA,NA,NA,NA,NA,NA,NA,NA,NA,NA,32,NA,NA,1.79131,8,256,22,11.9232
835,2.90447,82,156,"2025-02-22_HFUHV",5.03220611916264,290,NA,NA,NA,NA,NA,NA,NA,NA,NA,NA,NA,NA,NA,32,NA,NA,1.79131,8,256,22,11.9232
836,2.90779,82,156,"2025-02-22_HFUHV",5.03220611916264,292,NA,NA,NA,NA,NA,NA,NA,NA,NA,NA,NA,NA,NA,32,NA,NA,1.79131,8,256,22,11.9232
837,2.91112,82,157,"2025-02-22_HFUHV",4.99001996007984,292,NA,NA,NA,NA,NA,NA,NA,NA,NA,NA,NA,NA,NA,32,NA,NA,1.79131,8.125,256,22,12.024
838,2.91447,82,157,"2025-02-22_HFUHV",4.97512437810945,294,NA,NA,NA,NA,NA,NA,NA,NA,NA,NA,NA,NA,NA,32.2,NA,NA,1.80009,8,256,22,12.06
839,2.91784,82,157,"2025-02-22_HFUHV",4.94853523357086,294,NA,NA,NA,NA,NA,NA,NA,NA,NA,NA,NA,NA,NA,32.2,NA,NA,1.80009,8,256,22,12.1248
840,2.92117,81,158,"2025-02-22_HFUHV",5.0035024517162,294,NA,NA,NA,NA,NA,NA,NA,NA,NA,NA,NA,NA,NA,32.2,NA,NA,1.20308,8,256,22,11.9916
841,2.92446,81,157,"2025-02-22_HFUHV",5.07511165245635,296,NA,NA,NA,NA,NA,NA,NA,NA,NA,NA,NA,NA,NA,32.2,NA,NA,1.20308,8.125,256,22,11.8224
842,2.92769,81,157,"2025-02-22_HFUHV",5.14721021206506,294,NA,NA,NA,NA,NA,NA,NA,NA,NA,NA,NA,NA,NA,32.2,NA,NA,0.597015,8.125,262,22,11.6568
843,2.93091,81,156,"2025-02-22_HFUHV",5.17759138448794,294,NA,NA,NA,NA,NA,NA,NA,NA,NA,NA,NA,NA,NA,31.8,NA,NA,-0.645221,8.125,262,22,11.5884
844,2.93412,81,155,"2025-02-22_HFUHV",5.19210799584631,293,NA,NA,NA,NA,NA,NA,NA,NA,NA,NA,NA,NA,NA,32,NA,NA,-0.0221681,8.125,264,22,11.556
845,2.93733,82,156,"2025-02-22_HFUHV",5.19210799584631,291,NA,NA,NA,NA,NA,NA,NA,NA,NA,NA,NA,NA,NA,32,NA,NA,-0.0221681,8,266,22,11.556
846,2.94057,82,155,"2025-02-22_HFUHV",5.14721021206506,291,NA,NA,NA,NA,NA,NA,NA,NA,NA,NA,NA,NA,NA,32.2,NA,NA,0.595116,8,266,22,11.6568
847,2.94381,82,155,"2025-02-22_HFUHV",5.14721021206506,289,NA,NA,NA,NA,NA,NA,NA,NA,NA,NA,NA,NA,NA,32.2,NA,NA,0.595116,7.75,264,22,11.6568
848,2.94707,83,155,"2025-02-22_HFUHV",5.10308226168606,288,NA,NA,NA,NA,NA,NA,NA,NA,NA,NA,NA,NA,NA,32.2,NA,NA,0,7.875,262,22,11.7576
849,2.95039,82,157,"2025-02-22_HFUHV",5.03220611916264,288,NA,NA,NA,NA,NA,NA,NA,NA,NA,NA,NA,NA,NA,32.2,NA,NA,0,8,262,22,11.9232
850,2.95369,83,157,"2025-02-22_HFUHV",5.04591785245736,288,NA,NA,NA,NA,NA,NA,NA,NA,NA,NA,NA,NA,NA,32.2,NA,NA,0,8,260,22,11.8908
851,2.95701,82,158,"2025-02-22_HFUHV",5.03220611916264,291,NA,NA,NA,NA,NA,NA,NA,NA,NA,NA,NA,NA,NA,32.2,NA,NA,0,8,260,22,11.9232
852,2.96033,82,157,"2025-02-22_HFUHV",5.0035024517162,292,NA,NA,NA,NA,NA,NA,NA,NA,NA,NA,NA,NA,NA,32.2,NA,NA,0,8,260,22,11.9916
853,2.96366,82,157,"2025-02-22_HFUHV",5.0035024517162,292,NA,NA,NA,NA,NA,NA,NA,NA,NA,NA,NA,NA,NA,32,NA,NA,0.639736,8,260,22,11.9916
854,2.96695,81,157,"2025-02-22_HFUHV",5.07511165245635,292,NA,NA,NA,NA,NA,NA,NA,NA,NA,NA,NA,NA,NA,31.6,NA,NA,-1.19912,8,260,22,11.8224
855,2.97021,81,157,"2025-02-22_HFUHV",5.10308226168606,293,NA,NA,NA,NA,NA,NA,NA,NA,NA,NA,NA,NA,NA,31.8,NA,NA,-0.585625,8,258,22,11.7576
856,2.97351,81,156,"2025-02-22_HFUHV",5.05970451325643,288,NA,NA,NA,NA,NA,NA,NA,NA,NA,NA,NA,NA,NA,32,NA,NA,-0.596849,7.875,258,22,11.8584
857,2.97679,83,158,"2025-02-22_HFUHV",5.07511165245635,288,NA,NA,NA,NA,NA,NA,NA,NA,NA,NA,NA,NA,NA,32,NA,NA,-0.596849,7.875,262,22,11.8224
858,2.98006,82,158,"2025-02-22_HFUHV",5.10308226168606,291,NA,NA,NA,NA,NA,NA,NA,NA,NA,NA,NA,NA,NA,32,NA,NA,-0.596849,8,262,22,11.7576
859,2.98335,82,157,"2025-02-22_HFUHV",5.05970451325643,288,NA,NA,NA,NA,NA,NA,NA,NA,NA,NA,NA,NA,NA,32,NA,NA,-0.596849,7.875,262,22,11.8584
860,2.98668,82,156,"2025-02-22_HFUHV",5.0035024517162,289,NA,NA,NA,NA,NA,NA,NA,NA,NA,NA,NA,NA,NA,32,NA,NA,-0.596849,7.875,262,22,11.9916
861,2.98998,82,156,"2025-02-22_HFUHV",5.05970451325643,289,NA,NA,NA,NA,NA,NA,NA,NA,NA,NA,NA,NA,NA,32.2,NA,NA,0,7.875,262,22,11.8584
862,2.99324,82,156,"2025-02-22_HFUHV",5.10308226168606,292,NA,NA,NA,NA,NA,NA,NA,NA,NA,NA,NA,NA,NA,32.2,NA,NA,0,8,262,22,11.7576
863,2.99651,82,156,"2025-02-22_HFUHV",5.10308226168606,287,NA,NA,NA,NA,NA,NA,NA,NA,NA,NA,NA,NA,NA,32.2,NA,NA,0.609813,8,262,22,11.7576
864,2.99979,82,156,"2025-02-22_HFUHV",5.07511165245635,287,NA,NA,NA,NA,NA,NA,NA,NA,NA,NA,NA,NA,NA,32.4,NA,NA,2.43537,8,262,22,11.8224
865,3.00308,82,156,"2025-02-22_HFUHV",5.07511165245635,290,NA,NA,NA,NA,NA,NA,NA,NA,NA,NA,NA,NA,NA,32.4,NA,NA,1.82188,8,262,22,11.8224
866,3.0064,82,155,"2025-02-22_HFUHV",5.01705799719045,292,NA,NA,NA,NA,NA,NA,NA,NA,NA,NA,NA,NA,NA,32.6,NA,NA,1.81823,8,262,22,11.9592
867,3.00974,82,156,"2025-02-22_HFUHV",4.99001996007984,294,NA,NA,NA,NA,NA,NA,NA,NA,NA,NA,NA,NA,NA,32.8,NA,NA,2.41703,8,262,22,12.024
868,3.0131,82,157,"2025-02-22_HFUHV",4.96179418477722,294,NA,NA,NA,NA,NA,NA,NA,NA,NA,NA,NA,NA,NA,32.8,NA,NA,2.41703,8,262,22,12.0924
869,3.0164,81,157,"2025-02-22_HFUHV",5.04591785245736,293,NA,NA,NA,NA,NA,NA,NA,NA,NA,NA,NA,NA,NA,32.8,NA,NA,2.41703,8.125,258,22,11.8908
870,3.01972,81,158,"2025-02-22_HFUHV",5.01705799719045,289,NA,NA,NA,NA,NA,NA,NA,NA,NA,NA,NA,NA,NA,32.8,NA,NA,2.41703,8.125,258,22,11.9592
871,3.02301,81,157,"2025-02-22_HFUHV",5.07511165245635,289,NA,NA,NA,NA,NA,NA,NA,NA,NA,NA,NA,NA,NA,32.6,NA,NA,1.20307,8.125,258,22,11.8224
872,3.02627,81,158,"2025-02-22_HFUHV",5.10308226168606,289,NA,NA,NA,NA,NA,NA,NA,NA,NA,NA,NA,NA,NA,32.6,NA,NA,1.20307,8.25,258,22,11.7576
873,3.02955,80,156,"2025-02-22_HFUHV",5.08905852417303,289,NA,NA,NA,NA,NA,NA,NA,NA,NA,NA,NA,NA,NA,32.6,NA,NA,1.20307,8.25,258,22,11.79
874,3.03285,80,154,"2025-02-22_HFUHV",5.04591785245736,289,NA,NA,NA,NA,NA,NA,NA,NA,NA,NA,NA,NA,NA,32.6,NA,NA,0.593309,8.25,258,22,11.8908
875,3.03613,80,155,"2025-02-22_HFUHV",5.08905852417303,291,NA,NA,NA,NA,NA,NA,NA,NA,NA,NA,NA,NA,NA,32.6,NA,NA,0.593309,8.25,258,22,11.79
876,3.03942,80,153,"2025-02-22_HFUHV",5.05970451325643,291,NA,NA,NA,NA,NA,NA,NA,NA,NA,NA,NA,NA,NA,32.6,NA,NA,0,8.25,264,22,11.8584
877,3.04281,82,153,"2025-02-22_HFUHV",4.92077551422104,294,NA,NA,NA,NA,NA,NA,NA,NA,NA,NA,NA,NA,NA,32.6,NA,NA,-0.607903,8.25,262,22,12.1932
878,3.04619,82,154,"2025-02-22_HFUHV",4.92077551422104,294,NA,NA,NA,NA,NA,NA,NA,NA,NA,NA,NA,NA,NA,32.8,NA,NA,-0.0161868,8.25,262,22,12.1932
879,3.04958,82,153,"2025-02-22_HFUHV",4.92077551422104,298,NA,NA,NA,NA,NA,NA,NA,NA,NA,NA,NA,NA,NA,32.8,NA,NA,-0.0161868,8.25,258,22,12.1932
880,3.053,82,154,"2025-02-22_HFUHV",4.88042947779405,298,NA,NA,NA,NA,NA,NA,NA,NA,NA,NA,NA,NA,NA,32.8,NA,NA,-0.0161868,8.25,256,22,12.294
881,3.05643,82,153,"2025-02-22_HFUHV",4.8534265191225,297,NA,NA,NA,NA,NA,NA,NA,NA,NA,NA,NA,NA,NA,32.8,NA,NA,0.591716,8.25,254,22,12.3624
882,3.05982,82,155,"2025-02-22_HFUHV",4.92077551422104,299,NA,NA,NA,NA,NA,NA,NA,NA,NA,NA,NA,NA,NA,32.8,NA,NA,0.591716,8.25,254,22,12.1932
883,3.06323,82,155,"2025-02-22_HFUHV",4.88042947779405,299,NA,NA,NA,NA,NA,NA,NA,NA,NA,NA,NA,NA,NA,32.8,NA,NA,0.591716,8.25,250,22,12.294
884,3.06667,81,154,"2025-02-22_HFUHV",4.84073966502082,297,NA,NA,NA,NA,NA,NA,NA,NA,NA,NA,NA,NA,NA,32.8,NA,NA,0.591716,8.25,252,22,12.3948
885,3.07014,81,154,"2025-02-22_HFUHV",4.81417292509147,300,NA,NA,NA,NA,NA,NA,NA,NA,NA,NA,NA,NA,NA,32.8,NA,NA,0.591716,8.25,250,22,12.4632
886,3.07358,80,153,"2025-02-22_HFUHV",4.84073966502082,305,NA,NA,NA,NA,NA,NA,NA,NA,NA,NA,NA,NA,NA,32.8,NA,NA,0.591716,8.25,250,22,12.3948
887,3.07704,80,153,"2025-02-22_HFUHV",4.81417292509147,303,NA,NA,NA,NA,NA,NA,NA,NA,NA,NA,NA,NA,NA,32.8,NA,NA,0.591716,8.75,250,22,12.4632
888,3.08051,80,152,"2025-02-22_HFUHV",4.80169019494862,303,NA,NA,NA,NA,NA,NA,NA,NA,NA,NA,NA,NA,NA,32.8,NA,NA,0,8.75,250,22,12.4956
889,3.08402,80,154,"2025-02-22_HFUHV",4.75104522995059,304,NA,NA,NA,NA,NA,NA,NA,NA,NA,NA,NA,NA,NA,33,NA,NA,0.569801,8.75,250,22,12.6288
890,3.08757,81,153,"2025-02-22_HFUHV",4.6882325363338,307,NA,NA,NA,NA,NA,NA,NA,NA,NA,NA,NA,NA,NA,32.8,NA,NA,0,8.75,250,22,12.798
891,3.09123,81,153,"2025-02-22_HFUHV",4.55622380171314,307,NA,NA,NA,NA,NA,NA,NA,NA,NA,NA,NA,NA,NA,32.8,NA,NA,0,8.75,246,22,13.1688
892,3.09496,81,154,"2025-02-22_HFUHV",4.476676515355,320,NA,NA,NA,NA,NA,NA,NA,NA,NA,NA,NA,NA,NA,32.8,NA,NA,0,8.75,236,22,13.4028
893,3.09873,80,155,"2025-02-22_HFUHV",4.41033783187792,320,NA,NA,NA,NA,NA,NA,NA,NA,NA,NA,NA,NA,NA,32.8,NA,NA,0,8.75,236,22,13.6044
894,3.10241,80,154,"2025-02-22_HFUHV",4.53391367428364,334,NA,NA,NA,NA,NA,NA,NA,NA,NA,NA,NA,NA,NA,32.6,NA,NA,-0.537058,8.75,232,22,13.2336
895,3.10576,80,154,"2025-02-22_HFUHV",4.97512437810945,334,NA,NA,NA,NA,NA,NA,NA,NA,NA,NA,NA,NA,NA,32.6,NA,NA,-0.537058,9.375,232,22,12.06
297,0.3,32.9012,NA,"2025-04-12_HPZFK",1.7020648883871,NA,NA,NA,NA,NA,NA,NA,NA,NA,NA,NA,NA,NA,NA,NA,NA,NA,NA,NA,NA,NA,3.52513
298,0.3,32.6904,NA,"2025-04-12_HPZFK",1.83540121870641,NA,NA,NA,NA,NA,NA,NA,NA,NA,NA,NA,NA,NA,NA,NA,NA,NA,NA,NA,NA,NA,3.26904
299,0.300926,32.6904,NA,"2025-04-12_HPZFK",1.83540121870641,NA,NA,NA,NA,NA,NA,NA,NA,NA,NA,NA,NA,NA,NA,NA,NA,NA,NA,NA,NA,NA,3.26904
300,0.301852,32.6904,NA,"2025-04-12_HPZFK",1.83540121870641,NA,NA,NA,NA,NA,NA,NA,NA,NA,NA,NA,NA,NA,NA,NA,NA,NA,NA,NA,NA,NA,3.26904
301,0.302778,32.6904,NA,"2025-04-12_HPZFK",1.83540121870641,NA,NA,NA,NA,NA,NA,NA,NA,NA,NA,NA,NA,NA,NA,NA,NA,NA,NA,NA,NA,NA,3.26904
302,0.303704,32.6904,NA,"2025-04-12_HPZFK",1.83540121870641,NA,NA,NA,NA,NA,NA,NA,NA,NA,NA,NA,NA,NA,NA,NA,NA,NA,NA,NA,NA,NA,3.26904
303,0.30463,32.6904,NA,"2025-04-12_HPZFK",1.83540121870641,NA,NA,NA,NA,NA,NA,NA,NA,NA,NA,NA,NA,NA,NA,NA,NA,NA,NA,NA,NA,NA,3.26904
304,0.305556,32.6904,NA,"2025-04-12_HPZFK",1.83540121870641,NA,NA,NA,NA,NA,NA,NA,NA,NA,NA,NA,NA,NA,NA,NA,NA,NA,NA,NA,NA,NA,3.26904
305,0.306481,32.6904,NA,"2025-04-12_HPZFK",1.83540121870641,NA,NA,NA,NA,NA,NA,NA,NA,NA,NA,NA,NA,NA,NA,NA,NA,NA,NA,NA,NA,NA,3.26904
306,0.307407,32.6904,NA,"2025-04-12_HPZFK",1.83540121870641,NA,NA,NA,NA,NA,NA,NA,NA,NA,NA,NA,NA,NA,NA,NA,NA,NA,NA,NA,NA,NA,3.26904
307,0.308333,32.6904,NA,"2025-04-12_HPZFK",1.83540121870641,NA,NA,NA,NA,NA,NA,NA,NA,NA,NA,NA,NA,NA,NA,NA,NA,NA,NA,NA,NA,NA,3.26904
308,0.309259,32.6904,NA,"2025-04-12_HPZFK",1.83540121870641,NA,NA,NA,NA,NA,NA,NA,NA,NA,NA,NA,NA,NA,NA,NA,NA,NA,NA,NA,NA,NA,3.26904
309,0.310185,32.6904,NA,"2025-04-12_HPZFK",1.83540121870641,NA,NA,NA,NA,NA,NA,NA,NA,NA,NA,NA,NA,NA,NA,NA,NA,NA,NA,NA,NA,NA,3.26904
310,0.311111,32.6904,NA,"2025-04-12_HPZFK",1.83540121870641,NA,NA,NA,NA,NA,NA,NA,NA,NA,NA,NA,NA,NA,NA,NA,NA,NA,NA,NA,NA,NA,3.26904
311,0.312037,32.6904,NA,"2025-04-12_HPZFK",1.83540121870641,NA,NA,NA,NA,NA,NA,NA,NA,NA,NA,NA,NA,NA,NA,NA,NA,NA,NA,NA,NA,NA,3.26904
312,0.312963,32.6904,NA,"2025-04-12_HPZFK",1.83540121870641,NA,NA,NA,NA,NA,NA,NA,NA,NA,NA,NA,NA,NA,NA,NA,NA,NA,NA,NA,NA,NA,3.26904
313,0.313889,32.6904,NA,"2025-04-12_HPZFK",1.83540121870641,NA,NA,NA,NA,NA,NA,NA,NA,NA,NA,NA,NA,NA,NA,NA,NA,NA,NA,NA,NA,NA,3.26904
314,0.314815,32.6904,NA,"2025-04-12_HPZFK",1.83540121870641,NA,NA,NA,NA,NA,NA,NA,NA,NA,NA,NA,NA,NA,NA,NA,NA,NA,NA,NA,NA,NA,3.26904
315,0.315741,32.6904,NA,"2025-04-12_HPZFK",1.83540121870641,NA,NA,NA,NA,NA,NA,NA,NA,NA,NA,NA,NA,NA,NA,NA,NA,NA,NA,NA,NA,NA,3.26904
316,0.316667,32.6904,NA,"2025-04-12_HPZFK",1.83540121870641,NA,NA,NA,NA,NA,NA,NA,NA,NA,NA,NA,NA,NA,NA,NA,NA,NA,NA,NA,NA,NA,3.26904
317,0.317593,32.6904,NA,"2025-04-12_HPZFK",1.83540121870641,NA,NA,NA,NA,NA,NA,NA,NA,NA,NA,NA,NA,NA,NA,NA,NA,NA,NA,NA,NA,NA,3.26904
318,0.318519,32.6904,NA,"2025-04-12_HPZFK",1.83540121870641,NA,NA,NA,NA,NA,NA,NA,NA,NA,NA,NA,NA,NA,NA,NA,NA,NA,NA,NA,NA,NA,3.26904
319,0.319444,32.6904,NA,"2025-04-12_HPZFK",1.83540121870641,NA,NA,NA,NA,NA,NA,NA,NA,NA,NA,NA,NA,NA,NA,NA,NA,NA,NA,NA,NA,NA,3.26904
320,0.32037,32.6904,NA,"2025-04-12_HPZFK",1.83540121870641,NA,NA,NA,NA,NA,NA,NA,NA,NA,NA,NA,NA,NA,NA,NA,NA,NA,NA,NA,NA,NA,3.26904
321,0.321296,32.6904,NA,"2025-04-12_HPZFK",1.83540121870641,NA,NA,NA,NA,NA,NA,NA,NA,NA,NA,NA,NA,NA,NA,NA,NA,NA,NA,NA,NA,NA,3.26904
322,0.322222,32.6904,NA,"2025-04-12_HPZFK",1.83540121870641,NA,NA,NA,NA,NA,NA,NA,NA,NA,NA,NA,NA,NA,NA,NA,NA,NA,NA,NA,NA,NA,3.26904
323,0.323148,32.6904,NA,"2025-04-12_HPZFK",1.83540121870641,NA,NA,NA,NA,NA,NA,NA,NA,NA,NA,NA,NA,NA,NA,NA,NA,NA,NA,NA,NA,NA,3.26904
324,0.324074,32.6904,NA,"2025-04-12_HPZFK",1.83540121870641,NA,NA,NA,NA,NA,NA,NA,NA,NA,NA,NA,NA,NA,NA,NA,NA,NA,NA,NA,NA,NA,3.26904
325,0.325,32.6904,NA,"2025-04-12_HPZFK",1.83540121870641,NA,NA,NA,NA,NA,NA,NA,NA,NA,NA,NA,NA,NA,NA,NA,NA,NA,NA,NA,NA,NA,3.26904
326,0.325926,32.6904,NA,"2025-04-12_HPZFK",1.83540121870641,NA,NA,NA,NA,NA,NA,NA,NA,NA,NA,NA,NA,NA,NA,NA,NA,NA,NA,NA,NA,NA,3.26904
327,0.326852,32.6904,NA,"2025-04-12_HPZFK",1.83540121870641,NA,NA,NA,NA,NA,NA,NA,NA,NA,NA,NA,NA,NA,NA,NA,NA,NA,NA,NA,NA,NA,3.26904
328,0.327778,32.6904,NA,"2025-04-12_HPZFK",1.83540121870641,NA,NA,NA,NA,NA,NA,NA,NA,NA,NA,NA,NA,NA,NA,NA,NA,NA,NA,NA,NA,NA,3.26904
329,0.328704,32.6904,NA,"2025-04-12_HPZFK",1.83540121870641,NA,NA,NA,NA,NA,NA,NA,NA,NA,NA,NA,NA,NA,NA,NA,NA,NA,NA,NA,NA,NA,3.26904
330,0.32963,32.6904,NA,"2025-04-12_HPZFK",1.83540121870641,NA,NA,NA,NA,NA,NA,NA,NA,NA,NA,NA,NA,NA,NA,NA,NA,NA,NA,NA,NA,NA,3.26904
331,0.330556,32.6904,NA,"2025-04-12_HPZFK",1.83540121870641,NA,NA,NA,NA,NA,NA,NA,NA,NA,NA,NA,NA,NA,NA,NA,NA,NA,NA,NA,NA,NA,3.26904
332,0.331481,32.6904,NA,"2025-04-12_HPZFK",1.83540121870641,NA,NA,NA,NA,NA,NA,NA,NA,NA,NA,NA,NA,NA,NA,NA,NA,NA,NA,NA,NA,NA,3.26904
333,0.332407,32.6904,NA,"2025-04-12_HPZFK",1.83540121870641,NA,NA,NA,NA,NA,NA,NA,NA,NA,NA,NA,NA,NA,NA,NA,NA,NA,NA,NA,NA,NA,3.26904
334,0.333333,32.6904,NA,"2025-04-12_HPZFK",1.83540121870641,NA,NA,NA,NA,NA,NA,NA,NA,NA,NA,NA,NA,NA,NA,NA,NA,NA,NA,NA,NA,NA,3.26904
335,0.334259,32.6904,NA,"2025-04-12_HPZFK",1.83540121870641,NA,NA,NA,NA,NA,NA,NA,NA,NA,NA,NA,NA,NA,NA,NA,NA,NA,NA,NA,NA,NA,3.26904
336,0.335185,32.6904,NA,"2025-04-12_HPZFK",1.83540121870641,NA,NA,NA,NA,NA,NA,NA,NA,NA,NA,NA,NA,NA,NA,NA,NA,NA,NA,NA,NA,NA,3.26904
337,0.336111,32.6904,NA,"2025-04-12_HPZFK",1.83540121870641,NA,NA,NA,NA,NA,NA,NA,NA,NA,NA,NA,NA,NA,NA,NA,NA,NA,NA,NA,NA,NA,3.26904
338,0.337037,32.6904,NA,"2025-04-12_HPZFK",1.83540121870641,NA,NA,NA,NA,NA,NA,NA,NA,NA,NA,NA,NA,NA,NA,NA,NA,NA,NA,NA,NA,NA,3.26904
339,0.337963,32.6904,NA,"2025-04-12_HPZFK",1.83540121870641,NA,NA,NA,NA,NA,NA,NA,NA,NA,NA,NA,NA,NA,NA,NA,NA,NA,NA,NA,NA,NA,3.26904
340,0.338889,32.6904,NA,"2025-04-12_HPZFK",1.83540121870641,NA,NA,NA,NA,NA,NA,NA,NA,NA,NA,NA,NA,NA,NA,NA,NA,NA,NA,NA,NA,NA,3.26904
341,0.339815,32.6904,NA,"2025-04-12_HPZFK",1.83540121870641,NA,NA,NA,NA,NA,NA,NA,NA,NA,NA,NA,NA,NA,NA,NA,NA,NA,NA,NA,NA,NA,3.26904
342,0.340741,32.6904,NA,"2025-04-12_HPZFK",1.83540121870641,NA,NA,NA,NA,NA,NA,NA,NA,NA,NA,NA,NA,NA,NA,NA,NA,NA,NA,NA,NA,NA,3.26904
343,0.341667,32.6904,NA,"2025-04-12_HPZFK",1.83540121870641,NA,NA,NA,NA,NA,NA,NA,NA,NA,NA,NA,NA,NA,NA,NA,NA,NA,NA,NA,NA,NA,3.26904
344,0.342593,32.6904,NA,"2025-04-12_HPZFK",1.83540121870641,NA,NA,NA,NA,NA,NA,NA,NA,NA,NA,NA,NA,NA,NA,NA,NA,NA,NA,NA,NA,NA,3.26904
345,0.343519,32.6904,NA,"2025-04-12_HPZFK",1.83540121870641,NA,NA,NA,NA,NA,NA,NA,NA,NA,NA,NA,NA,NA,NA,NA,NA,NA,NA,NA,NA,NA,3.26904
346,0.344444,32.6904,NA,"2025-04-12_HPZFK",1.83540121870641,NA,NA,NA,NA,NA,NA,NA,NA,NA,NA,NA,NA,NA,NA,NA,NA,NA,NA,NA,NA,NA,3.26904
347,0.34537,32.6904,NA,"2025-04-12_HPZFK",1.83540121870641,NA,NA,NA,NA,NA,NA,NA,NA,NA,NA,NA,NA,NA,NA,NA,NA,NA,NA,NA,NA,NA,3.26904
348,0.346296,32.6904,NA,"2025-04-12_HPZFK",1.83540121870641,NA,NA,NA,NA,NA,NA,NA,NA,NA,NA,NA,NA,NA,NA,NA,NA,NA,NA,NA,NA,NA,3.26904
349,0.347222,32.6904,NA,"2025-04-12_HPZFK",1.83540121870641,NA,NA,NA,NA,NA,NA,NA,NA,NA,NA,NA,NA,NA,NA,NA,NA,NA,NA,NA,NA,NA,3.26904
350,0.348148,32.6904,NA,"2025-04-12_HPZFK",1.83540121870641,NA,NA,NA,NA,NA,NA,NA,NA,NA,NA,NA,NA,NA,NA,NA,NA,NA,NA,NA,NA,NA,3.26904
351,0.349074,32.6904,NA,"2025-04-12_HPZFK",1.83540121870641,NA,NA,NA,NA,NA,NA,NA,NA,NA,NA,NA,NA,NA,NA,NA,NA,NA,NA,NA,NA,NA,3.26904
352,0.35,32.6904,NA,"2025-04-12_HPZFK",1.83540121870641,NA,NA,NA,NA,NA,NA,NA,NA,NA,NA,NA,NA,NA,NA,NA,NA,NA,NA,NA,NA,NA,3.26904
353,0.35,32.7273,NA,"2025-04-12_HPZFK",1.83333180555683,NA,NA,NA,NA,NA,NA,NA,NA,NA,NA,NA,NA,NA,NA,NA,NA,NA,NA,NA,NA,NA,3.27273
354,0.350926,32.7273,NA,"2025-04-12_HPZFK",1.83333180555683,NA,NA,NA,NA,NA,NA,NA,NA,NA,NA,NA,NA,NA,NA,NA,NA,NA,NA,NA,NA,NA,3.27273
355,0.351852,32.7273,NA,"2025-04-12_HPZFK",1.83333180555683,NA,NA,NA,NA,NA,NA,NA,NA,NA,NA,NA,NA,NA,NA,NA,NA,NA,NA,NA,NA,NA,3.27273
356,0.352778,32.7273,NA,"2025-04-12_HPZFK",1.83333180555683,NA,NA,NA,NA,NA,NA,NA,NA,NA,NA,NA,NA,NA,NA,NA,NA,NA,NA,NA,NA,NA,3.27273
357,0.353704,32.7273,NA,"2025-04-12_HPZFK",1.83333180555683,NA,NA,NA,NA,NA,NA,NA,NA,NA,NA,NA,NA,NA,NA,NA,NA,NA,NA,NA,NA,NA,3.27273
358,0.35463,32.7273,NA,"2025-04-12_HPZFK",1.83333180555683,NA,NA,NA,NA,NA,NA,NA,NA,NA,NA,NA,NA,NA,NA,NA,NA,NA,NA,NA,NA,NA,3.27273
359,0.355556,32.7273,NA,"2025-04-12_HPZFK",1.83333180555683,NA,NA,NA,NA,NA,NA,NA,NA,NA,NA,NA,NA,NA,NA,NA,NA,NA,NA,NA,NA,NA,3.27273
360,0.356481,32.7273,NA,"2025-04-12_HPZFK",1.83333180555683,NA,NA,NA,NA,NA,NA,NA,NA,NA,NA,NA,NA,NA,NA,NA,NA,NA,NA,NA,NA,NA,3.27273
361,0.357407,32.7273,NA,"2025-04-12_HPZFK",1.83333180555683,NA,NA,NA,NA,NA,NA,NA,NA,NA,NA,NA,NA,NA,NA,NA,NA,NA,NA,NA,NA,NA,3.27273
362,0.358333,32.7273,NA,"2025-04-12_HPZFK",1.83333180555683,NA,NA,NA,NA,NA,NA,NA,NA,NA,NA,NA,NA,NA,NA,NA,NA,NA,NA,NA,NA,NA,3.27273
363,0.359259,32.7273,NA,"2025-04-12_HPZFK",1.83333180555683,NA,NA,NA,NA,NA,NA,NA,NA,NA,NA,NA,NA,NA,NA,NA,NA,NA,NA,NA,NA,NA,3.27273
364,0.360185,32.7273,NA,"2025-04-12_HPZFK",1.83333180555683,NA,NA,NA,NA,NA,NA,NA,NA,NA,NA,NA,NA,NA,NA,NA,NA,NA,NA,NA,NA,NA,3.27273
365,0.361111,32.7273,NA,"2025-04-12_HPZFK",1.83333180555683,NA,NA,NA,NA,NA,NA,NA,NA,NA,NA,NA,NA,NA,NA,NA,NA,NA,NA,NA,NA,NA,3.27273
366,0.362037,32.7273,NA,"2025-04-12_HPZFK",1.83333180555683,NA,NA,NA,NA,NA,NA,NA,NA,NA,NA,NA,NA,NA,NA,NA,NA,NA,NA,NA,NA,NA,3.27273
367,0.362963,32.7273,NA,"2025-04-12_HPZFK",1.83333180555683,NA,NA,NA,NA,NA,NA,NA,NA,NA,NA,NA,NA,NA,NA,NA,NA,NA,NA,NA,NA,NA,3.27273
368,0.363889,32.7273,NA,"2025-04-12_HPZFK",1.83333180555683,NA,NA,NA,NA,NA,NA,NA,NA,NA,NA,NA,NA,NA,NA,NA,NA,NA,NA,NA,NA,NA,3.27273
369,0.364815,32.7273,NA,"2025-04-12_HPZFK",1.83333180555683,NA,NA,NA,NA,NA,NA,NA,NA,NA,NA,NA,NA,NA,NA,NA,NA,NA,NA,NA,NA,NA,3.27273
370,0.365741,32.7273,NA,"2025-04-12_HPZFK",1.83333180555683,NA,NA,NA,NA,NA,NA,NA,NA,NA,NA,NA,NA,NA,NA,NA,NA,NA,NA,NA,NA,NA,3.27273
371,0.366667,32.7273,NA,"2025-04-12_HPZFK",1.83333180555683,NA,NA,NA,NA,NA,NA,NA,NA,NA,NA,NA,NA,NA,NA,NA,NA,NA,NA,NA,NA,NA,3.27273
372,0.367593,32.7273,NA,"2025-04-12_HPZFK",1.83333180555683,NA,NA,NA,NA,NA,NA,NA,NA,NA,NA,NA,NA,NA,NA,NA,NA,NA,NA,NA,NA,NA,3.27273
373,0.368519,32.7273,NA,"2025-04-12_HPZFK",1.83333180555683,NA,NA,NA,NA,NA,NA,NA,NA,NA,NA,NA,NA,NA,NA,NA,NA,NA,NA,NA,NA,NA,3.27273
374,0.369444,32.7273,NA,"2025-04-12_HPZFK",1.83333180555683,NA,NA,NA,NA,NA,NA,NA,NA,NA,NA,NA,NA,NA,NA,NA,NA,NA,NA,NA,NA,NA,3.27273
375,0.37037,32.7273,NA,"2025-04-12_HPZFK",1.83333180555683,NA,NA,NA,NA,NA,NA,NA,NA,NA,NA,NA,NA,NA,NA,NA,NA,NA,NA,NA,NA,NA,3.27273
376,0.371296,32.7273,NA,"2025-04-12_HPZFK",1.83333180555683,NA,NA,NA,NA,NA,NA,NA,NA,NA,NA,NA,NA,NA,NA,NA,NA,NA,NA,NA,NA,NA,3.27273
377,0.372222,32.7273,NA,"2025-04-12_HPZFK",1.83333180555683,NA,NA,NA,NA,NA,NA,NA,NA,NA,NA,NA,NA,NA,NA,NA,NA,NA,NA,NA,NA,NA,3.27273
378,0.373148,32.7273,NA,"2025-04-12_HPZFK",1.83333180555683,NA,NA,NA,NA,NA,NA,NA,NA,NA,NA,NA,NA,NA,NA,NA,NA,NA,NA,NA,NA,NA,3.27273
379,0.374074,32.7273,NA,"2025-04-12_HPZFK",1.83333180555683,NA,NA,NA,NA,NA,NA,NA,NA,NA,NA,NA,NA,NA,NA,NA,NA,NA,NA,NA,NA,NA,3.27273
380,0.375,32.7273,NA,"2025-04-12_HPZFK",1.83333180555683,NA,NA,NA,NA,NA,NA,NA,NA,NA,NA,NA,NA,NA,NA,NA,NA,NA,NA,NA,NA,NA,3.27273
381,0.375926,32.7273,NA,"2025-04-12_HPZFK",1.83333180555683,NA,NA,NA,NA,NA,NA,NA,NA,NA,NA,NA,NA,NA,NA,NA,NA,NA,NA,NA,NA,NA,3.27273
382,0.376852,32.7273,NA,"2025-04-12_HPZFK",1.83333180555683,NA,NA,NA,NA,NA,NA,NA,NA,NA,NA,NA,NA,NA,NA,NA,NA,NA,NA,NA,NA,NA,3.27273
383,0.377778,32.7273,NA,"2025-04-12_HPZFK",1.83333180555683,NA,NA,NA,NA,NA,NA,NA,NA,NA,NA,NA,NA,NA,NA,NA,NA,NA,NA,NA,NA,NA,3.27273
384,0.378704,32.7273,NA,"2025-04-12_HPZFK",1.83333180555683,NA,NA,NA,NA,NA,NA,NA,NA,NA,NA,NA,NA,NA,NA,NA,NA,NA,NA,NA,NA,NA,3.27273
385,0.37963,32.7273,NA,"2025-04-12_HPZFK",1.83333180555683,NA,NA,NA,NA,NA,NA,NA,NA,NA,NA,NA,NA,NA,NA,NA,NA,NA,NA,NA,NA,NA,3.27273
386,0.380556,32.7273,NA,"2025-04-12_HPZFK",1.83333180555683,NA,NA,NA,NA,NA,NA,NA,NA,NA,NA,NA,NA,NA,NA,NA,NA,NA,NA,NA,NA,NA,3.27273
387,0.381481,32.7273,NA,"2025-04-12_HPZFK",1.83333180555683,NA,NA,NA,NA,NA,NA,NA,NA,NA,NA,NA,NA,NA,NA,NA,NA,NA,NA,NA,NA,NA,3.27273
388,0.382407,32.7273,NA,"2025-04-12_HPZFK",1.83333180555683,NA,NA,NA,NA,NA,NA,NA,NA,NA,NA,NA,NA,NA,NA,NA,NA,NA,NA,NA,NA,NA,3.27273
389,0.383333,32.7273,NA,"2025-04-12_HPZFK",1.83333180555683,NA,NA,NA,NA,NA,NA,NA,NA,NA,NA,NA,NA,NA,NA,NA,NA,NA,NA,NA,NA,NA,3.27273
390,0.384259,32.7273,NA,"2025-04-12_HPZFK",1.83333180555683,NA,NA,NA,NA,NA,NA,NA,NA,NA,NA,NA,NA,NA,NA,NA,NA,NA,NA,NA,NA,NA,3.27273
391,0.385185,32.7273,NA,"2025-04-12_HPZFK",1.83333180555683,NA,NA,NA,NA,NA,NA,NA,NA,NA,NA,NA,NA,NA,NA,NA,NA,NA,NA,NA,NA,NA,3.27273
392,0.386111,32.7273,NA,"2025-04-12_HPZFK",1.83333180555683,NA,NA,NA,NA,NA,NA,NA,NA,NA,NA,NA,NA,NA,NA,NA,NA,NA,NA,NA,NA,NA,3.27273
393,0.387037,32.7273,NA,"2025-04-12_HPZFK",1.83333180555683,NA,NA,NA,NA,NA,NA,NA,NA,NA,NA,NA,NA,NA,NA,NA,NA,NA,NA,NA,NA,NA,3.27273
394,0.387963,32.7273,NA,"2025-04-12_HPZFK",1.83333180555683,NA,NA,NA,NA,NA,NA,NA,NA,NA,NA,NA,NA,NA,NA,NA,NA,NA,NA,NA,NA,NA,3.27273
395,0.388889,32.7273,NA,"2025-04-12_HPZFK",1.83333180555683,NA,NA,NA,NA,NA,NA,NA,NA,NA,NA,NA,NA,NA,NA,NA,NA,NA,NA,NA,NA,NA,3.27273
396,0.389815,32.7273,NA,"2025-04-12_HPZFK",1.83333180555683,NA,NA,NA,NA,NA,NA,NA,NA,NA,NA,NA,NA,NA,NA,NA,NA,NA,NA,NA,NA,NA,3.27273
397,0.390741,32.7273,NA,"2025-04-12_HPZFK",1.83333180555683,NA,NA,NA,NA,NA,NA,NA,NA,NA,NA,NA,NA,NA,NA,NA,NA,NA,NA,NA,NA,NA,3.27273
398,0.391667,32.7273,NA,"2025-04-12_HPZFK",1.83333180555683,NA,NA,NA,NA,NA,NA,NA,NA,NA,NA,NA,NA,NA,NA,NA,NA,NA,NA,NA,NA,NA,3.27273
399,0.392593,32.7273,NA,"2025-04-12_HPZFK",1.83333180555683,NA,NA,NA,NA,NA,NA,NA,NA,NA,NA,NA,NA,NA,NA,NA,NA,NA,NA,NA,NA,NA,3.27273
400,0.393519,32.7273,NA,"2025-04-12_HPZFK",1.83333180555683,NA,NA,NA,NA,NA,NA,NA,NA,NA,NA,NA,NA,NA,NA,NA,NA,NA,NA,NA,NA,NA,3.27273
401,0.394444,32.7273,NA,"2025-04-12_HPZFK",1.83333180555683,NA,NA,NA,NA,NA,NA,NA,NA,NA,NA,NA,NA,NA,NA,NA,NA,NA,NA,NA,NA,NA,3.27273
402,0.39537,32.7273,NA,"2025-04-12_HPZFK",1.83333180555683,NA,NA,NA,NA,NA,NA,NA,NA,NA,NA,NA,NA,NA,NA,NA,NA,NA,NA,NA,NA,NA,3.27273
403,0.396296,32.7273,NA,"2025-04-12_HPZFK",1.83333180555683,NA,NA,NA,NA,NA,NA,NA,NA,NA,NA,NA,NA,NA,NA,NA,NA,NA,NA,NA,NA,NA,3.27273
404,0.397222,32.7273,NA,"2025-04-12_HPZFK",1.83333180555683,NA,NA,NA,NA,NA,NA,NA,NA,NA,NA,NA,NA,NA,NA,NA,NA,NA,NA,NA,NA,NA,3.27273
405,0.398148,32.7273,NA,"2025-04-12_HPZFK",1.83333180555683,NA,NA,NA,NA,NA,NA,NA,NA,NA,NA,NA,NA,NA,NA,NA,NA,NA,NA,NA,NA,NA,3.27273
406,0.399074,32.7273,NA,"2025-04-12_HPZFK",1.83333180555683,NA,NA,NA,NA,NA,NA,NA,NA,NA,NA,NA,NA,NA,NA,NA,NA,NA,NA,NA,NA,NA,3.27273
407,0.4,32.7273,NA,"2025-04-12_HPZFK",1.83333180555683,NA,NA,NA,NA,NA,NA,NA,NA,NA,NA,NA,NA,NA,NA,NA,NA,NA,NA,NA,NA,NA,3.27273
408,0.4,33.2143,NA,"2025-04-12_HPZFK",1.8666641777811,NA,NA,NA,NA,NA,NA,NA,NA,NA,NA,NA,NA,NA,NA,NA,NA,NA,NA,NA,NA,NA,3.21429
409,0.400909,33.2143,NA,"2025-04-12_HPZFK",1.8666641777811,NA,NA,NA,NA,NA,NA,NA,NA,NA,NA,NA,NA,NA,NA,NA,NA,NA,NA,NA,NA,NA,3.21429
410,0.401818,33.2143,NA,"2025-04-12_HPZFK",1.8666641777811,NA,NA,NA,NA,NA,NA,NA,NA,NA,NA,NA,NA,NA,NA,NA,NA,NA,NA,NA,NA,NA,3.21429
411,0.402727,33.2143,NA,"2025-04-12_HPZFK",1.8666641777811,NA,NA,NA,NA,NA,NA,NA,NA,NA,NA,NA,NA,NA,NA,NA,NA,NA,NA,NA,NA,NA,3.21429
412,0.403636,33.2143,NA,"2025-04-12_HPZFK",1.8666641777811,NA,NA,NA,NA,NA,NA,NA,NA,NA,NA,NA,NA,NA,NA,NA,NA,NA,NA,NA,NA,NA,3.21429
413,0.404545,33.2143,NA,"2025-04-12_HPZFK",1.8666641777811,NA,NA,NA,NA,NA,NA,NA,NA,NA,NA,NA,NA,NA,NA,NA,NA,NA,NA,NA,NA,NA,3.21429
414,0.405455,33.2143,NA,"2025-04-12_HPZFK",1.8666641777811,NA,NA,NA,NA,NA,NA,NA,NA,NA,NA,NA,NA,NA,NA,NA,NA,NA,NA,NA,NA,NA,3.21429
415,0.406364,33.2143,NA,"2025-04-12_HPZFK",1.8666641777811,NA,NA,NA,NA,NA,NA,NA,NA,NA,NA,NA,NA,NA,NA,NA,NA,NA,NA,NA,NA,NA,3.21429
416,0.407273,33.2143,NA,"2025-04-12_HPZFK",1.8666641777811,NA,NA,NA,NA,NA,NA,NA,NA,NA,NA,NA,NA,NA,NA,NA,NA,NA,NA,NA,NA,NA,3.21429
417,0.408182,33.2143,NA,"2025-04-12_HPZFK",1.8666641777811,NA,NA,NA,NA,NA,NA,NA,NA,NA,NA,NA,NA,NA,NA,NA,NA,NA,NA,NA,NA,NA,3.21429
418,0.409091,33.2143,NA,"2025-04-12_HPZFK",1.8666641777811,NA,NA,NA,NA,NA,NA,NA,NA,NA,NA,NA,NA,NA,NA,NA,NA,NA,NA,NA,NA,NA,3.21429
419,0.41,33.2143,NA,"2025-04-12_HPZFK",1.8666641777811,NA,NA,NA,NA,NA,NA,NA,NA,NA,NA,NA,NA,NA,NA,NA,NA,NA,NA,NA,NA,NA,3.21429
420,0.410909,33.2143,NA,"2025-04-12_HPZFK",1.8666641777811,NA,NA,NA,NA,NA,NA,NA,NA,NA,NA,NA,NA,NA,NA,NA,NA,NA,NA,NA,NA,NA,3.21429
421,0.411818,33.2143,NA,"2025-04-12_HPZFK",1.8666641777811,NA,NA,NA,NA,NA,NA,NA,NA,NA,NA,NA,NA,NA,NA,NA,NA,NA,NA,NA,NA,NA,3.21429
422,0.412727,33.2143,NA,"2025-04-12_HPZFK",1.8666641777811,NA,NA,NA,NA,NA,NA,NA,NA,NA,NA,NA,NA,NA,NA,NA,NA,NA,NA,NA,NA,NA,3.21429
423,0.413636,33.2143,NA,"2025-04-12_HPZFK",1.8666641777811,NA,NA,NA,NA,NA,NA,NA,NA,NA,NA,NA,NA,NA,NA,NA,NA,NA,NA,NA,NA,NA,3.21429
424,0.414545,33.2143,NA,"2025-04-12_HPZFK",1.8666641777811,NA,NA,NA,NA,NA,NA,NA,NA,NA,NA,NA,NA,NA,NA,NA,NA,NA,NA,NA,NA,NA,3.21429
425,0.415455,33.2143,NA,"2025-04-12_HPZFK",1.8666641777811,NA,NA,NA,NA,NA,NA,NA,NA,NA,NA,NA,NA,NA,NA,NA,NA,NA,NA,NA,NA,NA,3.21429
426,0.416364,33.2143,NA,"2025-04-12_HPZFK",1.8666641777811,NA,NA,NA,NA,NA,NA,NA,NA,NA,NA,NA,NA,NA,NA,NA,NA,NA,NA,NA,NA,NA,3.21429
427,0.417273,33.2143,NA,"2025-04-12_HPZFK",1.8666641777811,NA,NA,NA,NA,NA,NA,NA,NA,NA,NA,NA,NA,NA,NA,NA,NA,NA,NA,NA,NA,NA,3.21429
428,0.418182,33.2143,NA,"2025-04-12_HPZFK",1.8666641777811,NA,NA,NA,NA,NA,NA,NA,NA,NA,NA,NA,NA,NA,NA,NA,NA,NA,NA,NA,NA,NA,3.21429
429,0.419091,33.2143,NA,"2025-04-12_HPZFK",1.8666641777811,NA,NA,NA,NA,NA,NA,NA,NA,NA,NA,NA,NA,NA,NA,NA,NA,NA,NA,NA,NA,NA,3.21429
430,0.42,33.2143,NA,"2025-04-12_HPZFK",1.8666641777811,NA,NA,NA,NA,NA,NA,NA,NA,NA,NA,NA,NA,NA,NA,NA,NA,NA,NA,NA,NA,NA,3.21429
431,0.420909,33.2143,NA,"2025-04-12_HPZFK",1.8666641777811,NA,NA,NA,NA,NA,NA,NA,NA,NA,NA,NA,NA,NA,NA,NA,NA,NA,NA,NA,NA,NA,3.21429
432,0.421818,33.2143,NA,"2025-04-12_HPZFK",1.8666641777811,NA,NA,NA,NA,NA,NA,NA,NA,NA,NA,NA,NA,NA,NA,NA,NA,NA,NA,NA,NA,NA,3.21429
433,0.422727,33.2143,NA,"2025-04-12_HPZFK",1.8666641777811,NA,NA,NA,NA,NA,NA,NA,NA,NA,NA,NA,NA,NA,NA,NA,NA,NA,NA,NA,NA,NA,3.21429
434,0.423636,33.2143,NA,"2025-04-12_HPZFK",1.8666641777811,NA,NA,NA,NA,NA,NA,NA,NA,NA,NA,NA,NA,NA,NA,NA,NA,NA,NA,NA,NA,NA,3.21429
435,0.424545,33.2143,NA,"2025-04-12_HPZFK",1.8666641777811,NA,NA,NA,NA,NA,NA,NA,NA,NA,NA,NA,NA,NA,NA,NA,NA,NA,NA,NA,NA,NA,3.21429
436,0.425455,33.2143,NA,"2025-04-12_HPZFK",1.8666641777811,NA,NA,NA,NA,NA,NA,NA,NA,NA,NA,NA,NA,NA,NA,NA,NA,NA,NA,NA,NA,NA,3.21429
437,0.426364,33.2143,NA,"2025-04-12_HPZFK",1.8666641777811,NA,NA,NA,NA,NA,NA,NA,NA,NA,NA,NA,NA,NA,NA,NA,NA,NA,NA,NA,NA,NA,3.21429
438,0.427273,33.2143,NA,"2025-04-12_HPZFK",1.8666641777811,NA,NA,NA,NA,NA,NA,NA,NA,NA,NA,NA,NA,NA,NA,NA,NA,NA,NA,NA,NA,NA,3.21429
439,0.428182,33.2143,NA,"2025-04-12_HPZFK",1.8666641777811,NA,NA,NA,NA,NA,NA,NA,NA,NA,NA,NA,NA,NA,NA,NA,NA,NA,NA,NA,NA,NA,3.21429
440,0.429091,33.2143,NA,"2025-04-12_HPZFK",1.8666641777811,NA,NA,NA,NA,NA,NA,NA,NA,NA,NA,NA,NA,NA,NA,NA,NA,NA,NA,NA,NA,NA,3.21429
441,0.43,33.2143,NA,"2025-04-12_HPZFK",1.8666641777811,NA,NA,NA,NA,NA,NA,NA,NA,NA,NA,NA,NA,NA,NA,NA,NA,NA,NA,NA,NA,NA,3.21429
442,0.430909,33.2143,NA,"2025-04-12_HPZFK",1.8666641777811,NA,NA,NA,NA,NA,NA,NA,NA,NA,NA,NA,NA,NA,NA,NA,NA,NA,NA,NA,NA,NA,3.21429
443,0.431818,33.2143,NA,"2025-04-12_HPZFK",1.8666641777811,NA,NA,NA,NA,NA,NA,NA,NA,NA,NA,NA,NA,NA,NA,NA,NA,NA,NA,NA,NA,NA,3.21429
444,0.432727,33.2143,NA,"2025-04-12_HPZFK",1.8666641777811,NA,NA,NA,NA,NA,NA,NA,NA,NA,NA,NA,NA,NA,NA,NA,NA,NA,NA,NA,NA,NA,3.21429
445,0.433636,33.2143,NA,"2025-04-12_HPZFK",1.8666641777811,NA,NA,NA,NA,NA,NA,NA,NA,NA,NA,NA,NA,NA,NA,NA,NA,NA,NA,NA,NA,NA,3.21429
446,0.434545,33.2143,NA,"2025-04-12_HPZFK",1.8666641777811,NA,NA,NA,NA,NA,NA,NA,NA,NA,NA,NA,NA,NA,NA,NA,NA,NA,NA,NA,NA,NA,3.21429
447,0.435455,33.2143,NA,"2025-04-12_HPZFK",1.8666641777811,NA,NA,NA,NA,NA,NA,NA,NA,NA,NA,NA,NA,NA,NA,NA,NA,NA,NA,NA,NA,NA,3.21429
448,0.436364,33.2143,NA,"2025-04-12_HPZFK",1.8666641777811,NA,NA,NA,NA,NA,NA,NA,NA,NA,NA,NA,NA,NA,NA,NA,NA,NA,NA,NA,NA,NA,3.21429
449,0.437273,33.2143,NA,"2025-04-12_HPZFK",1.8666641777811,NA,NA,NA,NA,NA,NA,NA,NA,NA,NA,NA,NA,NA,NA,NA,NA,NA,NA,NA,NA,NA,3.21429
450,0.438182,33.2143,NA,"2025-04-12_HPZFK",1.8666641777811,NA,NA,NA,NA,NA,NA,NA,NA,NA,NA,NA,NA,NA,NA,NA,NA,NA,NA,NA,NA,NA,3.21429
451,0.439091,33.2143,NA,"2025-04-12_HPZFK",1.8666641777811,NA,NA,NA,NA,NA,NA,NA,NA,NA,NA,NA,NA,NA,NA,NA,NA,NA,NA,NA,NA,NA,3.21429
452,0.44,33.2143,NA,"2025-04-12_HPZFK",1.8666641777811,NA,NA,NA,NA,NA,NA,NA,NA,NA,NA,NA,NA,NA,NA,NA,NA,NA,NA,NA,NA,NA,3.21429
453,0.440909,33.2143,NA,"2025-04-12_HPZFK",1.8666641777811,NA,NA,NA,NA,NA,NA,NA,NA,NA,NA,NA,NA,NA,NA,NA,NA,NA,NA,NA,NA,NA,3.21429
454,0.441818,33.2143,NA,"2025-04-12_HPZFK",1.8666641777811,NA,NA,NA,NA,NA,NA,NA,NA,NA,NA,NA,NA,NA,NA,NA,NA,NA,NA,NA,NA,NA,3.21429
455,0.442727,33.2143,NA,"2025-04-12_HPZFK",1.8666641777811,NA,NA,NA,NA,NA,NA,NA,NA,NA,NA,NA,NA,NA,NA,NA,NA,NA,NA,NA,NA,NA,3.21429
456,0.443636,33.2143,NA,"2025-04-12_HPZFK",1.8666641777811,NA,NA,NA,NA,NA,NA,NA,NA,NA,NA,NA,NA,NA,NA,NA,NA,NA,NA,NA,NA,NA,3.21429
457,0.444545,33.2143,NA,"2025-04-12_HPZFK",1.8666641777811,NA,NA,NA,NA,NA,NA,NA,NA,NA,NA,NA,NA,NA,NA,NA,NA,NA,NA,NA,NA,NA,3.21429
458,0.445455,33.2143,NA,"2025-04-12_HPZFK",1.8666641777811,NA,NA,NA,NA,NA,NA,NA,NA,NA,NA,NA,NA,NA,NA,NA,NA,NA,NA,NA,NA,NA,3.21429
459,0.446364,33.2143,NA,"2025-04-12_HPZFK",1.8666641777811,NA,NA,NA,NA,NA,NA,NA,NA,NA,NA,NA,NA,NA,NA,NA,NA,NA,NA,NA,NA,NA,3.21429
460,0.447273,33.2143,NA,"2025-04-12_HPZFK",1.8666641777811,NA,NA,NA,NA,NA,NA,NA,NA,NA,NA,NA,NA,NA,NA,NA,NA,NA,NA,NA,NA,NA,3.21429
461,0.448182,33.2143,NA,"2025-04-12_HPZFK",1.8666641777811,NA,NA,NA,NA,NA,NA,NA,NA,NA,NA,NA,NA,NA,NA,NA,NA,NA,NA,NA,NA,NA,3.21429
462,0.449091,33.2143,NA,"2025-04-12_HPZFK",1.8666641777811,NA,NA,NA,NA,NA,NA,NA,NA,NA,NA,NA,NA,NA,NA,NA,NA,NA,NA,NA,NA,NA,3.21429
463,0.45,33.2143,NA,"2025-04-12_HPZFK",1.8666641777811,NA,NA,NA,NA,NA,NA,NA,NA,NA,NA,NA,NA,NA,NA,NA,NA,NA,NA,NA,NA,NA,3.21429
464,0.45,33.2517,NA,"2025-04-12_HPZFK",1.86456426686887,NA,NA,NA,NA,NA,NA,NA,NA,NA,NA,NA,NA,NA,NA,NA,NA,NA,NA,NA,NA,NA,3.21791
465,0.450909,33.2517,NA,"2025-04-12_HPZFK",1.86456426686887,NA,NA,NA,NA,NA,NA,NA,NA,NA,NA,NA,NA,NA,NA,NA,NA,NA,NA,NA,NA,NA,3.21791
466,0.451818,33.2517,NA,"2025-04-12_HPZFK",1.86456426686887,NA,NA,NA,NA,NA,NA,NA,NA,NA,NA,NA,NA,NA,NA,NA,NA,NA,NA,NA,NA,NA,3.21791
467,0.452727,33.2517,NA,"2025-04-12_HPZFK",1.86456426686887,NA,NA,NA,NA,NA,NA,NA,NA,NA,NA,NA,NA,NA,NA,NA,NA,NA,NA,NA,NA,NA,3.21791
468,0.453636,33.2517,NA,"2025-04-12_HPZFK",1.86456426686887,NA,NA,NA,NA,NA,NA,NA,NA,NA,NA,NA,NA,NA,NA,NA,NA,NA,NA,NA,NA,NA,3.21791
469,0.454545,33.2517,NA,"2025-04-12_HPZFK",1.86456426686887,NA,NA,NA,NA,NA,NA,NA,NA,NA,NA,NA,NA,NA,NA,NA,NA,NA,NA,NA,NA,NA,3.21791
470,0.455455,33.2517,NA,"2025-04-12_HPZFK",1.86456426686887,NA,NA,NA,NA,NA,NA,NA,NA,NA,NA,NA,NA,NA,NA,NA,NA,NA,NA,NA,NA,NA,3.21791
471,0.456364,33.2517,NA,"2025-04-12_HPZFK",1.86456426686887,NA,NA,NA,NA,NA,NA,NA,NA,NA,NA,NA,NA,NA,NA,NA,NA,NA,NA,NA,NA,NA,3.21791
472,0.457273,33.2517,NA,"2025-04-12_HPZFK",1.86456426686887,NA,NA,NA,NA,NA,NA,NA,NA,NA,NA,NA,NA,NA,NA,NA,NA,NA,NA,NA,NA,NA,3.21791
473,0.458182,33.2517,NA,"2025-04-12_HPZFK",1.86456426686887,NA,NA,NA,NA,NA,NA,NA,NA,NA,NA,NA,NA,NA,NA,NA,NA,NA,NA,NA,NA,NA,3.21791
474,0.459091,33.2517,NA,"2025-04-12_HPZFK",1.86456426686887,NA,NA,NA,NA,NA,NA,NA,NA,NA,NA,NA,NA,NA,NA,NA,NA,NA,NA,NA,NA,NA,3.21791
475,0.46,33.2517,NA,"2025-04-12_HPZFK",1.86456426686887,NA,NA,NA,NA,NA,NA,NA,NA,NA,NA,NA,NA,NA,NA,NA,NA,NA,NA,NA,NA,NA,3.21791
476,0.460909,33.2517,NA,"2025-04-12_HPZFK",1.86456426686887,NA,NA,NA,NA,NA,NA,NA,NA,NA,NA,NA,NA,NA,NA,NA,NA,NA,NA,NA,NA,NA,3.21791
477,0.461818,33.2517,NA,"2025-04-12_HPZFK",1.86456426686887,NA,NA,NA,NA,NA,NA,NA,NA,NA,NA,NA,NA,NA,NA,NA,NA,NA,NA,NA,NA,NA,3.21791
478,0.462727,33.2517,NA,"2025-04-12_HPZFK",1.86456426686887,NA,NA,NA,NA,NA,NA,NA,NA,NA,NA,NA,NA,NA,NA,NA,NA,NA,NA,NA,NA,NA,3.21791
479,0.463636,33.2517,NA,"2025-04-12_HPZFK",1.86456426686887,NA,NA,NA,NA,NA,NA,NA,NA,NA,NA,NA,NA,NA,NA,NA,NA,NA,NA,NA,NA,NA,3.21791
480,0.464545,33.2517,NA,"2025-04-12_HPZFK",1.86456426686887,NA,NA,NA,NA,NA,NA,NA,NA,NA,NA,NA,NA,NA,NA,NA,NA,NA,NA,NA,NA,NA,3.21791
481,0.465455,33.2517,NA,"2025-04-12_HPZFK",1.86456426686887,NA,NA,NA,NA,NA,NA,NA,NA,NA,NA,NA,NA,NA,NA,NA,NA,NA,NA,NA,NA,NA,3.21791
482,0.466364,33.2517,NA,"2025-04-12_HPZFK",1.86456426686887,NA,NA,NA,NA,NA,NA,NA,NA,NA,NA,NA,NA,NA,NA,NA,NA,NA,NA,NA,NA,NA,3.21791
483,0.467273,33.2517,NA,"2025-04-12_HPZFK",1.86456426686887,NA,NA,NA,NA,NA,NA,NA,NA,NA,NA,NA,NA,NA,NA,NA,NA,NA,NA,NA,NA,NA,3.21791
484,0.468182,33.2517,NA,"2025-04-12_HPZFK",1.86456426686887,NA,NA,NA,NA,NA,NA,NA,NA,NA,NA,NA,NA,NA,NA,NA,NA,NA,NA,NA,NA,NA,3.21791
485,0.469091,33.2517,NA,"2025-04-12_HPZFK",1.86456426686887,NA,NA,NA,NA,NA,NA,NA,NA,NA,NA,NA,NA,NA,NA,NA,NA,NA,NA,NA,NA,NA,3.21791
486,0.47,33.2517,NA,"2025-04-12_HPZFK",1.86456426686887,NA,NA,NA,NA,NA,NA,NA,NA,NA,NA,NA,NA,NA,NA,NA,NA,NA,NA,NA,NA,NA,3.21791
487,0.470909,33.2517,NA,"2025-04-12_HPZFK",1.86456426686887,NA,NA,NA,NA,NA,NA,NA,NA,NA,NA,NA,NA,NA,NA,NA,NA,NA,NA,NA,NA,NA,3.21791
488,0.471818,33.2517,NA,"2025-04-12_HPZFK",1.86456426686887,NA,NA,NA,NA,NA,NA,NA,NA,NA,NA,NA,NA,NA,NA,NA,NA,NA,NA,NA,NA,NA,3.21791
489,0.472727,33.2517,NA,"2025-04-12_HPZFK",1.86456426686887,NA,NA,NA,NA,NA,NA,NA,NA,NA,NA,NA,NA,NA,NA,NA,NA,NA,NA,NA,NA,NA,3.21791
490,0.473636,33.2517,NA,"2025-04-12_HPZFK",1.86456426686887,NA,NA,NA,NA,NA,NA,NA,NA,NA,NA,NA,NA,NA,NA,NA,NA,NA,NA,NA,NA,NA,3.21791
491,0.474545,33.2517,NA,"2025-04-12_HPZFK",1.86456426686887,NA,NA,NA,NA,NA,NA,NA,NA,NA,NA,NA,NA,NA,NA,NA,NA,NA,NA,NA,NA,NA,3.21791
492,0.475455,33.2517,NA,"2025-04-12_HPZFK",1.86456426686887,NA,NA,NA,NA,NA,NA,NA,NA,NA,NA,NA,NA,NA,NA,NA,NA,NA,NA,NA,NA,NA,3.21791
493,0.476364,33.2517,NA,"2025-04-12_HPZFK",1.86456426686887,NA,NA,NA,NA,NA,NA,NA,NA,NA,NA,NA,NA,NA,NA,NA,NA,NA,NA,NA,NA,NA,3.21791
494,0.477273,33.2517,NA,"2025-04-12_HPZFK",1.86456426686887,NA,NA,NA,NA,NA,NA,NA,NA,NA,NA,NA,NA,NA,NA,NA,NA,NA,NA,NA,NA,NA,3.21791
495,0.478182,33.2517,NA,"2025-04-12_HPZFK",1.86456426686887,NA,NA,NA,NA,NA,NA,NA,NA,NA,NA,NA,NA,NA,NA,NA,NA,NA,NA,NA,NA,NA,3.21791
496,0.479091,33.2517,NA,"2025-04-12_HPZFK",1.86456426686887,NA,NA,NA,NA,NA,NA,NA,NA,NA,NA,NA,NA,NA,NA,NA,NA,NA,NA,NA,NA,NA,3.21791
497,0.48,33.2517,NA,"2025-04-12_HPZFK",1.86456426686887,NA,NA,NA,NA,NA,NA,NA,NA,NA,NA,NA,NA,NA,NA,NA,NA,NA,NA,NA,NA,NA,3.21791
498,0.480909,33.2517,NA,"2025-04-12_HPZFK",1.86456426686887,NA,NA,NA,NA,NA,NA,NA,NA,NA,NA,NA,NA,NA,NA,NA,NA,NA,NA,NA,NA,NA,3.21791
499,0.481818,33.2517,NA,"2025-04-12_HPZFK",1.86456426686887,NA,NA,NA,NA,NA,NA,NA,NA,NA,NA,NA,NA,NA,NA,NA,NA,NA,NA,NA,NA,NA,3.21791
500,0.482727,33.2517,NA,"2025-04-12_HPZFK",1.86456426686887,NA,NA,NA,NA,NA,NA,NA,NA,NA,NA,NA,NA,NA,NA,NA,NA,NA,NA,NA,NA,NA,3.21791
501,0.483636,33.2517,NA,"2025-04-12_HPZFK",1.86456426686887,NA,NA,NA,NA,NA,NA,NA,NA,NA,NA,NA,NA,NA,NA,NA,NA,NA,NA,NA,NA,NA,3.21791
502,0.484545,33.2517,NA,"2025-04-12_HPZFK",1.86456426686887,NA,NA,NA,NA,NA,NA,NA,NA,NA,NA,NA,NA,NA,NA,NA,NA,NA,NA,NA,NA,NA,3.21791
503,0.485455,33.2517,NA,"2025-04-12_HPZFK",1.86456426686887,NA,NA,NA,NA,NA,NA,NA,NA,NA,NA,NA,NA,NA,NA,NA,NA,NA,NA,NA,NA,NA,3.21791
504,0.486364,33.2517,NA,"2025-04-12_HPZFK",1.86456426686887,NA,NA,NA,NA,NA,NA,NA,NA,NA,NA,NA,NA,NA,NA,NA,NA,NA,NA,NA,NA,NA,3.21791
505,0.487273,33.2517,NA,"2025-04-12_HPZFK",1.86456426686887,NA,NA,NA,NA,NA,NA,NA,NA,NA,NA,NA,NA,NA,NA,NA,NA,NA,NA,NA,NA,NA,3.21791
506,0.488182,33.2517,NA,"2025-04-12_HPZFK",1.86456426686887,NA,NA,NA,NA,NA,NA,NA,NA,NA,NA,NA,NA,NA,NA,NA,NA,NA,NA,NA,NA,NA,3.21791
507,0.489091,33.2517,NA,"2025-04-12_HPZFK",1.86456426686887,NA,NA,NA,NA,NA,NA,NA,NA,NA,NA,NA,NA,NA,NA,NA,NA,NA,NA,NA,NA,NA,3.21791
508,0.49,33.2517,NA,"2025-04-12_HPZFK",1.86456426686887,NA,NA,NA,NA,NA,NA,NA,NA,NA,NA,NA,NA,NA,NA,NA,NA,NA,NA,NA,NA,NA,3.21791
509,0.490909,33.2517,NA,"2025-04-12_HPZFK",1.86456426686887,NA,NA,NA,NA,NA,NA,NA,NA,NA,NA,NA,NA,NA,NA,NA,NA,NA,NA,NA,NA,NA,3.21791
510,0.491818,33.2517,NA,"2025-04-12_HPZFK",1.86456426686887,NA,NA,NA,NA,NA,NA,NA,NA,NA,NA,NA,NA,NA,NA,NA,NA,NA,NA,NA,NA,NA,3.21791
511,0.492727,33.2517,NA,"2025-04-12_HPZFK",1.86456426686887,NA,NA,NA,NA,NA,NA,NA,NA,NA,NA,NA,NA,NA,NA,NA,NA,NA,NA,NA,NA,NA,3.21791
512,0.493636,33.2517,NA,"2025-04-12_HPZFK",1.86456426686887,NA,NA,NA,NA,NA,NA,NA,NA,NA,NA,NA,NA,NA,NA,NA,NA,NA,NA,NA,NA,NA,3.21791
513,0.494545,33.2517,NA,"2025-04-12_HPZFK",1.86456426686887,NA,NA,NA,NA,NA,NA,NA,NA,NA,NA,NA,NA,NA,NA,NA,NA,NA,NA,NA,NA,NA,3.21791
514,0.495455,33.2517,NA,"2025-04-12_HPZFK",1.86456426686887,NA,NA,NA,NA,NA,NA,NA,NA,NA,NA,NA,NA,NA,NA,NA,NA,NA,NA,NA,NA,NA,3.21791
515,0.496364,33.2517,NA,"2025-04-12_HPZFK",1.86456426686887,NA,NA,NA,NA,NA,NA,NA,NA,NA,NA,NA,NA,NA,NA,NA,NA,NA,NA,NA,NA,NA,3.21791
516,0.497273,33.2517,NA,"2025-04-12_HPZFK",1.86456426686887,NA,NA,NA,NA,NA,NA,NA,NA,NA,NA,NA,NA,NA,NA,NA,NA,NA,NA,NA,NA,NA,3.21791
517,0.498182,33.2517,NA,"2025-04-12_HPZFK",1.86456426686887,NA,NA,NA,NA,NA,NA,NA,NA,NA,NA,NA,NA,NA,NA,NA,NA,NA,NA,NA,NA,NA,3.21791
518,0.499091,33.2517,NA,"2025-04-12_HPZFK",1.86456426686887,NA,NA,NA,NA,NA,NA,NA,NA,NA,NA,NA,NA,NA,NA,NA,NA,NA,NA,NA,NA,NA,3.21791
519,0.5,33.2517,NA,"2025-04-12_HPZFK",1.86456426686887,NA,NA,NA,NA,NA,NA,NA,NA,NA,NA,NA,NA,NA,NA,NA,NA,NA,NA,NA,NA,NA,3.21791
520,0.5,33.6652,NA,"2025-04-12_HPZFK",1.84166584814851,NA,NA,NA,NA,NA,NA,NA,NA,NA,NA,NA,NA,NA,NA,NA,NA,NA,NA,NA,NA,NA,3.25792
521,0.500909,33.6652,NA,"2025-04-12_HPZFK",1.84166584814851,NA,NA,NA,NA,NA,NA,NA,NA,NA,NA,NA,NA,NA,NA,NA,NA,NA,NA,NA,NA,NA,3.25792
522,0.501818,33.6652,NA,"2025-04-12_HPZFK",1.84166584814851,NA,NA,NA,NA,NA,NA,NA,NA,NA,NA,NA,NA,NA,NA,NA,NA,NA,NA,NA,NA,NA,3.25792
523,0.502727,33.6652,NA,"2025-04-12_HPZFK",1.84166584814851,NA,NA,NA,NA,NA,NA,NA,NA,NA,NA,NA,NA,NA,NA,NA,NA,NA,NA,NA,NA,NA,3.25792
524,0.503636,33.6652,NA,"2025-04-12_HPZFK",1.84166584814851,NA,NA,NA,NA,NA,NA,NA,NA,NA,NA,NA,NA,NA,NA,NA,NA,NA,NA,NA,NA,NA,3.25792
525,0.504545,33.6652,NA,"2025-04-12_HPZFK",1.84166584814851,NA,NA,NA,NA,NA,NA,NA,NA,NA,NA,NA,NA,NA,NA,NA,NA,NA,NA,NA,NA,NA,3.25792
526,0.505455,33.6652,NA,"2025-04-12_HPZFK",1.84166584814851,NA,NA,NA,NA,NA,NA,NA,NA,NA,NA,NA,NA,NA,NA,NA,NA,NA,NA,NA,NA,NA,3.25792
527,0.506364,33.6652,NA,"2025-04-12_HPZFK",1.84166584814851,NA,NA,NA,NA,NA,NA,NA,NA,NA,NA,NA,NA,NA,NA,NA,NA,NA,NA,NA,NA,NA,3.25792
528,0.507273,33.6652,NA,"2025-04-12_HPZFK",1.84166584814851,NA,NA,NA,NA,NA,NA,NA,NA,NA,NA,NA,NA,NA,NA,NA,NA,NA,NA,NA,NA,NA,3.25792
529,0.508182,33.6652,NA,"2025-04-12_HPZFK",1.84166584814851,NA,NA,NA,NA,NA,NA,NA,NA,NA,NA,NA,NA,NA,NA,NA,NA,NA,NA,NA,NA,NA,3.25792
530,0.509091,33.6652,NA,"2025-04-12_HPZFK",1.84166584814851,NA,NA,NA,NA,NA,NA,NA,NA,NA,NA,NA,NA,NA,NA,NA,NA,NA,NA,NA,NA,NA,3.25792
531,0.51,33.6652,NA,"2025-04-12_HPZFK",1.84166584814851,NA,NA,NA,NA,NA,NA,NA,NA,NA,NA,NA,NA,NA,NA,NA,NA,NA,NA,NA,NA,NA,3.25792
532,0.510909,33.6652,NA,"2025-04-12_HPZFK",1.84166584814851,NA,NA,NA,NA,NA,NA,NA,NA,NA,NA,NA,NA,NA,NA,NA,NA,NA,NA,NA,NA,NA,3.25792
533,0.511818,33.6652,NA,"2025-04-12_HPZFK",1.84166584814851,NA,NA,NA,NA,NA,NA,NA,NA,NA,NA,NA,NA,NA,NA,NA,NA,NA,NA,NA,NA,NA,3.25792
534,0.512727,33.6652,NA,"2025-04-12_HPZFK",1.84166584814851,NA,NA,NA,NA,NA,NA,NA,NA,NA,NA,NA,NA,NA,NA,NA,NA,NA,NA,NA,NA,NA,3.25792
535,0.513636,33.6652,NA,"2025-04-12_HPZFK",1.84166584814851,NA,NA,NA,NA,NA,NA,NA,NA,NA,NA,NA,NA,NA,NA,NA,NA,NA,NA,NA,NA,NA,3.25792
536,0.514545,33.6652,NA,"2025-04-12_HPZFK",1.84166584814851,NA,NA,NA,NA,NA,NA,NA,NA,NA,NA,NA,NA,NA,NA,NA,NA,NA,NA,NA,NA,NA,3.25792
537,0.515455,33.6652,NA,"2025-04-12_HPZFK",1.84166584814851,NA,NA,NA,NA,NA,NA,NA,NA,NA,NA,NA,NA,NA,NA,NA,NA,NA,NA,NA,NA,NA,3.25792
538,0.516364,33.6652,NA,"2025-04-12_HPZFK",1.84166584814851,NA,NA,NA,NA,NA,NA,NA,NA,NA,NA,NA,NA,NA,NA,NA,NA,NA,NA,NA,NA,NA,3.25792
539,0.517273,33.6652,NA,"2025-04-12_HPZFK",1.84166584814851,NA,NA,NA,NA,NA,NA,NA,NA,NA,NA,NA,NA,NA,NA,NA,NA,NA,NA,NA,NA,NA,3.25792
540,0.518182,33.6652,NA,"2025-04-12_HPZFK",1.84166584814851,NA,NA,NA,NA,NA,NA,NA,NA,NA,NA,NA,NA,NA,NA,NA,NA,NA,NA,NA,NA,NA,3.25792
541,0.519091,33.6652,NA,"2025-04-12_HPZFK",1.84166584814851,NA,NA,NA,NA,NA,NA,NA,NA,NA,NA,NA,NA,NA,NA,NA,NA,NA,NA,NA,NA,NA,3.25792
542,0.52,33.6652,NA,"2025-04-12_HPZFK",1.84166584814851,NA,NA,NA,NA,NA,NA,NA,NA,NA,NA,NA,NA,NA,NA,NA,NA,NA,NA,NA,NA,NA,3.25792
543,0.520909,33.6652,NA,"2025-04-12_HPZFK",1.84166584814851,NA,NA,NA,NA,NA,NA,NA,NA,NA,NA,NA,NA,NA,NA,NA,NA,NA,NA,NA,NA,NA,3.25792
544,0.521818,33.6652,NA,"2025-04-12_HPZFK",1.84166584814851,NA,NA,NA,NA,NA,NA,NA,NA,NA,NA,NA,NA,NA,NA,NA,NA,NA,NA,NA,NA,NA,3.25792
545,0.522727,33.6652,NA,"2025-04-12_HPZFK",1.84166584814851,NA,NA,NA,NA,NA,NA,NA,NA,NA,NA,NA,NA,NA,NA,NA,NA,NA,NA,NA,NA,NA,3.25792
546,0.523636,33.6652,NA,"2025-04-12_HPZFK",1.84166584814851,NA,NA,NA,NA,NA,NA,NA,NA,NA,NA,NA,NA,NA,NA,NA,NA,NA,NA,NA,NA,NA,3.25792
547,0.524545,33.6652,NA,"2025-04-12_HPZFK",1.84166584814851,NA,NA,NA,NA,NA,NA,NA,NA,NA,NA,NA,NA,NA,NA,NA,NA,NA,NA,NA,NA,NA,3.25792
548,0.525455,33.6652,NA,"2025-04-12_HPZFK",1.84166584814851,NA,NA,NA,NA,NA,NA,NA,NA,NA,NA,NA,NA,NA,NA,NA,NA,NA,NA,NA,NA,NA,3.25792
549,0.526364,33.6652,NA,"2025-04-12_HPZFK",1.84166584814851,NA,NA,NA,NA,NA,NA,NA,NA,NA,NA,NA,NA,NA,NA,NA,NA,NA,NA,NA,NA,NA,3.25792
550,0.527273,33.6652,NA,"2025-04-12_HPZFK",1.84166584814851,NA,NA,NA,NA,NA,NA,NA,NA,NA,NA,NA,NA,NA,NA,NA,NA,NA,NA,NA,NA,NA,3.25792
551,0.528182,33.6652,NA,"2025-04-12_HPZFK",1.84166584814851,NA,NA,NA,NA,NA,NA,NA,NA,NA,NA,NA,NA,NA,NA,NA,NA,NA,NA,NA,NA,NA,3.25792
552,0.529091,33.6652,NA,"2025-04-12_HPZFK",1.84166584814851,NA,NA,NA,NA,NA,NA,NA,NA,NA,NA,NA,NA,NA,NA,NA,NA,NA,NA,NA,NA,NA,3.25792
553,0.53,33.6652,NA,"2025-04-12_HPZFK",1.84166584814851,NA,NA,NA,NA,NA,NA,NA,NA,NA,NA,NA,NA,NA,NA,NA,NA,NA,NA,NA,NA,NA,3.25792
554,0.530909,33.6652,NA,"2025-04-12_HPZFK",1.84166584814851,NA,NA,NA,NA,NA,NA,NA,NA,NA,NA,NA,NA,NA,NA,NA,NA,NA,NA,NA,NA,NA,3.25792
555,0.531818,33.6652,NA,"2025-04-12_HPZFK",1.84166584814851,NA,NA,NA,NA,NA,NA,NA,NA,NA,NA,NA,NA,NA,NA,NA,NA,NA,NA,NA,NA,NA,3.25792
556,0.532727,33.6652,NA,"2025-04-12_HPZFK",1.84166584814851,NA,NA,NA,NA,NA,NA,NA,NA,NA,NA,NA,NA,NA,NA,NA,NA,NA,NA,NA,NA,NA,3.25792
557,0.533636,33.6652,NA,"2025-04-12_HPZFK",1.84166584814851,NA,NA,NA,NA,NA,NA,NA,NA,NA,NA,NA,NA,NA,NA,NA,NA,NA,NA,NA,NA,NA,3.25792
558,0.534545,33.6652,NA,"2025-04-12_HPZFK",1.84166584814851,NA,NA,NA,NA,NA,NA,NA,NA,NA,NA,NA,NA,NA,NA,NA,NA,NA,NA,NA,NA,NA,3.25792
559,0.535455,33.6652,NA,"2025-04-12_HPZFK",1.84166584814851,NA,NA,NA,NA,NA,NA,NA,NA,NA,NA,NA,NA,NA,NA,NA,NA,NA,NA,NA,NA,NA,3.25792
560,0.536364,33.6652,NA,"2025-04-12_HPZFK",1.84166584814851,NA,NA,NA,NA,NA,NA,NA,NA,NA,NA,NA,NA,NA,NA,NA,NA,NA,NA,NA,NA,NA,3.25792
561,0.537273,33.6652,NA,"2025-04-12_HPZFK",1.84166584814851,NA,NA,NA,NA,NA,NA,NA,NA,NA,NA,NA,NA,NA,NA,NA,NA,NA,NA,NA,NA,NA,3.25792
562,0.538182,33.6652,NA,"2025-04-12_HPZFK",1.84166584814851,NA,NA,NA,NA,NA,NA,NA,NA,NA,NA,NA,NA,NA,NA,NA,NA,NA,NA,NA,NA,NA,3.25792
563,0.539091,33.6652,NA,"2025-04-12_HPZFK",1.84166584814851,NA,NA,NA,NA,NA,NA,NA,NA,NA,NA,NA,NA,NA,NA,NA,NA,NA,NA,NA,NA,NA,3.25792
564,0.54,33.6652,NA,"2025-04-12_HPZFK",1.84166584814851,NA,NA,NA,NA,NA,NA,NA,NA,NA,NA,NA,NA,NA,NA,NA,NA,NA,NA,NA,NA,NA,3.25792
565,0.540909,33.6652,NA,"2025-04-12_HPZFK",1.84166584814851,NA,NA,NA,NA,NA,NA,NA,NA,NA,NA,NA,NA,NA,NA,NA,NA,NA,NA,NA,NA,NA,3.25792
566,0.541818,33.6652,NA,"2025-04-12_HPZFK",1.84166584814851,NA,NA,NA,NA,NA,NA,NA,NA,NA,NA,NA,NA,NA,NA,NA,NA,NA,NA,NA,NA,NA,3.25792
567,0.542727,33.6652,NA,"2025-04-12_HPZFK",1.84166584814851,NA,NA,NA,NA,NA,NA,NA,NA,NA,NA,NA,NA,NA,NA,NA,NA,NA,NA,NA,NA,NA,3.25792
568,0.543636,33.6652,NA,"2025-04-12_HPZFK",1.84166584814851,NA,NA,NA,NA,NA,NA,NA,NA,NA,NA,NA,NA,NA,NA,NA,NA,NA,NA,NA,NA,NA,3.25792
569,0.544545,33.6652,NA,"2025-04-12_HPZFK",1.84166584814851,NA,NA,NA,NA,NA,NA,NA,NA,NA,NA,NA,NA,NA,NA,NA,NA,NA,NA,NA,NA,NA,3.25792
570,0.545455,33.6652,NA,"2025-04-12_HPZFK",1.84166584814851,NA,NA,NA,NA,NA,NA,NA,NA,NA,NA,NA,NA,NA,NA,NA,NA,NA,NA,NA,NA,NA,3.25792
571,0.546364,33.6652,NA,"2025-04-12_HPZFK",1.84166584814851,NA,NA,NA,NA,NA,NA,NA,NA,NA,NA,NA,NA,NA,NA,NA,NA,NA,NA,NA,NA,NA,3.25792
572,0.547273,33.6652,NA,"2025-04-12_HPZFK",1.84166584814851,NA,NA,NA,NA,NA,NA,NA,NA,NA,NA,NA,NA,NA,NA,NA,NA,NA,NA,NA,NA,NA,3.25792
573,0.548182,33.6652,NA,"2025-04-12_HPZFK",1.84166584814851,NA,NA,NA,NA,NA,NA,NA,NA,NA,NA,NA,NA,NA,NA,NA,NA,NA,NA,NA,NA,NA,3.25792
574,0.549091,33.6652,NA,"2025-04-12_HPZFK",1.84166584814851,NA,NA,NA,NA,NA,NA,NA,NA,NA,NA,NA,NA,NA,NA,NA,NA,NA,NA,NA,NA,NA,3.25792
575,0.55,33.6652,NA,"2025-04-12_HPZFK",1.84166584814851,NA,NA,NA,NA,NA,NA,NA,NA,NA,NA,NA,NA,NA,NA,NA,NA,NA,NA,NA,NA,NA,3.25792
576,0.55,33.8182,NA,"2025-04-12_HPZFK",1.83333180555683,NA,NA,NA,NA,NA,NA,NA,NA,NA,NA,NA,NA,NA,NA,NA,NA,NA,NA,NA,NA,NA,3.27273
577,0.550926,33.8182,NA,"2025-04-12_HPZFK",1.83333180555683,NA,NA,NA,NA,NA,NA,NA,NA,NA,NA,NA,NA,NA,NA,NA,NA,NA,NA,NA,NA,NA,3.27273
578,0.551852,33.8182,NA,"2025-04-12_HPZFK",1.83333180555683,NA,NA,NA,NA,NA,NA,NA,NA,NA,NA,NA,NA,NA,NA,NA,NA,NA,NA,NA,NA,NA,3.27273
579,0.552778,33.8182,NA,"2025-04-12_HPZFK",1.83333180555683,NA,NA,NA,NA,NA,NA,NA,NA,NA,NA,NA,NA,NA,NA,NA,NA,NA,NA,NA,NA,NA,3.27273
580,0.553704,33.8182,NA,"2025-04-12_HPZFK",1.83333180555683,NA,NA,NA,NA,NA,NA,NA,NA,NA,NA,NA,NA,NA,NA,NA,NA,NA,NA,NA,NA,NA,3.27273
581,0.55463,33.8182,NA,"2025-04-12_HPZFK",1.83333180555683,NA,NA,NA,NA,NA,NA,NA,NA,NA,NA,NA,NA,NA,NA,NA,NA,NA,NA,NA,NA,NA,3.27273
582,0.555556,33.8182,NA,"2025-04-12_HPZFK",1.83333180555683,NA,NA,NA,NA,NA,NA,NA,NA,NA,NA,NA,NA,NA,NA,NA,NA,NA,NA,NA,NA,NA,3.27273
583,0.556481,33.8182,NA,"2025-04-12_HPZFK",1.83333180555683,NA,NA,NA,NA,NA,NA,NA,NA,NA,NA,NA,NA,NA,NA,NA,NA,NA,NA,NA,NA,NA,3.27273
584,0.557407,33.8182,NA,"2025-04-12_HPZFK",1.83333180555683,NA,NA,NA,NA,NA,NA,NA,NA,NA,NA,NA,NA,NA,NA,NA,NA,NA,NA,NA,NA,NA,3.27273
585,0.558333,33.8182,NA,"2025-04-12_HPZFK",1.83333180555683,NA,NA,NA,NA,NA,NA,NA,NA,NA,NA,NA,NA,NA,NA,NA,NA,NA,NA,NA,NA,NA,3.27273
586,0.559259,33.8182,NA,"2025-04-12_HPZFK",1.83333180555683,NA,NA,NA,NA,NA,NA,NA,NA,NA,NA,NA,NA,NA,NA,NA,NA,NA,NA,NA,NA,NA,3.27273
587,0.560185,33.8182,NA,"2025-04-12_HPZFK",1.83333180555683,NA,NA,NA,NA,NA,NA,NA,NA,NA,NA,NA,NA,NA,NA,NA,NA,NA,NA,NA,NA,NA,3.27273
588,0.561111,33.8182,NA,"2025-04-12_HPZFK",1.83333180555683,NA,NA,NA,NA,NA,NA,NA,NA,NA,NA,NA,NA,NA,NA,NA,NA,NA,NA,NA,NA,NA,3.27273
589,0.562037,33.8182,NA,"2025-04-12_HPZFK",1.83333180555683,NA,NA,NA,NA,NA,NA,NA,NA,NA,NA,NA,NA,NA,NA,NA,NA,NA,NA,NA,NA,NA,3.27273
590,0.562963,33.8182,NA,"2025-04-12_HPZFK",1.83333180555683,NA,NA,NA,NA,NA,NA,NA,NA,NA,NA,NA,NA,NA,NA,NA,NA,NA,NA,NA,NA,NA,3.27273
591,0.563889,33.8182,NA,"2025-04-12_HPZFK",1.83333180555683,NA,NA,NA,NA,NA,NA,NA,NA,NA,NA,NA,NA,NA,NA,NA,NA,NA,NA,NA,NA,NA,3.27273
592,0.564815,33.8182,NA,"2025-04-12_HPZFK",1.83333180555683,NA,NA,NA,NA,NA,NA,NA,NA,NA,NA,NA,NA,NA,NA,NA,NA,NA,NA,NA,NA,NA,3.27273
593,0.565741,33.8182,NA,"2025-04-12_HPZFK",1.83333180555683,NA,NA,NA,NA,NA,NA,NA,NA,NA,NA,NA,NA,NA,NA,NA,NA,NA,NA,NA,NA,NA,3.27273
594,0.566667,33.8182,NA,"2025-04-12_HPZFK",1.83333180555683,NA,NA,NA,NA,NA,NA,NA,NA,NA,NA,NA,NA,NA,NA,NA,NA,NA,NA,NA,NA,NA,3.27273
595,0.567593,33.8182,NA,"2025-04-12_HPZFK",1.83333180555683,NA,NA,NA,NA,NA,NA,NA,NA,NA,NA,NA,NA,NA,NA,NA,NA,NA,NA,NA,NA,NA,3.27273
596,0.568519,33.8182,NA,"2025-04-12_HPZFK",1.83333180555683,NA,NA,NA,NA,NA,NA,NA,NA,NA,NA,NA,NA,NA,NA,NA,NA,NA,NA,NA,NA,NA,3.27273
597,0.569444,33.8182,NA,"2025-04-12_HPZFK",1.83333180555683,NA,NA,NA,NA,NA,NA,NA,NA,NA,NA,NA,NA,NA,NA,NA,NA,NA,NA,NA,NA,NA,3.27273
598,0.57037,33.8182,NA,"2025-04-12_HPZFK",1.83333180555683,NA,NA,NA,NA,NA,NA,NA,NA,NA,NA,NA,NA,NA,NA,NA,NA,NA,NA,NA,NA,NA,3.27273
599,0.571296,33.8182,NA,"2025-04-12_HPZFK",1.83333180555683,NA,NA,NA,NA,NA,NA,NA,NA,NA,NA,NA,NA,NA,NA,NA,NA,NA,NA,NA,NA,NA,3.27273
600,0.572222,33.8182,NA,"2025-04-12_HPZFK",1.83333180555683,NA,NA,NA,NA,NA,NA,NA,NA,NA,NA,NA,NA,NA,NA,NA,NA,NA,NA,NA,NA,NA,3.27273
601,0.573148,33.8182,NA,"2025-04-12_HPZFK",1.83333180555683,NA,NA,NA,NA,NA,NA,NA,NA,NA,NA,NA,NA,NA,NA,NA,NA,NA,NA,NA,NA,NA,3.27273
602,0.574074,33.8182,NA,"2025-04-12_HPZFK",1.83333180555683,NA,NA,NA,NA,NA,NA,NA,NA,NA,NA,NA,NA,NA,NA,NA,NA,NA,NA,NA,NA,NA,3.27273
603,0.575,33.8182,NA,"2025-04-12_HPZFK",1.83333180555683,NA,NA,NA,NA,NA,NA,NA,NA,NA,NA,NA,NA,NA,NA,NA,NA,NA,NA,NA,NA,NA,3.27273
604,0.575926,33.8182,NA,"2025-04-12_HPZFK",1.83333180555683,NA,NA,NA,NA,NA,NA,NA,NA,NA,NA,NA,NA,NA,NA,NA,NA,NA,NA,NA,NA,NA,3.27273
605,0.576852,33.8182,NA,"2025-04-12_HPZFK",1.83333180555683,NA,NA,NA,NA,NA,NA,NA,NA,NA,NA,NA,NA,NA,NA,NA,NA,NA,NA,NA,NA,NA,3.27273
606,0.577778,33.8182,NA,"2025-04-12_HPZFK",1.83333180555683,NA,NA,NA,NA,NA,NA,NA,NA,NA,NA,NA,NA,NA,NA,NA,NA,NA,NA,NA,NA,NA,3.27273
607,0.578704,33.8182,NA,"2025-04-12_HPZFK",1.83333180555683,NA,NA,NA,NA,NA,NA,NA,NA,NA,NA,NA,NA,NA,NA,NA,NA,NA,NA,NA,NA,NA,3.27273
608,0.57963,33.8182,NA,"2025-04-12_HPZFK",1.83333180555683,NA,NA,NA,NA,NA,NA,NA,NA,NA,NA,NA,NA,NA,NA,NA,NA,NA,NA,NA,NA,NA,3.27273
609,0.580556,33.8182,NA,"2025-04-12_HPZFK",1.83333180555683,NA,NA,NA,NA,NA,NA,NA,NA,NA,NA,NA,NA,NA,NA,NA,NA,NA,NA,NA,NA,NA,3.27273
610,0.581481,33.8182,NA,"2025-04-12_HPZFK",1.83333180555683,NA,NA,NA,NA,NA,NA,NA,NA,NA,NA,NA,NA,NA,NA,NA,NA,NA,NA,NA,NA,NA,3.27273
611,0.582407,33.8182,NA,"2025-04-12_HPZFK",1.83333180555683,NA,NA,NA,NA,NA,NA,NA,NA,NA,NA,NA,NA,NA,NA,NA,NA,NA,NA,NA,NA,NA,3.27273
612,0.583333,33.8182,NA,"2025-04-12_HPZFK",1.83333180555683,NA,NA,NA,NA,NA,NA,NA,NA,NA,NA,NA,NA,NA,NA,NA,NA,NA,NA,NA,NA,NA,3.27273
613,0.584259,33.8182,NA,"2025-04-12_HPZFK",1.83333180555683,NA,NA,NA,NA,NA,NA,NA,NA,NA,NA,NA,NA,NA,NA,NA,NA,NA,NA,NA,NA,NA,3.27273
614,0.585185,33.8182,NA,"2025-04-12_HPZFK",1.83333180555683,NA,NA,NA,NA,NA,NA,NA,NA,NA,NA,NA,NA,NA,NA,NA,NA,NA,NA,NA,NA,NA,3.27273
615,0.586111,33.8182,NA,"2025-04-12_HPZFK",1.83333180555683,NA,NA,NA,NA,NA,NA,NA,NA,NA,NA,NA,NA,NA,NA,NA,NA,NA,NA,NA,NA,NA,3.27273
616,0.587037,33.8182,NA,"2025-04-12_HPZFK",1.83333180555683,NA,NA,NA,NA,NA,NA,NA,NA,NA,NA,NA,NA,NA,NA,NA,NA,NA,NA,NA,NA,NA,3.27273
617,0.587963,33.8182,NA,"2025-04-12_HPZFK",1.83333180555683,NA,NA,NA,NA,NA,NA,NA,NA,NA,NA,NA,NA,NA,NA,NA,NA,NA,NA,NA,NA,NA,3.27273
618,0.588889,33.8182,NA,"2025-04-12_HPZFK",1.83333180555683,NA,NA,NA,NA,NA,NA,NA,NA,NA,NA,NA,NA,NA,NA,NA,NA,NA,NA,NA,NA,NA,3.27273
619,0.589815,33.8182,NA,"2025-04-12_HPZFK",1.83333180555683,NA,NA,NA,NA,NA,NA,NA,NA,NA,NA,NA,NA,NA,NA,NA,NA,NA,NA,NA,NA,NA,3.27273
620,0.590741,33.8182,NA,"2025-04-12_HPZFK",1.83333180555683,NA,NA,NA,NA,NA,NA,NA,NA,NA,NA,NA,NA,NA,NA,NA,NA,NA,NA,NA,NA,NA,3.27273
621,0.591667,33.8182,NA,"2025-04-12_HPZFK",1.83333180555683,NA,NA,NA,NA,NA,NA,NA,NA,NA,NA,NA,NA,NA,NA,NA,NA,NA,NA,NA,NA,NA,3.27273
622,0.592593,33.8182,NA,"2025-04-12_HPZFK",1.83333180555683,NA,NA,NA,NA,NA,NA,NA,NA,NA,NA,NA,NA,NA,NA,NA,NA,NA,NA,NA,NA,NA,3.27273
623,0.593519,33.8182,NA,"2025-04-12_HPZFK",1.83333180555683,NA,NA,NA,NA,NA,NA,NA,NA,NA,NA,NA,NA,NA,NA,NA,NA,NA,NA,NA,NA,NA,3.27273
624,0.594444,33.8182,NA,"2025-04-12_HPZFK",1.83333180555683,NA,NA,NA,NA,NA,NA,NA,NA,NA,NA,NA,NA,NA,NA,NA,NA,NA,NA,NA,NA,NA,3.27273
625,0.59537,33.8182,NA,"2025-04-12_HPZFK",1.83333180555683,NA,NA,NA,NA,NA,NA,NA,NA,NA,NA,NA,NA,NA,NA,NA,NA,NA,NA,NA,NA,NA,3.27273
626,0.596296,33.8182,NA,"2025-04-12_HPZFK",1.83333180555683,NA,NA,NA,NA,NA,NA,NA,NA,NA,NA,NA,NA,NA,NA,NA,NA,NA,NA,NA,NA,NA,3.27273
627,0.597222,33.8182,NA,"2025-04-12_HPZFK",1.83333180555683,NA,NA,NA,NA,NA,NA,NA,NA,NA,NA,NA,NA,NA,NA,NA,NA,NA,NA,NA,NA,NA,3.27273
628,0.598148,33.8182,NA,"2025-04-12_HPZFK",1.83333180555683,NA,NA,NA,NA,NA,NA,NA,NA,NA,NA,NA,NA,NA,NA,NA,NA,NA,NA,NA,NA,NA,3.27273
629,0.599074,33.8182,NA,"2025-04-12_HPZFK",1.83333180555683,NA,NA,NA,NA,NA,NA,NA,NA,NA,NA,NA,NA,NA,NA,NA,NA,NA,NA,NA,NA,NA,3.27273
630,0.6,33.8182,NA,"2025-04-12_HPZFK",1.83333180555683,NA,NA,NA,NA,NA,NA,NA,NA,NA,NA,NA,NA,NA,NA,NA,NA,NA,NA,NA,NA,NA,3.27273
631,0.6,32.8118,NA,"2025-04-12_HPZFK",1.88956738354754,NA,NA,NA,NA,NA,NA,NA,NA,NA,NA,NA,NA,NA,NA,NA,NA,NA,NA,NA,NA,NA,3.17533
632,0.600909,32.8118,NA,"2025-04-12_HPZFK",1.88956738354754,NA,NA,NA,NA,NA,NA,NA,NA,NA,NA,NA,NA,NA,NA,NA,NA,NA,NA,NA,NA,NA,3.17533
633,0.601818,32.8118,NA,"2025-04-12_HPZFK",1.88956738354754,NA,NA,NA,NA,NA,NA,NA,NA,NA,NA,NA,NA,NA,NA,NA,NA,NA,NA,NA,NA,NA,3.17533
634,0.602727,32.8118,NA,"2025-04-12_HPZFK",1.88956738354754,NA,NA,NA,NA,NA,NA,NA,NA,NA,NA,NA,NA,NA,NA,NA,NA,NA,NA,NA,NA,NA,3.17533
635,0.603636,32.8118,NA,"2025-04-12_HPZFK",1.88956738354754,NA,NA,NA,NA,NA,NA,NA,NA,NA,NA,NA,NA,NA,NA,NA,NA,NA,NA,NA,NA,NA,3.17533
636,0.604545,32.8118,NA,"2025-04-12_HPZFK",1.88956738354754,NA,NA,NA,NA,NA,NA,NA,NA,NA,NA,NA,NA,NA,NA,NA,NA,NA,NA,NA,NA,NA,3.17533
637,0.605455,32.8118,NA,"2025-04-12_HPZFK",1.88956738354754,NA,NA,NA,NA,NA,NA,NA,NA,NA,NA,NA,NA,NA,NA,NA,NA,NA,NA,NA,NA,NA,3.17533
638,0.606364,32.8118,NA,"2025-04-12_HPZFK",1.88956738354754,NA,NA,NA,NA,NA,NA,NA,NA,NA,NA,NA,NA,NA,NA,NA,NA,NA,NA,NA,NA,NA,3.17533
639,0.607273,32.8118,NA,"2025-04-12_HPZFK",1.88956738354754,NA,NA,NA,NA,NA,NA,NA,NA,NA,NA,NA,NA,NA,NA,NA,NA,NA,NA,NA,NA,NA,3.17533
640,0.608182,32.8118,NA,"2025-04-12_HPZFK",1.88956738354754,NA,NA,NA,NA,NA,NA,NA,NA,NA,NA,NA,NA,NA,NA,NA,NA,NA,NA,NA,NA,NA,3.17533
641,0.609091,32.8118,NA,"2025-04-12_HPZFK",1.88956738354754,NA,NA,NA,NA,NA,NA,NA,NA,NA,NA,NA,NA,NA,NA,NA,NA,NA,NA,NA,NA,NA,3.17533
642,0.61,32.8118,NA,"2025-04-12_HPZFK",1.88956738354754,NA,NA,NA,NA,NA,NA,NA,NA,NA,NA,NA,NA,NA,NA,NA,NA,NA,NA,NA,NA,NA,3.17533
643,0.610909,32.8118,NA,"2025-04-12_HPZFK",1.88956738354754,NA,NA,NA,NA,NA,NA,NA,NA,NA,NA,NA,NA,NA,NA,NA,NA,NA,NA,NA,NA,NA,3.17533
644,0.611818,32.8118,NA,"2025-04-12_HPZFK",1.88956738354754,NA,NA,NA,NA,NA,NA,NA,NA,NA,NA,NA,NA,NA,NA,NA,NA,NA,NA,NA,NA,NA,3.17533
645,0.612727,32.8118,NA,"2025-04-12_HPZFK",1.88956738354754,NA,NA,NA,NA,NA,NA,NA,NA,NA,NA,NA,NA,NA,NA,NA,NA,NA,NA,NA,NA,NA,3.17533
646,0.613636,32.8118,NA,"2025-04-12_HPZFK",1.88956738354754,NA,NA,NA,NA,NA,NA,NA,NA,NA,NA,NA,NA,NA,NA,NA,NA,NA,NA,NA,NA,NA,3.17533
647,0.614545,32.8118,NA,"2025-04-12_HPZFK",1.88956738354754,NA,NA,NA,NA,NA,NA,NA,NA,NA,NA,NA,NA,NA,NA,NA,NA,NA,NA,NA,NA,NA,3.17533
648,0.615455,32.8118,NA,"2025-04-12_HPZFK",1.88956738354754,NA,NA,NA,NA,NA,NA,NA,NA,NA,NA,NA,NA,NA,NA,NA,NA,NA,NA,NA,NA,NA,3.17533
649,0.616364,32.8118,NA,"2025-04-12_HPZFK",1.88956738354754,NA,NA,NA,NA,NA,NA,NA,NA,NA,NA,NA,NA,NA,NA,NA,NA,NA,NA,NA,NA,NA,3.17533
650,0.617273,32.8118,NA,"2025-04-12_HPZFK",1.88956738354754,NA,NA,NA,NA,NA,NA,NA,NA,NA,NA,NA,NA,NA,NA,NA,NA,NA,NA,NA,NA,NA,3.17533
651,0.618182,32.8118,NA,"2025-04-12_HPZFK",1.88956738354754,NA,NA,NA,NA,NA,NA,NA,NA,NA,NA,NA,NA,NA,NA,NA,NA,NA,NA,NA,NA,NA,3.17533
652,0.619091,32.8118,NA,"2025-04-12_HPZFK",1.88956738354754,NA,NA,NA,NA,NA,NA,NA,NA,NA,NA,NA,NA,NA,NA,NA,NA,NA,NA,NA,NA,NA,3.17533
653,0.62,32.8118,NA,"2025-04-12_HPZFK",1.88956738354754,NA,NA,NA,NA,NA,NA,NA,NA,NA,NA,NA,NA,NA,NA,NA,NA,NA,NA,NA,NA,NA,3.17533
654,0.620909,32.8118,NA,"2025-04-12_HPZFK",1.88956738354754,NA,NA,NA,NA,NA,NA,NA,NA,NA,NA,NA,NA,NA,NA,NA,NA,NA,NA,NA,NA,NA,3.17533
655,0.621818,32.8118,NA,"2025-04-12_HPZFK",1.88956738354754,NA,NA,NA,NA,NA,NA,NA,NA,NA,NA,NA,NA,NA,NA,NA,NA,NA,NA,NA,NA,NA,3.17533
656,0.622727,32.8118,NA,"2025-04-12_HPZFK",1.88956738354754,NA,NA,NA,NA,NA,NA,NA,NA,NA,NA,NA,NA,NA,NA,NA,NA,NA,NA,NA,NA,NA,3.17533
657,0.623636,32.8118,NA,"2025-04-12_HPZFK",1.88956738354754,NA,NA,NA,NA,NA,NA,NA,NA,NA,NA,NA,NA,NA,NA,NA,NA,NA,NA,NA,NA,NA,3.17533
658,0.624545,32.8118,NA,"2025-04-12_HPZFK",1.88956738354754,NA,NA,NA,NA,NA,NA,NA,NA,NA,NA,NA,NA,NA,NA,NA,NA,NA,NA,NA,NA,NA,3.17533
659,0.625455,32.8118,NA,"2025-04-12_HPZFK",1.88956738354754,NA,NA,NA,NA,NA,NA,NA,NA,NA,NA,NA,NA,NA,NA,NA,NA,NA,NA,NA,NA,NA,3.17533
660,0.626364,32.8118,NA,"2025-04-12_HPZFK",1.88956738354754,NA,NA,NA,NA,NA,NA,NA,NA,NA,NA,NA,NA,NA,NA,NA,NA,NA,NA,NA,NA,NA,3.17533
661,0.627273,32.8118,NA,"2025-04-12_HPZFK",1.88956738354754,NA,NA,NA,NA,NA,NA,NA,NA,NA,NA,NA,NA,NA,NA,NA,NA,NA,NA,NA,NA,NA,3.17533
662,0.628182,32.8118,NA,"2025-04-12_HPZFK",1.88956738354754,NA,NA,NA,NA,NA,NA,NA,NA,NA,NA,NA,NA,NA,NA,NA,NA,NA,NA,NA,NA,NA,3.17533
663,0.629091,32.8118,NA,"2025-04-12_HPZFK",1.88956738354754,NA,NA,NA,NA,NA,NA,NA,NA,NA,NA,NA,NA,NA,NA,NA,NA,NA,NA,NA,NA,NA,3.17533
664,0.63,32.8118,NA,"2025-04-12_HPZFK",1.88956738354754,NA,NA,NA,NA,NA,NA,NA,NA,NA,NA,NA,NA,NA,NA,NA,NA,NA,NA,NA,NA,NA,3.17533
665,0.630909,32.8118,NA,"2025-04-12_HPZFK",1.88956738354754,NA,NA,NA,NA,NA,NA,NA,NA,NA,NA,NA,NA,NA,NA,NA,NA,NA,NA,NA,NA,NA,3.17533
666,0.631818,32.8118,NA,"2025-04-12_HPZFK",1.88956738354754,NA,NA,NA,NA,NA,NA,NA,NA,NA,NA,NA,NA,NA,NA,NA,NA,NA,NA,NA,NA,NA,3.17533
667,0.632727,32.8118,NA,"2025-04-12_HPZFK",1.88956738354754,NA,NA,NA,NA,NA,NA,NA,NA,NA,NA,NA,NA,NA,NA,NA,NA,NA,NA,NA,NA,NA,3.17533
668,0.633636,32.8118,NA,"2025-04-12_HPZFK",1.88956738354754,NA,NA,NA,NA,NA,NA,NA,NA,NA,NA,NA,NA,NA,NA,NA,NA,NA,NA,NA,NA,NA,3.17533
669,0.634545,32.8118,NA,"2025-04-12_HPZFK",1.88956738354754,NA,NA,NA,NA,NA,NA,NA,NA,NA,NA,NA,NA,NA,NA,NA,NA,NA,NA,NA,NA,NA,3.17533
670,0.635455,32.8118,NA,"2025-04-12_HPZFK",1.88956738354754,NA,NA,NA,NA,NA,NA,NA,NA,NA,NA,NA,NA,NA,NA,NA,NA,NA,NA,NA,NA,NA,3.17533
671,0.636364,32.8118,NA,"2025-04-12_HPZFK",1.88956738354754,NA,NA,NA,NA,NA,NA,NA,NA,NA,NA,NA,NA,NA,NA,NA,NA,NA,NA,NA,NA,NA,3.17533
672,0.637273,32.8118,NA,"2025-04-12_HPZFK",1.88956738354754,NA,NA,NA,NA,NA,NA,NA,NA,NA,NA,NA,NA,NA,NA,NA,NA,NA,NA,NA,NA,NA,3.17533
673,0.638182,32.8118,NA,"2025-04-12_HPZFK",1.88956738354754,NA,NA,NA,NA,NA,NA,NA,NA,NA,NA,NA,NA,NA,NA,NA,NA,NA,NA,NA,NA,NA,3.17533
674,0.639091,32.8118,NA,"2025-04-12_HPZFK",1.88956738354754,NA,NA,NA,NA,NA,NA,NA,NA,NA,NA,NA,NA,NA,NA,NA,NA,NA,NA,NA,NA,NA,3.17533
675,0.64,32.8118,NA,"2025-04-12_HPZFK",1.88956738354754,NA,NA,NA,NA,NA,NA,NA,NA,NA,NA,NA,NA,NA,NA,NA,NA,NA,NA,NA,NA,NA,3.17533
676,0.640909,32.8118,NA,"2025-04-12_HPZFK",1.88956738354754,NA,NA,NA,NA,NA,NA,NA,NA,NA,NA,NA,NA,NA,NA,NA,NA,NA,NA,NA,NA,NA,3.17533
677,0.641818,32.8118,NA,"2025-04-12_HPZFK",1.88956738354754,NA,NA,NA,NA,NA,NA,NA,NA,NA,NA,NA,NA,NA,NA,NA,NA,NA,NA,NA,NA,NA,3.17533
678,0.642727,32.8118,NA,"2025-04-12_HPZFK",1.88956738354754,NA,NA,NA,NA,NA,NA,NA,NA,NA,NA,NA,NA,NA,NA,NA,NA,NA,NA,NA,NA,NA,3.17533
679,0.643636,32.8118,NA,"2025-04-12_HPZFK",1.88956738354754,NA,NA,NA,NA,NA,NA,NA,NA,NA,NA,NA,NA,NA,NA,NA,NA,NA,NA,NA,NA,NA,3.17533
680,0.644545,32.8118,NA,"2025-04-12_HPZFK",1.88956738354754,NA,NA,NA,NA,NA,NA,NA,NA,NA,NA,NA,NA,NA,NA,NA,NA,NA,NA,NA,NA,NA,3.17533
681,0.645455,32.8118,NA,"2025-04-12_HPZFK",1.88956738354754,NA,NA,NA,NA,NA,NA,NA,NA,NA,NA,NA,NA,NA,NA,NA,NA,NA,NA,NA,NA,NA,3.17533
682,0.646364,32.8118,NA,"2025-04-12_HPZFK",1.88956738354754,NA,NA,NA,NA,NA,NA,NA,NA,NA,NA,NA,NA,NA,NA,NA,NA,NA,NA,NA,NA,NA,3.17533
683,0.647273,32.8118,NA,"2025-04-12_HPZFK",1.88956738354754,NA,NA,NA,NA,NA,NA,NA,NA,NA,NA,NA,NA,NA,NA,NA,NA,NA,NA,NA,NA,NA,3.17533
684,0.648182,32.8118,NA,"2025-04-12_HPZFK",1.88956738354754,NA,NA,NA,NA,NA,NA,NA,NA,NA,NA,NA,NA,NA,NA,NA,NA,NA,NA,NA,NA,NA,3.17533
685,0.649091,32.8118,NA,"2025-04-12_HPZFK",1.88956738354754,NA,NA,NA,NA,NA,NA,NA,NA,NA,NA,NA,NA,NA,NA,NA,NA,NA,NA,NA,NA,NA,3.17533
686,0.65,32.8118,NA,"2025-04-12_HPZFK",1.88956738354754,NA,NA,NA,NA,NA,NA,NA,NA,NA,NA,NA,NA,NA,NA,NA,NA,NA,NA,NA,NA,NA,3.17533
687,0.65,32.9571,NA,"2025-04-12_HPZFK",1.88123157960745,NA,NA,NA,NA,NA,NA,NA,NA,NA,NA,NA,NA,NA,NA,NA,NA,NA,NA,NA,NA,NA,3.1894
688,0.650893,32.9571,NA,"2025-04-12_HPZFK",1.88123157960745,NA,NA,NA,NA,NA,NA,NA,NA,NA,NA,NA,NA,NA,NA,NA,NA,NA,NA,NA,NA,NA,3.1894
689,0.651786,32.9571,NA,"2025-04-12_HPZFK",1.88123157960745,NA,NA,NA,NA,NA,NA,NA,NA,NA,NA,NA,NA,NA,NA,NA,NA,NA,NA,NA,NA,26,3.1894
690,0.652679,32.9571,NA,"2025-04-12_HPZFK",1.88123157960745,NA,NA,NA,NA,NA,NA,NA,NA,NA,NA,NA,NA,NA,NA,NA,NA,NA,NA,NA,NA,NA,3.1894
691,0.653571,32.9571,NA,"2025-04-12_HPZFK",1.88123157960745,NA,NA,NA,NA,NA,NA,NA,NA,NA,NA,NA,NA,NA,NA,NA,NA,NA,NA,NA,NA,NA,3.1894
692,0.654464,32.9571,NA,"2025-04-12_HPZFK",1.88123157960745,NA,NA,NA,NA,NA,NA,NA,NA,NA,NA,NA,NA,NA,NA,NA,NA,NA,NA,NA,NA,NA,3.1894
693,0.655357,32.9571,NA,"2025-04-12_HPZFK",1.88123157960745,NA,NA,NA,NA,NA,NA,NA,NA,NA,NA,NA,NA,NA,NA,NA,NA,NA,NA,NA,NA,NA,3.1894
694,0.65625,32.9571,NA,"2025-04-12_HPZFK",1.88123157960745,NA,NA,NA,NA,NA,NA,NA,NA,NA,NA,NA,NA,NA,NA,NA,NA,NA,NA,NA,NA,NA,3.1894
695,0.657143,32.9571,NA,"2025-04-12_HPZFK",1.88123157960745,NA,NA,NA,NA,NA,NA,NA,NA,NA,NA,NA,NA,NA,NA,NA,NA,NA,NA,NA,NA,NA,3.1894
696,0.658036,32.9571,NA,"2025-04-12_HPZFK",1.88123157960745,NA,NA,NA,NA,NA,NA,NA,NA,NA,NA,NA,NA,NA,NA,NA,NA,NA,NA,NA,NA,NA,3.1894
697,0.658929,32.9571,NA,"2025-04-12_HPZFK",1.88123157960745,NA,NA,NA,NA,NA,NA,NA,NA,NA,NA,NA,NA,NA,NA,NA,NA,NA,NA,NA,NA,NA,3.1894
698,0.659821,32.9571,NA,"2025-04-12_HPZFK",1.88123157960745,NA,NA,NA,NA,NA,NA,NA,NA,NA,NA,NA,NA,NA,NA,NA,NA,NA,NA,NA,NA,NA,3.1894
699,0.660714,32.9571,NA,"2025-04-12_HPZFK",1.88123157960745,NA,NA,NA,NA,NA,NA,NA,NA,NA,NA,NA,NA,NA,NA,NA,NA,NA,NA,NA,NA,NA,3.1894
700,0.661607,32.9571,NA,"2025-04-12_HPZFK",1.88123157960745,NA,NA,NA,NA,NA,NA,NA,NA,NA,NA,NA,NA,NA,NA,NA,NA,NA,NA,NA,NA,NA,3.1894
701,0.6625,32.9571,NA,"2025-04-12_HPZFK",1.88123157960745,NA,NA,NA,NA,NA,NA,NA,NA,NA,NA,NA,NA,NA,NA,NA,NA,NA,NA,NA,NA,NA,3.1894
702,0.663393,32.9571,NA,"2025-04-12_HPZFK",1.88123157960745,NA,NA,NA,NA,NA,NA,NA,NA,NA,NA,NA,NA,NA,NA,NA,NA,NA,NA,NA,NA,NA,3.1894
703,0.664286,32.9571,NA,"2025-04-12_HPZFK",1.88123157960745,NA,NA,NA,NA,NA,NA,NA,NA,NA,NA,NA,NA,NA,NA,NA,NA,NA,NA,NA,NA,NA,3.1894
704,0.665179,32.9571,NA,"2025-04-12_HPZFK",1.88123157960745,NA,NA,NA,NA,NA,NA,NA,NA,NA,NA,NA,NA,NA,NA,NA,NA,NA,NA,NA,NA,NA,3.1894
705,0.666071,32.9571,NA,"2025-04-12_HPZFK",1.88123157960745,NA,NA,NA,NA,NA,NA,NA,NA,NA,NA,NA,NA,NA,NA,NA,NA,NA,NA,NA,NA,NA,3.1894
706,0.666964,32.9571,NA,"2025-04-12_HPZFK",1.88123157960745,NA,NA,NA,NA,NA,NA,NA,NA,NA,NA,NA,NA,NA,NA,NA,NA,NA,NA,NA,NA,NA,3.1894
707,0.667857,32.9571,NA,"2025-04-12_HPZFK",1.88123157960745,NA,NA,NA,NA,NA,NA,NA,NA,NA,NA,NA,NA,NA,NA,NA,NA,NA,NA,NA,NA,NA,3.1894
708,0.66875,32.9571,NA,"2025-04-12_HPZFK",1.88123157960745,NA,NA,NA,NA,NA,NA,NA,NA,NA,NA,NA,NA,NA,NA,NA,NA,NA,NA,NA,NA,NA,3.1894
709,0.669643,32.9571,NA,"2025-04-12_HPZFK",1.88123157960745,NA,NA,NA,NA,NA,NA,NA,NA,NA,NA,NA,NA,NA,NA,NA,NA,NA,NA,NA,NA,NA,3.1894
710,0.670536,32.9571,NA,"2025-04-12_HPZFK",1.88123157960745,NA,NA,NA,NA,NA,NA,NA,NA,NA,NA,NA,NA,NA,NA,NA,NA,NA,NA,NA,NA,NA,3.1894
711,0.671429,32.9571,NA,"2025-04-12_HPZFK",1.88123157960745,NA,NA,NA,NA,NA,NA,NA,NA,NA,NA,NA,NA,NA,NA,NA,NA,NA,NA,NA,NA,NA,3.1894
712,0.672321,32.9571,NA,"2025-04-12_HPZFK",1.88123157960745,NA,NA,NA,NA,NA,NA,NA,NA,NA,NA,NA,NA,NA,NA,NA,NA,NA,NA,NA,NA,NA,3.1894
713,0.673214,32.9571,NA,"2025-04-12_HPZFK",1.88123157960745,NA,NA,NA,NA,NA,NA,NA,NA,NA,NA,NA,NA,NA,NA,NA,NA,NA,NA,NA,NA,NA,3.1894
714,0.674107,32.9571,NA,"2025-04-12_HPZFK",1.88123157960745,NA,NA,NA,NA,NA,NA,NA,NA,NA,NA,NA,NA,NA,NA,NA,NA,NA,NA,NA,NA,NA,3.1894
715,0.675,32.9571,NA,"2025-04-12_HPZFK",1.88123157960745,NA,NA,NA,NA,NA,NA,NA,NA,NA,NA,NA,NA,NA,NA,NA,NA,NA,NA,NA,NA,NA,3.1894
716,0.675893,32.9571,NA,"2025-04-12_HPZFK",1.88123157960745,NA,NA,NA,NA,NA,NA,NA,NA,NA,NA,NA,NA,NA,NA,NA,NA,NA,NA,NA,NA,NA,3.1894
717,0.676786,32.9571,NA,"2025-04-12_HPZFK",1.88123157960745,NA,NA,NA,NA,NA,NA,NA,NA,NA,NA,NA,NA,NA,NA,NA,NA,NA,NA,NA,NA,NA,3.1894
718,0.677679,32.9571,NA,"2025-04-12_HPZFK",1.88123157960745,NA,NA,NA,NA,NA,NA,NA,NA,NA,NA,NA,NA,NA,NA,NA,NA,NA,NA,NA,NA,NA,3.1894
719,0.678571,32.9571,NA,"2025-04-12_HPZFK",1.88123157960745,NA,NA,NA,NA,NA,NA,NA,NA,NA,NA,NA,NA,NA,NA,NA,NA,NA,NA,NA,NA,NA,3.1894
720,0.679464,32.9571,NA,"2025-04-12_HPZFK",1.88123157960745,NA,NA,NA,NA,NA,NA,NA,NA,NA,NA,NA,NA,NA,NA,NA,NA,NA,NA,NA,NA,NA,3.1894
721,0.680357,32.9571,NA,"2025-04-12_HPZFK",1.88123157960745,NA,NA,NA,NA,NA,NA,NA,NA,NA,NA,NA,NA,NA,NA,NA,NA,NA,NA,NA,NA,NA,3.1894
722,0.68125,32.9571,NA,"2025-04-12_HPZFK",1.88123157960745,NA,NA,NA,NA,NA,NA,NA,NA,NA,NA,NA,NA,NA,NA,NA,NA,NA,NA,NA,NA,NA,3.1894
723,0.682143,32.9571,NA,"2025-04-12_HPZFK",1.88123157960745,NA,NA,NA,NA,NA,NA,NA,NA,NA,NA,NA,NA,NA,NA,NA,NA,NA,NA,NA,NA,NA,3.1894
724,0.683036,32.9571,NA,"2025-04-12_HPZFK",1.88123157960745,NA,NA,NA,NA,NA,NA,NA,NA,NA,NA,NA,NA,NA,NA,NA,NA,NA,NA,NA,NA,NA,3.1894
725,0.683929,32.9571,NA,"2025-04-12_HPZFK",1.88123157960745,NA,NA,NA,NA,NA,NA,NA,NA,NA,NA,NA,NA,NA,NA,NA,NA,NA,NA,NA,NA,NA,3.1894
726,0.684821,32.9571,NA,"2025-04-12_HPZFK",1.88123157960745,NA,NA,NA,NA,NA,NA,NA,NA,NA,NA,NA,NA,NA,NA,NA,NA,NA,NA,NA,NA,NA,3.1894
727,0.685714,32.9571,NA,"2025-04-12_HPZFK",1.88123157960745,NA,NA,NA,NA,NA,NA,NA,NA,NA,NA,NA,NA,NA,NA,NA,NA,NA,NA,NA,NA,NA,3.1894
728,0.686607,32.9571,NA,"2025-04-12_HPZFK",1.88123157960745,NA,NA,NA,NA,NA,NA,NA,NA,NA,NA,NA,NA,NA,NA,NA,NA,NA,NA,NA,NA,NA,3.1894
729,0.6875,32.9571,NA,"2025-04-12_HPZFK",1.88123157960745,NA,NA,NA,NA,NA,NA,NA,NA,NA,NA,NA,NA,NA,NA,NA,NA,NA,NA,NA,NA,NA,3.1894
730,0.688393,32.9571,NA,"2025-04-12_HPZFK",1.88123157960745,NA,NA,NA,NA,NA,NA,NA,NA,NA,NA,NA,NA,NA,NA,NA,NA,NA,NA,NA,NA,NA,3.1894
731,0.689286,32.9571,NA,"2025-04-12_HPZFK",1.88123157960745,NA,NA,NA,NA,NA,NA,NA,NA,NA,NA,NA,NA,NA,NA,NA,NA,NA,NA,NA,NA,NA,3.1894
732,0.690179,32.9571,NA,"2025-04-12_HPZFK",1.88123157960745,NA,NA,NA,NA,NA,NA,NA,NA,NA,NA,NA,NA,NA,NA,NA,NA,NA,NA,NA,NA,NA,3.1894
733,0.691071,32.9571,NA,"2025-04-12_HPZFK",1.88123157960745,NA,NA,NA,NA,NA,NA,NA,NA,NA,NA,NA,NA,NA,NA,NA,NA,NA,NA,NA,NA,NA,3.1894
734,0.691964,32.9571,NA,"2025-04-12_HPZFK",1.88123157960745,NA,NA,NA,NA,NA,NA,NA,NA,NA,NA,NA,NA,NA,NA,NA,NA,NA,NA,NA,NA,NA,3.1894
735,0.692857,32.9571,NA,"2025-04-12_HPZFK",1.88123157960745,NA,NA,NA,NA,NA,NA,NA,NA,NA,NA,NA,NA,NA,NA,NA,NA,NA,NA,NA,NA,NA,3.1894
736,0.69375,32.9571,NA,"2025-04-12_HPZFK",1.88123157960745,NA,NA,NA,NA,NA,NA,NA,NA,NA,NA,NA,NA,NA,NA,NA,NA,NA,NA,NA,NA,NA,3.1894
737,0.694643,32.9571,NA,"2025-04-12_HPZFK",1.88123157960745,NA,NA,NA,NA,NA,NA,NA,NA,NA,NA,NA,NA,NA,NA,NA,NA,NA,NA,NA,NA,NA,3.1894
738,0.695536,32.9571,NA,"2025-04-12_HPZFK",1.88123157960745,NA,NA,NA,NA,NA,NA,NA,NA,NA,NA,NA,NA,NA,NA,NA,NA,NA,NA,NA,NA,NA,3.1894
739,0.696429,32.9571,NA,"2025-04-12_HPZFK",1.88123157960745,NA,NA,NA,NA,NA,NA,NA,NA,NA,NA,NA,NA,NA,NA,NA,NA,NA,NA,NA,NA,NA,3.1894
740,0.697321,32.9571,NA,"2025-04-12_HPZFK",1.88123157960745,NA,NA,NA,NA,NA,NA,NA,NA,NA,NA,NA,NA,NA,NA,NA,NA,NA,NA,NA,NA,NA,3.1894
741,0.698214,32.9571,NA,"2025-04-12_HPZFK",1.88123157960745,NA,NA,NA,NA,NA,NA,NA,NA,NA,NA,NA,NA,NA,NA,NA,NA,NA,NA,NA,NA,NA,3.1894
742,0.699107,32.9571,NA,"2025-04-12_HPZFK",1.88123157960745,NA,NA,NA,NA,NA,NA,NA,NA,NA,NA,NA,NA,NA,NA,NA,NA,NA,NA,NA,NA,NA,3.1894
743,0.7,32.9571,NA,"2025-04-12_HPZFK",1.88123157960745,NA,NA,NA,NA,NA,NA,NA,NA,NA,NA,NA,NA,NA,NA,NA,NA,NA,NA,NA,NA,NA,3.1894
744,0.7,33.5516,NA,"2025-04-12_HPZFK",1.84789940035664,NA,NA,NA,NA,NA,NA,NA,NA,NA,NA,NA,NA,NA,NA,NA,NA,NA,NA,NA,NA,NA,3.24693
745,0.700926,33.5516,NA,"2025-04-12_HPZFK",1.84789940035664,NA,NA,NA,NA,NA,NA,NA,NA,NA,NA,NA,NA,NA,NA,NA,NA,NA,NA,NA,NA,NA,3.24693
746,0.701852,33.5516,NA,"2025-04-12_HPZFK",1.84789940035664,NA,NA,NA,NA,NA,NA,NA,NA,NA,NA,NA,NA,NA,NA,NA,NA,NA,NA,NA,NA,NA,3.24693
747,0.702778,33.5516,NA,"2025-04-12_HPZFK",1.84789940035664,NA,NA,NA,NA,NA,NA,NA,NA,NA,NA,NA,NA,NA,NA,NA,NA,NA,NA,NA,NA,NA,3.24693
748,0.703704,33.5516,NA,"2025-04-12_HPZFK",1.84789940035664,NA,NA,NA,NA,NA,NA,NA,NA,NA,NA,NA,NA,NA,NA,NA,NA,NA,NA,NA,NA,NA,3.24693
749,0.70463,33.5516,NA,"2025-04-12_HPZFK",1.84789940035664,NA,NA,NA,NA,NA,NA,NA,NA,NA,NA,NA,NA,NA,NA,NA,NA,NA,NA,NA,NA,NA,3.24693
750,0.705556,33.5516,NA,"2025-04-12_HPZFK",1.84789940035664,NA,NA,NA,NA,NA,NA,NA,NA,NA,NA,NA,NA,NA,NA,NA,NA,NA,NA,NA,NA,NA,3.24693
751,0.706481,33.5516,NA,"2025-04-12_HPZFK",1.84789940035664,NA,NA,NA,NA,NA,NA,NA,NA,NA,NA,NA,NA,NA,NA,NA,NA,NA,NA,NA,NA,NA,3.24693
752,0.707407,33.5516,NA,"2025-04-12_HPZFK",1.84789940035664,NA,NA,NA,NA,NA,NA,NA,NA,NA,NA,NA,NA,NA,NA,NA,NA,NA,NA,NA,NA,NA,3.24693
753,0.708333,33.5516,NA,"2025-04-12_HPZFK",1.84789940035664,NA,NA,NA,NA,NA,NA,NA,NA,NA,NA,NA,NA,NA,NA,NA,NA,NA,NA,NA,NA,NA,3.24693
754,0.709259,33.5516,NA,"2025-04-12_HPZFK",1.84789940035664,NA,NA,NA,NA,NA,NA,NA,NA,NA,NA,NA,NA,NA,NA,NA,NA,NA,NA,NA,NA,NA,3.24693
755,0.710185,33.5516,NA,"2025-04-12_HPZFK",1.84789940035664,NA,NA,NA,NA,NA,NA,NA,NA,NA,NA,NA,NA,NA,NA,NA,NA,NA,NA,NA,NA,NA,3.24693
756,0.711111,33.5516,NA,"2025-04-12_HPZFK",1.84789940035664,NA,NA,NA,NA,NA,NA,NA,NA,NA,NA,NA,NA,NA,NA,NA,NA,NA,NA,NA,NA,NA,3.24693
757,0.712037,33.5516,NA,"2025-04-12_HPZFK",1.84789940035664,NA,NA,NA,NA,NA,NA,NA,NA,NA,NA,NA,NA,NA,NA,NA,NA,NA,NA,NA,NA,NA,3.24693
758,0.712963,33.5516,NA,"2025-04-12_HPZFK",1.84789940035664,NA,NA,NA,NA,NA,NA,NA,NA,NA,NA,NA,NA,NA,NA,NA,NA,NA,NA,NA,NA,NA,3.24693
759,0.713889,33.5516,NA,"2025-04-12_HPZFK",1.84789940035664,NA,NA,NA,NA,NA,NA,NA,NA,NA,NA,NA,NA,NA,NA,NA,NA,NA,NA,NA,NA,NA,3.24693
760,0.714815,33.5516,NA,"2025-04-12_HPZFK",1.84789940035664,NA,NA,NA,NA,NA,NA,NA,NA,NA,NA,NA,NA,NA,NA,NA,NA,NA,NA,NA,NA,NA,3.24693
761,0.715741,33.5516,NA,"2025-04-12_HPZFK",1.84789940035664,NA,NA,NA,NA,NA,NA,NA,NA,NA,NA,NA,NA,NA,NA,NA,NA,NA,NA,NA,NA,NA,3.24693
762,0.716667,33.5516,NA,"2025-04-12_HPZFK",1.84789940035664,NA,NA,NA,NA,NA,NA,NA,NA,NA,NA,NA,NA,NA,NA,NA,NA,NA,NA,NA,NA,NA,3.24693
763,0.717593,33.5516,NA,"2025-04-12_HPZFK",1.84789940035664,NA,NA,NA,NA,NA,NA,NA,NA,NA,NA,NA,NA,NA,NA,NA,NA,NA,NA,NA,NA,NA,3.24693
764,0.718519,33.5516,NA,"2025-04-12_HPZFK",1.84789940035664,NA,NA,NA,NA,NA,NA,NA,NA,NA,NA,NA,NA,NA,NA,NA,NA,NA,NA,NA,NA,NA,3.24693
765,0.719444,33.5516,NA,"2025-04-12_HPZFK",1.84789940035664,NA,NA,NA,NA,NA,NA,NA,NA,NA,NA,NA,NA,NA,NA,NA,NA,NA,NA,NA,NA,NA,3.24693
766,0.72037,33.5516,NA,"2025-04-12_HPZFK",1.84789940035664,NA,NA,NA,NA,NA,NA,NA,NA,NA,NA,NA,NA,NA,NA,NA,NA,NA,NA,NA,NA,NA,3.24693
767,0.721296,33.5516,NA,"2025-04-12_HPZFK",1.84789940035664,NA,NA,NA,NA,NA,NA,NA,NA,NA,NA,NA,NA,NA,NA,NA,NA,NA,NA,NA,NA,NA,3.24693
768,0.722222,33.5516,NA,"2025-04-12_HPZFK",1.84789940035664,NA,NA,NA,NA,NA,NA,NA,NA,NA,NA,NA,NA,NA,NA,NA,NA,NA,NA,NA,NA,NA,3.24693
769,0.723148,33.5516,NA,"2025-04-12_HPZFK",1.84789940035664,NA,NA,NA,NA,NA,NA,NA,NA,NA,NA,NA,NA,NA,NA,NA,NA,NA,NA,NA,NA,NA,3.24693
770,0.724074,33.5516,NA,"2025-04-12_HPZFK",1.84789940035664,NA,NA,NA,NA,NA,NA,NA,NA,NA,NA,NA,NA,NA,NA,NA,NA,NA,NA,NA,NA,NA,3.24693
771,0.725,33.5516,NA,"2025-04-12_HPZFK",1.84789940035664,NA,NA,NA,NA,NA,NA,NA,NA,NA,NA,NA,NA,NA,NA,NA,NA,NA,NA,NA,NA,NA,3.24693
772,0.725926,33.5516,NA,"2025-04-12_HPZFK",1.84789940035664,NA,NA,NA,NA,NA,NA,NA,NA,NA,NA,NA,NA,NA,NA,NA,NA,NA,NA,NA,NA,NA,3.24693
773,0.726852,33.5516,NA,"2025-04-12_HPZFK",1.84789940035664,NA,NA,NA,NA,NA,NA,NA,NA,NA,NA,NA,NA,NA,NA,NA,NA,NA,NA,NA,NA,NA,3.24693
774,0.727778,33.5516,NA,"2025-04-12_HPZFK",1.84789940035664,NA,NA,NA,NA,NA,NA,NA,NA,NA,NA,NA,NA,NA,NA,NA,NA,NA,NA,NA,NA,NA,3.24693
775,0.728704,33.5516,NA,"2025-04-12_HPZFK",1.84789940035664,NA,NA,NA,NA,NA,NA,NA,NA,NA,NA,NA,NA,NA,NA,NA,NA,NA,NA,NA,NA,NA,3.24693
776,0.72963,33.5516,NA,"2025-04-12_HPZFK",1.84789940035664,NA,NA,NA,NA,NA,NA,NA,NA,NA,NA,NA,NA,NA,NA,NA,NA,NA,NA,NA,NA,NA,3.24693
777,0.730556,33.5516,NA,"2025-04-12_HPZFK",1.84789940035664,NA,NA,NA,NA,NA,NA,NA,NA,NA,NA,NA,NA,NA,NA,NA,NA,NA,NA,NA,NA,NA,3.24693
778,0.731481,33.5516,NA,"2025-04-12_HPZFK",1.84789940035664,NA,NA,NA,NA,NA,NA,NA,NA,NA,NA,NA,NA,NA,NA,NA,NA,NA,NA,NA,NA,NA,3.24693
779,0.732407,33.5516,NA,"2025-04-12_HPZFK",1.84789940035664,NA,NA,NA,NA,NA,NA,NA,NA,NA,NA,NA,NA,NA,NA,NA,NA,NA,NA,NA,NA,NA,3.24693
780,0.733333,33.5516,NA,"2025-04-12_HPZFK",1.84789940035664,NA,NA,NA,NA,NA,NA,NA,NA,NA,NA,NA,NA,NA,NA,NA,NA,NA,NA,NA,NA,NA,3.24693
781,0.734259,33.5516,NA,"2025-04-12_HPZFK",1.84789940035664,NA,NA,NA,NA,NA,NA,NA,NA,NA,NA,NA,NA,NA,NA,NA,NA,NA,NA,NA,NA,NA,3.24693
782,0.735185,33.5516,NA,"2025-04-12_HPZFK",1.84789940035664,NA,NA,NA,NA,NA,NA,NA,NA,NA,NA,NA,NA,NA,NA,NA,NA,NA,NA,NA,NA,NA,3.24693
783,0.736111,33.5516,NA,"2025-04-12_HPZFK",1.84789940035664,NA,NA,NA,NA,NA,NA,NA,NA,NA,NA,NA,NA,NA,NA,NA,NA,NA,NA,NA,NA,NA,3.24693
784,0.737037,33.5516,NA,"2025-04-12_HPZFK",1.84789940035664,NA,NA,NA,NA,NA,NA,NA,NA,NA,NA,NA,NA,NA,NA,NA,NA,NA,NA,NA,NA,NA,3.24693
785,0.737963,33.5516,NA,"2025-04-12_HPZFK",1.84789940035664,NA,NA,NA,NA,NA,NA,NA,NA,NA,NA,NA,NA,NA,NA,NA,NA,NA,NA,NA,NA,NA,3.24693
786,0.738889,33.5516,NA,"2025-04-12_HPZFK",1.84789940035664,NA,NA,NA,NA,NA,NA,NA,NA,NA,NA,NA,NA,NA,NA,NA,NA,NA,NA,NA,NA,NA,3.24693
787,0.739815,33.5516,NA,"2025-04-12_HPZFK",1.84789940035664,NA,NA,NA,NA,NA,NA,NA,NA,NA,NA,NA,NA,NA,NA,NA,NA,NA,NA,NA,NA,NA,3.24693
788,0.740741,33.5516,NA,"2025-04-12_HPZFK",1.84789940035664,NA,NA,NA,NA,NA,NA,NA,NA,NA,NA,NA,NA,NA,NA,NA,NA,NA,NA,NA,NA,NA,3.24693
789,0.741667,33.5516,NA,"2025-04-12_HPZFK",1.84789940035664,NA,NA,NA,NA,NA,NA,NA,NA,NA,NA,NA,NA,NA,NA,NA,NA,NA,NA,NA,NA,NA,3.24693
790,0.742593,33.5516,NA,"2025-04-12_HPZFK",1.84789940035664,NA,NA,NA,NA,NA,NA,NA,NA,NA,NA,NA,NA,NA,NA,NA,NA,NA,NA,NA,NA,NA,3.24693
791,0.743519,33.5516,NA,"2025-04-12_HPZFK",1.84789940035664,NA,NA,NA,NA,NA,NA,NA,NA,NA,NA,NA,NA,NA,NA,NA,NA,NA,NA,NA,NA,NA,3.24693
792,0.744444,33.5516,NA,"2025-04-12_HPZFK",1.84789940035664,NA,NA,NA,NA,NA,NA,NA,NA,NA,NA,NA,NA,NA,NA,NA,NA,NA,NA,NA,NA,NA,3.24693
793,0.74537,33.5516,NA,"2025-04-12_HPZFK",1.84789940035664,NA,NA,NA,NA,NA,NA,NA,NA,NA,NA,NA,NA,NA,NA,NA,NA,NA,NA,NA,NA,NA,3.24693
794,0.746296,33.5516,NA,"2025-04-12_HPZFK",1.84789940035664,NA,NA,NA,NA,NA,NA,NA,NA,NA,NA,NA,NA,NA,NA,NA,NA,NA,NA,NA,NA,NA,3.24693
795,0.747222,33.5516,NA,"2025-04-12_HPZFK",1.84789940035664,NA,NA,NA,NA,NA,NA,NA,NA,NA,NA,NA,NA,NA,NA,NA,NA,NA,NA,NA,NA,NA,3.24693
796,0.748148,33.5516,NA,"2025-04-12_HPZFK",1.84789940035664,NA,NA,NA,NA,NA,NA,NA,NA,NA,NA,NA,NA,NA,NA,NA,NA,NA,NA,NA,NA,NA,3.24693
797,0.749074,33.5516,NA,"2025-04-12_HPZFK",1.84789940035664,NA,NA,NA,NA,NA,NA,NA,NA,NA,NA,NA,NA,NA,NA,NA,NA,NA,NA,NA,NA,NA,3.24693
798,0.75,33.5516,NA,"2025-04-12_HPZFK",1.84789940035664,NA,NA,NA,NA,NA,NA,NA,NA,NA,NA,NA,NA,NA,NA,NA,NA,NA,NA,NA,NA,NA,3.24693
799,0.75,26.1754,NA,"2025-04-12_HPZFK",2.36862986605398,NA,NA,NA,NA,NA,NA,NA,NA,NA,NA,NA,NA,NA,NA,NA,NA,NA,NA,NA,NA,NA,2.53311
800,0.750714,26.1754,NA,"2025-04-12_HPZFK",2.36862986605398,NA,NA,NA,NA,NA,NA,NA,NA,NA,NA,NA,NA,NA,NA,NA,NA,NA,NA,NA,NA,NA,2.53311
801,0.751429,26.1754,NA,"2025-04-12_HPZFK",2.36862986605398,NA,NA,NA,NA,NA,NA,NA,NA,NA,NA,NA,NA,NA,NA,NA,NA,NA,NA,NA,NA,NA,2.53311
802,0.752143,26.1754,NA,"2025-04-12_HPZFK",2.36862986605398,NA,NA,NA,NA,NA,NA,NA,NA,NA,NA,NA,NA,NA,NA,NA,NA,NA,NA,NA,NA,NA,2.53311
803,0.752857,26.1754,NA,"2025-04-12_HPZFK",2.36862986605398,NA,NA,NA,NA,NA,NA,NA,NA,NA,NA,NA,NA,NA,NA,NA,NA,NA,NA,NA,NA,NA,2.53311
804,0.753571,26.1754,NA,"2025-04-12_HPZFK",2.36862986605398,NA,NA,NA,NA,NA,NA,NA,NA,NA,NA,NA,NA,NA,NA,NA,NA,NA,NA,NA,NA,NA,2.53311
805,0.754286,26.1754,NA,"2025-04-12_HPZFK",2.36862986605398,NA,NA,NA,NA,NA,NA,NA,NA,NA,NA,NA,NA,NA,NA,NA,NA,NA,NA,NA,NA,NA,2.53311
806,0.755,26.1754,NA,"2025-04-12_HPZFK",2.36862986605398,NA,NA,NA,NA,NA,NA,NA,NA,NA,NA,NA,NA,NA,NA,NA,NA,NA,NA,NA,NA,NA,2.53311
807,0.755714,26.1754,NA,"2025-04-12_HPZFK",2.36862986605398,NA,NA,NA,NA,NA,NA,NA,NA,NA,NA,NA,NA,NA,NA,NA,NA,NA,NA,NA,NA,NA,2.53311
808,0.756429,26.1754,NA,"2025-04-12_HPZFK",2.36862986605398,NA,NA,NA,NA,NA,NA,NA,NA,NA,NA,NA,NA,NA,NA,NA,NA,NA,NA,NA,NA,NA,2.53311
809,0.757143,26.1754,NA,"2025-04-12_HPZFK",2.36862986605398,NA,NA,NA,NA,NA,NA,NA,NA,NA,NA,NA,NA,NA,NA,NA,NA,NA,NA,NA,NA,NA,2.53311
810,0.757857,26.1754,NA,"2025-04-12_HPZFK",2.36862986605398,NA,NA,NA,NA,NA,NA,NA,NA,NA,NA,NA,NA,NA,NA,NA,NA,NA,NA,NA,NA,NA,2.53311
811,0.758571,26.1754,NA,"2025-04-12_HPZFK",2.36862986605398,NA,NA,NA,NA,NA,NA,NA,NA,NA,NA,NA,NA,NA,NA,NA,NA,NA,NA,NA,NA,NA,2.53311
812,0.759286,26.1754,NA,"2025-04-12_HPZFK",2.36862986605398,NA,NA,NA,NA,NA,NA,NA,NA,NA,NA,NA,NA,NA,NA,NA,NA,NA,NA,NA,NA,NA,2.53311
813,0.76,26.1754,NA,"2025-04-12_HPZFK",2.36862986605398,NA,NA,NA,NA,NA,NA,NA,NA,NA,NA,NA,NA,NA,NA,NA,NA,NA,NA,NA,NA,NA,2.53311
814,0.760714,26.1754,NA,"2025-04-12_HPZFK",2.36862986605398,NA,NA,NA,NA,NA,NA,NA,NA,NA,NA,NA,NA,NA,NA,NA,NA,NA,NA,NA,NA,NA,2.53311
815,0.761429,26.1754,NA,"2025-04-12_HPZFK",2.36862986605398,NA,NA,NA,NA,NA,NA,NA,NA,NA,NA,NA,NA,NA,NA,NA,NA,NA,NA,NA,NA,NA,2.53311
816,0.762143,26.1754,NA,"2025-04-12_HPZFK",2.36862986605398,NA,NA,NA,NA,NA,NA,NA,NA,NA,NA,NA,NA,NA,NA,NA,NA,NA,NA,NA,NA,NA,2.53311
817,0.762857,26.1754,NA,"2025-04-12_HPZFK",2.36862986605398,NA,NA,NA,NA,NA,NA,NA,NA,NA,NA,NA,NA,NA,NA,NA,NA,NA,NA,NA,NA,NA,2.53311
818,0.763571,26.1754,NA,"2025-04-12_HPZFK",2.36862986605398,NA,NA,NA,NA,NA,NA,NA,NA,NA,NA,NA,NA,NA,NA,NA,NA,NA,NA,NA,NA,NA,2.53311
819,0.764286,26.1754,NA,"2025-04-12_HPZFK",2.36862986605398,NA,NA,NA,NA,NA,NA,NA,NA,NA,NA,NA,NA,NA,NA,NA,NA,NA,NA,NA,NA,NA,2.53311
820,0.765,26.1754,NA,"2025-04-12_HPZFK",2.36862986605398,NA,NA,NA,NA,NA,NA,NA,NA,NA,NA,NA,NA,NA,NA,NA,NA,NA,NA,NA,NA,NA,2.53311
821,0.765714,26.1754,NA,"2025-04-12_HPZFK",2.36862986605398,NA,NA,NA,NA,NA,NA,NA,NA,NA,NA,NA,NA,NA,NA,NA,NA,NA,NA,NA,NA,NA,2.53311
822,0.766429,26.1754,NA,"2025-04-12_HPZFK",2.36862986605398,NA,NA,NA,NA,NA,NA,NA,NA,NA,NA,NA,NA,NA,NA,NA,NA,NA,NA,NA,NA,NA,2.53311
823,0.767143,26.1754,NA,"2025-04-12_HPZFK",2.36862986605398,NA,NA,NA,NA,NA,NA,NA,NA,NA,NA,NA,NA,NA,NA,NA,NA,NA,NA,NA,NA,NA,2.53311
824,0.767857,26.1754,NA,"2025-04-12_HPZFK",2.36862986605398,NA,NA,NA,NA,NA,NA,NA,NA,NA,NA,NA,NA,NA,NA,NA,NA,NA,NA,NA,NA,NA,2.53311
825,0.768571,26.1754,NA,"2025-04-12_HPZFK",2.36862986605398,NA,NA,NA,NA,NA,NA,NA,NA,NA,NA,NA,NA,NA,NA,NA,NA,NA,NA,NA,NA,NA,2.53311
826,0.769286,26.1754,NA,"2025-04-12_HPZFK",2.36862986605398,NA,NA,NA,NA,NA,NA,NA,NA,NA,NA,NA,NA,NA,NA,NA,NA,NA,NA,NA,NA,NA,2.53311
827,0.77,26.1754,NA,"2025-04-12_HPZFK",2.36862986605398,NA,NA,NA,NA,NA,NA,NA,NA,NA,NA,NA,NA,NA,NA,NA,NA,NA,NA,NA,NA,NA,2.53311
828,0.770714,26.1754,NA,"2025-04-12_HPZFK",2.36862986605398,NA,NA,NA,NA,NA,NA,NA,NA,NA,NA,NA,NA,NA,NA,NA,NA,NA,NA,NA,NA,NA,2.53311
829,0.771429,26.1754,NA,"2025-04-12_HPZFK",2.36862986605398,NA,NA,NA,NA,NA,NA,NA,NA,NA,NA,NA,NA,NA,NA,NA,NA,NA,NA,NA,NA,NA,2.53311
830,0.772143,26.1754,NA,"2025-04-12_HPZFK",2.36862986605398,NA,NA,NA,NA,NA,NA,NA,NA,NA,NA,NA,NA,NA,NA,NA,NA,NA,NA,NA,NA,NA,2.53311
831,0.772857,26.1754,NA,"2025-04-12_HPZFK",2.36862986605398,NA,NA,NA,NA,NA,NA,NA,NA,NA,NA,NA,NA,NA,NA,NA,NA,NA,NA,NA,NA,NA,2.53311
832,0.773571,26.1754,NA,"2025-04-12_HPZFK",2.36862986605398,NA,NA,NA,NA,NA,NA,NA,NA,NA,NA,NA,NA,NA,NA,NA,NA,NA,NA,NA,NA,NA,2.53311
833,0.774286,26.1754,NA,"2025-04-12_HPZFK",2.36862986605398,NA,NA,NA,NA,NA,NA,NA,NA,NA,NA,NA,NA,NA,NA,NA,NA,NA,NA,NA,NA,NA,2.53311
834,0.775,26.1754,NA,"2025-04-12_HPZFK",2.36862986605398,NA,NA,NA,NA,NA,NA,NA,NA,NA,NA,NA,NA,NA,NA,NA,NA,NA,NA,NA,NA,NA,2.53311
835,0.775714,26.1754,NA,"2025-04-12_HPZFK",2.36862986605398,NA,NA,NA,NA,NA,NA,NA,NA,NA,NA,NA,NA,NA,NA,NA,NA,NA,NA,NA,NA,NA,2.53311
836,0.776429,26.1754,NA,"2025-04-12_HPZFK",2.36862986605398,NA,NA,NA,NA,NA,NA,NA,NA,NA,NA,NA,NA,NA,NA,NA,NA,NA,NA,NA,NA,NA,2.53311
837,0.777143,26.1754,NA,"2025-04-12_HPZFK",2.36862986605398,NA,NA,NA,NA,NA,NA,NA,NA,NA,NA,NA,NA,NA,NA,NA,NA,NA,NA,NA,NA,NA,2.53311
838,0.777857,26.1754,NA,"2025-04-12_HPZFK",2.36862986605398,NA,NA,NA,NA,NA,NA,NA,NA,NA,NA,NA,NA,NA,NA,NA,NA,NA,NA,NA,NA,NA,2.53311
839,0.778571,26.1754,NA,"2025-04-12_HPZFK",2.36862986605398,NA,NA,NA,NA,NA,NA,NA,NA,NA,NA,NA,NA,NA,NA,NA,NA,NA,NA,NA,NA,NA,2.53311
840,0.779286,26.1754,NA,"2025-04-12_HPZFK",2.36862986605398,NA,NA,NA,NA,NA,NA,NA,NA,NA,NA,NA,NA,NA,NA,NA,NA,NA,NA,NA,NA,NA,2.53311
841,0.78,26.1754,NA,"2025-04-12_HPZFK",2.36862986605398,NA,NA,NA,NA,NA,NA,NA,NA,NA,NA,NA,NA,NA,NA,NA,NA,NA,NA,NA,NA,NA,2.53311
842,0.780714,26.1754,NA,"2025-04-12_HPZFK",2.36862986605398,NA,NA,NA,NA,NA,NA,NA,NA,NA,NA,NA,NA,NA,NA,NA,NA,NA,NA,NA,NA,NA,2.53311
843,0.781429,26.1754,NA,"2025-04-12_HPZFK",2.36862986605398,NA,NA,NA,NA,NA,NA,NA,NA,NA,NA,NA,NA,NA,NA,NA,NA,NA,NA,NA,NA,NA,2.53311
844,0.782143,26.1754,NA,"2025-04-12_HPZFK",2.36862986605398,NA,NA,NA,NA,NA,NA,NA,NA,NA,NA,NA,NA,NA,NA,NA,NA,NA,NA,NA,NA,NA,2.53311
845,0.782857,26.1754,NA,"2025-04-12_HPZFK",2.36862986605398,NA,NA,NA,NA,NA,NA,NA,NA,NA,NA,NA,NA,NA,NA,NA,NA,NA,NA,NA,NA,NA,2.53311
846,0.783571,26.1754,NA,"2025-04-12_HPZFK",2.36862986605398,NA,NA,NA,NA,NA,NA,NA,NA,NA,NA,NA,NA,NA,NA,NA,NA,NA,NA,NA,NA,NA,2.53311
847,0.784286,26.1754,NA,"2025-04-12_HPZFK",2.36862986605398,NA,NA,NA,NA,NA,NA,NA,NA,NA,NA,NA,NA,NA,NA,NA,NA,NA,NA,NA,NA,NA,2.53311
848,0.785,26.1754,NA,"2025-04-12_HPZFK",2.36862986605398,NA,NA,NA,NA,NA,NA,NA,NA,NA,NA,NA,NA,NA,NA,NA,NA,NA,NA,NA,NA,NA,2.53311
849,0.785714,26.1754,NA,"2025-04-12_HPZFK",2.36862986605398,NA,NA,NA,NA,NA,NA,NA,NA,NA,NA,NA,NA,NA,NA,NA,NA,NA,NA,NA,NA,NA,2.53311
850,0.786429,26.1754,NA,"2025-04-12_HPZFK",2.36862986605398,NA,NA,NA,NA,NA,NA,NA,NA,NA,NA,NA,NA,NA,NA,NA,NA,NA,NA,NA,NA,NA,2.53311
851,0.787143,26.1754,NA,"2025-04-12_HPZFK",2.36862986605398,NA,NA,NA,NA,NA,NA,NA,NA,NA,NA,NA,NA,NA,NA,NA,NA,NA,NA,NA,NA,NA,2.53311
852,0.787857,26.1754,NA,"2025-04-12_HPZFK",2.36862986605398,NA,NA,NA,NA,NA,NA,NA,NA,NA,NA,NA,NA,NA,NA,NA,NA,NA,NA,NA,NA,NA,2.53311
853,0.788571,26.1754,NA,"2025-04-12_HPZFK",2.36862986605398,NA,NA,NA,NA,NA,NA,NA,NA,NA,NA,NA,NA,NA,NA,NA,NA,NA,NA,NA,NA,NA,2.53311
854,0.789286,26.1754,NA,"2025-04-12_HPZFK",2.36862986605398,NA,NA,NA,NA,NA,NA,NA,NA,NA,NA,NA,NA,NA,NA,NA,NA,NA,NA,NA,NA,NA,2.53311
855,0.79,26.1754,NA,"2025-04-12_HPZFK",2.36862986605398,NA,NA,NA,NA,NA,NA,NA,NA,NA,NA,NA,NA,NA,NA,NA,NA,NA,NA,NA,NA,NA,2.53311
856,0.790714,26.1754,NA,"2025-04-12_HPZFK",2.36862986605398,NA,NA,NA,NA,NA,NA,NA,NA,NA,NA,NA,NA,NA,NA,NA,NA,NA,NA,NA,NA,NA,2.53311
857,0.791429,26.1754,NA,"2025-04-12_HPZFK",2.36862986605398,NA,NA,NA,NA,NA,NA,NA,NA,NA,NA,NA,NA,NA,NA,NA,NA,NA,NA,NA,NA,NA,2.53311
858,0.792143,26.1754,NA,"2025-04-12_HPZFK",2.36862986605398,NA,NA,NA,NA,NA,NA,NA,NA,NA,NA,NA,NA,NA,NA,NA,NA,NA,NA,NA,NA,NA,2.53311
859,0.792857,26.1754,NA,"2025-04-12_HPZFK",2.36862986605398,NA,NA,NA,NA,NA,NA,NA,NA,NA,NA,NA,NA,NA,NA,NA,NA,NA,NA,NA,NA,NA,2.53311
860,0.793571,26.1754,NA,"2025-04-12_HPZFK",2.36862986605398,NA,NA,NA,NA,NA,NA,NA,NA,NA,NA,NA,NA,NA,NA,NA,NA,NA,NA,NA,NA,NA,2.53311
861,0.794286,26.1754,NA,"2025-04-12_HPZFK",2.36862986605398,NA,NA,NA,NA,NA,NA,NA,NA,NA,NA,NA,NA,NA,NA,NA,NA,NA,NA,NA,NA,NA,2.53311
862,0.795,26.1754,NA,"2025-04-12_HPZFK",2.36862986605398,NA,NA,NA,NA,NA,NA,NA,NA,NA,NA,NA,NA,NA,NA,NA,NA,NA,NA,NA,NA,NA,2.53311
863,0.795714,26.1754,NA,"2025-04-12_HPZFK",2.36862986605398,NA,NA,NA,NA,NA,NA,NA,NA,NA,NA,NA,NA,NA,NA,NA,NA,NA,NA,NA,NA,NA,2.53311
864,0.796429,26.1754,NA,"2025-04-12_HPZFK",2.36862986605398,NA,NA,NA,NA,NA,NA,NA,NA,NA,NA,NA,NA,NA,NA,NA,NA,NA,NA,NA,NA,NA,2.53311
865,0.797143,26.1754,NA,"2025-04-12_HPZFK",2.36862986605398,NA,NA,NA,NA,NA,NA,NA,NA,NA,NA,NA,NA,NA,NA,NA,NA,NA,NA,NA,NA,NA,2.53311
866,0.797857,26.1754,NA,"2025-04-12_HPZFK",2.36862986605398,NA,NA,NA,NA,NA,NA,NA,NA,NA,NA,NA,NA,NA,NA,NA,NA,NA,NA,NA,NA,NA,2.53311
867,0.798571,26.1754,NA,"2025-04-12_HPZFK",2.36862986605398,NA,NA,NA,NA,NA,NA,NA,NA,NA,NA,NA,NA,NA,NA,NA,NA,NA,NA,NA,NA,NA,2.53311
868,0.799286,26.1754,NA,"2025-04-12_HPZFK",2.36862986605398,NA,NA,NA,NA,NA,NA,NA,NA,NA,NA,NA,NA,NA,NA,NA,NA,NA,NA,NA,NA,NA,2.53311
869,0.8,26.1754,NA,"2025-04-12_HPZFK",2.36862986605398,NA,NA,NA,NA,NA,NA,NA,NA,NA,NA,NA,NA,NA,NA,NA,NA,NA,NA,NA,NA,NA,2.53311
0,NA,NA,171,"2025-04-12_KINSH",NA,NA,NA,NA,NA,NA,NA,NA,NA,NA,NA,NA,NA,NA,NA,NA,NA,NA,NA,NA,NA,29,NA
1,NA,NA,171,"2025-04-12_KINSH",NA,NA,NA,NA,NA,NA,NA,NA,NA,NA,NA,NA,NA,NA,NA,NA,NA,NA,NA,NA,NA,29,NA
2,NA,NA,170,"2025-04-12_KINSH",NA,NA,NA,NA,NA,NA,NA,NA,NA,NA,NA,NA,NA,NA,NA,NA,NA,NA,NA,NA,NA,29,NA
3,NA,NA,169.667,"2025-04-12_KINSH",NA,NA,NA,NA,NA,NA,NA,NA,NA,NA,NA,NA,NA,NA,NA,NA,NA,NA,NA,NA,NA,29,NA
4,NA,NA,169.333,"2025-04-12_KINSH",NA,NA,NA,NA,NA,NA,NA,NA,NA,NA,NA,NA,NA,NA,NA,NA,NA,NA,NA,NA,NA,29,NA
5,NA,NA,169,"2025-04-12_KINSH",NA,NA,NA,NA,NA,NA,NA,NA,NA,NA,NA,NA,NA,NA,NA,NA,NA,NA,NA,NA,NA,29,NA
6,NA,NA,168.5,"2025-04-12_KINSH",NA,NA,NA,NA,NA,NA,NA,NA,NA,NA,NA,NA,NA,NA,NA,NA,NA,NA,NA,NA,NA,29,NA
7,NA,NA,168,"2025-04-12_KINSH",NA,NA,NA,NA,NA,NA,NA,NA,NA,NA,NA,NA,NA,NA,NA,NA,NA,NA,NA,NA,NA,29,NA
8,NA,NA,167.667,"2025-04-12_KINSH",NA,NA,NA,NA,NA,NA,NA,NA,NA,NA,NA,NA,NA,NA,NA,NA,NA,NA,NA,NA,NA,29,NA
9,NA,NA,167.333,"2025-04-12_KINSH",NA,NA,NA,NA,NA,NA,NA,NA,NA,NA,NA,NA,NA,NA,NA,NA,NA,NA,NA,NA,NA,29,NA
10,NA,NA,167,"2025-04-12_KINSH",NA,NA,NA,NA,NA,NA,NA,NA,NA,NA,NA,NA,NA,NA,NA,NA,NA,NA,NA,NA,NA,29,NA
11,NA,NA,166.75,"2025-04-12_KINSH",NA,NA,NA,NA,NA,NA,NA,NA,NA,NA,NA,NA,NA,NA,NA,NA,NA,NA,NA,NA,NA,29,NA
12,NA,NA,166.5,"2025-04-12_KINSH",NA,NA,NA,NA,NA,NA,NA,NA,NA,NA,NA,NA,NA,NA,NA,NA,NA,NA,NA,NA,NA,29,NA
13,NA,NA,166.25,"2025-04-12_KINSH",NA,NA,NA,NA,NA,NA,NA,NA,NA,NA,NA,NA,NA,NA,NA,NA,NA,NA,NA,NA,NA,29,NA
14,NA,NA,166,"2025-04-12_KINSH",NA,NA,NA,NA,NA,NA,NA,NA,NA,NA,NA,NA,NA,NA,NA,NA,NA,NA,NA,NA,NA,29,NA
15,NA,NA,165.5,"2025-04-12_KINSH",NA,NA,NA,NA,NA,NA,NA,NA,NA,NA,NA,NA,NA,NA,NA,NA,NA,NA,NA,NA,NA,29,NA
16,NA,NA,165,"2025-04-12_KINSH",NA,NA,NA,NA,NA,NA,NA,NA,NA,NA,NA,NA,NA,NA,NA,NA,NA,NA,NA,NA,NA,29,NA
17,NA,NA,164,"2025-04-12_KINSH",NA,NA,NA,NA,NA,NA,NA,NA,NA,NA,NA,NA,NA,NA,NA,NA,NA,NA,NA,NA,NA,29,NA
18,NA,NA,163.5,"2025-04-12_KINSH",NA,NA,NA,NA,NA,NA,NA,NA,NA,NA,NA,NA,NA,NA,NA,NA,NA,NA,NA,NA,NA,29,NA
19,NA,NA,163,"2025-04-12_KINSH",NA,NA,NA,NA,NA,NA,NA,NA,NA,NA,NA,NA,NA,NA,NA,NA,NA,NA,NA,NA,NA,29,NA
20,NA,NA,162.5,"2025-04-12_KINSH",NA,NA,NA,NA,NA,NA,NA,NA,NA,NA,NA,NA,NA,NA,NA,NA,NA,NA,NA,NA,NA,29,NA
21,NA,NA,162,"2025-04-12_KINSH",NA,NA,NA,NA,NA,NA,NA,NA,NA,NA,NA,NA,NA,NA,NA,NA,NA,NA,NA,NA,NA,29,NA
22,NA,NA,161.667,"2025-04-12_KINSH",NA,NA,NA,NA,NA,NA,NA,NA,NA,NA,NA,NA,NA,NA,NA,NA,NA,NA,NA,NA,NA,29,NA
23,NA,NA,161.333,"2025-04-12_KINSH",NA,NA,NA,NA,NA,NA,NA,NA,NA,NA,NA,NA,NA,NA,NA,NA,NA,NA,NA,NA,NA,29,NA
24,NA,NA,161,"2025-04-12_KINSH",NA,NA,NA,NA,NA,NA,NA,NA,NA,NA,NA,NA,NA,NA,NA,NA,NA,NA,NA,NA,NA,29,NA
25,NA,NA,160,"2025-04-12_KINSH",NA,NA,NA,NA,NA,NA,NA,NA,NA,NA,NA,NA,NA,NA,NA,NA,NA,NA,NA,NA,NA,29,NA
26,NA,NA,160.5,"2025-04-12_KINSH",NA,NA,NA,NA,NA,NA,NA,NA,NA,NA,NA,NA,NA,NA,NA,NA,NA,NA,NA,NA,NA,29,NA
27,NA,NA,161,"2025-04-12_KINSH",NA,NA,NA,NA,NA,NA,NA,NA,NA,NA,NA,NA,NA,NA,NA,NA,NA,NA,NA,NA,NA,29,NA
28,NA,NA,160,"2025-04-12_KINSH",NA,NA,NA,NA,NA,NA,NA,NA,NA,NA,NA,NA,NA,NA,NA,NA,NA,NA,NA,NA,NA,29,NA
29,NA,NA,159,"2025-04-12_KINSH",NA,NA,NA,NA,NA,NA,NA,NA,NA,NA,NA,NA,NA,NA,NA,NA,NA,NA,NA,NA,NA,29,NA
30,NA,NA,158,"2025-04-12_KINSH",NA,NA,NA,NA,NA,NA,NA,NA,NA,NA,NA,NA,NA,NA,NA,NA,NA,NA,NA,NA,NA,29,NA
31,NA,NA,156,"2025-04-12_KINSH",NA,NA,NA,NA,NA,NA,NA,NA,NA,NA,NA,NA,NA,NA,NA,NA,NA,NA,NA,NA,NA,29,NA
32,NA,NA,155,"2025-04-12_KINSH",NA,NA,NA,NA,NA,NA,NA,NA,NA,NA,NA,NA,NA,NA,NA,NA,NA,NA,NA,NA,NA,29,NA
33,NA,NA,154.667,"2025-04-12_KINSH",NA,NA,NA,NA,NA,NA,NA,NA,NA,NA,NA,NA,NA,NA,NA,NA,NA,NA,NA,NA,NA,29,NA
34,NA,NA,154.333,"2025-04-12_KINSH",NA,NA,NA,NA,NA,NA,NA,NA,NA,NA,NA,NA,NA,NA,NA,NA,NA,NA,NA,NA,NA,29,NA
35,NA,NA,154,"2025-04-12_KINSH",NA,NA,NA,NA,NA,NA,NA,NA,NA,NA,NA,NA,NA,NA,NA,NA,NA,NA,NA,NA,NA,29,NA
36,NA,NA,153.5,"2025-04-12_KINSH",NA,NA,NA,NA,NA,NA,NA,NA,NA,NA,NA,NA,NA,NA,NA,NA,NA,NA,NA,NA,NA,29,NA
37,NA,NA,153,"2025-04-12_KINSH",NA,NA,NA,NA,NA,NA,NA,NA,NA,NA,NA,NA,NA,NA,NA,NA,NA,NA,NA,NA,NA,29,NA
38,NA,NA,152.75,"2025-04-12_KINSH",NA,NA,NA,NA,NA,NA,NA,NA,NA,NA,NA,NA,NA,NA,NA,NA,NA,NA,NA,NA,NA,28,NA
39,NA,NA,152.5,"2025-04-12_KINSH",NA,NA,NA,NA,NA,NA,NA,NA,NA,NA,NA,NA,NA,NA,NA,NA,NA,NA,NA,NA,NA,28,NA
40,NA,NA,152.25,"2025-04-12_KINSH",NA,NA,NA,NA,NA,NA,NA,NA,NA,NA,NA,NA,NA,NA,NA,NA,NA,NA,NA,NA,NA,28,NA
41,NA,NA,152,"2025-04-12_KINSH",NA,NA,NA,NA,NA,NA,NA,NA,NA,NA,NA,NA,NA,NA,NA,NA,NA,NA,NA,NA,NA,28,NA
42,NA,NA,151.667,"2025-04-12_KINSH",NA,NA,NA,NA,NA,NA,NA,NA,NA,NA,NA,NA,NA,NA,NA,NA,NA,NA,NA,NA,NA,28,NA
43,NA,NA,151.333,"2025-04-12_KINSH",NA,NA,NA,NA,NA,NA,NA,NA,NA,NA,NA,NA,NA,NA,NA,NA,NA,NA,NA,NA,NA,28,NA
44,NA,NA,151,"2025-04-12_KINSH",NA,NA,NA,NA,NA,NA,NA,NA,NA,NA,NA,NA,NA,NA,NA,NA,NA,NA,NA,NA,NA,28,NA
45,NA,NA,151,"2025-04-12_KINSH",NA,NA,NA,NA,NA,NA,NA,NA,NA,NA,NA,NA,NA,NA,NA,NA,NA,NA,NA,NA,NA,28,NA
46,NA,NA,151,"2025-04-12_KINSH",NA,NA,NA,NA,NA,NA,NA,NA,NA,NA,NA,NA,NA,NA,NA,NA,NA,NA,NA,NA,NA,28,NA
0,0,0,116,"2025-04-12_LUGAU",NA,0,NA,NA,NA,NA,NA,NA,NA,NA,NA,NA,NA,NA,NA,NA,NA,NA,NA,0,0,28,0
1,0,0,117,"2025-04-12_LUGAU",NA,0,NA,NA,NA,NA,NA,NA,NA,NA,NA,NA,NA,NA,NA,NA,NA,NA,NA,0,0,28,0
2,0,0,117,"2025-04-12_LUGAU",NA,0,NA,NA,NA,NA,NA,NA,NA,NA,NA,NA,NA,NA,NA,NA,NA,NA,NA,0,0,28,0
3,0,0,117,"2025-04-12_LUGAU",NA,0,NA,NA,NA,NA,NA,NA,NA,NA,NA,NA,NA,NA,NA,NA,NA,NA,NA,0,0,27,0
4,0.00398,86,117,"2025-04-12_LUGAU",4.18340026773762,0,NA,NA,NA,NA,NA,NA,NA,NA,NA,NA,NA,NA,NA,NA,NA,NA,NA,0,0,27,14.3424
5,0.00805,86,117,"2025-04-12_LUGAU",4.10610166707728,286,NA,NA,NA,NA,NA,NA,NA,NA,NA,NA,NA,NA,NA,NA,NA,NA,NA,0,0,27,14.6124
6,0.01214,86,118,"2025-04-12_LUGAU",4.06901041666667,292,NA,NA,NA,NA,NA,NA,NA,NA,NA,NA,NA,NA,NA,NA,NA,NA,NA,0,618,27,14.7456
7,0.01628,88,116,"2025-04-12_LUGAU",4.02284978678896,297,NA,NA,NA,NA,NA,NA,NA,NA,NA,NA,NA,NA,NA,NA,NA,NA,NA,8.875,516,27,14.9148
8,0.02047,91,118,"2025-04-12_LUGAU",3.97867430572133,303,NA,NA,NA,NA,NA,NA,NA,NA,NA,NA,NA,NA,NA,NA,NA,NA,NA,5.625,412,27,15.0804
9,0.02469,92,116,"2025-04-12_LUGAU",3.95225673859774,309,NA,NA,NA,NA,NA,NA,NA,NA,NA,NA,NA,NA,NA,NA,NA,NA,NA,4.375,412,27,15.1812
10,0.02882,92,116,"2025-04-12_LUGAU",4.03258327284458,314,NA,NA,NA,NA,NA,NA,NA,NA,NA,NA,NA,NA,NA,NA,NA,NA,NA,7.125,208,27,14.8788
11,0.03289,91,115,"2025-04-12_LUGAU",4.09701737135365,313,NA,NA,NA,NA,NA,NA,NA,NA,NA,NA,NA,NA,NA,NA,NA,NA,NA,7.125,210,27,14.6448
12,0.03687,89,114,"2025-04-12_LUGAU",4.18340026773762,324,NA,NA,NA,NA,NA,NA,NA,NA,NA,NA,NA,NA,NA,NA,NA,NA,NA,7.25,214,27,14.3424
13,0.04082,89,114,"2025-04-12_LUGAU",4.22261633307998,334,NA,NA,NA,NA,NA,NA,NA,NA,NA,NA,NA,NA,NA,NA,NA,NA,NA,7.25,216,27,14.2092
14,0.04473,89,114,"2025-04-12_LUGAU",4.26257459505541,339,NA,NA,NA,NA,NA,NA,NA,NA,NA,NA,NA,NA,NA,NA,NA,NA,NA,7.375,218,27,14.076
15,0.04865,90,117,"2025-04-12_LUGAU",4.25278557455133,336,NA,NA,NA,NA,NA,NA,NA,NA,NA,NA,NA,NA,NA,NA,NA,NA,NA,7.375,220,27,14.1084
16,0.05257,91,121,"2025-04-12_LUGAU",4.25278557455133,336,NA,NA,NA,NA,NA,NA,NA,NA,NA,NA,NA,NA,NA,NA,NA,NA,NA,7.125,218,27,14.1084
17,0.05649,91,125,"2025-04-12_LUGAU",4.25278557455133,338,NA,NA,NA,NA,NA,NA,NA,NA,NA,NA,NA,NA,NA,NA,NA,NA,NA,7.125,216,27,14.1084
18,0.06038,91,129,"2025-04-12_LUGAU",4.28338901739056,339,NA,NA,NA,NA,NA,NA,NA,NA,NA,NA,NA,NA,NA,NA,NA,NA,NA,7,214,27,14.0076
19,0.06424,92,131,"2025-04-12_LUGAU",4.31443610320131,337,NA,NA,NA,NA,NA,NA,NA,NA,NA,NA,NA,NA,NA,NA,NA,NA,NA,7,216,27,13.9068
20,0.06806,91,134,"2025-04-12_LUGAU",4.3675751222921,334,NA,NA,NA,NA,NA,NA,NA,NA,NA,NA,NA,NA,NA,NA,NA,NA,NA,6.875,216,27,13.7376
21,0.07185,90,136,"2025-04-12_LUGAU",4.39985920450546,330,NA,NA,NA,NA,NA,NA,NA,NA,NA,NA,NA,NA,NA,NA,NA,NA,NA,6.875,216,26,13.6368
22,0.07559,90,137,"2025-04-12_LUGAU",4.45394619632995,327,NA,NA,NA,NA,NA,NA,NA,NA,NA,NA,NA,NA,NA,NA,NA,NA,NA,6.75,224,26,13.4712
23,0.07928,89,138,"2025-04-12_LUGAU",4.510599909788,322,NA,NA,NA,NA,NA,NA,NA,NA,NA,NA,NA,NA,NA,NA,NA,NA,NA,6.75,230,26,13.302
24,0.083,90,138,"2025-04-12_LUGAU",4.48752468138575,317,NA,NA,NA,NA,NA,NA,NA,NA,NA,NA,NA,NA,NA,NA,NA,NA,NA,6.75,232,26,13.3704
25,0.08677,89,139,"2025-04-12_LUGAU",4.42086648983201,318,NA,NA,NA,NA,NA,NA,NA,NA,NA,NA,NA,NA,NA,NA,NA,NA,NA,6.875,232,26,13.572
26,0.09057,91,139,"2025-04-12_LUGAU",4.38827453045463,322,NA,NA,NA,NA,NA,NA,NA,NA,NA,NA,NA,NA,NA,NA,NA,NA,NA,6.625,230,26,13.6728
27,0.09441,91,140,"2025-04-12_LUGAU",4.33576135969476,323,NA,NA,NA,NA,NA,NA,NA,NA,NA,NA,NA,NA,NA,NA,NA,NA,NA,6.625,230,26,13.8384
28,0.0983,91,141,"2025-04-12_LUGAU",4.28338901739056,326,NA,NA,NA,NA,NA,NA,NA,NA,NA,NA,NA,NA,NA,NA,NA,NA,NA,6.75,230,26,14.0076
29,0.10216,91,141,"2025-04-12_LUGAU",4.31443610320131,329,NA,NA,NA,NA,NA,NA,NA,NA,NA,NA,NA,NA,NA,NA,NA,NA,NA,6.75,230,26,13.9068
30,0.10596,91,141,"2025-04-12_LUGAU",4.38827453045463,328,NA,NA,NA,NA,NA,NA,NA,NA,NA,NA,NA,NA,NA,NA,NA,NA,NA,6.75,230,26,13.6728
31,0.10972,90,142,"2025-04-12_LUGAU",4.43262411347518,322,NA,NA,NA,NA,NA,NA,NA,NA,NA,NA,NA,NA,NA,NA,NA,NA,NA,6.75,230,26,13.536
32,0.11348,90,142,"2025-04-12_LUGAU",4.43262411347518,319,NA,NA,NA,NA,NA,NA,NA,NA,NA,NA,NA,NA,NA,NA,NA,NA,NA,6.75,226,26,13.536
33,0.11727,90,142,"2025-04-12_LUGAU",4.39985920450546,319,NA,NA,NA,NA,NA,NA,NA,NA,NA,NA,NA,NA,NA,NA,NA,NA,NA,6.75,226,26,13.6368
34,0.12108,90,143,"2025-04-12_LUGAU",4.3675751222921,322,NA,NA,NA,NA,NA,NA,NA,NA,NA,NA,NA,NA,NA,NA,NA,NA,NA,6.75,226,26,13.7376
35,0.12495,90,143,"2025-04-12_LUGAU",4.31443610320131,325,NA,NA,NA,NA,NA,NA,NA,NA,NA,NA,NA,NA,NA,NA,NA,NA,NA,6.75,226,26,13.9068
36,0.12884,90,143,"2025-04-12_LUGAU",4.28338901739056,328,NA,NA,NA,NA,NA,NA,NA,NA,NA,NA,NA,NA,NA,NA,NA,NA,NA,6.75,226,26,14.0076
37,0.13276,90,143,"2025-04-12_LUGAU",4.25278557455133,332,NA,NA,NA,NA,NA,NA,NA,NA,NA,NA,NA,NA,NA,NA,NA,NA,NA,6.75,222,26,14.1084
38,0.13663,90,144,"2025-04-12_LUGAU",4.30440771349862,333,NA,NA,NA,NA,NA,NA,NA,NA,NA,NA,NA,NA,NA,NA,NA,NA,NA,7,222,26,13.9392
39,0.14046,90,144,"2025-04-12_LUGAU",4.34593654932638,329,NA,NA,NA,NA,NA,NA,NA,NA,NA,NA,NA,NA,NA,NA,NA,NA,NA,7.125,222,26,13.806
40,0.14421,89,145,"2025-04-12_LUGAU",4.45394619632995,325,NA,NA,NA,NA,NA,NA,NA,NA,NA,NA,NA,NA,NA,NA,NA,NA,NA,7,222,26,13.4712
41,0.1479,87,145,"2025-04-12_LUGAU",4.510599909788,319,NA,NA,NA,NA,NA,NA,NA,NA,NA,NA,NA,NA,NA,NA,NA,NA,NA,7,230,26,13.302
42,0.15157,87,145,"2025-04-12_LUGAU",4.54504135987638,315,NA,NA,NA,NA,NA,NA,NA,NA,NA,NA,NA,NA,NA,NA,NA,NA,NA,7,230,26,13.2012
43,0.15528,88,146,"2025-04-12_LUGAU",4.48752468138575,313,NA,NA,NA,NA,NA,NA,NA,NA,NA,NA,NA,NA,NA,NA,NA,NA,NA,7,232,26,13.3704
44,0.15901,89,146,"2025-04-12_LUGAU",4.46588067166845,317,NA,NA,NA,NA,NA,NA,NA,NA,NA,NA,NA,NA,NA,NA,NA,NA,NA,7,230,26,13.4352
45,0.16283,89,146,"2025-04-12_LUGAU",4.3675751222921,319,NA,NA,NA,NA,NA,NA,NA,NA,NA,NA,NA,NA,NA,NA,NA,NA,NA,7,226,26,13.7376
46,0.16671,90,147,"2025-04-12_LUGAU",4.30440771349862,319,NA,NA,NA,NA,NA,NA,NA,NA,NA,NA,NA,NA,NA,NA,NA,NA,NA,7,226,26,13.9392
47,0.17057,90,147,"2025-04-12_LUGAU",4.30440771349862,327,NA,NA,NA,NA,NA,NA,NA,NA,NA,NA,NA,NA,NA,NA,NA,NA,NA,7,222,26,13.9392
48,0.17445,90,147,"2025-04-12_LUGAU",4.30440771349862,329,NA,NA,NA,NA,NA,NA,NA,NA,NA,NA,NA,NA,NA,NA,NA,NA,NA,6.875,222,25,13.9392
49,0.17833,90,147,"2025-04-12_LUGAU",4.29331959471063,328,NA,NA,NA,NA,NA,NA,NA,NA,NA,NA,NA,NA,NA,NA,NA,NA,NA,7,222,25,13.9752
50,0.1822,89,147,"2025-04-12_LUGAU",4.30440771349862,328,NA,NA,NA,NA,NA,NA,NA,NA,NA,NA,NA,NA,NA,NA,NA,NA,NA,7.125,222,25,13.9392
51,0.18606,88,147,"2025-04-12_LUGAU",4.31443610320131,327,NA,NA,NA,NA,NA,NA,NA,NA,NA,NA,NA,NA,NA,NA,NA,NA,NA,7.375,226,25,13.9068
52,0.18992,88,147,"2025-04-12_LUGAU",4.32451133021969,327,NA,NA,NA,NA,NA,NA,NA,NA,NA,NA,NA,NA,NA,NA,NA,NA,NA,7.5,228,25,13.8744
53,0.1938,88,147,"2025-04-12_LUGAU",4.29331959471063,329,NA,NA,NA,NA,NA,NA,NA,NA,NA,NA,NA,NA,NA,NA,NA,NA,NA,7.75,228,25,13.9752
54,0.19773,88,148,"2025-04-12_LUGAU",4.24304141208418,331,NA,NA,NA,NA,NA,NA,NA,NA,NA,NA,NA,NA,NA,NA,NA,NA,NA,7.75,228,25,14.1408
55,0.20171,88,146,"2025-04-12_LUGAU",4.18340026773762,336,NA,NA,NA,NA,NA,NA,NA,NA,NA,NA,NA,NA,NA,NA,NA,NA,NA,7.75,228,25,14.3424
56,0.20577,88,147,"2025-04-12_LUGAU",4.10610166707728,343,NA,NA,NA,NA,NA,NA,NA,NA,NA,NA,NA,NA,NA,NA,NA,NA,NA,7.75,220,25,14.6124
57,0.20988,89,147,"2025-04-12_LUGAU",4.05910050332846,350,NA,NA,NA,NA,NA,NA,NA,NA,NA,NA,NA,NA,NA,NA,NA,NA,NA,7.75,220,25,14.7816
58,0.21394,90,147,"2025-04-12_LUGAU",4.09701737135365,352,NA,NA,NA,NA,NA,NA,NA,NA,NA,NA,NA,NA,NA,NA,NA,NA,NA,7.625,220,25,14.6448
59,0.21797,91,147,"2025-04-12_LUGAU",4.13462333581411,351,NA,NA,NA,NA,NA,NA,NA,NA,NA,NA,NA,NA,NA,NA,NA,NA,NA,7.375,220,25,14.5116
60,0.22197,91,147,"2025-04-12_LUGAU",4.17292605575029,348,NA,NA,NA,NA,NA,NA,NA,NA,NA,NA,NA,NA,NA,NA,NA,NA,NA,7.125,220,25,14.3784
61,0.22589,91,149,"2025-04-12_LUGAU",4.25278557455133,345,NA,NA,NA,NA,NA,NA,NA,NA,NA,NA,NA,NA,NA,NA,NA,NA,NA,6.875,220,25,14.1084
62,0.22975,91,149,"2025-04-12_LUGAU",4.31443610320131,337,NA,NA,NA,NA,NA,NA,NA,NA,NA,NA,NA,NA,NA,NA,NA,NA,NA,6.75,220,25,13.9068
63,0.23361,91,149,"2025-04-12_LUGAU",4.32451133021969,334,NA,NA,NA,NA,NA,NA,NA,NA,NA,NA,NA,NA,NA,NA,NA,NA,NA,6.75,220,25,13.8744
64,0.23744,91,150,"2025-04-12_LUGAU",4.34593654932638,330,NA,NA,NA,NA,NA,NA,NA,NA,NA,NA,NA,NA,NA,NA,NA,NA,NA,6.75,220,25,13.806
65,0.24126,90,150,"2025-04-12_LUGAU",4.3675751222921,328,NA,NA,NA,NA,NA,NA,NA,NA,NA,NA,NA,NA,NA,NA,NA,NA,NA,6.875,220,25,13.7376
66,0.24507,90,150,"2025-04-12_LUGAU",4.3675751222921,328,NA,NA,NA,NA,NA,NA,NA,NA,NA,NA,NA,NA,NA,NA,NA,NA,NA,6.875,220,25,13.7376
67,0.24891,89,150,"2025-04-12_LUGAU",4.34593654932638,325,NA,NA,NA,NA,NA,NA,NA,NA,NA,NA,NA,NA,NA,NA,NA,NA,NA,6.875,230,25,13.806
68,0.25271,89,148,"2025-04-12_LUGAU",4.38827453045463,326,NA,NA,NA,NA,NA,NA,NA,NA,NA,NA,NA,NA,NA,NA,NA,NA,NA,6.875,230,25,13.6728
69,0.25648,89,148,"2025-04-12_LUGAU",4.42086648983201,323,NA,NA,NA,NA,NA,NA,NA,NA,NA,NA,NA,NA,NA,NA,NA,NA,NA,6.875,232,25,13.572
70,0.26025,89,149,"2025-04-12_LUGAU",4.41033783187792,323,NA,NA,NA,NA,NA,NA,NA,NA,NA,NA,NA,NA,NA,NA,NA,NA,NA,6.875,232,25,13.6044
71,0.26402,90,150,"2025-04-12_LUGAU",4.42086648983201,323,NA,NA,NA,NA,NA,NA,NA,NA,NA,NA,NA,NA,NA,NA,NA,NA,NA,6.875,232,25,13.572
72,0.26775,91,151,"2025-04-12_LUGAU",4.46588067166845,322,NA,NA,NA,NA,NA,NA,NA,NA,NA,NA,NA,NA,NA,NA,NA,NA,NA,6.875,232,25,13.4352
73,0.27152,91,152,"2025-04-12_LUGAU",4.43262411347518,319,NA,NA,NA,NA,NA,NA,NA,NA,NA,NA,NA,NA,NA,NA,NA,NA,NA,6.5,232,25,13.536
74,0.27527,91,153,"2025-04-12_LUGAU",4.43262411347518,318,NA,NA,NA,NA,NA,NA,NA,NA,NA,NA,NA,NA,NA,NA,NA,NA,NA,6.5,232,25,13.536
75,0.27902,92,153,"2025-04-12_LUGAU",4.45394619632995,316,NA,NA,NA,NA,NA,NA,NA,NA,NA,NA,NA,NA,NA,NA,NA,NA,NA,6.5,230,25,13.4712
76,0.28275,92,153,"2025-04-12_LUGAU",4.46588067166845,316,NA,NA,NA,NA,NA,NA,NA,NA,NA,NA,NA,NA,NA,NA,NA,NA,NA,6.5,230,25,13.4352
77,0.28648,91,154,"2025-04-12_LUGAU",4.46588067166845,314,NA,NA,NA,NA,NA,NA,NA,NA,NA,NA,NA,NA,NA,NA,NA,NA,NA,6.5,230,25,13.4352
78,0.29017,91,154,"2025-04-12_LUGAU",4.52161331162959,312,NA,NA,NA,NA,NA,NA,NA,NA,NA,NA,NA,NA,NA,NA,NA,NA,NA,6.5,234,25,13.2696
79,0.29386,90,154,"2025-04-12_LUGAU",4.510599909788,312,NA,NA,NA,NA,NA,NA,NA,NA,NA,NA,NA,NA,NA,NA,NA,NA,NA,6.5,234,25,13.302
80,0.29756,89,155,"2025-04-12_LUGAU",4.510599909788,313,NA,NA,NA,NA,NA,NA,NA,NA,NA,NA,NA,NA,NA,NA,NA,NA,NA,6.5,234,25,13.302
81,0.30126,89,155,"2025-04-12_LUGAU",4.4996400287977,313,NA,NA,NA,NA,NA,NA,NA,NA,NA,NA,NA,NA,NA,NA,NA,NA,NA,6.5,236,25,13.3344
82,0.30498,90,155,"2025-04-12_LUGAU",4.476676515355,313,NA,NA,NA,NA,NA,NA,NA,NA,NA,NA,NA,NA,NA,NA,NA,NA,NA,6.5,236,25,13.4028
83,0.30873,90,155,"2025-04-12_LUGAU",4.45394619632995,314,NA,NA,NA,NA,NA,NA,NA,NA,NA,NA,NA,NA,NA,NA,NA,NA,NA,6.625,236,25,13.4712
84,0.31249,91,155,"2025-04-12_LUGAU",4.42086648983201,314,NA,NA,NA,NA,NA,NA,NA,NA,NA,NA,NA,NA,NA,NA,NA,NA,NA,6.75,236,25,13.572
85,0.3163,91,156,"2025-04-12_LUGAU",4.37790035898783,319,NA,NA,NA,NA,NA,NA,NA,NA,NA,NA,NA,NA,NA,NA,NA,NA,NA,6.625,236,25,13.7052
86,0.32013,90,156,"2025-04-12_LUGAU",4.3561596096881,319,NA,NA,NA,NA,NA,NA,NA,NA,NA,NA,NA,NA,NA,NA,NA,NA,NA,6.625,236,25,13.7736
87,0.32401,91,156,"2025-04-12_LUGAU",4.29331959471063,319,NA,NA,NA,NA,NA,NA,NA,NA,NA,NA,NA,NA,NA,NA,NA,NA,NA,6.625,236,25,13.9752
88,0.32793,91,156,"2025-04-12_LUGAU",4.25278557455133,325,NA,NA,NA,NA,NA,NA,NA,NA,NA,NA,NA,NA,NA,NA,NA,NA,NA,6.75,224,25,14.1084
89,0.33186,91,156,"2025-04-12_LUGAU",4.24304141208418,327,NA,NA,NA,NA,NA,NA,NA,NA,NA,NA,NA,NA,NA,NA,NA,NA,NA,6.75,222,25,14.1408
90,0.33578,91,156,"2025-04-12_LUGAU",4.25278557455133,329,NA,NA,NA,NA,NA,NA,NA,NA,NA,NA,NA,NA,NA,NA,NA,NA,NA,6.75,220,25,14.1084
91,0.33968,91,156,"2025-04-12_LUGAU",4.26257459505541,328,NA,NA,NA,NA,NA,NA,NA,NA,NA,NA,NA,NA,NA,NA,NA,NA,NA,6.625,220,25,14.076
92,0.34358,92,156,"2025-04-12_LUGAU",4.27350427350427,329,NA,NA,NA,NA,NA,NA,NA,NA,NA,NA,NA,NA,NA,NA,NA,NA,NA,6.625,222,25,14.04
93,0.34749,92,156,"2025-04-12_LUGAU",4.26257459505541,329,NA,NA,NA,NA,NA,NA,NA,NA,NA,NA,NA,NA,NA,NA,NA,NA,NA,6.75,224,25,14.076
94,0.35137,92,156,"2025-04-12_LUGAU",4.30440771349862,329,NA,NA,NA,NA,NA,NA,NA,NA,NA,NA,NA,NA,NA,NA,NA,NA,NA,6.875,224,25,13.9392
95,0.35522,90,156,"2025-04-12_LUGAU",4.32451133021969,327,NA,NA,NA,NA,NA,NA,NA,NA,NA,NA,NA,NA,NA,NA,NA,NA,NA,7.125,224,25,13.8744
96,0.35906,90,156,"2025-04-12_LUGAU",4.33576135969476,326,NA,NA,NA,NA,NA,NA,NA,NA,NA,NA,NA,NA,NA,NA,NA,NA,NA,7.125,224,25,13.8384
97,0.36285,89,156,"2025-04-12_LUGAU",4.39985920450546,326,NA,NA,NA,NA,NA,NA,NA,NA,NA,NA,NA,NA,NA,NA,NA,NA,NA,7.25,224,25,13.6368
98,0.36663,91,156,"2025-04-12_LUGAU",4.41033783187792,322,NA,NA,NA,NA,NA,NA,NA,NA,NA,NA,NA,NA,NA,NA,NA,NA,NA,7.125,224,25,13.6044
99,0.3704,91,156,"2025-04-12_LUGAU",4.42086648983201,322,NA,NA,NA,NA,NA,NA,NA,NA,NA,NA,NA,NA,NA,NA,NA,NA,NA,6.875,228,25,13.572
100,0.37416,91,156,"2025-04-12_LUGAU",4.43262411347518,322,NA,NA,NA,NA,NA,NA,NA,NA,NA,NA,NA,NA,NA,NA,NA,NA,NA,6.875,228,24,13.536
101,0.37791,91,156,"2025-04-12_LUGAU",4.44325957522438,320,NA,NA,NA,NA,NA,NA,NA,NA,NA,NA,NA,NA,NA,NA,NA,NA,NA,6.875,228,24,13.5036
102,0.38167,91,156,"2025-04-12_LUGAU",4.43262411347518,318,NA,NA,NA,NA,NA,NA,NA,NA,NA,NA,NA,NA,NA,NA,NA,NA,NA,6.875,230,24,13.536
103,0.3854,91,156,"2025-04-12_LUGAU",4.476676515355,318,NA,NA,NA,NA,NA,NA,NA,NA,NA,NA,NA,NA,NA,NA,NA,NA,NA,6.875,230,24,13.4028
104,0.3891,90,156,"2025-04-12_LUGAU",4.4996400287977,316,NA,NA,NA,NA,NA,NA,NA,NA,NA,NA,NA,NA,NA,NA,NA,NA,NA,6.75,230,24,13.3344
105,0.39279,89,156,"2025-04-12_LUGAU",4.52161331162959,312,NA,NA,NA,NA,NA,NA,NA,NA,NA,NA,NA,NA,NA,NA,NA,NA,NA,6.75,230,24,13.2696
106,0.39649,88,156,"2025-04-12_LUGAU",4.4996400287977,312,NA,NA,NA,NA,NA,NA,NA,NA,NA,NA,NA,NA,NA,NA,NA,NA,NA,7,236,24,13.3344
107,0.40021,88,156,"2025-04-12_LUGAU",4.48752468138575,316,NA,NA,NA,NA,NA,NA,NA,NA,NA,NA,NA,NA,NA,NA,NA,NA,NA,7.25,236,24,13.3704
108,0.40395,88,156,"2025-04-12_LUGAU",4.44325957522438,316,NA,NA,NA,NA,NA,NA,NA,NA,NA,NA,NA,NA,NA,NA,NA,NA,NA,7.25,236,24,13.5036
109,0.40777,88,156,"2025-04-12_LUGAU",4.3675751222921,325,NA,NA,NA,NA,NA,NA,NA,NA,NA,NA,NA,NA,NA,NA,NA,NA,NA,7.25,230,24,13.7376
110,0.41167,88,156,"2025-04-12_LUGAU",4.27350427350427,325,NA,NA,NA,NA,NA,NA,NA,NA,NA,NA,NA,NA,NA,NA,NA,NA,NA,7.25,230,24,14.04
111,0.41558,89,156,"2025-04-12_LUGAU",4.26257459505541,332,NA,NA,NA,NA,NA,NA,NA,NA,NA,NA,NA,NA,NA,NA,NA,NA,NA,7.25,226,24,14.076
112,0.41953,89,156,"2025-04-12_LUGAU",4.22261633307998,334,NA,NA,NA,NA,NA,NA,NA,NA,NA,NA,NA,NA,NA,NA,NA,NA,NA,7.25,222,24,14.2092
113,0.42349,89,156,"2025-04-12_LUGAU",4.20238695579089,338,NA,NA,NA,NA,NA,NA,NA,NA,NA,NA,NA,NA,NA,NA,NA,NA,NA,7.25,222,24,14.2776
114,0.42741,89,156,"2025-04-12_LUGAU",4.25278557455133,335,NA,NA,NA,NA,NA,NA,NA,NA,NA,NA,NA,NA,NA,NA,NA,NA,NA,7.25,222,24,14.1084
115,0.4313,90,157,"2025-04-12_LUGAU",4.28338901739056,335,NA,NA,NA,NA,NA,NA,NA,NA,NA,NA,NA,NA,NA,NA,NA,NA,NA,7.25,224,24,14.0076
116,0.43518,90,157,"2025-04-12_LUGAU",4.29331959471063,333,NA,NA,NA,NA,NA,NA,NA,NA,NA,NA,NA,NA,NA,NA,NA,NA,NA,7,226,24,13.9752
117,0.43904,91,158,"2025-04-12_LUGAU",4.32451133021969,330,NA,NA,NA,NA,NA,NA,NA,NA,NA,NA,NA,NA,NA,NA,NA,NA,NA,6.875,226,24,13.8744
118,0.44286,91,159,"2025-04-12_LUGAU",4.3561596096881,327,NA,NA,NA,NA,NA,NA,NA,NA,NA,NA,NA,NA,NA,NA,NA,NA,NA,6.875,228,24,13.7736
119,0.4467,91,159,"2025-04-12_LUGAU",4.34593654932638,325,NA,NA,NA,NA,NA,NA,NA,NA,NA,NA,NA,NA,NA,NA,NA,NA,NA,6.75,228,24,13.806
120,0.45052,91,159,"2025-04-12_LUGAU",4.3561596096881,325,NA,NA,NA,NA,NA,NA,NA,NA,NA,NA,NA,NA,NA,NA,NA,NA,NA,6.75,228,24,13.7736
121,0.45431,90,159,"2025-04-12_LUGAU",4.39985920450546,324,NA,NA,NA,NA,NA,NA,NA,NA,NA,NA,NA,NA,NA,NA,NA,NA,NA,6.75,226,24,13.6368
122,0.45807,90,158,"2025-04-12_LUGAU",4.43262411347518,321,NA,NA,NA,NA,NA,NA,NA,NA,NA,NA,NA,NA,NA,NA,NA,NA,NA,6.75,228,24,13.536
123,0.46178,90,158,"2025-04-12_LUGAU",4.4996400287977,318,NA,NA,NA,NA,NA,NA,NA,NA,NA,NA,NA,NA,NA,NA,NA,NA,NA,6.75,232,24,13.3344
124,0.46548,90,157,"2025-04-12_LUGAU",4.4996400287977,315,NA,NA,NA,NA,NA,NA,NA,NA,NA,NA,NA,NA,NA,NA,NA,NA,NA,6.75,234,24,13.3344
125,0.46919,90,157,"2025-04-12_LUGAU",4.4996400287977,315,NA,NA,NA,NA,NA,NA,NA,NA,NA,NA,NA,NA,NA,NA,NA,NA,NA,6.75,234,24,13.3344
126,0.47294,91,157,"2025-04-12_LUGAU",4.44325957522438,315,NA,NA,NA,NA,NA,NA,NA,NA,NA,NA,NA,NA,NA,NA,NA,NA,NA,6.75,234,24,13.5036
127,0.47672,91,157,"2025-04-12_LUGAU",4.41033783187792,317,NA,NA,NA,NA,NA,NA,NA,NA,NA,NA,NA,NA,NA,NA,NA,NA,NA,6.625,234,24,13.6044
128,0.48054,91,157,"2025-04-12_LUGAU",4.3561596096881,320,NA,NA,NA,NA,NA,NA,NA,NA,NA,NA,NA,NA,NA,NA,NA,NA,NA,6.75,234,24,13.7736
129,0.48434,90,157,"2025-04-12_LUGAU",4.38827453045463,324,NA,NA,NA,NA,NA,NA,NA,NA,NA,NA,NA,NA,NA,NA,NA,NA,NA,6.75,234,24,13.6728
130,0.48813,90,157,"2025-04-12_LUGAU",4.39985920450546,324,NA,NA,NA,NA,NA,NA,NA,NA,NA,NA,NA,NA,NA,NA,NA,NA,NA,6.75,234,24,13.6368
131,0.4919,90,157,"2025-04-12_LUGAU",4.42086648983201,323,NA,NA,NA,NA,NA,NA,NA,NA,NA,NA,NA,NA,NA,NA,NA,NA,NA,6.75,234,24,13.572
132,0.49568,90,157,"2025-04-12_LUGAU",4.41033783187792,321,NA,NA,NA,NA,NA,NA,NA,NA,NA,NA,NA,NA,NA,NA,NA,NA,NA,6.75,234,24,13.6044
133,0.49944,90,156,"2025-04-12_LUGAU",4.43262411347518,319,NA,NA,NA,NA,NA,NA,NA,NA,NA,NA,NA,NA,NA,NA,NA,NA,NA,6.75,234,24,13.536
134,0.50322,89,156,"2025-04-12_LUGAU",4.39985920450546,317,NA,NA,NA,NA,NA,NA,NA,NA,NA,NA,NA,NA,NA,NA,NA,NA,NA,6.875,232,24,13.6368
135,0.50701,89,154,"2025-04-12_LUGAU",4.39985920450546,320,NA,NA,NA,NA,NA,NA,NA,NA,NA,NA,NA,NA,NA,NA,NA,NA,NA,6.875,234,24,13.6368
136,0.51078,88,155,"2025-04-12_LUGAU",4.42086648983201,319,NA,NA,NA,NA,NA,NA,NA,NA,NA,NA,NA,NA,NA,NA,NA,NA,NA,6.875,234,24,13.572
137,0.51454,88,154,"2025-04-12_LUGAU",4.43262411347518,318,NA,NA,NA,NA,NA,NA,NA,NA,NA,NA,NA,NA,NA,NA,NA,NA,NA,7.125,234,24,13.536
138,0.51831,89,154,"2025-04-12_LUGAU",4.42086648983201,319,NA,NA,NA,NA,NA,NA,NA,NA,NA,NA,NA,NA,NA,NA,NA,NA,NA,6.875,234,24,13.572
139,0.5221,90,155,"2025-04-12_LUGAU",4.39985920450546,320,NA,NA,NA,NA,NA,NA,NA,NA,NA,NA,NA,NA,NA,NA,NA,NA,NA,6.875,234,24,13.6368
140,0.52592,91,154,"2025-04-12_LUGAU",4.3675751222921,321,NA,NA,NA,NA,NA,NA,NA,NA,NA,NA,NA,NA,NA,NA,NA,NA,NA,6.875,234,24,13.7376
141,0.52978,91,156,"2025-04-12_LUGAU",4.31443610320131,322,NA,NA,NA,NA,NA,NA,NA,NA,NA,NA,NA,NA,NA,NA,NA,NA,NA,6.625,232,24,13.9068
142,0.53365,91,155,"2025-04-12_LUGAU",4.30440771349862,325,NA,NA,NA,NA,NA,NA,NA,NA,NA,NA,NA,NA,NA,NA,NA,NA,NA,6.625,232,24,13.9392
143,0.53758,91,157,"2025-04-12_LUGAU",4.24304141208418,327,NA,NA,NA,NA,NA,NA,NA,NA,NA,NA,NA,NA,NA,NA,NA,NA,NA,6.625,232,24,14.1408
144,0.5415,91,157,"2025-04-12_LUGAU",4.25278557455133,330,NA,NA,NA,NA,NA,NA,NA,NA,NA,NA,NA,NA,NA,NA,NA,NA,NA,6.625,230,24,14.1084
145,0.54541,90,158,"2025-04-12_LUGAU",4.26257459505541,331,NA,NA,NA,NA,NA,NA,NA,NA,NA,NA,NA,NA,NA,NA,NA,NA,NA,6.625,228,24,14.076
146,0.54932,90,159,"2025-04-12_LUGAU",4.26257459505541,330,NA,NA,NA,NA,NA,NA,NA,NA,NA,NA,NA,NA,NA,NA,NA,NA,NA,6.625,228,24,14.076
147,0.55324,90,159,"2025-04-12_LUGAU",4.25278557455133,330,NA,NA,NA,NA,NA,NA,NA,NA,NA,NA,NA,NA,NA,NA,NA,NA,NA,7,226,24,14.1084
148,0.55713,90,159,"2025-04-12_LUGAU",4.28338901739056,331,NA,NA,NA,NA,NA,NA,NA,NA,NA,NA,NA,NA,NA,NA,NA,NA,NA,7,226,24,14.0076
149,0.56102,90,159,"2025-04-12_LUGAU",4.28338901739056,328,NA,NA,NA,NA,NA,NA,NA,NA,NA,NA,NA,NA,NA,NA,NA,NA,NA,7,226,24,14.0076
150,0.5649,90,159,"2025-04-12_LUGAU",4.29331959471063,327,NA,NA,NA,NA,NA,NA,NA,NA,NA,NA,NA,NA,NA,NA,NA,NA,NA,7,228,24,13.9752
151,0.56876,89,159,"2025-04-12_LUGAU",4.31443610320131,328,NA,NA,NA,NA,NA,NA,NA,NA,NA,NA,NA,NA,NA,NA,NA,NA,NA,7,228,24,13.9068
152,0.57262,89,159,"2025-04-12_LUGAU",4.32451133021969,327,NA,NA,NA,NA,NA,NA,NA,NA,NA,NA,NA,NA,NA,NA,NA,NA,NA,6.875,230,24,13.8744
153,0.57644,88,159,"2025-04-12_LUGAU",4.3561596096881,325,NA,NA,NA,NA,NA,NA,NA,NA,NA,NA,NA,NA,NA,NA,NA,NA,NA,7,232,24,13.7736
154,0.58023,88,159,"2025-04-12_LUGAU",4.39985920450546,324,NA,NA,NA,NA,NA,NA,NA,NA,NA,NA,NA,NA,NA,NA,NA,NA,NA,7,232,24,13.6368
155,0.58401,89,160,"2025-04-12_LUGAU",4.41033783187792,320,NA,NA,NA,NA,NA,NA,NA,NA,NA,NA,NA,NA,NA,NA,NA,NA,NA,7,232,24,13.6044
156,0.58778,89,160,"2025-04-12_LUGAU",4.42086648983201,319,NA,NA,NA,NA,NA,NA,NA,NA,NA,NA,NA,NA,NA,NA,NA,NA,NA,7,234,24,13.572
157,0.59155,89,161,"2025-04-12_LUGAU",4.42086648983201,320,NA,NA,NA,NA,NA,NA,NA,NA,NA,NA,NA,NA,NA,NA,NA,NA,NA,7,234,24,13.572
158,0.59534,90,161,"2025-04-12_LUGAU",4.39985920450546,320,NA,NA,NA,NA,NA,NA,NA,NA,NA,NA,NA,NA,NA,NA,NA,NA,NA,6.75,232,24,13.6368
159,0.59917,90,161,"2025-04-12_LUGAU",4.3561596096881,320,NA,NA,NA,NA,NA,NA,NA,NA,NA,NA,NA,NA,NA,NA,NA,NA,NA,6.75,232,24,13.7736
160,0.603,90,161,"2025-04-12_LUGAU",4.34593654932638,321,NA,NA,NA,NA,NA,NA,NA,NA,NA,NA,NA,NA,NA,NA,NA,NA,NA,6.75,232,24,13.806
161,0.60685,90,162,"2025-04-12_LUGAU",4.32451133021969,322,NA,NA,NA,NA,NA,NA,NA,NA,NA,NA,NA,NA,NA,NA,NA,NA,NA,6.875,232,24,13.8744
162,0.61071,89,161,"2025-04-12_LUGAU",4.32451133021969,324,NA,NA,NA,NA,NA,NA,NA,NA,NA,NA,NA,NA,NA,NA,NA,NA,NA,7,230,24,13.8744
163,0.61457,89,161,"2025-04-12_LUGAU",4.31443610320131,324,NA,NA,NA,NA,NA,NA,NA,NA,NA,NA,NA,NA,NA,NA,NA,NA,NA,7.125,232,24,13.9068
164,0.61846,89,161,"2025-04-12_LUGAU",4.28338901739056,327,NA,NA,NA,NA,NA,NA,NA,NA,NA,NA,NA,NA,NA,NA,NA,NA,NA,7.125,234,24,14.0076
165,0.62234,89,161,"2025-04-12_LUGAU",4.29331959471063,328,NA,NA,NA,NA,NA,NA,NA,NA,NA,NA,NA,NA,NA,NA,NA,NA,NA,7.125,234,24,13.9752
166,0.62624,89,161,"2025-04-12_LUGAU",4.27350427350427,330,NA,NA,NA,NA,NA,NA,NA,NA,NA,NA,NA,NA,NA,NA,NA,NA,NA,7,234,24,14.04
167,0.63015,89,160,"2025-04-12_LUGAU",4.26257459505541,331,NA,NA,NA,NA,NA,NA,NA,NA,NA,NA,NA,NA,NA,NA,NA,NA,NA,7,232,24,14.076
168,0.63407,89,160,"2025-04-12_LUGAU",4.25278557455133,331,NA,NA,NA,NA,NA,NA,NA,NA,NA,NA,NA,NA,NA,NA,NA,NA,NA,7,232,24,14.1084
169,0.63799,89,160,"2025-04-12_LUGAU",4.25278557455133,332,NA,NA,NA,NA,NA,NA,NA,NA,NA,NA,NA,NA,NA,NA,NA,NA,NA,7,232,24,14.1084
170,0.64193,90,161,"2025-04-12_LUGAU",4.2322668020992,332,NA,NA,NA,NA,NA,NA,NA,NA,NA,NA,NA,NA,NA,NA,NA,NA,NA,6.875,232,24,14.1768
171,0.64587,90,161,"2025-04-12_LUGAU",4.22261633307998,332,NA,NA,NA,NA,NA,NA,NA,NA,NA,NA,NA,NA,NA,NA,NA,NA,NA,6.875,232,24,14.2092
172,0.64987,90,161,"2025-04-12_LUGAU",4.17292605575029,333,NA,NA,NA,NA,NA,NA,NA,NA,NA,NA,NA,NA,NA,NA,NA,NA,NA,6.625,232,24,14.3784
173,0.65384,90,161,"2025-04-12_LUGAU",4.19287211740042,337,NA,NA,NA,NA,NA,NA,NA,NA,NA,NA,NA,NA,NA,NA,NA,NA,NA,6.625,232,24,14.31
174,0.65779,90,161,"2025-04-12_LUGAU",4.22261633307998,334,NA,NA,NA,NA,NA,NA,NA,NA,NA,NA,NA,NA,NA,NA,NA,NA,NA,6.625,232,24,14.2092
175,0.66172,90,161,"2025-04-12_LUGAU",4.24304141208418,332,NA,NA,NA,NA,NA,NA,NA,NA,NA,NA,NA,NA,NA,NA,NA,NA,NA,6.625,224,24,14.1408
176,0.66561,90,161,"2025-04-12_LUGAU",4.28338901739056,330,NA,NA,NA,NA,NA,NA,NA,NA,NA,NA,NA,NA,NA,NA,NA,NA,NA,6.625,224,24,14.0076
177,0.66944,89,161,"2025-04-12_LUGAU",4.3561596096881,327,NA,NA,NA,NA,NA,NA,NA,NA,NA,NA,NA,NA,NA,NA,NA,NA,NA,6.875,226,24,13.7736
178,0.67323,89,161,"2025-04-12_LUGAU",4.38827453045463,322,NA,NA,NA,NA,NA,NA,NA,NA,NA,NA,NA,NA,NA,NA,NA,NA,NA,6.875,228,24,13.6728
179,0.67704,88,162,"2025-04-12_LUGAU",4.37790035898783,321,NA,NA,NA,NA,NA,NA,NA,NA,NA,NA,NA,NA,NA,NA,NA,NA,NA,6.875,230,24,13.7052
180,0.68085,88,161,"2025-04-12_LUGAU",4.3675751222921,322,NA,NA,NA,NA,NA,NA,NA,NA,NA,NA,NA,NA,NA,NA,NA,NA,NA,6.875,232,24,13.7376
181,0.68466,88,161,"2025-04-12_LUGAU",4.37790035898783,323,NA,NA,NA,NA,NA,NA,NA,NA,NA,NA,NA,NA,NA,NA,NA,NA,NA,7,230,24,13.7052
182,0.68848,89,161,"2025-04-12_LUGAU",4.3675751222921,324,NA,NA,NA,NA,NA,NA,NA,NA,NA,NA,NA,NA,NA,NA,NA,NA,NA,7,230,24,13.7376
183,0.69232,89,161,"2025-04-12_LUGAU",4.33576135969476,326,NA,NA,NA,NA,NA,NA,NA,NA,NA,NA,NA,NA,NA,NA,NA,NA,NA,6.875,228,24,13.8384
184,0.69615,89,161,"2025-04-12_LUGAU",4.3561596096881,326,NA,NA,NA,NA,NA,NA,NA,NA,NA,NA,NA,NA,NA,NA,NA,NA,NA,7,228,24,13.7736
185,0.69997,89,161,"2025-04-12_LUGAU",4.3675751222921,325,NA,NA,NA,NA,NA,NA,NA,NA,NA,NA,NA,NA,NA,NA,NA,NA,NA,7.125,230,24,13.7376
186,0.70378,89,161,"2025-04-12_LUGAU",4.3675751222921,323,NA,NA,NA,NA,NA,NA,NA,NA,NA,NA,NA,NA,NA,NA,NA,NA,NA,7.125,230,24,13.7376
187,0.70761,89,161,"2025-04-12_LUGAU",4.3561596096881,324,NA,NA,NA,NA,NA,NA,NA,NA,NA,NA,NA,NA,NA,NA,NA,NA,NA,7.125,230,24,13.7736
188,0.71144,88,162,"2025-04-12_LUGAU",4.34593654932638,324,NA,NA,NA,NA,NA,NA,NA,NA,NA,NA,NA,NA,NA,NA,NA,NA,NA,7.125,232,24,13.806
189,0.71528,88,162,"2025-04-12_LUGAU",4.33576135969476,325,NA,NA,NA,NA,NA,NA,NA,NA,NA,NA,NA,NA,NA,NA,NA,NA,NA,7.25,232,24,13.8384
190,0.71915,88,162,"2025-04-12_LUGAU",4.31443610320131,327,NA,NA,NA,NA,NA,NA,NA,NA,NA,NA,NA,NA,NA,NA,NA,NA,NA,7.25,230,24,13.9068
191,0.72301,87,162,"2025-04-12_LUGAU",4.31443610320131,328,NA,NA,NA,NA,NA,NA,NA,NA,NA,NA,NA,NA,NA,NA,NA,NA,NA,7.375,230,24,13.9068
192,0.72688,87,162,"2025-04-12_LUGAU",4.30440771349862,330,NA,NA,NA,NA,NA,NA,NA,NA,NA,NA,NA,NA,NA,NA,NA,NA,NA,7.375,232,24,13.9392
193,0.73078,87,162,"2025-04-12_LUGAU",4.27350427350427,330,NA,NA,NA,NA,NA,NA,NA,NA,NA,NA,NA,NA,NA,NA,NA,NA,NA,7.375,230,24,14.04
194,0.7347,88,161,"2025-04-12_LUGAU",4.25278557455133,331,NA,NA,NA,NA,NA,NA,NA,NA,NA,NA,NA,NA,NA,NA,NA,NA,NA,7.25,230,24,14.1084
195,0.73864,88,162,"2025-04-12_LUGAU",4.2322668020992,334,NA,NA,NA,NA,NA,NA,NA,NA,NA,NA,NA,NA,NA,NA,NA,NA,NA,7.25,226,23,14.1768
196,0.74259,88,162,"2025-04-12_LUGAU",4.22261633307998,334,NA,NA,NA,NA,NA,NA,NA,NA,NA,NA,NA,NA,NA,NA,NA,NA,NA,7.125,226,23,14.2092
197,0.74651,88,162,"2025-04-12_LUGAU",4.25278557455133,334,NA,NA,NA,NA,NA,NA,NA,NA,NA,NA,NA,NA,NA,NA,NA,NA,NA,7.125,226,23,14.1084
198,0.75038,88,162,"2025-04-12_LUGAU",4.30440771349862,332,NA,NA,NA,NA,NA,NA,NA,NA,NA,NA,NA,NA,NA,NA,NA,NA,NA,7.125,226,23,13.9392
199,0.75427,89,162,"2025-04-12_LUGAU",4.28338901739056,328,NA,NA,NA,NA,NA,NA,NA,NA,NA,NA,NA,NA,NA,NA,NA,NA,NA,7.25,226,23,14.0076
200,0.75813,89,162,"2025-04-12_LUGAU",4.31443610320131,329,NA,NA,NA,NA,NA,NA,NA,NA,NA,NA,NA,NA,NA,NA,NA,NA,NA,7.25,226,23,13.9068
201,0.76199,88,162,"2025-04-12_LUGAU",4.32451133021969,327,NA,NA,NA,NA,NA,NA,NA,NA,NA,NA,NA,NA,NA,NA,NA,NA,NA,7.375,226,23,13.8744
202,0.76588,88,163,"2025-04-12_LUGAU",4.28338901739056,326,NA,NA,NA,NA,NA,NA,NA,NA,NA,NA,NA,NA,NA,NA,NA,NA,NA,7.25,226,23,14.0076
203,0.76982,89,163,"2025-04-12_LUGAU",4.22261633307998,329,NA,NA,NA,NA,NA,NA,NA,NA,NA,NA,NA,NA,NA,NA,NA,NA,NA,7.25,228,23,14.2092
204,0.77376,88,163,"2025-04-12_LUGAU",4.2322668020992,333,NA,NA,NA,NA,NA,NA,NA,NA,NA,NA,NA,NA,NA,NA,NA,NA,NA,7.25,228,23,14.1768
205,0.77772,88,163,"2025-04-12_LUGAU",4.21300977418268,332,NA,NA,NA,NA,NA,NA,NA,NA,NA,NA,NA,NA,NA,NA,NA,NA,NA,7.25,228,23,14.2416
206,0.78169,87,163,"2025-04-12_LUGAU",4.19287211740042,334,NA,NA,NA,NA,NA,NA,NA,NA,NA,NA,NA,NA,NA,NA,NA,NA,NA,7.5,228,23,14.31
207,0.78566,88,163,"2025-04-12_LUGAU",4.20238695579089,336,NA,NA,NA,NA,NA,NA,NA,NA,NA,NA,NA,NA,NA,NA,NA,NA,NA,7.5,228,23,14.2776
208,0.78961,89,163,"2025-04-12_LUGAU",4.21300977418268,337,NA,NA,NA,NA,NA,NA,NA,NA,NA,NA,NA,NA,NA,NA,NA,NA,NA,7.5,230,23,14.2416
209,0.79355,89,163,"2025-04-12_LUGAU",4.2322668020992,336,NA,NA,NA,NA,NA,NA,NA,NA,NA,NA,NA,NA,NA,NA,NA,NA,NA,7.5,230,23,14.1768
210,0.79746,89,163,"2025-04-12_LUGAU",4.26257459505541,335,NA,NA,NA,NA,NA,NA,NA,NA,NA,NA,NA,NA,NA,NA,NA,NA,NA,7.5,230,23,14.076
211,0.80135,89,163,"2025-04-12_LUGAU",4.28338901739056,332,NA,NA,NA,NA,NA,NA,NA,NA,NA,NA,NA,NA,NA,NA,NA,NA,NA,7.5,230,23,14.0076
212,0.80527,89,162,"2025-04-12_LUGAU",4.25278557455133,332,NA,NA,NA,NA,NA,NA,NA,NA,NA,NA,NA,NA,NA,NA,NA,NA,NA,7.5,230,23,14.1084
213,0.80915,89,162,"2025-04-12_LUGAU",4.29331959471063,331,NA,NA,NA,NA,NA,NA,NA,NA,NA,NA,NA,NA,NA,NA,NA,NA,NA,7.5,228,23,13.9752
214,0.81302,89,163,"2025-04-12_LUGAU",4.30440771349862,328,NA,NA,NA,NA,NA,NA,NA,NA,NA,NA,NA,NA,NA,NA,NA,NA,NA,7.5,228,23,13.9392
215,0.81694,89,162,"2025-04-12_LUGAU",4.25278557455133,328,NA,NA,NA,NA,NA,NA,NA,NA,NA,NA,NA,NA,NA,NA,NA,NA,NA,7.5,226,23,14.1084
216,0.82087,89,164,"2025-04-12_LUGAU",4.24304141208418,332,NA,NA,NA,NA,NA,NA,NA,NA,NA,NA,NA,NA,NA,NA,NA,NA,NA,7.5,224,23,14.1408
217,0.82478,89,163,"2025-04-12_LUGAU",4.26257459505541,333,NA,NA,NA,NA,NA,NA,NA,NA,NA,NA,NA,NA,NA,NA,NA,NA,NA,7.375,224,23,14.076
218,0.82872,89,161,"2025-04-12_LUGAU",4.2322668020992,332,NA,NA,NA,NA,NA,NA,NA,NA,NA,NA,NA,NA,NA,NA,NA,NA,NA,7.5,226,23,14.1768
219,0.83268,89,162,"2025-04-12_LUGAU",4.20238695579089,335,NA,NA,NA,NA,NA,NA,NA,NA,NA,NA,NA,NA,NA,NA,NA,NA,NA,7.5,228,23,14.2776
220,0.83662,88,161,"2025-04-12_LUGAU",4.2322668020992,336,NA,NA,NA,NA,NA,NA,NA,NA,NA,NA,NA,NA,NA,NA,NA,NA,NA,7.5,228,23,14.1768
221,0.84062,88,163,"2025-04-12_LUGAU",4.17292605575029,334,NA,NA,NA,NA,NA,NA,NA,NA,NA,NA,NA,NA,NA,NA,NA,NA,NA,7.5,230,23,14.3784
222,0.84465,88,163,"2025-04-12_LUGAU",4.13462333581411,338,NA,NA,NA,NA,NA,NA,NA,NA,NA,NA,NA,NA,NA,NA,NA,NA,NA,7.375,228,23,14.5116
223,0.84868,89,163,"2025-04-12_LUGAU",4.13462333581411,341,NA,NA,NA,NA,NA,NA,NA,NA,NA,NA,NA,NA,NA,NA,NA,NA,NA,7.375,224,23,14.5116
224,0.85268,88,163,"2025-04-12_LUGAU",4.16354400866017,341,NA,NA,NA,NA,NA,NA,NA,NA,NA,NA,NA,NA,NA,NA,NA,NA,NA,7.375,222,23,14.4108
225,0.85669,88,163,"2025-04-12_LUGAU",4.15420405450316,339,NA,NA,NA,NA,NA,NA,NA,NA,NA,NA,NA,NA,NA,NA,NA,NA,NA,7.25,222,23,14.4432
226,0.86068,89,163,"2025-04-12_LUGAU",4.18340026773762,339,NA,NA,NA,NA,NA,NA,NA,NA,NA,NA,NA,NA,NA,NA,NA,NA,NA,7.125,222,23,14.3424
227,0.86463,89,163,"2025-04-12_LUGAU",4.21300977418268,336,NA,NA,NA,NA,NA,NA,NA,NA,NA,NA,NA,NA,NA,NA,NA,NA,NA,7.125,222,23,14.2416
228,0.86861,89,164,"2025-04-12_LUGAU",4.19287211740042,336,NA,NA,NA,NA,NA,NA,NA,NA,NA,NA,NA,NA,NA,NA,NA,NA,NA,7.125,222,23,14.31
229,0.87261,90,164,"2025-04-12_LUGAU",4.16354400866017,336,NA,NA,NA,NA,NA,NA,NA,NA,NA,NA,NA,NA,NA,NA,NA,NA,NA,7.125,226,23,14.4108
230,0.87659,90,164,"2025-04-12_LUGAU",4.19287211740042,339,NA,NA,NA,NA,NA,NA,NA,NA,NA,NA,NA,NA,NA,NA,NA,NA,NA,6.875,226,23,14.31
231,0.88051,90,164,"2025-04-12_LUGAU",4.24304141208418,335,NA,NA,NA,NA,NA,NA,NA,NA,NA,NA,NA,NA,NA,NA,NA,NA,NA,6.75,226,23,14.1408
232,0.88439,91,164,"2025-04-12_LUGAU",4.30440771349862,332,NA,NA,NA,NA,NA,NA,NA,NA,NA,NA,NA,NA,NA,NA,NA,NA,NA,6.75,228,23,13.9392
233,0.8882,90,164,"2025-04-12_LUGAU",4.37790035898783,327,NA,NA,NA,NA,NA,NA,NA,NA,NA,NA,NA,NA,NA,NA,NA,NA,NA,6.75,232,23,13.7052
234,0.89196,86,164,"2025-04-12_LUGAU",4.42086648983201,321,NA,NA,NA,NA,NA,NA,NA,NA,NA,NA,NA,NA,NA,NA,NA,NA,NA,7,232,23,13.572
235,0.89572,86,163,"2025-04-12_LUGAU",4.43262411347518,319,NA,NA,NA,NA,NA,NA,NA,NA,NA,NA,NA,NA,NA,NA,NA,NA,NA,7.125,232,23,13.536
236,0.89948,86,163,"2025-04-12_LUGAU",4.43262411347518,317,NA,NA,NA,NA,NA,NA,NA,NA,NA,NA,NA,NA,NA,NA,NA,NA,NA,7.25,238,23,13.536
237,0.90328,87,163,"2025-04-12_LUGAU",4.38827453045463,317,NA,NA,NA,NA,NA,NA,NA,NA,NA,NA,NA,NA,NA,NA,NA,NA,NA,7.25,240,23,13.6728
238,0.90711,88,163,"2025-04-12_LUGAU",4.3561596096881,320,NA,NA,NA,NA,NA,NA,NA,NA,NA,NA,NA,NA,NA,NA,NA,NA,NA,7.25,236,23,13.7736
239,0.91092,88,163,"2025-04-12_LUGAU",4.3675751222921,324,NA,NA,NA,NA,NA,NA,NA,NA,NA,NA,NA,NA,NA,NA,NA,NA,NA,7.125,234,23,13.7376
240,0.91476,88,163,"2025-04-12_LUGAU",4.34593654932638,323,NA,NA,NA,NA,NA,NA,NA,NA,NA,NA,NA,NA,NA,NA,NA,NA,NA,7,234,23,13.806
241,0.9186,88,163,"2025-04-12_LUGAU",4.33576135969476,324,NA,NA,NA,NA,NA,NA,NA,NA,NA,NA,NA,NA,NA,NA,NA,NA,NA,7,234,23,13.8384
242,0.92248,88,163,"2025-04-12_LUGAU",4.30440771349862,325,NA,NA,NA,NA,NA,NA,NA,NA,NA,NA,NA,NA,NA,NA,NA,NA,NA,7,234,23,13.9392
243,0.92636,88,163,"2025-04-12_LUGAU",4.29331959471063,327,NA,NA,NA,NA,NA,NA,NA,NA,NA,NA,NA,NA,NA,NA,NA,NA,NA,7,234,23,13.9752
244,0.93025,87,163,"2025-04-12_LUGAU",4.28338901739056,327,NA,NA,NA,NA,NA,NA,NA,NA,NA,NA,NA,NA,NA,NA,NA,NA,NA,7.125,234,23,14.0076
245,0.93416,87,163,"2025-04-12_LUGAU",4.26257459505541,328,NA,NA,NA,NA,NA,NA,NA,NA,NA,NA,NA,NA,NA,NA,NA,NA,NA,7.25,234,23,14.076
246,0.93808,87,163,"2025-04-12_LUGAU",4.24304141208418,329,NA,NA,NA,NA,NA,NA,NA,NA,NA,NA,NA,NA,NA,NA,NA,NA,NA,7.25,234,23,14.1408
247,0.942,87,163,"2025-04-12_LUGAU",4.25278557455133,330,NA,NA,NA,NA,NA,NA,NA,NA,NA,NA,NA,NA,NA,NA,NA,NA,NA,7.25,234,23,14.1084
248,0.94593,87,163,"2025-04-12_LUGAU",4.24304141208418,331,NA,NA,NA,NA,NA,NA,NA,NA,NA,NA,NA,NA,NA,NA,NA,NA,NA,7.375,234,23,14.1408
249,0.94987,88,164,"2025-04-12_LUGAU",4.2322668020992,331,NA,NA,NA,NA,NA,NA,NA,NA,NA,NA,NA,NA,NA,NA,NA,NA,NA,7.25,234,23,14.1768
250,0.95381,88,164,"2025-04-12_LUGAU",4.2322668020992,332,NA,NA,NA,NA,NA,NA,NA,NA,NA,NA,NA,NA,NA,NA,NA,NA,NA,7.25,232,23,14.1768
251,0.95773,88,164,"2025-04-12_LUGAU",4.25278557455133,332,NA,NA,NA,NA,NA,NA,NA,NA,NA,NA,NA,NA,NA,NA,NA,NA,NA,7.25,232,23,14.1084
252,0.96164,88,165,"2025-04-12_LUGAU",4.26257459505541,332,NA,NA,NA,NA,NA,NA,NA,NA,NA,NA,NA,NA,NA,NA,NA,NA,NA,7.25,232,23,14.076
253,0.96555,88,165,"2025-04-12_LUGAU",4.26257459505541,330,NA,NA,NA,NA,NA,NA,NA,NA,NA,NA,NA,NA,NA,NA,NA,NA,NA,7.25,232,23,14.076
254,0.96946,88,165,"2025-04-12_LUGAU",4.25278557455133,330,NA,NA,NA,NA,NA,NA,NA,NA,NA,NA,NA,NA,NA,NA,NA,NA,NA,7.125,232,23,14.1084
255,0.9734,89,165,"2025-04-12_LUGAU",4.2322668020992,330,NA,NA,NA,NA,NA,NA,NA,NA,NA,NA,NA,NA,NA,NA,NA,NA,NA,7.125,232,23,14.1768
256,0.97736,89,165,"2025-04-12_LUGAU",4.21300977418268,332,NA,NA,NA,NA,NA,NA,NA,NA,NA,NA,NA,NA,NA,NA,NA,NA,NA,7.125,232,23,14.2416
257,0.98133,89,165,"2025-04-12_LUGAU",4.19287211740042,332,NA,NA,NA,NA,NA,NA,NA,NA,NA,NA,NA,NA,NA,NA,NA,NA,NA,7.125,232,23,14.31
258,0.98531,89,164,"2025-04-12_LUGAU",4.19287211740042,334,NA,NA,NA,NA,NA,NA,NA,NA,NA,NA,NA,NA,NA,NA,NA,NA,NA,7.25,232,23,14.31
259,0.98928,88,164,"2025-04-12_LUGAU",4.19287211740042,336,NA,NA,NA,NA,NA,NA,NA,NA,NA,NA,NA,NA,NA,NA,NA,NA,NA,7.25,224,23,14.31
260,0.99321,88,164,"2025-04-12_LUGAU",4.24304141208418,337,NA,NA,NA,NA,NA,NA,NA,NA,NA,NA,NA,NA,NA,NA,NA,NA,NA,7.5,226,23,14.1408
261,0.9971,87,163,"2025-04-12_LUGAU",4.28338901739056,334,NA,NA,NA,NA,NA,NA,NA,NA,NA,NA,NA,NA,NA,NA,NA,NA,NA,7.5,228,23,14.0076
262,1.00096,87,163,"2025-04-12_LUGAU",4.31443610320131,332,NA,NA,NA,NA,NA,NA,NA,NA,NA,NA,NA,NA,NA,NA,NA,NA,NA,7.5,232,23,13.9068
263,1.0048,87,163,"2025-04-12_LUGAU",4.34593654932638,328,NA,NA,NA,NA,NA,NA,NA,NA,NA,NA,NA,NA,NA,NA,NA,NA,NA,7.5,234,23,13.806
264,1.00862,88,163,"2025-04-12_LUGAU",4.3675751222921,326,NA,NA,NA,NA,NA,NA,NA,NA,NA,NA,NA,NA,NA,NA,NA,NA,NA,7.25,236,23,13.7376
265,1.01245,89,163,"2025-04-12_LUGAU",4.3561596096881,324,NA,NA,NA,NA,NA,NA,NA,NA,NA,NA,NA,NA,NA,NA,NA,NA,NA,7.25,236,23,13.7736
266,1.0163,89,164,"2025-04-12_LUGAU",4.31443610320131,324,NA,NA,NA,NA,NA,NA,NA,NA,NA,NA,NA,NA,NA,NA,NA,NA,NA,7.125,234,23,13.9068
267,1.0202,89,164,"2025-04-12_LUGAU",4.28338901739056,326,NA,NA,NA,NA,NA,NA,NA,NA,NA,NA,NA,NA,NA,NA,NA,NA,NA,7.125,232,23,14.0076
268,1.02409,89,164,"2025-04-12_LUGAU",4.28338901739056,329,NA,NA,NA,NA,NA,NA,NA,NA,NA,NA,NA,NA,NA,NA,NA,NA,NA,7.125,230,23,14.0076
269,1.02799,89,164,"2025-04-12_LUGAU",4.27350427350427,329,NA,NA,NA,NA,NA,NA,NA,NA,NA,NA,NA,NA,NA,NA,NA,NA,NA,7.125,230,23,14.04
270,1.0319,89,164,"2025-04-12_LUGAU",4.26257459505541,329,NA,NA,NA,NA,NA,NA,NA,NA,NA,NA,NA,NA,NA,NA,NA,NA,NA,7.125,230,23,14.076
271,1.03582,88,165,"2025-04-12_LUGAU",4.25278557455133,328,NA,NA,NA,NA,NA,NA,NA,NA,NA,NA,NA,NA,NA,NA,NA,NA,NA,7.125,230,23,14.1084
272,1.03971,88,165,"2025-04-12_LUGAU",4.28338901739056,330,NA,NA,NA,NA,NA,NA,NA,NA,NA,NA,NA,NA,NA,NA,NA,NA,NA,7.125,232,23,14.0076
273,1.04365,87,165,"2025-04-12_LUGAU",4.22261633307998,328,NA,NA,NA,NA,NA,NA,NA,NA,NA,NA,NA,NA,NA,NA,NA,NA,NA,7.25,234,23,14.2092
274,1.04766,87,165,"2025-04-12_LUGAU",4.16354400866017,331,NA,NA,NA,NA,NA,NA,NA,NA,NA,NA,NA,NA,NA,NA,NA,NA,NA,7.25,234,23,14.4108
275,1.05169,88,164,"2025-04-12_LUGAU",4.13462333581411,336,NA,NA,NA,NA,NA,NA,NA,NA,NA,NA,NA,NA,NA,NA,NA,NA,NA,7.25,232,23,14.5116
276,1.05572,88,164,"2025-04-12_LUGAU",4.13462333581411,339,NA,NA,NA,NA,NA,NA,NA,NA,NA,NA,NA,NA,NA,NA,NA,NA,NA,7.25,228,23,14.5116
277,1.05978,88,164,"2025-04-12_LUGAU",4.10610166707728,342,NA,NA,NA,NA,NA,NA,NA,NA,NA,NA,NA,NA,NA,NA,NA,NA,NA,7.5,222,23,14.6124
278,1.06381,88,164,"2025-04-12_LUGAU",4.13462333581411,341,NA,NA,NA,NA,NA,NA,NA,NA,NA,NA,NA,NA,NA,NA,NA,NA,NA,7.375,222,23,14.5116
279,1.06781,88,164,"2025-04-12_LUGAU",4.16354400866017,341,NA,NA,NA,NA,NA,NA,NA,NA,NA,NA,NA,NA,NA,NA,NA,NA,NA,7.375,224,23,14.4108
280,1.07179,88,165,"2025-04-12_LUGAU",4.19287211740042,340,NA,NA,NA,NA,NA,NA,NA,NA,NA,NA,NA,NA,NA,NA,NA,NA,NA,7.25,222,23,14.31
281,1.07575,89,165,"2025-04-12_LUGAU",4.20238695579089,337,NA,NA,NA,NA,NA,NA,NA,NA,NA,NA,NA,NA,NA,NA,NA,NA,NA,7.25,222,23,14.2776
282,1.07966,89,166,"2025-04-12_LUGAU",4.26257459505541,335,NA,NA,NA,NA,NA,NA,NA,NA,NA,NA,NA,NA,NA,NA,NA,NA,NA,7.125,226,23,14.076
283,1.08357,89,166,"2025-04-12_LUGAU",4.26257459505541,329,NA,NA,NA,NA,NA,NA,NA,NA,NA,NA,NA,NA,NA,NA,NA,NA,NA,7.25,230,23,14.076
284,1.08749,89,164,"2025-04-12_LUGAU",4.25278557455133,329,NA,NA,NA,NA,NA,NA,NA,NA,NA,NA,NA,NA,NA,NA,NA,NA,NA,7.25,230,23,14.1084
285,1.0914,88,165,"2025-04-12_LUGAU",4.26257459505541,330,NA,NA,NA,NA,NA,NA,NA,NA,NA,NA,NA,NA,NA,NA,NA,NA,NA,7.375,228,23,14.076
286,1.09533,88,165,"2025-04-12_LUGAU",4.24304141208418,330,NA,NA,NA,NA,NA,NA,NA,NA,NA,NA,NA,NA,NA,NA,NA,NA,NA,7.375,228,23,14.1408
287,1.0993,88,165,"2025-04-12_LUGAU",4.19287211740042,333,NA,NA,NA,NA,NA,NA,NA,NA,NA,NA,NA,NA,NA,NA,NA,NA,NA,7.375,228,23,14.31
288,1.1033,87,165,"2025-04-12_LUGAU",4.17292605575029,338,NA,NA,NA,NA,NA,NA,NA,NA,NA,NA,NA,NA,NA,NA,NA,NA,NA,7.625,228,23,14.3784
289,1.10727,87,165,"2025-04-12_LUGAU",4.19287211740042,338,NA,NA,NA,NA,NA,NA,NA,NA,NA,NA,NA,NA,NA,NA,NA,NA,NA,7.625,230,23,14.31
290,1.11124,87,165,"2025-04-12_LUGAU",4.20238695579089,337,NA,NA,NA,NA,NA,NA,NA,NA,NA,NA,NA,NA,NA,NA,NA,NA,NA,7.625,232,23,14.2776
291,1.11521,88,165,"2025-04-12_LUGAU",4.19287211740042,338,NA,NA,NA,NA,NA,NA,NA,NA,NA,NA,NA,NA,NA,NA,NA,NA,NA,7.375,232,23,14.31
292,1.11919,88,165,"2025-04-12_LUGAU",4.19287211740042,338,NA,NA,NA,NA,NA,NA,NA,NA,NA,NA,NA,NA,NA,NA,NA,NA,NA,7.375,230,23,14.31
293,1.12313,88,165,"2025-04-12_LUGAU",4.22261633307998,338,NA,NA,NA,NA,NA,NA,NA,NA,NA,NA,NA,NA,NA,NA,NA,NA,NA,7.375,230,23,14.2092
294,1.12711,88,165,"2025-04-12_LUGAU",4.19287211740042,336,NA,NA,NA,NA,NA,NA,NA,NA,NA,NA,NA,NA,NA,NA,NA,NA,NA,7.375,230,23,14.31
295,1.1311,88,165,"2025-04-12_LUGAU",4.17292605575029,338,NA,NA,NA,NA,NA,NA,NA,NA,NA,NA,NA,NA,NA,NA,NA,NA,NA,7.375,226,23,14.3784
296,1.13507,88,165,"2025-04-12_LUGAU",4.20238695579089,338,NA,NA,NA,NA,NA,NA,NA,NA,NA,NA,NA,NA,NA,NA,NA,NA,NA,7.375,226,23,14.2776
297,1.13906,88,165,"2025-04-12_LUGAU",4.17292605575029,336,NA,NA,NA,NA,NA,NA,NA,NA,NA,NA,NA,NA,NA,NA,NA,NA,NA,7.375,226,23,14.3784
298,1.14306,88,165,"2025-04-12_LUGAU",4.16354400866017,339,NA,NA,NA,NA,NA,NA,NA,NA,NA,NA,NA,NA,NA,NA,NA,NA,NA,7.375,228,23,14.4108
299,1.14707,88,165,"2025-04-12_LUGAU",4.16354400866017,339,NA,NA,NA,NA,NA,NA,NA,NA,NA,NA,NA,NA,NA,NA,NA,NA,NA,7.375,228,23,14.4108
300,1.15106,87,165,"2025-04-12_LUGAU",4.17292605575029,340,NA,NA,NA,NA,NA,NA,NA,NA,NA,NA,NA,NA,NA,NA,NA,NA,NA,7.125,230,23,14.3784
301,1.15509,87,166,"2025-04-12_LUGAU",4.1438753522294,340,NA,NA,NA,NA,NA,NA,NA,NA,NA,NA,NA,NA,NA,NA,NA,NA,NA,7.25,230,23,14.4792
302,1.15907,87,166,"2025-04-12_LUGAU",4.18340026773762,342,NA,NA,NA,NA,NA,NA,NA,NA,NA,NA,NA,NA,NA,NA,NA,NA,NA,7.125,230,23,14.3424
303,1.16307,87,166,"2025-04-12_LUGAU",4.16354400866017,340,NA,NA,NA,NA,NA,NA,NA,NA,NA,NA,NA,NA,NA,NA,NA,NA,NA,7.25,230,23,14.4108
304,1.16703,87,166,"2025-04-12_LUGAU",4.20238695579089,341,NA,NA,NA,NA,NA,NA,NA,NA,NA,NA,NA,NA,NA,NA,NA,NA,NA,7.25,230,23,14.2776
305,1.17102,87,166,"2025-04-12_LUGAU",4.18340026773762,337,NA,NA,NA,NA,NA,NA,NA,NA,NA,NA,NA,NA,NA,NA,NA,NA,NA,7.25,226,23,14.3424
306,1.17498,87,166,"2025-04-12_LUGAU",4.21300977418268,337,NA,NA,NA,NA,NA,NA,NA,NA,NA,NA,NA,NA,NA,NA,NA,NA,NA,7.375,226,23,14.2416
307,1.17892,88,166,"2025-04-12_LUGAU",4.22261633307998,334,NA,NA,NA,NA,NA,NA,NA,NA,NA,NA,NA,NA,NA,NA,NA,NA,NA,7.375,228,23,14.2092
308,1.18289,87,166,"2025-04-12_LUGAU",4.20238695579089,334,NA,NA,NA,NA,NA,NA,NA,NA,NA,NA,NA,NA,NA,NA,NA,NA,NA,7.375,228,23,14.2776
309,1.18683,87,166,"2025-04-12_LUGAU",4.22261633307998,335,NA,NA,NA,NA,NA,NA,NA,NA,NA,NA,NA,NA,NA,NA,NA,NA,NA,7.375,228,23,14.2092
310,1.19075,88,166,"2025-04-12_LUGAU",4.25278557455133,335,NA,NA,NA,NA,NA,NA,NA,NA,NA,NA,NA,NA,NA,NA,NA,NA,NA,7.375,228,23,14.1084
311,1.19465,88,166,"2025-04-12_LUGAU",4.27350427350427,334,NA,NA,NA,NA,NA,NA,NA,NA,NA,NA,NA,NA,NA,NA,NA,NA,NA,7.375,228,23,14.04
312,1.19853,87,167,"2025-04-12_LUGAU",4.30440771349862,333,NA,NA,NA,NA,NA,NA,NA,NA,NA,NA,NA,NA,NA,NA,NA,NA,NA,7.375,230,23,13.9392
313,1.20232,87,167,"2025-04-12_LUGAU",4.38827453045463,330,NA,NA,NA,NA,NA,NA,NA,NA,NA,NA,NA,NA,NA,NA,NA,NA,NA,7.375,232,23,13.6728
314,1.20612,87,167,"2025-04-12_LUGAU",4.38827453045463,325,NA,NA,NA,NA,NA,NA,NA,NA,NA,NA,NA,NA,NA,NA,NA,NA,NA,7.375,236,23,13.6728
315,1.20985,86,167,"2025-04-12_LUGAU",4.46588067166845,325,NA,NA,NA,NA,NA,NA,NA,NA,NA,NA,NA,NA,NA,NA,NA,NA,NA,7.375,236,23,13.4352
316,1.21364,86,167,"2025-04-12_LUGAU",4.39985920450546,322,NA,NA,NA,NA,NA,NA,NA,NA,NA,NA,NA,NA,NA,NA,NA,NA,NA,7.375,240,23,13.6368
317,1.21748,86,167,"2025-04-12_LUGAU",4.34593654932638,322,NA,NA,NA,NA,NA,NA,NA,NA,NA,NA,NA,NA,NA,NA,NA,NA,NA,7.375,240,23,13.806
318,1.22136,87,167,"2025-04-12_LUGAU",4.29331959471063,326,NA,NA,NA,NA,NA,NA,NA,NA,NA,NA,NA,NA,NA,NA,NA,NA,NA,7.375,236,23,13.9752
319,1.22525,87,167,"2025-04-12_LUGAU",4.28338901739056,328,NA,NA,NA,NA,NA,NA,NA,NA,NA,NA,NA,NA,NA,NA,NA,NA,NA,7.375,232,23,14.0076
320,1.22922,87,167,"2025-04-12_LUGAU",4.20238695579089,331,NA,NA,NA,NA,NA,NA,NA,NA,NA,NA,NA,NA,NA,NA,NA,NA,NA,7.5,228,23,14.2776
321,1.23316,87,167,"2025-04-12_LUGAU",4.22261633307998,338,NA,NA,NA,NA,NA,NA,NA,NA,NA,NA,NA,NA,NA,NA,NA,NA,NA,7.375,226,23,14.2092
322,1.23705,87,167,"2025-04-12_LUGAU",4.29331959471063,335,NA,NA,NA,NA,NA,NA,NA,NA,NA,NA,NA,NA,NA,NA,NA,NA,NA,7.5,226,23,13.9752
323,1.24091,87,167,"2025-04-12_LUGAU",4.31443610320131,331,NA,NA,NA,NA,NA,NA,NA,NA,NA,NA,NA,NA,NA,NA,NA,NA,NA,7.5,228,23,13.9068
324,1.24478,87,167,"2025-04-12_LUGAU",4.30440771349862,329,NA,NA,NA,NA,NA,NA,NA,NA,NA,NA,NA,NA,NA,NA,NA,NA,NA,7.375,232,23,13.9392
325,1.24866,87,167,"2025-04-12_LUGAU",4.29331959471063,329,NA,NA,NA,NA,NA,NA,NA,NA,NA,NA,NA,NA,NA,NA,NA,NA,NA,7.375,232,23,13.9752
326,1.25258,87,167,"2025-04-12_LUGAU",4.25278557455133,330,NA,NA,NA,NA,NA,NA,NA,NA,NA,NA,NA,NA,NA,NA,NA,NA,NA,7.375,232,23,14.1084
327,1.25655,86,167,"2025-04-12_LUGAU",4.20238695579089,333,NA,NA,NA,NA,NA,NA,NA,NA,NA,NA,NA,NA,NA,NA,NA,NA,NA,7.5,232,23,14.2776
328,1.26056,86,167,"2025-04-12_LUGAU",4.15420405450316,337,NA,NA,NA,NA,NA,NA,NA,NA,NA,NA,NA,NA,NA,NA,NA,NA,NA,7.625,232,23,14.4432
329,1.26455,86,168,"2025-04-12_LUGAU",4.17292605575029,340,NA,NA,NA,NA,NA,NA,NA,NA,NA,NA,NA,NA,NA,NA,NA,NA,NA,7.625,232,23,14.3784
330,1.26853,86,168,"2025-04-12_LUGAU",4.19287211740042,340,NA,NA,NA,NA,NA,NA,NA,NA,NA,NA,NA,NA,NA,NA,NA,NA,NA,7.75,232,23,14.31
331,1.27248,87,168,"2025-04-12_LUGAU",4.21300977418268,339,NA,NA,NA,NA,NA,NA,NA,NA,NA,NA,NA,NA,NA,NA,NA,NA,NA,7.75,232,23,14.2416
332,1.27643,88,168,"2025-04-12_LUGAU",4.22261633307998,338,NA,NA,NA,NA,NA,NA,NA,NA,NA,NA,NA,NA,NA,NA,NA,NA,NA,7.75,232,23,14.2092
333,1.28036,88,168,"2025-04-12_LUGAU",4.24304141208418,339,NA,NA,NA,NA,NA,NA,NA,NA,NA,NA,NA,NA,NA,NA,NA,NA,NA,7.75,226,23,14.1408
334,1.2843,88,168,"2025-04-12_LUGAU",4.22261633307998,339,NA,NA,NA,NA,NA,NA,NA,NA,NA,NA,NA,NA,NA,NA,NA,NA,NA,7.75,226,23,14.2092
335,1.28826,88,169,"2025-04-12_LUGAU",4.22261633307998,339,NA,NA,NA,NA,NA,NA,NA,NA,NA,NA,NA,NA,NA,NA,NA,NA,NA,7.75,226,23,14.2092
336,1.2922,88,169,"2025-04-12_LUGAU",4.22261633307998,340,NA,NA,NA,NA,NA,NA,NA,NA,NA,NA,NA,NA,NA,NA,NA,NA,NA,7.75,224,23,14.2092
337,1.29616,88,169,"2025-04-12_LUGAU",4.20238695579089,340,NA,NA,NA,NA,NA,NA,NA,NA,NA,NA,NA,NA,NA,NA,NA,NA,NA,7.75,226,23,14.2776
338,1.30013,88,168,"2025-04-12_LUGAU",4.20238695579089,340,NA,NA,NA,NA,NA,NA,NA,NA,NA,NA,NA,NA,NA,NA,NA,NA,NA,7.75,226,23,14.2776
339,1.3041,88,168,"2025-04-12_LUGAU",4.20238695579089,339,NA,NA,NA,NA,NA,NA,NA,NA,NA,NA,NA,NA,NA,NA,NA,NA,NA,7.75,226,23,14.2776
340,1.3081,88,169,"2025-04-12_LUGAU",4.16354400866017,339,NA,NA,NA,NA,NA,NA,NA,NA,NA,NA,NA,NA,NA,NA,NA,NA,NA,7.75,226,23,14.4108
341,1.31206,88,169,"2025-04-12_LUGAU",4.20238695579089,340,NA,NA,NA,NA,NA,NA,NA,NA,NA,NA,NA,NA,NA,NA,NA,NA,NA,7.75,226,23,14.2776
342,1.31602,87,169,"2025-04-12_LUGAU",4.21300977418268,339,NA,NA,NA,NA,NA,NA,NA,NA,NA,NA,NA,NA,NA,NA,NA,NA,NA,7.625,226,23,14.2416
343,1.31996,86,169,"2025-04-12_LUGAU",4.2322668020992,338,NA,NA,NA,NA,NA,NA,NA,NA,NA,NA,NA,NA,NA,NA,NA,NA,NA,7.75,228,23,14.1768
344,1.3239,87,169,"2025-04-12_LUGAU",4.2322668020992,337,NA,NA,NA,NA,NA,NA,NA,NA,NA,NA,NA,NA,NA,NA,NA,NA,NA,7.625,228,23,14.1768
345,1.32781,87,169,"2025-04-12_LUGAU",4.26257459505541,338,NA,NA,NA,NA,NA,NA,NA,NA,NA,NA,NA,NA,NA,NA,NA,NA,NA,7.625,232,23,14.076
346,1.33172,88,169,"2025-04-12_LUGAU",4.25278557455133,336,NA,NA,NA,NA,NA,NA,NA,NA,NA,NA,NA,NA,NA,NA,NA,NA,NA,7.375,232,23,14.1084
347,1.33561,88,168,"2025-04-12_LUGAU",4.28338901739056,336,NA,NA,NA,NA,NA,NA,NA,NA,NA,NA,NA,NA,NA,NA,NA,NA,NA,7.25,234,23,14.0076
348,1.33952,88,168,"2025-04-12_LUGAU",4.26257459505541,334,NA,NA,NA,NA,NA,NA,NA,NA,NA,NA,NA,NA,NA,NA,NA,NA,NA,7.25,234,23,14.076
349,1.34342,88,169,"2025-04-12_LUGAU",4.27350427350427,334,NA,NA,NA,NA,NA,NA,NA,NA,NA,NA,NA,NA,NA,NA,NA,NA,NA,7.25,232,23,14.04
350,1.34728,87,169,"2025-04-12_LUGAU",4.32451133021969,333,NA,NA,NA,NA,NA,NA,NA,NA,NA,NA,NA,NA,NA,NA,NA,NA,NA,7.375,232,22,13.8744
351,1.35114,86,169,"2025-04-12_LUGAU",4.31443610320131,329,NA,NA,NA,NA,NA,NA,NA,NA,NA,NA,NA,NA,NA,NA,NA,NA,NA,7.5,232,22,13.9068
352,1.35502,86,169,"2025-04-12_LUGAU",4.29331959471063,330,NA,NA,NA,NA,NA,NA,NA,NA,NA,NA,NA,NA,NA,NA,NA,NA,NA,7.5,232,22,13.9752
353,1.35887,86,169,"2025-04-12_LUGAU",4.33576135969476,332,NA,NA,NA,NA,NA,NA,NA,NA,NA,NA,NA,NA,NA,NA,NA,NA,NA,7.5,232,22,13.8384
354,1.36268,86,169,"2025-04-12_LUGAU",4.3675751222921,328,NA,NA,NA,NA,NA,NA,NA,NA,NA,NA,NA,NA,NA,NA,NA,NA,NA,7.75,234,22,13.7376
355,1.36654,86,170,"2025-04-12_LUGAU",4.32451133021969,326,NA,NA,NA,NA,NA,NA,NA,NA,NA,NA,NA,NA,NA,NA,NA,NA,NA,7.75,236,22,13.8744
356,1.37037,86,170,"2025-04-12_LUGAU",4.34593654932638,329,NA,NA,NA,NA,NA,NA,NA,NA,NA,NA,NA,NA,NA,NA,NA,NA,NA,7.625,236,22,13.806
357,1.37418,87,170,"2025-04-12_LUGAU",4.37790035898783,328,NA,NA,NA,NA,NA,NA,NA,NA,NA,NA,NA,NA,NA,NA,NA,NA,NA,7.75,236,22,13.7052
358,1.37799,87,170,"2025-04-12_LUGAU",4.37790035898783,326,NA,NA,NA,NA,NA,NA,NA,NA,NA,NA,NA,NA,NA,NA,NA,NA,NA,7.625,236,22,13.7052
359,1.38184,87,167,"2025-04-12_LUGAU",4.32451133021969,325,NA,NA,NA,NA,NA,NA,NA,NA,NA,NA,NA,NA,NA,NA,NA,NA,NA,7.5,236,22,13.8744
360,1.38572,87,168,"2025-04-12_LUGAU",4.29331959471063,329,NA,NA,NA,NA,NA,NA,NA,NA,NA,NA,NA,NA,NA,NA,NA,NA,NA,7.625,236,22,13.9752
361,1.38964,87,167,"2025-04-12_LUGAU",4.26257459505541,330,NA,NA,NA,NA,NA,NA,NA,NA,NA,NA,NA,NA,NA,NA,NA,NA,NA,7.625,236,22,14.076
362,1.39357,87,170,"2025-04-12_LUGAU",4.2322668020992,332,NA,NA,NA,NA,NA,NA,NA,NA,NA,NA,NA,NA,NA,NA,NA,NA,NA,7.75,236,22,14.1768
363,1.39752,87,170,"2025-04-12_LUGAU",4.22261633307998,335,NA,NA,NA,NA,NA,NA,NA,NA,NA,NA,NA,NA,NA,NA,NA,NA,NA,7.875,236,22,14.2092
364,1.40144,86,171,"2025-04-12_LUGAU",4.24304141208418,336,NA,NA,NA,NA,NA,NA,NA,NA,NA,NA,NA,NA,NA,NA,NA,NA,NA,7.75,236,22,14.1408
365,1.40537,87,171,"2025-04-12_LUGAU",4.24304141208418,335,NA,NA,NA,NA,NA,NA,NA,NA,NA,NA,NA,NA,NA,NA,NA,NA,NA,7.75,226,22,14.1408
366,1.40929,87,172,"2025-04-12_LUGAU",4.25278557455133,335,NA,NA,NA,NA,NA,NA,NA,NA,NA,NA,NA,NA,NA,NA,NA,NA,NA,7.75,226,22,14.1084
367,1.41324,88,171,"2025-04-12_LUGAU",4.22261633307998,334,NA,NA,NA,NA,NA,NA,NA,NA,NA,NA,NA,NA,NA,NA,NA,NA,NA,7.5,226,22,14.2092
368,1.41721,87,170,"2025-04-12_LUGAU",4.19287211740042,338,NA,NA,NA,NA,NA,NA,NA,NA,NA,NA,NA,NA,NA,NA,NA,NA,NA,7.5,226,22,14.31
369,1.42121,87,170,"2025-04-12_LUGAU",4.17292605575029,339,NA,NA,NA,NA,NA,NA,NA,NA,NA,NA,NA,NA,NA,NA,NA,NA,NA,7.625,226,22,14.3784
370,1.42515,87,169,"2025-04-12_LUGAU",4.22261633307998,340,NA,NA,NA,NA,NA,NA,NA,NA,NA,NA,NA,NA,NA,NA,NA,NA,NA,7.625,226,22,14.2092
371,1.42912,87,169,"2025-04-12_LUGAU",4.20238695579089,337,NA,NA,NA,NA,NA,NA,NA,NA,NA,NA,NA,NA,NA,NA,NA,NA,NA,7.625,226,22,14.2776
372,1.43306,87,168,"2025-04-12_LUGAU",4.2322668020992,338,NA,NA,NA,NA,NA,NA,NA,NA,NA,NA,NA,NA,NA,NA,NA,NA,NA,7.5,226,22,14.1768
373,1.43699,87,168,"2025-04-12_LUGAU",4.24304141208418,337,NA,NA,NA,NA,NA,NA,NA,NA,NA,NA,NA,NA,NA,NA,NA,NA,NA,7.5,230,22,14.1408
374,1.44092,88,168,"2025-04-12_LUGAU",4.2322668020992,337,NA,NA,NA,NA,NA,NA,NA,NA,NA,NA,NA,NA,NA,NA,NA,NA,NA,7.5,230,22,14.1768
375,1.44488,89,168,"2025-04-12_LUGAU",4.21300977418268,335,NA,NA,NA,NA,NA,NA,NA,NA,NA,NA,NA,NA,NA,NA,NA,NA,NA,7.5,230,22,14.2416
376,1.44877,88,168,"2025-04-12_LUGAU",4.28338901739056,337,NA,NA,NA,NA,NA,NA,NA,NA,NA,NA,NA,NA,NA,NA,NA,NA,NA,7.5,230,22,14.0076
377,1.45265,88,168,"2025-04-12_LUGAU",4.29331959471063,332,NA,NA,NA,NA,NA,NA,NA,NA,NA,NA,NA,NA,NA,NA,NA,NA,NA,7.5,230,22,13.9752
378,1.45652,88,168,"2025-04-12_LUGAU",4.31443610320131,331,NA,NA,NA,NA,NA,NA,NA,NA,NA,NA,NA,NA,NA,NA,NA,NA,NA,7.125,232,22,13.9068
379,1.46035,88,168,"2025-04-12_LUGAU",4.34593654932638,328,NA,NA,NA,NA,NA,NA,NA,NA,NA,NA,NA,NA,NA,NA,NA,NA,NA,7.125,234,22,13.806
380,1.46418,87,170,"2025-04-12_LUGAU",4.3561596096881,328,NA,NA,NA,NA,NA,NA,NA,NA,NA,NA,NA,NA,NA,NA,NA,NA,NA,7.125,234,22,13.7736
381,1.46803,87,169,"2025-04-12_LUGAU",4.32451133021969,326,NA,NA,NA,NA,NA,NA,NA,NA,NA,NA,NA,NA,NA,NA,NA,NA,NA,7.5,234,22,13.8744
382,1.47189,87,169,"2025-04-12_LUGAU",4.31443610320131,328,NA,NA,NA,NA,NA,NA,NA,NA,NA,NA,NA,NA,NA,NA,NA,NA,NA,7.5,234,22,13.9068
383,1.47578,87,169,"2025-04-12_LUGAU",4.28338901739056,329,NA,NA,NA,NA,NA,NA,NA,NA,NA,NA,NA,NA,NA,NA,NA,NA,NA,7.5,234,22,14.0076
384,1.47969,87,167,"2025-04-12_LUGAU",4.27350427350427,332,NA,NA,NA,NA,NA,NA,NA,NA,NA,NA,NA,NA,NA,NA,NA,NA,NA,7.5,232,22,14.04
385,1.4836,87,167,"2025-04-12_LUGAU",4.25278557455133,334,NA,NA,NA,NA,NA,NA,NA,NA,NA,NA,NA,NA,NA,NA,NA,NA,NA,7.5,232,22,14.1084
386,1.48754,87,167,"2025-04-12_LUGAU",4.2322668020992,334,NA,NA,NA,NA,NA,NA,NA,NA,NA,NA,NA,NA,NA,NA,NA,NA,NA,7.375,232,22,14.1768
387,1.49151,88,166,"2025-04-12_LUGAU",4.20238695579089,336,NA,NA,NA,NA,NA,NA,NA,NA,NA,NA,NA,NA,NA,NA,NA,NA,NA,7.5,228,22,14.2776
388,1.49546,88,166,"2025-04-12_LUGAU",4.21300977418268,338,NA,NA,NA,NA,NA,NA,NA,NA,NA,NA,NA,NA,NA,NA,NA,NA,NA,7.5,226,22,14.2416
389,1.49943,89,166,"2025-04-12_LUGAU",4.20238695579089,337,NA,NA,NA,NA,NA,NA,NA,NA,NA,NA,NA,NA,NA,NA,NA,NA,NA,7.5,226,22,14.2776
390,1.50338,89,166,"2025-04-12_LUGAU",4.22261633307998,337,NA,NA,NA,NA,NA,NA,NA,NA,NA,NA,NA,NA,NA,NA,NA,NA,NA,7.375,226,22,14.2092
391,1.50734,89,166,"2025-04-12_LUGAU",4.20238695579089,337,NA,NA,NA,NA,NA,NA,NA,NA,NA,NA,NA,NA,NA,NA,NA,NA,NA,7.375,226,22,14.2776
392,1.51129,89,166,"2025-04-12_LUGAU",4.22261633307998,338,NA,NA,NA,NA,NA,NA,NA,NA,NA,NA,NA,NA,NA,NA,NA,NA,NA,7.125,226,22,14.2092
393,1.51523,91,166,"2025-04-12_LUGAU",4.2322668020992,337,NA,NA,NA,NA,NA,NA,NA,NA,NA,NA,NA,NA,NA,NA,NA,NA,NA,7,226,22,14.1768
394,1.51915,91,166,"2025-04-12_LUGAU",4.24304141208418,336,NA,NA,NA,NA,NA,NA,NA,NA,NA,NA,NA,NA,NA,NA,NA,NA,NA,6.875,226,22,14.1408
395,1.52308,91,166,"2025-04-12_LUGAU",4.25278557455133,335,NA,NA,NA,NA,NA,NA,NA,NA,NA,NA,NA,NA,NA,NA,NA,NA,NA,7,228,22,14.1084
396,1.52694,91,166,"2025-04-12_LUGAU",4.30440771349862,335,NA,NA,NA,NA,NA,NA,NA,NA,NA,NA,NA,NA,NA,NA,NA,NA,NA,6.875,228,22,13.9392
397,1.53082,90,166,"2025-04-12_LUGAU",4.30440771349862,332,NA,NA,NA,NA,NA,NA,NA,NA,NA,NA,NA,NA,NA,NA,NA,NA,NA,6.875,228,22,13.9392
398,1.53467,89,166,"2025-04-12_LUGAU",4.32451133021969,330,NA,NA,NA,NA,NA,NA,NA,NA,NA,NA,NA,NA,NA,NA,NA,NA,NA,6.875,230,22,13.8744
399,1.5385,89,166,"2025-04-12_LUGAU",4.34593654932638,328,NA,NA,NA,NA,NA,NA,NA,NA,NA,NA,NA,NA,NA,NA,NA,NA,NA,6.875,230,22,13.806
400,1.54233,89,166,"2025-04-12_LUGAU",4.3561596096881,326,NA,NA,NA,NA,NA,NA,NA,NA,NA,NA,NA,NA,NA,NA,NA,NA,NA,7,230,22,13.7736
401,1.54617,89,166,"2025-04-12_LUGAU",4.34593654932638,326,NA,NA,NA,NA,NA,NA,NA,NA,NA,NA,NA,NA,NA,NA,NA,NA,NA,7.125,230,22,13.806
402,1.54996,89,166,"2025-04-12_LUGAU",4.38827453045463,328,NA,NA,NA,NA,NA,NA,NA,NA,NA,NA,NA,NA,NA,NA,NA,NA,NA,7.125,230,22,13.6728
403,1.55378,89,166,"2025-04-12_LUGAU",4.3675751222921,325,NA,NA,NA,NA,NA,NA,NA,NA,NA,NA,NA,NA,NA,NA,NA,NA,NA,6.875,230,22,13.7376
404,1.55761,89,166,"2025-04-12_LUGAU",4.34593654932638,325,NA,NA,NA,NA,NA,NA,NA,NA,NA,NA,NA,NA,NA,NA,NA,NA,NA,7,230,22,13.806
405,1.56144,89,166,"2025-04-12_LUGAU",4.3561596096881,326,NA,NA,NA,NA,NA,NA,NA,NA,NA,NA,NA,NA,NA,NA,NA,NA,NA,6.875,230,22,13.7736
406,1.56528,89,166,"2025-04-12_LUGAU",4.33576135969476,324,NA,NA,NA,NA,NA,NA,NA,NA,NA,NA,NA,NA,NA,NA,NA,NA,NA,6.875,234,22,13.8384
407,1.56916,89,166,"2025-04-12_LUGAU",4.30440771349862,325,NA,NA,NA,NA,NA,NA,NA,NA,NA,NA,NA,NA,NA,NA,NA,NA,NA,6.875,234,22,13.9392
408,1.57302,88,166,"2025-04-12_LUGAU",4.31443610320131,328,NA,NA,NA,NA,NA,NA,NA,NA,NA,NA,NA,NA,NA,NA,NA,NA,NA,6.875,234,22,13.9068
409,1.57687,86,165,"2025-04-12_LUGAU",4.32451133021969,327,NA,NA,NA,NA,NA,NA,NA,NA,NA,NA,NA,NA,NA,NA,NA,NA,NA,6.875,234,22,13.8744
410,1.58075,87,165,"2025-04-12_LUGAU",4.29331959471063,327,NA,NA,NA,NA,NA,NA,NA,NA,NA,NA,NA,NA,NA,NA,NA,NA,NA,6.875,236,22,13.9752
411,1.58464,86,165,"2025-04-12_LUGAU",4.29331959471063,328,NA,NA,NA,NA,NA,NA,NA,NA,NA,NA,NA,NA,NA,NA,NA,NA,NA,6.875,234,22,13.9752
412,1.58852,88,165,"2025-04-12_LUGAU",4.29331959471063,329,NA,NA,NA,NA,NA,NA,NA,NA,NA,NA,NA,NA,NA,NA,NA,NA,NA,6.875,234,22,13.9752
413,1.59241,89,164,"2025-04-12_LUGAU",4.28338901739056,329,NA,NA,NA,NA,NA,NA,NA,NA,NA,NA,NA,NA,NA,NA,NA,NA,NA,6.875,234,22,14.0076
414,1.59629,89,164,"2025-04-12_LUGAU",4.29331959471063,329,NA,NA,NA,NA,NA,NA,NA,NA,NA,NA,NA,NA,NA,NA,NA,NA,NA,6.875,232,22,13.9752
415,1.60015,89,164,"2025-04-12_LUGAU",4.31443610320131,329,NA,NA,NA,NA,NA,NA,NA,NA,NA,NA,NA,NA,NA,NA,NA,NA,NA,7,232,22,13.9068
416,1.60399,89,164,"2025-04-12_LUGAU",4.34593654932638,327,NA,NA,NA,NA,NA,NA,NA,NA,NA,NA,NA,NA,NA,NA,NA,NA,NA,7,232,22,13.806
417,1.60784,89,165,"2025-04-12_LUGAU",4.33576135969476,325,NA,NA,NA,NA,NA,NA,NA,NA,NA,NA,NA,NA,NA,NA,NA,NA,NA,7,232,22,13.8384
418,1.61168,89,165,"2025-04-12_LUGAU",4.33576135969476,325,NA,NA,NA,NA,NA,NA,NA,NA,NA,NA,NA,NA,NA,NA,NA,NA,NA,7,234,22,13.8384
419,1.61554,90,165,"2025-04-12_LUGAU",4.31443610320131,325,NA,NA,NA,NA,NA,NA,NA,NA,NA,NA,NA,NA,NA,NA,NA,NA,NA,6.875,234,22,13.9068
420,1.61946,89,165,"2025-04-12_LUGAU",4.25278557455133,326,NA,NA,NA,NA,NA,NA,NA,NA,NA,NA,NA,NA,NA,NA,NA,NA,NA,6.875,232,22,14.1084
421,1.62342,90,165,"2025-04-12_LUGAU",4.20238695579089,330,NA,NA,NA,NA,NA,NA,NA,NA,NA,NA,NA,NA,NA,NA,NA,NA,NA,6.875,232,22,14.2776
422,1.62739,90,165,"2025-04-12_LUGAU",4.20238695579089,333,NA,NA,NA,NA,NA,NA,NA,NA,NA,NA,NA,NA,NA,NA,NA,NA,NA,6.875,230,22,14.2776
423,1.63137,90,165,"2025-04-12_LUGAU",4.18340026773762,334,NA,NA,NA,NA,NA,NA,NA,NA,NA,NA,NA,NA,NA,NA,NA,NA,NA,6.875,228,22,14.3424
424,1.63535,89,165,"2025-04-12_LUGAU",4.19287211740042,336,NA,NA,NA,NA,NA,NA,NA,NA,NA,NA,NA,NA,NA,NA,NA,NA,NA,7.125,228,22,14.31
425,1.63928,89,165,"2025-04-12_LUGAU",4.24304141208418,337,NA,NA,NA,NA,NA,NA,NA,NA,NA,NA,NA,NA,NA,NA,NA,NA,NA,7.25,228,22,14.1408
426,1.64319,88,165,"2025-04-12_LUGAU",4.26257459505541,334,NA,NA,NA,NA,NA,NA,NA,NA,NA,NA,NA,NA,NA,NA,NA,NA,NA,7.375,230,22,14.076
427,1.6471,88,165,"2025-04-12_LUGAU",4.26257459505541,333,NA,NA,NA,NA,NA,NA,NA,NA,NA,NA,NA,NA,NA,NA,NA,NA,NA,7.25,232,22,14.076
428,1.651,88,165,"2025-04-12_LUGAU",4.27350427350427,334,NA,NA,NA,NA,NA,NA,NA,NA,NA,NA,NA,NA,NA,NA,NA,NA,NA,7.25,234,22,14.04
429,1.65489,89,165,"2025-04-12_LUGAU",4.28338901739056,332,NA,NA,NA,NA,NA,NA,NA,NA,NA,NA,NA,NA,NA,NA,NA,NA,NA,7.125,234,22,14.0076
430,1.65881,89,165,"2025-04-12_LUGAU",4.25278557455133,332,NA,NA,NA,NA,NA,NA,NA,NA,NA,NA,NA,NA,NA,NA,NA,NA,NA,7,234,22,14.1084
431,1.66273,89,165,"2025-04-12_LUGAU",4.25278557455133,333,NA,NA,NA,NA,NA,NA,NA,NA,NA,NA,NA,NA,NA,NA,NA,NA,NA,7.125,234,22,14.1084
432,1.66666,89,165,"2025-04-12_LUGAU",4.2322668020992,332,NA,NA,NA,NA,NA,NA,NA,NA,NA,NA,NA,NA,NA,NA,NA,NA,NA,7.125,234,22,14.1768
433,1.67061,89,165,"2025-04-12_LUGAU",4.22261633307998,332,NA,NA,NA,NA,NA,NA,NA,NA,NA,NA,NA,NA,NA,NA,NA,NA,NA,7.125,234,22,14.2092
434,1.67455,89,165,"2025-04-12_LUGAU",4.2322668020992,333,NA,NA,NA,NA,NA,NA,NA,NA,NA,NA,NA,NA,NA,NA,NA,NA,NA,7.125,232,22,14.1768
435,1.6785,89,165,"2025-04-12_LUGAU",4.22261633307998,333,NA,NA,NA,NA,NA,NA,NA,NA,NA,NA,NA,NA,NA,NA,NA,NA,NA,7.125,232,22,14.2092
436,1.68243,88,165,"2025-04-12_LUGAU",4.24304141208418,333,NA,NA,NA,NA,NA,NA,NA,NA,NA,NA,NA,NA,NA,NA,NA,NA,NA,7.25,232,22,14.1408
437,1.68637,88,165,"2025-04-12_LUGAU",4.22261633307998,333,NA,NA,NA,NA,NA,NA,NA,NA,NA,NA,NA,NA,NA,NA,NA,NA,NA,7.25,234,22,14.2092
438,1.69034,88,165,"2025-04-12_LUGAU",4.20238695579089,335,NA,NA,NA,NA,NA,NA,NA,NA,NA,NA,NA,NA,NA,NA,NA,NA,NA,7.125,232,22,14.2776
439,1.69433,88,165,"2025-04-12_LUGAU",4.17292605575029,336,NA,NA,NA,NA,NA,NA,NA,NA,NA,NA,NA,NA,NA,NA,NA,NA,NA,7.125,232,22,14.3784
440,1.69837,88,165,"2025-04-12_LUGAU",4.12541254125412,338,NA,NA,NA,NA,NA,NA,NA,NA,NA,NA,NA,NA,NA,NA,NA,NA,NA,7.25,232,22,14.544
441,1.70241,88,165,"2025-04-12_LUGAU",4.12541254125412,341,NA,NA,NA,NA,NA,NA,NA,NA,NA,NA,NA,NA,NA,NA,NA,NA,NA,7.25,232,22,14.544
442,1.70644,88,165,"2025-04-12_LUGAU",4.13462333581411,342,NA,NA,NA,NA,NA,NA,NA,NA,NA,NA,NA,NA,NA,NA,NA,NA,NA,7.375,232,22,14.5116
443,1.71048,88,165,"2025-04-12_LUGAU",4.13462333581411,340,NA,NA,NA,NA,NA,NA,NA,NA,NA,NA,NA,NA,NA,NA,NA,NA,NA,7.375,232,22,14.5116
444,1.71451,88,165,"2025-04-12_LUGAU",4.13462333581411,341,NA,NA,NA,NA,NA,NA,NA,NA,NA,NA,NA,NA,NA,NA,NA,NA,NA,7.375,232,22,14.5116
445,1.71849,88,164,"2025-04-12_LUGAU",4.18340026773762,342,NA,NA,NA,NA,NA,NA,NA,NA,NA,NA,NA,NA,NA,NA,NA,NA,NA,7.375,232,22,14.3424
446,1.7225,89,165,"2025-04-12_LUGAU",4.15420405450316,342,NA,NA,NA,NA,NA,NA,NA,NA,NA,NA,NA,NA,NA,NA,NA,NA,NA,7.375,232,22,14.4432
447,1.72653,89,166,"2025-04-12_LUGAU",4.13462333581411,340,NA,NA,NA,NA,NA,NA,NA,NA,NA,NA,NA,NA,NA,NA,NA,NA,NA,7.25,232,22,14.5116
448,1.73054,89,168,"2025-04-12_LUGAU",4.15420405450316,341,NA,NA,NA,NA,NA,NA,NA,NA,NA,NA,NA,NA,NA,NA,NA,NA,NA,7.25,230,22,14.4432
449,1.73452,88,166,"2025-04-12_LUGAU",4.19287211740042,339,NA,NA,NA,NA,NA,NA,NA,NA,NA,NA,NA,NA,NA,NA,NA,NA,NA,7.25,230,22,14.31
450,1.73851,88,166,"2025-04-12_LUGAU",4.18340026773762,337,NA,NA,NA,NA,NA,NA,NA,NA,NA,NA,NA,NA,NA,NA,NA,NA,NA,7,230,22,14.3424
451,1.74245,88,165,"2025-04-12_LUGAU",4.22261633307998,335,NA,NA,NA,NA,NA,NA,NA,NA,NA,NA,NA,NA,NA,NA,NA,NA,NA,7.125,230,22,14.2092
452,1.74637,88,165,"2025-04-12_LUGAU",4.25278557455133,334,NA,NA,NA,NA,NA,NA,NA,NA,NA,NA,NA,NA,NA,NA,NA,NA,NA,7.25,230,22,14.1084
453,1.75029,87,165,"2025-04-12_LUGAU",4.25278557455133,331,NA,NA,NA,NA,NA,NA,NA,NA,NA,NA,NA,NA,NA,NA,NA,NA,NA,7.375,230,22,14.1084
454,1.75424,87,165,"2025-04-12_LUGAU",4.21300977418268,332,NA,NA,NA,NA,NA,NA,NA,NA,NA,NA,NA,NA,NA,NA,NA,NA,NA,7.5,230,22,14.2416
455,1.75817,87,165,"2025-04-12_LUGAU",4.24304141208418,336,NA,NA,NA,NA,NA,NA,NA,NA,NA,NA,NA,NA,NA,NA,NA,NA,NA,7.5,230,22,14.1408
456,1.76213,87,165,"2025-04-12_LUGAU",4.21300977418268,335,NA,NA,NA,NA,NA,NA,NA,NA,NA,NA,NA,NA,NA,NA,NA,NA,NA,7.5,230,22,14.2416
457,1.76607,87,165,"2025-04-12_LUGAU",4.22261633307998,338,NA,NA,NA,NA,NA,NA,NA,NA,NA,NA,NA,NA,NA,NA,NA,NA,NA,7.5,232,22,14.2092
458,1.76999,88,165,"2025-04-12_LUGAU",4.25278557455133,338,NA,NA,NA,NA,NA,NA,NA,NA,NA,NA,NA,NA,NA,NA,NA,NA,NA,7.5,228,22,14.1084
459,1.77389,88,165,"2025-04-12_LUGAU",4.28338901739056,335,NA,NA,NA,NA,NA,NA,NA,NA,NA,NA,NA,NA,NA,NA,NA,NA,NA,7.5,230,22,14.0076
460,1.77778,88,166,"2025-04-12_LUGAU",4.28338901739056,334,NA,NA,NA,NA,NA,NA,NA,NA,NA,NA,NA,NA,NA,NA,NA,NA,NA,7.5,232,22,14.0076
461,1.78163,88,166,"2025-04-12_LUGAU",4.32451133021969,333,NA,NA,NA,NA,NA,NA,NA,NA,NA,NA,NA,NA,NA,NA,NA,NA,NA,7.5,232,22,13.8744
462,1.78546,88,166,"2025-04-12_LUGAU",4.34593654932638,330,NA,NA,NA,NA,NA,NA,NA,NA,NA,NA,NA,NA,NA,NA,NA,NA,NA,7,234,22,13.806
463,1.7893,88,166,"2025-04-12_LUGAU",4.34593654932638,327,NA,NA,NA,NA,NA,NA,NA,NA,NA,NA,NA,NA,NA,NA,NA,NA,NA,7.25,234,22,13.806
464,1.79311,87,167,"2025-04-12_LUGAU",4.37790035898783,328,NA,NA,NA,NA,NA,NA,NA,NA,NA,NA,NA,NA,NA,NA,NA,NA,NA,7.25,234,22,13.7052
465,1.79692,87,167,"2025-04-12_LUGAU",4.3675751222921,326,NA,NA,NA,NA,NA,NA,NA,NA,NA,NA,NA,NA,NA,NA,NA,NA,NA,7.25,234,22,13.7376
466,1.80071,87,167,"2025-04-12_LUGAU",4.39985920450546,326,NA,NA,NA,NA,NA,NA,NA,NA,NA,NA,NA,NA,NA,NA,NA,NA,NA,7.25,234,22,13.6368
467,1.80449,89,167,"2025-04-12_LUGAU",4.41033783187792,324,NA,NA,NA,NA,NA,NA,NA,NA,NA,NA,NA,NA,NA,NA,NA,NA,NA,7.25,234,22,13.6044
468,1.8083,89,167,"2025-04-12_LUGAU",4.37790035898783,323,NA,NA,NA,NA,NA,NA,NA,NA,NA,NA,NA,NA,NA,NA,NA,NA,NA,7,234,22,13.7052
469,1.81212,89,167,"2025-04-12_LUGAU",4.3561596096881,324,NA,NA,NA,NA,NA,NA,NA,NA,NA,NA,NA,NA,NA,NA,NA,NA,NA,6.875,232,22,13.7736
470,1.81595,89,167,"2025-04-12_LUGAU",4.3561596096881,325,NA,NA,NA,NA,NA,NA,NA,NA,NA,NA,NA,NA,NA,NA,NA,NA,NA,6.875,234,22,13.7736
471,1.81981,89,167,"2025-04-12_LUGAU",4.31443610320131,323,NA,NA,NA,NA,NA,NA,NA,NA,NA,NA,NA,NA,NA,NA,NA,NA,NA,6.875,234,22,13.9068
472,1.82371,89,166,"2025-04-12_LUGAU",4.27350427350427,327,NA,NA,NA,NA,NA,NA,NA,NA,NA,NA,NA,NA,NA,NA,NA,NA,NA,6.875,232,22,14.04
473,1.8276,89,166,"2025-04-12_LUGAU",4.28338901739056,329,NA,NA,NA,NA,NA,NA,NA,NA,NA,NA,NA,NA,NA,NA,NA,NA,NA,7.125,232,22,14.0076
474,1.83155,89,166,"2025-04-12_LUGAU",4.22261633307998,329,NA,NA,NA,NA,NA,NA,NA,NA,NA,NA,NA,NA,NA,NA,NA,NA,NA,7.125,232,22,14.2092
475,1.83551,89,166,"2025-04-12_LUGAU",4.20238695579089,333,NA,NA,NA,NA,NA,NA,NA,NA,NA,NA,NA,NA,NA,NA,NA,NA,NA,7.125,232,22,14.2776
476,1.8395,89,166,"2025-04-12_LUGAU",4.18340026773762,336,NA,NA,NA,NA,NA,NA,NA,NA,NA,NA,NA,NA,NA,NA,NA,NA,NA,7.125,232,22,14.3424
477,1.8435,89,166,"2025-04-12_LUGAU",4.16354400866017,337,NA,NA,NA,NA,NA,NA,NA,NA,NA,NA,NA,NA,NA,NA,NA,NA,NA,7.125,232,22,14.4108
478,1.8475,89,166,"2025-04-12_LUGAU",4.17292605575029,339,NA,NA,NA,NA,NA,NA,NA,NA,NA,NA,NA,NA,NA,NA,NA,NA,NA,7.125,232,22,14.3784
479,1.85145,88,166,"2025-04-12_LUGAU",4.21300977418268,337,NA,NA,NA,NA,NA,NA,NA,NA,NA,NA,NA,NA,NA,NA,NA,NA,NA,7.125,230,22,14.2416
480,1.85539,88,166,"2025-04-12_LUGAU",4.2322668020992,337,NA,NA,NA,NA,NA,NA,NA,NA,NA,NA,NA,NA,NA,NA,NA,NA,NA,7.125,230,22,14.1768
481,1.8593,88,165,"2025-04-12_LUGAU",4.26257459505541,334,NA,NA,NA,NA,NA,NA,NA,NA,NA,NA,NA,NA,NA,NA,NA,NA,NA,7.125,232,22,14.076
482,1.8632,88,165,"2025-04-12_LUGAU",4.27350427350427,333,NA,NA,NA,NA,NA,NA,NA,NA,NA,NA,NA,NA,NA,NA,NA,NA,NA,7.25,234,22,14.04
483,1.86709,88,165,"2025-04-12_LUGAU",4.28338901739056,333,NA,NA,NA,NA,NA,NA,NA,NA,NA,NA,NA,NA,NA,NA,NA,NA,NA,7.25,234,22,14.0076
484,1.87095,88,165,"2025-04-12_LUGAU",4.31443610320131,332,NA,NA,NA,NA,NA,NA,NA,NA,NA,NA,NA,NA,NA,NA,NA,NA,NA,7,234,22,13.9068
485,1.87481,88,165,"2025-04-12_LUGAU",4.32451133021969,329,NA,NA,NA,NA,NA,NA,NA,NA,NA,NA,NA,NA,NA,NA,NA,NA,NA,7,234,22,13.8744
486,1.87864,88,165,"2025-04-12_LUGAU",4.34593654932638,327,NA,NA,NA,NA,NA,NA,NA,NA,NA,NA,NA,NA,NA,NA,NA,NA,NA,7,234,22,13.806
487,1.88249,88,165,"2025-04-12_LUGAU",4.33576135969476,325,NA,NA,NA,NA,NA,NA,NA,NA,NA,NA,NA,NA,NA,NA,NA,NA,NA,7,234,22,13.8384
488,1.88636,88,165,"2025-04-12_LUGAU",4.30440771349862,325,NA,NA,NA,NA,NA,NA,NA,NA,NA,NA,NA,NA,NA,NA,NA,NA,NA,7,236,22,13.9392
489,1.89023,89,165,"2025-04-12_LUGAU",4.30440771349862,327,NA,NA,NA,NA,NA,NA,NA,NA,NA,NA,NA,NA,NA,NA,NA,NA,NA,7,236,22,13.9392
490,1.89411,89,165,"2025-04-12_LUGAU",4.29331959471063,327,NA,NA,NA,NA,NA,NA,NA,NA,NA,NA,NA,NA,NA,NA,NA,NA,NA,7,236,22,13.9752
491,1.898,86,165,"2025-04-12_LUGAU",4.28338901739056,328,NA,NA,NA,NA,NA,NA,NA,NA,NA,NA,NA,NA,NA,NA,NA,NA,NA,7,236,22,14.0076
492,1.90188,86,165,"2025-04-12_LUGAU",4.29331959471063,330,NA,NA,NA,NA,NA,NA,NA,NA,NA,NA,NA,NA,NA,NA,NA,NA,NA,7,236,22,13.9752
493,1.90574,86,165,"2025-04-12_LUGAU",4.32451133021969,329,NA,NA,NA,NA,NA,NA,NA,NA,NA,NA,NA,NA,NA,NA,NA,NA,NA,7,238,22,13.8744
494,1.9096,87,165,"2025-04-12_LUGAU",4.31443610320131,328,NA,NA,NA,NA,NA,NA,NA,NA,NA,NA,NA,NA,NA,NA,NA,NA,NA,7,238,22,13.9068
495,1.91351,87,165,"2025-04-12_LUGAU",4.26257459505541,333,NA,NA,NA,NA,NA,NA,NA,NA,NA,NA,NA,NA,NA,NA,NA,NA,NA,7,234,22,14.076
496,1.91744,87,165,"2025-04-12_LUGAU",4.24304141208418,335,NA,NA,NA,NA,NA,NA,NA,NA,NA,NA,NA,NA,NA,NA,NA,NA,NA,7.375,234,22,14.1408
497,1.92138,88,165,"2025-04-12_LUGAU",4.2322668020992,335,NA,NA,NA,NA,NA,NA,NA,NA,NA,NA,NA,NA,NA,NA,NA,NA,NA,7.375,234,22,14.1768
498,1.92532,88,165,"2025-04-12_LUGAU",4.22261633307998,334,NA,NA,NA,NA,NA,NA,NA,NA,NA,NA,NA,NA,NA,NA,NA,NA,NA,7.375,234,22,14.2092
499,1.92932,88,166,"2025-04-12_LUGAU",4.17292605575029,339,NA,NA,NA,NA,NA,NA,NA,NA,NA,NA,NA,NA,NA,NA,NA,NA,NA,7.375,226,22,14.3784
500,1.9333,89,166,"2025-04-12_LUGAU",4.18340026773762,339,NA,NA,NA,NA,NA,NA,NA,NA,NA,NA,NA,NA,NA,NA,NA,NA,NA,7.375,226,22,14.3424
501,1.93729,89,166,"2025-04-12_LUGAU",4.18340026773762,338,NA,NA,NA,NA,NA,NA,NA,NA,NA,NA,NA,NA,NA,NA,NA,NA,NA,7.375,226,22,14.3424
502,1.9413,88,166,"2025-04-12_LUGAU",4.15420405450316,339,NA,NA,NA,NA,NA,NA,NA,NA,NA,NA,NA,NA,NA,NA,NA,NA,NA,7.375,230,22,14.4432
503,1.9453,88,166,"2025-04-12_LUGAU",4.16354400866017,339,NA,NA,NA,NA,NA,NA,NA,NA,NA,NA,NA,NA,NA,NA,NA,NA,NA,7.375,228,22,14.4108
504,1.94929,87,167,"2025-04-12_LUGAU",4.18340026773762,336,NA,NA,NA,NA,NA,NA,NA,NA,NA,NA,NA,NA,NA,NA,NA,NA,NA,7.375,230,22,14.3424
505,1.95324,88,167,"2025-04-12_LUGAU",4.21300977418268,336,NA,NA,NA,NA,NA,NA,NA,NA,NA,NA,NA,NA,NA,NA,NA,NA,NA,7,230,22,14.2416
506,1.95716,87,167,"2025-04-12_LUGAU",4.25278557455133,331,NA,NA,NA,NA,NA,NA,NA,NA,NA,NA,NA,NA,NA,NA,NA,NA,NA,7.125,230,22,14.1084
507,1.96104,87,167,"2025-04-12_LUGAU",4.29331959471063,331,NA,NA,NA,NA,NA,NA,NA,NA,NA,NA,NA,NA,NA,NA,NA,NA,NA,7.125,230,22,13.9752
508,1.96491,87,167,"2025-04-12_LUGAU",4.31443610320131,328,NA,NA,NA,NA,NA,NA,NA,NA,NA,NA,NA,NA,NA,NA,NA,NA,NA,7.375,230,22,13.9068
509,1.96875,87,167,"2025-04-12_LUGAU",4.33576135969476,327,NA,NA,NA,NA,NA,NA,NA,NA,NA,NA,NA,NA,NA,NA,NA,NA,NA,7.375,230,22,13.8384
510,1.97261,86,167,"2025-04-12_LUGAU",4.31443610320131,328,NA,NA,NA,NA,NA,NA,NA,NA,NA,NA,NA,NA,NA,NA,NA,NA,NA,7.5,230,22,13.9068
511,1.97647,86,166,"2025-04-12_LUGAU",4.32451133021969,329,NA,NA,NA,NA,NA,NA,NA,NA,NA,NA,NA,NA,NA,NA,NA,NA,NA,7.5,236,22,13.8744
512,1.98028,86,166,"2025-04-12_LUGAU",4.3675751222921,329,NA,NA,NA,NA,NA,NA,NA,NA,NA,NA,NA,NA,NA,NA,NA,NA,NA,7.5,236,22,13.7376
513,1.98413,86,166,"2025-04-12_LUGAU",4.33576135969476,327,NA,NA,NA,NA,NA,NA,NA,NA,NA,NA,NA,NA,NA,NA,NA,NA,NA,7.5,238,22,13.8384
514,1.98798,86,166,"2025-04-12_LUGAU",4.32451133021969,328,NA,NA,NA,NA,NA,NA,NA,NA,NA,NA,NA,NA,NA,NA,NA,NA,NA,7.375,238,22,13.8744
515,1.99184,86,166,"2025-04-12_LUGAU",4.31443610320131,328,NA,NA,NA,NA,NA,NA,NA,NA,NA,NA,NA,NA,NA,NA,NA,NA,NA,7.375,238,22,13.9068
516,1.99576,88,166,"2025-04-12_LUGAU",4.26257459505541,327,NA,NA,NA,NA,NA,NA,NA,NA,NA,NA,NA,NA,NA,NA,NA,NA,NA,7.5,238,22,14.076
517,1.99974,88,166,"2025-04-12_LUGAU",4.18340026773762,331,NA,NA,NA,NA,NA,NA,NA,NA,NA,NA,NA,NA,NA,NA,NA,NA,NA,7.5,238,22,14.3424
518,2.00369,87,166,"2025-04-12_LUGAU",4.21300977418268,337,NA,NA,NA,NA,NA,NA,NA,NA,NA,NA,NA,NA,NA,NA,NA,NA,NA,7.5,238,22,14.2416
519,2.00763,86,166,"2025-04-12_LUGAU",4.2322668020992,335,NA,NA,NA,NA,NA,NA,NA,NA,NA,NA,NA,NA,NA,NA,NA,NA,NA,7.5,238,22,14.1768
520,2.01155,86,166,"2025-04-12_LUGAU",4.25278557455133,335,NA,NA,NA,NA,NA,NA,NA,NA,NA,NA,NA,NA,NA,NA,NA,NA,NA,7.5,238,22,14.1084
521,2.01545,86,166,"2025-04-12_LUGAU",4.27350427350427,335,NA,NA,NA,NA,NA,NA,NA,NA,NA,NA,NA,NA,NA,NA,NA,NA,NA,7.5,232,22,14.04
522,2.01931,86,166,"2025-04-12_LUGAU",4.31443610320131,333,NA,NA,NA,NA,NA,NA,NA,NA,NA,NA,NA,NA,NA,NA,NA,NA,NA,7.5,232,22,13.9068
523,2.02319,87,166,"2025-04-12_LUGAU",4.30440771349862,332,NA,NA,NA,NA,NA,NA,NA,NA,NA,NA,NA,NA,NA,NA,NA,NA,NA,7.5,232,22,13.9392
524,2.02707,87,166,"2025-04-12_LUGAU",4.29331959471063,332,NA,NA,NA,NA,NA,NA,NA,NA,NA,NA,NA,NA,NA,NA,NA,NA,NA,7.5,232,22,13.9752
525,2.03093,87,166,"2025-04-12_LUGAU",4.31443610320131,330,NA,NA,NA,NA,NA,NA,NA,NA,NA,NA,NA,NA,NA,NA,NA,NA,NA,7.5,232,22,13.9068
526,2.03477,87,166,"2025-04-12_LUGAU",4.33576135969476,328,NA,NA,NA,NA,NA,NA,NA,NA,NA,NA,NA,NA,NA,NA,NA,NA,NA,7.5,230,22,13.8384
527,2.03861,88,166,"2025-04-12_LUGAU",4.34593654932638,326,NA,NA,NA,NA,NA,NA,NA,NA,NA,NA,NA,NA,NA,NA,NA,NA,NA,7.5,230,22,13.806
528,2.04242,87,166,"2025-04-12_LUGAU",4.37790035898783,325,NA,NA,NA,NA,NA,NA,NA,NA,NA,NA,NA,NA,NA,NA,NA,NA,NA,7.5,230,22,13.7052
529,2.04625,87,166,"2025-04-12_LUGAU",4.34593654932638,323,NA,NA,NA,NA,NA,NA,NA,NA,NA,NA,NA,NA,NA,NA,NA,NA,NA,7.5,232,22,13.806
530,2.05011,87,166,"2025-04-12_LUGAU",4.31443610320131,325,NA,NA,NA,NA,NA,NA,NA,NA,NA,NA,NA,NA,NA,NA,NA,NA,NA,7.375,232,22,13.9068
531,2.05399,87,166,"2025-04-12_LUGAU",4.30440771349862,325,NA,NA,NA,NA,NA,NA,NA,NA,NA,NA,NA,NA,NA,NA,NA,NA,NA,7.375,232,22,13.9392
532,2.05789,88,166,"2025-04-12_LUGAU",4.27350427350427,328,NA,NA,NA,NA,NA,NA,NA,NA,NA,NA,NA,NA,NA,NA,NA,NA,NA,7.375,228,22,14.04
533,2.06183,88,166,"2025-04-12_LUGAU",4.22261633307998,331,NA,NA,NA,NA,NA,NA,NA,NA,NA,NA,NA,NA,NA,NA,NA,NA,NA,7.375,228,22,14.2092
534,2.0658,87,166,"2025-04-12_LUGAU",4.20238695579089,336,NA,NA,NA,NA,NA,NA,NA,NA,NA,NA,NA,NA,NA,NA,NA,NA,NA,7.375,228,22,14.2776
535,2.06972,87,166,"2025-04-12_LUGAU",4.25278557455133,337,NA,NA,NA,NA,NA,NA,NA,NA,NA,NA,NA,NA,NA,NA,NA,NA,NA,7.375,228,22,14.1084
536,2.07365,86,166,"2025-04-12_LUGAU",4.24304141208418,334,NA,NA,NA,NA,NA,NA,NA,NA,NA,NA,NA,NA,NA,NA,NA,NA,NA,7.375,232,22,14.1408
537,2.07757,86,166,"2025-04-12_LUGAU",4.24304141208418,334,NA,NA,NA,NA,NA,NA,NA,NA,NA,NA,NA,NA,NA,NA,NA,NA,NA,7.375,232,22,14.1408
538,2.08152,86,165,"2025-04-12_LUGAU",4.22261633307998,334,NA,NA,NA,NA,NA,NA,NA,NA,NA,NA,NA,NA,NA,NA,NA,NA,NA,7.5,234,22,14.2092
539,2.08544,87,165,"2025-04-12_LUGAU",4.25278557455133,336,NA,NA,NA,NA,NA,NA,NA,NA,NA,NA,NA,NA,NA,NA,NA,NA,NA,7.375,232,22,14.1084
540,2.08939,87,165,"2025-04-12_LUGAU",4.22261633307998,334,NA,NA,NA,NA,NA,NA,NA,NA,NA,NA,NA,NA,NA,NA,NA,NA,NA,7.375,232,22,14.2092
541,2.09335,88,165,"2025-04-12_LUGAU",4.20238695579089,336,NA,NA,NA,NA,NA,NA,NA,NA,NA,NA,NA,NA,NA,NA,NA,NA,NA,7.5,230,22,14.2776
542,2.09735,87,165,"2025-04-12_LUGAU",4.17292605575029,337,NA,NA,NA,NA,NA,NA,NA,NA,NA,NA,NA,NA,NA,NA,NA,NA,NA,7.5,228,22,14.3784
543,2.10132,87,166,"2025-04-12_LUGAU",4.20238695579089,339,NA,NA,NA,NA,NA,NA,NA,NA,NA,NA,NA,NA,NA,NA,NA,NA,NA,7.5,226,22,14.2776
544,2.10533,87,166,"2025-04-12_LUGAU",4.1438753522294,339,NA,NA,NA,NA,NA,NA,NA,NA,NA,NA,NA,NA,NA,NA,NA,NA,NA,7.5,226,22,14.4792
545,2.10939,87,166,"2025-04-12_LUGAU",4.11522633744856,341,NA,NA,NA,NA,NA,NA,NA,NA,NA,NA,NA,NA,NA,NA,NA,NA,NA,7.5,226,22,14.58
546,2.11341,87,166,"2025-04-12_LUGAU",4.13462333581411,345,NA,NA,NA,NA,NA,NA,NA,NA,NA,NA,NA,NA,NA,NA,NA,NA,NA,7.875,226,22,14.5116
547,2.11746,86,166,"2025-04-12_LUGAU",4.12541254125412,345,NA,NA,NA,NA,NA,NA,NA,NA,NA,NA,NA,NA,NA,NA,NA,NA,NA,7.875,228,22,14.544
548,2.12153,86,167,"2025-04-12_LUGAU",4.08697073728952,346,NA,NA,NA,NA,NA,NA,NA,NA,NA,NA,NA,NA,NA,NA,NA,NA,NA,7.875,228,22,14.6808
549,2.12557,86,167,"2025-04-12_LUGAU",4.12541254125412,348,NA,NA,NA,NA,NA,NA,NA,NA,NA,NA,NA,NA,NA,NA,NA,NA,NA,7.875,228,22,14.544
550,2.12963,86,167,"2025-04-12_LUGAU",4.11522633744856,346,NA,NA,NA,NA,NA,NA,NA,NA,NA,NA,NA,NA,NA,NA,NA,NA,NA,7.875,228,22,14.58
551,2.13367,87,167,"2025-04-12_LUGAU",4.11522633744856,346,NA,NA,NA,NA,NA,NA,NA,NA,NA,NA,NA,NA,NA,NA,NA,NA,NA,7.75,228,22,14.58
552,2.13772,87,167,"2025-04-12_LUGAU",4.11522633744856,346,NA,NA,NA,NA,NA,NA,NA,NA,NA,NA,NA,NA,NA,NA,NA,NA,NA,7.75,226,22,14.58
553,2.14173,87,166,"2025-04-12_LUGAU",4.15420405450316,345,NA,NA,NA,NA,NA,NA,NA,NA,NA,NA,NA,NA,NA,NA,NA,NA,NA,7.75,226,22,14.4432
554,2.14572,87,166,"2025-04-12_LUGAU",4.18340026773762,343,NA,NA,NA,NA,NA,NA,NA,NA,NA,NA,NA,NA,NA,NA,NA,NA,NA,7.5,226,22,14.3424
555,2.14965,87,166,"2025-04-12_LUGAU",4.24304141208418,341,NA,NA,NA,NA,NA,NA,NA,NA,NA,NA,NA,NA,NA,NA,NA,NA,NA,7.5,228,22,14.1408
556,2.15358,87,166,"2025-04-12_LUGAU",4.2322668020992,337,NA,NA,NA,NA,NA,NA,NA,NA,NA,NA,NA,NA,NA,NA,NA,NA,NA,7.5,230,22,14.1768
557,2.15749,87,166,"2025-04-12_LUGAU",4.27350427350427,337,NA,NA,NA,NA,NA,NA,NA,NA,NA,NA,NA,NA,NA,NA,NA,NA,NA,7.5,230,22,14.04
558,2.16138,87,165,"2025-04-12_LUGAU",4.28338901739056,337,NA,NA,NA,NA,NA,NA,NA,NA,NA,NA,NA,NA,NA,NA,NA,NA,NA,7.5,230,22,14.0076
559,2.16529,87,165,"2025-04-12_LUGAU",4.26257459505541,333,NA,NA,NA,NA,NA,NA,NA,NA,NA,NA,NA,NA,NA,NA,NA,NA,NA,7.5,232,22,14.076
560,2.16925,88,165,"2025-04-12_LUGAU",4.21300977418268,334,NA,NA,NA,NA,NA,NA,NA,NA,NA,NA,NA,NA,NA,NA,NA,NA,NA,7.5,232,22,14.2416
561,2.17318,87,165,"2025-04-12_LUGAU",4.2322668020992,338,NA,NA,NA,NA,NA,NA,NA,NA,NA,NA,NA,NA,NA,NA,NA,NA,NA,7.5,232,22,14.1768
562,2.17709,87,165,"2025-04-12_LUGAU",4.26257459505541,338,NA,NA,NA,NA,NA,NA,NA,NA,NA,NA,NA,NA,NA,NA,NA,NA,NA,7.5,232,22,14.076
563,2.18102,86,165,"2025-04-12_LUGAU",4.24304141208418,334,NA,NA,NA,NA,NA,NA,NA,NA,NA,NA,NA,NA,NA,NA,NA,NA,NA,7.625,236,22,14.1408
564,2.18494,86,165,"2025-04-12_LUGAU",4.25278557455133,337,NA,NA,NA,NA,NA,NA,NA,NA,NA,NA,NA,NA,NA,NA,NA,NA,NA,7.625,236,22,14.1084
565,2.18885,86,164,"2025-04-12_LUGAU",4.26257459505541,336,NA,NA,NA,NA,NA,NA,NA,NA,NA,NA,NA,NA,NA,NA,NA,NA,NA,7.625,236,22,14.076
566,2.19278,86,164,"2025-04-12_LUGAU",4.2322668020992,335,NA,NA,NA,NA,NA,NA,NA,NA,NA,NA,NA,NA,NA,NA,NA,NA,NA,7.625,236,22,14.1768
567,2.19675,87,164,"2025-04-12_LUGAU",4.20238695579089,338,NA,NA,NA,NA,NA,NA,NA,NA,NA,NA,NA,NA,NA,NA,NA,NA,NA,7.625,234,22,14.2776
568,2.2007,87,164,"2025-04-12_LUGAU",4.22261633307998,339,NA,NA,NA,NA,NA,NA,NA,NA,NA,NA,NA,NA,NA,NA,NA,NA,NA,7.625,234,22,14.2092
569,2.20463,87,164,"2025-04-12_LUGAU",4.2322668020992,337,NA,NA,NA,NA,NA,NA,NA,NA,NA,NA,NA,NA,NA,NA,NA,NA,NA,7.375,234,22,14.1768
570,2.20857,87,164,"2025-04-12_LUGAU",4.2322668020992,335,NA,NA,NA,NA,NA,NA,NA,NA,NA,NA,NA,NA,NA,NA,NA,NA,NA,7.375,234,22,14.1768
571,2.21253,87,165,"2025-04-12_LUGAU",4.21300977418268,335,NA,NA,NA,NA,NA,NA,NA,NA,NA,NA,NA,NA,NA,NA,NA,NA,NA,7.375,234,22,14.2416
572,2.21648,86,165,"2025-04-12_LUGAU",4.22261633307998,337,NA,NA,NA,NA,NA,NA,NA,NA,NA,NA,NA,NA,NA,NA,NA,NA,NA,7.5,232,22,14.2092
573,2.22042,86,165,"2025-04-12_LUGAU",4.22261633307998,336,NA,NA,NA,NA,NA,NA,NA,NA,NA,NA,NA,NA,NA,NA,NA,NA,NA,7.75,232,22,14.2092
574,2.2244,85,165,"2025-04-12_LUGAU",4.19287211740042,336,NA,NA,NA,NA,NA,NA,NA,NA,NA,NA,NA,NA,NA,NA,NA,NA,NA,7.75,230,22,14.31
575,2.22834,86,165,"2025-04-12_LUGAU",4.2322668020992,339,NA,NA,NA,NA,NA,NA,NA,NA,NA,NA,NA,NA,NA,NA,NA,NA,NA,7.625,232,22,14.1768
576,2.23223,86,165,"2025-04-12_LUGAU",4.28338901739056,337,NA,NA,NA,NA,NA,NA,NA,NA,NA,NA,NA,NA,NA,NA,NA,NA,NA,7.625,234,22,14.0076
577,2.23615,86,166,"2025-04-12_LUGAU",4.25278557455133,334,NA,NA,NA,NA,NA,NA,NA,NA,NA,NA,NA,NA,NA,NA,NA,NA,NA,7.875,234,22,14.1084
578,2.24009,86,166,"2025-04-12_LUGAU",4.22261633307998,335,NA,NA,NA,NA,NA,NA,NA,NA,NA,NA,NA,NA,NA,NA,NA,NA,NA,7.75,234,22,14.2092
579,2.24405,87,166,"2025-04-12_LUGAU",4.21300977418268,338,NA,NA,NA,NA,NA,NA,NA,NA,NA,NA,NA,NA,NA,NA,NA,NA,NA,7.75,234,22,14.2416
580,2.24801,87,166,"2025-04-12_LUGAU",4.21300977418268,338,NA,NA,NA,NA,NA,NA,NA,NA,NA,NA,NA,NA,NA,NA,NA,NA,NA,7.75,234,22,14.2416
581,2.25199,87,166,"2025-04-12_LUGAU",4.18340026773762,337,NA,NA,NA,NA,NA,NA,NA,NA,NA,NA,NA,NA,NA,NA,NA,NA,NA,7.5,232,22,14.3424
582,2.256,87,166,"2025-04-12_LUGAU",4.16354400866017,337,NA,NA,NA,NA,NA,NA,NA,NA,NA,NA,NA,NA,NA,NA,NA,NA,NA,7.5,232,22,14.4108
583,2.25995,87,166,"2025-04-12_LUGAU",4.21300977418268,340,NA,NA,NA,NA,NA,NA,NA,NA,NA,NA,NA,NA,NA,NA,NA,NA,NA,7.375,234,22,14.2416
584,2.26393,87,166,"2025-04-12_LUGAU",4.18340026773762,338,NA,NA,NA,NA,NA,NA,NA,NA,NA,NA,NA,NA,NA,NA,NA,NA,NA,7.375,234,22,14.3424
585,2.26795,87,166,"2025-04-12_LUGAU",4.1438753522294,339,NA,NA,NA,NA,NA,NA,NA,NA,NA,NA,NA,NA,NA,NA,NA,NA,NA,7.375,232,22,14.4792
586,2.27197,87,166,"2025-04-12_LUGAU",4.15420405450316,341,NA,NA,NA,NA,NA,NA,NA,NA,NA,NA,NA,NA,NA,NA,NA,NA,NA,7.375,232,22,14.4432
587,2.27592,87,167,"2025-04-12_LUGAU",4.21300977418268,342,NA,NA,NA,NA,NA,NA,NA,NA,NA,NA,NA,NA,NA,NA,NA,NA,NA,7.5,232,22,14.2416
588,2.27989,87,167,"2025-04-12_LUGAU",4.20238695579089,342,NA,NA,NA,NA,NA,NA,NA,NA,NA,NA,NA,NA,NA,NA,NA,NA,NA,7.5,232,22,14.2776
589,2.28381,86,166,"2025-04-12_LUGAU",4.25278557455133,342,NA,NA,NA,NA,NA,NA,NA,NA,NA,NA,NA,NA,NA,NA,NA,NA,NA,7.5,232,22,14.1084
590,2.28771,87,166,"2025-04-12_LUGAU",4.27350427350427,342,NA,NA,NA,NA,NA,NA,NA,NA,NA,NA,NA,NA,NA,NA,NA,NA,NA,7.5,232,22,14.04
591,2.29161,86,166,"2025-04-12_LUGAU",4.27350427350427,335,NA,NA,NA,NA,NA,NA,NA,NA,NA,NA,NA,NA,NA,NA,NA,NA,NA,7.75,232,22,14.04
592,2.29551,86,165,"2025-04-12_LUGAU",4.27350427350427,336,NA,NA,NA,NA,NA,NA,NA,NA,NA,NA,NA,NA,NA,NA,NA,NA,NA,7.75,232,22,14.04
593,2.29939,86,165,"2025-04-12_LUGAU",4.29331959471063,335,NA,NA,NA,NA,NA,NA,NA,NA,NA,NA,NA,NA,NA,NA,NA,NA,NA,7.75,232,22,13.9752
594,2.30325,86,166,"2025-04-12_LUGAU",4.31443610320131,334,NA,NA,NA,NA,NA,NA,NA,NA,NA,NA,NA,NA,NA,NA,NA,NA,NA,7.75,232,22,13.9068
595,2.3071,86,166,"2025-04-12_LUGAU",4.33576135969476,333,NA,NA,NA,NA,NA,NA,NA,NA,NA,NA,NA,NA,NA,NA,NA,NA,NA,7.5,236,22,13.8384
596,2.31096,86,167,"2025-04-12_LUGAU",4.31443610320131,331,NA,NA,NA,NA,NA,NA,NA,NA,NA,NA,NA,NA,NA,NA,NA,NA,NA,7.5,236,22,13.9068
597,2.31484,87,167,"2025-04-12_LUGAU",4.29331959471063,331,NA,NA,NA,NA,NA,NA,NA,NA,NA,NA,NA,NA,NA,NA,NA,NA,NA,7.5,236,22,13.9752
598,2.31877,87,167,"2025-04-12_LUGAU",4.25278557455133,332,NA,NA,NA,NA,NA,NA,NA,NA,NA,NA,NA,NA,NA,NA,NA,NA,NA,7.5,234,22,14.1084
599,2.3227,87,167,"2025-04-12_LUGAU",4.2322668020992,334,NA,NA,NA,NA,NA,NA,NA,NA,NA,NA,NA,NA,NA,NA,NA,NA,NA,7.5,234,22,14.1768
600,2.32665,87,167,"2025-04-12_LUGAU",4.22261633307998,335,NA,NA,NA,NA,NA,NA,NA,NA,NA,NA,NA,NA,NA,NA,NA,NA,NA,7.625,234,22,14.2092
601,2.33054,86,167,"2025-04-12_LUGAU",4.28338901739056,337,NA,NA,NA,NA,NA,NA,NA,NA,NA,NA,NA,NA,NA,NA,NA,NA,NA,7.625,234,22,14.0076
602,2.33441,85,167,"2025-04-12_LUGAU",4.30440771349862,331,NA,NA,NA,NA,NA,NA,NA,NA,NA,NA,NA,NA,NA,NA,NA,NA,NA,7.75,234,22,13.9392
603,2.33827,85,166,"2025-04-12_LUGAU",4.31443610320131,331,NA,NA,NA,NA,NA,NA,NA,NA,NA,NA,NA,NA,NA,NA,NA,NA,NA,7.75,236,22,13.9068
604,2.34214,86,166,"2025-04-12_LUGAU",4.31443610320131,330,NA,NA,NA,NA,NA,NA,NA,NA,NA,NA,NA,NA,NA,NA,NA,NA,NA,7.75,238,22,13.9068
605,2.34604,87,166,"2025-04-12_LUGAU",4.27350427350427,332,NA,NA,NA,NA,NA,NA,NA,NA,NA,NA,NA,NA,NA,NA,NA,NA,NA,7.75,238,22,14.04
606,2.35001,87,167,"2025-04-12_LUGAU",4.19287211740042,334,NA,NA,NA,NA,NA,NA,NA,NA,NA,NA,NA,NA,NA,NA,NA,NA,NA,7.75,236,22,14.31
607,2.35404,87,166,"2025-04-12_LUGAU",4.13462333581411,339,NA,NA,NA,NA,NA,NA,NA,NA,NA,NA,NA,NA,NA,NA,NA,NA,NA,7.75,232,22,14.5116
608,2.35809,87,166,"2025-04-12_LUGAU",4.11522633744856,343,NA,NA,NA,NA,NA,NA,NA,NA,NA,NA,NA,NA,NA,NA,NA,NA,NA,7.75,228,22,14.58
609,2.36214,87,166,"2025-04-12_LUGAU",4.11522633744856,344,NA,NA,NA,NA,NA,NA,NA,NA,NA,NA,NA,NA,NA,NA,NA,NA,NA,7.75,226,22,14.58
610,2.36617,86,166,"2025-04-12_LUGAU",4.13462333581411,344,NA,NA,NA,NA,NA,NA,NA,NA,NA,NA,NA,NA,NA,NA,NA,NA,NA,7.75,226,22,14.5116
611,2.37015,87,166,"2025-04-12_LUGAU",4.19287211740042,342,NA,NA,NA,NA,NA,NA,NA,NA,NA,NA,NA,NA,NA,NA,NA,NA,NA,7.75,226,22,14.31
612,2.3741,87,166,"2025-04-12_LUGAU",4.21300977418268,338,NA,NA,NA,NA,NA,NA,NA,NA,NA,NA,NA,NA,NA,NA,NA,NA,NA,7.75,230,22,14.2416
613,2.37808,87,166,"2025-04-12_LUGAU",4.19287211740042,340,NA,NA,NA,NA,NA,NA,NA,NA,NA,NA,NA,NA,NA,NA,NA,NA,NA,7.75,232,22,14.31
614,2.38205,87,166,"2025-04-12_LUGAU",4.19287211740042,341,NA,NA,NA,NA,NA,NA,NA,NA,NA,NA,NA,NA,NA,NA,NA,NA,NA,7.75,232,22,14.31
615,2.38601,87,165,"2025-04-12_LUGAU",4.21300977418268,340,NA,NA,NA,NA,NA,NA,NA,NA,NA,NA,NA,NA,NA,NA,NA,NA,NA,7.75,232,22,14.2416
616,2.38996,87,165,"2025-04-12_LUGAU",4.22261633307998,338,NA,NA,NA,NA,NA,NA,NA,NA,NA,NA,NA,NA,NA,NA,NA,NA,NA,7.75,232,22,14.2092
617,2.39384,87,165,"2025-04-12_LUGAU",4.29331959471063,338,NA,NA,NA,NA,NA,NA,NA,NA,NA,NA,NA,NA,NA,NA,NA,NA,NA,7.75,234,22,13.9752
618,2.39766,85,165,"2025-04-12_LUGAU",4.3675751222921,332,NA,NA,NA,NA,NA,NA,NA,NA,NA,NA,NA,NA,NA,NA,NA,NA,NA,7.75,236,22,13.7376
619,2.40147,84,166,"2025-04-12_LUGAU",4.3675751222921,327,NA,NA,NA,NA,NA,NA,NA,NA,NA,NA,NA,NA,NA,NA,NA,NA,NA,7.875,238,22,13.7376
620,2.40528,85,166,"2025-04-12_LUGAU",4.37790035898783,327,NA,NA,NA,NA,NA,NA,NA,NA,NA,NA,NA,NA,NA,NA,NA,NA,NA,7.75,238,22,13.7052
621,2.40911,85,165,"2025-04-12_LUGAU",4.3561596096881,328,NA,NA,NA,NA,NA,NA,NA,NA,NA,NA,NA,NA,NA,NA,NA,NA,NA,7.75,238,22,13.7736
622,2.41296,86,165,"2025-04-12_LUGAU",4.32451133021969,330,NA,NA,NA,NA,NA,NA,NA,NA,NA,NA,NA,NA,NA,NA,NA,NA,NA,7.5,236,22,13.8744
623,2.41684,87,165,"2025-04-12_LUGAU",4.29331959471063,331,NA,NA,NA,NA,NA,NA,NA,NA,NA,NA,NA,NA,NA,NA,NA,NA,NA,7.5,232,22,13.9752
624,2.42073,87,165,"2025-04-12_LUGAU",4.28338901739056,334,NA,NA,NA,NA,NA,NA,NA,NA,NA,NA,NA,NA,NA,NA,NA,NA,NA,7.375,232,22,14.0076
625,2.4246,87,164,"2025-04-12_LUGAU",4.30440771349862,332,NA,NA,NA,NA,NA,NA,NA,NA,NA,NA,NA,NA,NA,NA,NA,NA,NA,7.375,232,22,13.9392
626,2.42848,86,164,"2025-04-12_LUGAU",4.30440771349862,331,NA,NA,NA,NA,NA,NA,NA,NA,NA,NA,NA,NA,NA,NA,NA,NA,NA,7.375,232,22,13.9392
627,2.43235,86,164,"2025-04-12_LUGAU",4.30440771349862,330,NA,NA,NA,NA,NA,NA,NA,NA,NA,NA,NA,NA,NA,NA,NA,NA,NA,7.375,234,22,13.9392
628,2.43617,86,164,"2025-04-12_LUGAU",4.3561596096881,331,NA,NA,NA,NA,NA,NA,NA,NA,NA,NA,NA,NA,NA,NA,NA,NA,NA,7.625,234,22,13.7736
629,2.44,86,164,"2025-04-12_LUGAU",4.3561596096881,328,NA,NA,NA,NA,NA,NA,NA,NA,NA,NA,NA,NA,NA,NA,NA,NA,NA,7.625,234,22,13.7736
630,2.44384,86,164,"2025-04-12_LUGAU",4.33576135969476,328,NA,NA,NA,NA,NA,NA,NA,NA,NA,NA,NA,NA,NA,NA,NA,NA,NA,7.625,238,22,13.8384
631,2.44768,86,165,"2025-04-12_LUGAU",4.34593654932638,331,NA,NA,NA,NA,NA,NA,NA,NA,NA,NA,NA,NA,NA,NA,NA,NA,NA,7.75,238,22,13.806
632,2.45153,86,165,"2025-04-12_LUGAU",4.32451133021969,330,NA,NA,NA,NA,NA,NA,NA,NA,NA,NA,NA,NA,NA,NA,NA,NA,NA,7.75,238,22,13.8744
633,2.45542,87,165,"2025-04-12_LUGAU",4.28338901739056,330,NA,NA,NA,NA,NA,NA,NA,NA,NA,NA,NA,NA,NA,NA,NA,NA,NA,7.625,238,22,14.0076
634,2.4593,87,165,"2025-04-12_LUGAU",4.30440771349862,334,NA,NA,NA,NA,NA,NA,NA,NA,NA,NA,NA,NA,NA,NA,NA,NA,NA,7.625,238,22,13.9392
635,2.46315,87,165,"2025-04-12_LUGAU",4.32451133021969,334,NA,NA,NA,NA,NA,NA,NA,NA,NA,NA,NA,NA,NA,NA,NA,NA,NA,7.5,238,22,13.8744
636,2.467,87,165,"2025-04-12_LUGAU",4.32451133021969,331,NA,NA,NA,NA,NA,NA,NA,NA,NA,NA,NA,NA,NA,NA,NA,NA,NA,7.5,236,22,13.8744
637,2.47085,87,164,"2025-04-12_LUGAU",4.33576135969476,330,NA,NA,NA,NA,NA,NA,NA,NA,NA,NA,NA,NA,NA,NA,NA,NA,NA,7.375,236,22,13.8384
638,2.47471,87,164,"2025-04-12_LUGAU",4.31443610320131,329,NA,NA,NA,NA,NA,NA,NA,NA,NA,NA,NA,NA,NA,NA,NA,NA,NA,7.375,236,22,13.9068
639,2.4786,87,164,"2025-04-12_LUGAU",4.29331959471063,330,NA,NA,NA,NA,NA,NA,NA,NA,NA,NA,NA,NA,NA,NA,NA,NA,NA,7.375,234,22,13.9752
640,2.48251,87,164,"2025-04-12_LUGAU",4.25278557455133,330,NA,NA,NA,NA,NA,NA,NA,NA,NA,NA,NA,NA,NA,NA,NA,NA,NA,7.375,234,22,14.1084
641,2.48643,87,164,"2025-04-12_LUGAU",4.25278557455133,333,NA,NA,NA,NA,NA,NA,NA,NA,NA,NA,NA,NA,NA,NA,NA,NA,NA,7.375,234,22,14.1084
642,2.49038,87,164,"2025-04-12_LUGAU",4.22261633307998,333,NA,NA,NA,NA,NA,NA,NA,NA,NA,NA,NA,NA,NA,NA,NA,NA,NA,7.375,232,22,14.2092
643,2.49433,87,164,"2025-04-12_LUGAU",4.22261633307998,334,NA,NA,NA,NA,NA,NA,NA,NA,NA,NA,NA,NA,NA,NA,NA,NA,NA,7.375,232,22,14.2092
644,2.49828,87,165,"2025-04-12_LUGAU",4.21300977418268,335,NA,NA,NA,NA,NA,NA,NA,NA,NA,NA,NA,NA,NA,NA,NA,NA,NA,7.625,232,22,14.2416
645,2.5022,86,165,"2025-04-12_LUGAU",4.25278557455133,336,NA,NA,NA,NA,NA,NA,NA,NA,NA,NA,NA,NA,NA,NA,NA,NA,NA,7.625,234,22,14.1084
646,2.50611,86,165,"2025-04-12_LUGAU",4.26257459505541,334,NA,NA,NA,NA,NA,NA,NA,NA,NA,NA,NA,NA,NA,NA,NA,NA,NA,7.625,236,22,14.076
647,2.50997,86,166,"2025-04-12_LUGAU",4.31443610320131,333,NA,NA,NA,NA,NA,NA,NA,NA,NA,NA,NA,NA,NA,NA,NA,NA,NA,7.625,236,22,13.9068
648,2.51379,86,166,"2025-04-12_LUGAU",4.3675751222921,330,NA,NA,NA,NA,NA,NA,NA,NA,NA,NA,NA,NA,NA,NA,NA,NA,NA,7.625,238,22,13.7376
649,2.51758,86,166,"2025-04-12_LUGAU",4.39985920450546,327,NA,NA,NA,NA,NA,NA,NA,NA,NA,NA,NA,NA,NA,NA,NA,NA,NA,7.625,238,22,13.6368
650,2.52138,86,166,"2025-04-12_LUGAU",4.38827453045463,325,NA,NA,NA,NA,NA,NA,NA,NA,NA,NA,NA,NA,NA,NA,NA,NA,NA,7.625,238,22,13.6728
651,2.52519,86,166,"2025-04-12_LUGAU",4.3675751222921,325,NA,NA,NA,NA,NA,NA,NA,NA,NA,NA,NA,NA,NA,NA,NA,NA,NA,7.625,238,22,13.7376
652,2.52903,86,166,"2025-04-12_LUGAU",4.34593654932638,326,NA,NA,NA,NA,NA,NA,NA,NA,NA,NA,NA,NA,NA,NA,NA,NA,NA,7.625,238,22,13.806
653,2.53288,85,166,"2025-04-12_LUGAU",4.32451133021969,328,NA,NA,NA,NA,NA,NA,NA,NA,NA,NA,NA,NA,NA,NA,NA,NA,NA,7.625,236,22,13.8744
654,2.53675,85,166,"2025-04-12_LUGAU",4.30440771349862,328,NA,NA,NA,NA,NA,NA,NA,NA,NA,NA,NA,NA,NA,NA,NA,NA,NA,7.625,236,22,13.9392
655,2.54065,85,166,"2025-04-12_LUGAU",4.27350427350427,330,NA,NA,NA,NA,NA,NA,NA,NA,NA,NA,NA,NA,NA,NA,NA,NA,NA,7.625,236,22,14.04
656,2.54454,85,166,"2025-04-12_LUGAU",4.28338901739056,331,NA,NA,NA,NA,NA,NA,NA,NA,NA,NA,NA,NA,NA,NA,NA,NA,NA,7.625,236,22,14.0076
657,2.54842,87,166,"2025-04-12_LUGAU",4.30440771349862,331,NA,NA,NA,NA,NA,NA,NA,NA,NA,NA,NA,NA,NA,NA,NA,NA,NA,7.5,236,22,13.9392
658,2.55232,87,166,"2025-04-12_LUGAU",4.27350427350427,329,NA,NA,NA,NA,NA,NA,NA,NA,NA,NA,NA,NA,NA,NA,NA,NA,NA,7.5,238,22,14.04
659,2.55621,86,166,"2025-04-12_LUGAU",4.28338901739056,333,NA,NA,NA,NA,NA,NA,NA,NA,NA,NA,NA,NA,NA,NA,NA,NA,NA,7.625,236,22,14.0076
660,2.56008,87,166,"2025-04-12_LUGAU",4.31443610320131,332,NA,NA,NA,NA,NA,NA,NA,NA,NA,NA,NA,NA,NA,NA,NA,NA,NA,7.625,234,22,13.9068
661,2.56396,87,166,"2025-04-12_LUGAU",4.28338901739056,330,NA,NA,NA,NA,NA,NA,NA,NA,NA,NA,NA,NA,NA,NA,NA,NA,NA,7.75,234,22,14.0076
662,2.56788,87,166,"2025-04-12_LUGAU",4.25278557455133,333,NA,NA,NA,NA,NA,NA,NA,NA,NA,NA,NA,NA,NA,NA,NA,NA,NA,7.75,234,22,14.1084
663,2.57178,86,166,"2025-04-12_LUGAU",4.27350427350427,334,NA,NA,NA,NA,NA,NA,NA,NA,NA,NA,NA,NA,NA,NA,NA,NA,NA,7.75,234,22,14.04
664,2.5757,87,165,"2025-04-12_LUGAU",4.25278557455133,334,NA,NA,NA,NA,NA,NA,NA,NA,NA,NA,NA,NA,NA,NA,NA,NA,NA,7.75,234,22,14.1084
665,2.57962,87,165,"2025-04-12_LUGAU",4.25278557455133,335,NA,NA,NA,NA,NA,NA,NA,NA,NA,NA,NA,NA,NA,NA,NA,NA,NA,7.375,234,22,14.1084
666,2.58353,87,165,"2025-04-12_LUGAU",4.26257459505541,336,NA,NA,NA,NA,NA,NA,NA,NA,NA,NA,NA,NA,NA,NA,NA,NA,NA,7.375,236,22,14.076
667,2.58749,87,165,"2025-04-12_LUGAU",4.21300977418268,334,NA,NA,NA,NA,NA,NA,NA,NA,NA,NA,NA,NA,NA,NA,NA,NA,NA,7.25,234,22,14.2416
668,2.59146,87,165,"2025-04-12_LUGAU",4.19287211740042,338,NA,NA,NA,NA,NA,NA,NA,NA,NA,NA,NA,NA,NA,NA,NA,NA,NA,7.25,230,22,14.31
669,2.59545,87,166,"2025-04-12_LUGAU",4.17292605575029,338,NA,NA,NA,NA,NA,NA,NA,NA,NA,NA,NA,NA,NA,NA,NA,NA,NA,7.25,230,22,14.3784
670,2.59947,87,166,"2025-04-12_LUGAU",4.15420405450316,340,NA,NA,NA,NA,NA,NA,NA,NA,NA,NA,NA,NA,NA,NA,NA,NA,NA,7.25,230,22,14.4432
671,2.60348,87,166,"2025-04-12_LUGAU",4.15420405450316,342,NA,NA,NA,NA,NA,NA,NA,NA,NA,NA,NA,NA,NA,NA,NA,NA,NA,7.375,230,22,14.4432
672,2.60744,86,166,"2025-04-12_LUGAU",4.20238695579089,341,NA,NA,NA,NA,NA,NA,NA,NA,NA,NA,NA,NA,NA,NA,NA,NA,NA,7.375,230,22,14.2776
673,2.61137,86,166,"2025-04-12_LUGAU",4.24304141208418,336,NA,NA,NA,NA,NA,NA,NA,NA,NA,NA,NA,NA,NA,NA,NA,NA,NA,7.375,232,22,14.1408
674,2.61526,87,166,"2025-04-12_LUGAU",4.28338901739056,334,NA,NA,NA,NA,NA,NA,NA,NA,NA,NA,NA,NA,NA,NA,NA,NA,NA,7.375,232,22,14.0076
675,2.61911,86,166,"2025-04-12_LUGAU",4.33576135969476,332,NA,NA,NA,NA,NA,NA,NA,NA,NA,NA,NA,NA,NA,NA,NA,NA,NA,7.375,234,22,13.8384
676,2.62296,87,166,"2025-04-12_LUGAU",4.32451133021969,328,NA,NA,NA,NA,NA,NA,NA,NA,NA,NA,NA,NA,NA,NA,NA,NA,NA,7.375,236,22,13.8744
677,2.62679,87,166,"2025-04-12_LUGAU",4.3561596096881,330,NA,NA,NA,NA,NA,NA,NA,NA,NA,NA,NA,NA,NA,NA,NA,NA,NA,7.375,234,22,13.7736
678,2.63063,87,166,"2025-04-12_LUGAU",4.33576135969476,329,NA,NA,NA,NA,NA,NA,NA,NA,NA,NA,NA,NA,NA,NA,NA,NA,NA,7.5,234,22,13.8384
679,2.63447,87,166,"2025-04-12_LUGAU",4.34593654932638,329,NA,NA,NA,NA,NA,NA,NA,NA,NA,NA,NA,NA,NA,NA,NA,NA,NA,7.375,234,22,13.806
680,2.63834,87,166,"2025-04-12_LUGAU",4.30440771349862,329,NA,NA,NA,NA,NA,NA,NA,NA,NA,NA,NA,NA,NA,NA,NA,NA,NA,7.375,234,22,13.9392
681,2.6422,87,166,"2025-04-12_LUGAU",4.32451133021969,331,NA,NA,NA,NA,NA,NA,NA,NA,NA,NA,NA,NA,NA,NA,NA,NA,NA,7.375,234,22,13.8744
682,2.64603,87,168,"2025-04-12_LUGAU",4.34593654932638,328,NA,NA,NA,NA,NA,NA,NA,NA,NA,NA,NA,NA,NA,NA,NA,NA,NA,7.5,234,22,13.806
683,2.64985,86,168,"2025-04-12_LUGAU",4.3675751222921,328,NA,NA,NA,NA,NA,NA,NA,NA,NA,NA,NA,NA,NA,NA,NA,NA,NA,7.5,236,22,13.7376
684,2.6537,87,170,"2025-04-12_LUGAU",4.32451133021969,330,NA,NA,NA,NA,NA,NA,NA,NA,NA,NA,NA,NA,NA,NA,NA,NA,NA,7.5,238,22,13.8744
685,2.65754,86,168,"2025-04-12_LUGAU",4.33576135969476,330,NA,NA,NA,NA,NA,NA,NA,NA,NA,NA,NA,NA,NA,NA,NA,NA,NA,7.5,238,22,13.8384
686,2.6614,86,167,"2025-04-12_LUGAU",4.32451133021969,330,NA,NA,NA,NA,NA,NA,NA,NA,NA,NA,NA,NA,NA,NA,NA,NA,NA,7.375,238,22,13.8744
687,2.66531,87,166,"2025-04-12_LUGAU",4.26257459505541,330,NA,NA,NA,NA,NA,NA,NA,NA,NA,NA,NA,NA,NA,NA,NA,NA,NA,7.375,238,22,14.076
688,2.66924,87,166,"2025-04-12_LUGAU",4.2322668020992,335,NA,NA,NA,NA,NA,NA,NA,NA,NA,NA,NA,NA,NA,NA,NA,NA,NA,7.25,232,22,14.1768
689,2.67316,87,167,"2025-04-12_LUGAU",4.25278557455133,333,NA,NA,NA,NA,NA,NA,NA,NA,NA,NA,NA,NA,NA,NA,NA,NA,NA,7.375,232,22,14.1084
690,2.67708,87,167,"2025-04-12_LUGAU",4.25278557455133,333,NA,NA,NA,NA,NA,NA,NA,NA,NA,NA,NA,NA,NA,NA,NA,NA,NA,7.375,232,22,14.1084
691,2.68101,87,167,"2025-04-12_LUGAU",4.24304141208418,332,NA,NA,NA,NA,NA,NA,NA,NA,NA,NA,NA,NA,NA,NA,NA,NA,NA,7.5,232,22,14.1408
692,2.68493,87,166,"2025-04-12_LUGAU",4.25278557455133,331,NA,NA,NA,NA,NA,NA,NA,NA,NA,NA,NA,NA,NA,NA,NA,NA,NA,7.375,232,22,14.1084
693,2.68884,87,167,"2025-04-12_LUGAU",4.26257459505541,331,NA,NA,NA,NA,NA,NA,NA,NA,NA,NA,NA,NA,NA,NA,NA,NA,NA,7.375,232,22,14.076
694,2.69276,87,168,"2025-04-12_LUGAU",4.25278557455133,331,NA,NA,NA,NA,NA,NA,NA,NA,NA,NA,NA,NA,NA,NA,NA,NA,NA,7.5,232,22,14.1084
695,2.69671,87,166,"2025-04-12_LUGAU",4.22261633307998,332,NA,NA,NA,NA,NA,NA,NA,NA,NA,NA,NA,NA,NA,NA,NA,NA,NA,7.375,232,22,14.2092
696,2.70067,87,165,"2025-04-12_LUGAU",4.20238695579089,332,NA,NA,NA,NA,NA,NA,NA,NA,NA,NA,NA,NA,NA,NA,NA,NA,NA,7.375,232,22,14.2776
697,2.70465,87,165,"2025-04-12_LUGAU",4.19287211740042,336,NA,NA,NA,NA,NA,NA,NA,NA,NA,NA,NA,NA,NA,NA,NA,NA,NA,7.5,230,22,14.31
698,2.70861,87,164,"2025-04-12_LUGAU",4.21300977418268,337,NA,NA,NA,NA,NA,NA,NA,NA,NA,NA,NA,NA,NA,NA,NA,NA,NA,7.625,230,22,14.2416
699,2.71251,87,163,"2025-04-12_LUGAU",4.26257459505541,333,NA,NA,NA,NA,NA,NA,NA,NA,NA,NA,NA,NA,NA,NA,NA,NA,NA,7.75,232,22,14.076
700,2.71637,86,163,"2025-04-12_LUGAU",4.32451133021969,333,NA,NA,NA,NA,NA,NA,NA,NA,NA,NA,NA,NA,NA,NA,NA,NA,NA,7.75,232,22,13.8744
701,2.7202,86,162,"2025-04-12_LUGAU",4.34593654932638,331,NA,NA,NA,NA,NA,NA,NA,NA,NA,NA,NA,NA,NA,NA,NA,NA,NA,7.625,234,22,13.806
702,2.72405,87,162,"2025-04-12_LUGAU",4.33576135969476,329,NA,NA,NA,NA,NA,NA,NA,NA,NA,NA,NA,NA,NA,NA,NA,NA,NA,7.625,234,22,13.8384
703,2.72789,86,162,"2025-04-12_LUGAU",4.33576135969476,329,NA,NA,NA,NA,NA,NA,NA,NA,NA,NA,NA,NA,NA,NA,NA,NA,NA,7.5,234,22,13.8384
704,2.73176,87,162,"2025-04-12_LUGAU",4.30440771349862,329,NA,NA,NA,NA,NA,NA,NA,NA,NA,NA,NA,NA,NA,NA,NA,NA,NA,7.375,234,22,13.9392
705,2.73565,87,162,"2025-04-12_LUGAU",4.28338901739056,331,NA,NA,NA,NA,NA,NA,NA,NA,NA,NA,NA,NA,NA,NA,NA,NA,NA,7.375,234,22,14.0076
706,2.73953,87,162,"2025-04-12_LUGAU",4.29331959471063,332,NA,NA,NA,NA,NA,NA,NA,NA,NA,NA,NA,NA,NA,NA,NA,NA,NA,7.375,234,22,13.9752
707,2.74343,87,162,"2025-04-12_LUGAU",4.28338901739056,331,NA,NA,NA,NA,NA,NA,NA,NA,NA,NA,NA,NA,NA,NA,NA,NA,NA,7.5,234,21,14.0076
708,2.74734,87,163,"2025-04-12_LUGAU",4.26257459505541,331,NA,NA,NA,NA,NA,NA,NA,NA,NA,NA,NA,NA,NA,NA,NA,NA,NA,7.5,234,22,14.076
709,2.75125,87,163,"2025-04-12_LUGAU",4.26257459505541,333,NA,NA,NA,NA,NA,NA,NA,NA,NA,NA,NA,NA,NA,NA,NA,NA,NA,7.625,234,22,14.076
710,2.75516,87,163,"2025-04-12_LUGAU",4.25278557455133,334,NA,NA,NA,NA,NA,NA,NA,NA,NA,NA,NA,NA,NA,NA,NA,NA,NA,7.75,234,22,14.1084
711,2.75909,85,163,"2025-04-12_LUGAU",4.24304141208418,334,NA,NA,NA,NA,NA,NA,NA,NA,NA,NA,NA,NA,NA,NA,NA,NA,NA,7.75,234,22,14.1408
712,2.76303,86,163,"2025-04-12_LUGAU",4.2322668020992,334,NA,NA,NA,NA,NA,NA,NA,NA,NA,NA,NA,NA,NA,NA,NA,NA,NA,7.875,234,22,14.1768
713,2.76698,86,163,"2025-04-12_LUGAU",4.22261633307998,334,NA,NA,NA,NA,NA,NA,NA,NA,NA,NA,NA,NA,NA,NA,NA,NA,NA,7.875,234,22,14.2092
714,2.77095,86,163,"2025-04-12_LUGAU",4.19287211740042,337,NA,NA,NA,NA,NA,NA,NA,NA,NA,NA,NA,NA,NA,NA,NA,NA,NA,7.875,234,22,14.31
715,2.77493,87,163,"2025-04-12_LUGAU",4.19287211740042,341,NA,NA,NA,NA,NA,NA,NA,NA,NA,NA,NA,NA,NA,NA,NA,NA,NA,7.875,232,22,14.31
716,2.77893,86,163,"2025-04-12_LUGAU",4.16354400866017,341,NA,NA,NA,NA,NA,NA,NA,NA,NA,NA,NA,NA,NA,NA,NA,NA,NA,7.875,232,22,14.4108
717,2.78289,87,162,"2025-04-12_LUGAU",4.21300977418268,342,NA,NA,NA,NA,NA,NA,NA,NA,NA,NA,NA,NA,NA,NA,NA,NA,NA,7.875,228,22,14.2416
718,2.78683,86,162,"2025-04-12_LUGAU",4.22261633307998,339,NA,NA,NA,NA,NA,NA,NA,NA,NA,NA,NA,NA,NA,NA,NA,NA,NA,7.875,232,22,14.2092
719,2.79079,86,162,"2025-04-12_LUGAU",4.21300977418268,339,NA,NA,NA,NA,NA,NA,NA,NA,NA,NA,NA,NA,NA,NA,NA,NA,NA,7.875,230,22,14.2416
720,2.79474,86,162,"2025-04-12_LUGAU",4.22261633307998,339,NA,NA,NA,NA,NA,NA,NA,NA,NA,NA,NA,NA,NA,NA,NA,NA,NA,7.75,232,22,14.2092
721,2.79865,86,162,"2025-04-12_LUGAU",4.26257459505541,336,NA,NA,NA,NA,NA,NA,NA,NA,NA,NA,NA,NA,NA,NA,NA,NA,NA,7.75,232,22,14.076
722,2.80256,86,163,"2025-04-12_LUGAU",4.26257459505541,336,NA,NA,NA,NA,NA,NA,NA,NA,NA,NA,NA,NA,NA,NA,NA,NA,NA,7.75,232,22,14.076
723,2.80647,86,163,"2025-04-12_LUGAU",4.25278557455133,335,NA,NA,NA,NA,NA,NA,NA,NA,NA,NA,NA,NA,NA,NA,NA,NA,NA,7.75,232,22,14.1084
724,2.81037,86,163,"2025-04-12_LUGAU",4.28338901739056,334,NA,NA,NA,NA,NA,NA,NA,NA,NA,NA,NA,NA,NA,NA,NA,NA,NA,7.625,232,22,14.0076
725,2.81423,86,163,"2025-04-12_LUGAU",4.31443610320131,333,NA,NA,NA,NA,NA,NA,NA,NA,NA,NA,NA,NA,NA,NA,NA,NA,NA,7.625,234,22,13.9068
726,2.81802,86,163,"2025-04-12_LUGAU",4.39985920450546,330,NA,NA,NA,NA,NA,NA,NA,NA,NA,NA,NA,NA,NA,NA,NA,NA,NA,7.625,236,22,13.6368
727,2.82179,86,163,"2025-04-12_LUGAU",4.42086648983201,330,NA,NA,NA,NA,NA,NA,NA,NA,NA,NA,NA,NA,NA,NA,NA,NA,NA,7.625,236,22,13.572
728,2.82553,86,163,"2025-04-12_LUGAU",4.45394619632995,322,NA,NA,NA,NA,NA,NA,NA,NA,NA,NA,NA,NA,NA,NA,NA,NA,NA,7.5,236,22,13.4712
729,2.82925,85,164,"2025-04-12_LUGAU",4.48752468138575,321,NA,NA,NA,NA,NA,NA,NA,NA,NA,NA,NA,NA,NA,NA,NA,NA,NA,7.625,244,22,13.3704
730,2.83299,85,164,"2025-04-12_LUGAU",4.44325957522438,319,NA,NA,NA,NA,NA,NA,NA,NA,NA,NA,NA,NA,NA,NA,NA,NA,NA,7.5,244,22,13.5036
731,2.83678,86,164,"2025-04-12_LUGAU",4.39985920450546,320,NA,NA,NA,NA,NA,NA,NA,NA,NA,NA,NA,NA,NA,NA,NA,NA,NA,7.375,244,22,13.6368
732,2.8406,87,165,"2025-04-12_LUGAU",4.3675751222921,324,NA,NA,NA,NA,NA,NA,NA,NA,NA,NA,NA,NA,NA,NA,NA,NA,NA,7.5,240,22,13.7376
733,2.84441,87,165,"2025-04-12_LUGAU",4.3675751222921,325,NA,NA,NA,NA,NA,NA,NA,NA,NA,NA,NA,NA,NA,NA,NA,NA,NA,7.625,236,22,13.7376
734,2.84828,87,165,"2025-04-12_LUGAU",4.31443610320131,325,NA,NA,NA,NA,NA,NA,NA,NA,NA,NA,NA,NA,NA,NA,NA,NA,NA,7.625,236,22,13.9068
735,2.85215,86,165,"2025-04-12_LUGAU",4.30440771349862,329,NA,NA,NA,NA,NA,NA,NA,NA,NA,NA,NA,NA,NA,NA,NA,NA,NA,7.5,236,22,13.9392
736,2.856,86,165,"2025-04-12_LUGAU",4.32451133021969,329,NA,NA,NA,NA,NA,NA,NA,NA,NA,NA,NA,NA,NA,NA,NA,NA,NA,7.625,236,22,13.8744
737,2.85984,85,165,"2025-04-12_LUGAU",4.34593654932638,329,NA,NA,NA,NA,NA,NA,NA,NA,NA,NA,NA,NA,NA,NA,NA,NA,NA,7.75,236,22,13.806
738,2.86366,84,165,"2025-04-12_LUGAU",4.3675751222921,327,NA,NA,NA,NA,NA,NA,NA,NA,NA,NA,NA,NA,NA,NA,NA,NA,NA,7.875,236,22,13.7376
739,2.86743,85,165,"2025-04-12_LUGAU",4.42086648983201,326,NA,NA,NA,NA,NA,NA,NA,NA,NA,NA,NA,NA,NA,NA,NA,NA,NA,8,236,22,13.572
740,2.87118,84,166,"2025-04-12_LUGAU",4.44325957522438,324,NA,NA,NA,NA,NA,NA,NA,NA,NA,NA,NA,NA,NA,NA,NA,NA,NA,7.875,236,22,13.5036
741,2.87494,85,166,"2025-04-12_LUGAU",4.43262411347518,322,NA,NA,NA,NA,NA,NA,NA,NA,NA,NA,NA,NA,NA,NA,NA,NA,NA,7.875,236,22,13.536
742,2.87871,87,166,"2025-04-12_LUGAU",4.42086648983201,323,NA,NA,NA,NA,NA,NA,NA,NA,NA,NA,NA,NA,NA,NA,NA,NA,NA,7.875,236,22,13.572
743,2.8825,87,165,"2025-04-12_LUGAU",4.38827453045463,324,NA,NA,NA,NA,NA,NA,NA,NA,NA,NA,NA,NA,NA,NA,NA,NA,NA,7.875,236,22,13.6728
744,2.88633,87,166,"2025-04-12_LUGAU",4.3561596096881,327,NA,NA,NA,NA,NA,NA,NA,NA,NA,NA,NA,NA,NA,NA,NA,NA,NA,7.875,240,22,13.7736
745,2.89016,87,167,"2025-04-12_LUGAU",4.34593654932638,328,NA,NA,NA,NA,NA,NA,NA,NA,NA,NA,NA,NA,NA,NA,NA,NA,NA,7.875,240,22,13.806
746,2.89403,87,168,"2025-04-12_LUGAU",4.31443610320131,328,NA,NA,NA,NA,NA,NA,NA,NA,NA,NA,NA,NA,NA,NA,NA,NA,NA,7.375,240,22,13.9068
747,2.89787,87,168,"2025-04-12_LUGAU",4.33576135969476,329,NA,NA,NA,NA,NA,NA,NA,NA,NA,NA,NA,NA,NA,NA,NA,NA,NA,7.25,240,22,13.8384
748,2.90171,87,168,"2025-04-12_LUGAU",4.34593654932638,329,NA,NA,NA,NA,NA,NA,NA,NA,NA,NA,NA,NA,NA,NA,NA,NA,NA,7.375,240,22,13.806
749,2.90554,87,166,"2025-04-12_LUGAU",4.34593654932638,328,NA,NA,NA,NA,NA,NA,NA,NA,NA,NA,NA,NA,NA,NA,NA,NA,NA,7.375,240,22,13.806
750,2.9094,87,166,"2025-04-12_LUGAU",4.32451133021969,327,NA,NA,NA,NA,NA,NA,NA,NA,NA,NA,NA,NA,NA,NA,NA,NA,NA,7.375,240,22,13.8744
751,2.91326,87,165,"2025-04-12_LUGAU",4.31443610320131,329,NA,NA,NA,NA,NA,NA,NA,NA,NA,NA,NA,NA,NA,NA,NA,NA,NA,7.375,234,22,13.9068
752,2.91717,87,165,"2025-04-12_LUGAU",4.26257459505541,329,NA,NA,NA,NA,NA,NA,NA,NA,NA,NA,NA,NA,NA,NA,NA,NA,NA,7.375,234,22,14.076
753,2.92109,87,165,"2025-04-12_LUGAU",4.25278557455133,329,NA,NA,NA,NA,NA,NA,NA,NA,NA,NA,NA,NA,NA,NA,NA,NA,NA,7.375,234,22,14.1084
754,2.92499,87,165,"2025-04-12_LUGAU",4.27350427350427,333,NA,NA,NA,NA,NA,NA,NA,NA,NA,NA,NA,NA,NA,NA,NA,NA,NA,7.375,232,22,14.04
755,2.92885,86,165,"2025-04-12_LUGAU",4.31443610320131,330,NA,NA,NA,NA,NA,NA,NA,NA,NA,NA,NA,NA,NA,NA,NA,NA,NA,7.375,236,22,13.9068
756,2.9327,85,165,"2025-04-12_LUGAU",4.33576135969476,330,NA,NA,NA,NA,NA,NA,NA,NA,NA,NA,NA,NA,NA,NA,NA,NA,NA,7.375,236,22,13.8384
757,2.9365,85,165,"2025-04-12_LUGAU",4.37790035898783,329,NA,NA,NA,NA,NA,NA,NA,NA,NA,NA,NA,NA,NA,NA,NA,NA,NA,7.5,236,22,13.7052
758,2.94026,85,165,"2025-04-12_LUGAU",4.43262411347518,326,NA,NA,NA,NA,NA,NA,NA,NA,NA,NA,NA,NA,NA,NA,NA,NA,NA,7.5,236,22,13.536
759,2.94405,85,165,"2025-04-12_LUGAU",4.39985920450546,323,NA,NA,NA,NA,NA,NA,NA,NA,NA,NA,NA,NA,NA,NA,NA,NA,NA,7.5,236,21,13.6368
760,2.94785,86,165,"2025-04-12_LUGAU",4.38827453045463,325,NA,NA,NA,NA,NA,NA,NA,NA,NA,NA,NA,NA,NA,NA,NA,NA,NA,7.625,236,21,13.6728
761,2.95163,86,165,"2025-04-12_LUGAU",4.41033783187792,325,NA,NA,NA,NA,NA,NA,NA,NA,NA,NA,NA,NA,NA,NA,NA,NA,NA,7.625,236,21,13.6044
762,2.9554,86,164,"2025-04-12_LUGAU",4.42086648983201,324,NA,NA,NA,NA,NA,NA,NA,NA,NA,NA,NA,NA,NA,NA,NA,NA,NA,7.625,236,21,13.572
763,2.9592,86,164,"2025-04-12_LUGAU",4.37790035898783,323,NA,NA,NA,NA,NA,NA,NA,NA,NA,NA,NA,NA,NA,NA,NA,NA,NA,7.5,240,21,13.7052
764,2.96299,86,164,"2025-04-12_LUGAU",4.39985920450546,325,NA,NA,NA,NA,NA,NA,NA,NA,NA,NA,NA,NA,NA,NA,NA,NA,NA,7.5,240,21,13.6368
765,2.96675,85,164,"2025-04-12_LUGAU",4.43262411347518,323,NA,NA,NA,NA,NA,NA,NA,NA,NA,NA,NA,NA,NA,NA,NA,NA,NA,7.625,240,21,13.536
766,2.97052,84,164,"2025-04-12_LUGAU",4.43262411347518,321,NA,NA,NA,NA,NA,NA,NA,NA,NA,NA,NA,NA,NA,NA,NA,NA,NA,7.75,240,21,13.536
767,2.97428,84,164,"2025-04-12_LUGAU",4.42086648983201,323,NA,NA,NA,NA,NA,NA,NA,NA,NA,NA,NA,NA,NA,NA,NA,NA,NA,7.875,240,21,13.572
768,2.97805,84,164,"2025-04-12_LUGAU",4.42086648983201,322,NA,NA,NA,NA,NA,NA,NA,NA,NA,NA,NA,NA,NA,NA,NA,NA,NA,7.875,240,21,13.572
769,2.98185,84,164,"2025-04-12_LUGAU",4.38827453045463,323,NA,NA,NA,NA,NA,NA,NA,NA,NA,NA,NA,NA,NA,NA,NA,NA,NA,7.875,240,21,13.6728
770,2.98569,86,164,"2025-04-12_LUGAU",4.34593654932638,327,NA,NA,NA,NA,NA,NA,NA,NA,NA,NA,NA,NA,NA,NA,NA,NA,NA,7.75,240,21,13.806
771,2.98953,86,164,"2025-04-12_LUGAU",4.33576135969476,329,NA,NA,NA,NA,NA,NA,NA,NA,NA,NA,NA,NA,NA,NA,NA,NA,NA,7.625,240,21,13.8384
772,2.99338,86,164,"2025-04-12_LUGAU",4.32451133021969,329,NA,NA,NA,NA,NA,NA,NA,NA,NA,NA,NA,NA,NA,NA,NA,NA,NA,7.625,240,21,13.8744
773,2.99725,86,164,"2025-04-12_LUGAU",4.31443610320131,329,NA,NA,NA,NA,NA,NA,NA,NA,NA,NA,NA,NA,NA,NA,NA,NA,NA,7.375,240,21,13.9068
774,3.0011,86,164,"2025-04-12_LUGAU",4.32451133021969,329,NA,NA,NA,NA,NA,NA,NA,NA,NA,NA,NA,NA,NA,NA,NA,NA,NA,7.375,240,21,13.8744
775,3.00492,86,164,"2025-04-12_LUGAU",4.3675751222921,328,NA,NA,NA,NA,NA,NA,NA,NA,NA,NA,NA,NA,NA,NA,NA,NA,NA,7.375,240,21,13.7376
776,3.00876,86,164,"2025-04-12_LUGAU",4.34593654932638,324,NA,NA,NA,NA,NA,NA,NA,NA,NA,NA,NA,NA,NA,NA,NA,NA,NA,7.375,240,21,13.806
777,3.0126,86,163,"2025-04-12_LUGAU",4.33576135969476,326,NA,NA,NA,NA,NA,NA,NA,NA,NA,NA,NA,NA,NA,NA,NA,NA,NA,7.375,238,21,13.8384
778,3.01641,87,163,"2025-04-12_LUGAU",4.3675751222921,327,NA,NA,NA,NA,NA,NA,NA,NA,NA,NA,NA,NA,NA,NA,NA,NA,NA,7.25,238,21,13.7376
779,3.0202,87,163,"2025-04-12_LUGAU",4.39985920450546,325,NA,NA,NA,NA,NA,NA,NA,NA,NA,NA,NA,NA,NA,NA,NA,NA,NA,7.25,238,21,13.6368
780,3.02404,87,163,"2025-04-12_LUGAU",4.34593654932638,324,NA,NA,NA,NA,NA,NA,NA,NA,NA,NA,NA,NA,NA,NA,NA,NA,NA,7.375,238,21,13.806
781,3.02785,86,164,"2025-04-12_LUGAU",4.3675751222921,326,NA,NA,NA,NA,NA,NA,NA,NA,NA,NA,NA,NA,NA,NA,NA,NA,NA,7.25,238,21,13.7376
782,3.0316,86,164,"2025-04-12_LUGAU",4.44325957522438,325,NA,NA,NA,NA,NA,NA,NA,NA,NA,NA,NA,NA,NA,NA,NA,NA,NA,7.5,238,21,13.5036
783,3.03533,85,164,"2025-04-12_LUGAU",4.476676515355,320,NA,NA,NA,NA,NA,NA,NA,NA,NA,NA,NA,NA,NA,NA,NA,NA,NA,7.5,238,21,13.4028
784,3.03906,85,164,"2025-04-12_LUGAU",4.46588067166845,318,NA,NA,NA,NA,NA,NA,NA,NA,NA,NA,NA,NA,NA,NA,NA,NA,NA,7.5,238,21,13.4352
785,3.04276,85,164,"2025-04-12_LUGAU",4.510599909788,320,NA,NA,NA,NA,NA,NA,NA,NA,NA,NA,NA,NA,NA,NA,NA,NA,NA,7.5,242,21,13.302
786,3.04646,85,164,"2025-04-12_LUGAU",4.4996400287977,317,NA,NA,NA,NA,NA,NA,NA,NA,NA,NA,NA,NA,NA,NA,NA,NA,NA,7.5,242,21,13.3344
787,3.05024,87,164,"2025-04-12_LUGAU",4.41033783187792,319,NA,NA,NA,NA,NA,NA,NA,NA,NA,NA,NA,NA,NA,NA,NA,NA,NA,7.5,242,21,13.6044
788,3.05405,86,164,"2025-04-12_LUGAU",4.3675751222921,324,NA,NA,NA,NA,NA,NA,NA,NA,NA,NA,NA,NA,NA,NA,NA,NA,NA,7.5,242,21,13.7376
789,3.05789,87,164,"2025-04-12_LUGAU",4.34593654932638,326,NA,NA,NA,NA,NA,NA,NA,NA,NA,NA,NA,NA,NA,NA,NA,NA,NA,7.5,240,21,13.806
790,3.06172,86,164,"2025-04-12_LUGAU",4.34593654932638,328,NA,NA,NA,NA,NA,NA,NA,NA,NA,NA,NA,NA,NA,NA,NA,NA,NA,7.5,240,21,13.806
791,3.06556,86,164,"2025-04-12_LUGAU",4.34593654932638,327,NA,NA,NA,NA,NA,NA,NA,NA,NA,NA,NA,NA,NA,NA,NA,NA,NA,7.5,242,21,13.806
792,3.06937,86,164,"2025-04-12_LUGAU",4.37790035898783,328,NA,NA,NA,NA,NA,NA,NA,NA,NA,NA,NA,NA,NA,NA,NA,NA,NA,7.5,242,21,13.7052
793,3.07313,86,164,"2025-04-12_LUGAU",4.43262411347518,324,NA,NA,NA,NA,NA,NA,NA,NA,NA,NA,NA,NA,NA,NA,NA,NA,NA,7.5,242,21,13.536
794,3.07684,85,165,"2025-04-12_LUGAU",4.48752468138575,321,NA,NA,NA,NA,NA,NA,NA,NA,NA,NA,NA,NA,NA,NA,NA,NA,NA,7.625,244,21,13.3704
795,3.08054,85,164,"2025-04-12_LUGAU",4.4996400287977,318,NA,NA,NA,NA,NA,NA,NA,NA,NA,NA,NA,NA,NA,NA,NA,NA,NA,7.625,246,21,13.3344
796,3.08426,85,163,"2025-04-12_LUGAU",4.48752468138575,319,NA,NA,NA,NA,NA,NA,NA,NA,NA,NA,NA,NA,NA,NA,NA,NA,NA,7.625,248,21,13.3704
797,3.088,85,163,"2025-04-12_LUGAU",4.45394619632995,320,NA,NA,NA,NA,NA,NA,NA,NA,NA,NA,NA,NA,NA,NA,NA,NA,NA,7.625,246,21,13.4712
798,3.09176,85,163,"2025-04-12_LUGAU",4.43262411347518,323,NA,NA,NA,NA,NA,NA,NA,NA,NA,NA,NA,NA,NA,NA,NA,NA,NA,7.625,246,21,13.536
799,3.09552,85,163,"2025-04-12_LUGAU",4.43262411347518,324,NA,NA,NA,NA,NA,NA,NA,NA,NA,NA,NA,NA,NA,NA,NA,NA,NA,7.625,244,21,13.536
800,3.09927,85,163,"2025-04-12_LUGAU",4.44325957522438,323,NA,NA,NA,NA,NA,NA,NA,NA,NA,NA,NA,NA,NA,NA,NA,NA,NA,7.625,244,21,13.5036
801,3.103,85,163,"2025-04-12_LUGAU",4.46588067166845,321,NA,NA,NA,NA,NA,NA,NA,NA,NA,NA,NA,NA,NA,NA,NA,NA,NA,7.5,244,21,13.4352
802,3.10671,85,165,"2025-04-12_LUGAU",4.4996400287977,319,NA,NA,NA,NA,NA,NA,NA,NA,NA,NA,NA,NA,NA,NA,NA,NA,NA,7.5,244,21,13.3344
803,3.11045,85,164,"2025-04-12_LUGAU",4.45394619632995,316,NA,NA,NA,NA,NA,NA,NA,NA,NA,NA,NA,NA,NA,NA,NA,NA,NA,7.5,244,21,13.4712
804,3.11422,85,163,"2025-04-12_LUGAU",4.42086648983201,320,NA,NA,NA,NA,NA,NA,NA,NA,NA,NA,NA,NA,NA,NA,NA,NA,NA,7.375,244,21,13.572
805,3.11806,86,164,"2025-04-12_LUGAU",4.34593654932638,321,NA,NA,NA,NA,NA,NA,NA,NA,NA,NA,NA,NA,NA,NA,NA,NA,NA,7.5,240,21,13.806
806,3.1219,86,164,"2025-04-12_LUGAU",4.33576135969476,326,NA,NA,NA,NA,NA,NA,NA,NA,NA,NA,NA,NA,NA,NA,NA,NA,NA,7.5,240,21,13.8384
807,3.12579,86,164,"2025-04-12_LUGAU",4.28338901739056,327,NA,NA,NA,NA,NA,NA,NA,NA,NA,NA,NA,NA,NA,NA,NA,NA,NA,7.5,238,21,14.0076
808,3.12965,86,164,"2025-04-12_LUGAU",4.31443610320131,330,NA,NA,NA,NA,NA,NA,NA,NA,NA,NA,NA,NA,NA,NA,NA,NA,NA,7.5,238,21,13.9068
809,3.13348,86,164,"2025-04-12_LUGAU",4.3561596096881,327,NA,NA,NA,NA,NA,NA,NA,NA,NA,NA,NA,NA,NA,NA,NA,NA,NA,7.5,240,21,13.7736
810,3.13724,86,163,"2025-04-12_LUGAU",4.43262411347518,325,NA,NA,NA,NA,NA,NA,NA,NA,NA,NA,NA,NA,NA,NA,NA,NA,NA,7.5,240,21,13.536
811,3.14098,84,164,"2025-04-12_LUGAU",4.45394619632995,321,NA,NA,NA,NA,NA,NA,NA,NA,NA,NA,NA,NA,NA,NA,NA,NA,NA,7.5,240,21,13.4712
812,3.14472,84,164,"2025-04-12_LUGAU",4.45394619632995,319,NA,NA,NA,NA,NA,NA,NA,NA,NA,NA,NA,NA,NA,NA,NA,NA,NA,7.5,240,21,13.4712
813,3.14847,85,164,"2025-04-12_LUGAU",4.44325957522438,320,NA,NA,NA,NA,NA,NA,NA,NA,NA,NA,NA,NA,NA,NA,NA,NA,NA,7.5,240,21,13.5036
814,3.15224,85,164,"2025-04-12_LUGAU",4.43262411347518,322,NA,NA,NA,NA,NA,NA,NA,NA,NA,NA,NA,NA,NA,NA,NA,NA,NA,7.625,240,21,13.536
815,3.156,85,164,"2025-04-12_LUGAU",4.42086648983201,322,NA,NA,NA,NA,NA,NA,NA,NA,NA,NA,NA,NA,NA,NA,NA,NA,NA,7.625,240,21,13.572
816,3.15979,86,164,"2025-04-12_LUGAU",4.39985920450546,322,NA,NA,NA,NA,NA,NA,NA,NA,NA,NA,NA,NA,NA,NA,NA,NA,NA,7.625,240,21,13.6368
817,3.16355,86,163,"2025-04-12_LUGAU",4.43262411347518,324,NA,NA,NA,NA,NA,NA,NA,NA,NA,NA,NA,NA,NA,NA,NA,NA,NA,7.625,240,21,13.536
818,3.16731,86,163,"2025-04-12_LUGAU",4.43262411347518,323,NA,NA,NA,NA,NA,NA,NA,NA,NA,NA,NA,NA,NA,NA,NA,NA,NA,7.625,240,21,13.536
819,3.17113,86,163,"2025-04-12_LUGAU",4.3675751222921,322,NA,NA,NA,NA,NA,NA,NA,NA,NA,NA,NA,NA,NA,NA,NA,NA,NA,7.625,240,21,13.7376
820,3.17496,86,163,"2025-04-12_LUGAU",4.3561596096881,325,NA,NA,NA,NA,NA,NA,NA,NA,NA,NA,NA,NA,NA,NA,NA,NA,NA,7.625,240,21,13.7736
821,3.1788,86,163,"2025-04-12_LUGAU",4.33576135969476,326,NA,NA,NA,NA,NA,NA,NA,NA,NA,NA,NA,NA,NA,NA,NA,NA,NA,7.625,240,21,13.8384
822,3.18266,86,163,"2025-04-12_LUGAU",4.31443610320131,327,NA,NA,NA,NA,NA,NA,NA,NA,NA,NA,NA,NA,NA,NA,NA,NA,NA,7.625,238,21,13.9068
823,3.18655,85,163,"2025-04-12_LUGAU",4.29331959471063,329,NA,NA,NA,NA,NA,NA,NA,NA,NA,NA,NA,NA,NA,NA,NA,NA,NA,7.625,240,21,13.9752
824,3.19045,85,163,"2025-04-12_LUGAU",4.27350427350427,331,NA,NA,NA,NA,NA,NA,NA,NA,NA,NA,NA,NA,NA,NA,NA,NA,NA,7.625,240,21,14.04
825,3.19439,85,163,"2025-04-12_LUGAU",4.22261633307998,333,NA,NA,NA,NA,NA,NA,NA,NA,NA,NA,NA,NA,NA,NA,NA,NA,NA,7.625,238,21,14.2092
826,3.19836,85,163,"2025-04-12_LUGAU",4.20238695579089,336,NA,NA,NA,NA,NA,NA,NA,NA,NA,NA,NA,NA,NA,NA,NA,NA,NA,7.625,238,21,14.2776
827,3.20233,86,163,"2025-04-12_LUGAU",4.19287211740042,339,NA,NA,NA,NA,NA,NA,NA,NA,NA,NA,NA,NA,NA,NA,NA,NA,NA,7.625,236,21,14.31
828,3.20633,86,163,"2025-04-12_LUGAU",4.17292605575029,339,NA,NA,NA,NA,NA,NA,NA,NA,NA,NA,NA,NA,NA,NA,NA,NA,NA,7.625,234,21,14.3784
829,3.21028,86,163,"2025-04-12_LUGAU",4.21300977418268,340,NA,NA,NA,NA,NA,NA,NA,NA,NA,NA,NA,NA,NA,NA,NA,NA,NA,7.625,232,21,14.2416
830,3.21424,86,164,"2025-04-12_LUGAU",4.21300977418268,338,NA,NA,NA,NA,NA,NA,NA,NA,NA,NA,NA,NA,NA,NA,NA,NA,NA,7.625,234,21,14.2416
831,3.21817,85,164,"2025-04-12_LUGAU",4.24304141208418,337,NA,NA,NA,NA,NA,NA,NA,NA,NA,NA,NA,NA,NA,NA,NA,NA,NA,7.625,234,21,14.1408
832,3.22209,85,164,"2025-04-12_LUGAU",4.25278557455133,335,NA,NA,NA,NA,NA,NA,NA,NA,NA,NA,NA,NA,NA,NA,NA,NA,NA,7.625,234,21,14.1084
833,3.226,85,164,"2025-04-12_LUGAU",4.26257459505541,335,NA,NA,NA,NA,NA,NA,NA,NA,NA,NA,NA,NA,NA,NA,NA,NA,NA,7.625,236,21,14.076
834,3.22992,85,164,"2025-04-12_LUGAU",4.25278557455133,334,NA,NA,NA,NA,NA,NA,NA,NA,NA,NA,NA,NA,NA,NA,NA,NA,NA,7.625,234,21,14.1084
835,3.23386,86,164,"2025-04-12_LUGAU",4.22261633307998,335,NA,NA,NA,NA,NA,NA,NA,NA,NA,NA,NA,NA,NA,NA,NA,NA,NA,7.625,232,21,14.2092
836,3.23783,87,164,"2025-04-12_LUGAU",4.20238695579089,337,NA,NA,NA,NA,NA,NA,NA,NA,NA,NA,NA,NA,NA,NA,NA,NA,NA,7.625,232,21,14.2776
837,3.24184,87,164,"2025-04-12_LUGAU",4.15420405450316,338,NA,NA,NA,NA,NA,NA,NA,NA,NA,NA,NA,NA,NA,NA,NA,NA,NA,7.5,232,21,14.4432
838,3.24584,87,163,"2025-04-12_LUGAU",4.16354400866017,341,NA,NA,NA,NA,NA,NA,NA,NA,NA,NA,NA,NA,NA,NA,NA,NA,NA,7.5,230,21,14.4108
839,3.24987,87,163,"2025-04-12_LUGAU",4.1438753522294,341,NA,NA,NA,NA,NA,NA,NA,NA,NA,NA,NA,NA,NA,NA,NA,NA,NA,7.625,232,21,14.4792
840,3.25387,86,164,"2025-04-12_LUGAU",4.16354400866017,342,NA,NA,NA,NA,NA,NA,NA,NA,NA,NA,NA,NA,NA,NA,NA,NA,NA,7.75,232,21,14.4108
841,3.25787,85,163,"2025-04-12_LUGAU",4.16354400866017,341,NA,NA,NA,NA,NA,NA,NA,NA,NA,NA,NA,NA,NA,NA,NA,NA,NA,7.875,232,21,14.4108
842,3.26186,84,163,"2025-04-12_LUGAU",4.18340026773762,341,NA,NA,NA,NA,NA,NA,NA,NA,NA,NA,NA,NA,NA,NA,NA,NA,NA,7.875,232,21,14.3424
843,3.26585,85,164,"2025-04-12_LUGAU",4.17292605575029,340,NA,NA,NA,NA,NA,NA,NA,NA,NA,NA,NA,NA,NA,NA,NA,NA,NA,7.875,236,21,14.3784
844,3.26982,85,164,"2025-04-12_LUGAU",4.19287211740042,341,NA,NA,NA,NA,NA,NA,NA,NA,NA,NA,NA,NA,NA,NA,NA,NA,NA,7.875,236,21,14.31
845,3.27381,85,165,"2025-04-12_LUGAU",4.18340026773762,342,NA,NA,NA,NA,NA,NA,NA,NA,NA,NA,NA,NA,NA,NA,NA,NA,NA,7.875,236,21,14.3424
846,3.2778,85,163,"2025-04-12_LUGAU",4.17292605575029,341,NA,NA,NA,NA,NA,NA,NA,NA,NA,NA,NA,NA,NA,NA,NA,NA,NA,7.875,236,21,14.3784
847,3.28178,85,164,"2025-04-12_LUGAU",4.19287211740042,342,NA,NA,NA,NA,NA,NA,NA,NA,NA,NA,NA,NA,NA,NA,NA,NA,NA,7.875,236,21,14.31
848,3.28574,85,164,"2025-04-12_LUGAU",4.20238695579089,339,NA,NA,NA,NA,NA,NA,NA,NA,NA,NA,NA,NA,NA,NA,NA,NA,NA,7.875,236,21,14.2776
849,3.28971,85,165,"2025-04-12_LUGAU",4.20238695579089,339,NA,NA,NA,NA,NA,NA,NA,NA,NA,NA,NA,NA,NA,NA,NA,NA,NA,7.875,236,21,14.2776
850,3.29365,85,165,"2025-04-12_LUGAU",4.2322668020992,339,NA,NA,NA,NA,NA,NA,NA,NA,NA,NA,NA,NA,NA,NA,NA,NA,NA,7.875,234,21,14.1768
851,3.29758,85,165,"2025-04-12_LUGAU",4.2322668020992,337,NA,NA,NA,NA,NA,NA,NA,NA,NA,NA,NA,NA,NA,NA,NA,NA,NA,7.875,234,21,14.1768
852,3.30157,85,165,"2025-04-12_LUGAU",4.18340026773762,338,NA,NA,NA,NA,NA,NA,NA,NA,NA,NA,NA,NA,NA,NA,NA,NA,NA,7.875,236,21,14.3424
853,3.30558,85,165,"2025-04-12_LUGAU",4.15420405450316,342,NA,NA,NA,NA,NA,NA,NA,NA,NA,NA,NA,NA,NA,NA,NA,NA,NA,7.875,234,21,14.4432
854,3.30964,86,165,"2025-04-12_LUGAU",4.10610166707728,344,NA,NA,NA,NA,NA,NA,NA,NA,NA,NA,NA,NA,NA,NA,NA,NA,NA,7.875,234,21,14.6124
855,3.31375,87,165,"2025-04-12_LUGAU",4.05910050332846,346,NA,NA,NA,NA,NA,NA,NA,NA,NA,NA,NA,NA,NA,NA,NA,NA,NA,7.875,234,21,14.7816
856,3.31793,87,166,"2025-04-12_LUGAU",3.97867430572133,350,NA,NA,NA,NA,NA,NA,NA,NA,NA,NA,NA,NA,NA,NA,NA,NA,NA,7.875,228,21,15.0804
857,3.32214,88,166,"2025-04-12_LUGAU",3.96070975918885,355,NA,NA,NA,NA,NA,NA,NA,NA,NA,NA,NA,NA,NA,NA,NA,NA,NA,7.875,226,21,15.1488
858,3.32639,89,167,"2025-04-12_LUGAU",3.92618767177071,355,NA,NA,NA,NA,NA,NA,NA,NA,NA,NA,NA,NA,NA,NA,NA,NA,NA,7.875,226,21,15.282
859,3.33067,88,167,"2025-04-12_LUGAU",3.89135341271694,359,NA,NA,NA,NA,NA,NA,NA,NA,NA,NA,NA,NA,NA,NA,NA,NA,NA,7.875,220,21,15.4188
860,3.33495,88,167,"2025-04-12_LUGAU",3.89135341271694,361,NA,NA,NA,NA,NA,NA,NA,NA,NA,NA,NA,NA,NA,NA,NA,NA,NA,7.375,220,21,15.4188
861,3.3392,88,167,"2025-04-12_LUGAU",3.92618767177071,362,NA,NA,NA,NA,NA,NA,NA,NA,NA,NA,NA,NA,NA,NA,NA,NA,NA,7.375,220,21,15.282
862,3.34344,88,167,"2025-04-12_LUGAU",3.93452943028014,359,NA,NA,NA,NA,NA,NA,NA,NA,NA,NA,NA,NA,NA,NA,NA,NA,NA,7.375,220,21,15.2496
863,3.34768,88,167,"2025-04-12_LUGAU",3.92618767177071,358,NA,NA,NA,NA,NA,NA,NA,NA,NA,NA,NA,NA,NA,NA,NA,NA,NA,7.375,220,21,15.282
864,3.35192,88,167,"2025-04-12_LUGAU",3.93452943028014,359,NA,NA,NA,NA,NA,NA,NA,NA,NA,NA,NA,NA,NA,NA,NA,NA,NA,7.375,220,21,15.2496
865,3.35614,87,168,"2025-04-12_LUGAU",3.95225673859774,361,NA,NA,NA,NA,NA,NA,NA,NA,NA,NA,NA,NA,NA,NA,NA,NA,NA,7.375,220,21,15.1812
866,3.36033,87,168,"2025-04-12_LUGAU",3.97867430572133,358,NA,NA,NA,NA,NA,NA,NA,NA,NA,NA,NA,NA,NA,NA,NA,NA,NA,7.375,220,21,15.0804
867,3.36455,87,168,"2025-04-12_LUGAU",3.94290671082722,358,NA,NA,NA,NA,NA,NA,NA,NA,NA,NA,NA,NA,NA,NA,NA,NA,NA,7.375,220,21,15.2172
868,3.36878,86,168,"2025-04-12_LUGAU",3.94290671082722,360,NA,NA,NA,NA,NA,NA,NA,NA,NA,NA,NA,NA,NA,NA,NA,NA,NA,7.875,220,21,15.2172
869,3.373,86,166,"2025-04-12_LUGAU",3.95225673859774,360,NA,NA,NA,NA,NA,NA,NA,NA,NA,NA,NA,NA,NA,NA,NA,NA,NA,8,222,21,15.1812
870,3.37723,86,166,"2025-04-12_LUGAU",3.93452943028014,359,NA,NA,NA,NA,NA,NA,NA,NA,NA,NA,NA,NA,NA,NA,NA,NA,NA,8,220,21,15.2496
871,3.38149,87,167,"2025-04-12_LUGAU",3.91696043869957,362,NA,NA,NA,NA,NA,NA,NA,NA,NA,NA,NA,NA,NA,NA,NA,NA,NA,8.125,220,21,15.318
872,3.38573,87,167,"2025-04-12_LUGAU",3.92618767177071,362,NA,NA,NA,NA,NA,NA,NA,NA,NA,NA,NA,NA,NA,NA,NA,NA,NA,8.125,216,21,15.282
873,3.38998,87,168,"2025-04-12_LUGAU",3.92618767177071,362,NA,NA,NA,NA,NA,NA,NA,NA,NA,NA,NA,NA,NA,NA,NA,NA,NA,8.125,216,21,15.282
874,3.39422,85,166,"2025-04-12_LUGAU",3.92618767177071,362,NA,NA,NA,NA,NA,NA,NA,NA,NA,NA,NA,NA,NA,NA,NA,NA,NA,8.125,216,21,15.282
875,3.39848,85,165,"2025-04-12_LUGAU",3.91696043869957,362,NA,NA,NA,NA,NA,NA,NA,NA,NA,NA,NA,NA,NA,NA,NA,NA,NA,8.125,216,21,15.318
876,3.40272,85,168,"2025-04-12_LUGAU",3.93452943028014,364,NA,NA,NA,NA,NA,NA,NA,NA,NA,NA,NA,NA,NA,NA,NA,NA,NA,8.25,216,21,15.2496
877,3.40697,85,168,"2025-04-12_LUGAU",3.91696043869957,363,NA,NA,NA,NA,NA,NA,NA,NA,NA,NA,NA,NA,NA,NA,NA,NA,NA,8.25,222,21,15.318
878,3.41128,85,168,"2025-04-12_LUGAU",3.86607902265522,364,NA,NA,NA,NA,NA,NA,NA,NA,NA,NA,NA,NA,NA,NA,NA,NA,NA,8.25,222,21,15.5196
879,3.41565,86,169,"2025-04-12_LUGAU",3.81650255705671,368,NA,NA,NA,NA,NA,NA,NA,NA,NA,NA,NA,NA,NA,NA,NA,NA,NA,8.125,222,21,15.7212
880,3.42007,87,169,"2025-04-12_LUGAU",3.76818147561987,373,NA,NA,NA,NA,NA,NA,NA,NA,NA,NA,NA,NA,NA,NA,NA,NA,NA,8.125,220,21,15.9228
881,3.42468,88,168,"2025-04-12_LUGAU",3.61611340131627,377,NA,NA,NA,NA,NA,NA,NA,NA,NA,NA,NA,NA,NA,NA,NA,NA,NA,8,216,21,16.5924
882,3.42948,89,168,"2025-04-12_LUGAU",3.47511815401724,392,NA,NA,NA,NA,NA,NA,NA,NA,NA,NA,NA,NA,NA,NA,NA,NA,NA,8,210,21,17.2656
883,3.43449,89,168,"2025-04-12_LUGAU",3.32601609791791,406,NA,NA,NA,NA,NA,NA,NA,NA,NA,NA,NA,NA,NA,NA,NA,NA,NA,8,210,21,18.0396
884,3.43972,90,168,"2025-04-12_LUGAU",3.18369945877109,423,NA,NA,NA,NA,NA,NA,NA,NA,NA,NA,NA,NA,NA,NA,NA,NA,NA,8,210,21,18.846
885,3.44522,90,169,"2025-04-12_LUGAU",3.03250849102377,441,NA,NA,NA,NA,NA,NA,NA,NA,NA,NA,NA,NA,NA,NA,NA,NA,NA,8,196,21,19.7856
886,3.45087,91,170,"2025-04-12_LUGAU",2.94776559367999,465,NA,NA,NA,NA,NA,NA,NA,NA,NA,NA,NA,NA,NA,NA,NA,NA,NA,8,196,21,20.3544
887,3.45645,91,170,"2025-04-12_LUGAU",2.9868578255675,465,NA,NA,NA,NA,NA,NA,NA,NA,NA,NA,NA,NA,NA,NA,NA,NA,NA,8,196,21,20.088
888,3.46184,90,169,"2025-04-12_LUGAU",3.09559187716691,472,NA,NA,NA,NA,NA,NA,NA,NA,NA,NA,NA,NA,NA,NA,NA,NA,NA,8,196,21,19.3824
889,3.46703,86,169,"2025-04-12_LUGAU",3.20697838496569,472,NA,NA,NA,NA,NA,NA,NA,NA,NA,NA,NA,NA,NA,NA,NA,NA,NA,8,196,21,18.7092
890,3.47207,87,168,"2025-04-12_LUGAU",3.30753456373619,443,NA,NA,NA,NA,NA,NA,NA,NA,NA,NA,NA,NA,NA,NA,NA,NA,NA,8,196,21,18.1404
891,3.477,87,168,"2025-04-12_LUGAU",3.38272106082132,430,NA,NA,NA,NA,NA,NA,NA,NA,NA,NA,NA,NA,NA,NA,NA,NA,NA,8.5,196,21,17.7372
892,3.48201,87,169,"2025-04-12_LUGAU",3.32601609791791,427,NA,NA,NA,NA,NA,NA,NA,NA,NA,NA,NA,NA,NA,NA,NA,NA,NA,8.5,198,21,18.0396
893,3.48713,89,170,"2025-04-12_LUGAU",3.25330210163316,434,NA,NA,NA,NA,NA,NA,NA,NA,NA,NA,NA,NA,NA,NA,NA,NA,NA,8.5,194,21,18.4428
894,3.49241,89,169,"2025-04-12_LUGAU",3.15596793536578,434,NA,NA,NA,NA,NA,NA,NA,NA,NA,NA,NA,NA,NA,NA,NA,NA,NA,8.25,194,21,19.0116
895,3.49773,89,168,"2025-04-12_LUGAU",3.13401027955372,450,NA,NA,NA,NA,NA,NA,NA,NA,NA,NA,NA,NA,NA,NA,NA,NA,NA,8.25,190,21,19.1448
896,3.503,89,168,"2025-04-12_LUGAU",3.16676166951675,445,NA,NA,NA,NA,NA,NA,NA,NA,NA,NA,NA,NA,NA,NA,NA,NA,NA,8.25,192,21,18.9468
897,3.50819,89,169,"2025-04-12_LUGAU",3.21254176304292,445,NA,NA,NA,NA,NA,NA,NA,NA,NA,NA,NA,NA,NA,NA,NA,NA,NA,8.25,192,21,18.6768
898,3.51345,89,168,"2025-04-12_LUGAU",3.16676166951675,439,NA,NA,NA,NA,NA,NA,NA,NA,NA,NA,NA,NA,NA,NA,NA,NA,NA,8.25,192,21,18.9468
899,3.51875,89,169,"2025-04-12_LUGAU",3.14465408805031,447,NA,NA,NA,NA,NA,NA,NA,NA,NA,NA,NA,NA,NA,NA,NA,NA,NA,8.25,192,21,19.08
900,3.52405,89,169,"2025-04-12_LUGAU",3.14465408805031,447,NA,NA,NA,NA,NA,NA,NA,NA,NA,NA,NA,NA,NA,NA,NA,NA,NA,8.25,192,21,19.08
901,3.5295,88,168,"2025-04-12_LUGAU",3.05866519850737,449,NA,NA,NA,NA,NA,NA,NA,NA,NA,NA,NA,NA,NA,NA,NA,NA,NA,8.25,192,21,19.6164
902,3.53492,88,169,"2025-04-12_LUGAU",3.07446350611818,461,NA,NA,NA,NA,NA,NA,NA,NA,NA,NA,NA,NA,NA,NA,NA,NA,NA,8.25,188,21,19.5156
