"SECS","KM","CAD","HR","ID","PACE","WATTS","LRBALANCE","LTE","RTE","LPS","RPS","LPPB","RPPB","LPPE","RPPE","LPPPB","RPPPB","LPPPE","RPPPE","ALT","LAT","LON","SLOPE","RVERT","RCON","TEMP","KPH"
0,0,0,96,"2026-08-29_WXPZY",NA,0,NA,NA,NA,NA,NA,NA,NA,NA,NA,NA,NA,NA,NA,172.4,44.519712275,-80.023287237,0,0,0,27,0
1,0,0,96,"2026-08-29_WXPZY",NA,0,NA,NA,NA,NA,NA,NA,NA,NA,NA,NA,NA,NA,NA,172.4,44.519679586,-80.023298552,0,0,0,27,0
2,0.00341,88,96,"2026-08-29_WXPZY",4.89332550401253,0,NA,NA,NA,NA,NA,NA,NA,NA,NA,NA,NA,NA,NA,172.6,44.519639101,-80.023323782,5.8651,8.75,249,27,12.2616
3,0.00706,88,97,"2026-08-29_WXPZY",4.55622380171314,0,NA,NA,NA,NA,NA,NA,NA,NA,NA,NA,NA,NA,NA,173,44.519597443,-80.023345072,10.9589,9.05,242,27,13.1688
4,0.01098,88,97,"2026-08-29_WXPZY",4.25278557455133,248,NA,NA,NA,NA,NA,NA,NA,NA,NA,NA,NA,NA,NA,173,44.519550923,-80.023370134,0,9.34,235,27,14.1084
5,0.01522,89,97,"2026-08-29_WXPZY",3.93452943028014,266,NA,NA,NA,NA,NA,NA,NA,NA,NA,NA,NA,NA,NA,173.2,44.519507757,-80.023386898,4.71698,9.45,225,27,15.2496
6,0.01975,89,98,"2026-08-29_WXPZY",3.67511944138184,286,NA,NA,NA,NA,NA,NA,NA,NA,NA,NA,NA,NA,NA,173.4,44.519465512,-80.023403745,4.41501,9.76,216,27,16.326
7,0.02456,90,97,"2026-08-29_WXPZY",3.47511815401724,312,NA,NA,NA,NA,NA,NA,NA,NA,NA,NA,NA,NA,NA,173.4,44.519425949,-80.023419419,0,9.78,207,27,17.2656
8,0.02935,90,97,"2026-08-29_WXPZY",3.47511815401724,339,NA,NA,NA,NA,NA,NA,NA,NA,NA,NA,NA,NA,NA,173.4,44.519382615,-80.023458563,0,9.78,207,27,17.2656
9,0.03407,90,98,"2026-08-29_WXPZY",3.53032549601073,363,NA,NA,NA,NA,NA,NA,NA,NA,NA,NA,NA,NA,NA,173.6,44.519342968,-80.023482787,4.23729,9.72,209,27,16.9956
10,0.03869,89,100,"2026-08-29_WXPZY",3.60828462149094,367,NA,NA,NA,NA,NA,NA,NA,NA,NA,NA,NA,NA,NA,173.6,44.519298041,-80.023516733,3.01933,9.82,214,27,16.6284
11,0.04322,89,100,"2026-08-29_WXPZY",3.67511944138184,382,NA,NA,NA,NA,NA,NA,NA,NA,NA,NA,NA,NA,NA,173.8,44.519266358,-80.023536598,3.46083,9.76,216,27,16.326
12,0.04769,89,102,"2026-08-29_WXPZY",3.72939509211606,390,NA,NA,NA,NA,NA,NA,NA,NA,NA,NA,NA,NA,NA,174,44.519224784,-80.023567192,3.32175,9.69,218,27,16.0884
13,0.05213,88,101,"2026-08-29_WXPZY",3.75290850409067,388,NA,NA,NA,NA,NA,NA,NA,NA,NA,NA,NA,NA,NA,174,44.519197375,-80.023587057,2.22586,9.85,221,27,15.9876
14,0.05661,89,102,"2026-08-29_WXPZY",3.72106869092803,381,NA,NA,NA,NA,NA,NA,NA,NA,NA,NA,NA,NA,NA,174,44.519159321,-80.023619076,2.22586,9.69,218,27,16.1244
15,0.06113,88,105,"2026-08-29_WXPZY",3.69058163566578,376,NA,NA,NA,NA,NA,NA,NA,NA,NA,NA,NA,NA,NA,174.2,44.519126548,-80.023641288,2.19664,9.72,217,27,16.2576
16,0.06566,89,106,"2026-08-29_WXPZY",3.67511944138184,376,NA,NA,NA,NA,NA,NA,NA,NA,NA,NA,NA,NA,NA,174.4,44.519085476,-80.023677833,2.19664,9.92,219,27,16.326
17,0.07024,89,109,"2026-08-29_WXPZY",3.63821581896238,376,NA,NA,NA,NA,NA,NA,NA,NA,NA,NA,NA,NA,NA,174.6,44.519055469,-80.023699459,2.63332,9.79,215,27,16.4916
18,0.07487,91,113,"2026-08-29_WXPZY",3.60126764621147,376,NA,NA,NA,NA,NA,NA,NA,NA,NA,NA,NA,NA,NA,174.6,44.519026803,-80.023736758,2.63332,9.44,210,27,16.6608
19,0.07939,91,116,"2026-08-29_WXPZY",3.69058163566578,378,NA,NA,NA,NA,NA,NA,NA,NA,NA,NA,NA,NA,NA,174.8,44.519002747,-80.023755617,2.65207,9.35,213,27,16.2576
20,0.08378,91,117,"2026-08-29_WXPZY",3.79218809252939,382,NA,NA,NA,NA,NA,NA,NA,NA,NA,NA,NA,NA,NA,175,44.518963101,-80.023788977,3.10765,9.25,216,27,15.822
21,0.08809,89,118,"2026-08-29_WXPZY",3.86607902265522,374,NA,NA,NA,NA,NA,NA,NA,NA,NA,NA,NA,NA,NA,175,44.518938206,-80.023813117,2.66615,9.52,223,27,15.5196
22,0.09235,88,119,"2026-08-29_WXPZY",3.91696043869957,362,NA,NA,NA,NA,NA,NA,NA,NA,NA,NA,NA,NA,NA,175,44.518902835,-80.023849998,2.21872,9.68,226,27,15.318
23,0.09656,88,121,"2026-08-29_WXPZY",3.95225673859774,357,NA,NA,NA,NA,NA,NA,NA,NA,NA,NA,NA,NA,NA,175,44.518872157,-80.023887884,2.21872,9.64,227,27,15.1812
24,0.10081,88,126,"2026-08-29_WXPZY",3.92618767177071,353,NA,NA,NA,NA,NA,NA,NA,NA,NA,NA,NA,NA,NA,175.2,44.518839048,-80.023922585,2.68931,9.64,227,27,15.282
25,0.10512,88,128,"2026-08-29_WXPZY",3.86607902265522,351,NA,NA,NA,NA,NA,NA,NA,NA,NA,NA,NA,NA,NA,175.2,44.518805437,-80.023958543,2.24683,9.64,227,27,15.5196
26,0.10943,87,131,"2026-08-29_WXPZY",3.86607902265522,355,NA,NA,NA,NA,NA,NA,NA,NA,NA,NA,NA,NA,NA,175.2,44.518778866,-80.023984779,1.80533,9.71,225,27,15.5196
27,0.11375,87,132,"2026-08-29_WXPZY",3.85802469135802,360,NA,NA,NA,NA,NA,NA,NA,NA,NA,NA,NA,NA,NA,175.4,44.518745506,-80.024027275,1.83161,9.91,227,27,15.552
28,0.11798,87,133,"2026-08-29_WXPZY",3.94290671082722,360,NA,NA,NA,NA,NA,NA,NA,NA,NA,NA,NA,NA,NA,175.4,44.51872078,-80.024048984,1.83161,9.84,229,27,15.2172
29,0.12212,87,134,"2026-08-29_WXPZY",4.02284978678896,359,NA,NA,NA,NA,NA,NA,NA,NA,NA,NA,NA,NA,NA,175.6,44.518684989,-80.024092402,1.87222,9.73,232,27,14.9148
30,0.12623,87,136,"2026-08-29_WXPZY",4.05910050332846,354,NA,NA,NA,NA,NA,NA,NA,NA,NA,NA,NA,NA,NA,175.8,44.518662023,-80.024129702,1.90326,9.69,233,27,14.7816
31,0.1303,88,137,"2026-08-29_WXPZY",4.08697073728952,348,NA,NA,NA,NA,NA,NA,NA,NA,NA,NA,NA,NA,NA,176,44.518630088,-80.024166163,2.39466,9.49,231,26,14.6808
32,0.13437,87,139,"2026-08-29_WXPZY",4.09701737135365,344,NA,NA,NA,NA,NA,NA,NA,NA,NA,NA,NA,NA,NA,176.2,44.518602092,-80.024199188,2.88606,9.65,234,26,14.6448
33,0.13848,87,139,"2026-08-29_WXPZY",4.05910050332846,343,NA,NA,NA,NA,NA,NA,NA,NA,NA,NA,NA,NA,NA,176.4,44.518564122,-80.024230452,3.37268,9.69,233,26,14.7816
34,0.14268,87,140,"2026-08-29_WXPZY",3.96919901563864,342,NA,NA,NA,NA,NA,NA,NA,NA,NA,NA,NA,NA,NA,176.6,44.518525649,-80.024255598,3.37828,9.8,230,26,15.1164
35,0.14694,88,140,"2026-08-29_WXPZY",3.90869293308318,347,NA,NA,NA,NA,NA,NA,NA,NA,NA,NA,NA,NA,NA,176.6,44.518486087,-80.024265824,3.37828,9.88,228,26,15.3504
36,0.15125,88,140,"2026-08-29_WXPZY",3.86607902265522,354,NA,NA,NA,NA,NA,NA,NA,NA,NA,NA,NA,NA,NA,176.8,44.518451553,-80.024270099,3.84232,9.71,225,26,15.5196
37,0.15557,89,139,"2026-08-29_WXPZY",3.85802469135802,360,NA,NA,NA,NA,NA,NA,NA,NA,NA,NA,NA,NA,NA,177,44.518412242,-80.024265153,3.84232,9.71,225,26,15.552
38,0.15989,90,139,"2026-08-29_WXPZY",3.85802469135802,365,NA,NA,NA,NA,NA,NA,NA,NA,NA,NA,NA,NA,NA,177,44.518376535,-80.024258951,3.84232,9.56,222,26,15.552
39,0.16423,90,141,"2026-08-29_WXPZY",3.84113082891603,366,NA,NA,NA,NA,NA,NA,NA,NA,NA,NA,NA,NA,NA,177.2,44.518334458,-80.024250401,3.82006,9.37,220,26,15.6204
40,0.16856,90,142,"2026-08-29_WXPZY",3.85000385000385,367,NA,NA,NA,NA,NA,NA,NA,NA,NA,NA,NA,NA,NA,177.2,44.518292045,-80.024243863,3.33344,9.37,220,26,15.5844
41,0.17292,88,142,"2026-08-29_WXPZY",3.82526203044909,368,NA,NA,NA,NA,NA,NA,NA,NA,NA,NA,NA,NA,NA,177.2,44.518256171,-80.024232296,2.84204,9.4,219,26,15.6852
42,0.17734,88,141,"2026-08-29_WXPZY",3.76818147561987,367,NA,NA,NA,NA,NA,NA,NA,NA,NA,NA,NA,NA,NA,177,44.518209568,-80.024231039,1.89815,9.82,222,26,15.9228
43,0.18184,88,142,"2026-08-29_WXPZY",3.70617448669483,372,NA,NA,NA,NA,NA,NA,NA,NA,NA,NA,NA,NA,NA,176.8,44.518172939,-80.024224333,0.967087,9.88,220,26,16.1892
44,0.18638,85,142,"2026-08-29_WXPZY",3.66784037558685,377,NA,NA,NA,NA,NA,NA,NA,NA,NA,NA,NA,NA,NA,176.6,44.518122982,-80.024218047,0.0503678,9.95,218,26,16.3584
45,0.19101,85,144,"2026-08-29_WXPZY",3.60126764621147,384,NA,NA,NA,NA,NA,NA,NA,NA,NA,NA,NA,NA,NA,176.4,44.518087862,-80.024208408,-0.381598,10.62,223,26,16.6608
46,0.19566,85,145,"2026-08-29_WXPZY",3.57961053837342,390,NA,NA,NA,NA,NA,NA,NA,NA,NA,NA,NA,NA,NA,176.2,44.518050814,-80.024203714,-1.27574,10.66,222,26,16.7616
47,0.20031,87,145,"2026-08-29_WXPZY",3.58654328957751,382,NA,NA,NA,NA,NA,NA,NA,NA,NA,NA,NA,NA,NA,176,44.518012258,-80.024200194,-2.16881,10.62,223,26,16.7292
48,0.20494,88,145,"2026-08-29_WXPZY",3.60126764621147,372,NA,NA,NA,NA,NA,NA,NA,NA,NA,NA,NA,NA,NA,176.2,44.517966576,-80.024195164,-1.73685,10.22,218,26,16.6608
49,0.20948,88,144,"2026-08-29_WXPZY",3.66784037558685,364,NA,NA,NA,NA,NA,NA,NA,NA,NA,NA,NA,NA,NA,176.2,44.517926678,-80.02419156,-2.19768,9.95,218,26,16.3584
50,0.21403,88,144,"2026-08-29_WXPZY",3.66784037558685,356,NA,NA,NA,NA,NA,NA,NA,NA,NA,NA,NA,NA,NA,176.2,44.51789139,-80.024186783,-2.19768,9.95,218,26,16.3584
51,0.21838,88,145,"2026-08-29_WXPZY",3.82526203044909,348,NA,NA,NA,NA,NA,NA,NA,NA,NA,NA,NA,NA,NA,176.4,44.517844787,-80.024198852,-1.73791,9.75,224,26,15.6852
52,0.2227,87,145,"2026-08-29_WXPZY",3.85802469135802,350,NA,NA,NA,NA,NA,NA,NA,NA,NA,NA,NA,NA,NA,176.4,44.517813523,-80.024199188,-1.28542,9.75,224,26,15.552
53,0.227,87,145,"2026-08-29_WXPZY",3.88319353836595,348,NA,NA,NA,NA,NA,NA,NA,NA,NA,NA,NA,NA,NA,176.4,44.517778905,-80.024217712,-0.840974,9.88,228,26,15.4512
54,0.23128,88,144,"2026-08-29_WXPZY",3.89135341271694,347,NA,NA,NA,NA,NA,NA,NA,NA,NA,NA,NA,NA,NA,176.6,44.517747473,-80.024236236,0.0668448,9.88,228,26,15.4188
55,0.23556,88,144,"2026-08-29_WXPZY",3.89135341271694,348,NA,NA,NA,NA,NA,NA,NA,NA,NA,NA,NA,NA,NA,176.6,44.517713359,-80.024271356,0.49881,9.68,226,26,15.4188
56,0.23982,89,144,"2026-08-29_WXPZY",3.91696043869957,345,NA,NA,NA,NA,NA,NA,NA,NA,NA,NA,NA,NA,NA,176.6,44.517689973,-80.024297675,0.928918,9.68,226,26,15.318
57,0.244,88,144,"2026-08-29_WXPZY",3.98724082934609,342,NA,NA,NA,NA,NA,NA,NA,NA,NA,NA,NA,NA,NA,176.6,44.517663067,-80.024326425,1.35903,9.41,226,26,15.048
58,0.24816,87,145,"2026-08-29_WXPZY",4.00544740847553,338,NA,NA,NA,NA,NA,NA,NA,NA,NA,NA,NA,NA,NA,176.8,44.517644795,-80.024350984,1.40783,9.57,229,26,14.9796
59,0.25234,87,145,"2026-08-29_WXPZY",3.98724082934609,329,NA,NA,NA,NA,NA,NA,NA,NA,NA,NA,NA,NA,NA,176.8,44.517615542,-80.024387026,1.40783,9.77,231,26,15.048
60,0.25656,87,145,"2026-08-29_WXPZY",3.95225673859774,327,NA,NA,NA,NA,NA,NA,NA,NA,NA,NA,NA,NA,NA,176.8,44.517584278,-80.024424745,1.40783,9.8,230,26,15.1812
61,0.26084,87,146,"2026-08-29_WXPZY",3.89135341271694,330,NA,NA,NA,NA,NA,NA,NA,NA,NA,NA,NA,NA,NA,176.8,44.517549996,-80.02445098,0.948059,9.88,228,26,15.4188
62,0.26517,87,148,"2026-08-29_WXPZY",3.85000385000385,341,NA,NA,NA,NA,NA,NA,NA,NA,NA,NA,NA,NA,NA,176.8,44.517512445,-80.024487441,0.948059,9.88,228,26,15.5844
63,0.26951,86,149,"2026-08-29_WXPZY",3.84113082891603,353,NA,NA,NA,NA,NA,NA,NA,NA,NA,NA,NA,NA,NA,177,44.517483276,-80.024514515,1.40889,9.95,226,26,15.6204
64,0.27385,86,149,"2026-08-29_WXPZY",3.84113082891603,355,NA,NA,NA,NA,NA,NA,NA,NA,NA,NA,NA,NA,NA,177.2,44.51744254,-80.024551144,1.40243,10.12,229,26,15.6204
65,0.27816,86,149,"2026-08-29_WXPZY",3.86607902265522,357,NA,NA,NA,NA,NA,NA,NA,NA,NA,NA,NA,NA,NA,177.2,44.517411862,-80.024578134,1.40243,10.12,229,26,15.5196
66,0.28246,86,149,"2026-08-29_WXPZY",3.87506781368674,358,NA,NA,NA,NA,NA,NA,NA,NA,NA,NA,NA,NA,NA,177.4,44.517378837,-80.024609817,1.86754,10.08,230,26,15.4836
67,0.28675,86,149,"2026-08-29_WXPZY",3.88319353836595,358,NA,NA,NA,NA,NA,NA,NA,NA,NA,NA,NA,NA,NA,177.6,44.517349584,-80.02464762,2.33374,10.08,230,26,15.4512
68,0.291,86,149,"2026-08-29_WXPZY",3.92618767177071,359,NA,NA,NA,NA,NA,NA,NA,NA,NA,NA,NA,NA,NA,177.6,44.517322175,-80.024684165,1.85298,10.05,231,26,15.282
69,0.29524,86,149,"2026-08-29_WXPZY",3.92618767177071,360,NA,NA,NA,NA,NA,NA,NA,NA,NA,NA,NA,NA,NA,177.8,44.517290157,-80.024723727,2.32467,10.05,231,26,15.282
70,0.29947,86,149,"2026-08-29_WXPZY",3.94290671082722,358,NA,NA,NA,NA,NA,NA,NA,NA,NA,NA,NA,NA,NA,177.8,44.517266268,-80.024754908,2.32467,10.01,232,26,15.2172
71,0.30364,87,150,"2026-08-29_WXPZY",3.99584432190522,361,NA,NA,NA,NA,NA,NA,NA,NA,NA,NA,NA,NA,NA,178,44.51723668,-80.024792627,2.80429,9.77,231,26,15.0156
72,0.30779,87,151,"2026-08-29_WXPZY",4.01412973667309,361,NA,NA,NA,NA,NA,NA,NA,NA,NA,NA,NA,NA,NA,178.2,44.517214384,-80.024820454,3.28622,9.77,231,26,14.9472
73,0.31193,87,152,"2026-08-29_WXPZY",4.02284978678896,360,NA,NA,NA,NA,NA,NA,NA,NA,NA,NA,NA,NA,NA,178.2,44.517179432,-80.024862112,2.82539,9.73,232,26,14.9148
74,0.31608,87,152,"2026-08-29_WXPZY",4.02284978678896,360,NA,NA,NA,NA,NA,NA,NA,NA,NA,NA,NA,NA,NA,178.4,44.517155124,-80.024894383,2.84649,9.73,232,25,14.9148
75,0.32021,86,152,"2026-08-29_WXPZY",4.03258327284458,362,NA,NA,NA,NA,NA,NA,NA,NA,NA,NA,NA,NA,NA,178.6,44.517130733,-80.024929838,3.33075,9.93,234,25,14.8788
76,0.32439,86,153,"2026-08-29_WXPZY",3.98724082934609,360,NA,NA,NA,NA,NA,NA,NA,NA,NA,NA,NA,NA,NA,178.8,44.517109107,-80.024969485,3.3441,9.97,233,25,15.048
77,0.32859,85,154,"2026-08-29_WXPZY",3.96919901563864,363,NA,NA,NA,NA,NA,NA,NA,NA,NA,NA,NA,NA,NA,178.8,44.517085806,-80.02499924,2.8779,10.19,235,25,15.1164
78,0.33281,85,155,"2026-08-29_WXPZY",3.95225673859774,370,NA,NA,NA,NA,NA,NA,NA,NA,NA,NA,NA,NA,NA,179,44.517057307,-80.02503654,3.35183,10.22,234,25,15.1812
79,0.33704,87,155,"2026-08-29_WXPZY",3.93452943028014,373,NA,NA,NA,NA,NA,NA,NA,NA,NA,NA,NA,NA,NA,179,44.517029144,-80.025060093,2.88014,9.84,229,25,15.2496
80,0.34132,87,155,"2026-08-29_WXPZY",3.90046025431001,378,NA,NA,NA,NA,NA,NA,NA,NA,NA,NA,NA,NA,NA,179.2,44.516992348,-80.025095968,3.34743,9.88,228,25,15.3828
81,0.34557,87,155,"2026-08-29_WXPZY",3.91696043869957,381,NA,NA,NA,NA,NA,NA,NA,NA,NA,NA,NA,NA,NA,179.2,44.516958317,-80.025115497,2.86781,9.84,229,25,15.318
82,0.34985,87,155,"2026-08-29_WXPZY",3.89135341271694,382,NA,NA,NA,NA,NA,NA,NA,NA,NA,NA,NA,NA,NA,179.2,44.516915486,-80.025140475,2.38588,9.88,228,25,15.4188
83,0.35416,87,156,"2026-08-29_WXPZY",3.87506781368674,380,NA,NA,NA,NA,NA,NA,NA,NA,NA,NA,NA,NA,NA,179.2,44.516886233,-80.025157575,2.38588,9.91,227,25,15.4836
84,0.35844,87,155,"2026-08-29_WXPZY",3.89135341271694,383,NA,NA,NA,NA,NA,NA,NA,NA,NA,NA,NA,NA,NA,179.2,44.516846922,-80.025168471,1.90395,9.88,228,25,15.4188
85,0.36267,87,155,"2026-08-29_WXPZY",3.93452943028014,384,NA,NA,NA,NA,NA,NA,NA,NA,NA,NA,NA,NA,NA,179.4,44.516812556,-80.025182301,1.89251,9.84,229,25,15.2496
86,0.36688,87,155,"2026-08-29_WXPZY",3.96070975918885,381,NA,NA,NA,NA,NA,NA,NA,NA,NA,NA,NA,NA,NA,179.6,44.516774418,-80.025192695,1.8891,9.8,230,25,15.1488
87,0.37103,87,155,"2026-08-29_WXPZY",4.01412973667309,378,NA,NA,NA,NA,NA,NA,NA,NA,NA,NA,NA,NA,NA,179.6,44.516736364,-80.025214572,1.8891,9.77,231,25,14.9472
88,0.37516,86,156,"2026-08-29_WXPZY",4.04138376980278,375,NA,NA,NA,NA,NA,NA,NA,NA,NA,NA,NA,NA,NA,179.6,44.516702334,-80.02523452,1.41516,9.93,234,25,14.8464
89,0.37925,86,156,"2026-08-29_WXPZY",4.07797080172906,370,NA,NA,NA,NA,NA,NA,NA,NA,NA,NA,NA,NA,NA,179.8,44.516668638,-80.025276346,1.90416,9.89,235,25,14.7132
90,0.3833,86,156,"2026-08-29_WXPZY",4.10610166707728,367,NA,NA,NA,NA,NA,NA,NA,NA,NA,NA,NA,NA,NA,180,44.516643157,-80.025300737,1.9307,9.86,236,25,14.6124
91,0.38738,85,156,"2026-08-29_WXPZY",4.08697073728952,363,NA,NA,NA,NA,NA,NA,NA,NA,NA,NA,NA,NA,NA,180.2,44.516612312,-80.025348682,2.42089,10.07,238,25,14.6808
92,0.39148,86,156,"2026-08-29_WXPZY",4.06901041666667,359,NA,NA,NA,NA,NA,NA,NA,NA,NA,NA,NA,NA,NA,180.4,44.516589513,-80.025376594,2.9087,10.07,238,25,14.7456
93,0.39556,86,157,"2026-08-29_WXPZY",4.08697073728952,359,NA,NA,NA,NA,NA,NA,NA,NA,NA,NA,NA,NA,NA,180.4,44.516563278,-80.025412552,2.9087,9.89,235,25,14.6808
94,0.39958,86,157,"2026-08-29_WXPZY",4.1438753522294,361,NA,NA,NA,NA,NA,NA,NA,NA,NA,NA,NA,NA,NA,180.6,44.516537462,-80.025447086,3.40621,9.82,237,25,14.4792
95,0.40362,85,157,"2026-08-29_WXPZY",4.12541254125412,356,NA,NA,NA,NA,NA,NA,NA,NA,NA,NA,NA,NA,NA,180.8,44.516512903,-80.025479691,3.42845,10.03,239,25,14.544
96,0.40763,86,157,"2026-08-29_WXPZY",4.15420405450316,352,NA,NA,NA,NA,NA,NA,NA,NA,NA,NA,NA,NA,NA,180.8,44.516484153,-80.025518667,2.95339,9.81,237,25,14.4432
97,0.4116,86,157,"2026-08-29_WXPZY",4.19287211740042,352,NA,NA,NA,NA,NA,NA,NA,NA,NA,NA,NA,NA,NA,181,44.516460013,-80.02554507,3.45717,9.77,238,25,14.31
98,0.41556,86,156,"2026-08-29_WXPZY",4.21300977418268,349,NA,NA,NA,NA,NA,NA,NA,NA,NA,NA,NA,NA,NA,181.2,44.516428413,-80.025589913,3.96222,9.74,239,25,14.2416
99,0.41955,87,156,"2026-08-29_WXPZY",4.18340026773762,345,NA,NA,NA,NA,NA,NA,NA,NA,NA,NA,NA,NA,NA,181.4,44.516407375,-80.025612628,3.97447,9.78,238,25,14.3424
100,0.4235,87,156,"2026-08-29_WXPZY",4.21300977418268,344,NA,NA,NA,NA,NA,NA,NA,NA,NA,NA,NA,NA,NA,181.6,44.516372841,-80.025649425,3.98697,9.54,237,25,14.2416
101,0.42745,87,155,"2026-08-29_WXPZY",4.22261633307998,353,NA,NA,NA,NA,NA,NA,NA,NA,NA,NA,NA,NA,NA,181.8,44.516347528,-80.02566468,4.00311,9.54,237,25,14.2092
102,0.43139,87,154,"2026-08-29_WXPZY",4.2322668020992,353,NA,NA,NA,NA,NA,NA,NA,NA,NA,NA,NA,NA,NA,181.8,44.516314838,-80.025684042,3.5153,9.54,237,25,14.1768
103,0.43531,87,154,"2026-08-29_WXPZY",4.24304141208418,358,NA,NA,NA,NA,NA,NA,NA,NA,NA,NA,NA,NA,NA,182,44.516282317,-80.025705164,4.02551,9.53,237,25,14.1408
104,0.43924,87,154,"2026-08-29_WXPZY",4.24304141208418,362,NA,NA,NA,NA,NA,NA,NA,NA,NA,NA,NA,NA,NA,182.2,44.516251974,-80.025721844,4.0369,9.53,237,25,14.1408
105,0.44317,87,154,"2026-08-29_WXPZY",4.24304141208418,363,NA,NA,NA,NA,NA,NA,NA,NA,NA,NA,NA,NA,NA,182.4,44.51621786,-80.02574699,4.05076,9.53,237,25,14.1408
106,0.4471,86,154,"2026-08-29_WXPZY",4.24304141208418,360,NA,NA,NA,NA,NA,NA,NA,NA,NA,NA,NA,NA,NA,182.6,44.516189697,-80.025756964,4.55966,9.7,240,25,14.1408
107,0.45104,86,154,"2026-08-29_WXPZY",4.2322668020992,360,NA,NA,NA,NA,NA,NA,NA,NA,NA,NA,NA,NA,NA,182.8,44.516150134,-80.025777165,4.5635,9.73,239,25,14.1768
108,0.45496,86,153,"2026-08-29_WXPZY",4.24304141208418,360,NA,NA,NA,NA,NA,NA,NA,NA,NA,NA,NA,NA,NA,183,44.516123815,-80.025787726,4.56865,9.7,240,25,14.1408
109,0.45888,86,154,"2026-08-29_WXPZY",4.25278557455133,362,NA,NA,NA,NA,NA,NA,NA,NA,NA,NA,NA,NA,NA,183.2,44.516087605,-80.025807004,4.5776,9.69,240,25,14.1084
110,0.46278,87,154,"2026-08-29_WXPZY",4.27350427350427,362,NA,NA,NA,NA,NA,NA,NA,NA,NA,NA,NA,NA,NA,183.6,44.516059358,-80.025814548,5.09691,9.49,238,25,14.04
111,0.46662,86,154,"2026-08-29_WXPZY",4.34593654932638,362,NA,NA,NA,NA,NA,NA,NA,NA,NA,NA,NA,NA,NA,183.8,44.516027591,-80.025823265,5.11142,9.61,242,25,13.806
112,0.47045,85,154,"2026-08-29_WXPZY",4.34593654932638,362,NA,NA,NA,NA,NA,NA,NA,NA,NA,NA,NA,NA,NA,183.8,44.515990878,-80.025838772,5.11142,9.78,245,25,13.806
113,0.4743,85,155,"2026-08-29_WXPZY",4.33576135969476,360,NA,NA,NA,NA,NA,NA,NA,NA,NA,NA,NA,NA,NA,184,44.515957937,-80.025848327,5.12069,9.82,244,25,13.8384
114,0.47814,85,154,"2026-08-29_WXPZY",4.33576135969476,362,NA,NA,NA,NA,NA,NA,NA,NA,NA,NA,NA,NA,NA,184,44.515916949,-80.02587297,4.61179,9.82,244,25,13.8384
115,0.4821,85,154,"2026-08-29_WXPZY",4.21300977418268,365,NA,NA,NA,NA,NA,NA,NA,NA,NA,NA,NA,NA,NA,183.8,44.51587965,-80.025885124,3.59783,9.91,242,25,14.2416
116,0.48618,85,155,"2026-08-29_WXPZY",4.07797080172906,366,NA,NA,NA,NA,NA,NA,NA,NA,NA,NA,NA,NA,NA,183.6,44.515840255,-80.025909431,2.59873,10.07,238,25,14.7132
117,0.49037,86,156,"2026-08-29_WXPZY",3.98724082934609,376,NA,NA,NA,NA,NA,NA,NA,NA,NA,NA,NA,NA,NA,183.6,44.515809326,-80.0259241,2.09112,9.97,233,25,15.048
118,0.49462,86,156,"2026-08-29_WXPZY",3.91696043869957,384,NA,NA,NA,NA,NA,NA,NA,NA,NA,NA,NA,NA,NA,183.6,44.515772948,-80.02595352,1.58091,10.05,231,25,15.318
119,0.49894,88,156,"2026-08-29_WXPZY",3.85802469135802,389,NA,NA,NA,NA,NA,NA,NA,NA,NA,NA,NA,NA,NA,183.6,44.515747048,-80.025980594,1.07071,9.71,225,24,15.552
120,0.5032,88,157,"2026-08-29_WXPZY",3.90869293308318,370,NA,NA,NA,NA,NA,NA,NA,NA,NA,NA,NA,NA,NA,183.8,44.515720561,-80.026023174,0.514551,9.68,226,24,15.3504
121,0.5074,89,157,"2026-08-29_WXPZY",3.96919901563864,362,NA,NA,NA,NA,NA,NA,NA,NA,NA,NA,NA,NA,NA,183.8,44.515705306,-80.026067095,0,9.61,228,25,15.1164
122,0.51153,89,158,"2026-08-29_WXPZY",4.04138376980278,352,NA,NA,NA,NA,NA,NA,NA,NA,NA,NA,NA,NA,NA,184,44.515688291,-80.026118057,0.477979,9.34,228,24,14.8464
123,0.51561,89,159,"2026-08-29_WXPZY",4.07797080172906,341,NA,NA,NA,NA,NA,NA,NA,NA,NA,NA,NA,NA,NA,184.2,44.515675383,-80.026168767,0.448695,9.31,229,25,14.7132
124,0.51966,89,159,"2026-08-29_WXPZY",4.11522633744856,339,NA,NA,NA,NA,NA,NA,NA,NA,NA,NA,NA,NA,NA,184.4,44.515660631,-80.026215957,0.942522,9.31,229,24,14.58
125,0.52368,89,160,"2026-08-29_WXPZY",4.15420405450316,343,NA,NA,NA,NA,NA,NA,NA,NA,NA,NA,NA,NA,NA,184.6,44.515648058,-80.026267422,1.94508,9.23,231,24,14.4432
126,0.52767,87,160,"2026-08-29_WXPZY",4.17292605575029,345,NA,NA,NA,NA,NA,NA,NA,NA,NA,NA,NA,NA,NA,184.6,44.515633809,-80.026307572,2.43528,9.23,231,24,14.3784
127,0.53168,87,159,"2026-08-29_WXPZY",4.15420405450316,347,NA,NA,NA,NA,NA,NA,NA,NA,NA,NA,NA,NA,NA,184.8,44.515616123,-80.026362054,2.93403,9.61,235,24,14.4432
128,0.53566,87,159,"2026-08-29_WXPZY",4.19287211740042,348,NA,NA,NA,NA,NA,NA,NA,NA,NA,NA,NA,NA,NA,184.8,44.515598856,-80.026397761,2.93403,9.57,236,24,14.31
129,0.53959,87,158,"2026-08-29_WXPZY",4.2322668020992,350,NA,NA,NA,NA,NA,NA,NA,NA,NA,NA,NA,NA,NA,184.6,44.515572872,-80.026442939,2.42513,9.53,237,24,14.1768
130,0.54361,87,159,"2026-08-29_WXPZY",4.15420405450316,346,NA,NA,NA,NA,NA,NA,NA,NA,NA,NA,NA,NA,NA,184.6,44.515543452,-80.026467834,1.95564,9.61,235,24,14.4432
131,0.54768,87,159,"2026-08-29_WXPZY",4.08697073728952,343,NA,NA,NA,NA,NA,NA,NA,NA,NA,NA,NA,NA,NA,184.6,44.515500704,-80.026486777,1.95564,9.69,233,24,14.6808
132,0.55179,87,159,"2026-08-29_WXPZY",4.05910050332846,346,NA,NA,NA,NA,NA,NA,NA,NA,NA,NA,NA,NA,NA,184.6,44.515465752,-80.026487615,1.47138,9.69,233,24,14.7816
133,0.55595,87,159,"2026-08-29_WXPZY",4.00544740847553,351,NA,NA,NA,NA,NA,NA,NA,NA,NA,NA,NA,NA,NA,184.6,44.515428117,-80.026482921,0.981187,9.77,231,24,14.9796
134,0.56015,87,158,"2026-08-29_WXPZY",3.96919901563864,351,NA,NA,NA,NA,NA,NA,NA,NA,NA,NA,NA,NA,NA,184.6,44.515391572,-80.026474874,0.48736,9.77,231,24,15.1164
135,0.56432,87,158,"2026-08-29_WXPZY",3.99584432190522,352,NA,NA,NA,NA,NA,NA,NA,NA,NA,NA,NA,NA,NA,184.6,44.515358296,-80.026463978,-0.0101527,9.77,231,24,15.0156
136,0.56846,87,158,"2026-08-29_WXPZY",4.02284978678896,360,NA,NA,NA,NA,NA,NA,NA,NA,NA,NA,NA,NA,NA,184.6,44.515318062,-80.02646884,-0.0101527,9.73,232,24,14.9148
137,0.57257,87,158,"2026-08-29_WXPZY",4.05910050332846,362,NA,NA,NA,NA,NA,NA,NA,NA,NA,NA,NA,NA,NA,184.6,44.51528311,-80.026465487,-0.508906,9.69,233,24,14.7816
138,0.57663,87,158,"2026-08-29_WXPZY",4.10610166707728,362,NA,NA,NA,NA,NA,NA,NA,NA,NA,NA,NA,NA,NA,184.8,44.515243463,-80.026493566,-0.016295,9.65,234,24,14.6124
139,0.5807,87,158,"2026-08-29_WXPZY",4.09701737135365,359,NA,NA,NA,NA,NA,NA,NA,NA,NA,NA,NA,NA,NA,184.8,44.515217563,-80.026513683,0.492611,9.65,234,24,14.6448
140,0.58474,88,159,"2026-08-29_WXPZY",4.12541254125412,352,NA,NA,NA,NA,NA,NA,NA,NA,NA,NA,NA,NA,NA,185,44.515185796,-80.026554083,0.98766,9.46,232,24,14.544
141,0.58875,87,159,"2026-08-29_WXPZY",4.15420405450316,351,NA,NA,NA,NA,NA,NA,NA,NA,NA,NA,NA,NA,NA,185,44.515156627,-80.026586438,0.98766,9.61,235,24,14.4432
142,0.59277,87,159,"2026-08-29_WXPZY",4.1438753522294,347,NA,NA,NA,NA,NA,NA,NA,NA,NA,NA,NA,NA,NA,185.2,44.515125865,-80.026622564,1.48517,9.61,235,24,14.4792
143,0.59681,87,159,"2026-08-29_WXPZY",4.12541254125412,342,NA,NA,NA,NA,NA,NA,NA,NA,NA,NA,NA,NA,NA,185.2,44.51509678,-80.026652403,1.48517,9.65,234,24,14.544
144,0.60083,86,159,"2026-08-29_WXPZY",4.1438753522294,341,NA,NA,NA,NA,NA,NA,NA,NA,NA,NA,NA,NA,NA,185.4,44.515066941,-80.026678052,1.98269,9.82,237,24,14.4792
145,0.60483,86,160,"2026-08-29_WXPZY",4.16354400866017,338,NA,NA,NA,NA,NA,NA,NA,NA,NA,NA,NA,NA,NA,185.4,44.515035341,-80.02671049,1.98269,9.78,238,24,14.4108
146,0.60884,87,160,"2026-08-29_WXPZY",4.16354400866017,337,NA,NA,NA,NA,NA,NA,NA,NA,NA,NA,NA,NA,NA,185.4,44.515007178,-80.026736474,1.98269,9.61,235,24,14.4108
147,0.61286,87,160,"2026-08-29_WXPZY",4.1438753522294,336,NA,NA,NA,NA,NA,NA,NA,NA,NA,NA,NA,NA,NA,185.4,44.514978931,-80.026778718,1.98269,9.61,235,24,14.4792
148,0.61689,87,160,"2026-08-29_WXPZY",4.13462333581411,337,NA,NA,NA,NA,NA,NA,NA,NA,NA,NA,NA,NA,NA,185.6,44.514953617,-80.026800931,1.98635,9.61,235,24,14.5116
149,0.62093,87,160,"2026-08-29_WXPZY",4.12541254125412,337,NA,NA,NA,NA,NA,NA,NA,NA,NA,NA,NA,NA,NA,185.6,44.514924532,-80.026841918,1.98635,9.65,234,24,14.544
150,0.625,87,160,"2026-08-29_WXPZY",4.09701737135365,346,NA,NA,NA,NA,NA,NA,NA,NA,NA,NA,NA,NA,NA,185.6,44.514900727,-80.026864046,1.4913,9.65,234,24,14.6448
151,0.62906,88,160,"2026-08-29_WXPZY",4.10610166707728,352,NA,NA,NA,NA,NA,NA,NA,NA,NA,NA,NA,NA,NA,185.6,44.514869714,-80.026899837,1.4913,9.46,232,24,14.6124
152,0.63309,88,160,"2026-08-29_WXPZY",4.13462333581411,351,NA,NA,NA,NA,NA,NA,NA,NA,NA,NA,NA,NA,NA,185.6,44.514844401,-80.026924312,0.99379,9.46,232,24,14.5116
153,0.63708,88,160,"2026-08-29_WXPZY",4.17292605575029,351,NA,NA,NA,NA,NA,NA,NA,NA,NA,NA,NA,NA,NA,185.8,44.51481431,-80.026962953,1.49504,9.42,233,24,14.3784
154,0.64103,88,161,"2026-08-29_WXPZY",4.22261633307998,348,NA,NA,NA,NA,NA,NA,NA,NA,NA,NA,NA,NA,NA,185.8,44.514788242,-80.02698659,0.997531,9.42,233,24,14.2092
155,0.64496,88,161,"2026-08-29_WXPZY",4.24304141208418,345,NA,NA,NA,NA,NA,NA,NA,NA,NA,NA,NA,NA,NA,186,44.514759744,-80.027027912,1.50644,9.34,235,24,14.1408
156,0.64888,88,162,"2026-08-29_WXPZY",4.24304141208418,340,NA,NA,NA,NA,NA,NA,NA,NA,NA,NA,NA,NA,NA,186,44.514733592,-80.027055992,1.50644,9.34,235,24,14.1408
157,0.65282,88,161,"2026-08-29_WXPZY",4.2322668020992,340,NA,NA,NA,NA,NA,NA,NA,NA,NA,NA,NA,NA,NA,186,44.514704256,-80.027094046,1.50644,9.34,235,24,14.1768
158,0.65681,88,161,"2026-08-29_WXPZY",4.18340026773762,340,NA,NA,NA,NA,NA,NA,NA,NA,NA,NA,NA,NA,NA,186,44.514678356,-80.027120868,1.01016,9.38,234,24,14.3424
159,0.66081,88,161,"2026-08-29_WXPZY",4.16354400866017,343,NA,NA,NA,NA,NA,NA,NA,NA,NA,NA,NA,NA,NA,186,44.514649606,-80.02715515,1.01016,9.42,233,24,14.4108
160,0.66482,88,162,"2026-08-29_WXPZY",4.15420405450316,347,NA,NA,NA,NA,NA,NA,NA,NA,NA,NA,NA,NA,NA,186,44.514621778,-80.027188845,1.01016,9.42,233,24,14.4432
161,0.66885,88,161,"2026-08-29_WXPZY",4.13462333581411,347,NA,NA,NA,NA,NA,NA,NA,NA,NA,NA,NA,NA,NA,186.2,44.514596129,-80.027219187,1.50644,9.46,232,24,14.5116
162,0.67289,88,161,"2026-08-29_WXPZY",4.12541254125412,347,NA,NA,NA,NA,NA,NA,NA,NA,NA,NA,NA,NA,NA,186.4,44.514567882,-80.027255733,2.00149,9.46,232,24,14.544
163,0.6769,88,161,"2026-08-29_WXPZY",4.15420405450316,347,NA,NA,NA,NA,NA,NA,NA,NA,NA,NA,NA,NA,NA,186.4,44.514544664,-80.027283309,1.50023,9.42,233,24,14.4432
164,0.68096,88,161,"2026-08-29_WXPZY",4.10610166707728,349,NA,NA,NA,NA,NA,NA,NA,NA,NA,NA,NA,NA,NA,186.6,44.514517423,-80.027324716,1.99284,9.42,233,24,14.6124
165,0.68502,88,161,"2026-08-29_WXPZY",4.10610166707728,347,NA,NA,NA,NA,NA,NA,NA,NA,NA,NA,NA,NA,NA,186.8,44.514491607,-80.027354723,1.97655,9.46,232,24,14.6124
166,0.68905,88,161,"2026-08-29_WXPZY",4.13462333581411,353,NA,NA,NA,NA,NA,NA,NA,NA,NA,NA,NA,NA,NA,186.8,44.514464533,-80.027397973,1.97655,9.46,232,24,14.5116
167,0.69307,87,161,"2026-08-29_WXPZY",4.1438753522294,353,NA,NA,NA,NA,NA,NA,NA,NA,NA,NA,NA,NA,NA,187,44.514437795,-80.027432758,2.47406,9.42,233,24,14.4792
168,0.69713,87,161,"2026-08-29_WXPZY",4.10610166707728,354,NA,NA,NA,NA,NA,NA,NA,NA,NA,NA,NA,NA,NA,187.2,44.514409716,-80.027470645,2.96667,9.65,234,24,14.6124
169,0.70117,87,161,"2026-08-29_WXPZY",4.12541254125412,356,NA,NA,NA,NA,NA,NA,NA,NA,NA,NA,NA,NA,NA,187.2,44.514381133,-80.027504172,2.96667,9.65,234,24,14.544
170,0.70524,87,161,"2026-08-29_WXPZY",4.09701737135365,359,NA,NA,NA,NA,NA,NA,NA,NA,NA,NA,NA,NA,NA,187.4,44.514344756,-80.027534263,3.45807,9.65,234,24,14.6448
171,0.7093,87,161,"2026-08-29_WXPZY",4.10610166707728,359,NA,NA,NA,NA,NA,NA,NA,NA,NA,NA,NA,NA,NA,187.6,44.514313827,-80.027569802,3.45441,9.65,234,24,14.6124
172,0.71333,87,161,"2026-08-29_WXPZY",4.13462333581411,364,NA,NA,NA,NA,NA,NA,NA,NA,NA,NA,NA,NA,NA,187.6,44.514285077,-80.027594278,2.95936,9.61,235,24,14.5116
173,0.71735,87,161,"2026-08-29_WXPZY",4.1438753522294,364,NA,NA,NA,NA,NA,NA,NA,NA,NA,NA,NA,NA,NA,187.8,44.514250711,-80.027633505,3.45687,9.61,235,24,14.4792
174,0.72137,87,160,"2026-08-29_WXPZY",4.15420405450316,364,NA,NA,NA,NA,NA,NA,NA,NA,NA,NA,NA,NA,NA,187.8,44.514225062,-80.027656555,2.96426,9.61,235,24,14.4432
175,0.72541,87,160,"2026-08-29_WXPZY",4.12541254125412,364,NA,NA,NA,NA,NA,NA,NA,NA,NA,NA,NA,NA,NA,188,44.51419472,-80.027693184,2.9667,9.65,234,24,14.544
176,0.72948,87,160,"2026-08-29_WXPZY",4.08697073728952,366,NA,NA,NA,NA,NA,NA,NA,NA,NA,NA,NA,NA,NA,188,44.514166221,-80.027714558,2.9667,9.65,234,24,14.6808
177,0.73359,87,160,"2026-08-29_WXPZY",4.05910050332846,368,NA,NA,NA,NA,NA,NA,NA,NA,NA,NA,NA,NA,NA,188,44.514126575,-80.027743392,2.46918,9.69,233,24,14.7816
178,0.73772,87,160,"2026-08-29_WXPZY",4.03258327284458,370,NA,NA,NA,NA,NA,NA,NA,NA,NA,NA,NA,NA,NA,188,44.514097071,-80.027763257,1.97657,9.73,232,24,14.8788
179,0.74191,87,160,"2026-08-29_WXPZY",3.97867430572133,371,NA,NA,NA,NA,NA,NA,NA,NA,NA,NA,NA,NA,NA,188,44.514062705,-80.027786642,1.97657,9.8,230,24,15.0804
180,0.74608,88,161,"2026-08-29_WXPZY",3.99584432190522,374,NA,NA,NA,NA,NA,NA,NA,NA,NA,NA,NA,NA,NA,188,44.514026411,-80.027805669,1.48517,9.57,229,24,15.0156
181,0.75025,88,161,"2026-08-29_WXPZY",3.99584432190522,378,NA,NA,NA,NA,NA,NA,NA,NA,NA,NA,NA,NA,NA,187.8,44.513990285,-80.027811369,0.512946,9.57,229,23,15.0156
182,0.75445,88,161,"2026-08-29_WXPZY",3.96919901563864,373,NA,NA,NA,NA,NA,NA,NA,NA,NA,NA,NA,NA,NA,187.8,44.513956422,-80.027823439,0.512946,9.61,228,24,15.1164
183,0.75859,87,161,"2026-08-29_WXPZY",4.02284978678896,361,NA,NA,NA,NA,NA,NA,NA,NA,NA,NA,NA,NA,NA,187.8,44.513922727,-80.027828636,0.0154332,9.61,228,24,14.9148
184,0.76269,87,161,"2026-08-29_WXPZY",4.06901041666667,355,NA,NA,NA,NA,NA,NA,NA,NA,NA,NA,NA,NA,NA,187.6,44.513894229,-80.027868031,-0.472372,9.69,233,24,14.7456
185,0.76676,87,161,"2026-08-29_WXPZY",4.09701737135365,346,NA,NA,NA,NA,NA,NA,NA,NA,NA,NA,NA,NA,NA,187.6,44.513872855,-80.027902899,-0.967421,9.65,234,23,14.6448
186,0.77079,87,161,"2026-08-29_WXPZY",4.13462333581411,339,NA,NA,NA,NA,NA,NA,NA,NA,NA,NA,NA,NA,NA,187.8,44.513856007,-80.027954364,-0.471143,9.61,235,24,14.5116
187,0.7748,87,161,"2026-08-29_WXPZY",4.15420405450316,336,NA,NA,NA,NA,NA,NA,NA,NA,NA,NA,NA,NA,NA,188,44.513839746,-80.027996441,0.0276098,9.61,235,23,14.4432
188,0.77875,85,161,"2026-08-29_WXPZY",4.22261633307998,336,NA,NA,NA,NA,NA,NA,NA,NA,NA,NA,NA,NA,NA,188.2,44.513822479,-80.028042374,0.533939,9.91,242,23,14.2092
189,0.7827,85,161,"2026-08-29_WXPZY",4.22261633307998,338,NA,NA,NA,NA,NA,NA,NA,NA,NA,NA,NA,NA,NA,188.4,44.513803369,-80.028088894,1.04027,9.91,242,23,14.2092
190,0.78664,85,161,"2026-08-29_WXPZY",4.22261633307998,337,NA,NA,NA,NA,NA,NA,NA,NA,NA,NA,NA,NA,NA,188.6,44.513785683,-80.028126026,1.54788,9.91,242,23,14.2092
191,0.7906,85,160,"2026-08-29_WXPZY",4.21300977418268,341,NA,NA,NA,NA,NA,NA,NA,NA,NA,NA,NA,NA,NA,188.6,44.513766404,-80.028176568,2.0275,9.91,242,23,14.2416
192,0.79456,86,160,"2026-08-29_WXPZY",4.21300977418268,348,NA,NA,NA,NA,NA,NA,NA,NA,NA,NA,NA,NA,NA,188.6,44.513751149,-80.028212611,2.0275,9.74,239,23,14.2416
193,0.79854,86,161,"2026-08-29_WXPZY",4.18340026773762,355,NA,NA,NA,NA,NA,NA,NA,NA,NA,NA,NA,NA,NA,188.8,44.513735224,-80.028270613,2.53001,9.78,238,23,14.3424
194,0.80252,86,161,"2026-08-29_WXPZY",4.18340026773762,355,NA,NA,NA,NA,NA,NA,NA,NA,NA,NA,NA,NA,NA,188.8,44.513720053,-80.028321743,3.01782,9.78,238,23,14.3424
195,0.80655,86,162,"2026-08-29_WXPZY",4.1438753522294,345,NA,NA,NA,NA,NA,NA,NA,NA,NA,NA,NA,NA,NA,188.8,44.513705971,-80.02837522,3.01782,9.82,237,23,14.4792
196,0.81063,86,162,"2026-08-29_WXPZY",4.07797080172906,342,NA,NA,NA,NA,NA,NA,NA,NA,NA,NA,NA,NA,NA,188.8,44.513690632,-80.028429031,2.52154,9.89,235,23,14.7132
197,0.81474,86,162,"2026-08-29_WXPZY",4.05910050332846,345,NA,NA,NA,NA,NA,NA,NA,NA,NA,NA,NA,NA,NA,188.8,44.513671773,-80.028459877,2.02279,9.9,235,23,14.7816
198,0.81884,86,163,"2026-08-29_WXPZY",4.05910050332846,347,NA,NA,NA,NA,NA,NA,NA,NA,NA,NA,NA,NA,NA,188.8,44.513637742,-80.028488878,1.51646,9.9,235,23,14.7816
199,0.82297,85,162,"2026-08-29_WXPZY",4.04138376980278,348,NA,NA,NA,NA,NA,NA,NA,NA,NA,NA,NA,NA,NA,188.6,44.513606897,-80.028498936,0.525865,10.11,237,23,14.8464
200,0.82707,86,161,"2026-08-29_WXPZY",4.05910050332846,351,NA,NA,NA,NA,NA,NA,NA,NA,NA,NA,NA,NA,NA,188.8,44.513567167,-80.028501786,0.506056,9.9,235,23,14.7816
201,0.83113,85,162,"2026-08-29_WXPZY",4.10610166707728,356,NA,NA,NA,NA,NA,NA,NA,NA,NA,NA,NA,NA,NA,188.8,44.513535986,-80.028504636,0.506056,10.03,239,23,14.6124
202,0.83517,85,163,"2026-08-29_WXPZY",4.12541254125412,355,NA,NA,NA,NA,NA,NA,NA,NA,NA,NA,NA,NA,NA,188.8,44.513499441,-80.028497847,0.506056,10.03,239,23,14.544
203,0.83922,85,165,"2026-08-29_WXPZY",4.11522633744856,351,NA,NA,NA,NA,NA,NA,NA,NA,NA,NA,NA,NA,NA,188.8,44.513462058,-80.028488794,0,10.03,239,23,14.58
204,0.84328,85,167,"2026-08-29_WXPZY",4.10610166707728,354,NA,NA,NA,NA,NA,NA,NA,NA,NA,NA,NA,NA,NA,189,44.513428111,-80.028477814,0.496154,10.03,239,23,14.6124
205,0.84732,86,167,"2026-08-29_WXPZY",4.12541254125412,354,NA,NA,NA,NA,NA,NA,NA,NA,NA,NA,NA,NA,NA,189,44.51338595,-80.028470857,0.496154,10.03,239,23,14.544
206,0.85135,86,167,"2026-08-29_WXPZY",4.13462333581411,353,NA,NA,NA,NA,NA,NA,NA,NA,NA,NA,NA,NA,NA,189,44.513354099,-80.028457195,0.496154,9.82,237,23,14.5116
207,0.85537,86,168,"2026-08-29_WXPZY",4.1438753522294,352,NA,NA,NA,NA,NA,NA,NA,NA,NA,NA,NA,NA,NA,189.2,44.513309172,-80.028449232,0.993667,9.82,237,23,14.4792
208,0.85943,87,168,"2026-08-29_WXPZY",4.10610166707728,350,NA,NA,NA,NA,NA,NA,NA,NA,NA,NA,NA,NA,NA,189.2,44.513279416,-80.028432887,0.993667,9.86,236,23,14.6124
209,0.86347,87,167,"2026-08-29_WXPZY",4.12541254125412,348,NA,NA,NA,NA,NA,NA,NA,NA,NA,NA,NA,NA,NA,189.2,44.51323692,-80.028420817,1.47793,9.65,234,23,14.544
210,0.86755,87,167,"2026-08-29_WXPZY",4.08697073728952,348,NA,NA,NA,NA,NA,NA,NA,NA,NA,NA,NA,NA,NA,189.2,44.513200961,-80.028418638,0.990123,9.69,233,23,14.6808
211,0.87161,87,167,"2026-08-29_WXPZY",4.10610166707728,346,NA,NA,NA,NA,NA,NA,NA,NA,NA,NA,NA,NA,NA,189.2,44.513163494,-80.028431714,0.990123,9.65,234,23,14.6124
212,0.8757,87,168,"2026-08-29_WXPZY",4.06901041666667,347,NA,NA,NA,NA,NA,NA,NA,NA,NA,NA,NA,NA,NA,189.2,44.513129715,-80.028456943,0.990123,9.69,233,23,14.7456
213,0.87981,88,168,"2026-08-29_WXPZY",4.05910050332846,346,NA,NA,NA,NA,NA,NA,NA,NA,NA,NA,NA,NA,NA,189.2,44.513102139,-80.028481334,0.990123,9.53,230,23,14.7816
214,0.88392,88,168,"2026-08-29_WXPZY",4.05022276225192,348,NA,NA,NA,NA,NA,NA,NA,NA,NA,NA,NA,NA,NA,189.4,44.513070874,-80.028517293,0.98413,9.53,230,23,14.814
215,0.888,88,168,"2026-08-29_WXPZY",4.08697073728952,348,NA,NA,NA,NA,NA,NA,NA,NA,NA,NA,NA,NA,NA,189.4,44.513039358,-80.028541181,0.98413,9.49,231,23,14.6808
216,0.89213,88,167,"2026-08-29_WXPZY",4.04138376980278,348,NA,NA,NA,NA,NA,NA,NA,NA,NA,NA,NA,NA,NA,189.4,44.513007926,-80.028575882,0.98413,9.53,230,23,14.8464
217,0.89622,88,166,"2026-08-29_WXPZY",4.06901041666667,345,NA,NA,NA,NA,NA,NA,NA,NA,NA,NA,NA,NA,NA,189.4,44.512979428,-80.028598094,0.486618,9.5,231,23,14.7456
218,0.90032,88,166,"2026-08-29_WXPZY",4.06901041666667,348,NA,NA,NA,NA,NA,NA,NA,NA,NA,NA,NA,NA,NA,189.4,44.512945565,-80.02863707,0.486618,9.5,231,23,14.7456
219,0.90436,90,166,"2026-08-29_WXPZY",4.12541254125412,345,NA,NA,NA,NA,NA,NA,NA,NA,NA,NA,NA,NA,NA,189.6,44.512917318,-80.028662551,0.981668,9.09,228,23,14.544
220,0.90838,90,166,"2026-08-29_WXPZY",4.1438753522294,342,NA,NA,NA,NA,NA,NA,NA,NA,NA,NA,NA,NA,NA,189.8,44.512887059,-80.028701611,1.47918,9.09,228,23,14.4792
221,0.91236,90,165,"2026-08-29_WXPZY",4.19287211740042,341,NA,NA,NA,NA,NA,NA,NA,NA,NA,NA,NA,NA,NA,190,44.512859483,-80.028724493,1.98169,9.09,228,23,14.31
222,0.91627,89,164,"2026-08-29_WXPZY",4.25278557455133,338,NA,NA,NA,NA,NA,NA,NA,NA,NA,NA,NA,NA,NA,190,44.512826877,-80.02876238,1.98169,8.98,231,23,14.1084
223,0.92014,89,164,"2026-08-29_WXPZY",4.31443610320131,336,NA,NA,NA,NA,NA,NA,NA,NA,NA,NA,NA,NA,NA,190,44.512801061,-80.028784676,1.98169,9.08,235,23,13.9068
224,0.92397,88,164,"2026-08-29_WXPZY",4.34593654932638,337,NA,NA,NA,NA,NA,NA,NA,NA,NA,NA,NA,NA,NA,190,44.512768539,-80.028821891,1.49507,9.26,237,23,13.806
225,0.92779,88,164,"2026-08-29_WXPZY",4.3675751222921,338,NA,NA,NA,NA,NA,NA,NA,NA,NA,NA,NA,NA,NA,190,44.512744399,-80.028848043,1.49507,9.22,238,23,13.7376
226,0.93161,88,164,"2026-08-29_WXPZY",4.3561596096881,340,NA,NA,NA,NA,NA,NA,NA,NA,NA,NA,NA,NA,NA,190.2,44.512712129,-80.028886935,2.01863,9.22,238,23,13.7736
227,0.93549,89,164,"2026-08-29_WXPZY",4.30440771349862,340,NA,NA,NA,NA,NA,NA,NA,NA,NA,NA,NA,NA,NA,190.2,44.512687151,-80.02891317,2.01863,9.26,237,23,13.9392
228,0.93941,89,164,"2026-08-29_WXPZY",4.24304141208418,343,NA,NA,NA,NA,NA,NA,NA,NA,NA,NA,NA,NA,NA,190.2,44.512657898,-80.028950302,2.01863,9.16,233,23,14.1408
229,0.94333,88,164,"2026-08-29_WXPZY",4.25278557455133,342,NA,NA,NA,NA,NA,NA,NA,NA,NA,NA,NA,NA,NA,190.4,44.512631327,-80.028981986,2.03379,9.34,235,23,14.1084
230,0.94731,88,164,"2026-08-29_WXPZY",4.19287211740042,345,NA,NA,NA,NA,NA,NA,NA,NA,NA,NA,NA,NA,NA,190.4,44.512601571,-80.029017609,1.53628,9.38,234,23,14.31
231,0.95132,88,164,"2026-08-29_WXPZY",4.15420405450316,341,NA,NA,NA,NA,NA,NA,NA,NA,NA,NA,NA,NA,NA,190.4,44.512574833,-80.029053902,1.03376,9.42,233,23,14.4432
232,0.95536,88,164,"2026-08-29_WXPZY",4.12541254125412,343,NA,NA,NA,NA,NA,NA,NA,NA,NA,NA,NA,NA,NA,190.2,44.512549185,-80.029085334,0.538715,9.46,232,23,14.544
233,0.9594,88,164,"2026-08-29_WXPZY",4.12541254125412,348,NA,NA,NA,NA,NA,NA,NA,NA,NA,NA,NA,NA,NA,190.2,44.512520602,-80.029124897,0.538715,9.46,232,23,14.544
234,0.96351,88,163,"2026-08-29_WXPZY",4.05910050332846,349,NA,NA,NA,NA,NA,NA,NA,NA,NA,NA,NA,NA,NA,190.2,44.512495037,-80.029150043,0.538715,9.53,230,23,14.7816
235,0.96758,88,164,"2026-08-29_WXPZY",4.08697073728952,351,NA,NA,NA,NA,NA,NA,NA,NA,NA,NA,NA,NA,NA,190.2,44.512465701,-80.029193377,0.538715,9.49,231,23,14.6808
236,0.97164,88,164,"2026-08-29_WXPZY",4.10610166707728,357,NA,NA,NA,NA,NA,NA,NA,NA,NA,NA,NA,NA,NA,190.2,44.512443824,-80.029226234,0.0151546,9.49,231,23,14.6124
237,0.97564,88,163,"2026-08-29_WXPZY",4.17292605575029,355,NA,NA,NA,NA,NA,NA,NA,NA,NA,NA,NA,NA,NA,190.4,44.512425635,-80.029277364,0.515155,9.42,233,23,14.3784
238,0.97965,88,163,"2026-08-29_WXPZY",4.15420405450316,353,NA,NA,NA,NA,NA,NA,NA,NA,NA,NA,NA,NA,NA,190.6,44.512443237,-80.029323464,1.01391,9.42,233,23,14.4432
239,0.9836,86,163,"2026-08-29_WXPZY",4.21300977418268,345,NA,NA,NA,NA,NA,NA,NA,NA,NA,NA,NA,NA,NA,190.6,44.512475591,-80.029362775,0.503704,9.74,239,23,14.2416
240,0.98755,86,163,"2026-08-29_WXPZY",4.22261633307998,347,NA,NA,NA,NA,NA,NA,NA,NA,NA,NA,NA,NA,NA,190.6,44.512512975,-80.029385323,0.503704,9.73,239,23,14.2092
241,0.99148,86,163,"2026-08-29_WXPZY",4.24304141208418,344,NA,NA,NA,NA,NA,NA,NA,NA,NA,NA,NA,NA,NA,190.8,44.512549771,-80.029403428,1.01261,9.7,240,23,14.1408
242,0.99543,86,163,"2026-08-29_WXPZY",4.22261633307998,342,NA,NA,NA,NA,NA,NA,NA,NA,NA,NA,NA,NA,NA,191,44.512593692,-80.029413821,2.01399,9.73,239,23,14.2092
243,0.99935,86,163,"2026-08-29_WXPZY",4.24304141208418,342,NA,NA,NA,NA,NA,NA,NA,NA,NA,NA,NA,NA,NA,191,44.512623197,-80.02942916,2.01399,9.7,240,23,14.1408
244,1.00329,87,162,"2026-08-29_WXPZY",4.2322668020992,342,NA,NA,NA,NA,NA,NA,NA,NA,NA,NA,NA,NA,NA,191,44.512663095,-80.02943553,2.01399,9.53,237,23,14.1768
245,1.00726,87,163,"2026-08-29_WXPZY",4.20238695579089,342,NA,NA,NA,NA,NA,NA,NA,NA,NA,NA,NA,NA,NA,191,44.512697879,-80.02944517,2.01399,9.57,236,23,14.2776
246,1.01123,88,163,"2026-08-29_WXPZY",4.19287211740042,342,NA,NA,NA,NA,NA,NA,NA,NA,NA,NA,NA,NA,NA,191,44.512740711,-80.029449109,2.01399,9.38,234,23,14.31
247,1.01524,88,163,"2026-08-29_WXPZY",4.15420405450316,342,NA,NA,NA,NA,NA,NA,NA,NA,NA,NA,NA,NA,NA,191.2,44.512771473,-80.029457994,2.01274,9.42,233,23,14.4432
248,1.01927,88,163,"2026-08-29_WXPZY",4.1438753522294,344,NA,NA,NA,NA,NA,NA,NA,NA,NA,NA,NA,NA,NA,191,44.512818579,-80.029467801,1.01771,9.42,233,23,14.4792
249,1.02329,88,163,"2026-08-29_WXPZY",4.1438753522294,345,NA,NA,NA,NA,NA,NA,NA,NA,NA,NA,NA,NA,NA,191.2,44.512852526,-80.029482553,1.51522,9.42,233,23,14.4792
250,1.02736,89,163,"2026-08-29_WXPZY",4.09701737135365,346,NA,NA,NA,NA,NA,NA,NA,NA,NA,NA,NA,NA,NA,191.2,44.512894854,-80.029494707,1.51522,9.31,229,23,14.6448
251,1.03145,88,163,"2026-08-29_WXPZY",4.06901041666667,346,NA,NA,NA,NA,NA,NA,NA,NA,NA,NA,NA,NA,NA,191.2,44.512933411,-80.029503759,1.00632,9.5,231,23,14.7456
252,1.03557,88,163,"2026-08-29_WXPZY",4.05022276225192,349,NA,NA,NA,NA,NA,NA,NA,NA,NA,NA,NA,NA,NA,191.2,44.512967274,-80.029509962,0.499988,9.53,230,22,14.814
253,1.03969,88,164,"2026-08-29_WXPZY",4.04138376980278,353,NA,NA,NA,NA,NA,NA,NA,NA,NA,NA,NA,NA,NA,191.2,44.513002562,-80.02951541,0.499988,9.53,230,23,14.8464
254,1.04384,88,164,"2026-08-29_WXPZY",4.01412973667309,355,NA,NA,NA,NA,NA,NA,NA,NA,NA,NA,NA,NA,NA,191.2,44.513029887,-80.029528486,0.499988,9.57,229,23,14.9472
255,1.04797,88,164,"2026-08-29_WXPZY",4.04138376980278,357,NA,NA,NA,NA,NA,NA,NA,NA,NA,NA,NA,NA,NA,191.2,44.513071796,-80.029537622,0.499988,9.53,230,23,14.8464
256,1.05213,88,164,"2026-08-29_WXPZY",4.00544740847553,361,NA,NA,NA,NA,NA,NA,NA,NA,NA,NA,NA,NA,NA,191.2,44.513109347,-80.029552123,0.499988,9.57,229,23,14.9796
257,1.05629,87,163,"2026-08-29_WXPZY",4.00544740847553,359,NA,NA,NA,NA,NA,NA,NA,NA,NA,NA,NA,NA,NA,191.4,44.51315134,-80.029562265,0.482004,9.77,231,23,14.9796
258,1.06045,87,163,"2026-08-29_WXPZY",4.00544740847553,360,NA,NA,NA,NA,NA,NA,NA,NA,NA,NA,NA,NA,NA,191.4,44.513181851,-80.029573161,0.978282,9.77,231,23,14.9796
259,1.06458,87,163,"2026-08-29_WXPZY",4.04138376980278,360,NA,NA,NA,NA,NA,NA,NA,NA,NA,NA,NA,NA,NA,191.6,44.513225017,-80.029583387,0.965031,9.77,231,22,14.8464
260,1.0687,87,163,"2026-08-29_WXPZY",4.04138376980278,359,NA,NA,NA,NA,NA,NA,NA,NA,NA,NA,NA,NA,NA,191.8,44.513255108,-80.029594284,1.45047,9.73,232,23,14.8464
261,1.07275,87,163,"2026-08-29_WXPZY",4.11522633744856,357,NA,NA,NA,NA,NA,NA,NA,NA,NA,NA,NA,NA,NA,191.8,44.513287463,-80.029615741,1.45047,9.65,234,23,14.58
262,1.07671,87,164,"2026-08-29_WXPZY",4.21300977418268,357,NA,NA,NA,NA,NA,NA,NA,NA,NA,NA,NA,NA,NA,192.2,44.513316212,-80.02964315,2.46057,9.54,237,22,14.2416
263,1.08058,87,164,"2026-08-29_WXPZY",4.30440771349862,358,NA,NA,NA,NA,NA,NA,NA,NA,NA,NA,NA,NA,NA,192.6,44.513323756,-80.029669972,3.49416,9.45,239,22,13.9392
264,1.08436,85,163,"2026-08-29_WXPZY",4.41033783187792,364,NA,NA,NA,NA,NA,NA,NA,NA,NA,NA,NA,NA,NA,192.8,44.513324008,-80.029719425,4.02326,9.73,246,23,13.6044
265,1.08802,85,163,"2026-08-29_WXPZY",4.54504135987638,370,NA,NA,NA,NA,NA,NA,NA,NA,NA,NA,NA,NA,NA,193.2,44.51331814,-80.029750858,5.11616,9.6,249,23,13.2012
266,1.09161,85,163,"2026-08-29_WXPZY",4.65159549725556,378,NA,NA,NA,NA,NA,NA,NA,NA,NA,NA,NA,NA,NA,193.6,44.513310932,-80.029789917,6.23036,9.6,249,22,12.8988
267,1.09514,85,163,"2026-08-29_WXPZY",4.71342383107089,383,NA,NA,NA,NA,NA,NA,NA,NA,NA,NA,NA,NA,NA,194,44.513296012,-80.02982554,6.88274,9.42,253,22,12.7296
268,1.09866,85,163,"2026-08-29_WXPZY",4.73754026909229,390,NA,NA,NA,NA,NA,NA,NA,NA,NA,NA,NA,NA,NA,194,44.513281008,-80.029865187,6.88274,9.41,253,22,12.6648
269,1.10222,85,163,"2026-08-29_WXPZY",4.6882325363338,398,NA,NA,NA,NA,NA,NA,NA,NA,NA,NA,NA,NA,NA,194.2,44.513271788,-80.029913634,6.96027,9.46,252,22,12.798
270,1.10586,85,164,"2026-08-29_WXPZY",4.5687134502924,406,NA,NA,NA,NA,NA,NA,NA,NA,NA,NA,NA,NA,NA,194.2,44.513261227,-80.029951353,6.47484,9.56,250,22,13.1328
271,1.10959,85,165,"2026-08-29_WXPZY",4.476676515355,410,NA,NA,NA,NA,NA,NA,NA,NA,NA,NA,NA,NA,NA,194.4,44.513256366,-80.030003069,7.01103,9.56,250,23,13.4028
272,1.11341,86,165,"2026-08-29_WXPZY",4.3561596096881,413,NA,NA,NA,NA,NA,NA,NA,NA,NA,NA,NA,NA,NA,194.2,44.513249325,-80.030042045,5.47737,9.61,242,22,13.7736
273,1.11731,87,165,"2026-08-29_WXPZY",4.27350427350427,410,NA,NA,NA,NA,NA,NA,NA,NA,NA,NA,NA,NA,NA,194.2,44.513246559,-80.030097365,4.44378,9.69,240,22,14.04
274,1.12123,87,166,"2026-08-29_WXPZY",4.25278557455133,401,NA,NA,NA,NA,NA,NA,NA,NA,NA,NA,NA,NA,NA,194.2,44.513238931,-80.030138018,3.91468,9.49,238,22,14.1084
275,1.12515,87,167,"2026-08-29_WXPZY",4.25278557455133,387,NA,NA,NA,NA,NA,NA,NA,NA,NA,NA,NA,NA,NA,194.2,44.513225436,-80.030193925,2.82178,9.5,238,22,14.1084
276,1.12904,87,167,"2026-08-29_WXPZY",4.28338901739056,372,NA,NA,NA,NA,NA,NA,NA,NA,NA,NA,NA,NA,NA,194.2,44.513203141,-80.030227201,1.70758,9.49,238,22,14.0076
277,1.13295,87,167,"2026-08-29_WXPZY",4.26257459505541,358,NA,NA,NA,NA,NA,NA,NA,NA,NA,NA,NA,NA,NA,194,44.513173217,-80.030253772,0.0629216,9.5,238,22,14.076
278,1.13686,87,166,"2026-08-29_WXPZY",4.26257459505541,349,NA,NA,NA,NA,NA,NA,NA,NA,NA,NA,NA,NA,NA,194,44.513138768,-80.030274391,0.0629216,9.5,238,22,14.076
279,1.1408,87,166,"2026-08-29_WXPZY",4.2322668020992,347,NA,NA,NA,NA,NA,NA,NA,NA,NA,NA,NA,NA,NA,194,44.513110101,-80.030295178,-0.498876,9.53,237,22,14.1768
280,1.14475,87,167,"2026-08-29_WXPZY",4.21300977418268,348,NA,NA,NA,NA,NA,NA,NA,NA,NA,NA,NA,NA,NA,194,44.513079675,-80.030318229,-0.498876,9.54,237,22,14.2416
281,1.14875,87,166,"2026-08-29_WXPZY",4.17292605575029,349,NA,NA,NA,NA,NA,NA,NA,NA,NA,NA,NA,NA,NA,194,44.513049668,-80.030337255,-1.03507,9.58,236,22,14.3784
282,1.15271,87,166,"2026-08-29_WXPZY",4.20238695579089,350,NA,NA,NA,NA,NA,NA,NA,NA,NA,NA,NA,NA,NA,194.2,44.513015134,-80.03036039,0,9.57,236,22,14.2776
283,1.15667,87,166,"2026-08-29_WXPZY",4.21300977418268,350,NA,NA,NA,NA,NA,NA,NA,NA,NA,NA,NA,NA,NA,194.2,44.512983199,-80.030375728,0,9.54,237,22,14.2416
284,1.16064,88,166,"2026-08-29_WXPZY",4.19287211740042,344,NA,NA,NA,NA,NA,NA,NA,NA,NA,NA,NA,NA,NA,194.2,44.512942966,-80.030408585,0,9.38,234,22,14.31
285,1.16464,88,166,"2026-08-29_WXPZY",4.17292605575029,339,NA,NA,NA,NA,NA,NA,NA,NA,NA,NA,NA,NA,NA,194,44.512910361,-80.030427026,-0.506458,9.42,233,22,14.3784
286,1.16866,88,166,"2026-08-29_WXPZY",4.1438753522294,338,NA,NA,NA,NA,NA,NA,NA,NA,NA,NA,NA,NA,NA,194,44.512872139,-80.03045301,-0.506458,9.42,233,22,14.4792
287,1.17267,87,166,"2026-08-29_WXPZY",4.15420405450316,343,NA,NA,NA,NA,NA,NA,NA,NA,NA,NA,NA,NA,NA,194,44.512842048,-80.030470947,0,9.61,235,22,14.4432
288,1.17669,87,166,"2026-08-29_WXPZY",4.1438753522294,346,NA,NA,NA,NA,NA,NA,NA,NA,NA,NA,NA,NA,NA,193.8,44.512809526,-80.030493494,-0.492462,9.61,235,22,14.4792
289,1.18072,87,167,"2026-08-29_WXPZY",4.1438753522294,344,NA,NA,NA,NA,NA,NA,NA,NA,NA,NA,NA,NA,NA,193.8,44.512776418,-80.030520232,-0.492462,9.61,235,22,14.4792
290,1.1847,87,167,"2026-08-29_WXPZY",4.18340026773762,345,NA,NA,NA,NA,NA,NA,NA,NA,NA,NA,NA,NA,NA,193.8,44.512744483,-80.03054454,-0.492462,9.57,236,22,14.3424
291,1.18867,87,167,"2026-08-29_WXPZY",4.19287211740042,346,NA,NA,NA,NA,NA,NA,NA,NA,NA,NA,NA,NA,NA,193.8,44.512713554,-80.030579744,-0.492462,9.57,236,22,14.31
292,1.19271,87,167,"2026-08-29_WXPZY",4.12541254125412,343,NA,NA,NA,NA,NA,NA,NA,NA,NA,NA,NA,NA,NA,193.6,44.512687737,-80.030604722,-1.49256,9.57,236,22,14.544
293,1.19677,87,167,"2026-08-29_WXPZY",4.10610166707728,343,NA,NA,NA,NA,NA,NA,NA,NA,NA,NA,NA,NA,NA,193.6,44.512658485,-80.030648895,-1.49256,9.65,234,22,14.6124
294,1.20085,87,167,"2026-08-29_WXPZY",4.08697073728952,348,NA,NA,NA,NA,NA,NA,NA,NA,NA,NA,NA,NA,NA,193.8,44.512633087,-80.030677393,-1.00237,9.69,233,22,14.6808
295,1.20496,87,166,"2026-08-29_WXPZY",4.05910050332846,348,NA,NA,NA,NA,NA,NA,NA,NA,NA,NA,NA,NA,NA,193.8,44.512605762,-80.030726176,-0.502366,9.69,233,22,14.7816
296,1.20909,87,166,"2026-08-29_WXPZY",4.03258327284458,348,NA,NA,NA,NA,NA,NA,NA,NA,NA,NA,NA,NA,NA,193.8,44.512586316,-80.030765822,-0.502366,9.73,232,22,14.8788
297,1.2132,87,165,"2026-08-29_WXPZY",4.05910050332846,351,NA,NA,NA,NA,NA,NA,NA,NA,NA,NA,NA,NA,NA,193.8,44.512571983,-80.030816114,-0.502366,9.69,233,22,14.7816
298,1.21729,87,165,"2026-08-29_WXPZY",4.06901041666667,354,NA,NA,NA,NA,NA,NA,NA,NA,NA,NA,NA,NA,NA,194,44.512565781,-80.030867076,0.484144,9.69,233,22,14.7456
299,1.22135,87,165,"2026-08-29_WXPZY",4.10610166707728,351,NA,NA,NA,NA,NA,NA,NA,NA,NA,NA,NA,NA,NA,194,44.512553375,-80.030917786,0.484144,9.65,234,22,14.6124
300,1.22543,86,165,"2026-08-29_WXPZY",4.08697073728952,350,NA,NA,NA,NA,NA,NA,NA,NA,NA,NA,NA,NA,NA,194,44.51253812,-80.03097143,0.484144,9.69,233,22,14.6808
301,1.22946,86,165,"2026-08-29_WXPZY",4.13462333581411,348,NA,NA,NA,NA,NA,NA,NA,NA,NA,NA,NA,NA,NA,194,44.512517752,-80.031002108,0.484144,9.82,237,22,14.5116
302,1.23353,86,165,"2026-08-29_WXPZY",4.09701737135365,349,NA,NA,NA,NA,NA,NA,NA,NA,NA,NA,NA,NA,NA,194,44.512491685,-80.031045862,0.979194,9.86,236,22,14.6448
303,1.2376,86,166,"2026-08-29_WXPZY",4.09701737135365,347,NA,NA,NA,NA,NA,NA,NA,NA,NA,NA,NA,NA,NA,194,44.512468802,-80.031070672,0.979194,9.86,236,22,14.6448
304,1.24165,85,166,"2026-08-29_WXPZY",4.10610166707728,351,NA,NA,NA,NA,NA,NA,NA,NA,NA,NA,NA,NA,NA,194,44.512441309,-80.031101434,0.488998,10.03,239,22,14.6124
305,1.24569,86,166,"2026-08-29_WXPZY",4.12541254125412,351,NA,NA,NA,NA,NA,NA,NA,NA,NA,NA,NA,NA,NA,194,44.512413314,-80.031129597,0.488998,10.03,239,22,14.544
306,1.2497,86,166,"2026-08-29_WXPZY",4.16354400866017,352,NA,NA,NA,NA,NA,NA,NA,NA,NA,NA,NA,NA,NA,194,44.512386659,-80.031163376,0.488998,9.78,238,22,14.4108
307,1.25368,86,167,"2026-08-29_WXPZY",4.18340026773762,354,NA,NA,NA,NA,NA,NA,NA,NA,NA,NA,NA,NA,NA,194,44.512355395,-80.03119749,0.488998,9.78,238,22,14.3424
308,1.25766,86,167,"2026-08-29_WXPZY",4.19287211740042,353,NA,NA,NA,NA,NA,NA,NA,NA,NA,NA,NA,NA,NA,194,44.512327818,-80.031224564,0,9.77,238,22,14.31
309,1.26164,87,167,"2026-08-29_WXPZY",4.18340026773762,352,NA,NA,NA,NA,NA,NA,NA,NA,NA,NA,NA,NA,NA,194,44.512298314,-80.031263288,0,9.78,238,22,14.3424
310,1.26562,87,167,"2026-08-29_WXPZY",4.18340026773762,353,NA,NA,NA,NA,NA,NA,NA,NA,NA,NA,NA,NA,NA,194,44.512274426,-80.03128726,0,9.57,236,22,14.3424
311,1.26963,87,168,"2026-08-29_WXPZY",4.16354400866017,354,NA,NA,NA,NA,NA,NA,NA,NA,NA,NA,NA,NA,NA,194,44.512245005,-80.031322381,0,9.61,235,22,14.4108
312,1.2736,86,168,"2026-08-29_WXPZY",4.19287211740042,354,NA,NA,NA,NA,NA,NA,NA,NA,NA,NA,NA,NA,NA,193.8,44.512221787,-80.031347359,-0.503778,9.57,236,22,14.31
313,1.27758,86,168,"2026-08-29_WXPZY",4.19287211740042,357,NA,NA,NA,NA,NA,NA,NA,NA,NA,NA,NA,NA,NA,193.8,44.512192786,-80.031384658,-0.503778,9.77,238,22,14.31
314,1.28156,86,168,"2026-08-29_WXPZY",4.18340026773762,356,NA,NA,NA,NA,NA,NA,NA,NA,NA,NA,NA,NA,NA,193.8,44.512166886,-80.03141148,-0.503778,9.78,238,22,14.3424
315,1.28555,87,167,"2026-08-29_WXPZY",4.17292605575029,355,NA,NA,NA,NA,NA,NA,NA,NA,NA,NA,NA,NA,NA,193.8,44.512137549,-80.031443667,-0.503778,9.58,236,22,14.3784
316,1.28959,87,167,"2026-08-29_WXPZY",4.13462333581411,356,NA,NA,NA,NA,NA,NA,NA,NA,NA,NA,NA,NA,NA,193.8,44.512109386,-80.031473171,-0.503778,9.61,235,22,14.5116
317,1.29362,87,167,"2026-08-29_WXPZY",4.13462333581411,356,NA,NA,NA,NA,NA,NA,NA,NA,NA,NA,NA,NA,NA,193.8,44.512078205,-80.031502927,-0.503778,9.61,235,22,14.5116
318,1.29767,87,167,"2026-08-29_WXPZY",4.11522633744856,356,NA,NA,NA,NA,NA,NA,NA,NA,NA,NA,NA,NA,NA,193.8,44.512044678,-80.031540645,-0.503778,9.65,234,22,14.58
319,1.30173,87,167,"2026-08-29_WXPZY",4.09701737135365,355,NA,NA,NA,NA,NA,NA,NA,NA,NA,NA,NA,NA,NA,193.8,44.512016263,-80.03156621,-0.503778,9.65,234,22,14.6448
320,1.30584,87,167,"2026-08-29_WXPZY",4.05910050332846,355,NA,NA,NA,NA,NA,NA,NA,NA,NA,NA,NA,NA,NA,193.8,44.511984831,-80.031607281,-0.503778,9.69,233,22,14.7816
321,1.30995,87,168,"2026-08-29_WXPZY",4.05910050332846,355,NA,NA,NA,NA,NA,NA,NA,NA,NA,NA,NA,NA,NA,193.8,44.511956081,-80.031636953,-0.503778,9.69,233,22,14.7816
322,1.31409,87,168,"2026-08-29_WXPZY",4.02284978678896,356,NA,NA,NA,NA,NA,NA,NA,NA,NA,NA,NA,NA,NA,193.8,44.511925152,-80.031675845,0,9.73,232,22,14.9148
323,1.3182,87,167,"2026-08-29_WXPZY",4.05022276225192,356,NA,NA,NA,NA,NA,NA,NA,NA,NA,NA,NA,NA,NA,193.8,44.511899755,-80.031703589,0,9.73,232,22,14.814
324,1.32225,88,167,"2026-08-29_WXPZY",4.11522633744856,358,NA,NA,NA,NA,NA,NA,NA,NA,NA,NA,NA,NA,NA,193.8,44.511869328,-80.031740973,0,9.46,232,22,14.58
325,1.32626,88,167,"2026-08-29_WXPZY",4.15420405450316,356,NA,NA,NA,NA,NA,NA,NA,NA,NA,NA,NA,NA,NA,194,44.511844266,-80.031768633,0.498753,9.42,233,22,14.4432
326,1.33026,88,167,"2026-08-29_WXPZY",4.17292605575029,352,NA,NA,NA,NA,NA,NA,NA,NA,NA,NA,NA,NA,NA,193.8,44.511815014,-80.031800317,0,9.42,233,22,14.3784
327,1.33427,88,167,"2026-08-29_WXPZY",4.15420405450316,349,NA,NA,NA,NA,NA,NA,NA,NA,NA,NA,NA,NA,NA,193.8,44.511788694,-80.031831078,0,9.42,233,22,14.4432
328,1.33826,88,166,"2026-08-29_WXPZY",4.17292605575029,347,NA,NA,NA,NA,NA,NA,NA,NA,NA,NA,NA,NA,NA,193.8,44.511758939,-80.031865025,0,9.42,233,22,14.3784
329,1.34227,87,166,"2026-08-29_WXPZY",4.16354400866017,348,NA,NA,NA,NA,NA,NA,NA,NA,NA,NA,NA,NA,NA,193.8,44.511731278,-80.031893356,0,9.61,235,22,14.4108
330,1.34624,87,166,"2026-08-29_WXPZY",4.19287211740042,346,NA,NA,NA,NA,NA,NA,NA,NA,NA,NA,NA,NA,NA,193.8,44.511704205,-80.031913137,0,9.57,236,22,14.31
331,1.35023,87,166,"2026-08-29_WXPZY",4.18340026773762,347,NA,NA,NA,NA,NA,NA,NA,NA,NA,NA,NA,NA,NA,193.8,44.511675623,-80.031947168,0,9.57,236,22,14.3424
332,1.35417,88,166,"2026-08-29_WXPZY",4.22261633307998,345,NA,NA,NA,NA,NA,NA,NA,NA,NA,NA,NA,NA,NA,193.8,44.511649052,-80.031969631,0,9.34,235,22,14.2092
333,1.35815,88,165,"2026-08-29_WXPZY",4.19287211740042,346,NA,NA,NA,NA,NA,NA,NA,NA,NA,NA,NA,NA,NA,193.6,44.511619212,-80.032013301,-0.503759,9.38,234,22,14.31
334,1.36215,88,165,"2026-08-29_WXPZY",4.16354400866017,343,NA,NA,NA,NA,NA,NA,NA,NA,NA,NA,NA,NA,NA,193.6,44.511593648,-80.032035681,-0.503759,9.42,233,22,14.4108
335,1.36618,88,165,"2026-08-29_WXPZY",4.13462333581411,346,NA,NA,NA,NA,NA,NA,NA,NA,NA,NA,NA,NA,NA,193.6,44.51156297,-80.032075411,-1.00251,9.46,232,22,14.5116
336,1.37017,88,165,"2026-08-29_WXPZY",4.17292605575029,346,NA,NA,NA,NA,NA,NA,NA,NA,NA,NA,NA,NA,NA,193.6,44.511538327,-80.0321024,-0.502513,9.42,233,22,14.3784
337,1.3742,88,165,"2026-08-29_WXPZY",4.1438753522294,346,NA,NA,NA,NA,NA,NA,NA,NA,NA,NA,NA,NA,NA,193.6,44.511504632,-80.032137353,-0.502513,9.42,233,22,14.4792
338,1.37822,88,165,"2026-08-29_WXPZY",4.1438753522294,345,NA,NA,NA,NA,NA,NA,NA,NA,NA,NA,NA,NA,NA,193.6,44.511478564,-80.03216451,-0.502513,9.42,233,22,14.4792
339,1.38223,88,166,"2026-08-29_WXPZY",4.15420405450316,346,NA,NA,NA,NA,NA,NA,NA,NA,NA,NA,NA,NA,NA,193.6,44.511447132,-80.03220072,-0.502513,9.42,233,22,14.4432
340,1.38625,88,166,"2026-08-29_WXPZY",4.1438753522294,346,NA,NA,NA,NA,NA,NA,NA,NA,NA,NA,NA,NA,NA,193.6,44.511418214,-80.032227375,-0.502513,9.42,233,22,14.4792
341,1.39034,88,166,"2026-08-29_WXPZY",4.07797080172906,345,NA,NA,NA,NA,NA,NA,NA,NA,NA,NA,NA,NA,NA,193.6,44.511383849,-80.03226107,-0.502513,9.5,231,22,14.7132
342,1.39442,89,166,"2026-08-29_WXPZY",4.08697073728952,345,NA,NA,NA,NA,NA,NA,NA,NA,NA,NA,NA,NA,NA,193.6,44.511351411,-80.032294262,-0.502513,9.49,231,22,14.6808
343,1.39847,88,166,"2026-08-29_WXPZY",4.11522633744856,348,NA,NA,NA,NA,NA,NA,NA,NA,NA,NA,NA,NA,NA,193.6,44.511323834,-80.032324269,0,9.31,229,22,14.58
344,1.40252,89,166,"2026-08-29_WXPZY",4.10610166707728,348,NA,NA,NA,NA,NA,NA,NA,NA,NA,NA,NA,NA,NA,193.6,44.511291228,-80.032357629,0,9.46,232,22,14.6124
345,1.40658,89,166,"2026-08-29_WXPZY",4.10610166707728,345,NA,NA,NA,NA,NA,NA,NA,NA,NA,NA,NA,NA,NA,193.6,44.511263401,-80.032380344,0,9.31,229,22,14.6124
346,1.4106,88,165,"2026-08-29_WXPZY",4.15420405450316,345,NA,NA,NA,NA,NA,NA,NA,NA,NA,NA,NA,NA,NA,193.6,44.511232471,-80.032417979,0,9.42,233,22,14.4432
347,1.4146,87,165,"2026-08-29_WXPZY",4.16354400866017,345,NA,NA,NA,NA,NA,NA,NA,NA,NA,NA,NA,NA,NA,193.6,44.511205398,-80.032439102,0,9.61,235,22,14.4108
348,1.4186,87,165,"2026-08-29_WXPZY",4.16354400866017,343,NA,NA,NA,NA,NA,NA,NA,NA,NA,NA,NA,NA,NA,193.6,44.511175055,-80.032482436,0,9.61,235,22,14.4108
349,1.42261,88,165,"2026-08-29_WXPZY",4.15420405450316,342,NA,NA,NA,NA,NA,NA,NA,NA,NA,NA,NA,NA,NA,193.6,44.511150077,-80.032507079,0,9.61,235,22,14.4432
350,1.42665,87,165,"2026-08-29_WXPZY",4.12541254125412,343,NA,NA,NA,NA,NA,NA,NA,NA,NA,NA,NA,NA,NA,193.6,44.511118394,-80.032550581,0,9.65,234,22,14.544
351,1.4307,87,166,"2026-08-29_WXPZY",4.11522633744856,344,NA,NA,NA,NA,NA,NA,NA,NA,NA,NA,NA,NA,NA,193.6,44.511094002,-80.0325769,0,9.65,234,22,14.58
352,1.43477,88,166,"2026-08-29_WXPZY",4.09701737135365,348,NA,NA,NA,NA,NA,NA,NA,NA,NA,NA,NA,NA,NA,193.8,44.511065839,-80.032614032,0.4914,9.49,231,22,14.6448
353,1.43884,88,166,"2026-08-29_WXPZY",4.09701737135365,347,NA,NA,NA,NA,NA,NA,NA,NA,NA,NA,NA,NA,NA,193.8,44.511039268,-80.03264471,0.4914,9.49,231,22,14.6448
354,1.44288,88,166,"2026-08-29_WXPZY",4.12541254125412,347,NA,NA,NA,NA,NA,NA,NA,NA,NA,NA,NA,NA,NA,193.8,44.511009513,-80.032677399,0.4914,9.46,232,22,14.544
355,1.4469,88,166,"2026-08-29_WXPZY",4.1438753522294,347,NA,NA,NA,NA,NA,NA,NA,NA,NA,NA,NA,NA,NA,193.8,44.510982942,-80.032705143,0.4914,9.42,233,22,14.4792
356,1.4509,89,166,"2026-08-29_WXPZY",4.16354400866017,348,NA,NA,NA,NA,NA,NA,NA,NA,NA,NA,NA,NA,NA,193.8,44.510954444,-80.032737162,0.4914,9.23,231,22,14.4108
357,1.45492,89,166,"2026-08-29_WXPZY",4.15420405450316,345,NA,NA,NA,NA,NA,NA,NA,NA,NA,NA,NA,NA,NA,193.8,44.510923179,-80.03276675,0.4914,9.23,231,22,14.4432
358,1.45895,89,166,"2026-08-29_WXPZY",4.13462333581411,347,NA,NA,NA,NA,NA,NA,NA,NA,NA,NA,NA,NA,NA,193.8,44.510896189,-80.032792147,0.4914,9.27,230,22,14.5116
359,1.46299,89,166,"2026-08-29_WXPZY",4.12541254125412,352,NA,NA,NA,NA,NA,NA,NA,NA,NA,NA,NA,NA,NA,194,44.510866098,-80.032828692,0.98645,9.27,230,22,14.544
360,1.46701,89,166,"2026-08-29_WXPZY",4.1438753522294,356,NA,NA,NA,NA,NA,NA,NA,NA,NA,NA,NA,NA,NA,194,44.510836846,-80.032855012,0.98645,9.27,230,22,14.4792
361,1.47104,88,167,"2026-08-29_WXPZY",4.13462333581411,358,NA,NA,NA,NA,NA,NA,NA,NA,NA,NA,NA,NA,NA,194,44.510805749,-80.032896586,0.98645,9.46,232,21,14.5116
362,1.47507,88,167,"2026-08-29_WXPZY",4.13462333581411,362,NA,NA,NA,NA,NA,NA,NA,NA,NA,NA,NA,NA,NA,194,44.510776328,-80.032921648,0.49505,9.46,232,22,14.5116
363,1.47913,88,166,"2026-08-29_WXPZY",4.10610166707728,363,NA,NA,NA,NA,NA,NA,NA,NA,NA,NA,NA,NA,NA,194,44.510746908,-80.03296515,0.49505,9.46,232,22,14.6124
364,1.48321,88,166,"2026-08-29_WXPZY",4.08697073728952,364,NA,NA,NA,NA,NA,NA,NA,NA,NA,NA,NA,NA,NA,194,44.510722935,-80.032993564,0.49505,9.49,231,22,14.6808
365,1.48731,88,167,"2026-08-29_WXPZY",4.05910050332846,365,NA,NA,NA,NA,NA,NA,NA,NA,NA,NA,NA,NA,NA,194,44.510692258,-80.033029271,0.49505,9.53,230,22,14.7816
366,1.49145,88,167,"2026-08-29_WXPZY",4.03258327284458,366,NA,NA,NA,NA,NA,NA,NA,NA,NA,NA,NA,NA,NA,194,44.510666693,-80.033062296,0.49505,9.53,230,22,14.8788
367,1.49555,87,167,"2026-08-29_WXPZY",4.05910050332846,364,NA,NA,NA,NA,NA,NA,NA,NA,NA,NA,NA,NA,NA,193.8,44.510634003,-80.03309574,0,9.53,230,21,14.7816
368,1.49968,87,166,"2026-08-29_WXPZY",4.04138376980278,367,NA,NA,NA,NA,NA,NA,NA,NA,NA,NA,NA,NA,NA,193.8,44.5106076,-80.033132536,0,9.73,232,21,14.8464
369,1.50382,87,166,"2026-08-29_WXPZY",4.02284978678896,366,NA,NA,NA,NA,NA,NA,NA,NA,NA,NA,NA,NA,NA,193.6,44.510582203,-80.033163466,-0.970897,9.73,232,22,14.9148
370,1.508,88,167,"2026-08-29_WXPZY",3.98724082934609,366,NA,NA,NA,NA,NA,NA,NA,NA,NA,NA,NA,NA,NA,193.4,44.510550436,-80.033198167,-1.44937,9.77,231,21,15.048
371,1.51218,88,167,"2026-08-29_WXPZY",3.98724082934609,368,NA,NA,NA,NA,NA,NA,NA,NA,NA,NA,NA,NA,NA,193.4,44.510523279,-80.033220798,-1.44937,9.61,228,22,15.048
372,1.51638,88,167,"2026-08-29_WXPZY",3.96919901563864,362,NA,NA,NA,NA,NA,NA,NA,NA,NA,NA,NA,NA,NA,193.2,44.510494529,-80.0332586,-1.92556,9.61,228,22,15.1164
373,1.52058,89,167,"2026-08-29_WXPZY",3.96919901563864,356,NA,NA,NA,NA,NA,NA,NA,NA,NA,NA,NA,NA,NA,193,44.510469718,-80.033284668,-2.40175,9.61,228,21,15.1164
374,1.52475,89,167,"2026-08-29_WXPZY",3.99584432190522,354,NA,NA,NA,NA,NA,NA,NA,NA,NA,NA,NA,NA,NA,193,44.510437699,-80.033327248,-2.40175,9.41,226,22,15.0156
375,1.52894,89,167,"2026-08-29_WXPZY",3.97867430572133,351,NA,NA,NA,NA,NA,NA,NA,NA,NA,NA,NA,NA,NA,193,44.510407273,-80.033359602,-2.40175,9.42,226,22,15.0804
376,1.53313,88,167,"2026-08-29_WXPZY",3.97867430572133,347,NA,NA,NA,NA,NA,NA,NA,NA,NA,NA,NA,NA,NA,193,44.510378104,-80.03340059,-2.40175,9.61,228,22,15.0804
377,1.53732,88,168,"2026-08-29_WXPZY",3.96919901563864,348,NA,NA,NA,NA,NA,NA,NA,NA,NA,NA,NA,NA,NA,193,44.510353126,-80.033428585,-1.91394,9.61,228,21,15.1164
378,1.54152,88,168,"2026-08-29_WXPZY",3.96919901563864,346,NA,NA,NA,NA,NA,NA,NA,NA,NA,NA,NA,NA,NA,193,44.510323454,-80.033469489,-1.91394,9.61,228,21,15.1164
379,1.5457,88,168,"2026-08-29_WXPZY",3.98724082934609,351,NA,NA,NA,NA,NA,NA,NA,NA,NA,NA,NA,NA,NA,193,44.510296213,-80.03349564,-1.43085,9.61,228,21,15.048
380,1.54983,87,167,"2026-08-29_WXPZY",4.04138376980278,350,NA,NA,NA,NA,NA,NA,NA,NA,NA,NA,NA,NA,NA,193,44.510266289,-80.033535874,-0.952381,9.73,232,21,14.8464
381,1.55391,88,167,"2026-08-29_WXPZY",4.07797080172906,350,NA,NA,NA,NA,NA,NA,NA,NA,NA,NA,NA,NA,NA,193,44.510241227,-80.033563115,-0.952381,9.5,231,21,14.7132
382,1.55795,88,167,"2026-08-29_WXPZY",4.12541254125412,345,NA,NA,NA,NA,NA,NA,NA,NA,NA,NA,NA,NA,NA,193,44.51021122,-80.03360033,-0.47619,9.46,232,21,14.544
383,1.56199,88,167,"2026-08-29_WXPZY",4.13462333581411,342,NA,NA,NA,NA,NA,NA,NA,NA,NA,NA,NA,NA,NA,193,44.510181716,-80.033628996,0,9.46,232,21,14.5116
384,1.56603,88,167,"2026-08-29_WXPZY",4.12541254125412,337,NA,NA,NA,NA,NA,NA,NA,NA,NA,NA,NA,NA,NA,193,44.510152882,-80.033658585,0,9.46,232,21,14.544
385,1.57007,88,167,"2026-08-29_WXPZY",4.12541254125412,337,NA,NA,NA,NA,NA,NA,NA,NA,NA,NA,NA,NA,NA,193,44.510125306,-80.033687251,0,9.46,232,21,14.544
386,1.57412,88,167,"2026-08-29_WXPZY",4.10610166707728,338,NA,NA,NA,NA,NA,NA,NA,NA,NA,NA,NA,NA,NA,193,44.510097143,-80.033712564,0,9.46,232,21,14.6124
387,1.5782,88,167,"2026-08-29_WXPZY",4.08697073728952,338,NA,NA,NA,NA,NA,NA,NA,NA,NA,NA,NA,NA,NA,193,44.51006789,-80.033747433,0,9.49,231,21,14.6808
388,1.58224,87,167,"2026-08-29_WXPZY",4.12541254125412,341,NA,NA,NA,NA,NA,NA,NA,NA,NA,NA,NA,NA,NA,193.2,44.510040229,-80.033767633,0.49505,9.65,234,21,14.544
389,1.58625,87,167,"2026-08-29_WXPZY",4.16354400866017,342,NA,NA,NA,NA,NA,NA,NA,NA,NA,NA,NA,NA,NA,193.2,44.5100093,-80.033808202,0.49505,9.61,235,21,14.4108
390,1.59026,87,166,"2026-08-29_WXPZY",4.15420405450316,341,NA,NA,NA,NA,NA,NA,NA,NA,NA,NA,NA,NA,NA,193.2,44.509983484,-80.033829324,0.49505,9.61,235,21,14.4432
391,1.59427,87,167,"2026-08-29_WXPZY",4.15420405450316,339,NA,NA,NA,NA,NA,NA,NA,NA,NA,NA,NA,NA,NA,193,44.509950711,-80.033867462,0,9.61,235,21,14.4432
392,1.59828,87,167,"2026-08-29_WXPZY",4.15420405450316,343,NA,NA,NA,NA,NA,NA,NA,NA,NA,NA,NA,NA,NA,193,44.509924811,-80.033895709,0,9.61,235,21,14.4432
393,1.60229,87,168,"2026-08-29_WXPZY",4.15420405450316,344,NA,NA,NA,NA,NA,NA,NA,NA,NA,NA,NA,NA,NA,193,44.509893798,-80.033922866,0,9.61,235,21,14.4432
394,1.60634,87,168,"2026-08-29_WXPZY",4.11522633744856,345,NA,NA,NA,NA,NA,NA,NA,NA,NA,NA,NA,NA,NA,193,44.509867897,-80.033954466,0,9.65,234,21,14.58
395,1.61038,88,168,"2026-08-29_WXPZY",4.12541254125412,347,NA,NA,NA,NA,NA,NA,NA,NA,NA,NA,NA,NA,NA,193.2,44.509842417,-80.033986233,0.491346,9.65,234,21,14.544
396,1.6144,88,167,"2026-08-29_WXPZY",4.15420405450316,350,NA,NA,NA,NA,NA,NA,NA,NA,NA,NA,NA,NA,NA,193.2,44.509813918,-80.034020096,0.491346,9.42,233,21,14.4432
397,1.61841,88,167,"2026-08-29_WXPZY",4.15420405450316,349,NA,NA,NA,NA,NA,NA,NA,NA,NA,NA,NA,NA,NA,193.4,44.509784749,-80.034045409,0.990099,9.42,233,21,14.4432
398,1.6224,88,167,"2026-08-29_WXPZY",4.17292605575029,349,NA,NA,NA,NA,NA,NA,NA,NA,NA,NA,NA,NA,NA,193.4,44.509755831,-80.034078434,0.49505,9.42,233,21,14.3784
399,1.62644,88,167,"2026-08-29_WXPZY",4.12541254125412,351,NA,NA,NA,NA,NA,NA,NA,NA,NA,NA,NA,NA,NA,193.4,44.509728171,-80.034108525,0.49505,9.46,232,21,14.544
400,1.6305,88,167,"2026-08-29_WXPZY",4.10610166707728,351,NA,NA,NA,NA,NA,NA,NA,NA,NA,NA,NA,NA,NA,193.4,44.509697242,-80.034151608,0.49505,9.46,232,21,14.6124
401,1.63459,88,168,"2026-08-29_WXPZY",4.07797080172906,353,NA,NA,NA,NA,NA,NA,NA,NA,NA,NA,NA,NA,NA,193.4,44.509670168,-80.034183124,0.993803,9.5,231,21,14.7132
402,1.63868,88,168,"2026-08-29_WXPZY",4.06901041666667,353,NA,NA,NA,NA,NA,NA,NA,NA,NA,NA,NA,NA,NA,193.4,44.509642089,-80.034225034,0.993803,9.5,231,21,14.7456
403,1.64277,88,168,"2026-08-29_WXPZY",4.07797080172906,355,NA,NA,NA,NA,NA,NA,NA,NA,NA,NA,NA,NA,NA,193.2,44.509614932,-80.034251772,0.504805,9.5,231,21,14.7132
404,1.64685,88,168,"2026-08-29_WXPZY",4.08697073728952,354,NA,NA,NA,NA,NA,NA,NA,NA,NA,NA,NA,NA,NA,193.2,44.509585092,-80.034293849,0.504805,9.49,231,21,14.6808
405,1.65094,87,168,"2026-08-29_WXPZY",4.06901041666667,352,NA,NA,NA,NA,NA,NA,NA,NA,NA,NA,NA,NA,NA,193.2,44.509561455,-80.034326874,0,9.49,231,21,14.7456
406,1.65505,87,168,"2026-08-29_WXPZY",4.05910050332846,350,NA,NA,NA,NA,NA,NA,NA,NA,NA,NA,NA,NA,NA,193.2,44.509533376,-80.034362748,0,9.69,233,21,14.7816
407,1.65919,88,168,"2026-08-29_WXPZY",4.02284978678896,350,NA,NA,NA,NA,NA,NA,NA,NA,NA,NA,NA,NA,NA,193,44.509505632,-80.034392755,-0.972089,9.73,232,21,14.9148
408,1.66336,88,168,"2026-08-29_WXPZY",3.99584432190522,351,NA,NA,NA,NA,NA,NA,NA,NA,NA,NA,NA,NA,NA,193.2,44.509476127,-80.034424439,-0.492473,9.57,229,21,15.0156
409,1.66751,88,168,"2026-08-29_WXPZY",4.02284978678896,352,NA,NA,NA,NA,NA,NA,NA,NA,NA,NA,NA,NA,NA,193.2,44.509445869,-80.034459475,-0.492473,9.57,229,21,14.9148
410,1.67166,88,169,"2026-08-29_WXPZY",4.01412973667309,354,NA,NA,NA,NA,NA,NA,NA,NA,NA,NA,NA,NA,NA,193.2,44.509414939,-80.034493506,-0.492473,9.57,229,21,14.9472
411,1.67582,88,168,"2026-08-29_WXPZY",4.00544740847553,350,NA,NA,NA,NA,NA,NA,NA,NA,NA,NA,NA,NA,NA,193.2,44.50938401,-80.034528375,-0.492473,9.57,229,21,14.9796
412,1.67996,88,168,"2026-08-29_WXPZY",4.02284978678896,350,NA,NA,NA,NA,NA,NA,NA,NA,NA,NA,NA,NA,NA,193,44.509353835,-80.03455855,-0.975565,9.57,229,21,14.9148
413,1.68411,88,168,"2026-08-29_WXPZY",4.01412973667309,349,NA,NA,NA,NA,NA,NA,NA,NA,NA,NA,NA,NA,NA,193,44.50932299,-80.034597693,-0.486567,9.57,229,21,14.9472
414,1.68829,88,167,"2026-08-29_WXPZY",3.98724082934609,348,NA,NA,NA,NA,NA,NA,NA,NA,NA,NA,NA,NA,NA,193,44.509293653,-80.034623509,-0.486567,9.61,228,21,15.048
415,1.69248,89,167,"2026-08-29_WXPZY",3.98724082934609,350,NA,NA,NA,NA,NA,NA,NA,NA,NA,NA,NA,NA,NA,192.8,44.50926373,-80.034661395,-0.963894,9.41,226,21,15.048
416,1.69664,88,167,"2026-08-29_WXPZY",4.00544740847553,353,NA,NA,NA,NA,NA,NA,NA,NA,NA,NA,NA,NA,NA,192.8,44.509237997,-80.034682518,-0.963894,9.57,229,21,14.9796
417,1.7008,88,167,"2026-08-29_WXPZY",4.00544740847553,355,NA,NA,NA,NA,NA,NA,NA,NA,NA,NA,NA,NA,NA,192.8,44.509206984,-80.034720236,-0.480802,9.57,229,21,14.9796
418,1.70492,88,167,"2026-08-29_WXPZY",4.04138376980278,355,NA,NA,NA,NA,NA,NA,NA,NA,NA,NA,NA,NA,NA,192.8,44.509178905,-80.034743371,-0.960419,9.57,229,21,14.8464
419,1.70905,88,167,"2026-08-29_WXPZY",4.04138376980278,355,NA,NA,NA,NA,NA,NA,NA,NA,NA,NA,NA,NA,NA,192.8,44.509145713,-80.034775725,-0.960419,9.53,230,21,14.8464
420,1.71313,87,167,"2026-08-29_WXPZY",4.07797080172906,353,NA,NA,NA,NA,NA,NA,NA,NA,NA,NA,NA,NA,NA,193,44.509118472,-80.034805564,-0.470223,9.69,233,21,14.7132
421,1.71725,87,167,"2026-08-29_WXPZY",4.05022276225192,353,NA,NA,NA,NA,NA,NA,NA,NA,NA,NA,NA,NA,NA,193,44.509090979,-80.034840349,-0.470223,9.73,232,21,14.814
422,1.72134,87,167,"2026-08-29_WXPZY",4.06901041666667,352,NA,NA,NA,NA,NA,NA,NA,NA,NA,NA,NA,NA,NA,193,44.509065414,-80.034867087,0.0128691,9.69,233,21,14.7456
423,1.72546,87,167,"2026-08-29_WXPZY",4.05022276225192,354,NA,NA,NA,NA,NA,NA,NA,NA,NA,NA,NA,NA,NA,193.2,44.50903482,-80.034897178,0.498306,9.73,232,21,14.814
424,1.72961,88,167,"2026-08-29_WXPZY",4.01412973667309,352,NA,NA,NA,NA,NA,NA,NA,NA,NA,NA,NA,NA,NA,193.2,44.509006405,-80.034933053,0.498306,9.57,229,21,14.9472
425,1.73375,88,167,"2026-08-29_WXPZY",4.02284978678896,353,NA,NA,NA,NA,NA,NA,NA,NA,NA,NA,NA,NA,NA,193.2,44.508979416,-80.034961803,0.975633,9.57,229,21,14.9148
426,1.73788,88,167,"2026-08-29_WXPZY",4.04138376980278,356,NA,NA,NA,NA,NA,NA,NA,NA,NA,NA,NA,NA,NA,193.2,44.508947984,-80.034995666,0.975633,9.57,229,21,14.8464
427,1.742,88,168,"2026-08-29_WXPZY",4.04138376980278,357,NA,NA,NA,NA,NA,NA,NA,NA,NA,NA,NA,NA,NA,193.2,44.508923425,-80.035013771,0.975633,9.53,230,21,14.8464
428,1.74615,88,167,"2026-08-29_WXPZY",4.02284978678896,355,NA,NA,NA,NA,NA,NA,NA,NA,NA,NA,NA,NA,NA,193.2,44.508891657,-80.035050232,0.975633,9.57,229,21,14.9148
429,1.75025,88,168,"2026-08-29_WXPZY",4.05910050332846,355,NA,NA,NA,NA,NA,NA,NA,NA,NA,NA,NA,NA,NA,193.4,44.508863159,-80.035077808,1.46344,9.53,230,21,14.7816
430,1.75436,88,167,"2026-08-29_WXPZY",4.05910050332846,357,NA,NA,NA,NA,NA,NA,NA,NA,NA,NA,NA,NA,NA,193.4,44.50883114,-80.035122233,0.973242,9.53,230,21,14.7816
431,1.75842,88,166,"2026-08-29_WXPZY",4.09701737135365,356,NA,NA,NA,NA,NA,NA,NA,NA,NA,NA,NA,NA,NA,193.6,44.508803228,-80.035156263,1.46585,9.49,231,21,14.6448
432,1.76248,87,167,"2026-08-29_WXPZY",4.10610166707728,359,NA,NA,NA,NA,NA,NA,NA,NA,NA,NA,NA,NA,NA,193.6,44.508778502,-80.035197251,1.46585,9.65,234,21,14.6124
433,1.7665,87,167,"2026-08-29_WXPZY",4.1438753522294,361,NA,NA,NA,NA,NA,NA,NA,NA,NA,NA,NA,NA,NA,193.8,44.508748327,-80.035231868,1.47793,9.61,235,21,14.4792
434,1.77054,87,167,"2026-08-29_WXPZY",4.12541254125412,366,NA,NA,NA,NA,NA,NA,NA,NA,NA,NA,NA,NA,NA,193.8,44.508718403,-80.035260282,1.47793,9.65,234,21,14.544
435,1.77462,88,167,"2026-08-29_WXPZY",4.08697073728952,369,NA,NA,NA,NA,NA,NA,NA,NA,NA,NA,NA,NA,NA,193.8,44.508686971,-80.035298839,1.47793,9.49,231,21,14.6808
436,1.77873,88,166,"2026-08-29_WXPZY",4.05910050332846,373,NA,NA,NA,NA,NA,NA,NA,NA,NA,NA,NA,NA,NA,193.8,44.508658473,-80.035323398,1.47793,9.53,230,21,14.7816
437,1.78286,87,167,"2026-08-29_WXPZY",4.03258327284458,381,NA,NA,NA,NA,NA,NA,NA,NA,NA,NA,NA,NA,NA,193.6,44.508626119,-80.035368241,0.993667,9.73,232,21,14.8788
438,1.78705,87,167,"2026-08-29_WXPZY",3.97867430572133,385,NA,NA,NA,NA,NA,NA,NA,NA,NA,NA,NA,NA,NA,193.6,44.508595441,-80.035398668,0.993667,9.8,230,21,15.0804
439,1.79127,88,167,"2026-08-29_WXPZY",3.95225673859774,381,NA,NA,NA,NA,NA,NA,NA,NA,NA,NA,NA,NA,NA,193.4,44.508563422,-80.035440745,0.0319281,9.64,227,21,15.1812
440,1.79551,87,168,"2026-08-29_WXPZY",3.92618767177071,380,NA,NA,NA,NA,NA,NA,NA,NA,NA,NA,NA,NA,NA,193.4,44.508536516,-80.035468908,0.0319281,9.84,229,21,15.282
441,1.79979,87,169,"2026-08-29_WXPZY",3.90046025431001,370,NA,NA,NA,NA,NA,NA,NA,NA,NA,NA,NA,NA,NA,193.4,44.508504162,-80.035506543,-0.460683,9.84,229,21,15.3828
442,1.80407,88,168,"2026-08-29_WXPZY",3.89135341271694,364,NA,NA,NA,NA,NA,NA,NA,NA,NA,NA,NA,NA,NA,193.2,44.508480357,-80.035537221,-0.927972,9.68,226,21,15.4188
443,1.80831,88,168,"2026-08-29_WXPZY",3.93452943028014,360,NA,NA,NA,NA,NA,NA,NA,NA,NA,NA,NA,NA,NA,193.4,44.508456469,-80.035572844,-0.953787,9.64,227,21,15.2496
444,1.8125,88,168,"2026-08-29_WXPZY",3.97867430572133,358,NA,NA,NA,NA,NA,NA,NA,NA,NA,NA,NA,NA,NA,193.4,44.508431407,-80.035599498,-0.953787,9.61,228,21,15.0804
445,1.81664,89,168,"2026-08-29_WXPZY",4.02284978678896,355,NA,NA,NA,NA,NA,NA,NA,NA,NA,NA,NA,NA,NA,193.4,44.508401735,-80.035631601,-0.953787,9.57,229,21,14.9148
446,1.82075,89,167,"2026-08-29_WXPZY",4.05022276225192,351,NA,NA,NA,NA,NA,NA,NA,NA,NA,NA,NA,NA,NA,193.4,44.508372398,-80.035661273,-0.953787,9.34,228,21,14.814
447,1.82483,89,168,"2026-08-29_WXPZY",4.08697073728952,347,NA,NA,NA,NA,NA,NA,NA,NA,NA,NA,NA,NA,NA,193.4,44.508344487,-80.035699494,-0.469525,9.31,229,21,14.6808
448,1.8289,89,168,"2026-08-29_WXPZY",4.09701737135365,343,NA,NA,NA,NA,NA,NA,NA,NA,NA,NA,NA,NA,NA,193.2,44.508316407,-80.035733609,-0.960926,9.31,229,21,14.6448
449,1.83294,88,168,"2026-08-29_WXPZY",4.12541254125412,344,NA,NA,NA,NA,NA,NA,NA,NA,NA,NA,NA,NA,NA,193.2,44.508288579,-80.035767052,-0.486992,9.46,232,21,14.544
450,1.83699,88,168,"2026-08-29_WXPZY",4.11522633744856,344,NA,NA,NA,NA,NA,NA,NA,NA,NA,NA,NA,NA,NA,193.2,44.508258321,-80.03580519,-0.486992,9.46,232,21,14.58
451,1.84105,88,168,"2026-08-29_WXPZY",4.10610166707728,340,NA,NA,NA,NA,NA,NA,NA,NA,NA,NA,NA,NA,NA,193.2,44.508232672,-80.035831174,-0.486992,9.46,232,21,14.6124
452,1.84511,88,168,"2026-08-29_WXPZY",4.10610166707728,338,NA,NA,NA,NA,NA,NA,NA,NA,NA,NA,NA,NA,NA,193.4,44.508201072,-80.035859505,0.472908,9.46,232,21,14.6124
453,1.84915,88,168,"2026-08-29_WXPZY",4.12541254125412,337,NA,NA,NA,NA,NA,NA,NA,NA,NA,NA,NA,NA,NA,193.4,44.508172238,-80.035884231,0,9.46,232,21,14.544
454,1.8532,88,168,"2026-08-29_WXPZY",4.11522633744856,337,NA,NA,NA,NA,NA,NA,NA,NA,NA,NA,NA,NA,NA,193.4,44.508143489,-80.035924297,0,9.46,232,21,14.58
455,1.85722,88,167,"2026-08-29_WXPZY",4.1438753522294,336,NA,NA,NA,NA,NA,NA,NA,NA,NA,NA,NA,NA,NA,193.4,44.508116583,-80.035949443,0,9.42,233,21,14.4792
456,1.86122,88,167,"2026-08-29_WXPZY",4.16354400866017,338,NA,NA,NA,NA,NA,NA,NA,NA,NA,NA,NA,NA,NA,193.4,44.508083809,-80.035991184,0,9.42,233,21,14.4108
457,1.86521,88,167,"2026-08-29_WXPZY",4.17292605575029,338,NA,NA,NA,NA,NA,NA,NA,NA,NA,NA,NA,NA,NA,193.6,44.508058161,-80.036020018,0.502463,9.42,233,21,14.3784
458,1.86921,88,168,"2026-08-29_WXPZY",4.17292605575029,339,NA,NA,NA,NA,NA,NA,NA,NA,NA,NA,NA,NA,NA,193.4,44.508029327,-80.036057904,0.493864,9.42,233,21,14.3784
459,1.87325,88,169,"2026-08-29_WXPZY",4.12541254125412,338,NA,NA,NA,NA,NA,NA,NA,NA,NA,NA,NA,NA,NA,193.6,44.507998817,-80.036085229,0.988913,9.46,232,21,14.544
460,1.87733,88,169,"2026-08-29_WXPZY",4.08697073728952,341,NA,NA,NA,NA,NA,NA,NA,NA,NA,NA,NA,NA,NA,193.6,44.50796881,-80.036114315,0.988913,9.49,231,21,14.6808
461,1.88139,88,169,"2026-08-29_WXPZY",4.09701737135365,346,NA,NA,NA,NA,NA,NA,NA,NA,NA,NA,NA,NA,NA,193.6,44.507941233,-80.036152788,0.988913,9.49,231,21,14.6448
462,1.88546,88,170,"2026-08-29_WXPZY",4.09701737135365,349,NA,NA,NA,NA,NA,NA,NA,NA,NA,NA,NA,NA,NA,193.6,44.507915249,-80.036185477,0.496303,9.49,231,21,14.6448
463,1.88955,88,169,"2026-08-29_WXPZY",4.07797080172906,349,NA,NA,NA,NA,NA,NA,NA,NA,NA,NA,NA,NA,NA,193.6,44.507883985,-80.036224369,0.496303,9.49,231,21,14.7132
464,1.8936,87,168,"2026-08-29_WXPZY",4.11522633744856,349,NA,NA,NA,NA,NA,NA,NA,NA,NA,NA,NA,NA,NA,193.6,44.507858001,-80.036246162,0.496303,9.65,234,21,14.58
465,1.89764,87,168,"2026-08-29_WXPZY",4.12541254125412,352,NA,NA,NA,NA,NA,NA,NA,NA,NA,NA,NA,NA,NA,193.6,44.507830257,-80.036286395,0.496303,9.65,234,21,14.544
466,1.90167,87,168,"2026-08-29_WXPZY",4.13462333581411,350,NA,NA,NA,NA,NA,NA,NA,NA,NA,NA,NA,NA,NA,193.8,44.507806788,-80.036307517,0.992581,9.65,234,21,14.5116
467,1.90569,87,168,"2026-08-29_WXPZY",4.1438753522294,354,NA,NA,NA,NA,NA,NA,NA,NA,NA,NA,NA,NA,NA,193.8,44.507781726,-80.036346326,0.491327,9.61,235,21,14.4792
468,1.90971,87,168,"2026-08-29_WXPZY",4.1438753522294,354,NA,NA,NA,NA,NA,NA,NA,NA,NA,NA,NA,NA,NA,193.8,44.507757586,-80.036370968,0.991327,9.61,235,21,14.4792
469,1.91371,87,168,"2026-08-29_WXPZY",4.17292605575029,353,NA,NA,NA,NA,NA,NA,NA,NA,NA,NA,NA,NA,NA,193.8,44.507729925,-80.036410699,0.496278,9.58,236,21,14.3784
470,1.91768,87,168,"2026-08-29_WXPZY",4.19287211740042,355,NA,NA,NA,NA,NA,NA,NA,NA,NA,NA,NA,NA,NA,193.8,44.507702349,-80.0364397,0.496278,9.57,236,21,14.31
471,1.92167,87,169,"2026-08-29_WXPZY",4.17292605575029,355,NA,NA,NA,NA,NA,NA,NA,NA,NA,NA,NA,NA,NA,194,44.507673431,-80.036475491,0.997531,9.58,236,21,14.3784
472,1.92567,87,168,"2026-08-29_WXPZY",4.17292605575029,354,NA,NA,NA,NA,NA,NA,NA,NA,NA,NA,NA,NA,NA,194,44.507642418,-80.036505163,0.997531,9.58,236,21,14.3784
473,1.92961,87,168,"2026-08-29_WXPZY",4.22261633307998,357,NA,NA,NA,NA,NA,NA,NA,NA,NA,NA,NA,NA,NA,194.2,44.507614255,-80.036530895,1.50515,9.58,236,21,14.2092
474,1.93358,87,169,"2026-08-29_WXPZY",4.20238695579089,356,NA,NA,NA,NA,NA,NA,NA,NA,NA,NA,NA,NA,NA,194.2,44.507585338,-80.036567608,1.50515,9.57,236,21,14.2776
475,1.93753,87,169,"2026-08-29_WXPZY",4.22261633307998,353,NA,NA,NA,NA,NA,NA,NA,NA,NA,NA,NA,NA,NA,194.2,44.507561701,-80.036589568,1.50515,9.54,237,21,14.2092
476,1.94146,87,169,"2026-08-29_WXPZY",4.2322668020992,353,NA,NA,NA,NA,NA,NA,NA,NA,NA,NA,NA,NA,NA,194.2,44.507531442,-80.036630221,1.00887,9.53,237,21,14.1768
477,1.94541,87,169,"2026-08-29_WXPZY",4.22261633307998,353,NA,NA,NA,NA,NA,NA,NA,NA,NA,NA,NA,NA,NA,194.2,44.507504704,-80.03665721,1.00887,9.54,237,21,14.2092
478,1.94937,87,168,"2026-08-29_WXPZY",4.21300977418268,351,NA,NA,NA,NA,NA,NA,NA,NA,NA,NA,NA,NA,NA,194.2,44.507476373,-80.036700461,1.00887,9.54,237,21,14.2416
479,1.95333,87,169,"2026-08-29_WXPZY",4.20238695579089,354,NA,NA,NA,NA,NA,NA,NA,NA,NA,NA,NA,NA,NA,194.4,44.507451227,-80.036731642,1.51392,9.54,237,21,14.2776
480,1.95732,87,169,"2026-08-29_WXPZY",4.18340026773762,355,NA,NA,NA,NA,NA,NA,NA,NA,NA,NA,NA,NA,NA,194.4,44.507423148,-80.036770199,1.51392,9.57,236,21,14.3424
481,1.96133,87,168,"2026-08-29_WXPZY",4.15420405450316,356,NA,NA,NA,NA,NA,NA,NA,NA,NA,NA,NA,NA,NA,194.4,44.507397248,-80.03680666,1.01266,9.61,235,21,14.4432
482,1.96543,87,168,"2026-08-29_WXPZY",4.06901041666667,359,NA,NA,NA,NA,NA,NA,NA,NA,NA,NA,NA,NA,NA,194.4,44.507369923,-80.036841193,1.01266,9.69,233,21,14.7456
483,1.96957,88,169,"2026-08-29_WXPZY",4.02284978678896,362,NA,NA,NA,NA,NA,NA,NA,NA,NA,NA,NA,NA,NA,194.4,44.507336311,-80.036867261,0.505051,9.73,232,21,14.9148
484,1.97372,88,169,"2026-08-29_WXPZY",4.01412973667309,367,NA,NA,NA,NA,NA,NA,NA,NA,NA,NA,NA,NA,NA,194.2,44.50730622,-80.036870362,0.0231228,9.57,229,21,14.9472
485,1.97788,88,169,"2026-08-29_WXPZY",4.00544740847553,370,NA,NA,NA,NA,NA,NA,NA,NA,NA,NA,NA,NA,NA,194.2,44.507269675,-80.036867009,0.0231228,9.57,229,21,14.9796
486,1.98195,87,168,"2026-08-29_WXPZY",4.09701737135365,370,NA,NA,NA,NA,NA,NA,NA,NA,NA,NA,NA,NA,NA,194,44.507244697,-80.036851754,-0.468278,9.49,231,21,14.6448
487,1.98593,87,167,"2026-08-29_WXPZY",4.19287211740042,368,NA,NA,NA,NA,NA,NA,NA,NA,NA,NA,NA,NA,NA,194,44.507205721,-80.036841109,-0.468278,9.57,236,21,14.31
488,1.98986,87,168,"2026-08-29_WXPZY",4.2322668020992,362,NA,NA,NA,NA,NA,NA,NA,NA,NA,NA,NA,NA,NA,194,44.507177474,-80.036836751,-0.468278,9.53,237,21,14.1768
489,1.99373,87,169,"2026-08-29_WXPZY",4.30440771349862,347,NA,NA,NA,NA,NA,NA,NA,NA,NA,NA,NA,NA,NA,194,44.507140761,-80.036845636,-0.973328,9.45,239,21,13.9392
490,1.99764,86,168,"2026-08-29_WXPZY",4.26257459505541,341,NA,NA,NA,NA,NA,NA,NA,NA,NA,NA,NA,NA,NA,194,44.507106982,-80.036875643,-0.973328,9.5,238,21,14.076
491,2.00166,87,166,"2026-08-29_WXPZY",4.15420405450316,331,NA,NA,NA,NA,NA,NA,NA,NA,NA,NA,NA,NA,NA,194,44.507079154,-80.0369085,-0.973328,9.81,237,21,14.4432
492,2.00575,87,166,"2026-08-29_WXPZY",4.06901041666667,330,NA,NA,NA,NA,NA,NA,NA,NA,NA,NA,NA,NA,NA,193.8,44.507047722,-80.036948398,-1.46233,9.69,233,21,14.7456
493,2.0099,87,166,"2026-08-29_WXPZY",4.02284978678896,334,NA,NA,NA,NA,NA,NA,NA,NA,NA,NA,NA,NA,NA,193.6,44.507017296,-80.036977148,-1.94425,9.73,232,21,14.9148
494,2.01404,87,166,"2026-08-29_WXPZY",4.02284978678896,337,NA,NA,NA,NA,NA,NA,NA,NA,NA,NA,NA,NA,NA,193.6,44.506983517,-80.037019225,-1.46233,9.73,232,21,14.9148
495,2.01829,88,167,"2026-08-29_WXPZY",3.91696043869957,340,NA,NA,NA,NA,NA,NA,NA,NA,NA,NA,NA,NA,NA,193.4,44.50695133,-80.037048142,-1.93291,9.64,227,21,15.318
496,2.02254,88,168,"2026-08-29_WXPZY",3.92618767177071,348,NA,NA,NA,NA,NA,NA,NA,NA,NA,NA,NA,NA,NA,193.2,44.506921072,-80.037089549,-1.9121,9.64,227,21,15.282
497,2.02675,88,169,"2026-08-29_WXPZY",3.96070975918885,348,NA,NA,NA,NA,NA,NA,NA,NA,NA,NA,NA,NA,NA,193.2,44.506893579,-80.037117796,-1.9121,9.61,228,21,15.1488
498,2.03093,88,169,"2026-08-29_WXPZY",3.98724082934609,350,NA,NA,NA,NA,NA,NA,NA,NA,NA,NA,NA,NA,NA,193.2,44.50686374,-80.037161298,-1.9121,9.61,228,21,15.048
499,2.0351,88,169,"2026-08-29_WXPZY",3.99584432190522,348,NA,NA,NA,NA,NA,NA,NA,NA,NA,NA,NA,NA,NA,193.2,44.506835493,-80.037191976,-1.9121,9.57,229,21,15.0156
500,2.03922,88,170,"2026-08-29_WXPZY",4.04138376980278,349,NA,NA,NA,NA,NA,NA,NA,NA,NA,NA,NA,NA,NA,193,44.50680448,-80.037229108,-2.39754,9.53,230,21,14.8464
501,2.04333,88,170,"2026-08-29_WXPZY",4.05910050332846,346,NA,NA,NA,NA,NA,NA,NA,NA,NA,NA,NA,NA,NA,193,44.506774388,-80.037259031,-2.39754,9.53,230,21,14.7816
502,2.04743,87,170,"2026-08-29_WXPZY",4.05910050332846,342,NA,NA,NA,NA,NA,NA,NA,NA,NA,NA,NA,NA,NA,193,44.506746225,-80.037296414,-1.90854,9.69,233,21,14.7816
503,2.05156,87,170,"2026-08-29_WXPZY",4.04138376980278,340,NA,NA,NA,NA,NA,NA,NA,NA,NA,NA,NA,NA,NA,193,44.506716889,-80.037332037,-1.42661,9.73,232,21,14.8464
504,2.05568,87,170,"2026-08-29_WXPZY",4.04138376980278,341,NA,NA,NA,NA,NA,NA,NA,NA,NA,NA,NA,NA,NA,192.8,44.506687552,-80.037357099,-1.91205,9.73,232,21,14.8464
505,2.05981,87,170,"2026-08-29_WXPZY",4.03258327284458,341,NA,NA,NA,NA,NA,NA,NA,NA,NA,NA,NA,NA,NA,192.8,44.506656371,-80.037394064,-1.44146,9.73,232,21,14.8788
506,2.06396,87,170,"2026-08-29_WXPZY",4.02284978678896,342,NA,NA,NA,NA,NA,NA,NA,NA,NA,NA,NA,NA,NA,192.8,44.506625023,-80.037420047,-0.970874,9.73,232,21,14.9148
507,2.06809,87,170,"2026-08-29_WXPZY",4.03258327284458,345,NA,NA,NA,NA,NA,NA,NA,NA,NA,NA,NA,NA,NA,192.8,44.506596525,-80.037461789,-0.970874,9.73,232,21,14.8788
508,2.07221,87,170,"2026-08-29_WXPZY",4.05022276225192,347,NA,NA,NA,NA,NA,NA,NA,NA,NA,NA,NA,NA,NA,192.6,44.506571882,-80.037485678,-1.45631,9.73,232,21,14.814
509,2.07634,87,169,"2026-08-29_WXPZY",4.03258327284458,349,NA,NA,NA,NA,NA,NA,NA,NA,NA,NA,NA,NA,NA,192.6,44.506542964,-80.037513506,-1.45631,9.73,232,21,14.8788
510,2.08043,87,169,"2026-08-29_WXPZY",4.07797080172906,348,NA,NA,NA,NA,NA,NA,NA,NA,NA,NA,NA,NA,NA,192.6,44.506517399,-80.03754192,-0.970874,9.69,233,20,14.7132
511,2.08446,87,168,"2026-08-29_WXPZY",4.13462333581411,348,NA,NA,NA,NA,NA,NA,NA,NA,NA,NA,NA,NA,NA,192.4,44.506491248,-80.037575448,-1.46715,9.61,235,21,14.5116
512,2.08847,87,169,"2026-08-29_WXPZY",4.15420405450316,344,NA,NA,NA,NA,NA,NA,NA,NA,NA,NA,NA,NA,NA,192.4,44.50646233,-80.037608137,-1.46715,9.61,235,21,14.4432
513,2.09247,87,168,"2026-08-29_WXPZY",4.16354400866017,341,NA,NA,NA,NA,NA,NA,NA,NA,NA,NA,NA,NA,NA,192.4,44.506435341,-80.037637809,-1.46715,9.61,235,20,14.4108
514,2.09646,87,169,"2026-08-29_WXPZY",4.18340026773762,338,NA,NA,NA,NA,NA,NA,NA,NA,NA,NA,NA,NA,NA,192.4,44.506407848,-80.037680892,-0.981715,9.61,235,21,14.3424
515,2.10046,87,168,"2026-08-29_WXPZY",4.16354400866017,337,NA,NA,NA,NA,NA,NA,NA,NA,NA,NA,NA,NA,NA,192.2,44.506383959,-80.037708133,-1.48171,9.61,235,21,14.4108
516,2.10447,87,168,"2026-08-29_WXPZY",4.15420405450316,335,NA,NA,NA,NA,NA,NA,NA,NA,NA,NA,NA,NA,NA,192.2,44.506354874,-80.037746606,-1.48171,9.61,235,21,14.4432
517,2.10848,88,169,"2026-08-29_WXPZY",4.15420405450316,335,NA,NA,NA,NA,NA,NA,NA,NA,NA,NA,NA,NA,NA,192.2,44.506327717,-80.037771752,-1.48171,9.42,233,20,14.4432
518,2.11251,88,169,"2026-08-29_WXPZY",4.13462333581411,338,NA,NA,NA,NA,NA,NA,NA,NA,NA,NA,NA,NA,NA,192.2,44.506295949,-80.037811901,-0.996278,9.46,232,21,14.5116
519,2.11658,88,169,"2026-08-29_WXPZY",4.09701737135365,338,NA,NA,NA,NA,NA,NA,NA,NA,NA,NA,NA,NA,NA,192.2,44.506267283,-80.03784149,-0.996278,9.49,231,21,14.6448
520,2.12067,88,169,"2026-08-29_WXPZY",4.07797080172906,339,NA,NA,NA,NA,NA,NA,NA,NA,NA,NA,NA,NA,NA,192.2,44.506236019,-80.037882561,-0.996278,9.5,231,21,14.7132
521,2.12481,88,169,"2026-08-29_WXPZY",4.02284978678896,342,NA,NA,NA,NA,NA,NA,NA,NA,NA,NA,NA,NA,NA,192.2,44.506210035,-80.037907204,-0.5,9.57,229,21,14.9148
522,2.12897,87,170,"2026-08-29_WXPZY",4.00544740847553,345,NA,NA,NA,NA,NA,NA,NA,NA,NA,NA,NA,NA,NA,192.4,44.506181285,-80.037945174,-0.0192308,9.77,231,21,14.9796
523,2.13314,87,170,"2026-08-29_WXPZY",4.00544740847553,348,NA,NA,NA,NA,NA,NA,NA,NA,NA,NA,NA,NA,NA,192.4,44.506156139,-80.037978282,-0.0192308,9.77,231,20,14.9796
524,2.13726,87,170,"2026-08-29_WXPZY",4.04138376980278,349,NA,NA,NA,NA,NA,NA,NA,NA,NA,NA,NA,NA,NA,192.4,44.50613158,-80.03800544,-0.0192308,9.73,232,20,14.8464
525,2.14136,87,169,"2026-08-29_WXPZY",4.05910050332846,350,NA,NA,NA,NA,NA,NA,NA,NA,NA,NA,NA,NA,NA,192.6,44.50610216,-80.038050367,0.968574,9.73,232,20,14.7816
526,2.14541,87,170,"2026-08-29_WXPZY",4.11522633744856,348,NA,NA,NA,NA,NA,NA,NA,NA,NA,NA,NA,NA,NA,192.6,44.506077769,-80.038071489,0.968574,9.65,234,21,14.58
527,2.14941,86,169,"2026-08-29_WXPZY",4.17292605575029,348,NA,NA,NA,NA,NA,NA,NA,NA,NA,NA,NA,NA,NA,192.6,44.506045582,-80.038108537,0.968574,9.85,236,20,14.3784
528,2.15338,85,170,"2026-08-29_WXPZY",4.19287211740042,349,NA,NA,NA,NA,NA,NA,NA,NA,NA,NA,NA,NA,NA,192.6,44.506020939,-80.038134772,0.968574,9.95,241,20,14.31
529,2.15734,85,169,"2026-08-29_WXPZY",4.21300977418268,356,NA,NA,NA,NA,NA,NA,NA,NA,NA,NA,NA,NA,NA,192.6,44.505994117,-80.038166204,0.968574,9.91,242,20,14.2416
530,2.16131,85,170,"2026-08-29_WXPZY",4.19287211740042,358,NA,NA,NA,NA,NA,NA,NA,NA,NA,NA,NA,NA,NA,192.6,44.505965032,-80.038199145,0.968574,9.95,241,21,14.31
531,2.16534,85,169,"2026-08-29_WXPZY",4.1438753522294,359,NA,NA,NA,NA,NA,NA,NA,NA,NA,NA,NA,NA,NA,192.6,44.505933348,-80.038228063,0.968574,9.99,240,21,14.4792
532,2.16945,86,169,"2026-08-29_WXPZY",4.05022276225192,359,NA,NA,NA,NA,NA,NA,NA,NA,NA,NA,NA,NA,NA,192.4,44.505902084,-80.038265195,0,9.99,240,20,14.814
533,2.17362,86,169,"2026-08-29_WXPZY",3.99584432190522,358,NA,NA,NA,NA,NA,NA,NA,NA,NA,NA,NA,NA,NA,192.2,44.505878531,-80.038293106,-0.478429,9.97,233,21,15.0156
534,2.17785,86,169,"2026-08-29_WXPZY",3.94290671082722,361,NA,NA,NA,NA,NA,NA,NA,NA,NA,NA,NA,NA,NA,192.2,44.505846847,-80.038334681,-0.478429,10.01,232,20,15.2172
535,2.18207,87,169,"2026-08-29_WXPZY",3.94290671082722,363,NA,NA,NA,NA,NA,NA,NA,NA,NA,NA,NA,NA,NA,192,44.505818935,-80.038361838,-1.44017,9.84,229,20,15.2172
536,2.18629,87,169,"2026-08-29_WXPZY",3.95225673859774,359,NA,NA,NA,NA,NA,NA,NA,NA,NA,NA,NA,NA,NA,192,44.505789515,-80.038404921,-1.44017,9.84,229,20,15.1812
537,2.19048,87,167,"2026-08-29_WXPZY",3.97867430572133,357,NA,NA,NA,NA,NA,NA,NA,NA,NA,NA,NA,NA,NA,192,44.505764704,-80.038431324,-1.44017,9.8,230,20,15.0804
538,2.19463,87,166,"2026-08-29_WXPZY",4.01412973667309,353,NA,NA,NA,NA,NA,NA,NA,NA,NA,NA,NA,NA,NA,192,44.505735284,-80.038466193,-1.44017,9.77,231,20,14.9472
539,2.19874,87,166,"2026-08-29_WXPZY",4.05910050332846,351,NA,NA,NA,NA,NA,NA,NA,NA,NA,NA,NA,NA,NA,192,44.505707288,-80.038494691,-1.44017,9.69,233,20,14.7816
540,2.20284,88,166,"2026-08-29_WXPZY",4.05910050332846,349,NA,NA,NA,NA,NA,NA,NA,NA,NA,NA,NA,NA,NA,192.2,44.505679628,-80.03852562,-0.952363,9.53,230,20,14.7816
541,2.20694,87,166,"2026-08-29_WXPZY",4.06901041666667,345,NA,NA,NA,NA,NA,NA,NA,NA,NA,NA,NA,NA,NA,192.2,44.505649621,-80.038559567,-0.952363,9.69,233,20,14.7456
542,2.21102,88,167,"2026-08-29_WXPZY",4.08697073728952,346,NA,NA,NA,NA,NA,NA,NA,NA,NA,NA,NA,NA,NA,192.2,44.505621122,-80.038586222,-0.465745,9.49,231,20,14.6808
543,2.2151,88,167,"2026-08-29_WXPZY",4.08697073728952,346,NA,NA,NA,NA,NA,NA,NA,NA,NA,NA,NA,NA,NA,192.4,44.505591786,-80.038623773,0.504067,9.49,231,20,14.6808
544,2.21917,88,168,"2026-08-29_WXPZY",4.08697073728952,346,NA,NA,NA,NA,NA,NA,NA,NA,NA,NA,NA,NA,NA,192.4,44.505566724,-80.038653193,0.504067,9.49,231,20,14.6808
545,2.22325,88,168,"2026-08-29_WXPZY",4.08697073728952,351,NA,NA,NA,NA,NA,NA,NA,NA,NA,NA,NA,NA,NA,192.4,44.505535292,-80.038695773,0.978001,9.49,231,20,14.6808
546,2.22733,88,168,"2026-08-29_WXPZY",4.08697073728952,349,NA,NA,NA,NA,NA,NA,NA,NA,NA,NA,NA,NA,NA,192.4,44.505508553,-80.038722092,0.978001,9.49,231,20,14.6808
547,2.23141,88,169,"2026-08-29_WXPZY",4.08697073728952,349,NA,NA,NA,NA,NA,NA,NA,NA,NA,NA,NA,NA,NA,192.4,44.505478379,-80.038762158,0.978001,9.49,231,20,14.6808
548,2.2355,88,168,"2026-08-29_WXPZY",4.06901041666667,352,NA,NA,NA,NA,NA,NA,NA,NA,NA,NA,NA,NA,NA,192.4,44.505452311,-80.038792165,0.978001,9.5,231,20,14.7456
549,2.2396,88,168,"2026-08-29_WXPZY",4.06901041666667,351,NA,NA,NA,NA,NA,NA,NA,NA,NA,NA,NA,NA,NA,192.4,44.505423393,-80.038831644,0.978001,9.5,231,20,14.7456
550,2.24368,87,168,"2026-08-29_WXPZY",4.08697073728952,351,NA,NA,NA,NA,NA,NA,NA,NA,NA,NA,NA,NA,NA,192.4,44.505398331,-80.038860813,0.490196,9.49,231,20,14.6808
551,2.24771,87,168,"2026-08-29_WXPZY",4.13462333581411,350,NA,NA,NA,NA,NA,NA,NA,NA,NA,NA,NA,NA,NA,192.2,44.505370084,-80.038897274,0,9.61,235,20,14.5116
552,2.25171,87,169,"2026-08-29_WXPZY",4.16354400866017,347,NA,NA,NA,NA,NA,NA,NA,NA,NA,NA,NA,NA,NA,192.2,44.505343346,-80.038927365,0,9.61,235,20,14.4108
553,2.25568,87,169,"2026-08-29_WXPZY",4.19287211740042,344,NA,NA,NA,NA,NA,NA,NA,NA,NA,NA,NA,NA,NA,192.2,44.505318284,-80.038954271,-0.496278,9.57,236,20,14.31
554,2.25967,87,169,"2026-08-29_WXPZY",4.18340026773762,342,NA,NA,NA,NA,NA,NA,NA,NA,NA,NA,NA,NA,NA,192,44.505287774,-80.038987882,-0.997531,9.57,236,20,14.3424
555,2.26363,87,169,"2026-08-29_WXPZY",4.20238695579089,340,NA,NA,NA,NA,NA,NA,NA,NA,NA,NA,NA,NA,NA,192,44.505259779,-80.039016213,-0.997531,9.57,236,20,14.2776
556,2.2676,87,170,"2026-08-29_WXPZY",4.20238695579089,342,NA,NA,NA,NA,NA,NA,NA,NA,NA,NA,NA,NA,NA,192,44.505230358,-80.039062398,-0.997531,9.57,236,20,14.2776
557,2.27162,87,170,"2026-08-29_WXPZY",4.1438753522294,341,NA,NA,NA,NA,NA,NA,NA,NA,NA,NA,NA,NA,NA,192,44.505205967,-80.039088717,-0.997531,9.61,235,20,14.4792
558,2.27568,87,169,"2026-08-29_WXPZY",4.10610166707728,342,NA,NA,NA,NA,NA,NA,NA,NA,NA,NA,NA,NA,NA,192,44.505174283,-80.039127609,-0.997531,9.65,234,20,14.6124
559,2.27974,87,170,"2026-08-29_WXPZY",4.10610166707728,347,NA,NA,NA,NA,NA,NA,NA,NA,NA,NA,NA,NA,NA,192,44.50514436,-80.039150491,-0.997531,9.65,234,20,14.6124
560,2.28383,88,170,"2026-08-29_WXPZY",4.07797080172906,350,NA,NA,NA,NA,NA,NA,NA,NA,NA,NA,NA,NA,NA,192,44.50510991,-80.039190641,-0.997531,9.69,233,20,14.7132
561,2.2879,88,170,"2026-08-29_WXPZY",4.08697073728952,351,NA,NA,NA,NA,NA,NA,NA,NA,NA,NA,NA,NA,NA,192,44.505084513,-80.039217295,-0.501253,9.49,231,20,14.6808
562,2.29195,88,169,"2026-08-29_WXPZY",4.11522633744856,352,NA,NA,NA,NA,NA,NA,NA,NA,NA,NA,NA,NA,NA,192,44.50505459,-80.039257444,-0.501253,9.46,232,20,14.58
563,2.29596,88,170,"2026-08-29_WXPZY",4.15420405450316,351,NA,NA,NA,NA,NA,NA,NA,NA,NA,NA,NA,NA,NA,192,44.505028354,-80.039288709,-0.501253,9.42,233,20,14.4432
564,2.29997,88,169,"2026-08-29_WXPZY",4.16354400866017,349,NA,NA,NA,NA,NA,NA,NA,NA,NA,NA,NA,NA,NA,192,44.50499994,-80.039326595,0,9.42,233,20,14.4108
565,2.30397,87,169,"2026-08-29_WXPZY",4.16354400866017,345,NA,NA,NA,NA,NA,NA,NA,NA,NA,NA,NA,NA,NA,192,44.504974375,-80.039355261,0,9.61,235,20,14.4108
566,2.308,88,169,"2026-08-29_WXPZY",4.13462333581411,343,NA,NA,NA,NA,NA,NA,NA,NA,NA,NA,NA,NA,NA,192,44.504948726,-80.039386777,0,9.42,233,20,14.5116
567,2.31204,88,169,"2026-08-29_WXPZY",4.12541254125412,342,NA,NA,NA,NA,NA,NA,NA,NA,NA,NA,NA,NA,NA,192,44.504920982,-80.039421227,0,9.46,232,20,14.544
568,2.31611,87,169,"2026-08-29_WXPZY",4.09701737135365,346,NA,NA,NA,NA,NA,NA,NA,NA,NA,NA,NA,NA,NA,192,44.504896591,-80.039449977,0,9.65,234,20,14.6448
569,2.32017,88,168,"2026-08-29_WXPZY",4.10610166707728,348,NA,NA,NA,NA,NA,NA,NA,NA,NA,NA,NA,NA,NA,192,44.504867673,-80.039486438,0,9.46,232,20,14.6124
570,2.32423,88,168,"2026-08-29_WXPZY",4.10610166707728,351,NA,NA,NA,NA,NA,NA,NA,NA,NA,NA,NA,NA,NA,192,44.504841019,-80.039511165,0,9.46,232,20,14.6124
571,2.32827,88,168,"2026-08-29_WXPZY",4.12541254125412,351,NA,NA,NA,NA,NA,NA,NA,NA,NA,NA,NA,NA,NA,192,44.504811179,-80.039551063,0,9.46,232,20,14.544
572,2.3323,88,168,"2026-08-29_WXPZY",4.13462333581411,351,NA,NA,NA,NA,NA,NA,NA,NA,NA,NA,NA,NA,NA,192,44.504784022,-80.039575789,0,9.46,232,20,14.5116
573,2.33632,88,168,"2026-08-29_WXPZY",4.1438753522294,350,NA,NA,NA,NA,NA,NA,NA,NA,NA,NA,NA,NA,NA,192,44.504753344,-80.039615771,0,9.42,233,20,14.4792
574,2.34033,88,168,"2026-08-29_WXPZY",4.15420405450316,349,NA,NA,NA,NA,NA,NA,NA,NA,NA,NA,NA,NA,NA,192,44.504728701,-80.039642593,0,9.42,233,20,14.4432
575,2.34431,88,168,"2026-08-29_WXPZY",4.19287211740042,349,NA,NA,NA,NA,NA,NA,NA,NA,NA,NA,NA,NA,NA,192,44.504700873,-80.039688526,0,9.38,234,20,14.31
576,2.3483,88,168,"2026-08-29_WXPZY",4.17292605575029,348,NA,NA,NA,NA,NA,NA,NA,NA,NA,NA,NA,NA,NA,192,44.504675392,-80.039714426,0,9.38,234,20,14.3784
577,2.35229,88,168,"2026-08-29_WXPZY",4.17292605575029,343,NA,NA,NA,NA,NA,NA,NA,NA,NA,NA,NA,NA,NA,192.2,44.504647732,-80.039749797,0.501253,9.42,233,20,14.3784
578,2.35629,88,168,"2026-08-29_WXPZY",4.17292605575029,345,NA,NA,NA,NA,NA,NA,NA,NA,NA,NA,NA,NA,NA,192.2,44.504619653,-80.03978123,0.501253,9.42,233,20,14.3784
579,2.3603,87,167,"2026-08-29_WXPZY",4.15420405450316,344,NA,NA,NA,NA,NA,NA,NA,NA,NA,NA,NA,NA,NA,192,44.504592328,-80.039809477,0,9.61,235,20,14.4432
580,2.36434,87,168,"2026-08-29_WXPZY",4.12541254125412,342,NA,NA,NA,NA,NA,NA,NA,NA,NA,NA,NA,NA,NA,192,44.504562823,-80.039841663,0,9.65,234,20,14.544
581,2.36833,87,168,"2026-08-29_WXPZY",4.17292605575029,344,NA,NA,NA,NA,NA,NA,NA,NA,NA,NA,NA,NA,NA,191.8,44.504535666,-80.039863875,-0.498753,9.58,236,20,14.3784
582,2.37228,87,168,"2026-08-29_WXPZY",4.22261633307998,347,NA,NA,NA,NA,NA,NA,NA,NA,NA,NA,NA,NA,NA,191.8,44.504507,-80.039904863,-0.498753,9.54,237,20,14.2092
583,2.37624,86,167,"2026-08-29_WXPZY",4.21300977418268,344,NA,NA,NA,NA,NA,NA,NA,NA,NA,NA,NA,NA,NA,191.6,44.504480345,-80.039927997,-1.0038,9.74,239,20,14.2416
584,2.3802,87,167,"2026-08-29_WXPZY",4.20238695579089,344,NA,NA,NA,NA,NA,NA,NA,NA,NA,NA,NA,NA,NA,191.6,44.504452266,-80.039970074,-1.0038,9.57,236,20,14.2776
585,2.38418,87,167,"2026-08-29_WXPZY",4.19287211740042,344,NA,NA,NA,NA,NA,NA,NA,NA,NA,NA,NA,NA,NA,191.8,44.504428964,-80.039997986,-0.501291,9.57,236,20,14.31
586,2.38819,87,167,"2026-08-29_WXPZY",4.15420405450316,345,NA,NA,NA,NA,NA,NA,NA,NA,NA,NA,NA,NA,NA,191.6,44.504401807,-80.040038889,-1.00004,9.61,235,20,14.4432
587,2.39219,87,167,"2026-08-29_WXPZY",4.16354400866017,347,NA,NA,NA,NA,NA,NA,NA,NA,NA,NA,NA,NA,NA,191.6,44.504375069,-80.040073171,-1.5013,9.61,235,20,14.4108
588,2.3962,87,167,"2026-08-29_WXPZY",4.16354400866017,349,NA,NA,NA,NA,NA,NA,NA,NA,NA,NA,NA,NA,NA,191.6,44.504345145,-80.040106447,-1.5013,9.61,235,20,14.4108
589,2.40018,88,168,"2026-08-29_WXPZY",4.18340026773762,347,NA,NA,NA,NA,NA,NA,NA,NA,NA,NA,NA,NA,NA,191.6,44.504316982,-80.040137963,-1.00254,9.38,234,20,14.3424
590,2.40415,88,168,"2026-08-29_WXPZY",4.19287211740042,347,NA,NA,NA,NA,NA,NA,NA,NA,NA,NA,NA,NA,NA,191.6,44.504290076,-80.040163863,-1.00254,9.38,234,20,14.31
591,2.4081,88,169,"2026-08-29_WXPZY",4.22261633307998,345,NA,NA,NA,NA,NA,NA,NA,NA,NA,NA,NA,NA,NA,191.6,44.50426074,-80.040201331,-0.501291,9.34,235,20,14.2092
592,2.41209,88,169,"2026-08-29_WXPZY",4.17292605575029,343,NA,NA,NA,NA,NA,NA,NA,NA,NA,NA,NA,NA,NA,191.4,44.504234672,-80.040222537,-1.00254,9.42,233,20,14.3784
593,2.41611,88,170,"2026-08-29_WXPZY",4.15420405450316,342,NA,NA,NA,NA,NA,NA,NA,NA,NA,NA,NA,NA,NA,191.4,44.504208185,-80.040266626,-0.497494,9.42,233,20,14.4432
594,2.42013,88,171,"2026-08-29_WXPZY",4.1438753522294,345,NA,NA,NA,NA,NA,NA,NA,NA,NA,NA,NA,NA,NA,191.4,44.504186476,-80.04029613,-0.497494,9.42,233,20,14.4792
595,2.42414,88,170,"2026-08-29_WXPZY",4.15420405450316,345,NA,NA,NA,NA,NA,NA,NA,NA,NA,NA,NA,NA,NA,191.4,44.504162336,-80.040341811,-1.00001,9.42,233,20,14.4432
596,2.42814,88,171,"2026-08-29_WXPZY",4.16354400866017,347,NA,NA,NA,NA,NA,NA,NA,NA,NA,NA,NA,NA,NA,191.4,44.504136604,-80.040370226,-0.501253,9.42,233,20,14.4108
597,2.43214,87,170,"2026-08-29_WXPZY",4.17292605575029,347,NA,NA,NA,NA,NA,NA,NA,NA,NA,NA,NA,NA,NA,191.4,44.504102573,-80.040403837,-0.501253,9.42,233,20,14.3784
598,2.43612,87,170,"2026-08-29_WXPZY",4.18340026773762,346,NA,NA,NA,NA,NA,NA,NA,NA,NA,NA,NA,NA,NA,191.4,44.504072985,-80.040414901,-0.501253,9.57,236,20,14.3424
599,2.44006,87,170,"2026-08-29_WXPZY",4.2322668020992,347,NA,NA,NA,NA,NA,NA,NA,NA,NA,NA,NA,NA,NA,191.4,44.504045492,-80.04040719,-0.501253,9.53,237,20,14.1768
600,2.44396,86,170,"2026-08-29_WXPZY",4.27350427350427,347,NA,NA,NA,NA,NA,NA,NA,NA,NA,NA,NA,NA,NA,191.6,44.504016323,-80.040383302,0.0115674,9.69,240,20,14.04
601,2.44779,86,170,"2026-08-29_WXPZY",4.34593654932638,342,NA,NA,NA,NA,NA,NA,NA,NA,NA,NA,NA,NA,NA,191.6,44.504000398,-80.040354552,0.0115674,9.61,242,20,13.806
602,2.45158,86,170,"2026-08-29_WXPZY",4.39985920450546,344,NA,NA,NA,NA,NA,NA,NA,NA,NA,NA,NA,NA,NA,191.8,44.503972318,-80.040314738,1.04052,9.57,243,20,13.6368
603,2.45537,85,170,"2026-08-29_WXPZY",4.39985920450546,341,NA,NA,NA,NA,NA,NA,NA,NA,NA,NA,NA,NA,NA,191.8,44.50395589,-80.040280623,1.04052,9.73,246,20,13.6368
604,2.45916,85,171,"2026-08-29_WXPZY",4.39985920450546,338,NA,NA,NA,NA,NA,NA,NA,NA,NA,NA,NA,NA,NA,191.8,44.503931498,-80.040237205,1.04052,9.73,246,20,13.6368
605,2.46307,86,170,"2026-08-29_WXPZY",4.26257459505541,337,NA,NA,NA,NA,NA,NA,NA,NA,NA,NA,NA,NA,NA,192,44.503915237,-80.0401989,1.55203,9.61,242,20,14.076
606,2.46708,87,170,"2026-08-29_WXPZY",4.15420405450316,340,NA,NA,NA,NA,NA,NA,NA,NA,NA,NA,NA,NA,NA,191.8,44.503895791,-80.040158667,1.05328,9.61,235,20,14.4432
607,2.47114,87,170,"2026-08-29_WXPZY",4.10610166707728,348,NA,NA,NA,NA,NA,NA,NA,NA,NA,NA,NA,NA,NA,191.8,44.503872322,-80.040119439,1.05328,9.65,234,20,14.6124
608,2.47518,87,170,"2026-08-29_WXPZY",4.12541254125412,357,NA,NA,NA,NA,NA,NA,NA,NA,NA,NA,NA,NA,NA,191.8,44.503853882,-80.040079793,1.05328,9.65,234,20,14.544
609,2.47921,87,170,"2026-08-29_WXPZY",4.13462333581411,359,NA,NA,NA,NA,NA,NA,NA,NA,NA,NA,NA,NA,NA,191.8,44.503821695,-80.040045511,1.05328,9.61,235,20,14.5116
610,2.48319,87,170,"2026-08-29_WXPZY",4.19287211740042,354,NA,NA,NA,NA,NA,NA,NA,NA,NA,NA,NA,NA,NA,191.6,44.503800322,-80.040008547,0.0379478,9.61,235,20,14.31
611,2.48714,86,170,"2026-08-29_WXPZY",4.21300977418268,346,NA,NA,NA,NA,NA,NA,NA,NA,NA,NA,NA,NA,NA,191.8,44.503785653,-80.03995901,0.544277,9.74,239,20,14.2416
612,2.49109,86,169,"2026-08-29_WXPZY",4.22261633307998,340,NA,NA,NA,NA,NA,NA,NA,NA,NA,NA,NA,NA,NA,192,44.503788671,-80.039919615,0.522901,9.73,239,20,14.2092
613,2.49502,85,170,"2026-08-29_WXPZY",4.24304141208418,339,NA,NA,NA,NA,NA,NA,NA,NA,NA,NA,NA,NA,NA,192,44.503803926,-80.039883573,0.522901,9.7,240,20,14.1408
614,2.49894,85,171,"2026-08-29_WXPZY",4.25278557455133,346,NA,NA,NA,NA,NA,NA,NA,NA,NA,NA,NA,NA,NA,192,44.503824126,-80.039835041,0.522901,9.86,243,20,14.1084
615,2.50291,85,171,"2026-08-29_WXPZY",4.19287211740042,346,NA,NA,NA,NA,NA,NA,NA,NA,NA,NA,NA,NA,NA,192.2,44.503848266,-80.039811991,0.515171,9.95,241,20,14.31
616,2.50692,85,171,"2026-08-29_WXPZY",4.15420405450316,347,NA,NA,NA,NA,NA,NA,NA,NA,NA,NA,NA,NA,NA,192.2,44.503883889,-80.039777709,1.01392,9.99,240,20,14.4432
617,2.51093,86,172,"2026-08-29_WXPZY",4.15420405450316,352,NA,NA,NA,NA,NA,NA,NA,NA,NA,NA,NA,NA,NA,192,44.503915154,-80.039755413,0.515171,9.81,237,20,14.4432
618,2.51498,86,173,"2026-08-29_WXPZY",4.11522633744856,354,NA,NA,NA,NA,NA,NA,NA,NA,NA,NA,NA,NA,NA,192,44.503943652,-80.03972155,0.515171,9.85,236,20,14.58
619,2.51902,86,171,"2026-08-29_WXPZY",4.13462333581411,354,NA,NA,NA,NA,NA,NA,NA,NA,NA,NA,NA,NA,NA,192,44.503975084,-80.039694812,0.515171,9.82,237,20,14.5116
620,2.52301,86,170,"2026-08-29_WXPZY",4.17292605575029,357,NA,NA,NA,NA,NA,NA,NA,NA,NA,NA,NA,NA,NA,192,44.504001655,-80.039665811,1.01768,9.82,237,20,14.3784
621,2.52695,86,169,"2026-08-29_WXPZY",4.2322668020992,356,NA,NA,NA,NA,NA,NA,NA,NA,NA,NA,NA,NA,NA,191.8,44.504028728,-80.039632032,0,9.73,239,20,14.1768
622,2.53087,87,168,"2026-08-29_WXPZY",4.25278557455133,352,NA,NA,NA,NA,NA,NA,NA,NA,NA,NA,NA,NA,NA,191.8,44.504052114,-80.039612753,-0.502589,9.5,238,20,14.1084
623,2.53477,87,170,"2026-08-29_WXPZY",4.27350427350427,346,NA,NA,NA,NA,NA,NA,NA,NA,NA,NA,NA,NA,NA,191.6,44.504079942,-80.039571933,-1.01541,9.49,238,20,14.04
624,2.53867,87,170,"2026-08-29_WXPZY",4.27350427350427,344,NA,NA,NA,NA,NA,NA,NA,NA,NA,NA,NA,NA,NA,191.4,44.504106093,-80.039549302,-1.52823,9.49,238,20,14.04
625,2.54258,87,171,"2026-08-29_WXPZY",4.25278557455133,343,NA,NA,NA,NA,NA,NA,NA,NA,NA,NA,NA,NA,NA,191.4,44.504135933,-80.03950689,-2.03201,9.5,238,20,14.1084
626,2.5465,86,170,"2026-08-29_WXPZY",4.25278557455133,344,NA,NA,NA,NA,NA,NA,NA,NA,NA,NA,NA,NA,NA,191.4,44.504161163,-80.039483588,-2.03201,9.5,238,20,14.1084
627,2.55044,86,170,"2026-08-29_WXPZY",4.2322668020992,346,NA,NA,NA,NA,NA,NA,NA,NA,NA,NA,NA,NA,NA,191.2,44.504188655,-80.039445702,-2.04087,9.73,239,20,14.1768
628,2.55442,86,170,"2026-08-29_WXPZY",4.19287211740042,346,NA,NA,NA,NA,NA,NA,NA,NA,NA,NA,NA,NA,NA,191.2,44.504214052,-80.039417287,-2.04087,9.73,239,20,14.31
629,2.55841,86,170,"2026-08-29_WXPZY",4.17292605575029,346,NA,NA,NA,NA,NA,NA,NA,NA,NA,NA,NA,NA,NA,191.2,44.504239701,-80.039383592,-2.04087,9.77,238,20,14.3784
630,2.56238,87,170,"2026-08-29_WXPZY",4.19287211740042,346,NA,NA,NA,NA,NA,NA,NA,NA,NA,NA,NA,NA,NA,191,44.50426711,-80.039349813,-2.54465,9.58,236,20,14.31
631,2.56634,88,170,"2026-08-29_WXPZY",4.21300977418268,347,NA,NA,NA,NA,NA,NA,NA,NA,NA,NA,NA,NA,NA,191,44.504293094,-80.039323159,-2.03703,9.38,234,20,14.2416
632,2.57032,87,170,"2026-08-29_WXPZY",4.18340026773762,344,NA,NA,NA,NA,NA,NA,NA,NA,NA,NA,NA,NA,NA,191,44.504322095,-80.039284434,-2.03703,9.57,236,20,14.3424
633,2.57431,88,168,"2026-08-29_WXPZY",4.18340026773762,341,NA,NA,NA,NA,NA,NA,NA,NA,NA,NA,NA,NA,NA,191,44.50434942,-80.039254678,-1.52421,9.38,234,20,14.3424
634,2.57827,88,167,"2026-08-29_WXPZY",4.21300977418268,343,NA,NA,NA,NA,NA,NA,NA,NA,NA,NA,NA,NA,NA,191,44.504379846,-80.03921805,-1.01139,9.38,234,20,14.2416
635,2.58224,87,166,"2026-08-29_WXPZY",4.19287211740042,341,NA,NA,NA,NA,NA,NA,NA,NA,NA,NA,NA,NA,NA,191,44.504407171,-80.039192401,-1.01139,9.57,236,20,14.31
636,2.58623,87,166,"2026-08-29_WXPZY",4.17292605575029,340,NA,NA,NA,NA,NA,NA,NA,NA,NA,NA,NA,NA,NA,191,44.504440028,-80.039150156,-1.01139,9.58,236,20,14.3784
637,2.5902,88,167,"2026-08-29_WXPZY",4.20238695579089,340,NA,NA,NA,NA,NA,NA,NA,NA,NA,NA,NA,NA,NA,191,44.504468275,-80.039129285,-0.503778,9.38,234,20,14.2776
638,2.59414,88,167,"2026-08-29_WXPZY",4.2322668020992,341,NA,NA,NA,NA,NA,NA,NA,NA,NA,NA,NA,NA,NA,191,44.504498953,-80.039090142,-0.503778,9.38,234,20,14.1768
639,2.59811,88,167,"2026-08-29_WXPZY",4.19287211740042,340,NA,NA,NA,NA,NA,NA,NA,NA,NA,NA,NA,NA,NA,191,44.504524518,-80.039065918,-0.503778,9.38,234,20,14.31
640,2.60209,88,168,"2026-08-29_WXPZY",4.19287211740042,339,NA,NA,NA,NA,NA,NA,NA,NA,NA,NA,NA,NA,NA,191,44.504551256,-80.039026691,0,9.38,234,20,14.31
641,2.60608,88,168,"2026-08-29_WXPZY",4.17292605575029,341,NA,NA,NA,NA,NA,NA,NA,NA,NA,NA,NA,NA,NA,191,44.504574977,-80.03899551,0,9.38,234,20,14.3784
642,2.61,88,169,"2026-08-29_WXPZY",4.25278557455133,342,NA,NA,NA,NA,NA,NA,NA,NA,NA,NA,NA,NA,NA,191,44.504601883,-80.038960138,0,9.34,235,20,14.1084
643,2.6139,88,169,"2026-08-29_WXPZY",4.27350427350427,344,NA,NA,NA,NA,NA,NA,NA,NA,NA,NA,NA,NA,NA,191,44.50462661,-80.038930466,0,9.3,236,20,14.04
644,2.61778,87,169,"2026-08-29_WXPZY",4.29331959471063,338,NA,NA,NA,NA,NA,NA,NA,NA,NA,NA,NA,NA,NA,191,44.504655779,-80.038902219,0,9.3,236,20,13.9752
645,2.62164,87,169,"2026-08-29_WXPZY",4.31443610320131,336,NA,NA,NA,NA,NA,NA,NA,NA,NA,NA,NA,NA,NA,191,44.504680505,-80.038870787,0,9.45,239,20,13.9068
646,2.62551,87,169,"2026-08-29_WXPZY",4.31443610320131,332,NA,NA,NA,NA,NA,NA,NA,NA,NA,NA,NA,NA,NA,191,44.504704897,-80.038842121,0,9.45,239,20,13.9068
647,2.62936,87,169,"2026-08-29_WXPZY",4.32451133021969,331,NA,NA,NA,NA,NA,NA,NA,NA,NA,NA,NA,NA,NA,191,44.504733647,-80.038802894,0,9.41,240,20,13.8744
648,2.63323,87,170,"2026-08-29_WXPZY",4.30440771349862,327,NA,NA,NA,NA,NA,NA,NA,NA,NA,NA,NA,NA,NA,191,44.504758625,-80.038781269,0,9.45,239,20,13.9392
649,2.63712,87,170,"2026-08-29_WXPZY",4.28338901739056,330,NA,NA,NA,NA,NA,NA,NA,NA,NA,NA,NA,NA,NA,190.8,44.504789805,-80.038736593,-0.514139,9.49,238,20,14.0076
650,2.64103,87,170,"2026-08-29_WXPZY",4.26257459505541,333,NA,NA,NA,NA,NA,NA,NA,NA,NA,NA,NA,NA,NA,190.8,44.504815454,-80.038710022,-0.514139,9.5,238,20,14.076
651,2.64497,87,170,"2026-08-29_WXPZY",4.2322668020992,333,NA,NA,NA,NA,NA,NA,NA,NA,NA,NA,NA,NA,NA,190.8,44.504842863,-80.038668197,-0.514139,9.53,237,20,14.1768
652,2.6489,87,170,"2026-08-29_WXPZY",4.24304141208418,336,NA,NA,NA,NA,NA,NA,NA,NA,NA,NA,NA,NA,NA,190.8,44.504867338,-80.03864632,-0.514139,9.53,237,20,14.1408
653,2.65282,87,170,"2026-08-29_WXPZY",4.25278557455133,337,NA,NA,NA,NA,NA,NA,NA,NA,NA,NA,NA,NA,NA,190.8,44.504891645,-80.038611619,-0.514139,9.5,238,20,14.1084
654,2.65674,87,170,"2026-08-29_WXPZY",4.25278557455133,337,NA,NA,NA,NA,NA,NA,NA,NA,NA,NA,NA,NA,NA,190.8,44.504921904,-80.038579935,-0.514139,9.5,238,20,14.1084
655,2.66066,87,170,"2026-08-29_WXPZY",4.25278557455133,336,NA,NA,NA,NA,NA,NA,NA,NA,NA,NA,NA,NA,NA,190.8,44.504950235,-80.038553113,-0.514139,9.5,238,20,14.1084
656,2.66457,87,170,"2026-08-29_WXPZY",4.26257459505541,336,NA,NA,NA,NA,NA,NA,NA,NA,NA,NA,NA,NA,NA,190.8,44.504979907,-80.038516149,-0.514139,9.5,238,20,14.076
657,2.6685,87,170,"2026-08-29_WXPZY",4.2322668020992,336,NA,NA,NA,NA,NA,NA,NA,NA,NA,NA,NA,NA,NA,190.8,44.50500698,-80.038491255,-0.514139,9.5,238,20,14.1768
658,2.67244,87,170,"2026-08-29_WXPZY",4.2322668020992,337,NA,NA,NA,NA,NA,NA,NA,NA,NA,NA,NA,NA,NA,190.6,44.505037071,-80.038451776,-1.02175,9.53,237,20,14.1768
659,2.67639,87,171,"2026-08-29_WXPZY",4.22261633307998,338,NA,NA,NA,NA,NA,NA,NA,NA,NA,NA,NA,NA,NA,190.6,44.505063307,-80.038429145,-0.507614,9.54,237,20,14.2092
660,2.68032,87,171,"2026-08-29_WXPZY",4.2322668020992,339,NA,NA,NA,NA,NA,NA,NA,NA,NA,NA,NA,NA,NA,190.6,44.505094655,-80.038387906,-0.507614,9.54,237,20,14.1768
661,2.68423,88,171,"2026-08-29_WXPZY",4.26257459505541,340,NA,NA,NA,NA,NA,NA,NA,NA,NA,NA,NA,NA,NA,190.6,44.505118627,-80.038364939,-0.507614,9.3,236,20,14.076
662,2.68812,87,171,"2026-08-29_WXPZY",4.29331959471063,342,NA,NA,NA,NA,NA,NA,NA,NA,NA,NA,NA,NA,NA,190.6,44.505148635,-80.03832412,-0.507614,9.46,239,20,13.9752
663,2.692,87,171,"2026-08-29_WXPZY",4.29331959471063,339,NA,NA,NA,NA,NA,NA,NA,NA,NA,NA,NA,NA,NA,190.6,44.505174618,-80.038297381,-0.507614,9.46,239,20,13.9752
664,2.69586,87,171,"2026-08-29_WXPZY",4.31443610320131,337,NA,NA,NA,NA,NA,NA,NA,NA,NA,NA,NA,NA,NA,190.6,44.505200854,-80.038260836,-0.507614,9.46,239,20,13.9068
665,2.69974,87,171,"2026-08-29_WXPZY",4.29331959471063,338,NA,NA,NA,NA,NA,NA,NA,NA,NA,NA,NA,NA,NA,190.4,44.505225078,-80.038233511,-1.02308,9.45,239,20,13.9752
666,2.70368,88,171,"2026-08-29_WXPZY",4.2322668020992,333,NA,NA,NA,NA,NA,NA,NA,NA,NA,NA,NA,NA,NA,190.4,44.505254666,-80.038199984,-1.02308,9.34,235,20,14.1768
667,2.70765,88,171,"2026-08-29_WXPZY",4.19287211740042,335,NA,NA,NA,NA,NA,NA,NA,NA,NA,NA,NA,NA,NA,190.4,44.505280901,-80.038170647,-1.02308,9.38,234,20,14.31
668,2.71161,88,171,"2026-08-29_WXPZY",4.21300977418268,337,NA,NA,NA,NA,NA,NA,NA,NA,NA,NA,NA,NA,NA,190.4,44.505304035,-80.03814131,-0.515464,9.38,234,20,14.2416
669,2.71555,88,171,"2026-08-29_WXPZY",4.2322668020992,340,NA,NA,NA,NA,NA,NA,NA,NA,NA,NA,NA,NA,NA,190.6,44.505331025,-80.038103173,0,9.34,235,20,14.1768
670,2.71942,88,171,"2026-08-29_WXPZY",4.30440771349862,339,NA,NA,NA,NA,NA,NA,NA,NA,NA,NA,NA,NA,NA,190.6,44.505352399,-80.038078781,0,9.26,237,20,13.9392
671,2.72327,88,171,"2026-08-29_WXPZY",4.32451133021969,338,NA,NA,NA,NA,NA,NA,NA,NA,NA,NA,NA,NA,NA,190.6,44.505378718,-80.038038045,0,9.26,237,20,13.8744
672,2.72711,88,171,"2026-08-29_WXPZY",4.34593654932638,334,NA,NA,NA,NA,NA,NA,NA,NA,NA,NA,NA,NA,NA,190.6,44.505405456,-80.038006613,0,9.22,238,20,13.806
673,2.73097,88,171,"2026-08-29_WXPZY",4.31443610320131,333,NA,NA,NA,NA,NA,NA,NA,NA,NA,NA,NA,NA,NA,190.4,44.505436218,-80.037967972,-0.525984,9.26,237,20,13.9068
674,2.7349,88,171,"2026-08-29_WXPZY",4.24304141208418,332,NA,NA,NA,NA,NA,NA,NA,NA,NA,NA,NA,NA,NA,190.6,44.505458011,-80.037944671,-0.0170786,9.34,235,20,14.1408
675,2.7389,88,170,"2026-08-29_WXPZY",4.16354400866017,334,NA,NA,NA,NA,NA,NA,NA,NA,NA,NA,NA,NA,NA,190.4,44.505485839,-80.037907371,0,9.42,233,20,14.4108
676,2.74295,88,170,"2026-08-29_WXPZY",4.11522633744856,338,NA,NA,NA,NA,NA,NA,NA,NA,NA,NA,NA,NA,NA,190.4,44.505508134,-80.03788298,0,9.46,232,20,14.58
677,2.74702,88,170,"2026-08-29_WXPZY",4.09701737135365,342,NA,NA,NA,NA,NA,NA,NA,NA,NA,NA,NA,NA,NA,190.4,44.50553789,-80.0378461,0,9.46,232,20,14.6448
678,2.75111,88,170,"2026-08-29_WXPZY",4.07797080172906,345,NA,NA,NA,NA,NA,NA,NA,NA,NA,NA,NA,NA,NA,190.4,44.505563706,-80.037815087,0,9.5,231,20,14.7132
679,2.75518,88,170,"2026-08-29_WXPZY",4.09701737135365,347,NA,NA,NA,NA,NA,NA,NA,NA,NA,NA,NA,NA,NA,190.4,44.505596815,-80.037774937,-0.509229,9.49,231,20,14.6448
680,2.75924,88,170,"2026-08-29_WXPZY",4.09701737135365,347,NA,NA,NA,NA,NA,NA,NA,NA,NA,NA,NA,NA,NA,190.4,44.505624559,-80.037742164,-0.509229,9.49,231,20,14.6448
681,2.76329,88,170,"2026-08-29_WXPZY",4.11522633744856,347,NA,NA,NA,NA,NA,NA,NA,NA,NA,NA,NA,NA,NA,190.4,44.505651046,-80.037705284,-0.509229,9.49,231,20,14.58
682,2.76736,89,170,"2026-08-29_WXPZY",4.09701737135365,347,NA,NA,NA,NA,NA,NA,NA,NA,NA,NA,NA,NA,NA,190.2,44.505678706,-80.037671421,-1.00063,9.49,231,20,14.6448
683,2.77142,89,170,"2026-08-29_WXPZY",4.10610166707728,346,NA,NA,NA,NA,NA,NA,NA,NA,NA,NA,NA,NA,NA,190.2,44.505707037,-80.03764309,-0.482495,9.31,229,20,14.6124
684,2.77548,89,170,"2026-08-29_WXPZY",4.10610166707728,346,NA,NA,NA,NA,NA,NA,NA,NA,NA,NA,NA,NA,NA,190.2,44.505738469,-80.037607048,-0.9914,9.31,229,20,14.6124
685,2.77954,88,171,"2026-08-29_WXPZY",4.10610166707728,351,NA,NA,NA,NA,NA,NA,NA,NA,NA,NA,NA,NA,NA,190.2,44.505767135,-80.037583746,-0.4914,9.31,229,20,14.6124
686,2.78361,88,171,"2026-08-29_WXPZY",4.08697073728952,350,NA,NA,NA,NA,NA,NA,NA,NA,NA,NA,NA,NA,NA,190.2,44.505797645,-80.037548123,-0.4914,9.49,231,20,14.6808
687,2.78769,88,171,"2026-08-29_WXPZY",4.08697073728952,348,NA,NA,NA,NA,NA,NA,NA,NA,NA,NA,NA,NA,NA,190.2,44.505824803,-80.037522726,-0.4914,9.49,231,20,14.6808
688,2.79175,88,171,"2026-08-29_WXPZY",4.10610166707728,352,NA,NA,NA,NA,NA,NA,NA,NA,NA,NA,NA,NA,NA,190.2,44.505855983,-80.03748375,-0.4914,9.46,232,20,14.6124
689,2.79583,88,171,"2026-08-29_WXPZY",4.08697073728952,351,NA,NA,NA,NA,NA,NA,NA,NA,NA,NA,NA,NA,NA,190.2,44.505882219,-80.037454246,-0.4914,9.46,232,20,14.6808
690,2.79991,88,171,"2026-08-29_WXPZY",4.08697073728952,350,NA,NA,NA,NA,NA,NA,NA,NA,NA,NA,NA,NA,NA,190.2,44.505909879,-80.037416695,-0.4914,9.49,231,20,14.6808
691,2.80399,88,170,"2026-08-29_WXPZY",4.07797080172906,351,NA,NA,NA,NA,NA,NA,NA,NA,NA,NA,NA,NA,NA,190.2,44.505934689,-80.037387274,-0.4914,9.5,231,20,14.7132
692,2.80807,88,171,"2026-08-29_WXPZY",4.08697073728952,351,NA,NA,NA,NA,NA,NA,NA,NA,NA,NA,NA,NA,NA,190.2,44.50596411,-80.037345449,0,9.49,231,20,14.6808
693,2.81216,89,171,"2026-08-29_WXPZY",4.07797080172906,352,NA,NA,NA,NA,NA,NA,NA,NA,NA,NA,NA,NA,NA,190,44.505988753,-80.037316447,-0.488998,9.49,231,20,14.7132
694,2.8162,89,171,"2026-08-29_WXPZY",4.12541254125412,351,NA,NA,NA,NA,NA,NA,NA,NA,NA,NA,NA,NA,NA,190,44.506023873,-80.037276214,-0.488998,9.27,230,20,14.544
695,2.82024,89,171,"2026-08-29_WXPZY",4.12541254125412,350,NA,NA,NA,NA,NA,NA,NA,NA,NA,NA,NA,NA,NA,190,44.506050192,-80.03724495,-0.488998,9.27,230,20,14.544
696,2.82423,88,171,"2026-08-29_WXPZY",4.17292605575029,346,NA,NA,NA,NA,NA,NA,NA,NA,NA,NA,NA,NA,NA,190,44.50608263,-80.037209829,-0.488998,9.42,233,20,14.3784
697,2.82822,88,171,"2026-08-29_WXPZY",4.18340026773762,346,NA,NA,NA,NA,NA,NA,NA,NA,NA,NA,NA,NA,NA,190,44.506111883,-80.037182001,-0.488998,9.38,234,20,14.3424
698,2.83221,88,171,"2026-08-29_WXPZY",4.17292605575029,343,NA,NA,NA,NA,NA,NA,NA,NA,NA,NA,NA,NA,NA,190,44.506139543,-80.037154676,-0.488998,9.42,233,20,14.3784
699,2.83623,88,171,"2026-08-29_WXPZY",4.1438753522294,342,NA,NA,NA,NA,NA,NA,NA,NA,NA,NA,NA,NA,NA,190,44.506166784,-80.037118383,-0.488998,9.42,233,20,14.4792
700,2.84023,88,170,"2026-08-29_WXPZY",4.16354400866017,345,NA,NA,NA,NA,NA,NA,NA,NA,NA,NA,NA,NA,NA,190,44.506190505,-80.037094578,-0.488998,9.42,233,20,14.4108
701,2.84424,87,170,"2026-08-29_WXPZY",4.16354400866017,348,NA,NA,NA,NA,NA,NA,NA,NA,NA,NA,NA,NA,NA,190,44.506219758,-80.037055183,-0.488998,9.42,233,20,14.4108
702,2.84822,87,170,"2026-08-29_WXPZY",4.18340026773762,347,NA,NA,NA,NA,NA,NA,NA,NA,NA,NA,NA,NA,NA,190,44.506242976,-80.037031043,-0.488998,9.57,236,20,14.3424
703,2.8522,87,169,"2026-08-29_WXPZY",4.18340026773762,347,NA,NA,NA,NA,NA,NA,NA,NA,NA,NA,NA,NA,NA,190,44.506273654,-80.036990978,0,9.57,236,20,14.3424
704,2.85614,87,168,"2026-08-29_WXPZY",4.2322668020992,345,NA,NA,NA,NA,NA,NA,NA,NA,NA,NA,NA,NA,NA,190,44.50629947,-80.036962312,0,9.53,237,20,14.1768
705,2.86007,87,169,"2026-08-29_WXPZY",4.24304141208418,341,NA,NA,NA,NA,NA,NA,NA,NA,NA,NA,NA,NA,NA,190,44.50632998,-80.036921157,0,9.53,237,20,14.1408
706,2.86401,88,170,"2026-08-29_WXPZY",4.2322668020992,340,NA,NA,NA,NA,NA,NA,NA,NA,NA,NA,NA,NA,NA,189.8,44.506356299,-80.036894837,-0.507614,9.53,237,20,14.1768
707,2.86795,88,171,"2026-08-29_WXPZY",4.22261633307998,338,NA,NA,NA,NA,NA,NA,NA,NA,NA,NA,NA,NA,NA,189.8,44.506385636,-80.036856867,-0.507614,9.34,235,20,14.2092
708,2.87193,88,171,"2026-08-29_WXPZY",4.19287211740042,339,NA,NA,NA,NA,NA,NA,NA,NA,NA,NA,NA,NA,NA,189.8,44.506408267,-80.036828453,-0.507614,9.38,234,20,14.31
709,2.8759,88,171,"2026-08-29_WXPZY",4.19287211740042,339,NA,NA,NA,NA,NA,NA,NA,NA,NA,NA,NA,NA,NA,189.8,44.506434838,-80.03679283,-0.507614,9.38,234,20,14.31
710,2.87988,88,171,"2026-08-29_WXPZY",4.19287211740042,341,NA,NA,NA,NA,NA,NA,NA,NA,NA,NA,NA,NA,NA,189.8,44.506457553,-80.03676299,-0.507614,9.38,234,20,14.31
711,2.88385,88,170,"2026-08-29_WXPZY",4.19287211740042,342,NA,NA,NA,NA,NA,NA,NA,NA,NA,NA,NA,NA,NA,189.8,44.506486722,-80.036724601,-0.507614,9.38,234,20,14.31
712,2.88785,89,171,"2026-08-29_WXPZY",4.17292605575029,343,NA,NA,NA,NA,NA,NA,NA,NA,NA,NA,NA,NA,NA,189.8,44.506513627,-80.036693923,-0.507614,9.23,231,20,14.3784
713,2.89184,88,171,"2026-08-29_WXPZY",4.17292605575029,344,NA,NA,NA,NA,NA,NA,NA,NA,NA,NA,NA,NA,NA,189.8,44.506540282,-80.03666224,-0.507614,9.23,231,20,14.3784
714,2.89584,88,171,"2026-08-29_WXPZY",4.16354400866017,346,NA,NA,NA,NA,NA,NA,NA,NA,NA,NA,NA,NA,NA,189.8,44.506569116,-80.036629383,-0.507614,9.42,233,20,14.4108
715,2.89988,88,171,"2026-08-29_WXPZY",4.13462333581411,345,NA,NA,NA,NA,NA,NA,NA,NA,NA,NA,NA,NA,NA,189.8,44.506594345,-80.036600046,-0.507614,9.46,232,20,14.5116
716,2.9039,88,171,"2026-08-29_WXPZY",4.1438753522294,345,NA,NA,NA,NA,NA,NA,NA,NA,NA,NA,NA,NA,NA,189.8,44.506621,-80.036562076,0,9.42,233,20,14.4792
717,2.90785,88,170,"2026-08-29_WXPZY",4.21300977418268,347,NA,NA,NA,NA,NA,NA,NA,NA,NA,NA,NA,NA,NA,189.8,44.506648325,-80.036533913,0,9.38,234,20,14.2416
718,2.9118,88,171,"2026-08-29_WXPZY",4.22261633307998,346,NA,NA,NA,NA,NA,NA,NA,NA,NA,NA,NA,NA,NA,189.8,44.506676153,-80.036496948,0,9.34,235,20,14.2092
719,2.91574,89,171,"2026-08-29_WXPZY",4.2322668020992,341,NA,NA,NA,NA,NA,NA,NA,NA,NA,NA,NA,NA,NA,189.8,44.506699454,-80.036471551,0,9.16,233,20,14.1768
720,2.91967,88,171,"2026-08-29_WXPZY",4.2322668020992,340,NA,NA,NA,NA,NA,NA,NA,NA,NA,NA,NA,NA,NA,189.8,44.506729378,-80.036433078,0,9.34,235,20,14.1768
721,2.92361,88,171,"2026-08-29_WXPZY",4.2322668020992,340,NA,NA,NA,NA,NA,NA,NA,NA,NA,NA,NA,NA,NA,189.8,44.506757373,-80.03640349,0,9.34,235,20,14.1768
722,2.92759,88,170,"2026-08-29_WXPZY",4.19287211740042,339,NA,NA,NA,NA,NA,NA,NA,NA,NA,NA,NA,NA,NA,189.8,44.506788722,-80.036363341,0,9.38,234,20,14.31
723,2.93156,89,170,"2026-08-29_WXPZY",4.19287211740042,339,NA,NA,NA,NA,NA,NA,NA,NA,NA,NA,NA,NA,NA,189.8,44.506817807,-80.036335262,0,9.2,232,20,14.31
724,2.93551,89,170,"2026-08-29_WXPZY",4.22261633307998,341,NA,NA,NA,NA,NA,NA,NA,NA,NA,NA,NA,NA,NA,190,44.506844629,-80.0362988,0.506329,9.19,232,20,14.2092
725,2.93946,89,171,"2026-08-29_WXPZY",4.22261633307998,340,NA,NA,NA,NA,NA,NA,NA,NA,NA,NA,NA,NA,NA,189.8,44.506873127,-80.036278097,0,9.19,232,20,14.2092
726,2.94341,89,171,"2026-08-29_WXPZY",4.21300977418268,340,NA,NA,NA,NA,NA,NA,NA,NA,NA,NA,NA,NA,NA,189.8,44.506904895,-80.036243899,0,9.19,232,20,14.2416
727,2.9474,88,170,"2026-08-29_WXPZY",4.18340026773762,341,NA,NA,NA,NA,NA,NA,NA,NA,NA,NA,NA,NA,NA,189.8,44.506932639,-80.03621255,0,9.38,234,20,14.3424
728,2.95142,88,170,"2026-08-29_WXPZY",4.1438753522294,342,NA,NA,NA,NA,NA,NA,NA,NA,NA,NA,NA,NA,NA,189.6,44.506963233,-80.036179023,-0.497512,9.42,233,20,14.4792
729,2.95549,88,170,"2026-08-29_WXPZY",4.09701737135365,343,NA,NA,NA,NA,NA,NA,NA,NA,NA,NA,NA,NA,NA,189.6,44.506992653,-80.036149602,-0.497512,9.49,231,20,14.6448
730,2.95954,88,169,"2026-08-29_WXPZY",4.11522633744856,347,NA,NA,NA,NA,NA,NA,NA,NA,NA,NA,NA,NA,NA,189.6,44.507021571,-80.0361175,-0.497512,9.46,232,20,14.58
731,2.96355,88,169,"2026-08-29_WXPZY",4.15420405450316,350,NA,NA,NA,NA,NA,NA,NA,NA,NA,NA,NA,NA,NA,189.4,44.507049063,-80.036078608,-0.996266,9.42,233,20,14.4432
732,2.96753,88,168,"2026-08-29_WXPZY",4.18340026773762,348,NA,NA,NA,NA,NA,NA,NA,NA,NA,NA,NA,NA,NA,189.4,44.50707555,-80.036047846,-0.996266,9.42,233,20,14.3424
733,2.97151,88,168,"2026-08-29_WXPZY",4.19287211740042,345,NA,NA,NA,NA,NA,NA,NA,NA,NA,NA,NA,NA,NA,189.4,44.507106228,-80.036009625,-0.996266,9.38,234,20,14.31
734,2.97548,88,168,"2026-08-29_WXPZY",4.19287211740042,344,NA,NA,NA,NA,NA,NA,NA,NA,NA,NA,NA,NA,NA,189.4,44.507131793,-80.035981629,-1.50259,9.38,234,20,14.31
735,2.97944,89,169,"2026-08-29_WXPZY",4.21300977418268,345,NA,NA,NA,NA,NA,NA,NA,NA,NA,NA,NA,NA,NA,189.4,44.507159453,-80.035945168,-0.996266,9.19,232,20,14.2416
736,2.9834,89,170,"2026-08-29_WXPZY",4.20238695579089,343,NA,NA,NA,NA,NA,NA,NA,NA,NA,NA,NA,NA,NA,189.4,44.507182922,-80.035921279,-0.996266,9.19,232,20,14.2776
737,2.98737,88,170,"2026-08-29_WXPZY",4.20238695579089,342,NA,NA,NA,NA,NA,NA,NA,NA,NA,NA,NA,NA,NA,189.4,44.507212259,-80.035885656,-0.996266,9.38,234,20,14.2776
738,2.9913,88,170,"2026-08-29_WXPZY",4.24304141208418,345,NA,NA,NA,NA,NA,NA,NA,NA,NA,NA,NA,NA,NA,189.4,44.507237321,-80.035862606,-0.498753,9.34,235,20,14.1408
739,2.99523,88,170,"2026-08-29_WXPZY",4.24304141208418,344,NA,NA,NA,NA,NA,NA,NA,NA,NA,NA,NA,NA,NA,189.4,44.507264981,-80.035821032,-0.498753,9.34,235,20,14.1408
740,2.99915,88,170,"2026-08-29_WXPZY",4.24304141208418,341,NA,NA,NA,NA,NA,NA,NA,NA,NA,NA,NA,NA,NA,189.4,44.507287612,-80.035795299,-0.498753,9.34,235,20,14.1408
741,3.00309,89,170,"2026-08-29_WXPZY",4.2322668020992,340,NA,NA,NA,NA,NA,NA,NA,NA,NA,NA,NA,NA,NA,189.4,44.507317955,-80.035755234,0,9.16,233,20,14.1768
742,3.00703,89,171,"2026-08-29_WXPZY",4.2322668020992,340,NA,NA,NA,NA,NA,NA,NA,NA,NA,NA,NA,NA,NA,189.4,44.507347459,-80.035731094,0,9.16,233,20,14.1768
743,3.01095,89,170,"2026-08-29_WXPZY",4.25278557455133,339,NA,NA,NA,NA,NA,NA,NA,NA,NA,NA,NA,NA,NA,189.2,44.507375371,-80.035689436,-0.510204,9.16,233,20,14.1084
744,3.01488,89,171,"2026-08-29_WXPZY",4.24304141208418,341,NA,NA,NA,NA,NA,NA,NA,NA,NA,NA,NA,NA,NA,189.2,44.507398002,-80.035664123,-0.510204,9.16,233,20,14.1408
745,3.01881,88,171,"2026-08-29_WXPZY",4.2322668020992,340,NA,NA,NA,NA,NA,NA,NA,NA,NA,NA,NA,NA,NA,189.2,44.507427339,-80.03562808,-0.510204,9.34,235,20,14.1768
746,3.02274,88,171,"2026-08-29_WXPZY",4.24304141208418,343,NA,NA,NA,NA,NA,NA,NA,NA,NA,NA,NA,NA,NA,189.2,44.507453574,-80.035599079,-0.510204,9.34,235,20,14.1408
747,3.02666,89,171,"2026-08-29_WXPZY",4.25278557455133,344,NA,NA,NA,NA,NA,NA,NA,NA,NA,NA,NA,NA,NA,189.2,44.507482659,-80.035564043,-0.510204,9.16,233,20,14.1084
748,3.03063,89,171,"2026-08-29_WXPZY",4.20238695579089,346,NA,NA,NA,NA,NA,NA,NA,NA,NA,NA,NA,NA,NA,189.2,44.507508811,-80.035535125,-0.510204,9.19,232,20,14.2776
749,3.03457,89,171,"2026-08-29_WXPZY",4.22261633307998,344,NA,NA,NA,NA,NA,NA,NA,NA,NA,NA,NA,NA,NA,189.2,44.507539489,-80.035501765,-0.510204,9.19,232,20,14.2092
750,3.0385,89,171,"2026-08-29_WXPZY",4.24304141208418,346,NA,NA,NA,NA,NA,NA,NA,NA,NA,NA,NA,NA,NA,189.2,44.507564299,-80.035471506,-0.510204,9.16,233,20,14.1408
751,3.04242,89,171,"2026-08-29_WXPZY",4.25278557455133,344,NA,NA,NA,NA,NA,NA,NA,NA,NA,NA,NA,NA,NA,189.2,44.50759154,-80.035434291,-0.510204,9.16,233,20,14.1084
752,3.04631,89,171,"2026-08-29_WXPZY",4.28338901739056,342,NA,NA,NA,NA,NA,NA,NA,NA,NA,NA,NA,NA,NA,189.2,44.507615512,-80.035406966,-0.510204,9.12,234,20,14.0076
753,3.05018,89,171,"2026-08-29_WXPZY",4.30440771349862,340,NA,NA,NA,NA,NA,NA,NA,NA,NA,NA,NA,NA,NA,189.2,44.507643843,-80.035372516,0,9.12,234,20,13.9392
754,3.05404,88,171,"2026-08-29_WXPZY",4.32451133021969,338,NA,NA,NA,NA,NA,NA,NA,NA,NA,NA,NA,NA,NA,189.2,44.507672929,-80.035346532,0,9.12,234,20,13.8744
755,3.05788,88,170,"2026-08-29_WXPZY",4.33576135969476,337,NA,NA,NA,NA,NA,NA,NA,NA,NA,NA,NA,NA,NA,189.2,44.507696565,-80.035319123,0,9.26,237,20,13.8384
756,3.06173,88,170,"2026-08-29_WXPZY",4.32451133021969,335,NA,NA,NA,NA,NA,NA,NA,NA,NA,NA,NA,NA,NA,189.4,44.507724058,-80.035283836,0.519481,9.26,237,20,13.8744
757,3.06562,88,171,"2026-08-29_WXPZY",4.28338901739056,332,NA,NA,NA,NA,NA,NA,NA,NA,NA,NA,NA,NA,NA,189.4,44.507747192,-80.035258522,0.519481,9.3,236,20,14.0076
758,3.06953,88,170,"2026-08-29_WXPZY",4.26257459505541,333,NA,NA,NA,NA,NA,NA,NA,NA,NA,NA,NA,NA,NA,189.4,44.507774601,-80.035222564,0.519481,9.3,236,20,14.076
759,3.07343,88,171,"2026-08-29_WXPZY",4.27350427350427,334,NA,NA,NA,NA,NA,NA,NA,NA,NA,NA,NA,NA,NA,189.2,44.507794466,-80.035203453,0,9.3,236,20,14.04
760,3.07734,89,170,"2026-08-29_WXPZY",4.26257459505541,335,NA,NA,NA,NA,NA,NA,NA,NA,NA,NA,NA,NA,NA,189.2,44.507824892,-80.035162969,0,9.15,233,20,14.076
761,3.08125,88,169,"2026-08-29_WXPZY",4.26257459505541,335,NA,NA,NA,NA,NA,NA,NA,NA,NA,NA,NA,NA,NA,189.2,44.507849787,-80.035138661,0,9.15,233,20,14.076
762,3.08514,88,169,"2026-08-29_WXPZY",4.29331959471063,335,NA,NA,NA,NA,NA,NA,NA,NA,NA,NA,NA,NA,NA,189,44.507880297,-80.035095913,-0.507479,9.3,236,20,13.9752
763,3.08902,89,170,"2026-08-29_WXPZY",4.29331959471063,335,NA,NA,NA,NA,NA,NA,NA,NA,NA,NA,NA,NA,NA,189,44.507907035,-80.035066074,-0.507479,9.12,234,20,13.9752
764,3.09291,88,170,"2026-08-29_WXPZY",4.28338901739056,334,NA,NA,NA,NA,NA,NA,NA,NA,NA,NA,NA,NA,NA,189,44.507939808,-80.035022739,-0.507479,9.12,234,20,14.0076
765,3.09682,88,170,"2026-08-29_WXPZY",4.26257459505541,334,NA,NA,NA,NA,NA,NA,NA,NA,NA,NA,NA,NA,NA,189,44.507965122,-80.034998935,-0.507479,9.3,236,20,14.076
766,3.10075,89,170,"2026-08-29_WXPZY",4.24304141208418,337,NA,NA,NA,NA,NA,NA,NA,NA,NA,NA,NA,NA,NA,189,44.507996386,-80.034961049,-1.02696,9.15,233,20,14.1408
767,3.10468,89,171,"2026-08-29_WXPZY",4.2322668020992,338,NA,NA,NA,NA,NA,NA,NA,NA,NA,NA,NA,NA,NA,189,44.508021364,-80.034933472,-1.02696,9.16,233,20,14.1768
768,3.10861,89,170,"2026-08-29_WXPZY",4.24304141208418,340,NA,NA,NA,NA,NA,NA,NA,NA,NA,NA,NA,NA,NA,189,44.508050449,-80.034896089,-1.02696,9.16,233,20,14.1408
769,3.11254,89,171,"2026-08-29_WXPZY",4.24304141208418,340,NA,NA,NA,NA,NA,NA,NA,NA,NA,NA,NA,NA,NA,189,44.508073164,-80.034868512,-0.514139,9.16,233,20,14.1408
770,3.11646,88,170,"2026-08-29_WXPZY",4.25278557455133,339,NA,NA,NA,NA,NA,NA,NA,NA,NA,NA,NA,NA,NA,189,44.508101579,-80.034831967,-0.514139,9.16,233,20,14.1084
771,3.12037,88,170,"2026-08-29_WXPZY",4.26257459505541,337,NA,NA,NA,NA,NA,NA,NA,NA,NA,NA,NA,NA,NA,188.8,44.508125048,-80.034803301,-1.02565,9.34,235,20,14.076
772,3.12429,89,170,"2026-08-29_WXPZY",4.25278557455133,335,NA,NA,NA,NA,NA,NA,NA,NA,NA,NA,NA,NA,NA,188.8,44.50815405,-80.034767175,-0.511509,9.34,235,20,14.1084
773,3.12821,89,171,"2026-08-29_WXPZY",4.25278557455133,335,NA,NA,NA,NA,NA,NA,NA,NA,NA,NA,NA,NA,NA,188.8,44.508177687,-80.034736581,-0.511509,9.16,233,20,14.1084
774,3.13218,89,171,"2026-08-29_WXPZY",4.19287211740042,334,NA,NA,NA,NA,NA,NA,NA,NA,NA,NA,NA,NA,NA,188.8,44.508203419,-80.034703724,-0.511509,9.19,232,20,14.31
775,3.13616,89,171,"2026-08-29_WXPZY",4.19287211740042,336,NA,NA,NA,NA,NA,NA,NA,NA,NA,NA,NA,NA,NA,188.8,44.50822823,-80.034670113,-0.511509,9.2,232,20,14.31
776,3.14012,89,171,"2026-08-29_WXPZY",4.20238695579089,336,NA,NA,NA,NA,NA,NA,NA,NA,NA,NA,NA,NA,NA,188.6,44.508250274,-80.034638261,-1.01656,9.19,232,20,14.2776
777,3.14409,89,172,"2026-08-29_WXPZY",4.20238695579089,338,NA,NA,NA,NA,NA,NA,NA,NA,NA,NA,NA,NA,NA,188.6,44.508278018,-80.034604985,-1.01656,9.19,232,20,14.2776
778,3.14803,89,172,"2026-08-29_WXPZY",4.22261633307998,337,NA,NA,NA,NA,NA,NA,NA,NA,NA,NA,NA,NA,NA,188.6,44.508303834,-80.034581767,-1.01656,9.19,232,20,14.2092
779,3.15197,89,172,"2026-08-29_WXPZY",4.2322668020992,335,NA,NA,NA,NA,NA,NA,NA,NA,NA,NA,NA,NA,NA,188.4,44.50833468,-80.034545306,-1.52417,9.16,233,20,14.1768
780,3.15591,88,172,"2026-08-29_WXPZY",4.2322668020992,334,NA,NA,NA,NA,NA,NA,NA,NA,NA,NA,NA,NA,NA,188.4,44.508360077,-80.034518233,-1.52417,9.34,235,20,14.1768
781,3.15985,88,172,"2026-08-29_WXPZY",4.2322668020992,334,NA,NA,NA,NA,NA,NA,NA,NA,NA,NA,NA,NA,NA,188.4,44.508388156,-80.034478419,-1.01266,9.34,235,20,14.1768
782,3.16377,88,172,"2026-08-29_WXPZY",4.25278557455133,336,NA,NA,NA,NA,NA,NA,NA,NA,NA,NA,NA,NA,NA,188.2,44.508415314,-80.034452099,-1.52287,9.34,235,20,14.1084
783,3.16768,88,171,"2026-08-29_WXPZY",4.26257459505541,338,NA,NA,NA,NA,NA,NA,NA,NA,NA,NA,NA,NA,NA,188.2,44.508445153,-80.03441086,-1.52287,9.3,236,20,14.076
784,3.1716,88,171,"2026-08-29_WXPZY",4.24304141208418,337,NA,NA,NA,NA,NA,NA,NA,NA,NA,NA,NA,NA,NA,188.2,44.508467952,-80.034385631,-1.52287,9.34,235,20,14.1408
785,3.17552,88,170,"2026-08-29_WXPZY",4.25278557455133,338,NA,NA,NA,NA,NA,NA,NA,NA,NA,NA,NA,NA,NA,188.2,44.508496199,-80.034344727,-1.52287,9.34,235,20,14.1084
786,3.17944,88,170,"2026-08-29_WXPZY",4.25278557455133,341,NA,NA,NA,NA,NA,NA,NA,NA,NA,NA,NA,NA,NA,188,44.508521093,-80.034318827,-1.52802,9.34,235,20,14.1084
787,3.18341,88,170,"2026-08-29_WXPZY",4.20238695579089,339,NA,NA,NA,NA,NA,NA,NA,NA,NA,NA,NA,NA,NA,188.2,44.508551017,-80.034281695,-1.02424,9.34,235,20,14.2776
788,3.18737,88,171,"2026-08-29_WXPZY",4.20238695579089,339,NA,NA,NA,NA,NA,NA,NA,NA,NA,NA,NA,NA,NA,188.2,44.508576917,-80.034255963,-1.02424,9.38,234,20,14.2776
789,3.19132,88,170,"2026-08-29_WXPZY",4.22261633307998,342,NA,NA,NA,NA,NA,NA,NA,NA,NA,NA,NA,NA,NA,188.2,44.508604829,-80.0342221,-0.51663,9.34,235,20,14.2092
790,3.19529,88,169,"2026-08-29_WXPZY",4.19287211740042,342,NA,NA,NA,NA,NA,NA,NA,NA,NA,NA,NA,NA,NA,188.4,44.508628298,-80.034191757,-0.0128515,9.38,234,20,14.31
791,3.19926,88,169,"2026-08-29_WXPZY",4.20238695579089,342,NA,NA,NA,NA,NA,NA,NA,NA,NA,NA,NA,NA,NA,188.4,44.508654701,-80.034159152,-0.0128515,9.38,234,20,14.2776
792,3.20318,87,169,"2026-08-29_WXPZY",4.25278557455133,343,NA,NA,NA,NA,NA,NA,NA,NA,NA,NA,NA,NA,NA,188.4,44.508679344,-80.034130905,0.497353,9.34,235,20,14.1084
793,3.20711,87,169,"2026-08-29_WXPZY",4.24304141208418,343,NA,NA,NA,NA,NA,NA,NA,NA,NA,NA,NA,NA,NA,188.6,44.508705076,-80.03410425,1.00626,9.53,237,20,14.1408
794,3.21102,88,168,"2026-08-29_WXPZY",4.26257459505541,337,NA,NA,NA,NA,NA,NA,NA,NA,NA,NA,NA,NA,NA,188.6,44.508731144,-80.034072148,1.00626,9.5,238,20,14.076
795,3.2149,87,169,"2026-08-29_WXPZY",4.29331959471063,339,NA,NA,NA,NA,NA,NA,NA,NA,NA,NA,NA,NA,NA,188.6,44.50875411,-80.03404147,1.00626,9.3,236,20,13.9752
796,3.21882,87,169,"2026-08-29_WXPZY",4.25278557455133,335,NA,NA,NA,NA,NA,NA,NA,NA,NA,NA,NA,NA,NA,188.6,44.50878219,-80.034004925,1.51646,9.5,238,20,14.1084
797,3.22277,88,169,"2026-08-29_WXPZY",4.21300977418268,332,NA,NA,NA,NA,NA,NA,NA,NA,NA,NA,NA,NA,NA,188.6,44.508811191,-80.033977265,1.01268,9.54,237,20,14.2416
798,3.22673,89,169,"2026-08-29_WXPZY",4.21300977418268,332,NA,NA,NA,NA,NA,NA,NA,NA,NA,NA,NA,NA,NA,188.4,44.508840779,-80.033942061,0.507634,9.38,234,20,14.2416
799,3.23071,89,169,"2026-08-29_WXPZY",4.18340026773762,334,NA,NA,NA,NA,NA,NA,NA,NA,NA,NA,NA,NA,NA,188.4,44.508868439,-80.033915909,0.507634,9.23,231,20,14.3424
800,3.23472,89,169,"2026-08-29_WXPZY",4.16354400866017,335,NA,NA,NA,NA,NA,NA,NA,NA,NA,NA,NA,NA,NA,188.4,44.508900458,-80.033878945,0,9.23,231,20,14.4108
801,3.23869,89,170,"2026-08-29_WXPZY",4.19287211740042,338,NA,NA,NA,NA,NA,NA,NA,NA,NA,NA,NA,NA,NA,188.4,44.508924766,-80.033847848,0,9.2,232,20,14.31
802,3.24265,90,170,"2026-08-29_WXPZY",4.21300977418268,338,NA,NA,NA,NA,NA,NA,NA,NA,NA,NA,NA,NA,NA,188.4,44.508955527,-80.033806609,0,9.2,232,20,14.2416
803,3.24659,89,170,"2026-08-29_WXPZY",4.22261633307998,337,NA,NA,NA,NA,NA,NA,NA,NA,NA,NA,NA,NA,NA,188.2,44.508979583,-80.03377568,-1.01266,9.19,232,20,14.2092
804,3.25052,89,170,"2026-08-29_WXPZY",4.24304141208418,338,NA,NA,NA,NA,NA,NA,NA,NA,NA,NA,NA,NA,NA,188.2,44.509010261,-80.033731256,-1.01266,9.19,232,20,14.1408
805,3.25445,89,170,"2026-08-29_WXPZY",4.24304141208418,338,NA,NA,NA,NA,NA,NA,NA,NA,NA,NA,NA,NA,NA,188.2,44.509033563,-80.033702087,-1.01266,9.16,233,20,14.1408
806,3.25839,89,170,"2026-08-29_WXPZY",4.2322668020992,337,NA,NA,NA,NA,NA,NA,NA,NA,NA,NA,NA,NA,NA,188.2,44.50906533,-80.03366462,-1.01266,9.16,233,20,14.1768
807,3.26231,88,170,"2026-08-29_WXPZY",4.25278557455133,339,NA,NA,NA,NA,NA,NA,NA,NA,NA,NA,NA,NA,NA,188,44.509090895,-80.033639055,-1.52287,9.34,235,20,14.1084
808,3.26625,88,171,"2026-08-29_WXPZY",4.2322668020992,340,NA,NA,NA,NA,NA,NA,NA,NA,NA,NA,NA,NA,NA,188,44.509120902,-80.033609467,-1.01782,9.34,235,20,14.1768
809,3.27018,88,170,"2026-08-29_WXPZY",4.2322668020992,337,NA,NA,NA,NA,NA,NA,NA,NA,NA,NA,NA,NA,NA,188,44.50914806,-80.033585243,-1.01782,9.34,235,20,14.1768
810,3.27412,89,170,"2026-08-29_WXPZY",4.2322668020992,338,NA,NA,NA,NA,NA,NA,NA,NA,NA,NA,NA,NA,NA,187.8,44.509175971,-80.033556074,-1.52543,9.34,235,20,14.1768
811,3.27797,89,170,"2026-08-29_WXPZY",4.32451133021969,338,NA,NA,NA,NA,NA,NA,NA,NA,NA,NA,NA,NA,NA,188,44.509199273,-80.033531012,-1.00595,9.08,235,20,13.8744
812,3.28184,89,170,"2026-08-29_WXPZY",4.31443610320131,336,NA,NA,NA,NA,NA,NA,NA,NA,NA,NA,NA,NA,NA,188,44.509227604,-80.033502514,-1.00595,9.08,235,20,13.9068
813,3.28568,88,171,"2026-08-29_WXPZY",4.33576135969476,332,NA,NA,NA,NA,NA,NA,NA,NA,NA,NA,NA,NA,NA,188,44.509254761,-80.033473261,-0.498338,9.26,237,20,13.8384
814,3.28953,88,170,"2026-08-29_WXPZY",4.32451133021969,331,NA,NA,NA,NA,NA,NA,NA,NA,NA,NA,NA,NA,NA,188,44.509282338,-80.03344384,-0.498338,9.26,237,20,13.8744
815,3.29339,88,170,"2026-08-29_WXPZY",4.32451133021969,331,NA,NA,NA,NA,NA,NA,NA,NA,NA,NA,NA,NA,NA,187.8,44.509309663,-80.033402434,-1.01647,9.26,237,20,13.8744
816,3.29733,88,170,"2026-08-29_WXPZY",4.2322668020992,331,NA,NA,NA,NA,NA,NA,NA,NA,NA,NA,NA,NA,NA,187.8,44.509332378,-80.033375695,-1.01647,9.34,235,20,14.1768
817,3.30127,88,170,"2026-08-29_WXPZY",4.22261633307998,332,NA,NA,NA,NA,NA,NA,NA,NA,NA,NA,NA,NA,NA,187.8,44.509362804,-80.033335127,-0.506268,9.34,235,20,14.2092
818,3.30521,88,170,"2026-08-29_WXPZY",4.2322668020992,339,NA,NA,NA,NA,NA,NA,NA,NA,NA,NA,NA,NA,NA,187.8,44.509385603,-80.033314005,-0.506268,9.34,235,20,14.1768
819,3.30911,88,170,"2026-08-29_WXPZY",4.27350427350427,340,NA,NA,NA,NA,NA,NA,NA,NA,NA,NA,NA,NA,NA,187.6,44.509416029,-80.033281986,-1.01909,9.3,236,20,14.04
820,3.31299,88,170,"2026-08-29_WXPZY",4.29331959471063,341,NA,NA,NA,NA,NA,NA,NA,NA,NA,NA,NA,NA,NA,187.6,44.509438241,-80.033258684,-0.511475,9.3,236,20,13.9752
821,3.31684,88,170,"2026-08-29_WXPZY",4.32451133021969,338,NA,NA,NA,NA,NA,NA,NA,NA,NA,NA,NA,NA,NA,187.6,44.50946674,-80.033220546,-1.03096,9.26,237,20,13.8744
822,3.32068,88,169,"2026-08-29_WXPZY",4.34593654932638,336,NA,NA,NA,NA,NA,NA,NA,NA,NA,NA,NA,NA,NA,187.6,44.509492975,-80.033192132,-1.03096,9.26,237,20,13.806
823,3.32451,88,169,"2026-08-29_WXPZY",4.34593654932638,335,NA,NA,NA,NA,NA,NA,NA,NA,NA,NA,NA,NA,NA,187.6,44.509523234,-80.033155503,-1.03096,9.22,238,20,13.806
824,3.32838,88,169,"2026-08-29_WXPZY",4.31443610320131,333,NA,NA,NA,NA,NA,NA,NA,NA,NA,NA,NA,NA,NA,187.6,44.509548379,-80.03312692,-1.03096,9.26,237,20,13.9068
825,3.33222,88,169,"2026-08-29_WXPZY",4.33576135969476,332,NA,NA,NA,NA,NA,NA,NA,NA,NA,NA,NA,NA,NA,187.6,44.509579225,-80.033090459,-0.512821,9.26,237,20,13.8384
826,3.3361,88,169,"2026-08-29_WXPZY",4.29331959471063,334,NA,NA,NA,NA,NA,NA,NA,NA,NA,NA,NA,NA,NA,187.6,44.509605292,-80.033060955,-0.512821,9.3,236,20,13.9752
827,3.33998,88,169,"2026-08-29_WXPZY",4.29331959471063,332,NA,NA,NA,NA,NA,NA,NA,NA,NA,NA,NA,NA,NA,187.4,44.50963136,-80.03303187,-1.02828,9.3,236,20,13.9752
828,3.34388,88,169,"2026-08-29_WXPZY",4.28338901739056,333,NA,NA,NA,NA,NA,NA,NA,NA,NA,NA,NA,NA,NA,187.4,44.509660697,-80.032994654,-1.02828,9.3,236,20,14.0076
829,3.34778,88,170,"2026-08-29_WXPZY",4.27350427350427,333,NA,NA,NA,NA,NA,NA,NA,NA,NA,NA,NA,NA,NA,187.2,44.509686681,-80.032964982,-1.02828,9.3,236,20,14.04
830,3.35169,88,170,"2026-08-29_WXPZY",4.25278557455133,333,NA,NA,NA,NA,NA,NA,NA,NA,NA,NA,NA,NA,NA,187.2,44.509720376,-80.032928353,-1.02828,9.34,235,20,14.1084
831,3.35559,87,170,"2026-08-29_WXPZY",4.28338901739056,334,NA,NA,NA,NA,NA,NA,NA,NA,NA,NA,NA,NA,NA,187,44.509741917,-80.032904465,-1.5411,9.49,238,20,14.0076
832,3.35947,87,170,"2026-08-29_WXPZY",4.29331959471063,335,NA,NA,NA,NA,NA,NA,NA,NA,NA,NA,NA,NA,NA,187,44.509771254,-80.032865824,-1.5411,9.46,239,20,13.9752
833,3.3633,87,169,"2026-08-29_WXPZY",4.34593654932638,333,NA,NA,NA,NA,NA,NA,NA,NA,NA,NA,NA,NA,NA,187,44.50979531,-80.032845289,-1.5411,9.41,240,20,13.806
834,3.36709,87,169,"2026-08-29_WXPZY",4.39985920450546,334,NA,NA,NA,NA,NA,NA,NA,NA,NA,NA,NA,NA,NA,187,44.509821043,-80.03280648,-1.5411,9.37,241,20,13.6368
835,3.37086,87,169,"2026-08-29_WXPZY",4.42086648983201,329,NA,NA,NA,NA,NA,NA,NA,NA,NA,NA,NA,NA,NA,187,44.509843925,-80.032779071,-1.5411,9.37,241,20,13.572
836,3.37465,88,169,"2026-08-29_WXPZY",4.39985920450546,326,NA,NA,NA,NA,NA,NA,NA,NA,NA,NA,NA,NA,NA,186.8,44.509871669,-80.032738587,-2.06881,9.37,241,20,13.6368
837,3.37846,88,169,"2026-08-29_WXPZY",4.3675751222921,326,NA,NA,NA,NA,NA,NA,NA,NA,NA,NA,NA,NA,NA,187,44.509898575,-80.032713693,-1.02841,9.18,239,20,13.7376
838,3.38233,87,169,"2026-08-29_WXPZY",4.31443610320131,327,NA,NA,NA,NA,NA,NA,NA,NA,NA,NA,NA,NA,NA,186.8,44.509929169,-80.032681422,-1.54521,9.22,238,20,13.9068
839,3.38623,88,169,"2026-08-29_WXPZY",4.27350427350427,327,NA,NA,NA,NA,NA,NA,NA,NA,NA,NA,NA,NA,NA,186.8,44.50995641,-80.032652169,-1.03239,9.45,239,20,14.04
840,3.39014,88,169,"2026-08-29_WXPZY",4.26257459505541,331,NA,NA,NA,NA,NA,NA,NA,NA,NA,NA,NA,NA,NA,186.8,44.509984406,-80.032618893,-1.03239,9.3,236,20,14.076
841,3.39403,87,169,"2026-08-29_WXPZY",4.28338901739056,334,NA,NA,NA,NA,NA,NA,NA,NA,NA,NA,NA,NA,NA,186.8,44.510010725,-80.03258436,-0.519566,9.3,236,20,14.0076
842,3.39789,88,169,"2026-08-29_WXPZY",4.31443610320131,333,NA,NA,NA,NA,NA,NA,NA,NA,NA,NA,NA,NA,NA,186.8,44.510037296,-80.032558292,-0.519566,9.49,238,20,13.9068
843,3.40173,88,169,"2026-08-29_WXPZY",4.34593654932638,331,NA,NA,NA,NA,NA,NA,NA,NA,NA,NA,NA,NA,NA,186.8,44.510065291,-80.032523088,-0.519566,9.22,238,20,13.806
844,3.40553,88,169,"2026-08-29_WXPZY",4.37790035898783,330,NA,NA,NA,NA,NA,NA,NA,NA,NA,NA,NA,NA,NA,186.8,44.510086162,-80.032495428,-0.519566,9.22,238,20,13.7052
845,3.40935,88,169,"2026-08-29_WXPZY",4.3675751222921,329,NA,NA,NA,NA,NA,NA,NA,NA,NA,NA,NA,NA,NA,186.8,44.510116505,-80.032458715,-0.519566,9.22,238,20,13.7376
846,3.41318,88,169,"2026-08-29_WXPZY",4.34593654932638,329,NA,NA,NA,NA,NA,NA,NA,NA,NA,NA,NA,NA,NA,186.8,44.51014207,-80.032430049,0,9.22,238,20,13.806
847,3.41704,88,169,"2026-08-29_WXPZY",4.32451133021969,332,NA,NA,NA,NA,NA,NA,NA,NA,NA,NA,NA,NA,NA,186.6,44.510173166,-80.032391744,-1.03493,9.26,237,20,13.8744
848,3.42088,88,169,"2026-08-29_WXPZY",4.33576135969476,334,NA,NA,NA,NA,NA,NA,NA,NA,NA,NA,NA,NA,NA,186.6,44.510199234,-80.032368023,-0.518135,9.26,237,20,13.8384
849,3.42474,88,169,"2026-08-29_WXPZY",4.31443610320131,337,NA,NA,NA,NA,NA,NA,NA,NA,NA,NA,NA,NA,NA,186.6,44.510227649,-80.032328377,-0.518135,9.26,237,20,13.9068
850,3.42861,88,169,"2026-08-29_WXPZY",4.31443610320131,337,NA,NA,NA,NA,NA,NA,NA,NA,NA,NA,NA,NA,NA,186.6,44.510251453,-80.032302225,-0.518135,9.26,237,20,13.9068
851,3.43245,89,168,"2026-08-29_WXPZY",4.33576135969476,335,NA,NA,NA,NA,NA,NA,NA,NA,NA,NA,NA,NA,NA,186.4,44.510279197,-80.032264171,-1.03897,9.26,237,20,13.8384
852,3.4363,89,168,"2026-08-29_WXPZY",4.33576135969476,334,NA,NA,NA,NA,NA,NA,NA,NA,NA,NA,NA,NA,NA,186.4,44.510303002,-80.032237517,-1.03897,9.08,235,20,13.8384
853,3.44019,88,169,"2026-08-29_WXPZY",4.28338901739056,331,NA,NA,NA,NA,NA,NA,NA,NA,NA,NA,NA,NA,NA,186.4,44.510333512,-80.032200133,-1.03897,9.12,234,20,14.0076
854,3.44411,88,170,"2026-08-29_WXPZY",4.25278557455133,331,NA,NA,NA,NA,NA,NA,NA,NA,NA,NA,NA,NA,NA,186.4,44.510359245,-80.03217021,-1.03897,9.34,235,20,14.1084
855,3.44802,88,170,"2026-08-29_WXPZY",4.25278557455133,333,NA,NA,NA,NA,NA,NA,NA,NA,NA,NA,NA,NA,NA,186.6,44.510389336,-80.032141209,-0.527459,9.34,235,20,14.1084
856,3.45196,88,170,"2026-08-29_WXPZY",4.2322668020992,334,NA,NA,NA,NA,NA,NA,NA,NA,NA,NA,NA,NA,NA,186.6,44.510417583,-80.032113381,-0.527459,9.34,235,20,14.1768
857,3.45587,88,170,"2026-08-29_WXPZY",4.26257459505541,333,NA,NA,NA,NA,NA,NA,NA,NA,NA,NA,NA,NA,NA,186.6,44.510443483,-80.032083793,0,9.3,236,20,14.076
858,3.4598,88,169,"2026-08-29_WXPZY",4.24304141208418,334,NA,NA,NA,NA,NA,NA,NA,NA,NA,NA,NA,NA,NA,186.4,44.510471478,-80.032051355,-0.51823,9.3,236,20,14.1408
859,3.46369,88,169,"2026-08-29_WXPZY",4.28338901739056,330,NA,NA,NA,NA,NA,NA,NA,NA,NA,NA,NA,NA,NA,186.4,44.51049654,-80.032024533,-0.51823,9.3,236,20,14.0076
860,3.46758,88,169,"2026-08-29_WXPZY",4.28338901739056,333,NA,NA,NA,NA,NA,NA,NA,NA,NA,NA,NA,NA,NA,186.4,44.510524955,-80.031988826,-0.51823,9.3,236,20,14.0076
861,3.47147,88,169,"2026-08-29_WXPZY",4.28338901739056,331,NA,NA,NA,NA,NA,NA,NA,NA,NA,NA,NA,NA,NA,186.4,44.510548927,-80.031965105,0,9.3,236,20,14.0076
862,3.47537,88,169,"2026-08-29_WXPZY",4.27350427350427,331,NA,NA,NA,NA,NA,NA,NA,NA,NA,NA,NA,NA,NA,186.2,44.51057927,-80.031927722,-0.510217,9.3,236,20,14.04
863,3.47924,88,169,"2026-08-29_WXPZY",4.30440771349862,332,NA,NA,NA,NA,NA,NA,NA,NA,NA,NA,NA,NA,NA,186.2,44.51060232,-80.031904085,-0.510217,9.26,237,20,13.9392
864,3.48313,88,170,"2026-08-29_WXPZY",4.29331959471063,333,NA,NA,NA,NA,NA,NA,NA,NA,NA,NA,NA,NA,NA,186.2,44.510630651,-80.031862427,-0.510217,9.3,236,20,13.9752
865,3.48702,88,170,"2026-08-29_WXPZY",4.28338901739056,332,NA,NA,NA,NA,NA,NA,NA,NA,NA,NA,NA,NA,NA,186.2,44.510654539,-80.03183485,-1.02173,9.3,236,20,14.0076
866,3.4909,88,170,"2026-08-29_WXPZY",4.29331959471063,332,NA,NA,NA,NA,NA,NA,NA,NA,NA,NA,NA,NA,NA,186.2,44.510682535,-80.031794282,-1.02173,9.3,236,20,13.9752
867,3.49478,88,169,"2026-08-29_WXPZY",4.29331959471063,331,NA,NA,NA,NA,NA,NA,NA,NA,NA,NA,NA,NA,NA,186,44.510709357,-80.031770896,-1.53719,9.3,236,20,13.9752
868,3.49866,88,169,"2026-08-29_WXPZY",4.29331959471063,330,NA,NA,NA,NA,NA,NA,NA,NA,NA,NA,NA,NA,NA,186,44.510740537,-80.031732423,-1.02828,9.3,236,20,13.9752
869,3.50261,88,169,"2026-08-29_WXPZY",4.22261633307998,330,NA,NA,NA,NA,NA,NA,NA,NA,NA,NA,NA,NA,NA,186,44.510764258,-80.031705769,-1.02828,9.34,235,20,14.2092
870,3.50656,88,170,"2026-08-29_WXPZY",4.22261633307998,332,NA,NA,NA,NA,NA,NA,NA,NA,NA,NA,NA,NA,NA,186,44.510796026,-80.031665955,-1.02828,9.34,235,20,14.2092
871,3.51052,88,170,"2026-08-29_WXPZY",4.20238695579089,335,NA,NA,NA,NA,NA,NA,NA,NA,NA,NA,NA,NA,NA,185.8,44.510823015,-80.031636367,-1.53333,9.34,235,20,14.2776
872,3.51451,89,170,"2026-08-29_WXPZY",4.17292605575029,335,NA,NA,NA,NA,NA,NA,NA,NA,NA,NA,NA,NA,NA,185.8,44.510849251,-80.031606946,-1.02051,9.19,232,20,14.3784
873,3.5185,88,170,"2026-08-29_WXPZY",4.18340026773762,338,NA,NA,NA,NA,NA,NA,NA,NA,NA,NA,NA,NA,NA,185.8,44.51087557,-80.031574843,-1.02051,9.42,233,20,14.3424
874,3.52244,89,169,"2026-08-29_WXPZY",4.2322668020992,341,NA,NA,NA,NA,NA,NA,NA,NA,NA,NA,NA,NA,NA,185.8,44.51090256,-80.031547518,-1.02051,9.23,231,20,14.1768
875,3.52636,89,169,"2026-08-29_WXPZY",4.25278557455133,340,NA,NA,NA,NA,NA,NA,NA,NA,NA,NA,NA,NA,NA,185.8,44.510929382,-80.031513991,-1.02051,9.16,233,20,14.1084
876,3.53021,88,169,"2026-08-29_WXPZY",4.32451133021969,337,NA,NA,NA,NA,NA,NA,NA,NA,NA,NA,NA,NA,NA,185.8,44.510955114,-80.031490605,-1.02051,9.34,235,20,13.8744
877,3.53404,88,169,"2026-08-29_WXPZY",4.34593654932638,336,NA,NA,NA,NA,NA,NA,NA,NA,NA,NA,NA,NA,NA,185.8,44.510984954,-80.031452384,-0.505051,9.22,238,20,13.806
878,3.53788,88,169,"2026-08-29_WXPZY",4.34593654932638,331,NA,NA,NA,NA,NA,NA,NA,NA,NA,NA,NA,NA,NA,185.8,44.51101077,-80.031423215,-0.505051,9.22,238,20,13.806
879,3.54177,88,169,"2026-08-29_WXPZY",4.28338901739056,329,NA,NA,NA,NA,NA,NA,NA,NA,NA,NA,NA,NA,NA,185.8,44.511040861,-80.031384071,-0.505051,9.22,238,20,14.0076
880,3.54569,88,170,"2026-08-29_WXPZY",4.25278557455133,330,NA,NA,NA,NA,NA,NA,NA,NA,NA,NA,NA,NA,NA,185.8,44.511065671,-80.031360937,-0.505051,9.3,236,20,14.1084
881,3.54964,88,169,"2026-08-29_WXPZY",4.22261633307998,334,NA,NA,NA,NA,NA,NA,NA,NA,NA,NA,NA,NA,NA,185.8,44.51109526,-80.031322548,0,9.34,235,20,14.2092
882,3.55358,89,169,"2026-08-29_WXPZY",4.22261633307998,336,NA,NA,NA,NA,NA,NA,NA,NA,NA,NA,NA,NA,NA,185.8,44.511122668,-80.031301342,0,9.19,232,20,14.2092
883,3.55754,88,168,"2026-08-29_WXPZY",4.21300977418268,338,NA,NA,NA,NA,NA,NA,NA,NA,NA,NA,NA,NA,NA,185.8,44.511149742,-80.031263875,0,9.38,234,20,14.2416
884,3.56146,88,168,"2026-08-29_WXPZY",4.25278557455133,337,NA,NA,NA,NA,NA,NA,NA,NA,NA,NA,NA,NA,NA,185.8,44.511171786,-80.031239819,0,9.38,234,20,14.1084
885,3.56533,88,168,"2026-08-29_WXPZY",4.30440771349862,337,NA,NA,NA,NA,NA,NA,NA,NA,NA,NA,NA,NA,NA,185.8,44.51119886,-80.031194557,0,9.34,235,20,13.9392
886,3.56923,88,168,"2026-08-29_WXPZY",4.27350427350427,333,NA,NA,NA,NA,NA,NA,NA,NA,NA,NA,NA,NA,NA,185.6,44.511220988,-80.031165974,-0.512821,9.3,236,20,14.04
887,3.57316,88,168,"2026-08-29_WXPZY",4.24304141208418,330,NA,NA,NA,NA,NA,NA,NA,NA,NA,NA,NA,NA,NA,185.6,44.511250157,-80.031126915,-0.512821,9.34,235,20,14.1408
888,3.5771,88,168,"2026-08-29_WXPZY",4.22261633307998,331,NA,NA,NA,NA,NA,NA,NA,NA,NA,NA,NA,NA,NA,185.4,44.51127656,-80.031098668,-1.02043,9.34,235,20,14.2092
889,3.58106,88,169,"2026-08-29_WXPZY",4.21300977418268,335,NA,NA,NA,NA,NA,NA,NA,NA,NA,NA,NA,NA,NA,185.4,44.511304472,-80.031070001,-1.02043,9.38,234,20,14.2416
890,3.58504,88,168,"2026-08-29_WXPZY",4.19287211740042,335,NA,NA,NA,NA,NA,NA,NA,NA,NA,NA,NA,NA,NA,185.4,44.511333138,-80.031044018,-1.02043,9.38,234,20,14.31
891,3.58898,88,169,"2026-08-29_WXPZY",4.22261633307998,337,NA,NA,NA,NA,NA,NA,NA,NA,NA,NA,NA,NA,NA,185.4,44.511360044,-80.031011999,-1.02043,9.38,234,20,14.2092
892,3.59289,88,168,"2026-08-29_WXPZY",4.26257459505541,338,NA,NA,NA,NA,NA,NA,NA,NA,NA,NA,NA,NA,NA,185.4,44.511386447,-80.030979561,-1.02043,9.3,236,20,14.076
893,3.59678,88,168,"2026-08-29_WXPZY",4.28338901739056,335,NA,NA,NA,NA,NA,NA,NA,NA,NA,NA,NA,NA,NA,185.4,44.511413437,-80.030948129,-1.02043,9.3,236,20,14.0076
894,3.60067,88,168,"2026-08-29_WXPZY",4.28338901739056,331,NA,NA,NA,NA,NA,NA,NA,NA,NA,NA,NA,NA,NA,185.2,44.511437577,-80.030915691,-1.53457,9.3,236,20,14.0076
895,3.60456,88,168,"2026-08-29_WXPZY",4.29331959471063,331,NA,NA,NA,NA,NA,NA,NA,NA,NA,NA,NA,NA,NA,185.2,44.511466829,-80.03089197,-1.53457,9.3,236,20,13.9752
896,3.60843,88,168,"2026-08-29_WXPZY",4.30440771349862,332,NA,NA,NA,NA,NA,NA,NA,NA,NA,NA,NA,NA,NA,185.2,44.511492143,-80.030855257,-1.02175,9.26,237,20,13.9392
897,3.6123,88,168,"2026-08-29_WXPZY",4.30440771349862,333,NA,NA,NA,NA,NA,NA,NA,NA,NA,NA,NA,NA,NA,185.2,44.511513852,-80.030830614,-1.02175,9.26,237,20,13.9392
898,3.61617,88,168,"2026-08-29_WXPZY",4.30440771349862,333,NA,NA,NA,NA,NA,NA,NA,NA,NA,NA,NA,NA,NA,185.2,44.511546206,-80.030792309,-0.514139,9.26,237,20,13.9392
899,3.62005,88,168,"2026-08-29_WXPZY",4.30440771349862,335,NA,NA,NA,NA,NA,NA,NA,NA,NA,NA,NA,NA,NA,185.2,44.511571268,-80.030768756,-0.514139,9.26,237,20,13.9392
900,3.62392,88,168,"2026-08-29_WXPZY",4.30440771349862,336,NA,NA,NA,NA,NA,NA,NA,NA,NA,NA,NA,NA,NA,185.2,44.511597419,-80.030727265,-0.514139,9.26,237,20,13.9392
901,3.62779,87,168,"2026-08-29_WXPZY",4.30440771349862,337,NA,NA,NA,NA,NA,NA,NA,NA,NA,NA,NA,NA,NA,185,44.5116229,-80.030700527,-1.03093,9.26,237,20,13.9392
902,3.63166,87,168,"2026-08-29_WXPZY",4.30440771349862,337,NA,NA,NA,NA,NA,NA,NA,NA,NA,NA,NA,NA,NA,185,44.511650477,-80.03066306,-1.03093,9.45,239,20,13.9392
903,3.63554,88,170,"2026-08-29_WXPZY",4.29331959471063,338,NA,NA,NA,NA,NA,NA,NA,NA,NA,NA,NA,NA,NA,184.8,44.511675539,-80.030633388,-1.5464,9.45,239,20,13.9752
904,3.63942,88,170,"2026-08-29_WXPZY",4.30440771349862,338,NA,NA,NA,NA,NA,NA,NA,NA,NA,NA,NA,NA,NA,184.8,44.511695236,-80.030592568,-1.03226,9.3,236,20,13.9392
905,3.6433,88,169,"2026-08-29_WXPZY",4.29331959471063,336,NA,NA,NA,NA,NA,NA,NA,NA,NA,NA,NA,NA,NA,184.8,44.511718286,-80.030558622,-1.03226,9.26,237,20,13.9752
906,3.64716,87,169,"2026-08-29_WXPZY",4.31443610320131,336,NA,NA,NA,NA,NA,NA,NA,NA,NA,NA,NA,NA,NA,184.8,44.511740415,-80.030529369,-1.03226,9.45,239,20,13.9068
907,3.65102,87,168,"2026-08-29_WXPZY",4.31443610320131,336,NA,NA,NA,NA,NA,NA,NA,NA,NA,NA,NA,NA,NA,184.6,44.511764806,-80.030487375,-1.55039,9.45,239,20,13.9068
908,3.65488,87,168,"2026-08-29_WXPZY",4.32451133021969,335,NA,NA,NA,NA,NA,NA,NA,NA,NA,NA,NA,NA,NA,184.6,44.511791628,-80.030459883,-1.55039,9.45,239,20,13.8744
909,3.65872,87,168,"2026-08-29_WXPZY",4.33576135969476,334,NA,NA,NA,NA,NA,NA,NA,NA,NA,NA,NA,NA,NA,184.6,44.511815433,-80.030413028,-1.55039,9.45,239,20,13.8384
910,3.66258,87,168,"2026-08-29_WXPZY",4.31443610320131,334,NA,NA,NA,NA,NA,NA,NA,NA,NA,NA,NA,NA,NA,184.6,44.511840411,-80.030384446,-1.55039,9.42,240,20,13.9068
911,3.66645,87,169,"2026-08-29_WXPZY",4.31443610320131,333,NA,NA,NA,NA,NA,NA,NA,NA,NA,NA,NA,NA,NA,184.6,44.511863042,-80.030339435,-1.0336,9.45,239,20,13.9068
912,3.67029,87,169,"2026-08-29_WXPZY",4.33576135969476,333,NA,NA,NA,NA,NA,NA,NA,NA,NA,NA,NA,NA,NA,184.6,44.511883913,-80.030311607,-1.0336,9.42,240,20,13.8384
913,3.67414,87,170,"2026-08-29_WXPZY",4.32451133021969,331,NA,NA,NA,NA,NA,NA,NA,NA,NA,NA,NA,NA,NA,184.6,44.511905538,-80.030270955,-0.518135,9.45,239,20,13.8744
914,3.67802,87,169,"2026-08-29_WXPZY",4.30440771349862,331,NA,NA,NA,NA,NA,NA,NA,NA,NA,NA,NA,NA,NA,184.4,44.511928085,-80.030235415,-1.0336,9.45,239,20,13.9392
915,3.68186,87,169,"2026-08-29_WXPZY",4.33576135969476,331,NA,NA,NA,NA,NA,NA,NA,NA,NA,NA,NA,NA,NA,184.4,44.511949376,-80.030194344,-1.0336,9.42,240,20,13.8384
916,3.6857,87,169,"2026-08-29_WXPZY",4.34593654932638,332,NA,NA,NA,NA,NA,NA,NA,NA,NA,NA,NA,NA,NA,184.4,44.511973599,-80.030153189,-1.0336,9.41,240,20,13.806
917,3.68952,87,169,"2026-08-29_WXPZY",4.3561596096881,330,NA,NA,NA,NA,NA,NA,NA,NA,NA,NA,NA,NA,NA,184.4,44.511995141,-80.03012226,-0.515464,9.41,240,20,13.7736
918,3.69335,87,169,"2026-08-29_WXPZY",4.3561596096881,330,NA,NA,NA,NA,NA,NA,NA,NA,NA,NA,NA,NA,NA,184.2,44.512018526,-80.030080266,-1.03766,9.41,240,20,13.7736
919,3.69716,87,168,"2026-08-29_WXPZY",4.3675751222921,330,NA,NA,NA,NA,NA,NA,NA,NA,NA,NA,NA,NA,NA,184.2,44.512036128,-80.030056378,-1.03766,9.41,240,20,13.7376
920,3.70098,87,169,"2026-08-29_WXPZY",4.3675751222921,330,NA,NA,NA,NA,NA,NA,NA,NA,NA,NA,NA,NA,NA,184.2,44.512059765,-80.030014468,-1.03766,9.41,240,20,13.7376
921,3.70481,87,168,"2026-08-29_WXPZY",4.34593654932638,331,NA,NA,NA,NA,NA,NA,NA,NA,NA,NA,NA,NA,NA,184.2,44.512082061,-80.02998664,-1.03766,9.41,240,20,13.806
922,3.70865,88,168,"2026-08-29_WXPZY",4.34593654932638,332,NA,NA,NA,NA,NA,NA,NA,NA,NA,NA,NA,NA,NA,184,44.512112739,-80.029945318,-1.55849,9.22,238,20,13.806
923,3.71245,87,168,"2026-08-29_WXPZY",4.38827453045463,333,NA,NA,NA,NA,NA,NA,NA,NA,NA,NA,NA,NA,NA,184,44.512131011,-80.02990718,-1.55849,9.18,239,20,13.6728
924,3.71624,88,168,"2026-08-29_WXPZY",4.39985920450546,332,NA,NA,NA,NA,NA,NA,NA,NA,NA,NA,NA,NA,NA,184,44.512156325,-80.029858062,-1.04303,9.37,241,20,13.6368
925,3.72004,87,169,"2026-08-29_WXPZY",4.37790035898783,328,NA,NA,NA,NA,NA,NA,NA,NA,NA,NA,NA,NA,NA,184,44.512180716,-80.029819254,-1.04303,9.22,238,20,13.7052
926,3.72386,88,169,"2026-08-29_WXPZY",4.3675751222921,327,NA,NA,NA,NA,NA,NA,NA,NA,NA,NA,NA,NA,NA,184,44.512200497,-80.029778602,-1.04303,9.22,238,20,13.7376
927,3.72769,88,169,"2026-08-29_WXPZY",4.34593654932638,329,NA,NA,NA,NA,NA,NA,NA,NA,NA,NA,NA,NA,NA,184,44.512224386,-80.029743565,-1.04303,9.22,238,20,13.806
928,3.73158,88,169,"2026-08-29_WXPZY",4.28338901739056,330,NA,NA,NA,NA,NA,NA,NA,NA,NA,NA,NA,NA,NA,184,44.512245173,-80.029707523,-0.520833,9.3,236,20,14.0076
929,3.73548,87,168,"2026-08-29_WXPZY",4.28338901739056,332,NA,NA,NA,NA,NA,NA,NA,NA,NA,NA,NA,NA,NA,184,44.512264954,-80.029664775,-0.520833,9.3,236,20,14.0076
930,3.73934,87,169,"2026-08-29_WXPZY",4.31443610320131,336,NA,NA,NA,NA,NA,NA,NA,NA,NA,NA,NA,NA,NA,184,44.512287669,-80.029631667,-0.520833,9.45,239,20,13.9068
931,3.7432,87,169,"2026-08-29_WXPZY",4.31443610320131,335,NA,NA,NA,NA,NA,NA,NA,NA,NA,NA,NA,NA,NA,183.8,44.512310468,-80.029590344,-1.03897,9.45,239,20,13.9068
932,3.74704,87,169,"2026-08-29_WXPZY",4.33576135969476,332,NA,NA,NA,NA,NA,NA,NA,NA,NA,NA,NA,NA,NA,183.8,44.512333434,-80.029559415,-0.518135,9.42,240,20,13.8384
933,3.75087,87,169,"2026-08-29_WXPZY",4.3561596096881,332,NA,NA,NA,NA,NA,NA,NA,NA,NA,NA,NA,NA,NA,183.8,44.512353635,-80.02951256,-0.518135,9.42,240,20,13.7736
934,3.7547,87,169,"2026-08-29_WXPZY",4.3561596096881,333,NA,NA,NA,NA,NA,NA,NA,NA,NA,NA,NA,NA,NA,183.8,44.512376769,-80.029485822,-0.518135,9.41,240,20,13.7736
935,3.75849,87,169,"2026-08-29_WXPZY",4.38827453045463,332,NA,NA,NA,NA,NA,NA,NA,NA,NA,NA,NA,NA,NA,183.8,44.512399148,-80.029442487,-0.518135,9.37,241,20,13.6728
936,3.76229,87,169,"2026-08-29_WXPZY",4.38827453045463,333,NA,NA,NA,NA,NA,NA,NA,NA,NA,NA,NA,NA,NA,183.8,44.512420271,-80.029413067,-0.518135,9.37,241,20,13.6728
937,3.76612,87,169,"2026-08-29_WXPZY",4.3561596096881,332,NA,NA,NA,NA,NA,NA,NA,NA,NA,NA,NA,NA,NA,183.6,44.512444243,-80.029373169,-1.04033,9.37,241,20,13.7736
938,3.76992,87,169,"2026-08-29_WXPZY",4.37790035898783,333,NA,NA,NA,NA,NA,NA,NA,NA,NA,NA,NA,NA,NA,183.6,44.512467712,-80.029334612,-1.04033,9.41,240,20,13.7052
939,3.77371,87,170,"2026-08-29_WXPZY",4.39985920450546,334,NA,NA,NA,NA,NA,NA,NA,NA,NA,NA,NA,NA,NA,183.6,44.512491685,-80.029304437,-1.04033,9.37,241,20,13.6368
940,3.77754,86,169,"2026-08-29_WXPZY",4.3561596096881,333,NA,NA,NA,NA,NA,NA,NA,NA,NA,NA,NA,NA,NA,183.6,44.512516411,-80.029261354,-1.04033,9.37,241,20,13.7736
941,3.78137,86,170,"2026-08-29_WXPZY",4.34593654932638,330,NA,NA,NA,NA,NA,NA,NA,NA,NA,NA,NA,NA,NA,183.6,44.512536444,-80.029236795,-0.522193,9.61,242,20,13.806
942,3.78521,86,170,"2026-08-29_WXPZY",4.34593654932638,331,NA,NA,NA,NA,NA,NA,NA,NA,NA,NA,NA,NA,NA,183.6,44.512560081,-80.029191533,-0.522193,9.61,242,20,13.806
943,3.78898,86,171,"2026-08-29_WXPZY",4.42086648983201,331,NA,NA,NA,NA,NA,NA,NA,NA,NA,NA,NA,NA,NA,183.4,44.512581622,-80.029163035,-1.0527,9.57,243,20,13.572
944,3.79274,86,170,"2026-08-29_WXPZY",4.43262411347518,329,NA,NA,NA,NA,NA,NA,NA,NA,NA,NA,NA,NA,NA,183.4,44.512606517,-80.029123053,-1.0527,9.52,244,20,13.536
945,3.79651,87,170,"2026-08-29_WXPZY",4.42086648983201,326,NA,NA,NA,NA,NA,NA,NA,NA,NA,NA,NA,NA,NA,183.4,44.512630321,-80.029095141,-1.0527,9.52,244,20,13.572
946,3.80026,87,168,"2026-08-29_WXPZY",4.44325957522438,326,NA,NA,NA,NA,NA,NA,NA,NA,NA,NA,NA,NA,NA,183.4,44.512656138,-80.029059937,-1.0527,9.33,242,20,13.5036
947,3.80404,87,167,"2026-08-29_WXPZY",4.41033783187792,328,NA,NA,NA,NA,NA,NA,NA,NA,NA,NA,NA,NA,NA,183.4,44.512682624,-80.029028086,-0.530504,9.37,241,20,13.6044
948,3.8079,88,168,"2026-08-29_WXPZY",4.31443610320131,328,NA,NA,NA,NA,NA,NA,NA,NA,NA,NA,NA,NA,NA,183.4,44.512707351,-80.02899942,-0.530504,9.26,237,20,13.9068
949,3.81176,88,168,"2026-08-29_WXPZY",4.31443610320131,330,NA,NA,NA,NA,NA,NA,NA,NA,NA,NA,NA,NA,NA,183.4,44.512734592,-80.028967904,-0.530504,9.26,237,20,13.9068
950,3.81563,88,169,"2026-08-29_WXPZY",4.31443610320131,336,NA,NA,NA,NA,NA,NA,NA,NA,NA,NA,NA,NA,NA,183.4,44.512758564,-80.02894368,-0.530504,9.26,237,20,13.9068
951,3.81945,88,169,"2026-08-29_WXPZY",4.3561596096881,337,NA,NA,NA,NA,NA,NA,NA,NA,NA,NA,NA,NA,NA,183.4,44.512788655,-80.028906465,-0.530504,9.22,238,20,13.7736
952,3.82328,88,168,"2026-08-29_WXPZY",4.3561596096881,337,NA,NA,NA,NA,NA,NA,NA,NA,NA,NA,NA,NA,NA,183.4,44.512815645,-80.02888375,-0.530504,9.22,238,20,13.7736
953,3.82709,88,168,"2026-08-29_WXPZY",4.3675751222921,333,NA,NA,NA,NA,NA,NA,NA,NA,NA,NA,NA,NA,NA,183.2,44.512842551,-80.02884645,-0.524934,9.22,238,20,13.7376
954,3.83094,88,168,"2026-08-29_WXPZY",4.33576135969476,333,NA,NA,NA,NA,NA,NA,NA,NA,NA,NA,NA,NA,NA,183.2,44.512864596,-80.028824909,-0.524934,9.26,237,20,13.8384
955,3.83478,88,168,"2026-08-29_WXPZY",4.33576135969476,331,NA,NA,NA,NA,NA,NA,NA,NA,NA,NA,NA,NA,NA,183,44.512894351,-80.02878895,-1.04577,9.26,237,20,13.8384
956,3.83868,88,170,"2026-08-29_WXPZY",4.27350427350427,334,NA,NA,NA,NA,NA,NA,NA,NA,NA,NA,NA,NA,NA,183,44.512917737,-80.028765397,-1.04577,9.3,236,20,14.04
957,3.84255,88,170,"2026-08-29_WXPZY",4.30440771349862,334,NA,NA,NA,NA,NA,NA,NA,NA,NA,NA,NA,NA,NA,183,44.512947493,-80.028725248,-1.04577,9.26,237,20,13.9392
958,3.84644,88,170,"2026-08-29_WXPZY",4.28338901739056,338,NA,NA,NA,NA,NA,NA,NA,NA,NA,NA,NA,NA,NA,183,44.512976075,-80.028699515,-1.04577,9.3,236,20,14.0076
959,3.85034,88,170,"2026-08-29_WXPZY",4.28338901739056,337,NA,NA,NA,NA,NA,NA,NA,NA,NA,NA,NA,NA,NA,183,44.513003567,-80.028666575,-1.04577,9.3,236,20,14.0076
960,3.85422,88,168,"2026-08-29_WXPZY",4.29331959471063,338,NA,NA,NA,NA,NA,NA,NA,NA,NA,NA,NA,NA,NA,183,44.513030892,-80.028636986,-1.04577,9.3,236,20,13.9752
961,3.85808,88,169,"2026-08-29_WXPZY",4.31443610320131,339,NA,NA,NA,NA,NA,NA,NA,NA,NA,NA,NA,NA,NA,182.8,44.513057715,-80.028607231,-1.5639,9.26,237,20,13.9068
962,3.86197,88,170,"2026-08-29_WXPZY",4.28338901739056,337,NA,NA,NA,NA,NA,NA,NA,NA,NA,NA,NA,NA,NA,182.8,44.513087387,-80.028575044,-1.5639,9.3,236,20,14.0076
963,3.86589,89,169,"2026-08-29_WXPZY",4.25278557455133,336,NA,NA,NA,NA,NA,NA,NA,NA,NA,NA,NA,NA,NA,182.8,44.513114963,-80.028549647,-1.03897,9.3,236,20,14.1084
964,3.86978,88,169,"2026-08-29_WXPZY",4.28338901739056,338,NA,NA,NA,NA,NA,NA,NA,NA,NA,NA,NA,NA,NA,182.8,44.513143378,-80.028516036,-1.03897,9.3,236,20,14.0076
965,3.87367,87,169,"2026-08-29_WXPZY",4.28338901739056,338,NA,NA,NA,NA,NA,NA,NA,NA,NA,NA,NA,NA,NA,182.8,44.513167769,-80.028490387,-0.518135,9.3,236,20,14.0076
966,3.87761,88,169,"2026-08-29_WXPZY",4.2322668020992,336,NA,NA,NA,NA,NA,NA,NA,NA,NA,NA,NA,NA,NA,182.8,44.513197106,-80.028452165,-0.518135,9.53,237,20,14.1768
967,3.88154,87,169,"2026-08-29_WXPZY",4.24304141208418,336,NA,NA,NA,NA,NA,NA,NA,NA,NA,NA,NA,NA,NA,182.8,44.51322267,-80.028430708,-0.518135,9.34,235,20,14.1408
968,3.88543,87,169,"2026-08-29_WXPZY",4.28338901739056,338,NA,NA,NA,NA,NA,NA,NA,NA,NA,NA,NA,NA,NA,182.8,44.513254522,-80.028387541,-0.518135,9.49,238,20,14.0076
969,3.88935,87,169,"2026-08-29_WXPZY",4.25278557455133,338,NA,NA,NA,NA,NA,NA,NA,NA,NA,NA,NA,NA,NA,182.8,44.513280506,-80.028363988,-0.518135,9.5,238,20,14.1084
970,3.8933,87,169,"2026-08-29_WXPZY",4.21300977418268,334,NA,NA,NA,NA,NA,NA,NA,NA,NA,NA,NA,NA,NA,182.8,44.513309591,-80.028327359,-0.518135,9.54,237,20,14.2416
971,3.89723,87,169,"2026-08-29_WXPZY",4.24304141208418,336,NA,NA,NA,NA,NA,NA,NA,NA,NA,NA,NA,NA,NA,182.8,44.513333898,-80.028300369,0,9.54,237,20,14.1408
972,3.90115,87,169,"2026-08-29_WXPZY",4.25278557455133,341,NA,NA,NA,NA,NA,NA,NA,NA,NA,NA,NA,NA,NA,182.8,44.513359966,-80.028269188,0,9.5,238,20,14.1084
973,3.90509,87,170,"2026-08-29_WXPZY",4.2322668020992,339,NA,NA,NA,NA,NA,NA,NA,NA,NA,NA,NA,NA,NA,182.8,44.513388381,-80.028241109,0,9.53,237,20,14.1768
974,3.909,87,171,"2026-08-29_WXPZY",4.26257459505541,339,NA,NA,NA,NA,NA,NA,NA,NA,NA,NA,NA,NA,NA,182.8,44.513414029,-80.02821303,0,9.53,237,20,14.076
975,3.91289,87,171,"2026-08-29_WXPZY",4.28338901739056,341,NA,NA,NA,NA,NA,NA,NA,NA,NA,NA,NA,NA,NA,182.8,44.513443198,-80.028177993,0,9.5,238,20,14.0076
976,3.91675,87,171,"2026-08-29_WXPZY",4.31443610320131,339,NA,NA,NA,NA,NA,NA,NA,NA,NA,NA,NA,NA,NA,182.8,44.513464321,-80.028151507,0,9.49,238,20,13.9068
977,3.9206,87,171,"2026-08-29_WXPZY",4.32451133021969,338,NA,NA,NA,NA,NA,NA,NA,NA,NA,NA,NA,NA,NA,182.8,44.513493741,-80.028119404,0,9.45,239,20,13.8744
978,3.92446,87,170,"2026-08-29_WXPZY",4.32451133021969,336,NA,NA,NA,NA,NA,NA,NA,NA,NA,NA,NA,NA,NA,182.8,44.513521653,-80.028106412,0,9.45,239,20,13.8744
979,3.92831,87,169,"2026-08-29_WXPZY",4.32451133021969,334,NA,NA,NA,NA,NA,NA,NA,NA,NA,NA,NA,NA,NA,182.8,44.51355275,-80.028072633,0,9.45,239,20,13.8744
980,3.9322,87,169,"2026-08-29_WXPZY",4.28338901739056,334,NA,NA,NA,NA,NA,NA,NA,NA,NA,NA,NA,NA,NA,182.8,44.513579739,-80.02804908,0,9.49,238,20,14.0076
981,3.9361,87,169,"2026-08-29_WXPZY",4.27350427350427,336,NA,NA,NA,NA,NA,NA,NA,NA,NA,NA,NA,NA,NA,182.6,44.513610753,-80.028010691,-0.512821,9.49,238,20,14.04
982,3.94001,87,169,"2026-08-29_WXPZY",4.26257459505541,334,NA,NA,NA,NA,NA,NA,NA,NA,NA,NA,NA,NA,NA,182.6,44.513639251,-80.027985796,-0.512821,9.5,238,20,14.076
983,3.9439,87,169,"2026-08-29_WXPZY",4.28338901739056,334,NA,NA,NA,NA,NA,NA,NA,NA,NA,NA,NA,NA,NA,182.4,44.513673533,-80.027952101,-1.02696,9.49,238,20,14.0076
984,3.94779,87,169,"2026-08-29_WXPZY",4.28338901739056,337,NA,NA,NA,NA,NA,NA,NA,NA,NA,NA,NA,NA,NA,182.4,44.51370069,-80.027922681,-1.02696,9.49,238,20,14.0076
985,3.95169,87,169,"2026-08-29_WXPZY",4.27350427350427,335,NA,NA,NA,NA,NA,NA,NA,NA,NA,NA,NA,NA,NA,182.4,44.513730865,-80.027895859,-1.02696,9.49,238,20,14.04
986,3.95561,87,169,"2026-08-29_WXPZY",4.25278557455133,332,NA,NA,NA,NA,NA,NA,NA,NA,NA,NA,NA,NA,NA,182.4,44.513759699,-80.027866522,-1.02696,9.5,238,20,14.1084
987,3.95952,87,169,"2026-08-29_WXPZY",4.26257459505541,331,NA,NA,NA,NA,NA,NA,NA,NA,NA,NA,NA,NA,NA,182.4,44.513787778,-80.027844561,-1.02696,9.5,238,20,14.076
988,3.96343,88,169,"2026-08-29_WXPZY",4.26257459505541,332,NA,NA,NA,NA,NA,NA,NA,NA,NA,NA,NA,NA,NA,182.4,44.513817031,-80.027808016,-1.02696,9.3,236,20,14.076
989,3.96731,88,168,"2026-08-29_WXPZY",4.29331959471063,332,NA,NA,NA,NA,NA,NA,NA,NA,NA,NA,NA,NA,NA,182.4,44.513841674,-80.027791169,-1.02696,9.3,236,20,13.9752
990,3.97117,88,168,"2026-08-29_WXPZY",4.32451133021969,333,NA,NA,NA,NA,NA,NA,NA,NA,NA,NA,NA,NA,NA,182.4,44.513872687,-80.027754791,-1.02696,9.26,237,20,13.8744
991,3.97503,88,168,"2026-08-29_WXPZY",4.31443610320131,331,NA,NA,NA,NA,NA,NA,NA,NA,NA,NA,NA,NA,NA,182.4,44.513897833,-80.027738698,-0.514139,9.26,237,20,13.9068
992,3.97889,88,168,"2026-08-29_WXPZY",4.31443610320131,330,NA,NA,NA,NA,NA,NA,NA,NA,NA,NA,NA,NA,NA,182.4,44.513930271,-80.027698297,-0.514139,9.26,237,20,13.9068
993,3.98277,88,168,"2026-08-29_WXPZY",4.30440771349862,336,NA,NA,NA,NA,NA,NA,NA,NA,NA,NA,NA,NA,NA,182.4,44.513955752,-80.027674576,0,9.26,237,20,13.9392
994,3.98666,88,168,"2026-08-29_WXPZY",4.28338901739056,340,NA,NA,NA,NA,NA,NA,NA,NA,NA,NA,NA,NA,NA,182.4,44.513987519,-80.02763778,0,9.3,236,20,14.0076
995,3.99057,88,168,"2026-08-29_WXPZY",4.26257459505541,344,NA,NA,NA,NA,NA,NA,NA,NA,NA,NA,NA,NA,NA,182.4,44.51401476,-80.027610622,0,9.3,236,20,14.076
996,3.99449,88,168,"2026-08-29_WXPZY",4.25278557455133,346,NA,NA,NA,NA,NA,NA,NA,NA,NA,NA,NA,NA,NA,182.4,44.514045019,-80.027579609,0,9.3,236,20,14.1084
997,3.99842,88,168,"2026-08-29_WXPZY",4.2322668020992,346,NA,NA,NA,NA,NA,NA,NA,NA,NA,NA,NA,NA,NA,182.2,44.514073014,-80.027552284,-0.508906,9.34,235,20,14.1768
998,4.00236,88,168,"2026-08-29_WXPZY",4.2322668020992,345,NA,NA,NA,NA,NA,NA,NA,NA,NA,NA,NA,NA,NA,182.2,44.514098412,-80.02752563,-0.508906,9.34,235,20,14.1768
999,4.00629,88,168,"2026-08-29_WXPZY",4.24304141208418,342,NA,NA,NA,NA,NA,NA,NA,NA,NA,NA,NA,NA,NA,182.2,44.514127245,-80.027496377,-0.508906,9.34,235,20,14.1408
1000,4.01023,87,168,"2026-08-29_WXPZY",4.2322668020992,339,NA,NA,NA,NA,NA,NA,NA,NA,NA,NA,NA,NA,NA,182.2,44.514154235,-80.027471902,-0.508906,9.53,237,20,14.1768
1001,4.01414,87,168,"2026-08-29_WXPZY",4.25278557455133,336,NA,NA,NA,NA,NA,NA,NA,NA,NA,NA,NA,NA,NA,182.2,44.514185835,-80.027439883,-0.508906,9.5,238,20,14.1084
1002,4.01804,87,168,"2026-08-29_WXPZY",4.28338901739056,334,NA,NA,NA,NA,NA,NA,NA,NA,NA,NA,NA,NA,NA,182.2,44.514212992,-80.027422616,-0.508906,9.49,238,20,14.0076
1003,4.02189,87,167,"2026-08-29_WXPZY",4.32451133021969,334,NA,NA,NA,NA,NA,NA,NA,NA,NA,NA,NA,NA,NA,182.2,44.514244341,-80.027385904,-0.508906,9.45,239,20,13.8744
1004,4.02574,87,166,"2026-08-29_WXPZY",4.32451133021969,331,NA,NA,NA,NA,NA,NA,NA,NA,NA,NA,NA,NA,NA,182.2,44.51427133,-80.027359752,-0.508906,9.45,239,20,13.8744
1005,4.02962,87,167,"2026-08-29_WXPZY",4.30440771349862,330,NA,NA,NA,NA,NA,NA,NA,NA,NA,NA,NA,NA,NA,182.2,44.514306451,-80.027327649,-0.508906,9.45,239,20,13.9392
1006,4.03348,87,167,"2026-08-29_WXPZY",4.31443610320131,331,NA,NA,NA,NA,NA,NA,NA,NA,NA,NA,NA,NA,NA,182.2,44.514334698,-80.027305773,-0.508906,9.45,239,20,13.9068
1007,4.03738,87,166,"2026-08-29_WXPZY",4.27350427350427,334,NA,NA,NA,NA,NA,NA,NA,NA,NA,NA,NA,NA,NA,182,44.514366213,-80.027278699,-0.512821,9.45,239,20,14.04
1008,4.04132,87,166,"2026-08-29_WXPZY",4.2322668020992,336,NA,NA,NA,NA,NA,NA,NA,NA,NA,NA,NA,NA,NA,182,44.514396975,-80.027246261,-0.512821,9.49,238,20,14.1768
1009,4.04526,87,166,"2026-08-29_WXPZY",4.22261633307998,338,NA,NA,NA,NA,NA,NA,NA,NA,NA,NA,NA,NA,NA,182,44.514423294,-80.027221199,-0.512821,9.54,237,20,14.2092
1010,4.0492,87,166,"2026-08-29_WXPZY",4.2322668020992,340,NA,NA,NA,NA,NA,NA,NA,NA,NA,NA,NA,NA,NA,182,44.514452128,-80.027185073,-0.512821,9.54,237,20,14.1768
1011,4.05313,87,166,"2026-08-29_WXPZY",4.24304141208418,339,NA,NA,NA,NA,NA,NA,NA,NA,NA,NA,NA,NA,NA,181.8,44.514477441,-80.027158922,-1.02173,9.53,237,20,14.1408
1012,4.05704,87,166,"2026-08-29_WXPZY",4.26257459505541,339,NA,NA,NA,NA,NA,NA,NA,NA,NA,NA,NA,NA,NA,181.6,44.514503761,-80.027124304,-1.53324,9.53,237,20,14.076
1013,4.06095,87,166,"2026-08-29_WXPZY",4.26257459505541,337,NA,NA,NA,NA,NA,NA,NA,NA,NA,NA,NA,NA,NA,181.6,44.514527565,-80.027100332,-1.53324,9.5,238,20,14.076
1014,4.06487,87,166,"2026-08-29_WXPZY",4.25278557455133,336,NA,NA,NA,NA,NA,NA,NA,NA,NA,NA,NA,NA,NA,181.4,44.514557069,-80.027068146,-2.04344,9.5,238,20,14.1084
1015,4.06878,86,166,"2026-08-29_WXPZY",4.26257459505541,336,NA,NA,NA,NA,NA,NA,NA,NA,NA,NA,NA,NA,NA,181.4,44.514579114,-80.027039312,-2.04344,9.5,238,20,14.076
1016,4.0727,88,166,"2026-08-29_WXPZY",4.24304141208418,336,NA,NA,NA,NA,NA,NA,NA,NA,NA,NA,NA,NA,NA,181.4,44.514605936,-80.027006287,-2.04344,9.69,240,20,14.1408
1017,4.07662,88,167,"2026-08-29_WXPZY",4.25278557455133,336,NA,NA,NA,NA,NA,NA,NA,NA,NA,NA,NA,NA,NA,181.4,44.514635021,-80.026977537,-1.53062,9.34,235,20,14.1084
1018,4.08053,87,167,"2026-08-29_WXPZY",4.26257459505541,338,NA,NA,NA,NA,NA,NA,NA,NA,NA,NA,NA,NA,NA,181.4,44.51466419,-80.026956163,-1.53062,9.5,238,20,14.076
1019,4.08438,86,167,"2026-08-29_WXPZY",4.33576135969476,337,NA,NA,NA,NA,NA,NA,NA,NA,NA,NA,NA,NA,NA,181.4,44.514694952,-80.026923139,-1.53062,9.61,242,20,13.8384
1020,4.08823,86,167,"2026-08-29_WXPZY",4.32451133021969,336,NA,NA,NA,NA,NA,NA,NA,NA,NA,NA,NA,NA,NA,181.6,44.514721522,-80.026900927,-1.01114,9.61,242,20,13.8744
1021,4.09209,87,168,"2026-08-29_WXPZY",4.31443610320131,332,NA,NA,NA,NA,NA,NA,NA,NA,NA,NA,NA,NA,NA,181.6,44.514753541,-80.026869746,-0.502233,9.45,239,20,13.9068
1022,4.09598,87,168,"2026-08-29_WXPZY",4.28338901739056,334,NA,NA,NA,NA,NA,NA,NA,NA,NA,NA,NA,NA,NA,181.4,44.514776508,-80.026845606,-0.504862,9.49,238,20,14.0076
1023,4.09988,87,169,"2026-08-29_WXPZY",4.28338901739056,332,NA,NA,NA,NA,NA,NA,NA,NA,NA,NA,NA,NA,NA,181.4,44.514808862,-80.026806965,-0.504862,9.49,238,20,14.0076
1024,4.10382,88,169,"2026-08-29_WXPZY",4.22261633307998,334,NA,NA,NA,NA,NA,NA,NA,NA,NA,NA,NA,NA,NA,181.2,44.51483384,-80.026781568,-0.502273,9.54,237,20,14.2092
1025,4.10778,88,169,"2026-08-29_WXPZY",4.21300977418268,334,NA,NA,NA,NA,NA,NA,NA,NA,NA,NA,NA,NA,NA,181.2,44.514869044,-80.026742844,-0.502273,9.38,234,20,14.2416
1026,4.11172,88,169,"2026-08-29_WXPZY",4.22261633307998,337,NA,NA,NA,NA,NA,NA,NA,NA,NA,NA,NA,NA,NA,181.2,44.514898464,-80.026712501,-0.502273,9.34,235,20,14.2092
1027,4.11567,88,169,"2026-08-29_WXPZY",4.22261633307998,336,NA,NA,NA,NA,NA,NA,NA,NA,NA,NA,NA,NA,NA,181.2,44.514929142,-80.026680566,-0.502273,9.34,235,20,14.2092
1028,4.11962,88,169,"2026-08-29_WXPZY",4.22261633307998,334,NA,NA,NA,NA,NA,NA,NA,NA,NA,NA,NA,NA,NA,181.2,44.514955713,-80.026649889,-0.502273,9.34,235,20,14.2092
1029,4.12353,87,168,"2026-08-29_WXPZY",4.26257459505541,334,NA,NA,NA,NA,NA,NA,NA,NA,NA,NA,NA,NA,NA,181.2,44.514983624,-80.026618876,-0.502273,9.5,238,20,14.076
1030,4.12742,87,167,"2026-08-29_WXPZY",4.28338901739056,335,NA,NA,NA,NA,NA,NA,NA,NA,NA,NA,NA,NA,NA,181.2,44.515013464,-80.026588449,-1.02175,9.49,238,20,14.0076
1031,4.13128,87,168,"2026-08-29_WXPZY",4.31443610320131,332,NA,NA,NA,NA,NA,NA,NA,NA,NA,NA,NA,NA,NA,181,44.515038861,-80.026566153,-1.53989,9.45,239,20,13.9068
1032,4.13514,87,167,"2026-08-29_WXPZY",4.31443610320131,332,NA,NA,NA,NA,NA,NA,NA,NA,NA,NA,NA,NA,NA,181,44.51506736,-80.02653271,-1.02575,9.45,239,20,13.9068
1033,4.13901,87,167,"2026-08-29_WXPZY",4.31443610320131,332,NA,NA,NA,NA,NA,NA,NA,NA,NA,NA,NA,NA,NA,181,44.515092841,-80.026510749,-1.02575,9.45,239,20,13.9068
1034,4.14289,87,167,"2026-08-29_WXPZY",4.29331959471063,332,NA,NA,NA,NA,NA,NA,NA,NA,NA,NA,NA,NA,NA,181,44.515120501,-80.02647345,-0.518135,9.46,239,20,13.9752
1035,4.14678,87,167,"2026-08-29_WXPZY",4.28338901739056,331,NA,NA,NA,NA,NA,NA,NA,NA,NA,NA,NA,NA,NA,181,44.515142713,-80.026448891,-0.518135,9.49,238,20,14.0076
1036,4.15068,87,168,"2026-08-29_WXPZY",4.27350427350427,334,NA,NA,NA,NA,NA,NA,NA,NA,NA,NA,NA,NA,NA,181,44.515174564,-80.026419219,-0.518135,9.49,238,20,14.04
1037,4.15457,87,168,"2026-08-29_WXPZY",4.28338901739056,334,NA,NA,NA,NA,NA,NA,NA,NA,NA,NA,NA,NA,NA,181,44.515201302,-80.026392397,-0.518135,9.49,238,20,14.0076
1038,4.15845,87,168,"2026-08-29_WXPZY",4.29331959471063,332,NA,NA,NA,NA,NA,NA,NA,NA,NA,NA,NA,NA,NA,181,44.515230472,-80.026365994,-0.518135,9.46,239,20,13.9752
1039,4.16232,87,168,"2026-08-29_WXPZY",4.30440771349862,332,NA,NA,NA,NA,NA,NA,NA,NA,NA,NA,NA,NA,NA,181,44.515257629,-80.026333723,-0.518135,9.45,239,20,13.9392
1040,4.1662,86,167,"2026-08-29_WXPZY",4.30440771349862,332,NA,NA,NA,NA,NA,NA,NA,NA,NA,NA,NA,NA,NA,181,44.51528378,-80.026309751,-0.518135,9.65,241,20,13.9392
1041,4.17006,86,167,"2026-08-29_WXPZY",4.31443610320131,332,NA,NA,NA,NA,NA,NA,NA,NA,NA,NA,NA,NA,NA,181,44.515315799,-80.026272116,0,9.65,241,20,13.9068
1042,4.1739,86,167,"2026-08-29_WXPZY",4.33576135969476,333,NA,NA,NA,NA,NA,NA,NA,NA,NA,NA,NA,NA,NA,181,44.51533952,-80.026253592,0,9.65,241,20,13.8384
1043,4.17774,86,168,"2026-08-29_WXPZY",4.34593654932638,337,NA,NA,NA,NA,NA,NA,NA,NA,NA,NA,NA,NA,NA,181,44.515374305,-80.026222495,0,9.61,242,20,13.806
1044,4.18156,86,167,"2026-08-29_WXPZY",4.3675751222921,338,NA,NA,NA,NA,NA,NA,NA,NA,NA,NA,NA,NA,NA,181,44.51540163,-80.026199697,0,9.61,242,20,13.7376
1045,4.18534,87,167,"2026-08-29_WXPZY",4.39985920450546,335,NA,NA,NA,NA,NA,NA,NA,NA,NA,NA,NA,NA,NA,180.8,44.515435493,-80.026163487,-0.529101,9.57,243,20,13.6368
1046,4.18912,87,167,"2026-08-29_WXPZY",4.41033783187792,331,NA,NA,NA,NA,NA,NA,NA,NA,NA,NA,NA,NA,NA,180.8,44.515461477,-80.026135659,-0.529101,9.37,241,20,13.6044
1047,4.19292,87,165,"2026-08-29_WXPZY",4.38827453045463,325,NA,NA,NA,NA,NA,NA,NA,NA,NA,NA,NA,NA,NA,180.8,44.515488466,-80.026106322,-0.529101,9.37,241,20,13.6728
1048,4.1967,87,164,"2026-08-29_WXPZY",4.41033783187792,322,NA,NA,NA,NA,NA,NA,NA,NA,NA,NA,NA,NA,NA,180.8,44.515517049,-80.026076566,-0.529101,9.37,241,20,13.6044
1049,4.2005,86,164,"2026-08-29_WXPZY",4.38827453045463,321,NA,NA,NA,NA,NA,NA,NA,NA,NA,NA,NA,NA,NA,180.8,44.515543452,-80.026052929,-0.529101,9.37,241,20,13.6728
1050,4.20428,86,164,"2026-08-29_WXPZY",4.39985920450546,320,NA,NA,NA,NA,NA,NA,NA,NA,NA,NA,NA,NA,NA,180.6,44.515571866,-80.026021665,-1.0582,9.57,243,20,13.6368
1051,4.20807,86,165,"2026-08-29_WXPZY",4.39985920450546,321,NA,NA,NA,NA,NA,NA,NA,NA,NA,NA,NA,NA,NA,180.6,44.515596342,-80.026000878,-1.0582,9.57,243,20,13.6368
1052,4.21187,87,165,"2026-08-29_WXPZY",4.38827453045463,322,NA,NA,NA,NA,NA,NA,NA,NA,NA,NA,NA,NA,NA,180.6,44.515625427,-80.02596953,-1.0582,9.57,243,20,13.6728
1053,4.21568,87,165,"2026-08-29_WXPZY",4.37790035898783,325,NA,NA,NA,NA,NA,NA,NA,NA,NA,NA,NA,NA,NA,180.6,44.515649986,-80.025949664,-1.0582,9.37,241,20,13.7052
1054,4.21945,87,166,"2026-08-29_WXPZY",4.42086648983201,324,NA,NA,NA,NA,NA,NA,NA,NA,NA,NA,NA,NA,NA,180.6,44.515682675,-80.025920076,-1.0582,9.33,242,20,13.572
1055,4.22322,88,166,"2026-08-29_WXPZY",4.42086648983201,326,NA,NA,NA,NA,NA,NA,NA,NA,NA,NA,NA,NA,NA,180.6,44.515708743,-80.025897613,-0.529101,9.18,239,20,13.572
1056,4.22697,88,166,"2026-08-29_WXPZY",4.44325957522438,324,NA,NA,NA,NA,NA,NA,NA,NA,NA,NA,NA,NA,NA,180.6,44.515738331,-80.025873641,-0.529101,9.14,240,20,13.5036
1057,4.2307,88,166,"2026-08-29_WXPZY",4.46588067166845,324,NA,NA,NA,NA,NA,NA,NA,NA,NA,NA,NA,NA,NA,180.6,44.515763058,-80.025847489,-0.529101,9.14,240,20,13.4352
1058,4.2344,87,166,"2026-08-29_WXPZY",4.4996400287977,323,NA,NA,NA,NA,NA,NA,NA,NA,NA,NA,NA,NA,NA,180.6,44.515794825,-80.025824523,-0.529101,9.14,240,20,13.3344
1059,4.23814,87,166,"2026-08-29_WXPZY",4.46588067166845,321,NA,NA,NA,NA,NA,NA,NA,NA,NA,NA,NA,NA,NA,180.6,44.515821815,-80.025798706,-0.529101,9.29,243,20,13.4352
1060,4.24189,87,166,"2026-08-29_WXPZY",4.44325957522438,320,NA,NA,NA,NA,NA,NA,NA,NA,NA,NA,NA,NA,NA,180.6,44.515849559,-80.02577859,0,9.33,242,20,13.5036
1061,4.24564,87,167,"2026-08-29_WXPZY",4.44325957522438,321,NA,NA,NA,NA,NA,NA,NA,NA,NA,NA,NA,NA,NA,180.6,44.515877052,-80.025748499,0,9.33,242,20,13.5036
1062,4.24941,87,167,"2026-08-29_WXPZY",4.42086648983201,323,NA,NA,NA,NA,NA,NA,NA,NA,NA,NA,NA,NA,NA,180.6,44.5159027,-80.025733076,0,9.33,242,20,13.572
1063,4.25318,87,167,"2026-08-29_WXPZY",4.42086648983201,322,NA,NA,NA,NA,NA,NA,NA,NA,NA,NA,NA,NA,NA,180.4,44.515936312,-80.02570265,-0.530504,9.33,242,20,13.572
1064,4.25695,87,168,"2026-08-29_WXPZY",4.42086648983201,324,NA,NA,NA,NA,NA,NA,NA,NA,NA,NA,NA,NA,NA,180.4,44.51596305,-80.025683036,-0.530504,9.33,242,20,13.572
1065,4.26071,87,167,"2026-08-29_WXPZY",4.43262411347518,325,NA,NA,NA,NA,NA,NA,NA,NA,NA,NA,NA,NA,NA,180.4,44.515998924,-80.025648335,-0.530504,9.33,242,20,13.536
1066,4.26445,87,166,"2026-08-29_WXPZY",4.45394619632995,324,NA,NA,NA,NA,NA,NA,NA,NA,NA,NA,NA,NA,NA,180.4,44.516025495,-80.025622854,-0.530504,9.33,242,20,13.4712
1067,4.26817,87,166,"2026-08-29_WXPZY",4.476676515355,324,NA,NA,NA,NA,NA,NA,NA,NA,NA,NA,NA,NA,NA,180.4,44.516059861,-80.025597708,-0.530504,9.29,243,20,13.4028
1068,4.27192,87,166,"2026-08-29_WXPZY",4.44325957522438,325,NA,NA,NA,NA,NA,NA,NA,NA,NA,NA,NA,NA,NA,180.4,44.516088443,-80.025571473,-0.530504,9.33,242,20,13.5036
1069,4.27566,87,166,"2026-08-29_WXPZY",4.45394619632995,324,NA,NA,NA,NA,NA,NA,NA,NA,NA,NA,NA,NA,NA,180.4,44.516114511,-80.025549596,-0.530504,9.33,242,20,13.4712
1070,4.27936,87,166,"2026-08-29_WXPZY",4.510599909788,328,NA,NA,NA,NA,NA,NA,NA,NA,NA,NA,NA,NA,NA,180.4,44.516144937,-80.025519002,-0.530504,9.25,244,20,13.302
1071,4.28304,87,166,"2026-08-29_WXPZY",4.52161331162959,330,NA,NA,NA,NA,NA,NA,NA,NA,NA,NA,NA,NA,NA,180.4,44.516169664,-80.025500059,-0.530504,9.25,244,20,13.2696
1072,4.28671,87,166,"2026-08-29_WXPZY",4.54504135987638,327,NA,NA,NA,NA,NA,NA,NA,NA,NA,NA,NA,NA,NA,180.2,44.516199336,-80.025466364,-1.07546,9.24,244,20,13.2012
1073,4.29038,87,166,"2026-08-29_WXPZY",4.54504135987638,327,NA,NA,NA,NA,NA,NA,NA,NA,NA,NA,NA,NA,NA,180.2,44.516220039,-80.025441721,-0.544959,9.24,244,20,13.2012
1074,4.2941,87,166,"2026-08-29_WXPZY",4.476676515355,327,NA,NA,NA,NA,NA,NA,NA,NA,NA,NA,NA,NA,NA,180.2,44.516251387,-80.025405008,-0.544959,9.29,243,20,13.4028
1075,4.2979,87,167,"2026-08-29_WXPZY",4.38827453045463,327,NA,NA,NA,NA,NA,NA,NA,NA,NA,NA,NA,NA,NA,180.2,44.516272426,-80.02538003,-0.544959,9.37,241,20,13.6728
1076,4.30174,88,167,"2026-08-29_WXPZY",4.33576135969476,331,NA,NA,NA,NA,NA,NA,NA,NA,NA,NA,NA,NA,NA,180.2,44.516296733,-80.025344742,-0.544959,9.26,237,20,13.8384
1077,4.30561,88,167,"2026-08-29_WXPZY",4.31443610320131,334,NA,NA,NA,NA,NA,NA,NA,NA,NA,NA,NA,NA,NA,180.4,44.516322885,-80.025316412,-0.0281633,9.26,237,20,13.9068
1078,4.30945,87,167,"2026-08-29_WXPZY",4.33576135969476,335,NA,NA,NA,NA,NA,NA,NA,NA,NA,NA,NA,NA,NA,180.2,44.516349958,-80.025287662,-0.548997,9.42,240,20,13.8384
1079,4.31328,87,167,"2026-08-29_WXPZY",4.3561596096881,335,NA,NA,NA,NA,NA,NA,NA,NA,NA,NA,NA,NA,NA,180.2,44.516379463,-80.025254469,-0.548997,9.42,240,20,13.7736
1080,4.31712,87,166,"2026-08-29_WXPZY",4.33576135969476,334,NA,NA,NA,NA,NA,NA,NA,NA,NA,NA,NA,NA,NA,180.2,44.516404441,-80.02523276,-0.548997,9.41,240,20,13.8384
1081,4.32095,87,166,"2026-08-29_WXPZY",4.34593654932638,332,NA,NA,NA,NA,NA,NA,NA,NA,NA,NA,NA,NA,NA,180.2,44.516429419,-80.025198394,-0.548997,9.42,240,20,13.806
1082,4.3248,87,166,"2026-08-29_WXPZY",4.33576135969476,334,NA,NA,NA,NA,NA,NA,NA,NA,NA,NA,NA,NA,NA,180,44.516450458,-80.02517526,-0.523518,9.41,240,20,13.8384
1083,4.32866,87,166,"2026-08-29_WXPZY",4.31443610320131,334,NA,NA,NA,NA,NA,NA,NA,NA,NA,NA,NA,NA,NA,180,44.51648189,-80.025130166,-0.523518,9.45,239,21,13.9068
1084,4.33252,87,166,"2026-08-29_WXPZY",4.31443610320131,335,NA,NA,NA,NA,NA,NA,NA,NA,NA,NA,NA,NA,NA,180.2,44.516506197,-80.025102338,0,9.45,239,20,13.9068
1085,4.33633,86,166,"2026-08-29_WXPZY",4.37790035898783,335,NA,NA,NA,NA,NA,NA,NA,NA,NA,NA,NA,NA,NA,180,44.516537378,-80.025066128,-0.530318,9.65,241,20,13.7052
1086,4.34011,87,166,"2026-08-29_WXPZY",4.41033783187792,336,NA,NA,NA,NA,NA,NA,NA,NA,NA,NA,NA,NA,NA,180.2,44.516563446,-80.025038132,0,9.37,241,20,13.6044
1087,4.3439,86,166,"2026-08-29_WXPZY",4.39985920450546,331,NA,NA,NA,NA,NA,NA,NA,NA,NA,NA,NA,NA,NA,180.2,44.5165901,-80.025009215,-0.518013,9.53,244,20,13.6368
1088,4.34768,86,166,"2026-08-29_WXPZY",4.41033783187792,329,NA,NA,NA,NA,NA,NA,NA,NA,NA,NA,NA,NA,NA,180.2,44.516618263,-80.024971832,0,9.53,244,20,13.6044
1089,4.35147,87,167,"2026-08-29_WXPZY",4.38827453045463,330,NA,NA,NA,NA,NA,NA,NA,NA,NA,NA,NA,NA,NA,180.2,44.516641313,-80.024948362,0,9.37,241,20,13.6728
1090,4.35528,86,167,"2026-08-29_WXPZY",4.37790035898783,329,NA,NA,NA,NA,NA,NA,NA,NA,NA,NA,NA,NA,NA,180.2,44.516671991,-80.024910476,0,9.57,243,20,13.7052
1091,4.35906,87,168,"2026-08-29_WXPZY",4.41033783187792,329,NA,NA,NA,NA,NA,NA,NA,NA,NA,NA,NA,NA,NA,180,44.5166937,-80.024885414,-0.52628,9.37,241,20,13.6044
1092,4.36282,87,168,"2026-08-29_WXPZY",4.43262411347518,330,NA,NA,NA,NA,NA,NA,NA,NA,NA,NA,NA,NA,NA,180.2,44.516719852,-80.024846941,0.525115,9.33,242,21,13.536
1093,4.36656,87,168,"2026-08-29_WXPZY",4.45394619632995,328,NA,NA,NA,NA,NA,NA,NA,NA,NA,NA,NA,NA,NA,180.2,44.516739885,-80.024820119,0.525115,9.33,242,20,13.4712
1094,4.37026,87,168,"2026-08-29_WXPZY",4.510599909788,326,NA,NA,NA,NA,NA,NA,NA,NA,NA,NA,NA,NA,NA,180.2,44.516767545,-80.024782149,0,9.25,244,20,13.302
1095,4.37395,87,168,"2026-08-29_WXPZY",4.510599909788,325,NA,NA,NA,NA,NA,NA,NA,NA,NA,NA,NA,NA,NA,180.2,44.516791852,-80.024746694,0.531915,9.25,244,20,13.302
1096,4.37767,87,168,"2026-08-29_WXPZY",4.48752468138575,321,NA,NA,NA,NA,NA,NA,NA,NA,NA,NA,NA,NA,NA,180,44.51681968,-80.024717189,-0.53482,9.25,244,20,13.3704
1097,4.38138,87,168,"2026-08-29_WXPZY",4.48752468138575,321,NA,NA,NA,NA,NA,NA,NA,NA,NA,NA,NA,NA,NA,180,44.516847424,-80.024682907,-0.53482,9.29,243,20,13.3704
1098,4.38507,87,168,"2026-08-29_WXPZY",4.510599909788,323,NA,NA,NA,NA,NA,NA,NA,NA,NA,NA,NA,NA,NA,180,44.516869469,-80.024658935,-0.53482,9.25,244,20,13.302
1099,4.38879,87,169,"2026-08-29_WXPZY",4.48752468138575,323,NA,NA,NA,NA,NA,NA,NA,NA,NA,NA,NA,NA,NA,179.8,44.516899476,-80.024622725,-1.07245,9.25,244,21,13.3704
1100,4.39248,86,169,"2026-08-29_WXPZY",4.510599909788,319,NA,NA,NA,NA,NA,NA,NA,NA,NA,NA,NA,NA,NA,179.8,44.516921185,-80.024602944,-1.07245,9.44,246,20,13.302
1101,4.39619,86,170,"2026-08-29_WXPZY",4.4996400287977,319,NA,NA,NA,NA,NA,NA,NA,NA,NA,NA,NA,NA,NA,179.8,44.516950354,-80.024572182,-0.543354,9.44,246,20,13.3344
1102,4.39992,86,169,"2026-08-29_WXPZY",4.46588067166845,319,NA,NA,NA,NA,NA,NA,NA,NA,NA,NA,NA,NA,NA,179.8,44.51697441,-80.024542259,-1.07527,9.48,245,20,13.4352
1103,4.4037,86,169,"2026-08-29_WXPZY",4.41033783187792,320,NA,NA,NA,NA,NA,NA,NA,NA,NA,NA,NA,NA,NA,179.8,44.517000478,-80.024509821,-1.07527,9.48,245,20,13.6044
1104,4.40747,86,169,"2026-08-29_WXPZY",4.42086648983201,322,NA,NA,NA,NA,NA,NA,NA,NA,NA,NA,NA,NA,NA,179.6,44.517027216,-80.024475539,-1.60577,9.53,244,20,13.572
1105,4.41122,86,169,"2026-08-29_WXPZY",4.44325957522438,325,NA,NA,NA,NA,NA,NA,NA,NA,NA,NA,NA,NA,NA,179.6,44.517050853,-80.024455925,-1.60577,9.52,244,20,13.5036
1106,4.41494,86,169,"2026-08-29_WXPZY",4.476676515355,325,NA,NA,NA,NA,NA,NA,NA,NA,NA,NA,NA,NA,NA,179.6,44.51708086,-80.024423907,-1.06814,9.52,244,20,13.4028
1107,4.41863,86,169,"2026-08-29_WXPZY",4.52161331162959,323,NA,NA,NA,NA,NA,NA,NA,NA,NA,NA,NA,NA,NA,179.6,44.517101396,-80.0244027,-1.06814,9.48,245,20,13.2696
1108,4.42228,85,169,"2026-08-29_WXPZY",4.55622380171314,319,NA,NA,NA,NA,NA,NA,NA,NA,NA,NA,NA,NA,NA,179.6,44.517130984,-80.024364395,-1.06814,9.44,246,20,13.1688
1109,4.42595,85,169,"2026-08-29_WXPZY",4.54504135987638,316,NA,NA,NA,NA,NA,NA,NA,NA,NA,NA,NA,NA,NA,179.6,44.517152777,-80.024337489,-0.530504,9.6,249,21,13.2012
1110,4.42965,85,169,"2026-08-29_WXPZY",4.510599909788,314,NA,NA,NA,NA,NA,NA,NA,NA,NA,NA,NA,NA,NA,179.6,44.517179767,-80.024299603,-0.530504,9.64,248,21,13.302
1111,4.43332,86,169,"2026-08-29_WXPZY",4.53391367428364,316,NA,NA,NA,NA,NA,NA,NA,NA,NA,NA,NA,NA,NA,179.6,44.517202733,-80.024263561,-0.530504,9.6,249,20,13.2336
1112,4.43698,86,169,"2026-08-29_WXPZY",4.55622380171314,317,NA,NA,NA,NA,NA,NA,NA,NA,NA,NA,NA,NA,NA,179.6,44.517229136,-80.024233721,-0.530504,9.44,246,20,13.1688
1113,4.44064,87,168,"2026-08-29_WXPZY",4.55622380171314,316,NA,NA,NA,NA,NA,NA,NA,NA,NA,NA,NA,NA,NA,179.6,44.517251935,-80.024198014,-0.530504,9.24,244,20,13.1688
1114,4.44431,87,167,"2026-08-29_WXPZY",4.53391367428364,315,NA,NA,NA,NA,NA,NA,NA,NA,NA,NA,NA,NA,NA,179.6,44.517275153,-80.024172869,0,9.24,244,21,13.2336
1115,4.44801,87,167,"2026-08-29_WXPZY",4.510599909788,314,NA,NA,NA,NA,NA,NA,NA,NA,NA,NA,NA,NA,NA,179.6,44.517299293,-80.024130624,0,9.24,244,20,13.302
1116,4.45174,87,167,"2026-08-29_WXPZY",4.46588067166845,317,NA,NA,NA,NA,NA,NA,NA,NA,NA,NA,NA,NA,NA,179.6,44.517320667,-80.024102964,0,9.29,243,21,13.4352
1117,4.45549,87,168,"2026-08-29_WXPZY",4.44325957522438,319,NA,NA,NA,NA,NA,NA,NA,NA,NA,NA,NA,NA,NA,179.6,44.517349081,-80.024062479,0,9.29,243,21,13.5036
1118,4.45925,88,168,"2026-08-29_WXPZY",4.43262411347518,323,NA,NA,NA,NA,NA,NA,NA,NA,NA,NA,NA,NA,NA,179.4,44.517369701,-80.024032807,-0.531915,9.33,242,21,13.536
1119,4.46301,88,168,"2026-08-29_WXPZY",4.43262411347518,326,NA,NA,NA,NA,NA,NA,NA,NA,NA,NA,NA,NA,NA,179.6,44.517397696,-80.024001459,0,9.14,240,20,13.536
1120,4.46666,87,167,"2026-08-29_WXPZY",4.5687134502924,329,NA,NA,NA,NA,NA,NA,NA,NA,NA,NA,NA,NA,NA,179.6,44.517422507,-80.023974637,0,9.28,243,20,13.1328
1121,4.47027,87,166,"2026-08-29_WXPZY",4.61552663158866,328,NA,NA,NA,NA,NA,NA,NA,NA,NA,NA,NA,NA,NA,179.6,44.517448994,-80.023949491,0,9.2,245,20,12.9996
1122,4.47388,87,166,"2026-08-29_WXPZY",4.61552663158866,325,NA,NA,NA,NA,NA,NA,NA,NA,NA,NA,NA,NA,NA,179.6,44.517475229,-80.023919484,0,9.16,246,21,12.9996
1123,4.47748,87,167,"2026-08-29_WXPZY",4.63994060876021,323,NA,NA,NA,NA,NA,NA,NA,NA,NA,NA,NA,NA,NA,179.8,44.517495932,-80.023895428,0.555556,9.15,246,20,12.9312
1124,4.48109,87,167,"2026-08-29_WXPZY",4.61552663158866,322,NA,NA,NA,NA,NA,NA,NA,NA,NA,NA,NA,NA,NA,179.8,44.51752376,-80.023857458,0.555556,9.15,246,21,12.9996
1125,4.4847,87,167,"2026-08-29_WXPZY",4.61552663158866,322,NA,NA,NA,NA,NA,NA,NA,NA,NA,NA,NA,NA,NA,179.8,44.517547146,-80.02383491,0.555556,9.16,246,20,12.9996
1126,4.4883,86,166,"2026-08-29_WXPZY",4.62705904127337,323,NA,NA,NA,NA,NA,NA,NA,NA,NA,NA,NA,NA,NA,179.8,44.517578913,-80.023800628,0.555556,9.35,248,20,12.9672
1127,4.4919,86,166,"2026-08-29_WXPZY",4.62705904127337,322,NA,NA,NA,NA,NA,NA,NA,NA,NA,NA,NA,NA,NA,180,44.51760146,-80.0237785,1.11111,9.35,248,21,12.9672
1128,4.49548,86,166,"2026-08-29_WXPZY",4.65159549725556,321,NA,NA,NA,NA,NA,NA,NA,NA,NA,NA,NA,NA,NA,179.8,44.517628199,-80.023743212,1.08437,9.31,249,21,12.8988
1129,4.49904,86,165,"2026-08-29_WXPZY",4.6882325363338,323,NA,NA,NA,NA,NA,NA,NA,NA,NA,NA,NA,NA,NA,179.8,44.51765435,-80.023712199,0.552452,9.26,250,21,12.798
1130,4.50259,85,165,"2026-08-29_WXPZY",4.6882325363338,322,NA,NA,NA,NA,NA,NA,NA,NA,NA,NA,NA,NA,NA,179.8,44.517676814,-80.023686299,0.552452,9.26,250,21,12.798
1131,4.50616,86,164,"2026-08-29_WXPZY",4.67639356528245,319,NA,NA,NA,NA,NA,NA,NA,NA,NA,NA,NA,NA,NA,179.8,44.517703049,-80.023646737,0.552452,9.46,252,21,12.8304
1132,4.5097,86,164,"2026-08-29_WXPZY",4.7001316036849,320,NA,NA,NA,NA,NA,NA,NA,NA,NA,NA,NA,NA,NA,179.8,44.517723166,-80.02362553,0.552452,9.26,250,21,12.7656
1133,4.51329,86,164,"2026-08-29_WXPZY",4.65159549725556,319,NA,NA,NA,NA,NA,NA,NA,NA,NA,NA,NA,NA,NA,179.8,44.517747473,-80.023585632,0,9.31,249,21,12.8988
1134,4.51691,86,165,"2026-08-29_WXPZY",4.60405156537753,319,NA,NA,NA,NA,NA,NA,NA,NA,NA,NA,NA,NA,NA,179.8,44.517769853,-80.02356912,0,9.31,249,21,13.032
1135,4.52055,87,166,"2026-08-29_WXPZY",4.58001282403591,322,NA,NA,NA,NA,NA,NA,NA,NA,NA,NA,NA,NA,NA,179.8,44.5178038,-80.023538107,0,9.39,247,21,13.1004
1136,4.52419,86,166,"2026-08-29_WXPZY",4.58001282403591,325,NA,NA,NA,NA,NA,NA,NA,NA,NA,NA,NA,NA,NA,179.8,44.517828526,-80.023515224,0,9.2,245,21,13.1004
1137,4.52788,87,167,"2026-08-29_WXPZY",4.510599909788,325,NA,NA,NA,NA,NA,NA,NA,NA,NA,NA,NA,NA,NA,179.8,44.51785627,-80.023488402,-0.558659,9.44,246,21,13.302
1138,4.53157,87,167,"2026-08-29_WXPZY",4.510599909788,325,NA,NA,NA,NA,NA,NA,NA,NA,NA,NA,NA,NA,NA,179.8,44.517884936,-80.023455294,0,9.25,244,21,13.302
1139,4.53525,87,167,"2026-08-29_WXPZY",4.53391367428364,329,NA,NA,NA,NA,NA,NA,NA,NA,NA,NA,NA,NA,NA,179.8,44.517909244,-80.023438111,0,9.24,244,21,13.2336
1140,4.53893,86,167,"2026-08-29_WXPZY",4.53391367428364,328,NA,NA,NA,NA,NA,NA,NA,NA,NA,NA,NA,NA,NA,180,44.517938916,-80.023396285,0.543478,9.44,246,21,13.2336
1141,4.54259,86,167,"2026-08-29_WXPZY",4.54504135987638,327,NA,NA,NA,NA,NA,NA,NA,NA,NA,NA,NA,NA,NA,180,44.517964397,-80.023376504,0.543478,9.4,247,21,13.2012
1142,4.54623,86,167,"2026-08-29_WXPZY",4.58001282403591,328,NA,NA,NA,NA,NA,NA,NA,NA,NA,NA,NA,NA,NA,180,44.517992895,-80.023343144,0.543478,9.39,247,21,13.1004
1143,4.54984,86,167,"2026-08-29_WXPZY",4.61552663158866,328,NA,NA,NA,NA,NA,NA,NA,NA,NA,NA,NA,NA,NA,180,44.518019298,-80.023319088,0.543478,9.39,247,21,12.9996
1144,4.55345,86,167,"2026-08-29_WXPZY",4.62705904127337,325,NA,NA,NA,NA,NA,NA,NA,NA,NA,NA,NA,NA,NA,180,44.518046875,-80.02329587,0.543478,9.35,248,21,12.9672
1145,4.55703,86,167,"2026-08-29_WXPZY",4.65159549725556,321,NA,NA,NA,NA,NA,NA,NA,NA,NA,NA,NA,NA,NA,180,44.518072775,-80.023262007,0.543478,9.35,248,21,12.8988
1146,4.56064,86,167,"2026-08-29_WXPZY",4.61552663158866,320,NA,NA,NA,NA,NA,NA,NA,NA,NA,NA,NA,NA,NA,180,44.518095909,-80.023246501,0.543478,9.31,249,21,12.9996
1147,4.56423,86,167,"2026-08-29_WXPZY",4.63994060876021,318,NA,NA,NA,NA,NA,NA,NA,NA,NA,NA,NA,NA,NA,180,44.518126168,-80.023210626,0.543478,9.31,249,21,12.9312
1148,4.56782,86,167,"2026-08-29_WXPZY",4.63994060876021,318,NA,NA,NA,NA,NA,NA,NA,NA,NA,NA,NA,NA,NA,180,44.518152403,-80.02319118,0.543478,9.31,249,21,12.9312
1149,4.5714,86,167,"2026-08-29_WXPZY",4.6633090841261,317,NA,NA,NA,NA,NA,NA,NA,NA,NA,NA,NA,NA,NA,180,44.518183835,-80.023165112,0.543478,9.35,248,21,12.8664
1150,4.57499,85,167,"2026-08-29_WXPZY",4.63994060876021,317,NA,NA,NA,NA,NA,NA,NA,NA,NA,NA,NA,NA,NA,180.2,44.518210741,-80.023139212,0.557103,9.46,252,21,12.9312
1151,4.57855,85,168,"2026-08-29_WXPZY",4.6882325363338,316,NA,NA,NA,NA,NA,NA,NA,NA,NA,NA,NA,NA,NA,180.2,44.518234629,-80.023120353,0.557103,9.51,251,21,12.798
1152,4.58211,84,167,"2026-08-29_WXPZY",4.67639356528245,320,NA,NA,NA,NA,NA,NA,NA,NA,NA,NA,NA,NA,NA,180.4,44.518266481,-80.023085987,1.1189,9.63,255,21,12.8304
1153,4.58567,84,167,"2026-08-29_WXPZY",4.67639356528245,319,NA,NA,NA,NA,NA,NA,NA,NA,NA,NA,NA,NA,NA,180.4,44.518290369,-80.023070062,1.1189,9.67,254,21,12.8304
1154,4.58932,85,165,"2026-08-29_WXPZY",4.5687134502924,321,NA,NA,NA,NA,NA,NA,NA,NA,NA,NA,NA,NA,NA,180.4,44.518324064,-80.02304106,1.1189,9.56,250,21,13.1328
1155,4.59295,85,165,"2026-08-29_WXPZY",4.59136822773186,325,NA,NA,NA,NA,NA,NA,NA,NA,NA,NA,NA,NA,NA,180.4,44.518348204,-80.023015914,1.1189,9.56,250,21,13.068
1156,4.59662,85,165,"2026-08-29_WXPZY",4.54504135987638,332,NA,NA,NA,NA,NA,NA,NA,NA,NA,NA,NA,NA,NA,180.4,44.518373015,-80.022987248,1.1189,9.55,250,21,13.2012
1157,4.60031,85,165,"2026-08-29_WXPZY",4.52161331162959,332,NA,NA,NA,NA,NA,NA,NA,NA,NA,NA,NA,NA,NA,180.4,44.518404614,-80.022957157,1.1189,9.6,249,21,13.2696
1158,4.60403,85,164,"2026-08-29_WXPZY",4.476676515355,333,NA,NA,NA,NA,NA,NA,NA,NA,NA,NA,NA,NA,NA,180.4,44.518433197,-80.022944752,1.1189,9.6,249,21,13.4028
1159,4.60772,85,163,"2026-08-29_WXPZY",4.510599909788,335,NA,NA,NA,NA,NA,NA,NA,NA,NA,NA,NA,NA,NA,180.4,44.518462617,-80.022907201,1.1189,9.65,248,21,13.302
1160,4.61145,85,163,"2026-08-29_WXPZY",4.476676515355,337,NA,NA,NA,NA,NA,NA,NA,NA,NA,NA,NA,NA,NA,180.2,44.518486338,-80.022889851,0.0256047,9.65,248,21,13.4028
1161,4.61522,86,163,"2026-08-29_WXPZY",4.42086648983201,335,NA,NA,NA,NA,NA,NA,NA,NA,NA,NA,NA,NA,NA,180.2,44.518520285,-80.02285758,0.0256047,9.53,244,21,13.572
1162,4.61903,85,163,"2026-08-29_WXPZY",4.3675751222921,335,NA,NA,NA,NA,NA,NA,NA,NA,NA,NA,NA,NA,NA,180.2,44.518547191,-80.022831261,-0.536193,9.77,245,21,13.7376
1163,4.6229,86,164,"2026-08-29_WXPZY",4.30440771349862,337,NA,NA,NA,NA,NA,NA,NA,NA,NA,NA,NA,NA,NA,180,44.518578874,-80.022811396,-1.05299,9.65,241,21,13.9392
1164,4.62682,86,162,"2026-08-29_WXPZY",4.25278557455133,339,NA,NA,NA,NA,NA,NA,NA,NA,NA,NA,NA,NA,NA,180,44.518610809,-80.022779796,-1.05299,9.69,240,21,14.1084
1165,4.6308,86,161,"2026-08-29_WXPZY",4.19287211740042,342,NA,NA,NA,NA,NA,NA,NA,NA,NA,NA,NA,NA,NA,179.8,44.518636374,-80.022764206,-1.5555,9.77,238,21,14.31
1166,4.63478,85,160,"2026-08-29_WXPZY",4.18340026773762,343,NA,NA,NA,NA,NA,NA,NA,NA,NA,NA,NA,NA,NA,179.8,44.518665375,-80.022729924,-1.5555,9.95,241,21,14.3424
1167,4.63878,85,160,"2026-08-29_WXPZY",4.17292605575029,346,NA,NA,NA,NA,NA,NA,NA,NA,NA,NA,NA,NA,NA,179.8,44.518691276,-80.022705114,-1.5555,9.95,241,21,14.3784
1168,4.64275,85,159,"2026-08-29_WXPZY",4.19287211740042,344,NA,NA,NA,NA,NA,NA,NA,NA,NA,NA,NA,NA,NA,179.6,44.518722037,-80.022672927,-2.05928,9.95,241,21,14.31
1169,4.64673,85,158,"2026-08-29_WXPZY",4.19287211740042,339,NA,NA,NA,NA,NA,NA,NA,NA,NA,NA,NA,NA,NA,179.6,44.518752296,-80.022642501,-2.05928,9.95,241,21,14.31
1170,4.65066,85,158,"2026-08-29_WXPZY",4.2322668020992,335,NA,NA,NA,NA,NA,NA,NA,NA,NA,NA,NA,NA,NA,179.6,44.518777274,-80.022620121,-1.52309,9.9,242,21,14.1768
1171,4.6546,85,156,"2026-08-29_WXPZY",4.2322668020992,333,NA,NA,NA,NA,NA,NA,NA,NA,NA,NA,NA,NA,NA,179.6,44.518808874,-80.022583324,-1.52309,9.9,242,21,14.1768
1172,4.65851,85,155,"2026-08-29_WXPZY",4.26257459505541,332,NA,NA,NA,NA,NA,NA,NA,NA,NA,NA,NA,NA,NA,179.4,44.518837707,-80.022561448,-2.0346,9.86,243,21,14.076
1173,4.66243,85,155,"2026-08-29_WXPZY",4.25278557455133,331,NA,NA,NA,NA,NA,NA,NA,NA,NA,NA,NA,NA,NA,179.4,44.51887903,-80.022540074,-1.5178,9.86,243,21,14.1084
1174,4.66634,84,154,"2026-08-29_WXPZY",4.26257459505541,332,NA,NA,NA,NA,NA,NA,NA,NA,NA,NA,NA,NA,NA,179.4,44.518911971,-80.022542086,-1.5178,9.86,243,21,14.076
1175,4.67025,84,152,"2026-08-29_WXPZY",4.26257459505541,334,NA,NA,NA,NA,NA,NA,NA,NA,NA,NA,NA,NA,NA,179.4,44.518937787,-80.022554407,-1.01529,10.08,245,21,14.076
1176,4.67415,84,148,"2026-08-29_WXPZY",4.27350427350427,337,NA,NA,NA,NA,NA,NA,NA,NA,NA,NA,NA,NA,NA,179.4,44.518968633,-80.022578798,-1.01529,10.08,245,21,14.04
1177,4.67803,84,145,"2026-08-29_WXPZY",4.29331959471063,335,NA,NA,NA,NA,NA,NA,NA,NA,NA,NA,NA,NA,NA,179.6,44.518984307,-80.022608219,-0.499823,10.04,246,21,13.9752
1178,4.68186,84,144,"2026-08-29_WXPZY",4.3561596096881,333,NA,NA,NA,NA,NA,NA,NA,NA,NA,NA,NA,NA,NA,179.6,44.519010794,-80.022646189,0,9.95,248,21,13.7736
1179,4.68565,84,143,"2026-08-29_WXPZY",4.39985920450546,328,NA,NA,NA,NA,NA,NA,NA,NA,NA,NA,NA,NA,NA,179.8,44.519029234,-80.022682063,0.531659,9.95,248,21,13.6368
1180,4.68938,84,144,"2026-08-29_WXPZY",4.46588067166845,322,NA,NA,NA,NA,NA,NA,NA,NA,NA,NA,NA,NA,NA,179.8,44.519045662,-80.022714753,0.531659,9.91,249,21,13.4352
1181,4.69302,84,145,"2026-08-29_WXPZY",4.58001282403591,318,NA,NA,NA,NA,NA,NA,NA,NA,NA,NA,NA,NA,NA,179.8,44.519065779,-80.022756075,0.531659,9.86,250,21,13.1004
1182,4.69661,84,146,"2026-08-29_WXPZY",4.63994060876021,314,NA,NA,NA,NA,NA,NA,NA,NA,NA,NA,NA,NA,NA,180,44.519078687,-80.022788346,1.60027,9.67,254,21,12.9312
1183,4.70016,84,147,"2026-08-29_WXPZY",4.6882325363338,313,NA,NA,NA,NA,NA,NA,NA,NA,NA,NA,NA,NA,NA,180,44.519104839,-80.022825394,1.60027,9.67,254,21,12.798
1184,4.70368,85,147,"2026-08-29_WXPZY",4.73754026909229,315,NA,NA,NA,NA,NA,NA,NA,NA,NA,NA,NA,NA,NA,179.8,44.519123866,-80.022849534,1.03209,9.41,253,21,12.6648
1185,4.70719,85,147,"2026-08-29_WXPZY",4.75104522995059,314,NA,NA,NA,NA,NA,NA,NA,NA,NA,NA,NA,NA,NA,179.8,44.519140546,-80.022885744,1.03209,9.41,253,21,12.6288
1186,4.7107,86,148,"2026-08-29_WXPZY",4.75104522995059,313,NA,NA,NA,NA,NA,NA,NA,NA,NA,NA,NA,NA,NA,180,44.519158064,-80.022922708,1.60189,9.41,253,21,12.6288
1187,4.71421,85,150,"2026-08-29_WXPZY",4.75104522995059,312,NA,NA,NA,NA,NA,NA,NA,NA,NA,NA,NA,NA,NA,180,44.519169882,-80.022957493,1.08643,9.41,253,21,12.6288
1188,4.7177,86,152,"2026-08-29_WXPZY",4.77554918815664,314,NA,NA,NA,NA,NA,NA,NA,NA,NA,NA,NA,NA,NA,180,44.519190418,-80.022999821,1.08643,9.41,253,21,12.564
1189,4.7212,86,155,"2026-08-29_WXPZY",4.76326569496046,320,NA,NA,NA,NA,NA,NA,NA,NA,NA,NA,NA,NA,NA,180,44.5191988,-80.023035025,0.558722,9.21,251,21,12.5964
1190,4.72469,86,157,"2026-08-29_WXPZY",4.76326569496046,324,NA,NA,NA,NA,NA,NA,NA,NA,NA,NA,NA,NA,NA,180,44.519218749,-80.02308079,0.558722,9.21,251,21,12.5964
1191,4.72823,86,161,"2026-08-29_WXPZY",4.71342383107089,327,NA,NA,NA,NA,NA,NA,NA,NA,NA,NA,NA,NA,NA,180,44.519236099,-80.023117922,0.558722,9.21,251,21,12.7296
1192,4.73179,86,162,"2026-08-29_WXPZY",4.6882325363338,327,NA,NA,NA,NA,NA,NA,NA,NA,NA,NA,NA,NA,NA,180,44.519258311,-80.023152959,0,9.26,250,21,12.798
1193,4.7354,86,164,"2026-08-29_WXPZY",4.61552663158866,333,NA,NA,NA,NA,NA,NA,NA,NA,NA,NA,NA,NA,NA,180.2,44.519276249,-80.023187073,0.555635,9.35,248,21,12.9996
1194,4.73904,86,165,"2026-08-29_WXPZY",4.58001282403591,333,NA,NA,NA,NA,NA,NA,NA,NA,NA,NA,NA,NA,NA,180.2,44.51929427,-80.023224121,1.12382,9.39,247,21,13.1004
1195,4.74268,86,167,"2026-08-29_WXPZY",4.5687134502924,334,NA,NA,NA,NA,NA,NA,NA,NA,NA,NA,NA,NA,NA,180.2,44.519316649,-80.023264522,1.12382,9.39,247,21,13.1328
1196,4.7463,86,167,"2026-08-29_WXPZY",4.61552663158866,335,NA,NA,NA,NA,NA,NA,NA,NA,NA,NA,NA,NA,NA,180.4,44.519328803,-80.023298049,1.1065,9.35,248,21,12.9996
1197,4.74991,86,167,"2026-08-29_WXPZY",4.61552663158866,337,NA,NA,NA,NA,NA,NA,NA,NA,NA,NA,NA,NA,NA,180.4,44.519351015,-80.02333778,1.1065,9.35,248,21,12.9996
1198,4.75347,86,167,"2026-08-29_WXPZY",4.67639356528245,336,NA,NA,NA,NA,NA,NA,NA,NA,NA,NA,NA,NA,NA,180.6,44.519362163,-80.023372313,1.6683,9.3,249,21,12.8304
1199,4.75697,86,167,"2026-08-29_WXPZY",4.76326569496046,336,NA,NA,NA,NA,NA,NA,NA,NA,NA,NA,NA,NA,NA,180.6,44.519375071,-80.023417575,1.6683,9.21,251,21,12.5964
1200,4.76046,84,167,"2026-08-29_WXPZY",4.77554918815664,331,NA,NA,NA,NA,NA,NA,NA,NA,NA,NA,NA,NA,NA,180.6,44.519396277,-80.023456048,1.6683,9.57,256,21,12.564
1201,4.76401,85,167,"2026-08-29_WXPZY",4.6882325363338,332,NA,NA,NA,NA,NA,NA,NA,NA,NA,NA,NA,NA,NA,180.6,44.519409605,-80.023492677,1.6683,9.46,252,21,12.798
1202,4.76763,85,167,"2026-08-29_WXPZY",4.61552663158866,333,NA,NA,NA,NA,NA,NA,NA,NA,NA,NA,NA,NA,NA,180.6,44.51943408,-80.023533078,1.6683,9.51,251,21,12.9996
1203,4.77125,85,167,"2026-08-29_WXPZY",4.60405156537753,340,NA,NA,NA,NA,NA,NA,NA,NA,NA,NA,NA,NA,NA,180.6,44.519448916,-80.023565432,1.11428,9.55,250,21,13.032
1204,4.77488,85,167,"2026-08-29_WXPZY",4.58001282403591,345,NA,NA,NA,NA,NA,NA,NA,NA,NA,NA,NA,NA,NA,180.6,44.519473559,-80.02360248,1.11428,9.55,250,21,13.1004
1205,4.77849,85,167,"2026-08-29_WXPZY",4.62705904127337,346,NA,NA,NA,NA,NA,NA,NA,NA,NA,NA,NA,NA,NA,180.6,44.519500632,-80.023632068,1.11428,9.51,251,21,12.9672
1206,4.78208,85,166,"2026-08-29_WXPZY",4.63994060876021,347,NA,NA,NA,NA,NA,NA,NA,NA,NA,NA,NA,NA,NA,180.6,44.519521754,-80.023661824,0.561798,9.51,251,21,12.9312
1207,4.78568,85,167,"2026-08-29_WXPZY",4.62705904127337,344,NA,NA,NA,NA,NA,NA,NA,NA,NA,NA,NA,NA,NA,180.6,44.519556204,-80.023693591,0.561798,9.51,251,21,12.9672
1208,4.78934,85,168,"2026-08-29_WXPZY",4.55622380171314,343,NA,NA,NA,NA,NA,NA,NA,NA,NA,NA,NA,NA,NA,180.6,44.519579087,-80.023716139,0,9.59,249,21,13.1688
1209,4.79299,85,168,"2026-08-29_WXPZY",4.5687134502924,345,NA,NA,NA,NA,NA,NA,NA,NA,NA,NA,NA,NA,NA,180.6,44.519608842,-80.023729801,0,9.56,250,21,13.1328
1210,4.79663,85,169,"2026-08-29_WXPZY",4.58001282403591,343,NA,NA,NA,NA,NA,NA,NA,NA,NA,NA,NA,NA,NA,180.6,44.519642119,-80.023719324,0,9.55,250,21,13.1004
1211,4.80022,84,169,"2026-08-29_WXPZY",4.63994060876021,339,NA,NA,NA,NA,NA,NA,NA,NA,NA,NA,NA,NA,NA,180.6,44.519670869,-80.023708176,0,9.51,251,21,12.9312
1212,4.80377,84,169,"2026-08-29_WXPZY",4.6882325363338,336,NA,NA,NA,NA,NA,NA,NA,NA,NA,NA,NA,NA,NA,180.8,44.519698529,-80.02367775,0.56338,9.63,255,21,12.798
1213,4.80729,83,169,"2026-08-29_WXPZY",4.73754026909229,330,NA,NA,NA,NA,NA,NA,NA,NA,NA,NA,NA,NA,NA,181,44.519721998,-80.023653358,1.13156,9.63,255,21,12.6648
1214,4.81084,83,169,"2026-08-29_WXPZY",4.7001316036849,326,NA,NA,NA,NA,NA,NA,NA,NA,NA,NA,NA,NA,NA,181.4,44.519754017,-80.023628464,2.25832,9.75,259,21,12.7656
1215,4.81443,84,168,"2026-08-29_WXPZY",4.63994060876021,329,NA,NA,NA,NA,NA,NA,NA,NA,NA,NA,NA,NA,NA,181.6,44.519785868,-80.023600468,2.81543,9.8,258,21,12.9312
1216,4.81804,84,168,"2026-08-29_WXPZY",4.61552663158866,333,NA,NA,NA,NA,NA,NA,NA,NA,NA,NA,NA,NA,NA,181.8,44.519811852,-80.023588901,3.36944,9.67,254,21,12.9996
1217,4.82165,84,168,"2026-08-29_WXPZY",4.61552663158866,339,NA,NA,NA,NA,NA,NA,NA,NA,NA,NA,NA,NA,NA,182.2,44.519847727,-80.023556799,4.47748,9.72,253,21,12.9996
1218,4.82529,84,168,"2026-08-29_WXPZY",4.58001282403591,341,NA,NA,NA,NA,NA,NA,NA,NA,NA,NA,NA,NA,NA,182.4,44.51987874,-80.023533078,5.02693,9.72,253,21,13.1004
1219,4.82892,84,168,"2026-08-29_WXPZY",4.59136822773186,341,NA,NA,NA,NA,NA,NA,NA,NA,NA,NA,NA,NA,NA,182.4,44.519910172,-80.023508267,5.02693,9.72,253,21,13.068
1220,4.8326,84,168,"2026-08-29_WXPZY",4.52161331162959,344,NA,NA,NA,NA,NA,NA,NA,NA,NA,NA,NA,NA,NA,182.6,44.519941939,-80.02348111,5.5704,9.72,253,21,13.2696
1221,4.83633,84,168,"2026-08-29_WXPZY",4.476676515355,344,NA,NA,NA,NA,NA,NA,NA,NA,NA,NA,NA,NA,NA,182.6,44.519970438,-80.023464179,5.5704,9.81,251,21,13.4028
1222,4.84012,85,167,"2026-08-29_WXPZY",4.39985920450546,350,NA,NA,NA,NA,NA,NA,NA,NA,NA,NA,NA,NA,NA,182.6,44.520005726,-80.02343501,5.00702,9.86,250,21,13.6368
1223,4.84397,85,166,"2026-08-29_WXPZY",4.32451133021969,354,NA,NA,NA,NA,NA,NA,NA,NA,NA,NA,NA,NA,NA,182.8,44.520035314,-80.023411289,4.95832,9.73,246,21,13.8744
1224,4.84788,85,165,"2026-08-29_WXPZY",4.26257459505541,361,NA,NA,NA,NA,NA,NA,NA,NA,NA,NA,NA,NA,NA,182.8,44.520069177,-80.023381198,3.83156,9.82,244,21,14.076
1225,4.85177,85,165,"2026-08-29_WXPZY",4.28338901739056,367,NA,NA,NA,NA,NA,NA,NA,NA,NA,NA,NA,NA,NA,182.8,44.520098346,-80.023350017,3.27446,9.69,240,21,14.0076
1226,4.85559,85,164,"2026-08-29_WXPZY",4.3675751222921,372,NA,NA,NA,NA,NA,NA,NA,NA,NA,NA,NA,NA,NA,182.8,44.520123072,-80.023329984,2.72044,9.86,243,21,13.7376
1227,4.85937,85,162,"2026-08-29_WXPZY",4.41033783187792,368,NA,NA,NA,NA,NA,NA,NA,NA,NA,NA,NA,NA,NA,182.6,44.520148805,-80.023284135,1.08331,9.77,245,21,13.6044
1228,4.86313,84,162,"2026-08-29_WXPZY",4.43262411347518,364,NA,NA,NA,NA,NA,NA,NA,NA,NA,NA,NA,NA,NA,182.6,44.520169089,-80.023252536,0.533858,9.9,249,21,13.536
1229,4.86688,84,161,"2026-08-29_WXPZY",4.44325957522438,361,NA,NA,NA,NA,NA,NA,NA,NA,NA,NA,NA,NA,NA,182.4,44.520188619,-80.023209117,0,9.86,250,21,13.5036
1230,4.87063,84,160,"2026-08-29_WXPZY",4.44325957522438,357,NA,NA,NA,NA,NA,NA,NA,NA,NA,NA,NA,NA,NA,182.4,44.520200437,-80.02315673,-0.542953,9.86,250,21,13.5036
1231,4.87443,84,160,"2026-08-29_WXPZY",4.37790035898783,357,NA,NA,NA,NA,NA,NA,NA,NA,NA,NA,NA,NA,NA,182.2,44.52021192,-80.023117084,-1.06927,9.86,250,21,13.7052
1232,4.87825,83,160,"2026-08-29_WXPZY",4.3675751222921,356,NA,NA,NA,NA,NA,NA,NA,NA,NA,NA,NA,NA,NA,182,44.520216698,-80.023065619,-1.59283,10.13,251,21,13.7376
1233,4.88207,83,160,"2026-08-29_WXPZY",4.3675751222921,338,NA,NA,NA,NA,NA,NA,NA,NA,NA,NA,NA,NA,NA,182,44.520223236,-80.023024296,-2.11231,10.13,251,21,13.7376
1234,4.88586,83,160,"2026-08-29_WXPZY",4.38827453045463,329,NA,NA,NA,NA,NA,NA,NA,NA,NA,NA,NA,NA,NA,181.8,44.520223571,-80.022969646,-2.64001,10.13,251,21,13.6728
1235,4.88968,83,162,"2026-08-29_WXPZY",4.3675751222921,319,NA,NA,NA,NA,NA,NA,NA,NA,NA,NA,NA,NA,NA,181.6,44.520216447,-80.022919439,-3.16357,10.13,251,21,13.7376
1236,4.89355,84,163,"2026-08-29_WXPZY",4.30440771349862,314,NA,NA,NA,NA,NA,NA,NA,NA,NA,NA,NA,NA,NA,181.4,44.520213094,-80.0228725,-3.68037,10.03,246,21,13.9392
1237,4.89745,84,163,"2026-08-29_WXPZY",4.27350427350427,315,NA,NA,NA,NA,NA,NA,NA,NA,NA,NA,NA,NA,NA,181.2,44.520194235,-80.022820365,-3.66409,10.04,246,21,14.04
1238,4.90139,84,164,"2026-08-29_WXPZY",4.2322668020992,319,NA,NA,NA,NA,NA,NA,NA,NA,NA,NA,NA,NA,NA,181,44.520183254,-80.022779042,-4.1717,10.08,245,21,14.1768
1239,4.90531,84,164,"2026-08-29_WXPZY",4.25278557455133,319,NA,NA,NA,NA,NA,NA,NA,NA,NA,NA,NA,NA,NA,181,44.520166323,-80.022728918,-3.63837,10.08,245,21,14.1084
1240,4.90924,84,163,"2026-08-29_WXPZY",4.24304141208418,324,NA,NA,NA,NA,NA,NA,NA,NA,NA,NA,NA,NA,NA,180.8,44.520145787,-80.022683656,-4.14728,10.08,245,21,14.1408
1241,4.91318,84,162,"2026-08-29_WXPZY",4.2322668020992,320,NA,NA,NA,NA,NA,NA,NA,NA,NA,NA,NA,NA,NA,180.8,44.520133801,-80.022642668,-3.62096,10.08,245,21,14.1768
1242,4.91707,84,162,"2026-08-29_WXPZY",4.28338901739056,319,NA,NA,NA,NA,NA,NA,NA,NA,NA,NA,NA,NA,NA,180.6,44.520105722,-80.022598747,-3.61154,10.08,245,21,14.0076
0,0,0,156,"2026-08-29_CPANS",2.26973534885832,0,NA,0,0,0,0,0,0,0,0,0,0,0,0,174.2,44.523789149,-80.017898511,0,NA,NA,21,26.4348
1,0.00667,80,156,"2026-08-29_CPANS",2.60375982919336,256,48,83.5,61,27.5,17.5,345,349,186,195,52,49,113,108,174.8,44.523733577,-80.017867498,8.9955,NA,NA,NA,23.0436
2,0.01345,80,156,"2026-08-29_CPANS",2.5336981858721,303,44,87,88.5,28,28.5,339,346,191,226,51,51,114,114,175.2,44.523683286,-80.017818715,5.89971,NA,NA,NA,23.6808
3,0.02007,80,157,"2026-08-29_CPANS",2.47757791982558,484,52,90.5,90,29.5,30,339,347,195,236,52,53,115,117,175.2,44.52364498,-80.017752582,0,NA,NA,NA,24.2172
4,0.02672,82,157,"2026-08-29_CPANS",2.49128051818635,495,44,91.5,96,30.5,31,339,347,195,236,52,53,115,117,175,44.5236138,-80.017680414,-3.00752,NA,NA,NA,24.084
5,0.03348,82,156,"2026-08-29_CPANS",2.49463653145737,401,42,90,95.5,30,28,336,345,195,249,55,59,118,122,174.8,44.523583373,-80.017607408,-2.95858,NA,NA,NA,24.0516
6,0.04032,83,156,"2026-08-29_CPANS",2.39773653670935,409,42,90,95.5,30,28,332,343,193,250,55,59,118,122,174.6,44.52355412,-80.017531384,-2.92398,NA,NA,NA,25.0236
7,0.04733,84,156,"2026-08-29_CPANS",2.36910684671879,362,38,89.5,99.5,31,32,330,343,191,250,55,59,120,122,174.4,44.523523275,-80.017453684,-2.85307,NA,NA,NA,25.326
8,0.05402,84,157,"2026-08-29_CPANS",2.5017512258581,31,41,93.5,99.5,30.5,32,330,343,191,250,55,59,120,122,174.2,44.523494944,-80.017378079,-2.98954,NA,NA,NA,23.9832
9,0.06065,84,157,"2026-08-29_CPANS",2.686005909213,31,41,93.5,99.5,30.5,32,330,343,191,250,55,59,120,122,174,44.523464099,-80.01730809,-3.01659,NA,NA,NA,22.338
10,0.06681,21,156,"2026-08-29_CPANS",2.81721884155961,31,NA,0,0,0,0,330,0,191,357,55,0,120,357,174.2,44.523434427,-80.017244471,0.039269,NA,NA,NA,21.2976
11,0.07229,21,155,"2026-08-29_CPANS",2.95246530853262,0,0,0,0,0,0,330,0,191,357,55,0,120,357,174.2,44.523408946,-80.017184289,-0.860281,NA,NA,NA,20.322
12,0.07794,21,154,"2026-08-29_CPANS",3.0122296523887,0,0,0,0,0,0,330,0,191,357,55,0,120,357,174.4,44.523384052,-80.017122766,-1.09627,NA,NA,NA,19.9188
13,0.08316,0,155,"2026-08-29_CPANS",3.16676166951675,0,NA,0,0,0,0,0,0,0,0,0,0,0,0,175,44.523356894,-80.0170682,0.0531559,NA,NA,NA,18.9468
14,0.08836,20,155,"2026-08-29_CPANS",3.31411148671041,12,NA,0,0,0,0,0,0,0,0,0,0,0,0,175.4,44.523333257,-80.017013047,1.12314,NA,NA,NA,18.1044
15,0.09329,20,157,"2026-08-29_CPANS",3.32005312084993,11,0,0,83,0,16,330,0,191,357,55,0,120,357,175.6,44.52331071,-80.016958648,1.82468,NA,NA,NA,18.072
16,0.09817,20,157,"2026-08-29_CPANS",3.42161089440909,11,0,0,83,0,16,330,0,191,357,55,0,120,357,176,44.523288666,-80.016905675,2.93675,NA,NA,NA,17.5356
17,0.10301,17,157,"2026-08-29_CPANS",3.48894006000977,11,0,0,83,0,16,330,0,191,357,55,0,120,357,176.2,44.523265615,-80.016853958,3.63528,NA,NA,NA,17.1972
18,0.10782,17,157,"2026-08-29_CPANS",3.42161089440909,11,0,0,75.5,0,12,330,0,191,357,55,0,120,357,176.2,44.523242565,-80.016801236,3.93423,NA,NA,NA,17.5356
19,0.1128,17,156,"2026-08-29_CPANS",3.57961053837342,11,0,0,75.5,0,12,330,0,191,357,55,0,120,357,176.4,44.523219096,-80.016751532,4.63749,NA,NA,NA,16.7616
20,0.11844,20,155,"2026-08-29_CPANS",2.87653894833736,12,35,45,70.5,7.5,16.5,330,0,191,357,55,0,120,357,176.4,44.523190681,-80.01669093,4.31282,NA,NA,NA,20.8584
21,0.12306,20,153,"2026-08-29_CPANS",3.40901343151292,0,35,45,70.5,7.5,16.5,0,0,357,210,0,55,357,101,176.2,44.52316696,-80.016644159,3.87992,NA,NA,NA,17.6004
22,0.12774,20,153,"2026-08-29_CPANS",3.36360578540195,0,35,45,70.5,7.5,16.5,0,0,357,210,0,55,357,101,176,44.523147682,-80.016590096,3.09859,NA,NA,NA,17.838
23,0.13274,0,153,"2026-08-29_CPANS",3.27761389708292,0,NA,0,0,0,0,0,0,0,0,0,0,0,0,176,44.523125302,-80.016536871,1.94916,NA,NA,NA,18.306
24,0.13779,0,153,"2026-08-29_CPANS",3.33266679997334,0,NA,0,0,0,0,0,0,0,0,0,0,0,0,175.6,44.52310133,-80.016482724,0.387851,NA,NA,NA,18.0036
25,0.14345,16,153,"2026-08-29_CPANS",2.92808620285781,28,NA,62,79,12,17.5,333,0,194,357,55,0,120,357,175.6,44.523071993,-80.016423464,-0.0178284,NA,NA,NA,20.4912
26,0.14946,33,153,"2026-08-29_CPANS",2.77777777777778,201,96,92,80,28.5,14.5,340,0,203,357,56,0,118,357,175.6,44.523047434,-80.016355822,-0.837501,NA,NA,NA,21.6
27,0.15595,33,153,"2026-08-29_CPANS",2.55898459491274,193,52,77.5,90.5,23,29.5,340,0,203,357,56,0,118,357,175.6,44.523016421,-80.016285917,-1.25072,NA,NA,NA,23.4468
28,0.16248,78,152,"2026-08-29_CPANS",2.52295892622868,193,54,65.5,90.5,21.5,29.5,347,3,208,194,58,58,118,107,175.2,44.522978703,-80.016219616,-1.86328,NA,NA,NA,23.7816
29,0.16912,80,152,"2026-08-29_CPANS",2.47390035129385,130,54,65.5,90.5,21.5,29.5,354,357,203,204,59,62,120,121,175.2,44.522956994,-80.016136803,-2.26489,NA,NA,NA,24.2532
30,0.1763,86,153,"2026-08-29_CPANS",2.37214156940886,174,55,63,61,18.5,19.5,0,0,193,200,62,60,120,121,175.4,44.522966968,-80.016042758,-1.98634,NA,NA,NA,25.2936
31,0.18385,95,153,"2026-08-29_CPANS",2.13922046806144,483,59,77.5,58.5,19.5,18,0,353,193,190,62,58,120,117,175.2,44.523005022,-80.015958939,-1.81834,NA,NA,NA,28.0476
32,0.1924,95,152,"2026-08-29_CPANS",1.90628693430935,419,54,96.5,65,31.5,19.5,353,347,207,195,60,59,121,118,175,44.523062522,-80.015882831,-1.6249,NA,NA,NA,31.4748
33,0.20176,103,152,"2026-08-29_CPANS",1.83573815031024,419,47,82,91,28,26.5,346,347,215,195,60,59,122,118,175.2,44.523130248,-80.015813597,-1.41123,NA,NA,NA,32.6844
34,0.21137,102,153,"2026-08-29_CPANS",1.76497581983127,334,59,90.5,81,27.5,32.5,346,343,215,204,60,59,122,120,175,44.523202583,-80.015747463,-0.827266,NA,NA,NA,33.9948
35,0.22126,103,154,"2026-08-29_CPANS",1.73919092838012,413,52,100,79,38.5,26,340,339,217,208,60,58,124,121,174.8,44.523277182,-80.015683509,-1.02949,NA,NA,NA,34.4988
36,0.23116,105,155,"2026-08-29_CPANS",1.66783415057207,339,52,100,79,38.5,26,335,339,215,208,59,58,124,121,174.8,44.523355386,-80.015621986,-1.02949,NA,NA,NA,35.9748
37,0.24073,102,154,"2026-08-29_CPANS",1.74264603373763,259,52,93,98,35,38.5,323,336,212,208,53,56,120,121,174.8,44.523430404,-80.015564403,-1.02949,NA,NA,NA,34.4304
38,0.25002,94,154,"2026-08-29_CPANS",1.80786057779224,359,63,86,89.5,30.5,28.5,323,333,212,210,53,53,120,121,175,44.523504583,-80.015510591,-0.201648,NA,NA,NA,33.1884
39,0.25965,94,154,"2026-08-29_CPANS",1.76329524615602,208,52,100,100,41,40,323,333,212,210,53,53,120,121,175.2,44.523584295,-80.015461892,0,NA,NA,NA,34.0272
40,0.26939,93,154,"2026-08-29_CPANS",1.73919092838012,287,50,70.5,100,23,40,333,330,207,204,53,53,120,121,175.6,44.523659062,-80.015398273,0.138163,NA,NA,NA,34.4988
41,0.27903,93,154,"2026-08-29_CPANS",1.75641971405487,341,52,87,73,29,21.5,336,330,212,204,53,53,122,121,176,44.523731565,-80.015333146,0.818001,NA,NA,NA,34.1604
42,0.28848,93,153,"2026-08-29_CPANS",1.74776286353468,359,52,93.5,73,32,21.5,336,330,212,204,53,53,122,121,176.2,44.523807338,-80.015276065,1.26356,NA,NA,NA,34.3296
43,0.29823,93,153,"2026-08-29_CPANS",1.73919092838012,359,52,93.5,73,32,21.5,336,339,212,203,53,56,122,120,176.6,44.523883697,-80.015217308,1.46014,NA,NA,NA,34.4988
44,0.30784,93,154,"2026-08-29_CPANS",1.74611489436005,282,50,100,100,41.5,40,333,0,221,357,53,0,124,357,176.8,44.523959134,-80.015159054,1.87637,NA,NA,NA,34.362
45,0.3175,94,155,"2026-08-29_CPANS",1.70922640412949,292,49,89.5,90.5,31.5,28.5,328,336,224,210,56,58,128,120,176.8,44.524037589,-80.015103314,2.0786,NA,NA,NA,35.1036
46,0.32726,95,155,"2026-08-29_CPANS",1.73088240384948,324,48,88.5,77,31.5,24.5,328,336,221,211,59,60,129,122,177,44.52411487,-80.015045898,2.28352,NA,NA,NA,34.6644
47,0.33702,95,155,"2026-08-29_CPANS",1.70276529083231,264,59,96.5,77,31.5,24.5,330,338,218,210,59,62,127,125,177,44.524195001,-80.014990075,2.28352,NA,NA,NA,35.2368
48,0.34623,49,155,"2026-08-29_CPANS",1.89221919467151,7,43,72,76.5,21,25,330,338,218,210,59,62,127,125,177,44.524267588,-80.014938777,2.06823,NA,NA,NA,31.7088
49,0.35504,68,156,"2026-08-29_CPANS",1.98247492169224,164,82,81,72.5,26,23,330,335,218,200,59,58,127,121,177.4,44.524335733,-80.014884966,2.31458,NA,NA,NA,30.2652
50,0.36395,82,156,"2026-08-29_CPANS",1.93933752230238,280,82,81,72.5,26,23,333,335,208,191,56,59,122,122,177.8,44.524404632,-80.014832579,2.35283,NA,NA,NA,30.9384
51,0.37268,85,156,"2026-08-29_CPANS",1.83009406683504,432,52,81,72.5,26,23,340,356,215,215,56,76,121,139,178,44.524471352,-80.014771391,2.16699,NA,NA,NA,32.7852
52,0.38182,89,156,"2026-08-29_CPANS",1.79888469149128,414,52,89,82,28,24.5,338,350,238,233,56,66,124,129,178.4,44.524539832,-80.014708107,2.39299,NA,NA,NA,33.354
53,0.39116,91,156,"2026-08-29_CPANS",1.75808720112518,373,50,96,82,31,24.5,328,336,243,231,56,60,124,125,178.4,44.524612084,-80.014647758,1.98273,NA,NA,NA,34.128
54,0.40058,93,156,"2026-08-29_CPANS",1.72407848005241,533,56,98,92,32.5,29.5,318,336,238,231,58,60,125,125,178,44.524688108,-80.014592018,1.34998,NA,NA,NA,34.8012
55,0.41056,96,157,"2026-08-29_CPANS",1.67084377610693,531,51,100,99,32.5,32.5,318,336,238,231,58,60,125,125,177.6,44.524766898,-80.014530411,0.949183,NA,NA,NA,35.91
56,0.42073,98,156,"2026-08-29_CPANS",1.66466906379012,392,56,100,100,38,34,318,336,238,231,58,60,125,125,177.4,44.524846358,-80.014469894,0.547608,NA,NA,NA,36.0432
57,0.43092,99,156,"2026-08-29_CPANS",1.61938074880166,383,52,96,99,36,32,0,329,357,229,0,62,357,125,177.2,44.524926573,-80.014406024,0.351337,NA,NA,NA,37.0512
58,0.44132,100,156,"2026-08-29_CPANS",1.61357988834027,418,46,93.5,100,35.5,37,308,322,228,233,59,65,125,128,177,44.525006956,-80.014341315,0.15903,NA,NA,NA,37.1844
59,0.45154,100,156,"2026-08-29_CPANS",1.623798389192,227,46,93.5,100,35.5,37,302,322,222,233,60,65,128,128,176.8,44.52508541,-80.014274931,-0.490695,NA,NA,NA,36.9504
60,0.46169,100,156,"2026-08-29_CPANS",1.60627088152146,315,54,74,69,24,22,323,322,210,219,62,60,131,127,177,44.525165122,-80.014209803,-0.742584,NA,NA,NA,37.3536
61,0.47198,100,157,"2026-08-29_CPANS",1.61655350792111,274,54,78.5,85.5,22,27.5,335,322,201,219,52,60,118,127,176.8,44.525244583,-80.014141994,-1.16604,NA,NA,NA,37.116
62,0.48238,100,157,"2026-08-29_CPANS",1.61796589327897,326,43,96.5,85.5,36.5,27.5,335,332,201,203,52,53,118,120,177,44.525324546,-80.014072508,-1.41137,NA,NA,NA,37.0836
63,0.4929,100,158,"2026-08-29_CPANS",1.61655350792111,199,60,75,100,23.5,39.5,332,332,212,203,58,53,127,120,177.2,44.525405599,-80.014003944,-1.22126,NA,NA,NA,37.116
64,0.50319,99,158,"2026-08-29_CPANS",1.6493485073396,243,53,77,71.5,25,23,309,335,208,198,52,49,121,117,177.4,44.525485646,-80.0139389,-0.602266,NA,NA,NA,36.378
65,0.5135,98,159,"2026-08-29_CPANS",1.66783415057207,335,57,98.5,73,33,24.5,325,339,201,200,48,51,115,117,177.6,44.525564352,-80.013870923,0,NA,NA,NA,35.9748
66,0.52397,99,159,"2026-08-29_CPANS",1.63270637408568,325,57,98.5,73,33,24.5,321,340,214,201,60,52,128,118,177.8,44.525644148,-80.013800934,0.380201,NA,NA,NA,36.7488
67,0.53435,99,159,"2026-08-29_CPANS",1.63430738053213,313,44,93,73,33.5,24.5,308,340,217,201,63,52,134,118,178,44.525721429,-80.013728766,0.76915,NA,NA,NA,36.7128
68,0.5445,99,159,"2026-08-29_CPANS",1.65081880612784,318,47,93.5,99.5,34,40,307,340,217,201,65,52,135,118,178.2,44.525797621,-80.013657939,1.1585,NA,NA,NA,36.3456
69,0.55487,99,160,"2026-08-29_CPANS",1.63575097327183,277,56,84.5,100,28,35,311,339,214,201,62,55,132,120,178,44.525876662,-80.013589207,1.16133,NA,NA,NA,36.6804
70,0.56513,99,159,"2026-08-29_CPANS",1.62824019799401,269,60,100,72.5,35,24,311,339,214,201,62,55,132,120,178,44.525956374,-80.013523828,0.964289,NA,NA,NA,36.8496
71,0.57521,99,160,"2026-08-29_CPANS",1.64788082525872,275,39,78.5,98,26.5,36,316,336,212,207,60,59,129,125,178.2,44.526034829,-80.013459874,1.35706,NA,NA,NA,36.4104
72,0.58559,99,160,"2026-08-29_CPANS",1.62538196476172,254,47,73.5,99,26,38,314,318,212,229,68,68,136,136,178.2,44.526114205,-80.013391143,1.16476,NA,NA,NA,36.9144
73,0.59586,99,160,"2026-08-29_CPANS",1.63270637408568,258,47,73.5,99,26,38,314,319,212,217,68,65,139,134,178.2,44.526192157,-80.013323752,0.974643,NA,NA,NA,36.7488
74,0.60595,99,160,"2026-08-29_CPANS",1.66783415057207,300,56,83,99,29,38,330,329,207,203,65,59,134,125,178.2,44.526268013,-80.013257032,0.78028,NA,NA,NA,35.9748
75,0.61593,100,161,"2026-08-29_CPANS",1.62237580713196,357,56,100,72,37.5,23,330,333,207,201,65,56,134,122,178.2,44.526344456,-80.013186457,0.586293,NA,NA,NA,36.9828
76,0.62618,100,161,"2026-08-29_CPANS",1.61357988834027,270,43,91,91.5,33,29,332,333,205,201,65,56,134,122,178.2,44.526421486,-80.013114205,0.395271,NA,NA,NA,37.1844
77,0.63652,100,161,"2026-08-29_CPANS",1.64025850474035,254,48,74.5,86,27.5,26,338,333,205,201,65,56,131,122,178,44.526497929,-80.013042456,0,NA,NA,NA,36.5796
78,0.64663,99,161,"2026-08-29_CPANS",1.63430738053213,284,52,77.5,74,26,25,338,328,205,203,65,59,131,125,177.8,44.526572947,-80.012969365,-0.385699,NA,NA,NA,36.7128
79,0.65681,99,161,"2026-08-29_CPANS",1.63270637408568,340,59,100,76,39,24.5,342,336,207,203,62,59,128,125,178,44.526645283,-80.012891497,0,NA,NA,NA,36.7488
80,0.66691,98,161,"2026-08-29_CPANS",1.66317400126401,303,46,100,76,39,24.5,342,322,207,211,62,63,128,128,178.2,44.526714936,-80.012810361,0.201649,NA,NA,NA,36.0756
81,0.67709,98,162,"2026-08-29_CPANS",1.67723323605381,273,46,86,76,30,24.5,322,312,207,226,65,69,131,134,178.2,44.526786266,-80.012731403,0,NA,NA,NA,35.7732
82,0.68712,97,161,"2026-08-29_CPANS",1.66933760683761,295,50,87.5,81,31.5,28.5,318,321,205,208,65,68,131,134,178.4,44.526857428,-80.012654625,0.202638,NA,NA,NA,35.9424
83,0.69678,97,161,"2026-08-29_CPANS",1.66317400126401,358,52,90.5,79,31,25.5,319,321,205,208,65,68,129,134,178.6,44.526930351,-80.012583211,0.409677,NA,NA,NA,36.0756
84,0.70681,97,161,"2026-08-29_CPANS",1.68503353216729,282,55,90,99,29.5,35.5,319,328,211,210,66,65,129,131,178.6,44.527004866,-80.012511378,0.409677,NA,NA,NA,35.6076
85,0.71696,97,161,"2026-08-29_CPANS",1.69153218985757,313,55,84.5,99,29.5,35.5,319,326,211,224,66,63,129,129,178.6,44.527081309,-80.012441557,0.409677,NA,NA,NA,35.4708
86,0.72726,97,161,"2026-08-29_CPANS",1.67252048837598,249,56,80.5,79,26.5,25,322,325,205,211,62,62,127,127,178.6,44.527157417,-80.012370646,0.409677,NA,NA,NA,35.874
87,0.73729,97,161,"2026-08-29_CPANS",1.65705574335521,283,54,91.5,70,33,21.5,328,325,203,203,65,62,129,127,178.4,44.52723168,-80.012300406,0.403699,NA,NA,NA,36.2088
88,0.7469,98,161,"2026-08-29_CPANS",1.66933760683761,267,51,79,75,27.5,24.5,328,329,203,200,65,62,129,127,178.2,44.527306028,-80.012233267,0.393406,NA,NA,NA,35.9424
89,0.75714,98,160,"2026-08-29_CPANS",1.65081880612784,264,51,79,75,27.5,24.5,333,321,204,204,63,63,129,128,178,44.527383309,-80.012162523,0,NA,NA,NA,36.3456
90,0.76758,99,160,"2026-08-29_CPANS",1.64171263462044,227,43,76,75,28,24.5,328,321,203,204,55,63,121,128,178,44.527460506,-80.012090774,-0.19639,NA,NA,NA,36.5472
91,0.77782,99,161,"2026-08-29_CPANS",1.64788082525872,225,50,76,75,28,24.5,328,322,203,218,55,62,121,127,178,44.527537704,-80.012023216,-0.19639,NA,NA,NA,36.4104
92,0.78793,99,161,"2026-08-29_CPANS",1.64625312788094,235,55,76.5,68,27,20.5,340,330,201,212,56,59,122,124,178,44.527615488,-80.011959095,-0.395792,NA,NA,NA,36.4464
93,0.79776,99,161,"2026-08-29_CPANS",1.63126814785815,307,45,82,67,29,20,345,339,201,200,58,58,122,124,178,44.527693607,-80.011895979,-0.602831,NA,NA,NA,36.7812
94,0.80786,99,162,"2026-08-29_CPANS",1.64479094707063,236,48,87.5,99.5,31,34,343,340,203,204,62,59,129,125,178.2,44.527773906,-80.011834372,-0.404811,NA,NA,NA,36.4788
95,0.81804,98,161,"2026-08-29_CPANS",1.66616681662168,301,52,87.5,99.5,31,34,323,338,204,217,68,63,134,129,178.2,44.527855378,-80.011776034,-0.404811,NA,NA,NA,36.0108
96,0.82823,97,161,"2026-08-29_CPANS",1.68673885908984,306,52,84,98,29.5,32,323,325,205,217,69,70,135,135,178.4,44.527936263,-80.011719456,-0.20854,NA,NA,NA,35.5716
97,0.83822,97,161,"2026-08-29_CPANS",1.67723323605381,269,50,83,76.5,28.5,23.5,333,330,204,207,65,65,131,129,178.4,44.528017149,-80.011665141,0,NA,NA,NA,35.7732
98,0.8479,96,162,"2026-08-29_CPANS",1.68197261748579,300,48,82,75,26.5,23.5,335,330,203,207,63,65,128,129,178.4,44.528098118,-80.01161376,0.198978,NA,NA,NA,35.6724
99,0.8578,96,162,"2026-08-29_CPANS",1.70607704643942,318,61,100,97,37.5,32.5,335,330,203,207,63,65,128,129,178.8,44.528179338,-80.0115602,0.798331,NA,NA,NA,35.1684
100,0.86797,96,160,"2026-08-29_CPANS",1.70607704643942,311,61,83,92.5,27.5,30.5,330,321,200,233,62,66,127,131,179,44.528261313,-80.011506388,0.994988,NA,NA,NA,35.1684
101,0.87792,96,160,"2026-08-29_CPANS",1.70120104793985,318,50,81,76.5,25,24,328,316,201,219,62,65,127,129,179,44.528342366,-80.011452744,0.994988,NA,NA,NA,35.2692
102,0.88822,96,160,"2026-08-29_CPANS",1.67875369325813,324,50,93.5,77.5,31,23,332,330,204,207,66,60,129,125,179.2,44.52842409,-80.011396753,1.18916,NA,NA,NA,35.7408
103,0.89801,96,161,"2026-08-29_CPANS",1.67403240926744,289,50,93.5,77.5,31,23,328,332,205,221,66,65,131,129,179.2,44.528503634,-80.011341516,1.18916,NA,NA,NA,35.8416
104,0.9078,96,161,"2026-08-29_CPANS",1.70433241299383,234,50,83,77.5,26.5,23,312,328,200,221,58,65,122,129,178.8,44.528583598,-80.011290051,0.582563,NA,NA,NA,35.2044
105,0.91774,96,161,"2026-08-29_CPANS",1.68827660723933,298,50,78,76,26,22.5,319,328,195,214,53,62,117,127,178.8,44.528665321,-80.011239424,0.582563,NA,NA,NA,35.5392
106,0.92771,97,161,"2026-08-29_CPANS",1.65393139492574,334,50,86.5,76,28.5,22.5,330,328,198,214,55,62,118,127,178.6,44.528747212,-80.01118754,0.18569,NA,NA,NA,36.2772
107,0.93776,98,161,"2026-08-29_CPANS",1.65081880612784,264,47,86.5,76,28.5,22.5,330,332,198,205,55,58,118,122,178.8,44.528829942,-80.011137081,0.384695,NA,NA,NA,36.3456
108,0.94773,98,161,"2026-08-29_CPANS",1.66616681662168,235,60,81,74.5,26.5,21.5,330,333,198,210,55,62,118,127,178.8,44.528911582,-80.011085197,0.384695,NA,NA,NA,36.0108
109,0.95773,98,162,"2026-08-29_CPANS",1.67084377610693,298,47,77.5,68,23.5,21,323,330,197,221,62,68,127,134,179,44.528992467,-80.011030799,0.180655,NA,NA,NA,35.91
110,0.96761,98,162,"2026-08-29_CPANS",1.64788082525872,273,47,77.5,68,23.5,21,336,335,200,207,63,63,128,129,179.2,44.529073855,-80.010975646,0.186427,NA,NA,NA,36.4104
111,0.97768,97,162,"2026-08-29_CPANS",1.66933760683761,317,52,78,77,25,22,335,335,203,203,63,60,128,125,179.2,44.529155579,-80.010920074,0.186427,NA,NA,NA,35.9424
112,0.98783,97,162,"2026-08-29_CPANS",1.68673885908984,295,54,85.5,89,26.5,26.5,335,323,203,203,63,65,128,129,179,44.529236716,-80.010862658,-0.204792,NA,NA,NA,35.5716
113,0.99797,97,162,"2026-08-29_CPANS",1.67723323605381,266,56,84.5,95.5,28,29,335,323,203,203,63,65,128,129,179,44.529317433,-80.010803817,-0.204792,NA,NA,NA,35.7732
114,1.00793,97,162,"2026-08-29_CPANS",1.68027690963471,289,54,83,71.5,27.5,21,335,321,203,205,63,70,128,135,179,44.529394714,-80.010741791,0.203788,NA,NA,NA,35.7084
115,1.01778,97,162,"2026-08-29_CPANS",1.67875369325813,0,54,82,77,27,23.5,333,328,203,204,66,68,131,132,179.2,44.529471996,-80.010680603,0.406834,NA,NA,NA,35.7408
116,1.0277,97,162,"2026-08-29_CPANS",1.68503353216729,0,54,92,77,29,23.5,333,333,203,203,66,60,131,125,179.2,44.529546343,-80.010613045,0.607435,NA,NA,NA,35.6076
117,1.03722,0,161,"2026-08-29_CPANS",1.69635284139101,0,NA,0,0,0,0,0,0,0,0,0,0,0,0,179.2,44.529617505,-80.010543056,0.408431,NA,NA,NA,35.37
118,1.04728,0,161,"2026-08-29_CPANS",1.67723323605381,0,NA,0,0,0,0,0,0,0,0,0,0,0,0,179.2,44.529688584,-80.010464182,0.408431,NA,NA,NA,35.7732
119,1.05727,96,161,"2026-08-29_CPANS",1.68503353216729,285,49,0,0,0,0,330,0,200,0,56,0,121,0,179.2,44.529757064,-80.010382123,0.208431,NA,NA,NA,35.6076
120,1.06736,96,161,"2026-08-29_CPANS",1.67875369325813,266,58,0,0,0,0,338,0,201,0,62,0,125,0,179.4,44.529823281,-80.010295706,0.204217,NA,NA,NA,35.7408
121,1.0775,96,161,"2026-08-29_CPANS",1.68027690963471,295,56,85.5,97.5,27.5,34.5,338,338,201,218,62,68,125,132,179.6,44.529889833,-80.010208702,0.401456,NA,NA,NA,35.7084
122,1.08765,97,162,"2026-08-29_CPANS",1.6898171617831,281,50,85.5,97.5,27.5,34.5,338,330,203,215,68,66,131,131,179.4,44.529957643,-80.010124799,0.401456,NA,NA,NA,35.5068
123,1.09775,97,162,"2026-08-29_CPANS",1.66783415057207,237,47,86,77.5,28.5,23.5,335,332,203,211,68,66,132,131,179.2,44.530025453,-80.010041567,0.203436,NA,NA,NA,35.9748
124,1.10757,97,162,"2026-08-29_CPANS",1.67252048837598,224,44,77.5,97,26,32.5,325,326,204,208,70,69,136,132,179,44.530090496,-80.009958586,0,NA,NA,NA,35.874
125,1.11713,96,162,"2026-08-29_CPANS",1.69307869429771,235,55,78.5,99.5,26,35.5,319,309,204,205,69,70,135,135,178.8,44.530154534,-80.009877365,-0.41248,NA,NA,NA,35.4384
126,1.12688,96,162,"2026-08-29_CPANS",1.70120104793985,210,55,78.5,99.5,26,35.5,336,316,203,201,69,66,132,129,179,44.530219913,-80.009796731,-0.207352,NA,NA,NA,35.2692
127,1.13646,95,162,"2026-08-29_CPANS",1.71098107654929,192,52,69,69.5,23,22,336,325,203,200,69,63,132,127,179.4,44.530284705,-80.009717103,0.210184,NA,NA,NA,35.0676
128,1.14603,95,162,"2026-08-29_CPANS",1.70922640412949,244,50,79.5,64.5,27,20,336,325,203,200,69,63,132,127,180,44.530349581,-80.009638313,0.837144,NA,NA,NA,35.1036
129,1.15564,95,161,"2026-08-29_CPANS",1.68503353216729,243,51,76,64.5,26,20,342,335,198,194,65,55,128,118,180.2,44.530415379,-80.009557679,1.04526,NA,NA,NA,35.6076
130,1.16543,96,161,"2026-08-29_CPANS",1.69153218985757,255,54,77.5,70,25.5,22,340,338,198,195,63,58,127,121,180.4,44.530481847,-80.00947495,1.05133,NA,NA,NA,35.4708
131,1.1755,96,161,"2026-08-29_CPANS",1.6946280291476,238,58,81.5,70,27,20.5,338,342,200,200,60,60,124,124,180.2,44.530548483,-80.009390209,0.655486,NA,NA,NA,35.406
132,1.1854,96,160,"2026-08-29_CPANS",1.69307869429771,246,46,79,70,27.5,20.5,333,345,205,204,62,65,127,128,179.8,44.5306147,-80.009305216,0.44849,NA,NA,NA,35.4384
133,1.19546,96,160,"2026-08-29_CPANS",1.68827660723933,202,46,79,70,27.5,20.5,318,326,204,207,69,69,135,132,179.4,44.530682342,-80.009220392,0.248895,NA,NA,NA,35.5392
134,1.20559,95,160,"2026-08-29_CPANS",1.71098107654929,157,54,71,96.5,23,32,336,311,200,203,63,68,129,131,179.2,44.530750152,-80.009137746,0.255128,NA,NA,NA,35.0676
135,1.21535,95,160,"2026-08-29_CPANS",1.73088240384948,209,55,69.5,96.5,24,32,340,311,198,203,60,68,124,131,179,44.530817375,-80.009059208,0.259415,NA,NA,NA,34.6644
136,1.22495,94,160,"2026-08-29_CPANS",1.74100769525401,218,52,76,59,26.5,18,340,321,198,197,60,62,124,125,178.8,44.530886693,-80.008986034,-0.154047,NA,NA,NA,34.4628
137,1.23461,93,160,"2026-08-29_CPANS",1.75808720112518,202,55,73,71.5,24.5,22.5,345,338,200,198,56,58,118,121,179,44.530956682,-80.008914871,-0.364544,NA,NA,NA,34.128
138,1.24408,93,160,"2026-08-29_CPANS",1.75457065656034,189,56,74,64,23.5,20.5,350,346,203,204,56,58,120,120,179,44.531027844,-80.008848151,-0.991503,NA,NA,NA,34.1964
139,1.25349,92,160,"2026-08-29_CPANS",1.78081703885743,205,57,75.5,64,24,20.5,349,345,203,203,60,59,122,121,179.2,44.531101773,-80.00878931,-0.98708,NA,NA,NA,33.6924
140,1.26308,92,160,"2026-08-29_CPANS",1.77022481855196,234,57,75.5,64,24,20.5,347,347,203,205,63,62,124,122,179.4,44.53117721,-80.008729631,-0.982819,NA,NA,NA,33.894
141,1.27262,91,160,"2026-08-29_CPANS",1.79694519317161,205,56,75.5,64,24,20.5,347,350,201,205,59,63,120,125,179.6,44.531253569,-80.008675819,-0.574566,NA,NA,NA,33.39
142,1.28211,91,160,"2026-08-29_CPANS",1.80609738477099,247,53,74,73.5,25,25,347,350,201,205,56,63,118,125,179.6,44.531333616,-80.008634916,-0.170526,NA,NA,NA,33.2208
143,1.29163,91,160,"2026-08-29_CPANS",1.78616082592077,316,55,74,73.5,25,25,347,350,201,204,56,68,118,129,179.4,44.531415675,-80.008604154,0.0170046,NA,NA,NA,33.5916
144,1.301,92,160,"2026-08-29_CPANS",1.75457065656034,302,56,100,75,32.5,24.5,347,339,204,204,56,68,121,131,179.4,44.53149765,-80.008574398,0.214438,NA,NA,NA,34.1964
145,1.31048,93,160,"2026-08-29_CPANS",1.74941394632798,230,47,88.5,90,31.5,28.5,346,339,205,204,60,68,127,131,179.2,44.531581218,-80.00855227,0.208386,NA,NA,NA,34.2972
146,1.32004,93,160,"2026-08-29_CPANS",1.73919092838012,269,48,82,91.5,29,28,332,315,205,204,66,69,132,134,179.2,44.531665623,-80.008531399,0.416719,NA,NA,NA,34.4988
147,1.32944,93,160,"2026-08-29_CPANS",1.72407848005241,254,48,82,91.5,29,28,322,315,203,204,68,69,132,134,179.2,44.531749191,-80.008506756,0.20968,NA,NA,NA,34.8012
148,1.33894,93,160,"2026-08-29_CPANS",1.75975785731883,285,49,83.5,76.5,28,24.5,329,308,204,200,72,72,136,134,179.4,44.531832172,-80.008477671,0.420206,NA,NA,NA,34.0956
149,1.34835,92,160,"2026-08-29_CPANS",1.75975785731883,295,49,84,93.5,28,29,329,321,204,201,72,65,136,127,179.4,44.53191356,-80.008442886,0.207666,NA,NA,NA,34.0956
150,1.3577,92,160,"2026-08-29_CPANS",1.78272185973544,272,50,86,74.5,31,23,329,330,204,204,72,63,136,125,179.6,44.531992769,-80.008402569,0.213019,NA,NA,NA,33.6564
151,1.36714,91,159,"2026-08-29_CPANS",1.78980526918671,323,57,100,84.5,40,27,332,332,204,212,70,65,132,127,179.6,44.532070888,-80.008357558,0,NA,NA,NA,33.5232
152,1.37632,90,159,"2026-08-29_CPANS",1.80982372316936,329,52,89.5,97.5,29,32,326,316,203,229,65,68,129,132,179.8,44.532147583,-80.008314056,0.22124,NA,NA,NA,33.1524
153,1.38561,91,159,"2026-08-29_CPANS",1.77910617705665,384,45,88,99.5,29,34.5,323,314,203,222,65,68,131,131,180,44.532224277,-80.008265441,0.64661,NA,NA,NA,33.7248
154,1.39485,91,159,"2026-08-29_CPANS",1.78980526918671,286,47,77.5,99.5,24,34.5,330,322,203,207,65,63,129,124,180.2,44.532297954,-80.008210707,0.86306,NA,NA,NA,33.5232
155,1.40426,92,159,"2026-08-29_CPANS",1.77380445579679,319,47,82.5,80,26.5,23,339,322,200,207,60,63,122,124,180.2,44.532373475,-80.008154465,1.07403,NA,NA,NA,33.8256
156,1.41381,92,159,"2026-08-29_CPANS",1.77550513120983,295,47,82.5,80,26.5,23,339,330,200,204,60,60,122,121,180.4,44.532445727,-80.008089757,1.28345,NA,NA,NA,33.7932
157,1.42355,92,159,"2026-08-29_CPANS",1.75125214528388,301,51,91.5,84,30,26.5,343,338,205,203,65,59,127,120,180.2,44.532518314,-80.008021779,1.07812,NA,NA,NA,34.2612
158,1.43304,92,161,"2026-08-29_CPANS",1.76497581983127,267,51,88,84,29,26.5,332,325,207,210,69,59,132,122,180.2,44.53258889,-80.007955646,0.867589,NA,NA,NA,33.9948
159,1.44261,92,161,"2026-08-29_CPANS",1.75641971405487,276,48,81.5,84,26.5,26.5,326,325,205,225,70,63,134,125,180,44.532660136,-80.007889597,0.658603,NA,NA,NA,34.1604
160,1.45204,92,161,"2026-08-29_CPANS",1.75457065656034,276,49,89.5,83.5,30,26.5,332,328,205,218,68,63,134,125,180,44.532731718,-80.007825391,0.444699,NA,NA,NA,34.1964
161,1.4615,92,161,"2026-08-29_CPANS",1.75125214528388,255,47,80.5,92,26,30,340,328,204,218,69,63,135,125,180.2,44.532803299,-80.007760935,0.656116,NA,NA,NA,34.2612
162,1.47097,92,161,"2026-08-29_CPANS",1.75457065656034,239,56,82,92,27,30,343,330,204,212,72,60,138,122,180.2,44.532873875,-80.007695137,0.438251,NA,NA,NA,34.1964
163,1.48031,92,160,"2026-08-29_CPANS",1.74776286353468,289,56,82,92,27,30,343,332,205,207,70,65,136,128,180,44.532943696,-80.007627746,0,NA,NA,NA,34.3296
164,1.48982,92,161,"2026-08-29_CPANS",1.75641971405487,255,49,84,74,27.5,23.5,332,325,203,204,66,65,132,128,180,44.53301117,-80.007555159,-0.207617,NA,NA,NA,34.1604
165,1.49913,92,161,"2026-08-29_CPANS",1.77380445579679,222,51,91.5,91.5,30.5,28.5,332,319,203,224,66,68,132,131,180,44.533076717,-80.007480225,-0.207617,NA,NA,NA,33.8256
166,1.50872,92,161,"2026-08-29_CPANS",1.76497581983127,221,50,71.5,91.5,23,28.5,318,322,204,228,73,72,141,135,179.8,44.533142934,-80.007402608,-0.625592,NA,NA,NA,33.9948
167,1.51831,91,161,"2026-08-29_CPANS",1.79888469149128,196,56,80.5,74.5,26,21.5,318,336,204,210,73,65,141,127,179.8,44.533206133,-80.00732407,-0.420253,NA,NA,NA,33.354
168,1.52739,91,161,"2026-08-29_CPANS",1.78980526918671,252,52,91.5,66,28.5,19.5,340,343,201,222,69,65,134,128,179.8,44.533268327,-80.007245783,-0.420253,NA,NA,NA,33.5232
169,1.53682,91,161,"2026-08-29_CPANS",1.79888469149128,267,51,80,82.5,26,27,325,343,201,222,65,65,128,128,179.8,44.533332784,-80.007168083,-0.211267,NA,NA,NA,33.354
170,1.54633,91,161,"2026-08-29_CPANS",1.77910617705665,301,51,80,82.5,26,27,325,339,201,225,65,65,128,129,179.8,44.533401013,-80.007094657,-0.211267,NA,NA,NA,33.7248
171,1.55598,91,161,"2026-08-29_CPANS",1.79694519317161,266,44,82.5,79.5,25.5,23.5,339,336,203,211,68,63,131,125,179.8,44.533469409,-80.007021902,-0.422683,NA,NA,NA,33.39
172,1.56549,91,161,"2026-08-29_CPANS",1.7915367802501,257,47,77,76,26,23,339,336,203,207,68,63,131,124,180,44.533539901,-80.006954428,-0.212378,NA,NA,NA,33.4908
173,1.57499,91,161,"2026-08-29_CPANS",1.80238635954003,256,48,78.5,76,26.5,23,342,338,203,204,69,63,134,124,180.2,44.533612069,-80.006892234,0.212281,NA,NA,NA,33.2892
174,1.58438,91,161,"2026-08-29_CPANS",1.78980526918671,281,51,79,78,25.5,24.5,342,338,203,203,69,59,135,121,180.2,44.533687422,-80.006838422,0.212281,NA,NA,NA,33.5232
175,1.59375,91,162,"2026-08-29_CPANS",1.78272185973544,227,55,78.5,83,25,26,338,333,200,204,68,58,132,120,180.2,44.533762524,-80.006784191,0.212281,NA,NA,NA,33.6564
176,1.60316,91,162,"2026-08-29_CPANS",1.78443968593862,254,49,79,70,25.5,22,338,333,200,204,66,58,128,120,180.2,44.533840308,-80.006737756,0.420831,NA,NA,NA,33.624
177,1.61254,92,161,"2026-08-29_CPANS",1.7773985994099,243,49,79,70,25.5,22,342,339,201,204,65,60,129,122,180.2,44.533920439,-80.006699618,0.420831,NA,NA,NA,33.7572
178,1.622,92,161,"2026-08-29_CPANS",1.75457065656034,278,49,76.5,70,24.5,22,343,342,203,204,66,65,132,125,180.2,44.534003336,-80.006670114,0.420831,NA,NA,NA,34.1964
179,1.63139,93,161,"2026-08-29_CPANS",1.74941394632798,241,45,82.5,77.5,27.5,24,343,342,203,204,66,65,132,127,180,44.534088664,-80.006657625,0.207839,NA,NA,NA,34.2972
180,1.64112,93,161,"2026-08-29_CPANS",1.74428745857317,243,50,75.5,95.5,23,30,342,322,203,201,69,62,135,124,179.8,44.534176171,-80.006649746,0,NA,NA,NA,34.398
181,1.65086,94,162,"2026-08-29_CPANS",1.74264603373763,266,48,76.5,73.5,24,24.5,342,330,198,201,66,60,131,122,180,44.534263846,-80.006653517,0.207628,NA,NA,NA,34.4304
182,1.66074,95,161,"2026-08-29_CPANS",1.72247485186716,233,48,77.5,73,26.5,22,343,342,198,201,65,59,129,121,180,44.534352694,-80.006655864,0,NA,NA,NA,34.8336
183,1.6706,96,160,"2026-08-29_CPANS",1.69307869429771,246,50,79,71.5,26,20.5,345,338,200,201,65,59,129,121,180,44.534442213,-80.00666257,-0.213204,NA,NA,NA,35.4384
184,1.68083,97,160,"2026-08-29_CPANS",1.65393139492574,180,52,69.5,74.5,22,23.5,347,326,201,200,66,59,129,122,179.8,44.534534749,-80.006673047,-0.408707,NA,NA,NA,36.2772
185,1.69158,99,160,"2026-08-29_CPANS",1.62680982593135,160,52,69.5,74.5,22,23.5,347,326,201,200,66,59,129,122,179.4,44.5346298,-80.006681178,-0.7808,NA,NA,NA,36.882
186,1.70244,102,160,"2026-08-29_CPANS",1.58217834314284,158,48,61,74.5,19,23.5,353,332,198,197,62,59,128,122,178.8,44.534725772,-80.006686961,-1.33329,NA,NA,NA,37.9224
187,1.71323,96,160,"2026-08-29_CPANS",1.55734130692082,172,56,64,58,20.5,18.5,353,346,201,195,59,62,124,125,178.2,44.53482141,-80.006688638,-1.88936,NA,NA,NA,38.5272
188,1.72355,93,160,"2026-08-29_CPANS",1.53327200245324,249,58,78,62,25.5,20.5,354,346,203,195,58,59,122,122,177.8,44.534915706,-80.006687297,-2.27695,NA,NA,NA,39.132
189,1.73427,93,161,"2026-08-29_CPANS",1.52151421094273,198,55,75.5,98,25.5,35,352,336,201,197,62,58,125,122,177.4,44.535012517,-80.00668495,-2.4371,NA,NA,NA,39.4344
190,1.74486,93,161,"2026-08-29_CPANS",1.53850887719622,291,50,74,98,27,35,347,319,200,198,65,63,128,127,177.2,44.535108574,-80.006677993,-2.4204,NA,NA,NA,38.9988
191,1.75563,93,160,"2026-08-29_CPANS",1.54121200912398,291,51,84.5,71,28,23.5,343,319,200,198,68,63,131,127,177.2,44.535204966,-80.006660474,-2.62574,NA,NA,NA,38.9304
192,1.76629,93,160,"2026-08-29_CPANS",1.55996505678273,276,50,84.5,71,28,23.5,343,339,200,203,68,65,131,127,177,44.535299262,-80.006633904,-2.81336,NA,NA,NA,38.4624
193,1.77673,93,160,"2026-08-29_CPANS",1.57381177211206,256,50,77.5,79.5,25,24.5,342,340,201,201,68,62,129,124,177,44.535390625,-80.006599538,-2.81336,NA,NA,NA,38.124
194,1.78708,102,160,"2026-08-29_CPANS",1.58217834314284,331,75,92.5,83.5,31.5,27,340,339,211,198,60,63,124,125,177,44.535478048,-80.006553186,-2.61786,NA,NA,NA,37.9224
195,1.79752,101,160,"2026-08-29_CPANS",1.60627088152146,304,40,81,88.5,28.5,30.5,321,339,225,198,66,63,135,125,176.8,44.535563208,-80.006500296,-2.43733,NA,NA,NA,37.3536
196,1.80774,100,160,"2026-08-29_CPANS",1.62538196476172,223,49,74,76.5,27.5,23.5,325,342,211,203,66,73,134,135,176.8,44.535645435,-80.006442294,-1.88485,NA,NA,NA,36.9144
197,1.8178,99,160,"2026-08-29_CPANS",1.62680982593135,314,48,91,82,34.5,25.5,330,342,205,203,66,73,132,135,176.8,44.535726153,-80.006379765,-1.32878,NA,NA,NA,36.882
198,1.82822,99,160,"2026-08-29_CPANS",1.64788082525872,385,42,89.5,82,32,25.5,330,339,205,203,66,69,132,132,176.6,44.535808211,-80.006316481,-1.13312,NA,NA,NA,36.4104
199,1.8387,99,159,"2026-08-29_CPANS",1.64788082525872,308,45,89.5,82,32,25.5,330,339,205,203,66,69,132,132,176.8,44.535891108,-80.006255796,-0.569144,NA,NA,NA,36.4104
200,1.84872,98,159,"2026-08-29_CPANS",1.66616681662168,247,45,79,99.5,26,34.5,326,338,207,204,65,63,131,128,177.2,44.535971407,-80.006197961,0.0189146,NA,NA,NA,36.0108
201,1.85865,96,159,"2026-08-29_CPANS",1.69153218985757,229,49,80,79.5,29,23.5,335,338,205,204,66,63,131,128,177.4,44.536050113,-80.006137779,0.220324,NA,NA,NA,35.4708
202,1.86857,95,159,"2026-08-29_CPANS",1.71909919202338,280,49,86,73.5,29,21.5,336,339,205,203,65,60,129,125,177.8,44.536126221,-80.006072903,0.811168,NA,NA,NA,34.902
203,1.87836,94,159,"2026-08-29_CPANS",1.74428745857317,320,54,84.5,87.5,28.5,28,316,339,207,203,66,60,132,125,178.4,44.536201407,-80.006010542,1.42404,NA,NA,NA,34.398
204,1.88807,93,159,"2026-08-29_CPANS",1.74776286353468,290,51,85.5,99,30,31,321,339,205,203,66,60,132,125,178.8,44.536275167,-80.005946504,1.83598,NA,NA,NA,34.3296
205,1.89763,92,159,"2026-08-29_CPANS",1.76161786985167,295,52,87,82.5,29,26,321,297,205,208,66,69,132,131,179,44.536347419,-80.005884646,2.23676,NA,NA,NA,34.0596
206,1.90692,92,160,"2026-08-29_CPANS",1.76684688504894,294,50,85.5,81,30,25.5,321,323,205,207,66,65,132,127,179.4,44.536417995,-80.005823709,2.66733,NA,NA,NA,33.9588
207,1.91586,92,160,"2026-08-29_CPANS",1.75290983031833,283,50,85.5,81,30,25.5,326,336,205,207,66,66,129,127,179.4,44.536487062,-80.005759671,2.66733,NA,NA,NA,34.2288
208,1.92548,92,159,"2026-08-29_CPANS",1.74611489436005,262,50,83,80.5,28.5,24,333,339,205,204,65,66,127,127,179.4,44.536560403,-80.005696639,2.85927,NA,NA,NA,34.362
209,1.93487,92,158,"2026-08-29_CPANS",1.75975785731883,277,51,84,74.5,29,22.5,332,340,205,204,66,66,129,128,179.4,44.536632739,-80.005633943,2.66843,NA,NA,NA,34.0956
210,1.94455,92,159,"2026-08-29_CPANS",1.77022481855196,258,51,83.5,76.5,27,23.5,330,342,203,204,66,68,131,129,179.6,44.536705746,-80.005571079,2.47584,NA,NA,NA,33.894
211,1.95373,91,159,"2026-08-29_CPANS",1.79520321700416,287,52,82.5,88,28,28,333,342,201,204,65,68,127,129,179.6,44.536777998,-80.005512908,2.27443,NA,NA,NA,33.4224
212,1.96294,90,159,"2026-08-29_CPANS",1.80063382310573,276,55,88,88,29,26.5,333,328,201,201,65,65,127,125,180,44.536854608,-80.005467562,2.30551,NA,NA,NA,33.3216
213,1.97227,90,159,"2026-08-29_CPANS",1.79694519317161,272,52,84.5,88,26.5,26.5,329,319,201,201,65,63,125,125,180.2,44.536933314,-80.005427413,1.90701,NA,NA,NA,33.39
214,1.98155,91,159,"2026-08-29_CPANS",1.7773985994099,272,52,84.5,88,26.5,26.5,328,315,204,203,62,62,127,122,180.2,44.537013697,-80.005392125,1.49506,NA,NA,NA,33.7572
215,1.99074,91,159,"2026-08-29_CPANS",1.76497581983127,234,40,86,98.5,27.5,31,328,297,204,226,62,68,127,132,180.4,44.537095672,-80.005367063,1.50348,NA,NA,NA,33.9948
216,2.0001,91,159,"2026-08-29_CPANS",1.76161786985167,239,52,82.5,69,28.5,19,314,305,205,229,62,73,129,136,180.4,44.537180832,-80.005355831,1.07291,NA,NA,NA,34.0596
217,2.00963,92,159,"2026-08-29_CPANS",1.76161786985167,209,51,91,76,32,24,321,305,203,229,58,73,128,136,180.2,44.537267082,-80.005360777,0.863049,NA,NA,NA,34.0596
218,2.01934,93,159,"2026-08-29_CPANS",1.75457065656034,236,48,73.5,76,25.5,24,339,305,200,229,56,73,124,136,180,44.537352996,-80.00538148,0.657075,NA,NA,NA,34.1964
219,2.02923,95,160,"2026-08-29_CPANS",1.69307869429771,258,52,73.5,76,25.5,24,339,340,200,200,56,60,124,122,180,44.537439665,-80.005413583,0.657075,NA,NA,NA,35.4384
220,2.03961,95,159,"2026-08-29_CPANS",1.63719711853307,188,48,73.5,76,25.5,24,339,342,200,200,56,59,124,121,179.6,44.537530022,-80.005446943,0.0651074,NA,NA,NA,36.648
221,2.05033,95,159,"2026-08-29_CPANS",1.58488652212502,188,49,0,0,0,0,339,343,200,197,56,56,124,121,179.4,44.537623313,-80.005477956,-0.12146,NA,NA,NA,37.8576
222,2.06074,99,159,"2026-08-29_CPANS",1.59063434497678,188,50,58.5,54,18,15.5,339,342,200,195,56,53,124,118,179,44.537716016,-80.005499246,-0.940016,NA,NA,NA,37.7208
223,2.07141,102,159,"2026-08-29_CPANS",1.56818466942667,174,50,58.5,54,18,15.5,353,342,198,195,55,53,121,118,178.8,44.537812241,-80.005507041,-1.34182,NA,NA,NA,38.2608
224,2.08181,102,159,"2026-08-29_CPANS",1.59063434497678,245,50,64.5,65.5,20,19,352,343,198,195,56,56,122,117,178.6,44.537906286,-80.005499078,-1.53413,NA,NA,NA,37.7208
225,2.09212,102,159,"2026-08-29_CPANS",1.58639507582968,264,46,76.5,62.5,27.5,19.5,352,343,198,195,56,56,122,117,178.4,44.537997648,-80.005471502,-1.94574,NA,NA,NA,37.8216
226,2.10228,101,159,"2026-08-29_CPANS",1.61498708010336,270,40,74,85.5,27.5,26,352,340,198,201,56,56,122,120,178.4,44.538083395,-80.005426658,-1.94574,NA,NA,NA,37.152
227,2.11226,99,159,"2026-08-29_CPANS",1.64171263462044,251,45,70.5,67,25,20.5,339,328,203,225,55,56,122,124,178.4,44.538164281,-80.005371589,-1.73588,NA,NA,NA,36.5472
228,2.12232,98,160,"2026-08-29_CPANS",1.64788082525872,252,51,76,99,26,34.5,339,322,201,224,58,55,125,122,178.4,44.538245334,-80.005313,-1.52991,NA,NA,NA,36.4104
229,2.13246,98,159,"2026-08-29_CPANS",1.65081880612784,270,53,82,75,27,22.5,335,323,204,226,68,56,135,122,178.4,44.538325297,-80.005251225,-1.52991,NA,NA,NA,36.3456
230,2.14248,98,158,"2026-08-29_CPANS",1.66933760683761,316,53,82,75,27,22.5,332,326,207,217,69,58,135,124,178.4,44.538404171,-80.005188864,-1.14455,NA,NA,NA,35.9424
231,2.15273,98,159,"2026-08-29_CPANS",1.67084377610693,251,42,79.5,97,27.5,30.5,319,330,205,212,72,58,138,124,178.4,44.538482122,-80.005124491,-0.957981,NA,NA,NA,35.91
232,2.16247,97,158,"2026-08-29_CPANS",1.68027690963471,251,57,76.5,66,27,23,315,330,203,212,70,58,136,124,178.4,44.538556554,-80.005057435,-0.573736,NA,NA,NA,35.7084
233,2.17233,96,158,"2026-08-29_CPANS",1.68197261748579,242,51,81.5,66,28,23,315,330,203,231,70,66,136,132,178.6,44.538631823,-80.004989626,-0.183454,NA,NA,NA,35.6724
234,2.18221,96,159,"2026-08-29_CPANS",1.70276529083231,260,46,88.5,66,32,23,330,338,201,222,66,66,132,129,178.6,44.538707931,-80.004924666,0,NA,NA,NA,35.2368
235,2.19198,96,159,"2026-08-29_CPANS",1.72407848005241,262,44,79.5,96.5,27.5,32,330,338,203,226,66,65,132,129,178.6,44.538782278,-80.00485803,0.20284,NA,NA,NA,34.8012
236,2.20192,96,159,"2026-08-29_CPANS",1.72747374239912,234,49,79.5,96.5,27,32,330,333,203,228,69,65,135,128,178.6,44.538857715,-80.004793908,0.20284,NA,NA,NA,34.7328
237,2.21131,96,158,"2026-08-29_CPANS",1.72087420409568,285,49,79.5,96.5,27,32,335,336,204,215,66,65,131,128,178.6,44.538931895,-80.00473029,0.20284,NA,NA,NA,34.866
238,2.22162,95,158,"2026-08-29_CPANS",1.68827660723933,266,51,79,83.5,26.5,25,338,335,201,208,62,63,125,127,178.6,44.539009344,-80.004662229,0.20284,NA,NA,NA,35.5392
239,2.23141,95,158,"2026-08-29_CPANS",1.71414858239912,262,52,79,76.5,24.5,23,339,339,201,201,60,60,124,124,178.8,44.539083021,-80.00459509,0.40713,NA,NA,NA,35.0028
240,2.24118,95,159,"2026-08-29_CPANS",1.72087420409568,261,47,78.5,83,25.5,26.5,332,339,201,201,63,60,127,124,179,44.539156866,-80.004527196,0.611838,NA,NA,NA,34.866
241,2.25145,95,159,"2026-08-29_CPANS",1.70765027322404,292,51,86,83,28,26.5,332,336,201,205,63,59,127,122,179.2,44.539231548,-80.004457124,0.80658,NA,NA,NA,35.136
242,2.26112,95,159,"2026-08-29_CPANS",1.72407848005241,241,46,97,84.5,32,26,329,336,204,205,66,59,129,122,179.2,44.539303297,-80.004389565,0.80658,NA,NA,NA,34.8012
243,2.27065,95,159,"2026-08-29_CPANS",1.70607704643942,241,45,97,84.5,32,26,315,333,203,231,66,76,131,139,179.2,44.539376974,-80.004325779,0.60374,NA,NA,NA,35.1684
244,2.28031,95,159,"2026-08-29_CPANS",1.6946280291476,266,45,97,84.5,32,26,323,338,201,208,62,65,127,127,179.4,44.539450232,-80.004258305,0.81078,NA,NA,NA,35.406
245,2.29009,96,159,"2026-08-29_CPANS",1.70433241299383,242,52,85,97,27,34,336,338,201,208,59,65,122,127,179.2,44.53952525,-80.004194016,0.606281,NA,NA,NA,35.2044
246,2.29989,96,159,"2026-08-29_CPANS",1.68673885908984,280,54,78.5,70.5,24.5,22,342,343,204,204,60,55,125,118,179.2,44.539600687,-80.004127044,0.606281,NA,NA,NA,35.5716
247,2.31017,97,158,"2026-08-29_CPANS",1.67875369325813,351,50,79.5,70.5,27,22,328,343,208,204,63,55,131,118,179.2,44.539676376,-80.004056804,0.606281,NA,NA,NA,35.7408
248,2.32022,97,158,"2026-08-29_CPANS",1.66933760683761,278,48,93.5,76,33,24,328,343,208,204,63,55,131,118,179.2,44.539751813,-80.003988743,0.606281,NA,NA,NA,35.9424
249,2.32991,97,159,"2026-08-29_CPANS",1.66466906379012,237,45,78.5,98,26,33,315,326,204,239,63,62,129,129,179.4,44.539827418,-80.00392261,0.608389,NA,NA,NA,36.0432
250,2.33978,97,159,"2026-08-29_CPANS",1.68503353216729,270,49,81,74,30,22.5,325,330,203,212,63,60,129,127,179.4,44.539903442,-80.003856309,0.403681,NA,NA,NA,35.6076
251,2.35009,97,158,"2026-08-29_CPANS",1.68027690963471,258,51,81.5,74,27.5,22.5,336,328,201,207,62,59,128,124,179.4,44.539981645,-80.003790259,0.208939,NA,NA,NA,35.7084
252,2.35998,97,158,"2026-08-29_CPANS",1.66466906379012,252,51,81.5,74,27.5,22.5,338,333,201,208,60,58,127,124,179.4,44.540056914,-80.003721695,0.208939,NA,NA,NA,36.0432
253,2.36994,97,158,"2026-08-29_CPANS",1.69790817712578,246,70,99.5,72.5,36,23,340,329,201,224,62,60,127,129,179.4,44.540130927,-80.003652629,0.208939,NA,NA,NA,35.3376
254,2.37993,97,158,"2026-08-29_CPANS",1.69635284139101,249,49,82,63.5,30,19.5,340,329,204,224,68,60,135,129,179.2,44.540206028,-80.003585406,-0.198301,NA,NA,NA,35.37
255,2.38958,97,158,"2026-08-29_CPANS",1.68503353216729,245,49,79.5,74,30.5,21.5,340,325,204,215,68,59,135,127,179,44.540280208,-80.003517596,-0.201056,NA,NA,NA,35.6076
256,2.39957,97,158,"2026-08-29_CPANS",1.67252048837598,251,47,79.5,74,30.5,21.5,339,321,204,201,70,55,139,120,179,44.540354807,-80.003445931,-0.201056,NA,NA,NA,35.874
257,2.40949,96,158,"2026-08-29_CPANS",1.67723323605381,253,50,80,70,29,20.5,339,328,204,200,70,56,139,120,179,44.540426808,-80.003369823,-0.201056,NA,NA,NA,35.7732
258,2.41957,96,158,"2026-08-29_CPANS",1.70433241299383,254,52,81.5,71.5,26.5,21,342,336,203,200,63,56,128,121,179,44.54049512,-80.003287178,-0.201056,NA,NA,NA,35.2044
259,2.42977,96,158,"2026-08-29_CPANS",1.6898171617831,254,46,80,75,27.5,23.5,342,336,203,221,65,60,129,125,179.2,44.540561337,-80.00319967,-0.211376,NA,NA,NA,35.5068
260,2.43946,96,158,"2026-08-29_CPANS",1.69946636756059,275,46,80,75,27.5,23.5,339,336,201,221,69,60,134,125,179.2,44.54062043,-80.00310814,-0.211376,NA,NA,NA,35.3052
261,2.44938,94,158,"2026-08-29_CPANS",1.73412409392016,297,48,83.5,70.5,30,21.5,338,336,200,221,63,60,128,125,179.6,44.540670637,-80.003007641,0.19185,NA,NA,NA,34.5996
262,2.45866,92,159,"2026-08-29_CPANS",1.76497581983127,353,53,86.5,70.5,28.5,21.5,338,336,200,221,63,60,128,125,179.8,44.540714978,-80.002907896,0.407367,NA,NA,NA,33.9948
263,2.46793,90,159,"2026-08-29_CPANS",1.80433762765689,305,48,90.5,93.5,29,30,330,336,201,208,63,60,125,122,179.8,44.540757893,-80.002806475,0.407367,NA,NA,NA,33.2532
264,2.47737,88,159,"2026-08-29_CPANS",1.85288123031314,333,57,100,93.5,36.5,30,330,338,201,221,63,63,125,125,180.2,44.540802066,-80.002708407,1.0313,NA,NA,NA,32.382
265,2.48621,87,159,"2026-08-29_CPANS",1.87034751056746,294,49,89.5,95,31.5,31,326,335,203,239,63,73,127,138,180.2,44.54084255,-80.002612099,1.23855,NA,NA,NA,32.0796
266,2.49536,94,159,"2026-08-29_CPANS",1.86846038863976,253,68,99,95,37,31,314,333,205,232,60,75,127,139,180.4,44.540883705,-80.002514534,1.45713,NA,NA,NA,32.112
267,2.50402,97,159,"2026-08-29_CPANS",1.8607420639351,257,68,99,95,37,31,300,342,203,228,56,73,124,138,180.4,44.540923771,-80.002419651,1.45713,NA,NA,NA,32.2452
268,2.51296,99,159,"2026-08-29_CPANS",1.82448458310527,313,53,76.5,77,26.5,23.5,325,340,200,218,56,68,122,131,180.4,44.540965177,-80.002320828,1.45713,NA,NA,NA,32.886
269,2.52243,101,159,"2026-08-29_CPANS",1.77380445579679,262,43,79.5,77,28,23.5,338,340,200,218,56,68,122,131,180.4,44.541007506,-80.002216976,1.26105,NA,NA,NA,33.8256
270,2.53194,102,158,"2026-08-29_CPANS",1.78081703885743,242,46,74.5,91.5,27,30,338,340,200,218,56,68,122,131,180.2,44.541051595,-80.002114801,1.05075,NA,NA,NA,33.6924
271,2.54153,103,158,"2026-08-29_CPANS",1.73755907700862,266,49,73,70,26.5,20,340,339,200,201,56,60,124,124,180.2,44.541097611,-80.00201229,0.64752,NA,NA,NA,34.5312
272,2.55098,104,158,"2026-08-29_CPANS",1.76329524615602,318,38,77,74,28,22.5,333,339,203,200,59,58,128,124,180,44.541141616,-80.001910534,0.220363,NA,NA,NA,34.0272
273,2.56042,103,158,"2026-08-29_CPANS",1.79346461494315,216,45,70.5,99,26.5,34.5,328,338,200,198,60,55,131,122,180,44.541183442,-80.001809029,0.220363,NA,NA,NA,33.4548
274,2.56955,102,158,"2026-08-29_CPANS",1.80063382310573,279,45,70.5,99,26.5,34.5,330,338,200,198,62,55,129,122,180.2,44.541225519,-80.001709368,0.0156921,NA,NA,NA,33.3216
275,2.57861,99,158,"2026-08-29_CPANS",1.85494342422556,279,42,82,99.5,27.5,33.5,330,326,201,198,59,58,127,124,180.4,44.541266507,-80.001610294,0.236443,NA,NA,NA,32.346
276,2.5876,98,158,"2026-08-29_CPANS",1.88026474127557,346,46,82.5,70.5,28.5,21.5,329,326,200,198,56,58,121,124,180.6,44.541306405,-80.001510885,0.240333,NA,NA,NA,31.9104
277,2.59701,97,159,"2026-08-29_CPANS",1.87244878852563,314,43,85,83.5,29.5,24.5,329,325,200,203,56,59,121,124,180.8,44.541349571,-80.001411475,0.452873,NA,NA,NA,32.0436
278,2.6057,96,159,"2026-08-29_CPANS",1.89007333484539,244,46,84.5,85,27.5,26,330,314,203,204,58,59,122,125,181,44.541390643,-80.001317263,0.683022,NA,NA,NA,31.7448
279,2.61465,96,159,"2026-08-29_CPANS",1.88814621804313,307,54,82,85,29.5,26,333,314,205,204,62,59,127,124,181.2,44.54143339,-80.001222296,0.906486,NA,NA,NA,31.7772
280,2.62357,96,159,"2026-08-29_CPANS",1.88430374976446,225,41,75,72.5,23.5,22.5,333,319,203,203,63,60,129,124,181.2,44.541474965,-80.001127413,1.11679,NA,NA,NA,31.842
281,2.63256,97,159,"2026-08-29_CPANS",1.85102917221975,225,42,75,72.5,23.5,22.5,338,335,201,200,63,59,128,122,181.2,44.541514611,-80.001029596,1.11679,NA,NA,NA,32.4144
282,2.64149,99,159,"2026-08-29_CPANS",1.80238635954003,203,42,65.5,73,21,22,343,340,200,198,62,58,127,124,181.2,44.541554844,-80.000930689,1.32843,NA,NA,NA,33.2892
283,2.65076,100,159,"2026-08-29_CPANS",1.79888469149128,254,55,65.5,73,21,22,340,340,201,198,62,58,127,124,181,44.541595413,-80.000828849,1.11268,NA,NA,NA,33.354
284,2.6601,102,159,"2026-08-29_CPANS",1.77210703526493,254,46,75,63,25,18.5,340,340,201,198,62,56,127,122,181,44.541636316,-80.000726255,0.893623,NA,NA,NA,33.858
285,2.6696,103,159,"2026-08-29_CPANS",1.76497581983127,276,50,77,76.5,26,23,338,338,204,198,62,55,129,121,181,44.541677639,-80.000622906,0.672873,NA,NA,NA,33.9948
286,2.67882,102,159,"2026-08-29_CPANS",1.77380445579679,242,53,77,76.5,26,23,332,335,205,217,63,56,131,124,181,44.541717453,-80.000521569,0.450403,NA,NA,NA,33.8256
287,2.68801,102,159,"2026-08-29_CPANS",1.77022481855196,259,50,71.5,71,24,23,330,325,203,214,60,58,128,125,181,44.541757938,-80.000419728,0.237864,NA,NA,NA,33.894
288,2.69725,102,159,"2026-08-29_CPANS",1.78980526918671,224,52,71.5,72,23,23.5,336,330,203,205,59,55,127,122,181,44.541800015,-80.000318475,0,NA,NA,NA,33.5232
289,2.70659,102,159,"2026-08-29_CPANS",1.75808720112518,252,50,71.5,72,23,23.5,338,326,203,204,59,55,127,122,181,44.541841841,-80.000214372,-0.21575,NA,NA,NA,34.128
290,2.71621,96,159,"2026-08-29_CPANS",1.77022481855196,252,50,71.5,72,23,23.5,338,326,203,204,59,55,127,122,181,44.541884169,-80.00010876,-0.21575,NA,NA,NA,33.894
291,2.726,92,159,"2026-08-29_CPANS",1.76497581983127,231,49,84,79,28.5,23,332,329,208,207,62,55,131,124,180.8,44.541927671,-80.000003399,-0.42004,NA,NA,NA,33.9948
292,2.73557,92,159,"2026-08-29_CPANS",1.77550513120983,237,43,74.5,98.5,25,35,304,326,203,228,65,62,135,131,180.8,44.541968659,-79.999898793,-0.42004,NA,NA,NA,33.7932
293,2.74498,92,159,"2026-08-29_CPANS",1.76161786985167,202,51,72.5,77.5,23,25.5,308,332,200,212,65,62,132,127,180.8,44.54200864,-79.999794187,-0.20429,NA,NA,NA,34.0596
294,2.75449,93,160,"2026-08-29_CPANS",1.75290983031833,269,46,80.5,72.5,25.5,22.5,325,338,195,205,60,60,124,122,180.8,44.542051472,-79.999690084,-0.20429,NA,NA,NA,34.2288
295,2.76415,93,160,"2026-08-29_CPANS",1.72087420409568,214,52,76.5,92.5,26.5,28.5,336,342,198,203,62,60,127,122,180.6,44.542094974,-79.999585059,-0.411329,NA,NA,NA,34.866
296,2.774,95,160,"2026-08-29_CPANS",1.67723323605381,214,43,76.5,92.5,26.5,28.5,338,339,201,201,68,63,134,125,180.4,44.542138811,-79.999476178,-0.614375,NA,NA,NA,35.7732
297,2.78415,98,160,"2026-08-29_CPANS",1.65393139492574,192,43,66,92.5,24,28.5,343,336,201,200,68,65,135,129,180.2,44.542183403,-79.999365369,-0.811419,NA,NA,NA,36.2772
298,2.79443,99,159,"2026-08-29_CPANS",1.62095571548985,156,51,62,92.5,21,28.5,347,336,201,200,63,65,131,129,179.8,44.542229671,-79.999253051,-1.20052,NA,NA,NA,37.0152
299,2.80473,100,159,"2026-08-29_CPANS",1.62095571548985,181,54,64,92.5,21,28.5,347,342,201,195,63,63,131,128,179.6,44.54227552,-79.999140901,-1.3947,NA,NA,NA,37.0152
300,2.815,101,159,"2026-08-29_CPANS",1.60348919248284,213,52,68,73,23.5,23.5,349,342,201,195,62,63,128,128,179.2,44.542323381,-79.999028919,-1.78418,NA,NA,NA,37.4184
301,2.8254,101,159,"2026-08-29_CPANS",1.61938074880166,234,40,63.5,88,21.5,27.5,345,338,200,203,66,62,132,128,178.8,44.542371493,-79.998916853,-1.96451,NA,NA,NA,37.0512
302,2.83557,101,159,"2026-08-29_CPANS",1.63575097327183,254,54,85.5,88,29,27.5,340,335,198,198,65,59,131,125,178.8,44.542418348,-79.998805709,-1.96451,NA,NA,NA,36.6804
303,2.84603,100,159,"2026-08-29_CPANS",1.60194796872998,254,45,74.5,82,26.5,27.5,322,335,200,198,66,59,134,125,178.8,44.542468639,-79.998692721,-1.96451,NA,NA,NA,37.4544
304,2.85671,100,158,"2026-08-29_CPANS",1.62983245322381,273,45,74.5,82,26.5,27.5,323,332,201,208,66,63,132,128,179,44.542518344,-79.998580068,-1.77724,NA,NA,NA,36.8136
305,2.86697,99,158,"2026-08-29_CPANS",1.6493485073396,262,46,79.5,82,27,27.5,326,329,198,207,60,60,128,127,179.2,44.542569138,-79.998471439,-1.37527,NA,NA,NA,36.378
306,2.87728,97,158,"2026-08-29_CPANS",1.66466906379012,295,48,77.5,86.5,26,27.5,326,335,198,203,60,59,128,125,179.4,44.542618172,-79.998362307,-0.978239,NA,NA,NA,36.0432
307,2.88733,96,158,"2026-08-29_CPANS",1.70120104793985,312,50,83,74.5,27.5,23,328,338,198,203,63,60,128,127,179.8,44.542666117,-79.998257281,-0.383185,NA,NA,NA,35.2692
308,2.89692,94,158,"2026-08-29_CPANS",1.73755907700862,333,50,90,79,27.5,24,323,339,200,205,65,63,129,128,180,44.542710038,-79.998154016,0.214471,NA,NA,NA,34.5312
309,2.90625,92,158,"2026-08-29_CPANS",1.78443968593862,344,50,93,84.5,30,25,314,335,205,210,65,65,128,128,180.4,44.542750607,-79.998051673,0.83737,NA,NA,NA,33.624
310,2.91541,91,159,"2026-08-29_CPANS",1.80786057779224,331,51,92.5,94.5,28.5,30.5,301,335,205,210,63,65,127,128,180.8,44.542793103,-79.997952096,1.66354,NA,NA,NA,33.1884
311,2.9243,91,159,"2026-08-29_CPANS",1.87434397960714,263,51,92.5,94.5,28.5,30.5,301,335,205,210,63,65,127,128,181.2,44.542833504,-79.99785604,2.49809,NA,NA,NA,32.0112
312,2.9331,97,159,"2026-08-29_CPANS",1.87034751056746,338,74,85.5,90,29.5,27.5,307,338,204,210,63,70,127,131,181.6,44.542875245,-79.997761073,2.95264,NA,NA,NA,32.0796
313,2.94194,97,159,"2026-08-29_CPANS",1.87624301099478,307,74,89,47.5,33.5,14.5,307,342,204,218,63,75,127,138,182,44.542917406,-79.99766686,3.40513,NA,NA,NA,31.9788
314,2.95067,95,158,"2026-08-29_CPANS",1.90215323746481,223,58,84,99,26.5,34.5,316,340,203,229,59,75,124,139,182.4,44.542957388,-79.997572061,3.67605,NA,NA,NA,31.5432
315,2.95932,94,158,"2026-08-29_CPANS",1.91241155096577,274,42,76,67,28,20.5,321,338,201,221,63,68,129,132,182.6,44.542998627,-79.997478351,3.71233,NA,NA,NA,31.374
316,2.96823,94,158,"2026-08-29_CPANS",1.93303951132761,273,42,87.5,85,29.5,26,316,335,203,212,66,65,134,128,182.8,44.543039866,-79.99738439,3.74282,NA,NA,NA,31.0392
317,2.97673,94,158,"2026-08-29_CPANS",1.93528409970584,261,49,82.5,78,29,24,318,336,201,210,65,60,132,122,183,44.543078255,-79.997290764,3.5801,NA,NA,NA,31.0032
318,2.98541,94,159,"2026-08-29_CPANS",1.93528409970584,287,49,82.5,78,29,24,322,336,200,210,60,60,128,122,182.8,44.543118069,-79.997196803,3.14113,NA,NA,NA,31.0032
319,2.99417,94,159,"2026-08-29_CPANS",1.91857564943786,240,49,83.5,87,28,27.5,322,336,200,219,60,60,128,122,183,44.543159392,-79.997102255,2.94072,NA,NA,NA,31.2732
320,3.0031,95,159,"2026-08-29_CPANS",1.8960940462647,258,48,84,60,31.5,18.5,322,336,200,214,60,62,128,124,183,44.543199206,-79.997005276,2.50404,NA,NA,NA,31.644
321,3.01196,95,159,"2026-08-29_CPANS",1.87434397960714,282,47,84,60,31.5,18.5,322,336,200,214,60,62,128,124,183,44.543241032,-79.996909974,2.05409,NA,NA,NA,32.0112
322,3.02086,96,159,"2026-08-29_CPANS",1.88217579521927,246,48,84,60,31.5,18.5,322,336,200,214,60,62,128,124,183,44.543282774,-79.996815678,1.59955,NA,NA,NA,31.878
323,3.02949,96,158,"2026-08-29_CPANS",1.90628693430935,235,46,0,0,0,0,322,336,200,214,60,62,128,124,183.2,44.543320827,-79.9967218,1.37881,NA,NA,NA,31.4748
324,3.03821,96,158,"2026-08-29_CPANS",1.87624301099478,251,51,81.5,82,28.5,25,0,336,0,214,0,62,0,124,183.2,44.543361144,-79.996626163,0.92062,NA,NA,NA,31.9788
325,3.04707,96,158,"2026-08-29_CPANS",1.86261361943079,251,47,80.5,74.5,30,22.5,0,330,0,200,0,63,0,128,183.2,44.543402216,-79.996529184,0.689406,NA,NA,NA,32.2128
326,3.05613,97,158,"2026-08-29_CPANS",1.87434397960714,230,49,73.5,75.5,27,22,332,330,201,200,65,63,134,128,183.4,44.543444712,-79.996432709,0.68569,NA,NA,NA,32.0112
327,3.06525,98,158,"2026-08-29_CPANS",1.85494342422556,267,49,73.5,75.5,27,22,329,328,203,201,68,63,136,128,183.4,44.543488885,-79.996337406,0.450396,NA,NA,NA,32.346
328,3.07389,98,158,"2026-08-29_CPANS",1.85102917221975,196,50,81,67.5,27,21.5,329,328,203,201,68,63,136,128,183.4,44.543528531,-79.996241434,0.680811,NA,NA,NA,32.4144
329,3.08308,98,158,"2026-08-29_CPANS",1.83573815031024,207,49,73,67.5,26.5,21.5,319,326,201,200,63,62,129,127,183.4,44.543572285,-79.996143365,0.4525,NA,NA,NA,32.6844
330,3.09196,98,157,"2026-08-29_CPANS",1.86846038863976,209,52,77,71.5,28.5,21.5,328,335,200,203,58,58,124,124,183.6,44.543613021,-79.996046387,0.677725,NA,NA,NA,32.112
331,3.10109,98,157,"2026-08-29_CPANS",1.87244878852563,221,50,74,66,26.5,19.5,332,338,200,201,58,58,127,122,183.4,44.543652751,-79.995945636,0.458667,NA,NA,NA,32.0436
332,3.1106,98,157,"2026-08-29_CPANS",1.83392018779343,221,50,74.5,69.5,26,20.5,335,339,200,198,60,59,127,124,183.4,44.543695163,-79.995843712,0.458667,NA,NA,NA,32.7168
333,3.11971,98,157,"2026-08-29_CPANS",1.83958793230316,210,53,70,74,25,23,335,339,200,198,60,59,127,124,183.4,44.543734391,-79.995744219,0.226918,NA,NA,NA,32.616
334,3.12863,98,157,"2026-08-29_CPANS",1.8607420639351,226,53,70,74,25,23,336,339,201,200,62,60,127,127,183.2,44.543772947,-79.995646402,0,NA,NA,NA,32.2452
335,3.13757,98,157,"2026-08-29_CPANS",1.84529081783289,239,42,70,64.5,23.5,20.5,339,339,203,200,63,59,128,124,183.2,44.543813264,-79.995549088,0,NA,NA,NA,32.5152
336,3.14651,98,157,"2026-08-29_CPANS",1.81712458206135,231,53,83,83,28,27,335,336,203,201,62,58,127,124,183.2,44.543854838,-79.995450936,-0.218048,NA,NA,NA,33.0192
337,3.15552,99,157,"2026-08-29_CPANS",1.83392018779343,304,41,77,71.5,25,23,329,328,203,207,60,58,127,124,183.4,44.543895575,-79.995352197,0,NA,NA,NA,32.7168
338,3.16471,99,157,"2026-08-29_CPANS",1.83009406683504,240,44,72,69.5,25,22.5,332,325,204,215,62,58,128,124,183.4,44.543938071,-79.99525262,0,NA,NA,NA,32.7852
339,3.17392,99,157,"2026-08-29_CPANS",1.81534328141452,310,50,92.5,82,31.5,27.5,330,325,207,215,63,58,132,124,183.4,44.543983249,-79.995154385,0,NA,NA,NA,33.0516
340,3.18344,96,157,"2026-08-29_CPANS",1.79520321700416,281,43,84,82,30,27.5,330,325,207,215,63,58,132,124,183.4,44.544028428,-79.995053634,-0.221298,NA,NA,NA,33.4224
341,3.19292,90,157,"2026-08-29_CPANS",1.78443968593862,267,43,84,82,30,27.5,325,326,208,211,63,56,134,122,183.6,44.544073019,-79.994954728,0.208731,NA,NA,NA,33.624
342,3.20215,91,157,"2026-08-29_CPANS",1.76497581983127,289,45,94.5,98.5,31,31,325,321,208,235,63,52,134,124,183.6,44.544117444,-79.994855905,0.208731,NA,NA,NA,33.9948
343,3.2116,92,157,"2026-08-29_CPANS",1.73919092838012,348,45,90.5,98.5,28.5,31,325,319,208,249,63,60,134,134,183.6,44.544161868,-79.994754065,0.208731,NA,NA,NA,34.4988
344,3.22117,93,157,"2026-08-29_CPANS",1.74611489436005,280,45,77,85,24,27.5,321,323,203,238,68,60,132,128,183.6,44.544204112,-79.994649878,0.432946,NA,NA,NA,34.362
345,3.23056,93,157,"2026-08-29_CPANS",1.75290983031833,269,49,79,85,25.5,27.5,326,330,201,224,65,60,129,125,183.6,44.544246441,-79.994547032,0.432946,NA,NA,NA,34.2288
346,3.24012,93,157,"2026-08-29_CPANS",1.74428745857317,228,49,71,82.5,24,26,335,330,201,224,62,60,124,125,183.6,44.544290278,-79.994442761,0.432946,NA,NA,NA,34.398
347,3.24986,94,157,"2026-08-29_CPANS",1.74100769525401,250,48,72.5,77,22.5,23.5,335,330,201,224,62,60,124,125,183.8,44.544336044,-79.994340083,0.416309,NA,NA,NA,34.4628
348,3.25934,94,157,"2026-08-29_CPANS",1.69307869429771,266,48,72.5,77,22.5,23.5,339,345,200,203,65,60,128,122,183.8,44.544380384,-79.994235644,0.416309,NA,NA,NA,35.4384
349,3.26924,95,157,"2026-08-29_CPANS",1.68197261748579,267,48,80,85,26,27.5,339,345,200,203,65,60,128,122,183.8,44.544425143,-79.994127769,0.416309,NA,NA,NA,35.6724
350,3.27904,96,157,"2026-08-29_CPANS",1.69153218985757,240,46,72,83,23.5,27,332,311,201,203,66,66,131,129,183.6,44.544470322,-79.994019894,0.212228,NA,NA,NA,35.4708
351,3.28955,96,158,"2026-08-29_CPANS",1.68503353216729,201,47,73.5,75,24,23,335,318,200,203,66,65,129,128,183.6,44.544515584,-79.993907157,0,NA,NA,NA,35.6076
352,3.29959,97,158,"2026-08-29_CPANS",1.6898171617831,250,53,70.5,87,23,28.5,338,321,200,200,68,62,131,127,183.4,44.544560259,-79.993799618,-0.197946,NA,NA,NA,35.5068
353,3.3093,97,158,"2026-08-29_CPANS",1.66168162180126,255,50,80,85.5,27,26.5,339,333,200,200,65,58,129,122,183.2,44.544606611,-79.993694676,-0.403919,NA,NA,NA,36.108
354,3.31911,98,158,"2026-08-29_CPANS",1.63575097327183,365,47,89,85.5,28.5,26.5,336,333,201,200,65,58,131,122,183,44.544651706,-79.993585795,-0.607793,NA,NA,NA,36.6804
355,3.32965,100,158,"2026-08-29_CPANS",1.62824019799401,424,47,94,83.5,32,26.5,336,311,201,212,65,59,131,124,183,44.544700992,-79.993474483,-0.607793,NA,NA,NA,36.8496
356,3.33987,101,159,"2026-08-29_CPANS",1.60348919248284,400,47,94,83.5,32,26.5,323,311,205,212,65,59,131,124,183,44.544749523,-79.993364261,-0.607793,NA,NA,NA,37.4184
357,3.35024,101,160,"2026-08-29_CPANS",1.59764826175869,299,42,88,83.5,29,26.5,323,316,205,233,65,59,131,125,183.2,44.544796629,-79.993249681,-0.620268,NA,NA,NA,37.5552
358,3.3609,101,160,"2026-08-29_CPANS",1.61357988834027,218,51,89,87,32,25.5,311,322,207,225,68,60,135,125,183,44.544841975,-79.993132586,-0.807885,NA,NA,NA,37.1844
359,3.37167,101,160,"2026-08-29_CPANS",1.592001783042,302,42,80,77,29,23.5,309,322,207,225,70,60,138,125,183,44.544888579,-79.99301549,-0.807885,NA,NA,NA,37.6884
360,3.3817,101,160,"2026-08-29_CPANS",1.63126814785815,244,44,75.5,77,26.5,23.5,315,325,203,210,70,62,139,127,183,44.54493317,-79.992904849,-0.603803,NA,NA,NA,36.7812
361,3.39191,100,160,"2026-08-29_CPANS",1.62680982593135,262,47,85.5,67.5,29.5,21.5,325,325,203,210,66,62,134,127,183,44.544980696,-79.992793119,-0.603803,NA,NA,NA,36.882
362,3.40233,99,160,"2026-08-29_CPANS",1.63880694854146,252,47,72,94.5,24.5,31,325,330,203,204,66,59,134,125,183,44.545027886,-79.992681053,-0.4046,NA,NA,NA,36.612
363,3.41254,98,160,"2026-08-29_CPANS",1.66616681662168,293,44,80,79.5,28.5,23.5,326,325,201,203,63,59,131,127,183,44.545074908,-79.992572172,-0.198627,NA,NA,NA,36.0108
364,3.42228,97,160,"2026-08-29_CPANS",1.6898171617831,258,44,80,79.5,28.5,23.5,326,326,201,204,68,56,136,122,183.2,44.545118997,-79.992465638,0.210586,NA,NA,NA,35.5068
365,3.43222,96,160,"2026-08-29_CPANS",1.69307869429771,286,49,77.5,78.5,28,23.5,329,332,203,203,68,59,135,125,183.2,44.545162415,-79.992356254,0.210586,NA,NA,NA,35.4384
366,3.44207,96,160,"2026-08-29_CPANS",1.68350168350168,301,51,85.5,79.5,30,24.5,329,336,203,203,66,60,132,124,183.4,44.545207175,-79.992247876,0.413631,NA,NA,NA,35.64
367,3.45212,96,160,"2026-08-29_CPANS",1.68027690963471,292,51,88,79.5,30.5,24.5,326,338,203,205,65,58,129,122,183.4,44.54525118,-79.992138073,0.220767,NA,NA,NA,35.7084
368,3.46211,96,160,"2026-08-29_CPANS",1.69790817712578,253,47,76,81.5,27,24.5,332,338,201,205,65,58,129,122,183.4,44.545293257,-79.99202827,0.408384,NA,NA,NA,35.3376
369,3.47195,96,159,"2026-08-29_CPANS",1.68827660723933,240,47,78.5,72.5,27.5,21,332,332,201,205,65,59,129,122,183.4,44.545336508,-79.991920562,0.408384,NA,NA,NA,35.5392
370,3.48165,96,159,"2026-08-29_CPANS",1.68827660723933,235,55,88.5,68.5,29,20,335,336,200,203,66,62,132,125,183.4,44.545381183,-79.991814448,0.408384,NA,NA,NA,35.5392
371,3.49165,97,159,"2026-08-29_CPANS",1.66466906379012,239,55,88.5,68.5,29,20,333,342,200,208,66,62,132,128,183.4,44.545425859,-79.991704728,0.408384,NA,NA,NA,36.0432
372,3.50153,97,159,"2026-08-29_CPANS",1.68503353216729,226,49,80.5,89.5,25.5,31,326,333,201,224,69,59,134,127,183.4,44.545466846,-79.991594087,0.408384,NA,NA,NA,35.6076
373,3.51154,97,159,"2026-08-29_CPANS",1.71591338069254,257,50,74.5,89.5,24,31,332,332,197,215,60,60,125,127,183.4,44.545512695,-79.991486715,0.408384,NA,NA,NA,34.9668
374,3.52131,97,159,"2026-08-29_CPANS",1.67403240926744,244,53,82,75,26.5,20.5,338,336,197,208,60,62,125,127,183.6,44.545560723,-79.991380516,0.407754,NA,NA,NA,35.8416
375,3.53155,97,158,"2026-08-29_CPANS",1.67084377610693,261,42,84.5,68.5,29,20,336,336,198,208,66,62,131,127,183.4,44.545608668,-79.991270881,0.212441,NA,NA,NA,35.91
376,3.54155,97,158,"2026-08-29_CPANS",1.69635284139101,254,49,90,68.5,29,20,336,339,198,217,66,60,131,124,183.4,44.545657031,-79.991165604,0,NA,NA,NA,35.37
377,3.55141,96,158,"2026-08-29_CPANS",1.71414858239912,226,51,82,68.5,28,21,311,333,200,214,66,63,132,128,183.4,44.54570397,-79.991059657,0,NA,NA,NA,35.0028
378,3.56148,95,158,"2026-08-29_CPANS",1.72586379482931,273,51,82,68.5,28,21,311,333,198,208,60,62,128,127,183.4,44.545749568,-79.990952285,0,NA,NA,NA,34.7652
379,3.57127,95,157,"2026-08-29_CPANS",1.72747374239912,307,49,81.5,75.5,28,23,322,335,198,198,58,56,124,120,183.4,44.545794662,-79.990847176,0,NA,NA,NA,34.7328
380,3.58095,94,158,"2026-08-29_CPANS",1.71591338069254,264,51,81.5,87,27.5,25.5,332,336,200,200,62,56,125,120,183.6,44.545837494,-79.990740558,0.216007,NA,NA,NA,34.9668
381,3.59077,94,158,"2026-08-29_CPANS",1.71909919202338,277,48,82,87,26,25.5,335,339,200,211,66,58,128,121,183.6,44.545882086,-79.990634443,0.216007,NA,NA,NA,34.902
382,3.60032,93,159,"2026-08-29_CPANS",1.74776286353468,212,43,96.5,92.5,35.5,28.5,325,332,201,225,68,60,131,125,183.6,44.545926091,-79.990531681,0.216007,NA,NA,NA,34.3296
383,3.60986,93,158,"2026-08-29_CPANS",1.76497581983127,278,60,84.5,77.5,28,24.5,285,332,200,225,66,60,135,125,183.6,44.545968252,-79.990427494,0.216007,NA,NA,NA,33.9948
384,3.61933,92,158,"2026-08-29_CPANS",1.75808720112518,278,49,85.5,95,30,30.5,302,332,200,225,68,60,135,125,183.8,44.546010915,-79.990325067,0.222492,NA,NA,NA,34.128
385,3.62869,92,158,"2026-08-29_CPANS",1.76329524615602,240,49,85.5,95,30,30.5,302,335,200,226,68,66,135,128,183.8,44.546053328,-79.990224233,0.417805,NA,NA,NA,34.0272
386,3.63773,92,158,"2026-08-29_CPANS",1.77022481855196,262,50,85.5,70,32.5,21,325,335,200,217,65,63,129,125,184,44.546095656,-79.990124907,0.639044,NA,NA,NA,33.894
387,3.64687,92,158,"2026-08-29_CPANS",1.7773985994099,279,43,79.5,78,26.5,23.5,329,338,201,224,62,63,128,125,184,44.546136309,-79.990022229,0.639044,NA,NA,NA,33.7572
388,3.65637,92,158,"2026-08-29_CPANS",1.77380445579679,304,48,85.5,73,28,22,339,339,204,218,62,65,125,127,184.2,44.546179476,-79.989917874,0.84957,NA,NA,NA,33.8256
389,3.66615,92,158,"2026-08-29_CPANS",1.78980526918671,269,50,81.5,73,25,22,340,339,204,208,63,66,125,128,184.2,44.546223481,-79.989813101,0.84957,NA,NA,NA,33.5232
390,3.67567,91,158,"2026-08-29_CPANS",1.76853423882286,307,43,87.5,78.5,27.5,22.5,335,339,200,208,60,66,122,128,184.4,44.546270922,-79.989712853,0.853043,NA,NA,NA,33.9264
391,3.68519,91,158,"2026-08-29_CPANS",1.78081703885743,246,43,85.5,99.5,28.5,35,335,335,200,205,60,63,122,125,184.6,44.546316352,-79.989611683,1.06313,NA,NA,NA,33.6924
392,3.69457,91,159,"2026-08-29_CPANS",1.78616082592077,281,52,83,74.5,26.5,24,333,332,201,204,63,60,127,121,184.6,44.546360106,-79.989509676,1.06313,NA,NA,NA,33.5916
393,3.70429,91,158,"2026-08-29_CPANS",1.79888469149128,270,52,83,74.5,26.5,24,335,338,201,208,65,60,128,121,184.6,44.54640059,-79.989404147,1.06313,NA,NA,NA,33.354
394,3.71361,91,158,"2026-08-29_CPANS",1.79520321700416,281,52,80.5,96.5,24,32.5,338,340,201,219,60,60,125,121,184.8,44.546439315,-79.989300463,1.06653,NA,NA,NA,33.4224
395,3.72287,90,159,"2026-08-29_CPANS",1.79888469149128,281,52,94.5,96.5,31,32.5,329,339,203,212,59,60,122,120,184.8,44.546478709,-79.98919745,1.06653,NA,NA,NA,33.354
396,3.73199,89,159,"2026-08-29_CPANS",1.81534328141452,237,48,87,88,30.5,28.5,312,339,204,212,63,60,129,120,184.8,44.546521541,-79.989099298,0.845287,NA,NA,NA,33.0516
397,3.74095,96,159,"2026-08-29_CPANS",1.84345389521808,284,48,92,88,29,28.5,312,339,204,211,63,62,129,122,184.8,44.546563115,-79.989002151,0.845287,NA,NA,NA,32.5476
398,3.75005,98,159,"2026-08-29_CPANS",1.83776234057412,247,47,76,98,26,30.5,312,339,204,211,63,63,129,125,185,44.54660427,-79.988902742,0.854541,NA,NA,NA,32.6484
399,3.75907,98,159,"2026-08-29_CPANS",1.86448894358056,250,48,74.5,71.5,25,20.5,318,338,204,222,62,66,129,134,185,44.546646599,-79.988806518,0.854541,NA,NA,NA,32.1804
400,3.76797,97,159,"2026-08-29_CPANS",1.89007333484539,282,48,74.5,71.5,25,20.5,325,330,203,211,62,59,128,127,185.2,44.546687,-79.988711048,0.869176,NA,NA,NA,31.7448
401,3.77669,96,159,"2026-08-29_CPANS",1.87244878852563,277,48,78.5,71.5,25.5,20.5,335,329,203,195,62,52,127,115,185.4,44.546727149,-79.988615913,0.888449,NA,NA,NA,32.0436
402,3.78533,96,158,"2026-08-29_CPANS",1.88217579521927,301,44,78.5,78.5,27,23.5,336,330,203,205,62,53,127,117,185.6,44.546767885,-79.988521617,1.11993,NA,NA,NA,31.878
403,3.79421,96,157,"2026-08-29_CPANS",1.91438854429895,299,45,93.5,96,32,31,335,318,204,224,63,55,129,120,185.8,44.546807532,-79.98842556,1.34516,NA,NA,NA,31.3416
404,3.80318,96,157,"2026-08-29_CPANS",1.88430374976446,313,47,80,99,27,34.5,323,318,203,224,63,55,129,120,186,44.546849525,-79.988328665,1.35353,NA,NA,NA,31.842
405,3.81212,96,157,"2026-08-29_CPANS",1.91241155096577,250,52,80.5,83,27,26,325,315,203,226,65,59,131,125,186.2,44.546889674,-79.988233112,1.57724,NA,NA,NA,31.374
406,3.82077,95,158,"2026-08-29_CPANS",1.88814621804313,250,51,95.5,76.5,34,25,325,326,203,218,65,58,131,122,186.6,44.546930159,-79.988139234,2.03967,NA,NA,NA,31.7772
407,3.82953,95,158,"2026-08-29_CPANS",1.9043266301036,249,43,84.5,98,30,34,325,326,203,218,65,58,131,122,186.6,44.546968464,-79.988042926,2.03967,NA,NA,NA,31.5072
408,3.83816,95,158,"2026-08-29_CPANS",1.92477961273434,229,43,84.5,98,30,34,325,304,203,229,65,65,131,129,186.8,44.547008027,-79.987948798,2.05164,NA,NA,NA,31.1724
409,3.84698,95,158,"2026-08-29_CPANS",1.93730869076679,261,46,74,98,25.5,35,328,305,201,232,65,65,129,132,186.8,44.547047505,-79.987854837,2.05164,NA,NA,NA,30.9708
410,3.85527,95,158,"2026-08-29_CPANS",1.93528409970584,334,53,78.5,75,25.5,23,333,305,198,232,63,65,127,132,187,44.547084302,-79.9877623,2.06818,NA,NA,NA,31.0032
411,3.86388,95,158,"2026-08-29_CPANS",1.92678227360308,307,54,86,88,28,27.5,332,333,201,204,63,56,127,120,187,44.547122775,-79.98766683,1.83882,NA,NA,NA,31.14
412,3.87276,95,158,"2026-08-29_CPANS",1.91857564943786,275,50,92.5,96,29,30,332,332,201,204,63,58,127,121,187,44.547162673,-79.987570858,1.60734,NA,NA,NA,31.2732
413,3.88151,95,158,"2026-08-29_CPANS",1.91043863671099,293,47,81.5,85,26,26.5,332,332,201,204,63,58,127,121,187,44.547203576,-79.987476561,1.38211,NA,NA,NA,31.4064
414,3.89027,95,158,"2026-08-29_CPANS",1.89415463878471,294,49,88.5,85,29,26.5,328,329,201,204,63,59,128,122,187.2,44.54724339,-79.987381343,1.38746,NA,NA,NA,31.6764
415,3.89889,94,158,"2026-08-29_CPANS",1.93933752230238,265,49,88.5,85,29,26.5,329,311,200,214,62,65,127,128,187.2,44.547281947,-79.98728713,1.16374,NA,NA,NA,30.9384
416,3.90752,94,157,"2026-08-29_CPANS",1.94159676918298,268,43,82,78,29,24,321,315,203,231,66,65,132,131,187.2,44.547322097,-79.987192666,0.701315,NA,NA,NA,30.9024
417,3.91653,94,157,"2026-08-29_CPANS",1.94795075580489,269,48,87.5,76.5,27.5,23,326,315,203,231,66,65,132,131,187.4,44.547360402,-79.987096274,0.92329,NA,NA,NA,30.8016
418,3.92514,95,157,"2026-08-29_CPANS",1.90628693430935,293,48,82,76.5,26,23,323,323,201,210,66,66,132,129,187.4,44.547400635,-79.9870029,0.691541,NA,NA,NA,31.4748
419,3.93378,95,158,"2026-08-29_CPANS",1.89007333484539,281,47,79,76.5,24,22.5,329,333,198,211,65,62,131,124,187.6,44.547439695,-79.986907765,0.923022,NA,NA,NA,31.7448
420,3.94256,95,158,"2026-08-29_CPANS",1.92056541445802,229,48,80.5,78,27.5,23,332,335,200,225,63,62,129,124,187.6,44.547477665,-79.986811792,0.681768,NA,NA,NA,31.2408
421,3.95131,94,158,"2026-08-29_CPANS",1.91659000306654,257,51,80.5,91,27.5,27.5,330,335,197,225,59,62,122,124,187.8,44.547515467,-79.986714898,0.910339,NA,NA,NA,31.3056
422,3.95999,94,158,"2026-08-29_CPANS",1.94363459669582,282,44,76.5,75.5,25.5,23,330,333,197,215,59,59,122,122,188,44.547554191,-79.986620434,1.14075,NA,NA,NA,30.87
423,3.96853,93,158,"2026-08-29_CPANS",1.95000195000195,275,44,76.5,75.5,25.5,23,333,338,198,205,58,60,120,122,188.2,44.547593083,-79.986526724,1.37495,NA,NA,NA,30.7692
424,3.9771,93,158,"2026-08-29_CPANS",1.96935680806649,262,51,83,81,28,23,312,338,203,210,62,62,127,124,188.2,44.547633065,-79.98643511,1.14664,NA,NA,NA,30.4668
425,3.98543,93,158,"2026-08-29_CPANS",1.97589409207666,296,51,84,94.5,28.5,29.5,312,335,203,221,62,63,127,125,188.4,44.547674388,-79.986345926,1.38673,NA,NA,NA,30.366
426,3.99414,93,158,"2026-08-29_CPANS",1.94795075580489,296,51,85,75,28,22.5,312,332,203,217,62,62,127,124,188.4,44.547713196,-79.98625163,1.38673,NA,NA,NA,30.8016
427,4.00275,93,158,"2026-08-29_CPANS",1.92901234567901,339,51,99,99,36,31,312,332,203,217,62,62,127,124,188.6,44.547752759,-79.986158172,1.39704,NA,NA,NA,31.104
428,4.01145,94,158,"2026-08-29_CPANS",1.93730869076679,267,51,99,98,30,30.5,312,332,203,217,62,62,127,124,188.6,44.54779316,-79.986065133,1.39704,NA,NA,NA,30.9708
429,4.01993,93,158,"2026-08-29_CPANS",1.95641115936925,257,51,82,98,27,30.5,312,322,203,211,62,60,127,122,189,44.547834985,-79.985975111,1.63726,NA,NA,NA,30.6684
430,4.02835,92,159,"2026-08-29_CPANS",1.99123855037834,263,51,82,75,28,22,285,305,203,210,70,62,134,125,189,44.547873207,-79.985883748,1.63726,NA,NA,NA,30.132
431,4.03692,91,160,"2026-08-29_CPANS",2.00465078983241,275,51,82,75,28,22,305,304,201,205,66,62,129,125,189.4,44.547909919,-79.985791212,1.87543,NA,NA,NA,29.9304
432,4.0451,91,159,"2026-08-29_CPANS",2.00465078983241,323,55,87,75,27,22,332,326,200,201,62,58,124,120,189.6,44.547944788,-79.985699933,1.88952,NA,NA,NA,29.9304
433,4.05327,90,159,"2026-08-29_CPANS",2.01824493420522,274,46,87,75,27,22,336,335,203,224,60,59,124,120,189.8,44.547984351,-79.985612258,1.90012,NA,NA,NA,29.7288
434,4.0616,90,158,"2026-08-29_CPANS",2.0228992191609,288,53,88,75,28,22,332,335,201,218,58,59,122,120,190,44.548023075,-79.98552232,2.14022,NA,NA,NA,29.6604
435,4.06985,90,158,"2026-08-29_CPANS",2.03450520833333,302,52,87.5,80.5,27.5,24,329,335,207,218,58,59,121,120,190.2,44.548057776,-79.985430203,2.14255,NA,NA,NA,29.4912
436,4.07832,90,158,"2026-08-29_CPANS",2.0228992191609,292,52,95.5,83,31.5,25,329,338,207,211,58,62,121,122,190.2,44.548095327,-79.985338254,2.14255,NA,NA,NA,29.6604
437,4.0864,90,159,"2026-08-29_CPANS",2.03450520833333,292,47,87,89.5,29.5,27.5,322,338,210,205,59,62,122,122,190.4,44.548131956,-79.9852484,2.15778,NA,NA,NA,29.4912
438,4.0947,90,159,"2026-08-29_CPANS",2.04148293320268,317,47,87,89.5,29.5,27.5,316,338,208,212,59,62,124,121,190.6,44.548170848,-79.985158965,2.39875,NA,NA,NA,29.3904
439,4.10298,89,159,"2026-08-29_CPANS",2.07219528368353,258,47,94,83.5,30.5,25,321,335,203,228,63,63,128,125,190.8,44.548206723,-79.985068776,2.1686,NA,NA,NA,28.9548
440,4.1112,88,159,"2026-08-29_CPANS",2.06015657189946,305,49,88.5,77,31,23.5,316,335,203,221,63,66,129,127,190.8,44.548244776,-79.984980179,2.1686,NA,NA,NA,29.124
441,4.11934,88,159,"2026-08-29_CPANS",2.05305083353864,307,46,89,83.5,29.5,25,319,335,203,208,60,63,128,122,191,44.548281405,-79.984891582,1.94755,NA,NA,NA,29.2248
442,4.12748,92,159,"2026-08-29_CPANS",2.06015657189946,271,57,98,85,34.5,25.5,307,335,205,208,58,63,124,122,191.2,44.548316442,-79.984802399,1.94875,NA,NA,NA,29.124
443,4.13538,92,159,"2026-08-29_CPANS",2.09170013386881,264,60,91.5,85,33,25.5,307,342,205,226,58,69,124,134,191.2,44.548351227,-79.984715646,1.70396,NA,NA,NA,28.6848
444,4.14344,97,159,"2026-08-29_CPANS",2.05786722640655,264,49,79,75,27,22.5,300,332,205,219,59,65,129,131,191.4,44.548388358,-79.984628474,1.712,NA,NA,NA,29.1564
445,4.15136,96,159,"2026-08-29_CPANS",2.06987911905945,249,49,79,75,27,22.5,322,330,203,208,60,60,127,125,191.6,44.548421467,-79.984538788,1.7221,NA,NA,NA,28.9872
446,4.15956,96,159,"2026-08-29_CPANS",2.10384583017756,283,48,79.5,72,28,21,336,336,201,201,59,56,125,121,192,44.548453737,-79.984447844,2.2099,NA,NA,NA,28.5192
447,4.16749,96,159,"2026-08-29_CPANS",2.07219528368353,262,45,82,73.5,29,21.5,335,338,201,201,59,58,124,121,192,44.548489025,-79.984358829,1.96238,NA,NA,NA,28.9548
448,4.17574,97,159,"2026-08-29_CPANS",2.06270627062706,283,45,75.5,76.5,27,23.5,330,328,200,203,56,59,122,122,192.2,44.548525486,-79.984269226,1.96384,NA,NA,NA,29.088
449,4.18405,98,159,"2026-08-29_CPANS",2.03202470942047,227,50,79,97.5,27,31.5,335,312,201,203,52,59,121,122,192.4,44.548559098,-79.984176522,1.96297,NA,NA,NA,29.5272
450,4.19225,98,159,"2026-08-29_CPANS",2.04850868567683,248,50,90.5,97.5,34,31.5,329,315,207,201,55,59,127,124,192.4,44.548592709,-79.984085998,1.96297,NA,NA,NA,29.2896
451,4.20023,98,159,"2026-08-29_CPANS",2.05077724457569,286,50,85,80,27.5,23.5,329,315,207,201,55,59,127,124,192.2,44.548628165,-79.983997317,1.46664,NA,NA,NA,29.2572
452,4.20844,100,160,"2026-08-29_CPANS",1.98035487959442,286,50,85,80,27.5,23.5,325,329,204,201,59,58,128,122,192.2,44.548667141,-79.983905703,1.22094,NA,NA,NA,30.2976
453,4.2171,102,160,"2026-08-29_CPANS",1.99123855037834,233,45,83,78,28.5,24.5,325,328,204,201,59,55,128,121,192.2,44.548707206,-79.983813418,1.22094,NA,NA,NA,30.132
454,4.22582,102,160,"2026-08-29_CPANS",1.96078431372549,229,44,65.5,78,21.5,24.5,336,323,203,201,56,52,124,120,192,44.54874811,-79.983720379,0.743444,NA,NA,NA,30.6
455,4.23455,103,159,"2026-08-29_CPANS",1.95641115936925,232,49,78,68.5,27.5,21.5,340,333,205,200,58,49,125,117,192,44.548787002,-79.983626166,0.490919,NA,NA,NA,30.6684
456,4.24321,99,159,"2026-08-29_CPANS",1.93730869076679,224,51,68,78,20,24.5,342,335,204,204,60,53,127,118,191.8,44.548825559,-79.983531954,-0.227833,NA,NA,NA,30.9708
457,4.25183,95,159,"2026-08-29_CPANS",1.92278111059837,211,45,73.5,70.5,25.5,19,340,330,201,218,69,62,135,125,191.8,44.548864786,-79.983437825,-0.227833,NA,NA,NA,31.2048
458,4.26078,96,159,"2026-08-29_CPANS",1.87835756414591,219,52,71.5,87.5,24,26.5,340,330,201,218,69,62,135,125,191.8,44.548903762,-79.983339505,-0.470257,NA,NA,NA,31.9428
459,4.26976,97,158,"2026-08-29_CPANS",1.86846038863976,245,48,75,75.5,24,22.5,340,330,198,205,66,62,131,125,191.8,44.548941899,-79.983239928,-0.710931,NA,NA,NA,32.112
460,4.27892,97,159,"2026-08-29_CPANS",1.84918081289989,235,45,71,74.5,22.5,21.5,340,335,197,201,65,59,128,122,191.8,44.548983306,-79.983140938,-0.710931,NA,NA,NA,32.4468
461,4.28815,99,159,"2026-08-29_CPANS",1.8321058224323,206,45,71,74.5,22.5,21.5,339,342,198,197,60,55,124,120,191.8,44.549022869,-79.98304069,-0.460305,NA,NA,NA,32.7492
462,4.29703,99,158,"2026-08-29_CPANS",1.80982372316936,220,48,73,70,25,21.5,339,342,201,198,62,60,128,122,191.6,44.549061509,-79.982941281,-0.68553,NA,NA,NA,33.1524
463,4.30615,100,158,"2026-08-29_CPANS",1.81159420289855,203,48,73,70,25,21.5,339,340,203,198,68,62,132,124,191.4,44.549101156,-79.982839776,-0.904828,NA,NA,NA,33.12
464,4.31556,101,158,"2026-08-29_CPANS",1.78616082592077,203,51,68,70.5,21.5,22,342,340,201,198,60,62,127,124,191.4,44.549142562,-79.982737349,-0.67547,NA,NA,NA,33.5916
465,4.32484,102,158,"2026-08-29_CPANS",1.77550513120983,239,47,66.5,67,23,21.5,342,342,201,198,60,62,127,122,191.2,44.549183969,-79.982635425,-0.890988,NA,NA,NA,33.7932
466,4.33424,102,158,"2026-08-29_CPANS",1.78616082592077,253,40,69.5,77,24.5,23,345,340,204,194,60,60,127,118,191,44.549225962,-79.982533921,-0.872807,NA,NA,NA,33.5916
467,4.34354,102,158,"2026-08-29_CPANS",1.75808720112518,189,53,67.5,77,22.5,23,339,328,204,197,65,63,132,124,190.8,44.549269045,-79.982432164,-1.08786,NA,NA,NA,34.128
468,4.35274,102,159,"2026-08-29_CPANS",1.78081703885743,207,53,67.5,77,22.5,23,342,307,204,197,66,62,134,125,191,44.549311038,-79.982332503,-0.870469,NA,NA,NA,33.6924
469,4.36214,103,158,"2026-08-29_CPANS",1.76161786985167,208,52,72.5,95,24,31.5,336,314,204,198,65,59,134,125,190.8,44.549353535,-79.982229238,-1.08324,NA,NA,NA,34.0596
470,4.37174,99,158,"2026-08-29_CPANS",1.75457065656034,160,51,71.5,95,24.5,31.5,339,321,204,197,62,59,131,125,190.8,44.549397791,-79.982125303,-1.08324,NA,NA,NA,34.1964
471,4.38144,92,158,"2026-08-29_CPANS",1.75641971405487,227,49,77,79,23,24,342,321,201,197,66,59,131,125,190.8,44.549439617,-79.982018769,-1.08324,NA,NA,NA,34.1604
472,4.39104,92,158,"2026-08-29_CPANS",1.76161786985167,285,46,83.5,97.5,26.5,30,342,338,201,200,66,66,131,128,190.8,44.549481694,-79.981914498,-0.85801,NA,NA,NA,34.0596
473,4.40044,92,158,"2026-08-29_CPANS",1.74941394632798,303,50,91,97.5,29.5,30,343,338,201,207,72,63,136,125,190.6,44.549526537,-79.981811736,-0.851478,NA,NA,NA,34.2972
474,4.41024,93,158,"2026-08-29_CPANS",1.74100769525401,279,49,90,90.5,30,30,338,330,203,232,72,63,136,128,190.6,44.549569452,-79.981706291,-0.851478,NA,NA,NA,34.4628
475,4.41974,94,158,"2026-08-29_CPANS",1.73250173250173,253,49,90,90.5,30,30,319,323,203,233,73,65,139,131,190.8,44.54961044,-79.981600344,-0.425434,NA,NA,NA,34.632
476,4.42944,94,158,"2026-08-29_CPANS",1.71750480901347,240,47,80,99,25.5,33.5,323,325,200,212,68,62,132,125,190.8,44.549656289,-79.981496492,-0.212668,NA,NA,NA,34.9344
477,4.43934,95,157,"2026-08-29_CPANS",1.69946636756059,252,44,78,75,25.5,21.5,323,326,200,205,68,63,132,127,190.8,44.549703144,-79.981390964,0,NA,NA,NA,35.3052
478,4.44914,95,157,"2026-08-29_CPANS",1.69635284139101,234,54,80,75,27.5,21.5,325,326,198,205,68,63,132,127,190.8,44.549749663,-79.98128619,-0.215006,NA,NA,NA,35.37
479,4.45894,95,157,"2026-08-29_CPANS",1.69946636756059,267,44,77,65.5,26.5,20,325,328,198,204,68,65,132,127,191,44.549795429,-79.981179489,0.201842,NA,NA,NA,35.3052
480,4.46884,95,157,"2026-08-29_CPANS",1.72247485186716,215,51,75,90.5,25,29,329,333,200,207,69,68,135,129,191,44.54984111,-79.981073374,0.201842,NA,NA,NA,34.8336
481,4.47854,95,157,"2026-08-29_CPANS",1.73412409392016,210,51,75,90.5,25,29,329,336,200,200,69,60,135,122,191,44.549886707,-79.980970277,0.201842,NA,NA,NA,34.5996
482,4.48824,95,157,"2026-08-29_CPANS",1.74264603373763,266,53,79.5,65,26,19.5,329,339,200,203,69,59,135,122,191.2,44.549930964,-79.980866844,0.408028,NA,NA,NA,34.4304
483,4.49784,94,158,"2026-08-29_CPANS",1.71098107654929,270,49,81,76,28,25,332,335,200,204,65,62,128,125,191.2,44.549976645,-79.980762405,0.620794,NA,NA,NA,35.0676
484,4.50754,94,158,"2026-08-29_CPANS",1.71750480901347,285,49,82,77.5,27,22.5,332,335,198,204,63,62,125,125,191.2,44.550018974,-79.98065671,0.620794,NA,NA,NA,34.9344
485,4.51714,94,158,"2026-08-29_CPANS",1.7125633648445,320,51,82,77.5,27,22.5,332,338,198,204,63,59,125,122,191.2,44.55006147,-79.980550092,0.410267,NA,NA,NA,35.0352
486,4.52674,94,158,"2026-08-29_CPANS",1.73250173250173,258,50,82,88.5,28,26.5,332,338,198,204,59,58,122,120,191.2,44.550102541,-79.980442971,0.410267,NA,NA,NA,34.632
487,4.53634,94,159,"2026-08-29_CPANS",1.75457065656034,234,52,77,66.5,25.5,19.5,333,333,200,205,60,56,124,118,191.4,44.55014311,-79.980337443,0.618601,NA,NA,NA,34.1964
488,4.54584,93,159,"2026-08-29_CPANS",1.75975785731883,271,45,77,66.5,25.5,19.5,339,336,200,208,59,56,122,118,191.4,44.550185774,-79.980232418,0.618601,NA,NA,NA,34.0956
489,4.55524,93,159,"2026-08-29_CPANS",1.77022481855196,299,45,77,66.5,25.5,19.5,339,338,200,217,60,56,122,118,191.6,44.550230952,-79.980130661,0.627285,NA,NA,NA,33.894
490,4.56494,92,160,"2026-08-29_CPANS",1.78443968593862,315,49,84,84,28.5,25.5,335,338,200,217,62,56,124,118,191.8,44.550274706,-79.980026474,0.83347,NA,NA,NA,33.624
491,4.57444,92,160,"2026-08-29_CPANS",1.78272185973544,292,50,85.5,85,26.5,25.5,333,338,201,217,63,56,125,118,191.8,44.550319381,-79.97992388,0.83347,NA,NA,NA,33.6564
492,4.58374,99,159,"2026-08-29_CPANS",1.80982372316936,225,68,85.5,85,30.5,25.5,333,338,201,211,63,62,125,124,192.2,44.550360034,-79.979822459,1.05739,NA,NA,NA,33.1524
493,4.59294,98,160,"2026-08-29_CPANS",1.85866696405338,261,46,78,85,27.5,25.5,338,339,203,204,60,68,124,132,192.4,44.550402195,-79.979722714,1.27478,NA,NA,NA,32.2812
494,4.60204,97,160,"2026-08-29_CPANS",1.87624301099478,282,49,80.5,74.5,28.5,23.5,335,325,203,203,59,65,124,132,192.6,44.550446451,-79.979625652,1.49456,NA,NA,NA,31.9788
495,4.61134,97,160,"2026-08-29_CPANS",1.86261361943079,255,45,78.5,74,27,22.5,326,307,201,203,56,60,121,128,192.8,44.550489282,-79.979526997,1.70962,NA,NA,NA,32.2128
496,4.62034,97,160,"2026-08-29_CPANS",1.88430374976446,269,48,79.5,72.5,28,21,326,304,201,203,56,58,121,122,193.2,44.550532449,-79.979432113,2.15406,NA,NA,NA,31.842
497,4.62904,96,160,"2026-08-29_CPANS",1.88026474127557,221,49,79.5,72.5,28,21,326,315,201,203,62,56,128,121,193.4,44.550574946,-79.979338152,2.17561,NA,NA,NA,31.9104
498,4.63784,97,159,"2026-08-29_CPANS",1.90215323746481,254,49,75.5,74.5,27.5,22.5,335,336,200,200,60,58,125,122,193.6,44.55061652,-79.979243772,2.40289,NA,NA,NA,31.5432
499,4.64694,96,160,"2026-08-29_CPANS",1.87624301099478,238,54,87,77.5,30,23,335,336,200,200,60,58,125,122,193.8,44.550659184,-79.979147548,2.4099,NA,NA,NA,31.9788
500,4.65564,96,159,"2026-08-29_CPANS",1.88430374976446,264,58,87,77.5,30.5,23,340,338,201,198,62,55,125,118,194,44.550700506,-79.979053084,2.4336,NA,NA,NA,31.842
501,4.66414,96,159,"2026-08-29_CPANS",1.91241155096577,317,48,85.5,73,30.5,21.5,343,346,203,203,60,58,125,121,194,44.550740404,-79.978959039,2.4336,NA,NA,NA,31.374
502,4.67314,95,158,"2026-08-29_CPANS",1.92901234567901,285,46,81.5,99,27,33,332,335,205,208,62,60,127,124,194.2,44.550781643,-79.978863485,2.22572,NA,NA,NA,31.104
503,4.68154,96,158,"2026-08-29_CPANS",1.99576896978406,277,45,77,79,25.5,24,329,307,203,208,59,62,124,127,194.6,44.550819362,-79.9787712,2.48451,NA,NA,NA,30.0636
504,4.68984,98,158,"2026-08-29_CPANS",2.06731166790705,330,45,77,79,25.5,24,328,315,200,204,55,63,120,131,194.8,44.550859092,-79.978682436,2.5057,NA,NA,NA,29.0232
505,4.69824,96,158,"2026-08-29_CPANS",2.10384583017756,438,45,93.5,54.5,31,20,321,315,203,204,56,63,122,131,195.4,44.550898738,-79.978593504,3.00493,NA,NA,NA,28.5192
506,4.70614,94,157,"2026-08-29_CPANS",2.19154065307911,455,53,99,91,34,27.5,287,326,212,211,62,68,129,138,195.8,44.550935619,-79.978509685,3.06681,NA,NA,NA,27.378
507,4.71324,94,157,"2026-08-29_CPANS",2.37857380714524,246,47,95,91,30.5,27.5,288,326,205,211,58,68,121,138,196.6,44.550968895,-79.978435338,3.96369,NA,NA,NA,25.2252
508,4.72004,99,156,"2026-08-29_CPANS",2.48089709238861,378,76,74.5,91,23.5,27.5,288,332,205,217,58,66,121,132,197.2,44.55099974,-79.978361744,4.61877,NA,NA,NA,24.1848
509,4.72704,98,157,"2026-08-29_CPANS",2.46366100024637,461,48,99.5,93.5,33,31,298,332,194,217,45,66,108,132,197.8,44.551029412,-79.978285637,5.25613,NA,NA,NA,24.354
510,4.73364,98,157,"2026-08-29_CPANS",2.44021473889702,462,48,98.5,98.5,32.5,33.5,304,339,195,214,42,73,107,141,198.2,44.551062856,-79.978214558,5.63231,NA,NA,NA,24.588
511,4.74034,98,157,"2026-08-29_CPANS",2.47390035129385,424,47,97.5,98.5,31.5,33.5,302,339,215,214,55,73,122,141,198.6,44.551095629,-79.978144066,6.22932,NA,NA,NA,24.2532
512,4.74694,98,158,"2026-08-29_CPANS",2.47390035129385,344,47,97.5,98.5,31.5,33.5,285,339,221,214,65,73,134,141,199,44.551127397,-79.978073323,6.61316,NA,NA,NA,24.2532
513,4.75364,96,158,"2026-08-29_CPANS",2.48089709238861,368,52,92.5,100,32,37.5,285,335,208,226,65,68,136,134,199.4,44.551158913,-79.978000484,6.73399,NA,NA,NA,24.1848
514,4.76054,96,158,"2026-08-29_CPANS",2.47390035129385,347,52,86.5,82.5,32,25,293,319,207,253,65,59,138,124,199.6,44.551190177,-79.977927059,6.78288,NA,NA,NA,24.2532
515,4.76724,97,158,"2026-08-29_CPANS",2.45350606015997,352,44,93.5,99.5,31,31,302,319,205,253,63,59,134,124,199.8,44.551221442,-79.977855226,6.3671,NA,NA,NA,24.4548
516,4.77394,98,158,"2026-08-29_CPANS",2.4302517740838,348,46,89,100,32,37.5,302,319,205,253,63,59,134,124,200,44.551250862,-79.977781046,6.15928,NA,NA,NA,24.6888
517,4.78094,100,159,"2026-08-29_CPANS",2.35338416643133,295,46,93,99.5,31.5,34.5,311,314,210,248,60,59,131,124,200.2,44.551282211,-79.977703597,5.31823,NA,NA,NA,25.4952
518,4.78804,97,159,"2026-08-29_CPANS",2.37857380714524,185,66,76.5,77.5,25,26,309,307,218,235,56,59,125,124,200.2,44.551312804,-79.977627154,4.43588,NA,NA,NA,25.2252
519,4.79484,93,159,"2026-08-29_CPANS",2.36272564029865,274,66,76.5,77.5,25,26,322,315,203,200,55,65,121,132,200.2,44.551343985,-79.977551633,3.57874,NA,NA,NA,25.3944
520,4.80194,94,160,"2026-08-29_CPANS",2.32872246285688,297,47,79,77,24.5,22,325,335,200,198,60,63,124,128,200.4,44.551376004,-79.977471502,3.25436,NA,NA,NA,25.7652
521,4.80964,96,160,"2026-08-29_CPANS",2.25804994806485,290,45,76,78,25.5,23.5,329,335,201,198,63,63,128,128,200.4,44.551411879,-79.977388857,2.65735,NA,NA,NA,26.5716
522,4.81744,98,160,"2026-08-29_CPANS",2.23563603845294,256,42,72,99.5,23.5,32.5,333,335,201,198,62,63,128,128,200.4,44.551449178,-79.977308307,2.05129,NA,NA,NA,26.838
523,4.82474,98,160,"2026-08-29_CPANS",2.24406444953099,246,43,73,99.5,26,32.5,333,338,201,198,62,60,128,124,200.4,44.551484466,-79.977229517,1.45427,NA,NA,NA,26.7372
524,4.83234,98,160,"2026-08-29_CPANS",2.24678709445493,281,49,80,84.5,27,28.5,335,335,201,197,58,55,124,120,200.6,44.551520843,-79.97714947,1.42758,NA,NA,NA,26.7048
525,4.84004,99,160,"2026-08-29_CPANS",2.1944261575598,275,47,83,84.5,28.5,28.5,335,325,203,201,58,55,124,120,200.6,44.551556969,-79.977067662,1.12907,NA,NA,NA,27.342
526,4.84754,100,160,"2026-08-29_CPANS",2.18636582272946,256,52,90,85,32,25.5,335,328,203,203,58,56,124,122,200.8,44.551592257,-79.976986106,1.09723,NA,NA,NA,27.4428
527,4.85514,100,160,"2026-08-29_CPANS",2.19702961595922,248,50,90,85,32,25.5,319,329,201,203,58,59,124,125,200.8,44.551627964,-79.976905221,0.811515,NA,NA,NA,27.3096
528,4.86284,100,160,"2026-08-29_CPANS",2.15721805160066,229,50,90,85,32,25.5,322,329,203,203,58,59,124,125,200.8,44.551662162,-79.976820145,0.811515,NA,NA,NA,27.8136
529,4.87064,101,160,"2026-08-29_CPANS",2.1704214958545,229,50,0,0,0,0,335,329,201,203,58,59,125,125,200.8,44.55169636,-79.976734649,0.811515,NA,NA,NA,27.6444
530,4.87834,101,160,"2026-08-29_CPANS",2.18350146294598,226,52,0,0,0,0,335,329,201,203,58,59,125,125,200.8,44.5517319,-79.976650579,0.529825,NA,NA,NA,27.4788
531,4.88604,101,160,"2026-08-29_CPANS",2.14942825208495,285,51,85.5,64.5,30,21,338,330,200,210,60,58,128,124,201,44.551769115,-79.976567095,0.789565,NA,NA,NA,27.9144
532,4.89394,102,160,"2026-08-29_CPANS",2.18092994853005,285,49,78.5,71.5,27,21,330,329,203,212,62,58,129,125,201,44.551804655,-79.976481851,0.789565,NA,NA,NA,27.5112
533,4.90204,103,159,"2026-08-29_CPANS",2.13401621852326,290,41,77,69,27,21.5,325,328,207,203,60,53,128,121,201.2,44.551840529,-79.976394176,1.03648,NA,NA,NA,28.116
534,4.90994,103,159,"2026-08-29_CPANS",2.16506451892266,208,55,78,96.5,26.5,33,319,329,205,205,60,53,129,121,201.2,44.551875063,-79.976309687,0.773321,NA,NA,NA,27.7128
535,4.91734,102,160,"2026-08-29_CPANS",2.17296827466319,250,55,78,96.5,26.5,33,323,323,203,225,62,59,129,127,201.4,44.551910769,-79.976227125,1.04359,NA,NA,NA,27.612
536,4.92544,102,161,"2026-08-29_CPANS",2.14169450869528,248,50,77,98.5,27,33.5,330,318,200,207,60,56,128,124,201.4,44.551947147,-79.976140289,0.776924,NA,NA,NA,28.0152
537,4.93324,102,160,"2026-08-29_CPANS",2.18350146294598,233,47,71,74,23.5,24.5,330,318,200,207,60,56,128,124,201.6,44.55198277,-79.976056553,1.03333,NA,NA,NA,27.4788
538,4.94074,101,160,"2026-08-29_CPANS",2.1704214958545,270,51,78,74,27,24.5,336,322,197,198,55,52,122,120,201.6,44.552019231,-79.975975584,1.03333,NA,NA,NA,27.6444
539,4.94874,102,161,"2026-08-29_CPANS",2.15220385674931,292,53,82,76.5,28,22.5,333,332,198,195,53,52,121,120,201.8,44.552054603,-79.975888999,1.28333,NA,NA,NA,27.8784
540,4.95684,103,161,"2026-08-29_CPANS",2.10890379180902,322,53,89.5,87.5,34.5,27.5,332,335,204,204,59,56,127,122,201.8,44.55209207,-79.975801744,1.28333,NA,NA,NA,28.4508
541,4.96484,103,160,"2026-08-29_CPANS",2.10145841213802,255,53,79,80.5,26,25.5,323,326,205,224,62,59,129,125,201.8,44.552129034,-79.975716081,1.02359,NA,NA,NA,28.5516
542,4.97274,96,160,"2026-08-29_CPANS",2.08672426025625,245,53,79,80.5,26,25.5,328,321,204,210,62,63,129,129,202,44.552166082,-79.975631004,1.27676,NA,NA,NA,28.7532
543,4.98094,97,160,"2026-08-29_CPANS",2.05786722640655,313,54,83.5,75.5,30,24.5,322,323,203,208,63,66,129,131,202,44.552202041,-79.975541402,1.02985,NA,NA,NA,29.1564
544,4.98934,99,160,"2026-08-29_CPANS",1.96935680806649,296,54,85,94,32,28.5,319,321,201,224,63,62,129,127,202,44.552240178,-79.975448614,1.02985,NA,NA,NA,30.4668
545,4.99804,101,161,"2026-08-29_CPANS",1.96726471514007,228,51,87,90.5,32.5,27,326,321,203,224,59,62,125,127,202,44.55227907,-79.975355323,0.759575,NA,NA,NA,30.4992
546,5.00644,102,161,"2026-08-29_CPANS",1.95641115936925,257,54,73,90.5,26.5,27,326,322,203,204,59,60,125,125,202,44.552318633,-79.975263709,0.759575,NA,NA,NA,30.6684
547,5.01514,103,160,"2026-08-29_CPANS",1.95000195000195,252,49,74.5,70.5,23.5,21,326,329,201,203,53,62,120,128,202,44.55235962,-79.975171341,0.503165,NA,NA,NA,30.7692
548,5.02364,103,161,"2026-08-29_CPANS",1.94567670635847,236,48,73.5,70.5,25,21,330,335,200,201,53,59,121,125,202,44.552399854,-79.975080229,0.503165,NA,NA,NA,30.8376
549,5.03224,102,161,"2026-08-29_CPANS",1.92901234567901,234,48,73.5,70.5,25,21,333,336,198,198,58,60,125,125,202,44.5524395,-79.974987274,0.253165,NA,NA,NA,31.104
550,5.04084,95,160,"2026-08-29_CPANS",1.96286263887253,255,53,81,72.5,29.5,21,338,336,200,197,60,62,127,125,202,44.55247856,-79.974895325,0.253165,NA,NA,NA,30.5676
551,5.04934,94,160,"2026-08-29_CPANS",1.93102382883405,296,64,99,72.5,35.5,21,308,332,207,200,66,65,134,129,202,44.552518625,-79.974802537,0.253165,NA,NA,NA,31.0716
552,5.05804,94,159,"2026-08-29_CPANS",1.94159676918298,295,44,93,94,32.5,31,308,332,207,200,66,65,134,129,202,44.552558271,-79.974708911,0,NA,NA,NA,30.9024
553,5.06674,94,159,"2026-08-29_CPANS",1.91857564943786,286,56,85.5,98,28.5,31.5,277,322,197,240,63,62,132,129,202.2,44.552599091,-79.97461562,0.229885,NA,NA,NA,31.2732
554,5.07534,94,160,"2026-08-29_CPANS",1.92056541445802,288,47,93.5,98,32,31.5,283,329,195,246,62,62,129,127,202.6,44.552639995,-79.974523671,0.695001,NA,NA,NA,31.2408
555,5.08394,94,160,"2026-08-29_CPANS",1.92477961273434,237,53,100,98,38,31.5,283,326,195,262,62,65,129,134,202.6,44.55268048,-79.974431135,0.695001,NA,NA,NA,31.1724
556,5.09244,93,161,"2026-08-29_CPANS",1.94567670635847,266,53,100,98,38,31.5,285,325,200,249,69,68,135,136,202.8,44.552720964,-79.974340778,0.930295,NA,NA,NA,30.8376
557,5.10074,93,161,"2026-08-29_CPANS",1.98909973346064,226,52,80,77.5,27,25,302,330,198,214,65,65,129,129,202.8,44.552759186,-79.974250253,0.930295,NA,NA,NA,30.1644
558,5.10924,100,161,"2026-08-29_CPANS",1.98035487959442,307,42,75.5,74.5,27,22.5,302,330,198,214,65,65,129,129,203,44.552798329,-79.974158471,1.16559,NA,NA,NA,30.2976
559,5.11774,102,161,"2026-08-29_CPANS",1.96726471514007,232,48,89,72.5,31,27.5,302,333,198,204,65,58,129,121,203,44.552837892,-79.97406669,1.16559,NA,NA,NA,30.4992
560,5.12614,102,161,"2026-08-29_CPANS",1.99362041467305,255,49,74.5,79,25.5,26,321,316,201,203,59,56,125,124,203.2,44.552875443,-79.973974656,1.40368,NA,NA,NA,30.096
561,5.13464,102,161,"2026-08-29_CPANS",1.96494537451859,265,50,80.5,79,26.5,26,328,322,201,201,58,56,125,122,203.4,44.552915005,-79.973882455,1.63898,NA,NA,NA,30.5352
562,5.14324,102,161,"2026-08-29_CPANS",1.96286263887253,293,43,75.5,74,25.5,24,326,329,201,211,59,53,127,121,203.4,44.5529544,-79.973790506,1.63898,NA,NA,NA,30.5676
563,5.15174,102,161,"2026-08-29_CPANS",1.96935680806649,309,43,80,97.5,29.5,32.5,326,328,203,211,60,53,128,121,203.4,44.55299455,-79.973698137,1.40909,NA,NA,NA,30.4668
564,5.16044,103,161,"2026-08-29_CPANS",1.94159676918298,299,50,83,89.5,29.5,26,321,328,203,208,62,55,129,122,203.6,44.553035537,-79.973604176,1.17386,NA,NA,NA,30.9024
565,5.16924,103,160,"2026-08-29_CPANS",1.96286263887253,251,50,83,89.5,29.5,26,321,330,200,200,55,55,124,120,203.6,44.553074848,-79.973511137,1.17386,NA,NA,NA,30.5676
566,5.17774,103,160,"2026-08-29_CPANS",1.94159676918298,260,50,74,80.5,25,27,321,330,200,200,55,55,124,120,203.8,44.55311483,-79.973419858,1.17386,NA,NA,NA,30.9024
567,5.18614,102,160,"2026-08-29_CPANS",1.95641115936925,240,47,77.5,74,26,22,323,332,200,198,59,56,127,120,203.8,44.553153554,-79.973328244,1.17386,NA,NA,NA,30.6684
568,5.19474,103,160,"2026-08-29_CPANS",1.94159676918298,310,42,69.5,72,23,23.5,326,321,203,198,62,56,129,121,203.8,44.553193452,-79.97323487,0.938569,NA,NA,NA,30.9024
569,5.20334,104,160,"2026-08-29_CPANS",1.92056541445802,228,48,79,71.5,26.5,22,326,321,203,198,58,56,125,121,203.8,44.553232428,-79.973141495,0.938569,NA,NA,NA,31.2408
570,5.21194,104,160,"2026-08-29_CPANS",1.91438854429895,252,48,74.5,77.5,23.5,25,328,316,201,198,58,56,125,121,203.8,44.55327241,-79.973048791,0.700473,NA,NA,NA,31.3416
571,5.22074,105,160,"2026-08-29_CPANS",1.90215323746481,253,45,71.5,74,22,23.5,332,316,201,198,56,56,125,121,203.6,44.553313649,-79.972954243,0.237906,NA,NA,NA,31.5432
572,5.22944,105,160,"2026-08-29_CPANS",1.91659000306654,173,45,71.5,74,22,23.5,335,330,201,197,62,59,127,121,203.6,44.553355977,-79.972861456,0.237906,NA,NA,NA,31.3056
573,5.23834,95,160,"2026-08-29_CPANS",1.91438854429895,225,65,68.5,83.5,21.5,26,325,329,198,197,62,65,125,129,203.6,44.553397132,-79.972766992,0.237906,NA,NA,NA,31.3416
574,5.24714,95,160,"2026-08-29_CPANS",1.88217579521927,243,55,82.5,86.5,27,27.5,323,329,198,197,63,65,128,129,203.6,44.553436443,-79.972669929,0,NA,NA,NA,31.878
575,5.25604,96,159,"2026-08-29_CPANS",1.87835756414591,240,51,81,86.5,26,27.5,323,325,198,197,63,60,128,124,203.6,44.553477096,-79.972573454,0,NA,NA,NA,31.9428
576,5.26504,97,159,"2026-08-29_CPANS",1.88217579521927,259,50,83.5,74,28.5,23,330,314,200,198,68,60,132,124,203.8,44.553520095,-79.972477565,0,NA,NA,NA,31.878
577,5.27384,97,159,"2026-08-29_CPANS",1.87835756414591,230,43,76.5,74,26,23,332,322,200,198,72,56,139,121,203.8,44.553561585,-79.972382514,0,NA,NA,NA,31.9428
578,5.28274,97,159,"2026-08-29_CPANS",1.85288123031314,230,46,77.5,95,27,29,329,333,197,197,66,53,132,118,203.8,44.553603076,-79.972285116,0,NA,NA,NA,32.382
579,5.29204,98,159,"2026-08-29_CPANS",1.84345389521808,269,46,77.5,95,27,29,335,333,198,197,60,53,125,118,203.8,44.553646997,-79.97218688,0,NA,NA,NA,32.5476
580,5.30114,98,159,"2026-08-29_CPANS",1.85102917221975,265,57,78.5,96.5,25,28,335,336,198,203,60,60,125,124,203.8,44.553691756,-79.972090572,0,NA,NA,NA,32.4144
581,5.31024,98,158,"2026-08-29_CPANS",1.84529081783289,245,42,76.5,96.5,26.5,28,329,336,200,203,68,60,132,124,203.8,44.553736013,-79.971994096,0.222222,NA,NA,NA,32.5152
582,5.31944,99,159,"2026-08-29_CPANS",1.83392018779343,260,42,76.5,95.5,26.5,28.5,329,329,200,222,68,65,132,131,204,44.553780269,-79.971897285,0.439614,NA,NA,NA,32.7168
583,5.32854,99,159,"2026-08-29_CPANS",1.84141715464221,247,52,74,99,25,34,330,329,198,217,59,63,125,129,204,44.55382352,-79.971799972,0.439614,NA,NA,NA,32.5836
584,5.33764,100,159,"2026-08-29_CPANS",1.82828726049437,317,51,81,99,27.5,34,335,342,200,208,56,60,122,127,204,44.553866184,-79.971701903,0.439614,NA,NA,NA,32.8176
585,5.34684,100,158,"2026-08-29_CPANS",1.80609738477099,207,52,72.5,79.5,23,23.5,333,342,200,208,59,60,124,127,204.2,44.553909518,-79.971602913,0.657005,NA,NA,NA,33.2208
586,5.35614,100,158,"2026-08-29_CPANS",1.81336815000181,227,52,72.5,79.5,23,23.5,338,314,198,203,63,63,129,128,204.2,44.553953439,-79.971503587,0.434783,NA,NA,NA,33.0876
587,5.36544,100,159,"2026-08-29_CPANS",1.81712458206135,238,47,73.5,79.5,24,23.5,336,314,197,203,62,63,128,128,204.2,44.553996522,-79.971404681,0.434783,NA,NA,NA,33.0192
588,5.37464,100,159,"2026-08-29_CPANS",1.80433762765689,246,50,73,91,23.5,28.5,336,328,197,200,62,59,128,124,204.2,44.554041785,-79.971306948,0.434783,NA,NA,NA,33.2532
589,5.38384,100,159,"2026-08-29_CPANS",1.81712458206135,243,48,80,69,27.5,20.5,333,326,200,198,66,58,134,124,204.2,44.554087382,-79.97121064,0.434783,NA,NA,NA,33.0192
590,5.39284,100,160,"2026-08-29_CPANS",1.8321058224323,253,47,79.5,80,27,25,330,326,200,198,68,58,134,124,204.2,44.55413298,-79.971116763,0.434783,NA,NA,NA,32.7492
591,5.40194,99,160,"2026-08-29_CPANS",1.81534328141452,259,53,79,76,27.5,23,321,328,198,198,59,55,125,121,204.2,44.554177152,-79.971020035,0.434783,NA,NA,NA,33.0516
592,5.41104,99,160,"2026-08-29_CPANS",1.83009406683504,256,51,78.5,83,26,26,328,321,200,195,58,53,124,118,204.4,44.554218894,-79.9709218,0.437172,NA,NA,NA,32.7852
593,5.42014,99,160,"2026-08-29_CPANS",1.84141715464221,252,51,81,69.5,28,20,332,328,200,195,60,55,125,118,204.6,44.554258457,-79.970822139,0.656952,NA,NA,NA,32.5836
594,5.42924,99,160,"2026-08-29_CPANS",1.82648401826484,234,51,81,69.5,28,20,333,328,200,195,60,55,125,118,204.6,44.554296259,-79.970719712,0.656952,NA,NA,NA,32.85
595,5.43844,99,160,"2026-08-29_CPANS",1.83009406683504,256,56,83.5,75.5,29.5,24.5,333,328,200,200,60,56,125,121,204.6,44.554336408,-79.970619045,0.43956,NA,NA,NA,32.7852
596,5.44744,99,160,"2026-08-29_CPANS",1.85866696405338,271,51,78.5,78,24,23.5,333,332,200,200,60,56,125,122,204.6,44.554378988,-79.970521228,0.43956,NA,NA,NA,32.2812
597,5.45664,99,160,"2026-08-29_CPANS",1.83392018779343,266,47,85.5,91.5,32.5,27,335,338,204,205,69,62,135,127,204.6,44.554423245,-79.970423914,0.43956,NA,NA,NA,32.7168
598,5.46564,98,160,"2026-08-29_CPANS",1.84529081783289,233,48,85.5,91.5,32.5,27,323,304,204,207,72,62,138,128,204.4,44.554465909,-79.970326852,0.217338,NA,NA,NA,32.5152
599,5.47464,97,159,"2026-08-29_CPANS",1.87835756414591,284,51,78.5,70,26.5,23,323,314,200,201,68,59,135,124,204.4,44.554508321,-79.970230712,0.217338,NA,NA,NA,31.9428
600,5.48354,97,159,"2026-08-29_CPANS",1.8960940462647,256,49,84.5,69,30,21.5,323,329,200,200,66,56,134,121,204.4,44.554549979,-79.970136164,0.217338,NA,NA,NA,31.644
601,5.49244,96,159,"2026-08-29_CPANS",1.88814621804313,256,52,83.5,93.5,28.5,29.5,321,329,201,200,63,56,131,121,204.6,44.554590632,-79.970040442,0.442057,NA,NA,NA,31.7772
602,5.50114,96,159,"2026-08-29_CPANS",1.88814621804313,296,49,83.5,93.5,28.5,29.5,319,329,204,201,66,56,134,121,204.6,44.554632373,-79.96994623,0.222277,NA,NA,NA,31.7772
603,5.51004,96,159,"2026-08-29_CPANS",1.89007333484539,259,49,83.5,75,27.5,22,314,329,205,205,66,58,131,121,204.6,44.554673612,-79.96985143,0,NA,NA,NA,31.7448
604,5.51864,96,159,"2026-08-29_CPANS",1.90825127852836,304,58,93.5,86,31,28,314,323,205,210,66,56,131,120,204.8,44.554713091,-79.96975814,0.235055,NA,NA,NA,31.4424
605,5.52734,95,159,"2026-08-29_CPANS",1.91438854429895,278,54,87.5,98.5,29,30.5,304,323,207,240,66,55,136,121,205,44.554754749,-79.969664849,0.46494,NA,NA,NA,31.3416
606,5.53604,95,159,"2026-08-29_CPANS",1.91438854429895,327,52,86.5,82,32,26.5,307,323,204,222,66,55,135,121,205,44.554795821,-79.969570721,0.46494,NA,NA,NA,31.3416
607,5.54484,95,159,"2026-08-29_CPANS",1.90215323746481,307,52,95.5,89.5,35,27.5,311,323,205,222,65,55,135,121,205.2,44.554837395,-79.969477011,0.692213,NA,NA,NA,31.5432
608,5.55354,95,159,"2026-08-29_CPANS",1.90825127852836,272,47,85.5,89.5,29.5,27.5,308,323,204,222,66,55,135,121,205.4,44.554879723,-79.969383553,1.14432,NA,NA,NA,31.4424
609,5.56234,94,159,"2026-08-29_CPANS",1.93102382883405,277,45,85.5,89.5,29.5,27.5,315,330,204,207,66,56,134,120,205.6,44.554920376,-79.969289424,1.37159,NA,NA,NA,31.0716
610,5.57104,94,159,"2026-08-29_CPANS",1.93303951132761,249,45,83,82,30,23.5,325,333,204,203,65,60,134,122,205.8,44.554961531,-79.969196552,1.60148,NA,NA,NA,31.0392
611,5.57964,94,159,"2026-08-29_CPANS",1.94795075580489,267,57,88,75,30.5,23.5,329,333,201,203,63,60,128,122,206,44.555001512,-79.969103849,1.60932,NA,NA,NA,30.8016
612,5.58844,94,159,"2026-08-29_CPANS",1.94363459669582,294,51,78.5,77,26,24,329,326,201,204,63,59,128,121,206,44.555042584,-79.969010055,1.60932,NA,NA,NA,30.87
613,5.59714,95,159,"2026-08-29_CPANS",1.9043266301036,387,54,81.5,77,25,24,333,335,198,204,62,60,127,122,206,44.555082063,-79.968915675,1.60932,NA,NA,NA,31.5072
614,5.60594,96,159,"2026-08-29_CPANS",1.87835756414591,313,41,81,98.5,28,29.5,335,325,203,210,65,62,131,125,206,44.555121877,-79.968818948,1.37676,NA,NA,NA,31.9428
615,5.61484,96,159,"2026-08-29_CPANS",1.87034751056746,268,46,81.5,74,27,23,318,325,204,210,69,62,136,125,206,44.555162696,-79.968722304,1.14687,NA,NA,NA,32.0796
616,5.62364,96,159,"2026-08-29_CPANS",1.90825127852836,207,51,76,71,23.5,21.5,318,301,204,228,69,65,136,132,206,44.555203852,-79.96862784,1.14687,NA,NA,NA,31.4424
617,5.63254,96,159,"2026-08-29_CPANS",1.91043863671099,271,51,76,71,23.5,21.5,319,301,201,228,66,65,131,132,206,44.555243749,-79.968532622,0.919601,NA,NA,NA,31.4064
618,5.64124,95,159,"2026-08-29_CPANS",1.90628693430935,245,50,82,93.5,27,30,325,325,200,204,68,60,131,124,206,44.55528239,-79.96843799,0.689716,NA,NA,NA,31.4748
619,5.64974,95,159,"2026-08-29_CPANS",1.90020142135066,270,47,82,93.5,27,30,330,329,200,201,69,58,132,121,206.2,44.555322623,-79.968345119,0.697737,NA,NA,NA,31.5756
620,5.65844,95,159,"2026-08-29_CPANS",1.91043863671099,252,49,77.5,77.5,25.5,24.5,335,332,200,201,69,56,132,120,206.6,44.555363108,-79.968252918,0.927622,NA,NA,NA,31.4064
621,5.66674,95,159,"2026-08-29_CPANS",1.93303951132761,286,47,79,75.5,25.5,22.5,338,335,200,200,69,56,134,120,206.6,44.555402586,-79.968161471,0.695064,NA,NA,NA,31.0392
622,5.67544,94,159,"2026-08-29_CPANS",1.93933752230238,243,50,77,90,25,29,340,335,200,200,68,56,132,120,206.6,44.555442568,-79.968067342,0.695064,NA,NA,NA,30.9384
623,5.68434,94,159,"2026-08-29_CPANS",1.92678227360308,318,49,85,86.5,28,27.5,340,335,200,200,68,56,132,120,206.8,44.555483556,-79.967972208,0.919783,NA,NA,NA,31.14
624,5.69314,95,159,"2026-08-29_CPANS",1.89007333484539,274,49,85,86.5,28,27.5,335,335,200,201,63,55,127,118,206.8,44.555525046,-79.967877241,0.919783,NA,NA,NA,31.7448
625,5.70204,96,159,"2026-08-29_CPANS",1.89007333484539,302,42,80.5,86.5,29.5,27.5,335,335,203,203,65,55,128,118,206.8,44.555567207,-79.967782358,0.919783,NA,NA,NA,31.7448
626,5.71104,96,159,"2026-08-29_CPANS",1.87034751056746,237,47,80,98.5,27.5,33,335,335,203,203,65,55,132,118,206.8,44.555608362,-79.967685211,0.919783,NA,NA,NA,32.0796
627,5.71984,97,159,"2026-08-29_CPANS",1.87434397960714,258,37,74.5,76.5,25.5,24,339,335,203,210,72,58,138,121,207,44.555651529,-79.967591334,1.14706,NA,NA,NA,32.0112
628,5.72884,97,159,"2026-08-29_CPANS",1.86261361943079,216,50,69.5,99,23,32,339,335,201,229,72,62,138,127,207,44.5556926,-79.96749402,1.14706,NA,NA,NA,32.2128
629,5.73774,98,159,"2026-08-29_CPANS",1.84918081289989,229,46,65.5,68,20,21,343,336,198,208,68,60,132,125,207,44.555734677,-79.967398299,0.911762,NA,NA,NA,32.4468
630,5.74694,98,159,"2026-08-29_CPANS",1.84141715464221,238,47,69.5,68,22.5,21,343,336,198,208,68,60,132,125,206.8,44.555779185,-79.967300985,0.234601,NA,NA,NA,32.5836
631,5.75594,98,159,"2026-08-29_CPANS",1.84529081783289,231,47,69,66.5,21.5,20.5,343,336,198,208,68,60,132,125,206.8,44.555822101,-79.967204258,0.234601,NA,NA,NA,32.5152
632,5.76534,98,159,"2026-08-29_CPANS",1.82089660949051,231,47,69,66.5,21.5,20.5,343,340,198,197,68,62,132,121,206.8,44.555866609,-79.967104597,0.234601,NA,NA,NA,32.9508
633,5.77454,99,159,"2026-08-29_CPANS",1.80433762765689,231,47,69,66.5,21.5,20.5,343,340,198,197,68,62,132,121,206.6,44.555909775,-79.967004433,-0.20751,NA,NA,NA,33.2532
634,5.78384,99,159,"2026-08-29_CPANS",1.84345389521808,210,52,0,0,0,0,322,340,200,197,60,62,127,121,206.4,44.55595026,-79.966904605,-0.422564,NA,NA,NA,32.5476
635,5.79294,99,159,"2026-08-29_CPANS",1.81890938193459,210,49,0,0,0,0,333,340,197,197,59,62,125,121,206.6,44.555992924,-79.966806872,-0.202783,NA,NA,NA,32.9868
636,5.80184,99,159,"2026-08-29_CPANS",1.82828726049437,224,43,67,63.5,24,20.5,326,336,186,198,51,55,118,121,206.4,44.556035588,-79.966710312,-0.427503,NA,NA,NA,32.8176
637,5.81104,99,159,"2026-08-29_CPANS",1.84918081289989,231,54,71.5,82.5,25.5,25.5,326,336,190,198,58,55,127,121,206.4,44.556076911,-79.966611238,-0.654775,NA,NA,NA,32.4468
638,5.82004,98,159,"2026-08-29_CPANS",1.86448894358056,222,49,71.5,82.5,24,25.5,326,326,190,197,58,56,127,122,206.6,44.556117395,-79.96651317,-0.432553,NA,NA,NA,32.1804
639,5.82894,98,159,"2026-08-29_CPANS",1.84141715464221,233,52,75.5,82.5,25,25.5,330,330,194,194,63,53,132,120,206.6,44.556156958,-79.966414096,-0.432553,NA,NA,NA,32.5836
640,5.83804,98,159,"2026-08-29_CPANS",1.84141715464221,255,52,75.5,82.5,25,25.5,338,333,200,195,66,55,132,120,206.4,44.556198783,-79.966315022,-0.434942,NA,NA,NA,32.5836
641,5.84734,98,160,"2026-08-29_CPANS",1.85288123031314,255,51,79.5,68.5,26,20.5,336,322,203,197,69,55,135,120,206.6,44.556241028,-79.966214942,-0.219888,NA,NA,NA,32.382
642,5.85644,98,160,"2026-08-29_CPANS",1.85494342422556,271,44,77,85.5,26.5,26.5,335,319,203,214,73,55,141,121,206.6,44.556282267,-79.966117041,-0.219888,NA,NA,NA,32.346
643,5.86544,98,159,"2026-08-29_CPANS",1.8321058224323,269,50,77,85.5,26.5,26.5,329,323,204,207,68,59,136,125,206.4,44.556323841,-79.96602023,-0.224719,NA,NA,NA,32.7492
644,5.87424,98,159,"2026-08-29_CPANS",1.84345389521808,276,47,79.5,71,27,21,329,323,203,207,63,59,129,125,206.6,44.556366002,-79.965924257,0.217607,NA,NA,NA,32.5476
645,5.88334,98,159,"2026-08-29_CPANS",1.87434397960714,271,52,79.5,71,27,21,329,328,203,205,63,60,129,125,206.6,44.556408247,-79.965827027,0,NA,NA,NA,32.0112
646,5.89234,97,159,"2026-08-29_CPANS",1.86261361943079,281,52,83,78,29,23.5,332,329,203,205,68,60,132,125,206.8,44.556448899,-79.96572963,0.444768,NA,NA,NA,32.2128
647,5.90134,97,159,"2026-08-29_CPANS",1.85288123031314,312,52,83,78,29,23.5,328,336,201,210,66,58,131,122,206.8,44.556488043,-79.96563022,0.444768,NA,NA,NA,32.382
648,5.91024,97,158,"2026-08-29_CPANS",1.87034751056746,274,45,78.5,92.5,26.5,28,329,332,203,221,66,62,131,127,207.2,44.556527857,-79.965532236,0.671984,NA,NA,NA,32.0796
649,5.91924,97,158,"2026-08-29_CPANS",1.88217579521927,275,57,78.5,92.5,26.5,28,326,330,203,214,63,60,128,124,207.4,44.556568006,-79.965434,0.894207,NA,NA,NA,31.878
650,5.92824,97,158,"2026-08-29_CPANS",1.89825360668185,244,43,77.5,76.5,26,22.5,315,332,203,221,62,60,127,125,207.6,44.556611173,-79.965339536,1.33621,NA,NA,NA,31.608
651,5.93714,96,158,"2026-08-29_CPANS",1.88026474127557,252,51,78.5,78,27.5,22.5,315,332,203,221,62,60,127,125,207.6,44.556654256,-79.965245323,1.12116,NA,NA,NA,31.9104
652,5.94584,96,158,"2026-08-29_CPANS",1.88622302701071,277,47,86.5,78,29,22.5,326,330,203,205,65,58,129,121,207.8,44.556695495,-79.965151446,1.35104,NA,NA,NA,31.8096
653,5.95454,96,158,"2026-08-29_CPANS",1.90215323746481,277,52,78.5,75.5,25.5,23,330,335,203,224,65,58,129,121,207.8,44.556736399,-79.965056647,1.57326,NA,NA,NA,31.5432
654,5.96344,95,158,"2026-08-29_CPANS",1.93102382883405,225,52,78.5,75.5,25.5,23,330,336,203,218,63,58,127,121,207.8,44.55677923,-79.964963943,1.34599,NA,NA,NA,31.0716
655,5.97204,94,158,"2026-08-29_CPANS",1.93102382883405,262,55,82,75.5,30,23,335,339,200,210,62,58,125,121,207.8,44.55682005,-79.964871574,1.34599,NA,NA,NA,31.0716
656,5.98084,95,158,"2026-08-29_CPANS",1.89825360668185,289,51,84,79,28,24.5,338,338,200,205,65,59,128,122,207.6,44.556859026,-79.964775685,0.896495,NA,NA,NA,31.608
657,5.98964,96,158,"2026-08-29_CPANS",1.88026474127557,221,39,78.5,79,28,24.5,335,332,200,204,66,59,131,122,207.6,44.556898002,-79.964679712,0.896495,NA,NA,NA,31.9104
658,5.99854,97,158,"2026-08-29_CPANS",1.86657707096726,238,49,74.5,98,29,28.5,336,332,198,204,62,59,129,122,207.6,44.556939408,-79.964582985,0.447057,NA,NA,NA,32.1444
659,6.00754,98,158,"2026-08-29_CPANS",1.84918081289989,196,52,76.5,77.5,25.5,24.5,336,329,198,203,62,58,129,121,207.4,44.556982156,-79.964486593,0,NA,NA,NA,32.4468
660,6.01674,99,158,"2026-08-29_CPANS",1.81159420289855,180,58,72.5,77.5,25.5,24.5,335,329,200,203,60,58,129,121,207,44.557023227,-79.964386346,-0.654393,NA,NA,NA,33.12
661,6.02594,101,158,"2026-08-29_CPANS",1.77910617705665,224,58,72.5,77.5,25.5,24.5,340,333,200,197,60,55,127,120,206.8,44.557064718,-79.964285847,-0.871784,NA,NA,NA,33.7248
662,6.03534,103,157,"2026-08-29_CPANS",1.75808720112518,281,51,75,57.5,26,16.5,340,338,201,198,60,59,127,124,206.4,44.557108471,-79.964183839,-1.5272,NA,NA,NA,34.128
663,6.04494,97,157,"2026-08-29_CPANS",1.75290983031833,213,44,76.5,88,26.5,27,340,335,201,198,59,58,125,120,206.2,44.557150968,-79.964079568,-1.73553,NA,NA,NA,34.2288
664,6.05444,94,158,"2026-08-29_CPANS",1.72747374239912,268,56,82.5,64.5,29,20,340,335,201,198,62,58,127,120,206.2,44.557195559,-79.963975213,-1.73553,NA,NA,NA,34.7328
665,6.06434,94,158,"2026-08-29_CPANS",1.72747374239912,266,49,79.5,76,25.5,24.5,340,340,201,201,62,56,127,118,206.2,44.557240738,-79.963868093,-1.73553,NA,NA,NA,34.7328
666,6.07414,94,158,"2026-08-29_CPANS",1.72908669640696,281,55,84.5,75,29,22,338,342,198,201,62,56,125,118,206.4,44.557289101,-79.963764576,-1.30418,NA,NA,NA,34.7004
667,6.08394,93,158,"2026-08-29_CPANS",1.73755907700862,270,48,84,75,29.5,22,332,340,200,201,65,58,129,120,206.6,44.557336962,-79.963661395,-1.1001,NA,NA,NA,34.5312
668,6.09354,93,158,"2026-08-29_CPANS",1.77210703526493,292,51,84,85.5,26.5,26,332,339,200,200,62,55,125,118,206.8,44.557384823,-79.96356098,-0.891765,NA,NA,NA,33.858
669,6.10294,92,158,"2026-08-29_CPANS",1.80063382310573,292,52,88.5,77.5,29,23,332,340,201,200,62,56,124,118,207,44.557431175,-79.96346266,-0.456777,NA,NA,NA,33.3216
670,6.11214,91,158,"2026-08-29_CPANS",1.82828726049437,334,52,88.5,77.5,29,23,335,340,201,204,62,62,122,122,207.2,44.557471156,-79.963362245,0.195397,NA,NA,NA,32.8176
671,6.12094,92,159,"2026-08-29_CPANS",1.88430374976446,325,51,87.5,86.5,27,28.5,332,340,204,204,58,62,117,122,207.4,44.557508623,-79.963264009,0.640061,NA,NA,NA,31.842
672,6.12984,95,159,"2026-08-29_CPANS",1.92678227360308,328,53,87.5,86.5,27,28.5,332,340,204,210,58,65,117,127,207.8,44.557546174,-79.963166947,1.51503,NA,NA,NA,31.14
673,6.13834,94,159,"2026-08-29_CPANS",1.94159676918298,349,47,79.5,98,26.5,26.5,316,345,207,228,63,75,125,138,208.2,44.557583893,-79.963073824,2.19395,NA,NA,NA,30.9024
674,6.14674,93,159,"2026-08-29_CPANS",1.96935680806649,348,53,98,84.5,32,25.5,321,345,207,228,66,75,129,138,208.6,44.557621276,-79.962982377,2.67014,NA,NA,NA,30.4668
675,6.15504,92,159,"2026-08-29_CPANS",1.95848021934978,319,46,98,84.5,32,25.5,311,333,205,232,68,59,134,127,208.8,44.557659833,-79.96289202,2.91111,NA,NA,NA,30.636
676,6.16324,92,159,"2026-08-29_CPANS",1.97800458897065,328,47,100,98.5,38,34.5,311,333,205,232,68,59,134,127,209,44.557698054,-79.962802501,2.95093,NA,NA,NA,30.3336
677,6.17174,92,159,"2026-08-29_CPANS",1.97589409207666,307,47,100,98.5,38,34.5,315,330,203,229,68,55,132,121,209.4,44.557734935,-79.962709211,3.21743,NA,NA,NA,30.366
678,6.18014,91,159,"2026-08-29_CPANS",1.98035487959442,298,48,83,100,24.5,34.5,335,332,201,219,60,52,121,118,209.6,44.557772318,-79.962616339,3.2472,NA,NA,NA,30.2976
679,6.18864,92,159,"2026-08-29_CPANS",1.98035487959442,291,49,81,82.5,24,25.5,339,332,200,219,59,52,121,118,209.8,44.557811043,-79.962524809,3.26972,NA,NA,NA,30.2976
680,6.19714,92,159,"2026-08-29_CPANS",1.96286263887253,274,42,81,83.5,25.5,27,339,335,200,211,59,53,121,115,210,44.557851443,-79.962433362,3.28763,NA,NA,NA,30.5676
681,6.20574,93,159,"2026-08-29_CPANS",1.95641115936925,339,48,93.5,88,31.5,28,333,335,205,224,68,53,134,117,210,44.557891425,-79.962340659,3.06035,NA,NA,NA,30.6684
682,6.21434,93,159,"2026-08-29_CPANS",1.95641115936925,283,47,81,83,26,26,326,333,205,226,66,56,134,121,209.8,44.557932161,-79.962248877,2.37836,NA,NA,NA,30.6684
683,6.22304,93,159,"2026-08-29_CPANS",1.94567670635847,252,47,81,83,26,26,330,333,204,226,65,56,131,121,209.8,44.557972143,-79.962155335,1.90777,NA,NA,NA,30.8376
684,6.23164,94,159,"2026-08-29_CPANS",1.91438854429895,273,51,77,78.5,26,24.5,336,336,203,205,65,60,131,122,209.8,44.558011202,-79.962060787,1.43158,NA,NA,NA,31.3416
685,6.24054,95,159,"2026-08-29_CPANS",1.89415463878471,361,47,79.5,73,25.5,22,336,339,203,203,65,60,131,122,209.8,44.558051016,-79.961963641,1.19062,NA,NA,NA,31.6764
686,6.24964,96,159,"2026-08-29_CPANS",1.87624301099478,272,43,85.5,98,27.5,30.5,330,330,203,203,63,62,127,124,209.6,44.558090998,-79.961865908,0.726933,NA,NA,NA,31.9788
687,6.25834,97,159,"2026-08-29_CPANS",1.88622302701071,278,47,77.5,76,25,23,330,307,203,203,63,62,127,125,209.6,44.558129974,-79.96177027,0.256345,NA,NA,NA,31.8096
688,6.26724,97,159,"2026-08-29_CPANS",1.86448894358056,327,47,86.5,74.5,29,23.5,330,319,203,226,63,62,129,127,209.8,44.558169201,-79.961672705,0.242969,NA,NA,NA,32.1804
689,6.27604,98,159,"2026-08-29_CPANS",1.84918081289989,252,48,84,81.5,28,26,330,319,203,226,63,62,129,127,209.6,44.558209267,-79.961575558,-0.219598,NA,NA,NA,32.4468
690,6.28504,97,159,"2026-08-29_CPANS",1.87034751056746,272,48,84,81.5,28,26,319,319,204,226,63,62,128,127,209.8,44.558250673,-79.961479334,-0.23267,NA,NA,NA,32.0796
691,6.29374,96,159,"2026-08-29_CPANS",1.91043863671099,256,48,78,96,26.5,30.5,323,325,201,224,60,62,125,127,210,44.558291326,-79.961384954,0,NA,NA,NA,31.4064
692,6.30254,95,159,"2026-08-29_CPANS",1.91857564943786,316,52,80.5,70,26,20,323,328,201,205,60,60,125,125,210,44.558332481,-79.961291496,0.229773,NA,NA,NA,31.2732
693,6.31114,95,159,"2026-08-29_CPANS",1.92278111059837,296,48,81,70,26,20,329,335,201,200,60,56,125,120,210.2,44.55837154,-79.961197032,0.462332,NA,NA,NA,31.2048
694,6.31984,94,159,"2026-08-29_CPANS",1.92056541445802,272,49,81,70,26,20,335,338,200,198,62,55,125,120,210.4,44.558411019,-79.961101729,0.692217,NA,NA,NA,31.2408
695,6.32864,94,159,"2026-08-29_CPANS",1.92678227360308,212,50,75.5,75,24,21,342,339,201,198,66,55,129,118,210.6,44.558452007,-79.961007014,0.919489,NA,NA,NA,31.14
696,6.33764,96,159,"2026-08-29_CPANS",1.89221919467151,240,56,76.5,73,26,21,343,339,201,197,65,56,129,120,210.6,44.558491737,-79.960910203,1.13927,NA,NA,NA,31.7088
697,6.34654,98,159,"2026-08-29_CPANS",1.85288123031314,256,48,82,62.5,27.5,18,342,335,201,197,63,56,128,120,210.6,44.558533144,-79.960814314,1.13927,NA,NA,NA,32.382
698,6.35554,99,159,"2026-08-29_CPANS",1.79694519317161,235,50,73.5,85,25,26,339,335,203,197,60,56,125,120,210.4,44.558576059,-79.960716329,0.692328,NA,NA,NA,33.39
699,6.36484,101,159,"2026-08-29_CPANS",1.80238635954003,233,50,73.5,85,25,26,339,315,203,198,60,55,125,120,210.2,44.558619729,-79.960616417,0.704547,NA,NA,NA,33.2892
700,6.37394,101,159,"2026-08-29_CPANS",1.81159420289855,193,51,75,85,27.5,26,336,307,201,200,60,58,129,124,210,44.55866147,-79.960516505,0.262545,NA,NA,NA,33.12
701,6.38344,100,159,"2026-08-29_CPANS",1.82448458310527,259,49,79.5,72.5,28,21.5,336,328,201,198,60,58,129,122,210.2,44.558703715,-79.960414413,0.243186,NA,NA,NA,32.886
702,6.39264,100,160,"2026-08-29_CPANS",1.83009406683504,284,48,81,75,30,22.5,336,329,203,204,62,59,129,124,210.4,44.558745876,-79.960314669,0.460577,NA,NA,NA,32.7852
703,6.40174,99,160,"2026-08-29_CPANS",1.8607420639351,257,52,84.5,87,28,27.5,326,321,201,204,66,59,135,125,210.4,44.558786696,-79.960216098,0.228019,NA,NA,NA,32.2452
704,6.41094,99,160,"2026-08-29_CPANS",1.81890938193459,290,50,84,69.5,29,20,322,322,203,203,63,60,131,127,210.6,44.55882936,-79.960115347,0.215525,NA,NA,NA,32.9868
705,6.42014,99,160,"2026-08-29_CPANS",1.83009406683504,285,57,92,69.5,33,20,319,322,201,203,62,60,128,127,210.6,44.558872946,-79.960017111,-0.0117473,NA,NA,NA,32.7852
706,6.42914,99,160,"2026-08-29_CPANS",1.85494342422556,320,50,92,69.5,33,20,315,333,204,200,66,60,134,125,210.6,44.558916783,-79.959921977,-0.0117473,NA,NA,NA,32.346
707,6.43814,98,160,"2026-08-29_CPANS",1.86657707096726,329,50,89.5,93,30,29,304,336,207,215,66,62,134,127,211,44.558959866,-79.959825082,0.432697,NA,NA,NA,32.1444
708,6.44714,96,160,"2026-08-29_CPANS",1.89825360668185,303,54,89,98,31,30,304,322,207,217,66,65,134,129,211.2,44.55899968,-79.959726259,0.877142,NA,NA,NA,31.608
709,6.45614,94,160,"2026-08-29_CPANS",1.93303951132761,321,42,84.5,98,30.5,30,297,311,203,225,66,63,135,127,211.6,44.559040081,-79.95963037,1.53664,NA,NA,NA,31.0392
710,6.46454,93,160,"2026-08-29_CPANS",1.96935680806649,329,52,91.5,98,29,30,304,318,203,225,66,63,131,127,211.8,44.559080398,-79.959540348,1.99452,NA,NA,NA,30.4668
711,6.47304,92,159,"2026-08-29_CPANS",1.97589409207666,346,53,99,91.5,34.5,29,305,328,203,238,66,63,131,125,212.4,44.559121302,-79.959449405,2.48987,NA,NA,NA,30.366
712,6.48134,91,159,"2026-08-29_CPANS",2.02069188490139,305,56,99.5,91.5,34.5,29,280,328,211,238,66,63,134,125,212.6,44.559159942,-79.959359635,2.51344,NA,NA,NA,29.6928
713,6.48974,91,160,"2026-08-29_CPANS",2.01385532463348,304,49,99.5,91.5,34.5,29,269,329,211,248,68,68,136,132,212.8,44.559201097,-79.959271457,2.75154,NA,NA,NA,29.7936
714,6.49804,91,159,"2026-08-29_CPANS",2.00248307901798,302,49,90.5,96,29.5,35,288,329,208,225,69,66,134,131,213,44.559239738,-79.959181184,2.77511,NA,NA,NA,29.9628
715,6.50654,92,159,"2026-08-29_CPANS",1.97145335541361,290,54,90,96,29,35,322,330,205,214,69,65,132,127,213.2,44.559280474,-79.959089654,3.01041,NA,NA,NA,30.4344
716,6.51524,92,159,"2026-08-29_CPANS",1.98909973346064,238,51,83,97,27.5,30,322,330,205,214,69,65,132,127,213.2,44.559320204,-79.95899762,3.01041,NA,NA,NA,30.1644
717,6.52374,93,159,"2026-08-29_CPANS",1.96078431372549,282,52,82,78,29,24,330,314,201,200,63,60,125,121,213.4,44.559360437,-79.958905838,2.80126,NA,NA,NA,30.6
718,6.53244,93,159,"2026-08-29_CPANS",1.93528409970584,231,46,82.5,74,26.5,21,338,330,200,200,62,56,124,118,213.6,44.55940176,-79.958812883,2.80892,NA,NA,NA,31.0032
719,6.54144,94,160,"2026-08-29_CPANS",1.89007333484539,231,59,84.5,89.5,30.5,27.5,342,326,201,200,62,59,124,122,213.8,44.559441323,-79.958715485,2.5867,NA,NA,NA,31.7448
720,6.55014,96,160,"2026-08-29_CPANS",1.88217579521927,299,42,79,69.5,27.5,22.5,343,326,201,200,63,59,127,122,213.6,44.55947946,-79.958618758,2.11872,NA,NA,NA,31.878
721,6.55894,96,160,"2026-08-29_CPANS",1.88622302701071,256,42,79,69.5,27.5,22.5,342,326,203,197,62,59,127,121,213.6,44.559519107,-79.958522031,1.41283,NA,NA,NA,31.8096
722,6.56804,97,160,"2026-08-29_CPANS",1.88026474127557,269,58,99,70.5,38,22,315,319,208,198,62,58,131,121,213.4,44.559561854,-79.958425891,0.952089,NA,NA,NA,31.9104
723,6.57694,97,160,"2026-08-29_CPANS",1.86657707096726,216,47,78.5,99.5,25.5,36,315,319,208,198,62,58,131,121,213.2,44.559602591,-79.958330002,0.489275,NA,NA,NA,32.1444
724,6.58564,97,160,"2026-08-29_CPANS",1.86657707096726,287,49,78.5,99.5,25.5,36,319,326,205,204,68,56,136,120,213.2,44.559645087,-79.958235621,0.248311,NA,NA,NA,32.1444
725,6.59464,97,160,"2026-08-29_CPANS",1.88622302701071,259,44,82,74,29.5,22,319,328,205,240,68,53,136,122,213.4,44.559687332,-79.958140068,0.235239,NA,NA,NA,31.8096
726,6.60374,97,160,"2026-08-29_CPANS",1.88622302701071,267,51,80,99.5,26.5,39,325,325,200,224,63,52,131,121,213.6,44.559727732,-79.958042838,0.455019,NA,NA,NA,31.8096
727,6.61234,97,160,"2026-08-29_CPANS",1.87835756414591,301,51,80,80.5,26,26.5,338,325,200,224,62,52,127,121,213.8,44.559767379,-79.957947703,0.452283,NA,NA,NA,31.9428
728,6.62134,97,160,"2026-08-29_CPANS",1.87034751056746,301,51,80,80.5,26,26.5,333,328,200,212,62,53,127,120,214,44.559808199,-79.957850389,0.444621,NA,NA,NA,32.0796
729,6.63024,97,160,"2026-08-29_CPANS",1.86261361943079,305,51,86,73.5,27,23.5,325,338,204,203,66,56,131,121,214.2,44.559849605,-79.957754919,0.447118,NA,NA,NA,32.2128
730,6.63904,97,160,"2026-08-29_CPANS",1.88026474127557,266,48,88,94,32.5,31.5,325,336,204,204,66,56,131,121,214.2,44.559889755,-79.957658946,0.677003,NA,NA,NA,31.9104
731,6.64784,96,161,"2026-08-29_CPANS",1.88622302701071,311,58,91,94,31,31.5,321,332,204,205,68,59,132,122,214.2,44.559930407,-79.957562806,0.677003,NA,NA,NA,31.8096
732,6.65694,96,162,"2026-08-29_CPANS",1.88026474127557,308,45,83,78,26.5,28,311,323,205,208,68,62,132,127,214.2,44.559971897,-79.957465576,0.896783,NA,NA,NA,31.9104
733,6.66574,95,162,"2026-08-29_CPANS",1.89221919467151,291,50,84.5,97,28.5,30.5,318,323,200,208,62,60,127,124,214.4,44.560013974,-79.957371866,1.34877,NA,NA,NA,31.7088
734,6.67424,95,162,"2026-08-29_CPANS",1.92056541445802,340,50,89,80.5,30,26,323,332,200,205,63,59,128,124,214.2,44.560054375,-79.95727866,1.11348,NA,NA,NA,31.2408
735,6.68314,94,162,"2026-08-29_CPANS",1.92056541445802,347,50,89,80.5,30,26,322,332,203,205,63,59,128,124,214.6,44.560094944,-79.957183106,1.3407,NA,NA,NA,31.2408
736,6.69184,94,162,"2026-08-29_CPANS",1.95205746857187,355,50,89,80.5,30,26,322,332,204,205,62,59,128,124,214.6,44.560133081,-79.957088977,1.12092,NA,NA,NA,30.7368
737,6.70024,94,162,"2026-08-29_CPANS",1.96078431372549,310,50,0,0,0,0,322,330,204,229,62,62,128,124,214.6,44.560173901,-79.956998704,0.888358,NA,NA,NA,30.6
738,6.70874,93,162,"2026-08-29_CPANS",1.95641115936925,310,50,0,0,0,0,322,330,204,229,62,62,128,124,214.8,44.560213799,-79.956906,0.90143,NA,NA,NA,30.6684
739,6.71754,92,162,"2026-08-29_CPANS",1.95848021934978,302,53,91,85.5,29,28.5,322,330,204,229,62,62,128,124,215.2,44.560252775,-79.95681229,1.13126,NA,NA,NA,30.636
740,6.72604,92,162,"2026-08-29_CPANS",1.95434646654159,302,51,89,82,29.5,26,322,332,204,214,62,60,128,122,215.2,44.560290996,-79.956720592,1.13126,NA,NA,NA,30.7008
741,6.73434,93,162,"2026-08-29_CPANS",1.94567670635847,320,43,82.5,84.5,25,26,321,332,201,226,68,60,132,121,215.4,44.560329469,-79.956629984,1.37222,NA,NA,NA,30.8376
742,6.74274,93,162,"2026-08-29_CPANS",1.93933752230238,281,48,87,76.5,30,25,328,330,200,229,65,60,131,122,215.6,44.560369199,-79.95653837,1.61032,NA,NA,NA,30.9384
743,6.75144,93,162,"2026-08-29_CPANS",1.94159676918298,329,45,87,76.5,27.5,25,328,330,201,229,65,60,132,122,215.8,44.560409433,-79.956444493,1.61293,NA,NA,NA,30.9024
744,6.76014,93,162,"2026-08-29_CPANS",1.96078431372549,282,45,87,76.5,27.5,25,326,330,200,229,63,60,128,122,215.8,44.560449582,-79.956351537,1.84822,NA,NA,NA,30.6
745,6.76854,93,162,"2026-08-29_CPANS",1.95205746857187,315,50,81,99.5,25.5,31,330,333,201,214,62,62,127,124,216,44.560489396,-79.956260342,1.63688,NA,NA,NA,30.7368
746,6.77714,93,162,"2026-08-29_CPANS",1.95000195000195,305,51,84.5,81.5,26.5,25.5,330,333,201,204,62,59,127,121,216.2,44.560529294,-79.956166968,1.86944,NA,NA,NA,30.7692
747,6.78594,94,162,"2026-08-29_CPANS",1.94159676918298,298,53,81.5,81.5,25.5,24.5,335,333,201,204,63,59,127,121,216.6,44.560568018,-79.956072504,2.32398,NA,NA,NA,30.9024
748,6.79464,94,162,"2026-08-29_CPANS",1.91659000306654,304,48,82,85,25,25,335,335,203,203,66,59,128,121,216.6,44.560607581,-79.955978207,2.08869,NA,NA,NA,31.3056
749,6.80334,95,162,"2026-08-29_CPANS",1.92056541445802,309,48,89,98,29.5,31.5,333,326,203,203,66,58,129,120,216.6,44.560647227,-79.955884414,1.63414,NA,NA,NA,31.2408
750,6.81184,95,162,"2026-08-29_CPANS",1.91438854429895,306,49,86.5,98,29,31.5,325,326,207,203,68,58,132,120,216.6,44.560687628,-79.955791878,1.63414,NA,NA,NA,31.3416
751,6.82034,94,162,"2026-08-29_CPANS",1.93933752230238,306,49,86.5,98,29,31.5,316,309,205,204,68,56,132,120,216.4,44.560728783,-79.95569976,1.15789,NA,NA,NA,30.9384
752,6.82914,93,162,"2026-08-29_CPANS",1.97145335541361,305,53,83,87,24.5,26.5,326,284,203,204,63,53,128,117,216.4,44.560768513,-79.955606973,0.91979,NA,NA,NA,30.4344
753,6.83754,93,162,"2026-08-29_CPANS",1.95434646654159,300,50,85,78.5,28.5,24,326,290,203,203,63,53,128,117,216.4,44.560806735,-79.955513431,0.689905,NA,NA,NA,30.7008
754,6.84624,93,162,"2026-08-29_CPANS",1.96935680806649,264,46,82,85.5,25.5,25.5,329,308,203,208,63,55,128,118,216.8,44.560845627,-79.95541947,1.14967,NA,NA,NA,30.4668
755,6.85484,93,162,"2026-08-29_CPANS",1.93933752230238,260,50,88,80.5,30.5,24.5,329,329,203,225,63,58,128,120,217,44.560885525,-79.955326263,1.14414,NA,NA,NA,30.9384
756,6.86354,94,162,"2026-08-29_CPANS",1.93102382883405,281,48,79.5,76.5,25.5,23.5,318,329,198,225,60,58,127,120,217.2,44.560925925,-79.95523205,1.14146,NA,NA,NA,31.0716
757,6.87234,94,162,"2026-08-29_CPANS",1.91043863671099,243,56,74.5,84,22,24,318,333,198,218,60,59,127,121,217.2,44.560966326,-79.955136497,0.686919,NA,NA,NA,31.4064
758,6.88124,95,162,"2026-08-29_CPANS",1.9043266301036,224,56,74.5,84,22,24,335,338,200,201,59,55,124,118,217.4,44.561006559,-79.955040775,0.911638,NA,NA,NA,31.5072
759,6.89004,96,162,"2026-08-29_CPANS",1.89825360668185,248,48,74,64,24,20,338,338,200,200,62,56,127,120,217.4,44.561047631,-79.95494606,0.911638,NA,NA,NA,31.608
760,6.89884,97,162,"2026-08-29_CPANS",1.86448894358056,255,49,74,83.5,24,24.5,338,328,200,198,62,59,127,120,217.8,44.561091468,-79.954851931,1.36618,NA,NA,NA,32.1804
761,6.90804,98,162,"2026-08-29_CPANS",1.83776234057412,224,49,77,78.5,25.5,23.5,339,329,201,197,68,59,132,121,218,44.561134048,-79.954753527,1.81887,NA,NA,NA,32.6484
762,6.91724,98,162,"2026-08-29_CPANS",1.83392018779343,205,48,71,78.5,23.5,23.5,340,329,201,198,68,59,132,122,218.2,44.561177131,-79.954654705,2.03626,NA,NA,NA,32.7168
763,6.92644,99,162,"2026-08-29_CPANS",1.83958793230316,205,49,73.5,69,24,19.5,345,335,201,197,68,58,134,124,218.4,44.561218957,-79.954555379,2.25365,NA,NA,NA,32.616
764,6.93554,99,162,"2026-08-29_CPANS",1.83392018779343,250,47,74.5,63.5,24,18,343,336,203,197,68,56,134,122,218.4,44.561260196,-79.954456305,1.79388,NA,NA,NA,32.7168
765,6.94474,99,162,"2026-08-29_CPANS",1.82648401826484,258,44,81,78.5,26.5,22.5,343,336,203,197,68,56,134,122,218.4,44.561302441,-79.954356393,1.56132,NA,NA,NA,32.85
766,6.95394,99,162,"2026-08-29_CPANS",1.83776234057412,263,44,81,78.5,26.5,22.5,338,332,204,204,65,56,131,121,218.4,44.5613472,-79.954259414,1.33144,NA,NA,NA,32.6484
767,6.96304,99,162,"2026-08-29_CPANS",1.8321058224323,271,54,77.5,93.5,27,29,312,328,208,224,60,58,129,124,218,44.56139087,-79.954161765,0.891878,NA,NA,NA,32.7492
768,6.97224,99,162,"2026-08-29_CPANS",1.82448458310527,251,47,77.5,93.5,27,29,316,326,205,217,59,59,128,125,218,44.561435545,-79.954065541,0.667159,NA,NA,NA,32.886
769,6.98134,99,162,"2026-08-29_CPANS",1.83009406683504,289,47,77.5,93.5,27,29,328,333,203,207,59,59,125,125,218,44.561477538,-79.953967892,0.667159,NA,NA,NA,32.7852
770,6.99034,99,162,"2026-08-29_CPANS",1.8321058224323,275,47,78.5,83,25.5,25.5,330,333,203,204,59,55,125,121,217.8,44.561518023,-79.953868985,0,NA,NA,NA,32.7492
771,6.99954,99,163,"2026-08-29_CPANS",1.80982372316936,276,44,84.5,77,30,23.5,330,333,203,204,59,55,124,121,217.6,44.561561357,-79.953769911,-0.444391,NA,NA,NA,33.1524
772,7.00874,99,163,"2026-08-29_CPANS",1.81712458206135,262,56,87,95,30.5,28,330,335,203,204,59,55,124,121,217.8,44.561603016,-79.953670669,-0.444391,NA,NA,NA,33.0192
773,7.01784,100,163,"2026-08-29_CPANS",1.82828726049437,266,52,80,96.5,27.5,31,325,333,204,204,62,56,128,121,218,44.561643752,-79.953572014,-0.442002,NA,NA,NA,32.8176
774,7.02694,99,162,"2026-08-29_CPANS",1.82089660949051,323,52,80,96.5,27.5,31,325,332,205,207,65,58,131,124,217.8,44.56168541,-79.953472186,-0.661783,NA,NA,NA,32.9508
775,7.03614,99,162,"2026-08-29_CPANS",1.82828726049437,313,44,82,73.5,28,21.5,330,332,204,207,66,58,131,124,218,44.561727571,-79.953372441,-0.444391,NA,NA,NA,32.8176
776,7.04534,99,162,"2026-08-29_CPANS",1.85494342422556,250,43,83.5,73.5,32,21.5,322,326,207,210,65,63,131,128,218.2,44.561768726,-79.953273367,-0.227,NA,NA,NA,32.346
777,7.05424,98,162,"2026-08-29_CPANS",1.85680332739156,233,50,77,97.5,28,32.5,314,326,203,210,66,63,131,128,218.4,44.561809881,-79.953177143,0.437279,NA,NA,NA,32.3136
778,7.06314,97,162,"2026-08-29_CPANS",1.85102917221975,259,41,75.5,73,26.5,22,314,328,203,221,66,66,131,129,218.6,44.561849527,-79.953078656,0.661999,NA,NA,NA,32.4144
779,7.07204,98,162,"2026-08-29_CPANS",1.85866696405338,259,52,82.5,90.5,28.5,27.5,328,333,201,208,63,62,128,127,218.8,44.56189085,-79.952981593,0.886718,NA,NA,NA,32.2812
780,7.08124,98,162,"2026-08-29_CPANS",1.84141715464221,270,52,82.5,90.5,28.5,27.5,338,328,204,203,65,59,129,124,218.8,44.561934268,-79.952883357,1.10894,NA,NA,NA,32.5836
781,7.09054,99,162,"2026-08-29_CPANS",1.81712458206135,261,51,94.5,75.5,33.5,24,333,330,205,201,66,56,131,121,218.8,44.561977854,-79.952783193,1.32633,NA,NA,NA,33.0192
782,7.09974,99,162,"2026-08-29_CPANS",1.82448458310527,240,51,77.5,96.5,27.5,32.5,325,330,205,203,63,58,129,122,218.6,44.562021775,-79.952684706,0.891549,NA,NA,NA,32.886
783,7.10884,99,162,"2026-08-29_CPANS",1.8321058224323,293,48,97,74,36.5,23.5,325,328,205,207,63,58,132,122,218.4,44.56206335,-79.952585548,0.451988,NA,NA,NA,32.7492
784,7.11814,99,162,"2026-08-29_CPANS",1.83776234057412,201,40,73.5,74,27,23.5,316,329,203,224,62,56,132,122,218.4,44.562106349,-79.952486642,0.671768,NA,NA,NA,32.6484
785,7.12714,98,162,"2026-08-29_CPANS",1.85288123031314,248,42,80,74,28.5,23.5,316,329,203,224,62,56,132,122,218.6,44.56214851,-79.952389412,0.676599,NA,NA,NA,32.382
786,7.13614,97,162,"2026-08-29_CPANS",1.88430374976446,202,53,74,74,25.5,23.5,316,333,203,211,62,58,132,124,218.6,44.562188994,-79.952291176,0.459208,NA,NA,NA,31.842
787,7.14514,96,162,"2026-08-29_CPANS",1.90825127852836,246,53,74,74,25.5,23.5,330,330,200,205,62,58,132,122,218.8,44.562229898,-79.952195957,0.456711,NA,NA,NA,31.4424
788,7.15364,95,162,"2026-08-29_CPANS",1.90215323746481,275,53,80,67.5,26,21,336,333,197,200,60,56,125,121,218.8,44.562272059,-79.952104595,0.231992,NA,NA,NA,31.5432
789,7.16234,95,162,"2026-08-29_CPANS",1.9043266301036,301,50,81,76,28.5,23.5,336,338,197,200,60,58,125,122,218.6,44.562311873,-79.952010466,-0.222612,NA,NA,NA,31.5072
790,7.17094,95,162,"2026-08-29_CPANS",1.90825127852836,276,56,85,79,28,25.5,333,335,201,203,65,59,128,122,218.6,44.562351184,-79.951914912,-0.222612,NA,NA,NA,31.4424
791,7.17994,95,162,"2026-08-29_CPANS",1.92278111059837,313,51,84.5,77,29.5,25,333,333,201,203,65,59,128,122,218.8,44.562390747,-79.951817431,0,NA,NA,NA,31.2048
792,7.18864,94,162,"2026-08-29_CPANS",1.94363459669582,302,53,86.5,97,29,31.5,329,314,203,204,66,59,129,122,219,44.562431315,-79.951724894,0.446886,NA,NA,NA,30.87
793,7.19714,93,162,"2026-08-29_CPANS",1.96726471514007,334,47,86.5,83.5,27.5,27.5,315,314,205,204,70,59,136,122,219.2,44.562471632,-79.951633196,0.901961,NA,NA,NA,30.4992
794,7.20554,92,162,"2026-08-29_CPANS",2.00465078983241,320,53,86.5,83.5,27.5,27.5,315,315,205,221,70,58,136,120,219.8,44.562509518,-79.951543594,1.61625,NA,NA,NA,29.9304
795,7.21364,91,162,"2026-08-29_CPANS",2.00706486833654,344,53,87,81,27.5,24.5,322,323,201,219,65,59,128,121,220.2,44.562548159,-79.951454494,1.88785,NA,NA,NA,29.8944
796,7.22204,97,162,"2026-08-29_CPANS",2.02979742621686,286,44,90.5,81,27,24.5,333,323,203,219,63,59,125,121,220.6,44.562584536,-79.95136288,2.36404,NA,NA,NA,29.5596
797,7.23034,99,162,"2026-08-29_CPANS",2.02511138112596,375,49,90,45.5,30,10,330,336,204,212,62,73,125,139,221,44.562621668,-79.951272607,2.62375,NA,NA,NA,29.628
798,7.23874,99,162,"2026-08-29_CPANS",2.02757502027575,336,46,85,94.5,27,29.5,325,333,207,211,63,68,129,135,221.2,44.56266056,-79.951183759,2.86184,NA,NA,NA,29.592
799,7.24684,100,162,"2026-08-29_CPANS",2.00032005120819,306,44,87,86.5,28.5,26.5,316,321,204,226,63,60,131,127,221.2,44.562698195,-79.951094491,3.09173,NA,NA,NA,29.9952
800,7.25494,100,162,"2026-08-29_CPANS",2.02511138112596,244,54,77,84,25,27,322,321,203,226,63,60,131,127,221.2,44.562735746,-79.951006565,3.09173,NA,NA,NA,29.628
801,7.26334,100,162,"2026-08-29_CPANS",2.01385532463348,275,54,80.5,73,31,21.5,322,322,203,218,63,60,131,127,221,44.562775057,-79.950917298,2.63141,NA,NA,NA,29.7936
802,7.27174,100,162,"2026-08-29_CPANS",1.98247492169224,272,48,75.5,73,25,21.5,332,332,201,204,63,59,131,125,221,44.562814033,-79.95082627,2.40153,NA,NA,NA,30.2652
803,7.28024,101,162,"2026-08-29_CPANS",1.97589409207666,272,47,75.5,73,25,21.5,330,325,203,204,63,56,134,122,220.8,44.562852338,-79.950733986,1.93094,NA,NA,NA,30.366
804,7.28884,102,162,"2026-08-29_CPANS",1.94795075580489,261,47,71.5,92.5,23,28,332,328,200,204,59,56,127,122,221,44.562891398,-79.950641366,1.44921,NA,NA,NA,30.8016
805,7.29714,94,161,"2026-08-29_CPANS",1.94567670635847,222,66,85.5,68.5,28,23.5,335,328,201,204,59,56,127,122,220.8,44.562930793,-79.950550506,0.714418,NA,NA,NA,30.8376
806,7.30584,94,161,"2026-08-29_CPANS",1.91659000306654,307,45,87,78,27.5,25,312,328,205,204,66,56,131,122,220.8,44.562972199,-79.950456964,0.238228,NA,NA,NA,31.3056
807,7.31474,94,161,"2026-08-29_CPANS",1.92056541445802,257,50,81.5,78,28,25,312,332,205,205,66,59,131,121,220.6,44.563011343,-79.950361745,-0.468419,NA,NA,NA,31.2408
808,7.32334,94,161,"2026-08-29_CPANS",1.92477961273434,279,48,77.5,91,25,28,314,325,204,224,66,56,131,121,220.6,44.563049145,-79.950267198,-0.706514,NA,NA,NA,31.1724
809,7.33184,94,161,"2026-08-29_CPANS",1.93528409970584,284,54,84.5,78.5,27.5,23,329,325,201,224,66,56,129,121,220.6,44.563087283,-79.950172314,-0.706514,NA,NA,NA,31.0032
810,7.34064,94,161,"2026-08-29_CPANS",1.94363459669582,294,51,84.5,78.5,27.5,23,325,336,201,203,66,60,129,122,220.8,44.56312584,-79.950076593,-0.479241,NA,NA,NA,30.87
811,7.34944,94,161,"2026-08-29_CPANS",1.92278111059837,338,51,87.5,77.5,29,23,323,338,201,204,66,59,129,122,221,44.563166157,-79.949981542,-0.0138735,NA,NA,NA,31.2048
812,7.35804,94,161,"2026-08-29_CPANS",1.92278111059837,292,54,98.5,84,33,26,323,333,201,212,66,63,129,125,221.2,44.563206055,-79.949888755,0.218685,NA,NA,NA,31.2048
813,7.36684,95,161,"2026-08-29_CPANS",1.89221919467151,287,45,83.5,98.5,27.5,32.5,322,333,203,212,65,63,129,125,221.4,44.563248718,-79.949795715,0.681252,NA,NA,NA,31.7088
814,7.37544,95,161,"2026-08-29_CPANS",1.8960940462647,276,52,78.5,86,24.5,27.5,329,322,200,240,62,69,127,134,221.6,44.563289119,-79.949702006,0.681252,NA,NA,NA,31.644
815,7.38424,95,161,"2026-08-29_CPANS",1.90215323746481,280,46,77.5,75,24.5,22,329,323,200,222,62,65,127,128,221.6,44.563329771,-79.949605614,0.922215,NA,NA,NA,31.5432
816,7.39324,96,161,"2026-08-29_CPANS",1.90020142135066,260,54,80,77.5,25.5,23,338,329,201,204,65,58,129,121,221.6,44.563371513,-79.949509138,0.922215,NA,NA,NA,31.5756
817,7.40224,96,161,"2026-08-29_CPANS",1.88622302701071,277,51,87,77,29,22.5,340,325,201,200,65,56,128,120,221.4,44.56341183,-79.949411489,0.924712,NA,NA,NA,31.8096
818,7.41124,96,161,"2026-08-29_CPANS",1.86846038863976,278,51,87,77,29,22.5,339,335,201,201,63,59,128,122,221.4,44.563451393,-79.949313672,0.924712,NA,NA,NA,32.112
819,7.42004,96,161,"2026-08-29_CPANS",1.88814621804313,262,49,83,92.5,29,28.5,330,316,203,205,65,65,132,128,221.2,44.563491794,-79.949218035,0.69744,NA,NA,NA,31.7772
820,7.42884,96,161,"2026-08-29_CPANS",1.9043266301036,284,49,92.5,92.5,31.5,28.5,323,311,204,211,69,68,138,131,221.4,44.563533284,-79.949122984,0.69744,NA,NA,NA,31.5072
821,7.43774,96,161,"2026-08-29_CPANS",1.90825127852836,277,49,86.5,75,27.5,24,318,322,203,219,68,65,134,128,221.2,44.563574942,-79.949027682,0.245448,NA,NA,NA,31.4424
822,7.44664,96,161,"2026-08-29_CPANS",1.90215323746481,277,51,85,80.5,30,25,321,330,204,214,70,60,139,124,221.4,44.563615846,-79.948932379,0.237609,NA,NA,NA,31.5432
823,7.45544,95,161,"2026-08-29_CPANS",1.89007333484539,301,50,85,77,26.5,23,321,330,204,214,70,60,139,124,221.6,44.563657252,-79.948838083,0.237609,NA,NA,NA,31.7448
824,7.46414,95,161,"2026-08-29_CPANS",1.8960940462647,334,49,86,88,27,26.5,321,326,203,226,69,58,135,125,221.8,44.563697402,-79.9487432,0.234936,NA,NA,NA,31.644
825,7.47284,95,161,"2026-08-29_CPANS",1.92678227360308,335,49,86,88,27,26.5,326,330,203,211,63,58,128,122,222,44.563736545,-79.948648736,0.464821,NA,NA,NA,31.14
826,7.48154,95,161,"2026-08-29_CPANS",1.92901234567901,379,51,87.5,88,28,26.5,329,332,205,205,63,59,127,122,222.6,44.56377527,-79.948553769,1.15448,NA,NA,NA,31.104
827,7.49014,94,161,"2026-08-29_CPANS",1.94363459669582,261,47,93.5,80.5,31,25,304,326,211,229,68,62,132,125,222.8,44.563813826,-79.948459808,1.60926,NA,NA,NA,30.87
828,7.49864,93,161,"2026-08-29_CPANS",1.95434646654159,248,54,81,99.5,27,33,293,311,203,221,68,65,135,128,223.2,44.563854227,-79.94836878,2.07984,NA,NA,NA,30.7008
829,7.50734,93,161,"2026-08-29_CPANS",1.95205746857187,277,51,81.5,72.5,26.5,22.5,318,315,197,210,63,65,127,128,223.4,44.563894712,-79.948276579,2.537,NA,NA,NA,30.7368
830,7.51574,93,160,"2026-08-29_CPANS",1.93303951132761,298,52,85,75.5,26.5,22.5,328,315,197,210,62,65,125,128,223.6,44.563936202,-79.948186809,2.54782,NA,NA,NA,31.0392
831,7.52424,93,161,"2026-08-29_CPANS",1.92901234567901,245,49,80.5,80.5,26.5,23,328,333,197,201,62,62,125,122,223.6,44.563977022,-79.948094189,2.77254,NA,NA,NA,31.104
832,7.53314,94,160,"2026-08-29_CPANS",1.92278111059837,236,49,80.5,80.5,26.5,23,335,333,197,201,62,62,124,122,223.4,44.564018093,-79.947998803,2.32311,NA,NA,NA,31.2048
833,7.54204,94,160,"2026-08-29_CPANS",1.92477961273434,250,57,83,73,26.5,21.5,335,340,198,203,62,59,124,121,223.4,44.564058829,-79.947903333,2.09583,NA,NA,NA,31.1724
834,7.55084,95,160,"2026-08-29_CPANS",1.91857564943786,256,46,76.5,74.5,27,23.5,335,336,198,198,62,58,124,120,223.2,44.56409923,-79.947808366,1.63868,NA,NA,NA,31.2732
835,7.55954,95,160,"2026-08-29_CPANS",1.91659000306654,263,48,79.5,73.5,26,22.5,338,328,198,197,62,58,125,120,223.2,44.564140301,-79.947715327,1.40879,NA,NA,NA,31.3056
836,7.56814,95,160,"2026-08-29_CPANS",1.91043863671099,257,51,79.5,78,27,23.5,338,328,198,197,62,58,125,120,223.2,44.564179529,-79.94762212,0.719135,NA,NA,NA,31.4064
837,7.57694,95,160,"2026-08-29_CPANS",1.88430374976446,335,45,79.5,78,27,23.5,338,328,198,197,62,58,125,120,223.4,44.564220852,-79.947527572,0.713849,NA,NA,NA,31.842
838,7.58584,96,160,"2026-08-29_CPANS",1.88622302701071,313,42,79.5,78,27,23.5,338,328,198,197,62,58,125,120,223.4,44.564260917,-79.947430594,0.243261,NA,NA,NA,31.8096
839,7.59464,96,160,"2026-08-29_CPANS",1.92901234567901,265,56,0,0,0,0,338,328,198,197,62,58,125,120,223.8,44.56429939,-79.947334789,0.467922,NA,NA,NA,31.104
840,7.60324,95,160,"2026-08-29_CPANS",1.93102382883405,248,55,84,65.5,27,21.5,332,328,200,197,62,58,129,120,224,44.564338701,-79.947242169,0.462384,NA,NA,NA,31.0716
841,7.61174,95,160,"2026-08-29_CPANS",1.90628693430935,347,55,84,65.5,27,21.5,333,0,197,0,62,0,125,0,224.2,44.564381114,-79.94715089,0.697679,NA,NA,NA,31.4748
842,7.62054,95,160,"2026-08-29_CPANS",1.89221919467151,360,52,93.5,78.5,30.5,21.5,316,333,198,207,63,59,127,122,224.2,44.564424113,-79.947058354,0.922398,NA,NA,NA,31.7088
843,7.62924,96,160,"2026-08-29_CPANS",1.87835756414591,283,48,81,84,28,27,319,333,200,204,63,60,127,124,224,44.564466525,-79.946964979,0.692513,NA,NA,NA,31.9428
844,7.63784,95,160,"2026-08-29_CPANS",1.91659000306654,301,51,87,84,29.5,27,319,333,200,204,63,60,127,124,224,44.564506004,-79.946871353,0.919785,NA,NA,NA,31.3056
845,7.64654,95,160,"2026-08-29_CPANS",1.93528409970584,339,56,97,85,34,27,319,333,200,218,63,59,127,124,223.8,44.564548081,-79.946778314,0.6899,NA,NA,NA,31.0032
846,7.65524,94,160,"2026-08-29_CPANS",1.95641115936925,317,53,91.5,82.5,29.5,27.5,311,326,201,224,63,62,128,125,224,44.564589069,-79.946685862,0.919785,NA,NA,NA,30.6684
847,7.66404,93,160,"2026-08-29_CPANS",1.95000195000195,317,44,83.5,97.5,30,30.5,295,325,208,231,68,62,131,125,224,44.564629134,-79.946591649,0.692513,NA,NA,NA,30.7692
848,7.67254,93,160,"2026-08-29_CPANS",1.95848021934978,271,44,83.5,97.5,30,30.5,308,325,207,231,66,62,129,125,224.4,44.564669116,-79.9464997,1.1631,NA,NA,NA,30.636
849,7.68114,92,160,"2026-08-29_CPANS",1.95000195000195,208,46,83.5,87,28.5,28,325,328,201,212,69,60,134,122,225,44.564709768,-79.946407918,1.40623,NA,NA,NA,30.7692
850,7.68974,93,160,"2026-08-29_CPANS",1.93730869076679,232,47,83.5,87,28.5,28,332,332,198,201,68,60,132,122,225.2,44.564747906,-79.946314124,1.40623,NA,NA,NA,30.9708
851,7.69844,94,160,"2026-08-29_CPANS",1.91043863671099,189,53,72.5,88.5,23.5,29,340,332,195,201,62,60,125,122,225.2,44.56478772,-79.946219325,1.17094,NA,NA,NA,31.4064
852,7.70734,96,160,"2026-08-29_CPANS",1.88430374976446,212,48,69,88.5,24,29,340,332,195,198,62,62,125,124,225,44.564829294,-79.946123771,0.946217,NA,NA,NA,31.842
853,7.71634,97,160,"2026-08-29_CPANS",1.86261361943079,214,52,73,70.5,23.5,22,342,328,197,197,60,60,122,122,224.8,44.564869695,-79.946026374,0.953879,NA,NA,NA,32.2128
854,7.72534,98,160,"2026-08-29_CPANS",1.8321058224323,224,50,72.5,71.5,24.5,21.5,345,333,197,197,60,60,125,124,224.6,44.564909844,-79.945927719,0.731657,NA,NA,NA,32.7492
855,7.73434,99,160,"2026-08-29_CPANS",1.83573815031024,230,50,72.5,71.5,24.5,21.5,345,336,197,197,60,63,125,127,224.4,44.564949993,-79.945829567,0.73932,NA,NA,NA,32.6844
856,7.74324,99,160,"2026-08-29_CPANS",1.83776234057412,273,49,73.5,72,25.5,21.5,345,339,203,197,59,58,125,122,224.4,44.564989472,-79.945731163,0.509435,NA,NA,NA,32.6484
857,7.75244,100,160,"2026-08-29_CPANS",1.80609738477099,228,45,89,97,29.5,30.5,333,330,205,198,63,56,129,121,224.2,44.56503113,-79.945629742,0.292044,NA,NA,NA,33.2208
858,7.76184,100,160,"2026-08-29_CPANS",1.80609738477099,228,44,70.5,97,22.5,30.5,332,309,203,200,60,58,127,124,224.2,44.56507304,-79.94552874,-0.178545,NA,NA,NA,33.2208
859,7.77094,100,161,"2026-08-29_CPANS",1.8321058224323,230,54,74,87,25.5,27.5,335,318,203,197,59,55,125,121,224.2,44.565115955,-79.945431175,-0.876219,NA,NA,NA,32.7492
860,7.78004,100,161,"2026-08-29_CPANS",1.80786057779224,348,50,82.5,64.5,27.5,19.5,335,318,204,197,62,55,128,121,224.2,44.56515711,-79.945330843,-1.10878,NA,NA,NA,33.1884
861,7.78934,100,161,"2026-08-29_CPANS",1.81159420289855,347,53,92,80.5,30,24,335,328,204,195,62,52,128,120,224.4,44.565198098,-79.945229255,-0.893723,NA,NA,NA,33.12
862,7.79834,98,161,"2026-08-29_CPANS",1.88026474127557,347,53,92,80.5,30,24,315,321,210,208,65,51,131,117,224.6,44.565238498,-79.945131103,-0.446782,NA,NA,NA,31.9104
863,7.80754,96,161,"2026-08-29_CPANS",1.87624301099478,276,56,94.5,93.5,32,29,284,316,204,238,63,56,131,121,224.6,44.56528133,-79.945033034,-0.22456,NA,NA,NA,31.9788
864,7.81654,98,161,"2026-08-29_CPANS",1.82448458310527,259,54,78.5,93.5,25.5,29,274,326,191,222,55,68,122,132,224.6,44.565322317,-79.944933373,0,NA,NA,NA,32.886
865,7.82574,100,161,"2026-08-29_CPANS",1.81712458206135,305,51,77.5,68.5,26,21,297,325,190,203,53,66,121,129,224.8,44.565364143,-79.944833964,0.437276,NA,NA,NA,33.0192
866,7.83484,99,160,"2026-08-29_CPANS",1.84141715464221,333,46,83,74.5,26.5,21,315,325,197,203,56,66,122,129,224.8,44.565405801,-79.944734722,0.437276,NA,NA,NA,32.5836
867,7.84424,100,160,"2026-08-29_CPANS",1.79694519317161,315,48,83,84.5,27.5,25.5,315,326,197,198,56,59,122,124,225,44.565448549,-79.944633301,0.867433,NA,NA,NA,33.39
868,7.85364,101,161,"2026-08-29_CPANS",1.80786057779224,253,52,82.5,93,27.5,29,316,326,203,198,62,59,128,124,225.4,44.565489788,-79.944531713,1.29297,NA,NA,NA,33.1884
869,7.86294,101,161,"2026-08-29_CPANS",1.7773985994099,231,52,75,69,23.5,21,307,325,203,228,63,66,132,132,225.4,44.565532703,-79.944429956,1.29297,NA,NA,NA,33.7572
870,7.87264,94,160,"2026-08-29_CPANS",1.74611489436005,216,52,75,69,23.5,21,321,330,201,211,59,63,125,131,225.4,44.565578888,-79.944327446,1.29297,NA,NA,NA,34.362
871,7.88224,93,160,"2026-08-29_CPANS",1.72407848005241,234,64,83.5,69,24.5,21,342,322,201,201,68,59,131,124,225.2,44.565624066,-79.944224432,0.869578,NA,NA,NA,34.8012
872,7.89184,94,160,"2026-08-29_CPANS",1.70433241299383,232,42,76,77,26.5,22.5,342,322,200,201,70,59,134,124,224.8,44.565669831,-79.944121418,0.230689,NA,NA,NA,35.2044
873,7.90154,95,160,"2026-08-29_CPANS",1.70765027322404,238,57,77,77,24.5,22.5,342,322,200,194,70,58,134,121,224.4,44.565713501,-79.944014885,-0.181682,NA,NA,NA,35.136
874,7.91144,96,160,"2026-08-29_CPANS",1.68827660723933,291,52,92,92.5,31.5,31,338,333,198,203,66,59,129,122,224.4,44.565760942,-79.943908937,-0.181682,NA,NA,NA,35.5392
875,7.92144,96,160,"2026-08-29_CPANS",1.68027690963471,195,52,69.5,66,21.5,20.5,338,335,198,224,66,58,129,122,224.2,44.56580654,-79.943800811,-0.599073,NA,NA,NA,35.7084
876,7.93154,97,160,"2026-08-29_CPANS",1.66783415057207,198,57,72,60.5,22.5,17.5,323,332,198,207,62,59,128,124,224,44.565851216,-79.943691594,-0.797093,NA,NA,NA,35.9748
877,7.94134,97,160,"2026-08-29_CPANS",1.65705574335521,249,57,72,60.5,22.5,17.5,333,335,190,198,55,56,120,122,224,44.565897316,-79.943585396,-1.00986,NA,NA,NA,36.2088
878,7.95134,98,160,"2026-08-29_CPANS",1.66002656042497,207,44,78,90,25.5,27,333,339,190,197,55,59,120,124,224.2,44.565947524,-79.943479281,-1.23539,NA,NA,NA,36.144
879,7.96154,98,161,"2026-08-29_CPANS",1.65705574335521,176,56,73.5,90,23,27,340,339,195,197,59,59,124,124,224.2,44.565994546,-79.943369227,-1.23539,NA,NA,NA,36.2088
880,7.97184,99,161,"2026-08-29_CPANS",1.63575097327183,246,49,65,90,20,27,340,339,195,197,59,59,124,124,224.4,44.566042658,-79.94325825,-1.04122,NA,NA,NA,36.6804
881,7.98224,99,161,"2026-08-29_CPANS",1.63719711853307,272,41,75.5,93.5,26.5,27.5,345,340,198,195,60,59,125,122,224.6,44.566091441,-79.943146687,-0.640575,NA,NA,NA,36.648
882,7.99264,99,160,"2026-08-29_CPANS",1.63430738053213,252,55,82.5,93.5,26.5,27.5,338,338,198,197,60,59,125,122,224.6,44.566138547,-79.943034705,-0.223908,NA,NA,NA,36.7128
883,8.00294,100,160,"2026-08-29_CPANS",1.623798389192,249,54,82,92,29,26.5,333,335,200,201,65,62,131,125,224.4,44.56618733,-79.942924231,0,NA,NA,NA,36.9504
884,8.01314,99,161,"2026-08-29_CPANS",1.63880694854146,244,54,82,92,29,26.5,330,336,201,203,66,62,132,127,224.4,44.566236113,-79.942816105,0,NA,NA,NA,36.612
885,8.02314,99,161,"2026-08-29_CPANS",1.6433313613357,253,51,77.5,70.5,26,21,329,333,203,201,65,60,131,127,224.2,44.566284728,-79.942708816,0,NA,NA,NA,36.5112
886,8.03344,99,161,"2026-08-29_CPANS",1.63719711853307,236,54,77.5,70.5,26,21,322,330,203,201,63,59,129,125,223.8,44.566334181,-79.942598427,-0.196042,NA,NA,NA,36.648
887,8.04374,98,160,"2026-08-29_CPANS",1.6493485073396,227,51,74.5,73.5,24,22.5,326,336,201,203,59,58,124,122,224,44.566384724,-79.942489294,0,NA,NA,NA,36.378
888,8.05404,98,160,"2026-08-29_CPANS",1.67554706611709,263,56,75,64,24.5,18.5,342,336,203,203,58,58,122,122,224.4,44.566430824,-79.942378318,0.186482,NA,NA,NA,35.8092
889,8.06404,97,160,"2026-08-29_CPANS",1.67252048837598,300,50,91,64,30,18.5,342,343,203,203,58,56,122,121,224.4,44.566478182,-79.942270275,0.186482,NA,NA,NA,35.874
890,8.07434,98,160,"2026-08-29_CPANS",1.64171263462044,315,50,89,98.5,31,35.5,342,340,204,256,59,65,125,136,224.6,44.566528389,-79.942161478,0.186482,NA,NA,NA,36.5472
891,8.08444,97,161,"2026-08-29_CPANS",1.66616681662168,249,50,89,98.5,31,35.5,332,335,204,267,63,69,128,142,224.8,44.566576083,-79.942053938,0.192195,NA,NA,NA,36.0108
892,8.09434,97,161,"2026-08-29_CPANS",1.70276529083231,260,52,79,76.5,27,25,322,330,203,232,66,70,131,139,224.8,44.566622854,-79.941948662,0.192195,NA,NA,NA,35.2368
893,8.10424,97,161,"2026-08-29_CPANS",1.6898171617831,271,50,80,72,25.5,22,330,339,200,205,68,62,131,128,224.6,44.566670295,-79.941843133,0.184349,NA,NA,NA,35.5068
894,8.11404,96,161,"2026-08-29_CPANS",1.6898171617831,271,52,84,72,28.5,22,330,343,201,203,69,59,132,124,224.4,44.566716396,-79.941737941,-0.0197325,NA,NA,NA,35.5068
895,8.12384,96,161,"2026-08-29_CPANS",1.68503353216729,271,50,84,80.5,28,27,329,343,203,203,70,59,134,124,224.4,44.566761574,-79.941630904,0.180267,NA,NA,NA,35.6076
896,8.13374,95,162,"2026-08-29_CPANS",1.70433241299383,282,52,84,80.5,28.5,27,329,342,203,204,70,62,134,125,224.2,44.566807675,-79.941525459,0.366597,NA,NA,NA,35.2044
897,8.14344,95,161,"2026-08-29_CPANS",1.72407848005241,252,51,86,79,29.5,25.5,329,342,201,203,70,62,134,125,224,44.566853607,-79.941422446,-0.0337635,NA,NA,NA,34.8012
898,8.15304,97,160,"2026-08-29_CPANS",1.73755907700862,227,47,78.5,84,26,25.5,323,339,201,201,66,58,129,121,223.8,44.566896774,-79.941318091,-0.630446,NA,NA,NA,34.5312
899,8.16274,105,160,"2026-08-29_CPANS",1.70765027322404,363,47,78.5,84,26,25.5,333,342,203,200,63,56,127,120,224,44.566939187,-79.941211054,-0.424261,NA,NA,NA,35.136
900,8.17224,105,160,"2026-08-29_CPANS",1.73412409392016,288,42,82,98.5,29.5,31.5,329,342,204,200,59,56,127,120,223.8,44.566983862,-79.941107957,-0.828962,NA,NA,NA,34.5996
901,8.18204,105,160,"2026-08-29_CPANS",1.72407848005241,263,50,78,76,29,24.5,329,339,204,203,59,66,127,128,223.8,44.567028789,-79.941001255,-1.02698,NA,NA,NA,34.8012
902,8.19184,105,160,"2026-08-29_CPANS",1.73412409392016,324,41,84,76,30.5,24.5,323,339,200,203,56,66,127,128,224,44.567074135,-79.940896062,-0.8229,NA,NA,NA,34.5996
903,8.20154,105,159,"2026-08-29_CPANS",1.7125633648445,239,49,72.5,100,25.5,36,323,339,200,203,56,66,127,128,224.2,44.56711923,-79.94079045,-0.414694,NA,NA,NA,35.0352
904,8.21134,105,160,"2026-08-29_CPANS",1.74100769525401,253,48,77,67,26.5,20.5,329,339,203,203,58,66,128,128,224,44.567164911,-79.940686934,-0.414694,NA,NA,NA,34.4628
905,8.22094,105,160,"2026-08-29_CPANS",1.72747374239912,317,45,81,72,26.5,22.5,333,329,200,198,60,65,131,128,224,44.567210676,-79.940583417,-0.414694,NA,NA,NA,34.7328
906,8.23054,105,160,"2026-08-29_CPANS",1.73412409392016,232,51,77,95,26,29.5,330,325,203,200,63,62,132,128,223.8,44.567256525,-79.940480571,-0.421007,NA,NA,NA,34.5996
907,8.24024,104,159,"2026-08-29_CPANS",1.72586379482931,294,50,77,95,26,29.5,325,322,204,201,63,65,132,129,223.6,44.567301955,-79.940376468,-0.421007,NA,NA,NA,34.7652
908,8.24994,104,159,"2026-08-29_CPANS",1.74776286353468,255,50,81.5,90.5,28,28,322,326,201,201,59,62,128,127,223.6,44.567345709,-79.940272029,-0.212674,NA,NA,NA,34.3296
909,8.25944,104,159,"2026-08-29_CPANS",1.74264603373763,245,51,71,84.5,23.5,25,326,326,201,201,60,62,129,127,223.4,44.567390133,-79.940169184,-0.629386,NA,NA,NA,34.4304
910,8.26894,103,159,"2026-08-29_CPANS",1.76161786985167,315,41,73,79,23.5,26.5,326,326,201,198,60,58,129,124,223.2,44.56743615,-79.940068517,-0.629386,NA,NA,NA,34.0596
911,8.27834,103,159,"2026-08-29_CPANS",1.74941394632798,261,46,71.5,95,24.5,32,326,323,203,222,65,59,136,129,223.2,44.56748158,-79.93996718,-0.629386,NA,NA,NA,34.2972
912,8.28784,103,159,"2026-08-29_CPANS",1.77550513120983,227,47,70.5,95,25,32,329,325,201,217,60,59,132,125,223,44.567526171,-79.939865926,-1.04399,NA,NA,NA,33.7932
913,8.29724,103,160,"2026-08-29_CPANS",1.76161786985167,276,40,79.5,93.5,27,32,332,329,203,204,63,62,132,124,223.2,44.567570847,-79.939764002,-1.03741,NA,NA,NA,34.0596
914,8.30684,102,160,"2026-08-29_CPANS",1.78272185973544,210,53,79.5,93.5,27,32,323,332,204,200,69,60,136,125,223.2,44.567615774,-79.939662078,-0.833332,NA,NA,NA,33.6564
915,8.31634,102,160,"2026-08-29_CPANS",1.78081703885743,267,53,72.5,93.5,24.5,32,322,335,201,205,63,58,131,124,223.4,44.567660449,-79.939560071,-0.622806,NA,NA,NA,33.6924
916,8.32594,103,159,"2026-08-29_CPANS",1.75808720112518,297,51,76.5,93.5,25.5,32,323,332,201,221,60,56,129,124,223.6,44.567705795,-79.939457979,-0.206139,NA,NA,NA,34.128
917,8.33554,104,159,"2026-08-29_CPANS",1.74776286353468,286,47,83,80,27.5,25.5,319,330,201,214,60,56,129,124,223.4,44.567752399,-79.939356558,-0.208287,NA,NA,NA,34.3296
918,8.34504,104,159,"2026-08-29_CPANS",1.72908669640696,288,48,79,84.5,27,25,319,330,201,214,60,56,129,124,223.4,44.567796488,-79.939252622,-0.208287,NA,NA,NA,34.7004
919,8.35464,103,160,"2026-08-29_CPANS",1.77022481855196,246,50,76,84.5,25.5,25,316,307,203,187,62,41,131,108,223.6,44.567838984,-79.939149357,0.210573,NA,NA,NA,33.894
920,8.36404,103,160,"2026-08-29_CPANS",1.75641971405487,226,53,75.5,75,24,21,314,325,204,194,62,56,129,117,223.6,44.567882067,-79.939046428,0.421099,NA,NA,NA,34.1604
921,8.37344,102,160,"2026-08-29_CPANS",1.7773985994099,267,46,81.5,65.5,29,19.5,325,333,204,198,63,60,131,122,223.8,44.567925234,-79.938945677,0.633865,NA,NA,NA,33.7572
922,8.38274,102,159,"2026-08-29_CPANS",1.77910617705665,260,46,81.5,65.5,29,19.5,326,335,204,201,65,59,134,122,224.2,44.567968903,-79.938844005,1.2745,NA,NA,NA,33.7248
923,8.39224,102,159,"2026-08-29_CPANS",1.78081703885743,229,49,73,65.5,25.5,19.5,323,329,203,200,66,60,135,127,224.2,44.56801383,-79.938742248,1.06173,NA,NA,NA,33.6924
924,8.40164,102,159,"2026-08-29_CPANS",1.78443968593862,253,55,77,72,25,22.5,325,329,200,195,65,59,132,125,224.2,44.568057081,-79.938640241,1.06173,NA,NA,NA,33.624
925,8.41124,103,159,"2026-08-29_CPANS",1.75457065656034,259,55,81,67,27.5,20,326,329,198,197,59,59,127,124,224.2,44.568101924,-79.938537562,0.851207,NA,NA,NA,34.1964
926,8.42064,103,159,"2026-08-29_CPANS",1.76684688504894,240,38,70.5,65.5,24.5,20,322,329,201,197,60,59,129,124,224.2,44.568147857,-79.938437985,0.642873,NA,NA,NA,33.9588
927,8.43044,95,159,"2026-08-29_CPANS",1.72586379482931,261,57,96,67,34,20.5,322,321,201,214,60,58,129,125,224.2,44.568195801,-79.938336313,0.851207,NA,NA,NA,34.7652
928,8.43994,94,159,"2026-08-29_CPANS",1.71750480901347,227,51,78.5,82.5,26,26.5,322,326,201,232,60,60,129,131,224,44.568240226,-79.938232712,0.640681,NA,NA,NA,34.9344
929,8.44974,95,159,"2026-08-29_CPANS",1.69635284139101,269,51,78.5,82.5,26,26.5,315,330,200,219,62,60,129,128,223.8,44.568286578,-79.938127017,0.228266,NA,NA,NA,35.37
930,8.45974,96,159,"2026-08-29_CPANS",1.68350168350168,300,51,78,82.5,25,26.5,321,335,200,204,62,59,128,122,223.6,44.568333181,-79.938019225,0.0282655,NA,NA,NA,35.64
931,8.46964,96,159,"2026-08-29_CPANS",1.70607704643942,293,52,91,80,29.5,25,323,332,201,219,63,66,128,131,223.2,44.568379365,-79.937913865,-0.588541,NA,NA,NA,35.1684
932,8.47954,97,159,"2026-08-29_CPANS",1.67875369325813,278,46,85,98.5,27.5,34,312,332,200,219,63,66,129,131,222.8,44.568426807,-79.937808923,-1.42269,NA,NA,NA,35.7408
933,8.48954,97,159,"2026-08-29_CPANS",1.64788082525872,311,53,84.5,80.5,27.5,25,318,332,200,219,63,66,128,131,222.4,44.568472991,-79.937699875,-1.82269,NA,NA,NA,36.4104
934,8.49964,98,160,"2026-08-29_CPANS",1.65245554894573,296,45,82,80.5,27,25,318,323,200,211,63,65,128,129,222.2,44.568519762,-79.937591078,-2.02071,NA,NA,NA,36.3096
935,8.50974,98,160,"2026-08-29_CPANS",1.64788082525872,269,57,77.5,95,26,29.5,318,316,200,226,65,62,129,127,222,44.568566952,-79.937481694,-2.21873,NA,NA,NA,36.4104
936,8.51994,99,160,"2026-08-29_CPANS",1.6493485073396,251,54,80,70,27.5,22,314,318,200,239,66,59,132,128,222,44.56861431,-79.937371975,-2.21873,NA,NA,NA,36.378
937,8.53014,98,160,"2026-08-29_CPANS",1.64625312788094,240,54,80,70,27.5,22,304,318,200,239,68,59,135,128,222,44.568663176,-79.937263261,-2.21873,NA,NA,NA,36.4464
938,8.54024,98,161,"2026-08-29_CPANS",1.66317400126401,231,44,76.5,70,28,22,319,330,197,201,63,58,131,124,222,44.568710115,-79.937154632,-2.0082,NA,NA,NA,36.0756
939,8.55034,98,161,"2026-08-29_CPANS",1.67252048837598,276,51,82,94.5,31.5,29.5,321,333,198,200,68,59,134,125,222,44.568757976,-79.937047176,-1.80412,NA,NA,NA,35.874
940,8.56024,98,160,"2026-08-29_CPANS",1.65245554894573,306,55,85,85.5,30,27,322,333,200,200,66,59,132,125,222.2,44.568806423,-79.936941313,-1.4021,NA,NA,NA,36.3096
941,8.57054,98,160,"2026-08-29_CPANS",1.64171263462044,352,55,86.5,75.5,28,24,322,332,200,201,66,58,132,122,222,44.568853697,-79.93683151,-1.19223,NA,NA,NA,36.5472
942,8.58054,98,160,"2026-08-29_CPANS",1.65705574335521,295,55,84,86.5,28,27,322,332,200,201,66,58,132,122,222,44.568898624,-79.936722713,-0.788194,NA,NA,NA,36.2088
943,8.59054,99,160,"2026-08-29_CPANS",1.63430738053213,450,55,97,81,35,24.5,322,332,200,201,66,58,132,122,222,44.568944892,-79.936613664,-0.388194,NA,NA,NA,36.7128
944,8.60084,100,160,"2026-08-29_CPANS",1.59918121921576,465,55,97,81,35,24.5,298,335,210,208,66,59,134,124,221.8,44.568992501,-79.936500676,-0.384349,NA,NA,NA,37.5192
945,8.61154,101,160,"2026-08-29_CPANS",1.60921759840366,361,55,97,81,35,24.5,273,335,210,208,68,59,139,124,221.8,44.56904296,-79.936387269,-0.186329,NA,NA,NA,37.2852
946,8.62184,101,160,"2026-08-29_CPANS",1.62237580713196,280,55,81,100,28.5,37.5,273,335,210,208,68,59,139,124,222,44.569092833,-79.936277298,0,NA,NA,NA,36.9828
947,8.63234,100,161,"2026-08-29_CPANS",1.60627088152146,243,50,80,100,26.5,37.5,291,332,204,225,63,59,136,125,222.4,44.56914304,-79.936165484,0.388798,NA,NA,NA,37.3536
948,8.64274,100,160,"2026-08-29_CPANS",1.63126814785815,271,46,91,73.5,36,22.5,291,335,204,231,63,68,136,134,222.6,44.56919065,-79.936054843,0.581106,NA,NA,NA,36.7812
949,8.65304,100,160,"2026-08-29_CPANS",1.61655350792111,237,51,83,73.5,29.5,22.5,304,333,204,228,65,72,134,138,222.6,44.569237337,-79.93594286,0.581106,NA,NA,NA,37.116
950,8.66324,99,160,"2026-08-29_CPANS",1.62983245322381,271,51,81,77,30,24.5,315,335,200,208,66,70,135,135,222.6,44.569283018,-79.935831968,0.379085,NA,NA,NA,36.8136
951,8.67324,99,160,"2026-08-29_CPANS",1.64025850474035,263,49,78,75.5,28,23.5,325,335,198,208,66,70,134,135,222.4,44.569329957,-79.935723757,0.37326,NA,NA,NA,36.5796
952,8.68324,99,160,"2026-08-29_CPANS",1.63126814785815,274,49,78,75.5,28,23.5,326,338,200,197,68,58,134,122,222,44.569377315,-79.935614206,-0.0267399,NA,NA,NA,36.7812
953,8.69364,99,160,"2026-08-29_CPANS",1.62680982593135,192,44,77.5,84.5,28,26,325,333,200,197,66,56,132,122,221.8,44.569425343,-79.935502391,-0.219048,NA,NA,NA,36.882
954,8.70394,99,160,"2026-08-29_CPANS",1.64625312788094,254,56,77.5,96,26,31.5,325,335,200,201,66,62,132,128,222,44.569472701,-79.935390325,0.169302,NA,NA,NA,36.4464
955,8.71434,99,160,"2026-08-29_CPANS",1.6433313613357,269,50,77,64,24.5,20.5,328,336,198,200,65,63,131,129,222,44.569521148,-79.935279684,0.169302,NA,NA,NA,36.5112
956,8.72454,99,160,"2026-08-29_CPANS",1.62680982593135,272,45,80,70,27.5,21,332,335,198,198,63,60,128,127,222,44.569568506,-79.935169546,-0.0248729,NA,NA,NA,36.882
957,8.73464,99,160,"2026-08-29_CPANS",1.6433313613357,272,53,81,70,27,21,318,325,203,203,66,62,132,127,222,44.569615109,-79.935060078,-0.405825,NA,NA,NA,36.5112
958,8.74494,99,160,"2026-08-29_CPANS",1.65540987948616,264,46,81,93,29,29,312,325,204,203,65,62,129,127,222,44.569663976,-79.934950946,-0.598133,NA,NA,NA,36.2448
959,8.75504,98,160,"2026-08-29_CPANS",1.65081880612784,277,46,81,93,29,29,311,316,203,203,58,63,127,129,222,44.569713094,-79.934843825,-0.598133,NA,NA,NA,36.3456
960,8.76494,98,160,"2026-08-29_CPANS",1.65540987948616,236,43,83.5,80.5,29.5,24,315,318,201,205,58,66,125,132,222,44.569759865,-79.934736118,-0.598133,NA,NA,NA,36.2448
961,8.77504,97,160,"2026-08-29_CPANS",1.66317400126401,300,50,75.5,69.5,25.5,19.5,315,330,201,204,58,63,125,129,222.2,44.569807641,-79.934628075,-0.200113,NA,NA,NA,36.0756
962,8.78514,97,160,"2026-08-29_CPANS",1.68350168350168,270,53,77.5,90,24.5,27,328,336,200,204,62,60,128,127,222.2,44.569854999,-79.934520703,0.199887,NA,NA,NA,35.64
963,8.79524,97,160,"2026-08-29_CPANS",1.66002656042497,292,52,81.5,90,27.5,27,333,338,200,204,62,59,127,124,222.4,44.569904201,-79.934412912,0.590214,NA,NA,NA,36.144
964,8.80534,97,161,"2026-08-29_CPANS",1.66783415057207,253,51,89.5,72.5,31.5,22.5,322,336,204,204,68,62,134,127,222.4,44.569952481,-79.934305958,0.39604,NA,NA,NA,35.9748
965,8.81534,97,161,"2026-08-29_CPANS",1.68027690963471,299,51,87,90.5,30,29,314,330,204,224,68,65,135,129,222.6,44.569999084,-79.934199341,0.59604,NA,NA,NA,35.7084
966,8.82514,97,160,"2026-08-29_CPANS",1.68673885908984,245,51,87,90.5,30,29,309,330,203,224,66,65,132,129,222.4,44.570042335,-79.934091214,0.391958,NA,NA,NA,35.5716
967,8.83504,96,159,"2026-08-29_CPANS",1.69153218985757,307,51,79.5,90.5,26,29,321,330,203,224,66,65,131,129,222.4,44.570085837,-79.933982668,0.391958,NA,NA,NA,35.4708
968,8.84494,96,159,"2026-08-29_CPANS",1.66783415057207,316,52,83.5,90.5,26,29,321,335,203,204,66,59,131,122,222.4,44.570132273,-79.933876051,0.391958,NA,NA,NA,35.9748
969,8.85474,96,159,"2026-08-29_CPANS",1.68350168350168,284,51,78.5,76,25,22,329,338,204,203,66,59,131,124,222.6,44.570180049,-79.933770774,0.59604,NA,NA,NA,35.64
970,8.86494,96,159,"2026-08-29_CPANS",1.68827660723933,324,55,86,76,28.5,22,330,339,203,212,68,62,131,125,222.6,44.570228497,-79.933663988,0.59604,NA,NA,NA,35.5392
971,8.87474,97,160,"2026-08-29_CPANS",1.68197261748579,304,50,85,76.5,27,23,319,339,203,225,69,63,135,127,222.6,44.570275435,-79.933558963,0.39802,NA,NA,NA,35.6724
972,8.88464,97,159,"2026-08-29_CPANS",1.67252048837598,297,44,80,82,26.5,24.5,312,336,201,229,65,63,129,128,222.6,44.570320111,-79.933451591,0.39802,NA,NA,NA,35.874
973,8.89434,97,159,"2026-08-29_CPANS",1.68027690963471,265,56,99,94,36.5,28.5,316,330,201,211,63,66,127,129,222.6,44.570363697,-79.933344806,0.2,NA,NA,NA,35.7084
974,8.90404,96,159,"2026-08-29_CPANS",1.68503353216729,253,56,85,91,25.5,28.5,322,330,201,211,62,66,127,129,222.6,44.570410133,-79.933239277,0.2,NA,NA,NA,35.6076
975,8.91414,96,159,"2026-08-29_CPANS",1.70276529083231,268,56,85,91,25.5,28.5,322,319,201,207,62,75,127,139,222.8,44.570455227,-79.933130648,0.19802,NA,NA,NA,35.2368
976,8.92424,97,159,"2026-08-29_CPANS",1.67875369325813,291,58,83.5,74.5,26.5,24,321,312,201,200,66,63,129,127,223,44.570503339,-79.933023108,0.600121,NA,NA,NA,35.7408
977,8.93414,107,159,"2026-08-29_CPANS",1.6946280291476,274,58,80,85.5,27.5,26,322,326,200,205,65,63,128,128,222.8,44.570549943,-79.932916826,0.398101,NA,NA,NA,35.406
978,8.94404,107,159,"2026-08-29_CPANS",1.68027690963471,278,53,75.5,91,24,30.5,326,339,201,210,58,68,124,129,222.8,44.570595876,-79.932809956,0.398101,NA,NA,NA,35.7084
979,8.95384,107,159,"2026-08-29_CPANS",1.70922640412949,308,47,78.5,70.5,25.5,21,335,338,203,201,63,65,128,124,222.8,44.570642144,-79.932705518,0.194019,NA,NA,NA,35.1036
980,8.96364,106,159,"2026-08-29_CPANS",1.70120104793985,220,50,73.5,68,25,21.5,335,338,204,200,59,65,128,122,222.8,44.570688747,-79.932600241,0.194019,NA,NA,NA,35.2692
981,8.97334,106,160,"2026-08-29_CPANS",1.71909919202338,278,54,80.5,92,26,31,332,338,203,200,56,65,127,122,222.8,44.570734261,-79.932495803,0.194019,NA,NA,NA,34.902
982,8.98324,106,159,"2026-08-29_CPANS",1.70120104793985,281,54,80.5,92,26,31,329,332,204,198,56,60,127,122,223,44.570780361,-79.932389436,0.39604,NA,NA,NA,35.2692
983,8.99304,106,160,"2026-08-29_CPANS",1.7125633648445,246,51,71.5,98.5,22.5,32,333,314,204,200,62,58,128,124,223,44.570825959,-79.932283489,0.39604,NA,NA,NA,35.0352
984,9.00284,106,160,"2026-08-29_CPANS",1.70607704643942,329,59,79,98.5,25.5,32,333,301,204,201,62,59,128,127,223,44.570871556,-79.932178464,0.39604,NA,NA,NA,35.1684
985,9.01264,106,160,"2026-08-29_CPANS",1.70276529083231,269,47,77,64,25.5,22,329,312,203,203,60,58,129,127,223,44.570916483,-79.932071846,0.19802,NA,NA,NA,35.2368
986,9.02234,106,160,"2026-08-29_CPANS",1.71591338069254,251,50,82,79.5,28,23.5,326,325,204,205,60,62,131,127,223,44.570961746,-79.931966737,0,NA,NA,NA,34.9668
987,9.03214,106,160,"2026-08-29_CPANS",1.71591338069254,274,51,76.5,79.5,25.5,23.5,314,319,203,219,63,63,134,129,223,44.571007008,-79.931861544,0.20202,NA,NA,NA,34.9668
988,9.04164,105,160,"2026-08-29_CPANS",1.74428745857317,246,53,79,72.5,27,25,325,319,201,219,62,63,129,129,223.2,44.571052186,-79.931760039,0.412547,NA,NA,NA,34.398
989,9.05124,104,160,"2026-08-29_CPANS",1.73593028503975,256,53,79,72.5,27,25,333,329,203,207,62,63,129,124,223.2,44.571098119,-79.931656942,0.412547,NA,NA,NA,34.5636
990,9.06094,104,160,"2026-08-29_CPANS",1.75290983031833,263,51,76,68.5,26,22,333,332,204,204,59,63,128,125,223.4,44.571143801,-79.931553258,0.618732,NA,NA,NA,34.2288
991,9.07064,104,160,"2026-08-29_CPANS",1.74428745857317,307,44,77,74.5,29.5,23,333,330,204,212,59,62,128,124,223.4,44.571189147,-79.931448651,0.618732,NA,NA,NA,34.398
992,9.08034,104,160,"2026-08-29_CPANS",1.74428745857317,330,45,87.5,96.5,31.5,29.5,330,328,203,215,60,62,129,124,223.4,44.571233655,-79.931344129,0.416712,NA,NA,NA,34.398
993,9.08994,104,160,"2026-08-29_CPANS",1.73919092838012,256,52,87.5,96.5,31.5,29.5,322,322,205,222,62,60,131,127,223.4,44.571277995,-79.931240613,0.416712,NA,NA,NA,34.4988
994,9.09954,104,160,"2026-08-29_CPANS",1.74776286353468,286,46,76.5,71.5,26,22,321,325,203,207,60,60,129,127,223.4,44.571321665,-79.931136426,0.416712,NA,NA,NA,34.3296
995,9.10924,104,160,"2026-08-29_CPANS",1.73593028503975,286,44,88,67.5,31,22,325,325,207,207,65,60,134,127,223.4,44.571366927,-79.931032993,0.416712,NA,NA,NA,34.5636
996,9.11884,105,160,"2026-08-29_CPANS",1.72407848005241,265,44,88,67.5,31,22,325,326,207,208,65,60,134,128,223.6,44.571411351,-79.93092889,0.625045,NA,NA,NA,34.8012
997,9.12854,105,160,"2026-08-29_CPANS",1.73412409392016,227,49,73,98.5,24,36.5,325,326,200,218,63,62,131,131,223.6,44.571456949,-79.930824703,0.625045,NA,NA,NA,34.5996
998,9.13834,105,161,"2026-08-29_CPANS",1.70765027322404,308,55,81.5,67.5,29,21.5,325,328,200,207,63,59,131,125,223.6,44.571501708,-79.930718755,0.414519,NA,NA,NA,35.136
999,9.14794,106,161,"2026-08-29_CPANS",1.71591338069254,253,47,78.5,67.5,24,21.5,326,332,197,201,59,60,128,122,223.6,44.571546635,-79.93061482,0.414519,NA,NA,NA,34.9668
1000,9.15794,106,161,"2026-08-29_CPANS",1.70922640412949,295,46,80,75,29,26,326,333,197,200,59,66,128,128,223.4,44.571593071,-79.930508202,0,NA,NA,NA,35.1036
1001,9.16764,106,161,"2026-08-29_CPANS",1.69946636756059,262,51,81,92.5,28,31.5,321,333,203,200,66,66,134,128,223.4,44.571637662,-79.930402003,0,NA,NA,NA,35.3052
1002,9.17734,106,160,"2026-08-29_CPANS",1.72247485186716,247,48,81,92.5,28,31.5,319,321,201,197,62,66,129,131,223.4,44.571679069,-79.93029396,0,NA,NA,NA,34.8336
1003,9.18714,106,160,"2026-08-29_CPANS",1.71750480901347,280,49,74.5,93.5,25.5,31,325,321,198,197,53,66,120,131,223.6,44.571722068,-79.930185918,0.212415,NA,NA,NA,34.9344
1004,9.19704,105,160,"2026-08-29_CPANS",1.74100769525401,280,49,74.5,93.5,25.5,31,330,328,201,195,56,60,122,122,223.4,44.571767079,-79.93008039,0.0103948,NA,NA,NA,34.4628
1005,9.20674,105,160,"2026-08-29_CPANS",1.71591338069254,298,50,80.5,72.5,27,21,330,335,201,201,56,59,122,118,223.6,44.571814437,-79.92997746,0.21658,NA,NA,NA,34.9668
1006,9.21614,105,160,"2026-08-29_CPANS",1.73755907700862,216,46,77.5,72.5,27.5,21,325,328,203,201,59,58,128,117,223.6,44.571859028,-79.929875703,0,NA,NA,NA,34.5312
1007,9.22574,104,160,"2026-08-29_CPANS",1.73250173250173,265,51,73.5,78,25.5,23,329,322,201,198,55,60,122,122,223.6,44.571903453,-79.929770762,0,NA,NA,NA,34.632
1008,9.23554,104,160,"2026-08-29_CPANS",1.75808720112518,239,51,73.5,63.5,21,19,332,319,201,197,55,60,122,125,223.8,44.571949721,-79.929667916,0.212329,NA,NA,NA,34.128
1009,9.24534,104,160,"2026-08-29_CPANS",1.72586379482931,257,47,73.5,76,25,23.5,339,325,203,200,60,69,127,129,224.2,44.571994061,-79.929562388,0.620492,NA,NA,NA,34.7652
1010,9.25474,104,160,"2026-08-29_CPANS",1.73250173250173,216,53,71,71,21.5,21,339,336,200,200,58,68,122,125,224.2,44.57203706,-79.929458452,0.820492,NA,NA,NA,34.632
1011,9.26444,105,160,"2026-08-29_CPANS",1.72247485186716,187,53,63.5,59.5,19,17,338,336,198,200,58,68,122,125,224.4,44.572080227,-79.929353092,1.02668,NA,NA,NA,34.8336
1012,9.27414,105,160,"2026-08-29_CPANS",1.71750480901347,165,58,63.5,59.5,19,17,339,339,197,195,60,65,121,124,224.4,44.572125405,-79.929248737,1.02668,NA,NA,NA,34.9344
1013,9.28394,106,160,"2026-08-29_CPANS",1.69790817712578,177,58,64,47.5,19,14.5,339,340,197,194,60,60,121,122,224.4,44.572169746,-79.929142036,0.822596,NA,NA,NA,35.3376
1014,9.29364,95,160,"2026-08-29_CPANS",1.70120104793985,84,57,36,59,10.5,17.5,349,340,198,194,60,60,120,122,224.2,44.572212996,-79.929035837,0.81843,NA,NA,NA,35.2692
1015,9.30354,95,160,"2026-08-29_CPANS",1.70276529083231,78,59,44,25,13,8,353,332,197,173,58,48,118,105,224,44.572256917,-79.928927207,0.410225,NA,NA,NA,35.2368
1016,9.31334,95,161,"2026-08-29_CPANS",1.71414858239912,0,51,44,25,13,8,356,339,193,179,53,51,115,111,223.8,44.572303018,-79.928822685,0.206143,NA,NA,NA,35.0028
1017,9.32274,95,161,"2026-08-29_CPANS",1.73412409392016,0,51,38.5,30.5,11.5,9,356,339,193,179,53,51,115,111,223.6,44.572346436,-79.92871942,0,NA,NA,NA,34.5996
1018,9.33224,0,160,"2026-08-29_CPANS",1.82448458310527,0,NA,0,0,0,0,0,0,0,0,0,0,0,0,223.6,44.572388932,-79.928617496,-0.210705,NA,NA,NA,32.886
1019,9.34084,0,160,"2026-08-29_CPANS",1.95000195000195,0,NA,0,0,0,0,0,0,0,0,0,0,0,0,223.6,44.57242816,-79.928523535,-0.618868,NA,NA,NA,30.7692
1020,9.34924,0,160,"2026-08-29_CPANS",2.01824493420522,0,NA,0,0,0,0,0,0,0,0,0,0,0,0,223.6,44.572465627,-79.928430496,-0.618868,NA,NA,NA,29.7288
1021,9.35744,0,160,"2026-08-29_CPANS",2.11640211640212,0,NA,0,0,0,0,0,0,0,0,0,0,0,0,223.4,44.572503178,-79.928342989,-1.06896,NA,NA,NA,28.35
1022,9.36504,0,160,"2026-08-29_CPANS",2.18350146294598,0,NA,0,0,0,0,0,0,0,0,0,0,0,0,223.4,44.572538466,-79.928259756,-1.06896,NA,NA,NA,27.4788
1023,9.37234,0,160,"2026-08-29_CPANS",2.30776331579433,0,NA,0,0,0,0,0,0,0,0,0,0,0,0,223.2,44.572571826,-79.928179542,-1.34293,NA,NA,NA,25.9992
1024,9.37904,0,160,"2026-08-29_CPANS",2.63838319877579,0,NA,0,0,0,0,0,0,0,0,0,0,0,0,223,44.572598815,-79.928105781,-1.43525,NA,NA,NA,22.7412
1025,9.38514,0,159,"2026-08-29_CPANS",2.85339268390116,0,NA,0,0,0,0,0,0,0,0,0,0,0,0,222.8,44.57262329,-79.92803663,-1.5611,NA,NA,NA,21.0276
1026,9.39044,0,159,"2026-08-29_CPANS",3.29576165051743,0,NA,0,0,0,0,0,0,0,0,0,0,0,0,222.8,44.57264567,-79.927976364,-1.35702,NA,NA,NA,18.2052
1027,9.39434,0,159,"2026-08-29_CPANS",4.76326569496046,0,NA,0,0,0,0,0,0,0,0,0,0,0,0,222.8,44.572665703,-79.927932192,-1.14425,NA,NA,NA,12.5964
1028,9.39734,0,159,"2026-08-29_CPANS",6.66400106624017,0,NA,0,0,0,0,0,0,0,0,0,0,0,0,222.6,44.572692776,-79.927906375,-1.81092,NA,NA,NA,9.0036
1029,9.40024,23,159,"2026-08-29_CPANS",8.00897004645203,0,NA,0,0,0,0,0,0,0,0,0,0,0,0,222.6,44.572719012,-79.927918026,-1.81092,NA,NA,NA,7.4916
1030,9.40234,23,159,"2026-08-29_CPANS",6.17970584600173,0,100,0,0,0,0,0,0,0,0,0,0,0,0,222.2,44.572717587,-79.927951219,-3.71568,NA,NA,NA,9.7092
1031,9.40574,20,158,"2026-08-29_CPANS",4.39985920450546,172,100,93,48.5,23.5,15,356,0,184,357,63,0,122,357,222,44.572699817,-79.927988434,-4.06001,NA,NA,NA,13.6368
1032,9.41034,42,158,"2026-08-29_CPANS",3.30753456373619,322,74,99,94.5,30.5,24.5,352,354,186,195,60,63,118,124,221.6,44.572676599,-79.928037552,-4.92958,NA,NA,NA,18.1404
1033,9.41584,56,157,"2026-08-29_CPANS",2.77777777777778,501,51,96,98,25.5,31,349,354,222,195,63,63,121,124,221.2,44.572648352,-79.928097147,-5.38288,NA,NA,NA,21.6
1034,9.42224,70,157,"2026-08-29_CPANS",2.69818142571907,464,51,96,98,25.5,31,353,353,222,228,72,75,128,132,221,44.572621698,-79.928167472,-5.39687,NA,NA,NA,22.2372
1035,9.42894,78,157,"2026-08-29_CPANS",2.53716953366824,481,50,87.5,94,30,27,352,352,224,222,72,82,129,139,220.8,44.572594876,-79.928241316,-5.36751,NA,NA,NA,23.6484
1036,9.43594,78,156,"2026-08-29_CPANS",2.32579774862778,448,54,99.5,99,31,29.5,352,352,224,222,72,82,129,139,220.8,44.572565707,-79.928319938,-5.36751,NA,NA,NA,25.7976
1037,9.44334,88,156,"2026-08-29_CPANS",2.20779794233232,448,49,99.5,99,32.5,29.5,352,352,224,222,72,82,129,139,220.8,44.572534861,-79.928403338,-5.36751,NA,NA,NA,27.1764
1038,9.45124,94,156,"2026-08-29_CPANS",2.11398613225097,454,45,91,99,26,29.5,352,352,224,222,72,82,129,139,221,44.572497227,-79.928488163,-4.44768,NA,NA,NA,28.3824
1039,9.45944,96,156,"2026-08-29_CPANS",2.07710202725158,493,42,90,97,26.5,32.5,347,321,231,233,68,72,128,129,221,44.572457245,-79.928574497,-4.44768,NA,NA,NA,28.8864
1040,9.46814,99,156,"2026-08-29_CPANS",1.96078431372549,401,54,99.5,100,35,36.5,347,321,231,233,68,72,128,129,221.2,44.572416174,-79.928666614,-2.31303,NA,NA,NA,30.6
1041,9.47654,101,156,"2026-08-29_CPANS",1.95000195000195,370,55,97.5,100,33.5,36.5,347,321,231,233,68,72,128,129,221.2,44.572376779,-79.928756803,-1.7248,NA,NA,NA,30.7692
1042,9.48494,103,155,"2026-08-29_CPANS",1.94159676918298,324,55,97.5,100,33.5,36.5,315,311,224,235,62,68,127,129,221.2,44.572339144,-79.92884825,-0.855231,NA,NA,NA,30.9024
1043,9.49354,104,155,"2026-08-29_CPANS",1.92678227360308,338,55,97.5,100,33.5,36.5,314,311,207,235,60,68,128,129,221.2,44.572299833,-79.92894263,-0.127958,NA,NA,NA,31.14
1044,9.50234,104,155,"2026-08-29_CPANS",1.91438854429895,323,50,0,0,0,0,316,311,208,235,58,68,127,129,221.4,44.572260605,-79.929037681,0.411815,NA,NA,NA,31.3416
1045,9.51104,105,155,"2026-08-29_CPANS",1.88622302701071,323,55,0,0,0,0,316,311,208,235,58,68,127,129,221.4,44.572220372,-79.929133235,0.710322,NA,NA,NA,31.8096
1046,9.52004,107,155,"2026-08-29_CPANS",1.87434397960714,336,45,0,0,0,0,319,311,205,235,56,68,127,129,221.4,44.572180055,-79.92923147,0.710322,NA,NA,NA,32.0112
1047,9.52904,106,155,"2026-08-29_CPANS",1.88814621804313,292,52,78,99,24.5,36.5,319,311,205,235,56,68,127,129,221.4,44.572138984,-79.929328868,0.710322,NA,NA,NA,31.7772
1048,9.53804,97,155,"2026-08-29_CPANS",1.89825360668185,252,58,79,82,27,23,319,326,205,221,56,52,127,120,221.8,44.57209808,-79.929425595,0.901602,NA,NA,NA,31.608
1049,9.54694,96,154,"2026-08-29_CPANS",1.88217579521927,315,54,84.5,79.5,26,19.5,330,323,204,207,55,62,125,128,221.8,44.572057093,-79.929522071,0.901602,NA,NA,NA,31.878
1050,9.55594,97,154,"2026-08-29_CPANS",1.85288123031314,331,54,84.5,79.5,26,19.5,329,328,203,210,59,72,124,141,222,44.572016105,-79.929620055,0.893939,NA,NA,NA,32.382
1051,9.56494,98,154,"2026-08-29_CPANS",1.85288123031314,250,48,89.5,99,32,33.5,319,328,207,210,68,72,134,141,222.2,44.571975788,-79.929717537,1.11616,NA,NA,NA,32.382
1052,9.57394,98,155,"2026-08-29_CPANS",1.84713140492815,243,51,82.5,76,30,26,311,330,204,226,63,65,134,129,222.4,44.57193522,-79.929815438,1.33838,NA,NA,NA,32.4828
1053,9.58314,99,155,"2026-08-29_CPANS",1.80786057779224,273,46,76.5,72,27.5,23.5,315,330,203,226,60,65,129,129,222.2,44.571892221,-79.929914344,1.12099,NA,NA,NA,33.1884
1054,9.59234,101,155,"2026-08-29_CPANS",1.78443968593862,345,46,86.5,96.5,29.5,32,321,329,203,211,60,62,127,127,222,44.571849389,-79.930014424,0.676329,NA,NA,NA,33.624
1055,9.60184,103,155,"2026-08-29_CPANS",1.74428745857317,267,55,80.5,96,26.5,32,321,326,203,205,60,62,127,127,222,44.571805887,-79.930117857,0.676329,NA,NA,NA,34.398
1056,9.61144,104,155,"2026-08-29_CPANS",1.73919092838012,264,51,74,96,24.5,32,321,316,201,200,58,65,125,128,221.8,44.571762637,-79.930222379,0.467995,NA,NA,NA,34.4988
1057,9.62114,105,155,"2026-08-29_CPANS",1.71591338069254,213,51,74,96,24.5,32,326,321,201,198,59,62,128,125,221.6,44.571719554,-79.930328242,0.26181,NA,NA,NA,34.9668
1058,9.63084,105,156,"2026-08-29_CPANS",1.71909919202338,231,51,68.5,67.5,22.5,21,339,330,201,197,59,59,128,120,221.6,44.571674291,-79.930433603,-0.182635,NA,NA,NA,34.902
1059,9.64064,99,157,"2026-08-29_CPANS",1.70922640412949,307,69,81,66,25,19.5,343,336,203,195,59,58,129,117,221.6,44.571629029,-79.930540305,-0.182635,NA,NA,NA,35.1036
1060,9.65054,96,157,"2026-08-29_CPANS",1.71909919202338,336,52,100,66,36.5,19.5,343,338,204,203,59,56,128,117,221.6,44.571581755,-79.930645581,-0.404857,NA,NA,NA,34.902
1061,9.66084,97,157,"2026-08-29_CPANS",1.66168162180126,346,46,88,99.5,30.5,36.5,336,338,207,203,62,56,128,117,221.4,44.571536493,-79.930758066,-0.821254,NA,NA,NA,36.108
1062,9.67104,97,157,"2026-08-29_CPANS",1.65540987948616,315,47,88,98.5,28.5,34,336,329,207,226,62,59,128,121,221.4,44.571488381,-79.930867534,-1.04348,NA,NA,NA,36.2448
1063,9.68114,97,157,"2026-08-29_CPANS",1.66466906379012,324,55,85,98.5,27.5,34,304,325,207,249,73,66,141,131,221.6,44.571441693,-79.930975493,-0.628065,NA,NA,NA,36.0432
1064,9.69124,97,157,"2026-08-29_CPANS",1.66168162180126,320,55,85,98.5,27.5,34,305,326,205,225,73,68,139,134,221.6,44.571393162,-79.931082195,-0.410674,NA,NA,NA,36.108
1065,9.70114,97,157,"2026-08-29_CPANS",1.64788082525872,296,61,98.5,98.5,36,34,308,333,208,210,72,69,138,134,221.6,44.57134505,-79.93118831,-0.410674,NA,NA,NA,36.4104
1066,9.71114,96,157,"2026-08-29_CPANS",1.67723323605381,276,51,82.5,82.5,27,26,293,335,205,207,65,69,132,134,221.4,44.571297609,-79.931293922,-0.402341,NA,NA,NA,35.7732
1067,9.72084,97,158,"2026-08-29_CPANS",1.68197261748579,335,52,87,77,29.5,23.5,309,336,200,203,65,63,129,127,221.4,44.571255196,-79.931403138,-0.196155,NA,NA,NA,35.6724
1068,9.73104,97,158,"2026-08-29_CPANS",1.67723323605381,255,51,85,78.5,27.5,22.5,329,339,201,201,63,59,127,122,221.4,44.571208174,-79.931512102,-0.196155,NA,NA,NA,35.7732
1069,9.74104,104,159,"2026-08-29_CPANS",1.68673885908984,195,81,81,65,25.5,19.5,340,339,205,201,60,59,125,122,221.2,44.57116157,-79.931619139,-0.396155,NA,NA,NA,35.5716
1070,9.75084,107,158,"2026-08-29_CPANS",1.68350168350168,304,51,94,72,33,21.5,340,343,205,198,60,52,125,115,221.2,44.571117398,-79.931726428,-0.396155,NA,NA,NA,35.64
1071,9.76064,108,158,"2026-08-29_CPANS",1.69790817712578,266,51,94,72,33,21.5,322,340,210,198,63,53,131,115,221.2,44.571072471,-79.931832878,-0.20198,NA,NA,NA,35.3376
1072,9.77064,107,158,"2026-08-29_CPANS",1.67554706611709,219,45,72.5,72,24.5,21.5,326,336,203,200,62,59,127,118,221.2,44.571026873,-79.931941004,-0.20198,NA,NA,NA,35.8092
1073,9.78044,107,159,"2026-08-29_CPANS",1.69635284139101,315,53,72.5,72,24.5,21.5,333,332,204,205,66,66,129,125,221,44.5709827,-79.932047371,-0.604082,NA,NA,NA,35.37
1074,9.79034,108,159,"2026-08-29_CPANS",1.66783415057207,348,42,81.5,93,28.5,28,318,332,204,205,59,66,128,125,221,44.570936097,-79.932155581,-0.604082,NA,NA,NA,35.9748
1075,9.80034,108,159,"2026-08-29_CPANS",1.68197261748579,230,54,77.5,77.5,24,23.5,319,330,203,219,56,68,122,128,221,44.570889997,-79.932263708,-0.604082,NA,NA,NA,35.6724
1076,9.81034,108,159,"2026-08-29_CPANS",1.6898171617831,204,57,77.5,77.5,24,23.5,338,330,200,219,62,68,124,128,221,44.570842639,-79.932370242,-0.404082,NA,NA,NA,35.5068
1077,9.82044,107,160,"2026-08-29_CPANS",1.67875369325813,225,56,73,60,22.5,17.5,338,335,200,210,62,63,124,124,221,44.570794108,-79.932476357,-0.404082,NA,NA,NA,35.7408
1078,9.83034,103,160,"2026-08-29_CPANS",1.67084377610693,205,72,80,60,25,17.5,345,339,201,197,63,62,125,120,220.8,44.57074675,-79.93258331,-0.606102,NA,NA,NA,35.91
1079,9.84034,96,160,"2026-08-29_CPANS",1.69307869429771,364,51,80,60,25,17.5,342,342,200,197,62,70,124,134,220.8,44.57070023,-79.932689089,-0.406102,NA,NA,NA,35.4384
1080,9.85014,97,160,"2026-08-29_CPANS",1.68027690963471,294,51,80,60,25,17.5,342,338,200,204,62,72,124,136,220.6,44.570650442,-79.932792354,-0.610183,NA,NA,NA,35.7084
1081,9.86044,97,159,"2026-08-29_CPANS",1.64479094707063,373,52,92.5,95.5,31.5,29.5,323,326,201,231,63,69,127,136,220.6,44.570599145,-79.932899307,-0.610183,NA,NA,NA,36.4788
1082,9.87054,98,159,"2026-08-29_CPANS",1.6493485073396,352,51,96.5,95.5,35.5,29.5,300,325,205,242,63,65,128,132,220.6,44.570551116,-79.933006344,-0.610183,NA,NA,NA,36.378
1083,9.88024,98,160,"2026-08-29_CPANS",1.66317400126401,288,53,94.5,97.5,31.5,30.5,293,325,207,242,68,65,132,132,220.4,44.570505016,-79.933112543,-0.612287,NA,NA,NA,36.0756
1084,9.89024,98,160,"2026-08-29_CPANS",1.66317400126401,260,57,82.5,76.5,28,24,293,328,207,231,68,66,132,132,220.4,44.570457826,-79.933221256,-0.612287,NA,NA,NA,36.0756
1085,9.90064,97,160,"2026-08-29_CPANS",1.65853982154112,270,52,83,74.5,27.5,23,293,328,205,231,72,69,136,136,220.4,44.570411474,-79.933332568,-0.612287,NA,NA,NA,36.1764
1086,9.91064,97,161,"2026-08-29_CPANS",1.66168162180126,297,48,86.5,79,29,23,318,330,200,221,68,69,132,135,220.4,44.570366798,-79.93344279,-0.612287,NA,NA,NA,36.108
1087,9.92064,97,161,"2026-08-29_CPANS",1.68503353216729,248,48,86.5,79,29,23,329,335,200,207,66,65,131,129,220.4,44.570320111,-79.933549911,-0.612287,NA,NA,NA,35.6076
1088,9.93074,96,161,"2026-08-29_CPANS",1.67403240926744,241,45,72,75,25,21,332,335,201,201,68,60,132,125,220.4,44.570272167,-79.933656026,-0.410267,NA,NA,NA,35.8416
1089,9.94044,96,161,"2026-08-29_CPANS",1.68673885908984,256,67,97,92.5,33,28,325,335,204,201,73,60,136,125,220.4,44.570227491,-79.933762392,-0.410267,NA,NA,NA,35.5716
1090,9.95024,96,162,"2026-08-29_CPANS",1.67875369325813,254,54,78.5,95,25.5,32,304,335,203,201,73,60,136,125,220.4,44.57018181,-79.933869261,-0.206186,NA,NA,NA,35.7408
1091,9.96034,96,162,"2026-08-29_CPANS",1.69635284139101,289,55,81,72.5,24.5,21,304,339,203,221,73,77,136,139,220.4,44.570134703,-79.933975711,-0.206186,NA,NA,NA,35.37
1092,9.97004,95,162,"2026-08-29_CPANS",1.71909919202338,298,54,82.5,81,25,24,319,339,188,214,56,72,120,135,220.4,44.570090279,-79.934080234,-0.206186,NA,NA,NA,34.902
1093,9.97974,96,162,"2026-08-29_CPANS",1.6898171617831,311,51,85,77.5,27,24,333,342,193,198,58,60,121,124,220.4,44.570044179,-79.934185427,0,NA,NA,NA,35.5068
1094,9.98964,96,162,"2026-08-29_CPANS",1.67875369325813,303,51,85,77.5,27,24,338,342,203,203,69,63,132,127,220.4,44.569998414,-79.934292883,0,NA,NA,NA,35.7408
1095,9.99984,96,161,"2026-08-29_CPANS",1.66168162180126,358,55,98,83,32.5,25,309,339,208,207,73,66,139,129,220.4,44.569949966,-79.934400255,0,NA,NA,NA,36.108
1096,10.0096,97,161,"2026-08-29_CPANS",1.68027690963471,280,57,83.5,83,26.5,25,301,333,207,224,73,68,141,132,220.2,44.569902776,-79.934504358,-0.204082,NA,NA,NA,35.7084
1097,10.0193,97,161,"2026-08-29_CPANS",1.68503353216729,305,56,93,83,29.5,25,314,335,205,224,72,68,138,132,220.2,44.569857346,-79.934609802,-0.204082,NA,NA,NA,35.6076
1098,10.0291,96,161,"2026-08-29_CPANS",1.66933760683761,267,57,80,89.5,25,33.5,329,338,203,214,70,69,135,132,220.2,44.569811749,-79.934717258,-0.204082,NA,NA,NA,35.9424
1099,10.0392,96,161,"2026-08-29_CPANS",1.67252048837598,286,51,78.5,73,24.5,23.5,329,338,203,214,70,69,135,132,220.2,44.56976196,-79.934823457,-0.204082,NA,NA,NA,35.874
1100,10.0493,96,161,"2026-08-29_CPANS",1.67723323605381,282,51,89.5,96,29,28.5,336,336,200,204,68,63,132,127,220.2,44.569715105,-79.934932003,-0.204082,NA,NA,NA,35.7732
1101,10.0594,96,161,"2026-08-29_CPANS",1.67554706611709,306,58,89.5,96,29,28.5,316,330,203,219,68,69,132,135,220.2,44.56967043,-79.93504147,-0.204082,NA,NA,NA,35.8092
1102,10.0692,96,160,"2026-08-29_CPANS",1.69307869429771,278,58,87.5,97.5,28,32.5,294,333,203,217,68,68,134,132,220.4,44.569626173,-79.935148004,0,NA,NA,NA,35.4384
1103,10.0791,96,160,"2026-08-29_CPANS",1.67723323605381,268,49,80.5,77.5,25,25,312,336,204,208,69,68,134,131,220.4,44.569579067,-79.935253952,0,NA,NA,NA,35.7732
1104,10.0888,95,160,"2026-08-29_CPANS",1.6898171617831,278,57,83,79,27,25.5,330,336,204,208,68,68,131,131,220.4,44.569534475,-79.935359983,0,NA,NA,NA,35.5068
1105,10.0985,100,161,"2026-08-29_CPANS",1.71909919202338,267,67,85.5,80,26.5,25,338,336,205,208,62,68,127,131,220.6,44.569489548,-79.935464757,0.206186,NA,NA,NA,34.902
1106,10.1085,106,162,"2026-08-29_CPANS",1.68350168350168,351,52,90,79,32.5,23.5,338,340,205,201,62,65,127,128,220.6,44.56944152,-79.935571291,0.410267,NA,NA,NA,35.64
1107,10.1184,107,162,"2026-08-29_CPANS",1.70433241299383,292,55,81.5,99.5,26,35,325,338,205,208,62,56,131,118,220.6,44.569395503,-79.935677489,0.410267,NA,NA,NA,35.2044
1108,10.1282,106,162,"2026-08-29_CPANS",1.69946636756059,242,53,72.5,96,23.5,32.5,325,338,204,208,60,56,131,118,220.6,44.569350492,-79.935785113,0.410267,NA,NA,NA,35.3052
1109,10.1381,106,162,"2026-08-29_CPANS",1.71591338069254,300,53,72.5,96,23.5,32.5,335,326,203,226,62,66,129,127,220.6,44.569305398,-79.935892066,0.410267,NA,NA,NA,34.9668
1110,10.1482,106,162,"2026-08-29_CPANS",1.71098107654929,284,38,72,75.5,23,23.5,336,329,200,224,60,63,129,127,220.4,44.569258711,-79.935999354,0.212247,NA,NA,NA,35.0676
1111,10.1578,106,162,"2026-08-29_CPANS",1.7125633648445,343,55,84,75.5,29,23.5,332,332,201,222,56,59,127,122,220.4,44.569216214,-79.936104882,0.212247,NA,NA,NA,35.0352
1112,10.1675,106,162,"2026-08-29_CPANS",1.71591338069254,253,44,71.5,92,23,29.5,333,332,201,222,55,59,124,122,220.4,44.569171958,-79.936210578,0,NA,NA,NA,34.9668
1113,10.1771,105,162,"2026-08-29_CPANS",1.74611489436005,287,55,77,65,25.5,19.5,333,326,201,214,55,63,124,125,220.6,44.569127953,-79.936314514,0.216499,NA,NA,NA,34.362
1114,10.1868,104,161,"2026-08-29_CPANS",1.73593028503975,213,63,87.5,60,30,18,338,329,200,201,55,62,124,122,220.8,44.569082942,-79.936418533,0.422685,NA,NA,NA,34.5636
1115,10.1964,104,161,"2026-08-29_CPANS",1.73919092838012,275,47,76.5,60,22,18,321,328,203,205,63,62,131,122,221,44.569039105,-79.936521966,0.424832,NA,NA,NA,34.4988
1116,10.2058,104,161,"2026-08-29_CPANS",1.74264603373763,240,52,83,96,26.5,33.5,307,325,195,235,62,66,128,132,221.2,44.568993004,-79.936622381,0.637598,NA,NA,NA,34.4304
1117,10.2153,104,162,"2026-08-29_CPANS",1.75641971405487,214,51,83,96,26.5,33.5,322,335,191,215,55,73,118,138,221.2,44.568948413,-79.936724892,0.637598,NA,NA,NA,34.1604
1118,10.2249,104,161,"2026-08-29_CPANS",1.73919092838012,325,51,83,96,26.5,33.5,330,336,195,218,66,77,129,141,221.4,44.568904408,-79.936829498,0.845932,NA,NA,NA,34.4988
1119,10.2346,104,160,"2026-08-29_CPANS",1.73593028503975,257,61,77.5,92.5,24.5,30.5,335,336,198,218,69,77,134,141,221.4,44.568860235,-79.93693511,0.845932,NA,NA,NA,34.5636
1120,10.2445,105,160,"2026-08-29_CPANS",1.72407848005241,298,48,77.5,58.5,24.5,17,335,338,198,204,69,72,134,131,221.2,44.568815056,-79.937041309,0.841931,NA,NA,NA,34.8012
1121,10.2542,105,160,"2026-08-29_CPANS",1.73088240384948,314,48,92,91.5,33,28,332,338,198,201,68,68,132,125,221.4,44.568772141,-79.93714734,1.04812,NA,NA,NA,34.6644
1122,10.2639,106,161,"2026-08-29_CPANS",1.69946636756059,309,49,85,96.5,29.5,33.5,328,338,201,201,65,68,132,125,221.4,44.568727885,-79.937253287,1.04812,NA,NA,NA,35.3052
1123,10.2736,106,161,"2026-08-29_CPANS",1.71909919202338,260,50,71.5,69,24,20,318,329,203,236,62,73,132,138,221.2,44.568682958,-79.937356301,0.633598,NA,NA,NA,34.902
1124,10.2832,106,161,"2026-08-29_CPANS",1.70765027322404,235,58,82,69,26.5,20,325,329,205,205,58,63,127,125,221.2,44.568637695,-79.937460907,0.427412,NA,NA,NA,35.136
1125,10.2928,105,161,"2026-08-29_CPANS",1.73593028503975,212,58,82,69,26.5,20,332,329,204,195,60,58,128,118,221.4,44.568594026,-79.937565513,0.427412,NA,NA,NA,34.5636
1126,10.3024,104,161,"2026-08-29_CPANS",1.73250173250173,252,40,67.5,85.5,22.5,26,319,321,194,205,68,58,134,121,221.2,44.56854868,-79.937669784,0,NA,NA,NA,34.632
1127,10.3123,104,161,"2026-08-29_CPANS",1.74264603373763,240,58,82.5,74,30,20.5,312,328,181,201,49,66,115,125,221.4,44.568500148,-79.937772127,0.208333,NA,NA,NA,34.4304
1128,10.322,104,160,"2026-08-29_CPANS",1.73250173250173,289,52,84.5,79.5,28.5,22,312,328,181,201,49,66,115,125,221.4,44.568453461,-79.937873967,0,NA,NA,NA,34.632
1129,10.3313,104,161,"2026-08-29_CPANS",1.77380445579679,259,57,98,86.5,33.5,26.5,319,328,195,201,58,66,127,125,221.4,44.5684113,-79.937974969,0,NA,NA,NA,33.8256
1130,10.3407,104,162,"2026-08-29_CPANS",1.72586379482931,250,50,78,86.5,26,26.5,321,333,201,215,68,66,136,127,221.4,44.568368972,-79.938079491,0.20202,NA,NA,NA,34.7652
1131,10.3502,103,162,"2026-08-29_CPANS",1.77550513120983,239,49,79,86.5,26.5,26.5,301,333,203,205,63,70,132,128,221.4,44.56832505,-79.938182505,0,NA,NA,NA,33.7932
1132,10.3599,103,161,"2026-08-29_CPANS",1.75457065656034,284,49,79,86.5,26.5,26.5,321,335,198,197,63,63,131,122,221.4,44.568279956,-79.938286273,0,NA,NA,NA,34.1964
1133,10.3694,102,161,"2026-08-29_CPANS",1.77910617705665,336,52,85,74,26,22.5,328,333,200,203,66,62,134,122,221.2,44.568236118,-79.938387442,0,NA,NA,NA,33.7248
1134,10.3788,102,161,"2026-08-29_CPANS",1.77022481855196,255,48,88,95.5,30.5,31,312,332,204,218,68,60,136,125,221.2,44.568189934,-79.938487606,0,NA,NA,NA,33.894
1135,10.3882,101,161,"2026-08-29_CPANS",1.78081703885743,272,60,84.5,95.5,30,31,304,332,197,217,60,70,127,134,221.2,44.56814375,-79.938586429,-0.216839,NA,NA,NA,33.6924
1136,10.3973,101,161,"2026-08-29_CPANS",1.80786057779224,265,55,83,79.5,29,24.5,318,332,194,217,59,70,125,134,221.2,44.56810008,-79.938684413,0,NA,NA,NA,33.1884
1137,10.4068,100,162,"2026-08-29_CPANS",1.78616082592077,293,51,83,69,30,20.5,318,336,194,203,59,68,125,129,221.2,44.568055656,-79.93878508,-0.210526,NA,NA,NA,33.5916
1138,10.4162,101,163,"2026-08-29_CPANS",1.77910617705665,310,48,87.5,69,32,20.5,329,338,197,200,62,65,128,128,221.4,44.568011651,-79.938885495,0,NA,NA,NA,33.7248
1139,10.4253,102,162,"2026-08-29_CPANS",1.79520321700416,276,48,87.5,69,32,20.5,329,338,201,204,63,65,129,131,221.4,44.567969742,-79.938984988,0,NA,NA,NA,33.4224
1140,10.4348,102,161,"2026-08-29_CPANS",1.74611489436005,341,46,80.5,87,28,26.5,329,333,201,207,68,65,135,132,221.4,44.567924479,-79.939086493,0,NA,NA,NA,34.362
1141,10.4442,103,161,"2026-08-29_CPANS",1.77022481855196,307,46,82,93.5,29.5,29.5,322,329,203,208,66,62,134,128,221.2,44.567880642,-79.93918716,-0.210526,NA,NA,NA,33.894
1142,10.4538,104,161,"2026-08-29_CPANS",1.72908669640696,328,50,82.5,81,27.5,24,332,329,204,208,62,62,129,128,221.2,44.567836972,-79.939292772,-0.210526,NA,NA,NA,34.7004
1143,10.4633,104,161,"2026-08-29_CPANS",1.73919092838012,246,53,76,93,24.5,28,332,329,204,208,62,62,129,128,220.8,44.567793889,-79.939397043,-0.421053,NA,NA,NA,34.4988
1144,10.4732,104,161,"2026-08-29_CPANS",1.71098107654929,284,53,75.5,66.5,24,19,332,329,204,208,62,62,129,128,220.8,44.567747956,-79.939503157,-0.421053,NA,NA,NA,35.0676
1145,10.4829,105,161,"2026-08-29_CPANS",1.74428745857317,284,53,75.5,80,25,23,332,329,204,208,62,62,129,128,220.8,44.56770194,-79.93960592,-0.421053,NA,NA,NA,34.398
1146,10.4924,104,161,"2026-08-29_CPANS",1.74611489436005,231,53,73.5,65.5,24.5,19.5,332,329,204,208,62,62,129,128,220.8,44.567656258,-79.939707927,-0.421053,NA,NA,NA,34.362
1147,10.5019,104,161,"2026-08-29_CPANS",1.76329524615602,228,53,73.5,65.5,24.5,19.5,339,339,201,195,60,66,128,125,220.6,44.567610409,-79.939808762,-0.631579,NA,NA,NA,34.0272
1148,10.5116,103,161,"2026-08-29_CPANS",1.76161786985167,228,51,73.5,65.5,24.5,19.5,342,339,201,195,62,66,129,125,220.8,44.567564644,-79.939912027,-0.638159,NA,NA,NA,34.0596
1149,10.5211,103,161,"2026-08-29_CPANS",1.75808720112518,266,48,76.5,95,25.5,32,340,342,200,200,62,65,129,127,221,44.567521394,-79.940015627,-0.427633,NA,NA,NA,34.128
1150,10.5305,103,161,"2026-08-29_CPANS",1.77022481855196,243,55,76.5,95,22,32,329,342,201,200,62,65,128,127,221.4,44.567477556,-79.940117551,0,NA,NA,NA,33.894
1151,10.5402,102,160,"2026-08-29_CPANS",1.73593028503975,224,53,74.5,70,23.5,22.5,329,338,201,200,62,69,128,129,221.2,44.567430115,-79.940218888,0,NA,NA,NA,34.5636
1152,10.5498,94,160,"2026-08-29_CPANS",1.71750480901347,234,61,78.5,70,26.5,22.5,332,339,201,200,59,70,125,131,221,44.567384936,-79.940321986,-0.203854,NA,NA,NA,34.9344
1153,10.5594,94,160,"2026-08-29_CPANS",1.72586379482931,278,58,88.5,63,28.5,17,333,342,201,205,60,75,127,136,220.6,44.567342608,-79.94042634,-0.199468,NA,NA,NA,34.7652
1154,10.5692,95,159,"2026-08-29_CPANS",1.70433241299383,278,51,90.5,70,29.5,22,321,343,198,222,68,72,131,136,220.4,44.567296507,-79.940532539,-0.40355,NA,NA,NA,35.2044
1155,10.5788,95,160,"2026-08-29_CPANS",1.7125633648445,191,51,90.5,70,29.5,22,311,338,200,226,72,69,135,134,220.2,44.567252083,-79.940636894,-0.611883,NA,NA,NA,35.0352
1156,10.5888,95,160,"2026-08-29_CPANS",1.69153218985757,179,56,85,95.5,28.5,31.5,316,335,200,222,69,70,132,134,220,44.567204725,-79.940742673,-0.811883,NA,NA,NA,35.4708
1157,10.5983,95,160,"2026-08-29_CPANS",1.70765027322404,274,48,82,59.5,24,19,339,335,198,222,68,70,131,134,220,44.56715829,-79.940845184,-0.601357,NA,NA,NA,35.136
1158,10.6081,95,159,"2026-08-29_CPANS",1.71098107654929,263,56,82,59.5,24,19,339,342,198,200,68,68,131,129,220.2,44.567112105,-79.940951047,-0.603461,NA,NA,NA,35.0676
1159,10.6181,94,159,"2026-08-29_CPANS",1.72747374239912,162,43,71,98,21,34,346,340,200,212,68,60,131,122,220.2,44.567064831,-79.941057498,-0.813987,NA,NA,NA,34.7328
1160,10.6278,92,159,"2026-08-29_CPANS",1.77550513120983,65,23,22.5,83,7,28,347,336,198,210,68,63,131,125,220.2,44.567018563,-79.941159254,-1.23952,NA,NA,NA,33.7932
1161,10.6373,91,159,"2026-08-29_CPANS",1.78443968593862,154,58,71.5,39.5,22,12.5,353,342,191,203,66,62,127,124,220.2,44.566970619,-79.94125816,-1.03333,NA,NA,NA,33.624
1162,10.6465,91,159,"2026-08-29_CPANS",1.80433762765689,193,58,71.5,39.5,22,12.5,356,345,193,197,66,56,125,118,220.2,44.566928877,-79.941358408,-0.825,NA,NA,NA,33.2532
1163,10.6558,91,159,"2026-08-29_CPANS",1.79888469149128,158,37,57,39.5,18,12.5,354,326,194,194,63,58,124,118,220.4,44.566885207,-79.941458572,-0.19328,NA,NA,NA,33.354
1164,10.665,90,159,"2026-08-29_CPANS",1.81336815000181,122,61,60.5,64.5,18,20,353,338,194,195,62,62,121,122,220.4,44.566842124,-79.941557813,0.0108021,NA,NA,NA,33.0876
1165,10.6741,89,160,"2026-08-29_CPANS",1.82828726049437,95,54,57,64.5,18,20,0,356,193,194,62,65,122,125,220.6,44.566798874,-79.941656217,0.438916,NA,NA,NA,32.8176
1166,10.6832,88,160,"2026-08-29_CPANS",1.85866696405338,192,58,53,52.5,17.5,17,0,356,193,194,62,65,122,125,220.6,44.566758473,-79.941755962,0.638916,NA,NA,NA,32.2812
1167,10.6926,88,159,"2026-08-29_CPANS",1.82648401826484,289,60,81,55,24,17,0,0,194,193,65,63,125,124,220.6,44.566717569,-79.941857634,0.638916,NA,NA,NA,32.85
1168,10.7018,89,159,"2026-08-29_CPANS",1.81159420289855,289,46,84,99,25,32,349,350,194,219,65,59,125,121,220.4,44.566676079,-79.941957127,0.217443,NA,NA,NA,33.12
1169,10.711,90,158,"2026-08-29_CPANS",1.78980526918671,337,46,84,99,25,32,347,336,195,236,66,58,127,122,220.4,44.5666309,-79.942055698,0.217443,NA,NA,NA,33.5232
1170,10.7203,90,158,"2026-08-29_CPANS",1.79888469149128,170,49,83.5,99,25,32,346,336,198,231,66,59,127,122,220.2,44.566587733,-79.942155359,0,NA,NA,NA,33.354
1171,10.7295,90,158,"2026-08-29_CPANS",1.82089660949051,196,59,83.5,99,25,32,347,340,197,215,66,60,128,122,220.2,44.566543309,-79.942253763,0,NA,NA,NA,32.9508
1172,10.7388,90,158,"2026-08-29_CPANS",1.78980526918671,343,51,96,58,30,17.5,333,333,200,198,69,59,129,118,220,44.566500981,-79.942354932,-0.212665,NA,NA,NA,33.5232
1173,10.7484,91,158,"2026-08-29_CPANS",1.7773985994099,290,51,94,86.5,28.5,25.5,316,333,203,198,68,59,128,118,220,44.566455215,-79.94245627,-0.427719,NA,NA,NA,33.7572
1174,10.7577,91,159,"2026-08-29_CPANS",1.78272185973544,279,54,94,86.5,28.5,25.5,316,328,203,198,68,56,128,115,219.8,44.566411462,-79.942556266,-0.642772,NA,NA,NA,33.6564
1175,10.7671,91,158,"2026-08-29_CPANS",1.77380445579679,297,59,92,80,28.5,23,336,332,203,198,63,56,124,117,219.8,44.566367625,-79.942658609,-0.862553,NA,NA,NA,33.8256
1176,10.7767,92,158,"2026-08-29_CPANS",1.77210703526493,268,59,92,80,28.5,23,335,322,204,198,63,55,124,117,219.8,44.566322111,-79.942760114,-0.862553,NA,NA,NA,33.858
1177,10.7862,91,158,"2026-08-29_CPANS",1.76853423882286,286,42,77.5,80,26.5,23,332,329,204,198,63,58,125,118,219.8,44.566277184,-79.942861199,-0.862553,NA,NA,NA,33.9264
1178,10.7956,92,157,"2026-08-29_CPANS",1.76853423882286,317,50,94,69,32,21,322,312,204,201,63,62,127,122,220.2,44.566233766,-79.94296195,-0.219629,NA,NA,NA,33.9264
1179,10.8049,92,157,"2026-08-29_CPANS",1.73755907700862,368,48,85.5,69,26.5,21,326,302,201,203,65,63,128,124,220.2,44.566189677,-79.943062952,-0.219629,NA,NA,NA,34.5312
1180,10.8144,93,157,"2026-08-29_CPANS",1.73250173250173,378,52,82.5,92,24.5,26.5,338,302,200,203,66,63,128,124,220.2,44.566144498,-79.943164457,0,NA,NA,NA,34.632
1181,10.8242,94,157,"2026-08-29_CPANS",1.69790817712578,474,56,97,92,28.5,27,338,319,200,211,66,60,128,122,219.8,44.566096721,-79.943267805,-0.412739,NA,NA,NA,35.3376
1182,10.8339,95,157,"2026-08-29_CPANS",1.69790817712578,584,49,98.5,92,32.5,27,321,330,208,229,66,58,128,120,219.6,44.566047604,-79.943369897,-0.403871,NA,NA,NA,35.3376
1183,10.8438,96,157,"2026-08-29_CPANS",1.68350168350168,598,47,100,100,33.5,31.5,321,330,208,229,66,58,128,120,219.4,44.565999324,-79.943475341,-0.605891,NA,NA,NA,35.64
1184,10.854,97,157,"2026-08-29_CPANS",1.67403240926744,460,47,97.5,100,33.5,33,321,330,208,229,66,58,128,120,219.6,44.565948027,-79.943581372,-0.194759,NA,NA,NA,35.8416
1185,10.864,97,157,"2026-08-29_CPANS",1.68350168350168,345,47,97.5,100,33.5,33,0,0,357,357,0,0,357,357,220,44.565898238,-79.943684218,0.205241,NA,NA,NA,35.64
1186,10.8739,96,157,"2026-08-29_CPANS",1.67252048837598,402,50,95.5,100,36.5,33,305,0,214,357,66,0,129,357,220.8,44.565851886,-79.943790166,1.01332,NA,NA,NA,35.874
1187,10.8835,96,157,"2026-08-29_CPANS",1.68503353216729,410,58,98.5,83,34.5,25,304,0,214,357,66,0,131,357,221.2,44.565805869,-79.943892509,1.42999,NA,NA,NA,35.6076
1188,10.8932,96,157,"2026-08-29_CPANS",1.70120104793985,440,47,95.5,83,32,25,304,333,214,233,66,59,131,121,221.8,44.565763038,-79.943999127,1.62301,NA,NA,NA,35.2692
1189,10.9028,96,159,"2026-08-29_CPANS",1.70433241299383,371,62,100,99.5,37.5,32,304,333,214,233,66,59,131,121,222,44.565719536,-79.944104319,1.83135,NA,NA,NA,35.2044
1190,10.9125,96,159,"2026-08-29_CPANS",1.6898171617831,426,50,97,98,34.5,32.5,301,335,214,236,65,60,132,124,222,44.565676537,-79.944212362,1.83135,NA,NA,NA,35.5068
1191,10.9225,95,159,"2026-08-29_CPANS",1.68503353216729,355,47,87,99,29.5,31.5,298,322,210,240,65,66,132,131,222,44.565631693,-79.944321243,2.23951,NA,NA,NA,35.6076
1192,10.9323,95,157,"2026-08-29_CPANS",1.6946280291476,387,47,87,99,29.5,31.5,314,301,203,224,65,69,129,132,222,44.565588611,-79.94442937,2.4457,NA,NA,NA,35.406
1193,10.942,95,157,"2026-08-29_CPANS",1.71909919202338,328,51,99.5,85.5,34.5,23,323,325,208,226,69,65,132,128,222,44.565545947,-79.944537245,2.64772,NA,NA,NA,34.902
1194,10.9521,95,157,"2026-08-29_CPANS",1.70922640412949,408,57,94.5,97,33.5,28.5,308,325,212,226,69,65,135,128,221.8,44.565498757,-79.944642689,2.25362,NA,NA,NA,35.1036
1195,10.9619,95,157,"2026-08-29_CPANS",1.70607704643942,328,47,100,98.5,39,30.5,308,330,212,235,69,68,135,129,221.6,44.565452824,-79.944748133,1.64954,NA,NA,NA,35.1684
1196,10.9718,95,157,"2026-08-29_CPANS",1.68673885908984,307,48,82.5,97.5,27.5,32,298,330,214,235,69,68,136,129,221.6,44.565404041,-79.944853242,0.841455,NA,NA,NA,35.5716
1197,10.9818,96,157,"2026-08-29_CPANS",1.67554706611709,284,54,75.5,80,23.5,22,318,333,205,225,66,72,132,134,221.6,44.565355258,-79.944958603,0.424789,NA,NA,NA,35.8092
1198,10.9916,96,157,"2026-08-29_CPANS",1.69153218985757,278,47,80,67,27.5,17.5,335,338,197,208,62,66,125,127,221.6,44.565311421,-79.945065556,-0.193768,NA,NA,NA,35.4708
1199,11.0014,95,157,"2026-08-29_CPANS",1.71750480901347,297,47,80,67,27.5,17.5,338,345,198,194,65,63,128,118,221.8,44.565270433,-79.945173599,-0.19802,NA,NA,NA,34.9344
1200,11.0113,97,158,"2026-08-29_CPANS",1.66168162180126,249,49,82.5,97,28,29.5,336,326,195,183,65,51,128,108,221.6,44.565228021,-79.94528491,-0.40004,NA,NA,NA,36.108
1201,11.0216,100,158,"2026-08-29_CPANS",1.60348919248284,303,47,75.5,97,24,29.5,333,325,195,191,60,55,124,111,221.6,44.565183848,-79.945400413,-0.40004,NA,NA,NA,37.4184
1202,11.0321,101,158,"2026-08-29_CPANS",1.60921759840366,205,59,100,98.5,39.5,31.5,335,338,195,229,59,75,122,134,221.4,44.565137832,-79.945515078,-0.590516,NA,NA,NA,37.2852
1203,11.0425,100,158,"2026-08-29_CPANS",1.61938074880166,201,49,66,67,22,21,343,338,197,229,60,75,127,134,221.4,44.565091396,-79.945627982,-0.590516,NA,NA,NA,37.0512
1204,11.0527,100,158,"2026-08-29_CPANS",1.623798389192,240,56,73.5,67,23.5,21,343,339,197,224,60,77,127,136,221.2,44.565044374,-79.94573921,-0.588575,NA,NA,NA,36.9504
1205,11.063,99,158,"2026-08-29_CPANS",1.64479094707063,263,56,81.5,73.5,23,22.5,345,343,197,200,62,72,128,132,221,44.564995842,-79.945848761,-0.578668,NA,NA,NA,36.4788
1206,11.0733,99,158,"2026-08-29_CPANS",1.63719711853307,242,47,81.5,73.5,23,22.5,340,345,200,200,65,65,129,127,221,44.564947646,-79.945959486,-0.578668,NA,NA,NA,36.648
1207,11.0835,98,158,"2026-08-29_CPANS",1.63880694854146,307,47,71.5,71.5,22,22.5,338,345,200,201,65,62,129,125,221,44.564901043,-79.946069457,-0.578668,NA,NA,NA,36.612
1208,11.0935,98,159,"2026-08-29_CPANS",1.66168162180126,283,52,82,71.5,26,22.5,338,345,204,208,69,60,135,124,221,44.564855781,-79.946178673,-0.578668,NA,NA,NA,36.108
1209,11.1034,97,159,"2026-08-29_CPANS",1.6946280291476,284,59,85.5,81,29.5,25.5,332,339,207,229,70,65,138,129,221,44.564810518,-79.946285374,-0.78275,NA,NA,NA,35.406
1210,11.1132,96,160,"2026-08-29_CPANS",1.70433241299383,289,52,96.5,73.5,33,22,332,339,207,229,70,65,138,129,221.2,44.56476534,-79.946391573,-0.376648,NA,NA,NA,35.2044
1211,11.1231,95,160,"2026-08-29_CPANS",1.69307869429771,347,48,85.5,94,27.5,32,332,335,207,248,70,77,138,145,221.6,44.564721,-79.9464997,0.0273927,NA,NA,NA,35.4384
1212,11.1331,96,159,"2026-08-29_CPANS",1.67252048837598,265,50,83.5,89.5,26,28,319,336,208,226,69,75,136,141,221.8,44.564675654,-79.946608162,0.417869,NA,NA,NA,35.874
1213,11.1429,97,160,"2026-08-29_CPANS",1.67403240926744,207,52,74.5,74.5,24.5,23.5,333,335,204,215,68,69,132,134,221.8,44.564630224,-79.946714276,0.417869,NA,NA,NA,35.8416
1214,11.1529,99,160,"2026-08-29_CPANS",1.66168162180126,250,52,74.5,74.5,24.5,23.5,346,338,203,198,70,58,134,121,222,44.564584291,-79.9468219,0.813947,NA,NA,NA,36.108
1215,11.1631,100,161,"2026-08-29_CPANS",1.60487883164821,223,55,85.5,73,29.5,22.5,330,332,201,195,66,59,131,124,221.8,44.564538107,-79.946933631,0.812044,NA,NA,NA,37.386
1216,11.1735,101,161,"2026-08-29_CPANS",1.59337157425112,250,49,70,75.5,23,24,333,330,201,195,62,60,128,125,221.6,44.564488653,-79.947045781,0.619736,NA,NA,NA,37.656
1217,11.1841,102,161,"2026-08-29_CPANS",1.58639507582968,208,55,72,72,23,22,343,330,200,195,59,60,127,125,221.4,44.564437775,-79.947158014,0.431057,NA,NA,NA,37.8216
1218,11.1947,103,161,"2026-08-29_CPANS",1.56406406406406,250,50,73.5,67.5,24.5,19.5,343,339,200,194,59,63,127,124,221.2,44.564389495,-79.947273349,0.242377,NA,NA,NA,38.3616
1219,11.2052,104,161,"2026-08-29_CPANS",1.561426519268,248,47,73,72.5,22.5,21,347,339,204,194,63,65,129,121,220.8,44.564340797,-79.947388852,-0.138575,NA,NA,NA,38.4264
1220,11.2162,94,161,"2026-08-29_CPANS",1.56818466942667,230,72,78.5,72.5,25,21,347,338,204,195,66,66,132,122,220.6,44.564293104,-79.947507875,-0.524475,NA,NA,NA,38.2608
1221,11.2269,92,162,"2026-08-29_CPANS",1.55053183241852,254,50,99.5,97.5,33,33.5,347,342,203,222,68,72,131,136,220.4,44.564245494,-79.947626311,-1.11543,NA,NA,NA,38.6964
1222,11.2377,91,162,"2026-08-29_CPANS",1.57099318188959,212,51,99.5,97.5,33,33.5,347,339,203,238,68,70,131,138,219.8,44.564196125,-79.947742233,-1.87099,NA,NA,NA,38.1924
1223,11.2487,91,162,"2026-08-29_CPANS",1.56274417877793,270,51,77.5,92,24,27.5,347,338,200,236,66,72,129,138,219.8,44.564144325,-79.947857903,-1.87099,NA,NA,NA,38.394
1224,11.2592,91,162,"2026-08-29_CPANS",1.56818466942667,275,50,80.5,79,25,23,346,343,198,207,68,68,129,129,220,44.564094285,-79.947971227,-1.88051,NA,NA,NA,38.2608
1225,11.2698,91,161,"2026-08-29_CPANS",1.55458135124211,275,51,78.5,79,23.5,23,346,343,198,207,68,68,129,129,219.8,44.564046173,-79.94808631,-1.87311,NA,NA,NA,38.5956
1226,11.2802,91,161,"2026-08-29_CPANS",1.57232704402516,276,56,99,75,33.5,22,347,345,211,207,65,68,127,128,219.8,44.563999737,-79.948201142,-1.6808,NA,NA,NA,38.16
1227,11.2911,91,161,"2026-08-29_CPANS",1.56553322061494,246,47,83.5,75,25.5,22,349,346,235,219,65,68,128,128,220,44.56394911,-79.948316393,-1.30864,NA,NA,NA,38.3256
1228,11.3015,91,161,"2026-08-29_CPANS",1.56553322061494,266,50,82,92,26,29,347,345,228,238,70,72,132,135,220,44.563899489,-79.948429549,-1.11996,NA,NA,NA,38.3256
1229,11.3122,92,161,"2026-08-29_CPANS",1.54779593858346,226,49,74.5,93,23.5,27.5,338,340,205,224,69,70,129,132,219.8,44.563850036,-79.948546309,-0.925922,NA,NA,NA,38.7648
1230,11.3232,92,161,"2026-08-29_CPANS",1.54650335591228,211,49,74.5,93,23.5,27.5,338,342,201,207,68,68,128,128,219.8,44.563800248,-79.948663991,-0.744104,NA,NA,NA,38.7972
1231,11.3339,92,161,"2026-08-29_CPANS",1.54779593858346,165,46,71,93,22,27.5,350,347,198,201,66,66,127,127,219.6,44.563752471,-79.94878117,-0.744104,NA,NA,NA,38.7648
1232,11.3447,93,161,"2026-08-29_CPANS",1.54923467806903,187,45,70,59,21,16.5,0,347,198,201,69,66,131,127,219.6,44.563702598,-79.948897595,-0.188549,NA,NA,NA,38.7288
1233,11.3556,93,160,"2026-08-29_CPANS",1.5452129303418,233,53,77,77,22.5,23,0,347,198,201,69,66,131,127,219.6,44.563653648,-79.949015025,-0.188549,NA,NA,NA,38.8296
1234,11.3665,94,160,"2026-08-29_CPANS",1.51501378662546,275,44,93,78,31.5,22.5,353,345,198,203,66,63,128,125,219.4,44.563602686,-79.949131533,-0.562511,NA,NA,NA,39.6036
1235,11.3771,94,159,"2026-08-29_CPANS",1.51763491774419,199,61,83.5,72,29.5,22.5,332,342,201,219,63,66,127,129,219.4,44.563553401,-79.949246868,-0.373832,NA,NA,NA,39.5352
1236,11.3881,95,159,"2026-08-29_CPANS",1.48240386610928,370,44,84.5,91.5,27.5,26.5,319,339,203,226,62,70,127,135,219.2,44.563501349,-79.949365137,-0.55565,NA,NA,NA,40.4748
1237,11.3992,96,159,"2026-08-29_CPANS",1.48478099480327,310,44,84.5,91.5,27.5,26.5,321,335,203,243,63,70,127,134,219.2,44.563450219,-79.949486004,-0.739136,NA,NA,NA,40.41
1238,11.4103,96,159,"2026-08-29_CPANS",1.49222550511833,243,60,99,83,33,24.5,322,336,204,229,62,63,127,127,219,44.563398671,-79.94960662,-0.919316,NA,NA,NA,40.2084
1239,11.4214,96,159,"2026-08-29_CPANS",1.50611482619435,301,52,98.5,90.5,34.5,28,295,335,205,245,65,65,132,128,218.8,44.563345865,-79.949725475,-0.912581,NA,NA,NA,39.8376
1240,11.4327,95,159,"2026-08-29_CPANS",1.49853143918959,256,52,98.5,90.5,32.5,28,277,335,210,245,70,65,136,128,218.8,44.563291634,-79.949845839,-0.912581,NA,NA,NA,40.0392
1241,11.444,95,159,"2026-08-29_CPANS",1.49597582503067,233,48,80.5,90.5,26.5,28,277,325,210,226,70,66,136,129,218.8,44.563236648,-79.949966036,-0.725665,NA,NA,NA,40.1076
1242,11.4554,95,159,"2026-08-29_CPANS",1.49597582503067,292,44,78,78.5,25,23,312,332,205,207,66,63,129,127,218.6,44.563182753,-79.950086316,-0.901103,NA,NA,NA,40.1076
1243,11.4666,95,159,"2026-08-29_CPANS",1.49718529165169,301,44,78.5,88.5,24,25.5,338,332,201,201,63,59,125,122,218.6,44.563132378,-79.950206764,-0.901103,NA,NA,NA,40.0752
1244,11.4775,96,159,"2026-08-29_CPANS",1.49974504334263,279,44,78.5,88.5,24,25.5,345,332,198,201,60,59,124,121,218.6,44.563084433,-79.950326709,-0.717617,NA,NA,NA,40.0068
1245,11.4884,96,159,"2026-08-29_CPANS",1.49718529165169,251,54,83,93.5,25,25,345,332,198,201,60,59,124,121,218.6,44.56303607,-79.950447911,-0.717617,NA,NA,NA,40.0752
1246,11.4995,96,159,"2026-08-29_CPANS",1.49597582503067,208,54,92,93.5,34,25,338,332,198,201,63,59,127,121,218.6,44.5629867,-79.950569281,-0.535799,NA,NA,NA,40.1076
1247,11.5106,95,159,"2026-08-29_CPANS",1.50353330326267,207,54,71,75,23.5,23.5,338,332,198,201,63,59,127,121,218.8,44.562936409,-79.950690484,-0.355619,NA,NA,NA,39.906
1248,11.5217,94,159,"2026-08-29_CPANS",1.51377535573721,241,54,73.5,66,23,19.5,343,332,198,201,65,59,128,121,218.8,44.562885279,-79.950811015,-0.175439,NA,NA,NA,39.636
1249,11.5327,94,160,"2026-08-29_CPANS",1.52401853206535,245,54,74.5,70,22,20.5,346,345,198,200,63,62,127,125,218.8,44.562834485,-79.95093138,0,NA,NA,NA,39.3696
1250,11.5439,94,160,"2026-08-29_CPANS",1.53723175305909,270,54,86,90,27,26.5,347,347,200,201,65,65,127,127,218.8,44.562784529,-79.951051576,0,NA,NA,NA,39.0312
1251,11.5549,94,160,"2026-08-29_CPANS",1.52933259925369,241,51,82.5,90,26.5,26.5,347,345,200,204,63,65,125,127,218.4,44.562732812,-79.951169007,-0.358895,NA,NA,NA,39.2328
1252,11.5658,94,160,"2026-08-29_CPANS",1.52541338702788,241,51,82.5,90,26.5,26.5,349,342,200,205,66,62,128,124,218.2,44.562681766,-79.951285012,-0.366942,NA,NA,NA,39.3336
1253,11.5766,94,160,"2026-08-29_CPANS",1.51501378662546,187,49,70,65.5,24,18.5,352,342,198,205,68,62,129,124,217.8,44.562631643,-79.951402359,-0.737313,NA,NA,NA,39.6036
1254,11.5876,95,160,"2026-08-29_CPANS",1.50611482619435,191,51,77,56,23.5,17,352,345,198,204,68,60,129,122,217.4,44.562578921,-79.951520544,-1.10095,NA,NA,NA,39.8376
1255,11.5987,95,160,"2026-08-29_CPANS",1.49476831091181,184,57,72.5,56,25.5,17,352,350,198,200,68,66,129,128,217.4,44.562530473,-79.951643087,-1.10095,NA,NA,NA,40.14
1256,11.6098,96,160,"2026-08-29_CPANS",1.48610491900728,213,51,67,63,21.5,19,350,350,198,198,69,65,132,127,217.2,44.562480433,-79.951765714,-1.28113,NA,NA,NA,40.374
1257,11.6212,97,161,"2026-08-29_CPANS",1.48108652507479,286,53,71.5,65,22.5,20.5,352,349,198,197,66,63,129,127,217.2,44.56242922,-79.951890102,-1.46131,NA,NA,NA,40.5108
1258,11.633,97,161,"2026-08-29_CPANS",1.44751317236987,203,46,78.5,69,27,21,347,347,200,198,65,60,128,124,217,44.562374737,-79.952017004,-1.6308,NA,NA,NA,41.4504
1259,11.6447,98,161,"2026-08-29_CPANS",1.45700381735,203,51,66.5,95,21.5,29.5,345,340,200,200,62,59,127,124,216.8,44.562320758,-79.952142145,-1.80174,NA,NA,NA,41.1804
1260,11.6561,97,160,"2026-08-29_CPANS",1.47011261062597,210,51,66.5,95,21.5,29.5,347,342,198,195,65,60,128,125,216.6,44.562268706,-79.952265527,-1.97718,NA,NA,NA,40.8132
1261,11.6676,97,160,"2026-08-29_CPANS",1.47141049409964,227,55,77,64,25.5,20.5,347,342,198,195,65,60,128,125,216.4,44.562214894,-79.952387819,-1.78746,NA,NA,NA,40.7772
1262,11.6788,97,160,"2026-08-29_CPANS",1.4750567896864,207,51,82.5,65,27,20.5,347,340,201,195,66,62,131,127,216.2,44.562162424,-79.952508602,-1.78254,NA,NA,NA,40.6764
1263,11.69,97,159,"2026-08-29_CPANS",1.46778218112432,240,53,74.5,65,25,20.5,347,338,201,195,69,63,134,127,216.2,44.562111043,-79.952631481,-1.41217,NA,NA,NA,40.878
1264,11.7013,97,159,"2026-08-29_CPANS",1.47623265426631,293,51,79.5,69,24.5,19.5,346,342,201,197,69,65,134,127,216,44.562058823,-79.952752767,-1.22553,NA,NA,NA,40.644
1265,11.7124,96,159,"2026-08-29_CPANS",1.50475502588179,297,46,79.5,74.5,25,21.5,342,342,201,197,66,65,131,127,216,44.562008783,-79.952872796,-1.22553,NA,NA,NA,39.8736
1266,11.7235,96,159,"2026-08-29_CPANS",1.50611482619435,238,61,83,91.5,26,26,338,342,201,201,62,63,125,127,216,44.561956229,-79.95299249,-1.04535,NA,NA,NA,39.8376
1267,11.7346,95,159,"2026-08-29_CPANS",1.50993537476596,286,61,83,91.5,26,26,333,338,203,205,65,63,129,127,216,44.561903088,-79.953110591,-1.04535,NA,NA,NA,39.7368
1268,11.7458,94,159,"2026-08-29_CPANS",1.50231356288685,282,49,85,86,26,27,329,336,204,222,70,66,135,129,215.8,44.561850617,-79.953229614,-1.05443,NA,NA,NA,39.9384
1269,11.7565,94,160,"2026-08-29_CPANS",1.52541338702788,293,51,80,86,25,27,336,336,204,222,68,66,131,129,216,44.561802672,-79.953347379,-0.69657,NA,NA,NA,39.3336
1270,11.7674,94,160,"2026-08-29_CPANS",1.52401853206535,315,48,83,81.5,27,25.5,336,340,204,219,68,66,131,129,216,44.56175213,-79.953465983,-0.521131,NA,NA,NA,39.3696
1271,11.7783,94,160,"2026-08-29_CPANS",1.53186274509804,226,55,94.5,81.5,33.5,25.5,311,340,207,219,65,66,129,129,215.6,44.561701335,-79.95358224,-0.714191,NA,NA,NA,39.168
1272,11.7891,94,160,"2026-08-29_CPANS",1.54378164752377,226,53,74.5,72,22.5,22.5,311,318,207,214,65,73,129,135,215.4,44.561650289,-79.953698078,-0.720804,NA,NA,NA,38.8656
1273,11.7998,93,160,"2026-08-29_CPANS",1.53723175305909,245,53,74.5,72,22.5,22.5,336,339,198,203,62,68,125,129,215.2,44.561600669,-79.953814754,-0.90772,NA,NA,NA,39.0312
1274,11.8105,93,161,"2026-08-29_CPANS",1.55053183241852,295,55,77.5,72,23.5,22.5,340,343,200,204,63,66,125,128,215.2,44.561551299,-79.953931598,-0.730729,NA,NA,NA,38.6964
1275,11.8216,92,161,"2026-08-29_CPANS",1.54923467806903,237,51,85,96,27,31,342,343,203,204,65,66,127,128,215,44.561499834,-79.954049028,-0.910909,NA,NA,NA,38.7288
1276,11.8323,92,162,"2026-08-29_CPANS",1.54650335591228,292,59,81.5,96,25.5,31,342,342,203,204,65,65,127,127,214.8,44.561450633,-79.954165872,-1.09783,NA,NA,NA,38.7972
1277,11.8432,92,161,"2026-08-29_CPANS",1.53978812515398,292,53,86,73.5,28,22,338,343,204,208,66,65,128,125,214.8,44.561399419,-79.954283051,-1.09783,NA,NA,NA,38.9664
1278,11.854,92,161,"2026-08-29_CPANS",1.55183116076971,284,54,97.5,82.5,32,26.5,316,342,208,219,65,65,129,127,214.6,44.561349631,-79.954399727,-1.10444,NA,NA,NA,38.664
1279,11.865,92,161,"2026-08-29_CPANS",1.54249575813666,247,57,79.5,95.5,23.5,31,307,336,208,212,65,69,132,131,214.6,44.561297914,-79.954517828,-1.29135,NA,NA,NA,38.898
1280,11.8759,92,161,"2026-08-29_CPANS",1.54779593858346,288,57,79.5,95.5,23.5,31,325,336,203,207,59,68,125,129,214.4,44.561247371,-79.954634085,-1.47484,NA,NA,NA,38.7648
1281,11.8866,92,162,"2026-08-29_CPANS",1.55588747821758,301,55,84.5,72,26.5,20,338,338,201,222,59,66,124,128,214.2,44.561197331,-79.954748498,-1.29478,NA,NA,NA,38.5632
1282,11.8972,91,162,"2026-08-29_CPANS",1.56818466942667,308,46,83,72,25.5,20,339,338,203,222,60,66,122,128,214,44.5611488,-79.954862995,-1.29828,NA,NA,NA,38.2608
1283,11.9077,90,161,"2026-08-29_CPANS",1.58353127474268,333,49,83,72,25.5,20,339,339,203,218,60,66,122,128,214,44.561099515,-79.954975061,-1.11136,NA,NA,NA,37.89
1284,11.918,99,160,"2026-08-29_CPANS",1.60782043861342,294,52,90,88,29,27,339,343,212,224,70,66,135,127,214.4,44.561050564,-79.955085115,-0.723013,NA,NA,NA,37.3176
1285,11.9282,101,160,"2026-08-29_CPANS",1.57649136082734,337,52,90,93,26.5,29,325,343,225,225,77,66,150,128,215,44.561002871,-79.955197182,0.0454024,NA,NA,NA,38.0592
1286,11.9385,101,160,"2026-08-29_CPANS",1.60194796872998,228,50,92.5,94,30.5,27.5,323,332,214,219,69,63,138,128,215.4,44.560958363,-79.955311008,0.620668,NA,NA,NA,37.4544
1287,11.949,101,160,"2026-08-29_CPANS",1.59764826175869,260,47,70,65,23.5,19.5,323,316,210,222,68,68,135,131,215.8,44.560911173,-79.955424415,1.00162,NA,NA,NA,37.5552
1288,11.9593,101,160,"2026-08-29_CPANS",1.59337157425112,260,53,76.5,70,24.5,19.5,342,316,204,222,63,68,129,131,216,44.560861888,-79.955535643,1.38098,NA,NA,NA,37.656
1289,11.9699,102,159,"2026-08-29_CPANS",1.592001783042,260,53,76.5,70,24.5,19.5,343,340,203,201,62,70,129,129,215.8,44.560812267,-79.955648547,1.1923,NA,NA,NA,37.6884
1290,11.9804,102,158,"2026-08-29_CPANS",1.56966158096314,171,57,79,76,24.5,21.5,343,340,203,201,62,70,129,129,215.8,44.560762059,-79.955762457,1.37579,NA,NA,NA,38.2248
1291,11.991,103,159,"2026-08-29_CPANS",1.57932973246154,212,58,62,48,20.5,13.5,345,346,203,197,59,65,127,122,215.6,44.560712355,-79.955876535,1.37402,NA,NA,NA,37.9908
1292,12.0018,102,158,"2026-08-29_CPANS",1.57099318188959,200,51,69,62.5,22,17,354,347,203,197,66,65,131,122,215.2,44.560666422,-79.955995306,1.19233,NA,NA,NA,38.1924
1293,12.0125,94,158,"2026-08-29_CPANS",1.55996505678273,156,65,69,62.5,22,17,356,346,203,205,66,72,129,134,214.8,44.560619734,-79.956112485,0.818501,NA,NA,NA,38.4624
1294,12.0229,91,158,"2026-08-29_CPANS",1.57515042686577,274,49,97.5,54,32.5,17,346,333,204,228,69,69,132,135,214.4,44.56057288,-79.956227737,0.0455359,NA,NA,NA,38.0916
1295,12.0339,91,158,"2026-08-29_CPANS",1.55865207768322,243,55,84.5,77,29,22,323,333,203,228,75,69,135,135,214,44.560522085,-79.956344413,-0.906336,NA,NA,NA,38.4948
1296,12.0445,91,158,"2026-08-29_CPANS",1.55588747821758,329,55,84.5,77,29,22,336,333,203,222,70,68,131,131,213.8,44.560472884,-79.956459161,-1.48336,NA,NA,NA,38.5632
1297,12.0552,92,159,"2026-08-29_CPANS",1.53723175305909,301,49,84.5,77,29,22,338,336,204,211,69,63,129,125,213.6,44.560424017,-79.956575837,-2.05123,NA,NA,NA,39.0312
1298,12.0661,93,159,"2026-08-29_CPANS",1.53850887719622,264,48,88.5,91,29,27,338,329,204,211,69,65,129,125,213.6,44.560373977,-79.95669377,-2.24541,NA,NA,NA,38.9988
1299,12.077,93,159,"2026-08-29_CPANS",1.53850887719622,219,48,96,87,32.5,26,330,307,204,215,68,68,131,129,213.4,44.560323434,-79.956811704,-2.24021,NA,NA,NA,38.9988
1300,12.088,93,160,"2026-08-29_CPANS",1.53978812515398,208,52,74,94,22.5,30.5,312,339,203,218,72,72,138,135,213.2,44.560272221,-79.956928715,-2.42203,NA,NA,NA,38.9664
1301,12.0987,93,160,"2026-08-29_CPANS",1.54378164752377,218,58,82,66,28.5,19,328,339,200,218,72,72,135,135,212.6,44.560224695,-79.957046146,-2.7941,NA,NA,NA,38.8656
1302,12.1097,93,160,"2026-08-29_CPANS",1.52933259925369,257,42,76,66,23.5,19,342,349,200,208,72,66,134,129,212.6,44.560175661,-79.957164666,-2.42373,NA,NA,NA,39.2328
1303,12.1204,94,160,"2026-08-29_CPANS",1.5188796743522,222,56,76,66,23.5,19,343,349,201,215,70,65,132,129,212.4,44.560125035,-79.957281342,-2.23681,NA,NA,NA,39.5028
1304,12.1316,95,159,"2026-08-29_CPANS",1.48610491900728,267,56,81.5,87.5,25.5,26,343,346,200,211,66,68,128,132,212.2,44.560070887,-79.957400113,-2.03077,NA,NA,NA,40.374
1305,12.1429,96,159,"2026-08-29_CPANS",1.46778218112432,336,45,78.5,67.5,25,20,343,345,200,211,66,65,128,128,212.2,44.560016573,-79.957521316,-1.66713,NA,NA,NA,40.878
1306,12.1543,98,158,"2026-08-29_CPANS",1.46173185990762,268,50,99,97.5,35,31,336,333,203,224,66,63,131,127,212,44.559963934,-79.9576452,-1.65389,NA,NA,NA,41.0472
1307,12.1659,98,158,"2026-08-29_CPANS",1.46173185990762,207,48,72,72,24.5,21.5,298,318,208,215,65,63,132,127,211.8,44.559910961,-79.957769923,-1.63939,NA,NA,NA,41.0472
1308,12.1773,98,158,"2026-08-29_CPANS",1.4605789735051,237,52,70.5,62.5,24.5,18.5,318,333,203,200,66,66,132,129,211.8,44.559858322,-79.957895065,-1.63939,NA,NA,NA,41.0796
1309,12.189,98,158,"2026-08-29_CPANS",1.45815106445028,258,51,76,62.5,27,18.5,339,333,201,200,68,66,134,129,211.6,44.559805097,-79.958020793,-1.62685,NA,NA,NA,41.148
1310,12.2005,98,158,"2026-08-29_CPANS",1.4750567896864,258,47,76,62.5,27,18.5,340,339,204,203,72,63,141,128,211.2,44.559751705,-79.958142918,-1.79285,NA,NA,NA,40.6764
1311,12.2118,97,158,"2026-08-29_CPANS",1.47990291836856,245,47,78,77,27,23.5,330,338,203,203,72,62,138,127,211.2,44.559699569,-79.958264371,-1.23211,NA,NA,NA,40.5432
1312,12.223,97,158,"2026-08-29_CPANS",1.46778218112432,281,53,94,93,32.5,29.5,330,342,203,205,72,63,138,128,211,44.559646931,-79.95838549,-1.41068,NA,NA,NA,40.878
1313,12.2342,97,158,"2026-08-29_CPANS",1.47375246853538,343,52,83.5,87.5,29.5,27.5,318,340,204,215,72,68,136,132,210.8,44.559594628,-79.958505854,-1.40233,NA,NA,NA,40.7124
1314,12.2453,96,158,"2026-08-29_CPANS",1.49222550511833,277,48,80.5,77.5,25,22,312,339,204,224,69,66,132,129,210.6,44.559544169,-79.958626218,-1.40394,NA,NA,NA,40.2084
1315,12.2563,95,157,"2026-08-29_CPANS",1.51763491774419,232,49,77,77.5,24.5,22,330,342,203,214,65,62,129,127,210.4,44.559493458,-79.958745157,-1.58576,NA,NA,NA,39.5352
1316,12.2672,94,157,"2026-08-29_CPANS",1.53059662656504,258,55,83.5,76,26.5,22.5,339,342,201,221,70,63,134,127,210.6,44.559442245,-79.95886242,-1.22684,NA,NA,NA,39.2004
1317,12.2782,94,157,"2026-08-29_CPANS",1.53059662656504,312,56,92.5,76,28.5,22.5,329,339,205,215,70,66,134,129,210.8,44.559392456,-79.958981192,-0.872603,NA,NA,NA,39.2004
1318,12.289,93,158,"2026-08-29_CPANS",1.53581521071385,293,56,92.5,76,28.5,22.5,319,339,208,215,73,66,136,129,210.8,44.559343841,-79.959099628,-0.872603,NA,NA,NA,39.0672
1319,12.2999,93,158,"2026-08-29_CPANS",1.52401853206535,296,49,93,83,29.5,27,319,338,208,224,73,66,136,132,211,44.559292376,-79.959217394,-0.518177,NA,NA,NA,39.3696
1320,12.3108,93,158,"2026-08-29_CPANS",1.52541338702788,262,52,93,83,29.5,27,326,340,205,218,70,66,135,131,211.2,44.559240911,-79.959335662,0.0131357,NA,NA,NA,39.3336
1321,12.322,94,158,"2026-08-29_CPANS",1.5188796743522,236,50,71,80.5,21,24.5,343,342,203,212,66,68,128,129,211,44.559189447,-79.95945544,-0.165436,NA,NA,NA,39.5028
1322,12.3331,95,158,"2026-08-29_CPANS",1.51116752803216,216,48,73,80.5,21.5,24.5,347,342,200,205,65,66,127,129,210.8,44.559138736,-79.959574966,-0.167045,NA,NA,NA,39.7044
1323,12.3442,95,158,"2026-08-29_CPANS",1.50475502588179,210,53,73,80.5,21.5,24.5,346,346,198,203,63,65,127,127,210.4,44.559087606,-79.959694911,-0.348833,NA,NA,NA,39.8736
1324,12.3554,97,157,"2026-08-29_CPANS",1.47375246853538,188,56,69,67.5,20.5,20,347,346,200,203,66,65,128,127,210.2,44.559034465,-79.959816029,-0.347225,NA,NA,NA,40.7124
1325,12.3669,97,157,"2026-08-29_CPANS",1.45930011966261,171,56,69.5,61,22,19.5,352,350,200,200,63,63,127,127,209.8,44.558980318,-79.959938154,-0.513233,NA,NA,NA,41.1156
1326,12.3783,99,158,"2026-08-29_CPANS",1.44400161728181,241,56,69.5,61,22,19.5,352,350,200,198,63,66,127,128,209.6,44.558926255,-79.960061535,-0.872157,NA,NA,NA,41.5512
1327,12.39,99,158,"2026-08-29_CPANS",1.43814536773377,220,56,69.5,61,22,19.5,347,349,203,195,62,65,127,127,209.2,44.558869593,-79.960185084,-1.39586,NA,NA,NA,41.7204
1328,12.4016,98,158,"2026-08-29_CPANS",1.44512847192115,231,56,67,92.5,21.5,28,332,335,203,197,60,63,125,128,209.2,44.558815865,-79.960308801,-1.39586,NA,NA,NA,41.5188
1329,12.413,98,159,"2026-08-29_CPANS",1.45930011966261,227,52,69.5,92.5,23,28,342,339,200,195,62,63,127,127,208.8,44.558764819,-79.960433189,-1.93022,NA,NA,NA,41.1156
1330,12.4244,98,159,"2026-08-29_CPANS",1.46288656777553,270,51,74.5,68.5,24,20.5,345,340,200,195,66,65,131,127,208.8,44.558711259,-79.960555481,-2.11371,NA,NA,NA,41.0148
1331,12.4356,98,158,"2026-08-29_CPANS",1.47623265426631,261,46,70,68.5,20.5,20.5,346,340,200,195,65,65,129,127,208.8,44.558658118,-79.96067618,-1.93513,NA,NA,NA,40.644
1332,12.447,97,158,"2026-08-29_CPANS",1.47623265426631,291,46,81,76.5,24.5,23,345,340,200,200,65,63,129,127,208.6,44.558605982,-79.960798891,-1.93039,NA,NA,NA,40.644
1333,12.4581,96,159,"2026-08-29_CPANS",1.49853143918959,326,53,96.5,76.5,32.5,23,345,339,200,200,65,60,129,125,208.6,44.558555188,-79.960919172,-1.57003,NA,NA,NA,40.0392
1334,12.469,94,159,"2026-08-29_CPANS",1.53327200245324,317,53,96.5,76.5,32.5,23,333,339,203,211,65,62,129,127,208.6,44.558505986,-79.961036267,-1.39146,NA,NA,NA,39.132
1335,12.4795,92,159,"2026-08-29_CPANS",1.55458135124211,211,52,100,95,35,33.5,333,335,203,248,65,68,129,134,209,44.55845712,-79.961151015,-0.662682,NA,NA,NA,38.5956
1336,12.49,92,159,"2026-08-29_CPANS",1.57381177211206,228,45,81.5,95,27,33.5,325,333,207,260,68,70,132,139,209.2,44.55840775,-79.961264338,-0.296768,NA,NA,NA,38.124
1337,12.5007,92,159,"2026-08-29_CPANS",1.55458135124211,255,52,76.5,92.5,23.5,27.5,325,343,208,249,69,80,132,145,209.4,44.558356453,-79.961378667,0.232029,NA,NA,NA,38.5956
1338,12.5115,93,159,"2026-08-29_CPANS",1.54249575813666,268,51,80.5,75,25,22,345,343,203,249,69,80,131,145,209.4,44.55830767,-79.961496936,0.232029,NA,NA,NA,38.898
1339,12.5224,94,159,"2026-08-29_CPANS",1.52541338702788,244,50,74,77.5,24,23,347,347,203,208,70,68,132,129,209.2,44.558257211,-79.961616043,0.39942,NA,NA,NA,39.3336
1340,12.5336,94,159,"2026-08-29_CPANS",1.52401853206535,267,48,79.5,72,23.5,21,347,346,203,205,70,65,132,127,209,44.558206668,-79.961737329,0.220848,NA,NA,NA,39.3696
1341,12.5449,93,159,"2026-08-29_CPANS",1.50993537476596,276,48,79.5,72,23.5,21,347,346,201,207,72,60,135,122,208.8,44.55815512,-79.961857274,0.043857,NA,NA,NA,39.7368
1342,12.5557,93,160,"2026-08-29_CPANS",1.52012647452268,307,57,84,89.5,25.5,25.5,345,345,201,210,66,60,129,122,208.4,44.558106588,-79.961975627,-0.151075,NA,NA,NA,39.4704
1343,12.5665,93,160,"2026-08-29_CPANS",1.53327200245324,289,51,82,80.5,26,24.5,345,345,205,210,66,60,128,122,208.2,44.558057303,-79.96209356,-0.33626,NA,NA,NA,39.132
1344,12.5774,93,160,"2026-08-29_CPANS",1.53454255286499,259,52,84,79,26,22.5,345,345,205,215,66,68,128,129,208.4,44.558006592,-79.962211661,-0.152774,NA,NA,NA,39.0996
1345,12.5883,93,160,"2026-08-29_CPANS",1.54779593858346,228,45,81,87.5,28,25.5,340,345,204,218,68,68,129,129,208.2,44.557957558,-79.962330349,-0.717212,NA,NA,NA,38.7648
1346,12.5991,93,160,"2026-08-29_CPANS",1.55865207768322,231,59,98,86.5,34,25.5,338,345,205,218,75,68,136,129,208,44.557908608,-79.962446354,-1.09287,NA,NA,NA,38.4948
1347,12.6098,92,159,"2026-08-29_CPANS",1.55183116076971,269,51,84,86.5,27,25.5,338,345,205,218,75,68,136,129,208,44.557861418,-79.962563869,-1.27979,NA,NA,NA,38.664
1348,12.6207,93,159,"2026-08-29_CPANS",1.52793057083486,325,51,84,86.5,27,25.5,325,343,208,212,75,70,138,132,208,44.557811378,-79.962681886,-1.27979,NA,NA,NA,39.2688
1349,12.6316,93,159,"2026-08-29_CPANS",1.52793057083486,246,51,87,92,30.5,32.5,322,342,208,214,73,66,135,129,207.8,44.557761841,-79.96280049,-1.27979,NA,NA,NA,39.2688
1350,12.6426,94,159,"2026-08-29_CPANS",1.50353330326267,246,51,78,92,26,27,322,342,208,214,73,66,135,129,207.6,44.557711382,-79.962921441,-1.28304,NA,NA,NA,39.906
1351,12.6537,95,160,"2026-08-29_CPANS",1.49853143918959,267,51,80,67.5,25,18.5,322,342,208,214,73,66,135,129,207.6,44.557659833,-79.963042811,-1.10605,NA,NA,NA,40.0392
1352,12.6653,95,160,"2026-08-29_CPANS",1.49476831091181,193,51,73,67.5,21.5,18.5,322,345,208,201,73,60,135,124,207.2,44.557607698,-79.963166779,-1.0805,NA,NA,NA,40.14
1353,12.6767,96,159,"2026-08-29_CPANS",1.47623265426631,193,51,73.5,67.5,23.5,18.5,322,338,208,200,73,63,135,127,207,44.557554808,-79.963290244,-1.07076,NA,NA,NA,40.644
1354,12.6882,98,159,"2026-08-29_CPANS",1.46288656777553,190,51,87,65.5,28.5,19,350,338,200,200,62,63,127,127,206.6,44.557501415,-79.963412536,-1.60207,NA,NA,NA,41.0148
1355,12.6997,99,159,"2026-08-29_CPANS",1.4301241347749,209,53,77.5,64.5,27.5,19.5,350,342,200,198,62,66,127,129,206.2,44.557447184,-79.963536169,-1.76641,NA,NA,NA,41.9544
1356,12.7112,100,159,"2026-08-29_CPANS",1.4290205493155,276,53,77.5,64.5,27.5,19.5,340,340,203,197,63,66,128,128,205.8,44.557394462,-79.963661814,-1.92905,NA,NA,NA,41.9868
1357,12.723,100,159,"2026-08-29_CPANS",1.43702937288038,207,51,76,76,25,22.5,340,342,203,221,68,70,135,132,205.6,44.55734065,-79.963789135,-2.09854,NA,NA,NA,41.7528
1358,12.7346,99,159,"2026-08-29_CPANS",1.43591510869877,236,55,74.5,64,23.5,18.5,345,343,201,204,68,70,135,131,205.2,44.557287509,-79.963916121,-2.44337,NA,NA,NA,41.7852
1359,12.7463,98,158,"2026-08-29_CPANS",1.45930011966261,245,50,77.5,66.5,26,18.5,343,343,200,200,66,66,132,127,205.2,44.5572342,-79.964041011,-2.25988,NA,NA,NA,41.1156
1360,12.7575,97,158,"2026-08-29_CPANS",1.48610491900728,310,50,85,73,29,21.5,329,343,198,217,66,62,131,127,205.2,44.557183741,-79.964162717,-2.07806,NA,NA,NA,40.374
1361,12.7687,96,158,"2026-08-29_CPANS",1.48729847105717,315,57,87.5,88,29,25.5,323,343,200,217,68,62,132,127,205.4,44.557132192,-79.964284422,-1.89949,NA,NA,NA,40.3416
1362,12.7799,95,158,"2026-08-29_CPANS",1.50475502588179,327,48,85,85.5,26.5,24.5,323,336,200,219,68,65,132,129,205.6,44.557081649,-79.964404954,-1.37609,NA,NA,NA,39.8736
1363,12.7907,93,157,"2026-08-29_CPANS",1.5266709413453,323,50,98,78,34,23.5,328,335,203,211,66,65,129,128,205.8,44.557031945,-79.964522887,-1.01547,NA,NA,NA,39.3012
1364,12.8014,92,157,"2026-08-29_CPANS",1.561426519268,365,50,98,78,34,23.5,329,339,208,226,68,66,132,129,206,44.556981653,-79.964636713,-0.480727,NA,NA,NA,38.4264
1365,12.8119,91,158,"2026-08-29_CPANS",1.57515042686577,305,52,99.5,97.5,35,32,294,339,212,240,69,69,138,132,206,44.556932954,-79.964751042,-0.132901,NA,NA,NA,38.0916
1366,12.8224,90,158,"2026-08-29_CPANS",1.59063434497678,335,49,95.5,81.5,34,25.5,305,338,211,233,70,72,138,134,206.2,44.556883585,-79.96486403,0.405401,NA,NA,NA,37.7208
1367,12.8329,90,158,"2026-08-29_CPANS",1.59063434497678,289,51,89,96,26.5,31,321,338,208,233,73,72,139,134,206.2,44.556835305,-79.964977521,0.574893,NA,NA,NA,37.7208
1368,12.8433,90,158,"2026-08-29_CPANS",1.57932973246154,272,52,83.5,82.5,26.5,26,339,338,205,233,70,72,132,134,206,44.556787528,-79.965090426,0.727412,NA,NA,NA,37.9908
1369,12.8538,90,157,"2026-08-29_CPANS",1.57798396768289,248,54,83,82,26,25.5,339,342,205,222,70,70,132,132,205.8,44.556738913,-79.965204587,0.536936,NA,NA,NA,38.0232
1370,12.8645,91,158,"2026-08-29_CPANS",1.57099318188959,281,48,87.5,82,29.5,25.5,339,342,205,222,70,70,132,132,205.6,44.556689209,-79.965319335,0.35002,NA,NA,NA,38.1924
1371,12.8751,91,158,"2026-08-29_CPANS",1.57099318188959,248,48,87.5,82,29.5,25.5,345,345,204,207,63,66,124,127,205.4,44.556640007,-79.965433916,-0.0172303,NA,NA,NA,38.1924
1372,12.8857,91,157,"2026-08-29_CPANS",1.57381177211206,257,52,86,91,28.5,28,343,345,205,210,62,65,128,125,205,44.55659114,-79.965548329,-0.57316,NA,NA,NA,38.124
1373,12.8963,91,158,"2026-08-29_CPANS",1.57099318188959,256,51,92.5,86.5,31,25.5,343,342,205,211,62,66,128,127,204.8,44.556542106,-79.965662742,-0.947025,NA,NA,NA,38.1924
1374,12.9069,92,158,"2026-08-29_CPANS",1.56818466942667,291,55,85,93,25.5,29,340,335,207,205,66,62,132,122,204.8,44.556492318,-79.965776736,-1.13394,NA,NA,NA,38.2608
1375,12.9175,92,158,"2026-08-29_CPANS",1.56685782332111,269,47,82,79,25.5,25.5,342,335,204,205,63,62,127,122,204.6,44.556444792,-79.965894334,-1.32262,NA,NA,NA,38.2932
1376,12.9284,92,158,"2026-08-29_CPANS",1.57381177211206,262,50,77,81,23.5,25,342,332,204,204,63,60,127,121,204.4,44.556395088,-79.966010507,-1.69658,NA,NA,NA,38.124
1377,12.9392,92,158,"2026-08-29_CPANS",1.56553322061494,250,53,80.5,73,27.5,20.5,345,340,201,204,65,60,125,122,204.4,44.556344042,-79.966125842,-1.69658,NA,NA,NA,38.3256
1378,12.9498,92,157,"2026-08-29_CPANS",1.56406406406406,291,53,80.5,73,27.5,20.5,345,340,201,204,65,60,127,122,204.4,44.556295343,-79.96624168,-1.50427,NA,NA,NA,38.3616
1379,12.9605,91,157,"2026-08-29_CPANS",1.57798396768289,258,43,77,78,23,23,347,345,204,221,68,65,129,125,204.4,44.556245974,-79.96635735,-1.3138,NA,NA,NA,38.0232
1380,12.9712,91,157,"2026-08-29_CPANS",1.57798396768289,260,55,83,79,25.5,23,346,343,204,215,66,65,128,127,204.4,44.556196772,-79.966472853,-1.12688,NA,NA,NA,38.0232
1381,12.9818,90,157,"2026-08-29_CPANS",1.60056339831621,210,51,78.5,83,24.5,26,343,342,205,205,65,62,128,122,204.6,44.556146564,-79.966585003,-0.749524,NA,NA,NA,37.4868
1382,12.9922,100,157,"2026-08-29_CPANS",1.59337157425112,375,51,83.5,60,27.5,15,346,349,226,205,63,62,129,124,204.6,44.556097195,-79.966697069,-0.372165,NA,NA,NA,37.656
1383,13.0027,102,157,"2026-08-29_CPANS",1.58217834314284,390,50,91.5,60,30,15,332,347,236,217,65,62,132,125,204.4,44.556045981,-79.966808716,-0.373962,NA,NA,NA,37.9224
1384,13.0134,103,157,"2026-08-29_CPANS",1.57649136082734,331,56,84.5,78.5,27,24,325,347,217,217,63,62,132,125,204.4,44.555996025,-79.966922794,-0.373962,NA,NA,NA,38.0592
1385,13.0239,103,157,"2026-08-29_CPANS",1.58067779463834,302,56,84.5,78.5,27,24,325,335,217,232,63,62,132,128,204.4,44.555947829,-79.96703662,-0.185283,NA,NA,NA,37.9584
1386,13.0345,102,157,"2026-08-29_CPANS",1.58353127474268,287,52,78,78.5,25.5,24,325,333,208,212,72,62,142,125,204.2,44.555899633,-79.967151284,-0.190476,NA,NA,NA,37.89
1387,13.0451,102,157,"2026-08-29_CPANS",1.58775523165349,275,45,73,91,25.5,27,328,332,207,207,69,62,139,124,204.2,44.555852695,-79.967266619,-0.190476,NA,NA,NA,37.7892
1388,13.0555,102,157,"2026-08-29_CPANS",1.60056339831621,284,45,77,91,25.5,27,333,332,207,214,62,65,131,128,204.4,44.555805085,-79.967378937,0,NA,NA,NA,37.4868
1389,13.0657,101,156,"2026-08-29_CPANS",1.61061718850664,249,50,74.5,98.5,25,31,333,332,205,214,60,65,128,128,204.6,44.555757141,-79.967488572,0.19791,NA,NA,NA,37.2528
1390,13.0758,100,156,"2026-08-29_CPANS",1.61796589327897,267,48,78,98.5,26.5,31,336,332,203,214,63,65,129,128,204.6,44.555708358,-79.967598123,0.19791,NA,NA,NA,37.0836
1391,13.0862,100,155,"2026-08-29_CPANS",1.63270637408568,299,42,74,75,23.5,22.5,336,329,203,219,63,66,129,128,204.6,44.555658905,-79.967707591,0,NA,NA,NA,36.7488
1392,13.0965,100,156,"2026-08-29_CPANS",1.61796589327897,249,54,77.5,98,25,33.5,330,330,201,224,65,62,132,125,204.8,44.555610793,-79.967817562,0.203405,NA,NA,NA,37.0836
1393,13.1066,100,156,"2026-08-29_CPANS",1.61938074880166,254,50,76.5,67.5,23.5,19,336,336,201,207,63,62,131,124,205.2,44.555564357,-79.967927616,0.789921,NA,NA,NA,37.0512
1394,13.1167,100,156,"2026-08-29_CPANS",1.63880694854146,232,50,76.5,67.5,23.5,19,338,338,204,203,65,65,131,125,205,44.555518005,-79.968037,0.591901,NA,NA,NA,36.612
1395,13.127,100,156,"2026-08-29_CPANS",1.60194796872998,300,49,82,68,29.5,20,336,330,205,218,66,66,134,128,205,44.555470145,-79.96814915,0.591901,NA,NA,NA,37.4544
1396,13.1375,101,155,"2026-08-29_CPANS",1.59489633173844,268,46,75,68,26,20,332,326,205,215,66,63,134,128,204.8,44.555420859,-79.968261551,0.590104,NA,NA,NA,37.62
1397,13.1479,102,155,"2026-08-29_CPANS",1.59627111068544,186,53,76.5,82.5,25.5,23.5,332,326,205,215,66,63,134,128,204.6,44.555372663,-79.968375294,0.397797,NA,NA,NA,37.5876
1398,13.1585,101,155,"2026-08-29_CPANS",1.59337157425112,198,49,68.5,70,21,18,338,336,205,204,69,63,135,127,204.2,44.555322204,-79.968489036,-0.171869,NA,NA,NA,37.656
1399,13.1692,101,155,"2026-08-29_CPANS",1.60348919248284,279,43,77.5,60.5,26.5,17.5,338,336,205,204,69,63,135,127,204,44.555271494,-79.968600515,-0.554864,NA,NA,NA,37.4184
1400,13.1796,102,155,"2026-08-29_CPANS",1.592001783042,247,55,74,72.5,23,20,338,336,203,198,60,63,128,122,203.8,44.555222878,-79.968713168,-0.747171,NA,NA,NA,37.6884
1401,13.19,102,155,"2026-08-29_CPANS",1.59489633173844,224,55,74,72.5,23,20,339,338,201,197,59,63,127,121,203.6,44.555175102,-79.968825653,-0.939479,NA,NA,NA,37.62
1402,13.2005,102,155,"2026-08-29_CPANS",1.60194796872998,281,48,72.5,70,25,19.5,342,340,203,198,65,68,131,122,203.4,44.555125481,-79.9689373,-1.32413,NA,NA,NA,37.4544
1403,13.2109,102,155,"2026-08-29_CPANS",1.57515042686577,368,48,76,70,26.5,19.5,340,335,204,204,65,66,132,125,203.2,44.555076195,-79.969050707,-1.91248,NA,NA,NA,38.0916
1404,13.2215,103,155,"2026-08-29_CPANS",1.58488652212502,300,46,89.5,75.5,29,21.5,340,335,204,204,65,66,132,125,202.8,44.555026574,-79.969164114,-2.09182,NA,NA,NA,37.8576
1405,13.2321,103,155,"2026-08-29_CPANS",1.57099318188959,196,52,72,71.5,22.5,21.5,322,302,205,208,62,65,129,129,202.8,44.554975696,-79.969277941,-2.09182,NA,NA,NA,38.1924
1406,13.2428,102,154,"2026-08-29_CPANS",1.57932973246154,199,49,68.5,65.5,22.5,19.5,335,315,201,201,56,62,125,127,202.6,44.554925824,-79.969392186,-2.08826,NA,NA,NA,37.9908
1407,13.2534,102,155,"2026-08-29_CPANS",1.58639507582968,202,49,75,65.5,25.5,19.5,346,333,201,198,60,60,128,125,202.4,44.55487679,-79.969506264,-2.08463,NA,NA,NA,37.8216
1408,13.264,103,154,"2026-08-29_CPANS",1.56553322061494,202,59,75,65.5,25.5,19.5,347,336,201,198,62,62,129,127,202.2,44.55482742,-79.969621934,-1.89595,NA,NA,NA,38.3256
1409,13.2748,103,155,"2026-08-29_CPANS",1.58353127474268,210,59,71.5,64.5,22.5,19,347,339,201,197,62,66,125,127,202.4,44.554777967,-79.969737772,-1.52385,NA,NA,NA,37.89
1410,13.2855,103,154,"2026-08-29_CPANS",1.55865207768322,223,55,71.5,64.5,22.5,19,347,343,201,195,60,63,127,121,202.2,44.554727843,-79.969854113,-1.51846,NA,NA,NA,38.4948
1411,13.2963,103,154,"2026-08-29_CPANS",1.58067779463834,255,55,73.5,62,25.5,18,347,345,203,197,65,62,131,118,202,44.55467839,-79.969967939,-1.51133,NA,NA,NA,37.9584
1412,13.3069,97,155,"2026-08-29_CPANS",1.56274417877793,270,55,84.5,65,29,18.5,349,345,204,197,68,62,134,118,202,44.55462835,-79.970083442,-1.32086,NA,NA,NA,38.394
1413,13.3177,92,155,"2026-08-29_CPANS",1.55734130692082,301,60,100,71,37,20.5,349,343,204,205,68,66,134,124,201.8,44.554578562,-79.97019886,-1.31373,NA,NA,NA,38.5272
1414,13.3285,92,155,"2026-08-29_CPANS",1.54650335591228,216,56,80.5,98.5,27,36,339,340,205,245,70,72,136,141,201.6,44.55452827,-79.970316207,-1.12156,NA,NA,NA,38.7972
1415,13.3394,92,155,"2026-08-29_CPANS",1.53850887719622,209,52,80.5,98.5,27,36,315,335,203,226,75,66,138,132,201.4,44.554477727,-79.97043414,-1.30505,NA,NA,NA,38.9988
1416,13.3504,93,155,"2026-08-29_CPANS",1.53186274509804,220,52,75.5,68.5,23,21,335,343,200,204,72,63,134,125,201.6,44.554426849,-79.970551403,-0.936313,NA,NA,NA,39.168
1417,13.3612,93,156,"2026-08-29_CPANS",1.53723175305909,276,55,76.5,68,25,20,342,343,200,204,69,63,131,125,201.4,44.55437572,-79.970667493,-0.932819,NA,NA,NA,39.0312
1418,13.3721,93,156,"2026-08-29_CPANS",1.53327200245324,286,54,84.5,68,27.5,20,345,347,203,205,70,63,132,125,201.2,44.554324925,-79.970785091,-0.927626,NA,NA,NA,39.132
1419,13.3829,93,156,"2026-08-29_CPANS",1.5452129303418,233,55,85.5,88.5,27,26.5,340,347,203,205,70,63,132,125,201.2,44.554274131,-79.97090009,-1.11281,NA,NA,NA,38.8296
1420,13.3936,98,156,"2026-08-29_CPANS",1.55588747821758,210,52,73,63.5,23.5,19.5,340,345,203,210,70,65,132,127,201,44.554223588,-79.971014839,-1.11281,NA,NA,NA,38.5632
1421,13.4044,104,156,"2026-08-29_CPANS",1.53454255286499,242,61,77,63.5,25,19.5,343,350,201,208,68,68,129,131,201,44.554172542,-79.97113185,-0.927626,NA,NA,NA,39.0996
1422,13.4151,104,156,"2026-08-29_CPANS",1.56406406406406,246,46,69,69,22.5,20.5,345,356,200,212,59,75,125,136,200.8,44.554123843,-79.971247353,-1.11454,NA,NA,NA,38.3616
1423,13.4259,96,156,"2026-08-29_CPANS",1.55996505678273,258,46,69,69,22.5,20.5,346,356,203,212,62,75,128,136,200.6,44.554073384,-79.971363191,-1.11454,NA,NA,NA,38.4624
1424,13.4367,91,156,"2026-08-29_CPANS",1.55053183241852,291,58,86,66.5,28,18.5,340,336,204,219,68,66,131,128,200.6,44.554022422,-79.971478358,-0.929356,NA,NA,NA,38.6964
1425,13.4473,91,156,"2026-08-29_CPANS",1.55588747821758,266,45,88,66.5,28.5,18.5,340,338,204,233,68,70,131,134,200.6,44.55397255,-79.971592436,-0.74587,NA,NA,NA,38.5632
1426,13.4579,91,156,"2026-08-29_CPANS",1.55183116076971,272,49,79,97,23,32,338,338,203,233,69,70,132,134,200.4,44.553922929,-79.971707854,-1.11637,NA,NA,NA,38.664
1427,13.4687,91,156,"2026-08-29_CPANS",1.56406406406406,292,48,77.5,77.5,23.5,23.5,338,339,203,224,69,68,132,131,200.4,44.553872722,-79.971822184,-0.931182,NA,NA,NA,38.3616
1428,13.4794,91,156,"2026-08-29_CPANS",1.55053183241852,340,51,81.5,77.5,24.5,23.5,345,343,203,210,66,66,127,127,200.4,44.553822179,-79.971936597,-0.747696,NA,NA,NA,38.6964
1429,13.49,91,156,"2026-08-29_CPANS",1.56406406406406,256,44,95,81.5,32.5,25.5,332,345,204,226,69,66,132,128,200.4,44.553771803,-79.972049668,-0.747696,NA,NA,NA,38.3616
1430,13.5005,91,156,"2026-08-29_CPANS",1.56685782332111,270,55,95,81.5,32.5,25.5,314,342,204,225,70,68,135,129,200.2,44.553721344,-79.972161734,-0.751257,NA,NA,NA,38.2932
1431,13.5109,90,156,"2026-08-29_CPANS",1.58217834314284,306,48,87,79.5,27.5,24.5,319,343,203,218,69,65,132,125,200.2,44.553671891,-79.972273717,-0.751257,NA,NA,NA,37.9224
1432,13.5214,90,156,"2026-08-29_CPANS",1.57515042686577,307,48,87,79.5,27.5,24.5,333,343,203,219,72,65,135,125,200,44.553624282,-79.972388716,-0.754817,NA,NA,NA,38.0916
1433,13.532,90,156,"2026-08-29_CPANS",1.57932973246154,280,48,83,95.5,25,31,342,339,204,225,70,69,131,129,200,44.553574913,-79.972502207,-0.569632,NA,NA,NA,37.9908
1434,13.5425,90,156,"2026-08-29_CPANS",1.58639507582968,295,47,86,82,25.5,24.5,345,339,205,225,68,69,128,129,200,44.553526549,-79.972616034,-0.569632,NA,NA,NA,37.8216
1435,13.5529,90,155,"2026-08-29_CPANS",1.59063434497678,275,52,80,82,24.5,24.5,345,340,205,226,68,68,128,128,200.2,44.55347785,-79.97272877,-0.377324,NA,NA,NA,37.7208
1436,13.5636,89,156,"2026-08-29_CPANS",1.58775523165349,303,51,84,82,26,24.5,345,340,204,226,66,68,127,128,200,44.553429151,-79.972842932,-0.375561,NA,NA,NA,37.7892
1437,13.574,89,156,"2026-08-29_CPANS",1.60056339831621,305,52,97,83,32.5,26.5,343,346,205,212,66,69,127,129,200,44.553381961,-79.972956004,-0.375561,NA,NA,NA,37.4868
1438,13.5844,89,155,"2026-08-29_CPANS",1.59918121921576,242,52,99,83,31.5,26.5,343,347,205,217,66,69,127,129,200,44.553334855,-79.973068992,-0.375561,NA,NA,NA,37.5192
1439,13.5947,89,155,"2026-08-29_CPANS",1.61796589327897,250,52,99,83,31.5,26.5,343,346,205,250,66,70,127,134,200,44.553285234,-79.973178292,-0.375561,NA,NA,NA,37.0836
1440,13.6052,88,155,"2026-08-29_CPANS",1.60194796872998,224,52,85,95.5,26.5,25,345,345,205,228,66,72,127,134,200.2,44.553235781,-79.973290106,0,NA,NA,NA,37.4544
1441,13.6154,88,155,"2026-08-29_CPANS",1.61655350792111,229,55,75.5,69.5,23,21.5,346,349,203,215,66,69,125,129,200.4,44.553187333,-79.973398736,0.20147,NA,NA,NA,37.116
1442,13.6255,88,155,"2026-08-29_CPANS",1.60627088152146,225,57,77.5,69.5,24,21.5,346,349,203,215,66,69,125,129,200.4,44.553141903,-79.973509377,0.391946,NA,NA,NA,37.3536
1443,13.6356,89,155,"2026-08-29_CPANS",1.60194796872998,243,48,77.5,69.5,24,21.5,350,350,203,205,69,63,132,122,200.6,44.553094629,-79.973619515,0.589966,NA,NA,NA,37.4544
1444,13.646,89,155,"2026-08-29_CPANS",1.57932973246154,263,53,79.5,93.5,23,30.5,350,342,208,215,69,65,131,124,200.4,44.553044757,-79.973731665,0.397659,NA,NA,NA,37.9908
1445,13.6568,90,155,"2026-08-29_CPANS",1.56966158096314,263,58,100,87,37,28,350,342,208,215,69,65,131,124,200.2,44.552994047,-79.973846413,0.0201657,NA,NA,NA,38.2248
1446,13.6675,91,155,"2026-08-29_CPANS",1.56685782332111,263,58,100,87,37,28,0,342,357,215,0,65,357,124,200.2,44.552943588,-79.973960826,0.207082,NA,NA,NA,38.2932
1447,13.6781,91,156,"2026-08-29_CPANS",1.561426519268,216,55,100,99.5,38.5,33.5,0,0,357,357,0,0,357,357,200,44.552892877,-79.974073563,0.0184023,NA,NA,NA,38.4264
1448,13.6888,92,156,"2026-08-29_CPANS",1.54923467806903,251,51,69.5,99.5,21.5,38.5,352,339,208,231,66,65,127,128,199.8,44.552842921,-79.974187808,-0.168514,NA,NA,NA,38.7288
1449,13.6994,92,156,"2026-08-29_CPANS",1.54923467806903,294,51,74.5,65.5,22,19,350,346,203,212,65,63,125,125,199.8,44.552794306,-79.974302892,-0.168514,NA,NA,NA,38.7288
1450,13.71,93,157,"2026-08-29_CPANS",1.53581521071385,273,49,77.5,79.5,24,23.5,347,346,201,212,65,63,125,125,199.8,44.552744685,-79.9744194,-0.35899,NA,NA,NA,39.0672
1451,13.721,94,156,"2026-08-29_CPANS",1.52541338702788,283,53,80,71.5,25,21,347,346,201,205,65,62,125,124,199.6,44.552694813,-79.974538088,-0.736886,NA,NA,NA,39.3336
1452,13.732,94,156,"2026-08-29_CPANS",1.53059662656504,229,49,74,71.5,22.5,21,345,345,201,204,65,60,127,122,199.6,44.552644689,-79.974656776,-0.736886,NA,NA,NA,39.2004
1453,13.7429,94,155,"2026-08-29_CPANS",1.52151421094273,254,49,74,71.5,22.5,21,345,336,200,207,63,62,125,124,199.4,44.552596325,-79.974776721,-1.11839,NA,NA,NA,39.4344
1454,13.754,94,155,"2026-08-29_CPANS",1.5188796743522,236,49,82,71.5,26.5,20.5,345,336,200,207,63,62,125,124,199.2,44.552546956,-79.974897085,-1.10626,NA,NA,NA,39.5028
1455,13.765,94,156,"2026-08-29_CPANS",1.5124016938899,241,49,81,98.5,25,30.5,345,336,200,207,63,62,125,124,198.8,44.552498173,-79.975016359,-1.28472,NA,NA,NA,39.672
1456,13.7758,93,156,"2026-08-29_CPANS",1.5266709413453,255,49,82,69.5,26.5,20,345,336,204,207,72,62,134,124,198.8,44.552448385,-79.975133203,-1.28472,NA,NA,NA,39.3012
1457,13.7864,93,156,"2026-08-29_CPANS",1.53327200245324,232,49,79.5,69.5,25,20,343,336,204,207,70,62,132,124,198.8,44.552398009,-79.975248203,-1.09604,NA,NA,NA,39.132
1458,13.7971,93,156,"2026-08-29_CPANS",1.53850887719622,313,53,97.5,71.5,32.5,21,343,340,204,215,70,63,132,125,199,44.552346964,-79.975363454,-0.722205,NA,NA,NA,38.9988
1459,13.8081,93,156,"2026-08-29_CPANS",1.53850887719622,268,53,81,95,26,30.5,338,340,207,226,69,66,131,129,199.2,44.55229508,-79.975480968,-0.540387,NA,NA,NA,38.9988
1460,13.8191,93,156,"2026-08-29_CPANS",1.54121200912398,289,52,82.5,95,25,30.5,326,338,205,228,69,66,131,131,199.6,44.552242274,-79.975597896,-0.176751,NA,NA,NA,38.9304
1461,13.83,93,155,"2026-08-29_CPANS",1.54650335591228,277,52,82.5,95,25,30.5,338,338,203,219,66,66,128,129,199.8,44.552189803,-79.975713314,0.188554,NA,NA,NA,38.7972
1462,13.8408,93,155,"2026-08-29_CPANS",1.54249575813666,198,51,80,71.5,25,19.5,343,346,201,204,66,63,128,125,200,44.552136326,-79.975826554,0.373739,NA,NA,NA,38.898
1463,13.8516,93,155,"2026-08-29_CPANS",1.53454255286499,222,58,77,71.5,28.5,19.5,346,347,200,203,69,63,131,125,200.2,44.552086287,-79.975943649,0.74241,NA,NA,NA,39.0996
1464,13.8626,94,155,"2026-08-29_CPANS",1.51116752803216,192,49,75.5,70.5,25,20.5,346,347,200,203,69,63,129,125,200.2,44.552033229,-79.976062421,0.922591,NA,NA,NA,39.7044
1465,13.8739,94,155,"2026-08-29_CPANS",1.50475502588179,173,57,76,73.5,24.5,21,346,347,200,203,69,63,129,125,200.2,44.551979753,-79.976182366,1.28623,NA,NA,NA,39.8736
1466,13.8852,95,155,"2026-08-29_CPANS",1.48240386610928,237,50,79,73.5,25.5,21,347,350,198,201,68,65,129,127,199.8,44.551924516,-79.976302562,0.932245,NA,NA,NA,40.4748
1467,13.8966,96,155,"2026-08-29_CPANS",1.47741039505954,217,51,79,79.5,26.5,23,343,347,198,203,65,66,127,128,199.4,44.551870536,-79.976423848,0.581368,NA,NA,NA,40.6116
1468,13.908,97,156,"2026-08-29_CPANS",1.47258055015609,231,51,80,78,26.5,21.5,343,347,201,203,68,66,131,128,198.8,44.551819491,-79.976548152,-0.131864,NA,NA,NA,40.7448
1469,13.9197,99,155,"2026-08-29_CPANS",1.43938739672395,313,51,80,78,26.5,21.5,342,345,203,203,69,66,134,129,198.4,44.551763751,-79.976674048,-0.655563,NA,NA,NA,41.6844
1470,13.9314,99,155,"2026-08-29_CPANS",1.44638259712459,216,48,82.5,78,25,21.5,342,339,203,203,69,66,134,129,197.8,44.551707005,-79.976796759,-1.53202,NA,NA,NA,41.4828
1471,13.943,99,154,"2026-08-29_CPANS",1.47011261062597,253,55,79.5,79,26.5,24,343,339,201,203,66,66,131,129,197.2,44.551653696,-79.9769188,-2.23275,NA,NA,NA,40.8132
1472,13.9544,99,154,"2026-08-29_CPANS",1.43938739672395,231,48,74,70.5,22.5,19.5,343,338,201,198,66,65,131,127,197,44.551599801,-79.977041092,-2.59337,NA,NA,NA,41.6844
1473,13.9655,98,154,"2026-08-29_CPANS",1.45573121378869,182,60,77,66.5,26,19.5,343,339,200,197,66,63,132,127,196.8,44.55154557,-79.977160282,-2.95874,NA,NA,NA,41.2164
1474,13.9769,98,154,"2026-08-29_CPANS",1.46649068778413,192,59,72.5,62.5,23.5,20,343,346,200,197,68,66,132,129,196.6,44.551493267,-79.977282742,-3.13417,NA,NA,NA,40.914
1475,13.9882,98,155,"2026-08-29_CPANS",1.45573121378869,252,52,80,59,26,16.5,343,349,197,195,62,68,127,131,196.6,44.551441886,-79.977405537,-3.13417,NA,NA,NA,41.2164
1476,13.9996,99,155,"2026-08-29_CPANS",1.44162846351238,301,52,80,59,26,16.5,345,346,200,197,62,65,127,128,196.4,44.551388158,-79.977529421,-2.95563,NA,NA,NA,41.6196
1477,14.0111,99,155,"2026-08-29_CPANS",1.44400161728181,251,46,80,87,27,25,340,335,201,200,65,63,129,127,196.2,44.551333675,-79.977652803,-2.77867,NA,NA,NA,41.5512
1478,14.0228,99,154,"2026-08-29_CPANS",1.43938739672395,263,53,80.5,87,27.5,25,339,332,203,201,65,65,131,128,196.2,44.551278103,-79.977777526,-2.25235,NA,NA,NA,41.6844
1479,14.0346,100,154,"2026-08-29_CPANS",1.41087502469031,239,58,79.5,69,26.5,20,336,332,200,201,66,65,132,128,195.8,44.551224794,-79.977905937,-2.24945,NA,NA,NA,42.5268
1480,14.0463,102,155,"2026-08-29_CPANS",1.3955175974769,313,44,76.5,67,25,19,336,333,200,200,66,66,132,128,195.4,44.551168468,-79.978032419,-2.07851,NA,NA,NA,42.9948
1481,14.0586,104,155,"2026-08-29_CPANS",1.36243494373144,299,45,76.5,91,26,27,338,329,201,203,66,66,134,122,195,44.55111013,-79.978164854,-1.88648,NA,NA,NA,44.0388
1482,14.0712,105,155,"2026-08-29_CPANS",1.34202968569665,230,49,68.5,71,21.5,19,340,329,203,201,68,65,135,121,194.2,44.551051792,-79.97830064,-2.34596,NA,NA,NA,44.7084
1483,14.0841,107,155,"2026-08-29_CPANS",1.29530323048626,166,49,68.5,71,21.5,19,346,339,203,198,65,62,128,120,193.2,44.550991275,-79.978439277,-2.94097,NA,NA,NA,46.3212
1484,14.0973,102,156,"2026-08-29_CPANS",1.28412563885251,165,13,23,64,7,18.5,346,343,193,198,58,60,120,118,192,44.550929332,-79.978580344,-3.67462,NA,NA,NA,46.7244
1485,14.1109,99,156,"2026-08-29_CPANS",1.23612450245989,283,75,67,55.5,22,16,347,347,195,195,58,59,122,122,191,44.550864624,-79.97872577,-4.40992,NA,NA,NA,48.5388
1486,14.1247,101,156,"2026-08-29_CPANS",1.22010736944851,283,48,82.5,36.5,25,13.5,335,343,201,194,62,65,128,134,189.8,44.550803352,-79.978874801,-5.10404,NA,NA,NA,49.176
1487,14.1384,102,156,"2026-08-29_CPANS",1.22684333210649,305,47,82.5,36.5,25,13.5,330,343,203,194,62,65,128,134,189,44.550741159,-79.979021819,-5.51407,NA,NA,NA,48.906
1488,14.152,102,156,"2026-08-29_CPANS",1.21841265199698,242,50,82.5,36.5,25,13.5,330,333,203,194,62,69,128,139,188.4,44.550678881,-79.979170263,-5.95525,NA,NA,NA,49.2444
1489,14.1654,100,157,"2026-08-29_CPANS",1.24303898170247,307,56,81.5,96.5,24,29,339,305,201,198,62,70,127,135,188.2,44.550617945,-79.979314515,-5.76552,NA,NA,NA,48.2688
1490,14.1785,99,156,"2026-08-29_CPANS",1.26588688034837,333,56,81.5,96.5,24,29,339,329,198,198,62,68,125,128,188,44.550562708,-79.979460444,-5.57631,NA,NA,NA,47.3976
1491,14.1916,98,156,"2026-08-29_CPANS",1.25881168177241,383,53,83.5,96.5,26.5,29,338,335,201,198,63,68,127,127,188,44.550506717,-79.979606541,-5.25111,NA,NA,NA,47.664
1492,14.2047,97,156,"2026-08-29_CPANS",1.27401518626102,340,53,92,98,28.5,31,336,332,204,205,66,68,128,129,188.2,44.550451899,-79.979752302,-4.46352,NA,NA,NA,47.0952
1493,14.2176,97,156,"2026-08-29_CPANS",1.27772666871103,294,48,86,92.5,27.5,26,332,323,205,208,68,68,131,132,188.2,44.550392974,-79.979895046,-3.68832,NA,NA,NA,46.9584
1494,14.2308,96,156,"2026-08-29_CPANS",1.29249062944294,283,57,86.5,78,27,23,322,323,207,208,72,68,135,132,188.2,44.550331451,-79.980035946,-2.77923,NA,NA,NA,46.422
1495,14.2441,96,157,"2026-08-29_CPANS",1.29249062944294,277,47,83.5,96,27,32,322,335,207,211,72,66,135,131,188,44.55026976,-79.980176594,-2.19431,NA,NA,NA,46.422
1496,14.2569,95,157,"2026-08-29_CPANS",1.2990387113536,224,56,80,96,26,32,314,339,207,226,75,69,139,135,188,44.550211506,-79.98031632,-1.32475,NA,NA,NA,46.188
1497,14.2695,94,157,"2026-08-29_CPANS",1.31533948912214,286,50,81.5,96,23.5,32,318,339,203,219,66,68,129,134,188,44.550152162,-79.980451269,-0.740806,NA,NA,NA,45.6156
1498,14.2819,96,156,"2026-08-29_CPANS",1.34909071285953,247,40,67,80.5,21,23,338,339,208,204,66,63,129,127,188,44.550097009,-79.980585631,-0.29963,NA,NA,NA,44.4744
1499,14.2941,100,156,"2026-08-29_CPANS",1.35116876097825,274,40,67,80.5,21,23,347,339,212,203,68,62,132,125,188.2,44.550041102,-79.980719406,0.0135585,NA,NA,NA,44.406
1500,14.3063,99,156,"2026-08-29_CPANS",1.35215533560495,274,48,83.5,74.5,27,24,340,340,208,205,66,65,132,128,188.4,44.549984776,-79.980853433,0.330165,NA,NA,NA,44.3736
1501,14.3186,97,156,"2026-08-29_CPANS",1.3803765667274,294,53,79,74.5,26,24,338,340,205,205,66,65,131,128,188.6,44.549927611,-79.980984777,0.492766,NA,NA,NA,43.4664
1502,14.3307,96,156,"2026-08-29_CPANS",1.40421827168815,280,52,78,73,22.5,23,338,338,205,204,66,66,131,131,188.8,44.549868435,-79.981112182,0.505384,NA,NA,NA,42.7284
1503,14.3426,96,155,"2026-08-29_CPANS",1.42219188212874,217,67,88.5,77,28.5,23.5,336,339,203,205,63,65,128,129,188.8,44.549814455,-79.981240593,0.505384,NA,NA,NA,42.1884
1504,14.3544,101,155,"2026-08-29_CPANS",1.41651085047311,325,67,88.5,62,28,18.5,340,342,207,204,60,63,124,127,189,44.549760057,-79.981367998,0.674875,NA,NA,NA,42.3576
1505,14.366,99,155,"2026-08-29_CPANS",1.44162846351238,289,48,98,91,35.5,27,336,342,208,210,63,66,128,131,189.4,44.549706245,-79.981493056,1.17008,NA,NA,NA,41.6196
1506,14.3773,99,155,"2026-08-29_CPANS",1.46288656777553,228,48,98,91,35.5,27,323,342,207,210,65,66,129,131,189.6,44.549658049,-79.981617946,1.34707,NA,NA,NA,41.0148
1507,14.3884,97,155,"2026-08-29_CPANS",1.48108652507479,220,49,76.5,84,25.5,25.5,309,338,203,232,69,76,135,139,189.8,44.549611027,-79.981742334,1.52725,NA,NA,NA,40.5108
1508,14.3993,96,156,"2026-08-29_CPANS",1.50096061479347,246,49,73,69.5,22.5,22,332,340,200,217,70,73,135,136,190,44.549560903,-79.981862111,1.71074,NA,NA,NA,39.9744
1509,14.4106,95,156,"2026-08-29_CPANS",1.52276534186082,316,49,82,74,27.5,22,332,340,200,217,70,73,135,136,189.8,44.549511366,-79.98198323,1.36981,NA,NA,NA,39.402
1510,14.4214,96,156,"2026-08-29_CPANS",1.54650335591228,261,57,84,83,26,24.5,338,343,201,201,69,62,134,125,189.8,44.549463924,-79.982100828,1.20588,NA,NA,NA,38.7972
1511,14.4319,105,156,"2026-08-29_CPANS",1.54779593858346,354,40,81,83,26,24.5,336,343,208,203,66,62,131,124,189.8,44.549414136,-79.982214738,1.04327,NA,NA,NA,38.7648
1512,14.4426,105,155,"2026-08-29_CPANS",1.54923467806903,366,51,95,76,34.5,20.5,328,350,210,222,65,70,132,135,189.8,44.54936661,-79.982333174,0.877986,NA,NA,NA,38.7288
1513,14.4533,104,156,"2026-08-29_CPANS",1.55996505678273,318,50,95,76,34.5,20.5,321,339,210,231,65,69,134,132,190,44.549319839,-79.982451191,1.0649,NA,NA,NA,38.4624
1514,14.464,104,156,"2026-08-29_CPANS",1.561426519268,336,50,95,76,34.5,20.5,318,335,205,229,65,68,135,132,190.2,44.54927223,-79.982569041,1.08233,NA,NA,NA,38.4264
1515,14.4748,103,156,"2026-08-29_CPANS",1.56818466942667,351,36,0,0,0,0,326,330,205,232,68,66,136,132,190.6,44.549224034,-79.98268689,1.10787,NA,NA,NA,38.2608
1516,14.4856,103,156,"2026-08-29_CPANS",1.56818466942667,336,46,82.5,93.5,31,30,330,330,205,232,66,66,135,132,190.8,44.549174832,-79.982803734,1.11606,NA,NA,NA,38.2608
1517,14.4963,103,156,"2026-08-29_CPANS",1.58639507582968,274,54,89,80.5,28.5,23,330,330,205,222,66,66,135,131,190.8,44.549125798,-79.982918482,0.935882,NA,NA,NA,37.8216
1518,14.5068,102,155,"2026-08-29_CPANS",1.59063434497678,276,46,81.5,67.5,29,19,333,330,204,212,63,62,131,124,191,44.549079195,-79.983034655,0.942872,NA,NA,NA,37.7208
1519,14.5173,101,155,"2026-08-29_CPANS",1.61498708010336,258,51,78.5,69.5,28.5,20.5,319,330,200,212,65,62,132,124,191,44.549035358,-79.983150242,1.11986,NA,NA,NA,37.152
1520,14.5276,100,155,"2026-08-29_CPANS",1.623798389192,294,55,78.5,69.5,28.5,20.5,321,329,201,207,68,63,135,127,191,44.548991688,-79.98326499,1.11986,NA,NA,NA,36.9504
1521,14.5378,100,156,"2026-08-29_CPANS",1.62983245322381,317,55,90.5,69.5,34.5,20.5,314,330,204,214,69,63,136,129,191.2,44.548945839,-79.983377559,1.31594,NA,NA,NA,36.8136
1522,14.5481,100,156,"2026-08-29_CPANS",1.63880694854146,236,48,87.5,92.5,31,29,307,330,204,214,68,63,135,129,191.2,44.548898984,-79.983488871,1.31594,NA,NA,NA,36.612
1523,14.5585,99,155,"2026-08-29_CPANS",1.63880694854146,228,50,83,92.5,29,29,311,330,200,214,62,63,128,129,191.2,44.548852297,-79.983600602,1.12903,NA,NA,NA,36.612
1524,14.5686,99,155,"2026-08-29_CPANS",1.64171263462044,278,52,81.5,66.5,27,19,311,329,200,214,62,68,128,131,191.4,44.548806532,-79.983711494,1.14013,NA,NA,NA,36.5472
1525,14.5788,99,155,"2026-08-29_CPANS",1.6433313613357,278,44,82,74.5,26.5,22.5,311,335,200,200,62,66,128,128,191.4,44.548762275,-79.98382289,0.76976,NA,NA,NA,36.5112
1526,14.5889,99,156,"2026-08-29_CPANS",1.65853982154112,252,56,87,95.5,30,28.5,330,338,204,200,70,63,136,127,191.4,44.548716259,-79.983930346,0.584574,NA,NA,NA,36.1764
1527,14.5988,99,156,"2026-08-29_CPANS",1.63126814785815,263,52,78,71.5,26.5,21.5,321,335,204,217,70,62,136,128,191.4,44.548670577,-79.984039981,0.584574,NA,NA,NA,36.7812
1528,14.6088,99,156,"2026-08-29_CPANS",1.63719711853307,240,52,78,71.5,26.5,21.5,333,340,201,203,65,63,129,127,191.4,44.548627746,-79.984151963,0.394098,NA,NA,NA,36.648
1529,14.6191,99,156,"2026-08-29_CPANS",1.64788082525872,263,53,76,65,25.5,18,340,340,200,203,60,63,125,127,191.2,44.548581729,-79.984263442,0.199923,NA,NA,NA,36.4104
1530,14.6293,99,156,"2026-08-29_CPANS",1.63575097327183,230,46,79.5,70.5,27,20,342,340,203,203,60,63,125,127,191,44.548537305,-79.984376682,0,NA,NA,NA,36.6804
1531,14.6397,99,156,"2026-08-29_CPANS",1.623798389192,202,61,71,60,22,17,342,343,203,219,60,62,125,124,191,44.548491959,-79.984489586,-0.192233,NA,NA,NA,36.9504
1532,14.6499,100,156,"2026-08-29_CPANS",1.61498708010336,218,53,75.5,60,24.5,17,345,339,200,211,58,63,122,125,191,44.548444266,-79.98460006,-0.192233,NA,NA,NA,37.152
1533,14.6601,101,157,"2026-08-29_CPANS",1.61498708010336,212,54,74.5,68,23.5,19.5,346,338,200,198,56,60,121,122,190.6,44.548397495,-79.984711539,-0.58439,NA,NA,NA,37.152
1534,14.6706,102,157,"2026-08-29_CPANS",1.59627111068544,185,44,74.5,68,23.5,19.5,346,339,200,194,58,58,124,120,190.4,44.548350891,-79.984826874,-0.972886,NA,NA,NA,37.5876
1535,14.6811,102,156,"2026-08-29_CPANS",1.59764826175869,241,41,72,74.5,23.5,23,346,339,201,193,56,59,121,121,190.2,44.548303869,-79.984941203,-1.16336,NA,NA,NA,37.5552
1536,14.6918,103,156,"2026-08-29_CPANS",1.57798396768289,211,54,72.5,93,22.5,28.5,345,335,201,195,60,62,124,125,190,44.548255338,-79.985057041,-1.35028,NA,NA,NA,38.0232
1537,14.7023,103,155,"2026-08-29_CPANS",1.592001783042,201,54,72.5,93,22.5,28.5,345,338,200,198,60,63,125,124,189.8,44.548208567,-79.985172627,-1.54075,NA,NA,NA,37.6884
1538,14.7131,103,155,"2026-08-29_CPANS",1.56274417877793,182,51,63,61.5,18.5,18,345,338,200,198,60,63,125,124,189.6,44.548158275,-79.985288801,-1.72594,NA,NA,NA,38.394
1539,14.7238,104,155,"2026-08-29_CPANS",1.57099318188959,196,53,60,61.5,17.5,18,347,342,201,195,63,65,125,124,189.6,44.54811075,-79.985405644,-1.53176,NA,NA,NA,38.1924
1540,14.7346,99,155,"2026-08-29_CPANS",1.55183116076971,253,56,72,56,21.5,15.5,352,343,203,195,65,65,125,122,189.6,44.548063057,-79.985524332,-1.33569,NA,NA,NA,38.664
1541,14.7456,93,155,"2026-08-29_CPANS",1.52401853206535,265,58,85.5,65,25,18.5,350,343,204,195,65,65,125,122,189.4,44.548015112,-79.985646373,-1.5175,NA,NA,NA,39.3696
1542,14.7567,93,155,"2026-08-29_CPANS",1.51377535573721,238,43,93.5,96.5,29.5,28,350,336,204,245,65,63,125,127,189.2,44.547964234,-79.98576615,-1.69768,NA,NA,NA,39.636
1543,14.7679,94,155,"2026-08-29_CPANS",1.50611482619435,238,46,70.5,64.5,24,19.5,332,336,204,249,65,70,125,134,189,44.547913524,-79.985887436,-1.4841,NA,NA,NA,39.8376
1544,14.7791,96,155,"2026-08-29_CPANS",1.49476831091181,239,46,70.5,64.5,24,19.5,333,339,201,212,65,65,128,128,188.4,44.547862394,-79.986009393,-1.82934,NA,NA,NA,40.14
1545,14.7904,96,155,"2026-08-29_CPANS",1.50993537476596,220,54,76,69.5,23,21,339,342,201,204,65,63,128,127,188,44.547813108,-79.986131685,-1.99284,NA,NA,NA,39.7368
1546,14.8016,96,156,"2026-08-29_CPANS",1.49476831091181,256,46,69,69.5,23.5,21,342,342,201,204,68,63,131,127,187.8,44.547760722,-79.98625163,-1.9845,NA,NA,NA,40.14
1547,14.8129,96,156,"2026-08-29_CPANS",1.47375246853538,228,54,75,71,23.5,23,342,343,201,200,68,62,131,125,187.6,44.547710179,-79.98637476,-1.97101,NA,NA,NA,40.7124
1548,14.824,97,156,"2026-08-29_CPANS",1.47375246853538,264,55,78,70.5,23.5,21,340,343,200,201,65,62,128,125,187.4,44.547660642,-79.986497555,-1.96601,NA,NA,NA,40.7124
1549,14.8354,97,156,"2026-08-29_CPANS",1.45930011966261,255,49,78.5,70.5,24.5,21,340,343,201,201,63,62,128,125,187.4,44.547606746,-79.986620685,-1.96601,NA,NA,NA,41.1156
1550,14.8469,98,156,"2026-08-29_CPANS",1.4534461207523,255,49,83,85.5,25.5,25.5,338,336,203,201,66,63,129,128,187.2,44.547555868,-79.986746581,-2.13992,NA,NA,NA,41.2812
1551,14.8585,98,156,"2026-08-29_CPANS",1.43938739672395,238,49,83,85.5,25.5,25.5,325,328,203,200,69,66,134,131,187,44.547503732,-79.986873986,-2.13052,NA,NA,NA,41.6844
1552,14.8701,99,157,"2026-08-29_CPANS",1.45930011966261,221,42,73,89.5,25,28,328,332,203,204,66,66,132,132,186.8,44.547452184,-79.987000218,-2.12275,NA,NA,NA,41.1156
1553,14.8817,99,156,"2026-08-29_CPANS",1.46778218112432,248,41,73,93,24,25.5,329,332,201,204,63,66,128,132,186.6,44.547400635,-79.987126617,-2.11659,NA,NA,NA,40.878
1554,14.8933,98,156,"2026-08-29_CPANS",1.44638259712459,241,53,75.5,95,23,29,329,340,201,217,63,68,128,134,186.4,44.547346153,-79.987252513,-1.75329,NA,NA,NA,41.4828
1555,14.905,98,156,"2026-08-29_CPANS",1.46288656777553,262,51,74.5,67.5,23,21,338,339,200,212,60,66,125,132,186.2,44.547296364,-79.987378577,-1.57025,NA,NA,NA,41.0148
1556,14.9163,98,156,"2026-08-29_CPANS",1.46894647159058,247,46,75.5,85,22,26,340,342,201,203,62,63,125,127,186,44.547247162,-79.98750221,-1.56867,NA,NA,NA,40.8456
1557,14.9276,98,155,"2026-08-29_CPANS",1.4510418480469,247,46,75.5,85,22,26,336,339,203,203,70,66,134,128,185.8,44.547194943,-79.987624669,-1.56867,NA,NA,NA,41.3496
1558,14.939,98,156,"2026-08-29_CPANS",1.44990575612585,273,46,75.5,85,22,26,336,338,203,204,70,68,134,129,185.8,44.547142975,-79.987748135,-1.38849,NA,NA,NA,41.382
1559,14.9503,98,153,"2026-08-29_CPANS",1.44512847192115,242,46,0,0,0,0,336,339,203,201,70,62,134,127,185.6,44.547091846,-79.987872271,-1.56548,NA,NA,NA,41.5188
1560,14.9616,98,153,"2026-08-29_CPANS",1.46778218112432,210,46,0,0,0,0,336,339,203,201,70,62,134,127,185.6,44.547041135,-79.987995569,-1.39157,NA,NA,NA,40.878
1561,14.9729,98,153,"2026-08-29_CPANS",1.4605789735051,246,50,0,0,0,0,336,340,203,198,70,62,134,125,185.4,44.546989586,-79.988119537,-1.39615,NA,NA,NA,41.0796
1562,14.9842,97,153,"2026-08-29_CPANS",1.47375246853538,210,54,0,0,0,0,336,345,203,197,70,65,134,127,185.4,44.54693787,-79.988241913,-1.22373,NA,NA,NA,40.7124
1563,14.9955,97,154,"2026-08-29_CPANS",1.48359147825055,228,54,73,69,22,24,349,349,205,204,62,59,128,122,185.4,44.546885483,-79.988363953,-1.05132,NA,NA,NA,40.4424
1564,15.0067,97,154,"2026-08-29_CPANS",1.48359147825055,242,58,78,66.5,25,19.5,346,349,207,208,62,60,127,124,185.4,44.546832761,-79.988485575,-0.878905,NA,NA,NA,40.4424
1565,15.0181,97,153,"2026-08-29_CPANS",1.48478099480327,195,62,95.5,66.5,31.5,19.5,346,349,212,208,65,60,128,124,185.4,44.546781296,-79.98860904,-0.707965,NA,NA,NA,40.41
1566,15.0296,96,153,"2026-08-29_CPANS",1.47375246853538,195,62,95.5,66.5,31.5,19.5,343,346,214,208,66,72,131,135,185.2,44.546728239,-79.988733008,-0.704886,NA,NA,NA,40.7124
1567,15.0409,96,153,"2026-08-29_CPANS",1.48478099480327,226,66,84,56,28.5,19,343,346,210,208,62,72,127,135,185,44.546678283,-79.988857647,-0.704886,NA,NA,NA,40.41
1568,15.0523,96,153,"2026-08-29_CPANS",1.50231356288685,230,55,79,56,26,19,343,347,210,208,62,72,127,136,184.8,44.546625309,-79.988978514,-0.880325,NA,NA,NA,39.9384
1569,15.0637,96,154,"2026-08-29_CPANS",1.49342891278375,270,55,78,67.5,26.5,20,343,346,207,208,62,70,125,134,184.6,44.546574012,-79.989101561,-0.878773,NA,NA,NA,40.176
1570,15.0749,96,154,"2026-08-29_CPANS",1.4750567896864,322,59,95,66.5,30,20.5,345,343,208,232,60,72,125,139,184.2,44.546523385,-79.989224188,-1.23592,NA,NA,NA,40.6764
1571,15.0861,96,154,"2026-08-29_CPANS",1.48240386610928,239,49,84.5,73,28,23,340,338,210,246,60,69,124,139,184.2,44.546473848,-79.989347151,-1.05892,NA,NA,NA,40.4748
1572,15.0972,96,154,"2026-08-29_CPANS",1.49718529165169,205,52,74.5,96,22,27,325,328,207,225,62,70,127,136,184.2,44.546425401,-79.989469023,-1.05892,NA,NA,NA,40.0752
1573,15.1083,95,154,"2026-08-29_CPANS",1.50734074944982,217,58,79.5,67,25,19,336,328,201,225,63,70,127,136,184.2,44.546377624,-79.98959031,-1.05892,NA,NA,NA,39.8052
1574,15.1192,95,154,"2026-08-29_CPANS",1.50353330326267,270,58,79.5,67,25,19,338,336,203,203,65,65,128,127,184,44.546327165,-79.989709081,-1.24241,NA,NA,NA,39.906
1575,15.1303,95,153,"2026-08-29_CPANS",1.49853143918959,256,49,85,67.5,27.5,20.5,338,340,203,200,65,62,128,124,184,44.546275113,-79.989828942,-1.24241,NA,NA,NA,40.0392
1576,15.1413,94,153,"2026-08-29_CPANS",1.51116752803216,247,50,85.5,93.5,29,29.5,311,338,207,228,69,65,134,131,184,44.546222726,-79.98994654,-1.0685,NA,NA,NA,39.7044
1577,15.1523,94,152,"2026-08-29_CPANS",1.5188796743522,253,52,79,85.5,25.5,25.5,309,336,204,219,69,65,134,129,184,44.546167825,-79.990063049,-0.891506,NA,NA,NA,39.5028
1578,15.1634,93,152,"2026-08-29_CPANS",1.53327200245324,299,52,83,85.5,27.5,25.5,333,335,201,203,65,62,127,125,184.2,44.546115522,-79.990180898,-0.535888,NA,NA,NA,39.132
1579,15.1744,93,152,"2026-08-29_CPANS",1.52793057083486,275,53,82.5,75.5,26.5,22.5,343,338,201,203,63,63,125,125,184.2,44.546066404,-79.990300173,-0.360449,NA,NA,NA,39.2688
1580,15.1853,93,152,"2026-08-29_CPANS",1.53059662656504,285,57,94.5,91.5,32,27.5,345,338,205,203,66,63,128,125,184.2,44.546019633,-79.990420034,0,NA,NA,NA,39.2004
1581,15.1961,93,153,"2026-08-29_CPANS",1.5452129303418,267,57,94.5,91.5,32,27.5,338,338,207,203,66,63,128,125,184.6,44.545970515,-79.990535704,0.367064,NA,NA,NA,38.8296
1582,15.2067,93,153,"2026-08-29_CPANS",1.52793057083486,318,55,93.5,79.5,29.5,23,338,336,207,205,66,68,128,129,184.8,44.545920559,-79.990650956,0.555744,NA,NA,NA,39.2688
1583,15.2174,93,153,"2026-08-29_CPANS",1.53850887719622,256,55,99.5,79.5,35,23,338,326,207,205,66,70,128,134,184.8,44.545872027,-79.99076738,0.555744,NA,NA,NA,38.9988
1584,15.2283,93,154,"2026-08-29_CPANS",1.51763491774419,310,55,91,94,27.5,28.5,321,332,205,207,63,70,125,134,185,44.545820227,-79.990885062,0.922716,NA,NA,NA,39.5352
1585,15.2392,93,154,"2026-08-29_CPANS",1.53327200245324,238,54,86,78,28,23,329,339,205,205,65,72,128,134,185.2,44.545770439,-79.991002996,1.1062,NA,NA,NA,39.132
1586,15.25,103,154,"2026-08-29_CPANS",1.53327200245324,238,43,77,78,24.5,23,346,339,205,203,63,63,129,122,185.4,44.545721405,-79.991121935,1.29139,NA,NA,NA,39.132
1587,15.2609,106,155,"2026-08-29_CPANS",1.54378164752377,266,54,79.5,78,26.5,23,343,339,204,203,59,63,125,122,185.4,44.545671197,-79.991239365,1.29139,NA,NA,NA,38.8656
1588,15.272,107,154,"2026-08-29_CPANS",1.51116752803216,313,54,79.5,78,26.5,23,339,333,207,201,60,65,127,122,185.6,44.545620235,-79.991360484,1.29139,NA,NA,NA,39.7044
1589,15.2833,108,155,"2026-08-29_CPANS",1.50734074944982,350,46,77,77,26,22,332,333,207,201,58,65,127,125,185.4,44.545567429,-79.991479423,1.1144,NA,NA,NA,39.8052
1590,15.2942,108,156,"2026-08-29_CPANS",1.50611482619435,291,47,83.5,77,27.5,22,332,332,207,201,58,63,127,124,185.4,44.545516802,-79.991598362,1.1144,NA,NA,NA,39.8376
1591,15.3052,107,155,"2026-08-29_CPANS",1.53186274509804,202,51,66,84,21,25,330,328,201,217,56,60,127,124,185.2,44.545468858,-79.991717469,0.562208,NA,NA,NA,39.168
1592,15.3159,106,156,"2026-08-29_CPANS",1.53454255286499,268,46,75,64.5,24,19,336,329,203,204,58,60,129,121,185,44.545418818,-79.991834732,0.186613,NA,NA,NA,39.0996
1593,15.3267,105,156,"2026-08-29_CPANS",1.56274417877793,274,54,72,95.5,23.5,28.5,338,330,203,201,58,63,129,125,185,44.545371041,-79.991951659,0.186613,NA,NA,NA,38.394
1594,15.3373,105,156,"2026-08-29_CPANS",1.55996505678273,277,49,72.5,76,23.5,23,336,330,203,201,55,63,125,125,185,44.545322594,-79.992068419,0,NA,NA,NA,38.4624
1595,15.348,103,156,"2026-08-29_CPANS",1.57649136082734,277,49,72.5,76,23.5,23,335,336,203,207,58,65,127,128,185,44.545274984,-79.992185514,-0.18036,NA,NA,NA,38.0592
1596,15.3587,103,156,"2026-08-29_CPANS",1.57232704402516,219,48,73,98,23,31.5,335,330,204,221,59,62,128,127,184.8,44.545226705,-79.992303448,-0.552461,NA,NA,NA,38.16
1597,15.3695,102,156,"2026-08-29_CPANS",1.60487883164821,231,47,66,76.5,22.5,23.5,335,330,204,221,59,62,128,127,184.8,44.54517876,-79.992418699,-0.552461,NA,NA,NA,37.386
1598,15.3799,102,156,"2026-08-29_CPANS",1.59489633173844,230,51,67,71,21.5,23,338,0,201,357,56,0,124,357,184.6,44.545130061,-79.99253286,-0.924949,NA,NA,NA,37.62
1599,15.3906,101,156,"2026-08-29_CPANS",1.60921759840366,234,52,65.5,66.5,19.5,19.5,340,345,200,200,55,66,122,127,184.4,44.545083123,-79.992647944,-0.934874,NA,NA,NA,37.2852
1600,15.401,102,156,"2026-08-29_CPANS",1.59918121921576,280,51,75,66.5,23,19.5,345,345,200,200,60,66,125,125,184.2,44.545035849,-79.992761938,-1.12718,NA,NA,NA,37.5192
1601,15.4116,102,156,"2026-08-29_CPANS",1.57381177211206,278,47,80.5,92,27.5,29.5,339,345,203,200,60,66,128,125,184.4,44.544985725,-79.992876854,-0.756684,NA,NA,NA,38.124
1602,15.4222,102,156,"2026-08-29_CPANS",1.60782043861342,235,45,80.5,92,27.5,29.5,338,339,204,201,59,62,127,125,184.2,44.544938954,-79.992990931,-0.758447,NA,NA,NA,37.3176
1603,15.4328,102,157,"2026-08-29_CPANS",1.57232704402516,301,54,80.5,96,27,31.5,338,330,204,201,59,66,127,129,184.2,44.544890171,-79.993106686,-0.758447,NA,NA,NA,38.16
1604,15.4435,102,157,"2026-08-29_CPANS",1.58217834314284,294,54,80.5,96,27,31.5,332,328,205,205,63,68,131,131,184.2,44.544841137,-79.993220931,-0.758447,NA,NA,NA,37.9224
1605,15.4539,102,157,"2026-08-29_CPANS",1.592001783042,270,60,80.5,96,27,31.5,330,328,205,205,62,68,129,131,184.2,44.544794031,-79.993335344,-0.758447,NA,NA,NA,37.6884
1606,15.4645,102,157,"2026-08-29_CPANS",1.58217834314284,289,47,81.5,90,27.5,28,329,325,207,221,65,63,132,131,184.2,44.544746002,-79.99345026,-0.571531,NA,NA,NA,37.9224
1607,15.475,101,157,"2026-08-29_CPANS",1.60627088152146,259,47,84.5,90,27,28,325,326,207,232,68,68,135,136,184.4,44.544697639,-79.993563667,-0.381055,NA,NA,NA,37.3536
1608,15.4852,101,157,"2026-08-29_CPANS",1.62237580713196,281,43,78,97.5,25.5,32,323,326,204,228,65,69,132,136,184.4,44.544651957,-79.993676655,-0.188747,NA,NA,NA,36.9828
1609,15.4957,100,157,"2026-08-29_CPANS",1.63270637408568,267,48,73,74.5,23,22.5,328,326,203,228,63,69,129,136,184.6,44.544607785,-79.993791655,0.188645,NA,NA,NA,36.7488
1610,15.5059,99,158,"2026-08-29_CPANS",1.65853982154112,316,45,83,77,26.5,24.5,328,332,203,208,63,63,129,129,184.6,44.544559002,-79.993898692,0.380952,NA,NA,NA,36.1764
1611,15.5159,98,158,"2026-08-29_CPANS",1.65540987948616,271,45,83,77,26.5,24.5,333,335,201,200,63,62,128,125,184.6,44.544512315,-79.994006231,0.192273,NA,NA,NA,36.2448
1612,15.5259,98,158,"2026-08-29_CPANS",1.66002656042497,268,51,85.5,94,28.5,28.5,329,333,203,201,65,59,129,124,185,44.544467891,-79.994115867,0.780952,NA,NA,NA,36.144
1613,15.5357,97,158,"2026-08-29_CPANS",1.68197261748579,288,57,85.5,94,28.5,28.5,300,328,205,221,68,59,132,127,185.2,44.544422042,-79.994221646,0.985034,NA,NA,NA,35.6724
1614,15.5455,96,157,"2026-08-29_CPANS",1.6898171617831,287,48,86.5,79.5,28.5,25,302,330,204,219,65,60,129,127,185.2,44.544376277,-79.994327594,0.985034,NA,NA,NA,35.5068
1615,15.5554,96,157,"2026-08-29_CPANS",1.69790817712578,275,51,84,92,27,30,318,330,203,219,63,60,127,127,185.6,44.544330595,-79.994434044,1.38907,NA,NA,NA,35.3376
1616,15.5653,96,158,"2026-08-29_CPANS",1.68197261748579,275,52,89.5,89,31,27,328,330,204,219,66,60,129,127,185.8,44.544284998,-79.994540829,1.59109,NA,NA,NA,35.6724
1617,15.5752,97,158,"2026-08-29_CPANS",1.66168162180126,281,54,89.5,90,30.5,28.5,328,335,204,212,66,62,129,125,185.8,44.544237891,-79.994647447,1.40062,NA,NA,NA,36.108
1618,15.5851,97,157,"2026-08-29_CPANS",1.67403240926744,286,48,89.5,90,30.5,28.5,328,338,204,226,66,65,129,128,185.8,44.54419112,-79.994753897,1.40062,NA,NA,NA,35.8416
1619,15.595,97,157,"2026-08-29_CPANS",1.68350168350168,251,48,81.5,83,28,26.5,316,338,205,229,69,65,132,128,185.8,44.544149211,-79.994864203,1.21014,NA,NA,NA,35.64
1620,15.6051,97,157,"2026-08-29_CPANS",1.66466906379012,242,53,80,72,26.5,21,329,338,201,217,62,60,127,124,185.8,44.544104368,-79.994974006,1.21014,NA,NA,NA,36.0432
1621,15.615,97,156,"2026-08-29_CPANS",1.66933760683761,211,52,78,72,27,21,333,339,201,203,65,56,129,121,185.6,44.544058603,-79.995081965,1.00812,NA,NA,NA,35.9424
1622,15.625,96,156,"2026-08-29_CPANS",1.67723323605381,220,50,74.5,68,24.5,20,336,333,201,198,63,55,128,120,185.4,44.544013005,-79.995191265,0.408122,NA,NA,NA,35.7732
1623,15.635,96,156,"2026-08-29_CPANS",1.69153218985757,241,54,77,68,24.5,20,343,333,203,198,62,55,125,120,185.2,44.543968078,-79.99529914,0,NA,NA,NA,35.4708
1624,15.645,96,156,"2026-08-29_CPANS",1.6898171617831,241,57,79,73.5,25,21.5,343,330,203,197,62,55,125,120,185,44.543922732,-79.995406345,-0.19596,NA,NA,NA,35.5068
1625,15.6549,97,157,"2026-08-29_CPANS",1.65853982154112,257,48,79,73.5,25,21.5,347,336,203,198,59,59,124,122,185,44.543876631,-79.995515058,-0.6,NA,NA,NA,36.1764
1626,15.665,97,157,"2026-08-29_CPANS",1.66168162180126,255,48,77.5,72.5,26,20.5,343,339,201,198,60,58,125,122,185,44.543830196,-79.995623268,-0.80202,NA,NA,NA,36.108
1627,15.6749,97,158,"2026-08-29_CPANS",1.67403240926744,227,54,81.5,72.5,26.5,20.5,339,340,200,198,62,59,127,124,185,44.543784011,-79.995730221,-0.80202,NA,NA,NA,35.8416
1628,15.685,97,157,"2026-08-29_CPANS",1.66783415057207,264,54,74,69,24.5,19.5,338,342,198,200,63,62,128,125,185.2,44.54373833,-79.995839354,-0.604,NA,NA,NA,35.9748
1629,15.695,98,158,"2026-08-29_CPANS",1.64025850474035,245,52,78.5,65.5,27,18.5,342,342,200,200,65,63,129,127,185.2,44.543691643,-79.995948905,-0.604,NA,NA,NA,36.5796
1630,15.7052,98,158,"2026-08-29_CPANS",1.65245554894573,226,51,78,75.5,26.5,21.5,342,342,203,205,65,62,129,127,185.2,44.543645123,-79.996058373,-0.604,NA,NA,NA,36.3096
1631,15.7154,98,157,"2026-08-29_CPANS",1.66616681662168,253,47,79.5,76.5,27.5,24,326,339,203,217,69,66,134,128,185.2,44.543598101,-79.99616784,-0.40198,NA,NA,NA,36.0108
1632,15.7254,98,157,"2026-08-29_CPANS",1.66616681662168,246,51,79.5,76.5,27.5,24,326,339,203,217,69,66,134,128,185.2,44.543551833,-79.996275716,-0.20198,NA,NA,NA,36.0108
1633,15.7356,98,157,"2026-08-29_CPANS",1.62983245322381,251,51,79.5,84.5,27,25,328,335,200,201,66,65,131,125,185.2,44.543505732,-79.99638644,0,NA,NA,NA,36.8136
1634,15.7456,98,156,"2026-08-29_CPANS",1.64171263462044,262,52,80.5,84.5,27,25,335,336,200,200,68,63,132,124,185,44.54346156,-79.996496662,0,NA,NA,NA,36.5472
1635,15.7556,98,157,"2026-08-29_CPANS",1.66933760683761,220,47,70.5,69,25,19.5,339,339,201,200,68,60,134,125,185,44.543417974,-79.996606465,0,NA,NA,NA,35.9424
1636,15.7658,98,158,"2026-08-29_CPANS",1.65245554894573,283,45,83,69.5,28.5,19.5,336,342,201,200,65,62,129,127,184.6,44.543372544,-79.996716687,-0.394137,NA,NA,NA,36.3096
1637,15.7759,98,158,"2026-08-29_CPANS",1.63719711853307,264,41,77,69.5,26.5,19.5,330,338,203,204,66,60,131,125,184.4,44.543326108,-79.996826407,-0.592157,NA,NA,NA,36.648
1638,15.7858,99,158,"2026-08-29_CPANS",1.65540987948616,300,46,86.5,80,30,22.5,318,335,204,204,66,62,131,127,184.4,44.543281265,-79.996935287,-0.790177,NA,NA,NA,36.2448
1639,15.7959,99,157,"2026-08-29_CPANS",1.63880694854146,221,49,71.5,94.5,24,29,316,335,204,204,66,62,131,127,184.4,44.543232315,-79.997043917,-0.790177,NA,NA,NA,36.612
1640,15.8063,98,157,"2026-08-29_CPANS",1.63575097327183,244,38,74,73,23.5,21.5,316,333,204,207,66,65,131,128,184.4,44.543183029,-79.997153133,-0.790177,NA,NA,NA,36.6804
1641,15.8163,98,158,"2026-08-29_CPANS",1.65705574335521,224,60,85.5,73,28,21.5,329,333,201,207,68,65,132,128,184.6,44.543134079,-79.997260254,-0.590177,NA,NA,NA,36.2088
1642,15.8266,99,158,"2026-08-29_CPANS",1.64479094707063,217,60,85.5,73,28,21.5,326,338,200,218,68,62,132,127,184.6,44.543086134,-79.997370308,-0.590177,NA,NA,NA,36.4788
1643,15.8368,99,158,"2026-08-29_CPANS",1.63880694854146,221,53,72,68.5,22,19.5,335,340,200,204,62,66,128,128,184.6,44.543041375,-79.997482123,-0.590177,NA,NA,NA,36.612
1644,15.8471,100,158,"2026-08-29_CPANS",1.61938074880166,274,45,71,65,22,19,345,342,201,198,62,66,128,127,184.6,44.542993682,-79.997592764,-0.390177,NA,NA,NA,37.0512
1645,15.8575,101,158,"2026-08-29_CPANS",1.60194796872998,226,51,73,65,22.5,19,345,339,201,198,62,62,128,122,184.4,44.54294339,-79.997702567,-0.582484,NA,NA,NA,37.4544
1646,15.8678,102,158,"2026-08-29_CPANS",1.57798396768289,180,51,64.5,68.5,19.5,18,352,339,203,198,58,62,122,122,184.2,44.54289268,-79.997812705,-0.384502,NA,NA,NA,38.0232
1647,15.8783,103,158,"2026-08-29_CPANS",1.56818466942667,179,46,56.5,60.5,18,18,352,340,203,197,58,58,122,117,184,44.542843813,-79.99792737,-0.376959,NA,NA,NA,38.2608
1648,15.8893,98,157,"2026-08-29_CPANS",1.54249575813666,203,66,81,71.5,24,21.5,356,343,203,195,60,56,122,115,183.6,44.542793773,-79.998046393,-0.740595,NA,NA,NA,38.898
1649,15.9006,94,158,"2026-08-29_CPANS",1.50856867004586,251,66,81,71.5,24,21.5,356,338,203,191,60,53,122,113,183.2,44.54274256,-79.998166841,-1.09458,NA,NA,NA,39.7728
1650,15.9118,96,158,"2026-08-29_CPANS",1.46533028544634,211,55,77,71.5,24.5,21.5,343,328,203,187,66,48,128,110,182.8,44.542689419,-79.99828821,-1.45172,NA,NA,NA,40.9464
1651,15.9232,97,158,"2026-08-29_CPANS",1.46649068778413,163,56,64.5,69.5,19,20,340,338,201,198,66,59,129,122,182.2,44.542636026,-79.99840958,-2.17804,NA,NA,NA,40.914
1652,15.9346,98,158,"2026-08-29_CPANS",1.4605789735051,208,54,68.5,58,21,17.5,347,343,198,197,63,62,127,125,181.8,44.542583555,-79.998532962,-2.52891,NA,NA,NA,41.0796
1653,15.9461,99,157,"2026-08-29_CPANS",1.44751317236987,233,49,72,68.5,22,22,347,343,198,197,62,62,127,125,181.6,44.542529492,-79.998656763,-2.70283,NA,NA,NA,41.4504
1654,15.9576,98,157,"2026-08-29_CPANS",1.45217972176237,264,49,82,65.5,26.5,19.5,347,343,198,197,62,62,127,125,181.4,44.542475513,-79.998780647,-2.87674,NA,NA,NA,41.3172
1655,15.9688,98,157,"2026-08-29_CPANS",1.49718529165169,230,41,62.5,96.5,16.5,32,342,340,200,204,65,58,129,117,181.2,44.542422707,-79.99890185,-2.863,NA,NA,NA,40.0752
1656,15.9802,97,156,"2026-08-29_CPANS",1.49718529165169,266,41,62.5,96.5,16.5,32,340,342,200,167,68,46,132,96,181.2,44.542370152,-79.999024896,-2.66883,NA,NA,NA,40.0752
1657,15.9915,96,156,"2026-08-29_CPANS",1.49974504334263,250,57,75.5,74,22,19.5,342,340,200,149,69,44,131,86,181.4,44.542318436,-79.99914702,-2.30136,NA,NA,NA,40.0068
1658,16.0027,95,156,"2026-08-29_CPANS",1.50734074944982,342,53,87.5,65.5,25.5,19.5,335,345,198,172,65,58,125,107,181.6,44.542265713,-79.99926772,-1.75915,NA,NA,NA,39.8052
1659,16.0139,93,155,"2026-08-29_CPANS",1.53850887719622,339,53,95,93.5,29,29.5,330,342,204,193,65,65,127,120,181.8,44.542216344,-79.999388084,-1.2266,NA,NA,NA,38.9988
1660,16.0247,92,155,"2026-08-29_CPANS",1.55996505678273,455,53,99.5,93.5,31,29.5,330,338,204,205,65,66,127,127,181.8,44.542171166,-79.999508113,-0.869456,NA,NA,NA,38.4624
1661,16.0354,90,156,"2026-08-29_CPANS",1.58488652212502,454,50,100,98,33,29.5,330,338,204,205,65,66,127,127,182.2,44.542123892,-79.999623867,0.0306911,NA,NA,NA,37.8576
1662,16.0457,89,156,"2026-08-29_CPANS",1.59918121921576,434,54,100,98,33,29.5,330,338,204,205,65,66,127,127,182.4,44.542082737,-79.99973895,0.575743,NA,NA,NA,37.5192
1663,16.0556,88,156,"2026-08-29_CPANS",1.62983245322381,451,54,100,98,33,29.5,330,338,204,205,65,66,127,127,182.6,44.542040576,-79.999850765,0.951676,NA,NA,NA,36.8136
1664,16.066,88,157,"2026-08-29_CPANS",1.60627088152146,409,49,0,0,0,0,330,338,204,205,65,66,127,127,182.8,44.541991877,-79.999962663,1.3179,NA,NA,NA,37.3536
1665,16.0761,88,157,"2026-08-29_CPANS",1.63270637408568,206,45,0,0,0,0,0,335,0,271,0,69,0,135,182.8,44.541945609,-80.000072215,1.49647,NA,NA,NA,36.7488
1666,16.0863,87,157,"2026-08-29_CPANS",1.64788082525872,231,47,79.5,98,22,27,0,335,0,252,0,65,0,129,182.8,44.541901268,-80.000183526,1.49647,NA,NA,NA,36.4104
1667,16.0962,95,158,"2026-08-29_CPANS",1.66002656042497,269,44,96.5,79,39.5,22.5,352,335,205,252,73,65,138,129,182.6,44.541857263,-80.000291402,1.11746,NA,NA,NA,36.144
1668,16.106,97,158,"2026-08-29_CPANS",1.67084377610693,340,49,84,76,27,25,352,346,205,204,73,63,138,122,182.6,44.541817701,-80.000401875,0.938886,NA,NA,NA,35.91
1669,16.1157,98,158,"2026-08-29_CPANS",1.67084377610693,318,45,84.5,79.5,27.5,23.5,352,347,205,204,73,63,138,124,182.8,44.541772858,-80.000509666,0.9665,NA,NA,NA,35.91
1670,16.1258,98,158,"2026-08-29_CPANS",1.65705574335521,251,45,84.5,79.5,27.5,23.5,330,340,200,225,60,60,127,124,183,44.541727931,-80.00062014,1.16452,NA,NA,NA,36.2088
1671,16.136,99,157,"2026-08-29_CPANS",1.62680982593135,313,53,77,72,25,21,339,336,201,210,65,63,129,127,183,44.541682584,-80.000733212,0.790688,NA,NA,NA,36.882
1672,16.1464,99,157,"2026-08-29_CPANS",1.64171263462044,267,50,84,77,27,22,338,338,203,204,65,62,129,125,183.2,44.541635813,-80.000844775,0.788821,NA,NA,NA,36.5472
1673,16.1564,98,157,"2026-08-29_CPANS",1.66168162180126,262,47,84,77,27,22,336,339,201,205,65,60,129,124,183.4,44.541592814,-80.000956254,0.786801,NA,NA,NA,36.108
1674,16.1666,97,157,"2026-08-29_CPANS",1.66466906379012,241,50,74.5,78,25.5,22.5,335,339,201,205,63,60,129,124,183.4,44.541548306,-80.001068572,0.594493,NA,NA,NA,36.0432
1675,16.1766,95,157,"2026-08-29_CPANS",1.70276529083231,258,50,80,80,26.5,22.5,335,333,201,203,63,60,129,127,183.6,44.541503882,-80.001177201,0.794493,NA,NA,NA,35.2368
1676,16.1865,95,158,"2026-08-29_CPANS",1.72087420409568,275,50,78,80,26,22.5,335,336,200,198,63,60,127,125,184,44.541458871,-80.001284741,1.19853,NA,NA,NA,34.866
1677,16.1965,95,158,"2026-08-29_CPANS",1.70120104793985,197,56,80.5,71.5,24.5,20.5,335,340,200,198,63,59,127,122,184.2,44.541411262,-80.001392029,1.60055,NA,NA,NA,35.2692
1678,16.2065,95,158,"2026-08-29_CPANS",1.72087420409568,197,54,66.5,57.5,18.5,16.5,340,342,198,200,63,59,127,122,184.2,44.541364324,-80.001496216,1.60055,NA,NA,NA,34.866
1679,16.2163,97,158,"2026-08-29_CPANS",1.64479094707063,207,54,66.5,57.5,18.5,16.5,350,346,198,200,65,59,127,122,184.2,44.54131772,-80.001604343,1.39437,NA,NA,NA,36.4788
1680,16.2265,98,158,"2026-08-29_CPANS",1.63126814785815,206,56,71,57.5,21.5,16.5,353,346,200,200,65,59,128,122,183.8,44.54126986,-80.001712888,0.804191,NA,NA,NA,36.7812
1681,16.2367,100,158,"2026-08-29_CPANS",1.6493485073396,202,54,71.5,62,24,16.5,350,346,203,200,65,59,129,122,183.6,44.541225855,-80.001824535,0.608113,NA,NA,NA,36.378
1682,16.2472,101,158,"2026-08-29_CPANS",1.58488652212502,227,46,78,62,26.5,16.5,350,343,203,195,65,63,129,124,183.4,44.541177156,-80.00193811,0.225329,NA,NA,NA,37.8576
1683,16.2576,102,158,"2026-08-29_CPANS",1.58911772184083,258,50,74,82,24.5,22.5,349,335,203,195,63,60,129,122,183,44.541129211,-80.002050009,-0.359286,NA,NA,NA,37.7568
1684,16.268,102,159,"2026-08-29_CPANS",1.59063434497678,338,46,84,66,30.5,20.5,342,336,204,205,68,62,135,124,183,44.54108244,-80.002163164,-0.359286,NA,NA,NA,37.7208
1685,16.2783,102,159,"2026-08-29_CPANS",1.58775523165349,260,50,78,89.5,26,26,330,328,204,222,70,66,136,129,183.2,44.541036172,-80.00227741,-0.365112,NA,NA,NA,37.7892
1686,16.2888,101,159,"2026-08-29_CPANS",1.60921759840366,290,50,78,89.5,26,26,325,332,204,212,68,68,135,128,183,44.54098697,-80.002390146,-0.959628,NA,NA,NA,37.2852
1687,16.2992,100,159,"2026-08-29_CPANS",1.63430738053213,265,53,92,85,32,25.5,321,330,204,211,65,69,132,131,183,44.54094087,-80.00250347,-1.15963,NA,NA,NA,36.7128
1688,16.3095,98,158,"2026-08-29_CPANS",1.62680982593135,248,47,78,82.5,27,24,330,329,201,208,60,69,127,132,182.8,44.540895356,-80.002616793,-1.3538,NA,NA,NA,36.882
1689,16.3198,99,158,"2026-08-29_CPANS",1.64171263462044,245,50,73.5,70,25.5,20.5,330,329,201,208,60,69,127,132,182.6,44.540849339,-80.002728691,-1.54798,NA,NA,NA,36.5472
1690,16.3301,100,158,"2026-08-29_CPANS",1.61796589327897,180,50,73,70,23.5,20.5,342,338,200,198,62,65,128,127,182.4,44.540802317,-80.002840757,-1.35,NA,NA,NA,37.0836
1691,16.3405,101,157,"2026-08-29_CPANS",1.592001783042,151,51,61,51.5,19.5,14.5,343,338,200,198,63,65,128,127,182.2,44.540752864,-80.00295341,-1.34622,NA,NA,NA,37.6884
1692,16.3511,102,157,"2026-08-29_CPANS",1.57649136082734,150,52,57,44,19,12.5,352,343,198,193,60,65,125,120,181.6,44.540700645,-80.003065309,-1.72179,NA,NA,NA,38.0592
1693,16.3617,103,157,"2026-08-29_CPANS",1.55588747821758,163,52,57,44,19,12.5,0,347,200,193,68,63,129,121,181.4,44.540641887,-80.003173016,-1.52585,NA,NA,NA,38.5632
1694,16.3726,103,157,"2026-08-29_CPANS",1.58067779463834,173,53,66,51.5,20.5,15,354,350,201,194,68,65,128,121,181,44.540576844,-80.003274269,-1.89282,NA,NA,NA,37.9584
1695,16.3834,103,157,"2026-08-29_CPANS",1.56553322061494,277,52,66,51.5,20.5,15,353,346,200,194,60,62,124,118,180.8,44.540504843,-80.003365716,-2.27218,NA,NA,NA,38.3256
1696,16.394,103,157,"2026-08-29_CPANS",1.58639507582968,277,52,76.5,51,25.5,15,343,346,201,194,59,62,125,118,180.6,44.54042949,-80.0034492,-2.27039,NA,NA,NA,37.8216
1697,16.4049,102,157,"2026-08-29_CPANS",1.58639507582968,269,49,71,51,21.5,15,343,342,201,198,59,59,125,120,180.6,44.540352963,-80.003533605,-2.27039,NA,NA,NA,37.8216
1698,16.4155,102,158,"2026-08-29_CPANS",1.59063434497678,298,45,77.5,68.5,25,19.5,343,339,205,207,60,60,127,124,180.6,44.540275598,-80.0036103,-2.07621,NA,NA,NA,37.7208
1699,16.4259,102,157,"2026-08-29_CPANS",1.59337157425112,282,49,80.5,96.5,27.5,36,328,335,210,224,60,63,128,128,180.4,44.540195383,-80.00367987,-2.07434,NA,NA,NA,37.656
1700,16.4366,102,157,"2026-08-29_CPANS",1.592001783042,282,49,80.5,96.5,27.5,36,323,330,205,235,60,65,128,134,180.4,44.540115504,-80.00375363,-1.88017,NA,NA,NA,37.6884
1701,16.447,101,157,"2026-08-29_CPANS",1.62095571548985,295,51,81.5,98.5,26.5,33,323,332,203,222,62,63,129,131,180.6,44.540036882,-80.003823116,-1.49555,NA,NA,NA,37.0152
1702,16.4573,101,157,"2026-08-29_CPANS",1.61938074880166,270,51,78,81.5,27,24,325,333,203,212,65,65,131,129,180.6,44.539958008,-80.003890423,-0.929516,NA,NA,NA,37.0512
1703,16.4674,100,157,"2026-08-29_CPANS",1.63430738053213,231,46,78,87.5,26,26,323,333,201,212,68,65,134,129,180.8,44.539883074,-80.003961166,-0.542817,NA,NA,NA,36.7128
1704,16.4772,99,157,"2026-08-29_CPANS",1.65245554894573,293,51,76.5,60.5,25,18,323,333,201,212,68,65,134,129,180.8,44.539807888,-80.00402906,-0.175845,NA,NA,NA,36.3096
1705,16.4873,99,157,"2026-08-29_CPANS",1.64625312788094,304,51,81.5,84.5,26,26,330,338,203,207,66,63,132,127,180.8,44.539730104,-80.004095947,0,NA,NA,NA,36.4464
1706,16.4975,99,156,"2026-08-29_CPANS",1.6433313613357,281,52,93,78.5,30.5,23.5,330,336,203,203,63,59,129,124,180.8,44.539652236,-80.004164176,0.19802,NA,NA,NA,36.5112
1707,16.5076,99,156,"2026-08-29_CPANS",1.66616681662168,237,55,88.5,78.5,29.5,23.5,326,336,204,204,65,59,131,124,180.8,44.539576547,-80.004235087,0.19802,NA,NA,NA,36.0108
1708,16.5178,98,156,"2026-08-29_CPANS",1.67084377610693,237,55,88.5,78.5,29.5,23.5,311,333,203,211,70,60,135,128,181,44.539499853,-80.004304405,0.394098,NA,NA,NA,35.91
1709,16.5279,97,156,"2026-08-29_CPANS",1.67252048837598,294,46,75,89.5,24.5,29,330,338,203,208,66,62,131,128,181.2,44.539425254,-80.004375484,0.784426,NA,NA,NA,35.874
1710,16.5379,97,156,"2026-08-29_CPANS",1.65853982154112,244,39,76,78.5,25,25,332,338,201,208,65,62,128,128,181.2,44.539348308,-80.004443042,0.784426,NA,NA,NA,36.1764
1711,16.5481,97,156,"2026-08-29_CPANS",1.67723323605381,290,55,80.5,78.5,23.5,25,332,338,201,212,65,60,128,125,181.4,44.539271446,-80.004510013,0.788196,NA,NA,NA,35.7732
1712,16.5578,96,156,"2026-08-29_CPANS",1.6946280291476,285,55,84.5,92.5,27,27.5,326,336,201,226,63,60,129,125,181.6,44.539196931,-80.004576482,0.994382,NA,NA,NA,35.406
1713,16.5678,97,156,"2026-08-29_CPANS",1.68673885908984,238,53,78,92.5,24.5,27.5,326,335,201,231,63,65,129,127,181.6,44.539120404,-80.004642028,0.796362,NA,NA,NA,35.5716
1714,16.5777,96,156,"2026-08-29_CPANS",1.68027690963471,236,51,96.5,78.5,32,22.5,325,339,201,208,69,62,135,124,181.6,44.539045219,-80.004709838,0.796362,NA,NA,NA,35.7084
1715,16.5878,96,156,"2026-08-29_CPANS",1.67403240926744,274,56,88,82,29,24.5,325,345,203,203,72,65,135,128,182,44.538966596,-80.004772618,1.1924,NA,NA,NA,35.8416
1716,16.5977,96,156,"2026-08-29_CPANS",1.69153218985757,277,52,88,82,29,24.5,316,345,203,203,70,66,135,129,181.8,44.538890992,-80.004836069,0.990382,NA,NA,NA,35.4708
1717,16.6074,96,156,"2026-08-29_CPANS",1.70765027322404,283,52,81.5,82,25.5,24.5,326,342,203,204,66,63,131,127,181.8,44.538818153,-80.004903544,0.990382,NA,NA,NA,35.136
1718,16.6171,96,156,"2026-08-29_CPANS",1.69153218985757,289,59,85,77.5,26,24.5,326,342,203,204,66,63,131,127,181.6,44.538744141,-80.004970096,0.588118,NA,NA,NA,35.4708
1719,16.627,96,156,"2026-08-29_CPANS",1.68197261748579,219,43,80,90,27.5,29.5,332,339,200,222,65,65,131,129,181.6,44.538667782,-80.005035307,0.390098,NA,NA,NA,35.6724
1720,16.637,96,156,"2026-08-29_CPANS",1.66933760683761,313,49,83.5,95.5,25.5,32.5,329,339,201,224,69,66,135,131,181.2,44.538590752,-80.005102446,0,NA,NA,NA,35.9424
1721,16.6472,96,156,"2026-08-29_CPANS",1.69790817712578,217,57,79,88.5,25.5,25,328,338,201,225,69,66,134,131,181.2,44.538513387,-80.005167574,-0.205981,NA,NA,NA,35.3376
1722,16.657,96,155,"2026-08-29_CPANS",1.7125633648445,270,52,85.5,67,27,20,330,338,200,211,68,65,132,129,181.2,44.538437531,-80.005229767,-0.412166,NA,NA,NA,35.0352
1723,16.6667,96,155,"2026-08-29_CPANS",1.71750480901347,243,47,85.5,67,27,20,330,339,201,203,66,63,129,128,181.2,44.53836201,-80.005291374,-0.412166,NA,NA,NA,34.9344
1724,16.6765,95,156,"2026-08-29_CPANS",1.69307869429771,248,47,83,79,27.5,26,330,339,201,214,66,66,131,129,181.2,44.538285315,-80.005353568,-0.412166,NA,NA,NA,35.4384
1725,16.6861,95,155,"2026-08-29_CPANS",1.70922640412949,266,53,79,79,25,26,336,340,200,215,65,66,129,129,181.2,44.538208537,-80.005412074,-0.808206,NA,NA,NA,35.1036
1726,16.6959,95,155,"2026-08-29_CPANS",1.72407848005241,242,55,83,73,25,22,340,340,198,215,62,66,127,129,181.2,44.538127736,-80.005465299,-0.606186,NA,NA,NA,34.8012
1727,16.7058,94,155,"2026-08-29_CPANS",1.73593028503975,255,50,83,73,25,22,340,340,198,215,62,66,127,129,181.2,44.538044671,-80.005510477,-0.606186,NA,NA,NA,34.5636
1728,16.7157,94,155,"2026-08-29_CPANS",1.74100769525401,298,52,84,68.5,27.5,20,343,345,200,198,63,60,125,122,181.2,44.537959092,-80.005544508,-0.4,NA,NA,NA,34.4628
1729,16.7253,94,155,"2026-08-29_CPANS",1.75808720112518,285,54,88.5,88.5,29,26,343,345,201,200,65,60,128,122,181,44.537872758,-80.005560853,-0.608333,NA,NA,NA,34.128
1730,16.7353,94,155,"2026-08-29_CPANS",1.73250173250173,269,52,88.5,88.5,29,26,330,340,204,200,62,60,127,124,181,44.537784497,-80.005565546,-0.208333,NA,NA,NA,34.632
1731,16.7447,94,155,"2026-08-29_CPANS",1.71750480901347,279,52,84.5,94,28.5,30,328,330,204,201,62,65,127,127,181,44.537698247,-80.005562613,-0.208333,NA,NA,NA,34.9344
1732,16.7544,93,155,"2026-08-29_CPANS",1.74428745857317,318,52,86,91,28.5,28,330,335,201,204,63,65,127,128,181.2,44.537612751,-80.005546352,0,NA,NA,NA,34.398
1733,16.7635,93,155,"2026-08-29_CPANS",1.77022481855196,313,53,88.5,91,28,28,335,335,203,204,66,65,128,128,181.2,44.537531195,-80.005521625,0,NA,NA,NA,33.894
1734,16.7727,92,156,"2026-08-29_CPANS",1.78616082592077,260,49,89,91.5,30,28,335,339,203,204,66,60,128,122,181.4,44.53744855,-80.00549606,0.215244,NA,NA,NA,33.5916
1735,16.7821,90,156,"2026-08-29_CPANS",1.83958793230316,130,44,72,91.5,22.5,28,343,340,207,205,68,59,128,121,181.6,44.537366994,-80.005471334,0.428009,NA,NA,NA,32.616
1736,16.7912,98,156,"2026-08-29_CPANS",1.87244878852563,337,53,97,68,26,21.5,350,342,208,204,73,63,135,124,181.8,44.537285522,-80.005451972,0.64779,NA,NA,NA,32.0436
1737,16.8003,97,156,"2026-08-29_CPANS",1.8607420639351,289,56,97,68,26,21.5,343,342,211,203,77,59,142,121,181.8,44.53720405,-80.005434453,0.64779,NA,NA,NA,32.2452
1738,16.8094,96,156,"2026-08-29_CPANS",1.86448894358056,363,56,89,77.5,29.5,22.5,336,336,207,211,68,59,131,122,182,44.537122913,-80.005435962,0.86757,NA,NA,NA,32.1804
1739,16.8181,96,156,"2026-08-29_CPANS",1.88217579521927,310,49,93.5,77.5,32,22.5,330,333,207,221,63,60,128,124,182.4,44.537044123,-80.00544887,1.53567,NA,NA,NA,31.878
1740,16.827,96,156,"2026-08-29_CPANS",1.89415463878471,310,50,86.5,95.5,28.5,29.5,325,336,207,210,60,62,125,125,182.4,44.536967177,-80.005474016,1.53567,NA,NA,NA,31.6764
1741,16.8359,98,156,"2026-08-29_CPANS",1.84713140492815,323,53,90.5,88,31.5,25.5,329,336,207,210,60,62,125,125,182.4,44.536890818,-80.005511567,1.53567,NA,NA,NA,32.4828
1742,16.845,99,156,"2026-08-29_CPANS",1.80982372316936,230,45,86,82,31.5,24.5,329,336,207,222,60,62,125,127,182.4,44.536816471,-80.005559344,1.32949,NA,NA,NA,33.1524
1743,16.8541,101,156,"2026-08-29_CPANS",1.81336815000181,242,54,77.5,76,29,21.5,333,335,204,225,62,65,127,129,182.2,44.536745057,-80.005614245,1.10971,NA,NA,NA,33.0876
1744,16.8632,102,156,"2026-08-29_CPANS",1.78443968593862,218,50,71.5,80,23,24,336,336,203,208,62,65,128,129,182,44.536673224,-80.005671997,0.672536,NA,NA,NA,33.624
1745,16.8726,102,156,"2026-08-29_CPANS",1.77380445579679,231,55,77,56.5,27,15.5,342,333,200,201,59,63,127,128,181.8,44.536601978,-80.00573528,0.247004,NA,NA,NA,33.8256
1746,16.882,103,156,"2026-08-29_CPANS",1.76853423882286,252,55,77,56.5,27,15.5,343,339,203,197,62,65,128,127,181.8,44.536531737,-80.00580267,0.0272239,NA,NA,NA,33.9264
1747,16.8918,100,157,"2026-08-29_CPANS",1.74428745857317,229,50,75,56.5,24,15.5,343,339,203,197,63,65,127,127,181.8,44.536458396,-80.005869642,0.0272239,NA,NA,NA,34.398
1748,16.9014,93,157,"2026-08-29_CPANS",1.72747374239912,274,57,81.5,69.5,24,20,343,338,203,195,63,62,127,124,181.6,44.536384719,-80.005932087,-0.40089,NA,NA,NA,34.7328
1749,16.9109,94,157,"2026-08-29_CPANS",1.71909919202338,260,53,85,58.5,27,18,343,330,203,188,63,52,127,114,181.6,44.536310958,-80.005995203,-0.86066,NA,NA,NA,34.902
1750,16.9208,96,157,"2026-08-29_CPANS",1.70433241299383,284,55,85,58.5,27,18,332,328,207,200,62,55,124,117,181.4,44.53623594,-80.006062593,-1.06268,NA,NA,NA,35.2044
1751,16.9308,97,157,"2026-08-29_CPANS",1.68827660723933,242,48,78.5,89.5,22.5,28.5,308,329,207,224,68,66,131,129,181.2,44.53615891,-80.006127553,-1.26268,NA,NA,NA,35.5392
1752,16.9411,97,157,"2026-08-29_CPANS",1.64479094707063,269,48,72,74.5,22.5,20.5,328,332,201,208,63,62,127,125,181,44.536077354,-80.006189914,-1.45685,NA,NA,NA,36.4788
1753,16.9515,98,157,"2026-08-29_CPANS",1.62237580713196,269,51,86.5,79.5,28.5,21.5,338,338,201,205,65,59,129,121,180.8,44.53599429,-80.006251438,-1.42938,NA,NA,NA,36.9828
1754,16.9621,100,157,"2026-08-29_CPANS",1.62680982593135,245,51,86.5,79.5,28.5,21.5,330,338,200,205,68,59,134,121,180.4,44.535911644,-80.006313715,-1.58696,NA,NA,NA,36.882
1755,16.9724,100,157,"2026-08-29_CPANS",1.61061718850664,219,59,77.5,93.5,25,29,338,338,200,236,62,68,128,129,180.2,44.535830004,-80.006378675,-1.56837,NA,NA,NA,37.2528
1756,16.9829,100,157,"2026-08-29_CPANS",1.623798389192,218,50,68,61,21,18,338,339,200,221,62,72,128,135,180,44.535748281,-80.006443216,-1.75885,NA,NA,NA,36.9504
1757,16.9932,99,157,"2026-08-29_CPANS",1.6493485073396,238,50,67,61,21.5,18,345,342,200,201,60,66,127,128,179.8,44.535665803,-80.006501637,-1.95302,NA,NA,NA,36.378
1758,17.0036,99,157,"2026-08-29_CPANS",1.6493485073396,223,53,73,66,23,19,346,342,201,203,63,60,129,124,180,44.535581649,-80.006557293,-1.55238,NA,NA,NA,36.378
1759,17.0138,98,157,"2026-08-29_CPANS",1.64788082525872,223,54,85,69,28,19.5,335,342,201,219,69,65,132,128,180.2,44.535497243,-80.006608339,-1.3563,NA,NA,NA,36.4104
1760,17.0239,98,157,"2026-08-29_CPANS",1.66466906379012,218,54,65.5,82.5,18.5,24.5,328,342,200,219,70,65,134,128,180.2,44.535411747,-80.006652679,-1.15428,NA,NA,NA,36.0432
1761,17.0341,98,157,"2026-08-29_CPANS",1.6493485073396,255,54,65.5,82.5,18.5,24.5,342,342,198,215,69,66,131,131,180.4,44.535324324,-80.006691068,-0.758202,NA,NA,NA,36.378
1762,17.0444,99,157,"2026-08-29_CPANS",1.63126814785815,300,53,72.5,62.5,22,18.5,342,343,198,203,69,60,131,125,180.4,44.535234135,-80.006720657,-0.564027,NA,NA,NA,36.7812
1763,17.0545,99,157,"2026-08-29_CPANS",1.64025850474035,302,52,79,78,23.5,22,342,340,198,198,69,65,131,125,180.4,44.535143694,-80.006737923,-0.37172,NA,NA,NA,36.5796
1764,17.0649,100,157,"2026-08-29_CPANS",1.63126814785815,315,56,82,78,23.5,22,343,342,200,198,68,65,131,122,180.2,44.535052331,-80.006751167,-0.186669,NA,NA,NA,36.7812
1765,17.0749,100,157,"2026-08-29_CPANS",1.60056339831621,308,54,84.5,75,25,20.5,335,346,200,200,65,70,129,125,180.2,44.534961052,-80.006758794,0,NA,NA,NA,37.4868
1766,17.085,100,157,"2026-08-29_CPANS",1.62237580713196,310,54,84.5,75,25,20.5,336,349,200,203,63,72,128,127,180.4,44.534869774,-80.00676617,0.396002,NA,NA,NA,36.9828
1767,17.0951,99,158,"2026-08-29_CPANS",1.67554706611709,310,54,84.5,75,25,20.5,338,349,201,203,65,72,129,127,180.4,44.534779668,-80.006768852,0.590177,NA,NA,NA,35.8092
1768,17.1045,98,158,"2026-08-29_CPANS",1.73412409392016,213,54,0,0,0,0,333,340,204,198,65,65,129,122,180.4,44.534693837,-80.006763991,0.397869,NA,NA,NA,34.5996
1769,17.114,105,158,"2026-08-29_CPANS",1.80982372316936,237,54,0,0,0,0,336,340,201,200,56,62,122,125,180.8,44.534609264,-80.006760135,0.622843,NA,NA,NA,33.1524
1770,17.1229,109,158,"2026-08-29_CPANS",1.84918081289989,374,50,0,0,0,0,336,343,201,200,56,59,122,124,181.2,44.53452754,-80.006751502,1.07228,NA,NA,NA,32.4468
1771,17.1321,107,158,"2026-08-29_CPANS",1.90628693430935,330,54,86,67,26.5,20.5,335,340,205,198,58,59,124,122,181.6,44.534446068,-80.006746389,1.31099,NA,NA,NA,31.4748
1772,17.1411,106,158,"2026-08-29_CPANS",1.87034751056746,299,43,77.5,81.5,25,25,332,332,208,218,60,59,128,122,182.2,44.534364177,-80.00673457,1.97765,NA,NA,NA,32.0796
1773,17.1501,106,157,"2026-08-29_CPANS",1.92278111059837,267,54,78.5,98,23.5,32,335,323,204,218,62,59,128,122,182.6,44.534283543,-80.006724512,2.4221,NA,NA,NA,31.2048
1774,17.1594,106,157,"2026-08-29_CPANS",1.87244878852563,258,51,77,79,23,21.5,330,321,188,203,55,60,117,120,183,44.534201568,-80.006718142,3.04451,NA,NA,NA,32.0436
1775,17.1682,106,158,"2026-08-29_CPANS",1.87434397960714,305,51,77,79,23,21.5,335,321,200,203,59,60,122,120,183,44.534122359,-80.006719735,3.04451,NA,NA,NA,32.0112
1776,17.1768,106,157,"2026-08-29_CPANS",1.87244878852563,191,53,80,78,25.5,23.5,343,321,203,203,58,60,122,120,183,44.534043569,-80.006731721,2.84649,NA,NA,NA,32.0436
1777,17.1857,96,157,"2026-08-29_CPANS",1.89825360668185,248,54,61,70,17.5,23,343,336,203,194,58,59,122,118,182.8,44.533965785,-80.006751753,2.62177,NA,NA,NA,31.608
1778,17.1945,96,157,"2026-08-29_CPANS",1.89007333484539,239,46,89,74.5,27,22,343,335,203,211,58,63,122,125,182.8,44.533889091,-80.006779665,2.62177,NA,NA,NA,31.7448
1779,17.2033,96,156,"2026-08-29_CPANS",1.86846038863976,257,51,78,97,25.5,32,323,335,198,211,60,59,124,122,182.6,44.53381357,-80.00681445,1.97345,NA,NA,NA,32.112
1780,17.212,97,156,"2026-08-29_CPANS",1.87244878852563,253,54,82.5,76,25.5,22.5,326,336,198,205,60,58,124,121,182.6,44.533742575,-80.006860215,1.52401,NA,NA,NA,32.0436
1781,17.2206,97,156,"2026-08-29_CPANS",1.87034751056746,275,49,82.5,80,28,24.5,335,336,200,201,63,62,128,125,182.6,44.533674514,-80.006914362,1.08923,NA,NA,NA,32.0796
1782,17.2295,97,156,"2026-08-29_CPANS",1.87835756414591,232,53,79.5,80,26.5,24.5,335,332,203,205,66,63,129,128,182.6,44.533606453,-80.006974377,0.42256,NA,NA,NA,31.9428
1783,17.2388,98,156,"2026-08-29_CPANS",1.83958793230316,252,52,79,93.5,27,29,336,332,201,205,65,63,129,128,182.8,44.533537722,-80.007040259,0.193169,NA,NA,NA,32.616
1784,17.2479,99,156,"2026-08-29_CPANS",1.81890938193459,241,52,79,93.5,27,29,336,335,200,215,66,65,131,129,183,44.533470834,-80.007107817,-0.0171578,NA,NA,NA,32.9868
1785,17.2573,99,156,"2026-08-29_CPANS",1.81534328141452,246,52,77,93.5,26,29,336,336,200,211,66,65,131,129,182.8,44.533404449,-80.007179482,-0.229924,NA,NA,NA,33.0516
1786,17.2666,101,157,"2026-08-29_CPANS",1.78807710188463,256,44,74,78,24.5,22.5,340,333,198,200,62,60,128,124,182.8,44.533337897,-80.007251231,-0.229924,NA,NA,NA,33.5556
1787,17.276,102,157,"2026-08-29_CPANS",1.76497581983127,278,49,78.5,67.5,25.5,19.5,342,330,201,198,60,60,127,122,182.6,44.53327168,-80.007325327,-0.217971,NA,NA,NA,33.9948
1788,17.2857,103,157,"2026-08-29_CPANS",1.74428745857317,209,46,68.5,67.5,23,19.5,342,339,203,197,59,63,127,125,182.4,44.533206217,-80.007404871,-0.424156,NA,NA,NA,34.398
1789,17.2953,96,157,"2026-08-29_CPANS",1.74776286353468,175,53,89,66,27,19,346,339,201,197,59,63,122,125,182.4,44.533141593,-80.007485002,-0.196883,NA,NA,NA,34.3296
1790,17.3049,93,157,"2026-08-29_CPANS",1.74264603373763,244,43,79,76,26.5,24,345,343,197,197,62,58,124,122,182.2,44.533076214,-80.007564295,-0.405217,NA,NA,NA,34.4304
1791,17.3144,93,157,"2026-08-29_CPANS",1.74941394632798,231,43,79,76,26.5,24,343,339,195,198,65,56,125,122,182,44.533009662,-80.007639062,-0.615743,NA,NA,NA,34.2972
1792,17.324,93,157,"2026-08-29_CPANS",1.73593028503975,256,52,78,90.5,23,27.5,343,340,197,201,63,62,124,125,182,44.532940511,-80.007711314,-0.615743,NA,NA,NA,34.5636
1793,17.3335,93,157,"2026-08-29_CPANS",1.73919092838012,265,50,81,67,27.5,19,343,340,197,201,63,62,124,125,182,44.532869265,-80.007778117,-0.830797,NA,NA,NA,34.4988
1794,17.3431,94,156,"2026-08-29_CPANS",1.74100769525401,239,50,85.5,83,27,25,340,339,197,200,62,62,124,124,182,44.532797432,-80.007845676,-1.05058,NA,NA,NA,34.4628
1795,17.3529,94,157,"2026-08-29_CPANS",1.72908669640696,225,58,84.5,77.5,27.5,22,330,335,200,200,65,63,127,125,181.8,44.53272342,-80.007912396,-1.04189,NA,NA,NA,34.7004
1796,17.3627,95,158,"2026-08-29_CPANS",1.71750480901347,291,46,79,86,25,26,333,335,200,219,63,65,125,127,181.8,44.532647563,-80.00797526,-1.04189,NA,NA,NA,34.9344
1797,17.3724,95,158,"2026-08-29_CPANS",1.70607704643942,226,54,80.5,67.5,26,18.5,339,335,201,219,62,65,125,127,181.8,44.532572294,-80.008038459,-0.829127,NA,NA,NA,35.1684
1798,17.3823,95,158,"2026-08-29_CPANS",1.70276529083231,273,54,80.5,67.5,26,18.5,339,342,201,207,62,65,125,128,181.6,44.532495013,-80.008099731,-0.824961,NA,NA,NA,35.2368
1799,17.3922,96,157,"2026-08-29_CPANS",1.68673885908984,308,54,85.5,89,26,26,335,339,203,203,63,65,127,128,181.2,44.532416139,-80.008157901,-1.229,NA,NA,NA,35.5716
1800,17.4022,96,156,"2026-08-29_CPANS",1.69635284139101,265,41,77,89,24,26,335,335,203,201,63,63,127,127,181,44.532339109,-80.008219676,-1.22067,NA,NA,NA,35.37
1801,17.4122,97,156,"2026-08-29_CPANS",1.68197261748579,240,51,77,77,23,22.5,333,326,203,200,62,63,125,128,180.8,44.532263002,-80.008284301,-1.21014,NA,NA,NA,35.6724
1802,17.4219,97,156,"2026-08-29_CPANS",1.67403240926744,227,42,84.5,77,29.5,22.5,330,326,203,205,66,63,129,128,180.6,44.532186978,-80.00834641,-1.41633,NA,NA,NA,35.8416
1803,17.4315,96,155,"2026-08-29_CPANS",1.67875369325813,193,48,70.5,95.5,21.5,33,332,338,200,212,68,62,132,127,180.8,44.53210802,-80.008402234,-1.20799,NA,NA,NA,35.7408
1804,17.4414,96,156,"2026-08-29_CPANS",1.69307869429771,254,52,68,61.5,21.5,17.5,343,338,198,212,63,62,128,127,180.8,44.532025291,-80.008453531,-1.20799,NA,NA,NA,35.4384
1805,17.452,97,156,"2026-08-29_CPANS",1.66616681662168,254,52,68,61.5,21.5,17.5,343,345,201,203,68,60,131,125,180.8,44.531937113,-80.008500135,-1.00391,NA,NA,NA,36.0108
1806,17.4625,99,157,"2026-08-29_CPANS",1.62538196476172,205,39,73.5,96.5,24.5,31.5,340,339,204,221,72,63,136,127,180.6,44.531846002,-80.008536847,-1.19439,NA,NA,NA,36.9144
1807,17.4728,100,157,"2026-08-29_CPANS",1.63270637408568,241,58,72.5,96.5,21.5,31.5,340,340,204,217,72,66,136,132,180.4,44.53175531,-80.008564759,-1.38856,NA,NA,NA,36.7488
1808,17.4834,100,157,"2026-08-29_CPANS",1.61498708010336,259,53,72,59.5,23.5,18,342,342,203,208,68,65,134,131,179.8,44.531663444,-80.008595353,-1.75258,NA,NA,NA,37.152
1809,17.4937,100,157,"2026-08-29_CPANS",1.61357988834027,280,45,83,67,24.5,20.5,342,339,204,203,69,62,135,128,179.4,44.531573506,-80.008627959,-1.73689,NA,NA,NA,37.1844
1810,17.5039,99,156,"2026-08-29_CPANS",1.63575097327183,204,62,87,100,28,35,335,339,205,203,69,62,135,128,179.4,44.531484574,-80.008661905,-1.53689,NA,NA,NA,36.6804
1811,17.5143,99,156,"2026-08-29_CPANS",1.64625312788094,195,53,70.5,63.5,21,18.5,323,338,207,197,68,60,134,122,179.6,44.531395223,-80.008694092,-1.14458,NA,NA,NA,36.4464
1812,17.5243,99,156,"2026-08-29_CPANS",1.6433313613357,195,56,71.5,63,21.5,18,330,338,207,203,65,63,129,122,179.6,44.531308638,-80.00873005,-0.938397,NA,NA,NA,36.5112
1813,17.5343,98,155,"2026-08-29_CPANS",1.65705574335521,218,56,71.5,63,21.5,18,339,338,204,203,65,63,129,122,179.8,44.531223562,-80.008773301,-0.946731,NA,NA,NA,36.2088
1814,17.5442,98,155,"2026-08-29_CPANS",1.67252048837598,265,52,71.5,96,22.5,31,339,338,204,215,65,65,129,124,179.8,44.531143431,-80.008827951,-0.946731,NA,NA,NA,35.874
1815,17.5541,98,155,"2026-08-29_CPANS",1.66616681662168,307,52,80,71.5,25.5,21.5,340,335,203,203,60,56,125,121,179.8,44.531068078,-80.008895509,-0.946731,NA,NA,NA,36.0108
1816,17.5641,98,155,"2026-08-29_CPANS",1.65393139492574,343,52,81,80.5,25.5,23.5,335,336,203,201,62,60,127,125,179.8,44.530997753,-80.008974215,-0.756254,NA,NA,NA,36.2772
1817,17.5741,98,155,"2026-08-29_CPANS",1.66002656042497,332,47,95,95,33.5,30,330,336,207,201,60,60,127,125,179.6,44.530927429,-80.00905334,-0.76208,NA,NA,NA,36.144
1818,17.5842,98,155,"2026-08-29_CPANS",1.66466906379012,308,50,95,95,33.5,30,309,333,210,255,70,70,139,138,179.8,44.530859955,-80.009137327,0,NA,NA,NA,36.0432
1819,17.5942,98,155,"2026-08-29_CPANS",1.64788082525872,238,55,77,82.5,22.5,25.5,307,330,207,248,69,73,138,139,180.2,44.530792983,-80.009221146,0.790327,NA,NA,NA,36.4104
1820,17.6042,98,155,"2026-08-29_CPANS",1.64788082525872,260,55,74,82.5,23.5,25.5,316,330,204,248,66,73,134,139,180.4,44.530725593,-80.009305468,0.990327,NA,NA,NA,36.4104
1821,17.6141,98,155,"2026-08-29_CPANS",1.67875369325813,202,56,74,82.5,23.5,25.5,330,335,200,215,63,70,128,135,180.6,44.530658622,-80.009387527,1.00004,NA,NA,NA,35.7408
1822,17.624,97,155,"2026-08-29_CPANS",1.68827660723933,270,56,79,88.5,24,29.5,330,339,200,203,68,66,132,131,180.6,44.530591315,-80.009470088,1.00004,NA,NA,NA,35.5392
1823,17.634,97,156,"2026-08-29_CPANS",1.68350168350168,294,44,81.5,68,25,21,330,340,200,219,68,66,132,131,180.8,44.530523002,-80.009552231,1.00004,NA,NA,NA,35.64
1824,17.6439,97,156,"2026-08-29_CPANS",1.66783415057207,283,52,81.5,96.5,24.5,31,329,340,201,215,69,68,134,131,180.8,44.530454941,-80.009634625,1.00004,NA,NA,NA,35.9748
1825,17.6539,96,156,"2026-08-29_CPANS",1.6898171617831,282,56,81.5,76.5,23,23.5,332,340,197,203,60,66,125,128,180.8,44.53038906,-80.009720707,1.00004,NA,NA,NA,35.5068
1826,17.664,96,156,"2026-08-29_CPANS",1.70120104793985,274,54,82,73.5,25.5,22.5,336,340,197,201,60,66,124,128,180.8,44.530322675,-80.009806622,1.00004,NA,NA,NA,35.2692
1827,17.6741,96,155,"2026-08-29_CPANS",1.6898171617831,274,55,82.5,77,26,23,333,340,198,201,60,66,124,128,180.8,44.530254279,-80.009889686,1.20004,NA,NA,NA,35.5068
1828,17.6843,97,156,"2026-08-29_CPANS",1.66317400126401,300,50,82.5,77,26,23,330,340,200,198,62,68,125,127,180.6,44.530185212,-80.009973003,0.805942,NA,NA,NA,36.0756
1829,17.6943,97,156,"2026-08-29_CPANS",1.67084377610693,242,50,85.5,79,27,23.5,329,342,200,200,65,69,128,128,180.6,44.530119078,-80.01005833,0.405942,NA,NA,NA,35.91
1830,17.7042,96,156,"2026-08-29_CPANS",1.6898171617831,214,43,81,94,27,31.5,329,339,200,215,65,72,128,134,180.6,44.530053197,-80.010142736,0.205942,NA,NA,NA,35.5068
1831,17.7141,97,155,"2026-08-29_CPANS",1.69635284139101,254,50,76.5,97,25,30.5,328,338,200,210,69,70,134,134,180.4,44.529987315,-80.010226723,-0.198099,NA,NA,NA,35.37
1832,17.7242,97,155,"2026-08-29_CPANS",1.66783415057207,276,55,80,76.5,26,22.5,338,338,198,210,66,70,131,134,180.2,44.529919254,-80.010310123,-0.396118,NA,NA,NA,35.9748
1833,17.7341,97,155,"2026-08-29_CPANS",1.68350168350168,214,52,75,76.5,23,22.5,336,339,198,201,60,66,125,128,180.2,44.529851277,-80.01039084,-0.596118,NA,NA,NA,35.64
1834,17.7441,96,156,"2026-08-29_CPANS",1.69790817712578,224,52,80.5,68.5,27.5,20.5,338,339,198,201,62,66,125,128,180.2,44.529779611,-80.010464769,-0.596118,NA,NA,NA,35.3376
1835,17.7538,96,156,"2026-08-29_CPANS",1.70607704643942,312,48,80.5,68.5,27.5,20.5,338,340,204,218,65,65,128,128,179.8,44.529709706,-80.010537189,-1.00849,NA,NA,NA,35.1684
1836,17.7636,96,155,"2026-08-29_CPANS",1.6898171617831,268,48,83,97.5,27.5,30,340,338,204,222,66,65,129,128,179.8,44.529638544,-80.010609943,-1.00849,NA,NA,NA,35.5068
1837,17.7734,96,155,"2026-08-29_CPANS",1.66933760683761,225,50,78.5,97.5,25.5,30,340,340,204,224,66,65,129,127,180,44.529565286,-80.010679346,-0.804408,NA,NA,NA,35.9424
1838,17.7831,96,155,"2026-08-29_CPANS",1.67403240926744,227,49,78.5,97.5,25.5,30,346,343,203,215,69,66,132,128,179.8,44.529492196,-80.010749167,-0.814515,NA,NA,NA,35.8416
1839,17.7931,96,155,"2026-08-29_CPANS",1.68673885908984,234,53,77.5,62,24,18,347,343,200,207,66,63,129,127,179.6,44.529416591,-80.010817563,-1.01452,NA,NA,NA,35.5716
1840,17.803,97,155,"2026-08-29_CPANS",1.6898171617831,226,53,81.5,65.5,28.5,19,332,339,200,217,63,62,128,128,179.6,44.529338891,-80.010878835,-1.01452,NA,NA,NA,35.5068
1841,17.8131,97,155,"2026-08-29_CPANS",1.67084377610693,253,54,81,88,25,26.5,332,340,198,211,59,62,124,127,179.2,44.529258676,-80.010937341,-1.20853,NA,NA,NA,35.91
1842,17.8231,97,155,"2026-08-29_CPANS",1.65853982154112,265,56,81,88,25,26.5,332,340,198,211,59,62,124,127,179,44.529177875,-80.010995679,-1.21051,NA,NA,NA,36.1764
1843,17.8332,97,155,"2026-08-29_CPANS",1.67723323605381,265,56,81,88,25,26.5,332,335,198,197,59,60,124,122,179,44.52909481,-80.011047646,-1.21051,NA,NA,NA,35.7732
1844,17.8431,97,155,"2026-08-29_CPANS",1.6946280291476,265,56,0,0,0,0,332,335,198,197,59,60,124,122,179.2,44.529014427,-80.011102632,-1.00849,NA,NA,NA,35.406
1845,17.8535,98,155,"2026-08-29_CPANS",1.65245554894573,287,49,82,68.5,28,20,332,335,198,197,59,60,124,122,179.2,44.528929854,-80.011157198,-0.596123,NA,NA,NA,36.3096
1846,17.8639,98,155,"2026-08-29_CPANS",1.64171263462044,254,49,75,87,26,25.5,335,333,201,205,62,65,127,128,179.2,44.528846286,-80.011213357,-0.596123,NA,NA,NA,36.5472
1847,17.8739,98,155,"2026-08-29_CPANS",1.66002656042497,281,43,78,82,24,24,336,333,198,204,60,63,127,127,179.4,44.528764563,-80.011267252,-0.600205,NA,NA,NA,36.144
1848,17.8839,98,156,"2026-08-29_CPANS",1.68673885908984,235,54,84.5,85,25,23.5,340,333,198,203,62,68,125,129,179.2,44.528682756,-80.01131922,-0.594019,NA,NA,NA,35.5716
1849,17.8939,98,156,"2026-08-29_CPANS",1.66466906379012,235,54,81.5,63.5,28,18,336,339,201,201,69,68,131,129,179,44.528599859,-80.011369428,-0.594019,NA,NA,NA,36.0432
1850,17.904,97,156,"2026-08-29_CPANS",1.65853982154112,284,52,84,84.5,27.5,24.5,335,338,203,200,66,66,129,128,179.2,44.528516794,-80.011421563,-0.396,NA,NA,NA,36.1764
1851,17.914,97,156,"2026-08-29_CPANS",1.68027690963471,233,52,84,84.5,27.5,24.5,336,338,201,200,62,66,127,128,179.2,44.528435154,-80.011473866,0,NA,NA,NA,35.7084
1852,17.9239,96,156,"2026-08-29_CPANS",1.69946636756059,239,60,93,92.5,31.5,26.5,336,338,201,200,62,66,127,128,179.2,44.528355358,-80.011528349,0.20004,NA,NA,NA,35.3052
1853,17.9339,96,156,"2026-08-29_CPANS",1.68350168350168,250,54,78.5,91,25,26.5,316,332,203,200,66,65,129,128,179.4,44.528273719,-80.011581574,0.40004,NA,NA,NA,35.64
1854,17.9438,96,155,"2026-08-29_CPANS",1.67723323605381,261,55,83.5,75,26.5,23.5,323,338,201,200,65,60,128,124,179.4,44.528192582,-80.011635805,0.19802,NA,NA,NA,35.7732
1855,17.954,97,153,"2026-08-29_CPANS",1.66466906379012,285,38,76.5,79.5,26.5,24.5,336,339,201,207,68,60,131,124,179.4,44.528108763,-80.01168618,0.19802,NA,NA,NA,36.0432
1856,17.9641,97,154,"2026-08-29_CPANS",1.67252048837598,224,62,76.5,79.5,26.5,24.5,329,339,204,207,69,60,134,124,179.2,44.528026033,-80.011738399,0,NA,NA,NA,35.874
1857,17.9742,98,154,"2026-08-29_CPANS",1.66466906379012,224,48,76.5,79.5,26.5,24.5,329,339,204,207,69,60,134,124,179,44.527944394,-80.011792798,-0.39802,NA,NA,NA,36.0432
1858,17.9844,98,154,"2026-08-29_CPANS",1.63575097327183,274,48,0,0,0,0,336,338,201,210,65,63,129,125,179,44.527862503,-80.011850549,-0.19802,NA,NA,NA,36.6804
1859,17.9946,99,154,"2026-08-29_CPANS",1.63430738053213,310,50,78,70.5,25,21,339,340,204,200,63,60,129,124,178.8,44.527780611,-80.011908636,-0.194098,NA,NA,NA,36.7128
1860,18.0049,100,154,"2026-08-29_CPANS",1.61217514670794,289,42,81.5,70.5,27,21,339,339,204,208,63,63,129,128,178.8,44.527698636,-80.011969991,-0.392118,NA,NA,NA,37.2168
1861,18.0153,100,154,"2026-08-29_CPANS",1.59918121921576,275,40,82.5,74.5,27.5,22,325,339,205,208,68,63,134,128,178.8,44.527618924,-80.012037801,-0.392118,NA,NA,NA,37.5192
1862,18.0254,100,154,"2026-08-29_CPANS",1.63719711853307,301,55,77,97,23.5,32.5,326,339,203,208,66,63,134,128,179,44.527542146,-80.012107287,-0.194098,NA,NA,NA,36.648
1863,18.0356,99,154,"2026-08-29_CPANS",1.65705574335521,301,48,76.5,75,21.5,22.5,336,339,201,204,62,69,128,129,179,44.527465871,-80.012176856,-0.394098,NA,NA,NA,36.2088
1864,18.0457,98,154,"2026-08-29_CPANS",1.65540987948616,282,47,84.5,70,29,20,336,339,201,204,62,69,128,129,179.2,44.527388674,-80.012245253,-0.196078,NA,NA,NA,36.2448
1865,18.0559,97,154,"2026-08-29_CPANS",1.65393139492574,288,47,84.5,70,29,20,330,342,204,207,63,66,128,128,179.2,44.527309716,-80.012309793,-0.196078,NA,NA,NA,36.2772
1866,18.0658,97,155,"2026-08-29_CPANS",1.6946280291476,287,47,80.5,96,26,32.5,323,340,207,221,66,65,131,128,179.2,44.527236793,-80.012379866,0,NA,NA,NA,35.406
1867,18.0757,96,155,"2026-08-29_CPANS",1.69790817712578,257,48,88.5,80.5,29,23.5,323,340,207,221,66,65,131,128,179.4,44.527163033,-80.012447927,0.401981,NA,NA,NA,35.3376
1868,18.0853,96,155,"2026-08-29_CPANS",1.68197261748579,314,48,88,79,31,26,323,340,207,221,66,65,131,128,179.4,44.527090697,-80.01251624,0.401981,NA,NA,NA,35.6724
1869,18.0952,96,155,"2026-08-29_CPANS",1.67554706611709,291,48,80.5,97,25,34.5,323,340,207,221,66,65,131,128,179.4,44.527016601,-80.012584804,0.59806,NA,NA,NA,35.8092
1870,18.1049,96,155,"2026-08-29_CPANS",1.67875369325813,260,48,75.5,78.5,23,24.5,323,333,207,222,66,65,131,129,179.4,44.526944684,-80.012656469,0.59806,NA,NA,NA,35.7408
1871,18.1148,96,155,"2026-08-29_CPANS",1.68197261748579,257,54,75.5,78.5,23,24.5,339,333,201,222,63,65,127,129,179.4,44.526872432,-80.012729224,0.59806,NA,NA,NA,35.6724
1872,18.1249,98,155,"2026-08-29_CPANS",1.66002656042497,321,54,75.5,78.5,23,24.5,342,342,203,204,60,60,125,124,179.4,44.526796911,-80.012800554,0.40004,NA,NA,NA,36.144
1873,18.1351,99,155,"2026-08-29_CPANS",1.64625312788094,228,48,78,93.5,23.5,29,342,332,203,204,60,62,125,125,179.4,44.526723067,-80.0128775,0.40004,NA,NA,NA,36.4464
1874,18.1454,99,155,"2026-08-29_CPANS",1.6433313613357,261,57,75.5,71.5,23.5,19,343,336,201,204,60,65,125,128,179.2,44.526649222,-80.012953607,0,NA,NA,NA,36.5112
1875,18.1555,99,155,"2026-08-29_CPANS",1.66002656042497,240,52,79.5,71.5,26.5,19,343,342,201,205,62,68,128,131,179,44.526575294,-80.013026195,-0.190174,NA,NA,NA,36.144
1876,18.1654,99,156,"2026-08-29_CPANS",1.65393139492574,232,53,72,73.5,23.5,22,339,343,200,201,62,65,127,129,178.8,44.52650212,-80.013097022,-0.392195,NA,NA,NA,36.2772
1877,18.1756,99,156,"2026-08-29_CPANS",1.63430738053213,253,49,74.5,69.5,22,21.5,340,342,200,198,62,60,127,125,178.8,44.526426682,-80.013168938,-0.594215,NA,NA,NA,36.7128
1878,18.1852,99,156,"2026-08-29_CPANS",1.65540987948616,208,53,75,64.5,22.5,18.5,345,345,200,197,60,65,125,124,178.6,44.526355352,-80.013241107,-0.802548,NA,NA,NA,36.2448
1879,18.1953,98,156,"2026-08-29_CPANS",1.66002656042497,289,49,81,64.5,24,18.5,345,345,200,197,60,65,125,124,178.8,44.526280251,-80.013314448,-0.604528,NA,NA,NA,36.144
1880,18.2055,98,156,"2026-08-29_CPANS",1.63430738053213,276,49,81,64.5,24,18.5,345,340,200,198,60,69,125,128,178.6,44.526202047,-80.013386449,-0.800607,NA,NA,NA,36.7128
1881,18.2161,98,157,"2026-08-29_CPANS",1.65245554894573,261,49,87,72.5,29,21.5,338,339,204,203,65,69,131,129,178.6,44.526123677,-80.013460042,-0.800607,NA,NA,NA,36.3096
1882,18.2266,98,156,"2026-08-29_CPANS",1.67723323605381,261,55,81,72.5,25,21.5,338,332,204,204,65,66,131,131,178.8,44.526046815,-80.013531372,-0.610131,NA,NA,NA,35.7732
1883,18.2367,97,156,"2026-08-29_CPANS",1.66168162180126,234,58,78.5,95.5,24,30,338,332,201,204,62,66,128,131,179,44.525969701,-80.013598511,-0.412111,NA,NA,NA,36.108
1884,18.2468,97,156,"2026-08-29_CPANS",1.65393139492574,233,52,73.5,64.5,22.5,19.5,340,316,200,205,63,63,128,128,178.8,44.52589133,-80.013662213,-0.415956,NA,NA,NA,36.2772
1885,18.2567,97,156,"2026-08-29_CPANS",1.68503353216729,220,51,73,71,22,21.5,340,335,200,217,63,63,128,128,178.8,44.525815809,-80.013727173,-0.217936,NA,NA,NA,35.6076
1886,18.2662,96,156,"2026-08-29_CPANS",1.71098107654929,233,51,75,68,24,20,346,335,200,217,62,63,127,128,178.6,44.525741378,-80.01379054,-0.226442,NA,NA,NA,35.0676
1887,18.2762,96,156,"2026-08-29_CPANS",1.70765027322404,251,56,85,68.5,25,19.5,346,346,200,201,62,63,127,127,178.4,44.525665773,-80.01385659,-0.426442,NA,NA,NA,35.136
1888,18.2861,96,156,"2026-08-29_CPANS",1.67875369325813,275,56,85,68.5,25,19.5,343,343,200,200,60,59,125,122,178.2,44.525589247,-80.013921885,-0.420129,NA,NA,NA,35.7408
1889,18.2961,96,157,"2026-08-29_CPANS",1.68197261748579,280,50,87,95.5,25.5,28.5,343,333,200,203,60,60,125,124,178.2,44.525512468,-80.013985839,-0.618149,NA,NA,NA,35.6724
1890,18.3059,96,157,"2026-08-29_CPANS",1.68350168350168,294,51,83,83.5,25,25,335,330,204,203,62,62,125,125,178.4,44.525434181,-80.014045769,-0.217989,NA,NA,NA,35.64
1891,18.3159,96,157,"2026-08-29_CPANS",1.68827660723933,278,52,83.5,83.5,27,25,333,332,203,204,63,63,127,128,178.4,44.525355224,-80.014104191,-0.217989,NA,NA,NA,35.5392
1892,18.3258,96,157,"2026-08-29_CPANS",1.68503353216729,306,52,85.5,73.5,28.5,21,338,332,201,204,63,63,127,128,178.4,44.525277021,-80.014163367,-0.408465,NA,NA,NA,35.6076
1893,18.3358,97,157,"2026-08-29_CPANS",1.67252048837598,274,54,80,73.5,25,21,338,332,201,204,62,63,127,128,178.6,44.52519974,-80.014226567,-0.406485,NA,NA,NA,35.874
1894,18.3456,96,157,"2026-08-29_CPANS",1.67875369325813,259,56,99.5,73.5,37,21,338,338,201,203,62,60,127,125,178.6,44.525123548,-80.014289431,-0.208465,NA,NA,NA,35.7408
1895,18.3554,96,157,"2026-08-29_CPANS",1.70433241299383,236,56,99.5,73.5,37,21,338,335,201,201,62,58,127,121,178.6,44.525049117,-80.014354726,-0.208465,NA,NA,NA,35.2044
1896,18.3651,95,157,"2026-08-29_CPANS",1.72247485186716,207,52,87.5,73.5,30,21,339,315,201,200,65,59,128,122,178.6,44.524975272,-80.014421195,0,NA,NA,NA,34.8336
1897,18.3748,95,157,"2026-08-29_CPANS",1.71909919202338,258,51,80.5,65,28.5,18,339,330,201,201,65,65,128,128,178.8,44.524901008,-80.01448649,0.408247,NA,NA,NA,34.902
1898,18.3848,95,157,"2026-08-29_CPANS",1.69635284139101,297,54,82,65,26.5,18,340,330,201,201,63,65,127,128,178.6,44.524824649,-80.014551198,0.410267,NA,NA,NA,35.37
1899,18.3946,95,157,"2026-08-29_CPANS",1.70433241299383,304,41,79,71,23.5,20.5,340,343,201,201,63,68,127,129,178.6,44.524749799,-80.014616745,0.410267,NA,NA,NA,35.2044
1900,18.4043,95,157,"2026-08-29_CPANS",1.71750480901347,211,50,76.5,71,22.5,20.5,339,343,200,201,62,68,125,129,178.6,44.524676038,-80.014684219,0.206186,NA,NA,NA,34.9344
1901,18.4142,95,157,"2026-08-29_CPANS",1.71591338069254,275,50,76.5,81,22,22,339,326,200,193,62,60,125,121,178.6,44.524597751,-80.014744401,0.206186,NA,NA,NA,34.9668
1902,18.4242,95,157,"2026-08-29_CPANS",1.72247485186716,271,50,76.5,81,22,22,342,330,198,195,60,62,124,121,178.6,44.524519464,-80.014803996,0.206186,NA,NA,NA,34.8336
1903,18.4341,95,157,"2026-08-29_CPANS",1.68827660723933,257,48,90.5,81,26.5,22,345,330,200,195,68,63,128,122,178.8,44.524440758,-80.014862083,0.208206,NA,NA,NA,35.5392
1904,18.4441,96,158,"2026-08-29_CPANS",1.66783415057207,306,49,87.5,77,29.5,22.5,330,339,200,198,68,63,131,125,179,44.524361549,-80.014922684,0.408206,NA,NA,NA,35.9748
1905,18.4541,97,158,"2026-08-29_CPANS",1.67084377610693,282,53,84,83,26.5,24,335,340,200,201,68,66,129,129,179.2,44.524281921,-80.014980435,0.608206,NA,NA,NA,35.91
1906,18.464,97,157,"2026-08-29_CPANS",1.66783415057207,226,44,79,72,25.5,20,339,345,201,203,66,68,129,131,179.4,44.524202964,-80.015041204,0.810226,NA,NA,NA,35.9748
1907,18.4742,97,157,"2026-08-29_CPANS",1.67084377610693,240,57,93.5,68.5,29.5,19.5,339,345,201,203,66,68,131,131,179.2,44.524124509,-80.015105996,0.407962,NA,NA,NA,35.91
1908,18.4844,98,157,"2026-08-29_CPANS",1.65245554894573,240,59,85,96,29.5,28.5,339,345,201,203,66,68,131,131,179,44.524045887,-80.015171627,0.411884,NA,NA,NA,36.3096
1909,18.4945,98,157,"2026-08-29_CPANS",1.67084377610693,220,59,85,96,29.5,28.5,332,336,200,217,68,70,132,134,178.8,44.523968438,-80.015234407,0.213864,NA,NA,NA,35.91
1910,18.504,96,157,"2026-08-29_CPANS",1.70607704643942,209,60,85,96,29.5,28.5,338,336,200,217,66,70,129,134,178.4,44.52389233,-80.015293751,-0.207189,NA,NA,NA,35.1684
1911,18.514,96,156,"2026-08-29_CPANS",1.69307869429771,212,52,0,0,0,0,345,342,198,198,63,59,125,122,178.2,44.523814462,-80.015356531,-0.407189,NA,NA,NA,35.4384
1912,18.5241,97,157,"2026-08-29_CPANS",1.65705574335521,266,52,80.5,63.5,26,19,352,342,200,198,62,59,125,122,178.2,44.523735756,-80.015422665,-0.407189,NA,NA,NA,36.2088
1913,18.5345,99,157,"2026-08-29_CPANS",1.64171263462044,227,44,72,78,23,22.5,349,342,200,198,63,59,128,122,178,44.52365638,-80.015490139,-0.801517,NA,NA,NA,36.5472
1914,18.5449,99,159,"2026-08-29_CPANS",1.64625312788094,209,55,73.5,78,23,22.5,350,342,201,198,68,59,131,122,178,44.523575327,-80.015550572,-1.00152,NA,NA,NA,36.4464
1915,18.5551,100,158,"2026-08-29_CPANS",1.63430738053213,209,49,68,60.5,20,17,356,335,203,191,70,62,132,120,178,44.52349595,-80.015613437,-1.20152,NA,NA,NA,36.7128
1916,18.5651,99,158,"2026-08-29_CPANS",1.64025850474035,164,52,63.5,60.5,20,17,356,332,203,184,70,60,132,117,177.8,44.523415819,-80.01566926,-1.60354,NA,NA,NA,36.5796
1917,18.5748,98,158,"2026-08-29_CPANS",1.66317400126401,145,49,55.5,59.5,15.5,17,354,339,198,188,65,65,128,124,177.8,44.523337448,-80.015725754,-1.40746,NA,NA,NA,36.0756
1918,18.5842,98,158,"2026-08-29_CPANS",1.6946280291476,0,49,55.5,59.5,15.5,17,354,339,198,188,65,65,128,124,177.8,44.523261424,-80.015784344,-1.21138,NA,NA,NA,35.406
1919,18.5941,98,158,"2026-08-29_CPANS",1.73250173250173,0,49,55.5,59.5,15.5,17,354,339,198,188,65,65,128,124,178,44.523182299,-80.015841508,-0.81134,NA,NA,NA,34.632
1920,18.6033,0,157,"2026-08-29_CPANS",1.82448458310527,0,NA,0,0,0,0,0,0,0,0,0,0,0,0,178,44.523105353,-80.015888028,-0.390287,NA,NA,NA,32.886
1921,18.6121,0,157,"2026-08-29_CPANS",1.97800458897065,0,NA,0,0,0,0,0,0,0,0,0,0,0,0,178.4,44.523035281,-80.015940163,0.264258,NA,NA,NA,30.3336
1922,18.6199,23,157,"2026-08-29_CPANS",2.11398613225097,19,40,72.5,51.5,20.5,15.5,354,0,197,0,65,0,127,0,179,44.522982978,-80.016010655,1.03349,NA,NA,NA,28.3824
1923,18.6274,73,157,"2026-08-29_CPANS",2.18350146294598,194,61,74.5,6.5,22,1,354,345,197,190,65,65,127,122,179.8,44.52295758,-80.016100844,2.29246,NA,NA,NA,27.4788
1924,18.6347,71,157,"2026-08-29_CPANS",2.23264121455682,412,53,95,67.5,30,19,0,350,197,190,65,62,124,120,180.6,44.522961101,-80.016193716,3.38835,NA,NA,NA,26.874
1925,18.6421,71,157,"2026-08-29_CPANS",2.15721805160066,530,48,95,67.5,30,19,354,353,200,195,60,60,120,117,181.4,44.522985576,-80.016280552,4.46943,NA,NA,NA,27.8136
1926,18.6498,75,157,"2026-08-29_CPANS",2.11640211640212,489,48,93.5,94.5,26,28,353,353,217,221,70,69,131,125,181.8,44.523029246,-80.016355403,5.18892,NA,NA,NA,28.35
1927,18.6579,78,157,"2026-08-29_CPANS",1.98247492169224,544,48,91.5,94.5,25,28,356,353,217,221,82,69,141,125,182.2,44.523074256,-80.016437713,5.68274,NA,NA,NA,30.2652
1928,18.6668,82,158,"2026-08-29_CPANS",1.85866696405338,546,49,91.5,91.5,23,23.5,356,353,217,221,82,69,141,125,182.2,44.523118513,-80.016532093,5.68274,NA,NA,NA,32.2812
1929,18.6755,86,156,"2026-08-29_CPANS",1.91043863671099,411,49,81,89.5,24.5,22,356,352,217,205,82,87,141,143,182,44.52315707,-80.016625803,5.25084,NA,NA,NA,31.4064
1930,18.6843,86,157,"2026-08-29_CPANS",1.89007333484539,218,61,99.5,97.5,33.5,30,0,352,217,203,82,86,138,143,182,44.523198141,-80.016721357,5.25084,NA,NA,NA,31.7448
1931,18.6932,86,158,"2026-08-29_CPANS",1.90628693430935,136,57,66,97.5,20,30,354,347,232,198,72,70,131,128,182.2,44.523238039,-80.016817329,5.02101,NA,NA,NA,31.4748
1932,18.7023,88,158,"2026-08-29_CPANS",1.80238635954003,560,51,66,97.5,20,30,350,347,233,203,66,65,125,122,182,44.52328087,-80.016915733,4.032,NA,NA,NA,33.2892
1933,18.712,95,158,"2026-08-29_CPANS",1.69635284139101,646,51,100,98.5,30,29.5,350,347,233,224,66,62,125,121,182,44.523323953,-80.017022602,2.96533,NA,NA,NA,35.37
1934,18.7221,98,158,"2026-08-29_CPANS",1.64025850474035,368,40,100,100,37,32.5,350,347,233,224,66,62,125,121,181.8,44.523372904,-80.017129136,1.67142,NA,NA,NA,36.5796
1935,18.7323,99,158,"2026-08-29_CPANS",1.62983245322381,212,56,100,100,35,32.5,349,345,211,242,66,62,129,120,181.6,44.523424452,-80.017235419,0.394263,NA,NA,NA,36.8136
1936,18.7426,99,158,"2026-08-29_CPANS",1.62824019799401,141,45,53.5,100,15,32.5,349,345,211,242,66,62,129,120,181.4,44.523470469,-80.01734715,-0.319392,NA,NA,NA,36.8496
1937,18.7527,99,159,"2026-08-29_CPANS",1.64788082525872,0,45,53.5,100,15,32.5,349,340,211,236,66,63,129,121,181.2,44.523515061,-80.01745821,-1.01124,NA,NA,NA,36.4104
1938,18.7628,99,158,"2026-08-29_CPANS",1.65393139492574,0,45,53.5,100,15,32.5,0,340,357,236,0,63,357,121,180.8,44.523558647,-80.017570192,-1.40728,NA,NA,NA,36.2772
1939,18.7725,0,158,"2026-08-29_CPANS",1.69946636756059,0,NA,0,0,0,0,0,0,0,0,0,0,0,0,180.4,44.523602652,-80.017677229,-1.58976,NA,NA,NA,35.3052
1940,18.7822,0,158,"2026-08-29_CPANS",1.78616082592077,0,NA,0,0,0,0,0,0,0,0,0,0,0,0,180.2,44.523654033,-80.017775884,-1.79595,NA,NA,NA,33.5916
1941,18.7916,0,159,"2026-08-29_CPANS",1.78272185973544,0,NA,0,0,0,0,0,0,0,0,0,0,0,0,180,44.523722094,-80.017848806,-2.23344,NA,NA,NA,33.6564
1942,18.8005,14,159,"2026-08-29_CPANS",1.86657707096726,5,0,0,51,0,15,0,0,357,357,0,0,357,357,179.8,44.523796944,-80.017895494,-2.23837,NA,NA,NA,32.1444
1943,18.8092,14,158,"2026-08-29_CPANS",1.95205746857187,0,0,0,51,0,15,0,0,357,357,0,0,357,357,179.8,44.523863497,-80.017959531,-2.23837,NA,NA,NA,30.7368
1944,18.8171,14,157,"2026-08-29_CPANS",2.12910918071879,0,0,0,51,0,15,0,0,357,357,0,0,357,357,179.8,44.523905574,-80.018045446,-2.04035,NA,NA,NA,28.1808
1945,18.8251,0,157,"2026-08-29_CPANS",2.2025461433417,0,NA,0,0,0,0,0,0,0,0,0,0,0,0,179.6,44.523911944,-80.018150974,-2.09428,NA,NA,NA,27.2412
1946,18.833,40,157,"2026-08-29_CPANS",2.10145841213802,326,NA,98.5,86.5,29.5,16,0,0,0,0,0,0,0,0,179.4,44.523883194,-80.018247031,-2.15327,NA,NA,NA,28.5516
1947,18.8423,82,157,"2026-08-29_CPANS",1.93528409970584,390,NA,98.5,86.5,29.5,16,352,336,236,215,60,60,122,121,179,44.523827203,-80.018331856,-2.38535,NA,NA,NA,31.0032
1948,18.8511,84,157,"2026-08-29_CPANS",1.89415463878471,385,52,88,86.5,24.5,16,350,336,242,215,62,60,122,121,178.8,44.523771128,-80.018411735,-2.21659,NA,NA,NA,31.6764
1949,18.86,37,156,"2026-08-29_CPANS",1.94567670635847,22,52,88,86.5,24.5,16,350,338,242,207,62,60,122,122,178.6,44.523719244,-80.018494297,-2.02893,NA,NA,NA,30.8376
1950,18.8685,83,157,"2026-08-29_CPANS",1.96494537451859,255,45,64.5,83.5,25.5,21.5,350,338,242,207,62,60,122,122,178.6,44.523667779,-80.018573841,-1.82275,NA,NA,NA,30.5352
1951,18.8774,84,157,"2026-08-29_CPANS",1.90020142135066,407,54,97.5,78.5,31,21.5,350,353,242,203,62,60,122,121,178.4,44.523610195,-80.01865129,-1.8347,NA,NA,NA,31.5756
1952,18.8864,86,156,"2026-08-29_CPANS",1.8607420639351,386,52,91,98.5,26.5,31,350,353,235,222,62,59,125,121,178.4,44.523551774,-80.018729912,-1.60998,NA,NA,NA,32.2452
1953,18.8955,87,156,"2026-08-29_CPANS",1.83009406683504,417,55,92,98.5,27.5,31,349,343,225,235,60,62,124,124,178.4,44.523493184,-80.018808451,-1.60998,NA,NA,NA,32.7852
1954,18.9045,88,155,"2026-08-29_CPANS",1.80063382310573,314,52,84.5,98.5,26,30.5,347,339,215,222,62,62,122,122,178.4,44.523433337,-80.018884726,-1.60998,NA,NA,NA,33.3216
1955,18.9137,90,156,"2026-08-29_CPANS",1.78616082592077,357,52,84.5,98.5,26,30.5,342,339,200,211,58,58,117,117,178.4,44.523370976,-80.018960834,-1.35998,NA,NA,NA,33.5916
1956,18.9229,91,156,"2026-08-29_CPANS",1.77022481855196,337,53,91,83.5,26,24,336,340,200,248,58,60,118,124,178.6,44.523310123,-80.019039623,-0.889427,NA,NA,NA,33.894
1957,18.9322,91,156,"2026-08-29_CPANS",1.77380445579679,338,58,97.5,99.5,32,32,315,340,203,248,65,60,128,124,178.6,44.523249103,-80.019120006,-0.45932,NA,NA,NA,33.8256
1958,18.9416,92,155,"2026-08-29_CPANS",1.74776286353468,319,50,91.5,99.5,29,32,315,340,203,253,65,62,128,127,178.4,44.523185065,-80.01919955,-0.444813,NA,NA,NA,34.3296
1959,18.9512,93,154,"2026-08-29_CPANS",1.72908669640696,286,53,85,99,25.5,32,308,335,203,242,66,62,129,127,178.2,44.523119938,-80.019279514,-0.428427,NA,NA,NA,34.7004
1960,18.9609,94,154,"2026-08-29_CPANS",1.72087420409568,156,60,68.5,87,22.5,27.5,319,333,203,226,65,62,128,125,178,44.523052547,-80.019358052,-0.634613,NA,NA,NA,34.866
1961,18.9709,95,155,"2026-08-29_CPANS",1.71591338069254,141,53,61.5,58,19.5,19,342,315,200,203,59,59,124,122,178,44.522985157,-80.019439524,-0.409894,NA,NA,NA,34.9668
1962,18.9807,95,155,"2026-08-29_CPANS",1.72247485186716,135,53,61.5,58,19.5,19,352,326,194,188,58,53,121,115,178,44.522920365,-80.019521834,-0.409894,NA,NA,NA,34.8336
1963,18.9902,94,155,"2026-08-29_CPANS",1.72407848005241,134,59,57.5,53,17.5,18,353,338,191,188,58,52,121,115,178.2,44.522856495,-80.019601211,-0.199367,NA,NA,NA,34.8012
1964,18.9998,93,155,"2026-08-29_CPANS",1.72247485186716,235,54,56.5,57,17.5,17,349,345,193,188,59,52,121,114,178.4,44.522793127,-80.019684108,0,NA,NA,NA,34.8336
1965,19.0095,94,155,"2026-08-29_CPANS",1.72087420409568,215,54,77.5,78.5,22.5,23.5,349,345,193,188,59,52,121,114,178.4,44.522729425,-80.019768514,0,NA,NA,NA,34.866
1966,19.0193,94,155,"2026-08-29_CPANS",1.71414858239912,188,54,70.5,78.5,19.5,23.5,345,347,193,198,58,60,120,122,178.6,44.522669494,-80.019858116,0,NA,NA,NA,35.0028
1967,19.0289,93,154,"2026-08-29_CPANS",1.74776286353468,114,65,58,55.5,17.5,16,343,346,193,198,56,63,118,124,178.8,44.522608642,-80.019944031,0.20399,NA,NA,NA,34.3296
1968,19.0383,92,154,"2026-08-29_CPANS",1.78081703885743,71,66,40,42.5,12.5,13,343,338,190,184,53,55,117,114,179,44.522547789,-80.020026257,0.629522,NA,NA,NA,33.6924
1969,19.0477,91,154,"2026-08-29_CPANS",1.81159420289855,135,66,40,42.5,12.5,13,343,340,190,183,53,55,117,115,178.8,44.522490122,-80.020112759,0.625089,NA,NA,NA,33.12
1970,19.0568,90,154,"2026-08-29_CPANS",1.83958793230316,129,66,66.5,42.5,21,13,0,342,195,183,63,52,125,113,178.8,44.522426587,-80.020187106,0.831275,NA,NA,NA,32.616
1971,19.0659,89,153,"2026-08-29_CPANS",1.84141715464221,149,49,55.5,49.5,17.5,14.5,350,343,191,184,60,44,122,104,178.6,44.522354838,-80.020247037,0.611494,NA,NA,NA,32.5836
1972,19.075,88,154,"2026-08-29_CPANS",1.86846038863976,99,49,52.5,63,15,17.5,350,343,191,184,60,44,122,104,178.4,44.522279652,-80.020295652,0.391714,NA,NA,NA,32.112
1973,19.0842,86,153,"2026-08-29_CPANS",1.91043863671099,46,49,37.5,63,12,17.5,350,343,191,184,60,44,122,104,178.2,44.522199102,-80.020321468,-0.0362034,NA,NA,NA,31.4064
1974,19.0931,86,153,"2026-08-29_CPANS",1.91659000306654,198,49,25.5,31,8.5,10,350,343,191,184,60,44,122,104,178.2,44.522118552,-80.020320965,-0.244537,NA,NA,NA,31.3056
1975,19.1019,86,153,"2026-08-29_CPANS",1.89007333484539,198,54,25.5,31,8.5,10,350,343,191,184,60,44,122,104,178,44.52203993,-80.020307135,-0.47181,NA,NA,NA,31.7448
1976,19.1108,85,153,"2026-08-29_CPANS",1.86846038863976,198,54,25.5,31,8.5,10,356,350,194,195,66,59,127,120,178,44.521961726,-80.020287102,-0.675891,NA,NA,NA,32.112
1977,19.1194,87,152,"2026-08-29_CPANS",1.86657707096726,186,49,0,0,0,0,354,346,197,201,66,63,125,124,178,44.521884697,-80.020267991,-0.884224,NA,NA,NA,32.1444
1978,19.128,87,152,"2026-08-29_CPANS",1.88217579521927,185,54,67.5,89.5,19.5,25.5,354,350,195,201,65,63,122,122,177.8,44.52180708,-80.020252569,-1.32955,NA,NA,NA,31.878
1979,19.1366,86,153,"2026-08-29_CPANS",1.92056541445802,180,49,69.5,63,21,19,350,349,193,194,58,56,117,113,177.6,44.521728207,-80.020250892,-1.34934,NA,NA,NA,31.2408
1980,19.1455,85,153,"2026-08-29_CPANS",1.88622302701071,290,48,92,65,27.5,19,349,349,195,194,58,56,117,113,177.8,44.521648746,-80.020261873,-1.12462,NA,NA,NA,31.8096
1981,19.1542,84,153,"2026-08-29_CPANS",1.89221919467151,166,58,79.5,65,24,19,349,346,195,194,58,55,117,114,177.8,44.521572052,-80.020285677,-0.904841,NA,NA,NA,31.7088
1982,19.1627,83,152,"2026-08-29_CPANS",1.92056541445802,150,29,54,56.5,13.5,15.5,349,349,195,198,58,59,117,118,178,44.521499297,-80.020319205,-0.449767,NA,NA,NA,31.2408
1983,19.1713,83,152,"2026-08-29_CPANS",1.94159676918298,179,54,71,56.5,22,15.5,346,352,184,200,49,62,110,120,178.2,44.521429979,-80.020368071,0,NA,NA,NA,30.9024
1984,19.1797,83,152,"2026-08-29_CPANS",1.99792216095261,179,49,71,56.5,22,15.5,346,353,184,200,49,60,110,121,178.4,44.521363342,-80.020417273,0.238278,NA,NA,NA,30.0312
1985,19.1879,83,152,"2026-08-29_CPANS",2.04599394385793,0,49,66,72,21.5,22.5,346,353,184,200,49,60,110,121,178.6,44.521296371,-80.020462535,0.709453,NA,NA,NA,29.3256
1986,19.1961,83,153,"2026-08-29_CPANS",2.09406541860368,0,49,66,72,21.5,22.5,346,353,184,200,49,60,110,121,178.6,44.521231579,-80.02050939,0.709453,NA,NA,NA,28.6524
1987,19.204,0,153,"2026-08-29_CPANS",2.16788067984738,0,NA,0,0,0,0,0,0,0,0,0,0,0,0,178.8,44.521170894,-80.020555742,0.962617,NA,NA,NA,27.6768
1988,19.2111,0,154,"2026-08-29_CPANS",2.26111337222448,0,NA,0,0,0,0,0,0,0,0,0,0,0,0,178.8,44.521115322,-80.020600418,1.19518,NA,NA,NA,26.5356
1989,19.2177,0,154,"2026-08-29_CPANS",2.36272564029865,0,NA,0,0,0,0,0,0,0,0,0,0,0,0,178.8,44.521060001,-80.020640986,1.42773,NA,NA,NA,25.3944
1990,19.2248,0,154,"2026-08-29_CPANS",2.52640088929311,0,NA,0,0,0,0,0,0,0,0,0,0,0,0,179,44.521008872,-80.020689098,1.4847,NA,NA,NA,23.7492
1991,19.2326,0,154,"2026-08-29_CPANS",2.05077724457569,0,NA,0,0,0,0,0,0,0,0,0,0,0,0,178.8,44.520943828,-80.020737294,1.22829,NA,NA,NA,29.2572
1992,19.2399,0,154,"2026-08-29_CPANS",2.43700346054491,0,NA,0,0,0,0,0,0,0,0,0,0,0,0,178.4,44.520888424,-80.020781299,0.445055,NA,NA,NA,24.6204
1993,19.2471,0,153,"2026-08-29_CPANS",2.42706664725013,0,NA,0,0,0,0,0,0,0,0,0,0,0,0,178,44.52083369,-80.020827316,-0.343059,NA,NA,NA,24.7212
1994,19.2541,15,153,"2026-08-29_CPANS",2.3441162681669,14,NA,0,0,0,0,349,0,183,0,53,0,114,0,177.8,44.520781555,-80.020876098,-0.866868,NA,NA,NA,25.596
1995,19.2614,71,152,"2026-08-29_CPANS",2.16253622248173,265,50,85,0,26.5,0,349,0,183,357,53,0,114,357,177.4,44.520725144,-80.020927228,-1.65872,NA,NA,NA,27.7452
1996,19.2696,76,151,"2026-08-29_CPANS",2.06987911905945,346,43,80.5,0,25,0,350,354,186,143,53,38,115,82,177,44.52066337,-80.020981962,-2.14652,NA,NA,NA,28.9872
1997,19.2775,79,151,"2026-08-29_CPANS",2.02979742621686,204,50,70,89,21,24.5,347,354,188,143,51,38,114,82,176.6,44.520602685,-80.021038121,-2.90601,NA,NA,NA,29.5596
1998,19.286,80,151,"2026-08-29_CPANS",2.02069188490139,114,56,59.5,65.5,18,18,346,357,187,200,52,59,115,117,176.4,44.520539234,-80.02109562,-3.14131,NA,NA,NA,29.6928
1999,19.2943,80,151,"2026-08-29_CPANS",2.04373594931535,16,56,59.5,65.5,18,18,346,0,187,203,52,65,115,124,176.2,44.520477459,-80.021152869,-3.38227,NA,NA,NA,29.358
2000,19.3023,31,152,"2026-08-29_CPANS",2.07451663762343,16,56,59.5,65.5,18,18,352,0,188,203,59,65,121,124,176,44.520416271,-80.0212071,-3.91396,NA,NA,NA,28.9224
2001,19.3104,31,152,"2026-08-29_CPANS",2.10650488709134,7,37,2.5,50,0.5,13,352,0,188,357,59,0,121,357,175.8,44.520354413,-80.021259068,-3.90447,NA,NA,NA,28.4832
2002,19.3182,36,152,"2026-08-29_CPANS",2.13922046806144,7,100,51,65,18,19.5,352,0,188,0,59,0,121,0,175.8,44.520293812,-80.021309191,-3.35652,NA,NA,NA,28.0476
2003,19.3261,54,152,"2026-08-29_CPANS",2.13922046806144,76,41,30.5,65,7.5,0,352,0,188,0,59,0,121,0,175.8,44.520232959,-80.021359483,-2.80097,NA,NA,NA,28.0476
2004,19.3338,76,151,"2026-08-29_CPANS",2.13675213675214,124,42,58,65,19.5,0,4,0,197,0,69,0,131,0,175.8,44.52017219,-80.021407343,-2.51525,NA,NA,NA,28.08
2005,19.3414,75,151,"2026-08-29_CPANS",2.16506451892266,82,50,47.5,58,14.5,18,0,0,193,200,60,63,122,122,176,44.520112427,-80.021455958,-1.70415,NA,NA,NA,27.7128
2006,19.3489,66,152,"2026-08-29_CPANS",2.2383382576775,9,50,47.5,58,14.5,18,356,0,191,198,55,56,118,115,176,44.520054173,-80.0215034,-1.21634,NA,NA,NA,26.8056
2007,19.3563,40,152,"2026-08-29_CPANS",2.31964741359313,0,100,0,0,0,0,0,0,0,0,0,0,0,0,176.4,44.519995919,-80.021547657,-0.169473,NA,NA,NA,25.866
2008,19.3632,40,152,"2026-08-29_CPANS",2.48793352241628,0,100,0,0,0,0,0,0,0,0,0,0,0,0,176.6,44.519943532,-80.021590991,0.355676,NA,NA,NA,24.1164
2009,19.3697,40,152,"2026-08-29_CPANS",2.58879569224397,0,100,0,0,0,0,0,0,0,0,0,0,0,0,176.8,44.519893576,-80.021631978,0.904332,NA,NA,NA,23.1768
2010,19.376,27,151,"2026-08-29_CPANS",2.54803037252204,26,35,39,38,8.5,0,0,0,191,0,56,0,118,0,177,44.519844374,-80.021675313,1.47179,NA,NA,NA,23.5476
2011,19.3827,64,151,"2026-08-29_CPANS",2.48089709238861,201,35,39,38,8.5,0,0,3,191,195,56,58,118,117,177,44.519793077,-80.02172024,1.71871,NA,NA,NA,24.1848
2012,19.3894,66,150,"2026-08-29_CPANS",2.47059986164641,168,54,76.5,83,23,26,0,3,191,201,56,62,118,122,177,44.519743707,-80.021768771,1.71871,NA,NA,NA,24.2856
2013,19.3962,66,150,"2026-08-29_CPANS",2.46038775711052,134,54,76.5,83,23,26,349,3,190,211,52,63,114,125,176.8,44.519692578,-80.021817554,1.42459,NA,NA,NA,24.3864
2014,19.4032,66,150,"2026-08-29_CPANS",2.44702197425733,134,52,69,82.5,21,27.5,343,0,184,210,51,59,111,121,176.6,44.519639353,-80.021863319,1.13887,NA,NA,NA,24.5196
2015,19.4099,66,148,"2026-08-29_CPANS",2.47390035129385,0,51,68.5,82.5,20.5,27.5,343,350,184,200,51,52,111,114,176.4,44.519587301,-80.021907743,0.577209,NA,NA,NA,24.2532
2016,19.4164,66,148,"2026-08-29_CPANS",2.60742594910305,0,51,68.5,82.5,20.5,27.5,343,350,184,200,51,52,111,114,176.4,44.519536088,-80.021948647,0.577209,NA,NA,NA,23.0112
2017,19.4231,0,148,"2026-08-29_CPANS",2.71886895051659,0,NA,0,0,0,0,0,0,0,0,0,0,0,0,176.4,44.519484455,-80.021988545,0.0366683,NA,NA,NA,22.068
2018,19.4289,16,147,"2026-08-29_CPANS",3.0480370641307,4,NA,0,0,0,0,0,0,0,0,0,0,0,0,176.4,44.519442629,-80.022028526,-0.253187,NA,NA,NA,19.6848
2019,19.4337,16,146,"2026-08-29_CPANS",3.18979266347687,0,100,10,66.5,2,19.5,343,350,184,200,51,52,111,114,176.6,44.519404743,-80.022064736,-0.144212,NA,NA,NA,18.81
2020,19.4388,16,146,"2026-08-29_CPANS",3.74447689657755,0,100,10,66.5,2,19.5,343,350,184,200,51,52,111,114,177,44.519367779,-80.022098431,0.322641,NA,NA,NA,16.0236
2021,19.443,0,146,"2026-08-29_CPANS",4.08697073728952,0,NA,0,0,0,0,0,0,0,0,0,0,0,0,177.2,44.519337185,-80.02213045,0.798831,NA,NA,NA,14.6808
2022,19.4465,0,145,"2026-08-29_CPANS",4.94853523357086,0,NA,0,0,0,0,0,0,0,0,0,0,0,0,177.4,44.519309609,-80.022151573,1.37026,NA,NA,NA,12.1248
2023,19.4495,0,145,"2026-08-29_CPANS",5.85617240571562,0,NA,0,0,0,0,0,0,0,0,0,0,0,0,177.6,44.51928748,-80.022175293,2.33104,NA,NA,NA,10.2456
2024,19.4528,0,145,"2026-08-29_CPANS",5.58160303639205,0,NA,0,0,0,0,0,0,0,0,0,0,0,0,177.6,44.519260993,-80.022196164,2.61676,NA,NA,NA,10.7496
0,0,82.5,153.5,"2026-08-29_CXKGP",4.82741974414675,NA,NA,NA,NA,NA,NA,NA,NA,NA,NA,NA,NA,NA,NA,173.9,44.520047719,-80.022525615,0,4.9,129,22,12.429
1,0.0035,83,153,"2026-08-29_CXKGP",4.7001316036849,NA,NA,NA,NA,NA,NA,NA,NA,NA,NA,NA,NA,NA,NA,174,44.520066494,-80.022558849,2.85714,9.8,258,22,12.7656
2,0.0071,84,153,"2026-08-29_CXKGP",4.65159549725556,NA,NA,NA,NA,NA,NA,NA,NA,NA,NA,NA,NA,NA,NA,174,44.520094155,-80.022598077,0,10.56,241,22,12.8988
3,0.0107,84,151,"2026-08-29_CXKGP",4.60405156537753,NA,NA,NA,NA,NA,NA,NA,NA,NA,NA,NA,NA,NA,NA,174,44.520107063,-80.022634706,0,9.67,254,22,13.032
4,0.0144,84,150,"2026-08-29_CXKGP",4.48752468138575,NA,NA,NA,NA,NA,NA,NA,NA,NA,NA,NA,NA,NA,NA,173.8,44.520131706,-80.022677202,-5.40541,9.82,251,22,13.3704
5,0.0182,86,150,"2026-08-29_CXKGP",4.44325957522438,NA,NA,NA,NA,NA,NA,NA,NA,NA,NA,NA,NA,NA,NA,174,44.520151068,-80.022717267,5.26316,9.48,245,22,13.5036
6,0.022,87,150,"2026-08-29_CXKGP",4.32451133021969,NA,NA,NA,NA,NA,NA,NA,NA,NA,NA,NA,NA,NA,NA,174,44.520169173,-80.022765799,0,9.33,242,22,13.8744
7,0.0259,86,149,"2026-08-29_CXKGP",4.25278557455133,NA,NA,NA,NA,NA,NA,NA,NA,NA,NA,NA,NA,NA,NA,174,44.52017898,-80.022815419,0,9.61,242,22,14.1084
8,0.0298,86,149,"2026-08-29_CXKGP",4.24304141208418,NA,NA,NA,NA,NA,NA,NA,NA,NA,NA,NA,NA,NA,NA,174.2,44.520189792,-80.022858335,5.12821,9.69,240,22,14.1408
9,0.0338,86,150,"2026-08-29_CXKGP",4.24304141208418,NA,NA,NA,NA,NA,NA,NA,NA,NA,NA,NA,NA,NA,NA,174.4,44.520200772,-80.022910135,5,9.7,240,22,14.1408
10,0.0377,86,151,"2026-08-29_CXKGP",4.31443610320131,NA,NA,NA,NA,NA,NA,NA,NA,NA,NA,NA,NA,NA,NA,174.6,44.520207059,-80.0229559,1.79713,9.65,241,22,13.9068
11,0.0414,86,150,"2026-08-29_CXKGP",4.45394619632995,NA,NA,NA,NA,NA,NA,NA,NA,NA,NA,NA,NA,NA,NA,174.6,44.520209909,-80.02300703,1.51142,9.57,243,22,13.4712
12,0.0451,86,150,"2026-08-29_CXKGP",4.45394619632995,NA,NA,NA,NA,NA,NA,NA,NA,NA,NA,NA,NA,NA,NA,174.8,44.520210915,-80.023051957,2.05196,9.49,245,22,13.4712
13,0.0488,85,150,"2026-08-29_CXKGP",4.54504135987638,NA,NA,NA,NA,NA,NA,NA,NA,NA,NA,NA,NA,NA,NA,175,44.520192977,-80.023096381,2.5925,9.6,249,22,13.2012
14,0.0524,85,153,"2026-08-29_CXKGP",4.55622380171314,NA,NA,NA,NA,NA,NA,NA,NA,NA,NA,NA,NA,NA,NA,175,44.520182416,-80.023149522,3.13304,9.56,250,22,13.1688
15,0.0561,85,153,"2026-08-29_CXKGP",4.58001282403591,NA,NA,NA,NA,NA,NA,NA,NA,NA,NA,NA,NA,NA,NA,175.4,44.520165736,-80.02318087,3.6878,9.59,249,22,13.1004
16,0.0597,85,152,"2026-08-29_CXKGP",4.60405156537753,NA,NA,NA,NA,NA,NA,NA,NA,NA,NA,NA,NA,NA,NA,175.6,44.520140674,-80.023223115,4.24336,9.55,250,22,13.032
17,0.0633,84,152,"2026-08-29_CXKGP",4.63994060876021,NA,NA,NA,NA,NA,NA,NA,NA,NA,NA,NA,NA,NA,NA,175.8,44.52011863,-80.023250775,4.79891,9.55,250,22,12.9312
18,0.0669,84,152,"2026-08-29_CXKGP",4.6633090841261,NA,NA,NA,NA,NA,NA,NA,NA,NA,NA,NA,NA,NA,NA,175.8,44.520093568,-80.023276592,4.28609,9.67,254,22,12.8664
19,0.0704,84,151,"2026-08-29_CXKGP",4.6633090841261,NA,NA,NA,NA,NA,NA,NA,NA,NA,NA,NA,NA,NA,NA,176,44.520064986,-80.023309616,4.35752,9.67,254,22,12.8664
20,0.074,85,151,"2026-08-29_CXKGP",4.67639356528245,NA,NA,NA,NA,NA,NA,NA,NA,NA,NA,NA,NA,NA,NA,176.2,44.52004051,-80.023326213,4.40026,9.46,252,22,12.8304
21,0.0775,85,152,"2026-08-29_CXKGP",4.73754026909229,NA,NA,NA,NA,NA,NA,NA,NA,NA,NA,NA,NA,NA,NA,176.2,44.520009414,-80.023363428,4.40026,9.46,252,22,12.6648
22,0.081,85,152,"2026-08-29_CXKGP",4.80169019494862,NA,NA,NA,NA,NA,NA,NA,NA,NA,NA,NA,NA,NA,NA,176.4,44.519986196,-80.023381868,4.43115,9.41,253,22,12.4956
23,0.0845,86,152,"2026-08-29_CXKGP",4.80169019494862,NA,NA,NA,NA,NA,NA,NA,NA,NA,NA,NA,NA,NA,NA,176.6,44.519952417,-80.023409445,4.46203,9.17,252,22,12.4956
24,0.088,86,152,"2026-08-29_CXKGP",4.77554918815664,NA,NA,NA,NA,NA,NA,NA,NA,NA,NA,NA,NA,NA,NA,176.8,44.519922326,-80.023428304,5.03346,9.17,252,22,12.564
25,0.0915,84,152,"2026-08-29_CXKGP",4.7001316036849,NA,NA,NA,NA,NA,NA,NA,NA,NA,NA,NA,NA,NA,NA,176.8,44.519892905,-80.023446241,3.95238,9.57,256,22,12.7656
26,0.0952,84,152,"2026-08-29_CXKGP",4.53391367428364,NA,NA,NA,NA,NA,NA,NA,NA,NA,NA,NA,NA,NA,NA,177,44.519861976,-80.023474237,3.93737,9.77,252,22,13.2336
27,0.0989,85,154,"2026-08-29_CXKGP",4.53391367428364,NA,NA,NA,NA,NA,NA,NA,NA,NA,NA,NA,NA,NA,NA,177,44.51983683,-80.023488402,3.38181,9.6,249,22,13.2336
28,0.1026,86,155,"2026-08-29_CXKGP",4.41033783187792,NA,NA,NA,NA,NA,NA,NA,NA,NA,NA,NA,NA,NA,NA,177.4,44.519804141,-80.023519499,4.46289,9.52,244,22,13.6044
29,0.1064,86,155,"2026-08-29_CXKGP",4.44325957522438,NA,NA,NA,NA,NA,NA,NA,NA,NA,NA,NA,NA,NA,NA,177.4,44.51977866,-80.023535844,3.89146,9.52,244,22,13.5036
30,0.1101,86,155,"2026-08-29_CXKGP",4.48752468138575,NA,NA,NA,NA,NA,NA,NA,NA,NA,NA,NA,NA,NA,NA,177.4,44.519749072,-80.023555039,3.33591,9.52,244,22,13.3704
31,0.1138,85,158,"2026-08-29_CXKGP",4.54504135987638,NA,NA,NA,NA,NA,NA,NA,NA,NA,NA,NA,NA,NA,NA,177.4,44.519723088,-80.023592422,3.33591,9.6,249,22,13.2012
32,0.1174,84,159,"2026-08-29_CXKGP",4.5687134502924,NA,NA,NA,NA,NA,NA,NA,NA,NA,NA,NA,NA,NA,NA,177.2,44.519703474,-80.023616143,2.20892,9.77,252,22,13.1328
33,0.121,84,160,"2026-08-29_CXKGP",4.60405156537753,NA,NA,NA,NA,NA,NA,NA,NA,NA,NA,NA,NA,NA,NA,177,44.519675227,-80.023653274,1.08194,9.76,252,22,13.032
34,0.1247,84,161,"2026-08-29_CXKGP",4.58001282403591,NA,NA,NA,NA,NA,NA,NA,NA,NA,NA,NA,NA,NA,NA,176.8,44.519649662,-80.023679091,-0.03003,9.72,253,22,13.1004
35,0.1283,83,160,"2026-08-29_CXKGP",4.55622380171314,NA,NA,NA,NA,NA,NA,NA,NA,NA,NA,NA,NA,NA,NA,176.6,44.519622756,-80.023693424,-0.585586,9.94,255,22,13.1688
36,0.1319,83,159,"2026-08-29_CXKGP",4.61552663158866,NA,NA,NA,NA,NA,NA,NA,NA,NA,NA,NA,NA,NA,NA,176.6,44.519587469,-80.02370826,-1.12613,9.94,255,22,12.9996
37,0.1356,83,160,"2026-08-29_CXKGP",4.59136822773186,NA,NA,NA,NA,NA,NA,NA,NA,NA,NA,NA,NA,NA,NA,176.4,44.519564502,-80.023703901,-1.66667,9.89,256,22,13.068
38,0.1391,84,160,"2026-08-29_CXKGP",4.6633090841261,NA,NA,NA,NA,NA,NA,NA,NA,NA,NA,NA,NA,NA,NA,176.4,44.519534327,-80.023677247,-2.74775,9.72,253,22,12.8664
39,0.1427,83,160,"2026-08-29_CXKGP",4.6633090841261,NA,NA,NA,NA,NA,NA,NA,NA,NA,NA,NA,NA,NA,NA,176.4,44.519511612,-80.023647156,-2.74775,9.67,254,22,12.8664
40,0.1463,83,160,"2026-08-29_CXKGP",4.65159549725556,NA,NA,NA,NA,NA,NA,NA,NA,NA,NA,NA,NA,NA,NA,176.4,44.519488981,-80.023612203,-2.74775,9.85,257,22,12.8988
41,0.1499,83,161,"2026-08-29_CXKGP",4.65159549725556,NA,NA,NA,NA,NA,NA,NA,NA,NA,NA,NA,NA,NA,NA,176.6,44.519461405,-80.02357482,-2.19219,9.85,257,22,12.8988
42,0.1535,83,159,"2026-08-29_CXKGP",4.5687134502924,NA,NA,NA,NA,NA,NA,NA,NA,NA,NA,NA,NA,NA,NA,176.8,44.519444473,-80.023540203,-1.08108,9.89,256,22,13.1328
43,0.1573,85,158,"2026-08-29_CXKGP",4.46588067166845,NA,NA,NA,NA,NA,NA,NA,NA,NA,NA,NA,NA,NA,NA,176.8,44.51941279,-80.023502065,-0.525526,9.94,255,22,13.4352
44,0.161,85,157,"2026-08-29_CXKGP",4.43262411347518,NA,NA,NA,NA,NA,NA,NA,NA,NA,NA,NA,NA,NA,NA,176.6,44.519389991,-80.023472728,-0.525526,9.69,247,22,13.536
45,0.1648,85,157,"2026-08-29_CXKGP",4.43262411347518,NA,NA,NA,NA,NA,NA,NA,NA,NA,NA,NA,NA,NA,NA,176.6,44.519357637,-80.023454372,0.03003,9.69,247,22,13.536
46,0.1686,85,157,"2026-08-29_CXKGP",4.42086648983201,NA,NA,NA,NA,NA,NA,NA,NA,NA,NA,NA,NA,NA,NA,176.6,44.519325534,-80.023454707,0.03003,9.69,247,22,13.572
47,0.1723,85,156,"2026-08-29_CXKGP",4.42086648983201,NA,NA,NA,NA,NA,NA,NA,NA,NA,NA,NA,NA,NA,NA,176.6,44.519294437,-80.023464598,0.570571,9.73,246,22,13.572
48,0.176,84,156,"2026-08-29_CXKGP",4.4996400287977,NA,NA,NA,NA,NA,NA,NA,NA,NA,NA,NA,NA,NA,NA,176.4,44.519266106,-80.02349888,0.03003,9.69,247,23,13.3344
49,0.1797,84,156,"2026-08-29_CXKGP",4.55622380171314,NA,NA,NA,NA,NA,NA,NA,NA,NA,NA,NA,NA,NA,NA,176.4,44.519239368,-80.023522433,0.03003,9.81,251,23,13.1688
50,0.1833,84,156,"2026-08-29_CXKGP",4.55622380171314,NA,NA,NA,NA,NA,NA,NA,NA,NA,NA,NA,NA,NA,NA,176.4,44.519206763,-80.023553278,0.03003,9.77,252,23,13.1688
51,0.1871,85,157,"2026-08-29_CXKGP",4.510599909788,NA,NA,NA,NA,NA,NA,NA,NA,NA,NA,NA,NA,NA,NA,176.4,44.519177342,-80.023575658,-0.525526,9.77,252,23,13.302
52,0.1908,85,157,"2026-08-29_CXKGP",4.43262411347518,NA,NA,NA,NA,NA,NA,NA,NA,NA,NA,NA,NA,NA,NA,176.4,44.519147503,-80.023608012,-1.08108,9.64,248,23,13.536
53,0.1947,87,158,"2026-08-29_CXKGP",4.33576135969476,NA,NA,NA,NA,NA,NA,NA,NA,NA,NA,NA,NA,NA,NA,176.2,44.519122273,-80.023633912,-1.5939,9.33,242,23,13.8384
54,0.1986,88,160,"2026-08-29_CXKGP",4.25278557455133,NA,NA,NA,NA,NA,NA,NA,NA,NA,NA,NA,NA,NA,NA,176.2,44.519090841,-80.023663919,-1.05336,9.26,237,22,14.1084
55,0.2025,88,160,"2026-08-29_CXKGP",4.2322668020992,NA,NA,NA,NA,NA,NA,NA,NA,NA,NA,NA,NA,NA,NA,176.2,44.519063097,-80.023692837,-1.05336,9.34,235,22,14.1768
56,0.2064,88,160,"2026-08-29_CXKGP",4.22261633307998,NA,NA,NA,NA,NA,NA,NA,NA,NA,NA,NA,NA,NA,NA,176.2,44.519035436,-80.023720162,-1.05336,9.34,235,23,14.2092
57,0.2104,88,160,"2026-08-29_CXKGP",4.25278557455133,NA,NA,NA,NA,NA,NA,NA,NA,NA,NA,NA,NA,NA,NA,176.2,44.519009369,-80.023750002,-1.05336,9.34,235,22,14.1084
58,0.2143,88,160,"2026-08-29_CXKGP",4.27350427350427,NA,NA,NA,NA,NA,NA,NA,NA,NA,NA,NA,NA,NA,NA,176.2,44.518982798,-80.02377498,-0.512821,9.34,235,23,14.04
59,0.2181,88,161,"2026-08-29_CXKGP",4.32451133021969,NA,NA,NA,NA,NA,NA,NA,NA,NA,NA,NA,NA,NA,NA,176.2,44.518952875,-80.023805657,-0.512821,9.26,237,23,13.8744
60,0.222,88,160,"2026-08-29_CXKGP",4.30440771349862,NA,NA,NA,NA,NA,NA,NA,NA,NA,NA,NA,NA,NA,NA,176.2,44.518924041,-80.023835832,-0.512821,9.26,237,22,13.9392
61,0.2259,89,162,"2026-08-29_CXKGP",4.28338901739056,NA,NA,NA,NA,NA,NA,NA,NA,NA,NA,NA,NA,NA,NA,176.2,44.518893531,-80.023865672,-0.512821,9.26,237,23,14.0076
62,0.2298,89,162,"2026-08-29_CXKGP",4.30440771349862,NA,NA,NA,NA,NA,NA,NA,NA,NA,NA,NA,NA,NA,NA,176.2,44.518867044,-80.023892745,-0.512821,9.12,234,22,13.9392
63,0.2336,88,162,"2026-08-29_CXKGP",4.31443610320131,NA,NA,NA,NA,NA,NA,NA,NA,NA,NA,NA,NA,NA,NA,176,44.518841479,-80.02392929,-0.526316,9.12,234,22,13.9068
64,0.2375,88,162,"2026-08-29_CXKGP",4.30440771349862,NA,NA,NA,NA,NA,NA,NA,NA,NA,NA,NA,NA,NA,NA,176,44.518816501,-80.02395737,-0.526316,9.26,237,23,13.9392
65,0.2414,87,162,"2026-08-29_CXKGP",4.31443610320131,NA,NA,NA,NA,NA,NA,NA,NA,NA,NA,NA,NA,NA,NA,176,44.518787164,-80.023995591,-0.526316,9.45,239,22,13.9068
66,0.2452,87,162,"2026-08-29_CXKGP",4.33576135969476,NA,NA,NA,NA,NA,NA,NA,NA,NA,NA,NA,NA,NA,NA,176,44.518759504,-80.024022246,-0.526316,9.45,239,23,13.8384
67,0.249,87,162,"2026-08-29_CXKGP",4.3675751222921,NA,NA,NA,NA,NA,NA,NA,NA,NA,NA,NA,NA,NA,NA,176,44.518726228,-80.024054935,-0.526316,9.42,240,23,13.7376
68,0.2528,88,162,"2026-08-29_CXKGP",4.41033783187792,NA,NA,NA,NA,NA,NA,NA,NA,NA,NA,NA,NA,NA,NA,176,44.518700747,-80.024086032,-0.526316,9.41,240,22,13.6044
69,0.2565,88,162,"2026-08-29_CXKGP",4.45394619632995,NA,NA,NA,NA,NA,NA,NA,NA,NA,NA,NA,NA,NA,NA,176.2,44.518674176,-80.024107741,0.0142248,9.14,240,22,13.4712
70,0.2603,87,162,"2026-08-29_CXKGP",4.48752468138575,NA,NA,NA,NA,NA,NA,NA,NA,NA,NA,NA,NA,NA,NA,176.2,44.518645343,-80.024144873,0.0142248,9.29,243,23,13.3704
71,0.264,86,162,"2026-08-29_CXKGP",4.4996400287977,NA,NA,NA,NA,NA,NA,NA,NA,NA,NA,NA,NA,NA,NA,176.2,44.518618688,-80.024165576,0.0142248,9.29,243,22,13.3344
72,0.2677,86,162,"2026-08-29_CXKGP",4.46588067166845,NA,NA,NA,NA,NA,NA,NA,NA,NA,NA,NA,NA,NA,NA,176.2,44.518587172,-80.024205139,0.0142248,9.44,246,23,13.4352
73,0.2714,86,163,"2026-08-29_CXKGP",4.44325957522438,NA,NA,NA,NA,NA,NA,NA,NA,NA,NA,NA,NA,NA,NA,176,44.518561021,-80.024222406,0,9.48,245,22,13.5036
74,0.2752,86,163,"2026-08-29_CXKGP",4.39985920450546,NA,NA,NA,NA,NA,NA,NA,NA,NA,NA,NA,NA,NA,NA,176,44.518524476,-80.024246797,0,9.57,243,22,13.6368
75,0.279,86,163,"2026-08-29_CXKGP",4.37790035898783,NA,NA,NA,NA,NA,NA,NA,NA,NA,NA,NA,NA,NA,NA,176,44.518494468,-80.024249982,0,9.57,243,22,13.7052
76,0.2828,86,163,"2026-08-29_CXKGP",4.42086648983201,NA,NA,NA,NA,NA,NA,NA,NA,NA,NA,NA,NA,NA,NA,176,44.518460438,-80.024249395,0,9.53,244,23,13.572
77,0.2866,86,162,"2026-08-29_CXKGP",4.44325957522438,NA,NA,NA,NA,NA,NA,NA,NA,NA,NA,NA,NA,NA,NA,176,44.518426743,-80.02424839,0,9.52,244,23,13.5036
78,0.2903,87,162,"2026-08-29_CXKGP",4.43262411347518,NA,NA,NA,NA,NA,NA,NA,NA,NA,NA,NA,NA,NA,NA,176,44.518397574,-80.024244702,0,9.52,244,22,13.536
79,0.2941,87,161,"2026-08-29_CXKGP",4.45394619632995,NA,NA,NA,NA,NA,NA,NA,NA,NA,NA,NA,NA,NA,NA,176,44.518359604,-80.024249228,-0.540541,9.33,242,23,13.4712
80,0.2978,86,159,"2026-08-29_CXKGP",4.48752468138575,NA,NA,NA,NA,NA,NA,NA,NA,NA,NA,NA,NA,NA,NA,175.8,44.518332865,-80.024242187,-1.08108,9.33,242,23,13.3704
81,0.3015,86,158,"2026-08-29_CXKGP",4.48752468138575,NA,NA,NA,NA,NA,NA,NA,NA,NA,NA,NA,NA,NA,NA,175.8,44.518301936,-80.024239756,-1.08108,9.48,245,23,13.3704
82,0.3052,85,156,"2026-08-29_CXKGP",4.476676515355,NA,NA,NA,NA,NA,NA,NA,NA,NA,NA,NA,NA,NA,NA,175.8,44.518271175,-80.024234056,-1.08108,9.48,245,23,13.4028
83,0.309,85,156,"2026-08-29_CXKGP",4.46588067166845,NA,NA,NA,NA,NA,NA,NA,NA,NA,NA,NA,NA,NA,NA,175.4,44.518241419,-80.02422425,-1.59317,9.65,248,23,13.4352
84,0.3127,85,154,"2026-08-29_CXKGP",4.39985920450546,NA,NA,NA,NA,NA,NA,NA,NA,NA,NA,NA,NA,NA,NA,175.2,44.51819842,-80.024222741,-2.13371,9.68,247,23,13.6368
85,0.3166,85,153,"2026-08-29_CXKGP",4.31443610320131,NA,NA,NA,NA,NA,NA,NA,NA,NA,NA,NA,NA,NA,NA,175,44.518167658,-80.024215449,-2.64653,9.73,246,23,13.9068
86,0.3205,85,152,"2026-08-29_CXKGP",4.25278557455133,NA,NA,NA,NA,NA,NA,NA,NA,NA,NA,NA,NA,NA,NA,174.6,44.518129939,-80.024209078,-3.67217,9.82,244,23,14.1084
87,0.3245,84,152,"2026-08-29_CXKGP",4.19287211740042,NA,NA,NA,NA,NA,NA,NA,NA,NA,NA,NA,NA,NA,NA,174.2,44.518093059,-80.024204385,-4.67217,10.12,244,23,14.31
88,0.3285,85,152,"2026-08-29_CXKGP",4.18340026773762,NA,NA,NA,NA,NA,NA,NA,NA,NA,NA,NA,NA,NA,NA,174,44.518058023,-80.024197176,-5.17217,10.12,244,23,14.3424
89,0.3325,85,152,"2026-08-29_CXKGP",4.17292605575029,NA,NA,NA,NA,NA,NA,NA,NA,NA,NA,NA,NA,NA,NA,173.8,44.518021142,-80.024194997,-5.67217,9.95,241,23,14.3784
90,0.3364,85,152,"2026-08-29_CXKGP",4.19287211740042,NA,NA,NA,NA,NA,NA,NA,NA,NA,NA,NA,NA,NA,NA,173.8,44.517992309,-80.024179658,-5.13163,9.95,241,23,14.31
91,0.3404,85,152,"2026-08-29_CXKGP",4.22261633307998,NA,NA,NA,NA,NA,NA,NA,NA,NA,NA,NA,NA,NA,NA,173.8,44.517952159,-80.024182089,-5.13163,9.91,242,23,14.2092
92,0.3443,85,152,"2026-08-29_CXKGP",4.30440771349862,NA,NA,NA,NA,NA,NA,NA,NA,NA,NA,NA,NA,NA,NA,173.6,44.517920392,-80.024173623,-5.64445,9.91,242,23,13.9392
93,0.3481,85,152,"2026-08-29_CXKGP",4.30440771349862,NA,NA,NA,NA,NA,NA,NA,NA,NA,NA,NA,NA,NA,NA,173.6,44.517884182,-80.024171025,-4.59182,9.82,244,23,13.9392
94,0.352,87,152,"2026-08-29_CXKGP",4.34593654932638,NA,NA,NA,NA,NA,NA,NA,NA,NA,NA,NA,NA,NA,NA,173.8,44.517854594,-80.024166666,-3.53846,9.82,244,23,13.806
95,0.3558,86,152,"2026-08-29_CXKGP",4.39985920450546,NA,NA,NA,NA,NA,NA,NA,NA,NA,NA,NA,NA,NA,NA,173.8,44.51782576,-80.024169013,-3.02564,9.41,240,23,13.6368
96,0.3596,86,152,"2026-08-29_CXKGP",4.38827453045463,NA,NA,NA,NA,NA,NA,NA,NA,NA,NA,NA,NA,NA,NA,173.8,44.517790556,-80.024182173,-2,9.57,243,23,13.6728
97,0.3634,86,153,"2026-08-29_CXKGP",4.3675751222921,NA,NA,NA,NA,NA,NA,NA,NA,NA,NA,NA,NA,NA,NA,173.8,44.517763147,-80.024189297,-1,9.57,243,23,13.7376
98,0.3672,86,154,"2026-08-29_CXKGP",4.3675751222921,NA,NA,NA,NA,NA,NA,NA,NA,NA,NA,NA,NA,NA,NA,173.6,44.517731631,-80.02420757,-1.02632,9.57,243,23,13.7376
99,0.371,86,155,"2026-08-29_CXKGP",4.42086648983201,NA,NA,NA,NA,NA,NA,NA,NA,NA,NA,NA,NA,NA,NA,173.6,44.517703552,-80.024224753,-0.526316,9.53,244,23,13.572
100,0.3747,86,156,"2026-08-29_CXKGP",4.39985920450546,NA,NA,NA,NA,NA,NA,NA,NA,NA,NA,NA,NA,NA,NA,173.6,44.517675892,-80.02425258,-0.526316,9.53,244,23,13.6368
101,0.3785,87,158,"2026-08-29_CXKGP",4.42086648983201,NA,NA,NA,NA,NA,NA,NA,NA,NA,NA,NA,NA,NA,NA,173.6,44.517653344,-80.024277642,-0.526316,9.57,243,23,13.572
102,0.3823,87,158,"2026-08-29_CXKGP",4.41033783187792,NA,NA,NA,NA,NA,NA,NA,NA,NA,NA,NA,NA,NA,NA,173.6,44.517631887,-80.024313349,-0.0134953,9.37,241,23,13.6044
103,0.3861,87,158,"2026-08-29_CXKGP",4.38827453045463,NA,NA,NA,NA,NA,NA,NA,NA,NA,NA,NA,NA,NA,NA,173.6,44.517607495,-80.024347296,-0.0134953,9.37,241,23,13.6728
104,0.3899,87,157,"2026-08-29_CXKGP",4.38827453045463,NA,NA,NA,NA,NA,NA,NA,NA,NA,NA,NA,NA,NA,NA,173.6,44.51758478,-80.024379566,-0.526316,9.37,241,23,13.6728
105,0.3937,87,157,"2026-08-29_CXKGP",4.39985920450546,NA,NA,NA,NA,NA,NA,NA,NA,NA,NA,NA,NA,NA,NA,173.6,44.517557036,-80.024418123,-0.526316,9.37,241,23,13.6368
106,0.3975,87,157,"2026-08-29_CXKGP",4.41033783187792,NA,NA,NA,NA,NA,NA,NA,NA,NA,NA,NA,NA,NA,NA,173.6,44.517531472,-80.024446789,-0.526316,9.37,241,23,13.6044
107,0.4012,87,158,"2026-08-29_CXKGP",4.46588067166845,NA,NA,NA,NA,NA,NA,NA,NA,NA,NA,NA,NA,NA,NA,173.6,44.517505571,-80.024486268,-0.526316,9.37,241,23,13.4352
108,0.4049,87,158,"2026-08-29_CXKGP",4.48752468138575,NA,NA,NA,NA,NA,NA,NA,NA,NA,NA,NA,NA,NA,NA,173.4,44.517476067,-80.02450848,-0.540541,9.29,243,23,13.3704
109,0.4086,86,158,"2026-08-29_CXKGP",4.510599909788,NA,NA,NA,NA,NA,NA,NA,NA,NA,NA,NA,NA,NA,NA,173.4,44.517443629,-80.024536056,-0.540541,9.48,245,23,13.302
110,0.4123,86,158,"2026-08-29_CXKGP",4.52161331162959,NA,NA,NA,NA,NA,NA,NA,NA,NA,NA,NA,NA,NA,NA,173.4,44.517417729,-80.024561957,-0.540541,9.44,246,23,13.2696
111,0.416,86,156,"2026-08-29_CXKGP",4.52161331162959,NA,NA,NA,NA,NA,NA,NA,NA,NA,NA,NA,NA,NA,NA,173.4,44.517390236,-80.024590455,-0.540541,9.44,246,23,13.2696
112,0.4196,86,156,"2026-08-29_CXKGP",4.58001282403591,NA,NA,NA,NA,NA,NA,NA,NA,NA,NA,NA,NA,NA,NA,173.4,44.517365761,-80.02462063,-0.540541,9.44,246,23,13.1004
113,0.4232,86,156,"2026-08-29_CXKGP",4.63994060876021,NA,NA,NA,NA,NA,NA,NA,NA,NA,NA,NA,NA,NA,NA,173.4,44.517342627,-80.024645859,-0.540541,9.39,247,23,12.9312
114,0.4268,86,156,"2026-08-29_CXKGP",4.63994060876021,NA,NA,NA,NA,NA,NA,NA,NA,NA,NA,NA,NA,NA,NA,173.4,44.517318404,-80.024690116,-0.540541,9.31,249,23,12.9312
115,0.4304,86,155,"2026-08-29_CXKGP",4.63994060876021,NA,NA,NA,NA,NA,NA,NA,NA,NA,NA,NA,NA,NA,NA,173.6,44.517298371,-80.024718363,0.015015,9.31,249,23,12.9312
116,0.434,86,155,"2026-08-29_CXKGP",4.62705904127337,NA,NA,NA,NA,NA,NA,NA,NA,NA,NA,NA,NA,NA,NA,173.6,44.517271465,-80.024758261,0.015015,9.31,249,23,12.9672
117,0.4376,86,156,"2026-08-29_CXKGP",4.55622380171314,NA,NA,NA,NA,NA,NA,NA,NA,NA,NA,NA,NA,NA,NA,173.6,44.517251097,-80.024788352,0.015015,9.35,248,23,13.1688
118,0.4413,86,156,"2026-08-29_CXKGP",4.510599909788,NA,NA,NA,NA,NA,NA,NA,NA,NA,NA,NA,NA,NA,NA,173.8,44.517224275,-80.024825316,1.0961,9.4,247,23,13.302
119,0.4451,86,156,"2026-08-29_CXKGP",4.476676515355,NA,NA,NA,NA,NA,NA,NA,NA,NA,NA,NA,NA,NA,NA,174,44.517199548,-80.024853731,1.62241,9.44,246,23,13.4028
120,0.4488,86,156,"2026-08-29_CXKGP",4.45394619632995,NA,NA,NA,NA,NA,NA,NA,NA,NA,NA,NA,NA,NA,NA,174,44.517170044,-80.024886671,1.62241,9.48,245,23,13.4712
121,0.4526,86,156,"2026-08-29_CXKGP",4.42086648983201,NA,NA,NA,NA,NA,NA,NA,NA,NA,NA,NA,NA,NA,NA,174.2,44.517146239,-80.024920031,2.14873,9.49,245,23,13.572
122,0.4563,87,156,"2026-08-29_CXKGP",4.42086648983201,NA,NA,NA,NA,NA,NA,NA,NA,NA,NA,NA,NA,NA,NA,174.4,44.517122854,-80.024946183,2.68927,9.53,244,23,13.572
123,0.4601,87,156,"2026-08-29_CXKGP",4.42086648983201,NA,NA,NA,NA,NA,NA,NA,NA,NA,NA,NA,NA,NA,NA,174.6,44.517096032,-80.024984069,3.21558,9.33,242,23,13.572
124,0.4638,86,155,"2026-08-29_CXKGP",4.45394619632995,NA,NA,NA,NA,NA,NA,NA,NA,NA,NA,NA,NA,NA,NA,174.6,44.517074323,-80.025012065,3.21558,9.73,246,23,13.4712
125,0.4676,86,155,"2026-08-29_CXKGP",4.43262411347518,NA,NA,NA,NA,NA,NA,NA,NA,NA,NA,NA,NA,NA,NA,174.6,44.517047165,-80.025044335,2.66003,9.49,245,23,13.536
126,0.4713,86,154,"2026-08-29_CXKGP",4.45394619632995,NA,NA,NA,NA,NA,NA,NA,NA,NA,NA,NA,NA,NA,NA,174.6,44.517022858,-80.02507275,2.66003,9.52,244,23,13.4712
127,0.4751,86,153,"2026-08-29_CXKGP",4.42086648983201,NA,NA,NA,NA,NA,NA,NA,NA,NA,NA,NA,NA,NA,NA,174.6,44.516993521,-80.025097393,2.66003,9.49,245,23,13.572
128,0.4789,87,153,"2026-08-29_CXKGP",4.41033783187792,NA,NA,NA,NA,NA,NA,NA,NA,NA,NA,NA,NA,NA,NA,174.6,44.516963011,-80.025120191,2.11949,9.37,241,23,13.6044
129,0.4827,86,154,"2026-08-29_CXKGP",4.3675751222921,NA,NA,NA,NA,NA,NA,NA,NA,NA,NA,NA,NA,NA,NA,174.6,44.516934261,-80.025135111,1.59317,9.37,241,23,13.7376
130,0.4865,86,154,"2026-08-29_CXKGP",4.38827453045463,NA,NA,NA,NA,NA,NA,NA,NA,NA,NA,NA,NA,NA,NA,174.6,44.51689847,-80.025158497,1.59317,9.57,243,23,13.6728
131,0.4903,86,155,"2026-08-29_CXKGP",4.37790035898783,NA,NA,NA,NA,NA,NA,NA,NA,NA,NA,NA,NA,NA,NA,174.6,44.516870559,-80.0251678,1.06686,9.57,243,23,13.7052
132,0.4941,86,154,"2026-08-29_CXKGP",4.39985920450546,NA,NA,NA,NA,NA,NA,NA,NA,NA,NA,NA,NA,NA,NA,174.6,44.516833343,-80.025190767,0.526316,9.57,243,23,13.6368
133,0.4979,86,153,"2026-08-29_CXKGP",4.42086648983201,NA,NA,NA,NA,NA,NA,NA,NA,NA,NA,NA,NA,NA,NA,174.4,44.516804509,-80.025199819,-0.526316,9.57,243,23,13.572
134,0.5016,86,151,"2026-08-29_CXKGP",4.43262411347518,NA,NA,NA,NA,NA,NA,NA,NA,NA,NA,NA,NA,NA,NA,174.4,44.516770646,-80.025216499,-0.526316,9.52,244,23,13.536
135,0.5054,87,151,"2026-08-29_CXKGP",4.42086648983201,NA,NA,NA,NA,NA,NA,NA,NA,NA,NA,NA,NA,NA,NA,174.4,44.516741058,-80.025228402,-0.526316,9.52,244,23,13.572
136,0.5092,87,151,"2026-08-29_CXKGP",4.42086648983201,NA,NA,NA,NA,NA,NA,NA,NA,NA,NA,NA,NA,NA,NA,174.6,44.516701831,-80.025252458,0,9.33,242,23,13.572
137,0.513,87,152,"2026-08-29_CXKGP",4.39985920450546,NA,NA,NA,NA,NA,NA,NA,NA,NA,NA,NA,NA,NA,NA,174.6,44.516672913,-80.025276262,0,9.33,242,23,13.6368
138,0.5168,87,152,"2026-08-29_CXKGP",4.39985920450546,NA,NA,NA,NA,NA,NA,NA,NA,NA,NA,NA,NA,NA,NA,174.8,44.516646426,-80.025303001,0.526316,9.37,241,23,13.6368
139,0.5205,87,152,"2026-08-29_CXKGP",4.39985920450546,NA,NA,NA,NA,NA,NA,NA,NA,NA,NA,NA,NA,NA,NA,174.8,44.516620359,-80.02534424,0.526316,9.37,241,23,13.6368
140,0.5243,87,152,"2026-08-29_CXKGP",4.39985920450546,NA,NA,NA,NA,NA,NA,NA,NA,NA,NA,NA,NA,NA,NA,175,44.51659865,-80.025369804,1.05263,9.37,241,23,13.6368
141,0.5281,87,152,"2026-08-29_CXKGP",4.39985920450546,NA,NA,NA,NA,NA,NA,NA,NA,NA,NA,NA,NA,NA,NA,175,44.51657166,-80.025416575,1.05263,9.37,241,23,13.6368
142,0.5319,86,152,"2026-08-29_CXKGP",4.45394619632995,NA,NA,NA,NA,NA,NA,NA,NA,NA,NA,NA,NA,NA,NA,175,44.516549951,-80.025442978,1.05263,9.49,245,23,13.4712
143,0.5356,86,154,"2026-08-29_CXKGP",4.476676515355,NA,NA,NA,NA,NA,NA,NA,NA,NA,NA,NA,NA,NA,NA,175.2,44.516524721,-80.025484469,2.11949,9.49,245,23,13.4028
144,0.5393,86,155,"2026-08-29_CXKGP",4.510599909788,NA,NA,NA,NA,NA,NA,NA,NA,NA,NA,NA,NA,NA,NA,175.4,44.516502677,-80.025507938,2.66003,9.44,246,23,13.302
145,0.5429,86,155,"2026-08-29_CXKGP",4.55622380171314,NA,NA,NA,NA,NA,NA,NA,NA,NA,NA,NA,NA,NA,NA,175.4,44.516478369,-80.025538281,2.66003,9.44,246,23,13.1688
146,0.5466,86,156,"2026-08-29_CXKGP",4.55622380171314,NA,NA,NA,NA,NA,NA,NA,NA,NA,NA,NA,NA,NA,NA,175.6,44.516451128,-80.025567114,2.67425,9.4,247,23,13.1688
147,0.5503,86,157,"2026-08-29_CXKGP",4.55622380171314,NA,NA,NA,NA,NA,NA,NA,NA,NA,NA,NA,NA,NA,NA,175.6,44.516426653,-80.025591422,2.67425,9.4,247,23,13.1688
148,0.5539,86,157,"2026-08-29_CXKGP",4.58001282403591,NA,NA,NA,NA,NA,NA,NA,NA,NA,NA,NA,NA,NA,NA,175.6,44.516397568,-80.025630733,2.14794,9.4,247,23,13.1004
149,0.5575,86,158,"2026-08-29_CXKGP",4.58001282403591,NA,NA,NA,NA,NA,NA,NA,NA,NA,NA,NA,NA,NA,NA,175.6,44.516377619,-80.025649844,2.14794,9.39,247,23,13.1004
150,0.5612,86,158,"2026-08-29_CXKGP",4.58001282403591,NA,NA,NA,NA,NA,NA,NA,NA,NA,NA,NA,NA,NA,NA,175.8,44.516344762,-80.025685467,2.16216,9.35,248,23,13.1004
151,0.5648,86,158,"2026-08-29_CXKGP",4.60405156537753,NA,NA,NA,NA,NA,NA,NA,NA,NA,NA,NA,NA,NA,NA,175.8,44.516324142,-80.025699297,2.16216,9.35,248,23,13.032
152,0.5684,86,157,"2026-08-29_CXKGP",4.59136822773186,NA,NA,NA,NA,NA,NA,NA,NA,NA,NA,NA,NA,NA,NA,175.8,44.51629447,-80.025719414,2.16216,9.35,248,23,13.068
153,0.5721,86,156,"2026-08-29_CXKGP",4.58001282403591,NA,NA,NA,NA,NA,NA,NA,NA,NA,NA,NA,NA,NA,NA,176,44.516262954,-80.025738776,2.16216,9.39,247,23,13.1004
154,0.5757,86,155,"2026-08-29_CXKGP",4.53391367428364,NA,NA,NA,NA,NA,NA,NA,NA,NA,NA,NA,NA,NA,NA,176.2,44.516233618,-80.025753612,2.17718,9.39,247,23,13.2336
155,0.5794,86,155,"2026-08-29_CXKGP",4.54504135987638,NA,NA,NA,NA,NA,NA,NA,NA,NA,NA,NA,NA,NA,NA,176.2,44.516200174,-80.025779344,2.17718,9.44,246,23,13.2012
156,0.5831,86,155,"2026-08-29_CXKGP",4.55622380171314,NA,NA,NA,NA,NA,NA,NA,NA,NA,NA,NA,NA,NA,NA,176.4,44.516171173,-80.02578672,2.17718,9.4,247,23,13.1688
157,0.5867,86,155,"2026-08-29_CXKGP",4.5687134502924,NA,NA,NA,NA,NA,NA,NA,NA,NA,NA,NA,NA,NA,NA,176.6,44.51613731,-80.025810525,2.73273,9.4,247,23,13.1328
158,0.5903,86,155,"2026-08-29_CXKGP",4.58001282403591,NA,NA,NA,NA,NA,NA,NA,NA,NA,NA,NA,NA,NA,NA,176.6,44.516110823,-80.025815135,2.73273,9.39,247,23,13.1004
159,0.594,86,155,"2026-08-29_CXKGP",4.59136822773186,NA,NA,NA,NA,NA,NA,NA,NA,NA,NA,NA,NA,NA,NA,176.8,44.516073942,-80.025831144,3.27327,9.39,247,23,13.068
160,0.5976,86,155,"2026-08-29_CXKGP",4.6633090841261,NA,NA,NA,NA,NA,NA,NA,NA,NA,NA,NA,NA,NA,NA,176.8,44.516046198,-80.025843214,2.73273,9.35,248,23,12.8664
161,0.6011,85,155,"2026-08-29_CXKGP",4.7001316036849,NA,NA,NA,NA,NA,NA,NA,NA,NA,NA,NA,NA,NA,NA,176.8,44.516018873,-80.025851177,2.73273,9.3,249,23,12.7656
162,0.6046,85,154,"2026-08-29_CXKGP",4.75104522995059,NA,NA,NA,NA,NA,NA,NA,NA,NA,NA,NA,NA,NA,NA,177,44.515984508,-80.025872216,3.30416,9.46,252,23,12.6288
163,0.6081,85,154,"2026-08-29_CXKGP",4.77554918815664,NA,NA,NA,NA,NA,NA,NA,NA,NA,NA,NA,NA,NA,NA,177,44.515957769,-80.025879676,2.76362,9.41,253,23,12.564
164,0.6116,84,154,"2026-08-29_CXKGP",4.75104522995059,NA,NA,NA,NA,NA,NA,NA,NA,NA,NA,NA,NA,NA,NA,176.8,44.51592114,-80.025892248,1.63664,9.37,254,23,12.6288
165,0.6151,84,153,"2026-08-29_CXKGP",4.7001316036849,NA,NA,NA,NA,NA,NA,NA,NA,NA,NA,NA,NA,NA,NA,176.6,44.515886942,-80.025900379,1.06521,9.57,256,23,12.7656
166,0.6188,85,154,"2026-08-29_CXKGP",4.58001282403591,NA,NA,NA,NA,NA,NA,NA,NA,NA,NA,NA,NA,NA,NA,176.4,44.515852073,-80.025907336,-0.015873,9.55,250,23,13.1004
167,0.6226,85,154,"2026-08-29_CXKGP",4.42086648983201,NA,NA,NA,NA,NA,NA,NA,NA,NA,NA,NA,NA,NA,NA,176.2,44.515813684,-80.02592586,-1.09774,9.55,250,23,13.572
168,0.6264,86,154,"2026-08-29_CXKGP",4.31443610320131,NA,NA,NA,NA,NA,NA,NA,NA,NA,NA,NA,NA,NA,NA,176,44.515779905,-80.02594145,-1.62406,9.73,246,23,13.9068
169,0.6303,86,154,"2026-08-29_CXKGP",4.25278557455133,NA,NA,NA,NA,NA,NA,NA,NA,NA,NA,NA,NA,NA,NA,175.8,44.51574797,-80.025975229,-2.67742,9.65,241,23,14.1084
170,0.6343,87,153,"2026-08-29_CXKGP",4.21300977418268,NA,NA,NA,NA,NA,NA,NA,NA,NA,NA,NA,NA,NA,NA,175.8,44.515725591,-80.025994759,-2.67742,9.69,240,23,14.2416
171,0.6382,86,153,"2026-08-29_CXKGP",4.30440771349862,NA,NA,NA,NA,NA,NA,NA,NA,NA,NA,NA,NA,NA,NA,175.8,44.515705474,-80.026035747,-2.67742,9.54,237,23,13.9392
172,0.642,86,153,"2026-08-29_CXKGP",4.41033783187792,NA,NA,NA,NA,NA,NA,NA,NA,NA,NA,NA,NA,NA,NA,176,44.515689716,-80.026064245,-2.72253,9.65,241,23,13.6044
173,0.6456,86,154,"2026-08-29_CXKGP",4.55622380171314,NA,NA,NA,NA,NA,NA,NA,NA,NA,NA,NA,NA,NA,NA,176,44.515675299,-80.026102634,-2.72253,9.4,247,23,13.1688
174,0.6492,86,154,"2026-08-29_CXKGP",4.6633090841261,NA,NA,NA,NA,NA,NA,NA,NA,NA,NA,NA,NA,NA,NA,176.2,44.515657865,-80.026146304,-1.59555,9.4,247,23,12.8664
175,0.6527,85,155,"2026-08-29_CXKGP",4.71342383107089,NA,NA,NA,NA,NA,NA,NA,NA,NA,NA,NA,NA,NA,NA,176.2,44.515640514,-80.02617849,-1.02412,9.46,252,23,12.7296
176,0.6563,85,155,"2026-08-29_CXKGP",4.6882325363338,NA,NA,NA,NA,NA,NA,NA,NA,NA,NA,NA,NA,NA,NA,176.4,44.515630624,-80.026232302,0.0719748,9.42,253,23,12.798
177,0.6598,86,156,"2026-08-29_CXKGP",4.6882325363338,NA,NA,NA,NA,NA,NA,NA,NA,NA,NA,NA,NA,NA,NA,176.4,44.515619643,-80.026269602,0.598291,9.26,250,23,12.798
178,0.6634,86,157,"2026-08-29_CXKGP",4.6882325363338,NA,NA,NA,NA,NA,NA,NA,NA,NA,NA,NA,NA,NA,NA,176.4,44.515609669,-80.026323078,1.12461,9.26,250,23,12.798
179,0.6671,86,157,"2026-08-29_CXKGP",4.52161331162959,NA,NA,NA,NA,NA,NA,NA,NA,NA,NA,NA,NA,NA,NA,176.4,44.515598269,-80.026364652,1.63743,9.44,246,23,13.2696
180,0.6708,86,157,"2026-08-29_CXKGP",4.45394619632995,NA,NA,NA,NA,NA,NA,NA,NA,NA,NA,NA,NA,NA,NA,176.2,44.5155805,-80.026412848,1.09689,9.44,246,23,13.4712
181,0.6746,87,157,"2026-08-29_CXKGP",4.37790035898783,NA,NA,NA,NA,NA,NA,NA,NA,NA,NA,NA,NA,NA,NA,176,44.515557198,-80.026450818,0.570571,9.33,242,23,13.7052
182,0.6785,87,156,"2026-08-29_CXKGP",4.31443610320131,NA,NA,NA,NA,NA,NA,NA,NA,NA,NA,NA,NA,NA,NA,176,44.515529705,-80.026475964,0.0442548,9.45,239,23,13.9068
183,0.6823,87,157,"2026-08-29_CXKGP",4.31443610320131,NA,NA,NA,NA,NA,NA,NA,NA,NA,NA,NA,NA,NA,NA,175.8,44.515495256,-80.026486358,-0.482061,9.45,239,23,13.9068
184,0.6862,87,156,"2026-08-29_CXKGP",4.31443610320131,NA,NA,NA,NA,NA,NA,NA,NA,NA,NA,NA,NA,NA,NA,175.8,44.515464746,-80.026483005,-1.03762,9.46,239,23,13.9068
185,0.69,87,155,"2026-08-29_CXKGP",4.34593654932638,NA,NA,NA,NA,NA,NA,NA,NA,NA,NA,NA,NA,NA,NA,176.2,44.51543214,-80.026470181,0.015015,9.45,239,23,13.806
186,0.6938,87,155,"2026-08-29_CXKGP",4.3675751222921,NA,NA,NA,NA,NA,NA,NA,NA,NA,NA,NA,NA,NA,NA,176.2,44.515401295,-80.026462888,-0.540541,9.41,240,23,13.7376
187,0.6977,87,154,"2026-08-29_CXKGP",4.3675751222921,NA,NA,NA,NA,NA,NA,NA,NA,NA,NA,NA,NA,NA,NA,176.2,44.515359637,-80.026455428,-0.540541,9.41,240,23,13.7376
188,0.7015,86,154,"2026-08-29_CXKGP",4.32451133021969,NA,NA,NA,NA,NA,NA,NA,NA,NA,NA,NA,NA,NA,NA,176.2,44.515320661,-80.026455261,-0.540541,9.41,240,23,13.8744
189,0.7054,87,154,"2026-08-29_CXKGP",4.29331959471063,NA,NA,NA,NA,NA,NA,NA,NA,NA,NA,NA,NA,NA,NA,176.2,44.515281433,-80.026458781,-0.540541,9.46,239,23,13.9752
190,0.7093,85,154,"2026-08-29_CXKGP",4.2322668020992,NA,NA,NA,NA,NA,NA,NA,NA,NA,NA,NA,NA,NA,NA,175.8,44.515241117,-80.026482334,-1.02564,9.46,239,23,14.1768
191,0.7133,85,153,"2026-08-29_CXKGP",4.22261633307998,NA,NA,NA,NA,NA,NA,NA,NA,NA,NA,NA,NA,NA,NA,175.8,44.515215552,-80.026492728,-0.499325,9.9,242,23,14.2092
192,0.7172,85,153,"2026-08-29_CXKGP",4.28338901739056,NA,NA,NA,NA,NA,NA,NA,NA,NA,NA,NA,NA,NA,NA,175.8,44.515180934,-80.026526256,-0.499325,9.91,242,23,14.0076
193,0.7211,85,152,"2026-08-29_CXKGP",4.30440771349862,NA,NA,NA,NA,NA,NA,NA,NA,NA,NA,NA,NA,NA,NA,175.8,44.515159058,-80.026552239,0.0269906,9.86,243,23,13.9392
194,0.7249,85,153,"2026-08-29_CXKGP",4.37790035898783,NA,NA,NA,NA,NA,NA,NA,NA,NA,NA,NA,NA,NA,NA,175.8,44.51513299,-80.026578223,0.0269906,9.82,244,23,13.7052
195,0.7286,85,154,"2026-08-29_CXKGP",4.44325957522438,NA,NA,NA,NA,NA,NA,NA,NA,NA,NA,NA,NA,NA,NA,176,44.515106755,-80.026610913,-0.4851,9.77,245,23,13.5036
196,0.7323,85,154,"2026-08-29_CXKGP",4.510599909788,NA,NA,NA,NA,NA,NA,NA,NA,NA,NA,NA,NA,NA,NA,176,44.515084794,-80.026636478,-0.4851,9.69,247,23,13.302
197,0.736,85,155,"2026-08-29_CXKGP",4.476676515355,NA,NA,NA,NA,NA,NA,NA,NA,NA,NA,NA,NA,NA,NA,176,44.515057804,-80.026673693,-0.4851,9.64,248,23,13.4028
198,0.7397,86,155,"2026-08-29_CXKGP",4.52161331162959,NA,NA,NA,NA,NA,NA,NA,NA,NA,NA,NA,NA,NA,NA,176,44.515034084,-80.026695821,-0.4851,9.48,245,23,13.2696
199,0.7434,86,155,"2026-08-29_CXKGP",4.52161331162959,NA,NA,NA,NA,NA,NA,NA,NA,NA,NA,NA,NA,NA,NA,176,44.515005501,-80.026735803,-0.4851,9.44,246,23,13.2696
200,0.7471,86,155,"2026-08-29_CXKGP",4.55622380171314,NA,NA,NA,NA,NA,NA,NA,NA,NA,NA,NA,NA,NA,NA,175.8,44.51498396,-80.026759775,0,9.4,247,23,13.1688
201,0.7507,86,154,"2026-08-29_CXKGP",4.510599909788,NA,NA,NA,NA,NA,NA,NA,NA,NA,NA,NA,NA,NA,NA,175.8,44.514953114,-80.026792968,0,9.4,247,23,13.302
202,0.7544,86,155,"2026-08-29_CXKGP",4.55622380171314,NA,NA,NA,NA,NA,NA,NA,NA,NA,NA,NA,NA,NA,NA,175.8,44.514927885,-80.026820125,0,9.4,247,23,13.1688
203,0.7581,87,156,"2026-08-29_CXKGP",4.55622380171314,NA,NA,NA,NA,NA,NA,NA,NA,NA,NA,NA,NA,NA,NA,175.6,44.514900057,-80.026847953,-0.540541,9.24,244,23,13.1688
204,0.7617,87,159,"2026-08-29_CXKGP",4.5687134502924,NA,NA,NA,NA,NA,NA,NA,NA,NA,NA,NA,NA,NA,NA,175.6,44.514873738,-80.02687972,-0.540541,9.24,244,23,13.1328
205,0.7654,87,159,"2026-08-29_CXKGP",4.55622380171314,NA,NA,NA,NA,NA,NA,NA,NA,NA,NA,NA,NA,NA,NA,175.6,44.514851107,-80.026898077,-1.08108,9.2,245,23,13.1688
206,0.769,87,158,"2026-08-29_CXKGP",4.55622380171314,NA,NA,NA,NA,NA,NA,NA,NA,NA,NA,NA,NA,NA,NA,175.6,44.514821435,-80.026936298,-1.08108,9.24,244,23,13.1688
207,0.7727,87,158,"2026-08-29_CXKGP",4.55622380171314,NA,NA,NA,NA,NA,NA,NA,NA,NA,NA,NA,NA,NA,NA,175.6,44.514795367,-80.026963204,-1.08108,9.24,244,23,13.1688
208,0.7764,87,159,"2026-08-29_CXKGP",4.510599909788,NA,NA,NA,NA,NA,NA,NA,NA,NA,NA,NA,NA,NA,NA,175.6,44.514766449,-80.027000755,-1.08108,9.24,244,23,13.302
209,0.7801,87,159,"2026-08-29_CXKGP",4.45394619632995,NA,NA,NA,NA,NA,NA,NA,NA,NA,NA,NA,NA,NA,NA,175.6,44.514742561,-80.027025482,-1.08108,9.25,244,23,13.4712
210,0.7839,88,158,"2026-08-29_CXKGP",4.42086648983201,NA,NA,NA,NA,NA,NA,NA,NA,NA,NA,NA,NA,NA,NA,175.6,44.514721103,-80.027060937,-0.540541,9.33,242,23,13.572
211,0.7877,88,158,"2026-08-29_CXKGP",4.34593654932638,NA,NA,NA,NA,NA,NA,NA,NA,NA,NA,NA,NA,NA,NA,175.8,44.514696209,-80.027088346,-0.0142248,9.18,239,23,13.806
212,0.7916,88,158,"2026-08-29_CXKGP",4.28338901739056,NA,NA,NA,NA,NA,NA,NA,NA,NA,NA,NA,NA,NA,NA,175.8,44.514666202,-80.02712992,-0.0142248,9.22,238,23,14.0076
213,0.7955,88,159,"2026-08-29_CXKGP",4.27350427350427,NA,NA,NA,NA,NA,NA,NA,NA,NA,NA,NA,NA,NA,NA,175.8,44.514641978,-80.027156072,0.526316,9.3,236,23,14.04
214,0.7994,88,158,"2026-08-29_CXKGP",4.26257459505541,NA,NA,NA,NA,NA,NA,NA,NA,NA,NA,NA,NA,NA,NA,175.8,44.514611971,-80.027194126,0.526316,9.3,236,23,14.076
215,0.8033,88,157,"2026-08-29_CXKGP",4.26257459505541,NA,NA,NA,NA,NA,NA,NA,NA,NA,NA,NA,NA,NA,NA,175.8,44.514585065,-80.0272243,0.526316,9.3,236,23,14.076
216,0.8072,88,157,"2026-08-29_CXKGP",4.26257459505541,NA,NA,NA,NA,NA,NA,NA,NA,NA,NA,NA,NA,NA,NA,175.6,44.514559165,-80.027250871,0.0134953,9.3,236,23,14.076
217,0.8111,88,157,"2026-08-29_CXKGP",4.3561596096881,NA,NA,NA,NA,NA,NA,NA,NA,NA,NA,NA,NA,NA,NA,175.6,44.51453536,-80.027283728,0.0134953,9.26,237,23,13.7736
218,0.8149,87,158,"2026-08-29_CXKGP",4.39985920450546,NA,NA,NA,NA,NA,NA,NA,NA,NA,NA,NA,NA,NA,NA,175.6,44.514515328,-80.027307617,0.0134953,9.22,238,23,13.6368
219,0.8187,87,158,"2026-08-29_CXKGP",4.39985920450546,NA,NA,NA,NA,NA,NA,NA,NA,NA,NA,NA,NA,NA,NA,175.8,44.514488589,-80.027346425,0.539811,9.37,241,23,13.6368
220,0.8224,87,158,"2026-08-29_CXKGP",4.41033783187792,NA,NA,NA,NA,NA,NA,NA,NA,NA,NA,NA,NA,NA,NA,175.8,44.514467048,-80.027368553,0.539811,9.37,241,23,13.6044
221,0.8262,87,158,"2026-08-29_CXKGP",4.41033783187792,NA,NA,NA,NA,NA,NA,NA,NA,NA,NA,NA,NA,NA,NA,176,44.514440058,-80.027411887,0.539811,9.37,241,23,13.6044
222,0.8299,87,158,"2026-08-29_CXKGP",4.45394619632995,NA,NA,NA,NA,NA,NA,NA,NA,NA,NA,NA,NA,NA,NA,176.2,44.514419774,-80.027441978,1.08035,9.37,241,23,13.4712
223,0.8337,87,158,"2026-08-29_CXKGP",4.45394619632995,NA,NA,NA,NA,NA,NA,NA,NA,NA,NA,NA,NA,NA,NA,176.2,44.514397562,-80.027478021,1.08035,9.33,242,23,13.4712
224,0.8374,87,158,"2026-08-29_CXKGP",4.45394619632995,NA,NA,NA,NA,NA,NA,NA,NA,NA,NA,NA,NA,NA,NA,176.4,44.514376356,-80.027506435,1.62089,9.33,242,23,13.4712
225,0.8412,87,158,"2026-08-29_CXKGP",4.45394619632995,NA,NA,NA,NA,NA,NA,NA,NA,NA,NA,NA,NA,NA,NA,176.4,44.514346432,-80.027540717,1.62089,9.33,242,23,13.4712
226,0.8448,87,157,"2026-08-29_CXKGP",4.53391367428364,NA,NA,NA,NA,NA,NA,NA,NA,NA,NA,NA,NA,NA,NA,176.4,44.514316006,-80.027575335,2.13371,9.24,244,23,13.2336
227,0.8486,87,156,"2026-08-29_CXKGP",4.4996400287977,NA,NA,NA,NA,NA,NA,NA,NA,NA,NA,NA,NA,NA,NA,176.4,44.514286669,-80.027601486,2.13371,9.24,244,23,13.3344
228,0.8523,87,156,"2026-08-29_CXKGP",4.510599909788,NA,NA,NA,NA,NA,NA,NA,NA,NA,NA,NA,NA,NA,NA,176.4,44.514258674,-80.027634008,2.13371,9.28,243,23,13.302
229,0.8559,87,156,"2026-08-29_CXKGP",4.52161331162959,NA,NA,NA,NA,NA,NA,NA,NA,NA,NA,NA,NA,NA,NA,176.6,44.5142316,-80.027656723,2.16295,9.25,244,23,13.2696
230,0.8596,87,157,"2026-08-29_CXKGP",4.510599909788,NA,NA,NA,NA,NA,NA,NA,NA,NA,NA,NA,NA,NA,NA,176.6,44.514201174,-80.027688993,2.16295,9.25,244,23,13.302
231,0.8633,87,158,"2026-08-29_CXKGP",4.510599909788,NA,NA,NA,NA,NA,NA,NA,NA,NA,NA,NA,NA,NA,NA,176.4,44.514178878,-80.027710451,1.0961,9.25,244,23,13.302
232,0.867,87,158,"2026-08-29_CXKGP",4.48752468138575,NA,NA,NA,NA,NA,NA,NA,NA,NA,NA,NA,NA,NA,NA,176.4,44.514145099,-80.027743978,0.555556,9.28,243,23,13.3704
233,0.8708,87,158,"2026-08-29_CXKGP",4.44325957522438,NA,NA,NA,NA,NA,NA,NA,NA,NA,NA,NA,NA,NA,NA,176.2,44.514118025,-80.027756551,0.0292398,9.29,243,23,13.5036
234,0.8746,87,159,"2026-08-29_CXKGP",4.39985920450546,NA,NA,NA,NA,NA,NA,NA,NA,NA,NA,NA,NA,NA,NA,176.2,44.514089527,-80.027776835,-0.511301,9.37,241,23,13.6368
235,0.8784,88,159,"2026-08-29_CXKGP",4.3561596096881,NA,NA,NA,NA,NA,NA,NA,NA,NA,NA,NA,NA,NA,NA,176.2,44.514059101,-80.027792342,-0.511301,9.37,241,23,13.7736
236,0.8822,87,160,"2026-08-29_CXKGP",4.3561596096881,NA,NA,NA,NA,NA,NA,NA,NA,NA,NA,NA,NA,NA,NA,176.2,44.51402616,-80.027805502,-0.511301,9.22,238,23,13.7736
237,0.8861,87,160,"2026-08-29_CXKGP",4.32451133021969,NA,NA,NA,NA,NA,NA,NA,NA,NA,NA,NA,NA,NA,NA,176,44.513993135,-80.027821008,-1.02412,9.41,240,23,13.8744
238,0.8899,86,161,"2026-08-29_CXKGP",4.33576135969476,NA,NA,NA,NA,NA,NA,NA,NA,NA,NA,NA,NA,NA,NA,176.2,44.513969163,-80.027828468,-0.497805,9.45,239,23,13.8384
239,0.8937,86,160,"2026-08-29_CXKGP",4.39985920450546,NA,NA,NA,NA,NA,NA,NA,NA,NA,NA,NA,NA,NA,NA,176,44.513932282,-80.027850764,-1.57968,9.61,242,23,13.6368
240,0.8975,86,160,"2026-08-29_CXKGP",4.43262411347518,NA,NA,NA,NA,NA,NA,NA,NA,NA,NA,NA,NA,NA,NA,176,44.513905628,-80.027862582,-1.57968,9.52,244,23,13.536
241,0.9012,86,160,"2026-08-29_CXKGP",4.44325957522438,NA,NA,NA,NA,NA,NA,NA,NA,NA,NA,NA,NA,NA,NA,176,44.513879895,-80.027903318,-1.03914,9.52,244,23,13.5036
242,0.9049,86,160,"2026-08-29_CXKGP",4.55622380171314,NA,NA,NA,NA,NA,NA,NA,NA,NA,NA,NA,NA,NA,NA,176,44.513861204,-80.027935337,-1.03914,9.52,244,23,13.1688
243,0.9085,85,160,"2026-08-29_CXKGP",4.61552663158866,NA,NA,NA,NA,NA,NA,NA,NA,NA,NA,NA,NA,NA,NA,176,44.513840584,-80.027969033,-0.512821,9.4,247,23,12.9996
244,0.9121,84,160,"2026-08-29_CXKGP",4.65159549725556,NA,NA,NA,NA,NA,NA,NA,NA,NA,NA,NA,NA,NA,NA,176.2,44.513823485,-80.028017228,0.042735,9.51,251,23,12.8988
245,0.9156,85,161,"2026-08-29_CXKGP",4.6882325363338,NA,NA,NA,NA,NA,NA,NA,NA,NA,NA,NA,NA,NA,NA,176.2,44.513806973,-80.028052935,0.042735,9.63,255,23,12.798
246,0.9193,85,161,"2026-08-29_CXKGP",4.61552663158866,NA,NA,NA,NA,NA,NA,NA,NA,NA,NA,NA,NA,NA,NA,176.4,44.513785767,-80.028107418,0.583276,9.46,252,23,12.9996
247,0.923,86,161,"2026-08-29_CXKGP",4.45394619632995,NA,NA,NA,NA,NA,NA,NA,NA,NA,NA,NA,NA,NA,NA,176.4,44.513768332,-80.028142454,1.0961,9.51,251,23,13.4712
248,0.9268,86,161,"2026-08-29_CXKGP",4.33576135969476,NA,NA,NA,NA,NA,NA,NA,NA,NA,NA,NA,NA,NA,NA,176.4,44.513748467,-80.028189141,0.56978,9.49,245,23,13.8384
249,0.9307,86,162,"2026-08-29_CXKGP",4.33576135969476,NA,NA,NA,NA,NA,NA,NA,NA,NA,NA,NA,NA,NA,NA,176.4,44.513735978,-80.028228117,1.0961,9.61,242,23,13.8384
250,0.9347,86,161,"2026-08-29_CXKGP",4.16354400866017,NA,NA,NA,NA,NA,NA,NA,NA,NA,NA,NA,NA,NA,NA,176.4,44.51371846,-80.028265417,1.0961,9.73,239,23,14.4108
251,0.9387,85,162,"2026-08-29_CXKGP",4.19287211740042,NA,NA,NA,NA,NA,NA,NA,NA,NA,NA,NA,NA,NA,NA,176.2,44.513707312,-80.028315373,0.596096,9.78,238,23,14.31
252,0.9426,85,162,"2026-08-29_CXKGP",4.2322668020992,NA,NA,NA,NA,NA,NA,NA,NA,NA,NA,NA,NA,NA,NA,176.2,44.513693985,-80.028354349,0.596096,9.95,241,23,14.1768
253,0.9465,85,162,"2026-08-29_CXKGP",4.26257459505541,NA,NA,NA,NA,NA,NA,NA,NA,NA,NA,NA,NA,NA,NA,176.2,44.513682837,-80.028408831,0.596096,9.9,242,23,14.076
254,0.9504,85,162,"2026-08-29_CXKGP",4.26257459505541,NA,NA,NA,NA,NA,NA,NA,NA,NA,NA,NA,NA,NA,NA,176,44.513668839,-80.028451495,-0.47228,9.86,243,23,14.076
255,0.9543,86,162,"2026-08-29_CXKGP",4.28338901739056,NA,NA,NA,NA,NA,NA,NA,NA,NA,NA,NA,NA,NA,NA,176,44.513642939,-80.028485358,-0.47228,9.86,243,23,14.0076
256,0.9582,85,161,"2026-08-29_CXKGP",4.31443610320131,NA,NA,NA,NA,NA,NA,NA,NA,NA,NA,NA,NA,NA,NA,176,44.513612261,-80.028504049,-1.01282,9.82,244,23,13.9068
257,0.962,85,160,"2026-08-29_CXKGP",4.31443610320131,NA,NA,NA,NA,NA,NA,NA,NA,NA,NA,NA,NA,NA,NA,176,44.513583847,-80.02850933,-1.01282,9.82,244,23,13.9068
258,0.9658,85,160,"2026-08-29_CXKGP",4.3675751222921,NA,NA,NA,NA,NA,NA,NA,NA,NA,NA,NA,NA,NA,NA,176,44.513548224,-80.02851855,-1.01282,9.77,245,23,13.7376
259,0.9696,85,160,"2026-08-29_CXKGP",4.38827453045463,NA,NA,NA,NA,NA,NA,NA,NA,NA,NA,NA,NA,NA,NA,176,44.513521318,-80.028514443,-1.01282,9.77,245,23,13.6728
260,0.9735,85,159,"2026-08-29_CXKGP",4.3675751222921,NA,NA,NA,NA,NA,NA,NA,NA,NA,NA,NA,NA,NA,NA,176,44.513481923,-80.02850824,-1.01282,9.77,245,23,13.7376
261,0.9773,85,158,"2026-08-29_CXKGP",4.3675751222921,NA,NA,NA,NA,NA,NA,NA,NA,NA,NA,NA,NA,NA,NA,175.8,44.513450658,-80.028501619,-1.03914,9.77,245,23,13.7376
262,0.9813,86,158,"2026-08-29_CXKGP",4.19287211740042,NA,NA,NA,NA,NA,NA,NA,NA,NA,NA,NA,NA,NA,NA,176,44.51341076,-80.028493069,-0.539136,9.69,240,23,14.31
263,0.9852,86,158,"2026-08-29_CXKGP",4.19287211740042,NA,NA,NA,NA,NA,NA,NA,NA,NA,NA,NA,NA,NA,NA,176,44.513378909,-80.028481586,-0.539136,9.77,238,23,14.31
264,0.9891,87,157,"2026-08-29_CXKGP",4.25278557455133,NA,NA,NA,NA,NA,NA,NA,NA,NA,NA,NA,NA,NA,NA,176,44.513343789,-80.028471863,-0.0263158,9.54,237,23,14.1084
265,0.993,87,157,"2026-08-29_CXKGP",4.28338901739056,NA,NA,NA,NA,NA,NA,NA,NA,NA,NA,NA,NA,NA,NA,176,44.513305651,-80.028476138,-0.0263158,9.5,238,23,14.0076
266,0.9969,87,158,"2026-08-29_CXKGP",4.34593654932638,NA,NA,NA,NA,NA,NA,NA,NA,NA,NA,NA,NA,NA,NA,176,44.513272124,-80.02846566,-0.0263158,9.49,238,23,13.806
267,1.0007,87,158,"2026-08-29_CXKGP",4.34593654932638,NA,NA,NA,NA,NA,NA,NA,NA,NA,NA,NA,NA,NA,NA,176,44.513230885,-80.028465241,-0.0263158,9.41,240,23,13.806
268,1.0045,86,158,"2026-08-29_CXKGP",4.3675751222921,NA,NA,NA,NA,NA,NA,NA,NA,NA,NA,NA,NA,NA,NA,175.8,44.513204649,-80.028457614,-0.552632,9.37,241,23,13.7376
269,1.0083,86,158,"2026-08-29_CXKGP",4.3561596096881,NA,NA,NA,NA,NA,NA,NA,NA,NA,NA,NA,NA,NA,NA,175.8,44.513168272,-80.028467504,-0.552632,9.61,242,23,13.7736
270,1.0122,86,158,"2026-08-29_CXKGP",4.34593654932638,NA,NA,NA,NA,NA,NA,NA,NA,NA,NA,NA,NA,NA,NA,175.6,44.513138684,-80.028480748,-1.06545,9.61,242,23,13.806
271,1.016,86,158,"2026-08-29_CXKGP",4.34593654932638,NA,NA,NA,NA,NA,NA,NA,NA,NA,NA,NA,NA,NA,NA,175.6,44.513104821,-80.02850472,-0.539136,9.61,242,23,13.806
272,1.0198,85,158,"2026-08-29_CXKGP",4.3675751222921,NA,NA,NA,NA,NA,NA,NA,NA,NA,NA,NA,NA,NA,NA,175.6,44.513074562,-80.02853984,-1.03914,9.61,242,23,13.7376
273,1.0236,86,157,"2026-08-29_CXKGP",4.38827453045463,NA,NA,NA,NA,NA,NA,NA,NA,NA,NA,NA,NA,NA,NA,175.6,44.513047489,-80.028563561,-1.03914,9.77,245,23,13.6728
274,1.0274,86,157,"2026-08-29_CXKGP",4.3675751222921,NA,NA,NA,NA,NA,NA,NA,NA,NA,NA,NA,NA,NA,NA,175.6,44.513014045,-80.028608488,-1.03914,9.57,243,23,13.7376
275,1.0312,86,157,"2026-08-29_CXKGP",4.37790035898783,NA,NA,NA,NA,NA,NA,NA,NA,NA,NA,NA,NA,NA,NA,175.6,44.512991665,-80.02862961,-1.03914,9.57,243,23,13.7052
276,1.0351,86,157,"2026-08-29_CXKGP",4.3675751222921,NA,NA,NA,NA,NA,NA,NA,NA,NA,NA,NA,NA,NA,NA,175.6,44.512962329,-80.028667999,-1.03914,9.57,243,23,13.7376
277,1.0389,86,158,"2026-08-29_CXKGP",4.3675751222921,NA,NA,NA,NA,NA,NA,NA,NA,NA,NA,NA,NA,NA,NA,175.6,44.512936261,-80.028688619,-1.03914,9.57,243,23,13.7376
278,1.0427,86,159,"2026-08-29_CXKGP",4.3561596096881,NA,NA,NA,NA,NA,NA,NA,NA,NA,NA,NA,NA,NA,NA,175.6,44.512905834,-80.028721057,-0.512821,9.61,242,23,13.7736
279,1.0465,86,159,"2026-08-29_CXKGP",4.39985920450546,NA,NA,NA,NA,NA,NA,NA,NA,NA,NA,NA,NA,NA,NA,175.6,44.512878593,-80.028749555,-0.512821,9.61,242,23,13.6368
280,1.0503,86,159,"2026-08-29_CXKGP",4.39985920450546,NA,NA,NA,NA,NA,NA,NA,NA,NA,NA,NA,NA,NA,NA,175.6,44.512851604,-80.028771013,0,9.57,243,23,13.6368
281,1.0541,86,159,"2026-08-29_CXKGP",4.42086648983201,NA,NA,NA,NA,NA,NA,NA,NA,NA,NA,NA,NA,NA,NA,175.6,44.512822099,-80.02880387,0,9.53,244,23,13.572
282,1.0578,86,159,"2026-08-29_CXKGP",4.41033783187792,NA,NA,NA,NA,NA,NA,NA,NA,NA,NA,NA,NA,NA,NA,175.8,44.512798714,-80.028821304,0.540541,9.53,244,23,13.6044
283,1.0616,86,160,"2026-08-29_CXKGP",4.43262411347518,NA,NA,NA,NA,NA,NA,NA,NA,NA,NA,NA,NA,NA,NA,175.8,44.512768874,-80.028858017,0.540541,9.53,244,23,13.536
284,1.0654,86,161,"2026-08-29_CXKGP",4.42086648983201,NA,NA,NA,NA,NA,NA,NA,NA,NA,NA,NA,NA,NA,NA,175.6,44.512749261,-80.028882828,0.0142248,9.52,244,23,13.572
285,1.0691,87,161,"2026-08-29_CXKGP",4.46588067166845,NA,NA,NA,NA,NA,NA,NA,NA,NA,NA,NA,NA,NA,NA,175.6,44.512721936,-80.028917445,0.0142248,9.53,244,23,13.4352
286,1.0729,87,161,"2026-08-29_CXKGP",4.44325957522438,NA,NA,NA,NA,NA,NA,NA,NA,NA,NA,NA,NA,NA,NA,175.6,44.512695784,-80.028941417,0.0142248,9.29,243,23,13.5036
287,1.0766,86,160,"2026-08-29_CXKGP",4.44325957522438,NA,NA,NA,NA,NA,NA,NA,NA,NA,NA,NA,NA,NA,NA,175.6,44.512669884,-80.028966563,0.0142248,9.52,244,23,13.5036
288,1.0803,87,160,"2026-08-29_CXKGP",4.46588067166845,NA,NA,NA,NA,NA,NA,NA,NA,NA,NA,NA,NA,NA,NA,175.4,44.512642224,-80.028996822,-0.526316,9.33,242,23,13.4352
289,1.084,86,160,"2026-08-29_CXKGP",4.48752468138575,NA,NA,NA,NA,NA,NA,NA,NA,NA,NA,NA,NA,NA,NA,175.4,44.512614396,-80.02902423,-0.526316,9.48,245,23,13.3704
290,1.0878,86,161,"2026-08-29_CXKGP",4.45394619632995,NA,NA,NA,NA,NA,NA,NA,NA,NA,NA,NA,NA,NA,NA,175.4,44.512584472,-80.02906329,-0.526316,9.48,245,23,13.4712
291,1.0916,86,161,"2026-08-29_CXKGP",4.43262411347518,NA,NA,NA,NA,NA,NA,NA,NA,NA,NA,NA,NA,NA,NA,175.4,44.512564188,-80.029085251,-0.526316,9.49,245,23,13.536
292,1.0953,86,161,"2026-08-29_CXKGP",4.46588067166845,NA,NA,NA,NA,NA,NA,NA,NA,NA,NA,NA,NA,NA,NA,175.4,44.512535773,-80.029128334,-1.06686,9.48,245,23,13.4352
293,1.099,86,161,"2026-08-29_CXKGP",4.46588067166845,NA,NA,NA,NA,NA,NA,NA,NA,NA,NA,NA,NA,NA,NA,175.4,44.512513226,-80.02914845,-1.06686,9.48,245,23,13.4352
294,1.1027,86,162,"2026-08-29_CXKGP",4.45394619632995,NA,NA,NA,NA,NA,NA,NA,NA,NA,NA,NA,NA,NA,NA,175.4,44.512486572,-80.029178122,-0.540541,9.49,245,23,13.4712
295,1.1064,87,162,"2026-08-29_CXKGP",4.55622380171314,NA,NA,NA,NA,NA,NA,NA,NA,NA,NA,NA,NA,NA,NA,175.4,44.512459498,-80.029203352,-0.540541,9.48,245,23,13.1688
296,1.11,86,161,"2026-08-29_CXKGP",4.61552663158866,NA,NA,NA,NA,NA,NA,NA,NA,NA,NA,NA,NA,NA,NA,175.4,44.512437118,-80.029233862,-0.540541,9.35,248,23,12.9996
297,1.1136,86,161,"2026-08-29_CXKGP",4.62705904127337,NA,NA,NA,NA,NA,NA,NA,NA,NA,NA,NA,NA,NA,NA,175.2,44.512431503,-80.029281639,-1.0961,9.35,248,23,12.9672
298,1.1172,85,161,"2026-08-29_CXKGP",4.6633090841261,NA,NA,NA,NA,NA,NA,NA,NA,NA,NA,NA,NA,NA,NA,175.2,44.51244307,-80.029320028,-0.555556,9.35,248,23,12.8664
299,1.1207,84,162,"2026-08-29_CXKGP",4.7254512805973,NA,NA,NA,NA,NA,NA,NA,NA,NA,NA,NA,NA,NA,NA,175.2,44.512471568,-80.029349364,-0.555556,9.62,255,23,12.6972
300,1.1243,85,162,"2026-08-29_CXKGP",4.71342383107089,NA,NA,NA,NA,NA,NA,NA,NA,NA,NA,NA,NA,NA,NA,175.2,44.51250585,-80.029363446,-0.555556,9.62,255,23,12.7296
301,1.1277,84,162,"2026-08-29_CXKGP",4.78927203065134,NA,NA,NA,NA,NA,NA,NA,NA,NA,NA,NA,NA,NA,NA,175.2,44.512538623,-80.029375013,-0.555556,9.42,253,23,12.528
302,1.1312,84,162,"2026-08-29_CXKGP",4.77554918815664,NA,NA,NA,NA,NA,NA,NA,NA,NA,NA,NA,NA,NA,NA,175.2,44.512577515,-80.029380461,-0.555556,9.57,256,23,12.564
303,1.1347,85,162,"2026-08-29_CXKGP",4.76326569496046,NA,NA,NA,NA,NA,NA,NA,NA,NA,NA,NA,NA,NA,NA,175.2,44.512608109,-80.029387083,-0.555556,9.57,256,23,12.5964
304,1.1383,85,163,"2026-08-29_CXKGP",4.67639356528245,NA,NA,NA,NA,NA,NA,NA,NA,NA,NA,NA,NA,NA,NA,175.4,44.51264784,-80.029386664,0,9.46,252,23,12.8304
305,1.1419,85,162,"2026-08-29_CXKGP",4.67639356528245,NA,NA,NA,NA,NA,NA,NA,NA,NA,NA,NA,NA,NA,NA,175.2,44.512678433,-80.029387083,-0.555556,9.46,252,23,12.8304
306,1.1454,86,161,"2026-08-29_CXKGP",4.65159549725556,NA,NA,NA,NA,NA,NA,NA,NA,NA,NA,NA,NA,NA,NA,175.2,44.51271632,-80.029386664,-0.555556,9.31,249,23,12.8988
307,1.1491,86,161,"2026-08-29_CXKGP",4.5687134502924,NA,NA,NA,NA,NA,NA,NA,NA,NA,NA,NA,NA,NA,NA,175.2,44.512748925,-80.029393202,0,9.39,247,23,13.1328
308,1.1528,87,162,"2026-08-29_CXKGP",4.53391367428364,NA,NA,NA,NA,NA,NA,NA,NA,NA,NA,NA,NA,NA,NA,175.2,44.512781866,-80.029400997,0,9.24,244,23,13.2336
309,1.1565,87,162,"2026-08-29_CXKGP",4.52161331162959,NA,NA,NA,NA,NA,NA,NA,NA,NA,NA,NA,NA,NA,NA,175.2,44.512821093,-80.029407451,0,9.24,244,23,13.2696
310,1.1601,87,162,"2026-08-29_CXKGP",4.52161331162959,NA,NA,NA,NA,NA,NA,NA,NA,NA,NA,NA,NA,NA,NA,175.2,44.512852442,-80.02941709,0,9.25,244,23,13.2696
311,1.1639,87,161,"2026-08-29_CXKGP",4.476676515355,NA,NA,NA,NA,NA,NA,NA,NA,NA,NA,NA,NA,NA,NA,175.2,44.512893429,-80.029416755,0,9.29,243,23,13.4028
312,1.1676,87,161,"2026-08-29_CXKGP",4.46588067166845,NA,NA,NA,NA,NA,NA,NA,NA,NA,NA,NA,NA,NA,NA,175,44.512919665,-80.029425053,-0.540541,9.29,243,23,13.4352
313,1.1713,86,161,"2026-08-29_CXKGP",4.46588067166845,NA,NA,NA,NA,NA,NA,NA,NA,NA,NA,NA,NA,NA,NA,175,44.512958389,-80.029434105,-0.540541,9.29,243,23,13.4352
314,1.1751,86,161,"2026-08-29_CXKGP",4.44325957522438,NA,NA,NA,NA,NA,NA,NA,NA,NA,NA,NA,NA,NA,NA,175,44.51298278,-80.029451456,-1.0961,9.48,245,23,13.5036
315,1.1789,86,161,"2026-08-29_CXKGP",4.37790035898783,NA,NA,NA,NA,NA,NA,NA,NA,NA,NA,NA,NA,NA,NA,174.8,44.51301614,-80.029461347,-1.06686,9.52,244,23,13.7052
316,1.1827,85,161,"2026-08-29_CXKGP",4.33576135969476,NA,NA,NA,NA,NA,NA,NA,NA,NA,NA,NA,NA,NA,NA,174.8,44.513051093,-80.02946604,-1.06686,9.57,243,23,13.8384
317,1.1866,85,161,"2026-08-29_CXKGP",4.33576135969476,NA,NA,NA,NA,NA,NA,NA,NA,NA,NA,NA,NA,NA,NA,174.8,44.513081771,-80.029480793,-1.06686,9.82,244,23,13.8384
318,1.1905,86,160,"2026-08-29_CXKGP",4.25278557455133,NA,NA,NA,NA,NA,NA,NA,NA,NA,NA,NA,NA,NA,NA,174.8,44.51312192,-80.029488085,-1.06686,9.69,240,23,14.1084
319,1.1944,86,160,"2026-08-29_CXKGP",4.26257459505541,NA,NA,NA,NA,NA,NA,NA,NA,NA,NA,NA,NA,NA,NA,175,44.513148826,-80.029504094,-0.554036,9.69,240,23,14.076
320,1.1982,86,159,"2026-08-29_CXKGP",4.33576135969476,NA,NA,NA,NA,NA,NA,NA,NA,NA,NA,NA,NA,NA,NA,175,44.51318688,-80.029513398,-0.554036,9.69,240,23,13.8384
321,1.202,86,159,"2026-08-29_CXKGP",4.39985920450546,NA,NA,NA,NA,NA,NA,NA,NA,NA,NA,NA,NA,NA,NA,175,44.513215965,-80.029521277,-0.554036,9.57,243,23,13.6368
322,1.2057,85,159,"2026-08-29_CXKGP",4.55622380171314,NA,NA,NA,NA,NA,NA,NA,NA,NA,NA,NA,NA,NA,NA,175.2,44.513246391,-80.029526725,0.527045,9.57,243,23,13.1688
323,1.2092,85,159,"2026-08-29_CXKGP",4.67639356528245,NA,NA,NA,NA,NA,NA,NA,NA,NA,NA,NA,NA,NA,NA,175.2,44.513281595,-80.029536197,0.527045,9.59,249,23,12.8304
324,1.2127,85,158,"2026-08-29_CXKGP",4.78927203065134,NA,NA,NA,NA,NA,NA,NA,NA,NA,NA,NA,NA,NA,NA,175.4,44.513304729,-80.029551452,1.09847,9.46,252,23,12.528
325,1.2162,85,158,"2026-08-29_CXKGP",4.78927203065134,NA,NA,NA,NA,NA,NA,NA,NA,NA,NA,NA,NA,NA,NA,175.6,44.513339598,-80.029568048,2.19622,9.36,254,23,12.528
326,1.2195,85,159,"2026-08-29_CXKGP",5.05970451325643,NA,NA,NA,NA,NA,NA,NA,NA,NA,NA,NA,NA,NA,NA,175.8,44.513355859,-80.029589674,2.80228,9.26,256,23,11.8584
327,1.2227,85,159,"2026-08-29_CXKGP",5.19210799584631,NA,NA,NA,NA,NA,NA,NA,NA,NA,NA,NA,NA,NA,NA,176.2,44.513336916,-80.029604677,4.05228,9.12,259,23,11.556
328,1.2257,85,158,"2026-08-29_CXKGP",5.54815801154017,NA,NA,NA,NA,NA,NA,NA,NA,NA,NA,NA,NA,NA,NA,176.2,44.513309758,-80.029615406,4.05228,9.01,261,23,10.8144
329,1.2286,85,158,"2026-08-29_CXKGP",5.72540936676972,NA,NA,NA,NA,NA,NA,NA,NA,NA,NA,NA,NA,NA,NA,176.2,44.513282601,-80.029605096,3.53946,8.62,268,23,10.4796
330,1.2316,82,158,"2026-08-29_CXKGP",5.54815801154017,NA,NA,NA,NA,NA,NA,NA,NA,NA,NA,NA,NA,NA,NA,176,44.513256785,-80.029591015,2.87279,9.07,277,23,10.8144
331,1.2348,82,157,"2026-08-29_CXKGP",5.31632110579479,NA,NA,NA,NA,NA,NA,NA,NA,NA,NA,NA,NA,NA,NA,175.8,44.513216133,-80.02958213,2.24779,9.24,274,23,11.286
332,1.2381,82,157,"2026-08-29_CXKGP",5.03220611916264,NA,NA,NA,NA,NA,NA,NA,NA,NA,NA,NA,NA,NA,NA,175.6,44.513186125,-80.029565785,1.10119,9.42,271,23,11.9232
333,1.2417,82,157,"2026-08-29_CXKGP",4.58001282403591,NA,NA,NA,NA,NA,NA,NA,NA,NA,NA,NA,NA,NA,NA,175.4,44.513149329,-80.029555224,0.545635,10.12,258,23,13.1004
334,1.2456,83,157,"2026-08-29_CXKGP",4.33576135969476,NA,NA,NA,NA,NA,NA,NA,NA,NA,NA,NA,NA,NA,NA,175.2,44.51311731,-80.029541645,-0.538614,10.12,258,23,13.8384
335,1.2494,84,157,"2026-08-29_CXKGP",4.31443610320131,NA,NA,NA,NA,NA,NA,NA,NA,NA,NA,NA,NA,NA,NA,175.2,44.513087219,-80.029532593,-1.11004,10.17,250,23,13.9068
336,1.2533,85,157,"2026-08-29_CXKGP",4.29331959471063,NA,NA,NA,NA,NA,NA,NA,NA,NA,NA,NA,NA,NA,NA,175.2,44.513050255,-80.029528318,-1.7161,10.04,246,23,13.9752
337,1.2572,85,159,"2026-08-29_CXKGP",4.25278557455133,NA,NA,NA,NA,NA,NA,NA,NA,NA,NA,NA,NA,NA,NA,175.4,44.513021505,-80.02951365,-2.45328,9.86,243,23,14.1084
338,1.2611,85,160,"2026-08-29_CXKGP",4.28338901739056,NA,NA,NA,NA,NA,NA,NA,NA,NA,NA,NA,NA,NA,NA,175.6,44.512977835,-80.029508201,-1.94046,9.86,243,23,14.0076
339,1.265,85,161,"2026-08-29_CXKGP",4.31443610320131,NA,NA,NA,NA,NA,NA,NA,NA,NA,NA,NA,NA,NA,NA,175.6,44.512949839,-80.029494371,-1.94046,9.86,243,23,13.9068
340,1.2688,85,162,"2026-08-29_CXKGP",4.31443610320131,NA,NA,NA,NA,NA,NA,NA,NA,NA,NA,NA,NA,NA,NA,175.8,44.512909606,-80.029485151,-0.74748,9.82,244,23,13.9068
341,1.2727,85,162,"2026-08-29_CXKGP",4.34593654932638,NA,NA,NA,NA,NA,NA,NA,NA,NA,NA,NA,NA,NA,NA,175.8,44.512876749,-80.029474841,-0.12248,9.82,244,23,13.806
342,1.2765,85,162,"2026-08-29_CXKGP",4.41033783187792,NA,NA,NA,NA,NA,NA,NA,NA,NA,NA,NA,NA,NA,NA,176,44.51284473,-80.029465035,1.0099,9.73,246,23,13.6044
343,1.2802,85,161,"2026-08-29_CXKGP",4.45394619632995,NA,NA,NA,NA,NA,NA,NA,NA,NA,NA,NA,NA,NA,NA,176,44.512808269,-80.029460927,1.56545,9.73,246,23,13.4712
344,1.2839,85,161,"2026-08-29_CXKGP",4.476676515355,NA,NA,NA,NA,NA,NA,NA,NA,NA,NA,NA,NA,NA,NA,176,44.512780693,-80.029449277,2.07827,9.69,247,23,13.4028
345,1.2876,85,161,"2026-08-29_CXKGP",4.48752468138575,NA,NA,NA,NA,NA,NA,NA,NA,NA,NA,NA,NA,NA,NA,176.2,44.512741382,-80.029442906,2.61881,9.65,248,23,13.3704
346,1.2913,85,161,"2026-08-29_CXKGP",4.48752468138575,NA,NA,NA,NA,NA,NA,NA,NA,NA,NA,NA,NA,NA,NA,176.2,44.51271171,-80.029431842,2.61881,9.64,248,23,13.3704
347,1.2951,86,160,"2026-08-29_CXKGP",4.45394619632995,NA,NA,NA,NA,NA,NA,NA,NA,NA,NA,NA,NA,NA,NA,176.2,44.512680445,-80.029424299,2.10599,9.64,248,23,13.4712
348,1.2989,86,160,"2026-08-29_CXKGP",4.44325957522438,NA,NA,NA,NA,NA,NA,NA,NA,NA,NA,NA,NA,NA,NA,176.4,44.51265203,-80.029413402,2.11949,9.49,245,23,13.5036
349,1.3026,86,160,"2026-08-29_CXKGP",4.44325957522438,NA,NA,NA,NA,NA,NA,NA,NA,NA,NA,NA,NA,NA,NA,176.4,44.512621604,-80.029401248,2.11949,9.52,244,23,13.5036
350,1.3064,86,160,"2026-08-29_CXKGP",4.44325957522438,NA,NA,NA,NA,NA,NA,NA,NA,NA,NA,NA,NA,NA,NA,176.4,44.512583466,-80.029395716,1.59317,9.52,244,23,13.5036
351,1.3101,86,159,"2026-08-29_CXKGP",4.43262411347518,NA,NA,NA,NA,NA,NA,NA,NA,NA,NA,NA,NA,NA,NA,176.4,44.512549771,-80.029384904,1.59317,9.52,244,23,13.536
352,1.3139,86,159,"2026-08-29_CXKGP",4.43262411347518,NA,NA,NA,NA,NA,NA,NA,NA,NA,NA,NA,NA,NA,NA,176.6,44.512508868,-80.029374594,1.59317,9.52,244,23,13.536
353,1.3176,85,159,"2026-08-29_CXKGP",4.52161331162959,NA,NA,NA,NA,NA,NA,NA,NA,NA,NA,NA,NA,NA,NA,176.6,44.512471317,-80.029352969,1.59317,9.52,244,23,13.2696
354,1.3212,85,159,"2026-08-29_CXKGP",4.52161331162959,NA,NA,NA,NA,NA,NA,NA,NA,NA,NA,NA,NA,NA,NA,176.6,44.5124512,-80.029321285,1.59317,9.6,249,23,13.2696
355,1.3249,84,159,"2026-08-29_CXKGP",4.60405156537753,NA,NA,NA,NA,NA,NA,NA,NA,NA,NA,NA,NA,NA,NA,176.6,44.512442818,-80.029268898,1.05263,9.77,252,23,13.032
356,1.3284,83,160,"2026-08-29_CXKGP",4.6633090841261,NA,NA,NA,NA,NA,NA,NA,NA,NA,NA,NA,NA,NA,NA,176.6,44.512454637,-80.029236292,1.05263,9.84,257,23,12.8664
357,1.332,83,159,"2026-08-29_CXKGP",4.6882325363338,NA,NA,NA,NA,NA,NA,NA,NA,NA,NA,NA,NA,NA,NA,176.6,44.512482716,-80.029201508,1.05263,9.84,257,23,12.798
358,1.3356,83,159,"2026-08-29_CXKGP",4.63994060876021,NA,NA,NA,NA,NA,NA,NA,NA,NA,NA,NA,NA,NA,NA,176.8,44.512506353,-80.029174266,1.08187,9.85,257,23,12.9312
359,1.3392,83,159,"2026-08-29_CXKGP",4.58001282403591,NA,NA,NA,NA,NA,NA,NA,NA,NA,NA,NA,NA,NA,NA,176.8,44.51253175,-80.029148366,1.08187,9.85,257,23,13.1004
360,1.3429,84,159,"2026-08-29_CXKGP",4.58001282403591,NA,NA,NA,NA,NA,NA,NA,NA,NA,NA,NA,NA,NA,NA,176.8,44.512556896,-80.029114001,1.08187,9.94,255,23,13.1004
361,1.3465,86,158,"2026-08-29_CXKGP",4.55622380171314,NA,NA,NA,NA,NA,NA,NA,NA,NA,NA,NA,NA,NA,NA,176.8,44.512587574,-80.029088603,1.08187,9.72,253,23,13.1688
362,1.3502,86,159,"2026-08-29_CXKGP",4.52161331162959,NA,NA,NA,NA,NA,NA,NA,NA,NA,NA,NA,NA,NA,NA,177,44.512616156,-80.029050801,1.0961,9.44,246,23,13.2696
363,1.3539,86,159,"2026-08-29_CXKGP",4.52161331162959,NA,NA,NA,NA,NA,NA,NA,NA,NA,NA,NA,NA,NA,NA,177,44.512636859,-80.02902884,1.0961,9.44,246,23,13.2696
364,1.3576,86,160,"2026-08-29_CXKGP",4.52161331162959,NA,NA,NA,NA,NA,NA,NA,NA,NA,NA,NA,NA,NA,NA,177,44.512660245,-80.028994475,1.0961,9.44,246,23,13.2696
365,1.3612,86,160,"2026-08-29_CXKGP",4.55622380171314,NA,NA,NA,NA,NA,NA,NA,NA,NA,NA,NA,NA,NA,NA,177,44.512683043,-80.028966898,1.0961,9.4,247,23,13.1688
366,1.3649,86,160,"2026-08-29_CXKGP",4.54504135987638,NA,NA,NA,NA,NA,NA,NA,NA,NA,NA,NA,NA,NA,NA,177.2,44.512708776,-80.028936891,1.63664,9.4,247,23,13.2012
367,1.3686,86,160,"2026-08-29_CXKGP",4.510599909788,NA,NA,NA,NA,NA,NA,NA,NA,NA,NA,NA,NA,NA,NA,177.2,44.512737274,-80.028906045,1.63664,9.4,247,23,13.302
368,1.3723,86,160,"2026-08-29_CXKGP",4.510599909788,NA,NA,NA,NA,NA,NA,NA,NA,NA,NA,NA,NA,NA,NA,177.2,44.512763929,-80.028885175,1.08108,9.44,246,23,13.302
369,1.376,86,160,"2026-08-29_CXKGP",4.48752468138575,NA,NA,NA,NA,NA,NA,NA,NA,NA,NA,NA,NA,NA,NA,177.2,44.512793685,-80.028847959,1.08108,9.44,246,23,13.3704
370,1.3798,86,161,"2026-08-29_CXKGP",4.44325957522438,NA,NA,NA,NA,NA,NA,NA,NA,NA,NA,NA,NA,NA,NA,177.2,44.512815058,-80.028823987,1.08108,9.48,245,23,13.5036
371,1.3835,86,161,"2026-08-29_CXKGP",4.45394619632995,NA,NA,NA,NA,NA,NA,NA,NA,NA,NA,NA,NA,NA,NA,177.2,44.512842216,-80.028787106,1.08108,9.49,245,23,13.4712
372,1.3872,86,161,"2026-08-29_CXKGP",4.476676515355,NA,NA,NA,NA,NA,NA,NA,NA,NA,NA,NA,NA,NA,NA,177.2,44.51286359,-80.028764475,0.540541,9.49,245,23,13.4028
373,1.3909,86,161,"2026-08-29_CXKGP",4.476676515355,NA,NA,NA,NA,NA,NA,NA,NA,NA,NA,NA,NA,NA,NA,177.2,44.51289016,-80.028734636,0.540541,9.48,245,23,13.4028
374,1.3947,86,161,"2026-08-29_CXKGP",4.48752468138575,NA,NA,NA,NA,NA,NA,NA,NA,NA,NA,NA,NA,NA,NA,177.2,44.512916815,-80.028707394,0.540541,9.48,245,23,13.3704
375,1.3984,87,161,"2026-08-29_CXKGP",4.48752468138575,NA,NA,NA,NA,NA,NA,NA,NA,NA,NA,NA,NA,NA,NA,177.2,44.512946571,-80.028680656,0.540541,9.29,243,23,13.3704
376,1.4021,87,161,"2026-08-29_CXKGP",4.476676515355,NA,NA,NA,NA,NA,NA,NA,NA,NA,NA,NA,NA,NA,NA,177.2,44.51297926,-80.028649308,0,9.29,243,23,13.4028
377,1.4058,87,161,"2026-08-29_CXKGP",4.46588067166845,NA,NA,NA,NA,NA,NA,NA,NA,NA,NA,NA,NA,NA,NA,177.2,44.513008513,-80.028630029,0,9.29,243,23,13.4352
378,1.4096,86,161,"2026-08-29_CXKGP",4.46588067166845,NA,NA,NA,NA,NA,NA,NA,NA,NA,NA,NA,NA,NA,NA,177,44.51303961,-80.028588539,-0.526316,9.48,245,23,13.4352
379,1.4134,87,161,"2026-08-29_CXKGP",4.31443610320131,NA,NA,NA,NA,NA,NA,NA,NA,NA,NA,NA,NA,NA,NA,177,44.513065677,-80.028567584,-0.526316,9.57,243,23,13.9068
380,1.4174,87,161,"2026-08-29_CXKGP",4.2322668020992,NA,NA,NA,NA,NA,NA,NA,NA,NA,NA,NA,NA,NA,NA,177,44.513101971,-80.028529782,-0.526316,9.53,237,23,14.1768
381,1.4214,87,162,"2026-08-29_CXKGP",4.12541254125412,NA,NA,NA,NA,NA,NA,NA,NA,NA,NA,NA,NA,NA,NA,177,44.513127201,-80.02850078,-0.526316,9.53,237,23,14.544
382,1.4255,87,162,"2026-08-29_CXKGP",4.02284978678896,NA,NA,NA,NA,NA,NA,NA,NA,NA,NA,NA,NA,NA,NA,177,44.513157627,-80.028465828,-0.526316,9.65,234,23,14.9148
383,1.4297,87,162,"2026-08-29_CXKGP",3.99584432190522,NA,NA,NA,NA,NA,NA,NA,NA,NA,NA,NA,NA,NA,NA,177,44.513181683,-80.028433893,-0.526316,9.73,232,23,15.0156
384,1.4339,87,161,"2026-08-29_CXKGP",3.98724082934609,NA,NA,NA,NA,NA,NA,NA,NA,NA,NA,NA,NA,NA,NA,177,44.513212528,-80.028401623,-0.526316,9.77,231,23,15.048
385,1.4381,87,162,"2026-08-29_CXKGP",3.98724082934609,NA,NA,NA,NA,NA,NA,NA,NA,NA,NA,NA,NA,NA,NA,177,44.513244799,-80.028363401,-0.526316,9.77,231,23,15.048
386,1.4422,87,162,"2026-08-29_CXKGP",4.02284978678896,NA,NA,NA,NA,NA,NA,NA,NA,NA,NA,NA,NA,NA,NA,177,44.513273213,-80.02833616,-0.526316,9.77,231,23,14.9148
387,1.4463,87,162,"2026-08-29_CXKGP",4.06901041666667,NA,NA,NA,NA,NA,NA,NA,NA,NA,NA,NA,NA,NA,NA,177,44.513306406,-80.028295424,-0.526316,9.73,232,23,14.7456
388,1.4504,87,162,"2026-08-29_CXKGP",4.07797080172906,NA,NA,NA,NA,NA,NA,NA,NA,NA,NA,NA,NA,NA,NA,177,44.513335575,-80.028270865,0,9.69,233,23,14.7132
389,1.4545,87,162,"2026-08-29_CXKGP",4.09701737135365,NA,NA,NA,NA,NA,NA,NA,NA,NA,NA,NA,NA,NA,NA,177,44.513365247,-80.028229039,0,9.65,234,23,14.6448
390,1.4585,87,162,"2026-08-29_CXKGP",4.09701737135365,NA,NA,NA,NA,NA,NA,NA,NA,NA,NA,NA,NA,NA,NA,177,44.513390225,-80.028203474,0,9.65,234,23,14.6448
391,1.4626,86,163,"2026-08-29_CXKGP",4.11522633744856,NA,NA,NA,NA,NA,NA,NA,NA,NA,NA,NA,NA,NA,NA,177,44.51341822,-80.0281676,0,9.85,236,23,14.58
392,1.4666,86,162,"2026-08-29_CXKGP",4.10610166707728,NA,NA,NA,NA,NA,NA,NA,NA,NA,NA,NA,NA,NA,NA,177,44.513444036,-80.02813709,0,9.86,236,23,14.6124
393,1.4707,86,162,"2026-08-29_CXKGP",4.10610166707728,NA,NA,NA,NA,NA,NA,NA,NA,NA,NA,NA,NA,NA,NA,177,44.513471864,-80.028110771,0,9.86,236,23,14.6124
394,1.4747,88,163,"2026-08-29_CXKGP",4.11522633744856,NA,NA,NA,NA,NA,NA,NA,NA,NA,NA,NA,NA,NA,NA,176.8,44.51350162,-80.028084619,-0.5,9.46,232,23,14.58
395,1.4788,88,164,"2026-08-29_CXKGP",4.12541254125412,NA,NA,NA,NA,NA,NA,NA,NA,NA,NA,NA,NA,NA,NA,176.8,44.513529029,-80.028065005,-0.5,9.46,232,23,14.544
396,1.4828,88,164,"2026-08-29_CXKGP",4.11522633744856,NA,NA,NA,NA,NA,NA,NA,NA,NA,NA,NA,NA,NA,NA,176.8,44.513560461,-80.02803022,-0.5,9.49,231,23,14.58
397,1.4869,88,164,"2026-08-29_CXKGP",4.11522633744856,NA,NA,NA,NA,NA,NA,NA,NA,NA,NA,NA,NA,NA,NA,176.8,44.513585942,-80.0280065,-0.5,9.46,232,23,14.58
398,1.491,87,164,"2026-08-29_CXKGP",4.07797080172906,NA,NA,NA,NA,NA,NA,NA,NA,NA,NA,NA,NA,NA,NA,176.8,44.51361662,-80.027966686,-0.5,9.46,232,23,14.7132
399,1.4951,88,164,"2026-08-29_CXKGP",4.05910050332846,NA,NA,NA,NA,NA,NA,NA,NA,NA,NA,NA,NA,NA,NA,176.8,44.513640676,-80.0279433,-0.5,9.69,233,23,14.7816
400,1.4992,88,163,"2026-08-29_CXKGP",4.05910050332846,NA,NA,NA,NA,NA,NA,NA,NA,NA,NA,NA,NA,NA,NA,176.8,44.513672108,-80.027908264,-0.5,9.53,230,23,14.7816
401,1.5033,87,164,"2026-08-29_CXKGP",4.05022276225192,NA,NA,NA,NA,NA,NA,NA,NA,NA,NA,NA,NA,NA,NA,176.8,44.513699601,-80.027885046,-0.5,9.73,232,23,14.814
402,1.5074,87,163,"2026-08-29_CXKGP",4.05910050332846,NA,NA,NA,NA,NA,NA,NA,NA,NA,NA,NA,NA,NA,NA,176.8,44.513728602,-80.027850261,-0.5,9.73,232,23,14.7816
403,1.5115,88,163,"2026-08-29_CXKGP",4.08697073728952,NA,NA,NA,NA,NA,NA,NA,NA,NA,NA,NA,NA,NA,NA,177,44.513756514,-80.027819416,-0.0121951,9.53,230,23,14.6808
404,1.5156,88,163,"2026-08-29_CXKGP",4.08697073728952,NA,NA,NA,NA,NA,NA,NA,NA,NA,NA,NA,NA,NA,NA,176.8,44.513787275,-80.027788486,0,9.49,231,23,14.6808
405,1.5196,88,163,"2026-08-29_CXKGP",4.11522633744856,NA,NA,NA,NA,NA,NA,NA,NA,NA,NA,NA,NA,NA,NA,176.8,44.51381854,-80.027755881,0,9.49,231,23,14.58
406,1.5236,88,163,"2026-08-29_CXKGP",4.15420405450316,NA,NA,NA,NA,NA,NA,NA,NA,NA,NA,NA,NA,NA,NA,176.8,44.513850307,-80.027728556,0,9.46,232,23,14.4432
407,1.5276,87,163,"2026-08-29_CXKGP",4.18340026773762,NA,NA,NA,NA,NA,NA,NA,NA,NA,NA,NA,NA,NA,NA,176.8,44.51388065,-80.027696034,0,9.42,233,23,14.3424
408,1.5316,87,164,"2026-08-29_CXKGP",4.20238695579089,NA,NA,NA,NA,NA,NA,NA,NA,NA,NA,NA,NA,NA,NA,176.8,44.513908897,-80.027672565,0,9.57,236,23,14.2776
409,1.5356,87,164,"2026-08-29_CXKGP",4.17292605575029,NA,NA,NA,NA,NA,NA,NA,NA,NA,NA,NA,NA,NA,NA,176.8,44.513939742,-80.02763954,0,9.57,236,23,14.3784
410,1.5396,87,164,"2026-08-29_CXKGP",4.15420405450316,NA,NA,NA,NA,NA,NA,NA,NA,NA,NA,NA,NA,NA,NA,176.8,44.513969247,-80.027619423,0,9.61,235,23,14.4432
411,1.5436,87,164,"2026-08-29_CXKGP",4.15420405450316,NA,NA,NA,NA,NA,NA,NA,NA,NA,NA,NA,NA,NA,NA,176.6,44.513999002,-80.027585225,-0.5,9.61,235,23,14.4432
412,1.5476,88,164,"2026-08-29_CXKGP",4.10610166707728,NA,NA,NA,NA,NA,NA,NA,NA,NA,NA,NA,NA,NA,NA,176.6,44.514025824,-80.027565695,-0.5,9.61,235,23,14.6124
413,1.5517,88,164,"2026-08-29_CXKGP",4.12541254125412,NA,NA,NA,NA,NA,NA,NA,NA,NA,NA,NA,NA,NA,NA,176.4,44.514055832,-80.027532754,-1.47561,9.46,232,23,14.544
414,1.5557,88,164,"2026-08-29_CXKGP",4.15420405450316,NA,NA,NA,NA,NA,NA,NA,NA,NA,NA,NA,NA,NA,NA,176.4,44.514082486,-80.027513644,-0.987805,9.42,233,23,14.4432
415,1.5597,88,164,"2026-08-29_CXKGP",4.20238695579089,NA,NA,NA,NA,NA,NA,NA,NA,NA,NA,NA,NA,NA,NA,176.4,44.514108973,-80.027481709,-0.987805,9.42,233,23,14.2776
416,1.5636,88,164,"2026-08-29_CXKGP",4.24304141208418,NA,NA,NA,NA,NA,NA,NA,NA,NA,NA,NA,NA,NA,NA,176.4,44.514134873,-80.027460586,-0.987805,9.38,234,23,14.1408
417,1.5675,88,165,"2026-08-29_CXKGP",4.29331959471063,NA,NA,NA,NA,NA,NA,NA,NA,NA,NA,NA,NA,NA,NA,176.4,44.514163455,-80.027427981,-0.987805,9.34,235,23,13.9752
418,1.5714,88,165,"2026-08-29_CXKGP",4.28338901739056,NA,NA,NA,NA,NA,NA,NA,NA,NA,NA,NA,NA,NA,NA,176.6,44.514190445,-80.027404763,-0.474984,9.3,236,23,14.0076
419,1.5752,88,165,"2026-08-29_CXKGP",4.29331959471063,NA,NA,NA,NA,NA,NA,NA,NA,NA,NA,NA,NA,NA,NA,176.6,44.514221877,-80.02738012,-0.474984,9.3,236,23,13.9752
420,1.5791,88,165,"2026-08-29_CXKGP",4.28338901739056,NA,NA,NA,NA,NA,NA,NA,NA,NA,NA,NA,NA,NA,NA,176.6,44.514254567,-80.027351957,-0.474984,9.3,236,23,14.0076
421,1.583,88,164,"2026-08-29_CXKGP",4.26257459505541,NA,NA,NA,NA,NA,NA,NA,NA,NA,NA,NA,NA,NA,NA,176.6,44.51428516,-80.027326308,0.0250156,9.3,236,23,14.076
422,1.587,88,164,"2026-08-29_CXKGP",4.24304141208418,NA,NA,NA,NA,NA,NA,NA,NA,NA,NA,NA,NA,NA,NA,176.6,44.514314665,-80.027287249,0.0250156,9.3,236,23,14.1408
423,1.5909,89,164,"2026-08-29_CXKGP",4.25278557455133,NA,NA,NA,NA,NA,NA,NA,NA,NA,NA,NA,NA,NA,NA,176.4,44.514341152,-80.027257744,0,9.34,235,23,14.1084
424,1.5948,88,165,"2026-08-29_CXKGP",4.27350427350427,NA,NA,NA,NA,NA,NA,NA,NA,NA,NA,NA,NA,NA,NA,176.4,44.514365711,-80.027225306,0,9.16,233,23,14.04
425,1.5987,88,166,"2026-08-29_CXKGP",4.26257459505541,NA,NA,NA,NA,NA,NA,NA,NA,NA,NA,NA,NA,NA,NA,176.4,44.514387336,-80.027202591,0,9.3,236,23,14.076
426,1.6026,88,166,"2026-08-29_CXKGP",4.26257459505541,NA,NA,NA,NA,NA,NA,NA,NA,NA,NA,NA,NA,NA,NA,176.2,44.514415415,-80.027167136,-0.512821,9.3,236,23,14.076
427,1.6065,88,165,"2026-08-29_CXKGP",4.25278557455133,NA,NA,NA,NA,NA,NA,NA,NA,NA,NA,NA,NA,NA,NA,176.2,44.514442405,-80.027147606,-0.512821,9.3,236,23,14.1084
428,1.6105,88,165,"2026-08-29_CXKGP",4.24304141208418,NA,NA,NA,NA,NA,NA,NA,NA,NA,NA,NA,NA,NA,NA,176.2,44.514472915,-80.027112905,-1.02564,9.34,235,23,14.1408
429,1.6144,88,165,"2026-08-29_CXKGP",4.24304141208418,NA,NA,NA,NA,NA,NA,NA,NA,NA,NA,NA,NA,NA,NA,176.2,44.514503928,-80.02708667,-1.02564,9.34,235,23,14.1408
430,1.6183,88,164,"2026-08-29_CXKGP",4.24304141208418,NA,NA,NA,NA,NA,NA,NA,NA,NA,NA,NA,NA,NA,NA,176.2,44.514533432,-80.027055824,-1.02564,9.34,235,23,14.1408
431,1.6222,88,164,"2026-08-29_CXKGP",4.28338901739056,NA,NA,NA,NA,NA,NA,NA,NA,NA,NA,NA,NA,NA,NA,176.2,44.514560757,-80.027033109,-1.02564,9.3,236,23,14.0076
432,1.6261,88,164,"2026-08-29_CXKGP",4.30440771349862,NA,NA,NA,NA,NA,NA,NA,NA,NA,NA,NA,NA,NA,NA,176.2,44.514591351,-80.026997738,-1.02564,9.3,236,23,13.9392
433,1.6299,88,164,"2026-08-29_CXKGP",4.33576135969476,NA,NA,NA,NA,NA,NA,NA,NA,NA,NA,NA,NA,NA,NA,176.2,44.514617587,-80.026976448,-0.512821,9.26,237,23,13.8384
434,1.6338,88,164,"2026-08-29_CXKGP",4.3561596096881,NA,NA,NA,NA,NA,NA,NA,NA,NA,NA,NA,NA,NA,NA,176.2,44.514644241,-80.026950799,-0.512821,9.26,237,23,13.7736
435,1.6375,88,165,"2026-08-29_CXKGP",4.42086648983201,NA,NA,NA,NA,NA,NA,NA,NA,NA,NA,NA,NA,NA,NA,176.4,44.514668884,-80.02692448,0.02772,9.22,238,23,13.572
436,1.6413,89,165,"2026-08-29_CXKGP",4.44325957522438,NA,NA,NA,NA,NA,NA,NA,NA,NA,NA,NA,NA,NA,NA,176.4,44.514698807,-80.026896233,0.540541,9,237,23,13.5036
437,1.645,89,165,"2026-08-29_CXKGP",4.44325957522438,NA,NA,NA,NA,NA,NA,NA,NA,NA,NA,NA,NA,NA,NA,176.4,44.514724121,-80.026867399,0.540541,8.96,238,23,13.5036
438,1.6488,88,165,"2026-08-29_CXKGP",4.44325957522438,NA,NA,NA,NA,NA,NA,NA,NA,NA,NA,NA,NA,NA,NA,176.4,44.514749853,-80.026837392,0.540541,8.96,238,23,13.5036
439,1.6525,89,165,"2026-08-29_CXKGP",4.43262411347518,NA,NA,NA,NA,NA,NA,NA,NA,NA,NA,NA,NA,NA,NA,176.4,44.51477525,-80.026807133,0.540541,9.14,240,23,13.536
440,1.6563,88,165,"2026-08-29_CXKGP",4.38827453045463,NA,NA,NA,NA,NA,NA,NA,NA,NA,NA,NA,NA,NA,NA,176.4,44.514805844,-80.026784083,0.540541,9,237,23,13.6728
441,1.6602,89,165,"2026-08-29_CXKGP",4.34593654932638,NA,NA,NA,NA,NA,NA,NA,NA,NA,NA,NA,NA,NA,NA,176.4,44.514835181,-80.026751393,0.540541,9.18,239,23,13.806
442,1.664,89,165,"2026-08-29_CXKGP",4.31443610320131,NA,NA,NA,NA,NA,NA,NA,NA,NA,NA,NA,NA,NA,NA,176.4,44.514863679,-80.026720297,0.540541,9.08,235,23,13.9068
443,1.6679,89,165,"2026-08-29_CXKGP",4.30440771349862,NA,NA,NA,NA,NA,NA,NA,NA,NA,NA,NA,NA,NA,NA,176.4,44.51488916,-80.026682829,0.540541,9.08,235,23,13.9392
444,1.6718,89,165,"2026-08-29_CXKGP",4.29331959471063,NA,NA,NA,NA,NA,NA,NA,NA,NA,NA,NA,NA,NA,NA,176.4,44.514911959,-80.026658354,0.540541,9.12,234,23,13.9752
445,1.6757,89,164,"2026-08-29_CXKGP",4.29331959471063,NA,NA,NA,NA,NA,NA,NA,NA,NA,NA,NA,NA,NA,NA,176.2,44.514941212,-80.026625665,-0.512821,9.12,234,23,13.9752
446,1.6795,89,164,"2026-08-29_CXKGP",4.31443610320131,NA,NA,NA,NA,NA,NA,NA,NA,NA,NA,NA,NA,NA,NA,176.2,44.51496795,-80.026608985,-0.512821,9.08,235,23,13.9068
447,1.6833,89,163,"2026-08-29_CXKGP",4.3561596096881,NA,NA,NA,NA,NA,NA,NA,NA,NA,NA,NA,NA,NA,NA,176.4,44.514997874,-80.026567914,0.0134953,9.08,235,23,13.7736
448,1.6872,89,164,"2026-08-29_CXKGP",4.37790035898783,NA,NA,NA,NA,NA,NA,NA,NA,NA,NA,NA,NA,NA,NA,176.4,44.515022265,-80.026550479,0.0134953,9.04,236,23,13.7052
449,1.691,89,164,"2026-08-29_CXKGP",4.3675751222921,NA,NA,NA,NA,NA,NA,NA,NA,NA,NA,NA,NA,NA,NA,176.4,44.515056044,-80.026513683,0.0134953,9.04,236,23,13.7376
450,1.6948,89,164,"2026-08-29_CXKGP",4.3675751222921,NA,NA,NA,NA,NA,NA,NA,NA,NA,NA,NA,NA,NA,NA,176.4,44.515082363,-80.026491135,0.0134953,9.04,236,23,13.7376
451,1.6986,89,163,"2026-08-29_CXKGP",4.32451133021969,NA,NA,NA,NA,NA,NA,NA,NA,NA,NA,NA,NA,NA,NA,176.4,44.515112538,-80.026454926,0.0134953,9.08,235,23,13.8744
452,1.7025,89,163,"2026-08-29_CXKGP",4.28338901739056,NA,NA,NA,NA,NA,NA,NA,NA,NA,NA,NA,NA,NA,NA,176.4,44.515137013,-80.026429528,0.0134953,9.12,234,23,14.0076
453,1.7064,89,163,"2026-08-29_CXKGP",4.28338901739056,NA,NA,NA,NA,NA,NA,NA,NA,NA,NA,NA,NA,NA,NA,176.4,44.515169032,-80.026389463,0.0134953,9.12,234,23,14.0076
454,1.7103,89,163,"2026-08-29_CXKGP",4.28338901739056,NA,NA,NA,NA,NA,NA,NA,NA,NA,NA,NA,NA,NA,NA,176.4,44.515192501,-80.026362808,0.0134953,9.12,234,23,14.0076
455,1.7142,89,162,"2026-08-29_CXKGP",4.32451133021969,NA,NA,NA,NA,NA,NA,NA,NA,NA,NA,NA,NA,NA,NA,176.6,44.515224856,-80.02632509,1.03914,9.08,235,23,13.8744
456,1.718,88,162,"2026-08-29_CXKGP",4.30440771349862,NA,NA,NA,NA,NA,NA,NA,NA,NA,NA,NA,NA,NA,NA,176.6,44.515254025,-80.026295083,1.03914,9.26,237,23,13.9392
457,1.7219,88,163,"2026-08-29_CXKGP",4.33576135969476,NA,NA,NA,NA,NA,NA,NA,NA,NA,NA,NA,NA,NA,NA,176.6,44.515283277,-80.02626189,0.512821,9.26,237,23,13.8384
458,1.7257,88,162,"2026-08-29_CXKGP",4.34593654932638,NA,NA,NA,NA,NA,NA,NA,NA,NA,NA,NA,NA,NA,NA,176.6,44.515311441,-80.026235823,0.512821,9.26,237,23,13.806
459,1.7295,88,162,"2026-08-29_CXKGP",4.3675751222921,NA,NA,NA,NA,NA,NA,NA,NA,NA,NA,NA,NA,NA,NA,176.6,44.51534061,-80.026210593,0.512821,9.22,238,23,13.7376
460,1.7334,88,162,"2026-08-29_CXKGP",4.3675751222921,NA,NA,NA,NA,NA,NA,NA,NA,NA,NA,NA,NA,NA,NA,176.4,44.515367432,-80.026184358,0,9.22,238,23,13.7376
461,1.7372,89,162,"2026-08-29_CXKGP",4.37790035898783,NA,NA,NA,NA,NA,NA,NA,NA,NA,NA,NA,NA,NA,NA,176.6,44.515396098,-80.026159799,0.526316,9.04,236,23,13.7052
462,1.741,88,162,"2026-08-29_CXKGP",4.3561596096881,NA,NA,NA,NA,NA,NA,NA,NA,NA,NA,NA,NA,NA,NA,176.6,44.515427446,-80.026127612,0.526316,9.22,238,23,13.7736
463,1.7448,88,162,"2026-08-29_CXKGP",4.3561596096881,NA,NA,NA,NA,NA,NA,NA,NA,NA,NA,NA,NA,NA,NA,176.6,44.515455358,-80.026105903,0.526316,9.22,238,23,13.7736
464,1.7487,88,162,"2026-08-29_CXKGP",4.31443610320131,NA,NA,NA,NA,NA,NA,NA,NA,NA,NA,NA,NA,NA,NA,176.8,44.515485533,-80.026069693,1.03914,9.26,237,23,13.9068
465,1.7526,88,162,"2026-08-29_CXKGP",4.29331959471063,NA,NA,NA,NA,NA,NA,NA,NA,NA,NA,NA,NA,NA,NA,176.8,44.515510762,-80.026053013,0.526316,9.26,237,23,13.9752
466,1.7564,88,162,"2026-08-29_CXKGP",4.31443610320131,NA,NA,NA,NA,NA,NA,NA,NA,NA,NA,NA,NA,NA,NA,176.8,44.515539596,-80.026018815,0.526316,9.3,236,23,13.9068
467,1.7602,88,162,"2026-08-29_CXKGP",4.3675751222921,NA,NA,NA,NA,NA,NA,NA,NA,NA,NA,NA,NA,NA,NA,176.8,44.515559713,-80.026001045,0.526316,9.26,237,23,13.7376
468,1.764,88,163,"2026-08-29_CXKGP",4.39985920450546,NA,NA,NA,NA,NA,NA,NA,NA,NA,NA,NA,NA,NA,NA,176.8,44.515594581,-80.025967015,0.526316,9.22,238,23,13.6368
469,1.7678,88,163,"2026-08-29_CXKGP",4.42086648983201,NA,NA,NA,NA,NA,NA,NA,NA,NA,NA,NA,NA,NA,NA,176.8,44.515618805,-80.025950167,0.526316,9.18,239,23,13.572
470,1.7715,88,163,"2026-08-29_CXKGP",4.476676515355,NA,NA,NA,NA,NA,NA,NA,NA,NA,NA,NA,NA,NA,NA,176.8,44.515653255,-80.025921753,1.03914,9.18,239,23,13.4028
471,1.7752,88,163,"2026-08-29_CXKGP",4.48752468138575,NA,NA,NA,NA,NA,NA,NA,NA,NA,NA,NA,NA,NA,NA,177,44.515675802,-80.025905157,1.05336,9.1,241,23,13.3704
472,1.779,88,163,"2026-08-29_CXKGP",4.476676515355,NA,NA,NA,NA,NA,NA,NA,NA,NA,NA,NA,NA,NA,NA,177,44.515702959,-80.025873138,1.05336,9.1,241,23,13.4028
473,1.7826,89,163,"2026-08-29_CXKGP",4.510599909788,NA,NA,NA,NA,NA,NA,NA,NA,NA,NA,NA,NA,NA,NA,177.2,44.515728273,-80.025852853,1.60892,9.1,241,23,13.302
474,1.7864,89,162,"2026-08-29_CXKGP",4.48752468138575,NA,NA,NA,NA,NA,NA,NA,NA,NA,NA,NA,NA,NA,NA,177.2,44.515758196,-80.025817063,1.0961,8.92,239,23,13.3704
475,1.7901,89,162,"2026-08-29_CXKGP",4.48752468138575,NA,NA,NA,NA,NA,NA,NA,NA,NA,NA,NA,NA,NA,NA,177,44.515783007,-80.025795773,0.555556,8.92,239,23,13.3704
476,1.7939,90,163,"2026-08-29_CXKGP",4.41033783187792,NA,NA,NA,NA,NA,NA,NA,NA,NA,NA,NA,NA,NA,NA,177,44.515815864,-80.025766604,0.555556,8.79,236,23,13.6044
477,1.7977,90,163,"2026-08-29_CXKGP",4.37790035898783,NA,NA,NA,NA,NA,NA,NA,NA,NA,NA,NA,NA,NA,NA,177,44.515844446,-80.025744056,0.555556,8.83,235,23,13.7052
478,1.8015,90,164,"2026-08-29_CXKGP",4.31443610320131,NA,NA,NA,NA,NA,NA,NA,NA,NA,NA,NA,NA,NA,NA,177,44.515878225,-80.025720336,0.555556,8.86,234,23,13.9068
479,1.8054,90,163,"2026-08-29_CXKGP",4.31443610320131,NA,NA,NA,NA,NA,NA,NA,NA,NA,NA,NA,NA,NA,NA,176.8,44.515905801,-80.025700806,0.042735,8.9,233,23,13.9068
480,1.8092,90,162,"2026-08-29_CXKGP",4.32451133021969,NA,NA,NA,NA,NA,NA,NA,NA,NA,NA,NA,NA,NA,NA,176.8,44.515934551,-80.025674151,0.042735,8.9,233,23,13.8744
481,1.8131,89,161,"2026-08-29_CXKGP",4.31443610320131,NA,NA,NA,NA,NA,NA,NA,NA,NA,NA,NA,NA,NA,NA,176.8,44.515962882,-80.025651269,-0.497805,9.08,235,23,13.9068
482,1.817,89,160,"2026-08-29_CXKGP",4.32451133021969,NA,NA,NA,NA,NA,NA,NA,NA,NA,NA,NA,NA,NA,NA,176.8,44.515993644,-80.025625872,-0.497805,9.08,235,23,13.8744
483,1.8208,89,160,"2026-08-29_CXKGP",4.31443610320131,NA,NA,NA,NA,NA,NA,NA,NA,NA,NA,NA,NA,NA,NA,177,44.516018622,-80.025601145,-0.527045,9.08,235,23,13.9068
484,1.8247,90,161,"2026-08-29_CXKGP",4.32451133021969,NA,NA,NA,NA,NA,NA,NA,NA,NA,NA,NA,NA,NA,NA,177,44.516045444,-80.025570719,-0.527045,8.9,233,23,13.8744
485,1.8285,90,161,"2026-08-29_CXKGP",4.32451133021969,NA,NA,NA,NA,NA,NA,NA,NA,NA,NA,NA,NA,NA,NA,177,44.516071595,-80.025549764,0.0134953,8.9,233,23,13.8744
486,1.8324,90,161,"2026-08-29_CXKGP",4.3561596096881,NA,NA,NA,NA,NA,NA,NA,NA,NA,NA,NA,NA,NA,NA,177,44.516102692,-80.025524199,0.0134953,8.9,233,23,13.7736
487,1.8362,90,161,"2026-08-29_CXKGP",4.3561596096881,NA,NA,NA,NA,NA,NA,NA,NA,NA,NA,NA,NA,NA,NA,177.2,44.516129598,-80.025501987,0.539811,8.87,234,23,13.7736
488,1.84,90,161,"2026-08-29_CXKGP",4.3561596096881,NA,NA,NA,NA,NA,NA,NA,NA,NA,NA,NA,NA,NA,NA,177.2,44.516161282,-80.025476338,0.539811,8.86,234,23,13.7736
489,1.8438,89,162,"2026-08-29_CXKGP",4.34593654932638,NA,NA,NA,NA,NA,NA,NA,NA,NA,NA,NA,NA,NA,NA,177.2,44.51618911,-80.025445661,1.05263,8.87,234,23,13.806
490,1.8477,89,162,"2026-08-29_CXKGP",4.3675751222921,NA,NA,NA,NA,NA,NA,NA,NA,NA,NA,NA,NA,NA,NA,177.2,44.516218195,-80.025418252,1.05263,9.08,235,23,13.7376
491,1.8515,89,163,"2026-08-29_CXKGP",4.3675751222921,NA,NA,NA,NA,NA,NA,NA,NA,NA,NA,NA,NA,NA,NA,177.2,44.516246861,-80.025381874,1.05263,9.04,236,23,13.7376
492,1.8553,89,163,"2026-08-29_CXKGP",4.33576135969476,NA,NA,NA,NA,NA,NA,NA,NA,NA,NA,NA,NA,NA,NA,177.2,44.516275611,-80.025353879,1.05263,9.04,236,23,13.8384
493,1.8591,89,163,"2026-08-29_CXKGP",4.38827453045463,NA,NA,NA,NA,NA,NA,NA,NA,NA,NA,NA,NA,NA,NA,177.2,44.516300086,-80.025318256,0.526316,9.08,235,23,13.6728
494,1.8629,89,164,"2026-08-29_CXKGP",4.39985920450546,NA,NA,NA,NA,NA,NA,NA,NA,NA,NA,NA,NA,NA,NA,177.2,44.516324142,-80.025300235,0.526316,9.04,236,23,13.6368
495,1.8667,89,164,"2026-08-29_CXKGP",4.3675751222921,NA,NA,NA,NA,NA,NA,NA,NA,NA,NA,NA,NA,NA,NA,177.2,44.5163513,-80.025256397,0.526316,9.04,236,23,13.7376
496,1.8706,88,162,"2026-08-29_CXKGP",4.34593654932638,NA,NA,NA,NA,NA,NA,NA,NA,NA,NA,NA,NA,NA,NA,177.2,44.516376278,-80.025232844,0.526316,9.04,236,23,13.806
497,1.8744,89,162,"2026-08-29_CXKGP",4.3561596096881,NA,NA,NA,NA,NA,NA,NA,NA,NA,NA,NA,NA,NA,NA,177,44.516405698,-80.025194287,-0.526316,9.22,238,23,13.7736
498,1.8782,89,162,"2026-08-29_CXKGP",4.33576135969476,NA,NA,NA,NA,NA,NA,NA,NA,NA,NA,NA,NA,NA,NA,177,44.516429167,-80.025170734,-0.526316,9.04,236,23,13.8384
499,1.8821,89,163,"2026-08-29_CXKGP",4.31443610320131,NA,NA,NA,NA,NA,NA,NA,NA,NA,NA,NA,NA,NA,NA,177,44.516461186,-80.02512916,-0.526316,9.08,235,23,13.9068
500,1.886,89,162,"2026-08-29_CXKGP",4.29331959471063,NA,NA,NA,NA,NA,NA,NA,NA,NA,NA,NA,NA,NA,NA,177,44.5164865,-80.025098315,-0.526316,9.08,235,23,13.9752
501,1.8899,89,162,"2026-08-29_CXKGP",4.28338901739056,NA,NA,NA,NA,NA,NA,NA,NA,NA,NA,NA,NA,NA,NA,176.8,44.516515166,-80.025059674,-1.03914,9.12,234,23,14.0076
502,1.8937,88,162,"2026-08-29_CXKGP",4.28338901739056,NA,NA,NA,NA,NA,NA,NA,NA,NA,NA,NA,NA,NA,NA,176.8,44.51654467,-80.025031092,-1.03914,9.3,236,23,14.0076
503,1.8977,88,163,"2026-08-29_CXKGP",4.26257459505541,NA,NA,NA,NA,NA,NA,NA,NA,NA,NA,NA,NA,NA,NA,176.6,44.516569983,-80.024991781,-1.53914,9.3,236,23,14.076
504,1.9016,88,163,"2026-08-29_CXKGP",4.26257459505541,NA,NA,NA,NA,NA,NA,NA,NA,NA,NA,NA,NA,NA,NA,176.6,44.516595548,-80.024960935,-1.53914,9.3,236,23,14.076
505,1.9055,88,164,"2026-08-29_CXKGP",4.29331959471063,NA,NA,NA,NA,NA,NA,NA,NA,NA,NA,NA,NA,NA,NA,176.6,44.516622538,-80.024925563,-1.53914,9.3,236,23,13.9752
506,1.9093,88,164,"2026-08-29_CXKGP",4.30440771349862,NA,NA,NA,NA,NA,NA,NA,NA,NA,NA,NA,NA,NA,NA,176.6,44.516646762,-80.024896478,-1.53914,9.3,236,23,13.9392
507,1.9132,88,164,"2026-08-29_CXKGP",4.33576135969476,NA,NA,NA,NA,NA,NA,NA,NA,NA,NA,NA,NA,NA,NA,176.6,44.516674757,-80.024863537,-1.01282,9.26,237,23,13.8384
508,1.917,90,163,"2026-08-29_CXKGP",4.34593654932638,NA,NA,NA,NA,NA,NA,NA,NA,NA,NA,NA,NA,NA,NA,176.6,44.516701831,-80.024829675,-1.01282,8.9,233,23,13.806
509,1.9209,89,162,"2026-08-29_CXKGP",4.32451133021969,NA,NA,NA,NA,NA,NA,NA,NA,NA,NA,NA,NA,NA,NA,176.6,44.516731335,-80.024797823,-1.01282,9.08,235,23,13.8744
510,1.9247,89,162,"2026-08-29_CXKGP",4.29331959471063,NA,NA,NA,NA,NA,NA,NA,NA,NA,NA,NA,NA,NA,NA,176.6,44.516757654,-80.024760691,-1.01282,9.08,235,23,13.9752
511,1.9286,89,162,"2026-08-29_CXKGP",4.26257459505541,NA,NA,NA,NA,NA,NA,NA,NA,NA,NA,NA,NA,NA,NA,176.6,44.516785901,-80.024731271,-0.5,9.12,234,23,14.076
512,1.9326,89,163,"2026-08-29_CXKGP",4.20238695579089,NA,NA,NA,NA,NA,NA,NA,NA,NA,NA,NA,NA,NA,NA,176.6,44.516813562,-80.024698498,-0.5,9.15,233,23,14.2776
513,1.9366,89,163,"2026-08-29_CXKGP",4.20238695579089,NA,NA,NA,NA,NA,NA,NA,NA,NA,NA,NA,NA,NA,NA,176.6,44.516841138,-80.02466958,0,9.19,232,23,14.2776
514,1.9405,90,163,"2026-08-29_CXKGP",4.20238695579089,NA,NA,NA,NA,NA,NA,NA,NA,NA,NA,NA,NA,NA,NA,176.6,44.516871313,-80.024634963,0,9.02,230,23,14.2776
515,1.9445,89,163,"2026-08-29_CXKGP",4.20238695579089,NA,NA,NA,NA,NA,NA,NA,NA,NA,NA,NA,NA,NA,NA,176.8,44.5168978,-80.024611158,0.5,9.02,230,23,14.2776
516,1.9485,89,164,"2026-08-29_CXKGP",4.20238695579089,NA,NA,NA,NA,NA,NA,NA,NA,NA,NA,NA,NA,NA,NA,176.6,44.516926633,-80.024573859,0,9.19,232,23,14.2776
517,1.9524,89,164,"2026-08-29_CXKGP",4.2322668020992,NA,NA,NA,NA,NA,NA,NA,NA,NA,NA,NA,NA,NA,NA,176.6,44.516950941,-80.024554413,0,9.16,233,23,14.1768
518,1.9563,89,165,"2026-08-29_CXKGP",4.25278557455133,NA,NA,NA,NA,NA,NA,NA,NA,NA,NA,NA,NA,NA,NA,176.6,44.516979691,-80.024515353,0,9.16,233,23,14.1084
519,1.9602,88,164,"2026-08-29_CXKGP",4.29331959471063,NA,NA,NA,NA,NA,NA,NA,NA,NA,NA,NA,NA,NA,NA,176.6,44.517000981,-80.024495823,0,9.16,233,23,13.9752
520,1.9641,88,164,"2026-08-29_CXKGP",4.31443610320131,NA,NA,NA,NA,NA,NA,NA,NA,NA,NA,NA,NA,NA,NA,176.6,44.517027132,-80.024460452,0,9.3,236,23,13.9068
521,1.9679,88,164,"2026-08-29_CXKGP",4.31443610320131,NA,NA,NA,NA,NA,NA,NA,NA,NA,NA,NA,NA,NA,NA,176.6,44.517047081,-80.024434887,0,9.26,237,23,13.9068
522,1.9718,88,164,"2026-08-29_CXKGP",4.3561596096881,NA,NA,NA,NA,NA,NA,NA,NA,NA,NA,NA,NA,NA,NA,176.6,44.517074909,-80.024398258,0,9.26,237,23,13.7736
523,1.9755,88,163,"2026-08-29_CXKGP",4.41033783187792,NA,NA,NA,NA,NA,NA,NA,NA,NA,NA,NA,NA,NA,NA,176.6,44.517098295,-80.024367245,0,9.18,239,23,13.6044
524,1.9793,88,162,"2026-08-29_CXKGP",4.38827453045463,NA,NA,NA,NA,NA,NA,NA,NA,NA,NA,NA,NA,NA,NA,176.6,44.517123021,-80.024323994,0,9.18,239,23,13.6728
525,1.9832,88,161,"2026-08-29_CXKGP",4.3675751222921,NA,NA,NA,NA,NA,NA,NA,NA,NA,NA,NA,NA,NA,NA,176.6,44.517142803,-80.024294909,-0.5,9.18,239,23,13.7376
526,1.987,88,163,"2026-08-29_CXKGP",4.3561596096881,NA,NA,NA,NA,NA,NA,NA,NA,NA,NA,NA,NA,NA,NA,176.6,44.517166691,-80.024263309,0,9.22,238,23,13.7736
527,1.9908,88,164,"2026-08-29_CXKGP",4.3561596096881,NA,NA,NA,NA,NA,NA,NA,NA,NA,NA,NA,NA,NA,NA,176.6,44.517190328,-80.024231207,0,9.22,238,23,13.7736
528,1.9946,89,164,"2026-08-29_CXKGP",4.37790035898783,NA,NA,NA,NA,NA,NA,NA,NA,NA,NA,NA,NA,NA,NA,176.6,44.517214971,-80.024202289,0,9.04,236,23,13.7052
529,1.9984,89,164,"2026-08-29_CXKGP",4.3675751222921,NA,NA,NA,NA,NA,NA,NA,NA,NA,NA,NA,NA,NA,NA,176.6,44.51724305,-80.02416566,0,9.04,236,23,13.7376
530,2.0022,89,163,"2026-08-29_CXKGP",4.3675751222921,NA,NA,NA,NA,NA,NA,NA,NA,NA,NA,NA,NA,NA,NA,176.6,44.517269453,-80.0241323,0,9.04,236,23,13.7376
531,2.006,89,163,"2026-08-29_CXKGP",4.39985920450546,NA,NA,NA,NA,NA,NA,NA,NA,NA,NA,NA,NA,NA,NA,176.8,44.517295102,-80.024096929,0.526316,9,237,23,13.6368
532,2.0098,89,163,"2026-08-29_CXKGP",4.39985920450546,NA,NA,NA,NA,NA,NA,NA,NA,NA,NA,NA,NA,NA,NA,176.8,44.517318571,-80.024073711,0.526316,9,237,23,13.6368
533,2.0136,89,164,"2026-08-29_CXKGP",4.39985920450546,NA,NA,NA,NA,NA,NA,NA,NA,NA,NA,NA,NA,NA,NA,177,44.517345729,-80.024036663,1.05263,9,237,23,13.6368
534,2.0174,89,164,"2026-08-29_CXKGP",4.44325957522438,NA,NA,NA,NA,NA,NA,NA,NA,NA,NA,NA,NA,NA,NA,177,44.517369366,-80.024014199,1.05263,8.96,238,23,13.5036
535,2.0211,89,164,"2026-08-29_CXKGP",4.43262411347518,NA,NA,NA,NA,NA,NA,NA,NA,NA,NA,NA,NA,NA,NA,177.2,44.517392751,-80.023980755,1.59317,8.96,238,23,13.536
536,2.0249,89,163,"2026-08-29_CXKGP",4.43262411347518,NA,NA,NA,NA,NA,NA,NA,NA,NA,NA,NA,NA,NA,NA,177,44.517413622,-80.023958376,1.06686,9,237,23,13.536
537,2.0287,89,163,"2026-08-29_CXKGP",4.42086648983201,NA,NA,NA,NA,NA,NA,NA,NA,NA,NA,NA,NA,NA,NA,177,44.517441953,-80.023919567,1.06686,9,237,23,13.572
538,2.0324,89,163,"2026-08-29_CXKGP",4.43262411347518,NA,NA,NA,NA,NA,NA,NA,NA,NA,NA,NA,NA,NA,NA,177,44.517464165,-80.023896517,1.06686,9,237,23,13.536
539,2.0362,88,163,"2026-08-29_CXKGP",4.45394619632995,NA,NA,NA,NA,NA,NA,NA,NA,NA,NA,NA,NA,NA,NA,177,44.517493334,-80.023862151,1.06686,9,237,23,13.4712
540,2.0399,88,164,"2026-08-29_CXKGP",4.48752468138575,NA,NA,NA,NA,NA,NA,NA,NA,NA,NA,NA,NA,NA,NA,177,44.51751387,-80.023836922,1.06686,9.14,240,23,13.3704
541,2.0436,88,163,"2026-08-29_CXKGP",4.510599909788,NA,NA,NA,NA,NA,NA,NA,NA,NA,NA,NA,NA,NA,NA,177,44.51754614,-80.023802137,0.540541,9.1,241,23,13.302
542,2.0473,88,163,"2026-08-29_CXKGP",4.510599909788,NA,NA,NA,NA,NA,NA,NA,NA,NA,NA,NA,NA,NA,NA,177,44.517569106,-80.023775985,0.540541,9.1,241,23,13.302
543,2.051,88,163,"2026-08-29_CXKGP",4.4996400287977,NA,NA,NA,NA,NA,NA,NA,NA,NA,NA,NA,NA,NA,NA,177,44.517601041,-80.023735082,0.0142248,9.1,241,23,13.3344
544,2.0547,90,163,"2026-08-29_CXKGP",4.43262411347518,NA,NA,NA,NA,NA,NA,NA,NA,NA,NA,NA,NA,NA,NA,177,44.517625517,-80.02370826,0.0142248,8.82,235,23,13.536
545,2.0585,90,163,"2026-08-29_CXKGP",4.37790035898783,NA,NA,NA,NA,NA,NA,NA,NA,NA,NA,NA,NA,NA,NA,177.2,44.517650327,-80.023669116,0,8.82,235,23,13.7052
546,2.0624,90,163,"2026-08-29_CXKGP",4.34593654932638,NA,NA,NA,NA,NA,NA,NA,NA,NA,NA,NA,NA,NA,NA,177.2,44.517674886,-80.023638438,0.526316,8.86,234,23,13.806
547,2.0662,89,163,"2026-08-29_CXKGP",4.31443610320131,NA,NA,NA,NA,NA,NA,NA,NA,NA,NA,NA,NA,NA,NA,177.4,44.517701037,-80.023602564,1.05263,8.9,233,23,13.9068
548,2.0701,89,162,"2026-08-29_CXKGP",4.31443610320131,NA,NA,NA,NA,NA,NA,NA,NA,NA,NA,NA,NA,NA,NA,177.4,44.517726267,-80.02357549,1.05263,9.08,235,23,13.9068
549,2.0739,89,162,"2026-08-29_CXKGP",4.34593654932638,NA,NA,NA,NA,NA,NA,NA,NA,NA,NA,NA,NA,NA,NA,177.6,44.517755017,-80.023543388,1.57895,9.08,235,23,13.806
550,2.0777,89,162,"2026-08-29_CXKGP",4.3675751222921,NA,NA,NA,NA,NA,NA,NA,NA,NA,NA,NA,NA,NA,NA,177.6,44.517781923,-80.023515224,1.57895,9.08,235,23,13.7376
551,2.0816,89,163,"2026-08-29_CXKGP",4.3561596096881,NA,NA,NA,NA,NA,NA,NA,NA,NA,NA,NA,NA,NA,NA,177.6,44.517811679,-80.023483457,1.57895,9.04,236,23,13.7736
552,2.0854,88,162,"2026-08-29_CXKGP",4.37790035898783,NA,NA,NA,NA,NA,NA,NA,NA,NA,NA,NA,NA,NA,NA,177.6,44.517841602,-80.023452695,1.57895,9.22,238,23,13.7052
553,2.0892,88,162,"2026-08-29_CXKGP",4.33576135969476,NA,NA,NA,NA,NA,NA,NA,NA,NA,NA,NA,NA,NA,NA,177.8,44.517873705,-80.023427131,2.10526,9.22,238,23,13.8384
554,2.0931,88,162,"2026-08-29_CXKGP",4.28338901739056,NA,NA,NA,NA,NA,NA,NA,NA,NA,NA,NA,NA,NA,NA,177.8,44.517906729,-80.023394357,2.10526,9.26,237,23,14.0076
555,2.097,89,163,"2026-08-29_CXKGP",4.27350427350427,NA,NA,NA,NA,NA,NA,NA,NA,NA,NA,NA,NA,NA,NA,178,44.51793791,-80.023368206,2.09177,9.12,234,23,14.04
556,2.1009,89,164,"2026-08-29_CXKGP",4.25278557455133,NA,NA,NA,NA,NA,NA,NA,NA,NA,NA,NA,NA,NA,NA,178,44.517968839,-80.023333505,2.09177,9.12,234,23,14.1084
557,2.1049,89,165,"2026-08-29_CXKGP",4.22261633307998,NA,NA,NA,NA,NA,NA,NA,NA,NA,NA,NA,NA,NA,NA,178.2,44.517997673,-80.023312131,2.06545,9.16,233,23,14.2092
558,2.1088,89,164,"2026-08-29_CXKGP",4.21300977418268,NA,NA,NA,NA,NA,NA,NA,NA,NA,NA,NA,NA,NA,NA,178.2,44.518028686,-80.023275334,2.06545,9.19,232,23,14.2416
559,2.1128,89,164,"2026-08-29_CXKGP",4.21300977418268,NA,NA,NA,NA,NA,NA,NA,NA,NA,NA,NA,NA,NA,NA,178.2,44.518060202,-80.023252452,1.53914,9.19,232,23,14.2416
560,2.1167,89,165,"2026-08-29_CXKGP",4.21300977418268,NA,NA,NA,NA,NA,NA,NA,NA,NA,NA,NA,NA,NA,NA,178.2,44.518091969,-80.023218924,1.53914,9.19,232,23,14.2416
561,2.1207,89,165,"2026-08-29_CXKGP",4.20238695579089,NA,NA,NA,NA,NA,NA,NA,NA,NA,NA,NA,NA,NA,NA,178.4,44.518119211,-80.023200316,2.03914,9.2,232,23,14.2776
562,2.1246,89,164,"2026-08-29_CXKGP",4.24304141208418,NA,NA,NA,NA,NA,NA,NA,NA,NA,NA,NA,NA,NA,NA,178.2,44.51814905,-80.023165364,1.52632,9.19,232,23,14.1408
563,2.1286,89,163,"2026-08-29_CXKGP",4.24304141208418,NA,NA,NA,NA,NA,NA,NA,NA,NA,NA,NA,NA,NA,NA,178.2,44.518176794,-80.02314508,1,9.16,233,23,14.1408
564,2.1325,89,163,"2026-08-29_CXKGP",4.25278557455133,NA,NA,NA,NA,NA,NA,NA,NA,NA,NA,NA,NA,NA,NA,178.2,44.518209316,-80.023106355,1,9.16,233,23,14.1084
565,2.1364,89,164,"2026-08-29_CXKGP",4.24304141208418,NA,NA,NA,NA,NA,NA,NA,NA,NA,NA,NA,NA,NA,NA,178.4,44.518235384,-80.023085652,1,9.19,232,23,14.1408
566,2.1403,89,166,"2026-08-29_CXKGP",4.24304141208418,NA,NA,NA,NA,NA,NA,NA,NA,NA,NA,NA,NA,NA,NA,178.4,44.518267654,-80.023046508,1,9.16,233,23,14.1408
567,2.1443,89,165,"2026-08-29_CXKGP",4.24304141208418,NA,NA,NA,NA,NA,NA,NA,NA,NA,NA,NA,NA,NA,NA,178.4,44.518292297,-80.023023374,0.5,9.16,233,23,14.1408
568,2.1482,89,166,"2026-08-29_CXKGP",4.25278557455133,NA,NA,NA,NA,NA,NA,NA,NA,NA,NA,NA,NA,NA,NA,178.4,44.518323142,-80.022993535,0.5,9.19,232,23,14.1084
569,2.1521,89,166,"2026-08-29_CXKGP",4.28338901739056,NA,NA,NA,NA,NA,NA,NA,NA,NA,NA,NA,NA,NA,NA,178.4,44.518349713,-80.022970065,0.5,9.12,234,23,14.0076
570,2.156,88,165,"2026-08-29_CXKGP",4.28338901739056,NA,NA,NA,NA,NA,NA,NA,NA,NA,NA,NA,NA,NA,NA,178.4,44.518386593,-80.022943495,0.5,9.3,236,23,14.0076
571,2.1599,88,165,"2026-08-29_CXKGP",4.28338901739056,NA,NA,NA,NA,NA,NA,NA,NA,NA,NA,NA,NA,NA,NA,178.4,44.518419031,-80.022913823,0,9.3,236,23,14.0076
572,2.1637,88,165,"2026-08-29_CXKGP",4.28338901739056,NA,NA,NA,NA,NA,NA,NA,NA,NA,NA,NA,NA,NA,NA,178.4,44.518452391,-80.022888258,0.512821,9.3,236,23,14.0076
573,2.1677,88,164,"2026-08-29_CXKGP",4.19287211740042,NA,NA,NA,NA,NA,NA,NA,NA,NA,NA,NA,NA,NA,NA,178.4,44.518483572,-80.022859592,0.512821,9.34,235,23,14.31
574,2.1717,88,164,"2026-08-29_CXKGP",4.19287211740042,NA,NA,NA,NA,NA,NA,NA,NA,NA,NA,NA,NA,NA,NA,178.4,44.518514585,-80.022833524,0.512821,9.38,234,23,14.31
575,2.1757,88,164,"2026-08-29_CXKGP",4.18340026773762,NA,NA,NA,NA,NA,NA,NA,NA,NA,NA,NA,NA,NA,NA,178.4,44.518544341,-80.022803349,0,9.38,234,23,14.3424
576,2.1797,88,164,"2026-08-29_CXKGP",4.16354400866017,NA,NA,NA,NA,NA,NA,NA,NA,NA,NA,NA,NA,NA,NA,178.2,44.518570157,-80.022784742,-0.5,9.38,234,23,14.4108
577,2.1837,88,163,"2026-08-29_CXKGP",4.16354400866017,NA,NA,NA,NA,NA,NA,NA,NA,NA,NA,NA,NA,NA,NA,178.2,44.518602176,-80.022755321,-0.5,9.42,233,23,14.4108
578,2.1877,88,163,"2026-08-29_CXKGP",4.17292605575029,NA,NA,NA,NA,NA,NA,NA,NA,NA,NA,NA,NA,NA,NA,178.2,44.518628244,-80.022738893,-0.5,9.42,233,23,14.3784
579,2.1917,88,163,"2026-08-29_CXKGP",4.11522633744856,NA,NA,NA,NA,NA,NA,NA,NA,NA,NA,NA,NA,NA,NA,178,44.518657999,-80.022703186,-1,9.42,233,23,14.58
580,2.1958,88,163,"2026-08-29_CXKGP",4.11522633744856,NA,NA,NA,NA,NA,NA,NA,NA,NA,NA,NA,NA,NA,NA,178,44.518685911,-80.02268617,-1,9.46,232,23,14.58
581,2.1999,88,163,"2026-08-29_CXKGP",4.10610166707728,NA,NA,NA,NA,NA,NA,NA,NA,NA,NA,NA,NA,NA,NA,177.8,44.518716924,-80.022655241,-1.4878,9.46,232,23,14.6124
582,2.2039,88,163,"2026-08-29_CXKGP",4.08697073728952,NA,NA,NA,NA,NA,NA,NA,NA,NA,NA,NA,NA,NA,NA,177.8,44.518740058,-80.022635292,-1.4878,9.46,232,23,14.6808
583,2.208,88,164,"2026-08-29_CXKGP",4.07797080172906,NA,NA,NA,NA,NA,NA,NA,NA,NA,NA,NA,NA,NA,NA,177.8,44.51876621,-80.022600088,-1.4878,9.49,231,23,14.7132
584,2.2121,88,165,"2026-08-29_CXKGP",4.08697073728952,NA,NA,NA,NA,NA,NA,NA,NA,NA,NA,NA,NA,NA,NA,177.8,44.518795965,-80.022571003,-1.4878,9.5,231,23,14.6808
585,2.2162,88,165,"2026-08-29_CXKGP",4.07797080172906,NA,NA,NA,NA,NA,NA,NA,NA,NA,NA,NA,NA,NA,NA,177.8,44.518829828,-80.022540996,-1.4878,9.49,231,23,14.7132
586,2.2202,88,163,"2026-08-29_CXKGP",4.08697073728952,NA,NA,NA,NA,NA,NA,NA,NA,NA,NA,NA,NA,NA,NA,177.8,44.518867882,-80.022515766,-0.987805,9.5,231,23,14.6808
587,2.2243,88,163,"2026-08-29_CXKGP",4.16354400866017,NA,NA,NA,NA,NA,NA,NA,NA,NA,NA,NA,NA,NA,NA,177.8,44.518898392,-80.022524735,-0.987805,9.49,231,23,14.4108
588,2.2281,88,163,"2026-08-29_CXKGP",4.29331959471063,NA,NA,NA,NA,NA,NA,NA,NA,NA,NA,NA,NA,NA,NA,177.8,44.518938039,-80.022545103,-0.987805,9.42,233,23,13.9752
589,2.2319,87,164,"2026-08-29_CXKGP",4.3675751222921,NA,NA,NA,NA,NA,NA,NA,NA,NA,NA,NA,NA,NA,NA,177.8,44.518959664,-80.022576032,-0.487805,9.46,239,23,13.7376
590,2.2357,86,164,"2026-08-29_CXKGP",4.39985920450546,NA,NA,NA,NA,NA,NA,NA,NA,NA,NA,NA,NA,NA,NA,177.8,44.518992102,-80.022610733,-0.487805,9.57,243,23,13.6368
591,2.2395,86,164,"2026-08-29_CXKGP",4.43262411347518,NA,NA,NA,NA,NA,NA,NA,NA,NA,NA,NA,NA,NA,NA,178,44.519011548,-80.022643926,0.526316,9.57,243,23,13.536
592,2.2433,86,164,"2026-08-29_CXKGP",4.41033783187792,NA,NA,NA,NA,NA,NA,NA,NA,NA,NA,NA,NA,NA,NA,178,44.519040466,-80.022681225,0.526316,9.53,244,23,13.6044
593,2.2471,86,163,"2026-08-29_CXKGP",4.3561596096881,NA,NA,NA,NA,NA,NA,NA,NA,NA,NA,NA,NA,NA,NA,178.2,44.51905681,-80.022715507,1.05263,9.53,244,23,13.7736
594,2.2509,87,163,"2026-08-29_CXKGP",4.3561596096881,NA,NA,NA,NA,NA,NA,NA,NA,NA,NA,NA,NA,NA,NA,178.2,44.519077514,-80.022758925,1.05263,9.41,240,23,13.7736
595,2.2548,87,163,"2026-08-29_CXKGP",4.3561596096881,NA,NA,NA,NA,NA,NA,NA,NA,NA,NA,NA,NA,NA,NA,178.4,44.519093942,-80.022798907,1.56545,9.41,240,23,13.7736
596,2.2585,88,163,"2026-08-29_CXKGP",4.38827453045463,NA,NA,NA,NA,NA,NA,NA,NA,NA,NA,NA,NA,NA,NA,178.6,44.519110874,-80.022842828,2.10599,9.18,239,23,13.6728
597,2.2624,88,163,"2026-08-29_CXKGP",4.38827453045463,NA,NA,NA,NA,NA,NA,NA,NA,NA,NA,NA,NA,NA,NA,178.6,44.519131912,-80.022885073,2.10599,9.18,239,23,13.6728
598,2.2661,87,163,"2026-08-29_CXKGP",4.42086648983201,NA,NA,NA,NA,NA,NA,NA,NA,NA,NA,NA,NA,NA,NA,178.8,44.519146078,-80.022920948,2.64653,9.33,242,23,13.572
599,2.2699,87,163,"2026-08-29_CXKGP",4.42086648983201,NA,NA,NA,NA,NA,NA,NA,NA,NA,NA,NA,NA,NA,NA,179,44.519168709,-80.022959085,3.17285,9.33,242,23,13.572
600,2.2737,87,164,"2026-08-29_CXKGP",4.42086648983201,NA,NA,NA,NA,NA,NA,NA,NA,NA,NA,NA,NA,NA,NA,179,44.519184215,-80.02299102,3.17285,9.37,241,23,13.572
601,2.2774,88,164,"2026-08-29_CXKGP",4.44325957522438,NA,NA,NA,NA,NA,NA,NA,NA,NA,NA,NA,NA,NA,NA,179.2,44.519209529,-80.023026224,3.18707,9.33,242,23,13.5036
602,2.2812,88,164,"2026-08-29_CXKGP",4.44325957522438,NA,NA,NA,NA,NA,NA,NA,NA,NA,NA,NA,NA,NA,NA,179.2,44.519224951,-80.023058997,3.18707,9.14,240,23,13.5036
603,2.2849,88,164,"2026-08-29_CXKGP",4.45394619632995,NA,NA,NA,NA,NA,NA,NA,NA,NA,NA,NA,NA,NA,NA,179.2,44.519250181,-80.023103589,2.66076,9.14,240,23,13.4712
604,2.2886,88,164,"2026-08-29_CXKGP",4.45394619632995,NA,NA,NA,NA,NA,NA,NA,NA,NA,NA,NA,NA,NA,NA,179.4,44.519263005,-80.023137368,3.2013,9.14,240,23,13.4712
605,2.2924,88,164,"2026-08-29_CXKGP",4.43262411347518,NA,NA,NA,NA,NA,NA,NA,NA,NA,NA,NA,NA,NA,NA,179.6,44.519287899,-80.023179278,3.21479,9.14,240,23,13.536
606,2.2962,88,164,"2026-08-29_CXKGP",4.43262411347518,NA,NA,NA,NA,NA,NA,NA,NA,NA,NA,NA,NA,NA,NA,179.6,44.519301897,-80.023213727,2.67425,9.14,240,23,13.536
607,2.2999,88,163,"2026-08-29_CXKGP",4.43262411347518,NA,NA,NA,NA,NA,NA,NA,NA,NA,NA,NA,NA,NA,NA,179.8,44.51932478,-80.023254966,3.21479,9.18,239,23,13.536
608,2.3037,88,163,"2026-08-29_CXKGP",4.43262411347518,NA,NA,NA,NA,NA,NA,NA,NA,NA,NA,NA,NA,NA,NA,180,44.519340119,-80.023290422,3.20057,9.14,240,23,13.536
609,2.3074,88,163,"2026-08-29_CXKGP",4.48752468138575,NA,NA,NA,NA,NA,NA,NA,NA,NA,NA,NA,NA,NA,NA,180.2,44.519357134,-80.023329649,3.21479,9.14,240,23,13.3704
610,2.3111,87,163,"2026-08-29_CXKGP",4.48752468138575,NA,NA,NA,NA,NA,NA,NA,NA,NA,NA,NA,NA,NA,NA,180.2,44.519377418,-80.023367871,3.21479,9.29,243,23,13.3704
611,2.3148,87,163,"2026-08-29_CXKGP",4.58001282403591,NA,NA,NA,NA,NA,NA,NA,NA,NA,NA,NA,NA,NA,NA,180.2,44.519400301,-80.023405422,2.67425,9.2,245,23,13.1004
612,2.3184,87,163,"2026-08-29_CXKGP",4.59136822773186,NA,NA,NA,NA,NA,NA,NA,NA,NA,NA,NA,NA,NA,NA,180.4,44.519436678,-80.023415564,3.22981,9.2,245,23,13.068
613,2.322,87,163,"2026-08-29_CXKGP",4.59136822773186,NA,NA,NA,NA,NA,NA,NA,NA,NA,NA,NA,NA,NA,NA,180.4,44.519470038,-80.023412211,3.22981,9.2,245,23,13.068
614,2.3257,87,164,"2026-08-29_CXKGP",4.54504135987638,NA,NA,NA,NA,NA,NA,NA,NA,NA,NA,NA,NA,NA,NA,180.6,44.51951178,-80.023389077,3.22981,9.2,245,23,13.2012
615,2.3294,86,164,"2026-08-29_CXKGP",4.43262411347518,NA,NA,NA,NA,NA,NA,NA,NA,NA,NA,NA,NA,NA,NA,180.8,44.519545056,-80.023367032,3.24403,9.4,247,23,13.536
616,2.3332,87,164,"2026-08-29_CXKGP",4.38827453045463,NA,NA,NA,NA,NA,NA,NA,NA,NA,NA,NA,NA,NA,NA,181,44.519580763,-80.02334591,3.77035,9.33,242,23,13.6728
617,2.337,85,165,"2026-08-29_CXKGP",4.38827453045463,NA,NA,NA,NA,NA,NA,NA,NA,NA,NA,NA,NA,NA,NA,181.2,44.519614458,-80.023325291,3.75612,9.73,246,23,13.6728
