"SECS","KM","CAD","HR","ID","PACE","WATTS","LRBALANCE","LTE","RTE","LPS","RPS","LPPB","RPPB","LPPE","RPPE","LPPPB","RPPPB","LPPPE","RPPPE","ALT","LAT","LON","SLOPE","RVERT","RCON","TEMP","KPH"
0,0,0,96,"2026-06-28_UCSOT",NA,0,NA,NA,NA,NA,NA,NA,NA,NA,NA,NA,NA,NA,NA,168.6,42.965506931,-79.255600376,0,0,0,29,0
1,0.00353,91,95,"2026-06-28_UCSOT",4.7254512805973,0,NA,NA,NA,NA,NA,NA,NA,NA,NA,NA,NA,NA,NA,169,42.965532412,-79.255608339,11.3314,0,0,29,12.6972
2,0.00705,91,94,"2026-06-28_UCSOT",4.7254512805973,0,NA,NA,NA,NA,NA,NA,NA,NA,NA,NA,NA,NA,NA,169.2,42.965579016,-79.255617391,5.68182,8.42,239,29,12.6972
3,0.01097,92,94,"2026-06-28_UCSOT",4.25278557455133,256,NA,NA,NA,NA,NA,NA,NA,NA,NA,NA,NA,NA,NA,169.4,42.965622015,-79.255632478,5.10204,8.54,236,29,14.1084
4,0.01515,93,94,"2026-06-28_UCSOT",3.98724082934609,267,NA,NA,NA,NA,NA,NA,NA,NA,NA,NA,NA,NA,NA,169.8,42.965663505,-79.255641363,9.56938,8.64,227,29,15.048
5,0.01958,94,95,"2026-06-28_UCSOT",3.76818147561987,287,NA,NA,NA,NA,NA,NA,NA,NA,NA,NA,NA,NA,NA,170,42.965709773,-79.255654355,4.51467,8.72,218,29,15.9228
6,0.02419,94,95,"2026-06-28_UCSOT",3.60828462149094,308,NA,NA,NA,NA,NA,NA,NA,NA,NA,NA,NA,NA,NA,170.4,42.965753359,-79.255666509,8.67679,8.75,210,29,16.6284
7,0.02881,94,98,"2026-06-28_UCSOT",3.60828462149094,330,NA,NA,NA,NA,NA,NA,NA,NA,NA,NA,NA,NA,NA,170.6,42.965801974,-79.255679166,4.329,8.9,205,29,16.6284
8,0.03355,94,98,"2026-06-28_UCSOT",3.51617440225035,360,NA,NA,NA,NA,NA,NA,NA,NA,NA,NA,NA,NA,NA,170.6,42.965836172,-79.25569266,0,9.02,201,29,17.064
9,0.03826,95,100,"2026-06-28_UCSOT",3.5438372669927,370,NA,NA,NA,NA,NA,NA,NA,NA,NA,NA,NA,NA,NA,170.8,42.965881267,-79.2557023,4.24628,9.02,201,29,16.9308
10,0.04296,95,103,"2026-06-28_UCSOT",3.5438372669927,385,NA,NA,NA,NA,NA,NA,NA,NA,NA,NA,NA,NA,NA,171.2,42.965913705,-79.255717136,6.19621,8.83,200,29,16.9308
11,0.04762,94,106,"2026-06-28_UCSOT",3.57270453733476,397,NA,NA,NA,NA,NA,NA,NA,NA,NA,NA,NA,NA,NA,171.4,42.965959135,-79.255729206,5.49225,8.96,203,29,16.794
12,0.05209,94,108,"2026-06-28_UCSOT",3.72939509211606,397,NA,NA,NA,NA,NA,NA,NA,NA,NA,NA,NA,NA,NA,171.8,42.96599107,-79.255736582,5.81892,8.93,204,29,16.0884
13,0.05633,93,109,"2026-06-28_UCSOT",3.93452943028014,394,NA,NA,NA,NA,NA,NA,NA,NA,NA,NA,NA,NA,NA,172,42.966026945,-79.2557168,5.78041,8.75,217,29,15.2496
14,0.06041,92,109,"2026-06-28_UCSOT",4.08697073728952,382,NA,NA,NA,NA,NA,NA,NA,NA,NA,NA,NA,NA,NA,172.2,42.966055778,-79.255706155,5.31367,8.75,217,29,14.6808
15,0.06448,92,111,"2026-06-28_UCSOT",4.08697073728952,363,NA,NA,NA,NA,NA,NA,NA,NA,NA,NA,NA,NA,NA,172.2,42.966092826,-79.25567883,4.8622,8.78,223,29,14.6808
16,0.0684,90,112,"2026-06-28_UCSOT",4.25278557455133,350,NA,NA,NA,NA,NA,NA,NA,NA,NA,NA,NA,NA,NA,172,42.966120068,-79.255653852,3.48432,9.01,230,29,14.1084
17,0.07236,90,113,"2026-06-28_UCSOT",4.21300977418268,343,NA,NA,NA,NA,NA,NA,NA,NA,NA,NA,NA,NA,NA,171.8,42.96616072,-79.255609344,2.54637,8.98,231,29,14.2416
18,0.07658,87,115,"2026-06-28_UCSOT",3.95225673859774,338,NA,NA,NA,NA,NA,NA,NA,NA,NA,NA,NA,NA,NA,171.6,42.966196678,-79.255586043,2.07244,9.8,230,29,15.1812
19,0.08101,87,116,"2026-06-28_UCSOT",3.76052948255114,342,NA,NA,NA,NA,NA,NA,NA,NA,NA,NA,NA,NA,NA,171.4,42.966248311,-79.255576739,1.19634,10.02,224,29,15.9552
20,0.08562,89,118,"2026-06-28_UCSOT",3.61611340131627,361,NA,NA,NA,NA,NA,NA,NA,NA,NA,NA,NA,NA,NA,171.2,42.966284185,-79.255586378,-0.0885617,9.82,214,29,16.5924
21,0.09036,91,119,"2026-06-28_UCSOT",3.51617440225035,374,NA,NA,NA,NA,NA,NA,NA,NA,NA,NA,NA,NA,NA,171.2,42.966332549,-79.25560046,-0.517746,9.82,214,29,17.064
22,0.09512,91,121,"2026-06-28_UCSOT",3.50213630314492,364,NA,NA,NA,NA,NA,NA,NA,NA,NA,NA,NA,NA,NA,171.2,42.966362388,-79.255620325,-1.4126,9.53,207,29,17.1324
23,0.09976,92,122,"2026-06-28_UCSOT",3.58654328957751,359,NA,NA,NA,NA,NA,NA,NA,NA,NA,NA,NA,NA,NA,171.6,42.966403124,-79.255640776,-1.02223,9.57,206,29,16.7292
24,0.1043,92,124,"2026-06-28_UCSOT",3.67511944138184,352,NA,NA,NA,NA,NA,NA,NA,NA,NA,NA,NA,NA,NA,171.8,42.966438747,-79.255660558,-1.0719,9.17,211,29,16.326
25,0.10876,92,125,"2026-06-28_UCSOT",3.73692077727952,343,NA,NA,NA,NA,NA,NA,NA,NA,NA,NA,NA,NA,NA,172,42.966475041,-79.255674556,-0.623467,9.17,211,29,16.056
26,0.11316,92,126,"2026-06-28_UCSOT",3.78443838934302,342,NA,NA,NA,NA,NA,NA,NA,NA,NA,NA,NA,NA,NA,172.2,42.966518208,-79.25569023,0.341283,9.11,213,29,15.8544
27,0.11758,94,128,"2026-06-28_UCSOT",3.77672029609487,348,NA,NA,NA,NA,NA,NA,NA,NA,NA,NA,NA,NA,NA,172.2,42.966551987,-79.255704395,0.846333,9.08,214,29,15.8868
28,0.12203,94,129,"2026-06-28_UCSOT",3.74447689657755,354,NA,NA,NA,NA,NA,NA,NA,NA,NA,NA,NA,NA,NA,172.4,42.966599177,-79.255719147,1.76971,8.75,210,29,16.0236
29,0.12646,94,130,"2026-06-28_UCSOT",3.76052948255114,364,NA,NA,NA,NA,NA,NA,NA,NA,NA,NA,NA,NA,NA,172.4,42.96663304,-79.255723841,2.22117,8.78,209,29,15.9552
30,0.13083,93,131,"2026-06-28_UCSOT",3.80865326020719,372,NA,NA,NA,NA,NA,NA,NA,NA,NA,NA,NA,NA,NA,172.4,42.966679643,-79.255715795,2.65501,8.75,210,29,15.7536
31,0.13519,92,132,"2026-06-28_UCSOT",3.82526203044909,373,NA,NA,NA,NA,NA,NA,NA,NA,NA,NA,NA,NA,NA,172.2,42.966713003,-79.255718477,2.1963,8.88,213,29,15.6852
32,0.13951,92,133,"2026-06-28_UCSOT",3.85802469135802,367,NA,NA,NA,NA,NA,NA,NA,NA,NA,NA,NA,NA,NA,172.2,42.966758685,-79.255711939,2.1963,9.05,215,29,15.552
33,0.14376,92,133,"2026-06-28_UCSOT",3.92618767177071,362,NA,NA,NA,NA,NA,NA,NA,NA,NA,NA,NA,NA,NA,172.4,42.966793637,-79.255720153,1.80482,8.98,217,29,15.282
34,0.14798,92,133,"2026-06-28_UCSOT",3.95225673859774,357,NA,NA,NA,NA,NA,NA,NA,NA,NA,NA,NA,NA,NA,172.4,42.966836385,-79.255719231,1.36429,8.92,219,29,15.1812
35,0.15221,92,134,"2026-06-28_UCSOT",3.93452943028014,350,NA,NA,NA,NA,NA,NA,NA,NA,NA,NA,NA,NA,NA,172.4,42.966868739,-79.255723757,0.915856,8.92,219,29,15.2496
36,0.15642,92,136,"2026-06-28_UCSOT",3.96070975918885,346,NA,NA,NA,NA,NA,NA,NA,NA,NA,NA,NA,NA,NA,172.4,42.966908469,-79.25572711,0.461311,8.92,219,29,15.1488
37,0.16063,92,137,"2026-06-28_UCSOT",3.96070975918885,345,NA,NA,NA,NA,NA,NA,NA,NA,NA,NA,NA,NA,NA,172.4,42.966947697,-79.255738342,0.461311,8.88,220,29,15.1488
38,0.16485,92,138,"2026-06-28_UCSOT",3.95225673859774,343,NA,NA,NA,NA,NA,NA,NA,NA,NA,NA,NA,NA,NA,172.4,42.966985415,-79.2557427,0.0118726,8.88,220,29,15.1812
39,0.16906,92,139,"2026-06-28_UCSOT",3.95225673859774,340,NA,NA,NA,NA,NA,NA,NA,NA,NA,NA,NA,NA,NA,172.4,42.967025481,-79.255751501,0.0118726,8.92,219,29,15.1812
40,0.17325,92,140,"2026-06-28_UCSOT",3.97867430572133,344,NA,NA,NA,NA,NA,NA,NA,NA,NA,NA,NA,NA,NA,172.6,42.967058757,-79.255758375,0.4892,8.92,219,29,15.0804
41,0.17744,92,140,"2026-06-28_UCSOT",3.97867430572133,347,NA,NA,NA,NA,NA,NA,NA,NA,NA,NA,NA,NA,NA,172.6,42.967100247,-79.255768433,0.947915,8.88,220,29,15.0804
42,0.1816,92,142,"2026-06-28_UCSOT",4.00544740847553,344,NA,NA,NA,NA,NA,NA,NA,NA,NA,NA,NA,NA,NA,172.8,42.967131596,-79.255778072,1.42868,8.88,220,29,14.9796
43,0.18575,92,143,"2026-06-28_UCSOT",4.02284978678896,341,NA,NA,NA,NA,NA,NA,NA,NA,NA,NA,NA,NA,NA,172.8,42.967175601,-79.255785867,0.958096,8.85,221,29,14.9148
44,0.18989,92,144,"2026-06-28_UCSOT",4.02284978678896,341,NA,NA,NA,NA,NA,NA,NA,NA,NA,NA,NA,NA,NA,172.8,42.967207117,-79.255788549,0.958096,8.85,221,29,14.9148
45,0.19402,91,144,"2026-06-28_UCSOT",4.03258327284458,339,NA,NA,NA,NA,NA,NA,NA,NA,NA,NA,NA,NA,NA,173,42.967250954,-79.255794165,1.44236,8.98,224,29,14.8788
46,0.19817,91,144,"2026-06-28_UCSOT",4.02284978678896,337,NA,NA,NA,NA,NA,NA,NA,NA,NA,NA,NA,NA,NA,173,42.967280961,-79.255797434,1.44236,9.02,223,29,14.9148
47,0.20232,91,145,"2026-06-28_UCSOT",4.01412973667309,339,NA,NA,NA,NA,NA,NA,NA,NA,NA,NA,NA,NA,NA,173,42.967324547,-79.255803804,1.44236,9.02,223,29,14.9472
48,0.20647,91,146,"2026-06-28_UCSOT",4.01412973667309,342,NA,NA,NA,NA,NA,NA,NA,NA,NA,NA,NA,NA,NA,173.2,42.967355225,-79.255813528,1.92429,9.02,223,29,14.9472
49,0.21066,91,146,"2026-06-28_UCSOT",3.97867430572133,342,NA,NA,NA,NA,NA,NA,NA,NA,NA,NA,NA,NA,NA,173.2,42.967400152,-79.255823837,1.92429,8.99,224,29,15.0804
50,0.21485,91,146,"2026-06-28_UCSOT",3.97867430572133,340,NA,NA,NA,NA,NA,NA,NA,NA,NA,NA,NA,NA,NA,173.4,42.967432757,-79.255837667,1.92429,9.05,222,29,15.0804
51,0.21905,90,146,"2026-06-28_UCSOT",3.96919901563864,345,NA,NA,NA,NA,NA,NA,NA,NA,NA,NA,NA,NA,NA,173.4,42.967476092,-79.255846887,1.92429,9.23,224,29,15.1164
52,0.22324,90,147,"2026-06-28_UCSOT",3.97867430572133,346,NA,NA,NA,NA,NA,NA,NA,NA,NA,NA,NA,NA,NA,173.4,42.967504423,-79.255863735,1.44352,9.23,224,29,15.0804
53,0.22744,91,148,"2026-06-28_UCSOT",3.96919901563864,350,NA,NA,NA,NA,NA,NA,NA,NA,NA,NA,NA,NA,NA,173.4,42.967547673,-79.255872704,1.44352,9.05,222,29,15.1164
54,0.2316,91,149,"2026-06-28_UCSOT",4.00544740847553,352,NA,NA,NA,NA,NA,NA,NA,NA,NA,NA,NA,NA,NA,173.4,42.967577764,-79.255889384,1.44352,9.02,223,29,14.9796
55,0.23575,91,150,"2026-06-28_UCSOT",4.01412973667309,354,NA,NA,NA,NA,NA,NA,NA,NA,NA,NA,NA,NA,NA,173.6,42.96761959,-79.255900867,1.44118,9.02,223,29,14.9472
56,0.23986,91,150,"2026-06-28_UCSOT",4.05022276225192,355,NA,NA,NA,NA,NA,NA,NA,NA,NA,NA,NA,NA,NA,173.6,42.967650519,-79.255912602,1.44118,8.98,224,29,14.814
57,0.24395,91,150,"2026-06-28_UCSOT",4.07797080172906,355,NA,NA,NA,NA,NA,NA,NA,NA,NA,NA,NA,NA,NA,173.6,42.967690417,-79.255922073,1.44118,8.98,224,29,14.7132
58,0.24804,91,151,"2026-06-28_UCSOT",4.07797080172906,350,NA,NA,NA,NA,NA,NA,NA,NA,NA,NA,NA,NA,NA,173.6,42.967722855,-79.255932802,0.959255,8.95,225,29,14.7132
59,0.25208,91,150,"2026-06-28_UCSOT",4.12541254125412,349,NA,NA,NA,NA,NA,NA,NA,NA,NA,NA,NA,NA,NA,173.8,42.96776225,-79.255940513,1.4543,8.95,225,29,14.544
60,0.2561,91,150,"2026-06-28_UCSOT",4.1438753522294,349,NA,NA,NA,NA,NA,NA,NA,NA,NA,NA,NA,NA,NA,173.8,42.967798376,-79.255951997,0.976977,8.91,226,29,14.4792
61,0.26012,91,150,"2026-06-28_UCSOT",4.1438753522294,348,NA,NA,NA,NA,NA,NA,NA,NA,NA,NA,NA,NA,NA,173.8,42.967837352,-79.255955265,0.976977,8.91,226,28,14.4792
62,0.26421,91,151,"2026-06-28_UCSOT",4.07797080172906,346,NA,NA,NA,NA,NA,NA,NA,NA,NA,NA,NA,NA,NA,174,42.967874651,-79.255965491,1.46597,8.91,226,29,14.7132
63,0.26831,91,151,"2026-06-28_UCSOT",4.05910050332846,346,NA,NA,NA,NA,NA,NA,NA,NA,NA,NA,NA,NA,NA,174,42.967914298,-79.255971107,1.46597,8.95,225,28,14.7816
64,0.27246,90,151,"2026-06-28_UCSOT",4.02284978678896,348,NA,NA,NA,NA,NA,NA,NA,NA,NA,NA,NA,NA,NA,174.2,42.967950927,-79.255984099,1.9479,9.16,226,28,14.9148
65,0.27662,90,151,"2026-06-28_UCSOT",4.00544740847553,351,NA,NA,NA,NA,NA,NA,NA,NA,NA,NA,NA,NA,NA,174.2,42.96799116,-79.255989967,1.46597,9.2,225,28,14.9796
66,0.28075,90,151,"2026-06-28_UCSOT",4.03258327284458,353,NA,NA,NA,NA,NA,NA,NA,NA,NA,NA,NA,NA,NA,174.2,42.968025358,-79.256002875,1.46597,9.2,225,28,14.8788
67,0.28487,90,151,"2026-06-28_UCSOT",4.05022276225192,354,NA,NA,NA,NA,NA,NA,NA,NA,NA,NA,NA,NA,NA,174.2,42.968064334,-79.256011257,1.46597,9.19,225,29,14.814
68,0.28896,89,151,"2026-06-28_UCSOT",4.06901041666667,353,NA,NA,NA,NA,NA,NA,NA,NA,NA,NA,NA,NA,NA,174.2,42.968095431,-79.25602274,1.46597,9.16,226,28,14.7456
69,0.29304,90,151,"2026-06-28_UCSOT",4.08697073728952,353,NA,NA,NA,NA,NA,NA,NA,NA,NA,NA,NA,NA,NA,174.2,42.968133904,-79.25603263,0.970925,9.34,228,28,14.6808
70,0.29712,90,151,"2026-06-28_UCSOT",4.08697073728952,351,NA,NA,NA,NA,NA,NA,NA,NA,NA,NA,NA,NA,NA,174.2,42.968169778,-79.256046712,0.970925,9.12,227,28,14.6808
71,0.30126,91,151,"2026-06-28_UCSOT",4.02284978678896,350,NA,NA,NA,NA,NA,NA,NA,NA,NA,NA,NA,NA,NA,174.2,42.968206491,-79.256059285,0.970925,9.12,227,28,14.9148
72,0.30542,91,151,"2026-06-28_UCSOT",4.00544740847553,348,NA,NA,NA,NA,NA,NA,NA,NA,NA,NA,NA,NA,NA,174.4,42.968243706,-79.256065571,0.962697,9.02,223,28,14.9796
73,0.30958,92,151,"2026-06-28_UCSOT",4.00544740847553,351,NA,NA,NA,NA,NA,NA,NA,NA,NA,NA,NA,NA,NA,174.4,42.968280503,-79.256072528,0.962697,9.02,223,28,14.9796
74,0.31375,92,151,"2026-06-28_UCSOT",3.99584432190522,352,NA,NA,NA,NA,NA,NA,NA,NA,NA,NA,NA,NA,NA,174.4,42.968321491,-79.256082503,0.480769,8.85,221,28,15.0156
75,0.31795,91,151,"2026-06-28_UCSOT",3.96919901563864,354,NA,NA,NA,NA,NA,NA,NA,NA,NA,NA,NA,NA,NA,174.4,42.968355437,-79.256090801,0.480769,8.85,221,28,15.1164
76,0.32213,91,151,"2026-06-28_UCSOT",3.98724082934609,354,NA,NA,NA,NA,NA,NA,NA,NA,NA,NA,NA,NA,NA,174.6,42.968395084,-79.256097255,0.959238,9.05,222,28,15.048
77,0.32629,91,151,"2026-06-28_UCSOT",4.00544740847553,358,NA,NA,NA,NA,NA,NA,NA,NA,NA,NA,NA,NA,NA,174.6,42.968429785,-79.256104296,0.959238,9.05,222,28,14.9796
78,0.33046,91,150,"2026-06-28_UCSOT",4.00544740847553,357,NA,NA,NA,NA,NA,NA,NA,NA,NA,NA,NA,NA,NA,174.8,42.968468844,-79.256115108,1.43885,9.02,223,28,14.9796
79,0.33461,91,151,"2026-06-28_UCSOT",4.01412973667309,357,NA,NA,NA,NA,NA,NA,NA,NA,NA,NA,NA,NA,NA,174.8,42.968504467,-79.256125502,1.43885,9.02,223,28,14.9472
80,0.33879,90,152,"2026-06-28_UCSOT",3.98724082934609,356,NA,NA,NA,NA,NA,NA,NA,NA,NA,NA,NA,NA,NA,175,42.968544533,-79.256139248,1.91732,9.2,225,28,15.048
81,0.34296,90,152,"2026-06-28_UCSOT",3.99584432190522,356,NA,NA,NA,NA,NA,NA,NA,NA,NA,NA,NA,NA,NA,174.8,42.968579486,-79.256148049,1.43771,9.23,224,28,15.0156
82,0.34712,90,152,"2026-06-28_UCSOT",4.00544740847553,357,NA,NA,NA,NA,NA,NA,NA,NA,NA,NA,NA,NA,NA,175,42.968622066,-79.256161209,1.43771,9.23,224,28,14.9796
83,0.35128,90,153,"2026-06-28_UCSOT",4.00544740847553,356,NA,NA,NA,NA,NA,NA,NA,NA,NA,NA,NA,NA,NA,175,42.968655677,-79.256171686,1.43771,9.2,225,28,14.9796
84,0.35549,90,153,"2026-06-28_UCSOT",3.96070975918885,354,NA,NA,NA,NA,NA,NA,NA,NA,NA,NA,NA,NA,NA,175,42.968696748,-79.256186522,1.43771,9.26,223,28,15.1488
85,0.35966,90,152,"2026-06-28_UCSOT",3.99584432190522,356,NA,NA,NA,NA,NA,NA,NA,NA,NA,NA,NA,NA,NA,175.2,42.9687286,-79.256197,1.91732,9.26,223,28,15.0156
86,0.36382,90,153,"2026-06-28_UCSOT",4.00544740847553,358,NA,NA,NA,NA,NA,NA,NA,NA,NA,NA,NA,NA,NA,175.2,42.968769587,-79.256209321,1.43885,9.23,224,28,14.9796
87,0.36798,90,153,"2026-06-28_UCSOT",4.00544740847553,356,NA,NA,NA,NA,NA,NA,NA,NA,NA,NA,NA,NA,NA,175.2,42.968802696,-79.256217954,1.43885,9.2,225,28,14.9796
88,0.37217,90,153,"2026-06-28_UCSOT",3.97867430572133,355,NA,NA,NA,NA,NA,NA,NA,NA,NA,NA,NA,NA,NA,175.4,42.968846868,-79.256228599,1.43657,9.23,224,28,15.0804
89,0.37633,90,152,"2026-06-28_UCSOT",4.00544740847553,357,NA,NA,NA,NA,NA,NA,NA,NA,NA,NA,NA,NA,NA,175.4,42.968877127,-79.256238071,1.43657,9.2,225,28,14.9796
90,0.38049,90,153,"2026-06-28_UCSOT",4.01412973667309,355,NA,NA,NA,NA,NA,NA,NA,NA,NA,NA,NA,NA,NA,175.4,42.968918701,-79.256248716,0.958096,9.2,225,28,14.9472
91,0.38463,90,153,"2026-06-28_UCSOT",4.02284978678896,354,NA,NA,NA,NA,NA,NA,NA,NA,NA,NA,NA,NA,NA,175.4,42.968950049,-79.256256008,1.43771,9.2,225,28,14.9148
92,0.3888,90,154,"2026-06-28_UCSOT",3.99584432190522,351,NA,NA,NA,NA,NA,NA,NA,NA,NA,NA,NA,NA,NA,175.4,42.968992043,-79.256265061,0.956943,9.2,225,28,15.0156
93,0.39302,90,154,"2026-06-28_UCSOT",3.95225673859774,350,NA,NA,NA,NA,NA,NA,NA,NA,NA,NA,NA,NA,NA,175.2,42.969026828,-79.256278053,0.48301,9.23,224,28,15.1812
94,0.39724,90,154,"2026-06-28_UCSOT",3.94290671082722,351,NA,NA,NA,NA,NA,NA,NA,NA,NA,NA,NA,NA,NA,175.4,42.969066977,-79.256290374,0.956943,9.27,223,28,15.2172
95,0.40152,90,155,"2026-06-28_UCSOT",3.90046025431001,355,NA,NA,NA,NA,NA,NA,NA,NA,NA,NA,NA,NA,NA,175.4,42.969099499,-79.256302779,0.477327,9.27,223,28,15.3828
96,0.40575,90,155,"2026-06-28_UCSOT",3.93452943028014,355,NA,NA,NA,NA,NA,NA,NA,NA,NA,NA,NA,NA,NA,175.6,42.969139983,-79.25631091,0.95014,9.3,222,28,15.2496
97,0.40995,90,155,"2026-06-28_UCSOT",3.96919901563864,359,NA,NA,NA,NA,NA,NA,NA,NA,NA,NA,NA,NA,NA,175.6,42.969170829,-79.256319543,0.95014,9.23,224,28,15.1164
98,0.41406,90,155,"2026-06-28_UCSOT",4.05910050332846,358,NA,NA,NA,NA,NA,NA,NA,NA,NA,NA,NA,NA,NA,175.6,42.969210727,-79.256326835,0.472813,9.23,224,28,14.7816
99,0.4181,89,155,"2026-06-28_UCSOT",4.12541254125412,358,NA,NA,NA,NA,NA,NA,NA,NA,NA,NA,NA,NA,NA,175.6,42.969241824,-79.256335552,0.472813,9.34,228,28,14.544
100,0.42211,89,155,"2026-06-28_UCSOT",4.15420405450316,353,NA,NA,NA,NA,NA,NA,NA,NA,NA,NA,NA,NA,NA,175.6,42.96927971,-79.256346784,0.472813,9.27,230,28,14.4432
101,0.42612,89,156,"2026-06-28_UCSOT",4.15420405450316,348,NA,NA,NA,NA,NA,NA,NA,NA,NA,NA,NA,NA,NA,175.6,42.969317261,-79.256354747,0.472813,9.23,231,28,14.4432
102,0.43012,90,156,"2026-06-28_UCSOT",4.17292605575029,346,NA,NA,NA,NA,NA,NA,NA,NA,NA,NA,NA,NA,NA,175.8,42.969354895,-79.256367236,0.972813,9.05,229,28,14.3784
103,0.43416,90,156,"2026-06-28_UCSOT",4.12541254125412,344,NA,NA,NA,NA,NA,NA,NA,NA,NA,NA,NA,NA,NA,175.8,42.969389932,-79.256369834,1.44675,9.05,229,28,14.544
104,0.43818,90,154,"2026-06-28_UCSOT",4.1438753522294,341,NA,NA,NA,NA,NA,NA,NA,NA,NA,NA,NA,NA,NA,176,42.969426896,-79.25637478,1.47033,9.09,228,28,14.4792
105,0.44217,90,154,"2026-06-28_UCSOT",4.17292605575029,347,NA,NA,NA,NA,NA,NA,NA,NA,NA,NA,NA,NA,NA,176.2,42.969460843,-79.256379641,1.97158,9.09,228,28,14.3784
106,0.44615,90,154,"2026-06-28_UCSOT",4.19287211740042,348,NA,NA,NA,NA,NA,NA,NA,NA,NA,NA,NA,NA,NA,176.4,42.969499651,-79.256385425,2.00128,9.02,230,28,14.31
107,0.45011,90,154,"2026-06-28_UCSOT",4.20238695579089,348,NA,NA,NA,NA,NA,NA,NA,NA,NA,NA,NA,NA,NA,176.6,42.96953519,-79.256390957,2.50633,9.02,230,28,14.2776
108,0.45405,90,155,"2026-06-28_UCSOT",4.2322668020992,348,NA,NA,NA,NA,NA,NA,NA,NA,NA,NA,NA,NA,NA,176.8,42.969572406,-79.256395399,3.01394,9.01,230,28,14.1768
109,0.45806,90,155,"2026-06-28_UCSOT",4.15420405450316,349,NA,NA,NA,NA,NA,NA,NA,NA,NA,NA,NA,NA,NA,176.8,42.969608029,-79.256398081,3.01394,8.98,231,28,14.4432
110,0.4621,90,154,"2026-06-28_UCSOT",4.12541254125412,348,NA,NA,NA,NA,NA,NA,NA,NA,NA,NA,NA,NA,NA,176.8,42.969644574,-79.256399255,3.01394,9.05,229,28,14.544
111,0.46615,89,155,"2026-06-28_UCSOT",4.11522633744856,352,NA,NA,NA,NA,NA,NA,NA,NA,NA,NA,NA,NA,NA,176.8,42.969682125,-79.256401686,3.01394,9.09,228,28,14.58
112,0.4702,89,154,"2026-06-28_UCSOT",4.11522633744856,352,NA,NA,NA,NA,NA,NA,NA,NA,NA,NA,NA,NA,NA,176.8,42.969717245,-79.256404955,2.51394,9.27,230,28,14.58
113,0.47429,89,154,"2026-06-28_UCSOT",4.07797080172906,352,NA,NA,NA,NA,NA,NA,NA,NA,NA,NA,NA,NA,NA,176.8,42.969755299,-79.256404284,2.51394,9.3,229,28,14.7132
114,0.47837,89,155,"2026-06-28_UCSOT",4.08697073728952,355,NA,NA,NA,NA,NA,NA,NA,NA,NA,NA,NA,NA,NA,176.8,42.969791844,-79.256409984,2.01643,9.31,229,28,14.6808
115,0.48245,89,155,"2026-06-28_UCSOT",4.07797080172906,359,NA,NA,NA,NA,NA,NA,NA,NA,NA,NA,NA,NA,NA,176.8,42.969830652,-79.25641057,1.51518,9.31,229,28,14.7132
116,0.48659,90,156,"2026-06-28_UCSOT",4.03258327284458,354,NA,NA,NA,NA,NA,NA,NA,NA,NA,NA,NA,NA,NA,176.8,42.969869125,-79.256414091,1.01266,9.31,229,28,14.8788
117,0.49067,90,157,"2026-06-28_UCSOT",4.07797080172906,355,NA,NA,NA,NA,NA,NA,NA,NA,NA,NA,NA,NA,NA,176.6,42.969908017,-79.256413588,0.0174181,9.19,225,28,14.7132
118,0.49477,90,157,"2026-06-28_UCSOT",4.06901041666667,354,NA,NA,NA,NA,NA,NA,NA,NA,NA,NA,NA,NA,NA,176.6,42.969943976,-79.25641627,-0.490196,9.12,227,28,14.7456
119,0.49888,90,158,"2026-06-28_UCSOT",4.05022276225192,348,NA,NA,NA,NA,NA,NA,NA,NA,NA,NA,NA,NA,NA,176.6,42.96997918,-79.256416103,-0.490196,9.16,226,28,14.814
120,0.503,90,157,"2026-06-28_UCSOT",4.05022276225192,345,NA,NA,NA,NA,NA,NA,NA,NA,NA,NA,NA,NA,NA,176.6,42.970015473,-79.256419371,-0.490196,9.16,226,28,14.814
121,0.50708,91,157,"2026-06-28_UCSOT",4.08697073728952,343,NA,NA,NA,NA,NA,NA,NA,NA,NA,NA,NA,NA,NA,176.6,42.970052773,-79.256419371,-0.490196,8.95,225,28,14.6808
122,0.51115,90,157,"2026-06-28_UCSOT",4.08697073728952,341,NA,NA,NA,NA,NA,NA,NA,NA,NA,NA,NA,NA,NA,176.6,42.970089485,-79.256424904,-0.490196,9.12,227,28,14.6808
123,0.51523,90,157,"2026-06-28_UCSOT",4.08697073728952,343,NA,NA,NA,NA,NA,NA,NA,NA,NA,NA,NA,NA,NA,176.6,42.970127875,-79.256426748,-0.490196,9.12,227,28,14.6808
124,0.51931,90,158,"2026-06-28_UCSOT",4.08697073728952,348,NA,NA,NA,NA,NA,NA,NA,NA,NA,NA,NA,NA,NA,176.8,42.970163078,-79.256431274,0,9.12,227,28,14.6808
125,0.5234,90,158,"2026-06-28_UCSOT",4.07797080172906,349,NA,NA,NA,NA,NA,NA,NA,NA,NA,NA,NA,NA,NA,176.8,42.970200294,-79.256426328,0,9.12,227,28,14.7132
126,0.5275,90,158,"2026-06-28_UCSOT",4.05910050332846,350,NA,NA,NA,NA,NA,NA,NA,NA,NA,NA,NA,NA,NA,176.8,42.97023357,-79.256430268,0,9.16,226,28,14.7816
127,0.53159,90,158,"2026-06-28_UCSOT",4.07797080172906,354,NA,NA,NA,NA,NA,NA,NA,NA,NA,NA,NA,NA,NA,176.8,42.970274306,-79.256425071,0.490196,9.16,226,28,14.7132
128,0.53565,89,157,"2026-06-28_UCSOT",4.10610166707728,359,NA,NA,NA,NA,NA,NA,NA,NA,NA,NA,NA,NA,NA,176.8,42.970310432,-79.256427334,0.490196,9.12,227,28,14.6124
129,0.53967,89,157,"2026-06-28_UCSOT",4.1438753522294,363,NA,NA,NA,NA,NA,NA,NA,NA,NA,NA,NA,NA,NA,176.8,42.970350163,-79.256423395,0.490196,9.3,229,28,14.4792
130,0.54367,89,157,"2026-06-28_UCSOT",4.16354400866017,361,NA,NA,NA,NA,NA,NA,NA,NA,NA,NA,NA,NA,NA,177,42.970381343,-79.256428592,0.990196,9.27,230,28,14.4108
131,0.54767,89,156,"2026-06-28_UCSOT",4.16354400866017,354,NA,NA,NA,NA,NA,NA,NA,NA,NA,NA,NA,NA,NA,177,42.970421157,-79.256419707,0.990196,9.23,231,28,14.4108
132,0.55171,89,156,"2026-06-28_UCSOT",4.12541254125412,353,NA,NA,NA,NA,NA,NA,NA,NA,NA,NA,NA,NA,NA,177,42.970453344,-79.25642549,0.990196,9.23,231,28,14.544
133,0.55575,89,157,"2026-06-28_UCSOT",4.13462333581411,354,NA,NA,NA,NA,NA,NA,NA,NA,NA,NA,NA,NA,NA,177,42.970497265,-79.256419204,0.990196,9.27,230,28,14.5116
134,0.55981,89,159,"2026-06-28_UCSOT",4.09701737135365,357,NA,NA,NA,NA,NA,NA,NA,NA,NA,NA,NA,NA,NA,177,42.97052811,-79.256426664,0.5,9.27,230,28,14.6448
135,0.56391,89,159,"2026-06-28_UCSOT",4.06901041666667,356,NA,NA,NA,NA,NA,NA,NA,NA,NA,NA,NA,NA,NA,177,42.970572115,-79.256422389,0.5,9.3,229,28,14.7456
136,0.568,89,159,"2026-06-28_UCSOT",4.07797080172906,359,NA,NA,NA,NA,NA,NA,NA,NA,NA,NA,NA,NA,NA,176.8,42.970604218,-79.256429597,0.0110024,9.34,228,28,14.7132
137,0.5721,90,159,"2026-06-28_UCSOT",4.05910050332846,358,NA,NA,NA,NA,NA,NA,NA,NA,NA,NA,NA,NA,NA,177,42.970645373,-79.256425909,0.498807,9.12,227,28,14.7816
138,0.57624,90,159,"2026-06-28_UCSOT",4.03258327284458,354,NA,NA,NA,NA,NA,NA,NA,NA,NA,NA,NA,NA,NA,177,42.970678901,-79.256432531,0.498807,9.16,226,28,14.8788
139,0.58033,90,159,"2026-06-28_UCSOT",4.06901041666667,354,NA,NA,NA,NA,NA,NA,NA,NA,NA,NA,NA,NA,NA,177,42.970722654,-79.256430938,0.498807,9.19,225,28,14.7456
140,0.58443,90,159,"2026-06-28_UCSOT",4.06901041666667,353,NA,NA,NA,NA,NA,NA,NA,NA,NA,NA,NA,NA,NA,177.2,42.97075526,-79.256437225,0.486612,9.16,226,28,14.7456
141,0.58855,90,159,"2026-06-28_UCSOT",4.04138376980278,348,NA,NA,NA,NA,NA,NA,NA,NA,NA,NA,NA,NA,NA,177.2,42.970797086,-79.256438398,0.486612,9.16,226,28,14.8464
142,0.59267,90,160,"2026-06-28_UCSOT",4.05022276225192,349,NA,NA,NA,NA,NA,NA,NA,NA,NA,NA,NA,NA,NA,177.2,42.970828434,-79.256449043,0.486612,9.16,226,28,14.814
143,0.5968,89,159,"2026-06-28_UCSOT",4.03258327284458,351,NA,NA,NA,NA,NA,NA,NA,NA,NA,NA,NA,NA,NA,177.2,42.970871265,-79.256451977,0.486612,9.34,228,28,14.8788
144,0.60097,89,159,"2026-06-28_UCSOT",3.99584432190522,350,NA,NA,NA,NA,NA,NA,NA,NA,NA,NA,NA,NA,NA,177.2,42.970904961,-79.256466562,0.486612,9.38,227,28,15.0156
145,0.60515,89,159,"2026-06-28_UCSOT",3.98724082934609,352,NA,NA,NA,NA,NA,NA,NA,NA,NA,NA,NA,NA,NA,177.2,42.97094905,-79.256479218,0.486612,9.41,226,28,15.048
146,0.60934,89,160,"2026-06-28_UCSOT",3.97867430572133,355,NA,NA,NA,NA,NA,NA,NA,NA,NA,NA,NA,NA,NA,177.2,42.970975536,-79.256498664,0.97561,9.41,226,28,15.0804
147,0.61352,89,160,"2026-06-28_UCSOT",3.98724082934609,356,NA,NA,NA,NA,NA,NA,NA,NA,NA,NA,NA,NA,NA,177.4,42.971016524,-79.256517859,0.966274,9.41,226,28,15.048
148,0.61763,89,160,"2026-06-28_UCSOT",4.05910050332846,358,NA,NA,NA,NA,NA,NA,NA,NA,NA,NA,NA,NA,NA,177.6,42.971041083,-79.256535126,1.45289,9.41,226,28,14.7816
149,0.62163,89,160,"2026-06-28_UCSOT",4.16354400866017,360,NA,NA,NA,NA,NA,NA,NA,NA,NA,NA,NA,NA,NA,178,42.971071761,-79.256551889,2.45289,9.34,228,28,14.4108
150,0.62548,89,161,"2026-06-28_UCSOT",4.32451133021969,356,NA,NA,NA,NA,NA,NA,NA,NA,NA,NA,NA,NA,NA,178.4,42.971099505,-79.256566222,3.00405,9.23,231,28,13.8744
151,0.62915,88,161,"2026-06-28_UCSOT",4.54504135987638,349,NA,NA,NA,NA,NA,NA,NA,NA,NA,NA,NA,NA,NA,178.6,42.971121633,-79.256588854,3.54901,9.26,237,27,13.2012
152,0.63282,87,160,"2026-06-28_UCSOT",4.54504135987638,341,NA,NA,NA,NA,NA,NA,NA,NA,NA,NA,NA,NA,NA,179,42.97115801,-79.256599163,4.63893,9.24,244,28,13.2012
153,0.63621,83,160,"2026-06-28_UCSOT",4.90773458971339,331,NA,NA,NA,NA,NA,NA,NA,NA,NA,NA,NA,NA,NA,179.2,42.971184162,-79.256608467,5.2289,9.02,249,28,12.2256
154,0.63961,83,159,"2026-06-28_UCSOT",4.90773458971339,345,NA,NA,NA,NA,NA,NA,NA,NA,NA,NA,NA,NA,NA,179.4,42.971215929,-79.256618023,5.81713,9.59,262,28,12.2256
155,0.64298,83,159,"2026-06-28_UCSOT",4.94853523357086,365,NA,NA,NA,NA,NA,NA,NA,NA,NA,NA,NA,NA,NA,179.8,42.971248535,-79.256618945,7.00407,9.58,262,27,12.1248
156,0.64637,83,158,"2026-06-28_UCSOT",4.90773458971339,393,NA,NA,NA,NA,NA,NA,NA,NA,NA,NA,NA,NA,NA,180,42.971279716,-79.256624393,7.59405,9.59,262,27,12.2256
157,0.64988,83,158,"2026-06-28_UCSOT",4.75104522995059,415,NA,NA,NA,NA,NA,NA,NA,NA,NA,NA,NA,NA,NA,180.4,42.971316596,-79.256619783,8.25518,9.75,259,28,12.6288
158,0.65347,86,158,"2026-06-28_UCSOT",4.65159549725556,430,NA,NA,NA,NA,NA,NA,NA,NA,NA,NA,NA,NA,NA,180.4,42.971347609,-79.256623806,7.76856,9.3,249,27,12.8988
159,0.65714,87,159,"2026-06-28_UCSOT",4.53391367428364,432,NA,NA,NA,NA,NA,NA,NA,NA,NA,NA,NA,NA,NA,180.4,42.971388177,-79.256618945,6.76856,9.24,244,28,13.2336
160,0.66097,88,161,"2026-06-28_UCSOT",4.3561596096881,423,NA,NA,NA,NA,NA,NA,NA,NA,NA,NA,NA,NA,NA,180.4,42.971419693,-79.256628584,5.7296,9.22,238,27,13.7736
161,0.66483,88,161,"2026-06-28_UCSOT",4.31443610320131,404,NA,NA,NA,NA,NA,NA,NA,NA,NA,NA,NA,NA,NA,180.4,42.971460513,-79.256622297,5.18464,9.22,238,27,13.9068
162,0.66869,88,161,"2026-06-28_UCSOT",4.31443610320131,394,NA,NA,NA,NA,NA,NA,NA,NA,NA,NA,NA,NA,NA,180.4,42.971491778,-79.256623052,4.09472,9.26,237,27,13.9068
163,0.67259,88,161,"2026-06-28_UCSOT",4.27350427350427,379,NA,NA,NA,NA,NA,NA,NA,NA,NA,NA,NA,NA,NA,180.4,42.971535783,-79.256616681,3.50475,9.3,236,27,14.04
164,0.67648,88,161,"2026-06-28_UCSOT",4.29331959471063,372,NA,NA,NA,NA,NA,NA,NA,NA,NA,NA,NA,NA,NA,180.6,42.971568137,-79.256616933,3.43065,9.3,236,27,13.9752
165,0.68035,87,162,"2026-06-28_UCSOT",4.30440771349862,385,NA,NA,NA,NA,NA,NA,NA,NA,NA,NA,NA,NA,NA,180.6,42.971608873,-79.256618777,2.24371,9.3,236,27,13.9392
166,0.68422,87,161,"2026-06-28_UCSOT",4.30440771349862,394,NA,NA,NA,NA,NA,NA,NA,NA,NA,NA,NA,NA,NA,180.6,42.971643071,-79.256623722,1.65374,9.45,239,27,13.9392
167,0.68813,87,161,"2026-06-28_UCSOT",4.26257459505541,396,NA,NA,NA,NA,NA,NA,NA,NA,NA,NA,NA,NA,NA,180.8,42.971679449,-79.256632188,1.02565,9.49,238,27,14.076
168,0.69212,87,161,"2026-06-28_UCSOT",4.17292605575029,385,NA,NA,NA,NA,NA,NA,NA,NA,NA,NA,NA,NA,NA,181,42.971713479,-79.256638642,1.5269,9.57,236,27,14.3784
169,0.69615,88,161,"2026-06-28_UCSOT",4.13462333581411,380,NA,NA,NA,NA,NA,NA,NA,NA,NA,NA,NA,NA,NA,181,42.971746252,-79.256645515,1.5269,9.42,233,27,14.5116
170,0.70018,89,163,"2026-06-28_UCSOT",4.13462333581411,375,NA,NA,NA,NA,NA,NA,NA,NA,NA,NA,NA,NA,NA,181,42.971785983,-79.256649539,1.5269,9.27,230,27,14.5116
171,0.70422,88,163,"2026-06-28_UCSOT",4.12541254125412,365,NA,NA,NA,NA,NA,NA,NA,NA,NA,NA,NA,NA,NA,181,42.971817834,-79.25666186,1.5269,9.27,230,27,14.544
172,0.70828,88,163,"2026-06-28_UCSOT",4.10610166707728,357,NA,NA,NA,NA,NA,NA,NA,NA,NA,NA,NA,NA,NA,180.8,42.971855971,-79.256669487,1.03429,9.46,232,27,14.6124
173,0.71236,88,163,"2026-06-28_UCSOT",4.08697073728952,351,NA,NA,NA,NA,NA,NA,NA,NA,NA,NA,NA,NA,NA,180.8,42.971884638,-79.256685162,1.03429,9.46,232,27,14.6808
174,0.71644,88,163,"2026-06-28_UCSOT",4.08697073728952,354,NA,NA,NA,NA,NA,NA,NA,NA,NA,NA,NA,NA,NA,180.6,42.971926463,-79.256694298,0.0299552,9.49,231,27,14.6808
175,0.72052,88,163,"2026-06-28_UCSOT",4.08697073728952,355,NA,NA,NA,NA,NA,NA,NA,NA,NA,NA,NA,NA,NA,180.6,42.971955716,-79.25670905,0.0299552,9.49,231,27,14.6808
176,0.72456,87,162,"2026-06-28_UCSOT",4.12541254125412,356,NA,NA,NA,NA,NA,NA,NA,NA,NA,NA,NA,NA,NA,180.6,42.971999051,-79.256718857,0.0299552,9.65,234,27,14.544
177,0.72858,87,162,"2026-06-28_UCSOT",4.1438753522294,355,NA,NA,NA,NA,NA,NA,NA,NA,NA,NA,NA,NA,NA,180.6,42.972029728,-79.256731849,-0.481554,9.61,235,27,14.4792
178,0.73253,88,162,"2026-06-28_UCSOT",4.21300977418268,350,NA,NA,NA,NA,NA,NA,NA,NA,NA,NA,NA,NA,NA,180.4,42.972070381,-79.256735956,-1.48914,9.57,236,27,14.2416
179,0.73647,88,162,"2026-06-28_UCSOT",4.2322668020992,347,NA,NA,NA,NA,NA,NA,NA,NA,NA,NA,NA,NA,NA,180.4,42.972101729,-79.256741237,-1.48914,9.38,234,27,14.1768
180,0.74044,88,162,"2026-06-28_UCSOT",4.20238695579089,348,NA,NA,NA,NA,NA,NA,NA,NA,NA,NA,NA,NA,NA,180.4,42.972142968,-79.256735956,-1.48914,9.34,235,27,14.2776
181,0.74439,88,162,"2026-06-28_UCSOT",4.21300977418268,347,NA,NA,NA,NA,NA,NA,NA,NA,NA,NA,NA,NA,NA,180.2,42.972176663,-79.256738471,-1.99547,9.38,234,27,14.2416
182,0.74834,88,162,"2026-06-28_UCSOT",4.22261633307998,347,NA,NA,NA,NA,NA,NA,NA,NA,NA,NA,NA,NA,NA,180.2,42.972211867,-79.256742075,-1.50285,9.38,234,27,14.2092
183,0.75226,88,162,"2026-06-28_UCSOT",4.25278557455133,346,NA,NA,NA,NA,NA,NA,NA,NA,NA,NA,NA,NA,NA,180.4,42.972247155,-79.256749367,-0.99265,9.34,235,27,14.1084
184,0.75616,88,162,"2026-06-28_UCSOT",4.27350427350427,343,NA,NA,NA,NA,NA,NA,NA,NA,NA,NA,NA,NA,NA,180.4,42.972278,-79.256760515,-0.502454,9.34,235,27,14.04
185,0.76004,88,162,"2026-06-28_UCSOT",4.29331959471063,341,NA,NA,NA,NA,NA,NA,NA,NA,NA,NA,NA,NA,NA,180.6,42.972316138,-79.256767723,0.0130098,9.3,236,27,13.9752
186,0.7639,88,162,"2026-06-28_UCSOT",4.31443610320131,340,NA,NA,NA,NA,NA,NA,NA,NA,NA,NA,NA,NA,NA,180.6,42.972344469,-79.25678147,0.0130098,9.26,237,27,13.9068
187,0.76777,88,162,"2026-06-28_UCSOT",4.31443610320131,337,NA,NA,NA,NA,NA,NA,NA,NA,NA,NA,NA,NA,NA,180.6,42.972386546,-79.256787588,0.0130098,9.26,237,27,13.9068
188,0.77165,88,162,"2026-06-28_UCSOT",4.29331959471063,335,NA,NA,NA,NA,NA,NA,NA,NA,NA,NA,NA,NA,NA,180.6,42.972417727,-79.256800245,0.519339,9.26,237,27,13.9752
189,0.77553,88,162,"2026-06-28_UCSOT",4.29331959471063,333,NA,NA,NA,NA,NA,NA,NA,NA,NA,NA,NA,NA,NA,180.6,42.97246324,-79.256805023,0.519339,9.3,236,27,13.9752
190,0.77941,88,162,"2026-06-28_UCSOT",4.29331959471063,334,NA,NA,NA,NA,NA,NA,NA,NA,NA,NA,NA,NA,NA,180.6,42.972493834,-79.256814243,0.519339,9.3,236,27,13.9752
191,0.78329,88,161,"2026-06-28_UCSOT",4.29331959471063,335,NA,NA,NA,NA,NA,NA,NA,NA,NA,NA,NA,NA,NA,180.6,42.972535744,-79.256821451,1.02567,9.3,236,27,13.9752
192,0.78715,88,161,"2026-06-28_UCSOT",4.32451133021969,334,NA,NA,NA,NA,NA,NA,NA,NA,NA,NA,NA,NA,NA,180.8,42.972562985,-79.256829666,1.5438,9.26,237,27,13.8744
193,0.79098,88,161,"2026-06-28_UCSOT",4.34593654932638,333,NA,NA,NA,NA,NA,NA,NA,NA,NA,NA,NA,NA,NA,180.8,42.972601626,-79.256838718,1.0336,9.22,238,27,13.806
194,0.7948,88,161,"2026-06-28_UCSOT",4.3675751222921,333,NA,NA,NA,NA,NA,NA,NA,NA,NA,NA,NA,NA,NA,181,42.972631717,-79.256848776,1.55716,9.22,238,27,13.7376
195,0.79858,88,161,"2026-06-28_UCSOT",4.41033783187792,331,NA,NA,NA,NA,NA,NA,NA,NA,NA,NA,NA,NA,NA,181,42.972663484,-79.256854225,1.04169,9.18,239,27,13.6044
196,0.80237,88,160,"2026-06-28_UCSOT",4.39985920450546,326,NA,NA,NA,NA,NA,NA,NA,NA,NA,NA,NA,NA,NA,181.2,42.972697682,-79.256860176,1.5694,9.18,239,27,13.6368
197,0.8062,88,160,"2026-06-28_UCSOT",4.34593654932638,325,NA,NA,NA,NA,NA,NA,NA,NA,NA,NA,NA,NA,NA,181.2,42.972730623,-79.256867552,1.5694,9.22,238,27,13.806
198,0.81005,88,160,"2026-06-28_UCSOT",4.32451133021969,328,NA,NA,NA,NA,NA,NA,NA,NA,NA,NA,NA,NA,NA,181.2,42.972768425,-79.256871659,1.5694,9.22,238,27,13.8744
199,0.81395,88,160,"2026-06-28_UCSOT",4.27350427350427,335,NA,NA,NA,NA,NA,NA,NA,NA,NA,NA,NA,NA,NA,181.2,42.972801618,-79.256880628,1.5694,9.26,237,27,14.04
200,0.8179,88,160,"2026-06-28_UCSOT",4.22261633307998,337,NA,NA,NA,NA,NA,NA,NA,NA,NA,NA,NA,NA,NA,181.2,42.972840175,-79.256883897,1.5694,9.3,236,27,14.2092
201,0.82189,89,161,"2026-06-28_UCSOT",4.18340026773762,340,NA,NA,NA,NA,NA,NA,NA,NA,NA,NA,NA,NA,NA,181,42.972871858,-79.256896386,1.06815,9.19,232,27,14.3424
202,0.82586,89,161,"2026-06-28_UCSOT",4.19287211740042,342,NA,NA,NA,NA,NA,NA,NA,NA,NA,NA,NA,NA,NA,181,42.972911085,-79.256898313,0.550012,9.23,231,27,14.31
203,0.82985,89,161,"2026-06-28_UCSOT",4.17292605575029,346,NA,NA,NA,NA,NA,NA,NA,NA,NA,NA,NA,NA,NA,181,42.972939165,-79.256904432,0.550012,9.19,232,27,14.3784
204,0.83385,89,161,"2026-06-28_UCSOT",4.17292605575029,342,NA,NA,NA,NA,NA,NA,NA,NA,NA,NA,NA,NA,NA,181,42.97297923,-79.256908372,0.0264514,9.23,231,27,14.3784
205,0.83781,89,162,"2026-06-28_UCSOT",4.20238695579089,343,NA,NA,NA,NA,NA,NA,NA,NA,NA,NA,NA,NA,NA,181,42.973011668,-79.256919939,0.0264514,9.19,232,27,14.2776
206,0.84175,89,163,"2026-06-28_UCSOT",4.2322668020992,343,NA,NA,NA,NA,NA,NA,NA,NA,NA,NA,NA,NA,NA,181,42.973056595,-79.256924968,-0.501253,9.19,232,27,14.1768
207,0.84568,89,162,"2026-06-28_UCSOT",4.24304141208418,341,NA,NA,NA,NA,NA,NA,NA,NA,NA,NA,NA,NA,NA,181,42.97308677,-79.2569362,-0.501253,9.16,233,27,14.1408
208,0.84961,89,162,"2026-06-28_UCSOT",4.24304141208418,339,NA,NA,NA,NA,NA,NA,NA,NA,NA,NA,NA,NA,NA,181,42.973129769,-79.25693863,-0.501253,9.16,233,27,14.1408
209,0.85353,89,163,"2026-06-28_UCSOT",4.25278557455133,341,NA,NA,NA,NA,NA,NA,NA,NA,NA,NA,NA,NA,NA,181,42.973161118,-79.256944414,-0.501253,9.16,233,27,14.1084
210,0.85744,88,163,"2026-06-28_UCSOT",4.25278557455133,343,NA,NA,NA,NA,NA,NA,NA,NA,NA,NA,NA,NA,NA,181,42.973203614,-79.256949694,-0.501253,9.15,233,27,14.1084
211,0.86135,88,163,"2026-06-28_UCSOT",4.26257459505541,341,NA,NA,NA,NA,NA,NA,NA,NA,NA,NA,NA,NA,NA,181,42.97323689,-79.256956316,0,9.3,236,27,14.076
212,0.86533,88,163,"2026-06-28_UCSOT",4.19287211740042,340,NA,NA,NA,NA,NA,NA,NA,NA,NA,NA,NA,NA,NA,181,42.973279051,-79.256960591,0,9.34,235,27,14.31
213,0.86934,88,162,"2026-06-28_UCSOT",4.15420405450316,342,NA,NA,NA,NA,NA,NA,NA,NA,NA,NA,NA,NA,NA,181,42.973314087,-79.256968721,0,9.38,234,27,14.4432
214,0.8734,88,162,"2026-06-28_UCSOT",4.10610166707728,342,NA,NA,NA,NA,NA,NA,NA,NA,NA,NA,NA,NA,NA,181,42.973348286,-79.256974421,0,9.42,233,27,14.6124
215,0.8775,88,162,"2026-06-28_UCSOT",4.06901041666667,343,NA,NA,NA,NA,NA,NA,NA,NA,NA,NA,NA,NA,NA,181,42.973380891,-79.256980288,0,9.49,231,27,14.7456
216,0.88155,88,162,"2026-06-28_UCSOT",4.10610166707728,347,NA,NA,NA,NA,NA,NA,NA,NA,NA,NA,NA,NA,NA,181.2,42.973411904,-79.256988,0.493827,9.49,231,27,14.6124
217,0.88554,88,163,"2026-06-28_UCSOT",4.18340026773762,351,NA,NA,NA,NA,NA,NA,NA,NA,NA,NA,NA,NA,NA,181.4,42.973446186,-79.256996046,0.99508,9.46,232,27,14.3424
218,0.88952,88,163,"2026-06-28_UCSOT",4.18340026773762,350,NA,NA,NA,NA,NA,NA,NA,NA,NA,NA,NA,NA,NA,181.4,42.973475439,-79.257006272,0.99508,9.38,234,27,14.3424
219,0.89342,88,163,"2026-06-28_UCSOT",4.27350427350427,349,NA,NA,NA,NA,NA,NA,NA,NA,NA,NA,NA,NA,NA,181.4,42.973514247,-79.257014906,0.99508,9.34,235,27,14.04
220,0.89734,89,163,"2026-06-28_UCSOT",4.25278557455133,349,NA,NA,NA,NA,NA,NA,NA,NA,NA,NA,NA,NA,NA,181.4,42.973542243,-79.257026976,0.99508,9.12,234,27,14.1084
221,0.9013,88,163,"2026-06-28_UCSOT",4.21300977418268,350,NA,NA,NA,NA,NA,NA,NA,NA,NA,NA,NA,NA,NA,181.4,42.973580464,-79.257039632,0.99508,9.34,235,27,14.2416
222,0.90525,89,163,"2026-06-28_UCSOT",4.21300977418268,352,NA,NA,NA,NA,NA,NA,NA,NA,NA,NA,NA,NA,NA,181.2,42.973608208,-79.257054133,0.488751,9.19,232,27,14.2416
223,0.90925,89,163,"2026-06-28_UCSOT",4.17292605575029,353,NA,NA,NA,NA,NA,NA,NA,NA,NA,NA,NA,NA,NA,181.2,42.973646178,-79.257069891,0.488751,9.23,231,27,14.3784
224,0.91325,89,163,"2026-06-28_UCSOT",4.16354400866017,352,NA,NA,NA,NA,NA,NA,NA,NA,NA,NA,NA,NA,NA,181.4,42.973677191,-79.257094953,0.988751,9.23,231,27,14.4108
225,0.91725,88,163,"2026-06-28_UCSOT",4.16354400866017,349,NA,NA,NA,NA,NA,NA,NA,NA,NA,NA,NA,NA,NA,181.4,42.973716083,-79.257118255,0.988751,9.42,233,27,14.4108
226,0.92125,88,163,"2026-06-28_UCSOT",4.17292605575029,348,NA,NA,NA,NA,NA,NA,NA,NA,NA,NA,NA,NA,NA,181.4,42.973741145,-79.257140048,0.494924,9.42,233,27,14.3784
227,0.92523,88,163,"2026-06-28_UCSOT",4.18340026773762,346,NA,NA,NA,NA,NA,NA,NA,NA,NA,NA,NA,NA,NA,181.4,42.973772745,-79.257176844,0,9.38,234,27,14.3424
228,0.92923,87,163,"2026-06-28_UCSOT",4.17292605575029,348,NA,NA,NA,NA,NA,NA,NA,NA,NA,NA,NA,NA,NA,181.6,42.973790179,-79.257211964,0.493671,9.57,236,27,14.3784
229,0.93324,87,163,"2026-06-28_UCSOT",4.15420405450316,351,NA,NA,NA,NA,NA,NA,NA,NA,NA,NA,NA,NA,NA,181.6,42.973811805,-79.257251024,0.493671,9.61,235,27,14.4432
230,0.93726,87,163,"2026-06-28_UCSOT",4.1438753522294,354,NA,NA,NA,NA,NA,NA,NA,NA,NA,NA,NA,NA,NA,181.6,42.973830329,-79.25728824,0.493671,9.61,235,27,14.4792
231,0.94131,88,164,"2026-06-28_UCSOT",4.11522633744856,356,NA,NA,NA,NA,NA,NA,NA,NA,NA,NA,NA,NA,NA,181.6,42.973845584,-79.257328724,0.493671,9.45,232,27,14.58
232,0.94536,88,164,"2026-06-28_UCSOT",4.11522633744856,357,NA,NA,NA,NA,NA,NA,NA,NA,NA,NA,NA,NA,NA,181.6,42.973866539,-79.257367951,1,9.46,232,27,14.58
233,0.94941,88,163,"2026-06-28_UCSOT",4.11522633744856,356,NA,NA,NA,NA,NA,NA,NA,NA,NA,NA,NA,NA,NA,181.6,42.973879531,-79.257403239,1,9.45,232,27,14.58
234,0.95348,88,164,"2026-06-28_UCSOT",4.09701737135365,352,NA,NA,NA,NA,NA,NA,NA,NA,NA,NA,NA,NA,NA,181.6,42.973895791,-79.257454117,0.5,9.46,232,27,14.6448
235,0.95753,88,164,"2026-06-28_UCSOT",4.10610166707728,351,NA,NA,NA,NA,NA,NA,NA,NA,NA,NA,NA,NA,NA,181.6,42.973905766,-79.257498374,0.5,9.49,231,27,14.6124
236,0.96155,88,164,"2026-06-28_UCSOT",4.15420405450316,350,NA,NA,NA,NA,NA,NA,NA,NA,NA,NA,NA,NA,NA,181.6,42.973930073,-79.257547408,0.5,9.46,232,27,14.4432
237,0.96556,88,164,"2026-06-28_UCSOT",4.15420405450316,350,NA,NA,NA,NA,NA,NA,NA,NA,NA,NA,NA,NA,NA,181.6,42.973932253,-79.257591497,0.5,9.42,233,27,14.4432
238,0.96965,87,163,"2026-06-28_UCSOT",4.07797080172906,346,NA,NA,NA,NA,NA,NA,NA,NA,NA,NA,NA,NA,NA,181.6,42.973938455,-79.257655367,0,9.45,232,27,14.7132
239,0.97379,87,163,"2026-06-28_UCSOT",4.02284978678896,346,NA,NA,NA,NA,NA,NA,NA,NA,NA,NA,NA,NA,NA,181.6,42.973937617,-79.257700881,0,9.69,233,27,14.9148
240,0.97793,87,162,"2026-06-28_UCSOT",4.02284978678896,351,NA,NA,NA,NA,NA,NA,NA,NA,NA,NA,NA,NA,NA,181.6,42.973944406,-79.257759638,0,9.73,232,27,14.9148
241,0.9822,86,161,"2026-06-28_UCSOT",3.90046025431001,357,NA,NA,NA,NA,NA,NA,NA,NA,NA,NA,NA,NA,NA,181.8,42.973956393,-79.257803056,0.468384,9.77,231,27,15.3828
242,0.98649,86,161,"2026-06-28_UCSOT",3.89135341271694,358,NA,NA,NA,NA,NA,NA,NA,NA,NA,NA,NA,NA,NA,181.8,42.973981957,-79.257845049,0.468384,10.08,230,27,15.4188
243,0.99073,87,160,"2026-06-28_UCSOT",3.92618767177071,367,NA,NA,NA,NA,NA,NA,NA,NA,NA,NA,NA,NA,NA,181.8,42.974011713,-79.257879583,0.468384,10.08,230,27,15.282
244,0.99492,88,160,"2026-06-28_UCSOT",3.97867430572133,369,NA,NA,NA,NA,NA,NA,NA,NA,NA,NA,NA,NA,NA,181.8,42.974039373,-79.257912272,0.468384,9.84,229,27,15.0804
245,0.99908,88,161,"2026-06-28_UCSOT",4.00544740847553,367,NA,NA,NA,NA,NA,NA,NA,NA,NA,NA,NA,NA,NA,182,42.974071141,-79.257944626,0.949153,9.6,228,27,14.9796
246,1.00322,88,161,"2026-06-28_UCSOT",4.03258327284458,363,NA,NA,NA,NA,NA,NA,NA,NA,NA,NA,NA,NA,NA,182,42.97409922,-79.257976645,0.949153,9.57,229,27,14.8788
247,1.00735,88,161,"2026-06-28_UCSOT",4.03258327284458,361,NA,NA,NA,NA,NA,NA,NA,NA,NA,NA,NA,NA,NA,182.2,42.974126378,-79.258018806,1.43341,9.53,230,27,14.8788
248,1.01146,88,161,"2026-06-28_UCSOT",4.05910050332846,359,NA,NA,NA,NA,NA,NA,NA,NA,NA,NA,NA,NA,NA,182.2,42.974133837,-79.25806432,1.43341,9.53,230,27,14.7816
249,1.01554,87,161,"2026-06-28_UCSOT",4.07797080172906,355,NA,NA,NA,NA,NA,NA,NA,NA,NA,NA,NA,NA,NA,182.2,42.974128305,-79.258113019,1.43341,9.49,231,27,14.7132
250,1.01958,86,161,"2026-06-28_UCSOT",4.12541254125412,354,NA,NA,NA,NA,NA,NA,NA,NA,NA,NA,NA,NA,NA,182.2,42.974101819,-79.258131375,1.43341,9.69,233,27,14.544
251,1.02358,86,161,"2026-06-28_UCSOT",4.17292605575029,352,NA,NA,NA,NA,NA,NA,NA,NA,NA,NA,NA,NA,NA,182.2,42.974063849,-79.258162807,0.965031,9.82,237,27,14.3784
252,1.02757,86,161,"2026-06-28_UCSOT",4.17292605575029,348,NA,NA,NA,NA,NA,NA,NA,NA,NA,NA,NA,NA,NA,182.2,42.974035099,-79.258172447,0.965031,9.77,238,27,14.3784
253,1.03157,86,163,"2026-06-28_UCSOT",4.16354400866017,344,NA,NA,NA,NA,NA,NA,NA,NA,NA,NA,NA,NA,NA,182.2,42.973997715,-79.258193401,0.965031,9.78,238,27,14.4108
254,1.03553,88,164,"2026-06-28_UCSOT",4.21300977418268,344,NA,NA,NA,NA,NA,NA,NA,NA,NA,NA,NA,NA,NA,182.2,42.973967121,-79.258205806,0.965031,9.57,236,27,14.2416
255,1.03949,88,164,"2026-06-28_UCSOT",4.21300977418268,342,NA,NA,NA,NA,NA,NA,NA,NA,NA,NA,NA,NA,NA,182.2,42.973928313,-79.25822475,0.484262,9.38,234,27,14.2416
256,1.04349,88,164,"2026-06-28_UCSOT",4.16354400866017,340,NA,NA,NA,NA,NA,NA,NA,NA,NA,NA,NA,NA,NA,182,42.973895959,-79.258236317,-0.0157385,9.42,233,27,14.4108
257,1.04751,89,164,"2026-06-28_UCSOT",4.1438753522294,343,NA,NA,NA,NA,NA,NA,NA,NA,NA,NA,NA,NA,NA,182,42.973858492,-79.258256517,-0.5,9.27,230,27,14.4792
258,1.05154,89,164,"2026-06-28_UCSOT",4.13462333581411,342,NA,NA,NA,NA,NA,NA,NA,NA,NA,NA,NA,NA,NA,182,42.973824126,-79.258274538,-0.5,9.27,230,27,14.5116
259,1.05561,89,164,"2026-06-28_UCSOT",4.09701737135365,343,NA,NA,NA,NA,NA,NA,NA,NA,NA,NA,NA,NA,NA,182,42.973789425,-79.258287111,-0.5,9.3,229,27,14.6448
260,1.0597,88,164,"2026-06-28_UCSOT",4.07797080172906,346,NA,NA,NA,NA,NA,NA,NA,NA,NA,NA,NA,NA,NA,181.8,42.973753131,-79.258297924,-0.988998,9.49,231,27,14.7132
261,1.06378,89,164,"2026-06-28_UCSOT",4.07797080172906,348,NA,NA,NA,NA,NA,NA,NA,NA,NA,NA,NA,NA,NA,181.8,42.973722705,-79.258294152,-0.988998,9.31,229,27,14.7132
262,1.06787,88,164,"2026-06-28_UCSOT",4.07797080172906,348,NA,NA,NA,NA,NA,NA,NA,NA,NA,NA,NA,NA,NA,181.6,42.9736787,-79.25828577,-1.478,9.49,231,27,14.7132
263,1.07198,87,164,"2026-06-28_UCSOT",4.05910050332846,350,NA,NA,NA,NA,NA,NA,NA,NA,NA,NA,NA,NA,NA,181.2,42.973650369,-79.258267916,-2.45123,9.69,233,27,14.7816
264,1.07609,87,164,"2026-06-28_UCSOT",4.05022276225192,353,NA,NA,NA,NA,NA,NA,NA,NA,NA,NA,NA,NA,NA,181,42.973616255,-79.258232377,-2.93785,9.73,232,27,14.814
265,1.08025,87,165,"2026-06-28_UCSOT",4.00544740847553,352,NA,NA,NA,NA,NA,NA,NA,NA,NA,NA,NA,NA,NA,180.8,42.973599324,-79.258193485,-3.41862,9.77,231,27,14.9796
266,1.08451,86,165,"2026-06-28_UCSOT",3.91696043869957,347,NA,NA,NA,NA,NA,NA,NA,NA,NA,NA,NA,NA,NA,180.6,42.973580464,-79.258148726,-3.3881,9.8,230,27,15.318
267,1.08877,86,165,"2026-06-28_UCSOT",3.90869293308318,343,NA,NA,NA,NA,NA,NA,NA,NA,NA,NA,NA,NA,NA,180.4,42.973566215,-79.258103128,-3.85759,10.05,231,27,15.3504
268,1.09302,86,164,"2026-06-28_UCSOT",3.92618767177071,344,NA,NA,NA,NA,NA,NA,NA,NA,NA,NA,NA,NA,NA,180.4,42.973556911,-79.258058285,-3.85759,10.05,231,27,15.282
269,1.09722,86,164,"2026-06-28_UCSOT",3.96070975918885,339,NA,NA,NA,NA,NA,NA,NA,NA,NA,NA,NA,NA,NA,180.2,42.973544338,-79.258004054,-4.33378,10.05,231,27,15.1488
270,1.10143,86,165,"2026-06-28_UCSOT",3.96070975918885,337,NA,NA,NA,NA,NA,NA,NA,NA,NA,NA,NA,NA,NA,180.2,42.973541237,-79.257959714,-3.84478,10.01,232,27,15.1488
271,1.10556,86,165,"2026-06-28_UCSOT",4.04138376980278,336,NA,NA,NA,NA,NA,NA,NA,NA,NA,NA,NA,NA,NA,180,42.97353143,-79.257906321,-4.32904,9.97,233,27,14.8464
272,1.10968,86,165,"2026-06-28_UCSOT",4.04138376980278,335,NA,NA,NA,NA,NA,NA,NA,NA,NA,NA,NA,NA,NA,180,42.973536375,-79.25786349,-3.84004,9.93,234,27,14.8464
273,1.1138,87,165,"2026-06-28_UCSOT",4.04138376980278,332,NA,NA,NA,NA,NA,NA,NA,NA,NA,NA,NA,NA,NA,180,42.973539812,-79.257807918,-2.86681,9.73,232,27,14.8464
274,1.11788,88,165,"2026-06-28_UCSOT",4.08697073728952,333,NA,NA,NA,NA,NA,NA,NA,NA,NA,NA,NA,NA,NA,180.2,42.9735492,-79.257774055,-1.88999,9.49,231,27,14.6808
275,1.12187,88,165,"2026-06-28_UCSOT",4.18340026773762,332,NA,NA,NA,NA,NA,NA,NA,NA,NA,NA,NA,NA,NA,180.2,42.97356127,-79.257721835,-1.40922,9.49,231,27,14.3424
276,1.12581,88,165,"2026-06-28_UCSOT",4.22261633307998,328,NA,NA,NA,NA,NA,NA,NA,NA,NA,NA,NA,NA,NA,180.4,42.973579626,-79.257690319,-0.432125,9.38,234,27,14.2092
277,1.12969,89,165,"2026-06-28_UCSOT",4.30440771349862,323,NA,NA,NA,NA,NA,NA,NA,NA,NA,NA,NA,NA,NA,180.4,42.973597228,-79.257641956,0.0373583,9.19,232,27,13.9392
278,1.13353,88,165,"2026-06-28_UCSOT",4.33576135969476,320,NA,NA,NA,NA,NA,NA,NA,NA,NA,NA,NA,NA,NA,180.6,42.973616674,-79.257605578,0.558192,9.26,237,27,13.8384
279,1.1374,89,165,"2026-06-28_UCSOT",4.30440771349862,316,NA,NA,NA,NA,NA,NA,NA,NA,NA,NA,NA,NA,NA,180.6,42.973631594,-79.257549084,1.03438,9.08,235,27,13.9392
280,1.14134,89,165,"2026-06-28_UCSOT",4.2322668020992,325,NA,NA,NA,NA,NA,NA,NA,NA,NA,NA,NA,NA,NA,180.6,42.973636539,-79.257501978,1.03438,9.11,234,27,14.1768
281,1.14528,89,166,"2026-06-28_UCSOT",4.2322668020992,339,NA,NA,NA,NA,NA,NA,NA,NA,NA,NA,NA,NA,NA,180.6,42.973622038,-79.257451268,1.51864,9.16,233,27,14.1768
282,1.14924,89,166,"2026-06-28_UCSOT",4.20238695579089,353,NA,NA,NA,NA,NA,NA,NA,NA,NA,NA,NA,NA,NA,180.6,42.973594211,-79.257412124,1.51864,9.19,232,27,14.2776
283,1.15327,89,166,"2026-06-28_UCSOT",4.13462333581411,359,NA,NA,NA,NA,NA,NA,NA,NA,NA,NA,NA,NA,NA,180.6,42.973568646,-79.257374154,1.51864,9.19,232,27,14.5116
284,1.15732,88,166,"2026-06-28_UCSOT",4.11522633744856,361,NA,NA,NA,NA,NA,NA,NA,NA,NA,NA,NA,NA,NA,180.6,42.973536375,-79.257342722,1.02845,9.45,232,27,14.58
285,1.1614,88,166,"2026-06-28_UCSOT",4.08697073728952,360,NA,NA,NA,NA,NA,NA,NA,NA,NA,NA,NA,NA,NA,180.6,42.973509386,-79.25730844,1.02845,9.46,232,27,14.6808
286,1.16554,88,166,"2026-06-28_UCSOT",4.02284978678896,352,NA,NA,NA,NA,NA,NA,NA,NA,NA,NA,NA,NA,NA,180.4,42.973468063,-79.257278433,0.0377415,9.49,231,27,14.9148
287,1.1697,88,166,"2026-06-28_UCSOT",4.00544740847553,351,NA,NA,NA,NA,NA,NA,NA,NA,NA,NA,NA,NA,NA,180.2,42.973438307,-79.257251192,-0.443028,9.57,229,27,14.9796
288,1.17387,88,166,"2026-06-28_UCSOT",4.00544740847553,358,NA,NA,NA,NA,NA,NA,NA,NA,NA,NA,NA,NA,NA,180.2,42.973394805,-79.257231494,-0.963861,9.57,229,27,14.9796
289,1.17801,88,166,"2026-06-28_UCSOT",4.02284978678896,360,NA,NA,NA,NA,NA,NA,NA,NA,NA,NA,NA,NA,NA,180,42.973367564,-79.257208611,-1.44695,9.57,229,27,14.9148
290,1.18213,88,166,"2026-06-28_UCSOT",4.04138376980278,360,NA,NA,NA,NA,NA,NA,NA,NA,NA,NA,NA,NA,NA,180,42.973324313,-79.257195368,-1.44695,9.53,230,27,14.8464
291,1.18626,88,166,"2026-06-28_UCSOT",4.04138376980278,361,NA,NA,NA,NA,NA,NA,NA,NA,NA,NA,NA,NA,NA,180,42.973293803,-79.257177934,-1.44695,9.53,230,27,14.8464
292,1.19032,87,166,"2026-06-28_UCSOT",4.10610166707728,362,NA,NA,NA,NA,NA,NA,NA,NA,NA,NA,NA,NA,NA,180,42.97325072,-79.257164271,-1.44695,9.65,234,27,14.6124
293,1.19438,87,166,"2026-06-28_UCSOT",4.09701737135365,358,NA,NA,NA,NA,NA,NA,NA,NA,NA,NA,NA,NA,NA,180,42.973216522,-79.257151866,-1.44695,9.65,234,27,14.6448
294,1.19846,88,166,"2026-06-28_UCSOT",4.08697073728952,354,NA,NA,NA,NA,NA,NA,NA,NA,NA,NA,NA,NA,NA,180,42.973176373,-79.257138958,-1.44695,9.49,231,27,14.6808
295,1.20255,88,167,"2026-06-28_UCSOT",4.07797080172906,353,NA,NA,NA,NA,NA,NA,NA,NA,NA,NA,NA,NA,NA,180,42.973138151,-79.257131833,-1.44695,9.49,231,27,14.7132
296,1.20666,87,167,"2026-06-28_UCSOT",4.05022276225192,353,NA,NA,NA,NA,NA,NA,NA,NA,NA,NA,NA,NA,NA,180,42.973105462,-79.257118422,-0.963861,9.73,232,27,14.814
297,1.21077,88,166,"2026-06-28_UCSOT",4.05910050332846,353,NA,NA,NA,NA,NA,NA,NA,NA,NA,NA,NA,NA,NA,180,42.973063133,-79.257108699,-0.483092,9.53,230,27,14.7816
298,1.21487,87,166,"2026-06-28_UCSOT",4.06901041666667,350,NA,NA,NA,NA,NA,NA,NA,NA,NA,NA,NA,NA,NA,180,42.973034635,-79.257091181,-0.483092,9.69,233,27,14.7456
299,1.21898,87,167,"2026-06-28_UCSOT",4.05022276225192,347,NA,NA,NA,NA,NA,NA,NA,NA,NA,NA,NA,NA,NA,180,42.972991971,-79.25708699,0,9.73,232,27,14.814
300,1.22312,87,166,"2026-06-28_UCSOT",4.02284978678896,348,NA,NA,NA,NA,NA,NA,NA,NA,NA,NA,NA,NA,NA,180,42.972964562,-79.257074417,0,9.73,232,27,14.9148
301,1.22728,87,167,"2026-06-28_UCSOT",4.00544740847553,350,NA,NA,NA,NA,NA,NA,NA,NA,NA,NA,NA,NA,NA,180,42.972920054,-79.257075423,0,9.73,232,27,14.9796
302,1.23145,87,167,"2026-06-28_UCSOT",4.00544740847553,349,NA,NA,NA,NA,NA,NA,NA,NA,NA,NA,NA,NA,NA,179.8,42.972891053,-79.257065365,-0.479616,9.77,231,27,14.9796
303,1.23564,87,168,"2026-06-28_UCSOT",3.97867430572133,353,NA,NA,NA,NA,NA,NA,NA,NA,NA,NA,NA,NA,NA,179.8,42.972848221,-79.257062347,-0.479616,9.8,230,27,15.0804
304,1.23982,87,167,"2026-06-28_UCSOT",3.98724082934609,357,NA,NA,NA,NA,NA,NA,NA,NA,NA,NA,NA,NA,NA,179.8,42.972814777,-79.257051618,-0.479616,9.8,230,27,15.048
305,1.24398,87,167,"2026-06-28_UCSOT",4.00544740847553,356,NA,NA,NA,NA,NA,NA,NA,NA,NA,NA,NA,NA,NA,179.8,42.972778735,-79.257044913,-0.479616,9.77,231,27,14.9796
306,1.24811,87,167,"2026-06-28_UCSOT",4.03258327284458,355,NA,NA,NA,NA,NA,NA,NA,NA,NA,NA,NA,NA,NA,179.8,42.972741268,-79.257044661,-0.479616,9.77,231,27,14.8788
307,1.2522,87,167,"2026-06-28_UCSOT",4.07797080172906,353,NA,NA,NA,NA,NA,NA,NA,NA,NA,NA,NA,NA,NA,179.6,42.972710423,-79.257037956,-0.968614,9.73,232,27,14.7132
308,1.25624,87,167,"2026-06-28_UCSOT",4.12541254125412,350,NA,NA,NA,NA,NA,NA,NA,NA,NA,NA,NA,NA,NA,179.6,42.972666418,-79.257038543,-0.968614,9.69,233,27,14.544
309,1.26023,86,167,"2026-06-28_UCSOT",4.17292605575029,348,NA,NA,NA,NA,NA,NA,NA,NA,NA,NA,NA,NA,NA,179.6,42.9726375,-79.25702597,-0.968614,9.65,234,27,14.3784
310,1.26409,86,167,"2026-06-28_UCSOT",4.31443610320131,344,NA,NA,NA,NA,NA,NA,NA,NA,NA,NA,NA,NA,NA,179.4,42.972626352,-79.257003255,-1.48675,9.65,241,27,13.9068
311,1.26767,85,166,"2026-06-28_UCSOT",4.6633090841261,341,NA,NA,NA,NA,NA,NA,NA,NA,NA,NA,NA,NA,NA,179.4,42.972640099,-79.256984731,-1.48675,9.65,241,27,12.8664
312,1.27124,85,166,"2026-06-28_UCSOT",4.6633090841261,332,NA,NA,NA,NA,NA,NA,NA,NA,NA,NA,NA,NA,NA,179.4,42.972664909,-79.256985401,-1.00713,9.46,252,27,12.8664
313,1.27468,82,166,"2026-06-28_UCSOT",4.84073966502082,312,NA,NA,NA,NA,NA,NA,NA,NA,NA,NA,NA,NA,NA,179.4,42.972706986,-79.256993699,-1.00713,9.69,260,27,12.3948
314,1.27813,82,166,"2026-06-28_UCSOT",4.84073966502082,304,NA,NA,NA,NA,NA,NA,NA,NA,NA,NA,NA,NA,NA,179.4,42.972740178,-79.257005183,-1.00713,9.86,263,27,12.3948
315,1.28169,85,167,"2026-06-28_UCSOT",4.67639356528245,303,NA,NA,NA,NA,NA,NA,NA,NA,NA,NA,NA,NA,NA,179.4,42.97277949,-79.257017839,-1.00713,9.86,263,27,12.8304
316,1.28553,86,166,"2026-06-28_UCSOT",4.34593654932638,303,NA,NA,NA,NA,NA,NA,NA,NA,NA,NA,NA,NA,NA,179.4,42.972816286,-79.257029993,-1.00713,9.46,252,27,13.806
317,1.28948,87,165,"2026-06-28_UCSOT",4.21300977418268,313,NA,NA,NA,NA,NA,NA,NA,NA,NA,NA,NA,NA,NA,179.2,42.972849478,-79.257045416,-1.02446,9.53,237,27,14.2416
318,1.29346,88,164,"2026-06-28_UCSOT",4.19287211740042,333,NA,NA,NA,NA,NA,NA,NA,NA,NA,NA,NA,NA,NA,179.2,42.972889628,-79.257052205,-1.02446,9.53,237,27,14.31
319,1.29745,87,165,"2026-06-28_UCSOT",4.17292605575029,343,NA,NA,NA,NA,NA,NA,NA,NA,NA,NA,NA,NA,NA,179.2,42.972920306,-79.257063605,-1.02446,9.38,234,27,14.3784
320,1.30144,88,165,"2026-06-28_UCSOT",4.18340026773762,344,NA,NA,NA,NA,NA,NA,NA,NA,NA,NA,NA,NA,NA,179.4,42.972962802,-79.257072825,0,9.57,236,27,14.3424
321,1.30542,88,165,"2026-06-28_UCSOT",4.18340026773762,344,NA,NA,NA,NA,NA,NA,NA,NA,NA,NA,NA,NA,NA,179.4,42.972990797,-79.257090594,0,9.38,234,27,14.3424
322,1.30943,87,165,"2026-06-28_UCSOT",4.15420405450316,345,NA,NA,NA,NA,NA,NA,NA,NA,NA,NA,NA,NA,NA,179.4,42.973035305,-79.2570973,0,9.61,235,27,14.4432
323,1.31345,87,165,"2026-06-28_UCSOT",4.1438753522294,347,NA,NA,NA,NA,NA,NA,NA,NA,NA,NA,NA,NA,NA,179.4,42.973067659,-79.257110627,0,9.61,235,27,14.4792
324,1.31749,87,165,"2026-06-28_UCSOT",4.12541254125412,347,NA,NA,NA,NA,NA,NA,NA,NA,NA,NA,NA,NA,NA,179.4,42.973107976,-79.257118255,0,9.65,234,27,14.544
325,1.32156,88,165,"2026-06-28_UCSOT",4.09701737135365,349,NA,NA,NA,NA,NA,NA,NA,NA,NA,NA,NA,NA,NA,179.2,42.973135385,-79.257130744,-0.496476,9.49,231,27,14.6448
326,1.32564,88,165,"2026-06-28_UCSOT",4.08697073728952,351,NA,NA,NA,NA,NA,NA,NA,NA,NA,NA,NA,NA,NA,179.2,42.973172768,-79.257137617,-0.496476,9.49,231,27,14.6808
327,1.32973,88,165,"2026-06-28_UCSOT",4.07797080172906,350,NA,NA,NA,NA,NA,NA,NA,NA,NA,NA,NA,NA,NA,179.2,42.973208475,-79.257145328,0,9.49,231,27,14.7132
328,1.33382,88,165,"2026-06-28_UCSOT",4.06901041666667,350,NA,NA,NA,NA,NA,NA,NA,NA,NA,NA,NA,NA,NA,179.2,42.973246529,-79.257154045,0,9.49,231,27,14.7456
329,1.33794,88,164,"2026-06-28_UCSOT",4.05022276225192,349,NA,NA,NA,NA,NA,NA,NA,NA,NA,NA,NA,NA,NA,179.4,42.973285421,-79.257165864,0.49529,9.53,230,27,14.814
330,1.34202,87,164,"2026-06-28_UCSOT",4.07797080172906,354,NA,NA,NA,NA,NA,NA,NA,NA,NA,NA,NA,NA,NA,179.2,42.973314339,-79.257184052,-0.49616,9.69,233,27,14.7132
331,1.34606,87,164,"2026-06-28_UCSOT",4.12541254125412,355,NA,NA,NA,NA,NA,NA,NA,NA,NA,NA,NA,NA,NA,179.4,42.973351387,-79.257200816,0,9.65,234,27,14.544
332,1.35007,87,165,"2026-06-28_UCSOT",4.16354400866017,355,NA,NA,NA,NA,NA,NA,NA,NA,NA,NA,NA,NA,NA,179.2,42.973380472,-79.257222777,-0.499863,9.61,235,27,14.4108
333,1.35406,87,165,"2026-06-28_UCSOT",4.17292605575029,351,NA,NA,NA,NA,NA,NA,NA,NA,NA,NA,NA,NA,NA,179.2,42.973421208,-79.257241888,-0.499863,9.57,236,27,14.3784
334,1.35803,88,166,"2026-06-28_UCSOT",4.20238695579089,350,NA,NA,NA,NA,NA,NA,NA,NA,NA,NA,NA,NA,NA,179,42.973447779,-79.257263261,-1.00364,9.38,234,27,14.2776
335,1.36203,88,166,"2026-06-28_UCSOT",4.16354400866017,344,NA,NA,NA,NA,NA,NA,NA,NA,NA,NA,NA,NA,NA,179,42.973482815,-79.257288742,-0.512241,9.42,233,27,14.4108
336,1.36612,87,167,"2026-06-28_UCSOT",4.07797080172906,344,NA,NA,NA,NA,NA,NA,NA,NA,NA,NA,NA,NA,NA,179,42.973506955,-79.257318498,-0.512241,9.69,233,27,14.7132
337,1.3702,87,167,"2026-06-28_UCSOT",4.07797080172906,350,NA,NA,NA,NA,NA,NA,NA,NA,NA,NA,NA,NA,NA,179,42.973533526,-79.257355714,-0.512241,9.69,233,27,14.7132
338,1.37428,86,167,"2026-06-28_UCSOT",4.08697073728952,353,NA,NA,NA,NA,NA,NA,NA,NA,NA,NA,NA,NA,NA,179,42.973561018,-79.257390331,-0.512241,9.86,236,27,14.6808
339,1.37832,86,167,"2026-06-28_UCSOT",4.12541254125412,353,NA,NA,NA,NA,NA,NA,NA,NA,NA,NA,NA,NA,NA,178.8,42.973584655,-79.257418746,-1.49273,9.86,236,27,14.544
340,1.38236,86,167,"2026-06-28_UCSOT",4.12541254125412,355,NA,NA,NA,NA,NA,NA,NA,NA,NA,NA,NA,NA,NA,178.8,42.973617009,-79.257430564,-1.00253,9.82,237,27,14.544
341,1.38608,86,167,"2026-06-28_UCSOT",4.476676515355,351,NA,NA,NA,NA,NA,NA,NA,NA,NA,NA,NA,NA,NA,178.8,42.973638216,-79.257404329,-1.49758,9.48,245,27,13.4028
342,1.38969,84,167,"2026-06-28_UCSOT",4.61552663158866,342,NA,NA,NA,NA,NA,NA,NA,NA,NA,NA,NA,NA,NA,178.8,42.973651291,-79.257362419,-0.998828,9.48,245,27,12.9996
343,1.3933,84,167,"2026-06-28_UCSOT",4.61552663158866,325,NA,NA,NA,NA,NA,NA,NA,NA,NA,NA,NA,NA,NA,178.8,42.973651878,-79.257305171,-0.998828,9.71,253,27,12.9996
344,1.39688,82,167,"2026-06-28_UCSOT",4.6633090841261,317,NA,NA,NA,NA,NA,NA,NA,NA,NA,NA,NA,NA,NA,178.8,42.973657913,-79.257260328,-0.49505,9.67,254,27,12.8664
345,1.40045,82,167,"2026-06-28_UCSOT",4.6633090841261,314,NA,NA,NA,NA,NA,NA,NA,NA,NA,NA,NA,NA,NA,178.8,42.973659841,-79.257201906,-0.49505,10.02,260,27,12.8664
346,1.40407,83,167,"2026-06-28_UCSOT",4.60405156537753,311,NA,NA,NA,NA,NA,NA,NA,NA,NA,NA,NA,NA,NA,178.8,42.973664619,-79.257158488,-0.49505,9.89,256,27,13.032
347,1.40803,86,168,"2026-06-28_UCSOT",4.21300977418268,315,NA,NA,NA,NA,NA,NA,NA,NA,NA,NA,NA,NA,NA,178.8,42.973661853,-79.257107023,-0.49505,9.73,239,27,14.2416
348,1.41198,86,168,"2026-06-28_UCSOT",4.21300977418268,332,NA,NA,NA,NA,NA,NA,NA,NA,NA,NA,NA,NA,NA,178.8,42.973642155,-79.257066203,-0.49505,9.73,239,27,14.2416
349,1.4159,86,168,"2026-06-28_UCSOT",4.25278557455133,340,NA,NA,NA,NA,NA,NA,NA,NA,NA,NA,NA,NA,NA,178.8,42.97361659,-79.25703343,0,9.73,239,27,14.1084
350,1.41984,85,168,"2026-06-28_UCSOT",4.2322668020992,339,NA,NA,NA,NA,NA,NA,NA,NA,NA,NA,NA,NA,NA,178.8,42.973579542,-79.257023874,0,9.69,240,27,14.1768
351,1.42376,85,168,"2026-06-28_UCSOT",4.25278557455133,339,NA,NA,NA,NA,NA,NA,NA,NA,NA,NA,NA,NA,NA,178.8,42.973547775,-79.257008452,0,9.9,242,27,14.1084
352,1.42768,85,167,"2026-06-28_UCSOT",4.25278557455133,341,NA,NA,NA,NA,NA,NA,NA,NA,NA,NA,NA,NA,NA,178.6,42.973499495,-79.256997807,-0.510204,9.86,243,27,14.1084
353,1.4316,85,168,"2026-06-28_UCSOT",4.25278557455133,339,NA,NA,NA,NA,NA,NA,NA,NA,NA,NA,NA,NA,NA,178.4,42.973466387,-79.256982887,-1.02041,9.86,243,27,14.1084
354,1.43555,86,168,"2026-06-28_UCSOT",4.21300977418268,338,NA,NA,NA,NA,NA,NA,NA,NA,NA,NA,NA,NA,NA,178.4,42.973424561,-79.256971068,-1.02041,9.86,243,27,14.2416
355,1.43954,87,168,"2026-06-28_UCSOT",4.18340026773762,337,NA,NA,NA,NA,NA,NA,NA,NA,NA,NA,NA,NA,NA,178.4,42.973389944,-79.256961178,-1.02041,9.73,239,27,14.3424
356,1.44356,87,168,"2026-06-28_UCSOT",4.1438753522294,340,NA,NA,NA,NA,NA,NA,NA,NA,NA,NA,NA,NA,NA,178.4,42.973353315,-79.256951455,-1.02041,9.57,236,27,14.4792
357,1.44758,87,168,"2026-06-28_UCSOT",4.1438753522294,343,NA,NA,NA,NA,NA,NA,NA,NA,NA,NA,NA,NA,NA,178.4,42.973315596,-79.256945587,-1.02041,9.61,235,27,14.4792
358,1.45159,88,168,"2026-06-28_UCSOT",4.15420405450316,348,NA,NA,NA,NA,NA,NA,NA,NA,NA,NA,NA,NA,NA,178.4,42.973284415,-79.256936032,-1.02041,9.42,233,27,14.4432
359,1.45563,88,169,"2026-06-28_UCSOT",4.12541254125412,348,NA,NA,NA,NA,NA,NA,NA,NA,NA,NA,NA,NA,NA,178.2,42.97324326,-79.256932092,-1.51546,9.46,232,27,14.544
360,1.45966,88,169,"2026-06-28_UCSOT",4.1438753522294,349,NA,NA,NA,NA,NA,NA,NA,NA,NA,NA,NA,NA,NA,178.2,42.973214594,-79.256923291,-1.51546,9.42,233,27,14.4792
361,1.46367,88,170,"2026-06-28_UCSOT",4.15420405450316,348,NA,NA,NA,NA,NA,NA,NA,NA,NA,NA,NA,NA,NA,178.2,42.973170338,-79.256924297,-1.51546,9.42,233,27,14.4432
362,1.46769,86,169,"2026-06-28_UCSOT",4.1438753522294,346,NA,NA,NA,NA,NA,NA,NA,NA,NA,NA,NA,NA,NA,178.2,42.973141085,-79.256917759,-1.00525,9.81,237,27,14.4792
363,1.47169,86,169,"2026-06-28_UCSOT",4.16354400866017,342,NA,NA,NA,NA,NA,NA,NA,NA,NA,NA,NA,NA,NA,178,42.97309708,-79.25691206,-0.99505,9.78,238,27,14.4108
364,1.47572,86,169,"2026-06-28_UCSOT",4.13462333581411,342,NA,NA,NA,NA,NA,NA,NA,NA,NA,NA,NA,NA,NA,178,42.973065396,-79.25690284,-0.99505,9.82,237,27,14.5116
365,1.47975,87,169,"2026-06-28_UCSOT",4.13462333581411,343,NA,NA,NA,NA,NA,NA,NA,NA,NA,NA,NA,NA,NA,178,42.973024409,-79.256898313,-0.99505,9.61,235,27,14.5116
366,1.48379,87,169,"2026-06-28_UCSOT",4.12541254125412,342,NA,NA,NA,NA,NA,NA,NA,NA,NA,NA,NA,NA,NA,178,42.972988367,-79.256890015,-0.99505,9.65,234,27,14.544
367,1.48783,87,169,"2026-06-28_UCSOT",4.12541254125412,342,NA,NA,NA,NA,NA,NA,NA,NA,NA,NA,NA,NA,NA,178,42.972949055,-79.256880879,-0.99505,9.65,234,27,14.544
368,1.49192,87,169,"2026-06-28_UCSOT",4.07797080172906,341,NA,NA,NA,NA,NA,NA,NA,NA,NA,NA,NA,NA,NA,178,42.972909493,-79.25687937,-0.99505,9.69,233,27,14.7132
369,1.496,87,169,"2026-06-28_UCSOT",4.08697073728952,344,NA,NA,NA,NA,NA,NA,NA,NA,NA,NA,NA,NA,NA,178,42.972875798,-79.256869815,-0.5,9.69,233,27,14.6808
370,1.50012,87,169,"2026-06-28_UCSOT",4.04138376980278,343,NA,NA,NA,NA,NA,NA,NA,NA,NA,NA,NA,NA,NA,178,42.972834726,-79.256864031,-0.5,9.73,232,27,14.8464
371,1.50427,87,169,"2026-06-28_UCSOT",4.01412973667309,345,NA,NA,NA,NA,NA,NA,NA,NA,NA,NA,NA,NA,NA,177.8,42.972806144,-79.256851039,-0.981928,9.76,231,27,14.9472
372,1.50846,87,169,"2026-06-28_UCSOT",3.97867430572133,347,NA,NA,NA,NA,NA,NA,NA,NA,NA,NA,NA,NA,NA,177.8,42.972764151,-79.256849112,-0.981928,9.8,230,27,15.0804
373,1.51265,87,169,"2026-06-28_UCSOT",3.97867430572133,348,NA,NA,NA,NA,NA,NA,NA,NA,NA,NA,NA,NA,NA,177.8,42.972733892,-79.256840143,-0.481928,9.8,230,27,15.0804
374,1.51679,87,169,"2026-06-28_UCSOT",4.03258327284458,351,NA,NA,NA,NA,NA,NA,NA,NA,NA,NA,NA,NA,NA,177.6,42.972689887,-79.256837545,-0.965019,9.8,230,27,14.8788
375,1.52086,88,169,"2026-06-28_UCSOT",4.08697073728952,351,NA,NA,NA,NA,NA,NA,NA,NA,NA,NA,NA,NA,NA,177.6,42.972661472,-79.256825139,-0.965019,9.53,230,27,14.6808
376,1.52493,88,170,"2026-06-28_UCSOT",4.09701737135365,346,NA,NA,NA,NA,NA,NA,NA,NA,NA,NA,NA,NA,NA,177.8,42.972618222,-79.256817931,-0.473619,9.49,231,27,14.6448
377,1.52895,89,170,"2026-06-28_UCSOT",4.1438753522294,343,NA,NA,NA,NA,NA,NA,NA,NA,NA,NA,NA,NA,NA,177.8,42.972587963,-79.256806532,-0.473619,9.27,230,27,14.4792
378,1.53299,88,170,"2026-06-28_UCSOT",4.12541254125412,344,NA,NA,NA,NA,NA,NA,NA,NA,NA,NA,NA,NA,NA,177.6,42.972546808,-79.256799407,-0.968669,9.42,233,27,14.544
379,1.53703,88,170,"2026-06-28_UCSOT",4.12541254125412,340,NA,NA,NA,NA,NA,NA,NA,NA,NA,NA,NA,NA,NA,177.6,42.972513197,-79.25678784,-0.968669,9.46,232,27,14.544
380,1.54114,88,169,"2026-06-28_UCSOT",4.05910050332846,342,NA,NA,NA,NA,NA,NA,NA,NA,NA,NA,NA,NA,NA,177.6,42.972474304,-79.256781051,-0.968669,9.53,230,27,14.7816
381,1.54525,88,169,"2026-06-28_UCSOT",4.05022276225192,347,NA,NA,NA,NA,NA,NA,NA,NA,NA,NA,NA,NA,NA,177.4,42.972438598,-79.25677577,-0.973359,9.53,230,27,14.814
382,1.54939,88,169,"2026-06-28_UCSOT",4.03258327284458,348,NA,NA,NA,NA,NA,NA,NA,NA,NA,NA,NA,NA,NA,177.4,42.972402304,-79.25676722,-0.973359,9.53,230,27,14.8788
383,1.55351,88,169,"2026-06-28_UCSOT",4.04138376980278,349,NA,NA,NA,NA,NA,NA,NA,NA,NA,NA,NA,NA,NA,177.4,42.972364669,-79.256758168,-0.973359,9.53,230,27,14.8464
384,1.55757,89,169,"2026-06-28_UCSOT",4.10610166707728,351,NA,NA,NA,NA,NA,NA,NA,NA,NA,NA,NA,NA,NA,177.4,42.972333572,-79.256740398,-0.490267,9.34,228,27,14.6124
385,1.56164,88,169,"2026-06-28_UCSOT",4.09701737135365,350,NA,NA,NA,NA,NA,NA,NA,NA,NA,NA,NA,NA,NA,177.2,42.972293423,-79.256735453,-0.981668,9.46,232,27,14.6448
386,1.56566,87,169,"2026-06-28_UCSOT",4.1438753522294,345,NA,NA,NA,NA,NA,NA,NA,NA,NA,NA,NA,NA,NA,177.2,42.972262242,-79.256720617,-1.47307,9.65,234,27,14.4792
387,1.56968,87,169,"2026-06-28_UCSOT",4.1438753522294,344,NA,NA,NA,NA,NA,NA,NA,NA,NA,NA,NA,NA,NA,177.2,42.97222092,-79.256718019,-1.47307,9.61,235,27,14.4792
388,1.57366,88,169,"2026-06-28_UCSOT",4.19287211740042,341,NA,NA,NA,NA,NA,NA,NA,NA,NA,NA,NA,NA,NA,177.2,42.972188984,-79.256710307,-0.978018,9.38,234,27,14.31
389,1.57761,87,169,"2026-06-28_UCSOT",4.21300977418268,337,NA,NA,NA,NA,NA,NA,NA,NA,NA,NA,NA,NA,NA,177.2,42.972145231,-79.256713241,-0.978018,9.53,237,27,14.2416
390,1.58162,87,169,"2026-06-28_UCSOT",4.16354400866017,337,NA,NA,NA,NA,NA,NA,NA,NA,NA,NA,NA,NA,NA,177,42.97211162,-79.25670729,-1.47677,9.61,235,27,14.4108
391,1.58561,87,168,"2026-06-28_UCSOT",4.17292605575029,340,NA,NA,NA,NA,NA,NA,NA,NA,NA,NA,NA,NA,NA,177,42.972072141,-79.256704105,-0.990154,9.57,236,27,14.3784
392,1.58963,87,168,"2026-06-28_UCSOT",4.1438753522294,340,NA,NA,NA,NA,NA,NA,NA,NA,NA,NA,NA,NA,NA,177,42.972037356,-79.256695052,-0.990154,9.61,235,27,14.4792
393,1.59369,87,168,"2026-06-28_UCSOT",4.10610166707728,340,NA,NA,NA,NA,NA,NA,NA,NA,NA,NA,NA,NA,NA,176.8,42.972002068,-79.256685665,-1.48276,9.65,234,27,14.6124
394,1.59779,87,168,"2026-06-28_UCSOT",4.06901041666667,345,NA,NA,NA,NA,NA,NA,NA,NA,NA,NA,NA,NA,NA,176.8,42.971963008,-79.256678037,-1.48276,9.69,233,27,14.7456
395,1.60187,87,168,"2026-06-28_UCSOT",4.07797080172906,347,NA,NA,NA,NA,NA,NA,NA,NA,NA,NA,NA,NA,NA,176.8,42.971931073,-79.25666362,-0.991364,9.69,233,27,14.7132
396,1.60599,87,168,"2026-06-28_UCSOT",4.05022276225192,348,NA,NA,NA,NA,NA,NA,NA,NA,NA,NA,NA,NA,NA,176.8,42.971892181,-79.256657837,-0.991364,9.73,232,27,14.814
397,1.61011,88,168,"2026-06-28_UCSOT",4.04138376980278,351,NA,NA,NA,NA,NA,NA,NA,NA,NA,NA,NA,NA,NA,176.8,42.97186209,-79.256646353,-0.991364,9.53,230,27,14.8464
398,1.6142,88,168,"2026-06-28_UCSOT",4.07797080172906,352,NA,NA,NA,NA,NA,NA,NA,NA,NA,NA,NA,NA,NA,176.8,42.9718206,-79.256647192,-0.991364,9.49,231,27,14.7132
399,1.61824,88,168,"2026-06-28_UCSOT",4.12541254125412,348,NA,NA,NA,NA,NA,NA,NA,NA,NA,NA,NA,NA,NA,176.8,42.97179361,-79.256633613,-0.991364,9.46,232,27,14.544
400,1.62224,88,168,"2026-06-28_UCSOT",4.16354400866017,345,NA,NA,NA,NA,NA,NA,NA,NA,NA,NA,NA,NA,NA,176.6,42.971749437,-79.256627578,-0.992611,9.42,233,27,14.4108
401,1.62624,88,168,"2026-06-28_UCSOT",4.17292605575029,342,NA,NA,NA,NA,NA,NA,NA,NA,NA,NA,NA,NA,NA,176.6,42.97172228,-79.256620118,-0.992611,9.42,233,27,14.3784
402,1.63021,87,168,"2026-06-28_UCSOT",4.19287211740042,341,NA,NA,NA,NA,NA,NA,NA,NA,NA,NA,NA,NA,NA,176.6,42.971680035,-79.256614335,-0.992611,9.57,236,27,14.31
403,1.63419,87,168,"2026-06-28_UCSOT",4.18340026773762,339,NA,NA,NA,NA,NA,NA,NA,NA,NA,NA,NA,NA,NA,176.4,42.971646675,-79.256609724,-1.00251,9.57,236,27,14.3424
404,1.63817,87,168,"2026-06-28_UCSOT",4.19287211740042,340,NA,NA,NA,NA,NA,NA,NA,NA,NA,NA,NA,NA,NA,176.4,42.971609544,-79.25660436,-1.00251,9.57,236,27,14.31
405,1.64215,87,168,"2026-06-28_UCSOT",4.18340026773762,342,NA,NA,NA,NA,NA,NA,NA,NA,NA,NA,NA,NA,NA,176.4,42.971573334,-79.256600504,-1.00251,9.57,236,27,14.3424
406,1.64613,87,168,"2026-06-28_UCSOT",4.19287211740042,343,NA,NA,NA,NA,NA,NA,NA,NA,NA,NA,NA,NA,NA,176.4,42.971541566,-79.256594972,-1.00251,9.57,236,27,14.31
407,1.65011,87,168,"2026-06-28_UCSOT",4.18340026773762,343,NA,NA,NA,NA,NA,NA,NA,NA,NA,NA,NA,NA,NA,176.4,42.971505189,-79.256595224,-1.00251,9.57,236,27,14.3424
408,1.6542,87,168,"2026-06-28_UCSOT",4.07797080172906,342,NA,NA,NA,NA,NA,NA,NA,NA,NA,NA,NA,NA,NA,176.2,42.971471996,-79.256589776,-1.49151,9.61,235,27,14.7132
409,1.65836,87,168,"2026-06-28_UCSOT",4.00544740847553,344,NA,NA,NA,NA,NA,NA,NA,NA,NA,NA,NA,NA,NA,176.2,42.971429081,-79.256594889,-1.49151,9.77,231,27,14.9796
410,1.66252,87,168,"2026-06-28_UCSOT",4.00544740847553,348,NA,NA,NA,NA,NA,NA,NA,NA,NA,NA,NA,NA,NA,176.2,42.971395302,-79.256590027,-0.99151,9.77,231,27,14.9796
411,1.66672,87,168,"2026-06-28_UCSOT",3.96919901563864,352,NA,NA,NA,NA,NA,NA,NA,NA,NA,NA,NA,NA,NA,176,42.971353393,-79.256595643,-1.4677,9.8,230,27,15.1164
412,1.67087,87,168,"2026-06-28_UCSOT",4.01412973667309,352,NA,NA,NA,NA,NA,NA,NA,NA,NA,NA,NA,NA,NA,176,42.971324475,-79.256590949,-1.4677,9.8,230,28,14.9472
413,1.67495,87,168,"2026-06-28_UCSOT",4.08697073728952,352,NA,NA,NA,NA,NA,NA,NA,NA,NA,NA,NA,NA,NA,176,42.971285332,-79.256591536,-0.965188,9.69,233,27,14.6808
414,1.67899,87,167,"2026-06-28_UCSOT",4.12541254125412,348,NA,NA,NA,NA,NA,NA,NA,NA,NA,NA,NA,NA,NA,176,42.97125348,-79.256588937,-0.965188,9.69,233,27,14.544
415,1.68298,88,168,"2026-06-28_UCSOT",4.18340026773762,342,NA,NA,NA,NA,NA,NA,NA,NA,NA,NA,NA,NA,NA,176,42.971217019,-79.256579885,-0.965188,9.65,234,27,14.3424
416,1.68696,88,168,"2026-06-28_UCSOT",4.18340026773762,342,NA,NA,NA,NA,NA,NA,NA,NA,NA,NA,NA,NA,NA,176,42.9711793,-79.256570665,-0.965188,9.38,234,27,14.3424
417,1.69095,87,168,"2026-06-28_UCSOT",4.17292605575029,339,NA,NA,NA,NA,NA,NA,NA,NA,NA,NA,NA,NA,NA,175.8,42.97114988,-79.256556248,-1.46644,9.57,236,27,14.3784
418,1.69503,87,167,"2026-06-28_UCSOT",4.08697073728952,338,NA,NA,NA,NA,NA,NA,NA,NA,NA,NA,NA,NA,NA,175.6,42.971106881,-79.256543675,-1.46764,9.61,235,27,14.6808
419,1.69915,85,167,"2026-06-28_UCSOT",4.04138376980278,339,NA,NA,NA,NA,NA,NA,NA,NA,NA,NA,NA,NA,NA,175.4,42.97107218,-79.256524313,-1.95308,9.69,233,27,14.8464
420,1.70337,85,167,"2026-06-28_UCSOT",3.95225673859774,342,NA,NA,NA,NA,NA,NA,NA,NA,NA,NA,NA,NA,NA,175,42.971036557,-79.256501598,-2.90094,10.11,237,28,15.1812
421,1.70759,85,167,"2026-06-28_UCSOT",3.95225673859774,345,NA,NA,NA,NA,NA,NA,NA,NA,NA,NA,NA,NA,NA,174.4,42.970994396,-79.256479805,-3.84655,10.22,234,28,15.1812
422,1.71191,84,167,"2026-06-28_UCSOT",3.85802469135802,349,NA,NA,NA,NA,NA,NA,NA,NA,NA,NA,NA,NA,NA,174,42.970964891,-79.256459605,-4.77248,10.52,234,27,15.552
423,1.71634,84,166,"2026-06-28_UCSOT",3.76052948255114,343,NA,NA,NA,NA,NA,NA,NA,NA,NA,NA,NA,NA,NA,173.8,42.970920132,-79.256449882,-5.22395,10.64,231,28,15.9552
424,1.72083,83,166,"2026-06-28_UCSOT",3.71360665478313,339,NA,NA,NA,NA,NA,NA,NA,NA,NA,NA,NA,NA,NA,173.6,42.970887778,-79.2564358,-5.66938,10.87,233,28,16.1568
425,1.72527,83,167,"2026-06-28_UCSOT",3.75290850409067,335,NA,NA,NA,NA,NA,NA,NA,NA,NA,NA,NA,NA,NA,173.4,42.970845701,-79.256428256,-6.11983,10.83,234,28,15.9876
426,1.72966,83,167,"2026-06-28_UCSOT",3.80083618396047,327,NA,NA,NA,NA,NA,NA,NA,NA,NA,NA,NA,NA,NA,173.4,42.970807647,-79.256427837,-6.11983,10.79,235,28,15.786
427,1.73393,83,168,"2026-06-28_UCSOT",3.90046025431001,322,NA,NA,NA,NA,NA,NA,NA,NA,NA,NA,NA,NA,NA,173.4,42.970773281,-79.256420629,-5.61858,10.68,238,28,15.3828
428,1.7381,86,167,"2026-06-28_UCSOT",3.99584432190522,316,NA,NA,NA,NA,NA,NA,NA,NA,NA,NA,NA,NA,NA,173.2,42.970733216,-79.256420964,-5.608,9.97,233,28,15.0156
429,1.74221,86,166,"2026-06-28_UCSOT",4.05910050332846,318,NA,NA,NA,NA,NA,NA,NA,NA,NA,NA,NA,NA,NA,173.2,42.970702957,-79.256416354,-5.12256,9.89,235,28,14.7816
430,1.74628,86,165,"2026-06-28_UCSOT",4.08697073728952,319,NA,NA,NA,NA,NA,NA,NA,NA,NA,NA,NA,NA,NA,173.2,42.970658449,-79.256420377,-4.1747,9.86,236,28,14.6808
431,1.75036,86,165,"2026-06-28_UCSOT",4.08697073728952,317,NA,NA,NA,NA,NA,NA,NA,NA,NA,NA,NA,NA,NA,173,42.970629112,-79.256414426,-3.24309,9.86,236,28,14.6808
432,1.75444,86,166,"2026-06-28_UCSOT",4.08697073728952,317,NA,NA,NA,NA,NA,NA,NA,NA,NA,NA,NA,NA,NA,173,42.970588041,-79.256413001,-2.31716,9.86,236,28,14.6808
433,1.75848,86,166,"2026-06-28_UCSOT",4.12541254125412,316,NA,NA,NA,NA,NA,NA,NA,NA,NA,NA,NA,NA,NA,173,42.970556441,-79.256407385,-1.8657,9.82,237,28,14.544
434,1.7625,87,166,"2026-06-28_UCSOT",4.1438753522294,313,NA,NA,NA,NA,NA,NA,NA,NA,NA,NA,NA,NA,NA,173,42.97051713,-79.256404535,-1.42026,9.61,235,28,14.4792
435,1.7665,88,166,"2026-06-28_UCSOT",4.16354400866017,311,NA,NA,NA,NA,NA,NA,NA,NA,NA,NA,NA,NA,NA,173,42.970480501,-79.256406463,-0.969812,9.42,233,28,14.4108
436,1.77044,87,166,"2026-06-28_UCSOT",4.2322668020992,309,NA,NA,NA,NA,NA,NA,NA,NA,NA,NA,NA,NA,NA,172.8,42.970444543,-79.256401686,-1.47743,9.53,237,28,14.1768
437,1.77436,87,166,"2026-06-28_UCSOT",4.25278557455133,306,NA,NA,NA,NA,NA,NA,NA,NA,NA,NA,NA,NA,NA,172.8,42.970407411,-79.256408056,-1.47743,9.5,238,28,14.1084
438,1.77829,87,166,"2026-06-28_UCSOT",4.24304141208418,306,NA,NA,NA,NA,NA,NA,NA,NA,NA,NA,NA,NA,NA,172.8,42.970379835,-79.256401099,-0.99781,9.53,237,28,14.1408
439,1.78221,87,166,"2026-06-28_UCSOT",4.25278557455133,309,NA,NA,NA,NA,NA,NA,NA,NA,NA,NA,NA,NA,NA,172.8,42.970339685,-79.256404955,-0.99781,9.5,238,28,14.1084
440,1.78615,87,166,"2026-06-28_UCSOT",4.22261633307998,311,NA,NA,NA,NA,NA,NA,NA,NA,NA,NA,NA,NA,NA,172.8,42.970308253,-79.256398752,-0.99781,9.53,237,28,14.2092
441,1.79012,87,166,"2026-06-28_UCSOT",4.20238695579089,317,NA,NA,NA,NA,NA,NA,NA,NA,NA,NA,NA,NA,NA,172.8,42.970265002,-79.256406799,-0.507614,9.57,236,28,14.2776
442,1.7941,88,166,"2026-06-28_UCSOT",4.18340026773762,324,NA,NA,NA,NA,NA,NA,NA,NA,NA,NA,NA,NA,NA,172.8,42.970236169,-79.256400931,-0.507614,9.38,234,28,14.3424
443,1.79812,87,167,"2026-06-28_UCSOT",4.15420405450316,327,NA,NA,NA,NA,NA,NA,NA,NA,NA,NA,NA,NA,NA,172.8,42.970192248,-79.256404619,-0.507614,9.57,236,28,14.4432
444,1.80209,87,167,"2026-06-28_UCSOT",4.19287211740042,332,NA,NA,NA,NA,NA,NA,NA,NA,NA,NA,NA,NA,NA,172.6,42.97016048,-79.256402021,-1.01139,9.61,235,28,14.31
445,1.80606,87,168,"2026-06-28_UCSOT",4.20238695579089,335,NA,NA,NA,NA,NA,NA,NA,NA,NA,NA,NA,NA,NA,172.6,42.970119744,-79.256402608,-1.01139,9.57,236,28,14.2776
446,1.81005,87,168,"2026-06-28_UCSOT",4.17292605575029,335,NA,NA,NA,NA,NA,NA,NA,NA,NA,NA,NA,NA,NA,172.6,42.970083618,-79.256402524,-0.503778,9.57,236,28,14.3784
447,1.81402,87,167,"2026-06-28_UCSOT",4.20238695579089,339,NA,NA,NA,NA,NA,NA,NA,NA,NA,NA,NA,NA,NA,172.6,42.970050426,-79.256396321,-0.503778,9.57,236,28,14.2776
448,1.818,87,167,"2026-06-28_UCSOT",4.18340026773762,340,NA,NA,NA,NA,NA,NA,NA,NA,NA,NA,NA,NA,NA,172.6,42.970013126,-79.256398333,-0.503778,9.57,236,28,14.3424
449,1.82204,87,167,"2026-06-28_UCSOT",4.12541254125412,339,NA,NA,NA,NA,NA,NA,NA,NA,NA,NA,NA,NA,NA,172.6,42.969980856,-79.256389951,-0.503778,9.57,236,28,14.544
450,1.82606,87,167,"2026-06-28_UCSOT",4.1438753522294,340,NA,NA,NA,NA,NA,NA,NA,NA,NA,NA,NA,NA,NA,172.4,42.969939449,-79.256394477,-1.00129,9.61,235,28,14.4792
451,1.83006,86,167,"2026-06-28_UCSOT",4.17292605575029,344,NA,NA,NA,NA,NA,NA,NA,NA,NA,NA,NA,NA,NA,172.4,42.969910867,-79.256385509,-1.00129,9.81,237,28,14.3784
452,1.83407,87,167,"2026-06-28_UCSOT",4.15420405450316,342,NA,NA,NA,NA,NA,NA,NA,NA,NA,NA,NA,NA,NA,172.4,42.969868036,-79.256389532,-1.00129,9.57,236,28,14.4432
453,1.83808,87,167,"2026-06-28_UCSOT",4.15420405450316,341,NA,NA,NA,NA,NA,NA,NA,NA,NA,NA,NA,NA,NA,172.4,42.969839369,-79.25638291,-1.00129,9.61,235,28,14.4432
454,1.84207,87,167,"2026-06-28_UCSOT",4.17292605575029,341,NA,NA,NA,NA,NA,NA,NA,NA,NA,NA,NA,NA,NA,172.2,42.969798047,-79.256381904,-0.998766,9.57,236,28,14.3784
455,1.84601,87,168,"2026-06-28_UCSOT",4.2322668020992,338,NA,NA,NA,NA,NA,NA,NA,NA,NA,NA,NA,NA,NA,172.2,42.969769045,-79.256382072,-0.998766,9.53,237,28,14.1768
456,1.84998,87,168,"2026-06-28_UCSOT",4.20238695579089,334,NA,NA,NA,NA,NA,NA,NA,NA,NA,NA,NA,NA,NA,172.2,42.969732668,-79.256381737,-0.998766,9.57,236,28,14.2776
457,1.85393,88,168,"2026-06-28_UCSOT",4.21300977418268,336,NA,NA,NA,NA,NA,NA,NA,NA,NA,NA,NA,NA,NA,172.4,42.96969914,-79.256381401,-0.492436,9.38,234,28,14.2416
458,1.85784,88,167,"2026-06-28_UCSOT",4.26257459505541,335,NA,NA,NA,NA,NA,NA,NA,NA,NA,NA,NA,NA,NA,172.4,42.969661673,-79.256378468,-0.492436,9.3,236,28,14.076
459,1.86172,88,167,"2026-06-28_UCSOT",4.29331959471063,331,NA,NA,NA,NA,NA,NA,NA,NA,NA,NA,NA,NA,NA,172.2,42.969625631,-79.256376624,-1.0079,9.3,236,28,13.9752
460,1.86564,88,168,"2026-06-28_UCSOT",4.25278557455133,329,NA,NA,NA,NA,NA,NA,NA,NA,NA,NA,NA,NA,NA,172.2,42.969592103,-79.256370086,-0.510388,9.34,235,28,14.1084
461,1.86955,88,168,"2026-06-28_UCSOT",4.26257459505541,332,NA,NA,NA,NA,NA,NA,NA,NA,NA,NA,NA,NA,NA,172.2,42.969554469,-79.256368326,-0.510388,9.3,236,28,14.076
462,1.87347,88,168,"2026-06-28_UCSOT",4.25278557455133,331,NA,NA,NA,NA,NA,NA,NA,NA,NA,NA,NA,NA,NA,172.2,42.969520689,-79.256361285,-0.510388,9.34,235,28,14.1084
463,1.87741,88,167,"2026-06-28_UCSOT",4.2322668020992,331,NA,NA,NA,NA,NA,NA,NA,NA,NA,NA,NA,NA,NA,172.2,42.969484061,-79.256360866,-0.510388,9.34,235,28,14.1768
464,1.88135,88,167,"2026-06-28_UCSOT",4.2322668020992,335,NA,NA,NA,NA,NA,NA,NA,NA,NA,NA,NA,NA,NA,172.2,42.96945288,-79.256349969,0,9.34,235,28,14.1768
465,1.88525,89,167,"2026-06-28_UCSOT",4.27350427350427,336,NA,NA,NA,NA,NA,NA,NA,NA,NA,NA,NA,NA,NA,172.2,42.969411976,-79.256347455,0,9.12,234,28,14.04
466,1.88913,89,167,"2026-06-28_UCSOT",4.29331959471063,336,NA,NA,NA,NA,NA,NA,NA,NA,NA,NA,NA,NA,NA,172.2,42.969380544,-79.256335385,0,9.12,234,28,13.9752
467,1.89299,89,167,"2026-06-28_UCSOT",4.31443610320131,336,NA,NA,NA,NA,NA,NA,NA,NA,NA,NA,NA,NA,NA,172.2,42.969339221,-79.256333038,-0.515464,9.08,235,28,13.9068
468,1.89689,89,167,"2026-06-28_UCSOT",4.27350427350427,336,NA,NA,NA,NA,NA,NA,NA,NA,NA,NA,NA,NA,NA,172,42.969310723,-79.256321303,-1.02828,9.12,234,28,14.04
469,1.90083,89,167,"2026-06-28_UCSOT",4.2322668020992,338,NA,NA,NA,NA,NA,NA,NA,NA,NA,NA,NA,NA,NA,172,42.969268981,-79.25632013,-0.512821,9.16,233,28,14.1768
470,1.90479,89,167,"2026-06-28_UCSOT",4.20238695579089,339,NA,NA,NA,NA,NA,NA,NA,NA,NA,NA,NA,NA,NA,172,42.969240902,-79.25630982,-0.512821,9.19,232,28,14.2776
471,1.90876,89,167,"2026-06-28_UCSOT",4.20238695579089,339,NA,NA,NA,NA,NA,NA,NA,NA,NA,NA,NA,NA,NA,172,42.969197148,-79.25630588,-0.512821,9.19,232,28,14.2776
472,1.91274,89,167,"2026-06-28_UCSOT",4.18340026773762,339,NA,NA,NA,NA,NA,NA,NA,NA,NA,NA,NA,NA,NA,171.8,42.969168817,-79.256289703,-1.01533,9.23,231,28,14.3424
473,1.91669,89,167,"2026-06-28_UCSOT",4.22261633307998,341,NA,NA,NA,NA,NA,NA,NA,NA,NA,NA,NA,NA,NA,171.8,42.969123806,-79.256281992,-1.01533,9.19,232,28,14.2092
474,1.92061,89,167,"2026-06-28_UCSOT",4.25278557455133,337,NA,NA,NA,NA,NA,NA,NA,NA,NA,NA,NA,NA,NA,171.8,42.969093631,-79.256267827,-1.01533,9.15,233,28,14.1084
475,1.92454,89,167,"2026-06-28_UCSOT",4.24304141208418,335,NA,NA,NA,NA,NA,NA,NA,NA,NA,NA,NA,NA,NA,171.8,42.969051722,-79.256263217,-1.01533,9.16,233,28,14.1408
476,1.92848,89,167,"2026-06-28_UCSOT",4.2322668020992,335,NA,NA,NA,NA,NA,NA,NA,NA,NA,NA,NA,NA,NA,171.8,42.969021463,-79.25625123,-1.01533,9.16,233,28,14.1768
477,1.93238,88,167,"2026-06-28_UCSOT",4.27350427350427,335,NA,NA,NA,NA,NA,NA,NA,NA,NA,NA,NA,NA,NA,171.8,42.968982571,-79.256240921,-1.01533,9.12,234,28,14.04
478,1.93628,88,167,"2026-06-28_UCSOT",4.27350427350427,332,NA,NA,NA,NA,NA,NA,NA,NA,NA,NA,NA,NA,NA,171.8,42.968952313,-79.256232874,-0.502513,9.3,236,28,14.04
479,1.94019,88,166,"2026-06-28_UCSOT",4.26257459505541,330,NA,NA,NA,NA,NA,NA,NA,NA,NA,NA,NA,NA,NA,171.8,42.968916606,-79.256222816,-0.502513,9.3,236,28,14.076
480,1.94408,88,167,"2026-06-28_UCSOT",4.28338901739056,330,NA,NA,NA,NA,NA,NA,NA,NA,NA,NA,NA,NA,NA,171.8,42.968882324,-79.25621368,-0.502513,9.3,236,28,14.0076
481,1.948,88,168,"2026-06-28_UCSOT",4.25278557455133,331,NA,NA,NA,NA,NA,NA,NA,NA,NA,NA,NA,NA,NA,171.8,42.968849383,-79.256202615,-0.502513,9.34,235,28,14.1084
482,1.95193,88,168,"2026-06-28_UCSOT",4.2322668020992,327,NA,NA,NA,NA,NA,NA,NA,NA,NA,NA,NA,NA,NA,171.8,42.968810575,-79.25619658,0,9.34,235,28,14.1768
483,1.95587,88,167,"2026-06-28_UCSOT",4.2322668020992,330,NA,NA,NA,NA,NA,NA,NA,NA,NA,NA,NA,NA,NA,171.8,42.968777047,-79.256181242,0,9.34,235,28,14.1768
484,1.95981,88,167,"2026-06-28_UCSOT",4.2322668020992,330,NA,NA,NA,NA,NA,NA,NA,NA,NA,NA,NA,NA,NA,171.8,42.968736814,-79.256177218,0,9.34,235,28,14.1768
485,1.96373,88,168,"2026-06-28_UCSOT",4.25278557455133,330,NA,NA,NA,NA,NA,NA,NA,NA,NA,NA,NA,NA,NA,171.8,42.968707226,-79.256159784,0,9.34,235,28,14.1084
486,1.96763,88,167,"2026-06-28_UCSOT",4.27350427350427,330,NA,NA,NA,NA,NA,NA,NA,NA,NA,NA,NA,NA,NA,171.6,42.968665232,-79.256153078,-0.512821,9.3,236,28,14.04
487,1.97155,87,167,"2026-06-28_UCSOT",4.25278557455133,330,NA,NA,NA,NA,NA,NA,NA,NA,NA,NA,NA,NA,NA,171.6,42.968637153,-79.256136734,-0.512821,9.3,236,28,14.1084
488,1.97548,87,167,"2026-06-28_UCSOT",4.2322668020992,329,NA,NA,NA,NA,NA,NA,NA,NA,NA,NA,NA,NA,NA,171.6,42.968597171,-79.256128352,-0.512821,9.5,238,28,14.1768
489,1.97942,87,167,"2026-06-28_UCSOT",4.2322668020992,330,NA,NA,NA,NA,NA,NA,NA,NA,NA,NA,NA,NA,NA,171.6,42.968567919,-79.256117455,-0.512821,9.53,237,28,14.1768
490,1.9834,87,167,"2026-06-28_UCSOT",4.19287211740042,331,NA,NA,NA,NA,NA,NA,NA,NA,NA,NA,NA,NA,NA,171.6,42.968527182,-79.256107397,-0.512821,9.57,236,28,14.31
491,1.98743,87,167,"2026-06-28_UCSOT",4.13462333581411,334,NA,NA,NA,NA,NA,NA,NA,NA,NA,NA,NA,NA,NA,171.6,42.968499271,-79.256093148,-0.512821,9.61,235,28,14.5116
492,1.99146,89,167,"2026-06-28_UCSOT",4.13462333581411,340,NA,NA,NA,NA,NA,NA,NA,NA,NA,NA,NA,NA,NA,171.4,42.968460043,-79.25608267,-1.0091,9.27,230,28,14.5116
493,1.99545,88,168,"2026-06-28_UCSOT",4.17292605575029,339,NA,NA,NA,NA,NA,NA,NA,NA,NA,NA,NA,NA,NA,171.4,42.968429282,-79.256073534,-1.0091,9.42,233,28,14.3784
494,1.99942,89,168,"2026-06-28_UCSOT",4.20238695579089,338,NA,NA,NA,NA,NA,NA,NA,NA,NA,NA,NA,NA,NA,171.4,42.968392988,-79.256061213,-1.0091,9.19,232,28,14.2776
495,2.00331,89,167,"2026-06-28_UCSOT",4.28338901739056,337,NA,NA,NA,NA,NA,NA,NA,NA,NA,NA,NA,NA,NA,171.2,42.968358958,-79.256051909,-1.52324,9.12,234,28,14.0076
496,2.00716,88,167,"2026-06-28_UCSOT",4.32451133021969,332,NA,NA,NA,NA,NA,NA,NA,NA,NA,NA,NA,NA,NA,171.2,42.968325095,-79.256039923,-1.01042,9.26,237,28,13.8744
497,2.01106,88,167,"2026-06-28_UCSOT",4.27350427350427,330,NA,NA,NA,NA,NA,NA,NA,NA,NA,NA,NA,NA,NA,171,42.968287963,-79.256035899,-1.52324,9.3,236,28,14.04
498,2.01502,88,168,"2026-06-28_UCSOT",4.21300977418268,334,NA,NA,NA,NA,NA,NA,NA,NA,NA,NA,NA,NA,NA,171,42.96825586,-79.256025925,-1.52324,9.38,234,28,14.2416
499,2.019,88,168,"2026-06-28_UCSOT",4.18340026773762,338,NA,NA,NA,NA,NA,NA,NA,NA,NA,NA,NA,NA,NA,171,42.968217136,-79.25602165,-1.52324,9.38,234,28,14.3424
500,2.02304,88,168,"2026-06-28_UCSOT",4.12541254125412,337,NA,NA,NA,NA,NA,NA,NA,NA,NA,NA,NA,NA,NA,171,42.968186626,-79.256008993,-1.52324,9.46,232,28,14.544
501,2.02713,88,168,"2026-06-28_UCSOT",4.07797080172906,341,NA,NA,NA,NA,NA,NA,NA,NA,NA,NA,NA,NA,NA,171,42.968142621,-79.256005389,-1.52324,9.49,231,28,14.7132
502,2.03122,88,168,"2026-06-28_UCSOT",4.07797080172906,343,NA,NA,NA,NA,NA,NA,NA,NA,NA,NA,NA,NA,NA,171,42.968112278,-79.255991559,-1.02696,9.49,231,28,14.7132
503,2.0353,88,168,"2026-06-28_UCSOT",4.07797080172906,343,NA,NA,NA,NA,NA,NA,NA,NA,NA,NA,NA,NA,NA,171,42.96807062,-79.255985273,-1.02696,9.49,231,28,14.7132
504,2.03936,88,167,"2026-06-28_UCSOT",4.10610166707728,346,NA,NA,NA,NA,NA,NA,NA,NA,NA,NA,NA,NA,NA,170.8,42.968041284,-79.255972951,-1.51957,9.46,232,28,14.6124
505,2.0434,88,167,"2026-06-28_UCSOT",4.12541254125412,344,NA,NA,NA,NA,NA,NA,NA,NA,NA,NA,NA,NA,NA,171,42.967997614,-79.255968593,-0.510382,9.46,232,28,14.544
506,2.04741,88,167,"2026-06-28_UCSOT",4.15420405450316,343,NA,NA,NA,NA,NA,NA,NA,NA,NA,NA,NA,NA,NA,171,42.967968361,-79.255960798,-0.510382,9.42,233,28,14.4432
507,2.05141,88,167,"2026-06-28_UCSOT",4.17292605575029,341,NA,NA,NA,NA,NA,NA,NA,NA,NA,NA,NA,NA,NA,171,42.96792972,-79.255951158,0,9.42,233,28,14.3784
508,2.05534,88,168,"2026-06-28_UCSOT",4.2322668020992,340,NA,NA,NA,NA,NA,NA,NA,NA,NA,NA,NA,NA,NA,171,42.967898372,-79.25593934,0,9.34,235,28,14.1768
509,2.0593,88,167,"2026-06-28_UCSOT",4.21300977418268,335,NA,NA,NA,NA,NA,NA,NA,NA,NA,NA,NA,NA,NA,171,42.967856882,-79.255933724,0,9.38,234,28,14.2416
510,2.06326,89,167,"2026-06-28_UCSOT",4.21300977418268,337,NA,NA,NA,NA,NA,NA,NA,NA,NA,NA,NA,NA,NA,171,42.967825114,-79.255925426,0,9.19,232,28,14.2416
511,2.06722,89,167,"2026-06-28_UCSOT",4.20238695579089,337,NA,NA,NA,NA,NA,NA,NA,NA,NA,NA,NA,NA,NA,171,42.967783624,-79.255917463,0,9.19,232,28,14.2776
512,2.07125,89,167,"2026-06-28_UCSOT",4.13462333581411,338,NA,NA,NA,NA,NA,NA,NA,NA,NA,NA,NA,NA,NA,170.8,42.967750515,-79.255908411,-0.493839,9.19,232,28,14.5116
513,2.0753,89,167,"2026-06-28_UCSOT",4.11522633744856,339,NA,NA,NA,NA,NA,NA,NA,NA,NA,NA,NA,NA,NA,170.8,42.967714305,-79.255899358,-0.493839,9.27,230,28,14.58
514,2.07935,89,167,"2026-06-28_UCSOT",4.11522633744856,341,NA,NA,NA,NA,NA,NA,NA,NA,NA,NA,NA,NA,NA,170.8,42.967680275,-79.255890641,0,9.27,230,28,14.58
515,2.08343,89,167,"2026-06-28_UCSOT",4.08697073728952,343,NA,NA,NA,NA,NA,NA,NA,NA,NA,NA,NA,NA,NA,170.8,42.967643897,-79.255873961,-0.496278,9.27,230,29,14.6808
516,2.08745,89,167,"2026-06-28_UCSOT",4.1438753522294,345,NA,NA,NA,NA,NA,NA,NA,NA,NA,NA,NA,NA,NA,170.8,42.967607688,-79.25586516,-0.496278,9.31,229,28,14.4792
517,2.09147,89,167,"2026-06-28_UCSOT",4.1438753522294,347,NA,NA,NA,NA,NA,NA,NA,NA,NA,NA,NA,NA,NA,170.8,42.967576172,-79.255849654,-0.496278,9.27,230,29,14.4792
518,2.09549,88,167,"2026-06-28_UCSOT",4.1438753522294,343,NA,NA,NA,NA,NA,NA,NA,NA,NA,NA,NA,NA,NA,170.8,42.96753619,-79.255842864,-0.496278,9.42,233,29,14.4792
519,2.09952,88,167,"2026-06-28_UCSOT",4.1438753522294,343,NA,NA,NA,NA,NA,NA,NA,NA,NA,NA,NA,NA,NA,170.8,42.967506686,-79.255827861,-0.496278,9.42,233,29,14.4792
520,2.10354,88,167,"2026-06-28_UCSOT",4.1438753522294,342,NA,NA,NA,NA,NA,NA,NA,NA,NA,NA,NA,NA,NA,170.8,42.96746486,-79.255821658,-0.496278,9.42,233,29,14.4792
521,2.10756,89,167,"2026-06-28_UCSOT",4.1438753522294,342,NA,NA,NA,NA,NA,NA,NA,NA,NA,NA,NA,NA,NA,170.8,42.967438206,-79.255804475,-0.496278,9.27,230,29,14.4792
522,2.11164,88,167,"2026-06-28_UCSOT",4.08697073728952,341,NA,NA,NA,NA,NA,NA,NA,NA,NA,NA,NA,NA,NA,170.8,42.967394871,-79.255800033,0,9.49,231,29,14.6808
523,2.1157,88,168,"2026-06-28_UCSOT",4.09701737135365,345,NA,NA,NA,NA,NA,NA,NA,NA,NA,NA,NA,NA,NA,170.8,42.967367295,-79.255786538,0,9.49,231,28,14.6448
524,2.11975,88,168,"2026-06-28_UCSOT",4.11522633744856,342,NA,NA,NA,NA,NA,NA,NA,NA,NA,NA,NA,NA,NA,170.8,42.96732329,-79.255778743,0,9.46,232,29,14.58
525,2.12378,88,167,"2026-06-28_UCSOT",4.1438753522294,342,NA,NA,NA,NA,NA,NA,NA,NA,NA,NA,NA,NA,NA,170.8,42.967294624,-79.255768517,0,9.42,233,28,14.4792
526,2.12781,88,168,"2026-06-28_UCSOT",4.13462333581411,340,NA,NA,NA,NA,NA,NA,NA,NA,NA,NA,NA,NA,NA,170.8,42.967252295,-79.255763823,0,9.45,232,29,14.5116
527,2.13183,88,168,"2026-06-28_UCSOT",4.1438753522294,341,NA,NA,NA,NA,NA,NA,NA,NA,NA,NA,NA,NA,NA,170.8,42.967221114,-79.255755106,0,9.42,233,29,14.4792
528,2.13584,88,168,"2026-06-28_UCSOT",4.15420405450316,340,NA,NA,NA,NA,NA,NA,NA,NA,NA,NA,NA,NA,NA,170.8,42.967183144,-79.255752088,0,9.42,233,29,14.4432
529,2.13983,88,168,"2026-06-28_UCSOT",4.17292605575029,339,NA,NA,NA,NA,NA,NA,NA,NA,NA,NA,NA,NA,NA,170.8,42.967152718,-79.255748652,0,9.42,233,29,14.3784
530,2.14384,88,168,"2026-06-28_UCSOT",4.16354400866017,339,NA,NA,NA,NA,NA,NA,NA,NA,NA,NA,NA,NA,NA,170.6,42.967118687,-79.255740186,-0.498753,9.42,233,29,14.4108
531,2.14784,88,168,"2026-06-28_UCSOT",4.16354400866017,339,NA,NA,NA,NA,NA,NA,NA,NA,NA,NA,NA,NA,NA,170.4,42.967081472,-79.255738845,-0.998753,9.42,233,29,14.4108
532,2.15184,88,167,"2026-06-28_UCSOT",4.16354400866017,339,NA,NA,NA,NA,NA,NA,NA,NA,NA,NA,NA,NA,NA,170.4,42.967046771,-79.25573105,-0.998753,9.42,233,29,14.4108
533,2.15583,88,167,"2026-06-28_UCSOT",4.18340026773762,338,NA,NA,NA,NA,NA,NA,NA,NA,NA,NA,NA,NA,NA,170.4,42.967008465,-79.255732139,-0.998753,9.38,234,29,14.3424
534,2.15984,88,168,"2026-06-28_UCSOT",4.15420405450316,337,NA,NA,NA,NA,NA,NA,NA,NA,NA,NA,NA,NA,NA,170.2,42.966978542,-79.255722668,-1.49751,9.42,233,29,14.4432
535,2.16388,88,168,"2026-06-28_UCSOT",4.12541254125412,339,NA,NA,NA,NA,NA,NA,NA,NA,NA,NA,NA,NA,NA,170.2,42.966936968,-79.255725769,-1.49751,9.46,232,29,14.544
536,2.16789,88,168,"2026-06-28_UCSOT",4.15420405450316,342,NA,NA,NA,NA,NA,NA,NA,NA,NA,NA,NA,NA,NA,170.4,42.966906039,-79.2557168,-0.998753,9.42,233,29,14.4432
537,2.17186,88,168,"2026-06-28_UCSOT",4.20238695579089,341,NA,NA,NA,NA,NA,NA,NA,NA,NA,NA,NA,NA,NA,170.4,42.966862788,-79.255718644,-0.998753,9.38,234,29,14.2776
538,2.17582,88,168,"2026-06-28_UCSOT",4.20238695579089,337,NA,NA,NA,NA,NA,NA,NA,NA,NA,NA,NA,NA,NA,170.4,42.966836888,-79.255708335,-0.998753,9.38,234,29,14.2776
539,2.17979,87,169,"2026-06-28_UCSOT",4.20238695579089,339,NA,NA,NA,NA,NA,NA,NA,NA,NA,NA,NA,NA,NA,170.4,42.966794056,-79.255709424,-0.998753,9.57,236,29,14.2776
540,2.18372,87,169,"2026-06-28_UCSOT",4.24304141208418,340,NA,NA,NA,NA,NA,NA,NA,NA,NA,NA,NA,NA,NA,170.4,42.966766731,-79.255702551,-0.5,9.53,237,29,14.1408
541,2.18765,88,169,"2026-06-28_UCSOT",4.2322668020992,340,NA,NA,NA,NA,NA,NA,NA,NA,NA,NA,NA,NA,NA,170.4,42.9667239,-79.255703808,0,9.34,235,29,14.1768
542,2.19165,89,169,"2026-06-28_UCSOT",4.17292605575029,341,NA,NA,NA,NA,NA,NA,NA,NA,NA,NA,NA,NA,NA,170.4,42.966692635,-79.25570297,0,9.23,231,29,14.3784
543,2.19569,89,168,"2026-06-28_UCSOT",4.12541254125412,344,NA,NA,NA,NA,NA,NA,NA,NA,NA,NA,NA,NA,NA,170.4,42.966651648,-79.255706658,0,9.27,230,29,14.544
544,2.19974,89,169,"2026-06-28_UCSOT",4.11522633744856,349,NA,NA,NA,NA,NA,NA,NA,NA,NA,NA,NA,NA,NA,170.4,42.966620216,-79.255711604,0.498753,9.27,230,29,14.58
545,2.20378,89,169,"2026-06-28_UCSOT",4.12541254125412,349,NA,NA,NA,NA,NA,NA,NA,NA,NA,NA,NA,NA,NA,170.4,42.966584509,-79.255717722,0.498753,9.27,230,29,14.544
546,2.20776,88,168,"2026-06-28_UCSOT",4.18340026773762,348,NA,NA,NA,NA,NA,NA,NA,NA,NA,NA,NA,NA,NA,170.6,42.966550981,-79.25572887,0.502513,9.38,234,29,14.3424
547,2.21165,88,169,"2026-06-28_UCSOT",4.28338901739056,345,NA,NA,NA,NA,NA,NA,NA,NA,NA,NA,NA,NA,NA,171,42.966520387,-79.255726859,1.53079,9.3,236,29,14.0076
548,2.21544,88,169,"2026-06-28_UCSOT",4.39985920450546,342,NA,NA,NA,NA,NA,NA,NA,NA,NA,NA,NA,NA,NA,171.2,42.966481747,-79.255746724,2.05849,9.18,239,29,13.6368
549,2.21906,86,170,"2026-06-28_UCSOT",4.60405156537753,342,NA,NA,NA,NA,NA,NA,NA,NA,NA,NA,NA,NA,NA,171.6,42.966456182,-79.255750747,3.16347,9.06,242,29,13.032
550,2.22267,86,169,"2026-06-28_UCSOT",4.61552663158866,343,NA,NA,NA,NA,NA,NA,NA,NA,NA,NA,NA,NA,NA,171.8,42.966415446,-79.255764493,3.71748,9.35,248,29,12.9996
551,2.22628,86,169,"2026-06-28_UCSOT",4.61552663158866,350,NA,NA,NA,NA,NA,NA,NA,NA,NA,NA,NA,NA,NA,172,42.966385941,-79.255766924,4.2715,9.35,248,29,12.9996
552,2.22989,86,170,"2026-06-28_UCSOT",4.61552663158866,362,NA,NA,NA,NA,NA,NA,NA,NA,NA,NA,NA,NA,NA,172.4,42.966352414,-79.255765834,5.37953,9.35,248,29,12.9996
553,2.23354,85,170,"2026-06-28_UCSOT",4.5687134502924,373,NA,NA,NA,NA,NA,NA,NA,NA,NA,NA,NA,NA,NA,172.4,42.966318132,-79.255765918,5.37953,9.55,250,29,13.1328
554,2.23726,85,171,"2026-06-28_UCSOT",4.48752468138575,382,NA,NA,NA,NA,NA,NA,NA,NA,NA,NA,NA,NA,NA,172.4,42.966287873,-79.255760554,5.37953,9.55,250,29,13.3704
555,2.24097,85,171,"2026-06-28_UCSOT",4.48752468138575,388,NA,NA,NA,NA,NA,NA,NA,NA,NA,NA,NA,NA,NA,172.4,42.966244958,-79.25576332,5.37953,9.64,248,29,13.3704
556,2.24473,85,171,"2026-06-28_UCSOT",4.43262411347518,374,NA,NA,NA,NA,NA,NA,NA,NA,NA,NA,NA,NA,NA,172.6,42.966212268,-79.255752507,5.40894,9.69,247,29,13.536
557,2.24856,86,171,"2026-06-28_UCSOT",4.3561596096881,370,NA,NA,NA,NA,NA,NA,NA,NA,NA,NA,NA,NA,NA,172.6,42.966179579,-79.255732055,4.38066,9.61,242,29,13.7736
558,2.25245,85,172,"2026-06-28_UCSOT",4.28338901739056,372,NA,NA,NA,NA,NA,NA,NA,NA,NA,NA,NA,NA,NA,172.4,42.966154433,-79.255688721,3.33881,9.86,243,29,14.0076
559,2.25633,85,172,"2026-06-28_UCSOT",4.29331959471063,376,NA,NA,NA,NA,NA,NA,NA,NA,NA,NA,NA,NA,NA,172.2,42.96614865,-79.255649326,1.71838,9.86,243,29,13.9752
560,2.26011,84,172,"2026-06-28_UCSOT",4.41033783187792,374,NA,NA,NA,NA,NA,NA,NA,NA,NA,NA,NA,NA,NA,172,42.966158373,-79.25560046,0.635261,9.9,249,29,13.6044
561,2.26381,83,171,"2026-06-28_UCSOT",4.4996400287977,366,NA,NA,NA,NA,NA,NA,NA,NA,NA,NA,NA,NA,NA,171.6,42.966185195,-79.255572045,-0.999836,9.99,254,29,13.3344
562,2.26751,83,169,"2026-06-28_UCSOT",4.510599909788,358,NA,NA,NA,NA,NA,NA,NA,NA,NA,NA,NA,NA,NA,171.2,42.966217968,-79.255558801,-3.18895,9.99,254,29,13.302
563,2.27123,83,167,"2026-06-28_UCSOT",4.476676515355,325,NA,NA,NA,NA,NA,NA,NA,NA,NA,NA,NA,NA,NA,171,42.966262057,-79.255555365,-3.72658,10.03,253,29,13.4028
564,2.27502,83,166,"2026-06-28_UCSOT",4.39985920450546,307,NA,NA,NA,NA,NA,NA,NA,NA,NA,NA,NA,NA,NA,170.8,42.966295501,-79.255565172,-4.25429,10.12,251,29,13.6368
565,2.27886,84,167,"2026-06-28_UCSOT",4.33576135969476,295,NA,NA,NA,NA,NA,NA,NA,NA,NA,NA,NA,NA,NA,171,42.966342272,-79.255580092,-3.73346,9.99,247,29,13.8384
566,2.28278,83,167,"2026-06-28_UCSOT",4.25278557455133,293,NA,NA,NA,NA,NA,NA,NA,NA,NA,NA,NA,NA,NA,171.2,42.966368926,-79.255595263,-3.75517,10.26,248,29,14.1084
567,2.28666,85,167,"2026-06-28_UCSOT",4.29331959471063,294,NA,NA,NA,NA,NA,NA,NA,NA,NA,NA,NA,NA,NA,171.4,42.966408321,-79.255613032,-3.2397,9.86,243,29,13.9752
568,2.29052,86,167,"2026-06-28_UCSOT",4.32451133021969,294,NA,NA,NA,NA,NA,NA,NA,NA,NA,NA,NA,NA,NA,171.4,42.966436065,-79.255623845,-2.72556,9.61,242,29,13.8744
569,2.29436,86,168,"2026-06-28_UCSOT",4.33576135969476,300,NA,NA,NA,NA,NA,NA,NA,NA,NA,NA,NA,NA,NA,171.6,42.966469593,-79.255637508,-1.68927,9.61,242,29,13.8384
570,2.29822,86,168,"2026-06-28_UCSOT",4.31443610320131,309,NA,NA,NA,NA,NA,NA,NA,NA,NA,NA,NA,NA,NA,171.8,42.966503456,-79.25565008,-0.642032,9.65,241,29,13.9068
571,2.30208,87,168,"2026-06-28_UCSOT",4.32451133021969,315,NA,NA,NA,NA,NA,NA,NA,NA,NA,NA,NA,NA,NA,171.8,42.966532457,-79.255670448,0.439049,9.45,239,29,13.8744
572,2.30598,87,168,"2026-06-28_UCSOT",4.27350427350427,315,NA,NA,NA,NA,NA,NA,NA,NA,NA,NA,NA,NA,NA,171.8,42.966573445,-79.255682602,1.52013,9.49,238,29,14.04
573,2.30987,86,169,"2026-06-28_UCSOT",4.28338901739056,317,NA,NA,NA,NA,NA,NA,NA,NA,NA,NA,NA,NA,NA,171.8,42.966604709,-79.255695846,2.05776,9.65,241,29,14.0076
574,2.31381,86,169,"2026-06-28_UCSOT",4.2322668020992,315,NA,NA,NA,NA,NA,NA,NA,NA,NA,NA,NA,NA,NA,171.6,42.966639578,-79.255698695,2.07786,9.73,239,29,14.1768
575,2.31778,86,169,"2026-06-28_UCSOT",4.19287211740042,317,NA,NA,NA,NA,NA,NA,NA,NA,NA,NA,NA,NA,NA,171.6,42.966670256,-79.255700959,1.55702,9.77,238,29,14.31
576,2.32176,87,169,"2026-06-28_UCSOT",4.18340026773762,320,NA,NA,NA,NA,NA,NA,NA,NA,NA,NA,NA,NA,NA,171.4,42.966713087,-79.255696181,0.544305,9.57,236,29,14.3424
577,2.32576,87,169,"2026-06-28_UCSOT",4.17292605575029,322,NA,NA,NA,NA,NA,NA,NA,NA,NA,NA,NA,NA,NA,171.4,42.966744435,-79.25569836,0.0288413,9.57,236,29,14.3784
578,2.32978,87,169,"2026-06-28_UCSOT",4.1438753522294,323,NA,NA,NA,NA,NA,NA,NA,NA,NA,NA,NA,NA,NA,171.2,42.966788692,-79.255699869,-0.468671,9.61,235,29,14.4792
579,2.3338,88,169,"2026-06-28_UCSOT",4.1438753522294,332,NA,NA,NA,NA,NA,NA,NA,NA,NA,NA,NA,NA,NA,171.2,42.966821968,-79.255702635,-0.989504,9.42,233,29,14.4792
580,2.33783,88,171,"2026-06-28_UCSOT",4.13462333581411,331,NA,NA,NA,NA,NA,NA,NA,NA,NA,NA,NA,NA,NA,171,42.966859854,-79.255705652,-2.00392,9.45,232,29,14.5116
581,2.34191,88,171,"2026-06-28_UCSOT",4.08697073728952,334,NA,NA,NA,NA,NA,NA,NA,NA,NA,NA,NA,NA,NA,171,42.96689707,-79.255707245,-2.00392,9.49,231,29,14.6808
582,2.34597,88,171,"2026-06-28_UCSOT",4.10610166707728,341,NA,NA,NA,NA,NA,NA,NA,NA,NA,NA,NA,NA,NA,171,42.966930262,-79.255718141,-2.00392,9.46,232,29,14.6124
583,2.35001,88,171,"2026-06-28_UCSOT",4.12541254125412,342,NA,NA,NA,NA,NA,NA,NA,NA,NA,NA,NA,NA,NA,171,42.966970998,-79.255723422,-2.00392,9.46,232,29,14.544
584,2.35405,88,170,"2026-06-28_UCSOT",4.12541254125412,344,NA,NA,NA,NA,NA,NA,NA,NA,NA,NA,NA,NA,NA,170.8,42.967001257,-79.255734821,-1.99135,9.46,232,29,14.544
585,2.35805,88,170,"2026-06-28_UCSOT",4.16354400866017,345,NA,NA,NA,NA,NA,NA,NA,NA,NA,NA,NA,NA,NA,171,42.96704434,-79.255735911,-1.49135,9.42,233,29,14.4108
586,2.36205,88,170,"2026-06-28_UCSOT",4.17292605575029,343,NA,NA,NA,NA,NA,NA,NA,NA,NA,NA,NA,NA,NA,171,42.967072168,-79.255746221,-0.98884,9.38,234,29,14.3784
587,2.36604,88,170,"2026-06-28_UCSOT",4.17292605575029,340,NA,NA,NA,NA,NA,NA,NA,NA,NA,NA,NA,NA,NA,171,42.967114664,-79.255745466,-0.98884,9.42,233,29,14.3784
588,2.37003,88,169,"2026-06-28_UCSOT",4.17292605575029,341,NA,NA,NA,NA,NA,NA,NA,NA,NA,NA,NA,NA,NA,171,42.967143833,-79.255752675,-0.491327,9.42,233,29,14.3784
589,2.37403,88,170,"2026-06-28_UCSOT",4.17292605575029,340,NA,NA,NA,NA,NA,NA,NA,NA,NA,NA,NA,NA,NA,170.8,42.967186078,-79.255752004,-0.991327,9.42,233,29,14.3784
590,2.37799,88,170,"2026-06-28_UCSOT",4.20238695579089,338,NA,NA,NA,NA,NA,NA,NA,NA,NA,NA,NA,NA,NA,170.8,42.967215247,-79.255754016,-0.49505,9.38,234,29,14.2776
591,2.38193,88,170,"2026-06-28_UCSOT",4.2322668020992,337,NA,NA,NA,NA,NA,NA,NA,NA,NA,NA,NA,NA,NA,171,42.967255061,-79.255756195,0.0125647,9.34,235,29,14.1768
592,2.38588,88,170,"2026-06-28_UCSOT",4.22261633307998,334,NA,NA,NA,NA,NA,NA,NA,NA,NA,NA,NA,NA,NA,171,42.967286409,-79.255765918,0.0125647,9.34,235,29,14.2092
593,2.38981,88,171,"2026-06-28_UCSOT",4.2322668020992,332,NA,NA,NA,NA,NA,NA,NA,NA,NA,NA,NA,NA,NA,171,42.967322535,-79.255773713,0.0125647,9.34,235,29,14.1768
594,2.39373,88,171,"2026-06-28_UCSOT",4.25278557455133,332,NA,NA,NA,NA,NA,NA,NA,NA,NA,NA,NA,NA,NA,171.2,42.967357404,-79.255781425,1.01782,9.34,235,29,14.1084
595,2.39766,88,171,"2026-06-28_UCSOT",4.24304141208418,329,NA,NA,NA,NA,NA,NA,NA,NA,NA,NA,NA,NA,NA,171.2,42.967389423,-79.255793662,0.517818,9.34,235,29,14.1408
596,2.40159,88,171,"2026-06-28_UCSOT",4.24304141208418,331,NA,NA,NA,NA,NA,NA,NA,NA,NA,NA,NA,NA,NA,171.2,42.967428231,-79.255798775,0.517818,9.34,235,29,14.1408
597,2.40552,88,171,"2026-06-28_UCSOT",4.24304141208418,331,NA,NA,NA,NA,NA,NA,NA,NA,NA,NA,NA,NA,NA,171.2,42.967458909,-79.255814198,0.517818,9.34,235,29,14.1408
598,2.40942,87,171,"2026-06-28_UCSOT",4.27350427350427,331,NA,NA,NA,NA,NA,NA,NA,NA,NA,NA,NA,NA,NA,171.2,42.967498052,-79.255822496,0.517818,9.49,238,29,14.04
599,2.41335,88,171,"2026-06-28_UCSOT",4.2322668020992,330,NA,NA,NA,NA,NA,NA,NA,NA,NA,NA,NA,NA,NA,171.2,42.967523617,-79.255841691,1.01782,9.53,237,29,14.1768
600,2.41728,88,171,"2026-06-28_UCSOT",4.24304141208418,331,NA,NA,NA,NA,NA,NA,NA,NA,NA,NA,NA,NA,NA,171.2,42.967564102,-79.255850408,1.01782,9.34,235,29,14.1408
601,2.42122,88,171,"2026-06-28_UCSOT",4.2322668020992,330,NA,NA,NA,NA,NA,NA,NA,NA,NA,NA,NA,NA,NA,171.2,42.967591678,-79.255868513,0.510204,9.34,235,29,14.1768
602,2.42516,89,171,"2026-06-28_UCSOT",4.2322668020992,331,NA,NA,NA,NA,NA,NA,NA,NA,NA,NA,NA,NA,NA,171.4,42.967632079,-79.255876224,1.01782,9.16,233,29,14.1768
603,2.42918,89,171,"2026-06-28_UCSOT",4.1438753522294,333,NA,NA,NA,NA,NA,NA,NA,NA,NA,NA,NA,NA,NA,171.4,42.967659991,-79.255890473,1.01782,9.27,230,29,14.4792
604,2.43317,89,171,"2026-06-28_UCSOT",4.17292605575029,338,NA,NA,NA,NA,NA,NA,NA,NA,NA,NA,NA,NA,NA,171.4,42.967703493,-79.255897011,0.507614,9.23,231,29,14.3784
605,2.43719,89,171,"2026-06-28_UCSOT",4.15420405450316,338,NA,NA,NA,NA,NA,NA,NA,NA,NA,NA,NA,NA,NA,171.4,42.96773241,-79.255910338,0.507614,9.23,231,29,14.4432
606,2.44122,89,171,"2026-06-28_UCSOT",4.13462333581411,339,NA,NA,NA,NA,NA,NA,NA,NA,NA,NA,NA,NA,NA,171.4,42.967773398,-79.255916709,0.507614,9.27,230,29,14.5116
607,2.44522,89,171,"2026-06-28_UCSOT",4.16354400866017,340,NA,NA,NA,NA,NA,NA,NA,NA,NA,NA,NA,NA,NA,171.4,42.967804159,-79.255927605,0.507614,9.23,231,29,14.4108
608,2.44917,89,171,"2026-06-28_UCSOT",4.22261633307998,339,NA,NA,NA,NA,NA,NA,NA,NA,NA,NA,NA,NA,NA,171.4,42.967841627,-79.255933975,0.507614,9.19,232,29,14.2092
609,2.45309,89,171,"2026-06-28_UCSOT",4.24304141208418,334,NA,NA,NA,NA,NA,NA,NA,NA,NA,NA,NA,NA,NA,171.4,42.967872556,-79.255942357,0.507614,9.16,233,29,14.1408
610,2.45698,88,171,"2026-06-28_UCSOT",4.28338901739056,334,NA,NA,NA,NA,NA,NA,NA,NA,NA,NA,NA,NA,NA,171.6,42.967908766,-79.255949985,1.02175,9.3,236,29,14.0076
611,2.46081,88,171,"2026-06-28_UCSOT",4.3561596096881,331,NA,NA,NA,NA,NA,NA,NA,NA,NA,NA,NA,NA,NA,171.6,42.967941958,-79.255956942,1.02175,9.22,238,29,13.7736
612,2.46462,88,170,"2026-06-28_UCSOT",4.37790035898783,326,NA,NA,NA,NA,NA,NA,NA,NA,NA,NA,NA,NA,NA,171.8,42.967977078,-79.255967168,1.03907,9.22,238,29,13.7052
613,2.4684,89,170,"2026-06-28_UCSOT",4.41033783187792,327,NA,NA,NA,NA,NA,NA,NA,NA,NA,NA,NA,NA,NA,171.8,42.968013037,-79.255977058,1.03907,9,237,29,13.6044
614,2.47224,88,170,"2026-06-28_UCSOT",4.33576135969476,326,NA,NA,NA,NA,NA,NA,NA,NA,NA,NA,NA,NA,NA,171.8,42.968044972,-79.25599399,1.03907,9.26,237,29,13.8384
615,2.47609,88,170,"2026-06-28_UCSOT",4.32451133021969,332,NA,NA,NA,NA,NA,NA,NA,NA,NA,NA,NA,NA,NA,171.8,42.968081181,-79.255999103,1.03907,9.26,237,29,13.8744
616,2.48001,88,170,"2026-06-28_UCSOT",4.25278557455133,332,NA,NA,NA,NA,NA,NA,NA,NA,NA,NA,NA,NA,NA,171.8,42.968111608,-79.256012849,1.03907,9.3,236,29,14.1084
617,2.48394,88,170,"2026-06-28_UCSOT",4.24304141208418,335,NA,NA,NA,NA,NA,NA,NA,NA,NA,NA,NA,NA,NA,171.8,42.968153517,-79.256016202,1.03907,9.34,235,29,14.1408
618,2.48783,88,170,"2026-06-28_UCSOT",4.28338901739056,337,NA,NA,NA,NA,NA,NA,NA,NA,NA,NA,NA,NA,NA,171.8,42.968183189,-79.25603305,1.03907,9.3,236,29,14.0076
619,2.49172,88,171,"2026-06-28_UCSOT",4.28338901739056,336,NA,NA,NA,NA,NA,NA,NA,NA,NA,NA,NA,NA,NA,171.8,42.968220656,-79.256042605,1.03907,9.3,236,29,14.0076
620,2.49559,88,171,"2026-06-28_UCSOT",4.31443610320131,333,NA,NA,NA,NA,NA,NA,NA,NA,NA,NA,NA,NA,NA,172,42.968249406,-79.256054256,1.04173,9.3,236,29,13.9068
621,2.49945,88,171,"2026-06-28_UCSOT",4.31443610320131,333,NA,NA,NA,NA,NA,NA,NA,NA,NA,NA,NA,NA,NA,172,42.968289891,-79.256056687,1.04173,9.26,237,29,13.9068
622,2.50328,88,170,"2026-06-28_UCSOT",4.34593654932638,331,NA,NA,NA,NA,NA,NA,NA,NA,NA,NA,NA,NA,NA,172,42.968323251,-79.256066912,0.516796,9.22,238,29,13.806
623,2.50714,88,169,"2026-06-28_UCSOT",4.32451133021969,329,NA,NA,NA,NA,NA,NA,NA,NA,NA,NA,NA,NA,NA,172,42.968362897,-79.2560706,0.516796,9.26,237,29,13.8744
624,2.51103,88,170,"2026-06-28_UCSOT",4.28338901739056,330,NA,NA,NA,NA,NA,NA,NA,NA,NA,NA,NA,NA,NA,172.2,42.96839039,-79.256078396,1.03093,9.3,236,29,14.0076
625,2.51494,88,170,"2026-06-28_UCSOT",4.26257459505541,331,NA,NA,NA,NA,NA,NA,NA,NA,NA,NA,NA,NA,NA,172.2,42.968432132,-79.256089041,1.03093,9.3,236,29,14.076
626,2.51888,89,170,"2026-06-28_UCSOT",4.22261633307998,334,NA,NA,NA,NA,NA,NA,NA,NA,NA,NA,NA,NA,NA,172.2,42.968461804,-79.256099937,1.03093,9.19,232,29,14.2092
627,2.52283,89,170,"2026-06-28_UCSOT",4.22261633307998,335,NA,NA,NA,NA,NA,NA,NA,NA,NA,NA,NA,NA,NA,172.4,42.96849793,-79.256112594,1.53726,9.19,232,29,14.2092
628,2.52678,89,170,"2026-06-28_UCSOT",4.22261633307998,336,NA,NA,NA,NA,NA,NA,NA,NA,NA,NA,NA,NA,NA,172.4,42.968528356,-79.25612106,1.53726,9.19,232,29,14.2092
629,2.53069,88,170,"2026-06-28_UCSOT",4.26257459505541,336,NA,NA,NA,NA,NA,NA,NA,NA,NA,NA,NA,NA,NA,172.6,42.968562303,-79.256133213,2.04877,9.3,236,29,14.076
630,2.5346,88,169,"2026-06-28_UCSOT",4.26257459505541,334,NA,NA,NA,NA,NA,NA,NA,NA,NA,NA,NA,NA,NA,172.8,42.968597255,-79.256141847,2.04349,9.3,236,29,14.076
631,2.53848,88,169,"2026-06-28_UCSOT",4.29331959471063,337,NA,NA,NA,NA,NA,NA,NA,NA,NA,NA,NA,NA,NA,172.8,42.968632292,-79.25615685,2.04349,9.3,236,29,13.9752
632,2.54239,88,169,"2026-06-28_UCSOT",4.26257459505541,335,NA,NA,NA,NA,NA,NA,NA,NA,NA,NA,NA,NA,NA,173,42.968668585,-79.256165148,2.55499,9.3,236,29,14.076
633,2.5463,88,169,"2026-06-28_UCSOT",4.26257459505541,337,NA,NA,NA,NA,NA,NA,NA,NA,NA,NA,NA,NA,NA,173,42.968701694,-79.256180068,2.55499,9.3,236,29,14.076
634,2.55022,89,169,"2026-06-28_UCSOT",4.25278557455133,339,NA,NA,NA,NA,NA,NA,NA,NA,NA,NA,NA,NA,NA,173,42.968737401,-79.256190126,2.04086,9.15,233,29,14.1084
635,2.55412,89,169,"2026-06-28_UCSOT",4.27350427350427,338,NA,NA,NA,NA,NA,NA,NA,NA,NA,NA,NA,NA,NA,173,42.968768162,-79.25620337,2.04086,9.12,234,29,14.04
636,2.55802,89,169,"2026-06-28_UCSOT",4.27350427350427,336,NA,NA,NA,NA,NA,NA,NA,NA,NA,NA,NA,NA,NA,173,42.968807976,-79.2562115,2.04086,9.12,234,29,14.04
637,2.56194,89,169,"2026-06-28_UCSOT",4.25278557455133,337,NA,NA,NA,NA,NA,NA,NA,NA,NA,NA,NA,NA,NA,173,42.968837481,-79.256224827,1.53453,9.15,233,29,14.1084
638,2.56586,89,169,"2026-06-28_UCSOT",4.25278557455133,337,NA,NA,NA,NA,NA,NA,NA,NA,NA,NA,NA,NA,NA,173,42.968879139,-79.256233712,1.53453,9.15,233,29,14.1084
639,2.56978,89,168,"2026-06-28_UCSOT",4.24304141208418,334,NA,NA,NA,NA,NA,NA,NA,NA,NA,NA,NA,NA,NA,173,42.968910822,-79.256248967,1.02302,9.16,233,29,14.1408
640,2.57375,89,168,"2026-06-28_UCSOT",4.20238695579089,335,NA,NA,NA,NA,NA,NA,NA,NA,NA,NA,NA,NA,NA,172.8,42.968954995,-79.256249806,0,9.19,232,29,14.2776
641,2.57773,87,168,"2026-06-28_UCSOT",4.18340026773762,337,NA,NA,NA,NA,NA,NA,NA,NA,NA,NA,NA,NA,NA,172.8,42.968985337,-79.256258774,0,9.57,236,29,14.3424
642,2.58173,87,168,"2026-06-28_UCSOT",4.17292605575029,338,NA,NA,NA,NA,NA,NA,NA,NA,NA,NA,NA,NA,NA,172.8,42.969026409,-79.256264642,-0.503778,9.57,236,29,14.3784
643,2.58572,87,168,"2026-06-28_UCSOT",4.17292605575029,337,NA,NA,NA,NA,NA,NA,NA,NA,NA,NA,NA,NA,NA,172.6,42.969055494,-79.256274532,-1.00503,9.57,236,29,14.3784
644,2.5897,88,168,"2026-06-28_UCSOT",4.19287211740042,337,NA,NA,NA,NA,NA,NA,NA,NA,NA,NA,NA,NA,NA,172.6,42.969092458,-79.256285764,-1.00503,9.38,234,29,14.31
645,2.59364,88,169,"2026-06-28_UCSOT",4.22261633307998,335,NA,NA,NA,NA,NA,NA,NA,NA,NA,NA,NA,NA,NA,172.6,42.969125986,-79.25629205,-1.00503,9.34,235,29,14.2092
646,2.59757,88,169,"2026-06-28_UCSOT",4.24304141208418,334,NA,NA,NA,NA,NA,NA,NA,NA,NA,NA,NA,NA,NA,172.6,42.969161609,-79.256303617,-1.00503,9.34,235,29,14.1408
647,2.60148,88,169,"2026-06-28_UCSOT",4.26257459505541,333,NA,NA,NA,NA,NA,NA,NA,NA,NA,NA,NA,NA,NA,172.6,42.969197986,-79.256310826,-1.00503,9.3,236,29,14.076
648,2.60537,88,169,"2026-06-28_UCSOT",4.28338901739056,332,NA,NA,NA,NA,NA,NA,NA,NA,NA,NA,NA,NA,NA,172.6,42.969227323,-79.256329015,-1.00503,9.3,236,29,14.0076
649,2.60928,87,169,"2026-06-28_UCSOT",4.26257459505541,331,NA,NA,NA,NA,NA,NA,NA,NA,NA,NA,NA,NA,NA,172.6,42.969265209,-79.256336139,-1.00503,9.49,238,29,14.076
650,2.61322,88,169,"2026-06-28_UCSOT",4.2322668020992,333,NA,NA,NA,NA,NA,NA,NA,NA,NA,NA,NA,NA,NA,172.6,42.96929421,-79.256351227,-0.501253,9.34,235,28,14.1768
651,2.61718,88,169,"2026-06-28_UCSOT",4.20238695579089,337,NA,NA,NA,NA,NA,NA,NA,NA,NA,NA,NA,NA,NA,172.6,42.969335198,-79.25635592,-0.501253,9.38,234,29,14.2776
652,2.62115,88,170,"2026-06-28_UCSOT",4.20238695579089,337,NA,NA,NA,NA,NA,NA,NA,NA,NA,NA,NA,NA,NA,172.6,42.969364786,-79.25636623,-0.501253,9.34,235,29,14.2776
653,2.62511,88,169,"2026-06-28_UCSOT",4.20238695579089,338,NA,NA,NA,NA,NA,NA,NA,NA,NA,NA,NA,NA,NA,172.8,42.969407534,-79.256362877,0.505051,9.38,234,29,14.2776
654,2.62903,88,169,"2026-06-28_UCSOT",4.25278557455133,339,NA,NA,NA,NA,NA,NA,NA,NA,NA,NA,NA,NA,NA,172.8,42.96943687,-79.256366565,0.505051,9.38,234,28,14.1084
655,2.63295,88,169,"2026-06-28_UCSOT",4.25278557455133,339,NA,NA,NA,NA,NA,NA,NA,NA,NA,NA,NA,NA,NA,172.8,42.969478612,-79.256367487,0.505051,9.34,235,29,14.1084
656,2.63688,88,169,"2026-06-28_UCSOT",4.24304141208418,336,NA,NA,NA,NA,NA,NA,NA,NA,NA,NA,NA,NA,NA,172.8,42.969507865,-79.256375283,0.505051,9.34,235,29,14.1408
657,2.64079,88,169,"2026-06-28_UCSOT",4.26257459505541,338,NA,NA,NA,NA,NA,NA,NA,NA,NA,NA,NA,NA,NA,173,42.969548014,-79.256378133,1.01656,9.3,236,29,14.076
658,2.64469,88,169,"2026-06-28_UCSOT",4.27350427350427,337,NA,NA,NA,NA,NA,NA,NA,NA,NA,NA,NA,NA,NA,172.8,42.969580285,-79.256385257,0.503739,9.3,236,29,14.04
659,2.64862,88,170,"2026-06-28_UCSOT",4.24304141208418,339,NA,NA,NA,NA,NA,NA,NA,NA,NA,NA,NA,NA,NA,172.8,42.969614734,-79.256388275,0.503739,9.34,235,29,14.1408
660,2.65261,88,170,"2026-06-28_UCSOT",4.17292605575029,341,NA,NA,NA,NA,NA,NA,NA,NA,NA,NA,NA,NA,NA,172.8,42.969646753,-79.256385341,0.503739,9.42,233,28,14.3784
661,2.65659,87,170,"2026-06-28_UCSOT",4.19287211740042,345,NA,NA,NA,NA,NA,NA,NA,NA,NA,NA,NA,NA,NA,172.6,42.969681454,-79.256391376,0,9.57,236,28,14.31
662,2.66059,88,169,"2026-06-28_UCSOT",4.16354400866017,341,NA,NA,NA,NA,NA,NA,NA,NA,NA,NA,NA,NA,NA,172.6,42.969717497,-79.256391544,0,9.42,233,29,14.4108
663,2.66459,88,170,"2026-06-28_UCSOT",4.16354400866017,343,NA,NA,NA,NA,NA,NA,NA,NA,NA,NA,NA,NA,NA,172.6,42.969749515,-79.256399255,-0.503824,9.42,233,29,14.4108
664,2.66854,88,170,"2026-06-28_UCSOT",4.22261633307998,344,NA,NA,NA,NA,NA,NA,NA,NA,NA,NA,NA,NA,NA,172.8,42.969787653,-79.256393723,0,9.34,235,28,14.2092
665,2.67247,88,170,"2026-06-28_UCSOT",4.24304141208418,338,NA,NA,NA,NA,NA,NA,NA,NA,NA,NA,NA,NA,NA,172.8,42.969820091,-79.256399255,0,9.34,235,28,14.1408
666,2.6764,88,170,"2026-06-28_UCSOT",4.24304141208418,336,NA,NA,NA,NA,NA,NA,NA,NA,NA,NA,NA,NA,NA,172.8,42.969858983,-79.25639213,0,9.34,235,28,14.1408
667,2.68034,88,170,"2026-06-28_UCSOT",4.22261633307998,335,NA,NA,NA,NA,NA,NA,NA,NA,NA,NA,NA,NA,NA,172.8,42.969889493,-79.256397495,-0.509004,9.34,235,28,14.2092
668,2.68428,88,171,"2026-06-28_UCSOT",4.2322668020992,336,NA,NA,NA,NA,NA,NA,NA,NA,NA,NA,NA,NA,NA,173,42.969931235,-79.256391627,0.511431,9.34,235,28,14.1768
669,2.68823,88,171,"2026-06-28_UCSOT",4.22261633307998,335,NA,NA,NA,NA,NA,NA,NA,NA,NA,NA,NA,NA,NA,173,42.969958812,-79.256402356,0.511431,9.34,235,28,14.2092
670,2.69216,89,171,"2026-06-28_UCSOT",4.24304141208418,334,NA,NA,NA,NA,NA,NA,NA,NA,NA,NA,NA,NA,NA,172.8,42.970000637,-79.256402272,0,9.16,233,28,14.1408
671,2.69607,89,171,"2026-06-28_UCSOT",4.25278557455133,334,NA,NA,NA,NA,NA,NA,NA,NA,NA,NA,NA,NA,NA,173,42.97003098,-79.256409397,1.01655,9.15,233,28,14.1084
672,2.69994,88,171,"2026-06-28_UCSOT",4.31443610320131,334,NA,NA,NA,NA,NA,NA,NA,NA,NA,NA,NA,NA,NA,173,42.970072722,-79.256408391,1.01655,9.08,235,28,13.9068
673,2.7038,88,171,"2026-06-28_UCSOT",4.31443610320131,330,NA,NA,NA,NA,NA,NA,NA,NA,NA,NA,NA,NA,NA,173,42.970104908,-79.256410822,1.01655,9.26,237,28,13.9068
674,2.70766,88,171,"2026-06-28_UCSOT",4.31443610320131,328,NA,NA,NA,NA,NA,NA,NA,NA,NA,NA,NA,NA,NA,173,42.970140447,-79.256413253,0.510217,9.26,237,28,13.9068
675,2.7115,88,170,"2026-06-28_UCSOT",4.34593654932638,326,NA,NA,NA,NA,NA,NA,NA,NA,NA,NA,NA,NA,NA,173.2,42.97017892,-79.256416522,1.03105,9.26,237,28,13.806
676,2.71532,88,170,"2026-06-28_UCSOT",4.3561596096881,324,NA,NA,NA,NA,NA,NA,NA,NA,NA,NA,NA,NA,NA,173.2,42.970211694,-79.256422557,1.03105,9.22,238,28,13.7736
677,2.71917,88,170,"2026-06-28_UCSOT",4.33576135969476,323,NA,NA,NA,NA,NA,NA,NA,NA,NA,NA,NA,NA,NA,173.4,42.97025025,-79.256413504,1.55053,9.26,237,28,13.8384
678,2.72302,88,170,"2026-06-28_UCSOT",4.32451133021969,326,NA,NA,NA,NA,NA,NA,NA,NA,NA,NA,NA,NA,NA,173.4,42.970282353,-79.256419958,1.04292,9.26,237,28,13.8744
679,2.7269,88,169,"2026-06-28_UCSOT",4.29331959471063,328,NA,NA,NA,NA,NA,NA,NA,NA,NA,NA,NA,NA,NA,173.4,42.970321245,-79.256408978,1.04292,9.3,236,28,13.9752
680,2.73081,88,169,"2026-06-28_UCSOT",4.26257459505541,331,NA,NA,NA,NA,NA,NA,NA,NA,NA,NA,NA,NA,NA,173.4,42.970350498,-79.256411995,1.55182,9.3,236,29,14.076
681,2.73476,88,170,"2026-06-28_UCSOT",4.22261633307998,335,NA,NA,NA,NA,NA,NA,NA,NA,NA,NA,NA,NA,NA,173.4,42.970391485,-79.256407553,1.04031,9.34,235,28,14.2092
682,2.73871,88,169,"2026-06-28_UCSOT",4.22261633307998,339,NA,NA,NA,NA,NA,NA,NA,NA,NA,NA,NA,NA,NA,173.4,42.970421912,-79.256418701,1.04031,9.34,235,28,14.2092
683,2.74268,88,169,"2026-06-28_UCSOT",4.19287211740042,340,NA,NA,NA,NA,NA,NA,NA,NA,NA,NA,NA,NA,NA,173.6,42.970461893,-79.256410822,1.54409,9.38,234,29,14.31
684,2.74665,88,170,"2026-06-28_UCSOT",4.20238695579089,341,NA,NA,NA,NA,NA,NA,NA,NA,NA,NA,NA,NA,NA,173.6,42.970491062,-79.256416019,1.54409,9.38,234,28,14.2776
685,2.75061,88,169,"2026-06-28_UCSOT",4.20238695579089,341,NA,NA,NA,NA,NA,NA,NA,NA,NA,NA,NA,NA,NA,173.4,42.97053381,-79.256409648,0.518208,9.38,234,29,14.2776
686,2.75455,88,169,"2026-06-28_UCSOT",4.2322668020992,341,NA,NA,NA,NA,NA,NA,NA,NA,NA,NA,NA,NA,NA,173.4,42.970565158,-79.256414594,0.518208,9.34,235,28,14.1768
687,2.75846,88,170,"2026-06-28_UCSOT",4.26257459505541,338,NA,NA,NA,NA,NA,NA,NA,NA,NA,NA,NA,NA,NA,173.4,42.970606481,-79.256413336,0,9.3,236,28,14.076
688,2.76237,88,170,"2026-06-28_UCSOT",4.26257459505541,336,NA,NA,NA,NA,NA,NA,NA,NA,NA,NA,NA,NA,NA,173.2,42.970636991,-79.256417947,-0.512781,9.3,236,28,14.076
689,2.7663,88,169,"2026-06-28_UCSOT",4.24304141208418,336,NA,NA,NA,NA,NA,NA,NA,NA,NA,NA,NA,NA,NA,173.2,42.9706758,-79.256417863,-0.512781,9.34,235,28,14.1408
690,2.77022,88,169,"2026-06-28_UCSOT",4.25278557455133,337,NA,NA,NA,NA,NA,NA,NA,NA,NA,NA,NA,NA,NA,173.4,42.970706477,-79.256425993,0,9.34,235,28,14.1084
691,2.77412,88,169,"2026-06-28_UCSOT",4.27350427350427,336,NA,NA,NA,NA,NA,NA,NA,NA,NA,NA,NA,NA,NA,173.2,42.970740843,-79.256433118,-0.515398,9.3,236,28,14.04
692,2.77803,88,169,"2026-06-28_UCSOT",4.26257459505541,333,NA,NA,NA,NA,NA,NA,NA,NA,NA,NA,NA,NA,NA,173.2,42.970776801,-79.256432699,-0.515398,9.3,236,28,14.076
693,2.7819,88,169,"2026-06-28_UCSOT",4.30440771349862,333,NA,NA,NA,NA,NA,NA,NA,NA,NA,NA,NA,NA,NA,173.4,42.970807395,-79.256437309,-0.50238,9.26,237,28,13.9392
694,2.78577,88,169,"2026-06-28_UCSOT",4.30440771349862,331,NA,NA,NA,NA,NA,NA,NA,NA,NA,NA,NA,NA,NA,173.6,42.970848131,-79.256442757,0.0144158,9.26,237,28,13.9392
695,2.78963,88,169,"2026-06-28_UCSOT",4.31443610320131,331,NA,NA,NA,NA,NA,NA,NA,NA,NA,NA,NA,NA,NA,173.6,42.970879731,-79.256456,0.519466,9.26,237,28,13.9068
696,2.79352,88,169,"2026-06-28_UCSOT",4.29331959471063,330,NA,NA,NA,NA,NA,NA,NA,NA,NA,NA,NA,NA,NA,173.8,42.97092097,-79.256461952,1.03361,9.3,236,28,13.9752
697,2.79743,88,169,"2026-06-28_UCSOT",4.25278557455133,331,NA,NA,NA,NA,NA,NA,NA,NA,NA,NA,NA,NA,NA,173.8,42.970949636,-79.256477458,1.03361,9.34,235,28,14.1084
698,2.80138,88,169,"2026-06-28_UCSOT",4.22261633307998,332,NA,NA,NA,NA,NA,NA,NA,NA,NA,NA,NA,NA,NA,173.8,42.970992384,-79.25649397,1.54511,9.34,235,28,14.2092
699,2.80527,88,169,"2026-06-28_UCSOT",4.28338901739056,335,NA,NA,NA,NA,NA,NA,NA,NA,NA,NA,NA,NA,NA,173.8,42.971015434,-79.256510902,1.54511,9.3,236,28,14.0076
700,2.80913,88,169,"2026-06-28_UCSOT",4.32451133021969,331,NA,NA,NA,NA,NA,NA,NA,NA,NA,NA,NA,NA,NA,174,42.97105265,-79.256526827,1.55304,9.26,237,28,13.8744
701,2.81289,88,169,"2026-06-28_UCSOT",4.42086648983201,329,NA,NA,NA,NA,NA,NA,NA,NA,NA,NA,NA,NA,NA,174.2,42.971074862,-79.256544429,2.59778,9.18,239,28,13.572
702,2.81652,87,169,"2026-06-28_UCSOT",4.60405156537753,324,NA,NA,NA,NA,NA,NA,NA,NA,NA,NA,NA,NA,NA,174.6,42.971099589,-79.256563708,3.69971,9.19,245,28,13.032
703,2.82,87,169,"2026-06-28_UCSOT",4.78927203065134,317,NA,NA,NA,NA,NA,NA,NA,NA,NA,NA,NA,NA,NA,175,42.971128087,-79.256576029,4.33234,9.02,249,28,12.528
704,2.82337,86,169,"2026-06-28_UCSOT",4.93388592855733,321,NA,NA,NA,NA,NA,NA,NA,NA,NA,NA,NA,NA,NA,175.2,42.971145773,-79.256595475,4.40901,9.07,254,28,12.1608
705,2.82668,85,169,"2026-06-28_UCSOT",5.04591785245736,332,NA,NA,NA,NA,NA,NA,NA,NA,NA,NA,NA,NA,NA,175.6,42.971180306,-79.256604025,5.61747,9.16,258,28,11.8908
706,2.82992,84,168,"2026-06-28_UCSOT",5.13294322964788,349,NA,NA,NA,NA,NA,NA,NA,NA,NA,NA,NA,NA,NA,176,42.971204865,-79.25660721,6.3379,9.22,263,28,11.6892
707,2.83318,84,169,"2026-06-28_UCSOT",5.11875511875512,349,NA,NA,NA,NA,NA,NA,NA,NA,NA,NA,NA,NA,NA,176.2,42.971236716,-79.256610144,6.9514,9.26,262,28,11.7216
708,2.8365,84,168,"2026-06-28_UCSOT",5.01705799719045,385,NA,NA,NA,NA,NA,NA,NA,NA,NA,NA,NA,NA,NA,176.2,42.971269993,-79.2566083,6.9514,9.32,261,28,11.9592
709,2.83989,84,168,"2026-06-28_UCSOT",4.92077551422104,397,NA,NA,NA,NA,NA,NA,NA,NA,NA,NA,NA,NA,NA,176.2,42.97130461,-79.256612658,6.9514,9.42,259,28,12.1932
710,2.84336,87,167,"2026-06-28_UCSOT",4.80169019494862,403,NA,NA,NA,NA,NA,NA,NA,NA,NA,NA,NA,NA,NA,176.4,42.97134434,-79.256605198,7.00963,9.02,249,28,12.4956
711,2.84693,87,167,"2026-06-28_UCSOT",4.6633090841261,401,NA,NA,NA,NA,NA,NA,NA,NA,NA,NA,NA,NA,NA,176.4,42.971376443,-79.256611652,6.47772,9.11,247,28,12.8664
712,2.8506,87,168,"2026-06-28_UCSOT",4.54504135987638,395,NA,NA,NA,NA,NA,NA,NA,NA,NA,NA,NA,NA,NA,176.2,42.971418436,-79.256604863,4.83083,9.24,244,28,13.2012
713,2.85432,88,168,"2026-06-28_UCSOT",4.476676515355,389,NA,NA,NA,NA,NA,NA,NA,NA,NA,NA,NA,NA,NA,176.2,42.971449784,-79.25661182,3.68141,9.1,241,28,13.4028
714,2.85809,88,169,"2026-06-28_UCSOT",4.42086648983201,386,NA,NA,NA,NA,NA,NA,NA,NA,NA,NA,NA,NA,NA,176.2,42.971490018,-79.256607797,3.08793,9.18,239,28,13.572
715,2.86191,88,168,"2026-06-28_UCSOT",4.3675751222921,386,NA,NA,NA,NA,NA,NA,NA,NA,NA,NA,NA,NA,NA,176.2,42.971519438,-79.25661467,1.87947,9.22,238,28,13.7376
716,2.86574,89,169,"2026-06-28_UCSOT",4.34593654932638,389,NA,NA,NA,NA,NA,NA,NA,NA,NA,NA,NA,NA,NA,176.2,42.97156118,-79.256608719,0.644907,9.08,235,28,13.806
717,2.86958,89,169,"2026-06-28_UCSOT",4.34593654932638,390,NA,NA,NA,NA,NA,NA,NA,NA,NA,NA,NA,NA,NA,176.2,42.971589008,-79.256615927,0.0314097,9.08,235,28,13.806
718,2.87344,88,168,"2026-06-28_UCSOT",4.31443610320131,390,NA,NA,NA,NA,NA,NA,NA,NA,NA,NA,NA,NA,NA,176.4,42.971623877,-79.256614837,0.549544,9.26,237,28,13.9068
719,2.87729,88,169,"2026-06-28_UCSOT",4.32451133021969,390,NA,NA,NA,NA,NA,NA,NA,NA,NA,NA,NA,NA,NA,176.4,42.971654219,-79.256619699,0.549544,9.26,237,28,13.8744
720,2.88116,87,169,"2026-06-28_UCSOT",4.31443610320131,386,NA,NA,NA,NA,NA,NA,NA,NA,NA,NA,NA,NA,NA,176.4,42.971686908,-79.256628416,-0.0268244,9.45,239,28,13.9068
721,2.88503,87,169,"2026-06-28_UCSOT",4.30440771349862,365,NA,NA,NA,NA,NA,NA,NA,NA,NA,NA,NA,NA,NA,176.4,42.97172337,-79.256630093,-0.0268244,9.45,239,28,13.9392
722,2.8889,87,169,"2026-06-28_UCSOT",4.30440771349862,355,NA,NA,NA,NA,NA,NA,NA,NA,NA,NA,NA,NA,NA,176.4,42.971752539,-79.256640738,0.518135,9.45,239,28,13.9392
723,2.89277,87,167,"2026-06-28_UCSOT",4.31443610320131,348,NA,NA,NA,NA,NA,NA,NA,NA,NA,NA,NA,NA,NA,176.4,42.971795873,-79.256645683,0.518135,9.45,239,28,13.9068
724,2.89664,87,167,"2026-06-28_UCSOT",4.30440771349862,352,NA,NA,NA,NA,NA,NA,NA,NA,NA,NA,NA,NA,NA,176.4,42.971825545,-79.256662447,0.518135,9.45,239,28,13.9392
725,2.9005,87,168,"2026-06-28_UCSOT",4.31443610320131,352,NA,NA,NA,NA,NA,NA,NA,NA,NA,NA,NA,NA,NA,176.4,42.971866365,-79.256669068,0.518135,9.45,239,28,13.9068
726,2.90436,87,169,"2026-06-28_UCSOT",4.31443610320131,352,NA,NA,NA,NA,NA,NA,NA,NA,NA,NA,NA,NA,NA,176.2,42.971894277,-79.256677953,0,9.45,239,28,13.9068
727,2.90822,87,170,"2026-06-28_UCSOT",4.32451133021969,344,NA,NA,NA,NA,NA,NA,NA,NA,NA,NA,NA,NA,NA,176.2,42.971933839,-79.256680887,0,9.45,239,28,13.8744
728,2.91208,87,171,"2026-06-28_UCSOT",4.31443610320131,339,NA,NA,NA,NA,NA,NA,NA,NA,NA,NA,NA,NA,NA,176,42.971963847,-79.256690275,-1.03627,9.45,239,28,13.9068
729,2.91596,88,170,"2026-06-28_UCSOT",4.29331959471063,338,NA,NA,NA,NA,NA,NA,NA,NA,NA,NA,NA,NA,NA,176,42.972003242,-79.256699746,-1.03627,9.3,236,28,13.9752
730,2.91984,88,171,"2026-06-28_UCSOT",4.29331959471063,339,NA,NA,NA,NA,NA,NA,NA,NA,NA,NA,NA,NA,NA,176,42.972033668,-79.256708379,-1.03627,9.3,236,28,13.9752
731,2.92373,88,171,"2026-06-28_UCSOT",4.28338901739056,339,NA,NA,NA,NA,NA,NA,NA,NA,NA,NA,NA,NA,NA,176,42.972068369,-79.256712654,-1.03627,9.3,236,28,14.0076
732,2.92763,88,171,"2026-06-28_UCSOT",4.27350427350427,336,NA,NA,NA,NA,NA,NA,NA,NA,NA,NA,NA,NA,NA,176,42.972103741,-79.256714079,-1.03627,9.3,236,28,14.04
733,2.93154,88,171,"2026-06-28_UCSOT",4.26257459505541,336,NA,NA,NA,NA,NA,NA,NA,NA,NA,NA,NA,NA,NA,176.2,42.97213358,-79.256724808,-0.52476,9.3,236,28,14.076
734,2.93546,88,171,"2026-06-28_UCSOT",4.25278557455133,336,NA,NA,NA,NA,NA,NA,NA,NA,NA,NA,NA,NA,NA,176.2,42.972172724,-79.256724305,-0.52476,9.34,235,28,14.1084
735,2.93939,87,170,"2026-06-28_UCSOT",4.24304141208418,336,NA,NA,NA,NA,NA,NA,NA,NA,NA,NA,NA,NA,NA,176.2,42.97220491,-79.256736962,-0.52476,9.53,237,28,14.1408
736,2.94332,87,170,"2026-06-28_UCSOT",4.24304141208418,338,NA,NA,NA,NA,NA,NA,NA,NA,NA,NA,NA,NA,NA,176,42.972246317,-79.256742661,-0.515532,9.53,237,28,14.1408
737,2.94728,88,170,"2026-06-28_UCSOT",4.20238695579089,338,NA,NA,NA,NA,NA,NA,NA,NA,NA,NA,NA,NA,NA,176,42.972278419,-79.256758336,-0.515532,9.38,234,28,14.2776
738,2.95126,88,170,"2026-06-28_UCSOT",4.19287211740042,338,NA,NA,NA,NA,NA,NA,NA,NA,NA,NA,NA,NA,NA,176,42.972322173,-79.256760096,0,9.38,234,28,14.31
739,2.95522,89,170,"2026-06-28_UCSOT",4.20238695579089,342,NA,NA,NA,NA,NA,NA,NA,NA,NA,NA,NA,NA,NA,176,42.972351426,-79.256769567,0,9.19,232,28,14.2776
740,2.9592,89,170,"2026-06-28_UCSOT",4.19287211740042,341,NA,NA,NA,NA,NA,NA,NA,NA,NA,NA,NA,NA,NA,176,42.972391407,-79.256774261,0,9.19,232,28,14.31
741,2.96317,89,169,"2026-06-28_UCSOT",4.19287211740042,341,NA,NA,NA,NA,NA,NA,NA,NA,NA,NA,NA,NA,NA,176,42.972420996,-79.256781637,0,9.19,232,28,14.31
742,2.96711,88,169,"2026-06-28_UCSOT",4.2322668020992,341,NA,NA,NA,NA,NA,NA,NA,NA,NA,NA,NA,NA,NA,176,42.972458211,-79.256788594,0,9.34,235,28,14.1768
743,2.97105,87,169,"2026-06-28_UCSOT",4.2322668020992,340,NA,NA,NA,NA,NA,NA,NA,NA,NA,NA,NA,NA,NA,175.8,42.972492828,-79.256793288,-1.01652,9.53,237,28,14.1768
744,2.97499,87,169,"2026-06-28_UCSOT",4.2322668020992,338,NA,NA,NA,NA,NA,NA,NA,NA,NA,NA,NA,NA,NA,175.8,42.972525769,-79.256802424,-1.01652,9.53,237,28,14.1768
745,2.97889,87,169,"2026-06-28_UCSOT",4.27350427350427,337,NA,NA,NA,NA,NA,NA,NA,NA,NA,NA,NA,NA,NA,175.8,42.972563069,-79.256803849,-1.01652,9.49,238,28,14.04
746,2.98279,87,170,"2026-06-28_UCSOT",4.27350427350427,335,NA,NA,NA,NA,NA,NA,NA,NA,NA,NA,NA,NA,NA,175.8,42.972593328,-79.256815919,-0.507614,9.49,238,28,14.04
747,2.98671,87,170,"2026-06-28_UCSOT",4.25278557455133,334,NA,NA,NA,NA,NA,NA,NA,NA,NA,NA,NA,NA,NA,175.8,42.972630627,-79.256819104,-0.507614,9.5,238,28,14.1084
748,2.9906,88,170,"2026-06-28_UCSOT",4.28338901739056,335,NA,NA,NA,NA,NA,NA,NA,NA,NA,NA,NA,NA,NA,175.8,42.972657952,-79.256835282,-0.507614,9.3,236,28,14.0076
749,2.99448,88,170,"2026-06-28_UCSOT",4.29331959471063,335,NA,NA,NA,NA,NA,NA,NA,NA,NA,NA,NA,NA,NA,175.8,42.972698856,-79.256839892,-0.507614,9.3,236,28,13.9752
750,2.99837,88,170,"2026-06-28_UCSOT",4.28338901739056,331,NA,NA,NA,NA,NA,NA,NA,NA,NA,NA,NA,NA,NA,175.8,42.972728276,-79.256853973,-0.507614,9.3,236,28,14.0076
751,3.00225,88,170,"2026-06-28_UCSOT",4.29331959471063,329,NA,NA,NA,NA,NA,NA,NA,NA,NA,NA,NA,NA,NA,176,42.972768677,-79.256857829,0,9.3,236,28,13.9752
752,3.00611,88,170,"2026-06-28_UCSOT",4.31443610320131,329,NA,NA,NA,NA,NA,NA,NA,NA,NA,NA,NA,NA,NA,176,42.972798014,-79.256868055,0,9.26,237,28,13.9068
753,3.00998,88,169,"2026-06-28_UCSOT",4.31443610320131,329,NA,NA,NA,NA,NA,NA,NA,NA,NA,NA,NA,NA,NA,176,42.972840007,-79.256871743,0.515464,9.26,237,28,13.9068
754,3.01386,87,169,"2026-06-28_UCSOT",4.29331959471063,331,NA,NA,NA,NA,NA,NA,NA,NA,NA,NA,NA,NA,NA,176,42.97286993,-79.256878113,0.515464,9.45,239,28,13.9752
755,3.01776,88,169,"2026-06-28_UCSOT",4.27350427350427,331,NA,NA,NA,NA,NA,NA,NA,NA,NA,NA,NA,NA,NA,176,42.972909493,-79.256884064,0.515464,9.3,236,28,14.04
756,3.02169,88,169,"2026-06-28_UCSOT",4.24304141208418,331,NA,NA,NA,NA,NA,NA,NA,NA,NA,NA,NA,NA,NA,176,42.972942266,-79.25689144,0.515464,9.34,235,28,14.1408
757,3.02561,88,169,"2026-06-28_UCSOT",4.24304141208418,332,NA,NA,NA,NA,NA,NA,NA,NA,NA,NA,NA,NA,NA,176,42.972971938,-79.256900241,0.515464,9.34,235,28,14.1408
758,3.02952,88,170,"2026-06-28_UCSOT",4.26257459505541,334,NA,NA,NA,NA,NA,NA,NA,NA,NA,NA,NA,NA,NA,176,42.973005717,-79.256903426,0.515464,9.3,236,28,14.076
759,3.03343,88,170,"2026-06-28_UCSOT",4.26257459505541,332,NA,NA,NA,NA,NA,NA,NA,NA,NA,NA,NA,NA,NA,176,42.97303958,-79.256913317,0.515464,9.3,236,28,14.076
760,3.03737,88,169,"2026-06-28_UCSOT",4.2322668020992,332,NA,NA,NA,NA,NA,NA,NA,NA,NA,NA,NA,NA,NA,176,42.973080987,-79.256920274,0.515464,9.34,235,28,14.1768
761,3.04133,88,170,"2026-06-28_UCSOT",4.21300977418268,332,NA,NA,NA,NA,NA,NA,NA,NA,NA,NA,NA,NA,NA,176,42.973114263,-79.256932428,0,9.38,234,28,14.2416
762,3.04528,88,170,"2026-06-28_UCSOT",4.21300977418268,335,NA,NA,NA,NA,NA,NA,NA,NA,NA,NA,NA,NA,NA,176,42.973153155,-79.256934691,0,9.38,234,28,14.2416
763,3.04923,88,170,"2026-06-28_UCSOT",4.22261633307998,336,NA,NA,NA,NA,NA,NA,NA,NA,NA,NA,NA,NA,NA,176,42.973183246,-79.256945084,0,9.34,235,28,14.2092
764,3.05319,88,171,"2026-06-28_UCSOT",4.21300977418268,336,NA,NA,NA,NA,NA,NA,NA,NA,NA,NA,NA,NA,NA,176,42.97322482,-79.256943324,0,9.38,234,28,14.2416
765,3.05711,88,171,"2026-06-28_UCSOT",4.25278557455133,339,NA,NA,NA,NA,NA,NA,NA,NA,NA,NA,NA,NA,NA,176,42.973253486,-79.256952293,0,9.34,235,28,14.1084
766,3.06098,88,170,"2026-06-28_UCSOT",4.30440771349862,337,NA,NA,NA,NA,NA,NA,NA,NA,NA,NA,NA,NA,NA,176,42.973295312,-79.256950114,0,9.26,237,28,13.9392
767,3.06483,88,170,"2026-06-28_UCSOT",4.32451133021969,337,NA,NA,NA,NA,NA,NA,NA,NA,NA,NA,NA,NA,NA,176,42.973326073,-79.256958328,0,9.26,237,28,13.8744
768,3.06865,88,169,"2026-06-28_UCSOT",4.3675751222921,334,NA,NA,NA,NA,NA,NA,NA,NA,NA,NA,NA,NA,NA,176,42.973366139,-79.256959585,0,9.22,238,28,13.7376
769,3.07243,88,169,"2026-06-28_UCSOT",4.41033783187792,332,NA,NA,NA,NA,NA,NA,NA,NA,NA,NA,NA,NA,NA,176,42.973395811,-79.256968218,0,9.18,239,28,13.6044
770,3.07617,88,169,"2026-06-28_UCSOT",4.45394619632995,329,NA,NA,NA,NA,NA,NA,NA,NA,NA,NA,NA,NA,NA,176,42.973432188,-79.256976014,0,9.14,240,28,13.4712
771,3.0799,88,169,"2026-06-28_UCSOT",4.46588067166845,326,NA,NA,NA,NA,NA,NA,NA,NA,NA,NA,NA,NA,NA,176,42.973463956,-79.256983222,0,9.14,240,28,13.4352
772,3.08364,88,169,"2026-06-28_UCSOT",4.45394619632995,324,NA,NA,NA,NA,NA,NA,NA,NA,NA,NA,NA,NA,NA,176,42.973495556,-79.256992945,0,9.14,240,28,13.4712
773,3.08741,88,168,"2026-06-28_UCSOT",4.42086648983201,325,NA,NA,NA,NA,NA,NA,NA,NA,NA,NA,NA,NA,NA,176,42.973531514,-79.257003171,0,9.18,239,28,13.572
774,3.09122,88,169,"2026-06-28_UCSOT",4.37790035898783,325,NA,NA,NA,NA,NA,NA,NA,NA,NA,NA,NA,NA,NA,176,42.973565293,-79.257018845,0,9.22,238,28,13.7052
775,3.09505,88,169,"2026-06-28_UCSOT",4.34593654932638,328,NA,NA,NA,NA,NA,NA,NA,NA,NA,NA,NA,NA,NA,176,42.973600078,-79.257032675,0,9.22,238,28,13.806
776,3.09894,89,169,"2026-06-28_UCSOT",4.29331959471063,331,NA,NA,NA,NA,NA,NA,NA,NA,NA,NA,NA,NA,NA,176,42.973631091,-79.257050277,0,9.12,234,28,13.9752
777,3.10286,89,169,"2026-06-28_UCSOT",4.24304141208418,333,NA,NA,NA,NA,NA,NA,NA,NA,NA,NA,NA,NA,NA,176,42.973669229,-79.257068634,0,9.16,233,28,14.1408
778,3.10684,89,169,"2026-06-28_UCSOT",4.19287211740042,338,NA,NA,NA,NA,NA,NA,NA,NA,NA,NA,NA,NA,NA,175.8,42.973698817,-79.257092187,-0.502513,9.19,232,28,14.31
779,3.11081,90,169,"2026-06-28_UCSOT",4.19287211740042,338,NA,NA,NA,NA,NA,NA,NA,NA,NA,NA,NA,NA,NA,175.8,42.973731674,-79.257119596,-0.502513,9.02,230,28,14.31
780,3.11479,90,169,"2026-06-28_UCSOT",4.19287211740042,338,NA,NA,NA,NA,NA,NA,NA,NA,NA,NA,NA,NA,NA,176,42.973749695,-79.257147843,0,9.02,230,28,14.31
781,3.11874,89,169,"2026-06-28_UCSOT",4.22261633307998,336,NA,NA,NA,NA,NA,NA,NA,NA,NA,NA,NA,NA,NA,176,42.97378163,-79.25718531,0,9.19,232,28,14.2092
782,3.12264,89,168,"2026-06-28_UCSOT",4.26257459505541,336,NA,NA,NA,NA,NA,NA,NA,NA,NA,NA,NA,NA,NA,176,42.973794706,-79.257215401,0,9.15,233,28,14.076
783,3.12649,88,168,"2026-06-28_UCSOT",4.33576135969476,334,NA,NA,NA,NA,NA,NA,NA,NA,NA,NA,NA,NA,NA,176,42.973818762,-79.257257478,0,9.26,237,28,13.8384
784,3.13031,88,168,"2026-06-28_UCSOT",4.3561596096881,331,NA,NA,NA,NA,NA,NA,NA,NA,NA,NA,NA,NA,NA,176,42.973836615,-79.25728824,0,9.22,238,28,13.7736
785,3.13413,88,168,"2026-06-28_UCSOT",4.3675751222921,328,NA,NA,NA,NA,NA,NA,NA,NA,NA,NA,NA,NA,NA,176,42.973855474,-79.257325204,0,9.22,238,28,13.7376
786,3.13795,87,169,"2026-06-28_UCSOT",4.3675751222921,327,NA,NA,NA,NA,NA,NA,NA,NA,NA,NA,NA,NA,NA,176,42.973872071,-79.257362755,0,9.41,240,28,13.7376
787,3.14177,87,169,"2026-06-28_UCSOT",4.3561596096881,325,NA,NA,NA,NA,NA,NA,NA,NA,NA,NA,NA,NA,NA,176,42.973877938,-79.257402988,0,9.41,240,28,13.7736
788,3.1456,87,169,"2026-06-28_UCSOT",4.3561596096881,324,NA,NA,NA,NA,NA,NA,NA,NA,NA,NA,NA,NA,NA,176,42.973895037,-79.257446741,0.502513,9.41,240,28,13.7736
789,3.14943,87,170,"2026-06-28_UCSOT",4.34593654932638,324,NA,NA,NA,NA,NA,NA,NA,NA,NA,NA,NA,NA,NA,176,42.973904006,-79.257482867,0.502513,9.41,240,28,13.806
790,3.15331,87,170,"2026-06-28_UCSOT",4.29331959471063,325,NA,NA,NA,NA,NA,NA,NA,NA,NA,NA,NA,NA,NA,176,42.973926721,-79.257533494,0,9.45,239,28,13.9752
791,3.15721,87,170,"2026-06-28_UCSOT",4.28338901739056,326,NA,NA,NA,NA,NA,NA,NA,NA,NA,NA,NA,NA,NA,176,42.973933678,-79.257573392,0,9.49,238,28,14.0076
792,3.16109,87,170,"2026-06-28_UCSOT",4.29331959471063,329,NA,NA,NA,NA,NA,NA,NA,NA,NA,NA,NA,NA,NA,175.8,42.973938623,-79.257628461,-0.515464,9.45,239,28,13.9752
793,3.16505,86,170,"2026-06-28_UCSOT",4.20238695579089,330,NA,NA,NA,NA,NA,NA,NA,NA,NA,NA,NA,NA,NA,175.8,42.973941473,-79.257676908,-0.515464,9.74,239,28,14.2776
794,3.16905,85,170,"2026-06-28_UCSOT",4.17292605575029,329,NA,NA,NA,NA,NA,NA,NA,NA,NA,NA,NA,NA,NA,176,42.973941054,-79.257723177,-0.0154639,9.95,241,28,14.3784
795,3.17304,85,170,"2026-06-28_UCSOT",4.17292605575029,335,NA,NA,NA,NA,NA,NA,NA,NA,NA,NA,NA,NA,NA,176,42.97395195,-79.25776978,-0.0154639,9.95,241,28,14.3784
796,3.17698,85,169,"2026-06-28_UCSOT",4.2322668020992,337,NA,NA,NA,NA,NA,NA,NA,NA,NA,NA,NA,NA,NA,176,42.973962344,-79.257809929,-0.0154639,9.9,242,28,14.1768
797,3.18093,85,168,"2026-06-28_UCSOT",4.21300977418268,335,NA,NA,NA,NA,NA,NA,NA,NA,NA,NA,NA,NA,NA,176,42.973992602,-79.257843708,-0.0154639,9.91,242,28,14.2416
798,3.18478,86,167,"2026-06-28_UCSOT",4.33576135969476,336,NA,NA,NA,NA,NA,NA,NA,NA,NA,NA,NA,NA,NA,176,42.974013641,-79.25787162,-0.0154639,9.61,242,28,13.8384
799,3.18858,87,166,"2026-06-28_UCSOT",4.38827453045463,338,NA,NA,NA,NA,NA,NA,NA,NA,NA,NA,NA,NA,NA,176.2,42.974049013,-79.257905734,0.510852,9.37,241,28,13.6728
800,3.19236,87,166,"2026-06-28_UCSOT",4.39985920450546,332,NA,NA,NA,NA,NA,NA,NA,NA,NA,NA,NA,NA,NA,176.2,42.974073488,-79.257937753,0.510852,9.37,241,28,13.6368
801,3.19613,87,167,"2026-06-28_UCSOT",4.42086648983201,329,NA,NA,NA,NA,NA,NA,NA,NA,NA,NA,NA,NA,NA,176.2,42.97411238,-79.25796994,0.510852,9.33,242,28,13.572
802,3.19991,87,167,"2026-06-28_UCSOT",4.41033783187792,329,NA,NA,NA,NA,NA,NA,NA,NA,NA,NA,NA,NA,NA,176.2,42.97413543,-79.258002629,1.02632,9.37,241,28,13.6044
803,3.20373,87,168,"2026-06-28_UCSOT",4.3675751222921,327,NA,NA,NA,NA,NA,NA,NA,NA,NA,NA,NA,NA,NA,176.2,42.97414356,-79.258045796,1.02632,9.41,240,28,13.7376
804,3.20754,87,168,"2026-06-28_UCSOT",4.37790035898783,329,NA,NA,NA,NA,NA,NA,NA,NA,NA,NA,NA,NA,NA,176.2,42.974130652,-79.258090639,0.526316,9.37,241,28,13.7052
805,3.2113,86,169,"2026-06-28_UCSOT",4.43262411347518,328,NA,NA,NA,NA,NA,NA,NA,NA,NA,NA,NA,NA,NA,176.2,42.974101902,-79.258111762,0.526316,9.52,244,28,13.536
806,3.21504,86,170,"2026-06-28_UCSOT",4.45394619632995,327,NA,NA,NA,NA,NA,NA,NA,NA,NA,NA,NA,NA,NA,176.2,42.974067537,-79.258143948,0.526316,9.48,245,28,13.4712
807,3.21877,86,171,"2026-06-28_UCSOT",4.46588067166845,324,NA,NA,NA,NA,NA,NA,NA,NA,NA,NA,NA,NA,NA,176.2,42.974038368,-79.258156186,0.526316,9.48,245,28,13.4352
808,3.22248,86,170,"2026-06-28_UCSOT",4.48752468138575,323,NA,NA,NA,NA,NA,NA,NA,NA,NA,NA,NA,NA,NA,176.2,42.974000901,-79.258187282,0.526316,9.48,245,28,13.3704
809,3.22623,87,170,"2026-06-28_UCSOT",4.44325957522438,323,NA,NA,NA,NA,NA,NA,NA,NA,NA,NA,NA,NA,NA,176.2,42.973971061,-79.258200274,0,9.33,242,28,13.5036
810,3.23005,88,170,"2026-06-28_UCSOT",4.3675751222921,321,NA,NA,NA,NA,NA,NA,NA,NA,NA,NA,NA,NA,NA,176,42.973933426,-79.258231204,-0.52356,9.22,238,28,13.7376
811,3.23392,88,169,"2026-06-28_UCSOT",4.30440771349862,323,NA,NA,NA,NA,NA,NA,NA,NA,NA,NA,NA,NA,NA,176,42.973906185,-79.258247297,-0.52356,9.26,237,28,13.9392
812,3.23779,87,169,"2026-06-28_UCSOT",4.31443610320131,329,NA,NA,NA,NA,NA,NA,NA,NA,NA,NA,NA,NA,NA,176,42.973872741,-79.258266827,-0.52356,9.45,239,28,13.9068
813,3.24168,87,170,"2026-06-28_UCSOT",4.28338901739056,332,NA,NA,NA,NA,NA,NA,NA,NA,NA,NA,NA,NA,NA,176,42.973843405,-79.258281914,-0.52356,9.49,238,28,14.0076
814,3.24557,87,170,"2026-06-28_UCSOT",4.28338901739056,329,NA,NA,NA,NA,NA,NA,NA,NA,NA,NA,NA,NA,NA,176,42.973810799,-79.258296583,-0.52356,9.49,238,28,14.0076
815,3.24947,87,170,"2026-06-28_UCSOT",4.27350427350427,333,NA,NA,NA,NA,NA,NA,NA,NA,NA,NA,NA,NA,NA,176,42.97377702,-79.258315358,-0.52356,9.49,238,28,14.04
816,3.25337,87,170,"2026-06-28_UCSOT",4.27350427350427,333,NA,NA,NA,NA,NA,NA,NA,NA,NA,NA,NA,NA,NA,175.8,42.973745001,-79.258311586,-1.03638,9.49,238,28,14.04
817,3.25731,87,170,"2026-06-28_UCSOT",4.2322668020992,335,NA,NA,NA,NA,NA,NA,NA,NA,NA,NA,NA,NA,NA,175.6,42.973704936,-79.258316531,-1.54399,9.53,237,28,14.1768
818,3.26127,86,171,"2026-06-28_UCSOT",4.20238695579089,336,NA,NA,NA,NA,NA,NA,NA,NA,NA,NA,NA,NA,NA,175.4,42.973675012,-79.258308904,-2.04905,9.74,239,28,14.2776
819,3.26526,86,171,"2026-06-28_UCSOT",4.17292605575029,340,NA,NA,NA,NA,NA,NA,NA,NA,NA,NA,NA,NA,NA,175.4,42.973644418,-79.258288704,-2.04905,9.77,238,28,14.3784
820,3.26926,85,171,"2026-06-28_UCSOT",4.17292605575029,342,NA,NA,NA,NA,NA,NA,NA,NA,NA,NA,NA,NA,NA,175.2,42.973614076,-79.258253835,-2.02549,9.95,241,28,14.3784
821,3.2732,84,171,"2026-06-28_UCSOT",4.22261633307998,342,NA,NA,NA,NA,NA,NA,NA,NA,NA,NA,NA,NA,NA,175,42.973602341,-79.258213937,-2.5331,10.12,244,28,14.2092
822,3.27712,83,171,"2026-06-28_UCSOT",4.25278557455133,341,NA,NA,NA,NA,NA,NA,NA,NA,NA,NA,NA,NA,NA,174.8,42.973583985,-79.258161215,-3.0433,10.26,248,28,14.1084
823,3.28105,84,172,"2026-06-28_UCSOT",4.24304141208418,335,NA,NA,NA,NA,NA,NA,NA,NA,NA,NA,NA,NA,NA,174.8,42.97357686,-79.258119389,-3.0433,10.08,245,28,14.1408
824,3.28496,84,172,"2026-06-28_UCSOT",4.26257459505541,327,NA,NA,NA,NA,NA,NA,NA,NA,NA,NA,NA,NA,NA,174.6,42.973564958,-79.258066583,-3.55481,10.08,245,28,14.076
825,3.28891,84,172,"2026-06-28_UCSOT",4.22261633307998,321,NA,NA,NA,NA,NA,NA,NA,NA,NA,NA,NA,NA,NA,174.4,42.973555067,-79.258020902,-4.06114,10.12,244,28,14.2092
826,3.29293,86,171,"2026-06-28_UCSOT",4.1438753522294,315,NA,NA,NA,NA,NA,NA,NA,NA,NA,NA,NA,NA,NA,174.2,42.973542327,-79.257971365,-4.04583,9.81,237,28,14.4792
827,3.29696,86,171,"2026-06-28_UCSOT",4.13462333581411,317,NA,NA,NA,NA,NA,NA,NA,NA,NA,NA,NA,NA,NA,174.2,42.973533945,-79.257923672,-3.53822,9.82,237,28,14.5116
828,3.30098,87,172,"2026-06-28_UCSOT",4.1438753522294,321,NA,NA,NA,NA,NA,NA,NA,NA,NA,NA,NA,NA,NA,174,42.973536711,-79.257882349,-3.53068,9.61,235,28,14.4792
829,3.305,87,173,"2026-06-28_UCSOT",4.1438753522294,326,NA,NA,NA,NA,NA,NA,NA,NA,NA,NA,NA,NA,NA,174,42.973538974,-79.257827364,-3.53068,9.61,235,28,14.4792
830,3.30897,87,172,"2026-06-28_UCSOT",4.20238695579089,328,NA,NA,NA,NA,NA,NA,NA,NA,NA,NA,NA,NA,NA,174.2,42.973550038,-79.257792327,-2.5269,9.57,236,28,14.2776
831,3.31288,87,172,"2026-06-28_UCSOT",4.26257459505541,330,NA,NA,NA,NA,NA,NA,NA,NA,NA,NA,NA,NA,NA,174.2,42.973561521,-79.257742036,-2.01929,9.49,238,28,14.076
832,3.31671,87,172,"2026-06-28_UCSOT",4.34593654932638,325,NA,NA,NA,NA,NA,NA,NA,NA,NA,NA,NA,NA,NA,174.4,42.973571915,-79.257711023,-0.986891,9.41,240,28,13.806
833,3.32051,87,172,"2026-06-28_UCSOT",4.38827453045463,320,NA,NA,NA,NA,NA,NA,NA,NA,NA,NA,NA,NA,NA,174.6,42.973583566,-79.257661905,-0.460576,9.37,241,28,13.6728
834,3.32423,87,171,"2026-06-28_UCSOT",4.476676515355,313,NA,NA,NA,NA,NA,NA,NA,NA,NA,NA,NA,NA,NA,174.6,42.973600497,-79.257626198,0.0509333,9.29,243,28,13.4028
835,3.32789,86,171,"2026-06-28_UCSOT",4.55622380171314,310,NA,NA,NA,NA,NA,NA,NA,NA,NA,NA,NA,NA,NA,174.8,42.973616339,-79.257584456,1.10371,9.39,247,28,13.1688
836,3.33148,86,171,"2026-06-28_UCSOT",4.63994060876021,302,NA,NA,NA,NA,NA,NA,NA,NA,NA,NA,NA,NA,NA,175,42.973627571,-79.257539864,2.15833,9.31,249,28,12.9312
837,3.33504,86,170,"2026-06-28_UCSOT",4.6882325363338,296,NA,NA,NA,NA,NA,NA,NA,NA,NA,NA,NA,NA,NA,175,42.973630923,-79.257506672,2.15833,9.26,250,28,12.798
838,3.33855,86,170,"2026-06-28_UCSOT",4.75104522995059,306,NA,NA,NA,NA,NA,NA,NA,NA,NA,NA,NA,NA,NA,175,42.973613237,-79.257467277,2.65584,9.21,251,28,12.6288
839,3.34204,85,171,"2026-06-28_UCSOT",4.77554918815664,315,NA,NA,NA,NA,NA,NA,NA,NA,NA,NA,NA,NA,NA,175,42.973593037,-79.257433749,2.65584,9.37,254,28,12.564
840,3.34552,85,172,"2026-06-28_UCSOT",4.78927203065134,321,NA,NA,NA,NA,NA,NA,NA,NA,NA,NA,NA,NA,NA,175,42.973566886,-79.257400054,2.15206,9.36,254,28,12.528
841,3.34904,85,172,"2026-06-28_UCSOT",4.7254512805973,325,NA,NA,NA,NA,NA,NA,NA,NA,NA,NA,NA,NA,NA,175,42.973533358,-79.257367281,2.15206,9.41,253,28,12.6972
842,3.35267,85,172,"2026-06-28_UCSOT",4.59136822773186,325,NA,NA,NA,NA,NA,NA,NA,NA,NA,NA,NA,NA,NA,174.8,42.973510559,-79.257336435,1.0789,9.55,250,28,13.068
843,3.35637,85,172,"2026-06-28_UCSOT",4.510599909788,325,NA,NA,NA,NA,NA,NA,NA,NA,NA,NA,NA,NA,NA,174.8,42.973472589,-79.25731414,0.552587,9.64,248,28,13.302
844,3.36015,85,173,"2026-06-28_UCSOT",4.41033783187792,326,NA,NA,NA,NA,NA,NA,NA,NA,NA,NA,NA,NA,NA,174.8,42.973449874,-79.257292011,0.552587,9.73,246,28,13.6044
845,3.36395,86,173,"2026-06-28_UCSOT",4.38827453045463,327,NA,NA,NA,NA,NA,NA,NA,NA,NA,NA,NA,NA,NA,174.8,42.973416263,-79.257268961,0,9.57,243,28,13.6728
846,3.36772,86,173,"2026-06-28_UCSOT",4.41033783187792,332,NA,NA,NA,NA,NA,NA,NA,NA,NA,NA,NA,NA,NA,174.8,42.97338525,-79.257246749,-0.550964,9.53,244,28,13.6044
847,3.37148,86,172,"2026-06-28_UCSOT",4.44325957522438,329,NA,NA,NA,NA,NA,NA,NA,NA,NA,NA,NA,NA,NA,174.8,42.973354823,-79.257227052,-0.550964,9.52,244,28,13.5036
848,3.37522,86,171,"2026-06-28_UCSOT",4.45394619632995,327,NA,NA,NA,NA,NA,NA,NA,NA,NA,NA,NA,NA,NA,174.8,42.973320122,-79.257212551,-0.550964,9.48,245,28,13.4712
849,3.37896,86,171,"2026-06-28_UCSOT",4.45394619632995,326,NA,NA,NA,NA,NA,NA,NA,NA,NA,NA,NA,NA,NA,174.8,42.973295982,-79.257193105,-0.550964,9.48,245,28,13.4712
850,3.38276,86,171,"2026-06-28_UCSOT",4.38827453045463,326,NA,NA,NA,NA,NA,NA,NA,NA,NA,NA,NA,NA,NA,174.6,42.973258432,-79.257184807,-1.07728,9.57,243,28,13.6728
851,3.38656,86,171,"2026-06-28_UCSOT",4.37790035898783,325,NA,NA,NA,NA,NA,NA,NA,NA,NA,NA,NA,NA,NA,174.6,42.973232783,-79.257168546,-1.07728,9.57,243,28,13.7052
852,3.39036,87,168,"2026-06-28_UCSOT",4.38827453045463,327,NA,NA,NA,NA,NA,NA,NA,NA,NA,NA,NA,NA,NA,174.6,42.973189951,-79.257161002,-0.526316,9.57,243,28,13.6728
853,3.39417,87,166,"2026-06-28_UCSOT",4.37790035898783,327,NA,NA,NA,NA,NA,NA,NA,NA,NA,NA,NA,NA,NA,174.6,42.973160447,-79.257146585,-0.526316,9.37,241,28,13.7052
854,3.39798,87,166,"2026-06-28_UCSOT",4.37790035898783,327,NA,NA,NA,NA,NA,NA,NA,NA,NA,NA,NA,NA,NA,174.6,42.973120884,-79.257142478,-0.526316,9.37,241,28,13.7052
855,3.40178,87,166,"2026-06-28_UCSOT",4.37790035898783,325,NA,NA,NA,NA,NA,NA,NA,NA,NA,NA,NA,NA,NA,174.6,42.973088027,-79.257130324,-0.526316,9.37,241,28,13.7052
856,3.40564,87,167,"2026-06-28_UCSOT",4.32451133021969,326,NA,NA,NA,NA,NA,NA,NA,NA,NA,NA,NA,NA,NA,174.6,42.973053913,-79.257120769,-0.526316,9.45,239,28,13.8744
857,3.40952,87,167,"2026-06-28_UCSOT",4.29331959471063,327,NA,NA,NA,NA,NA,NA,NA,NA,NA,NA,NA,NA,NA,174.6,42.973018625,-79.257112974,-0.526316,9.45,239,28,13.9752
858,3.4134,87,168,"2026-06-28_UCSOT",4.29331959471063,330,NA,NA,NA,NA,NA,NA,NA,NA,NA,NA,NA,NA,NA,174.4,42.972987361,-79.257096965,-1.04178,9.45,239,28,13.9752
859,3.41726,87,167,"2026-06-28_UCSOT",4.31443610320131,333,NA,NA,NA,NA,NA,NA,NA,NA,NA,NA,NA,NA,NA,174.4,42.972949558,-79.257095121,-1.04178,9.45,239,28,13.9068
860,3.42111,87,168,"2026-06-28_UCSOT",4.33576135969476,332,NA,NA,NA,NA,NA,NA,NA,NA,NA,NA,NA,NA,NA,174.2,42.972923407,-79.257080452,-1.03494,9.41,240,28,13.8384
861,3.42493,87,168,"2026-06-28_UCSOT",4.3561596096881,330,NA,NA,NA,NA,NA,NA,NA,NA,NA,NA,NA,NA,NA,174.2,42.972888287,-79.257078273,-1.03494,9.41,240,28,13.7736
862,3.42877,86,168,"2026-06-28_UCSOT",4.34593654932638,329,NA,NA,NA,NA,NA,NA,NA,NA,NA,NA,NA,NA,NA,174,42.972859118,-79.257069388,-1.55578,9.61,242,28,13.806
863,3.43257,86,168,"2026-06-28_UCSOT",4.37790035898783,327,NA,NA,NA,NA,NA,NA,NA,NA,NA,NA,NA,NA,NA,174,42.972824081,-79.257064275,-1.55578,9.57,243,28,13.7052
864,3.43636,85,169,"2026-06-28_UCSOT",4.39985920450546,327,NA,NA,NA,NA,NA,NA,NA,NA,NA,NA,NA,NA,NA,174,42.972789045,-79.257059497,-1.55578,9.56,243,28,13.6368
865,3.44013,85,169,"2026-06-28_UCSOT",4.42086648983201,326,NA,NA,NA,NA,NA,NA,NA,NA,NA,NA,NA,NA,NA,174,42.972759289,-79.257050361,-1.55578,9.73,246,28,13.572
866,3.44386,85,169,"2026-06-28_UCSOT",4.46588067166845,325,NA,NA,NA,NA,NA,NA,NA,NA,NA,NA,NA,NA,NA,174,42.972716877,-79.25705757,-1.55578,9.68,247,29,13.4352
867,3.44758,85,169,"2026-06-28_UCSOT",4.48752468138575,326,NA,NA,NA,NA,NA,NA,NA,NA,NA,NA,NA,NA,NA,174,42.972686702,-79.257049607,-1.55578,9.64,248,28,13.3704
868,3.4513,85,169,"2026-06-28_UCSOT",4.476676515355,323,NA,NA,NA,NA,NA,NA,NA,NA,NA,NA,NA,NA,NA,174,42.972650324,-79.257041393,-1.04031,9.65,248,28,13.4028
869,3.45499,85,170,"2026-06-28_UCSOT",4.510599909788,321,NA,NA,NA,NA,NA,NA,NA,NA,NA,NA,NA,NA,NA,174,42.972625263,-79.257017839,-1.04031,9.64,248,28,13.302
870,3.45856,85,170,"2026-06-28_UCSOT",4.67639356528245,322,NA,NA,NA,NA,NA,NA,NA,NA,NA,NA,NA,NA,NA,174,42.97262719,-79.256993532,-0.520833,9.46,252,28,12.8304
871,3.46188,84,170,"2026-06-28_UCSOT",5.01705799719045,320,NA,NA,NA,NA,NA,NA,NA,NA,NA,NA,NA,NA,NA,174,42.972649151,-79.256993448,-0.520833,9.32,261,28,11.9592
872,3.46493,79,170,"2026-06-28_UCSOT",5.46268982847154,308,NA,NA,NA,NA,NA,NA,NA,NA,NA,NA,NA,NA,NA,174,42.972685193,-79.256992275,0,9.75,284,28,10.9836
873,3.46796,80,170,"2026-06-28_UCSOT",5.49692172383465,292,NA,NA,NA,NA,NA,NA,NA,NA,NA,NA,NA,NA,NA,173.8,42.972713943,-79.257001998,-0.660066,9.59,280,29,10.9152
874,3.47102,80,169,"2026-06-28_UCSOT",5.46268982847154,270,NA,NA,NA,NA,NA,NA,NA,NA,NA,NA,NA,NA,NA,173.8,42.972758702,-79.257002165,-0.660066,9.61,280,29,10.9836
875,3.47421,82,169,"2026-06-28_UCSOT",5.22302308576204,270,NA,NA,NA,NA,NA,NA,NA,NA,NA,NA,NA,NA,NA,173.8,42.972787201,-79.257010799,-0.660066,9.49,270,29,11.4876
876,3.47769,84,169,"2026-06-28_UCSOT",4.78927203065134,268,NA,NA,NA,NA,NA,NA,NA,NA,NA,NA,NA,NA,NA,173.8,42.972826428,-79.257021276,-0.660066,9.53,257,28,12.528
877,3.48145,85,169,"2026-06-28_UCSOT",4.43262411347518,277,NA,NA,NA,NA,NA,NA,NA,NA,NA,NA,NA,NA,NA,173.8,42.972858615,-79.257033933,-0.660066,9.69,247,29,13.536
878,3.48525,86,169,"2026-06-28_UCSOT",4.37790035898783,297,NA,NA,NA,NA,NA,NA,NA,NA,NA,NA,NA,NA,NA,173.8,42.972890634,-79.257049858,-0.660066,9.57,243,29,13.7052
879,3.4891,86,170,"2026-06-28_UCSOT",4.33576135969476,320,NA,NA,NA,NA,NA,NA,NA,NA,NA,NA,NA,NA,NA,173.8,42.972929609,-79.257053882,-0.660066,9.61,242,29,13.8384
880,3.49293,86,169,"2026-06-28_UCSOT",4.34593654932638,323,NA,NA,NA,NA,NA,NA,NA,NA,NA,NA,NA,NA,NA,173.8,42.97295903,-79.257069304,-0.660066,9.61,242,29,13.806
881,3.4967,86,169,"2026-06-28_UCSOT",4.42086648983201,329,NA,NA,NA,NA,NA,NA,NA,NA,NA,NA,NA,NA,NA,173.6,42.972996665,-79.257076345,-1.19057,9.53,244,29,13.572
882,3.50045,86,168,"2026-06-28_UCSOT",4.44325957522438,329,NA,NA,NA,NA,NA,NA,NA,NA,NA,NA,NA,NA,NA,173.6,42.973025331,-79.257085984,-1.19057,9.52,244,29,13.5036
883,3.50418,86,168,"2026-06-28_UCSOT",4.476676515355,323,NA,NA,NA,NA,NA,NA,NA,NA,NA,NA,NA,NA,NA,173.6,42.973065815,-79.257092522,-0.530504,9.48,245,29,13.4028
884,3.50787,86,168,"2026-06-28_UCSOT",4.510599909788,322,NA,NA,NA,NA,NA,NA,NA,NA,NA,NA,NA,NA,NA,173.4,42.973096912,-79.257101994,-1.07251,9.44,246,29,13.302
885,3.51159,86,169,"2026-06-28_UCSOT",4.48752468138575,320,NA,NA,NA,NA,NA,NA,NA,NA,NA,NA,NA,NA,NA,173.4,42.973128177,-79.257112471,-1.07251,9.48,245,29,13.3704
886,3.5153,86,169,"2026-06-28_UCSOT",4.48752468138575,318,NA,NA,NA,NA,NA,NA,NA,NA,NA,NA,NA,NA,NA,173.4,42.97316732,-79.257115237,-1.07251,9.48,245,29,13.3704
887,3.51912,86,169,"2026-06-28_UCSOT",4.3675751222921,319,NA,NA,NA,NA,NA,NA,NA,NA,NA,NA,NA,NA,NA,173.2,42.973195064,-79.257130576,-1.59607,9.57,243,29,13.7376
888,3.52296,86,168,"2026-06-28_UCSOT",4.33576135969476,325,NA,NA,NA,NA,NA,NA,NA,NA,NA,NA,NA,NA,NA,173.2,42.973234711,-79.257138371,-1.59607,9.61,242,29,13.8384
889,3.5268,86,168,"2026-06-28_UCSOT",4.33576135969476,327,NA,NA,NA,NA,NA,NA,NA,NA,NA,NA,NA,NA,NA,173.2,42.973261952,-79.257155219,-1.59607,9.61,242,29,13.8384
890,3.53064,86,168,"2026-06-28_UCSOT",4.34593654932638,330,NA,NA,NA,NA,NA,NA,NA,NA,NA,NA,NA,NA,NA,173.2,42.973298581,-79.257169887,-1.59607,9.61,242,29,13.806
891,3.53445,86,169,"2026-06-28_UCSOT",4.37790035898783,330,NA,NA,NA,NA,NA,NA,NA,NA,NA,NA,NA,NA,NA,173.2,42.973326493,-79.257182795,-1.06557,9.57,243,29,13.7052
892,3.53822,86,169,"2026-06-28_UCSOT",4.42086648983201,330,NA,NA,NA,NA,NA,NA,NA,NA,NA,NA,NA,NA,NA,173.2,42.973357589,-79.257201738,-1.06557,9.53,244,29,13.572
893,3.54197,86,169,"2026-06-28_UCSOT",4.44325957522438,327,NA,NA,NA,NA,NA,NA,NA,NA,NA,NA,NA,NA,NA,173.2,42.973389441,-79.257218334,-1.06557,9.52,244,29,13.5036
894,3.54572,85,170,"2026-06-28_UCSOT",4.44325957522438,324,NA,NA,NA,NA,NA,NA,NA,NA,NA,NA,NA,NA,NA,173.2,42.973414503,-79.257239205,-0.52356,9.69,247,29,13.5036
895,3.54947,85,170,"2026-06-28_UCSOT",4.44325957522438,323,NA,NA,NA,NA,NA,NA,NA,NA,NA,NA,NA,NA,NA,173.4,42.973453311,-79.25726125,0,9.69,247,29,13.5036
896,3.55322,85,170,"2026-06-28_UCSOT",4.44325957522438,321,NA,NA,NA,NA,NA,NA,NA,NA,NA,NA,NA,NA,NA,173.4,42.973475858,-79.257284635,0,9.69,247,29,13.5036
897,3.55701,85,170,"2026-06-28_UCSOT",4.39985920450546,320,NA,NA,NA,NA,NA,NA,NA,NA,NA,NA,NA,NA,NA,173.4,42.97350905,-79.257313804,0.533333,9.73,246,29,13.6368
898,3.5608,85,169,"2026-06-28_UCSOT",4.39985920450546,320,NA,NA,NA,NA,NA,NA,NA,NA,NA,NA,NA,NA,NA,173.4,42.973535118,-79.257343895,0.533333,9.73,246,29,13.6368
899,3.56463,85,169,"2026-06-28_UCSOT",4.34593654932638,323,NA,NA,NA,NA,NA,NA,NA,NA,NA,NA,NA,NA,NA,173.4,42.97355557,-79.257376082,0.533333,9.78,245,29,13.806
900,3.56849,85,169,"2026-06-28_UCSOT",4.31443610320131,323,NA,NA,NA,NA,NA,NA,NA,NA,NA,NA,NA,NA,NA,173.4,42.973590942,-79.257401814,0.533333,9.82,244,29,13.9068
901,3.57237,85,170,"2026-06-28_UCSOT",4.29331959471063,327,NA,NA,NA,NA,NA,NA,NA,NA,NA,NA,NA,NA,NA,173.4,42.973611226,-79.257422015,0.533333,9.86,243,29,13.9752
902,3.57622,85,170,"2026-06-28_UCSOT",4.33576135969476,330,NA,NA,NA,NA,NA,NA,NA,NA,NA,NA,NA,NA,NA,173.4,42.973629666,-79.257411537,0.533333,9.81,244,29,13.8384
903,3.57993,84,170,"2026-06-28_UCSOT",4.48752468138575,332,NA,NA,NA,NA,NA,NA,NA,NA,NA,NA,NA,NA,NA,173.4,42.973645675,-79.257382117,0.533333,9.81,251,29,13.3704
904,3.58348,82,171,"2026-06-28_UCSOT",4.7001316036849,330,NA,NA,NA,NA,NA,NA,NA,NA,NA,NA,NA,NA,NA,173.4,42.973647771,-79.257343476,0.533333,9.98,261,29,12.7656
905,3.58689,81,170,"2026-06-28_UCSOT",4.88042947779405,320,NA,NA,NA,NA,NA,NA,NA,NA,NA,NA,NA,NA,NA,173.4,42.973652213,-79.257293436,0,10,267,29,12.294
906,3.59026,81,168,"2026-06-28_UCSOT",4.94853523357086,307,NA,NA,NA,NA,NA,NA,NA,NA,NA,NA,NA,NA,NA,173.2,42.973653806,-79.257243145,-0.593472,9.9,269,29,12.1248
907,3.5936,81,167,"2026-06-28_UCSOT",4.99001996007984,298,NA,NA,NA,NA,NA,NA,NA,NA,NA,NA,NA,NA,NA,173.2,42.97366135,-79.257205929,-0.593472,9.89,269,29,12.024
908,3.59704,83,167,"2026-06-28_UCSOT",4.8534265191225,296,NA,NA,NA,NA,NA,NA,NA,NA,NA,NA,NA,NA,NA,173.2,42.973660595,-79.257152537,-0.593472,9.64,261,29,12.3624
909,3.60055,84,167,"2026-06-28_UCSOT",4.73754026909229,295,NA,NA,NA,NA,NA,NA,NA,NA,NA,NA,NA,NA,NA,173.4,42.973662942,-79.257109286,-0.0236712,9.58,256,29,12.6648
910,3.60409,84,167,"2026-06-28_UCSOT",4.71342383107089,301,NA,NA,NA,NA,NA,NA,NA,NA,NA,NA,NA,NA,NA,173.6,42.97364643,-79.257065532,0.541301,9.62,255,29,12.7296
911,3.60758,84,167,"2026-06-28_UCSOT",4.77554918815664,309,NA,NA,NA,NA,NA,NA,NA,NA,NA,NA,NA,NA,NA,173.6,42.973611813,-79.257050864,0.541301,9.57,256,29,12.564
912,3.61104,84,168,"2026-06-28_UCSOT",4.81417292509147,310,NA,NA,NA,NA,NA,NA,NA,NA,NA,NA,NA,NA,NA,173.4,42.973585661,-79.257031669,-0.0367342,9.52,257,29,12.4632
913,3.6145,83,168,"2026-06-28_UCSOT",4.81417292509147,308,NA,NA,NA,NA,NA,NA,NA,NA,NA,NA,NA,NA,NA,173.4,42.973551798,-79.257022868,-0.0367342,9.69,260,29,12.4632
914,3.61797,83,168,"2026-06-28_UCSOT",4.80169019494862,305,NA,NA,NA,NA,NA,NA,NA,NA,NA,NA,NA,NA,NA,173.4,42.973521204,-79.25700996,-0.0367342,9.69,260,29,12.4956
915,3.62151,83,168,"2026-06-28_UCSOT",4.71342383107089,303,NA,NA,NA,NA,NA,NA,NA,NA,NA,NA,NA,NA,NA,173.2,42.973482061,-79.257000154,-0.601706,9.79,258,29,12.7296
916,3.62516,85,168,"2026-06-28_UCSOT",4.5687134502924,305,NA,NA,NA,NA,NA,NA,NA,NA,NA,NA,NA,NA,NA,173.2,42.973450209,-79.256988335,0,9.55,250,29,13.1328
917,3.62891,86,168,"2026-06-28_UCSOT",4.44325957522438,309,NA,NA,NA,NA,NA,NA,NA,NA,NA,NA,NA,NA,NA,173.4,42.973413413,-79.256979115,0.525099,9.52,244,29,13.5036
918,3.63266,86,168,"2026-06-28_UCSOT",4.44325957522438,319,NA,NA,NA,NA,NA,NA,NA,NA,NA,NA,NA,NA,NA,173.4,42.973380472,-79.25697308,0.525099,9.52,244,29,13.5036
919,3.63651,87,168,"2026-06-28_UCSOT",4.32451133021969,326,NA,NA,NA,NA,NA,NA,NA,NA,NA,NA,NA,NA,NA,173.2,42.97334443,-79.256964447,-0.564182,9.61,242,29,13.8744
920,3.64043,87,168,"2026-06-28_UCSOT",4.25278557455133,326,NA,NA,NA,NA,NA,NA,NA,NA,NA,NA,NA,NA,NA,173.2,42.973306711,-79.256960172,-1.12915,9.5,238,29,14.1084
921,3.64438,88,168,"2026-06-28_UCSOT",4.22261633307998,333,NA,NA,NA,NA,NA,NA,NA,NA,NA,NA,NA,NA,NA,173.2,42.973273184,-79.256948605,-1.12915,9.53,237,29,14.2092
922,3.64833,88,168,"2026-06-28_UCSOT",4.22261633307998,334,NA,NA,NA,NA,NA,NA,NA,NA,NA,NA,NA,NA,NA,173,42.973232531,-79.256945252,-1.05745,9.34,235,29,14.2092
923,3.65237,89,169,"2026-06-28_UCSOT",4.12541254125412,336,NA,NA,NA,NA,NA,NA,NA,NA,NA,NA,NA,NA,NA,173,42.973201015,-79.256935361,-1.05745,9.46,232,29,14.544
924,3.65639,88,170,"2026-06-28_UCSOT",4.1438753522294,336,NA,NA,NA,NA,NA,NA,NA,NA,NA,NA,NA,NA,NA,173,42.973158184,-79.256929662,-1.05745,9.42,233,29,14.4792
925,3.66036,87,170,"2026-06-28_UCSOT",4.19287211740042,342,NA,NA,NA,NA,NA,NA,NA,NA,NA,NA,NA,NA,NA,172.8,42.973128428,-79.256922369,-0.996255,9.38,234,29,14.31
926,3.66426,87,170,"2026-06-28_UCSOT",4.27350427350427,340,NA,NA,NA,NA,NA,NA,NA,NA,NA,NA,NA,NA,NA,172.8,42.973090542,-79.256919939,-0.996255,9.49,238,29,14.04
927,3.66817,87,170,"2026-06-28_UCSOT",4.26257459505541,336,NA,NA,NA,NA,NA,NA,NA,NA,NA,NA,NA,NA,NA,172.6,42.973057098,-79.256912814,-2.0411,9.49,238,29,14.076
928,3.67205,87,170,"2026-06-28_UCSOT",4.30440771349862,330,NA,NA,NA,NA,NA,NA,NA,NA,NA,NA,NA,NA,NA,172.6,42.973021475,-79.256900744,-2.0411,9.45,239,29,13.9392
929,3.67594,86,170,"2026-06-28_UCSOT",4.28338901739056,330,NA,NA,NA,NA,NA,NA,NA,NA,NA,NA,NA,NA,NA,172.6,42.972984762,-79.256901582,-1.52162,9.65,241,29,14.0076
930,3.67986,86,170,"2026-06-28_UCSOT",4.24304141208418,327,NA,NA,NA,NA,NA,NA,NA,NA,NA,NA,NA,NA,NA,172.6,42.972957354,-79.256890351,-1.52162,9.69,240,29,14.1408
931,3.68376,86,170,"2026-06-28_UCSOT",4.28338901739056,329,NA,NA,NA,NA,NA,NA,NA,NA,NA,NA,NA,NA,NA,172.6,42.97291754,-79.256896134,-1.52162,9.65,241,29,14.0076
932,3.68762,86,170,"2026-06-28_UCSOT",4.31443610320131,332,NA,NA,NA,NA,NA,NA,NA,NA,NA,NA,NA,NA,NA,172.6,42.972889879,-79.256890351,-1.01529,9.65,241,29,13.9068
933,3.69147,86,170,"2026-06-28_UCSOT",4.32451133021969,329,NA,NA,NA,NA,NA,NA,NA,NA,NA,NA,NA,NA,NA,172.6,42.972853083,-79.256889596,-1.01529,9.61,242,29,13.8744
934,3.69532,86,170,"2026-06-28_UCSOT",4.32451133021969,327,NA,NA,NA,NA,NA,NA,NA,NA,NA,NA,NA,NA,NA,172.4,42.972821315,-79.256884148,-1.53477,9.61,242,29,13.8744
935,3.69914,86,170,"2026-06-28_UCSOT",4.3675751222921,326,NA,NA,NA,NA,NA,NA,NA,NA,NA,NA,NA,NA,NA,172.4,42.97278762,-79.25687585,-1.03099,9.57,243,29,13.7376
936,3.70295,86,170,"2026-06-28_UCSOT",4.37790035898783,326,NA,NA,NA,NA,NA,NA,NA,NA,NA,NA,NA,NA,NA,172.4,42.972752248,-79.256874928,-1.03099,9.57,243,29,13.7052
937,3.70675,86,170,"2026-06-28_UCSOT",4.37790035898783,324,NA,NA,NA,NA,NA,NA,NA,NA,NA,NA,NA,NA,NA,172.4,42.972724085,-79.256859002,-0.519481,9.57,243,29,13.7052
938,3.71054,86,170,"2026-06-28_UCSOT",4.39985920450546,323,NA,NA,NA,NA,NA,NA,NA,NA,NA,NA,NA,NA,NA,172.4,42.972684104,-79.256856739,-0.519481,9.56,243,29,13.6368
939,3.71424,86,170,"2026-06-28_UCSOT",4.510599909788,322,NA,NA,NA,NA,NA,NA,NA,NA,NA,NA,NA,NA,NA,172.4,42.972658371,-79.256847519,-0.519481,9.44,246,29,13.302
940,3.71789,85,170,"2026-06-28_UCSOT",4.5687134502924,321,NA,NA,NA,NA,NA,NA,NA,NA,NA,NA,NA,NA,NA,172.4,42.972619228,-79.256841903,-0.519481,9.55,250,29,13.1328
941,3.72154,85,169,"2026-06-28_UCSOT",4.55622380171314,315,NA,NA,NA,NA,NA,NA,NA,NA,NA,NA,NA,NA,NA,172.4,42.9725857,-79.256832767,-0.519481,9.59,249,29,13.1688
942,3.7252,85,169,"2026-06-28_UCSOT",4.55622380171314,311,NA,NA,NA,NA,NA,NA,NA,NA,NA,NA,NA,NA,NA,172.4,42.972553681,-79.256821787,-0.519481,9.59,249,29,13.1688
943,3.72888,85,169,"2026-06-28_UCSOT",4.53391367428364,311,NA,NA,NA,NA,NA,NA,NA,NA,NA,NA,NA,NA,NA,172.4,42.972517136,-79.256815249,-0.519481,9.6,249,29,13.2336
944,3.73265,85,169,"2026-06-28_UCSOT",4.42086648983201,313,NA,NA,NA,NA,NA,NA,NA,NA,NA,NA,NA,NA,NA,172.2,42.972489224,-79.256799658,-0.530504,9.73,246,29,13.572
945,3.73649,85,170,"2026-06-28_UCSOT",4.33576135969476,314,NA,NA,NA,NA,NA,NA,NA,NA,NA,NA,NA,NA,NA,172.2,42.972447985,-79.256797731,-0.530504,9.81,244,29,13.8384
946,3.74034,86,170,"2026-06-28_UCSOT",4.33576135969476,322,NA,NA,NA,NA,NA,NA,NA,NA,NA,NA,NA,NA,NA,172.4,42.97242066,-79.256785242,-0.0110235,9.61,242,29,13.8384
947,3.74417,86,170,"2026-06-28_UCSOT",4.34593654932638,327,NA,NA,NA,NA,NA,NA,NA,NA,NA,NA,NA,NA,NA,172.4,42.972384115,-79.256778704,-0.0110235,9.61,242,29,13.806
948,3.74797,86,170,"2026-06-28_UCSOT",4.38827453045463,326,NA,NA,NA,NA,NA,NA,NA,NA,NA,NA,NA,NA,NA,172.4,42.972351677,-79.256770825,-0.0110235,9.57,243,29,13.6728
949,3.75173,86,170,"2026-06-28_UCSOT",4.43262411347518,328,NA,NA,NA,NA,NA,NA,NA,NA,NA,NA,NA,NA,NA,172.4,42.972319323,-79.256754061,-0.0110235,9.52,244,29,13.536
950,3.75548,85,172,"2026-06-28_UCSOT",4.44325957522438,324,NA,NA,NA,NA,NA,NA,NA,NA,NA,NA,NA,NA,NA,172.4,42.972280096,-79.256754145,-0.0110235,9.52,244,29,13.5036
951,3.75927,85,172,"2026-06-28_UCSOT",4.39985920450546,323,NA,NA,NA,NA,NA,NA,NA,NA,NA,NA,NA,NA,NA,172.4,42.97224925,-79.256741823,-0.0110235,9.73,246,29,13.6368
952,3.76305,85,172,"2026-06-28_UCSOT",4.41033783187792,322,NA,NA,NA,NA,NA,NA,NA,NA,NA,NA,NA,NA,NA,172.2,42.972210023,-79.256736794,-0.540124,9.73,246,29,13.6044
953,3.76683,86,171,"2026-06-28_UCSOT",4.41033783187792,326,NA,NA,NA,NA,NA,NA,NA,NA,NA,NA,NA,NA,NA,172.2,42.972182111,-79.256726484,-0.540124,9.53,244,29,13.6044
954,3.77059,86,171,"2026-06-28_UCSOT",4.43262411347518,325,NA,NA,NA,NA,NA,NA,NA,NA,NA,NA,NA,NA,NA,172.2,42.97214456,-79.256727406,0,9.52,244,29,13.536
955,3.77436,86,171,"2026-06-28_UCSOT",4.42086648983201,327,NA,NA,NA,NA,NA,NA,NA,NA,NA,NA,NA,NA,NA,172.2,42.972113212,-79.256722042,0,9.53,244,29,13.572
956,3.77814,86,170,"2026-06-28_UCSOT",4.39985920450546,325,NA,NA,NA,NA,NA,NA,NA,NA,NA,NA,NA,NA,NA,172.2,42.972079768,-79.25671542,-0.529101,9.56,243,29,13.6368
957,3.78198,86,170,"2026-06-28_UCSOT",4.34593654932638,325,NA,NA,NA,NA,NA,NA,NA,NA,NA,NA,NA,NA,NA,172.2,42.972044145,-79.256713912,-0.529101,9.61,242,29,13.806
958,3.78581,86,170,"2026-06-28_UCSOT",4.34593654932638,326,NA,NA,NA,NA,NA,NA,NA,NA,NA,NA,NA,NA,NA,172.2,42.972012378,-79.256700417,-0.529101,9.61,242,29,13.806
959,3.78966,86,170,"2026-06-28_UCSOT",4.33576135969476,328,NA,NA,NA,NA,NA,NA,NA,NA,NA,NA,NA,NA,NA,172,42.971973737,-79.256698237,-1.04858,9.61,242,29,13.8384
960,3.79349,86,170,"2026-06-28_UCSOT",4.34593654932638,328,NA,NA,NA,NA,NA,NA,NA,NA,NA,NA,NA,NA,NA,172.2,42.971942976,-79.256685497,-0.526388,9.61,242,29,13.806
961,3.79733,86,169,"2026-06-28_UCSOT",4.34593654932638,329,NA,NA,NA,NA,NA,NA,NA,NA,NA,NA,NA,NA,NA,172,42.971900982,-79.256678372,-1.04722,9.61,242,29,13.806
962,3.80116,86,169,"2026-06-28_UCSOT",4.34593654932638,329,NA,NA,NA,NA,NA,NA,NA,NA,NA,NA,NA,NA,NA,172,42.971873657,-79.256666973,-0.518121,9.61,242,29,13.806
963,3.80502,86,169,"2026-06-28_UCSOT",4.32451133021969,330,NA,NA,NA,NA,NA,NA,NA,NA,NA,NA,NA,NA,NA,172,42.971836945,-79.256655993,-0.518121,9.61,242,29,13.8744
964,3.80889,86,169,"2026-06-28_UCSOT",4.30440771349862,331,NA,NA,NA,NA,NA,NA,NA,NA,NA,NA,NA,NA,NA,172,42.971805596,-79.256648114,-0.518121,9.65,241,29,13.9392
965,3.81281,86,169,"2026-06-28_UCSOT",4.25278557455133,332,NA,NA,NA,NA,NA,NA,NA,NA,NA,NA,NA,NA,NA,172,42.971772572,-79.256636127,-0.518121,9.69,240,29,14.1084
966,3.81673,86,169,"2026-06-28_UCSOT",4.25278557455133,334,NA,NA,NA,NA,NA,NA,NA,NA,NA,NA,NA,NA,NA,172,42.971732841,-79.256636127,-0.518121,9.69,240,29,14.1084
967,3.82066,86,169,"2026-06-28_UCSOT",4.2322668020992,335,NA,NA,NA,NA,NA,NA,NA,NA,NA,NA,NA,NA,NA,172,42.971704427,-79.256626907,-0.518121,9.73,239,29,14.1768
968,3.82458,86,168,"2026-06-28_UCSOT",4.25278557455133,332,NA,NA,NA,NA,NA,NA,NA,NA,NA,NA,NA,NA,NA,171.8,42.971665451,-79.256626237,-1.02832,9.69,240,29,14.1084
969,3.82843,86,167,"2026-06-28_UCSOT",4.33576135969476,335,NA,NA,NA,NA,NA,NA,NA,NA,NA,NA,NA,NA,NA,171.8,42.971633432,-79.256619112,-0.508844,9.61,242,29,13.8384
970,3.83223,85,167,"2026-06-28_UCSOT",4.37790035898783,334,NA,NA,NA,NA,NA,NA,NA,NA,NA,NA,NA,NA,NA,171.8,42.971600994,-79.25660897,-1.03104,9.77,245,29,13.7052
971,3.83602,85,167,"2026-06-28_UCSOT",4.39985920450546,329,NA,NA,NA,NA,NA,NA,NA,NA,NA,NA,NA,NA,NA,171.8,42.971562773,-79.256612071,-0.510204,9.73,246,29,13.6368
972,3.83976,84,167,"2026-06-28_UCSOT",4.45394619632995,326,NA,NA,NA,NA,NA,NA,NA,NA,NA,NA,NA,NA,NA,171.8,42.971534525,-79.256601762,-0.510204,9.86,250,29,13.4712
973,3.84351,85,166,"2026-06-28_UCSOT",4.45394619632995,326,NA,NA,NA,NA,NA,NA,NA,NA,NA,NA,NA,NA,NA,171.6,42.971495131,-79.256605282,-1.04354,9.69,247,29,13.4712
974,3.84731,85,165,"2026-06-28_UCSOT",4.37790035898783,323,NA,NA,NA,NA,NA,NA,NA,NA,NA,NA,NA,NA,NA,171.6,42.971468057,-79.256600923,-1.04354,9.77,245,29,13.7052
975,3.8511,85,165,"2026-06-28_UCSOT",4.39985920450546,322,NA,NA,NA,NA,NA,NA,NA,NA,NA,NA,NA,NA,NA,171.6,42.9714295,-79.25660327,-1.04354,9.73,246,29,13.6368
976,3.85493,85,166,"2026-06-28_UCSOT",4.3561596096881,326,NA,NA,NA,NA,NA,NA,NA,NA,NA,NA,NA,NA,NA,171.6,42.971392285,-79.256608886,-1.04354,9.77,245,29,13.7736
977,3.85878,85,166,"2026-06-28_UCSOT",4.32451133021969,324,NA,NA,NA,NA,NA,NA,NA,NA,NA,NA,NA,NA,NA,171.6,42.971360098,-79.256599582,-1.04354,9.82,244,29,13.8744
978,3.86264,85,167,"2026-06-28_UCSOT",4.31443610320131,325,NA,NA,NA,NA,NA,NA,NA,NA,NA,NA,NA,NA,NA,171.6,42.971319111,-79.256608216,-0.533333,9.82,244,29,13.9068
979,3.86646,84,167,"2026-06-28_UCSOT",4.3675751222921,326,NA,NA,NA,NA,NA,NA,NA,NA,NA,NA,NA,NA,NA,171.4,42.971288936,-79.256602684,-1.05689,9.95,248,29,13.7376
980,3.87029,84,167,"2026-06-28_UCSOT",4.3561596096881,326,NA,NA,NA,NA,NA,NA,NA,NA,NA,NA,NA,NA,NA,171.4,42.971250882,-79.256606707,-1.05689,9.95,248,29,13.7736
981,3.87408,84,167,"2026-06-28_UCSOT",4.38827453045463,322,NA,NA,NA,NA,NA,NA,NA,NA,NA,NA,NA,NA,NA,171.4,42.971217438,-79.256598493,-1.05689,9.94,248,29,13.6728
982,3.87789,85,168,"2026-06-28_UCSOT",4.37790035898783,324,NA,NA,NA,NA,NA,NA,NA,NA,NA,NA,NA,NA,NA,171.2,42.971185922,-79.25658416,-1.58183,9.77,245,29,13.7052
983,3.88173,85,168,"2026-06-28_UCSOT",4.33576135969476,321,NA,NA,NA,NA,NA,NA,NA,NA,NA,NA,NA,NA,NA,171.2,42.971146695,-79.256579885,-1.04849,9.81,244,29,13.8384
984,3.8856,85,168,"2026-06-28_UCSOT",4.31443610320131,322,NA,NA,NA,NA,NA,NA,NA,NA,NA,NA,NA,NA,NA,171,42.971118448,-79.25656463,-1.56529,9.82,244,29,13.9068
985,3.88947,85,169,"2026-06-28_UCSOT",4.30440771349862,326,NA,NA,NA,NA,NA,NA,NA,NA,NA,NA,NA,NA,NA,170.8,42.971091877,-79.256546609,-2.08209,9.82,244,29,13.9392
986,3.89328,84,169,"2026-06-28_UCSOT",4.37790035898783,327,NA,NA,NA,NA,NA,NA,NA,NA,NA,NA,NA,NA,NA,170.4,42.971055416,-79.256528504,-3.13196,9.95,248,29,13.7052
987,3.89708,81,168,"2026-06-28_UCSOT",4.37790035898783,327,NA,NA,NA,NA,NA,NA,NA,NA,NA,NA,NA,NA,NA,170,42.971024319,-79.256506711,-4.18459,10.51,257,29,13.7052
988,3.90092,79,168,"2026-06-28_UCSOT",4.34593654932638,324,NA,NA,NA,NA,NA,NA,NA,NA,NA,NA,NA,NA,NA,169.6,42.970992803,-79.25648475,-5.22625,10.9,264,29,13.806
989,3.90482,79,168,"2026-06-28_UCSOT",4.27350427350427,321,NA,NA,NA,NA,NA,NA,NA,NA,NA,NA,NA,NA,NA,169.2,42.970950474,-79.256465388,-5.72833,11,262,29,14.04
990,3.90879,80,168,"2026-06-28_UCSOT",4.19287211740042,322,NA,NA,NA,NA,NA,NA,NA,NA,NA,NA,NA,NA,NA,169,42.970922479,-79.256447199,-6.23211,10.91,256,29,14.31
991,3.91289,82,168,"2026-06-28_UCSOT",4.06901041666667,312,NA,NA,NA,NA,NA,NA,NA,NA,NA,NA,NA,NA,NA,169,42.970884174,-79.256434878,-6.23211,10.67,246,29,14.7456
992,3.91699,82,169,"2026-06-28_UCSOT",4.06901041666667,307,NA,NA,NA,NA,NA,NA,NA,NA,NA,NA,NA,NA,NA,168.8,42.970852071,-79.256429765,-6.19498,10.67,246,29,14.7456
993,3.92103,83,169,"2026-06-28_UCSOT",4.11522633744856,309,NA,NA,NA,NA,NA,NA,NA,NA,NA,NA,NA,NA,NA,168.8,42.970819801,-79.256418617,-6.19498,10.39,245,29,14.58
994,3.92505,85,169,"2026-06-28_UCSOT",4.15420405450316,304,NA,NA,NA,NA,NA,NA,NA,NA,NA,NA,NA,NA,NA,168.8,42.970780406,-79.256422892,-5.67819,9.99,240,29,14.4432
995,3.92901,85,168,"2026-06-28_UCSOT",4.20238695579089,301,NA,NA,NA,NA,NA,NA,NA,NA,NA,NA,NA,NA,NA,168.6,42.970750566,-79.256413085,-5.66644,9.94,241,29,14.2776
996,3.93297,85,168,"2026-06-28_UCSOT",4.21300977418268,300,NA,NA,NA,NA,NA,NA,NA,NA,NA,NA,NA,NA,NA,168.6,42.97071092,-79.256415935,-4.61657,9.91,242,29,14.2416
997,3.9369,85,168,"2026-06-28_UCSOT",4.24304141208418,299,NA,NA,NA,NA,NA,NA,NA,NA,NA,NA,NA,NA,NA,168.4,42.970678985,-79.256417192,-4.07285,9.9,242,29,14.1408
998,3.94083,85,167,"2026-06-28_UCSOT",4.24304141208418,303,NA,NA,NA,NA,NA,NA,NA,NA,NA,NA,NA,NA,NA,168.4,42.970639003,-79.256420545,-3.03118,9.9,242,29,14.1408
999,3.94476,86,167,"2026-06-28_UCSOT",4.2322668020992,301,NA,NA,NA,NA,NA,NA,NA,NA,NA,NA,NA,NA,NA,168.4,42.970606397,-79.256423395,-2.00554,9.73,239,29,14.1768
1000,3.94867,86,168,"2026-06-28_UCSOT",4.26257459505541,302,NA,NA,NA,NA,NA,NA,NA,NA,NA,NA,NA,NA,NA,168.4,42.970573289,-79.256421299,-1.50176,9.69,240,29,14.076
1001,3.95255,87,167,"2026-06-28_UCSOT",4.29331959471063,303,NA,NA,NA,NA,NA,NA,NA,NA,NA,NA,NA,NA,NA,168.4,42.97053775,-79.256425993,-1.50176,9.45,239,29,13.9752
1002,3.95642,87,167,"2026-06-28_UCSOT",4.31443610320131,300,NA,NA,NA,NA,NA,NA,NA,NA,NA,NA,NA,NA,NA,168.4,42.970508413,-79.256418282,-1.01396,9.45,239,29,13.9068
1003,3.96027,87,167,"2026-06-28_UCSOT",4.32451133021969,297,NA,NA,NA,NA,NA,NA,NA,NA,NA,NA,NA,NA,NA,168.2,42.970469856,-79.25642549,-1.53344,9.45,239,29,13.8744
1004,3.96411,87,167,"2026-06-28_UCSOT",4.34593654932638,306,NA,NA,NA,NA,NA,NA,NA,NA,NA,NA,NA,NA,NA,168.2,42.970439765,-79.256416605,-1.53344,9.41,240,29,13.806
1005,3.96795,87,168,"2026-06-28_UCSOT",4.33576135969476,312,NA,NA,NA,NA,NA,NA,NA,NA,NA,NA,NA,NA,NA,168.2,42.970397101,-79.25642088,-1.02839,9.41,240,29,13.8384
1006,3.97174,87,168,"2026-06-28_UCSOT",4.39985920450546,316,NA,NA,NA,NA,NA,NA,NA,NA,NA,NA,NA,NA,NA,168.2,42.970369776,-79.256412582,-1.02839,9.37,241,30,13.6368
1007,3.97552,87,168,"2026-06-28_UCSOT",4.41033783187792,324,NA,NA,NA,NA,NA,NA,NA,NA,NA,NA,NA,NA,NA,168.2,42.970334153,-79.256413336,-0.519481,9.37,241,30,13.6044
1008,3.97928,87,168,"2026-06-28_UCSOT",4.43262411347518,323,NA,NA,NA,NA,NA,NA,NA,NA,NA,NA,NA,NA,NA,168,42.970304146,-79.256413923,-1.0514,9.33,242,30,13.536
1009,3.98302,87,168,"2026-06-28_UCSOT",4.45394619632995,325,NA,NA,NA,NA,NA,NA,NA,NA,NA,NA,NA,NA,NA,168,42.97026978,-79.256409648,-1.0514,9.33,242,29,13.4712
1010,3.98675,86,168,"2026-06-28_UCSOT",4.46588067166845,324,NA,NA,NA,NA,NA,NA,NA,NA,NA,NA,NA,NA,NA,168,42.970234911,-79.25641166,-1.0514,9.48,245,29,13.4352
1011,3.99052,86,167,"2026-06-28_UCSOT",4.42086648983201,321,NA,NA,NA,NA,NA,NA,NA,NA,NA,NA,NA,NA,NA,168,42.970203898,-79.256407553,-1.0514,9.53,244,29,13.572
1012,3.99431,86,167,"2026-06-28_UCSOT",4.39985920450546,316,NA,NA,NA,NA,NA,NA,NA,NA,NA,NA,NA,NA,NA,168,42.970163581,-79.256415851,-1.0514,9.56,243,29,13.6368
1013,3.99811,86,167,"2026-06-28_UCSOT",4.38827453045463,317,NA,NA,NA,NA,NA,NA,NA,NA,NA,NA,NA,NA,NA,168,42.970135921,-79.256414845,-0.531915,9.57,243,30,13.6728
1014,4.00188,86,168,"2026-06-28_UCSOT",4.41033783187792,320,NA,NA,NA,NA,NA,NA,NA,NA,NA,NA,NA,NA,NA,168,42.970096778,-79.256419791,-0.531915,9.53,244,30,13.6044
1015,4.00567,86,167,"2026-06-28_UCSOT",4.39985920450546,321,NA,NA,NA,NA,NA,NA,NA,NA,NA,NA,NA,NA,NA,168,42.970064926,-79.256417947,-0.531915,9.56,243,30,13.6368
1016,4.00948,86,167,"2026-06-28_UCSOT",4.37790035898783,321,NA,NA,NA,NA,NA,NA,NA,NA,NA,NA,NA,NA,NA,168,42.970031566,-79.256414007,-0.531915,9.57,243,30,13.7052
1017,4.01326,86,167,"2026-06-28_UCSOT",4.41033783187792,322,NA,NA,NA,NA,NA,NA,NA,NA,NA,NA,NA,NA,NA,168,42.969997704,-79.256416438,-0.531915,9.53,244,30,13.6044
1018,4.01701,86,167,"2026-06-28_UCSOT",4.44325957522438,323,NA,NA,NA,NA,NA,NA,NA,NA,NA,NA,NA,NA,NA,168,42.969969205,-79.256402272,0,9.52,244,29,13.5036
1019,4.02076,86,167,"2026-06-28_UCSOT",4.44325957522438,322,NA,NA,NA,NA,NA,NA,NA,NA,NA,NA,NA,NA,NA,168,42.969927715,-79.256409481,0,9.52,244,30,13.5036
1020,4.02451,86,167,"2026-06-28_UCSOT",4.44325957522438,321,NA,NA,NA,NA,NA,NA,NA,NA,NA,NA,NA,NA,NA,167.8,42.969897707,-79.25640353,-0.533333,9.52,244,30,13.5036
1021,4.02828,86,167,"2026-06-28_UCSOT",4.42086648983201,320,NA,NA,NA,NA,NA,NA,NA,NA,NA,NA,NA,NA,NA,167.8,42.969855211,-79.256408559,-0.533333,9.53,244,30,13.572
1022,4.03209,86,168,"2026-06-28_UCSOT",4.37790035898783,320,NA,NA,NA,NA,NA,NA,NA,NA,NA,NA,NA,NA,NA,167.6,42.969826629,-79.256402775,-1.05827,9.57,243,30,13.7052
1023,4.03594,86,168,"2026-06-28_UCSOT",4.32451133021969,321,NA,NA,NA,NA,NA,NA,NA,NA,NA,NA,NA,NA,NA,167.6,42.969789078,-79.256402943,-1.05827,9.61,242,30,13.8744
1024,4.03979,86,168,"2026-06-28_UCSOT",4.33576135969476,324,NA,NA,NA,NA,NA,NA,NA,NA,NA,NA,NA,NA,NA,167.6,42.969756221,-79.256406463,-1.05827,9.61,242,30,13.8384
1025,4.04362,86,168,"2026-06-28_UCSOT",4.34593654932638,326,NA,NA,NA,NA,NA,NA,NA,NA,NA,NA,NA,NA,NA,167.6,42.969722526,-79.256401602,-1.05827,9.61,242,30,13.806
1026,4.04745,86,168,"2026-06-28_UCSOT",4.3561596096881,325,NA,NA,NA,NA,NA,NA,NA,NA,NA,NA,NA,NA,NA,167.8,42.969685142,-79.256407637,-0.536075,9.61,242,30,13.7736
1027,4.05124,86,168,"2026-06-28_UCSOT",4.38827453045463,326,NA,NA,NA,NA,NA,NA,NA,NA,NA,NA,NA,NA,NA,167.8,42.969657734,-79.256397662,-0.536075,9.57,243,30,13.6728
1028,4.05504,86,168,"2026-06-28_UCSOT",4.38827453045463,324,NA,NA,NA,NA,NA,NA,NA,NA,NA,NA,NA,NA,NA,167.8,42.969616746,-79.256404955,-0.536075,9.57,243,30,13.6728
1029,4.05886,86,169,"2026-06-28_UCSOT",4.3675751222921,321,NA,NA,NA,NA,NA,NA,NA,NA,NA,NA,NA,NA,NA,167.8,42.96959269,-79.256395902,-0.536075,9.57,243,30,13.7376
1030,4.06265,86,169,"2026-06-28_UCSOT",4.39985920450546,322,NA,NA,NA,NA,NA,NA,NA,NA,NA,NA,NA,NA,NA,167.8,42.96955581,-79.256393974,0,9.56,243,30,13.6368
1031,4.06638,86,169,"2026-06-28_UCSOT",4.46588067166845,322,NA,NA,NA,NA,NA,NA,NA,NA,NA,NA,NA,NA,NA,167.6,42.969522869,-79.256390873,-0.538934,9.48,245,30,13.4352
1032,4.07009,86,168,"2026-06-28_UCSOT",4.48752468138575,319,NA,NA,NA,NA,NA,NA,NA,NA,NA,NA,NA,NA,NA,167.6,42.969490515,-79.256381234,-0.0139998,9.48,245,30,13.3704
1033,4.07377,86,168,"2026-06-28_UCSOT",4.53391367428364,314,NA,NA,NA,NA,NA,NA,NA,NA,NA,NA,NA,NA,NA,167.6,42.969456736,-79.25638224,-0.0139998,9.43,246,30,13.2336
1034,4.07742,86,169,"2026-06-28_UCSOT",4.5687134502924,314,NA,NA,NA,NA,NA,NA,NA,NA,NA,NA,NA,NA,NA,167.6,42.969429578,-79.256369751,-0.0139998,9.39,247,30,13.1328
1035,4.08106,87,169,"2026-06-28_UCSOT",4.5687134502924,311,NA,NA,NA,NA,NA,NA,NA,NA,NA,NA,NA,NA,NA,167.6,42.969388172,-79.256374277,-0.0139998,9.2,245,30,13.1328
1036,4.08472,86,169,"2026-06-28_UCSOT",4.55622380171314,309,NA,NA,NA,NA,NA,NA,NA,NA,NA,NA,NA,NA,NA,167.6,42.969361098,-79.25636799,-0.536193,9.39,247,30,13.1688
1037,4.0884,86,169,"2026-06-28_UCSOT",4.53391367428364,310,NA,NA,NA,NA,NA,NA,NA,NA,NA,NA,NA,NA,NA,167.6,42.969323631,-79.25636447,-0.536193,9.43,246,30,13.2336
1038,4.09208,87,169,"2026-06-28_UCSOT",4.53391367428364,311,NA,NA,NA,NA,NA,NA,NA,NA,NA,NA,NA,NA,NA,167.4,42.96929354,-79.256354915,-1.07967,9.24,244,30,13.2336
1039,4.09575,87,169,"2026-06-28_UCSOT",4.53391367428364,312,NA,NA,NA,NA,NA,NA,NA,NA,NA,NA,NA,NA,NA,167.4,42.969262192,-79.256340833,-1.07967,9.24,244,30,13.2336
1040,4.09945,86,169,"2026-06-28_UCSOT",4.510599909788,314,NA,NA,NA,NA,NA,NA,NA,NA,NA,NA,NA,NA,NA,167.4,42.969226066,-79.256334295,-1.07967,9.44,246,30,13.302
1041,4.10314,86,169,"2026-06-28_UCSOT",4.510599909788,313,NA,NA,NA,NA,NA,NA,NA,NA,NA,NA,NA,NA,NA,167.4,42.969199411,-79.256318621,-0.543478,9.44,246,30,13.302
1042,4.10685,86,168,"2026-06-28_UCSOT",4.48752468138575,317,NA,NA,NA,NA,NA,NA,NA,NA,NA,NA,NA,NA,NA,167.2,42.96915725,-79.25631837,-1.08256,9.48,245,30,13.3704
1043,4.11057,86,168,"2026-06-28_UCSOT",4.48752468138575,318,NA,NA,NA,NA,NA,NA,NA,NA,NA,NA,NA,NA,NA,167.2,42.969126572,-79.256310993,-1.08256,9.48,245,30,13.3704
1044,4.11431,86,167,"2026-06-28_UCSOT",4.45394619632995,319,NA,NA,NA,NA,NA,NA,NA,NA,NA,NA,NA,NA,NA,167.2,42.969091704,-79.256300348,-1.08256,9.48,245,30,13.4712
1045,4.11807,85,167,"2026-06-28_UCSOT",4.43262411347518,321,NA,NA,NA,NA,NA,NA,NA,NA,NA,NA,NA,NA,NA,167.2,42.969063038,-79.256289284,-1.08256,9.69,247,30,13.536
1046,4.12185,85,168,"2026-06-28_UCSOT",4.41033783187792,323,NA,NA,NA,NA,NA,NA,NA,NA,NA,NA,NA,NA,NA,167.2,42.969037892,-79.256272772,-1.08256,9.73,246,30,13.6044
1047,4.12561,85,168,"2026-06-28_UCSOT",4.43262411347518,324,NA,NA,NA,NA,NA,NA,NA,NA,NA,NA,NA,NA,NA,167.2,42.969000425,-79.25626833,-1.08256,9.69,247,30,13.536
1048,4.12935,85,167,"2026-06-28_UCSOT",4.45394619632995,325,NA,NA,NA,NA,NA,NA,NA,NA,NA,NA,NA,NA,NA,167.2,42.968974608,-79.256257349,-0.539084,9.69,247,30,13.4712
1049,4.13305,85,168,"2026-06-28_UCSOT",4.510599909788,323,NA,NA,NA,NA,NA,NA,NA,NA,NA,NA,NA,NA,NA,167,42.96893689,-79.256252404,-1.07962,9.64,248,30,13.302
1050,4.13671,85,168,"2026-06-28_UCSOT",4.54504135987638,321,NA,NA,NA,NA,NA,NA,NA,NA,NA,NA,NA,NA,NA,167,42.968908559,-79.256243016,-1.07962,9.64,248,30,13.2012
1051,4.14036,85,168,"2026-06-28_UCSOT",4.5687134502924,318,NA,NA,NA,NA,NA,NA,NA,NA,NA,NA,NA,NA,NA,167.2,42.968873187,-79.256232371,-0.531679,9.55,250,30,13.1328
1052,4.14398,85,167,"2026-06-28_UCSOT",4.60405156537753,314,NA,NA,NA,NA,NA,NA,NA,NA,NA,NA,NA,NA,NA,167.2,42.968837397,-79.256228013,0,9.55,250,30,13.032
1053,4.1476,85,168,"2026-06-28_UCSOT",4.60405156537753,313,NA,NA,NA,NA,NA,NA,NA,NA,NA,NA,NA,NA,NA,167.2,42.968809233,-79.256210914,0,9.55,250,30,13.032
1054,4.15125,85,168,"2026-06-28_UCSOT",4.5687134502924,311,NA,NA,NA,NA,NA,NA,NA,NA,NA,NA,NA,NA,NA,167.2,42.968769503,-79.256206052,0,9.55,250,30,13.1328
1055,4.15488,85,167,"2026-06-28_UCSOT",4.59136822773186,312,NA,NA,NA,NA,NA,NA,NA,NA,NA,NA,NA,NA,NA,167.2,42.968740418,-79.256194485,0,9.55,250,30,13.068
1056,4.15854,85,167,"2026-06-28_UCSOT",4.55622380171314,313,NA,NA,NA,NA,NA,NA,NA,NA,NA,NA,NA,NA,NA,167.2,42.968702197,-79.256186019,0,9.59,249,30,13.1688
1057,4.16222,86,168,"2026-06-28_UCSOT",4.52161331162959,309,NA,NA,NA,NA,NA,NA,NA,NA,NA,NA,NA,NA,NA,167,42.968675207,-79.256172357,-0.536074,9.44,246,30,13.2696
1058,4.16595,86,168,"2026-06-28_UCSOT",4.476676515355,310,NA,NA,NA,NA,NA,NA,NA,NA,NA,NA,NA,NA,NA,167,42.96864235,-79.2561597,-0.536074,9.44,246,30,13.4028
1059,4.16968,86,168,"2026-06-28_UCSOT",4.46588067166845,312,NA,NA,NA,NA,NA,NA,NA,NA,NA,NA,NA,NA,NA,167,42.968609241,-79.256152073,0,9.48,245,30,13.4352
1060,4.17343,86,169,"2026-06-28_UCSOT",4.44325957522438,316,NA,NA,NA,NA,NA,NA,NA,NA,NA,NA,NA,NA,NA,167,42.968580408,-79.256134135,0,9.52,244,30,13.5036
1061,4.17716,85,169,"2026-06-28_UCSOT",4.46588067166845,317,NA,NA,NA,NA,NA,NA,NA,NA,NA,NA,NA,NA,NA,167,42.968539755,-79.256133549,-0.543478,9.68,247,30,13.4352
1062,4.18088,86,169,"2026-06-28_UCSOT",4.476676515355,319,NA,NA,NA,NA,NA,NA,NA,NA,NA,NA,NA,NA,NA,167,42.968513101,-79.256120389,-0.543478,9.48,245,30,13.4028
1063,4.18461,86,170,"2026-06-28_UCSOT",4.476676515355,319,NA,NA,NA,NA,NA,NA,NA,NA,NA,NA,NA,NA,NA,167,42.968474293,-79.25611712,-0.543478,9.48,245,30,13.4028
1064,4.18833,86,170,"2026-06-28_UCSOT",4.476676515355,319,NA,NA,NA,NA,NA,NA,NA,NA,NA,NA,NA,NA,NA,166.8,42.968445962,-79.256108403,-1.08111,9.48,245,30,13.4028
1065,4.19204,86,170,"2026-06-28_UCSOT",4.4996400287977,319,NA,NA,NA,NA,NA,NA,NA,NA,NA,NA,NA,NA,NA,167,42.968411512,-79.256098428,-0.542029,9.44,246,30,13.3344
1066,4.19578,86,170,"2026-06-28_UCSOT",4.45394619632995,319,NA,NA,NA,NA,NA,NA,NA,NA,NA,NA,NA,NA,NA,167,42.968377398,-79.256089544,-0.542029,9.48,245,30,13.4712
1067,4.19957,86,169,"2026-06-28_UCSOT",4.39985920450546,317,NA,NA,NA,NA,NA,NA,NA,NA,NA,NA,NA,NA,NA,167,42.968347894,-79.256074205,0,9.56,243,30,13.6368
1068,4.20334,86,169,"2026-06-28_UCSOT",4.41033783187792,319,NA,NA,NA,NA,NA,NA,NA,NA,NA,NA,NA,NA,NA,167,42.96830699,-79.25606884,0,9.53,244,30,13.6044
1069,4.20714,86,169,"2026-06-28_UCSOT",4.38827453045463,323,NA,NA,NA,NA,NA,NA,NA,NA,NA,NA,NA,NA,NA,167,42.968278827,-79.256057022,0,9.57,243,30,13.6728
1070,4.21099,86,168,"2026-06-28_UCSOT",4.33576135969476,321,NA,NA,NA,NA,NA,NA,NA,NA,NA,NA,NA,NA,NA,167,42.96823851,-79.256048305,0,9.61,242,30,13.8384
1071,4.21481,86,169,"2026-06-28_UCSOT",4.3561596096881,322,NA,NA,NA,NA,NA,NA,NA,NA,NA,NA,NA,NA,NA,167,42.968209676,-79.256040677,0,9.61,242,30,13.7736
1072,4.21862,86,169,"2026-06-28_UCSOT",4.37790035898783,327,NA,NA,NA,NA,NA,NA,NA,NA,NA,NA,NA,NA,NA,167,42.968174723,-79.256031457,0,9.57,243,30,13.7052
1073,4.22243,86,169,"2026-06-28_UCSOT",4.37790035898783,325,NA,NA,NA,NA,NA,NA,NA,NA,NA,NA,NA,NA,NA,167,42.968138681,-79.256023327,0,9.57,243,30,13.7052
1074,4.22623,86,168,"2026-06-28_UCSOT",4.37790035898783,325,NA,NA,NA,NA,NA,NA,NA,NA,NA,NA,NA,NA,NA,167,42.96810859,-79.256007652,0.539084,9.57,243,30,13.7052
1075,4.23005,86,168,"2026-06-28_UCSOT",4.3675751222921,326,NA,NA,NA,NA,NA,NA,NA,NA,NA,NA,NA,NA,NA,167,42.968067938,-79.256002372,0,9.57,243,30,13.7376
1076,4.23386,86,168,"2026-06-28_UCSOT",4.37790035898783,325,NA,NA,NA,NA,NA,NA,NA,NA,NA,NA,NA,NA,NA,166.8,42.968038518,-79.255984435,-0.524934,9.57,243,30,13.7052
1077,4.23763,86,168,"2026-06-28_UCSOT",4.42086648983201,325,NA,NA,NA,NA,NA,NA,NA,NA,NA,NA,NA,NA,NA,166.8,42.968001553,-79.255975298,-0.524934,9.53,244,30,13.572
1078,4.24139,86,168,"2026-06-28_UCSOT",4.43262411347518,326,NA,NA,NA,NA,NA,NA,NA,NA,NA,NA,NA,NA,NA,166.8,42.967976156,-79.255970018,-0.524934,9.52,244,30,13.536
1079,4.24514,86,168,"2026-06-28_UCSOT",4.44325957522438,322,NA,NA,NA,NA,NA,NA,NA,NA,NA,NA,NA,NA,NA,166.8,42.967941874,-79.255965659,-0.524934,9.52,244,30,13.5036
1080,4.24892,86,168,"2026-06-28_UCSOT",4.41033783187792,322,NA,NA,NA,NA,NA,NA,NA,NA,NA,NA,NA,NA,NA,166.8,42.967909604,-79.255960546,-0.524934,9.53,244,30,13.6044
1081,4.25272,86,168,"2026-06-28_UCSOT",4.37790035898783,321,NA,NA,NA,NA,NA,NA,NA,NA,NA,NA,NA,NA,NA,166.8,42.967876663,-79.255948644,-0.524934,9.57,243,30,13.7052
1082,4.25659,86,167,"2026-06-28_UCSOT",4.31443610320131,324,NA,NA,NA,NA,NA,NA,NA,NA,NA,NA,NA,NA,NA,167,42.967836849,-79.255945123,0,9.65,241,30,13.9068
1083,4.26045,86,167,"2026-06-28_UCSOT",4.31443610320131,327,NA,NA,NA,NA,NA,NA,NA,NA,NA,NA,NA,NA,NA,167,42.96780592,-79.25593012,0,9.65,241,30,13.9068
1084,4.26431,86,168,"2026-06-28_UCSOT",4.31443610320131,331,NA,NA,NA,NA,NA,NA,NA,NA,NA,NA,NA,NA,NA,167,42.967765184,-79.25592333,0,9.65,241,30,13.9068
1085,4.26814,85,168,"2026-06-28_UCSOT",4.3561596096881,331,NA,NA,NA,NA,NA,NA,NA,NA,NA,NA,NA,NA,NA,167,42.967739032,-79.255912685,0,9.77,245,30,13.7736
1086,4.27193,85,169,"2026-06-28_UCSOT",4.38827453045463,332,NA,NA,NA,NA,NA,NA,NA,NA,NA,NA,NA,NA,NA,167,42.967705169,-79.255901957,0.516796,9.73,246,30,13.6728
1087,4.27567,85,169,"2026-06-28_UCSOT",4.46588067166845,330,NA,NA,NA,NA,NA,NA,NA,NA,NA,NA,NA,NA,NA,166.8,42.967673234,-79.255892066,-0.0179635,9.68,247,30,13.4352
1088,4.27936,86,168,"2026-06-28_UCSOT",4.510599909788,325,NA,NA,NA,NA,NA,NA,NA,NA,NA,NA,NA,NA,NA,166.8,42.967645155,-79.255879577,-0.0179635,9.44,246,30,13.302
1089,4.283,86,168,"2026-06-28_UCSOT",4.58001282403591,320,NA,NA,NA,NA,NA,NA,NA,NA,NA,NA,NA,NA,NA,166.8,42.967606766,-79.255878068,-0.0179635,9.39,247,30,13.1004
1090,4.28659,86,168,"2026-06-28_UCSOT",4.63994060876021,316,NA,NA,NA,NA,NA,NA,NA,NA,NA,NA,NA,NA,NA,166.8,42.967579776,-79.255864154,-0.0179635,9.31,249,30,12.9312
1091,4.29016,86,168,"2026-06-28_UCSOT",4.67639356528245,310,NA,NA,NA,NA,NA,NA,NA,NA,NA,NA,NA,NA,NA,166.8,42.967541722,-79.255863567,-0.0179635,9.3,249,30,12.8304
1092,4.29372,86,168,"2026-06-28_UCSOT",4.67639356528245,308,NA,NA,NA,NA,NA,NA,NA,NA,NA,NA,NA,NA,NA,166.8,42.967514313,-79.255855269,-0.534759,9.3,249,30,12.8304
1093,4.2973,86,168,"2026-06-28_UCSOT",4.6633090841261,305,NA,NA,NA,NA,NA,NA,NA,NA,NA,NA,NA,NA,NA,166.8,42.967481456,-79.255842864,-0.534759,9.3,249,30,12.8664
1094,4.30091,85,168,"2026-06-28_UCSOT",4.61552663158866,304,NA,NA,NA,NA,NA,NA,NA,NA,NA,NA,NA,NA,NA,166.6,42.967448515,-79.255834315,-1.08878,9.51,251,30,12.9996
1095,4.30455,86,168,"2026-06-28_UCSOT",4.5687134502924,305,NA,NA,NA,NA,NA,NA,NA,NA,NA,NA,NA,NA,NA,166.6,42.967419095,-79.255819982,-1.08878,9.39,247,30,13.1328
1096,4.30826,85,168,"2026-06-28_UCSOT",4.4996400287977,308,NA,NA,NA,NA,NA,NA,NA,NA,NA,NA,NA,NA,NA,166.6,42.96738079,-79.255812605,-1.08878,9.64,248,31,13.3344
1097,4.31199,85,168,"2026-06-28_UCSOT",4.46588067166845,311,NA,NA,NA,NA,NA,NA,NA,NA,NA,NA,NA,NA,NA,166.6,42.967354973,-79.255800033,-0.554017,9.68,247,30,13.4352
1098,4.31574,85,168,"2026-06-28_UCSOT",4.44325957522438,315,NA,NA,NA,NA,NA,NA,NA,NA,NA,NA,NA,NA,NA,166.6,42.967313399,-79.255794165,-0.554017,9.68,247,30,13.5036
1099,4.31948,86,168,"2026-06-28_UCSOT",4.45394619632995,318,NA,NA,NA,NA,NA,NA,NA,NA,NA,NA,NA,NA,NA,166.6,42.967284314,-79.255785616,-0.554017,9.69,247,31,13.4712
1100,4.32324,85,169,"2026-06-28_UCSOT",4.44325957522438,319,NA,NA,NA,NA,NA,NA,NA,NA,NA,NA,NA,NA,NA,166.6,42.967246847,-79.255778324,-0.554017,9.52,244,31,13.5036
1101,4.32698,86,168,"2026-06-28_UCSOT",4.45394619632995,317,NA,NA,NA,NA,NA,NA,NA,NA,NA,NA,NA,NA,NA,166.6,42.967213151,-79.255773713,-0.554017,9.69,247,31,13.4712
1102,4.33074,85,168,"2026-06-28_UCSOT",4.43262411347518,319,NA,NA,NA,NA,NA,NA,NA,NA,NA,NA,NA,NA,NA,166.6,42.967184737,-79.255758626,-0.554017,9.52,244,31,13.536
1103,4.33453,86,167,"2026-06-28_UCSOT",4.39985920450546,319,NA,NA,NA,NA,NA,NA,NA,NA,NA,NA,NA,NA,NA,166.4,42.967143917,-79.255755189,-1.08172,9.73,246,31,13.6368
1104,4.33838,85,167,"2026-06-28_UCSOT",4.32451133021969,320,NA,NA,NA,NA,NA,NA,NA,NA,NA,NA,NA,NA,NA,166.4,42.967116592,-79.255745383,-0.527704,9.61,242,31,13.8744
1105,4.34219,85,168,"2026-06-28_UCSOT",4.3675751222921,323,NA,NA,NA,NA,NA,NA,NA,NA,NA,NA,NA,NA,NA,166.4,42.967080466,-79.255740353,-0.527704,9.77,245,31,13.7376
1106,4.34598,85,168,"2026-06-28_UCSOT",4.39985920450546,327,NA,NA,NA,NA,NA,NA,NA,NA,NA,NA,NA,NA,NA,166.4,42.96704786,-79.255735911,-0.527704,9.73,246,31,13.6368
1107,4.34973,84,168,"2026-06-28_UCSOT",4.44325957522438,327,NA,NA,NA,NA,NA,NA,NA,NA,NA,NA,NA,NA,NA,166.2,42.967016177,-79.255722584,-1.06104,9.86,250,31,13.5036
1108,4.35342,85,168,"2026-06-28_UCSOT",4.52161331162959,326,NA,NA,NA,NA,NA,NA,NA,NA,NA,NA,NA,NA,NA,166.2,42.96697586,-79.255726775,-1.06104,9.6,249,31,13.2696
1109,4.35707,85,169,"2026-06-28_UCSOT",4.5687134502924,325,NA,NA,NA,NA,NA,NA,NA,NA,NA,NA,NA,NA,NA,166.2,42.966945601,-79.255721578,-1.06104,9.55,250,31,13.1328
1110,4.36073,85,169,"2026-06-28_UCSOT",4.55622380171314,322,NA,NA,NA,NA,NA,NA,NA,NA,NA,NA,NA,NA,NA,166.2,42.966909559,-79.255725853,-1.06104,9.59,249,31,13.1688
1111,4.36435,85,169,"2026-06-28_UCSOT",4.60405156537753,319,NA,NA,NA,NA,NA,NA,NA,NA,NA,NA,NA,NA,NA,166,42.966884581,-79.255723003,-1.61352,9.55,250,31,13.032
1112,4.36794,86,169,"2026-06-28_UCSOT",4.63994060876021,318,NA,NA,NA,NA,NA,NA,NA,NA,NA,NA,NA,NA,NA,166.2,42.966849125,-79.255721997,-1.05642,9.31,249,31,12.9312
1113,4.37154,85,168,"2026-06-28_UCSOT",4.62705904127337,315,NA,NA,NA,NA,NA,NA,NA,NA,NA,NA,NA,NA,NA,166.2,42.966817107,-79.25572711,-0.528716,9.51,251,31,12.9672
1114,4.3751,85,168,"2026-06-28_UCSOT",4.67639356528245,313,NA,NA,NA,NA,NA,NA,NA,NA,NA,NA,NA,NA,NA,166.2,42.966788357,-79.255719483,-0.528716,9.46,252,31,12.8304
1115,4.37862,85,168,"2026-06-28_UCSOT",4.73754026909229,313,NA,NA,NA,NA,NA,NA,NA,NA,NA,NA,NA,NA,NA,166.2,42.966751141,-79.255725266,-0.528716,9.41,253,31,12.6648
1116,4.38214,84,166,"2026-06-28_UCSOT",4.73754026909229,311,NA,NA,NA,NA,NA,NA,NA,NA,NA,NA,NA,NA,NA,166,42.966725241,-79.255721662,-1.0969,9.58,256,31,12.6648
1117,4.38566,84,166,"2026-06-28_UCSOT",4.73754026909229,308,NA,NA,NA,NA,NA,NA,NA,NA,NA,NA,NA,NA,NA,166,42.966693976,-79.255720656,-0.563565,9.58,256,31,12.6648
1118,4.38919,84,166,"2026-06-28_UCSOT",4.71342383107089,309,NA,NA,NA,NA,NA,NA,NA,NA,NA,NA,NA,NA,NA,166,42.966664724,-79.255725853,-0.563565,9.62,255,31,12.7296
1119,4.39272,84,168,"2026-06-28_UCSOT",4.7254512805973,310,NA,NA,NA,NA,NA,NA,NA,NA,NA,NA,NA,NA,NA,166,42.966634968,-79.255722584,-0.563565,9.62,255,31,12.6972
1120,4.39621,84,168,"2026-06-28_UCSOT",4.77554918815664,312,NA,NA,NA,NA,NA,NA,NA,NA,NA,NA,NA,NA,NA,166,42.966598004,-79.25573742,-0.563565,9.57,256,31,12.564
1121,4.39973,84,168,"2026-06-28_UCSOT",4.73754026909229,313,NA,NA,NA,NA,NA,NA,NA,NA,NA,NA,NA,NA,NA,166,42.966572858,-79.255743622,-0.0110788,9.58,256,31,12.6648
1122,4.40324,84,168,"2026-06-28_UCSOT",4.73754026909229,310,NA,NA,NA,NA,NA,NA,NA,NA,NA,NA,NA,NA,NA,166.2,42.966542013,-79.255753094,0,9.58,256,31,12.6648
1123,4.40665,84,168,"2026-06-28_UCSOT",4.89332550401253,314,NA,NA,NA,NA,NA,NA,NA,NA,NA,NA,NA,NA,NA,166.4,42.966514604,-79.255767846,0.588129,9.43,259,31,12.2616
1124,4.40997,83,169,"2026-06-28_UCSOT",5.01705799719045,315,NA,NA,NA,NA,NA,NA,NA,NA,NA,NA,NA,NA,NA,166.4,42.966490883,-79.255764661,0.588129,9.49,264,31,11.9592
1125,4.41324,83,169,"2026-06-28_UCSOT",5.10308226168606,308,NA,NA,NA,NA,NA,NA,NA,NA,NA,NA,NA,NA,NA,166.6,42.966456014,-79.255777318,1.19975,9.43,265,31,11.7576
1126,4.41641,83,168,"2026-06-28_UCSOT",5.25430853299706,304,NA,NA,NA,NA,NA,NA,NA,NA,NA,NA,NA,NA,NA,166.8,42.966430785,-79.255782431,2.39885,9.31,267,31,11.4192
1127,4.41952,83,168,"2026-06-28_UCSOT",5.3642313056539,303,NA,NA,NA,NA,NA,NA,NA,NA,NA,NA,NA,NA,NA,166.8,42.966398598,-79.255777569,2.39885,9.2,269,31,11.1852
1128,4.42266,83,168,"2026-06-28_UCSOT",5.3011026293469,315,NA,NA,NA,NA,NA,NA,NA,NA,NA,NA,NA,NA,NA,166.8,42.96636616,-79.255779246,2.39885,9.26,268,31,11.3184
1129,4.42585,83,168,"2026-06-28_UCSOT",5.22302308576204,322,NA,NA,NA,NA,NA,NA,NA,NA,NA,NA,NA,NA,NA,167,42.966341685,-79.255769858,3.02581,9.32,267,31,11.4876
1130,4.42911,84,168,"2026-06-28_UCSOT",5.11875511875512,334,NA,NA,NA,NA,NA,NA,NA,NA,NA,NA,NA,NA,NA,167,42.966306649,-79.255765248,3.02581,9.26,262,31,11.7216
1131,4.43242,84,168,"2026-06-28_UCSOT",5.03220611916264,341,NA,NA,NA,NA,NA,NA,NA,NA,NA,NA,NA,NA,NA,166.8,42.966276809,-79.255760889,2.42158,9.32,261,31,11.9232
1132,4.43579,84,168,"2026-06-28_UCSOT",4.94853523357086,333,NA,NA,NA,NA,NA,NA,NA,NA,NA,NA,NA,NA,NA,166.8,42.966245293,-79.255751166,1.85178,9.41,259,31,12.1248
1133,4.4392,84,167,"2026-06-28_UCSOT",4.89332550401253,331,NA,NA,NA,NA,NA,NA,NA,NA,NA,NA,NA,NA,NA,166.8,42.966208832,-79.255747478,1.26527,9.43,259,31,12.2616
1134,4.44266,84,167,"2026-06-28_UCSOT",4.81417292509147,333,NA,NA,NA,NA,NA,NA,NA,NA,NA,NA,NA,NA,NA,166.6,42.966179411,-79.255727948,0.687231,9.52,257,31,12.4632
1135,4.44609,83,168,"2026-06-28_UCSOT",4.8534265191225,336,NA,NA,NA,NA,NA,NA,NA,NA,NA,NA,NA,NA,NA,166.6,42.966163402,-79.255700456,0.0756098,9.64,261,31,12.3624
1136,4.44955,79,168,"2026-06-28_UCSOT",4.81417292509147,340,NA,NA,NA,NA,NA,NA,NA,NA,NA,NA,NA,NA,NA,166.4,42.966148147,-79.255663324,-1.13334,9.69,260,31,12.4632
1137,4.45299,79,167,"2026-06-28_UCSOT",4.8534265191225,337,NA,NA,NA,NA,NA,NA,NA,NA,NA,NA,NA,NA,NA,166.4,42.966127024,-79.255623007,-1.13334,10.36,274,31,12.3624
1138,4.45644,78,167,"2026-06-28_UCSOT",4.82811896485129,339,NA,NA,NA,NA,NA,NA,NA,NA,NA,NA,NA,NA,NA,166.2,42.966110093,-79.255587551,-1.71305,10.53,278,31,12.4272
1139,4.45997,78,167,"2026-06-28_UCSOT",4.71342383107089,336,NA,NA,NA,NA,NA,NA,NA,NA,NA,NA,NA,NA,NA,166,42.966078829,-79.255559556,-2.90658,10.69,275,31,12.7296
1140,4.46369,78,167,"2026-06-28_UCSOT",4.48752468138575,310,NA,NA,NA,NA,NA,NA,NA,NA,NA,NA,NA,NA,NA,165.8,42.966043792,-79.255532315,-3.44422,10.92,271,31,13.3704
1141,4.4674,78,167,"2026-06-28_UCSOT",4.48752468138575,300,NA,NA,NA,NA,NA,NA,NA,NA,NA,NA,NA,NA,NA,165.6,42.966020323,-79.25551027,-3.37907,10.92,271,31,13.3704
1142,4.47132,79,167,"2026-06-28_UCSOT",4.25278557455133,302,NA,NA,NA,NA,NA,NA,NA,NA,NA,NA,NA,NA,NA,165.6,42.965980509,-79.255485627,-3.37907,11.04,261,31,14.1084
1143,4.4753,80,167,"2026-06-28_UCSOT",4.18340026773762,297,NA,NA,NA,NA,NA,NA,NA,NA,NA,NA,NA,NA,NA,165.6,42.965951675,-79.255462745,-3.37907,10.92,256,31,14.3424
1144,4.47929,82,167,"2026-06-28_UCSOT",4.18340026773762,297,NA,NA,NA,NA,NA,NA,NA,NA,NA,NA,NA,NA,NA,165.6,42.965923344,-79.255438018,-2.80104,10.92,256,31,14.3424
1145,4.48321,83,167,"2026-06-28_UCSOT",4.25278557455133,297,NA,NA,NA,NA,NA,NA,NA,NA,NA,NA,NA,NA,NA,165.6,42.965886464,-79.255431313,-2.80104,10.26,248,31,14.1084
1146,4.48712,83,167,"2026-06-28_UCSOT",4.26257459505541,297,NA,NA,NA,NA,NA,NA,NA,NA,NA,NA,NA,NA,NA,165.8,42.965861821,-79.255416896,-1.71149,10.26,248,31,14.076
1147,4.49098,83,167,"2026-06-28_UCSOT",4.31443610320131,294,NA,NA,NA,NA,NA,NA,NA,NA,NA,NA,NA,NA,NA,165.8,42.965821504,-79.255410274,-1.71149,10.18,250,31,13.9068
1148,4.49478,83,169,"2026-06-28_UCSOT",4.38827453045463,300,NA,NA,NA,NA,NA,NA,NA,NA,NA,NA,NA,NA,NA,166,42.965788479,-79.255401389,-0.605465,10.13,251,31,13.6728
1149,4.49852,83,169,"2026-06-28_UCSOT",4.45394619632995,306,NA,NA,NA,NA,NA,NA,NA,NA,NA,NA,NA,NA,NA,166,42.965757215,-79.25539066,-0.0388932,10.04,253,31,13.4712
1150,4.50225,83,168,"2026-06-28_UCSOT",4.46588067166845,305,NA,NA,NA,NA,NA,NA,NA,NA,NA,NA,NA,NA,NA,166.2,42.965721005,-79.255386302,1.03493,10.04,253,31,13.4352
1151,4.50598,84,168,"2026-06-28_UCSOT",4.476676515355,308,NA,NA,NA,NA,NA,NA,NA,NA,NA,NA,NA,NA,NA,166.2,42.96569192,-79.2553744,1.57402,9.85,250,31,13.4028
1152,4.50968,84,168,"2026-06-28_UCSOT",4.4996400287977,313,NA,NA,NA,NA,NA,NA,NA,NA,NA,NA,NA,NA,NA,166.2,42.965650849,-79.255373561,1.57402,9.81,251,31,13.3344
1153,4.51346,84,169,"2026-06-28_UCSOT",4.41033783187792,314,NA,NA,NA,NA,NA,NA,NA,NA,NA,NA,NA,NA,NA,166.2,42.965622015,-79.255369035,1.57402,9.9,249,31,13.6044
1154,4.51727,84,169,"2026-06-28_UCSOT",4.37790035898783,316,NA,NA,NA,NA,NA,NA,NA,NA,NA,NA,NA,NA,NA,166.4,42.965585554,-79.255360737,2.09895,9.95,248,31,13.7052
1155,4.52103,84,170,"2026-06-28_UCSOT",4.43262411347518,324,NA,NA,NA,NA,NA,NA,NA,NA,NA,NA,NA,NA,NA,166.4,42.965550014,-79.255359899,2.09895,9.9,249,31,13.536
1156,4.52474,84,170,"2026-06-28_UCSOT",4.48752468138575,329,NA,NA,NA,NA,NA,NA,NA,NA,NA,NA,NA,NA,NA,166.4,42.965520426,-79.255353277,1.58744,9.81,251,31,13.3704
1157,4.52846,85,170,"2026-06-28_UCSOT",4.476676515355,327,NA,NA,NA,NA,NA,NA,NA,NA,NA,NA,NA,NA,NA,166.4,42.965486228,-79.255350846,1.58744,9.65,248,31,13.4028
1158,4.53215,85,170,"2026-06-28_UCSOT",4.52161331162959,325,NA,NA,NA,NA,NA,NA,NA,NA,NA,NA,NA,NA,NA,166.4,42.965458735,-79.255353529,1.06113,9.6,249,31,13.2696
1159,4.53582,85,170,"2026-06-28_UCSOT",4.53391367428364,329,NA,NA,NA,NA,NA,NA,NA,NA,NA,NA,NA,NA,NA,166.6,42.965422106,-79.255354283,1.60609,9.6,249,31,13.2336
1160,4.53952,85,169,"2026-06-28_UCSOT",4.510599909788,329,NA,NA,NA,NA,NA,NA,NA,NA,NA,NA,NA,NA,NA,166.6,42.965389585,-79.255358139,1.06989,9.64,248,31,13.302
1161,4.54323,85,168,"2026-06-28_UCSOT",4.48752468138575,330,NA,NA,NA,NA,NA,NA,NA,NA,NA,NA,NA,NA,NA,166.6,42.965363433,-79.255351685,1.06989,9.64,248,31,13.3704
1162,4.54692,85,168,"2026-06-28_UCSOT",4.52161331162959,335,NA,NA,NA,NA,NA,NA,NA,NA,NA,NA,NA,NA,NA,166.8,42.965325882,-79.255359899,1.6119,9.6,249,31,13.2696
1163,4.55057,85,168,"2026-06-28_UCSOT",4.5687134502924,336,NA,NA,NA,NA,NA,NA,NA,NA,NA,NA,NA,NA,NA,166.8,42.965298222,-79.255361324,1.6119,9.55,250,31,13.1328
1164,4.55418,85,168,"2026-06-28_UCSOT",4.61552663158866,334,NA,NA,NA,NA,NA,NA,NA,NA,NA,NA,NA,NA,NA,166.8,42.96526109,-79.255367024,1.08696,9.51,251,31,12.9996
1165,4.55775,85,168,"2026-06-28_UCSOT",4.6633090841261,330,NA,NA,NA,NA,NA,NA,NA,NA,NA,NA,NA,NA,NA,166.8,42.965227227,-79.255371131,1.08696,9.46,252,31,12.8664
1166,4.56132,85,166,"2026-06-28_UCSOT",4.67639356528245,326,NA,NA,NA,NA,NA,NA,NA,NA,NA,NA,NA,NA,NA,166.8,42.965197136,-79.255367946,1.08696,9.46,252,31,12.8304
1167,4.56487,85,164,"2026-06-28_UCSOT",4.6882325363338,324,NA,NA,NA,NA,NA,NA,NA,NA,NA,NA,NA,NA,NA,166.8,42.965161932,-79.255377082,1.08696,9.46,252,31,12.798
1168,4.56841,85,164,"2026-06-28_UCSOT",4.71342383107089,325,NA,NA,NA,NA,NA,NA,NA,NA,NA,NA,NA,NA,NA,167,42.965137708,-79.255373813,1.65194,9.42,253,31,12.7296
1169,4.57193,85,164,"2026-06-28_UCSOT",4.7254512805973,324,NA,NA,NA,NA,NA,NA,NA,NA,NA,NA,NA,NA,NA,167,42.965100409,-79.255375154,1.10698,9.41,253,31,12.6972
1170,4.57547,85,164,"2026-06-28_UCSOT",4.71342383107089,323,NA,NA,NA,NA,NA,NA,NA,NA,NA,NA,NA,NA,NA,167,42.965072916,-79.255376998,1.10698,9.42,253,31,12.7296
1171,4.57897,84,164,"2026-06-28_UCSOT",4.76326569496046,323,NA,NA,NA,NA,NA,NA,NA,NA,NA,NA,NA,NA,NA,167,42.965043999,-79.255378255,1.10698,9.57,256,31,12.5964
1172,4.58246,84,165,"2026-06-28_UCSOT",4.77554918815664,323,NA,NA,NA,NA,NA,NA,NA,NA,NA,NA,NA,NA,NA,167,42.965008543,-79.255390493,0.564972,9.57,256,31,12.564
1173,4.58595,84,166,"2026-06-28_UCSOT",4.77554918815664,325,NA,NA,NA,NA,NA,NA,NA,NA,NA,NA,NA,NA,NA,167,42.964983314,-79.25538605,0.564972,9.57,256,31,12.564
1174,4.58944,84,166,"2026-06-28_UCSOT",4.77554918815664,324,NA,NA,NA,NA,NA,NA,NA,NA,NA,NA,NA,NA,NA,167,42.964947104,-79.255390996,0.564972,9.57,256,31,12.564
1175,4.59291,83,166,"2026-06-28_UCSOT",4.80169019494862,324,NA,NA,NA,NA,NA,NA,NA,NA,NA,NA,NA,NA,NA,167,42.96491827,-79.255393678,0.564972,9.69,260,31,12.4956
1176,4.59637,84,166,"2026-06-28_UCSOT",4.81417292509147,324,NA,NA,NA,NA,NA,NA,NA,NA,NA,NA,NA,NA,NA,167,42.964889353,-79.255389571,0.564972,9.52,257,31,12.4632
1177,4.59983,84,167,"2026-06-28_UCSOT",4.81417292509147,324,NA,NA,NA,NA,NA,NA,NA,NA,NA,NA,NA,NA,NA,167.2,42.964853478,-79.255400467,1.14301,9.52,257,31,12.4632
1178,4.60331,85,167,"2026-06-28_UCSOT",4.78927203065134,324,NA,NA,NA,NA,NA,NA,NA,NA,NA,NA,NA,NA,NA,167.2,42.964826991,-79.255394265,0.578035,9.36,254,31,12.528
1179,4.60682,84,167,"2026-06-28_UCSOT",4.75104522995059,327,NA,NA,NA,NA,NA,NA,NA,NA,NA,NA,NA,NA,NA,167.4,42.964786507,-79.255401892,1.14784,9.57,256,31,12.6288
1180,4.6104,84,167,"2026-06-28_UCSOT",4.6633090841261,327,NA,NA,NA,NA,NA,NA,NA,NA,NA,NA,NA,NA,NA,167.4,42.96475541,-79.255400803,1.14784,9.67,254,31,12.8664
1181,4.61403,84,167,"2026-06-28_UCSOT",4.59136822773186,327,NA,NA,NA,NA,NA,NA,NA,NA,NA,NA,NA,NA,NA,167.4,42.964718446,-79.255400635,1.14784,9.72,253,31,13.068
1182,4.61769,84,164,"2026-06-28_UCSOT",4.54504135987638,332,NA,NA,NA,NA,NA,NA,NA,NA,NA,NA,NA,NA,NA,167.4,42.964680979,-79.255405664,1.14784,9.77,252,32,13.2012
1183,4.6214,84,163,"2026-06-28_UCSOT",4.4996400287977,336,NA,NA,NA,NA,NA,NA,NA,NA,NA,NA,NA,NA,NA,167.6,42.964652396,-79.255401892,1.68692,9.81,251,32,13.3344
1184,4.62509,84,161,"2026-06-28_UCSOT",4.510599909788,338,NA,NA,NA,NA,NA,NA,NA,NA,NA,NA,NA,NA,NA,167.6,42.964613337,-79.255404658,1.68692,9.81,251,31,13.302
1185,4.62871,84,161,"2026-06-28_UCSOT",4.60405156537753,338,NA,NA,NA,NA,NA,NA,NA,NA,NA,NA,NA,NA,NA,167.8,42.964586095,-79.255404574,2.2394,9.72,253,31,13.032
1186,4.63231,84,161,"2026-06-28_UCSOT",4.62705904127337,333,NA,NA,NA,NA,NA,NA,NA,NA,NA,NA,NA,NA,NA,168,42.964551562,-79.255399797,2.79496,9.71,253,31,12.9672
1187,4.6359,84,163,"2026-06-28_UCSOT",4.65159549725556,323,NA,NA,NA,NA,NA,NA,NA,NA,NA,NA,NA,NA,NA,168,42.96451334,-79.255407089,2.21693,9.67,254,31,12.8988
1188,4.63951,85,164,"2026-06-28_UCSOT",4.61552663158866,322,NA,NA,NA,NA,NA,NA,NA,NA,NA,NA,NA,NA,NA,168.2,42.964485513,-79.255399126,2.77094,9.71,253,31,12.9996
1189,4.64315,85,164,"2026-06-28_UCSOT",4.5687134502924,321,NA,NA,NA,NA,NA,NA,NA,NA,NA,NA,NA,NA,NA,168.4,42.964447207,-79.255405916,2.75059,9.55,250,32,13.1328
1190,4.64683,85,164,"2026-06-28_UCSOT",4.53391367428364,327,NA,NA,NA,NA,NA,NA,NA,NA,NA,NA,NA,NA,NA,168.6,42.964417368,-79.255407173,3.29407,9.6,249,31,13.2336
1191,4.65049,84,165,"2026-06-28_UCSOT",4.55622380171314,331,NA,NA,NA,NA,NA,NA,NA,NA,NA,NA,NA,NA,NA,168.6,42.964388534,-79.25540667,3.29407,9.59,249,32,13.1688
1192,4.65414,84,164,"2026-06-28_UCSOT",4.5687134502924,337,NA,NA,NA,NA,NA,NA,NA,NA,NA,NA,NA,NA,NA,168.8,42.964351486,-79.255411783,3.84202,9.76,252,31,13.1328
1193,4.65776,84,164,"2026-06-28_UCSOT",4.60405156537753,340,NA,NA,NA,NA,NA,NA,NA,NA,NA,NA,NA,NA,NA,169,42.964323071,-79.255407005,3.85542,9.72,253,31,13.032
1194,4.66135,83,165,"2026-06-28_UCSOT",4.63994060876021,345,NA,NA,NA,NA,NA,NA,NA,NA,NA,NA,NA,NA,NA,169,42.964286861,-79.255415806,3.85542,9.85,257,32,12.9312
1195,4.66494,84,165,"2026-06-28_UCSOT",4.63994060876021,345,NA,NA,NA,NA,NA,NA,NA,NA,NA,NA,NA,NA,NA,169.2,42.964256184,-79.255419327,3.86004,9.67,254,32,12.9312
1196,4.66852,84,165,"2026-06-28_UCSOT",4.6633090841261,346,NA,NA,NA,NA,NA,NA,NA,NA,NA,NA,NA,NA,NA,169.2,42.964223075,-79.255413124,3.30448,9.67,254,31,12.8664
1197,4.67208,83,165,"2026-06-28_UCSOT",4.67639356528245,346,NA,NA,NA,NA,NA,NA,NA,NA,NA,NA,NA,NA,NA,169.2,42.96418083,-79.255412034,3.30448,9.84,257,32,12.8304
1198,4.67566,83,166,"2026-06-28_UCSOT",4.65159549725556,340,NA,NA,NA,NA,NA,NA,NA,NA,NA,NA,NA,NA,NA,169.4,42.964154511,-79.255404658,3.30912,9.84,257,32,12.8988
1199,4.6793,83,166,"2026-06-28_UCSOT",4.58001282403591,335,NA,NA,NA,NA,NA,NA,NA,NA,NA,NA,NA,NA,NA,169.4,42.964118637,-79.255400803,2.75967,9.94,255,31,13.1004
1200,4.68297,83,166,"2026-06-28_UCSOT",4.54504135987638,333,NA,NA,NA,NA,NA,NA,NA,NA,NA,NA,NA,NA,NA,169.6,42.964082092,-79.255394768,2.76115,9.94,255,31,13.2012
0,0,72.5,153.5,"2026-06-28_GHBLQ",25.879917184265,120,NA,36.25,33.25,12,10.5,173.5,170,103.5,102,26.5,31.5,60.5,64,172.1,42.962299806,-79.258146337,0,NA,NA,NA,2.3184
1,0.0085,102,154,"2026-06-28_GHBLQ",NA,240,55,72.5,66.5,24,21,347,340,207,204,53,63,121,128,172.4,42.962303368,-79.258250482,3.52941,NA,NA,NA,0
2,0.01707,103,154,"2026-06-28_GHBLQ",1.94795075580489,199,53,72.5,66.5,24,21,347,340,207,204,53,63,121,128,172.8,42.962309906,-79.258355256,4.66744,NA,NA,NA,30.8016
3,0.02565,104,154,"2026-06-28_GHBLQ",1.93303951132761,243,50,73,67.5,24,22,354,343,205,203,59,58,124,125,172.8,42.962305212,-79.258460113,0,NA,NA,NA,31.0392
4,0.03453,105,154,"2026-06-28_GHBLQ",1.88622302701071,321,53,73,67.5,24,22,354,343,203,204,60,62,124,129,173,42.96229859,-79.258568156,2.25225,NA,NA,NA,31.8096
5,0.04337,108,154,"2026-06-28_GHBLQ",1.83958793230316,416,58,92.5,71.5,31,22.5,342,345,207,207,55,63,121,128,173,42.962298339,-79.258677791,0,NA,NA,NA,32.616
6,0.05267,106,154,"2026-06-28_GHBLQ",1.82828726049437,253,51,94,78.5,33.5,26,330,335,215,228,49,56,118,125,172.2,42.962301189,-79.258790612,-8.60215,NA,NA,NA,32.8176
7,0.06186,100,155,"2026-06-28_GHBLQ",1.80238635954003,238,57,73.5,65.5,24,24,339,325,210,226,53,58,120,127,172.2,42.962303619,-79.258903181,0,NA,NA,NA,33.2892
8,0.07121,101,155,"2026-06-28_GHBLQ",1.77380445579679,287,57,75.5,75,25,23,347,322,205,218,55,59,121,127,172,42.962307391,-79.259017594,-2.13904,NA,NA,NA,33.8256
9,0.08061,102,155,"2026-06-28_GHBLQ",1.7773985994099,295,51,99.5,64,34.5,19.5,347,322,205,218,55,59,121,127,172,42.962312337,-79.259132174,0,NA,NA,NA,33.7572
10,0.08997,103,155,"2026-06-28_GHBLQ",1.74941394632798,269,58,76.5,79.5,26.5,24,340,339,214,205,51,56,118,124,172,42.96230999,-79.259247929,-0.0292079,NA,NA,NA,34.2972
11,0.09955,104,155,"2026-06-28_GHBLQ",1.74611489436005,279,49,76.5,79.5,26.5,24,323,343,210,225,49,59,117,122,172,42.962308229,-79.259365024,-0.382149,NA,NA,NA,34.362
12,0.10912,104,155,"2026-06-28_GHBLQ",1.72407848005241,276,62,74,95.5,23,29,336,343,203,225,52,59,118,122,172.2,42.962308481,-79.259483041,-0.639907,NA,NA,NA,34.8012
13,0.11883,106,155,"2026-06-28_GHBLQ",1.72407848005241,353,55,87,64.5,28.5,20,339,340,203,211,53,60,117,124,172.4,42.962310493,-79.259601896,-0.433934,NA,NA,NA,34.8012
14,0.12884,107,156,"2026-06-28_GHBLQ",1.67723323605381,400,52,100,80.5,41.5,24.5,339,340,203,211,53,60,117,124,172.4,42.962311834,-79.259724943,-0.659159,NA,NA,NA,35.7732
15,0.13882,107,156,"2026-06-28_GHBLQ",1.68673885908984,280,52,84.5,91,27.5,32.5,335,339,205,205,52,59,118,124,172.6,42.962314683,-79.259846899,-0.458758,NA,NA,NA,35.5716
16,0.14877,107,156,"2026-06-28_GHBLQ",1.68503353216729,250,57,77.5,91,25,32.5,330,338,200,198,44,58,110,122,172.8,42.962317282,-79.259969107,0.602462,NA,NA,NA,35.6076
17,0.15882,107,156,"2026-06-28_GHBLQ",1.6898171617831,299,57,89,68.5,30.5,21,338,338,203,198,48,58,114,122,172.8,42.962317198,-79.260091567,0.602462,NA,NA,NA,35.5068
18,0.16886,107,157,"2026-06-28_GHBLQ",1.68827660723933,321,54,89,68.5,30.5,21,338,339,203,200,48,59,114,124,172.8,42.962316611,-79.260213272,0.816365,NA,NA,NA,35.5392
19,0.17836,105,157,"2026-06-28_GHBLQ",1.71414858239912,245,60,65,88,19.5,29,339,329,208,211,53,62,118,129,173,42.962315605,-79.2603302,1.02689,NA,NA,NA,35.0028
20,0.18803,105,157,"2026-06-28_GHBLQ",1.72087420409568,296,57,81,59,28,19,339,335,208,217,53,56,118,124,173.2,42.96231351,-79.260448552,1.23372,NA,NA,NA,34.866
21,0.19764,105,157,"2026-06-28_GHBLQ",1.71591338069254,431,55,95,91,30,31,330,335,205,217,53,55,121,121,173.2,42.962312337,-79.260566402,1.23372,NA,NA,NA,34.9668
22,0.20725,106,157,"2026-06-28_GHBLQ",1.72407848005241,363,55,90.5,85.5,30,27.5,321,333,215,207,55,56,124,121,173.2,42.962312588,-79.260684084,1.02473,NA,NA,NA,34.8012
23,0.21678,105,157,"2026-06-28_GHBLQ",1.7125633648445,255,48,77,95,25,30,314,329,222,207,51,59,120,125,173.4,42.962309151,-79.260802185,1.02862,NA,NA,NA,35.0352
24,0.2263,103,157,"2026-06-28_GHBLQ",1.75290983031833,187,48,67,77.5,20,24.5,328,329,208,207,49,59,118,125,173.6,42.962302949,-79.260919531,1.2387,NA,NA,NA,34.2288
25,0.23583,103,157,"2026-06-28_GHBLQ",1.76497581983127,0,44,55.5,77.5,16,24.5,328,328,208,203,49,60,118,128,173.6,42.962301105,-79.261038974,1.0383,NA,NA,NA,33.9948
26,0.24461,103,157,"2026-06-28_GHBLQ",2.02511138112596,0,44,55.5,77.5,16,24.5,328,333,208,198,49,60,118,124,174,42.962303787,-79.261148106,1.29288,NA,NA,NA,29.628
27,0.25145,0,157,"2026-06-28_GHBLQ",3.09559187716691,0,NA,0,0,0,0,0,0,0,0,0,0,0,0,174.6,42.962297417,-79.261232428,2.17007,NA,NA,NA,19.3824
28,0.25633,0,157,"2026-06-28_GHBLQ",4.82811896485129,0,NA,0,0,0,0,0,0,0,0,0,0,0,0,175,42.962265566,-79.261280289,2.98975,NA,NA,NA,12.4272
29,0.25989,0,157,"2026-06-28_GHBLQ",5.07511165245635,0,NA,0,0,0,0,0,0,0,0,0,0,0,0,175.4,42.962228182,-79.261276433,3.90281,NA,NA,NA,11.8224
30,0.26355,16,157,"2026-06-28_GHBLQ",4.3675751222921,11,NA,51,34,12.5,10,340,0,203,357,51,0,117,357,175.6,42.962210161,-79.2612362,4.24244,NA,NA,NA,13.7376
31,0.26849,45,157,"2026-06-28_GHBLQ",3.40205484112404,204,18,85,86.5,24.5,24.5,350,0,200,357,52,0,114,357,175.4,42.962204713,-79.261176102,3.83758,NA,NA,NA,17.6364
32,0.27395,55,158,"2026-06-28_GHBLQ",2.89955926699142,432,65,95.5,86.5,28,24.5,350,0,200,357,52,0,114,357,175.2,42.962207227,-79.261108962,3.47128,NA,NA,NA,20.6928
33,0.27982,63,158,"2026-06-28_GHBLQ",2.63838319877579,465,49,96,97.5,29,29.5,353,338,204,201,52,58,111,120,175,42.962206389,-79.261035621,2.9207,NA,NA,NA,22.7412
34,0.28659,72,158,"2026-06-28_GHBLQ",2.49837605556388,435,53,96,97.5,29,29.5,350,340,221,210,58,56,117,118,175,42.962205048,-79.260952724,2.71062,NA,NA,NA,24.0156
35,0.29397,79,158,"2026-06-28_GHBLQ",2.29284174806255,439,53,97.5,98,31.5,29.5,349,342,226,226,59,55,120,115,174.8,42.962205383,-79.260862199,2.43961,NA,NA,NA,26.1684
36,0.3018,82,158,"2026-06-28_GHBLQ",2.15721805160066,418,50,99.5,96.5,33,30.5,349,342,226,226,59,55,120,115,174.8,42.962206138,-79.260766226,1.98403,NA,NA,NA,27.8136
37,0.30996,85,158,"2026-06-28_GHBLQ",2.07710202725158,343,50,99.5,96.5,33,30.5,349,339,226,245,59,56,120,118,174.6,42.962206976,-79.260666314,0.861741,NA,NA,NA,28.8864
38,0.31845,90,157,"2026-06-28_GHBLQ",2.00248307901798,348,53,85,100,26.5,37,0,339,357,245,0,56,357,118,174.4,42.962208066,-79.260563049,-0.193503,NA,NA,NA,29.9628
39,0.32697,94,157,"2026-06-28_GHBLQ",1.93933752230238,367,54,98,84.5,35,26,0,326,357,248,0,62,357,127,174.2,42.96220882,-79.26045794,-1.55184,NA,NA,NA,30.9384
40,0.33585,96,157,"2026-06-28_GHBLQ",1.9043266301036,299,48,84,99.5,26.5,38.5,0,326,357,238,0,63,357,129,174.2,42.962206892,-79.260349394,-2.09829,NA,NA,NA,31.5072
41,0.34512,98,157,"2026-06-28_GHBLQ",1.85494342422556,336,53,84,99.5,26.5,38.5,318,323,228,253,58,65,124,135,174.2,42.962206976,-79.260237747,-1.69343,NA,NA,NA,32.346
42,0.35404,100,157,"2026-06-28_GHBLQ",1.79346461494315,335,39,84.5,86.5,28,33,305,322,212,232,56,60,124,129,174,42.962207227,-79.260127106,-1.55134,NA,NA,NA,33.4548
43,0.36326,101,157,"2026-06-28_GHBLQ",1.79694519317161,246,50,82,99.5,26.5,35,316,321,205,229,55,56,121,125,173.8,42.962204797,-79.260013615,-1.42755,NA,NA,NA,33.39
44,0.37274,101,157,"2026-06-28_GHBLQ",1.78807710188463,218,47,65.5,77,20.5,23.5,340,333,201,210,52,60,120,127,173.6,42.962205719,-79.259897861,-1.63852,NA,NA,NA,33.5556
45,0.38212,101,158,"2026-06-28_GHBLQ",1.7915367802501,218,47,74.5,67,23.5,21.5,354,340,201,204,59,59,124,125,173.2,42.962207982,-79.259783197,-1.79396,NA,NA,NA,33.4908
46,0.39128,101,158,"2026-06-28_GHBLQ",1.82268883056285,203,47,75,69,25.5,23,353,349,203,201,59,63,127,129,173.2,42.962208652,-79.259670879,-1.79396,NA,NA,NA,32.9184
47,0.40074,101,158,"2026-06-28_GHBLQ",1.78081703885743,378,53,100,69,35,23,353,349,203,201,59,63,127,129,173.2,42.962210245,-79.259555461,-1.54886,NA,NA,NA,33.6924
48,0.41009,102,158,"2026-06-28_GHBLQ",1.76161786985167,342,57,100,69,35,23,353,346,203,214,59,65,127,134,173.4,42.962210664,-79.259440796,-1.09938,NA,NA,NA,34.0596
49,0.41944,103,158,"2026-06-28_GHBLQ",1.75290983031833,315,51,100,69,35.5,23,353,335,203,229,59,62,127,132,173.4,42.962209742,-79.259325293,-0.864641,NA,NA,NA,34.2288
50,0.42895,103,159,"2026-06-28_GHBLQ",1.75641971405487,293,47,83,99.5,29.5,37,342,314,208,240,55,66,122,138,173.4,42.962211754,-79.259207779,-0.864641,NA,NA,NA,34.1604
51,0.43887,104,159,"2026-06-28_GHBLQ",1.74941394632798,326,48,99.5,75,37.5,25,323,314,222,240,46,66,117,138,173.6,42.962210664,-79.259087415,-0.663028,NA,NA,NA,34.2972
52,0.44854,104,159,"2026-06-28_GHBLQ",1.73412409392016,260,53,92,86.5,34,28,304,321,228,221,46,62,118,129,173.4,42.962209742,-79.258968727,-0.645638,NA,NA,NA,34.5996
53,0.458,103,159,"2026-06-28_GHBLQ",1.77910617705665,217,53,66.5,86.5,23.5,28,330,319,208,211,53,63,121,131,173.4,42.96220882,-79.258853141,-0.428718,NA,NA,NA,33.7248
54,0.46735,102,159,"2026-06-28_GHBLQ",1.79346461494315,199,45,71,69.5,21.5,22,345,332,203,195,55,58,121,124,173.6,42.962210329,-79.258737974,0,NA,NA,NA,33.4548
55,0.47686,100,160,"2026-06-28_GHBLQ",1.80063382310573,251,53,71,69.5,21.5,22,349,332,198,195,52,58,120,124,173.8,42.962213765,-79.258622136,0.6329,NA,NA,NA,33.3216
56,0.48621,100,161,"2026-06-28_GHBLQ",1.80238635954003,225,53,71,69.5,21.5,22,349,332,198,195,52,58,120,124,173.8,42.962213514,-79.25850789,0.6329,NA,NA,NA,33.2892
57,0.49545,100,161,"2026-06-28_GHBLQ",1.80433762765689,245,53,78,86,27.5,30,349,342,198,204,52,58,120,122,174,42.962212424,-79.258394567,0.84935,NA,NA,NA,33.2532
58,0.50455,100,161,"2026-06-28_GHBLQ",1.85494342422556,211,53,69.5,86,22.5,30,349,340,198,203,52,60,120,125,174.8,42.962210832,-79.258284345,1.51457,NA,NA,NA,32.346
59,0.51348,100,161,"2026-06-28_GHBLQ",1.82828726049437,211,49,67.5,67,23,22,349,339,198,200,52,60,120,125,175.4,42.962211586,-79.258174542,2.18646,NA,NA,NA,32.8176
60,0.52253,99,161,"2026-06-28_GHBLQ",1.83009406683504,206,49,71.5,67,24,21.5,349,343,198,203,52,58,120,124,176.4,42.962215693,-79.258063901,3.29143,NA,NA,NA,32.7852
61,0.53154,99,161,"2026-06-28_GHBLQ",1.81534328141452,297,55,97.5,78,32.5,24,347,343,211,204,56,58,122,124,177.2,42.962216448,-79.257953344,3.97772,NA,NA,NA,33.0516
62,0.54046,99,161,"2026-06-28_GHBLQ",1.82648401826484,245,55,81.5,77,27.5,24,339,343,214,204,55,58,121,124,178,42.962212173,-79.257843876,5.08141,NA,NA,NA,32.85
63,0.54957,100,161,"2026-06-28_GHBLQ",1.80433762765689,280,53,81.5,77,27.5,24,339,340,214,204,55,58,121,124,177.8,42.962208485,-79.257731475,4.86187,NA,NA,NA,33.2532
64,0.55865,101,161,"2026-06-28_GHBLQ",1.80786057779224,308,50,76,76.5,23.5,22,336,340,211,204,55,58,120,124,177,42.962203623,-79.25761857,3.76691,NA,NA,NA,33.1884
65,0.56816,101,161,"2026-06-28_GHBLQ",1.80982372316936,390,49,76,76.5,23.5,22,336,339,198,201,55,60,120,125,176.8,42.962205383,-79.257502565,3.3463,NA,NA,NA,33.1524
66,0.57786,102,161,"2026-06-28_GHBLQ",1.75290983031833,330,52,90.5,82.5,31,24,338,346,197,208,58,68,121,129,176,42.962207898,-79.257383542,2.52156,NA,NA,NA,34.2288
67,0.58754,103,162,"2026-06-28_GHBLQ",1.76497581983127,273,52,76,77.5,27,23,335,343,200,208,56,60,121,125,175.2,42.962208736,-79.257266028,1.47866,NA,NA,NA,33.9948
68,0.59709,103,162,"2026-06-28_GHBLQ",1.74611489436005,348,56,98.5,91,37,29.5,328,325,203,212,56,56,122,125,174.8,42.962207814,-79.257148681,0.18069,NA,NA,NA,34.362
69,0.60663,104,162,"2026-06-28_GHBLQ",1.75808720112518,320,50,88.5,96,32,33,311,325,204,212,60,56,128,125,174.2,42.962208736,-79.257031502,-1.12013,NA,NA,NA,34.128
70,0.61652,104,162,"2026-06-28_GHBLQ",1.73412409392016,260,50,71.5,93.5,24,30.5,311,316,204,226,60,55,128,127,173.8,42.962208317,-79.256911808,-2.62955,NA,NA,NA,34.5996
71,0.62581,104,162,"2026-06-28_GHBLQ",1.73755907700862,312,46,89.5,93.5,31,30.5,318,311,204,214,53,56,124,127,173.8,42.962206557,-79.256796222,-3.51746,NA,NA,NA,34.5312
72,0.63561,104,162,"2026-06-28_GHBLQ",1.73412409392016,291,51,89.5,93.5,31,30.5,326,325,203,204,51,58,120,125,173.8,42.96220706,-79.256676528,-4.41432,NA,NA,NA,34.5996
73,0.64531,105,162,"2026-06-28_GHBLQ",1.73593028503975,287,51,95.5,93.5,32,30.5,326,332,207,204,49,56,118,124,174,42.962207982,-79.256557673,-3.98859,NA,NA,NA,34.5636
74,0.65509,96,162,"2026-06-28_GHBLQ",1.73412409392016,280,54,71.5,85,22.5,26.5,325,329,208,203,49,55,120,122,174.2,42.962208066,-79.25643865,-2.90304,NA,NA,NA,34.5996
75,0.66469,96,162,"2026-06-28_GHBLQ",1.72747374239912,279,54,100,71.5,39,21.5,325,330,208,218,49,58,120,124,174.6,42.962207647,-79.2563208,-2.27607,NA,NA,NA,34.7328
76,0.6744,94,162,"2026-06-28_GHBLQ",1.70922640412949,279,50,97,97.5,32,32.5,325,330,208,218,49,58,120,124,174.8,42.962207898,-79.256201107,-1.24535,NA,NA,NA,35.1036
77,0.6842,94,162,"2026-06-28_GHBLQ",1.71909919202338,267,54,81.5,80,25.5,25.5,325,323,208,255,49,62,120,132,175.2,42.962206305,-79.256081581,-0.0107402,NA,NA,NA,34.902
78,0.69384,94,162,"2026-06-28_GHBLQ",1.72407848005241,245,55,78,69,24,22,301,328,201,226,56,66,121,132,175.2,42.962205383,-79.255962893,0.408108,NA,NA,NA,34.8012
79,0.70368,94,162,"2026-06-28_GHBLQ",1.72586379482931,296,53,78,69,24,22,329,339,201,204,65,62,128,124,175,42.962205467,-79.255843032,0.833787,NA,NA,NA,34.7652
80,0.71317,94,163,"2026-06-28_GHBLQ",1.74611489436005,250,47,87.5,78,28.5,25,332,338,201,219,68,60,131,125,175,42.962204126,-79.255726188,1.23824,NA,NA,NA,34.362
81,0.7229,94,163,"2026-06-28_GHBLQ",1.73412409392016,296,53,87.5,78,28.5,25,330,330,200,218,68,65,129,131,174.8,42.962201109,-79.255606997,1.03269,NA,NA,NA,34.5996
82,0.73267,94,163,"2026-06-28_GHBLQ",1.72586379482931,246,50,78.5,78,25.5,24.5,335,332,200,210,66,65,128,129,174.8,42.962198091,-79.255487723,1.03269,NA,NA,NA,34.7652
83,0.7424,95,163,"2026-06-28_GHBLQ",1.70922640412949,347,50,86,74,27.5,23,339,333,198,210,56,59,120,121,174.8,42.962198594,-79.255368029,0.8265,NA,NA,NA,35.1036
84,0.75229,95,163,"2026-06-28_GHBLQ",1.69790817712578,272,49,82.5,84,26.5,28.5,323,330,198,231,55,60,118,122,175,42.962198846,-79.255247246,0.824226,NA,NA,NA,35.3376
85,0.76203,95,163,"2026-06-28_GHBLQ",1.71098107654929,273,52,76.5,84,23.5,28.5,323,330,198,231,55,60,118,122,175,42.962198846,-79.255128391,0.407559,NA,NA,NA,35.0676
86,0.77157,95,163,"2026-06-28_GHBLQ",1.71750480901347,257,52,76.5,84,23.5,28.5,326,332,198,210,58,59,121,122,175,42.962200103,-79.255010206,0.201586,NA,NA,NA,34.9344
87,0.78123,94,163,"2026-06-28_GHBLQ",1.73412409392016,259,53,85.5,74.5,27.5,22,345,335,203,201,62,58,125,121,174.8,42.962199851,-79.254891099,-0.413617,NA,NA,NA,34.5996
88,0.79115,103,163,"2026-06-28_GHBLQ",1.73593028503975,213,74,77,74.5,25.5,22,350,338,205,198,66,62,129,127,175,42.962197924,-79.254770232,-0.212004,NA,NA,NA,34.5636
89,0.80091,104,163,"2026-06-28_GHBLQ",1.74100769525401,274,53,73.5,84.5,23.5,27,347,339,204,200,56,68,122,135,175.2,42.962200103,-79.25465146,0.196166,NA,NA,NA,34.4628
90,0.81048,104,163,"2026-06-28_GHBLQ",1.73755907700862,304,53,81.5,71,27.5,22.5,347,335,204,215,56,56,122,125,175.2,42.962199935,-79.254534198,0.196166,NA,NA,NA,34.5312
91,0.82002,105,163,"2026-06-28_GHBLQ",1.74611489436005,302,54,80,96.5,29,34.5,336,335,201,215,42,56,113,125,175.4,42.962200019,-79.254417522,0.61136,NA,NA,NA,34.362
92,0.82963,105,163,"2026-06-28_GHBLQ",1.71414858239912,279,59,78.5,99,27,33,335,319,203,224,42,51,113,120,175.4,42.962199516,-79.254298834,0.61136,NA,NA,NA,35.0028
93,0.83946,105,163,"2026-06-28_GHBLQ",1.71591338069254,305,50,89,99,31.5,33,335,316,203,224,42,52,113,122,175.2,42.962197253,-79.25417914,0.407901,NA,NA,NA,34.9668
94,0.84909,105,163,"2026-06-28_GHBLQ",1.71591338069254,232,49,89,99,31.5,33,335,326,203,218,44,55,113,125,175.2,42.962194152,-79.25406062,0.205676,NA,NA,NA,34.9668
95,0.85883,106,163,"2026-06-28_GHBLQ",1.72407848005241,265,46,73,98,26,39,335,328,204,229,46,60,115,132,175.2,42.962192056,-79.253941681,0.205676,NA,NA,NA,34.8012
96,0.86844,105,163,"2026-06-28_GHBLQ",1.72087420409568,239,51,79,98,25,39,335,335,204,207,46,63,115,131,175.2,42.962194236,-79.253822574,0.205676,NA,NA,NA,34.866
97,0.8783,105,164,"2026-06-28_GHBLQ",1.72747374239912,247,51,82,81.5,27.5,25.5,335,335,210,207,58,63,127,131,175.2,42.962194152,-79.25370221,0.412716,NA,NA,NA,34.7328
98,0.88811,104,164,"2026-06-28_GHBLQ",1.72747374239912,246,56,66.5,74.5,22,26,328,333,205,203,53,59,122,128,175.2,42.962192978,-79.253582181,0.211103,NA,NA,NA,34.7328
99,0.89782,103,164,"2026-06-28_GHBLQ",1.75290983031833,234,52,70.5,72,23,25,328,325,205,215,53,58,122,128,175.2,42.962193481,-79.253464583,0,NA,NA,NA,34.2288
100,0.90722,103,164,"2026-06-28_GHBLQ",1.75125214528388,238,50,73,75,24.5,25.5,335,325,203,212,52,62,121,131,175,42.962193146,-79.253349499,-0.206581,NA,NA,NA,34.2612
101,0.91658,102,164,"2026-06-28_GHBLQ",1.75975785731883,234,52,74,69,26,23,340,336,200,204,48,62,117,128,175,42.962192559,-79.253235003,-0.416225,NA,NA,NA,34.0956
102,0.92565,102,164,"2026-06-28_GHBLQ",1.77910617705665,290,50,74,69,26,23,340,338,198,198,48,56,117,122,175.2,42.96219105,-79.253122517,-0.195718,NA,NA,NA,33.7248
103,0.93517,102,164,"2026-06-28_GHBLQ",1.75457065656034,280,42,81.5,79,26.5,26.5,339,336,203,198,52,53,120,121,175.6,42.962191889,-79.253004919,0.427909,NA,NA,NA,34.1964
104,0.94487,103,164,"2026-06-28_GHBLQ",1.76329524615602,242,42,80,99,28,30,336,336,204,198,58,53,125,121,175.8,42.962193481,-79.252887237,0.634095,NA,NA,NA,34.0272
105,0.95431,103,164,"2026-06-28_GHBLQ",1.75641971405487,257,53,81,76,30.5,25,326,333,201,215,53,53,122,121,175.8,42.962192727,-79.252770897,0.634095,NA,NA,NA,34.1604
106,0.96382,103,164,"2026-06-28_GHBLQ",1.77022481855196,333,53,90.5,74.5,35,23.5,326,326,201,207,53,59,122,125,176,42.962190547,-79.252654723,0.8444,NA,NA,NA,33.894
107,0.97346,103,164,"2026-06-28_GHBLQ",1.74611489436005,349,51,88,74.5,31.5,23.5,325,325,203,205,56,60,125,128,176,42.962188955,-79.252536874,0.8444,NA,NA,NA,34.362
108,0.98293,104,164,"2026-06-28_GHBLQ",1.75975785731883,266,54,81,74.5,26.5,23.5,322,321,203,222,56,56,127,128,175.8,42.962189039,-79.25242112,0.633207,NA,NA,NA,34.0956
109,0.99236,103,164,"2026-06-28_GHBLQ",1.76329524615602,252,56,81,74.5,26.5,23.5,323,326,200,212,52,52,121,121,175.8,42.962188703,-79.252305617,0.633207,NA,NA,NA,34.0272
110,1.00166,103,164,"2026-06-28_GHBLQ",1.76329524615602,283,58,82.5,72,31,24,318,332,201,205,55,52,124,120,176,42.962189458,-79.252190366,1.06103,NA,NA,NA,34.0272
111,1.01128,103,164,"2026-06-28_GHBLQ",1.76684688504894,271,52,79,80.5,28,27.5,309,332,201,217,55,63,125,132,176,42.962194068,-79.252073271,1.06103,NA,NA,NA,33.9588
112,1.02086,103,164,"2026-06-28_GHBLQ",1.73088240384948,294,49,79,79,28,26,318,333,200,211,51,63,120,131,176,42.962197253,-79.251955757,0.840519,NA,NA,NA,34.6644
113,1.03028,104,164,"2026-06-28_GHBLQ",1.76684688504894,338,49,81.5,76,27.5,24.5,318,333,200,211,51,63,120,131,175.8,42.962201276,-79.251841176,0.208037,NA,NA,NA,33.9588
114,1.03977,105,164,"2026-06-28_GHBLQ",1.7125633648445,331,72,70.5,76,23.5,24.5,319,333,198,217,52,59,120,125,175.6,42.962199935,-79.251722907,-0.208897,NA,NA,NA,35.0352
115,1.04951,104,164,"2026-06-28_GHBLQ",1.74611489436005,272,49,99,74.5,35,20.5,333,333,200,217,56,59,120,125,175.6,42.962196499,-79.2516038,-0.208897,NA,NA,NA,34.362
116,1.05951,105,164,"2026-06-28_GHBLQ",1.71414858239912,375,62,99,74.5,35,20.5,330,332,204,204,59,60,124,121,175.6,42.962194152,-79.251481676,-0.419202,NA,NA,NA,35.0028
117,1.06943,105,164,"2026-06-28_GHBLQ",1.72586379482931,274,47,82,76,28,25,300,326,204,215,56,59,125,125,175.6,42.962194738,-79.251362066,-0.419202,NA,NA,NA,34.7652
118,1.07895,105,164,"2026-06-28_GHBLQ",1.70433241299383,310,56,79,76,27,25,312,328,208,203,53,53,122,120,175.6,42.962194906,-79.251244301,-0.208009,NA,NA,NA,35.2044
119,1.08854,105,164,"2026-06-28_GHBLQ",1.73412409392016,253,56,81,78,27,24,311,326,221,198,56,62,125,127,175.8,42.962194487,-79.251127205,0,NA,NA,NA,34.5996
120,1.09814,105,164,"2026-06-28_GHBLQ",1.72087420409568,283,56,82.5,70.5,29,22,323,326,210,198,55,62,124,127,176,42.962194655,-79.251008685,0,NA,NA,NA,34.866
121,1.10777,105,164,"2026-06-28_GHBLQ",1.74776286353468,252,56,75.5,73.5,24,22,333,330,203,197,53,63,122,129,176,42.9621939,-79.250891674,0,NA,NA,NA,34.3296
122,1.11737,105,164,"2026-06-28_GHBLQ",1.72247485186716,261,57,76.5,73.5,25,22,333,338,203,205,53,63,122,128,176.2,42.962194236,-79.250773824,0.202155,NA,NA,NA,34.8336
123,1.12674,104,164,"2026-06-28_GHBLQ",1.73755907700862,197,43,76.5,73.5,25,22,333,336,203,217,53,63,122,128,176.2,42.962194655,-79.250657484,0.414469,NA,NA,NA,34.5312
124,1.13651,104,164,"2026-06-28_GHBLQ",1.72747374239912,255,42,67.5,63.5,21,20.5,338,332,201,218,59,63,128,131,176.4,42.962193984,-79.250537036,0.829926,NA,NA,NA,34.7328
125,1.14638,104,163,"2026-06-28_GHBLQ",1.75457065656034,255,53,78.5,63.5,27.5,20.5,328,325,201,212,65,66,132,131,176.4,42.962194236,-79.25041751,0.829926,NA,NA,NA,34.1964
126,1.15601,104,163,"2026-06-28_GHBLQ",1.73755907700862,235,50,79,65.5,29,21,328,325,201,212,59,66,127,131,176.4,42.962193733,-79.250299073,0.829926,NA,NA,NA,34.5312
127,1.16575,104,163,"2026-06-28_GHBLQ",1.73412409392016,263,50,74.5,65.5,24.5,21,328,326,201,207,59,63,127,129,176.4,42.962192224,-79.25018005,0.829926,NA,NA,NA,34.5996
128,1.17542,104,163,"2026-06-28_GHBLQ",1.73919092838012,231,48,78,69.5,27.5,22,328,332,201,203,56,60,125,127,176.4,42.962190715,-79.250061866,0.829926,NA,NA,NA,34.4988
129,1.18493,104,163,"2026-06-28_GHBLQ",1.75290983031833,287,47,76,65.5,26.5,19.5,326,336,200,201,56,59,125,127,176.2,42.962189206,-79.249945441,0.41107,NA,NA,NA,34.2288
130,1.19441,104,163,"2026-06-28_GHBLQ",1.74264603373763,236,54,80.5,77,27.5,24.5,329,325,198,201,51,62,120,129,176,42.962186943,-79.249828178,0,NA,NA,NA,34.4304
131,1.20421,104,163,"2026-06-28_GHBLQ",1.73755907700862,242,47,80.5,77,27.5,24.5,323,322,201,215,55,65,124,132,176.2,42.962182249,-79.249709071,0.195848,NA,NA,NA,34.5312
132,1.21374,104,163,"2026-06-28_GHBLQ",1.74264603373763,241,49,80.5,77,27.5,24.5,314,323,201,218,59,69,128,135,176,42.962176131,-79.249592479,-0.222349,NA,NA,NA,34.4304
133,1.22332,104,163,"2026-06-28_GHBLQ",1.75641971405487,260,51,78.5,76,27,25.5,329,323,203,218,59,69,128,135,176.2,42.962166408,-79.24947639,-0.0135808,NA,NA,NA,34.1604
134,1.23282,104,162,"2026-06-28_GHBLQ",1.74611489436005,281,51,85.5,71,28.5,21.5,329,333,203,205,59,65,128,131,176.2,42.962157858,-79.2493603,-0.218289,NA,NA,NA,34.362
135,1.24229,104,162,"2026-06-28_GHBLQ",1.73412409392016,258,52,82,84.5,26,25.5,328,335,203,201,56,58,124,125,176.2,42.962148554,-79.249243289,-0.218289,NA,NA,NA,34.5996
136,1.25201,104,162,"2026-06-28_GHBLQ",1.76684688504894,264,41,90,87,29.5,26,321,328,203,200,65,58,131,124,176.2,42.962141513,-79.249125188,-0.218289,NA,NA,NA,33.9588
137,1.26178,104,162,"2026-06-28_GHBLQ",1.74428745857317,245,56,69,69,21.5,22,314,325,203,200,59,60,127,127,176.4,42.962132629,-79.249006249,-0.0135808,NA,NA,NA,34.398
138,1.2715,103,162,"2026-06-28_GHBLQ",1.75641971405487,270,63,71,70,21,21,318,326,201,200,53,62,121,128,176.6,42.962122403,-79.248889489,0.192181,NA,NA,NA,34.1604
139,1.28091,103,162,"2026-06-28_GHBLQ",1.74776286353468,259,38,71,70,21,21,332,336,200,215,51,60,120,125,176.4,42.962112177,-79.248774992,0.189946,NA,NA,NA,34.3296
140,1.29014,103,162,"2026-06-28_GHBLQ",1.76684688504894,253,41,83.5,63,26,19,329,332,201,229,59,59,129,127,176.2,42.962100442,-79.248662507,0.184231,NA,NA,NA,33.9588
141,1.29946,103,162,"2026-06-28_GHBLQ",1.75808720112518,260,48,93,96.5,34,31.5,318,333,203,235,65,62,134,131,176.2,42.962089126,-79.248547759,-0.0198503,NA,NA,NA,34.128
142,1.30916,103,162,"2026-06-28_GHBLQ",1.76853423882286,178,48,71.5,96.5,23,31.5,318,333,203,235,65,62,134,131,176,42.962078062,-79.248430999,-0.0161723,NA,NA,NA,33.9264
143,1.31863,103,161,"2026-06-28_GHBLQ",1.75808720112518,304,49,98.5,76.5,34.5,24.5,330,335,200,204,53,62,122,127,176,42.962066831,-79.248315664,-0.224941,NA,NA,NA,34.128
144,1.32822,104,161,"2026-06-28_GHBLQ",1.74776286353468,266,53,77.5,97.5,24.5,38,326,333,208,203,55,55,124,122,176.2,42.962054844,-79.248199407,-0.01639,NA,NA,NA,34.3296
145,1.33769,103,161,"2026-06-28_GHBLQ",1.75457065656034,262,55,99.5,97.5,37,38,316,332,208,214,59,55,127,125,176.2,42.962043361,-79.248083988,-0.01639,NA,NA,NA,34.1964
146,1.34738,103,161,"2026-06-28_GHBLQ",1.74611489436005,240,45,99.5,97.5,37,38,316,323,208,219,59,65,127,134,176.2,42.962031627,-79.247966641,-0.01639,NA,NA,NA,34.362
147,1.35681,103,161,"2026-06-28_GHBLQ",1.77380445579679,270,45,74.5,78.5,24,22.5,321,325,203,221,53,72,121,138,176.2,42.962018886,-79.247852564,-0.221098,NA,NA,NA,33.8256
148,1.36642,103,161,"2026-06-28_GHBLQ",1.73593028503975,341,44,89,84,31.5,26.5,328,335,201,225,51,60,118,128,176.4,42.962006146,-79.24773572,-0.218743,NA,NA,NA,34.5636
149,1.37604,104,161,"2026-06-28_GHBLQ",1.74100769525401,234,53,81,86.5,26,29.5,315,335,201,225,51,60,120,128,176.4,42.961995081,-79.247618876,0,NA,NA,NA,34.4628
150,1.38564,104,162,"2026-06-28_GHBLQ",1.73593028503975,215,53,66.5,86.5,22.5,29.5,315,330,201,214,51,56,120,125,176.4,42.961986364,-79.247501529,0.210482,NA,NA,NA,34.5636
151,1.39525,104,162,"2026-06-28_GHBLQ",1.75290983031833,228,49,71.5,67.5,25,21.5,330,335,200,207,52,53,120,121,176.4,42.961976557,-79.247384937,0.210482,NA,NA,NA,34.2288
152,1.40488,104,162,"2026-06-28_GHBLQ",1.72747374239912,295,58,98.5,67.5,34,21.5,342,339,201,201,55,52,122,120,176.6,42.961961973,-79.247267758,0.624351,NA,NA,NA,34.7328
153,1.41475,105,161,"2026-06-28_GHBLQ",1.71909919202338,322,39,98.5,67.5,34,21.5,342,338,201,215,55,63,122,131,176.4,42.96194873,-79.24714907,0.421717,NA,NA,NA,34.902
154,1.42449,105,161,"2026-06-28_GHBLQ",1.71098107654929,252,52,85.5,98.5,28,37.5,308,332,201,221,52,66,121,135,176.2,42.961935821,-79.247031137,0,NA,NA,NA,35.0676
155,1.43401,104,161,"2026-06-28_GHBLQ",1.74776286353468,230,47,81,73,28,24,325,333,198,211,53,68,122,132,176,42.961923332,-79.246916053,-0.202256,NA,NA,NA,34.3296
156,1.44355,104,162,"2026-06-28_GHBLQ",1.72908669640696,265,54,84,73.5,28.5,23.5,325,333,198,211,53,68,122,132,176,42.961911849,-79.24679921,-0.202256,NA,NA,NA,34.7004
157,1.4532,105,162,"2026-06-28_GHBLQ",1.73919092838012,265,54,79.5,72.5,29,23.5,333,339,198,200,53,65,122,124,176,42.961901707,-79.246681612,-0.202256,NA,NA,NA,34.4988
158,1.46298,104,162,"2026-06-28_GHBLQ",1.72908669640696,262,54,86.5,73.5,29,23.5,328,336,200,211,58,65,127,129,176.2,42.961889302,-79.246563343,-0.205874,NA,NA,NA,34.7004
159,1.47259,104,162,"2026-06-28_GHBLQ",1.74611489436005,228,54,86.5,73.5,29,23.5,328,335,201,224,65,65,132,134,176.4,42.961875136,-79.246447505,0,NA,NA,NA,34.362
160,1.48222,105,162,"2026-06-28_GHBLQ",1.72247485186716,288,54,86.5,73.5,29,23.5,328,335,201,224,65,65,132,134,176.4,42.96186248,-79.246330242,0,NA,NA,NA,34.8336
161,1.49173,105,162,"2026-06-28_GHBLQ",1.75290983031833,232,54,0,0,0,0,328,335,197,224,52,65,121,134,176.4,42.961850913,-79.246214404,0,NA,NA,NA,34.2288
162,1.50147,104,162,"2026-06-28_GHBLQ",1.75290983031833,232,54,73,74,25.5,24.5,338,340,197,203,52,58,121,124,176.4,42.961838675,-79.24609689,-0.205442,NA,NA,NA,34.2288
163,1.51096,103,162,"2026-06-28_GHBLQ",1.76497581983127,284,57,86,74,33,24.5,329,340,200,203,52,58,121,124,176.4,42.961825683,-79.245982058,0,NA,NA,NA,33.9948
164,1.52045,104,162,"2026-06-28_GHBLQ",1.75125214528388,257,48,84,70,31.5,23.5,329,336,200,204,52,58,121,124,176.4,42.961811937,-79.245866639,0.202531,NA,NA,NA,34.2612
165,1.53022,104,162,"2026-06-28_GHBLQ",1.73755907700862,243,48,73,70,25.5,23.5,318,329,198,205,49,59,118,127,176.8,42.961798274,-79.245748873,0.822032,NA,NA,NA,34.5312
166,1.53986,104,162,"2026-06-28_GHBLQ",1.74264603373763,241,55,77,74,27,22.5,323,323,198,195,48,52,117,117,176.8,42.961784947,-79.245633371,0.822032,NA,NA,NA,34.4304
167,1.54916,104,162,"2026-06-28_GHBLQ",1.73919092838012,251,59,84,74,31.5,22.5,323,335,198,198,48,53,117,120,176.8,42.961770949,-79.24551988,0.822032,NA,NA,NA,34.4988
168,1.55865,104,162,"2026-06-28_GHBLQ",1.75125214528388,232,54,71.5,77,23.5,26,322,330,194,203,53,62,121,131,176.8,42.9617567,-79.245405048,0.617533,NA,NA,NA,34.2612
169,1.56823,104,162,"2026-06-28_GHBLQ",1.73250173250173,231,51,77,73.5,26,23,315,333,184,200,51,63,117,131,176.6,42.961743121,-79.245288372,0.200648,NA,NA,NA,34.632
170,1.57792,104,162,"2026-06-28_GHBLQ",1.74428745857317,235,51,77,73.5,26,23,326,333,198,200,52,63,120,131,176.2,42.961729962,-79.245171444,-0.212148,NA,NA,NA,34.398
171,1.5876,104,162,"2026-06-28_GHBLQ",1.72747374239912,227,50,87,69.5,30,21,326,338,198,198,52,63,120,128,176,42.961716718,-79.245053511,-0.41876,NA,NA,NA,34.7328
172,1.59735,104,162,"2026-06-28_GHBLQ",1.74264603373763,227,50,70,73,22,22.5,326,338,204,200,56,66,122,128,176,42.961705319,-79.244935745,-0.41876,NA,NA,NA,34.4304
173,1.60703,104,162,"2026-06-28_GHBLQ",1.73088240384948,238,57,75.5,59,25,17.5,335,338,200,198,53,65,120,125,176,42.961692579,-79.244818566,-0.41876,NA,NA,NA,34.6644
174,1.61661,105,163,"2026-06-28_GHBLQ",1.74428745857317,256,50,82.5,75.5,26.5,23,339,338,200,198,49,65,117,125,176,42.96168009,-79.244702896,-0.41876,NA,NA,NA,34.398
175,1.62622,105,163,"2026-06-28_GHBLQ",1.71414858239912,196,51,82.5,75.5,26.5,23,330,336,200,197,49,56,117,120,176,42.961667601,-79.244585465,-0.828177,NA,NA,NA,35.0028
176,1.63597,105,163,"2026-06-28_GHBLQ",1.72747374239912,216,57,68.5,64,22,18,339,336,200,197,49,56,118,120,175.8,42.961654273,-79.244468119,-1.0333,NA,NA,NA,34.7328
177,1.64563,106,163,"2026-06-28_GHBLQ",1.69790817712578,226,54,68.5,64,22,18,342,338,198,195,53,56,120,115,175.6,42.961642622,-79.244349515,-1.24034,NA,NA,NA,35.3376
178,1.65554,107,163,"2026-06-28_GHBLQ",1.69946636756059,230,54,73,64.5,23,19.5,343,338,200,195,55,59,120,117,175.6,42.961631977,-79.244229067,-1.24034,NA,NA,NA,35.3052
179,1.66569,99,163,"2026-06-28_GHBLQ",1.66317400126401,231,58,68,64.5,21,19.5,340,338,201,195,56,59,120,117,175.4,42.961620578,-79.244105853,-1.22862,NA,NA,NA,36.0756
180,1.67587,98,163,"2026-06-28_GHBLQ",1.64788082525872,278,58,94.5,56.5,31.5,17,340,338,201,197,56,60,120,121,175.6,42.961610184,-79.243981884,-0.61936,NA,NA,NA,36.4104
181,1.68624,99,163,"2026-06-28_GHBLQ",1.62095571548985,241,42,87,56.5,27.5,17,305,335,205,212,63,69,127,134,175.6,42.961597779,-79.243856491,-0.412748,NA,NA,NA,37.0152
182,1.69677,101,163,"2026-06-28_GHBLQ",1.58775523165349,274,53,75,94,22.5,32.5,300,335,200,222,65,70,131,138,175.4,42.96158462,-79.243729673,-0.602682,NA,NA,NA,37.7892
183,1.70715,102,163,"2026-06-28_GHBLQ",1.57932973246154,305,48,69.5,68,20,19,325,340,195,204,56,68,122,127,175,42.961570873,-79.243604531,-0.988038,NA,NA,NA,37.9908
184,1.71746,104,163,"2026-06-28_GHBLQ",1.5452129303418,259,50,69.5,68,20,19,339,343,198,200,56,66,122,124,174.6,42.961557379,-79.24347721,-1.37601,NA,NA,NA,38.8296
185,1.72831,105,163,"2026-06-28_GHBLQ",1.54249575813666,248,48,72,67,23.5,18.5,340,343,198,200,58,66,124,124,174,42.961544135,-79.24334553,-1.92901,NA,NA,NA,38.898
186,1.73934,96,163,"2026-06-28_GHBLQ",1.52541338702788,204,64,71.5,69,21,20,340,343,198,200,58,65,124,124,173.6,42.961530808,-79.243212007,-2.08653,NA,NA,NA,39.3336
187,1.75032,94,163,"2026-06-28_GHBLQ",1.51377535573721,235,48,73.5,61.5,22.5,19,342,325,198,190,59,48,122,111,173.2,42.961518403,-79.243078399,-2.24378,NA,NA,NA,39.636
188,1.76143,95,163,"2026-06-28_GHBLQ",1.49718529165169,204,48,71.5,91,22.5,28.5,338,321,197,205,62,45,127,111,173,42.961504405,-79.242943283,-2.4238,NA,NA,NA,40.0752
189,1.77259,95,163,"2026-06-28_GHBLQ",1.49342891278375,215,48,70,65,22,19,338,335,197,203,62,53,127,117,172.6,42.96148982,-79.242807328,-2.58518,NA,NA,NA,40.176
190,1.78394,96,163,"2026-06-28_GHBLQ",1.49102403530745,295,50,95,70.5,32.5,20.5,338,335,198,203,63,53,127,117,172.4,42.961475236,-79.242669614,-2.95786,NA,NA,NA,40.2408
191,1.79547,97,163,"2026-06-28_GHBLQ",1.46778218112432,250,53,95,70.5,32.5,20.5,330,343,200,214,63,59,128,124,172.2,42.961461573,-79.242529384,-3.13132,NA,NA,NA,40.878
192,1.80721,98,163,"2026-06-28_GHBLQ",1.44638259712459,284,50,76.5,90.5,24.5,30,330,335,200,212,63,60,128,127,172.2,42.961447324,-79.242386892,-2.94138,NA,NA,NA,41.4828
193,1.81898,99,163,"2026-06-28_GHBLQ",1.44400161728181,238,56,70,79.5,22,24,323,338,200,204,60,59,125,124,172,42.961436428,-79.2422444,-2.72595,NA,NA,NA,41.5512
194,1.8306,99,163,"2026-06-28_GHBLQ",1.43938739672395,205,53,75.5,65,25,19.5,339,338,201,204,59,59,125,124,172,42.961425447,-79.242103248,-2.33798,NA,NA,NA,41.6844
195,1.84218,100,163,"2026-06-28_GHBLQ",1.431229426077,221,53,73,61,23,19,346,347,201,198,63,66,129,131,171.6,42.961414048,-79.241962181,-2.13041,NA,NA,NA,41.922
196,1.85372,100,163,"2026-06-28_GHBLQ",1.431229426077,201,51,71,61,23,19,343,345,200,197,62,65,128,129,171.4,42.961399631,-79.241821784,-1.94107,NA,NA,NA,41.922
197,1.86542,100,163,"2026-06-28_GHBLQ",1.43245953301819,175,51,64.5,68.5,22,21.5,345,345,200,197,62,60,128,125,170.8,42.961385382,-79.241679962,-2.08959,NA,NA,NA,41.886
198,1.87707,100,163,"2026-06-28_GHBLQ",1.42219188212874,203,62,70,63,24,18.5,347,347,200,197,65,65,131,127,170.4,42.961371803,-79.241537721,-2.25292,NA,NA,NA,42.1884
199,1.8888,100,162,"2026-06-28_GHBLQ",1.42669634195058,216,50,70,63,24,18.5,347,347,200,197,65,65,131,127,170,42.961359566,-79.24139481,-2.2355,NA,NA,NA,42.0552
200,1.90053,100,162,"2026-06-28_GHBLQ",1.4301241347749,220,49,70.5,70.5,24,22,345,347,198,198,59,65,127,128,170,42.961349423,-79.241251815,-2.05929,NA,NA,NA,41.9544
201,1.91242,100,162,"2026-06-28_GHBLQ",1.41314792832514,219,58,69,70.5,22,22,343,343,197,198,56,63,124,128,170.2,42.961340287,-79.241106808,-1.71762,NA,NA,NA,42.4584
202,1.92418,101,162,"2026-06-28_GHBLQ",1.42097933896041,207,58,74,79,25,24,343,339,198,197,56,63,122,125,170,42.961331067,-79.240963813,-1.88769,NA,NA,NA,42.2244
203,1.93594,101,162,"2026-06-28_GHBLQ",1.40421827168815,274,54,76.5,65,28.5,22,338,340,200,217,56,68,124,132,170,42.961320254,-79.240819895,-1.71777,NA,NA,NA,42.7284
204,1.94766,101,162,"2026-06-28_GHBLQ",1.40315429084582,194,40,68.5,67,25,22,335,340,195,219,58,68,124,132,169.6,42.961307263,-79.240675643,-2.05906,NA,NA,NA,42.7608
205,1.95971,102,162,"2026-06-28_GHBLQ",1.41314792832514,210,53,72,66,25,21,335,339,193,204,58,65,122,127,169.4,42.961294522,-79.240528792,-1.87962,NA,NA,NA,42.4584
206,1.97177,102,162,"2026-06-28_GHBLQ",1.39985441514083,248,52,76,73,25,24,339,339,195,204,60,65,127,127,169,42.961280524,-79.240381438,-2.03798,NA,NA,NA,42.8616
207,1.98394,103,162,"2026-06-28_GHBLQ",1.40646976090014,229,53,76,73,25,24,330,338,197,198,55,59,122,124,168.2,42.96126837,-79.240235258,-2.18251,NA,NA,NA,42.66
208,1.99608,102,162,"2026-06-28_GHBLQ",1.39330100874993,187,53,70,70.5,23,22.5,330,336,197,198,55,58,122,122,167.8,42.961256301,-79.240089161,-2.16866,NA,NA,NA,43.0632
209,2.00792,103,162,"2026-06-28_GHBLQ",1.38680867587508,234,53,72.5,63.5,23,21,332,336,198,198,55,59,122,122,167.2,42.96124356,-79.239945495,-2.33441,NA,NA,NA,43.2648
210,2.01955,103,162,"2026-06-28_GHBLQ",1.38680867587508,209,43,83,77,28.5,23.5,343,342,198,198,55,62,122,125,166.8,42.961229059,-79.239802919,-2.67834,NA,NA,NA,43.2648
211,2.03161,103,162,"2026-06-28_GHBLQ",1.37083950211109,259,53,75,71.5,26.5,24.5,329,339,197,214,59,63,128,132,166.4,42.96121481,-79.239655733,-3.17823,NA,NA,NA,43.7688
212,2.04367,104,162,"2026-06-28_GHBLQ",1.38358514582987,202,52,75,65,25,21.5,335,339,198,214,62,63,128,132,166.2,42.96119922,-79.239509049,-3.174,NA,NA,NA,43.3656
213,2.05602,104,161,"2026-06-28_GHBLQ",1.36455433655368,228,45,75,65,25,21.5,338,338,200,210,62,65,129,131,166,42.961184049,-79.239358594,-3.33594,NA,NA,NA,43.9704
214,2.06834,104,161,"2026-06-28_GHBLQ",1.3803765667274,176,52,75.5,73,26,22.5,338,339,200,204,62,65,129,128,165.8,42.961168291,-79.239210151,-3.15698,NA,NA,NA,43.4664
215,2.08065,104,160,"2026-06-28_GHBLQ",1.37083950211109,196,52,65,73,21.5,22.5,338,343,198,200,56,63,125,122,165.6,42.961154377,-79.239060869,-3.15348,NA,NA,NA,43.7688
216,2.09274,104,160,"2026-06-28_GHBLQ",1.38140627158447,223,47,74,62.5,25.5,19,345,343,198,200,56,63,125,122,165.6,42.961141552,-79.238914353,-2.8218,NA,NA,NA,43.434
217,2.1048,104,160,"2026-06-28_GHBLQ",1.36870055569243,223,47,74.5,62,24,18.5,345,347,203,201,58,66,127,129,165.6,42.961126633,-79.238767586,-2.16445,NA,NA,NA,43.8372
218,2.11677,104,159,"2026-06-28_GHBLQ",1.37934839581782,201,57,71,95.5,24.5,29,343,340,203,201,56,73,121,135,165,42.96111297,-79.23862149,-2.33621,NA,NA,NA,43.4988
219,2.12906,104,159,"2026-06-28_GHBLQ",1.36768969856119,267,48,79.5,62,27,19,338,340,201,201,53,73,120,135,164.4,42.961098134,-79.238472543,-2.31766,NA,NA,NA,43.8696
220,2.14122,105,159,"2026-06-28_GHBLQ",1.37083950211109,305,43,79.5,62,27,19,329,340,200,201,48,73,117,136,163.8,42.961083047,-79.238325022,-2.46714,NA,NA,NA,43.7688
221,2.15338,105,159,"2026-06-28_GHBLQ",1.35932360057635,205,56,78,71.5,26,21.5,329,338,200,219,48,62,117,129,163.6,42.961068378,-79.238176159,-2.29994,NA,NA,NA,44.1396
222,2.16583,105,159,"2026-06-28_GHBLQ",1.36043316191875,208,56,69.5,69.5,21.5,20.5,338,343,200,207,55,65,121,129,163.4,42.9610548,-79.238025201,-2.29474,NA,NA,NA,44.1036
223,2.17814,105,158,"2026-06-28_GHBLQ",1.36556056261095,196,53,69.5,61,22.5,18.5,343,343,200,198,55,66,121,125,163.4,42.961042143,-79.237875584,-2.1328,NA,NA,NA,43.938
224,2.19033,105,159,"2026-06-28_GHBLQ",1.36768969856119,235,53,82,61,29,18.5,342,343,203,198,55,65,122,122,163.4,42.96102672,-79.237727141,-1.97046,NA,NA,NA,43.8696
225,2.2027,104,158,"2026-06-28_GHBLQ",1.36455433655368,186,51,64.5,85.5,19.5,25.5,329,339,203,203,53,63,121,124,163.6,42.961011214,-79.237577021,-1.64631,NA,NA,NA,43.9704
226,2.21501,104,158,"2026-06-28_GHBLQ",1.36982548423331,184,54,67,53,22,15,339,338,200,197,55,66,122,127,163.6,42.960996378,-79.237427571,-1.64631,NA,NA,NA,43.8012
227,2.22735,104,158,"2026-06-28_GHBLQ",1.36668033347,175,54,60.5,52.5,19.5,14.5,346,342,201,195,59,66,127,124,163.4,42.960984475,-79.237277535,-1.80839,NA,NA,NA,43.902
228,2.23953,105,159,"2026-06-28_GHBLQ",1.37298514430074,183,59,60.5,52.5,19.5,14.5,346,342,201,195,59,66,127,124,163.6,42.960970645,-79.237129259,-1.14293,NA,NA,NA,43.7004
229,2.25194,105,159,"2026-06-28_GHBLQ",1.35733094443087,218,49,58,49,16,14.5,354,349,201,198,59,65,122,121,163.8,42.960953295,-79.236978804,-0.493566,NA,NA,NA,44.2044
230,2.26442,102,158,"2026-06-28_GHBLQ",1.34909071285953,235,57,75,60,23.5,18,357,353,203,200,63,63,122,121,163.6,42.960938207,-79.236827762,-0.160402,NA,NA,NA,44.4744
231,2.27686,99,158,"2026-06-28_GHBLQ",1.34408602150538,263,57,90,87,32.5,33,357,354,203,207,63,68,122,127,163.4,42.960925467,-79.236677223,-0.1567,NA,NA,NA,44.64
232,2.28934,100,158,"2026-06-28_GHBLQ",1.32611924464248,219,52,63.5,70,19.5,21.5,340,349,203,219,60,70,122,134,163.2,42.9609139,-79.236525343,-0.156314,NA,NA,NA,45.2448
233,2.30162,100,159,"2026-06-28_GHBLQ",1.33003484691299,194,53,66.5,60.5,20.5,16,340,343,198,205,56,69,121,129,162.6,42.960898561,-79.23637514,-0.644913,NA,NA,NA,45.1116
234,2.31412,100,159,"2026-06-28_GHBLQ",1.33696989143804,222,51,68,60.5,22,16,343,347,198,200,56,68,122,127,162,42.960881546,-79.236224182,-1.12491,NA,NA,NA,44.8776
235,2.32671,100,159,"2026-06-28_GHBLQ",1.31825252445358,246,51,73,64,25,17.5,345,347,200,200,59,68,125,127,161.6,42.960864866,-79.23607096,-1.60431,NA,NA,NA,45.5148
236,2.33921,100,159,"2026-06-28_GHBLQ",1.32506492818148,209,49,73,64,25,17.5,339,350,198,197,62,68,129,125,161,42.960846174,-79.235918996,-2.08431,NA,NA,NA,45.2808
237,2.35174,100,159,"2026-06-28_GHBLQ",1.34202968569665,175,56,69,91.5,21,28,339,349,198,217,62,70,129,134,160.8,42.960827482,-79.235767368,-2.08185,NA,NA,NA,44.7084
238,2.36454,99,159,"2026-06-28_GHBLQ",1.33397364068086,221,56,69,91.5,21,28,343,347,197,211,63,72,129,135,160.2,42.960811389,-79.235613644,-2.7148,NA,NA,NA,44.9784
239,2.37697,99,159,"2026-06-28_GHBLQ",1.33504218733312,271,54,79,59,29,17.5,345,349,197,204,60,72,127,132,159.8,42.960797391,-79.235462686,-3.19777,NA,NA,NA,44.9424
240,2.38931,99,159,"2026-06-28_GHBLQ",1.35314335200671,171,50,65.5,93,21,28.5,332,347,200,215,63,70,131,134,159.4,42.960784986,-79.235313153,-3.36166,NA,NA,NA,44.3412
241,2.40159,99,160,"2026-06-28_GHBLQ",1.33600534402138,210,57,65.5,93,21,28.5,339,346,201,205,62,66,128,132,159,42.960772749,-79.235162697,-3.52662,NA,NA,NA,44.91
242,2.41394,99,159,"2026-06-28_GHBLQ",1.33205456095482,269,51,85.5,68,27.5,20,342,346,198,205,62,66,128,132,158.6,42.960762606,-79.235011069,-3.69025,NA,NA,NA,45.0432
243,2.42646,100,159,"2026-06-28_GHBLQ",1.33901073886613,231,56,85.5,68,27.5,20,342,345,198,204,62,63,128,128,158.4,42.96074777,-79.234859189,-3.36139,NA,NA,NA,44.8092
244,2.4391,99,159,"2026-06-28_GHBLQ",1.33003484691299,192,54,71.5,69,24,20.5,342,345,198,215,62,65,128,131,158,42.960732515,-79.234706303,-3.19785,NA,NA,NA,45.1116
245,2.45153,99,159,"2026-06-28_GHBLQ",1.33504218733312,228,48,70.5,62,23,18,326,345,198,212,60,69,127,135,157.6,42.960718099,-79.234555512,-3.20194,NA,NA,NA,44.9424
246,2.46384,99,159,"2026-06-28_GHBLQ",1.3430029546065,301,54,81.5,68.5,27.5,21.5,332,346,198,203,59,65,125,131,157.4,42.960703765,-79.234405476,-2.88441,NA,NA,NA,44.676
247,2.47634,100,159,"2026-06-28_GHBLQ",1.3270695649866,297,54,78.5,82,27.5,27.5,325,345,203,208,63,62,129,129,157.2,42.960689432,-79.234253009,-2.88479,NA,NA,NA,45.2124
248,2.48888,100,159,"2026-06-28_GHBLQ",1.33003484691299,247,52,69,74.5,22.5,23.5,318,342,201,219,65,66,131,132,156.8,42.960673172,-79.234100794,-2.73502,NA,NA,NA,45.1116
249,2.50127,99,159,"2026-06-28_GHBLQ",1.35424284282658,251,49,73.5,74.5,23.5,23.5,336,342,200,219,60,66,127,132,156.6,42.960657916,-79.233950842,-2.57464,NA,NA,NA,44.3052
250,2.5136,99,159,"2026-06-28_GHBLQ",1.35314335200671,254,49,73.5,74.5,23.5,23.5,342,345,200,205,60,68,127,129,156.4,42.960643332,-79.233800638,-2.4127,NA,NA,NA,44.3412
251,2.52593,98,159,"2026-06-28_GHBLQ",1.35523391337345,323,50,80,74,27.5,22.5,342,350,200,201,60,66,127,128,156.2,42.960629837,-79.233650015,-2.24917,NA,NA,NA,44.2728
252,2.53823,97,159,"2026-06-28_GHBLQ",1.3750240629211,331,51,85,74,28,22.5,339,345,200,200,60,59,127,124,156,42.960613492,-79.233501488,-2.08789,NA,NA,NA,43.6356
253,2.55038,97,159,"2026-06-28_GHBLQ",1.38358514582987,347,56,87,76.5,28.5,24.5,333,343,201,200,62,58,127,122,155.8,42.960599914,-79.233353966,-2.09275,NA,NA,NA,43.3656
254,2.56261,96,159,"2026-06-28_GHBLQ",1.38140627158447,373,49,88.5,81.5,29,26,329,328,203,205,63,62,128,125,155.8,42.960585916,-79.233206445,-1.77629,NA,NA,NA,43.434
255,2.57443,96,159,"2026-06-28_GHBLQ",1.37934839581782,331,49,88.5,81.5,27.5,26,322,328,205,207,65,62,129,127,155.8,42.960571834,-79.233061522,-1.45449,NA,NA,NA,43.4988
256,2.5863,95,159,"2026-06-28_GHBLQ",1.40209192114635,281,48,80,86.5,23,29,319,338,203,205,63,59,128,122,155.6,42.960559681,-79.232916347,-1.46051,NA,NA,NA,42.7932
257,2.59827,94,159,"2026-06-28_GHBLQ",1.4290205493155,231,54,87.5,86.5,31.5,29,326,338,205,205,65,59,129,122,155.8,42.960547108,-79.232772095,-1.13343,NA,NA,NA,41.9868
258,2.61004,93,159,"2026-06-28_GHBLQ",1.42669634195058,299,52,87.5,86.5,31.5,29,326,342,205,205,65,62,129,125,155.8,42.960532942,-79.232629938,-0.814451,NA,NA,NA,42.0552
259,2.62135,93,159,"2026-06-28_GHBLQ",1.44287651862754,314,43,91.5,72,33.5,22.5,326,343,205,229,65,72,129,136,155.6,42.960517603,-79.23249172,-0.829865,NA,NA,NA,41.5836
260,2.63279,96,159,"2026-06-28_GHBLQ",1.44751317236987,217,43,91.5,72,33.5,22.5,293,343,203,229,63,72,134,136,155.8,42.96050327,-79.232351491,-0.492834,NA,NA,NA,41.4504
261,2.64453,96,159,"2026-06-28_GHBLQ",1.44751317236987,329,43,91.5,72,33.5,22.5,293,343,203,229,63,72,134,136,155.8,42.960488937,-79.232209501,-0.330628,NA,NA,NA,41.4504
262,2.65603,98,159,"2026-06-28_GHBLQ",1.46417171805909,329,43,0,0,0,0,315,343,203,229,58,72,125,136,155.6,42.960476113,-79.232070278,-0.341939,NA,NA,NA,40.9788
263,2.66739,97,159,"2026-06-28_GHBLQ",1.4750567896864,322,43,83.5,82,27.5,25.5,329,343,203,229,56,72,122,136,155.4,42.960463205,-79.231932228,-0.353386,NA,NA,NA,40.6764
264,2.67875,97,159,"2026-06-28_GHBLQ",1.47872120190459,281,43,93,78,31,24.5,329,343,204,210,58,66,122,131,155.6,42.96045147,-79.231794849,-0.17733,NA,NA,NA,40.5756
265,2.68995,96,158,"2026-06-28_GHBLQ",1.47258055015609,279,51,78.5,75,26,22.5,323,342,205,203,60,62,124,127,155.6,42.960440155,-79.231657721,-0.17733,NA,NA,NA,40.7448
266,2.70104,96,158,"2026-06-28_GHBLQ",1.49718529165169,281,51,78.5,75,26,22.5,323,342,205,203,60,62,124,127,155.4,42.960428755,-79.231522856,-0.189181,NA,NA,NA,40.0752
267,2.71207,103,159,"2026-06-28_GHBLQ",1.53059662656504,217,50,57,77,19.5,24,323,345,205,200,60,60,124,124,155.8,42.960420038,-79.231388326,0,NA,NA,NA,39.2004
268,2.72314,106,159,"2026-06-28_GHBLQ",1.50611482619435,321,49,79,66.5,24.5,20,350,347,207,198,70,63,134,124,155.6,42.960416434,-79.231252623,-0.174286,NA,NA,NA,39.8376
269,2.73401,106,159,"2026-06-28_GHBLQ",1.5188796743522,328,49,81.5,76,23.5,21.5,340,345,200,200,58,65,118,122,155.6,42.960412662,-79.231119016,0,NA,NA,NA,39.5028
270,2.74498,106,159,"2026-06-28_GHBLQ",1.52276534186082,267,52,80.5,76,24.5,21.5,340,339,200,201,58,66,118,124,155.6,42.96040998,-79.230984738,-0.172277,NA,NA,NA,39.402
271,2.75581,105,159,"2026-06-28_GHBLQ",1.53850887719622,226,45,84.5,71.5,27.5,22,326,339,195,201,46,66,111,127,155.6,42.960406208,-79.230851968,-0.172277,NA,NA,NA,38.9988
272,2.76661,105,159,"2026-06-28_GHBLQ",1.55327741534638,230,51,96,71.5,30,22,326,342,200,203,48,68,114,128,155.4,42.960405118,-79.230720121,-0.183549,NA,NA,NA,38.628
273,2.77741,104,159,"2026-06-28_GHBLQ",1.55053183241852,210,53,69.5,81.5,22,24.5,326,342,200,203,48,68,114,128,155.4,42.960403442,-79.230588022,0,NA,NA,NA,38.6964
274,2.78803,104,159,"2026-06-28_GHBLQ",1.55327741534638,216,45,69.5,81.5,22,24.5,325,345,205,212,58,77,127,143,155.6,42.960401514,-79.230456343,0,NA,NA,NA,38.628
275,2.79855,103,159,"2026-06-28_GHBLQ",1.56966158096314,251,45,58.5,69,19,21,325,342,205,201,58,72,127,134,156,42.960401179,-79.230327345,0.385003,NA,NA,NA,38.2248
276,2.80917,103,159,"2026-06-28_GHBLQ",1.56685782332111,317,45,67,68,22,18,340,333,195,188,53,56,121,115,155.8,42.960395731,-79.230197258,0.377022,NA,NA,NA,38.2932
277,2.81988,104,159,"2026-06-28_GHBLQ",1.57798396768289,302,46,91.5,68,33.5,18,340,335,195,211,53,58,121,121,155.8,42.960390785,-79.230067171,0.0143745,NA,NA,NA,38.0232
278,2.8306,104,159,"2026-06-28_GHBLQ",1.55588747821758,322,48,93,84.5,33.5,27,335,335,203,219,52,63,120,129,155.8,42.960387097,-79.22993591,0.195043,NA,NA,NA,38.5632
279,2.84093,104,159,"2026-06-28_GHBLQ",1.67403240926744,260,43,93,84.5,33.5,27,305,329,203,245,59,68,128,142,155.4,42.960382403,-79.229809511,-0.192179,NA,NA,NA,35.8416
280,2.85095,104,159,"2026-06-28_GHBLQ",1.70433241299383,209,53,64.5,74.5,20.5,23,318,329,200,245,59,68,127,142,155.4,42.960374105,-79.229687219,-0.192179,NA,NA,NA,35.2044
281,2.8608,103,159,"2026-06-28_GHBLQ",1.70433241299383,200,53,64.5,74.5,20.5,23,318,329,200,238,59,69,127,142,155.4,42.96036455,-79.22956719,-0.192179,NA,NA,NA,35.2044
282,2.87025,103,159,"2026-06-28_GHBLQ",1.72087420409568,258,53,64,60.5,19.5,18.5,339,339,197,211,52,68,120,132,155.4,42.96035818,-79.229451688,0,NA,NA,NA,34.866
283,2.88039,102,159,"2026-06-28_GHBLQ",1.69946636756059,244,50,70.5,69.5,22.5,20.5,338,342,198,197,53,62,121,122,155.4,42.960350468,-79.229327719,0,NA,NA,NA,35.3052
284,2.89131,102,160,"2026-06-28_GHBLQ",1.56553322061494,259,53,77.5,71.5,25,21.5,335,342,198,198,55,65,122,125,155.6,42.960345355,-79.229193944,-0.0121673,NA,NA,NA,38.3256
285,2.90385,102,160,"2026-06-28_GHBLQ",1.37718283479315,243,53,77.5,71.5,28,21.5,335,342,198,201,55,65,122,127,155.6,42.960338901,-79.229040471,-0.392395,NA,NA,NA,43.5672
286,2.91645,102,160,"2026-06-28_GHBLQ",1.35832654170062,282,45,83.5,74.5,28.5,24,321,342,204,201,62,65,135,127,155.6,42.960337057,-79.228886077,-0.204072,NA,NA,NA,44.172
287,2.92864,102,160,"2026-06-28_GHBLQ",1.34603995046573,254,46,72,76.5,23,22.5,321,333,204,225,62,58,135,125,155.6,42.96033865,-79.228736376,-0.204072,NA,NA,NA,44.5752
288,2.94083,102,160,"2026-06-28_GHBLQ",1.3380432455577,259,47,72,76.5,23,22.5,309,333,204,225,62,58,132,125,155.8,42.960334543,-79.228587346,-0.0400026,NA,NA,NA,44.8416
289,2.94083,102,160,"2026-06-28_GHBLQ",NA,284,52,79.5,64.5,25,18,323,339,201,203,63,63,129,127,155.6,0,0,0.511288,NA,NA,NA,0
290,2.94083,101,160,"2026-06-28_GHBLQ",NA,235,61,87.5,64.5,28.5,18,330,338,201,198,56,63,122,127,155.6,0,0,0.675357,NA,NA,NA,0
291,2.94083,101,161,"2026-06-28_GHBLQ",NA,301,56,71,90,23.5,27.5,323,338,200,198,53,63,120,127,155.6,0,0,0.839426,NA,NA,NA,0
292,2.94083,101,161,"2026-06-28_GHBLQ",NA,278,56,85,75,29,22.5,322,333,203,200,55,63,122,127,155.6,0,0,1.00349,NA,NA,NA,0
293,2.94083,101,161,"2026-06-28_GHBLQ",NA,243,46,79.5,76,27.5,25.5,312,339,204,219,58,60,124,129,155.6,0,0,1.16756,NA,NA,NA,0
294,2.94083,100,161,"2026-06-28_GHBLQ",NA,233,58,75,85.5,24,28,314,333,201,212,56,68,124,132,155.6,0,0,1.14848,NA,NA,NA,0
295,2.94083,100,161,"2026-06-28_GHBLQ",NA,310,47,75,85.5,24,28,314,333,201,212,56,68,124,132,155.6,0,0,1.31255,NA,NA,NA,0
296,2.94083,100,161,"2026-06-28_GHBLQ",NA,227,55,100,68,40,21.5,322,338,200,207,58,66,124,131,155.6,0,0,1.47662,NA,NA,NA,0
297,2.94083,100,161,"2026-06-28_GHBLQ",NA,245,48,100,97,34,36,322,338,200,222,58,69,124,138,155.6,0,0,1.64069,NA,NA,NA,0
298,2.94083,99,161,"2026-06-28_GHBLQ",NA,170,53,67,85.5,22,25.5,322,333,200,224,58,83,124,150,155.8,0,0,1.64069,NA,NA,NA,0
299,2.94083,98,161,"2026-06-28_GHBLQ",NA,224,53,69.5,62,22,20.5,338,340,200,205,58,69,122,134,155.8,0,0,1.64069,NA,NA,NA,0
300,2.94083,98,161,"2026-06-28_GHBLQ",NA,232,51,71.5,66.5,24.5,21,345,343,197,201,58,63,124,128,155.8,0,0,1.64069,NA,NA,NA,0
301,2.94083,98,161,"2026-06-28_GHBLQ",NA,275,52,77,74,26,24.5,338,345,197,198,56,59,121,124,156,0,0,1.64069,NA,NA,NA,0
302,2.94083,98,161,"2026-06-28_GHBLQ",NA,256,55,78.5,70,26.5,22,333,345,198,198,55,59,120,124,156.2,0,0,1.64069,NA,NA,NA,0
303,2.94083,98,161,"2026-06-28_GHBLQ",NA,283,48,81,70,28.5,22,333,342,198,198,55,56,120,121,156.2,0,0,1.64069,NA,NA,NA,0
304,2.94083,97,161,"2026-06-28_GHBLQ",NA,262,49,81,70,28.5,22,333,340,200,201,56,56,121,121,156.2,0,0,1.64069,NA,NA,NA,0
305,2.94083,97,161,"2026-06-28_GHBLQ",NA,249,52,80,84,26.5,26,323,340,198,228,62,65,127,129,156.4,0,0,1.64069,NA,NA,NA,0
306,2.94083,97,161,"2026-06-28_GHBLQ",NA,261,52,82.5,69,28,21.5,326,340,197,218,59,63,124,128,156.4,0,0,1.64069,NA,NA,NA,0
307,2.94083,97,161,"2026-06-28_GHBLQ",NA,269,50,90.5,77.5,29.5,25.5,328,342,198,211,59,62,122,127,156.4,0,0,1.64069,NA,NA,NA,0
308,2.94083,97,161,"2026-06-28_GHBLQ",NA,292,54,82.5,96,28.5,35,314,338,203,224,66,68,134,135,156.6,0,0,1.64069,NA,NA,NA,0
309,2.94083,96,161,"2026-06-28_GHBLQ",NA,294,46,83.5,96,27,35,300,338,203,224,65,68,132,135,156.6,0,0,1.64069,NA,NA,NA,0
310,2.94083,97,161,"2026-06-28_GHBLQ",NA,265,50,77.5,81.5,26,27,300,336,203,219,65,68,132,135,156.6,0,0,1.64069,NA,NA,NA,0
311,3.16524,96,161,"2026-06-28_GHBLQ",1.87244878852563,284,50,77.5,81.5,26,27,319,339,201,205,58,63,124,128,156.6,42.960376704,-79.225836238,1.47662,NA,NA,NA,32.0436
312,3.17927,98,161,"2026-06-28_GHBLQ",1.62983245322381,169,51,95,74,33,24.5,323,340,204,203,62,60,127,125,156.8,42.960357258,-79.22566357,1.4551,NA,NA,NA,36.8136
313,3.18985,107,161,"2026-06-28_GHBLQ",1.66168162180126,301,54,91,86,32.5,28,332,343,211,204,72,60,139,125,156.8,42.960351055,-79.225534824,1.29103,NA,NA,NA,36.108
314,3.20039,107,161,"2026-06-28_GHBLQ",1.67554706611709,315,54,80.5,75,26.5,22,339,343,205,204,62,60,129,125,156.8,42.960347283,-79.225407419,1.12697,NA,NA,NA,35.8092
315,3.21056,107,161,"2026-06-28_GHBLQ",1.69307869429771,249,45,80.5,75,26.5,22,339,333,205,203,62,62,129,120,156.8,42.960338817,-79.225282361,0.962896,NA,NA,NA,35.4384
316,3.22064,106,161,"2026-06-28_GHBLQ",1.71750480901347,250,58,86,82.5,31.5,23.5,335,335,201,205,56,62,122,121,156.8,42.960328256,-79.225160824,0.798827,NA,NA,NA,34.9344
317,3.23052,106,161,"2026-06-28_GHBLQ",1.69790817712578,292,40,86,82.5,31.5,23.5,330,338,204,207,53,62,121,121,156.8,42.960319371,-79.225040208,0.634758,NA,NA,NA,35.3376
318,3.24055,106,161,"2026-06-28_GHBLQ",1.71098107654929,306,49,91,99,30,31.5,318,338,203,207,49,62,120,124,156.8,42.960313504,-79.224918838,0.470689,NA,NA,NA,35.0676
319,3.25015,105,161,"2026-06-28_GHBLQ",1.72586379482931,258,57,80,80,28,24.5,307,335,205,221,48,59,118,125,156.8,42.960309816,-79.224801156,0.306621,NA,NA,NA,34.7652
320,3.25968,104,161,"2026-06-28_GHBLQ",1.73593028503975,216,48,72.5,93,22.5,28,305,328,218,212,48,68,121,129,156.8,42.960301853,-79.224684313,0.142552,NA,NA,NA,34.5636
321,3.26935,103,160,"2026-06-28_GHBLQ",1.74941394632798,244,48,71.5,67,21.5,20,325,333,208,207,48,69,118,131,157,42.96029498,-79.22456596,0.349377,NA,NA,NA,34.2972
322,3.27895,103,160,"2026-06-28_GHBLQ",1.7773985994099,266,51,74.5,65,22.5,19.5,339,339,204,203,53,68,122,132,157,42.960290202,-79.224448613,0.206825,NA,NA,NA,33.7572
323,3.2884,102,160,"2026-06-28_GHBLQ",1.77550513120983,241,45,90,63,30.5,18,339,339,204,203,53,68,122,132,157,42.960288023,-79.224332859,0.206825,NA,NA,NA,33.7932
324,3.29776,102,160,"2026-06-28_GHBLQ",1.81336815000181,258,54,90,63,30.5,18,338,339,208,204,58,63,125,131,157.2,42.960287353,-79.224219788,0.4205,NA,NA,NA,33.0876
325,3.30706,102,159,"2026-06-28_GHBLQ",1.75290983031833,279,52,72,86.5,24,28,319,336,203,218,60,69,128,136,157.2,42.96028752,-79.224105291,0.4205,NA,NA,NA,34.2288
326,3.31608,102,159,"2026-06-28_GHBLQ",1.78980526918671,318,54,78.5,74,26.5,22.5,325,340,200,210,58,66,124,129,157.2,42.960288442,-79.223993979,0.4205,NA,NA,NA,33.5232
327,3.32526,101,159,"2026-06-28_GHBLQ",1.79346461494315,287,49,88.5,78,31,24,321,340,208,215,56,63,124,131,157.4,42.960289113,-79.223880572,0.638365,NA,NA,NA,33.4548
328,3.33465,101,159,"2026-06-28_GHBLQ",1.78081703885743,269,49,79,97,24.5,33,293,330,200,242,60,66,128,135,157.4,42.96029146,-79.223765237,0.638365,NA,NA,NA,33.6924
329,3.34397,101,160,"2026-06-28_GHBLQ",1.81534328141452,233,55,74,97,24.5,33,314,333,195,222,56,70,122,138,157.6,42.960295567,-79.223651159,0.852958,NA,NA,NA,33.0516
330,3.35317,99,160,"2026-06-28_GHBLQ",1.84713140492815,244,55,82,63,26.5,19,338,333,197,222,56,70,122,138,157.8,42.960301015,-79.223539093,1.07035,NA,NA,NA,32.4828
331,3.3625,99,160,"2026-06-28_GHBLQ",1.82089660949051,337,56,81,63,27,19,338,338,197,208,56,69,122,134,157.8,42.960309481,-79.223425937,0.863524,NA,NA,NA,32.9508
332,3.37118,99,160,"2026-06-28_GHBLQ",1.87624301099478,219,52,57,70.5,20,21.5,330,345,195,198,55,62,120,125,158,42.960316102,-79.223319487,1.09394,NA,NA,NA,31.9788
333,3.37978,106,160,"2026-06-28_GHBLQ",1.91438854429895,217,58,57,70.5,20,21.5,332,345,195,204,52,62,118,125,158.2,42.96032549,-79.223214043,1.3265,NA,NA,NA,31.3416
334,3.38848,104,160,"2026-06-28_GHBLQ",1.92678227360308,276,43,76.5,61.5,25.5,19,333,346,201,208,51,63,120,125,158.4,42.960333369,-79.22310776,1.34271,NA,NA,NA,31.14
335,3.39704,102,160,"2026-06-28_GHBLQ",1.96078431372549,282,43,74,98.5,26,36,319,329,205,226,55,63,122,129,158.6,42.960341164,-79.223002903,1.57635,NA,NA,NA,30.6
336,3.40564,101,160,"2026-06-28_GHBLQ",1.98459950781932,240,40,76,98,25.5,33.5,322,321,201,226,58,65,125,131,158.6,42.960351558,-79.2228988,1.57635,NA,NA,NA,30.2328
337,3.41387,99,161,"2026-06-28_GHBLQ",2.06270627062706,291,52,76,98,25.5,33.5,335,321,201,226,53,65,120,131,159,42.960360443,-79.222798971,1.84451,NA,NA,NA,29.088
338,3.42222,98,160,"2026-06-28_GHBLQ",2.04148293320268,334,52,88.5,78.5,30,23.5,335,332,201,208,53,59,120,125,159.6,42.960370082,-79.222697634,2.56308,NA,NA,NA,29.3904
339,3.43032,98,160,"2026-06-28_GHBLQ",2.03898540086453,281,46,78.5,95.5,26,32,322,336,203,204,59,53,125,120,160,42.960381984,-79.222599147,2.84231,NA,NA,NA,29.4264
340,3.43847,97,160,"2026-06-28_GHBLQ",2.05786722640655,285,49,78.5,95.5,26,32,314,333,201,205,60,55,127,120,160.2,42.960390953,-79.222499989,2.87032,NA,NA,NA,29.1564
341,3.4466,97,160,"2026-06-28_GHBLQ",2.08672426025625,278,47,78.5,95.5,26,32,318,332,198,201,60,55,125,120,160.4,42.960399754,-79.222401334,3.11632,NA,NA,NA,28.7532
342,3.45467,96,160,"2026-06-28_GHBLQ",2.10890379180902,320,51,79,76,25.5,22,323,335,197,197,60,56,125,121,160.8,42.960409561,-79.222304271,3.38157,NA,NA,NA,28.4508
343,3.46242,97,160,"2026-06-28_GHBLQ",2.11398613225097,244,51,79.5,78,27.5,23.5,323,335,197,201,59,58,122,121,160.8,42.960419284,-79.222209891,3.14901,NA,NA,NA,28.3824
344,3.4701,102,161,"2026-06-28_GHBLQ",2.14693632186869,244,48,83.5,77.5,30.5,28,325,335,198,201,53,58,118,121,161,42.960429342,-79.222116517,3.17954,NA,NA,NA,27.9468
345,3.47772,101,161,"2026-06-28_GHBLQ",2.18636582272946,334,52,84,77.5,34,28,325,343,198,211,53,66,118,132,161.4,42.960439316,-79.222024399,3.47083,NA,NA,NA,27.4428
346,3.4853,100,161,"2026-06-28_GHBLQ",2.17296827466319,268,51,82,77.5,29.5,28,319,339,200,224,56,59,125,129,161.6,42.960448117,-79.221931444,3.73468,NA,NA,NA,27.612
347,3.493,100,161,"2026-06-28_GHBLQ",2.1996392591615,298,47,82,77.5,29.5,28,315,322,200,214,56,46,125,115,161.6,42.960456918,-79.221838656,3.24866,NA,NA,NA,27.2772
348,3.50039,99,161,"2026-06-28_GHBLQ",2.22162978761219,301,57,81.5,79.5,29,25.5,314,322,200,215,52,45,122,114,161.8,42.960465971,-79.221748551,2.80073,NA,NA,NA,27.0072
349,3.50787,99,161,"2026-06-28_GHBLQ",2.2025461433417,268,44,81.5,79.5,29,25.5,302,326,201,219,52,51,122,118,162,42.960477286,-79.22165744,2.57428,NA,NA,NA,27.2412
350,3.51542,99,161,"2026-06-28_GHBLQ",2.22727070248118,343,56,95,99,34,39.5,295,323,203,229,59,55,129,125,162.2,42.960487345,-79.221565826,2.59379,NA,NA,NA,26.9388
351,3.52296,99,161,"2026-06-28_GHBLQ",2.25255665179979,311,56,80,93,24.5,27.5,297,323,204,229,59,55,127,125,162.4,42.960496062,-79.221474798,2.61303,NA,NA,NA,26.6364
352,3.53058,99,161,"2026-06-28_GHBLQ",2.1996392591615,325,50,79.5,80,24,25,297,323,204,229,59,55,127,125,162.8,42.96050612,-79.221382429,2.64231,NA,NA,NA,27.2772
353,3.53809,99,161,"2026-06-28_GHBLQ",2.2025461433417,355,50,89.5,80,28.5,25,328,325,200,207,55,60,120,127,163,42.960515843,-79.221290899,2.90862,NA,NA,NA,27.2412
354,3.54557,98,161,"2026-06-28_GHBLQ",2.25804994806485,298,45,89.5,80,28.5,25,325,330,198,201,55,58,121,124,163.4,42.960528081,-79.221201045,3.18296,NA,NA,NA,26.5716
355,3.55302,98,161,"2026-06-28_GHBLQ",2.23264121455682,311,50,83.5,100,29,37.5,311,330,195,201,56,58,122,124,163.6,42.960537888,-79.221110101,2.92648,NA,NA,NA,26.874
356,3.5606,98,161,"2026-06-28_GHBLQ",2.21601737357621,311,46,82,85.5,28.5,26.5,318,333,195,198,52,56,118,122,163.8,42.960548365,-79.221018068,2.92648,NA,NA,NA,27.0756
357,3.56816,98,161,"2026-06-28_GHBLQ",2.24104701716642,338,52,82,97.5,25.5,33,315,323,198,197,52,55,117,120,164,42.960557585,-79.220926538,3.19103,NA,NA,NA,26.7732
358,3.57582,98,161,"2026-06-28_GHBLQ",2.24104701716642,325,39,84,80.5,31.5,26.5,315,323,198,197,52,55,117,120,164,42.960568649,-79.220835091,2.9204,NA,NA,NA,26.7732
359,3.58322,98,160,"2026-06-28_GHBLQ",2.21601737357621,317,39,84,80.5,31.5,26.5,315,323,198,197,52,55,117,120,163.8,42.960579378,-79.220745153,2.38275,NA,NA,NA,27.0756
360,3.59051,98,160,"2026-06-28_GHBLQ",2.24104701716642,279,46,84,80.5,31.5,26.5,290,323,201,197,56,55,127,120,163.8,42.960589855,-79.220656054,2.11785,NA,NA,NA,26.7732
361,3.59805,98,160,"2026-06-28_GHBLQ",2.26973534885832,279,46,0,0,0,0,290,323,201,197,56,55,127,120,164,42.960598992,-79.220565781,2.11785,NA,NA,NA,26.4348
362,3.60533,97,160,"2026-06-28_GHBLQ",2.2666485334784,347,46,0,0,0,0,295,321,187,238,44,59,110,124,164,42.960608463,-79.220477268,1.59291,NA,NA,NA,26.4708
363,3.6128,98,160,"2026-06-28_GHBLQ",2.2242982339072,310,54,93.5,91,34,29.5,307,328,198,218,51,58,117,122,164.2,42.960618773,-79.220386576,1.59434,NA,NA,NA,26.9748
364,3.62011,97,160,"2026-06-28_GHBLQ",2.26111337222448,297,43,93.5,91,34,29.5,307,329,198,225,51,59,117,128,164.4,42.960630005,-79.220298063,1.33318,NA,NA,NA,26.5356
365,3.62745,97,161,"2026-06-28_GHBLQ",2.28717807968528,295,52,82.5,99.5,26.5,35.5,305,323,201,228,53,59,121,127,164.4,42.960640063,-79.220209298,1.06472,NA,NA,NA,26.2332
366,3.63461,96,161,"2026-06-28_GHBLQ",2.32579774862778,295,52,80,92,26.5,29.5,314,326,200,208,53,56,120,122,164.6,42.960649367,-79.220122126,1.0802,NA,NA,NA,25.7976
367,3.64201,95,161,"2026-06-28_GHBLQ",2.31064282083276,292,51,86.5,83,28.5,24.5,325,330,200,201,55,58,120,121,165,42.960656659,-79.220032608,1.35619,NA,NA,NA,25.9668
368,3.64931,96,161,"2026-06-28_GHBLQ",2.26973534885832,316,58,82.5,76,26.5,22.5,323,330,201,201,58,58,122,121,165.4,42.960665125,-79.219943424,1.90413,NA,NA,NA,26.4348
369,3.65662,96,161,"2026-06-28_GHBLQ",2.26387756950104,285,50,98,79,33.5,23,323,338,201,204,58,58,122,121,165.6,42.960674513,-79.219854157,2.448,NA,NA,NA,26.5032
370,3.66412,96,161,"2026-06-28_GHBLQ",2.29000641201795,329,53,98,79,33.5,23,315,333,204,211,59,56,124,120,165.8,42.960684822,-79.219764722,2.71467,NA,NA,NA,26.2008
371,3.67129,96,161,"2026-06-28_GHBLQ",2.29000641201795,312,46,98,79,33.5,23,293,333,203,211,63,56,131,120,166,42.960695719,-79.219677969,2.72836,NA,NA,NA,26.2008
372,3.67847,96,161,"2026-06-28_GHBLQ",2.28123003923716,286,48,80.5,86,25.5,25,298,330,200,229,59,53,127,121,166,42.960705442,-79.219590295,2.72836,NA,NA,NA,26.3016
373,3.68583,96,161,"2026-06-28_GHBLQ",2.255299954894,286,48,81,75.5,27.5,22.5,319,323,200,200,55,41,120,107,166,42.960716171,-79.219500692,2.46062,NA,NA,NA,26.604
374,3.69322,97,161,"2026-06-28_GHBLQ",2.26111337222448,281,52,91,81,32,24,319,319,200,193,55,51,120,114,166,42.96072648,-79.219410503,2.18702,NA,NA,NA,26.5356
375,3.70085,97,161,"2026-06-28_GHBLQ",2.27531285551763,285,57,83,82.5,29,24.5,319,319,200,193,55,51,120,114,166.2,42.960737796,-79.219319475,2.44914,NA,NA,NA,26.37
376,3.70819,96,161,"2026-06-28_GHBLQ",2.29284174806255,246,39,82,82.5,28,24.5,315,315,201,204,62,65,128,128,166.4,42.960750369,-79.219231465,2.44229,NA,NA,NA,26.1684
377,3.71553,96,161,"2026-06-28_GHBLQ",2.28123003923716,286,56,77,76.5,25,23,302,322,197,222,66,62,134,129,166.4,42.960758835,-79.219142701,1.90175,NA,NA,NA,26.3016
378,3.72277,95,161,"2026-06-28_GHBLQ",2.29000641201795,270,50,77,76.5,25,23,311,332,195,208,59,60,124,125,166.6,42.960767049,-79.21905511,1.63005,NA,NA,NA,26.2008
379,3.72981,95,161,"2026-06-28_GHBLQ",2.30489097865671,284,54,89.5,76.5,28,23,311,332,195,208,59,60,124,125,166.6,42.960775095,-79.218968944,1.35645,NA,NA,NA,26.0316
380,3.73691,95,161,"2026-06-28_GHBLQ",2.32288037166086,323,46,90,87,31,31.5,308,336,198,225,58,56,124,122,166.6,42.96078398,-79.218882527,1.08979,NA,NA,NA,25.83
381,3.74407,95,162,"2026-06-28_GHBLQ",2.3470872647045,252,46,77.5,79,24.5,25.5,307,336,195,225,55,56,122,122,166.6,42.9607932,-79.218796277,0.810846,NA,NA,NA,25.5636
382,3.7511,94,162,"2026-06-28_GHBLQ",2.32288037166086,310,51,83.5,79,26.5,23,307,323,195,231,55,53,122,120,166.6,42.960803594,-79.218710279,0.810846,NA,NA,NA,25.83
383,3.75835,95,162,"2026-06-28_GHBLQ",2.30170786723749,339,51,93.5,79,30.5,23,326,329,195,204,56,52,121,115,166.6,42.960813485,-79.218621933,0.810846,NA,NA,NA,26.0676
384,3.76572,95,162,"2026-06-28_GHBLQ",2.30170786723749,286,52,81.5,94.5,25,28.5,329,330,200,195,58,49,121,111,166.8,42.960823291,-79.218532834,1.08222,NA,NA,NA,26.0676
385,3.77299,94,162,"2026-06-28_GHBLQ",2.32288037166086,288,46,81.5,94.5,25,28.5,314,328,201,200,62,55,125,118,167.2,42.960832847,-79.218444991,1.3703,NA,NA,NA,25.83
386,3.7802,94,162,"2026-06-28_GHBLQ",2.32579774862778,284,49,82,82.5,25,25.5,315,333,200,200,60,58,124,121,167.2,42.96083972,-79.218356646,1.09782,NA,NA,NA,25.7976
387,3.78752,94,162,"2026-06-28_GHBLQ",2.3470872647045,260,49,79.5,78,24.5,23,328,333,198,200,59,58,122,121,167.4,42.96084894,-79.218268888,1.37104,NA,NA,NA,25.5636
388,3.7946,94,162,"2026-06-28_GHBLQ",2.33786879880301,260,51,82,98,26,33,328,335,198,200,59,58,122,121,167.6,42.960856903,-79.218182806,1.37729,NA,NA,NA,25.6644
389,3.80171,94,162,"2026-06-28_GHBLQ",2.32288037166086,266,51,76.5,79,24,24.5,335,335,198,200,60,58,122,121,167.8,42.960863776,-79.218095885,1.65858,NA,NA,NA,25.83
390,3.8089,94,162,"2026-06-28_GHBLQ",2.29600036736006,302,45,92.5,82,30.5,24.5,335,335,198,198,60,53,122,117,167.8,42.960870482,-79.21800754,1.65858,NA,NA,NA,26.1324
391,3.81624,94,162,"2026-06-28_GHBLQ",2.31674543601149,265,55,84.5,77.5,27.5,25,323,332,204,200,63,55,129,117,168,42.960876852,-79.217918357,1.93106,NA,NA,NA,25.8984
392,3.82349,94,162,"2026-06-28_GHBLQ",2.33786879880301,245,40,84.5,77.5,27.5,25,304,332,200,200,68,55,134,117,168.4,42.960882132,-79.217830598,2.48278,NA,NA,NA,25.6644
393,3.83057,94,163,"2026-06-28_GHBLQ",2.33198078447834,268,52,75.5,99.5,24,33,305,300,197,203,66,59,131,121,168.6,42.960885904,-79.217744097,2.76527,NA,NA,NA,25.7292
394,3.8376,94,162,"2026-06-28_GHBLQ",2.32872246285688,294,48,78,99.5,23,33,325,315,197,203,62,59,125,121,168.8,42.960888922,-79.217658015,2.77839,NA,NA,NA,25.7652
395,3.84471,95,162,"2026-06-28_GHBLQ",2.30170786723749,288,52,85.5,91,26.5,28,323,321,201,204,60,59,125,122,169,42.960891352,-79.217570424,2.50948,NA,NA,NA,26.0676
396,3.85191,95,162,"2026-06-28_GHBLQ",2.29600036736006,283,52,82.5,73,27,22.5,332,321,201,204,58,59,121,122,169,42.960892274,-79.217481743,2.50948,NA,NA,NA,26.1324
397,3.85925,95,162,"2026-06-28_GHBLQ",2.29000641201795,288,44,81,87.5,25,26.5,336,315,200,203,56,59,121,122,169,42.960894621,-79.217391889,2.23626,NA,NA,NA,26.2008
398,3.86646,95,162,"2026-06-28_GHBLQ",2.31064282083276,274,51,87,76.5,28,24,336,323,200,201,56,59,121,122,168.8,42.96089546,-79.217303125,1.67638,NA,NA,NA,25.9668
399,3.87384,95,162,"2026-06-28_GHBLQ",2.31674543601149,306,51,84,76.5,30,24,338,333,200,201,58,58,121,121,169,42.960895376,-79.217213271,1.66609,NA,NA,NA,25.8984
400,3.88102,94,162,"2026-06-28_GHBLQ",2.34115278363066,264,49,84,76.5,30,24,332,330,198,224,58,56,121,120,169,42.960895376,-79.21712568,1.66609,NA,NA,NA,25.6284
401,3.88822,94,162,"2026-06-28_GHBLQ",2.3441162681669,296,53,85,77,28,23,332,326,197,211,55,52,118,115,169.2,42.960892861,-79.217038843,1.67139,NA,NA,NA,25.596
402,3.89523,94,162,"2026-06-28_GHBLQ",2.28404367091499,313,40,87.5,77,27,23,332,332,198,205,59,52,122,115,169.6,42.960890347,-79.216952175,1.69028,NA,NA,NA,26.2692
403,3.90222,95,162,"2026-06-28_GHBLQ",2.30489097865671,234,40,94,79,34,25,314,332,201,205,66,52,132,115,170,42.960888586,-79.216865757,1.98004,NA,NA,NA,26.0316
404,3.90931,94,162,"2026-06-28_GHBLQ",2.32579774862778,218,58,72.5,99.5,24,33.5,315,333,194,219,60,55,125,118,170.4,42.96088624,-79.216778334,2.25972,NA,NA,NA,25.7976
405,3.91659,94,162,"2026-06-28_GHBLQ",2.34115278363066,244,49,72.5,99.5,24,33.5,315,333,194,219,60,55,125,118,170.6,42.960882887,-79.216689905,2.25315,NA,NA,NA,25.6284
406,3.92362,94,161,"2026-06-28_GHBLQ",2.33492107966751,284,50,83,74,27.5,26,325,335,191,204,59,55,122,118,170.6,42.960875427,-79.216603068,2.25315,NA,NA,NA,25.6968
407,3.93108,95,162,"2026-06-28_GHBLQ",2.32872246285688,282,42,94.5,97.5,33,29,339,338,194,198,58,53,121,115,170.6,42.960868554,-79.216513382,2.25315,NA,NA,NA,25.7652
408,3.93828,95,162,"2026-06-28_GHBLQ",2.30489097865671,255,60,94.5,97.5,33,29,333,333,195,198,59,55,122,118,170.8,42.960862267,-79.216425456,2.80832,NA,NA,NA,26.0316
409,3.94557,95,162,"2026-06-28_GHBLQ",2.27842333105491,255,60,79,75.5,26,24,333,333,195,198,59,55,122,118,170.8,42.960855394,-79.216336608,2.53732,NA,NA,NA,26.334
410,3.95282,96,162,"2026-06-28_GHBLQ",2.28123003923716,244,50,74,75.5,25.5,24,316,332,188,200,48,60,113,124,170.8,42.960850533,-79.216247676,2.53732,NA,NA,NA,26.3016
411,3.96012,96,162,"2026-06-28_GHBLQ",2.29600036736006,242,45,74,75.5,25.5,24,325,323,190,200,48,59,111,122,170.6,42.960843743,-79.216158827,1.98556,NA,NA,NA,26.1324
412,3.96743,96,161,"2026-06-28_GHBLQ",2.28123003923716,220,47,74,75.5,25.5,24,333,329,194,195,51,58,115,121,170.6,42.960837457,-79.216069392,1.41495,NA,NA,NA,26.3016
413,3.97473,96,162,"2026-06-28_GHBLQ",2.28404367091499,186,43,61.5,76.5,21.5,25,338,333,195,194,56,56,120,120,170.6,42.960833098,-79.215979538,0.842705,NA,NA,NA,26.2692
414,3.98218,96,162,"2026-06-28_GHBLQ",2.29000641201795,152,45,61.5,76.5,21.5,25,336,340,191,195,58,56,121,120,170.6,42.96082304,-79.215890271,0.27853,NA,NA,NA,26.2008
415,3.98944,95,163,"2026-06-28_GHBLQ",2.29000641201795,152,46,57.5,65,19.5,21,340,347,188,195,52,59,117,122,170.6,42.960808288,-79.215803519,0,NA,NA,NA,26.2008
416,3.99647,94,162,"2026-06-28_GHBLQ",2.31674543601149,100,16,55.5,63,18.5,19.5,346,349,190,195,53,56,117,120,170.4,42.960798313,-79.215716514,-0.28069,NA,NA,NA,25.8984
417,4.00355,94,163,"2026-06-28_GHBLQ",2.39429200785328,0,16,36.5,63,11.5,19.5,346,349,190,195,53,56,117,120,170.4,42.960790602,-79.215627834,-0.28069,NA,NA,NA,25.0596
418,4.0097,94,163,"2026-06-28_GHBLQ",2.87653894833736,0,16,36.5,63,11.5,19.5,346,349,190,194,53,55,117,118,170.6,42.96078792,-79.215548122,-0.233264,NA,NA,NA,20.8584
419,4.01474,0,163,"2026-06-28_GHBLQ",4.39985920450546,0,NA,0,0,0,0,0,0,0,0,0,0,0,0,171,42.960812311,-79.215490454,0.560386,NA,NA,NA,13.6368
420,4.01839,26,163,"2026-06-28_GHBLQ",4.82811896485129,6,NA,43.5,0,9,0,0,0,0,0,0,0,0,0,171.4,42.960851371,-79.215486431,1.65628,NA,NA,NA,12.4272
421,4.02281,24,163,"2026-06-28_GHBLQ",4.03258327284458,197,92,43.5,0,9,0,346,349,188,198,51,53,113,117,171.6,42.960883054,-79.215523982,2.38274,NA,NA,NA,14.8788
422,4.02782,64,163,"2026-06-28_GHBLQ",3.32005312084993,455,92,93.5,0,27,0,342,349,188,198,44,53,104,117,172,42.96089152,-79.215586176,3.18114,NA,NA,NA,18.072
423,4.03355,74,163,"2026-06-28_GHBLQ",2.7520915896081,478,92,97,90.5,28.5,22.5,340,345,203,231,42,55,103,118,172,42.960890933,-79.21565826,3.18114,NA,NA,NA,21.8016
424,4.04005,83,163,"2026-06-28_GHBLQ",2.55898459491274,340,50,97,90.5,28.5,22.5,340,345,228,231,51,55,113,118,171.8,42.960893951,-79.215737301,2.87345,NA,NA,NA,23.4468
425,4.04683,90,163,"2026-06-28_GHBLQ",2.42706664725013,239,50,76.5,96,22.5,28.5,340,332,228,249,51,48,113,111,171.6,42.960901075,-79.215819779,2.57846,NA,NA,NA,24.7212
426,4.05395,94,163,"2026-06-28_GHBLQ",2.35039721712969,227,49,75,82.5,26,24.5,340,330,221,219,53,48,117,111,171.2,42.960906188,-79.215906784,2.30116,NA,NA,NA,25.5276
427,4.06135,89,163,"2026-06-28_GHBLQ",2.29000641201795,100,52,31.5,71.5,11,22,340,340,203,201,58,56,121,118,171,42.960911804,-79.215997057,2.03089,NA,NA,NA,26.2008
428,4.06872,79,163,"2026-06-28_GHBLQ",2.26973534885832,113,100,0,0,0,0,0,0,0,0,0,0,0,0,171,42.960925048,-79.216085402,1.70569,NA,NA,NA,26.4348
429,4.07643,89,163,"2026-06-28_GHBLQ",2.1996392591615,113,49,78.5,71.5,23.5,0,332,338,169,177,46,49,105,110,170.8,42.960936447,-79.216178525,0.652633,NA,NA,NA,27.2772
430,4.08422,93,163,"2026-06-28_GHBLQ",2.14942825208495,232,50,78.5,71.5,23.5,0,338,343,180,190,51,55,111,114,170.8,42.960945919,-79.216273324,-0.443257,NA,NA,NA,27.9144
431,4.09237,89,163,"2026-06-28_GHBLQ",2.07710202725158,180,68,68,74,21,22,346,343,194,190,56,55,118,114,170.8,42.960951032,-79.216372231,-0.895746,NA,NA,NA,28.8864
432,4.10065,89,163,"2026-06-28_GHBLQ",2.00032005120819,249,68,74,63,21.5,22.5,346,345,194,201,56,56,118,118,170.6,42.960958743,-79.216473065,-1.93569,NA,NA,NA,29.9952
433,4.10921,92,162,"2026-06-28_GHBLQ",1.95000195000195,218,49,74,63,21.5,22.5,347,342,197,217,62,60,124,124,170.6,42.960961509,-79.216577084,-1.93569,NA,NA,NA,30.7692
434,4.1177,95,163,"2026-06-28_GHBLQ",1.8960940462647,163,49,59,59,17.5,17,349,347,197,210,60,63,121,124,170.4,42.960961928,-79.216681439,-1.86357,NA,NA,NA,31.644
435,4.12653,97,163,"2026-06-28_GHBLQ",1.85288123031314,147,52,49,57.5,15,18.5,352,356,198,204,60,66,121,128,170,42.960963185,-79.216789482,-2.02159,NA,NA,NA,32.382
436,4.13538,98,163,"2026-06-28_GHBLQ",1.81159420289855,147,46,49,57.5,15,18.5,354,353,198,201,58,65,121,129,169.6,42.960966371,-79.216899788,-1.91177,NA,NA,NA,33.12
437,4.14468,100,163,"2026-06-28_GHBLQ",1.80238635954003,149,54,49,57.5,15,18.5,0,353,198,201,56,65,121,129,169.2,42.960968885,-79.217014117,-2.07161,NA,NA,NA,33.2892
438,4.15426,101,162,"2026-06-28_GHBLQ",1.76853423882286,162,57,60,54,18,16.5,0,353,198,201,56,65,121,129,169,42.960969556,-79.217131883,-2.28037,NA,NA,NA,33.9264
439,4.16423,104,162,"2026-06-28_GHBLQ",1.72586379482931,176,57,53.5,54,16,16.5,0,350,198,197,56,69,121,129,168.6,42.960967293,-79.21725233,-2.42218,NA,NA,NA,34.7652
440,4.17395,96,161,"2026-06-28_GHBLQ",1.70433241299383,183,48,61.5,56.5,19.5,16.5,354,354,198,198,59,68,121,128,168.4,42.960962682,-79.217370515,-2.62794,NA,NA,NA,35.2044
441,4.18379,98,161,"2026-06-28_GHBLQ",1.6493485073396,273,55,76,48.5,24.5,16.5,353,346,197,198,59,65,121,129,168.2,42.960956983,-79.21749155,-2.83119,NA,NA,NA,36.378
442,4.19403,98,161,"2026-06-28_GHBLQ",1.60194796872998,225,47,70.5,70.5,24.5,21,343,343,198,205,60,62,124,128,167.8,42.960953127,-79.217617865,-2.98027,NA,NA,NA,37.4544
443,4.20455,101,161,"2026-06-28_GHBLQ",1.592001783042,225,50,65.5,74.5,20.5,23.5,340,338,201,221,60,60,125,128,167.6,42.960950361,-79.217746779,-3.17038,NA,NA,NA,37.6884
444,4.21539,92,161,"2026-06-28_GHBLQ",1.55458135124211,246,43,65.5,74.5,20.5,23.5,332,335,201,215,62,55,128,124,167.4,42.960943153,-79.217879464,-3.11931,NA,NA,NA,38.5956
445,4.2263,93,160,"2026-06-28_GHBLQ",1.54121200912398,202,49,75.5,94,23,30.5,332,336,200,212,66,65,129,129,167.2,42.960932508,-79.218012234,-2.84963,NA,NA,NA,38.9304
446,4.23736,94,160,"2026-06-28_GHBLQ",1.50856867004586,198,49,65.5,86.5,20,27,335,336,197,212,65,65,127,129,166.8,42.960920941,-79.218147685,-2.75932,NA,NA,NA,39.7728
447,4.24881,96,160,"2026-06-28_GHBLQ",1.48240386610928,204,49,67.5,86.5,22,27,335,340,197,208,65,68,127,131,166.8,42.960909206,-79.21828649,-2.32921,NA,NA,NA,40.4748
448,4.26046,97,160,"2026-06-28_GHBLQ",1.44400161728181,178,56,65,69,19.5,21,343,346,194,200,62,65,124,128,166.8,42.960896717,-79.218428312,-2.12044,NA,NA,NA,41.5512
449,4.27187,97,159,"2026-06-28_GHBLQ",1.45573121378869,33,42,54,69,17,21,353,346,197,200,58,65,121,128,166.6,42.960884144,-79.218566697,-1.89452,NA,NA,NA,41.2164
450,4.2833,76,159,"2026-06-28_GHBLQ",1.45930011966261,33,42,54,43,0,12.5,356,0,197,0,55,0,120,0,166.4,42.960867967,-79.218705082,-1.86374,NA,NA,NA,41.1156
451,4.29489,76,159,"2026-06-28_GHBLQ",1.4534461207523,3,100,54,43,0,12.5,352,0,190,0,52,0,115,0,166.2,42.960851287,-79.218844808,-1.83305,NA,NA,NA,41.2812
452,4.30643,48,159,"2026-06-28_GHBLQ",1.45458776982603,3,100,0,0,0,0,0,0,0,0,0,0,0,0,165.6,42.960835529,-79.218984032,-1.96235,NA,NA,NA,41.2488
453,4.31782,63,159,"2026-06-28_GHBLQ",1.4534461207523,3,100,54,43,0,0,346,0,179,0,48,0,111,0,165.6,42.960822034,-79.219122333,-1.77224,NA,NA,NA,41.2812
454,4.32932,99,159,"2026-06-28_GHBLQ",1.44162846351238,148,58,31,43,9.5,0,349,0,173,0,48,0,110,0,165.2,42.960807869,-79.219261724,-1.93556,NA,NA,NA,41.6196
455,4.3408,99,159,"2026-06-28_GHBLQ",1.43245953301819,162,56,60.5,43,17.5,0,3,346,191,170,59,53,122,117,164.8,42.960791943,-79.219400948,-2.10068,NA,NA,NA,41.886
456,4.35239,100,159,"2026-06-28_GHBLQ",1.42097933896041,132,56,55,53.5,16.5,18,356,352,195,187,56,60,120,125,164.6,42.960776269,-79.219541931,-1.91158,NA,NA,NA,42.2244
457,4.36416,100,159,"2026-06-28_GHBLQ",1.41087502469031,106,55,52,53,15.5,15.5,357,356,197,194,51,63,117,124,164.4,42.960759757,-79.21968434,-2.0815,NA,NA,NA,42.5268
458,4.37599,100,159,"2026-06-28_GHBLQ",1.40753877769333,102,57,52,53,15.5,15.5,0,356,197,194,52,63,118,124,164.2,42.960742741,-79.219827503,-2.25056,NA,NA,NA,42.6276
459,4.3879,101,159,"2026-06-28_GHBLQ",1.3955175974769,110,57,52,53,15.5,15.5,0,356,197,194,51,63,118,124,164,42.960725978,-79.219971588,-2.2432,NA,NA,NA,42.9948
460,4.39977,102,159,"2026-06-28_GHBLQ",1.39985441514083,128,57,56,42.5,18.5,13,0,356,197,194,51,63,118,124,163.8,42.960710555,-79.220115253,-2.23672,NA,NA,NA,42.8616
461,4.4118,103,159,"2026-06-28_GHBLQ",1.38577090435409,124,57,58,46,18,14.5,0,356,197,194,51,63,118,124,163.6,42.960695216,-79.220260763,-2.23041,NA,NA,NA,43.2972
462,4.42375,103,159,"2026-06-28_GHBLQ",1.3750240629211,126,58,58,46.5,19,15.5,0,352,197,193,51,60,118,125,163.2,42.960680045,-79.220406022,-2.0452,NA,NA,NA,43.6356
463,4.43569,103,158,"2026-06-28_GHBLQ",1.38255219134522,133,58,58.5,49.5,19,16.5,0,350,197,193,51,68,118,129,162.8,42.960665795,-79.220551196,-2.38021,NA,NA,NA,43.398
464,4.4477,103,158,"2026-06-28_GHBLQ",1.36768969856119,142,54,57,54.5,18,17,1,350,197,193,52,66,113,127,162.4,42.960651211,-79.220698131,-2.36544,NA,NA,NA,43.8696
465,4.45993,104,158,"2026-06-28_GHBLQ",1.36455433655368,142,50,61.5,56.5,19,18.5,0,350,197,193,55,65,113,125,162.2,42.960635956,-79.220846407,-2.18054,NA,NA,NA,43.9704
466,4.47207,83,158,"2026-06-28_GHBLQ",1.37298514430074,31,39,61.5,56.5,19,18.5,0,350,194,193,58,65,114,125,161.8,42.960620952,-79.220994096,-2.33747,NA,NA,NA,43.7004
467,4.48442,70,158,"2026-06-28_GHBLQ",1.36556056261095,3,0,61.5,56.5,19,18.5,0,350,194,193,58,63,114,125,161.6,42.960603602,-79.221143461,-2.32949,NA,NA,NA,43.938
468,4.49669,93,157,"2026-06-28_GHBLQ",1.37400384721077,15,60,61.5,56.5,0,0,0,350,0,193,0,63,0,125,161.2,42.960587508,-79.221291486,-2.48642,NA,NA,NA,43.668
469,4.50878,93,157,"2026-06-28_GHBLQ",1.38461964498352,2,0,24,0.5,7,0,345,17,165,198,56,68,114,127,161.2,42.960570745,-79.221437247,-2.3185,NA,NA,NA,43.3332
470,4.52071,60,157,"2026-06-28_GHBLQ",1.39004726160689,2,0,24,0.5,0,0,0,14,0,195,0,63,0,124,160.8,42.960554819,-79.221581835,-2.4853,NA,NA,NA,43.164
471,4.53254,60,157,"2026-06-28_GHBLQ",1.39225350151756,13,100,24,0.5,0,0,333,0,156,0,42,0,103,0,160.4,42.96053881,-79.221725668,-2.65717,NA,NA,NA,43.0956
472,4.5444,55,156,"2026-06-28_GHBLQ",1.39762403913347,13,100,0,0,0,0,0,0,0,0,0,0,0,0,160.2,42.960524477,-79.221870256,-2.49107,NA,NA,NA,42.93
473,4.55631,79,156,"2026-06-28_GHBLQ",1.40753877769333,14,100,49.5,0.5,16,0,352,0,169,180,62,52,121,115,160,42.960508383,-79.222015263,-2.32399,NA,NA,NA,42.6276
474,4.56838,102,156,"2026-06-28_GHBLQ",1.39879703455029,96,51,38,42,13,12,3,0,187,180,62,52,124,115,159.8,42.960490614,-79.222161276,-2.15664,NA,NA,NA,42.894
475,4.58053,76,156,"2026-06-28_GHBLQ",1.40540236669759,6,42,38,42,13,12,0,6,0,187,0,58,0,121,159.6,42.960474604,-79.222306786,-2.15771,NA,NA,NA,42.6924
476,4.59233,87,155,"2026-06-28_GHBLQ",1.40646976090014,43,56,38,43.5,0,14.5,0,3,0,191,0,60,0,122,159.4,42.960459684,-79.222449446,-1.99772,NA,NA,NA,42.66
477,4.60393,93,155,"2026-06-28_GHBLQ",1.41087502469031,30,56,38.5,40,12.5,16.5,345,13,167,201,37,68,94,131,159.2,42.960443926,-79.222590681,-2.00819,NA,NA,NA,42.5268
478,4.61545,93,154,"2026-06-28_GHBLQ",1.42669634195058,2,70,27.5,36,8.5,13,0,13,357,201,0,68,357,131,159,42.960428085,-79.222731078,-1.8558,NA,NA,NA,42.0552
479,4.6268,80,153,"2026-06-28_GHBLQ",1.47872120190459,2,100,27.5,12.5,0,4,339,0,165,0,37,0,97,0,158.8,42.960412997,-79.222868206,-2.03201,NA,NA,NA,40.5756
480,4.63817,83,153,"2026-06-28_GHBLQ",1.48478099480327,36,100,27.5,12.5,0,4,339,356,163,179,37,60,100,124,158.4,42.960396904,-79.223004998,-2.04852,NA,NA,NA,40.41
481,4.6495,90,152,"2026-06-28_GHBLQ",1.46533028544634,130,58,73,37.5,24.5,11,352,356,176,179,46,60,110,124,158.2,42.960380895,-79.223141875,-1.88692,NA,NA,NA,40.9464
482,4.66072,92,152,"2026-06-28_GHBLQ",1.44751317236987,310,63,73,37.5,24.5,11,356,0,193,191,55,53,118,115,158,42.960367484,-79.223279589,-1.89654,NA,NA,NA,41.4504
483,4.67246,93,151,"2026-06-28_GHBLQ",1.40872848167244,272,43,81,54,25.5,16.5,356,356,193,208,55,55,118,117,157.6,42.960355749,-79.223423004,-2.06933,NA,NA,NA,42.5916
484,4.68434,94,150,"2026-06-28_GHBLQ",1.39985441514083,260,57,81,54,25.5,16.5,345,342,195,215,55,58,118,121,157.4,42.960345858,-79.223567508,-2.07198,NA,NA,NA,42.8616
485,4.69617,95,149,"2026-06-28_GHBLQ",1.40091339553389,318,40,71.5,66.5,20.5,19.5,342,343,194,211,56,58,120,120,157.2,42.960341332,-79.223712096,-2.07643,NA,NA,NA,42.8292
486,4.70814,96,148,"2026-06-28_GHBLQ",1.3803765667274,267,40,77,66.5,25,19.5,339,345,194,211,56,58,120,121,157,42.96033865,-79.22385903,-2.07403,NA,NA,NA,43.4664
487,4.72016,96,148,"2026-06-28_GHBLQ",1.37615941430655,244,42,74.5,91,23.5,28,322,340,183,210,46,58,110,121,156.8,42.960336303,-79.224006384,-2.068,NA,NA,NA,43.5996
488,4.7322,97,148,"2026-06-28_GHBLQ",1.37400384721077,300,52,81.5,80,25.5,25,321,340,183,210,46,58,111,121,156.6,42.96033295,-79.224153822,-2.0605,NA,NA,NA,43.668
489,4.74427,97,148,"2026-06-28_GHBLQ",1.37185502236124,295,48,81.5,80,25.5,25,328,338,203,207,58,55,124,120,156.6,42.960332699,-79.224302014,-1.88429,NA,NA,NA,43.7364
490,4.75631,97,147,"2026-06-28_GHBLQ",1.37400384721077,254,50,94,98.5,34.5,38,328,328,203,243,58,59,124,131,156.6,42.960333285,-79.224450374,-1.53249,NA,NA,NA,43.668
491,4.76851,97,147,"2026-06-28_GHBLQ",1.37400384721077,261,54,75,98.5,22.5,38,328,322,239,257,58,63,128,141,156.4,42.960334794,-79.224600074,-1.5199,NA,NA,NA,43.668
492,4.78074,97,146,"2026-06-28_GHBLQ",1.37185502236124,212,48,65.5,81.5,19.5,25,339,328,218,226,55,62,122,134,156.4,42.960337979,-79.224750278,-1.34165,NA,NA,NA,43.7364
493,4.79302,96,146,"2026-06-28_GHBLQ",1.3782077786047,147,48,48,75.5,14.5,21.5,343,343,197,204,56,63,121,127,156.4,42.960340242,-79.224900147,-1.00093,NA,NA,NA,43.5348
494,4.80512,96,146,"2026-06-28_GHBLQ",1.38680867587508,225,60,67,39,21.5,12,346,352,194,197,56,60,121,124,156.2,42.960344517,-79.225048422,-0.997872,NA,NA,NA,43.2648
495,4.81724,96,146,"2026-06-28_GHBLQ",1.39879703455029,198,48,66,71,18,21.5,347,352,195,197,59,60,122,124,156.2,42.960350804,-79.225195776,-0.82881,NA,NA,NA,42.894
496,4.82923,96,146,"2026-06-28_GHBLQ",1.39225350151756,238,48,66,71,18,21.5,347,352,195,197,63,60,125,124,156,42.96035315,-79.225342376,-0.828532,NA,NA,NA,43.0956
497,4.84104,96,146,"2026-06-28_GHBLQ",1.3890046392755,322,45,61,58.5,19,15.5,347,347,195,217,63,56,125,122,156,42.960356168,-79.225488808,-0.662142,NA,NA,NA,43.1964
498,4.8532,96,146,"2026-06-28_GHBLQ",1.38784800288672,310,45,82.5,70.5,24.5,21,346,346,193,219,62,58,124,124,155.8,42.960362454,-79.225637419,-0.660503,NA,NA,NA,43.2324
499,4.8654,96,146,"2026-06-28_GHBLQ",1.37615941430655,300,54,99,82,34.5,23,343,345,194,211,59,58,122,121,155.8,42.960364382,-79.225787371,-0.660503,NA,NA,NA,43.5996
500,4.8774,96,146,"2026-06-28_GHBLQ",1.40753877769333,135,54,61,88.5,19.5,29.5,336,340,193,225,58,66,121,132,155.6,42.960366226,-79.2259333,-0.82717,NA,NA,NA,42.6276
501,4.8888,95,146,"2026-06-28_GHBLQ",1.49222550511833,186,59,67.5,53.5,21,17.5,338,343,194,219,59,75,122,142,155.6,42.960366478,-79.226072691,-0.663235,NA,NA,NA,40.2084
502,4.8998,95,146,"2026-06-28_GHBLQ",1.53978812515398,263,54,77,73.5,23.5,23,343,343,195,219,60,75,124,142,155.6,42.960367735,-79.226207388,-0.663235,NA,NA,NA,38.9664
503,4.9105,95,146,"2026-06-28_GHBLQ",1.56966158096314,264,49,75,73.5,24,22.5,340,342,197,200,63,59,127,122,155.8,42.960369495,-79.226338062,-0.476319,NA,NA,NA,38.2248
504,4.9205,94,146,"2026-06-28_GHBLQ",1.59337157425112,221,48,72.5,70.5,23.5,21,342,342,197,200,62,59,125,122,155.8,42.960372177,-79.226461528,-0.31103,NA,NA,NA,37.656
505,4.9311,94,146,"2026-06-28_GHBLQ",1.55588747821758,248,54,72.5,70.5,23.5,21,342,345,197,200,62,59,125,121,155.8,42.960377961,-79.226590106,-0.31103,NA,NA,NA,38.5632
506,4.941,94,146,"2026-06-28_GHBLQ",1.59489633173844,205,57,83,70.5,25.5,21,343,353,197,200,58,63,120,125,156,42.960394054,-79.226710554,0.0577957,NA,NA,NA,37.62
507,4.9513,93,146,"2026-06-28_GHBLQ",1.56406406406406,212,57,72.5,67,22.5,19.5,342,345,198,200,59,62,121,125,156,42.960409142,-79.226834941,0.0577957,NA,NA,NA,38.3616
508,4.9621,93,147,"2026-06-28_GHBLQ",1.53059662656504,277,54,74,67,24,19.5,345,347,200,208,62,65,122,128,156,42.960431102,-79.226964442,0.222269,NA,NA,NA,39.2004
509,4.9729,93,147,"2026-06-28_GHBLQ",1.50611482619435,277,54,78,67.5,24,21,346,349,203,243,66,66,128,136,156,42.960456835,-79.227091679,0.222269,NA,NA,NA,39.8376
510,4.984,93,147,"2026-06-28_GHBLQ",1.5124016938899,220,52,69.5,97,21,38.5,346,345,203,238,66,65,128,135,156,42.960489692,-79.227221179,0.388936,NA,NA,NA,39.672
511,4.9946,92,147,"2026-06-28_GHBLQ",1.53850887719622,190,52,74,64.5,25,19.5,349,345,197,238,62,65,124,135,156,42.960517939,-79.227346489,0.388936,NA,NA,NA,38.9988
512,4.9946,92,148,"2026-06-28_GHBLQ",NA,257,55,74,64.5,25,19.5,350,346,195,207,62,62,122,125,156.2,0,0,0.388936,NA,NA,NA,0
513,4.9946,92,148,"2026-06-28_GHBLQ",NA,260,48,80,63.5,24.5,18.5,350,350,195,197,62,59,122,121,156.2,0,0,0.20202,NA,NA,NA,0
514,4.9946,92,147,"2026-06-28_GHBLQ",NA,270,48,76,75.5,22,23.5,350,350,195,198,62,60,122,122,156.2,0,0,0.20202,NA,NA,NA,0
515,4.9946,92,147,"2026-06-28_GHBLQ",NA,292,51,78,71.5,25,21.5,345,350,194,200,59,65,120,125,156.2,0,0,0.20202,NA,NA,NA,0
516,4.9946,92,147,"2026-06-28_GHBLQ",NA,260,53,87,71.5,29.5,21,338,349,198,218,59,62,120,127,156.4,0,0,0,NA,NA,NA,0
517,4.9946,92,148,"2026-06-28_GHBLQ",NA,302,54,87,75.5,30,26,315,345,205,219,65,65,127,128,156.4,0,0,0,NA,NA,NA,0
518,4.9946,92,148,"2026-06-28_GHBLQ",NA,295,54,80.5,81.5,25.5,27.5,330,345,204,219,62,65,124,128,156.4,0,0,0,NA,NA,NA,0
519,4.9946,92,148,"2026-06-28_GHBLQ",NA,251,53,80.5,81.5,25.5,27.5,338,345,201,207,62,62,124,124,156.4,0,0,0,NA,NA,NA,0
520,4.9946,91,148,"2026-06-28_GHBLQ",NA,202,50,78.5,74.5,26,24,338,346,201,203,62,60,124,122,156.4,0,0,0,NA,NA,NA,0
521,4.9946,93,148,"2026-06-28_GHBLQ",NA,196,68,68.5,68.5,22.5,19.5,350,347,198,198,63,56,125,118,156.4,0,0,0,NA,NA,NA,0
522,4.9946,97,148,"2026-06-28_GHBLQ",NA,269,62,99,68.5,36,19.5,352,352,215,198,60,59,125,121,156.4,0,0,0,NA,NA,NA,0
523,4.9946,97,148,"2026-06-28_GHBLQ",NA,316,62,87.5,69,30,19.5,318,345,217,214,59,63,125,128,156.4,0,0,0,NA,NA,NA,0
524,4.9946,97,149,"2026-06-28_GHBLQ",NA,315,52,80,69,25.5,19.5,319,340,205,217,59,65,124,131,156.4,0,0,0,NA,NA,NA,0
525,4.9946,97,149,"2026-06-28_GHBLQ",NA,307,53,83,76.5,29,25.5,332,340,200,217,53,65,118,131,156.4,0,0,0,NA,NA,NA,0
526,4.9946,97,150,"2026-06-28_GHBLQ",NA,227,51,83,76.5,29,25.5,332,342,200,208,53,62,118,127,156.4,0,0,0,NA,NA,NA,0
527,4.9946,97,150,"2026-06-28_GHBLQ",NA,329,55,79.5,75.5,27.5,26,332,343,200,207,53,60,118,125,156.4,0,0,0,NA,NA,NA,0
528,4.9946,97,150,"2026-06-28_GHBLQ",NA,321,48,87.5,99,29,34.5,332,343,204,205,59,62,124,127,156.4,0,0,0,NA,NA,NA,0
529,5.2238,97,150,"2026-06-28_GHBLQ",1.42669634195058,352,49,84,99,28.5,34.5,309,345,205,205,62,63,125,128,156.4,42.960298417,-79.230121821,0,NA,NA,NA,42.0552
530,5.2376,97,150,"2026-06-28_GHBLQ",1.42779633913019,316,49,88.5,83.5,29.5,25.5,316,345,207,205,60,63,125,128,157.2,42.960438981,-79.230210501,0.57971,NA,NA,NA,42.0228
531,5.2479,97,150,"2026-06-28_GHBLQ",1.47011261062597,297,47,80.5,99.5,25,36,328,342,201,203,58,60,122,125,157.2,42.960441999,-79.230335308,0.57971,NA,NA,NA,40.8132
532,5.2586,97,150,"2026-06-28_GHBLQ",1.4290205493155,284,47,83,78.5,30.5,24,330,338,195,217,56,56,120,121,157.2,42.96044334,-79.230468748,0.57971,NA,NA,NA,41.9868
533,5.2696,97,150,"2026-06-28_GHBLQ",1.46894647159058,277,59,83,78.5,30.5,24,311,338,188,217,49,56,117,121,157.2,42.960442753,-79.230602188,0.57971,NA,NA,NA,40.8456
534,5.2803,97,150,"2026-06-28_GHBLQ",1.46894647159058,282,53,83.5,97.5,26,35,311,335,188,225,49,58,117,124,157.2,42.960443507,-79.230735125,0.57971,NA,NA,NA,40.8456
535,5.2912,96,150,"2026-06-28_GHBLQ",1.47872120190459,264,44,79.5,98.5,25,35.5,311,336,190,217,55,63,120,131,157.4,42.960446022,-79.230870073,0.763196,NA,NA,NA,40.5756
536,5.3023,96,150,"2026-06-28_GHBLQ",1.49476831091181,304,53,69,74,17.5,22.5,326,342,194,198,56,62,121,124,157.4,42.960451805,-79.231006112,0.763196,NA,NA,NA,40.14
537,5.3136,96,150,"2026-06-28_GHBLQ",1.47872120190459,280,53,77.5,73.5,23,19.5,345,346,197,190,53,63,115,121,157.6,42.96046002,-79.23114391,0.940188,NA,NA,NA,40.5756
538,5.3247,96,150,"2026-06-28_GHBLQ",1.48729847105717,225,48,71.5,73.5,21,19.5,345,347,197,194,58,62,120,122,157.6,42.96046748,-79.2312802,0.940188,NA,NA,NA,40.3416
539,5.3358,96,150,"2026-06-28_GHBLQ",1.49597582503067,225,57,78,73.5,24.5,19.5,343,349,198,203,65,60,128,124,157.8,42.960475023,-79.231415148,1.12037,NA,NA,NA,40.1076
540,5.3467,95,150,"2026-06-28_GHBLQ",1.51116752803216,236,36,73,97,22,35.5,338,349,197,203,69,60,132,124,157.8,42.960483321,-79.231548588,0.540658,NA,NA,NA,39.7044
541,5.3576,94,150,"2026-06-28_GHBLQ",1.51763491774419,248,36,77,62,25,18,340,349,197,203,69,60,132,124,158,42.960490362,-79.231681609,0.724144,NA,NA,NA,39.5352
542,5.3684,94,150,"2026-06-28_GHBLQ",1.50993537476596,330,48,77,62,25,18,339,343,197,208,63,62,127,125,158,42.960499163,-79.231814546,0.724144,NA,NA,NA,39.7368
543,5.3793,94,150,"2026-06-28_GHBLQ",1.52276534186082,224,49,82.5,62,25.5,18,339,338,197,212,63,58,127,121,158.2,42.96051073,-79.231947064,0.90763,NA,NA,NA,39.402
544,5.3902,104,150,"2026-06-28_GHBLQ",1.54923467806903,228,49,74,64,21,18,336,342,197,201,60,59,122,122,158.2,42.96052213,-79.232078576,0.90763,NA,NA,NA,38.7288
545,5.4009,106,152,"2026-06-28_GHBLQ",1.53059662656504,267,43,71.5,78.5,22.5,25.5,342,346,197,200,56,65,118,131,158,42.960535122,-79.232210507,0.537228,NA,NA,NA,39.2004
546,5.4119,105,152,"2026-06-28_GHBLQ",1.55053183241852,176,54,69.5,63,22,19,342,347,197,200,49,63,114,125,158,42.9605487,-79.23234269,0.537228,NA,NA,NA,38.6964
547,5.4224,104,152,"2026-06-28_GHBLQ",1.561426519268,163,62,72,63,22.5,19,342,347,197,200,49,63,114,125,158,42.960561608,-79.232471268,0.360237,NA,NA,NA,38.4264
548,5.4331,103,152,"2026-06-28_GHBLQ",1.57232704402516,210,58,77.5,55,24,16,350,347,201,200,55,63,121,125,158,42.9605746,-79.232600769,0.360237,NA,NA,NA,38.16
549,5.4438,103,153,"2026-06-28_GHBLQ",1.56818466942667,274,55,77.5,55,24,16,333,352,200,198,53,72,121,129,158,42.96058776,-79.232730018,0.180057,NA,NA,NA,38.2608
550,5.4542,103,153,"2026-06-28_GHBLQ",1.58911772184083,237,51,77.5,55,24,16,333,342,200,215,53,62,121,125,158.2,42.960600417,-79.232857339,0.372364,NA,NA,NA,37.7568
551,5.4648,102,153,"2026-06-28_GHBLQ",1.57798396768289,261,48,78.5,85,25.5,28.5,333,339,200,218,53,66,121,129,158.2,42.960610643,-79.232986085,0.188878,NA,NA,NA,38.0232
552,5.4753,102,153,"2026-06-28_GHBLQ",1.59063434497678,192,48,71.5,66.5,22.5,21,333,336,200,198,53,63,121,127,158.2,42.960619946,-79.233113909,0.188878,NA,NA,NA,37.7208
553,5.4857,101,153,"2026-06-28_GHBLQ",1.60487883164821,202,49,64.5,69.5,20.5,21.5,340,321,197,183,53,48,120,113,158.2,42.960631262,-79.233240559,0,NA,NA,NA,37.386
554,5.4961,100,155,"2026-06-28_GHBLQ",1.61061718850664,206,47,66,59.5,21,18,346,333,195,191,53,56,120,121,158.4,42.960640482,-79.233368383,0.197699,NA,NA,NA,37.2528
555,5.5065,100,155,"2026-06-28_GHBLQ",1.63270637408568,337,49,86.5,63.5,28.5,18.5,343,342,200,197,55,56,121,121,158.6,42.960649702,-79.233494363,0.576923,NA,NA,NA,36.7488
556,5.517,100,155,"2026-06-28_GHBLQ",1.60921759840366,327,48,83.5,92.5,28,28,343,342,200,197,55,56,121,121,158.8,42.960661185,-79.233621768,0.767399,NA,NA,NA,37.2852
557,5.5275,100,155,"2026-06-28_GHBLQ",1.60194796872998,263,52,83.5,92.5,28,28,326,338,203,200,55,58,121,124,159,42.960673674,-79.233747413,0.957875,NA,NA,NA,37.4544
558,5.5375,100,155,"2026-06-28_GHBLQ",1.60194796872998,294,56,75.5,75.5,24,24,326,325,203,203,55,60,121,127,159,42.960685828,-79.233871046,0.957875,NA,NA,NA,37.4544
559,5.5478,101,155,"2026-06-28_GHBLQ",1.60627088152146,392,50,86,72,29,22,329,335,204,203,59,62,125,128,159.2,42.960697814,-79.233997026,1.15205,NA,NA,NA,37.3536
560,5.5583,101,156,"2026-06-28_GHBLQ",1.592001783042,397,50,86,72,29,22,316,335,207,203,59,62,127,128,159.4,42.960709549,-79.234126107,1.15022,NA,NA,NA,37.6884
561,5.569,101,156,"2026-06-28_GHBLQ",1.62237580713196,232,50,86,72,29,22,305,335,208,203,60,62,127,128,159.6,42.960722038,-79.234253848,1.33713,NA,NA,NA,36.9828
562,5.5793,100,156,"2026-06-28_GHBLQ",1.64025850474035,188,50,79.5,85,24.5,29.5,305,335,208,203,60,62,127,128,159.6,42.96073612,-79.234378487,1.33713,NA,NA,NA,36.5796
563,5.5893,108,156,"2026-06-28_GHBLQ",1.68827660723933,245,51,79,77,25,24,305,335,208,203,60,62,127,128,159.8,42.960749782,-79.234499018,1.53713,NA,NA,NA,35.5392
564,5.5992,107,157,"2026-06-28_GHBLQ",1.68827660723933,310,59,79,77,25,24,345,335,204,203,59,62,122,128,160,42.960763026,-79.234619299,1.54685,NA,NA,NA,35.5392
565,5.609,106,157,"2026-06-28_GHBLQ",1.69946636756059,259,42,93.5,79.5,33,27,338,0,210,0,52,0,121,0,160.2,42.960774257,-79.234739244,1.55862,NA,NA,NA,35.3052
566,5.6188,105,157,"2026-06-28_GHBLQ",1.7125633648445,272,48,76,74.5,26.5,22.5,311,321,207,228,52,63,122,135,160.4,42.960786327,-79.234858518,1.57223,NA,NA,NA,35.0352
567,5.6286,103,157,"2026-06-28_GHBLQ",1.75457065656034,249,50,74,74.5,26.5,22.5,322,325,201,217,51,65,121,132,160.8,42.960798062,-79.234974691,1.78991,NA,NA,NA,34.1964
568,5.6378,102,157,"2026-06-28_GHBLQ",1.76329524615602,262,50,72.5,74.5,25,22.5,336,325,201,217,53,65,122,132,161,42.960806025,-79.235088937,2.0073,NA,NA,NA,34.0272
569,5.6471,101,158,"2026-06-28_GHBLQ",1.80238635954003,277,48,84.5,78.5,31.5,26,336,340,201,201,58,56,127,124,161,42.960816334,-79.235201841,1.81313,NA,NA,NA,33.2892
570,5.6564,100,158,"2026-06-28_GHBLQ",1.80063382310573,361,56,84.5,75.5,30.5,24,336,340,201,219,58,59,127,124,161.2,42.960827147,-79.235314745,1.83771,NA,NA,NA,33.3216
571,5.6654,100,158,"2026-06-28_GHBLQ",1.82828726049437,295,51,84.5,75.5,30.5,24,336,340,201,219,58,59,127,124,161.4,42.960837876,-79.235424548,1.87301,NA,NA,NA,32.8176
572,5.6745,98,158,"2026-06-28_GHBLQ",1.8321058224323,270,51,81.5,83.5,26.5,26.5,318,333,203,218,62,59,131,125,161.4,42.960849108,-79.235535189,1.87301,NA,NA,NA,32.7492
573,5.6837,98,158,"2026-06-28_GHBLQ",1.85494342422556,324,47,84.5,83.5,28.5,26.5,319,336,201,205,62,58,129,124,161.8,42.960859334,-79.235645495,2.1078,NA,NA,NA,32.346
574,5.6926,97,158,"2026-06-28_GHBLQ",1.85494342422556,306,57,99,80,34.5,26,315,336,204,205,59,59,127,125,162.2,42.96087023,-79.235754544,2.35521,NA,NA,NA,32.346
575,5.7014,97,158,"2026-06-28_GHBLQ",1.86448894358056,338,57,93.5,90.5,33.5,33.5,288,328,203,214,59,66,128,134,162.6,42.96088121,-79.235862167,2.60568,NA,NA,NA,32.1804
576,5.7104,97,158,"2026-06-28_GHBLQ",1.88430374976446,271,50,78,99,26,36.5,287,326,204,224,59,63,128,132,162.8,42.960891772,-79.235970042,2.62382,NA,NA,NA,31.842
577,5.7192,103,159,"2026-06-28_GHBLQ",1.88026474127557,278,50,82.5,65.5,29,17,304,330,203,218,56,62,122,129,163.2,42.960902836,-79.236077331,2.6702,NA,NA,NA,31.9104
578,5.7279,106,159,"2026-06-28_GHBLQ",1.90215323746481,330,55,96.5,78,38,19,319,330,205,218,49,62,117,129,163.6,42.960913313,-79.236183781,2.91258,NA,NA,NA,31.5432
579,5.7368,105,159,"2026-06-28_GHBLQ",1.88814621804313,271,48,79.5,82,29,28.5,319,338,205,215,49,63,117,132,164,42.96092421,-79.236291237,3.36202,NA,NA,NA,31.7772
580,5.7454,105,159,"2026-06-28_GHBLQ",1.91857564943786,317,40,79.5,82,29,28.5,302,323,204,218,52,63,121,134,164.4,42.960936447,-79.236395927,3.61208,NA,NA,NA,31.2732
581,5.7542,105,159,"2026-06-28_GHBLQ",1.90020142135066,288,46,92,92,32.5,31.5,315,328,201,212,49,60,120,131,164.6,42.960947679,-79.236502796,3.61713,NA,NA,NA,31.5756
582,5.763,104,159,"2026-06-28_GHBLQ",1.91659000306654,280,46,76,92,24.5,31.5,315,325,198,219,55,63,125,132,164.6,42.960957486,-79.236609414,3.61713,NA,NA,NA,31.3056
583,5.7717,103,159,"2026-06-28_GHBLQ",1.92901234567901,251,51,74.5,71.5,25,22.5,329,329,197,210,53,63,122,128,164.6,42.96096679,-79.23671511,3.18235,NA,NA,NA,31.104
584,5.7802,102,160,"2026-06-28_GHBLQ",1.98247492169224,293,45,84.5,79.5,29,25,333,333,198,203,52,62,120,125,164.6,42.960976848,-79.236817369,2.73291,NA,NA,NA,30.2652
585,5.7885,101,160,"2026-06-28_GHBLQ",1.98459950781932,279,45,84.5,79.5,29,25,333,333,198,203,52,62,120,125,164.6,42.960986152,-79.23691879,2.27837,NA,NA,NA,30.2328
586,5.7968,100,160,"2026-06-28_GHBLQ",1.97589409207666,317,51,80,75.5,25,23.5,333,339,198,201,52,58,120,124,164.8,42.960998138,-79.237020211,2.29711,NA,NA,NA,30.366
587,5.8053,100,160,"2026-06-28_GHBLQ",1.99576896978406,346,48,80,75.5,25,23.5,335,338,203,198,55,55,121,121,165,42.961008448,-79.237122051,2.07786,NA,NA,NA,30.0636
588,5.8136,101,160,"2026-06-28_GHBLQ",1.98247492169224,337,46,86.5,83.5,29.5,25.5,329,336,205,201,59,55,125,121,165.4,42.961017249,-79.237222885,2.10001,NA,NA,NA,30.2652
589,5.8219,101,160,"2026-06-28_GHBLQ",1.96726471514007,286,58,85.5,79.5,30.5,26,316,335,207,221,65,52,132,122,165.6,42.961025882,-79.237324725,1.89154,NA,NA,NA,30.4992
590,5.83,100,160,"2026-06-28_GHBLQ",2.01824493420522,280,58,98,78.5,36,26.5,316,325,207,239,65,59,132,132,165.8,42.961036108,-79.237424302,1.67334,NA,NA,NA,29.7288
591,5.8385,100,160,"2026-06-28_GHBLQ",1.99576896978406,320,46,79,86.5,26,26.5,315,321,201,222,58,65,125,135,166,42.961046753,-79.237527148,1.68136,NA,NA,NA,30.0636
592,5.8469,99,160,"2026-06-28_GHBLQ",2.00706486833654,268,49,73.5,75.5,24.5,22.5,326,321,198,222,53,65,120,135,166.4,42.961057566,-79.237628737,2.15755,NA,NA,NA,29.8944
593,5.8551,98,160,"2026-06-28_GHBLQ",2.05077724457569,256,47,75.5,74.5,24.5,23.5,326,328,198,211,53,62,120,131,166.8,42.961068043,-79.23772756,2.64535,NA,NA,NA,29.2572
594,5.8632,98,160,"2026-06-28_GHBLQ",2.05077724457569,283,47,75.5,74.5,24.5,23.5,326,339,198,201,53,58,120,124,167.2,42.961076928,-79.237826299,3.13918,NA,NA,NA,29.2572
595,5.8713,98,160,"2026-06-28_GHBLQ",2.04148293320268,259,54,85.5,76.5,28.5,22.5,332,339,204,201,58,58,122,122,167.4,42.961085896,-79.237925792,3.38609,NA,NA,NA,29.3904
596,5.8795,97,160,"2026-06-28_GHBLQ",2.06270627062706,260,55,85,99,27.5,33.5,307,339,211,201,63,58,131,122,167.8,42.961095619,-79.238024195,3.63293,NA,NA,NA,29.088
597,5.8876,97,161,"2026-06-28_GHBLQ",2.06270627062706,233,45,68,74,22,22.5,305,338,203,203,59,63,124,128,168,42.961105845,-79.238121761,3.64455,NA,NA,NA,29.088
598,5.8955,97,161,"2026-06-28_GHBLQ",2.06015657189946,270,45,75.5,68,26,20.5,329,338,200,200,53,60,118,125,168.2,42.961116323,-79.238218991,3.41579,NA,NA,NA,29.124
599,5.9038,97,161,"2026-06-28_GHBLQ",2.03898540086453,293,52,75.5,68,27,20.5,333,336,201,217,56,56,121,121,168.2,42.96112613,-79.238319071,3.17483,NA,NA,NA,29.4264
600,5.9119,97,161,"2026-06-28_GHBLQ",2.04373594931535,260,49,86,85,30,27,333,336,201,217,56,56,121,121,168.4,42.961135769,-79.238417558,3.17483,NA,NA,NA,29.358
601,5.9199,97,161,"2026-06-28_GHBLQ",2.06270627062706,271,46,86,85,30,27,329,330,201,219,60,59,127,125,168.4,42.961149264,-79.238514872,2.93953,NA,NA,NA,29.088
602,5.928,97,161,"2026-06-28_GHBLQ",2.0555829633284,254,58,75,71,24.5,22.5,325,330,200,221,60,60,128,128,168.6,42.961159238,-79.238614784,2.71026,NA,NA,NA,29.1888
603,5.9364,97,161,"2026-06-28_GHBLQ",2.06015657189946,258,53,78,71,25,22.5,326,335,197,204,56,58,122,124,168.6,42.961171392,-79.238715451,2.22245,NA,NA,NA,29.124
604,5.9447,96,161,"2026-06-28_GHBLQ",2.07219528368353,223,55,77,77,25.5,23.5,332,338,197,203,53,58,120,122,168.8,42.96118254,-79.238814022,1.96959,NA,NA,NA,28.9548
605,5.9525,95,161,"2026-06-28_GHBLQ",2.12395395267831,192,55,64,77,21,23.5,336,338,197,203,55,60,120,125,169,42.961191928,-79.238908486,1.97908,NA,NA,NA,28.2492
606,5.9601,94,161,"2026-06-28_GHBLQ",2.15721805160066,246,52,79,64,25,19.5,338,342,194,200,56,59,120,122,169.2,42.961200226,-79.239001441,1.75444,NA,NA,NA,27.8136
607,5.9678,94,161,"2026-06-28_GHBLQ",2.13922046806144,316,54,78.5,68,25.5,21,335,342,195,200,58,59,120,122,169.4,42.961207434,-79.239096492,1.76726,NA,NA,NA,28.0476
608,5.9757,94,161,"2026-06-28_GHBLQ",2.13401621852326,289,47,84.5,79.5,25.5,23,335,343,195,198,58,58,120,121,169.6,42.961217576,-79.239191543,1.76726,NA,NA,NA,28.116
609,5.9835,93,161,"2026-06-28_GHBLQ",2.1315598755169,292,55,84.5,79.5,25.5,23,333,342,197,201,60,59,122,122,170,42.961228221,-79.239286175,2.28008,NA,NA,NA,28.1484
610,5.9913,93,161,"2026-06-28_GHBLQ",2.14445016297821,328,45,88,76,28.5,23,330,340,198,201,60,60,124,124,170.2,42.961238699,-79.239380974,2.28958,NA,NA,NA,27.9792
611,5.9991,93,161,"2026-06-28_GHBLQ",2.12910918071879,230,59,99,95.5,36,31.5,326,332,222,221,58,60,124,125,170.2,42.96124817,-79.239475606,2.28958,NA,NA,NA,28.1808
612,6.0068,93,161,"2026-06-28_GHBLQ",2.15470803706098,266,59,78.5,58,24.5,17.5,335,322,215,208,58,66,121,129,170.4,42.961257977,-79.239569651,2.30241,NA,NA,NA,27.846
613,6.0145,92,161,"2026-06-28_GHBLQ",2.18350146294598,263,53,97.5,78,33,23,335,338,207,211,56,60,121,125,170.6,42.961266778,-79.239662522,2.56215,NA,NA,NA,27.4788
614,6.0221,92,161,"2026-06-28_GHBLQ",2.18895017949391,216,54,75,94,24,33,319,338,198,211,66,60,129,125,170.6,42.961276249,-79.239755394,2.32118,NA,NA,NA,27.4104
615,6.0297,91,161,"2026-06-28_GHBLQ",2.21072644470973,250,54,77.5,75,24,22.5,319,339,198,219,66,60,129,127,170.6,42.961283793,-79.239848349,2.06477,NA,NA,NA,27.1404
616,6.0373,91,162,"2026-06-28_GHBLQ",2.21601737357621,254,55,79,77.5,26,23.5,328,335,197,208,63,58,127,122,170.8,42.961290834,-79.239940717,2.06477,NA,NA,NA,27.0756
617,6.0451,91,162,"2026-06-28_GHBLQ",2.20779794233232,312,51,79,77.5,26,23.5,340,335,195,208,59,58,120,122,171,42.96130215,-79.24003317,2.06144,NA,NA,NA,27.1764
618,6.0524,91,162,"2026-06-28_GHBLQ",2.26111337222448,277,50,80.5,85.5,25,24.5,342,333,197,193,59,49,120,110,171,42.961309609,-79.240122102,1.80828,NA,NA,NA,26.5356
619,6.0596,91,162,"2026-06-28_GHBLQ",2.27531285551763,286,50,82,85.5,28.5,24.5,342,340,200,200,63,56,124,117,171.4,42.961315477,-79.240210615,1.85101,NA,NA,NA,26.37
620,6.067,91,162,"2026-06-28_GHBLQ",2.17836448394545,302,52,86.5,84,27,26.5,335,343,201,204,63,60,125,121,171.8,42.961321093,-79.240303738,2.13514,NA,NA,NA,27.5436
621,6.0749,91,162,"2026-06-28_GHBLQ",2.1996392591615,310,51,86.5,84,27,26.5,333,343,200,204,63,60,127,121,172,42.961328804,-79.240397196,2.38831,NA,NA,NA,27.2772
622,6.0825,92,162,"2026-06-28_GHBLQ",2.16253622248173,269,45,86.5,84,27,26.5,333,340,200,210,63,59,127,120,172.2,42.961334839,-79.240492163,2.39173,NA,NA,NA,27.7452
623,6.0904,92,162,"2026-06-28_GHBLQ",2.17836448394545,307,54,87,75.5,30,22,338,335,200,219,60,56,124,117,172.2,42.961343221,-79.240587465,2.13199,NA,NA,NA,27.5436
624,6.0983,93,163,"2026-06-28_GHBLQ",2.13401621852326,292,49,87,75.5,30,22,338,335,200,212,60,56,124,117,172.2,42.9613511,-79.240683606,2.13199,NA,NA,NA,28.116
625,6.1062,94,163,"2026-06-28_GHBLQ",2.12639278727567,378,49,81,96.5,28,32,336,312,201,200,60,53,124,115,172.4,42.961358727,-79.240779075,2.38515,NA,NA,NA,28.2168
626,6.1141,95,163,"2026-06-28_GHBLQ",2.10145841213802,325,48,81,96.5,28,32,316,312,204,200,62,53,125,115,172.4,42.961368115,-79.240874461,2.12199,NA,NA,NA,28.5516
627,6.1219,95,163,"2026-06-28_GHBLQ",2.09907640638119,340,46,87.5,81.5,26.5,27,302,312,205,200,66,53,131,115,172.6,42.961379179,-79.240968842,2.12199,NA,NA,NA,28.584
628,6.1298,96,163,"2026-06-28_GHBLQ",2.09170013386881,340,46,99.5,81.5,38,27,301,312,210,200,66,53,134,115,172.8,42.961390998,-79.241064731,2.37516,NA,NA,NA,28.6848
629,6.1376,96,163,"2026-06-28_GHBLQ",2.07451663762343,322,47,88,81.5,32,27,301,312,210,200,66,53,134,115,173.2,42.961401643,-79.241160871,2.33242,NA,NA,NA,28.9224
630,6.1459,97,163,"2026-06-28_GHBLQ",2.06500640151984,324,49,86,86.5,29.5,32,283,315,211,203,65,55,141,118,173.2,42.961414048,-79.241260364,1.79188,NA,NA,NA,29.0556
631,6.154,97,163,"2026-06-28_GHBLQ",2.07219528368353,308,50,86,86.5,29.5,32,295,330,208,205,60,53,132,118,173.4,42.961424944,-79.241359271,1.78563,NA,NA,NA,28.9548
632,6.1622,97,163,"2026-06-28_GHBLQ",2.04850868567683,296,47,86,82.5,32.5,27,316,336,205,207,55,53,122,118,173.4,42.961435589,-79.241459015,1.52247,NA,NA,NA,29.2896
633,6.1705,97,163,"2026-06-28_GHBLQ",2.06500640151984,284,49,83,83,28.5,27.5,325,338,203,207,55,53,121,118,173.6,42.961446151,-79.241558173,1.76344,NA,NA,NA,29.0556
634,6.1788,97,163,"2026-06-28_GHBLQ",2.05077724457569,274,48,86,79,35,25,326,339,203,212,53,53,120,120,173.6,42.961456209,-79.241658169,1.76344,NA,NA,NA,29.2572
635,6.1867,97,163,"2026-06-28_GHBLQ",2.05786722640655,349,48,87.5,99.5,30.5,31,329,328,204,232,53,60,120,128,173.6,42.961467273,-79.241755986,1.51027,NA,NA,NA,29.1564
636,6.1948,97,164,"2026-06-28_GHBLQ",2.08907829865463,304,48,99.5,80.5,35,26.5,323,329,212,214,56,59,122,125,173.8,42.961479008,-79.241853635,1.75719,NA,NA,NA,28.7208
637,6.203,97,164,"2026-06-28_GHBLQ",2.06015657189946,309,60,96.5,80.5,36,26.5,308,329,215,214,58,59,125,125,174,42.961489485,-79.241952877,1.74468,NA,NA,NA,29.124
638,6.2113,97,164,"2026-06-28_GHBLQ",2.05077724457569,298,45,96.5,80.5,36,26.5,308,333,215,210,58,56,125,124,174.2,42.961498705,-79.242052706,1.73248,NA,NA,NA,29.2572
639,6.2194,98,164,"2026-06-28_GHBLQ",2.04148293320268,300,46,83.5,78.5,30.5,27.5,308,333,215,210,58,56,125,124,174.6,42.961507841,-79.242151528,1.71348,NA,NA,NA,29.3904
640,6.2275,98,164,"2026-06-28_GHBLQ",2.06987911905945,331,53,88.5,78.5,33,27.5,304,308,204,208,53,58,127,122,174.8,42.961518319,-79.242248339,1.9604,NA,NA,NA,28.9872
641,6.2355,99,164,"2026-06-28_GHBLQ",2.00924251557163,329,51,85,98.5,29,37,316,315,204,212,59,59,129,125,175,42.961530221,-79.242347078,1.96348,NA,NA,NA,29.862
642,6.2438,100,164,"2026-06-28_GHBLQ",1.99576896978406,310,51,90.5,86,32.5,28.5,316,322,204,225,59,60,129,128,175.2,42.961542291,-79.242448331,2.20445,NA,NA,NA,30.0636
643,6.2522,99,164,"2026-06-28_GHBLQ",2.02069188490139,257,55,76,86,25.5,28.5,309,326,205,219,55,66,124,135,175.4,42.961553104,-79.242549585,2.20158,NA,NA,NA,29.6928
644,6.2605,99,164,"2026-06-28_GHBLQ",2.02979742621686,321,51,80.5,76.5,28,24,325,326,200,219,51,66,118,135,175.6,42.961562827,-79.242651006,2.44254,NA,NA,NA,29.5596
645,6.2691,100,164,"2026-06-28_GHBLQ",1.97589409207666,312,50,80.5,83.5,28,26.5,325,333,200,203,51,60,118,127,175.8,42.961572382,-79.242755528,2.6751,NA,NA,NA,30.366
646,6.2777,101,164,"2026-06-28_GHBLQ",1.98909973346064,306,50,92.5,79.5,33,25,325,332,200,200,51,53,118,120,175.8,42.961581435,-79.242858123,2.42819,NA,NA,NA,30.1644
647,6.2861,100,164,"2026-06-28_GHBLQ",1.99792216095261,311,50,92.5,79.5,33,25,311,325,208,238,62,58,129,128,176,42.961593002,-79.242958706,2.42238,NA,NA,NA,30.0312
648,6.2942,100,164,"2026-06-28_GHBLQ",1.99576896978406,277,46,80,99.5,27.5,38,305,314,204,228,63,63,131,132,176,42.961605491,-79.243058199,2.18142,NA,NA,NA,30.0636
649,6.3024,100,164,"2026-06-28_GHBLQ",2.02757502027575,268,46,80,99.5,27.5,38,325,326,194,205,55,59,121,125,176.2,42.961616303,-79.243157105,1.93149,NA,NA,NA,29.592
650,6.3107,100,164,"2026-06-28_GHBLQ",2.00032005120819,315,50,85.5,76,30.5,22,318,336,190,205,48,56,114,122,176.4,42.961625859,-79.243258359,1.92554,NA,NA,NA,29.9952
651,6.3191,100,164,"2026-06-28_GHBLQ",2.00465078983241,303,46,76,98,24.5,32.5,315,336,197,205,55,56,122,122,176.6,42.961636671,-79.243359444,1.91364,NA,NA,NA,29.9304
652,6.3272,99,164,"2026-06-28_GHBLQ",2.01604774001048,348,56,82,82.5,27.5,25,315,335,197,218,55,56,122,124,177,42.9616474,-79.243458602,2.1665,NA,NA,NA,29.7612
653,6.3353,99,164,"2026-06-28_GHBLQ",2.01824493420522,280,48,83.5,70.5,30.5,23.5,319,332,198,217,53,58,120,125,177.2,42.96165771,-79.243558095,2.17532,NA,NA,NA,29.7288
654,6.3436,99,164,"2026-06-28_GHBLQ",2.00706486833654,278,56,83.5,70.5,30.5,23.5,323,335,201,212,53,58,120,127,177.4,42.961667014,-79.243660103,2.17532,NA,NA,NA,29.8944
655,6.3521,99,164,"2026-06-28_GHBLQ",2.02511138112596,255,54,82.5,70.5,29.5,23.5,314,332,201,229,60,65,127,135,177.4,42.961676402,-79.243762279,1.94276,NA,NA,NA,29.628
656,6.3605,99,164,"2026-06-28_GHBLQ",2.04148293320268,293,43,74,91.5,27,30,321,328,200,228,60,65,127,131,177.8,42.961686544,-79.243862191,2.41895,NA,NA,NA,29.3904
657,6.3686,99,164,"2026-06-28_GHBLQ",2.01142489339448,275,43,78.5,92.5,26,29,326,328,194,228,53,65,118,131,177.8,42.961695596,-79.243961936,2.18086,NA,NA,NA,29.8296
658,6.3768,98,164,"2026-06-28_GHBLQ",2.02757502027575,275,50,77.5,92.5,24.5,29,326,338,194,210,53,58,118,124,178,42.9617049,-79.244060758,2.42476,NA,NA,NA,29.592
659,6.3849,98,164,"2026-06-28_GHBLQ",2.04599394385793,269,48,78,71.5,27,21.5,323,339,186,203,44,56,110,122,178.2,42.961716718,-79.244158407,2.42777,NA,NA,NA,29.3256
660,6.393,98,164,"2026-06-28_GHBLQ",2.02069188490139,259,54,76,81,26,25.5,332,339,194,200,52,58,117,122,178.2,42.961726777,-79.244258403,2.18681,NA,NA,NA,29.6928
661,6.4013,98,164,"2026-06-28_GHBLQ",2.03674284084891,224,46,74,82.5,23.5,25,328,338,197,211,59,65,124,129,178.4,42.961735494,-79.244357645,2.18967,NA,NA,NA,29.4588
662,6.4093,98,164,"2026-06-28_GHBLQ",2.05077724457569,244,46,74,82.5,23.5,25,333,338,195,205,59,60,124,127,178.4,42.961744882,-79.244455294,1.69585,NA,NA,NA,29.2572
663,6.4174,99,164,"2026-06-28_GHBLQ",2.02069188490139,259,46,77,62,24.5,17.5,340,338,195,205,58,60,122,127,178.4,42.961754186,-79.244555458,1.44893,NA,NA,NA,29.6928
664,6.426,99,164,"2026-06-28_GHBLQ",1.97378809411022,243,46,72.5,71.5,26,20.5,340,339,195,210,58,59,122,122,178.6,42.961765669,-79.244659477,1.44053,NA,NA,NA,30.3984
665,6.4344,99,164,"2026-06-28_GHBLQ",2.00248307901798,243,46,71.5,72,24,22,342,339,197,210,59,59,125,122,178.6,42.961775224,-79.244761485,1.44053,NA,NA,NA,29.9628
666,6.443,100,164,"2026-06-28_GHBLQ",1.97589409207666,243,46,71.5,72,24,22,342,339,197,210,59,59,125,122,178.8,42.961783606,-79.244865169,1.1969,NA,NA,NA,30.366
667,6.4516,102,164,"2026-06-28_GHBLQ",1.92901234567901,309,46,79,69,27,20.5,342,338,197,208,59,65,125,131,178.8,42.961796179,-79.244969273,1.1969,NA,NA,NA,31.104
668,6.4602,105,164,"2026-06-28_GHBLQ",1.91659000306654,299,50,74.5,72.5,25.5,22,326,342,203,208,52,60,120,128,178.8,42.961806992,-79.245072789,0.952994,NA,NA,NA,31.3056
669,6.4688,106,164,"2026-06-28_GHBLQ",1.86261361943079,311,52,74.5,72.5,25.5,22,328,332,201,217,49,58,118,125,178.6,42.961816128,-79.245179658,0.473522,NA,NA,NA,32.2128
670,6.4778,98,164,"2026-06-28_GHBLQ",1.86448894358056,257,48,78,75.5,24.5,22,335,339,201,207,51,60,118,124,178.4,42.961826857,-79.245288623,0.2513,NA,NA,NA,32.1804
671,6.4869,98,164,"2026-06-28_GHBLQ",1.84529081783289,301,54,83.5,46,28,15.5,335,342,201,204,51,65,118,129,178.2,42.961838256,-79.245399013,-0.209444,NA,NA,NA,32.5152
672,6.4961,99,164,"2026-06-28_GHBLQ",1.81890938193459,192,51,100,46,37.5,15.5,339,342,201,203,53,66,121,131,178.4,42.961848733,-79.245510241,0,NA,NA,NA,32.9868
673,6.5051,99,164,"2026-06-28_GHBLQ",1.83958793230316,222,51,100,46,37.5,15.5,345,342,198,203,55,66,120,131,178.4,42.961858876,-79.245619457,0,NA,NA,NA,32.616
674,6.5142,100,164,"2026-06-28_GHBLQ",1.81159420289855,273,56,77,64.5,26,19.5,345,342,200,200,59,66,124,132,178.6,42.961871113,-79.245730433,0,NA,NA,NA,33.12
675,6.5235,101,164,"2026-06-28_GHBLQ",1.78616082592077,287,55,77,77.5,27.5,23.5,345,343,200,198,59,65,124,131,178.6,42.961881591,-79.24584426,0,NA,NA,NA,33.5916
676,6.5329,101,164,"2026-06-28_GHBLQ",1.78443968593862,209,52,77,77.5,27.5,23.5,339,339,200,204,60,62,128,128,178.6,42.96189299,-79.24595775,-0.237389,NA,NA,NA,33.624
677,6.5424,102,163,"2026-06-28_GHBLQ",1.75975785731883,215,48,74.5,98,27,33,339,336,198,203,60,63,128,129,178.8,42.961904976,-79.24607275,-0.0268627,NA,NA,NA,34.0956
678,6.5518,103,163,"2026-06-28_GHBLQ",1.75975785731883,262,52,75.5,62.5,25,21,342,345,198,210,56,63,124,132,178.8,42.961915705,-79.246187582,-0.0268627,NA,NA,NA,34.0956
679,6.5615,104,163,"2026-06-28_GHBLQ",1.73250173250173,256,52,78.5,65.5,27,20.5,336,330,201,221,60,66,129,132,178.8,42.961927775,-79.246304845,0.205695,NA,NA,NA,34.632
680,6.5713,105,163,"2026-06-28_GHBLQ",1.72087420409568,249,52,73,99,24.5,34,339,330,200,221,56,66,125,132,178.8,42.96193842,-79.246423198,0.427918,NA,NA,NA,34.866
681,6.581,105,163,"2026-06-28_GHBLQ",1.70607704643942,194,57,72,70.5,24,24,328,332,198,203,49,65,118,128,178.8,42.961949903,-79.246540796,0.647698,NA,NA,NA,35.1684
682,6.5905,106,163,"2026-06-28_GHBLQ",1.7125633648445,205,53,76,61.5,25,21.5,328,332,198,203,49,65,118,128,178.6,42.961961638,-79.246657388,0.21978,NA,NA,NA,35.0352
683,6.6002,106,163,"2026-06-28_GHBLQ",1.70922640412949,229,53,73.5,67,25,21.5,333,332,198,203,51,65,120,128,178.6,42.961973875,-79.246775237,0.21978,NA,NA,NA,35.1036
684,6.6101,106,163,"2026-06-28_GHBLQ",1.70276529083231,256,50,79.5,68,28.5,21,339,343,200,195,55,65,122,125,178.6,42.961986616,-79.246895183,0,NA,NA,NA,35.2368
685,6.6201,107,163,"2026-06-28_GHBLQ",1.68503353216729,231,46,79.5,68,28.5,21,340,338,200,214,60,62,128,124,178.6,42.961999021,-79.247016133,0,NA,NA,NA,35.6076
686,6.63,107,162,"2026-06-28_GHBLQ",1.68827660723933,243,62,66.5,79,23.5,25.5,338,332,204,212,60,63,128,127,178.4,42.962010588,-79.247135995,-0.20202,NA,NA,NA,35.5392
687,6.6399,107,163,"2026-06-28_GHBLQ",1.68197261748579,243,62,73,78.5,26,22,332,332,203,212,55,63,124,127,178.4,42.962020646,-79.24725661,-0.412547,NA,NA,NA,35.6724
688,6.6497,107,162,"2026-06-28_GHBLQ",1.69635284139101,206,50,82,65,28,19.5,332,335,203,198,55,60,124,120,178.2,42.962033554,-79.247374963,-0.616628,NA,NA,NA,35.37
689,6.6595,107,162,"2026-06-28_GHBLQ",1.69153218985757,252,50,71.5,96,23,32,339,335,203,204,51,63,121,122,178.4,42.962047217,-79.247493567,-0.412547,NA,NA,NA,35.4708
690,6.6691,106,162,"2026-06-28_GHBLQ",1.69790817712578,206,58,69.5,66.5,22.5,20.5,342,336,200,214,51,66,121,129,178.4,42.962057778,-79.247611751,-0.412547,NA,NA,NA,35.3376
691,6.6789,107,162,"2026-06-28_GHBLQ",1.70120104793985,213,51,74.5,63.5,26,21.5,345,342,200,204,51,66,121,129,178.4,42.962069764,-79.247731361,-0.412547,NA,NA,NA,35.2692
692,6.6889,108,162,"2026-06-28_GHBLQ",1.66317400126401,305,37,74.5,63.5,26,21.5,340,343,201,214,56,66,127,129,178.6,42.962080912,-79.247854324,0,NA,NA,NA,36.0756
693,6.6991,109,162,"2026-06-28_GHBLQ",1.66466906379012,276,37,75.5,63.5,25,21.5,339,338,203,214,55,68,125,132,178.8,42.96209315,-79.247978124,0.194058,NA,NA,NA,36.0432
694,6.7095,109,162,"2026-06-28_GHBLQ",1.64625312788094,214,51,76,70,24,22.5,339,338,201,214,56,68,121,132,178.8,42.962104968,-79.248103602,0.194058,NA,NA,NA,36.4464
695,6.7196,103,162,"2026-06-28_GHBLQ",1.67252048837598,132,51,68,64.5,22,21.5,339,339,201,204,56,66,121,129,178.8,42.962117122,-79.248225726,0.194058,NA,NA,NA,35.874
696,6.7298,97,162,"2026-06-28_GHBLQ",1.65393139492574,206,48,65,42.5,21.5,14.5,346,346,198,200,56,73,118,138,178.8,42.962128773,-79.248349527,0.396078,NA,NA,NA,36.2772
697,6.74,97,162,"2026-06-28_GHBLQ",1.64788082525872,250,59,77,66.5,26,20,346,349,197,197,60,72,124,135,178.6,42.962140172,-79.248472657,0.2,NA,NA,NA,36.4104
698,6.75,97,162,"2026-06-28_GHBLQ",1.66317400126401,245,49,81.5,77,26.5,24.5,332,345,200,217,73,66,139,129,178.8,42.962150733,-79.248593943,0.604082,NA,NA,NA,36.0756
699,6.76,98,162,"2026-06-28_GHBLQ",1.65393139492574,256,56,81.5,77,26.5,24.5,332,339,200,219,73,66,139,132,178.6,42.962164564,-79.24871548,0.2,NA,NA,NA,36.2772
700,6.7701,98,162,"2026-06-28_GHBLQ",1.64025850474035,234,53,87.5,67,29,21.5,332,332,200,222,73,66,139,134,178.6,42.962178478,-79.248837437,0.2,NA,NA,NA,36.5796
701,6.7801,98,162,"2026-06-28_GHBLQ",1.63575097327183,280,48,73,97.5,24,34.5,328,332,198,222,66,66,131,134,178.4,42.962191134,-79.248959478,0,NA,NA,NA,36.6804
702,6.7903,99,161,"2026-06-28_GHBLQ",1.64171263462044,269,52,75.5,74,26.5,21.5,329,332,198,222,63,66,128,134,178.4,42.962203623,-79.249083027,-0.2,NA,NA,NA,36.5472
703,6.8004,99,161,"2026-06-28_GHBLQ",1.63270637408568,269,52,78,70,25,21,329,338,198,201,63,59,128,125,178.2,42.962215609,-79.249206325,-0.594098,NA,NA,NA,36.7488
704,6.8106,100,161,"2026-06-28_GHBLQ",1.62095571548985,259,54,76.5,73,26,22.5,332,340,201,200,62,60,127,125,178.2,42.962226757,-79.249330796,-0.594098,NA,NA,NA,37.0152
705,6.8209,100,161,"2026-06-28_GHBLQ",1.62095571548985,222,48,73,73,23.5,22.5,328,339,198,207,65,60,131,127,178.2,42.962238324,-79.249456189,-0.594098,NA,NA,NA,37.0152
706,6.8313,100,161,"2026-06-28_GHBLQ",1.63126814785815,250,48,73,73,23.5,22.5,326,336,198,215,65,66,131,132,178,42.962248886,-79.249582337,-0.786406,NA,NA,NA,36.7812
707,6.8414,99,161,"2026-06-28_GHBLQ",1.64171263462044,230,52,79,77.5,26,24,322,335,200,203,65,66,131,132,178.4,42.962256345,-79.24970664,-0.194288,NA,NA,NA,36.5472
708,6.8517,99,161,"2026-06-28_GHBLQ",1.63430738053213,262,49,77.5,67.5,25,20.5,323,338,198,198,62,63,128,129,178.6,42.962260201,-79.249833123,-0.200113,NA,NA,NA,36.7128
709,6.862,99,161,"2026-06-28_GHBLQ",1.62824019799401,251,50,69,69.5,22,20.5,335,338,198,198,62,63,127,129,178.6,42.962261542,-79.24995969,0,NA,NA,NA,36.8496
710,6.8725,100,161,"2026-06-28_GHBLQ",1.61061718850664,237,50,71.5,65,22.5,19,335,343,198,200,62,60,127,121,178.6,42.962262883,-79.250087933,0,NA,NA,NA,37.2528
711,6.8831,100,161,"2026-06-28_GHBLQ",1.61357988834027,244,47,71.5,65,22.5,19,339,346,197,198,59,60,124,118,178.8,42.962265566,-79.250215673,0.388566,NA,NA,NA,37.1844
712,6.8934,101,162,"2026-06-28_GHBLQ",1.60348919248284,199,48,71.5,65.5,22.5,18.5,342,347,198,198,56,62,122,122,178.8,42.962267074,-79.250342408,0.388566,NA,NA,NA,37.4184
713,6.9038,101,162,"2026-06-28_GHBLQ",1.58775523165349,226,55,74,60,25.5,17.5,343,347,197,195,56,66,122,125,178.8,42.962267242,-79.250470651,0.586586,NA,NA,NA,37.7892
714,6.9142,102,162,"2026-06-28_GHBLQ",1.58353127474268,249,42,74,60,25.5,17.5,339,343,198,200,62,62,129,124,178.8,42.962264476,-79.250599062,0.586586,NA,NA,NA,37.89
715,6.9249,102,162,"2026-06-28_GHBLQ",1.57099318188959,240,47,70,87,24,27.5,335,343,200,200,62,62,129,124,178.8,42.962261877,-79.250730658,0.586586,NA,NA,NA,38.1924
716,6.9357,102,162,"2026-06-28_GHBLQ",1.58353127474268,200,47,70.5,87,22.5,27.5,335,339,200,200,62,56,129,122,178.8,42.96226062,-79.250861499,0.778894,NA,NA,NA,37.89
717,6.9463,102,162,"2026-06-28_GHBLQ",1.58217834314284,217,46,73.5,64,25,18.5,338,339,200,197,56,58,124,122,178.8,42.962258609,-79.250991586,0.382854,NA,NA,NA,37.9224
718,6.9569,102,162,"2026-06-28_GHBLQ",1.57515042686577,230,54,64,68,21.5,19.5,340,342,198,197,56,59,125,121,178.8,42.962258106,-79.25112117,0.188679,NA,NA,NA,38.0916
719,6.9675,102,162,"2026-06-28_GHBLQ",1.58911772184083,192,52,68.5,97.5,21.5,32.5,339,343,198,215,63,62,131,122,178.8,42.96225777,-79.251249162,0.188679,NA,NA,NA,37.7568
720,6.9778,102,162,"2026-06-28_GHBLQ",1.58067779463834,168,56,67,57,21,18.5,345,343,197,215,58,62,125,122,178.8,42.962258189,-79.251376483,0.188679,NA,NA,NA,37.9584
721,6.9881,101,162,"2026-06-28_GHBLQ",1.59337157425112,202,53,67,57,21,18.5,345,345,197,200,58,66,125,128,178.8,42.962256345,-79.251503972,0,NA,NA,NA,37.656
722,6.9984,101,162,"2026-06-28_GHBLQ",1.59918121921576,217,49,67.5,55.5,22.5,15.5,345,346,197,197,52,66,120,125,178.8,42.962252825,-79.251632131,0,NA,NA,NA,37.5192
723,7.009,101,162,"2026-06-28_GHBLQ",1.58488652212502,255,46,70,67.5,23.5,20.5,343,346,197,197,58,66,125,125,178.6,42.962254585,-79.251764146,-0.188679,NA,NA,NA,37.8576
724,7.0195,102,162,"2026-06-28_GHBLQ",1.56966158096314,234,46,72,67.5,25,20.5,343,346,197,197,58,68,125,127,178.6,42.962284425,-79.251890378,-0.188679,NA,NA,NA,38.2248
725,7.0301,103,162,"2026-06-28_GHBLQ",1.55865207768322,220,53,70,69,23,21,342,343,193,193,52,60,117,121,178.4,42.962337482,-79.251999594,-0.377358,NA,NA,NA,38.4948
726,7.0403,103,162,"2026-06-28_GHBLQ",1.59764826175869,301,58,81,60.5,28,18.5,343,343,190,193,52,60,115,121,178.2,42.962411159,-79.252075199,-0.573437,NA,NA,NA,37.5552
727,7.0506,102,162,"2026-06-28_GHBLQ",1.57515042686577,285,53,78.5,86.5,28.5,31,340,347,200,193,55,58,122,115,178,42.962496571,-79.252128005,-0.767612,NA,NA,NA,38.0916
728,7.0609,102,162,"2026-06-28_GHBLQ",1.58911772184083,242,48,78.5,86.5,28.5,31,333,339,200,204,52,70,120,132,177.6,42.96258785,-79.25215248,-1.15596,NA,NA,NA,37.7568
729,7.0715,102,162,"2026-06-28_GHBLQ",1.592001783042,280,48,83.5,62,28.5,19.5,333,343,198,214,53,70,121,135,177.6,42.962681476,-79.252164634,-1.15596,NA,NA,NA,37.6884
730,7.0816,103,162,"2026-06-28_GHBLQ",1.58353127474268,258,55,77,72.5,26.5,23,328,343,200,214,58,70,124,135,177.4,42.962772587,-79.252186762,-1.35398,NA,NA,NA,37.89
731,7.0921,103,162,"2026-06-28_GHBLQ",1.58067779463834,280,45,82.5,98,28.5,34,328,342,200,215,58,66,124,131,177.2,42.962866213,-79.252210986,-1.54446,NA,NA,NA,37.9584
732,7.1028,103,162,"2026-06-28_GHBLQ",1.56966158096314,240,45,73,98,22,34,326,339,200,222,56,66,122,131,177.2,42.962960258,-79.252237556,-1.54446,NA,NA,NA,38.2248
733,7.1134,104,162,"2026-06-28_GHBLQ",1.56553322061494,282,51,90.5,77,31.5,25,338,343,197,211,56,69,118,132,177.2,42.963053464,-79.252270748,-1.35578,NA,NA,NA,38.3256
734,7.1243,104,162,"2026-06-28_GHBLQ",1.54923467806903,248,43,69.5,63,21.5,20,336,345,203,221,62,68,125,131,177.2,42.963149772,-79.252300253,-1.35578,NA,NA,NA,38.7288
735,7.1352,103,162,"2026-06-28_GHBLQ",1.58067779463834,191,47,69.5,63,21.5,20,339,336,198,212,60,75,122,138,177,42.963244656,-79.25232456,-1.35058,NA,NA,NA,37.9584
736,7.1457,102,162,"2026-06-28_GHBLQ",1.59627111068544,212,55,69.5,63,21.5,20,342,342,198,207,59,68,125,134,177.2,42.963338449,-79.252343839,-0.96403,NA,NA,NA,37.5876
737,7.1561,101,162,"2026-06-28_GHBLQ",1.623798389192,256,55,72,67.5,23.5,21.5,339,342,198,207,65,68,131,134,177.2,42.963431069,-79.252359261,-0.769856,NA,NA,NA,36.9504
738,7.1665,100,162,"2026-06-28_GHBLQ",1.62095571548985,240,47,76.5,97,26.5,34,339,342,198,221,65,65,131,134,177.4,42.963523019,-79.252381641,-0.189198,NA,NA,NA,37.0152
739,7.1769,100,162,"2026-06-28_GHBLQ",1.61796589327897,225,47,73.5,72,24,24,336,342,198,221,62,65,128,134,177.4,42.963614298,-79.252406368,-0.189198,NA,NA,NA,37.0836
740,7.187,99,162,"2026-06-28_GHBLQ",1.64171263462044,244,53,73,70.5,26.5,23.5,335,343,198,201,60,62,127,128,177.6,42.963703397,-79.252429669,0.206841,NA,NA,NA,36.5472
741,7.197,99,162,"2026-06-28_GHBLQ",1.65540987948616,282,53,83,82.5,27,28,333,343,200,201,59,63,125,129,177.6,42.963791407,-79.252454396,0.397317,NA,NA,NA,36.2448
742,7.207,99,162,"2026-06-28_GHBLQ",1.64025850474035,281,49,88,79,32,25,333,340,200,201,59,63,125,129,177.6,42.963880339,-79.252476357,0.397317,NA,NA,NA,36.5796
743,7.217,99,161,"2026-06-28_GHBLQ",1.6433313613357,255,50,88,79,32,25,315,336,204,222,66,68,132,134,177.6,42.963969523,-79.252499742,0.397317,NA,NA,NA,36.5112
744,7.2271,98,161,"2026-06-28_GHBLQ",1.65705574335521,205,64,77.5,97.5,27,35,315,336,224,222,69,68,138,134,177.8,42.964058287,-79.252524385,0.595337,NA,NA,NA,36.2088
745,7.2371,98,161,"2026-06-28_GHBLQ",1.66168162180126,258,64,71,97.5,24.5,35,315,336,224,215,69,70,138,135,177.8,42.964146884,-79.252548525,0.778823,NA,NA,NA,36.108
746,7.2472,98,162,"2026-06-28_GHBLQ",1.65245554894573,294,64,84.5,74.5,29,23.5,315,336,224,207,69,70,138,132,178,42.96423657,-79.252569731,0.786367,NA,NA,NA,36.3096
747,7.2573,98,162,"2026-06-28_GHBLQ",1.64788082525872,282,53,84.5,74.5,29,23.5,322,335,205,212,62,62,129,125,178,42.964327178,-79.252592865,0.786367,NA,NA,NA,36.4104
748,7.2675,98,162,"2026-06-28_GHBLQ",1.66783415057207,282,51,88,75,26.5,24.5,329,336,201,211,62,59,128,124,178.2,42.964416781,-79.252618011,0.790138,NA,NA,NA,35.9748
749,7.2779,98,162,"2026-06-28_GHBLQ",1.6493485073396,274,50,94,75,33.5,24.5,323,338,198,225,60,63,125,128,178.2,42.964506551,-79.252651622,0.790138,NA,NA,NA,36.378
750,7.2883,99,162,"2026-06-28_GHBLQ",1.62983245322381,296,59,79.5,77,28,24,312,338,200,221,58,66,124,132,178.2,42.964596238,-79.252686994,0.592118,NA,NA,NA,36.8136
751,7.2985,99,162,"2026-06-28_GHBLQ",1.64025850474035,264,47,79.5,77,28,24,293,338,201,211,56,73,124,138,178,42.964684667,-79.252720773,0.39604,NA,NA,NA,36.5796
752,7.3087,99,162,"2026-06-28_GHBLQ",1.6433313613357,224,47,74,91,25,28,293,338,201,211,56,73,124,138,178,42.964773012,-79.25275648,0.39604,NA,NA,NA,36.5112
753,7.3191,99,162,"2026-06-28_GHBLQ",1.62824019799401,268,47,74,91,25,28,319,339,198,201,58,65,125,131,178,42.964861692,-79.252793025,0.39604,NA,NA,NA,36.8496
754,7.3292,99,162,"2026-06-28_GHBLQ",1.64788082525872,282,52,77.5,70.5,27,21.5,332,340,198,198,60,59,127,124,177.8,42.964949116,-79.252823703,0,NA,NA,NA,36.4104
755,7.3392,99,162,"2026-06-28_GHBLQ",1.63575097327183,242,45,73,78,24.5,24,329,340,200,217,62,59,127,125,177.8,42.965036371,-79.25285723,0,NA,NA,NA,36.6804
756,7.3494,100,162,"2026-06-28_GHBLQ",1.61217514670794,276,51,76.5,70,25.5,21.5,329,339,201,214,59,62,124,127,177.8,42.965125303,-79.252891764,-0.19802,NA,NA,NA,37.2168
757,7.3596,100,162,"2026-06-28_GHBLQ",1.63270637408568,276,46,99,75.5,33.5,23.5,332,340,201,204,58,63,124,128,177.6,42.965214487,-79.252923112,-0.394098,NA,NA,NA,36.7488
758,7.3699,100,162,"2026-06-28_GHBLQ",1.62680982593135,203,60,99,75.5,33.5,23.5,328,328,208,201,58,68,124,132,177.4,42.965304173,-79.252955718,-0.784351,NA,NA,NA,36.882
759,7.3803,100,162,"2026-06-28_GHBLQ",1.62095571548985,288,44,76.5,64.5,27,18.5,321,325,204,207,65,73,131,136,177.6,42.965393859,-79.252991341,-0.592044,NA,NA,NA,37.0152
760,7.3906,100,162,"2026-06-28_GHBLQ",1.61938074880166,251,51,78,81.5,25.5,25.5,329,332,197,221,60,75,127,139,177.6,42.965482959,-79.253025204,-0.592044,NA,NA,NA,37.0512
761,7.4009,100,161,"2026-06-28_GHBLQ",1.61498708010336,261,56,72.5,81.5,22.5,25.5,339,332,200,221,62,75,128,139,177.4,42.965573316,-79.253056217,-0.59014,NA,NA,NA,37.152
762,7.4114,100,161,"2026-06-28_GHBLQ",1.59764826175869,271,56,75.5,74,24,22.5,339,340,200,207,62,68,128,131,177.4,42.965665265,-79.253084883,-0.59014,NA,NA,NA,37.5552
763,7.4218,102,162,"2026-06-28_GHBLQ",1.60056339831621,319,52,87,93.5,32.5,31.5,335,342,200,204,62,60,128,127,177.8,42.965756963,-79.25311204,-0.205525,NA,NA,NA,37.4868
764,7.4325,102,162,"2026-06-28_GHBLQ",1.57381177211206,289,46,87,93.5,32.5,31.5,326,342,203,204,63,60,131,127,177.8,42.965850757,-79.25314079,0,NA,NA,NA,38.124
765,7.4432,103,161,"2026-06-28_GHBLQ",1.57515042686577,264,46,87,93.5,32.5,31.5,326,328,203,221,63,65,131,131,177.8,42.965944048,-79.253169624,0,NA,NA,NA,38.0916
766,7.4538,103,161,"2026-06-28_GHBLQ",1.57515042686577,273,55,0,0,0,0,326,322,203,226,63,66,131,135,177.8,42.966037422,-79.253197452,0,NA,NA,NA,38.0916
767,7.4646,103,161,"2026-06-28_GHBLQ",1.561426519268,306,50,0,0,0,0,326,333,203,207,63,65,131,129,177.8,42.966131299,-79.253227124,0.188574,NA,NA,NA,38.4264
768,7.4752,104,161,"2026-06-28_GHBLQ",1.55588747821758,306,47,0,0,0,0,326,333,203,207,63,65,131,129,177.6,42.966224338,-79.253256879,0.194069,NA,NA,NA,38.5632
769,7.4858,105,161,"2026-06-28_GHBLQ",1.53581521071385,321,47,0,0,0,0,326,336,203,204,63,65,131,128,177.6,42.966318551,-79.253284623,0,NA,NA,NA,39.0672
770,7.4965,105,161,"2026-06-28_GHBLQ",1.55327741534638,334,47,87.5,80.5,32,25,325,338,205,208,63,62,134,128,177.6,42.96641268,-79.253310859,0,NA,NA,NA,38.628
771,7.5074,105,161,"2026-06-28_GHBLQ",1.53454255286499,273,49,80,99,29,37,322,332,204,225,63,58,134,129,177.4,42.966508653,-79.253339357,0.0124499,NA,NA,NA,39.0996
772,7.5182,105,161,"2026-06-28_GHBLQ",1.55588747821758,287,51,82,99,27,37,318,326,207,210,55,60,125,131,177.2,42.966603536,-79.253366431,-0.172735,NA,NA,NA,38.5632
773,7.5291,104,161,"2026-06-28_GHBLQ",1.53723175305909,274,45,82,99,27,37,307,329,208,210,58,66,128,134,177,42.966699006,-79.253394343,-0.740837,NA,NA,NA,39.0312
774,7.5395,104,161,"2026-06-28_GHBLQ",1.56966158096314,318,50,80,74,30.5,23.5,314,330,208,214,60,66,129,134,177,42.966791626,-79.253420578,-0.740837,NA,NA,NA,38.2248
775,7.5503,104,161,"2026-06-28_GHBLQ",1.53978812515398,372,51,95,96,35,33.5,308,330,211,214,63,66,132,134,176.8,42.966887682,-79.25344916,-0.926022,NA,NA,NA,38.9664
776,7.5612,105,161,"2026-06-28_GHBLQ",1.55458135124211,363,43,85.5,85.5,32,29.5,308,325,211,217,63,62,132,131,176.8,42.966983823,-79.253474809,-0.926022,NA,NA,NA,38.5956
777,7.5723,105,161,"2026-06-28_GHBLQ",1.54121200912398,252,43,85.5,85.5,32,29.5,312,329,210,215,60,60,129,129,176.8,42.967081304,-79.253500458,-0.926022,NA,NA,NA,38.9304
778,7.583,104,161,"2026-06-28_GHBLQ",1.57932973246154,309,48,80.5,76,30,24,329,332,205,211,58,60,128,129,176.8,42.967175517,-79.253525771,-0.737343,NA,NA,NA,37.9908
779,7.5939,103,161,"2026-06-28_GHBLQ",1.55734130692082,323,49,82,93.5,29,33,330,333,203,201,59,63,127,128,176.8,42.967271154,-79.253555191,-0.737343,NA,NA,NA,38.5272
780,7.6045,102,162,"2026-06-28_GHBLQ",1.592001783042,302,48,82,93.5,29,33,329,332,203,203,65,59,134,125,177,42.967363355,-79.253583187,-0.548664,NA,NA,NA,37.6884
781,7.615,102,162,"2026-06-28_GHBLQ",1.58488652212502,393,48,82,93.5,29,33,321,332,208,204,70,59,138,125,177,42.967455975,-79.253610344,-0.365177,NA,NA,NA,37.8576
782,7.6254,102,162,"2026-06-28_GHBLQ",1.57932973246154,385,53,93,99.5,33.5,36,321,332,208,204,70,59,138,125,177.2,42.967548595,-79.253636831,0.0123155,NA,NA,NA,37.9908
783,7.6359,102,162,"2026-06-28_GHBLQ",1.59918121921576,339,55,86.5,99.5,27.5,36,294,323,208,204,70,60,139,128,177.2,42.967641299,-79.253661558,0.195802,NA,NA,NA,37.5192
784,7.6466,102,162,"2026-06-28_GHBLQ",1.58067779463834,328,55,78.5,88.5,27,31,294,322,208,203,70,60,139,127,177.2,42.967735344,-79.253686117,0.195802,NA,NA,NA,37.9584
785,7.657,101,162,"2026-06-28_GHBLQ",1.61357988834027,266,50,83,74.5,29,21,325,335,204,203,62,58,129,124,177.2,42.967826791,-79.253707993,0.380987,NA,NA,NA,37.1844
786,7.6673,101,162,"2026-06-28_GHBLQ",1.60194796872998,265,47,92.5,77,33,22.5,325,336,204,208,65,63,134,131,177.4,42.967918824,-79.253731379,0.575162,NA,NA,NA,37.4544
787,7.6777,101,162,"2026-06-28_GHBLQ",1.60487883164821,302,42,94.5,79,34,27.5,307,326,204,225,66,70,134,141,177.6,42.96801069,-79.253755938,0.767469,NA,NA,NA,37.386
788,7.6879,100,162,"2026-06-28_GHBLQ",1.64171263462044,248,52,69,74,23,24,319,328,197,224,60,69,127,141,177.6,42.968100208,-79.253782928,0.767469,NA,NA,NA,36.5472
789,7.6982,100,162,"2026-06-28_GHBLQ",1.61655350792111,258,53,69,74,23,24,319,336,197,207,60,65,127,132,177.8,42.968191236,-79.253811426,0.961644,NA,NA,NA,37.116
790,7.7086,99,162,"2026-06-28_GHBLQ",1.623798389192,211,47,67.5,74,22,24,319,336,197,207,60,65,127,132,178,42.968282012,-79.253839338,0.965273,NA,NA,NA,36.9504
791,7.7187,99,162,"2026-06-28_GHBLQ",1.65081880612784,263,47,74,70,23,22.5,340,343,197,197,59,59,125,125,177.8,42.968371698,-79.253865406,0.767253,NA,NA,NA,36.3456
792,7.7291,98,162,"2026-06-28_GHBLQ",1.6493485073396,262,49,74,70,23,22.5,338,345,197,197,63,59,129,125,177.8,42.96846239,-79.253889043,0.574945,NA,NA,NA,36.378
793,7.7391,98,161,"2026-06-28_GHBLQ",1.65705574335521,289,61,85,77.5,29,25,332,342,198,198,66,60,132,125,177.8,42.968551574,-79.253913266,0.574945,NA,NA,NA,36.2088
794,7.7494,98,161,"2026-06-28_GHBLQ",1.66317400126401,317,43,79,96.5,26.5,32,312,338,200,218,72,68,141,132,177.8,42.968640338,-79.253939418,0.574945,NA,NA,NA,36.0756
795,7.7593,98,161,"2026-06-28_GHBLQ",1.66317400126401,317,52,79.5,81.5,25,24.5,321,339,200,215,66,68,134,132,177.8,42.968727594,-79.253963306,0.574945,NA,NA,NA,36.0756
796,7.7691,98,161,"2026-06-28_GHBLQ",1.66616681662168,283,52,79.5,81.5,25,24.5,328,339,198,205,60,63,125,128,177.8,42.96881552,-79.253982668,0.38077,NA,NA,NA,36.0108
797,7.7791,98,161,"2026-06-28_GHBLQ",1.64788082525872,248,55,77,81.5,25.5,24.5,329,339,198,205,65,63,129,128,178,42.9689042,-79.254003958,0.388463,NA,NA,NA,36.4104
798,7.7891,98,162,"2026-06-28_GHBLQ",1.64479094707063,285,56,78,77,28,24.5,329,333,198,201,65,60,129,127,177.8,42.968993803,-79.254025165,0.188463,NA,NA,NA,36.4788
799,7.7992,98,162,"2026-06-28_GHBLQ",1.66168162180126,250,42,81.5,73.5,28.5,23,323,336,201,201,68,62,134,127,177.8,42.969083406,-79.254046119,0,NA,NA,NA,36.108
800,7.8095,99,162,"2026-06-28_GHBLQ",1.62680982593135,251,42,79,73.5,25.5,23,321,340,201,208,70,65,135,131,177.6,42.969174936,-79.254071349,-0.392195,NA,NA,NA,36.882
801,7.82,99,162,"2026-06-28_GHBLQ",1.62095571548985,235,48,68.5,67,23,19.5,332,339,198,219,66,66,132,134,177.6,42.969266299,-79.254096411,-0.194175,NA,NA,NA,37.0152
802,7.8301,99,162,"2026-06-28_GHBLQ",1.65245554894573,245,49,67.5,66.5,22.5,20,339,340,195,205,59,60,124,127,177.6,42.969355398,-79.254116276,-0.194175,NA,NA,NA,36.3096
803,7.8403,99,161,"2026-06-28_GHBLQ",1.61655350792111,268,49,67.5,66.5,22.5,20,343,343,197,200,56,59,122,125,177.8,42.969445755,-79.254141003,0,NA,NA,NA,37.116
804,7.8506,100,161,"2026-06-28_GHBLQ",1.60194796872998,275,49,79,66.5,26,20,340,343,201,200,59,59,125,125,177.8,42.969537537,-79.254164137,0,NA,NA,NA,37.4544
805,7.8609,101,162,"2026-06-28_GHBLQ",1.61655350792111,223,51,92.5,73.5,33.5,21.5,340,343,201,207,59,62,125,127,177.8,42.9696289,-79.254186935,0,NA,NA,NA,37.116
806,7.8712,101,162,"2026-06-28_GHBLQ",1.60627088152146,233,44,74.5,90,23.5,25.5,325,336,200,218,56,63,122,125,177.8,42.969720514,-79.254213338,0,NA,NA,NA,37.3536
807,7.8819,100,162,"2026-06-28_GHBLQ",1.60627088152146,206,44,74.5,90,23.5,25.5,329,338,197,211,56,66,122,127,177.8,42.969812966,-79.254241418,-0.198096,NA,NA,NA,37.3536
808,7.8922,100,162,"2026-06-28_GHBLQ",1.61655350792111,210,41,74,81,23.5,25.5,339,340,198,207,66,66,132,129,177.6,42.969904078,-79.254263211,-0.192271,NA,NA,NA,37.116
809,7.9023,100,162,"2026-06-28_GHBLQ",1.60921759840366,197,50,67,68,21.5,22,342,343,200,207,60,70,127,134,177.4,42.969995357,-79.254284249,-0.390291,NA,NA,NA,37.2852
810,7.9128,100,162,"2026-06-28_GHBLQ",1.61796589327897,215,55,67,68,21.5,22,340,345,195,201,53,68,120,134,177.2,42.970087725,-79.254306629,-0.386592,NA,NA,NA,37.0836
811,7.9231,100,162,"2026-06-28_GHBLQ",1.64025850474035,227,51,69,68,22,22,342,345,197,201,55,68,121,134,177,42.970178166,-79.254330182,-0.580767,NA,NA,NA,36.5796
812,7.9334,99,162,"2026-06-28_GHBLQ",1.61061718850664,214,54,71,66,23.5,19.5,342,346,197,197,55,60,121,127,177,42.97026978,-79.254356334,-0.580767,NA,NA,NA,37.2528
813,7.9438,99,162,"2026-06-28_GHBLQ",1.623798389192,230,52,68,57.5,22.5,16.5,345,345,198,194,58,63,124,127,176.6,42.970360975,-79.254377037,-1.16146,NA,NA,NA,36.9504
814,7.9541,100,162,"2026-06-28_GHBLQ",1.63126814785815,244,52,79.5,64,26,18,352,345,201,194,60,68,127,128,176.8,42.970451919,-79.254394555,-0.967286,NA,NA,NA,36.7812
815,7.9641,100,162,"2026-06-28_GHBLQ",1.61655350792111,213,37,69.5,93.5,21,31.5,347,343,201,214,63,70,128,132,177,42.970542611,-79.254413414,-0.767286,NA,NA,NA,37.116
816,7.9744,100,162,"2026-06-28_GHBLQ",1.61357988834027,210,56,73.5,93.5,25.5,31.5,347,343,201,212,65,69,129,134,177,42.970634728,-79.254427328,-0.767286,NA,NA,NA,37.1844
817,7.9847,100,162,"2026-06-28_GHBLQ",1.62680982593135,249,50,70,82.5,24,25,342,345,203,208,66,66,132,131,177,42.970727097,-79.254437387,-0.767286,NA,NA,NA,36.882
818,7.995,101,162,"2026-06-28_GHBLQ",1.59918121921576,295,48,99,82.5,33,25,338,345,205,208,65,66,131,131,177.2,42.970821309,-79.254450295,-0.378937,NA,NA,NA,37.5192
819,8.0058,101,162,"2026-06-28_GHBLQ",1.60056339831621,326,52,99,82.5,33,25,338,345,205,207,65,68,131,132,177.4,42.970916863,-79.254465634,0,NA,NA,NA,37.4868
820,8.0164,101,162,"2026-06-28_GHBLQ",1.61061718850664,295,52,87.5,84.5,34.5,26.5,273,333,211,233,60,66,131,138,177,42.971010992,-79.254480889,-0.182614,NA,NA,NA,37.2528
821,8.0269,101,161,"2026-06-28_GHBLQ",1.60348919248284,315,47,79.5,79,26.5,23.5,290,332,198,217,55,68,125,136,176.8,42.971104785,-79.254494719,-0.178915,NA,NA,NA,37.4184
822,8.0373,101,161,"2026-06-28_GHBLQ",1.62095571548985,254,60,83.5,79,25,23.5,311,342,184,201,45,73,113,135,176.8,42.97119707,-79.254508214,-0.178915,NA,NA,NA,37.0152
823,8.0476,100,161,"2026-06-28_GHBLQ",1.60921759840366,299,46,86,63.5,28,18,319,342,191,201,52,73,120,135,176.8,42.97128969,-79.254522798,0.2057,NA,NA,NA,37.2852
824,8.0579,100,161,"2026-06-28_GHBLQ",1.623798389192,282,51,83.5,98,27.5,33,319,342,191,201,52,73,120,135,176.8,42.971381388,-79.254536209,0.0115253,NA,NA,NA,36.9504
825,8.0682,100,161,"2026-06-28_GHBLQ",1.62824019799401,289,52,83.5,98,27.5,33,328,333,200,231,60,70,128,136,177,42.971472667,-79.254549704,0,NA,NA,NA,36.8496
826,8.0782,100,161,"2026-06-28_GHBLQ",1.62680982593135,304,51,81.5,97.5,26.5,36.5,328,329,200,222,60,68,128,136,177.2,42.971563108,-79.254561858,0.2057,NA,NA,NA,36.882
827,8.0885,100,161,"2026-06-28_GHBLQ",1.62237580713196,301,46,81,76.5,29.5,23,332,338,203,205,63,63,129,128,177,42.971654973,-79.254574431,0.0115253,NA,NA,NA,36.9828
828,8.0986,100,161,"2026-06-28_GHBLQ",1.62983245322381,262,40,88,79.5,28.5,26,333,340,204,210,63,62,129,128,177,42.971745749,-79.254587507,-0.182649,NA,NA,NA,36.8136
829,8.1087,100,161,"2026-06-28_GHBLQ",1.63270637408568,258,40,87,80,33,24.5,321,340,203,221,66,62,132,131,177,42.971836693,-79.254601001,-0.367835,NA,NA,NA,36.7488
830,8.1189,100,161,"2026-06-28_GHBLQ",1.61796589327897,258,49,74,94,23.5,28,305,329,198,210,68,63,134,128,176.8,42.971929648,-79.254617178,-0.186555,NA,NA,NA,37.0836
831,8.1295,100,161,"2026-06-28_GHBLQ",1.623798389192,268,49,76,75.5,24.5,25.5,321,329,194,210,55,63,121,128,176.8,42.972023526,-79.254633607,0,NA,NA,NA,36.9504
832,8.1401,101,161,"2026-06-28_GHBLQ",1.60487883164821,263,46,76,75.5,24.5,25.5,335,332,194,195,52,60,118,120,176.6,42.972118409,-79.254646096,-0.184758,NA,NA,NA,37.386
833,8.1506,100,161,"2026-06-28_GHBLQ",1.61357988834027,267,50,85,76.5,26,23,335,336,194,195,52,60,118,118,176.4,42.972212119,-79.254654981,-0.375234,NA,NA,NA,37.1844
834,8.1611,100,161,"2026-06-28_GHBLQ",1.623798389192,306,47,73.5,76.5,24.5,23,338,345,198,200,53,66,121,122,176.2,42.972304152,-79.25467208,-0.56571,NA,NA,NA,36.9504
835,8.1712,100,161,"2026-06-28_GHBLQ",1.63430738053213,242,38,79,76.5,26.5,22,339,346,201,203,56,70,122,128,176.2,42.972394341,-79.254685575,-0.759885,NA,NA,NA,36.7128
836,8.1811,99,161,"2026-06-28_GHBLQ",1.65081880612784,265,38,70.5,76.5,24.5,22,338,346,201,207,68,69,134,128,176.4,42.972483944,-79.254698734,-0.757865,NA,NA,NA,36.3456
837,8.1911,98,161,"2026-06-28_GHBLQ",1.67403240926744,272,46,55.5,82,17,19,338,343,201,221,68,65,134,128,176.6,42.972573211,-79.254716169,-0.36369,NA,NA,NA,35.8416
838,8.2011,98,161,"2026-06-28_GHBLQ",1.66933760683761,250,55,71.5,75,23,23.5,332,343,191,221,62,65,128,128,176.6,42.9726634,-79.254728406,-0.36369,NA,NA,NA,35.9424
839,8.2112,97,162,"2026-06-28_GHBLQ",1.66616681662168,215,54,71.5,75,23,23.5,340,342,194,198,58,63,122,121,176.8,42.972754092,-79.254740979,-0.16567,NA,NA,NA,36.0108
840,8.2212,97,161,"2026-06-28_GHBLQ",1.67723323605381,286,58,70,68.5,22,21,340,346,194,193,58,68,122,127,176.8,42.972843611,-79.254757575,0.0304084,NA,NA,NA,35.7732
841,8.2313,97,161,"2026-06-28_GHBLQ",1.69946636756059,260,43,83,75,27.5,25,340,346,195,197,59,66,124,129,176.6,42.972932711,-79.254772076,-0.167611,NA,NA,NA,35.3052
842,8.2413,97,161,"2026-06-28_GHBLQ",1.67723323605381,247,57,75,75,23.5,25,335,343,198,203,63,66,127,129,176.6,42.973022146,-79.254788672,0.0210678,NA,NA,NA,35.7732
843,8.2512,97,161,"2026-06-28_GHBLQ",1.66933760683761,259,57,74.5,72,23,22,332,340,198,201,63,65,128,128,176.8,42.973110826,-79.254807364,0.413564,NA,NA,NA,35.9424
844,8.2612,97,161,"2026-06-28_GHBLQ",1.66783415057207,234,51,80.5,70.5,26,22.5,332,343,198,197,63,63,128,128,176.6,42.973199926,-79.254829408,0.40404,NA,NA,NA,35.9748
845,8.2714,97,161,"2026-06-28_GHBLQ",1.67403240926744,219,58,70.5,71,22.5,22,329,347,198,201,68,68,132,132,176.6,42.973290367,-79.254847513,0.40404,NA,NA,NA,35.8416
846,8.2813,96,161,"2026-06-28_GHBLQ",1.70120104793985,239,54,73,93.5,22.5,29,338,347,198,201,65,68,129,132,176.6,42.97337846,-79.254868384,0.20202,NA,NA,NA,35.2692
847,8.2913,95,161,"2026-06-28_GHBLQ",1.70276529083231,245,49,71,71,21.5,20,338,345,198,197,65,65,129,128,176.8,42.973466638,-79.254889423,0.20202,NA,NA,NA,35.2368
848,8.3012,95,161,"2026-06-28_GHBLQ",1.70607704643942,213,51,71,71,21.5,20,340,346,195,195,60,65,125,125,176.8,42.973554397,-79.254907025,0.20202,NA,NA,NA,35.1684
849,8.3109,94,161,"2026-06-28_GHBLQ",1.73088240384948,197,50,68.5,71,22,20,343,347,195,197,65,62,128,125,177,42.973640982,-79.254919598,0.210186,NA,NA,NA,34.6644
850,8.3205,94,161,"2026-06-28_GHBLQ",1.73250173250173,220,50,70,64.5,21,19,345,349,197,197,66,62,129,124,177,42.973727315,-79.254935439,0.210186,NA,NA,NA,34.632
851,8.3301,94,161,"2026-06-28_GHBLQ",1.75290983031833,85,54,71.5,68.5,22,19.5,345,347,197,195,66,60,129,122,177,42.973812978,-79.254953628,0.408206,NA,NA,NA,34.2288
852,8.3392,65,161,"2026-06-28_GHBLQ",1.82828726049437,85,54,57.5,68.5,16,19.5,345,347,197,195,66,60,129,122,177.2,42.973895205,-79.254967123,0.627986,NA,NA,NA,32.8176
853,8.3485,65,161,"2026-06-28_GHBLQ",1.85866696405338,0,93,57.5,68.5,16,19.5,345,347,197,195,66,60,129,122,177.6,42.973979946,-79.254985312,0.856073,NA,NA,NA,32.2812
854,8.3567,65,161,"2026-06-28_GHBLQ",2.20516891593896,0,93,57.5,68.5,16,19.5,345,347,197,195,66,60,129,122,178.2,42.97405379,-79.254997885,1.78778,NA,NA,NA,27.2088
855,8.3636,0,161,"2026-06-28_GHBLQ",2.84414106939704,0,NA,0,0,0,0,0,0,0,0,0,0,0,0,178.8,42.974115146,-79.255028395,2.65735,NA,NA,NA,21.096
856,8.3689,0,161,"2026-06-28_GHBLQ",3.84113082891603,0,NA,0,0,0,0,0,0,0,0,0,0,0,0,179.4,42.974142471,-79.255090924,3.78942,NA,NA,NA,15.6204
857,8.373,0,161,"2026-06-28_GHBLQ",4.05022276225192,0,NA,0,0,0,0,0,0,0,0,0,0,0,0,179.4,42.97412797,-79.255146496,3.58942,NA,NA,NA,14.814
858,8.3775,0,162,"2026-06-28_GHBLQ",3.50213630314492,0,NA,0,0,0,0,0,0,0,0,0,0,0,0,179.4,42.974085474,-79.255156973,3.58942,NA,NA,NA,17.1324
859,8.3829,0,162,"2026-06-28_GHBLQ",2.9868578255675,0,NA,0,0,0,0,0,0,0,0,0,0,0,0,179,42.974036021,-79.255146747,2.6425,NA,NA,NA,20.088
860,8.389,23,162,"2026-06-28_GHBLQ",2.50513552783206,267,13,95.5,49,28.5,17.5,0,345,219,194,73,62,132,124,178.4,42.973982293,-79.255125457,1.65889,NA,NA,NA,23.9508
861,8.3957,61,162,"2026-06-28_GHBLQ",2.30489097865671,496,50,95.5,96,27,28,0,345,222,194,82,62,141,124,177.8,42.973923452,-79.255101736,0.763366,NA,NA,NA,26.0316
862,8.4028,68,162,"2026-06-28_GHBLQ",2.20779794233232,523,50,88,95.5,23,26.5,0,347,222,198,82,69,141,131,177.4,42.973861174,-79.255079105,-0.0197944,NA,NA,NA,27.1764
863,8.4105,75,162,"2026-06-28_GHBLQ",2.09907640638119,463,50,88,95.5,23,26.5,0,347,222,198,82,69,141,131,177.4,42.97379261,-79.255061419,-0.449902,NA,NA,NA,28.584
864,8.4187,79,162,"2026-06-28_GHBLQ",2.02069188490139,446,50,92,89.5,29,21.5,0,347,222,198,82,69,141,131,177.4,42.973718933,-79.255047422,-1.18161,NA,NA,NA,29.6928
865,8.4275,79,161,"2026-06-28_GHBLQ",1.95434646654159,399,50,92,89.5,29,21.5,0,347,222,210,82,66,141,124,177.4,42.973642658,-79.255029065,-2.05117,NA,NA,NA,30.7008
866,8.4361,84,161,"2026-06-28_GHBLQ",1.91043863671099,399,60,92,89.5,29,21.5,352,333,219,204,73,63,134,124,177.6,42.973566215,-79.255008697,-2.95069,NA,NA,NA,31.4064
867,8.4451,88,161,"2026-06-28_GHBLQ",1.81159420289855,446,60,100,89,34.5,26,0,333,357,204,0,63,357,124,177.6,42.97348533,-79.254986234,-2.95069,NA,NA,NA,33.12
868,8.4545,91,161,"2026-06-28_GHBLQ",1.77380445579679,358,46,99.5,89,33,26,339,333,232,204,68,63,129,124,177.4,42.973401427,-79.254969721,-3.16346,NA,NA,NA,33.8256
869,8.4642,93,161,"2026-06-28_GHBLQ",1.74776286353468,325,50,86,99.5,26.5,35.5,339,314,232,208,68,63,129,127,177,42.973316015,-79.25494818,-2.83509,NA,NA,NA,34.3296
870,8.474,94,161,"2026-06-28_GHBLQ",1.73088240384948,295,52,86,99.5,26.5,35.5,288,312,225,224,68,63,134,129,177,42.973229011,-79.25492865,-1.85148,NA,NA,NA,34.6644
871,8.4838,95,162,"2026-06-28_GHBLQ",1.70607704643942,330,48,93,75.5,31,22,288,312,225,224,68,63,134,129,177,42.973141588,-79.254908198,-0.955959,NA,NA,NA,35.1684
872,8.4938,95,162,"2026-06-28_GHBLQ",1.69946636756059,291,43,93.5,91,31.5,27.5,307,333,208,228,69,62,134,125,177,42.973053578,-79.254888752,-0.392579,NA,NA,NA,35.3052
873,8.5037,95,162,"2026-06-28_GHBLQ",1.70120104793985,275,47,85,87.5,28.5,31.5,300,333,205,228,72,62,135,125,176.8,42.972965987,-79.254873162,-0.594599,NA,NA,NA,35.2692
874,8.5136,95,162,"2026-06-28_GHBLQ",1.70607704643942,299,47,88.5,87.5,30.5,31.5,300,338,205,219,72,63,135,129,177,42.972878815,-79.254856482,-0.392579,NA,NA,NA,35.1684
875,8.5232,96,162,"2026-06-28_GHBLQ",1.70433241299383,257,48,87,91.5,28.5,30,314,329,204,210,62,65,128,128,176.8,42.97279223,-79.254842652,-0.600912,NA,NA,NA,35.2044
876,8.533,96,162,"2026-06-28_GHBLQ",1.68673885908984,302,50,88.5,91.5,29.5,30,314,329,204,210,62,65,128,128,176.6,42.972703969,-79.254825636,-1.03755,NA,NA,NA,35.5716
877,8.543,96,162,"2026-06-28_GHBLQ",1.66783415057207,251,47,88.5,91.5,29.5,30,315,311,204,214,63,65,128,129,176.2,42.97261445,-79.254812393,-1.43755,NA,NA,NA,35.9748
878,8.5529,96,162,"2026-06-28_GHBLQ",1.68503353216729,216,55,73,93,25.5,30.5,316,322,204,238,66,69,132,136,176.2,42.972525602,-79.254796719,-1.22479,NA,NA,NA,35.6076
879,8.5629,96,162,"2026-06-28_GHBLQ",1.69307869429771,239,51,70.5,96,26,35,335,338,203,218,60,66,127,132,176,42.972436586,-79.254782805,-1.01241,NA,NA,NA,35.4384
880,8.5729,96,162,"2026-06-28_GHBLQ",1.69635284139101,326,43,74.5,96,25.5,35,342,345,203,211,58,65,124,129,176,42.972347151,-79.254770819,-1.01241,NA,NA,NA,35.37
881,8.5829,96,162,"2026-06-28_GHBLQ",1.6946280291476,273,43,97.5,69,35.5,20,335,343,205,224,56,63,122,128,176.2,42.9722578,-79.254756067,-0.812415,NA,NA,NA,35.406
882,8.5929,96,162,"2026-06-28_GHBLQ",1.68027690963471,229,57,74.5,74,27.5,23.5,319,338,204,215,59,60,125,124,176.2,42.972168784,-79.254743997,-0.812415,NA,NA,NA,35.7084
883,8.6029,96,162,"2026-06-28_GHBLQ",1.68827660723933,259,49,87.5,74,30,23.5,325,338,203,215,62,60,127,124,176.2,42.972080439,-79.254731508,-0.610395,NA,NA,NA,35.5392
884,8.6127,96,162,"2026-06-28_GHBLQ",1.67875369325813,342,54,99.5,98,36,32,325,339,203,210,62,62,127,125,176.2,42.971992177,-79.254718097,-0.812415,NA,NA,NA,35.7408
885,8.6226,97,162,"2026-06-28_GHBLQ",1.66933760683761,294,51,81.5,79,26,24,322,335,201,245,63,63,128,132,176.2,42.971903581,-79.254706613,-0.604082,NA,NA,NA,35.9424
886,8.6325,97,162,"2026-06-28_GHBLQ",1.66168162180126,247,51,81.5,79,26,24,318,335,201,226,63,66,128,132,176.2,42.971814565,-79.254697058,-0.4,NA,NA,NA,36.108
887,8.6425,97,162,"2026-06-28_GHBLQ",1.67554706611709,243,50,79,79,25,24,332,335,200,203,58,60,125,124,176.4,42.971725046,-79.254689598,0.2,NA,NA,NA,35.8092
888,8.6523,97,161,"2026-06-28_GHBLQ",1.68503353216729,272,50,87,85,29,26,329,338,201,201,59,62,127,125,176.4,42.971636785,-79.254674511,0.2,NA,NA,NA,35.6076
889,8.6621,97,161,"2026-06-28_GHBLQ",1.68197261748579,258,50,79.5,95,29,37,319,342,201,226,68,69,134,136,176.4,42.971548104,-79.254660178,0.4,NA,NA,NA,35.6724
890,8.6722,97,161,"2026-06-28_GHBLQ",1.66317400126401,246,55,77,64,26,19.5,326,342,198,226,68,69,132,136,176.4,42.971457161,-79.254646683,0.4,NA,NA,NA,36.0756
891,8.6824,97,161,"2026-06-28_GHBLQ",1.66002656042497,266,54,89.5,71,29.5,21,326,342,198,218,68,68,132,134,176.4,42.971365882,-79.254636708,0.2,NA,NA,NA,36.144
892,8.6926,97,161,"2026-06-28_GHBLQ",1.66616681662168,268,55,86.5,94.5,32,37.5,335,340,201,201,63,62,128,125,176.4,42.971275692,-79.25462095,0.2,NA,NA,NA,36.0108
893,8.7026,97,161,"2026-06-28_GHBLQ",1.67084377610693,219,50,86.5,94.5,32,37.5,319,339,201,215,66,63,131,129,176.2,42.971186341,-79.254606701,0,NA,NA,NA,35.91
894,8.7126,97,161,"2026-06-28_GHBLQ",1.66616681662168,253,53,77,94.5,25.5,37.5,329,339,201,211,65,66,128,132,176.2,42.971096823,-79.254594212,0,NA,NA,NA,36.0108
895,8.7226,97,161,"2026-06-28_GHBLQ",1.65540987948616,291,46,83,63.5,27.5,20,335,342,200,203,66,66,131,131,176.2,42.971005627,-79.254584741,0,NA,NA,NA,36.2448
896,8.7328,97,162,"2026-06-28_GHBLQ",1.68673885908984,296,46,90,86,30,24,329,338,198,207,62,72,127,136,176.2,42.970916109,-79.254569569,0,NA,NA,NA,35.5716
897,8.7429,97,162,"2026-06-28_GHBLQ",1.66933760683761,274,56,99.5,77,41,25,329,338,198,207,62,72,127,136,176.4,42.970826087,-79.254553308,0,NA,NA,NA,35.9424
898,8.753,98,162,"2026-06-28_GHBLQ",1.64788082525872,294,51,88,77,30,25,329,338,198,217,62,73,127,139,176.4,42.97073573,-79.254538891,0,NA,NA,NA,36.4104
899,8.7631,98,162,"2026-06-28_GHBLQ",1.6493485073396,256,57,75,98,27,39,329,330,198,239,62,75,127,145,176.4,42.970645373,-79.254527995,0,NA,NA,NA,36.378
900,8.7731,97,162,"2026-06-28_GHBLQ",1.66783415057207,280,56,75,98,27,39,326,332,200,224,58,72,122,141,176.4,42.970556441,-79.254511483,0,NA,NA,NA,35.9748
901,8.7831,97,162,"2026-06-28_GHBLQ",1.66466906379012,280,51,88.5,76,30.5,25,330,336,201,212,59,65,124,131,176.2,42.970467174,-79.254495892,-0.20198,NA,NA,NA,36.0432
902,8.7929,96,161,"2026-06-28_GHBLQ",1.6946280291476,275,57,97.5,78,34.5,27,330,335,201,225,59,65,124,134,176.2,42.970379499,-79.25447938,-0.20198,NA,NA,NA,35.406
903,8.8028,96,161,"2026-06-28_GHBLQ",1.69946636756059,251,53,97.5,78,34.5,27,304,333,203,208,65,65,129,129,176.4,42.970291825,-79.254460102,0.20004,NA,NA,NA,35.3052
904,8.8125,95,161,"2026-06-28_GHBLQ",1.71750480901347,284,53,75.5,79,23.5,23,319,336,201,200,63,58,128,121,176.4,42.970205491,-79.25443789,0.20004,NA,NA,NA,34.9344
905,8.8223,95,161,"2026-06-28_GHBLQ",1.70922640412949,274,55,80,74,27.5,20.5,319,336,201,200,63,58,128,121,176.6,42.970118906,-79.254414253,0.404122,NA,NA,NA,35.1036
906,8.8319,95,161,"2026-06-28_GHBLQ",1.73412409392016,310,47,82,97.5,26.5,34,335,338,200,205,60,58,125,120,176.8,42.970033913,-79.254389107,0.612455,NA,NA,NA,34.5996
907,8.8417,95,161,"2026-06-28_GHBLQ",1.71098107654929,282,51,82,97.5,26.5,34,330,339,201,217,58,60,124,124,176.8,42.969947747,-79.254363039,0.414435,NA,NA,NA,35.0676
908,8.8514,95,161,"2026-06-28_GHBLQ",1.70607704643942,258,45,82,97.5,28,34,328,340,201,211,62,60,127,124,176.6,42.969860659,-79.254343342,0.20825,NA,NA,NA,35.1684
909,8.8612,94,161,"2026-06-28_GHBLQ",1.73088240384948,239,45,94.5,76.5,33.5,22.5,328,340,201,211,66,60,131,124,176.4,42.969774745,-79.254324147,0,NA,NA,NA,34.6644
910,8.8709,94,161,"2026-06-28_GHBLQ",1.73755907700862,290,54,82.5,82,25,25,330,340,197,224,62,70,127,135,176.6,42.969689166,-79.254300762,0.210354,NA,NA,NA,34.5312
911,8.8805,94,162,"2026-06-28_GHBLQ",1.77022481855196,275,54,72.5,82,23,25,332,342,195,211,58,68,121,131,176.6,42.969605347,-79.254280813,0.410354,NA,NA,NA,33.894
912,8.8899,94,162,"2026-06-28_GHBLQ",1.74100769525401,253,51,77.5,74,25,22,336,339,194,207,56,65,118,127,176.6,42.969521025,-79.25425617,0.410354,NA,NA,NA,34.4628
913,8.8995,93,162,"2026-06-28_GHBLQ",1.76329524615602,272,53,84.5,75,24.5,22,338,339,197,207,60,65,122,127,176.8,42.969437457,-79.254231611,0.416667,NA,NA,NA,34.0272
914,8.909,93,162,"2026-06-28_GHBLQ",1.75457065656034,206,55,82,75,27,22,338,332,197,200,60,59,122,121,177,42.969353135,-79.254211159,0.627193,NA,NA,NA,34.1964
915,8.9182,93,162,"2026-06-28_GHBLQ",1.77022481855196,263,38,82,75,27,22,336,340,201,218,70,60,132,127,177.2,42.969269065,-79.254190959,0.640503,NA,NA,NA,33.894
916,8.928,93,162,"2026-06-28_GHBLQ",1.77210703526493,304,52,84,97,27.5,33,328,342,200,219,73,69,136,134,177.2,42.96918315,-79.254171429,0.432169,NA,NA,NA,33.858
917,8.9378,93,162,"2026-06-28_GHBLQ",1.73593028503975,249,47,81,96.5,24.5,33.5,328,345,198,207,69,65,131,127,177.2,42.969096817,-79.254150306,0.432169,NA,NA,NA,34.5636
918,8.9475,93,162,"2026-06-28_GHBLQ",1.75641971405487,270,47,78,81.5,25.5,23,328,345,198,205,69,63,131,125,177.2,42.96901283,-79.254126418,0.638355,NA,NA,NA,34.1604
919,8.9569,93,162,"2026-06-28_GHBLQ",1.74776286353468,244,47,79.5,97.5,25,29,342,343,197,203,65,63,128,125,177.2,42.968928676,-79.254103368,0.842437,NA,NA,NA,34.3296
920,8.9663,93,162,"2026-06-28_GHBLQ",1.74941394632798,268,55,78.5,72,24.5,21.5,343,343,200,203,68,63,131,125,177,42.968844102,-79.254080988,0.423485,NA,NA,NA,34.2972
921,8.9761,94,162,"2026-06-28_GHBLQ",1.74100769525401,245,51,76,77,24,23.5,343,343,200,201,68,65,131,127,176.8,42.968758104,-79.254057938,0.219403,NA,NA,NA,34.4628
922,8.9858,94,162,"2026-06-28_GHBLQ",1.73755907700862,281,51,79.5,82,25,24,342,345,200,203,68,65,129,127,176.6,42.968671938,-79.254035223,0.0132178,NA,NA,NA,34.5312
923,8.9957,95,162,"2026-06-28_GHBLQ",1.70922640412949,235,51,79.5,82,25,24,338,333,197,204,63,65,125,127,176.6,42.96858376,-79.254009407,-0.195116,NA,NA,NA,35.1036
924,9.0058,95,162,"2026-06-28_GHBLQ",1.69307869429771,224,50,72.5,73,24,21.5,339,330,197,204,62,63,124,125,176.4,42.96849508,-79.253984596,-0.603662,NA,NA,NA,35.4384
925,9.0159,96,162,"2026-06-28_GHBLQ",1.69635284139101,234,50,74,73,24.5,21.5,342,339,197,204,59,65,122,128,176.6,42.968406651,-79.253961043,-0.623033,NA,NA,NA,35.37
926,9.026,96,162,"2026-06-28_GHBLQ",1.70120104793985,221,53,73,62,23.5,18.5,345,339,198,204,62,65,125,128,176.4,42.968319311,-79.25393573,-0.821053,NA,NA,NA,35.2692
927,9.0356,96,162,"2026-06-28_GHBLQ",1.71098107654929,291,57,80.5,59.5,25.5,17,345,345,198,201,62,68,125,131,176.4,42.968232559,-79.253914859,-0.821053,NA,NA,NA,35.0676
928,9.0458,97,162,"2026-06-28_GHBLQ",1.69307869429771,287,48,76.5,86,24,25,345,346,197,198,62,62,125,127,176,42.968144213,-79.25388636,-1.21321,NA,NA,NA,35.4384
929,9.0558,97,162,"2026-06-28_GHBLQ",1.67084377610693,226,55,76.5,86,24,25,339,345,197,200,60,62,124,125,176,42.968056119,-79.25385694,-1.21321,NA,NA,NA,35.91
930,9.0657,97,161,"2026-06-28_GHBLQ",1.67723323605381,256,43,74.5,86,24.5,25,338,343,197,207,59,62,124,125,175.8,42.967967858,-79.25383171,-1.20246,NA,NA,NA,35.7732
931,9.0759,97,162,"2026-06-28_GHBLQ",1.68827660723933,238,49,75.5,71,24,20.5,339,339,197,221,59,62,124,127,175.8,42.967878758,-79.253806732,-0.998382,NA,NA,NA,35.5392
932,9.086,97,162,"2026-06-28_GHBLQ",1.70433241299383,224,46,72.5,67.5,24,19,340,339,197,214,56,60,121,125,175.6,42.967791084,-79.253782509,-0.990217,NA,NA,NA,35.2044
933,9.096,97,162,"2026-06-28_GHBLQ",1.68027690963471,245,46,84.5,67.5,27,19,342,339,197,214,55,60,120,125,175.6,42.967703158,-79.253754429,-0.990217,NA,NA,NA,35.7084
934,9.106,97,162,"2026-06-28_GHBLQ",1.66168162180126,265,50,76.5,73.5,24.5,22.5,342,339,197,200,55,59,120,124,175.6,42.967614728,-79.253729619,-0.792197,NA,NA,NA,36.108
935,9.1162,97,162,"2026-06-28_GHBLQ",1.64625312788094,265,48,76.5,71,26,21.5,339,332,197,201,60,60,125,125,175.6,42.967525629,-79.253702713,-0.990217,NA,NA,NA,36.4464
936,9.1263,98,162,"2026-06-28_GHBLQ",1.64788082525872,362,51,76.5,71,26,21.5,339,335,197,200,60,59,125,124,175.4,42.967436697,-79.253676813,-0.990217,NA,NA,NA,36.4104
937,9.1368,99,161,"2026-06-28_GHBLQ",1.623798389192,235,49,88,91,29.5,27,333,326,197,219,62,62,125,129,175.4,42.967344747,-79.253652254,-0.990217,NA,NA,NA,36.9504
938,9.147,99,162,"2026-06-28_GHBLQ",1.63880694854146,201,51,72,75.5,23.5,24.5,326,329,197,215,55,68,121,132,175.4,42.967255983,-79.253627276,-0.59806,NA,NA,NA,36.612
939,9.157,99,162,"2026-06-28_GHBLQ",1.60627088152146,246,45,88.5,70,30.5,20.5,339,338,200,200,53,62,118,125,175.4,42.967165291,-79.253601879,-0.59806,NA,NA,NA,37.3536
940,9.1673,100,162,"2026-06-28_GHBLQ",1.62538196476172,256,45,76.5,88,26.5,27,332,338,201,200,55,62,121,125,175.4,42.967074599,-79.253577236,-0.39604,NA,NA,NA,36.9144
941,9.1776,99,162,"2026-06-28_GHBLQ",1.64171263462044,240,51,76.5,88,26.5,27,336,339,204,201,59,59,124,124,175.2,42.96698508,-79.253551336,-0.590214,NA,NA,NA,36.5472
942,9.1876,99,162,"2026-06-28_GHBLQ",1.66616681662168,222,53,91,85,31,25,336,342,204,203,59,60,124,127,175.2,42.966897154,-79.253524346,-0.392195,NA,NA,NA,36.0108
943,9.1976,98,162,"2026-06-28_GHBLQ",1.68027690963471,209,51,84,72.5,27.5,21.5,330,346,204,207,63,69,129,135,175.2,42.966809479,-79.253499368,-0.392195,NA,NA,NA,35.7084
944,9.2074,97,162,"2026-06-28_GHBLQ",1.6898171617831,230,53,84,72.5,27.5,21.5,338,342,201,201,58,68,124,134,175.2,42.966722894,-79.253474893,-0.392195,NA,NA,NA,35.5068
945,9.2171,97,162,"2026-06-28_GHBLQ",1.69946636756059,243,52,84,72.5,27.5,21.5,345,340,198,197,58,63,122,128,175.2,42.966636141,-79.253451759,-0.392195,NA,NA,NA,35.3052
946,9.227,97,162,"2026-06-28_GHBLQ",1.6898171617831,270,52,77,70.5,24.5,19.5,346,346,198,200,58,66,122,128,175.4,42.966548131,-79.253430552,0,NA,NA,NA,35.5068
947,9.2369,97,162,"2026-06-28_GHBLQ",1.69153218985757,254,52,77.5,76.5,24.5,22,345,346,201,200,59,66,122,128,175.2,42.966460289,-79.253407418,-0.194175,NA,NA,NA,35.4708
948,9.247,97,162,"2026-06-28_GHBLQ",1.67252048837598,274,52,83.5,97,29,32,345,346,201,205,59,65,122,128,175.2,42.966371525,-79.253381099,-0.194175,NA,NA,NA,35.874
949,9.257,97,162,"2026-06-28_GHBLQ",1.67875369325813,246,53,82.5,96,29.5,30.5,345,342,201,222,59,68,122,132,175.2,42.966283515,-79.253356708,-0.194175,NA,NA,NA,35.7408
950,9.267,97,162,"2026-06-28_GHBLQ",1.68197261748579,263,51,85.5,96,27.5,30.5,328,340,201,225,62,72,127,136,175.2,42.966195588,-79.25333064,-0.194175,NA,NA,NA,35.6724
951,9.2771,97,162,"2026-06-28_GHBLQ",1.65853982154112,298,46,81,76.5,27.5,24,326,342,201,215,65,72,128,136,175.2,42.966105567,-79.253306081,0,NA,NA,NA,36.1764
952,9.2873,97,162,"2026-06-28_GHBLQ",1.66466906379012,269,53,81,76.5,27.5,24,326,335,201,205,65,65,128,129,175.2,42.966015964,-79.253280181,0,NA,NA,NA,36.0432
953,9.2974,97,162,"2026-06-28_GHBLQ",1.68197261748579,250,49,78,76,25,22.5,335,333,200,203,60,63,125,128,175,42.965927535,-79.253254197,-0.19802,NA,NA,NA,35.6724
954,9.3074,96,162,"2026-06-28_GHBLQ",1.70276529083231,262,49,90.5,72,33,21,326,333,201,203,68,63,135,128,175,42.965839944,-79.253230057,-0.19802,NA,NA,NA,35.2368
955,9.3171,96,162,"2026-06-28_GHBLQ",1.70607704643942,246,49,76,98.5,23.5,39,329,335,198,225,65,68,131,135,175,42.965753359,-79.25320399,-0.19802,NA,NA,NA,35.1684
956,9.3271,95,162,"2026-06-28_GHBLQ",1.69635284139101,275,58,77,70,24.5,20.5,329,335,198,208,65,65,131,129,175,42.965665517,-79.253178676,-0.40004,NA,NA,NA,35.37
957,9.3372,95,162,"2026-06-28_GHBLQ",1.7125633648445,296,49,81.5,78,26,24.5,338,340,198,200,62,60,125,124,175.2,42.965577926,-79.253153531,0,NA,NA,NA,35.0352
958,9.3472,95,162,"2026-06-28_GHBLQ",1.69307869429771,317,53,87,77.5,29,26,340,342,200,204,60,59,124,122,175.2,42.965491173,-79.253123775,0,NA,NA,NA,35.4384
959,9.3569,96,162,"2026-06-28_GHBLQ",1.70607704643942,262,48,79.5,93,29.5,25.5,332,342,201,215,59,58,122,121,175.2,42.965405846,-79.25309469,0,NA,NA,NA,35.1684
960,9.3668,96,162,"2026-06-28_GHBLQ",1.70120104793985,304,46,79.5,93,29.5,25.5,323,332,201,224,58,66,125,129,175.2,42.965319931,-79.253064682,0,NA,NA,NA,35.2692
961,9.3767,96,162,"2026-06-28_GHBLQ",1.68350168350168,257,51,79.5,93,29.5,25.5,325,336,200,228,58,68,125,132,175,42.965233681,-79.253034508,-0.20202,NA,NA,NA,35.64
962,9.3866,96,162,"2026-06-28_GHBLQ",1.66466906379012,280,49,77,78,24.5,22.5,335,336,198,228,58,68,122,132,174.8,42.965146761,-79.253002572,-0.40404,NA,NA,NA,36.0432
963,9.3966,97,162,"2026-06-28_GHBLQ",1.68197261748579,280,49,77,78,24.5,22.5,335,336,198,228,58,68,122,132,175,42.965060846,-79.252968626,0,NA,NA,NA,35.6724
964,9.4065,97,162,"2026-06-28_GHBLQ",1.68503353216729,278,49,77,78,24.5,22.5,335,336,198,228,58,68,122,132,175,42.964975016,-79.252936523,0,NA,NA,NA,35.6076
965,9.4164,97,162,"2026-06-28_GHBLQ",1.66933760683761,232,40,0,0,0,0,335,336,198,228,58,68,122,132,175.4,42.964888347,-79.252902073,0.39802,NA,NA,NA,35.9424
966,9.4266,97,162,"2026-06-28_GHBLQ",1.66317400126401,219,51,0,0,0,0,335,340,198,235,58,70,122,142,175.4,42.964800504,-79.252869887,0.39802,NA,NA,NA,36.0756
967,9.4366,97,162,"2026-06-28_GHBLQ",1.68673885908984,233,51,0,0,0,0,335,343,198,208,58,68,122,134,175.6,42.964714506,-79.25283703,0.4,NA,NA,NA,35.5716
968,9.4467,97,162,"2026-06-28_GHBLQ",1.66933760683761,270,47,0,0,0,0,336,343,198,203,62,65,128,131,175.6,42.964627921,-79.25280367,0.4,NA,NA,NA,35.9424
969,9.4566,98,162,"2026-06-28_GHBLQ",1.65853982154112,228,51,82,69.5,26,23.5,335,346,200,218,65,63,132,131,175.6,42.964541252,-79.25277207,0.4,NA,NA,NA,36.1764
970,9.4666,98,162,"2026-06-28_GHBLQ",1.64479094707063,222,42,62.5,95,18,35,332,346,190,218,53,63,118,131,175.4,42.964454416,-79.25273519,0.2,NA,NA,NA,36.4788
971,9.4767,97,162,"2026-06-28_GHBLQ",1.65081880612784,220,42,77,79.5,24,24,332,343,190,214,53,66,118,132,175.2,42.964366909,-79.252704009,0.204,NA,NA,NA,36.3456
972,9.4867,97,162,"2026-06-28_GHBLQ",1.67084377610693,289,44,79,79.5,26.5,24,342,340,195,200,62,65,125,129,175.2,42.964279066,-79.252678277,0.406021,NA,NA,NA,35.91
973,9.4967,98,162,"2026-06-28_GHBLQ",1.66002656042497,258,44,79.5,79.5,29,24.5,340,345,201,197,63,65,127,127,175.2,42.964189967,-79.252655478,0.206021,NA,NA,NA,36.144
974,9.5069,98,162,"2026-06-28_GHBLQ",1.63126814785815,299,49,79.5,79.5,29,24.5,333,345,203,207,65,63,129,127,175,42.964099191,-79.252633433,0,NA,NA,NA,36.7812
975,9.5171,99,162,"2026-06-28_GHBLQ",1.6433313613357,266,44,77.5,79.5,25.5,24.5,321,336,204,240,66,62,132,129,175.2,42.964009253,-79.252608288,-0.19802,NA,NA,NA,36.5112
976,9.5274,99,162,"2026-06-28_GHBLQ",1.63270637408568,239,44,73.5,99,24.5,34,325,333,203,208,65,56,131,124,175.2,42.963918812,-79.252586411,-0.19802,NA,NA,NA,36.7488
977,9.5376,99,162,"2026-06-28_GHBLQ",1.62095571548985,250,52,68,68.5,22.5,20.5,340,333,204,208,60,56,127,124,175.2,42.963827701,-79.252564618,-0.39802,NA,NA,NA,37.0152
978,9.5478,99,162,"2026-06-28_GHBLQ",1.63575097327183,247,52,68,68.5,22.5,20.5,340,345,204,201,60,62,127,125,175,42.963737176,-79.252539053,-0.594098,NA,NA,NA,36.6804
979,9.5581,98,162,"2026-06-28_GHBLQ",1.65081880612784,226,55,75,68,23,21,340,346,201,201,59,66,124,128,174.8,42.963647658,-79.252511812,-0.788273,NA,NA,NA,36.3456
980,9.5682,98,162,"2026-06-28_GHBLQ",1.64625312788094,258,46,77,74.5,25.5,23,340,335,200,207,58,68,124,129,174.4,42.963557804,-79.252487588,-0.984313,NA,NA,NA,36.4464
981,9.5784,98,162,"2026-06-28_GHBLQ",1.65393139492574,254,47,77,74.5,25.5,23,336,335,200,207,59,68,124,129,174.2,42.963468201,-79.252466717,-0.982371,NA,NA,NA,36.2772
982,9.5884,97,162,"2026-06-28_GHBLQ",1.66466906379012,279,52,78,71,26.5,21.5,332,340,200,210,60,63,125,128,174.2,42.96337952,-79.252444924,-0.982371,NA,NA,NA,36.0432
983,9.5984,98,162,"2026-06-28_GHBLQ",1.66783415057207,286,52,77.5,75.5,25.5,23,333,345,201,205,63,63,127,129,174.2,42.963290672,-79.252423048,-0.982371,NA,NA,NA,35.9748
984,9.6085,98,162,"2026-06-28_GHBLQ",1.65081880612784,293,53,82,75,27,22,335,345,201,205,63,63,128,129,174.2,42.963201321,-79.252399159,-0.786293,NA,NA,NA,36.3456
985,9.6186,98,162,"2026-06-28_GHBLQ",1.6433313613357,259,53,84.5,81,27.5,25,335,346,201,211,63,63,128,128,174.2,42.963111551,-79.252377702,-0.982371,NA,NA,NA,36.5112
986,9.6286,97,161,"2026-06-28_GHBLQ",1.68503353216729,253,44,68.5,81,21.5,25,336,345,203,225,65,66,129,131,174.4,42.963023709,-79.252352053,-0.782371,NA,NA,NA,35.6076
987,9.6385,96,161,"2026-06-28_GHBLQ",1.69307869429771,269,54,78.5,76,22.5,23,326,347,183,207,46,68,111,129,174.2,42.962936034,-79.252329757,-0.984391,NA,NA,NA,35.4384
988,9.6482,95,161,"2026-06-28_GHBLQ",1.70922640412949,220,47,86,76,29.5,23,333,346,188,201,49,66,114,128,174.4,42.962848862,-79.252309054,-0.582127,NA,NA,NA,35.1036
989,9.6581,95,161,"2026-06-28_GHBLQ",1.70765027322404,252,49,77,84,24.5,28.5,336,336,193,207,58,55,122,121,174.4,42.96276102,-79.252287009,-0.387953,NA,NA,NA,35.136
990,9.668,95,161,"2026-06-28_GHBLQ",1.70922640412949,383,50,77,84,24.5,28.5,330,335,197,214,62,59,127,125,174.4,42.962673261,-79.252265636,0,NA,NA,NA,35.1036
991,9.6777,95,161,"2026-06-28_GHBLQ",1.72087420409568,310,48,83.5,70,29.5,20.5,330,335,197,214,62,59,127,125,174.6,42.962586592,-79.252239903,0.410351,NA,NA,NA,34.866
992,9.6874,94,161,"2026-06-28_GHBLQ",1.70922640412949,211,48,79,67,26,19,330,338,197,222,62,63,127,128,175,42.96249984,-79.252210064,0.822722,NA,NA,NA,35.1036
993,9.6966,81,161,"2026-06-28_GHBLQ",1.71750480901347,38,53,61.5,67,19.5,19,309,339,203,224,63,66,127,131,175,42.962411914,-79.252218445,0.822722,NA,NA,NA,34.9344
994,9.7058,81,161,"2026-06-28_GHBLQ",1.75808720112518,180,53,36,56.5,10.5,16,311,0,200,0,63,0,127,0,175,42.962332285,-79.252260355,0.822722,NA,NA,NA,34.128
995,9.7144,81,161,"2026-06-28_GHBLQ",1.83392018779343,180,100,36,56.5,10.5,16,311,0,200,0,63,0,127,0,175.2,42.962282916,-79.252341743,1.05528,NA,NA,NA,32.7168
996,9.7225,36,161,"2026-06-28_GHBLQ",1.87624301099478,182,100,98.5,56.5,34,0,311,0,200,0,63,0,127,0,175.4,42.96226808,-79.252441655,1.10219,NA,NA,NA,31.9788
997,9.7315,89,161,"2026-06-28_GHBLQ",1.7915367802501,440,53,98.5,56.5,34,0,339,346,208,207,62,66,125,129,175.4,42.962276546,-79.252553386,1.30421,NA,NA,NA,33.4908
998,9.7414,91,161,"2026-06-28_GHBLQ",1.75290983031833,454,50,98,94.5,30.5,29,339,343,208,215,62,66,125,127,175.6,42.962276211,-79.252673247,1.30005,NA,NA,NA,34.2288
999,9.7509,93,161,"2026-06-28_GHBLQ",1.72747374239912,386,51,97,90.5,32.5,29,335,339,221,235,60,68,125,132,175.4,42.962275791,-79.252790175,1.08952,NA,NA,NA,34.7328
1000,9.7607,95,161,"2026-06-28_GHBLQ",1.69153218985757,348,46,94.5,96,33.5,31,335,339,221,235,60,68,125,132,175.4,42.962277552,-79.25291121,1.08952,NA,NA,NA,35.4708
1001,9.7707,96,162,"2026-06-28_GHBLQ",1.67252048837598,237,46,79.5,96,29,31,322,338,219,252,62,68,127,135,175.2,42.962278222,-79.253034172,0.683337,NA,NA,NA,35.874
1002,9.7808,96,162,"2026-06-28_GHBLQ",1.66466906379012,227,45,74.5,75,27,23,326,338,201,228,63,63,128,131,175,42.962278809,-79.253157554,0.0729458,NA,NA,NA,36.0432
1003,9.791,96,162,"2026-06-28_GHBLQ",1.66317400126401,244,57,78.5,68,28,21,338,342,195,214,63,62,129,128,175,42.962277887,-79.253282025,0.0729458,NA,NA,NA,36.0756
1004,9.801,97,162,"2026-06-28_GHBLQ",1.68350168350168,255,51,78.5,68,28,21,340,345,197,201,65,60,129,125,175,42.962277803,-79.25340373,0.0729458,NA,NA,NA,35.64
1005,9.811,97,162,"2026-06-28_GHBLQ",1.65393139492574,248,60,83.5,80.5,28,22,333,343,200,200,63,62,128,127,175.2,42.962276713,-79.25352728,0.0403877,NA,NA,NA,36.2772
1006,9.8212,98,162,"2026-06-28_GHBLQ",1.64788082525872,236,49,78,80.5,26.5,22,326,343,198,200,60,62,125,127,175.2,42.962278725,-79.253651667,-0.206526,NA,NA,NA,36.4104
1007,9.8314,98,162,"2026-06-28_GHBLQ",1.65081880612784,256,53,78.5,73,26,23,326,340,198,198,60,59,125,124,175,42.962276043,-79.253775719,-0.402604,NA,NA,NA,36.3456
1008,9.8415,99,162,"2026-06-28_GHBLQ",1.63880694854146,323,53,78.5,73,26,23,333,343,198,197,60,60,125,125,175,42.962272858,-79.253899268,-0.604625,NA,NA,NA,36.612
1009,9.8515,100,162,"2026-06-28_GHBLQ",1.61061718850664,418,50,94.5,75.5,31,26,329,343,201,228,65,60,129,125,175.2,42.962271098,-79.254023488,-0.194098,NA,NA,NA,37.2528
1010,9.8619,101,162,"2026-06-28_GHBLQ",1.60782043861342,352,53,100,99.5,41.5,34.5,318,338,204,249,65,60,132,127,175.2,42.962270427,-79.254151228,-0.194098,NA,NA,NA,37.3176
1011,9.8724,102,162,"2026-06-28_GHBLQ",1.58775523165349,395,46,100,99.5,41.5,34.5,308,329,207,248,62,62,132,128,175.2,42.96226917,-79.254280897,0,NA,NA,NA,37.7892
1012,9.8833,102,162,"2026-06-28_GHBLQ",1.56966158096314,354,45,80.5,99.5,30,40.5,312,322,210,239,51,65,124,134,175.2,42.962269254,-79.254413079,0.203922,NA,NA,NA,38.2248
1013,9.8939,102,162,"2026-06-28_GHBLQ",1.59063434497678,270,49,85,85,29,28.5,322,322,208,239,52,65,125,134,175.2,42.962268583,-79.25454216,0.203922,NA,NA,NA,37.7208
1014,9.9044,101,162,"2026-06-28_GHBLQ",1.58775523165349,220,47,76,83.5,26,27,322,325,208,225,52,65,125,132,175,42.96226699,-79.254670655,0.0134454,NA,NA,NA,37.7892
1015,9.9148,100,162,"2026-06-28_GHBLQ",1.61498708010336,195,47,61.5,72.5,20,24,329,335,201,205,55,63,124,129,175,42.962262464,-79.254797138,-0.186555,NA,NA,NA,37.152
1016,9.9248,99,162,"2026-06-28_GHBLQ",1.63270637408568,225,47,67,72.5,22.5,24,338,343,198,197,56,62,124,127,175,42.962258609,-79.254920771,-0.186555,NA,NA,NA,36.7488
1017,9.9351,100,162,"2026-06-28_GHBLQ",1.61498708010336,284,50,76,75,25,24,338,343,198,195,56,59,124,125,175.2,42.962253328,-79.255048092,0.203699,NA,NA,NA,37.152
1018,9.9455,100,162,"2026-06-28_GHBLQ",1.61061718850664,288,53,70,77.5,27,26,340,343,200,198,56,60,122,127,175,42.962250227,-79.255175665,0.0113909,NA,NA,NA,37.2528
1019,9.9558,100,162,"2026-06-28_GHBLQ",1.62095571548985,190,57,60,77.5,20,26,332,339,198,225,58,59,127,125,175,42.962253412,-79.255301896,-0.188609,NA,NA,NA,37.0152
1020,9.9664,99,162,"2026-06-28_GHBLQ",1.61061718850664,295,57,60,77.5,20,26,338,339,195,225,55,59,122,125,175.2,42.962254501,-79.255430894,0,NA,NA,NA,37.2528
1021,9.9767,99,162,"2026-06-28_GHBLQ",1.61938074880166,250,53,72,87,24,29,338,336,195,228,55,60,122,127,175.2,42.962257854,-79.255556957,0,NA,NA,NA,37.0512
1022,9.9871,100,162,"2026-06-28_GHBLQ",1.62237580713196,325,53,80.5,87.5,29.5,31,339,345,198,207,56,66,122,129,175.2,42.962260704,-79.255683357,0,NA,NA,NA,36.9828
1023,9.9974,100,162,"2026-06-28_GHBLQ",1.61796589327897,275,52,77,72.5,25,22.5,333,343,201,221,53,69,122,136,175.4,42.962261458,-79.255809504,0.194245,NA,NA,NA,37.0836
1024,10.0076,100,162,"2026-06-28_GHBLQ",1.60921759840366,285,54,86.5,72.5,29.5,22.5,329,340,201,215,52,66,121,135,175.6,42.962263889,-79.255935317,0.580799,NA,NA,NA,37.2852
1025,10.0179,101,162,"2026-06-28_GHBLQ",1.61498708010336,235,41,78,76,24.5,25,328,339,203,225,56,63,122,132,175.4,42.962267745,-79.256061548,0.386625,NA,NA,NA,37.152
1026,10.0283,101,162,"2026-06-28_GHBLQ",1.59627111068544,228,55,80.5,67.5,28,21.5,335,336,203,225,55,65,121,134,175.4,42.962268834,-79.256189121,0.386625,NA,NA,NA,37.5876
1027,10.0387,101,162,"2026-06-28_GHBLQ",1.60194796872998,252,61,80.5,67.5,28,21.5,329,335,205,208,55,66,121,134,175.4,42.962266739,-79.256316442,0.19245,NA,NA,NA,37.4544
1028,10.049,100,162,"2026-06-28_GHBLQ",1.61498708010336,195,56,67,96,20,28.5,321,335,203,201,52,68,118,134,175.4,42.962267745,-79.256443092,0.384758,NA,NA,NA,37.152
1029,10.0595,100,162,"2026-06-28_GHBLQ",1.60056339831621,226,56,63.5,62.5,19.5,19.5,321,335,203,201,52,68,118,134,175.4,42.962267745,-79.256572425,0.384758,NA,NA,NA,37.4868
1030,10.0702,100,162,"2026-06-28_GHBLQ",1.60348919248284,296,59,84,62,29,18.5,339,338,200,197,51,62,117,128,175.4,42.962268248,-79.256701087,0.196078,NA,NA,NA,37.4184
1031,10.0805,101,162,"2026-06-28_GHBLQ",1.58911772184083,303,49,86.5,62,30.5,18.5,336,338,203,201,58,59,125,127,175.4,42.962267996,-79.256828492,0.196078,NA,NA,NA,37.7568
1032,10.091,102,162,"2026-06-28_GHBLQ",1.58067779463834,277,45,93,75.5,33.5,25,328,336,205,221,60,58,127,127,175.4,42.962267912,-79.256956651,0.196078,NA,NA,NA,37.9584
1033,10.1014,102,162,"2026-06-28_GHBLQ",1.59489633173844,225,54,68,71.5,23.5,21.5,318,330,204,218,60,65,127,134,175.4,42.962265398,-79.257083553,0,NA,NA,NA,37.62
1034,10.1118,102,162,"2026-06-28_GHBLQ",1.58488652212502,232,45,68,71.5,23.5,21.5,322,338,200,204,62,68,129,132,175.2,42.962264643,-79.257210707,-0.386482,NA,NA,NA,37.8576
1035,10.122,102,162,"2026-06-28_GHBLQ",1.58911772184083,272,51,71.5,73.5,26,21,336,338,201,204,60,68,128,132,175.2,42.962265314,-79.257336938,-0.192308,NA,NA,NA,37.7568
1036,10.1325,102,162,"2026-06-28_GHBLQ",1.58488652212502,230,44,85,73.5,30,21,338,338,203,204,62,68,128,132,175.2,42.962268667,-79.257465852,-0.192308,NA,NA,NA,37.8576
1037,10.1429,101,162,"2026-06-28_GHBLQ",1.57932973246154,240,47,72.5,82,24.5,28,338,342,203,204,62,65,128,129,175.4,42.962269505,-79.257594598,0,NA,NA,NA,37.9908
1038,10.1534,101,161,"2026-06-28_GHBLQ",1.61217514670794,230,47,74,60.5,25,17.5,332,342,200,215,60,65,128,131,175.4,42.962269924,-79.257721416,0,NA,NA,NA,37.2168
1039,10.1637,101,162,"2026-06-28_GHBLQ",1.59627111068544,278,57,80.5,60.5,25.5,17.5,338,342,198,204,56,65,124,129,175.4,42.962266907,-79.257848486,0,NA,NA,NA,37.5876
1040,10.1741,101,162,"2026-06-28_GHBLQ",1.592001783042,252,58,77,65.5,26,20,335,340,201,203,60,62,127,128,175.6,42.962263973,-79.257975807,0.192308,NA,NA,NA,37.6884
1041,10.1845,101,162,"2026-06-28_GHBLQ",1.60194796872998,223,46,77,65.5,26,20,332,338,200,208,62,65,128,131,175.8,42.962264727,-79.258103212,0.384615,NA,NA,NA,37.4544
1042,10.195,101,162,"2026-06-28_GHBLQ",1.58217834314284,223,57,81,74.5,29,23.5,330,342,197,212,62,72,129,138,175.6,42.962265733,-79.258232042,0.194139,NA,NA,NA,37.9224
1043,10.2056,101,162,"2026-06-28_GHBLQ",1.58639507582968,236,51,77.5,65,26.5,20,330,342,200,212,59,72,125,138,175.6,42.962270343,-79.258360704,0.194139,NA,NA,NA,37.8216
1044,10.216,102,162,"2026-06-28_GHBLQ",1.58775523165349,229,62,83,64,29.5,21,330,343,200,204,59,75,125,141,175.6,42.962273025,-79.258488696,0.386447,NA,NA,NA,37.7892
1045,10.2264,102,161,"2026-06-28_GHBLQ",1.58775523165349,232,62,73,64,25,21,329,342,200,203,56,76,124,141,175.6,42.962274702,-79.258617358,0.386447,NA,NA,NA,37.7892
1046,10.237,102,161,"2026-06-28_GHBLQ",1.59063434497678,254,49,80,67.5,28,20,328,340,198,198,58,72,124,135,175.4,42.96227663,-79.258746607,0.197768,NA,NA,NA,37.7208
1047,10.2476,103,161,"2026-06-28_GHBLQ",1.56818466942667,300,53,79.5,70,28.5,20,336,340,200,204,58,69,125,131,175.4,42.96227554,-79.258877365,0,NA,NA,NA,38.2608
1048,10.2582,103,161,"2026-06-28_GHBLQ",1.58639507582968,204,52,79.5,70,28.5,20,333,338,201,221,59,69,127,134,175.4,42.962277719,-79.259006194,0,NA,NA,NA,37.8216
1049,10.2689,102,161,"2026-06-28_GHBLQ",1.56966158096314,235,54,72,70,23.5,20,339,340,203,205,59,66,125,127,175.6,42.962281407,-79.259137455,0.192376,NA,NA,NA,38.2248
1050,10.2794,102,161,"2026-06-28_GHBLQ",1.57932973246154,268,54,86,59.5,30,16.5,339,340,203,205,59,66,125,127,176,42.962282916,-79.259267039,0.381021,NA,NA,NA,37.9908
1051,10.2901,103,162,"2026-06-28_GHBLQ",1.59063434497678,236,52,84.5,86,28,27,339,340,203,205,59,68,125,127,176.4,42.962282916,-79.259397126,0.562545,NA,NA,NA,37.7208
1052,10.3007,102,162,"2026-06-28_GHBLQ",1.56966158096314,228,52,72.5,70.5,26,20,342,330,201,218,53,70,120,134,176.8,42.96228367,-79.259527465,1.13038,NA,NA,NA,38.2248
1053,10.3113,102,162,"2026-06-28_GHBLQ",1.59063434497678,271,53,79,65.5,27,19.5,342,332,200,211,53,69,121,134,177,42.962282581,-79.259656295,1.31906,NA,NA,NA,37.7208
1054,10.3217,102,162,"2026-06-28_GHBLQ",1.57232704402516,283,50,71,75.5,23.5,21,345,342,203,201,58,65,125,125,177,42.962286436,-79.259785963,1.31906,NA,NA,NA,38.16
1055,10.3322,102,162,"2026-06-28_GHBLQ",1.59489633173844,229,50,77.5,66,26,21.5,343,340,203,217,56,65,124,127,177,42.962288532,-79.259915463,1.31906,NA,NA,NA,37.62
1056,10.343,102,163,"2026-06-28_GHBLQ",1.592001783042,202,50,69,66.5,24,20,339,335,201,211,53,65,121,131,177.2,42.962288616,-79.260046221,1.69292,NA,NA,NA,37.6884
1057,10.3537,101,163,"2026-06-28_GHBLQ",1.59627111068544,255,55,69,66.5,24,20,343,335,200,203,52,62,118,128,177.2,42.962289286,-79.26017547,1.69292,NA,NA,NA,37.5876
1058,10.3638,101,163,"2026-06-28_GHBLQ",1.60921759840366,255,45,80.5,84,28,28.5,343,335,200,203,52,62,118,128,177.2,42.962289873,-79.260300947,1.69292,NA,NA,NA,37.2852
1059,10.3744,100,162,"2026-06-28_GHBLQ",1.61061718850664,171,58,71.5,69,22.5,21,332,336,200,214,53,56,121,125,177.4,42.962288197,-79.260428352,1.69469,NA,NA,NA,37.2528
1060,10.3843,99,162,"2026-06-28_GHBLQ",1.62680982593135,148,58,59,55,17.5,16,333,338,198,208,53,62,120,128,177.4,42.962288951,-79.260552153,1.31373,NA,NA,NA,36.882
1061,10.3945,98,162,"2026-06-28_GHBLQ",1.66466906379012,136,52,59,55,17.5,16,350,350,197,200,51,69,117,132,177.6,42.962290963,-79.260675115,1.13598,NA,NA,NA,36.0432
1062,10.4043,98,162,"2026-06-28_GHBLQ",1.6898171617831,0,52,55.5,56,16,16,350,356,197,198,51,69,117,132,177.8,42.962292974,-79.260795647,0.962704,NA,NA,NA,35.5068
1063,10.4137,98,162,"2026-06-28_GHBLQ",1.72586379482931,0,52,55.5,56,16,16,350,356,197,198,51,69,117,132,178,42.962297584,-79.260913496,0.98679,NA,NA,NA,34.7652
1064,10.4232,0,162,"2026-06-28_GHBLQ",1.80433762765689,0,NA,0,0,0,0,0,0,0,0,0,0,0,0,178,42.962296411,-79.261031598,0.98679,NA,NA,NA,33.2532
1065,10.4318,0,162,"2026-06-28_GHBLQ",2.10145841213802,0,NA,0,0,0,0,0,0,0,0,0,0,0,0,178.2,42.962300183,-79.26113679,1.21935,NA,NA,NA,28.5516
1066,10.4381,0,162,"2026-06-28_GHBLQ",2.89050757312984,0,NA,0,0,0,0,0,0,0,0,0,0,0,0,178.6,42.962297333,-79.261217508,1.66908,NA,NA,NA,20.7576
1067,10.443,0,162,"2026-06-28_GHBLQ",4.07797080172906,0,NA,0,0,0,0,0,0,0,0,0,0,0,0,178.6,42.962267074,-79.261273583,1.66908,NA,NA,NA,14.7132
1068,10.4468,0,162,"2026-06-28_GHBLQ",4.510599909788,0,NA,0,0,0,0,0,0,0,0,0,0,0,0,178.6,42.962225249,-79.26126956,1.66908,NA,NA,NA,13.302
1069,10.4508,0,162,"2026-06-28_GHBLQ",3.70617448669483,0,NA,0,0,0,0,0,0,0,0,0,0,0,0,178.6,42.962200103,-79.26122874,1.4804,NA,NA,NA,16.1892
1070,10.4565,46,161,"2026-06-28_GHBLQ",3.16676166951675,330,37,95,42.5,27.5,12.5,352,357,186,198,46,68,107,129,178.4,42.962197253,-79.261158583,1.12953,NA,NA,NA,18.9468
1071,10.4628,46,161,"2026-06-28_GHBLQ",2.72687609075044,536,37,96,95.5,29,32.5,349,356,183,205,46,68,107,129,178.2,42.962204629,-79.261082643,0.615989,NA,NA,NA,22.0032
1072,10.4696,61,161,"2026-06-28_GHBLQ",2.30776331579433,536,51,96,95.5,29,32.5,352,354,194,232,59,82,117,146,178,42.962210832,-79.260998573,0.11779,NA,NA,NA,25.9992
1073,10.4773,72,161,"2026-06-28_GHBLQ",2.09907640638119,575,51,95.5,95.5,27,32.5,0,354,214,232,83,82,139,146,177.8,42.962211335,-79.260904863,-0.354717,NA,NA,NA,28.584
1074,10.4852,76,161,"2026-06-28_GHBLQ",2.08907829865463,473,46,91,97,26,28.5,0,354,214,232,83,82,139,146,177.8,42.962211586,-79.260808387,-0.354717,NA,NA,NA,28.7208
1075,10.4935,85,161,"2026-06-28_GHBLQ",2.02979742621686,323,55,100,92.5,23,23.5,0,356,214,231,83,89,139,150,177.6,42.962209071,-79.260707888,-0.828239,NA,NA,NA,29.5596
1076,10.5015,98,160,"2026-06-28_GHBLQ",1.95848021934978,411,55,99,92.5,30.5,23.5,0,349,218,215,79,75,136,132,177.6,42.962208652,-79.260606635,-1.46316,NA,NA,NA,30.636
1077,10.5103,105,159,"2026-06-28_GHBLQ",1.92678227360308,406,61,89,89.5,31.5,21,333,350,229,221,62,76,125,135,177.6,42.962210077,-79.260498592,-1.46316,NA,NA,NA,31.14
1078,10.5197,108,159,"2026-06-28_GHBLQ",1.84141715464221,418,51,95,87,35,26.5,319,345,221,219,56,70,125,136,177.4,42.962210245,-79.260384347,-1.67593,NA,NA,NA,32.5836
1079,10.5292,110,159,"2026-06-28_GHBLQ",1.76853423882286,419,47,95,87,35,26.5,325,336,219,228,58,62,128,127,177.2,42.962211251,-79.260270102,-1.88645,NA,NA,NA,33.9264
1080,10.5387,103,159,"2026-06-28_GHBLQ",1.73919092838012,377,67,85.5,87,28,26.5,325,336,219,228,58,62,128,127,177.2,42.96220991,-79.260153677,-1.53557,NA,NA,NA,34.4988
1081,10.5482,105,159,"2026-06-28_GHBLQ",1.71591338069254,378,41,97,77,36.5,16,325,328,219,233,58,62,128,128,177.2,42.962209826,-79.260036247,-1.21811,NA,NA,NA,34.9668
1082,10.558,106,159,"2026-06-28_GHBLQ",1.69307869429771,366,50,83.5,100,31,38.5,316,326,212,238,59,63,129,132,177.2,42.962213849,-79.259916637,-0.923996,NA,NA,NA,35.4384
1083,10.5678,107,159,"2026-06-28_GHBLQ",1.67084377610693,314,50,90.5,75.5,35,25.5,319,326,214,238,58,63,128,132,177.2,42.962212927,-79.259795937,-0.664256,NA,NA,NA,35.91
1084,10.5776,108,159,"2026-06-28_GHBLQ",1.66466906379012,296,57,87.5,64.5,32.5,19.5,318,330,215,238,53,63,127,134,177.2,42.962211838,-79.259674316,-0.664256,NA,NA,NA,36.0432
1085,10.5876,108,160,"2026-06-28_GHBLQ",1.67723323605381,235,41,77,98.5,28.5,35.5,328,333,210,233,55,63,127,131,177,42.962208485,-79.259552024,-0.623292,NA,NA,NA,35.7732
1086,10.5977,108,160,"2026-06-28_GHBLQ",1.68673885908984,306,52,77,98.5,28.5,35.5,329,328,208,228,58,66,128,135,177,42.962206892,-79.259428559,-0.623292,NA,NA,NA,35.5716
1087,10.6077,107,160,"2026-06-28_GHBLQ",1.6898171617831,222,48,86,78.5,29.5,26,333,328,205,228,53,66,124,135,176.8,42.962208736,-79.259306267,-0.823292,NA,NA,NA,35.5068
1088,10.6178,107,161,"2026-06-28_GHBLQ",1.68673885908984,235,48,75.5,78.5,27,26,333,326,205,217,53,72,124,136,176.6,42.962211335,-79.259184058,-0.808546,NA,NA,NA,35.5716
1089,10.6276,106,162,"2026-06-28_GHBLQ",1.69790817712578,249,47,73,74.5,26,22.5,332,335,205,207,52,75,122,136,176.8,42.962209742,-79.259063527,-0.393938,NA,NA,NA,35.3376
1090,10.6375,106,162,"2026-06-28_GHBLQ",1.68827660723933,268,47,75.5,83,26,25.5,336,335,205,204,52,70,122,131,176.6,42.962205048,-79.258942324,-0.595958,NA,NA,NA,35.5392
1091,10.6474,106,161,"2026-06-28_GHBLQ",1.71414858239912,290,45,86,91.5,31.5,30,336,329,207,208,56,70,127,132,176.4,42.962202953,-79.258822715,-0.797979,NA,NA,NA,35.0028
1092,10.657,105,161,"2026-06-28_GHBLQ",1.69790817712578,307,46,90,91.5,31.5,30,316,326,210,215,62,69,132,134,176.2,42.962202617,-79.258703775,-1.00631,NA,NA,NA,35.3376
1093,10.6666,105,161,"2026-06-28_GHBLQ",1.72087420409568,250,53,74,95.5,24.5,36.5,316,326,205,232,59,63,129,136,176.2,42.962201779,-79.258585423,-1.00631,NA,NA,NA,34.866
1094,10.6763,104,162,"2026-06-28_GHBLQ",1.71750480901347,249,54,97,68.5,34,20,329,332,208,212,55,62,124,128,175.8,42.962201192,-79.258466232,-1.41868,NA,NA,NA,34.9344
1095,10.686,104,162,"2026-06-28_GHBLQ",1.74941394632798,282,49,97,68.5,34,20,314,332,207,212,58,62,127,128,176,42.96220069,-79.258348215,-1.0125,NA,NA,NA,34.2972
1096,10.6956,104,162,"2026-06-28_GHBLQ",1.72747374239912,316,48,84,74,28.5,24.5,314,332,207,217,58,68,127,132,176,42.962203372,-79.258230282,-1.0125,NA,NA,NA,34.7328
1097,10.7052,104,162,"2026-06-28_GHBLQ",1.73412409392016,265,48,78.5,75.5,26,22.5,323,333,205,203,59,63,128,125,176.2,42.962204629,-79.258113103,-0.604164,NA,NA,NA,34.5996
1098,10.7147,104,162,"2026-06-28_GHBLQ",1.74776286353468,272,48,77.5,75.5,26,22.5,332,333,204,203,58,63,125,125,176,42.96220245,-79.25799651,-0.616671,NA,NA,NA,34.3296
1099,10.7243,103,162,"2026-06-28_GHBLQ",1.75975785731883,187,46,72.5,77,21.5,23.5,332,338,204,208,58,63,125,128,176,42.962202115,-79.257879415,-0.820752,NA,NA,NA,34.0956
1100,10.7337,103,162,"2026-06-28_GHBLQ",1.75808720112518,269,39,79,97.5,24.5,32,325,336,200,236,70,63,135,132,176,42.962203959,-79.257763158,-0.618732,NA,NA,NA,34.128
1101,10.7432,103,162,"2026-06-28_GHBLQ",1.75290983031833,298,51,73.5,67.5,22.5,19.5,332,336,200,236,66,63,131,132,176.2,42.962204461,-79.25764665,-0.206186,NA,NA,NA,34.2288
1102,10.7526,103,162,"2026-06-28_GHBLQ",1.7773985994099,265,51,73.5,67.5,22.5,19.5,340,335,201,218,60,65,128,128,176.2,42.962200941,-79.257531482,0,NA,NA,NA,33.7572
1103,10.7622,103,162,"2026-06-28_GHBLQ",1.74776286353468,280,51,71.5,70,24,21,340,340,201,203,60,63,128,125,176.4,42.962200606,-79.257413465,0.210481,NA,NA,NA,34.3296
1104,10.7718,103,162,"2026-06-28_GHBLQ",1.74941394632798,290,45,76.5,75.5,27.5,23,335,336,200,210,59,59,127,125,176.4,42.962200438,-79.257296035,0.622852,NA,NA,NA,34.2972
1105,10.7815,103,162,"2026-06-28_GHBLQ",1.73088240384948,246,57,86.5,84,28,25.5,332,333,201,211,56,59,125,127,176.2,42.96220136,-79.257178018,0.210481,NA,NA,NA,34.6644
1106,10.7909,103,162,"2026-06-28_GHBLQ",1.76497581983127,240,57,70,83.5,22.5,25.5,321,329,200,207,53,66,122,132,176.2,42.962199432,-79.25706285,0.210481,NA,NA,NA,33.9948
1107,10.8003,103,162,"2026-06-28_GHBLQ",1.74941394632798,254,50,74,70,23.5,21,325,332,198,203,56,68,125,132,176.2,42.962200606,-79.256946509,0,NA,NA,NA,34.2972
1108,10.8099,103,162,"2026-06-28_GHBLQ",1.73919092838012,269,51,81,76,28,24.5,332,332,200,203,60,68,129,132,176.2,42.96220245,-79.256828744,0.212674,NA,NA,NA,34.4988
1109,10.8196,103,162,"2026-06-28_GHBLQ",1.74611489436005,260,51,81,76,28,24.5,325,338,201,201,62,65,129,129,176.2,42.962202953,-79.256711397,0.212674,NA,NA,NA,34.362
1110,10.8292,103,162,"2026-06-28_GHBLQ",1.73593028503975,239,51,77,94,23.5,28.5,325,336,201,214,62,65,129,131,176,42.962200606,-79.256594553,0,NA,NA,NA,34.5636
1111,10.8385,102,162,"2026-06-28_GHBLQ",1.75641971405487,250,56,73.5,73,23,20.5,326,333,200,210,59,69,128,132,176.2,42.96219851,-79.25648014,0,NA,NA,NA,34.1604
1112,10.8479,102,162,"2026-06-28_GHBLQ",1.74941394632798,259,57,96,67.5,33,20,336,339,201,200,62,69,129,131,176,42.962197672,-79.256364889,-0.203898,NA,NA,NA,34.2972
1113,10.8573,102,162,"2026-06-28_GHBLQ",1.76684688504894,254,57,77,76,24.5,25.5,319,336,203,200,63,60,131,127,176.2,42.962198343,-79.256250308,-0.199465,NA,NA,NA,33.9588
1114,10.8666,103,163,"2026-06-28_GHBLQ",1.75975785731883,338,57,87.5,76,29.5,25.5,319,336,201,198,58,59,125,125,176.2,42.962198929,-79.256136482,-0.199465,NA,NA,NA,34.0956
1115,10.8758,103,163,"2026-06-28_GHBLQ",1.74264603373763,310,38,85,76,30,25.5,319,336,201,198,58,59,125,125,176.4,42.962200941,-79.256021734,0.224112,NA,NA,NA,34.4304
1116,10.8854,104,163,"2026-06-28_GHBLQ",1.74611489436005,325,44,85,76,30,25.5,322,329,204,228,59,62,128,131,176.2,42.962200773,-79.255905309,0.0157784,NA,NA,NA,34.362
1117,10.8949,104,163,"2026-06-28_GHBLQ",1.73919092838012,284,46,99.5,76,38.5,25.5,321,329,204,228,59,62,129,131,176.2,42.962198091,-79.255788633,0.0157784,NA,NA,NA,34.4988
1118,10.9043,103,163,"2026-06-28_GHBLQ",1.75125214528388,229,52,75.5,98,28,35,319,330,204,259,58,73,128,143,176.2,42.962197253,-79.255672963,0.0157784,NA,NA,NA,34.2612
1119,10.9139,103,163,"2026-06-28_GHBLQ",1.73919092838012,240,54,81,92,27,29,326,330,201,232,56,70,124,138,176.2,42.962196834,-79.255554946,0.0157784,NA,NA,NA,34.4988
1120,10.9234,103,163,"2026-06-28_GHBLQ",1.76684688504894,262,54,83,72.5,31,23.5,330,335,201,215,60,69,129,134,176,42.962196499,-79.255438773,0.0135854,NA,NA,NA,33.9588
1121,10.9328,102,163,"2026-06-28_GHBLQ",1.75808720112518,189,52,70.5,94,25.5,31.5,325,339,200,217,59,68,127,132,176.2,42.962197253,-79.255322432,0.0112976,NA,NA,NA,34.128
1122,10.9423,102,163,"2026-06-28_GHBLQ",1.78081703885743,251,60,79.5,70,27,22,325,345,200,205,59,75,127,138,176.2,42.962195241,-79.255206762,0.224064,NA,NA,NA,33.6924
1123,10.9518,102,163,"2026-06-28_GHBLQ",1.78616082592077,278,55,75,70,24.5,21,338,345,201,205,53,75,121,138,176.2,42.962193649,-79.255091007,0.0112976,NA,NA,NA,33.5916
1124,10.9612,101,163,"2026-06-28_GHBLQ",1.76161786985167,281,54,83,70,28,21,338,345,201,201,53,73,121,136,176.4,42.96219214,-79.254975421,0.224064,NA,NA,NA,34.0596
1125,10.9706,101,163,"2026-06-28_GHBLQ",1.78081703885743,283,49,83,70,28,21,342,342,204,198,58,68,124,127,176.6,42.962192475,-79.254861008,0.219438,NA,NA,NA,33.6924
1126,10.9799,102,163,"2026-06-28_GHBLQ",1.77550513120983,294,49,78.5,74,29,22,340,340,205,212,60,66,127,128,176.6,42.962189039,-79.254746092,0.427772,NA,NA,NA,33.7932
1127,10.9894,102,163,"2026-06-28_GHBLQ",1.77022481855196,236,51,96.5,94,35,33,329,336,204,226,68,72,136,136,176.6,42.962189793,-79.254630757,0.427772,NA,NA,NA,33.894
1128,10.9987,102,163,"2026-06-28_GHBLQ",1.77210703526493,236,51,75,79,21.5,26,314,333,200,219,65,75,134,139,176.4,42.962190045,-79.254516428,0.212718,NA,NA,NA,33.858
1129,11.0081,102,163,"2026-06-28_GHBLQ",1.75975785731883,244,48,80.5,76.5,26.5,25,321,333,198,219,65,75,132,139,176.4,42.962189374,-79.254400758,0.212718,NA,NA,NA,34.0956
1130,11.0174,102,163,"2026-06-28_GHBLQ",1.77910617705665,284,58,77,79,26.5,24.5,321,335,198,204,65,72,132,135,176.2,42.962187698,-79.254286261,0.20819,NA,NA,NA,33.7248
1131,11.0269,102,163,"2026-06-28_GHBLQ",1.76329524615602,255,55,77,79,26.5,24.5,332,339,200,200,59,70,127,132,175.8,42.962190296,-79.254169585,-0.425628,NA,NA,NA,34.0272
1132,11.0364,102,162,"2026-06-28_GHBLQ",1.77380445579679,263,51,96,74,36,23.5,332,340,200,204,59,65,127,129,175.8,42.962191302,-79.254054334,-0.425628,NA,NA,NA,33.8256
1133,11.0457,101,162,"2026-06-28_GHBLQ",1.79346461494315,214,54,79,74,26,23.5,314,340,200,204,55,65,125,129,175.6,42.962191805,-79.253941178,-0.640682,NA,NA,NA,33.4548
1134,11.0548,101,162,"2026-06-28_GHBLQ",1.76497581983127,253,54,78.5,71.5,28.5,23,330,342,198,212,56,66,125,134,175.6,42.962192643,-79.253826346,-0.853448,NA,NA,NA,33.9948
1135,11.0644,101,162,"2026-06-28_GHBLQ",1.78272185973544,263,50,75,71.5,28,23,335,342,197,200,58,62,125,124,175.8,42.962194738,-79.253710005,-0.857881,NA,NA,NA,33.6564
1136,11.0739,101,162,"2026-06-28_GHBLQ",1.78443968593862,282,56,77,73.5,25.5,23.5,335,342,200,200,59,62,125,124,175.8,42.962192727,-79.253594502,-0.857881,NA,NA,NA,33.624
1137,11.0832,101,162,"2026-06-28_GHBLQ",1.78616082592077,246,49,82.5,81.5,27,26.5,335,342,200,200,59,62,125,124,176,42.962191134,-79.253480676,-0.642827,NA,NA,NA,33.5916
1138,11.0926,100,162,"2026-06-28_GHBLQ",1.80063382310573,233,63,82.5,81.5,27,26.5,335,340,201,201,59,62,127,127,176,42.962190547,-79.253367437,-0.427773,NA,NA,NA,33.3216
1139,11.1016,100,162,"2026-06-28_GHBLQ",1.7915367802501,305,49,88,67.5,30.5,21.5,335,342,201,214,59,66,127,134,176.2,42.96219038,-79.253255287,-0.205551,NA,NA,NA,33.4908
1140,11.1109,101,162,"2026-06-28_GHBLQ",1.77910617705665,254,53,81,67.5,26.5,21.5,325,342,201,225,59,75,125,143,176.2,42.962193062,-79.253141796,0,NA,NA,NA,33.7248
1141,11.1202,101,162,"2026-06-28_GHBLQ",1.7773985994099,265,48,89.5,74.5,31.5,23.5,328,339,201,214,58,68,124,136,176.4,42.962193062,-79.253027802,0.645609,NA,NA,NA,33.7572
1142,11.1295,101,162,"2026-06-28_GHBLQ",1.76853423882286,224,48,69.5,83.5,22.5,28,321,339,203,214,59,68,125,136,176.4,42.962190547,-79.252913138,0.645609,NA,NA,NA,33.9264
1143,11.1388,101,162,"2026-06-28_GHBLQ",1.78616082592077,226,50,69.5,83.5,22.5,28,325,335,201,210,56,68,124,136,176.4,42.962188871,-79.252799144,0.860663,NA,NA,NA,33.5916
1144,11.1481,101,162,"2026-06-28_GHBLQ",1.79888469149128,261,50,75,73,25,22,325,335,201,210,56,68,124,136,176.4,42.962189458,-79.252684563,0.860663,NA,NA,NA,33.354
1145,11.1576,101,161,"2026-06-28_GHBLQ",1.77910617705665,315,52,75,73,25,22,336,339,200,198,58,58,124,125,176.4,42.962188871,-79.252568977,0.65233,NA,NA,NA,33.7248
1146,11.1668,101,162,"2026-06-28_GHBLQ",1.79520321700416,286,49,79,75.5,26,23,333,338,200,200,58,56,124,122,176.4,42.962185099,-79.252455486,0.65233,NA,NA,NA,33.4224
1147,11.1763,101,162,"2026-06-28_GHBLQ",1.7915367802501,272,54,65,86,19.5,26.5,333,336,200,201,56,55,124,122,176.4,42.96218577,-79.252340234,0.437276,NA,NA,NA,33.4908
1148,11.1857,101,162,"2026-06-28_GHBLQ",1.77380445579679,284,54,75.5,69,25.5,19.5,336,339,200,198,55,59,122,125,176.6,42.962187279,-79.252225151,0.650042,NA,NA,NA,33.8256
1149,11.1949,102,162,"2026-06-28_GHBLQ",1.80063382310573,230,54,80.5,77.5,26.5,24,330,339,201,201,60,62,127,128,176.4,42.962187781,-79.252112079,0.210428,NA,NA,NA,33.3216
1150,11.2043,102,162,"2026-06-28_GHBLQ",1.75641971405487,276,54,83.5,81,28.5,24.5,322,339,201,201,62,68,129,134,176.4,42.962189877,-79.251996996,0.210428,NA,NA,NA,34.1604
1151,11.2136,102,162,"2026-06-28_GHBLQ",1.76161786985167,284,58,80,81,27.5,24.5,315,336,203,201,59,70,127,135,176.4,42.962191134,-79.251881996,0,NA,NA,NA,34.0596
1152,11.2231,103,162,"2026-06-28_GHBLQ",1.75808720112518,289,54,81.5,70.5,25.5,21,316,336,203,201,59,70,127,135,176.2,42.962189961,-79.251766409,-0.215152,NA,NA,NA,34.128
1153,11.2325,103,162,"2026-06-28_GHBLQ",1.75290983031833,273,55,81.5,70.5,25.5,21,316,336,203,201,59,70,127,135,176,42.962189625,-79.251649985,-0.427918,NA,NA,NA,34.2288
1154,11.2421,103,162,"2026-06-28_GHBLQ",1.75290983031833,277,52,73.5,81.5,23.5,23,318,339,201,218,55,65,122,131,176,42.96219105,-79.251532722,-0.427918,NA,NA,NA,34.2288
1155,11.2516,102,162,"2026-06-28_GHBLQ",1.75641971405487,215,58,77.5,81.5,25,23,329,342,200,208,53,68,121,128,175.8,42.962189625,-79.251416297,-0.638444,NA,NA,NA,34.1604
1156,11.261,102,162,"2026-06-28_GHBLQ",1.78807710188463,246,58,73,66,22.5,20,338,345,197,204,52,73,120,134,175.8,42.962190967,-79.251302052,-0.638444,NA,NA,NA,33.5556
1157,11.2705,101,162,"2026-06-28_GHBLQ",1.75125214528388,264,54,91,64,30,19,335,343,200,201,56,73,122,135,176,42.962192475,-79.251185711,-0.427918,NA,NA,NA,34.2612
1158,11.2798,102,162,"2026-06-28_GHBLQ",1.76684688504894,244,44,90.5,83.5,29,26.5,315,343,201,201,59,73,127,135,176,42.962194236,-79.251071047,-0.640684,NA,NA,NA,33.9588
1159,11.2892,102,162,"2026-06-28_GHBLQ",1.77910617705665,234,53,70.5,75.5,21.5,21,315,338,201,204,59,69,127,129,176.2,42.962192727,-79.250956047,-0.210526,NA,NA,NA,33.7248
1160,11.2985,102,162,"2026-06-28_GHBLQ",1.77550513120983,272,48,83,68,29,20,315,330,201,198,59,66,127,122,176.6,42.962189625,-79.250841299,0.219581,NA,NA,NA,33.7932
1161,11.3079,103,162,"2026-06-28_GHBLQ",1.77022481855196,290,54,81,76,27.5,22.5,330,335,200,197,58,63,122,118,176.8,42.962191386,-79.250725964,0.432347,NA,NA,NA,33.894
1162,11.3174,103,162,"2026-06-28_GHBLQ",1.73919092838012,225,55,81,76,27.5,22.5,333,339,198,221,56,60,121,124,176.8,42.962193816,-79.250608282,0.642873,NA,NA,NA,34.4988
1163,11.3271,103,162,"2026-06-28_GHBLQ",1.76161786985167,259,45,72.5,66.5,23.5,18.5,335,335,198,224,53,58,121,125,176.6,42.962195409,-79.25049169,0.649454,NA,NA,NA,34.0596
1164,11.3366,102,162,"2026-06-28_GHBLQ",1.74941394632798,208,45,74.5,87,24.5,25,332,329,203,198,55,69,122,131,176.2,42.962195828,-79.250375349,0.228401,NA,NA,NA,34.2972
1165,11.3459,102,162,"2026-06-28_GHBLQ",1.76497581983127,232,45,78.5,76.5,26.5,24,332,335,203,198,55,63,122,128,175.8,42.96219323,-79.250260349,0,NA,NA,NA,33.9948
1166,11.3554,101,162,"2026-06-28_GHBLQ",1.7915367802501,282,45,93,81,32.5,24.5,332,335,203,198,55,63,122,128,175.8,42.962190715,-79.250145517,0,NA,NA,NA,33.4908
1167,11.3648,101,162,"2026-06-28_GHBLQ",1.77210703526493,258,45,84,69.5,31,21.5,332,336,203,200,55,62,122,127,175.8,42.96219038,-79.25003035,-0.201706,NA,NA,NA,33.858
1168,11.3739,101,162,"2026-06-28_GHBLQ",1.77210703526493,307,40,92.5,69.5,32.5,21.5,332,335,203,201,55,62,122,125,175.8,42.962189877,-79.249916775,-0.201706,NA,NA,NA,33.858
1169,11.3834,101,161,"2026-06-28_GHBLQ",1.77210703526493,234,50,92.5,69.5,32.5,21.5,332,333,203,201,55,62,122,125,176,42.962186189,-79.249800853,-0.203946,NA,NA,NA,33.858
1170,11.3929,101,161,"2026-06-28_GHBLQ",1.76853423882286,251,59,75,77,25,24,318,332,204,201,56,62,124,127,176,42.962181327,-79.249684848,-0.634053,NA,NA,NA,33.9264
1171,11.4023,101,161,"2026-06-28_GHBLQ",1.79346461494315,269,51,75.5,67,23,21.5,333,336,203,198,52,65,120,128,176.2,42.962176214,-79.249571189,-0.634053,NA,NA,NA,33.4548
1172,11.4115,102,161,"2026-06-28_GHBLQ",1.77022481855196,297,51,81,74,30,23,330,333,203,200,52,62,120,128,176,42.962169593,-79.249457195,-0.851445,NA,NA,NA,33.894
1173,11.4208,102,161,"2026-06-28_GHBLQ",1.78616082592077,272,44,79,73.5,28,24.5,328,333,203,200,55,62,122,128,176.2,42.962161881,-79.249343201,-0.430205,NA,NA,NA,33.5916
1174,11.4303,102,161,"2026-06-28_GHBLQ",1.78443968593862,248,44,75.5,73.5,27,24.5,328,322,203,201,55,63,122,131,176.2,42.962148638,-79.249228704,0,NA,NA,NA,33.624
1175,11.4397,101,161,"2026-06-28_GHBLQ",1.77210703526493,219,55,73.5,72,24.5,25,328,322,203,201,56,63,122,131,176.2,42.962137239,-79.249113956,0.420955,NA,NA,NA,33.858
1176,11.4492,101,161,"2026-06-28_GHBLQ",1.82089660949051,254,53,73.5,72,24.5,25,333,321,201,198,52,60,120,127,176.2,42.962126007,-79.249000633,0.420955,NA,NA,NA,32.9508
1177,11.4585,101,161,"2026-06-28_GHBLQ",1.78616082592077,289,54,76,70.5,24,22.5,342,336,201,197,56,63,122,127,176.4,42.962116954,-79.24888798,0.636008,NA,NA,NA,33.5916
1178,11.4676,101,161,"2026-06-28_GHBLQ",1.78443968593862,260,57,92,70.5,31.5,20.5,342,336,203,197,58,63,125,127,176.4,42.962106728,-79.248776249,0.636008,NA,NA,NA,33.624
1179,11.4768,101,161,"2026-06-28_GHBLQ",1.7915367802501,252,55,80,73.5,27,21.5,323,329,204,221,58,65,124,129,176.4,42.962094575,-79.24866477,0.425482,NA,NA,NA,33.4908
1180,11.4861,102,160,"2026-06-28_GHBLQ",1.75975785731883,252,55,96.5,73,33.5,22.5,318,326,205,233,55,65,121,136,176.6,42.962084684,-79.248550441,0.640536,NA,NA,NA,34.0956
1181,11.4955,102,160,"2026-06-28_GHBLQ",1.77550513120983,301,42,82.5,98.5,26.5,41,291,321,203,243,60,63,128,138,176.6,42.962073704,-79.248436195,0.42777,NA,NA,NA,33.7932
1182,11.5051,103,160,"2026-06-28_GHBLQ",1.76329524615602,237,55,73.5,98.5,23.5,41,291,321,203,243,60,63,128,138,176.6,42.962062807,-79.248320525,0.645161,NA,NA,NA,34.0272
1183,11.5145,102,160,"2026-06-28_GHBLQ",1.76497581983127,247,54,73.5,98.5,23.5,41,330,330,201,207,59,62,125,129,176.4,42.962053503,-79.248206531,0.217342,NA,NA,NA,33.9948
1184,11.5237,102,160,"2026-06-28_GHBLQ",1.78272185973544,256,54,73.5,98.5,23.5,41,339,339,200,198,56,68,122,131,176.2,42.962044283,-79.24809413,0,NA,NA,NA,33.6564
1185,11.5331,102,160,"2026-06-28_GHBLQ",1.77022481855196,290,58,77,77,26,24,339,342,201,197,58,66,125,131,176.2,42.962033135,-79.247980136,0,NA,NA,NA,33.894
1186,11.5424,102,160,"2026-06-28_GHBLQ",1.79888469149128,273,59,93.5,96,31,38,328,339,207,218,60,65,128,134,176.2,42.962024251,-79.247867567,0,NA,NA,NA,33.354
1187,11.5517,102,160,"2026-06-28_GHBLQ",1.76497581983127,303,59,88,88,29.5,30.5,309,333,207,221,63,69,131,136,176.2,42.962013941,-79.247753489,-0.215103,NA,NA,NA,33.9948
1188,11.561,102,160,"2026-06-28_GHBLQ",1.76684688504894,278,50,79.5,88,27.5,30.5,308,333,204,211,59,62,127,129,176.4,42.962003631,-79.247639747,0,NA,NA,NA,33.9588
1189,11.5703,102,160,"2026-06-28_GHBLQ",1.76853423882286,293,52,80.5,72.5,27.5,23,316,333,201,211,60,62,128,129,176.6,42.961990723,-79.247526591,0.215004,NA,NA,NA,33.9264
1190,11.5798,103,160,"2026-06-28_GHBLQ",1.74264603373763,245,48,69,86.5,24,27,316,336,201,203,60,62,128,128,176.8,42.961978569,-79.247410586,0.210477,NA,NA,NA,34.4304
1191,11.5895,103,160,"2026-06-28_GHBLQ",1.74941394632798,239,48,69,86.5,24,27,325,338,203,201,59,63,127,127,176.8,42.961965996,-79.247294077,0.210477,NA,NA,NA,34.2972
1192,11.5992,104,160,"2026-06-28_GHBLQ",1.7125633648445,306,41,77.5,79.5,28,27,329,340,203,215,56,59,125,129,176.8,42.961953675,-79.247175809,0.210477,NA,NA,NA,35.0352
1193,11.6088,105,160,"2026-06-28_GHBLQ",1.73088240384948,247,47,69.5,79.5,25.5,27,323,338,201,212,58,56,127,124,176.8,42.961942862,-79.247058881,0.423243,NA,NA,NA,34.6644
1194,11.6186,105,160,"2026-06-28_GHBLQ",1.69790817712578,280,47,72,71,23.5,21,328,338,203,207,60,56,131,121,176.4,42.961930206,-79.246938936,0.232471,NA,NA,NA,35.3376
1195,11.6285,105,160,"2026-06-28_GHBLQ",1.71909919202338,263,57,76.5,71.5,25,23,330,336,205,215,56,60,127,127,176.2,42.96191889,-79.246819578,0.0304504,NA,NA,NA,34.902
1196,11.6383,105,160,"2026-06-28_GHBLQ",1.72586379482931,234,44,73,97.5,24.5,31.5,335,336,203,215,53,60,122,127,175.8,42.961907155,-79.246701058,-0.377713,NA,NA,NA,34.7652
1197,11.648,104,160,"2026-06-28_GHBLQ",1.74941394632798,292,58,81,70.5,26.5,21.5,335,335,203,214,53,68,122,134,175.8,42.961892655,-79.246584717,-0.377713,NA,NA,NA,34.2972
1198,11.6576,104,160,"2026-06-28_GHBLQ",1.71591338069254,276,44,77.5,96,26.5,33,336,343,203,211,56,69,125,135,175.6,42.961881591,-79.246466867,-0.8011,NA,NA,NA,34.9668
1199,11.6673,104,160,"2026-06-28_GHBLQ",1.74611489436005,238,43,77.5,96,26.5,33,323,330,200,229,63,63,131,128,175.6,42.961866503,-79.246351532,-1.01615,NA,NA,NA,34.362
1200,11.6767,104,161,"2026-06-28_GHBLQ",1.73593028503975,268,49,69,66.5,22.5,20.5,326,335,197,207,63,63,128,128,175.8,42.961854433,-79.246235443,-1.01391,NA,NA,NA,34.5636
1201,11.6864,104,161,"2026-06-28_GHBLQ",1.75125214528388,285,49,76,69,25,20.5,332,335,200,207,62,63,129,128,176,42.961840519,-79.246119521,-0.807729,NA,NA,NA,34.2612
1202,11.696,104,161,"2026-06-28_GHBLQ",1.73250173250173,256,52,82,69,25,20.5,326,339,201,200,56,63,125,127,176,42.96182736,-79.24600251,-0.807729,NA,NA,NA,34.632
1203,11.7055,104,161,"2026-06-28_GHBLQ",1.74100769525401,202,57,70,70,23,21.5,326,333,201,198,56,66,125,131,176.2,42.961814619,-79.245886085,-0.597202,NA,NA,NA,34.4628
1204,11.7152,103,161,"2026-06-28_GHBLQ",1.75290983031833,196,55,64.5,64,20,17.5,328,329,200,195,55,69,124,129,176,42.961803136,-79.245769493,-0.395225,NA,NA,NA,34.2288
1205,11.7247,103,161,"2026-06-28_GHBLQ",1.75641971405487,292,50,76,69,23.5,20,340,338,200,194,59,68,124,124,175.8,42.961791401,-79.245654493,-0.403731,NA,NA,NA,34.1604
1206,11.7342,103,161,"2026-06-28_GHBLQ",1.75641971405487,232,50,76,69,23.5,20,340,340,200,195,59,68,124,125,175.8,42.961779834,-79.245539158,0,NA,NA,NA,34.1604
1207,11.7436,103,161,"2026-06-28_GHBLQ",1.74776286353468,265,54,88.5,63.5,29.5,18.5,333,345,200,204,59,66,122,125,175.8,42.961764412,-79.245424913,0,NA,NA,NA,34.3296
1208,11.7532,103,161,"2026-06-28_GHBLQ",1.75457065656034,257,47,74,63.5,21.5,18.5,319,330,201,218,66,66,129,128,175.8,42.961748486,-79.245310165,0.212766,NA,NA,NA,34.1964
1209,11.7627,104,161,"2026-06-28_GHBLQ",1.73919092838012,280,53,77.5,69,25,20.5,326,335,200,201,63,68,128,131,175.8,42.96173474,-79.245194411,0.212766,NA,NA,NA,34.4988
1210,11.7724,104,161,"2026-06-28_GHBLQ",1.73593028503975,264,53,80,67,28,20,326,335,200,201,63,68,128,131,175.8,42.961722167,-79.245076729,0,NA,NA,NA,34.5636
1211,11.7822,105,161,"2026-06-28_GHBLQ",1.71591338069254,252,55,79.5,82.5,25.5,26,326,335,203,200,55,70,124,132,175.8,42.961708923,-79.244958376,-0.206186,NA,NA,NA,34.9668
1212,11.792,105,162,"2026-06-28_GHBLQ",1.73593028503975,195,58,74.5,82.5,24,26,321,330,203,212,53,69,124,134,175.6,42.961696602,-79.244841113,-0.410267,NA,NA,NA,34.5636
1213,11.8016,106,162,"2026-06-28_GHBLQ",1.69790817712578,228,49,74.5,82.5,24,26,330,332,201,205,53,66,120,127,175.6,42.961687298,-79.244722845,-0.620794,NA,NA,NA,35.3376
1214,11.8113,106,162,"2026-06-28_GHBLQ",1.70433241299383,250,55,76,53.5,26,15.5,340,335,203,200,53,66,120,124,175.4,42.961674893,-79.244606001,-0.620794,NA,NA,NA,35.2044
1215,11.8211,106,162,"2026-06-28_GHBLQ",1.68027690963471,250,50,74.5,62.5,25,18.5,340,340,203,197,53,66,117,124,175.2,42.961659219,-79.244488151,-0.614349,NA,NA,NA,35.7084
1216,11.8308,107,162,"2026-06-28_GHBLQ",1.66466906379012,250,55,75.5,71,26,21,342,339,204,195,59,66,121,124,175.2,42.961644383,-79.244369799,-0.614349,NA,NA,NA,36.0432
1217,11.8407,109,161,"2026-06-28_GHBLQ",1.68197261748579,233,55,71.5,71,22.5,21,345,339,204,195,59,66,121,124,175,42.961629631,-79.244250692,-0.816369,NA,NA,NA,35.6724
1218,11.8508,100,161,"2026-06-28_GHBLQ",1.64625312788094,217,50,74.5,66.5,22.5,20,349,339,203,195,60,62,122,120,174.8,42.961619237,-79.244127394,-1.01439,NA,NA,NA,36.4464
1219,11.861,99,162,"2026-06-28_GHBLQ",1.61796589327897,269,45,80,86.5,25,26,349,332,203,186,60,49,122,110,174.8,42.961607167,-79.244003091,-1.01439,NA,NA,NA,37.0836
1220,11.8713,101,162,"2026-06-28_GHBLQ",1.61061718850664,257,41,80,86.5,25,26,347,332,201,186,60,49,124,110,174.6,42.961595516,-79.243877278,-1.20856,NA,NA,NA,37.2528
1221,11.8821,101,162,"2026-06-28_GHBLQ",1.55588747821758,267,41,77,70,27.5,21,315,332,200,208,60,59,127,124,174.4,42.961584955,-79.243746856,-1.39375,NA,NA,NA,38.5632
1222,11.8927,104,162,"2026-06-28_GHBLQ",1.54923467806903,267,51,84,72,30.5,21,321,335,201,205,60,62,128,124,173.8,42.961573472,-79.243617523,-1.7557,NA,NA,NA,38.7288
1223,11.9035,105,162,"2026-06-28_GHBLQ",1.52793057083486,189,51,71,80.5,23,25.5,333,335,198,205,55,62,121,124,173.2,42.961559306,-79.243485424,-2.31126,NA,NA,NA,39.2688
1224,11.9144,106,162,"2026-06-28_GHBLQ",1.53581521071385,176,56,66.5,57.5,21,18.5,347,335,197,204,55,72,114,134,172.8,42.961546147,-79.243353828,-2.47205,NA,NA,NA,39.0672
1225,11.9252,106,162,"2026-06-28_GHBLQ",1.50611482619435,168,56,62,55.5,21,19,347,343,197,194,55,63,114,127,172.4,42.961532149,-79.243219886,-2.63834,NA,NA,NA,39.8376
1226,11.9366,107,162,"2026-06-28_GHBLQ",1.51763491774419,181,55,64.5,61,21,19,354,343,198,194,58,63,117,127,172.6,42.961518067,-79.243082087,-2.4629,NA,NA,NA,39.5352
1227,11.948,97,161,"2026-06-28_GHBLQ",1.49718529165169,227,54,84,61,28.5,19,353,343,198,193,56,60,118,121,172.4,42.961503231,-79.242944875,-2.43632,NA,NA,NA,40.0752
1228,11.9594,95,161,"2026-06-28_GHBLQ",1.49342891278375,210,52,84,61,28.5,19,343,340,197,205,60,56,121,120,172.4,42.961489066,-79.242808586,-2.2383,NA,NA,NA,40.176
1229,11.9705,95,161,"2026-06-28_GHBLQ",1.49597582503067,205,55,75,93.5,24,35.5,340,343,197,208,63,60,125,125,172.4,42.961476745,-79.242673721,-2.2383,NA,NA,NA,40.1076
1230,11.9816,96,161,"2026-06-28_GHBLQ",1.49597582503067,254,55,77.5,69,26.5,23,343,343,197,208,65,60,128,125,172,42.961465513,-79.242538185,-2.40448,NA,NA,NA,40.1076
1231,11.9928,97,161,"2026-06-28_GHBLQ",1.46649068778413,238,50,74.5,69,25,23,343,339,198,201,68,63,131,127,171.2,42.961455538,-79.242400387,-2.93358,NA,NA,NA,40.914
1232,12.0043,98,161,"2026-06-28_GHBLQ",1.44751317236987,304,35,79.5,75.5,25.5,23,343,335,198,221,68,62,131,127,171,42.961443552,-79.242260242,-2.54146,NA,NA,NA,41.4504
1233,12.0158,98,161,"2026-06-28_GHBLQ",1.44990575612585,238,52,68.5,97,21,31.5,335,332,198,232,75,66,142,132,170.8,42.961431985,-79.24212018,-2.15982,NA,NA,NA,41.382
1234,12.0274,99,161,"2026-06-28_GHBLQ",1.44638259712459,237,51,69.5,71,20,22,336,338,200,208,66,62,132,128,170.4,42.961419748,-79.241979364,-2.13767,NA,NA,NA,41.4828
1235,12.0391,99,161,"2026-06-28_GHBLQ",1.42669634195058,270,52,69.5,71,20,22,346,342,201,203,63,60,128,125,170.2,42.961408097,-79.241836704,-1.93824,NA,NA,NA,42.0552
1236,12.051,100,161,"2026-06-28_GHBLQ",1.41314792832514,227,48,67.5,67.5,21.5,21.5,347,345,203,200,63,62,129,125,170,42.96139653,-79.2416922,-2.28175,NA,NA,NA,42.4584
1237,12.0628,101,161,"2026-06-28_GHBLQ",1.41314792832514,188,56,60.5,72.5,19,22.5,345,345,198,200,60,63,127,125,170,42.961385047,-79.241548534,-2.10631,NA,NA,NA,42.4584
1238,12.0747,101,160,"2026-06-28_GHBLQ",1.3955175974769,212,59,81.5,60.5,25.5,20,339,343,203,203,63,68,131,134,169.8,42.961371636,-79.241402605,-2.27437,NA,NA,NA,42.9948
1239,12.0867,102,160,"2026-06-28_GHBLQ",1.39762403913347,185,59,63.5,65,19.5,22.5,339,343,203,203,63,68,131,134,169.4,42.961359063,-79.241257179,-2.60771,NA,NA,NA,42.93
1240,12.0988,102,160,"2026-06-28_GHBLQ",1.3890046392755,206,52,63.5,65,19.5,22.5,338,340,203,197,58,73,125,135,168.8,42.961347412,-79.241111166,-2.74322,NA,NA,NA,43.1964
1241,12.1108,103,160,"2026-06-28_GHBLQ",1.37934839581782,206,53,69.5,64,24,20,343,342,200,194,53,72,121,131,168.4,42.96133618,-79.240964399,-2.36226,NA,NA,NA,43.4988
1242,12.1228,103,160,"2026-06-28_GHBLQ",1.38140627158447,266,52,69.5,64,24,20,343,343,200,195,53,68,121,131,168,42.961325116,-79.2408178,-2.52168,NA,NA,NA,43.434
1243,12.1349,104,159,"2026-06-28_GHBLQ",1.36768969856119,220,44,74.5,72,26.5,22,338,343,201,195,53,68,122,131,167.6,42.961312124,-79.240669524,-2.67835,NA,NA,NA,43.8696
1244,12.147,104,159,"2026-06-28_GHBLQ",1.37718283479315,214,60,77.5,59,25.5,18.5,336,340,203,197,56,68,124,129,167.2,42.961299635,-79.240522422,-2.6641,NA,NA,NA,43.5672
1245,12.1596,104,159,"2026-06-28_GHBLQ",1.36043316191875,207,53,72,59,22,18.5,332,336,203,197,56,75,125,135,167,42.961286559,-79.240372385,-2.65189,NA,NA,NA,44.1036
1246,12.1715,104,159,"2026-06-28_GHBLQ",1.38358514582987,196,53,64.5,69.5,20.5,21,336,336,200,197,58,75,124,135,166.6,42.961271472,-79.240228133,-2.81996,NA,NA,NA,43.3656
1247,12.1834,104,159,"2026-06-28_GHBLQ",1.37083950211109,193,53,75.5,59,23.5,18.5,345,340,203,197,56,76,122,135,166.4,42.961257809,-79.240082455,-2.98802,NA,NA,NA,43.7688
1248,12.1953,104,159,"2026-06-28_GHBLQ",1.36455433655368,232,65,72,62,23,19.5,345,342,203,195,56,72,122,129,166.2,42.961245236,-79.23993594,-2.98802,NA,NA,NA,43.9704
1249,12.2076,105,159,"2026-06-28_GHBLQ",1.35523391337345,219,63,72,62,23,19.5,345,342,203,195,55,70,121,128,165.8,42.961232664,-79.239785988,-2.97989,NA,NA,NA,44.2728
1250,12.2199,105,159,"2026-06-28_GHBLQ",1.36043316191875,242,50,74.5,62,24,19.5,333,333,205,195,60,69,125,127,165.6,42.961220258,-79.239636873,-2.64663,NA,NA,NA,44.1036
1251,12.2321,105,159,"2026-06-28_GHBLQ",1.34603995046573,233,55,75,80.5,23.5,23.5,329,325,203,197,60,69,125,131,165.6,42.961203997,-79.239487927,-2.31329,NA,NA,NA,44.5752
1252,12.2445,105,159,"2026-06-28_GHBLQ",1.36143331699613,219,45,67.5,61.5,21,19,338,325,203,197,62,69,127,131,165.2,42.961189245,-79.239338645,-2.30254,NA,NA,NA,44.0712
1253,12.2566,105,159,"2026-06-28_GHBLQ",1.35733094443087,207,45,65,83,19,24.5,338,315,203,197,62,66,127,128,164.8,42.961173739,-79.239190286,-2.30254,NA,NA,NA,44.2044
1254,12.2689,104,159,"2026-06-28_GHBLQ",1.37615941430655,182,50,68.5,62.5,20.5,18,346,325,201,195,62,63,122,122,164.6,42.961157143,-79.23904268,-2.13456,NA,NA,NA,43.5996
1255,12.2811,105,159,"2026-06-28_GHBLQ",1.35622643556568,197,58,70,49,22.5,15,347,333,198,195,60,62,120,121,164.2,42.961142642,-79.238892896,-2.3037,NA,NA,NA,44.2404
1256,12.2934,105,159,"2026-06-28_GHBLQ",1.36354959229867,241,55,75.5,58.5,25.5,17.5,346,345,200,195,59,62,122,124,163.8,42.961128812,-79.238743698,-2.29277,NA,NA,NA,44.0028
1257,12.3058,105,159,"2026-06-28_GHBLQ",1.34909071285953,213,57,77.5,65,26,20,342,345,203,198,60,66,127,131,163.4,42.961112383,-79.238592656,-2.44729,NA,NA,NA,44.4744
1258,12.3182,105,159,"2026-06-28_GHBLQ",1.36043316191875,212,51,77.5,65,26,20,336,340,204,201,58,70,127,132,163.2,42.961095284,-79.238442955,-2.44051,NA,NA,NA,44.1036
1259,12.3307,106,159,"2026-06-28_GHBLQ",1.34408602150538,221,61,74,64,24.5,18.5,342,340,205,201,60,70,128,132,162.8,42.961079526,-79.238291829,-2.43531,NA,NA,NA,44.64
1260,12.343,106,160,"2026-06-28_GHBLQ",1.35116876097825,280,49,90,65,32,20.5,342,339,205,198,60,69,128,127,162.4,42.961064606,-79.238142045,-2.59791,NA,NA,NA,44.406
1261,12.3555,106,160,"2026-06-28_GHBLQ",1.3450622763834,272,49,73,73.5,24,22.5,328,336,207,218,60,69,129,135,162.2,42.961053291,-79.237989578,-2.75791,NA,NA,NA,44.6076
1262,12.3678,106,160,"2026-06-28_GHBLQ",1.35314335200671,247,51,73,69.5,25.5,20.5,326,330,203,214,58,68,125,129,161.8,42.961039712,-79.237839374,-2.76053,NA,NA,NA,44.3412
1263,12.3803,105,160,"2026-06-28_GHBLQ",1.35314335200671,280,54,77.5,69.5,25.5,21.5,335,339,200,204,53,66,122,125,161.6,42.961024457,-79.237688919,-2.58995,NA,NA,NA,44.3412
1264,12.3927,105,160,"2026-06-28_GHBLQ",1.35116876097825,249,50,79.5,69.5,28.5,21.5,336,343,198,203,53,68,120,128,161.4,42.961010543,-79.237539302,-2.58864,NA,NA,NA,44.406
1265,12.4049,105,160,"2026-06-28_GHBLQ",1.35116876097825,257,54,87.5,69,29,20.5,336,336,201,200,58,69,124,129,161,42.960997132,-79.237390775,-2.58864,NA,NA,NA,44.406
1266,12.4171,105,160,"2026-06-28_GHBLQ",1.35116876097825,263,46,87.5,69,29,20.5,325,338,203,207,58,66,127,125,160.8,42.960983051,-79.237241912,-2.42737,NA,NA,NA,44.406
1267,12.4293,105,160,"2026-06-28_GHBLQ",1.35523391337345,232,58,73,81.5,23.5,23.5,326,338,201,207,53,66,121,125,160.6,42.960967209,-79.237093972,-2.26872,NA,NA,NA,44.2728
1268,12.4415,105,160,"2026-06-28_GHBLQ",1.35314335200671,252,58,75.5,62,25,19.5,326,338,201,207,53,66,121,125,160.2,42.960951115,-79.236945277,-2.4353,NA,NA,NA,44.3412
1269,12.4539,105,160,"2026-06-28_GHBLQ",1.35007425408397,251,58,75.5,62,25,19.5,339,338,201,207,56,66,118,125,160,42.960933597,-79.236795911,-2.27659,NA,NA,NA,44.442
1270,12.4661,106,160,"2026-06-28_GHBLQ",1.34810860362911,272,58,75.5,62,25,19.5,340,338,201,207,60,66,125,125,159.8,42.960916917,-79.236646881,-2.11532,NA,NA,NA,44.5068
1271,12.4785,106,160,"2026-06-28_GHBLQ",1.35314335200671,212,58,0,0,0,0,336,338,201,207,60,66,128,125,159.4,42.960902668,-79.23649651,-2.27791,NA,NA,NA,44.3412
1272,12.4907,106,160,"2026-06-28_GHBLQ",1.34810860362911,202,58,67.5,57,21.5,18.5,340,336,200,210,58,69,120,129,159.2,42.960888167,-79.236346641,-2.11664,NA,NA,NA,44.5068
1273,12.5032,106,160,"2026-06-28_GHBLQ",1.35424284282658,183,58,67.5,57,21.5,18.5,352,342,203,204,59,70,122,131,159,42.960873415,-79.23619518,-2.11664,NA,NA,NA,44.3052
1274,12.5158,105,160,"2026-06-28_GHBLQ",1.35215533560495,183,56,69,76,22.5,23,349,339,203,197,60,73,122,131,158.8,42.960858998,-79.236043384,-2.11408,NA,NA,NA,44.3736
1275,12.5279,105,160,"2026-06-28_GHBLQ",1.3782077786047,206,59,62.5,58,21,17.5,347,346,201,198,59,70,121,128,158.4,42.960845084,-79.235895779,-2.11679,NA,NA,NA,43.5348
1276,12.5403,104,159,"2026-06-28_GHBLQ",1.36354959229867,215,51,71.5,63.5,22.5,19,346,346,201,198,58,70,124,128,158.2,42.960829578,-79.235746245,-2.11414,NA,NA,NA,44.0028
1277,12.5525,104,159,"2026-06-28_GHBLQ",1.37185502236124,229,51,78,70,24.5,22,346,346,201,198,58,72,124,131,157.8,42.960813988,-79.235598724,-2.27808,NA,NA,NA,43.7364
1278,12.5645,104,159,"2026-06-28_GHBLQ",1.37185502236124,266,51,78,70,24.5,22,345,343,204,198,58,69,125,128,157.6,42.960798146,-79.235451454,-2.11687,NA,NA,NA,43.7364
1279,12.5767,104,159,"2026-06-28_GHBLQ",1.38358514582987,226,52,71.5,67.5,23.5,20.5,335,336,204,218,56,66,124,129,157.2,42.960783561,-79.235304016,-2.28345,NA,NA,NA,43.3656
1280,12.5889,104,158,"2026-06-28_GHBLQ",1.37934839581782,202,50,71.5,67.5,23.5,20.5,343,336,201,218,51,66,118,129,157.2,42.960772078,-79.235156327,-2.11952,NA,NA,NA,43.4988
1281,12.6008,104,158,"2026-06-28_GHBLQ",1.37083950211109,233,48,71,65.5,22.5,21,347,340,200,200,53,72,120,131,157.2,42.96076202,-79.23500956,-1.79694,NA,NA,NA,43.7688
1282,12.6129,104,158,"2026-06-28_GHBLQ",1.37400384721077,249,53,72.5,70.5,24,21.5,347,340,200,200,53,72,120,131,157,42.960749028,-79.23486229,-1.79829,NA,NA,NA,43.668
1283,12.6251,104,158,"2026-06-28_GHBLQ",1.37083950211109,180,54,73,70.5,23.5,21.5,347,345,200,198,53,70,120,129,156.6,42.960734108,-79.234714601,-1.96616,NA,NA,NA,43.7688
1284,12.6373,104,157,"2026-06-28_GHBLQ",1.37615941430655,204,54,88,74,28,22.5,342,338,203,197,58,65,125,125,156.2,42.960719272,-79.234567079,-2.1353,NA,NA,NA,43.5996
1285,12.6494,103,157,"2026-06-28_GHBLQ",1.37400384721077,191,52,67,74,22,22,343,340,203,198,60,70,125,129,155.8,42.960704939,-79.234419977,-2.1353,NA,NA,NA,43.668
1286,12.6615,103,157,"2026-06-28_GHBLQ",1.38461964498352,210,51,62,61,18,18.5,343,340,203,197,60,73,125,131,155.6,42.960687588,-79.234273545,-2.1393,NA,NA,NA,43.3332
1287,12.6735,103,157,"2026-06-28_GHBLQ",1.37400384721077,240,50,62,61,18,18.5,349,342,200,194,62,66,121,124,155.2,42.960669819,-79.234127197,-2.14476,NA,NA,NA,43.668
1288,12.6856,103,157,"2026-06-28_GHBLQ",1.39330100874993,215,55,69,61,23.5,18.5,345,339,201,191,59,62,122,121,154.8,42.960652636,-79.233981603,-2.30868,NA,NA,NA,43.0632
1289,12.6975,102,157,"2026-06-28_GHBLQ",1.39762403913347,284,51,92,65.5,32,19.5,325,339,207,191,59,62,127,121,154.8,42.960635872,-79.233836513,-1.98081,NA,NA,NA,42.93
1290,12.7095,101,157,"2026-06-28_GHBLQ",1.40753877769333,254,53,70.5,95.5,21,35.5,325,340,207,212,59,69,127,132,154.6,42.960619192,-79.233690835,-2.14747,NA,NA,NA,42.6276
1291,12.7216,101,157,"2026-06-28_GHBLQ",1.42328494164532,291,53,75.5,76.5,25,24.5,318,338,204,212,55,68,122,135,154.2,42.960605613,-79.233545325,-2.47805,NA,NA,NA,42.156
1292,12.7334,100,157,"2026-06-28_GHBLQ",1.4290205493155,288,52,87.5,91,28.5,30,325,335,201,203,55,65,122,131,154.4,42.960592538,-79.233401492,-2.14327,NA,NA,NA,41.9868
1293,12.745,99,157,"2026-06-28_GHBLQ",1.44400161728181,251,52,76.5,96,24,31,316,325,204,208,69,63,135,129,154.6,42.960578624,-79.233261179,-1.64299,NA,NA,NA,41.5512
1294,12.7563,98,156,"2026-06-28_GHBLQ",1.46778218112432,244,57,73,74.5,22.5,24,330,323,203,221,66,60,131,125,154.6,42.960561357,-79.233124973,-1.31512,NA,NA,NA,40.878
1295,12.7676,97,156,"2026-06-28_GHBLQ",1.47741039505954,254,49,72.5,74.5,22.5,24,335,335,200,205,62,58,127,122,154.8,42.960545515,-79.232987761,-0.80755,NA,NA,NA,40.6116
1296,12.7789,96,156,"2026-06-28_GHBLQ",1.47741039505954,291,56,72.5,74.5,22.5,24,335,335,201,205,62,58,125,122,155.2,42.960533278,-79.23285013,-0.288278,NA,NA,NA,40.6116
1297,12.79,99,156,"2026-06-28_GHBLQ",1.49718529165169,149,66,79,72,25,22.5,335,336,201,200,62,58,125,121,155.2,42.96051928,-79.232715349,0.0450551,NA,NA,NA,40.0752
1298,12.801,107,156,"2026-06-28_GHBLQ",1.52276534186082,156,66,69.5,54.5,22,16,343,343,204,205,58,62,124,127,155.2,42.960505198,-79.232582748,0.375634,NA,NA,NA,39.402
1299,12.8117,117,156,"2026-06-28_GHBLQ",1.53978812515398,341,45,73.5,64.5,21.5,20,345,350,201,205,48,60,113,125,155.2,42.960489776,-79.232453331,0.375634,NA,NA,NA,38.9664
1300,12.8225,108,156,"2026-06-28_GHBLQ",1.54378164752377,330,41,81,64.5,25.5,20,338,340,201,203,51,53,114,118,155.2,42.960475945,-79.232322406,0.5423,NA,NA,NA,38.8656
1301,12.8333,106,156,"2026-06-28_GHBLQ",1.51501378662546,412,52,90.5,57,30.5,19,329,323,204,210,55,44,121,111,155.2,42.960465552,-79.232189636,0.872879,NA,NA,NA,39.6036
1302,12.8441,106,156,"2026-06-28_GHBLQ",1.52793057083486,285,54,82,98.5,27,33,311,319,211,232,59,49,128,118,155,42.960455242,-79.232057454,0.518202,NA,NA,NA,39.2688
1303,12.8551,105,156,"2026-06-28_GHBLQ",1.52793057083486,331,49,82,98.5,27,33,301,322,208,243,62,63,131,135,155,42.960444513,-79.23192393,0.345788,NA,NA,NA,39.2688
1304,12.8659,105,156,"2026-06-28_GHBLQ",1.54779593858346,315,49,82,96,26.5,32,311,330,207,212,60,65,131,132,155,42.960433784,-79.231792586,0.345788,NA,NA,NA,38.7648
1305,12.8768,105,156,"2026-06-28_GHBLQ",1.53454255286499,331,54,82.5,75.5,27,22.5,311,330,207,212,60,65,131,132,154.8,42.96042448,-79.231659313,-0.0146891,NA,NA,NA,39.0996
1306,12.8877,105,156,"2026-06-28_GHBLQ",1.53454255286499,303,54,92.5,75,30,22.5,323,335,207,208,62,65,132,131,154.6,42.960416518,-79.231526376,-0.552158,NA,NA,NA,39.0996
1307,12.8985,105,157,"2026-06-28_GHBLQ",1.53978812515398,266,62,85.5,75,29,22.5,322,335,208,208,63,65,134,131,154.6,42.960408052,-79.231393775,-0.552158,NA,NA,NA,38.9664
1308,12.9093,105,157,"2026-06-28_GHBLQ",1.55327741534638,314,47,85,86,29,31,301,326,212,231,65,79,135,148,154.6,42.960401766,-79.231262011,-0.552158,NA,NA,NA,38.628
1309,12.9203,105,157,"2026-06-28_GHBLQ",1.54121200912398,289,47,79,85,26,25.5,300,330,207,222,62,70,132,141,154.6,42.960399083,-79.231127733,-0.552158,NA,NA,NA,38.9304
1310,12.931,104,157,"2026-06-28_GHBLQ",1.55458135124211,259,45,79,85,26,25.5,314,338,200,224,58,66,127,135,154.6,42.960395898,-79.230996389,-0.552158,NA,NA,NA,38.5956
1311,12.9417,104,157,"2026-06-28_GHBLQ",1.55996505678273,215,48,75,87,21.5,28.5,329,338,195,224,58,66,124,135,154.6,42.960391456,-79.230865379,-0.552158,NA,NA,NA,38.4624
1312,12.9523,103,157,"2026-06-28_GHBLQ",1.57099318188959,216,55,73,68,25,20.5,340,338,198,224,58,66,125,135,154.8,42.960390869,-79.230735879,-0.178293,NA,NA,NA,38.1924
1313,12.9629,103,157,"2026-06-28_GHBLQ",1.55734130692082,214,40,66.5,68,22,20,340,346,198,203,58,72,125,131,154.8,42.960391456,-79.230604535,-0.178293,NA,NA,NA,38.5272
1314,12.9735,102,157,"2026-06-28_GHBLQ",1.57798396768289,227,40,65.5,68,19,20,343,346,191,203,60,72,124,131,155,42.960392378,-79.230474867,0.010386,NA,NA,NA,38.0232
1315,12.984,101,157,"2026-06-28_GHBLQ",1.61061718850664,222,48,80,68.5,24,18.5,343,345,191,194,60,60,118,121,155,42.960392378,-79.230347629,0.193872,NA,NA,NA,37.2528
1316,12.9942,101,157,"2026-06-28_GHBLQ",1.592001783042,239,49,80,68.5,24,18.5,343,343,197,208,66,62,128,122,155,42.960389276,-79.230220895,0.377358,NA,NA,NA,37.6884
1317,13.0048,101,158,"2026-06-28_GHBLQ",1.61796589327897,242,54,76.5,71.5,25.5,20,338,342,195,208,60,70,124,129,154.8,42.960386008,-79.230094244,0.188679,NA,NA,NA,37.0836
1318,13.015,101,158,"2026-06-28_GHBLQ",1.60348919248284,274,47,82,67.5,27.5,20.5,336,342,198,208,59,70,125,129,155,42.960384918,-79.229966672,0.384758,NA,NA,NA,37.4184
1319,13.0255,101,158,"2026-06-28_GHBLQ",1.55183116076971,302,44,83.5,67.5,28,20.5,336,343,198,203,59,75,125,135,154.8,42.960385672,-79.229838932,0.194281,NA,NA,NA,38.664
1320,13.0352,102,158,"2026-06-28_GHBLQ",1.66002656042497,272,44,87.5,97,30.5,31,332,342,200,208,59,70,127,134,154.8,42.960377207,-79.229720244,0.194281,NA,NA,NA,36.144
1321,13.0449,102,158,"2026-06-28_GHBLQ",1.69153218985757,248,58,79,97,28.5,31,325,336,201,219,62,69,129,135,154.8,42.960364885,-79.229602227,0.194281,NA,NA,NA,35.4708
1322,13.0544,102,158,"2026-06-28_GHBLQ",1.68197261748579,348,50,99.5,97,36,31,323,336,207,214,63,66,132,134,154.8,42.960354072,-79.229486975,0,NA,NA,NA,35.6724
1323,13.0631,102,158,"2026-06-28_GHBLQ",1.73412409392016,256,51,78,90,25.5,29.5,309,338,218,210,65,63,134,131,154.6,42.96034217,-79.229382034,-0.224283,NA,NA,NA,34.5996
1324,13.0715,102,158,"2026-06-28_GHBLQ",1.76161786985167,240,56,78,90,25.5,29.5,314,336,208,210,62,66,129,134,154.6,42.960329094,-79.229279859,-0.412962,NA,NA,NA,34.0596
1325,13.08,102,159,"2026-06-28_GHBLQ",1.7915367802501,285,45,93,68.5,35,20,315,336,205,210,65,66,132,134,154.6,42.960316438,-79.229177264,-0.412962,NA,NA,NA,33.4908
1326,13.0894,102,159,"2026-06-28_GHBLQ",1.78616082592077,262,58,80,79,27.5,26,315,338,205,221,65,69,132,135,154.4,42.960302859,-79.229064025,-0.625728,NA,NA,NA,33.5916
1327,13.0971,102,159,"2026-06-28_GHBLQ",1.83958793230316,296,58,85.5,72,32,22.5,315,336,205,218,65,68,132,134,154.6,42.96029959,-79.228968722,-0.177309,NA,NA,NA,32.616
1328,13.1078,102,159,"2026-06-28_GHBLQ",1.7773985994099,260,48,72,85,23.5,28.5,319,330,204,217,65,65,132,131,154.6,42.960293136,-79.228837713,-0.373387,NA,NA,NA,33.7572
1329,13.1078,102,159,"2026-06-28_GHBLQ",NA,260,55,79,67.5,26.5,20,329,332,203,204,60,62,128,127,154.6,0,0,-0.182911,NA,NA,NA,0
1330,13.1078,101,159,"2026-06-28_GHBLQ",NA,295,42,80,96,27,31.5,333,333,201,198,56,60,124,125,154.6,0,0,-0.182911,NA,NA,NA,0
1331,13.1078,101,159,"2026-06-28_GHBLQ",NA,240,57,76,70.5,25.5,23.5,333,323,201,198,56,60,122,125,154.6,0,0,-0.182911,NA,NA,NA,0
1332,13.1078,100,160,"2026-06-28_GHBLQ",NA,256,58,76,70.5,25.5,23.5,330,329,203,200,59,62,125,128,154.6,0,0,-0.182911,NA,NA,NA,0
1333,13.1078,100,160,"2026-06-28_GHBLQ",NA,279,43,80,71,27.5,24.5,325,335,203,201,59,62,125,128,154.8,0,0,0.0469743,NA,NA,NA,0
1334,13.1078,100,160,"2026-06-28_GHBLQ",NA,248,43,80.5,97,24.5,31.5,325,335,203,201,59,62,125,128,154.6,0,0,0.0469743,NA,NA,NA,0
1335,13.1078,100,160,"2026-06-28_GHBLQ",NA,253,43,73,69.5,22.5,21,326,336,198,203,53,60,120,127,154.6,0,0,0.0469743,NA,NA,NA,0
1336,13.1078,100,160,"2026-06-28_GHBLQ",NA,283,54,75.5,70.5,24,23.5,330,338,195,198,51,63,117,127,154.6,0,0,0.25974,NA,NA,NA,0
1337,13.1078,100,160,"2026-06-28_GHBLQ",NA,284,44,78.5,98.5,24,33.5,333,335,201,198,58,63,124,128,154.6,0,0,0,NA,NA,NA,0
1338,13.1078,100,160,"2026-06-28_GHBLQ",NA,311,52,76,77.5,25.5,25,326,311,201,201,59,63,125,129,154.8,0,0,0,NA,NA,NA,0
1339,13.1078,100,160,"2026-06-28_GHBLQ",NA,260,39,76,77.5,25.5,25,325,323,203,221,65,62,131,128,154.8,0,0,0,NA,NA,NA,0
1340,13.1078,100,160,"2026-06-28_GHBLQ",NA,260,58,71.5,96.5,22.5,27.5,323,316,200,224,63,62,129,128,154.8,0,0,0,NA,NA,NA,0
1341,13.1078,99,160,"2026-06-28_GHBLQ",NA,266,58,74.5,96.5,25.5,27.5,323,316,200,224,63,62,129,128,154.8,0,0,0,NA,NA,NA,0
1342,13.1078,99,160,"2026-06-28_GHBLQ",NA,291,47,80.5,74,25.5,22.5,323,308,200,207,63,65,129,131,154.8,0,0,0,NA,NA,NA,0
1343,13.1078,99,160,"2026-06-28_GHBLQ",NA,251,47,72,98.5,21.5,35.5,323,332,200,222,63,65,129,131,154.8,0,0,0,NA,NA,NA,0
1344,13.1078,99,160,"2026-06-28_GHBLQ",NA,260,51,73.5,72,23,21,333,339,200,215,59,65,124,129,154.8,0,0,0,NA,NA,NA,0
1345,13.1078,98,160,"2026-06-28_GHBLQ",NA,208,54,70.5,69,23.5,21.5,338,343,198,201,58,62,122,124,154.8,0,0,0,NA,NA,NA,0
1346,13.1078,98,160,"2026-06-28_GHBLQ",NA,306,50,70.5,69,23.5,21.5,336,346,198,197,59,60,124,125,154.8,0,0,0,NA,NA,NA,0
1347,13.1078,98,160,"2026-06-28_GHBLQ",NA,241,52,84.5,69,28,21.5,332,346,200,197,59,60,124,125,154.8,0,0,0,NA,NA,NA,0
1348,13.1078,97,160,"2026-06-28_GHBLQ",NA,316,43,75,73,24,23,332,343,200,204,59,59,124,124,155,0,0,0,NA,NA,NA,0
1349,13.1078,97,160,"2026-06-28_GHBLQ",NA,267,53,79,73,24,23,329,342,198,217,60,59,125,124,155,0,0,0,NA,NA,NA,0
1350,13.1078,97,160,"2026-06-28_GHBLQ",NA,285,53,82.5,83.5,27,25.5,329,340,198,214,60,62,125,125,155.2,0,0,0,NA,NA,NA,0
1351,13.3483,98,159,"2026-06-28_GHBLQ",1.59063434497678,227,50,81,74.5,24,23.5,330,340,200,207,60,62,124,127,155.2,42.960299925,-79.225875968,0,NA,NA,NA,37.7208
1352,13.3651,107,159,"2026-06-28_GHBLQ",1.70765027322404,290,72,77,74.5,24,23.5,336,346,200,203,53,68,118,132,155.2,42.960270673,-79.225684022,0,NA,NA,NA,35.136
1353,13.3753,107,159,"2026-06-28_GHBLQ",1.67084377610693,352,46,77,74.5,24,23.5,339,346,201,203,52,68,113,132,155.2,42.960282072,-79.22555888,0,NA,NA,NA,35.91
1354,13.3856,108,159,"2026-06-28_GHBLQ",1.67723323605381,351,48,89,46.5,27.5,17,325,346,205,203,52,68,117,132,155.2,42.960290789,-79.225435163,0,NA,NA,NA,35.7732
1355,13.3954,108,159,"2026-06-28_GHBLQ",1.67252048837598,322,48,94,99,31.5,35,325,311,205,221,52,66,117,131,155.2,42.960297746,-79.225313961,0,NA,NA,NA,35.874
1356,13.4055,107,159,"2026-06-28_GHBLQ",1.69153218985757,257,52,75.5,74,25.5,22.5,309,305,207,221,53,66,124,134,155.4,42.960303865,-79.225191921,0.19802,NA,NA,NA,35.4708
1357,13.4155,106,159,"2026-06-28_GHBLQ",1.69946636756059,239,52,69.5,74,22.5,22.5,316,311,203,212,52,65,124,132,155.6,42.960306296,-79.225069712,0.39802,NA,NA,NA,35.3052
1358,13.4255,105,159,"2026-06-28_GHBLQ",1.71414858239912,251,52,75,70,25,20,330,338,200,198,51,62,120,124,155.8,42.960305206,-79.224948678,0.59802,NA,NA,NA,35.0028
1359,13.435,105,159,"2026-06-28_GHBLQ",1.72908669640696,296,53,83,70.5,29,21.5,330,342,200,200,51,63,120,127,156,42.960301937,-79.224831164,0.808546,NA,NA,NA,34.7004
1360,13.4447,104,159,"2026-06-28_GHBLQ",1.75290983031833,286,39,100,76,33,25.5,333,342,201,200,56,63,125,127,156.2,42.96029607,-79.224713649,1.01473,NA,NA,NA,34.2288
1361,13.4542,104,159,"2026-06-28_GHBLQ",1.74611489436005,269,42,74.5,81,24,27.5,329,339,200,221,58,68,127,134,156.2,42.960290789,-79.22459647,1.01473,NA,NA,NA,34.362
1362,13.4639,103,159,"2026-06-28_GHBLQ",1.76161786985167,307,50,74.5,81,24,27.5,329,339,200,221,58,68,127,134,156.4,42.960285844,-79.224478621,1.22092,NA,NA,NA,34.0596
1363,13.4735,103,159,"2026-06-28_GHBLQ",1.75975785731883,305,49,83,68.5,27.5,20,329,335,200,214,58,70,127,135,156.2,42.960283329,-79.224360771,1.01258,NA,NA,NA,34.0956
1364,13.4831,103,159,"2026-06-28_GHBLQ",1.74264603373763,308,51,90.5,68.5,31.5,20,326,339,203,205,60,70,128,134,156,42.960283916,-79.224243508,0.804251,NA,NA,NA,34.4304
1365,13.4926,102,159,"2026-06-28_GHBLQ",1.74611489436005,280,51,90.5,94,32,31,319,336,203,222,60,70,129,136,156,42.960282994,-79.224127084,0.804251,NA,NA,NA,34.362
1366,13.5018,102,159,"2026-06-28_GHBLQ",1.7915367802501,308,52,81.5,80,26.5,24.5,318,333,203,214,59,72,128,138,156,42.960283916,-79.224013928,0.606231,NA,NA,NA,33.4908
1367,13.5112,102,159,"2026-06-28_GHBLQ",1.7773985994099,333,51,91,74.5,31.5,22,322,336,205,200,60,68,128,132,156,42.960286766,-79.22389742,0.406231,NA,NA,NA,33.7572
1368,13.5206,110,159,"2026-06-28_GHBLQ",1.82089660949051,306,51,78,58.5,26,19,328,347,205,205,58,73,124,136,156.2,42.960289616,-79.223783342,0.418997,NA,NA,NA,32.9508
1369,13.53,112,159,"2026-06-28_GHBLQ",1.77910617705665,352,46,82,98,28.5,39.5,323,343,207,212,55,70,121,134,156.4,42.960293807,-79.223668342,0.421236,NA,NA,NA,33.7248
1370,13.5394,112,159,"2026-06-28_GHBLQ",1.78272185973544,267,62,82,98,28.5,39.5,321,343,205,212,51,70,114,134,156.6,42.960296992,-79.223553594,0.427817,NA,NA,NA,33.6564
1371,13.5485,110,159,"2026-06-28_GHBLQ",1.84529081783289,229,62,92.5,98,30,39.5,321,343,205,212,51,70,114,134,156.8,42.960301686,-79.223443204,0.647597,NA,NA,NA,32.5152
1372,13.5572,108,159,"2026-06-28_GHBLQ",1.86657707096726,312,62,78,70,27.5,23,330,343,200,212,51,70,114,134,157.2,42.960307301,-79.223336083,0.901182,NA,NA,NA,32.1444
1373,13.5659,107,159,"2026-06-28_GHBLQ",1.89415463878471,250,54,78,70,27.5,23,330,333,200,212,51,65,114,129,157.4,42.960316857,-79.22322913,1.3394,NA,NA,NA,31.6764
1374,13.5747,105,159,"2026-06-28_GHBLQ",1.90628693430935,335,47,78,70,27.5,23,330,336,200,208,51,66,114,131,157.8,42.960326664,-79.223122093,2.00228,NA,NA,NA,31.4748
1375,13.5835,104,159,"2026-06-28_GHBLQ",1.93102382883405,295,54,0,0,0,0,330,336,200,208,51,65,114,129,158.2,42.960338566,-79.223016733,2.45682,NA,NA,NA,31.0716
1376,13.592,102,159,"2026-06-28_GHBLQ",1.95000195000195,275,47,0,0,0,0,318,336,204,208,58,65,127,129,158.2,42.960347535,-79.2229133,2.45682,NA,NA,NA,30.7692
1377,13.6002,102,159,"2026-06-28_GHBLQ",1.99123855037834,324,44,0,0,0,0,333,336,204,208,53,65,121,129,159,42.960356671,-79.222812885,3.43243,NA,NA,NA,30.132
1378,13.6086,101,159,"2026-06-28_GHBLQ",1.97378809411022,324,43,75.5,74,25,24,333,340,204,203,53,60,121,122,159.6,42.960367484,-79.222709955,3.93395,NA,NA,NA,30.3984
1379,13.6172,100,159,"2026-06-28_GHBLQ",1.98459950781932,345,50,89.5,81,33.5,24.5,335,340,204,203,56,60,124,122,160.2,42.960378883,-79.222605936,4.41886,NA,NA,NA,30.2328
1380,13.6256,100,159,"2026-06-28_GHBLQ",2.01385532463348,307,54,96.5,96,35.5,31,335,328,204,224,56,60,124,128,160.6,42.960388438,-79.222504347,4.68229,NA,NA,NA,29.7936
1381,13.634,100,159,"2026-06-28_GHBLQ",2.00032005120819,314,54,82,80.5,27,28.5,311,322,205,221,63,62,132,129,160.8,42.960397994,-79.222402507,4.7006,NA,NA,NA,29.9952
1382,13.6421,99,160,"2026-06-28_GHBLQ",2.02979742621686,313,50,90,80.5,32,26.5,314,322,205,221,63,62,131,129,160.8,42.960408722,-79.222302679,4.24083,NA,NA,NA,29.5596
1383,13.6504,97,160,"2026-06-28_GHBLQ",2.08177200433009,276,49,82,91,27,31.5,314,333,205,207,63,59,131,127,161,42.960420038,-79.222203437,4.25191,NA,NA,NA,28.8216
1384,13.6584,96,160,"2026-06-28_GHBLQ",2.09170013386881,253,43,82,91,27,31.5,315,336,204,205,63,58,131,124,161.2,42.960431102,-79.222106458,4.04736,NA,NA,NA,28.6848
1385,13.6664,95,160,"2026-06-28_GHBLQ",2.10384583017756,288,51,92,77,30.5,22,314,333,203,222,63,59,129,129,161.4,42.960441915,-79.222009563,3.84282,NA,NA,NA,28.5192
1386,13.6743,94,160,"2026-06-28_GHBLQ",2.10890379180902,342,53,83,92,26,26.5,315,328,200,225,62,62,127,132,161.6,42.960449961,-79.221914094,4.09598,NA,NA,NA,28.4508
1387,13.682,94,161,"2026-06-28_GHBLQ",2.13922046806144,336,48,80.5,84,24,27,321,325,201,205,63,58,127,122,161.6,42.960457505,-79.221820552,3.12037,NA,NA,NA,28.0476
1388,13.6896,93,161,"2026-06-28_GHBLQ",2.13922046806144,324,48,85.5,83,26.5,25.5,330,330,203,200,62,56,125,120,161.8,42.960465468,-79.221726087,2.66925,NA,NA,NA,28.0476
1389,13.6975,93,161,"2026-06-28_GHBLQ",2.16253622248173,329,47,89.5,85,29.5,25,335,333,201,208,62,60,125,122,162.2,42.960475359,-79.221630869,2.4779,NA,NA,NA,27.7452
1390,13.7053,93,161,"2026-06-28_GHBLQ",2.18092994853005,301,48,91,85,27,25,321,332,203,224,66,63,131,125,162.4,42.960486507,-79.221536237,2.25812,NA,NA,NA,27.5112
1391,13.713,92,161,"2026-06-28_GHBLQ",2.18092994853005,329,49,91,85,27,25,321,332,203,224,66,63,131,125,162.8,42.960496397,-79.221442192,2.53951,NA,NA,NA,27.5112
1392,13.7209,92,161,"2026-06-28_GHBLQ",2.18636582272946,299,46,89.5,100,27,37,308,332,201,224,68,63,134,125,163,42.960507126,-79.221347393,2.79267,NA,NA,NA,27.4428
1393,13.7286,92,161,"2026-06-28_GHBLQ",2.1944261575598,300,46,83,100,24,37,305,335,200,207,66,62,131,124,163,42.960518358,-79.221254605,2.55171,NA,NA,NA,27.342
1394,13.7361,91,162,"2026-06-28_GHBLQ",2.1996392591615,332,50,83,100,24,37,311,339,198,201,63,62,127,122,163.2,42.960528081,-79.22116341,2.56837,NA,NA,NA,27.2772
1395,13.7436,92,163,"2026-06-28_GHBLQ",2.18895017949391,368,50,87,83.5,27.5,26,322,339,200,198,66,60,129,122,163.4,42.96054057,-79.221073305,2.58504,NA,NA,NA,27.4104
1396,13.7511,92,162,"2026-06-28_GHBLQ",2.18350146294598,260,52,96,83.5,32.5,26,328,338,203,198,68,60,131,121,163.4,42.960552137,-79.220982194,2.33188,NA,NA,NA,27.4788
1397,13.7588,91,163,"2026-06-28_GHBLQ",2.18092994853005,287,50,96.5,96.5,33,32.5,312,336,204,205,70,60,135,122,163.6,42.960563704,-79.220890244,2.59162,NA,NA,NA,27.5112
1398,13.7662,91,163,"2026-06-28_GHBLQ",2.2025461433417,317,50,86.5,99.5,28,34.5,280,336,201,205,66,60,136,122,163.6,42.960574433,-79.220800725,2.32846,NA,NA,NA,27.2412
1399,13.7737,91,163,"2026-06-28_GHBLQ",2.2025461433417,294,50,94,84,30.5,26,280,325,201,222,66,58,136,122,163.6,42.960585581,-79.220710788,1.82213,NA,NA,NA,27.2412
1400,13.781,90,163,"2026-06-28_GHBLQ",2.22162978761219,282,50,94,84,30.5,26,312,330,200,205,60,56,127,118,163.6,42.960596812,-79.220622191,1.56572,NA,NA,NA,27.0072
1401,13.7883,89,163,"2026-06-28_GHBLQ",2.21072644470973,313,49,90.5,98,28,33,323,323,197,203,56,58,121,120,163.8,42.960609134,-79.220533175,1.32021,NA,NA,NA,27.1404
1402,13.7957,89,163,"2026-06-28_GHBLQ",2.26111337222448,263,49,82.5,85,25,25.5,325,305,197,198,58,62,120,125,164.2,42.960620198,-79.220443237,1.60759,NA,NA,NA,26.5356
1403,13.8032,88,163,"2026-06-28_GHBLQ",2.26973534885832,328,52,90,81.5,28.5,24.5,333,333,201,225,62,60,124,122,164.4,42.960631681,-79.220353635,1.87425,NA,NA,NA,26.4348
1404,13.8105,88,163,"2026-06-28_GHBLQ",2.26387756950104,296,52,87.5,99,25.5,31,330,333,204,225,69,60,131,122,164.8,42.960644254,-79.220265206,2.15553,NA,NA,NA,26.5032
1405,13.8179,89,163,"2026-06-28_GHBLQ",2.24678709445493,353,46,93.5,99,30.5,31,330,333,204,225,69,60,132,122,165,42.960654145,-79.220175435,2.15914,NA,NA,NA,26.7048
1406,13.8255,88,163,"2026-06-28_GHBLQ",2.24951635398389,331,50,93,99,30,33.5,330,336,204,245,69,60,132,125,165.2,42.960664371,-79.220083905,2.42229,NA,NA,NA,26.6724
1407,13.8327,88,163,"2026-06-28_GHBLQ",2.28123003923716,278,53,93,99,30,33.5,315,338,203,248,66,62,134,128,165,42.960675016,-79.21999556,1.88478,NA,NA,NA,26.3016
1408,13.8401,88,163,"2026-06-28_GHBLQ",2.30776331579433,296,53,88,95.5,26,32.5,325,315,203,226,66,63,131,131,165,42.960684822,-79.21990646,1.88478,NA,NA,NA,25.9992
1409,13.8474,93,163,"2026-06-28_GHBLQ",2.32288037166086,204,67,87.5,95.5,26,32.5,338,326,201,215,62,68,125,134,164.8,42.960692701,-79.219818199,1.6108,NA,NA,NA,25.83
1410,13.8545,94,163,"2026-06-28_GHBLQ",2.31964741359313,324,67,100,84.5,39,26,338,326,201,215,62,68,125,134,165,42.960699323,-79.219731111,1.89249,NA,NA,NA,25.866
1411,13.8619,94,163,"2026-06-28_GHBLQ",2.32288037166086,312,45,82.5,96,26,29.5,338,336,201,235,62,69,125,136,165.2,42.960707537,-79.219641927,1.88879,NA,NA,NA,25.83
1412,13.8691,95,164,"2026-06-28_GHBLQ",2.28123003923716,352,51,97.5,91.5,34,31,330,325,201,226,58,63,122,129,165.4,42.960718518,-79.219552911,1.62603,NA,NA,NA,26.3016
1413,13.8766,95,164,"2026-06-28_GHBLQ",2.31064282083276,254,47,97.5,91.5,34,31,311,325,204,226,56,63,122,129,165.8,42.960728995,-79.219464063,1.89269,NA,NA,NA,25.9668
1414,13.8838,94,164,"2026-06-28_GHBLQ",2.3470872647045,219,49,76,91.5,25.5,31,297,330,203,207,56,56,125,121,166.2,42.960738131,-79.219377813,1.9003,NA,NA,NA,25.5636
1415,13.8907,93,164,"2026-06-28_GHBLQ",2.34115278363066,315,45,73,77,23.5,24,314,335,197,201,56,55,122,117,166.4,42.9607471,-79.219292989,1.91989,NA,NA,NA,25.6284
1416,13.8978,94,164,"2026-06-28_GHBLQ",2.3470872647045,256,45,79.5,69,27,20.5,333,335,200,201,59,55,124,117,166.4,42.960755649,-79.219207074,1.65673,NA,NA,NA,25.5636
1417,13.9048,93,164,"2026-06-28_GHBLQ",2.34115278363066,294,45,92.5,88.5,32.5,30,323,338,204,208,62,53,128,117,166.4,42.960764031,-79.219122249,1.93451,NA,NA,NA,25.6284
1418,13.9117,93,165,"2026-06-28_GHBLQ",2.3441162681669,342,47,96.5,99.5,34,37.5,311,338,205,208,62,53,129,117,166.4,42.96077191,-79.219037257,1.93451,NA,NA,NA,25.596
1419,13.9189,93,164,"2026-06-28_GHBLQ",2.35039721712969,308,42,87,100,28.5,37,304,338,203,208,59,53,127,117,166.4,42.960779789,-79.21895042,2.20848,NA,NA,NA,25.5276
1420,13.9258,93,164,"2026-06-28_GHBLQ",2.35971494643447,276,50,87,100,28.5,37,304,338,203,208,59,53,127,117,166.2,42.960788004,-79.218866769,1.63694,NA,NA,NA,25.4268
1421,13.9327,92,164,"2026-06-28_GHBLQ",2.38469976629942,258,45,91.5,100,33,37,316,338,198,208,56,53,122,117,166.4,42.96079714,-79.218782279,1.65652,NA,NA,NA,25.1604
1422,13.9398,92,164,"2026-06-28_GHBLQ",2.40084509747431,287,49,83.5,98,28,31,315,336,200,221,56,59,122,124,166.8,42.960805941,-79.218695778,1.94212,NA,NA,NA,24.9912
1423,13.9467,91,164,"2026-06-28_GHBLQ",2.43344527181584,280,51,85,98,27,31,328,336,200,207,60,60,122,122,167,42.960815496,-79.218612797,1.69865,NA,NA,NA,24.6564
1424,13.9536,91,164,"2026-06-28_GHBLQ",2.41721053903795,294,51,85,91.5,28.5,29.5,332,338,201,207,62,60,122,122,167.4,42.960823543,-79.218528559,1.7228,NA,NA,NA,24.822
1425,13.9606,92,164,"2026-06-28_GHBLQ",2.40743415667581,327,50,96.5,97.5,29.5,31.5,335,338,203,207,60,60,122,122,167.8,42.960831087,-79.218443147,2.00437,NA,NA,NA,24.9228
1426,13.9676,93,164,"2026-06-28_GHBLQ",2.35338416643133,338,49,85,86.5,27,25.5,335,338,203,207,60,60,122,122,167.8,42.960840223,-79.218357736,2.00437,NA,NA,NA,25.4952
1427,13.9748,93,163,"2026-06-28_GHBLQ",2.35338416643133,290,47,82.5,86.5,25.5,25.5,335,336,203,205,60,59,122,121,167.8,42.960846928,-79.218270899,2.00437,NA,NA,NA,25.4952
1428,13.982,93,163,"2026-06-28_GHBLQ",2.33492107966751,272,41,83.5,72,27.5,22,338,336,203,203,65,59,127,120,168,42.960853215,-79.218183476,2.28215,NA,NA,NA,25.6968
1429,13.989,93,163,"2026-06-28_GHBLQ",2.35338416643133,231,55,83.5,72,27.5,22,336,330,200,201,63,59,127,121,167.8,42.960859417,-79.218098148,1.99644,NA,NA,NA,25.4952
1430,13.996,92,163,"2026-06-28_GHBLQ",2.36272564029865,290,47,83.5,72,27.5,22,332,316,198,198,60,60,124,122,168,42.960865201,-79.218012569,2.57201,NA,NA,NA,25.3944
1431,14.003,92,163,"2026-06-28_GHBLQ",2.36910684671879,278,47,83,72,24.5,23.5,336,316,200,198,62,60,125,122,168,42.960872242,-79.217926571,2.28215,NA,NA,NA,25.326
1432,14.01,92,163,"2026-06-28_GHBLQ",2.38469976629942,343,47,85,79.5,28.5,23,336,336,198,224,65,60,127,124,168.2,42.960878444,-79.217841159,2.00449,NA,NA,NA,25.1604
1433,14.017,92,163,"2026-06-28_GHBLQ",2.39429200785328,280,45,85,99,28,32,335,336,195,224,60,60,122,124,168.4,42.960883809,-79.217755831,2.00035,NA,NA,NA,25.0596
1434,14.0241,91,163,"2026-06-28_GHBLQ",2.40743415667581,289,52,82,77.5,26,24.5,335,330,195,215,60,58,122,120,168.6,42.960888,-79.21766933,1.70233,NA,NA,NA,24.9228
1435,14.031,91,163,"2026-06-28_GHBLQ",2.43700346054491,274,51,85,81,29,24,336,330,197,215,59,58,121,120,168.6,42.960891017,-79.217584673,1.1309,NA,NA,NA,24.6204
1436,14.0378,91,163,"2026-06-28_GHBLQ",2.4302517740838,316,53,85,81,29,24,340,339,198,208,62,58,125,120,168.8,42.960893448,-79.21750077,1.42501,NA,NA,NA,24.6888
1437,14.0446,90,163,"2026-06-28_GHBLQ",2.46038775711052,269,53,84.5,99.5,26,33,339,338,198,228,65,56,129,121,169,42.960892777,-79.217417035,1.71913,NA,NA,NA,24.3864
1438,14.0516,90,163,"2026-06-28_GHBLQ",2.45350606015997,271,53,87.5,77.5,27.5,24,339,336,198,207,63,56,127,117,169.2,42.960892358,-79.217332294,1.72707,NA,NA,NA,24.4548
1439,14.0585,90,163,"2026-06-28_GHBLQ",2.45712320015726,312,53,83.5,80,24.5,24,343,336,200,207,62,56,122,117,169.6,42.960891855,-79.217248056,2.59249,NA,NA,NA,24.4188
1440,14.0653,90,163,"2026-06-28_GHBLQ",2.44702197425733,346,52,91,83.5,28,25,342,336,200,207,62,56,122,117,169.8,42.960891939,-79.21716474,2.6009,NA,NA,NA,24.5196
1441,14.0721,90,163,"2026-06-28_GHBLQ",2.46038775711052,282,47,85,84.5,26,26.5,342,340,200,198,62,60,122,121,170,42.960892777,-79.21708134,2.89501,NA,NA,NA,24.3864
1442,14.0788,90,163,"2026-06-28_GHBLQ",2.45025972753112,299,56,85,83,28,26.5,335,336,198,198,62,60,122,121,170,42.960892945,-79.216998862,2.6093,NA,NA,NA,24.4872
1443,14.0855,90,163,"2026-06-28_GHBLQ",2.44702197425733,322,48,85,83,28,26.5,333,338,201,229,60,60,125,121,170,42.960891017,-79.216915881,2.32359,NA,NA,NA,24.5196
1444,14.0926,90,163,"2026-06-28_GHBLQ",2.44021473889702,261,54,85.5,99,26,32.5,333,336,201,249,60,60,125,122,170.2,42.96088976,-79.216829212,2.32359,NA,NA,NA,24.588
1445,14.0994,90,163,"2026-06-28_GHBLQ",2.44343449152128,261,50,81,81.5,25.5,26,336,339,200,229,62,60,127,122,170.2,42.960887329,-79.216745561,2.32359,NA,NA,NA,24.5556
1446,14.1065,90,163,"2026-06-28_GHBLQ",2.44343449152128,257,52,76.5,84.5,22.5,27,347,342,200,205,65,59,128,120,170.2,42.960884731,-79.2166604,2.02947,NA,NA,NA,24.5556
1447,14.1132,90,163,"2026-06-28_GHBLQ",2.4302517740838,244,52,74,84.5,23,27,352,342,200,198,66,58,128,117,170.2,42.96087878,-79.216578174,1.73535,NA,NA,NA,24.6888
1448,14.12,90,163,"2026-06-28_GHBLQ",2.4302517740838,297,43,86,76.5,27.5,22,352,342,200,198,66,58,128,117,170.4,42.960871236,-79.216494942,1.74375,NA,NA,NA,24.6888
1449,14.127,92,162,"2026-06-28_GHBLQ",2.39120038259206,272,53,69.5,86.5,22.5,24,353,342,198,198,66,58,128,117,170.4,42.960866794,-79.216409698,1.16404,NA,NA,NA,25.092
1450,14.134,93,162,"2026-06-28_GHBLQ",2.36272564029865,355,45,69.5,86.5,22.5,24,353,316,198,195,66,58,128,120,170.4,42.960861429,-79.216324957,0.869925,NA,NA,NA,25.3944
1451,14.1411,95,163,"2026-06-28_GHBLQ",2.28404367091499,297,44,87,86.5,26,24,346,330,201,195,60,55,122,117,170.6,42.960852544,-79.216238288,0.857498,NA,NA,NA,26.2692
1452,14.1483,96,163,"2026-06-28_GHBLQ",2.27531285551763,214,55,91,85.5,31,27,325,326,204,200,59,56,124,118,170.6,42.960843827,-79.216150278,0.857498,NA,NA,NA,26.37
1453,14.1555,95,163,"2026-06-28_GHBLQ",2.30489097865671,196,48,70.5,88,23,27.5,322,325,201,200,58,56,122,120,170.6,42.960836954,-79.216062016,0.857498,NA,NA,NA,26.0316
1454,14.1628,95,163,"2026-06-28_GHBLQ",2.33198078447834,194,48,70.5,88,23,27.5,333,335,195,198,52,58,117,121,170.6,42.9608305,-79.215972246,0.575808,NA,NA,NA,25.7292
1455,14.1702,94,163,"2026-06-28_GHBLQ",2.34115278363066,189,48,64.5,90.5,19.5,31.5,342,323,193,198,51,56,114,118,170.6,42.960823711,-79.215883147,0.575808,NA,NA,NA,25.6284
1456,14.1773,94,163,"2026-06-28_GHBLQ",2.36272564029865,137,44,48,66.5,14,21,352,323,193,198,49,56,113,118,170.4,42.960813904,-79.21579631,0.294118,NA,NA,NA,25.3944
1457,14.1844,93,163,"2026-06-28_GHBLQ",2.38469976629942,104,53,48,66.5,14,21,352,332,193,195,49,56,113,118,170.4,42.960801498,-79.215710228,0.294118,NA,NA,NA,25.1604
1458,14.1912,87,163,"2026-06-28_GHBLQ",2.46730816679003,65,44,48,66.5,14,21,353,346,193,193,51,56,113,118,170.4,42.96078792,-79.215624649,0,NA,NA,NA,24.318
1459,14.1977,87,163,"2026-06-28_GHBLQ",2.89955926699142,0,74,42.5,54,11.5,17,353,346,193,193,51,56,113,118,170.6,42.960792362,-79.215540746,0.307692,NA,NA,NA,20.6928
1460,14.2027,87,162,"2026-06-28_GHBLQ",4.3561596096881,0,74,42.5,54,11.5,17,353,346,193,193,51,56,113,118,170.8,42.960821447,-79.215485844,0.707692,NA,NA,NA,13.7736
1461,14.2067,0,163,"2026-06-28_GHBLQ",4.12541254125412,0,NA,0,0,0,0,0,0,0,0,0,0,0,0,171.4,42.960864195,-79.215495819,1.926,NA,NA,NA,14.544
1462,14.2111,16,163,"2026-06-28_GHBLQ",3.57961053837342,21,NA,53,35.5,12,12,354,0,200,357,51,0,111,357,171.8,42.960882887,-79.215547284,2.83509,NA,NA,NA,16.7616
1463,14.2166,71,163,"2026-06-28_GHBLQ",2.89050757312984,553,33,95.5,99,28,30.5,352,0,214,357,52,0,113,357,172.2,42.960880205,-79.215615177,3.56237,NA,NA,NA,20.7576
1464,14.223,86,163,"2026-06-28_GHBLQ",2.46730816679003,523,51,99.5,99.5,33.5,30.5,352,350,214,215,52,58,113,120,172.4,42.960880121,-79.215694889,3.87487,NA,NA,NA,24.318
1465,14.2301,94,163,"2026-06-28_GHBLQ",2.27252067993819,491,54,99.5,99.5,32.5,30.5,347,345,231,242,53,58,114,120,172.2,42.960886491,-79.215782983,3.59318,NA,NA,NA,26.4024
1466,14.2381,100,163,"2026-06-28_GHBLQ",2.15721805160066,321,46,99.5,99.5,32.5,30.5,336,345,239,242,55,58,117,120,172,42.960900237,-79.21587795,3.62487,NA,NA,NA,27.8136
1467,14.2461,102,163,"2026-06-28_GHBLQ",2.11130816653999,240,53,75,100,23.5,33.5,321,328,219,245,52,58,117,122,171.6,42.960909541,-79.215975348,3.12487,NA,NA,NA,28.4184
1468,14.2543,98,162,"2026-06-28_GHBLQ",2.05786722640655,241,57,89,97,28.5,32,332,336,208,218,52,63,117,131,171.6,42.960918175,-79.216074505,3.12487,NA,NA,NA,29.1564
1469,14.2627,99,162,"2026-06-28_GHBLQ",1.97800458897065,254,57,70,97,23.5,32,319,336,212,218,56,63,124,131,171.4,42.960925718,-79.216177351,2.57908,NA,NA,NA,30.3336
1470,14.2716,95,162,"2026-06-28_GHBLQ",1.92678227360308,223,57,94,95.5,30,34,329,336,204,219,58,58,125,127,171.4,42.960932927,-79.216284975,2.17908,NA,NA,NA,31.14
1471,14.2807,96,162,"2026-06-28_GHBLQ",1.87835756414591,254,49,74,64.5,25,21.5,329,333,204,210,58,53,125,121,171.2,42.960941979,-79.21639461,0.459298,NA,NA,NA,31.9428
1472,14.2895,98,162,"2026-06-28_GHBLQ",1.85680332739156,225,51,68,75,22,22,329,336,204,200,58,56,125,120,171,42.960950445,-79.216502485,-0.677066,NA,NA,NA,32.3136
1473,14.2986,100,162,"2026-06-28_GHBLQ",1.80609738477099,272,49,68,75,22,22,338,340,200,200,59,59,125,124,170.8,42.960956396,-79.216614887,-1.62412,NA,NA,NA,33.2208
1474,14.3082,100,162,"2026-06-28_GHBLQ",1.75290983031833,240,49,68,75,22,22,338,343,200,200,59,60,125,125,170.6,42.960961425,-79.216731982,-2.14495,NA,NA,NA,34.2288
1475,14.3181,96,162,"2026-06-28_GHBLQ",1.6898171617831,240,49,0,0,0,0,338,340,200,207,59,60,125,127,170.2,42.960963772,-79.216853687,-2.2673,NA,NA,NA,35.5068
1476,14.3283,97,162,"2026-06-28_GHBLQ",1.6433313613357,288,49,0,0,0,0,338,336,200,219,59,63,125,129,170,42.960965616,-79.216978326,-2.21338,NA,NA,NA,36.5112
1477,14.3388,101,162,"2026-06-28_GHBLQ",1.59489633173844,283,49,78.5,79.5,26,23.5,338,336,200,219,59,63,125,129,169.8,42.960967293,-79.217107072,-1.90386,NA,NA,NA,37.62
1478,14.3494,97,162,"2026-06-28_GHBLQ",1.56274417877793,216,40,75.5,75.5,22.5,22,338,336,200,219,59,63,125,129,169.4,42.960966957,-79.217237075,-2.28122,NA,NA,NA,38.394
1479,14.3602,97,162,"2026-06-28_GHBLQ",1.52151421094273,241,73,69,53.5,21.5,18,340,339,203,198,52,55,120,118,169.4,42.960960671,-79.217370599,-2.04312,NA,NA,NA,39.4344
1480,14.3716,94,162,"2026-06-28_GHBLQ",1.50231356288685,241,46,85.5,81,27.5,23,347,343,201,198,59,58,122,118,169.2,42.960957653,-79.217508481,-2.21856,NA,NA,NA,39.9384
1481,14.383,97,162,"2026-06-28_GHBLQ",1.46778218112432,226,55,85.5,81,27.5,23,349,343,201,198,63,58,127,118,169,42.960951702,-79.21764737,-2.17422,NA,NA,NA,40.878
1482,14.3943,98,162,"2026-06-28_GHBLQ",1.44162846351238,194,54,67.5,99,24,31.5,319,342,200,201,70,63,134,127,168.6,42.960944075,-79.217786425,-2.30093,NA,NA,NA,41.6196
1483,14.4061,99,163,"2026-06-28_GHBLQ",1.41759519151711,267,52,77,58,26.5,17,325,345,197,200,62,66,128,129,168.4,42.960935022,-79.217929253,-2.25064,NA,NA,NA,42.3252
1484,14.4179,102,163,"2026-06-28_GHBLQ",1.39225350151756,342,58,77,58,24.5,17,342,345,201,197,63,66,128,125,168,42.96092312,-79.218073422,-2.38129,NA,NA,NA,43.0956
1485,14.43,104,163,"2026-06-28_GHBLQ",1.35733094443087,258,58,74.5,76,24.5,21.5,336,345,204,197,60,66,127,125,167.6,42.960909876,-79.21822153,-2.30783,NA,NA,NA,44.2044
1486,14.4423,105,163,"2026-06-28_GHBLQ",1.35832654170062,241,55,76.5,85.5,24.5,27.5,336,342,204,205,60,65,127,125,167.2,42.960896382,-79.218370141,-2.43695,NA,NA,NA,44.172
1487,14.4547,107,163,"2026-06-28_GHBLQ",1.32506492818148,173,55,54.5,58.5,14,18,342,342,203,205,59,68,122,128,166.8,42.960881127,-79.21852177,-2.56905,NA,NA,NA,45.2808
1488,14.4673,104,163,"2026-06-28_GHBLQ",1.3290802764487,178,54,54.5,58.5,14,18,346,342,201,205,59,68,120,128,166.6,42.960865788,-79.218673817,-2.35043,NA,NA,NA,45.144
1489,14.48,102,163,"2026-06-28_GHBLQ",1.30289764436106,220,75,76.5,58.5,18,18,353,345,200,193,56,62,118,121,166.2,42.960847767,-79.218827961,-2.66539,NA,NA,NA,46.0512
1490,14.4929,103,163,"2026-06-28_GHBLQ",1.29530323048626,287,52,72.5,71,23,23,323,338,201,193,56,69,122,128,165.8,42.960829997,-79.218983026,-2.80003,NA,NA,NA,46.3212
1491,14.5059,104,163,"2026-06-28_GHBLQ",1.26052538698129,307,53,77,61.5,24,18.5,325,338,201,193,58,69,124,128,165.4,42.960811976,-79.219141444,-2.93228,NA,NA,NA,47.5992
1492,14.5191,106,163,"2026-06-28_GHBLQ",1.25087561292905,345,53,89,73,32,21,328,338,207,193,65,69,131,128,165,42.960794206,-79.219302125,-2.88133,NA,NA,NA,47.9664
1493,14.5326,107,162,"2026-06-28_GHBLQ",1.24128000794419,227,46,78,77,25,22,330,339,205,218,62,66,129,127,164.6,42.960775766,-79.219465572,-3.00813,NA,NA,NA,48.3372
1494,14.5461,107,163,"2026-06-28_GHBLQ",1.24211258508471,220,54,71.5,72,24,21.5,330,339,205,218,62,66,129,127,164,42.960756739,-79.219628432,-3.11359,NA,NA,NA,48.3048
1495,14.5596,107,163,"2026-06-28_GHBLQ",1.2386968908708,207,50,90.5,67.5,30.5,19.5,343,342,203,205,59,75,122,136,163.6,42.960740143,-79.219791796,-3.07931,NA,NA,NA,48.438
1496,14.5729,108,163,"2026-06-28_GHBLQ",1.2352999308232,236,54,90.5,67.5,30.5,19.5,349,350,207,203,62,75,125,134,163.4,42.960724636,-79.21995474,-2.90448,NA,NA,NA,48.5712
1497,14.5865,108,163,"2026-06-28_GHBLQ",1.232741617357,184,53,67,67.5,23.5,19.5,343,342,204,203,66,76,128,142,163,42.960706448,-79.220119277,-2.87602,NA,NA,NA,48.672
1498,14.6002,108,163,"2026-06-28_GHBLQ",1.21841265199698,193,62,66.5,70.5,22,23,353,340,205,197,59,72,125,135,162.6,42.960688427,-79.220286496,-3.00926,NA,NA,NA,49.2444
1499,14.6139,109,163,"2026-06-28_GHBLQ",1.23019387855526,192,62,66,66,21,21.5,0,340,204,197,60,72,124,135,162.2,42.960670908,-79.220451535,-2.98627,NA,NA,NA,48.7728
1500,14.6276,109,162,"2026-06-28_GHBLQ",1.22010736944851,193,55,67,62.5,21,20,357,343,201,197,62,73,121,132,162,42.96065272,-79.220617497,-2.82218,NA,NA,NA,49.176
1501,14.6414,109,162,"2026-06-28_GHBLQ",1.2134449702706,182,53,69,61,20,18.5,357,347,201,197,62,68,121,127,161.6,42.960635704,-79.220783794,-2.80434,NA,NA,NA,49.446
1502,14.655,110,162,"2026-06-28_GHBLQ",1.21265036864571,196,57,66,61,21,18.5,356,347,201,197,62,66,121,125,161.2,42.960618522,-79.220949337,-2.79543,NA,NA,NA,49.4784
1503,14.6687,110,162,"2026-06-28_GHBLQ",1.20939457707472,174,56,63.5,57,19.5,18,354,346,201,197,60,65,120,124,161,42.960601003,-79.221115633,-2.64512,NA,NA,NA,49.6116
1504,14.6825,110,162,"2026-06-28_GHBLQ",1.20606893890055,182,55,63.5,57,19.5,18,353,346,200,195,62,68,121,127,160.8,42.960582982,-79.221283188,-2.3456,NA,NA,NA,49.7484
1505,14.6962,110,162,"2026-06-28_GHBLQ",1.21930402126466,182,57,61,58,19.5,18.5,353,343,201,194,62,68,122,128,160.4,42.960564877,-79.22144873,-2.34128,NA,NA,NA,49.2084
1506,14.7098,110,162,"2026-06-28_GHBLQ",1.2151258870419,162,57,61,65,18.5,21.5,354,343,200,194,60,68,121,128,160.2,42.960545767,-79.221613938,-2.33796,NA,NA,NA,49.3776
1507,14.7234,109,161,"2026-06-28_GHBLQ",1.2159237372632,162,59,61,65,18.5,21.5,357,345,201,197,60,70,120,131,159.6,42.960528751,-79.221779145,-2.48502,NA,NA,NA,49.3452
1508,14.7371,109,161,"2026-06-28_GHBLQ",1.21681146723127,191,61,69,66,22.5,22,357,346,201,198,60,72,120,132,159.2,42.960512574,-79.22194561,-2.48502,NA,NA,NA,49.3092
1509,14.7509,110,161,"2026-06-28_GHBLQ",1.21097628908426,189,54,66.5,68.5,19.5,21.5,356,345,205,198,62,72,124,131,158.8,42.960494302,-79.222113164,-2.4829,NA,NA,NA,49.5468
1510,14.7647,110,161,"2026-06-28_GHBLQ",1.2101849162552,271,48,74,64,24.5,21,354,345,204,198,62,70,122,131,158.4,42.960475107,-79.222280131,-2.62677,NA,NA,NA,49.5792
1511,14.7784,110,161,"2026-06-28_GHBLQ",1.2159237372632,244,45,74,64,24.5,21,347,343,205,207,59,69,122,131,158.2,42.960456416,-79.222446512,-2.4829,NA,NA,NA,49.3452
1512,14.7923,110,161,"2026-06-28_GHBLQ",1.20939457707472,171,54,75.5,90.5,22.5,31.5,346,335,207,205,59,68,121,128,158,42.960438814,-79.222614318,-2.33267,NA,NA,NA,49.6116
1513,14.8061,110,161,"2026-06-28_GHBLQ",1.21097628908426,171,57,62,90.5,19.5,31.5,353,339,205,197,60,69,121,129,157.8,42.960423307,-79.222781369,-2.33161,NA,NA,NA,49.5468
1514,14.8197,110,160,"2026-06-28_GHBLQ",1.2134449702706,164,54,58.5,57,18,18.5,353,345,204,195,59,70,120,131,157.4,42.960406292,-79.222946912,-2.4808,NA,NA,NA,49.446
1515,14.8332,110,160,"2026-06-28_GHBLQ",1.2101849162552,196,54,60,55.5,18,17,353,345,204,195,59,70,120,131,157.2,42.960386762,-79.223112203,-2.33698,NA,NA,NA,49.5792
1516,14.847,110,160,"2026-06-28_GHBLQ",1.20694233229536,161,63,64,54.5,19.5,17,352,345,204,195,59,70,118,131,156.8,42.960367735,-79.223280344,-2.47978,NA,NA,NA,49.7124
1517,14.8609,109,160,"2026-06-28_GHBLQ",1.2234211749737,168,60,64,54.5,19.5,17,354,342,203,198,59,75,118,134,156.6,42.960354743,-79.223448652,-2.18248,NA,NA,NA,49.0428
1518,14.8747,109,160,"2026-06-28_GHBLQ",1.21841265199698,251,48,59,58,17.5,19,353,343,200,195,58,69,118,128,156.4,42.960345691,-79.223617883,-2.03544,NA,NA,NA,49.2444
1519,14.8883,108,160,"2026-06-28_GHBLQ",1.23438502937836,241,58,70.5,74,21,21.5,352,343,203,197,65,68,127,128,156.4,42.960339907,-79.223784599,-1.74559,NA,NA,NA,48.6072
1520,14.902,107,160,"2026-06-28_GHBLQ",1.24731826572868,232,58,67.5,69,20.5,20,347,343,203,195,65,70,124,131,156.2,42.960337476,-79.223950561,-1.60172,NA,NA,NA,48.1032
1521,14.9152,106,160,"2026-06-28_GHBLQ",1.26052538698129,256,58,84.5,71.5,27.5,22,339,343,204,195,63,70,128,131,156.2,42.960334291,-79.224113505,-1.45573,NA,NA,NA,47.5992
1522,14.9284,105,160,"2026-06-28_GHBLQ",1.27860887354558,266,58,79,71.5,24.5,22,325,342,203,197,63,72,128,132,156,42.960332699,-79.224274438,-1.46336,NA,NA,NA,46.926
1523,14.9415,103,160,"2026-06-28_GHBLQ",1.28224855105914,276,48,77.5,79.5,23.5,22.5,325,336,203,207,63,79,128,139,156,42.960332782,-79.224435035,-1.31843,NA,NA,NA,46.7928
1524,14.9545,102,160,"2026-06-28_GHBLQ",1.29339334678462,320,57,77.5,79.5,23.5,22.5,325,339,203,207,63,76,128,136,156.2,42.960333453,-79.22459362,-0.87047,NA,NA,NA,46.3896
1525,14.9672,102,160,"2026-06-28_GHBLQ",1.31627441689043,271,50,77.5,74.5,23.5,21,332,342,197,203,63,72,128,129,156.2,42.960337895,-79.22474768,-0.722322,NA,NA,NA,45.5832
1526,14.9797,102,160,"2026-06-28_GHBLQ",1.30005200208008,322,52,81.5,74.5,26,21,338,345,197,205,66,69,131,128,156.6,42.960340494,-79.224903416,-0.112467,NA,NA,NA,46.152
1527,14.9924,102,160,"2026-06-28_GHBLQ",1.31440588853838,307,53,83,67.5,26,19.5,335,333,198,219,63,65,129,125,156.6,42.960341667,-79.225060073,0.0314181,NA,NA,NA,45.648
1528,15.0053,101,160,"2026-06-28_GHBLQ",1.32023658639628,267,53,99,96.5,34.5,28.5,322,333,208,219,66,65,132,125,156.6,42.960340326,-79.22521715,0.176346,NA,NA,NA,45.4464
1529,15.018,101,160,"2026-06-28_GHBLQ",1.31627441689043,304,60,85.5,72,25.5,22,293,332,205,217,63,65,131,127,156.8,42.960340075,-79.225372802,0.333826,NA,NA,NA,45.5832
1530,15.0305,100,160,"2026-06-28_GHBLQ",1.33003484691299,248,44,73,75.5,21.5,22,293,332,205,217,63,65,131,127,156.8,42.960342841,-79.225525939,0.479811,NA,NA,NA,45.1116
1531,15.0431,100,160,"2026-06-28_GHBLQ",1.33205456095482,250,52,75,68,24.5,19,319,329,197,208,59,65,122,125,156.6,42.96034787,-79.225679915,0.321081,NA,NA,NA,45.0432
1532,15.0557,100,160,"2026-06-28_GHBLQ",1.3270695649866,306,50,85.5,79.5,28.5,23,330,336,195,204,59,68,122,127,156.6,42.960353905,-79.225833807,0.472596,NA,NA,NA,45.2124
1533,15.068,100,160,"2026-06-28_GHBLQ",1.3450622763834,334,51,85.5,79.5,28.5,23,329,335,198,214,65,70,129,131,156.6,42.960357006,-79.225985268,0.472596,NA,NA,NA,44.6076
1534,15.0802,100,161,"2026-06-28_GHBLQ",1.3750240629211,279,53,87.5,83,28.5,25,319,335,201,214,66,70,131,131,156.4,42.96036346,-79.226134382,0.154816,NA,NA,NA,43.6356
1535,15.0926,99,161,"2026-06-28_GHBLQ",1.35424284282658,279,53,81,72.5,26,21,319,335,201,214,66,70,131,131,156.2,42.960379302,-79.226283915,0,NA,NA,NA,44.3052
1536,15.1048,98,161,"2026-06-28_GHBLQ",1.32506492818148,306,52,82,72,27,21.5,323,336,201,201,66,69,132,131,156.4,42.960392713,-79.226433113,-0.16254,NA,NA,NA,45.2808
1537,15.1173,98,161,"2026-06-28_GHBLQ",1.30862646566164,274,48,88,88,29,27.5,325,340,203,201,66,65,132,129,156.4,42.96040252,-79.226585161,-0.16254,NA,NA,NA,45.8496
1538,15.13,98,160,"2026-06-28_GHBLQ",1.28047531243598,307,59,92,88,31.5,27.5,322,340,203,201,62,65,127,129,156.4,42.960405705,-79.226740561,-0.16254,NA,NA,NA,46.8576
1539,15.1422,100,160,"2026-06-28_GHBLQ",1.30862646566164,247,58,78.5,86,27,30,322,329,203,207,62,69,127,135,156.4,42.960412159,-79.226890597,-0.32002,NA,NA,NA,45.8496
1540,15.1547,104,160,"2026-06-28_GHBLQ",1.31440588853838,270,47,78.5,86,27,30,318,343,201,215,59,73,125,138,156.4,42.96042096,-79.22704231,-0.32002,NA,NA,NA,45.648
1541,15.167,103,161,"2026-06-28_GHBLQ",1.31825252445358,241,53,74,67,25,20,328,343,197,215,55,73,122,138,156.4,42.960431605,-79.227192849,-0.16129,NA,NA,NA,45.5148
1542,15.1794,103,161,"2026-06-28_GHBLQ",1.3191915993879,277,59,76,67,25,20,328,340,193,198,53,70,120,132,156.4,42.96044401,-79.227344142,-0.16129,NA,NA,NA,45.4824
1543,15.1927,102,161,"2026-06-28_GHBLQ",1.30955187134962,272,59,88.5,67,30.5,20,328,340,193,198,53,70,120,132,156.6,42.960449542,-79.227506667,-0.0109144,NA,NA,NA,45.8172
1544,15.2052,102,161,"2026-06-28_GHBLQ",1.31243929968239,243,59,73,71,25.5,21,314,330,200,215,63,69,128,131,156.6,42.960458008,-79.227659804,0.15302,NA,NA,NA,45.7164
1545,15.2052,102,161,"2026-06-28_GHBLQ",NA,270,56,84,71,32.5,21,328,330,201,215,59,69,125,131,156.8,0,0,0.31431,NA,NA,NA,0
1546,15.2052,101,161,"2026-06-28_GHBLQ",NA,323,44,79.5,74,26.5,22,332,339,201,208,59,69,125,131,156.8,0,0,0.150376,NA,NA,NA,0
1547,15.2052,101,161,"2026-06-28_GHBLQ",NA,259,55,79.5,74,26.5,22,323,340,201,226,62,66,129,134,156.8,0,0,0.150376,NA,NA,NA,0
1548,15.2052,101,161,"2026-06-28_GHBLQ",NA,257,54,80,80,27,24.5,319,340,203,215,63,68,129,131,156.8,0,0,0.150376,NA,NA,NA,0
1549,15.2052,100,161,"2026-06-28_GHBLQ",NA,294,53,90.5,75,31,24,312,330,204,224,63,68,129,132,157,0,0,0.150376,NA,NA,NA,0
1550,15.2052,100,161,"2026-06-28_GHBLQ",NA,314,49,78.5,70,26,22.5,312,330,204,224,63,68,129,132,157,0,0,0.150376,NA,NA,NA,0
1551,15.2052,100,161,"2026-06-28_GHBLQ",NA,254,49,76,79.5,25.5,24,321,338,204,204,63,66,129,131,157.2,0,0,0.150376,NA,NA,NA,0
1552,15.2052,100,161,"2026-06-28_GHBLQ",NA,266,54,74,71,27,23,332,339,203,208,66,65,132,131,157.2,0,0,0.150376,NA,NA,NA,0
1553,15.2052,99,161,"2026-06-28_GHBLQ",NA,246,62,74,66,22.5,20,314,340,201,226,68,68,134,131,157.2,0,0,0,NA,NA,NA,0
1554,15.2052,99,161,"2026-06-28_GHBLQ",NA,254,54,74,66,22.5,20,321,343,201,201,68,63,132,128,157.2,0,0,0,NA,NA,NA,0
1555,15.2052,98,161,"2026-06-28_GHBLQ",NA,269,57,73.5,70.5,23.5,22,335,343,198,198,66,65,131,128,157.2,0,0,0,NA,NA,NA,0
1556,15.2052,98,161,"2026-06-28_GHBLQ",NA,321,36,79,69.5,26.5,21.5,335,343,198,198,66,65,131,128,157.2,0,0,0,NA,NA,NA,0
1557,15.2052,98,161,"2026-06-28_GHBLQ",NA,263,50,77,69.5,24.5,21.5,335,343,198,198,66,65,131,128,157.4,0,0,0,NA,NA,NA,0
1558,15.2052,98,161,"2026-06-28_GHBLQ",NA,215,50,66.5,77,21,25,336,343,197,197,62,66,127,131,157.4,0,0,0,NA,NA,NA,0
1559,15.2052,97,161,"2026-06-28_GHBLQ",NA,242,45,77,77,23,25,336,342,197,195,62,69,127,131,157.6,0,0,0,NA,NA,NA,0
1560,15.2052,97,161,"2026-06-28_GHBLQ",NA,290,57,75.5,81,23,20.5,336,338,198,194,62,73,127,132,157.6,0,0,0,NA,NA,NA,0
1561,15.2052,97,161,"2026-06-28_GHBLQ",NA,289,52,77,81,23,20.5,338,340,200,195,63,73,128,132,157.6,0,0,0,NA,NA,NA,0
1562,15.407,96,161,"2026-06-28_GHBLQ",1.44512847192115,288,54,79.5,74.5,23.5,22.5,338,343,198,197,62,73,127,132,157.6,42.96049053,-79.230134477,0,NA,NA,NA,41.5188
1563,15.4201,96,161,"2026-06-28_GHBLQ",1.47741039505954,198,55,79.5,74.5,23.5,22.5,339,343,198,197,63,73,128,132,157.4,42.960459349,-79.230289459,-0.152672,NA,NA,NA,40.6116
1564,15.4306,107,161,"2026-06-28_GHBLQ",1.50475502588179,210,50,68.5,74.5,21.5,22.5,339,347,198,198,63,66,128,131,157.6,42.96045608,-79.230422983,0.0378044,NA,NA,NA,39.8736
1565,15.4423,106,161,"2026-06-28_GHBLQ",1.52012647452268,253,50,78,48,24,10.5,349,352,200,197,62,70,124,139,157.6,42.960454991,-79.230564804,0.0378044,NA,NA,NA,39.4704
1566,15.4536,106,161,"2026-06-28_GHBLQ",1.53454255286499,225,51,74,67.5,24,21,349,352,200,197,62,70,124,139,157.6,42.96045541,-79.23070101,0.0378044,NA,NA,NA,39.0996
1567,15.4646,105,161,"2026-06-28_GHBLQ",1.52933259925369,247,50,70,69,19.5,21.5,338,345,198,198,59,68,122,127,157.8,42.960453649,-79.230836127,0.219623,NA,NA,NA,39.2328
1568,15.4755,104,161,"2026-06-28_GHBLQ",1.55327741534638,218,57,100,65,0,20,335,315,197,200,58,69,122,128,158.2,42.960454739,-79.230968812,0.586595,NA,NA,NA,38.628
1569,15.4862,103,161,"2026-06-28_GHBLQ",1.56274417877793,226,55,69,63.5,19,16.5,342,323,191,194,62,62,121,121,158.2,42.960458595,-79.231100827,0.586595,NA,NA,NA,38.394
1570,15.497,103,161,"2026-06-28_GHBLQ",1.58217834314284,216,64,72.5,52,22.5,14,345,335,193,191,59,60,117,118,158.4,42.960465217,-79.231231585,0.77178,NA,NA,NA,37.9224
1571,15.5076,103,160,"2026-06-28_GHBLQ",1.56406406406406,308,50,72.5,52,22.5,14,343,347,197,190,56,68,120,124,158.6,42.960471922,-79.231361504,0.96046,NA,NA,NA,38.3616
1572,15.5182,103,160,"2026-06-28_GHBLQ",1.57099318188959,330,48,84.5,52,27.5,14,343,347,197,190,56,68,120,124,158.6,42.960479382,-79.231491005,0.96046,NA,NA,NA,38.1924
1573,15.5288,103,160,"2026-06-28_GHBLQ",1.57649136082734,239,48,74.5,79,22.5,23.5,335,346,201,214,62,68,128,127,158.6,42.960484411,-79.231620337,1.11313,NA,NA,NA,38.0592
1574,15.5394,102,160,"2026-06-28_GHBLQ",1.57932973246154,206,48,74.5,79,22.5,23.5,326,346,203,219,66,72,131,132,158.8,42.960490362,-79.231750257,1.11133,NA,NA,NA,37.9908
1575,15.5499,102,160,"2026-06-28_GHBLQ",1.59764826175869,251,48,74.5,79,22.5,23.5,326,346,203,219,66,72,131,132,159,42.960500588,-79.231878835,1.30181,NA,NA,NA,37.5552
1576,15.5607,101,160,"2026-06-28_GHBLQ",1.59489633173844,239,48,0,0,0,0,326,346,203,219,66,72,131,132,159,42.960512574,-79.232008336,1.30181,NA,NA,NA,37.62
1577,15.571,101,160,"2026-06-28_GHBLQ",1.59337157425112,263,48,75.5,59.5,25,17.5,330,346,200,219,65,72,127,132,159,42.96052565,-79.232134651,1.11999,NA,NA,NA,37.656
1578,15.5816,101,160,"2026-06-28_GHBLQ",1.58775523165349,261,48,75.5,59.5,25,17.5,329,346,197,219,63,72,129,132,158.8,42.960538558,-79.232262559,0.564341,NA,NA,NA,37.7892
1579,15.5919,101,160,"2026-06-28_GHBLQ",1.60056339831621,234,55,80.5,73.5,25.5,21.5,329,339,195,201,60,69,127,134,158.8,42.960550209,-79.232389126,0.564341,NA,NA,NA,37.4868
1580,15.6025,101,160,"2026-06-28_GHBLQ",1.592001783042,344,51,83,86.5,28,26,329,339,197,201,55,69,122,134,159,42.960561525,-79.23251762,0.567835,NA,NA,NA,37.6884
1581,15.6129,102,160,"2026-06-28_GHBLQ",1.58217834314284,282,58,80.5,66.5,25,21,329,338,197,197,55,66,122,132,159,42.960574014,-79.232645193,0.379155,NA,NA,NA,37.9224
1582,15.6235,102,160,"2026-06-28_GHBLQ",1.58775523165349,271,58,85,82.5,26,26.5,325,311,198,201,55,68,122,135,159.2,42.960586586,-79.232772346,0.567835,NA,NA,NA,37.7892
1583,15.634,102,160,"2026-06-28_GHBLQ",1.58911772184083,204,53,81,82.5,27,26.5,332,335,201,205,58,76,125,139,159.6,42.960597818,-79.232899584,0.948787,NA,NA,NA,37.7568
1584,15.6444,102,160,"2026-06-28_GHBLQ",1.58639507582968,252,39,94.5,88.5,30.5,28,339,333,201,198,56,72,124,134,159.6,42.960608715,-79.233026486,0.760108,NA,NA,NA,37.8216
1585,15.6549,102,160,"2026-06-28_GHBLQ",1.60056339831621,187,51,94.5,88.5,30.5,28,319,314,201,210,62,69,125,134,159.6,42.960621455,-79.233152382,0.569632,NA,NA,NA,37.4868
1586,15.6651,101,160,"2026-06-28_GHBLQ",1.59337157425112,186,56,94.5,88.5,30.5,28,319,335,198,204,62,72,125,132,159.6,42.960632855,-79.233278697,0.569632,NA,NA,NA,37.656
1587,15.6754,100,160,"2026-06-28_GHBLQ",1.623798389192,202,56,68.5,56.5,21.5,16.5,332,335,197,204,60,72,122,132,159.4,42.960645511,-79.233404174,0.375457,NA,NA,NA,36.9504
1588,15.6858,99,160,"2026-06-28_GHBLQ",1.64171263462044,223,61,80,59,26,17,332,342,197,190,60,66,122,125,159.4,42.960658419,-79.2335294,0.564136,NA,NA,NA,36.5472
1589,15.6961,99,160,"2026-06-28_GHBLQ",1.62095571548985,247,61,76.5,59,25.5,17,346,342,198,188,60,63,124,122,159.4,42.960671244,-79.23365538,0.564136,NA,NA,NA,37.0152
1590,15.7065,99,160,"2026-06-28_GHBLQ",1.63575097327183,238,56,70,70.5,20.5,20.5,347,345,200,190,63,63,128,120,159.4,42.960682978,-79.233780773,0.375457,NA,NA,NA,36.6804
1591,15.7166,98,160,"2026-06-28_GHBLQ",1.66002656042497,156,69,69.5,46,20,15,340,346,191,195,55,66,118,125,159.6,42.96069815,-79.233902897,0.573477,NA,NA,NA,36.144
1592,15.7266,107,160,"2026-06-28_GHBLQ",1.67252048837598,237,45,69.5,46,20,15,340,0,195,207,51,80,113,148,159.8,42.960709633,-79.234023932,0.584797,NA,NA,NA,35.874
1593,15.7365,109,160,"2026-06-28_GHBLQ",1.65853982154112,368,42,86,90.5,31,27.5,328,354,205,208,56,82,121,148,160,42.960721032,-79.234145553,0.405865,NA,NA,NA,36.1764
1594,15.7465,108,160,"2026-06-28_GHBLQ",1.69790817712578,269,48,84.5,99.5,29,32.5,328,354,205,208,56,82,121,148,160,42.960734443,-79.234265331,0.405865,NA,NA,NA,35.3376
1595,15.7564,108,160,"2026-06-28_GHBLQ",1.67252048837598,336,53,95,99,32,36.5,328,354,205,208,56,82,121,148,160.2,42.960745172,-79.234386785,0.607885,NA,NA,NA,35.874
1596,15.7663,107,159,"2026-06-28_GHBLQ",1.6898171617831,301,53,78.5,73,26,23.5,311,342,205,207,56,76,125,141,160.2,42.960757661,-79.23450673,0.607885,NA,NA,NA,35.5068
1597,15.7761,106,159,"2026-06-28_GHBLQ",1.70922640412949,224,47,78.5,73,26,23.5,312,342,207,207,58,76,124,141,160.4,42.960770234,-79.234625501,1.00614,NA,NA,NA,35.1036
1598,15.7857,104,159,"2026-06-28_GHBLQ",1.74264603373763,275,55,74,64,23,20,315,335,203,203,55,72,118,135,160.6,42.960781298,-79.234742261,1.21448,NA,NA,NA,34.4304
1599,15.7952,104,159,"2026-06-28_GHBLQ",1.76853423882286,285,51,78,72.5,27.5,22.5,323,338,200,200,55,70,118,134,160.8,42.960790686,-79.23485768,1.425,NA,NA,NA,33.9264
1600,15.8045,102,159,"2026-06-28_GHBLQ",1.79694519317161,285,49,83,77.5,26.5,23.5,329,339,200,198,59,68,127,131,161,42.96079999,-79.234970919,1.64006,NA,NA,NA,33.39
1601,15.8138,101,159,"2026-06-28_GHBLQ",1.78443968593862,337,49,83,77.5,26.5,23.5,309,339,204,198,65,68,132,131,161.2,42.960809629,-79.235084327,1.65709,NA,NA,NA,33.624
1602,15.8229,100,159,"2026-06-28_GHBLQ",1.80609738477099,272,53,91,77.5,30.5,23.5,309,339,204,198,65,68,132,131,161.6,42.960819771,-79.235195638,1.89665,NA,NA,NA,33.2208
1603,15.8321,99,159,"2026-06-28_GHBLQ",1.8321058224323,279,53,75,71,23.5,23.5,309,315,200,222,63,65,129,129,161.8,42.960830919,-79.235306447,1.91202,NA,NA,NA,32.7492
1604,15.8412,99,159,"2026-06-28_GHBLQ",1.82448458310527,354,52,79.5,74,27.5,22.5,319,329,200,205,62,63,128,128,162.2,42.96084081,-79.235417507,2.35158,NA,NA,NA,32.886
1605,15.8504,99,159,"2026-06-28_GHBLQ",1.82648401826484,308,48,92.5,98.5,33.5,33,322,338,203,217,66,65,132,128,162.4,42.96085288,-79.235528819,2.36695,NA,NA,NA,32.85
1606,15.8595,99,159,"2026-06-28_GHBLQ",1.85102917221975,298,51,96,98.5,33.5,33,304,332,210,235,70,65,135,131,162.8,42.96086562,-79.235638538,2.80651,NA,NA,NA,32.4144
1607,15.8684,98,159,"2026-06-28_GHBLQ",1.85288123031314,298,56,78,75,25.5,23.5,291,328,205,235,68,69,134,135,162.8,42.960875343,-79.235748676,2.60243,NA,NA,NA,32.382
1608,15.8775,97,159,"2026-06-28_GHBLQ",1.85680332739156,284,50,78,75,25.5,23.5,315,335,200,207,60,65,125,129,162.8,42.960886491,-79.235859401,2.3941,NA,NA,NA,32.3136
1609,15.8865,99,158,"2026-06-28_GHBLQ",1.91857564943786,255,64,76,75,23.5,23.5,335,342,201,201,58,63,121,127,162.8,42.960900153,-79.235965684,2.18357,NA,NA,NA,31.2732
1610,15.8949,104,159,"2026-06-28_GHBLQ",1.92056541445802,317,50,76,75,23.5,23.5,335,342,201,201,58,63,121,127,163.4,42.960908619,-79.236069619,2.6828,NA,NA,NA,31.2408
1611,15.9035,103,158,"2026-06-28_GHBLQ",1.94795075580489,299,50,91,63.5,33.5,15.5,336,347,201,203,53,66,120,129,164,42.960914403,-79.236174142,3.16542,NA,NA,NA,30.8016
1612,15.9121,103,158,"2026-06-28_GHBLQ",1.95205746857187,338,46,91.5,74.5,35.5,19,333,343,203,225,52,59,118,128,164.4,42.96092203,-79.236279167,3.19098,NA,NA,NA,30.7368
1613,15.9207,103,158,"2026-06-28_GHBLQ",1.94363459669582,317,49,92,99,33.5,38,312,338,204,243,52,56,122,129,164.8,42.960931921,-79.23638436,3.4387,NA,NA,NA,30.87
1614,15.9293,103,158,"2026-06-28_GHBLQ",1.96078431372549,317,48,85,81.5,27.5,26.5,308,328,205,229,55,58,125,128,165,42.960942566,-79.236488966,3.2317,NA,NA,NA,30.6
1615,15.9379,102,158,"2026-06-28_GHBLQ",1.96078431372549,322,36,85,81.5,27.5,26.5,309,316,204,229,62,56,132,128,165,42.960954049,-79.236593069,3.01431,NA,NA,NA,30.6
1616,15.9463,101,159,"2026-06-28_GHBLQ",2.00248307901798,273,51,84,83.5,30.5,28,314,312,201,228,59,59,127,129,165.2,42.960963353,-79.23669449,2.81285,NA,NA,NA,29.9628
1617,15.9547,100,159,"2026-06-28_GHBLQ",2.00706486833654,301,55,78.5,77.5,26,25,311,312,201,228,55,59,124,129,165.4,42.960971986,-79.236796917,3.05094,NA,NA,NA,29.8944
1618,15.9631,100,159,"2026-06-28_GHBLQ",1.99576896978406,273,47,91.5,78.5,30.5,24.5,311,325,201,214,55,63,124,129,165.6,42.960981039,-79.236899092,3.28904,NA,NA,NA,30.0636
1619,15.9713,99,159,"2026-06-28_GHBLQ",2.02757502027575,305,47,77.5,78.5,26.5,24.5,311,322,201,224,55,63,124,129,166,42.960991181,-79.236998334,3.77684,NA,NA,NA,29.592
1620,15.9796,99,159,"2026-06-28_GHBLQ",2.02757502027575,324,50,80,79,25,24,307,315,200,210,56,63,124,129,166.4,42.961000317,-79.237099001,3.54448,NA,NA,NA,29.592
1621,15.9879,99,160,"2026-06-28_GHBLQ",1.99792216095261,324,51,91.5,78,32,22.5,326,330,203,201,60,60,127,125,166.6,42.961010376,-79.237199919,3.08777,NA,NA,NA,30.0312
1622,15.9961,100,160,"2026-06-28_GHBLQ",2.00924251557163,384,51,91.5,78,32,22.5,325,330,205,201,62,60,128,125,167,42.961022194,-79.237298993,3.11046,NA,NA,NA,29.862
1623,16.0042,99,160,"2026-06-28_GHBLQ",2.01824493420522,312,52,89.5,100,32.5,34.5,311,335,207,205,60,60,128,124,167.4,42.961033929,-79.237397983,3.13917,NA,NA,NA,29.7288
1624,16.0126,99,160,"2026-06-28_GHBLQ",2.01385532463348,286,48,90,72,33,24.5,293,335,195,205,51,60,120,124,167.6,42.96104558,-79.237498482,3.14471,NA,NA,NA,29.7936
1625,16.0208,98,160,"2026-06-28_GHBLQ",2.04850868567683,313,48,88,97.5,29,32,293,335,195,205,51,60,120,124,167.8,42.961055722,-79.237597556,3.38861,NA,NA,NA,29.2896
1626,16.0288,98,160,"2026-06-28_GHBLQ",2.05786722640655,303,48,87,97.5,30.5,32,293,330,195,226,53,58,121,125,168,42.961064942,-79.237695038,3.40052,NA,NA,NA,29.1564
1627,16.0367,97,161,"2026-06-28_GHBLQ",2.06731166790705,273,49,79,71.5,25,21,309,330,200,226,56,58,122,125,168.4,42.961076006,-79.237791095,3.66875,NA,NA,NA,29.0232
1628,16.0448,97,161,"2026-06-28_GHBLQ",2.04148293320268,300,47,82.5,71.5,27,21,319,336,200,203,56,55,121,120,168.4,42.961086148,-79.237889917,3.43066,NA,NA,NA,29.3904
1629,16.0529,97,161,"2026-06-28_GHBLQ",2.0555829633284,316,47,86,72.5,28.5,21.5,321,336,200,203,59,55,124,120,168.6,42.961095536,-79.237988656,3.18976,NA,NA,NA,29.1888
1630,16.0611,97,161,"2026-06-28_GHBLQ",2.06270627062706,309,50,86,72.5,28.5,21.5,321,336,200,203,58,55,122,120,168.8,42.961105678,-79.23808773,2.95174,NA,NA,NA,29.088
1631,16.0692,98,161,"2026-06-28_GHBLQ",2.04373594931535,305,44,81,86,25,26,321,309,200,200,58,59,122,124,168.8,42.961115485,-79.238185882,2.71077,NA,NA,NA,29.358
1632,16.0772,98,161,"2026-06-28_GHBLQ",2.04850868567683,257,53,80.5,83.5,25.5,25.5,318,309,198,200,58,59,122,124,168.8,42.961124202,-79.238284453,2.22297,NA,NA,NA,29.2896
1633,16.0853,97,161,"2026-06-28_GHBLQ",2.07710202725158,267,53,76.5,83.5,26,25.5,318,316,198,198,56,59,121,124,168.8,42.961133673,-79.238382773,1.72914,NA,NA,NA,28.8864
1634,16.0933,96,161,"2026-06-28_GHBLQ",2.09170013386881,265,48,91.5,74,32.5,22,321,326,198,205,55,59,120,124,169,42.96114063,-79.238480841,1.74105,NA,NA,NA,28.6848
1635,16.1016,96,161,"2026-06-28_GHBLQ",2.07943439384487,310,44,83.5,74,29.5,22,311,326,200,224,59,56,122,124,169.2,42.961151108,-79.238581173,1.73811,NA,NA,NA,28.854
1636,16.1099,97,162,"2026-06-28_GHBLQ",2.05077724457569,292,56,89.5,83,32,26,304,318,201,217,56,56,121,124,169.4,42.961162759,-79.238681253,1.72907,NA,NA,NA,29.2572
1637,16.1181,97,162,"2026-06-28_GHBLQ",2.0555829633284,286,39,85,99,28,33,291,297,197,232,56,59,125,128,169.6,42.96117332,-79.238781081,1.46665,NA,NA,NA,29.1888
1638,16.1263,97,162,"2026-06-28_GHBLQ",2.07451663762343,312,50,85,99,28,33,308,309,197,242,59,58,127,128,170,42.961184803,-79.238879904,1.95445,NA,NA,NA,28.9224
1639,16.1345,98,162,"2026-06-28_GHBLQ",2.0555829633284,325,46,81,89,27.5,26.5,308,309,197,242,59,58,127,128,170,42.961194442,-79.238979397,1.70754,NA,NA,NA,29.1888
1640,16.1427,98,162,"2026-06-28_GHBLQ",2.03898540086453,330,46,82,81,28,23.5,322,332,198,205,58,58,122,124,170.4,42.961204836,-79.239079645,1.95144,NA,NA,NA,29.4264
1641,16.1511,98,162,"2026-06-28_GHBLQ",2.05077724457569,332,50,97,89,28.5,26.5,325,329,201,204,56,58,121,124,170.8,42.961214978,-79.239179138,2.42763,NA,NA,NA,29.2572
1642,16.1588,97,162,"2026-06-28_GHBLQ",2.09170013386881,235,49,80,86,30.5,25.5,314,329,198,204,55,58,120,124,171,42.961222773,-79.239273937,2.68737,NA,NA,NA,28.6848
1643,16.1668,96,162,"2026-06-28_GHBLQ",2.10890379180902,250,53,82,74.5,27,22,309,322,195,214,53,59,120,127,171.2,42.961232161,-79.239369826,2.93737,NA,NA,NA,28.4508
1644,16.1745,95,162,"2026-06-28_GHBLQ",2.09170013386881,301,56,85,81,27.5,24.5,321,322,197,214,55,59,120,127,171.4,42.961241213,-79.239464206,2.94711,NA,NA,NA,28.6848
1645,16.1823,95,162,"2026-06-28_GHBLQ",2.08907829865463,298,53,85,81,27.5,24.5,329,332,198,204,58,59,121,124,171.6,42.961250768,-79.239559928,2.96256,NA,NA,NA,28.7208
1646,16.1902,98,162,"2026-06-28_GHBLQ",2.12152070604209,275,53,91.5,81,33.5,24.5,329,335,198,203,58,56,121,121,171.8,42.961259821,-79.239655817,2.97476,NA,NA,NA,28.2816
1647,16.1981,104,162,"2026-06-28_GHBLQ",2.11130816653999,298,74,91.5,81,33.5,24.5,321,333,204,221,63,60,127,128,172,42.961267532,-79.239752208,2.98402,NA,NA,NA,28.4184
1648,16.206,105,162,"2026-06-28_GHBLQ",2.07710202725158,360,42,84.5,100,26.5,36.5,326,333,204,221,56,60,122,128,172.2,42.961274825,-79.239849187,2.74938,NA,NA,NA,28.8864
1649,16.214,104,162,"2026-06-28_GHBLQ",2.11640211640212,221,42,76,69,24.5,23,330,336,201,205,52,63,118,132,172.4,42.961283961,-79.239945747,2.99938,NA,NA,NA,28.35
1650,16.2219,103,163,"2026-06-28_GHBLQ",2.09643605870021,244,55,79.5,69,27.5,23,330,336,200,205,49,63,117,132,172.4,42.961293013,-79.240042222,2.51157,NA,NA,NA,28.62
1651,16.2298,102,163,"2026-06-28_GHBLQ",2.15220385674931,273,53,73,69.5,23.5,23.5,330,336,200,200,49,52,117,121,172.6,42.961302066,-79.240137022,2.28855,NA,NA,NA,27.8784
1652,16.2376,102,163,"2026-06-28_GHBLQ",2.14445016297821,305,44,73,69.5,23.5,23.5,326,328,200,214,49,52,118,120,172.8,42.961311956,-79.24023333,2.28522,NA,NA,NA,27.9792
1653,16.2453,102,163,"2026-06-28_GHBLQ",2.14445016297821,297,44,78,71.5,28.5,23.5,325,326,201,215,49,52,120,120,173,42.961322601,-79.240327039,2.29496,NA,NA,NA,27.9792
1654,16.2532,102,163,"2026-06-28_GHBLQ",2.14942825208495,249,53,76,99.5,23.5,32.5,311,319,203,243,51,51,121,122,173.2,42.961332995,-79.24042209,2.28838,NA,NA,NA,27.9144
1655,16.261,101,163,"2026-06-28_GHBLQ",2.16001382408847,248,55,83,75,28,19.5,318,318,203,221,56,56,122,124,173.4,42.961341628,-79.240518314,2.28838,NA,NA,NA,27.7776
1656,16.269,101,163,"2026-06-28_GHBLQ",2.17580504786771,307,55,81,78,27,25,323,318,200,221,53,56,120,124,173.6,42.961349843,-79.240613784,2.28522,NA,NA,NA,27.576
1657,16.2768,101,163,"2026-06-28_GHBLQ",2.14942825208495,269,49,81,78,27,25,323,329,200,219,52,58,120,124,173.6,42.961357889,-79.240708835,2.03205,NA,NA,NA,27.9144
1658,16.2845,101,163,"2026-06-28_GHBLQ",2.16253622248173,262,50,75.5,99,21,36,323,329,200,219,52,58,120,124,174,42.961365517,-79.240802629,2.29837,NA,NA,NA,27.7452
1659,16.2921,100,163,"2026-06-28_GHBLQ",2.20516891593896,292,40,75.5,99,21,36,316,329,197,219,56,58,122,124,174.2,42.961374318,-79.240894997,2.31153,NA,NA,NA,27.2088
1660,16.2998,100,163,"2026-06-28_GHBLQ",2.19154065307911,281,54,77.5,99,26.5,36,312,328,198,200,56,58,124,124,174.6,42.961383035,-79.240988455,2.83101,NA,NA,NA,27.378
1661,16.3075,100,163,"2026-06-28_GHBLQ",2.17836448394545,269,51,76.5,79.5,26,26.5,323,333,203,205,58,60,124,127,174.6,42.961392926,-79.241081494,2.57784,NA,NA,NA,27.5436
1662,16.3149,100,163,"2026-06-28_GHBLQ",2.2242982339072,285,52,85,79.5,28,26.5,322,332,201,218,58,62,124,128,175,42.961402146,-79.241170343,2.86197,NA,NA,NA,26.9748
1663,16.3223,99,163,"2026-06-28_GHBLQ",2.18636582272946,278,52,75,79.5,25,26.5,318,328,200,212,56,63,122,128,174.8,42.96141212,-79.241260616,2.33196,NA,NA,NA,27.4428
1664,16.3299,99,163,"2026-06-28_GHBLQ",2.18092994853005,244,48,75.5,74.5,24.5,24,316,330,201,205,58,62,124,127,175,42.961424022,-79.241352733,2.34196,NA,NA,NA,27.5112
1665,16.3373,99,163,"2026-06-28_GHBLQ",2.24678709445493,212,48,82,78.5,28.5,24,315,338,198,198,55,56,121,122,175,42.961436595,-79.241441916,2.08555,NA,NA,NA,26.7048
1666,16.3449,98,163,"2026-06-28_GHBLQ",2.2242982339072,241,60,74,78.5,26.5,24,314,338,198,198,58,56,124,122,175,42.961446067,-79.241533195,1.83555,NA,NA,NA,26.9748
1667,16.3523,98,163,"2026-06-28_GHBLQ",2.21896773620912,301,41,75,97.5,23.5,33,314,336,198,238,58,62,124,127,175,42.961454113,-79.241623804,1.83555,NA,NA,NA,27.0396
1668,16.3595,98,163,"2026-06-28_GHBLQ",2.24104701716642,272,50,75,97.5,23.5,33,319,333,197,236,59,63,124,128,175.2,42.96146216,-79.241712317,1.59384,NA,NA,NA,26.7732
1669,16.3669,97,162,"2026-06-28_GHBLQ",2.26111337222448,288,47,69,78,21,23.5,315,338,181,203,41,63,105,125,175.2,42.96147071,-79.241802003,1.33069,NA,NA,NA,26.5356
1670,16.3743,97,162,"2026-06-28_GHBLQ",2.20779794233232,359,52,85.5,74,27.5,21,321,338,186,195,45,58,110,121,175.4,42.961478672,-79.241893366,1.08148,NA,NA,NA,27.1764
1671,16.382,98,162,"2026-06-28_GHBLQ",2.1996392591615,359,52,90.5,77,29.5,22.5,319,336,198,195,59,56,124,121,175.6,42.961487054,-79.241987159,1.34122,NA,NA,NA,27.2772
1672,16.3898,99,162,"2026-06-28_GHBLQ",2.2025461433417,297,52,77.5,81.5,26.5,24,315,336,203,195,62,56,128,121,176,42.961494179,-79.242081036,1.3135,NA,NA,NA,27.2412
1673,16.3974,99,162,"2026-06-28_GHBLQ",2.19154065307911,257,48,87,97.5,29,32.5,321,336,201,195,58,56,124,121,176,42.961500717,-79.242174076,1.58377,NA,NA,NA,27.378
1674,16.405,99,162,"2026-06-28_GHBLQ",2.20516891593896,245,50,78,82,26.5,27,321,336,201,195,58,56,124,121,176.2,42.96150935,-79.242267115,1.58377,NA,NA,NA,27.2088
1675,16.4127,99,162,"2026-06-28_GHBLQ",2.22995272500223,275,50,75.5,67.5,23.5,21,321,336,201,195,58,56,124,121,176.4,42.961516726,-79.242359567,1.84351,NA,NA,NA,26.9064
1676,16.4202,99,162,"2026-06-28_GHBLQ",2.24406444953099,271,50,75.5,67.5,23.5,21,321,336,201,195,58,56,124,121,176.8,42.961526198,-79.242450259,2.37684,NA,NA,NA,26.7372
1677,16.4277,99,162,"2026-06-28_GHBLQ",2.2025461433417,250,42,85.5,72.5,31,22,321,0,201,0,58,0,124,0,177,42.961535502,-79.242542376,2.64351,NA,NA,NA,27.2412
1678,16.4353,99,162,"2026-06-28_GHBLQ",2.20516891593896,270,42,85.5,72.5,31,22,322,333,198,219,59,59,127,127,177.4,42.961545057,-79.242634158,2.89204,NA,NA,NA,27.2088
1679,16.4429,99,162,"2026-06-28_GHBLQ",2.21336874723329,287,50,85.5,72.5,31,22,321,333,197,204,56,55,122,121,177.6,42.961555283,-79.24272527,3.1552,NA,NA,NA,27.108
1680,16.4506,100,162,"2026-06-28_GHBLQ",2.14942825208495,307,62,77.5,65,26.5,20,314,333,197,204,51,55,118,121,177.8,42.96156576,-79.242818895,3.14467,NA,NA,NA,27.9144
1681,16.4583,101,162,"2026-06-28_GHBLQ",2.17296827466319,284,52,85,82,28,25,315,333,197,204,51,55,118,121,177.8,42.96157607,-79.242912018,2.88493,NA,NA,NA,27.612
1682,16.4659,101,162,"2026-06-28_GHBLQ",2.18350146294598,211,62,79,75.5,27.5,23,315,335,197,200,51,55,118,121,177.8,42.961585709,-79.243003884,2.37211,NA,NA,NA,27.4788
1683,16.4734,100,162,"2026-06-28_GHBLQ",2.18092994853005,222,46,79,75.5,27.5,23,315,333,197,198,51,58,118,124,177.8,42.961595684,-79.243095917,2.37211,NA,NA,NA,27.5112
1684,16.4809,100,162,"2026-06-28_GHBLQ",2.21601737357621,276,55,76.5,73,24,22.5,322,330,197,197,52,60,118,125,178,42.961603395,-79.243187112,2.37562,NA,NA,NA,27.0756
1685,16.4886,100,163,"2026-06-28_GHBLQ",2.18636582272946,314,52,91.5,75.5,33,22.5,328,333,195,197,49,56,117,122,178.4,42.961612699,-79.243280822,2.63536,NA,NA,NA,27.4428
1686,16.4962,100,163,"2026-06-28_GHBLQ",2.18636582272946,303,50,80,75.5,26.5,22.5,323,333,200,197,53,56,120,122,178.6,42.961623009,-79.24337252,2.36519,NA,NA,NA,27.4428
1687,16.5036,99,163,"2026-06-28_GHBLQ",2.21896773620912,241,50,78.5,76,25,23,323,325,198,194,53,53,121,120,178.8,42.961631055,-79.243463631,2.36879,NA,NA,NA,27.0396
1688,16.5113,99,163,"2026-06-28_GHBLQ",2.22162978761219,278,51,83,76.5,28,21.5,330,325,195,194,53,53,118,120,179.2,42.961638767,-79.243555748,2.36195,NA,NA,NA,27.0072
1689,16.5187,98,163,"2026-06-28_GHBLQ",2.21336874723329,270,48,86.5,76.5,29.5,21.5,330,325,195,190,53,52,118,115,179.2,42.961648993,-79.243646441,2.0988,NA,NA,NA,27.108
1690,16.5261,99,163,"2026-06-28_GHBLQ",2.21336874723329,291,52,86.5,76.5,29.5,21.5,329,333,197,194,53,58,120,121,179.2,42.961659386,-79.24373663,1.83906,NA,NA,NA,27.108
1691,16.5337,99,163,"2026-06-28_GHBLQ",2.22995272500223,237,56,88,75.5,33.5,23,318,336,200,215,55,63,122,128,179.4,42.961669696,-79.243827322,2.10221,NA,NA,NA,26.9064
1692,16.5411,98,163,"2026-06-28_GHBLQ",2.22162978761219,242,50,83,67.5,28.5,20,307,333,197,229,59,62,125,131,179.8,42.961677491,-79.243918098,2.64275,NA,NA,NA,27.0072
1693,16.5486,98,163,"2026-06-28_GHBLQ",2.22162978761219,234,54,75.5,67.5,23.5,20,312,336,194,214,56,58,122,125,179.8,42.961685957,-79.244009126,2.64275,NA,NA,NA,27.0072
1694,16.5561,99,163,"2026-06-28_GHBLQ",2.22995272500223,293,54,81,68,28,21,329,342,193,203,49,59,115,124,180,42.961694339,-79.244099902,2.64275,NA,NA,NA,26.9064
1695,16.5636,99,163,"2026-06-28_GHBLQ",2.18895017949391,299,52,79,80,25.5,24.5,335,346,195,203,51,62,117,127,180.2,42.961701631,-79.244191683,2.38994,NA,NA,NA,27.4104
1696,16.5712,100,163,"2026-06-28_GHBLQ",2.1944261575598,201,42,82.5,91,24.5,26.5,335,346,195,203,51,62,117,127,180.6,42.96171127,-79.244283214,2.6531,NA,NA,NA,27.342
1697,16.5787,100,163,"2026-06-28_GHBLQ",2.19154065307911,248,57,82.5,91,24.5,26.5,335,335,197,198,52,66,118,128,180.8,42.961721664,-79.244374744,2.64949,NA,NA,NA,27.378
1698,16.5863,101,163,"2026-06-28_GHBLQ",2.15470803706098,251,48,78.5,97.5,25.5,34.5,325,330,195,218,53,68,120,135,181,42.961729543,-79.2444677,2.39317,NA,NA,NA,27.846
1699,16.5942,102,163,"2026-06-28_GHBLQ",2.12395395267831,236,49,74.5,74,23,23.5,330,332,198,211,55,63,122,131,181,42.961739014,-79.244563924,2.39317,NA,NA,NA,28.2492
1700,16.6021,103,163,"2026-06-28_GHBLQ",2.11398613225097,247,52,76,72.5,23.5,23.5,338,332,201,211,58,63,124,131,181.2,42.961747732,-79.244659477,2.64634,NA,NA,NA,28.3824
1701,16.6101,105,163,"2026-06-28_GHBLQ",2.08177200433009,245,52,76,72.5,23.5,23.5,336,338,203,197,56,56,122,122,181,42.961758628,-79.244755283,2.13318,NA,NA,NA,28.8216
1702,16.6179,105,163,"2026-06-28_GHBLQ",2.06987911905945,244,44,79,97,25,32,336,338,200,211,52,56,118,124,181,42.961769022,-79.244851255,1.59264,NA,NA,NA,28.9872
1703,16.6262,106,163,"2026-06-28_GHBLQ",2.03674284084891,283,47,73.5,97,24.5,32,335,338,197,211,51,56,115,124,180.8,42.961778493,-79.244951503,1.35167,NA,NA,NA,29.4588
1704,16.6345,103,162,"2026-06-28_GHBLQ",2.00706486833654,263,56,85,88,25.5,28.5,335,338,197,211,51,56,115,124,181.2,42.961789725,-79.24505217,1.56694,NA,NA,NA,29.8944
1705,16.643,101,162,"2026-06-28_GHBLQ",1.94567670635847,354,44,82,88,27,26.5,335,330,197,203,51,58,115,121,181.2,42.961800454,-79.245155435,1.30027,NA,NA,NA,30.8376
1706,16.6515,103,162,"2026-06-28_GHBLQ",1.92901234567901,253,47,82,88,27,26.5,333,319,197,217,51,52,114,120,181.2,42.961811769,-79.245259789,0.773953,NA,NA,NA,31.104
1707,16.6603,102,162,"2026-06-28_GHBLQ",1.92477961273434,194,69,74,78,25,25.5,332,338,200,204,52,66,118,135,181.2,42.961822498,-79.245366072,0.507286,NA,NA,NA,31.1724
1708,16.669,95,161,"2026-06-28_GHBLQ",1.89221919467151,261,69,76,75,22.5,24,336,345,197,198,52,75,115,145,181.6,42.961831299,-79.245473863,0.703899,NA,NA,NA,31.7088
1709,16.6782,96,161,"2026-06-28_GHBLQ",1.86261361943079,247,47,72.5,67,21.5,19,340,347,197,200,56,73,120,138,181.6,42.961842866,-79.245584001,0.703899,NA,NA,NA,32.2128
1710,16.6873,97,161,"2026-06-28_GHBLQ",1.86261361943079,218,53,72.5,67,21.5,19,343,347,195,200,58,73,121,138,181.4,42.961853595,-79.245693637,0.230954,NA,NA,NA,32.2128
1711,16.6964,98,161,"2026-06-28_GHBLQ",1.83573815031024,231,52,92,70.5,28.5,21.5,343,350,195,198,58,72,121,132,181.4,42.961865246,-79.245804194,0.480954,NA,NA,NA,32.6844
1712,16.7056,99,161,"2026-06-28_GHBLQ",1.80433762765689,232,56,66.5,66.5,20.5,21,329,340,194,195,56,68,121,128,181.2,42.961877819,-79.245916512,0.263562,NA,NA,NA,33.2532
1713,16.715,100,161,"2026-06-28_GHBLQ",1.81534328141452,219,50,66.5,66.5,20.5,21,329,340,191,193,53,65,118,124,181,42.961891314,-79.246028158,0.29176,NA,NA,NA,33.0516
1714,16.7243,101,161,"2026-06-28_GHBLQ",1.78272185973544,236,46,63,68.5,19.5,19,336,346,191,193,52,63,118,121,180.8,42.961903551,-79.246140811,-0.405221,NA,NA,NA,33.6564
1715,16.7336,102,161,"2026-06-28_GHBLQ",1.76329524615602,258,55,73.5,69.5,22,20.5,343,346,193,194,52,65,118,122,180.6,42.961914028,-79.246253632,-0.620275,NA,NA,NA,34.0272
1716,16.7429,103,161,"2026-06-28_GHBLQ",1.75975785731883,257,55,69,69.5,20,20.5,342,328,197,214,53,65,117,125,180.6,42.961926015,-79.246366452,-0.620275,NA,NA,NA,34.0956
1717,16.7523,104,161,"2026-06-28_GHBLQ",1.74100769525401,144,53,65.5,63.5,20.5,19.5,347,328,200,214,59,65,120,125,180.4,42.961938001,-79.246481117,-0.833041,NA,NA,NA,34.4628
1718,16.7617,104,161,"2026-06-28_GHBLQ",1.73412409392016,239,54,82.5,74,24.5,22.5,347,340,200,203,59,70,120,131,180.4,42.961949735,-79.246596284,-1.29281,NA,NA,NA,34.5996
1719,16.7715,104,161,"2026-06-28_GHBLQ",1.70607704643942,282,57,73,90,22.5,28,347,345,200,200,59,72,120,129,180.4,42.961962476,-79.246714553,-1.29281,NA,NA,NA,35.1684
1720,16.7811,105,161,"2026-06-28_GHBLQ",1.73593028503975,206,55,73,90,22.5,28,330,340,200,201,56,69,122,129,180.4,42.961974546,-79.246831229,-1.07303,NA,NA,NA,34.5636
1721,16.7908,105,161,"2026-06-28_GHBLQ",1.71591338069254,208,47,68,90,20.5,28,336,339,198,198,52,66,117,132,180.4,42.961986783,-79.246949581,-1.07303,NA,NA,NA,34.9668
1722,16.8005,102,161,"2026-06-28_GHBLQ",1.71414858239912,199,55,66.5,54.5,21,17.5,345,342,198,197,51,65,117,128,180.2,42.961997512,-79.247068185,-1.06183,NA,NA,NA,35.0028
1723,16.8103,95,161,"2026-06-28_GHBLQ",1.71414858239912,272,55,72.5,62,21,18,345,346,197,198,52,69,118,131,180.2,42.962008912,-79.247186957,-0.849059,NA,NA,NA,35.0028
1724,16.8203,95,161,"2026-06-28_GHBLQ",1.68827660723933,233,55,72,62,22,18,342,346,191,198,56,68,118,131,180,42.962018551,-79.247308746,-0.834005,NA,NA,NA,35.5392
1725,16.8302,95,161,"2026-06-28_GHBLQ",1.68350168350168,284,54,77.5,67.5,22.5,20.5,342,346,191,198,56,68,118,131,180,42.962028861,-79.247429445,-0.618952,NA,NA,NA,35.64
1726,16.8401,96,161,"2026-06-28_GHBLQ",1.68197261748579,272,55,77,71.5,23,21,342,345,195,198,62,65,125,128,180,42.962040847,-79.247550061,-0.618952,NA,NA,NA,35.6724
1727,16.8501,96,161,"2026-06-28_GHBLQ",1.6898171617831,297,53,77,71.5,23,21,342,343,198,195,66,60,129,124,180,42.962052414,-79.247671682,-0.406186,NA,NA,NA,35.5068
1728,16.8603,97,161,"2026-06-28_GHBLQ",1.66317400126401,269,55,94.5,73,28.5,21.5,336,343,201,204,66,60,131,125,180,42.962066831,-79.247794393,-0.406186,NA,NA,NA,36.0756
1729,16.8705,98,161,"2026-06-28_GHBLQ",1.63719711853307,259,55,80.5,84.5,24.5,29,308,339,207,222,72,63,136,131,180,42.962080745,-79.247917859,-0.406186,NA,NA,NA,36.648
1730,16.8807,99,161,"2026-06-28_GHBLQ",1.64025850474035,223,54,78.5,72,24.5,21.5,318,342,203,205,66,68,131,132,180,42.962095832,-79.248040486,-0.406186,NA,NA,NA,36.5796
1731,16.891,99,161,"2026-06-28_GHBLQ",1.64171263462044,267,54,95.5,65.5,32,20,319,343,201,217,66,70,132,136,180,42.962107986,-79.248164706,-0.406186,NA,NA,NA,36.5472
1732,16.9011,99,161,"2026-06-28_GHBLQ",1.61796589327897,226,56,73.5,69,25,21,309,340,201,214,65,69,131,135,180,42.962117373,-79.248289093,-0.2,NA,NA,NA,37.0836
1733,16.9114,99,161,"2026-06-28_GHBLQ",1.623798389192,252,53,76,69,24.5,20.5,319,340,198,214,62,69,128,135,180,42.962127851,-79.248413816,-0.2,NA,NA,NA,36.9504
1734,16.9218,100,161,"2026-06-28_GHBLQ",1.61498708010336,298,54,94.5,71.5,32.5,21,319,342,198,207,62,65,128,131,180.2,42.962142603,-79.248538036,0.192308,NA,NA,NA,37.152
1735,16.9319,100,161,"2026-06-28_GHBLQ",1.59764826175869,265,36,94.5,71.5,32.5,21,329,345,201,218,63,62,129,131,180.2,42.962155176,-79.248661836,0.192308,NA,NA,NA,37.5552
1736,16.9421,101,161,"2026-06-28_GHBLQ",1.60487883164821,249,52,77,71.5,26.5,21,322,340,200,214,59,63,125,132,180.2,42.962167916,-79.248786224,0.192308,NA,NA,NA,37.386
1737,16.9524,101,161,"2026-06-28_GHBLQ",1.60487883164821,215,62,74,74.5,25,22.5,329,340,201,214,59,63,127,132,180.2,42.962181327,-79.248911114,0.192308,NA,NA,NA,37.386
1738,16.9626,101,161,"2026-06-28_GHBLQ",1.60348919248284,195,62,99.5,74.5,34,22.5,329,343,201,201,59,70,127,134,180.2,42.962192475,-79.249037429,0.192308,NA,NA,NA,37.4184
1739,16.9731,100,161,"2026-06-28_GHBLQ",1.61498708010336,202,50,74.5,58,24.5,18.5,338,343,200,201,58,70,124,134,180,42.96220069,-79.249165337,0,NA,NA,NA,37.152
1740,16.9836,101,160,"2026-06-28_GHBLQ",1.60487883164821,217,53,69,58,23,18.5,338,338,200,217,58,75,124,138,180,42.962209826,-79.249293748,0,NA,NA,NA,37.386
1741,16.9941,101,160,"2026-06-28_GHBLQ",1.60627088152146,213,53,71.5,63.5,21,19,340,338,197,210,55,73,122,138,180,42.96221737,-79.249422326,0,NA,NA,NA,37.3536
1742,17.0047,101,160,"2026-06-28_GHBLQ",1.61655350792111,215,40,80.5,64.5,25.5,19.5,343,347,198,200,58,68,125,128,180,42.962224159,-79.249550569,0,NA,NA,NA,37.116
1743,17.0151,101,160,"2026-06-28_GHBLQ",1.59918121921576,207,61,80.5,64.5,25.5,19.5,340,346,197,203,58,69,125,132,179.8,42.962230026,-79.24967831,-0.190476,NA,NA,NA,37.5192
1744,17.0255,101,160,"2026-06-28_GHBLQ",1.61498708010336,243,50,73.5,64.5,25.5,20,340,345,198,200,56,69,122,135,180,42.962235642,-79.249805631,-0.190476,NA,NA,NA,37.152
1745,17.036,101,160,"2026-06-28_GHBLQ",1.61498708010336,218,50,75.5,66,23.5,20.5,340,345,198,200,55,69,122,135,180,42.962239833,-79.249933371,-0.190476,NA,NA,NA,37.152
1746,17.0465,101,160,"2026-06-28_GHBLQ",1.59627111068544,247,54,78,63,26.5,18.5,340,345,200,195,56,65,122,127,180,42.962242515,-79.250061614,-0.190476,NA,NA,NA,37.5876
1747,17.0568,102,160,"2026-06-28_GHBLQ",1.59918121921576,250,59,85,66.5,30.5,20,340,345,200,195,56,65,122,125,180.4,42.962244611,-79.250189103,0.197873,NA,NA,NA,37.5192
1748,17.0676,103,160,"2026-06-28_GHBLQ",1.56553322061494,234,54,76.5,91,24,30.5,329,336,203,203,58,72,124,135,180.4,42.962249305,-79.250320783,0.197873,NA,NA,NA,38.3256
1749,17.0784,103,160,"2026-06-28_GHBLQ",1.56406406406406,230,52,72,87.5,23.5,27.5,315,328,203,203,55,75,122,138,180.2,42.962253244,-79.25045263,0.203164,NA,NA,NA,38.3616
1750,17.0891,104,159,"2026-06-28_GHBLQ",1.561426519268,213,55,72,87.5,23.5,27.5,328,319,201,197,58,76,118,135,180.2,42.962254166,-79.250584226,0.203164,NA,NA,NA,38.4264
1751,17.0999,104,159,"2026-06-28_GHBLQ",1.561426519268,204,50,74.5,61,24,18,339,330,200,194,55,70,114,129,180,42.962253496,-79.250715989,0.0179791,NA,NA,NA,38.4264
1752,17.1105,103,159,"2026-06-28_GHBLQ",1.56406406406406,221,54,75.5,69,23,21,343,340,200,194,53,68,115,127,179.8,42.962251735,-79.250845993,-0.1707,NA,NA,NA,38.3616
1753,17.1212,103,159,"2026-06-28_GHBLQ",1.55865207768322,228,55,73,69,25,21,342,340,200,194,58,68,122,127,179.6,42.962249891,-79.250977337,-0.165308,NA,NA,NA,38.4948
1754,17.1318,103,159,"2026-06-28_GHBLQ",1.58217834314284,214,55,70.5,69,24,21,342,343,200,195,58,66,122,125,179.6,42.962251903,-79.251106921,-0.357616,NA,NA,NA,37.9224
1755,17.1425,103,159,"2026-06-28_GHBLQ",1.56685782332111,208,56,76.5,64.5,25.5,19.5,339,343,201,195,56,69,124,128,179.8,42.962253915,-79.251238266,-0.1707,NA,NA,NA,38.2932
1756,17.1531,103,159,"2026-06-28_GHBLQ",1.56406406406406,234,49,71.5,96.5,23,29.5,339,343,201,195,56,65,124,125,179.8,42.962253076,-79.251369191,-0.1707,NA,NA,NA,38.3616
1757,17.1637,103,159,"2026-06-28_GHBLQ",1.57932973246154,168,54,71.5,96.5,23,29.5,335,335,200,197,58,62,125,125,179.8,42.962249472,-79.251499446,-0.55905,NA,NA,NA,37.9908
1758,17.1743,102,159,"2026-06-28_GHBLQ",1.58488652212502,184,55,64,61.5,20.5,19.5,342,338,198,194,58,63,121,125,179.8,42.962243018,-79.25163012,-0.55905,NA,NA,NA,37.8576
1759,17.1846,101,159,"2026-06-28_GHBLQ",1.59627111068544,157,50,68,61.5,21,19.5,349,343,198,191,56,66,121,127,179.6,42.962241258,-79.25176071,-0.568039,NA,NA,NA,37.5876
1760,17.1952,101,159,"2026-06-28_GHBLQ",1.59627111068544,164,63,57.5,61.5,17.5,20,354,346,195,190,58,62,120,122,179.6,42.962268918,-79.251887528,-0.568039,NA,NA,NA,37.5876
1761,17.2055,102,159,"2026-06-28_GHBLQ",1.59489633173844,373,63,86.5,61,26,19,354,346,195,190,58,62,120,122,179.2,42.96231988,-79.251993978,-0.771204,NA,NA,NA,37.62
1762,17.216,103,159,"2026-06-28_GHBLQ",1.561426519268,326,49,86.5,69.5,26,20,332,354,200,204,56,62,121,121,179,42.962393641,-79.252075953,-0.773,NA,NA,NA,38.4264
1763,17.2263,102,159,"2026-06-28_GHBLQ",1.58911772184083,241,47,70,80,21.5,24.5,332,354,200,204,56,62,121,121,178.8,42.962480058,-79.252125322,-0.780259,NA,NA,NA,37.7568
1764,17.2368,101,159,"2026-06-28_GHBLQ",1.60348919248284,269,50,70,80,21.5,24.5,339,345,198,200,53,73,121,132,178.6,42.962573265,-79.252147786,-0.970736,NA,NA,NA,37.4184
1765,17.2473,102,158,"2026-06-28_GHBLQ",1.59337157425112,316,48,79.5,65,23.5,19.5,339,343,207,201,60,70,127,129,178.4,42.96266731,-79.252168825,-1.34813,NA,NA,NA,37.656
1766,17.2579,102,158,"2026-06-28_GHBLQ",1.59489633173844,270,60,91.5,91,28.5,29,339,343,207,201,60,70,127,129,178.2,42.96276102,-79.252197658,-1.53681,NA,NA,NA,37.62
1767,17.2687,102,158,"2026-06-28_GHBLQ",1.58775523165349,221,65,81.5,93.5,24.5,27.5,304,333,204,204,65,65,129,128,178,42.962854562,-79.252229174,-1.72199,NA,NA,NA,37.7892
1768,17.2792,102,158,"2026-06-28_GHBLQ",1.59918121921576,245,58,77.5,60.5,25,18,319,333,201,204,63,65,128,128,178,42.96294735,-79.252257505,-1.72199,NA,NA,NA,37.5192
1769,17.29,102,158,"2026-06-28_GHBLQ",1.58775523165349,296,58,89,73.5,28.5,23,319,335,201,200,63,73,128,134,177.8,42.963041394,-79.252283824,-1.713,NA,NA,NA,37.7892
1770,17.3005,102,158,"2026-06-28_GHBLQ",1.58775523165349,249,54,60.5,83,17.5,25,309,335,197,204,60,80,125,143,178,42.963134685,-79.252304863,-1.52253,NA,NA,NA,37.7892
1771,17.3108,101,158,"2026-06-28_GHBLQ",1.61796589327897,263,51,81.5,60.5,24,17.5,309,338,197,200,60,76,125,135,178.2,42.963225796,-79.252325734,-0.940002,NA,NA,NA,37.0836
1772,17.3212,100,158,"2026-06-28_GHBLQ",1.60627088152146,245,56,79,72.5,25.5,21,329,342,193,194,60,69,121,128,178.6,42.963317159,-79.252347108,-0.36491,NA,NA,NA,37.3536
1773,17.3312,99,158,"2026-06-28_GHBLQ",1.62983245322381,214,48,79,72.5,25.5,21,323,340,198,194,60,69,125,128,178.8,42.963407181,-79.252365296,0.0292643,NA,NA,NA,36.8136
1774,17.3413,98,158,"2026-06-28_GHBLQ",1.66317400126401,224,48,72.5,61,22,17.5,329,340,198,194,60,69,125,128,178.8,42.963496113,-79.252385161,0.219741,NA,NA,NA,36.0756
1775,17.3511,98,158,"2026-06-28_GHBLQ",1.66317400126401,239,48,72.5,61,22,17.5,343,340,198,194,60,69,125,128,178.8,42.963584793,-79.252404607,0.410217,NA,NA,NA,36.0756
1776,17.3613,97,158,"2026-06-28_GHBLQ",1.65540987948616,263,48,74.5,67,22.5,19,346,340,201,194,62,69,127,128,178.4,42.963674983,-79.252429083,0.206739,NA,NA,NA,36.2448
1777,17.3714,96,157,"2026-06-28_GHBLQ",1.70120104793985,272,48,94.5,67,37.5,19,336,340,219,194,60,69,129,128,178.4,42.963762741,-79.252449702,0.391924,NA,NA,NA,35.2692
1778,17.3813,105,158,"2026-06-28_GHBLQ",1.67875369325813,318,48,80.5,77,25.5,26,336,347,219,217,60,69,129,135,178.2,42.963849913,-79.25247401,0.189904,NA,NA,NA,35.7408
1779,17.3909,107,158,"2026-06-28_GHBLQ",1.69307869429771,274,48,77.5,96,24,30,335,347,215,217,59,69,127,135,178.6,42.963936079,-79.252493875,0.791756,NA,NA,NA,35.4384
1780,17.4007,107,158,"2026-06-28_GHBLQ",1.67403240926744,291,55,76.5,67,26.5,20,338,343,205,211,58,76,122,143,178.6,42.964024089,-79.25251441,0.60128,NA,NA,NA,35.8416
1781,17.4107,107,158,"2026-06-28_GHBLQ",1.70433241299383,257,51,76.5,67,26.5,20,332,338,203,218,51,73,120,141,178.6,42.964111177,-79.252533689,0.407105,NA,NA,NA,35.2044
1782,17.4204,107,158,"2026-06-28_GHBLQ",1.70120104793985,183,58,84,79.5,27,25.5,328,336,204,211,51,75,121,141,179,42.96419751,-79.25255699,0.434861,NA,NA,NA,35.2692
1783,17.4301,106,158,"2026-06-28_GHBLQ",1.70765027322404,237,58,79,79.5,24.5,25.5,329,336,203,211,58,75,124,141,179,42.964283676,-79.252582136,0.234861,NA,NA,NA,35.136
1784,17.44,106,158,"2026-06-28_GHBLQ",1.69946636756059,250,61,74.5,62,24,19,338,339,203,194,59,68,124,127,179,42.964370345,-79.252610718,0.234861,NA,NA,NA,35.3052
1785,17.4498,106,158,"2026-06-28_GHBLQ",1.69790817712578,278,52,68.5,62.5,21,18,338,340,203,193,59,66,124,125,179.2,42.96445626,-79.252640558,0.438942,NA,NA,NA,35.3376
1786,17.4596,106,157,"2026-06-28_GHBLQ",1.72747374239912,283,45,75.5,74,26,20,340,342,203,194,60,65,124,122,179.2,42.964541336,-79.252670984,0.831099,NA,NA,NA,34.7328
1787,17.4696,107,157,"2026-06-28_GHBLQ",1.69307869429771,255,40,82,96.5,26.5,31.5,343,335,203,195,62,59,125,118,179.2,42.964627921,-79.252704847,0.831099,NA,NA,NA,35.4384
1788,17.4795,107,157,"2026-06-28_GHBLQ",1.69635284139101,266,57,82,96.5,26.5,31.5,338,336,201,218,59,70,122,134,179.2,42.964713417,-79.252738207,1.03312,NA,NA,NA,35.37
1789,17.4895,107,157,"2026-06-28_GHBLQ",1.67554706611709,266,47,80,96.5,29,33,332,336,201,224,58,75,124,138,179.2,42.964800169,-79.252772238,0.616453,NA,NA,NA,35.8092
1790,17.4995,107,157,"2026-06-28_GHBLQ",1.71098107654929,269,44,79,71.5,30,23,326,335,203,215,56,73,127,135,179.4,42.964886168,-79.252803754,0.816453,NA,NA,NA,35.0676
1791,17.5095,107,157,"2026-06-28_GHBLQ",1.68827660723933,257,53,94.5,66,32,19.5,326,333,204,212,59,73,128,136,179.6,42.96497292,-79.252836359,1.01645,NA,NA,NA,35.5392
1792,17.5194,107,156,"2026-06-28_GHBLQ",1.68673885908984,297,53,89.5,66,30,19.5,326,333,204,212,59,73,128,136,179.6,42.965059254,-79.252867372,0.604082,NA,NA,NA,35.5716
1793,17.5294,107,156,"2026-06-28_GHBLQ",1.67084377610693,252,52,79,72.5,28.5,24,322,329,208,222,63,73,134,138,179.6,42.965146929,-79.252898134,0.604082,NA,NA,NA,35.91
1794,17.5395,108,156,"2026-06-28_GHBLQ",1.65853982154112,252,49,71.5,73.5,23.5,23,330,338,207,203,55,65,127,128,179.4,42.965234687,-79.25292965,0.406062,NA,NA,NA,36.1764
1795,17.5495,108,157,"2026-06-28_GHBLQ",1.68827660723933,233,53,71.5,73.5,23.5,23,335,339,205,201,56,66,124,127,179.2,42.965320853,-79.252961166,0,NA,NA,NA,35.5392
1796,17.5594,108,157,"2026-06-28_GHBLQ",1.68197261748579,250,60,85,73.5,27,23,335,342,205,200,56,70,124,131,178.8,42.965406768,-79.252992095,-0.40206,NA,NA,NA,35.6724
1797,17.5691,107,157,"2026-06-28_GHBLQ",1.68673885908984,248,54,72.5,67,22,20.5,338,338,201,198,59,70,118,131,178.6,42.965491425,-79.253023443,-0.608246,NA,NA,NA,35.5716
1798,17.579,107,157,"2026-06-28_GHBLQ",1.68673885908984,223,54,69.5,76,23,21.5,339,338,201,195,58,69,117,128,178.4,42.965577172,-79.253054037,-0.810266,NA,NA,NA,35.5716
1799,17.5888,107,157,"2026-06-28_GHBLQ",1.69307869429771,238,54,69.5,76,23,21.5,343,338,201,195,56,69,114,128,178.2,42.965662919,-79.253081446,-1.01435,NA,NA,NA,35.4384
1800,17.5986,108,157,"2026-06-28_GHBLQ",1.68027690963471,283,54,74.5,69.5,24,22,340,342,204,194,56,66,120,124,178,42.965749168,-79.253110112,-1.41843,NA,NA,NA,35.7084
1801,17.6084,108,157,"2026-06-28_GHBLQ",1.67403240926744,340,53,77,74,26,23.5,340,340,204,200,56,63,120,124,178,42.965836424,-79.253134755,-1.61843,NA,NA,NA,35.8416
1802,17.6185,108,157,"2026-06-28_GHBLQ",1.67252048837598,271,60,77,74,26,23.5,328,326,208,211,56,70,120,132,178,42.965924602,-79.253161242,-1.61843,NA,NA,NA,35.874
1803,17.6285,109,157,"2026-06-28_GHBLQ",1.66168162180126,252,48,97,72,34,19,311,336,208,208,53,76,121,139,178,42.966013953,-79.253185968,-1.61843,NA,NA,NA,36.108
1804,17.6387,109,157,"2026-06-28_GHBLQ",1.65393139492574,265,54,75.5,89.5,23.5,29.5,326,336,203,207,55,76,120,139,178.2,42.966103639,-79.253213294,-1.22433,NA,NA,NA,36.2772
1805,17.6488,106,157,"2026-06-28_GHBLQ",1.68827660723933,229,79,71.5,68,23,21,342,342,203,197,59,69,121,129,178.4,42.966191565,-79.253238355,-0.826311,NA,NA,NA,35.5392
1806,17.659,98,158,"2026-06-28_GHBLQ",1.64625312788094,361,79,90,48.5,30.5,15,342,342,203,197,59,69,121,129,178.6,42.966281587,-79.253264423,-0.226192,NA,NA,NA,36.4464
1807,17.6691,98,158,"2026-06-28_GHBLQ",1.63880694854146,275,50,93,99,29.5,37.5,340,339,203,221,62,69,124,132,179,42.966370686,-79.253293089,0.376033,NA,NA,NA,36.612
1808,17.6793,98,158,"2026-06-28_GHBLQ",1.66616681662168,251,46,73,89,22,28.5,340,335,203,228,62,70,124,135,179,42.966459702,-79.253317313,0.578053,NA,NA,NA,36.0108
1809,17.6893,98,157,"2026-06-28_GHBLQ",1.66168162180126,244,49,75.5,67,23,19.5,333,340,201,207,66,77,131,139,179,42.966548215,-79.253342459,0.782135,NA,NA,NA,36.108
1810,17.6994,98,157,"2026-06-28_GHBLQ",1.64625312788094,252,45,79.5,67,23.5,19.5,340,343,198,200,68,76,132,136,179,42.966637818,-79.253370035,0.986216,NA,NA,NA,36.4464
1811,17.7096,98,157,"2026-06-28_GHBLQ",1.66317400126401,228,55,79.5,67,23.5,19.5,340,349,198,197,69,75,134,132,178.6,42.966727672,-79.253394259,0.594059,NA,NA,NA,36.0756
1812,17.7199,97,157,"2026-06-28_GHBLQ",1.67554706611709,290,56,72.5,69,24,19,336,316,198,201,70,72,135,134,178.4,42.966817023,-79.25341865,0.399885,NA,NA,NA,35.8092
1813,17.7298,98,157,"2026-06-28_GHBLQ",1.65853982154112,286,56,78.5,76,24,21,326,316,201,201,69,72,134,134,178.2,42.966905452,-79.253445053,0.197864,NA,NA,NA,36.1764
1814,17.7401,98,157,"2026-06-28_GHBLQ",1.64788082525872,211,54,80.5,76,26.5,21,326,311,200,203,68,72,132,134,178,42.966995725,-79.253468942,-0.192389,NA,NA,NA,36.4104
1815,17.7502,97,157,"2026-06-28_GHBLQ",1.66466906379012,269,54,83,91,24.5,26.5,326,330,200,203,68,75,132,135,178,42.96708516,-79.253490148,-0.390409,NA,NA,NA,36.0432
1816,17.7602,98,157,"2026-06-28_GHBLQ",1.66168162180126,291,54,79.5,71,25.5,20.5,333,338,198,197,63,72,128,132,178,42.967174343,-79.253513366,-0.586487,NA,NA,NA,36.108
1817,17.7704,106,157,"2026-06-28_GHBLQ",1.66168162180126,270,72,78.5,73.5,24.5,20.5,336,340,203,200,62,63,127,125,178,42.967263694,-79.253537338,-0.982527,NA,NA,NA,36.108
1818,17.7803,108,157,"2026-06-28_GHBLQ",1.69635284139101,351,47,78.5,73.5,24.5,20.5,333,338,203,217,60,58,122,124,178,42.967351369,-79.253560388,-0.982527,NA,NA,NA,35.37
1819,17.7903,108,157,"2026-06-28_GHBLQ",1.67875369325813,314,52,77.5,91.5,25.5,29,329,326,203,211,58,59,121,121,178,42.967439882,-79.253585282,-0.982527,NA,NA,NA,35.7408
1820,17.8004,107,158,"2026-06-28_GHBLQ",1.68027690963471,285,58,82.5,80,25,23,329,326,203,211,58,59,121,121,178,42.967527641,-79.253610009,-0.982527,NA,NA,NA,35.7084
1821,17.8101,107,157,"2026-06-28_GHBLQ",1.70276529083231,213,58,77,78.5,22.5,24.5,326,328,205,205,55,59,117,120,178,42.967612465,-79.25363658,-0.59037,NA,NA,NA,35.2368
1822,17.8196,106,157,"2026-06-28_GHBLQ",1.70765027322404,269,52,77,78.5,22.5,24.5,332,335,201,197,60,69,122,127,178.2,42.967696871,-79.253665162,-0.185669,NA,NA,NA,35.136
1823,17.8294,105,157,"2026-06-28_GHBLQ",1.72087420409568,305,46,82,82,26,24,336,336,200,195,62,69,127,128,178.2,42.967783624,-79.253689469,0.0163516,NA,NA,NA,34.866
1824,17.8394,105,157,"2026-06-28_GHBLQ",1.71591338069254,229,56,69.5,64,22,17.5,328,325,201,195,66,66,129,125,178.2,42.967870544,-79.253714447,0.210526,NA,NA,NA,34.9668
1825,17.8489,105,157,"2026-06-28_GHBLQ",1.74428745857317,260,48,69.5,64,22,17.5,328,330,201,195,68,65,131,124,178.2,42.967954447,-79.253738923,0.210526,NA,NA,NA,34.398
1826,17.8587,105,157,"2026-06-28_GHBLQ",1.70922640412949,235,48,73,64,22.5,17.5,336,338,200,195,66,66,129,125,178.2,42.968040278,-79.253765242,0.210526,NA,NA,NA,35.1036
1827,17.8683,105,158,"2026-06-28_GHBLQ",1.72908669640696,246,49,69.5,67.5,21,19,342,338,201,195,65,66,124,125,178.2,42.968124348,-79.253789801,0.210526,NA,NA,NA,34.7004
1828,17.878,105,158,"2026-06-28_GHBLQ",1.71591338069254,252,51,70,70.5,21,20,342,332,201,195,65,66,124,125,178.2,42.968210095,-79.253813773,0.210526,NA,NA,NA,34.9668
1829,17.8874,104,158,"2026-06-28_GHBLQ",1.75290983031833,223,51,80,65.5,25,18.5,342,339,201,194,65,65,124,121,178.4,42.968293579,-79.253837326,0.423292,NA,NA,NA,34.2288
1830,17.8972,104,158,"2026-06-28_GHBLQ",1.72586379482931,227,56,72.5,74,22,22.5,336,336,203,193,58,62,125,121,178.6,42.968379158,-79.253862807,0.627374,NA,NA,NA,34.7652
1831,17.9068,104,158,"2026-06-28_GHBLQ",1.74264603373763,227,50,77.5,74,24,22.5,342,342,203,195,58,63,125,121,178.8,42.968463145,-79.253886947,0.835707,NA,NA,NA,34.4304
1832,17.9161,103,158,"2026-06-28_GHBLQ",1.75641971405487,274,49,77.5,74,24,22.5,339,342,203,197,58,66,122,124,179,42.968546126,-79.253909243,0.840235,NA,NA,NA,34.1604
1833,17.9255,103,158,"2026-06-28_GHBLQ",1.76497581983127,262,45,76,68,23.5,20,336,329,201,198,58,68,121,124,179.2,42.968629442,-79.253932126,1.053,NA,NA,NA,33.9948
1834,17.935,102,158,"2026-06-28_GHBLQ",1.77910617705665,215,43,74.5,59.5,23.5,17,338,329,200,198,56,68,121,124,179.2,42.968712255,-79.253958026,1.053,NA,NA,NA,33.7248
1835,17.9445,102,158,"2026-06-28_GHBLQ",1.76684688504894,226,52,76,59.5,26,17,338,323,200,204,56,70,121,127,179,42.968795906,-79.253981243,0.842474,NA,NA,NA,33.9588
1836,17.9538,102,158,"2026-06-28_GHBLQ",1.78081703885743,251,52,75,75,23.5,22,338,330,200,218,56,69,121,132,179,42.968879055,-79.253999684,0.842474,NA,NA,NA,33.6924
1837,17.9633,103,158,"2026-06-28_GHBLQ",1.75290983031833,285,49,83,68.5,27,21.5,338,339,198,205,56,66,122,128,178.8,42.968963544,-79.25401695,0.631948,NA,NA,NA,34.2288
1838,17.9728,103,158,"2026-06-28_GHBLQ",1.75125214528388,246,61,72.5,81.5,22,25,335,338,200,200,60,69,125,131,178.8,42.969047531,-79.254039162,0.631948,NA,NA,NA,34.2612
1839,17.9823,104,158,"2026-06-28_GHBLQ",1.73593028503975,232,48,73,76.5,24,25,330,333,200,195,63,65,127,127,178.6,42.969132524,-79.254059698,0.208656,NA,NA,NA,34.5636
1840,17.9921,105,159,"2026-06-28_GHBLQ",1.72908669640696,246,52,73,76.5,24,25,336,340,200,194,59,63,124,124,178.6,42.969218522,-79.254084928,0,NA,NA,NA,34.7004
1841,18.0019,105,159,"2026-06-28_GHBLQ",1.71098107654929,225,57,75.5,76.5,23.5,25,340,340,200,194,59,63,120,124,178.8,42.969304436,-79.254110828,0,NA,NA,NA,35.0676
1842,18.0117,105,159,"2026-06-28_GHBLQ",1.71414858239912,219,59,71.5,75,22.5,20.5,340,343,200,194,59,63,120,122,178.8,42.969389848,-79.254135135,-0.214731,NA,NA,NA,35.0028
1843,18.0214,106,159,"2026-06-28_GHBLQ",1.70276529083231,256,59,83.5,70.5,23.5,22,345,335,200,197,58,69,115,127,178.8,42.969476098,-79.254156509,-0.427497,NA,NA,NA,35.2368
1844,18.0311,107,158,"2026-06-28_GHBLQ",1.71098107654929,266,45,79.5,98.5,25,36.5,335,326,200,204,58,70,115,129,178.6,42.969561928,-79.254177129,-0.633683,NA,NA,NA,35.0676
1845,18.0408,107,158,"2026-06-28_GHBLQ",1.67554706611709,233,52,71.5,70,22.5,24,333,325,200,222,56,72,114,136,178.6,42.969649268,-79.254197832,-0.423157,NA,NA,NA,35.8092
1846,18.0508,107,158,"2026-06-28_GHBLQ",1.6898171617831,223,52,71.5,70,22.5,24,340,335,200,200,55,68,113,127,178.4,42.969737278,-79.254222223,-0.623157,NA,NA,NA,35.5068
1847,18.0607,107,158,"2026-06-28_GHBLQ",1.67875369325813,192,58,66,60,21,18.5,346,340,201,195,56,62,114,121,178.2,42.969825372,-79.254247453,-0.61465,NA,NA,NA,35.7408
1848,18.0708,107,159,"2026-06-28_GHBLQ",1.6898171617831,210,51,66,60,21,18.5,353,345,203,194,59,62,117,121,178,42.969914136,-79.254271174,-0.81267,NA,NA,NA,35.5068
1849,18.0809,107,158,"2026-06-28_GHBLQ",1.69790817712578,189,57,67.5,66.5,21.5,22,353,345,203,194,59,62,117,121,178,42.970002565,-79.254293469,-0.602144,NA,NA,NA,35.3376
1850,18.0909,107,158,"2026-06-28_GHBLQ",1.68027690963471,221,57,77.5,87.5,23.5,27,349,345,201,194,59,62,117,121,177.8,42.970091162,-79.254315933,-0.802144,NA,NA,NA,35.7084
1851,18.1008,99,158,"2026-06-28_GHBLQ",1.68503353216729,174,54,72.5,87.5,21.5,27,345,342,201,197,60,65,118,122,177.8,42.970178585,-79.254339654,-1.00623,NA,NA,NA,35.6076
1852,18.1107,96,158,"2026-06-28_GHBLQ",1.70120104793985,246,52,75,71,23,20.5,350,333,200,186,62,60,121,121,177.6,42.970265338,-79.254362033,-1.20825,NA,NA,NA,35.2692
1853,18.1206,96,158,"2026-06-28_GHBLQ",1.68197261748579,226,53,70,71,23,20.5,350,336,200,183,65,58,127,120,177.6,42.97035209,-79.254383826,-1.20825,NA,NA,NA,35.6724
1854,18.1304,97,158,"2026-06-28_GHBLQ",1.65540987948616,237,45,71,76,21.5,24,346,333,200,190,68,60,131,122,177.4,42.9704401,-79.254401847,-1.20614,NA,NA,NA,36.2448
1855,18.1402,97,158,"2026-06-28_GHBLQ",1.66317400126401,258,57,71,76,21.5,24,340,333,200,191,66,62,131,124,177.4,42.970528613,-79.254418108,-1.20614,NA,NA,NA,36.0756
1856,18.1503,98,158,"2026-06-28_GHBLQ",1.6493485073396,303,53,93,79.5,29.5,25,323,333,203,191,62,62,128,124,177.4,42.970618383,-79.254438728,-1.00614,NA,NA,NA,36.378
1857,18.1607,100,158,"2026-06-28_GHBLQ",1.62095571548985,331,50,80,79.5,24,25,326,333,203,191,62,62,128,124,177.2,42.970711339,-79.254455156,-0.996429,NA,NA,NA,37.0152
1858,18.1712,100,158,"2026-06-28_GHBLQ",1.60056339831621,239,50,73.5,79,25,23,326,330,203,200,62,65,128,128,177.2,42.970804713,-79.254470579,-0.79841,NA,NA,NA,37.4868
1859,18.1815,100,158,"2026-06-28_GHBLQ",1.61938074880166,239,50,73.5,69.5,23,19,336,339,203,201,63,65,129,127,177.2,42.970897249,-79.254483571,-0.79841,NA,NA,NA,37.0512
1860,18.1919,100,159,"2026-06-28_GHBLQ",1.62237580713196,245,56,74.5,69.5,23,19,343,343,201,198,59,63,127,124,177,42.970990037,-79.254493881,-0.790717,NA,NA,NA,36.9828
1861,18.2022,99,158,"2026-06-28_GHBLQ",1.62237580713196,225,47,74,63,23,18,343,346,201,197,62,69,128,128,177,42.97108207,-79.254507543,-0.790717,NA,NA,NA,36.9828
1862,18.2123,99,158,"2026-06-28_GHBLQ",1.65245554894573,253,54,74,63,23,18,340,343,198,197,62,70,128,128,177,42.971172595,-79.254519613,-0.588697,NA,NA,NA,36.3096
1863,18.2225,99,158,"2026-06-28_GHBLQ",1.6433313613357,253,54,71,70.5,22,20.5,339,342,198,195,62,69,128,127,176.8,42.971264125,-79.254530677,-0.784775,NA,NA,NA,36.5112
1864,18.2326,98,158,"2026-06-28_GHBLQ",1.64788082525872,227,56,92,95.5,30.5,28.5,340,342,201,195,62,69,128,127,176.8,42.971354315,-79.254542077,-0.580694,NA,NA,NA,36.4104
1865,18.2425,97,158,"2026-06-28_GHBLQ",1.66466906379012,272,50,78.5,82,24.5,26,340,332,201,200,62,75,128,134,176.8,42.971443749,-79.25455423,-0.580694,NA,NA,NA,36.0432
1866,18.2525,97,158,"2026-06-28_GHBLQ",1.68197261748579,293,49,77.5,75.5,24.5,21.5,340,333,203,201,62,70,127,132,176.6,42.971533184,-79.254563031,-0.780694,NA,NA,NA,35.6724
1867,18.2625,96,158,"2026-06-28_GHBLQ",1.67403240926744,227,49,64.5,65.5,19.5,18.5,339,339,203,198,62,63,125,127,176.6,42.97162329,-79.254571832,-0.588386,NA,NA,NA,35.8416
1868,18.2725,96,158,"2026-06-28_GHBLQ",1.68503353216729,302,55,84,65.5,26,18.5,338,343,200,197,63,66,127,127,176.4,42.971712222,-79.25458516,-0.788386,NA,NA,NA,35.6076
1869,18.2823,96,158,"2026-06-28_GHBLQ",1.69307869429771,317,50,81,79.5,24.5,23,333,347,200,198,66,68,129,128,176.4,42.971799813,-79.254599996,-0.788386,NA,NA,NA,35.4384
1870,18.292,96,158,"2026-06-28_GHBLQ",1.69946636756059,315,50,81,79.5,24.5,23,329,346,201,201,66,63,131,127,176.2,42.97188732,-79.254614412,-0.802264,NA,NA,NA,35.3052
1871,18.302,96,158,"2026-06-28_GHBLQ",1.6898171617831,258,47,80,70,23,19,330,345,198,200,63,62,127,125,176,42.971976922,-79.254626147,-1.00226,NA,NA,NA,35.5068
1872,18.312,104,158,"2026-06-28_GHBLQ",1.6898171617831,218,38,61,70,17,19,343,345,197,200,59,62,120,125,176.2,42.972066357,-79.254640313,-0.802264,NA,NA,NA,35.5068
1873,18.3219,106,158,"2026-06-28_GHBLQ",1.70607704643942,267,54,61,70,17,19,343,346,197,193,59,56,120,118,176.4,42.972154116,-79.254661686,-0.404165,NA,NA,NA,35.1684
1874,18.3318,106,158,"2026-06-28_GHBLQ",1.6946280291476,235,54,65,76.5,18,22,342,329,197,195,56,60,117,120,176.4,42.972242629,-79.254676355,-0.404165,NA,NA,NA,35.406
1875,18.3415,106,158,"2026-06-28_GHBLQ",1.73412409392016,275,54,98,64.5,31.5,18,343,329,198,195,59,60,118,120,176.6,42.972328962,-79.254688425,-0.19798,NA,NA,NA,34.5996
1876,18.3512,105,158,"2026-06-28_GHBLQ",1.73755907700862,275,54,98,64.5,31.5,18,339,329,203,195,59,60,121,120,176.6,42.972415044,-79.254701836,0,NA,NA,NA,34.5312
1877,18.3607,104,158,"2026-06-28_GHBLQ",1.75641971405487,239,54,72.5,69.5,22,21,325,338,203,194,56,66,122,122,176.8,42.972499953,-79.254717258,0.212547,NA,NA,NA,34.1604
1878,18.3702,103,158,"2026-06-28_GHBLQ",1.73593028503975,274,59,72.5,69.5,22,21,325,338,203,195,56,65,122,124,177,42.972585197,-79.254730669,0.623073,NA,NA,NA,34.5636
1879,18.3798,104,157,"2026-06-28_GHBLQ",1.75641971405487,308,50,95.5,70,30,19.5,326,338,205,195,58,65,124,124,177,42.972669351,-79.254745589,0.623073,NA,NA,NA,34.1604
1880,18.3891,104,157,"2026-06-28_GHBLQ",1.72586379482931,295,46,79,91.5,26,27,326,338,205,195,58,65,124,124,177.2,42.972753673,-79.254759168,1.04431,NA,NA,NA,34.7652
1881,18.3985,104,157,"2026-06-28_GHBLQ",1.74611489436005,270,46,78,75.5,24,22,311,330,205,222,58,70,125,134,177.4,42.972838079,-79.254774339,1.45708,NA,NA,NA,34.362
1882,18.4082,104,157,"2026-06-28_GHBLQ",1.72747374239912,281,53,85,74.5,27,21.5,311,332,205,224,58,68,125,131,177.4,42.972924329,-79.254791438,1.25708,NA,NA,NA,34.7328
1883,18.4175,104,157,"2026-06-28_GHBLQ",1.75641971405487,244,51,80,74.5,27,21.5,326,338,203,200,56,65,124,125,177.8,42.973008064,-79.254805771,1.48517,NA,NA,NA,34.1604
1884,18.4272,104,157,"2026-06-28_GHBLQ",1.73593028503975,205,43,76,71.5,24.5,22,332,338,204,198,56,62,125,125,177.8,42.973094398,-79.254821613,1.48517,NA,NA,NA,34.5636
1885,18.4369,104,157,"2026-06-28_GHBLQ",1.73755907700862,282,55,80,64,26,19,335,340,203,197,55,65,124,125,178,42.973180564,-79.254838125,1.48517,NA,NA,NA,34.5312
1886,18.4466,105,157,"2026-06-28_GHBLQ",1.72087420409568,276,50,80,64,26,19,329,340,204,198,58,66,127,125,178,42.973267568,-79.254854219,1.48517,NA,NA,NA,34.866
1887,18.4562,104,157,"2026-06-28_GHBLQ",1.74428745857317,247,49,84.5,78.5,27,24,329,340,204,198,58,66,127,125,178,42.973353063,-79.254870647,1.27464,NA,NA,NA,34.398
1888,18.4659,103,157,"2026-06-28_GHBLQ",1.73755907700862,243,49,79.5,99,25,31,318,339,204,198,60,69,129,129,177.8,42.973439397,-79.254889506,0.857927,NA,NA,NA,34.5312
1889,18.4755,103,157,"2026-06-28_GHBLQ",1.75808720112518,256,49,74,99,24.5,31,319,333,201,214,58,66,127,124,177.8,42.973524222,-79.254909288,0.857927,NA,NA,NA,34.128
1890,18.4849,102,157,"2026-06-28_GHBLQ",1.78081703885743,219,45,70,71,24,21.5,329,333,200,205,56,68,124,125,177.8,42.973607538,-79.254926638,0.642873,NA,NA,NA,33.6924
1891,18.4942,101,157,"2026-06-28_GHBLQ",1.77550513120983,203,52,69,71,22,21.5,336,332,198,197,55,69,122,127,177.8,42.973691441,-79.254945581,0.430108,NA,NA,NA,33.7932
1892,18.5036,101,158,"2026-06-28_GHBLQ",1.80433762765689,0,50,69,71,22,21.5,336,336,198,195,55,68,122,125,177.8,42.973775008,-79.254959412,0.430108,NA,NA,NA,33.2532
1893,18.5127,101,158,"2026-06-28_GHBLQ",1.87034751056746,0,50,69,71,22,21.5,336,336,198,195,55,68,122,125,178,42.973856229,-79.254974331,0.21978,NA,NA,NA,32.0796
1894,18.5215,0,158,"2026-06-28_GHBLQ",1.92678227360308,0,NA,0,0,0,0,0,0,0,0,0,0,0,0,178.4,42.973936192,-79.254985228,0.674326,NA,NA,NA,31.14
1895,18.5301,0,158,"2026-06-28_GHBLQ",1.98696550627881,0,NA,0,0,0,0,0,0,0,0,0,0,0,0,178.6,42.974015485,-79.254996543,0.700698,NA,NA,NA,30.1968
1896,18.5376,0,158,"2026-06-28_GHBLQ",2.43344527181584,0,NA,0,0,0,0,0,0,0,0,0,0,0,0,179.2,42.974084133,-79.255008194,1.5007,NA,NA,NA,24.6564
1897,18.5435,0,158,"2026-06-28_GHBLQ",3.40205484112404,0,NA,0,0,0,0,0,0,0,0,0,0,0,0,179.6,42.974130066,-79.255054127,2.17866,NA,NA,NA,17.6364
1898,18.5478,0,158,"2026-06-28_GHBLQ",4.18340026773762,0,NA,0,0,0,0,0,0,0,0,0,0,0,0,180,42.974135933,-79.25511674,3.31508,NA,NA,NA,14.3424
1899,18.5515,0,158,"2026-06-28_GHBLQ",3.77672029609487,0,NA,0,0,0,0,0,0,0,0,0,0,0,0,180.2,42.974105926,-79.255149429,3.85562,NA,NA,NA,15.8868
1900,18.5563,0,157,"2026-06-28_GHBLQ",3.3447053314603,0,NA,0,0,0,0,0,0,0,0,0,0,0,0,180.2,42.974060161,-79.255146077,3.85562,NA,NA,NA,17.9388
1901,18.5621,54,157,"2026-06-28_GHBLQ",2.76487502764875,399,52,96,92.5,30,26.5,0,343,357,188,0,63,357,121,180.2,42.974009618,-79.255124451,3.85562,NA,NA,NA,21.7008
1902,18.5686,69,158,"2026-06-28_GHBLQ",2.48422517016942,508,52,94,92.5,26.5,26.5,0,343,210,188,80,63,139,121,180,42.973953962,-79.255100647,3.54793,NA,NA,NA,24.1524
1903,18.5755,77,158,"2026-06-28_GHBLQ",2.30170786723749,488,57,94,92.5,26.5,26.5,0,338,210,183,80,60,139,120,179.8,42.973891852,-79.255080111,3.0383,NA,NA,NA,26.0676
1904,18.5833,80,158,"2026-06-28_GHBLQ",2.16001382408847,475,57,95,90,31.5,23.5,0,335,211,167,84,56,143,110,179.6,42.973822869,-79.255065862,2.32734,NA,NA,NA,27.7776
1905,18.5912,86,158,"2026-06-28_GHBLQ",2.08177200433009,384,51,89,93,28,27,357,335,215,167,80,56,141,110,179.6,42.973751287,-79.255050523,2.09478,NA,NA,NA,28.8216
1906,18.5997,89,158,"2026-06-28_GHBLQ",2.06015657189946,339,59,89,93,28,27,350,356,215,158,65,62,127,107,179.4,42.973678113,-79.255031412,1.05949,NA,NA,NA,29.124
1907,18.6082,91,158,"2026-06-28_GHBLQ",1.97378809411022,298,53,89,93,28,27,340,336,208,219,63,68,125,127,179.2,42.973603179,-79.25501029,0.146227,NA,NA,NA,30.3984
1908,18.6168,93,157,"2026-06-28_GHBLQ",1.92477961273434,254,46,80,81,25.5,22.5,339,336,201,219,62,68,125,127,179,42.973527072,-79.254990676,-1.01656,NA,NA,NA,31.1724
1909,18.6258,95,157,"2026-06-28_GHBLQ",1.87034751056746,292,56,80,85,26,25,339,336,201,219,62,68,125,127,178.8,42.973448198,-79.254972655,-1.77933,NA,NA,NA,32.0796
1910,18.6346,97,157,"2026-06-28_GHBLQ",1.85288123031314,260,58,88,71.5,29,20.5,339,336,201,215,62,65,125,127,178.4,42.973369659,-79.2549517,-2.23387,NA,NA,NA,32.382
1911,18.6436,98,157,"2026-06-28_GHBLQ",1.86261361943079,262,58,77.5,67.5,23.5,18,346,339,201,198,63,63,128,127,178.2,42.973290031,-79.254935104,-2.45609,NA,NA,NA,32.2128
1912,18.6529,100,157,"2026-06-28_GHBLQ",1.80433762765689,324,47,90,91,32.5,29,347,343,203,198,63,65,128,124,178,42.973207721,-79.254919598,-2.36346,NA,NA,NA,33.2532
1913,18.662,101,157,"2026-06-28_GHBLQ",1.79346461494315,260,48,79.5,99.5,27,33,333,343,203,210,59,65,124,125,177.8,42.973126333,-79.254900906,-2.29338,NA,NA,NA,33.4548
1914,18.6712,101,158,"2026-06-28_GHBLQ",1.80609738477099,245,58,79,99.5,25.5,33,328,338,200,215,55,65,121,128,177.8,42.973044358,-79.254884477,-2.03697,NA,NA,NA,33.2208
1915,18.6805,101,158,"2026-06-28_GHBLQ",1.78272185973544,316,45,81,64.5,30,19,333,339,204,222,56,65,122,129,177.8,42.972960455,-79.254870982,-2.03697,NA,NA,NA,33.6564
1916,18.69,102,158,"2026-06-28_GHBLQ",1.76161786985167,273,63,81,64.5,30,19,333,339,204,222,56,65,122,129,178,42.972875798,-79.254856314,-1.59115,NA,NA,NA,34.0596
1917,18.6996,103,158,"2026-06-28_GHBLQ",1.74264603373763,282,57,84.5,82.5,31,26,321,328,207,224,56,58,124,127,178,42.972789967,-79.254841897,-1.35586,NA,NA,NA,34.4304
1918,18.7093,105,158,"2026-06-28_GHBLQ",1.72908669640696,291,57,85.5,73,29.5,23.5,322,330,205,214,56,62,124,132,178,42.972703885,-79.25482681,-1.1233,NA,NA,NA,34.7004
1919,18.7191,106,158,"2026-06-28_GHBLQ",1.6946280291476,216,50,76.5,96.5,25,34,318,330,205,215,55,68,124,136,178,42.97261621,-79.254811555,-0.901075,NA,NA,NA,35.406
1920,18.7288,97,158,"2026-06-28_GHBLQ",1.68350168350168,161,53,70.5,96.5,23.5,34,322,325,204,219,55,69,122,135,177.8,42.972528368,-79.254795126,-0.652715,NA,NA,NA,35.64
1921,18.7388,95,158,"2026-06-28_GHBLQ",1.6946280291476,238,73,79.5,66,26,20.5,345,339,201,205,59,69,122,131,177.6,42.97243952,-79.254782973,-0.630493,NA,NA,NA,35.406
1922,18.7488,96,158,"2026-06-28_GHBLQ",1.67723323605381,265,56,81.5,69,26,20.5,346,345,201,198,66,70,129,134,177.6,42.972349917,-79.254770316,-0.415439,NA,NA,NA,35.7732
1923,18.7591,97,158,"2026-06-28_GHBLQ",1.65081880612784,285,49,81.5,69,26,20.5,333,336,200,204,62,68,127,132,177.4,42.972259225,-79.254755396,-0.389834,NA,NA,NA,36.3456
1924,18.7691,98,159,"2026-06-28_GHBLQ",1.64479094707063,224,52,84.5,89,29.5,27,322,336,198,204,65,68,129,132,177.2,42.972168952,-79.254742907,-0.589834,NA,NA,NA,36.4788
1925,18.7791,98,159,"2026-06-28_GHBLQ",1.65081880612784,262,57,78,97,25,35,322,335,198,217,65,65,129,132,177.2,42.972078846,-79.254728155,-0.589834,NA,NA,NA,36.3456
1926,18.7894,99,159,"2026-06-28_GHBLQ",1.64625312788094,372,57,78,64.5,24,19,329,335,197,217,63,65,128,132,177.2,42.971987903,-79.254716253,-0.80036,NA,NA,NA,36.4464
1927,18.7997,100,159,"2026-06-28_GHBLQ",1.60056339831621,345,55,84,64.5,25,19,338,342,201,200,65,63,131,129,177.2,42.971895115,-79.254702255,-0.80036,NA,NA,NA,37.4868
1928,18.8102,101,159,"2026-06-28_GHBLQ",1.58775523165349,339,51,91,83,30,25.5,338,338,200,198,65,65,129,127,177.2,42.971801741,-79.254688341,-0.80036,NA,NA,NA,37.7892
1929,18.8206,101,159,"2026-06-28_GHBLQ",1.60194796872998,255,54,62.5,98,19,35.5,339,336,200,225,63,68,127,134,177.4,42.971708869,-79.254675852,-0.608053,NA,NA,NA,37.4544
1930,18.8309,101,160,"2026-06-28_GHBLQ",1.59337157425112,199,58,62.5,98,19,35.5,343,332,198,235,59,69,125,141,177.2,42.971615411,-79.254663195,-0.596042,NA,NA,NA,37.656
1931,18.8412,101,160,"2026-06-28_GHBLQ",1.61061718850664,225,52,71,61,22,19.5,346,332,195,235,56,69,122,141,177.2,42.971522875,-79.254651963,-0.396042,NA,NA,NA,37.2528
1932,18.8519,101,160,"2026-06-28_GHBLQ",1.59764826175869,223,54,78.5,71,26.5,22.5,346,332,195,235,56,69,122,141,177.2,42.971428327,-79.25463872,-0.396042,NA,NA,NA,37.5552
1933,18.8622,101,160,"2026-06-28_GHBLQ",1.59918121921576,267,55,76,74,24.5,25,338,343,198,214,60,75,128,136,177,42.971335791,-79.254625979,-0.396042,NA,NA,NA,37.5192
1934,18.8725,101,160,"2026-06-28_GHBLQ",1.60348919248284,256,55,72,74,22,25,322,342,197,217,62,73,128,135,177,42.971243087,-79.254613574,-0.196042,NA,NA,NA,37.4184
1935,18.8829,101,161,"2026-06-28_GHBLQ",1.59489633173844,349,51,70.5,71.5,22,23,335,342,197,217,59,73,125,135,177,42.971149293,-79.254600247,-0.196042,NA,NA,NA,37.62
1936,18.8934,102,161,"2026-06-28_GHBLQ",1.58775523165349,349,53,98,78.5,32.5,23.5,336,338,200,225,60,66,128,129,177,42.971055081,-79.254583064,-0.196042,NA,NA,NA,37.7892
1937,18.9041,102,161,"2026-06-28_GHBLQ",1.58488652212502,271,50,98,78.5,32.5,23.5,336,333,200,242,60,69,128,134,177,42.970960114,-79.254569234,-0.196042,NA,NA,NA,37.8576
1938,18.9147,102,161,"2026-06-28_GHBLQ",1.58775523165349,306,46,77,78.5,22.5,23.5,326,333,201,242,60,69,128,134,177,42.970866069,-79.254555069,-0.196042,NA,NA,NA,37.7892
1939,18.925,102,161,"2026-06-28_GHBLQ",1.59764826175869,295,56,74,79.5,22.5,24.5,326,319,201,217,60,63,128,127,177,42.97077261,-79.254541909,-0.38835,NA,NA,NA,37.5552
1940,18.9356,102,161,"2026-06-28_GHBLQ",1.58639507582968,279,51,88,77.5,28.5,23.5,326,316,201,204,59,60,127,122,177,42.970677727,-79.254530258,-0.194175,NA,NA,NA,37.8216
1941,18.9461,101,161,"2026-06-28_GHBLQ",1.59764826175869,295,51,76,97,24,32.5,312,325,201,217,63,69,131,132,177.2,42.970583515,-79.254515422,0,NA,NA,NA,37.5552
1942,18.9568,101,160,"2026-06-28_GHBLQ",1.59489633173844,254,52,76.5,77,23.5,23,325,333,201,201,63,69,131,131,177.2,42.970488967,-79.254497904,0,NA,NA,NA,37.62
1943,18.9671,100,161,"2026-06-28_GHBLQ",1.61938074880166,286,52,88,70,30,21.5,325,339,198,224,62,68,129,132,177.2,42.970396766,-79.254478374,0.190476,NA,NA,NA,37.0512
1944,18.9775,100,161,"2026-06-28_GHBLQ",1.63270637408568,287,45,77,96,24,32.5,305,339,200,238,65,69,132,135,177.4,42.970305487,-79.254455492,0.382784,NA,NA,NA,36.7488
1945,18.9877,99,161,"2026-06-28_GHBLQ",1.64788082525872,226,47,77,96,24,32.5,305,339,200,238,65,69,132,135,177.2,42.970215549,-79.254434034,0.186705,NA,NA,NA,36.4104
1946,18.9978,98,161,"2026-06-28_GHBLQ",1.64479094707063,295,51,80.5,96,25,32.5,323,342,200,208,65,66,129,129,177.2,42.970125695,-79.254409978,0.186705,NA,NA,NA,36.4788
1947,19.0079,97,161,"2026-06-28_GHBLQ",1.66002656042497,321,51,84.5,63.5,26,19.5,332,346,201,217,66,70,131,132,177.6,42.970036763,-79.254383994,0.582745,NA,NA,NA,36.144
1948,19.0179,97,161,"2026-06-28_GHBLQ",1.67403240926744,304,51,85.5,80,26,23.5,329,346,201,217,65,70,129,132,177.8,42.969948669,-79.254359267,0.782745,NA,NA,NA,35.8416
1949,19.028,98,161,"2026-06-28_GHBLQ",1.66466906379012,294,42,84,96.5,26.5,30,328,342,200,226,62,68,127,131,178,42.969859486,-79.254333703,0.980765,NA,NA,NA,36.0432
1950,19.0381,98,161,"2026-06-28_GHBLQ",1.66168162180126,305,54,80,75.5,25.5,21.5,328,340,200,217,62,68,128,132,178,42.969771476,-79.254312329,0.980765,NA,NA,NA,36.108
1951,19.0479,98,161,"2026-06-28_GHBLQ",1.66466906379012,289,54,86.5,94.5,27,30.5,328,332,201,203,66,66,131,129,178,42.969683298,-79.254292212,0.790289,NA,NA,NA,36.0432
1952,19.0578,97,161,"2026-06-28_GHBLQ",1.67554706611709,222,57,75.5,86,24.5,27,316,332,203,203,66,66,132,129,178,42.969595624,-79.254267066,0.790289,NA,NA,NA,35.8092
1953,19.068,97,161,"2026-06-28_GHBLQ",1.66317400126401,261,42,75.5,86,24.5,27,318,316,195,200,59,66,124,131,178,42.969506189,-79.254244519,0.790289,NA,NA,NA,36.0756
1954,19.078,97,161,"2026-06-28_GHBLQ",1.68197261748579,290,52,75.5,86,24.5,27,318,332,195,215,59,75,124,141,178,42.969419352,-79.254221804,0.597981,NA,NA,NA,35.6724
1955,19.0877,96,161,"2026-06-28_GHBLQ",1.67084377610693,333,52,83,71.5,26.5,19.5,335,342,193,203,58,70,122,131,178.2,42.969332097,-79.254199173,1.00024,NA,NA,NA,35.91
1956,19.0974,97,161,"2026-06-28_GHBLQ",1.66783415057207,265,53,75.5,91,22.5,27.5,336,343,198,201,62,66,127,129,178.2,42.969243835,-79.254182493,1.00024,NA,NA,NA,35.9748
1957,19.1075,96,161,"2026-06-28_GHBLQ",1.68350168350168,277,49,94.5,86.5,32,25.5,328,339,200,201,63,70,127,132,178.4,42.969155155,-79.254159778,0.802225,NA,NA,NA,35.64
1958,19.1174,96,162,"2026-06-28_GHBLQ",1.68027690963471,204,56,75,86.5,23.5,25.5,312,338,198,200,65,72,128,134,178.4,42.969066809,-79.254136812,0.602225,NA,NA,NA,35.7084
1959,19.1274,96,162,"2026-06-28_GHBLQ",1.69307869429771,239,53,76,71,22.5,20.5,318,338,197,200,63,72,127,134,178.6,42.968978967,-79.254115438,0.604205,NA,NA,NA,35.4384
1960,19.1373,96,162,"2026-06-28_GHBLQ",1.6946280291476,274,54,76,71,22.5,20.5,339,336,195,197,60,72,124,134,178.4,42.968891376,-79.254091298,0.402185,NA,NA,NA,35.406
1961,19.1472,95,162,"2026-06-28_GHBLQ",1.71591338069254,247,51,78,69.5,23,19.5,339,343,195,194,60,69,124,129,178.4,42.968804204,-79.254068583,0.402185,NA,NA,NA,34.9668
1962,19.157,95,162,"2026-06-28_GHBLQ",1.71098107654929,254,52,77,71,24,19,347,346,198,194,62,66,125,127,178.2,42.968717619,-79.254044443,0.198104,NA,NA,NA,35.0676
1963,19.1668,96,162,"2026-06-28_GHBLQ",1.70120104793985,265,48,84.5,68.5,25.5,19,347,345,198,195,62,66,125,128,178,42.968630615,-79.254018794,0,NA,NA,NA,35.2692
1964,19.1769,96,162,"2026-06-28_GHBLQ",1.68673885908984,244,48,83.5,92.5,26.5,29.5,339,333,198,197,60,68,124,129,177.8,42.96854227,-79.253993649,-0.203998,NA,NA,NA,35.5716
1965,19.1869,96,162,"2026-06-28_GHBLQ",1.67403240926744,208,51,73,67,22,19.5,340,329,198,197,60,66,124,128,177.8,42.96845317,-79.253971856,-0.410183,NA,NA,NA,35.8416
1966,19.197,97,162,"2026-06-28_GHBLQ",1.69946636756059,273,59,77,74.5,22,21,345,329,198,197,65,66,127,128,177.8,42.968365244,-79.253951572,-0.410183,NA,NA,NA,35.3052
1967,19.2069,97,162,"2026-06-28_GHBLQ",1.68827660723933,254,44,77,74.5,22,21,345,333,198,195,65,70,128,131,177.6,42.968278072,-79.253925169,-0.810223,NA,NA,NA,35.5392
1968,19.2168,97,162,"2026-06-28_GHBLQ",1.67875369325813,186,61,76.5,93,25,26.5,343,329,198,195,63,70,127,131,177.6,42.968190817,-79.253898011,-0.810223,NA,NA,NA,35.7408
1969,19.2266,97,162,"2026-06-28_GHBLQ",1.70276529083231,315,47,73,53.5,23.5,15.5,343,315,198,195,63,68,127,131,177.4,42.968104315,-79.253874123,-1.21431,NA,NA,NA,35.2368
1970,19.2366,97,162,"2026-06-28_GHBLQ",1.67403240926744,217,54,75,98,24,30,339,336,195,225,62,68,127,131,177.4,42.968016641,-79.253843696,-1.01228,NA,NA,NA,35.8416
1971,19.2466,97,162,"2026-06-28_GHBLQ",1.68027690963471,267,52,81,98,27,30,339,342,195,221,62,63,127,128,177.6,42.967929134,-79.253818635,-0.812285,NA,NA,NA,35.7084
1972,19.2566,97,162,"2026-06-28_GHBLQ",1.67252048837598,256,52,79,74,25.5,22,329,346,197,207,62,60,125,125,177.6,42.967841124,-79.253792902,-0.608203,NA,NA,NA,35.874
1973,19.2666,97,161,"2026-06-28_GHBLQ",1.65081880612784,302,52,75.5,73,28,21.5,336,346,198,207,62,60,127,125,177.6,42.967752024,-79.253769936,-0.404122,NA,NA,NA,36.3456
1974,19.2767,97,161,"2026-06-28_GHBLQ",1.69153218985757,268,55,75.5,73,28,21.5,336,347,198,208,62,63,127,127,177.6,42.967664601,-79.253746885,-0.206102,NA,NA,NA,35.4708
1975,19.2867,97,161,"2026-06-28_GHBLQ",1.66317400126401,241,44,75.5,73,28,21.5,336,347,198,208,59,63,124,127,177.6,42.967576256,-79.253720482,-0.206102,NA,NA,NA,36.0756
1976,19.2967,97,161,"2026-06-28_GHBLQ",1.64479094707063,241,59,0,0,0,0,338,347,197,208,59,63,124,127,177.6,42.967487743,-79.253693241,-0.206102,NA,NA,NA,36.4788
1977,19.3067,99,161,"2026-06-28_GHBLQ",1.63880694854146,241,40,0,0,0,0,0,0,0,0,0,0,0,0,177.4,42.967397637,-79.253671867,-0.204082,NA,NA,NA,36.612
1978,19.3169,99,161,"2026-06-28_GHBLQ",1.65245554894573,189,51,0,0,0,0,340,330,195,197,56,66,122,131,177.4,42.967307616,-79.253646973,-0.204082,NA,NA,NA,36.3096
1979,19.3272,99,161,"2026-06-28_GHBLQ",1.63430738053213,189,51,0,0,0,0,345,338,200,193,56,66,122,131,177.2,42.967216253,-79.253620989,-0.194175,NA,NA,NA,36.7128
1980,19.3376,99,161,"2026-06-28_GHBLQ",1.64479094707063,228,60,0,0,0,0,345,336,198,191,59,72,124,134,177,42.967125561,-79.253592239,-0.386482,NA,NA,NA,36.4788
1981,19.3479,99,162,"2026-06-28_GHBLQ",1.63880694854146,292,54,77.5,54.5,25.5,16,343,342,198,219,63,68,128,131,177,42.967034617,-79.253565585,-0.586482,NA,NA,NA,36.612
1982,19.3582,99,162,"2026-06-28_GHBLQ",1.63575097327183,243,52,77.5,73,23.5,22.5,339,342,198,219,63,68,129,131,177,42.966943673,-79.253540104,-0.586482,NA,NA,NA,36.6804
1983,19.3685,98,162,"2026-06-28_GHBLQ",1.68027690963471,243,52,77.5,73,23.5,22.5,339,339,198,225,63,66,129,129,176.8,42.966855412,-79.253512108,-0.780657,NA,NA,NA,35.7084
1984,19.3785,98,162,"2026-06-28_GHBLQ",1.66783415057207,283,59,87,73,27,22.5,340,346,198,229,63,72,128,136,176.8,42.966767318,-79.253483275,-0.780657,NA,NA,NA,35.9748
1985,19.3884,98,162,"2026-06-28_GHBLQ",1.70120104793985,253,54,79,74,25,23.5,328,340,201,218,62,68,127,134,176.8,42.966680398,-79.253459889,-0.780657,NA,NA,NA,35.2692
1986,19.3983,98,162,"2026-06-28_GHBLQ",1.68827660723933,279,54,81.5,74,27,23.5,330,336,201,201,60,63,127,128,177,42.966592639,-79.253433654,-0.578637,NA,NA,NA,35.5392
1987,19.4083,98,162,"2026-06-28_GHBLQ",1.66168162180126,266,56,82.5,76,27.5,24.5,330,338,203,205,66,62,132,128,177,42.966503204,-79.253408843,-0.378637,NA,NA,NA,36.108
1988,19.4185,97,162,"2026-06-28_GHBLQ",1.67252048837598,219,56,87,73.5,27.5,20.5,318,336,203,225,66,62,131,131,177,42.966413853,-79.253384284,-0.378637,NA,NA,NA,35.874
1989,19.4288,97,162,"2026-06-28_GHBLQ",1.65853982154112,252,55,74.5,75,23.5,21,325,336,198,225,65,62,129,131,177.2,42.96632358,-79.253358971,0,NA,NA,NA,36.1764
1990,19.439,97,163,"2026-06-28_GHBLQ",1.64171263462044,240,52,74.5,75,23.5,21,325,340,198,214,65,68,129,132,177.2,42.966233307,-79.253333406,0.20202,NA,NA,NA,36.5472
1991,19.4491,97,163,"2026-06-28_GHBLQ",1.66466906379012,240,47,74.5,75,23.5,21,332,343,198,204,65,68,129,131,177.2,42.966144124,-79.25330759,0.20202,NA,NA,NA,36.0432
1992,19.4592,97,163,"2026-06-28_GHBLQ",1.68503353216729,211,56,74,95.5,22.5,29.5,339,343,200,203,65,68,129,131,177.2,42.966055443,-79.253282612,0.20202,NA,NA,NA,35.6076
1993,19.4692,96,163,"2026-06-28_GHBLQ",1.69946636756059,232,56,68,95.5,20.5,29.5,340,345,198,200,60,66,124,131,177.4,42.965967601,-79.253258472,0.596195,NA,NA,NA,35.3052
1994,19.4791,95,162,"2026-06-28_GHBLQ",1.71414858239912,263,49,74,73.5,22.5,21.5,346,346,197,195,62,62,125,127,177.2,42.965881016,-79.25323517,0.394175,NA,NA,NA,35.0028
1995,19.4889,95,162,"2026-06-28_GHBLQ",1.70433241299383,233,55,70.5,73.5,21.5,21.5,346,345,197,195,63,62,127,125,177.4,42.965795185,-79.253208935,0.598256,NA,NA,NA,35.2044
1996,19.4986,95,162,"2026-06-28_GHBLQ",1.70922640412949,264,52,91.5,75,27.5,23,346,345,197,195,63,62,127,125,177.8,42.965709187,-79.253185549,0.808607,NA,NA,NA,35.1036
1997,19.5082,95,162,"2026-06-28_GHBLQ",1.72087420409568,236,56,73.5,75,20.5,23,346,349,197,198,65,62,127,125,177.8,42.96562344,-79.253162415,0.808607,NA,NA,NA,34.866
1998,19.5179,94,162,"2026-06-28_GHBLQ",1.74100769525401,187,54,73.5,75,20.5,23,346,343,198,198,63,63,127,125,177.8,42.965538363,-79.253137605,0.808607,NA,NA,NA,34.4628
1999,19.5275,93,162,"2026-06-28_GHBLQ",1.74776286353468,290,56,71.5,63.5,22,18.5,347,335,198,198,63,69,125,129,177.8,42.965454628,-79.253108268,0.614433,NA,NA,NA,34.3296
2000,19.5372,95,162,"2026-06-28_GHBLQ",1.71909919202338,390,50,83.5,69,24.5,21,346,346,197,205,63,68,125,129,177.8,42.965369468,-79.253079435,0.614433,NA,NA,NA,34.902
2001,19.5472,96,162,"2026-06-28_GHBLQ",1.67875369325813,246,46,85.5,98.5,26.5,30.5,336,342,201,255,62,68,125,129,177.6,42.965282715,-79.25304641,0.414433,NA,NA,NA,35.7408
2002,19.5572,96,162,"2026-06-28_GHBLQ",1.67403240926744,299,46,78.5,93.5,23.5,29.5,338,342,198,255,60,68,124,129,177.4,42.96519546,-79.253016067,0.214433,NA,NA,NA,35.8416
2003,19.5673,96,162,"2026-06-28_GHBLQ",1.68197261748579,297,48,96.5,78,31,22,338,312,198,231,60,66,124,129,177.2,42.965108623,-79.252985725,-0.183587,NA,NA,NA,35.6724
2004,19.5772,96,162,"2026-06-28_GHBLQ",1.68503353216729,237,59,75.5,72,23,21.5,343,325,198,200,60,65,124,127,177,42.965022876,-79.252954796,-0.183587,NA,NA,NA,35.6076
2005,19.5868,95,162,"2026-06-28_GHBLQ",1.70433241299383,238,42,75.5,72,23,21.5,323,318,203,200,63,68,127,131,176.8,42.964939057,-79.25292219,-0.596002,NA,NA,NA,35.2044
2006,19.5967,95,161,"2026-06-28_GHBLQ",1.70120104793985,179,59,80,80.5,24.5,24.5,329,329,198,208,63,70,127,134,176.8,42.964854149,-79.252890087,-1.00837,NA,NA,NA,35.2692
2007,19.6065,95,161,"2026-06-28_GHBLQ",1.69307869429771,267,50,80,80.5,24.5,24.5,339,345,195,225,62,70,125,134,176.6,42.964769156,-79.252858152,-1.21245,NA,NA,NA,35.4384
2008,19.6161,95,161,"2026-06-28_GHBLQ",1.70922640412949,247,55,75,58,24.5,18,340,346,194,207,62,65,127,128,176.8,42.964685086,-79.252826888,-1.00412,NA,NA,NA,35.1036
2009,19.6257,95,161,"2026-06-28_GHBLQ",1.72087420409568,275,55,80.5,64,25,17.5,343,346,195,207,63,65,127,128,177,42.964600931,-79.252798054,-0.795788,NA,NA,NA,34.866
2010,19.6354,96,161,"2026-06-28_GHBLQ",1.71098107654929,280,53,84.5,64,27.5,17.5,336,347,198,201,63,65,127,127,177,42.964516358,-79.252766119,-0.795788,NA,NA,NA,35.0676
2011,19.6455,96,161,"2026-06-28_GHBLQ",1.67875369325813,277,49,77.5,89,22.5,25,336,349,198,205,63,68,127,129,177.2,42.964431114,-79.252727311,-0.397769,NA,NA,NA,35.7408
2012,19.6553,95,161,"2026-06-28_GHBLQ",1.6898171617831,182,44,77.5,89,22.5,25,333,342,197,207,62,68,125,129,177.2,42.964346038,-79.25269613,-0.197769,NA,NA,NA,35.5068
2013,19.6651,95,160,"2026-06-28_GHBLQ",1.68350168350168,161,44,69.5,80.5,21,22.5,343,342,197,197,60,66,124,128,177.2,42.964259536,-79.252668973,0,NA,NA,NA,35.64
2014,19.6748,95,160,"2026-06-28_GHBLQ",1.71414858239912,199,61,74.5,55,25,15.5,350,349,197,193,60,66,124,128,177.2,42.964174376,-79.252643659,0.202272,NA,NA,NA,35.0028
2015,19.6846,95,160,"2026-06-28_GHBLQ",1.70433241299383,249,51,78,55,24.5,15.5,350,350,197,195,60,65,124,128,177.4,42.964087875,-79.252622956,0.614686,NA,NA,NA,35.2044
2016,19.6943,95,160,"2026-06-28_GHBLQ",1.7125633648445,202,51,74.5,68.5,25,19,347,350,198,195,62,65,125,128,177.4,42.964002044,-79.252600744,0.614686,NA,NA,NA,35.0352
2017,19.704,95,160,"2026-06-28_GHBLQ",1.69635284139101,229,54,76.5,57.5,26,16.5,347,349,198,197,60,60,124,124,177.4,42.963914956,-79.252580208,0.818768,NA,NA,NA,35.37
2018,19.7139,95,160,"2026-06-28_GHBLQ",1.68827660723933,207,52,72,65.5,23.5,18.5,347,349,198,195,60,59,124,122,177.4,42.963827114,-79.252559254,0.610435,NA,NA,NA,35.5392
2019,19.7238,95,160,"2026-06-28_GHBLQ",1.68827660723933,207,52,74,63.5,24,18,347,349,198,194,60,59,124,122,177.2,42.96374011,-79.252534192,0.200081,NA,NA,NA,35.5392
2020,19.7337,95,160,"2026-06-28_GHBLQ",1.70607704643942,284,48,78,63.5,24.5,18,346,350,195,195,59,62,122,124,177,42.963654195,-79.25250737,0,NA,NA,NA,35.1684
2021,19.7434,95,160,"2026-06-28_GHBLQ",1.70276529083231,281,54,78,63.5,24.5,18,343,350,198,198,62,65,125,127,177,42.963568197,-79.252484152,-0.199959,NA,NA,NA,35.2368
2022,19.7531,95,160,"2026-06-28_GHBLQ",1.69946636756059,229,41,69,74,19,20.5,342,349,197,207,66,65,129,128,177,42.963481528,-79.252463029,-0.199959,NA,NA,NA,35.3052
2023,19.7629,96,160,"2026-06-28_GHBLQ",1.6946280291476,229,41,74.5,96.5,25.5,30,342,349,197,207,66,65,129,128,176.8,42.96339444,-79.25244132,-0.40404,NA,NA,NA,35.406
2024,19.7727,95,160,"2026-06-28_GHBLQ",1.71414858239912,132,43,74.5,96.5,25.5,30,342,346,197,225,66,66,129,129,176.8,42.963307688,-79.25242179,-0.40404,NA,NA,NA,35.0028
2025,19.7822,94,160,"2026-06-28_GHBLQ",1.67723323605381,194,57,65.5,49.5,22,14.5,342,347,197,205,66,66,129,131,176.8,42.963221605,-79.252405529,-0.608122,NA,NA,NA,35.7732
2026,19.7921,93,160,"2026-06-28_GHBLQ",1.74941394632798,179,52,63.5,69.5,20,18.5,353,350,193,195,59,63,121,125,176.8,42.963135188,-79.252386167,-0.608122,NA,NA,NA,34.2972
2027,19.8016,92,160,"2026-06-28_GHBLQ",1.78443968593862,206,53,75.5,69.5,23.5,18.5,352,352,193,195,58,66,120,125,177,42.963051872,-79.252364877,-0.397596,NA,NA,NA,33.624
2028,19.8108,91,160,"2026-06-28_GHBLQ",1.78980526918671,242,51,75.5,69.5,23.5,18.5,352,352,193,194,60,66,122,125,177,42.962969897,-79.252339815,-0.397596,NA,NA,NA,33.5232
2029,19.8201,91,160,"2026-06-28_GHBLQ",1.79888469149128,212,58,79.5,69.5,23.5,18.5,349,352,193,195,62,66,122,127,177,42.962887754,-79.252316514,-0.195576,NA,NA,NA,33.354
2030,19.8295,90,160,"2026-06-28_GHBLQ",1.81336815000181,160,58,71,72,21,22,347,352,193,195,63,66,124,127,177,42.962805276,-79.252294469,0,NA,NA,NA,33.0876
2031,19.8386,89,160,"2026-06-28_GHBLQ",1.83958793230316,189,43,62,57.5,19.5,18,353,349,193,194,60,65,121,125,177,42.962724475,-79.252273095,0,NA,NA,NA,32.616
2032,19.8476,88,160,"2026-06-28_GHBLQ",1.85680332739156,162,49,65.5,73.5,20,21,353,349,193,194,60,65,121,125,177,42.962644511,-79.252251805,0,NA,NA,NA,32.3136
2033,19.8564,88,160,"2026-06-28_GHBLQ",1.91438854429895,13,49,65.5,73.5,20,21,353,356,194,194,62,62,121,122,177.2,42.962566476,-79.252228671,0.437799,NA,NA,NA,31.3416
2034,19.865,88,160,"2026-06-28_GHBLQ",1.96935680806649,13,49,65.5,73.5,20,21,353,356,194,194,62,62,121,122,177.4,42.96248844,-79.252213668,0.670357,NA,NA,NA,30.4668
2035,19.8733,30,160,"2026-06-28_GHBLQ",2.02069188490139,13,49,0,0,0,0,353,356,194,194,62,62,121,122,177.6,42.962409986,-79.25221174,0.911321,NA,NA,NA,29.6928
2036,19.8814,30,159,"2026-06-28_GHBLQ",2.09643605870021,0,100,36,63.5,11.5,18.5,353,356,194,194,62,62,121,122,177.8,42.962336393,-79.252237808,1.15823,NA,NA,NA,28.62
2037,19.889,30,160,"2026-06-28_GHBLQ",2.1704214958545,0,100,36,63.5,11.5,18.5,0,356,357,194,0,62,357,122,178.2,42.962286688,-79.25230151,1.47402,NA,NA,NA,27.6444
2038,19.8961,0,159,"2026-06-28_GHBLQ",2.22162978761219,0,NA,0,0,0,0,0,0,0,0,0,0,0,0,178.6,42.962270678,-79.252385748,2.0374,NA,NA,NA,27.0072
2039,19.9036,33,159,"2026-06-28_GHBLQ",2.17296827466319,154,NA,84,36,25.5,7,356,0,194,0,62,0,122,0,178.8,42.962269086,-79.25247862,2.30407,NA,NA,NA,27.612
2040,19.9115,74,159,"2026-06-28_GHBLQ",2.13922046806144,216,96,77,85,22,24.5,356,0,194,193,62,63,122,120,178.8,42.962271433,-79.252575347,2.30407,NA,NA,NA,28.0476
2041,19.9193,74,160,"2026-06-28_GHBLQ",2.14693632186869,0,45,77,85,22,24.5,356,0,194,193,62,63,122,120,179,42.962269673,-79.252670817,2.56048,NA,NA,NA,27.9468
2042,19.927,74,160,"2026-06-28_GHBLQ",2.18350146294598,0,45,77,85,22,24.5,356,0,194,193,62,63,122,120,178.8,42.962265733,-79.252765113,2.30074,NA,NA,NA,27.4788
2043,19.9344,0,159,"2026-06-28_GHBLQ",2.21896773620912,0,NA,0,0,0,0,0,0,0,0,0,0,0,0,178.8,42.962265901,-79.252856476,2.07347,NA,NA,NA,27.0396
2044,19.9416,0,159,"2026-06-28_GHBLQ",2.45350606015997,0,NA,0,0,0,0,0,0,0,0,0,0,0,0,179,42.962265901,-79.252939876,2.11869,NA,NA,NA,24.4548
2045,19.9484,0,159,"2026-06-28_GHBLQ",2.31674543601149,0,NA,0,0,0,0,0,0,0,0,0,0,0,0,178.8,42.962267996,-79.253026545,1.58361,NA,NA,NA,25.8984
2046,19.9554,0,159,"2026-06-28_GHBLQ",2.30489097865671,0,NA,0,0,0,0,0,0,0,0,0,0,0,0,178.8,42.962268499,-79.253114052,1.33669,NA,NA,NA,26.0316
2047,19.9624,0,158,"2026-06-28_GHBLQ",2.37857380714524,0,NA,0,0,0,0,0,0,0,0,0,0,0,0,179,42.962272187,-79.253201559,1.09609,NA,NA,NA,25.2252
2048,19.9701,0,158,"2026-06-28_GHBLQ",2.41056792980426,0,NA,0,0,0,0,0,0,0,0,0,0,0,0,179.2,42.962273361,-79.253293844,0.792451,NA,NA,NA,24.8904
2049,19.9771,0,158,"2026-06-28_GHBLQ",2.45712320015726,0,NA,0,0,0,0,0,0,0,0,0,0,0,0,179.2,42.96227445,-79.253379339,0.525785,NA,NA,NA,24.4188
2050,19.9838,0,157,"2026-06-28_GHBLQ",2.51572327044025,0,NA,0,0,0,0,0,0,0,0,0,0,0,0,179.4,42.962275289,-79.25346123,0.824292,NA,NA,NA,23.85
2051,19.9904,0,157,"2026-06-28_GHBLQ",2.56291967809729,0,NA,0,0,0,0,0,0,0,0,0,0,0,0,179.6,42.962278138,-79.253541529,0.870912,NA,NA,NA,23.4108
2052,19.9971,10,157,"2026-06-28_GHBLQ",2.55193181238197,4,25,0,0,0,0,356,0,190,357,62,0,124,357,179.4,42.962280234,-79.253622749,0.832145,NA,NA,NA,23.5116
2053,20.0036,10,156,"2026-06-28_GHBLQ",2.49463653145737,144,25,55,0,10.5,0,353,0,183,357,58,0,121,357,179.4,42.962281072,-79.25370288,0.832145,NA,NA,NA,24.0516
2054,20.0103,65,156,"2026-06-28_GHBLQ",2.46730816679003,144,25,68,65,21,13.5,347,0,177,139,56,42,118,83,179.4,42.96228124,-79.253785777,0.554367,NA,NA,NA,24.318
2055,20.0172,66,156,"2026-06-28_GHBLQ",2.41056792980426,160,45,67,71,20.5,21.5,347,0,177,139,56,42,118,83,179.2,42.96228124,-79.253869848,0.55863,NA,NA,NA,24.8904
2056,20.0241,67,156,"2026-06-28_GHBLQ",2.38469976629942,99,45,52.5,76.5,16.5,22.5,352,0,183,181,62,53,122,108,179.2,42.962280904,-79.253954505,0.55863,NA,NA,NA,25.1604
2057,20.0311,67,155,"2026-06-28_GHBLQ",2.39429200785328,100,40,54.5,58.5,16.5,18,356,1,186,193,60,58,121,115,179.2,42.962281407,-79.254039582,0.272915,NA,NA,NA,25.0596
2058,20.0378,73,155,"2026-06-28_GHBLQ",2.44021473889702,60,41,54.5,58.5,16.5,18,0,3,186,200,58,59,118,120,179,42.962281575,-79.254123065,-0.285332,NA,NA,NA,24.588
2059,20.0446,73,154,"2026-06-28_GHBLQ",2.46038775711052,0,45,47.5,28,14,7,0,4,184,198,53,59,114,120,179,42.962279899,-79.254206633,-0.285332,NA,NA,NA,24.3864
2060,20.0511,73,154,"2026-06-28_GHBLQ",2.56291967809729,0,45,47.5,28,14,7,0,4,184,198,53,59,114,120,179,42.962277803,-79.254288273,-0.58384,NA,NA,NA,23.4108
2061,20.0572,0,154,"2026-06-28_GHBLQ",3.00733790448695,0,NA,0,0,0,0,0,0,0,0,0,0,0,0,179.2,42.962275875,-79.25436086,-0.559001,NA,NA,NA,19.9512
2062,20.0622,0,154,"2026-06-28_GHBLQ",3.63821581896238,0,NA,0,0,0,0,0,0,0,0,0,0,0,0,179.4,42.96227269,-79.254420707,0.139506,NA,NA,NA,16.4916
2063,20.0662,13,154,"2026-06-28_GHBLQ",4.18340026773762,1,NA,0,47.5,0,14,0,0,0,0,0,0,0,0,179.6,42.962275456,-79.254470914,0.639506,NA,NA,NA,14.3424
2064,20.0697,13,153,"2026-06-28_GHBLQ",5.65355042966983,0,0,0,47.5,0,14,0,4,184,198,53,59,114,120,179.6,42.96227554,-79.254512069,0.639506,NA,NA,NA,10.6128
2065,20.073,13,153,"2026-06-28_GHBLQ",4.75104522995059,0,0,0,47.5,0,14,0,4,184,198,53,59,114,120,179.6,42.962274115,-79.254554147,0.929361,NA,NA,NA,12.6288
2066,20.0763,0,153,"2026-06-28_GHBLQ",4.96179418477722,0,NA,0,0,0,0,0,0,0,0,0,0,0,0,179.6,42.962273193,-79.254594296,0.929361,NA,NA,NA,12.0924
2067,20.0797,0,153,"2026-06-28_GHBLQ",4.71342383107089,0,NA,0,0,0,0,0,0,0,0,0,0,0,0,179.4,42.962275791,-79.254637379,0.341126,NA,NA,NA,12.7296
2068,20.0831,0,153,"2026-06-28_GHBLQ",4.96179418477722,0,NA,0,0,0,0,0,0,0,0,0,0,0,0,179.4,42.962283838,-79.254677863,0.639634,NA,NA,NA,12.0924
2069,20.0867,0,153,"2026-06-28_GHBLQ",4.61552663158866,0,NA,0,0,0,0,0,0,0,0,0,0,0,0,179.2,42.962301356,-79.254716839,0.084078,NA,NA,NA,12.9996
2070,20.0906,0,153,"2026-06-28_GHBLQ",4.4996400287977,0,NA,0,0,0,0,0,0,0,0,0,0,0,0,179,42.962327256,-79.254749613,-0.428743,NA,NA,NA,13.3344
2071,20.0942,0,153,"2026-06-28_GHBLQ",4.90773458971339,0,NA,0,0,0,0,0,0,0,0,0,0,0,0,178.8,42.962353995,-79.254771573,-1.31217,NA,NA,NA,12.2256
0,0,83.125,152.25,"2026-06-28_SMSSV",6.9844595774402,NA,NA,NA,NA,NA,NA,NA,NA,NA,NA,NA,NA,NA,NA,174.9,42.964003909,-79.255374588,0,5.7525,216,29,8.5905
1,0.0013,84,153,"2026-06-28_SMSSV",7.56887677868604,NA,NA,NA,NA,NA,NA,NA,NA,NA,NA,NA,NA,NA,NA,175,42.964039344,-79.255383871,7.69231,7.67,288,29,7.9272
2,0.0046,85,152.5,"2026-06-28_SMSSV",5.56483027267668,NA,NA,NA,NA,NA,NA,NA,NA,NA,NA,NA,NA,NA,NA,175,42.9640735,-79.25539284,0,8.595,266,29,10.782
3,0.008,86,152,"2026-06-28_SMSSV",4.39985920450546,NA,NA,NA,NA,NA,NA,NA,NA,NA,NA,NA,NA,NA,NA,175,42.964107656,-79.255401808,0,9.52,244,29,13.6368
4,0.0118,86,152,"2026-06-28_SMSSV",4.39985920450546,NA,NA,NA,NA,NA,NA,NA,NA,NA,NA,NA,NA,NA,NA,174.8,42.964145878,-79.255411196,-5.26316,9.56,243,29,13.6368
5,0.0157,86,153,"2026-06-28_SMSSV",4.24304141208418,NA,NA,NA,NA,NA,NA,NA,NA,NA,NA,NA,NA,NA,NA,174.8,42.964176639,-79.255420332,0,9.65,241,29,14.1408
6,0.0196,87,152,"2026-06-28_SMSSV",4.28338901739056,NA,NA,NA,NA,NA,NA,NA,NA,NA,NA,NA,NA,NA,NA,174.6,42.964213436,-79.255415387,-5.12821,9.69,240,29,14.0076
7,0.0235,87,153,"2026-06-28_SMSSV",4.22261633307998,NA,NA,NA,NA,NA,NA,NA,NA,NA,NA,NA,NA,NA,NA,174.4,42.964244533,-79.255412873,-5.12821,9.49,238,29,14.2092
8,0.0275,87,155,"2026-06-28_SMSSV",4.22261633307998,NA,NA,NA,NA,NA,NA,NA,NA,NA,NA,NA,NA,NA,NA,174.4,42.964280743,-79.255405161,0,9.53,237,29,14.2092
9,0.0315,87,156,"2026-06-28_SMSSV",4.18340026773762,NA,NA,NA,NA,NA,NA,NA,NA,NA,NA,NA,NA,NA,NA,174.2,42.964314606,-79.255397785,-5,9.57,236,29,14.3424
10,0.0355,87,155,"2026-06-28_SMSSV",4.12541254125412,NA,NA,NA,NA,NA,NA,NA,NA,NA,NA,NA,NA,NA,NA,174.2,42.964353665,-79.25539066,-1.28273,9.57,236,29,14.544
11,0.0396,87,156,"2026-06-28_SMSSV",4.12541254125412,NA,NA,NA,NA,NA,NA,NA,NA,NA,NA,NA,NA,NA,NA,174.4,42.964390043,-79.255385883,-1.56415,9.65,234,29,14.544
12,0.0437,87,156,"2026-06-28_SMSSV",4.05910050332846,NA,NA,NA,NA,NA,NA,NA,NA,NA,NA,NA,NA,NA,NA,174.4,42.964429941,-79.255383117,-1.56415,9.73,232,29,14.7816
13,0.0478,87,156,"2026-06-28_SMSSV",4.02284978678896,NA,NA,NA,NA,NA,NA,NA,NA,NA,NA,NA,NA,NA,NA,174.6,42.964464139,-79.255389571,-1.07635,9.69,233,29,14.9148
14,0.052,88,157,"2026-06-28_SMSSV",4.01412973667309,NA,NA,NA,NA,NA,NA,NA,NA,NA,NA,NA,NA,NA,NA,174.8,42.964503953,-79.255391163,-0.0738408,9.73,232,29,14.9472
15,0.0561,88,158,"2026-06-28_SMSSV",4.04138376980278,NA,NA,NA,NA,NA,NA,NA,NA,NA,NA,NA,NA,NA,NA,174.8,42.964540079,-79.255392337,-0.0738408,9.57,229,29,14.8464
16,0.0602,88,159,"2026-06-28_SMSSV",4.02284978678896,NA,NA,NA,NA,NA,NA,NA,NA,NA,NA,NA,NA,NA,NA,174.8,42.964576624,-79.255396947,0.43898,9.53,230,29,14.9148
17,0.0643,88,159,"2026-06-28_SMSSV",4.05022276225192,NA,NA,NA,NA,NA,NA,NA,NA,NA,NA,NA,NA,NA,NA,174.8,42.964617025,-79.255395941,0.9518,9.57,229,29,14.814
18,0.0685,88,159,"2026-06-28_SMSSV",4.05022276225192,NA,NA,NA,NA,NA,NA,NA,NA,NA,NA,NA,NA,NA,NA,174.6,42.964648541,-79.255401473,0.47561,9.53,230,29,14.814
19,0.0725,88,159,"2026-06-28_SMSSV",4.10610166707728,NA,NA,NA,NA,NA,NA,NA,NA,NA,NA,NA,NA,NA,NA,174.6,42.964691456,-79.25539175,0.97561,9.53,230,29,14.6124
20,0.0765,87,159,"2026-06-28_SMSSV",4.13462333581411,NA,NA,NA,NA,NA,NA,NA,NA,NA,NA,NA,NA,NA,NA,174.4,42.964721882,-79.255396612,0.47561,9.45,232,29,14.5116
21,0.0806,87,160,"2026-06-28_SMSSV",4.13462333581411,NA,NA,NA,NA,NA,NA,NA,NA,NA,NA,NA,NA,NA,NA,174.4,42.964763792,-79.255389655,-0.0121951,9.61,235,29,14.5116
22,0.0846,87,160,"2026-06-28_SMSSV",4.13462333581411,NA,NA,NA,NA,NA,NA,NA,NA,NA,NA,NA,NA,NA,NA,174.4,42.964793464,-79.255389906,-0.0121951,9.61,235,29,14.5116
23,0.0887,88,160,"2026-06-28_SMSSV",4.12541254125412,NA,NA,NA,NA,NA,NA,NA,NA,NA,NA,NA,NA,NA,NA,174.4,42.964834116,-79.255383284,-0.5,9.42,233,29,14.544
24,0.0927,88,160,"2026-06-28_SMSSV",4.12541254125412,NA,NA,NA,NA,NA,NA,NA,NA,NA,NA,NA,NA,NA,NA,174.4,42.9648658,-79.255375489,-0.97619,9.46,232,29,14.544
25,0.0966,86,161,"2026-06-28_SMSSV",4.21300977418268,NA,NA,NA,NA,NA,NA,NA,NA,NA,NA,NA,NA,NA,NA,174.6,42.964904943,-79.255370712,-0.46337,9.42,233,29,14.2416
26,0.1006,86,162,"2026-06-28_SMSSV",4.24304141208418,NA,NA,NA,NA,NA,NA,NA,NA,NA,NA,NA,NA,NA,NA,174.4,42.964939476,-79.255365682,-0.96337,9.73,239,29,14.1408
27,0.1045,86,162,"2026-06-28_SMSSV",4.2322668020992,NA,NA,NA,NA,NA,NA,NA,NA,NA,NA,NA,NA,NA,NA,174.4,42.964974261,-79.255366437,-0.96337,9.69,240,29,14.1768
28,0.1085,86,161,"2026-06-28_SMSSV",4.22261633307998,NA,NA,NA,NA,NA,NA,NA,NA,NA,NA,NA,NA,NA,NA,174.4,42.965012818,-79.255357133,-0.487179,9.73,239,29,14.2092
29,0.1125,86,161,"2026-06-28_SMSSV",4.17292605575029,NA,NA,NA,NA,NA,NA,NA,NA,NA,NA,NA,NA,NA,NA,174.4,42.965044334,-79.255360653,-0.487179,9.73,239,29,14.3784
30,0.1165,86,161,"2026-06-28_SMSSV",4.15420405450316,NA,NA,NA,NA,NA,NA,NA,NA,NA,NA,NA,NA,NA,NA,174.4,42.965086076,-79.255355373,0.0128205,9.77,238,29,14.4432
31,0.1205,86,162,"2026-06-28_SMSSV",4.1438753522294,NA,NA,NA,NA,NA,NA,NA,NA,NA,NA,NA,NA,NA,NA,174.4,42.965116754,-79.255357636,0.0128205,9.81,237,29,14.4792
32,0.1245,86,163,"2026-06-28_SMSSV",4.1438753522294,NA,NA,NA,NA,NA,NA,NA,NA,NA,NA,NA,NA,NA,NA,174.4,42.965155897,-79.255350008,0.0128205,9.81,237,29,14.4792
33,0.1285,86,163,"2026-06-28_SMSSV",4.16354400866017,NA,NA,NA,NA,NA,NA,NA,NA,NA,NA,NA,NA,NA,NA,174.4,42.965183809,-79.255349757,0.0128205,9.78,238,29,14.4108
34,0.1325,87,162,"2026-06-28_SMSSV",4.16354400866017,NA,NA,NA,NA,NA,NA,NA,NA,NA,NA,NA,NA,NA,NA,174.4,42.965219516,-79.25535026,0.0128205,9.61,235,29,14.4108
35,0.1365,87,162,"2026-06-28_SMSSV",4.18340026773762,NA,NA,NA,NA,NA,NA,NA,NA,NA,NA,NA,NA,NA,NA,174.2,42.965255809,-79.255350092,-1,9.57,236,29,14.3424
36,0.1404,87,162,"2026-06-28_SMSSV",4.22261633307998,NA,NA,NA,NA,NA,NA,NA,NA,NA,NA,NA,NA,NA,NA,174.2,42.965290343,-79.255351852,-0.5,9.53,237,29,14.2092
37,0.1444,87,162,"2026-06-28_SMSSV",4.20238695579089,NA,NA,NA,NA,NA,NA,NA,NA,NA,NA,NA,NA,NA,NA,174.2,42.965329989,-79.255351517,-0.5,9.57,236,29,14.2776
38,0.1484,88,163,"2026-06-28_SMSSV",4.15420405450316,NA,NA,NA,NA,NA,NA,NA,NA,NA,NA,NA,NA,NA,NA,174.2,42.965362846,-79.255359145,-0.5,9.57,236,29,14.4432
39,0.1525,88,163,"2026-06-28_SMSSV",4.11522633744856,NA,NA,NA,NA,NA,NA,NA,NA,NA,NA,NA,NA,NA,NA,174,42.96540375,-79.255354702,-0.987805,9.46,232,29,14.58
40,0.1565,88,162,"2026-06-28_SMSSV",4.11522633744856,NA,NA,NA,NA,NA,NA,NA,NA,NA,NA,NA,NA,NA,NA,174,42.965434679,-79.255363252,-0.987805,9.46,232,29,14.58
41,0.1606,88,163,"2026-06-28_SMSSV",4.06901041666667,NA,NA,NA,NA,NA,NA,NA,NA,NA,NA,NA,NA,NA,NA,174,42.965480361,-79.25536124,-0.987805,9.49,231,29,14.7456
42,0.1647,88,163,"2026-06-28_SMSSV",4.07797080172906,NA,NA,NA,NA,NA,NA,NA,NA,NA,NA,NA,NA,NA,NA,174,42.96551129,-79.255367862,-0.987805,9.49,231,29,14.7132
43,0.1688,88,163,"2026-06-28_SMSSV",4.12541254125412,NA,NA,NA,NA,NA,NA,NA,NA,NA,NA,NA,NA,NA,NA,174,42.965552194,-79.255368281,-0.987805,9.49,231,29,14.544
44,0.1728,87,163,"2026-06-28_SMSSV",4.12541254125412,NA,NA,NA,NA,NA,NA,NA,NA,NA,NA,NA,NA,NA,NA,174,42.965582117,-79.255375908,-0.987805,9.65,234,29,14.544
45,0.1768,87,163,"2026-06-28_SMSSV",4.13462333581411,NA,NA,NA,NA,NA,NA,NA,NA,NA,NA,NA,NA,NA,NA,173.8,42.965621512,-79.255380602,-0.987805,9.65,234,29,14.5116
46,0.1808,87,162,"2026-06-28_SMSSV",4.17292605575029,NA,NA,NA,NA,NA,NA,NA,NA,NA,NA,NA,NA,NA,NA,173.6,42.965654704,-79.255386218,-1.4878,9.61,235,29,14.3784
47,0.1848,87,162,"2026-06-28_SMSSV",4.22261633307998,NA,NA,NA,NA,NA,NA,NA,NA,NA,NA,NA,NA,NA,NA,173.6,42.965688819,-79.255391415,-1.4878,9.57,236,29,14.2092
48,0.1887,87,163,"2026-06-28_SMSSV",4.25278557455133,NA,NA,NA,NA,NA,NA,NA,NA,NA,NA,NA,NA,NA,NA,173.6,42.96572595,-79.25539569,-1.4878,9.53,237,29,14.1084
49,0.1926,87,163,"2026-06-28_SMSSV",4.30440771349862,NA,NA,NA,NA,NA,NA,NA,NA,NA,NA,NA,NA,NA,NA,173.6,42.965756041,-79.255407843,-1,9.5,238,29,13.9392
50,0.1964,87,162,"2026-06-28_SMSSV",4.30440771349862,NA,NA,NA,NA,NA,NA,NA,NA,NA,NA,NA,NA,NA,NA,173.4,42.965794514,-79.255416309,-1.52632,9.45,239,29,13.9392
51,0.2002,87,162,"2026-06-28_SMSSV",4.3561596096881,NA,NA,NA,NA,NA,NA,NA,NA,NA,NA,NA,NA,NA,NA,173.6,42.965822594,-79.25543257,-1,9.41,240,29,13.7736
52,0.2041,87,163,"2026-06-28_SMSSV",4.3561596096881,NA,NA,NA,NA,NA,NA,NA,NA,NA,NA,NA,NA,NA,NA,173.6,42.965862659,-79.25543609,-1,9.41,240,29,13.7736
53,0.208,87,163,"2026-06-28_SMSSV",4.29331959471063,NA,NA,NA,NA,NA,NA,NA,NA,NA,NA,NA,NA,NA,NA,173.6,42.965889984,-79.255447406,-1,9.41,240,29,13.9752
54,0.2119,87,163,"2026-06-28_SMSSV",4.28338901739056,NA,NA,NA,NA,NA,NA,NA,NA,NA,NA,NA,NA,NA,NA,173.6,42.965931056,-79.255453022,-1,9.45,239,29,14.0076
55,0.2158,88,163,"2026-06-28_SMSSV",4.2322668020992,NA,NA,NA,NA,NA,NA,NA,NA,NA,NA,NA,NA,NA,NA,173.6,42.965958548,-79.255469031,-0.5,9.3,236,29,14.1768
56,0.2197,88,163,"2026-06-28_SMSSV",4.2322668020992,NA,NA,NA,NA,NA,NA,NA,NA,NA,NA,NA,NA,NA,NA,173.6,42.965995764,-79.255480263,0,9.34,235,29,14.1768
57,0.2237,88,163,"2026-06-28_SMSSV",4.24304141208418,NA,NA,NA,NA,NA,NA,NA,NA,NA,NA,NA,NA,NA,NA,173.6,42.966026777,-79.255492165,0,9.34,235,29,14.1408
58,0.2275,87,162,"2026-06-28_SMSSV",4.31443610320131,NA,NA,NA,NA,NA,NA,NA,NA,NA,NA,NA,NA,NA,NA,173.6,42.966058796,-79.255505241,0,9.49,238,29,13.9068
59,0.2314,87,163,"2026-06-28_SMSSV",4.31443610320131,NA,NA,NA,NA,NA,NA,NA,NA,NA,NA,NA,NA,NA,NA,173.8,42.966094251,-79.255515635,0.512821,9.45,239,29,13.9068
60,0.2352,87,165,"2026-06-28_SMSSV",4.34593654932638,NA,NA,NA,NA,NA,NA,NA,NA,NA,NA,NA,NA,NA,NA,173.8,42.966125432,-79.255528291,1.03914,9.41,240,29,13.806
61,0.239,87,165,"2026-06-28_SMSSV",4.41033783187792,NA,NA,NA,NA,NA,NA,NA,NA,NA,NA,NA,NA,NA,NA,174,42.966162312,-79.255535835,1.03914,9.37,241,29,13.6044
62,0.2428,89,164,"2026-06-28_SMSSV",4.31443610320131,NA,NA,NA,NA,NA,NA,NA,NA,NA,NA,NA,NA,NA,NA,174,42.9661919,-79.255554275,1.03914,9.41,240,29,13.9068
63,0.2468,89,164,"2026-06-28_SMSSV",4.24304141208418,NA,NA,NA,NA,NA,NA,NA,NA,NA,NA,NA,NA,NA,NA,174,42.966229284,-79.255565842,1.03914,9.08,235,29,14.1408
64,0.2508,89,164,"2026-06-28_SMSSV",4.18340026773762,NA,NA,NA,NA,NA,NA,NA,NA,NA,NA,NA,NA,NA,NA,174.2,42.966258369,-79.255582774,1.53914,9.16,233,29,14.3424
65,0.2548,89,164,"2026-06-28_SMSSV",4.1438753522294,NA,NA,NA,NA,NA,NA,NA,NA,NA,NA,NA,NA,NA,NA,174.4,42.966297512,-79.255595598,2.03914,9.23,231,29,14.4792
66,0.2588,89,165,"2026-06-28_SMSSV",4.1438753522294,NA,NA,NA,NA,NA,NA,NA,NA,NA,NA,NA,NA,NA,NA,174.4,42.966326598,-79.255611524,2.03914,9.27,230,29,14.4792
67,0.2628,89,164,"2026-06-28_SMSSV",4.18340026773762,NA,NA,NA,NA,NA,NA,NA,NA,NA,NA,NA,NA,NA,NA,174.6,42.966368256,-79.255616218,2.53914,9.27,230,29,14.3424
68,0.2667,89,164,"2026-06-28_SMSSV",4.28338901739056,NA,NA,NA,NA,NA,NA,NA,NA,NA,NA,NA,NA,NA,NA,174.8,42.966396167,-79.255628455,3.05196,9.23,231,29,14.0076
69,0.2706,89,163,"2026-06-28_SMSSV",4.28338901739056,NA,NA,NA,NA,NA,NA,NA,NA,NA,NA,NA,NA,NA,NA,174.8,42.966437155,-79.255639771,2.53914,9.12,234,29,14.0076
70,0.2745,89,163,"2026-06-28_SMSSV",4.29331959471063,NA,NA,NA,NA,NA,NA,NA,NA,NA,NA,NA,NA,NA,NA,174.8,42.966465234,-79.25564941,2.53914,9.12,234,29,13.9752
71,0.2783,88,163,"2026-06-28_SMSSV",4.31443610320131,NA,NA,NA,NA,NA,NA,NA,NA,NA,NA,NA,NA,NA,NA,175,42.966502701,-79.255661312,2.53914,9.26,237,29,13.9068
72,0.2822,88,164,"2026-06-28_SMSSV",4.31443610320131,NA,NA,NA,NA,NA,NA,NA,NA,NA,NA,NA,NA,NA,NA,175,42.966534636,-79.255675394,2.53914,9.26,237,29,13.9068
73,0.286,88,165,"2026-06-28_SMSSV",4.32451133021969,NA,NA,NA,NA,NA,NA,NA,NA,NA,NA,NA,NA,NA,NA,175,42.966566571,-79.255692241,2.53914,9.26,237,29,13.8744
74,0.2899,88,165,"2026-06-28_SMSSV",4.32451133021969,NA,NA,NA,NA,NA,NA,NA,NA,NA,NA,NA,NA,NA,NA,175,42.966603787,-79.25569484,2.03914,9.26,237,29,13.8744
75,0.2937,88,165,"2026-06-28_SMSSV",4.34593654932638,NA,NA,NA,NA,NA,NA,NA,NA,NA,NA,NA,NA,NA,NA,174.8,42.966634549,-79.255702635,1.01282,9.22,238,29,13.806
76,0.2976,87,165,"2026-06-28_SMSSV",4.34593654932638,NA,NA,NA,NA,NA,NA,NA,NA,NA,NA,NA,NA,NA,NA,174.6,42.966678051,-79.255697773,0.5,9.41,240,29,13.806
77,0.3014,86,166,"2026-06-28_SMSSV",4.33576135969476,NA,NA,NA,NA,NA,NA,NA,NA,NA,NA,NA,NA,NA,NA,174.6,42.966706885,-79.255707245,0,9.37,241,29,13.8384
78,0.3053,87,166,"2026-06-28_SMSSV",4.28338901739056,NA,NA,NA,NA,NA,NA,NA,NA,NA,NA,NA,NA,NA,NA,174.6,42.966749632,-79.255702383,-0.512821,9.61,242,29,14.0076
79,0.3092,88,166,"2026-06-28_SMSSV",4.28338901739056,NA,NA,NA,NA,NA,NA,NA,NA,NA,NA,NA,NA,NA,NA,174.8,42.966780226,-79.255704814,0,9.49,238,29,14.0076
80,0.3131,88,166,"2026-06-28_SMSSV",4.28338901739056,NA,NA,NA,NA,NA,NA,NA,NA,NA,NA,NA,NA,NA,NA,174.8,42.966820795,-79.255699115,0,9.3,236,29,14.0076
81,0.317,89,166,"2026-06-28_SMSSV",4.24304141208418,NA,NA,NA,NA,NA,NA,NA,NA,NA,NA,NA,NA,NA,NA,175,42.966850886,-79.255702383,-0.0134953,9.3,236,29,14.1408
82,0.3209,89,165,"2026-06-28_SMSSV",4.26257459505541,NA,NA,NA,NA,NA,NA,NA,NA,NA,NA,NA,NA,NA,NA,175,42.966890281,-79.255701545,-0.0134953,9.16,233,29,14.076
83,0.3248,89,165,"2026-06-28_SMSSV",4.24304141208418,NA,NA,NA,NA,NA,NA,NA,NA,NA,NA,NA,NA,NA,NA,175,42.966919869,-79.255707245,-0.0134953,9.15,233,29,14.1408
84,0.3288,88,165,"2026-06-28_SMSSV",4.21300977418268,NA,NA,NA,NA,NA,NA,NA,NA,NA,NA,NA,NA,NA,NA,175,42.966958677,-79.255710765,-0.0134953,9.16,233,29,14.2416
85,0.3328,89,166,"2026-06-28_SMSSV",4.17292605575029,NA,NA,NA,NA,NA,NA,NA,NA,NA,NA,NA,NA,NA,NA,175,42.966994132,-79.255713448,0.512821,9.38,234,29,14.3784
86,0.3368,88,167,"2026-06-28_SMSSV",4.1438753522294,NA,NA,NA,NA,NA,NA,NA,NA,NA,NA,NA,NA,NA,NA,175,42.967030175,-79.25571789,1.02564,9.42,233,29,14.4792
87,0.3409,88,167,"2026-06-28_SMSSV",4.11522633744856,NA,NA,NA,NA,NA,NA,NA,NA,NA,NA,NA,NA,NA,NA,175,42.967065462,-79.255720991,1.02564,9.42,233,29,14.58
88,0.3449,88,168,"2026-06-28_SMSSV",4.11522633744856,NA,NA,NA,NA,NA,NA,NA,NA,NA,NA,NA,NA,NA,NA,175,42.967096894,-79.255730128,1.02564,9.46,232,29,14.58
89,0.3489,88,167,"2026-06-28_SMSSV",4.1438753522294,NA,NA,NA,NA,NA,NA,NA,NA,NA,NA,NA,NA,NA,NA,175.2,42.967135787,-79.255730882,1.01282,9.42,233,29,14.4792
90,0.3529,88,167,"2026-06-28_SMSSV",4.16354400866017,NA,NA,NA,NA,NA,NA,NA,NA,NA,NA,NA,NA,NA,NA,175.2,42.967164956,-79.255742952,1.01282,9.42,233,29,14.4108
91,0.3569,88,166,"2026-06-28_SMSSV",4.24304141208418,NA,NA,NA,NA,NA,NA,NA,NA,NA,NA,NA,NA,NA,NA,175.4,42.96720653,-79.25574027,1,9.42,233,29,14.1408
92,0.3607,88,166,"2026-06-28_SMSSV",4.33576135969476,NA,NA,NA,NA,NA,NA,NA,NA,NA,NA,NA,NA,NA,NA,175.4,42.967237459,-79.255746808,1,9.34,235,29,13.8384
93,0.3645,88,166,"2026-06-28_SMSSV",4.42086648983201,NA,NA,NA,NA,NA,NA,NA,NA,NA,NA,NA,NA,NA,NA,175.4,42.96727853,-79.255749993,1,9.26,237,29,13.572
94,0.3683,87,166,"2026-06-28_SMSSV",4.41033783187792,NA,NA,NA,NA,NA,NA,NA,NA,NA,NA,NA,NA,NA,NA,175.4,42.967308789,-79.255758794,1,9.33,242,29,13.6044
95,0.372,87,166,"2026-06-28_SMSSV",4.43262411347518,NA,NA,NA,NA,NA,NA,NA,NA,NA,NA,NA,NA,NA,NA,175.4,42.967347178,-79.255767092,1,9.37,241,29,13.536
96,0.3758,87,166,"2026-06-28_SMSSV",4.37790035898783,NA,NA,NA,NA,NA,NA,NA,NA,NA,NA,NA,NA,NA,NA,175.4,42.967377772,-79.255777737,1,9.37,241,29,13.7052
97,0.3797,87,166,"2026-06-28_SMSSV",4.31443610320131,NA,NA,NA,NA,NA,NA,NA,NA,NA,NA,NA,NA,NA,NA,175.6,42.967412892,-79.255788549,1.51282,9.37,241,29,13.9068
98,0.3836,88,165,"2026-06-28_SMSSV",4.26257459505541,NA,NA,NA,NA,NA,NA,NA,NA,NA,NA,NA,NA,NA,NA,175.8,42.967446587,-79.255797937,2.02564,9.3,236,29,14.076
99,0.3875,88,165,"2026-06-28_SMSSV",4.26257459505541,NA,NA,NA,NA,NA,NA,NA,NA,NA,NA,NA,NA,NA,NA,175.8,42.967478523,-79.255810342,1.52564,9.3,236,29,14.076
100,0.3914,88,165,"2026-06-28_SMSSV",4.26257459505541,NA,NA,NA,NA,NA,NA,NA,NA,NA,NA,NA,NA,NA,NA,175.8,42.967512637,-79.255820568,1.52564,9.3,236,29,14.076
101,0.3953,88,165,"2026-06-28_SMSSV",4.28338901739056,NA,NA,NA,NA,NA,NA,NA,NA,NA,NA,NA,NA,NA,NA,175.8,42.967543315,-79.255834734,1.02564,9.3,236,29,14.0076
102,0.3992,88,165,"2026-06-28_SMSSV",4.32451133021969,NA,NA,NA,NA,NA,NA,NA,NA,NA,NA,NA,NA,NA,NA,175.6,42.967576172,-79.255847893,0.512821,9.26,237,29,13.8744
103,0.403,88,165,"2026-06-28_SMSSV",4.34593654932638,NA,NA,NA,NA,NA,NA,NA,NA,NA,NA,NA,NA,NA,NA,175.4,42.967606514,-79.255861304,-0.0134953,9.22,238,29,13.806
104,0.4068,88,165,"2026-06-28_SMSSV",4.34593654932638,NA,NA,NA,NA,NA,NA,NA,NA,NA,NA,NA,NA,NA,NA,175.4,42.967645909,-79.255871363,-0.0134953,9.22,238,29,13.806
105,0.4107,87,164,"2026-06-28_SMSSV",4.34593654932638,NA,NA,NA,NA,NA,NA,NA,NA,NA,NA,NA,NA,NA,NA,175.4,42.967672815,-79.255886869,-0.0134953,9.41,240,29,13.806
106,0.4145,87,164,"2026-06-28_SMSSV",4.3561596096881,NA,NA,NA,NA,NA,NA,NA,NA,NA,NA,NA,NA,NA,NA,175.4,42.96771682,-79.255896508,-0.0134953,9.41,240,29,13.7736
107,0.4183,87,164,"2026-06-28_SMSSV",4.31443610320131,NA,NA,NA,NA,NA,NA,NA,NA,NA,NA,NA,NA,NA,NA,175.4,42.967746073,-79.255910255,-0.526316,9.45,239,29,13.9068
108,0.4223,88,165,"2026-06-28_SMSSV",4.22261633307998,NA,NA,NA,NA,NA,NA,NA,NA,NA,NA,NA,NA,NA,NA,175.4,42.967787228,-79.255917882,-1.03914,9.49,238,29,14.2092
109,0.4262,89,165,"2026-06-28_SMSSV",4.24304141208418,NA,NA,NA,NA,NA,NA,NA,NA,NA,NA,NA,NA,NA,NA,175.4,42.967815894,-79.255927102,-1.03914,9.34,235,29,14.1408
110,0.4302,89,164,"2026-06-28_SMSSV",4.24304141208418,NA,NA,NA,NA,NA,NA,NA,NA,NA,NA,NA,NA,NA,NA,175.4,42.967852523,-79.25593473,-1.03914,9.16,233,29,14.1408
111,0.4342,89,164,"2026-06-28_SMSSV",4.18340026773762,NA,NA,NA,NA,NA,NA,NA,NA,NA,NA,NA,NA,NA,NA,175.4,42.967885212,-79.255944285,-1.03914,9.23,231,29,14.3424
112,0.4381,89,165,"2026-06-28_SMSSV",4.22261633307998,NA,NA,NA,NA,NA,NA,NA,NA,NA,NA,NA,NA,NA,NA,175.4,42.96791698,-79.25595493,-0.526316,9.23,231,28,14.2092
113,0.442,88,165,"2026-06-28_SMSSV",4.27350427350427,NA,NA,NA,NA,NA,NA,NA,NA,NA,NA,NA,NA,NA,NA,175.4,42.967952016,-79.255964066,0,9.34,235,29,14.04
114,0.4459,87,165,"2026-06-28_SMSSV",4.2322668020992,NA,NA,NA,NA,NA,NA,NA,NA,NA,NA,NA,NA,NA,NA,175.4,42.967983113,-79.255978567,0,9.49,238,28,14.1768
115,0.4499,88,165,"2026-06-28_SMSSV",4.2322668020992,NA,NA,NA,NA,NA,NA,NA,NA,NA,NA,NA,NA,NA,NA,175.6,42.968024604,-79.255979573,0.5,9.34,235,28,14.1768
116,0.4538,87,165,"2026-06-28_SMSSV",4.29331959471063,NA,NA,NA,NA,NA,NA,NA,NA,NA,NA,NA,NA,NA,NA,175.6,42.968052264,-79.25598938,0.5,9.53,237,29,13.9752
117,0.4576,87,166,"2026-06-28_SMSSV",4.29331959471063,NA,NA,NA,NA,NA,NA,NA,NA,NA,NA,NA,NA,NA,NA,175.4,42.968097107,-79.255996085,-0.0263158,9.45,239,29,13.9752
118,0.4616,88,166,"2026-06-28_SMSSV",4.24304141208418,NA,NA,NA,NA,NA,NA,NA,NA,NA,NA,NA,NA,NA,NA,175.4,42.968125941,-79.256006898,-0.0263158,9.3,236,29,14.1408
119,0.4655,87,165,"2026-06-28_SMSSV",4.25278557455133,NA,NA,NA,NA,NA,NA,NA,NA,NA,NA,NA,NA,NA,NA,175.4,42.968166342,-79.25601243,-0.0263158,9.53,237,28,14.1084
120,0.4694,87,165,"2026-06-28_SMSSV",4.27350427350427,NA,NA,NA,NA,NA,NA,NA,NA,NA,NA,NA,NA,NA,NA,175.4,42.96819308,-79.256025422,-0.0263158,9.5,238,29,14.04
121,0.4733,88,165,"2026-06-28_SMSSV",4.27350427350427,NA,NA,NA,NA,NA,NA,NA,NA,NA,NA,NA,NA,NA,NA,175.4,42.968231134,-79.256037241,-0.0263158,9.3,236,28,14.04
122,0.4771,87,165,"2026-06-28_SMSSV",4.31443610320131,NA,NA,NA,NA,NA,NA,NA,NA,NA,NA,NA,NA,NA,NA,175.6,42.968259045,-79.256046544,0.5,9.49,238,29,13.9068
123,0.4809,87,165,"2026-06-28_SMSSV",4.41033783187792,NA,NA,NA,NA,NA,NA,NA,NA,NA,NA,NA,NA,NA,NA,175.6,42.968293411,-79.256055932,0.5,9.45,239,28,13.6044
124,0.4847,88,165,"2026-06-28_SMSSV",4.37790035898783,NA,NA,NA,NA,NA,NA,NA,NA,NA,NA,NA,NA,NA,NA,175.6,42.968326939,-79.256066242,0.5,9.18,239,28,13.7052
125,0.4885,88,165,"2026-06-28_SMSSV",4.37790035898783,NA,NA,NA,NA,NA,NA,NA,NA,NA,NA,NA,NA,NA,NA,175.8,42.968363484,-79.256077055,0.526316,9.22,238,28,13.7052
126,0.4923,88,165,"2026-06-28_SMSSV",4.37790035898783,NA,NA,NA,NA,NA,NA,NA,NA,NA,NA,NA,NA,NA,NA,175.8,42.968397766,-79.25608485,0.526316,9.22,238,28,13.7052
127,0.4962,88,165,"2026-06-28_SMSSV",4.3561596096881,NA,NA,NA,NA,NA,NA,NA,NA,NA,NA,NA,NA,NA,NA,176,42.968430707,-79.256095243,1.56545,9.22,238,29,13.7736
128,0.5,89,165,"2026-06-28_SMSSV",4.34593654932638,NA,NA,NA,NA,NA,NA,NA,NA,NA,NA,NA,NA,NA,NA,176,42.968465324,-79.256106559,1.56545,9.08,235,29,13.806
129,0.5038,89,165,"2026-06-28_SMSSV",4.43262411347518,NA,NA,NA,NA,NA,NA,NA,NA,NA,NA,NA,NA,NA,NA,176,42.968495918,-79.256124496,1.56545,9.08,235,28,13.536
130,0.5075,89,165,"2026-06-28_SMSSV",4.41033783187792,NA,NA,NA,NA,NA,NA,NA,NA,NA,NA,NA,NA,NA,NA,176,42.968531625,-79.256130028,1.56545,9,237,28,13.6044
131,0.5113,89,165,"2026-06-28_SMSSV",4.38827453045463,NA,NA,NA,NA,NA,NA,NA,NA,NA,NA,NA,NA,NA,NA,176,42.968561297,-79.256147714,1.56545,9,237,29,13.6728
132,0.5151,89,165,"2026-06-28_SMSSV",4.38827453045463,NA,NA,NA,NA,NA,NA,NA,NA,NA,NA,NA,NA,NA,NA,176,42.968602117,-79.256150396,1.03914,9.04,236,28,13.6728
133,0.5189,88,165,"2026-06-28_SMSSV",4.3675751222921,NA,NA,NA,NA,NA,NA,NA,NA,NA,NA,NA,NA,NA,NA,175.8,42.968630867,-79.256162215,0.512821,9.22,238,28,13.7376
134,0.5228,88,165,"2026-06-28_SMSSV",4.31443610320131,NA,NA,NA,NA,NA,NA,NA,NA,NA,NA,NA,NA,NA,NA,176,42.968670178,-79.256169004,1.02564,9.26,237,28,13.9068
135,0.5267,88,166,"2026-06-28_SMSSV",4.31443610320131,NA,NA,NA,NA,NA,NA,NA,NA,NA,NA,NA,NA,NA,NA,176,42.968699431,-79.256186941,0.499325,9.26,237,28,13.9068
136,0.5305,88,166,"2026-06-28_SMSSV",4.38827453045463,NA,NA,NA,NA,NA,NA,NA,NA,NA,NA,NA,NA,NA,NA,176,42.968736227,-79.256191132,0.499325,9.18,239,28,13.6728
137,0.5343,88,165,"2026-06-28_SMSSV",4.3675751222921,NA,NA,NA,NA,NA,NA,NA,NA,NA,NA,NA,NA,NA,NA,175.8,42.968762965,-79.256200855,-0.539811,9.22,238,29,13.7376
138,0.5381,88,165,"2026-06-28_SMSSV",4.37790035898783,NA,NA,NA,NA,NA,NA,NA,NA,NA,NA,NA,NA,NA,NA,176,42.968802779,-79.256206136,-0.0134953,9.22,238,29,13.7052
139,0.5419,88,165,"2026-06-28_SMSSV",4.41033783187792,NA,NA,NA,NA,NA,NA,NA,NA,NA,NA,NA,NA,NA,NA,175.8,42.968832619,-79.256211333,-0.539811,9.18,239,28,13.6044
140,0.5457,88,165,"2026-06-28_SMSSV",4.39985920450546,NA,NA,NA,NA,NA,NA,NA,NA,NA,NA,NA,NA,NA,NA,175.8,42.968867907,-79.256217535,-0.539811,9.18,239,28,13.6368
141,0.5495,88,165,"2026-06-28_SMSSV",4.34593654932638,NA,NA,NA,NA,NA,NA,NA,NA,NA,NA,NA,NA,NA,NA,175.8,42.968898752,-79.256225582,-0.539811,9.22,238,28,13.806
142,0.5533,88,165,"2026-06-28_SMSSV",4.38827453045463,NA,NA,NA,NA,NA,NA,NA,NA,NA,NA,NA,NA,NA,NA,175.8,42.968933621,-79.256233461,-0.539811,9.18,239,29,13.6728
143,0.557,87,164,"2026-06-28_SMSSV",4.44325957522438,NA,NA,NA,NA,NA,NA,NA,NA,NA,NA,NA,NA,NA,NA,175.8,42.968967316,-79.256240921,-0.0134953,9.33,242,28,13.5036
144,0.5608,87,164,"2026-06-28_SMSSV",4.41033783187792,NA,NA,NA,NA,NA,NA,NA,NA,NA,NA,NA,NA,NA,NA,175.8,42.968999,-79.256255924,-0.526316,9.37,241,28,13.6044
145,0.5646,87,164,"2026-06-28_SMSSV",4.41033783187792,NA,NA,NA,NA,NA,NA,NA,NA,NA,NA,NA,NA,NA,NA,175.8,42.969033952,-79.256263049,-0.526316,9.37,241,28,13.6044
146,0.5684,88,164,"2026-06-28_SMSSV",4.38827453045463,NA,NA,NA,NA,NA,NA,NA,NA,NA,NA,NA,NA,NA,NA,176,42.969064546,-79.256276628,0,9.18,239,28,13.6728
147,0.5722,88,164,"2026-06-28_SMSSV",4.3561596096881,NA,NA,NA,NA,NA,NA,NA,NA,NA,NA,NA,NA,NA,NA,176,42.969102432,-79.256283668,0.526316,9.18,239,28,13.7736
148,0.576,88,165,"2026-06-28_SMSSV",4.41033783187792,NA,NA,NA,NA,NA,NA,NA,NA,NA,NA,NA,NA,NA,NA,176,42.969133194,-79.256297582,0,9.22,238,28,13.6044
149,0.5798,88,165,"2026-06-28_SMSSV",4.38827453045463,NA,NA,NA,NA,NA,NA,NA,NA,NA,NA,NA,NA,NA,NA,176.2,42.969171583,-79.256299678,1.05263,9.18,239,28,13.6728
150,0.5836,88,165,"2026-06-28_SMSSV",4.42086648983201,NA,NA,NA,NA,NA,NA,NA,NA,NA,NA,NA,NA,NA,NA,176.2,42.969196897,-79.256314681,1.05263,9.18,239,28,13.572
151,0.5873,88,165,"2026-06-28_SMSSV",4.43262411347518,NA,NA,NA,NA,NA,NA,NA,NA,NA,NA,NA,NA,NA,NA,176.2,42.969235202,-79.2563208,1.05263,9.18,239,28,13.536
152,0.5911,89,165,"2026-06-28_SMSSV",4.43262411347518,NA,NA,NA,NA,NA,NA,NA,NA,NA,NA,NA,NA,NA,NA,176.2,42.969266047,-79.256333625,1.05263,9,237,28,13.536
153,0.5948,88,165,"2026-06-28_SMSSV",4.45394619632995,NA,NA,NA,NA,NA,NA,NA,NA,NA,NA,NA,NA,NA,NA,176.2,42.96930452,-79.256340582,1.05263,9.14,240,28,13.4712
154,0.5985,89,165,"2026-06-28_SMSSV",4.4996400287977,NA,NA,NA,NA,NA,NA,NA,NA,NA,NA,NA,NA,NA,NA,176.2,42.969331175,-79.256354496,1.05263,8.92,239,28,13.3344
155,0.6023,89,165,"2026-06-28_SMSSV",4.46588067166845,NA,NA,NA,NA,NA,NA,NA,NA,NA,NA,NA,NA,NA,NA,176.2,42.969367636,-79.256361536,1.05263,8.92,239,28,13.4352
156,0.606,89,165,"2026-06-28_SMSSV",4.476676515355,NA,NA,NA,NA,NA,NA,NA,NA,NA,NA,NA,NA,NA,NA,176.2,42.969394961,-79.256373271,0.526316,8.96,238,28,13.4028
157,0.6097,89,165,"2026-06-28_SMSSV",4.476676515355,NA,NA,NA,NA,NA,NA,NA,NA,NA,NA,NA,NA,NA,NA,176.2,42.969435362,-79.256376037,0.526316,8.96,238,28,13.4028
158,0.6135,89,165,"2026-06-28_SMSSV",4.44325957522438,NA,NA,NA,NA,NA,NA,NA,NA,NA,NA,NA,NA,NA,NA,176.4,42.969465537,-79.256382072,1.05263,9,237,28,13.5036
159,0.6172,89,165,"2026-06-28_SMSSV",4.44325957522438,NA,NA,NA,NA,NA,NA,NA,NA,NA,NA,NA,NA,NA,NA,176.6,42.969505099,-79.25638467,1.06686,8.96,238,28,13.5036
160,0.621,89,165,"2026-06-28_SMSSV",4.42086648983201,NA,NA,NA,NA,NA,NA,NA,NA,NA,NA,NA,NA,NA,NA,176.6,42.96953343,-79.256392885,1.06686,9,237,28,13.572
161,0.6248,89,164,"2026-06-28_SMSSV",4.42086648983201,NA,NA,NA,NA,NA,NA,NA,NA,NA,NA,NA,NA,NA,NA,176.6,42.9695714,-79.256390454,1.06686,9,237,28,13.572
162,0.6285,89,163,"2026-06-28_SMSSV",4.39985920450546,NA,NA,NA,NA,NA,NA,NA,NA,NA,NA,NA,NA,NA,NA,176.6,42.969603419,-79.256396489,1.06686,9,237,28,13.6368
163,0.6324,89,163,"2026-06-28_SMSSV",4.34593654932638,NA,NA,NA,NA,NA,NA,NA,NA,NA,NA,NA,NA,NA,NA,176.6,42.969638539,-79.256397243,1.06686,9.08,235,28,13.806
164,0.6362,89,163,"2026-06-28_SMSSV",4.34593654932638,NA,NA,NA,NA,NA,NA,NA,NA,NA,NA,NA,NA,NA,NA,176.6,42.969672067,-79.256396992,1.06686,9.08,235,28,13.806
165,0.6401,89,163,"2026-06-28_SMSSV",4.34593654932638,NA,NA,NA,NA,NA,NA,NA,NA,NA,NA,NA,NA,NA,NA,176.6,42.969705427,-79.256397662,1.06686,9.08,235,28,13.806
166,0.6439,89,163,"2026-06-28_SMSSV",4.34593654932638,NA,NA,NA,NA,NA,NA,NA,NA,NA,NA,NA,NA,NA,NA,176.6,42.96973996,-79.256394477,1.06686,9.08,235,28,13.806
167,0.6477,89,163,"2026-06-28_SMSSV",4.3561596096881,NA,NA,NA,NA,NA,NA,NA,NA,NA,NA,NA,NA,NA,NA,176.8,42.969772314,-79.256397495,1.59317,9.04,236,28,13.7736
168,0.6515,89,163,"2026-06-28_SMSSV",4.38827453045463,NA,NA,NA,NA,NA,NA,NA,NA,NA,NA,NA,NA,NA,NA,176.8,42.969808021,-79.256398417,1.06686,9.04,236,28,13.6728
169,0.6553,89,163,"2026-06-28_SMSSV",4.38827453045463,NA,NA,NA,NA,NA,NA,NA,NA,NA,NA,NA,NA,NA,NA,176.8,42.969840878,-79.256405038,0.526316,9.04,236,28,13.6728
170,0.6591,89,163,"2026-06-28_SMSSV",4.41033783187792,NA,NA,NA,NA,NA,NA,NA,NA,NA,NA,NA,NA,NA,NA,176.8,42.969879183,-79.256399339,0.526316,9,237,28,13.6044
171,0.6629,89,162,"2026-06-28_SMSSV",4.41033783187792,NA,NA,NA,NA,NA,NA,NA,NA,NA,NA,NA,NA,NA,NA,176.8,42.969909777,-79.25640638,0.526316,9,237,28,13.6044
172,0.6666,88,162,"2026-06-28_SMSSV",4.41033783187792,NA,NA,NA,NA,NA,NA,NA,NA,NA,NA,NA,NA,NA,NA,176.8,42.969949172,-79.256399842,0.526316,9,237,28,13.6044
173,0.6705,88,162,"2026-06-28_SMSSV",4.37790035898783,NA,NA,NA,NA,NA,NA,NA,NA,NA,NA,NA,NA,NA,NA,176.8,42.969979012,-79.256405206,0.526316,9.22,238,28,13.7052
174,0.6743,89,162,"2026-06-28_SMSSV",4.37790035898783,NA,NA,NA,NA,NA,NA,NA,NA,NA,NA,NA,NA,NA,NA,176.8,42.970019161,-79.256398501,0.526316,9.04,236,28,13.7052
175,0.678,89,162,"2026-06-28_SMSSV",4.43262411347518,NA,NA,NA,NA,NA,NA,NA,NA,NA,NA,NA,NA,NA,NA,176.8,42.970048163,-79.256403949,0.526316,9,237,28,13.536
176,0.6818,89,163,"2026-06-28_SMSSV",4.42086648983201,NA,NA,NA,NA,NA,NA,NA,NA,NA,NA,NA,NA,NA,NA,176.8,42.9700863,-79.256402189,0.526316,9,237,28,13.572
177,0.6856,89,163,"2026-06-28_SMSSV",4.42086648983201,NA,NA,NA,NA,NA,NA,NA,NA,NA,NA,NA,NA,NA,NA,177,42.970112368,-79.2564099,0.526316,9,237,28,13.572
178,0.6893,89,163,"2026-06-28_SMSSV",4.48752468138575,NA,NA,NA,NA,NA,NA,NA,NA,NA,NA,NA,NA,NA,NA,177,42.97014774,-79.256407888,0.526316,8.92,239,28,13.3704
179,0.693,89,162,"2026-06-28_SMSSV",4.46588067166845,NA,NA,NA,NA,NA,NA,NA,NA,NA,NA,NA,NA,NA,NA,177,42.970178501,-79.2564099,0.526316,8.91,239,28,13.4352
180,0.6967,88,162,"2026-06-28_SMSSV",4.54504135987638,NA,NA,NA,NA,NA,NA,NA,NA,NA,NA,NA,NA,NA,NA,177.2,42.970217561,-79.256405374,1.06686,9.14,240,28,13.2012
181,0.7003,88,161,"2026-06-28_SMSSV",4.5687134502924,NA,NA,NA,NA,NA,NA,NA,NA,NA,NA,NA,NA,NA,NA,177.2,42.970247987,-79.256410906,1.06686,9.05,242,28,13.1328
182,0.704,88,162,"2026-06-28_SMSSV",4.54504135987638,NA,NA,NA,NA,NA,NA,NA,NA,NA,NA,NA,NA,NA,NA,177.4,42.970283694,-79.256411409,1.6074,9.05,242,28,13.2012
183,0.7077,88,163,"2026-06-28_SMSSV",4.54504135987638,NA,NA,NA,NA,NA,NA,NA,NA,NA,NA,NA,NA,NA,NA,177.4,42.970316886,-79.256411073,1.6074,9.06,242,28,13.2012
184,0.7114,88,163,"2026-06-28_SMSSV",4.510599909788,NA,NA,NA,NA,NA,NA,NA,NA,NA,NA,NA,NA,NA,NA,177.4,42.970353012,-79.256408726,1.6074,9.1,241,28,13.302
185,0.7151,89,163,"2026-06-28_SMSSV",4.39985920450546,NA,NA,NA,NA,NA,NA,NA,NA,NA,NA,NA,NA,NA,NA,177.4,42.970387714,-79.256414007,1.6074,8.92,239,28,13.6368
186,0.719,89,163,"2026-06-28_SMSSV",4.3561596096881,NA,NA,NA,NA,NA,NA,NA,NA,NA,NA,NA,NA,NA,NA,177.2,42.970422079,-79.256418198,1.09458,9,237,28,13.7736
187,0.7228,89,163,"2026-06-28_SMSSV",4.3561596096881,NA,NA,NA,NA,NA,NA,NA,NA,NA,NA,NA,NA,NA,NA,177.2,42.97045611,-79.256414929,0.568261,9.04,236,28,13.7736
188,0.7266,89,163,"2026-06-28_SMSSV",4.3561596096881,NA,NA,NA,NA,NA,NA,NA,NA,NA,NA,NA,NA,NA,NA,177,42.970486955,-79.25642306,0.0419448,9.04,236,28,13.7736
189,0.7304,88,163,"2026-06-28_SMSSV",4.38827453045463,NA,NA,NA,NA,NA,NA,NA,NA,NA,NA,NA,NA,NA,NA,177,42.970525596,-79.256415432,0.0419448,9.22,238,28,13.6728
190,0.7342,88,162,"2026-06-28_SMSSV",4.43262411347518,NA,NA,NA,NA,NA,NA,NA,NA,NA,NA,NA,NA,NA,NA,177,42.970555016,-79.256425155,-0.498596,9.14,240,28,13.536
191,0.7379,88,162,"2026-06-28_SMSSV",4.43262411347518,NA,NA,NA,NA,NA,NA,NA,NA,NA,NA,NA,NA,NA,NA,176.8,42.970596339,-79.256418952,-1.03914,9.14,240,28,13.536
192,0.7417,88,162,"2026-06-28_SMSSV",4.46588067166845,NA,NA,NA,NA,NA,NA,NA,NA,NA,NA,NA,NA,NA,NA,176.8,42.970623748,-79.256424065,-1.57968,9.14,240,28,13.4352
193,0.7454,88,163,"2026-06-28_SMSSV",4.4996400287977,NA,NA,NA,NA,NA,NA,NA,NA,NA,NA,NA,NA,NA,NA,176.6,42.970662053,-79.256417444,-2.12022,9.14,240,28,13.3344
194,0.7491,88,164,"2026-06-28_SMSSV",4.476676515355,NA,NA,NA,NA,NA,NA,NA,NA,NA,NA,NA,NA,NA,NA,176.6,42.970688289,-79.256426245,-2.12022,9.1,241,28,13.4028
195,0.7528,88,163,"2026-06-28_SMSSV",4.476676515355,NA,NA,NA,NA,NA,NA,NA,NA,NA,NA,NA,NA,NA,NA,176.6,42.970727264,-79.256425826,-2.12022,9.1,241,28,13.4028
196,0.7565,88,164,"2026-06-28_SMSSV",4.4996400287977,NA,NA,NA,NA,NA,NA,NA,NA,NA,NA,NA,NA,NA,NA,176.6,42.97075635,-79.256429933,-1.6074,9.1,241,28,13.3344
197,0.7602,88,164,"2026-06-28_SMSSV",4.510599909788,NA,NA,NA,NA,NA,NA,NA,NA,NA,NA,NA,NA,NA,NA,176.8,42.970793314,-79.256429262,-1.06686,9.1,241,28,13.302
198,0.7639,87,164,"2026-06-28_SMSSV",4.54504135987638,NA,NA,NA,NA,NA,NA,NA,NA,NA,NA,NA,NA,NA,NA,176.8,42.970823908,-79.256434124,-0.540541,9.25,244,28,13.2012
199,0.7675,87,165,"2026-06-28_SMSSV",4.54504135987638,NA,NA,NA,NA,NA,NA,NA,NA,NA,NA,NA,NA,NA,NA,176.8,42.970857519,-79.256445858,-0.540541,9.24,244,28,13.2012
200,0.7712,87,166,"2026-06-28_SMSSV",4.54504135987638,NA,NA,NA,NA,NA,NA,NA,NA,NA,NA,NA,NA,NA,NA,176.8,42.97089222,-79.256456755,-0.540541,9.24,244,28,13.2012
201,0.7749,87,167,"2026-06-28_SMSSV",4.58001282403591,NA,NA,NA,NA,NA,NA,NA,NA,NA,NA,NA,NA,NA,NA,176.8,42.970922144,-79.256474105,0,9.2,245,28,13.1004
202,0.7785,87,169,"2026-06-28_SMSSV",4.53391367428364,NA,NA,NA,NA,NA,NA,NA,NA,NA,NA,NA,NA,NA,NA,176.8,42.970956677,-79.256482571,0,9.24,244,28,13.2336
203,0.7822,87,169,"2026-06-28_SMSSV",4.52161331162959,NA,NA,NA,NA,NA,NA,NA,NA,NA,NA,NA,NA,NA,NA,176.8,42.97098132,-79.256500173,0.540541,9.24,244,28,13.2696
204,0.7859,87,169,"2026-06-28_SMSSV",4.4996400287977,NA,NA,NA,NA,NA,NA,NA,NA,NA,NA,NA,NA,NA,NA,177,42.971017111,-79.256509812,1.08108,9.28,243,28,13.3344
205,0.7896,87,169,"2026-06-28_SMSSV",4.5687134502924,NA,NA,NA,NA,NA,NA,NA,NA,NA,NA,NA,NA,NA,NA,177.2,42.97103706,-79.256523475,1.62162,9.2,245,28,13.1328
206,0.7932,87,169,"2026-06-28_SMSSV",4.63994060876021,NA,NA,NA,NA,NA,NA,NA,NA,NA,NA,NA,NA,NA,NA,177.6,42.971070336,-79.256533533,2.73273,9.15,246,28,12.9312
207,0.7966,87,167,"2026-06-28_SMSSV",4.78927203065134,NA,NA,NA,NA,NA,NA,NA,NA,NA,NA,NA,NA,NA,NA,177.8,42.971086848,-79.25654904,2.78043,9.02,249,28,12.528
208,0.8,87,166,"2026-06-28_SMSSV",5.01705799719045,NA,NA,NA,NA,NA,NA,NA,NA,NA,NA,NA,NA,NA,NA,178.2,42.971108473,-79.256562283,3.9569,8.83,253,28,11.9592
209,0.8031,86,167,"2026-06-28_SMSSV",5.26925914216461,NA,NA,NA,NA,NA,NA,NA,NA,NA,NA,NA,NA,NA,NA,178.4,42.971137894,-79.25657033,4.60206,8.81,259,28,11.3868
210,0.8062,86,167,"2026-06-28_SMSSV",5.49692172383465,NA,NA,NA,NA,NA,NA,NA,NA,NA,NA,NA,NA,NA,NA,178.8,42.971157005,-79.256586926,5.89238,8.61,263,28,10.9152
211,0.8091,85,168,"2026-06-28_SMSSV",5.67086310536464,NA,NA,NA,NA,NA,NA,NA,NA,NA,NA,NA,NA,NA,NA,179,42.971191203,-79.256590446,6.58204,8.64,268,28,10.5804
212,0.812,84,168,"2026-06-28_SMSSV",5.78101514625968,NA,NA,NA,NA,NA,NA,NA,NA,NA,NA,NA,NA,NA,NA,179.2,42.971212996,-79.256594972,7.27169,8.71,272,28,10.3788
213,0.8149,84,168,"2026-06-28_SMSSV",5.67086310536464,NA,NA,NA,NA,NA,NA,NA,NA,NA,NA,NA,NA,NA,NA,179.6,42.971245853,-79.256595727,8.651,8.82,270,28,10.5804
214,0.818,84,167,"2026-06-28_SMSSV",5.3642313056539,NA,NA,NA,NA,NA,NA,NA,NA,NA,NA,NA,NA,NA,NA,179.6,42.971276363,-79.256596816,8.11046,8.87,269,28,11.1852
215,0.8212,84,166,"2026-06-28_SMSSV",5.20833333333333,NA,NA,NA,NA,NA,NA,NA,NA,NA,NA,NA,NA,NA,NA,179.6,42.971303101,-79.256601175,7.56992,9.05,266,28,11.52
216,0.8245,85,166,"2026-06-28_SMSSV",5.10308226168606,NA,NA,NA,NA,NA,NA,NA,NA,NA,NA,NA,NA,NA,NA,179.8,42.971339395,-79.256593715,7.06487,9.11,259,28,11.7576
217,0.8278,85,167,"2026-06-28_SMSSV",5.0035024517162,NA,NA,NA,NA,NA,NA,NA,NA,NA,NA,NA,NA,NA,NA,179.8,42.971365546,-79.256599834,6.47664,9.11,259,28,11.9916
218,0.8312,85,167,"2026-06-28_SMSSV",4.88042947779405,NA,NA,NA,NA,NA,NA,NA,NA,NA,NA,NA,NA,NA,NA,179.8,42.971404103,-79.256592374,5.30017,9.17,258,28,12.294
219,0.8347,86,166,"2026-06-28_SMSSV",4.86760124610592,NA,NA,NA,NA,NA,NA,NA,NA,NA,NA,NA,NA,NA,NA,179.8,42.971432266,-79.256595727,4.655,9.11,253,28,12.3264
220,0.8381,86,167,"2026-06-28_SMSSV",4.86760124610592,NA,NA,NA,NA,NA,NA,NA,NA,NA,NA,NA,NA,NA,NA,179.8,42.971467219,-79.25659229,3.36468,9.12,253,28,12.3264
221,0.8416,86,166,"2026-06-28_SMSSV",4.73754026909229,NA,NA,NA,NA,NA,NA,NA,NA,NA,NA,NA,NA,NA,NA,179.8,42.971498399,-79.256593547,2.67503,9.16,252,28,12.6648
222,0.8452,87,165,"2026-06-28_SMSSV",4.67639356528245,NA,NA,NA,NA,NA,NA,NA,NA,NA,NA,NA,NA,NA,NA,179.8,42.971533687,-79.256596984,1.98537,9.06,248,28,12.8304
223,0.8487,87,165,"2026-06-28_SMSSV",4.67639356528245,NA,NA,NA,NA,NA,NA,NA,NA,NA,NA,NA,NA,NA,NA,179.8,42.971566544,-79.256597235,0.606061,9.11,247,28,12.8304
224,0.8523,87,165,"2026-06-28_SMSSV",4.63994060876021,NA,NA,NA,NA,NA,NA,NA,NA,NA,NA,NA,NA,NA,NA,179.8,42.971593618,-79.256606288,0.606061,9.11,247,28,12.9312
225,0.8559,87,166,"2026-06-28_SMSSV",4.65159549725556,NA,NA,NA,NA,NA,NA,NA,NA,NA,NA,NA,NA,NA,NA,180,42.971629912,-79.256606036,1.16162,9.15,246,28,12.8988
226,0.8595,87,167,"2026-06-28_SMSSV",4.65159549725556,NA,NA,NA,NA,NA,NA,NA,NA,NA,NA,NA,NA,NA,NA,180,42.971655141,-79.256618274,0.555556,9.15,246,28,12.8988
227,0.863,87,167,"2026-06-28_SMSSV",4.6882325363338,NA,NA,NA,NA,NA,NA,NA,NA,NA,NA,NA,NA,NA,NA,180,42.97169462,-79.256622046,0.555556,9.11,247,28,12.798
228,0.8666,86,166,"2026-06-28_SMSSV",4.73754026909229,NA,NA,NA,NA,NA,NA,NA,NA,NA,NA,NA,NA,NA,NA,180,42.971721861,-79.256632272,0.555556,9.21,251,28,12.6648
229,0.8701,87,165,"2026-06-28_SMSSV",4.73754026909229,NA,NA,NA,NA,NA,NA,NA,NA,NA,NA,NA,NA,NA,NA,180.2,42.971757316,-79.256639061,1.12698,9.06,248,28,12.6648
230,0.8736,87,165,"2026-06-28_SMSSV",4.67639356528245,NA,NA,NA,NA,NA,NA,NA,NA,NA,NA,NA,NA,NA,NA,180,42.971791598,-79.256644928,0.555556,9.11,247,28,12.8304
231,0.8772,86,165,"2026-06-28_SMSSV",4.67639356528245,NA,NA,NA,NA,NA,NA,NA,NA,NA,NA,NA,NA,NA,NA,180,42.971823114,-79.256657082,0.555556,9.3,249,28,12.8304
232,0.8808,86,165,"2026-06-28_SMSSV",4.59136822773186,NA,NA,NA,NA,NA,NA,NA,NA,NA,NA,NA,NA,NA,NA,180.2,42.971859576,-79.25666471,1.11111,9.35,248,28,13.068
233,0.8845,86,165,"2026-06-28_SMSSV",4.4996400287977,NA,NA,NA,NA,NA,NA,NA,NA,NA,NA,NA,NA,NA,NA,180.2,42.971885057,-79.256679462,1.11111,9.44,246,28,13.3344
234,0.8883,86,164,"2026-06-28_SMSSV",4.4996400287977,NA,NA,NA,NA,NA,NA,NA,NA,NA,NA,NA,NA,NA,NA,180,42.97192353,-79.256681809,0.584795,9.44,246,28,13.3344
235,0.8919,86,166,"2026-06-28_SMSSV",4.52161331162959,NA,NA,NA,NA,NA,NA,NA,NA,NA,NA,NA,NA,NA,NA,180,42.971950184,-79.256693627,0.0292398,9.44,246,28,13.2696
236,0.8956,86,165,"2026-06-28_SMSSV",4.53391367428364,NA,NA,NA,NA,NA,NA,NA,NA,NA,NA,NA,NA,NA,NA,180,42.971986059,-79.256701674,0.0292398,9.43,246,28,13.2336
237,0.8993,86,166,"2026-06-28_SMSSV",4.5687134502924,NA,NA,NA,NA,NA,NA,NA,NA,NA,NA,NA,NA,NA,NA,179.8,42.972014306,-79.256710894,-0.511301,9.39,247,28,13.1328
238,0.9028,86,166,"2026-06-28_SMSSV",4.63994060876021,NA,NA,NA,NA,NA,NA,NA,NA,NA,NA,NA,NA,NA,NA,179.8,42.972045989,-79.256716091,-0.511301,9.31,249,28,12.9312
239,0.9064,87,166,"2026-06-28_SMSSV",4.67639356528245,NA,NA,NA,NA,NA,NA,NA,NA,NA,NA,NA,NA,NA,NA,179.8,42.972080606,-79.256715253,-1.08273,9.11,247,28,12.8304
240,0.91,87,166,"2026-06-28_SMSSV",4.67639356528245,NA,NA,NA,NA,NA,NA,NA,NA,NA,NA,NA,NA,NA,NA,179.8,42.972107931,-79.256722545,-0.511301,9.11,247,28,12.8304
241,0.9135,87,166,"2026-06-28_SMSSV",4.6633090841261,NA,NA,NA,NA,NA,NA,NA,NA,NA,NA,NA,NA,NA,NA,180,42.972145902,-79.2567176,0.0601278,9.11,247,28,12.8664
242,0.9172,87,165,"2026-06-28_SMSSV",4.62705904127337,NA,NA,NA,NA,NA,NA,NA,NA,NA,NA,NA,NA,NA,NA,179.8,42.972171802,-79.256723886,-1.03597,9.16,246,28,12.9672
243,0.9208,87,166,"2026-06-28_SMSSV",4.60405156537753,NA,NA,NA,NA,NA,NA,NA,NA,NA,NA,NA,NA,NA,NA,179.8,42.972212119,-79.256727909,-1.03597,9.19,245,28,13.032
244,0.9244,87,166,"2026-06-28_SMSSV",4.55622380171314,NA,NA,NA,NA,NA,NA,NA,NA,NA,NA,NA,NA,NA,NA,179.8,42.972239192,-79.256737716,-0.509653,9.24,244,28,13.1688
245,0.9281,87,165,"2026-06-28_SMSSV",4.510599909788,NA,NA,NA,NA,NA,NA,NA,NA,NA,NA,NA,NA,NA,NA,179.6,42.972277581,-79.256744086,-1.05019,9.25,244,28,13.302
246,0.9318,87,166,"2026-06-28_SMSSV",4.476676515355,NA,NA,NA,NA,NA,NA,NA,NA,NA,NA,NA,NA,NA,NA,179.6,42.972307169,-79.256753726,-1.05019,9.29,243,28,13.4028
247,0.9356,87,166,"2026-06-28_SMSSV",4.476676515355,NA,NA,NA,NA,NA,NA,NA,NA,NA,NA,NA,NA,NA,NA,179.6,42.972341619,-79.256764538,-0.509653,9.29,243,28,13.4028
248,0.9393,86,167,"2026-06-28_SMSSV",4.45394619632995,NA,NA,NA,NA,NA,NA,NA,NA,NA,NA,NA,NA,NA,NA,179.6,42.972374727,-79.256774597,-0.509653,9.48,245,28,13.4712
249,0.9431,87,167,"2026-06-28_SMSSV",4.46588067166845,NA,NA,NA,NA,NA,NA,NA,NA,NA,NA,NA,NA,NA,NA,179.4,42.972406327,-79.256789516,-1.03597,9.48,245,28,13.4352
250,0.9468,87,166,"2026-06-28_SMSSV",4.42086648983201,NA,NA,NA,NA,NA,NA,NA,NA,NA,NA,NA,NA,NA,NA,179.4,42.972444046,-79.256787169,-1.03597,9.29,243,28,13.572
251,0.9506,87,166,"2026-06-28_SMSSV",4.43262411347518,NA,NA,NA,NA,NA,NA,NA,NA,NA,NA,NA,NA,NA,NA,179.4,42.97247355,-79.256793707,-1.6074,9.33,242,28,13.536
252,0.9544,87,165,"2026-06-28_SMSSV",4.39985920450546,NA,NA,NA,NA,NA,NA,NA,NA,NA,NA,NA,NA,NA,NA,179.2,42.972513197,-79.256796054,-1.59317,9.33,242,28,13.6368
253,0.9582,88,167,"2026-06-28_SMSSV",4.37790035898783,NA,NA,NA,NA,NA,NA,NA,NA,NA,NA,NA,NA,NA,NA,179.2,42.972540102,-79.256809214,-1.59317,9.37,241,28,13.7052
254,0.9619,87,168,"2026-06-28_SMSSV",4.43262411347518,NA,NA,NA,NA,NA,NA,NA,NA,NA,NA,NA,NA,NA,NA,179.4,42.972575474,-79.256813405,-1.05263,9.22,238,28,13.536
255,0.9657,87,168,"2026-06-28_SMSSV",4.43262411347518,NA,NA,NA,NA,NA,NA,NA,NA,NA,NA,NA,NA,NA,NA,179.4,42.972600284,-79.256824134,-0.512091,9.33,242,28,13.536
256,0.9694,88,169,"2026-06-28_SMSSV",4.4996400287977,NA,NA,NA,NA,NA,NA,NA,NA,NA,NA,NA,NA,NA,NA,179.4,42.97263465,-79.256832348,-0.512091,9.1,241,28,13.3344
257,0.973,87,169,"2026-06-28_SMSSV",4.59136822773186,NA,NA,NA,NA,NA,NA,NA,NA,NA,NA,NA,NA,NA,NA,179.6,42.972668262,-79.256837628,0.0434645,9.1,241,28,13.068
258,0.9767,87,169,"2026-06-28_SMSSV",4.59136822773186,NA,NA,NA,NA,NA,NA,NA,NA,NA,NA,NA,NA,NA,NA,179.6,42.972701789,-79.256847351,0.0434645,9.2,245,28,13.068
259,0.9803,87,168,"2026-06-28_SMSSV",4.61552663158866,NA,NA,NA,NA,NA,NA,NA,NA,NA,NA,NA,NA,NA,NA,179.6,42.972739927,-79.256850788,0.56978,9.16,246,28,12.9996
260,0.9839,87,168,"2026-06-28_SMSSV",4.59136822773186,NA,NA,NA,NA,NA,NA,NA,NA,NA,NA,NA,NA,NA,NA,179.4,42.972770689,-79.256858751,0.0142248,9.16,246,28,13.068
261,0.9875,88,167,"2026-06-28_SMSSV",4.58001282403591,NA,NA,NA,NA,NA,NA,NA,NA,NA,NA,NA,NA,NA,NA,179.4,42.972808491,-79.256859338,0.0142248,9.2,245,28,13.1004
262,0.9912,88,167,"2026-06-28_SMSSV",4.52161331162959,NA,NA,NA,NA,NA,NA,NA,NA,NA,NA,NA,NA,NA,NA,179.4,42.972836235,-79.256872832,0.540541,9.02,243,28,13.2696
263,0.9949,88,167,"2026-06-28_SMSSV",4.52161331162959,NA,NA,NA,NA,NA,NA,NA,NA,NA,NA,NA,NA,NA,NA,179.4,42.972875379,-79.256874676,0.540541,9.06,242,28,13.2696
264,0.9986,88,166,"2026-06-28_SMSSV",4.53391367428364,NA,NA,NA,NA,NA,NA,NA,NA,NA,NA,NA,NA,NA,NA,179.4,42.972898932,-79.256881801,0,9.06,242,28,13.2336
265,1.0023,87,165,"2026-06-28_SMSSV",4.53391367428364,NA,NA,NA,NA,NA,NA,NA,NA,NA,NA,NA,NA,NA,NA,179.4,42.972936064,-79.256884651,0,9.24,244,28,13.2336
266,1.0059,87,166,"2026-06-28_SMSSV",4.60405156537753,NA,NA,NA,NA,NA,NA,NA,NA,NA,NA,NA,NA,NA,NA,179.4,42.972964311,-79.256891943,0,9.19,245,28,13.032
267,1.0095,87,165,"2026-06-28_SMSSV",4.60405156537753,NA,NA,NA,NA,NA,NA,NA,NA,NA,NA,NA,NA,NA,NA,179.6,42.973000269,-79.256897056,0,9.19,245,28,13.032
268,1.0131,87,165,"2026-06-28_SMSSV",4.65159549725556,NA,NA,NA,NA,NA,NA,NA,NA,NA,NA,NA,NA,NA,NA,179.4,42.97303212,-79.256905019,-0.555556,9.15,246,28,12.8988
269,1.0167,87,165,"2026-06-28_SMSSV",4.63994060876021,NA,NA,NA,NA,NA,NA,NA,NA,NA,NA,NA,NA,NA,NA,179.4,42.973064558,-79.256913401,-0.555556,9.15,246,28,12.9312
270,1.0203,87,167,"2026-06-28_SMSSV",4.5687134502924,NA,NA,NA,NA,NA,NA,NA,NA,NA,NA,NA,NA,NA,NA,179.4,42.973098337,-79.256922369,0,9.2,245,28,13.1328
271,1.024,87,167,"2026-06-28_SMSSV",4.5687134502924,NA,NA,NA,NA,NA,NA,NA,NA,NA,NA,NA,NA,NA,NA,179.2,42.973126836,-79.256933014,-0.540541,9.2,245,28,13.1328
272,1.0276,87,167,"2026-06-28_SMSSV",4.53391367428364,NA,NA,NA,NA,NA,NA,NA,NA,NA,NA,NA,NA,NA,NA,179.2,42.973162794,-79.256934942,-0.540541,9.24,244,28,13.2336
273,1.0313,87,167,"2026-06-28_SMSSV",4.5687134502924,NA,NA,NA,NA,NA,NA,NA,NA,NA,NA,NA,NA,NA,NA,179.2,42.973188443,-79.256944665,-0.540541,9.2,245,28,13.1328
274,1.035,87,168,"2026-06-28_SMSSV",4.55622380171314,NA,NA,NA,NA,NA,NA,NA,NA,NA,NA,NA,NA,NA,NA,179.2,42.973229346,-79.25694366,-0.540541,9.24,244,28,13.1688
275,1.0386,87,168,"2026-06-28_SMSSV",4.62705904127337,NA,NA,NA,NA,NA,NA,NA,NA,NA,NA,NA,NA,NA,NA,179.2,42.973256085,-79.256952209,-0.540541,9.16,246,28,12.9672
276,1.0422,87,168,"2026-06-28_SMSSV",4.59136822773186,NA,NA,NA,NA,NA,NA,NA,NA,NA,NA,NA,NA,NA,NA,179,42.97329263,-79.256954137,-1.0961,9.2,245,28,13.068
277,1.0458,87,169,"2026-06-28_SMSSV",4.60405156537753,NA,NA,NA,NA,NA,NA,NA,NA,NA,NA,NA,NA,NA,NA,179,42.973321128,-79.256960423,-1.65165,9.19,245,28,13.032
278,1.0495,87,168,"2026-06-28_SMSSV",4.52161331162959,NA,NA,NA,NA,NA,NA,NA,NA,NA,NA,NA,NA,NA,NA,179,42.973355662,-79.256964447,-1.0961,9.24,244,28,13.2696
279,1.0532,87,167,"2026-06-28_SMSSV",4.55622380171314,NA,NA,NA,NA,NA,NA,NA,NA,NA,NA,NA,NA,NA,NA,179.2,42.973387848,-79.256974002,-0.555556,9.24,244,28,13.1688
280,1.0568,87,166,"2026-06-28_SMSSV",4.53391367428364,NA,NA,NA,NA,NA,NA,NA,NA,NA,NA,NA,NA,NA,NA,179.2,42.973417185,-79.256984815,-0.555556,9.24,244,28,13.2336
281,1.0605,87,166,"2026-06-28_SMSSV",4.5687134502924,NA,NA,NA,NA,NA,NA,NA,NA,NA,NA,NA,NA,NA,NA,179.4,42.973452473,-79.256991101,0.525526,9.2,245,28,13.1328
282,1.0641,87,165,"2026-06-28_SMSSV",4.59136822773186,NA,NA,NA,NA,NA,NA,NA,NA,NA,NA,NA,NA,NA,NA,179.4,42.973481139,-79.257002668,0.525526,9.2,245,28,13.068
283,1.0677,87,165,"2026-06-28_SMSSV",4.59136822773186,NA,NA,NA,NA,NA,NA,NA,NA,NA,NA,NA,NA,NA,NA,179.4,42.973521539,-79.257008871,0.525526,9.2,245,28,13.068
284,1.0714,87,165,"2026-06-28_SMSSV",4.53391367428364,NA,NA,NA,NA,NA,NA,NA,NA,NA,NA,NA,NA,NA,NA,179.2,42.973548445,-79.257019432,-0.015015,9.24,244,28,13.2336
285,1.0751,87,165,"2026-06-28_SMSSV",4.45394619632995,NA,NA,NA,NA,NA,NA,NA,NA,NA,NA,NA,NA,NA,NA,179.2,42.973587337,-79.257034938,-0.015015,9.33,242,28,13.4712
286,1.0789,88,165,"2026-06-28_SMSSV",4.41033783187792,NA,NA,NA,NA,NA,NA,NA,NA,NA,NA,NA,NA,NA,NA,179,42.973610723,-79.25705296,0.0142248,9.14,240,28,13.6044
287,1.0827,88,165,"2026-06-28_SMSSV",4.42086648983201,NA,NA,NA,NA,NA,NA,NA,NA,NA,NA,NA,NA,NA,NA,179,42.973647017,-79.257071064,0.0142248,9.18,239,28,13.572
288,1.0865,88,165,"2026-06-28_SMSSV",4.42086648983201,NA,NA,NA,NA,NA,NA,NA,NA,NA,NA,NA,NA,NA,NA,179,42.973673671,-79.257088583,0.0142248,9.18,239,28,13.572
289,1.0902,87,164,"2026-06-28_SMSSV",4.476676515355,NA,NA,NA,NA,NA,NA,NA,NA,NA,NA,NA,NA,NA,NA,179,42.973701331,-79.257107861,-0.526316,9.29,243,28,13.4028
290,1.0939,87,164,"2026-06-28_SMSSV",4.476676515355,NA,NA,NA,NA,NA,NA,NA,NA,NA,NA,NA,NA,NA,NA,179,42.973728321,-79.257135521,-0.526316,9.29,243,28,13.4028
291,1.0976,87,166,"2026-06-28_SMSSV",4.54504135987638,NA,NA,NA,NA,NA,NA,NA,NA,NA,NA,NA,NA,NA,NA,179,42.973751204,-79.25716469,-1.06686,9.24,244,28,13.2012
292,1.1012,87,166,"2026-06-28_SMSSV",4.54504135987638,NA,NA,NA,NA,NA,NA,NA,NA,NA,NA,NA,NA,NA,NA,179,42.973779618,-79.257197799,-1.06686,9.24,244,28,13.2012
293,1.1049,86,166,"2026-06-28_SMSSV",4.5687134502924,NA,NA,NA,NA,NA,NA,NA,NA,NA,NA,NA,NA,NA,NA,179,42.973794454,-79.257230572,-1.06686,9.39,247,28,13.1328
294,1.1085,86,166,"2026-06-28_SMSSV",4.59136822773186,NA,NA,NA,NA,NA,NA,NA,NA,NA,NA,NA,NA,NA,NA,179,42.973817169,-79.257272649,-0.526316,9.39,247,28,13.068
295,1.1122,86,166,"2026-06-28_SMSSV",4.60405156537753,NA,NA,NA,NA,NA,NA,NA,NA,NA,NA,NA,NA,NA,NA,179,42.973825803,-79.257300226,-0.526316,9.35,248,28,13.032
296,1.1158,86,167,"2026-06-28_SMSSV",4.5687134502924,NA,NA,NA,NA,NA,NA,NA,NA,NA,NA,NA,NA,NA,NA,178.8,42.973847009,-79.257338531,-0.555556,9.35,248,28,13.1328
297,1.1194,86,167,"2026-06-28_SMSSV",4.5687134502924,NA,NA,NA,NA,NA,NA,NA,NA,NA,NA,NA,NA,NA,NA,178.8,42.97385933,-79.257375244,-0.555556,9.39,247,28,13.1328
298,1.1231,86,167,"2026-06-28_SMSSV",4.5687134502924,NA,NA,NA,NA,NA,NA,NA,NA,NA,NA,NA,NA,NA,NA,178.8,42.973864275,-79.257419668,-0.555556,9.39,247,28,13.1328
299,1.1267,86,166,"2026-06-28_SMSSV",4.60405156537753,NA,NA,NA,NA,NA,NA,NA,NA,NA,NA,NA,NA,NA,NA,178.8,42.973879614,-79.257459733,-0.555556,9.35,248,28,13.032
300,1.1304,86,165,"2026-06-28_SMSSV",4.55622380171314,NA,NA,NA,NA,NA,NA,NA,NA,NA,NA,NA,NA,NA,NA,178.8,42.973892187,-79.257501894,-0.555556,9.39,247,28,13.1688
301,1.1341,86,165,"2026-06-28_SMSSV",4.476676515355,NA,NA,NA,NA,NA,NA,NA,NA,NA,NA,NA,NA,NA,NA,178.8,42.973914986,-79.257541876,-0.555556,9.48,245,28,13.4028
302,1.1378,86,167,"2026-06-28_SMSSV",4.510599909788,NA,NA,NA,NA,NA,NA,NA,NA,NA,NA,NA,NA,NA,NA,178.8,42.973925212,-79.257581271,-0.555556,9.44,246,28,13.302
303,1.1415,86,168,"2026-06-28_SMSSV",4.510599909788,NA,NA,NA,NA,NA,NA,NA,NA,NA,NA,NA,NA,NA,NA,178.8,42.973919093,-79.257631898,-0.555556,9.44,246,28,13.302
304,1.1453,86,168,"2026-06-28_SMSSV",4.41033783187792,NA,NA,NA,NA,NA,NA,NA,NA,NA,NA,NA,NA,NA,NA,178.8,42.973919345,-79.257679674,-0.555556,9.53,244,28,13.6044
305,1.1491,85,168,"2026-06-28_SMSSV",4.38827453045463,NA,NA,NA,NA,NA,NA,NA,NA,NA,NA,NA,NA,NA,NA,178.8,42.973921356,-79.257723847,-0.555556,9.73,246,28,13.6728
306,1.1528,85,168,"2026-06-28_SMSSV",4.4996400287977,NA,NA,NA,NA,NA,NA,NA,NA,NA,NA,NA,NA,NA,NA,178.8,42.973935773,-79.25777087,0,9.64,248,28,13.3344
307,1.1565,86,168,"2026-06-28_SMSSV",4.476676515355,NA,NA,NA,NA,NA,NA,NA,NA,NA,NA,NA,NA,NA,NA,178.8,42.973946167,-79.257808756,0,9.48,245,28,13.4028
308,1.1602,86,165,"2026-06-28_SMSSV",4.476676515355,NA,NA,NA,NA,NA,NA,NA,NA,NA,NA,NA,NA,NA,NA,178.8,42.973972234,-79.257847564,0,9.48,245,28,13.4028
309,1.1639,87,165,"2026-06-28_SMSSV",4.48752468138575,NA,NA,NA,NA,NA,NA,NA,NA,NA,NA,NA,NA,NA,NA,178.8,42.973993105,-79.257874721,0,9.28,243,28,13.3704
310,1.1676,86,165,"2026-06-28_SMSSV",4.5687134502924,NA,NA,NA,NA,NA,NA,NA,NA,NA,NA,NA,NA,NA,NA,178.8,42.974024621,-79.25790607,0,9.39,247,28,13.1328
311,1.1712,86,164,"2026-06-28_SMSSV",4.58001282403591,NA,NA,NA,NA,NA,NA,NA,NA,NA,NA,NA,NA,NA,NA,178.8,42.974050521,-79.257932221,0,9.39,247,28,13.1004
312,1.1748,86,163,"2026-06-28_SMSSV",4.59136822773186,NA,NA,NA,NA,NA,NA,NA,NA,NA,NA,NA,NA,NA,NA,178.8,42.974075919,-79.257958205,0,9.35,248,28,13.068
313,1.1785,85,163,"2026-06-28_SMSSV",4.60405156537753,NA,NA,NA,NA,NA,NA,NA,NA,NA,NA,NA,NA,NA,NA,178.8,42.974107686,-79.25798947,0,9.55,250,28,13.032
314,1.182,85,162,"2026-06-28_SMSSV",4.6882325363338,NA,NA,NA,NA,NA,NA,NA,NA,NA,NA,NA,NA,NA,NA,178.6,42.974125036,-79.258024087,-0.571429,9.46,252,28,12.798
315,1.1856,85,162,"2026-06-28_SMSSV",4.67639356528245,NA,NA,NA,NA,NA,NA,NA,NA,NA,NA,NA,NA,NA,NA,178.6,42.97412906,-79.258073205,-0.571429,9.46,252,28,12.8304
316,1.1891,85,162,"2026-06-28_SMSSV",4.6633090841261,NA,NA,NA,NA,NA,NA,NA,NA,NA,NA,NA,NA,NA,NA,178.6,42.974114727,-79.258102374,-0.571429,9.46,252,28,12.8664
317,1.1927,85,163,"2026-06-28_SMSSV",4.75104522995059,NA,NA,NA,NA,NA,NA,NA,NA,NA,NA,NA,NA,NA,NA,178.6,42.974090838,-79.258125424,-0.571429,9.41,253,28,12.6288
318,1.1961,84,163,"2026-06-28_SMSSV",4.81417292509147,NA,NA,NA,NA,NA,NA,NA,NA,NA,NA,NA,NA,NA,NA,178.6,42.974064938,-79.258145457,-0.571429,9.52,257,28,12.4632
319,1.1996,84,163,"2026-06-28_SMSSV",4.81417292509147,NA,NA,NA,NA,NA,NA,NA,NA,NA,NA,NA,NA,NA,NA,178.6,42.974036104,-79.258159874,-0.571429,9.52,257,28,12.4632
320,1.203,86,163,"2026-06-28_SMSSV",4.81417292509147,NA,NA,NA,NA,NA,NA,NA,NA,NA,NA,NA,NA,NA,NA,178.4,42.974004169,-79.258186612,-1.15966,9.32,255,28,12.4632
321,1.2066,86,163,"2026-06-28_SMSSV",4.73754026909229,NA,NA,NA,NA,NA,NA,NA,NA,NA,NA,NA,NA,NA,NA,178.4,42.973980281,-79.258195245,-1.15966,9.16,252,28,12.6648
322,1.2101,87,163,"2026-06-28_SMSSV",4.7001316036849,NA,NA,NA,NA,NA,NA,NA,NA,NA,NA,NA,NA,NA,NA,178.2,42.973944826,-79.258222403,-1.73109,9.25,250,28,12.7656
323,1.2137,87,164,"2026-06-28_SMSSV",4.67639356528245,NA,NA,NA,NA,NA,NA,NA,NA,NA,NA,NA,NA,NA,NA,178.2,42.973916243,-79.258234724,-1.73109,9.11,247,28,12.8304
324,1.2172,87,165,"2026-06-28_SMSSV",4.67639356528245,NA,NA,NA,NA,NA,NA,NA,NA,NA,NA,NA,NA,NA,NA,178.2,42.973883973,-79.25825308,-1.15966,9.11,247,28,12.8304
325,1.2208,86,166,"2026-06-28_SMSSV",4.67639356528245,NA,NA,NA,NA,NA,NA,NA,NA,NA,NA,NA,NA,NA,NA,178,42.973859414,-79.258267246,-1.71522,9.31,249,28,12.8304
326,1.2244,86,166,"2026-06-28_SMSSV",4.67639356528245,NA,NA,NA,NA,NA,NA,NA,NA,NA,NA,NA,NA,NA,NA,178,42.973832424,-79.258283339,-1.71522,9.3,249,28,12.8304
327,1.2279,86,166,"2026-06-28_SMSSV",4.75104522995059,NA,NA,NA,NA,NA,NA,NA,NA,NA,NA,NA,NA,NA,NA,177.8,42.973803758,-79.258303623,-2.28665,9.25,250,28,12.6288
328,1.2314,86,166,"2026-06-28_SMSSV",4.73754026909229,NA,NA,NA,NA,NA,NA,NA,NA,NA,NA,NA,NA,NA,NA,177.8,42.973777439,-79.258307647,-2.28665,9.21,251,28,12.6648
329,1.2349,86,165,"2026-06-28_SMSSV",4.73754026909229,NA,NA,NA,NA,NA,NA,NA,NA,NA,NA,NA,NA,NA,NA,177.6,42.97373972,-79.258314939,-2.85808,9.25,250,28,12.6648
330,1.2385,86,164,"2026-06-28_SMSSV",4.6882325363338,NA,NA,NA,NA,NA,NA,NA,NA,NA,NA,NA,NA,NA,NA,177.6,42.973709797,-79.258306808,-2.26984,9.21,251,28,12.798
331,1.242,86,163,"2026-06-28_SMSSV",4.6882325363338,NA,NA,NA,NA,NA,NA,NA,NA,NA,NA,NA,NA,NA,NA,177.6,42.973673084,-79.258299684,-2.26984,9.26,250,28,12.798
332,1.2457,86,162,"2026-06-28_SMSSV",4.4996400287977,NA,NA,NA,NA,NA,NA,NA,NA,NA,NA,NA,NA,NA,NA,177.4,42.973642742,-79.258281914,-2.23895,9.35,248,28,13.3344
333,1.2494,86,162,"2026-06-28_SMSSV",4.4996400287977,NA,NA,NA,NA,NA,NA,NA,NA,NA,NA,NA,NA,NA,NA,177.2,42.973623883,-79.258254924,-2.77949,9.44,246,28,13.3344
334,1.2532,85,163,"2026-06-28_SMSSV",4.45394619632995,NA,NA,NA,NA,NA,NA,NA,NA,NA,NA,NA,NA,NA,NA,177,42.973601754,-79.258210249,-3.30581,9.69,247,28,13.4712
335,1.2569,85,162,"2026-06-28_SMSSV",4.42086648983201,NA,NA,NA,NA,NA,NA,NA,NA,NA,NA,NA,NA,NA,NA,176.8,42.973597144,-79.258173452,-3.29079,9.73,246,28,13.572
336,1.2607,85,162,"2026-06-28_SMSSV",4.43262411347518,NA,NA,NA,NA,NA,NA,NA,NA,NA,NA,NA,NA,NA,NA,176.8,42.973583482,-79.258121736,-3.29079,9.69,247,28,13.536
337,1.2645,85,162,"2026-06-28_SMSSV",4.41033783187792,NA,NA,NA,NA,NA,NA,NA,NA,NA,NA,NA,NA,NA,NA,176.6,42.973574345,-79.258084017,-3.24568,9.73,246,28,13.6044
338,1.2682,86,162,"2026-06-28_SMSSV",4.43262411347518,NA,NA,NA,NA,NA,NA,NA,NA,NA,NA,NA,NA,NA,NA,176.6,42.973557749,-79.258037666,-3.24568,9.52,244,28,13.536
339,1.272,86,161,"2026-06-28_SMSSV",4.42086648983201,NA,NA,NA,NA,NA,NA,NA,NA,NA,NA,NA,NA,NA,NA,176.4,42.973546853,-79.257998857,-3.20057,9.53,244,28,13.572
340,1.2758,87,162,"2026-06-28_SMSSV",4.44325957522438,NA,NA,NA,NA,NA,NA,NA,NA,NA,NA,NA,NA,NA,NA,176.4,42.973538555,-79.257952841,-3.20057,9.33,242,28,13.5036
341,1.2795,87,164,"2026-06-28_SMSSV",4.46588067166845,NA,NA,NA,NA,NA,NA,NA,NA,NA,NA,NA,NA,NA,NA,176.4,42.973529418,-79.257907914,-3.20057,9.29,243,28,13.4352
342,1.2832,87,164,"2026-06-28_SMSSV",4.48752468138575,NA,NA,NA,NA,NA,NA,NA,NA,NA,NA,NA,NA,NA,NA,176.2,42.973535956,-79.257861226,-3.20057,9.28,243,28,13.3704
343,1.2869,87,165,"2026-06-28_SMSSV",4.476676515355,NA,NA,NA,NA,NA,NA,NA,NA,NA,NA,NA,NA,NA,NA,176.4,42.973545763,-79.257809259,-2.11949,9.29,243,28,13.4028
344,1.2907,87,166,"2026-06-28_SMSSV",4.48752468138575,NA,NA,NA,NA,NA,NA,NA,NA,NA,NA,NA,NA,NA,NA,176.4,42.973559342,-79.257774977,-1.59317,9.28,243,28,13.3704
345,1.2944,87,165,"2026-06-28_SMSSV",4.476676515355,NA,NA,NA,NA,NA,NA,NA,NA,NA,NA,NA,NA,NA,NA,176.6,42.973568059,-79.257727451,-0.512091,9.29,243,28,13.4028
346,1.298,88,165,"2026-06-28_SMSSV",4.53391367428364,NA,NA,NA,NA,NA,NA,NA,NA,NA,NA,NA,NA,NA,NA,176.8,42.973578536,-79.257698198,0.0434645,9.06,242,28,13.2336
347,1.3016,86,165,"2026-06-28_SMSSV",4.62705904127337,NA,NA,NA,NA,NA,NA,NA,NA,NA,NA,NA,NA,NA,NA,176.8,42.97359069,-79.25765478,0.56978,9.35,248,28,12.9672
348,1.3051,86,164,"2026-06-28_SMSSV",4.77554918815664,NA,NA,NA,NA,NA,NA,NA,NA,NA,NA,NA,NA,NA,NA,177,42.973605358,-79.257618235,1.14121,9.21,251,28,12.564
349,1.3086,86,164,"2026-06-28_SMSSV",4.84073966502082,NA,NA,NA,NA,NA,NA,NA,NA,NA,NA,NA,NA,NA,NA,177,42.973619189,-79.257578924,1.66752,9.16,252,28,12.3948
350,1.312,86,164,"2026-06-28_SMSSV",4.86760124610592,NA,NA,NA,NA,NA,NA,NA,NA,NA,NA,NA,NA,NA,NA,177.2,42.973632013,-79.257532321,2.25576,9.12,253,28,12.3264
351,1.3154,87,165,"2026-06-28_SMSSV",4.89332550401253,NA,NA,NA,NA,NA,NA,NA,NA,NA,NA,NA,NA,NA,NA,177.2,42.97363327,-79.257493009,2.25576,8.93,251,28,12.2616
352,1.3188,87,165,"2026-06-28_SMSSV",4.90773458971339,NA,NA,NA,NA,NA,NA,NA,NA,NA,NA,NA,NA,NA,NA,177.2,42.973616339,-79.257452944,2.7963,8.92,251,28,12.2256
353,1.3222,86,165,"2026-06-28_SMSSV",4.8534265191225,NA,NA,NA,NA,NA,NA,NA,NA,NA,NA,NA,NA,NA,NA,177.4,42.973595216,-79.257424194,2.844,9.12,253,28,12.3624
354,1.3257,86,165,"2026-06-28_SMSSV",4.81417292509147,NA,NA,NA,NA,NA,NA,NA,NA,NA,NA,NA,NA,NA,NA,177.4,42.973566215,-79.25739075,2.844,9.12,253,28,12.4632
355,1.3292,86,165,"2026-06-28_SMSSV",4.73754026909229,NA,NA,NA,NA,NA,NA,NA,NA,NA,NA,NA,NA,NA,NA,177.2,42.97354174,-79.257359821,1.73203,9.16,252,28,12.6648
356,1.3327,86,165,"2026-06-28_SMSSV",4.73754026909229,NA,NA,NA,NA,NA,NA,NA,NA,NA,NA,NA,NA,NA,NA,177.2,42.973517349,-79.257329814,1.17647,9.25,250,28,12.6648
357,1.3364,86,165,"2026-06-28_SMSSV",4.58001282403591,NA,NA,NA,NA,NA,NA,NA,NA,NA,NA,NA,NA,NA,NA,177,42.973482647,-79.2573045,0.63593,9.31,249,28,13.1004
358,1.34,86,166,"2026-06-28_SMSSV",4.54504135987638,NA,NA,NA,NA,NA,NA,NA,NA,NA,NA,NA,NA,NA,NA,177,42.973459765,-79.257275583,0.0645015,9.39,247,28,13.2012
359,1.3437,86,165,"2026-06-28_SMSSV",4.54504135987638,NA,NA,NA,NA,NA,NA,NA,NA,NA,NA,NA,NA,NA,NA,177,42.973421795,-79.257255299,0.0645015,9.4,247,28,13.2012
360,1.3474,86,165,"2026-06-28_SMSSV",4.54504135987638,NA,NA,NA,NA,NA,NA,NA,NA,NA,NA,NA,NA,NA,NA,177,42.973395308,-79.25723711,-0.523734,9.4,247,28,13.2012
361,1.351,86,166,"2026-06-28_SMSSV",4.55622380171314,NA,NA,NA,NA,NA,NA,NA,NA,NA,NA,NA,NA,NA,NA,177,42.973358344,-79.257223196,-0.523734,9.4,247,28,13.1688
362,1.3547,86,166,"2026-06-28_SMSSV",4.5687134502924,NA,NA,NA,NA,NA,NA,NA,NA,NA,NA,NA,NA,NA,NA,177,42.973329259,-79.257208109,-0.523734,9.39,247,28,13.1328
363,1.3583,86,166,"2026-06-28_SMSSV",4.5687134502924,NA,NA,NA,NA,NA,NA,NA,NA,NA,NA,NA,NA,NA,NA,177,42.973297994,-79.257193943,-1.11197,9.39,247,28,13.1328
364,1.3619,86,166,"2026-06-28_SMSSV",4.60405156537753,NA,NA,NA,NA,NA,NA,NA,NA,NA,NA,NA,NA,NA,NA,176.8,42.973263628,-79.257181035,-1.66752,9.35,248,28,13.032
365,1.3656,86,166,"2026-06-28_SMSSV",4.59136822773186,NA,NA,NA,NA,NA,NA,NA,NA,NA,NA,NA,NA,NA,NA,176.8,42.973236555,-79.257161589,-1.0961,9.35,248,28,13.068
366,1.3692,86,165,"2026-06-28_SMSSV",4.60405156537753,NA,NA,NA,NA,NA,NA,NA,NA,NA,NA,NA,NA,NA,NA,176.8,42.973200093,-79.257151447,-1.0961,9.35,248,28,13.032
367,1.3728,86,165,"2026-06-28_SMSSV",4.62705904127337,NA,NA,NA,NA,NA,NA,NA,NA,NA,NA,NA,NA,NA,NA,176.6,42.973170505,-79.257136443,-1.11111,9.35,248,28,12.9672
368,1.3764,86,165,"2026-06-28_SMSSV",4.62705904127337,NA,NA,NA,NA,NA,NA,NA,NA,NA,NA,NA,NA,NA,NA,176.6,42.973132787,-79.257126972,-1.11111,9.35,248,28,12.9672
369,1.38,86,165,"2026-06-28_SMSSV",4.62705904127337,NA,NA,NA,NA,NA,NA,NA,NA,NA,NA,NA,NA,NA,NA,176.6,42.973104624,-79.257115405,-1.11111,9.35,248,28,12.9672
370,1.3836,86,165,"2026-06-28_SMSSV",4.7001316036849,NA,NA,NA,NA,NA,NA,NA,NA,NA,NA,NA,NA,NA,NA,176.6,42.973070761,-79.257110124,-1.11111,9.26,250,28,12.7656
371,1.3871,86,165,"2026-06-28_SMSSV",4.6882325363338,NA,NA,NA,NA,NA,NA,NA,NA,NA,NA,NA,NA,NA,NA,176.6,42.973038909,-79.257106436,-1.11111,9.26,250,28,12.798
372,1.3907,86,165,"2026-06-28_SMSSV",4.61552663158866,NA,NA,NA,NA,NA,NA,NA,NA,NA,NA,NA,NA,NA,NA,176.6,42.973007058,-79.257096713,-1.11111,9.35,248,28,12.9996
373,1.3944,87,166,"2026-06-28_SMSSV",4.5687134502924,NA,NA,NA,NA,NA,NA,NA,NA,NA,NA,NA,NA,NA,NA,176.6,42.972970262,-79.25709051,-1.11111,9.2,245,28,13.1328
374,1.3981,87,166,"2026-06-28_SMSSV",4.510599909788,NA,NA,NA,NA,NA,NA,NA,NA,NA,NA,NA,NA,NA,NA,176.4,42.972944194,-79.257074752,-1.0961,9.25,244,28,13.302
375,1.4018,87,166,"2026-06-28_SMSSV",4.43262411347518,NA,NA,NA,NA,NA,NA,NA,NA,NA,NA,NA,NA,NA,NA,176.4,42.972903793,-79.257072908,-1.0961,9.33,242,28,13.536
376,1.4056,87,167,"2026-06-28_SMSSV",4.42086648983201,NA,NA,NA,NA,NA,NA,NA,NA,NA,NA,NA,NA,NA,NA,176.4,42.972876217,-79.257065449,-1.0961,9.33,242,28,13.572
377,1.4094,86,167,"2026-06-28_SMSSV",4.43262411347518,NA,NA,NA,NA,NA,NA,NA,NA,NA,NA,NA,NA,NA,NA,176.4,42.972838163,-79.257062766,-0.540541,9.52,244,28,13.536
378,1.4131,87,167,"2026-06-28_SMSSV",4.42086648983201,NA,NA,NA,NA,NA,NA,NA,NA,NA,NA,NA,NA,NA,NA,176.4,42.972807066,-79.257055055,-0.540541,9.33,242,28,13.572
379,1.4169,86,167,"2026-06-28_SMSSV",4.39985920450546,NA,NA,NA,NA,NA,NA,NA,NA,NA,NA,NA,NA,NA,NA,176.4,42.972772365,-79.25704793,-0.540541,9.56,243,28,13.6368
380,1.4207,86,166,"2026-06-28_SMSSV",4.3675751222921,NA,NA,NA,NA,NA,NA,NA,NA,NA,NA,NA,NA,NA,NA,176.4,42.972735987,-79.257044242,-0.540541,9.57,243,28,13.7376
381,1.4246,86,166,"2026-06-28_SMSSV",4.33576135969476,NA,NA,NA,NA,NA,NA,NA,NA,NA,NA,NA,NA,NA,NA,176.4,42.972702795,-79.257034519,-0.540541,9.61,242,28,13.8384
382,1.4284,86,166,"2026-06-28_SMSSV",4.29331959471063,NA,NA,NA,NA,NA,NA,NA,NA,NA,NA,NA,NA,NA,NA,176.4,42.972662813,-79.257031083,-0.540541,9.65,241,28,13.9752
383,1.4323,86,166,"2026-06-28_SMSSV",4.29331959471063,NA,NA,NA,NA,NA,NA,NA,NA,NA,NA,NA,NA,NA,NA,176.4,42.972630627,-79.257014487,-0.540541,9.65,241,28,13.9752
384,1.4362,86,166,"2026-06-28_SMSSV",4.34593654932638,NA,NA,NA,NA,NA,NA,NA,NA,NA,NA,NA,NA,NA,NA,176.6,42.972619395,-79.256988503,0.512821,9.61,242,28,13.806
385,1.4399,86,166,"2026-06-28_SMSSV",4.48752468138575,NA,NA,NA,NA,NA,NA,NA,NA,NA,NA,NA,NA,NA,NA,176.6,42.972640518,-79.256968638,0.512821,9.48,245,28,13.3704
386,1.4434,85,166,"2026-06-28_SMSSV",4.76326569496046,NA,NA,NA,NA,NA,NA,NA,NA,NA,NA,NA,NA,NA,NA,176.8,42.972664406,-79.25697308,1.08425,9.4,253,28,12.5964
387,1.4467,83,166,"2026-06-28_SMSSV",4.94853523357086,NA,NA,NA,NA,NA,NA,NA,NA,NA,NA,NA,NA,NA,NA,177,42.972704555,-79.256977522,1.69031,9.58,262,28,12.1248
388,1.4501,83,167,"2026-06-28_SMSSV",5.01705799719045,NA,NA,NA,NA,NA,NA,NA,NA,NA,NA,NA,NA,NA,NA,177,42.972732886,-79.256988335,1.69031,9.49,264,29,11.9592
389,1.4535,86,167,"2026-06-28_SMSSV",4.80169019494862,NA,NA,NA,NA,NA,NA,NA,NA,NA,NA,NA,NA,NA,NA,177,42.972773371,-79.256999734,1.69031,9.58,262,28,12.4956
390,1.4573,86,167,"2026-06-28_SMSSV",4.476676515355,NA,NA,NA,NA,NA,NA,NA,NA,NA,NA,NA,NA,NA,NA,177,42.972806312,-79.257008871,1.69031,9.17,252,29,13.4028
391,1.4611,87,167,"2026-06-28_SMSSV",4.3561596096881,NA,NA,NA,NA,NA,NA,NA,NA,NA,NA,NA,NA,NA,NA,176.8,42.972841013,-79.257022701,1.16399,9.48,245,28,13.7736
392,1.465,87,167,"2026-06-28_SMSSV",4.29331959471063,NA,NA,NA,NA,NA,NA,NA,NA,NA,NA,NA,NA,NA,NA,176.8,42.97287672,-79.257031921,1.16399,9.41,240,28,13.9752
393,1.4688,87,168,"2026-06-28_SMSSV",4.30440771349862,NA,NA,NA,NA,NA,NA,NA,NA,NA,NA,NA,NA,NA,NA,176.8,42.972905218,-79.257045081,1.16399,9.45,239,28,13.9392
394,1.4727,87,168,"2026-06-28_SMSSV",4.30440771349862,NA,NA,NA,NA,NA,NA,NA,NA,NA,NA,NA,NA,NA,NA,176.6,42.972946289,-79.257051451,0.138353,9.45,239,29,13.9392
395,1.4765,87,168,"2026-06-28_SMSSV",4.3561596096881,NA,NA,NA,NA,NA,NA,NA,NA,NA,NA,NA,NA,NA,NA,176.6,42.972973028,-79.257061593,0.138353,9.41,240,29,13.7736
396,1.4803,86,168,"2026-06-28_SMSSV",4.3675751222921,NA,NA,NA,NA,NA,NA,NA,NA,NA,NA,NA,NA,NA,NA,176.4,42.973012674,-79.257067041,-0.959391,9.41,240,29,13.7376
397,1.4842,86,167,"2026-06-28_SMSSV",4.37790035898783,NA,NA,NA,NA,NA,NA,NA,NA,NA,NA,NA,NA,NA,NA,176.4,42.973041592,-79.257080955,-1.56545,9.57,243,28,13.7052
398,1.488,86,166,"2026-06-28_SMSSV",4.37790035898783,NA,NA,NA,NA,NA,NA,NA,NA,NA,NA,NA,NA,NA,NA,176.4,42.973077634,-79.257091349,-1.56545,9.57,243,28,13.7052
399,1.4918,87,167,"2026-06-28_SMSSV",4.37790035898783,NA,NA,NA,NA,NA,NA,NA,NA,NA,NA,NA,NA,NA,NA,176.4,42.973110742,-79.257098222,-1.56545,9.37,241,28,13.7052
400,1.4956,86,168,"2026-06-28_SMSSV",4.39985920450546,NA,NA,NA,NA,NA,NA,NA,NA,NA,NA,NA,NA,NA,NA,176.2,42.973136726,-79.257111046,-2.09177,9.56,243,29,13.6368
401,1.4993,86,168,"2026-06-28_SMSSV",4.41033783187792,NA,NA,NA,NA,NA,NA,NA,NA,NA,NA,NA,NA,NA,NA,176.2,42.973175283,-79.25712387,-1.56545,9.53,244,29,13.6044
402,1.5031,87,167,"2026-06-28_SMSSV",4.45394619632995,NA,NA,NA,NA,NA,NA,NA,NA,NA,NA,NA,NA,NA,NA,176.2,42.973200596,-79.257143903,-1.56545,9.33,242,29,13.4712
403,1.5068,87,168,"2026-06-28_SMSSV",4.48752468138575,NA,NA,NA,NA,NA,NA,NA,NA,NA,NA,NA,NA,NA,NA,176.2,42.973240327,-79.257159494,-1.56545,9.28,243,29,13.3704
404,1.5105,86,167,"2026-06-28_SMSSV",4.46588067166845,NA,NA,NA,NA,NA,NA,NA,NA,NA,NA,NA,NA,NA,NA,176.2,42.973266562,-79.257176844,-1.05263,9.29,243,29,13.4352
405,1.5143,86,167,"2026-06-28_SMSSV",4.44325957522438,NA,NA,NA,NA,NA,NA,NA,NA,NA,NA,NA,NA,NA,NA,176.4,42.973302856,-79.257194614,-0.526316,9.52,244,29,13.5036
406,1.518,86,168,"2026-06-28_SMSSV",4.44325957522438,NA,NA,NA,NA,NA,NA,NA,NA,NA,NA,NA,NA,NA,NA,176.2,42.973333282,-79.257212048,-0.540541,9.52,244,29,13.5036
407,1.5218,86,165,"2026-06-28_SMSSV",4.41033783187792,NA,NA,NA,NA,NA,NA,NA,NA,NA,NA,NA,NA,NA,NA,176.2,42.973360439,-79.257235098,-0.540541,9.53,244,28,13.6044
408,1.5256,86,165,"2026-06-28_SMSSV",4.39985920450546,NA,NA,NA,NA,NA,NA,NA,NA,NA,NA,NA,NA,NA,NA,176.2,42.97339514,-79.257248928,-0.540541,9.56,243,29,13.6368
409,1.5294,86,165,"2026-06-28_SMSSV",4.43262411347518,NA,NA,NA,NA,NA,NA,NA,NA,NA,NA,NA,NA,NA,NA,176.2,42.973418358,-79.257269129,-0.540541,9.52,244,29,13.536
410,1.5331,86,165,"2026-06-28_SMSSV",4.45394619632995,NA,NA,NA,NA,NA,NA,NA,NA,NA,NA,NA,NA,NA,NA,176.2,42.973456244,-79.257289832,-0.0142248,9.48,245,29,13.4712
411,1.5369,86,166,"2026-06-28_SMSSV",4.43262411347518,NA,NA,NA,NA,NA,NA,NA,NA,NA,NA,NA,NA,NA,NA,176.2,42.973479043,-79.257311206,-0.0142248,9.52,244,29,13.536
412,1.5406,86,166,"2026-06-28_SMSSV",4.476676515355,NA,NA,NA,NA,NA,NA,NA,NA,NA,NA,NA,NA,NA,NA,176.2,42.973509889,-79.257337693,-0.0142248,9.48,245,29,13.4028
413,1.5443,86,165,"2026-06-28_SMSSV",4.53391367428364,NA,NA,NA,NA,NA,NA,NA,NA,NA,NA,NA,NA,NA,NA,176,42.973530927,-79.257369293,-0.554765,9.43,246,29,13.2336
414,1.548,86,165,"2026-06-28_SMSSV",4.48752468138575,NA,NA,NA,NA,NA,NA,NA,NA,NA,NA,NA,NA,NA,NA,176,42.973555319,-79.25740106,-0.554765,9.48,245,28,13.3704
415,1.5517,86,165,"2026-06-28_SMSSV",4.43262411347518,NA,NA,NA,NA,NA,NA,NA,NA,NA,NA,NA,NA,NA,NA,176,42.973592115,-79.257421679,-1.08108,9.52,244,29,13.536
416,1.5555,85,165,"2026-06-28_SMSSV",4.43262411347518,NA,NA,NA,NA,NA,NA,NA,NA,NA,NA,NA,NA,NA,NA,175.8,42.973621871,-79.257419835,-1.06686,9.69,247,29,13.536
417,1.5593,85,165,"2026-06-28_SMSSV",4.42086648983201,NA,NA,NA,NA,NA,NA,NA,NA,NA,NA,NA,NA,NA,NA,175.8,42.973638467,-79.257391002,-1.06686,9.73,246,29,13.572
418,1.5629,84,165,"2026-06-28_SMSSV",4.53391367428364,NA,NA,NA,NA,NA,NA,NA,NA,NA,NA,NA,NA,NA,NA,175.8,42.97364643,-79.257348003,-1.06686,9.77,252,29,13.2336
419,1.5665,83,166,"2026-06-28_SMSSV",4.62705904127337,NA,NA,NA,NA,NA,NA,NA,NA,NA,NA,NA,NA,NA,NA,175.8,42.973652884,-79.257303578,-1.06686,9.89,256,29,12.9672
420,1.5701,83,166,"2026-06-28_SMSSV",4.6633090841261,NA,NA,NA,NA,NA,NA,NA,NA,NA,NA,NA,NA,NA,NA,176,42.973656404,-79.257252784,-0.511301,9.84,257,29,12.8664
421,1.5736,83,167,"2026-06-28_SMSSV",4.71342383107089,NA,NA,NA,NA,NA,NA,NA,NA,NA,NA,NA,NA,NA,NA,176,42.973660763,-79.257210958,-0.511301,9.79,258,29,12.7296
422,1.5772,86,167,"2026-06-28_SMSSV",4.71342383107089,NA,NA,NA,NA,NA,NA,NA,NA,NA,NA,NA,NA,NA,NA,176,42.973660511,-79.257153878,-0.511301,9.26,250,29,12.7296
423,1.5809,86,167,"2026-06-28_SMSSV",4.53391367428364,NA,NA,NA,NA,NA,NA,NA,NA,NA,NA,NA,NA,NA,NA,176.2,42.973660763,-79.257112555,0.56978,9.43,246,29,13.2336
424,1.5845,86,167,"2026-06-28_SMSSV",4.55622380171314,NA,NA,NA,NA,NA,NA,NA,NA,NA,NA,NA,NA,NA,NA,176.4,42.973647771,-79.257065951,1.12534,9.39,247,29,13.1688
425,1.5882,86,166,"2026-06-28_SMSSV",4.59136822773186,NA,NA,NA,NA,NA,NA,NA,NA,NA,NA,NA,NA,NA,NA,176.4,42.973615584,-79.257038543,1.12534,9.39,247,29,13.068
426,1.5918,85,166,"2026-06-28_SMSSV",4.58001282403591,NA,NA,NA,NA,NA,NA,NA,NA,NA,NA,NA,NA,NA,NA,176.4,42.97359245,-79.257021695,1.65165,9.55,250,29,13.1004
427,1.5954,85,167,"2026-06-28_SMSSV",4.60405156537753,NA,NA,NA,NA,NA,NA,NA,NA,NA,NA,NA,NA,NA,NA,176.4,42.973554229,-79.257018091,1.65165,9.55,250,29,13.032
428,1.5991,85,167,"2026-06-28_SMSSV",4.55622380171314,NA,NA,NA,NA,NA,NA,NA,NA,NA,NA,NA,NA,NA,NA,176.4,42.973526904,-79.257001411,1.65165,9.55,250,29,13.1688
429,1.6028,85,166,"2026-06-28_SMSSV",4.4996400287977,NA,NA,NA,NA,NA,NA,NA,NA,NA,NA,NA,NA,NA,NA,176.2,42.97348776,-79.256989173,1.11111,9.64,248,29,13.3344
430,1.6065,85,166,"2026-06-28_SMSSV",4.4996400287977,NA,NA,NA,NA,NA,NA,NA,NA,NA,NA,NA,NA,NA,NA,176.4,42.973459513,-79.256976014,1.0961,9.64,248,29,13.3344
431,1.6102,86,166,"2026-06-28_SMSSV",4.44325957522438,NA,NA,NA,NA,NA,NA,NA,NA,NA,NA,NA,NA,NA,NA,176.4,42.973425148,-79.256968889,1.0961,9.52,244,29,13.5036
432,1.614,86,166,"2026-06-28_SMSSV",4.46588067166845,NA,NA,NA,NA,NA,NA,NA,NA,NA,NA,NA,NA,NA,NA,176.4,42.97339053,-79.25696453,1.0961,9.48,245,29,13.4352
433,1.6177,87,166,"2026-06-28_SMSSV",4.46588067166845,NA,NA,NA,NA,NA,NA,NA,NA,NA,NA,NA,NA,NA,NA,176.2,42.973359014,-79.256956149,0.015015,9.29,243,29,13.4352
434,1.6214,87,167,"2026-06-28_SMSSV",4.4996400287977,NA,NA,NA,NA,NA,NA,NA,NA,NA,NA,NA,NA,NA,NA,176.2,42.973322637,-79.256951455,-0.540541,9.28,243,29,13.3344
435,1.6251,87,167,"2026-06-28_SMSSV",4.48752468138575,NA,NA,NA,NA,NA,NA,NA,NA,NA,NA,NA,NA,NA,NA,176.2,42.973294893,-79.256937205,-0.540541,9.28,243,29,13.3704
436,1.6288,87,167,"2026-06-28_SMSSV",4.48752468138575,NA,NA,NA,NA,NA,NA,NA,NA,NA,NA,NA,NA,NA,NA,176.2,42.973254827,-79.256935026,-0.540541,9.28,243,29,13.3704
437,1.6326,87,166,"2026-06-28_SMSSV",4.45394619632995,NA,NA,NA,NA,NA,NA,NA,NA,NA,NA,NA,NA,NA,NA,176.2,42.973224317,-79.256924633,-0.540541,9.33,242,29,13.4712
438,1.6363,86,166,"2026-06-28_SMSSV",4.44325957522438,NA,NA,NA,NA,NA,NA,NA,NA,NA,NA,NA,NA,NA,NA,176.2,42.97318509,-79.256923375,-0.540541,9.52,244,29,13.5036
439,1.64,86,167,"2026-06-28_SMSSV",4.476676515355,NA,NA,NA,NA,NA,NA,NA,NA,NA,NA,NA,NA,NA,NA,176,42.973154831,-79.256914742,-0.540541,9.48,245,29,13.4028
440,1.6437,86,167,"2026-06-28_SMSSV",4.48752468138575,NA,NA,NA,NA,NA,NA,NA,NA,NA,NA,NA,NA,NA,NA,176,42.973115855,-79.256909797,-1.08108,9.48,245,29,13.3704
441,1.6475,86,167,"2026-06-28_SMSSV",4.45394619632995,NA,NA,NA,NA,NA,NA,NA,NA,NA,NA,NA,NA,NA,NA,176,42.973083585,-79.256903175,-1.08108,9.48,245,29,13.4712
442,1.6512,87,167,"2026-06-28_SMSSV",4.45394619632995,NA,NA,NA,NA,NA,NA,NA,NA,NA,NA,NA,NA,NA,NA,176,42.973048884,-79.256899571,-1.08108,9.33,242,29,13.4712
443,1.655,88,167,"2026-06-28_SMSSV",4.43262411347518,NA,NA,NA,NA,NA,NA,NA,NA,NA,NA,NA,NA,NA,NA,175.8,42.973015608,-79.256897056,-1.06686,9.14,240,29,13.536
444,1.6588,87,167,"2026-06-28_SMSSV",4.38827453045463,NA,NA,NA,NA,NA,NA,NA,NA,NA,NA,NA,NA,NA,NA,175.8,42.972988283,-79.256890351,-1.06686,9.37,241,29,13.6728
445,1.6626,88,167,"2026-06-28_SMSSV",4.39985920450546,NA,NA,NA,NA,NA,NA,NA,NA,NA,NA,NA,NA,NA,NA,175.8,42.972952073,-79.256893368,-1.06686,9.18,239,29,13.6368
446,1.6664,87,168,"2026-06-28_SMSSV",4.41033783187792,NA,NA,NA,NA,NA,NA,NA,NA,NA,NA,NA,NA,NA,NA,175.8,42.972922652,-79.256883561,-1.06686,9.37,241,29,13.6044
447,1.6701,87,168,"2026-06-28_SMSSV",4.42086648983201,NA,NA,NA,NA,NA,NA,NA,NA,NA,NA,NA,NA,NA,NA,175.8,42.972882587,-79.256883394,-1.06686,9.33,242,29,13.572
448,1.6739,87,169,"2026-06-28_SMSSV",4.38827453045463,NA,NA,NA,NA,NA,NA,NA,NA,NA,NA,NA,NA,NA,NA,175.8,42.972851574,-79.256871827,-1.06686,9.37,241,29,13.6728
449,1.6778,87,170,"2026-06-28_SMSSV",4.3675751222921,NA,NA,NA,NA,NA,NA,NA,NA,NA,NA,NA,NA,NA,NA,175.6,42.972811508,-79.256870402,-1.03914,9.41,240,29,13.7376
450,1.6816,87,170,"2026-06-28_SMSSV",4.33576135969476,NA,NA,NA,NA,NA,NA,NA,NA,NA,NA,NA,NA,NA,NA,175.6,42.97278192,-79.256862858,-1.03914,9.41,240,29,13.8384
451,1.6854,87,169,"2026-06-28_SMSSV",4.33576135969476,NA,NA,NA,NA,NA,NA,NA,NA,NA,NA,NA,NA,NA,NA,175.6,42.972748393,-79.256856152,-1.03914,9.41,240,29,13.8384
452,1.6893,86,169,"2026-06-28_SMSSV",4.34593654932638,NA,NA,NA,NA,NA,NA,NA,NA,NA,NA,NA,NA,NA,NA,175.6,42.972714111,-79.256853303,-1.03914,9.41,240,29,13.806
453,1.6931,86,168,"2026-06-28_SMSSV",4.39985920450546,NA,NA,NA,NA,NA,NA,NA,NA,NA,NA,NA,NA,NA,NA,175.6,42.972683768,-79.256844083,-0.512821,9.56,243,29,13.6368
454,1.6968,86,168,"2026-06-28_SMSSV",4.44325957522438,NA,NA,NA,NA,NA,NA,NA,NA,NA,NA,NA,NA,NA,NA,175.6,42.972646301,-79.256839556,-0.512821,9.52,244,29,13.5036
455,1.7005,86,168,"2026-06-28_SMSSV",4.476676515355,NA,NA,NA,NA,NA,NA,NA,NA,NA,NA,NA,NA,NA,NA,175.6,42.972620569,-79.256827319,-0.512821,9.48,245,29,13.4028
456,1.7042,87,168,"2026-06-28_SMSSV",4.53391367428364,NA,NA,NA,NA,NA,NA,NA,NA,NA,NA,NA,NA,NA,NA,175.6,42.97258,-79.256822876,-0.512821,9.43,246,29,13.2336
457,1.7079,87,167,"2026-06-28_SMSSV",4.53391367428364,NA,NA,NA,NA,NA,NA,NA,NA,NA,NA,NA,NA,NA,NA,175.8,42.972551669,-79.25680628,0.02772,9.24,244,29,13.2336
458,1.7116,87,167,"2026-06-28_SMSSV",4.510599909788,NA,NA,NA,NA,NA,NA,NA,NA,NA,NA,NA,NA,NA,NA,175.6,42.972515376,-79.256799994,-0.512821,9.25,244,29,13.302
459,1.7153,87,167,"2026-06-28_SMSSV",4.476676515355,NA,NA,NA,NA,NA,NA,NA,NA,NA,NA,NA,NA,NA,NA,175.6,42.972485033,-79.256794126,0,9.29,243,29,13.4028
460,1.719,86,167,"2026-06-28_SMSSV",4.476676515355,NA,NA,NA,NA,NA,NA,NA,NA,NA,NA,NA,NA,NA,NA,175.4,42.972452763,-79.256788175,-0.540541,9.48,245,29,13.4028
461,1.7227,86,166,"2026-06-28_SMSSV",4.476676515355,NA,NA,NA,NA,NA,NA,NA,NA,NA,NA,NA,NA,NA,NA,175.4,42.972419487,-79.256782056,-0.540541,9.48,245,29,13.4028
462,1.7265,86,166,"2026-06-28_SMSSV",4.48752468138575,NA,NA,NA,NA,NA,NA,NA,NA,NA,NA,NA,NA,NA,NA,175.4,42.972387217,-79.256770825,-0.540541,9.48,245,29,13.3704
463,1.7302,85,166,"2026-06-28_SMSSV",4.510599909788,NA,NA,NA,NA,NA,NA,NA,NA,NA,NA,NA,NA,NA,NA,175.4,42.972349582,-79.256765796,-0.540541,9.48,245,29,13.302
464,1.7339,85,166,"2026-06-28_SMSSV",4.476676515355,NA,NA,NA,NA,NA,NA,NA,NA,NA,NA,NA,NA,NA,NA,175.6,42.972321251,-79.256749702,0,9.64,248,29,13.4028
465,1.7376,85,166,"2026-06-28_SMSSV",4.476676515355,NA,NA,NA,NA,NA,NA,NA,NA,NA,NA,NA,NA,NA,NA,175.6,42.972282275,-79.256742661,0,9.65,248,29,13.4028
466,1.7413,85,167,"2026-06-28_SMSSV",4.45394619632995,NA,NA,NA,NA,NA,NA,NA,NA,NA,NA,NA,NA,NA,NA,175.8,42.972253777,-79.256733693,0.540541,9.69,247,29,13.4712
467,1.7451,86,167,"2026-06-28_SMSSV",4.42086648983201,NA,NA,NA,NA,NA,NA,NA,NA,NA,NA,NA,NA,NA,NA,175.8,42.972216561,-79.256727406,0,9.53,244,29,13.572
468,1.7489,86,167,"2026-06-28_SMSSV",4.41033783187792,NA,NA,NA,NA,NA,NA,NA,NA,NA,NA,NA,NA,NA,NA,175.8,42.972183452,-79.256722545,0.540541,9.53,244,29,13.6044
469,1.7526,86,167,"2026-06-28_SMSSV",4.476676515355,NA,NA,NA,NA,NA,NA,NA,NA,NA,NA,NA,NA,NA,NA,175.8,42.972153026,-79.25671475,0.540541,9.48,245,29,13.4028
470,1.7563,86,166,"2026-06-28_SMSSV",4.54504135987638,NA,NA,NA,NA,NA,NA,NA,NA,NA,NA,NA,NA,NA,NA,176,42.97211405,-79.256715253,1.62162,9.4,247,29,13.2012
471,1.76,86,166,"2026-06-28_SMSSV",4.53391367428364,NA,NA,NA,NA,NA,NA,NA,NA,NA,NA,NA,NA,NA,NA,175.8,42.972088066,-79.256704189,1.08108,9.43,246,29,13.2336
472,1.7636,86,166,"2026-06-28_SMSSV",4.5687134502924,NA,NA,NA,NA,NA,NA,NA,NA,NA,NA,NA,NA,NA,NA,176,42.972049929,-79.256705781,1.63664,9.39,247,29,13.1328
473,1.7673,86,166,"2026-06-28_SMSSV",4.5687134502924,NA,NA,NA,NA,NA,NA,NA,NA,NA,NA,NA,NA,NA,NA,176,42.97202361,-79.256694633,1.63664,9.39,247,29,13.1328
474,1.7709,86,166,"2026-06-28_SMSSV",4.55622380171314,NA,NA,NA,NA,NA,NA,NA,NA,NA,NA,NA,NA,NA,NA,176,42.971987316,-79.256689855,1.0961,9.39,247,29,13.1688
475,1.7746,87,167,"2026-06-28_SMSSV",4.53391367428364,NA,NA,NA,NA,NA,NA,NA,NA,NA,NA,NA,NA,NA,NA,175.8,42.971958315,-79.256683401,0.555556,9.24,244,29,13.2336
476,1.7783,86,167,"2026-06-28_SMSSV",4.55622380171314,NA,NA,NA,NA,NA,NA,NA,NA,NA,NA,NA,NA,NA,NA,175.8,42.971926966,-79.256674349,0.015015,9.39,247,29,13.1688
477,1.7819,86,167,"2026-06-28_SMSSV",4.60405156537753,NA,NA,NA,NA,NA,NA,NA,NA,NA,NA,NA,NA,NA,NA,175.8,42.971892265,-79.256665967,0.015015,9.35,248,29,13.032
478,1.7855,87,167,"2026-06-28_SMSSV",4.5687134502924,NA,NA,NA,NA,NA,NA,NA,NA,NA,NA,NA,NA,NA,NA,175.8,42.971865359,-79.256651634,0.015015,9.2,245,29,13.1328
479,1.7892,87,168,"2026-06-28_SMSSV",4.55622380171314,NA,NA,NA,NA,NA,NA,NA,NA,NA,NA,NA,NA,NA,NA,175.8,42.971827724,-79.256647527,0.015015,9.24,244,29,13.1688
480,1.7929,87,168,"2026-06-28_SMSSV",4.510599909788,NA,NA,NA,NA,NA,NA,NA,NA,NA,NA,NA,NA,NA,NA,176,42.971800064,-79.256633529,0.015015,9.25,244,29,13.302
481,1.7966,86,168,"2026-06-28_SMSSV",4.476676515355,NA,NA,NA,NA,NA,NA,NA,NA,NA,NA,NA,NA,NA,NA,176,42.971761507,-79.25663311,0.555556,9.48,245,29,13.4028
482,1.8003,86,168,"2026-06-28_SMSSV",4.46588067166845,NA,NA,NA,NA,NA,NA,NA,NA,NA,NA,NA,NA,NA,NA,175.8,42.971731333,-79.256623303,-0.540541,9.48,245,29,13.4352
483,1.804,86,167,"2026-06-28_SMSSV",4.48752468138575,NA,NA,NA,NA,NA,NA,NA,NA,NA,NA,NA,NA,NA,NA,175.8,42.971695793,-79.256616262,-0.540541,9.48,245,29,13.3704
484,1.8078,86,167,"2026-06-28_SMSSV",4.476676515355,NA,NA,NA,NA,NA,NA,NA,NA,NA,NA,NA,NA,NA,NA,175.8,42.971660589,-79.256609641,-0.540541,9.48,245,29,13.4028
485,1.8115,86,167,"2026-06-28_SMSSV",4.4996400287977,NA,NA,NA,NA,NA,NA,NA,NA,NA,NA,NA,NA,NA,NA,175.8,42.971629073,-79.25659975,0,9.44,246,29,13.3344
486,1.8152,86,166,"2026-06-28_SMSSV",4.52161331162959,NA,NA,NA,NA,NA,NA,NA,NA,NA,NA,NA,NA,NA,NA,175.8,42.971591942,-79.256598493,0,9.44,246,29,13.2696
487,1.8189,86,166,"2026-06-28_SMSSV",4.476676515355,NA,NA,NA,NA,NA,NA,NA,NA,NA,NA,NA,NA,NA,NA,175.8,42.971562605,-79.25658592,0,9.48,245,29,13.4028
488,1.8226,86,166,"2026-06-28_SMSSV",4.46588067166845,NA,NA,NA,NA,NA,NA,NA,NA,NA,NA,NA,NA,NA,NA,175.8,42.971526395,-79.256591871,0,9.48,245,29,13.4352
489,1.8263,86,167,"2026-06-28_SMSSV",4.44325957522438,NA,NA,NA,NA,NA,NA,NA,NA,NA,NA,NA,NA,NA,NA,176,42.971496807,-79.256588351,0.540541,9.52,244,29,13.5036
490,1.8301,86,167,"2026-06-28_SMSSV",4.43262411347518,NA,NA,NA,NA,NA,NA,NA,NA,NA,NA,NA,NA,NA,NA,176,42.97145934,-79.256590781,0,9.52,244,29,13.536
491,1.8339,86,167,"2026-06-28_SMSSV",4.3675751222921,NA,NA,NA,NA,NA,NA,NA,NA,NA,NA,NA,NA,NA,NA,175.8,42.971430422,-79.256590362,-0.526316,9.57,243,29,13.7376
492,1.8377,86,166,"2026-06-28_SMSSV",4.37790035898783,NA,NA,NA,NA,NA,NA,NA,NA,NA,NA,NA,NA,NA,NA,175.8,42.971399158,-79.256593045,0.0142248,9.57,243,29,13.7052
493,1.8415,86,166,"2026-06-28_SMSSV",4.37790035898783,NA,NA,NA,NA,NA,NA,NA,NA,NA,NA,NA,NA,NA,NA,175.8,42.971363618,-79.256596313,0.0142248,9.57,243,29,13.7052
494,1.8454,86,166,"2026-06-28_SMSSV",4.3561596096881,NA,NA,NA,NA,NA,NA,NA,NA,NA,NA,NA,NA,NA,NA,175.6,42.971331935,-79.256593883,-0.498596,9.57,243,29,13.7736
495,1.8492,87,166,"2026-06-28_SMSSV",4.3561596096881,NA,NA,NA,NA,NA,NA,NA,NA,NA,NA,NA,NA,NA,NA,175.6,42.971293211,-79.256601007,-0.498596,9.41,240,29,13.7736
496,1.853,87,166,"2026-06-28_SMSSV",4.39985920450546,NA,NA,NA,NA,NA,NA,NA,NA,NA,NA,NA,NA,NA,NA,175.6,42.971265802,-79.256594637,-0.498596,9.37,241,29,13.6368
497,1.8568,87,165,"2026-06-28_SMSSV",4.41033783187792,NA,NA,NA,NA,NA,NA,NA,NA,NA,NA,NA,NA,NA,NA,175.6,42.971227915,-79.256600085,-0.498596,9.37,241,29,13.6044
498,1.8605,87,166,"2026-06-28_SMSSV",4.44325957522438,NA,NA,NA,NA,NA,NA,NA,NA,NA,NA,NA,NA,NA,NA,175.6,42.971200926,-79.256590698,-0.498596,9.33,242,29,13.5036
499,1.8642,86,166,"2026-06-28_SMSSV",4.510599909788,NA,NA,NA,NA,NA,NA,NA,NA,NA,NA,NA,NA,NA,NA,175.6,42.971170583,-79.256575359,-1.03914,9.44,246,29,13.302
500,1.8679,86,166,"2026-06-28_SMSSV",4.55622380171314,NA,NA,NA,NA,NA,NA,NA,NA,NA,NA,NA,NA,NA,NA,175.4,42.971135547,-79.256568402,-1.57968,9.39,247,29,13.1688
501,1.8715,85,167,"2026-06-28_SMSSV",4.59136822773186,NA,NA,NA,NA,NA,NA,NA,NA,NA,NA,NA,NA,NA,NA,175.4,42.971108473,-79.256550716,-1.05336,9.55,250,29,13.068
502,1.8751,84,167,"2026-06-28_SMSSV",4.6633090841261,NA,NA,NA,NA,NA,NA,NA,NA,NA,NA,NA,NA,NA,NA,175,42.971082573,-79.256531605,-2.16447,9.67,254,29,12.8664
503,1.8786,81,166,"2026-06-28_SMSSV",4.67639356528245,NA,NA,NA,NA,NA,NA,NA,NA,NA,NA,NA,NA,NA,NA,174.6,42.9710441,-79.256516602,-3.30733,10.17,264,29,12.8304
504,1.8822,80,166,"2026-06-28_SMSSV",4.62705904127337,NA,NA,NA,NA,NA,NA,NA,NA,NA,NA,NA,NA,NA,NA,174.2,42.971015015,-79.256493467,-3.90562,10.42,266,29,12.9672
505,1.8859,80,166,"2026-06-28_SMSSV",4.60405156537753,NA,NA,NA,NA,NA,NA,NA,NA,NA,NA,NA,NA,NA,NA,174,42.970984421,-79.256476285,-4.44616,10.43,266,29,13.032
506,1.8896,80,166,"2026-06-28_SMSSV",4.510599909788,NA,NA,NA,NA,NA,NA,NA,NA,NA,NA,NA,NA,NA,NA,173.6,42.970946116,-79.256460527,-5.52724,10.53,264,29,13.302
507,1.8933,81,166,"2026-06-28_SMSSV",4.39985920450546,NA,NA,NA,NA,NA,NA,NA,NA,NA,NA,NA,NA,NA,NA,173.4,42.970920216,-79.256442338,-6.06778,10.47,258,29,13.6368
508,1.8972,81,166,"2026-06-28_SMSSV",4.31443610320131,NA,NA,NA,NA,NA,NA,NA,NA,NA,NA,NA,NA,NA,NA,173.2,42.970884341,-79.256436722,-6.5806,10.57,256,29,13.9068
509,1.9011,81,166,"2026-06-28_SMSSV",4.30440771349862,NA,NA,NA,NA,NA,NA,NA,NA,NA,NA,NA,NA,NA,NA,173,42.97085358,-79.25642658,-7.09342,10.57,256,29,13.9392
510,1.9049,82,166,"2026-06-28_SMSSV",4.3561596096881,NA,NA,NA,NA,NA,NA,NA,NA,NA,NA,NA,NA,NA,NA,173,42.970819549,-79.25642549,-6.55288,10.32,254,29,13.7736
511,1.9087,83,166,"2026-06-28_SMSSV",4.41033783187792,NA,NA,NA,NA,NA,NA,NA,NA,NA,NA,NA,NA,NA,NA,173,42.970781663,-79.256428005,-6.55288,10.08,252,29,13.6044
512,1.9125,83,166,"2026-06-28_SMSSV",4.42086648983201,NA,NA,NA,NA,NA,NA,NA,NA,NA,NA,NA,NA,NA,NA,172.8,42.970752829,-79.25642021,-5.96809,10.08,252,29,13.572
513,1.9162,84,165,"2026-06-28_SMSSV",4.42086648983201,NA,NA,NA,NA,NA,NA,NA,NA,NA,NA,NA,NA,NA,NA,172.8,42.970712931,-79.256423479,-4.82523,9.9,249,29,13.572
514,1.92,84,165,"2026-06-28_SMSSV",4.44325957522438,NA,NA,NA,NA,NA,NA,NA,NA,NA,NA,NA,NA,NA,NA,172.8,42.970685606,-79.256418952,-3.71412,9.86,250,29,13.5036
515,1.9237,84,164,"2026-06-28_SMSSV",4.44325957522438,NA,NA,NA,NA,NA,NA,NA,NA,NA,NA,NA,NA,NA,NA,172.8,42.97065166,-79.256419036,-3.17358,9.86,250,29,13.5036
516,1.9275,85,165,"2026-06-28_SMSSV",4.44325957522438,NA,NA,NA,NA,NA,NA,NA,NA,NA,NA,NA,NA,NA,NA,172.8,42.9706183,-79.256419204,-2.0925,9.69,247,29,13.5036
517,1.9311,84,164,"2026-06-28_SMSSV",4.54504135987638,NA,NA,NA,NA,NA,NA,NA,NA,NA,NA,NA,NA,NA,NA,172.6,42.970592064,-79.256413504,-2.10751,9.77,252,29,13.2012
518,1.9347,85,164,"2026-06-28_SMSSV",4.61552663158866,NA,NA,NA,NA,NA,NA,NA,NA,NA,NA,NA,NA,NA,NA,172.6,42.970554681,-79.25641736,-1.59469,9.51,251,29,12.9996
519,1.9383,85,164,"2026-06-28_SMSSV",4.65159549725556,NA,NA,NA,NA,NA,NA,NA,NA,NA,NA,NA,NA,NA,NA,172.6,42.970528697,-79.25641057,-1.08187,9.5,251,29,12.8988
520,1.9419,85,164,"2026-06-28_SMSSV",4.61552663158866,NA,NA,NA,NA,NA,NA,NA,NA,NA,NA,NA,NA,NA,NA,172.6,42.970493493,-79.256415013,-1.08187,9.51,251,29,12.9996
521,1.9455,85,165,"2026-06-28_SMSSV",4.63994060876021,NA,NA,NA,NA,NA,NA,NA,NA,NA,NA,NA,NA,NA,NA,172.6,42.970463654,-79.256414091,-1.08187,9.5,251,29,12.9312
522,1.9492,85,165,"2026-06-28_SMSSV",4.60405156537753,NA,NA,NA,NA,NA,NA,NA,NA,NA,NA,NA,NA,NA,NA,172.6,42.970429539,-79.256414761,-0.555556,9.55,250,29,13.032
523,1.9528,86,165,"2026-06-28_SMSSV",4.61552663158866,NA,NA,NA,NA,NA,NA,NA,NA,NA,NA,NA,NA,NA,NA,172.6,42.970397772,-79.256415683,-0.555556,9.35,248,29,12.9996
524,1.9564,86,165,"2026-06-28_SMSSV",4.59136822773186,NA,NA,NA,NA,NA,NA,NA,NA,NA,NA,NA,NA,NA,NA,172.4,42.970370363,-79.256411241,-1.11111,9.35,248,29,13.068
525,1.96,86,165,"2026-06-28_SMSSV",4.63994060876021,NA,NA,NA,NA,NA,NA,NA,NA,NA,NA,NA,NA,NA,NA,172.4,42.970334321,-79.256417108,-1.11111,9.31,249,29,12.9312
526,1.9635,86,165,"2026-06-28_SMSSV",4.67639356528245,NA,NA,NA,NA,NA,NA,NA,NA,NA,NA,NA,NA,NA,NA,172.4,42.970309594,-79.256408559,-1.11111,9.3,249,29,12.8304
527,1.9671,86,165,"2026-06-28_SMSSV",4.6633090841261,NA,NA,NA,NA,NA,NA,NA,NA,NA,NA,NA,NA,NA,NA,172.6,42.970272965,-79.256415013,0,9.3,249,29,12.8664
528,1.9707,86,164,"2026-06-28_SMSSV",4.67639356528245,NA,NA,NA,NA,NA,NA,NA,NA,NA,NA,NA,NA,NA,NA,172.4,42.970244299,-79.25640881,-0.555556,9.3,249,29,12.8304
529,1.9742,85,165,"2026-06-28_SMSSV",4.73754026909229,NA,NA,NA,NA,NA,NA,NA,NA,NA,NA,NA,NA,NA,NA,172.6,42.97021161,-79.256406799,0.015873,9.41,253,29,12.6648
530,1.9777,85,165,"2026-06-28_SMSSV",4.73754026909229,NA,NA,NA,NA,NA,NA,NA,NA,NA,NA,NA,NA,NA,NA,172.6,42.970173975,-79.256408726,0.015873,9.41,253,29,12.6648
531,1.9813,85,165,"2026-06-28_SMSSV",4.67639356528245,NA,NA,NA,NA,NA,NA,NA,NA,NA,NA,NA,NA,NA,NA,172.4,42.970144974,-79.256402524,-0.539683,9.46,252,29,12.8304
532,1.9849,85,165,"2026-06-28_SMSSV",4.63994060876021,NA,NA,NA,NA,NA,NA,NA,NA,NA,NA,NA,NA,NA,NA,172.4,42.970107255,-79.256408978,-0.539683,9.5,251,29,12.9312
533,1.9885,85,165,"2026-06-28_SMSSV",4.61552663158866,NA,NA,NA,NA,NA,NA,NA,NA,NA,NA,NA,NA,NA,NA,172.4,42.97007993,-79.256404116,-0.539683,9.51,251,29,12.9996
534,1.9921,85,165,"2026-06-28_SMSSV",4.58001282403591,NA,NA,NA,NA,NA,NA,NA,NA,NA,NA,NA,NA,NA,NA,172.2,42.970042463,-79.256410068,-0.539683,9.55,250,29,13.1004
535,1.9958,86,164,"2026-06-28_SMSSV",4.59136822773186,NA,NA,NA,NA,NA,NA,NA,NA,NA,NA,NA,NA,NA,NA,172.2,42.970013462,-79.256408056,-0.539683,9.35,248,29,13.068
536,1.9994,86,165,"2026-06-28_SMSSV",4.63994060876021,NA,NA,NA,NA,NA,NA,NA,NA,NA,NA,NA,NA,NA,NA,172.2,42.969982532,-79.256406296,-0.539683,9.31,249,29,12.9312
537,2.0029,86,165,"2026-06-28_SMSSV",4.7001316036849,NA,NA,NA,NA,NA,NA,NA,NA,NA,NA,NA,NA,NA,NA,172.2,42.969946742,-79.256405374,-1.09524,9.26,250,29,12.7656
538,2.0065,86,165,"2026-06-28_SMSSV",4.6882325363338,NA,NA,NA,NA,NA,NA,NA,NA,NA,NA,NA,NA,NA,NA,172.4,42.969917992,-79.256398417,0.015873,9.26,250,29,12.798
539,2.01,86,165,"2026-06-28_SMSSV",4.67639356528245,NA,NA,NA,NA,NA,NA,NA,NA,NA,NA,NA,NA,NA,NA,172.4,42.969881027,-79.256399339,-0.555556,9.3,249,29,12.8304
540,2.0136,86,165,"2026-06-28_SMSSV",4.61552663158866,NA,NA,NA,NA,NA,NA,NA,NA,NA,NA,NA,NA,NA,NA,172.4,42.9698532,-79.256393639,-0.555556,9.35,248,29,12.9996
541,2.0173,86,165,"2026-06-28_SMSSV",4.59136822773186,NA,NA,NA,NA,NA,NA,NA,NA,NA,NA,NA,NA,NA,NA,172.4,42.969813805,-79.256399003,0,9.35,248,29,13.068
542,2.0209,86,165,"2026-06-28_SMSSV",4.54504135987638,NA,NA,NA,NA,NA,NA,NA,NA,NA,NA,NA,NA,NA,NA,172.2,42.969785306,-79.256399003,-0.555556,9.4,247,29,13.2012
543,2.0246,86,165,"2026-06-28_SMSSV",4.55622380171314,NA,NA,NA,NA,NA,NA,NA,NA,NA,NA,NA,NA,NA,NA,172.2,42.969752533,-79.256399087,-0.555556,9.39,247,29,13.1688
544,2.0282,86,165,"2026-06-28_SMSSV",4.55622380171314,NA,NA,NA,NA,NA,NA,NA,NA,NA,NA,NA,NA,NA,NA,172.2,42.969719089,-79.256398249,0,9.39,247,29,13.1688
545,2.0318,86,165,"2026-06-28_SMSSV",4.63994060876021,NA,NA,NA,NA,NA,NA,NA,NA,NA,NA,NA,NA,NA,NA,172.2,42.969694027,-79.256388275,0,9.31,249,29,12.9312
546,2.0354,86,164,"2026-06-28_SMSSV",4.6882325363338,NA,NA,NA,NA,NA,NA,NA,NA,NA,NA,NA,NA,NA,NA,172,42.969655973,-79.256395232,-0.555556,9.26,250,29,12.798
547,2.0389,85,164,"2026-06-28_SMSSV",4.73754026909229,NA,NA,NA,NA,NA,NA,NA,NA,NA,NA,NA,NA,NA,NA,172,42.969631331,-79.256391795,-0.555556,9.41,253,29,12.6648
548,2.0424,85,164,"2026-06-28_SMSSV",4.78927203065134,NA,NA,NA,NA,NA,NA,NA,NA,NA,NA,NA,NA,NA,NA,172,42.969592858,-79.256391627,-1.11111,9.36,254,29,12.528
549,2.0458,85,165,"2026-06-28_SMSSV",4.84073966502082,NA,NA,NA,NA,NA,NA,NA,NA,NA,NA,NA,NA,NA,NA,171.8,42.96956394,-79.256387436,-1.69935,9.31,255,29,12.3948
550,2.0494,85,165,"2026-06-28_SMSSV",4.7001316036849,NA,NA,NA,NA,NA,NA,NA,NA,NA,NA,NA,NA,NA,NA,171.8,42.969526808,-79.256384084,-1.69935,9.45,252,29,12.7656
551,2.053,86,165,"2026-06-28_SMSSV",4.58001282403591,NA,NA,NA,NA,NA,NA,NA,NA,NA,NA,NA,NA,NA,NA,171.8,42.969494035,-79.256378719,-1.69935,9.39,247,29,13.1004
552,2.0567,87,166,"2026-06-28_SMSSV",4.48752468138575,NA,NA,NA,NA,NA,NA,NA,NA,NA,NA,NA,NA,NA,NA,171.8,42.969462268,-79.256370002,-1.14379,9.28,243,29,13.3704
553,2.0605,87,166,"2026-06-28_SMSSV",4.39985920450546,NA,NA,NA,NA,NA,NA,NA,NA,NA,NA,NA,NA,NA,NA,171.8,42.969425387,-79.256362961,-1.14379,9.37,241,29,13.6368
554,2.0644,87,166,"2026-06-28_SMSSV",4.33576135969476,NA,NA,NA,NA,NA,NA,NA,NA,NA,NA,NA,NA,NA,NA,171.8,42.969396051,-79.256352316,-1.14379,9.41,240,29,13.8384
555,2.0682,87,165,"2026-06-28_SMSSV",4.33576135969476,NA,NA,NA,NA,NA,NA,NA,NA,NA,NA,NA,NA,NA,NA,172,42.969355566,-79.256350472,-0.617475,9.41,240,29,13.8384
556,2.072,87,165,"2026-06-28_SMSSV",4.37790035898783,NA,NA,NA,NA,NA,NA,NA,NA,NA,NA,NA,NA,NA,NA,172,42.96932975,-79.256337396,-0.0619195,9.37,241,29,13.7052
557,2.0758,87,165,"2026-06-28_SMSSV",4.38827453045463,NA,NA,NA,NA,NA,NA,NA,NA,NA,NA,NA,NA,NA,NA,172,42.96928717,-79.256331613,-0.0619195,9.37,241,29,13.6728
558,2.0796,87,165,"2026-06-28_SMSSV",4.3675751222921,NA,NA,NA,NA,NA,NA,NA,NA,NA,NA,NA,NA,NA,NA,172,42.969253558,-79.256319794,-0.0619195,9.41,240,29,13.7376
559,2.0835,87,165,"2026-06-28_SMSSV",4.34593654932638,NA,NA,NA,NA,NA,NA,NA,NA,NA,NA,NA,NA,NA,NA,172,42.969214415,-79.256315184,0.526316,9.41,240,29,13.806
560,2.0873,88,165,"2026-06-28_SMSSV",4.3561596096881,NA,NA,NA,NA,NA,NA,NA,NA,NA,NA,NA,NA,NA,NA,172,42.969183066,-79.25630521,0.526316,9.22,238,29,13.7736
561,2.0912,87,165,"2026-06-28_SMSSV",4.31443610320131,NA,NA,NA,NA,NA,NA,NA,NA,NA,NA,NA,NA,NA,NA,172,42.969149539,-79.256295571,0.526316,9.45,239,29,13.9068
562,2.095,88,166,"2026-06-28_SMSSV",4.30440771349862,NA,NA,NA,NA,NA,NA,NA,NA,NA,NA,NA,NA,NA,NA,172,42.969114502,-79.256287189,0.526316,9.26,237,29,13.9392
563,2.0989,88,165,"2026-06-28_SMSSV",4.3561596096881,NA,NA,NA,NA,NA,NA,NA,NA,NA,NA,NA,NA,NA,NA,171.8,42.969083489,-79.256272604,0.0134953,9.22,238,29,13.7736
564,2.1026,87,166,"2026-06-28_SMSSV",4.38827453045463,NA,NA,NA,NA,NA,NA,NA,NA,NA,NA,NA,NA,NA,NA,172,42.969044094,-79.256264642,0.554036,9.37,241,29,13.6728
565,2.1065,86,165,"2026-06-28_SMSSV",4.3675751222921,NA,NA,NA,NA,NA,NA,NA,NA,NA,NA,NA,NA,NA,NA,172,42.969015261,-79.256247375,0.02772,9.57,243,29,13.7376
566,2.1103,86,165,"2026-06-28_SMSSV",4.34593654932638,NA,NA,NA,NA,NA,NA,NA,NA,NA,NA,NA,NA,NA,NA,172.2,42.968976369,-79.2562431,0.554036,9.61,242,29,13.806
567,2.1141,86,165,"2026-06-28_SMSSV",4.34593654932638,NA,NA,NA,NA,NA,NA,NA,NA,NA,NA,NA,NA,NA,NA,172.2,42.968946613,-79.256230192,0.554036,9.61,242,29,13.806
568,2.118,86,165,"2026-06-28_SMSSV",4.31443610320131,NA,NA,NA,NA,NA,NA,NA,NA,NA,NA,NA,NA,NA,NA,172.2,42.968909984,-79.256219044,0.554036,9.65,241,29,13.9068
569,2.1219,86,165,"2026-06-28_SMSSV",4.32451133021969,NA,NA,NA,NA,NA,NA,NA,NA,NA,NA,NA,NA,NA,NA,172.2,42.968878217,-79.256206303,0.554036,9.61,242,29,13.8744
570,2.1257,86,165,"2026-06-28_SMSSV",4.37790035898783,NA,NA,NA,NA,NA,NA,NA,NA,NA,NA,NA,NA,NA,NA,172.2,42.968847706,-79.256197502,0.554036,9.57,243,29,13.7052
571,2.1294,86,165,"2026-06-28_SMSSV",4.41033783187792,NA,NA,NA,NA,NA,NA,NA,NA,NA,NA,NA,NA,NA,NA,172.2,42.968811413,-79.256192641,0.554036,9.53,244,29,13.6044
572,2.1332,86,164,"2026-06-28_SMSSV",4.43262411347518,NA,NA,NA,NA,NA,NA,NA,NA,NA,NA,NA,NA,NA,NA,172.2,42.968783417,-79.256180236,0.554036,9.52,244,29,13.536
573,2.137,86,165,"2026-06-28_SMSSV",4.42086648983201,NA,NA,NA,NA,NA,NA,NA,NA,NA,NA,NA,NA,NA,NA,172.2,42.968742849,-79.256174871,1.06686,9.53,244,29,13.572
574,2.1407,86,165,"2026-06-28_SMSSV",4.41033783187792,NA,NA,NA,NA,NA,NA,NA,NA,NA,NA,NA,NA,NA,NA,172.2,42.968715189,-79.256164981,0.526316,9.53,244,29,13.6044
575,2.1445,86,164,"2026-06-28_SMSSV",4.42086648983201,NA,NA,NA,NA,NA,NA,NA,NA,NA,NA,NA,NA,NA,NA,172.2,42.96867923,-79.256156012,0.526316,9.53,244,29,13.572
576,2.1482,86,165,"2026-06-28_SMSSV",4.46588067166845,NA,NA,NA,NA,NA,NA,NA,NA,NA,NA,NA,NA,NA,NA,172.2,42.968649726,-79.256142936,0,9.48,245,29,13.4352
577,2.152,86,165,"2026-06-28_SMSSV",4.46588067166845,NA,NA,NA,NA,NA,NA,NA,NA,NA,NA,NA,NA,NA,NA,172.4,42.968616869,-79.256133129,0.526316,9.48,245,29,13.4352
578,2.1557,86,165,"2026-06-28_SMSSV",4.476676515355,NA,NA,NA,NA,NA,NA,NA,NA,NA,NA,NA,NA,NA,NA,172.4,42.968584179,-79.256125502,0.526316,9.48,245,29,13.4028
579,2.1594,87,165,"2026-06-28_SMSSV",4.48752468138575,NA,NA,NA,NA,NA,NA,NA,NA,NA,NA,NA,NA,NA,NA,172.4,42.9685561,-79.256112175,0.526316,9.28,243,29,13.3704
580,2.1632,86,165,"2026-06-28_SMSSV",4.44325957522438,NA,NA,NA,NA,NA,NA,NA,NA,NA,NA,NA,NA,NA,NA,172.4,42.96851813,-79.256107229,0.526316,9.52,244,29,13.5036
581,2.1669,87,165,"2026-06-28_SMSSV",4.42086648983201,NA,NA,NA,NA,NA,NA,NA,NA,NA,NA,NA,NA,NA,NA,172.4,42.968491727,-79.256093232,0.526316,9.33,242,29,13.572
582,2.1707,86,165,"2026-06-28_SMSSV",4.46588067166845,NA,NA,NA,NA,NA,NA,NA,NA,NA,NA,NA,NA,NA,NA,172.4,42.96845141,-79.256089208,0.526316,9.48,245,29,13.4352
583,2.1744,86,165,"2026-06-28_SMSSV",4.45394619632995,NA,NA,NA,NA,NA,NA,NA,NA,NA,NA,NA,NA,NA,NA,172.4,42.968426097,-79.256080491,0.526316,9.48,245,29,13.4712
584,2.1781,87,165,"2026-06-28_SMSSV",4.4996400287977,NA,NA,NA,NA,NA,NA,NA,NA,NA,NA,NA,NA,NA,NA,172.4,42.968391982,-79.256070852,0.526316,9.28,243,29,13.3344
585,2.1818,87,166,"2026-06-28_SMSSV",4.52161331162959,NA,NA,NA,NA,NA,NA,NA,NA,NA,NA,NA,NA,NA,NA,172.2,42.9683577,-79.256060039,-0.0142248,9.24,244,29,13.2696
586,2.1855,86,166,"2026-06-28_SMSSV",4.53391367428364,NA,NA,NA,NA,NA,NA,NA,NA,NA,NA,NA,NA,NA,NA,172.2,42.96832719,-79.256046712,-0.0142248,9.43,246,29,13.2336
587,2.1892,85,166,"2026-06-28_SMSSV",4.48752468138575,NA,NA,NA,NA,NA,NA,NA,NA,NA,NA,NA,NA,NA,NA,172.2,42.968289053,-79.256041851,-0.540541,9.64,248,29,13.3704
588,2.1929,85,167,"2026-06-28_SMSSV",4.45394619632995,NA,NA,NA,NA,NA,NA,NA,NA,NA,NA,NA,NA,NA,NA,172,42.968259632,-79.256025841,-1.08108,9.69,247,29,13.4712
589,2.1967,85,166,"2026-06-28_SMSSV",4.37790035898783,NA,NA,NA,NA,NA,NA,NA,NA,NA,NA,NA,NA,NA,NA,172,42.968219986,-79.25601989,-1.08108,9.77,245,29,13.7052
590,2.2005,85,166,"2026-06-28_SMSSV",4.37790035898783,NA,NA,NA,NA,NA,NA,NA,NA,NA,NA,NA,NA,NA,NA,172,42.968191068,-79.256002959,-1.08108,9.77,245,29,13.7052
591,2.2044,86,166,"2026-06-28_SMSSV",4.33576135969476,NA,NA,NA,NA,NA,NA,NA,NA,NA,NA,NA,NA,NA,NA,172,42.968152595,-79.255996421,-1.08108,9.61,242,29,13.8384
592,2.2082,86,165,"2026-06-28_SMSSV",4.3561596096881,NA,NA,NA,NA,NA,NA,NA,NA,NA,NA,NA,NA,NA,NA,172,42.968119738,-79.255986949,-1.08108,9.61,242,29,13.7736
593,2.212,87,165,"2026-06-28_SMSSV",4.41033783187792,NA,NA,NA,NA,NA,NA,NA,NA,NA,NA,NA,NA,NA,NA,172,42.968087468,-79.25597907,-1.08108,9.37,241,29,13.6044
594,2.2158,87,165,"2026-06-28_SMSSV",4.43262411347518,NA,NA,NA,NA,NA,NA,NA,NA,NA,NA,NA,NA,NA,NA,172,42.968052851,-79.255971526,-1.08108,9.33,242,29,13.536
595,2.2195,87,165,"2026-06-28_SMSSV",4.38827453045463,NA,NA,NA,NA,NA,NA,NA,NA,NA,NA,NA,NA,NA,NA,171.8,42.968020748,-79.25595711,-1.08108,9.37,241,29,13.6728
596,2.2234,88,165,"2026-06-28_SMSSV",4.3561596096881,NA,NA,NA,NA,NA,NA,NA,NA,NA,NA,NA,NA,NA,NA,171.8,42.967982359,-79.255953338,-1.08108,9.22,238,29,13.7736
597,2.2272,88,165,"2026-06-28_SMSSV",4.31443610320131,NA,NA,NA,NA,NA,NA,NA,NA,NA,NA,NA,NA,NA,NA,171.8,42.967954363,-79.255944369,-1.08108,9.26,237,29,13.9068
598,2.2312,87,166,"2026-06-28_SMSSV",4.25278557455133,NA,NA,NA,NA,NA,NA,NA,NA,NA,NA,NA,NA,NA,NA,171.8,42.967916226,-79.255942022,-0.540541,9.5,238,29,14.1084
599,2.2351,87,166,"2026-06-28_SMSSV",4.2322668020992,NA,NA,NA,NA,NA,NA,NA,NA,NA,NA,NA,NA,NA,NA,172,42.967886051,-79.255928862,-0.02772,9.53,237,29,14.1768
600,2.239,87,166,"2026-06-28_SMSSV",4.2322668020992,NA,NA,NA,NA,NA,NA,NA,NA,NA,NA,NA,NA,NA,NA,172,42.967847745,-79.255926432,-0.02772,9.53,237,29,14.1768
601,2.243,87,166,"2026-06-28_SMSSV",4.2322668020992,NA,NA,NA,NA,NA,NA,NA,NA,NA,NA,NA,NA,NA,NA,172.2,42.967814637,-79.255918217,0.47228,9.53,237,29,14.1768
602,2.2469,86,166,"2026-06-28_SMSSV",4.2322668020992,NA,NA,NA,NA,NA,NA,NA,NA,NA,NA,NA,NA,NA,NA,172.2,42.967778679,-79.25591059,0.47228,9.73,239,29,14.1768
603,2.2509,86,166,"2026-06-28_SMSSV",4.2322668020992,NA,NA,NA,NA,NA,NA,NA,NA,NA,NA,NA,NA,NA,NA,172,42.967740289,-79.255908411,-0.02772,9.73,239,29,14.1768
604,2.2548,87,166,"2026-06-28_SMSSV",4.26257459505541,NA,NA,NA,NA,NA,NA,NA,NA,NA,NA,NA,NA,NA,NA,172,42.967710701,-79.255895586,-0.02772,9.49,238,29,14.076
605,2.2587,86,166,"2026-06-28_SMSSV",4.25278557455133,NA,NA,NA,NA,NA,NA,NA,NA,NA,NA,NA,NA,NA,NA,171.8,42.96767139,-79.255888126,0,9.69,240,29,14.1084
606,2.2626,86,166,"2026-06-28_SMSSV",4.29331959471063,NA,NA,NA,NA,NA,NA,NA,NA,NA,NA,NA,NA,NA,NA,171.8,42.96764482,-79.25587153,0,9.65,241,29,13.9752
607,2.2664,85,166,"2026-06-28_SMSSV",4.33576135969476,NA,NA,NA,NA,NA,NA,NA,NA,NA,NA,NA,NA,NA,NA,171.8,42.96760752,-79.255861388,0,9.81,244,29,13.8384
608,2.2702,85,165,"2026-06-28_SMSSV",4.38827453045463,NA,NA,NA,NA,NA,NA,NA,NA,NA,NA,NA,NA,NA,NA,171.8,42.967578016,-79.255847642,0,9.73,246,29,13.6728
609,2.274,85,165,"2026-06-28_SMSSV",4.37790035898783,NA,NA,NA,NA,NA,NA,NA,NA,NA,NA,NA,NA,NA,NA,171.8,42.967547925,-79.255831716,-0.512821,9.77,245,29,13.7052
610,2.2778,85,166,"2026-06-28_SMSSV",4.41033783187792,NA,NA,NA,NA,NA,NA,NA,NA,NA,NA,NA,NA,NA,NA,171.8,42.967512721,-79.255824256,-0.512821,9.73,246,29,13.6044
611,2.2815,86,165,"2026-06-28_SMSSV",4.44325957522438,NA,NA,NA,NA,NA,NA,NA,NA,NA,NA,NA,NA,NA,NA,171.8,42.967484138,-79.255808415,-1.01282,9.69,247,29,13.5036
612,2.2852,86,165,"2026-06-28_SMSSV",4.4996400287977,NA,NA,NA,NA,NA,NA,NA,NA,NA,NA,NA,NA,NA,NA,171.8,42.967445246,-79.255805565,-1.01282,9.44,246,29,13.3344
613,2.289,86,165,"2026-06-28_SMSSV",4.46588067166845,NA,NA,NA,NA,NA,NA,NA,NA,NA,NA,NA,NA,NA,NA,171.8,42.967416413,-79.255798775,-0.512821,9.48,245,29,13.4352
614,2.2927,86,165,"2026-06-28_SMSSV",4.45394619632995,NA,NA,NA,NA,NA,NA,NA,NA,NA,NA,NA,NA,NA,NA,171.8,42.967376263,-79.255788549,-0.512821,9.48,245,29,13.4712
615,2.2964,85,165,"2026-06-28_SMSSV",4.46588067166845,NA,NA,NA,NA,NA,NA,NA,NA,NA,NA,NA,NA,NA,NA,171.6,42.967340556,-79.255780754,-0.540541,9.48,245,29,13.4352
616,2.3002,85,165,"2026-06-28_SMSSV",4.44325957522438,NA,NA,NA,NA,NA,NA,NA,NA,NA,NA,NA,NA,NA,NA,171.8,42.967310968,-79.255770612,-0.0142248,9.69,247,29,13.5036
617,2.304,85,165,"2026-06-28_SMSSV",4.34593654932638,NA,NA,NA,NA,NA,NA,NA,NA,NA,NA,NA,NA,NA,NA,171.8,42.967269478,-79.255769858,-0.0142248,9.78,245,29,13.806
618,2.3079,85,165,"2026-06-28_SMSSV",4.34593654932638,NA,NA,NA,NA,NA,NA,NA,NA,NA,NA,NA,NA,NA,NA,171.8,42.967241231,-79.255761644,-0.0142248,9.78,245,29,13.806
619,2.3117,85,166,"2026-06-28_SMSSV",4.34593654932638,NA,NA,NA,NA,NA,NA,NA,NA,NA,NA,NA,NA,NA,NA,171.8,42.96720544,-79.255763488,-0.0142248,9.78,245,29,13.806
620,2.3155,85,166,"2026-06-28_SMSSV",4.3675751222921,NA,NA,NA,NA,NA,NA,NA,NA,NA,NA,NA,NA,NA,NA,171.8,42.967175014,-79.255756028,-0.0142248,9.77,245,29,13.7376
621,2.3193,85,166,"2026-06-28_SMSSV",4.43262411347518,NA,NA,NA,NA,NA,NA,NA,NA,NA,NA,NA,NA,NA,NA,171.8,42.967143246,-79.25575125,-0.0142248,9.69,247,29,13.536
622,2.323,85,167,"2026-06-28_SMSSV",4.48752468138575,NA,NA,NA,NA,NA,NA,NA,NA,NA,NA,NA,NA,NA,NA,171.6,42.96710712,-79.255748819,-0.554765,9.64,248,29,13.3704
623,2.3267,85,166,"2026-06-28_SMSSV",4.48752468138575,NA,NA,NA,NA,NA,NA,NA,NA,NA,NA,NA,NA,NA,NA,171.6,42.967081723,-79.255736749,-0.554765,9.64,248,29,13.3704
624,2.3304,85,166,"2026-06-28_SMSSV",4.510599909788,NA,NA,NA,NA,NA,NA,NA,NA,NA,NA,NA,NA,NA,NA,171.6,42.967043083,-79.255738677,-0.554765,9.64,248,29,13.302
625,2.3341,85,166,"2026-06-28_SMSSV",4.46588067166845,NA,NA,NA,NA,NA,NA,NA,NA,NA,NA,NA,NA,NA,NA,171.8,42.967013914,-79.25572996,0.526316,9.68,247,29,13.4352
626,2.3379,85,166,"2026-06-28_SMSSV",4.41033783187792,NA,NA,NA,NA,NA,NA,NA,NA,NA,NA,NA,NA,NA,NA,171.8,42.966972759,-79.255725182,0,9.73,246,29,13.6044
627,2.3417,85,167,"2026-06-28_SMSSV",4.38827453045463,NA,NA,NA,NA,NA,NA,NA,NA,NA,NA,NA,NA,NA,NA,171.8,42.966941494,-79.255720405,0,9.73,246,29,13.6728
628,2.3455,85,166,"2026-06-28_SMSSV",4.39985920450546,NA,NA,NA,NA,NA,NA,NA,NA,NA,NA,NA,NA,NA,NA,172,42.966910313,-79.255712609,0.526316,9.73,246,29,13.6368
629,2.3493,85,165,"2026-06-28_SMSSV",4.43262411347518,NA,NA,NA,NA,NA,NA,NA,NA,NA,NA,NA,NA,NA,NA,172,42.966870499,-79.255715124,0.526316,9.69,247,29,13.536
630,2.353,84,166,"2026-06-28_SMSSV",4.48752468138575,NA,NA,NA,NA,NA,NA,NA,NA,NA,NA,NA,NA,NA,NA,172.2,42.966843593,-79.255707496,1.06686,9.81,251,29,13.3704
631,2.3566,84,166,"2026-06-28_SMSSV",4.5687134502924,NA,NA,NA,NA,NA,NA,NA,NA,NA,NA,NA,NA,NA,NA,172.2,42.966806042,-79.255711604,1.06686,9.76,252,29,13.1328
632,2.3603,84,166,"2026-06-28_SMSSV",4.58001282403591,NA,NA,NA,NA,NA,NA,NA,NA,NA,NA,NA,NA,NA,NA,172.2,42.966776119,-79.255709843,1.6074,9.72,253,29,13.1004
633,2.3639,84,166,"2026-06-28_SMSSV",4.60405156537753,NA,NA,NA,NA,NA,NA,NA,NA,NA,NA,NA,NA,NA,NA,172.2,42.966743933,-79.255707077,1.6074,9.72,253,29,13.032
634,2.3675,84,166,"2026-06-28_SMSSV",4.60405156537753,NA,NA,NA,NA,NA,NA,NA,NA,NA,NA,NA,NA,NA,NA,172.2,42.966710405,-79.255712693,1.6074,9.72,253,29,13.032
635,2.3711,84,166,"2026-06-28_SMSSV",4.59136822773186,NA,NA,NA,NA,NA,NA,NA,NA,NA,NA,NA,NA,NA,NA,172.2,42.96667956,-79.25570582,1.06686,9.72,253,29,13.068
636,2.3748,86,166,"2026-06-28_SMSSV",4.53391367428364,NA,NA,NA,NA,NA,NA,NA,NA,NA,NA,NA,NA,NA,NA,172.2,42.966642092,-79.255715208,1.06686,9.43,246,29,13.2336
637,2.3785,85,166,"2026-06-28_SMSSV",4.54504135987638,NA,NA,NA,NA,NA,NA,NA,NA,NA,NA,NA,NA,NA,NA,172.4,42.966613845,-79.255718393,1.6074,9.6,249,29,13.2012
638,2.3822,85,166,"2026-06-28_SMSSV",4.52161331162959,NA,NA,NA,NA,NA,NA,NA,NA,NA,NA,NA,NA,NA,NA,172.4,42.96658015,-79.255722584,1.08108,9.6,249,29,13.2696
639,2.3858,85,166,"2026-06-28_SMSSV",4.52161331162959,NA,NA,NA,NA,NA,NA,NA,NA,NA,NA,NA,NA,NA,NA,172.4,42.966548047,-79.255729038,1.08108,9.6,249,29,13.2696
640,2.3895,85,166,"2026-06-28_SMSSV",4.60405156537753,NA,NA,NA,NA,NA,NA,NA,NA,NA,NA,NA,NA,NA,NA,172.6,42.966526255,-79.255723087,1.08108,9.55,250,29,13.032
641,2.393,85,166,"2026-06-28_SMSSV",4.6882325363338,NA,NA,NA,NA,NA,NA,NA,NA,NA,NA,NA,NA,NA,NA,172.8,42.966492392,-79.255736079,1.65251,9.46,252,29,12.798
642,2.3965,84,166,"2026-06-28_SMSSV",4.82811896485129,NA,NA,NA,NA,NA,NA,NA,NA,NA,NA,NA,NA,NA,NA,173,42.966468336,-79.25574027,2.22394,9.32,255,29,12.4272
643,2.3998,84,166,"2026-06-28_SMSSV",4.99001996007984,NA,NA,NA,NA,NA,NA,NA,NA,NA,NA,NA,NA,NA,NA,173.2,42.966441681,-79.255738342,2.83,9.37,260,29,12.024
644,2.403,83,166,"2026-06-28_SMSSV",5.17759138448794,NA,NA,NA,NA,NA,NA,NA,NA,NA,NA,NA,NA,NA,NA,173.4,42.966408908,-79.255750328,3.455,9.37,266,29,11.5884
645,2.4062,83,166,"2026-06-28_SMSSV",5.20833333333333,NA,NA,NA,NA,NA,NA,NA,NA,NA,NA,NA,NA,NA,NA,173.6,42.966385103,-79.255748568,4.08,9.32,267,29,11.52
646,2.4094,82,166,"2026-06-28_SMSSV",5.25430853299706,NA,NA,NA,NA,NA,NA,NA,NA,NA,NA,NA,NA,NA,NA,173.6,42.966352079,-79.255749741,4.08,9.48,270,29,11.4192
647,2.4126,83,166,"2026-06-28_SMSSV",5.22302308576204,NA,NA,NA,NA,NA,NA,NA,NA,NA,NA,NA,NA,NA,NA,173.6,42.966319892,-79.255750412,3.53946,9.32,267,29,11.4876
648,2.4158,83,166,"2026-06-28_SMSSV",5.16315572077654,NA,NA,NA,NA,NA,NA,NA,NA,NA,NA,NA,NA,NA,NA,173.6,42.966292986,-79.255744712,3.53946,9.37,266,29,11.6208
649,2.4191,83,166,"2026-06-28_SMSSV",5.01705799719045,NA,NA,NA,NA,NA,NA,NA,NA,NA,NA,NA,NA,NA,NA,173.6,42.966251747,-79.255748316,3.53946,9.49,264,29,11.9592
650,2.4225,83,166,"2026-06-28_SMSSV",4.89332550401253,NA,NA,NA,NA,NA,NA,NA,NA,NA,NA,NA,NA,NA,NA,173.6,42.966222662,-79.255746305,2.99892,9.63,261,29,12.2616
651,2.426,83,165,"2026-06-28_SMSSV",4.77554918815664,NA,NA,NA,NA,NA,NA,NA,NA,NA,NA,NA,NA,NA,NA,173.8,42.966192655,-79.255743287,2.99892,9.74,259,29,12.564
652,2.4296,83,166,"2026-06-28_SMSSV",4.63994060876021,NA,NA,NA,NA,NA,NA,NA,NA,NA,NA,NA,NA,NA,NA,173.8,42.966156277,-79.255745718,2.42749,9.85,257,29,12.9312
653,2.4333,83,165,"2026-06-28_SMSSV",4.510599909788,NA,NA,NA,NA,NA,NA,NA,NA,NA,NA,NA,NA,NA,NA,173.8,42.966129874,-79.255737923,1.82143,9.99,254,29,13.302
654,2.4371,83,166,"2026-06-28_SMSSV",4.45394619632995,NA,NA,NA,NA,NA,NA,NA,NA,NA,NA,NA,NA,NA,NA,173.8,42.966091234,-79.255741108,1.19643,10.04,253,29,13.4712
655,2.4409,83,166,"2026-06-28_SMSSV",4.39985920450546,NA,NA,NA,NA,NA,NA,NA,NA,NA,NA,NA,NA,NA,NA,173.8,42.966056114,-79.255737252,0.571429,10.12,251,29,13.6368
656,2.4447,83,166,"2026-06-28_SMSSV",4.37790035898783,NA,NA,NA,NA,NA,NA,NA,NA,NA,NA,NA,NA,NA,NA,173.8,42.966025352,-79.255729289,0.571429,10.13,251,29,13.7052
657,2.4485,83,166,"2026-06-28_SMSSV",4.3675751222921,NA,NA,NA,NA,NA,NA,NA,NA,NA,NA,NA,NA,NA,NA,173.8,42.965986209,-79.255728284,0.571429,10.13,251,29,13.7376
658,2.4523,84,166,"2026-06-28_SMSSV",4.3561596096881,NA,NA,NA,NA,NA,NA,NA,NA,NA,NA,NA,NA,NA,NA,173.8,42.965956872,-79.255717052,0.571429,9.95,248,30,13.7736
659,2.4561,85,167,"2026-06-28_SMSSV",4.34593654932638,NA,NA,NA,NA,NA,NA,NA,NA,NA,NA,NA,NA,NA,NA,173.8,42.965918147,-79.255709927,0.571429,9.78,245,29,13.806
660,2.46,83,167,"2026-06-28_SMSSV",4.34593654932638,NA,NA,NA,NA,NA,NA,NA,NA,NA,NA,NA,NA,NA,NA,173.6,42.965882357,-79.255700707,0.0586081,10.17,250,29,13.806
661,2.4638,84,167,"2026-06-28_SMSSV",4.30440771349862,NA,NA,NA,NA,NA,NA,NA,NA,NA,NA,NA,NA,NA,NA,173.8,42.965849332,-79.255688889,0.0134953,10.03,246,30,13.9392
662,2.4678,84,167,"2026-06-28_SMSSV",4.24304141208418,NA,NA,NA,NA,NA,NA,NA,NA,NA,NA,NA,NA,NA,NA,173.6,42.965806752,-79.255687045,-0.486505,10.08,245,29,14.1408
663,2.4717,84,168,"2026-06-28_SMSSV",4.22261633307998,NA,NA,NA,NA,NA,NA,NA,NA,NA,NA,NA,NA,NA,NA,173.6,42.965776158,-79.255674304,-0.486505,10.12,244,29,14.2092
664,2.4757,83,167,"2026-06-28_SMSSV",4.16354400866017,NA,NA,NA,NA,NA,NA,NA,NA,NA,NA,NA,NA,NA,NA,173.8,42.965741289,-79.255667431,0.0134953,10.35,246,29,14.4108
665,2.4798,83,168,"2026-06-28_SMSSV",4.10610166707728,NA,NA,NA,NA,NA,NA,NA,NA,NA,NA,NA,NA,NA,NA,173.8,42.965705582,-79.255663491,0.0134953,10.43,244,29,14.6124
666,2.4839,83,168,"2026-06-28_SMSSV",4.05022276225192,NA,NA,NA,NA,NA,NA,NA,NA,NA,NA,NA,NA,NA,NA,173.6,42.965651519,-79.255654523,-0.47431,10.48,243,30,14.814
667,2.4884,84,168,"2026-06-28_SMSSV",3.69058163566578,NA,NA,NA,NA,NA,NA,NA,NA,NA,NA,NA,NA,NA,NA,173.6,42.965602485,-79.255635244,-0.47431,10.71,229,30,16.2576
668,2.4934,85,168,"2026-06-28_SMSSV",3.32005312084993,NA,NA,NA,NA,NA,NA,NA,NA,NA,NA,NA,NA,NA,NA,173.8,42.965548757,-79.255613284,-0.0743096,11.18,215,29,18.072
