"SECS","KM","CAD","HR","ID","PACE","WATTS","LRBALANCE","LTE","RTE","LPS","RPS","LPPB","RPPB","LPPE","RPPE","LPPPB","RPPPB","LPPPE","RPPPE","ALT","LAT","LON","SLOPE","RVERT","RCON","TEMP","KPH"
0,0,0,107,"2026-06-21_CCRRE",NA,NA,NA,NA,NA,NA,NA,NA,NA,NA,NA,NA,NA,NA,NA,333.8,43.600947393,-80.255512558,0,0,0,29,0
1,0.00257,0,107,"2026-06-21_CCRRE",NA,NA,NA,NA,NA,NA,NA,NA,NA,NA,NA,NA,NA,NA,NA,333.6,43.600946639,-80.255474923,-7.7821,0,0,29,0
2,0.00757,0,106,"2026-06-21_CCRRE",NA,NA,NA,NA,NA,NA,NA,NA,NA,NA,NA,NA,NA,NA,NA,333.6,43.600945046,-80.255415915,0,0,0,29,0
3,0.01284,0,106,"2026-06-21_CCRRE",7.41070105231955,NA,NA,NA,NA,NA,NA,NA,NA,NA,NA,NA,NA,NA,NA,333.4,43.600940855,-80.255348859,-3.79507,0,0,29,8.0964
4,0.01911,0,107,"2026-06-21_CCRRE",3.60828462149094,NA,NA,NA,NA,NA,NA,NA,NA,NA,NA,NA,NA,NA,NA,333.2,43.600942867,-80.255270572,-3.18979,0,0,29,16.6284
5,0.02489,0,107,"2026-06-21_CCRRE",3.37040781934614,NA,NA,NA,NA,NA,NA,NA,NA,NA,NA,NA,NA,NA,NA,333.2,43.600939682,-80.255203517,0,0,0,29,17.802
6,0.03105,93.5,110,"2026-06-21_CCRRE",2.9820480706149,NA,NA,NA,NA,NA,NA,NA,NA,NA,NA,NA,NA,NA,NA,333.4,43.600940268,-80.255125482,3.24675,9.08,194,29,20.1204
7,0.03647,93.5,113,"2026-06-21_CCRRE",2.90917553965206,NA,NA,NA,NA,NA,NA,NA,NA,NA,NA,NA,NA,NA,NA,333.6,43.600940017,-80.255060857,3.69004,9.04,194,29,20.6244
8,0.04163,93.5,115,"2026-06-21_CCRRE",2.9820480706149,NA,NA,NA,NA,NA,NA,NA,NA,NA,NA,NA,NA,NA,NA,334,43.600940855,-80.254992964,7.75194,9.08,194,29,20.1204
9,0.04694,94,116,"2026-06-21_CCRRE",3.06372549019608,NA,NA,NA,NA,NA,NA,NA,NA,NA,NA,NA,NA,NA,NA,334.2,43.600946387,-80.254931944,3.76648,9.12,194,29,19.584
10,0.05189,94.5,118,"2026-06-21_CCRRE",3.13401027955372,NA,NA,NA,NA,NA,NA,NA,NA,NA,NA,NA,NA,NA,NA,334.4,43.60094798,-80.254868241,0.772865,8.99,192,29,19.1448
11,0.05704,94.5,119,"2026-06-21_CCRRE",3.18369945877109,NA,NA,NA,NA,NA,NA,NA,NA,NA,NA,NA,NA,NA,NA,334.6,43.600952674,-80.254807389,1.93942,9,192,29,18.846
12,0.06145,95,120,"2026-06-21_CCRRE",3.247596778384,NA,NA,NA,NA,NA,NA,NA,NA,NA,NA,NA,NA,NA,NA,334.8,43.600956864,-80.254753744,2.39294,9.02,192,29,18.4752
13,0.06651,94.5,121,"2026-06-21_CCRRE",3.28342526924087,NA,NA,NA,NA,NA,NA,NA,NA,NA,NA,NA,NA,NA,NA,334.8,43.600959463,-80.25468736,2.77245,9.03,192,29,18.2736
14,0.07135,94.5,121,"2026-06-21_CCRRE",3.37655321447866,NA,NA,NA,NA,NA,NA,NA,NA,NA,NA,NA,NA,NA,NA,335,43.600961307,-80.25463271,3.50465,8.99,194,29,17.7696
15,0.07655,93.5,122,"2026-06-21_CCRRE",3.40205484112404,NA,NA,NA,NA,NA,NA,NA,NA,NA,NA,NA,NA,NA,NA,335,43.600962983,-80.254561966,3.50465,9.13,197,29,17.6364
16,0.08146,93.5,122,"2026-06-21_CCRRE",3.37655321447866,NA,NA,NA,NA,NA,NA,NA,NA,NA,NA,NA,NA,NA,NA,335,43.600968096,-80.254505808,3.17997,9.15,196,29,17.7696
17,0.08629,93.5,122,"2026-06-21_CCRRE",3.36360578540195,NA,NA,NA,NA,NA,NA,NA,NA,NA,NA,NA,NA,NA,NA,335.2,43.600970695,-80.254443949,3.22505,9.18,195,29,17.838
18,0.09133,94,123,"2026-06-21_CCRRE",3.36360578540195,NA,NA,NA,NA,NA,NA,NA,NA,NA,NA,NA,NA,NA,NA,335.2,43.60097631,-80.254381755,2.44985,9.18,195,29,17.838
19,0.09561,95,123,"2026-06-21_CCRRE",3.37655321447866,NA,NA,NA,NA,NA,NA,NA,NA,NA,NA,NA,NA,NA,NA,335.2,43.600979244,-80.25433314,2.07321,8.99,194,29,17.7696
20,0.10078,95,123,"2026-06-21_CCRRE",3.38960070503695,NA,NA,NA,NA,NA,NA,NA,NA,NA,NA,NA,NA,NA,NA,335.4,43.600988045,-80.254264241,2.05601,8.99,194,29,17.7012
21,0.10515,94,124,"2026-06-21_CCRRE",3.41530054644809,NA,NA,NA,NA,NA,NA,NA,NA,NA,NA,NA,NA,NA,NA,335.4,43.600998103,-80.254216381,1.66766,9.13,197,29,17.568
22,0.10986,93.5,124,"2026-06-21_CCRRE",3.44139307591713,NA,NA,NA,NA,NA,NA,NA,NA,NA,NA,NA,NA,NA,NA,335.6,43.601010006,-80.254156534,1.63878,9.1,198,29,17.4348
23,0.11404,93.5,125,"2026-06-21_CCRRE",3.45494748479823,NA,NA,NA,NA,NA,NA,NA,NA,NA,NA,NA,NA,NA,NA,335.6,43.601017214,-80.254109595,1.63878,9.07,199,29,17.3664
24,0.11841,95,127,"2026-06-21_CCRRE",3.46140533056421,NA,NA,NA,NA,NA,NA,NA,NA,NA,NA,NA,NA,NA,NA,335.8,43.601026183,-80.254053436,1.68322,8.91,197,29,17.334
25,0.1231,95,128,"2026-06-21_CCRRE",3.50213630314492,NA,NA,NA,NA,NA,NA,NA,NA,NA,NA,NA,NA,NA,NA,336,43.601031966,-80.253999708,2.10966,8.85,199,29,17.1324
26,0.12705,94.5,130,"2026-06-21_CCRRE",3.51617440225035,NA,NA,NA,NA,NA,NA,NA,NA,NA,NA,NA,NA,NA,NA,336.2,43.601038923,-80.253952686,2.61599,8.85,199,29,17.064
27,0.13157,94,131,"2026-06-21_CCRRE",3.52286338335799,NA,NA,NA,NA,NA,NA,NA,NA,NA,NA,NA,NA,NA,NA,336.6,43.601044036,-80.253894264,3.08687,9.02,201,29,17.0316
28,0.13524,93.5,132,"2026-06-21_CCRRE",3.5438372669927,NA,NA,NA,NA,NA,NA,NA,NA,NA,NA,NA,NA,NA,NA,336.8,43.601048898,-80.253851516,3.63182,8.99,202,29,16.9308
29,0.13941,94,134,"2026-06-21_CCRRE",3.55138859293984,NA,NA,NA,NA,NA,NA,NA,NA,NA,NA,NA,NA,NA,NA,337.2,43.601058956,-80.253796866,4.59106,8.99,202,29,16.8948
30,0.14342,92.5,135,"2026-06-21_CCRRE",3.57961053837342,NA,NA,NA,NA,NA,NA,NA,NA,NA,NA,NA,NA,NA,NA,337.4,43.601072367,-80.253755292,4.70296,9.12,205,29,16.7616
31,0.14788,92.5,136,"2026-06-21_CCRRE",3.6231884057971,NA,NA,NA,NA,NA,NA,NA,NA,NA,NA,NA,NA,NA,NA,337.6,43.601089969,-80.253698882,5.15139,9.06,207,29,16.56
32,0.15209,92.5,138,"2026-06-21_CCRRE",3.69058163566578,NA,NA,NA,NA,NA,NA,NA,NA,NA,NA,NA,NA,NA,NA,338,43.601105057,-80.253658649,5.67688,9,209,29,16.2576
33,0.15674,93,139,"2026-06-21_CCRRE",3.69058163566578,NA,NA,NA,NA,NA,NA,NA,NA,NA,NA,NA,NA,NA,NA,338.2,43.601125341,-80.253602406,6.10699,9,209,29,16.2576
34,0.16074,93,140,"2026-06-21_CCRRE",3.70617448669483,NA,NA,NA,NA,NA,NA,NA,NA,NA,NA,NA,NA,NA,NA,338.6,43.601141518,-80.253569465,6.64933,8.97,210,29,16.1892
35,0.16486,92.5,141,"2026-06-21_CCRRE",3.74447689657755,NA,NA,NA,NA,NA,NA,NA,NA,NA,NA,NA,NA,NA,NA,338.8,43.601164568,-80.253519928,6.70832,8.94,211,29,16.0236
36,0.16832,92,142,"2026-06-21_CCRRE",3.78443838934302,NA,NA,NA,NA,NA,NA,NA,NA,NA,NA,NA,NA,NA,NA,339.2,43.601180326,-80.253490256,7.35806,9.08,214,29,15.8544
37,0.17231,91,143,"2026-06-21_CCRRE",3.81650255705671,NA,NA,NA,NA,NA,NA,NA,NA,NA,NA,NA,NA,NA,NA,339.6,43.601208908,-80.253447173,7.47561,9.22,217,29,15.7212
38,0.17622,90.5,144,"2026-06-21_CCRRE",3.94290671082722,NA,NA,NA,NA,NA,NA,NA,NA,NA,NA,NA,NA,NA,NA,340,43.601230031,-80.253410628,7.95367,9.09,221,29,15.2172
39,0.17988,90.5,145,"2026-06-21_CCRRE",3.94290671082722,NA,NA,NA,NA,NA,NA,NA,NA,NA,NA,NA,NA,NA,NA,340.4,43.601252662,-80.253378777,8.08734,9.09,221,29,15.2172
40,0.18355,89.5,146,"2026-06-21_CCRRE",3.96919901563864,NA,NA,NA,NA,NA,NA,NA,NA,NA,NA,NA,NA,NA,NA,340.8,43.601279903,-80.253351955,8.6785,9.23,224,29,15.1164
41,0.18675,89,147,"2026-06-21_CCRRE",4.02284978678896,NA,NA,NA,NA,NA,NA,NA,NA,NA,NA,NA,NA,NA,NA,341.2,43.601304797,-80.253326977,9.48007,9.38,227,29,14.9148
42,0.19034,89,148,"2026-06-21_CCRRE",4.05910050332846,NA,NA,NA,NA,NA,NA,NA,NA,NA,NA,NA,NA,NA,NA,341.8,43.601333966,-80.253304513,10.2013,9.34,228,29,14.7816
43,0.19389,88.5,150,"2026-06-21_CCRRE",4.17292605575029,NA,NA,NA,NA,NA,NA,NA,NA,NA,NA,NA,NA,NA,NA,342.2,43.601363135,-80.253293198,10.8979,9.23,231,29,14.3784
44,0.19768,88.5,151,"2026-06-21_CCRRE",4.19287211740042,NA,NA,NA,NA,NA,NA,NA,NA,NA,NA,NA,NA,NA,NA,342.8,43.601399848,-80.253278697,11.481,9.19,232,29,14.31
45,0.2013,89,152,"2026-06-21_CCRRE",4.20238695579089,NA,NA,NA,NA,NA,NA,NA,NA,NA,NA,NA,NA,NA,NA,343.4,43.601426838,-80.253273668,12.653,9.19,232,29,14.2776
46,0.20517,89,154,"2026-06-21_CCRRE",4.22261633307998,NA,NA,NA,NA,NA,NA,NA,NA,NA,NA,NA,NA,NA,NA,343.8,43.601461204,-80.253258664,12.5306,9.19,232,29,14.2092
47,0.20783,87.5,154,"2026-06-21_CCRRE",4.20238695579089,NA,NA,NA,NA,NA,NA,NA,NA,NA,NA,NA,NA,NA,NA,344.2,43.601483416,-80.25325154,13.0318,9.38,234,29,14.2776
48,0.21086,87.5,155,"2026-06-21_CCRRE",4.20238695579089,NA,NA,NA,NA,NA,NA,NA,NA,NA,NA,NA,NA,NA,NA,344.6,43.601515015,-80.253246511,13.3289,9.38,234,29,14.2776
49,0.21484,87,156,"2026-06-21_CCRRE",4.20238695579089,NA,NA,NA,NA,NA,NA,NA,NA,NA,NA,NA,NA,NA,NA,345.2,43.601550722,-80.253240056,13.7436,9.57,236,29,14.2776
50,0.21839,86.5,156,"2026-06-21_CCRRE",4.31443610320131,NA,NA,NA,NA,NA,NA,NA,NA,NA,NA,NA,NA,NA,NA,345.6,43.601579975,-80.253244247,13.7804,9.65,241,29,13.9068
51,0.22226,86,157,"2026-06-21_CCRRE",4.3561596096881,NA,NA,NA,NA,NA,NA,NA,NA,NA,NA,NA,NA,NA,NA,346.2,43.60161937,-80.253240392,14.0808,9.61,242,29,13.7736
52,0.22572,85.5,157,"2026-06-21_CCRRE",4.31443610320131,NA,NA,NA,NA,NA,NA,NA,NA,NA,NA,NA,NA,NA,NA,346.6,43.601646192,-80.253238883,13.5656,9.82,244,29,13.9068
53,0.22942,85,157,"2026-06-21_CCRRE",4.3561596096881,NA,NA,NA,NA,NA,NA,NA,NA,NA,NA,NA,NA,NA,NA,347.2,43.601682989,-80.253234189,14.0604,9.77,245,29,13.7736
54,0.23324,85.5,157,"2026-06-21_CCRRE",4.37790035898783,NA,NA,NA,NA,NA,NA,NA,NA,NA,NA,NA,NA,NA,NA,347.6,43.601716097,-80.253233183,13.5244,9.77,245,29,13.7052
55,0.23654,84.5,158,"2026-06-21_CCRRE",4.37790035898783,NA,NA,NA,NA,NA,NA,NA,NA,NA,NA,NA,NA,NA,NA,347.8,43.601746021,-80.253235866,12.473,9.95,248,29,13.7052
56,0.24048,85,158,"2026-06-21_CCRRE",4.38827453045463,NA,NA,NA,NA,NA,NA,NA,NA,NA,NA,NA,NA,NA,NA,348.4,43.601784326,-80.253234189,12.9623,9.73,246,29,13.6728
57,0.24438,84.5,159,"2026-06-21_CCRRE",4.38827453045463,NA,NA,NA,NA,NA,NA,NA,NA,NA,NA,NA,NA,NA,NA,348.8,43.601815507,-80.253237542,12.4842,9.94,248,29,13.6728
58,0.24839,84.5,159,"2026-06-21_CCRRE",4.38827453045463,NA,NA,NA,NA,NA,NA,NA,NA,NA,NA,NA,NA,NA,NA,349.2,43.601855907,-80.253237793,12.1615,9.94,248,29,13.6728
59,0.25196,84.5,160,"2026-06-21_CCRRE",4.3561596096881,NA,NA,NA,NA,NA,NA,NA,NA,NA,NA,NA,NA,NA,NA,349.4,43.601882897,-80.253232261,11.2142,9.95,248,29,13.7736
60,0.25551,85,160,"2026-06-21_CCRRE",4.3561596096881,NA,NA,NA,NA,NA,NA,NA,NA,NA,NA,NA,NA,NA,NA,349.8,43.601916509,-80.253232764,11.2142,9.77,245,29,13.7736
61,0.25911,85,160,"2026-06-21_CCRRE",4.38827453045463,NA,NA,NA,NA,NA,NA,NA,NA,NA,NA,NA,NA,NA,NA,350,43.601950288,-80.253233938,10.2194,9.73,246,29,13.6728
62,0.26291,85,161,"2026-06-21_CCRRE",4.44325957522438,NA,NA,NA,NA,NA,NA,NA,NA,NA,NA,NA,NA,NA,NA,350.4,43.601983648,-80.253240559,10.116,9.69,247,29,13.5036
63,0.26706,85,161,"2026-06-21_CCRRE",4.44325957522438,NA,NA,NA,NA,NA,NA,NA,NA,NA,NA,NA,NA,NA,NA,350.6,43.602022121,-80.253239637,8.97627,9.69,247,29,13.5036
64,0.27114,85,161,"2026-06-21_CCRRE",4.44325957522438,NA,NA,NA,NA,NA,NA,NA,NA,NA,NA,NA,NA,NA,NA,350.8,43.602056654,-80.253243325,8.41935,9.69,247,29,13.5036
65,0.27567,85,161,"2026-06-21_CCRRE",4.3561596096881,NA,NA,NA,NA,NA,NA,NA,NA,NA,NA,NA,NA,NA,NA,351,43.60210091,-80.253233602,8.25479,9.77,245,29,13.7736
66,0.27985,85,161,"2026-06-21_CCRRE",4.30440771349862,NA,NA,NA,NA,NA,NA,NA,NA,NA,NA,NA,NA,NA,NA,351,43.602136114,-80.253230669,6.73194,9.82,244,29,13.9392
67,0.28429,85,161,"2026-06-21_CCRRE",4.17292605575029,NA,NA,NA,NA,NA,NA,NA,NA,NA,NA,NA,NA,NA,NA,351,43.602178611,-80.253219521,5.7063,9.95,241,29,14.3784
68,0.28815,86,160,"2026-06-21_CCRRE",4.17292605575029,NA,NA,NA,NA,NA,NA,NA,NA,NA,NA,NA,NA,NA,NA,351,43.602212641,-80.253210133,4.7088,9.77,238,29,14.3784
69,0.29189,87.5,161,"2026-06-21_CCRRE",4.17292605575029,NA,NA,NA,NA,NA,NA,NA,NA,NA,NA,NA,NA,NA,NA,351,43.602246169,-80.253193872,4.14857,9.42,233,29,14.3784
70,0.29629,87.5,161,"2026-06-21_CCRRE",4.18340026773762,NA,NA,NA,NA,NA,NA,NA,NA,NA,NA,NA,NA,NA,NA,351,43.60228439,-80.253173588,3.02181,9.38,234,29,14.3424
71,0.30069,89,162,"2026-06-21_CCRRE",4.18340026773762,NA,NA,NA,NA,NA,NA,NA,NA,NA,NA,NA,NA,NA,NA,350.8,43.602323031,-80.253158668,2.01171,9.23,231,29,14.3424
72,0.30557,89,162,"2026-06-21_CCRRE",4.18340026773762,NA,NA,NA,NA,NA,NA,NA,NA,NA,NA,NA,NA,NA,NA,350.6,43.602366784,-80.253133774,0.549243,9.23,231,29,14.3424
73,0.31031,87,162,"2026-06-21_CCRRE",4.10610166707728,NA,NA,NA,NA,NA,NA,NA,NA,NA,NA,NA,NA,NA,NA,350.6,43.602402072,-80.253118351,0.0673157,9.65,234,29,14.6124
74,0.31512,86.5,163,"2026-06-21_CCRRE",4.02284978678896,NA,NA,NA,NA,NA,NA,NA,NA,NA,NA,NA,NA,NA,NA,350.4,43.60244197,-80.253085494,-0.838681,9.73,232,29,14.9148
75,0.31958,86,163,"2026-06-21_CCRRE",3.98724082934609,NA,NA,NA,NA,NA,NA,NA,NA,NA,NA,NA,NA,NA,NA,350.2,43.602475162,-80.253063617,-1.72861,9.97,233,29,15.048
76,0.32405,86,163,"2026-06-21_CCRRE",3.96070975918885,NA,NA,NA,NA,NA,NA,NA,NA,NA,NA,NA,NA,NA,NA,350,43.602512965,-80.253029168,-2.17604,10.01,232,29,15.1488
77,0.3282,86,163,"2026-06-21_CCRRE",3.96070975918885,NA,NA,NA,NA,NA,NA,NA,NA,NA,NA,NA,NA,NA,NA,349.8,43.602548085,-80.25300771,-2.65797,10.01,232,29,15.1488
78,0.33287,86,163,"2026-06-21_CCRRE",3.95225673859774,NA,NA,NA,NA,NA,NA,NA,NA,NA,NA,NA,NA,NA,NA,349.4,43.602579517,-80.252966806,-3.5145,10.01,232,29,15.1812
79,0.33754,86,163,"2026-06-21_CCRRE",3.95225673859774,NA,NA,NA,NA,NA,NA,NA,NA,NA,NA,NA,NA,NA,NA,349.4,43.602609943,-80.252920874,-3.5145,10.01,232,29,15.1812
80,0.34223,86,162,"2026-06-21_CCRRE",3.95225673859774,NA,NA,NA,NA,NA,NA,NA,NA,NA,NA,NA,NA,NA,NA,349.2,43.602633245,-80.252876952,-3.94094,10.01,232,29,15.1812
81,0.34679,86.5,161,"2026-06-21_CCRRE",3.93452943028014,NA,NA,NA,NA,NA,NA,NA,NA,NA,NA,NA,NA,NA,NA,349.2,43.602656882,-80.252827667,-3.48639,9.84,229,29,15.2496
82,0.35166,87,161,"2026-06-21_CCRRE",3.91696043869957,NA,NA,NA,NA,NA,NA,NA,NA,NA,NA,NA,NA,NA,NA,349.4,43.602677921,-80.252775783,-2.66588,9.84,229,29,15.318
83,0.35657,87,161,"2026-06-21_CCRRE",3.90869293308318,NA,NA,NA,NA,NA,NA,NA,NA,NA,NA,NA,NA,NA,NA,349.6,43.602695774,-80.252719792,-2.25855,9.88,228,29,15.3504
84,0.36113,88,160,"2026-06-21_CCRRE",3.89135341271694,NA,NA,NA,NA,NA,NA,NA,NA,NA,NA,NA,NA,NA,NA,349.8,43.602705581,-80.252668243,-1.40415,9.68,226,29,15.4188
85,0.36558,88.5,160,"2026-06-21_CCRRE",3.87506781368674,NA,NA,NA,NA,NA,NA,NA,NA,NA,NA,NA,NA,NA,NA,349.8,43.602716142,-80.252610408,-0.955719,9.52,223,29,15.4836
86,0.37037,88.5,160,"2026-06-21_CCRRE",3.86607902265522,NA,NA,NA,NA,NA,NA,NA,NA,NA,NA,NA,NA,NA,NA,350,43.602720165,-80.25255668,-0.0907554,9.52,223,29,15.5196
87,0.37494,88.5,160,"2026-06-21_CCRRE",3.86607902265522,NA,NA,NA,NA,NA,NA,NA,NA,NA,NA,NA,NA,NA,NA,350,43.602725865,-80.252495576,0.391172,9.52,223,29,15.5196
88,0.37973,88.5,159,"2026-06-21_CCRRE",3.85000385000385,NA,NA,NA,NA,NA,NA,NA,NA,NA,NA,NA,NA,NA,NA,350.2,43.60272838,-80.252442937,1.66524,9.55,222,29,15.5844
89,0.38416,89,160,"2026-06-21_CCRRE",3.84113082891603,NA,NA,NA,NA,NA,NA,NA,NA,NA,NA,NA,NA,NA,NA,350.2,43.602726703,-80.252383845,1.66524,9.55,222,29,15.6204
90,0.38922,89,159,"2026-06-21_CCRRE",3.82526203044909,NA,NA,NA,NA,NA,NA,NA,NA,NA,NA,NA,NA,NA,NA,350.4,43.602729805,-80.252326848,2.48694,9.59,221,29,15.6852
91,0.3937,88.5,159,"2026-06-21_CCRRE",3.82526203044909,NA,NA,NA,NA,NA,NA,NA,NA,NA,NA,NA,NA,NA,NA,350.4,43.602735253,-80.252268678,2.48694,9.59,221,29,15.6852
92,0.39781,88.5,159,"2026-06-21_CCRRE",3.80865326020719,NA,NA,NA,NA,NA,NA,NA,NA,NA,NA,NA,NA,NA,NA,350.6,43.602743048,-80.252224589,2.56288,9.59,221,29,15.7536
93,0.40206,89,160,"2026-06-21_CCRRE",3.80865326020719,NA,NA,NA,NA,NA,NA,NA,NA,NA,NA,NA,NA,NA,NA,350.6,43.60275889,-80.25217019,2.15554,9.59,221,28,15.7536
94,0.40599,89,159,"2026-06-21_CCRRE",3.81650255705671,NA,NA,NA,NA,NA,NA,NA,NA,NA,NA,NA,NA,NA,NA,350.8,43.602772301,-80.252131382,2.22585,9.59,221,29,15.7212
95,0.41002,89.5,159,"2026-06-21_CCRRE",3.81650255705671,NA,NA,NA,NA,NA,NA,NA,NA,NA,NA,NA,NA,NA,NA,350.8,43.602788394,-80.252081258,2.22585,9.4,219,28,15.7212
96,0.41355,89,160,"2026-06-21_CCRRE",3.83318000613309,NA,NA,NA,NA,NA,NA,NA,NA,NA,NA,NA,NA,NA,NA,351,43.60280256,-80.252044965,2.37489,9.55,222,29,15.6528
97,0.41764,89,159,"2026-06-21_CCRRE",3.84113082891603,NA,NA,NA,NA,NA,NA,NA,NA,NA,NA,NA,NA,NA,NA,351.2,43.602819994,-80.251992829,2.86389,9.55,222,29,15.6204
98,0.42151,88.5,159,"2026-06-21_CCRRE",3.86607902265522,NA,NA,NA,NA,NA,NA,NA,NA,NA,NA,NA,NA,NA,NA,351.4,43.602837428,-80.251949998,2.96315,9.52,223,28,15.5196
99,0.42592,88.5,160,"2026-06-21_CCRRE",3.87506781368674,NA,NA,NA,NA,NA,NA,NA,NA,NA,NA,NA,NA,NA,NA,351.6,43.602849079,-80.251898533,3.41666,9.52,223,28,15.4836
100,0.43029,88,159,"2026-06-21_CCRRE",3.88319353836595,NA,NA,NA,NA,NA,NA,NA,NA,NA,NA,NA,NA,NA,NA,351.8,43.602858215,-80.251846314,3.47907,9.71,225,28,15.4512
101,0.43452,88,159,"2026-06-21_CCRRE",3.88319353836595,NA,NA,NA,NA,NA,NA,NA,NA,NA,NA,NA,NA,NA,NA,352,43.602862825,-80.251798034,3.95188,9.71,225,28,15.4512
102,0.43864,87.5,160,"2026-06-21_CCRRE",3.89135341271694,NA,NA,NA,NA,NA,NA,NA,NA,NA,NA,NA,NA,NA,NA,352.2,43.602857964,-80.251742965,3.9507,9.68,226,28,15.4188
103,0.44256,87.5,160,"2026-06-21_CCRRE",3.89135341271694,NA,NA,NA,NA,NA,NA,NA,NA,NA,NA,NA,NA,NA,NA,352.4,43.60285503,-80.251698541,4.46091,9.68,226,28,15.4188
104,0.44715,87,160,"2026-06-21_CCRRE",3.90046025431001,NA,NA,NA,NA,NA,NA,NA,NA,NA,NA,NA,NA,NA,NA,352.6,43.602840027,-80.251640203,4.38773,9.88,228,28,15.3828
105,0.45128,87,160,"2026-06-21_CCRRE",3.90869293308318,NA,NA,NA,NA,NA,NA,NA,NA,NA,NA,NA,NA,NA,NA,352.8,43.60283307,-80.251596198,4.87199,9.88,228,28,15.3504
106,0.45548,86.5,159,"2026-06-21_CCRRE",3.90869293308318,NA,NA,NA,NA,NA,NA,NA,NA,NA,NA,NA,NA,NA,NA,352.8,43.602816474,-80.251543224,4.30542,9.88,228,28,15.3504
107,0.45935,86.5,160,"2026-06-21_CCRRE",3.90869293308318,NA,NA,NA,NA,NA,NA,NA,NA,NA,NA,NA,NA,NA,NA,352.8,43.602801554,-80.251500309,3.81642,9.88,228,28,15.3504
108,0.46404,87,160,"2026-06-21_CCRRE",3.91696043869957,NA,NA,NA,NA,NA,NA,NA,NA,NA,NA,NA,NA,NA,NA,353,43.602778252,-80.251448592,3.72607,9.84,229,28,15.318
109,0.46868,87.5,160,"2026-06-21_CCRRE",3.91696043869957,NA,NA,NA,NA,NA,NA,NA,NA,NA,NA,NA,NA,NA,NA,353,43.602756627,-80.251401905,3.27255,9.68,226,28,15.318
110,0.47318,87.5,160,"2026-06-21_CCRRE",3.91696043869957,NA,NA,NA,NA,NA,NA,NA,NA,NA,NA,NA,NA,NA,NA,353,43.602730056,-80.251357984,2.81488,9.68,226,28,15.318
111,0.47783,87.5,161,"2026-06-21_CCRRE",3.90869293308318,NA,NA,NA,NA,NA,NA,NA,NA,NA,NA,NA,NA,NA,NA,353,43.602700468,-80.251315655,2.34207,9.68,226,28,15.3504
112,0.48222,87.5,161,"2026-06-21_CCRRE",3.90046025431001,NA,NA,NA,NA,NA,NA,NA,NA,NA,NA,NA,NA,NA,NA,352.8,43.60267725,-80.251273327,1.40105,9.68,226,28,15.3828
113,0.48705,87.5,161,"2026-06-21_CCRRE",3.89135341271694,NA,NA,NA,NA,NA,NA,NA,NA,NA,NA,NA,NA,NA,NA,352.8,43.602646824,-80.251225801,0.89085,9.68,226,28,15.4188
114,0.4915,87.5,162,"2026-06-21_CCRRE",3.89135341271694,NA,NA,NA,NA,NA,NA,NA,NA,NA,NA,NA,NA,NA,NA,352.8,43.602625198,-80.251184479,0.45512,9.68,226,28,15.4188
115,0.49589,87.5,162,"2026-06-21_CCRRE",3.87506781368674,NA,NA,NA,NA,NA,NA,NA,NA,NA,NA,NA,NA,NA,NA,352.8,43.602595778,-80.25113863,-0.0291416,9.71,225,28,15.4836
116,0.50038,87.5,162,"2026-06-21_CCRRE",3.87506781368674,NA,NA,NA,NA,NA,NA,NA,NA,NA,NA,NA,NA,NA,NA,352.8,43.6025765,-80.251098815,-0.0291416,9.71,225,28,15.4836
117,0.50477,87.5,162,"2026-06-21_CCRRE",3.86607902265522,NA,NA,NA,NA,NA,NA,NA,NA,NA,NA,NA,NA,NA,NA,352.6,43.602556383,-80.251044836,-0.484722,9.71,225,28,15.5196
118,0.50906,87,163,"2026-06-21_CCRRE",3.86607902265522,NA,NA,NA,NA,NA,NA,NA,NA,NA,NA,NA,NA,NA,NA,352.4,43.602546828,-80.25099773,-1.37736,9.91,227,28,15.5196
119,0.51342,87.5,163,"2026-06-21_CCRRE",3.85802469135802,NA,NA,NA,NA,NA,NA,NA,NA,NA,NA,NA,NA,NA,NA,352.4,43.602535512,-80.250942912,-1.37736,9.71,225,28,15.552
120,0.5178,87.5,163,"2026-06-21_CCRRE",3.85802469135802,NA,NA,NA,NA,NA,NA,NA,NA,NA,NA,NA,NA,NA,NA,352.2,43.602535931,-80.250892704,-1.83398,9.71,225,28,15.552
121,0.52165,88,163,"2026-06-21_CCRRE",3.85802469135802,NA,NA,NA,NA,NA,NA,NA,NA,NA,NA,NA,NA,NA,NA,352.2,43.602539116,-80.250838893,-1.83398,9.71,225,28,15.552
122,0.52565,88,163,"2026-06-21_CCRRE",3.85802469135802,NA,NA,NA,NA,NA,NA,NA,NA,NA,NA,NA,NA,NA,NA,352.2,43.602551857,-80.250795139,-1.3784,9.71,225,28,15.552
123,0.52971,88.5,163,"2026-06-21_CCRRE",3.87506781368674,NA,NA,NA,NA,NA,NA,NA,NA,NA,NA,NA,NA,NA,NA,352.2,43.602566022,-80.250747614,-1.3784,9.52,223,28,15.4836
124,0.53329,88,164,"2026-06-21_CCRRE",3.88319353836595,NA,NA,NA,NA,NA,NA,NA,NA,NA,NA,NA,NA,NA,NA,352.2,43.602578847,-80.25070562,-1.3784,9.71,225,28,15.4512
125,0.53707,88,164,"2026-06-21_CCRRE",3.88319353836595,NA,NA,NA,NA,NA,NA,NA,NA,NA,NA,NA,NA,NA,NA,352.2,43.602591252,-80.250665303,-1.3784,9.71,225,28,15.4512
126,0.54043,88,164,"2026-06-21_CCRRE",3.90046025431001,NA,NA,NA,NA,NA,NA,NA,NA,NA,NA,NA,NA,NA,NA,352.2,43.602607596,-80.25062616,-1.3784,9.68,226,28,15.3828
127,0.54422,88,163,"2026-06-21_CCRRE",3.90869293308318,NA,NA,NA,NA,NA,NA,NA,NA,NA,NA,NA,NA,NA,NA,352.4,43.602627545,-80.250589196,-0.395117,9.68,226,28,15.3504
128,0.54748,88.5,163,"2026-06-21_CCRRE",3.92618767177071,NA,NA,NA,NA,NA,NA,NA,NA,NA,NA,NA,NA,NA,NA,352.6,43.602645986,-80.250551477,0.68458,9.48,224,28,15.282
129,0.55105,89,163,"2026-06-21_CCRRE",3.93452943028014,NA,NA,NA,NA,NA,NA,NA,NA,NA,NA,NA,NA,NA,NA,352.8,43.602667276,-80.250519039,1.2448,9.45,225,28,15.2496
130,0.55518,89,163,"2026-06-21_CCRRE",4.05910050332846,NA,NA,NA,NA,NA,NA,NA,NA,NA,NA,NA,NA,NA,NA,353.2,43.602692757,-80.250478052,2.66995,9.34,228,28,14.7816
131,0.55932,88.5,163,"2026-06-21_CCRRE",4.05910050332846,NA,NA,NA,NA,NA,NA,NA,NA,NA,NA,NA,NA,NA,NA,353.4,43.602717399,-80.250446871,3.15304,9.34,228,28,14.7816
132,0.56356,87.5,163,"2026-06-21_CCRRE",4.04138376980278,NA,NA,NA,NA,NA,NA,NA,NA,NA,NA,NA,NA,NA,NA,353.8,43.602743886,-80.2504058,4.09644,9.53,230,28,14.8464
133,0.56748,87.5,162,"2026-06-21_CCRRE",4.03258327284458,NA,NA,NA,NA,NA,NA,NA,NA,NA,NA,NA,NA,NA,NA,354,43.602768445,-80.250377888,4.60664,9.53,230,28,14.8788
134,0.5707,88,162,"2026-06-21_CCRRE",4.03258327284458,NA,NA,NA,NA,NA,NA,NA,NA,NA,NA,NA,NA,NA,NA,354.2,43.602786382,-80.250342265,5.22776,9.53,230,28,14.8788
135,0.57434,88,162,"2026-06-21_CCRRE",4.12541254125412,NA,NA,NA,NA,NA,NA,NA,NA,NA,NA,NA,NA,NA,NA,354.4,43.602812869,-80.250313012,5.77721,9.46,232,28,14.544
136,0.57833,88.5,162,"2026-06-21_CCRRE",4.3561596096881,NA,NA,NA,NA,NA,NA,NA,NA,NA,NA,NA,NA,NA,NA,354.6,43.602839775,-80.250274288,6.27846,9.04,236,28,13.7736
137,0.58206,88.5,162,"2026-06-21_CCRRE",4.3561596096881,NA,NA,NA,NA,NA,NA,NA,NA,NA,NA,NA,NA,NA,NA,354.8,43.602867435,-80.250248723,6.28695,9.04,236,28,13.7736
138,0.58635,88.5,162,"2026-06-21_CCRRE",4.27350427350427,NA,NA,NA,NA,NA,NA,NA,NA,NA,NA,NA,NA,NA,NA,355,43.602898029,-80.250215111,6.13965,9.12,234,28,14.04
139,0.59082,88,162,"2026-06-21_CCRRE",4.24304141208418,NA,NA,NA,NA,NA,NA,NA,NA,NA,NA,NA,NA,NA,NA,355.2,43.602930551,-80.250184601,6.02686,9.34,235,28,14.1408
140,0.59471,87.5,162,"2026-06-21_CCRRE",4.20238695579089,NA,NA,NA,NA,NA,NA,NA,NA,NA,NA,NA,NA,NA,NA,355.4,43.602958714,-80.250157109,5.57247,9.38,234,28,14.2776
141,0.59863,87.5,161,"2026-06-21_CCRRE",4.12541254125412,NA,NA,NA,NA,NA,NA,NA,NA,NA,NA,NA,NA,NA,NA,355.6,43.602986794,-80.250129784,5.59959,9.46,232,28,14.544
142,0.60219,88,161,"2026-06-21_CCRRE",4.12541254125412,NA,NA,NA,NA,NA,NA,NA,NA,NA,NA,NA,NA,NA,NA,355.8,43.603012778,-80.250106733,5.21799,9.46,232,28,14.544
143,0.60666,88,162,"2026-06-21_CCRRE",4.1438753522294,NA,NA,NA,NA,NA,NA,NA,NA,NA,NA,NA,NA,NA,NA,356,43.603044545,-80.250068763,5.15521,9.42,233,28,14.4792
144,0.61078,88,162,"2026-06-21_CCRRE",4.1438753522294,NA,NA,NA,NA,NA,NA,NA,NA,NA,NA,NA,NA,NA,NA,356.2,43.603073379,-80.25004697,5.01953,9.42,233,27,14.4792
145,0.61503,88,162,"2026-06-21_CCRRE",4.1438753522294,NA,NA,NA,NA,NA,NA,NA,NA,NA,NA,NA,NA,NA,NA,356.6,43.603109002,-80.250014365,5.41126,9.42,233,28,14.4792
146,0.61876,88,162,"2026-06-21_CCRRE",4.13462333581411,NA,NA,NA,NA,NA,NA,NA,NA,NA,NA,NA,NA,NA,NA,357,43.603134651,-80.249995422,5.98239,9.45,232,27,14.5116
147,0.62291,88,162,"2026-06-21_CCRRE",4.13462333581411,NA,NA,NA,NA,NA,NA,NA,NA,NA,NA,NA,NA,NA,NA,357.2,43.603166586,-80.249961643,5.92812,9.45,232,27,14.5116
148,0.62655,87.5,162,"2026-06-21_CCRRE",4.1438753522294,NA,NA,NA,NA,NA,NA,NA,NA,NA,NA,NA,NA,NA,NA,357.4,43.603192737,-80.249940101,6.01137,9.42,233,27,14.4792
149,0.63009,87.5,163,"2026-06-21_CCRRE",4.15420405450316,NA,NA,NA,NA,NA,NA,NA,NA,NA,NA,NA,NA,NA,NA,357.8,43.603218805,-80.249914536,6.69389,9.42,233,27,14.4432
150,0.63345,87,163,"2026-06-21_CCRRE",4.16354400866017,NA,NA,NA,NA,NA,NA,NA,NA,NA,NA,NA,NA,NA,NA,358,43.603244118,-80.249890816,6.77499,9.61,235,27,14.4108
151,0.63677,87,163,"2026-06-21_CCRRE",4.18340026773762,NA,NA,NA,NA,NA,NA,NA,NA,NA,NA,NA,NA,NA,NA,358.2,43.603269012,-80.249869106,6.86719,9.57,236,27,14.3424
152,0.64039,87,163,"2026-06-21_CCRRE",4.21300977418268,NA,NA,NA,NA,NA,NA,NA,NA,NA,NA,NA,NA,NA,NA,358.4,43.603293907,-80.249835327,6.85788,9.53,237,27,14.2416
153,0.64409,86,163,"2026-06-21_CCRRE",4.2322668020992,NA,NA,NA,NA,NA,NA,NA,NA,NA,NA,NA,NA,NA,NA,358.8,43.603315532,-80.249810601,7.49154,9.73,239,27,14.1768
154,0.64828,87,163,"2026-06-21_CCRRE",4.28338901739056,NA,NA,NA,NA,NA,NA,NA,NA,NA,NA,NA,NA,NA,NA,359,43.603341181,-80.249768021,7.48343,9.49,238,27,14.0076
155,0.65198,86,163,"2026-06-21_CCRRE",4.29331959471063,NA,NA,NA,NA,NA,NA,NA,NA,NA,NA,NA,NA,NA,NA,359,43.603368841,-80.249740612,6.54225,9.65,241,27,13.9752
156,0.65594,86,164,"2026-06-21_CCRRE",4.30440771349862,NA,NA,NA,NA,NA,NA,NA,NA,NA,NA,NA,NA,NA,NA,359,43.603396417,-80.249705743,5.46986,9.65,241,27,13.9392
157,0.65975,86,164,"2026-06-21_CCRRE",4.30440771349862,NA,NA,NA,NA,NA,NA,NA,NA,NA,NA,NA,NA,NA,NA,359,43.603424413,-80.249674646,4.98794,9.65,241,27,13.9392
158,0.66402,86,164,"2026-06-21_CCRRE",4.30440771349862,NA,NA,NA,NA,NA,NA,NA,NA,NA,NA,NA,NA,NA,NA,359,43.603449894,-80.249638353,4.43849,9.65,241,27,13.9392
159,0.66791,86,164,"2026-06-21_CCRRE",4.30440771349862,NA,NA,NA,NA,NA,NA,NA,NA,NA,NA,NA,NA,NA,NA,359,43.603474956,-80.249599796,3.30854,9.65,241,27,13.9392
160,0.67168,87,164,"2026-06-21_CCRRE",4.29331959471063,NA,NA,NA,NA,NA,NA,NA,NA,NA,NA,NA,NA,NA,NA,359,43.603500353,-80.249569789,2.7133,9.45,239,27,13.9752
161,0.67589,87,165,"2026-06-21_CCRRE",4.29331959471063,NA,NA,NA,NA,NA,NA,NA,NA,NA,NA,NA,NA,NA,NA,359,43.603525834,-80.249524275,2.11089,9.45,239,27,13.9752
162,0.68027,87,165,"2026-06-21_CCRRE",4.29331959471063,NA,NA,NA,NA,NA,NA,NA,NA,NA,NA,NA,NA,NA,NA,359,43.603547208,-80.249485802,1.55841,9.45,239,27,13.9752
163,0.68458,87,165,"2026-06-21_CCRRE",4.28338901739056,NA,NA,NA,NA,NA,NA,NA,NA,NA,NA,NA,NA,NA,NA,359,43.603565564,-80.249435846,0.477327,9.49,238,27,14.0076
164,0.68831,87,166,"2026-06-21_CCRRE",4.26257459505541,NA,NA,NA,NA,NA,NA,NA,NA,NA,NA,NA,NA,NA,NA,359,43.603587022,-80.249403911,0,9.49,238,27,14.076
165,0.692,87,166,"2026-06-21_CCRRE",4.25278557455133,NA,NA,NA,NA,NA,NA,NA,NA,NA,NA,NA,NA,NA,NA,359,43.603604456,-80.249360912,0,9.5,238,27,14.1084
166,0.69673,87,166,"2026-06-21_CCRRE",4.25278557455133,NA,NA,NA,NA,NA,NA,NA,NA,NA,NA,NA,NA,NA,NA,359,43.603632955,-80.249320846,0,9.5,238,27,14.1084
167,0.70157,87.5,166,"2026-06-21_CCRRE",4.2322668020992,NA,NA,NA,NA,NA,NA,NA,NA,NA,NA,NA,NA,NA,NA,359.2,43.603660866,-80.249272566,0.413223,9.5,238,27,14.1768
168,0.70629,87.5,166,"2026-06-21_CCRRE",4.2322668020992,NA,NA,NA,NA,NA,NA,NA,NA,NA,NA,NA,NA,NA,NA,359,43.603691377,-80.249236189,-0.0105057,9.34,235,27,14.1768
169,0.71088,87.5,166,"2026-06-21_CCRRE",4.19287211740042,NA,NA,NA,NA,NA,NA,NA,NA,NA,NA,NA,NA,NA,NA,359,43.603719037,-80.249193022,-0.0105057,9.38,234,27,14.31
170,0.71527,87.5,166,"2026-06-21_CCRRE",4.16354400866017,NA,NA,NA,NA,NA,NA,NA,NA,NA,NA,NA,NA,NA,NA,359.2,43.603746529,-80.249152957,0.445075,9.42,233,27,14.4108
171,0.71995,88,165,"2026-06-21_CCRRE",3.97867430572133,NA,NA,NA,NA,NA,NA,NA,NA,NA,NA,NA,NA,NA,NA,359.2,43.603773435,-80.249109119,0.445075,9.6,228,27,15.0804
172,0.72436,88,165,"2026-06-21_CCRRE",3.90869293308318,NA,NA,NA,NA,NA,NA,NA,NA,NA,NA,NA,NA,NA,NA,359.2,43.603794558,-80.249061342,0.445075,9.68,226,27,15.3504
173,0.7288,88.5,165,"2026-06-21_CCRRE",3.93452943028014,NA,NA,NA,NA,NA,NA,NA,NA,NA,NA,NA,NA,NA,NA,359.2,43.60381216,-80.249019014,0.445075,9.45,225,27,15.2496
174,0.73322,88.5,166,"2026-06-21_CCRRE",3.92618767177071,NA,NA,NA,NA,NA,NA,NA,NA,NA,NA,NA,NA,NA,NA,359.2,43.603823475,-80.248963023,0.445075,9.48,224,27,15.282
175,0.73726,88.5,165,"2026-06-21_CCRRE",3.91696043869957,NA,NA,NA,NA,NA,NA,NA,NA,NA,NA,NA,NA,NA,NA,359.2,43.603837557,-80.248920359,0.445075,9.48,224,27,15.318
176,0.74206,88.5,165,"2026-06-21_CCRRE",3.91696043869957,NA,NA,NA,NA,NA,NA,NA,NA,NA,NA,NA,NA,NA,NA,359.2,43.603845855,-80.24885783,0.445075,9.48,224,27,15.318
177,0.74654,88.5,165,"2026-06-21_CCRRE",3.91696043869957,NA,NA,NA,NA,NA,NA,NA,NA,NA,NA,NA,NA,NA,NA,359.2,43.603856584,-80.248811562,0.0318521,9.48,224,27,15.318
178,0.75082,87.5,165,"2026-06-21_CCRRE",3.86607902265522,NA,NA,NA,NA,NA,NA,NA,NA,NA,NA,NA,NA,NA,NA,359.2,43.603859769,-80.248753894,0.455581,9.71,225,27,15.5196
179,0.75487,87,165,"2026-06-21_CCRRE",3.86607902265522,NA,NA,NA,NA,NA,NA,NA,NA,NA,NA,NA,NA,NA,NA,359.2,43.603872342,-80.248709303,0.455581,9.91,227,27,15.5196
180,0.75919,87,164,"2026-06-21_CCRRE",3.91696043869957,NA,NA,NA,NA,NA,NA,NA,NA,NA,NA,NA,NA,NA,NA,359.2,43.603877455,-80.248652808,0,9.84,229,27,15.318
181,0.7634,87,164,"2026-06-21_CCRRE",3.96919901563864,NA,NA,NA,NA,NA,NA,NA,NA,NA,NA,NA,NA,NA,NA,359.4,43.603890195,-80.248604864,0.475059,9.8,230,27,15.1164
182,0.76752,87,164,"2026-06-21_CCRRE",3.97867430572133,NA,NA,NA,NA,NA,NA,NA,NA,NA,NA,NA,NA,NA,NA,359.4,43.603894135,-80.24855407,0.475059,9.8,230,27,15.0804
183,0.77176,87,164,"2026-06-21_CCRRE",3.97867430572133,NA,NA,NA,NA,NA,NA,NA,NA,NA,NA,NA,NA,NA,NA,359.4,43.603903942,-80.248501599,0.475059,9.8,230,27,15.0804
184,0.77587,88,164,"2026-06-21_CCRRE",3.99584432190522,NA,NA,NA,NA,NA,NA,NA,NA,NA,NA,NA,NA,NA,NA,359.2,43.603912994,-80.248454996,-0.0115586,9.57,229,27,15.0156
185,0.7801,88,163,"2026-06-21_CCRRE",3.99584432190522,NA,NA,NA,NA,NA,NA,NA,NA,NA,NA,NA,NA,NA,NA,359,43.603920203,-80.248400094,-0.484372,9.57,229,27,15.0156
186,0.78401,87.5,163,"2026-06-21_CCRRE",3.99584432190522,NA,NA,NA,NA,NA,NA,NA,NA,NA,NA,NA,NA,NA,NA,358.8,43.60392498,-80.248356508,-0.995881,9.57,229,27,15.0156
187,0.78815,87.5,163,"2026-06-21_CCRRE",4.00544740847553,NA,NA,NA,NA,NA,NA,NA,NA,NA,NA,NA,NA,NA,NA,358.6,43.603931099,-80.248302613,-1.47897,9.57,229,27,14.9796
188,0.79197,87.5,163,"2026-06-21_CCRRE",4.01412973667309,NA,NA,NA,NA,NA,NA,NA,NA,NA,NA,NA,NA,NA,NA,358.4,43.603943001,-80.248257937,-2.00253,9.57,229,27,14.9472
189,0.79573,87,163,"2026-06-21_CCRRE",4.01412973667309,NA,NA,NA,NA,NA,NA,NA,NA,NA,NA,NA,NA,NA,NA,358,43.603948869,-80.248214603,-3.06636,9.76,231,27,14.9472
190,0.80031,86,163,"2026-06-21_CCRRE",4.03258327284458,NA,NA,NA,NA,NA,NA,NA,NA,NA,NA,NA,NA,NA,NA,357.8,43.603955742,-80.248154923,-3.50304,9.93,234,27,14.8788
191,0.80471,85.5,163,"2026-06-21_CCRRE",4.03258327284458,NA,NA,NA,NA,NA,NA,NA,NA,NA,NA,NA,NA,NA,NA,357.4,43.603966638,-80.248107147,-4.88719,10.11,237,27,14.8788
192,0.80912,85.5,163,"2026-06-21_CCRRE",4.03258327284458,NA,NA,NA,NA,NA,NA,NA,NA,NA,NA,NA,NA,NA,NA,356.8,43.603968566,-80.248050653,-6.24774,10.11,237,27,14.8788
193,0.81327,85.5,162,"2026-06-21_CCRRE",4.02284978678896,NA,NA,NA,NA,NA,NA,NA,NA,NA,NA,NA,NA,NA,NA,356.6,43.60397217,-80.247999774,-6.72967,10.14,236,27,14.9148
194,0.81769,84,162,"2026-06-21_CCRRE",4.01412973667309,NA,NA,NA,NA,NA,NA,NA,NA,NA,NA,NA,NA,NA,NA,356.2,43.603971584,-80.247946214,-7.14803,10.33,239,27,14.9472
195,0.82218,84,162,"2026-06-21_CCRRE",4.01412973667309,NA,NA,NA,NA,NA,NA,NA,NA,NA,NA,NA,NA,NA,NA,355.8,43.603971081,-80.247887792,-7.56608,10.33,239,27,14.9472
196,0.82672,84.5,162,"2026-06-21_CCRRE",4.00544740847553,NA,NA,NA,NA,NA,NA,NA,NA,NA,NA,NA,NA,NA,NA,355.6,43.603976445,-80.247836076,-7.4951,10.33,239,27,14.9796
197,0.83123,84.5,162,"2026-06-21_CCRRE",3.98724082934609,NA,NA,NA,NA,NA,NA,NA,NA,NA,NA,NA,NA,NA,NA,355.4,43.603974517,-80.247776481,-7.45547,10.37,238,27,15.048
198,0.83551,84,161,"2026-06-21_CCRRE",3.96919901563864,NA,NA,NA,NA,NA,NA,NA,NA,NA,NA,NA,NA,NA,NA,355.2,43.603974601,-80.247727446,-7.3992,10.37,238,27,15.1164
199,0.84004,84,161,"2026-06-21_CCRRE",3.96070975918885,NA,NA,NA,NA,NA,NA,NA,NA,NA,NA,NA,NA,NA,NA,355,43.603968315,-80.2476676,-6.77687,10.41,237,27,15.1488
200,0.84413,84.5,161,"2026-06-21_CCRRE",3.96070975918885,NA,NA,NA,NA,NA,NA,NA,NA,NA,NA,NA,NA,NA,NA,355,43.603966387,-80.247622253,-6.34019,10.41,237,27,15.1488
201,0.84844,86.5,161,"2026-06-21_CCRRE",3.95225673859774,NA,NA,NA,NA,NA,NA,NA,NA,NA,NA,NA,NA,NA,NA,355,43.603955658,-80.247565759,-5.4311,9.8,230,27,15.1812
202,0.85217,87,160,"2026-06-21_CCRRE",3.95225673859774,NA,NA,NA,NA,NA,NA,NA,NA,NA,NA,NA,NA,NA,NA,355,43.603948869,-80.24752385,-4.07055,9.8,230,27,15.1812
203,0.85657,87.5,160,"2026-06-21_CCRRE",3.95225673859774,NA,NA,NA,NA,NA,NA,NA,NA,NA,NA,NA,NA,NA,NA,355,43.603939397,-80.247467691,-3.58862,9.64,227,26,15.1812
204,0.86062,87.5,160,"2026-06-21_CCRRE",3.96070975918885,NA,NA,NA,NA,NA,NA,NA,NA,NA,NA,NA,NA,NA,NA,355.2,43.603927495,-80.247420669,-2.18982,9.6,228,26,15.1488
205,0.86478,87.5,160,"2026-06-21_CCRRE",3.97867430572133,NA,NA,NA,NA,NA,NA,NA,NA,NA,NA,NA,NA,NA,NA,355.2,43.603917436,-80.247371132,-1.29895,9.6,228,27,15.0804
206,0.86881,87.5,160,"2026-06-21_CCRRE",3.97867430572133,NA,NA,NA,NA,NA,NA,NA,NA,NA,NA,NA,NA,NA,NA,355.4,43.603909222,-80.247322014,-0.362145,9.6,228,27,15.0804
207,0.87289,88,159,"2026-06-21_CCRRE",3.97867430572133,NA,NA,NA,NA,NA,NA,NA,NA,NA,NA,NA,NA,NA,NA,355.6,43.603903439,-80.247273566,0.57151,9.6,228,26,15.0804
208,0.87713,88,159,"2026-06-21_CCRRE",3.98724082934609,NA,NA,NA,NA,NA,NA,NA,NA,NA,NA,NA,NA,NA,NA,355.8,43.603894973,-80.24721833,1.5105,9.6,228,27,15.048
209,0.88107,87.5,159,"2026-06-21_CCRRE",3.98724082934609,NA,NA,NA,NA,NA,NA,NA,NA,NA,NA,NA,NA,NA,NA,355.8,43.603890614,-80.247175582,1.952,9.6,228,27,15.048
210,0.88485,87.5,159,"2026-06-21_CCRRE",3.98724082934609,NA,NA,NA,NA,NA,NA,NA,NA,NA,NA,NA,NA,NA,NA,356,43.603877874,-80.247127134,2.4811,9.6,228,27,15.048
211,0.88832,87.5,159,"2026-06-21_CCRRE",3.99584432190522,NA,NA,NA,NA,NA,NA,NA,NA,NA,NA,NA,NA,NA,NA,356,43.603869408,-80.247090338,2.4811,9.57,229,27,15.0156
212,0.89218,88,159,"2026-06-21_CCRRE",4.01412973667309,NA,NA,NA,NA,NA,NA,NA,NA,NA,NA,NA,NA,NA,NA,356.2,43.603856416,-80.247041974,2.99923,9.57,229,27,14.9472
213,0.89555,88,159,"2026-06-21_CCRRE",4.04138376980278,NA,NA,NA,NA,NA,NA,NA,NA,NA,NA,NA,NA,NA,NA,356.2,43.60385189,-80.247003669,2.99923,9.53,230,26,14.8464
214,0.89873,87.5,159,"2026-06-21_CCRRE",4.05022276225192,NA,NA,NA,NA,NA,NA,NA,NA,NA,NA,NA,NA,NA,NA,356.4,43.603843089,-80.24696704,3.13434,9.53,230,26,14.814
215,0.90225,86,158,"2026-06-21_CCRRE",4.08697073728952,NA,NA,NA,NA,NA,NA,NA,NA,NA,NA,NA,NA,NA,NA,356.6,43.6038306,-80.246923454,3.70252,9.86,236,27,14.6808
216,0.90559,86,159,"2026-06-21_CCRRE",4.08697073728952,NA,NA,NA,NA,NA,NA,NA,NA,NA,NA,NA,NA,NA,NA,356.8,43.603828169,-80.246886071,3.80504,9.86,236,27,14.6808
217,0.90897,85.5,159,"2026-06-21_CCRRE",4.10610166707728,NA,NA,NA,NA,NA,NA,NA,NA,NA,NA,NA,NA,NA,NA,357,43.603820793,-80.246840138,3.90656,10.03,239,27,14.6124
218,0.91231,85.5,159,"2026-06-21_CCRRE",4.25278557455133,NA,NA,NA,NA,NA,NA,NA,NA,NA,NA,NA,NA,NA,NA,357.2,43.603814255,-80.246802,4.03367,9.86,243,27,14.1084
219,0.91611,85.5,159,"2026-06-21_CCRRE",4.34593654932638,NA,NA,NA,NA,NA,NA,NA,NA,NA,NA,NA,NA,NA,NA,357.6,43.603799755,-80.246757493,5.0863,9.78,245,27,13.806
220,0.92003,85.5,161,"2026-06-21_CCRRE",4.37790035898783,NA,NA,NA,NA,NA,NA,NA,NA,NA,NA,NA,NA,NA,NA,357.8,43.603786846,-80.246713404,5.0674,9.77,245,27,13.7052
221,0.92364,85.5,162,"2026-06-21_CCRRE",4.37790035898783,NA,NA,NA,NA,NA,NA,NA,NA,NA,NA,NA,NA,NA,NA,357.8,43.603771256,-80.246675769,5.0674,9.77,245,27,13.7052
222,0.92748,85,163,"2026-06-21_CCRRE",4.3675751222921,NA,NA,NA,NA,NA,NA,NA,NA,NA,NA,NA,NA,NA,NA,357.8,43.603754325,-80.246630674,4.54927,9.77,245,27,13.7376
223,0.93131,85,163,"2026-06-21_CCRRE",4.34593654932638,NA,NA,NA,NA,NA,NA,NA,NA,NA,NA,NA,NA,NA,NA,358,43.603739656,-80.246591615,5.07146,9.78,245,26,13.806
224,0.93532,86,164,"2026-06-21_CCRRE",4.34593654932638,NA,NA,NA,NA,NA,NA,NA,NA,NA,NA,NA,NA,NA,NA,358,43.603719875,-80.246545682,4.44253,9.61,242,26,13.806
225,0.93905,86.5,164,"2026-06-21_CCRRE",4.33576135969476,NA,NA,NA,NA,NA,NA,NA,NA,NA,NA,NA,NA,NA,NA,358,43.603704452,-80.246509891,3.87435,9.41,240,27,13.8384
226,0.94294,87,164,"2026-06-21_CCRRE",4.32451133021969,NA,NA,NA,NA,NA,NA,NA,NA,NA,NA,NA,NA,NA,NA,358,43.603686767,-80.246462533,3.27555,9.45,239,27,13.8744
227,0.94703,87.5,164,"2026-06-21_CCRRE",4.31443610320131,NA,NA,NA,NA,NA,NA,NA,NA,NA,NA,NA,NA,NA,NA,358.2,43.603671511,-80.246419953,3.17283,9.26,237,27,13.9068
228,0.95132,88,164,"2026-06-21_CCRRE",4.30440771349862,NA,NA,NA,NA,NA,NA,NA,NA,NA,NA,NA,NA,NA,NA,358.2,43.603655586,-80.246368069,2.57403,9.26,237,27,13.9392
229,0.95523,88,164,"2026-06-21_CCRRE",4.26257459505541,NA,NA,NA,NA,NA,NA,NA,NA,NA,NA,NA,NA,NA,NA,358.2,43.603640666,-80.24632792,1.52139,9.3,236,27,14.076
230,0.95958,87.5,165,"2026-06-21_CCRRE",4.22261633307998,NA,NA,NA,NA,NA,NA,NA,NA,NA,NA,NA,NA,NA,NA,358.4,43.603619879,-80.246281568,1.47096,9.34,235,27,14.2092
231,0.9638,87.5,165,"2026-06-21_CCRRE",4.19287211740042,NA,NA,NA,NA,NA,NA,NA,NA,NA,NA,NA,NA,NA,NA,358.4,43.603601103,-80.246238066,1.47096,9.38,234,26,14.31
232,0.9677,87.5,165,"2026-06-21_CCRRE",4.13462333581411,NA,NA,NA,NA,NA,NA,NA,NA,NA,NA,NA,NA,NA,NA,358.6,43.603586938,-80.24619557,1.98378,9.45,232,27,14.5116
233,0.97173,87.5,165,"2026-06-21_CCRRE",4.13462333581411,NA,NA,NA,NA,NA,NA,NA,NA,NA,NA,NA,NA,NA,NA,358.6,43.603567324,-80.246151062,1.46159,9.45,232,26,14.5116
234,0.97523,87.5,166,"2026-06-21_CCRRE",4.18340026773762,NA,NA,NA,NA,NA,NA,NA,NA,NA,NA,NA,NA,NA,NA,358.6,43.603551986,-80.246114852,1.46159,9.38,234,26,14.3424
235,0.97905,87.5,166,"2026-06-21_CCRRE",4.18340026773762,NA,NA,NA,NA,NA,NA,NA,NA,NA,NA,NA,NA,NA,NA,358.6,43.603531869,-80.246072272,1.46159,9.38,234,26,14.3424
236,0.98266,87.5,166,"2026-06-21_CCRRE",4.32451133021969,NA,NA,NA,NA,NA,NA,NA,NA,NA,NA,NA,NA,NA,NA,358.6,43.603515943,-80.246035056,1.46159,9.26,237,26,13.8744
237,0.98664,88,166,"2026-06-21_CCRRE",4.32451133021969,NA,NA,NA,NA,NA,NA,NA,NA,NA,NA,NA,NA,NA,NA,358.6,43.603492223,-80.245994069,0.972591,9.26,237,26,13.8744
238,0.99052,88,166,"2026-06-21_CCRRE",4.32451133021969,NA,NA,NA,NA,NA,NA,NA,NA,NA,NA,NA,NA,NA,NA,358.6,43.603473866,-80.245959116,0.972591,9.26,237,26,13.8744
239,0.99468,87.5,165,"2026-06-21_CCRRE",4.31443610320131,NA,NA,NA,NA,NA,NA,NA,NA,NA,NA,NA,NA,NA,NA,358.8,43.603448972,-80.245914022,1.45336,9.26,237,26,13.9068
240,0.99858,87.5,165,"2026-06-21_CCRRE",4.30440771349862,NA,NA,NA,NA,NA,NA,NA,NA,NA,NA,NA,NA,NA,NA,359,43.603429945,-80.245879823,1.50641,9.26,237,26,13.9392
241,1.00268,88,165,"2026-06-21_CCRRE",4.26257459505541,NA,NA,NA,NA,NA,NA,NA,NA,NA,NA,NA,NA,NA,NA,359.2,43.603405302,-80.245836238,1.99422,9.3,236,26,14.076
242,1.00656,88,166,"2026-06-21_CCRRE",4.24304141208418,NA,NA,NA,NA,NA,NA,NA,NA,NA,NA,NA,NA,NA,NA,359.2,43.603388287,-80.245796591,1.48139,9.34,235,26,14.1408
243,1.01054,87,166,"2026-06-21_CCRRE",4.25278557455133,NA,NA,NA,NA,NA,NA,NA,NA,NA,NA,NA,NA,NA,NA,359.4,43.603369344,-80.245748479,1.98391,9.5,238,26,14.1084
244,1.01481,87,166,"2026-06-21_CCRRE",4.25278557455133,NA,NA,NA,NA,NA,NA,NA,NA,NA,NA,NA,NA,NA,NA,359.6,43.603343779,-80.245703301,2.45229,9.5,238,26,14.1084
245,1.01822,87,166,"2026-06-21_CCRRE",4.25278557455133,NA,NA,NA,NA,NA,NA,NA,NA,NA,NA,NA,NA,NA,NA,359.6,43.603314359,-80.24568595,2.45229,9.5,238,26,14.1084
246,1.01996,87,166,"2026-06-21_CCRRE",4.24304141208418,NA,NA,NA,NA,NA,NA,NA,NA,NA,NA,NA,NA,NA,NA,359.6,43.603308156,-80.24571118,2.45229,9.53,237,26,14.1408
247,1.02312,86.5,167,"2026-06-21_CCRRE",4.29331959471063,NA,NA,NA,NA,NA,NA,NA,NA,NA,NA,NA,NA,NA,NA,359.6,43.603315364,-80.245748311,2.45229,9.45,239,26,13.9752
248,1.02707,86,167,"2026-06-21_CCRRE",4.30440771349862,NA,NA,NA,NA,NA,NA,NA,NA,NA,NA,NA,NA,NA,NA,359.4,43.603338079,-80.245790053,1.94596,9.65,241,26,13.9392
249,1.03105,85.5,167,"2026-06-21_CCRRE",4.3561596096881,NA,NA,NA,NA,NA,NA,NA,NA,NA,NA,NA,NA,NA,NA,359.4,43.603356603,-80.245831292,1.46519,9.77,245,26,13.7736
250,1.03499,85,167,"2026-06-21_CCRRE",4.3561596096881,NA,NA,NA,NA,NA,NA,NA,NA,NA,NA,NA,NA,NA,NA,359.4,43.603377558,-80.24587052,0.952372,9.77,245,26,13.7736
251,1.03901,85,166,"2026-06-21_CCRRE",4.3561596096881,NA,NA,NA,NA,NA,NA,NA,NA,NA,NA,NA,NA,NA,NA,359.4,43.603400525,-80.245911004,0.464568,9.77,245,26,13.7736
252,1.04327,85,167,"2026-06-21_CCRRE",4.3561596096881,NA,NA,NA,NA,NA,NA,NA,NA,NA,NA,NA,NA,NA,NA,359.6,43.603420976,-80.245954003,0.934051,9.77,245,26,13.7736
253,1.04737,85,166,"2026-06-21_CCRRE",4.3561596096881,NA,NA,NA,NA,NA,NA,NA,NA,NA,NA,NA,NA,NA,NA,359.6,43.603441596,-80.245996416,0.431539,9.77,245,26,13.7736
254,1.05166,86,166,"2026-06-21_CCRRE",4.33576135969476,NA,NA,NA,NA,NA,NA,NA,NA,NA,NA,NA,NA,NA,NA,359.6,43.603458192,-80.246043941,-0.0368455,9.61,242,26,13.8384
255,1.05583,86.5,166,"2026-06-21_CCRRE",4.32451133021969,NA,NA,NA,NA,NA,NA,NA,NA,NA,NA,NA,NA,NA,NA,359.8,43.603479901,-80.24608803,0.442771,9.45,239,26,13.8744
256,1.06007,87.5,166,"2026-06-21_CCRRE",4.30440771349862,NA,NA,NA,NA,NA,NA,NA,NA,NA,NA,NA,NA,NA,NA,359.8,43.603497587,-80.246131616,0.442771,9.26,237,26,13.9392
257,1.06441,88.5,166,"2026-06-21_CCRRE",4.29331959471063,NA,NA,NA,NA,NA,NA,NA,NA,NA,NA,NA,NA,NA,NA,359.8,43.603520805,-80.246178219,0.442771,9.12,234,26,13.9752
258,1.06863,88.5,166,"2026-06-21_CCRRE",4.26257459505541,NA,NA,NA,NA,NA,NA,NA,NA,NA,NA,NA,NA,NA,NA,359.8,43.603534384,-80.246223733,0.9491,9.15,233,26,14.076
259,1.07309,88.5,166,"2026-06-21_CCRRE",4.22261633307998,NA,NA,NA,NA,NA,NA,NA,NA,NA,NA,NA,NA,NA,NA,359.8,43.603556009,-80.246273354,0.9491,9.19,232,26,14.2092
260,1.07703,88.5,166,"2026-06-21_CCRRE",4.20238695579089,NA,NA,NA,NA,NA,NA,NA,NA,NA,NA,NA,NA,NA,NA,359.8,43.603566067,-80.246317107,0.9491,9.19,232,26,14.2776
261,1.08144,89,165,"2026-06-21_CCRRE",4.17292605575029,NA,NA,NA,NA,NA,NA,NA,NA,NA,NA,NA,NA,NA,NA,359.8,43.603585932,-80.246367985,0.9491,9.23,231,26,14.3784
262,1.08529,89.5,165,"2026-06-21_CCRRE",4.16354400866017,NA,NA,NA,NA,NA,NA,NA,NA,NA,NA,NA,NA,NA,NA,359.8,43.603595152,-80.24640956,0.479616,9.05,229,26,14.4108
263,1.08978,89.5,165,"2026-06-21_CCRRE",4.17292605575029,NA,NA,NA,NA,NA,NA,NA,NA,NA,NA,NA,NA,NA,NA,359.6,43.603617364,-80.246461779,0.034182,9.05,229,26,14.3784
264,1.09344,89.5,166,"2026-06-21_CCRRE",4.15420405450316,NA,NA,NA,NA,NA,NA,NA,NA,NA,NA,NA,NA,NA,NA,359.8,43.603625579,-80.24649933,0.58063,9.05,229,26,14.4432
265,1.09788,89.5,165,"2026-06-21_CCRRE",4.16354400866017,NA,NA,NA,NA,NA,NA,NA,NA,NA,NA,NA,NA,NA,NA,359.8,43.603647958,-80.246551884,0.101014,9.05,229,26,14.4108
266,1.10194,89.5,166,"2026-06-21_CCRRE",4.1438753522294,NA,NA,NA,NA,NA,NA,NA,NA,NA,NA,NA,NA,NA,NA,359.8,43.603661034,-80.246595973,0.101014,9.09,228,26,14.4792
267,1.10614,88.5,166,"2026-06-21_CCRRE",4.1438753522294,NA,NA,NA,NA,NA,NA,NA,NA,NA,NA,NA,NA,NA,NA,359.6,43.603678468,-80.24664484,-0.375177,9.27,230,26,14.4792
268,1.1102,87.5,166,"2026-06-21_CCRRE",4.1438753522294,NA,NA,NA,NA,NA,NA,NA,NA,NA,NA,NA,NA,NA,NA,359.6,43.603691879,-80.246691192,-0.375177,9.42,233,26,14.4792
269,1.11437,87,166,"2026-06-21_CCRRE",4.1438753522294,NA,NA,NA,NA,NA,NA,NA,NA,NA,NA,NA,NA,NA,NA,359.6,43.603703027,-80.246739471,-0.375177,9.61,235,26,14.4792
270,1.11842,87,166,"2026-06-21_CCRRE",4.13462333581411,NA,NA,NA,NA,NA,NA,NA,NA,NA,NA,NA,NA,NA,NA,359.8,43.603715852,-80.246786997,0.11865,9.61,235,26,14.5116
271,1.12203,87.5,165,"2026-06-21_CCRRE",4.13462333581411,NA,NA,NA,NA,NA,NA,NA,NA,NA,NA,NA,NA,NA,NA,359.8,43.603724988,-80.246827314,0.11865,9.45,232,26,14.5116
272,1.12643,87.5,166,"2026-06-21_CCRRE",4.13462333581411,NA,NA,NA,NA,NA,NA,NA,NA,NA,NA,NA,NA,NA,NA,359.8,43.603741919,-80.246882551,0.11865,9.45,232,26,14.5116
273,1.13045,88,166,"2026-06-21_CCRRE",4.1438753522294,NA,NA,NA,NA,NA,NA,NA,NA,NA,NA,NA,NA,NA,NA,359.6,43.603751391,-80.246924879,0.0665723,9.42,233,26,14.4792
274,1.13433,88,166,"2026-06-21_CCRRE",4.1438753522294,NA,NA,NA,NA,NA,NA,NA,NA,NA,NA,NA,NA,NA,NA,359.6,43.603764215,-80.246972405,-0.479876,9.42,233,26,14.4792
275,1.13862,87.5,165,"2026-06-21_CCRRE",4.1438753522294,NA,NA,NA,NA,NA,NA,NA,NA,NA,NA,NA,NA,NA,NA,359.2,43.603776621,-80.247023618,-1.41228,9.42,233,26,14.4792
276,1.14298,87,166,"2026-06-21_CCRRE",4.1438753522294,NA,NA,NA,NA,NA,NA,NA,NA,NA,NA,NA,NA,NA,NA,358.8,43.603787014,-80.247074077,-2.32971,9.61,235,26,14.4792
277,1.14756,86.5,165,"2026-06-21_CCRRE",4.1438753522294,NA,NA,NA,NA,NA,NA,NA,NA,NA,NA,NA,NA,NA,NA,358.4,43.603801263,-80.247130152,-2.72688,9.81,237,26,14.4792
278,1.15147,86.5,165,"2026-06-21_CCRRE",4.12541254125412,NA,NA,NA,NA,NA,NA,NA,NA,NA,NA,NA,NA,NA,NA,358.2,43.603805622,-80.247175247,-3.23839,9.82,237,26,14.544
279,1.15614,84,165,"2026-06-21_CCRRE",4.11522633744856,NA,NA,NA,NA,NA,NA,NA,NA,NA,NA,NA,NA,NA,NA,357.8,43.603819284,-80.247234004,-4.09492,10.21,242,26,14.58
280,1.1604,84,165,"2026-06-21_CCRRE",4.10610166707728,NA,NA,NA,NA,NA,NA,NA,NA,NA,NA,NA,NA,NA,NA,357.2,43.603823308,-80.247284547,-5.9972,10.25,241,26,14.6124
281,1.1646,84.5,165,"2026-06-21_CCRRE",4.06901041666667,NA,NA,NA,NA,NA,NA,NA,NA,NA,NA,NA,NA,NA,NA,356.8,43.603830684,-80.247336179,-6.94958,10.29,240,26,14.7456
282,1.16897,84.5,165,"2026-06-21_CCRRE",4.05910050332846,NA,NA,NA,NA,NA,NA,NA,NA,NA,NA,NA,NA,NA,NA,356.6,43.603839317,-80.247389991,-7.40724,10.29,240,26,14.7816
283,1.17326,84.5,165,"2026-06-21_CCRRE",4.05022276225192,NA,NA,NA,NA,NA,NA,NA,NA,NA,NA,NA,NA,NA,NA,356.4,43.603840239,-80.247440701,-7.37593,10.29,240,26,14.814
284,1.17754,84.5,164,"2026-06-21_CCRRE",4.03258327284458,NA,NA,NA,NA,NA,NA,NA,NA,NA,NA,NA,NA,NA,NA,356.4,43.603855075,-80.247495184,-7.37593,10.33,239,26,14.8788
285,1.18137,84.5,164,"2026-06-21_CCRRE",4.02284978678896,NA,NA,NA,NA,NA,NA,NA,NA,NA,NA,NA,NA,NA,NA,356.6,43.60385826,-80.247536423,-5.92134,10.33,239,26,14.9148
286,1.18588,85.5,164,"2026-06-21_CCRRE",4.02284978678896,NA,NA,NA,NA,NA,NA,NA,NA,NA,NA,NA,NA,NA,NA,356.6,43.60386966,-80.247595431,-5.00391,10.14,236,26,14.9148
287,1.18994,86,164,"2026-06-21_CCRRE",4.02284978678896,NA,NA,NA,NA,NA,NA,NA,NA,NA,NA,NA,NA,NA,NA,356.6,43.603869995,-80.247641616,-4.13054,9.93,234,26,14.9148
288,1.19458,86,165,"2026-06-21_CCRRE",4.02284978678896,NA,NA,NA,NA,NA,NA,NA,NA,NA,NA,NA,NA,NA,NA,356.4,43.603878042,-80.247703474,-4.05007,9.93,234,26,14.9148
289,1.19858,87,164,"2026-06-21_CCRRE",4.02284978678896,NA,NA,NA,NA,NA,NA,NA,NA,NA,NA,NA,NA,NA,NA,356.4,43.603877622,-80.247746557,-3.19354,9.73,232,26,14.9148
290,1.20286,87,164,"2026-06-21_CCRRE",4.01412973667309,NA,NA,NA,NA,NA,NA,NA,NA,NA,NA,NA,NA,NA,NA,356.2,43.60388173,-80.247805566,-2.25238,9.76,231,26,14.9472
291,1.20685,88,164,"2026-06-21_CCRRE",4.00544740847553,NA,NA,NA,NA,NA,NA,NA,NA,NA,NA,NA,NA,NA,NA,356.2,43.60387888,-80.247849822,-1.3,9.57,229,26,14.9796
292,1.2105,88,165,"2026-06-21_CCRRE",4.01412973667309,NA,NA,NA,NA,NA,NA,NA,NA,NA,NA,NA,NA,NA,NA,356.2,43.603879383,-80.247896845,-0.842331,9.57,229,26,14.9472
293,1.21405,88,164,"2026-06-21_CCRRE",4.01412973667309,NA,NA,NA,NA,NA,NA,NA,NA,NA,NA,NA,NA,NA,NA,356.4,43.603875946,-80.247942358,0.187249,9.57,229,26,14.9472
294,1.21784,87.5,165,"2026-06-21_CCRRE",4.03258327284458,NA,NA,NA,NA,NA,NA,NA,NA,NA,NA,NA,NA,NA,NA,356.6,43.603870582,-80.247985106,0.714954,9.53,230,26,14.8788
295,1.22122,87.5,165,"2026-06-21_CCRRE",4.05022276225192,NA,NA,NA,NA,NA,NA,NA,NA,NA,NA,NA,NA,NA,NA,356.6,43.603868989,-80.248028943,0.192761,9.53,230,26,14.814
296,1.22417,87.5,165,"2026-06-21_CCRRE",4.06901041666667,NA,NA,NA,NA,NA,NA,NA,NA,NA,NA,NA,NA,NA,NA,357,43.603862032,-80.248062471,1.54869,9.49,231,26,14.7456
297,1.22804,87,164,"2026-06-21_CCRRE",4.08697073728952,NA,NA,NA,NA,NA,NA,NA,NA,NA,NA,NA,NA,NA,NA,357.4,43.603857925,-80.248114187,2.58228,9.69,233,26,14.6808
298,1.23117,87,165,"2026-06-21_CCRRE",4.08697073728952,NA,NA,NA,NA,NA,NA,NA,NA,NA,NA,NA,NA,NA,NA,357.6,43.603849459,-80.248148888,3.6523,9.69,233,26,14.6808
299,1.23452,86.5,165,"2026-06-21_CCRRE",4.10610166707728,NA,NA,NA,NA,NA,NA,NA,NA,NA,NA,NA,NA,NA,NA,358,43.603840155,-80.2481882,4.84633,9.65,234,26,14.6124
300,1.23798,86,165,"2026-06-21_CCRRE",4.10610166707728,NA,NA,NA,NA,NA,NA,NA,NA,NA,NA,NA,NA,NA,NA,358.4,43.603833031,-80.248230863,6.46969,9.85,236,26,14.6124
301,1.24117,85.5,165,"2026-06-21_CCRRE",4.24304141208418,NA,NA,NA,NA,NA,NA,NA,NA,NA,NA,NA,NA,NA,NA,358.8,43.60382599,-80.248266403,7.7236,9.9,242,26,14.1408
302,1.2449,85,165,"2026-06-21_CCRRE",4.33576135969476,NA,NA,NA,NA,NA,NA,NA,NA,NA,NA,NA,NA,NA,NA,358.8,43.603818865,-80.248315185,7.7236,9.81,244,26,13.8384
303,1.24805,85,165,"2026-06-21_CCRRE",4.43262411347518,NA,NA,NA,NA,NA,NA,NA,NA,NA,NA,NA,NA,NA,NA,359.4,43.603810651,-80.248349216,9.06499,9.69,247,26,13.536
304,1.25123,84,165,"2026-06-21_CCRRE",4.48752468138575,NA,NA,NA,NA,NA,NA,NA,NA,NA,NA,NA,NA,NA,NA,360,43.603805203,-80.24838794,10.4241,9.81,251,26,13.3704
305,1.25446,84,165,"2026-06-21_CCRRE",4.58001282403591,NA,NA,NA,NA,NA,NA,NA,NA,NA,NA,NA,NA,NA,NA,360.4,43.603798162,-80.248430353,11.6625,9.72,253,26,13.1004
306,1.2576,84,165,"2026-06-21_CCRRE",4.6633090841261,NA,NA,NA,NA,NA,NA,NA,NA,NA,NA,NA,NA,NA,NA,360.8,43.603787768,-80.248461282,11.5804,9.67,254,26,12.8664
307,1.26132,84,165,"2026-06-21_CCRRE",4.7001316036849,NA,NA,NA,NA,NA,NA,NA,NA,NA,NA,NA,NA,NA,NA,361,43.603782069,-80.24851216,11.0845,9.62,255,25,12.7656
308,1.26444,84,165,"2026-06-21_CCRRE",4.7001316036849,NA,NA,NA,NA,NA,NA,NA,NA,NA,NA,NA,NA,NA,NA,361.4,43.603773603,-80.248545185,11.7275,9.62,255,26,12.7656
309,1.26787,83.5,165,"2026-06-21_CCRRE",4.7254512805973,NA,NA,NA,NA,NA,NA,NA,NA,NA,NA,NA,NA,NA,NA,361.6,43.603768658,-80.24858919,11.1166,9.79,258,25,12.6972
310,1.27137,83.5,165,"2026-06-21_CCRRE",4.71342383107089,NA,NA,NA,NA,NA,NA,NA,NA,NA,NA,NA,NA,NA,NA,361.6,43.603762455,-80.248633111,9.96052,9.79,258,25,12.7296
311,1.27558,84,165,"2026-06-21_CCRRE",4.71342383107089,NA,NA,NA,NA,NA,NA,NA,NA,NA,NA,NA,NA,NA,NA,361.8,43.603754073,-80.248678541,9.18167,9.62,255,26,12.7296
312,1.2794,84,166,"2026-06-21_CCRRE",4.67639356528245,NA,NA,NA,NA,NA,NA,NA,NA,NA,NA,NA,NA,NA,NA,362,43.603749128,-80.248729335,9.70523,9.66,254,25,12.8304
313,1.28238,85.5,166,"2026-06-21_CCRRE",4.45394619632995,NA,NA,NA,NA,NA,NA,NA,NA,NA,NA,NA,NA,NA,NA,362.2,43.603737561,-80.248759845,8.4716,9.69,247,25,13.4712
314,1.28657,85.5,167,"2026-06-21_CCRRE",4.45394619632995,NA,NA,NA,NA,NA,NA,NA,NA,NA,NA,NA,NA,NA,NA,362.2,43.603729179,-80.248816088,6.58481,9.69,247,26,13.4712
315,1.29007,85.5,168,"2026-06-21_CCRRE",4.44325957522438,NA,NA,NA,NA,NA,NA,NA,NA,NA,NA,NA,NA,NA,NA,362.4,43.603720378,-80.248855064,5.91785,9.69,247,25,13.5036
316,1.29444,85,168,"2026-06-21_CCRRE",4.53391367428364,NA,NA,NA,NA,NA,NA,NA,NA,NA,NA,NA,NA,NA,NA,362.4,43.603704955,-80.248907451,4.64397,9.6,249,25,13.2336
317,1.29809,85,169,"2026-06-21_CCRRE",4.44325957522438,NA,NA,NA,NA,NA,NA,NA,NA,NA,NA,NA,NA,NA,NA,362.4,43.60368903,-80.248949276,4.10633,9.69,247,25,13.5036
318,1.30228,85.5,170,"2026-06-21_CCRRE",4.43262411347518,NA,NA,NA,NA,NA,NA,NA,NA,NA,NA,NA,NA,NA,NA,362.4,43.603668829,-80.248987666,2.82428,9.69,247,25,13.536
319,1.30616,86,170,"2026-06-21_CCRRE",4.33576135969476,NA,NA,NA,NA,NA,NA,NA,NA,NA,NA,NA,NA,NA,NA,362.4,43.603648629,-80.249032844,2.24119,9.61,242,25,13.8384
320,1.30991,86,171,"2026-06-21_CCRRE",4.38827453045463,NA,NA,NA,NA,NA,NA,NA,NA,NA,NA,NA,NA,NA,NA,362.4,43.603626668,-80.249063689,2.24119,9.57,243,25,13.6728
321,1.31398,86,171,"2026-06-21_CCRRE",4.38827453045463,NA,NA,NA,NA,NA,NA,NA,NA,NA,NA,NA,NA,NA,NA,362.2,43.603605881,-80.249111969,1.27473,9.57,243,25,13.6728
322,1.31785,86.5,172,"2026-06-21_CCRRE",4.37790035898783,NA,NA,NA,NA,NA,NA,NA,NA,NA,NA,NA,NA,NA,NA,362.2,43.603585513,-80.249146335,0.751169,9.57,243,25,13.7052
323,1.32241,86.5,172,"2026-06-21_CCRRE",4.3675751222921,NA,NA,NA,NA,NA,NA,NA,NA,NA,NA,NA,NA,NA,NA,362.4,43.603562714,-80.249196459,0.518625,9.57,243,25,13.7376
324,1.32644,86,172,"2026-06-21_CCRRE",4.29331959471063,NA,NA,NA,NA,NA,NA,NA,NA,NA,NA,NA,NA,NA,NA,362.4,43.603542849,-80.24923577,0.518625,9.65,241,25,13.9752
325,1.33055,86,172,"2026-06-21_CCRRE",4.22261633307998,NA,NA,NA,NA,NA,NA,NA,NA,NA,NA,NA,NA,NA,NA,362.4,43.603523068,-80.249277093,-0.052804,9.73,239,25,14.2092
326,1.33459,86,172,"2026-06-21_CCRRE",4.22261633307998,NA,NA,NA,NA,NA,NA,NA,NA,NA,NA,NA,NA,NA,NA,362.4,43.603503873,-80.249321014,-0.052804,9.73,239,25,14.2092
327,1.33849,86.5,172,"2026-06-21_CCRRE",4.22261633307998,NA,NA,NA,NA,NA,NA,NA,NA,NA,NA,NA,NA,NA,NA,362.4,43.603481494,-80.249356721,-0.052804,9.53,237,25,14.2092
328,1.34238,87,172,"2026-06-21_CCRRE",4.24304141208418,NA,NA,NA,NA,NA,NA,NA,NA,NA,NA,NA,NA,NA,NA,362.4,43.603459114,-80.249399301,-0.052804,9.53,237,25,14.1408
329,1.34624,86.5,172,"2026-06-21_CCRRE",4.27350427350427,NA,NA,NA,NA,NA,NA,NA,NA,NA,NA,NA,NA,NA,NA,362.4,43.603434471,-80.249429979,-0.052804,9.49,238,25,14.04
330,1.35073,86,171,"2026-06-21_CCRRE",4.28338901739056,NA,NA,NA,NA,NA,NA,NA,NA,NA,NA,NA,NA,NA,NA,362.4,43.603409242,-80.249474906,-0.052804,9.65,241,25,14.0076
331,1.35423,86,172,"2026-06-21_CCRRE",4.28338901739056,NA,NA,NA,NA,NA,NA,NA,NA,NA,NA,NA,NA,NA,NA,362.4,43.603389293,-80.249503069,0.438596,9.65,241,25,14.0076
332,1.35866,86,172,"2026-06-21_CCRRE",4.29331959471063,NA,NA,NA,NA,NA,NA,NA,NA,NA,NA,NA,NA,NA,NA,362.4,43.603362806,-80.249549002,0.438596,9.65,241,25,13.9752
333,1.36212,86,172,"2026-06-21_CCRRE",4.24304141208418,NA,NA,NA,NA,NA,NA,NA,NA,NA,NA,NA,NA,NA,NA,362.4,43.603340762,-80.249577835,0,9.69,240,25,14.1408
334,1.36615,86.5,171,"2026-06-21_CCRRE",4.28338901739056,NA,NA,NA,NA,NA,NA,NA,NA,NA,NA,NA,NA,NA,NA,362.6,43.60331285,-80.249612453,0.496278,9.49,238,25,14.0076
335,1.37006,87,171,"2026-06-21_CCRRE",4.28338901739056,NA,NA,NA,NA,NA,NA,NA,NA,NA,NA,NA,NA,NA,NA,362.6,43.603286698,-80.24964774,0.496278,9.49,238,25,14.0076
336,1.37378,87,171,"2026-06-21_CCRRE",4.28338901739056,NA,NA,NA,NA,NA,NA,NA,NA,NA,NA,NA,NA,NA,NA,362.8,43.603263229,-80.249673473,1.03391,9.49,238,25,14.0076
337,1.37732,87,171,"2026-06-21_CCRRE",4.28338901739056,NA,NA,NA,NA,NA,NA,NA,NA,NA,NA,NA,NA,NA,NA,363.2,43.603238586,-80.249704905,2.16386,9.49,238,25,14.0076
338,1.38045,87,171,"2026-06-21_CCRRE",4.29331959471063,NA,NA,NA,NA,NA,NA,NA,NA,NA,NA,NA,NA,NA,NA,363.4,43.603217799,-80.249728374,2.80283,9.45,239,25,13.9752
339,1.38432,86,171,"2026-06-21_CCRRE",4.30440771349862,NA,NA,NA,NA,NA,NA,NA,NA,NA,NA,NA,NA,NA,NA,363.6,43.60319039,-80.249759136,3.31963,9.65,241,25,13.9392
340,1.38818,86,171,"2026-06-21_CCRRE",4.34593654932638,NA,NA,NA,NA,NA,NA,NA,NA,NA,NA,NA,NA,NA,NA,363.6,43.603159629,-80.249788473,3.31963,9.61,242,25,13.806
341,1.39208,85.5,170,"2026-06-21_CCRRE",4.34593654932638,NA,NA,NA,NA,NA,NA,NA,NA,NA,NA,NA,NA,NA,NA,363.4,43.603133812,-80.249815043,2.80681,9.78,245,25,13.806
342,1.396,85.5,170,"2026-06-21_CCRRE",4.34593654932638,NA,NA,NA,NA,NA,NA,NA,NA,NA,NA,NA,NA,NA,NA,363.4,43.603102967,-80.249850666,2.80681,9.78,245,25,13.806
343,1.40019,85.5,170,"2026-06-21_CCRRE",4.34593654932638,NA,NA,NA,NA,NA,NA,NA,NA,NA,NA,NA,NA,NA,NA,363.4,43.603072624,-80.249875728,2.80681,9.78,245,25,13.806
344,1.40504,85,170,"2026-06-21_CCRRE",4.34593654932638,NA,NA,NA,NA,NA,NA,NA,NA,NA,NA,NA,NA,NA,NA,363.2,43.60303675,-80.24990892,1.89816,9.78,245,25,13.806
345,1.40921,85,170,"2026-06-21_CCRRE",4.33576135969476,NA,NA,NA,NA,NA,NA,NA,NA,NA,NA,NA,NA,NA,NA,363,43.603008754,-80.249937503,1.41854,9.81,244,25,13.8384
346,1.41329,85.5,170,"2026-06-21_CCRRE",4.30440771349862,NA,NA,NA,NA,NA,NA,NA,NA,NA,NA,NA,NA,NA,NA,362.8,43.602977993,-80.249968013,0.390713,9.82,244,25,13.9392
347,1.41755,85.5,170,"2026-06-21_CCRRE",4.29331959471063,NA,NA,NA,NA,NA,NA,NA,NA,NA,NA,NA,NA,NA,NA,362.6,43.602948153,-80.250005648,-1.20871,9.86,243,25,13.9752
348,1.42174,85,170,"2026-06-21_CCRRE",4.28338901739056,NA,NA,NA,NA,NA,NA,NA,NA,NA,NA,NA,NA,NA,NA,362.4,43.602919739,-80.250030626,-2.32502,9.86,243,25,14.0076
349,1.42613,84,169,"2026-06-21_CCRRE",4.26257459505541,NA,NA,NA,NA,NA,NA,NA,NA,NA,NA,NA,NA,NA,NA,362.4,43.602886881,-80.250068009,-2.84181,10.08,245,25,14.076
350,1.43049,84,169,"2026-06-21_CCRRE",4.25278557455133,NA,NA,NA,NA,NA,NA,NA,NA,NA,NA,NA,NA,NA,NA,362.2,43.602856623,-80.2500981,-3.30053,10.08,245,25,14.1084
351,1.43477,84,169,"2026-06-21_CCRRE",4.24304141208418,NA,NA,NA,NA,NA,NA,NA,NA,NA,NA,NA,NA,NA,NA,362.2,43.602827454,-80.250131628,-2.78771,10.08,245,25,14.1408
352,1.43866,84,169,"2026-06-21_CCRRE",4.22261633307998,NA,NA,NA,NA,NA,NA,NA,NA,NA,NA,NA,NA,NA,NA,362,43.602800883,-80.250166245,-3.30185,10.12,244,25,14.2092
353,1.44266,84,169,"2026-06-21_CCRRE",4.21300977418268,NA,NA,NA,NA,NA,NA,NA,NA,NA,NA,NA,NA,NA,NA,362,43.60277733,-80.250197929,-3.30185,10.12,244,25,14.2416
354,1.44637,85.5,168,"2026-06-21_CCRRE",4.21300977418268,NA,NA,NA,NA,NA,NA,NA,NA,NA,NA,NA,NA,NA,NA,362,43.602751262,-80.250231875,-2.88948,9.91,242,25,14.2416
355,1.45039,85.5,168,"2026-06-21_CCRRE",4.21300977418268,NA,NA,NA,NA,NA,NA,NA,NA,NA,NA,NA,NA,NA,NA,361.8,43.602724692,-80.250261212,-2.90737,9.91,242,25,14.2416
356,1.45456,86,168,"2026-06-21_CCRRE",4.21300977418268,NA,NA,NA,NA,NA,NA,NA,NA,NA,NA,NA,NA,NA,NA,361.6,43.602695187,-80.250301948,-2.89679,9.73,239,25,14.2416
357,1.45887,86,168,"2026-06-21_CCRRE",4.21300977418268,NA,NA,NA,NA,NA,NA,NA,NA,NA,NA,NA,NA,NA,NA,361.4,43.602670293,-80.250337739,-2.89135,9.73,239,25,14.2416
358,1.46358,85.5,167,"2026-06-21_CCRRE",4.20238695579089,NA,NA,NA,NA,NA,NA,NA,NA,NA,NA,NA,NA,NA,NA,361,43.602642717,-80.250387024,-3.26328,9.94,241,25,14.2776
359,1.46794,85.5,167,"2026-06-21_CCRRE",4.19287211740042,NA,NA,NA,NA,NA,NA,NA,NA,NA,NA,NA,NA,NA,NA,360.8,43.602621678,-80.250428934,-3.72199,9.94,241,25,14.31
360,1.47295,86,167,"2026-06-21_CCRRE",4.17292605575029,NA,NA,NA,NA,NA,NA,NA,NA,NA,NA,NA,NA,NA,NA,360.4,43.602594018,-80.250480315,-4.06168,9.77,238,25,14.3784
361,1.4773,86,167,"2026-06-21_CCRRE",4.15420405450316,NA,NA,NA,NA,NA,NA,NA,NA,NA,NA,NA,NA,NA,NA,360.4,43.60257256,-80.250526918,-4.06168,9.81,237,25,14.4432
362,1.48249,87,166,"2026-06-21_CCRRE",4.15420405450316,NA,NA,NA,NA,NA,NA,NA,NA,NA,NA,NA,NA,NA,NA,360.4,43.602544732,-80.250575198,-3.54754,9.61,235,25,14.4432
363,1.48695,87,166,"2026-06-21_CCRRE",4.13462333581411,NA,NA,NA,NA,NA,NA,NA,NA,NA,NA,NA,NA,NA,NA,360.2,43.602525119,-80.250627501,-3.99597,9.61,235,25,14.5116
364,1.49165,87,166,"2026-06-21_CCRRE",4.13462333581411,NA,NA,NA,NA,NA,NA,NA,NA,NA,NA,NA,NA,NA,NA,360.2,43.602504331,-80.250671422,-3.99597,9.61,235,25,14.5116
365,1.49625,87,166,"2026-06-21_CCRRE",4.02284978678896,NA,NA,NA,NA,NA,NA,NA,NA,NA,NA,NA,NA,NA,NA,360.2,43.602488573,-80.250729928,-3.49846,9.73,232,25,14.9148
366,1.50015,88,166,"2026-06-21_CCRRE",3.90869293308318,NA,NA,NA,NA,NA,NA,NA,NA,NA,NA,NA,NA,NA,NA,360.2,43.60247533,-80.250770245,-3.01884,9.68,226,25,15.3504
367,1.50454,88,166,"2026-06-21_CCRRE",3.90869293308318,NA,NA,NA,NA,NA,NA,NA,NA,NA,NA,NA,NA,NA,NA,360.2,43.602466445,-80.250830092,-2.55481,9.68,226,25,15.3504
368,1.5086,86.5,166,"2026-06-21_CCRRE",3.91696043869957,NA,NA,NA,NA,NA,NA,NA,NA,NA,NA,NA,NA,NA,NA,360.2,43.602458315,-80.250873761,-1.70555,9.84,229,25,15.318
369,1.51315,86.5,166,"2026-06-21_CCRRE",3.96919901563864,NA,NA,NA,NA,NA,NA,NA,NA,NA,NA,NA,NA,NA,NA,360.2,43.602463009,-80.250936877,-1.24683,9.8,230,25,15.1164
370,1.51739,87,165,"2026-06-21_CCRRE",3.91696043869957,NA,NA,NA,NA,NA,NA,NA,NA,NA,NA,NA,NA,NA,NA,360.2,43.602462338,-80.250986414,-0.44843,9.84,229,25,15.318
371,1.52198,87,166,"2026-06-21_CCRRE",3.90046025431001,NA,NA,NA,NA,NA,NA,NA,NA,NA,NA,NA,NA,NA,NA,360.2,43.602474492,-80.251040226,-0.44843,9.88,228,25,15.3828
372,1.52629,87,165,"2026-06-21_CCRRE",3.86607902265522,NA,NA,NA,NA,NA,NA,NA,NA,NA,NA,NA,NA,NA,NA,360.2,43.602490082,-80.251090266,-0.44843,9.91,227,25,15.5196
373,1.53057,87,165,"2026-06-21_CCRRE",3.85802469135802,NA,NA,NA,NA,NA,NA,NA,NA,NA,NA,NA,NA,NA,NA,360.2,43.602503493,-80.251136618,0,9.91,227,25,15.552
374,1.53466,87,165,"2026-06-21_CCRRE",3.85802469135802,NA,NA,NA,NA,NA,NA,NA,NA,NA,NA,NA,NA,NA,NA,360,43.602525454,-80.251181796,-0.488998,9.91,227,25,15.552
375,1.53824,87,166,"2026-06-21_CCRRE",3.87506781368674,NA,NA,NA,NA,NA,NA,NA,NA,NA,NA,NA,NA,NA,NA,360.2,43.602536099,-80.251218928,0.0696617,9.91,227,25,15.4836
376,1.54213,87,166,"2026-06-21_CCRRE",3.92618767177071,NA,NA,NA,NA,NA,NA,NA,NA,NA,NA,NA,NA,NA,NA,360.4,43.602561999,-80.251257317,0.5838,9.84,229,25,15.282
377,1.54543,87,166,"2026-06-21_CCRRE",4.08697073728952,NA,NA,NA,NA,NA,NA,NA,NA,NA,NA,NA,NA,NA,NA,360.8,43.602576332,-80.251289336,1.79592,9.69,233,25,14.6808
378,1.54925,87,166,"2026-06-21_CCRRE",4.09701737135365,NA,NA,NA,NA,NA,NA,NA,NA,NA,NA,NA,NA,NA,NA,361.2,43.602599717,-80.251328396,2.84304,9.65,234,25,14.6448
379,1.55316,86.5,165,"2026-06-21_CCRRE",4.19287211740042,NA,NA,NA,NA,NA,NA,NA,NA,NA,NA,NA,NA,NA,NA,361.4,43.602621846,-80.251365779,3.35455,9.77,238,25,14.31
380,1.55701,86,165,"2026-06-21_CCRRE",4.19287211740042,NA,NA,NA,NA,NA,NA,NA,NA,NA,NA,NA,NA,NA,NA,361.6,43.60264037,-80.251403246,3.87403,9.77,238,25,14.31
381,1.5611,86,165,"2026-06-21_CCRRE",4.15420405450316,NA,NA,NA,NA,NA,NA,NA,NA,NA,NA,NA,NA,NA,NA,361.8,43.602665264,-80.251445659,4.36303,9.81,237,25,14.4432
382,1.56461,86,165,"2026-06-21_CCRRE",4.15420405450316,NA,NA,NA,NA,NA,NA,NA,NA,NA,NA,NA,NA,NA,NA,361.8,43.602677585,-80.251478516,4.36303,9.81,237,25,14.4432
383,1.56823,86,165,"2026-06-21_CCRRE",4.15420405450316,NA,NA,NA,NA,NA,NA,NA,NA,NA,NA,NA,NA,NA,NA,362.2,43.602704407,-80.251516318,5.468,9.81,237,25,14.4432
384,1.57145,86.5,166,"2026-06-21_CCRRE",4.21300977418268,NA,NA,NA,NA,NA,NA,NA,NA,NA,NA,NA,NA,NA,NA,362.4,43.602718908,-80.251546325,6.57812,9.73,239,25,14.2416
385,1.57561,86,165,"2026-06-21_CCRRE",4.25278557455133,NA,NA,NA,NA,NA,NA,NA,NA,NA,NA,NA,NA,NA,NA,362.6,43.602743132,-80.251589995,6.50023,9.69,240,25,14.1084
386,1.57938,86,166,"2026-06-21_CCRRE",4.25278557455133,NA,NA,NA,NA,NA,NA,NA,NA,NA,NA,NA,NA,NA,NA,362.8,43.602756459,-80.251630312,6.51659,9.69,240,25,14.1084
387,1.58358,86,166,"2026-06-21_CCRRE",4.2322668020992,NA,NA,NA,NA,NA,NA,NA,NA,NA,NA,NA,NA,NA,NA,362.8,43.602768613,-80.251679933,5.30447,9.73,239,25,14.1768
388,1.58738,86,166,"2026-06-21_CCRRE",4.22261633307998,NA,NA,NA,NA,NA,NA,NA,NA,NA,NA,NA,NA,NA,NA,363,43.602775151,-80.251731314,4.78367,9.73,239,25,14.2092
389,1.59178,87,167,"2026-06-21_CCRRE",4.18340026773762,NA,NA,NA,NA,NA,NA,NA,NA,NA,NA,NA,NA,NA,NA,362.8,43.602771295,-80.251778839,3.81761,9.57,236,25,14.3424
390,1.59618,87,167,"2026-06-21_CCRRE",4.13462333581411,NA,NA,NA,NA,NA,NA,NA,NA,NA,NA,NA,NA,NA,NA,362.8,43.602770792,-80.251837094,3.29813,9.61,235,25,14.5116
391,1.6001,87,167,"2026-06-21_CCRRE",4.09701737135365,NA,NA,NA,NA,NA,NA,NA,NA,NA,NA,NA,NA,NA,NA,362.6,43.602758638,-80.25187741,2.29893,9.65,234,25,14.6448
392,1.60381,86.5,168,"2026-06-21_CCRRE",4.07797080172906,NA,NA,NA,NA,NA,NA,NA,NA,NA,NA,NA,NA,NA,NA,362.4,43.602753525,-80.25192745,1.75985,9.69,233,25,14.7132
393,1.60765,86,168,"2026-06-21_CCRRE",4.07797080172906,NA,NA,NA,NA,NA,NA,NA,NA,NA,NA,NA,NA,NA,NA,362.4,43.60273936,-80.251971707,0.654874,9.89,235,25,14.7132
394,1.61168,86,169,"2026-06-21_CCRRE",4.10610166707728,NA,NA,NA,NA,NA,NA,NA,NA,NA,NA,NA,NA,NA,NA,362.2,43.602726368,-80.252020322,-0.462522,9.85,236,25,14.6124
395,1.61587,86,169,"2026-06-21_CCRRE",4.12541254125412,NA,NA,NA,NA,NA,NA,NA,NA,NA,NA,NA,NA,NA,NA,362.2,43.602716896,-80.252071452,-0.943291,9.82,237,25,14.544
396,1.62007,86,169,"2026-06-21_CCRRE",4.12541254125412,NA,NA,NA,NA,NA,NA,NA,NA,NA,NA,NA,NA,NA,NA,362,43.602699462,-80.252115959,-1.94999,9.82,237,25,14.544
397,1.62434,86,170,"2026-06-21_CCRRE",4.12541254125412,NA,NA,NA,NA,NA,NA,NA,NA,NA,NA,NA,NA,NA,NA,361.8,43.60268823,-80.252166838,-2.41837,9.82,237,25,14.544
398,1.62821,86.5,170,"2026-06-21_CCRRE",4.11522633744856,NA,NA,NA,NA,NA,NA,NA,NA,NA,NA,NA,NA,NA,NA,361.8,43.6026801,-80.252206819,-2.94469,9.85,236,25,14.58
399,1.63217,86.5,170,"2026-06-21_CCRRE",4.10610166707728,NA,NA,NA,NA,NA,NA,NA,NA,NA,NA,NA,NA,NA,NA,361.6,43.602677837,-80.252262224,-2.99519,9.85,236,25,14.6124
400,1.63607,86,170,"2026-06-21_CCRRE",4.10610166707728,NA,NA,NA,NA,NA,NA,NA,NA,NA,NA,NA,NA,NA,NA,361.4,43.602672305,-80.252306983,-3.50801,9.85,236,25,14.6124
401,1.64049,86,170,"2026-06-21_CCRRE",4.11522633744856,NA,NA,NA,NA,NA,NA,NA,NA,NA,NA,NA,NA,NA,NA,361.4,43.602668114,-80.252363728,-2.99781,9.85,236,24,14.58
402,1.64471,86,170,"2026-06-21_CCRRE",4.11522633744856,NA,NA,NA,NA,NA,NA,NA,NA,NA,NA,NA,NA,NA,NA,361.2,43.602663168,-80.252415948,-2.93266,9.85,236,25,14.58
403,1.649,86,169,"2026-06-21_CCRRE",4.10610166707728,NA,NA,NA,NA,NA,NA,NA,NA,NA,NA,NA,NA,NA,NA,361.2,43.602656631,-80.252467916,-2.93266,9.85,236,25,14.6124
404,1.65353,87,170,"2026-06-21_CCRRE",4.09701737135365,NA,NA,NA,NA,NA,NA,NA,NA,NA,NA,NA,NA,NA,NA,361,43.602650679,-80.252528014,-2.87788,9.65,234,25,14.6448
405,1.65829,86,169,"2026-06-21_CCRRE",4.08697073728952,NA,NA,NA,NA,NA,NA,NA,NA,NA,NA,NA,NA,NA,NA,361,43.602640034,-80.252575623,-2.87788,9.86,236,24,14.6808
406,1.6624,86,169,"2026-06-21_CCRRE",4.06901041666667,NA,NA,NA,NA,NA,NA,NA,NA,NA,NA,NA,NA,NA,NA,360.8,43.602632575,-80.252631614,-2.88831,9.89,235,24,14.7456
407,1.66627,86,169,"2026-06-21_CCRRE",4.05022276225192,NA,NA,NA,NA,NA,NA,NA,NA,NA,NA,NA,NA,NA,NA,360.8,43.602619415,-80.252670171,-2.41992,9.89,235,25,14.814
408,1.67048,86.5,169,"2026-06-21_CCRRE",4.05022276225192,NA,NA,NA,NA,NA,NA,NA,NA,NA,NA,NA,NA,NA,NA,360.6,43.60260483,-80.252723815,-2.89498,9.73,232,25,14.814
409,1.67389,87,170,"2026-06-21_CCRRE",4.05022276225192,NA,NA,NA,NA,NA,NA,NA,NA,NA,NA,NA,NA,NA,NA,360.6,43.602588989,-80.252754912,-2.38993,9.73,232,24,14.814
410,1.67766,87,169,"2026-06-21_CCRRE",4.05910050332846,NA,NA,NA,NA,NA,NA,NA,NA,NA,NA,NA,NA,NA,NA,360.6,43.602567615,-80.25279657,-1.87711,9.69,233,24,14.7816
411,1.68106,86.5,169,"2026-06-21_CCRRE",4.06901041666667,NA,NA,NA,NA,NA,NA,NA,NA,NA,NA,NA,NA,NA,NA,360.8,43.602546912,-80.252826074,-1.28888,9.69,233,24,14.7456
412,1.68432,86.5,169,"2026-06-21_CCRRE",4.07797080172906,NA,NA,NA,NA,NA,NA,NA,NA,NA,NA,NA,NA,NA,NA,360.8,43.602525538,-80.25285407,-0.814943,9.69,233,25,14.7132
413,1.68781,86.5,170,"2026-06-21_CCRRE",4.09701737135365,NA,NA,NA,NA,NA,NA,NA,NA,NA,NA,NA,NA,NA,NA,360.8,43.602500811,-80.252885753,-0.814943,9.65,234,24,14.6448
414,1.69082,86.5,170,"2026-06-21_CCRRE",4.11522633744856,NA,NA,NA,NA,NA,NA,NA,NA,NA,NA,NA,NA,NA,NA,360.8,43.602481784,-80.252905535,-0.373442,9.65,234,24,14.58
415,1.6943,86,170,"2026-06-21_CCRRE",4.12541254125412,NA,NA,NA,NA,NA,NA,NA,NA,NA,NA,NA,NA,NA,NA,361,43.602454291,-80.252937721,0.201271,9.82,237,25,14.544
416,1.69776,86,170,"2026-06-21_CCRRE",4.45394619632995,NA,NA,NA,NA,NA,NA,NA,NA,NA,NA,NA,NA,NA,NA,361,43.602430655,-80.252955575,0.687889,9.48,245,24,13.4712
417,1.7016,86,170,"2026-06-21_CCRRE",4.46588067166845,NA,NA,NA,NA,NA,NA,NA,NA,NA,NA,NA,NA,NA,NA,361.4,43.602400983,-80.252984241,1.72956,9.48,245,24,13.4352
418,1.70485,86.5,171,"2026-06-21_CCRRE",4.45394619632995,NA,NA,NA,NA,NA,NA,NA,NA,NA,NA,NA,NA,NA,NA,361.6,43.602375585,-80.253003771,2.82,9.48,245,24,13.4712
419,1.70757,86.5,171,"2026-06-21_CCRRE",4.46588067166845,NA,NA,NA,NA,NA,NA,NA,NA,NA,NA,NA,NA,NA,NA,361.8,43.602354044,-80.253015086,3.55529,9.48,245,24,13.4352
420,1.71101,86,170,"2026-06-21_CCRRE",4.59136822773186,NA,NA,NA,NA,NA,NA,NA,NA,NA,NA,NA,NA,NA,NA,362.2,43.602322696,-80.253033023,4.71808,9.35,248,24,13.068
421,1.71396,85.5,170,"2026-06-21_CCRRE",4.6633090841261,NA,NA,NA,NA,NA,NA,NA,NA,NA,NA,NA,NA,NA,NA,362.4,43.602299142,-80.253036711,4.80781,9.46,252,24,12.8664
422,1.71691,85,170,"2026-06-21_CCRRE",4.77554918815664,NA,NA,NA,NA,NA,NA,NA,NA,NA,NA,NA,NA,NA,NA,362.6,43.602273913,-80.253054313,5.48578,9.37,254,24,12.564
423,1.71997,84.5,170,"2026-06-21_CCRRE",4.77554918815664,NA,NA,NA,NA,NA,NA,NA,NA,NA,NA,NA,NA,NA,NA,362.6,43.602245247,-80.253067054,5.48578,9.57,256,24,12.564
424,1.72318,84,170,"2026-06-21_CCRRE",4.8534265191225,NA,NA,NA,NA,NA,NA,NA,NA,NA,NA,NA,NA,NA,NA,362.8,43.602220855,-80.253074849,6.10883,9.47,258,24,12.3624
425,1.72639,83.5,170,"2026-06-21_CCRRE",4.8534265191225,NA,NA,NA,NA,NA,NA,NA,NA,NA,NA,NA,NA,NA,NA,363,43.602188753,-80.253089685,6.15717,9.64,261,24,12.3624
426,1.72989,83.5,170,"2026-06-21_CCRRE",4.84073966502082,NA,NA,NA,NA,NA,NA,NA,NA,NA,NA,NA,NA,NA,NA,363.2,43.602160003,-80.253095888,6.7286,9.68,260,24,12.3948
427,1.73379,83.5,170,"2026-06-21_CCRRE",4.82811896485129,NA,NA,NA,NA,NA,NA,NA,NA,NA,NA,NA,NA,NA,NA,363.4,43.602125218,-80.253109299,6.19976,9.69,260,24,12.4272
428,1.73737,83.5,170,"2026-06-21_CCRRE",4.77554918815664,NA,NA,NA,NA,NA,NA,NA,NA,NA,NA,NA,NA,NA,NA,363.6,43.602093534,-80.253117932,6.14303,9.74,259,24,12.564
429,1.74132,83.5,169,"2026-06-21_CCRRE",4.6882325363338,NA,NA,NA,NA,NA,NA,NA,NA,NA,NA,NA,NA,NA,NA,363.8,43.60205942,-80.253119357,5.91407,9.8,258,24,12.798
430,1.74495,84.5,170,"2026-06-21_CCRRE",4.6633090841261,NA,NA,NA,NA,NA,NA,NA,NA,NA,NA,NA,NA,NA,NA,363.8,43.602024635,-80.253124219,4.75128,9.67,254,24,12.8664
431,1.74851,84.5,170,"2026-06-21_CCRRE",4.60405156537753,NA,NA,NA,NA,NA,NA,NA,NA,NA,NA,NA,NA,NA,NA,364,43.601995634,-80.253119776,4.63511,9.72,253,24,13.032
432,1.75221,85,170,"2026-06-21_CCRRE",4.60405156537753,NA,NA,NA,NA,NA,NA,NA,NA,NA,NA,NA,NA,NA,NA,364,43.601958837,-80.253123129,3.95714,9.55,250,24,13.032
433,1.75625,85,170,"2026-06-21_CCRRE",4.59136822773186,NA,NA,NA,NA,NA,NA,NA,NA,NA,NA,NA,NA,NA,NA,363.8,43.601927237,-80.253119357,3.46209,9.55,250,24,13.068
434,1.76018,86,170,"2026-06-21_CCRRE",4.58001282403591,NA,NA,NA,NA,NA,NA,NA,NA,NA,NA,NA,NA,NA,NA,363.8,43.601886837,-80.253121955,2.83904,9.39,247,24,13.1004
435,1.76433,86.5,170,"2026-06-21_CCRRE",4.54504135987638,NA,NA,NA,NA,NA,NA,NA,NA,NA,NA,NA,NA,NA,NA,363.8,43.601851968,-80.253125811,2.21599,9.24,244,24,13.2012
436,1.76814,87,171,"2026-06-21_CCRRE",4.53391367428364,NA,NA,NA,NA,NA,NA,NA,NA,NA,NA,NA,NA,NA,NA,363.6,43.60182062,-80.253123213,1.11962,9.24,244,24,13.2336
437,1.77226,86.5,171,"2026-06-21_CCRRE",4.4996400287977,NA,NA,NA,NA,NA,NA,NA,NA,NA,NA,NA,NA,NA,NA,363.4,43.601780722,-80.253127823,0.121365,9.28,243,24,13.3344
438,1.77601,86.5,171,"2026-06-21_CCRRE",4.4996400287977,NA,NA,NA,NA,NA,NA,NA,NA,NA,NA,NA,NA,NA,NA,363.2,43.601748871,-80.253124721,-0.970627,9.44,246,24,13.3344
439,1.77987,86,171,"2026-06-21_CCRRE",4.476676515355,NA,NA,NA,NA,NA,NA,NA,NA,NA,NA,NA,NA,NA,NA,362.8,43.601711822,-80.253126314,-2.51323,9.48,245,24,13.4028
440,1.78358,85.5,171,"2026-06-21_CCRRE",4.476676515355,NA,NA,NA,NA,NA,NA,NA,NA,NA,NA,NA,NA,NA,NA,362.6,43.601678463,-80.253126733,-3.05231,9.65,248,24,13.4028
441,1.78729,85,171,"2026-06-21_CCRRE",4.45394619632995,NA,NA,NA,NA,NA,NA,NA,NA,NA,NA,NA,NA,NA,NA,362.2,43.601644264,-80.253127823,-4.69227,9.69,247,24,13.4712
442,1.79188,84.5,172,"2026-06-21_CCRRE",4.45394619632995,NA,NA,NA,NA,NA,NA,NA,NA,NA,NA,NA,NA,NA,NA,362,43.601598751,-80.253134864,-5.128,9.86,250,24,13.4712
443,1.79623,84,171,"2026-06-21_CCRRE",4.45394619632995,NA,NA,NA,NA,NA,NA,NA,NA,NA,NA,NA,NA,NA,NA,361.6,43.601565391,-80.253138468,-5.55249,9.86,250,24,13.4712
444,1.80078,84,171,"2026-06-21_CCRRE",4.25278557455133,NA,NA,NA,NA,NA,NA,NA,NA,NA,NA,NA,NA,NA,NA,361.2,43.601521218,-80.253143497,-6.43162,10.08,245,24,14.1084
445,1.80543,84,171,"2026-06-21_CCRRE",4.20238695579089,NA,NA,NA,NA,NA,NA,NA,NA,NA,NA,NA,NA,NA,NA,360.8,43.601479895,-80.253149113,-7.29183,10.12,244,24,14.2776
446,1.81048,84.5,171,"2026-06-21_CCRRE",4.1438753522294,NA,NA,NA,NA,NA,NA,NA,NA,NA,NA,NA,NA,NA,NA,360.4,43.601436226,-80.253156321,-7.55898,10.2,242,24,14.4792
447,1.81543,84.5,171,"2026-06-21_CCRRE",4.08697073728952,NA,NA,NA,NA,NA,NA,NA,NA,NA,NA,NA,NA,NA,NA,360,43.601393226,-80.253169146,-7.88162,10.25,241,24,14.6808
448,1.81999,84,172,"2026-06-21_CCRRE",4.02284978678896,NA,NA,NA,NA,NA,NA,NA,NA,NA,NA,NA,NA,NA,NA,359.6,43.601357352,-80.253178198,-8.22548,10.33,239,24,14.9148
449,1.82469,84,172,"2026-06-21_CCRRE",3.93452943028014,NA,NA,NA,NA,NA,NA,NA,NA,NA,NA,NA,NA,NA,NA,359.4,43.601315107,-80.253202757,-7.61474,10.41,237,24,15.2496
450,1.82887,84.5,172,"2026-06-21_CCRRE",3.85000385000385,NA,NA,NA,NA,NA,NA,NA,NA,NA,NA,NA,NA,NA,NA,359,43.601281831,-80.253219102,-8.0326,10.52,234,24,15.5844
451,1.83259,84.5,172,"2026-06-21_CCRRE",3.93452943028014,NA,NA,NA,NA,NA,NA,NA,NA,NA,NA,NA,NA,NA,NA,358.8,43.601250566,-80.253238883,-7.49206,10.41,237,24,15.2496
452,1.83653,84.5,172,"2026-06-21_CCRRE",4.05910050332846,NA,NA,NA,NA,NA,NA,NA,NA,NA,NA,NA,NA,NA,NA,358.4,43.601217961,-80.253271572,-8.07156,10.29,240,24,14.7816
453,1.84052,84.5,171,"2026-06-21_CCRRE",4.19287211740042,NA,NA,NA,NA,NA,NA,NA,NA,NA,NA,NA,NA,NA,NA,358.2,43.601192983,-80.253297389,-7.65327,10.12,244,24,14.31
454,1.84522,84.5,171,"2026-06-21_CCRRE",4.19287211740042,NA,NA,NA,NA,NA,NA,NA,NA,NA,NA,NA,NA,NA,NA,357.8,43.601162724,-80.25334416,-7.62522,10.12,244,24,14.31
455,1.84978,84.5,171,"2026-06-21_CCRRE",4.15420405450316,NA,NA,NA,NA,NA,NA,NA,NA,NA,NA,NA,NA,NA,NA,357.6,43.601135902,-80.253382381,-7.2036,10.16,243,24,14.4432
456,1.85383,84,171,"2026-06-21_CCRRE",3.90046025431001,NA,NA,NA,NA,NA,NA,NA,NA,NA,NA,NA,NA,NA,NA,357.2,43.601110421,-80.253416412,-7.39917,10.45,236,24,15.3828
457,1.85803,84,170,"2026-06-21_CCRRE",3.90046025431001,NA,NA,NA,NA,NA,NA,NA,NA,NA,NA,NA,NA,NA,NA,356.8,43.601089131,-80.25346159,-7.54347,10.45,236,24,15.3828
458,1.8618,84,170,"2026-06-21_CCRRE",4.01412973667309,NA,NA,NA,NA,NA,NA,NA,NA,NA,NA,NA,NA,NA,NA,356.6,43.60107111,-80.253499057,-7.19679,10.33,239,24,14.9472
459,1.86613,84,170,"2026-06-21_CCRRE",4.02284978678896,NA,NA,NA,NA,NA,NA,NA,NA,NA,NA,NA,NA,NA,NA,356.4,43.601051748,-80.253548175,-7.23315,10.33,239,24,14.9148
460,1.87038,84,169,"2026-06-21_CCRRE",4.06901041666667,NA,NA,NA,NA,NA,NA,NA,NA,NA,NA,NA,NA,NA,NA,356.2,43.601035738,-80.253594108,-6.7468,10.29,240,24,14.7456
461,1.87469,83.5,169,"2026-06-21_CCRRE",4.06901041666667,NA,NA,NA,NA,NA,NA,NA,NA,NA,NA,NA,NA,NA,NA,355.8,43.601016963,-80.253644483,-7.13724,10.48,243,24,14.7456
462,1.87956,83.5,169,"2026-06-21_CCRRE",4.05022276225192,NA,NA,NA,NA,NA,NA,NA,NA,NA,NA,NA,NA,NA,NA,355.6,43.601001205,-80.253701229,-6.53269,10.48,243,24,14.814
463,1.88383,84,168,"2026-06-21_CCRRE",4.03258327284458,NA,NA,NA,NA,NA,NA,NA,NA,NA,NA,NA,NA,NA,NA,355.4,43.600988045,-80.253747581,-6.49982,10.33,239,24,14.8788
464,1.8882,84,168,"2026-06-21_CCRRE",3.96070975918885,NA,NA,NA,NA,NA,NA,NA,NA,NA,NA,NA,NA,NA,NA,355.4,43.600979328,-80.253801895,-5.64875,10.41,237,24,15.1488
465,1.89215,84.5,168,"2026-06-21_CCRRE",3.96070975918885,NA,NA,NA,NA,NA,NA,NA,NA,NA,NA,NA,NA,NA,NA,355.4,43.600969605,-80.253847744,-5.21016,10.41,237,24,15.1488
466,1.89655,85.5,168,"2026-06-21_CCRRE",3.96070975918885,NA,NA,NA,NA,NA,NA,NA,NA,NA,NA,NA,NA,NA,NA,355.2,43.600961642,-80.253905663,-4.67705,10.18,235,24,15.1488
467,1.90112,86,169,"2026-06-21_CCRRE",3.96070975918885,NA,NA,NA,NA,NA,NA,NA,NA,NA,NA,NA,NA,NA,NA,355.2,43.600949991,-80.253953524,-3.72467,10.01,232,24,15.1488
468,1.90563,86,168,"2026-06-21_CCRRE",3.96070975918885,NA,NA,NA,NA,NA,NA,NA,NA,NA,NA,NA,NA,NA,NA,355.2,43.600941526,-80.25401203,-3.19416,10.01,232,24,15.1488
469,1.91043,86,168,"2026-06-21_CCRRE",3.93452943028014,NA,NA,NA,NA,NA,NA,NA,NA,NA,NA,NA,NA,NA,NA,355.2,43.600932976,-80.254067769,-2.73227,10.05,231,24,15.2496
470,1.91475,86,168,"2026-06-21_CCRRE",3.91696043869957,NA,NA,NA,NA,NA,NA,NA,NA,NA,NA,NA,NA,NA,NA,355,43.600923672,-80.254121078,-2.72464,10.05,231,24,15.318
471,1.91972,86,168,"2026-06-21_CCRRE",3.89135341271694,NA,NA,NA,NA,NA,NA,NA,NA,NA,NA,NA,NA,NA,NA,355,43.600917386,-80.254182853,-1.79657,10.08,230,24,15.4188
472,1.92403,86,168,"2026-06-21_CCRRE",3.89135341271694,NA,NA,NA,NA,NA,NA,NA,NA,NA,NA,NA,NA,NA,NA,354.8,43.60091001,-80.254228534,-1.84993,10.08,230,24,15.4188
473,1.92826,86,168,"2026-06-21_CCRRE",3.85802469135802,NA,NA,NA,NA,NA,NA,NA,NA,NA,NA,NA,NA,NA,NA,354.8,43.600903472,-80.254287375,-1.38155,10.12,229,24,15.552
474,1.93216,87,168,"2026-06-21_CCRRE",3.85802469135802,NA,NA,NA,NA,NA,NA,NA,NA,NA,NA,NA,NA,NA,NA,354.8,43.600896599,-80.254328614,-1.38155,9.91,227,24,15.552
475,1.93622,86.5,167,"2026-06-21_CCRRE",3.85802469135802,NA,NA,NA,NA,NA,NA,NA,NA,NA,NA,NA,NA,NA,NA,354.6,43.600894084,-80.254384438,-1.87416,9.91,227,24,15.552
476,1.9402,87,168,"2026-06-21_CCRRE",3.87506781368674,NA,NA,NA,NA,NA,NA,NA,NA,NA,NA,NA,NA,NA,NA,354.6,43.600885618,-80.254427353,-1.41961,9.91,227,24,15.4836
477,1.94444,87,168,"2026-06-21_CCRRE",3.88319353836595,NA,NA,NA,NA,NA,NA,NA,NA,NA,NA,NA,NA,NA,NA,354.8,43.600885199,-80.254484853,-0.947913,9.88,228,24,15.4512
478,1.94856,87,168,"2026-06-21_CCRRE",3.89135341271694,NA,NA,NA,NA,NA,NA,NA,NA,NA,NA,NA,NA,NA,NA,354.8,43.600880505,-80.254531456,-0.947913,9.88,228,24,15.4188
479,1.95289,87,167,"2026-06-21_CCRRE",3.89135341271694,NA,NA,NA,NA,NA,NA,NA,NA,NA,NA,NA,NA,NA,NA,354.8,43.600875979,-80.254586022,-0.947913,9.88,228,24,15.4188
480,1.957,87,168,"2026-06-21_CCRRE",3.90046025431001,NA,NA,NA,NA,NA,NA,NA,NA,NA,NA,NA,NA,NA,NA,355,43.600872878,-80.254636146,0,9.88,228,24,15.3828
481,1.96077,87,168,"2026-06-21_CCRRE",3.90046025431001,NA,NA,NA,NA,NA,NA,NA,NA,NA,NA,NA,NA,NA,NA,355,43.600873967,-80.254681157,0,9.88,228,24,15.3828
482,1.96479,87,168,"2026-06-21_CCRRE",3.90869293308318,NA,NA,NA,NA,NA,NA,NA,NA,NA,NA,NA,NA,NA,NA,355,43.600878158,-80.25473237,0.465705,9.88,228,24,15.3504
483,1.96864,87,168,"2026-06-21_CCRRE",3.92618767177071,NA,NA,NA,NA,NA,NA,NA,NA,NA,NA,NA,NA,NA,NA,355.2,43.600877236,-80.25477428,0.985186,9.84,229,24,15.282
484,1.9727,87,168,"2026-06-21_CCRRE",3.93452943028014,NA,NA,NA,NA,NA,NA,NA,NA,NA,NA,NA,NA,NA,NA,355.2,43.600884026,-80.254828008,0.985186,9.84,229,24,15.2496
485,1.97621,87,168,"2026-06-21_CCRRE",3.94290671082722,NA,NA,NA,NA,NA,NA,NA,NA,NA,NA,NA,NA,NA,NA,355.2,43.600879583,-80.254869834,1.4778,9.84,229,24,15.2172
486,1.98051,87,168,"2026-06-21_CCRRE",3.95225673859774,NA,NA,NA,NA,NA,NA,NA,NA,NA,NA,NA,NA,NA,NA,355.4,43.600887798,-80.254926914,1.94291,9.8,230,24,15.1812
487,1.98412,87,168,"2026-06-21_CCRRE",3.96919901563864,NA,NA,NA,NA,NA,NA,NA,NA,NA,NA,NA,NA,NA,NA,355.4,43.600885367,-80.254965974,1.47121,9.8,230,24,15.1164
488,1.98821,87,168,"2026-06-21_CCRRE",3.96919901563864,NA,NA,NA,NA,NA,NA,NA,NA,NA,NA,NA,NA,NA,NA,355.6,43.600895425,-80.255020876,1.96021,9.8,230,24,15.1164
489,1.99214,87,168,"2026-06-21_CCRRE",3.98724082934609,NA,NA,NA,NA,NA,NA,NA,NA,NA,NA,NA,NA,NA,NA,355.6,43.600893413,-80.255067479,1.96021,9.77,231,24,15.048
490,1.99611,87.5,168,"2026-06-21_CCRRE",3.99584432190522,NA,NA,NA,NA,NA,NA,NA,NA,NA,NA,NA,NA,NA,NA,355.6,43.600894,-80.255118357,1.47359,9.57,229,24,15.0156
491,1.99988,88,169,"2026-06-21_CCRRE",4.00544740847553,NA,NA,NA,NA,NA,NA,NA,NA,NA,NA,NA,NA,NA,NA,355.8,43.600893916,-80.255164458,2.0041,9.57,229,24,14.9796
492,2.00347,88,169,"2026-06-21_CCRRE",4.00544740847553,NA,NA,NA,NA,NA,NA,NA,NA,NA,NA,NA,NA,NA,NA,355.8,43.600894587,-80.25520796,2.0041,9.57,229,24,14.9796
493,2.00721,88,169,"2026-06-21_CCRRE",4.02284978678896,NA,NA,NA,NA,NA,NA,NA,NA,NA,NA,NA,NA,NA,NA,356,43.600896682,-80.255258838,2.01938,9.57,229,24,14.9148
494,2.01104,87.5,169,"2026-06-21_CCRRE",4.04138376980278,NA,NA,NA,NA,NA,NA,NA,NA,NA,NA,NA,NA,NA,NA,356.2,43.600894168,-80.255300915,2.54157,9.53,230,24,14.8464
495,2.01534,87,169,"2026-06-21_CCRRE",4.05022276225192,NA,NA,NA,NA,NA,NA,NA,NA,NA,NA,NA,NA,NA,NA,356.4,43.600904142,-80.255359169,3.00669,9.73,232,24,14.814
496,2.01887,87,169,"2026-06-21_CCRRE",4.05022276225192,NA,NA,NA,NA,NA,NA,NA,NA,NA,NA,NA,NA,NA,NA,356.6,43.600904394,-80.255396972,3.10814,9.73,232,24,14.814
497,2.02269,87,168,"2026-06-21_CCRRE",4.05910050332846,NA,NA,NA,NA,NA,NA,NA,NA,NA,NA,NA,NA,NA,NA,356.8,43.600904897,-80.255448604,3.6317,9.69,233,24,14.7816
498,2.02658,86.5,169,"2026-06-21_CCRRE",4.06901041666667,NA,NA,NA,NA,NA,NA,NA,NA,NA,NA,NA,NA,NA,NA,357,43.600906238,-80.255495878,3.65684,9.89,235,24,14.7456
499,2.03048,86,169,"2026-06-21_CCRRE",4.07797080172906,NA,NA,NA,NA,NA,NA,NA,NA,NA,NA,NA,NA,NA,NA,357,43.600905819,-80.255543571,3.65684,9.89,235,24,14.7132
500,2.03454,85.5,169,"2026-06-21_CCRRE",4.08697073728952,NA,NA,NA,NA,NA,NA,NA,NA,NA,NA,NA,NA,NA,NA,357.2,43.600908333,-80.255595623,4.14945,10.07,238,24,14.6808
501,2.03823,86,169,"2026-06-21_CCRRE",4.08697073728952,NA,NA,NA,NA,NA,NA,NA,NA,NA,NA,NA,NA,NA,NA,357.6,43.6009054,-80.255634515,4.70296,9.86,236,24,14.6808
502,2.04222,86,169,"2026-06-21_CCRRE",4.09701737135365,NA,NA,NA,NA,NA,NA,NA,NA,NA,NA,NA,NA,NA,NA,357.8,43.600910177,-80.255690506,5.20421,9.85,236,24,14.6448
503,2.0454,86,169,"2026-06-21_CCRRE",4.10610166707728,NA,NA,NA,NA,NA,NA,NA,NA,NA,NA,NA,NA,NA,NA,358,43.600912859,-80.255724285,5.29839,9.85,236,24,14.6124
504,2.04936,86,170,"2026-06-21_CCRRE",4.11522633744856,NA,NA,NA,NA,NA,NA,NA,NA,NA,NA,NA,NA,NA,NA,358.4,43.600922247,-80.255777007,5.78629,9.85,236,24,14.58
505,2.0529,86,170,"2026-06-21_CCRRE",4.13462333581411,NA,NA,NA,NA,NA,NA,NA,NA,NA,NA,NA,NA,NA,NA,358.8,43.600923169,-80.255819503,6.45112,9.82,237,24,14.5116
506,2.05711,86,170,"2026-06-21_CCRRE",4.13462333581411,NA,NA,NA,NA,NA,NA,NA,NA,NA,NA,NA,NA,NA,NA,359,43.600932305,-80.255872645,6.35961,9.82,237,24,14.5116
507,2.06147,86,171,"2026-06-21_CCRRE",4.1438753522294,NA,NA,NA,NA,NA,NA,NA,NA,NA,NA,NA,NA,NA,NA,359.2,43.600949991,-80.255920505,6.29476,9.81,237,24,14.4792
508,2.06529,86,171,"2026-06-21_CCRRE",4.1438753522294,NA,NA,NA,NA,NA,NA,NA,NA,NA,NA,NA,NA,NA,NA,359.6,43.600964576,-80.255960738,6.82775,9.81,237,24,14.4792
509,2.06987,86.5,172,"2026-06-21_CCRRE",4.1438753522294,NA,NA,NA,NA,NA,NA,NA,NA,NA,NA,NA,NA,NA,NA,359.6,43.600996259,-80.256004576,6.82775,9.81,237,24,14.4792
510,2.07345,86.5,172,"2026-06-21_CCRRE",4.1438753522294,NA,NA,NA,NA,NA,NA,NA,NA,NA,NA,NA,NA,NA,NA,359.8,43.601013358,-80.256035002,6.89379,9.81,237,24,14.4792
511,2.07763,86,171,"2026-06-21_CCRRE",4.1438753522294,NA,NA,NA,NA,NA,NA,NA,NA,NA,NA,NA,NA,NA,NA,360,43.60104345,-80.256072804,6.28825,9.81,237,24,14.4792
512,2.08166,85.5,171,"2026-06-21_CCRRE",4.1438753522294,NA,NA,NA,NA,NA,NA,NA,NA,NA,NA,NA,NA,NA,NA,360.2,43.601067841,-80.256106332,6.28328,9.99,240,24,14.4792
513,2.08533,85,170,"2026-06-21_CCRRE",4.1438753522294,NA,NA,NA,NA,NA,NA,NA,NA,NA,NA,NA,NA,NA,NA,360.4,43.60109064,-80.256137177,6.19931,9.99,240,24,14.4792
514,2.08918,84.5,169,"2026-06-21_CCRRE",4.1438753522294,NA,NA,NA,NA,NA,NA,NA,NA,NA,NA,NA,NA,NA,NA,360.6,43.60111897,-80.256169029,5.70868,10.2,242,24,14.4792
515,2.0927,84.5,169,"2026-06-21_CCRRE",4.15420405450316,NA,NA,NA,NA,NA,NA,NA,NA,NA,NA,NA,NA,NA,NA,360.8,43.601135986,-80.256201634,5.14692,10.16,243,24,14.4432
516,2.09696,84.5,169,"2026-06-21_CCRRE",4.16354400866017,NA,NA,NA,NA,NA,NA,NA,NA,NA,NA,NA,NA,NA,NA,361,43.601169932,-80.256234072,5.14135,10.16,243,24,14.4108
517,2.10075,85,170,"2026-06-21_CCRRE",4.17292605575029,NA,NA,NA,NA,NA,NA,NA,NA,NA,NA,NA,NA,NA,NA,361.2,43.601195246,-80.256261816,5.21034,9.95,241,24,14.3784
518,2.1043,85.5,170,"2026-06-21_CCRRE",4.17292605575029,NA,NA,NA,NA,NA,NA,NA,NA,NA,NA,NA,NA,NA,NA,361.4,43.601220894,-80.256292662,4.7266,9.95,241,24,14.3784
519,2.10808,85.5,171,"2026-06-21_CCRRE",4.17292605575029,NA,NA,NA,NA,NA,NA,NA,NA,NA,NA,NA,NA,NA,NA,361.6,43.601245118,-80.256329877,5.2557,9.95,241,24,14.3784
520,2.11097,85.5,172,"2026-06-21_CCRRE",4.19287211740042,NA,NA,NA,NA,NA,NA,NA,NA,NA,NA,NA,NA,NA,NA,362,43.601251656,-80.256359885,6.08112,9.94,241,24,14.31
521,2.11424,85.5,172,"2026-06-21_CCRRE",4.20238695579089,NA,NA,NA,NA,NA,NA,NA,NA,NA,NA,NA,NA,NA,NA,362.2,43.601233551,-80.25640389,6.21427,9.94,241,24,14.2776
522,2.11735,85,172,"2026-06-21_CCRRE",4.20238695579089,NA,NA,NA,NA,NA,NA,NA,NA,NA,NA,NA,NA,NA,NA,362.6,43.601211758,-80.256427694,7.00417,9.94,241,24,14.2776
523,2.12124,84,173,"2026-06-21_CCRRE",4.2322668020992,NA,NA,NA,NA,NA,NA,NA,NA,NA,NA,NA,NA,NA,NA,363,43.601184517,-80.25645921,7.48749,10.08,245,24,14.1768
524,2.12534,84,173,"2026-06-21_CCRRE",4.2322668020992,NA,NA,NA,NA,NA,NA,NA,NA,NA,NA,NA,NA,NA,NA,363,43.601154426,-80.25649366,6.96801,10.08,245,24,14.1768
525,2.12933,84,173,"2026-06-21_CCRRE",4.24304141208418,NA,NA,NA,NA,NA,NA,NA,NA,NA,NA,NA,NA,NA,NA,363,43.601128861,-80.256519728,6.39982,10.08,245,24,14.1408
526,2.13339,83.5,173,"2026-06-21_CCRRE",4.24304141208418,NA,NA,NA,NA,NA,NA,NA,NA,NA,NA,NA,NA,NA,NA,363,43.601103129,-80.256562475,5.93034,10.26,248,24,14.1408
527,2.13723,83.5,174,"2026-06-21_CCRRE",4.24304141208418,NA,NA,NA,NA,NA,NA,NA,NA,NA,NA,NA,NA,NA,NA,362.8,43.60108033,-80.256593237,4.8818,10.26,248,24,14.1408
528,2.14161,84,174,"2026-06-21_CCRRE",4.24304141208418,NA,NA,NA,NA,NA,NA,NA,NA,NA,NA,NA,NA,NA,NA,362.8,43.601054514,-80.256638164,4.31842,10.08,245,24,14.1408
529,2.14576,84.5,174,"2026-06-21_CCRRE",4.24304141208418,NA,NA,NA,NA,NA,NA,NA,NA,NA,NA,NA,NA,NA,NA,362.6,43.601028614,-80.25667714,3.30739,10.08,245,24,14.1408
530,2.14987,85,174,"2026-06-21_CCRRE",4.24304141208418,NA,NA,NA,NA,NA,NA,NA,NA,NA,NA,NA,NA,NA,NA,362.6,43.601003216,-80.256707985,1.92331,9.9,242,24,14.1408
531,2.15408,85,174,"2026-06-21_CCRRE",4.2322668020992,NA,NA,NA,NA,NA,NA,NA,NA,NA,NA,NA,NA,NA,NA,362.4,43.600977232,-80.256753164,0.836631,9.9,242,24,14.1768
532,2.15789,85,174,"2026-06-21_CCRRE",4.2322668020992,NA,NA,NA,NA,NA,NA,NA,NA,NA,NA,NA,NA,NA,NA,362.4,43.6009515,-80.256778561,-0.449543,9.9,242,24,14.1768
533,2.16231,85,174,"2026-06-21_CCRRE",4.2322668020992,NA,NA,NA,NA,NA,NA,NA,NA,NA,NA,NA,NA,NA,NA,362.2,43.600921828,-80.256820722,-1.93031,9.9,242,24,14.1768
534,2.16633,85,174,"2026-06-21_CCRRE",4.22261633307998,NA,NA,NA,NA,NA,NA,NA,NA,NA,NA,NA,NA,NA,NA,362,43.600897437,-80.256858943,-2.42782,9.9,242,24,14.2092
535,2.16997,85,174,"2026-06-21_CCRRE",4.21300977418268,NA,NA,NA,NA,NA,NA,NA,NA,NA,NA,NA,NA,NA,NA,361.8,43.600882601,-80.25689356,-2.97727,9.91,242,24,14.2416
536,2.17348,85,174,"2026-06-21_CCRRE",4.21300977418268,NA,NA,NA,NA,NA,NA,NA,NA,NA,NA,NA,NA,NA,NA,361.6,43.600877153,-80.256941086,-3.54707,9.91,242,24,14.2416
537,2.17696,84.5,173,"2026-06-21_CCRRE",4.2322668020992,NA,NA,NA,NA,NA,NA,NA,NA,NA,NA,NA,NA,NA,NA,361.6,43.600884026,-80.256985594,-3.02624,10.08,245,24,14.1768
538,2.18106,84,173,"2026-06-21_CCRRE",4.24304141208418,NA,NA,NA,NA,NA,NA,NA,NA,NA,NA,NA,NA,NA,NA,361.4,43.600894503,-80.257030856,-3.51404,10.08,245,24,14.1408
539,2.18466,83.5,173,"2026-06-21_CCRRE",4.25278557455133,NA,NA,NA,NA,NA,NA,NA,NA,NA,NA,NA,NA,NA,NA,361.4,43.600921241,-80.257066395,-3.03212,10.26,248,24,14.1084
540,2.18784,81.5,173,"2026-06-21_CCRRE",4.25278557455133,NA,NA,NA,NA,NA,NA,NA,NA,NA,NA,NA,NA,NA,NA,361.4,43.600941861,-80.257088104,-3.03212,10.45,251,24,14.1084
541,2.19148,81.5,172,"2026-06-21_CCRRE",4.26257459505541,NA,NA,NA,NA,NA,NA,NA,NA,NA,NA,NA,NA,NA,NA,361.6,43.600970359,-80.257115765,-2.00761,10.45,251,24,14.076
542,2.19578,81.5,172,"2026-06-21_CCRRE",4.33576135969476,NA,NA,NA,NA,NA,NA,NA,NA,NA,NA,NA,NA,NA,NA,361.8,43.601005396,-80.25714376,-1.54249,10.56,256,24,13.8384
543,2.19978,81.5,172,"2026-06-21_CCRRE",4.33576135969476,NA,NA,NA,NA,NA,NA,NA,NA,NA,NA,NA,NA,NA,NA,362,43.601033643,-80.257165386,-0.590002,10.56,256,24,13.8384
544,2.20393,81.5,171,"2026-06-21_CCRRE",4.33576135969476,NA,NA,NA,NA,NA,NA,NA,NA,NA,NA,NA,NA,NA,NA,362.2,43.601069098,-80.257192291,0.389439,10.36,253,24,13.8384
545,2.20785,81.5,171,"2026-06-21_CCRRE",4.32451133021969,NA,NA,NA,NA,NA,NA,NA,NA,NA,NA,NA,NA,NA,NA,362.4,43.601094663,-80.257218778,1.44909,10.37,253,24,13.8744
546,2.21165,82.5,171,"2026-06-21_CCRRE",4.31443610320131,NA,NA,NA,NA,NA,NA,NA,NA,NA,NA,NA,NA,NA,NA,362.4,43.601120144,-80.257248618,2.01889,10.37,253,24,13.9068
547,2.2153,83.5,170,"2026-06-21_CCRRE",4.31443610320131,NA,NA,NA,NA,NA,NA,NA,NA,NA,NA,NA,NA,NA,NA,362.4,43.601142775,-80.257281223,2.01889,10.18,250,24,13.9068
548,2.21836,83.5,170,"2026-06-21_CCRRE",4.32451133021969,NA,NA,NA,NA,NA,NA,NA,NA,NA,NA,NA,NA,NA,NA,362.4,43.601156689,-80.257310812,2.5067,10.17,250,24,13.8744
549,2.22219,84.5,170,"2026-06-21_CCRRE",4.33576135969476,NA,NA,NA,NA,NA,NA,NA,NA,NA,NA,NA,NA,NA,NA,362.4,43.601188373,-80.257344507,2.5067,9.99,247,24,13.8384
550,2.22549,84.5,169,"2026-06-21_CCRRE",4.33576135969476,NA,NA,NA,NA,NA,NA,NA,NA,NA,NA,NA,NA,NA,NA,362.6,43.601204717,-80.257372335,3.11276,9.99,247,24,13.8384
551,2.22956,85,169,"2026-06-21_CCRRE",4.34593654932638,NA,NA,NA,NA,NA,NA,NA,NA,NA,NA,NA,NA,NA,NA,362.6,43.601234054,-80.257405862,2.56331,9.78,245,24,13.806
552,2.23313,85,168,"2026-06-21_CCRRE",4.3561596096881,NA,NA,NA,NA,NA,NA,NA,NA,NA,NA,NA,NA,NA,NA,362.8,43.601256518,-80.257437043,2.65842,9.77,245,24,13.7736
553,2.23643,84.5,168,"2026-06-21_CCRRE",4.37790035898783,NA,NA,NA,NA,NA,NA,NA,NA,NA,NA,NA,NA,NA,NA,362.8,43.601272946,-80.257469649,2.15842,9.95,248,24,13.7052
554,2.24024,84.5,169,"2026-06-21_CCRRE",4.37790035898783,NA,NA,NA,NA,NA,NA,NA,NA,NA,NA,NA,NA,NA,NA,362.6,43.601301612,-80.25750502,1.15155,9.95,248,24,13.7052
555,2.24352,84.5,169,"2026-06-21_CCRRE",4.41033783187792,NA,NA,NA,NA,NA,NA,NA,NA,NA,NA,NA,NA,NA,NA,362.8,43.60132022,-80.257535447,1.25111,9.9,249,24,13.6044
556,2.24635,84.5,169,"2026-06-21_CCRRE",4.41033783187792,NA,NA,NA,NA,NA,NA,NA,NA,NA,NA,NA,NA,NA,NA,362.8,43.601342181,-80.25756143,1.25111,9.9,249,24,13.6044
557,2.24857,84.5,168,"2026-06-21_CCRRE",4.44325957522438,NA,NA,NA,NA,NA,NA,NA,NA,NA,NA,NA,NA,NA,NA,362.8,43.601366404,-80.257556066,1.25111,9.86,250,24,13.5036
558,2.25114,83,168,"2026-06-21_CCRRE",4.45394619632995,NA,NA,NA,NA,NA,NA,NA,NA,NA,NA,NA,NA,NA,NA,362.8,43.601385683,-80.257534357,1.25111,10.04,253,24,13.4712
559,2.25466,82.5,168,"2026-06-21_CCRRE",4.45394619632995,NA,NA,NA,NA,NA,NA,NA,NA,NA,NA,NA,NA,NA,NA,363,43.601392472,-80.25749052,1.81929,10.22,256,24,13.4712
560,2.25867,82.5,168,"2026-06-21_CCRRE",4.510599909788,NA,NA,NA,NA,NA,NA,NA,NA,NA,NA,NA,NA,NA,NA,363,43.601391801,-80.257439809,1.21323,10.17,257,24,13.302
561,2.26218,81.5,168,"2026-06-21_CCRRE",4.510599909788,NA,NA,NA,NA,NA,NA,NA,NA,NA,NA,NA,NA,NA,NA,363,43.60140186,-80.257402342,1.21323,10.17,257,24,13.302
562,2.26635,80.5,167,"2026-06-21_CCRRE",4.60405156537753,NA,NA,NA,NA,NA,NA,NA,NA,NA,NA,NA,NA,NA,NA,363,43.60140362,-80.257346351,0.653004,10.27,262,24,13.032
563,2.27,80.5,167,"2026-06-21_CCRRE",4.510599909788,NA,NA,NA,NA,NA,NA,NA,NA,NA,NA,NA,NA,NA,NA,363,43.601404123,-80.25730134,0.653004,10.37,260,24,13.302
564,2.27356,80.5,167,"2026-06-21_CCRRE",4.53391367428364,NA,NA,NA,NA,NA,NA,NA,NA,NA,NA,NA,NA,NA,NA,363,43.601389706,-80.257259263,1.17794,10.32,261,24,13.2336
565,2.27771,81.5,166,"2026-06-21_CCRRE",4.53391367428364,NA,NA,NA,NA,NA,NA,NA,NA,NA,NA,NA,NA,NA,NA,363,43.60136104,-80.257216683,0.568182,10.17,257,24,13.2336
566,2.2822,83,166,"2026-06-21_CCRRE",4.53391367428364,NA,NA,NA,NA,NA,NA,NA,NA,NA,NA,NA,NA,NA,NA,363,43.60133338,-80.257182066,0.568182,9.98,254,24,13.2336
567,2.28537,83.5,166,"2026-06-21_CCRRE",4.44325957522438,NA,NA,NA,NA,NA,NA,NA,NA,NA,NA,NA,NA,NA,NA,363,43.601307396,-80.257159267,0.568182,10.08,252,24,13.5036
568,2.28667,83.5,166,"2026-06-21_CCRRE",4.44325957522438,NA,NA,NA,NA,NA,NA,NA,NA,NA,NA,NA,NA,NA,NA,363,43.601298678,-80.257172762,0.568182,10.08,252,24,13.5036
569,2.28744,84,166,"2026-06-21_CCRRE",4.65159549725556,NA,NA,NA,NA,NA,NA,NA,NA,NA,NA,NA,NA,NA,NA,363,43.601292476,-80.257183826,0,9.67,254,24,12.8988
570,2.28807,84,165,"2026-06-21_CCRRE",4.67639356528245,NA,NA,NA,NA,NA,NA,NA,NA,NA,NA,NA,NA,NA,NA,362.8,43.601284429,-80.257188352,-3.1746,9.66,254,24,12.8304
571,2.28826,84,165,"2026-06-21_CCRRE",4.75104522995059,NA,NA,NA,NA,NA,NA,NA,NA,NA,NA,NA,NA,NA,NA,362.8,43.601282837,-80.257191202,-3.1746,9.57,256,24,12.6288
572,2.28872,84,165,"2026-06-21_CCRRE",4.81417292509147,NA,NA,NA,NA,NA,NA,NA,NA,NA,NA,NA,NA,NA,NA,362.6,43.601281412,-80.257193213,-3.1746,9.52,257,24,12.4632
0,0,107.5,166,"2026-06-21_ZGDAW",2.18627022299956,182,NA,49.3333,49.3333,15.6667,16.3333,230,216.667,138.667,124.667,35.3333,32,80.6667,76,368.2,43.605051061,-80.261557559,0,NA,NA,NA,27.444
1,0.00936,102,166,"2026-06-21_ZGDAW",1.83009406683504,273,53,74,74,23.5,24.5,345,325,208,187,53,48,121,114,368,43.605112025,-80.261636293,-2.13675,NA,NA,NA,32.7852
2,0.01852,102,166,"2026-06-21_ZGDAW",1.7773985994099,254,54,79,69,26,22.5,350,332,207,200,56,52,125,120,368.2,43.60517271,-80.261714161,2.18341,NA,NA,NA,33.7572
3,0.0279,102,167,"2026-06-21_ZGDAW",1.75808720112518,397,49,95.5,69,31,22.5,354,343,210,204,60,56,127,124,368.2,43.605235239,-80.26179404,0,NA,NA,NA,34.128
4,0.03755,102,168,"2026-06-21_ZGDAW",1.77550513120983,295,49,95.5,69,31,22.5,343,347,205,219,56,60,122,128,368.2,43.605296427,-80.261877356,0,NA,NA,NA,33.7932
5,0.04698,103,168,"2026-06-21_ZGDAW",1.76684688504894,368,50,95.5,69,31,22.5,311,335,194,219,51,58,118,127,368.2,43.605355017,-80.261963187,0,NA,NA,NA,33.9588
6,0.05632,103,168,"2026-06-21_ZGDAW",1.81159420289855,272,48,78,94.5,22,30.5,307,312,200,221,58,58,125,127,368.4,43.605412433,-80.262046754,2.14133,NA,NA,NA,33.12
7,0.06568,102,168,"2026-06-21_ZGDAW",1.82268883056285,283,40,76.5,85,25.5,23,335,312,205,221,68,58,135,127,368.4,43.605469681,-80.262130825,0,NA,NA,NA,32.9184
8,0.07488,101,169,"2026-06-21_ZGDAW",1.82648401826484,295,60,82.5,100,25.5,38.5,335,312,205,221,68,58,135,127,368.4,43.6055276,-80.262211878,0,NA,NA,NA,32.85
9,0.08429,101,168,"2026-06-21_ZGDAW",1.77910617705665,387,54,80,100,27,38.5,338,300,207,201,65,49,131,114,368,43.605586022,-80.262296954,-4.2508,NA,NA,NA,33.7248
10,0.09357,101,168,"2026-06-21_ZGDAW",1.80609738477099,336,45,99,94.5,34,30,338,301,207,191,65,45,131,110,367.4,43.605644025,-80.262378426,-0.852833,NA,NA,NA,33.2208
11,0.10272,101,168,"2026-06-21_ZGDAW",1.79346461494315,313,45,99,94.5,34,30,338,301,207,191,65,45,131,110,367,43.605703369,-80.26245663,-1.07632,NA,NA,NA,33.4548
12,0.11168,100,168,"2026-06-21_ZGDAW",1.80982372316936,334,60,97.5,94.5,33.5,30,328,301,203,191,56,45,124,110,366.6,43.605759863,-80.262537012,-1.74109,NA,NA,NA,33.1524
13,0.12081,100,168,"2026-06-21_ZGDAW",1.82448458310527,317,49,77,94.5,23,30,325,301,205,191,58,45,124,110,366.4,43.605816357,-80.26262058,-1.96014,NA,NA,NA,32.886
14,0.13005,100,168,"2026-06-21_ZGDAW",1.83009406683504,327,47,78.5,77,25.5,23,325,322,205,195,58,53,124,118,366.6,43.605874946,-80.262702471,-1.74369,NA,NA,NA,32.7852
15,0.13924,99,168,"2026-06-21_ZGDAW",1.87434397960714,327,50,93,77,31,23,325,322,205,195,58,53,124,118,366.8,43.605932614,-80.262782266,-1.52607,NA,NA,NA,32.0112
16,0.14802,98,169,"2026-06-21_ZGDAW",1.88622302701071,284,50,95,98.5,34,29.5,332,323,210,194,62,56,128,121,367,43.605988689,-80.262860051,-1.51241,NA,NA,NA,31.8096
17,0.15718,96,169,"2026-06-21_ZGDAW",1.85866696405338,304,53,79.5,84,24,28.5,329,328,207,197,60,59,127,124,366.8,43.606047697,-80.262938338,-1.73075,NA,NA,NA,32.2812
18,0.16607,96,168,"2026-06-21_ZGDAW",1.87034751056746,342,62,99.5,74,33.5,22.5,326,328,200,197,55,59,120,124,367,43.606104526,-80.263015954,-1.50578,NA,NA,NA,32.0796
19,0.17475,96,168,"2026-06-21_ZGDAW",1.91659000306654,342,56,97.5,100,34.5,36.5,321,328,195,197,52,59,118,124,367.2,43.606158254,-80.263094325,-0.850282,NA,NA,NA,31.3056
20,0.18341,95,169,"2026-06-21_ZGDAW",1.93102382883405,297,56,97.5,100,34.5,36.5,321,328,195,197,52,59,118,124,367.6,43.606213072,-80.263171941,0.258163,NA,NA,NA,31.0716
21,0.19222,95,169,"2026-06-21_ZGDAW",1.96935680806649,381,48,97.5,100,34.5,36.5,321,328,195,197,52,59,118,124,367.8,43.606267471,-80.263249055,0.922336,NA,NA,NA,30.4668
22,0.2008,102,169,"2026-06-21_ZGDAW",1.91438854429895,307,47,97.5,100,34.5,36.5,321,328,195,197,52,59,118,124,368.2,43.606324468,-80.26332424,1.83497,NA,NA,NA,31.3416
23,0.20969,104,169,"2026-06-21_ZGDAW",1.94795075580489,383,52,0,0,0,0,321,0,195,0,52,0,118,0,368.6,43.606379872,-80.263401354,2.50397,NA,NA,NA,30.8016
24,0.21837,104,169,"2026-06-21_ZGDAW",1.94567670635847,377,51,89.5,82.5,29.5,27.5,316,0,211,0,62,0,129,0,368.6,43.606435109,-80.263478048,2.28752,NA,NA,NA,30.8376
25,0.22676,103,168,"2026-06-21_ZGDAW",2.02511138112596,326,52,85,88.5,28.5,28.5,326,0,208,0,60,0,128,0,368.6,43.606487915,-80.263550803,2.06989,NA,NA,NA,29.628
26,0.2351,102,169,"2026-06-21_ZGDAW",1.98035487959442,273,52,85,88.5,28.5,28.5,319,335,203,208,60,63,129,128,368.8,43.606539547,-80.263626827,2.08191,NA,NA,NA,30.2976
27,0.24369,100,169,"2026-06-21_ZGDAW",1.96078431372549,304,49,82.5,79,29,24,312,340,198,203,58,66,125,128,368.8,43.606594365,-80.263701929,2.30025,NA,NA,NA,30.6
28,0.25206,100,169,"2026-06-21_ZGDAW",2.01604774001048,352,52,84.5,77.5,28.5,23.5,319,340,197,203,53,66,120,128,369,43.606648512,-80.263772924,2.31422,NA,NA,NA,29.7612
29,0.26057,100,168,"2026-06-21_ZGDAW",1.97589409207666,387,50,85,77.5,26.5,23.5,319,339,197,201,53,63,120,125,369.4,43.606702911,-80.263846181,2.55384,NA,NA,NA,30.366
30,0.26897,101,168,"2026-06-21_ZGDAW",1.95848021934978,387,46,85,77.5,26.5,23.5,319,339,197,201,53,63,120,125,370,43.606757896,-80.263918433,2.80624,NA,NA,NA,30.636
31,0.2773,101,169,"2026-06-21_ZGDAW",1.96726471514007,334,48,87,81.5,28.5,25.5,321,336,203,205,56,60,124,122,370.2,43.606809696,-80.263994206,2.81932,NA,NA,NA,30.4992
32,0.28592,102,169,"2026-06-21_ZGDAW",1.97145335541361,334,48,95.5,92,30,28,319,330,204,203,58,56,125,121,370.4,43.606861245,-80.264073415,2.58514,NA,NA,NA,30.4344
33,0.29434,102,169,"2026-06-21_ZGDAW",1.99792216095261,301,48,95.5,92,30,28,322,328,200,200,58,59,125,124,370.4,43.606914721,-80.264146337,2.13519,NA,NA,NA,30.0312
34,0.30258,101,169,"2026-06-21_ZGDAW",1.97145335541361,275,52,82,93,25.5,29.5,323,329,198,197,53,58,121,124,370.6,43.606969371,-80.264216326,2.37791,NA,NA,NA,30.4344
35,0.31102,100,169,"2026-06-21_ZGDAW",1.98909973346064,353,49,77.5,72.5,26.5,22.5,301,329,190,197,38,58,104,124,370.8,43.607022848,-80.264290758,2.61488,NA,NA,NA,30.1644
36,0.31959,100,169,"2026-06-21_ZGDAW",1.99123855037834,321,52,81.5,72.5,24.5,22.5,301,322,190,201,38,51,104,115,370.8,43.607076743,-80.264365273,2.37507,NA,NA,NA,30.132
37,0.32774,100,169,"2026-06-21_ZGDAW",2.00032005120819,313,55,93,77,31,22.5,294,329,180,208,30,60,96,124,371.2,43.607128795,-80.264437106,2.86587,NA,NA,NA,29.9952
38,0.33589,99,170,"2026-06-21_ZGDAW",1.99792216095261,379,44,87.5,80.5,34,25.5,305,329,193,208,46,60,114,124,371.4,43.607183194,-80.264507095,2.87232,NA,NA,NA,30.0312
39,0.34438,99,169,"2026-06-21_ZGDAW",2.0555829633284,303,50,86,98.5,28,36,307,332,204,221,63,63,132,131,371.4,43.607237089,-80.264579598,2.40228,NA,NA,NA,29.1888
40,0.35253,99,169,"2026-06-21_ZGDAW",2.02757502027575,303,46,86,98.5,28,36,325,332,203,212,59,63,125,129,371.4,43.607289057,-80.264651682,1.688,NA,NA,NA,29.592
41,0.36072,98,169,"2026-06-21_ZGDAW",2.04373594931535,260,46,79.5,80.5,26,23.5,316,322,212,204,56,62,122,128,371.6,43.60734069,-80.264723599,1.6921,NA,NA,NA,29.358
42,0.36894,98,169,"2026-06-21_ZGDAW",2.04599394385793,252,51,93,79,33.5,24,312,322,204,204,56,62,121,128,371.8,43.607390813,-80.264797779,1.70339,NA,NA,NA,29.3256
43,0.37699,98,169,"2026-06-21_ZGDAW",2.03674284084891,282,45,77,87.5,23,30.5,312,304,204,200,56,63,121,129,372,43.607443033,-80.264867684,1.95184,NA,NA,NA,29.4588
44,0.38525,99,169,"2026-06-21_ZGDAW",2.01385532463348,272,47,80.5,74,25,22,330,309,197,197,51,60,115,127,372,43.607495168,-80.264941109,1.70912,NA,NA,NA,29.7936
45,0.39353,99,169,"2026-06-21_ZGDAW",2.00924251557163,293,55,97,74,28,22.5,325,322,197,195,51,58,117,124,372.2,43.607547639,-80.2650142,1.7137,NA,NA,NA,29.862
46,0.40184,99,169,"2026-06-21_ZGDAW",2.02511138112596,282,51,87,74,29,22.5,309,326,201,191,60,53,128,120,372.2,43.607599607,-80.265087457,1.7137,NA,NA,NA,29.628
47,0.41016,100,170,"2026-06-21_ZGDAW",1.99362041467305,274,49,81.5,72,28.5,21.5,332,325,204,183,60,42,127,108,372.4,43.607652999,-80.265160799,1.46329,NA,NA,NA,30.096
48,0.41888,100,169,"2026-06-21_ZGDAW",1.96078431372549,298,51,81.5,72,28.5,21.5,340,325,203,183,56,42,122,108,372.4,43.607706476,-80.265238332,1.21789,NA,NA,NA,30.6
49,0.42737,102,169,"2026-06-21_ZGDAW",1.93528409970584,298,51,75,72,26.5,21.5,314,325,191,183,41,42,107,108,372.6,43.607761377,-80.265311338,1.45346,NA,NA,NA,31.0032
50,0.43591,103,169,"2026-06-21_ZGDAW",1.92477961273434,281,50,74.5,73,21.5,22,314,333,191,200,41,56,107,122,372.8,43.607816195,-80.265385769,1.68765,NA,NA,NA,31.1724
51,0.44453,104,170,"2026-06-21_ZGDAW",1.92278111059837,287,52,77.5,69,26.5,20,315,340,179,210,34,76,97,139,372.8,43.607871348,-80.265461793,1.44345,NA,NA,NA,31.2048
52,0.45343,105,169,"2026-06-21_ZGDAW",1.90628693430935,239,54,80,69,27,20,326,343,180,207,37,73,104,136,372.8,43.607928093,-80.265538823,1.20014,NA,NA,NA,31.4748
53,0.46214,105,169,"2026-06-21_ZGDAW",1.88814621804313,254,54,70,75,24.5,23.5,335,346,184,200,37,60,105,125,372.8,43.607983582,-80.265615601,0.951694,NA,NA,NA,31.7772
54,0.47099,105,169,"2026-06-21_ZGDAW",1.90020142135066,277,50,72.5,65.5,25,19,345,350,195,201,45,73,114,135,372.8,43.608042087,-80.265690368,0.951694,NA,NA,NA,31.5756
55,0.47998,106,169,"2026-06-21_ZGDAW",1.87244878852563,264,61,90,70.5,32,21.5,335,345,198,201,49,72,118,136,372.4,43.608099419,-80.265769661,0.265209,NA,NA,NA,32.0436
56,0.48898,106,169,"2026-06-21_ZGDAW",1.89415463878471,271,56,90,70.5,32,21.5,319,335,195,198,49,65,120,132,372.2,43.608154824,-80.265849959,0.0429869,NA,NA,NA,31.6764
57,0.49786,99,169,"2026-06-21_ZGDAW",1.89007333484539,188,56,78,78,26,25.5,323,328,195,195,48,59,118,128,372,43.608211988,-80.265926067,-0.422623,NA,NA,NA,31.7448
58,0.50679,96,169,"2026-06-21_ZGDAW",1.87624301099478,295,65,76.5,71.5,27.5,22,323,328,195,195,48,59,118,128,371.8,43.608269237,-80.26600318,-0.646587,NA,NA,NA,31.9788
59,0.51562,97,169,"2026-06-21_ZGDAW",1.83958793230316,282,65,95.5,79.5,31,23.5,328,333,190,193,51,58,117,125,371.6,43.608326904,-80.266079875,-1.10866,NA,NA,NA,32.616
60,0.5247,98,169,"2026-06-21_ZGDAW",1.84141715464221,223,46,84.5,96.5,27,32,293,333,183,193,30,58,93,125,371.6,43.60838365,-80.266161179,-1.34285,NA,NA,NA,32.5836
61,0.53385,98,169,"2026-06-21_ZGDAW",1.84345389521808,231,62,78.5,50,24,13,301,340,190,193,32,59,97,124,371.4,43.608442239,-80.266239885,-1.56143,NA,NA,NA,32.5476
62,0.54295,98,168,"2026-06-21_ZGDAW",1.82648401826484,255,52,69.5,68,21.5,20.5,338,345,197,195,51,65,114,129,371.4,43.608500074,-80.266319597,-1.56143,NA,NA,NA,32.85
63,0.55222,99,168,"2026-06-21_ZGDAW",1.7915367802501,255,54,70,68.5,22.5,19.5,345,345,197,194,53,65,115,127,371.4,43.608558412,-80.266401069,-1.56143,NA,NA,NA,33.4908
64,0.5614,100,168,"2026-06-21_ZGDAW",1.77910617705665,269,54,70,68.5,22.5,19.5,340,345,193,194,51,65,114,127,371.4,43.608618595,-80.266479356,-1.56143,NA,NA,NA,33.7248
65,0.57068,102,168,"2026-06-21_ZGDAW",1.76329524615602,238,50,82.5,72,26.5,22,311,333,197,197,51,65,117,128,371.6,43.608680034,-80.266557979,-0.900974,NA,NA,NA,34.0272
66,0.58006,103,168,"2026-06-21_ZGDAW",1.76853423882286,174,60,81.5,95.5,27,32.5,328,333,198,197,53,65,121,128,371.6,43.608740132,-80.266639535,-0.678752,NA,NA,NA,33.9264
67,0.58971,104,167,"2026-06-21_ZGDAW",1.72586379482931,178,45,52,63.5,17.5,21.5,328,330,198,200,53,70,121,136,371.6,43.608801571,-80.266724862,-0.453527,NA,NA,NA,34.7652
68,0.59951,104,168,"2026-06-21_ZGDAW",1.72407848005241,201,44,63.5,63.5,20,21.5,346,353,198,201,53,73,122,138,371.4,43.608865022,-80.266807843,-0.433644,NA,NA,NA,34.8012
69,0.60928,105,168,"2026-06-21_ZGDAW",1.6898171617831,234,54,74,63.5,22.5,21.5,346,353,201,201,51,76,120,138,371.2,43.608929731,-80.266889986,-0.411852,NA,NA,NA,35.5068
70,0.6191,106,167,"2026-06-21_ZGDAW",1.69307869429771,215,54,68,67,21,22.5,343,352,200,201,53,79,121,139,371.2,43.608994355,-80.266972128,-0.411852,NA,NA,NA,35.4384
71,0.62916,107,167,"2026-06-21_ZGDAW",1.63719711853307,209,54,68,67,21,22.5,345,347,194,198,55,72,117,134,370.8,43.609060069,-80.267058546,-0.590887,NA,NA,NA,36.648
72,0.63934,110,167,"2026-06-21_ZGDAW",1.61498708010336,239,53,68.5,68,21.5,21,345,353,193,200,53,72,114,132,370.6,43.609125867,-80.267146807,-0.787351,NA,NA,NA,37.152
73,0.6498,111,167,"2026-06-21_ZGDAW",1.57798396768289,220,54,67.5,71,20,24,345,353,194,200,53,72,113,132,370.6,43.60919309,-80.267237751,-0.787351,NA,NA,NA,38.0232
74,0.66061,103,166,"2026-06-21_ZGDAW",1.53723175305909,128,54,66,65,17.5,21,345,352,194,200,53,70,113,131,370.2,43.609262576,-80.267332299,-1.15738,NA,NA,NA,39.0312
75,0.67173,105,166,"2026-06-21_ZGDAW",1.50096061479347,153,51,57.5,39.5,17.5,9,0,342,204,190,66,59,125,120,369.8,43.609334828,-80.267427517,-1.73261,NA,NA,NA,39.9744
76,0.68314,96,166,"2026-06-21_ZGDAW",1.47141049409964,104,91,56,58,15,18.5,0,328,203,167,66,38,124,98,369.2,43.609406829,-80.267527178,-2.25846,NA,NA,NA,40.7772
77,0.69475,96,166,"2026-06-21_ZGDAW",1.42097933896041,0,91,56,58,15,18.5,0,332,203,173,66,41,124,101,368.4,43.609482433,-80.267627593,-2.94752,NA,NA,NA,42.2244
78,0.70691,96,165,"2026-06-21_ZGDAW",1.38461964498352,0,91,56,58,15,18.5,0,332,203,173,66,41,124,101,367.6,43.609559379,-80.26773287,-3.40134,NA,NA,NA,43.3332
79,0.7192,0,165,"2026-06-21_ZGDAW",1.33397364068086,0,NA,0,0,0,0,0,0,0,0,0,0,0,0,366.6,43.609639594,-80.267837644,-4.0103,NA,NA,NA,44.9784
80,0.73208,0,165,"2026-06-21_ZGDAW",1.27860887354558,0,NA,0,0,0,0,0,0,0,0,0,0,0,0,365.8,43.609724335,-80.267946525,-4.63142,NA,NA,NA,46.926
81,0.74548,11,165,"2026-06-21_ZGDAW",1.22431989030094,0,NA,0,0,0,0,0,0,0,0,0,0,0,0,364.8,43.609811423,-80.268061608,-4.98007,NA,NA,NA,49.0068
82,0.75929,109,165,"2026-06-21_ZGDAW",1.18920204542752,10,100,0,34,0,9,0,0,187,0,62,0,117,0,363.6,43.60990287,-80.268178284,-5.65254,NA,NA,NA,50.454
83,0.77355,104,164,"2026-06-21_ZGDAW",1.16362959342782,120,78,53.5,34,15,0,354,354,179,190,55,58,111,117,363.2,43.609996412,-80.268299487,-5.93305,NA,NA,NA,51.5628
84,0.788,84,164,"2026-06-21_ZGDAW",1.13773408878877,12,0,53.5,35,0,9,0,0,0,357,0,0,0,357,361.2,43.610090876,-80.268422114,-6.9471,NA,NA,NA,52.7364
85,0.80243,84,164,"2026-06-21_ZGDAW",1.14280490034741,142,0,53.5,35,0,9,0,335,0,162,0,44,0,101,359.6,43.610185424,-80.268544993,-7.69619,NA,NA,NA,52.5024
86,0.81688,117,163,"2026-06-21_ZGDAW",1.13124731328763,142,0,53.5,35,0,9,353,6,180,194,48,68,111,127,358.4,43.610279972,-80.268673906,-8.00079,NA,NA,NA,53.0388
87,0.83214,110,163,"2026-06-21_ZGDAW",1.14351057747284,207,65,54.5,10,16.5,3,0,6,357,194,0,68,357,127,357,43.610379381,-80.268802317,-8.22916,NA,NA,NA,52.47
88,0.84698,109,163,"2026-06-21_ZGDAW",1.15164916159941,249,52,67,67,20.5,25,0,350,357,203,0,75,357,141,356.4,43.61047418,-80.268929722,-7.97557,NA,NA,NA,52.0992
89,0.86121,107,163,"2026-06-21_ZGDAW",1.1613592548719,261,55,74,69.5,25,26,356,350,212,203,65,75,132,141,356,43.610566633,-80.269052182,-7.443,NA,NA,NA,51.6636
90,0.87536,106,163,"2026-06-21_ZGDAW",1.18211693500721,300,56,76,69.5,25,26,356,342,212,201,65,70,132,138,355.4,43.610657073,-80.269177407,-7.24591,NA,NA,NA,50.7564
91,0.88965,104,164,"2026-06-21_ZGDAW",1.20042254873716,315,49,72,74.5,20.5,22,0,0,357,357,0,0,357,357,355.2,43.610749693,-80.269301208,-6.6396,NA,NA,NA,49.9824
92,0.90342,103,164,"2026-06-21_ZGDAW",1.24303898170247,266,52,73,68.5,23.5,19.5,328,307,184,162,49,34,111,93,355.4,43.61083762,-80.269420147,-5.62542,NA,NA,NA,48.2688
93,0.91703,101,164,"2026-06-21_ZGDAW",1.27313930690296,288,48,68,70,20.5,18,0,307,357,162,0,34,357,93,355.4,43.61092345,-80.269538248,-5.34492,NA,NA,NA,47.1276
94,0.93004,99,164,"2026-06-21_ZGDAW",1.29339334678462,250,48,68,70,20.5,18,336,335,187,186,59,59,120,117,355.4,43.611008527,-80.269648554,-3.96083,NA,NA,NA,46.3896
95,0.94293,96,164,"2026-06-21_ZGDAW",1.31533948912214,319,52,68.5,77.5,19.5,20,338,338,188,188,59,59,120,115,355.8,43.611095447,-80.269754082,-2.54171,NA,NA,NA,45.6156
96,0.9555,95,163,"2026-06-21_ZGDAW",1.36043316191875,129,50,83,66,21.5,20.5,338,336,188,187,59,53,120,113,356,43.611179098,-80.26985894,-1.55216,NA,NA,NA,44.1036
97,0.96793,106,163,"2026-06-21_ZGDAW",1.38140627158447,236,54,78.5,66,23.5,20.5,330,343,181,193,49,63,108,121,356,43.611259816,-80.269964552,-0.634725,NA,NA,NA,43.434
98,0.97982,104,163,"2026-06-21_ZGDAW",1.40421827168815,295,46,76.5,61,25,18,339,346,191,201,55,68,114,131,356,43.611337852,-80.270065973,-0.230412,NA,NA,NA,42.7284
99,0.99162,102,163,"2026-06-21_ZGDAW",1.43245953301819,355,51,96.5,84.5,31.5,25.5,336,329,198,201,60,58,121,121,356.2,43.611412367,-80.270169824,0.220176,NA,NA,NA,41.886
100,1.00354,101,162,"2026-06-21_ZGDAW",1.41880196362192,380,55,95,93.5,33,29,308,329,198,201,55,58,120,121,356,43.611485541,-80.270277867,0.476419,NA,NA,NA,42.2892
101,1.01541,100,162,"2026-06-21_ZGDAW",1.41988981655024,445,55,95,93.5,33,29,308,311,198,210,55,51,120,115,356,43.611560056,-80.270382138,0.616377,NA,NA,NA,42.2568
102,1.02687,100,162,"2026-06-21_ZGDAW",1.44638259712459,335,52,100,84.5,36.5,25.5,304,311,201,210,56,51,122,115,356.2,43.611633481,-80.270481296,0.645653,NA,NA,NA,41.4828
103,1.03829,99,163,"2026-06-21_ZGDAW",1.44512847192115,273,50,80,99,27.5,38,304,311,201,210,56,51,122,115,356.4,43.611705985,-80.270582968,0.820785,NA,NA,NA,41.5188
104,1.04972,98,163,"2026-06-21_ZGDAW",1.45700381735,311,51,82,99,27,38,318,329,198,222,56,63,122,132,356.4,43.611777315,-80.270684809,0.820785,NA,NA,NA,41.1804
105,1.06127,104,162,"2026-06-21_ZGDAW",1.46649068778413,231,48,80.5,73.5,26,22,322,339,197,204,53,63,120,129,356.4,43.611849902,-80.270786481,0.510467,NA,NA,NA,40.914
106,1.07243,117,162,"2026-06-21_ZGDAW",1.47741039505954,310,53,79.5,86,22.5,25,330,336,194,191,49,55,114,120,356.8,43.611922489,-80.270882705,0.709781,NA,NA,NA,40.6116
107,1.08356,109,162,"2026-06-21_ZGDAW",1.50475502588179,320,48,83.5,75.5,27,21.5,339,336,198,191,49,55,117,120,357.4,43.611993987,-80.270978511,1.24886,NA,NA,NA,39.8736
108,1.09459,108,162,"2026-06-21_ZGDAW",1.49597582503067,317,48,83.5,75.5,27,21.5,339,319,198,180,49,42,117,105,357.6,43.612064563,-80.271075908,1.43019,NA,NA,NA,40.1076
109,1.10581,108,162,"2026-06-21_ZGDAW",1.50734074944982,247,51,88,99,32.5,40.5,335,319,198,180,46,42,115,105,357.6,43.612135306,-80.27117406,1.2607,NA,NA,NA,39.8052
110,1.11672,107,162,"2026-06-21_ZGDAW",1.52401853206535,264,55,79,99,26,40.5,335,328,198,190,46,58,115,120,357.6,43.612206217,-80.271267435,1.42848,NA,NA,NA,39.3696
111,1.12742,106,162,"2026-06-21_ZGDAW",1.54650335591228,282,57,77.5,67,24.5,20.5,323,330,197,194,44,62,111,124,357.6,43.612276792,-80.271357121,1.42848,NA,NA,NA,38.7972
112,1.13806,105,162,"2026-06-21_ZGDAW",1.54249575813666,392,57,87.5,62.5,30,19.5,332,326,200,221,55,55,121,127,357.4,43.612342842,-80.271454603,1.06599,NA,NA,NA,38.898
113,1.14891,106,162,"2026-06-21_ZGDAW",1.54249575813666,375,57,98.5,65.5,33.5,19.5,311,314,212,215,60,37,129,110,357.2,43.612410148,-80.271554263,0.706528,NA,NA,NA,38.898
114,1.15996,106,162,"2026-06-21_ZGDAW",1.56274417877793,308,52,87,83,33.5,25.5,315,314,212,215,63,37,129,110,357,43.612476617,-80.271655433,0.525533,NA,NA,NA,38.394
115,1.17086,104,162,"2026-06-21_ZGDAW",1.59337157425112,308,52,87,83,33.5,25.5,0,314,357,215,0,37,357,110,357,43.61254451,-80.271751154,0.525533,NA,NA,NA,37.656
116,1.18139,102,163,"2026-06-21_ZGDAW",1.58639507582968,244,55,86.5,99.5,28.5,36.5,0,312,357,207,0,38,357,110,356.8,43.612614751,-80.271840505,-0.0228235,NA,NA,NA,37.8216
117,1.19184,101,162,"2026-06-21_ZGDAW",1.65540987948616,315,63,73,72,20,23.5,0,0,357,357,0,0,357,357,356.8,43.612679291,-80.271932287,-0.561907,NA,NA,NA,36.2448
118,1.20188,99,162,"2026-06-21_ZGDAW",1.66002656042497,257,43,67,56,21,15.5,322,298,176,150,48,21,111,82,356.8,43.61274182,-80.272022393,-0.743231,NA,NA,NA,36.144
119,1.21162,107,162,"2026-06-21_ZGDAW",1.72087420409568,208,79,64,75,18,22.5,329,309,173,155,42,28,105,90,357.2,43.612803008,-80.272107637,-0.332553,NA,NA,NA,34.866
120,1.22135,107,161,"2026-06-21_ZGDAW",1.71414858239912,263,49,73.5,39.5,23.5,14.5,335,332,180,173,38,41,100,103,357.4,43.612866711,-80.272191875,-0.127003,NA,NA,NA,35.0028
121,1.2311,106,161,"2026-06-21_ZGDAW",1.75125214528388,261,49,74.5,74,25.5,23,335,332,193,173,51,41,115,103,357.6,43.61292924,-80.272274437,0.0781249,NA,NA,NA,34.2612
122,1.24035,104,161,"2026-06-21_ZGDAW",1.76497581983127,312,51,99.5,87.5,35.5,26.5,335,329,193,193,51,51,115,115,357.8,43.61298917,-80.272354484,0.482311,NA,NA,NA,33.9948
123,1.24935,102,161,"2026-06-21_ZGDAW",1.79888469149128,297,51,99.5,87.5,35.5,26.5,326,333,193,217,51,56,117,125,358.2,43.613048347,-80.272433274,1.11109,NA,NA,NA,33.354
124,1.25853,101,161,"2026-06-21_ZGDAW",1.87244878852563,300,50,78,96.5,26,37,326,315,193,215,51,42,117,111,358.2,43.613106349,-80.272513153,1.29208,NA,NA,NA,32.0436
125,1.26723,101,162,"2026-06-21_ZGDAW",1.93102382883405,306,50,78,96.5,26,37,332,333,201,197,59,56,127,118,358.2,43.613162508,-80.272588506,1.29208,NA,NA,NA,31.0716
126,1.27568,101,162,"2026-06-21_ZGDAW",2.0228992191609,306,50,78,96.5,26,37,333,333,200,197,62,56,127,118,358.4,43.613215314,-80.272662938,1.7187,NA,NA,NA,29.6604
127,1.28346,107,162,"2026-06-21_ZGDAW",2.11882362912111,306,50,0,0,0,0,325,333,194,197,46,56,111,118,358.8,43.613265857,-80.272730664,2.23284,NA,NA,NA,28.3176
128,1.29105,105,162,"2026-06-21_ZGDAW",2.25804994806485,447,51,0,0,0,0,316,333,205,197,51,56,117,118,359.4,43.613315645,-80.272794366,3.02336,NA,NA,NA,26.5716
129,1.29808,105,162,"2026-06-21_ZGDAW",2.41056792980426,173,55,0,0,0,0,316,330,205,210,51,56,117,124,360.2,43.613360992,-80.272855135,3.75066,NA,NA,NA,24.8904
130,1.30488,114,162,"2026-06-21_ZGDAW",2.50513552783206,506,55,0,0,0,0,343,323,224,195,68,44,132,110,361,43.61340441,-80.272915149,4.72158,NA,NA,NA,23.9508
131,1.31139,109,162,"2026-06-21_ZGDAW",2.65392781316348,406,50,99,67,37.5,20.5,343,323,224,195,68,44,132,110,361.8,43.613444811,-80.272972649,5.74533,NA,NA,NA,22.608
132,1.31745,101,162,"2026-06-21_ZGDAW",2.76946936966877,430,49,95,99.5,35.5,38.5,349,323,231,195,69,44,136,110,362.4,43.613481691,-80.273028137,6.51921,NA,NA,NA,21.6648
133,1.32306,96,162,"2026-06-21_ZGDAW",3.05362159521192,469,47,97.5,100,34,36.5,305,316,224,194,62,35,131,101,363,43.613514548,-80.273079351,7.14429,NA,NA,NA,19.6488
134,1.32828,103,162,"2026-06-21_ZGDAW",3.07446350611818,272,76,96,97,33.5,33.5,305,319,224,211,62,42,131,110,363.6,43.613547573,-80.273126457,8.29371,NA,NA,NA,19.5156
135,1.33341,105,163,"2026-06-21_ZGDAW",3.26541274817137,420,52,94.5,97,31.5,33.5,290,319,219,211,59,42,129,110,364.2,43.613580262,-80.273170797,9.4633,NA,NA,NA,18.3744
136,1.33846,101,163,"2026-06-21_ZGDAW",3.29576165051743,438,47,100,87,38,27.5,290,319,219,211,59,42,129,110,364.6,43.61361379,-80.273212623,10.0187,NA,NA,NA,18.2052
137,1.3434,99,163,"2026-06-21_ZGDAW",3.20697838496569,411,47,100,87,38,27.5,290,319,219,211,59,42,129,110,365.2,43.613649078,-80.273252102,10.7191,NA,NA,NA,18.7092
138,1.34831,98,162,"2026-06-21_ZGDAW",3.40901343151292,382,48,93,100,32.5,39.5,290,319,219,211,59,42,129,110,365.6,43.613683862,-80.273289736,10.7433,NA,NA,NA,17.6004
139,1.35326,96,163,"2026-06-21_ZGDAW",3.47511815401724,362,51,89,98,27.5,33.5,287,319,210,211,55,42,125,110,365.6,43.613715127,-80.273332652,9.6053,NA,NA,NA,17.2656
140,1.358,95,163,"2026-06-21_ZGDAW",3.50213630314492,361,47,99.5,98,36.5,33.5,287,330,210,226,55,62,125,129,366,43.613745469,-80.273373723,9.27271,NA,NA,NA,17.1324
141,1.36286,94,164,"2026-06-21_ZGDAW",3.41530054644809,372,47,86.5,89.5,25.5,27.5,295,330,190,221,38,70,105,136,366.4,43.613774974,-80.273418147,8.86688,NA,NA,NA,17.568
142,1.36765,94,164,"2026-06-21_ZGDAW",3.40901343151292,364,49,90,89.5,27.5,27.5,308,330,194,221,39,70,105,136,366.6,43.613803891,-80.273461985,8.29432,NA,NA,NA,17.6004
143,1.37251,94,164,"2026-06-21_ZGDAW",3.32005312084993,363,47,85.5,90,30,30,308,330,205,221,48,70,118,136,366.6,43.61383415,-80.273506576,7.2248,NA,NA,NA,18.072
144,1.37731,95,165,"2026-06-21_ZGDAW",3.39581635425156,363,49,85.5,90,30,30,308,328,205,211,48,66,118,131,366.8,43.613863906,-80.273550833,6.49204,NA,NA,NA,17.6688
145,1.38238,95,165,"2026-06-21_ZGDAW",3.45494748479823,333,49,86,98,26.5,32.5,308,328,205,205,48,60,118,124,367,43.613895086,-80.273595676,5.71693,NA,NA,NA,17.3664
146,1.38735,95,165,"2026-06-21_ZGDAW",3.38272106082132,336,51,84.5,81.5,27,25.5,309,330,198,201,51,56,117,120,367.2,43.613928865,-80.273636412,5.32726,NA,NA,NA,17.7372
147,1.39237,96,165,"2026-06-21_ZGDAW",3.38272106082132,357,50,84.5,81.5,27,25.5,318,332,198,201,53,55,118,118,367.4,43.613962728,-80.273677651,4.51109,NA,NA,NA,17.7372
148,1.39749,96,165,"2026-06-21_ZGDAW",3.31411148671041,277,53,100,81,36.5,25,323,330,200,201,55,55,120,117,367.8,43.613994747,-80.273723332,4.47768,NA,NA,NA,18.1044
149,1.4027,97,165,"2026-06-21_ZGDAW",3.28342526924087,321,46,79.5,98.5,28,36.5,328,326,198,201,58,55,121,120,367.8,43.614026682,-80.273770103,4.47768,NA,NA,NA,18.2736
150,1.40773,97,165,"2026-06-21_ZGDAW",3.30753456373619,302,51,80,80.5,25.5,24.5,332,328,193,200,51,55,115,118,367.8,43.614058869,-80.273814108,3.6338,NA,NA,NA,18.1404
151,1.41314,100,165,"2026-06-21_ZGDAW",3.10655483069276,302,49,85,79.5,33,23.5,332,328,193,200,46,55,113,118,367.8,43.614092815,-80.273862891,2.81075,NA,NA,NA,19.314
152,1.4187,102,165,"2026-06-21_ZGDAW",3.06372549019608,323,46,80.5,78,29,23.5,332,328,193,198,46,52,113,117,367.8,43.614128439,-80.273910081,2.39321,NA,NA,NA,19.584
153,1.42426,102,165,"2026-06-21_ZGDAW",3.00192122958694,289,46,80.5,78,29,23.5,328,330,198,201,45,51,111,118,367.8,43.614164313,-80.273957355,2.39321,NA,NA,NA,19.9872
154,1.42991,100,165,"2026-06-21_ZGDAW",2.84414106939704,328,68,86.5,77,30.5,24.5,336,329,203,200,53,55,121,125,367.8,43.614203457,-80.274004378,1.97655,NA,NA,NA,21.096
155,1.43587,102,166,"2026-06-21_ZGDAW",2.87158281644843,286,43,85,70.5,24.5,23.5,333,332,200,201,52,59,118,129,368,43.614243438,-80.274052657,1.91764,NA,NA,NA,20.8944
156,1.44205,105,166,"2026-06-21_ZGDAW",2.7104678267469,279,42,83,77.5,25.5,23.5,329,332,198,201,56,59,124,129,368,43.614283336,-80.274106385,1.51523,NA,NA,NA,22.1364
157,1.44819,107,166,"2026-06-21_ZGDAW",2.73134491423577,276,49,77,67.5,28.5,22,322,326,198,200,53,59,124,125,368,43.614321641,-80.274160616,1.11682,NA,NA,NA,21.9672
158,1.45434,109,166,"2026-06-21_ZGDAW",2.71444082519001,285,51,79,74,26.5,23.5,322,325,198,201,53,56,124,125,368,43.61435936,-80.274215937,0.33557,NA,NA,NA,22.104
159,1.46057,108,166,"2026-06-21_ZGDAW",2.6581605528974,210,47,66.5,78,22.5,25,323,315,198,183,51,38,121,105,368.2,43.61439909,-80.274270587,0.656598,NA,NA,NA,22.572
160,1.46687,102,167,"2026-06-21_ZGDAW",2.63047138047138,167,74,66.5,78,22.5,25,335,315,197,173,46,34,114,97,368.2,43.614438904,-80.274325991,0.656598,NA,NA,NA,22.8096
161,1.47315,101,166,"2026-06-21_ZGDAW",2.61889796773518,275,74,75,46.5,21.5,15.5,340,318,195,173,46,30,113,94,368.2,43.614478551,-80.274381647,0.656598,NA,NA,NA,22.9104
162,1.47965,103,166,"2026-06-21_ZGDAW",2.54803037252204,274,41,75,75.5,26,23.5,340,325,198,183,52,35,118,100,368.4,43.614519119,-80.274440069,0.96429,NA,NA,NA,23.5476
163,1.48627,104,167,"2026-06-21_ZGDAW",2.5336981858721,304,58,84,75.5,27,23.5,336,332,198,222,58,60,124,131,368.4,43.614561867,-80.274496731,0.96429,NA,NA,NA,23.6808
164,1.49284,105,167,"2026-06-21_ZGDAW",2.51952632905014,263,45,77.5,72.5,28,23,332,333,203,215,55,63,124,131,368.4,43.614605704,-80.2745518,0.96429,NA,NA,NA,23.814
165,1.4993,105,167,"2026-06-21_ZGDAW",2.54803037252204,268,46,80.5,86,27,28,329,333,201,215,52,63,121,131,368.4,43.61464753,-80.274608461,0.62872,NA,NA,NA,23.5476
166,1.50606,105,167,"2026-06-21_ZGDAW",2.54103775982111,278,59,99.5,86,31.5,28,329,338,201,207,52,63,121,131,368.6,43.614689858,-80.274668308,0.924578,NA,NA,NA,23.6124
167,1.51275,105,167,"2026-06-21_ZGDAW",2.55545333742206,248,65,97.5,71.5,34,27.5,329,338,201,204,52,62,121,131,368.8,43.614730343,-80.274728658,1.22353,NA,NA,NA,23.4792
168,1.51957,107,167,"2026-06-21_ZGDAW",2.44343449152128,285,65,97.5,71.5,34,27.5,311,328,201,203,42,66,113,132,369,43.61477175,-80.274791438,1.51679,NA,NA,NA,24.5556
169,1.52651,109,167,"2026-06-21_ZGDAW",2.38811673114582,267,48,72,67,23.5,22.5,319,312,200,198,46,60,118,125,369.2,43.614814581,-80.274854805,1.48394,NA,NA,NA,25.1244
170,1.53344,110,167,"2026-06-21_ZGDAW",2.43344527181584,201,50,73,76.5,24,25,336,314,200,195,52,59,121,122,369.6,43.614859676,-80.274913982,2.06114,NA,NA,NA,24.6564
171,1.54058,111,168,"2026-06-21_ZGDAW",2.42036983251041,212,51,74,84,23.5,21,342,339,195,198,53,68,120,128,369.4,43.614906195,-80.274974331,1.78103,NA,NA,NA,24.7896
172,1.5476,111,167,"2026-06-21_ZGDAW",2.39429200785328,217,58,66.5,72,21.5,24,345,339,194,198,58,68,122,128,369.4,43.614952128,-80.275033675,1.47334,NA,NA,NA,25.0596
173,1.55498,101,167,"2026-06-21_ZGDAW",2.27531285551763,217,51,74,72,23.5,24,345,343,194,194,58,62,122,122,369.2,43.615001246,-80.275095282,1.20234,NA,NA,NA,26.37
174,1.562,101,166,"2026-06-21_ZGDAW",2.35971494643447,260,47,71.5,72,21,21.5,330,339,191,188,49,63,114,127,369,43.615046425,-80.275155213,0.917437,NA,NA,NA,25.4268
175,1.56936,104,166,"2026-06-21_ZGDAW",2.2383382576775,259,47,71.5,72,21,21.5,328,343,193,195,51,66,115,127,368.6,43.615091687,-80.275222352,0.373958,NA,NA,NA,26.8056
176,1.57679,106,167,"2026-06-21_ZGDAW",2.23264121455682,248,51,82,75,26.5,18,329,333,195,191,56,60,121,120,368.6,43.615136446,-80.275290078,0.0781005,NA,NA,NA,26.874
177,1.58427,107,167,"2026-06-21_ZGDAW",2.16506451892266,253,58,84.5,71.5,26.5,21,329,322,203,181,62,48,129,108,368.4,43.615182295,-80.275358809,-0.488233,NA,NA,NA,27.7128
178,1.59197,109,167,"2026-06-21_ZGDAW",2.14169450869528,264,54,69.5,99.5,21.5,39.5,321,330,191,186,48,52,114,113,368.4,43.615230826,-80.275427122,-0.781488,NA,NA,NA,28.0152
179,1.59973,109,166,"2026-06-21_ZGDAW",2.14169450869528,275,49,67.5,73,19.5,25.5,321,335,191,191,48,55,114,117,368.6,43.615282208,-80.275492836,-0.81194,NA,NA,NA,28.0152
180,1.60757,103,166,"2026-06-21_ZGDAW",2.17580504786771,108,79,60.5,73,19.5,25.5,343,335,194,191,55,55,115,117,368.6,43.615333505,-80.275558047,-1.38914,NA,NA,NA,27.576
181,1.61531,97,166,"2026-06-21_ZGDAW",2.13922046806144,234,52,75.5,32.5,24,10,333,345,183,193,46,69,110,136,368.4,43.615384467,-80.275623761,-1.36743,NA,NA,NA,28.0476
182,1.62317,98,166,"2026-06-21_ZGDAW",2.10384583017756,214,52,75.5,32.5,24,10,333,349,183,197,46,70,110,135,368.2,43.615435345,-80.27569199,-1.62188,NA,NA,NA,28.5192
183,1.63092,99,167,"2026-06-21_ZGDAW",2.12639278727567,265,51,76,64.5,25.5,19.5,316,342,190,217,55,65,120,132,367.8,43.615483541,-80.275762566,-1.86701,NA,NA,NA,28.2168
184,1.63894,99,166,"2026-06-21_ZGDAW",2.14942825208495,229,48,82,73.5,28.5,24.5,316,335,190,215,55,68,120,135,367.6,43.615531066,-80.275836326,-1.83148,NA,NA,NA,27.9144
185,1.6469,99,166,"2026-06-21_ZGDAW",2.10384583017756,266,57,89,73.5,31,24.5,315,335,200,215,60,68,127,135,367.4,43.61558119,-80.275906483,-1.53926,NA,NA,NA,28.5192
186,1.65479,99,167,"2026-06-21_ZGDAW",2.10384583017756,274,42,72,81,20.5,27,326,333,193,194,51,66,114,131,367.4,43.615631565,-80.275975466,-1.53926,NA,NA,NA,28.5192
187,1.6627,99,166,"2026-06-21_ZGDAW",2.11130816653999,274,56,87.5,81,27.5,21.5,326,333,193,194,51,66,114,131,367.4,43.615680851,-80.276045874,-1.27188,NA,NA,NA,28.4184
188,1.67072,100,166,"2026-06-21_ZGDAW",2.06731166790705,294,47,96.5,69,33,18.5,329,332,195,203,52,68,117,131,367.4,43.615732483,-80.276116198,-1.27188,NA,NA,NA,29.0232
189,1.67883,100,166,"2026-06-21_ZGDAW",2.0555829633284,267,53,73.5,75,24,23,321,315,200,205,60,69,127,132,367.2,43.615783781,-80.276187947,-1.77622,NA,NA,NA,29.1888
190,1.68684,102,166,"2026-06-21_ZGDAW",2.08672426025625,267,54,79.5,88.5,24.5,25,309,316,197,201,65,72,131,136,367.2,43.615835413,-80.276257182,-1.77622,NA,NA,NA,28.7532
191,1.6952,102,165,"2026-06-21_ZGDAW",2.04599394385793,243,54,79.5,88.5,24.5,25,315,323,198,194,60,60,127,125,367,43.615889057,-80.276329853,-1.75706,NA,NA,NA,29.3256
192,1.70332,102,165,"2026-06-21_ZGDAW",2.11398613225097,261,50,79.5,88.5,24.5,25,314,323,197,194,55,60,121,125,367,43.61594069,-80.276399674,-1.50261,NA,NA,NA,28.3824
193,1.71121,101,165,"2026-06-21_ZGDAW",2.10890379180902,228,50,73.5,74,25,20.5,314,314,197,188,55,56,121,120,367,43.615989389,-80.276470333,-0.986476,NA,NA,NA,28.4508
194,1.71911,100,165,"2026-06-21_ZGDAW",2.05786722640655,308,54,85.5,64.5,26,17.5,325,326,197,190,51,56,117,120,367.2,43.616038758,-80.276541915,-0.483935,NA,NA,NA,29.1564
195,1.72693,100,165,"2026-06-21_ZGDAW",2.11882362912111,281,53,85.5,64.5,26.5,17.5,329,343,201,187,58,59,124,118,367.2,43.616092318,-80.276604695,-0.232679,NA,NA,NA,28.3176
196,1.73486,100,164,"2026-06-21_ZGDAW",2.09170013386881,305,53,77,80.5,22.5,23.5,333,357,197,169,56,59,121,108,367.6,43.616145795,-80.276671248,0.271735,NA,NA,NA,28.6848
197,1.74301,100,164,"2026-06-21_ZGDAW",2.09643605870021,305,55,80,85,25,22.5,325,0,193,165,52,63,117,107,367.8,43.616195081,-80.276745595,0.517133,NA,NA,NA,28.62
198,1.75101,101,164,"2026-06-21_ZGDAW",2.10890379180902,299,55,80,85,25,22.5,325,343,191,194,52,65,118,122,368,43.616244199,-80.276817512,0.767133,NA,NA,NA,28.4508
199,1.75896,101,165,"2026-06-21_ZGDAW",2.10384583017756,215,59,99.5,68.5,34,21.5,0,342,357,214,0,69,357,134,368,43.616291724,-80.276891524,1.01374,NA,NA,NA,28.5192
200,1.76681,100,165,"2026-06-21_ZGDAW",2.14693632186869,188,34,62,68.5,19,21.5,340,342,194,214,58,69,122,134,368,43.616340674,-80.276962016,1.01374,NA,NA,NA,27.9468
201,1.77471,99,166,"2026-06-21_ZGDAW",2.15721805160066,255,34,71.5,54,23,17.5,340,342,194,214,58,69,122,134,368.2,43.616388451,-80.277033094,1.50614,NA,NA,NA,27.8136
202,1.78242,99,166,"2026-06-21_ZGDAW",2.14693632186869,250,49,79,75.5,25.5,22.5,339,322,198,181,60,44,125,108,368.4,43.616437569,-80.277100653,1.76554,NA,NA,NA,27.9468
203,1.79001,99,166,"2026-06-21_ZGDAW",2.14445016297821,208,47,83.5,76.5,28.5,22.5,328,333,191,191,52,59,117,124,368.6,43.616484424,-80.277171228,2.02905,NA,NA,NA,27.9792
204,1.79795,98,165,"2026-06-21_ZGDAW",2.18092994853005,208,49,75.5,57,27,18,318,338,177,194,45,66,110,131,368.6,43.616533458,-80.277242139,1.77588,NA,NA,NA,27.5112
205,1.80551,96,165,"2026-06-21_ZGDAW",2.255299954894,192,49,75.5,57,27,18,322,339,183,194,52,65,115,129,368.6,43.616579307,-80.277310955,1.77588,NA,NA,NA,26.604
206,1.81291,94,165,"2026-06-21_ZGDAW",2.25804994806485,162,54,71.5,70,23.5,21.5,340,340,193,194,55,62,118,125,368.8,43.616622977,-80.277381111,1.54174,NA,NA,NA,26.5716
207,1.82007,92,165,"2026-06-21_ZGDAW",2.32288037166086,131,53,65,60,21.5,18,345,340,191,194,55,62,118,125,368.6,43.616675028,-80.277436432,1.01701,NA,NA,NA,25.83
208,1.82708,89,165,"2026-06-21_ZGDAW",2.4302517740838,167,60,50,64.5,14.5,18,345,346,191,193,55,56,118,118,368.6,43.616736552,-80.277467696,0.767013,NA,NA,NA,24.6888
209,1.83387,87,165,"2026-06-21_ZGDAW",2.44021473889702,270,62,68,58.5,18.5,16.5,346,345,188,188,58,52,121,114,369.2,43.616799835,-80.277459398,1.65067,NA,NA,NA,24.588
210,1.84086,87,165,"2026-06-21_ZGDAW",2.35637871718743,386,54,93,61.5,31,19,343,343,190,187,60,49,124,110,369.8,43.616860855,-80.277428972,2.50903,NA,NA,NA,25.4628
211,1.84873,89,166,"2026-06-21_ZGDAW",2.2666485334784,384,53,95.5,61.5,31,19,328,343,200,198,60,56,121,115,370.2,43.616918858,-80.277377339,2.76413,NA,NA,NA,26.4708
212,1.85647,94,165,"2026-06-21_ZGDAW",2.11882362912111,436,53,95.5,61.5,31,19,328,339,200,224,60,60,121,122,370.4,43.616976693,-80.277323863,2.76312,NA,NA,NA,28.3176
213,1.86455,98,165,"2026-06-21_ZGDAW",2.05786722640655,386,47,99,99,37.5,36,308,330,205,225,60,60,124,124,370.6,43.617031343,-80.277259741,2.74714,NA,NA,NA,29.1564
214,1.87304,102,166,"2026-06-21_ZGDAW",1.98909973346064,343,49,91.5,99,33.5,36,308,330,210,225,58,60,124,124,370.4,43.617085742,-80.277186064,2.51157,NA,NA,NA,30.1644
215,1.88199,107,166,"2026-06-21_ZGDAW",1.92477961273434,376,48,87.5,93.5,33,31,308,326,210,212,58,55,124,121,370.2,43.617143325,-80.277110711,2.28811,NA,NA,NA,31.1724
216,1.89083,107,166,"2026-06-21_ZGDAW",1.87244878852563,205,51,89,95.5,31,30,309,325,215,212,56,53,125,121,369.8,43.617199484,-80.277032927,1.56535,NA,NA,NA,32.0436
217,1.89971,105,166,"2026-06-21_ZGDAW",1.83776234057412,295,47,70.5,90,26,31,323,325,210,208,55,60,122,131,369.4,43.617255643,-80.276954221,1.39423,NA,NA,NA,32.6484
218,1.90883,104,166,"2026-06-21_ZGDAW",1.82089660949051,179,58,70.5,90,26,31,329,330,208,214,55,62,124,131,369,43.617312304,-80.276871743,0.955633,NA,NA,NA,32.9508
219,1.91813,104,165,"2026-06-21_ZGDAW",1.79694519317161,277,53,65,62,25,18,329,329,208,215,55,60,124,128,368.6,43.617369972,-80.276788008,-0.358127,NA,NA,NA,33.39
220,1.9275,101,165,"2026-06-21_ZGDAW",1.78272185973544,277,53,65,62,25,18,323,329,203,215,58,60,127,128,368.4,43.617429567,-80.27670553,-1.42994,NA,NA,NA,33.6564
221,1.937,103,165,"2026-06-21_ZGDAW",1.77022481855196,324,48,80,77,29.5,26.5,323,330,203,212,58,58,127,127,368,43.617489749,-80.276624058,-2.35926,NA,NA,NA,33.894
222,1.94621,103,165,"2026-06-21_ZGDAW",1.74941394632798,254,54,77,75,27.5,25,321,329,203,212,58,56,125,125,368.2,43.617546663,-80.276538897,-2.4005,NA,NA,NA,34.2972
223,1.95573,104,165,"2026-06-21_ZGDAW",1.76161786985167,297,44,77.5,75,28.5,25,322,329,203,212,55,56,124,125,368.4,43.617604581,-80.276452061,-2.43794,NA,NA,NA,34.0596
224,1.96532,104,166,"2026-06-21_ZGDAW",1.78081703885743,263,48,79.5,97.5,28.5,37,322,329,201,225,56,56,127,127,368.6,43.617662165,-80.276363967,-1.99382,NA,NA,NA,33.6924
225,1.97484,104,166,"2026-06-21_ZGDAW",1.77210703526493,241,51,83,81,31.5,26.5,322,329,201,212,56,55,127,125,368.8,43.61772109,-80.276278304,-1.56027,NA,NA,NA,33.858
226,1.98425,103,166,"2026-06-21_ZGDAW",1.77550513120983,241,51,86.5,88,31,31,318,329,207,212,52,55,122,125,369.2,43.617781859,-80.276195826,-0.682701,NA,NA,NA,33.7932
227,1.99383,103,166,"2026-06-21_ZGDAW",1.78081703885743,284,51,86.5,88,31,31,311,329,204,212,58,55,125,125,369.4,43.617842292,-80.276113013,-0.0234819,NA,NA,NA,33.6924
228,2.00326,103,165,"2026-06-21_ZGDAW",1.77380445579679,321,51,85.5,95,30.5,33,305,329,208,212,58,55,129,125,369.6,43.617901971,-80.276029948,0.627204,NA,NA,NA,33.8256
229,2.01249,102,165,"2026-06-21_ZGDAW",1.80609738477099,305,51,92.5,95,37,33,305,329,208,212,58,55,129,125,369.6,43.61795989,-80.275948811,1.05731,NA,NA,NA,33.2208
230,2.02151,101,165,"2026-06-21_ZGDAW",1.80433762765689,288,50,92.5,95,37,33,305,323,208,250,58,59,129,134,369.6,43.61801672,-80.275867842,1.27076,NA,NA,NA,33.2532
231,2.03065,101,165,"2026-06-21_ZGDAW",1.82268883056285,332,42,92.5,95,37,33,305,319,208,239,58,62,129,134,369.4,43.618073381,-80.275785448,1.47299,NA,NA,NA,32.9184
232,2.03974,101,165,"2026-06-21_ZGDAW",1.83776234057412,234,50,74.5,99,26.5,39.5,291,315,201,239,55,63,127,134,369.2,43.618130797,-80.275703306,1.03582,NA,NA,NA,32.6484
233,2.04904,100,166,"2026-06-21_ZGDAW",1.82648401826484,244,47,69.5,72,24,23.5,315,323,200,211,55,58,124,127,369,43.618191734,-80.27562351,0.610678,NA,NA,NA,32.85
234,2.05855,99,166,"2026-06-21_ZGDAW",1.85288123031314,242,47,69.5,72,24,23.5,329,323,198,211,52,58,118,127,369,43.618253592,-80.275545726,0.402127,NA,NA,NA,32.382
235,2.06755,99,165,"2026-06-21_ZGDAW",1.84345389521808,299,50,74,72,24,23.5,323,335,200,200,53,56,124,122,369.2,43.618314026,-80.275471797,0.414265,NA,NA,NA,32.5476
236,2.07651,99,165,"2026-06-21_ZGDAW",1.82828726049437,331,51,86,80.5,30.5,25,323,335,200,200,53,56,124,122,369.2,43.61837404,-80.275396612,-0.0108146,NA,NA,NA,32.8176
237,2.08543,99,165,"2026-06-21_ZGDAW",1.84141715464221,283,49,87,97.5,30,33,312,330,204,204,59,58,129,124,369.2,43.618433971,-80.275321761,-0.219583,NA,NA,NA,32.5836
238,2.09445,99,165,"2026-06-21_ZGDAW",1.84713140492815,320,48,84.5,90.5,27.5,27.5,307,325,204,205,59,59,127,125,369.4,43.618493482,-80.275244564,-0.209942,NA,NA,NA,32.4828
239,2.1037,99,165,"2026-06-21_ZGDAW",1.83776234057412,291,51,85,90.5,29.5,27.5,311,326,204,210,60,56,127,122,369.4,43.618551653,-80.275162924,-0.209942,NA,NA,NA,32.6484
240,2.11295,99,165,"2026-06-21_ZGDAW",1.84345389521808,291,49,81.5,88.5,29,28.5,301,326,212,210,59,56,131,122,369.6,43.618608231,-80.275078938,0,NA,NA,NA,32.5476
241,2.1222,99,165,"2026-06-21_ZGDAW",1.8607420639351,305,49,81.5,88.5,29,28.5,298,328,210,224,58,63,131,129,369.8,43.618665227,-80.274996627,0.441308,NA,NA,NA,32.2452
242,2.1312,99,165,"2026-06-21_ZGDAW",1.85680332739156,282,47,92.5,78,34,24,298,330,210,221,58,62,131,129,370,43.618722979,-80.274917167,0.883553,NA,NA,NA,32.3136
243,2.14019,98,165,"2026-06-21_ZGDAW",1.88622302701071,241,49,82.5,97,29,34.5,298,329,210,233,58,63,131,134,370,43.618780227,-80.274838964,1.09861,NA,NA,NA,31.8096
244,2.14911,96,165,"2026-06-21_ZGDAW",1.90628693430935,280,59,81.5,79,27.5,25.5,304,329,205,233,59,63,132,134,370.2,43.618835967,-80.274760006,1.32282,NA,NA,NA,31.4748
245,2.15802,96,165,"2026-06-21_ZGDAW",1.91043863671099,361,42,79.5,79,28,25.5,315,336,201,205,60,63,128,129,370.4,43.618891539,-80.274680965,1.32507,NA,NA,NA,31.4064
246,2.16666,97,165,"2026-06-21_ZGDAW",1.93528409970584,354,46,87,84,28,25,312,338,203,203,60,60,125,125,370.4,43.61894468,-80.274602845,1.32507,NA,NA,NA,31.0032
247,2.17523,100,165,"2026-06-21_ZGDAW",1.96726471514007,233,71,93,83,36,25,312,338,203,207,60,65,125,129,370.6,43.61899866,-80.274527157,1.55844,NA,NA,NA,30.4992
248,2.18371,100,165,"2026-06-21_ZGDAW",1.98459950781932,376,49,89.5,94.5,33,33.5,312,338,203,207,60,65,125,129,371,43.61905398,-80.274454067,1.80841,NA,NA,NA,30.2328
249,2.19205,98,165,"2026-06-21_ZGDAW",2.03674284084891,335,49,89.5,94.5,33,33.5,311,345,207,217,55,68,125,135,371.2,43.619105445,-80.274380725,2.04822,NA,NA,NA,29.4588
250,2.20013,96,165,"2026-06-21_ZGDAW",2.0555829633284,333,52,96.5,86,38,27,295,326,208,215,56,58,129,125,371.4,43.619156407,-80.274309395,2.07952,NA,NA,NA,29.1888
251,2.2079,95,165,"2026-06-21_ZGDAW",2.12910918071879,336,49,85.5,86,32,26.5,295,328,207,208,59,58,128,124,371.8,43.619206363,-80.274242005,2.37811,NA,NA,NA,28.1808
252,2.21562,98,165,"2026-06-21_ZGDAW",2.18350146294598,368,49,85.5,90,28.5,28.5,302,332,204,204,58,59,124,125,372.2,43.619252464,-80.274171513,2.67402,NA,NA,NA,27.4788
253,2.22316,98,165,"2026-06-21_ZGDAW",2.18636582272946,405,49,95.5,98.5,35,34,307,333,201,208,56,65,120,132,372.6,43.619301246,-80.274104877,3.20452,NA,NA,NA,27.4428
254,2.23064,97,165,"2026-06-21_ZGDAW",2.2242982339072,346,53,91.5,92.5,33.5,29.5,298,322,204,233,58,65,125,132,372.8,43.619346844,-80.274036732,3.24769,NA,NA,NA,26.9748
255,2.23813,95,165,"2026-06-21_ZGDAW",2.24104701716642,375,54,88.5,99.5,29.5,32,295,322,205,233,58,65,128,132,373,43.619392358,-80.273967665,3.29024,NA,NA,NA,26.7732
256,2.24529,99,166,"2026-06-21_ZGDAW",2.34115278363066,279,62,86.5,87.5,30.5,27,295,315,205,242,58,63,128,131,373.4,43.619436195,-80.27390237,3.8489,NA,NA,NA,25.6284
257,2.25241,103,165,"2026-06-21_ZGDAW",2.35971494643447,363,45,86.5,87.5,30.5,27,305,325,205,211,60,56,127,121,373.6,43.619481038,-80.273839086,3.89643,NA,NA,NA,25.4268
258,2.25952,102,166,"2026-06-21_ZGDAW",2.38811673114582,340,45,88.5,87.5,31.5,27,323,322,201,214,56,55,122,121,374,43.619526133,-80.27377639,3.98732,NA,NA,NA,25.1244
259,2.26662,100,166,"2026-06-21_ZGDAW",2.43344527181584,327,49,85,83.5,32,25.5,323,318,203,229,58,56,124,124,374.2,43.619571395,-80.273714867,4.0292,NA,NA,NA,24.6564
260,2.27365,98,166,"2026-06-21_ZGDAW",2.44702197425733,338,44,95,100,34.5,34,322,318,203,229,59,56,127,124,374.6,43.619615987,-80.273654768,4.35067,NA,NA,NA,24.5196
261,2.28038,98,166,"2026-06-21_ZGDAW",2.46366100024637,358,50,88,100,33.5,34,319,321,203,222,60,56,129,124,374.8,43.619658148,-80.273595927,4.13304,NA,NA,NA,24.354
262,2.2869,97,166,"2026-06-21_ZGDAW",2.5017512258581,358,50,92.5,92.5,34,30,311,321,203,222,59,56,128,124,375.2,43.619698716,-80.273537003,4.22841,NA,NA,NA,23.9832
263,2.29326,96,166,"2026-06-21_ZGDAW",2.57758531807403,353,41,86.5,86.5,30,27.5,311,323,203,231,59,52,128,121,375.4,43.61973853,-80.273479084,4.01237,NA,NA,NA,23.2776
264,2.29978,94,166,"2026-06-21_ZGDAW",2.58478081058726,319,52,87,86.5,28.5,27.5,311,321,203,229,59,52,128,121,375.6,43.619780188,-80.2734215,4.05174,NA,NA,NA,23.2128
265,2.30631,93,166,"2026-06-21_ZGDAW",2.57360510603253,366,52,87,86.5,28.5,27.5,298,319,201,219,58,55,128,120,375.8,43.61982017,-80.273361821,4.09099,NA,NA,NA,23.3136
266,2.31293,93,166,"2026-06-21_ZGDAW",2.57360510603253,381,52,89,96,28,33,307,323,201,211,59,58,127,120,376.2,43.619863672,-80.273306165,4.13656,NA,NA,NA,23.3136
267,2.31929,92,166,"2026-06-21_ZGDAW",2.6267402153927,353,50,98,91,33,28.5,315,328,208,210,59,59,125,122,376.4,43.61990466,-80.27325118,4.17013,NA,NA,NA,22.842
268,2.32564,91,166,"2026-06-21_ZGDAW",2.61151154288102,369,51,90.5,88,27.5,29,315,328,208,210,60,59,127,122,376.8,43.619947407,-80.273198541,4.23746,NA,NA,NA,22.9752
269,2.33188,91,166,"2026-06-21_ZGDAW",2.66198157908747,380,47,89,88,28.5,28,322,332,210,205,62,62,127,124,377.2,43.619986718,-80.273142802,4.5968,NA,NA,NA,22.5396
270,2.33826,90,166,"2026-06-21_ZGDAW",2.71444082519001,351,52,94.5,99.5,29,30.5,322,332,210,205,62,62,127,124,377.6,43.620027035,-80.273087816,4.65477,NA,NA,NA,22.104
271,2.3444,88,166,"2026-06-21_ZGDAW",2.73134491423577,340,52,86,88.5,26,23.5,322,330,210,207,62,60,127,125,378,43.620066011,-80.273033166,5.00906,NA,NA,NA,21.9672
272,2.35052,88,166,"2026-06-21_ZGDAW",2.78241513633834,366,52,86,88.5,26,23.5,330,328,210,207,65,59,127,124,378.2,43.620105658,-80.272981115,4.72236,NA,NA,NA,21.564
273,2.35643,87,165,"2026-06-21_ZGDAW",2.7520915896081,389,48,88.5,88.5,27,28,338,328,205,204,59,58,120,120,378.6,43.620142454,-80.272927052,5.08471,NA,NA,NA,21.8016
274,2.3625,87,165,"2026-06-21_ZGDAW",2.77777777777778,356,48,89,88.5,27,28,339,329,205,204,58,59,118,118,378.8,43.620180676,-80.272872821,5.10745,NA,NA,NA,21.6
275,2.3687,87,165,"2026-06-21_ZGDAW",2.79080151819603,371,48,99,90.5,31,23,339,329,205,210,58,60,118,121,379,43.620220993,-80.272820601,5.12375,NA,NA,NA,21.4992
276,2.37473,86,165,"2026-06-21_ZGDAW",2.79548250027955,321,48,99,90.5,31,23,340,328,204,222,59,60,124,122,379,43.620260723,-80.272770394,4.51952,NA,NA,NA,21.4632
277,2.38054,86,166,"2026-06-21_ZGDAW",2.79970883028165,361,54,94,93,30,28.5,335,328,204,222,59,60,124,122,379.2,43.620298358,-80.272719348,4.54929,NA,NA,NA,21.4308
278,2.38648,86,166,"2026-06-21_ZGDAW",2.81721884155961,361,52,94.5,98.5,29.5,32.5,335,332,204,218,59,60,124,120,379.4,43.620336914,-80.272668302,4.25607,NA,NA,NA,21.2976
279,2.39246,86,166,"2026-06-21_ZGDAW",2.77361735175015,317,52,94.5,98.5,29.5,32.5,323,329,205,226,58,60,125,121,379.8,43.620376728,-80.272617675,4.28394,NA,NA,NA,21.6324
280,2.39843,85,165,"2026-06-21_ZGDAW",2.84900284900285,323,50,93,98.5,28.5,32.5,316,326,205,218,59,60,125,122,380,43.620413441,-80.27256487,3.99199,NA,NA,NA,21.06
281,2.40437,86,165,"2026-06-21_ZGDAW",2.76075313345481,330,49,96.5,90,30,28.5,316,325,205,210,59,62,125,124,380.2,43.620451327,-80.27251198,3.67723,NA,NA,NA,21.7332
282,2.41044,87,165,"2026-06-21_ZGDAW",2.74393590165734,313,48,94,92,30.5,29,325,321,221,203,60,59,128,124,380.4,43.620489716,-80.272458419,3.67992,NA,NA,NA,21.8664
283,2.4167,88,165,"2026-06-21_ZGDAW",2.73942581634889,279,43,88,94.5,26,30,335,321,218,203,65,59,131,124,380.6,43.620528692,-80.27240335,3.32259,NA,NA,NA,21.9024
284,2.42296,88,165,"2026-06-21_ZGDAW",2.70650644148533,286,56,84,100,25.5,34.5,338,321,211,200,65,59,129,122,380.8,43.620567417,-80.272347108,3.31259,NA,NA,NA,22.1688
285,2.42914,88,165,"2026-06-21_ZGDAW",2.69425584653519,286,45,80,80.5,27,24,336,328,200,200,58,59,124,121,381,43.620609326,-80.272295475,3.31363,NA,NA,NA,22.2696
286,2.43543,89,166,"2026-06-21_ZGDAW",2.67780634104542,226,42,80,80.5,27,24,336,328,200,200,58,59,124,121,381,43.620647967,-80.272239065,3.31363,NA,NA,NA,22.4064
287,2.44185,90,165,"2026-06-21_ZGDAW",2.60742594910305,261,42,70.5,75,23,21.5,340,333,195,200,55,59,122,120,381.2,43.620686104,-80.272179805,3.28092,NA,NA,NA,23.0112
288,2.44832,92,165,"2026-06-21_ZGDAW",2.59241976460829,261,51,79,75,25,21.5,345,339,194,197,56,56,120,117,381.4,43.620724242,-80.27211912,3.25334,NA,NA,NA,23.1444
289,2.45503,94,165,"2026-06-21_ZGDAW",2.53023632407267,240,46,75.5,80,23.5,23,343,340,198,198,58,58,120,118,381.4,43.620765649,-80.272058435,2.58445,NA,NA,NA,23.7132
290,2.46163,95,166,"2026-06-21_ZGDAW",2.50890661849566,236,47,69.5,79.5,22,24,342,339,198,198,56,56,118,118,381.6,43.620808899,-80.272002025,2.55247,NA,NA,NA,23.9148
291,2.46849,96,166,"2026-06-21_ZGDAW",2.42353739518201,233,49,71,79.5,23,24,342,338,198,198,56,55,118,117,381.6,43.62085215,-80.271941004,2.21577,NA,NA,NA,24.7572
292,2.47553,98,165,"2026-06-21_ZGDAW",2.38811673114582,192,52,64.5,66.5,21,19.5,346,342,197,198,52,56,117,120,381.4,43.620897077,-80.271878978,1.60219,NA,NA,NA,25.1244
293,2.48285,101,165,"2026-06-21_ZGDAW",2.28717807968528,190,49,61.5,68,20,20.5,349,342,195,198,51,56,115,120,381.6,43.620946614,-80.271817539,1.55592,NA,NA,NA,26.2332
294,2.49046,97,165,"2026-06-21_ZGDAW",2.25255665179979,186,45,49.5,68,13,20.5,349,345,195,198,51,56,115,121,381.4,43.620994307,-80.271751154,0.973621,NA,NA,NA,26.6364
295,2.49832,85,165,"2026-06-21_ZGDAW",2.15721805160066,142,45,49.5,68,13,20.5,349,342,195,197,51,59,115,122,381.2,43.621045437,-80.271685105,0.395544,NA,NA,NA,27.8136
296,2.50637,94,165,"2026-06-21_ZGDAW",2.06987911905945,238,44,86.5,66,30,19,349,342,201,197,68,59,141,122,381,43.621097823,-80.271617714,0.147097,NA,NA,NA,28.9872
297,2.51441,98,165,"2026-06-21_ZGDAW",2.01142489339448,190,49,69,77.5,22,28,328,338,201,195,59,65,131,127,380.6,43.621149372,-80.271547558,-0.661942,NA,NA,NA,29.8296
298,2.52275,100,165,"2026-06-21_ZGDAW",1.95205746857187,197,49,67,74,23,23,339,339,198,195,55,62,121,125,380,43.621200921,-80.27147145,-1.69049,NA,NA,NA,30.7368
299,2.53167,96,165,"2026-06-21_ZGDAW",1.86448894358056,248,54,85,64.5,28,20,339,339,198,195,55,62,121,125,379.8,43.621256158,-80.271390146,-1.9147,NA,NA,NA,32.1804
300,2.54107,97,166,"2026-06-21_ZGDAW",1.77910617705665,245,56,78.5,90.5,25.5,31,343,338,197,217,56,58,122,127,379.6,43.621316423,-80.271307584,-2.4305,NA,NA,NA,33.7248
301,2.55081,100,165,"2026-06-21_ZGDAW",1.74428745857317,197,56,71.5,60,24,18,339,332,198,214,58,59,122,125,379,43.621378952,-80.2712241,-3.04651,NA,NA,NA,34.398
302,2.56061,94,166,"2026-06-21_ZGDAW",1.70120104793985,161,56,71.5,60,24,18,342,333,197,205,56,62,122,127,378.6,43.62144299,-80.271139946,-3.17059,NA,NA,NA,35.2692
303,2.57079,97,165,"2026-06-21_ZGDAW",1.66002656042497,180,47,60,60.5,19.5,20,347,339,195,200,55,68,121,135,378,43.621508956,-80.271053529,-4.0332,NA,NA,NA,36.144
304,2.58113,98,165,"2026-06-21_ZGDAW",1.61498708010336,144,50,62.5,61.5,20,18.5,352,346,197,197,58,65,122,129,377.6,43.621573413,-80.27096225,-4.15724,NA,NA,NA,37.152
305,2.59155,100,165,"2026-06-21_ZGDAW",1.58911772184083,150,48,58.5,50.5,19.5,15.5,357,349,197,195,59,63,124,128,377,43.621637618,-80.270867618,-4.4786,NA,NA,NA,37.7568
306,2.60227,102,165,"2026-06-21_ZGDAW",1.55327741534638,180,51,67,53,25,16,357,349,197,195,59,63,124,128,376.4,43.621704506,-80.270771142,-4.78985,NA,NA,NA,38.628
307,2.6132,104,164,"2026-06-21_ZGDAW",1.53723175305909,186,52,70,63,25,20,357,349,198,195,56,63,122,128,376,43.621773992,-80.270675253,-4.65831,NA,NA,NA,39.0312
308,2.62434,106,164,"2026-06-21_ZGDAW",1.50353330326267,202,53,75.5,65.5,26,20.5,352,343,200,195,52,62,121,128,375.4,43.621845741,-80.27057861,-4.47748,NA,NA,NA,39.906
309,2.63563,101,164,"2026-06-21_ZGDAW",1.48729847105717,165,53,75.5,65.5,26,20.5,350,342,201,197,53,62,121,125,375,43.621917406,-80.270480542,-4.60756,NA,NA,NA,40.3416
310,2.64695,96,164,"2026-06-21_ZGDAW",1.47375246853538,150,58,67,68,22,21,347,342,197,200,56,66,120,131,374.6,43.621989239,-80.270381635,-4.74815,NA,NA,NA,40.7124
311,2.65825,97,164,"2026-06-21_ZGDAW",1.45700381735,227,38,68,55,22.5,16.5,340,346,194,221,65,65,129,134,374.2,43.622062497,-80.27028407,-4.48612,NA,NA,NA,41.1804
312,2.66972,98,164,"2026-06-21_ZGDAW",1.431229426077,223,60,76,55,26,16.5,338,346,198,221,65,65,129,134,374,43.622135922,-80.270183738,-4.25232,NA,NA,NA,41.922
313,2.68134,99,164,"2026-06-21_ZGDAW",1.4255980383771,231,53,77,61,24.5,18.5,338,342,198,221,65,65,129,132,373.6,43.622208761,-80.270080222,-4.00717,NA,NA,NA,42.0876
314,2.69322,101,163,"2026-06-21_ZGDAW",1.40540236669759,187,51,63.5,96.5,22,33,342,342,200,224,60,63,125,129,373,43.62228403,-80.269975281,-4.12537,NA,NA,NA,42.6924
315,2.70525,101,164,"2026-06-21_ZGDAW",1.38461964498352,185,51,63.5,96.5,22,33,347,343,198,205,56,63,122,129,372.8,43.622360557,-80.269869752,-3.7158,NA,NA,NA,43.3332
316,2.71747,101,163,"2026-06-21_ZGDAW",1.36556056261095,185,50,69,62,23.5,20.5,347,346,198,201,56,79,122,142,372.6,43.622438676,-80.269762548,-3.31977,NA,NA,NA,43.938
317,2.73006,98,163,"2026-06-21_ZGDAW",1.3290802764487,182,56,73.5,63,25.5,19,347,349,200,203,60,79,125,142,372.4,43.622519813,-80.269653248,-3.11266,NA,NA,NA,45.144
318,2.74289,102,163,"2026-06-21_ZGDAW",1.29058902483093,169,56,69,54,24.5,18,354,349,203,203,62,79,127,142,372.4,43.622601621,-80.269540176,-2.57406,NA,NA,NA,46.4904
319,2.75633,102,163,"2026-06-21_ZGDAW",1.25700781858863,148,56,64,54,21,18,354,352,203,203,62,75,127,138,372,43.622686613,-80.269423835,-2.51738,NA,NA,NA,47.7324
320,2.7699,100,163,"2026-06-21_ZGDAW",1.21761153321644,135,52,62,56.5,22,17.5,0,357,203,201,65,75,127,135,371.4,43.622773114,-80.269304644,-2.60618,NA,NA,NA,49.2768
321,2.78388,103,163,"2026-06-21_ZGDAW",1.18920204542752,160,55,56.5,43.5,18.5,13.5,0,0,201,200,66,77,131,138,370.6,43.622863304,-80.269183861,-2.82444,NA,NA,NA,50.454
322,2.79819,103,163,"2026-06-21_ZGDAW",1.16063138347261,146,51,59,61.5,20,20,1,357,201,200,60,73,128,135,369.6,43.622954834,-80.269059138,-3.34889,NA,NA,NA,51.696
323,2.81283,106,162,"2026-06-21_ZGDAW",1.13124731328763,146,51,59,61.5,19.5,20,6,352,201,198,60,72,128,134,368.4,43.623049466,-80.268932404,-3.82432,NA,NA,NA,53.0388
324,2.82795,109,162,"2026-06-21_ZGDAW",1.10054587075189,138,51,59,61.5,19.5,20,6,350,203,198,69,70,132,132,367,43.623145606,-80.268800054,-4.2452,NA,NA,NA,54.5184
325,2.84324,113,162,"2026-06-21_ZGDAW",1.08323584210754,145,51,55,59.5,19,20.5,3,350,203,198,65,70,128,132,365.6,43.623241998,-80.268664435,-4.99458,NA,NA,NA,55.3896
326,2.85878,92,162,"2026-06-21_ZGDAW",1.07346816093435,24,47,45,66.5,13,23.5,3,346,203,198,65,76,128,138,363.8,43.623341659,-80.268527474,-5.98922,NA,NA,NA,55.8936
327,2.87448,75,161,"2026-06-21_ZGDAW",1.07798115688938,0,0,0,0,0,0,0,0,0,0,0,0,0,0,362.4,43.623441487,-80.268391436,-6.72208,NA,NA,NA,55.6596
328,2.88981,75,161,"2026-06-21_ZGDAW",1.0878315166547,0,100,0,0,0,0,0,0,0,0,0,0,0,0,361.2,43.623540059,-80.268257912,-7.50486,NA,NA,NA,55.1556
329,2.90509,68,161,"2026-06-21_ZGDAW",1.10948386810456,0,100,0,0,0,0,0,0,0,0,0,0,0,0,360.4,43.62363645,-80.268123718,-7.7308,NA,NA,NA,54.0792
330,2.92016,99,161,"2026-06-21_ZGDAW",1.12910146105729,45,33,100,44.5,0,0,347,0,177,179,55,62,115,121,360.2,43.623732591,-80.267992374,-7.42136,NA,NA,NA,53.1396
331,2.93486,111,162,"2026-06-21_ZGDAW",1.14500320600898,162,33,100,44.5,0,0,347,0,177,179,55,62,115,121,360,43.623827809,-80.267865807,-6.98517,NA,NA,NA,52.4016
332,2.94918,109,161,"2026-06-21_ZGDAW",1.17594487170441,191,33,100,44.5,0,0,347,0,177,179,55,62,115,121,359.8,43.623919256,-80.26774209,-6.42602,NA,NA,NA,51.0228
333,2.96322,106,161,"2026-06-21_ZGDAW",1.18683092406656,273,33,0,0,0,0,347,0,177,179,55,62,115,121,359.8,43.624008691,-80.267618708,-5.60635,NA,NA,NA,50.5548
334,2.97714,104,160,"2026-06-21_ZGDAW",1.2134449702706,282,33,0,0,0,0,0,0,0,179,0,62,0,121,359.6,43.62409779,-80.26749759,-4.8241,NA,NA,NA,49.446
335,2.99083,104,160,"2026-06-21_ZGDAW",1.22684333210649,309,54,74.5,76,24,22.5,333,343,203,205,58,66,128,129,359.4,43.624186136,-80.267378148,-4.05456,NA,NA,NA,48.906
336,3.00449,102,159,"2026-06-21_ZGDAW",1.2404485461943,309,52,89.5,72.5,31,22.5,329,340,203,207,59,63,128,128,359.2,43.624273978,-80.267259125,-3.04268,NA,NA,NA,48.3696
337,3.01795,100,159,"2026-06-21_ZGDAW",1.27226463104326,306,50,76.5,82,25.5,28,318,338,205,212,65,65,134,131,359.4,43.624359306,-80.267142197,-2.00237,NA,NA,NA,47.16
338,3.03079,98,159,"2026-06-21_ZGDAW",1.31150981009338,280,50,76.5,82,25.5,28,323,335,201,211,65,66,132,132,359.6,43.624441868,-80.267030718,-1.06382,NA,NA,NA,45.7488
339,3.04325,100,160,"2026-06-21_ZGDAW",1.36556056261095,221,51,76.5,83,23,25,335,343,198,205,62,65,128,132,360.2,43.624520657,-80.26692234,-0.0587237,NA,NA,NA,43.938
340,3.05507,110,160,"2026-06-21_ZGDAW",1.4290205493155,303,53,75.5,51,25.5,15.5,335,345,203,208,49,63,121,129,361,43.624594167,-80.266818069,0.750809,NA,NA,NA,41.9868
341,3.06613,113,160,"2026-06-21_ZGDAW",1.49853143918959,451,57,99,64,35.5,21,312,345,214,208,46,63,122,129,361.8,43.62466382,-80.266718576,1.61019,NA,NA,NA,40.0392
342,3.07667,107,159,"2026-06-21_ZGDAW",1.63126814785815,426,47,92,98,32,35.5,312,335,214,233,46,56,122,125,362.8,43.624728948,-80.266625621,2.69862,NA,NA,NA,36.7812
343,3.08624,108,159,"2026-06-21_ZGDAW",1.72747374239912,281,52,95.5,98,33.5,35.5,298,325,212,232,52,56,125,127,363.8,43.624791896,-80.266542891,3.74355,NA,NA,NA,34.7328
344,3.09543,105,159,"2026-06-21_ZGDAW",1.83573815031024,485,49,100,91,41,29.5,298,325,208,217,53,62,125,131,365,43.624851491,-80.266464269,5.193,NA,NA,NA,32.6844
345,3.1043,101,160,"2026-06-21_ZGDAW",1.90825127852836,541,50,100,91,41,29.5,298,325,208,217,53,62,125,131,366.2,43.624908823,-80.266387658,6.69197,NA,NA,NA,31.4424
346,3.11292,96,159,"2026-06-21_ZGDAW",1.93730869076679,567,50,99.5,91,33.5,29.5,298,0,208,357,53,0,125,357,367.2,43.624967078,-80.266316496,7.99847,NA,NA,NA,30.9708
347,3.12101,93,159,"2026-06-21_ZGDAW",2.0555829633284,470,50,100,99.5,34.5,34.5,298,0,208,357,53,0,125,357,368,43.625019381,-80.266246339,8.83876,NA,NA,NA,29.1888
348,3.12901,103,158,"2026-06-21_ZGDAW",2.14693632186869,306,52,99.5,99.5,33,34.5,298,326,208,212,53,68,125,136,368.6,43.62506984,-80.26617744,9.433,NA,NA,NA,27.9468
349,3.13675,102,158,"2026-06-21_ZGDAW",2.17296827466319,393,46,96.5,99.5,36,34.5,311,333,205,211,45,70,115,138,369.2,43.625118622,-80.266108289,9.72665,NA,NA,NA,27.612
350,3.1443,100,158,"2026-06-21_ZGDAW",2.2242982339072,326,43,89.5,97,33.5,32,293,326,208,228,46,60,120,128,369.6,43.625166064,-80.266041067,9.57963,NA,NA,NA,26.9748
351,3.15182,99,158,"2026-06-21_ZGDAW",2.255299954894,409,49,87.5,99,30,33,300,314,204,228,51,55,122,122,370,43.625212248,-80.265974011,9.38822,NA,NA,NA,26.604
352,3.15924,98,159,"2026-06-21_ZGDAW",2.24406444953099,368,52,94,91.5,31.5,28.5,312,322,205,214,58,56,125,122,370.4,43.625257511,-80.265905783,8.97854,NA,NA,NA,26.7372
353,3.16661,98,159,"2026-06-21_ZGDAW",2.26111337222448,333,52,94,91.5,31.5,28.5,314,328,207,210,58,56,124,121,370.6,43.625304449,-80.265840236,8.20497,NA,NA,NA,26.5356
354,3.17407,97,158,"2026-06-21_ZGDAW",2.29284174806255,355,49,85,92.5,29,30,319,328,204,210,59,56,125,121,371.2,43.625350717,-80.265774438,7.7035,NA,NA,NA,26.1684
355,3.18136,97,159,"2026-06-21_ZGDAW",2.28123003923716,290,45,86.5,85,32,26,319,329,204,229,59,56,125,122,371.4,43.625395309,-80.265707886,6.62497,NA,NA,NA,26.3016
356,3.1887,97,159,"2026-06-21_ZGDAW",2.23563603845294,356,46,77,99,28.5,34.5,319,322,204,236,59,62,125,128,371.6,43.62543923,-80.26563949,5.73736,NA,NA,NA,26.838
357,3.19615,98,159,"2026-06-21_ZGDAW",2.2242982339072,278,45,81,78.5,28,24,328,323,201,222,60,60,128,127,371.6,43.625487091,-80.265575117,4.74848,NA,NA,NA,26.9748
358,3.2037,99,159,"2026-06-21_ZGDAW",2.18895017949391,269,47,77,76.5,25.5,23.5,333,330,198,204,55,56,120,121,371.6,43.6255347,-80.26550781,3.99848,NA,NA,NA,27.4104
359,3.21148,100,159,"2026-06-21_ZGDAW",2.11882362912111,260,46,74.5,75.5,25.5,23.5,336,330,197,204,51,56,117,121,371.6,43.625584489,-80.265438827,3.22329,NA,NA,NA,28.3176
360,3.21952,102,160,"2026-06-21_ZGDAW",2.07710202725158,287,56,83,79,31.5,25,335,335,197,204,53,56,120,121,371.6,43.625636624,-80.265369509,2.69349,NA,NA,NA,28.8864
361,3.22776,105,160,"2026-06-21_ZGDAW",2.00465078983241,291,43,83,79,31.5,25,332,326,197,221,51,55,118,122,371.2,43.62568834,-80.265295077,1.67613,NA,NA,NA,29.9304
362,3.23634,107,160,"2026-06-21_ZGDAW",1.96935680806649,234,43,71.5,79,24.5,25,339,325,197,217,51,56,115,124,371.2,43.625741314,-80.265218383,1.13705,NA,NA,NA,30.4668
363,3.24521,103,161,"2026-06-21_ZGDAW",1.88814621804313,248,50,72.5,73.5,24.5,22.5,339,325,197,217,51,56,115,124,371,43.625797054,-80.265139928,0.640201,NA,NA,NA,31.7772
364,3.25412,107,161,"2026-06-21_ZGDAW",1.85102917221975,309,50,84,97.5,30.5,36,336,333,193,221,51,66,117,136,370.8,43.625854218,-80.265062563,-0.388555,NA,NA,NA,32.4144
365,3.26344,108,161,"2026-06-21_ZGDAW",1.80433762765689,234,41,73,82,25.5,29,335,332,197,210,52,59,121,128,370.6,43.625913646,-80.264981343,-0.877496,NA,NA,NA,33.2532
366,3.273,101,161,"2026-06-21_ZGDAW",1.77022481855196,258,63,85,82,33,29,338,332,200,204,53,58,121,125,370.2,43.625974834,-80.264898697,-1.56839,NA,NA,NA,33.894
367,3.28261,103,161,"2026-06-21_ZGDAW",1.72747374239912,304,37,69,82,23.5,29,332,332,197,222,53,62,120,132,370,43.626036357,-80.264814627,-1.7765,NA,NA,NA,34.7328
368,3.29237,104,160,"2026-06-21_ZGDAW",1.7125633648445,205,50,66.5,97.5,21,37,328,323,195,229,55,63,121,132,369.8,43.626097042,-80.264727622,-1.98142,NA,NA,NA,35.0352
369,3.30236,103,160,"2026-06-21_ZGDAW",1.68027690963471,181,50,66.5,97.5,21,37,342,330,203,201,58,58,121,120,369.6,43.626158314,-80.264637601,-2.18162,NA,NA,NA,35.7084
370,3.31278,96,161,"2026-06-21_ZGDAW",1.623798389192,238,49,73,66.5,25,21.5,346,323,224,193,65,49,132,113,369.2,43.626223106,-80.264545065,-2.5655,NA,NA,NA,36.9504
371,3.3232,100,161,"2026-06-21_ZGDAW",1.59063434497678,288,58,96.5,73,38,21.5,346,323,224,193,65,49,132,113,369,43.626287814,-80.264451439,-2.272,NA,NA,NA,37.7208
372,3.33386,103,161,"2026-06-21_ZGDAW",1.53723175305909,194,46,72.5,98,24.5,34,346,328,224,210,65,56,132,120,368.4,43.626356546,-80.26435731,-2.83485,NA,NA,NA,39.0312
373,3.34503,98,161,"2026-06-21_ZGDAW",1.49222550511833,181,48,63.5,67,18.5,21.5,342,336,198,205,55,62,122,125,367.8,43.626427373,-80.264259409,-3.14652,NA,NA,NA,40.2084
374,3.35659,98,161,"2026-06-21_ZGDAW",1.44638259712459,263,48,66.5,58.5,22,18.5,345,340,195,204,52,66,115,127,366.8,43.626499625,-80.264157485,-3.78711,NA,NA,NA,41.4828
375,3.36836,97,161,"2026-06-21_ZGDAW",1.39985441514083,263,44,68,97.5,22,33,339,340,197,204,55,66,120,127,365.8,43.626576068,-80.264055813,-4.42214,NA,NA,NA,42.8616
376,3.38044,102,161,"2026-06-21_ZGDAW",1.35523391337345,239,44,68,97.5,22,33,338,340,197,219,53,66,120,129,364.8,43.626655612,-80.263952296,-4.83154,NA,NA,NA,44.2728
377,3.39299,103,161,"2026-06-21_ZGDAW",1.33397364068086,154,53,64,73.5,19,22,0,342,357,201,0,66,357,127,363.8,43.626735072,-80.263842829,-5.42024,NA,NA,NA,44.9784
378,3.40578,97,161,"2026-06-21_ZGDAW",1.29721876297219,72,86,64,63.5,18.5,20,0,342,357,191,0,63,357,121,363.2,43.626816293,-80.263729673,-5.68443,NA,NA,NA,46.2528
379,3.41907,101,161,"2026-06-21_ZGDAW",1.25350982751705,85,24,100,43,0,13.5,357,335,194,177,49,56,113,113,362.4,43.626901286,-80.263613751,-6.08619,NA,NA,NA,47.8656
380,3.43259,99,162,"2026-06-21_ZGDAW",1.21265036864571,108,58,49,32.5,15,11,1,330,191,169,49,48,111,107,361.6,43.626987535,-80.263493722,-6.29403,NA,NA,NA,49.4784
381,3.44701,104,161,"2026-06-21_ZGDAW",1.16289887431389,140,54,45,40.5,14.5,13,3,345,194,184,53,59,118,121,360.8,43.627078311,-80.263365731,-6.65688,NA,NA,NA,51.5952
382,3.46182,107,161,"2026-06-21_ZGDAW",1.13409544547269,203,51,61.5,55,19,17.5,3,345,200,184,59,59,124,121,359.8,43.627173027,-80.263236985,-6.76924,NA,NA,NA,52.9056
383,3.47688,109,160,"2026-06-21_ZGDAW",1.1163953825887,180,51,61.5,55,19,17.5,1,352,201,194,63,72,127,135,358.6,43.627268581,-80.263106311,-7.0289,NA,NA,NA,53.7444
384,3.49213,111,160,"2026-06-21_ZGDAW",1.09923932638614,164,54,56,53.5,17.5,16.5,1,352,200,197,60,72,121,135,357.4,43.627365056,-80.262972703,-6.95074,NA,NA,NA,54.5832
385,3.50736,112,160,"2026-06-21_ZGDAW",1.10463061152351,165,55,56,52.5,17,17.5,1,349,200,197,60,70,121,132,356.2,43.627458766,-80.262836497,-6.88904,NA,NA,NA,54.3168
386,3.52227,112,160,"2026-06-21_ZGDAW",1.1108148938061,149,52,55.5,52.5,16.5,17.5,0,347,200,198,56,70,117,134,355.4,43.627552643,-80.262702638,-6.59778,NA,NA,NA,54.0144
387,3.53726,102,160,"2026-06-21_ZGDAW",1.12339354722746,38,57,52.5,54.5,18,18.5,1,345,200,191,60,65,121,127,354.6,43.627646101,-80.262568696,-6.33465,NA,NA,NA,53.4096
388,3.55223,101,160,"2026-06-21_ZGDAW",1.127649977447,108,57,52.5,48,0,15,349,339,179,179,51,52,113,113,354.4,43.627740985,-80.262437184,-5.99914,NA,NA,NA,53.208
389,3.56689,101,161,"2026-06-21_ZGDAW",1.14131799401949,138,62,56.5,4,18,1,353,339,183,179,48,52,114,113,354.8,43.627833688,-80.262308018,-5.12433,NA,NA,NA,52.5708
390,3.58167,100,161,"2026-06-21_ZGDAW",1.13695795529481,190,57,69.5,36.5,22.5,12,356,357,194,193,53,68,121,129,355,43.627928823,-80.26218053,-4.39729,NA,NA,NA,52.7724
391,3.59621,100,161,"2026-06-21_ZGDAW",1.14792111486099,244,57,69.5,36.5,22.5,12,347,357,200,193,60,68,127,129,354.8,43.628022365,-80.262054717,-3.98006,NA,NA,NA,52.2684
392,3.61061,99,160,"2026-06-21_ZGDAW",1.16746053983375,245,52,73,36.5,24,12,347,350,200,204,60,69,127,134,354.6,43.628112973,-80.261926977,-3.44373,NA,NA,NA,51.3936
393,3.62501,98,161,"2026-06-21_ZGDAW",1.1713167943402,261,49,78.5,66,27,20,340,347,201,204,63,68,129,132,354.2,43.628204923,-80.261801919,-2.9247,NA,NA,NA,51.2244
394,3.63922,97,161,"2026-06-21_ZGDAW",1.17669208321566,263,51,77,78,24,22.5,338,340,204,205,68,69,132,134,353.6,43.62829595,-80.261677867,-2.56005,NA,NA,NA,50.9904
395,3.65323,97,160,"2026-06-21_ZGDAW",1.18446923933385,274,46,77,70,26.5,22,335,338,203,219,69,66,134,131,353,43.62838681,-80.261557,-2.20039,NA,NA,NA,50.6556
396,3.66718,97,160,"2026-06-21_ZGDAW",1.19158266008913,261,48,80,79.5,27.5,24,332,333,203,226,70,66,134,131,352.8,43.628477167,-80.261436887,-1.80721,NA,NA,NA,50.3532
397,3.6812,96,160,"2026-06-21_ZGDAW",1.1876766669042,261,50,86.5,79.5,30,24,333,336,203,224,70,68,134,131,352.4,43.628566854,-80.261314595,-1.55883,NA,NA,NA,50.5188
398,3.69538,96,161,"2026-06-21_ZGDAW",1.18446923933385,320,51,81.5,97.5,26,34,328,336,203,224,66,68,132,131,352.2,43.62865654,-80.261190711,-1.56627,NA,NA,NA,50.6556
399,3.70929,96,161,"2026-06-21_ZGDAW",1.19560019129603,303,51,81.5,97.5,26,34,322,336,200,231,59,62,124,129,352,43.628747316,-80.261070514,-1.9829,NA,NA,NA,50.184
400,3.72307,95,161,"2026-06-21_ZGDAW",1.21761153321644,272,46,79,83.5,26.5,25.5,321,335,198,229,62,62,125,128,352,43.628838092,-80.260953419,-2.11822,NA,NA,NA,49.2768
401,3.73665,94,161,"2026-06-21_ZGDAW",1.23786888492771,275,50,83.5,83.5,28.5,25.5,321,335,198,229,62,62,125,128,351.8,43.628926186,-80.260837078,-2.12795,NA,NA,NA,48.4704
402,3.74992,92,160,"2026-06-21_ZGDAW",1.25350982751705,274,51,80,96.5,28,33,323,342,200,224,66,63,132,129,351.8,43.62901143,-80.260721073,-1.98906,NA,NA,NA,47.8656
403,3.76331,92,161,"2026-06-21_ZGDAW",1.26588688034837,257,48,81,96.5,27,33,329,340,198,218,63,63,127,127,352,43.629096171,-80.260604229,-1.56191,NA,NA,NA,47.3976
404,3.77627,91,160,"2026-06-21_ZGDAW",1.2990387113536,257,52,81.5,81.5,26.5,23.5,330,345,198,205,62,66,125,128,352,43.629179152,-80.260491576,-1.13968,NA,NA,NA,46.188
405,3.78912,96,160,"2026-06-21_ZGDAW",1.31440588853838,220,54,83,71.5,28,21.5,329,345,195,205,59,66,124,128,352,43.629262384,-80.260380516,-0.711411,NA,NA,NA,45.648
406,3.80181,94,160,"2026-06-21_ZGDAW",1.3290802764487,227,54,83,71.5,28,21.5,329,347,195,201,59,68,124,131,352.4,43.629343772,-80.260269707,-0.252833,NA,NA,NA,45.144
407,3.81442,95,159,"2026-06-21_ZGDAW",1.34810860362911,184,50,83,71.5,28,21.5,322,342,197,197,58,62,124,125,352.4,43.629423903,-80.260160072,0.0324734,NA,NA,NA,44.5068
408,3.82671,98,159,"2026-06-21_ZGDAW",1.37615941430655,224,66,75.5,68.5,24,19.5,342,343,198,197,62,62,125,127,352.8,43.629502274,-80.260052951,0.498985,NA,NA,NA,43.5996
409,3.83873,97,159,"2026-06-21_ZGDAW",1.39330100874993,260,54,83.5,68.5,29.5,29,340,347,198,200,58,66,122,134,353.2,43.629579555,-80.259946669,0.975545,NA,NA,NA,43.0632
410,3.85083,97,159,"2026-06-21_ZGDAW",1.40753877769333,238,52,83.5,74,29,24,326,347,198,200,58,66,122,134,353.6,43.62965801,-80.25984332,1.30612,NA,NA,NA,42.6276
411,3.86251,95,159,"2026-06-21_ZGDAW",1.45700381735,238,51,74,74,23.5,24,326,343,198,201,58,65,122,131,353.8,43.629732944,-80.259743156,1.62463,NA,NA,NA,41.1804
412,3.87366,96,159,"2026-06-21_ZGDAW",1.49974504334263,179,51,74,74,23.5,24,328,346,198,204,58,66,121,129,354.2,43.629804442,-80.25964601,1.98338,NA,NA,NA,40.0068
413,3.88432,95,159,"2026-06-21_ZGDAW",1.56966158096314,162,53,70.5,74,22.5,24,343,347,198,201,58,66,121,129,354.6,43.629870994,-80.259551713,2.20925,NA,NA,NA,38.2248
414,3.89474,111,159,"2026-06-21_ZGDAW",1.61498708010336,217,9,2,70,0.5,23.5,349,347,197,198,59,63,122,127,355,43.629937965,-80.259461021,2.59312,NA,NA,NA,37.152
415,3.90489,114,158,"2026-06-21_ZGDAW",1.66783415057207,293,45,82.5,55.5,28.5,13,349,340,200,190,55,55,121,115,355.4,43.63000259,-80.259373011,2.98721,NA,NA,NA,35.9748
416,3.91423,107,158,"2026-06-21_ZGDAW",1.79888469149128,250,56,78,72,26,21.5,338,336,201,195,52,56,118,120,356.2,43.630060509,-80.259288773,3.52853,NA,NA,NA,33.354
417,3.92286,107,158,"2026-06-21_ZGDAW",1.93933752230238,207,51,78,69.5,27.5,23.5,333,332,200,195,51,60,118,122,356.8,43.630116416,-80.259211995,4.22378,NA,NA,NA,30.9384
418,3.93133,106,159,"2026-06-21_ZGDAW",2.07219528368353,207,54,81,60.5,34,13.5,333,335,200,201,56,55,124,121,357.8,43.630171737,-80.259140162,5.07895,NA,NA,NA,28.9548
419,3.93916,103,159,"2026-06-21_ZGDAW",2.25804994806485,364,45,90,98,30.5,39,321,335,198,201,58,55,129,121,358.6,43.630221693,-80.259075118,5.76789,NA,NA,NA,26.5716
420,3.94597,106,159,"2026-06-21_ZGDAW",2.46038775711052,187,45,90,98,30.5,39,321,329,198,218,58,55,129,127,359.4,43.630266117,-80.259017451,6.61205,NA,NA,NA,24.3864
421,3.95217,109,158,"2026-06-21_ZGDAW",2.68211565282695,360,58,83.5,98,31.5,39,321,335,201,205,45,59,113,125,360.2,43.630305428,-80.258962885,7.73114,NA,NA,NA,22.3704
422,3.95781,103,158,"2026-06-21_ZGDAW",2.9671829565011,260,44,86,100,29.5,39,305,335,210,205,45,59,115,125,360.8,43.630341386,-80.258912929,8.43622,NA,NA,NA,20.2212
423,3.96311,107,158,"2026-06-21_ZGDAW",3.27118089630357,398,55,95,79.5,35.5,22,305,325,210,200,45,58,115,121,361.6,43.630375417,-80.258867918,9.57042,NA,NA,NA,18.342
424,3.9679,107,159,"2026-06-21_ZGDAW",3.53032549601073,372,45,86,79.5,31,22,297,325,204,200,41,58,114,121,362.2,43.630405759,-80.258826511,10.4392,NA,NA,NA,16.9956
425,3.97229,97,159,"2026-06-21_ZGDAW",3.79218809252939,372,47,88,99,31,36.5,297,311,204,228,41,48,114,118,362.8,43.630432414,-80.258786781,11.4118,NA,NA,NA,15.822
426,3.97632,93,159,"2026-06-21_ZGDAW",4.09701737135365,366,76,89,84,29.5,23,297,311,204,228,41,48,114,118,363.4,43.630457979,-80.258749649,12.0441,NA,NA,NA,14.6448
427,3.98011,96,159,"2026-06-21_ZGDAW",4.3675751222921,445,46,95,84,32,23,297,316,204,236,41,53,114,121,364,43.630483543,-80.258715535,12.932,NA,NA,NA,13.7376
428,3.98421,93,158,"2026-06-21_ZGDAW",4.44325957522438,429,46,95,84,32,23,309,316,212,236,46,53,118,121,364.4,43.630509192,-80.258681337,12.7269,NA,NA,NA,13.5036
429,3.98796,91,158,"2026-06-21_ZGDAW",4.44325957522438,472,48,95,84,32,23,305,316,217,236,48,53,121,121,364.8,43.630532829,-80.258648731,12.7719,NA,NA,NA,13.5036
430,3.99157,89,158,"2026-06-21_ZGDAW",4.52161331162959,424,49,99.5,99.5,35.5,35,300,321,224,245,49,63,122,132,365,43.630555376,-80.258617215,12.1512,NA,NA,NA,13.2696
431,3.99505,89,158,"2026-06-21_ZGDAW",4.4996400287977,462,47,97.5,99.5,33.5,32.5,300,315,232,243,51,59,122,128,365.4,43.630577085,-80.258584945,12.0103,NA,NA,NA,13.3344
432,3.99856,88,159,"2026-06-21_ZGDAW",4.48752468138575,462,48,99,96,34,32,301,314,240,246,51,53,122,122,365.8,43.63060198,-80.258555524,12.0861,NA,NA,NA,13.3704
433,4.00216,89,158,"2026-06-21_ZGDAW",4.54504135987638,485,46,98.5,99.5,33.5,31.5,302,314,248,246,52,53,122,122,366,43.630625449,-80.258524008,11.1322,NA,NA,NA,13.2012
434,4.00595,89,158,"2026-06-21_ZGDAW",4.510599909788,465,49,99,99,34,32.5,302,312,248,253,52,51,122,120,366.4,43.630649589,-80.258490481,10.935,NA,NA,NA,13.302
435,4.00969,89,158,"2026-06-21_ZGDAW",4.54504135987638,481,49,99,99,34,32.5,304,312,250,253,53,51,122,120,366.8,43.630674818,-80.258458797,10.6377,NA,NA,NA,13.2012
436,4.01327,87,158,"2026-06-21_ZGDAW",4.76326569496046,430,47,99,99,34,32.5,304,312,250,255,53,48,122,117,367,43.630694767,-80.258424012,9.70758,NA,NA,NA,12.5964
437,4.01692,84,159,"2026-06-21_ZGDAW",4.88042947779405,413,46,99,99,34,32.5,304,314,250,257,53,49,122,118,367.4,43.630717315,-80.258391993,9.22035,NA,NA,NA,12.294
438,4.02065,84,158,"2026-06-21_ZGDAW",4.80169019494862,471,49,0,0,0,0,314,314,228,257,56,49,124,118,367.8,43.630738856,-80.258358298,9.31713,NA,NA,NA,12.4956
439,4.02412,85,158,"2026-06-21_ZGDAW",4.81417292509147,471,49,100,99.5,34.5,32,314,314,228,257,56,49,124,118,368.2,43.630760817,-80.258328291,9.4032,NA,NA,NA,12.4632
440,4.02746,84,159,"2026-06-21_ZGDAW",4.7254512805973,418,49,99,100,32,35.5,314,309,228,264,56,49,124,117,368.4,43.630782107,-80.258296859,9.44799,NA,NA,NA,12.6972
441,4.03103,83,159,"2026-06-21_ZGDAW",4.93388592855733,431,48,98,99.5,32.5,33.5,316,0,246,357,56,0,122,357,368.8,43.630803648,-80.258264504,9.41901,NA,NA,NA,12.1608
442,4.03449,82,159,"2026-06-21_ZGDAW",4.94853523357086,418,48,98,99.5,32.5,33.5,314,308,248,266,58,48,124,115,369,43.63082762,-80.258235838,8.85744,NA,NA,NA,12.1248
443,4.03805,83,160,"2026-06-21_ZGDAW",4.94853523357086,440,50,94.5,99.5,30.5,33.5,319,304,233,259,59,51,125,117,369.2,43.630850587,-80.258205244,8.86368,NA,NA,NA,12.1248
444,4.04163,82,160,"2026-06-21_ZGDAW",4.7254512805973,425,48,95.5,96.5,30.5,29,322,307,222,252,60,53,125,118,369.6,43.630874894,-80.25817507,8.92559,NA,NA,NA,12.6972
445,4.04523,83,160,"2026-06-21_ZGDAW",4.77554918815664,428,48,99.5,96.5,33,29,322,307,222,252,60,53,125,118,369.8,43.630899202,-80.258146236,8.41163,NA,NA,NA,12.564
446,4.04888,84,160,"2026-06-21_ZGDAW",4.82811896485129,421,47,90,99,28.5,33.5,328,307,214,252,59,53,125,118,370.2,43.630923258,-80.258117234,8.94886,NA,NA,NA,12.4272
447,4.05232,84,161,"2026-06-21_ZGDAW",4.96179418477722,413,49,93,95.5,29,29,333,321,208,226,58,56,124,120,370.4,43.63094723,-80.258090915,8.43437,NA,NA,NA,12.0924
448,4.05585,83,161,"2026-06-21_ZGDAW",4.88042947779405,390,45,90,94.5,29,29.5,333,321,208,226,58,56,124,120,370.6,43.630969694,-80.258061662,7.92855,NA,NA,NA,12.294
449,4.05923,82,161,"2026-06-21_ZGDAW",4.80169019494862,413,47,90,94.5,29,29.5,336,326,207,210,55,53,121,117,371,43.630991738,-80.258032829,7.95925,NA,NA,NA,12.4956
450,4.06259,83,162,"2026-06-21_ZGDAW",4.82811896485129,376,47,96,98,29.5,29.5,338,316,210,205,58,58,122,121,371.4,43.631013447,-80.258004917,8.55092,NA,NA,NA,12.4272
451,4.06589,82,162,"2026-06-21_ZGDAW",4.88042947779405,376,48,86,98,27,30.5,339,308,211,203,60,56,125,120,371.6,43.631035827,-80.257976167,8.03653,NA,NA,NA,12.294
452,4.06958,82,163,"2026-06-21_ZGDAW",4.88042947779405,344,45,86,98,27,30.5,342,312,207,191,60,49,127,110,372,43.631059967,-80.257946579,8.54251,NA,NA,NA,12.294
453,4.073,81,163,"2026-06-21_ZGDAW",4.77554918815664,347,46,95.5,86.5,30,25.5,345,319,212,193,59,51,125,111,372.2,43.631087376,-80.257924618,8.56551,NA,NA,NA,12.564
454,4.07637,82,164,"2026-06-21_ZGDAW",4.59136822773186,247,47,72.5,92.5,22,29.5,343,332,204,195,55,51,121,114,372.4,43.631118472,-80.257911626,8.04166,NA,NA,NA,13.068
455,4.07998,85,164,"2026-06-21_ZGDAW",4.15420405450316,200,42,72.5,92.5,22,29.5,343,332,204,195,55,51,121,114,372.4,43.631153928,-80.257914811,7.4861,NA,NA,NA,14.4432
456,4.08437,95,164,"2026-06-21_ZGDAW",3.83318000613309,148,50,65,62,21,17.5,345,342,190,194,51,49,114,115,372.4,43.631192233,-80.257933252,6.39021,NA,NA,NA,15.6528
457,4.08932,98,165,"2026-06-21_ZGDAW",3.5650623885918,104,50,29,54,6.5,16,346,346,187,190,48,53,111,117,372.4,43.631230622,-80.257963594,5.80882,NA,NA,NA,16.83
458,4.0947,84,164,"2026-06-21_ZGDAW",3.16135558927668,135,50,29,54,6.5,16,349,0,186,0,48,0,110,0,372.2,43.631267084,-80.258006761,4.8705,NA,NA,NA,18.9792
459,4.10049,86,164,"2026-06-21_ZGDAW",2.84414106939704,203,52,79.5,54,24.5,16,350,332,184,174,53,41,115,100,372,43.631303461,-80.25805831,3.34164,NA,NA,NA,21.096
460,4.10683,91,164,"2026-06-21_ZGDAW",2.61519953972488,221,57,78,73,27,22.5,347,339,191,187,55,49,117,111,371.8,43.631344784,-80.258112289,1.83571,NA,NA,NA,22.9428
461,4.11337,100,164,"2026-06-21_ZGDAW",2.51952632905014,258,48,75.5,83.5,27,27.5,343,339,197,187,53,49,117,111,371.6,43.631387364,-80.258168196,0.92384,NA,NA,NA,23.814
462,4.12051,94,164,"2026-06-21_ZGDAW",2.36910684671879,127,70,64.5,65,23,19.5,343,339,197,187,53,49,117,111,371.4,43.631430866,-80.258231647,-0.440283,NA,NA,NA,25.326
463,4.12768,90,164,"2026-06-21_ZGDAW",2.24678709445493,209,47,93,65,31.5,19.5,340,339,194,193,49,53,114,117,371,43.631476883,-80.25829426,-1.58296,NA,NA,NA,26.7048
464,4.13542,96,164,"2026-06-21_ZGDAW",2.11398613225097,215,52,70.5,97,23.5,31,338,336,193,188,44,51,110,114,370.6,43.631525246,-80.258363076,-2.69323,NA,NA,NA,28.3824
465,4.14338,101,164,"2026-06-21_ZGDAW",2.01385532463348,171,49,70.5,97,23.5,31,340,338,197,191,51,58,115,120,370.4,43.631575286,-80.258434322,-2.94448,NA,NA,NA,29.7936
466,4.1517,98,165,"2026-06-21_ZGDAW",1.94567670635847,163,49,66.5,97,20.5,31,345,339,194,190,53,55,115,120,370,43.631627086,-80.258509591,-3.42525,NA,NA,NA,30.8376
467,4.16053,100,165,"2026-06-21_ZGDAW",1.88622302701071,155,52,62,97,20.5,31,347,333,194,181,55,48,117,113,369.8,43.631681317,-80.258589555,-3.65175,NA,NA,NA,31.8096
468,4.16959,82,165,"2026-06-21_ZGDAW",1.82448458310527,76,19,13.5,58.5,3.5,19,354,333,195,181,56,48,121,113,369.4,43.631737979,-80.258671111,-3.72151,NA,NA,NA,32.886
469,4.17906,92,164,"2026-06-21_ZGDAW",1.7773985994099,160,34,44,48.5,16.5,12.5,354,338,195,177,56,51,121,115,369.2,43.63179749,-80.258754846,-3.58728,NA,NA,NA,33.7572
470,4.18873,99,164,"2026-06-21_ZGDAW",1.74264603373763,179,59,70,67.5,24.5,21,3,345,197,183,68,53,129,117,368.8,43.631858511,-80.258839419,-3.68547,NA,NA,NA,34.4304
471,4.19859,94,164,"2026-06-21_ZGDAW",1.67252048837598,248,44,75,61,25.5,13.5,357,345,195,183,69,53,135,117,368.4,43.631920369,-80.258927681,-3.78534,NA,NA,NA,35.874
472,4.20889,97,163,"2026-06-21_ZGDAW",1.62095571548985,274,57,84,98,28.5,37,343,346,195,218,58,69,124,135,368,43.631985916,-80.25901787,-3.89358,NA,NA,NA,37.0152
473,4.21942,100,163,"2026-06-21_ZGDAW",1.58639507582968,288,57,84,98,28.5,37,335,339,198,219,53,63,118,129,367.8,43.632052468,-80.259110071,-3.52563,NA,NA,NA,37.8216
474,4.23025,102,163,"2026-06-21_ZGDAW",1.53186274509804,248,46,72.5,88,24,29.5,335,339,200,219,53,63,120,129,367.4,43.632120697,-80.259206211,-3.37818,NA,NA,NA,39.168
475,4.24112,105,164,"2026-06-21_ZGDAW",1.52933259925369,290,45,84.5,66.5,31.5,22,332,332,203,225,52,60,121,129,367,43.632191272,-80.259298831,-3.49491,NA,NA,NA,39.2328
476,4.25199,106,163,"2026-06-21_ZGDAW",1.51116752803216,225,52,65,64,21,22,342,332,203,225,55,60,124,129,366.8,43.632259752,-80.259396313,-3.19813,NA,NA,NA,39.7044
477,4.26304,106,164,"2026-06-21_ZGDAW",1.5188796743522,213,52,66,64,22,22,342,332,203,225,55,60,124,129,366.6,43.632329574,-80.259492369,-3.15263,NA,NA,NA,39.5028
478,4.2742,107,164,"2026-06-21_ZGDAW",1.49222550511833,284,50,83,72,29.5,22.5,346,332,201,225,55,60,125,129,366.2,43.632399311,-80.259591946,-3.06955,NA,NA,NA,40.2084
479,4.28526,108,163,"2026-06-21_ZGDAW",1.49718529165169,216,57,80.5,66.5,28,22.5,335,340,200,214,52,60,122,122,366,43.632470725,-80.259687584,-3.03919,NA,NA,NA,40.0752
480,4.29638,108,163,"2026-06-21_ZGDAW",1.49102403530745,285,57,80.5,66.5,28,22.5,336,335,201,211,53,65,122,131,366,43.632542725,-80.259783473,-2.62554,NA,NA,NA,40.2408
481,4.30751,108,163,"2026-06-21_ZGDAW",1.49597582503067,224,47,76.5,77,23.5,26.5,323,0,200,357,55,0,124,357,365.8,43.632612966,-80.259881206,-2.39955,NA,NA,NA,40.1076
482,4.31838,107,163,"2026-06-21_ZGDAW",1.50993537476596,219,54,67.5,77,23.5,26.5,315,330,184,211,41,70,108,134,365.6,43.632680943,-80.259979358,-2.19519,NA,NA,NA,39.7368
483,4.32945,107,164,"2026-06-21_ZGDAW",1.50611482619435,303,56,69.5,77,21.5,26.5,315,339,184,214,41,70,108,136,365.6,43.632749004,-80.260080695,-2.00526,NA,NA,NA,39.8376
484,4.34068,95,163,"2026-06-21_ZGDAW",1.50353330326267,303,45,85.5,58,29.5,19,316,339,193,232,48,70,115,141,366,43.632816981,-80.26018396,-1.27973,NA,NA,NA,39.906
485,4.35218,95,163,"2026-06-21_ZGDAW",1.49342891278375,241,56,75,97.5,23,38.5,316,339,195,232,53,70,120,141,366,43.632886886,-80.260287812,-0.911741,NA,NA,NA,40.176
486,4.36342,95,163,"2026-06-21_ZGDAW",1.49597582503067,283,51,76.5,69,23.5,21,316,333,195,238,53,69,120,141,366,43.632958887,-80.260386048,-0.727749,NA,NA,NA,40.1076
487,4.37464,100,164,"2026-06-21_ZGDAW",1.5266709413453,237,51,76.5,69,23.5,21,335,340,201,203,63,65,127,129,365.6,43.633029882,-80.260483278,-0.903259,NA,NA,NA,39.3012
488,4.38552,107,163,"2026-06-21_ZGDAW",1.53327200245324,311,68,79.5,75,26.5,22.5,336,343,203,212,58,73,124,141,365.4,43.633099787,-80.260576988,-0.72866,NA,NA,NA,39.132
489,4.39609,105,163,"2026-06-21_ZGDAW",1.56553322061494,241,55,74.5,58,25,19.5,336,339,204,214,55,73,124,142,365,43.63316701,-80.260668853,-0.926258,NA,NA,NA,38.3256
490,4.40643,104,163,"2026-06-21_ZGDAW",1.56966158096314,287,52,78.5,76,25.5,24,335,335,201,207,60,62,129,129,364.6,43.633233227,-80.260760551,-1.3131,NA,NA,NA,38.2248
491,4.41691,102,163,"2026-06-21_ZGDAW",1.59337157425112,298,54,92,71,32.5,20.5,326,332,204,208,65,65,135,131,364.6,43.633298522,-80.260853255,-1.13341,NA,NA,NA,37.656
492,4.42722,102,163,"2026-06-21_ZGDAW",1.59063434497678,240,47,73,95.5,26.5,32.5,318,332,204,208,66,65,136,131,365,43.633360799,-80.260948725,-0.561445,NA,NA,NA,37.7208
493,4.43754,101,164,"2026-06-21_ZGDAW",1.58775523165349,231,58,82,68,28,21.5,318,330,204,217,66,66,136,134,365.2,43.633425759,-80.261040842,-0.367646,NA,NA,NA,37.7892
494,4.44783,101,163,"2026-06-21_ZGDAW",1.61938074880166,314,41,79.5,92.5,29,30.5,321,330,201,212,63,65,132,132,365.4,43.633490383,-80.261131534,-0.529472,NA,NA,NA,37.0512
495,4.45816,101,163,"2026-06-21_ZGDAW",1.60782043861342,237,49,71,92.5,24.5,30.5,325,330,201,212,62,65,131,132,365.8,43.633555343,-80.261223065,-0.14225,NA,NA,NA,37.3176
496,4.46836,100,164,"2026-06-21_ZGDAW",1.61498708010336,252,49,71,92.5,24.5,30.5,328,340,198,200,58,63,125,129,365.8,43.633620806,-80.261313506,-0.14225,NA,NA,NA,37.152
497,4.47874,100,163,"2026-06-21_ZGDAW",1.64025850474035,247,53,83,67.5,28.5,21,328,340,200,200,58,63,124,129,366,43.633686352,-80.261403695,0.406934,NA,NA,NA,36.5796
498,4.48902,100,163,"2026-06-21_ZGDAW",1.61796589327897,338,52,92,77,33.5,26,322,339,203,208,60,66,128,132,366,43.633750642,-80.261495644,0.590758,NA,NA,NA,37.0836
499,4.49932,100,164,"2026-06-21_ZGDAW",1.60627088152146,272,51,80.5,94.5,29,32,308,339,205,208,62,66,132,132,366,43.633815266,-80.261588097,0.969187,NA,NA,NA,37.3536
500,4.50968,100,163,"2026-06-21_ZGDAW",1.623798389192,277,50,79.5,94.5,27,32,308,333,205,210,62,63,132,129,366,43.63387922,-80.261680968,1.35603,NA,NA,NA,36.9504
501,4.52014,100,164,"2026-06-21_ZGDAW",1.60921759840366,228,56,79.5,82,27.5,25.5,314,332,203,207,63,60,131,127,366.2,43.633944096,-80.261774594,1.54724,NA,NA,NA,37.2852
502,4.53042,100,164,"2026-06-21_ZGDAW",1.60782043861342,216,48,68.5,82,24.5,25.5,321,336,201,203,62,63,129,129,366.2,43.634009559,-80.261865622,1.15927,NA,NA,NA,37.3176
503,4.54093,100,163,"2026-06-21_ZGDAW",1.61655350792111,218,48,68.5,82,24.5,25.5,329,339,200,200,56,62,124,129,366.2,43.634073848,-80.26195975,0.965468,NA,NA,NA,37.116
504,4.55138,101,163,"2026-06-21_ZGDAW",1.58775523165349,259,52,75,71,27,22,339,339,201,200,55,62,121,129,366.2,43.634139729,-80.262052538,0.771105,NA,NA,NA,37.7892
505,4.56185,101,163,"2026-06-21_ZGDAW",1.58488652212502,306,41,80.5,67,30.5,20,330,339,204,221,58,59,124,129,366.2,43.634204522,-80.262147421,0.383883,NA,NA,NA,37.8576
506,4.57236,102,164,"2026-06-21_ZGDAW",1.59918121921576,229,52,73,99,24,37,330,339,204,221,58,59,124,129,366.2,43.634270068,-80.262239622,0.383883,NA,NA,NA,37.5192
507,4.5828,102,163,"2026-06-21_ZGDAW",1.58488652212502,210,52,74,66,26,20.5,329,332,200,215,52,62,120,132,366.2,43.634336369,-80.262331991,0.191205,NA,NA,NA,37.8576
508,4.59324,102,163,"2026-06-21_ZGDAW",1.58775523165349,227,52,73.5,68.5,25,22,342,329,200,200,53,63,121,129,366.2,43.634401245,-80.262425617,0.191205,NA,NA,NA,37.7892
509,4.60376,102,164,"2026-06-21_ZGDAW",1.58353127474268,265,52,73.5,68.5,25,22,340,333,201,200,58,63,125,128,365.8,43.634465702,-80.262521254,-0.189024,NA,NA,NA,37.89
510,4.61424,102,163,"2026-06-21_ZGDAW",1.60056339831621,253,45,77.5,73,25.5,23,326,338,203,204,58,60,127,127,365.8,43.634530075,-80.262614964,-0.189024,NA,NA,NA,37.4868
511,4.62442,101,163,"2026-06-21_ZGDAW",1.61061718850664,264,52,80.5,72.5,27,22.5,323,339,201,201,58,59,125,127,365.6,43.634594112,-80.262706075,-0.576692,NA,NA,NA,37.2528
512,4.63451,101,163,"2026-06-21_ZGDAW",1.60921759840366,264,48,79,72.5,27.5,22.5,328,339,200,197,56,59,122,127,365.6,43.634659156,-80.26279727,-0.576692,NA,NA,NA,37.2852
513,4.64502,100,164,"2026-06-21_ZGDAW",1.6433313613357,287,51,79,72.5,28,22.5,326,339,201,200,63,60,129,127,365.8,43.634727385,-80.262885615,-0.386397,NA,NA,NA,36.5112
514,4.65545,100,163,"2026-06-21_ZGDAW",1.63430738053213,289,50,81.5,77,26.5,24,323,339,203,200,63,60,131,127,366,43.634794272,-80.262975888,-0.194642,NA,NA,NA,36.7128
515,4.66576,99,163,"2026-06-21_ZGDAW",1.64479094707063,282,45,78.5,77,26.5,24,323,339,203,200,63,60,131,127,366.2,43.634859986,-80.263065575,0,NA,NA,NA,36.4788
516,4.67577,98,164,"2026-06-21_ZGDAW",1.65393139492574,255,45,78.5,77,26.5,24,322,325,200,205,60,63,127,129,366.4,43.634924527,-80.26315283,0.199144,NA,NA,NA,36.2772
517,4.686,98,163,"2026-06-21_ZGDAW",1.66466906379012,250,48,77.5,76,26.5,24.5,332,330,198,201,60,63,127,128,366.4,43.634988062,-80.263243858,0.199144,NA,NA,NA,36.0432
518,4.69596,97,163,"2026-06-21_ZGDAW",1.68673885908984,275,52,85,78,31,24,332,336,198,205,60,63,127,129,366.2,43.635050759,-80.263331365,0,NA,NA,NA,35.5716
519,4.70602,97,163,"2026-06-21_ZGDAW",1.65393139492574,312,55,81.5,78,27,24,325,339,200,218,65,63,132,128,366.4,43.635112449,-80.263423231,0.577376,NA,NA,NA,36.2772
520,4.71597,97,163,"2026-06-21_ZGDAW",1.66933760683761,363,48,91,73.5,31,23,325,338,203,224,63,62,128,128,366.6,43.635174224,-80.263513168,0.778381,NA,NA,NA,35.9424
521,4.726,97,162,"2026-06-21_ZGDAW",1.68197261748579,304,55,99.5,98.5,38.5,32.5,325,338,203,224,63,62,128,128,366.6,43.635239184,-80.263599167,0.974845,NA,NA,NA,35.6724
522,4.73606,97,162,"2026-06-21_ZGDAW",1.67403240926744,320,45,84,84.5,29.5,26,325,332,203,222,63,62,128,128,366.6,43.635302635,-80.263688769,0.974845,NA,NA,NA,35.8416
523,4.7462,97,162,"2026-06-21_ZGDAW",1.6946280291476,294,51,82,99.5,30.5,34,321,332,201,222,60,62,125,128,366.6,43.63536575,-80.263778037,0.78455,NA,NA,NA,35.406
524,4.75597,96,162,"2026-06-21_ZGDAW",1.70433241299383,299,51,82,99.5,30.5,34,319,330,200,232,60,62,125,129,366.4,43.635427022,-80.263864789,0.388087,NA,NA,NA,35.2044
525,4.76564,95,162,"2026-06-21_ZGDAW",1.72247485186716,306,53,84,98,27.5,33.5,321,332,200,228,63,62,129,127,366.4,43.635487791,-80.263950788,0.194101,NA,NA,NA,34.8336
526,4.77534,95,163,"2026-06-21_ZGDAW",1.72586379482931,338,51,94.5,98,33,33.5,315,330,201,246,62,62,128,128,366.6,43.635550571,-80.264033768,0.200486,NA,NA,NA,34.7652
527,4.78509,95,162,"2026-06-21_ZGDAW",1.70276529083231,338,59,94.5,98,33,33.5,315,323,201,240,62,65,128,131,366.8,43.635612765,-80.264118845,0.405614,NA,NA,NA,35.2368
528,4.79481,95,162,"2026-06-21_ZGDAW",1.70120104793985,327,49,85,94.5,26.5,33,297,323,201,240,60,65,129,131,367.2,43.635673785,-80.264204675,1.01794,NA,NA,NA,35.2692
529,4.80438,95,162,"2026-06-21_ZGDAW",1.69635284139101,306,49,81.5,91,25,30,297,318,201,219,60,68,129,131,367.4,43.635733297,-80.264290925,1.02812,NA,NA,NA,35.37
530,4.81407,95,162,"2026-06-21_ZGDAW",1.6898171617831,282,47,81.5,91,25,30,311,329,200,211,59,63,124,127,367.6,43.635794401,-80.2643786,1.03351,NA,NA,NA,35.5068
531,4.82391,95,162,"2026-06-21_ZGDAW",1.71414858239912,312,52,90,99,31,34,314,335,203,238,60,59,129,127,367.6,43.635857349,-80.264464347,1.03351,NA,NA,NA,35.0028
532,4.83389,95,162,"2026-06-21_ZGDAW",1.7125633648445,296,52,90,99,31,34,311,332,204,239,63,59,131,128,367.8,43.635920046,-80.264552189,1.23391,NA,NA,NA,35.0352
533,4.84356,94,162,"2026-06-21_ZGDAW",1.73412409392016,306,52,83,96.5,27,32,308,332,203,232,63,60,134,128,367.8,43.635981988,-80.264636176,1.23391,NA,NA,NA,34.5996
534,4.85332,94,162,"2026-06-21_ZGDAW",1.72747374239912,315,51,82.5,96.5,26,32,319,333,203,207,66,62,132,125,368,43.636041416,-80.264725275,1.64354,NA,NA,NA,34.7328
535,4.86302,93,163,"2026-06-21_ZGDAW",1.73250173250173,274,50,85,82,26.5,25.5,326,333,200,207,62,62,125,125,368,43.636101011,-80.26481295,1.64354,NA,NA,NA,34.632
536,4.87259,93,162,"2026-06-21_ZGDAW",1.73919092838012,273,43,76.5,77,25,23,326,333,200,207,62,62,125,125,368.2,43.636159768,-80.264900206,1.64634,NA,NA,NA,34.4988
537,4.88233,93,162,"2026-06-21_ZGDAW",1.73412409392016,256,53,78.5,77,24.5,23,328,333,198,207,60,62,122,125,368.4,43.636218861,-80.26498897,1.64655,NA,NA,NA,34.5996
538,4.89199,93,162,"2026-06-21_ZGDAW",1.73250173250173,280,45,75,93,22.5,29.5,329,335,197,198,60,62,121,124,368.4,43.636278624,-80.265075807,1.23503,NA,NA,NA,34.632
539,4.9018,94,162,"2026-06-21_ZGDAW",1.70922640412949,240,45,75,93,22.5,29.5,333,338,198,200,60,62,122,124,368.4,43.636341572,-80.265161721,1.02604,NA,NA,NA,35.1036
540,4.91176,94,162,"2026-06-21_ZGDAW",1.68827660723933,359,62,81.5,93,26,29.5,333,338,198,200,60,62,122,124,368.6,43.636404352,-80.265248809,1.02045,NA,NA,NA,35.5392
541,4.92175,95,162,"2026-06-21_ZGDAW",1.66466906379012,359,62,81.5,93,26,29.5,333,339,198,198,60,58,122,121,368.4,43.636466462,-80.265338915,0.820247,NA,NA,NA,36.0432
542,4.9318,97,162,"2026-06-21_ZGDAW",1.64625312788094,271,62,81.5,93,26,29.5,333,339,198,198,60,58,122,121,368.4,43.636527231,-80.265431786,0.619846,NA,NA,NA,36.4464
543,4.94164,96,162,"2026-06-21_ZGDAW",1.69307869429771,247,62,0,0,0,0,333,339,198,198,60,58,122,121,368.4,43.636589927,-80.265517617,0.619846,NA,NA,NA,35.4384
544,4.95149,62,162,"2026-06-21_ZGDAW",1.72586379482931,9,0,81.5,71,0,20.5,332,339,197,198,59,58,122,121,368.8,43.636650948,-80.265604118,0.82102,NA,NA,NA,34.7652
545,4.9612,53,162,"2026-06-21_ZGDAW",1.69946636756059,14,100,38.5,22.5,13,6.5,0,339,0,198,0,58,0,121,368.8,43.636713141,-80.265689278,0.82102,NA,NA,NA,35.3052
546,4.97115,91,162,"2026-06-21_ZGDAW",1.66002656042497,438,100,38.5,22.5,13,6.5,343,332,180,179,60,51,121,113,368.8,43.636778269,-80.265775025,0.612033,NA,NA,NA,36.144
547,4.98138,98,162,"2026-06-21_ZGDAW",1.63430738053213,413,49,98,56.5,32,14,314,329,200,172,62,48,125,110,368.6,43.636843145,-80.265865298,0.211191,NA,NA,NA,36.7128
548,4.99165,99,162,"2026-06-21_ZGDAW",1.63270637408568,359,47,86.5,97,27.5,28,314,304,200,195,62,56,125,121,368.4,43.636907518,-80.265956409,0.016449,NA,NA,NA,36.7488
549,5.00202,100,162,"2026-06-21_ZGDAW",1.59764826175869,347,52,88,95.5,30,30.5,301,307,204,219,60,65,128,129,368.2,43.636973399,-80.266048527,-0.176415,NA,NA,NA,37.5552
550,5.01251,100,163,"2026-06-21_ZGDAW",1.61796589327897,309,50,85.5,81,28.5,24,311,326,204,210,58,60,125,127,368,43.637040036,-80.266138464,-0.567876,NA,NA,NA,37.0836
551,5.02286,100,163,"2026-06-21_ZGDAW",1.60921759840366,318,53,88,81,30.5,24.5,322,326,203,210,59,60,125,127,368,43.637107175,-80.266227061,-0.367676,NA,NA,NA,37.2852
552,5.03309,100,163,"2026-06-21_ZGDAW",1.61217514670794,276,58,89,82,30,24,322,333,203,207,59,60,125,127,368,43.637175068,-80.266313562,-0.367676,NA,NA,NA,37.2168
553,5.04326,100,164,"2026-06-21_ZGDAW",1.63880694854146,244,51,89,82,30,24,318,338,203,204,60,58,127,125,367.8,43.63724162,-80.266400147,-0.564333,NA,NA,NA,36.612
554,5.05371,100,163,"2026-06-21_ZGDAW",1.61655350792111,252,51,89,82,30,24,318,336,200,200,60,60,127,127,367.6,43.637309346,-80.266489918,-1.16181,NA,NA,NA,37.116
555,5.06423,101,163,"2026-06-21_ZGDAW",1.58775523165349,207,62,84.5,83.5,27.5,25,312,335,198,203,55,63,121,131,367,43.637377743,-80.266580358,-1.73215,NA,NA,NA,37.7892
556,5.0747,102,163,"2026-06-21_ZGDAW",1.58488652212502,282,44,68.5,66,24,19,321,339,197,201,53,69,120,134,366.6,43.637446642,-80.266668704,-2.1142,NA,NA,NA,37.8576
557,5.08551,103,162,"2026-06-21_ZGDAW",1.53850887719622,261,54,92,66,33.5,19,322,340,200,201,53,65,121,129,366.2,43.637516044,-80.266763,-2.28872,NA,NA,NA,38.9988
558,5.09616,104,162,"2026-06-21_ZGDAW",1.55588747821758,218,52,74,76,24.5,23.5,329,340,198,201,53,65,121,129,365.8,43.637584356,-80.266855033,-2.46957,NA,NA,NA,38.5632
559,5.10691,104,162,"2026-06-21_ZGDAW",1.53454255286499,220,52,71.5,65.5,24.5,19,329,339,198,198,53,60,121,125,365.8,43.637653088,-80.266949665,-2.2767,NA,NA,NA,39.0996
560,5.11814,95,162,"2026-06-21_ZGDAW",1.49342891278375,334,61,100,64,36.5,20,340,340,200,198,56,63,124,128,366,43.637721736,-80.267051924,-1.90795,NA,NA,NA,40.176
561,5.12949,95,162,"2026-06-21_ZGDAW",1.47258055015609,390,53,99.5,97.5,37,42,340,340,200,204,56,65,124,129,366,43.637792311,-80.267153597,-1.90795,NA,NA,NA,40.7448
562,5.14101,96,162,"2026-06-21_ZGDAW",1.46894647159058,340,53,99.5,97.5,37,42,0,333,357,248,0,63,357,136,366,43.637863893,-80.267256526,-1.90795,NA,NA,NA,40.8456
563,5.15266,98,162,"2026-06-21_ZGDAW",1.43356843855726,185,41,84.5,97.5,31.5,38,340,333,200,248,56,63,121,136,365.8,43.637939917,-80.267356774,-1.88297,NA,NA,NA,41.8536
564,5.16464,100,162,"2026-06-21_ZGDAW",1.3955175974769,142,52,60.5,72.5,21.5,21.5,349,322,197,250,53,65,118,142,365.4,43.638017701,-80.267461212,-2.02547,NA,NA,NA,42.9948
565,5.17738,104,162,"2026-06-21_ZGDAW",1.35622643556568,145,53,58,55.5,19.5,17.5,349,322,197,250,53,65,118,142,364.6,43.638095736,-80.267574703,-2.08307,NA,NA,NA,44.2404
566,5.1902,108,162,"2026-06-21_ZGDAW",1.31533948912214,157,56,62,53.5,21,17,357,346,195,201,53,63,120,129,363.6,43.638176119,-80.267687692,-2.48106,NA,NA,NA,45.6156
567,5.20298,110,162,"2026-06-21_ZGDAW",1.27949229745637,162,55,62,60.5,21,19.5,0,350,198,195,53,65,120,127,362.6,43.638258094,-80.267800847,-2.8935,NA,NA,NA,46.8936
568,5.21619,111,162,"2026-06-21_ZGDAW",1.27313930690296,187,59,66.5,60.5,20,19.5,0,347,200,195,58,68,120,127,361.4,43.638341745,-80.26791635,-3.42632,NA,NA,NA,47.1276
569,5.22937,80,162,"2026-06-21_ZGDAW",1.26502213788741,35,100,66.5,60.5,20,19.5,0,342,200,190,59,63,120,122,360.2,43.638425229,-80.268032691,-4.33679,NA,NA,NA,47.43
570,5.24267,60,161,"2026-06-21_ZGDAW",1.26147946311434,44,100,0,0,0,0,0,0,0,0,0,0,0,0,359.4,43.638509048,-80.268148612,-5.11639,NA,NA,NA,47.5632
571,5.25559,93,162,"2026-06-21_ZGDAW",1.26684909293605,44,100,66.5,60.5,0,0,354,325,177,160,52,44,111,104,358.8,43.638591694,-80.268263109,-5.58078,NA,NA,NA,47.3616
572,5.26862,109,161,"2026-06-21_ZGDAW",1.28600823045267,100,65,67.5,60.5,24.5,0,354,325,177,160,52,44,111,104,358.4,43.638673417,-80.268378779,-5.88777,NA,NA,NA,46.656
573,5.28164,104,161,"2026-06-21_ZGDAW",1.2990387113536,163,57,63.5,52,20,14,350,1,180,190,35,76,98,138,358,43.638755644,-80.268493109,-6.02331,NA,NA,NA,46.188
574,5.29439,103,161,"2026-06-21_ZGDAW",1.32212174096991,158,48,62.5,53,21,17,346,353,186,190,37,68,103,127,357.6,43.638835775,-80.26860551,-6.00315,NA,NA,NA,45.3816
575,5.30696,102,161,"2026-06-21_ZGDAW",1.3270695649866,184,54,73.5,53,24.5,17,356,343,194,190,49,65,117,125,357.4,43.638913223,-80.268718582,-5.53432,NA,NA,NA,45.2124
576,5.31926,100,162,"2026-06-21_ZGDAW",1.3380432455577,204,54,72,62,24,20,354,340,198,191,58,65,122,125,357,43.638991259,-80.268828971,-5.07949,NA,NA,NA,44.8416
577,5.33159,99,162,"2026-06-21_ZGDAW",1.35622643556568,291,54,72,62,24,20,352,340,200,194,58,63,122,127,357,43.639069546,-80.268936595,-4.29701,NA,NA,NA,44.2404
578,5.34363,98,161,"2026-06-21_ZGDAW",1.39435009342146,286,50,82.5,64,27,20,343,342,200,198,56,62,122,127,357.2,43.639145737,-80.269042626,-3.2225,NA,NA,NA,43.0308
579,5.35571,96,161,"2026-06-21_ZGDAW",1.40421827168815,263,53,77.5,79,24.5,25,338,343,198,203,58,62,122,128,357.4,43.639221426,-80.269149915,-2.14647,NA,NA,NA,42.7284
580,5.36752,95,161,"2026-06-21_ZGDAW",1.42437968264821,324,52,78.5,70.5,26,21.5,335,343,198,201,60,62,125,127,357.6,43.639297115,-80.269252258,-1.37561,NA,NA,NA,42.1236
581,5.37918,93,160,"2026-06-21_ZGDAW",1.44751317236987,254,51,79.5,88.5,25,27.5,335,343,198,201,60,62,125,127,357.8,43.639371127,-80.269354014,-0.739691,NA,NA,NA,41.4504
582,5.39054,96,160,"2026-06-21_ZGDAW",1.47258055015609,283,72,92,88.5,32.5,27.5,330,342,194,200,56,65,120,127,358,43.639443798,-80.269453004,-0.256651,NA,NA,NA,40.7448
583,5.4017,102,160,"2026-06-21_ZGDAW",1.47872120190459,333,65,82,97.5,29.5,35,330,347,194,218,56,68,120,134,358.2,43.639518564,-80.269548223,0.229781,NA,NA,NA,40.5756
584,5.41285,108,161,"2026-06-21_ZGDAW",1.53978812515398,318,65,82,97.5,29.5,35,328,349,194,239,48,76,114,148,358.4,43.639589643,-80.269644028,0.722878,NA,NA,NA,38.9664
585,5.42371,105,160,"2026-06-21_ZGDAW",1.55458135124211,189,49,75,96,25.5,34,332,345,198,235,51,77,120,149,358.6,43.639658291,-80.269740587,1.06615,NA,NA,NA,38.5956
586,5.43446,103,160,"2026-06-21_ZGDAW",1.59764826175869,167,57,66,64.5,19.5,19.5,338,342,194,201,53,66,114,127,358.6,43.639726268,-80.269834045,1.39135,NA,NA,NA,37.5552
587,5.44475,101,159,"2026-06-21_ZGDAW",1.63430738053213,172,56,60.5,57.5,19,16,338,340,194,191,53,62,114,120,358.6,43.639795,-80.269919457,1.39135,NA,NA,NA,36.7128
588,5.45485,98,159,"2026-06-21_ZGDAW",1.66783415057207,245,53,71,55.5,23.5,17,342,340,194,191,53,62,118,120,358.8,43.639858786,-80.270007802,1.42326,NA,NA,NA,35.9748
589,5.46458,97,159,"2026-06-21_ZGDAW",1.69635284139101,286,51,75,71.5,24,21,342,340,194,193,53,58,118,120,359,43.639917962,-80.270097572,1.46325,NA,NA,NA,35.37
590,5.4743,96,159,"2026-06-21_ZGDAW",1.72247485186716,264,51,72.5,71.5,22,21,340,340,197,195,58,59,122,122,359.2,43.639979401,-80.270183655,1.49966,NA,NA,NA,34.8336
591,5.4839,95,158,"2026-06-21_ZGDAW",1.72407848005241,291,51,72.5,71.5,22,21,339,347,198,198,62,66,127,129,359.6,43.640040925,-80.270268396,1.7448,NA,NA,NA,34.8012
592,5.49368,95,159,"2026-06-21_ZGDAW",1.71909919202338,341,47,74,72.5,23,20,338,346,193,197,60,63,124,125,360,43.640104795,-80.270353304,1.97774,NA,NA,NA,34.902
593,5.50374,95,159,"2026-06-21_ZGDAW",1.73250173250173,389,53,83,81,25,23,336,346,194,197,59,63,122,125,360.2,43.640166737,-80.270442907,1.99734,NA,NA,NA,34.632
594,5.51326,94,159,"2026-06-21_ZGDAW",1.79346461494315,338,49,83.5,81,25.5,23,336,346,197,197,60,63,124,125,360.4,43.640224321,-80.270528821,2.02805,NA,NA,NA,33.4548
595,5.52228,90,159,"2026-06-21_ZGDAW",1.85288123031314,303,54,80.5,84.5,23.5,23.5,336,345,197,205,60,66,124,128,360.6,43.640279809,-80.270611132,2.06562,NA,NA,NA,32.382
596,5.53116,95,159,"2026-06-21_ZGDAW",1.91438854429895,256,79,95.5,78.5,30,22,338,349,197,204,60,66,122,128,361,43.640335129,-80.270690508,2.51607,NA,NA,NA,31.3416
597,5.53975,95,159,"2026-06-21_ZGDAW",1.97145335541361,398,45,84.5,61,27,16.5,336,350,201,211,60,72,122,134,361.4,43.640388271,-80.270767203,2.98172,NA,NA,NA,30.4344
598,5.54799,93,159,"2026-06-21_ZGDAW",2.02979742621686,345,50,82.5,81.5,25,23,323,350,203,211,62,72,124,134,361.8,43.640439149,-80.270842305,3.26914,NA,NA,NA,29.5596
599,5.55605,94,159,"2026-06-21_ZGDAW",2.1315598755169,251,71,85.5,81,27.5,23.5,323,340,201,214,62,63,124,125,362.2,43.640489692,-80.270912293,3.55987,NA,NA,NA,28.1484
600,5.56388,95,159,"2026-06-21_ZGDAW",2.12910918071879,377,71,85.5,81,27.5,23.5,335,340,201,214,58,63,120,125,362.8,43.64054057,-80.2709796,4.12039,NA,NA,NA,28.1808
601,5.57139,93,159,"2026-06-21_ZGDAW",2.1944261575598,372,45,84.5,55,26,16,335,340,201,214,58,63,120,125,363.2,43.640589855,-80.271043554,4.23635,NA,NA,NA,27.342
602,5.57887,91,159,"2026-06-21_ZGDAW",2.22162978761219,393,52,94,97.5,29,30,333,340,203,214,59,63,122,125,363.8,43.640637213,-80.271110693,4.62949,NA,NA,NA,27.0072
603,5.58628,89,159,"2026-06-21_ZGDAW",2.30170786723749,398,48,94,96,29.5,29,332,342,201,224,60,62,124,125,364.4,43.640682895,-80.271177078,5.2404,NA,NA,NA,26.0676
604,5.59331,91,159,"2026-06-21_ZGDAW",2.40743415667581,197,31,84,98,27.5,31,326,332,208,243,68,59,132,124,364.8,43.640728157,-80.271237427,5.5993,NA,NA,NA,24.9228
605,5.60015,97,159,"2026-06-21_ZGDAW",2.49463653145737,308,44,87.5,98,31,31,332,330,214,233,72,62,139,125,365.2,43.640771156,-80.271297442,5.96237,NA,NA,NA,24.0516
606,5.60658,96,159,"2026-06-21_ZGDAW",2.58879569224397,376,44,87.5,98,31,31,330,332,211,224,66,66,135,135,365.6,43.640812311,-80.27135293,6.134,NA,NA,NA,23.1768
607,5.61288,94,159,"2026-06-21_ZGDAW",2.59241976460829,405,50,90.5,88,29,25.5,330,326,211,225,66,62,135,127,366,43.640851706,-80.271410095,6.30327,NA,NA,NA,23.1444
608,5.61922,93,159,"2026-06-21_ZGDAW",2.61151154288102,371,45,90,88,30,25.5,316,326,204,232,62,62,127,125,366.4,43.640892861,-80.271464996,6.44875,NA,NA,NA,22.9752
609,5.62562,92,160,"2026-06-21_ZGDAW",2.60010400416017,378,49,88.5,99.5,28,31,316,326,203,232,62,62,127,125,366.8,43.640933597,-80.271521574,6.57747,NA,NA,NA,23.076
610,5.63201,91,160,"2026-06-21_ZGDAW",2.63047138047138,362,55,100,93.5,35.5,29.5,316,326,203,232,62,62,127,125,367.2,43.640976429,-80.271574799,6.43716,NA,NA,NA,22.8096
611,5.63839,91,159,"2026-06-21_ZGDAW",2.64634275431354,331,47,84.5,99.5,27,35,316,326,203,232,63,62,127,125,367.4,43.641018338,-80.271629701,6.21802,NA,NA,NA,22.6728
612,5.64484,90,159,"2026-06-21_ZGDAW",2.7104678267469,349,52,91.5,86.5,28.5,26,319,318,201,235,63,62,125,127,367.6,43.641059326,-80.271684434,5.72596,NA,NA,NA,22.1364
613,5.65092,89,159,"2026-06-21_ZGDAW",2.70650644148533,349,52,91.5,86.5,28.5,26,323,325,200,212,62,60,124,122,367.8,43.641098302,-80.271738665,5.24519,NA,NA,NA,22.1688
614,5.65704,88,158,"2026-06-21_ZGDAW",2.81721884155961,356,47,86,86.5,27.5,26,325,330,200,212,63,62,125,124,368.2,43.641136775,-80.271791387,5.32979,NA,NA,NA,21.2976
615,5.66297,92,159,"2026-06-21_ZGDAW",2.80867318278845,257,47,79.5,96.5,25,30.5,330,335,198,207,62,62,125,122,368.4,43.641173655,-80.271844529,5.08226,NA,NA,NA,21.3624
616,5.66892,95,159,"2026-06-21_ZGDAW",2.77777777777778,387,49,95.5,84.5,34,22.5,329,335,203,207,58,62,125,122,369,43.641209446,-80.271899514,5.46858,NA,NA,NA,21.6
617,5.6746,96,159,"2026-06-21_ZGDAW",2.88550323176362,402,49,97.5,92.5,34.5,32.5,329,338,203,205,58,53,125,115,369.2,43.641244314,-80.271951398,5.18578,NA,NA,NA,20.7936
618,5.68034,105,159,"2026-06-21_ZGDAW",2.94256120527307,180,35,61.5,92.5,20,31,329,332,203,217,58,53,125,117,369.6,43.641277674,-80.272005294,5.25173,NA,NA,NA,20.3904
619,5.68603,100,160,"2026-06-21_ZGDAW",2.92808620285781,376,55,99,27,38,8,319,328,210,211,52,59,124,125,369.8,43.641312543,-80.272056675,4.97822,NA,NA,NA,20.4912
620,5.69145,100,160,"2026-06-21_ZGDAW",2.9868578255675,352,55,99,27,38,8,304,328,211,211,42,59,117,125,370.2,43.641346909,-80.272105709,5.09025,NA,NA,NA,20.088
621,5.69709,99,159,"2026-06-21_ZGDAW",2.99706287837919,281,43,82,99.5,31,36,302,339,205,214,44,66,117,138,370.4,43.641382281,-80.272156587,5.13138,NA,NA,NA,20.0196
622,5.70276,98,160,"2026-06-21_ZGDAW",3.05362159521192,329,50,86,91.5,33,32,307,333,203,211,42,62,117,132,370.4,43.641418742,-80.272205453,4.8213,NA,NA,NA,19.6488
623,5.70808,97,159,"2026-06-21_ZGDAW",3.19529652351738,382,47,100,81.5,42.5,27.5,308,333,203,211,42,62,117,132,370.6,43.641453191,-80.272250716,4.86829,NA,NA,NA,18.7776
624,5.71347,95,160,"2026-06-21_ZGDAW",3.17823544368167,317,55,98.5,99.5,36,38,308,328,203,214,42,59,117,128,371,43.641486551,-80.27229866,4.95681,NA,NA,NA,18.8784
625,5.71865,93,160,"2026-06-21_ZGDAW",3.24191143097971,300,55,98,88.5,37,29.5,297,326,208,224,45,56,121,127,371.2,43.64151966,-80.272343503,5.00565,NA,NA,NA,18.5076
626,5.72371,91,160,"2026-06-21_ZGDAW",3.25330210163316,354,46,90.5,88.5,33.5,29.5,290,328,208,225,48,55,122,124,371.6,43.641552601,-80.27238776,4.78776,NA,NA,NA,18.4428
627,5.72875,91,160,"2026-06-21_ZGDAW",3.3447053314603,333,49,96.5,96.5,32.5,32,283,328,207,217,55,53,127,121,372.2,43.641584704,-80.272432268,5.62612,NA,NA,NA,17.9388
628,5.73387,90,161,"2026-06-21_ZGDAW",3.33266679997334,331,49,88.5,98,29,35,294,325,203,212,53,53,124,122,372.4,43.641616639,-80.272478452,5.31988,NA,NA,NA,18.0036
629,5.73907,90,161,"2026-06-21_ZGDAW",3.3447053314603,341,49,88.5,98,29,35,314,325,200,212,53,53,121,122,372.6,43.641648993,-80.272523714,5.353,NA,NA,NA,17.9388
630,5.74406,89,161,"2026-06-21_ZGDAW",3.32601609791791,344,44,89.5,99.5,32,32.5,314,325,200,217,53,53,121,121,372.8,43.641680425,-80.272568055,5.0158,NA,NA,NA,18.0396
631,5.74904,89,161,"2026-06-21_ZGDAW",3.33867521367521,365,49,88,99.5,28,32.5,321,322,198,228,52,55,120,120,373.2,43.641711186,-80.272613149,5.4644,NA,NA,NA,17.9712
632,5.75414,89,161,"2026-06-21_ZGDAW",3.32601609791791,351,51,87.5,90,29,26.5,329,326,198,211,56,56,121,117,373.6,43.641742283,-80.272659753,6.24871,NA,NA,NA,18.0396
633,5.75902,89,162,"2026-06-21_ZGDAW",3.43500961802693,316,48,87,88.5,30,26.5,333,332,198,203,59,58,122,117,374,43.641773213,-80.272702668,6.69245,NA,NA,NA,17.4672
634,5.76398,88,162,"2026-06-21_ZGDAW",3.45494748479823,335,45,90,88.5,31,28,332,333,200,208,56,58,122,120,374.4,43.641802633,-80.272748349,6.75678,NA,NA,NA,17.3664
635,5.76877,87,162,"2026-06-21_ZGDAW",3.47511815401724,341,50,88,88.5,30,28,332,333,200,208,56,58,122,120,374.6,43.641833562,-80.272790091,6.78822,NA,NA,NA,17.2656
636,5.7736,86,162,"2026-06-21_ZGDAW",3.47511815401724,343,50,88,88.5,30,28,326,335,198,226,56,58,124,121,375,43.641864156,-80.272833007,6.82586,NA,NA,NA,17.2656
637,5.77852,85,162,"2026-06-21_ZGDAW",3.47511815401724,326,48,89.5,87,30,27,325,332,203,226,58,56,125,121,375.2,43.641893409,-80.272878017,6.04189,NA,NA,NA,17.2656
638,5.78325,84,162,"2026-06-21_ZGDAW",3.5650623885918,355,51,99.5,95,34.5,30.5,325,332,203,226,58,56,125,121,375.6,43.641923332,-80.272918753,6.49693,NA,NA,NA,16.83
639,5.7878,84,163,"2026-06-21_ZGDAW",3.5438372669927,359,46,86.5,95,28.5,30.5,304,326,208,236,59,53,125,118,375.8,43.641952753,-80.272959322,6.55188,NA,NA,NA,16.9308
640,5.79246,84,162,"2026-06-21_ZGDAW",3.6231884057971,331,47,91,94.5,28,28.5,321,329,203,215,58,55,124,115,376,43.641983682,-80.272997962,6.58026,NA,NA,NA,16.56
641,5.79722,84,163,"2026-06-21_ZGDAW",3.53032549601073,322,47,86.5,97.5,26.5,28.5,332,325,203,214,58,58,125,117,376.4,43.642012935,-80.273040794,6.61738,NA,NA,NA,16.9956
642,5.802,84,163,"2026-06-21_ZGDAW",3.40901343151292,327,51,88,97.5,28,28.5,342,311,208,210,60,59,127,118,376.8,43.642044786,-80.273081865,6.66989,NA,NA,NA,17.6004
643,5.8069,85,163,"2026-06-21_ZGDAW",3.45494748479823,366,51,88,97.5,28,28.5,342,308,222,211,60,59,128,120,377,43.642075129,-80.2731252,6.25838,NA,NA,NA,17.3664
644,5.81175,86,163,"2026-06-21_ZGDAW",3.42161089440909,346,44,93.5,90,30.5,28,342,308,222,211,60,59,128,120,377.2,43.642105136,-80.273168786,5.8643,NA,NA,NA,17.5356
645,5.81651,86,162,"2026-06-21_ZGDAW",3.48894006000977,362,58,93.5,90,30.5,28,342,308,222,211,60,59,128,120,377.4,43.642136736,-80.273209019,5.86693,NA,NA,NA,17.1972
646,5.8213,86,162,"2026-06-21_ZGDAW",3.46860908775581,337,49,93.5,90,30.5,28,342,308,222,211,60,59,128,120,377.4,43.642165821,-80.273253946,5.03877,NA,NA,NA,17.298
647,5.82629,86,162,"2026-06-21_ZGDAW",3.51617440225035,337,48,0,0,0,0,342,308,222,211,60,59,128,120,377.6,43.642197588,-80.273296107,5.03307,NA,NA,NA,17.064
648,5.8311,86,163,"2026-06-21_ZGDAW",3.45494748479823,312,48,85.5,96.5,27,30,339,328,210,218,62,59,128,124,377.8,43.642230362,-80.273335921,4.60321,NA,NA,NA,17.3664
649,5.83606,86,163,"2026-06-21_ZGDAW",3.44139307591713,312,48,85.5,96.5,27,30,340,330,204,224,60,56,128,118,378,43.642263805,-80.273376573,4.56687,NA,NA,NA,17.4348
650,5.84092,85,163,"2026-06-21_ZGDAW",3.48894006000977,317,48,85.5,96.5,27,30,335,329,203,232,62,56,129,118,378.4,43.642294651,-80.273418818,4.96073,NA,NA,NA,17.1972
651,5.84576,86,163,"2026-06-21_ZGDAW",3.40901343151292,328,48,82.5,96.5,25.5,30,335,335,201,208,60,55,128,114,378.8,43.642325245,-80.273462571,4.94684,NA,NA,NA,17.6004
652,5.85063,86,163,"2026-06-21_ZGDAW",3.52286338335799,305,48,80,85,24,24,342,335,200,208,62,55,127,114,379,43.642357347,-80.273502302,4.5207,NA,NA,NA,17.0316
653,5.85535,85,163,"2026-06-21_ZGDAW",3.49552572706935,275,50,83,85,25.5,25.5,342,339,200,203,62,55,127,113,379.4,43.642386181,-80.273546307,4.95999,NA,NA,NA,17.1648
654,5.86021,85,164,"2026-06-21_ZGDAW",3.52286338335799,294,49,91.5,84,30,25,342,340,198,200,62,55,127,113,379.6,43.642414847,-80.273590814,4.95915,NA,NA,NA,17.0316
655,5.86513,85,163,"2026-06-21_ZGDAW",3.41530054644809,314,45,88,93.5,30,30.5,329,339,198,226,62,52,127,114,380,43.642444771,-80.273635825,5.35199,NA,NA,NA,17.568
656,5.86999,86,163,"2026-06-21_ZGDAW",3.41530054644809,303,48,80.5,88,25.5,26.5,315,329,195,239,60,51,127,114,380,43.642475867,-80.273678573,5.35199,NA,NA,NA,17.568
657,5.87488,86,164,"2026-06-21_ZGDAW",3.42864979770966,310,44,80.5,88,25.5,26.5,315,329,195,239,60,51,127,114,380.2,43.642508138,-80.27371998,5.36018,NA,NA,NA,17.4996
658,5.87986,86,164,"2026-06-21_ZGDAW",3.39581635425156,310,44,78,88,24.5,26.5,339,332,197,211,62,53,127,114,380.4,43.642540827,-80.273762308,5.34599,NA,NA,NA,17.6688
659,5.88477,86,163,"2026-06-21_ZGDAW",3.44139307591713,263,44,76,85,23.5,25.5,339,336,197,200,62,55,127,113,380.6,43.642572595,-80.273804804,5.35009,NA,NA,NA,17.4348
660,5.88962,85,163,"2026-06-21_ZGDAW",3.53032549601073,245,47,78.5,85,24,23.5,345,338,197,197,63,53,128,111,380.6,43.642603608,-80.273846295,4.52705,NA,NA,NA,16.9956
661,5.89451,85,163,"2026-06-21_ZGDAW",3.48165169556438,273,50,79,85,23.5,23.5,347,340,197,197,63,56,127,114,381,43.642636381,-80.273886277,4.5186,NA,NA,NA,17.2332
662,5.89944,86,164,"2026-06-21_ZGDAW",3.38272106082132,258,48,79.5,85,24.5,23.5,347,340,197,194,63,56,127,113,381.2,43.642669573,-80.273926929,4.5136,NA,NA,NA,17.7372
663,5.90436,87,163,"2026-06-21_ZGDAW",3.40901343151292,241,40,79,99,25,30.5,346,340,195,194,59,56,124,113,381.2,43.64270243,-80.273967078,3.66614,NA,NA,NA,17.6004
664,5.90927,88,164,"2026-06-21_ZGDAW",3.28925728570489,280,45,70,99,23,30.5,343,340,194,194,55,56,121,113,381.4,43.642735371,-80.274008485,3.66195,NA,NA,NA,18.2412
665,5.91433,90,164,"2026-06-21_ZGDAW",3.235617679415,299,50,81,77,24.5,23,342,340,193,194,53,56,118,114,381.4,43.642768144,-80.274052406,2.84894,NA,NA,NA,18.5436
666,5.91958,92,164,"2026-06-21_ZGDAW",3.18369945877109,270,50,81,77,24.5,23,339,340,195,194,58,56,120,114,381.6,43.642800666,-80.274098674,3.2299,NA,NA,NA,18.846
667,5.92488,94,164,"2026-06-21_ZGDAW",3.07446350611818,265,50,78.5,82.5,24,24,339,339,195,195,58,56,120,115,381.8,43.642835116,-80.274144607,3.19826,NA,NA,NA,19.5156
668,5.93044,97,163,"2026-06-21_ZGDAW",2.95246530853262,297,48,83.5,76.5,28.5,23.5,339,339,197,195,58,56,121,115,382,43.642870152,-80.274194311,3.15636,NA,NA,NA,20.322
669,5.93614,99,163,"2026-06-21_ZGDAW",2.91885580852306,254,51,79.5,85,25.5,26.5,333,336,198,198,56,55,124,118,382.4,43.642906362,-80.274243849,3.45078,NA,NA,NA,20.556
670,5.94188,97,163,"2026-06-21_ZGDAW",2.89050757312984,209,54,72.5,77.5,23,24.5,333,330,200,197,56,55,124,120,382.8,43.642942488,-80.274294056,4.14765,NA,NA,NA,20.7576
671,5.94768,94,163,"2026-06-21_ZGDAW",2.78660201749986,240,57,81.5,78.5,27,24.5,333,319,197,198,48,65,115,132,383,43.64297853,-80.274347868,3.67448,NA,NA,NA,21.5316
672,5.95386,95,164,"2026-06-21_ZGDAW",2.71444082519001,213,46,74,78,26.5,25,333,319,197,198,46,65,114,132,383,43.643017171,-80.274402769,3.2688,NA,NA,NA,22.104
673,5.96018,98,163,"2026-06-21_ZGDAW",2.66198157908747,226,48,74,78,26.5,25,332,323,197,200,48,65,117,129,383.2,43.643056147,-80.274459096,3.58526,NA,NA,NA,22.5396
674,5.96645,100,163,"2026-06-21_ZGDAW",2.65392781316348,205,48,74,78,26.5,25,336,333,197,197,51,53,118,118,383.2,43.643096967,-80.274511734,3.17792,NA,NA,NA,22.608
675,5.97285,101,163,"2026-06-21_ZGDAW",2.57003341043434,194,50,70,71.5,23.5,22.5,336,336,197,195,51,49,118,114,383.2,43.643140217,-80.274565043,3.17792,NA,NA,NA,23.346
676,5.97963,94,164,"2026-06-21_ZGDAW",2.43344527181584,385,57,70,77,22,23,339,339,195,194,48,49,114,114,383,43.643184976,-80.274623549,2.50199,NA,NA,NA,24.6564
677,5.98665,98,163,"2026-06-21_ZGDAW",2.38811673114582,324,40,83.5,99,30,27,339,336,195,200,48,52,114,118,383,43.64322982,-80.274684485,2.12463,NA,NA,NA,25.1244
678,5.99396,101,163,"2026-06-21_ZGDAW",2.29284174806255,262,43,71.5,78.5,25,25,336,336,195,212,46,53,114,122,382.8,43.64327592,-80.274749445,1.49132,NA,NA,NA,26.1684
679,6.00145,103,163,"2026-06-21_ZGDAW",2.25804994806485,317,40,78,74.5,27.5,23,332,336,197,215,49,53,115,121,382.8,43.643323362,-80.274814572,0.789564,NA,NA,NA,26.5716
680,6.00897,99,164,"2026-06-21_ZGDAW",2.2383382576775,167,54,68,67.5,22,16,328,336,197,215,52,53,118,121,382.6,43.643370384,-80.274881208,-0.173257,NA,NA,NA,26.8056
681,6.01647,94,164,"2026-06-21_ZGDAW",2.23264121455682,151,54,68,67.5,22,16,345,325,195,211,56,49,120,115,382.6,43.643418496,-80.274945581,-0.518085,NA,NA,NA,26.874
682,6.02404,95,164,"2026-06-21_ZGDAW",2.17296827466319,144,54,63.5,67.5,20.5,16,352,319,194,181,56,41,120,105,382.4,43.643466692,-80.275012721,-0.782286,NA,NA,NA,27.612
683,6.0318,97,163,"2026-06-21_ZGDAW",2.10890379180902,200,53,65,59,23,19,352,340,194,187,56,56,120,120,382.2,43.643518073,-80.275078602,-1.35647,NA,NA,NA,28.4508
684,6.03977,100,163,"2026-06-21_ZGDAW",2.08907829865463,228,42,67,56,25,17,349,345,194,191,53,59,117,122,382,43.643569622,-80.275147669,-1.60741,NA,NA,NA,28.7208
685,6.04821,103,163,"2026-06-21_ZGDAW",2.00248307901798,195,43,71.5,85,24.5,28.5,342,339,195,197,51,60,117,125,382,43.643624188,-80.275220173,-1.60741,NA,NA,NA,29.9628
686,6.05668,103,162,"2026-06-21_ZGDAW",1.95848021934978,159,55,64,84.5,20,28.5,340,338,197,198,51,58,118,122,381.8,43.64367909,-80.275293263,-1.54856,NA,NA,NA,30.636
687,6.06536,90,162,"2026-06-21_ZGDAW",1.95000195000195,83,59,26,60,6,21.5,343,338,195,198,49,58,115,122,381.8,43.643735835,-80.275366353,-1.54856,NA,NA,NA,30.7692
688,6.07402,73,162,"2026-06-21_ZGDAW",1.92678227360308,32,59,26,60,6,21.5,343,340,195,197,49,60,115,127,381.8,43.643793,-80.275439108,-1.27496,NA,NA,NA,31.14
689,6.08285,75,162,"2026-06-21_ZGDAW",1.89415463878471,73,50,30,46.5,9.5,15.5,352,352,193,193,51,66,117,132,381.4,43.643850416,-80.275514377,-1.72796,NA,NA,NA,31.6764
690,6.09177,75,162,"2026-06-21_ZGDAW",1.84918081289989,37,56,55.5,29.5,16.5,10.5,357,352,191,193,53,66,118,132,381.2,43.643908083,-80.275593083,-1.68622,NA,NA,NA,32.4468
691,6.10088,75,161,"2026-06-21_ZGDAW",1.84141715464221,0,32,28.5,46.5,7.5,14.5,0,0,191,193,55,63,118,125,380.8,43.643968014,-80.275670616,-2.1253,NA,NA,NA,32.5836
692,6.1102,75,162,"2026-06-21_ZGDAW",1.82828726049437,0,32,28.5,46.5,7.5,14.5,0,0,191,193,55,63,118,125,380.4,43.644029118,-80.275749406,-2.29028,NA,NA,NA,32.8176
693,6.1194,0,162,"2026-06-21_ZGDAW",1.85680332739156,0,NA,0,0,0,0,0,0,0,0,0,0,0,0,380.2,43.644090473,-80.275825262,-2.24994,NA,NA,NA,32.3136
694,6.12805,0,162,"2026-06-21_ZGDAW",1.94567670635847,0,NA,0,0,0,0,0,0,0,0,0,0,0,0,379.8,43.644147973,-80.275897514,-2.46143,NA,NA,NA,30.8376
695,6.13624,0,162,"2026-06-21_ZGDAW",2.04373594931535,0,NA,0,0,0,0,0,0,0,0,0,0,0,0,379.6,43.644200779,-80.275971191,-2.70563,NA,NA,NA,29.358
696,6.14422,0,163,"2026-06-21_ZGDAW",2.19154065307911,0,NA,0,0,0,0,0,0,0,0,0,0,0,0,379.4,43.644231876,-80.276063308,-2.72012,NA,NA,NA,27.378
697,6.15171,0,162,"2026-06-21_ZGDAW",2.31674543601149,0,NA,0,0,0,0,0,0,0,0,0,0,0,0,379.4,43.644244784,-80.276154755,-2.72012,NA,NA,NA,25.8984
698,6.15805,0,162,"2026-06-21_ZGDAW",2.47390035129385,0,NA,0,0,0,0,0,0,0,0,0,0,0,0,380,43.64422735,-80.276235975,-1.77375,NA,NA,NA,24.2532
699,6.16599,0,161,"2026-06-21_ZGDAW",2.29000641201795,0,NA,0,0,0,0,0,0,0,0,0,0,0,0,380.4,43.644188123,-80.276317364,-0.816973,NA,NA,NA,26.2008
700,6.17377,30,161,"2026-06-21_ZGDAW",2.11882362912111,62,44,86,0,25,0,3,1,204,201,58,59,117,120,380.8,43.644137412,-80.276385257,-0.078619,NA,NA,NA,28.3176
701,6.1824,68,161,"2026-06-21_ZGDAW",1.95848021934978,508,52,86,0,25,0,3,1,204,201,58,59,117,120,381.4,43.644079242,-80.276455414,1.05571,NA,NA,NA,30.636
702,6.19129,74,161,"2026-06-21_ZGDAW",1.85866696405338,476,54,99.5,99,31,30,3,0,204,224,58,55,117,117,381.4,43.64402149,-80.276530851,1.48489,NA,NA,NA,32.2812
703,6.20034,77,161,"2026-06-21_ZGDAW",1.80433762765689,421,54,99.5,99,31,30,356,0,229,224,60,55,118,117,381.2,43.64396223,-80.27660721,1.48129,NA,NA,NA,33.2532
704,6.20987,80,161,"2026-06-21_ZGDAW",1.70276529083231,415,53,99,99.5,32,32,356,0,229,224,60,55,118,117,380.4,43.643903976,-80.276694801,1.10426,NA,NA,NA,35.2368
705,6.2198,84,162,"2026-06-21_ZGDAW",1.66168162180126,352,52,99.5,99.5,34,32,335,339,246,271,60,55,120,118,379.6,43.643846979,-80.276789433,0.542824,NA,NA,NA,36.108
706,6.23004,86,161,"2026-06-21_ZGDAW",1.60194796872998,238,54,82.5,98.5,25,28.5,312,336,224,229,60,59,122,121,378.8,43.643784366,-80.276883561,0.0122002,NA,NA,NA,37.4544
707,6.24083,88,161,"2026-06-21_ZGDAW",1.53978812515398,257,46,86.5,98.5,29,28.5,336,329,203,201,59,60,121,120,378,43.643715719,-80.276978612,-0.729227,NA,NA,NA,38.9664
708,6.25207,91,160,"2026-06-21_ZGDAW",1.48359147825055,224,52,83,87,29,26,342,329,200,201,58,60,120,120,377.6,43.643646065,-80.277080285,-2.03147,NA,NA,NA,40.4424
709,6.26393,96,160,"2026-06-21_ZGDAW",1.41651085047311,207,48,83,87,29,26,342,328,200,197,58,60,120,120,376.8,43.643569706,-80.27718246,-3.20979,NA,NA,NA,42.3576
710,6.27627,97,159,"2026-06-21_ZGDAW",1.35523391337345,167,48,83,87,29,26,346,339,197,197,56,59,118,121,376.6,43.643489072,-80.277286982,-3.886,NA,NA,NA,44.2728
711,6.28894,98,159,"2026-06-21_ZGDAW",1.31440588853838,281,52,0,0,0,0,352,349,195,197,55,68,120,129,376,43.643406929,-80.277394438,-5.05481,NA,NA,NA,45.648
712,6.30177,101,159,"2026-06-21_ZGDAW",1.26858476683412,316,53,71.5,59,24,17.5,346,349,200,200,56,66,121,131,375.2,43.643323278,-80.277505247,-5.67835,NA,NA,NA,47.2968
713,6.31505,105,158,"2026-06-21_ZGDAW",1.23952600525559,392,50,92,63.5,32.5,19.5,322,343,210,226,55,60,122,131,374.6,43.643237112,-80.277619995,-5.90916,NA,NA,NA,48.4056
714,6.32882,107,158,"2026-06-21_ZGDAW",1.21432908318154,318,49,73,94.5,23.5,31.5,312,335,208,235,56,58,125,129,373.8,43.643149605,-80.277739773,-5.65068,NA,NA,NA,49.41
715,6.34256,109,158,"2026-06-21_ZGDAW",1.20694233229536,208,53,69.5,94.5,24.5,31.5,336,335,205,235,55,58,127,129,373,43.643063439,-80.2778624,-5.42728,NA,NA,NA,49.7124
716,6.35659,111,158,"2026-06-21_ZGDAW",1.20042254873716,162,51,57.5,61.5,21,20,336,335,205,208,55,65,127,132,372.2,43.642974758,-80.277986201,-5.21624,NA,NA,NA,49.9824
717,6.37054,111,157,"2026-06-21_ZGDAW",1.20363014852796,171,51,57.5,61.5,21,20,353,343,203,201,58,69,122,132,371.4,43.642887838,-80.278111091,-5.04829,NA,NA,NA,49.8492
718,6.38429,111,157,"2026-06-21_ZGDAW",1.220911776915,257,62,72,54,29.5,16.5,356,346,204,203,65,69,129,134,370.2,43.642800834,-80.278232461,-5.56514,NA,NA,NA,49.1436
719,6.39781,109,157,"2026-06-21_ZGDAW",1.24564025909317,229,46,67.5,80,24,28,353,346,210,203,66,69,136,134,369.4,43.642715674,-80.278351819,-5.48232,NA,NA,NA,48.168
720,6.41112,107,157,"2026-06-21_ZGDAW",1.25520911783903,214,52,69,77.5,24,25,353,335,210,205,68,63,136,132,369,43.642629759,-80.278467573,-5.62077,NA,NA,NA,47.8008
721,6.42436,106,157,"2026-06-21_ZGDAW",1.26684909293605,234,53,74,67,27,22,347,340,205,205,63,70,132,135,368.8,43.642544264,-80.278582154,-5.29827,NA,NA,NA,47.3616
722,6.43754,105,157,"2026-06-21_ZGDAW",1.27949229745637,304,49,80,67,30.5,22,335,340,207,205,62,70,131,135,368.8,43.642459439,-80.278695561,-4.67473,NA,NA,NA,46.8936
723,6.45045,104,157,"2026-06-21_ZGDAW",1.29439784612198,248,54,79,98.5,28,35,335,340,207,205,62,70,131,135,369.6,43.642377799,-80.278809304,-3.60325,NA,NA,NA,46.3536
724,6.46333,103,158,"2026-06-21_ZGDAW",1.30862646566164,326,54,79,98.5,28,35,328,328,208,217,63,63,132,129,369.8,43.642296327,-80.278922795,-2.867,NA,NA,NA,45.8496
725,6.47595,102,157,"2026-06-21_ZGDAW",1.32611924464248,290,48,79,98.5,28,35,330,332,210,215,66,63,135,131,369.8,43.642216196,-80.279034274,-2.28476,NA,NA,NA,45.2448
726,6.4884,100,158,"2026-06-21_ZGDAW",1.35622643556568,328,61,95,70.5,34,20.5,316,325,208,221,62,63,132,132,369.6,43.642136903,-80.279143071,-1.87519,NA,NA,NA,44.2404
727,6.50075,99,158,"2026-06-21_ZGDAW",1.37615941430655,304,54,82.5,74,26.5,24,312,322,205,229,59,63,128,129,369.2,43.642057694,-80.279249689,-1.6256,NA,NA,NA,43.5996
728,6.51293,97,158,"2026-06-21_ZGDAW",1.38577090435409,316,47,82.5,74,26.5,24,322,330,203,214,62,63,129,128,369,43.641979743,-80.279355301,-0.917078,NA,NA,NA,43.2972
729,6.5247,102,158,"2026-06-21_ZGDAW",1.41422712487626,294,56,85.5,84.5,26.5,27,325,330,205,214,60,63,127,128,368.8,43.641903467,-80.279456386,-0.495286,NA,NA,NA,42.426
730,6.53642,102,157,"2026-06-21_ZGDAW",1.42097933896041,334,51,83.5,86.5,27,37,325,333,205,210,60,65,127,129,369,43.641826857,-80.279556299,-0.0241111,NA,NA,NA,42.2244
731,6.548,101,158,"2026-06-21_ZGDAW",1.42779633913019,335,46,83.5,86.5,27,37,323,336,207,208,63,68,131,136,369,43.641751587,-80.279656965,0.126946,NA,NA,NA,42.0228
732,6.55959,100,158,"2026-06-21_ZGDAW",1.45458776982603,343,47,83,81,26.5,26,325,330,207,208,66,62,134,129,369,43.641677743,-80.279757716,0.126946,NA,NA,NA,41.2488
733,6.57107,99,159,"2026-06-21_ZGDAW",1.45700381735,334,47,83,81,26.5,26,323,328,207,207,66,62,134,129,369.2,43.641603982,-80.279858215,-0.318512,NA,NA,NA,41.1804
734,6.58263,98,158,"2026-06-21_ZGDAW",1.4534461207523,308,49,80.5,86,26,27.5,319,328,204,207,65,62,131,129,369.4,43.641529215,-80.279958295,-0.300781,NA,NA,NA,41.2812
735,6.59408,98,158,"2026-06-21_ZGDAW",1.4750567896864,303,50,80,85.5,25,27.5,319,328,201,207,65,62,129,129,369.6,43.641455455,-80.280056363,-0.126109,NA,NA,NA,40.6764
736,6.60527,97,158,"2026-06-21_ZGDAW",1.49597582503067,292,49,79,80,24.5,25.5,323,335,200,203,63,60,128,125,369.6,43.6413827,-80.28015242,0.0345336,NA,NA,NA,40.1076
737,6.61643,96,159,"2026-06-21_ZGDAW",1.50611482619435,333,50,82,82,26.5,25.5,323,338,200,203,63,60,128,125,369.6,43.641311621,-80.280250656,0.35842,NA,NA,NA,39.8376
738,6.62756,98,159,"2026-06-21_ZGDAW",1.51763491774419,268,56,93.5,82.5,33,27,326,339,200,207,62,62,127,127,369.4,43.641239956,-80.280346628,0.342929,NA,NA,NA,39.5352
739,6.63852,107,158,"2026-06-21_ZGDAW",1.53454255286499,318,52,72.5,82.5,23.5,27,318,343,204,219,60,69,128,135,369.4,43.641167871,-80.280439248,0.512853,NA,NA,NA,39.0996
740,6.64944,106,158,"2026-06-21_ZGDAW",1.55183116076971,204,52,72.5,82.5,23.5,27,312,346,203,231,52,82,122,148,369.6,43.641095284,-80.280529102,0.525355,NA,NA,NA,38.664
741,6.65993,104,158,"2026-06-21_ZGDAW",1.57381177211206,261,60,76.5,82.5,25,27,330,340,203,218,51,75,121,141,369.6,43.641026217,-80.280619124,0.525355,NA,NA,NA,38.124
742,6.67058,103,158,"2026-06-21_ZGDAW",1.58353127474268,314,51,76,63.5,25.5,21.5,339,326,201,198,53,66,122,131,370.2,43.640956228,-80.280708643,1.08873,NA,NA,NA,37.89
743,6.68095,102,158,"2026-06-21_ZGDAW",1.61655350792111,327,48,85,72.5,28.5,23,326,326,203,198,56,66,125,131,370.8,43.640887497,-80.280795563,1.49311,NA,NA,NA,37.116
744,6.69111,100,158,"2026-06-21_ZGDAW",1.6433313613357,330,45,81.5,78.5,27,24,326,335,203,200,56,63,125,128,371.6,43.640824046,-80.280886926,2.1075,NA,NA,NA,36.5112
745,6.70123,98,158,"2026-06-21_ZGDAW",1.68673885908984,357,48,85,83,27,25,318,338,204,204,60,60,128,128,372.2,43.640761014,-80.280977367,2.52571,NA,NA,NA,35.5716
746,6.71111,103,159,"2026-06-21_ZGDAW",1.72747374239912,234,50,85.5,82.5,29.5,25.5,318,338,204,203,60,62,128,125,372.4,43.640698485,-80.281063952,2.72814,NA,NA,NA,34.7328
747,6.72059,104,159,"2026-06-21_ZGDAW",1.76497581983127,329,50,85.5,82.5,29.5,25.5,323,342,200,211,56,69,124,136,372.8,43.64063604,-80.281144837,3.15009,NA,NA,NA,33.9948
748,6.72997,102,159,"2026-06-21_ZGDAW",1.82448458310527,373,51,96,77,34,24.5,316,342,203,211,55,69,124,136,373,43.640575941,-80.281224633,3.543,NA,NA,NA,32.886
749,6.73896,101,159,"2026-06-21_ZGDAW",1.85102917221975,387,47,87,93.5,29,31.5,304,342,204,211,59,69,128,136,373.4,43.640516681,-80.28130116,3.98794,NA,NA,NA,32.4144
750,6.74777,101,159,"2026-06-21_ZGDAW",1.90020142135066,346,47,93,89,31,27,302,342,207,211,60,69,129,136,373.8,43.64046002,-80.281378105,4.25882,NA,NA,NA,31.5756
751,6.75639,101,159,"2026-06-21_ZGDAW",1.98247492169224,346,47,86.5,98,28.5,32,304,342,204,211,60,69,125,136,374.4,43.64040428,-80.281450777,4.95487,NA,NA,NA,30.2652
752,6.76461,96,159,"2026-06-21_ZGDAW",2.0228992191609,346,NA,0,0,0,0,0,0,0,0,0,0,0,0,375,43.64035072,-80.281521017,5.12142,NA,NA,NA,29.6604
753,6.77281,100,159,"2026-06-21_ZGDAW",2.02757502027575,416,45,0,0,0,0,0,332,0,217,0,63,0,128,375.6,43.640299087,-80.281593269,5.27453,NA,NA,NA,29.592
754,6.78069,99,159,"2026-06-21_ZGDAW",2.06731166790705,424,45,0,0,0,0,312,321,207,236,59,59,124,131,376,43.640248377,-80.281663509,4.99475,NA,NA,NA,29.0232
755,6.78874,97,159,"2026-06-21_ZGDAW",2.11882362912111,368,51,97,99,33.5,37.5,312,319,207,226,59,58,124,127,376.4,43.640196996,-80.281732828,4.89876,NA,NA,NA,28.3176
756,6.79647,95,159,"2026-06-21_ZGDAW",2.16788067984738,344,45,92.5,96,36,34.5,309,322,210,219,59,58,124,125,376.8,43.640148548,-80.281801978,5.21379,NA,NA,NA,27.6768
757,6.80412,93,159,"2026-06-21_ZGDAW",2.18636582272946,374,47,88,88.5,29,27.5,309,322,205,219,59,58,124,125,376.8,43.640097251,-80.28186677,4.79185,NA,NA,NA,27.4428
758,6.81188,93,160,"2026-06-21_ZGDAW",2.2025461433417,400,47,88,88.5,29.5,27.5,322,326,203,208,60,60,124,124,376.8,43.640047043,-80.281933071,4.57863,NA,NA,NA,27.2412
759,6.81951,91,161,"2026-06-21_ZGDAW",2.20779794233232,356,52,91,93,29,27,325,326,201,208,62,60,125,124,377,43.639996668,-80.281997444,4.39582,NA,NA,NA,27.1764
760,6.82707,90,162,"2026-06-21_ZGDAW",2.24951635398389,367,47,91.5,90,34.5,29.5,325,330,201,211,62,62,125,124,377,43.639947131,-80.282060644,3.94179,NA,NA,NA,26.6724
761,6.83436,89,162,"2026-06-21_ZGDAW",2.26387756950104,374,49,88,94,30,29,314,329,203,228,62,62,129,125,377.2,43.639898684,-80.282123257,3.52008,NA,NA,NA,26.5032
762,6.84176,89,162,"2026-06-21_ZGDAW",2.31964741359313,348,49,88,94,30,29,316,326,203,240,60,63,128,127,377.4,43.639850739,-80.282186121,3.06042,NA,NA,NA,25.866
763,6.84906,87,162,"2026-06-21_ZGDAW",2.33786879880301,342,49,89.5,97.5,29,32,328,332,203,224,60,65,124,127,377.8,43.639803884,-80.28224865,2.87666,NA,NA,NA,25.6644
764,6.85593,95,162,"2026-06-21_ZGDAW",2.41056792980426,183,49,90.5,97.5,31,32,329,338,203,215,62,68,127,128,378.4,43.639760382,-80.282309083,3.24241,NA,NA,NA,24.8904
765,6.86275,99,162,"2026-06-21_ZGDAW",2.4302517740838,314,48,81.5,86.5,29.5,25.5,335,343,201,205,62,69,127,132,378.8,43.639717299,-80.282369349,3.33202,NA,NA,NA,24.6888
766,6.86952,98,162,"2026-06-21_ZGDAW",2.46366100024637,342,53,91,79.5,31.5,24,332,343,201,205,60,69,127,132,379,43.639673965,-80.282428358,3.10998,NA,NA,NA,24.354
767,6.87611,97,163,"2026-06-21_ZGDAW",2.50890661849566,342,48,86.5,85,29.5,28,332,333,201,203,60,63,127,128,379.4,43.639631385,-80.282486612,3.71696,NA,NA,NA,23.9148
768,6.88301,96,163,"2026-06-21_ZGDAW",2.50513552783206,318,49,84.5,88.5,28,27,318,333,201,203,56,63,121,128,380,43.639584781,-80.28254143,4.58653,NA,NA,NA,23.9508
769,6.88969,95,162,"2026-06-21_ZGDAW",2.48793352241628,372,44,90.5,92.5,32,28,316,319,200,198,53,52,118,117,380,43.639541615,-80.282599265,4.3244,NA,NA,NA,24.1164
770,6.89631,95,163,"2026-06-21_ZGDAW",2.5017512258581,316,47,90.5,92.5,32,28,316,315,200,201,53,56,118,120,380,43.639496688,-80.282653747,4.3244,NA,NA,NA,23.9832
771,6.90302,96,163,"2026-06-21_ZGDAW",2.48793352241628,353,47,96,81,35,24.5,307,297,201,225,58,62,122,128,380.2,43.639451928,-80.282709487,4.34812,NA,NA,NA,24.1164
772,6.90985,97,163,"2026-06-21_ZGDAW",2.42706664725013,353,47,81.5,92,28.5,30,304,314,201,221,62,60,129,125,380.2,43.639409097,-80.282769669,4.07785,NA,NA,NA,24.7212
773,6.91685,99,163,"2026-06-21_ZGDAW",2.34115278363066,396,44,85,92.5,29,29,316,314,203,221,60,60,127,125,380.2,43.639369031,-80.282836305,3.5299,NA,NA,NA,25.6284
774,6.92377,101,163,"2026-06-21_ZGDAW",2.37518407676595,311,46,87,83,33.5,25,316,328,203,215,60,53,127,118,380,43.639327625,-80.282900343,2.36752,NA,NA,NA,25.2612
775,6.93085,102,163,"2026-06-21_ZGDAW",2.31385071035217,270,50,83.5,83.5,29.5,26,323,330,203,208,55,49,121,115,380.2,43.639282698,-80.282964297,2.0635,NA,NA,NA,25.9308
776,6.9381,102,164,"2026-06-21_ZGDAW",2.32872246285688,346,48,100,83.5,40,26,323,329,203,203,53,51,120,117,380.2,43.63923534,-80.283026071,1.76808,NA,NA,NA,25.7652
777,6.94539,102,164,"2026-06-21_ZGDAW",2.31674543601149,188,48,100,83.5,40,26,328,323,201,217,52,53,120,124,380.2,43.63918815,-80.283088936,1.1611,NA,NA,NA,25.8984
778,6.95277,95,163,"2026-06-21_ZGDAW",2.28404367091499,227,48,59.5,98.5,19,38,329,323,184,208,37,53,104,122,380.2,43.639140038,-80.283151632,0.291531,NA,NA,NA,26.2692
779,6.96029,97,163,"2026-06-21_ZGDAW",2.23264121455682,224,47,77.5,60,28,18,329,335,186,198,38,55,105,120,380.2,43.639089159,-80.283213239,0.291531,NA,NA,NA,26.874
780,6.96787,99,163,"2026-06-21_ZGDAW",2.18350146294598,298,54,76,79.5,26.5,24,330,338,195,195,49,56,115,120,380.2,43.639038784,-80.283276942,0.291531,NA,NA,NA,27.4788
781,6.97566,101,163,"2026-06-21_ZGDAW",2.13675213675214,276,54,76,79.5,26.5,24,322,338,204,195,53,56,120,120,380.2,43.638988074,-80.283343829,0,NA,NA,NA,28.08
782,6.98367,103,163,"2026-06-21_ZGDAW",2.08437552109388,239,45,69,85,22.5,28.5,322,332,204,200,53,53,120,118,380,43.638936609,-80.283413986,-0.256219,NA,NA,NA,28.7856
783,6.99204,97,162,"2026-06-21_ZGDAW",2.03674284084891,237,58,95.5,63.5,34,19,329,332,201,198,53,55,121,120,380,43.638884054,-80.283486992,-0.256219,NA,NA,NA,29.4588
784,7.00039,98,163,"2026-06-21_ZGDAW",2.00465078983241,230,47,68.5,76.5,22,26.5,315,326,201,200,55,62,124,127,380.2,43.6388315,-80.283559663,0.272319,NA,NA,NA,29.9304
785,7.00878,101,163,"2026-06-21_ZGDAW",1.95000195000195,228,47,68.5,76.5,22,26.5,321,326,198,200,53,62,121,127,380,43.638778694,-80.283634765,-0.248546,NA,NA,NA,30.7692
786,7.01741,103,163,"2026-06-21_ZGDAW",1.93303951132761,201,47,67,74,23.5,23,329,335,195,195,52,60,118,125,379.8,43.638723709,-80.283710119,-0.480296,NA,NA,NA,31.0392
787,7.02601,100,163,"2026-06-21_ZGDAW",1.91659000306654,155,49,62,66.5,19,20.5,329,339,195,193,52,59,118,120,379.8,43.638667634,-80.283784047,-0.480296,NA,NA,NA,31.3056
788,7.03474,95,164,"2026-06-21_ZGDAW",1.90020142135066,176,49,65,61,21,15,342,340,194,191,49,55,115,115,379.4,43.63860896,-80.283856467,-0.938486,NA,NA,NA,31.5756
789,7.04367,96,163,"2026-06-21_ZGDAW",1.85866696405338,206,45,62.5,72.5,19.5,24,339,338,194,201,56,59,120,121,379.2,43.638549281,-80.283932071,-1.16245,NA,NA,NA,32.2812
790,7.05279,98,163,"2026-06-21_ZGDAW",1.84713140492815,245,44,70,72.5,23,24,339,338,194,201,56,59,120,121,379,43.638490859,-80.284011616,-1.38175,NA,NA,NA,32.4828
791,7.06211,99,163,"2026-06-21_ZGDAW",1.81712458206135,236,57,78,98.5,25,33,339,338,194,215,56,60,120,124,379,43.638431599,-80.284092501,-1.38175,NA,NA,NA,33.0192
792,7.07139,100,163,"2026-06-21_ZGDAW",1.80609738477099,253,57,78,98.5,25,33,332,336,200,211,58,63,124,129,379.2,43.638371501,-80.284171794,-0.916543,NA,NA,NA,33.2208
793,7.08057,100,162,"2026-06-21_ZGDAW",1.82448458310527,236,48,70,96,24,38.5,328,335,201,219,59,65,129,135,379.2,43.638313666,-80.28425335,-0.916543,NA,NA,NA,32.886
794,7.08967,99,163,"2026-06-21_ZGDAW",1.83776234057412,245,47,78.5,70,27.5,22.5,321,336,201,212,59,65,127,134,379.2,43.638255412,-80.284332978,-1.15606,NA,NA,NA,32.6484
795,7.09877,99,163,"2026-06-21_ZGDAW",1.84345389521808,241,49,73,86.5,24,29,321,338,200,204,58,63,124,131,379.4,43.638196822,-80.284411432,-0.697905,NA,NA,NA,32.5476
796,7.10787,98,163,"2026-06-21_ZGDAW",1.85866696405338,242,51,77.5,86.5,26.5,29,325,339,200,201,58,62,122,128,379.6,43.638137143,-80.284487959,-0.246375,NA,NA,NA,32.2812
797,7.11677,97,163,"2026-06-21_ZGDAW",1.87835756414591,254,50,74,86.5,22,29,329,339,198,201,56,62,121,128,379.6,43.63808023,-80.28456524,-0.246375,NA,NA,NA,31.9428
798,7.12557,97,163,"2026-06-21_ZGDAW",1.89415463878471,260,52,75,73,23.5,22.5,329,340,198,200,56,60,121,125,380.2,43.638024323,-80.284641432,0.893633,NA,NA,NA,31.6764
799,7.13417,96,163,"2026-06-21_ZGDAW",1.87835756414591,284,49,83,73.5,24.5,21,336,340,198,200,59,60,124,125,380.6,43.637967745,-80.284716198,1.58271,NA,NA,NA,31.9428
800,7.14307,96,163,"2026-06-21_ZGDAW",1.87434397960714,282,49,83,73.5,24.5,21,339,342,200,200,60,60,125,124,380.8,43.63791058,-80.284793899,2.02673,NA,NA,NA,32.0112
801,7.15197,96,163,"2026-06-21_ZGDAW",1.9043266301036,303,52,93,91,33,26.5,328,332,201,203,65,62,131,127,381,43.637854757,-80.284873024,2.25145,NA,NA,NA,31.5072
802,7.16077,95,163,"2026-06-21_ZGDAW",1.93730869076679,250,49,77.5,91,26,26.5,311,330,201,205,65,63,131,127,381,43.637798514,-80.284949802,2.03593,NA,NA,NA,30.9708
803,7.16947,94,162,"2026-06-21_ZGDAW",1.96494537451859,257,46,80.5,77,26,23.5,314,333,198,204,60,63,125,127,380.6,43.637740763,-80.285021551,1.57616,NA,NA,NA,30.5352
804,7.17797,94,163,"2026-06-21_ZGDAW",1.97589409207666,288,55,88.5,74,27.5,22.5,316,333,198,204,59,63,122,127,380.4,43.637683598,-80.285091875,1.34087,NA,NA,NA,30.366
805,7.18647,100,163,"2026-06-21_ZGDAW",1.95848021934978,302,54,87,94.5,32,28.5,316,335,198,203,59,62,122,124,380.2,43.637628948,-80.285165552,0.885795,NA,NA,NA,30.636
806,7.19477,102,163,"2026-06-21_ZGDAW",2.00248307901798,328,50,75.5,78,24.5,22,325,335,201,205,59,65,124,128,380.8,43.637577064,-80.285238642,1.38891,NA,NA,NA,29.9628
807,7.20297,101,163,"2026-06-21_ZGDAW",2.00248307901798,285,48,73.5,72,23.5,21.5,322,330,203,207,60,69,128,134,381.2,43.63752342,-80.285310056,1.87671,NA,NA,NA,29.9628
808,7.21127,99,163,"2026-06-21_ZGDAW",2.02979742621686,285,48,73.5,72,23.5,21.5,325,333,203,200,60,63,127,124,381.6,43.637469105,-80.285380548,1.67682,NA,NA,NA,29.5596
809,7.21947,99,164,"2026-06-21_ZGDAW",2.06731166790705,296,52,85.5,84,28,26,325,326,201,200,56,62,124,125,381.8,43.637414623,-80.28544995,1.45561,NA,NA,NA,29.0232
810,7.22777,98,164,"2026-06-21_ZGDAW",2.05305083353864,329,45,86,84,33,26,319,326,203,204,58,60,125,125,382,43.637360727,-80.285519771,1.47185,NA,NA,NA,29.2248
811,7.23587,98,163,"2026-06-21_ZGDAW",2.04148293320268,279,48,83,89.5,29.5,28.5,318,326,207,204,60,60,128,125,381.8,43.637308257,-80.285590682,1.00022,NA,NA,NA,29.3904
812,7.24407,97,163,"2026-06-21_ZGDAW",2.05786722640655,302,54,99.5,79.5,39,25.5,318,329,207,217,60,60,128,125,381.8,43.637256959,-80.285663102,1.00022,NA,NA,NA,29.1564
813,7.25207,97,163,"2026-06-21_ZGDAW",2.08177200433009,302,45,77.5,84,25,26,318,328,207,217,60,60,128,127,381.8,43.6372065,-80.285734348,1.45999,NA,NA,NA,28.8216
814,7.26017,97,163,"2026-06-21_ZGDAW",2.07943439384487,293,55,90,77,33,23,323,322,215,214,58,55,128,122,382,43.637155371,-80.28580551,1.9422,NA,NA,NA,28.854
815,7.26847,97,163,"2026-06-21_ZGDAW",2.03674284084891,409,55,90,77,33,23,330,322,207,214,60,55,127,122,382.2,43.637099799,-80.285873739,2.41845,NA,NA,NA,29.4588
816,7.27667,98,163,"2026-06-21_ZGDAW",2.02511138112596,333,45,90.5,77,32,23,314,325,204,242,60,58,127,125,382.2,43.637044813,-80.285942638,1.69556,NA,NA,NA,29.628
817,7.28497,99,163,"2026-06-21_ZGDAW",2.03898540086453,278,44,89.5,99.5,32,31.5,308,314,203,240,60,60,127,129,382.4,43.636992175,-80.286013717,1.44872,NA,NA,NA,29.4264
818,7.29317,99,163,"2026-06-21_ZGDAW",2.01604774001048,221,51,87.5,96,34.5,34.5,300,323,201,221,63,63,134,131,382.4,43.636939537,-80.286086304,0.966794,NA,NA,NA,29.7612
819,7.30147,99,163,"2026-06-21_ZGDAW",2.02069188490139,257,43,81,75,26,25.5,300,323,201,221,63,63,134,131,382.2,43.636886228,-80.286157383,0.481928,NA,NA,NA,29.6928
820,7.30957,99,163,"2026-06-21_ZGDAW",2.04373594931535,238,51,77.5,71.5,27,22.5,312,328,195,212,55,63,124,129,381.8,43.636834176,-80.28622821,-0.252863,NA,NA,NA,29.358
821,7.31767,98,162,"2026-06-21_ZGDAW",2.05077724457569,281,51,82,79.5,28.5,26,318,336,195,201,53,55,121,121,381.6,43.636780867,-80.286298534,-0.252863,NA,NA,NA,29.2572
822,7.32607,98,162,"2026-06-21_ZGDAW",2.05305083353864,308,51,82,79.5,28.5,26,326,336,197,201,56,56,122,121,381.4,43.636728061,-80.286371457,-0.490959,NA,NA,NA,29.2248
823,7.33417,97,162,"2026-06-21_ZGDAW",2.08907829865463,270,49,84.5,76.5,29.5,23.5,325,336,198,203,59,56,125,121,381.6,43.636677937,-80.286443792,-0.244045,NA,NA,NA,28.7208
824,7.34207,96,162,"2026-06-21_ZGDAW",2.12395395267831,315,47,84.5,74,29,23.5,321,336,201,221,62,56,127,121,382,43.636629071,-80.286514536,0.0153706,NA,NA,NA,28.2492
825,7.34987,95,162,"2026-06-21_ZGDAW",2.11130816653999,311,46,79.5,80.5,26,23,318,332,203,221,59,58,124,122,382,43.636579366,-80.28658486,-0.225593,NA,NA,NA,28.4184
826,7.35787,95,163,"2026-06-21_ZGDAW",2.11882362912111,299,48,97,80.5,33.5,23,307,332,203,221,60,58,127,122,382.2,43.636528656,-80.28665443,0.0244067,NA,NA,NA,28.3176
827,7.36567,94,163,"2026-06-21_ZGDAW",2.13401621852326,223,54,83,73.5,30.5,23,307,329,203,243,60,60,127,129,382.6,43.63647828,-80.286721988,0.296263,NA,NA,NA,28.116
828,7.37357,94,162,"2026-06-21_ZGDAW",2.12639278727567,269,51,76,74,25,22.5,308,329,200,222,60,62,127,128,382.8,43.636427319,-80.286788959,0.549428,NA,NA,NA,28.2168
829,7.38157,95,163,"2026-06-21_ZGDAW",2.09170013386881,240,51,76,74,25,22.5,321,329,197,222,59,62,121,128,383,43.636375686,-80.286856517,1.04039,NA,NA,NA,28.6848
830,7.38927,96,163,"2026-06-21_ZGDAW",2.06731166790705,256,48,76.5,75,26.5,23,335,336,197,198,59,60,122,122,383.2,43.636325143,-80.286925333,1.79396,NA,NA,NA,29.0232
831,7.39777,98,163,"2026-06-21_ZGDAW",2.00924251557163,246,53,77.5,76.5,26,23.5,336,339,198,195,58,58,121,121,383.4,43.636271331,-80.286998507,2.27617,NA,NA,NA,29.862
832,7.40627,100,163,"2026-06-21_ZGDAW",1.95641115936925,261,49,81,76.5,28,23.5,336,339,198,197,58,56,121,120,383.4,43.636216597,-80.287072435,2.51426,NA,NA,NA,30.6684
833,7.41487,102,163,"2026-06-21_ZGDAW",1.93303951132761,290,52,87,80,35.5,27,323,339,201,197,53,56,124,120,383.2,43.636159014,-80.287144603,2.03479,NA,NA,NA,31.0392
834,7.42367,104,163,"2026-06-21_ZGDAW",1.89221919467151,187,48,69,75,23,25.5,323,335,201,215,53,53,124,120,382.8,43.63610076,-80.287218867,1.07392,NA,NA,NA,31.7088
835,7.43257,106,163,"2026-06-21_ZGDAW",1.90020142135066,214,51,71.5,68,23.5,21,332,332,200,211,49,56,121,124,382.4,43.636042924,-80.287294639,0.624478,NA,NA,NA,31.5756
836,7.44147,106,163,"2026-06-21_ZGDAW",1.89007333484539,225,47,69,64.5,22.5,21,339,333,200,198,51,62,121,127,382.2,43.635985089,-80.287370496,0.149759,NA,NA,NA,31.7448
837,7.45027,106,163,"2026-06-21_ZGDAW",1.87835756414591,233,54,81.5,65,28,20,335,335,198,197,51,65,120,129,382,43.63592826,-80.28744719,-0.590335,NA,NA,NA,31.9428
838,7.45927,104,163,"2026-06-21_ZGDAW",1.87244878852563,249,54,81.5,65,28,20,326,338,204,198,53,63,122,128,381.8,43.635872269,-80.287525896,-1.06572,NA,NA,NA,32.0436
839,7.46807,96,163,"2026-06-21_ZGDAW",1.87624301099478,250,55,71,97.5,24,32,330,318,200,204,56,63,121,129,381.8,43.635817451,-80.287605273,-1.31572,NA,NA,NA,31.9788
840,7.47697,97,163,"2026-06-21_ZGDAW",1.87624301099478,283,54,79,86,24.5,24,333,318,198,204,56,63,121,129,381.8,43.635762131,-80.28768599,-1.57546,NA,NA,NA,31.9788
841,7.48617,97,164,"2026-06-21_ZGDAW",1.84529081783289,296,52,80,86,28,24,333,329,198,201,56,60,121,125,381.8,43.635704379,-80.28776587,-1.81076,NA,NA,NA,32.5152
842,7.49517,98,163,"2026-06-21_ZGDAW",1.82828726049437,337,56,95.5,96.5,35,33,329,332,200,204,58,59,122,124,382,43.635645622,-80.287844828,-1.58853,NA,NA,NA,32.8176
843,7.50427,99,163,"2026-06-21_ZGDAW",1.84918081289989,331,50,95.5,96.5,35,33,325,333,203,221,60,63,127,129,382.6,43.635587033,-80.287922947,-0.696635,NA,NA,NA,32.4468
844,7.51347,99,164,"2026-06-21_ZGDAW",1.8321058224323,253,54,82.5,98,27.5,34.5,322,329,203,228,62,63,128,132,382.6,43.635528108,-80.288001821,-0.242089,NA,NA,NA,32.7492
845,7.52267,99,164,"2026-06-21_ZGDAW",1.81534328141452,263,54,82.5,98,27.5,34.5,316,330,203,211,60,60,127,127,382.8,43.635469938,-80.288082957,0.42474,NA,NA,NA,33.0516
846,7.53177,99,164,"2026-06-21_ZGDAW",1.8321058224323,237,48,75,71.5,25,26,318,333,200,203,58,62,124,127,383,43.635412019,-80.288162585,0.869239,NA,NA,NA,32.7492
847,7.54087,100,163,"2026-06-21_ZGDAW",1.81336815000181,281,49,74.5,74,24,23,326,336,198,200,58,62,124,128,382.6,43.635353764,-80.288242716,0.656952,NA,NA,NA,33.0876
848,7.55007,100,163,"2026-06-21_ZGDAW",1.80786057779224,255,52,78.5,74,27,23,326,336,198,200,58,62,124,128,382.4,43.635293666,-80.288322345,0.661783,NA,NA,NA,33.1884
849,7.55937,100,163,"2026-06-21_ZGDAW",1.81890938193459,276,48,76.5,95,26,31,326,338,201,210,59,59,125,125,382.2,43.635235077,-80.288405158,0.446729,NA,NA,NA,32.9868
850,7.56887,100,163,"2026-06-21_ZGDAW",1.80238635954003,287,48,76.5,95,26,31,325,335,201,214,60,59,127,125,382.2,43.635174727,-80.288487049,0.446729,NA,NA,NA,33.2892
851,7.57827,101,162,"2026-06-21_ZGDAW",1.78272185973544,283,48,76.5,95,26,31,322,335,201,214,59,59,127,125,382.2,43.635114712,-80.28856894,0.446729,NA,NA,NA,33.6564
852,7.58757,101,162,"2026-06-21_ZGDAW",1.79520321700416,225,48,0,0,0,0,319,335,204,214,66,59,135,125,382.4,43.635054363,-80.288647898,0.43956,NA,NA,NA,33.4224
853,7.59687,101,162,"2026-06-21_ZGDAW",1.77022481855196,286,48,0,0,0,0,312,335,203,214,66,59,135,125,382.8,43.634993259,-80.288727526,0.210327,NA,NA,NA,33.894
854,7.60627,102,162,"2026-06-21_ZGDAW",1.76161786985167,286,51,0,0,0,0,315,315,204,201,62,60,129,128,383,43.634931652,-80.288807908,0.423093,NA,NA,NA,34.0596
855,7.61577,103,162,"2026-06-21_ZGDAW",1.75290983031833,270,38,0,0,0,0,311,326,203,219,66,62,135,129,383,43.634868955,-80.288888542,0.205702,NA,NA,NA,34.2288
856,7.62537,103,162,"2026-06-21_ZGDAW",1.75808720112518,239,45,74,79.5,23.5,24,323,326,200,219,59,62,128,129,383,43.63480651,-80.288968925,-0.0140783,NA,NA,NA,34.128
857,7.63467,103,162,"2026-06-21_ZGDAW",1.76329524615602,242,49,76.5,65.5,25,20,323,328,200,221,59,65,128,131,383,43.634746412,-80.289050816,0.425482,NA,NA,NA,34.0272
858,7.64407,103,161,"2026-06-21_ZGDAW",1.76684688504894,240,53,85,65.5,29,20,332,336,198,200,53,60,122,127,382.8,43.634685643,-80.289132707,0.430108,NA,NA,NA,33.9588
859,7.65357,102,162,"2026-06-21_ZGDAW",1.80433762765689,229,53,85,65.5,29,20,329,339,198,198,52,58,121,125,382.6,43.634625209,-80.289214514,0.434635,NA,NA,NA,33.2532
860,7.66287,100,162,"2026-06-21_ZGDAW",1.80786057779224,254,44,69,67.5,23.5,21,321,339,197,203,58,60,125,129,382.8,43.63456486,-80.289294059,0.649689,NA,NA,NA,33.1884
861,7.67197,100,162,"2026-06-21_ZGDAW",1.82268883056285,240,53,77,68,25.5,21.5,328,335,197,204,58,65,125,132,383,43.634506102,-80.289373184,0.869469,NA,NA,NA,32.9184
862,7.68107,99,162,"2026-06-21_ZGDAW",1.84918081289989,240,50,78,71,26,22,326,340,198,200,59,63,127,129,383.2,43.634447429,-80.289451135,0.874195,NA,NA,NA,32.4468
863,7.69027,99,161,"2026-06-21_ZGDAW",1.83776234057412,310,53,84.5,76.5,28,24.5,322,340,200,200,59,63,125,129,383.4,43.634387918,-80.289530093,0.661479,NA,NA,NA,32.6484
864,7.69937,98,161,"2026-06-21_ZGDAW",1.85494342422556,289,42,82,76.5,29,24,322,338,200,207,59,62,125,128,383.4,43.634329999,-80.289608715,0.448713,NA,NA,NA,32.346
865,7.70807,97,161,"2026-06-21_ZGDAW",1.88026474127557,288,52,82.5,78.5,28.5,23,319,333,200,222,59,60,127,127,383.6,43.634274343,-80.289686835,0.678598,NA,NA,NA,31.9104
866,7.71697,97,161,"2026-06-21_ZGDAW",1.8960940462647,303,51,82.5,77,27,23.5,325,332,200,215,58,60,124,125,383.8,43.634218352,-80.289765038,0.903317,NA,NA,NA,31.644
867,7.72587,96,160,"2026-06-21_ZGDAW",1.90825127852836,304,51,82.5,77,27,23.5,329,336,200,204,56,60,121,124,384,43.634162528,-80.289843911,1.12804,NA,NA,NA,31.4424
868,7.73467,95,161,"2026-06-21_ZGDAW",1.91043863671099,285,44,80.5,88.5,30,26,323,336,198,218,62,62,127,125,384.2,43.634105196,-80.289920354,1.56808,NA,NA,NA,31.4064
869,7.74337,94,161,"2026-06-21_ZGDAW",1.93730869076679,325,44,84.5,76,29,22,312,335,200,225,62,63,125,127,384.4,43.634050295,-80.289995624,2.00849,NA,NA,NA,30.9708
870,7.75177,94,162,"2026-06-21_ZGDAW",1.95641115936925,311,47,84.5,76,29,22,312,335,200,225,62,63,125,127,384.6,43.633994974,-80.290068798,2.03153,NA,NA,NA,30.6684
871,7.76047,92,161,"2026-06-21_ZGDAW",1.95205746857187,313,58,86,96.5,25,28.5,312,333,200,225,62,66,125,131,384.6,43.633938564,-80.290142894,1.81175,NA,NA,NA,30.7368
872,7.76897,92,161,"2026-06-21_ZGDAW",1.98459950781932,328,58,90,74.5,29,23.5,309,329,200,210,60,63,124,127,384.6,43.633884333,-80.29021523,1.59197,NA,NA,NA,30.2328
873,7.77717,91,161,"2026-06-21_ZGDAW",1.99362041467305,284,51,86.5,84.5,27,25,319,333,201,207,60,63,124,127,384.8,43.633831024,-80.290285889,1.61848,NA,NA,NA,30.096
874,7.78537,91,161,"2026-06-21_ZGDAW",2.00706486833654,323,45,86.5,88,29.5,27.5,328,336,201,205,65,66,128,127,385,43.63377629,-80.290355459,1.86238,NA,NA,NA,29.8944
875,7.79377,91,161,"2026-06-21_ZGDAW",1.99576896978406,320,49,86.5,88,29.5,27.5,328,335,200,204,63,66,129,127,385.2,43.633721305,-80.290427627,1.87059,NA,NA,NA,30.0636
876,7.80227,91,160,"2026-06-21_ZGDAW",1.99792216095261,306,49,92.5,96.5,33,28.5,304,326,200,226,62,63,131,127,385.4,43.633666739,-80.290500969,1.88117,NA,NA,NA,30.0312
877,7.81077,91,161,"2026-06-21_ZGDAW",1.98696550627881,306,49,92.5,96.5,33,28.5,304,326,200,226,62,63,131,127,385.8,43.633610328,-80.290572802,2.12704,NA,NA,NA,30.1968
878,7.81937,92,160,"2026-06-21_ZGDAW",1.97378809411022,348,49,82.5,97.5,27.5,33.5,304,333,200,221,62,59,131,122,386,43.633553332,-80.290643713,2.13232,NA,NA,NA,30.3984
879,7.82787,92,160,"2026-06-21_ZGDAW",1.96726471514007,275,47,82.5,97.5,26.5,31.5,322,336,197,207,62,60,125,121,386,43.633497927,-80.290716635,1.90244,NA,NA,NA,30.4992
880,7.83647,93,160,"2026-06-21_ZGDAW",1.95205746857187,247,51,86,97.5,27.5,31.5,322,336,197,203,62,59,125,121,386,43.633443529,-80.29079115,1.66434,NA,NA,NA,30.7368
881,7.84507,93,161,"2026-06-21_ZGDAW",1.91857564943786,276,50,78.5,76.5,25,23.5,322,336,197,200,62,59,125,120,386,43.633388292,-80.290866839,1.66434,NA,NA,NA,31.2732
882,7.85387,94,161,"2026-06-21_ZGDAW",1.8960940462647,276,49,78.5,76.5,25,23.5,338,336,197,198,65,59,127,120,386,43.633331546,-80.290943533,1.66434,NA,NA,NA,31.644
883,7.86287,95,160,"2026-06-21_ZGDAW",1.87835756414591,255,49,76,84,25.5,26.5,338,335,197,198,63,59,127,121,386,43.63327522,-80.291022072,1.42044,NA,NA,NA,31.9428
884,7.87177,96,160,"2026-06-21_ZGDAW",1.85494342422556,256,47,72.5,84,25,24.5,338,340,197,198,63,60,127,124,386.2,43.63321772,-80.291099772,1.40125,NA,NA,NA,32.346
885,7.88097,97,160,"2026-06-21_ZGDAW",1.82828726049437,286,52,76.5,75.5,24.5,24.5,336,342,198,204,59,62,124,125,386.4,43.633159801,-80.291178897,1.38055,NA,NA,NA,32.8176
886,7.88987,99,161,"2026-06-21_ZGDAW",1.81159420289855,271,49,84.5,76.5,31.5,26,336,342,198,204,59,62,124,125,386.6,43.633101882,-80.291257855,1.36998,NA,NA,NA,33.12
887,7.89907,100,160,"2026-06-21_ZGDAW",1.80609738477099,269,53,79.5,99,28,36,322,338,197,242,55,68,121,136,386.6,43.6330417,-80.291336393,0.899388,NA,NA,NA,33.2208
888,7.90847,100,160,"2026-06-21_ZGDAW",1.7773985994099,315,43,71.5,81.5,24,27.5,319,336,198,214,58,63,124,131,386.4,43.632980428,-80.291416859,0.454064,NA,NA,NA,33.7572
889,7.91807,101,160,"2026-06-21_ZGDAW",1.75975785731883,315,45,79,77,26.5,24,323,336,198,214,53,63,121,131,386.2,43.632918821,-80.291500595,0.24573,NA,NA,NA,34.0956
890,7.92777,103,161,"2026-06-21_ZGDAW",1.73593028503975,264,45,79,77,26.5,24,325,330,200,219,53,56,121,124,385.8,43.632855287,-80.29158257,-0.166641,NA,NA,NA,34.5636
891,7.93757,104,160,"2026-06-21_ZGDAW",1.72586379482931,279,50,77,71.5,28.5,24,328,330,198,226,56,59,121,128,385.4,43.632791919,-80.291666137,-0.574804,NA,NA,NA,34.7652
892,7.94717,96,161,"2026-06-21_ZGDAW",1.72747374239912,299,45,70.5,99,20.5,39,328,335,198,225,56,62,121,128,385.4,43.63273048,-80.291750711,-0.574804,NA,NA,NA,34.7328
893,7.95687,94,161,"2026-06-21_ZGDAW",1.72586379482931,322,49,99.5,64,34,23,329,335,197,225,56,62,120,128,385.6,43.632669041,-80.291835703,-0.368619,NA,NA,NA,34.7652
894,7.96647,94,161,"2026-06-21_ZGDAW",1.73755907700862,248,48,81,96,23.5,31,329,323,197,217,56,62,120,125,386.2,43.632608523,-80.291920863,0.0316623,NA,NA,NA,34.5312
895,7.97607,93,160,"2026-06-21_ZGDAW",1.74941394632798,253,46,75,96,24.5,31,326,323,197,208,59,62,121,125,387,43.632546833,-80.29200376,0.647604,NA,NA,NA,34.2972
896,7.98577,93,161,"2026-06-21_ZGDAW",1.73088240384948,288,49,79.5,77.5,25,23,332,339,197,198,62,62,124,124,387.6,43.632483298,-80.292086741,1.04144,NA,NA,NA,34.6644
897,7.99547,93,160,"2026-06-21_ZGDAW",1.73593028503975,267,49,79.5,77.5,25,23,333,340,195,198,60,62,122,124,387.8,43.632420685,-80.292168968,1.24763,NA,NA,NA,34.5636
898,8.00497,93,160,"2026-06-21_ZGDAW",1.73755907700862,208,45,75,78,23.5,23.5,333,342,197,200,60,62,122,124,388,43.632360168,-80.292253457,1.67092,NA,NA,NA,34.5312
899,8.01457,93,160,"2026-06-21_ZGDAW",1.74100769525401,230,47,82.5,72,26.5,22,329,338,197,200,62,59,124,121,387.8,43.632298896,-80.292338198,1.67092,NA,NA,NA,34.4628
900,8.02427,93,161,"2026-06-21_ZGDAW",1.74428745857317,278,45,69,85,22,24.5,325,338,197,200,62,59,124,121,387.4,43.632236451,-80.292420928,1.67092,NA,NA,NA,34.398
901,8.03387,93,160,"2026-06-21_ZGDAW",1.74776286353468,211,45,68,73.5,21,21.5,325,335,197,198,62,60,124,122,387.4,43.632173419,-80.292502316,2.07908,NA,NA,NA,34.3296
902,8.04337,93,160,"2026-06-21_ZGDAW",1.74428745857317,187,50,61.5,84.5,18.5,24.5,338,336,197,197,62,60,124,122,387.4,43.632111644,-80.29258362,2.07908,NA,NA,NA,34.398
903,8.05297,93,160,"2026-06-21_ZGDAW",1.73088240384948,191,49,61.5,84.5,18.5,24.5,346,340,194,197,58,63,120,125,387.4,43.632047104,-80.292664506,1.8729,NA,NA,NA,34.6644
904,8.06287,94,161,"2026-06-21_ZGDAW",1.71098107654929,185,54,62.5,66.5,18.5,19.5,349,347,194,200,56,66,118,128,387.2,43.631982395,-80.292746984,1.04588,NA,NA,NA,35.0676
905,8.07267,95,161,"2026-06-21_ZGDAW",1.68827660723933,153,54,62.5,66.5,18.5,19.5,352,356,195,203,56,66,120,128,387.2,43.631921124,-80.292834407,0.212544,NA,NA,NA,35.5392
906,8.08267,96,160,"2026-06-21_ZGDAW",1.67554706611709,152,57,59,52.5,18.5,16,353,356,197,203,59,66,121,129,387,43.631858595,-80.292922249,-0.606013,NA,NA,NA,35.8092
907,8.09267,97,160,"2026-06-21_ZGDAW",1.65393139492574,159,52,54.5,52.5,16.5,16,353,356,197,203,59,66,121,129,386.6,43.631796485,-80.293011516,-1.2122,NA,NA,NA,36.2772
908,8.10257,98,160,"2026-06-21_ZGDAW",1.6493485073396,129,52,64,53.5,20.5,16,357,357,200,203,63,69,127,132,386.2,43.631733285,-80.293099526,-1.82677,NA,NA,NA,36.378
909,8.11267,99,160,"2026-06-21_ZGDAW",1.62983245322381,130,51,52,53.5,14.5,16.5,0,0,200,203,60,72,124,135,385.8,43.631666984,-80.293186614,-2.01447,NA,NA,NA,36.8136
910,8.12307,99,160,"2026-06-21_ZGDAW",1.62538196476172,198,44,59,44.5,18.5,13.5,0,0,198,203,59,72,122,135,385.2,43.631599258,-80.293274541,-2.17902,NA,NA,NA,36.9144
911,8.13337,100,160,"2026-06-21_ZGDAW",1.61357988834027,193,59,63,63.5,20,17.5,0,357,200,201,59,66,125,129,384.4,43.631533293,-80.29336473,-2.95572,NA,NA,NA,37.1844
912,8.14407,101,161,"2026-06-21_ZGDAW",1.58067779463834,228,50,71,61.5,22.5,17.5,0,356,200,203,59,70,125,132,384,43.631466908,-80.293459194,-3.32955,NA,NA,NA,37.9584
913,8.15467,102,160,"2026-06-21_ZGDAW",1.55734130692082,307,50,71,61.5,22.5,17.5,352,356,204,203,63,70,129,132,383.6,43.631400524,-80.29355349,-3.70691,NA,NA,NA,38.5272
914,8.16537,104,159,"2026-06-21_ZGDAW",1.54249575813666,266,51,78,68,26.5,19.5,339,356,204,203,62,70,129,132,383.2,43.631334055,-80.293649882,-3.87872,NA,NA,NA,38.898
915,8.17607,104,159,"2026-06-21_ZGDAW",1.55458135124211,236,51,72,75.5,24,24,339,343,204,203,62,58,129,124,382.8,43.631266078,-80.29374376,-4.25256,NA,NA,NA,38.5956
916,8.18677,105,159,"2026-06-21_ZGDAW",1.54378164752377,252,48,70,75.5,22.5,24,340,340,203,201,60,60,129,127,382.6,43.631196005,-80.293837553,-4.23947,NA,NA,NA,38.8656
917,8.19787,104,159,"2026-06-21_ZGDAW",1.55327741534638,232,51,75,69.5,27,20.5,338,340,203,201,62,65,131,131,382.4,43.631126351,-80.29393361,-4.01965,NA,NA,NA,38.628
918,8.20867,104,159,"2026-06-21_ZGDAW",1.5452129303418,237,55,90.5,67,33,20,336,340,204,200,59,68,127,132,382,43.631058207,-80.294030085,-3.98598,NA,NA,NA,38.8296
919,8.21937,104,159,"2026-06-21_ZGDAW",1.56966158096314,237,53,76,62,25.5,18.5,332,338,203,197,55,69,124,132,382,43.630990565,-80.294124549,-3.58994,NA,NA,NA,38.2248
920,8.23017,104,159,"2026-06-21_ZGDAW",1.55865207768322,247,53,76,62,25.5,18.5,330,338,200,197,52,65,121,132,382,43.630921582,-80.294218678,-3.01302,NA,NA,NA,38.4948
921,8.24067,104,159,"2026-06-21_ZGDAW",1.57099318188959,190,48,82,71.5,28.5,22.5,333,333,198,198,52,69,121,135,381.8,43.63085285,-80.294308448,-2.4268,NA,NA,NA,38.1924
922,8.25127,102,160,"2026-06-21_ZGDAW",1.59627111068544,186,50,68.5,81.5,25,25.5,338,333,195,198,49,69,118,135,381.8,43.630784454,-80.294398638,-2.05296,NA,NA,NA,37.5876
923,8.26167,102,159,"2026-06-21_ZGDAW",1.59063434497678,214,58,72.5,63.5,24,18,338,335,195,195,49,68,118,129,381.8,43.630718488,-80.294490671,-1.67561,NA,NA,NA,37.7208
924,8.27207,101,158,"2026-06-21_ZGDAW",1.61217514670794,212,45,69.5,57,23,16.5,342,338,198,194,53,66,121,125,381.6,43.630651098,-80.294580441,-1.49408,NA,NA,NA,37.2168
925,8.28247,101,158,"2026-06-21_ZGDAW",1.60782043861342,256,52,70,57,24,16.5,338,339,198,195,55,60,122,124,381.6,43.630584126,-80.294671469,-1.12025,NA,NA,NA,37.3176
926,8.29307,101,158,"2026-06-21_ZGDAW",1.60782043861342,256,54,82,67,28.5,19.5,336,339,200,194,60,59,128,122,381.8,43.63051749,-80.294763921,-0.744655,NA,NA,NA,37.3176
927,8.30317,101,158,"2026-06-21_ZGDAW",1.623798389192,291,54,82,67,28.5,19.5,333,340,200,195,62,63,128,125,381.8,43.630450351,-80.294851177,-0.564475,NA,NA,NA,36.9504
928,8.31357,100,158,"2026-06-21_ZGDAW",1.63126814785815,247,50,75.5,72,21,21,335,340,197,195,58,65,125,125,381.6,43.630382458,-80.294940276,-0.386412,NA,NA,NA,36.7812
929,8.32387,99,157,"2026-06-21_ZGDAW",1.67875369325813,183,45,73,73.5,25.5,21.5,339,340,195,195,59,65,125,125,381.6,43.630316157,-80.295029376,-0.386412,NA,NA,NA,35.7408
930,8.33327,77,158,"2026-06-21_ZGDAW",1.84713140492815,64,45,58,71,17.5,20,339,342,195,197,59,66,125,125,381.8,43.630254466,-80.295106825,-0.173646,NA,NA,NA,32.4828
931,8.34207,55,158,"2026-06-21_ZGDAW",1.92278111059837,0,0,0,0,0,0,0,0,0,0,0,0,0,0,382,43.630195709,-80.295181926,0.244103,NA,NA,NA,31.2048
932,8.35037,55,159,"2026-06-21_ZGDAW",2.11882362912111,0,100,0,0,0,0,0,0,0,0,0,0,0,0,382.2,43.630144663,-80.295258369,0.485066,NA,NA,NA,28.3176
933,8.35677,55,158,"2026-06-21_ZGDAW",3.00192122958694,0,100,0,0,0,0,0,0,0,0,0,0,0,0,382.6,43.630106274,-80.295315785,1.11007,NA,NA,NA,19.9872
934,8.36067,0,159,"2026-06-21_ZGDAW",5.3487376979033,0,NA,0,0,0,0,0,0,0,0,0,0,0,0,383.2,43.630081966,-80.295351073,2.84084,NA,NA,NA,11.2176
935,8.36347,0,159,"2026-06-21_ZGDAW",7.05915572497529,0,NA,0,0,0,0,0,0,0,0,0,0,0,0,383.4,43.630053216,-80.295362556,3.55512,NA,NA,NA,8.4996
936,8.36557,20,159,"2026-06-21_ZGDAW",7.44379931517046,0,NA,0,0,0,0,0,0,0,0,0,0,0,0,383.6,43.630037878,-80.295337243,4.31882,NA,NA,NA,8.0604
937,8.36857,20,159,"2026-06-21_ZGDAW",6.17970584600173,0,100,0,0,0,0,0,0,0,0,0,0,0,0,383.8,43.630046343,-80.295299525,4.98549,NA,NA,NA,9.7092
938,8.37247,17,159,"2026-06-21_ZGDAW",4.01412973667309,89,100,0,0,0,0,346,0,183,0,55,0,117,0,383.8,43.630073165,-80.295263818,5.1778,NA,NA,NA,14.9472
939,8.37757,41,159,"2026-06-21_ZGDAW",3.24191143097971,340,100,91.5,0,18,0,346,336,183,169,55,45,117,101,383.6,43.630106609,-80.295222998,4.78564,NA,NA,NA,18.5076
940,8.38327,41,158,"2026-06-21_ZGDAW",2.67393978287609,521,66,98.5,99,32.5,28,347,345,183,176,55,56,113,113,383.2,43.630144998,-80.295173628,3.87112,NA,NA,NA,22.4388
941,8.38987,55,158,"2026-06-21_ZGDAW",2.45350606015997,521,52,97,98.5,32.5,32,350,350,203,188,63,70,121,127,383,43.630187495,-80.295115793,3.34082,NA,NA,NA,24.4548
942,8.39697,69,159,"2026-06-21_ZGDAW",2.28717807968528,599,55,91,96.5,30.5,30.5,354,350,214,188,72,70,129,127,382.6,43.63023326,-80.295054354,2.53647,NA,NA,NA,26.2332
943,8.40447,78,159,"2026-06-21_ZGDAW",2.21896773620912,483,55,91,96.5,30.5,30.5,354,352,214,197,72,80,129,136,382.4,43.630282126,-80.294992076,1.64481,NA,NA,NA,27.0396
944,8.41247,84,159,"2026-06-21_ZGDAW",2.03898540086453,456,55,98.5,92,31.5,27,354,349,204,198,69,72,128,128,382.2,43.630331747,-80.294919908,-0.143655,NA,NA,NA,29.4264
945,8.42097,89,160,"2026-06-21_ZGDAW",1.94567670635847,490,61,99,89,34,25.5,335,343,207,201,66,60,128,120,382,43.630383463,-80.294842711,-1.09323,NA,NA,NA,30.8376
946,8.42977,93,159,"2026-06-21_ZGDAW",1.87034751056746,427,57,99.5,99.5,37,31,335,343,207,201,66,60,128,120,382,43.630440209,-80.294765011,-2.04562,NA,NA,NA,32.0796
947,8.43877,95,159,"2026-06-21_ZGDAW",1.85494342422556,372,51,92,93.5,32.5,30.5,316,335,212,203,65,59,128,120,381.8,43.630500559,-80.294690831,-2.9345,NA,NA,NA,32.346
948,8.44777,97,159,"2026-06-21_ZGDAW",1.83958793230316,330,54,99.5,75.5,39,21.5,301,328,215,203,63,58,128,121,381.8,43.630557304,-80.294611287,-2.9345,NA,NA,NA,32.616
949,8.45717,99,158,"2026-06-21_ZGDAW",1.78980526918671,335,45,89.5,91,34,27.5,293,328,211,203,62,58,129,121,381.8,43.630615307,-80.294527132,-2.54235,NA,NA,NA,33.5232
950,8.46667,101,158,"2026-06-21_ZGDAW",1.76684688504894,321,45,89.5,91,34,27.5,294,328,205,203,55,58,127,121,381.6,43.630674902,-80.294442643,-2.05112,NA,NA,NA,33.9588
951,8.47627,102,158,"2026-06-21_ZGDAW",1.73593028503975,348,54,91.5,91,34,27.5,298,328,210,203,52,58,124,121,381.6,43.630735336,-80.29435698,-1.74809,NA,NA,NA,34.5636
952,8.48597,104,158,"2026-06-21_ZGDAW",1.74264603373763,377,53,99.5,91,40.5,27.5,298,305,210,204,52,59,124,125,381.2,43.630798368,-80.294275172,-1.59708,NA,NA,NA,34.4304
953,8.49537,104,158,"2026-06-21_ZGDAW",1.74264603373763,220,54,99.5,91,40.5,27.5,304,315,215,205,51,60,122,127,381,43.63086031,-80.294194454,-1.54318,NA,NA,NA,34.4304
954,8.50497,104,158,"2026-06-21_ZGDAW",1.73250173250173,308,43,81,64,30,20,304,325,215,204,51,62,122,127,380.8,43.630921498,-80.294111055,-1.50151,NA,NA,NA,34.632
955,8.51467,104,158,"2026-06-21_ZGDAW",1.75125214528388,294,43,75.5,64,26,20,304,325,215,204,51,62,122,127,380.6,43.63098344,-80.294027738,-1.4724,NA,NA,NA,34.2612
956,8.52417,104,158,"2026-06-21_ZGDAW",1.72247485186716,281,43,73.5,97,25.5,34.5,304,332,215,197,51,68,122,131,380.8,43.631045466,-80.293946015,-1.26188,NA,NA,NA,34.8336
957,8.53367,104,158,"2026-06-21_ZGDAW",1.73755907700862,281,43,73.5,97,25.5,34.5,304,332,215,197,51,68,122,131,381,43.631105145,-80.293861944,-0.82913,NA,NA,NA,34.5312
958,8.54327,104,158,"2026-06-21_ZGDAW",1.72586379482931,304,43,94.5,78,33.5,25,311,332,203,197,56,68,125,131,381.2,43.63116692,-80.293777203,-0.620796,NA,NA,NA,34.7652
959,8.55277,104,158,"2026-06-21_ZGDAW",1.75975785731883,233,43,83.5,82,28.5,28,311,329,203,218,56,73,125,136,381.2,43.63122794,-80.293694642,-0.620796,NA,NA,NA,34.0956
960,8.56237,103,157,"2026-06-21_ZGDAW",1.75290983031833,214,43,65,77.5,20.5,24,322,335,200,205,55,70,124,132,381.2,43.631289547,-80.293611242,-0.41027,NA,NA,NA,34.2288
961,8.57177,102,158,"2026-06-21_ZGDAW",1.78272185973544,274,47,71,62.5,23.5,18.5,322,340,200,198,55,68,124,129,381,43.631350903,-80.293530608,-0.623036,NA,NA,NA,33.6564
962,8.58127,102,158,"2026-06-21_ZGDAW",1.78443968593862,350,49,79.5,90.5,27,30,330,340,200,198,55,68,122,129,381,43.631412845,-80.293450477,-0.210665,NA,NA,NA,33.624
963,8.59047,102,159,"2026-06-21_ZGDAW",1.79888469149128,350,47,86.5,99.5,28,35,312,340,203,198,59,66,128,129,381,43.631472105,-80.293370262,0,NA,NA,NA,33.354
964,8.59977,101,159,"2026-06-21_ZGDAW",1.83392018779343,291,47,86.5,99.5,28,35,322,336,200,200,58,66,125,131,381.2,43.631531868,-80.293290131,0.425488,NA,NA,NA,32.7168
965,8.60887,99,159,"2026-06-21_ZGDAW",1.84713140492815,332,54,78,79.5,23,22.5,322,335,198,200,59,69,125,131,381.2,43.631589787,-80.293210419,0.631674,NA,NA,NA,32.4828
966,8.61797,98,159,"2026-06-21_ZGDAW",1.84918081289989,280,49,78,86,25,25.5,322,328,198,226,59,66,125,129,381.2,43.6316467,-80.293129617,0.421147,NA,NA,NA,32.4468
967,8.62687,97,159,"2026-06-21_ZGDAW",1.8960940462647,271,44,76,76,24.5,21.5,328,326,198,208,60,63,127,127,381.4,43.631702691,-80.293051833,0.43534,NA,NA,NA,31.644
968,8.63567,95,159,"2026-06-21_ZGDAW",1.92056541445802,257,52,88.5,89,28,29,322,326,198,208,62,63,127,127,381.6,43.631758096,-80.292974468,0.45428,NA,NA,NA,31.2408
969,8.64427,95,160,"2026-06-21_ZGDAW",1.91857564943786,361,54,82,89,25.5,29,315,316,197,200,63,69,128,132,381.8,43.631813416,-80.29289878,0.686838,NA,NA,NA,31.2732
970,8.65287,95,159,"2026-06-21_ZGDAW",1.91857564943786,337,51,85,72.5,25.5,21.5,325,316,198,200,65,69,127,132,382,43.631867396,-80.292821415,0.919396,NA,NA,NA,31.2732
971,8.66167,94,159,"2026-06-21_ZGDAW",1.91857564943786,301,42,78,90.5,24.5,28,319,329,198,198,65,65,127,128,382.2,43.631924392,-80.292746648,1.35943,NA,NA,NA,31.2732
972,8.67037,94,160,"2026-06-21_ZGDAW",1.92477961273434,301,42,78,90.5,24.5,28,319,329,198,198,65,65,127,128,382.2,43.631981473,-80.292673139,1.35943,NA,NA,NA,31.1724
973,8.67907,94,160,"2026-06-21_ZGDAW",1.91043863671099,388,52,82.5,90.5,25,28,325,329,198,198,65,65,127,128,382.2,43.632037967,-80.292598289,1.35943,NA,NA,NA,31.4064
974,8.68777,95,160,"2026-06-21_ZGDAW",1.89825360668185,364,51,97,84.5,31.5,25,329,336,198,198,63,60,127,122,382.4,43.632093372,-80.292521175,1.37427,NA,NA,NA,31.608
975,8.69657,95,160,"2026-06-21_ZGDAW",1.91043863671099,280,52,82.5,88.5,25,27.5,309,307,201,201,62,62,125,124,382.4,43.632148022,-80.292443726,1.37427,NA,NA,NA,31.4064
976,8.70537,95,160,"2026-06-21_ZGDAW",1.8960940462647,257,51,76,77.5,24,22,308,307,200,201,62,62,125,124,382.6,43.632203677,-80.292365858,1.60154,NA,NA,NA,31.644
977,8.71427,95,160,"2026-06-21_ZGDAW",1.86657707096726,287,51,78.5,77.5,23.5,22,332,333,200,197,63,60,125,124,382.6,43.632260842,-80.292288661,1.37682,NA,NA,NA,32.1444
978,8.72337,96,160,"2026-06-21_ZGDAW",1.83776234057412,274,42,75.5,75,23.5,21,340,333,200,197,62,60,125,124,382.6,43.632318342,-80.292209033,1.14955,NA,NA,NA,32.6484
979,8.73227,97,160,"2026-06-21_ZGDAW",1.83776234057412,348,49,70,76.5,22.5,21.5,340,338,200,197,62,59,125,122,382.4,43.632376261,-80.2921315,0.69227,NA,NA,NA,32.6484
980,8.74147,99,160,"2026-06-21_ZGDAW",1.80609738477099,238,51,70,76.5,22.5,21.5,330,336,205,198,62,59,125,124,382.4,43.632435018,-80.292051872,0.459711,NA,NA,NA,33.2208
981,8.75077,100,161,"2026-06-21_ZGDAW",1.78616082592077,320,51,80.5,76.5,29,21.5,307,323,201,200,58,65,122,128,382.4,43.632495619,-80.291972663,0.232439,NA,NA,NA,33.5916
982,8.75077,101,161,"2026-06-21_ZGDAW",1.78616082592077,256,51,90,84,31,25,325,323,200,200,52,65,121,128,382.4,43.632495619,-80.291972663,0.232439,NA,NA,NA,33.5916
983,8.76947,102,161,"2026-06-21_ZGDAW",1.75290983031833,263,47,97.5,79.5,36,23,318,326,203,212,60,65,128,129,382.2,43.632615564,-80.291809635,0.125487,NA,NA,NA,34.2288
984,8.77897,102,161,"2026-06-21_ZGDAW",1.73919092838012,289,52,97.5,79.5,36,23,314,326,203,212,62,65,128,129,382.4,43.632676165,-80.291726319,0.106128,NA,NA,NA,34.4988
985,8.78867,96,162,"2026-06-21_ZGDAW",1.72407848005241,289,48,98.5,67.5,36,20,314,326,203,212,62,65,128,129,382.2,43.632738611,-80.291642752,-0.100057,NA,NA,NA,34.8012
986,8.79827,94,162,"2026-06-21_ZGDAW",1.72247485186716,245,50,76.5,99,25,34,326,326,203,208,63,68,128,132,381.8,43.63280005,-80.29155843,-0.743997,NA,NA,NA,34.8336
987,8.80807,94,161,"2026-06-21_ZGDAW",1.72087420409568,271,46,76.5,99,25,34,300,328,201,222,62,63,129,131,381.8,43.632863417,-80.291474443,-0.743997,NA,NA,NA,34.866
988,8.81777,94,161,"2026-06-21_ZGDAW",1.71909919202338,286,46,84.5,76.5,26,21,314,329,198,217,62,60,128,128,381.8,43.632926533,-80.291390875,-0.743997,NA,NA,NA,34.902
989,8.82747,94,161,"2026-06-21_ZGDAW",1.71414858239912,265,55,87,99.5,28,35,321,329,197,217,65,60,128,128,381.8,43.632988727,-80.291306134,-0.519278,NA,NA,NA,35.0028
990,8.83717,94,161,"2026-06-21_ZGDAW",1.71591338069254,283,52,82,75.5,27,22,325,336,198,201,63,59,127,124,381.8,43.633051088,-80.291221142,-0.519278,NA,NA,NA,34.9668
991,8.84697,94,160,"2026-06-21_ZGDAW",1.70607704643942,236,51,79.5,75.5,25,22,338,336,197,201,60,59,122,124,382,43.633114204,-80.29113682,-0.315196,NA,NA,NA,35.1684
992,8.85677,94,160,"2026-06-21_ZGDAW",1.70433241299383,207,54,76,67.5,26,21,338,340,197,200,60,59,122,121,382,43.633177906,-80.291053504,-0.315196,NA,NA,NA,35.2044
993,8.86667,95,160,"2026-06-21_ZGDAW",1.70120104793985,228,50,77,71,26.5,22.5,340,340,197,200,60,59,122,121,382,43.633241441,-80.290968428,-0.208244,NA,NA,NA,35.2692
994,8.87647,96,160,"2026-06-21_ZGDAW",1.67723323605381,276,52,82.5,71,26.5,22.5,343,338,198,194,62,58,125,121,382,43.633307071,-80.290885195,-0.418771,NA,NA,NA,35.7732
995,8.88637,96,161,"2026-06-21_ZGDAW",1.68197261748579,270,52,82.5,71,26.5,22.5,345,340,200,194,63,58,127,121,381.6,43.633371528,-80.29080079,-0.616625,NA,NA,NA,35.6724
996,8.89637,96,160,"2026-06-21_ZGDAW",1.67554706611709,195,44,79,84,27,26.5,340,339,201,198,65,59,128,124,381.4,43.633436404,-80.29071521,-0.399959,NA,NA,NA,35.8092
997,8.90617,96,160,"2026-06-21_ZGDAW",1.68673885908984,266,54,77.5,84,24.5,26.5,338,342,195,198,62,63,127,127,381,43.633502118,-80.290633487,-0.808122,NA,NA,NA,35.5716
998,8.91597,96,161,"2026-06-21_ZGDAW",1.69153218985757,223,47,85,75.5,28.5,25.5,336,339,194,198,60,62,124,125,381,43.633566491,-80.290550087,-0.808122,NA,NA,NA,35.4708
999,8.92607,96,160,"2026-06-21_ZGDAW",1.67084377610693,233,54,75.5,72.5,26.5,19.5,338,339,195,198,60,62,124,125,380.8,43.633631535,-80.290463502,-1.00614,NA,NA,NA,35.91
1000,8.93607,96,160,"2026-06-21_ZGDAW",1.66168162180126,223,45,70.5,80,22.5,24.5,338,339,195,198,60,62,124,125,380.8,43.633695405,-80.290376414,-1.00614,NA,NA,NA,36.108
1001,8.94607,97,161,"2026-06-21_ZGDAW",1.6493485073396,203,50,71,67.5,24,20.5,340,340,194,198,55,65,120,128,380.6,43.633760867,-80.290289996,-1.41022,NA,NA,NA,36.378
1002,8.95637,98,160,"2026-06-21_ZGDAW",1.64625312788094,206,50,71,67.5,24,20.5,345,340,194,197,56,66,121,131,380.4,43.633827671,-80.290203411,-1.6044,NA,NA,NA,36.4464
1003,8.96657,99,160,"2026-06-21_ZGDAW",1.62680982593135,210,55,75,72,25,23.5,347,340,197,197,60,68,125,132,380,43.633894391,-80.290115904,-1.99656,NA,NA,NA,36.882
1004,8.97707,99,160,"2026-06-21_ZGDAW",1.59489633173844,251,54,77,72,26,24.5,347,340,198,195,60,68,125,131,379.8,43.633961446,-80.290024374,-2.18703,NA,NA,NA,37.62
1005,8.98757,101,160,"2026-06-21_ZGDAW",1.58911772184083,268,49,74.5,73,25,22.5,346,339,198,194,59,66,125,128,379.6,43.634027412,-80.289931251,-1.97347,NA,NA,NA,37.7568
1006,8.99827,102,160,"2026-06-21_ZGDAW",1.56818466942667,216,55,74,73.5,25.5,21,349,340,198,194,60,66,128,128,379.4,43.634095222,-80.289838128,-1.96038,NA,NA,NA,38.2608
1007,9.00887,103,160,"2026-06-21_ZGDAW",1.55996505678273,199,52,68,64,22.5,21,347,340,200,194,59,66,127,128,379.2,43.634163534,-80.289746262,-1.7409,NA,NA,NA,38.4624
1008,9.01957,98,161,"2026-06-21_ZGDAW",1.53454255286499,233,66,87.5,64,27.5,21,347,342,200,194,59,66,127,125,379,43.634233858,-80.28965448,-1.92781,NA,NA,NA,39.0996
1009,9.03067,93,160,"2026-06-21_ZGDAW",1.50993537476596,326,52,100,64,37,21,347,342,200,197,59,63,127,121,378.8,43.634305691,-80.289559346,-1.90998,NA,NA,NA,39.7368
1010,9.04187,95,160,"2026-06-21_ZGDAW",1.49342891278375,335,52,100,64,37,21,349,342,200,197,60,63,127,121,378.4,43.634379368,-80.289464547,-2.26712,NA,NA,NA,40.176
1011,9.05307,96,160,"2026-06-21_ZGDAW",1.47872120190459,287,48,85,97.5,25.5,34,349,330,201,217,62,65,127,128,378.2,43.634453213,-80.289368825,-2.24569,NA,NA,NA,40.5756
1012,9.06437,96,161,"2026-06-21_ZGDAW",1.47741039505954,270,48,79.5,76.5,25,22.5,343,335,203,207,68,63,131,127,378.2,43.634524794,-80.289270254,-2.05151,NA,NA,NA,40.6116
1013,9.07577,97,161,"2026-06-21_ZGDAW",1.4750567896864,249,49,82,76.5,25.5,22.5,335,338,201,200,65,65,129,127,378,43.634597801,-80.289171599,-1.8348,NA,NA,NA,40.6764
1014,9.08707,97,161,"2026-06-21_ZGDAW",1.47623265426631,222,52,77.5,79.5,24,25,333,338,198,200,63,65,128,127,377.8,43.634670136,-80.289072357,-1.82131,NA,NA,NA,40.644
1015,9.09857,97,161,"2026-06-21_ZGDAW",1.46288656777553,248,45,75,73,24,22.5,333,342,198,207,63,63,128,128,378,43.634744735,-80.28897454,-1.45692,NA,NA,NA,41.0148
1016,9.10987,97,161,"2026-06-21_ZGDAW",1.47141049409964,213,50,70.5,98,24,33,336,343,197,229,68,66,132,129,377.8,43.634818664,-80.288877562,-1.447,NA,NA,NA,40.7772
1017,9.12107,97,162,"2026-06-21_ZGDAW",1.48359147825055,299,47,72,70.5,22,20.5,332,343,197,210,68,66,132,131,377.6,43.634891251,-80.288780164,-1.43689,NA,NA,NA,40.4424
1018,9.13237,96,161,"2026-06-21_ZGDAW",1.49342891278375,269,47,72,70.5,22,20.5,333,343,197,204,68,65,132,129,377.4,43.63496409,-80.288683605,-1.42696,NA,NA,NA,40.176
1019,9.14357,96,161,"2026-06-21_ZGDAW",1.49597582503067,277,51,77,83.5,25.5,23.5,338,340,197,200,63,60,128,125,377.2,43.635037096,-80.288588302,-1.42536,NA,NA,NA,40.1076
1020,9.15457,95,161,"2026-06-21_ZGDAW",1.50475502588179,277,51,75,76.5,23,23,330,339,197,200,60,62,124,125,377,43.635110354,-80.288495263,-1.25003,NA,NA,NA,39.8736
1021,9.16567,94,161,"2026-06-21_ZGDAW",1.51763491774419,277,48,77.5,69.5,24.5,20.5,325,339,198,200,60,62,124,125,377,43.635182019,-80.288401134,-1.07146,NA,NA,NA,39.5352
1022,9.17647,94,161,"2026-06-21_ZGDAW",1.53454255286499,317,52,97,82,33.5,22.5,325,339,198,200,60,62,124,125,377.2,43.635250499,-80.288306,-0.886275,NA,NA,NA,39.0996
1023,9.18737,93,161,"2026-06-21_ZGDAW",1.53454255286499,269,46,77.5,98,24.5,31,301,339,204,211,62,66,129,129,377.6,43.63531965,-80.288209357,-0.343864,NA,NA,NA,39.0996
1024,9.19837,93,161,"2026-06-21_ZGDAW",1.53059662656504,287,51,85,98,27.5,31,297,330,203,224,66,69,134,134,377.6,43.635389555,-80.288114473,-0.166873,NA,NA,NA,39.2004
1025,9.20917,94,162,"2026-06-21_ZGDAW",1.53327200245324,264,51,85,98,27.5,31,308,333,201,228,66,60,131,127,377.6,43.635459712,-80.288020931,-0.340786,NA,NA,NA,39.132
1026,9.22017,93,161,"2026-06-21_ZGDAW",1.53850887719622,283,44,83.5,98,27,31,315,332,200,235,69,63,132,127,377.6,43.635530036,-80.28792521,-0.163795,NA,NA,NA,38.9988
1027,9.23107,93,161,"2026-06-21_ZGDAW",1.53327200245324,291,48,84,92.5,26,27.5,321,332,198,235,68,63,129,127,377.6,43.635599773,-80.287830327,0.0147769,NA,NA,NA,39.132
1028,9.24197,93,160,"2026-06-21_ZGDAW",1.52793057083486,282,48,81,92.5,25,27.5,328,332,200,219,66,65,128,128,377.4,43.6356706,-80.287736114,0,NA,NA,NA,39.2688
1029,9.25287,93,160,"2026-06-21_ZGDAW",1.52933259925369,289,50,83,80.5,25.5,24,328,332,200,219,66,65,128,128,377.4,43.635741344,-80.287642488,0.186853,NA,NA,NA,39.2328
1030,9.26387,93,160,"2026-06-21_ZGDAW",1.52276534186082,279,54,79.5,82,24.5,26,330,336,201,203,66,62,128,124,377.8,43.635810327,-80.287545761,0.732308,NA,NA,NA,39.402
1031,9.27467,93,160,"2026-06-21_ZGDAW",1.52933259925369,278,54,82,82,25.5,26,330,335,201,201,66,62,128,124,377.8,43.635878891,-80.287449202,0.732308,NA,NA,NA,39.2328
1032,9.28567,93,161,"2026-06-21_ZGDAW",1.52793057083486,297,54,82,82,25.5,26,332,342,200,203,65,62,127,124,377.6,43.635950975,-80.287355827,0.365304,NA,NA,NA,39.2688
1033,9.29667,93,160,"2026-06-21_ZGDAW",1.53454255286499,323,48,87,72.5,28,21,332,345,201,207,66,63,128,125,377.6,43.636023981,-80.287263543,0,NA,NA,NA,39.0996
1034,9.30757,93,161,"2026-06-21_ZGDAW",1.53581521071385,260,50,84,91.5,25,27,325,321,201,207,63,65,127,127,377.4,43.636097407,-80.287174275,-0.185154,NA,NA,NA,39.0672
1035,9.31837,93,161,"2026-06-21_ZGDAW",1.55458135124211,339,48,86.5,84,28.5,24.5,326,326,198,219,65,63,129,125,377.2,43.636167312,-80.287082158,-0.370339,NA,NA,NA,38.5956
1036,9.32907,92,160,"2026-06-21_ZGDAW",1.56966158096314,309,47,82,95,24.5,27.5,323,332,198,221,66,62,129,124,377.4,43.636235121,-80.286988365,-0.183424,NA,NA,NA,38.2248
1037,9.33977,91,160,"2026-06-21_ZGDAW",1.57515042686577,297,46,89.5,78.5,30,22.5,318,332,200,221,68,62,131,124,377.8,43.636301003,-80.286892224,0.190408,NA,NA,NA,38.0916
1038,9.35037,90,160,"2026-06-21_ZGDAW",1.57932973246154,305,54,91.5,85.5,28.5,25.5,318,339,200,226,68,62,131,124,378.2,43.636367891,-80.28679885,0.751253,NA,NA,NA,37.9908
1039,9.36087,90,161,"2026-06-21_ZGDAW",1.57515042686577,285,54,91.5,85.5,28.5,25.5,315,333,200,218,63,65,128,125,378.6,43.636434778,-80.286707068,1.13221,NA,NA,NA,38.0916
1040,9.37147,91,161,"2026-06-21_ZGDAW",1.55588747821758,287,48,80.5,85.5,25.5,25.5,319,325,200,211,62,65,125,125,379,43.636503845,-80.286615538,1.14593,NA,NA,NA,38.5632
1041,9.38217,91,161,"2026-06-21_ZGDAW",1.53581521071385,297,50,81.5,83.5,25.5,23.5,328,329,200,203,63,63,125,124,379,43.636572325,-80.286522498,1.14593,NA,NA,NA,39.0672
1042,9.39307,93,160,"2026-06-21_ZGDAW",1.51501378662546,257,50,86,79,27.5,22.5,335,336,200,224,66,62,128,124,378.8,43.636641392,-80.286427029,1.14426,NA,NA,NA,39.6036
1043,9.40397,94,161,"2026-06-21_ZGDAW",1.50353330326267,202,48,69,79.5,22.5,23.5,332,338,195,217,60,60,122,124,378.4,43.636710627,-80.286330385,0.777287,NA,NA,NA,39.906
1044,9.41497,95,161,"2026-06-21_ZGDAW",1.49718529165169,180,51,70.5,79.5,23.5,23.5,340,338,194,217,58,60,120,124,377.8,43.636780532,-80.286233742,0.415319,NA,NA,NA,40.0752
1045,9.42617,96,161,"2026-06-21_ZGDAW",1.47375246853538,259,50,76.5,63,27,18,340,346,194,200,58,59,120,122,377.4,43.636852113,-80.286134835,0.243361,NA,NA,NA,40.7124
1046,9.43757,97,160,"2026-06-21_ZGDAW",1.46649068778413,294,50,79.5,63,25.5,18,345,347,197,195,58,58,121,121,377.2,43.63692579,-80.286036851,-0.118994,NA,NA,NA,40.914
1047,9.44907,97,160,"2026-06-21_ZGDAW",1.45815106445028,232,58,78.5,79.5,24,22,342,346,197,195,58,59,121,122,377,43.636999719,-80.285937442,-0.666738,NA,NA,NA,41.148
1048,9.46047,97,161,"2026-06-21_ZGDAW",1.45700381735,269,58,78.5,79.5,24,22,336,333,198,197,60,63,125,125,377,43.637073312,-80.285839038,-1.0441,NA,NA,NA,41.1804
1049,9.47197,98,161,"2026-06-21_ZGDAW",1.45458776982603,268,51,81,78,26,22,339,318,200,197,62,65,127,127,377,43.637146989,-80.285739461,-1.42505,NA,NA,NA,41.2488
1050,9.48367,98,161,"2026-06-21_ZGDAW",1.4301241347749,249,54,81.5,78,27.5,22,336,323,200,198,60,65,127,127,377,43.637221169,-80.285637202,-1.80241,NA,NA,NA,41.9544
1051,9.49537,99,161,"2026-06-21_ZGDAW",1.42097933896041,266,56,78.5,71.5,26,22.5,339,323,200,198,59,65,124,127,377,43.637296019,-80.285534356,-1.80241,NA,NA,NA,42.2244
1052,9.50707,100,161,"2026-06-21_ZGDAW",1.40980093610782,223,48,72.5,68,24,20.5,339,340,200,197,59,70,124,128,376.8,43.63737154,-80.285433438,-1.78986,NA,NA,NA,42.5592
1053,9.51897,101,160,"2026-06-21_ZGDAW",1.39225350151756,268,46,80.5,70,27.5,19.5,343,340,200,193,55,66,121,122,376.6,43.637448486,-80.28533034,-1.59096,NA,NA,NA,43.0956
1054,9.53107,102,160,"2026-06-21_ZGDAW",1.39004726160689,201,49,68,97.5,24,39.5,322,340,200,214,52,66,118,131,376.6,43.637527359,-80.285227746,-1.0455,NA,NA,NA,43.164
1055,9.54307,103,160,"2026-06-21_ZGDAW",1.36668033347,207,49,68,97.5,24,39.5,328,339,197,219,51,68,118,135,376.2,43.637606485,-80.285124397,-1.02169,NA,NA,NA,43.902
1056,9.55537,104,161,"2026-06-21_ZGDAW",1.37083950211109,205,51,70.5,63,23,20,340,342,195,198,49,66,118,128,375.4,43.637686113,-80.285019539,-1.49666,NA,NA,NA,43.7688
1057,9.56767,104,160,"2026-06-21_ZGDAW",1.35622643556568,237,54,68.5,72.5,23,23.5,343,342,198,195,51,68,120,129,375.2,43.637767417,-80.284914095,-1.48535,NA,NA,NA,44.2404
1058,9.58007,105,160,"2026-06-21_ZGDAW",1.36982548423331,228,54,70.5,72.5,23,23.5,343,342,200,195,51,68,121,129,374.8,43.637849057,-80.284810159,-1.80793,NA,NA,NA,43.8012
1059,9.59247,104,160,"2026-06-21_ZGDAW",1.36982548423331,191,53,67.5,66.5,21.5,19,343,342,200,195,51,68,121,129,374.2,43.637930697,-80.28470547,-2.2918,NA,NA,NA,43.8012
1060,9.60467,104,161,"2026-06-21_ZGDAW",1.39004726160689,203,53,67.5,66.5,21.5,19,343,343,200,195,51,60,121,121,374.2,43.638008481,-80.284600444,-2.2918,NA,NA,NA,43.164
1061,9.61677,103,160,"2026-06-21_ZGDAW",1.38680867587508,190,53,67.5,66.5,21.5,19,343,346,200,195,51,66,121,129,374.4,43.638085007,-80.284494078,-2.12651,NA,NA,NA,43.2648
1062,9.62867,103,160,"2026-06-21_ZGDAW",1.39225350151756,280,53,0,0,0,0,343,336,200,197,51,69,121,132,374.4,43.638159271,-80.284387376,-1.95557,NA,NA,NA,43.0956
1063,9.64057,102,160,"2026-06-21_ZGDAW",1.41087502469031,207,53,0,0,0,0,343,335,200,217,51,69,121,135,374.4,43.638234876,-80.284284027,-1.7875,NA,NA,NA,42.5268
1064,9.65237,102,161,"2026-06-21_ZGDAW",1.40209192114635,281,54,0,0,0,0,343,335,200,217,51,69,121,135,374.4,43.638311738,-80.284181768,-1.7875,NA,NA,NA,42.7932
1065,9.66407,101,160,"2026-06-21_ZGDAW",1.41314792832514,264,53,89,66,29.5,20.5,325,338,204,207,59,69,127,132,374.4,43.638388851,-80.284082191,-1.45417,NA,NA,NA,42.4584
1066,9.67577,101,159,"2026-06-21_ZGDAW",1.42328494164532,302,59,96,80,33.5,25.5,305,338,204,219,62,65,129,132,374.2,43.638466216,-80.283983955,-0.974704,NA,NA,NA,42.156
1067,9.68737,100,159,"2026-06-21_ZGDAW",1.42779633913019,261,49,76,70.5,23.5,22.5,305,338,204,219,62,65,129,132,374.2,43.638539977,-80.283881612,-0.812103,NA,NA,NA,42.0228
1068,9.69897,99,159,"2026-06-21_ZGDAW",1.44990575612585,339,48,81,70.5,25.5,22.5,308,330,200,214,62,66,128,132,374.2,43.638612816,-80.28377885,-0.489522,NA,NA,NA,41.382
1069,9.71057,99,159,"2026-06-21_ZGDAW",1.47375246853538,303,53,81,70.5,25.5,22.5,321,330,201,204,63,66,129,129,374.2,43.638683978,-80.28367701,0,NA,NA,NA,40.7124
1070,9.72177,97,159,"2026-06-21_ZGDAW",1.47011261062597,353,53,76.5,70.5,25,22.5,329,332,201,198,62,62,127,125,374.2,43.638757739,-80.283580283,0,NA,NA,NA,40.8132
1071,9.73297,97,160,"2026-06-21_ZGDAW",1.48610491900728,392,50,88.5,76,29,21.5,329,333,203,205,60,60,125,124,374.2,43.6388315,-80.283484729,-0.17094,NA,NA,NA,40.374
1072,9.74407,96,159,"2026-06-21_ZGDAW",1.50856867004586,289,49,91,87,29,26,316,328,205,231,65,65,129,129,374.2,43.638903249,-80.283388589,-0.17094,NA,NA,NA,39.7728
1073,9.75517,95,159,"2026-06-21_ZGDAW",1.5266709413453,310,44,87.5,94.5,31,30.5,305,328,203,231,62,65,129,129,374.4,43.63897483,-80.283294041,0,NA,NA,NA,39.3012
1074,9.76607,94,160,"2026-06-21_ZGDAW",1.52933259925369,280,56,94.5,98.5,31,33.5,305,328,203,231,62,63,129,128,374.6,43.639045238,-80.283199493,0.192726,NA,NA,NA,39.2328
1075,9.77697,93,159,"2026-06-21_ZGDAW",1.53723175305909,289,44,77,80,24.5,27,305,330,203,226,62,63,129,128,374.8,43.639116149,-80.283106202,0.376212,NA,NA,NA,39.0312
1076,9.78787,93,159,"2026-06-21_ZGDAW",1.53850887719622,242,50,77,80,24.5,27,301,335,200,229,60,66,128,132,375.2,43.639186641,-80.283013247,0.914125,NA,NA,NA,38.9988
1077,9.79857,93,159,"2026-06-21_ZGDAW",1.53581521071385,219,50,74.5,84,23,23.5,330,335,195,229,65,66,128,132,375.2,43.639257217,-80.282920962,0.914125,NA,NA,NA,39.0672
1078,9.80957,93,159,"2026-06-21_ZGDAW",1.52276534186082,284,52,73,68,22.5,19.5,339,346,195,201,65,65,127,127,375.2,43.639327876,-80.282827001,0.914125,NA,NA,NA,39.402
1079,9.82067,94,160,"2026-06-21_ZGDAW",1.49597582503067,255,51,79,75,23.5,21.5,343,349,195,197,62,63,124,125,374.8,43.639399374,-80.282732286,0.553765,NA,NA,NA,40.1076
1080,9.83177,95,159,"2026-06-21_ZGDAW",1.48240386610928,285,48,71.5,78.5,24,22,343,347,197,198,65,63,127,125,374.4,43.639472212,-80.282637738,0.193404,NA,NA,NA,40.4748
1081,9.84287,96,159,"2026-06-21_ZGDAW",1.47375246853538,217,49,69,76.5,21.5,21.5,343,347,197,198,65,63,128,125,374,43.639545303,-80.282543022,-0.166956,NA,NA,NA,40.7124
1082,9.85437,97,159,"2026-06-21_ZGDAW",1.43702937288038,209,53,68,64.5,20.5,17.5,343,347,197,198,65,63,128,125,373.6,43.639620907,-80.282444786,-0.514782,NA,NA,NA,41.7528
1083,9.86607,99,159,"2026-06-21_ZGDAW",1.40872848167244,189,53,66.5,64.5,20.5,17.5,346,349,198,197,65,63,129,125,373.2,43.639696764,-80.282342946,-1.03684,NA,NA,NA,42.5916
1084,9.87807,101,159,"2026-06-21_ZGDAW",1.40421827168815,168,49,57.5,64.5,17,17.5,346,347,198,194,59,66,125,125,372.8,43.63977262,-80.282237921,-1.55366,NA,NA,NA,42.7284
1085,9.89017,102,159,"2026-06-21_ZGDAW",1.3782077786047,172,54,57.5,64.5,17,17.5,349,347,198,194,53,65,120,127,372.4,43.63984923,-80.282131471,-2.06773,NA,NA,NA,43.5348
1086,9.90237,103,159,"2026-06-21_ZGDAW",1.36870055569243,182,54,61.5,57,19.5,17,353,349,198,195,52,68,120,129,371.8,43.639927853,-80.2820272,-2.9265,NA,NA,NA,43.8372
1087,9.91467,105,159,"2026-06-21_ZGDAW",1.34105782641347,185,55,61.5,57,19.5,17,352,349,198,195,58,70,125,132,371.2,43.640007648,-80.281920666,-3.41431,NA,NA,NA,44.7408
1088,9.92717,106,159,"2026-06-21_ZGDAW",1.33504218733312,158,55,61.5,57,19.5,17,352,349,197,195,59,70,121,132,370.6,43.640089204,-80.281813797,-3.89431,NA,NA,NA,44.9424
1089,9.93987,106,159,"2026-06-21_ZGDAW",1.30667712008363,157,55,65,49,20,14,352,346,197,194,59,66,121,125,370,43.640170844,-80.281703575,-4.00639,NA,NA,NA,45.918
1090,9.95267,102,159,"2026-06-21_ZGDAW",1.29812809928084,155,56,61.5,55,20,17.5,346,345,195,194,53,62,113,125,369.4,43.640252065,-80.281592431,-4.11478,NA,NA,NA,46.2204
1091,9.96557,103,159,"2026-06-21_ZGDAW",1.27860887354558,164,57,64,49.5,20,15,346,346,195,193,51,72,114,139,368.8,43.640334626,-80.281478521,-4.21953,NA,NA,NA,46.926
1092,9.97867,104,159,"2026-06-21_ZGDAW",1.27226463104326,146,53,59.5,49.5,19.5,14.5,350,347,197,194,51,73,118,139,368.4,43.640418948,-80.281365533,-4.17705,NA,NA,NA,47.16
1093,9.99187,105,160,"2026-06-21_ZGDAW",1.25881168177241,161,53,59.5,49.5,19.5,14.5,354,347,201,194,53,73,120,139,367.6,43.640504444,-80.281251874,-4.44123,NA,NA,NA,47.664
1094,10.0053,102,160,"2026-06-21_ZGDAW",1.25172111653524,120,58,63,46.5,21.5,13,356,346,201,193,52,63,118,121,367,43.640591113,-80.281137461,-4.55566,NA,NA,NA,47.934
1095,10.0184,99,160,"2026-06-21_ZGDAW",1.2482524465748,140,76,63.5,51,22,14.5,0,347,198,193,52,68,115,125,366.4,43.640676692,-80.28102288,-4.6831,NA,NA,NA,48.0672
1096,10.032,99,160,"2026-06-21_ZGDAW",1.23786888492771,152,57,64,51,22,14.5,353,347,197,193,51,68,117,125,366,43.640763948,-80.28090436,-4.48541,NA,NA,NA,48.4704
1097,10.0455,100,159,"2026-06-21_ZGDAW",1.2404485461943,184,53,64.5,48.5,22,12.5,353,347,197,193,51,68,117,125,365.4,43.640851538,-80.280786259,-4.44205,NA,NA,NA,48.3696
1098,10.0592,99,160,"2026-06-21_ZGDAW",1.24993750312484,278,38,70.5,57.5,24,16.5,353,349,197,194,52,69,118,125,365.4,43.640940387,-80.280671343,-3.96205,NA,NA,NA,48.0024
1099,10.0727,99,160,"2026-06-21_ZGDAW",1.25087561292905,239,53,78.5,66.5,25,19.5,345,342,200,212,59,68,127,128,365.2,43.641029235,-80.280559026,-3.63776,NA,NA,NA,47.9664
1100,10.0858,99,160,"2026-06-21_ZGDAW",1.25966795152798,260,53,78.5,66.5,25,19.5,336,342,197,203,58,63,124,127,365.2,43.64111649,-80.280448133,-3.16901,NA,NA,NA,47.6316
1101,10.0991,98,160,"2026-06-21_ZGDAW",1.27313930690296,269,46,76,72,26,21.5,329,342,195,200,59,63,124,128,365,43.641202405,-80.280334056,-2.85427,NA,NA,NA,47.1276
1102,10.1123,97,160,"2026-06-21_ZGDAW",1.28501670521717,315,51,86.5,76,30.5,21.5,319,340,198,205,60,68,127,131,365,43.641287062,-80.280220481,-2.54892,NA,NA,NA,46.692
1103,10.1253,96,159,"2026-06-21_ZGDAW",1.30187991459668,235,39,77.5,76,26,21.5,318,339,200,217,65,68,132,132,364.8,43.641368786,-80.280107744,-2.09671,NA,NA,NA,46.0872
1104,10.1379,95,160,"2026-06-21_ZGDAW",1.30381496258051,250,53,76,97.5,23.5,31,325,339,198,205,66,66,131,128,364.6,43.641449923,-80.27999593,-1.80768,NA,NA,NA,46.0188
1105,10.1506,95,160,"2026-06-21_ZGDAW",1.31731478554115,283,52,80.5,70.5,25.5,20.5,325,339,198,205,66,66,131,128,364.6,43.641532484,-80.27988554,-1.34966,NA,NA,NA,45.5472
1106,10.1634,94,159,"2026-06-21_ZGDAW",1.32802124833997,327,52,97,70.5,33.5,20.5,339,340,201,203,68,66,131,127,364.6,43.641615549,-80.27977691,-1.05554,NA,NA,NA,45.18
1107,10.1759,93,159,"2026-06-21_ZGDAW",1.34712792326759,282,52,97,70.5,33.5,20.5,332,343,203,218,69,65,131,128,364.6,43.641695428,-80.279669622,-0.6111,NA,NA,NA,44.5392
1108,10.188,92,159,"2026-06-21_ZGDAW",1.36668033347,252,52,82,97,26.5,33.5,332,340,203,219,69,68,131,129,364.6,43.641772291,-80.279563004,-0.6111,NA,NA,NA,43.902
1109,10.2,91,157,"2026-06-21_ZGDAW",1.396570024021,209,46,75.5,79.5,23,24,329,345,198,207,65,66,127,128,364.6,43.641847895,-80.279457895,-0.462952,NA,NA,NA,42.9624
1110,10.2117,96,157,"2026-06-21_ZGDAW",1.40091339553389,199,55,76,76,23.5,22.5,336,352,197,205,63,70,124,132,364.8,43.64192283,-80.279353708,-0.292012,NA,NA,NA,42.8292
1111,10.2236,95,156,"2026-06-21_ZGDAW",1.40209192114635,278,57,80.5,68,28.5,18.5,328,352,197,205,63,70,125,132,365.2,43.641998434,-80.279248934,0.194498,NA,NA,NA,42.7932
1112,10.2353,95,156,"2026-06-21_ZGDAW",1.41542816702052,279,52,78,78.5,24.5,22.5,328,352,197,205,63,70,125,132,365.6,43.64207429,-80.279146508,0.536379,NA,NA,NA,42.39
1113,10.2471,94,155,"2026-06-21_ZGDAW",1.41988981655024,286,51,78,78.5,23.5,23,329,347,197,214,63,69,127,132,365.8,43.642149644,-80.279043326,0.859716,NA,NA,NA,42.2568
1114,10.2588,93,155,"2026-06-21_ZGDAW",1.43702937288038,275,51,78,78.5,23.5,23,338,346,198,204,68,66,129,128,366.2,43.642224746,-80.278941654,1.36033,NA,NA,NA,41.7528
1115,10.2703,94,155,"2026-06-21_ZGDAW",1.46894647159058,209,48,75.5,79,23.5,23.5,343,345,200,200,68,63,129,127,366.2,43.642298506,-80.278842161,1.36033,NA,NA,NA,40.8456
1116,10.2817,98,155,"2026-06-21_ZGDAW",1.48729847105717,268,62,72.5,76.5,22,21.5,340,347,200,197,62,69,125,134,366,43.642371345,-80.278743589,1.18489,NA,NA,NA,40.3416
1117,10.293,97,154,"2026-06-21_ZGDAW",1.48729847105717,339,51,72.5,76.5,22,21.5,330,342,198,197,59,65,124,129,366,43.642442759,-80.278644096,1.18489,NA,NA,NA,40.3416
1118,10.3042,96,155,"2026-06-21_ZGDAW",1.49597582503067,293,48,80.5,84,23.5,26,335,342,201,197,63,65,127,129,366,43.642515011,-80.278546028,1.18489,NA,NA,NA,40.1076
1119,10.3154,95,155,"2026-06-21_ZGDAW",1.5188796743522,263,53,78.5,81.5,24,25.5,335,340,201,198,63,65,127,128,366.2,43.642586425,-80.27844863,1.36346,NA,NA,NA,39.5028
1120,10.3262,94,155,"2026-06-21_ZGDAW",1.54923467806903,308,53,83,81.5,25,25.5,335,345,201,203,65,69,128,132,366.4,43.642656833,-80.278355088,1.3777,NA,NA,NA,38.7288
1121,10.337,93,155,"2026-06-21_ZGDAW",1.58639507582968,291,40,76,85.5,22.5,26,333,345,201,203,65,70,128,134,366.8,43.642725145,-80.278262384,1.41194,NA,NA,NA,37.8216
1122,10.3474,101,154,"2026-06-21_ZGDAW",1.59337157425112,245,40,76,85.5,22.5,26,333,346,200,204,63,69,125,132,367.4,43.642790524,-80.278168507,1.64698,NA,NA,NA,37.656
1123,10.3578,101,155,"2026-06-21_ZGDAW",1.62095571548985,320,40,76,85.5,22.5,26,325,352,204,207,60,70,125,134,368,43.64285649,-80.27807706,2.05441,NA,NA,NA,37.0152
1124,10.3681,100,155,"2026-06-21_ZGDAW",1.6493485073396,327,44,87.5,75,28.5,23,294,352,204,207,59,70,128,134,368.2,43.642923377,-80.277988464,1.90671,NA,NA,NA,36.378
1125,10.3782,99,154,"2026-06-21_ZGDAW",1.68197261748579,298,45,78,84,25,26,304,352,201,207,56,70,122,134,368.6,43.642988169,-80.27790146,2.30275,NA,NA,NA,35.6724
1126,10.3878,95,155,"2026-06-21_ZGDAW",1.76161786985167,299,45,76.5,84,23.5,26,304,325,201,201,56,60,122,124,368.8,43.643049022,-80.277817641,2.68652,NA,NA,NA,34.0596
1127,10.397,99,155,"2026-06-21_ZGDAW",1.82648401826484,187,74,81,82,27,24,328,329,198,198,58,58,122,122,369.2,43.643107779,-80.277737761,3.1213,NA,NA,NA,32.85
1128,10.4059,100,155,"2026-06-21_ZGDAW",1.87034751056746,369,48,94.5,46,30,14,332,329,197,198,60,58,125,122,369.6,43.64316377,-80.277659474,3.57074,NA,NA,NA,32.0796
1129,10.4147,97,154,"2026-06-21_ZGDAW",1.91438854429895,342,47,83.5,100,26,32.5,305,342,201,207,63,69,128,136,370.2,43.64321775,-80.277581774,4.07399,NA,NA,NA,31.3416
1130,10.423,94,154,"2026-06-21_ZGDAW",1.99362041467305,317,47,83.5,100,26,32.5,298,340,204,210,65,70,129,138,370.8,43.643268879,-80.277505834,4.61169,NA,NA,NA,30.096
1131,10.4309,94,155,"2026-06-21_ZGDAW",2.10145841213802,254,52,83,89,25,26.5,315,335,201,204,65,63,128,128,371.4,43.643319338,-80.277434671,5.00082,NA,NA,NA,28.5516
1132,10.4388,99,155,"2026-06-21_ZGDAW",2.16788067984738,254,74,91.5,81.5,34,23.5,328,340,198,205,56,68,121,132,372,43.643368205,-80.277363928,5.18339,NA,NA,NA,27.6768
1133,10.4465,102,155,"2026-06-21_ZGDAW",2.2025461433417,414,48,97.5,83,35.5,27,328,340,198,205,56,68,121,132,372.6,43.64341573,-80.277294777,5.38569,NA,NA,NA,27.2412
1134,10.4539,99,156,"2026-06-21_ZGDAW",2.28717807968528,359,47,88,98.5,29.5,31.5,311,340,205,219,55,68,124,132,373.2,43.643461831,-80.277229231,6.00232,NA,NA,NA,26.2332
1135,10.461,97,156,"2026-06-21_ZGDAW",2.34115278363066,400,46,91,88.5,29.5,26.5,298,316,208,226,55,56,122,124,374,43.643507596,-80.277165445,6.73304,NA,NA,NA,25.6284
1136,10.4682,94,156,"2026-06-21_ZGDAW",2.41370987207338,359,52,93,93,31,30.5,295,325,204,228,55,55,121,121,374.4,43.643551769,-80.277102748,7.08027,NA,NA,NA,24.858
1137,10.475,92,155,"2026-06-21_ZGDAW",2.42706664725013,434,52,93,93,31,30.5,298,328,205,229,58,55,125,121,375,43.643596863,-80.277044159,7.52784,NA,NA,NA,24.7212
1138,10.4818,91,156,"2026-06-21_ZGDAW",2.45350606015997,439,48,95.5,93,30.5,30.5,301,330,207,222,59,58,127,121,375.4,43.643640701,-80.276984982,7.66663,NA,NA,NA,24.4548
1139,10.4885,90,156,"2026-06-21_ZGDAW",2.5017512258581,415,49,97.5,94.5,31.5,29,301,329,211,224,59,59,128,121,375.8,43.643684286,-80.276927482,7.58183,NA,NA,NA,23.9832
1140,10.4951,89,156,"2026-06-21_ZGDAW",2.5336981858721,384,49,96.5,98,31.5,29,308,326,210,233,62,60,129,122,376.2,43.643724939,-80.276867803,7.465,NA,NA,NA,23.6808
1141,10.5016,87,156,"2026-06-21_ZGDAW",2.54452926208651,360,49,96.5,98,31.5,29,311,326,208,233,62,60,129,122,376.4,43.643766429,-80.276809801,7.0132,NA,NA,NA,23.58
1142,10.5083,87,156,"2026-06-21_ZGDAW",2.5336981858721,355,47,89.5,95.5,28.5,28.5,311,323,208,226,62,60,129,121,376.8,43.643808339,-80.276750708,6.85072,NA,NA,NA,23.6808
1143,10.515,87,156,"2026-06-21_ZGDAW",2.51952632905014,357,50,86.5,88.5,25.5,26.5,321,325,204,211,63,59,131,118,377,43.643851422,-80.276692705,6.37001,NA,NA,NA,23.814
1144,10.5217,87,156,"2026-06-21_ZGDAW",2.5123103205708,341,50,86.5,88.5,25.5,26.5,333,323,200,207,65,59,128,118,377.2,43.643893666,-80.2766342,5.8577,NA,NA,NA,23.8824
1145,10.5282,87,157,"2026-06-21_ZGDAW",2.51952632905014,251,44,85,88.5,27.5,26.5,339,326,195,203,62,60,124,118,377.4,43.643935744,-80.276577706,5.03863,NA,NA,NA,23.814
1146,10.5348,87,157,"2026-06-21_ZGDAW",2.48793352241628,240,50,75,88.5,22.5,26.5,343,333,194,200,60,63,121,121,377.6,43.643977318,-80.276519451,4.78611,NA,NA,NA,24.1164
1147,10.5414,87,157,"2026-06-21_ZGDAW",2.48089709238861,223,46,78,74.5,25,20.5,343,343,194,198,60,65,121,124,377.6,43.644019479,-80.276460024,3.90376,NA,NA,NA,24.1848
1148,10.5479,88,158,"2026-06-21_ZGDAW",2.50890661849566,156,55,69,79,21.5,22.5,345,343,191,198,56,65,118,124,377.6,43.6440634,-80.276404033,3.31552,NA,NA,NA,23.9148
1149,10.5545,87,159,"2026-06-21_ZGDAW",2.53023632407267,152,52,67,57.5,22.5,17.5,345,343,191,198,56,65,118,124,377.4,43.644106818,-80.276347874,2.41548,NA,NA,NA,23.7132
1150,10.5609,86,159,"2026-06-21_ZGDAW",2.6421475375185,109,46,53,61.5,16,18,354,350,191,188,55,56,115,115,377.2,43.64414395,-80.276285345,1.49691,NA,NA,NA,22.7088
1151,10.5674,83,158,"2026-06-21_ZGDAW",2.61519953972488,82,59,53,34.5,16,10,354,352,190,188,51,55,110,113,377.2,43.644174125,-80.276215105,1.18922,NA,NA,NA,22.9428
1152,10.5737,83,158,"2026-06-21_ZGDAW",2.5017512258581,360,59,53,34.5,16,10,354,354,188,190,51,55,110,113,377,43.644183429,-80.27613489,0.274747,NA,NA,NA,23.9832
1153,10.5804,86,157,"2026-06-21_ZGDAW",2.37214156940886,360,44,86,43,27,13,353,356,191,194,53,59,114,115,377.2,43.644168341,-80.276052496,0.274747,NA,NA,NA,25.2936
1154,10.5874,91,158,"2026-06-21_ZGDAW",2.33492107966751,477,51,95.5,82,32,23.5,343,343,201,195,59,58,118,115,377.4,43.644133892,-80.275979322,0.261954,NA,NA,NA,25.6968
1155,10.5945,94,158,"2026-06-21_ZGDAW",2.29284174806255,425,49,94.5,82,32.5,23.5,330,343,205,195,62,58,122,115,377.6,43.644088881,-80.275916038,0.235952,NA,NA,NA,26.1684
1156,10.602,96,159,"2026-06-21_ZGDAW",2.22162978761219,422,47,99,99,36.5,30,330,336,205,204,62,59,122,120,377.8,43.644039595,-80.275852084,0.199588,NA,NA,NA,27.0072
1157,10.6095,97,159,"2026-06-21_ZGDAW",2.24104701716642,367,40,92,99,35.5,30,294,336,212,204,63,59,129,120,377.8,43.64399207,-80.275786622,0.199588,NA,NA,NA,26.7732
1158,10.617,98,159,"2026-06-21_ZGDAW",2.24104701716642,348,53,96.5,99,38,30,281,336,212,204,63,59,135,120,378,43.643943036,-80.275723757,0.466255,NA,NA,NA,26.7732
1159,10.6245,98,160,"2026-06-21_ZGDAW",2.21601737357621,316,51,93,89,35.5,28,280,333,210,217,58,59,134,121,378.2,43.643895343,-80.275658714,1.03595,NA,NA,NA,27.0756
1160,10.6319,99,160,"2026-06-21_ZGDAW",2.1996392591615,338,51,93,89,35.5,28,283,333,205,217,58,59,132,121,378.4,43.643846392,-80.275593922,1.61872,NA,NA,NA,27.2772
1161,10.6393,99,160,"2026-06-21_ZGDAW",2.25255665179979,320,47,88.5,89,33,28,293,333,201,217,60,59,134,121,378.6,43.643800627,-80.275526196,1.88899,NA,NA,NA,26.6364
1162,10.6472,99,160,"2026-06-21_ZGDAW",2.23563603845294,305,42,88.5,89,33,28,293,333,201,217,60,59,134,121,379.2,43.643752012,-80.27545847,2.96595,NA,NA,NA,26.838
1163,10.6546,99,161,"2026-06-21_ZGDAW",2.20779794233232,341,41,86.5,99.5,30.5,35,308,325,198,215,55,59,125,122,379.4,43.643703397,-80.27539351,2.93771,NA,NA,NA,27.1764
1164,10.6622,99,161,"2026-06-21_ZGDAW",2.22995272500223,0,41,97,99.5,36.5,33.5,312,325,201,215,55,59,124,122,379.8,43.643654531,-80.275328215,3.17831,NA,NA,NA,26.9064
1165,10.6699,99,161,"2026-06-21_ZGDAW",2.2025461433417,0,41,80,91.5,25.5,33.5,312,329,201,212,55,59,124,125,380,43.643605161,-80.275261412,3.15636,NA,NA,NA,27.2412
1166,10.6776,0,162,"2026-06-21_ZGDAW",2.19154065307911,0,NA,0,0,0,0,0,0,0,0,0,0,0,0,380.4,43.643556127,-80.275194775,3.40917,NA,NA,NA,27.378
1167,10.6854,0,162,"2026-06-21_ZGDAW",2.1704214958545,0,NA,0,0,0,0,0,0,0,0,0,0,0,0,380.6,43.643507428,-80.275127301,3.66558,NA,NA,NA,27.6444
1168,10.693,100,161,"2026-06-21_ZGDAW",2.13675213675214,304,45,0,0,0,0,318,326,198,217,51,62,117,129,380.8,43.643459568,-80.275060162,3.66208,NA,NA,NA,28.08
1169,10.7005,102,161,"2026-06-21_ZGDAW",2.11882362912111,268,46,76.5,90.5,26,31,323,329,198,204,51,56,118,124,380.8,43.643410869,-80.274993191,3.39541,NA,NA,NA,28.3176
1170,10.7084,104,161,"2026-06-21_ZGDAW",2.09643605870021,247,47,71,80.5,24,27.5,329,329,197,204,49,56,118,124,380.8,43.64336041,-80.274924878,3.12514,NA,NA,NA,28.62
1171,10.7163,105,161,"2026-06-21_ZGDAW",2.07219528368353,257,56,71,88,23,28,329,332,197,200,49,55,118,122,380.8,43.643309112,-80.274856566,2.85487,NA,NA,NA,28.9548
1172,10.7243,106,162,"2026-06-21_ZGDAW",2.06015657189946,188,50,61.5,88,18.5,28,332,330,197,198,48,55,117,122,380.6,43.643257396,-80.274787583,1.84537,NA,NA,NA,29.124
1173,10.7324,106,162,"2026-06-21_ZGDAW",2.02511138112596,180,49,62,88,20,28,338,333,195,195,49,56,117,121,380.4,43.643204339,-80.274716839,1.32819,NA,NA,NA,29.628
1174,10.7407,102,162,"2026-06-21_ZGDAW",2.03898540086453,190,49,62,88,20,28,339,340,193,193,48,58,113,124,380.4,43.643151952,-80.274644001,0.801875,NA,NA,NA,29.4264
1175,10.7494,101,162,"2026-06-21_ZGDAW",1.93528409970584,332,49,67.5,65,21.5,20,336,342,188,193,46,62,111,128,380.4,43.643095374,-80.274568144,0.542135,NA,NA,NA,31.0032
1176,10.7582,103,163,"2026-06-21_ZGDAW",1.90628693430935,223,48,79,65,25.5,20,330,342,197,195,53,58,120,122,380.4,43.643038712,-80.274491785,0.0226546,NA,NA,NA,31.4748
1177,10.7673,97,163,"2026-06-21_ZGDAW",1.86657707096726,205,65,81.5,64.5,26.5,21.5,330,342,198,195,59,58,125,122,380.4,43.642980626,-80.274412576,-0.233756,NA,NA,NA,32.1444
1178,10.7766,98,163,"2026-06-21_ZGDAW",1.81336815000181,221,39,64,64.5,19.5,21.5,330,340,198,195,59,58,125,122,380.4,43.642921449,-80.274330853,-0.496914,NA,NA,NA,33.0876
1179,10.7862,100,163,"2026-06-21_ZGDAW",1.76684688504894,172,53,62.5,96.5,19.5,36,326,338,193,214,59,56,124,124,380.2,43.6428611,-80.274247117,-0.705247,NA,NA,NA,33.9588
1180,10.7959,102,163,"2026-06-21_ZGDAW",1.72087420409568,208,39,56.5,56.5,17.5,17,340,340,194,210,52,58,117,125,380.2,43.642799577,-80.274162712,-0.705247,NA,NA,NA,34.866
1181,10.806,97,163,"2026-06-21_ZGDAW",1.65081880612784,265,39,56.5,56.5,17.5,17,345,345,194,195,51,59,117,124,379.8,43.642735623,-80.274073696,-1.10129,NA,NA,NA,36.3456
1182,10.8164,98,163,"2026-06-21_ZGDAW",1.60348919248284,187,63,97.5,61,33,18.5,328,345,217,195,59,59,125,124,379.6,43.642670328,-80.273983255,-1.04359,NA,NA,NA,37.4184
1183,10.8267,100,163,"2026-06-21_ZGDAW",1.58067779463834,172,55,64,93,20.5,28.5,332,345,201,195,53,59,120,124,379.4,43.642604278,-80.27389382,-0.990855,NA,NA,NA,37.9584
1184,10.8374,103,163,"2026-06-21_ZGDAW",1.51377535573721,165,51,59,56,18.5,17,332,336,201,195,53,62,120,127,379,43.642534792,-80.273801703,-1.36469,NA,NA,NA,39.636
1185,10.8482,99,163,"2026-06-21_ZGDAW",1.47872120190459,144,69,62,62,18,18,343,342,194,193,52,59,115,124,378.4,43.642464552,-80.273705395,-1.92024,NA,NA,NA,40.5756
1186,10.8599,97,163,"2026-06-21_ZGDAW",1.431229426077,225,49,68.5,40,19.5,12,345,343,193,191,52,66,113,129,377.6,43.642390121,-80.273604393,-2.604,NA,NA,NA,41.922
1187,10.8718,100,163,"2026-06-21_ZGDAW",1.3782077786047,180,56,64.5,40,18.5,12,347,342,193,193,52,68,113,129,376.8,43.642312839,-80.273500458,-3.27627,NA,NA,NA,43.5348
1188,10.8843,104,163,"2026-06-21_ZGDAW",1.33205456095482,237,51,74,58.5,21,17,353,345,197,194,58,68,121,129,376.2,43.642232625,-80.273391744,-3.75627,NA,NA,NA,45.0432
1189,10.8971,102,163,"2026-06-21_ZGDAW",1.29530323048626,216,53,74,58.5,21,17,350,345,197,201,56,68,120,128,375.8,43.642151991,-80.273277918,-3.86044,NA,NA,NA,46.3212
1190,10.9105,102,163,"2026-06-21_ZGDAW",1.25881168177241,197,53,71.5,58.5,23,17,345,342,198,217,56,72,120,136,375.4,43.64206792,-80.273161912,-4.15895,NA,NA,NA,47.664
1191,10.924,105,163,"2026-06-21_ZGDAW",1.22512986376556,162,52,66,72,20,22.5,345,342,198,217,56,72,120,136,374.8,43.641983095,-80.273043141,-4.20735,NA,NA,NA,48.9744
1192,10.9376,108,163,"2026-06-21_ZGDAW",1.20772946859903,167,59,64.5,50,19,16,357,346,200,198,60,72,121,134,374,43.641897684,-80.272921519,-4.60328,NA,NA,NA,49.68
1193,10.9516,104,163,"2026-06-21_ZGDAW",1.18446923933385,123,56,59,50,17.5,16,356,346,200,198,56,72,115,134,373,43.641809422,-80.272797886,-5.12339,NA,NA,NA,50.6556
1194,10.9658,105,163,"2026-06-21_ZGDAW",1.16362959342782,128,61,57.5,37.5,18.5,11,352,345,195,193,49,59,113,121,372,43.641717557,-80.272673834,-5.45378,NA,NA,NA,51.5628
1195,10.9805,107,163,"2026-06-21_ZGDAW",1.13556358020486,118,63,56,37.5,18.5,11,356,347,195,191,52,65,118,122,370.8,43.641623679,-80.272546178,-5.71455,NA,NA,NA,52.8372
1196,10.9952,107,163,"2026-06-21_ZGDAW",1.1262783258999,139,57,48.5,34,14,11,0,346,197,194,55,70,120,129,369.8,43.641530137,-80.272415923,-5.71107,NA,NA,NA,53.2728
1197,11.0103,101,163,"2026-06-21_ZGDAW",1.10668437361664,44,57,48.5,34,14,11,357,0,193,0,55,0,117,0,368.8,43.64143341,-80.272285082,-5.70105,NA,NA,NA,54.216
1198,11.0255,103,163,"2026-06-21_ZGDAW",1.0972130787799,99,100,45.5,43.5,14.5,12,357,335,193,173,59,49,120,105,367.8,43.641336683,-80.272151223,-5.87894,NA,NA,NA,54.684
1199,11.0409,104,162,"2026-06-21_ZGDAW",1.08521074792725,115,55,53,36.5,17.5,11,357,335,193,173,59,49,120,105,366.8,43.641239788,-80.27201443,-6.21579,NA,NA,NA,55.2888
1200,11.0566,105,162,"2026-06-21_ZGDAW",1.07860902580033,123,60,60.5,41.5,18.5,12,356,349,193,190,53,68,117,125,366.6,43.641141636,-80.271879146,-6.04468,NA,NA,NA,55.6272
1201,11.072,106,162,"2026-06-21_ZGDAW",1.06509884117246,146,55,59.5,41.5,19.5,12,356,349,197,190,52,68,115,125,366,43.641042897,-80.271743694,-5.98984,NA,NA,NA,56.3328
1202,11.0875,106,162,"2026-06-21_ZGDAW",1.06258633513973,106,54,53,41.5,17.5,12,0,350,201,194,58,70,121,128,365.2,43.64094332,-80.271607237,-5.91773,NA,NA,NA,56.466
1203,11.1034,107,161,"2026-06-21_ZGDAW",1.04947211552589,103,55,51,42,16.5,14,0,350,197,194,65,70,131,128,364.6,43.640842151,-80.271468097,-5.58081,NA,NA,NA,57.1716
1204,11.1193,106,161,"2026-06-21_ZGDAW",1.04519419708182,68,55,51,42,16.5,14,350,352,187,193,56,75,124,135,364,43.640742155,-80.271325773,-5.25394,NA,NA,NA,57.4056
1205,11.1355,100,161,"2026-06-21_ZGDAW",1.03429729841546,108,100,53,32.5,16.5,11.5,342,0,176,0,38,0,104,0,363,43.640640566,-80.271181269,-5.0549,NA,NA,NA,58.0104
1206,11.1518,101,161,"2026-06-21_ZGDAW",1.02595670462706,113,63,54,32.5,18,11.5,342,347,176,186,38,65,104,129,362.4,43.640537971,-80.271036765,-4.74272,NA,NA,NA,58.482
1207,11.1685,102,162,"2026-06-21_ZGDAW",1.01781170483461,110,65,57.5,41,20,12,353,352,188,190,45,66,111,125,361.8,43.640434623,-80.270889495,-4.43975,NA,NA,NA,58.95
1208,11.1849,102,161,"2026-06-21_ZGDAW",1.01489871310843,122,65,57,41,19,12,1,353,197,191,52,72,120,129,361.2,43.64033228,-80.270742811,-4.14771,NA,NA,NA,59.1192
1209,11.2012,103,161,"2026-06-21_ZGDAW",1.01607429535248,129,61,60.5,44,19.5,13.5,4,350,200,191,58,70,124,127,360.8,43.640227673,-80.270599397,-3.74376,NA,NA,NA,59.0508
1210,11.2178,103,160,"2026-06-21_ZGDAW",1.01089747477811,110,65,58.5,42.5,18.5,13,3,350,200,191,60,70,128,127,360.4,43.640121223,-80.270455144,-3.85734,NA,NA,NA,59.3532
1211,11.2343,103,160,"2026-06-21_ZGDAW",1.0230597671516,158,65,58.5,42.5,18.5,13,1,350,201,194,60,72,127,129,359.6,43.640016449,-80.270311227,-3.95257,NA,NA,NA,58.6476
1212,11.2505,103,159,"2026-06-21_ZGDAW",1.0301419535612,230,60,73.5,48.5,25,15,354,349,203,194,56,73,122,131,358.8,43.639911089,-80.270172004,-3.93027,NA,NA,NA,58.2444
1213,11.2664,102,159,"2026-06-21_ZGDAW",1.04395030796534,241,51,70,48.5,21,15,354,345,203,197,56,66,122,127,358.2,43.639809584,-80.270031523,-3.93027,NA,NA,NA,57.474
1214,11.2825,101,159,"2026-06-21_ZGDAW",1.05632315037816,295,54,74,74,23.5,23.5,347,343,204,200,59,65,127,125,357.4,43.639708079,-80.269890372,-4.04981,NA,NA,NA,56.8008
1215,11.2983,99,158,"2026-06-21_ZGDAW",1.06258633513973,250,55,79.5,70,26.5,21.5,340,342,205,203,62,63,129,127,357,43.639607999,-80.269750813,-3.68569,NA,NA,NA,56.466
1216,11.314,98,158,"2026-06-21_ZGDAW",1.08253225946133,272,51,71.5,80,22.5,25,340,338,204,200,63,59,129,124,356.4,43.639511272,-80.269612176,-3.69976,NA,NA,NA,55.4256
1217,11.3292,97,157,"2026-06-21_ZGDAW",1.0878315166547,313,54,82,72,25.5,22.5,339,343,201,203,59,65,125,128,355.8,43.639414964,-80.269477479,-3.73521,NA,NA,NA,55.1556
1218,11.3441,98,156,"2026-06-21_ZGDAW",1.10463061152351,204,61,82,72,25.5,22.5,335,346,200,205,59,72,124,138,355.4,43.639319494,-80.26934471,-3.63781,NA,NA,NA,54.3168
1219,11.3592,103,156,"2026-06-21_ZGDAW",1.12696373430703,152,61,82,72,25.5,22.5,342,346,197,205,49,72,115,138,355.2,43.639225198,-80.26921236,-3.52487,NA,NA,NA,53.2404
1220,11.3738,101,156,"2026-06-21_ZGDAW",1.14871229351897,184,59,61,54,19,16.5,342,349,197,200,49,77,115,148,355,43.639133332,-80.269082943,-3.42089,NA,NA,NA,52.2324
1221,11.3882,100,155,"2026-06-21_ZGDAW",1.16289887431389,210,55,62.5,57,19,16.5,346,350,197,195,51,73,118,134,355,43.639040796,-80.268957382,-2.93604,NA,NA,NA,51.5952
1222,11.4021,101,155,"2026-06-21_ZGDAW",1.20284834488068,170,48,66,64.5,20.5,20,345,347,197,194,52,70,120,129,354.8,43.638951948,-80.26883685,-2.5861,NA,NA,NA,49.8816
1223,11.4158,103,155,"2026-06-21_ZGDAW",1.21841265199698,219,60,71,38,22,10,342,350,197,198,56,77,122,145,355.4,43.638863519,-80.268717492,-1.77078,NA,NA,NA,49.2444
1224,11.4293,103,156,"2026-06-21_ZGDAW",1.23786888492771,275,55,77.5,66.5,28,20.5,342,350,198,204,52,77,120,145,355.6,43.638776598,-80.268598469,-1.12574,NA,NA,NA,48.4704
1225,11.4427,101,156,"2026-06-21_ZGDAW",1.28224855105914,275,45,68,66.5,21.5,20.5,328,350,198,204,52,77,120,145,356.2,43.638693617,-80.2684802,-0.424815,NA,NA,NA,46.7928
1226,11.4556,104,156,"2026-06-21_ZGDAW",1.30289764436106,227,49,72.5,65.5,23,20.5,330,350,197,204,55,77,121,145,356.4,43.638612481,-80.268365368,0.11239,NA,NA,NA,46.0512
1227,11.468,103,155,"2026-06-21_ZGDAW",1.34810860362911,229,49,72.5,65.5,23,20.5,335,340,198,201,53,56,121,122,357,43.638533355,-80.268256068,0.990997,NA,NA,NA,44.5068
1228,11.4803,106,155,"2026-06-21_ZGDAW",1.39109145035195,256,66,71,74,22,22,333,340,198,198,51,60,120,127,357.6,43.638455404,-80.268149451,1.74726,NA,NA,NA,43.1316
1229,11.4919,106,155,"2026-06-21_ZGDAW",1.4534461207523,281,54,74,74,23.5,22,333,339,198,201,51,59,120,128,358,43.638381727,-80.268047527,2.22454,NA,NA,NA,41.2812
1230,11.5031,112,155,"2026-06-21_ZGDAW",1.50734074944982,364,54,88.5,53,31.5,19.5,322,338,205,201,52,60,120,131,358.6,43.638308972,-80.267949626,2.89724,NA,NA,NA,39.8052
1231,11.514,108,156,"2026-06-21_ZGDAW",1.58067779463834,343,47,82,95,28,32.5,322,335,205,201,52,65,120,138,359.4,43.638241414,-80.267853821,3.63118,NA,NA,NA,37.9584
1232,11.5244,109,156,"2026-06-21_ZGDAW",1.62538196476172,309,60,84,80.5,29,24,314,326,201,210,48,58,118,127,360.4,43.638176706,-80.267759776,4.73661,NA,NA,NA,36.9144
1233,11.5345,112,156,"2026-06-21_ZGDAW",1.69790817712578,436,49,95.5,80.5,33.5,24,312,326,197,210,44,58,113,127,361,43.638113171,-80.267669838,4.89271,NA,NA,NA,35.3376
1234,11.5444,108,157,"2026-06-21_ZGDAW",1.70765027322404,471,49,95.5,80.5,33.5,24,302,326,205,221,52,55,124,127,362,43.638048881,-80.267583504,5.75466,NA,NA,NA,35.136
1235,11.554,105,156,"2026-06-21_ZGDAW",1.78272185973544,521,49,95.5,98.5,32.5,33,293,307,208,239,58,59,127,129,362.8,43.63798761,-80.267501194,6.14023,NA,NA,NA,33.6564
1236,11.5635,102,157,"2026-06-21_ZGDAW",1.78443968593862,520,49,97.5,99.5,33,32.5,293,298,208,240,58,63,127,132,363.6,43.637928266,-80.26741704,6.8273,NA,NA,NA,33.624
1237,11.5728,101,157,"2026-06-21_ZGDAW",1.79888469149128,644,52,99.5,95,32,30,293,298,208,240,58,63,127,132,364,43.637872778,-80.267331209,6.77354,NA,NA,NA,33.354
1238,11.582,101,157,"2026-06-21_ZGDAW",1.82828726049437,543,48,99,95.5,31.5,30,280,298,218,240,60,63,128,132,364.4,43.637817876,-80.267247055,6.72051,NA,NA,NA,32.8176
1239,11.5911,101,157,"2026-06-21_ZGDAW",1.8321058224323,543,58,100,95.5,42,30,270,298,224,240,59,63,127,132,364.6,43.637763059,-80.267163739,6.59547,NA,NA,NA,32.7492
1240,11.6001,99,157,"2026-06-21_ZGDAW",1.84141715464221,358,51,92.5,98,34.5,34,264,298,222,240,58,63,125,132,365,43.637706648,-80.267083775,6.5042,NA,NA,NA,32.5836
1241,11.6088,97,157,"2026-06-21_ZGDAW",1.89415463878471,315,51,92.5,98,34.5,34,284,298,208,240,58,63,124,132,365,43.637649903,-80.267009093,5.77025,NA,NA,NA,31.6764
1242,11.6174,95,157,"2026-06-21_ZGDAW",1.92056541445802,266,52,82,86,27.5,26.5,301,300,201,232,59,65,124,132,365.2,43.637596343,-80.266930973,5.04127,NA,NA,NA,31.2408
1243,11.6261,95,157,"2026-06-21_ZGDAW",1.91043863671099,320,48,77,76.5,26,22.5,301,311,201,218,59,63,124,128,365.6,43.637540771,-80.266855117,4.90698,NA,NA,NA,31.4064
1244,11.6347,95,157,"2026-06-21_ZGDAW",1.91438854429895,348,49,84.5,79.5,28.5,22.5,325,330,197,201,59,56,124,121,365.8,43.637485701,-80.266780015,4.12944,NA,NA,NA,31.3416
1245,11.6432,95,157,"2026-06-21_ZGDAW",1.92901234567901,387,53,94,82.5,29.5,24.5,330,338,200,200,60,56,124,120,366,43.637430716,-80.266705919,3.5314,NA,NA,NA,31.104
1246,11.6519,95,158,"2026-06-21_ZGDAW",1.91857564943786,402,48,92.5,82.5,33,24.5,319,335,205,221,62,59,127,124,366.4,43.637375563,-80.266629057,3.14907,NA,NA,NA,31.2732
1247,11.6607,95,160,"2026-06-21_ZGDAW",1.91857564943786,354,49,93,98,31.5,31,312,328,205,222,63,62,128,127,366.6,43.637321584,-80.266549513,2.94623,NA,NA,NA,31.2732
1248,11.6694,95,161,"2026-06-21_ZGDAW",1.91659000306654,354,49,93,98,31.5,31,304,328,204,222,62,62,129,127,366.6,43.637265174,-80.26647416,2.51145,NA,NA,NA,31.3056
1249,11.6783,95,161,"2026-06-21_ZGDAW",1.88217579521927,345,47,90.5,98,31.5,31,304,328,204,222,62,62,129,127,367,43.637209518,-80.266395118,2.74111,NA,NA,NA,31.878
1250,11.6872,96,162,"2026-06-21_ZGDAW",1.87034751056746,311,46,83.5,89,28.5,28.5,304,301,204,210,62,63,129,127,367.2,43.637153443,-80.266315406,2.52138,NA,NA,NA,32.0796
1251,11.6964,97,162,"2026-06-21_ZGDAW",1.83573815031024,271,50,82.5,89,27,28.5,311,298,201,204,58,60,124,124,367.2,43.637092171,-80.266239299,2.52138,NA,NA,NA,32.6844
1252,11.7055,98,162,"2026-06-21_ZGDAW",1.82268883056285,197,44,64,80.5,23.5,23,326,298,187,204,51,60,115,124,367.2,43.637031402,-80.266163442,2.28882,NA,NA,NA,32.9184
1253,11.7146,99,162,"2026-06-21_ZGDAW",1.81890938193459,213,50,68,65,23,18,340,325,193,195,63,59,131,121,367.2,43.636971053,-80.266086245,1.82905,NA,NA,NA,32.9868
1254,11.7239,100,162,"2026-06-21_ZGDAW",1.80433762765689,207,50,67.5,64.5,22,18,340,343,193,194,63,58,131,120,367,43.636912379,-80.266005024,1.38144,NA,NA,NA,33.2532
1255,11.7333,101,162,"2026-06-21_ZGDAW",1.79520321700416,266,42,78,69.5,27.5,20.5,346,346,195,194,60,62,128,125,366.8,43.63685664,-80.265918858,0.93338,NA,NA,NA,33.4224
1256,11.7427,102,162,"2026-06-21_ZGDAW",1.74941394632798,297,49,84.5,94,29,29,335,345,197,195,58,65,125,128,366.4,43.636797463,-80.265833782,0.0480784,NA,NA,NA,34.2972
1257,11.7522,103,162,"2026-06-21_ZGDAW",1.75975785731883,319,49,84.5,94,29,29,325,338,200,200,56,60,124,127,366.2,43.636737617,-80.265749712,-0.389721,NA,NA,NA,34.0956
1258,11.7619,103,161,"2026-06-21_ZGDAW",1.73088240384948,260,49,76,82,25,25,326,332,201,200,58,60,125,124,366.2,43.636675842,-80.265665474,-0.389721,NA,NA,NA,34.6644
1259,11.7716,104,162,"2026-06-21_ZGDAW",1.71909919202338,253,50,76.5,74,26.5,22,323,333,204,204,55,62,124,124,366,43.636612056,-80.265582996,-1.04534,NA,NA,NA,34.902
1260,11.7814,106,162,"2026-06-21_ZGDAW",1.69153218985757,362,45,83,74.5,31,24,308,333,205,204,52,62,124,124,366,43.636548186,-80.265497835,-1.27006,NA,NA,NA,35.4708
1261,11.7913,107,162,"2026-06-21_ZGDAW",1.70765027322404,269,46,72.5,80.5,24,26,308,330,205,221,52,62,124,125,365.8,43.63648574,-80.265411083,-1.47208,NA,NA,NA,35.136
1262,11.8012,107,162,"2026-06-21_ZGDAW",1.69153218985757,306,51,87,76.5,30.5,27,315,321,204,219,52,62,124,128,365.6,43.636422206,-80.265323743,-1.6741,NA,NA,NA,35.4708
1263,11.8112,107,162,"2026-06-21_ZGDAW",1.6946280291476,293,46,87.5,92,29,29.5,321,332,207,204,56,59,128,125,365.4,43.636358335,-80.265236991,-1.8741,NA,NA,NA,35.406
1264,11.8212,107,162,"2026-06-21_ZGDAW",1.70607704643942,247,46,87.5,92,29,29.5,318,325,210,221,59,60,131,128,365.4,43.636295639,-80.265149735,-1.65905,NA,NA,NA,35.1684
1265,11.831,106,162,"2026-06-21_ZGDAW",1.70433241299383,228,53,70.5,90.5,23,32,326,319,204,225,53,62,124,131,365.4,43.63623378,-80.265061977,-1.44628,NA,NA,NA,35.2044
1266,11.8409,106,163,"2026-06-21_ZGDAW",1.72586379482931,266,44,70.5,90.5,23,32,326,319,204,225,53,62,124,131,365.6,43.636173431,-80.264972709,-0.818732,NA,NA,NA,34.7652
1267,11.8509,106,162,"2026-06-21_ZGDAW",1.68827660723933,278,44,75.5,90.5,25,32,326,319,204,225,53,62,124,131,365.8,43.636111488,-80.26488252,-0.408206,NA,NA,NA,35.5392
1268,11.8608,106,162,"2026-06-21_ZGDAW",1.68350168350168,278,44,72,96.5,22.5,35.5,326,319,204,225,53,62,124,131,366,43.636048121,-80.264796354,-0.206186,NA,NA,NA,35.64
1269,11.8709,107,162,"2026-06-21_ZGDAW",1.6433313613357,278,44,72,77,22.5,24,318,319,201,225,56,62,125,131,366,43.635982994,-80.264709266,0,NA,NA,NA,36.5112
1270,11.8811,106,162,"2026-06-21_ZGDAW",1.64025850474035,242,44,68.5,66.5,22.5,17.5,330,319,200,225,53,62,121,131,366.2,43.635918034,-80.26462025,0.196078,NA,NA,NA,36.5796
1271,11.8914,99,162,"2026-06-21_ZGDAW",1.62095571548985,193,44,68.5,66.5,22.5,17.5,340,336,198,203,60,63,125,124,366.4,43.635854415,-80.26452939,0.592273,NA,NA,NA,37.0152
1272,11.9015,100,162,"2026-06-21_ZGDAW",1.60627088152146,217,52,71,66.5,24,17.5,338,342,197,215,65,63,129,128,366.2,43.635790881,-80.264439033,0.596274,NA,NA,NA,37.3536
1273,11.9116,100,162,"2026-06-21_ZGDAW",1.61655350792111,205,50,66.5,97.5,21.5,34,338,340,197,208,65,63,129,129,366.2,43.635725418,-80.264350688,0.796274,NA,NA,NA,37.116
1274,11.9219,101,162,"2026-06-21_ZGDAW",1.60056339831621,229,53,64,65.5,19.5,21,340,343,195,197,56,59,122,125,366,43.635658866,-80.264260247,0.602099,NA,NA,NA,37.4868
1275,11.9325,101,162,"2026-06-21_ZGDAW",1.58775523165349,324,46,72.5,61.5,24.5,19.5,339,343,200,197,58,59,124,125,365.6,43.635591727,-80.264167544,0.224741,NA,NA,NA,37.7892
1276,11.9431,102,162,"2026-06-21_ZGDAW",1.57381177211206,294,44,80.5,77,26,23.5,339,342,200,197,58,59,124,124,365.4,43.635524923,-80.264072996,-0.165959,NA,NA,NA,38.124
1277,11.9539,103,162,"2026-06-21_ZGDAW",1.57381177211206,269,50,76,95,24,28.5,330,329,203,205,59,60,127,127,365.4,43.635458203,-80.263976017,-0.365959,NA,NA,NA,38.124
1278,11.9649,103,162,"2026-06-21_ZGDAW",1.56406406406406,214,57,76,95,24,28.5,321,328,198,203,52,65,121,131,365.6,43.635391148,-80.263877194,-0.386161,NA,NA,NA,38.3616
1279,11.9758,103,161,"2026-06-21_ZGDAW",1.5452129303418,198,57,68.5,75.5,21,23.5,330,333,197,201,51,68,118,129,366,43.635325601,-80.263778204,-0.0191884,NA,NA,NA,38.8296
1280,11.9864,103,161,"2026-06-21_ZGDAW",1.57099318188959,170,48,64.5,58.5,21,17,343,340,198,198,53,68,122,125,366.2,43.635260222,-80.263683824,-0.0265876,NA,NA,NA,38.1924
1281,11.997,104,161,"2026-06-21_ZGDAW",1.53581521071385,170,55,64.5,58.5,21,17,353,340,200,197,60,66,125,122,366.4,43.635192664,-80.263589947,-0.0320831,NA,NA,NA,39.0672
1282,12.0075,104,161,"2026-06-21_ZGDAW",1.54779593858346,209,50,68,56,22,16,352,340,203,197,59,66,125,122,366.2,43.635123933,-80.2634985,-0.0245395,NA,NA,NA,38.7648
1283,12.0183,105,161,"2026-06-21_ZGDAW",1.52933259925369,238,50,69,63,23,20,352,342,203,197,59,66,125,124,365.8,43.635054698,-80.263402108,-0.39491,NA,NA,NA,39.2328
1284,12.0295,106,161,"2026-06-21_ZGDAW",1.53581521071385,270,48,73,63,24.5,20,342,332,201,214,63,66,131,131,365.4,43.634986469,-80.263301861,-0.557878,NA,NA,NA,39.0672
1285,12.0405,106,161,"2026-06-21_ZGDAW",1.5266709413453,241,51,81.5,71,28,20.5,336,330,200,208,62,68,131,131,365,43.634918827,-80.263202367,-0.544156,NA,NA,NA,39.3012
1286,12.0513,106,161,"2026-06-21_ZGDAW",1.54650335591228,171,51,81.5,71,28,20.5,325,335,203,203,55,66,125,129,364.8,43.63485194,-80.263105054,-0.540662,NA,NA,NA,38.7972
1287,12.0622,105,161,"2026-06-21_ZGDAW",1.54121200912398,191,48,63,67.5,21.5,21.5,336,333,198,201,49,66,117,129,364.6,43.634784717,-80.263006566,-0.724148,NA,NA,NA,38.9304
1288,12.0731,105,161,"2026-06-21_ZGDAW",1.54779593858346,258,52,74.5,55,26.5,17,336,333,200,201,53,66,121,129,364.6,43.634715315,-80.262910258,-0.905966,NA,NA,NA,38.7648
1289,12.0842,105,160,"2026-06-21_ZGDAW",1.53723175305909,236,47,80,55,29,17,330,333,201,201,60,66,129,129,364.6,43.63464541,-80.262812609,-1.27294,NA,NA,NA,39.0312
1290,12.0952,105,160,"2026-06-21_ZGDAW",1.55183116076971,214,53,74,82.5,25,26.5,330,338,201,207,60,63,129,128,364.6,43.634578354,-80.26271496,-1.46162,NA,NA,NA,38.664
1291,12.1061,104,160,"2026-06-21_ZGDAW",1.54378164752377,174,56,70.5,58.5,23.5,17,336,338,201,208,60,66,128,129,364.6,43.634511215,-80.262618065,-1.6503,NA,NA,NA,38.8656
1292,12.1167,104,161,"2026-06-21_ZGDAW",1.57798396768289,192,47,66.5,55.5,21.5,16.5,339,339,200,200,58,65,125,127,364.8,43.634446842,-80.262523433,-1.27114,NA,NA,NA,38.0232
1293,12.127,103,161,"2026-06-21_ZGDAW",1.55183116076971,298,59,86.5,59.5,30,18,340,336,197,197,53,63,122,124,365,43.63437962,-80.262431903,-0.706597,NA,NA,NA,38.664
1294,12.1373,103,160,"2026-06-21_ZGDAW",1.57649136082734,342,43,86.5,59.5,30,18,335,336,197,198,55,65,122,127,364.8,43.634311223,-80.262342552,-0.543629,NA,NA,NA,38.0592
1295,12.1479,103,160,"2026-06-21_ZGDAW",1.57932973246154,334,43,83,84.5,26,25.5,319,333,203,203,58,63,127,128,365,43.63424048,-80.262253201,0,NA,NA,NA,37.9908
1296,12.1587,102,160,"2026-06-21_ZGDAW",1.59489633173844,279,51,77.5,84.5,27,25.5,312,325,203,203,60,60,128,129,365.2,43.634171078,-80.262162928,0.379057,NA,NA,NA,37.62
1297,12.1689,101,161,"2026-06-21_ZGDAW",1.61357988834027,300,51,82,72.5,28.5,21.5,315,325,201,203,59,60,127,129,365.4,43.634107962,-80.262070308,0.758622,NA,NA,NA,37.1844
1298,12.1792,100,161,"2026-06-21_ZGDAW",1.61217514670794,298,51,81,76,27.5,22.5,315,329,201,201,59,59,127,127,365.6,43.634041997,-80.261979951,0.952797,NA,NA,NA,37.2168
1299,12.1894,100,161,"2026-06-21_ZGDAW",1.63575097327183,294,49,81,76,27.5,22.5,319,335,204,200,60,63,128,128,365.8,43.633975779,-80.261892276,1.14888,NA,NA,NA,36.6804
1300,12.1996,100,160,"2026-06-21_ZGDAW",1.65081880612784,264,55,81,88.5,28,26,305,335,207,208,63,69,132,134,366,43.633910652,-80.261803344,1.34495,NA,NA,NA,36.3456
1301,12.2098,99,160,"2026-06-21_ZGDAW",1.63126814785815,264,52,77,75,25.5,23,312,335,200,204,63,65,129,129,366,43.633845692,-80.261713741,1.34495,NA,NA,NA,36.7812
1302,12.22,99,160,"2026-06-21_ZGDAW",1.63880694854146,289,52,77,75,25.5,23,323,338,197,200,62,60,127,127,366,43.633781655,-80.261623552,1.15627,NA,NA,NA,36.612
1303,12.2302,98,160,"2026-06-21_ZGDAW",1.64788082525872,287,50,82.5,78,28,24.5,321,338,197,215,65,60,129,127,366,43.633719545,-80.261531603,0.9621,NA,NA,NA,36.4104
1304,12.2404,98,160,"2026-06-21_ZGDAW",1.63430738053213,275,48,87,75.5,28,23,319,338,198,218,63,63,129,129,366,43.633655842,-80.261440324,1.15627,NA,NA,NA,36.7128
1305,12.2506,99,159,"2026-06-21_ZGDAW",1.62237580713196,283,52,79.5,73.5,26,23,319,338,198,218,63,63,129,129,366.2,43.633590044,-80.261351727,1.16367,NA,NA,NA,36.9828
1306,12.2608,99,159,"2026-06-21_ZGDAW",1.62983245322381,256,52,91,73.5,32,23,318,338,201,208,63,63,129,129,366.2,43.633524749,-80.261262963,0.978488,NA,NA,NA,36.8136
1307,12.2709,99,159,"2026-06-21_ZGDAW",1.63126814785815,256,55,84.5,96,28,38,309,338,200,222,59,69,125,138,366.4,43.633461298,-80.261173528,0.98043,NA,NA,NA,36.7812
1308,12.2812,99,159,"2026-06-21_ZGDAW",1.60782043861342,278,52,80,71,27.5,22.5,315,338,200,214,59,68,125,135,366.6,43.633396841,-80.261081997,0.98043,NA,NA,NA,37.3176
1309,12.2914,100,159,"2026-06-21_ZGDAW",1.62983245322381,257,52,80,71,27.5,22.5,308,338,203,207,62,59,131,127,366.6,43.63333272,-80.260991892,0.784351,NA,NA,NA,36.8136
1310,12.3016,99,159,"2026-06-21_ZGDAW",1.62237580713196,248,52,72.5,78,23,24,316,338,201,207,62,59,129,127,366.8,43.633267928,-80.260901116,0.784351,NA,NA,NA,36.9828
1311,12.3119,100,159,"2026-06-21_ZGDAW",1.59918121921576,306,54,77,71.5,25,24.5,319,338,201,207,60,59,127,127,366.8,43.633202549,-80.260810424,0.784351,NA,NA,NA,37.5192
1312,12.3223,100,160,"2026-06-21_ZGDAW",1.60627088152146,292,54,92,86.5,30.5,29,295,335,203,204,60,59,127,127,366.8,43.633137673,-80.260718223,0.784351,NA,NA,NA,37.3536
1313,12.3327,101,159,"2026-06-21_ZGDAW",1.59764826175869,265,41,76.5,79.5,22,23.5,295,335,203,204,60,59,127,127,367,43.633072797,-80.260625268,0.976659,NA,NA,NA,37.5552
1314,12.3433,101,159,"2026-06-21_ZGDAW",1.58353127474268,301,47,83,70.5,30,20.5,298,329,198,201,63,62,127,128,367,43.633005993,-80.260532312,0.976659,NA,NA,NA,37.89
1315,12.3538,102,160,"2026-06-21_ZGDAW",1.57932973246154,278,52,75.5,70.5,25.5,20.5,298,325,198,226,63,65,127,135,367.2,43.632938854,-80.26044053,0.971057,NA,NA,NA,37.9908
1316,12.3643,102,159,"2026-06-21_ZGDAW",1.56685782332111,215,52,75.5,70.5,25.5,20.5,314,330,201,212,56,62,125,128,367.4,43.632871128,-80.260348413,1.16153,NA,NA,NA,38.2932
1317,12.3748,102,159,"2026-06-21_ZGDAW",1.59489633173844,251,52,68.5,70.5,21.5,20.5,322,335,198,218,51,59,120,127,367.2,43.632805833,-80.260255542,0.773037,NA,NA,NA,37.62
1318,12.3852,102,159,"2026-06-21_ZGDAW",1.59918121921576,241,45,71,74.5,27.5,24.5,323,338,197,212,48,56,118,124,367.2,43.632740371,-80.260162922,0.578862,NA,NA,NA,37.5192
1319,12.3956,102,159,"2026-06-21_ZGDAW",1.58911772184083,244,53,75,74.5,25,24.5,319,338,200,212,49,56,120,124,367,43.632673399,-80.260070134,0.386555,NA,NA,NA,37.7568
1320,12.4061,101,159,"2026-06-21_ZGDAW",1.62095571548985,218,49,69,95.5,22,33,319,338,200,204,49,56,120,124,367,43.632607601,-80.259978855,0.190476,NA,NA,NA,37.0152
1321,12.4165,101,159,"2026-06-21_ZGDAW",1.61357988834027,265,37,66.5,95.5,22.5,33,316,338,197,212,56,62,125,128,367,43.63254239,-80.25988657,0.190476,NA,NA,NA,37.1844
1322,12.4268,100,159,"2026-06-21_ZGDAW",1.62237580713196,283,52,79.5,94.5,27.5,33,319,336,197,214,65,65,132,131,366.8,43.632477598,-80.259795291,0,NA,NA,NA,36.9828
1323,12.437,100,160,"2026-06-21_ZGDAW",1.6433313613357,284,57,95,94.5,33.5,33,315,333,197,208,60,63,127,129,366.8,43.632414985,-80.259702839,-0.196006,NA,NA,NA,36.5112
1324,12.4473,100,160,"2026-06-21_ZGDAW",1.64025850474035,284,57,95,94.5,33.5,33,315,332,200,208,62,59,129,125,366.8,43.632351534,-80.259609716,-0.196006,NA,NA,NA,36.5796
1325,12.4573,98,161,"2026-06-21_ZGDAW",1.67084377610693,242,47,84.5,69,31,22.5,304,330,198,218,66,59,134,127,366.8,43.632288083,-80.2595207,-0.386482,NA,NA,NA,35.91
1326,12.4674,97,160,"2026-06-21_ZGDAW",1.68503353216729,294,48,81.5,80,24,24,319,330,198,218,65,59,129,127,366.6,43.632223124,-80.259434115,-0.774978,NA,NA,NA,35.6076
1327,12.4773,97,160,"2026-06-21_ZGDAW",1.72586379482931,236,54,81.5,80,24.5,24,319,333,198,211,65,60,129,127,367,43.632160175,-80.259350129,-0.180462,NA,NA,NA,34.7652
1328,12.4867,105,160,"2026-06-21_ZGDAW",1.73088240384948,338,52,89.5,81,28.5,23,329,340,198,203,59,62,124,127,367.2,43.632099993,-80.25926522,0.0323041,NA,NA,NA,34.6644
1329,12.4961,104,160,"2026-06-21_ZGDAW",1.78443968593862,328,53,82.5,78.5,26.5,24,322,340,198,212,53,63,121,131,367.6,43.632042493,-80.259181233,0.650144,NA,NA,NA,33.624
1330,12.5054,103,161,"2026-06-21_ZGDAW",1.7915367802501,291,53,79.5,77.5,27,23.5,316,335,198,210,55,65,124,128,368,43.631984072,-80.259098755,1.08025,NA,NA,NA,33.4908
1331,12.5144,101,161,"2026-06-21_ZGDAW",1.83776234057412,268,50,77.5,77.5,26,23.5,321,338,198,201,58,65,125,128,368.6,43.631928332,-80.259017451,1.74692,NA,NA,NA,32.6484
1332,12.5233,100,161,"2026-06-21_ZGDAW",1.85102917221975,315,50,77.5,77.5,26,23.5,329,338,205,201,59,63,127,129,368.6,43.631870245,-80.258939583,1.94109,NA,NA,NA,32.4144
1333,12.5322,106,160,"2026-06-21_ZGDAW",1.90020142135066,302,52,85,73.5,28.5,22,329,338,205,201,59,63,127,129,369.2,43.631811991,-80.258864062,2.61525,NA,NA,NA,31.5756
1334,12.541,106,160,"2026-06-21_ZGDAW",1.91241155096577,378,59,82.5,79.5,30.5,23.5,314,330,218,222,56,63,125,136,369.4,43.631754156,-80.258788122,2.84252,NA,NA,NA,31.374
1335,12.5496,104,160,"2026-06-21_ZGDAW",1.98909973346064,278,36,78,92,30,29.5,301,318,208,242,58,58,128,132,369.8,43.631699674,-80.258713272,3.30764,NA,NA,NA,30.1644
1336,12.5581,101,160,"2026-06-21_ZGDAW",2.0228992191609,278,50,76.5,92,24,29.5,304,318,200,248,55,56,125,131,370,43.631647538,-80.258636829,3.74095,NA,NA,NA,29.6604
1337,12.5664,99,161,"2026-06-21_ZGDAW",2.03674284084891,279,50,81.5,76.5,29,23.5,314,322,198,238,53,56,121,129,370.4,43.631596073,-80.258562649,3.81884,NA,NA,NA,29.4588
1338,12.5745,98,160,"2026-06-21_ZGDAW",2.09907640638119,313,49,82,76.5,27.5,23.5,315,329,197,211,55,56,121,124,370.6,43.631547626,-80.258489139,3.85299,NA,NA,NA,28.584
1339,12.5824,96,160,"2026-06-21_ZGDAW",2.14693632186869,341,49,82,76.5,27.5,23.5,318,330,197,201,56,59,122,122,371,43.63149943,-80.258418564,3.93379,NA,NA,NA,27.9468
1340,12.5899,95,161,"2026-06-21_ZGDAW",2.1704214958545,343,47,83.5,81,29,23.5,318,332,197,201,56,62,122,124,371.4,43.63145291,-80.258349413,4.03701,NA,NA,NA,27.6444
1341,12.5975,94,161,"2026-06-21_ZGDAW",2.16788067984738,324,50,87.5,88,29,25.5,312,332,200,201,62,62,127,124,371.8,43.631404882,-80.258280514,3.89666,NA,NA,NA,27.6768
1342,12.6054,93,161,"2026-06-21_ZGDAW",2.17580504786771,289,51,90,86.5,27.5,26.5,312,332,200,219,62,62,127,125,372,43.631357692,-80.258209016,4.14982,NA,NA,NA,27.576
1343,12.6131,92,161,"2026-06-21_ZGDAW",2.1996392591615,256,54,94,87,32.5,26,301,332,201,219,65,62,129,125,372.2,43.631311759,-80.258137267,3.73541,NA,NA,NA,27.2772
1344,12.6208,92,161,"2026-06-21_ZGDAW",2.15721805160066,218,49,78,83.5,24.5,25,314,323,198,217,62,60,124,125,372.4,43.631264988,-80.258063842,3.76788,NA,NA,NA,27.8136
1345,12.6283,91,161,"2026-06-21_ZGDAW",2.17296827466319,218,51,66.5,73,20.5,21,325,336,195,198,59,60,121,121,372.6,43.631202292,-80.258020591,3.56943,NA,NA,NA,27.612
1346,12.6361,91,160,"2026-06-21_ZGDAW",2.10384583017756,186,51,66.5,73,20.5,21,342,339,190,193,53,58,114,120,372.6,43.631130962,-80.258008186,3.33413,NA,NA,NA,28.5192
1347,12.6441,91,161,"2026-06-21_ZGDAW",1.99362041467305,192,53,69.5,59,21.5,17.5,353,349,190,191,56,59,117,118,372.4,43.631059129,-80.258032074,2.6022,NA,NA,NA,30.096
1348,12.6528,97,161,"2026-06-21_ZGDAW",1.85866696405338,149,48,61.5,67.5,21,19,354,349,191,191,55,59,118,118,372,43.630992744,-80.258087395,1.89552,NA,NA,NA,32.2812
1349,12.6622,106,161,"2026-06-21_ZGDAW",1.70607704643942,153,48,54.5,52.5,18,15.5,354,356,191,195,55,62,118,124,371.2,43.630928874,-80.258164341,0.538127,NA,NA,NA,35.1684
1350,12.6726,85,161,"2026-06-21_ZGDAW",1.57649136082734,17,100,0,0,0,0,0,0,0,0,0,0,0,0,370.8,43.630862657,-80.258255452,-0.379822,NA,NA,NA,38.0592
1351,12.6838,79,161,"2026-06-21_ZGDAW",1.45815106445028,18,100,54.5,56,0,17.5,345,0,180,0,48,0,110,0,368.8,43.6307925,-80.258355448,-2.69185,NA,NA,NA,41.148
1352,12.6959,79,162,"2026-06-21_ZGDAW",1.35007425408397,0,0,54.5,56,0,0,0,328,0,163,0,25,0,89,367,43.630715722,-80.258463826,-4.43262,NA,NA,NA,44.442
1353,12.7092,57,161,"2026-06-21_ZGDAW",1.27313930690296,0,0,0,0,0,0,0,0,0,0,0,0,0,0,365.4,43.630633831,-80.258581424,-5.89537,NA,NA,NA,47.1276
1354,12.7229,57,161,"2026-06-21_ZGDAW",1.19800651715545,0,100,0,0,0,0,0,0,0,0,0,0,0,0,363.8,43.630546575,-80.258701621,-7.32299,NA,NA,NA,50.0832
1355,12.737,57,161,"2026-06-21_ZGDAW",1.14280490034741,0,100,0,0,0,0,0,0,0,0,0,0,0,0,363,43.630456302,-80.258824416,-8.15703,NA,NA,NA,52.5024
1356,12.7521,15,161,"2026-06-21_ZGDAW",1.08847091605712,0,NA,0,0,0,0,0,0,0,0,0,0,0,0,361.6,43.630362173,-80.258959448,-9.08419,NA,NA,NA,55.1232
1357,12.7678,87,160,"2026-06-21_ZGDAW",1.04395030796534,0,100,0,0,0,0,0,0,0,0,0,0,0,0,360,43.630262596,-80.259099929,-9.85329,NA,NA,NA,57.474
1358,12.7843,89,160,"2026-06-21_ZGDAW",1.01893175195125,5,100,0,0,0,0,0,0,176,0,62,0,120,0,358.4,43.630156733,-80.25924284,-10.3632,NA,NA,NA,58.8852
1359,12.801,103,160,"2026-06-21_ZGDAW",1.00238567791343,98,0,0,0,0,0,0,6,0,190,0,65,0,125,357,43.630048355,-80.259386255,-10.3505,NA,NA,NA,59.8572
1360,12.8178,104,160,"2026-06-21_ZGDAW",0.99123746084612,113,60,52.5,28.5,16.5,10.5,356,21,183,208,52,80,115,142,355,43.629939809,-80.259532686,-11.1563,NA,NA,NA,60.5304
1361,12.8349,106,159,"2026-06-21_ZGDAW",0.986310016964532,119,57,50.5,41,16.5,13,357,21,194,208,52,80,118,142,353.6,43.629832186,-80.259683309,-10.1893,NA,NA,NA,60.8328
1362,12.8518,99,159,"2026-06-21_ZGDAW",0.999560193514853,68,57,50.5,41,16.5,13,357,3,194,200,52,75,118,134,352.6,43.629726825,-80.2598341,-9.29345,NA,NA,NA,60.0264
1363,12.8686,65,159,"2026-06-21_ZGDAW",1.01955506616912,23,54,0,0,0,0,0,0,0,0,0,0,0,0,351.6,43.629623644,-80.259982711,-8.68568,NA,NA,NA,58.8492
1364,12.8846,85,158,"2026-06-21_ZGDAW",1.03913377808259,24,100,28,13.5,0,3.5,345,352,181,194,42,73,107,132,351.2,43.62952172,-80.260123694,-7.7678,NA,NA,NA,57.7404
1365,12.9005,100,158,"2026-06-21_ZGDAW",1.05820105820106,192,58,60.5,13.5,18.5,0,345,343,181,173,42,52,107,114,350.8,43.629419293,-80.260261158,-7.452,NA,NA,NA,56.7
1366,12.9162,100,157,"2026-06-21_ZGDAW",1.06892423465025,195,63,71,54,22,19,3,345,201,188,65,55,129,117,350.6,43.629317872,-80.260397112,-6.65223,NA,NA,NA,56.1312
1367,12.9314,98,157,"2026-06-21_ZGDAW",1.09447508974696,195,56,64,64.5,20.5,17.5,350,343,200,193,62,53,127,120,350.4,43.629219049,-80.26052854,-5.7647,NA,NA,NA,54.8208
1368,12.9464,104,157,"2026-06-21_ZGDAW",1.11014898199338,182,55,66,56.5,21.5,16,347,343,197,193,53,53,121,120,350.4,43.62912073,-80.260656616,-4.79501,NA,NA,NA,54.0468
1369,12.9612,102,157,"2026-06-21_ZGDAW",1.13124731328763,154,55,66,56.5,21.5,16,346,349,195,197,51,62,118,129,350.4,43.629026014,-80.260784105,-3.95668,NA,NA,NA,53.0388
1370,12.9756,100,157,"2026-06-21_ZGDAW",1.16590882592981,108,54,47,61.5,14,19.5,346,353,195,201,51,70,118,134,350,43.6289344,-80.260910588,-3.04399,NA,NA,NA,51.462
1371,12.9897,100,156,"2026-06-21_ZGDAW",1.1884388667047,0,49,47,61.5,14,19.5,346,353,195,201,51,70,118,134,350,43.628843373,-80.261032125,-2.22527,NA,NA,NA,50.4864
1372,13.0036,100,156,"2026-06-21_ZGDAW",1.2159237372632,0,66,47,61.5,14,19.5,346,353,195,201,51,70,118,134,350.2,43.628753938,-80.26115207,-1.48967,NA,NA,NA,49.3452
1373,13.0168,0,155,"2026-06-21_ZGDAW",1.26415857605178,0,NA,0,0,0,0,0,0,0,0,0,0,0,0,350.4,43.628667269,-80.261264807,-0.742918,NA,NA,NA,47.4624
1374,13.03,100,155,"2026-06-21_ZGDAW",1.27949229745637,229,50,82,64,26,18.5,0,0,0,0,0,0,0,0,351,43.628580516,-80.261377879,-0.0383721,NA,NA,NA,46.8936
1375,13.0431,104,154,"2026-06-21_ZGDAW",1.32117849121416,421,50,82,64,26,18.5,333,0,204,0,58,0,127,0,351.6,43.628495943,-80.261488101,0.671216,NA,NA,NA,45.414
1376,13.0554,101,153,"2026-06-21_ZGDAW",1.35424284282658,291,55,91,98,29,32,326,345,205,221,62,70,129,139,352,43.628415057,-80.261592958,1.12381,NA,NA,NA,44.3052
1377,13.0675,99,154,"2026-06-21_ZGDAW",1.38358514582987,313,55,76.5,98,24,32,326,329,205,218,62,65,129,134,352,43.628337022,-80.261697732,1.25539,NA,NA,NA,43.3656
1378,13.0794,96,154,"2026-06-21_ZGDAW",1.4255980383771,263,52,76.5,76,24.5,24.5,326,335,203,205,62,62,128,128,352.2,43.628260998,-80.261800327,1.42345,NA,NA,NA,42.0876
1379,13.0908,94,154,"2026-06-21_ZGDAW",1.46894647159058,259,48,73.5,76,22.5,23.5,329,339,200,203,62,62,127,127,352.8,43.628188914,-80.261900993,1.94977,NA,NA,NA,40.8456
1380,13.1019,95,154,"2026-06-21_ZGDAW",1.50231356288685,186,75,73.5,76,22.5,23.5,338,339,197,203,62,62,125,127,353.2,43.628119344,-80.261999648,2.58791,NA,NA,NA,39.9384
1381,13.1129,96,153,"2026-06-21_ZGDAW",1.51763491774419,285,51,78.5,43.5,24,15,340,339,195,203,60,62,122,127,353.6,43.628048936,-80.262096124,2.95154,NA,NA,NA,39.5352
1382,13.1237,94,153,"2026-06-21_ZGDAW",1.55053183241852,251,50,78.5,43.5,24,15,335,349,195,198,60,69,124,135,353.6,43.627979534,-80.262189666,2.80766,NA,NA,NA,38.6964
1383,13.1343,100,153,"2026-06-21_ZGDAW",1.57932973246154,226,50,77.5,43.5,24.5,15,335,347,195,198,60,66,124,131,354,43.627912311,-80.262282789,3.0335,NA,NA,NA,37.9908
1384,13.1445,102,153,"2026-06-21_ZGDAW",1.623798389192,340,51,77,43.5,25.5,15,335,349,195,200,60,66,124,129,354,43.627845842,-80.262370464,2.57896,NA,NA,NA,36.9504
1385,13.1545,100,152,"2026-06-21_ZGDAW",1.65393139492574,292,45,79,76.5,27,24,336,345,198,217,58,69,124,138,354.4,43.627781218,-80.262458222,2.52094,NA,NA,NA,36.2772
1386,13.1646,97,152,"2026-06-21_ZGDAW",1.70120104793985,217,51,79,85,26,26.5,336,322,198,214,58,62,124,129,354.6,43.627719024,-80.262546484,2.39376,NA,NA,NA,35.2692
1387,13.1741,94,152,"2026-06-21_ZGDAW",1.75641971405487,174,48,79,85,26,26.5,332,321,198,201,58,56,124,122,355.2,43.627660015,-80.262631225,3.02534,NA,NA,NA,34.1604
1388,13.1833,92,152,"2026-06-21_ZGDAW",1.78081703885743,335,47,79.5,61.5,28,17,332,326,198,197,58,58,124,121,356,43.627600923,-80.262713283,3.72683,NA,NA,NA,33.6924
1389,13.1925,92,152,"2026-06-21_ZGDAW",1.82648401826484,297,48,88,61.5,27.5,17,342,340,195,211,59,60,121,121,356.2,43.627543004,-80.262794839,3.41791,NA,NA,NA,32.85
1390,13.2014,103,152,"2026-06-21_ZGDAW",1.89007333484539,297,48,88,61.5,27.5,17,340,340,210,211,65,60,131,121,357,43.627486761,-80.262874384,3.95643,NA,NA,NA,31.7448
1391,13.2101,112,152,"2026-06-21_ZGDAW",1.99123855037834,223,60,95.5,94.5,33.5,27.5,340,336,210,203,65,62,131,124,357.4,43.627432363,-80.262948899,4.05256,NA,NA,NA,30.132
1392,13.2182,95,153,"2026-06-21_ZGDAW",2.00924251557163,167,55,53,40.5,15.5,10.5,332,336,212,190,63,56,131,115,357.8,43.627378132,-80.263019391,4.54639,NA,NA,NA,29.862
1393,13.2264,104,153,"2026-06-21_ZGDAW",2.09406541860368,400,51,95,88.5,34,30,338,330,224,207,70,55,135,120,358.2,43.627327673,-80.263093319,4.65683,NA,NA,NA,28.6524
1394,13.2344,102,152,"2026-06-21_ZGDAW",2.16001382408847,321,49,83,83.5,27.5,26.5,312,328,210,208,59,56,127,122,358.8,43.627278471,-80.263165403,5.40683,NA,NA,NA,27.7776
1395,13.2421,94,152,"2026-06-21_ZGDAW",2.24406444953099,312,49,92,68.5,32,23.5,321,332,201,203,55,66,120,136,359,43.627229018,-80.263231201,5.26657,NA,NA,NA,26.7372
1396,13.2491,96,152,"2026-06-21_ZGDAW",2.38811673114582,152,80,75.5,68.5,19,23.5,332,332,204,203,58,66,121,136,359.6,43.62718384,-80.26329306,5.9257,NA,NA,NA,25.1244
1397,13.2557,100,152,"2026-06-21_ZGDAW",2.58879569224397,273,48,83.5,83.5,29.5,25.5,332,332,204,203,58,66,121,136,360.4,43.627142181,-80.263350308,6.50624,NA,NA,NA,23.1768
1398,13.2618,93,152,"2026-06-21_ZGDAW",2.76487502764875,244,58,79.5,83.5,23.5,25.5,332,329,204,197,58,62,122,128,361,43.627105636,-80.263406132,6.62028,NA,NA,NA,21.7008
1399,13.2676,93,152,"2026-06-21_ZGDAW",3.00192122958694,230,58,79.5,83.5,23.5,25.5,332,325,204,195,58,62,122,128,361.8,43.627069091,-80.263456423,7.7822,NA,NA,NA,19.9872
1400,13.273,98,152,"2026-06-21_ZGDAW",3.10655483069276,385,58,74.5,83.5,22,25.5,326,343,194,200,55,63,118,125,362.6,43.627035899,-80.263506631,8.3648,NA,NA,NA,19.314
1401,13.278,96,152,"2026-06-21_ZGDAW",3.30753456373619,315,49,82,11,28,3,326,345,191,203,48,62,110,125,363,43.627002958,-80.263550636,8.70503,NA,NA,NA,18.1404
1402,13.283,90,152,"2026-06-21_ZGDAW",3.48894006000977,280,50,81.5,83,27.5,24.5,336,339,197,203,58,58,122,121,363.4,43.62697228,-80.263595143,9.01121,NA,NA,NA,17.1972
1403,13.2876,83,153,"2026-06-21_ZGDAW",3.76818147561987,304,50,83,80.5,28,24,336,339,197,203,58,58,122,121,363.8,43.62694462,-80.263635628,9.39297,NA,NA,NA,15.9228
1404,13.2919,78,153,"2026-06-21_ZGDAW",3.80865326020719,288,53,84.5,79,29.5,24,336,340,197,201,58,56,122,118,364.2,43.626917546,-80.263674352,9.5732,NA,NA,NA,15.7536
1405,13.2963,77,153,"2026-06-21_ZGDAW",3.72106869092803,406,52,93.5,90,30,28,342,343,205,212,58,59,124,122,364.6,43.626889383,-80.263713664,10.2226,NA,NA,NA,16.1244
1406,13.3009,81,153,"2026-06-21_ZGDAW",3.59427790956797,480,52,93.5,90,30,28,340,345,212,224,58,60,122,125,364.8,43.626858286,-80.263751131,9.80019,NA,NA,NA,16.6932
1407,13.3057,84,153,"2026-06-21_ZGDAW",3.46140533056421,482,46,97.5,98.5,33,32.5,342,345,243,242,60,59,124,125,365.2,43.626828028,-80.263793459,9.4214,NA,NA,NA,17.334
1408,13.3107,88,154,"2026-06-21_ZGDAW",3.25966490644762,523,51,99,97.5,31.5,29.5,335,339,252,264,60,59,127,125,365.4,43.626794835,-80.263837045,8.8378,NA,NA,NA,18.4068
1409,13.3159,91,154,"2026-06-21_ZGDAW",3.17279015165937,545,52,97,97.5,31.5,29.5,329,339,248,264,60,59,127,125,365.6,43.626760637,-80.263882307,7.8431,NA,NA,NA,18.9108
1410,13.3216,95,155,"2026-06-21_ZGDAW",3.05362159521192,496,47,95,99.5,32,33,307,336,224,267,60,59,128,127,365.8,43.62672426,-80.263930503,6.7125,NA,NA,NA,19.6488
1411,13.3274,98,155,"2026-06-21_ZGDAW",2.96243630761939,485,48,97,100,33,33,307,336,224,267,60,59,128,127,366.2,43.626687882,-80.263980795,6.60215,NA,NA,NA,20.2536
1412,13.333,100,156,"2026-06-21_ZGDAW",2.9820480706149,447,48,99,97.5,35,31.5,297,330,221,263,59,59,129,125,366.4,43.626654187,-80.264030248,6.1593,NA,NA,NA,20.1204
1413,13.3384,101,157,"2026-06-21_ZGDAW",2.89955926699142,426,48,99,97.5,35,31.5,285,330,217,263,56,59,125,125,366.6,43.626619318,-80.264080288,5.6601,NA,NA,NA,20.6928
1414,13.3441,101,157,"2026-06-21_ZGDAW",2.92346371981524,421,45,93.5,97.5,34.5,31.5,278,330,217,263,53,59,127,125,367,43.626583611,-80.264130915,5.43162,NA,NA,NA,20.5236
1415,13.3499,101,156,"2026-06-21_ZGDAW",2.9868578255675,341,44,86.5,99.5,28,40,280,0,215,357,53,0,128,357,367.4,43.626547653,-80.264182128,5.21219,NA,NA,NA,20.088
1416,13.3557,100,156,"2026-06-21_ZGDAW",2.92808620285781,366,50,83,99.5,27,40,305,319,207,229,56,58,127,121,367.6,43.626512449,-80.264234096,5.12223,NA,NA,NA,20.4912
1417,13.3611,100,156,"2026-06-21_ZGDAW",3.00733790448695,341,49,88.5,84,29.5,26,316,328,204,205,55,56,122,121,368,43.626476826,-80.264279861,5.02964,NA,NA,NA,19.9512
1418,13.3665,98,155,"2026-06-21_ZGDAW",3.04302842188546,347,45,87,85,31,26.5,316,328,204,205,55,56,122,121,368.4,43.626443298,-80.264329482,5.37038,NA,NA,NA,19.7172
1419,13.3721,98,156,"2026-06-21_ZGDAW",3.01713734009172,333,47,75.5,100,26,38,316,328,204,205,55,56,122,121,368.8,43.626408178,-80.2643786,5.70005,NA,NA,NA,19.8864
1420,13.3777,98,156,"2026-06-21_ZGDAW",2.9820480706149,347,47,75.5,100,26,38,322,330,198,200,55,53,121,120,369,43.626374567,-80.264430149,5.70632,NA,NA,NA,20.1204
1421,13.3833,99,157,"2026-06-21_ZGDAW",2.99222022740874,354,44,87.5,84.5,31,28,318,330,200,200,58,53,125,120,369.4,43.626339195,-80.264480775,5.73095,NA,NA,NA,20.052
1422,13.3893,100,158,"2026-06-21_ZGDAW",2.89502634473974,401,51,88,99.5,26.5,35,307,328,203,198,58,56,125,121,369.6,43.626300974,-80.264531905,5.70714,NA,NA,NA,20.7252
1423,13.395,102,159,"2026-06-21_ZGDAW",2.88101411696917,308,47,77.5,85,26.5,25,312,316,200,204,55,56,121,124,369.6,43.626263842,-80.264581945,5.33677,NA,NA,NA,20.826
1424,13.4009,103,160,"2026-06-21_ZGDAW",2.87158281644843,292,48,77.5,85,26.5,25,322,316,197,204,45,56,113,124,369.6,43.626227297,-80.264633494,4.63501,NA,NA,NA,20.8944
1425,13.4068,104,160,"2026-06-21_ZGDAW",2.76946936966877,303,43,75.5,83.5,27.5,27,323,328,195,198,45,52,113,121,369.8,43.626189243,-80.264686216,4.28434,NA,NA,NA,21.6648
1426,13.413,106,160,"2026-06-21_ZGDAW",2.73942581634889,283,43,73.5,80,23,26,332,328,198,198,49,52,117,121,369.8,43.626149513,-80.264738854,3.93951,NA,NA,NA,21.9024
1427,13.4192,106,160,"2026-06-21_ZGDAW",2.72687609075044,263,44,63.5,80,18.5,26,332,330,198,197,49,55,117,122,370,43.626109699,-80.264791073,3.52135,NA,NA,NA,22.0032
1428,13.4252,93,161,"2026-06-21_ZGDAW",2.63838319877579,263,44,63.5,80,18.5,26,332,330,198,197,49,55,117,122,370.2,43.626069968,-80.264843712,3.11394,NA,NA,NA,22.7412
1429,13.4316,91,160,"2026-06-21_ZGDAW",2.56647161482394,296,57,91.5,76.5,31.5,26,335,330,197,215,52,60,118,125,370.6,43.626029484,-80.264899871,3.02466,NA,NA,NA,23.3784
1430,13.4382,93,159,"2026-06-21_ZGDAW",2.47390035129385,273,49,78.5,82.5,23,24.5,336,333,197,210,60,62,122,125,370.6,43.625987742,-80.264958628,2.66752,NA,NA,NA,24.2532
1431,13.4449,96,159,"2026-06-21_ZGDAW",2.45350606015997,272,47,81,78,25.5,23.5,329,333,198,210,63,62,127,125,370.8,43.625944743,-80.265017972,2.25174,NA,NA,NA,24.4548
1432,13.4518,97,159,"2026-06-21_ZGDAW",2.44021473889702,257,47,91,76,33.5,24,326,338,200,201,60,59,128,122,370.8,43.625899648,-80.265077232,1.9184,NA,NA,NA,24.588
1433,13.459,98,159,"2026-06-21_ZGDAW",2.40743415667581,251,55,75,86.5,24,25.5,323,338,198,201,58,59,125,122,370.8,43.625854134,-80.265138252,1.9184,NA,NA,NA,24.9228
1434,13.466,99,159,"2026-06-21_ZGDAW",2.33786879880301,275,47,76,86.5,26.5,25.5,323,325,198,200,58,60,125,125,370.8,43.625809878,-80.265201368,1.9184,NA,NA,NA,25.6644
1435,13.4733,101,159,"2026-06-21_ZGDAW",2.34115278363066,302,43,74.5,75,24,22.5,329,335,198,221,55,59,121,125,370.8,43.625765454,-80.265265573,1.57942,NA,NA,NA,25.6284
1436,13.4803,102,160,"2026-06-21_ZGDAW",2.31064282083276,255,43,74.5,75,24,22.5,329,333,197,221,53,60,122,127,370.8,43.625722287,-80.265329275,1.57942,NA,NA,NA,25.9668
1437,13.4875,103,160,"2026-06-21_ZGDAW",2.29600036736006,281,47,73.5,81.5,25.5,25,330,335,194,219,52,59,120,127,370.8,43.625676354,-80.265393229,1.25684,NA,NA,NA,26.1324
1438,13.4948,103,160,"2026-06-21_ZGDAW",2.25255665179979,268,48,78,95,26.5,30.5,330,336,198,207,48,58,117,127,370.6,43.625628829,-80.265457267,0.649535,NA,NA,NA,26.6364
1439,13.5023,105,161,"2026-06-21_ZGDAW",2.2666485334784,268,54,95,95,34,30.5,321,333,198,212,49,56,118,127,370.6,43.62558122,-80.265522311,0.0245349,NA,NA,NA,26.4708
1440,13.51,98,161,"2026-06-21_ZGDAW",2.24678709445493,180,68,63,72,18.5,25.5,322,333,195,212,51,56,115,127,370.2,43.625534784,-80.265591797,-0.494946,NA,NA,NA,26.7048
1441,13.5177,94,161,"2026-06-21_ZGDAW",2.18350146294598,242,42,79.5,47.5,29.5,16,322,329,195,215,51,59,115,132,370.4,43.625487426,-80.265662037,-0.533713,NA,NA,NA,27.4788
1442,13.5256,96,161,"2026-06-21_ZGDAW",2.09643605870021,251,48,72,86.5,23,25,330,335,191,203,49,69,114,139,370.4,43.625438308,-80.265733199,-0.533713,NA,NA,NA,28.62
1443,13.5337,99,160,"2026-06-21_ZGDAW",2.0555829633284,198,48,72,86.5,23,25,330,342,194,198,53,68,118,132,370.6,43.625387765,-80.265806038,-0.286799,NA,NA,NA,29.1888
1444,13.5421,103,160,"2026-06-21_ZGDAW",1.98459950781932,190,49,70.5,66.5,23.5,19.5,338,343,197,195,53,62,120,128,370.6,43.625334121,-80.265880134,-0.286799,NA,NA,NA,30.2328
1445,13.5509,106,160,"2026-06-21_ZGDAW",1.90628693430935,199,47,66.5,58.5,22.5,18,343,343,197,195,51,62,117,128,370.6,43.625278298,-80.265956326,-0.286799,NA,NA,NA,31.4748
1446,13.5599,101,160,"2026-06-21_ZGDAW",1.86448894358056,114,28,35,63,8,19.5,343,342,194,194,49,62,111,127,370.2,43.625221133,-80.266034696,-0.731244,NA,NA,NA,32.1804
1447,13.5691,102,160,"2026-06-21_ZGDAW",1.79694519317161,94,61,40.5,63,9.5,19.5,346,342,184,194,46,62,105,127,369.8,43.625163466,-80.266115917,-1.16603,NA,NA,NA,33.39
1448,13.5787,101,160,"2026-06-21_ZGDAW",1.73755907700862,134,57,59,46,18.5,14.5,346,338,184,187,46,56,105,120,369.4,43.625103032,-80.266199401,-1.30872,NA,NA,NA,34.5312
1449,13.5883,91,161,"2026-06-21_ZGDAW",1.67723323605381,113,28,26.5,53.5,5,16.5,347,335,188,179,46,41,110,110,369,43.625041006,-80.266284058,-1.72539,NA,NA,NA,35.7732
1450,13.5985,81,161,"2026-06-21_ZGDAW",1.62237580713196,55,28,26.5,53.5,5,16.5,349,336,191,183,51,41,113,110,368.4,43.62497504,-80.266372152,-1.79414,NA,NA,NA,36.9828
1451,13.6093,89,161,"2026-06-21_ZGDAW",1.54249575813666,142,61,49,23,13,7,352,336,183,176,51,37,111,103,367.6,43.624905554,-80.266464939,-2.79462,NA,NA,NA,38.898
1452,13.6205,94,161,"2026-06-21_ZGDAW",1.45930011966261,145,47,61,23,20.5,7,354,350,186,184,52,52,113,114,367,43.624834057,-80.266562672,-3.33034,NA,NA,NA,41.1156
1453,13.6322,94,160,"2026-06-21_ZGDAW",1.39004726160689,92,48,58.5,55,19,16,356,352,188,190,53,59,114,121,366,43.624760128,-80.26666644,-4.43195,NA,NA,NA,43.164
1454,13.6444,97,160,"2026-06-21_ZGDAW",1.33003484691299,150,57,64,55.5,22,16.5,356,343,193,183,53,59,115,124,364.8,43.62468335,-80.266775573,-5.41556,NA,NA,NA,45.1116
1455,13.6572,101,160,"2026-06-21_ZGDAW",1.27586822832938,141,52,58,48.5,19,14,354,343,195,183,55,59,120,124,363.8,43.624602213,-80.266889315,-6.19681,NA,NA,NA,47.0268
1456,13.6705,104,160,"2026-06-21_ZGDAW",1.24647869767906,147,46,55,51.5,17.5,16,353,346,197,190,56,60,120,125,362.8,43.624517221,-80.26700641,-6.50424,NA,NA,NA,48.1356
1457,13.6842,107,160,"2026-06-21_ZGDAW",1.23612450245989,179,46,55,51.5,17.5,16,353,345,197,193,56,63,120,128,361.4,43.624430636,-80.267126355,-7.09136,NA,NA,NA,48.5388
1458,13.6977,108,160,"2026-06-21_ZGDAW",1.2482524465748,159,54,66,52.5,23.5,16,350,343,198,197,53,65,115,131,360.6,43.624344889,-80.267243115,-7.26728,NA,NA,NA,48.0672
1459,13.711,107,160,"2026-06-21_ZGDAW",1.2561551602854,170,54,61,52.5,21.5,16,347,342,200,197,52,65,120,129,360,43.624260064,-80.267359456,-7.30175,NA,NA,NA,47.7648
1460,13.7241,105,159,"2026-06-21_ZGDAW",1.28879265903701,213,55,73,52.5,23.5,16.5,345,340,200,195,49,63,120,125,359.6,43.624177251,-80.267473702,-7.01885,NA,NA,NA,46.5552
1461,13.7368,104,159,"2026-06-21_ZGDAW",1.2990387113536,166,48,74,67,24,21.5,339,338,200,198,51,69,120,132,359.6,43.62409536,-80.267585768,-6.27811,NA,NA,NA,46.188
1462,13.7496,102,159,"2026-06-21_ZGDAW",1.3290802764487,263,48,81.5,59,29,19,336,338,201,200,52,63,120,129,359.6,43.624015061,-80.26769842,-5.7424,NA,NA,NA,45.144
1463,13.7622,100,159,"2026-06-21_ZGDAW",1.34810860362911,240,51,77,73,24,22.5,330,338,201,200,55,63,122,129,359.8,43.623936858,-80.267809481,-4.72897,NA,NA,NA,44.5068
1464,13.7743,99,158,"2026-06-21_ZGDAW",1.35622643556568,247,55,79,70.5,25,21,330,338,201,201,55,60,122,127,360,43.6238579,-80.267916266,-3.58007,NA,NA,NA,44.2404
1465,13.7866,98,158,"2026-06-21_ZGDAW",1.38358514582987,302,47,76.5,70.5,25,21,328,340,200,201,58,63,124,128,360.2,43.623778943,-80.268022046,-2.63622,NA,NA,NA,43.3656
1466,13.7987,100,159,"2026-06-21_ZGDAW",1.40980093610782,174,47,76.5,70.5,25,21,330,343,198,203,58,65,124,128,360.2,43.623700321,-80.26812397,-1.88434,NA,NA,NA,42.5592
1467,13.8103,101,158,"2026-06-21_ZGDAW",1.43591510869877,249,68,60.5,91.5,19,28.5,338,349,194,200,49,72,117,134,360.4,43.623624967,-80.268224888,-0.690029,NA,NA,NA,41.7852
1468,13.8217,98,158,"2026-06-21_ZGDAW",1.48108652507479,263,53,72.5,46,23,15.5,338,349,195,200,53,72,120,134,360.8,43.623555146,-80.268328488,0.253441,NA,NA,NA,40.5108
1469,13.8327,96,157,"2026-06-21_ZGDAW",1.52933259925369,263,53,75.5,75,22,23.5,338,346,198,197,59,69,125,132,361.2,43.623485995,-80.26842488,1.0682,NA,NA,NA,39.2328
1470,13.8433,95,157,"2026-06-21_ZGDAW",1.57099318188959,242,45,68.5,75,21.5,23.5,338,342,198,195,59,68,125,127,361.8,43.623418437,-80.268519176,1.93959,NA,NA,NA,38.1924
1471,13.8536,103,157,"2026-06-21_ZGDAW",1.63575097327183,215,51,75.5,71,24.5,18.5,338,342,195,195,58,66,121,125,362.4,43.623352891,-80.268608444,2.52211,NA,NA,NA,36.6804
1472,13.8634,99,156,"2026-06-21_ZGDAW",1.71750480901347,315,51,75.5,71,24.5,18.5,330,342,191,195,52,65,117,127,363,43.623289523,-80.268693771,3.13436,NA,NA,NA,34.9344
1473,13.8728,99,156,"2026-06-21_ZGDAW",1.83009406683504,213,49,77.5,78.5,23,26,326,342,194,195,56,65,121,127,363.8,43.623228419,-80.268774321,3.82669,NA,NA,NA,32.7852
1474,13.8816,98,156,"2026-06-21_ZGDAW",1.96286263887253,303,58,70,81.5,23,24,326,345,194,198,56,63,121,128,364.6,43.623171758,-80.268849926,4.57049,NA,NA,NA,30.5676
1475,13.8897,98,156,"2026-06-21_ZGDAW",2.12639278727567,212,61,70,81.5,23,24,332,345,197,198,56,63,121,128,365.2,43.623120544,-80.268918909,5.14863,NA,NA,NA,28.2168
1476,13.8972,101,155,"2026-06-21_ZGDAW",2.20779794233232,212,61,85.5,68,29.5,17,332,345,197,198,56,63,121,128,366.2,43.623072265,-80.268985797,6.48196,NA,NA,NA,27.1764
1477,13.9044,101,155,"2026-06-21_ZGDAW",2.33786879880301,387,61,86,99,26,34.5,332,342,197,217,56,69,121,142,367,43.623026248,-80.269048326,7.42066,NA,NA,NA,25.6644
1478,13.9112,94,155,"2026-06-21_ZGDAW",2.46038775711052,422,61,86,99,26,34.5,332,330,197,221,56,63,121,136,367.8,43.622982159,-80.26910767,8.24625,NA,NA,NA,24.3864
1479,13.9176,90,155,"2026-06-21_ZGDAW",2.65392781316348,457,61,86,99,26,34.5,332,323,197,212,56,59,121,127,368.6,43.622939998,-80.26916299,9.13262,NA,NA,NA,22.608
1480,13.9239,98,155,"2026-06-21_ZGDAW",2.78241513633834,201,61,96.5,93.5,30,28,312,328,203,207,58,60,121,122,369.2,43.622899011,-80.269214874,9.51896,NA,NA,NA,21.564
1481,13.9299,97,155,"2026-06-21_ZGDAW",2.77361735175015,486,61,82.5,66,22,10,308,346,184,208,38,66,98,125,370,43.622860538,-80.269267848,10.2698,NA,NA,NA,21.6324
1482,13.9358,96,155,"2026-06-21_ZGDAW",2.83543155268232,420,49,95,98.5,31,31,298,346,194,232,45,66,108,128,370.6,43.622822735,-80.269320402,10.6745,NA,NA,NA,21.1608
1483,13.9417,94,155,"2026-06-21_ZGDAW",2.89955926699142,407,49,93.5,99,31,32,295,326,204,236,58,60,122,125,371,43.622785268,-80.2693717,10.5014,NA,NA,NA,20.6928
1484,13.9475,92,155,"2026-06-21_ZGDAW",2.97194484070376,390,49,93,93,31,29.5,298,322,205,225,60,59,128,124,371.6,43.622749897,-80.269422662,10.6268,NA,NA,NA,20.1888
1485,13.9529,91,155,"2026-06-21_ZGDAW",3.05362159521192,347,49,85.5,95,26.5,31,298,322,205,225,60,59,128,124,372,43.622715112,-80.269469433,10.6268,NA,NA,NA,19.6488
1486,13.9583,88,155,"2026-06-21_ZGDAW",3.06936771025169,382,50,85.5,95,26.5,31,311,325,204,210,63,60,131,124,372.2,43.622681416,-80.269518467,9.66381,NA,NA,NA,19.548
1487,13.9636,87,156,"2026-06-21_ZGDAW",3.12812812812813,402,50,94.5,93,28,28.5,325,328,203,212,63,58,128,121,372.6,43.622647134,-80.26956507,9.30741,NA,NA,NA,19.1808
1488,13.969,86,155,"2026-06-21_ZGDAW",3.10655483069276,430,49,97.5,98.5,29.5,31,326,328,205,212,66,58,129,121,373,43.622612433,-80.269611338,8.87168,NA,NA,NA,19.314
1489,13.9742,86,155,"2026-06-21_ZGDAW",3.17823544368167,378,51,95,98.5,30,31,328,330,207,224,68,58,129,120,373.4,43.622579241,-80.269656265,8.39091,NA,NA,NA,18.8784
1490,13.9795,85,156,"2026-06-21_ZGDAW",3.17279015165937,377,51,94.5,98.5,29,30.5,333,330,211,224,65,58,128,120,373.8,43.622544037,-80.269700019,8.19325,NA,NA,NA,18.9108
1491,13.9847,85,156,"2026-06-21_ZGDAW",3.09559187716691,387,51,91.5,98.5,28.5,30.5,335,333,212,232,63,60,128,121,374.4,43.62251118,-80.269746622,8.01376,NA,NA,NA,19.3824
1492,13.9902,88,156,"2026-06-21_ZGDAW",2.93789294318115,550,48,99.5,93.5,33.5,28,335,333,235,232,63,60,129,121,375,43.622475138,-80.269794231,8.08772,NA,NA,NA,20.4228
1493,13.996,93,157,"2026-06-21_ZGDAW",2.88550323176362,454,51,86.5,98.5,26.5,30,335,333,235,232,63,60,129,121,375.2,43.622438006,-80.269843601,7.75458,NA,NA,NA,20.7936
1494,14.0018,93,157,"2026-06-21_ZGDAW",2.86713687711451,396,51,87.5,92.5,25.5,27,318,333,229,232,63,60,125,121,375.4,43.622401545,-80.26989473,7.06493,NA,NA,NA,20.9268
1495,14.0074,93,158,"2026-06-21_ZGDAW",2.94256120527307,293,51,87.5,92.5,25.5,27,315,333,215,228,63,62,125,121,375.6,43.62236676,-80.269946028,6.68133,NA,NA,NA,20.3904
1496,14.0136,92,158,"2026-06-21_ZGDAW",2.76946936966877,365,49,88.5,93,31.5,30,326,309,201,205,62,56,124,120,375.6,43.622328119,-80.270000678,6.31096,NA,NA,NA,21.6648
1497,14.0199,97,159,"2026-06-21_ZGDAW",2.60010400416017,527,52,100,86,36,29,326,309,201,205,62,56,124,120,375.8,43.622284869,-80.270053735,5.8737,NA,NA,NA,23.076
1498,14.0268,105,159,"2026-06-21_ZGDAW",2.45350606015997,612,46,97,99.5,36,31.5,305,309,205,205,56,56,121,120,375.8,43.622240025,-80.270111235,5.13296,NA,NA,NA,24.4548
1499,14.0337,109,159,"2026-06-21_ZGDAW",2.44702197425733,444,49,93,99.5,28.5,30.5,294,309,205,205,52,56,120,120,376,43.622195937,-80.270170244,4.65359,NA,NA,NA,24.5196
1500,14.0404,109,160,"2026-06-21_ZGDAW",2.45712320015726,258,49,82,85.5,26,25.5,311,300,195,211,48,51,111,117,376.2,43.622153776,-80.270230258,4.19738,NA,NA,NA,24.4188
1501,14.0472,96,161,"2026-06-21_ZGDAW",2.46730816679003,268,47,97.5,48.5,30,16,311,311,195,203,48,55,111,120,376.2,43.622111531,-80.27029044,3.04353,NA,NA,NA,24.318
1502,14.0539,96,162,"2026-06-21_ZGDAW",2.49463653145737,309,50,97.5,48.5,30,16,307,318,187,211,41,48,104,117,376.2,43.622068951,-80.270348778,1.95262,NA,NA,NA,24.0516
1503,14.0606,97,162,"2026-06-21_ZGDAW",2.44702197425733,338,50,97.5,48.5,30,16,288,312,190,212,52,55,117,122,376.4,43.622025952,-80.270407619,1.9063,NA,NA,NA,24.5196
1504,14.0673,98,162,"2026-06-21_ZGDAW",2.39120038259206,374,44,81.5,76,27.5,22.5,312,315,195,207,56,56,121,122,376.8,43.621983204,-80.270467634,2.15849,NA,NA,NA,25.092
1505,14.0742,99,162,"2026-06-21_ZGDAW",2.39773653670935,311,52,90.5,76,30,22.5,319,308,201,203,58,59,122,125,377.4,43.621939367,-80.270528738,2.67091,NA,NA,NA,25.0236
1506,14.0814,100,162,"2026-06-21_ZGDAW",2.38163284748023,366,47,92,90.5,33.5,29,309,316,204,204,59,59,125,125,377.8,43.621893601,-80.270590931,3.22647,NA,NA,NA,25.1928
1507,14.0886,101,162,"2026-06-21_ZGDAW",2.35637871718743,252,46,82.5,99,30.5,35.5,295,316,208,204,62,59,135,125,378,43.62184683,-80.270652454,3.18678,NA,NA,NA,25.4628
1508,14.0956,101,162,"2026-06-21_ZGDAW",2.38469976629942,336,54,94.5,99,35.5,35.5,295,312,208,224,62,59,135,129,378,43.621802071,-80.270713223,3.18678,NA,NA,NA,25.1604
1509,14.1025,100,162,"2026-06-21_ZGDAW",2.41056792980426,288,47,87,85.5,31.5,27.5,295,311,204,217,59,59,131,128,378.2,43.621758653,-80.270774411,3.18678,NA,NA,NA,24.8904
1510,14.1095,100,161,"2026-06-21_ZGDAW",2.35971494643447,337,47,87,85.5,31.5,27.5,309,323,201,210,58,55,127,124,378,43.621714061,-80.270837527,2.60256,NA,NA,NA,25.4268
1511,14.1167,100,161,"2026-06-21_ZGDAW",2.39120038259206,340,47,80.5,76.5,27.5,23.5,312,322,198,219,59,52,125,122,378.2,43.621668044,-80.270898463,2.88034,NA,NA,NA,25.092
1512,14.1237,101,161,"2026-06-21_ZGDAW",2.37214156940886,358,42,84,83,31.5,25.5,311,322,201,219,56,52,125,122,378.4,43.621621357,-80.270957556,3.16605,NA,NA,NA,25.2936
1513,14.1308,100,161,"2026-06-21_ZGDAW",2.38811673114582,295,46,92.5,99.5,35.5,35.5,293,322,203,219,58,52,129,122,378.6,43.621576262,-80.271018911,3.14924,NA,NA,NA,25.1244
1514,14.1377,99,162,"2026-06-21_ZGDAW",2.42706664725013,291,57,80.5,98.5,27,39,297,322,198,219,55,52,124,122,378.6,43.621532509,-80.271079345,2.55222,NA,NA,NA,24.7212
1515,14.1445,99,162,"2026-06-21_ZGDAW",2.43700346054491,285,49,77,74.5,25,24,297,321,198,215,55,59,124,129,379,43.621489761,-80.27114003,2.27089,NA,NA,NA,24.6204
1516,14.1513,98,161,"2026-06-21_ZGDAW",2.4302517740838,301,49,96,77,36,23,297,321,198,215,55,59,124,129,379.2,43.621446343,-80.271200296,2.00945,NA,NA,NA,24.6888
1517,14.1583,98,161,"2026-06-21_ZGDAW",2.44021473889702,306,49,96,77,36,23,314,329,200,231,65,58,134,124,379.4,43.621401165,-80.271260897,2.01739,NA,NA,NA,24.588
1518,14.1653,98,161,"2026-06-21_ZGDAW",2.47757791982558,309,53,83.5,98,27.5,38,300,319,201,240,63,62,135,131,379.8,43.621356405,-80.271319319,2.58882,NA,NA,NA,24.2172
1519,14.1719,97,161,"2026-06-21_ZGDAW",2.47390035129385,299,47,78,81,25,25.5,309,323,200,211,60,58,129,125,380,43.62131349,-80.271376651,2.60199,NA,NA,NA,24.2532
1520,14.1786,96,161,"2026-06-21_ZGDAW",2.47757791982558,301,52,84.5,80.5,28,24,318,332,200,207,59,56,125,122,380,43.621270239,-80.271434737,2.88771,NA,NA,NA,24.2172
1521,14.1852,96,161,"2026-06-21_ZGDAW",2.48793352241628,275,53,87,98,29.5,34,309,333,198,219,60,56,127,125,380.2,43.621228413,-80.271494165,2.91296,NA,NA,NA,24.1164
1522,14.192,95,161,"2026-06-21_ZGDAW",2.50890661849566,311,53,80.5,88.5,26,29,315,333,195,219,59,56,124,125,380.4,43.621186253,-80.271553677,2.92136,NA,NA,NA,23.9148
1523,14.1986,95,161,"2026-06-21_ZGDAW",2.50890661849566,249,50,84.5,88.5,28.5,29,315,332,195,219,59,56,124,124,380.4,43.621144846,-80.271612099,2.63967,NA,NA,NA,23.9148
1524,14.2052,96,161,"2026-06-21_ZGDAW",2.50890661849566,249,50,84.5,88.5,28.5,29,319,326,195,215,60,56,125,124,380.6,43.621104277,-80.271672113,2.9427,NA,NA,NA,23.9148
1525,14.212,96,162,"2026-06-21_ZGDAW",2.47757791982558,251,43,69.5,78.5,22.5,23.5,330,336,195,200,60,58,124,121,380.8,43.621062619,-80.271733804,2.64859,NA,NA,NA,24.2172
1526,14.2188,96,162,"2026-06-21_ZGDAW",2.46366100024637,219,47,65.5,89.5,20.5,29,340,340,194,197,56,58,121,121,381,43.621020542,-80.271794573,2.64859,NA,NA,NA,24.354
1527,14.2254,96,162,"2026-06-21_ZGDAW",2.47059986164641,207,41,63.5,89.5,21,29,342,340,194,197,56,58,121,121,381,43.620977459,-80.271853833,2.36287,NA,NA,NA,24.2856
1528,14.2325,97,162,"2026-06-21_ZGDAW",2.43344527181584,260,53,71,83.5,23,27,339,338,194,195,56,59,121,124,381,43.620933622,-80.271915691,1.79144,NA,NA,NA,24.6564
1529,14.2394,98,161,"2026-06-21_ZGDAW",2.39120038259206,213,52,70.5,72.5,22,26,335,338,193,195,53,59,118,124,381,43.620889617,-80.271976125,1.48841,NA,NA,NA,25.092
1530,14.2464,100,162,"2026-06-21_ZGDAW",2.35338416643133,198,53,72.5,69.5,23,21,335,338,193,195,53,59,118,124,381,43.620845947,-80.272037983,1.48841,NA,NA,NA,25.4952
1531,14.2536,100,162,"2026-06-21_ZGDAW",2.32288037166086,146,57,66.5,74,20.5,23,333,340,194,197,49,58,114,124,381,43.620800517,-80.272101937,1.18538,NA,NA,NA,25.83
1532,14.2609,99,162,"2026-06-21_ZGDAW",2.27531285551763,146,45,52.5,73.5,15.5,22.5,338,340,194,197,45,58,110,124,380.8,43.62075492,-80.272166897,0.617293,NA,NA,NA,26.37
1533,14.2684,89,162,"2026-06-21_ZGDAW",2.17296827466319,167,45,52.5,73.5,15.5,22.5,338,330,191,186,42,55,107,118,380.8,43.620705047,-80.272232192,0.617293,NA,NA,NA,27.612
1534,14.2763,91,161,"2026-06-21_ZGDAW",2.11398613225097,198,56,75.5,63,23,12.5,335,340,181,188,39,58,103,118,380.6,43.62065484,-80.272301845,0.0610981,NA,NA,NA,28.3824
1535,14.2846,94,162,"2026-06-21_ZGDAW",2.02979742621686,151,53,68.5,68.5,21.5,21,340,346,188,191,55,60,115,121,380.4,43.620602956,-80.272375522,-0.473983,NA,NA,NA,29.5596
1536,14.2931,96,161,"2026-06-21_ZGDAW",1.98035487959442,169,50,62.5,66,21,22,345,346,191,191,56,60,118,121,380.2,43.620550485,-80.272452133,-1.0034,NA,NA,NA,30.2976
1537,14.3018,99,162,"2026-06-21_ZGDAW",1.92477961273434,167,49,56.5,64,17.5,20.5,345,352,191,194,56,62,118,124,380,43.6204955,-80.272528743,-1.23328,NA,NA,NA,31.1724
1538,14.311,99,161,"2026-06-21_ZGDAW",1.84713140492815,136,73,46.5,61,12.5,19.5,347,349,194,194,53,60,118,124,379.6,43.620437581,-80.272607952,-1.66806,NA,NA,NA,32.4828
1539,14.3202,83,161,"2026-06-21_ZGDAW",1.77022481855196,94,43,59,44,18,12.5,345,343,194,188,53,56,117,121,379.4,43.620378656,-80.272689005,-1.88545,NA,NA,NA,33.894
1540,14.3297,81,161,"2026-06-21_ZGDAW",1.69153218985757,230,43,59,44,18,12.5,339,339,186,180,51,48,113,111,379,43.620317384,-80.272773244,-2.30651,NA,NA,NA,35.4708
1541,14.34,85,161,"2026-06-21_ZGDAW",1.62680982593135,174,50,74,90.5,22,27,345,339,187,180,56,48,118,111,378.6,43.620251838,-80.272862679,-2.69486,NA,NA,NA,36.882
1542,14.3506,88,161,"2026-06-21_ZGDAW",1.56685782332111,151,60,75,90.5,23,27,350,346,191,194,60,60,122,120,378,43.620184028,-80.272954377,-2.98692,NA,NA,NA,38.2932
1543,14.3616,92,161,"2026-06-21_ZGDAW",1.51625424551189,110,47,60,69.5,18,21,0,346,194,194,60,60,121,120,377.4,43.620115716,-80.273051188,-3.53238,NA,NA,NA,39.5712
1544,14.3729,94,161,"2026-06-21_ZGDAW",1.46533028544634,157,50,64.5,59,20,17.5,0,352,194,194,60,70,121,131,377,43.62004514,-80.273151854,-3.63319,NA,NA,NA,40.9464
1545,14.3845,97,160,"2026-06-21_ZGDAW",1.4290205493155,192,51,62.5,66,20,20,0,352,194,193,59,68,120,129,376.2,43.619973307,-80.273256041,-4.08188,NA,NA,NA,41.9868
1546,14.3963,100,160,"2026-06-21_ZGDAW",1.38680867587508,130,60,57.5,66,17.5,20,353,353,197,194,62,68,125,129,375.4,43.619898373,-80.273361569,-4.52456,NA,NA,NA,43.2648
1547,14.4086,103,161,"2026-06-21_ZGDAW",1.35523391337345,172,60,57.5,66,17.5,20,356,353,197,195,55,68,121,128,374.8,43.619819583,-80.273470115,-4.78248,NA,NA,NA,44.2728
1548,14.4212,104,161,"2026-06-21_ZGDAW",1.33696989143804,110,50,62,47,19,14.5,357,352,195,194,53,68,117,127,374.2,43.61974029,-80.273580924,-4.82388,NA,NA,NA,44.8776
1549,14.434,100,161,"2026-06-21_ZGDAW",1.31243929968239,118,53,53,60.5,18,18,354,346,195,193,56,62,118,124,373.6,43.619658651,-80.273692403,-5.07524,NA,NA,NA,45.7164
1550,14.447,101,161,"2026-06-21_ZGDAW",1.29721876297219,119,58,57,47,18.5,15,357,346,195,193,58,62,124,124,372.8,43.619575921,-80.273806146,-5.26958,NA,NA,NA,46.2528
1551,14.4602,103,161,"2026-06-21_ZGDAW",1.26858476683412,154,47,51.5,44,17,13,356,345,197,193,58,58,122,124,372,43.61949294,-80.273922486,-5.48729,NA,NA,NA,47.2968
1552,14.4733,104,161,"2026-06-21_ZGDAW",1.25881168177241,225,51,76,54.5,26.5,16.5,356,343,197,194,58,58,122,124,371.2,43.619408199,-80.274036145,-5.53194,NA,NA,NA,47.664
1553,14.4869,106,160,"2026-06-21_ZGDAW",1.23695017564692,197,54,69,54.5,24,16.5,346,339,200,198,56,62,122,128,370.8,43.619319016,-80.274150809,-5.2806,NA,NA,NA,48.5064
1554,14.5005,108,160,"2026-06-21_ZGDAW",1.2234211749737,192,54,69,54.5,24,16.5,342,338,201,198,53,66,121,131,371,43.619230587,-80.274267402,-4.77956,NA,NA,NA,49.0428
1555,14.5142,106,160,"2026-06-21_ZGDAW",1.20606893890055,103,54,67.5,57,24,17,347,339,201,198,56,66,124,129,371,43.619141487,-80.274384916,-4.0899,NA,NA,NA,49.7484
1556,14.5279,102,160,"2026-06-21_ZGDAW",1.2101849162552,136,83,58.5,53.5,19.5,15,349,340,195,190,53,58,118,121,371,43.619052555,-80.274503352,-3.41194,NA,NA,NA,49.5792
1557,14.5418,102,160,"2026-06-21_ZGDAW",1.20528396490213,118,62,57,41.5,19.5,12.5,352,340,195,190,49,58,115,121,371,43.618963539,-80.274623046,-2.92413,NA,NA,NA,49.7808
1558,14.5556,102,160,"2026-06-21_ZGDAW",1.20851763227225,147,59,61.5,39.5,21.5,12,354,343,200,190,52,63,120,128,370,43.618877122,-80.274746427,-3.17258,NA,NA,NA,49.6476
1559,14.5695,102,159,"2026-06-21_ZGDAW",1.220911776915,183,54,63.5,39.5,21,12,354,347,200,194,52,68,120,132,368.4,43.618792632,-80.274871569,-3.85491,NA,NA,NA,49.1436
1560,14.583,101,159,"2026-06-21_ZGDAW",1.22512986376556,199,54,67.5,53,24.5,16,352,346,200,195,55,66,122,129,367.2,43.618709065,-80.274993861,-4.12841,NA,NA,NA,48.9744
1561,14.5964,101,158,"2026-06-21_ZGDAW",1.24564025909317,173,60,72.5,53,25,16,346,343,200,198,52,63,120,128,366.2,43.618624659,-80.27511213,-4.26862,NA,NA,NA,48.168
1562,14.6098,100,158,"2026-06-21_ZGDAW",1.25256776391603,208,60,72.5,53,25,16,340,345,198,198,52,60,118,125,365.6,43.618539331,-80.27522889,-4.10569,NA,NA,NA,47.9016
1563,14.623,99,158,"2026-06-21_ZGDAW",1.25881168177241,263,60,80.5,63.5,27.5,19,338,343,197,198,58,60,124,125,365.2,43.618456937,-80.275346656,-4.11461,NA,NA,NA,47.664
1564,14.6358,98,158,"2026-06-21_ZGDAW",1.27949229745637,220,50,76.5,63.5,26.5,19,335,343,198,200,62,60,128,127,365,43.618375465,-80.27546023,-4.41792,NA,NA,NA,46.8936
1565,14.6487,97,159,"2026-06-21_ZGDAW",1.29249062944294,221,52,71.5,63.5,23,19,340,343,198,200,63,60,128,127,365,43.618294412,-80.275575146,-4.41792,NA,NA,NA,46.422
1566,14.6617,96,158,"2026-06-21_ZGDAW",1.2990387113536,262,51,78,62,25.5,18.5,340,345,198,200,63,62,128,127,365,43.618212186,-80.275689978,-4.41792,NA,NA,NA,46.188
1567,14.6745,95,158,"2026-06-21_ZGDAW",1.31047858677989,243,54,76,71.5,24,20.5,339,345,198,198,65,62,128,125,364.8,43.618131552,-80.275803134,-4.57417,NA,NA,NA,45.7848
1568,14.6873,94,157,"2026-06-21_ZGDAW",1.31243929968239,237,48,73.5,67.5,23.5,18.5,338,346,198,198,63,65,127,128,364.8,43.618049912,-80.275914949,-3.84953,NA,NA,NA,45.7164
1569,14.7002,94,157,"2026-06-21_ZGDAW",1.31337010769635,377,53,88,90.5,26.5,26,339,347,197,200,62,66,125,129,365.2,43.617966931,-80.276026847,-2.38837,NA,NA,NA,45.684
1570,14.7131,94,157,"2026-06-21_ZGDAW",1.32117849121416,360,53,88,90.5,26.5,26,336,347,201,200,62,66,124,129,365.8,43.617886213,-80.276139835,-1.03437,NA,NA,NA,45.414
1571,14.7256,94,158,"2026-06-21_ZGDAW",1.3191915993879,270,48,78.5,84.5,23.5,23.5,339,340,203,205,62,63,124,125,366.6,43.617807424,-80.276251147,0.351902,NA,NA,NA,45.4824
1572,14.7382,101,158,"2026-06-21_ZGDAW",1.32317137715677,270,61,76.5,84.5,23.5,23.5,340,340,200,205,59,63,125,125,367.2,43.617728215,-80.276363213,1.27585,NA,NA,NA,45.3456
1573,14.7505,100,158,"2026-06-21_ZGDAW",1.34909071285953,286,52,74.5,74.5,23,21,340,343,200,200,59,72,125,134,367.8,43.617650347,-80.276472177,2.06669,NA,NA,NA,44.4744
1574,14.7629,99,158,"2026-06-21_ZGDAW",1.35314335200671,247,54,73,73.5,23.5,21,340,345,200,201,59,70,127,129,367.6,43.617570132,-80.276579298,2.06165,NA,NA,NA,44.3412
1575,14.7752,98,157,"2026-06-21_ZGDAW",1.36143331699613,292,50,84.5,84,28,28,336,345,200,201,60,69,128,128,367.4,43.617490252,-80.276684323,1.89905,NA,NA,NA,44.0712
1576,14.7873,97,157,"2026-06-21_ZGDAW",1.37934839581782,272,55,79,70,24.5,22.5,321,342,205,204,69,69,136,134,366.8,43.617412133,-80.276789516,1.40318,NA,NA,NA,43.4988
1577,14.7995,97,156,"2026-06-21_ZGDAW",1.39109145035195,380,55,79,70,24.5,22.5,314,338,207,204,72,68,139,134,366.2,43.61733393,-80.276894793,1.06763,NA,NA,NA,43.1316
1578,14.8114,96,156,"2026-06-21_ZGDAW",1.41314792832514,332,49,84.5,70,26.5,22.5,319,338,204,203,68,63,132,128,366.2,43.617257571,-80.276998393,1.06763,NA,NA,NA,42.4584
1579,14.8229,95,156,"2026-06-21_ZGDAW",1.44990575612585,261,52,79.5,88,23.5,26.5,328,338,201,203,63,63,128,128,365.8,43.61718381,-80.277098976,0.409723,NA,NA,NA,41.382
1580,14.8343,92,156,"2026-06-21_ZGDAW",1.50856867004586,171,52,79.5,88,23.5,26.5,328,338,201,203,63,63,128,128,365.4,43.617112899,-80.27719981,-0.406271,NA,NA,NA,39.7728
1581,14.8451,92,156,"2026-06-21_ZGDAW",1.57099318188959,62,43,79.5,88,23.5,26.5,342,338,197,203,65,63,127,128,365.2,43.617047017,-80.277297627,-1.23146,NA,NA,NA,38.1924
1582,14.8555,92,156,"2026-06-21_ZGDAW",1.64171263462044,62,57,46.5,59.5,13.5,17,354,338,194,203,63,63,124,128,365.2,43.616984404,-80.277391756,-1.70765,NA,NA,NA,36.5472
1583,14.8653,80,155,"2026-06-21_ZGDAW",1.70765027322404,62,100,46.5,42,0,12.5,356,0,190,0,60,0,121,0,365.2,43.616920786,-80.277478928,-2.19545,NA,NA,NA,35.136
1584,14.8746,80,155,"2026-06-21_ZGDAW",1.86261361943079,0,100,46.5,42,0,12.5,356,0,190,0,60,0,121,0,365.8,43.616847779,-80.277541876,-1.389,NA,NA,NA,32.2128
1585,14.8825,80,155,"2026-06-21_ZGDAW",2.18636582272946,0,100,46.5,42,0,12.5,356,0,190,0,60,0,121,0,366.8,43.616774354,-80.277561154,0.0394246,NA,NA,NA,27.4428
1586,14.8899,0,155,"2026-06-21_ZGDAW",2.25804994806485,0,NA,0,0,0,0,0,0,0,0,0,0,0,0,367.4,43.616708975,-80.27753056,1.3461,NA,NA,NA,26.5716
1587,14.8974,24,155,"2026-06-21_ZGDAW",2.18350146294598,8,NA,0,0,0,0,354,0,183,0,60,0,120,0,368,43.616661282,-80.277465014,2.63791,NA,NA,NA,27.4788
1588,14.9062,24,155,"2026-06-21_ZGDAW",1.90020142135066,302,100,0,0,0,0,354,0,183,0,60,0,120,0,368.4,43.616610655,-80.277378177,3.09245,NA,NA,NA,31.5756
1589,14.9151,75,154,"2026-06-21_ZGDAW",1.86657707096726,544,100,92,89,24,14,350,0,179,0,60,0,117,0,368.2,43.616556592,-80.277296538,3.21556,NA,NA,NA,32.1444
1590,14.9249,75,154,"2026-06-21_ZGDAW",1.75125214528388,408,51,91,89,24,14,343,0,179,357,59,0,114,357,368,43.616496661,-80.277209701,3.36235,NA,NA,NA,34.2612
1591,14.9346,82,154,"2026-06-21_ZGDAW",1.69307869429771,408,39,91,89,24,14,339,350,179,184,59,75,114,134,367.6,43.616432791,-80.277126888,3.13517,NA,NA,NA,35.4384
1592,14.9446,85,155,"2026-06-21_ZGDAW",1.66317400126401,311,39,68.5,88,21,24,343,353,181,190,60,75,115,131,367.4,43.616367999,-80.277041895,2.93517,NA,NA,NA,36.0756
1593,14.9547,86,155,"2026-06-21_ZGDAW",1.63880694854146,384,51,78,82.5,20.5,23.5,350,353,187,190,62,75,120,131,367.4,43.616305722,-80.276950114,2.93517,NA,NA,NA,36.612
1594,14.9652,87,155,"2026-06-21_ZGDAW",1.60627088152146,297,52,79,94.5,23,25.5,350,353,187,190,62,75,120,131,367.4,43.616241013,-80.276856739,2.29001,NA,NA,NA,37.3536
1595,14.9757,88,154,"2026-06-21_ZGDAW",1.58911772184083,299,44,75.5,79.5,20,22,350,343,187,193,62,63,120,120,367.2,43.616175299,-80.276763616,0.833708,NA,NA,NA,37.7568
1596,14.9861,88,154,"2026-06-21_ZGDAW",1.60056339831621,206,50,77.5,79.5,22.5,22,350,336,187,183,62,55,120,111,367,43.616109334,-80.276673008,-0.16941,NA,NA,NA,37.4868
1597,14.9964,88,154,"2026-06-21_ZGDAW",1.61357988834027,157,40,50.5,60,15,17,339,336,181,183,55,55,113,111,367,43.616045547,-80.276582316,-0.96941,NA,NA,NA,37.1844
1598,15.0064,89,154,"2026-06-21_ZGDAW",1.59918121921576,268,46,65,60,16,17,345,326,184,172,62,44,121,100,366.8,43.61597866,-80.276495312,-1.62396,NA,NA,NA,37.5192
1599,15.0168,89,154,"2026-06-21_ZGDAW",1.57932973246154,233,46,66.5,73.5,17.5,18,345,319,184,162,62,32,121,89,366.6,43.615910934,-80.276404033,-1.59154,NA,NA,NA,37.9908
1600,15.0276,90,153,"2026-06-21_ZGDAW",1.57381177211206,267,46,66.5,73.5,17.5,18,350,319,187,162,68,32,127,89,366.6,43.615842957,-80.276309485,-1.38746,NA,NA,NA,38.124
1601,15.0383,90,153,"2026-06-21_ZGDAW",1.57649136082734,219,44,64.5,75.5,18.5,21,347,319,184,162,63,32,122,89,366.6,43.615775483,-80.27621544,-0.975092,NA,NA,NA,38.0592
1602,15.0489,90,153,"2026-06-21_ZGDAW",1.58488652212502,199,45,65,77,17.5,20,347,332,184,177,63,48,122,105,366.6,43.615708092,-80.27612349,-0.775092,NA,NA,NA,37.8576
1603,15.0593,89,154,"2026-06-21_ZGDAW",1.60348919248284,202,52,60,72.5,17.5,21.5,330,335,170,180,44,52,103,110,366.6,43.615642378,-80.276031457,-0.775092,NA,NA,NA,37.4184
1604,15.0697,89,153,"2026-06-21_ZGDAW",1.61217514670794,169,60,65.5,60,18.5,19.5,319,339,159,184,28,51,87,111,366.8,43.615573479,-80.275945207,-0.582784,NA,NA,NA,37.2168
1605,15.0799,88,153,"2026-06-21_ZGDAW",1.63270637408568,150,53,60,61.5,17,17.5,323,335,166,180,34,49,94,110,367,43.615509441,-80.275853677,-0.196229,NA,NA,NA,36.7488
1606,15.09,88,153,"2026-06-21_ZGDAW",1.63719711853307,155,47,58.5,58.5,17.5,16.5,335,340,179,183,45,55,104,115,367,43.615446241,-80.275763236,0,NA,NA,NA,36.648
1607,15.1002,87,154,"2026-06-21_ZGDAW",1.64625312788094,191,47,66.5,66.5,20.5,16.5,350,346,190,190,58,60,117,121,367,43.615384383,-80.275670868,0,NA,NA,NA,36.4464
1608,15.1104,87,154,"2026-06-21_ZGDAW",1.63270637408568,220,47,66.5,66.5,20.5,16.5,352,354,191,203,59,72,117,131,367.2,43.615322189,-80.275576571,0.392157,NA,NA,NA,36.7488
1609,15.1208,88,154,"2026-06-21_ZGDAW",1.61498708010336,302,48,67,71,20.5,20,346,354,190,203,56,72,117,131,367,43.615254966,-80.275486885,0.392157,NA,NA,NA,37.152
1610,15.1312,88,154,"2026-06-21_ZGDAW",1.59337157425112,346,47,89.5,71,30,20,346,339,190,224,56,60,117,122,367,43.615185648,-80.275397366,0.392157,NA,NA,NA,37.656
1611,15.1421,90,154,"2026-06-21_ZGDAW",1.57798396768289,400,49,89.5,96.5,27.5,27.5,346,318,190,246,56,45,117,107,367,43.615116581,-80.275304243,0.392157,NA,NA,NA,38.0232
1612,15.1529,91,155,"2026-06-21_ZGDAW",1.57099318188959,284,53,87.5,96.5,25.5,27.5,346,319,194,238,60,45,121,107,367,43.615048185,-80.275209947,0.392157,NA,NA,NA,38.1924
1613,15.1635,91,155,"2026-06-21_ZGDAW",1.57099318188959,149,51,97.5,83,32.5,24.5,345,326,195,231,62,51,122,111,366.8,43.614980375,-80.275118416,0.203478,NA,NA,NA,38.1924
1614,15.1738,91,155,"2026-06-21_ZGDAW",1.58488652212502,149,46,60.5,99.5,18.5,36,339,322,188,228,56,49,117,113,366.8,43.614912566,-80.275028814,0.0111699,NA,NA,NA,37.8576
1615,15.1845,90,155,"2026-06-21_ZGDAW",1.59489633173844,130,46,60.5,99.5,18.5,36,338,316,177,200,45,42,105,105,366.6,43.614846013,-80.274936613,-0.371824,NA,NA,NA,37.62
1616,15.195,90,156,"2026-06-21_ZGDAW",1.58067779463834,160,48,58.5,60,20,17.5,349,338,188,187,58,48,121,108,366.4,43.61478164,-80.274842149,-0.562301,NA,NA,NA,37.9584
1617,15.2053,91,156,"2026-06-21_ZGDAW",1.55865207768322,234,61,72,60,23.5,18.5,350,338,191,187,63,48,128,108,366.4,43.614716681,-80.274747936,-0.562301,NA,NA,NA,38.4948
1618,15.2159,91,156,"2026-06-21_ZGDAW",1.55865207768322,194,58,75,72,25,21,350,335,191,179,63,49,128,108,366,43.614649793,-80.274653221,-1.13574,NA,NA,NA,38.4948
1619,15.2268,92,157,"2026-06-21_ZGDAW",1.5452129303418,128,45,62.5,66,19,19,345,342,190,188,59,55,124,115,365.8,43.61457796,-80.27456169,-1.12692,NA,NA,NA,38.8296
1620,15.2377,92,158,"2026-06-21_ZGDAW",1.52793057083486,119,54,62,66,19,19,347,347,190,197,58,60,121,121,365.6,43.614504702,-80.274470579,-1.3104,NA,NA,NA,39.2688
1621,15.2488,93,158,"2026-06-21_ZGDAW",1.52793057083486,208,50,72.5,66,20.5,19,352,347,190,197,58,60,120,121,365.2,43.614436641,-80.274370834,-1.67076,NA,NA,NA,39.2688
1622,15.26,93,157,"2026-06-21_ZGDAW",1.52276534186082,155,50,72.5,66,20.5,19,347,343,186,191,56,60,117,121,365,43.614370256,-80.274269246,-1.84933,NA,NA,NA,39.402
1623,15.2709,93,157,"2026-06-21_ZGDAW",1.53186274509804,126,52,63.5,67,17.5,19,345,343,183,187,56,53,115,115,365,43.614303704,-80.274170926,-1.66065,NA,NA,NA,39.168
1624,15.2815,93,157,"2026-06-21_ZGDAW",1.52793057083486,117,50,57.5,45,19.5,14,343,343,183,187,53,53,111,115,364.8,43.614236984,-80.274074953,-1.84933,NA,NA,NA,39.2688
1625,15.2922,93,157,"2026-06-21_ZGDAW",1.53723175305909,151,62,58.5,39.5,17,11.5,343,338,183,180,53,48,111,110,365,43.614169258,-80.273980657,-1.4755,NA,NA,NA,39.0312
1626,15.3032,93,157,"2026-06-21_ZGDAW",1.52151421094273,113,57,61,50.5,21,13.5,0,326,357,170,0,39,357,103,365,43.614100694,-80.273883678,-1.28503,NA,NA,NA,39.4344
1627,15.3141,93,157,"2026-06-21_ZGDAW",1.51377535573721,127,76,59,50.5,19.5,13.5,346,326,188,170,51,39,113,103,364.6,43.614033053,-80.27378628,-1.652,NA,NA,NA,39.636
1628,15.3252,94,157,"2026-06-21_ZGDAW",1.47011261062597,101,60,52,44.5,16,11.5,350,340,191,179,58,45,120,110,364.2,43.613962561,-80.27368905,-1.635,NA,NA,NA,40.8132
1629,15.3365,96,157,"2026-06-21_ZGDAW",1.42779633913019,153,60,52,44.5,16,11.5,335,347,174,183,42,48,103,113,363.8,43.613888129,-80.273590563,-1.8055,NA,NA,NA,42.0228
1630,15.3484,100,157,"2026-06-21_ZGDAW",1.396570024021,143,53,61,53,18.5,17,338,340,177,176,39,45,98,108,363,43.613812273,-80.273487214,-2.29428,NA,NA,NA,42.9624
1631,15.3607,85,157,"2026-06-21_ZGDAW",1.34202968569665,70,51,56.5,50,18,14.5,0,340,0,176,0,45,0,108,362,43.613733483,-80.273379423,-2.74693,NA,NA,NA,44.7084
1632,15.3734,85,157,"2026-06-21_ZGDAW",1.31627441689043,0,0,56.5,47,0,12,0,340,0,176,0,45,0,108,361.2,43.613652933,-80.273270039,-3.19828,NA,NA,NA,45.5832
1633,15.3863,85,157,"2026-06-21_ZGDAW",1.27949229745637,0,0,56.5,47,0,12,0,340,0,179,0,49,0,111,360.4,43.613570371,-80.273157805,-3.81843,NA,NA,NA,46.8936
1634,15.3996,0,158,"2026-06-21_ZGDAW",1.23101164537017,0,NA,0,0,0,0,0,0,0,0,0,0,0,0,359.4,43.61348387,-80.273042303,-4.38163,NA,NA,NA,48.7404
1635,15.4134,0,157,"2026-06-21_ZGDAW",1.19320351279114,0,NA,0,0,0,0,0,0,0,0,0,0,0,0,358.2,43.613396698,-80.272921017,-5.43811,NA,NA,NA,50.2848
1636,15.4275,0,157,"2026-06-21_ZGDAW",1.15990442387547,0,NA,0,0,0,0,0,0,0,0,0,0,0,0,357,43.613305084,-80.272796378,-6.28918,NA,NA,NA,51.7284
1637,15.442,0,157,"2026-06-21_ZGDAW",1.14351057747284,0,NA,0,0,0,0,0,0,0,0,0,0,0,0,355.6,43.613208944,-80.272672577,-6.88772,NA,NA,NA,52.47
1638,15.457,0,156,"2026-06-21_ZGDAW",1.14429568600526,0,NA,0,0,0,0,0,0,0,0,0,0,0,0,354.6,43.613112217,-80.272545004,-7.19403,NA,NA,NA,52.434
1639,15.4718,0,156,"2026-06-21_ZGDAW",1.14942528735632,0,NA,0,0,0,0,0,0,0,0,0,0,0,0,353.6,43.613015825,-80.272418857,-7.51572,NA,NA,NA,52.2
1640,15.4862,0,156,"2026-06-21_ZGDAW",1.17049418264391,0,NA,0,0,0,0,0,0,0,0,0,0,0,0,353,43.612924127,-80.272291787,-7.26012,NA,NA,NA,51.2604
1641,15.5007,0,156,"2026-06-21_ZGDAW",1.18295597037878,0,NA,0,0,0,0,0,0,0,0,0,0,0,0,352.8,43.612832932,-80.272164466,-6.58504,NA,NA,NA,50.7204
1642,15.5148,0,157,"2026-06-21_ZGDAW",1.21432908318154,0,NA,0,0,0,0,0,0,0,0,0,0,0,0,353,43.612743245,-80.272043431,-5.81328,NA,NA,NA,49.41
1643,15.5283,0,156,"2026-06-21_ZGDAW",1.24303898170247,0,NA,0,0,0,0,0,0,0,0,0,0,0,0,353,43.612654229,-80.271929018,-5.19312,NA,NA,NA,48.2688
1644,15.5415,0,157,"2026-06-21_ZGDAW",1.28501670521717,0,NA,0,0,0,0,0,0,0,0,0,0,0,0,353.2,43.612569991,-80.271815108,-4.28973,NA,NA,NA,46.692
1645,15.5541,0,157,"2026-06-21_ZGDAW",1.32411747570244,0,NA,0,0,0,0,0,0,0,0,0,0,0,0,353.4,43.612488268,-80.271705054,-3.26143,NA,NA,NA,45.3132
1646,15.5669,0,156,"2026-06-21_ZGDAW",1.35424284282658,0,NA,0,0,0,0,0,0,0,0,0,0,0,0,353.6,43.612409729,-80.271593323,-2.25412,NA,NA,NA,44.3052
1647,15.579,26,158,"2026-06-21_ZGDAW",1.36043316191875,13,NA,0,0,0,0,0,0,0,357,0,0,0,357,353.6,43.612333957,-80.271483017,-1.2886,NA,NA,NA,44.1036
1648,15.5912,105,158,"2026-06-21_ZGDAW",1.38680867587508,248,40,63,0,20.5,0,336,342,183,174,46,49,105,108,353.6,43.612260783,-80.271372292,-0.621934,NA,NA,NA,43.2648
1649,15.6029,104,158,"2026-06-21_ZGDAW",1.40540236669759,236,40,69,68.5,20.5,17.5,335,333,186,173,49,48,110,105,353.4,43.612188866,-80.271265842,-0.117199,NA,NA,NA,42.6924
1650,15.6147,103,157,"2026-06-21_ZGDAW",1.39879703455029,230,49,68.5,68.5,21.5,17.5,338,339,190,187,53,55,115,111,353.4,43.612113932,-80.271160314,0.299468,NA,NA,NA,42.894
1651,15.6265,102,158,"2026-06-21_ZGDAW",1.42328494164532,300,34,54.5,70,15.5,19.5,349,339,197,187,65,55,127,111,353.4,43.612039082,-80.271057719,0.437399,NA,NA,NA,42.156
1652,15.6382,101,158,"2026-06-21_ZGDAW",1.41087502469031,271,34,54.5,70,15.5,19.5,349,356,195,204,72,70,132,128,353.4,43.611964818,-80.270953784,0.295555,NA,NA,NA,42.5268
1653,15.6497,101,158,"2026-06-21_ZGDAW",1.44050705848459,298,34,70,70,20.5,19.5,0,357,357,204,0,73,357,129,353.2,43.611890135,-80.270852698,0.121642,NA,NA,NA,41.652
1654,15.6615,100,158,"2026-06-21_ZGDAW",1.4534461207523,254,54,72.5,72.5,22,21,0,346,357,195,0,72,357,128,353.2,43.611813776,-80.270753205,-0.0298731,NA,NA,NA,41.2812
1655,15.6731,99,158,"2026-06-21_ZGDAW",1.45217972176237,328,48,79.5,67.5,22,18,0,340,357,194,0,69,357,124,353.2,43.611737501,-80.270656226,-0.188603,NA,NA,NA,41.3172
1656,15.6846,98,158,"2026-06-21_ZGDAW",1.45815106445028,275,58,80.5,98.5,24.5,28,328,335,190,197,59,66,122,122,353.2,43.611664662,-80.270558493,-0.344853,NA,NA,NA,41.148
1657,15.6954,98,158,"2026-06-21_ZGDAW",1.46533028544634,341,52,78.5,68,21.5,19.5,326,335,194,197,60,66,125,122,353.2,43.611593667,-80.270462101,-0.344853,NA,NA,NA,40.9464
1658,15.7066,98,159,"2026-06-21_ZGDAW",1.48610491900728,330,52,78.5,68,21.5,19.5,329,333,198,191,62,60,127,120,353.4,43.611521248,-80.270363866,-0.166282,NA,NA,NA,40.374
1659,15.7181,97,159,"2026-06-21_ZGDAW",1.47258055015609,325,46,72.5,82.5,19,23.5,0,335,357,193,0,59,357,118,353.8,43.611446062,-80.270265462,0.352484,NA,NA,NA,40.7448
1660,15.7296,97,161,"2026-06-21_ZGDAW",1.47141049409964,364,52,89.5,75.5,30,19,0,335,357,193,0,59,357,118,354,43.61137448,-80.270163454,0.526398,NA,NA,NA,40.7772
1661,15.7411,97,162,"2026-06-21_ZGDAW",1.48240386610928,233,43,73.5,100,21.5,42,0,316,357,177,0,44,357,103,354.4,43.611302061,-80.270062871,0.874224,NA,NA,NA,40.4748
1662,15.7524,96,163,"2026-06-21_ZGDAW",1.48359147825055,241,61,78.5,80,22.5,21.5,332,323,197,180,62,52,125,110,354.6,43.611231988,-80.269961702,1.05121,NA,NA,NA,40.4424
1663,15.7638,96,163,"2026-06-21_ZGDAW",1.47990291836856,311,52,72.5,66.5,21,19.5,338,335,195,187,62,60,124,120,354.6,43.611162418,-80.269859526,1.22513,NA,NA,NA,40.5432
1664,15.7752,97,163,"2026-06-21_ZGDAW",1.45573121378869,358,54,77,78.5,20.5,19,325,339,179,188,45,62,104,121,354.4,43.611089663,-80.269759195,1.04969,NA,NA,NA,41.2164
1665,15.7865,97,163,"2026-06-21_ZGDAW",1.46533028544634,359,54,77,81.5,20.5,24,0,342,357,190,0,60,357,117,354,43.611015986,-80.269662636,0.695707,NA,NA,NA,40.9464
1666,15.7977,98,164,"2026-06-21_ZGDAW",1.49342891278375,323,54,77,81.5,20.5,24,326,342,176,190,45,60,105,117,353.8,43.610944656,-80.269567166,0.517135,NA,NA,NA,40.176
1667,15.8087,97,163,"2026-06-21_ZGDAW",1.49342891278375,240,43,71.5,81.5,21,24,326,338,176,191,45,63,105,117,353.6,43.610871734,-80.269473959,0.335317,NA,NA,NA,40.176
1668,15.8196,96,163,"2026-06-21_ZGDAW",1.48729847105717,322,62,80.5,66,23,17.5,333,338,183,191,51,63,113,117,353.4,43.610799566,-80.269379746,-0.0267404,NA,NA,NA,40.3416
1669,15.8308,97,162,"2026-06-21_ZGDAW",1.48849394182966,339,49,79,66,21,17.5,340,349,188,221,56,70,118,129,353.2,43.610727314,-80.269282516,-0.553138,NA,NA,NA,40.3092
1670,15.8419,97,156,"2026-06-21_ZGDAW",1.51763491774419,271,58,80,98.5,25,29.5,343,347,194,225,59,72,121,131,353,43.610656487,-80.269185035,-0.907231,NA,NA,NA,39.5352
1671,15.853,96,150,"2026-06-21_ZGDAW",1.52933259925369,231,54,74,70,21.5,20.5,326,346,179,214,48,72,110,131,353,43.610584905,-80.269088224,-1.25506,NA,NA,NA,39.2328
1672,15.8639,95,148,"2026-06-21_ZGDAW",1.54779593858346,241,60,78,70,22,20.5,328,349,180,195,49,70,111,129,352.8,43.610514832,-80.268992167,-1.61553,NA,NA,NA,38.7648
1673,15.875,94,147,"2026-06-21_ZGDAW",1.55327741534638,268,56,79.5,65,21.5,19.5,328,349,180,195,49,70,111,129,353,43.610442916,-80.268897116,-1.43535,NA,NA,NA,38.628
1674,15.8859,93,147,"2026-06-21_ZGDAW",1.58911772184083,268,56,79.5,65,21.5,19.5,328,349,180,195,49,70,111,129,353.2,43.610373262,-80.268804161,-1.07643,NA,NA,NA,37.7568
1675,15.8962,98,147,"2026-06-21_ZGDAW",1.65705574335521,165,54,75,72.5,22.5,21,336,343,187,190,55,65,115,125,353.4,43.610305955,-80.268716402,-0.528273,NA,NA,NA,36.2088
1676,15.9061,98,147,"2026-06-21_ZGDAW",1.69635284139101,241,44,66,74.5,19.5,21.5,346,350,191,194,58,62,117,124,353.8,43.610238984,-80.268633338,0.0543393,NA,NA,NA,35.37
1677,15.9161,98,148,"2026-06-21_ZGDAW",1.73755907700862,241,45,72.5,74.5,22.5,21.5,340,343,190,194,55,60,114,121,354.2,43.610173186,-80.268550022,0.636157,NA,NA,NA,34.5312
1678,15.9254,103,152,"2026-06-21_ZGDAW",1.84141715464221,224,44,66,79.5,21.5,21.5,347,343,195,194,58,60,118,121,354.6,43.610111495,-80.268471567,1.24975,NA,NA,NA,32.5836
1679,15.9344,98,152,"2026-06-21_ZGDAW",1.93933752230238,311,48,80.5,68.5,27,19.5,347,347,195,194,58,62,118,120,355,43.610052403,-80.268396465,1.87277,NA,NA,NA,30.9384
1680,15.9427,94,154,"2026-06-21_ZGDAW",2.08907829865463,330,48,76,77,21,22.5,346,347,195,194,58,62,120,121,355.8,43.609996915,-80.268327901,3.0168,NA,NA,NA,28.7208
1681,15.9503,107,154,"2026-06-21_ZGDAW",2.27842333105491,164,48,76,77,21,22.5,342,343,195,198,62,63,124,124,356.6,43.609947881,-80.268263025,4.06943,NA,NA,NA,26.334
1682,15.9574,106,155,"2026-06-21_ZGDAW",2.44702197425733,312,54,82.5,77,30,22.5,336,343,184,198,49,63,111,124,357.4,43.609903876,-80.268200413,5.37968,NA,NA,NA,24.5196
1683,15.9641,100,155,"2026-06-21_ZGDAW",2.54452926208651,381,46,84,75.5,29,23.5,315,3,193,217,46,84,114,146,358,43.609859787,-80.268142913,6.09502,NA,NA,NA,23.58
1684,15.9706,100,155,"2026-06-21_ZGDAW",2.6421475375185,487,49,84,75.5,29,23.5,311,3,201,217,55,84,122,146,358.8,43.609818715,-80.268086251,7.14231,NA,NA,NA,22.7088
1685,15.9769,95,156,"2026-06-21_ZGDAW",2.67008437466624,487,52,84,75.5,29,23.5,311,3,201,217,55,84,122,146,359.4,43.609778231,-80.268031098,7.90051,NA,NA,NA,22.4712
1686,15.9826,95,156,"2026-06-21_ZGDAW",2.93789294318115,362,52,94.5,91,29.5,27.5,311,330,201,214,55,65,122,128,360,43.609740428,-80.267982483,8.5491,NA,NA,NA,20.4228
1687,15.9882,96,157,"2026-06-21_ZGDAW",3.07957625030796,362,52,99,41.5,33,11,311,329,201,219,55,68,122,129,360.6,43.609701956,-80.267937807,9.22053,NA,NA,NA,19.4832
1688,15.9937,98,158,"2026-06-21_ZGDAW",3.11177495643515,423,52,99,41.5,33,11,311,329,201,219,55,68,122,129,361.2,43.609666249,-80.267889612,9.88133,NA,NA,NA,19.2816
1689,15.9994,96,158,"2026-06-21_ZGDAW",3.11177495643515,572,52,92.5,94.5,27,32.5,325,330,217,211,59,72,122,132,361.8,43.609631464,-80.26784041,10.4895,NA,NA,NA,19.2816
1690,16.0048,98,158,"2026-06-21_ZGDAW",3.11177495643515,595,50,99.5,99,35,29,325,329,217,210,59,69,122,131,362.2,43.609597601,-80.267791711,10.2664,NA,NA,NA,19.2816
1691,16.0103,98,158,"2026-06-21_ZGDAW",3.02260911618909,563,49,99,100,35,31,309,329,214,210,49,69,114,131,362.6,43.609561894,-80.267743096,9.94105,NA,NA,NA,19.8504
1692,16.0159,99,157,"2026-06-21_ZGDAW",3.00733790448695,553,48,96.5,100,34,31,293,0,222,357,49,0,115,357,363.2,43.609524092,-80.267696241,9.88572,NA,NA,NA,19.9512
1693,16.0215,99,154,"2026-06-21_ZGDAW",3.15596793536578,506,48,98.5,99,36,30.5,285,0,226,357,55,0,122,357,363.6,43.60948872,-80.267649805,9.70448,NA,NA,NA,19.0116
1694,16.0268,97,152,"2026-06-21_ZGDAW",3.13401027955372,462,50,97.5,100,34,35.5,280,0,224,357,56,0,127,357,364,43.609455611,-80.267600771,9.22843,NA,NA,NA,19.1448
1695,16.0324,97,152,"2026-06-21_ZGDAW",3.0852770578798,463,49,97.5,100,34,35.5,280,322,224,218,56,63,127,127,364.6,43.609419402,-80.267553162,9.34747,NA,NA,NA,19.4472
1696,16.0379,96,153,"2026-06-21_ZGDAW",3.06372549019608,441,49,90,98,31,31,295,308,212,215,58,60,125,125,365,43.609384281,-80.267504547,9.02212,NA,NA,NA,19.584
1697,16.0434,96,154,"2026-06-21_ZGDAW",3.06936771025169,426,52,99.5,90,33.5,27,295,315,212,217,58,63,125,128,365.4,43.609350167,-80.267454675,8.67796,NA,NA,NA,19.548
1698,16.049,96,154,"2026-06-21_ZGDAW",3.06936771025169,388,52,99.5,90,35,27,294,315,212,217,44,63,108,128,365.6,43.609313203,-80.267408239,7.94419,NA,NA,NA,19.548
1699,16.0548,97,155,"2026-06-21_ZGDAW",2.94256120527307,431,51,98,90,39,27,278,304,205,221,42,62,111,127,366,43.609275233,-80.267359372,7.58122,NA,NA,NA,20.3904
1700,16.0606,101,155,"2026-06-21_ZGDAW",2.83977963310047,426,49,87.5,89.5,26.5,26,308,284,203,205,52,60,121,124,366.2,43.609236844,-80.267309416,7.1853,NA,NA,NA,21.1284
1701,16.0666,103,156,"2026-06-21_ZGDAW",2.83543155268232,359,49,91,90,33.5,26.5,314,284,207,205,59,60,128,124,366.6,43.609198538,-80.267258454,7.1247,NA,NA,NA,21.1608
1702,16.0727,104,156,"2026-06-21_ZGDAW",2.78660201749986,309,42,85.5,83.5,28,25.5,314,300,207,203,59,62,128,124,366.8,43.609159143,-80.267206738,6.38114,NA,NA,NA,21.5316
1703,16.0786,104,156,"2026-06-21_ZGDAW",2.85779606767261,259,50,81,98.5,24.5,35.5,301,323,203,207,51,60,121,125,367.2,43.609120754,-80.267157285,6.34482,NA,NA,NA,20.9952
1704,16.0845,104,157,"2026-06-21_ZGDAW",2.81293952180028,291,50,81,98.5,24.5,35.5,302,323,190,218,35,63,104,128,367.2,43.609082114,-80.267106993,5.5901,NA,NA,NA,21.33
1705,16.0902,104,157,"2026-06-21_ZGDAW",2.89050757312984,249,50,71.5,81,23.5,23.5,322,325,187,200,37,59,105,118,367.6,43.609045317,-80.26705863,5.22043,NA,NA,NA,20.7576
1706,16.0961,104,157,"2026-06-21_ZGDAW",2.78660201749986,216,42,72,75,21.5,22.5,323,325,183,200,35,59,104,118,367.8,43.60900785,-80.267006075,4.83214,NA,NA,NA,21.5316
1707,16.1021,107,157,"2026-06-21_ZGDAW",2.73134491423577,368,62,78.5,75,24,22.5,323,321,183,194,35,60,104,120,368,43.608968036,-80.266955113,4.4382,NA,NA,NA,21.9672
1708,16.1081,109,157,"2026-06-21_ZGDAW",2.67780634104542,248,44,81,61.5,24,18.5,316,308,184,193,35,62,103,125,368.2,43.608926797,-80.266905157,4.41439,NA,NA,NA,22.4064
1709,16.1144,105,157,"2026-06-21_ZGDAW",2.72687609075044,164,54,70.5,87,25,25.5,312,322,181,195,31,62,94,125,368.4,43.608886732,-80.266853441,4.04219,NA,NA,NA,22.0032
1710,16.1205,99,158,"2026-06-21_ZGDAW",2.59241976460829,262,52,81,64.5,24,20.5,321,328,181,194,34,65,100,131,368.6,43.608844487,-80.26680206,4.02523,NA,NA,NA,23.1444
1711,16.127,101,158,"2026-06-21_ZGDAW",2.55193181238197,286,45,81,64.5,24,20.5,0,333,357,188,0,65,357,136,368.8,43.608800901,-80.266748415,3.66626,NA,NA,NA,23.5116
1712,16.1335,103,158,"2026-06-21_ZGDAW",2.5336981858721,255,45,65,73.5,18,23.5,0,329,357,194,0,62,357,122,369,43.608756896,-80.266695107,3.64608,NA,NA,NA,23.6808
1713,16.1401,105,157,"2026-06-21_ZGDAW",2.54103775982111,299,38,67,73.5,19.5,23.5,343,323,193,193,59,65,121,121,369,43.608713561,-80.266639115,2.96812,NA,NA,NA,23.6124
1714,16.147,107,158,"2026-06-21_ZGDAW",2.47757791982558,252,39,67,73.5,19.5,23.5,336,323,193,193,58,65,121,121,368.8,43.608669221,-80.266580023,2.67826,NA,NA,NA,24.2172
1715,16.1537,96,158,"2026-06-21_ZGDAW",2.49128051818635,140,50,72,76,22,21.5,336,323,193,193,58,65,121,121,369,43.608627898,-80.266520511,2.27502,NA,NA,NA,24.084
1716,16.1605,96,159,"2026-06-21_ZGDAW",2.43700346054491,249,42,76,78,25,20.5,336,332,194,191,55,63,121,124,369,43.608583977,-80.266461084,1.93603,NA,NA,NA,24.6204
1717,16.1674,97,159,"2026-06-21_ZGDAW",2.41056792980426,272,57,76,88.5,22,27.5,338,322,194,179,55,55,120,115,369.2,43.608540559,-80.266401069,1.89255,NA,NA,NA,24.8904
1718,16.1745,101,159,"2026-06-21_ZGDAW",2.29284174806255,359,52,82,73,26,22.5,333,340,186,190,46,60,110,115,369.2,43.608495967,-80.266336864,1.55922,NA,NA,NA,26.1684
1719,16.1816,103,159,"2026-06-21_ZGDAW",2.31064282083276,294,52,82,73,26,22.5,326,345,187,194,42,63,108,120,369.2,43.608450286,-80.266274586,1.24176,NA,NA,NA,25.9668
1720,16.1891,104,160,"2026-06-21_ZGDAW",2.27252067993819,217,55,82,73,26,22.5,333,330,194,197,46,72,111,131,369.2,43.608405024,-80.266208872,0.913892,NA,NA,NA,26.4024
1721,16.1962,99,160,"2026-06-21_ZGDAW",2.26387756950104,202,57,73.5,61,23.5,20.5,339,321,197,188,53,68,115,127,369.2,43.608361689,-80.266142655,0.6062,NA,NA,NA,26.5032
1722,16.2034,93,161,"2026-06-21_ZGDAW",2.24951635398389,193,57,90.5,61,29.5,20.5,340,321,194,188,52,68,114,127,369.2,43.608314918,-80.266078031,0.298507,NA,NA,NA,26.6724
1723,16.211,93,161,"2026-06-21_ZGDAW",2.24406444953099,252,51,80.5,64.5,24.5,13.5,340,326,194,177,52,65,114,132,369,43.608268147,-80.266009886,0.0353496,NA,NA,NA,26.7372
1724,16.2187,94,161,"2026-06-21_ZGDAW",2.1996392591615,270,53,90.5,75,28,21.5,340,326,194,177,52,65,114,132,369,43.608219029,-80.265943837,0.325205,NA,NA,NA,27.2772
1725,16.2265,95,161,"2026-06-21_ZGDAW",2.10650488709134,218,43,82.5,75.5,27,22.5,349,323,195,195,55,51,115,115,369,43.608167648,-80.265877536,0.0266972,NA,NA,NA,28.4832
1726,16.2346,98,161,"2026-06-21_ZGDAW",2.06015657189946,304,43,82.5,75.5,27,22.5,342,318,200,194,59,45,124,110,369,43.608117608,-80.26580629,0.0266972,NA,NA,NA,29.124
1727,16.2428,101,161,"2026-06-21_ZGDAW",2.01385532463348,307,49,79,97,24.5,32,333,330,197,193,56,56,121,117,369,43.608066395,-80.265734038,-0.263158,NA,NA,NA,29.7936
1728,16.251,104,161,"2026-06-21_ZGDAW",1.96078431372549,339,49,80.5,77.5,24.5,24,333,330,197,193,56,56,121,117,369.2,43.608013673,-80.265660863,-0.0192555,NA,NA,NA,30.6
1729,16.2596,107,161,"2026-06-21_ZGDAW",1.93933752230238,242,54,90,75,26.5,21,333,338,197,201,56,62,121,122,369.2,43.60796028,-80.265585343,-0.0192555,NA,NA,NA,30.9384
1730,16.2679,108,161,"2026-06-21_ZGDAW",1.92278111059837,237,49,78,67.5,24,22.5,304,338,190,221,53,65,120,135,369.2,43.60790739,-80.265509905,-0.0192555,NA,NA,NA,31.2048
1731,16.2766,109,161,"2026-06-21_ZGDAW",1.90020142135066,203,50,64,76,20.5,23.5,315,340,188,207,53,66,117,132,369.2,43.607853159,-80.265429691,-0.0192555,NA,NA,NA,31.5756
1732,16.2854,105,161,"2026-06-21_ZGDAW",1.97145335541361,101,53,45,70.5,13,20.5,315,339,188,203,53,65,117,131,369.2,43.607800185,-80.265350565,-0.0192555,NA,NA,NA,30.4344
1733,16.2944,102,161,"2026-06-21_ZGDAW",1.91659000306654,151,53,45,70.5,13,20.5,338,329,191,172,52,51,117,111,369.4,43.607743691,-80.265273117,0.466125,NA,NA,NA,31.3056
1734,16.3031,102,161,"2026-06-21_ZGDAW",1.90020142135066,228,54,60,40.5,18,14,323,335,176,179,38,55,103,117,369.2,43.607685186,-80.265199943,0.23624,NA,NA,NA,31.5756
1735,16.3119,103,160,"2026-06-21_ZGDAW",1.87244878852563,216,49,66.5,66.5,20,19.5,323,335,176,179,38,55,103,117,369.2,43.607625758,-80.265126098,0.23624,NA,NA,NA,32.0436
1736,16.3211,104,160,"2026-06-21_ZGDAW",1.86448894358056,268,67,98.5,67,34.5,19.5,321,347,177,205,44,73,107,139,369.2,43.607566666,-80.265048398,0.23624,NA,NA,NA,32.1804
1737,16.3303,106,160,"2026-06-21_ZGDAW",1.81890938193459,223,60,75,65.5,24,21.5,308,338,195,226,52,77,117,145,369,43.607506651,-80.264970781,0.0188483,NA,NA,NA,32.9868
1738,16.3395,107,161,"2026-06-21_ZGDAW",1.80786057779224,177,60,65.5,69.5,23,22.5,311,335,191,217,51,75,114,141,369,43.607448732,-80.264890567,-0.225054,NA,NA,NA,33.1884
1739,16.3487,109,161,"2026-06-21_ZGDAW",1.76161786985167,290,45,75,52.5,26,18,333,332,193,191,49,59,111,125,368.8,43.60739031,-80.264809346,-0.442445,NA,NA,NA,34.0596
1740,16.358,110,162,"2026-06-21_ZGDAW",1.74941394632798,214,54,72.5,52.5,23,18,338,323,193,181,49,51,113,117,368.6,43.607332056,-80.264725443,-0.657499,NA,NA,NA,34.2972
1741,16.3676,112,162,"2026-06-21_ZGDAW",1.72586379482931,215,52,70,52.5,21.5,18,335,323,191,181,45,51,108,117,368.6,43.607272377,-80.26463869,-0.657499,NA,NA,NA,34.7652
1742,16.3773,93,162,"2026-06-21_ZGDAW",1.73593028503975,43,52,70,52.5,21.5,18,335,0,191,357,45,0,108,357,368.6,43.607212698,-80.26455286,-0.657499,NA,NA,NA,34.5636
1743,16.387,93,162,"2026-06-21_ZGDAW",1.69635284139101,121,58,31,52.5,8.5,18,311,329,163,174,20,41,80,98,368.4,43.607148493,-80.264469376,-1.08591,NA,NA,NA,35.37
1744,16.3968,106,161,"2026-06-21_ZGDAW",1.69635284139101,202,51,78,64,21,18,322,330,160,169,37,34,97,89,368.2,43.607086131,-80.264382707,-1.0601,NA,NA,NA,35.37
1745,16.407,108,161,"2026-06-21_ZGDAW",1.65245554894573,191,56,73,66.5,27,20.5,329,340,181,201,49,60,114,124,368.2,43.607023015,-80.264291931,-1.0601,NA,NA,NA,36.3096
1746,16.4171,108,160,"2026-06-21_ZGDAW",1.6433313613357,158,60,73,66.5,24,20.5,326,335,184,191,39,59,107,124,368,43.606960822,-80.264199982,-1.25812,NA,NA,NA,36.5112
1747,16.4274,110,160,"2026-06-21_ZGDAW",1.63719711853307,158,65,69,51.5,23,15,328,336,184,188,39,59,104,121,367.6,43.606897622,-80.264106775,-1.42908,NA,NA,NA,36.648
1748,16.4378,99,160,"2026-06-21_ZGDAW",1.62983245322381,124,52,65,41,21.5,12.5,340,336,194,188,46,59,111,121,367.4,43.606832998,-80.264014658,-1.62139,NA,NA,NA,36.8136
1749,16.448,99,160,"2026-06-21_ZGDAW",1.61498708010336,159,52,65,41,21.5,12.5,353,330,197,179,51,52,115,111,367.2,43.606767116,-80.263925139,-1.60008,NA,NA,NA,37.152
1750,16.4586,101,161,"2026-06-21_ZGDAW",1.57798396768289,234,50,60,61,19.5,17,347,340,197,177,59,56,122,113,367,43.606698217,-80.263834028,-1.5737,NA,NA,NA,38.0232
1751,16.4692,102,160,"2026-06-21_ZGDAW",1.58488652212502,250,52,71.5,61,23.5,18,347,345,197,184,59,62,122,120,366.8,43.606629317,-80.263743922,-1.76238,NA,NA,NA,37.8576
1752,16.4801,102,160,"2026-06-21_ZGDAW",1.55996505678273,165,48,71,69,22.5,20,323,346,186,190,51,66,115,127,366.6,43.606559664,-80.263651051,-1.94587,NA,NA,NA,38.4624
1753,16.4907,103,160,"2026-06-21_ZGDAW",1.56966158096314,165,52,69.5,69,23,20,326,346,184,190,46,66,110,127,366.4,43.606492441,-80.263560861,-1.92836,NA,NA,NA,38.2248
1754,16.5011,104,160,"2026-06-21_ZGDAW",1.55734130692082,158,62,67.5,38,21,10,339,353,193,197,51,83,117,142,366.4,43.606424045,-80.263471678,-1.72428,NA,NA,NA,38.5272
1755,16.5116,104,161,"2026-06-21_ZGDAW",1.55996505678273,157,62,67.5,38,21,10,333,353,187,195,46,82,111,141,366.2,43.606357073,-80.263380315,-1.91476,NA,NA,NA,38.4624
1756,16.522,105,160,"2026-06-21_ZGDAW",1.54249575813666,161,57,64,38,19,10,340,346,191,193,56,69,118,131,366,43.60628985,-80.263286857,-1.90904,NA,NA,NA,38.898
1757,16.5328,105,160,"2026-06-21_ZGDAW",1.54121200912398,191,53,67,52.5,20.5,16,340,343,191,195,56,70,118,134,365.8,43.606221622,-80.263191136,-1.70588,NA,NA,NA,38.9304
1758,16.5438,106,160,"2026-06-21_ZGDAW",1.5124016938899,210,53,71.5,63,23,18,342,343,194,198,58,72,121,135,366,43.606151717,-80.263092732,-1.33175,NA,NA,NA,39.672
1759,16.5549,106,161,"2026-06-21_ZGDAW",1.53186274509804,170,51,66,67.5,18.5,20.5,343,340,203,198,62,62,128,124,366,43.606082734,-80.262994664,-1.13567,NA,NA,NA,39.168
1760,16.566,107,161,"2026-06-21_ZGDAW",1.50993537476596,181,66,63,52,20,15,349,346,205,198,63,69,128,128,365.8,43.606012745,-80.262894835,-1.12718,NA,NA,NA,39.7368
1761,16.5773,107,162,"2026-06-21_ZGDAW",1.51763491774419,152,66,57,52,18,15,353,346,204,198,60,69,124,128,365.8,43.60594175,-80.26279551,-0.938497,NA,NA,NA,39.5352
1762,16.5886,107,162,"2026-06-21_ZGDAW",1.50734074944982,152,66,57,52,18,15,349,350,195,198,65,73,127,131,365.4,43.605870001,-80.262697274,-1.10899,NA,NA,NA,39.8052
1763,16.5999,107,162,"2026-06-21_ZGDAW",1.50734074944982,131,54,54,62,16,20,349,350,191,191,58,68,120,127,365,43.605799174,-80.262599373,-1.2743,NA,NA,NA,39.8052
1764,16.6108,107,162,"2026-06-21_ZGDAW",1.52012647452268,159,48,48.5,48,14,17.5,349,350,191,191,58,66,120,131,364.6,43.605732119,-80.26250164,-1.64127,NA,NA,NA,39.4704
1765,16.6216,107,162,"2026-06-21_ZGDAW",1.50231356288685,164,60,66,48,22,17.5,346,0,191,357,55,0,117,357,364.4,43.605663219,-80.262405165,-1.63598,NA,NA,NA,39.9384
1766,16.6325,107,161,"2026-06-21_ZGDAW",1.51625424551189,155,58,59,55,17,18.5,326,0,179,204,41,75,104,135,364,43.605592895,-80.262309946,-1.81064,NA,NA,NA,39.5712
1767,16.6436,107,161,"2026-06-21_ZGDAW",1.50734074944982,144,59,48.5,45.5,15,13,335,357,184,203,49,73,110,134,363.8,43.605521481,-80.262212213,-1.80564,NA,NA,NA,39.8052
1768,16.6549,107,161,"2026-06-21_ZGDAW",1.5188796743522,154,54,58,50.5,17,17,350,357,198,203,60,73,120,134,363.6,43.6054499,-80.262113894,-2.16445,NA,NA,NA,39.5028
1769,16.666,106,161,"2026-06-21_ZGDAW",1.52933259925369,145,49,52.5,59,16.5,20.5,339,342,187,191,51,63,111,128,363.6,43.605380582,-80.262015406,-2.16445,NA,NA,NA,39.2328
1770,16.677,106,161,"2026-06-21_ZGDAW",1.51377535573721,165,43,82,58.5,30.5,19,336,342,188,191,48,63,114,128,363.4,43.605310257,-80.261918008,-2.16608,NA,NA,NA,39.636
1771,16.6881,106,161,"2026-06-21_ZGDAW",1.52541338702788,249,43,82,58.5,30.5,19,336,340,188,194,48,53,114,122,363.4,43.605237586,-80.26182455,-2.16608,NA,NA,NA,39.3336
1772,16.6991,106,161,"2026-06-21_ZGDAW",1.52151421094273,215,59,75,98,22,37,318,322,188,201,44,59,110,124,363.4,43.605164496,-80.261730757,-1.8121,NA,NA,NA,39.4344
1773,16.7103,106,160,"2026-06-21_ZGDAW",1.54378164752377,234,53,69.5,62.5,21.5,20,309,336,176,193,34,65,93,127,363.6,43.605093585,-80.261634616,-1.27955,NA,NA,NA,38.8656
1774,16.7212,105,160,"2026-06-21_ZGDAW",1.53978812515398,158,57,75,64,22,20.5,323,336,186,193,42,65,103,127,363.6,43.60502544,-80.26153747,-0.912576,NA,NA,NA,38.9664
1775,16.7321,105,160,"2026-06-21_ZGDAW",1.55996505678273,142,55,58.5,48.5,17,13.5,346,332,201,179,59,53,121,118,363.6,43.604957044,-80.26144133,-0.727391,NA,NA,NA,38.4624
1776,16.7429,104,160,"2026-06-21_ZGDAW",1.55588747821758,146,58,62,48,17.5,16.5,346,335,197,181,56,59,115,122,363.4,43.60488739,-80.261347285,-0.545603,NA,NA,NA,38.5632
1777,16.7536,103,160,"2026-06-21_ZGDAW",1.57515042686577,198,53,67,59.5,18.5,18.5,347,335,198,181,58,59,115,122,363.4,43.604819162,-80.261254832,-0.365423,NA,NA,NA,38.0916
1778,16.7643,103,159,"2026-06-21_ZGDAW",1.57099318188959,263,53,67,59.5,18.5,18.5,349,340,201,187,60,63,120,127,363.4,43.604751687,-80.261161709,-0.188432,NA,NA,NA,38.1924
1779,16.7747,103,159,"2026-06-21_ZGDAW",1.56966158096314,170,53,72,80.5,21,23.5,350,339,201,187,63,62,124,122,363.4,43.604684632,-80.261070514,-0.188432,NA,NA,NA,38.2248
1780,16.7851,103,159,"2026-06-21_ZGDAW",1.58639507582968,190,62,67,80.5,20.5,23.5,350,329,201,180,63,55,124,114,363.6,43.604617577,-80.260981163,0.185694,NA,NA,NA,37.8216
1781,16.7957,102,160,"2026-06-21_ZGDAW",1.55588747821758,204,63,67.5,63.5,21.5,18,354,332,204,181,65,59,129,117,363.6,43.604548761,-80.260889968,0.185694,NA,NA,NA,38.5632
1782,16.8062,103,160,"2026-06-21_ZGDAW",1.56406406406406,296,56,80,74,24,24.5,350,332,197,180,70,58,134,117,363.6,43.604481539,-80.260798186,0.185694,NA,NA,NA,38.3616
1783,16.8169,103,160,"2026-06-21_ZGDAW",1.54779593858346,222,54,73.5,74,22.5,24.5,349,339,194,204,70,59,134,121,363.8,43.604412891,-80.260703806,0.194038,NA,NA,NA,38.7648
1784,16.8278,104,159,"2026-06-21_ZGDAW",1.55996505678273,270,47,81.5,65.5,25.5,16.5,347,339,193,204,62,59,125,121,363.8,43.604345919,-80.260607498,0.194038,NA,NA,NA,38.4624
1785,16.8388,104,159,"2026-06-21_ZGDAW",1.52276534186082,353,47,81.5,65.5,25.5,16.5,347,342,193,214,62,60,125,128,363.6,43.604277607,-80.260509681,0.0122202,NA,NA,NA,39.402
1786,16.8494,105,159,"2026-06-21_ZGDAW",1.52933259925369,302,37,82,67.5,27.5,20,347,342,193,214,62,60,125,128,363.4,43.604209965,-80.260414714,0,NA,NA,NA,39.2328
1787,16.8602,105,158,"2026-06-21_ZGDAW",1.54121200912398,168,59,84.5,98.5,26,32,347,340,193,221,62,63,125,131,363.4,43.604142742,-80.260317903,0,NA,NA,NA,38.9304
1788,16.8709,94,158,"2026-06-21_ZGDAW",1.57099318188959,84,60,64.5,65,20.5,18.5,328,340,198,221,58,63,125,131,363.2,43.604076357,-80.260222266,-0.17819,NA,NA,NA,38.1924
1789,16.8814,94,158,"2026-06-21_ZGDAW",1.592001783042,0,60,64.5,65,20.5,18.5,0,342,357,193,0,70,357,132,363.2,43.604008883,-80.2601304,-0.17819,NA,NA,NA,37.6884
1790,16.8919,59,158,"2026-06-21_ZGDAW",1.61498708010336,0,100,0,0,0,0,0,0,0,0,0,0,0,0,363.2,43.60394275,-80.260039037,-0.370497,NA,NA,NA,37.152
1791,16.9021,58,157,"2026-06-21_ZGDAW",1.65081880612784,0,100,0,0,0,0,0,0,0,0,0,0,0,0,363.2,43.603878293,-80.259950105,-0.370497,NA,NA,NA,36.3456
1792,16.912,57,157,"2026-06-21_ZGDAW",1.65853982154112,0,100,0,0,0,0,0,0,0,0,0,0,0,0,363.2,43.603811573,-80.259866621,-0.370497,NA,NA,NA,36.1764
1793,16.922,57,157,"2026-06-21_ZGDAW",1.65081880612784,0,100,0,0,0,0,0,0,0,0,0,0,0,0,363.2,43.603741165,-80.259786323,-0.557413,NA,NA,NA,36.3456
1794,16.9324,97,157,"2026-06-21_ZGDAW",1.62237580713196,368,100,64.5,65,0,0,340,0,163,0,51,0,105,0,363.2,43.603675283,-80.259695212,-0.557413,NA,NA,NA,36.9828
1795,16.943,97,156,"2026-06-21_ZGDAW",1.62824019799401,68,50,79,94.5,26,27,328,0,172,0,48,0,104,0,363.2,43.603612251,-80.259600412,-0.375595,NA,NA,NA,36.8496
1796,16.9534,76,156,"2026-06-21_ZGDAW",1.59063434497678,68,32,100,76.5,0,21.5,0,339,357,162,0,38,357,101,363.2,43.603547711,-80.259507289,-0.186916,NA,NA,NA,37.7208
1797,16.9639,101,157,"2026-06-21_ZGDAW",1.56818466942667,182,54,66,38.5,20.5,12,330,347,193,183,55,56,118,120,363,43.603481158,-80.259415256,-0.377392,NA,NA,NA,38.2608
1798,16.9746,104,157,"2026-06-21_ZGDAW",1.53059662656504,302,49,87.5,57.5,32.5,17,333,347,194,198,53,58,120,124,362.6,43.603414355,-80.259318194,-0.564308,NA,NA,NA,39.2004
1799,16.9853,104,157,"2026-06-21_ZGDAW",1.53978812515398,238,49,87.5,57.5,32.5,17,325,347,197,198,58,58,124,124,362,43.603347216,-80.259222975,-1.12506,NA,NA,NA,38.9664
1800,16.9962,106,156,"2026-06-21_ZGDAW",1.52401853206535,238,49,74,57.5,25,17,328,339,197,219,56,59,124,128,361.4,43.603276724,-80.259129014,-1.67551,NA,NA,NA,39.3696
1801,17.0071,106,157,"2026-06-21_ZGDAW",1.53059662656504,207,49,63.5,71.5,21,22.5,328,339,197,219,56,59,124,128,360.8,43.603207238,-80.259033628,-2.22597,NA,NA,NA,39.2004
1802,17.0183,107,157,"2026-06-21_ZGDAW",1.48729847105717,303,59,72,67,24,20,333,340,197,194,59,59,124,118,360.6,43.603135656,-80.258935895,-2.40454,NA,NA,NA,40.3416
1803,17.0292,108,157,"2026-06-21_ZGDAW",1.50353330326267,275,57,76.5,62.5,23.5,18.5,333,338,198,194,58,59,125,117,360.4,43.603066673,-80.25883833,-2.58803,NA,NA,NA,39.906
1804,17.0402,106,156,"2026-06-21_ZGDAW",1.50475502588179,137,47,72,73.5,22.5,20.5,332,338,195,194,56,59,120,117,360.4,43.602998528,-80.258740261,-2.58803,NA,NA,NA,39.8736
1805,17.0511,106,156,"2026-06-21_ZGDAW",1.53850887719622,0,32,45.5,63.5,14.5,19.5,332,340,195,195,56,63,120,122,360.6,43.602929294,-80.258643953,-2.40454,NA,NA,NA,38.9988
1806,17.062,106,156,"2026-06-21_ZGDAW",1.55734130692082,0,32,45.5,63.5,14.5,19.5,332,340,195,195,56,63,120,122,360.8,43.602861652,-80.258547226,-2.22106,NA,NA,NA,38.5272
1807,17.0726,0,156,"2026-06-21_ZGDAW",1.57232704402516,0,NA,0,0,0,0,0,0,0,0,0,0,0,0,360.8,43.60279401,-80.258452343,-2.03058,NA,NA,NA,38.16
1808,17.0834,0,155,"2026-06-21_ZGDAW",1.59337157425112,0,NA,0,0,0,0,0,0,0,0,0,0,0,0,361,43.602727458,-80.258356035,-1.47157,NA,NA,NA,37.656
1809,17.0941,0,154,"2026-06-21_ZGDAW",1.59764826175869,0,NA,0,0,0,0,0,0,0,0,0,0,0,0,361,43.60266057,-80.258261068,-0.910817,NA,NA,NA,37.5552
1810,17.1049,0,153,"2026-06-21_ZGDAW",1.59627111068544,0,NA,0,0,0,0,0,0,0,0,0,0,0,0,361,43.602594269,-80.258168616,-0.360359,NA,NA,NA,37.5876
1811,17.115,0,153,"2026-06-21_ZGDAW",1.60194796872998,0,NA,0,0,0,0,0,0,0,0,0,0,0,0,360.8,43.602531908,-80.258078007,0,NA,NA,NA,37.4544
1812,17.1248,0,153,"2026-06-21_ZGDAW",1.67252048837598,0,NA,0,0,0,0,0,0,0,0,0,0,0,0,360.4,43.602467535,-80.257988824,-0.237512,NA,NA,NA,35.874
1813,17.1349,0,153,"2026-06-21_ZGDAW",1.72908669640696,0,NA,0,0,0,0,0,0,0,0,0,0,0,0,360,43.60240291,-80.257908274,-0.450065,NA,NA,NA,34.7004
1814,17.1458,0,152,"2026-06-21_ZGDAW",1.41314792832514,0,NA,0,0,0,0,0,0,0,0,0,0,0,0,360,43.602326803,-80.257814732,-0.450065,NA,NA,NA,42.4584
1815,17.1559,0,152,"2026-06-21_ZGDAW",1.61061718850664,0,NA,0,0,0,0,0,0,0,0,0,0,0,0,359.6,43.602258909,-80.257731164,-1.02959,NA,NA,NA,37.2528
1816,17.1666,0,151,"2026-06-21_ZGDAW",1.63719711853307,0,NA,0,0,0,0,0,0,0,0,0,0,0,0,359,43.602189759,-80.257640891,-1.77382,NA,NA,NA,36.648
1817,17.1769,0,150,"2026-06-21_ZGDAW",1.65245554894573,0,NA,0,0,0,0,0,0,0,0,0,0,0,0,359,43.602123793,-80.257554557,-1.77382,NA,NA,NA,36.3096
1818,17.1865,0,149,"2026-06-21_ZGDAW",1.66317400126401,0,NA,0,0,0,0,0,0,0,0,0,0,0,0,359,43.602061515,-80.257468056,-1.95901,NA,NA,NA,36.0756
1819,17.1967,67,148,"2026-06-21_ZGDAW",1.67084377610693,88,92,63,0,21,0,336,350,193,191,56,51,118,113,358.8,43.601997981,-80.257378118,-2.15509,NA,NA,NA,35.91
1820,17.2066,60,147,"2026-06-21_ZGDAW",1.67723323605381,87,39,46,100,11,0,336,350,193,191,56,51,118,113,358.6,43.60193629,-80.257287175,-2.35711,NA,NA,NA,35.7732
1821,17.2167,60,147,"2026-06-21_ZGDAW",1.70607704643942,0,39,46,100,11,0,336,350,193,191,56,51,118,113,358.6,43.601874599,-80.257196566,-2.15909,NA,NA,NA,35.1684
1822,17.2266,60,146,"2026-06-21_ZGDAW",1.74100769525401,0,39,46,100,11,0,336,350,193,191,56,51,118,113,358.6,43.601813579,-80.257109562,-1.75093,NA,NA,NA,34.4628
1823,17.2359,0,146,"2026-06-21_ZGDAW",1.77022481855196,0,NA,0,0,0,0,0,0,0,0,0,0,0,0,358.6,43.6017539,-80.257026246,-1.35489,NA,NA,NA,33.894
1824,17.245,0,146,"2026-06-21_ZGDAW",1.82828726049437,0,NA,0,0,0,0,0,0,0,0,0,0,0,0,358.4,43.601697154,-80.256942846,-1.57467,NA,NA,NA,32.8176
1825,17.2535,0,146,"2026-06-21_ZGDAW",2.06015657189946,0,NA,0,0,0,0,0,0,0,0,0,0,0,0,358.6,43.601644851,-80.256867241,-0.943332,NA,NA,NA,29.124
1826,17.2612,0,145,"2026-06-21_ZGDAW",2.27842333105491,0,NA,0,0,0,0,0,0,0,0,0,0,0,0,358.8,43.601594224,-80.256801192,-0.122844,NA,NA,NA,26.334
1827,17.2676,0,144,"2026-06-21_ZGDAW",2.92808620285781,0,NA,0,0,0,0,0,0,0,0,0,0,0,0,359,43.601554662,-80.256746877,0.189656,NA,NA,NA,20.4912
1828,17.2725,0,143,"2026-06-21_ZGDAW",3.72939509211606,0,NA,0,0,0,0,0,0,0,0,0,0,0,0,359.2,43.601524319,-80.256703291,0.597819,NA,NA,NA,16.0884
1829,17.2762,0,143,"2026-06-21_ZGDAW",4.88042947779405,0,NA,0,0,0,0,0,0,0,0,0,0,0,0,359.2,43.601501521,-80.256671272,0.793897,NA,NA,NA,12.294
1830,17.2798,0,142,"2026-06-21_ZGDAW",4.76326569496046,0,NA,0,0,0,0,0,0,0,0,0,0,0,0,359.2,43.601478303,-80.256638834,0.995917,NA,NA,NA,12.5964
1831,17.2834,0,141,"2026-06-21_ZGDAW",4.43262411347518,0,NA,0,0,0,0,0,0,0,0,0,0,0,0,359.2,43.6014519,-80.256609162,0.995917,NA,NA,NA,13.536
1832,17.2873,0,141,"2026-06-21_ZGDAW",4.44325957522438,0,NA,0,0,0,0,0,0,0,0,0,0,0,0,359,43.601421222,-80.256583514,0.483097,NA,NA,NA,13.5036
1833,17.291,0,141,"2026-06-21_ZGDAW",4.39985920450546,0,NA,0,0,0,0,0,0,0,0,0,0,0,0,358.8,43.601388281,-80.256567253,-0.0574436,NA,NA,NA,13.6368
1834,17.2942,0,142,"2026-06-21_ZGDAW",4.78927203065134,0,NA,0,0,0,0,0,0,0,0,0,0,0,0,358.4,43.601356933,-80.256570187,-1.08766,NA,NA,NA,12.528
1835,17.2977,0,147,"2026-06-21_ZGDAW",4.86760124610592,0,NA,0,0,0,0,0,0,0,0,0,0,0,0,358.2,43.601328015,-80.256589968,-1.89439,NA,NA,NA,12.3264
1836,17.3009,0,148,"2026-06-21_ZGDAW",5.67086310536464,0,NA,0,0,0,0,0,0,0,0,0,0,0,0,358,43.601303791,-80.256610755,-2.77913,NA,NA,NA,10.5804
1837,17.3035,0,148,"2026-06-21_ZGDAW",6.40286848508132,0,NA,0,0,0,0,0,0,0,0,0,0,0,0,358,43.60129499,-80.256640343,-3.09163,NA,NA,NA,9.3708
1838,17.3062,0,147,"2026-06-21_ZGDAW",5.87475032311127,0,NA,0,0,0,0,0,0,0,0,0,0,0,0,357.6,43.601296583,-80.256675463,-4.98127,NA,NA,NA,10.2132
1839,17.3089,0,146,"2026-06-21_ZGDAW",6.4474532559639,0,NA,0,0,0,0,0,0,0,0,0,0,0,0,357.4,43.601295661,-80.256708907,-5.72201,NA,NA,NA,9.306
1840,17.3115,0,143,"2026-06-21_ZGDAW",6.5180550123843,0,NA,0,0,0,0,0,0,0,0,0,0,0,0,357.2,43.601287363,-80.256739501,-6.49124,NA,NA,NA,9.2052
1841,17.3143,0,140,"2026-06-21_ZGDAW",6.03427468018344,0,NA,0,0,0,0,0,0,0,0,0,0,0,0,357,43.601275377,-80.256770682,-7.20553,NA,NA,NA,9.9432
1842,17.3172,0,140,"2026-06-21_ZGDAW",5.60035842293907,0,NA,0,0,0,0,0,0,0,0,0,0,0,0,356.8,43.601258697,-80.256799515,-7.38236,NA,NA,NA,10.7136
1843,17.3203,0,139,"2026-06-21_ZGDAW",5.3487376979033,0,NA,0,0,0,0,0,0,0,0,0,0,0,0,356.8,43.601242017,-80.256830612,-6.84182,NA,NA,NA,11.2176
1844,17.3234,0,139,"2026-06-21_ZGDAW",5.3011026293469,0,NA,0,0,0,0,0,0,0,0,0,0,0,0,357,43.601223325,-80.25686129,-4.94666,NA,NA,NA,11.3184
1845,17.3268,0,138,"2026-06-21_ZGDAW",5.58160303639205,0,NA,0,0,0,0,0,0,0,0,0,0,0,0,357.2,43.60120522,-80.256894063,-3.787,NA,NA,NA,10.7496
1846,17.3298,0,138,"2026-06-21_ZGDAW",5.76103237700196,0,NA,0,0,0,0,0,0,0,0,0,0,0,0,357.4,43.601187534,-80.256923819,-2.49533,NA,NA,NA,10.4148
1847,17.3326,0,137,"2026-06-21_ZGDAW",5.9545075622246,0,NA,0,0,0,0,0,0,0,0,0,0,0,0,357.6,43.601177476,-80.256957431,-1.78104,NA,NA,NA,10.0764
1848,17.3353,0,136,"2026-06-21_ZGDAW",6.03427468018344,0,NA,0,0,0,0,0,0,0,0,0,0,0,0,357.8,43.601179404,-80.256991461,0.441177,NA,NA,NA,9.9432
1849,17.3381,0,136,"2026-06-21_ZGDAW",5.97371565113501,0,NA,0,0,0,0,0,0,0,0,0,0,0,0,357.8,43.601194827,-80.25701887,1.18192,NA,NA,NA,10.044
1850,17.3407,0,136,"2026-06-21_ZGDAW",6.31074088097943,0,NA,0,0,0,0,0,0,0,0,0,0,0,0,357.6,43.601211339,-80.257040747,1.18192,NA,NA,NA,9.5076
1851,17.3434,0,135,"2026-06-21_ZGDAW",5.58160303639205,0,NA,0,0,0,0,0,0,0,0,0,0,0,0,357.2,43.601229276,-80.257065725,0.414722,NA,NA,NA,10.7496
1852,17.3464,0,135,"2026-06-21_ZGDAW",5.46268982847154,0,NA,0,0,0,0,0,0,0,0,0,0,0,0,357,43.601249141,-80.257092547,0.437711,NA,NA,NA,10.9836
1853,17.3495,0,135,"2026-06-21_ZGDAW",5.6173463655769,0,NA,0,0,0,0,0,0,0,0,0,0,0,0,357.2,43.601270599,-80.257119034,1.08287,NA,NA,NA,10.6812
1854,17.3519,0,134,"2026-06-21_ZGDAW",7.79909530494463,0,NA,0,0,0,0,0,0,0,0,0,0,0,0,357.2,43.601283591,-80.257145772,0.437711,NA,NA,NA,7.6932
1855,17.3539,0,135,"2026-06-21_ZGDAW",15.1377535573721,0,NA,0,0,0,0,0,0,0,0,0,0,0,0,357.2,43.601289039,-80.257162452,-0.150525,NA,NA,NA,3.9636
1856,17.3549,0,135,"2026-06-21_ZGDAW",14.6455770357352,0,NA,0,0,0,0,0,0,0,0,0,0,0,0,357.2,43.601287195,-80.257177455,-0.817191,NA,NA,NA,4.0968
1857,17.3556,0,134,"2026-06-21_ZGDAW",21.7864923747277,0,NA,0,0,0,0,0,0,0,0,0,0,0,0,357.2,43.601293146,-80.257186424,-1.53148,NA,NA,NA,2.754
0,0,81.5,133,"2026-06-21_EQBNY",5.01705799719045,NA,NA,NA,NA,NA,NA,NA,NA,NA,NA,NA,NA,NA,NA,356.2,43.601388113,-80.257426566,0,0,0,NA,11.9592
1,0.0037,0,134,"2026-06-21_EQBNY",4.8534265191225,NA,NA,NA,NA,NA,NA,NA,NA,NA,NA,NA,NA,NA,NA,356.4,43.601390796,-80.257469816,5.40541,0,0,27,12.3624
2,0.0073,0,135,"2026-06-21_EQBNY",5.3972366148532,NA,NA,NA,NA,NA,NA,NA,NA,NA,NA,NA,NA,NA,NA,356.6,43.601391969,-80.257515665,5.55556,0,0,27,11.1168
3,0.0104,0,136,"2026-06-21_EQBNY",4.510599909788,NA,NA,NA,NA,NA,NA,NA,NA,NA,NA,NA,NA,NA,NA,356.6,43.601389538,-80.257556066,0,0,0,27,13.302
4,0.0128,0,136,"2026-06-21_EQBNY",4.510599909788,NA,NA,NA,NA,NA,NA,NA,NA,NA,NA,NA,NA,NA,NA,356.4,43.601378642,-80.257579535,-8.33333,0,0,27,13.302
5,0.0142,0,136,"2026-06-21_EQBNY",5.05970451325643,NA,NA,NA,NA,NA,NA,NA,NA,NA,NA,NA,NA,NA,NA,356.4,43.601360705,-80.2575792,0,0,0,27,11.8584
6,0.0173,0,137,"2026-06-21_EQBNY",6.11620795107034,NA,NA,NA,NA,NA,NA,NA,NA,NA,NA,NA,NA,NA,NA,356.2,43.601337487,-80.257559,-6.45161,0,0,27,9.81
7,0.0205,0,137,"2026-06-21_EQBNY",6.11620795107034,NA,NA,NA,NA,NA,NA,NA,NA,NA,NA,NA,NA,NA,NA,356.2,43.601313347,-80.257529747,0,0,0,27,9.81
8,0.0257,0,137,"2026-06-21_EQBNY",5.76103237700196,NA,NA,NA,NA,NA,NA,NA,NA,NA,NA,NA,NA,NA,NA,356,43.601284848,-80.257485574,-3.84615,0,0,27,10.4148
9,0.0297,81.5,137,"2026-06-21_EQBNY",5.46268982847154,NA,NA,NA,NA,NA,NA,NA,NA,NA,NA,NA,NA,NA,NA,356,43.601261044,-80.257450873,0,9.3,273,27,10.9836
10,0.0338,80.5,137,"2026-06-21_EQBNY",4.29331959471063,NA,NA,NA,NA,NA,NA,NA,NA,NA,NA,NA,NA,NA,NA,356,43.601233383,-80.257413322,-0.767014,10.78,259,27,13.9752
11,0.0382,80.5,136,"2026-06-21_EQBNY",4.24304141208418,NA,NA,NA,NA,NA,NA,NA,NA,NA,NA,NA,NA,NA,NA,356.2,43.601205053,-80.257377029,-0.853009,10.83,258,27,14.1408
12,0.0435,84.5,137,"2026-06-21_EQBNY",4.24304141208418,NA,NA,NA,NA,NA,NA,NA,NA,NA,NA,NA,NA,NA,NA,356.4,43.601173537,-80.257332688,-1.03121,10.08,245,27,14.1408
13,0.0476,85.5,139,"2026-06-21_EQBNY",4.05022276225192,NA,NA,NA,NA,NA,NA,NA,NA,NA,NA,NA,NA,NA,NA,356.4,43.601146798,-80.257296311,-1.03121,10.11,237,27,14.814
14,0.0518,86,139,"2026-06-21_EQBNY",3.92618767177071,NA,NA,NA,NA,NA,NA,NA,NA,NA,NA,NA,NA,NA,NA,356.4,43.601120312,-80.257261107,-0.197873,10.05,231,27,15.282
15,0.0564,86.5,141,"2026-06-21_EQBNY",3.89135341271694,NA,NA,NA,NA,NA,NA,NA,NA,NA,NA,NA,NA,NA,NA,356.2,43.601088209,-80.257222215,-0.632655,9.88,228,27,15.4188
16,0.0607,87,142,"2026-06-21_EQBNY",3.89135341271694,NA,NA,NA,NA,NA,NA,NA,NA,NA,NA,NA,NA,NA,NA,356,43.601062812,-80.25719204,-0.45261,9.88,228,27,15.4188
17,0.065,87,143,"2026-06-21_EQBNY",3.85000385000385,NA,NA,NA,NA,NA,NA,NA,NA,NA,NA,NA,NA,NA,NA,355.8,43.601025848,-80.257156501,-0.917727,9.91,227,27,15.5844
18,0.0684,87,144,"2026-06-21_EQBNY",3.85000385000385,NA,NA,NA,NA,NA,NA,NA,NA,NA,NA,NA,NA,NA,NA,355.6,43.601005899,-80.257126913,-1.12135,9.91,227,27,15.5844
19,0.0728,87,144,"2026-06-21_EQBNY",3.85802469135802,NA,NA,NA,NA,NA,NA,NA,NA,NA,NA,NA,NA,NA,NA,355.4,43.600973964,-80.257087937,-1.57589,9.91,227,27,15.552
20,0.0768,87,145,"2026-06-21_EQBNY",3.96070975918885,NA,NA,NA,NA,NA,NA,NA,NA,NA,NA,NA,NA,NA,NA,355.2,43.60094119,-80.257051475,-2.07589,9.8,230,27,15.1488
21,0.0811,87,146,"2026-06-21_EQBNY",3.96919901563864,NA,NA,NA,NA,NA,NA,NA,NA,NA,NA,NA,NA,NA,NA,355,43.60091705,-80.257012081,-2.99555,9.8,230,27,15.1164
22,0.085,87,146,"2026-06-21_EQBNY",3.96070975918885,NA,NA,NA,NA,NA,NA,NA,NA,NA,NA,NA,NA,NA,NA,354.8,43.600902298,-80.256962543,-3.88573,9.8,230,27,15.1488
23,0.0887,86.5,147,"2026-06-21_EQBNY",3.96919901563864,NA,NA,NA,NA,NA,NA,NA,NA,NA,NA,NA,NA,NA,NA,354.8,43.600904058,-80.256922143,-3.88573,9.8,230,27,15.1164
24,0.0928,86.5,147,"2026-06-21_EQBNY",3.96919901563864,NA,NA,NA,NA,NA,NA,NA,NA,NA,NA,NA,NA,NA,NA,354.8,43.600916128,-80.256866738,-3.88573,9.8,230,27,15.1164
25,0.0963,86.5,147,"2026-06-21_EQBNY",4.00544740847553,NA,NA,NA,NA,NA,NA,NA,NA,NA,NA,NA,NA,NA,NA,355,43.600933814,-80.256833295,-2.87952,9.77,231,27,14.9796
26,0.1007,86.5,148,"2026-06-21_EQBNY",4.02284978678896,NA,NA,NA,NA,NA,NA,NA,NA,NA,NA,NA,NA,NA,NA,355,43.600960133,-80.256788703,-2.41441,9.73,232,27,14.9148
27,0.1043,86.5,149,"2026-06-21_EQBNY",4.03258327284458,NA,NA,NA,NA,NA,NA,NA,NA,NA,NA,NA,NA,NA,NA,355.2,43.60098201,-80.256757019,-1.39373,9.93,234,27,14.8788
28,0.1085,86,149,"2026-06-21_EQBNY",4.06901041666667,NA,NA,NA,NA,NA,NA,NA,NA,NA,NA,NA,NA,NA,NA,355.4,43.601008748,-80.25671754,-0.329308,9.89,235,27,14.7456
29,0.1123,85,150,"2026-06-21_EQBNY",4.05022276225192,NA,NA,NA,NA,NA,NA,NA,NA,NA,NA,NA,NA,NA,NA,355.4,43.601034062,-80.256683594,0.125238,10.11,237,27,14.814
30,0.1167,85,150,"2026-06-21_EQBNY",4.06901041666667,NA,NA,NA,NA,NA,NA,NA,NA,NA,NA,NA,NA,NA,NA,355.6,43.601059962,-80.256647552,1.07978,10.07,238,27,14.7456
31,0.1205,86,151,"2026-06-21_EQBNY",4.05910050332846,NA,NA,NA,NA,NA,NA,NA,NA,NA,NA,NA,NA,NA,NA,355.6,43.601084688,-80.256612348,1.5449,9.89,235,27,14.7816
32,0.1246,86.5,151,"2026-06-21_EQBNY",4.05910050332846,NA,NA,NA,NA,NA,NA,NA,NA,NA,NA,NA,NA,NA,NA,355.6,43.601113187,-80.256582676,2.05772,9.69,233,27,14.7816
33,0.1284,87.5,152,"2026-06-21_EQBNY",4.05910050332846,NA,NA,NA,NA,NA,NA,NA,NA,NA,NA,NA,NA,NA,NA,355.6,43.601137997,-80.256545041,2.05772,9.53,230,27,14.7816
34,0.1319,88,152,"2026-06-21_EQBNY",4.05910050332846,NA,NA,NA,NA,NA,NA,NA,NA,NA,NA,NA,NA,NA,NA,355.4,43.601159287,-80.256519141,1.48629,9.53,230,27,14.7816
35,0.1363,88,152,"2026-06-21_EQBNY",4.12541254125412,NA,NA,NA,NA,NA,NA,NA,NA,NA,NA,NA,NA,NA,NA,355.6,43.601184936,-80.256469604,1.36941,9.46,232,27,14.544
36,0.1404,87.5,153,"2026-06-21_EQBNY",4.12541254125412,NA,NA,NA,NA,NA,NA,NA,NA,NA,NA,NA,NA,NA,NA,355.4,43.601209244,-80.256437501,0.881603,9.46,232,27,14.544
37,0.1445,87.5,153,"2026-06-21_EQBNY",4.06901041666667,NA,NA,NA,NA,NA,NA,NA,NA,NA,NA,NA,NA,NA,NA,355.4,43.601235814,-80.256393245,0.326048,9.49,231,27,14.7456
38,0.1479,87.5,154,"2026-06-21_EQBNY",4.05910050332846,NA,NA,NA,NA,NA,NA,NA,NA,NA,NA,NA,NA,NA,NA,355.4,43.601259703,-80.256362902,-0.150143,9.53,230,27,14.7816
39,0.1515,87.5,154,"2026-06-21_EQBNY",4.06901041666667,NA,NA,NA,NA,NA,NA,NA,NA,NA,NA,NA,NA,NA,NA,355.6,43.601267246,-80.256319987,0.405413,9.49,231,27,14.7456
40,0.1549,87.5,156,"2026-06-21_EQBNY",4.17292605575029,NA,NA,NA,NA,NA,NA,NA,NA,NA,NA,NA,NA,NA,NA,355.6,43.601249477,-80.256279837,-0.0491324,9.42,233,27,14.3784
41,0.1583,87,157,"2026-06-21_EQBNY",4.2322668020992,NA,NA,NA,NA,NA,NA,NA,NA,NA,NA,NA,NA,NA,NA,355.8,43.601231959,-80.256246226,0.539103,9.53,237,27,14.1768
42,0.1626,86.5,158,"2026-06-21_EQBNY",4.27350427350427,NA,NA,NA,NA,NA,NA,NA,NA,NA,NA,NA,NA,NA,NA,355.8,43.601198347,-80.256208424,0.539103,9.69,240,27,14.04
43,0.1666,85.5,158,"2026-06-21_EQBNY",4.27350427350427,NA,NA,NA,NA,NA,NA,NA,NA,NA,NA,NA,NA,NA,NA,355.8,43.601176722,-80.256175567,0.539103,9.86,243,27,14.04
44,0.1711,85,158,"2026-06-21_EQBNY",4.18340026773762,NA,NA,NA,NA,NA,NA,NA,NA,NA,NA,NA,NA,NA,NA,355.6,43.601143613,-80.256135669,0.666087,9.95,241,27,14.3424
45,0.175,85,158,"2026-06-21_EQBNY",4.02284978678896,NA,NA,NA,NA,NA,NA,NA,NA,NA,NA,NA,NA,NA,NA,355.4,43.601117797,-80.256101806,-0.301279,10.14,236,27,14.9148
46,0.1796,85.5,158,"2026-06-21_EQBNY",4.16354400866017,NA,NA,NA,NA,NA,NA,NA,NA,NA,NA,NA,NA,NA,NA,355.2,43.601089634,-80.256064925,-0.248257,9.98,240,27,14.4108
47,0.1835,86.5,159,"2026-06-21_EQBNY",3.94290671082722,NA,NA,NA,NA,NA,NA,NA,NA,NA,NA,NA,NA,NA,NA,354.8,43.601061052,-80.256027039,-1.2739,9.84,229,27,15.2172
48,0.1878,86.5,159,"2026-06-21_EQBNY",4.12541254125412,NA,NA,NA,NA,NA,NA,NA,NA,NA,NA,NA,NA,NA,NA,354.6,43.601038337,-80.255988902,-1.73901,9.65,234,27,14.544
49,0.1926,86,159,"2026-06-21_EQBNY",4.04138376980278,NA,NA,NA,NA,NA,NA,NA,NA,NA,NA,NA,NA,NA,NA,354.2,43.601007659,-80.255936431,-3.1279,9.93,234,27,14.8464
50,0.1967,86,159,"2026-06-21_EQBNY",4.04138376980278,NA,NA,NA,NA,NA,NA,NA,NA,NA,NA,NA,NA,NA,NA,354,43.60099299,-80.255895695,-3.61571,9.93,234,27,14.8464
51,0.2007,85.5,159,"2026-06-21_EQBNY",3.97867430572133,NA,NA,NA,NA,NA,NA,NA,NA,NA,NA,NA,NA,NA,NA,353.6,43.600984776,-80.255845739,-5.20394,10.18,235,27,15.0804
52,0.2047,85.5,160,"2026-06-21_EQBNY",3.97867430572133,NA,NA,NA,NA,NA,NA,NA,NA,NA,NA,NA,NA,NA,NA,353.2,43.600982094,-80.255794777,-6.20394,10.18,235,27,15.0804
53,0.2087,85,159,"2026-06-21_EQBNY",4.05910050332846,NA,NA,NA,NA,NA,NA,NA,NA,NA,NA,NA,NA,NA,NA,352.8,43.600987123,-80.255747587,-7.20394,10.07,238,27,14.7816
54,0.2131,85,160,"2026-06-21_EQBNY",4.08697073728952,NA,NA,NA,NA,NA,NA,NA,NA,NA,NA,NA,NA,NA,NA,352.6,43.600988129,-80.255689751,-7.21404,10.07,238,27,14.6808
55,0.2176,85.5,160,"2026-06-21_EQBNY",4.08697073728952,NA,NA,NA,NA,NA,NA,NA,NA,NA,NA,NA,NA,NA,NA,352.4,43.600994667,-80.255638287,-7.14567,10.07,238,27,14.6808
56,0.222,85.5,160,"2026-06-21_EQBNY",4.05910050332846,NA,NA,NA,NA,NA,NA,NA,NA,NA,NA,NA,NA,NA,NA,352.2,43.600996176,-80.255580284,-7.16543,10.07,238,27,14.7816
57,0.226,85,159,"2026-06-21_EQBNY",4.00544740847553,NA,NA,NA,NA,NA,NA,NA,NA,NA,NA,NA,NA,NA,NA,352,43.600999528,-80.255534183,-6.63979,10.15,236,27,14.9796
58,0.2302,85,160,"2026-06-21_EQBNY",4.00544740847553,NA,NA,NA,NA,NA,NA,NA,NA,NA,NA,NA,NA,NA,NA,352,43.600996343,-80.255480204,-6.17467,10.15,236,27,14.9796
59,0.234,86.5,160,"2026-06-21_EQBNY",4.01412973667309,NA,NA,NA,NA,NA,NA,NA,NA,NA,NA,NA,NA,NA,NA,352,43.600990057,-80.255433601,-5.34134,9.93,234,27,14.9472
60,0.2385,86.5,159,"2026-06-21_EQBNY",4.01412973667309,NA,NA,NA,NA,NA,NA,NA,NA,NA,NA,NA,NA,NA,NA,351.8,43.600985698,-80.255379705,-5.29798,9.93,234,27,14.9472
61,0.2425,86,160,"2026-06-21_EQBNY",4.01412973667309,NA,NA,NA,NA,NA,NA,NA,NA,NA,NA,NA,NA,NA,NA,351.6,43.600983519,-80.255326815,-4.79798,9.93,234,27,14.9472
62,0.2468,86,160,"2026-06-21_EQBNY",4.02284978678896,NA,NA,NA,NA,NA,NA,NA,NA,NA,NA,NA,NA,NA,NA,351.4,43.600984106,-80.255278619,-4.2631,9.93,234,27,14.9148
63,0.2511,86,159,"2026-06-21_EQBNY",4.02284978678896,NA,NA,NA,NA,NA,NA,NA,NA,NA,NA,NA,NA,NA,NA,351.2,43.600979077,-80.255220952,-3.72821,9.93,234,27,14.9148
64,0.2555,86.5,159,"2026-06-21_EQBNY",4.02284978678896,NA,NA,NA,NA,NA,NA,NA,NA,NA,NA,NA,NA,NA,NA,351,43.600981004,-80.255172253,-3.72821,9.73,232,27,14.9148
65,0.2598,87,159,"2026-06-21_EQBNY",4.01412973667309,NA,NA,NA,NA,NA,NA,NA,NA,NA,NA,NA,NA,NA,NA,350.8,43.60097455,-80.255113831,-3.74888,9.76,231,27,14.9472
66,0.2639,87,159,"2026-06-21_EQBNY",4.00544740847553,NA,NA,NA,NA,NA,NA,NA,NA,NA,NA,NA,NA,NA,NA,350.6,43.600974131,-80.255066725,-3.78214,9.77,231,27,14.9796
67,0.2686,87,159,"2026-06-21_EQBNY",4.00544740847553,NA,NA,NA,NA,NA,NA,NA,NA,NA,NA,NA,NA,NA,NA,350.6,43.600968096,-80.255007381,-3.28214,9.77,231,27,14.9796
68,0.2723,87,160,"2026-06-21_EQBNY",3.99584432190522,NA,NA,NA,NA,NA,NA,NA,NA,NA,NA,NA,NA,NA,NA,350.4,43.600969018,-80.254962202,-3.82268,9.77,231,27,15.0156
69,0.2767,87,159,"2026-06-21_EQBNY",4.00544740847553,NA,NA,NA,NA,NA,NA,NA,NA,NA,NA,NA,NA,NA,NA,350.2,43.600965665,-80.254907385,-4.27723,9.77,231,27,14.9796
70,0.2809,86.5,159,"2026-06-21_EQBNY",3.98724082934609,NA,NA,NA,NA,NA,NA,NA,NA,NA,NA,NA,NA,NA,NA,350.2,43.600962899,-80.254854076,-3.83279,9.77,231,27,15.048
71,0.2851,87,159,"2026-06-21_EQBNY",3.99584432190522,NA,NA,NA,NA,NA,NA,NA,NA,NA,NA,NA,NA,NA,NA,350.2,43.600963738,-80.25480479,-3.33279,9.77,231,27,15.0156
72,0.2893,86.5,159,"2026-06-21_EQBNY",3.99584432190522,NA,NA,NA,NA,NA,NA,NA,NA,NA,NA,NA,NA,NA,NA,350,43.600961139,-80.254749302,-3.34386,9.77,231,27,15.0156
73,0.2935,87,159,"2026-06-21_EQBNY",3.99584432190522,NA,NA,NA,NA,NA,NA,NA,NA,NA,NA,NA,NA,NA,NA,350,43.600964157,-80.254702028,-2.87874,9.77,231,27,15.0156
74,0.2978,87,160,"2026-06-21_EQBNY",3.99584432190522,NA,NA,NA,NA,NA,NA,NA,NA,NA,NA,NA,NA,NA,NA,350,43.600959547,-80.254643355,-2.4242,9.77,231,27,15.0156
75,0.3019,87,160,"2026-06-21_EQBNY",3.99584432190522,NA,NA,NA,NA,NA,NA,NA,NA,NA,NA,NA,NA,NA,NA,350,43.600961977,-80.254597841,-1.95908,9.77,231,27,15.0156
76,0.3065,87,160,"2026-06-21_EQBNY",3.99584432190522,NA,NA,NA,NA,NA,NA,NA,NA,NA,NA,NA,NA,NA,NA,350,43.600956697,-80.254536653,-1.47128,9.77,231,27,15.0156
77,0.3101,87,160,"2026-06-21_EQBNY",3.98724082934609,NA,NA,NA,NA,NA,NA,NA,NA,NA,NA,NA,NA,NA,NA,350,43.600962229,-80.254495749,-1.47128,9.77,231,27,15.048
78,0.3146,87,160,"2026-06-21_EQBNY",3.99584432190522,NA,NA,NA,NA,NA,NA,NA,NA,NA,NA,NA,NA,NA,NA,350,43.600960385,-80.254438082,-0.930736,9.77,231,27,15.0156
79,0.3186,87,160,"2026-06-21_EQBNY",3.98724082934609,NA,NA,NA,NA,NA,NA,NA,NA,NA,NA,NA,NA,NA,NA,349.8,43.600967845,-80.254390305,-0.97619,9.77,231,27,15.048
80,0.3229,88,160,"2026-06-21_EQBNY",3.99584432190522,NA,NA,NA,NA,NA,NA,NA,NA,NA,NA,NA,NA,NA,NA,349.8,43.600967761,-80.25433708,-0.97619,9.57,229,27,15.0156
81,0.3266,88,160,"2026-06-21_EQBNY",3.98724082934609,NA,NA,NA,NA,NA,NA,NA,NA,NA,NA,NA,NA,NA,NA,349.8,43.600972455,-80.25429056,-0.97619,9.6,228,27,15.048
82,0.3307,87.5,160,"2026-06-21_EQBNY",3.99584432190522,NA,NA,NA,NA,NA,NA,NA,NA,NA,NA,NA,NA,NA,NA,349.6,43.600981507,-80.254243622,-0.987805,9.57,229,27,15.0156
83,0.3346,87.5,161,"2026-06-21_EQBNY",4.00544740847553,NA,NA,NA,NA,NA,NA,NA,NA,NA,NA,NA,NA,NA,NA,349.6,43.600989135,-80.254192157,-0.987805,9.57,229,27,14.9796
84,0.3386,88,161,"2026-06-21_EQBNY",4.00544740847553,NA,NA,NA,NA,NA,NA,NA,NA,NA,NA,NA,NA,NA,NA,349.6,43.600995673,-80.254148655,-0.987805,9.57,229,27,14.9796
85,0.3423,88,161,"2026-06-21_EQBNY",4.01412973667309,NA,NA,NA,NA,NA,NA,NA,NA,NA,NA,NA,NA,NA,NA,349.6,43.600998606,-80.25409828,-0.987805,9.57,229,27,14.9472
86,0.3463,87.5,161,"2026-06-21_EQBNY",4.01412973667309,NA,NA,NA,NA,NA,NA,NA,NA,NA,NA,NA,NA,NA,NA,349.6,43.601002546,-80.254054694,-0.987805,9.57,229,27,14.9472
87,0.35,87.5,161,"2026-06-21_EQBNY",4.02284978678896,NA,NA,NA,NA,NA,NA,NA,NA,NA,NA,NA,NA,NA,NA,349.6,43.601007407,-80.254004151,-0.987805,9.57,229,27,14.9148
88,0.3534,88,161,"2026-06-21_EQBNY",4.03258327284458,NA,NA,NA,NA,NA,NA,NA,NA,NA,NA,NA,NA,NA,NA,349.4,43.601015957,-80.2539666,-1.57604,9.53,230,27,14.8788
89,0.3577,88,161,"2026-06-21_EQBNY",4.04138376980278,NA,NA,NA,NA,NA,NA,NA,NA,NA,NA,NA,NA,NA,NA,349.4,43.601021908,-80.253911363,-1.07604,9.53,230,27,14.8464
90,0.3612,87.5,161,"2026-06-21_EQBNY",4.05022276225192,NA,NA,NA,NA,NA,NA,NA,NA,NA,NA,NA,NA,NA,NA,349.2,43.60103381,-80.253874315,-1.64747,9.53,230,27,14.814
91,0.3653,87.5,161,"2026-06-21_EQBNY",4.05910050332846,NA,NA,NA,NA,NA,NA,NA,NA,NA,NA,NA,NA,NA,NA,349.2,43.60104764,-80.253822347,-1.64747,9.53,230,27,14.7816
92,0.3686,88,161,"2026-06-21_EQBNY",4.06901041666667,NA,NA,NA,NA,NA,NA,NA,NA,NA,NA,NA,NA,NA,NA,349.2,43.601055184,-80.25378488,-1.15966,9.49,231,27,14.7456
93,0.3726,88,162,"2026-06-21_EQBNY",4.06901041666667,NA,NA,NA,NA,NA,NA,NA,NA,NA,NA,NA,NA,NA,NA,349.2,43.601070272,-80.253738277,-1.15966,9.49,231,27,14.7456
94,0.3758,87.5,162,"2026-06-21_EQBNY",4.08697073728952,NA,NA,NA,NA,NA,NA,NA,NA,NA,NA,NA,NA,NA,NA,349.2,43.601084353,-80.253703157,-1.15966,9.49,231,27,14.6808
95,0.3796,87.5,162,"2026-06-21_EQBNY",4.08697073728952,NA,NA,NA,NA,NA,NA,NA,NA,NA,NA,NA,NA,NA,NA,349.2,43.601097932,-80.253661834,-1.15966,9.49,231,27,14.6808
96,0.3829,88,162,"2026-06-21_EQBNY",4.10610166707728,NA,NA,NA,NA,NA,NA,NA,NA,NA,NA,NA,NA,NA,NA,349.2,43.601114612,-80.253623696,-1.15966,9.46,232,27,14.6124
97,0.3868,88,162,"2026-06-21_EQBNY",4.11522633744856,NA,NA,NA,NA,NA,NA,NA,NA,NA,NA,NA,NA,NA,NA,349.2,43.60112928,-80.253585559,-1.15966,9.46,232,27,14.58
98,0.39,87.5,162,"2026-06-21_EQBNY",4.13462333581411,NA,NA,NA,NA,NA,NA,NA,NA,NA,NA,NA,NA,NA,NA,349.4,43.601147469,-80.253545493,0.0535714,9.45,232,27,14.5116
99,0.3936,87.5,162,"2026-06-21_EQBNY",4.1438753522294,NA,NA,NA,NA,NA,NA,NA,NA,NA,NA,NA,NA,NA,NA,349.6,43.601165406,-80.253515486,0.609127,9.42,233,27,14.4792
100,0.3966,87,162,"2026-06-21_EQBNY",4.25278557455133,NA,NA,NA,NA,NA,NA,NA,NA,NA,NA,NA,NA,NA,NA,349.6,43.601181416,-80.253486065,1.18056,9.5,238,27,14.1084
101,0.3994,87,162,"2026-06-21_EQBNY",4.31443610320131,NA,NA,NA,NA,NA,NA,NA,NA,NA,NA,NA,NA,NA,NA,349.8,43.601197341,-80.253458321,1.89484,9.45,239,27,13.9068
102,0.4031,87,162,"2026-06-21_EQBNY",4.476676515355,NA,NA,NA,NA,NA,NA,NA,NA,NA,NA,NA,NA,NA,NA,349.8,43.601215949,-80.253419094,1.89484,9.29,243,27,13.4028
103,0.4062,87,162,"2026-06-21_EQBNY",4.55622380171314,NA,NA,NA,NA,NA,NA,NA,NA,NA,NA,NA,NA,NA,NA,350,43.601237574,-80.253394116,2.54,9.24,244,27,13.1688
104,0.4096,87,162,"2026-06-21_EQBNY",4.63994060876021,NA,NA,NA,NA,NA,NA,NA,NA,NA,NA,NA,NA,NA,NA,350.2,43.601260038,-80.253370814,3.12824,9.15,246,27,12.9312
105,0.4124,87,162,"2026-06-21_EQBNY",4.67639356528245,NA,NA,NA,NA,NA,NA,NA,NA,NA,NA,NA,NA,NA,NA,350.4,43.601281915,-80.253344411,3.84252,9.11,247,27,12.8304
106,0.4153,87,162,"2026-06-21_EQBNY",4.67639356528245,NA,NA,NA,NA,NA,NA,NA,NA,NA,NA,NA,NA,NA,NA,350.6,43.601302786,-80.253327647,4.53218,9.11,247,27,12.8304
107,0.4187,86,161,"2026-06-21_EQBNY",4.80169019494862,NA,NA,NA,NA,NA,NA,NA,NA,NA,NA,NA,NA,NA,NA,350.8,43.601329943,-80.253300909,5.12041,9.17,252,27,12.4956
108,0.4215,86,162,"2026-06-21_EQBNY",4.82811896485129,NA,NA,NA,NA,NA,NA,NA,NA,NA,NA,NA,NA,NA,NA,350.8,43.601349138,-80.253290599,4.49541,9.16,252,27,12.4272
109,0.4243,86.5,162,"2026-06-21_EQBNY",4.90773458971339,NA,NA,NA,NA,NA,NA,NA,NA,NA,NA,NA,NA,NA,NA,351.2,43.601375457,-80.253276266,5.36843,9.07,254,27,12.2256
110,0.4266,86.5,161,"2026-06-21_EQBNY",4.99001996007984,NA,NA,NA,NA,NA,NA,NA,NA,NA,NA,NA,NA,NA,NA,351.4,43.601398255,-80.253266879,6.238,9.02,255,27,12.024
111,0.4298,85,161,"2026-06-21_EQBNY",5.07511165245635,NA,NA,NA,NA,NA,NA,NA,NA,NA,NA,NA,NA,NA,NA,351.8,43.601425161,-80.253262855,6.77371,9.11,259,27,11.8224
112,0.4334,85,161,"2026-06-21_EQBNY",5.20833333333333,NA,NA,NA,NA,NA,NA,NA,NA,NA,NA,NA,NA,NA,NA,352,43.601458102,-80.253249109,7.32926,9.01,261,27,11.52
113,0.4361,85,161,"2026-06-21_EQBNY",5.20833333333333,NA,NA,NA,NA,NA,NA,NA,NA,NA,NA,NA,NA,NA,NA,352.4,43.601479979,-80.25324299,8.16559,9.01,261,27,11.52
114,0.4401,84.5,161,"2026-06-21_EQBNY",5.16315572077654,NA,NA,NA,NA,NA,NA,NA,NA,NA,NA,NA,NA,NA,NA,352.6,43.601511746,-80.253230501,8.07735,9.21,263,27,11.6208
115,0.4428,84,161,"2026-06-21_EQBNY",5.03220611916264,NA,NA,NA,NA,NA,NA,NA,NA,NA,NA,NA,NA,NA,NA,353,43.601537982,-80.253225137,8.84455,9.32,261,27,11.9232
116,0.4455,84,161,"2026-06-21_EQBNY",5.05970451325643,NA,NA,NA,NA,NA,NA,NA,NA,NA,NA,NA,NA,NA,NA,353.2,43.601558098,-80.253222371,8.89563,9.31,261,27,11.8584
117,0.4484,84.5,162,"2026-06-21_EQBNY",5.05970451325643,NA,NA,NA,NA,NA,NA,NA,NA,NA,NA,NA,NA,NA,NA,353.6,43.601588944,-80.253212229,9.68671,9.31,261,27,11.8584
118,0.4512,84.5,162,"2026-06-21_EQBNY",5.22302308576204,NA,NA,NA,NA,NA,NA,NA,NA,NA,NA,NA,NA,NA,NA,354,43.601613,-80.25321139,11.1153,9.16,264,27,11.4876
119,0.4548,84,162,"2026-06-21_EQBNY",5.25430853299706,NA,NA,NA,NA,NA,NA,NA,NA,NA,NA,NA,NA,NA,NA,354.2,43.601642839,-80.253214492,10.2423,9.15,264,27,11.4192
120,0.4574,84,163,"2026-06-21_EQBNY",5.25430853299706,NA,NA,NA,NA,NA,NA,NA,NA,NA,NA,NA,NA,NA,NA,354.6,43.601667398,-80.253214156,10.9112,9.15,264,27,11.4192
121,0.4601,84,163,"2026-06-21_EQBNY",5.3011026293469,NA,NA,NA,NA,NA,NA,NA,NA,NA,NA,NA,NA,NA,NA,354.8,43.601688772,-80.253215414,10.4019,9.1,265,27,11.3184
122,0.4632,84,164,"2026-06-21_EQBNY",5.3011026293469,NA,NA,NA,NA,NA,NA,NA,NA,NA,NA,NA,NA,NA,NA,355,43.601722384,-80.253209211,10.4915,9.1,265,27,11.3184
123,0.4657,84,164,"2026-06-21_EQBNY",5.37981493436626,NA,NA,NA,NA,NA,NA,NA,NA,NA,NA,NA,NA,NA,NA,355.4,43.601741662,-80.253210217,10.61,9.04,266,27,11.1528
124,0.4691,84,164,"2026-06-21_EQBNY",5.46268982847154,NA,NA,NA,NA,NA,NA,NA,NA,NA,NA,NA,NA,NA,NA,355.6,43.601768652,-80.253211055,10.6983,8.98,267,27,10.9836
125,0.4709,84,165,"2026-06-21_EQBNY",5.3972366148532,NA,NA,NA,NA,NA,NA,NA,NA,NA,NA,NA,NA,NA,NA,355.8,43.601790109,-80.253215497,10.3279,9,267,27,11.1168
126,0.4739,84,165,"2026-06-21_EQBNY",5.5297500552975,NA,NA,NA,NA,NA,NA,NA,NA,NA,NA,NA,NA,NA,NA,356,43.601814082,-80.253222371,10.2538,8.93,268,27,10.8504
127,0.4766,84,165,"2026-06-21_EQBNY",5.65355042966983,NA,NA,NA,NA,NA,NA,NA,NA,NA,NA,NA,NA,NA,NA,356.2,43.601843167,-80.253223628,9.61524,8.82,270,27,10.6128
128,0.4799,84,166,"2026-06-21_EQBNY",5.72540936676972,NA,NA,NA,NA,NA,NA,NA,NA,NA,NA,NA,NA,NA,NA,356.4,43.601870157,-80.253231507,8.79273,8.76,271,27,10.4796
129,0.483,84,166,"2026-06-21_EQBNY",5.67086310536464,NA,NA,NA,NA,NA,NA,NA,NA,NA,NA,NA,NA,NA,NA,356.6,43.601897565,-80.253226226,8.88234,8.82,270,27,10.5804
130,0.4858,84.5,166,"2026-06-21_EQBNY",5.51328702172235,NA,NA,NA,NA,NA,NA,NA,NA,NA,NA,NA,NA,NA,NA,356.8,43.601923549,-80.253222203,8.05816,8.93,268,27,10.8828
131,0.4891,85,167,"2026-06-21_EQBNY",5.51328702172235,NA,NA,NA,NA,NA,NA,NA,NA,NA,NA,NA,NA,NA,NA,357,43.601951545,-80.253227148,7.92348,8.78,265,27,10.8828
132,0.4921,85.5,167,"2026-06-21_EQBNY",5.47885163269779,NA,NA,NA,NA,NA,NA,NA,NA,NA,NA,NA,NA,NA,NA,357.4,43.601979792,-80.253231507,8.61166,8.79,265,27,10.9512
133,0.4951,85.5,167,"2026-06-21_EQBNY",5.47885163269779,NA,NA,NA,NA,NA,NA,NA,NA,NA,NA,NA,NA,NA,NA,357.6,43.602005021,-80.253235446,7.67832,8.79,265,27,10.9512
134,0.4983,86,167,"2026-06-21_EQBNY",5.46268982847154,NA,NA,NA,NA,NA,NA,NA,NA,NA,NA,NA,NA,NA,NA,357.8,43.602037711,-80.253232932,7.71509,8.66,262,27,10.9836
135,0.5015,86,168,"2026-06-21_EQBNY",5.46268982847154,NA,NA,NA,NA,NA,NA,NA,NA,NA,NA,NA,NA,NA,NA,357.8,43.602064617,-80.253229663,6.60398,8.66,262,27,10.9836
136,0.5057,86,168,"2026-06-21_EQBNY",5.41301288297066,NA,NA,NA,NA,NA,NA,NA,NA,NA,NA,NA,NA,NA,NA,358,43.602104347,-80.253224382,6.4135,8.67,262,27,11.0844
137,0.5088,86,168,"2026-06-21_EQBNY",5.3972366148532,NA,NA,NA,NA,NA,NA,NA,NA,NA,NA,NA,NA,NA,NA,358,43.602132175,-80.253222371,5.67276,8.71,261,27,11.1168
138,0.5127,87,169,"2026-06-21_EQBNY",5.26925914216461,NA,NA,NA,NA,NA,NA,NA,NA,NA,NA,NA,NA,NA,NA,358,43.602167295,-80.253213737,5.0667,8.63,257,27,11.3868
139,0.5164,87,169,"2026-06-21_EQBNY",5.25430853299706,NA,NA,NA,NA,NA,NA,NA,NA,NA,NA,NA,NA,NA,NA,358,43.602201996,-80.253202422,4.42154,8.64,257,27,11.4192
140,0.5204,86,169,"2026-06-21_EQBNY",5.19210799584631,NA,NA,NA,NA,NA,NA,NA,NA,NA,NA,NA,NA,NA,NA,358,43.602235524,-80.253193285,3.70725,8.86,258,27,11.556
141,0.5242,86,169,"2026-06-21_EQBNY",4.97512437810945,NA,NA,NA,NA,NA,NA,NA,NA,NA,NA,NA,NA,NA,NA,358,43.60227165,-80.253176773,3.10119,9.02,255,27,12.06
142,0.5277,86,169,"2026-06-21_EQBNY",4.80169019494862,NA,NA,NA,NA,NA,NA,NA,NA,NA,NA,NA,NA,NA,NA,358,43.602298053,-80.253162105,1.76786,9.17,252,27,12.4956
143,0.5321,86,170,"2026-06-21_EQBNY",4.78927203065134,NA,NA,NA,NA,NA,NA,NA,NA,NA,NA,NA,NA,NA,NA,357.8,43.602335101,-80.253136121,0.646645,9.2,251,27,12.528
144,0.5362,86,171,"2026-06-21_EQBNY",4.78927203065134,NA,NA,NA,NA,NA,NA,NA,NA,NA,NA,NA,NA,NA,NA,357.6,43.602369634,-80.253113657,-0.46616,9.2,251,27,12.528
145,0.5408,86,171,"2026-06-21_EQBNY",4.5687134502924,NA,NA,NA,NA,NA,NA,NA,NA,NA,NA,NA,NA,NA,NA,357.4,43.60240509,-80.253094798,-0.900942,9.39,247,27,13.1328
146,0.5451,85.5,172,"2026-06-21_EQBNY",4.53391367428364,NA,NA,NA,NA,NA,NA,NA,NA,NA,NA,NA,NA,NA,NA,357.2,43.602443814,-80.253065629,-1.84225,9.6,249,27,13.2336
147,0.5496,84.5,173,"2026-06-21_EQBNY",4.42086648983201,NA,NA,NA,NA,NA,NA,NA,NA,NA,NA,NA,NA,NA,NA,357,43.602475665,-80.253044255,-2.28669,9.9,249,27,13.572
148,0.5544,83.5,173,"2026-06-21_EQBNY",4.34593654932638,NA,NA,NA,NA,NA,NA,NA,NA,NA,NA,NA,NA,NA,NA,356.8,43.6025133,-80.253018187,-2.70336,10.17,250,27,13.806
149,0.5578,83.5,173,"2026-06-21_EQBNY",4.32451133021969,NA,NA,NA,NA,NA,NA,NA,NA,NA,NA,NA,NA,NA,NA,356.4,43.602538278,-80.252988264,-3.87983,10.17,250,27,13.8744
150,0.5617,83.5,173,"2026-06-21_EQBNY",4.32451133021969,NA,NA,NA,NA,NA,NA,NA,NA,NA,NA,NA,NA,NA,NA,356.2,43.602566944,-80.252961274,-4.39265,10.17,250,27,13.8744
151,0.5656,83.5,173,"2026-06-21_EQBNY",4.6633090841261,NA,NA,NA,NA,NA,NA,NA,NA,NA,NA,NA,NA,NA,NA,355.8,43.60259494,-80.252925735,-5.41829,9.84,257,27,12.8664
152,0.5692,83.5,173,"2026-06-21_EQBNY",4.65159549725556,NA,NA,NA,NA,NA,NA,NA,NA,NA,NA,NA,NA,NA,NA,355.6,43.602616062,-80.252894638,-5.97385,9.84,257,27,12.8988
153,0.5733,83.5,172,"2026-06-21_EQBNY",4.65159549725556,NA,NA,NA,NA,NA,NA,NA,NA,NA,NA,NA,NA,NA,NA,355.4,43.602641711,-80.252852896,-6.00711,9.84,257,27,12.8988
154,0.5772,83.5,172,"2026-06-21_EQBNY",4.60405156537753,NA,NA,NA,NA,NA,NA,NA,NA,NA,NA,NA,NA,NA,NA,355.4,43.602660402,-80.252813334,-5.5193,9.89,256,27,13.032
155,0.5814,85.5,172,"2026-06-21_EQBNY",4.54504135987638,NA,NA,NA,NA,NA,NA,NA,NA,NA,NA,NA,NA,NA,NA,355.4,43.602681273,-80.252766227,-5.08452,9.6,249,27,13.2012
156,0.5857,85.5,172,"2026-06-21_EQBNY",4.4996400287977,NA,NA,NA,NA,NA,NA,NA,NA,NA,NA,NA,NA,NA,NA,355.4,43.602701222,-80.252725324,-4.6194,9.64,248,27,13.3344
157,0.5899,86,171,"2026-06-21_EQBNY",4.42086648983201,NA,NA,NA,NA,NA,NA,NA,NA,NA,NA,NA,NA,NA,NA,355.4,43.602718657,-80.252681906,-4.17496,9.53,244,27,13.572
158,0.5937,86,171,"2026-06-21_EQBNY",4.3561596096881,NA,NA,NA,NA,NA,NA,NA,NA,NA,NA,NA,NA,NA,NA,355.6,43.602727039,-80.252632285,-3.23198,9.61,242,27,13.7736
159,0.598,87,170,"2026-06-21_EQBNY",4.3561596096881,NA,NA,NA,NA,NA,NA,NA,NA,NA,NA,NA,NA,NA,NA,355.8,43.602734079,-80.252583083,-1.59039,9.41,240,27,13.7736
160,0.6017,87,170,"2026-06-21_EQBNY",4.37790035898783,NA,NA,NA,NA,NA,NA,NA,NA,NA,NA,NA,NA,NA,NA,356,43.602737432,-80.252532372,-0.537029,9.37,241,27,13.7052
161,0.6063,87,170,"2026-06-21_EQBNY",4.43262411347518,NA,NA,NA,NA,NA,NA,NA,NA,NA,NA,NA,NA,NA,NA,356.2,43.60273827,-80.252480991,0.923395,9.33,242,27,13.536
162,0.6107,87,170,"2026-06-21_EQBNY",4.37790035898783,NA,NA,NA,NA,NA,NA,NA,NA,NA,NA,NA,NA,NA,NA,356.4,43.602736091,-80.252422234,1.9335,9.37,241,27,13.7052
163,0.6152,88,170,"2026-06-21_EQBNY",4.33576135969476,NA,NA,NA,NA,NA,NA,NA,NA,NA,NA,NA,NA,NA,NA,356.6,43.602735085,-80.252373787,2.86575,9.26,237,27,13.8384
164,0.6193,88,170,"2026-06-21_EQBNY",4.28338901739056,NA,NA,NA,NA,NA,NA,NA,NA,NA,NA,NA,NA,NA,NA,356.6,43.602736007,-80.252320981,2.86575,9.3,236,27,14.0076
165,0.6226,87.5,170,"2026-06-21_EQBNY",4.26257459505541,NA,NA,NA,NA,NA,NA,NA,NA,NA,NA,NA,NA,NA,NA,356.8,43.602739528,-80.252280664,3.47181,9.3,236,27,14.076
166,0.6264,87.5,170,"2026-06-21_EQBNY",4.25278557455133,NA,NA,NA,NA,NA,NA,NA,NA,NA,NA,NA,NA,NA,NA,356.8,43.602747071,-80.252234982,3.47181,9.34,235,27,14.1084
167,0.6298,87,170,"2026-06-21_EQBNY",4.31443610320131,NA,NA,NA,NA,NA,NA,NA,NA,NA,NA,NA,NA,NA,NA,357,43.602756794,-80.252193408,4.06004,9.45,239,27,13.9068
168,0.6335,87,170,"2026-06-21_EQBNY",4.33576135969476,NA,NA,NA,NA,NA,NA,NA,NA,NA,NA,NA,NA,NA,NA,357,43.60276987,-80.252151163,3.53373,9.41,240,27,13.8384
169,0.6372,87,170,"2026-06-21_EQBNY",4.3675751222921,NA,NA,NA,NA,NA,NA,NA,NA,NA,NA,NA,NA,NA,NA,357.2,43.602780264,-80.252105147,3.60915,9.41,240,27,13.7376
170,0.6408,87,171,"2026-06-21_EQBNY",4.37790035898783,NA,NA,NA,NA,NA,NA,NA,NA,NA,NA,NA,NA,NA,NA,357.4,43.60279116,-80.252064243,3.62416,9.37,241,27,13.7052
171,0.6447,87,170,"2026-06-21_EQBNY",4.38827453045463,NA,NA,NA,NA,NA,NA,NA,NA,NA,NA,NA,NA,NA,NA,357.6,43.602804236,-80.252015125,3.7022,9.37,241,27,13.6728
172,0.6485,87,170,"2026-06-21_EQBNY",4.41033783187792,NA,NA,NA,NA,NA,NA,NA,NA,NA,NA,NA,NA,NA,NA,357.8,43.602811612,-80.25197506,3.77397,9.37,241,27,13.6044
173,0.6524,86.5,169,"2026-06-21_EQBNY",4.41033783187792,NA,NA,NA,NA,NA,NA,NA,NA,NA,NA,NA,NA,NA,NA,358.2,43.602819491,-80.251923259,4.35517,9.37,241,27,13.6044
174,0.6561,86,169,"2026-06-21_EQBNY",4.41033783187792,NA,NA,NA,NA,NA,NA,NA,NA,NA,NA,NA,NA,NA,NA,358.2,43.602830974,-80.251881266,4.35517,9.53,244,27,13.6044
175,0.6603,86,168,"2026-06-21_EQBNY",4.41033783187792,NA,NA,NA,NA,NA,NA,NA,NA,NA,NA,NA,NA,NA,NA,358.4,43.602836842,-80.251829801,4.2253,9.53,244,27,13.6044
176,0.6642,86,168,"2026-06-21_EQBNY",4.41033783187792,NA,NA,NA,NA,NA,NA,NA,NA,NA,NA,NA,NA,NA,NA,358.6,43.602837261,-80.251780851,4.73812,9.53,244,27,13.6044
177,0.6677,86,168,"2026-06-21_EQBNY",4.39985920450546,NA,NA,NA,NA,NA,NA,NA,NA,NA,NA,NA,NA,NA,NA,358.8,43.602833908,-80.251739696,4.72131,9.56,243,27,13.6368
178,0.6715,86,169,"2026-06-21_EQBNY",4.39985920450546,NA,NA,NA,NA,NA,NA,NA,NA,NA,NA,NA,NA,NA,NA,358.8,43.602822089,-80.251690745,4.72131,9.56,243,27,13.6368
179,0.6755,86,168,"2026-06-21_EQBNY",4.42086648983201,NA,NA,NA,NA,NA,NA,NA,NA,NA,NA,NA,NA,NA,NA,359,43.602818318,-80.251648333,4.68077,9.53,244,27,13.572
180,0.6794,86,168,"2026-06-21_EQBNY",4.42086648983201,NA,NA,NA,NA,NA,NA,NA,NA,NA,NA,NA,NA,NA,NA,359,43.602803733,-80.251599047,4.12522,9.53,244,27,13.572
181,0.6828,86.5,167,"2026-06-21_EQBNY",4.41033783187792,NA,NA,NA,NA,NA,NA,NA,NA,NA,NA,NA,NA,NA,NA,359,43.602791915,-80.251560658,3.6124,9.37,241,27,13.6044
182,0.6872,87,167,"2026-06-21_EQBNY",4.41033783187792,NA,NA,NA,NA,NA,NA,NA,NA,NA,NA,NA,NA,NA,NA,359,43.602775737,-80.25150978,3.08608,9.37,241,27,13.6044
183,0.6907,87,166,"2026-06-21_EQBNY",4.41033783187792,NA,NA,NA,NA,NA,NA,NA,NA,NA,NA,NA,NA,NA,NA,359,43.6027635,-80.25146829,2.06044,9.37,241,27,13.6044
184,0.6952,87,166,"2026-06-21_EQBNY",4.42086648983201,NA,NA,NA,NA,NA,NA,NA,NA,NA,NA,NA,NA,NA,NA,358.8,43.602745479,-80.251424452,1.616,9.33,242,27,13.572
185,0.6985,87,165,"2026-06-21_EQBNY",4.41033783187792,NA,NA,NA,NA,NA,NA,NA,NA,NA,NA,NA,NA,NA,NA,358.8,43.602725111,-80.25138774,1.1398,9.37,241,27,13.6044
186,0.702,86.5,164,"2026-06-21_EQBNY",4.42086648983201,NA,NA,NA,NA,NA,NA,NA,NA,NA,NA,NA,NA,NA,NA,358.6,43.602708766,-80.251355721,0.0555556,9.33,242,27,13.572
187,0.7057,87,164,"2026-06-21_EQBNY",4.42086648983201,NA,NA,NA,NA,NA,NA,NA,NA,NA,NA,NA,NA,NA,NA,358.6,43.602683788,-80.251317667,-0.515873,9.33,242,27,13.572
188,0.7096,86.5,164,"2026-06-21_EQBNY",4.42086648983201,NA,NA,NA,NA,NA,NA,NA,NA,NA,NA,NA,NA,NA,NA,358.4,43.602665767,-80.251280535,-1.02869,9.33,242,27,13.572
189,0.7139,86.5,164,"2026-06-21_EQBNY",4.42086648983201,NA,NA,NA,NA,NA,NA,NA,NA,NA,NA,NA,NA,NA,NA,358.4,43.602637688,-80.251235692,-1.52869,9.33,242,27,13.572
190,0.7178,86,164,"2026-06-21_EQBNY",4.42086648983201,NA,NA,NA,NA,NA,NA,NA,NA,NA,NA,NA,NA,NA,NA,358.2,43.602618241,-80.251198057,-2.04151,9.53,244,27,13.572
191,0.7222,86,164,"2026-06-21_EQBNY",4.41033783187792,NA,NA,NA,NA,NA,NA,NA,NA,NA,NA,NA,NA,NA,NA,358,43.602593683,-80.251154555,-2.49606,9.53,244,27,13.6044
192,0.726,86,164,"2026-06-21_EQBNY",4.39985920450546,NA,NA,NA,NA,NA,NA,NA,NA,NA,NA,NA,NA,NA,NA,357.8,43.60257256,-80.251112059,-3.02238,9.56,243,27,13.6368
193,0.7302,86,164,"2026-06-21_EQBNY",4.38827453045463,NA,NA,NA,NA,NA,NA,NA,NA,NA,NA,NA,NA,NA,NA,357.6,43.602554036,-80.251068724,-3.49857,9.57,243,27,13.6728
194,0.7343,87,164,"2026-06-21_EQBNY",4.37790035898783,NA,NA,NA,NA,NA,NA,NA,NA,NA,NA,NA,NA,NA,NA,357.4,43.602538194,-80.251020445,-3.54193,9.37,241,27,13.7052
195,0.7383,87,164,"2026-06-21_EQBNY",4.37790035898783,NA,NA,NA,NA,NA,NA,NA,NA,NA,NA,NA,NA,NA,NA,357.2,43.60252931,-80.250975266,-4.04193,9.37,241,27,13.7052
196,0.7423,87,165,"2026-06-21_EQBNY",4.3675751222921,NA,NA,NA,NA,NA,NA,NA,NA,NA,NA,NA,NA,NA,NA,356.8,43.602519586,-80.250923047,-4.4705,9.41,240,27,13.7376
197,0.746,87,165,"2026-06-21_EQBNY",4.3561596096881,NA,NA,NA,NA,NA,NA,NA,NA,NA,NA,NA,NA,NA,NA,356.8,43.602519,-80.250880299,-4.4705,9.41,240,27,13.7736
198,0.7501,87,165,"2026-06-21_EQBNY",4.3561596096881,NA,NA,NA,NA,NA,NA,NA,NA,NA,NA,NA,NA,NA,NA,356.8,43.602517742,-80.250824811,-3.95768,9.41,240,27,13.7736
199,0.7538,87,165,"2026-06-21_EQBNY",4.34593654932638,NA,NA,NA,NA,NA,NA,NA,NA,NA,NA,NA,NA,NA,NA,356.8,43.602526543,-80.250784578,-3.95768,9.41,240,27,13.806
200,0.7578,87,165,"2026-06-21_EQBNY",4.34593654932638,NA,NA,NA,NA,NA,NA,NA,NA,NA,NA,NA,NA,NA,NA,356.6,43.602537524,-80.250730263,-3.94486,9.41,240,27,13.806
201,0.7615,87.5,165,"2026-06-21_EQBNY",4.34593654932638,NA,NA,NA,NA,NA,NA,NA,NA,NA,NA,NA,NA,NA,NA,356.8,43.60255303,-80.250693634,-2.94977,9.22,238,27,13.806
202,0.7656,87.5,165,"2026-06-21_EQBNY",4.34593654932638,NA,NA,NA,NA,NA,NA,NA,NA,NA,NA,NA,NA,NA,NA,356.8,43.602571135,-80.25064351,-2.42345,9.22,238,27,13.806
203,0.7695,88,165,"2026-06-21_EQBNY",4.34593654932638,NA,NA,NA,NA,NA,NA,NA,NA,NA,NA,NA,NA,NA,NA,356.8,43.602587061,-80.250605289,-1.94726,9.22,238,27,13.806
204,0.7732,88,165,"2026-06-21_EQBNY",4.33576135969476,NA,NA,NA,NA,NA,NA,NA,NA,NA,NA,NA,NA,NA,NA,357,43.602602484,-80.250561116,-0.918919,9.26,237,27,13.8384
205,0.7769,87.5,165,"2026-06-21_EQBNY",4.33576135969476,NA,NA,NA,NA,NA,NA,NA,NA,NA,NA,NA,NA,NA,NA,357.2,43.602620505,-80.250521805,0.121622,9.26,237,27,13.8384
206,0.7806,87,165,"2026-06-21_EQBNY",4.33576135969476,NA,NA,NA,NA,NA,NA,NA,NA,NA,NA,NA,NA,NA,NA,357.2,43.602638358,-80.250487188,1.12162,9.41,240,27,13.8384
207,0.7842,87,165,"2026-06-21_EQBNY",4.33576135969476,NA,NA,NA,NA,NA,NA,NA,NA,NA,NA,NA,NA,NA,NA,357.4,43.602659061,-80.250450643,1.67718,9.41,240,27,13.8384
208,0.7874,87,165,"2026-06-21_EQBNY",4.34593654932638,NA,NA,NA,NA,NA,NA,NA,NA,NA,NA,NA,NA,NA,NA,357.6,43.60268077,-80.250425246,2.30218,9.41,240,27,13.806
209,0.791,87,164,"2026-06-21_EQBNY",4.34593654932638,NA,NA,NA,NA,NA,NA,NA,NA,NA,NA,NA,NA,NA,NA,357.6,43.602703569,-80.25038736,2.30218,9.41,240,27,13.806
210,0.7944,87.5,165,"2026-06-21_EQBNY",4.3675751222921,NA,NA,NA,NA,NA,NA,NA,NA,NA,NA,NA,NA,NA,NA,357.8,43.602722429,-80.250362381,3.39041,9.22,238,27,13.7376
211,0.7977,87.5,164,"2026-06-21_EQBNY",4.3675751222921,NA,NA,NA,NA,NA,NA,NA,NA,NA,NA,NA,NA,NA,NA,357.8,43.602739611,-80.250325166,2.84987,9.22,238,27,13.7376
212,0.8008,88,164,"2026-06-21_EQBNY",4.37790035898783,NA,NA,NA,NA,NA,NA,NA,NA,NA,NA,NA,NA,NA,NA,357.6,43.602762075,-80.250300858,2.20471,9.22,238,27,13.7052
213,0.8045,88,164,"2026-06-21_EQBNY",4.39985920450546,NA,NA,NA,NA,NA,NA,NA,NA,NA,NA,NA,NA,NA,NA,357.6,43.602784538,-80.250262469,2.20471,9.18,239,27,13.6368
214,0.8078,87.5,164,"2026-06-21_EQBNY",4.41033783187792,NA,NA,NA,NA,NA,NA,NA,NA,NA,NA,NA,NA,NA,NA,357.8,43.602805828,-80.250236904,2.27023,9.18,239,27,13.6044
215,0.8111,87,164,"2026-06-21_EQBNY",4.42086648983201,NA,NA,NA,NA,NA,NA,NA,NA,NA,NA,NA,NA,NA,NA,357.8,43.602829801,-80.250206059,1.72969,9.33,242,27,13.572
216,0.8144,87,164,"2026-06-21_EQBNY",4.43262411347518,NA,NA,NA,NA,NA,NA,NA,NA,NA,NA,NA,NA,NA,NA,358,43.602852683,-80.250178147,2.33575,9.33,242,27,13.536
217,0.8178,87,164,"2026-06-21_EQBNY",4.45394619632995,NA,NA,NA,NA,NA,NA,NA,NA,NA,NA,NA,NA,NA,NA,358,43.602874644,-80.250155097,1.7802,9.33,242,27,13.4712
218,0.8211,87,163,"2026-06-21_EQBNY",4.46588067166845,NA,NA,NA,NA,NA,NA,NA,NA,NA,NA,NA,NA,NA,NA,358.2,43.602895682,-80.250122324,1.76126,9.29,243,27,13.4352
219,0.8242,86.5,163,"2026-06-21_EQBNY",4.476676515355,NA,NA,NA,NA,NA,NA,NA,NA,NA,NA,NA,NA,NA,NA,358.4,43.602921499,-80.250107069,2.40642,9.29,243,27,13.4028
220,0.8278,86,163,"2026-06-21_EQBNY",4.4996400287977,NA,NA,NA,NA,NA,NA,NA,NA,NA,NA,NA,NA,NA,NA,358.6,43.602945722,-80.250072368,2.37374,9.44,246,27,13.3344
221,0.831,86,163,"2026-06-21_EQBNY",4.510599909788,NA,NA,NA,NA,NA,NA,NA,NA,NA,NA,NA,NA,NA,NA,358.8,43.602970952,-80.25005443,2.99874,9.44,246,27,13.302
222,0.8349,86.5,164,"2026-06-21_EQBNY",4.52161331162959,NA,NA,NA,NA,NA,NA,NA,NA,NA,NA,NA,NA,NA,NA,359,43.603000792,-80.250023501,4.15672,9.24,244,27,13.2696
223,0.8386,87,163,"2026-06-21_EQBNY",4.54504135987638,NA,NA,NA,NA,NA,NA,NA,NA,NA,NA,NA,NA,NA,NA,359.2,43.603027195,-80.249996511,4.69726,9.24,244,27,13.2012
224,0.8422,87,163,"2026-06-21_EQBNY",4.54504135987638,NA,NA,NA,NA,NA,NA,NA,NA,NA,NA,NA,NA,NA,NA,359.6,43.603054771,-80.249973545,5.20231,9.24,244,27,13.2012
225,0.8466,86.5,163,"2026-06-21_EQBNY",4.54504135987638,NA,NA,NA,NA,NA,NA,NA,NA,NA,NA,NA,NA,NA,NA,359.8,43.603085533,-80.249940604,5.65686,9.4,247,27,13.2012
226,0.8504,86,163,"2026-06-21_EQBNY",4.54504135987638,NA,NA,NA,NA,NA,NA,NA,NA,NA,NA,NA,NA,NA,NA,360.2,43.603113444,-80.249923086,6.10343,9.4,247,27,13.2012
227,0.8543,86,163,"2026-06-21_EQBNY",4.53391367428364,NA,NA,NA,NA,NA,NA,NA,NA,NA,NA,NA,NA,NA,NA,360.4,43.603141691,-80.249890313,6.61625,9.43,246,26,13.2336
228,0.8575,86,163,"2026-06-21_EQBNY",4.53391367428364,NA,NA,NA,NA,NA,NA,NA,NA,NA,NA,NA,NA,NA,NA,360.6,43.603163652,-80.249877488,6.63519,9.43,246,26,13.2336
229,0.8613,86,163,"2026-06-21_EQBNY",4.53391367428364,NA,NA,NA,NA,NA,NA,NA,NA,NA,NA,NA,NA,NA,NA,360.8,43.603192821,-80.249844547,6.51634,9.43,246,27,13.2336
230,0.8643,87,163,"2026-06-21_EQBNY",4.54504135987638,NA,NA,NA,NA,NA,NA,NA,NA,NA,NA,NA,NA,NA,NA,361,43.603213357,-80.249824682,6.62745,9.24,244,26,13.2012
231,0.8677,87,164,"2026-06-21_EQBNY",4.54504135987638,NA,NA,NA,NA,NA,NA,NA,NA,NA,NA,NA,NA,NA,NA,361.4,43.603236239,-80.249795597,7.17892,9.24,244,26,13.2012
232,0.871,87,164,"2026-06-21_EQBNY",4.5687134502924,NA,NA,NA,NA,NA,NA,NA,NA,NA,NA,NA,NA,NA,NA,361.6,43.603259792,-80.249767099,7.27216,9.2,245,26,13.1328
233,0.8744,86,165,"2026-06-21_EQBNY",4.5687134502924,NA,NA,NA,NA,NA,NA,NA,NA,NA,NA,NA,NA,NA,NA,361.8,43.603283513,-80.249741785,7.31986,9.39,247,26,13.1328
234,0.878,86,165,"2026-06-21_EQBNY",4.58001282403591,NA,NA,NA,NA,NA,NA,NA,NA,NA,NA,NA,NA,NA,NA,361.8,43.603308994,-80.249708509,6.20875,9.39,247,26,13.1004
235,0.8816,86,166,"2026-06-21_EQBNY",4.60405156537753,NA,NA,NA,NA,NA,NA,NA,NA,NA,NA,NA,NA,NA,NA,361.8,43.603334727,-80.24968613,5.7542,9.35,248,26,13.032
236,0.8854,86,166,"2026-06-21_EQBNY",4.60405156537753,NA,NA,NA,NA,NA,NA,NA,NA,NA,NA,NA,NA,NA,NA,361.8,43.603359202,-80.249649836,4.70157,9.35,248,26,13.032
237,0.8894,86,167,"2026-06-21_EQBNY",4.60405156537753,NA,NA,NA,NA,NA,NA,NA,NA,NA,NA,NA,NA,NA,NA,361.6,43.603383425,-80.249620164,3.68875,9.35,248,26,13.032
238,0.8936,86.5,167,"2026-06-21_EQBNY",4.60405156537753,NA,NA,NA,NA,NA,NA,NA,NA,NA,NA,NA,NA,NA,NA,361.6,43.603409912,-80.249575907,3.06375,9.19,245,26,13.032
239,0.8977,87,168,"2026-06-21_EQBNY",4.60405156537753,NA,NA,NA,NA,NA,NA,NA,NA,NA,NA,NA,NA,NA,NA,361.4,43.603435226,-80.249545397,2.04963,9.19,245,26,13.032
240,0.9016,87,168,"2026-06-21_EQBNY",4.58001282403591,NA,NA,NA,NA,NA,NA,NA,NA,NA,NA,NA,NA,NA,NA,361.2,43.603461712,-80.249511534,0.870141,9.2,245,26,13.1004
241,0.9055,87,168,"2026-06-21_EQBNY",4.5687134502924,NA,NA,NA,NA,NA,NA,NA,NA,NA,NA,NA,NA,NA,NA,361.2,43.603485098,-80.249475492,-0.306329,9.2,245,26,13.1328
242,0.9089,87,168,"2026-06-21_EQBNY",4.5687134502924,NA,NA,NA,NA,NA,NA,NA,NA,NA,NA,NA,NA,NA,NA,361.2,43.603503287,-80.249442468,-0.91239,9.2,245,26,13.1328
243,0.9129,86.5,169,"2026-06-21_EQBNY",4.5687134502924,NA,NA,NA,NA,NA,NA,NA,NA,NA,NA,NA,NA,NA,NA,361.2,43.603526924,-80.249403156,-1.50063,9.2,245,26,13.1328
244,0.9166,86,169,"2026-06-21_EQBNY",4.55622380171314,NA,NA,NA,NA,NA,NA,NA,NA,NA,NA,NA,NA,NA,NA,361,43.603547878,-80.249372982,-2.04117,9.39,247,26,13.1688
245,0.9203,86,169,"2026-06-21_EQBNY",4.55622380171314,NA,NA,NA,NA,NA,NA,NA,NA,NA,NA,NA,NA,NA,NA,361,43.603569923,-80.249330737,-2.04117,9.39,247,26,13.1688
246,0.9239,86.5,169,"2026-06-21_EQBNY",4.55622380171314,NA,NA,NA,NA,NA,NA,NA,NA,NA,NA,NA,NA,NA,NA,360.8,43.603593057,-80.2493014,-2.59672,9.24,244,26,13.1688
247,0.9278,87,169,"2026-06-21_EQBNY",4.55622380171314,NA,NA,NA,NA,NA,NA,NA,NA,NA,NA,NA,NA,NA,NA,360.8,43.603614682,-80.249259658,-2.09672,9.24,244,26,13.1688
248,0.9314,87,168,"2026-06-21_EQBNY",4.55622380171314,NA,NA,NA,NA,NA,NA,NA,NA,NA,NA,NA,NA,NA,NA,360.6,43.603636978,-80.249227807,-2.65228,9.24,244,26,13.1688
249,0.9353,87,169,"2026-06-21_EQBNY",4.55622380171314,NA,NA,NA,NA,NA,NA,NA,NA,NA,NA,NA,NA,NA,NA,360.6,43.603660196,-80.249188999,-2.16447,9.24,244,26,13.1688
250,0.9389,87,171,"2026-06-21_EQBNY",4.55622380171314,NA,NA,NA,NA,NA,NA,NA,NA,NA,NA,NA,NA,NA,NA,360.6,43.603680396,-80.249155387,-1.65165,9.24,244,26,13.1688
251,0.9425,87,173,"2026-06-21_EQBNY",4.54504135987638,NA,NA,NA,NA,NA,NA,NA,NA,NA,NA,NA,NA,NA,NA,360.4,43.603699088,-80.24911792,-2.20721,9.24,244,26,13.2012
252,0.9465,87,174,"2026-06-21_EQBNY",4.54504135987638,NA,NA,NA,NA,NA,NA,NA,NA,NA,NA,NA,NA,NA,NA,360.4,43.603720043,-80.249073496,-2.20721,9.24,244,26,13.2012
253,0.9503,87,174,"2026-06-21_EQBNY",4.54504135987638,NA,NA,NA,NA,NA,NA,NA,NA,NA,NA,NA,NA,NA,NA,360.4,43.603736639,-80.249038711,-2.20721,9.24,244,26,13.2012
254,0.9538,87.5,174,"2026-06-21_EQBNY",4.54504135987638,NA,NA,NA,NA,NA,NA,NA,NA,NA,NA,NA,NA,NA,NA,360.4,43.603748876,-80.248992862,-1.66667,9.06,242,26,13.2012
255,0.9577,87.5,174,"2026-06-21_EQBNY",4.54504135987638,NA,NA,NA,NA,NA,NA,NA,NA,NA,NA,NA,NA,NA,NA,360.6,43.603766395,-80.248956485,-1.15385,9.06,242,26,13.2012
256,0.9615,88,173,"2026-06-21_EQBNY",4.54504135987638,NA,NA,NA,NA,NA,NA,NA,NA,NA,NA,NA,NA,NA,NA,360.6,43.603776956,-80.248907367,-0.598291,9.06,242,26,13.2012
257,0.9654,88,173,"2026-06-21_EQBNY",4.54504135987638,NA,NA,NA,NA,NA,NA,NA,NA,NA,NA,NA,NA,NA,NA,360.6,43.603789026,-80.248866966,-0.598291,9.06,242,26,13.2012
258,0.9692,88,172,"2026-06-21_EQBNY",4.53391367428364,NA,NA,NA,NA,NA,NA,NA,NA,NA,NA,NA,NA,NA,NA,360.4,43.603787768,-80.248815837,-0.569051,9.06,242,26,13.2336
259,0.973,87,172,"2026-06-21_EQBNY",4.53391367428364,NA,NA,NA,NA,NA,NA,NA,NA,NA,NA,NA,NA,NA,NA,360.4,43.603794306,-80.248773256,-0.569051,9.24,244,26,13.2336
260,0.9771,87,172,"2026-06-21_EQBNY",4.53391367428364,NA,NA,NA,NA,NA,NA,NA,NA,NA,NA,NA,NA,NA,NA,360.4,43.603792714,-80.248719193,-0.569051,9.24,244,26,13.2336
261,0.9809,87,172,"2026-06-21_EQBNY",4.52161331162959,NA,NA,NA,NA,NA,NA,NA,NA,NA,NA,NA,NA,NA,NA,360.4,43.603802185,-80.248675691,-0.0134953,9.24,244,26,13.2696
262,0.9851,87.5,172,"2026-06-21_EQBNY",4.510599909788,NA,NA,NA,NA,NA,NA,NA,NA,NA,NA,NA,NA,NA,NA,360.2,43.603805957,-80.248620454,-0.489686,9.1,241,26,13.302
263,0.9892,87.5,172,"2026-06-21_EQBNY",4.510599909788,NA,NA,NA,NA,NA,NA,NA,NA,NA,NA,NA,NA,NA,NA,360.2,43.603819787,-80.248574857,-0.489686,9.1,241,26,13.302
264,0.9935,87.5,172,"2026-06-21_EQBNY",4.48752468138575,NA,NA,NA,NA,NA,NA,NA,NA,NA,NA,NA,NA,NA,NA,360.2,43.603830181,-80.248523392,-0.489686,9.1,241,26,13.3704
265,0.9975,88,173,"2026-06-21_EQBNY",4.46588067166845,NA,NA,NA,NA,NA,NA,NA,NA,NA,NA,NA,NA,NA,NA,360,43.603840574,-80.248473352,-1.50251,9.14,240,26,13.4352
266,1.0018,88,172,"2026-06-21_EQBNY",4.44325957522438,NA,NA,NA,NA,NA,NA,NA,NA,NA,NA,NA,NA,NA,NA,360,43.603855578,-80.248429012,-1.50251,9.14,240,26,13.5036
267,1.0058,87.5,172,"2026-06-21_EQBNY",4.43262411347518,NA,NA,NA,NA,NA,NA,NA,NA,NA,NA,NA,NA,NA,NA,359.8,43.603863373,-80.248376289,-2.00251,9.14,240,26,13.536
268,1.0099,87.5,172,"2026-06-21_EQBNY",4.41033783187792,NA,NA,NA,NA,NA,NA,NA,NA,NA,NA,NA,NA,NA,NA,359.6,43.603878125,-80.248333542,-1.964,9.18,239,26,13.6044
269,1.014,87.5,172,"2026-06-21_EQBNY",4.41033783187792,NA,NA,NA,NA,NA,NA,NA,NA,NA,NA,NA,NA,NA,NA,359.6,43.603888435,-80.248282915,-1.964,9.18,239,26,13.6044
270,1.0178,86.5,172,"2026-06-21_EQBNY",4.39985920450546,NA,NA,NA,NA,NA,NA,NA,NA,NA,NA,NA,NA,NA,NA,359.2,43.603900086,-80.248238742,-3.01663,9.37,241,26,13.6368
271,1.0213,86,171,"2026-06-21_EQBNY",4.38827453045463,NA,NA,NA,NA,NA,NA,NA,NA,NA,NA,NA,NA,NA,NA,359,43.603906959,-80.248199264,-3.58806,9.57,243,26,13.6728
272,1.0255,85.5,171,"2026-06-21_EQBNY",4.38827453045463,NA,NA,NA,NA,NA,NA,NA,NA,NA,NA,NA,NA,NA,NA,358.8,43.603912072,-80.248142853,-3.58806,9.73,246,26,13.6728
273,1.0292,85,171,"2026-06-21_EQBNY",4.38827453045463,NA,NA,NA,NA,NA,NA,NA,NA,NA,NA,NA,NA,NA,NA,358.4,43.603921711,-80.248101363,-4.66914,9.73,246,26,13.6728
274,1.0334,84,171,"2026-06-21_EQBNY",4.37790035898783,NA,NA,NA,NA,NA,NA,NA,NA,NA,NA,NA,NA,NA,NA,358.2,43.603930345,-80.248050653,-5.14533,9.95,248,26,13.7052
275,1.0373,83.5,171,"2026-06-21_EQBNY",4.37790035898783,NA,NA,NA,NA,NA,NA,NA,NA,NA,NA,NA,NA,NA,NA,357.8,43.60393353,-80.247999523,-5.67097,10.13,251,26,13.7052
276,1.0412,82.5,170,"2026-06-21_EQBNY",4.3675751222921,NA,NA,NA,NA,NA,NA,NA,NA,NA,NA,NA,NA,NA,NA,357.6,43.60393814,-80.247956859,-6.18379,10.13,251,26,13.7376
277,1.0452,82.5,170,"2026-06-21_EQBNY",4.3561596096881,NA,NA,NA,NA,NA,NA,NA,NA,NA,NA,NA,NA,NA,NA,357.2,43.603936463,-80.247902796,-6.68379,10.32,254,26,13.7736
278,1.049,82.5,170,"2026-06-21_EQBNY",4.34593654932638,NA,NA,NA,NA,NA,NA,NA,NA,NA,NA,NA,NA,NA,NA,357,43.60394099,-80.247857366,-6.7223,10.17,250,26,13.806
279,1.0534,83.5,170,"2026-06-21_EQBNY",4.33576135969476,NA,NA,NA,NA,NA,NA,NA,NA,NA,NA,NA,NA,NA,NA,356.8,43.603940822,-80.247802884,-7.17684,10.17,250,26,13.8384
280,1.0569,83.5,169,"2026-06-21_EQBNY",4.33576135969476,NA,NA,NA,NA,NA,NA,NA,NA,NA,NA,NA,NA,NA,NA,356.4,43.603942247,-80.247757705,-7.26707,10.17,250,26,13.8384
281,1.0614,83.5,169,"2026-06-21_EQBNY",4.32451133021969,NA,NA,NA,NA,NA,NA,NA,NA,NA,NA,NA,NA,NA,NA,356.2,43.603942331,-80.247703306,-7.14009,10.17,250,26,13.8744
282,1.0652,84,169,"2026-06-21_EQBNY",4.31443610320131,NA,NA,NA,NA,NA,NA,NA,NA,NA,NA,NA,NA,NA,NA,356,43.603944342,-80.247655781,-7.19021,9.99,247,26,13.9068
283,1.0688,85,168,"2026-06-21_EQBNY",4.29331959471063,NA,NA,NA,NA,NA,NA,NA,NA,NA,NA,NA,NA,NA,NA,356,43.603941828,-80.24761362,-6.10913,9.86,243,26,13.9752
284,1.0725,86,167,"2026-06-21_EQBNY",4.29331959471063,NA,NA,NA,NA,NA,NA,NA,NA,NA,NA,NA,NA,NA,NA,356,43.603934368,-80.247564251,-5.63294,9.65,241,26,13.9752
285,1.0765,87,166,"2026-06-21_EQBNY",4.31443610320131,NA,NA,NA,NA,NA,NA,NA,NA,NA,NA,NA,NA,NA,NA,356.2,43.6039342,-80.24751991,-4.1073,9.45,239,26,13.9068
286,1.0801,87,165,"2026-06-21_EQBNY",4.31443610320131,NA,NA,NA,NA,NA,NA,NA,NA,NA,NA,NA,NA,NA,NA,356.4,43.603926154,-80.247470876,-3.03892,9.45,239,26,13.9068
287,1.0837,87.5,164,"2026-06-21_EQBNY",4.32451133021969,NA,NA,NA,NA,NA,NA,NA,NA,NA,NA,NA,NA,NA,NA,356.6,43.603929087,-80.24743123,-1.48337,9.26,237,26,13.8744
288,1.0877,87.5,164,"2026-06-21_EQBNY",4.32451133021969,NA,NA,NA,NA,NA,NA,NA,NA,NA,NA,NA,NA,NA,NA,357,43.603915844,-80.247378508,0.0429483,9.26,237,26,13.8744
289,1.0913,88,163,"2026-06-21_EQBNY",4.33576135969476,NA,NA,NA,NA,NA,NA,NA,NA,NA,NA,NA,NA,NA,NA,357,43.603911066,-80.247338694,0.497494,9.26,237,26,13.8384
290,1.0956,88,163,"2026-06-21_EQBNY",4.34593654932638,NA,NA,NA,NA,NA,NA,NA,NA,NA,NA,NA,NA,NA,NA,357.2,43.603897907,-80.247285888,2.10547,9.22,238,26,13.806
291,1.0986,87.5,163,"2026-06-21_EQBNY",4.33576135969476,NA,NA,NA,NA,NA,NA,NA,NA,NA,NA,NA,NA,NA,NA,357.2,43.603895308,-80.247249259,2.54991,9.26,237,26,13.8384
292,1.1027,87.5,163,"2026-06-21_EQBNY",4.34593654932638,NA,NA,NA,NA,NA,NA,NA,NA,NA,NA,NA,NA,NA,NA,357.2,43.603884579,-80.24720123,3.07623,9.22,238,26,13.806
293,1.1058,87.5,163,"2026-06-21_EQBNY",4.34593654932638,NA,NA,NA,NA,NA,NA,NA,NA,NA,NA,NA,NA,NA,NA,357.4,43.603880053,-80.24716326,3.72139,9.22,238,26,13.806
294,1.1088,87.5,162,"2026-06-21_EQBNY",4.3561596096881,NA,NA,NA,NA,NA,NA,NA,NA,NA,NA,NA,NA,NA,NA,357.6,43.603875443,-80.247126129,4.38806,9.22,238,26,13.7736
295,1.1121,87.5,162,"2026-06-21_EQBNY",4.37790035898783,NA,NA,NA,NA,NA,NA,NA,NA,NA,NA,NA,NA,NA,NA,357.8,43.603864128,-80.247085896,4.49412,9.22,238,26,13.7052
296,1.1152,87,162,"2026-06-21_EQBNY",4.6882325363338,NA,NA,NA,NA,NA,NA,NA,NA,NA,NA,NA,NA,NA,NA,358,43.603862619,-80.2470522,4.58372,9.11,247,26,12.798
297,1.1188,87,162,"2026-06-21_EQBNY",4.82811896485129,NA,NA,NA,NA,NA,NA,NA,NA,NA,NA,NA,NA,NA,NA,358.2,43.603846526,-80.24700786,4.58372,8.98,250,26,12.4272
298,1.1212,87,162,"2026-06-21_EQBNY",4.6882325363338,NA,NA,NA,NA,NA,NA,NA,NA,NA,NA,NA,NA,NA,NA,358.6,43.603842838,-80.246981289,5.25039,9.11,247,26,12.798
299,1.1243,87,162,"2026-06-21_EQBNY",4.86760124610592,NA,NA,NA,NA,NA,NA,NA,NA,NA,NA,NA,NA,NA,NA,358.8,43.603833869,-80.246943822,5.89555,8.97,250,26,12.3264
300,1.1272,86.5,162,"2026-06-21_EQBNY",4.90773458971339,NA,NA,NA,NA,NA,NA,NA,NA,NA,NA,NA,NA,NA,NA,359.2,43.603824984,-80.246908032,6.80974,8.92,251,26,12.2256
301,1.1302,85.5,162,"2026-06-21_EQBNY",5.07511165245635,NA,NA,NA,NA,NA,NA,NA,NA,NA,NA,NA,NA,NA,NA,359.4,43.603820458,-80.246876516,7.47641,9.11,259,26,11.8224
302,1.1335,85.5,161,"2026-06-21_EQBNY",5.05970451325643,NA,NA,NA,NA,NA,NA,NA,NA,NA,NA,NA,NA,NA,NA,359.4,43.603806544,-80.246834774,7.47641,9.12,259,26,11.8584
303,1.1363,85,161,"2026-06-21_EQBNY",5.05970451325643,NA,NA,NA,NA,NA,NA,NA,NA,NA,NA,NA,NA,NA,NA,359.6,43.603801515,-80.246803928,7.54553,9.12,259,26,11.8584
304,1.1401,84.5,161,"2026-06-21_EQBNY",5.05970451325643,NA,NA,NA,NA,NA,NA,NA,NA,NA,NA,NA,NA,NA,NA,359.6,43.60378408,-80.246758247,6.87887,9.31,261,26,11.8584
305,1.1433,84.5,161,"2026-06-21_EQBNY",4.84073966502082,NA,NA,NA,NA,NA,NA,NA,NA,NA,NA,NA,NA,NA,NA,359.6,43.603777375,-80.246723713,6.27281,9.48,258,26,12.3948
306,1.1473,84.5,162,"2026-06-21_EQBNY",4.93388592855733,NA,NA,NA,NA,NA,NA,NA,NA,NA,NA,NA,NA,NA,NA,359.6,43.603761114,-80.246676859,5.62765,9.42,259,26,12.1608
307,1.1504,85,162,"2026-06-21_EQBNY",4.63994060876021,NA,NA,NA,NA,NA,NA,NA,NA,NA,NA,NA,NA,NA,NA,359.6,43.603754325,-80.246640314,5.07209,9.5,251,26,12.9312
308,1.1541,86,162,"2026-06-21_EQBNY",4.88042947779405,NA,NA,NA,NA,NA,NA,NA,NA,NA,NA,NA,NA,NA,NA,359.6,43.603740243,-80.246600416,3.40542,9.11,253,26,12.294
309,1.1573,87,162,"2026-06-21_EQBNY",4.7001316036849,NA,NA,NA,NA,NA,NA,NA,NA,NA,NA,NA,NA,NA,NA,359.6,43.603728005,-80.246561524,2.76026,9.11,247,26,12.7656
310,1.1606,88,163,"2026-06-21_EQBNY",4.88042947779405,NA,NA,NA,NA,NA,NA,NA,NA,NA,NA,NA,NA,NA,NA,359.4,43.603718702,-80.246525984,0.774892,8.79,248,26,12.294
311,1.1643,88.5,163,"2026-06-21_EQBNY",4.86760124610592,NA,NA,NA,NA,NA,NA,NA,NA,NA,NA,NA,NA,NA,NA,359.4,43.603699172,-80.246485416,0.108225,8.62,246,26,12.3264
312,1.1675,88.5,163,"2026-06-21_EQBNY",4.86760124610592,NA,NA,NA,NA,NA,NA,NA,NA,NA,NA,NA,NA,NA,NA,359.2,43.603690371,-80.246450799,-0.516775,8.62,246,26,12.3264
313,1.1714,88.5,163,"2026-06-21_EQBNY",4.84073966502082,NA,NA,NA,NA,NA,NA,NA,NA,NA,NA,NA,NA,NA,NA,359.2,43.603670506,-80.246405956,-1.23106,8.62,246,26,12.3948
314,1.1745,87,163,"2026-06-21_EQBNY",4.78927203065134,NA,NA,NA,NA,NA,NA,NA,NA,NA,NA,NA,NA,NA,NA,359.2,43.603657597,-80.246374523,-1.23106,9.02,249,26,12.528
315,1.1781,87,163,"2026-06-21_EQBNY",4.81417292509147,NA,NA,NA,NA,NA,NA,NA,NA,NA,NA,NA,NA,NA,NA,359,43.6036436,-80.246333452,-1.78662,8.98,250,27,12.4632
316,1.1812,86,163,"2026-06-21_EQBNY",4.78927203065134,NA,NA,NA,NA,NA,NA,NA,NA,NA,NA,NA,NA,NA,NA,359,43.603630189,-80.246298667,-1.78662,9.2,251,27,12.528
317,1.1848,86,163,"2026-06-21_EQBNY",4.81417292509147,NA,NA,NA,NA,NA,NA,NA,NA,NA,NA,NA,NA,NA,NA,358.8,43.603616275,-80.246259272,-2.34217,9.16,252,26,12.4632
318,1.1884,86,163,"2026-06-21_EQBNY",4.82811896485129,NA,NA,NA,NA,NA,NA,NA,NA,NA,NA,NA,NA,NA,NA,358.8,43.60359993,-80.246219877,-2.34217,9.16,252,26,12.4272
319,1.192,86.5,163,"2026-06-21_EQBNY",4.82811896485129,NA,NA,NA,NA,NA,NA,NA,NA,NA,NA,NA,NA,NA,NA,359,43.603587106,-80.246181572,-1.78662,8.98,250,26,12.4272
320,1.1958,86.5,164,"2026-06-21_EQBNY",4.81417292509147,NA,NA,NA,NA,NA,NA,NA,NA,NA,NA,NA,NA,NA,NA,359,43.603565648,-80.246142596,-1.18056,8.98,250,27,12.4632
321,1.1988,86.5,163,"2026-06-21_EQBNY",4.80169019494862,NA,NA,NA,NA,NA,NA,NA,NA,NA,NA,NA,NA,NA,NA,359,43.603556176,-80.246111499,-1.18056,8.98,250,27,12.4956
322,1.2028,86.5,163,"2026-06-21_EQBNY",4.80169019494862,NA,NA,NA,NA,NA,NA,NA,NA,NA,NA,NA,NA,NA,NA,359,43.603531701,-80.246066572,-0.555556,9.02,249,27,12.4956
323,1.2062,87,163,"2026-06-21_EQBNY",4.78927203065134,NA,NA,NA,NA,NA,NA,NA,NA,NA,NA,NA,NA,NA,NA,359,43.603516614,-80.246030446,-0.555556,9.02,249,27,12.528
324,1.2106,87,163,"2026-06-21_EQBNY",4.78927203065134,NA,NA,NA,NA,NA,NA,NA,NA,NA,NA,NA,NA,NA,NA,358.8,43.60349348,-80.245986525,-1.0101,9.02,249,27,12.528
325,1.214,87,163,"2026-06-21_EQBNY",4.77554918815664,NA,NA,NA,NA,NA,NA,NA,NA,NA,NA,NA,NA,NA,NA,358.8,43.603474034,-80.245952495,-0.454545,9.02,249,27,12.564
326,1.2181,87,162,"2026-06-21_EQBNY",4.75104522995059,NA,NA,NA,NA,NA,NA,NA,NA,NA,NA,NA,NA,NA,NA,358.8,43.603454336,-80.245913938,-0.454545,9.06,248,27,12.6288
327,1.2215,86.5,162,"2026-06-21_EQBNY",4.73754026909229,NA,NA,NA,NA,NA,NA,NA,NA,NA,NA,NA,NA,NA,NA,359,43.603435645,-80.245876303,0.689245,9.06,248,27,12.6648
328,1.225,86,162,"2026-06-21_EQBNY",4.7254512805973,NA,NA,NA,NA,NA,NA,NA,NA,NA,NA,NA,NA,NA,NA,359.2,43.60342215,-80.245843111,1.26067,9.25,250,26,12.6972
329,1.2285,86,162,"2026-06-21_EQBNY",4.7254512805973,NA,NA,NA,NA,NA,NA,NA,NA,NA,NA,NA,NA,NA,NA,359.2,43.603401949,-80.245803045,0.705118,9.25,250,27,12.6972
330,1.2321,86.5,162,"2026-06-21_EQBNY",4.7254512805973,NA,NA,NA,NA,NA,NA,NA,NA,NA,NA,NA,NA,NA,NA,359.2,43.603385772,-80.245766752,0.705118,9.07,248,27,12.6972
331,1.2362,87,162,"2026-06-21_EQBNY",4.7254512805973,NA,NA,NA,NA,NA,NA,NA,NA,NA,NA,NA,NA,NA,NA,359,43.603360543,-80.24572501,0.217314,9.07,248,27,12.6972
332,1.2397,87.5,162,"2026-06-21_EQBNY",4.7254512805973,NA,NA,NA,NA,NA,NA,NA,NA,NA,NA,NA,NA,NA,NA,359,43.603348221,-80.245690309,0.217314,9.07,248,27,12.6972
333,1.2438,87.5,162,"2026-06-21_EQBNY",4.6882325363338,NA,NA,NA,NA,NA,NA,NA,NA,NA,NA,NA,NA,NA,NA,359,43.603321399,-80.245646974,0.217314,9.11,247,27,12.798
334,1.2476,87.5,162,"2026-06-21_EQBNY",4.6882325363338,NA,NA,NA,NA,NA,NA,NA,NA,NA,NA,NA,NA,NA,NA,359,43.603307988,-80.245609842,0.671859,9.11,247,27,12.798
335,1.2519,87.5,162,"2026-06-21_EQBNY",4.67639356528245,NA,NA,NA,NA,NA,NA,NA,NA,NA,NA,NA,NA,NA,NA,359,43.60328234,-80.245564161,0.671859,8.93,245,27,12.8304
336,1.2556,87.5,162,"2026-06-21_EQBNY",4.6633090841261,NA,NA,NA,NA,NA,NA,NA,NA,NA,NA,NA,NA,NA,NA,359,43.603266666,-80.245529376,0.671859,8.93,245,27,12.8664
337,1.2598,88,162,"2026-06-21_EQBNY",4.63994060876021,NA,NA,NA,NA,NA,NA,NA,NA,NA,NA,NA,NA,NA,NA,359,43.60323867,-80.24548864,0.0836237,8.97,244,27,12.9312
338,1.2633,88.5,162,"2026-06-21_EQBNY",4.62705904127337,NA,NA,NA,NA,NA,NA,NA,NA,NA,NA,NA,NA,NA,NA,359.2,43.603224253,-80.245453855,0.0836237,8.8,242,27,12.9672
339,1.2674,88.5,162,"2026-06-21_EQBNY",4.60405156537753,NA,NA,NA,NA,NA,NA,NA,NA,NA,NA,NA,NA,NA,NA,359.2,43.603201203,-80.24540985,0.0836237,8.83,241,27,13.032
340,1.2711,88.5,162,"2026-06-21_EQBNY",4.59136822773186,NA,NA,NA,NA,NA,NA,NA,NA,NA,NA,NA,NA,NA,NA,359.2,43.603185361,-80.245372299,0.0836237,8.84,241,27,13.068
341,1.2751,88.5,162,"2026-06-21_EQBNY",4.58001282403591,NA,NA,NA,NA,NA,NA,NA,NA,NA,NA,NA,NA,NA,NA,359.2,43.603163317,-80.24533215,0.571429,8.84,241,27,13.1004
342,1.2786,88.5,163,"2026-06-21_EQBNY",4.58001282403591,NA,NA,NA,NA,NA,NA,NA,NA,NA,NA,NA,NA,NA,NA,359.2,43.603143368,-80.245295102,0.571429,8.84,241,27,13.1004
343,1.2828,88,163,"2026-06-21_EQBNY",4.5687134502924,NA,NA,NA,NA,NA,NA,NA,NA,NA,NA,NA,NA,NA,NA,359.2,43.603123,-80.24525621,0.571429,9.05,242,27,13.1328
344,1.2864,87.5,163,"2026-06-21_EQBNY",4.5687134502924,NA,NA,NA,NA,NA,NA,NA,NA,NA,NA,NA,NA,NA,NA,359.2,43.603104057,-80.245216312,0.571429,9.05,242,27,13.1328
345,1.2901,87.5,163,"2026-06-21_EQBNY",4.54504135987638,NA,NA,NA,NA,NA,NA,NA,NA,NA,NA,NA,NA,NA,NA,359.4,43.603090394,-80.245178426,1.11197,9.06,242,27,13.2012
346,1.2938,88,163,"2026-06-21_EQBNY",4.54504135987638,NA,NA,NA,NA,NA,NA,NA,NA,NA,NA,NA,NA,NA,NA,359.4,43.603073379,-80.24513308,1.11197,9.06,242,27,13.2012
347,1.2978,88,163,"2026-06-21_EQBNY",4.54504135987638,NA,NA,NA,NA,NA,NA,NA,NA,NA,NA,NA,NA,NA,NA,359.4,43.603058208,-80.24509511,1.11197,9.06,242,27,13.2012
348,1.3018,87.5,164,"2026-06-21_EQBNY",4.54504135987638,NA,NA,NA,NA,NA,NA,NA,NA,NA,NA,NA,NA,NA,NA,359.6,43.6030339,-80.245049847,1.04054,9.06,242,27,13.2012
349,1.3059,87.5,163,"2026-06-21_EQBNY",4.53391367428364,NA,NA,NA,NA,NA,NA,NA,NA,NA,NA,NA,NA,NA,NA,359.6,43.60301437,-80.24501414,1.04054,9.06,242,27,13.2336
350,1.3099,88,163,"2026-06-21_EQBNY",4.52161331162959,NA,NA,NA,NA,NA,NA,NA,NA,NA,NA,NA,NA,NA,NA,359.4,43.60299308,-80.244970974,0.540541,9.06,242,27,13.2696
351,1.3135,88,164,"2026-06-21_EQBNY",4.510599909788,NA,NA,NA,NA,NA,NA,NA,NA,NA,NA,NA,NA,NA,NA,359.4,43.602976149,-80.244938284,0.540541,9.1,241,27,13.302
352,1.3175,87.5,163,"2026-06-21_EQBNY",4.4996400287977,NA,NA,NA,NA,NA,NA,NA,NA,NA,NA,NA,NA,NA,NA,359.2,43.602950668,-80.244896542,0.0405405,9.1,241,27,13.3344
353,1.3213,87.5,163,"2026-06-21_EQBNY",4.4996400287977,NA,NA,NA,NA,NA,NA,NA,NA,NA,NA,NA,NA,NA,NA,359.2,43.602928456,-80.244864691,0.0405405,9.1,241,27,13.3344
354,1.3251,88,164,"2026-06-21_EQBNY",4.48752468138575,NA,NA,NA,NA,NA,NA,NA,NA,NA,NA,NA,NA,NA,NA,359,43.602905154,-80.244825715,-0.485775,9.1,241,27,13.3704
355,1.3286,88,163,"2026-06-21_EQBNY",4.48752468138575,NA,NA,NA,NA,NA,NA,NA,NA,NA,NA,NA,NA,NA,NA,358.8,43.602887468,-80.244791014,-1.59774,9.1,241,27,13.3704
356,1.333,87.5,163,"2026-06-21_EQBNY",4.48752468138575,NA,NA,NA,NA,NA,NA,NA,NA,NA,NA,NA,NA,NA,NA,358.6,43.602863664,-80.244746003,-2.05229,9.1,241,27,13.3704
357,1.3369,87.5,163,"2026-06-21_EQBNY",4.476676515355,NA,NA,NA,NA,NA,NA,NA,NA,NA,NA,NA,NA,NA,NA,358.4,43.602840027,-80.244707028,-2.56511,9.1,241,27,13.4028
358,1.3413,88,164,"2026-06-21_EQBNY",4.45394619632995,NA,NA,NA,NA,NA,NA,NA,NA,NA,NA,NA,NA,NA,NA,358.2,43.602817396,-80.244668974,-3.51966,9.14,240,27,13.4712
359,1.3449,88.5,163,"2026-06-21_EQBNY",4.45394619632995,NA,NA,NA,NA,NA,NA,NA,NA,NA,NA,NA,NA,NA,NA,358,43.602794681,-80.244631255,-4.07521,8.96,238,27,13.4712
360,1.3491,89,163,"2026-06-21_EQBNY",4.43262411347518,NA,NA,NA,NA,NA,NA,NA,NA,NA,NA,NA,NA,NA,NA,358,43.602772971,-80.244593453,-3.57521,9,237,27,13.536
361,1.353,89.5,163,"2026-06-21_EQBNY",4.43262411347518,NA,NA,NA,NA,NA,NA,NA,NA,NA,NA,NA,NA,NA,NA,358,43.602749418,-80.244554728,-3.57521,8.82,235,27,13.536
362,1.3572,89.5,163,"2026-06-21_EQBNY",4.42086648983201,NA,NA,NA,NA,NA,NA,NA,NA,NA,NA,NA,NA,NA,NA,357.8,43.602727709,-80.24451525,-3.5514,8.82,235,27,13.572
363,1.3608,89,163,"2026-06-21_EQBNY",4.41033783187792,NA,NA,NA,NA,NA,NA,NA,NA,NA,NA,NA,NA,NA,NA,357.8,43.602707676,-80.244475771,-3.5514,9,237,27,13.6044
364,1.3648,89,163,"2026-06-21_EQBNY",4.38827453045463,NA,NA,NA,NA,NA,NA,NA,NA,NA,NA,NA,NA,NA,NA,357.8,43.602690913,-80.244437466,-3.02509,9.04,236,27,13.6728
365,1.3683,89,163,"2026-06-21_EQBNY",4.38827453045463,NA,NA,NA,NA,NA,NA,NA,NA,NA,NA,NA,NA,NA,NA,357.8,43.602668617,-80.244398993,-2.45366,9.04,236,27,13.6728
366,1.3722,89.5,162,"2026-06-21_EQBNY",4.38827453045463,NA,NA,NA,NA,NA,NA,NA,NA,NA,NA,NA,NA,NA,NA,357.6,43.602651853,-80.244361777,-2.51193,8.86,234,27,13.6728
367,1.3764,89.5,162,"2026-06-21_EQBNY",4.37790035898783,NA,NA,NA,NA,NA,NA,NA,NA,NA,NA,NA,NA,NA,NA,357.4,43.602629641,-80.244318945,-2.4753,8.86,234,27,13.7052
368,1.3797,89,162,"2026-06-21_EQBNY",4.37790035898783,NA,NA,NA,NA,NA,NA,NA,NA,NA,NA,NA,NA,NA,NA,357.4,43.602616817,-80.244284496,-2.02076,9.04,236,27,13.7052
369,1.3835,88.5,163,"2026-06-21_EQBNY",4.37790035898783,NA,NA,NA,NA,NA,NA,NA,NA,NA,NA,NA,NA,NA,NA,357.4,43.602591922,-80.244247783,-1.4652,9.04,236,27,13.7052
370,1.3868,88,162,"2026-06-21_EQBNY",4.37790035898783,NA,NA,NA,NA,NA,NA,NA,NA,NA,NA,NA,NA,NA,NA,357.4,43.602574907,-80.244216016,-1.4652,9.22,238,27,13.7052
371,1.3905,88,162,"2026-06-21_EQBNY",4.37790035898783,NA,NA,NA,NA,NA,NA,NA,NA,NA,NA,NA,NA,NA,NA,357.4,43.602549342,-80.244180057,-1.4652,9.22,238,27,13.7052
372,1.394,88,162,"2026-06-21_EQBNY",4.38827453045463,NA,NA,NA,NA,NA,NA,NA,NA,NA,NA,NA,NA,NA,NA,357.4,43.602530818,-80.244146949,-0.989011,9.18,239,27,13.6728
373,1.3984,87.5,162,"2026-06-21_EQBNY",4.38827453045463,NA,NA,NA,NA,NA,NA,NA,NA,NA,NA,NA,NA,NA,NA,357.4,43.602505002,-80.244104369,-0.989011,9.18,239,27,13.6728
374,1.402,87.5,162,"2026-06-21_EQBNY",4.38827453045463,NA,NA,NA,NA,NA,NA,NA,NA,NA,NA,NA,NA,NA,NA,357.4,43.602478934,-80.244072266,-0.989011,9.18,239,27,13.6728
375,1.4067,88,162,"2026-06-21_EQBNY",4.37790035898783,NA,NA,NA,NA,NA,NA,NA,NA,NA,NA,NA,NA,NA,NA,357.2,43.602452112,-80.244033793,-1.41454,9.22,238,27,13.7052
376,1.4109,88,162,"2026-06-21_EQBNY",4.37790035898783,NA,NA,NA,NA,NA,NA,NA,NA,NA,NA,NA,NA,NA,NA,357.2,43.602427553,-80.243994147,-0.901722,9.22,238,27,13.7052
377,1.4148,87,161,"2026-06-21_EQBNY",4.3561596096881,NA,NA,NA,NA,NA,NA,NA,NA,NA,NA,NA,NA,NA,NA,357.2,43.602407018,-80.243959781,-0.425532,9.41,240,27,13.7736
378,1.4189,87,162,"2026-06-21_EQBNY",4.34593654932638,NA,NA,NA,NA,NA,NA,NA,NA,NA,NA,NA,NA,NA,NA,357,43.602378603,-80.243922398,-0.913337,9.41,240,27,13.806
379,1.4226,87,162,"2026-06-21_EQBNY",4.34593654932638,NA,NA,NA,NA,NA,NA,NA,NA,NA,NA,NA,NA,NA,NA,357,43.602358402,-80.243893899,-0.913337,9.41,240,27,13.806
380,1.4269,87,162,"2026-06-21_EQBNY",4.33576135969476,NA,NA,NA,NA,NA,NA,NA,NA,NA,NA,NA,NA,NA,NA,356.8,43.602330155,-80.243854839,-1.37845,9.41,240,27,13.8384
381,1.43,87.5,161,"2026-06-21_EQBNY",4.33576135969476,NA,NA,NA,NA,NA,NA,NA,NA,NA,NA,NA,NA,NA,NA,356.8,43.602311045,-80.243830197,-1.37845,9.26,237,27,13.8384
382,1.4336,87.5,162,"2026-06-21_EQBNY",4.33576135969476,NA,NA,NA,NA,NA,NA,NA,NA,NA,NA,NA,NA,NA,NA,356.8,43.602281792,-80.243802536,-1.37845,9.26,237,27,13.8384
383,1.437,88,162,"2026-06-21_EQBNY",4.33576135969476,NA,NA,NA,NA,NA,NA,NA,NA,NA,NA,NA,NA,NA,NA,356.6,43.602259328,-80.243777055,-1.96669,9.26,237,27,13.8384
384,1.441,88,161,"2026-06-21_EQBNY",4.33576135969476,NA,NA,NA,NA,NA,NA,NA,NA,NA,NA,NA,NA,NA,NA,356.6,43.602228986,-80.243749227,-1.96669,9.26,237,27,13.8384
385,1.4441,87.5,162,"2026-06-21_EQBNY",4.33576135969476,NA,NA,NA,NA,NA,NA,NA,NA,NA,NA,NA,NA,NA,NA,356.4,43.602206103,-80.24372207,-2.18632,9.26,237,27,13.8384
386,1.4481,87.5,162,"2026-06-21_EQBNY",4.34593654932638,NA,NA,NA,NA,NA,NA,NA,NA,NA,NA,NA,NA,NA,NA,356.4,43.602178694,-80.243695332,-2.18632,9.22,238,27,13.806
387,1.4512,88,162,"2026-06-21_EQBNY",4.3561596096881,NA,NA,NA,NA,NA,NA,NA,NA,NA,NA,NA,NA,NA,NA,356.4,43.602153381,-80.243672617,-2.18632,9.22,238,27,13.7736
388,1.4547,88,161,"2026-06-21_EQBNY",4.3561596096881,NA,NA,NA,NA,NA,NA,NA,NA,NA,NA,NA,NA,NA,NA,356.2,43.602124966,-80.243649734,-2.26994,9.22,238,27,13.7736
389,1.4582,87.5,162,"2026-06-21_EQBNY",4.3675751222921,NA,NA,NA,NA,NA,NA,NA,NA,NA,NA,NA,NA,NA,NA,356.2,43.60209169,-80.243635904,-2.26994,9.22,238,27,13.7376
390,1.4616,87.5,162,"2026-06-21_EQBNY",4.37790035898783,NA,NA,NA,NA,NA,NA,NA,NA,NA,NA,NA,NA,NA,NA,356.2,43.60206579,-80.243620984,-1.80483,9.22,238,27,13.7052
391,1.4653,88,162,"2026-06-21_EQBNY",4.38827453045463,NA,NA,NA,NA,NA,NA,NA,NA,NA,NA,NA,NA,NA,NA,356.2,43.602028742,-80.24360246,-1.80483,9.18,239,27,13.6728
392,1.4693,88,161,"2026-06-21_EQBNY",4.38827453045463,NA,NA,NA,NA,NA,NA,NA,NA,NA,NA,NA,NA,NA,NA,356.2,43.602000747,-80.243579745,-1.80483,9.18,239,27,13.6728
393,1.4734,88,162,"2026-06-21_EQBNY",4.39985920450546,NA,NA,NA,NA,NA,NA,NA,NA,NA,NA,NA,NA,NA,NA,356.2,43.601961519,-80.243561138,-1.21659,9.18,239,27,13.6368
394,1.4777,88.5,162,"2026-06-21_EQBNY",4.38827453045463,NA,NA,NA,NA,NA,NA,NA,NA,NA,NA,NA,NA,NA,NA,356.2,43.601932015,-80.243543619,-1.21659,9.04,236,27,13.6728
395,1.482,88.5,162,"2026-06-21_EQBNY",4.38827453045463,NA,NA,NA,NA,NA,NA,NA,NA,NA,NA,NA,NA,NA,NA,356.4,43.601894129,-80.243525682,-0.106312,9.04,236,27,13.6728
396,1.4856,88.5,162,"2026-06-21_EQBNY",4.3675751222921,NA,NA,NA,NA,NA,NA,NA,NA,NA,NA,NA,NA,NA,NA,356.6,43.601867894,-80.243512355,0.449243,9.04,236,27,13.7376
397,1.489,88.5,162,"2026-06-21_EQBNY",4.3561596096881,NA,NA,NA,NA,NA,NA,NA,NA,NA,NA,NA,NA,NA,NA,356.8,43.601834282,-80.243496345,1.03748,9.04,236,27,13.7736
398,1.4924,88,162,"2026-06-21_EQBNY",4.3561596096881,NA,NA,NA,NA,NA,NA,NA,NA,NA,NA,NA,NA,NA,NA,357,43.60180855,-80.243480252,2.19714,9.22,238,27,13.7736
399,1.4963,88,162,"2026-06-21_EQBNY",4.3675751222921,NA,NA,NA,NA,NA,NA,NA,NA,NA,NA,NA,NA,NA,NA,357.2,43.601774184,-80.243463153,2.70996,9.22,238,27,13.7376
400,1.5004,88,163,"2026-06-21_EQBNY",4.37790035898783,NA,NA,NA,NA,NA,NA,NA,NA,NA,NA,NA,NA,NA,NA,357.4,43.601742584,-80.243445383,3.19777,9.22,238,27,13.7052
401,1.5041,87.5,163,"2026-06-21_EQBNY",4.37790035898783,NA,NA,NA,NA,NA,NA,NA,NA,NA,NA,NA,NA,NA,NA,357.4,43.601708554,-80.243427111,3.19777,9.22,238,27,13.7052
402,1.508,87.5,163,"2026-06-21_EQBNY",4.3675751222921,NA,NA,NA,NA,NA,NA,NA,NA,NA,NA,NA,NA,NA,NA,357.6,43.601677541,-80.24341085,3.71059,9.22,238,27,13.7376
403,1.5121,88,163,"2026-06-21_EQBNY",4.3675751222921,NA,NA,NA,NA,NA,NA,NA,NA,NA,NA,NA,NA,NA,NA,357.6,43.601641917,-80.243396266,3.71059,9.22,238,27,13.7376
404,1.5159,88,163,"2026-06-21_EQBNY",4.3561596096881,NA,NA,NA,NA,NA,NA,NA,NA,NA,NA,NA,NA,NA,NA,357.8,43.601609144,-80.243378077,4.2369,9.22,238,27,13.7736
405,1.5201,87.5,163,"2026-06-21_EQBNY",4.3561596096881,NA,NA,NA,NA,NA,NA,NA,NA,NA,NA,NA,NA,NA,NA,357.8,43.60157394,-80.243359972,3.77179,9.22,238,27,13.7736
406,1.5241,87.5,163,"2026-06-21_EQBNY",4.3561596096881,NA,NA,NA,NA,NA,NA,NA,NA,NA,NA,NA,NA,NA,NA,357.8,43.601538401,-80.243343292,3.21623,9.22,238,27,13.7736
407,1.5277,89,163,"2026-06-21_EQBNY",4.33576135969476,NA,NA,NA,NA,NA,NA,NA,NA,NA,NA,NA,NA,NA,NA,357.8,43.601512166,-80.243321834,2.628,9.08,235,27,13.8384
408,1.5317,89,163,"2026-06-21_EQBNY",4.33576135969476,NA,NA,NA,NA,NA,NA,NA,NA,NA,NA,NA,NA,NA,NA,358,43.601475872,-80.243302891,2.53976,9.08,235,27,13.8384
409,1.5356,88.5,164,"2026-06-21_EQBNY",4.33576135969476,NA,NA,NA,NA,NA,NA,NA,NA,NA,NA,NA,NA,NA,NA,358,43.601449469,-80.243284786,2.02694,9.08,235,27,13.8384
410,1.5397,88.5,164,"2026-06-21_EQBNY",4.33576135969476,NA,NA,NA,NA,NA,NA,NA,NA,NA,NA,NA,NA,NA,NA,358.2,43.601411331,-80.243275901,2.02694,9.08,235,27,13.8384
411,1.543,89,164,"2026-06-21_EQBNY",4.32451133021969,NA,NA,NA,NA,NA,NA,NA,NA,NA,NA,NA,NA,NA,NA,358.2,43.601384844,-80.243261065,2.02694,9.08,235,27,13.8744
412,1.5465,89,164,"2026-06-21_EQBNY",4.32451133021969,NA,NA,NA,NA,NA,NA,NA,NA,NA,NA,NA,NA,NA,NA,358.2,43.60135425,-80.243240362,1.51412,9.08,235,27,13.8744
413,1.5502,87.5,164,"2026-06-21_EQBNY",4.33576135969476,NA,NA,NA,NA,NA,NA,NA,NA,NA,NA,NA,NA,NA,NA,358,43.601322902,-80.243221335,0.97358,9.26,237,27,13.8384
414,1.5542,87.5,165,"2026-06-21_EQBNY",4.34593654932638,NA,NA,NA,NA,NA,NA,NA,NA,NA,NA,NA,NA,NA,NA,358,43.601295242,-80.243194513,0.447264,9.22,238,27,13.806
415,1.558,87.5,165,"2026-06-21_EQBNY",4.34593654932638,NA,NA,NA,NA,NA,NA,NA,NA,NA,NA,NA,NA,NA,NA,357.8,43.60126448,-80.243172217,-0.0790515,9.22,238,27,13.806
416,1.5615,86,165,"2026-06-21_EQBNY",4.34593654932638,NA,NA,NA,NA,NA,NA,NA,NA,NA,NA,NA,NA,NA,NA,357.8,43.60124034,-80.243144306,-0.0790515,9.61,242,27,13.806
417,1.5658,86,165,"2026-06-21_EQBNY",4.34593654932638,NA,NA,NA,NA,NA,NA,NA,NA,NA,NA,NA,NA,NA,NA,357.8,43.601204131,-80.243110694,-0.0790515,9.61,242,27,13.806
418,1.5695,85,165,"2026-06-21_EQBNY",4.34593654932638,NA,NA,NA,NA,NA,NA,NA,NA,NA,NA,NA,NA,NA,NA,357.8,43.601184098,-80.243079262,-0.579051,9.78,245,27,13.806
419,1.5741,85,166,"2026-06-21_EQBNY",4.32451133021969,NA,NA,NA,NA,NA,NA,NA,NA,NA,NA,NA,NA,NA,NA,357.8,43.601156018,-80.243037772,-0.579051,9.82,244,27,13.8744
420,1.5778,85.5,167,"2026-06-21_EQBNY",4.31443610320131,NA,NA,NA,NA,NA,NA,NA,NA,NA,NA,NA,NA,NA,NA,357.8,43.601138919,-80.242999299,-1.06686,9.82,244,27,13.9068
421,1.582,85.5,170,"2026-06-21_EQBNY",4.29331959471063,NA,NA,NA,NA,NA,NA,NA,NA,NA,NA,NA,NA,NA,NA,357.8,43.601121569,-80.242953953,-1.06686,9.86,243,27,13.9752
422,1.5857,85.5,173,"2026-06-21_EQBNY",4.28338901739056,NA,NA,NA,NA,NA,NA,NA,NA,NA,NA,NA,NA,NA,NA,357.8,43.601108745,-80.242911792,-1.06686,9.65,241,27,14.0076
423,1.5893,86,175,"2026-06-21_EQBNY",4.29331959471063,NA,NA,NA,NA,NA,NA,NA,NA,NA,NA,NA,NA,NA,NA,358,43.60109877,-80.2428729,0.0292398,9.65,241,27,13.9752
424,1.5929,87,175,"2026-06-21_EQBNY",4.29331959471063,NA,NA,NA,NA,NA,NA,NA,NA,NA,NA,NA,NA,NA,NA,357.8,43.601080749,-80.242830739,-0.526316,9.45,239,27,13.9752
425,1.5962,87,175,"2026-06-21_EQBNY",4.30440771349862,NA,NA,NA,NA,NA,NA,NA,NA,NA,NA,NA,NA,NA,NA,357.8,43.601070775,-80.242796205,0,9.45,239,27,13.9392
426,1.6002,87,175,"2026-06-21_EQBNY",4.31443610320131,NA,NA,NA,NA,NA,NA,NA,NA,NA,NA,NA,NA,NA,NA,357.8,43.601049568,-80.242751194,0,9.45,239,27,13.9068
427,1.6035,87,176,"2026-06-21_EQBNY",4.32451133021969,NA,NA,NA,NA,NA,NA,NA,NA,NA,NA,NA,NA,NA,NA,357.8,43.601040851,-80.242716661,0,9.45,239,27,13.8744
428,1.6074,87.5,175,"2026-06-21_EQBNY",4.33576135969476,NA,NA,NA,NA,NA,NA,NA,NA,NA,NA,NA,NA,NA,NA,357.8,43.601021489,-80.242670393,0,9.26,237,27,13.8384
429,1.6109,87.5,175,"2026-06-21_EQBNY",4.34593654932638,NA,NA,NA,NA,NA,NA,NA,NA,NA,NA,NA,NA,NA,NA,357.8,43.601012604,-80.242632423,0,9.22,238,27,13.806
430,1.6151,87.5,175,"2026-06-21_EQBNY",4.34593654932638,NA,NA,NA,NA,NA,NA,NA,NA,NA,NA,NA,NA,NA,NA,357.8,43.600995086,-80.24258188,0,9.22,238,27,13.806
431,1.6183,87.5,176,"2026-06-21_EQBNY",4.34593654932638,NA,NA,NA,NA,NA,NA,NA,NA,NA,NA,NA,NA,NA,NA,357.8,43.600987458,-80.242548352,0,9.22,238,27,13.806
432,1.622,88,175,"2026-06-21_EQBNY",4.3561596096881,NA,NA,NA,NA,NA,NA,NA,NA,NA,NA,NA,NA,NA,NA,357.8,43.600975724,-80.242504515,0,9.22,238,27,13.7736
433,1.6251,88,175,"2026-06-21_EQBNY",4.3675751222921,NA,NA,NA,NA,NA,NA,NA,NA,NA,NA,NA,NA,NA,NA,357.8,43.600964157,-80.242465036,-0.555556,9.22,238,27,13.7376
434,1.6289,87.5,175,"2026-06-21_EQBNY",4.3675751222921,NA,NA,NA,NA,NA,NA,NA,NA,NA,NA,NA,NA,NA,NA,357.8,43.600953931,-80.242423043,0,9.22,238,27,13.7376
435,1.6324,87.5,175,"2026-06-21_EQBNY",4.39985920450546,NA,NA,NA,NA,NA,NA,NA,NA,NA,NA,NA,NA,NA,NA,357.8,43.600941023,-80.242380379,0,9.18,239,27,13.6368
436,1.6364,87.5,174,"2026-06-21_EQBNY",4.39985920450546,NA,NA,NA,NA,NA,NA,NA,NA,NA,NA,NA,NA,NA,NA,357.8,43.600929539,-80.242336961,0,9.18,239,27,13.6368
437,1.6397,87.5,174,"2026-06-21_EQBNY",4.39985920450546,NA,NA,NA,NA,NA,NA,NA,NA,NA,NA,NA,NA,NA,NA,357.6,43.600916045,-80.2422948,-0.606061,9.18,239,27,13.6368
438,1.6435,87.5,174,"2026-06-21_EQBNY",4.41033783187792,NA,NA,NA,NA,NA,NA,NA,NA,NA,NA,NA,NA,NA,NA,357.4,43.600907411,-80.242252806,-1.13238,9.18,239,27,13.6044
439,1.6471,88,173,"2026-06-21_EQBNY",4.41033783187792,NA,NA,NA,NA,NA,NA,NA,NA,NA,NA,NA,NA,NA,NA,357.4,43.600890228,-80.242207209,-1.13238,9.18,239,27,13.6044
440,1.6507,88,173,"2026-06-21_EQBNY",4.41033783187792,NA,NA,NA,NA,NA,NA,NA,NA,NA,NA,NA,NA,NA,NA,357.4,43.600883271,-80.242167059,-1.13238,9.18,239,27,13.6044
441,1.6548,88,173,"2026-06-21_EQBNY",4.42086648983201,NA,NA,NA,NA,NA,NA,NA,NA,NA,NA,NA,NA,NA,NA,357.4,43.60087271,-80.242115092,-1.13238,9.18,239,27,13.572
442,1.659,87.5,173,"2026-06-21_EQBNY",4.42086648983201,NA,NA,NA,NA,NA,NA,NA,NA,NA,NA,NA,NA,NA,NA,357.4,43.600872626,-80.242068153,-1.13238,9.18,239,27,13.572
443,1.6631,87.5,173,"2026-06-21_EQBNY",4.42086648983201,NA,NA,NA,NA,NA,NA,NA,NA,NA,NA,NA,NA,NA,NA,357.4,43.600875392,-80.242015766,-1.13238,9.18,239,27,13.572
444,1.6665,88,172,"2026-06-21_EQBNY",4.41033783187792,NA,NA,NA,NA,NA,NA,NA,NA,NA,NA,NA,NA,NA,NA,357.4,43.600879751,-80.24197503,-1.13238,9.18,239,27,13.6044
445,1.6708,88,172,"2026-06-21_EQBNY",4.41033783187792,NA,NA,NA,NA,NA,NA,NA,NA,NA,NA,NA,NA,NA,NA,357.4,43.600880924,-80.241918704,-1.13238,9.18,239,27,13.6044
446,1.6749,87.5,172,"2026-06-21_EQBNY",4.39985920450546,NA,NA,NA,NA,NA,NA,NA,NA,NA,NA,NA,NA,NA,NA,357.4,43.600884864,-80.241869502,-1.13238,9.18,239,27,13.6368
447,1.6792,87.5,172,"2026-06-21_EQBNY",4.38827453045463,NA,NA,NA,NA,NA,NA,NA,NA,NA,NA,NA,NA,NA,NA,357.4,43.600895341,-80.241817199,-0.526316,9.18,239,27,13.6728
448,1.6829,89,172,"2026-06-21_EQBNY",4.37790035898783,NA,NA,NA,NA,NA,NA,NA,NA,NA,NA,NA,NA,NA,NA,357.6,43.600902131,-80.241774032,0.540541,9.04,236,27,13.7052
449,1.6866,89,172,"2026-06-21_EQBNY",4.3675751222921,NA,NA,NA,NA,NA,NA,NA,NA,NA,NA,NA,NA,NA,NA,357.6,43.600913195,-80.241731033,0.540541,9.04,236,27,13.7376
450,1.6899,88.5,172,"2026-06-21_EQBNY",4.3675751222921,NA,NA,NA,NA,NA,NA,NA,NA,NA,NA,NA,NA,NA,NA,357.6,43.600923337,-80.241688788,0.540541,9.04,236,27,13.7376
451,1.6941,88,172,"2026-06-21_EQBNY",4.3675751222921,NA,NA,NA,NA,NA,NA,NA,NA,NA,NA,NA,NA,NA,NA,357.8,43.600940771,-80.241645705,1.01673,9.22,238,27,13.7376
452,1.6977,88,172,"2026-06-21_EQBNY",4.3675751222921,NA,NA,NA,NA,NA,NA,NA,NA,NA,NA,NA,NA,NA,NA,357.8,43.600956194,-80.241602287,1.01673,9.22,238,27,13.7376
453,1.7013,88,172,"2026-06-21_EQBNY",4.3675751222921,NA,NA,NA,NA,NA,NA,NA,NA,NA,NA,NA,NA,NA,NA,357.8,43.600973964,-80.241569262,1.01673,9.22,238,27,13.7376
454,1.7052,87.5,172,"2026-06-21_EQBNY",4.3675751222921,NA,NA,NA,NA,NA,NA,NA,NA,NA,NA,NA,NA,NA,NA,358,43.601002462,-80.24153146,1.52955,9.22,238,27,13.7376
455,1.7092,87.5,172,"2026-06-21_EQBNY",4.3675751222921,NA,NA,NA,NA,NA,NA,NA,NA,NA,NA,NA,NA,NA,NA,358,43.60102459,-80.241497681,1.52955,9.22,238,27,13.7376
456,1.7138,88,172,"2026-06-21_EQBNY",4.3675751222921,NA,NA,NA,NA,NA,NA,NA,NA,NA,NA,NA,NA,NA,NA,358,43.601049484,-80.241450574,1.52955,9.22,238,27,13.7376
457,1.7179,88,172,"2026-06-21_EQBNY",4.3675751222921,NA,NA,NA,NA,NA,NA,NA,NA,NA,NA,NA,NA,NA,NA,358,43.601072367,-80.241414365,1.52955,9.22,238,27,13.7376
458,1.7218,87,172,"2026-06-21_EQBNY",4.34593654932638,NA,NA,NA,NA,NA,NA,NA,NA,NA,NA,NA,NA,NA,NA,358,43.601096004,-80.241375053,0.989011,9.41,240,27,13.806
459,1.7256,87,173,"2026-06-21_EQBNY",4.33576135969476,NA,NA,NA,NA,NA,NA,NA,NA,NA,NA,NA,NA,NA,NA,358,43.601120228,-80.241343454,0.989011,9.41,240,27,13.8384
460,1.7299,87,172,"2026-06-21_EQBNY",4.33576135969476,NA,NA,NA,NA,NA,NA,NA,NA,NA,NA,NA,NA,NA,NA,357.8,43.601145793,-80.241305232,0.523895,9.41,240,27,13.8384
461,1.7337,87.5,172,"2026-06-21_EQBNY",4.33576135969476,NA,NA,NA,NA,NA,NA,NA,NA,NA,NA,NA,NA,NA,NA,357.8,43.601172447,-80.241271705,0.0477042,9.26,237,27,13.8384
462,1.7378,87.5,173,"2026-06-21_EQBNY",4.32451133021969,NA,NA,NA,NA,NA,NA,NA,NA,NA,NA,NA,NA,NA,NA,357.6,43.601198766,-80.241238931,-0.440101,9.26,237,27,13.8744
463,1.7416,87.5,172,"2026-06-21_EQBNY",4.32451133021969,NA,NA,NA,NA,NA,NA,NA,NA,NA,NA,NA,NA,NA,NA,357.6,43.601224415,-80.24120356,-0.440101,9.26,237,27,13.8744
464,1.7453,87.5,172,"2026-06-21_EQBNY",4.31443610320131,NA,NA,NA,NA,NA,NA,NA,NA,NA,NA,NA,NA,NA,NA,357.4,43.6012478,-80.241176151,-1.49346,9.45,239,27,13.9068
465,1.7493,87.5,172,"2026-06-21_EQBNY",4.31443610320131,NA,NA,NA,NA,NA,NA,NA,NA,NA,NA,NA,NA,NA,NA,357.4,43.601272024,-80.241134158,-1.49346,9.45,239,27,13.9068
466,1.7535,89,173,"2026-06-21_EQBNY",4.31443610320131,NA,NA,NA,NA,NA,NA,NA,NA,NA,NA,NA,NA,NA,NA,357.4,43.601298008,-80.241106246,-1.49346,9.08,235,27,13.9068
467,1.7574,89,172,"2026-06-21_EQBNY",4.30440771349862,NA,NA,NA,NA,NA,NA,NA,NA,NA,NA,NA,NA,NA,NA,357.2,43.60132659,-80.241068695,-2.00628,9.11,234,27,13.9392
468,1.7614,88,172,"2026-06-21_EQBNY",4.29331959471063,NA,NA,NA,NA,NA,NA,NA,NA,NA,NA,NA,NA,NA,NA,357.2,43.601351736,-80.241043046,-2.00628,9.3,236,27,13.9752
469,1.7655,88,172,"2026-06-21_EQBNY",4.29331959471063,NA,NA,NA,NA,NA,NA,NA,NA,NA,NA,NA,NA,NA,NA,357,43.601383587,-80.241004825,-2.49409,9.3,236,27,13.9752
470,1.7698,88,172,"2026-06-21_EQBNY",4.28338901739056,NA,NA,NA,NA,NA,NA,NA,NA,NA,NA,NA,NA,NA,NA,357,43.601412253,-80.24097574,-2.02897,9.3,236,27,14.0076
471,1.774,87,172,"2026-06-21_EQBNY",4.27350427350427,NA,NA,NA,NA,NA,NA,NA,NA,NA,NA,NA,NA,NA,NA,356.8,43.601444607,-80.240948247,-2.50516,9.49,238,27,14.04
472,1.7777,87,172,"2026-06-21_EQBNY",4.26257459505541,NA,NA,NA,NA,NA,NA,NA,NA,NA,NA,NA,NA,NA,NA,356.8,43.601475369,-80.240927376,-2.01736,9.49,238,27,14.076
473,1.7812,87,171,"2026-06-21_EQBNY",4.26257459505541,NA,NA,NA,NA,NA,NA,NA,NA,NA,NA,NA,NA,NA,NA,356.6,43.601505711,-80.240910612,-2.58878,9.49,238,27,14.076
474,1.7855,87,171,"2026-06-21_EQBNY",4.26257459505541,NA,NA,NA,NA,NA,NA,NA,NA,NA,NA,NA,NA,NA,NA,356.4,43.601542173,-80.240883706,-2.51336,9.49,238,27,14.076
475,1.7895,87,171,"2026-06-21_EQBNY",4.26257459505541,NA,NA,NA,NA,NA,NA,NA,NA,NA,NA,NA,NA,NA,NA,356.4,43.601572431,-80.240868535,-2.51336,9.49,238,27,14.076
476,1.7935,87,171,"2026-06-21_EQBNY",4.25278557455133,NA,NA,NA,NA,NA,NA,NA,NA,NA,NA,NA,NA,NA,NA,356.2,43.601608222,-80.240850179,-3.01336,9.5,238,27,14.1084
477,1.7974,87,171,"2026-06-21_EQBNY",4.25278557455133,NA,NA,NA,NA,NA,NA,NA,NA,NA,NA,NA,NA,NA,NA,356.2,43.601638565,-80.24083836,-2.50054,9.5,238,27,14.1084
478,1.8011,87,170,"2026-06-21_EQBNY",4.25278557455133,NA,NA,NA,NA,NA,NA,NA,NA,NA,NA,NA,NA,NA,NA,356.2,43.601676367,-80.240826206,-2.50054,9.5,238,27,14.1084
479,1.8049,87,167,"2026-06-21_EQBNY",4.25278557455133,NA,NA,NA,NA,NA,NA,NA,NA,NA,NA,NA,NA,NA,NA,356.2,43.601706123,-80.240815813,-2.01274,9.5,238,27,14.1084
480,1.8095,87,166,"2026-06-21_EQBNY",4.25278557455133,NA,NA,NA,NA,NA,NA,NA,NA,NA,NA,NA,NA,NA,NA,356.2,43.601750379,-80.240801899,-2.01274,9.5,238,27,14.1084
481,1.8137,87,165,"2026-06-21_EQBNY",4.25278557455133,NA,NA,NA,NA,NA,NA,NA,NA,NA,NA,NA,NA,NA,NA,356.2,43.601783823,-80.240793349,-1.53654,9.5,238,27,14.1084
482,1.818,87.5,165,"2026-06-21_EQBNY",4.2322668020992,NA,NA,NA,NA,NA,NA,NA,NA,NA,NA,NA,NA,NA,NA,356.2,43.601821877,-80.240789829,-1.53654,9.34,235,27,14.1768
483,1.8218,87.5,165,"2026-06-21_EQBNY",4.2322668020992,NA,NA,NA,NA,NA,NA,NA,NA,NA,NA,NA,NA,NA,NA,356.2,43.601854902,-80.240786644,-0.965116,9.34,235,27,14.1768
484,1.8251,87.5,166,"2026-06-21_EQBNY",4.22261633307998,NA,NA,NA,NA,NA,NA,NA,NA,NA,NA,NA,NA,NA,NA,356.2,43.601885412,-80.240785051,-0.5,9.34,235,27,14.2092
485,1.8291,87,165,"2026-06-21_EQBNY",4.22261633307998,NA,NA,NA,NA,NA,NA,NA,NA,NA,NA,NA,NA,NA,NA,356.2,43.601923382,-80.24078019,-0.5,9.53,237,27,14.2092
486,1.8326,87,165,"2026-06-21_EQBNY",4.2322668020992,NA,NA,NA,NA,NA,NA,NA,NA,NA,NA,NA,NA,NA,NA,356.2,43.601954059,-80.240777927,0,9.53,237,27,14.1768
487,1.8371,87,165,"2026-06-21_EQBNY",4.2322668020992,NA,NA,NA,NA,NA,NA,NA,NA,NA,NA,NA,NA,NA,NA,356,43.601996388,-80.24076703,-0.444444,9.53,237,27,14.1768
488,1.8409,87.5,165,"2026-06-21_EQBNY",4.2322668020992,NA,NA,NA,NA,NA,NA,NA,NA,NA,NA,NA,NA,NA,NA,356,43.602025054,-80.240762504,-0.444444,9.34,235,27,14.1768
489,1.8448,87,165,"2026-06-21_EQBNY",4.2322668020992,NA,NA,NA,NA,NA,NA,NA,NA,NA,NA,NA,NA,NA,NA,356,43.602064952,-80.240753032,-0.444444,9.53,237,27,14.1768
490,1.8482,87,166,"2026-06-21_EQBNY",4.2322668020992,NA,NA,NA,NA,NA,NA,NA,NA,NA,NA,NA,NA,NA,NA,356,43.602093031,-80.240748087,-0.444444,9.53,237,27,14.1768
491,1.8525,86.5,166,"2026-06-21_EQBNY",4.2322668020992,NA,NA,NA,NA,NA,NA,NA,NA,NA,NA,NA,NA,NA,NA,356,43.602134354,-80.24074398,-0.444444,9.53,237,27,14.1768
492,1.8565,86.5,166,"2026-06-21_EQBNY",4.2322668020992,NA,NA,NA,NA,NA,NA,NA,NA,NA,NA,NA,NA,NA,NA,356,43.602164864,-80.240739118,-0.444444,9.53,237,27,14.1768
493,1.8602,87,166,"2026-06-21_EQBNY",4.2322668020992,NA,NA,NA,NA,NA,NA,NA,NA,NA,NA,NA,NA,NA,NA,356,43.602202415,-80.240732497,-0.444444,9.53,237,27,14.1768
494,1.8636,87.5,166,"2026-06-21_EQBNY",4.2322668020992,NA,NA,NA,NA,NA,NA,NA,NA,NA,NA,NA,NA,NA,NA,356,43.602232506,-80.240735514,-0.444444,9.34,235,27,14.1768
495,1.868,87.5,166,"2026-06-21_EQBNY",4.2322668020992,NA,NA,NA,NA,NA,NA,NA,NA,NA,NA,NA,NA,NA,NA,356,43.602271231,-80.240738783,-0.444444,9.34,235,27,14.1768
496,1.8715,87.5,166,"2026-06-21_EQBNY",4.2322668020992,NA,NA,NA,NA,NA,NA,NA,NA,NA,NA,NA,NA,NA,NA,356,43.602308111,-80.24074004,-0.444444,9.34,235,27,14.1768
497,1.8761,88,166,"2026-06-21_EQBNY",4.2322668020992,NA,NA,NA,NA,NA,NA,NA,NA,NA,NA,NA,NA,NA,NA,356,43.602346835,-80.240735766,0,9.34,235,27,14.1768
498,1.8798,88,166,"2026-06-21_EQBNY",4.2322668020992,NA,NA,NA,NA,NA,NA,NA,NA,NA,NA,NA,NA,NA,NA,356,43.602380866,-80.240737526,0,9.34,235,27,14.1768
499,1.8842,88,166,"2026-06-21_EQBNY",4.22261633307998,NA,NA,NA,NA,NA,NA,NA,NA,NA,NA,NA,NA,NA,NA,355.8,43.602416908,-80.240747333,-0.454545,9.34,235,27,14.2092
500,1.888,88.5,166,"2026-06-21_EQBNY",4.22261633307998,NA,NA,NA,NA,NA,NA,NA,NA,NA,NA,NA,NA,NA,NA,355.8,43.602453621,-80.240755295,-0.454545,9.19,232,27,14.2092
501,1.8919,88.5,166,"2026-06-21_EQBNY",4.22261633307998,NA,NA,NA,NA,NA,NA,NA,NA,NA,NA,NA,NA,NA,NA,356,43.60248564,-80.240763929,0.0582751,9.19,232,27,14.2092
502,1.8958,88.5,166,"2026-06-21_EQBNY",4.22261633307998,NA,NA,NA,NA,NA,NA,NA,NA,NA,NA,NA,NA,NA,NA,356,43.602520425,-80.240776586,0.0582751,9.19,232,27,14.2092
503,1.8993,88.5,166,"2026-06-21_EQBNY",4.22261633307998,NA,NA,NA,NA,NA,NA,NA,NA,NA,NA,NA,NA,NA,NA,356,43.602548756,-80.240790919,0.0582751,9.19,232,27,14.2092
504,1.9034,88,166,"2026-06-21_EQBNY",4.22261633307998,NA,NA,NA,NA,NA,NA,NA,NA,NA,NA,NA,NA,NA,NA,356.2,43.60258748,-80.240805252,0.54608,9.34,235,27,14.2092
505,1.9071,88,166,"2026-06-21_EQBNY",4.22261633307998,NA,NA,NA,NA,NA,NA,NA,NA,NA,NA,NA,NA,NA,NA,356.4,43.602612374,-80.240823692,1.08662,9.34,235,27,14.2092
506,1.9111,88,166,"2026-06-21_EQBNY",4.22261633307998,NA,NA,NA,NA,NA,NA,NA,NA,NA,NA,NA,NA,NA,NA,356.4,43.602649506,-80.240844395,1.08662,9.34,235,27,14.2092
507,1.9143,87.5,166,"2026-06-21_EQBNY",4.22261633307998,NA,NA,NA,NA,NA,NA,NA,NA,NA,NA,NA,NA,NA,NA,356.4,43.602672137,-80.24086074,1.08662,9.34,235,27,14.2092
508,1.9184,87.5,166,"2026-06-21_EQBNY",4.2322668020992,NA,NA,NA,NA,NA,NA,NA,NA,NA,NA,NA,NA,NA,NA,356.6,43.602708682,-80.2408827,1.57443,9.34,235,27,14.1768
509,1.9215,88,165,"2026-06-21_EQBNY",4.2322668020992,NA,NA,NA,NA,NA,NA,NA,NA,NA,NA,NA,NA,NA,NA,356.8,43.602728883,-80.240903068,2.67413,9.34,235,27,14.1768
510,1.9249,88,166,"2026-06-21_EQBNY",4.24304141208418,NA,NA,NA,NA,NA,NA,NA,NA,NA,NA,NA,NA,NA,NA,357,43.602757968,-80.240923772,3.26237,9.34,235,27,14.1408
511,1.9284,87.5,166,"2026-06-21_EQBNY",4.26257459505541,NA,NA,NA,NA,NA,NA,NA,NA,NA,NA,NA,NA,NA,NA,357.2,43.602783114,-80.240949923,3.32098,9.3,236,27,14.076
512,1.932,87.5,166,"2026-06-21_EQBNY",4.27350427350427,NA,NA,NA,NA,NA,NA,NA,NA,NA,NA,NA,NA,NA,NA,357.4,43.602804487,-80.240978506,3.87653,9.3,236,27,14.04
513,1.9354,87,166,"2026-06-21_EQBNY",4.28338901739056,NA,NA,NA,NA,NA,NA,NA,NA,NA,NA,NA,NA,NA,NA,357.4,43.602833656,-80.241003735,3.87653,9.49,238,27,14.0076
514,1.9388,86,167,"2026-06-21_EQBNY",4.29331959471063,NA,NA,NA,NA,NA,NA,NA,NA,NA,NA,NA,NA,NA,NA,357.6,43.602855282,-80.241026534,3.97696,9.65,241,27,13.9752
515,1.9426,86,167,"2026-06-21_EQBNY",4.30440771349862,NA,NA,NA,NA,NA,NA,NA,NA,NA,NA,NA,NA,NA,NA,357.6,43.602886965,-80.24105168,3.43642,9.65,241,26,13.9392
516,1.9457,86,167,"2026-06-21_EQBNY",4.32451133021969,NA,NA,NA,NA,NA,NA,NA,NA,NA,NA,NA,NA,NA,NA,357.6,43.602909764,-80.241073473,3.43642,9.61,242,26,13.8744
517,1.9493,87,167,"2026-06-21_EQBNY",4.32451133021969,NA,NA,NA,NA,NA,NA,NA,NA,NA,NA,NA,NA,NA,NA,357.6,43.602937843,-80.241099373,3.43642,9.45,239,27,13.8744
518,1.9528,87,167,"2026-06-21_EQBNY",4.34593654932638,NA,NA,NA,NA,NA,NA,NA,NA,NA,NA,NA,NA,NA,NA,357.6,43.602961816,-80.241124351,2.94862,9.41,240,27,13.806
519,1.9566,87,167,"2026-06-21_EQBNY",4.34593654932638,NA,NA,NA,NA,NA,NA,NA,NA,NA,NA,NA,NA,NA,NA,357.4,43.602992745,-80.241150167,1.77714,9.41,240,27,13.806
520,1.9598,87,167,"2026-06-21_EQBNY",4.3561596096881,NA,NA,NA,NA,NA,NA,NA,NA,NA,NA,NA,NA,NA,NA,357.4,43.603015544,-80.241176654,1.1889,9.41,240,27,13.7736
521,1.9633,87,166,"2026-06-21_EQBNY",4.3675751222921,NA,NA,NA,NA,NA,NA,NA,NA,NA,NA,NA,NA,NA,NA,357.6,43.60303675,-80.241204901,1.1889,9.41,240,26,13.7376
522,1.9668,87,166,"2026-06-21_EQBNY",4.37790035898783,NA,NA,NA,NA,NA,NA,NA,NA,NA,NA,NA,NA,NA,NA,357.6,43.603061644,-80.241233818,0.633348,9.37,241,26,13.7052
523,1.97,87,165,"2026-06-21_EQBNY",4.39985920450546,NA,NA,NA,NA,NA,NA,NA,NA,NA,NA,NA,NA,NA,NA,358,43.603077989,-80.241258461,1.88335,9.37,241,26,13.6368
524,1.9738,86.5,164,"2026-06-21_EQBNY",4.39985920450546,NA,NA,NA,NA,NA,NA,NA,NA,NA,NA,NA,NA,NA,NA,358.2,43.603107996,-80.241293833,1.82143,9.37,241,27,13.6368
525,1.9769,86.5,164,"2026-06-21_EQBNY",4.42086648983201,NA,NA,NA,NA,NA,NA,NA,NA,NA,NA,NA,NA,NA,NA,358.6,43.603121323,-80.24132099,3.11175,9.33,242,26,13.572
526,1.9807,86.5,164,"2026-06-21_EQBNY",4.42086648983201,NA,NA,NA,NA,NA,NA,NA,NA,NA,NA,NA,NA,NA,NA,359,43.603147223,-80.241353428,4.16438,9.33,242,26,13.572
527,1.9838,86,164,"2026-06-21_EQBNY",4.44325957522438,NA,NA,NA,NA,NA,NA,NA,NA,NA,NA,NA,NA,NA,NA,359.4,43.603168933,-80.241379915,5.45471,9.52,244,26,13.5036
528,1.9872,86,163,"2026-06-21_EQBNY",4.44325957522438,NA,NA,NA,NA,NA,NA,NA,NA,NA,NA,NA,NA,NA,NA,359.6,43.603189971,-80.241406821,6.04294,9.52,244,26,13.5036
529,1.991,86,163,"2026-06-21_EQBNY",4.45394619632995,NA,NA,NA,NA,NA,NA,NA,NA,NA,NA,NA,NA,NA,NA,359.8,43.603219978,-80.241438337,7.09557,9.48,245,26,13.4712
530,1.994,85.5,163,"2026-06-21_EQBNY",4.476676515355,NA,NA,NA,NA,NA,NA,NA,NA,NA,NA,NA,NA,NA,NA,360.2,43.603235233,-80.241461303,8.42891,9.65,248,26,13.4028
531,1.9975,85.5,164,"2026-06-21_EQBNY",4.476676515355,NA,NA,NA,NA,NA,NA,NA,NA,NA,NA,NA,NA,NA,NA,360.4,43.603264402,-80.241490305,8.42891,9.65,248,26,13.4028
532,2.0009,85.5,164,"2026-06-21_EQBNY",4.48752468138575,NA,NA,NA,NA,NA,NA,NA,NA,NA,NA,NA,NA,NA,NA,360.4,43.603289129,-80.241509667,8.42891,9.64,248,26,13.3704
533,2.0044,86,164,"2026-06-21_EQBNY",4.4996400287977,NA,NA,NA,NA,NA,NA,NA,NA,NA,NA,NA,NA,NA,NA,360.6,43.603315113,-80.241534729,7.75033,9.44,246,26,13.3344
534,2.0081,86,165,"2026-06-21_EQBNY",4.510599909788,NA,NA,NA,NA,NA,NA,NA,NA,NA,NA,NA,NA,NA,NA,360.8,43.60334336,-80.241557108,7.76456,9.44,246,26,13.302
535,2.0114,86,165,"2026-06-21_EQBNY",4.510599909788,NA,NA,NA,NA,NA,NA,NA,NA,NA,NA,NA,NA,NA,NA,360.8,43.603368254,-80.241573705,6.47424,9.44,246,26,13.302
536,2.0149,86,165,"2026-06-21_EQBNY",4.52161331162959,NA,NA,NA,NA,NA,NA,NA,NA,NA,NA,NA,NA,NA,NA,360.8,43.60339516,-80.241600694,5.4216,9.44,246,26,13.2696
537,2.0182,86,166,"2026-06-21_EQBNY",4.53391367428364,NA,NA,NA,NA,NA,NA,NA,NA,NA,NA,NA,NA,NA,NA,360.8,43.603420473,-80.241620895,4.13128,9.43,246,26,13.2336
538,2.0219,86,166,"2026-06-21_EQBNY",4.53391367428364,NA,NA,NA,NA,NA,NA,NA,NA,NA,NA,NA,NA,NA,NA,360.8,43.603449559,-80.241646376,3.54305,9.43,246,26,13.2336
539,2.0251,86,167,"2026-06-21_EQBNY",4.54504135987638,NA,NA,NA,NA,NA,NA,NA,NA,NA,NA,NA,NA,NA,NA,361,43.603474034,-80.241655763,3.64173,9.4,247,26,13.2012
540,2.0286,86,166,"2026-06-21_EQBNY",4.54504135987638,NA,NA,NA,NA,NA,NA,NA,NA,NA,NA,NA,NA,NA,NA,361,43.603511166,-80.241674706,2.3084,9.4,247,26,13.2012
541,2.0319,86.5,166,"2026-06-21_EQBNY",4.5687134502924,NA,NA,NA,NA,NA,NA,NA,NA,NA,NA,NA,NA,NA,NA,361,43.60353497,-80.241692392,1.73697,9.2,245,26,13.1328
542,2.0357,87,166,"2026-06-21_EQBNY",4.5687134502924,NA,NA,NA,NA,NA,NA,NA,NA,NA,NA,NA,NA,NA,NA,361,43.603563804,-80.241717957,1.73697,9.2,245,26,13.1328
543,2.0393,87,166,"2026-06-21_EQBNY",4.58001282403591,NA,NA,NA,NA,NA,NA,NA,NA,NA,NA,NA,NA,NA,NA,361.2,43.603591632,-80.241740001,1.7211,9.2,245,26,13.1004
544,2.0428,87,165,"2026-06-21_EQBNY",4.59136822773186,NA,NA,NA,NA,NA,NA,NA,NA,NA,NA,NA,NA,NA,NA,361.2,43.603612838,-80.241760872,1.18056,9.2,245,26,13.068
545,2.0455,86.5,165,"2026-06-21_EQBNY",4.59136822773186,NA,NA,NA,NA,NA,NA,NA,NA,NA,NA,NA,NA,NA,NA,361.2,43.603637313,-80.241783587,1.18056,9.2,245,26,13.068
546,2.0486,86,165,"2026-06-21_EQBNY",4.59136822773186,NA,NA,NA,NA,NA,NA,NA,NA,NA,NA,NA,NA,NA,NA,361.2,43.603657933,-80.241807224,1.18056,9.35,248,26,13.068
547,2.052,86,165,"2026-06-21_EQBNY",4.61552663158866,NA,NA,NA,NA,NA,NA,NA,NA,NA,NA,NA,NA,NA,NA,361.4,43.603682073,-80.241839076,1.76879,9.35,248,26,12.9996
548,2.0556,86,166,"2026-06-21_EQBNY",4.63994060876021,NA,NA,NA,NA,NA,NA,NA,NA,NA,NA,NA,NA,NA,NA,361.4,43.603704201,-80.241864221,1.76879,9.31,249,26,12.9312
549,2.0595,86.5,165,"2026-06-21_EQBNY",4.65159549725556,NA,NA,NA,NA,NA,NA,NA,NA,NA,NA,NA,NA,NA,NA,361.6,43.603730436,-80.241901605,1.65661,9.15,246,26,12.8988
550,2.063,87,165,"2026-06-21_EQBNY",4.65159549725556,NA,NA,NA,NA,NA,NA,NA,NA,NA,NA,NA,NA,NA,NA,361.8,43.603750888,-80.241931696,2.22804,9.15,246,26,12.8988
551,2.0666,87,165,"2026-06-21_EQBNY",4.65159549725556,NA,NA,NA,NA,NA,NA,NA,NA,NA,NA,NA,NA,NA,NA,362,43.603769999,-80.241967067,2.7836,9.15,246,26,12.8988
552,2.0701,87,166,"2026-06-21_EQBNY",4.65159549725556,NA,NA,NA,NA,NA,NA,NA,NA,NA,NA,NA,NA,NA,NA,362.2,43.603793887,-80.241999589,3.35502,9.15,246,26,12.8988
553,2.0736,86.5,165,"2026-06-21_EQBNY",4.6633090841261,NA,NA,NA,NA,NA,NA,NA,NA,NA,NA,NA,NA,NA,NA,362.4,43.603814004,-80.242030686,3.3709,9.11,247,26,12.8664
554,2.0772,86,165,"2026-06-21_EQBNY",4.6633090841261,NA,NA,NA,NA,NA,NA,NA,NA,NA,NA,NA,NA,NA,NA,362.6,43.60383806,-80.242064884,3.92645,9.3,249,26,12.8664
555,2.0804,86,165,"2026-06-21_EQBNY",4.67639356528245,NA,NA,NA,NA,NA,NA,NA,NA,NA,NA,NA,NA,NA,NA,363,43.603854824,-80.242090114,5.17645,9.3,249,26,12.8304
556,2.084,86,166,"2026-06-21_EQBNY",4.67639356528245,NA,NA,NA,NA,NA,NA,NA,NA,NA,NA,NA,NA,NA,NA,363.4,43.603880053,-80.242123138,6.28756,9.3,249,26,12.8304
557,2.0873,86,165,"2026-06-21_EQBNY",4.6882325363338,NA,NA,NA,NA,NA,NA,NA,NA,NA,NA,NA,NA,NA,NA,363.6,43.603895057,-80.24215281,6.30539,9.26,250,26,12.798
558,2.0908,86,165,"2026-06-21_EQBNY",4.6882325363338,NA,NA,NA,NA,NA,NA,NA,NA,NA,NA,NA,NA,NA,NA,363.8,43.603915341,-80.24218617,6.87682,9.26,250,26,12.798
559,2.0941,86.5,165,"2026-06-21_EQBNY",4.7001316036849,NA,NA,NA,NA,NA,NA,NA,NA,NA,NA,NA,NA,NA,NA,364,43.603933949,-80.242219614,6.97006,9.26,250,26,12.7656
560,2.0972,86.5,166,"2026-06-21_EQBNY",4.7001316036849,NA,NA,NA,NA,NA,NA,NA,NA,NA,NA,NA,NA,NA,NA,364,43.603950713,-80.242246771,6.39863,9.26,250,26,12.7656
561,2.1006,86,165,"2026-06-21_EQBNY",4.71342383107089,NA,NA,NA,NA,NA,NA,NA,NA,NA,NA,NA,NA,NA,NA,363.8,43.603971584,-80.242283484,5.25484,9.26,250,26,12.7296
562,2.1037,86,166,"2026-06-21_EQBNY",4.73754026909229,NA,NA,NA,NA,NA,NA,NA,NA,NA,NA,NA,NA,NA,NA,363.8,43.603987928,-80.24231215,4.68341,9.25,250,26,12.6648
563,2.1075,86,166,"2026-06-21_EQBNY",4.73754026909229,NA,NA,NA,NA,NA,NA,NA,NA,NA,NA,NA,NA,NA,NA,363.8,43.604011733,-80.242351713,4.11198,9.25,250,26,12.6648
564,2.1109,86,166,"2026-06-21_EQBNY",4.75104522995059,NA,NA,NA,NA,NA,NA,NA,NA,NA,NA,NA,NA,NA,NA,363.8,43.604033442,-80.242377194,3.55643,9.21,251,26,12.6288
565,2.1145,86,166,"2026-06-21_EQBNY",4.75104522995059,NA,NA,NA,NA,NA,NA,NA,NA,NA,NA,NA,NA,NA,NA,364,43.604059677,-80.242408626,2.86198,9.21,251,26,12.6288
566,2.1179,86.5,166,"2026-06-21_EQBNY",4.76326569496046,NA,NA,NA,NA,NA,NA,NA,NA,NA,NA,NA,NA,NA,NA,364.4,43.604083398,-80.242435616,2.92734,9.21,251,26,12.5964
567,2.1218,86.5,168,"2026-06-21_EQBNY",4.76326569496046,NA,NA,NA,NA,NA,NA,NA,NA,NA,NA,NA,NA,NA,NA,364.4,43.604107538,-80.242467132,2.32128,9.21,251,26,12.5964
568,2.1258,86,168,"2026-06-21_EQBNY",4.76326569496046,NA,NA,NA,NA,NA,NA,NA,NA,NA,NA,NA,NA,NA,NA,364.6,43.604134695,-80.242502168,2.24985,9.21,251,26,12.5964
569,2.1288,85,168,"2026-06-21_EQBNY",4.76326569496046,NA,NA,NA,NA,NA,NA,NA,NA,NA,NA,NA,NA,NA,NA,364.8,43.604153974,-80.242525051,2.31046,9.4,253,26,12.5964
570,2.1327,85,169,"2026-06-21_EQBNY",4.76326569496046,NA,NA,NA,NA,NA,NA,NA,NA,NA,NA,NA,NA,NA,NA,364.8,43.604181215,-80.242558746,2.31046,9.4,253,26,12.5964
571,2.1359,86.5,169,"2026-06-21_EQBNY",4.76326569496046,NA,NA,NA,NA,NA,NA,NA,NA,NA,NA,NA,NA,NA,NA,364.8,43.604198398,-80.242586155,2.89869,9.4,253,26,12.5964
572,2.14,86.5,169,"2026-06-21_EQBNY",4.77554918815664,NA,NA,NA,NA,NA,NA,NA,NA,NA,NA,NA,NA,NA,NA,364.8,43.604225723,-80.242623622,2.89869,9.21,251,26,12.564
573,2.1434,86,169,"2026-06-21_EQBNY",4.76326569496046,NA,NA,NA,NA,NA,NA,NA,NA,NA,NA,NA,NA,NA,NA,365,43.604243744,-80.242653713,3.48693,9.21,251,26,12.5964
574,2.1472,86,168,"2026-06-21_EQBNY",4.76326569496046,NA,NA,NA,NA,NA,NA,NA,NA,NA,NA,NA,NA,NA,NA,364.8,43.604271153,-80.242686989,2.96061,9.21,251,26,12.5964
575,2.1509,86,169,"2026-06-21_EQBNY",4.76326569496046,NA,NA,NA,NA,NA,NA,NA,NA,NA,NA,NA,NA,NA,NA,364.8,43.604296634,-80.242718086,2.40506,9.21,251,26,12.5964
576,2.1546,86,168,"2026-06-21_EQBNY",4.76326569496046,NA,NA,NA,NA,NA,NA,NA,NA,NA,NA,NA,NA,NA,NA,364.8,43.604315745,-80.242750272,1.22859,9.21,251,26,12.5964
577,2.1582,86,168,"2026-06-21_EQBNY",4.76326569496046,NA,NA,NA,NA,NA,NA,NA,NA,NA,NA,NA,NA,NA,NA,364.8,43.604340974,-80.242788494,1.22859,9.21,251,26,12.5964
578,2.1621,87,168,"2026-06-21_EQBNY",4.75104522995059,NA,NA,NA,NA,NA,NA,NA,NA,NA,NA,NA,NA,NA,NA,364.8,43.604360504,-80.242819255,0.728586,9.06,248,26,12.6288
579,2.1656,87,168,"2026-06-21_EQBNY",4.75104522995059,NA,NA,NA,NA,NA,NA,NA,NA,NA,NA,NA,NA,NA,NA,364.8,43.604384811,-80.242854124,0.0619195,9.06,248,26,12.6288
580,2.1691,87,168,"2026-06-21_EQBNY",4.75104522995059,NA,NA,NA,NA,NA,NA,NA,NA,NA,NA,NA,NA,NA,NA,364.6,43.604403252,-80.24288103,-0.509509,9.06,248,26,12.6288
581,2.1727,87.5,167,"2026-06-21_EQBNY",4.75104522995059,NA,NA,NA,NA,NA,NA,NA,NA,NA,NA,NA,NA,NA,NA,364.4,43.604427811,-80.242917827,-1.06506,8.88,246,26,12.6288
582,2.1767,87.5,167,"2026-06-21_EQBNY",4.75104522995059,NA,NA,NA,NA,NA,NA,NA,NA,NA,NA,NA,NA,NA,NA,364.4,43.604448849,-80.242955042,-1.06506,8.88,246,26,12.6288
583,2.1805,87,167,"2026-06-21_EQBNY",4.75104522995059,NA,NA,NA,NA,NA,NA,NA,NA,NA,NA,NA,NA,NA,NA,364.2,43.604474749,-80.242988067,-2.17962,9.06,248,26,12.6288
584,2.1844,87,167,"2026-06-21_EQBNY",4.73754026909229,NA,NA,NA,NA,NA,NA,NA,NA,NA,NA,NA,NA,NA,NA,364.2,43.604499392,-80.243023858,-1.6533,9.06,248,26,12.6648
585,2.1883,87,166,"2026-06-21_EQBNY",4.7254512805973,NA,NA,NA,NA,NA,NA,NA,NA,NA,NA,NA,NA,NA,NA,364.2,43.604516072,-80.243062163,-1.6533,9.07,248,26,12.6972
586,2.1922,87,166,"2026-06-21_EQBNY",4.7254512805973,NA,NA,NA,NA,NA,NA,NA,NA,NA,NA,NA,NA,NA,NA,364.2,43.604542643,-80.243103318,-1.6533,9.07,248,26,12.6972
587,2.1959,86,166,"2026-06-21_EQBNY",4.7001316036849,NA,NA,NA,NA,NA,NA,NA,NA,NA,NA,NA,NA,NA,NA,364.2,43.604558568,-80.243136594,-1.6533,9.26,250,26,12.7656
588,2.2002,86,166,"2026-06-21_EQBNY",4.6882325363338,NA,NA,NA,NA,NA,NA,NA,NA,NA,NA,NA,NA,NA,NA,364.2,43.604589078,-80.243175905,-1.6533,9.26,250,26,12.798
589,2.204,86,165,"2026-06-21_EQBNY",4.6882325363338,NA,NA,NA,NA,NA,NA,NA,NA,NA,NA,NA,NA,NA,NA,364.2,43.604611961,-80.243204488,-1.6533,9.26,250,26,12.798
590,2.2078,87,165,"2026-06-21_EQBNY",4.6633090841261,NA,NA,NA,NA,NA,NA,NA,NA,NA,NA,NA,NA,NA,NA,364.4,43.604636269,-80.24323877,-0.555556,9.11,247,26,12.8664
591,2.2112,86,165,"2026-06-21_EQBNY",4.6633090841261,NA,NA,NA,NA,NA,NA,NA,NA,NA,NA,NA,NA,NA,NA,364.4,43.604660827,-80.243271208,0,9.3,249,26,12.8664
592,2.2154,87,165,"2026-06-21_EQBNY",4.65159549725556,NA,NA,NA,NA,NA,NA,NA,NA,NA,NA,NA,NA,NA,NA,364.4,43.604685973,-80.243301801,0,9.15,246,26,12.8988
593,2.2192,86,164,"2026-06-21_EQBNY",4.65159549725556,NA,NA,NA,NA,NA,NA,NA,NA,NA,NA,NA,NA,NA,NA,364.2,43.604714053,-80.243338095,0,9.3,249,26,12.8988
594,2.2229,86,164,"2026-06-21_EQBNY",4.63994060876021,NA,NA,NA,NA,NA,NA,NA,NA,NA,NA,NA,NA,NA,NA,364,43.604735678,-80.243364666,-0.540541,9.31,249,26,12.9312
595,2.2271,86,164,"2026-06-21_EQBNY",4.62705904127337,NA,NA,NA,NA,NA,NA,NA,NA,NA,NA,NA,NA,NA,NA,363.6,43.604766775,-80.243403139,-1.49292,9.35,248,26,12.9672
596,2.2305,85.5,164,"2026-06-21_EQBNY",4.62705904127337,NA,NA,NA,NA,NA,NA,NA,NA,NA,NA,NA,NA,NA,NA,363.4,43.60478731,-80.243430883,-2.08116,9.51,251,25,12.9672
597,2.2346,85,164,"2026-06-21_EQBNY",4.61552663158866,NA,NA,NA,NA,NA,NA,NA,NA,NA,NA,NA,NA,NA,NA,363.2,43.604813965,-80.243466254,-2.56896,9.51,251,26,12.9996
598,2.2381,85,164,"2026-06-21_EQBNY",4.60405156537753,NA,NA,NA,NA,NA,NA,NA,NA,NA,NA,NA,NA,NA,NA,363,43.604838189,-80.243499447,-3.14039,9.55,250,26,13.032
599,2.2423,86.5,163,"2026-06-21_EQBNY",4.60405156537753,NA,NA,NA,NA,NA,NA,NA,NA,NA,NA,NA,NA,NA,NA,362.8,43.604860904,-80.243536746,-3.61658,9.35,248,26,13.032
600,2.2461,86.5,163,"2026-06-21_EQBNY",4.59136822773186,NA,NA,NA,NA,NA,NA,NA,NA,NA,NA,NA,NA,NA,NA,362.6,43.604885379,-80.243574632,-4.66921,9.35,248,26,13.068
601,2.25,86,164,"2026-06-21_EQBNY",4.58001282403591,NA,NA,NA,NA,NA,NA,NA,NA,NA,NA,NA,NA,NA,NA,362.6,43.60490407,-80.243607322,-4.66921,9.39,247,26,13.1004
602,2.254,86,163,"2026-06-21_EQBNY",4.58001282403591,NA,NA,NA,NA,NA,NA,NA,NA,NA,NA,NA,NA,NA,NA,362.4,43.604933156,-80.243646884,-5.16921,9.39,247,26,13.1004
603,2.2577,86.5,163,"2026-06-21_EQBNY",4.5687134502924,NA,NA,NA,NA,NA,NA,NA,NA,NA,NA,NA,NA,NA,NA,362.2,43.604954613,-80.243672952,-5.18344,9.39,247,26,13.1328
604,2.2623,86.5,163,"2026-06-21_EQBNY",4.55622380171314,NA,NA,NA,NA,NA,NA,NA,NA,NA,NA,NA,NA,NA,NA,362.2,43.604987219,-80.243713185,-4.6429,9.39,247,26,13.1688
605,2.2658,86,163,"2026-06-21_EQBNY",4.55622380171314,NA,NA,NA,NA,NA,NA,NA,NA,NA,NA,NA,NA,NA,NA,362.2,43.605007587,-80.243744534,-3.69052,9.39,247,26,13.1688
606,2.2697,86,163,"2026-06-21_EQBNY",4.52161331162959,NA,NA,NA,NA,NA,NA,NA,NA,NA,NA,NA,NA,NA,NA,362,43.605032313,-80.243777977,-3.6151,9.44,246,26,13.2696
607,2.2736,86,163,"2026-06-21_EQBNY",4.52161331162959,NA,NA,NA,NA,NA,NA,NA,NA,NA,NA,NA,NA,NA,NA,362,43.605057292,-80.243813517,-3.1273,9.44,246,26,13.2696
608,2.2777,86.5,163,"2026-06-21_EQBNY",4.510599909788,NA,NA,NA,NA,NA,NA,NA,NA,NA,NA,NA,NA,NA,NA,362.2,43.605078582,-80.243848553,-2.06806,9.25,244,25,13.302
609,2.2812,87,162,"2026-06-21_EQBNY",4.510599909788,NA,NA,NA,NA,NA,NA,NA,NA,NA,NA,NA,NA,NA,NA,362.2,43.605105571,-80.243880404,-1.59187,9.25,244,26,13.302
610,2.2849,87,163,"2026-06-21_EQBNY",4.4996400287977,NA,NA,NA,NA,NA,NA,NA,NA,NA,NA,NA,NA,NA,NA,362,43.605126526,-80.243913094,-1.6061,9.28,243,25,13.3344
611,2.2889,87,163,"2026-06-21_EQBNY",4.4996400287977,NA,NA,NA,NA,NA,NA,NA,NA,NA,NA,NA,NA,NA,NA,362,43.605156533,-80.24394461,-1.6061,9.28,243,25,13.3344
612,2.2924,87,163,"2026-06-21_EQBNY",4.4996400287977,NA,NA,NA,NA,NA,NA,NA,NA,NA,NA,NA,NA,NA,NA,362,43.605178829,-80.243969252,-1.1061,9.28,243,25,13.3344
613,2.2965,87,163,"2026-06-21_EQBNY",4.48752468138575,NA,NA,NA,NA,NA,NA,NA,NA,NA,NA,NA,NA,NA,NA,361.8,43.605213782,-80.244001271,-1.05336,9.28,243,25,13.3704
614,2.3004,87,163,"2026-06-21_EQBNY",4.48752468138575,NA,NA,NA,NA,NA,NA,NA,NA,NA,NA,NA,NA,NA,NA,361.6,43.605237586,-80.244027255,-1.56618,9.28,243,25,13.3704
615,2.3047,87.5,162,"2026-06-21_EQBNY",4.476676515355,NA,NA,NA,NA,NA,NA,NA,NA,NA,NA,NA,NA,NA,NA,361.6,43.605272958,-80.244057095,-1.56618,9.1,241,25,13.4028
616,2.3086,87.5,163,"2026-06-21_EQBNY",4.46588067166845,NA,NA,NA,NA,NA,NA,NA,NA,NA,NA,NA,NA,NA,NA,361.6,43.605300031,-80.244085593,-1.05336,9.14,240,26,13.4352
617,2.313,87.5,162,"2026-06-21_EQBNY",4.44325957522438,NA,NA,NA,NA,NA,NA,NA,NA,NA,NA,NA,NA,NA,NA,361.4,43.605330793,-80.244120211,-1.50791,9.14,240,25,13.5036
618,2.3169,87.5,162,"2026-06-21_EQBNY",4.44325957522438,NA,NA,NA,NA,NA,NA,NA,NA,NA,NA,NA,NA,NA,NA,361.4,43.605356525,-80.244154073,-1.99571,9.14,240,25,13.5036
619,2.3213,87.5,162,"2026-06-21_EQBNY",4.42086648983201,NA,NA,NA,NA,NA,NA,NA,NA,NA,NA,NA,NA,NA,NA,361.2,43.605382174,-80.244189529,-2.45026,9.18,239,25,13.572
620,2.3248,87.5,163,"2026-06-21_EQBNY",4.41033783187792,NA,NA,NA,NA,NA,NA,NA,NA,NA,NA,NA,NA,NA,NA,361.2,43.605408661,-80.244223643,-1.90972,9.18,239,25,13.6044
621,2.3284,87.5,162,"2026-06-21_EQBNY",4.39985920450546,NA,NA,NA,NA,NA,NA,NA,NA,NA,NA,NA,NA,NA,NA,361,43.605427353,-80.244252812,-2.46527,9.18,239,25,13.6368
622,2.3325,87.5,162,"2026-06-21_EQBNY",4.39985920450546,NA,NA,NA,NA,NA,NA,NA,NA,NA,NA,NA,NA,NA,NA,361,43.605459707,-80.244287429,-2.46527,9.18,239,25,13.6368
623,2.3361,87,162,"2026-06-21_EQBNY",4.38827453045463,NA,NA,NA,NA,NA,NA,NA,NA,NA,NA,NA,NA,NA,NA,361,43.605480494,-80.244314922,-1.97747,9.37,241,25,13.6728
624,2.3406,87,162,"2026-06-21_EQBNY",4.38827453045463,NA,NA,NA,NA,NA,NA,NA,NA,NA,NA,NA,NA,NA,NA,361,43.605515279,-80.244353563,-1.46465,9.37,241,25,13.6728
625,2.3445,86.5,162,"2026-06-21_EQBNY",4.38827453045463,NA,NA,NA,NA,NA,NA,NA,NA,NA,NA,NA,NA,NA,NA,360.8,43.605536485,-80.244383821,-1.97747,9.37,241,25,13.6728
626,2.3487,86.5,163,"2026-06-21_EQBNY",4.3675751222921,NA,NA,NA,NA,NA,NA,NA,NA,NA,NA,NA,NA,NA,NA,360.6,43.605567749,-80.244416092,-2.45366,9.41,240,25,13.7376
627,2.3523,87,162,"2026-06-21_EQBNY",4.3561596096881,NA,NA,NA,NA,NA,NA,NA,NA,NA,NA,NA,NA,NA,NA,360.6,43.605591722,-80.244447524,-1.99911,9.41,240,25,13.7736
628,2.3563,87,162,"2026-06-21_EQBNY",4.3561596096881,NA,NA,NA,NA,NA,NA,NA,NA,NA,NA,NA,NA,NA,NA,360.4,43.6056167,-80.244480381,-2.49911,9.41,240,25,13.7736
629,2.3599,87,162,"2026-06-21_EQBNY",4.34593654932638,NA,NA,NA,NA,NA,NA,NA,NA,NA,NA,NA,NA,NA,NA,360.4,43.605638576,-80.244515836,-2.04457,9.41,240,25,13.806
630,2.3634,87,162,"2026-06-21_EQBNY",4.34593654932638,NA,NA,NA,NA,NA,NA,NA,NA,NA,NA,NA,NA,NA,NA,360.2,43.605659364,-80.244547352,-2.616,9.41,240,25,13.806
631,2.3674,88,162,"2026-06-21_EQBNY",4.34593654932638,NA,NA,NA,NA,NA,NA,NA,NA,NA,NA,NA,NA,NA,NA,360.2,43.605687946,-80.244582053,-2.06044,9.22,238,25,13.806
632,2.371,88,162,"2026-06-21_EQBNY",4.34593654932638,NA,NA,NA,NA,NA,NA,NA,NA,NA,NA,NA,NA,NA,NA,360.2,43.605708062,-80.244611055,-2.06044,9.22,238,25,13.806
633,2.3754,88,162,"2026-06-21_EQBNY",4.34593654932638,NA,NA,NA,NA,NA,NA,NA,NA,NA,NA,NA,NA,NA,NA,360.2,43.60573983,-80.244649947,-2.06044,9.22,238,25,13.806
634,2.3789,87.5,162,"2026-06-21_EQBNY",4.34593654932638,NA,NA,NA,NA,NA,NA,NA,NA,NA,NA,NA,NA,NA,NA,360.2,43.605757516,-80.244676769,-2.06044,9.22,238,25,13.806
635,2.3827,87,162,"2026-06-21_EQBNY",4.34593654932638,NA,NA,NA,NA,NA,NA,NA,NA,NA,NA,NA,NA,NA,NA,360.2,43.605786098,-80.244712727,-1.54762,9.41,240,25,13.806
636,2.3862,86.5,162,"2026-06-21_EQBNY",4.33576135969476,NA,NA,NA,NA,NA,NA,NA,NA,NA,NA,NA,NA,NA,NA,360.2,43.605807472,-80.244744914,-1.07143,9.41,240,25,13.8384
637,2.3902,86.5,161,"2026-06-21_EQBNY",4.34593654932638,NA,NA,NA,NA,NA,NA,NA,NA,NA,NA,NA,NA,NA,NA,360,43.605831612,-80.244780118,-1.57143,9.41,240,25,13.806
638,2.3937,86.5,161,"2026-06-21_EQBNY",4.34593654932638,NA,NA,NA,NA,NA,NA,NA,NA,NA,NA,NA,NA,NA,NA,359.8,43.605853824,-80.244814484,-1.64286,9.41,240,25,13.806
639,2.3977,86.5,161,"2026-06-21_EQBNY",4.34593654932638,NA,NA,NA,NA,NA,NA,NA,NA,NA,NA,NA,NA,NA,NA,359.8,43.605877209,-80.244846586,-1.64286,9.41,240,25,13.806
640,2.4013,86.5,161,"2026-06-21_EQBNY",4.34593654932638,NA,NA,NA,NA,NA,NA,NA,NA,NA,NA,NA,NA,NA,NA,359.6,43.605902774,-80.244882545,-1.62698,9.41,240,25,13.806
641,2.405,87,161,"2026-06-21_EQBNY",4.3561596096881,NA,NA,NA,NA,NA,NA,NA,NA,NA,NA,NA,NA,NA,NA,359.6,43.605919286,-80.244915737,-1.62698,9.41,240,25,13.7736
642,2.4088,87,161,"2026-06-21_EQBNY",4.3561596096881,NA,NA,NA,NA,NA,NA,NA,NA,NA,NA,NA,NA,NA,NA,359.4,43.605948623,-80.244951611,-2.1533,9.41,240,25,13.7736
643,2.4124,87,160,"2026-06-21_EQBNY",4.3561596096881,NA,NA,NA,NA,NA,NA,NA,NA,NA,NA,NA,NA,NA,NA,359.4,43.605966979,-80.24498011,-2.1533,9.41,240,25,13.7736
644,2.4165,87.5,160,"2026-06-21_EQBNY",4.3561596096881,NA,NA,NA,NA,NA,NA,NA,NA,NA,NA,NA,NA,NA,NA,359.2,43.605997238,-80.24501917,-2.6411,9.22,238,25,13.7736
645,2.4203,87.5,160,"2026-06-21_EQBNY",4.3561596096881,NA,NA,NA,NA,NA,NA,NA,NA,NA,NA,NA,NA,NA,NA,359.2,43.606017522,-80.245051859,-2.6411,9.22,238,25,13.7736
646,2.4242,87.5,160,"2026-06-21_EQBNY",4.3561596096881,NA,NA,NA,NA,NA,NA,NA,NA,NA,NA,NA,NA,NA,NA,359.2,43.60604183,-80.245086141,-2.6411,9.22,238,25,13.7736
647,2.4278,87,160,"2026-06-21_EQBNY",4.3561596096881,NA,NA,NA,NA,NA,NA,NA,NA,NA,NA,NA,NA,NA,NA,359.2,43.606065886,-80.245119836,-2.1411,9.41,240,25,13.7736
648,2.432,86.5,160,"2026-06-21_EQBNY",4.3561596096881,NA,NA,NA,NA,NA,NA,NA,NA,NA,NA,NA,NA,NA,NA,359.2,43.606090696,-80.245155543,-1.56968,9.41,240,25,13.7736
649,2.4359,86.5,161,"2026-06-21_EQBNY",4.34593654932638,NA,NA,NA,NA,NA,NA,NA,NA,NA,NA,NA,NA,NA,NA,359.2,43.606117854,-80.24518773,-1.56968,9.41,240,25,13.806
650,2.4391,87,160,"2026-06-21_EQBNY",4.34593654932638,NA,NA,NA,NA,NA,NA,NA,NA,NA,NA,NA,NA,NA,NA,359.2,43.606135288,-80.245215809,-1.01412,9.41,240,25,13.806
651,2.4428,87,160,"2026-06-21_EQBNY",4.34593654932638,NA,NA,NA,NA,NA,NA,NA,NA,NA,NA,NA,NA,NA,NA,359,43.606164541,-80.245248918,-1.55466,9.41,240,25,13.806
652,2.4463,87,160,"2026-06-21_EQBNY",4.3561596096881,NA,NA,NA,NA,NA,NA,NA,NA,NA,NA,NA,NA,NA,NA,359,43.606183903,-80.245278003,-1.02835,9.41,240,25,13.7736
653,2.4503,87,160,"2026-06-21_EQBNY",4.3561596096881,NA,NA,NA,NA,NA,NA,NA,NA,NA,NA,NA,NA,NA,NA,359,43.606213491,-80.245319158,-1.02835,9.41,240,25,13.7736
654,2.4535,87,161,"2026-06-21_EQBNY",4.3675751222921,NA,NA,NA,NA,NA,NA,NA,NA,NA,NA,NA,NA,NA,NA,358.8,43.606237966,-80.245340699,-1.16554,9.41,240,25,13.7376
655,2.4557,87,160,"2026-06-21_EQBNY",4.37790035898783,NA,NA,NA,NA,NA,NA,NA,NA,NA,NA,NA,NA,NA,NA,359,43.606260933,-80.245332318,-0.25645,9.37,241,25,13.7052
656,2.4576,87.5,160,"2026-06-21_EQBNY",4.38827453045463,NA,NA,NA,NA,NA,NA,NA,NA,NA,NA,NA,NA,NA,NA,359,43.606260681,-80.24530449,-0.25645,9.37,241,25,13.6728
657,2.4599,87.5,160,"2026-06-21_EQBNY",4.38827453045463,NA,NA,NA,NA,NA,NA,NA,NA,NA,NA,NA,NA,NA,NA,359,43.606256323,-80.245276075,-0.25645,9.37,241,25,13.6728
658,2.4627,85,160,"2026-06-21_EQBNY",4.41033783187792,NA,NA,NA,NA,NA,NA,NA,NA,NA,NA,NA,NA,NA,NA,358.8,43.606236877,-80.245248582,-0.970735,9.73,246,25,13.6044
659,2.4657,85,160,"2026-06-21_EQBNY",4.476676515355,NA,NA,NA,NA,NA,NA,NA,NA,NA,NA,NA,NA,NA,NA,358.8,43.606219023,-80.245221341,-0.970735,9.65,248,25,13.4028
660,2.4687,85,160,"2026-06-21_EQBNY",4.82811896485129,NA,NA,NA,NA,NA,NA,NA,NA,NA,NA,NA,NA,NA,NA,358.8,43.606201337,-80.245195525,-0.970735,9.32,255,25,12.4272
661,2.4722,83.5,160,"2026-06-21_EQBNY",4.93388592855733,NA,NA,NA,NA,NA,NA,NA,NA,NA,NA,NA,NA,NA,NA,359,43.60617527,-80.245166356,0.141234,9.59,262,25,12.1608
662,2.4753,83.5,160,"2026-06-21_EQBNY",4.93388592855733,NA,NA,NA,NA,NA,NA,NA,NA,NA,NA,NA,NA,NA,NA,359,43.606155908,-80.24514054,0.141234,9.59,262,25,12.1608
663,2.4791,86,160,"2026-06-21_EQBNY",4.90773458971339,NA,NA,NA,NA,NA,NA,NA,NA,NA,NA,NA,NA,NA,NA,359.2,43.606124811,-80.245108185,0.66755,9.07,254,25,12.2256
664,2.4825,86,159,"2026-06-21_EQBNY",4.86760124610592,NA,NA,NA,NA,NA,NA,NA,NA,NA,NA,NA,NA,NA,NA,359.4,43.606109556,-80.245081447,1.88078,9.12,253,25,12.3264
665,2.4862,86,159,"2026-06-21_EQBNY",4.73754026909229,NA,NA,NA,NA,NA,NA,NA,NA,NA,NA,NA,NA,NA,NA,359.4,43.606083991,-80.245043896,0.971694,9.25,250,25,12.6648
666,2.4897,86,159,"2026-06-21_EQBNY",4.7001316036849,NA,NA,NA,NA,NA,NA,NA,NA,NA,NA,NA,NA,NA,NA,359.2,43.606064377,-80.245012967,0.400265,9.26,250,25,12.7656
667,2.4933,86,159,"2026-06-21_EQBNY",4.6882325363338,NA,NA,NA,NA,NA,NA,NA,NA,NA,NA,NA,NA,NA,NA,359.2,43.606040992,-80.244978014,0.400265,9.26,250,25,12.798
668,2.4969,87.5,159,"2026-06-21_EQBNY",4.67639356528245,NA,NA,NA,NA,NA,NA,NA,NA,NA,NA,NA,NA,NA,NA,359.2,43.606018025,-80.244944738,1.11455,8.93,245,25,12.8304
669,2.501,87.5,159,"2026-06-21_EQBNY",4.67639356528245,NA,NA,NA,NA,NA,NA,NA,NA,NA,NA,NA,NA,NA,NA,359.2,43.60599355,-80.244908109,1.11455,8.93,245,25,12.8304
670,2.505,88,159,"2026-06-21_EQBNY",4.63994060876021,NA,NA,NA,NA,NA,NA,NA,NA,NA,NA,NA,NA,NA,NA,359.4,43.605970248,-80.244871145,1.61455,8.97,244,25,12.9312
671,2.5089,88,159,"2026-06-21_EQBNY",4.4996400287977,NA,NA,NA,NA,NA,NA,NA,NA,NA,NA,NA,NA,NA,NA,359.4,43.605948623,-80.244834684,1.04312,9.1,241,25,13.3344
672,2.5125,87.5,159,"2026-06-21_EQBNY",4.46588067166845,NA,NA,NA,NA,NA,NA,NA,NA,NA,NA,NA,NA,NA,NA,359.4,43.605924399,-80.24480057,1.04312,9.14,240,25,13.4352
673,2.5163,87.5,160,"2026-06-21_EQBNY",4.46588067166845,NA,NA,NA,NA,NA,NA,NA,NA,NA,NA,NA,NA,NA,NA,359.4,43.605903026,-80.244766707,0.516807,9.14,240,25,13.4352
674,2.5206,88,159,"2026-06-21_EQBNY",4.510599909788,NA,NA,NA,NA,NA,NA,NA,NA,NA,NA,NA,NA,NA,NA,359.2,43.605872767,-80.244729743,-0.536545,9.1,241,25,13.302
675,2.5245,88.5,159,"2026-06-21_EQBNY",4.510599909788,NA,NA,NA,NA,NA,NA,NA,NA,NA,NA,NA,NA,NA,NA,359.2,43.605852147,-80.244697305,-0.536545,8.92,239,25,13.302
676,2.5288,88,160,"2026-06-21_EQBNY",4.3675751222921,NA,NA,NA,NA,NA,NA,NA,NA,NA,NA,NA,NA,NA,NA,359,43.605820296,-80.244658999,-0.430233,9.22,238,25,13.7376
677,2.5326,87.5,160,"2026-06-21_EQBNY",4.33576135969476,NA,NA,NA,NA,NA,NA,NA,NA,NA,NA,NA,NA,NA,NA,359,43.605801688,-80.244628573,-0.430233,9.26,237,25,13.8384
678,2.5365,87.5,160,"2026-06-21_EQBNY",4.3561596096881,NA,NA,NA,NA,NA,NA,NA,NA,NA,NA,NA,NA,NA,NA,359,43.605771262,-80.244594542,-0.430233,9.22,238,25,13.7736
679,2.5399,88,160,"2026-06-21_EQBNY",4.3561596096881,NA,NA,NA,NA,NA,NA,NA,NA,NA,NA,NA,NA,NA,NA,359,43.605751313,-80.244565792,-0.430233,9.22,238,25,13.7736
680,2.5438,88,160,"2026-06-21_EQBNY",4.3675751222921,NA,NA,NA,NA,NA,NA,NA,NA,NA,NA,NA,NA,NA,NA,358.8,43.605722563,-80.244533355,-1.44305,9.22,238,26,13.7376
681,2.5473,87.5,161,"2026-06-21_EQBNY",4.45394619632995,NA,NA,NA,NA,NA,NA,NA,NA,NA,NA,NA,NA,NA,NA,358.8,43.605701944,-80.24450318,-1.44305,9.22,238,25,13.4712
682,2.5511,87,161,"2026-06-21_EQBNY",4.4996400287977,NA,NA,NA,NA,NA,NA,NA,NA,NA,NA,NA,NA,NA,NA,358.6,43.605673445,-80.244471999,-1.96937,9.28,243,25,13.3344
683,2.5549,87,161,"2026-06-21_EQBNY",4.46588067166845,NA,NA,NA,NA,NA,NA,NA,NA,NA,NA,NA,NA,NA,NA,358.6,43.605650311,-80.244439645,-1.96937,9.29,243,25,13.4352
684,2.5585,87,161,"2026-06-21_EQBNY",4.46588067166845,NA,NA,NA,NA,NA,NA,NA,NA,NA,NA,NA,NA,NA,NA,358.4,43.605625752,-80.244411063,-2.05981,9.29,243,25,13.4352
685,2.5622,87.5,161,"2026-06-21_EQBNY",4.46588067166845,NA,NA,NA,NA,NA,NA,NA,NA,NA,NA,NA,NA,NA,NA,358.4,43.605600439,-80.244381977,-2.05981,9.14,240,25,13.4352
686,2.5655,87.5,161,"2026-06-21_EQBNY",4.4996400287977,NA,NA,NA,NA,NA,NA,NA,NA,NA,NA,NA,NA,NA,NA,358.4,43.605579065,-80.244357167,-1.59469,9.1,241,25,13.3344
687,2.5692,88,161,"2026-06-21_EQBNY",4.52161331162959,NA,NA,NA,NA,NA,NA,NA,NA,NA,NA,NA,NA,NA,NA,358.2,43.605549812,-80.244329088,-2.13523,9.06,242,25,13.2696
688,2.5726,88,162,"2026-06-21_EQBNY",4.5687134502924,NA,NA,NA,NA,NA,NA,NA,NA,NA,NA,NA,NA,NA,NA,358.2,43.60553154,-80.244298829,-2.13523,9.05,242,25,13.1328
689,2.5766,87,162,"2026-06-21_EQBNY",4.59136822773186,NA,NA,NA,NA,NA,NA,NA,NA,NA,NA,NA,NA,NA,NA,358.2,43.605499018,-80.244266642,-2.13523,9.2,245,25,13.068
690,2.58,87,162,"2026-06-21_EQBNY",4.5687134502924,NA,NA,NA,NA,NA,NA,NA,NA,NA,NA,NA,NA,NA,NA,358,43.605481751,-80.244238395,-2.21065,9.2,245,26,13.1328
691,2.5842,87,162,"2026-06-21_EQBNY",4.5687134502924,NA,NA,NA,NA,NA,NA,NA,NA,NA,NA,NA,NA,NA,NA,358,43.605448894,-80.244202102,-2.21065,9.2,245,26,13.1328
692,2.5877,87.5,162,"2026-06-21_EQBNY",4.53391367428364,NA,NA,NA,NA,NA,NA,NA,NA,NA,NA,NA,NA,NA,NA,357.8,43.605432717,-80.244169831,-2.25576,9.06,242,25,13.2336
693,2.5917,88,162,"2026-06-21_EQBNY",4.52161331162959,NA,NA,NA,NA,NA,NA,NA,NA,NA,NA,NA,NA,NA,NA,357.8,43.605404638,-80.244134208,-2.25576,9.06,242,26,13.2696
694,2.5952,88,162,"2026-06-21_EQBNY",4.510599909788,NA,NA,NA,NA,NA,NA,NA,NA,NA,NA,NA,NA,NA,NA,357.8,43.605381923,-80.244108057,-1.7002,9.1,241,26,13.302
695,2.5988,88,162,"2026-06-21_EQBNY",4.510599909788,NA,NA,NA,NA,NA,NA,NA,NA,NA,NA,NA,NA,NA,NA,357.6,43.605356023,-80.244079642,-2.25576,9.1,241,26,13.302
696,2.6025,87.5,163,"2026-06-21_EQBNY",4.510599909788,NA,NA,NA,NA,NA,NA,NA,NA,NA,NA,NA,NA,NA,NA,357.6,43.605331966,-80.244047456,-2.25576,9.1,241,26,13.302
697,2.6065,87.5,162,"2026-06-21_EQBNY",4.510599909788,NA,NA,NA,NA,NA,NA,NA,NA,NA,NA,NA,NA,NA,NA,357.8,43.605305061,-80.244015101,-1.21522,9.1,241,26,13.302
698,2.6102,88,162,"2026-06-21_EQBNY",4.510599909788,NA,NA,NA,NA,NA,NA,NA,NA,NA,NA,NA,NA,NA,NA,357.8,43.605279077,-80.24398719,-1.21522,9.1,241,26,13.302
699,2.6137,88,163,"2026-06-21_EQBNY",4.48752468138575,NA,NA,NA,NA,NA,NA,NA,NA,NA,NA,NA,NA,NA,NA,357.8,43.605256529,-80.243956931,-1.21522,9.1,241,26,13.3704
700,2.6173,88,162,"2026-06-21_EQBNY",4.48752468138575,NA,NA,NA,NA,NA,NA,NA,NA,NA,NA,NA,NA,NA,NA,358,43.605229288,-80.243929019,-0.0714286,9.1,241,26,13.3704
701,2.6209,88,162,"2026-06-21_EQBNY",4.4996400287977,NA,NA,NA,NA,NA,NA,NA,NA,NA,NA,NA,NA,NA,NA,358.2,43.605209172,-80.243899683,0.484127,9.1,241,26,13.3344
702,2.6246,88.5,163,"2026-06-21_EQBNY",4.4996400287977,NA,NA,NA,NA,NA,NA,NA,NA,NA,NA,NA,NA,NA,NA,358.2,43.605180086,-80.243869424,1.05556,8.92,239,26,13.3344
703,2.6285,88.5,162,"2026-06-21_EQBNY",4.4996400287977,NA,NA,NA,NA,NA,NA,NA,NA,NA,NA,NA,NA,NA,NA,358.4,43.605156701,-80.243839501,1.56838,8.92,239,26,13.3344
704,2.6326,88.5,162,"2026-06-21_EQBNY",4.4996400287977,NA,NA,NA,NA,NA,NA,NA,NA,NA,NA,NA,NA,NA,NA,358.4,43.605124598,-80.243803877,1.56838,8.92,239,26,13.3344
705,2.6361,88.5,163,"2026-06-21_EQBNY",4.4996400287977,NA,NA,NA,NA,NA,NA,NA,NA,NA,NA,NA,NA,NA,NA,358.6,43.605110097,-80.243775882,2.69536,8.92,239,26,13.3344
706,2.6399,88.5,163,"2026-06-21_EQBNY",4.48752468138575,NA,NA,NA,NA,NA,NA,NA,NA,NA,NA,NA,NA,NA,NA,358.6,43.605078833,-80.243740343,2.69536,8.92,239,26,13.3704
707,2.6434,88.5,163,"2026-06-21_EQBNY",4.48752468138575,NA,NA,NA,NA,NA,NA,NA,NA,NA,NA,NA,NA,NA,NA,358.6,43.605060225,-80.243711341,2.19536,8.92,239,26,13.3704
708,2.6476,88.5,163,"2026-06-21_EQBNY",4.48752468138575,NA,NA,NA,NA,NA,NA,NA,NA,NA,NA,NA,NA,NA,NA,358.6,43.605028542,-80.243677059,2.19536,8.92,239,26,13.3704
709,2.651,88.5,162,"2026-06-21_EQBNY",4.48752468138575,NA,NA,NA,NA,NA,NA,NA,NA,NA,NA,NA,NA,NA,NA,358.6,43.605011023,-80.243648561,2.19536,8.92,239,26,13.3704
710,2.6549,88.5,163,"2026-06-21_EQBNY",4.48752468138575,NA,NA,NA,NA,NA,NA,NA,NA,NA,NA,NA,NA,NA,NA,358.6,43.604981771,-80.24361562,1.6398,8.92,239,26,13.3704
711,2.6583,89,163,"2026-06-21_EQBNY",4.476676515355,NA,NA,NA,NA,NA,NA,NA,NA,NA,NA,NA,NA,NA,NA,358.6,43.604964671,-80.243583853,1.08425,8.96,238,26,13.4028
712,2.6623,89,163,"2026-06-21_EQBNY",4.48752468138575,NA,NA,NA,NA,NA,NA,NA,NA,NA,NA,NA,NA,NA,NA,358.6,43.604935167,-80.243549151,1.08425,8.92,239,26,13.3704
713,2.6653,88.5,163,"2026-06-21_EQBNY",4.476676515355,NA,NA,NA,NA,NA,NA,NA,NA,NA,NA,NA,NA,NA,NA,358.6,43.604920834,-80.243523838,0.571429,8.96,238,26,13.4028
714,2.6691,88.5,163,"2026-06-21_EQBNY",4.48752468138575,NA,NA,NA,NA,NA,NA,NA,NA,NA,NA,NA,NA,NA,NA,358.6,43.604893258,-80.243489305,0.571429,8.92,239,26,13.3704
715,2.6724,89,163,"2026-06-21_EQBNY",4.4996400287977,NA,NA,NA,NA,NA,NA,NA,NA,NA,NA,NA,NA,NA,NA,358.6,43.604876075,-80.243457202,0,8.92,239,26,13.3344
716,2.676,89.5,163,"2026-06-21_EQBNY",4.4996400287977,NA,NA,NA,NA,NA,NA,NA,NA,NA,NA,NA,NA,NA,NA,358.6,43.604852522,-80.243427614,0,8.92,239,26,13.3344
717,2.6789,89.5,163,"2026-06-21_EQBNY",4.4996400287977,NA,NA,NA,NA,NA,NA,NA,NA,NA,NA,NA,NA,NA,NA,358.6,43.604834081,-80.243399115,0,8.75,237,26,13.3344
718,2.6822,89.5,164,"2026-06-21_EQBNY",4.510599909788,NA,NA,NA,NA,NA,NA,NA,NA,NA,NA,NA,NA,NA,NA,358.6,43.604812288,-80.243370785,0,8.74,237,26,13.302
719,2.6856,89,164,"2026-06-21_EQBNY",4.53391367428364,NA,NA,NA,NA,NA,NA,NA,NA,NA,NA,NA,NA,NA,NA,358.6,43.604789825,-80.243338682,0,8.88,240,26,13.2336
720,2.6892,89,164,"2026-06-21_EQBNY",4.54504135987638,NA,NA,NA,NA,NA,NA,NA,NA,NA,NA,NA,NA,NA,NA,358.6,43.60477105,-80.243305238,0,8.88,240,26,13.2012
721,2.6927,88,164,"2026-06-21_EQBNY",4.55622380171314,NA,NA,NA,NA,NA,NA,NA,NA,NA,NA,NA,NA,NA,NA,358.8,43.604745904,-80.243274309,0.571429,9.05,242,26,13.1688
722,2.6964,88,164,"2026-06-21_EQBNY",4.55622380171314,NA,NA,NA,NA,NA,NA,NA,NA,NA,NA,NA,NA,NA,NA,358.8,43.604726542,-80.243240614,0.571429,9.05,242,26,13.1688
723,2.7003,88,164,"2026-06-21_EQBNY",4.5687134502924,NA,NA,NA,NA,NA,NA,NA,NA,NA,NA,NA,NA,NA,NA,358.8,43.604699803,-80.243205158,0.571429,9.05,242,26,13.1328
724,2.7037,87.5,164,"2026-06-21_EQBNY",4.5687134502924,NA,NA,NA,NA,NA,NA,NA,NA,NA,NA,NA,NA,NA,NA,359,43.604685722,-80.243172469,1.15966,9.05,242,26,13.1328
725,2.7072,87.5,164,"2026-06-21_EQBNY",4.5687134502924,NA,NA,NA,NA,NA,NA,NA,NA,NA,NA,NA,NA,NA,NA,359,43.604661749,-80.243140366,1.15966,9.05,242,26,13.1328
726,2.7105,87.5,164,"2026-06-21_EQBNY",4.5687134502924,NA,NA,NA,NA,NA,NA,NA,NA,NA,NA,NA,NA,NA,NA,359,43.604643896,-80.243110191,1.15966,9.05,242,26,13.1328
727,2.7141,88,164,"2026-06-21_EQBNY",4.5687134502924,NA,NA,NA,NA,NA,NA,NA,NA,NA,NA,NA,NA,NA,NA,359,43.604619086,-80.243075993,1.15966,9.05,242,26,13.1328
728,2.7171,88,165,"2026-06-21_EQBNY",4.58001282403591,NA,NA,NA,NA,NA,NA,NA,NA,NA,NA,NA,NA,NA,NA,359,43.604598885,-80.243050093,1.15966,9.02,243,26,13.1004
729,2.7213,88,164,"2026-06-21_EQBNY",4.58001282403591,NA,NA,NA,NA,NA,NA,NA,NA,NA,NA,NA,NA,NA,NA,359.2,43.604570638,-80.243013632,1.63585,9.02,243,26,13.1004
730,2.7251,88.5,164,"2026-06-21_EQBNY",4.59136822773186,NA,NA,NA,NA,NA,NA,NA,NA,NA,NA,NA,NA,NA,NA,359.2,43.604546666,-80.242986055,1.63585,8.84,241,26,13.068
731,2.729,88.5,165,"2026-06-21_EQBNY",4.59136822773186,NA,NA,NA,NA,NA,NA,NA,NA,NA,NA,NA,NA,NA,NA,359.4,43.604520766,-80.242952192,1.57725,8.84,241,26,13.068
732,2.7325,88.5,165,"2026-06-21_EQBNY",4.58001282403591,NA,NA,NA,NA,NA,NA,NA,NA,NA,NA,NA,NA,NA,NA,359.6,43.604499811,-80.242918581,2.14867,8.84,241,26,13.1004
733,2.7365,88.5,165,"2026-06-21_EQBNY",4.58001282403591,NA,NA,NA,NA,NA,NA,NA,NA,NA,NA,NA,NA,NA,NA,359.8,43.604474414,-80.242886394,2.64867,8.84,241,26,13.1004
734,2.74,88,165,"2026-06-21_EQBNY",4.58001282403591,NA,NA,NA,NA,NA,NA,NA,NA,NA,NA,NA,NA,NA,NA,359.8,43.604451448,-80.242853537,2.06044,9.02,243,26,13.1004
735,2.7437,88,165,"2026-06-21_EQBNY",4.58001282403591,NA,NA,NA,NA,NA,NA,NA,NA,NA,NA,NA,NA,NA,NA,360,43.604431918,-80.242822776,2.60098,9.02,243,26,13.1004
736,2.747,88,165,"2026-06-21_EQBNY",4.58001282403591,NA,NA,NA,NA,NA,NA,NA,NA,NA,NA,NA,NA,NA,NA,360,43.604406521,-80.242791427,2.60098,9.02,243,26,13.1004
737,2.7505,87.5,165,"2026-06-21_EQBNY",4.58001282403591,NA,NA,NA,NA,NA,NA,NA,NA,NA,NA,NA,NA,NA,NA,360,43.604388583,-80.242762175,2.60098,9.02,243,26,13.1004
738,2.7546,87.5,165,"2026-06-21_EQBNY",4.58001282403591,NA,NA,NA,NA,NA,NA,NA,NA,NA,NA,NA,NA,NA,NA,360,43.60435975,-80.242725378,2.60098,9.02,243,26,13.1004
739,2.7579,88,165,"2026-06-21_EQBNY",4.58001282403591,NA,NA,NA,NA,NA,NA,NA,NA,NA,NA,NA,NA,NA,NA,360,43.604342148,-80.242698807,2.12479,9.02,243,26,13.1004
740,2.7616,88,166,"2026-06-21_EQBNY",4.59136822773186,NA,NA,NA,NA,NA,NA,NA,NA,NA,NA,NA,NA,NA,NA,360,43.604317756,-80.242667627,2.12479,9.01,243,26,13.068
741,2.7646,87,166,"2026-06-21_EQBNY",4.59136822773186,NA,NA,NA,NA,NA,NA,NA,NA,NA,NA,NA,NA,NA,NA,360.2,43.604296969,-80.242640888,2.27864,9.2,245,26,13.068
742,2.7684,87,166,"2026-06-21_EQBNY",4.59136822773186,NA,NA,NA,NA,NA,NA,NA,NA,NA,NA,NA,NA,NA,NA,360.2,43.604272913,-80.242610378,1.70721,9.2,245,26,13.068
743,2.7714,87,166,"2026-06-21_EQBNY",4.60405156537753,NA,NA,NA,NA,NA,NA,NA,NA,NA,NA,NA,NA,NA,NA,360.2,43.604251539,-80.242584646,1.20721,9.19,245,26,13.032
744,2.7751,87,166,"2026-06-21_EQBNY",4.60405156537753,NA,NA,NA,NA,NA,NA,NA,NA,NA,NA,NA,NA,NA,NA,360.2,43.604232764,-80.242550783,1.20721,9.19,245,26,13.032
745,2.7781,87.5,166,"2026-06-21_EQBNY",4.61552663158866,NA,NA,NA,NA,NA,NA,NA,NA,NA,NA,NA,NA,NA,NA,360.4,43.604212144,-80.242519938,1.33333,9.01,243,26,12.9996
746,2.7814,87.5,166,"2026-06-21_EQBNY",4.61552663158866,NA,NA,NA,NA,NA,NA,NA,NA,NA,NA,NA,NA,NA,NA,360.4,43.604194123,-80.242486829,1.33333,9.01,243,26,12.9996
747,2.7854,87.5,167,"2026-06-21_EQBNY",4.62705904127337,NA,NA,NA,NA,NA,NA,NA,NA,NA,NA,NA,NA,NA,NA,360.4,43.604163278,-80.242454643,1.33333,8.97,244,26,12.9672
748,2.7889,87,167,"2026-06-21_EQBNY",4.62705904127337,NA,NA,NA,NA,NA,NA,NA,NA,NA,NA,NA,NA,NA,NA,360.4,43.604146682,-80.242424216,1.33333,9.16,246,26,12.9672
749,2.7931,87,167,"2026-06-21_EQBNY",4.63994060876021,NA,NA,NA,NA,NA,NA,NA,NA,NA,NA,NA,NA,NA,NA,360.4,43.60411592,-80.242387839,1.33333,9.15,246,26,12.9312
750,2.7968,87,167,"2026-06-21_EQBNY",4.62705904127337,NA,NA,NA,NA,NA,NA,NA,NA,NA,NA,NA,NA,NA,NA,360.2,43.60409287,-80.242360681,0.792793,9.16,246,26,12.9672
751,2.8011,87,167,"2026-06-21_EQBNY",4.62705904127337,NA,NA,NA,NA,NA,NA,NA,NA,NA,NA,NA,NA,NA,NA,360.2,43.604066215,-80.242322292,0.126126,9.16,246,26,12.9672
752,2.8043,87,167,"2026-06-21_EQBNY",4.62705904127337,NA,NA,NA,NA,NA,NA,NA,NA,NA,NA,NA,NA,NA,NA,360.4,43.604046937,-80.242290357,0.751126,9.16,246,26,12.9672
753,2.8081,86.5,167,"2026-06-21_EQBNY",4.61552663158866,NA,NA,NA,NA,NA,NA,NA,NA,NA,NA,NA,NA,NA,NA,360.2,43.604026234,-80.242255572,0.22481,9.16,246,26,12.9996
754,2.8118,87,167,"2026-06-21_EQBNY",4.61552663158866,NA,NA,NA,NA,NA,NA,NA,NA,NA,NA,NA,NA,NA,NA,360.2,43.604001004,-80.242216177,0.22481,9.16,246,26,12.9996
755,2.8159,86.5,167,"2026-06-21_EQBNY",4.61552663158866,NA,NA,NA,NA,NA,NA,NA,NA,NA,NA,NA,NA,NA,NA,360.4,43.603978205,-80.242179213,0.0459485,9.16,246,26,12.9996
756,2.8205,86.5,167,"2026-06-21_EQBNY",4.61552663158866,NA,NA,NA,NA,NA,NA,NA,NA,NA,NA,NA,NA,NA,NA,360.4,43.603948617,-80.242133867,0.0459485,9.16,246,26,12.9996
757,2.8244,85.5,167,"2026-06-21_EQBNY",4.60405156537753,NA,NA,NA,NA,NA,NA,NA,NA,NA,NA,NA,NA,NA,NA,360.2,43.603930764,-80.242098076,-0.466872,9.55,250,26,13.032
758,2.8288,85,167,"2026-06-21_EQBNY",4.58001282403591,NA,NA,NA,NA,NA,NA,NA,NA,NA,NA,NA,NA,NA,NA,360.2,43.603909725,-80.242057005,-0.466872,9.55,250,26,13.1004
759,2.8323,85,166,"2026-06-21_EQBNY",4.5687134502924,NA,NA,NA,NA,NA,NA,NA,NA,NA,NA,NA,NA,NA,NA,360,43.603888267,-80.242022723,-1.0383,9.55,250,26,13.1328
760,2.8357,85,167,"2026-06-21_EQBNY",4.55622380171314,NA,NA,NA,NA,NA,NA,NA,NA,NA,NA,NA,NA,NA,NA,360,43.603870498,-80.241994141,-0.49776,9.59,249,26,13.1688
761,2.8391,85,167,"2026-06-21_EQBNY",4.55622380171314,NA,NA,NA,NA,NA,NA,NA,NA,NA,NA,NA,NA,NA,NA,359.8,43.603847615,-80.241963714,-1.086,9.59,249,26,13.1688
762,2.8419,85,166,"2026-06-21_EQBNY",4.55622380171314,NA,NA,NA,NA,NA,NA,NA,NA,NA,NA,NA,NA,NA,NA,359.8,43.603833366,-80.241936557,-1.711,9.59,249,26,13.1688
763,2.8452,85,167,"2026-06-21_EQBNY",4.55622380171314,NA,NA,NA,NA,NA,NA,NA,NA,NA,NA,NA,NA,NA,NA,359.6,43.603812579,-80.24190018,-1.79074,9.59,249,26,13.1688
764,2.8487,85,167,"2026-06-21_EQBNY",4.58001282403591,NA,NA,NA,NA,NA,NA,NA,NA,NA,NA,NA,NA,NA,NA,359.4,43.603791037,-80.241867742,-2.36217,9.55,250,26,13.1004
765,2.8522,85,166,"2026-06-21_EQBNY",4.58001282403591,NA,NA,NA,NA,NA,NA,NA,NA,NA,NA,NA,NA,NA,NA,359.2,43.603773603,-80.24183413,-3.4214,9.55,250,27,13.1004
766,2.8554,84.5,166,"2026-06-21_EQBNY",4.59136822773186,NA,NA,NA,NA,NA,NA,NA,NA,NA,NA,NA,NA,NA,NA,359.2,43.60375072,-80.241803955,-3.4214,9.55,250,26,13.068
767,2.8587,84.5,166,"2026-06-21_EQBNY",4.59136822773186,NA,NA,NA,NA,NA,NA,NA,NA,NA,NA,NA,NA,NA,NA,359,43.603731274,-80.241773948,-3.51464,9.72,253,26,13.068
768,2.8628,84.5,166,"2026-06-21_EQBNY",4.60405156537753,NA,NA,NA,NA,NA,NA,NA,NA,NA,NA,NA,NA,NA,NA,359,43.603698334,-80.2417426,-3.51464,9.72,253,27,13.032
769,2.8669,85,166,"2026-06-21_EQBNY",4.60405156537753,NA,NA,NA,NA,NA,NA,NA,NA,NA,NA,NA,NA,NA,NA,358.8,43.60367126,-80.241714269,-3.43102,9.55,250,26,13.032
770,2.8708,85,166,"2026-06-21_EQBNY",4.60405156537753,NA,NA,NA,NA,NA,NA,NA,NA,NA,NA,NA,NA,NA,NA,358.8,43.603639744,-80.241688537,-3.43102,9.55,250,27,13.032
771,2.8747,86,166,"2026-06-21_EQBNY",4.59136822773186,NA,NA,NA,NA,NA,NA,NA,NA,NA,NA,NA,NA,NA,NA,358.6,43.603610659,-80.241660792,-3.3556,9.35,248,26,13.068
772,2.8787,86.5,165,"2026-06-21_EQBNY",4.58001282403591,NA,NA,NA,NA,NA,NA,NA,NA,NA,NA,NA,NA,NA,NA,358.6,43.603580233,-80.241630199,-3.3556,9.2,245,26,13.1004
773,2.8822,87,165,"2026-06-21_EQBNY",4.58001282403591,NA,NA,NA,NA,NA,NA,NA,NA,NA,NA,NA,NA,NA,NA,358.4,43.60355341,-80.241609244,-3.32097,9.2,245,27,13.1004
774,2.8862,87.5,165,"2026-06-21_EQBNY",4.5687134502924,NA,NA,NA,NA,NA,NA,NA,NA,NA,NA,NA,NA,NA,NA,358.4,43.603523236,-80.241582841,-2.74954,9.05,242,26,13.1328
775,2.8904,87.5,165,"2026-06-21_EQBNY",4.5687134502924,NA,NA,NA,NA,NA,NA,NA,NA,NA,NA,NA,NA,NA,NA,358.2,43.603485768,-80.241559455,-2.65431,9.05,242,27,13.1328
776,2.8944,87,165,"2026-06-21_EQBNY",4.55622380171314,NA,NA,NA,NA,NA,NA,NA,NA,NA,NA,NA,NA,NA,NA,358.2,43.603456599,-80.241540177,-2.65431,9.05,242,27,13.1688
777,2.8985,87,165,"2026-06-21_EQBNY",4.54504135987638,NA,NA,NA,NA,NA,NA,NA,NA,NA,NA,NA,NA,NA,NA,358.2,43.603422737,-80.241516121,-2.04824,9.24,244,27,13.2012
778,2.9025,87,165,"2026-06-21_EQBNY",4.53391367428364,NA,NA,NA,NA,NA,NA,NA,NA,NA,NA,NA,NA,NA,NA,358,43.603394992,-80.241489466,-2.54824,9.24,244,27,13.2336
779,2.9064,87,165,"2026-06-21_EQBNY",4.52161331162959,NA,NA,NA,NA,NA,NA,NA,NA,NA,NA,NA,NA,NA,NA,358,43.603362806,-80.241461052,-2.06044,9.24,244,26,13.2696
780,2.9105,87,164,"2026-06-21_EQBNY",4.510599909788,NA,NA,NA,NA,NA,NA,NA,NA,NA,NA,NA,NA,NA,NA,358.2,43.60333305,-80.241431464,-1.57263,9.25,244,27,13.302
781,2.9148,87,164,"2026-06-21_EQBNY",4.510599909788,NA,NA,NA,NA,NA,NA,NA,NA,NA,NA,NA,NA,NA,NA,358,43.603302289,-80.24140263,-1.52493,9.25,244,27,13.302
782,2.9188,87,164,"2026-06-21_EQBNY",4.48752468138575,NA,NA,NA,NA,NA,NA,NA,NA,NA,NA,NA,NA,NA,NA,358,43.603271527,-80.241371701,-1.52493,9.28,243,26,13.3704
783,2.9228,87,164,"2026-06-21_EQBNY",4.476676515355,NA,NA,NA,NA,NA,NA,NA,NA,NA,NA,NA,NA,NA,NA,358,43.603249147,-80.241342867,-0.953502,9.29,243,27,13.4028
784,2.9269,87,164,"2026-06-21_EQBNY",4.46588067166845,NA,NA,NA,NA,NA,NA,NA,NA,NA,NA,NA,NA,NA,NA,358,43.603213692,-80.241313027,-0.953502,9.29,243,26,13.4352
785,2.9307,86.5,164,"2026-06-21_EQBNY",4.45394619632995,NA,NA,NA,NA,NA,NA,NA,NA,NA,NA,NA,NA,NA,NA,357.8,43.603186451,-80.241287882,-1.00363,9.48,245,26,13.4712
786,2.9347,86,164,"2026-06-21_EQBNY",4.44325957522438,NA,NA,NA,NA,NA,NA,NA,NA,NA,NA,NA,NA,NA,NA,357.8,43.603160132,-80.241259048,-1.00363,9.48,245,27,13.5036
787,2.9385,85,164,"2026-06-21_EQBNY",4.43262411347518,NA,NA,NA,NA,NA,NA,NA,NA,NA,NA,NA,NA,NA,NA,357.4,43.60312761,-80.241230298,-2.05626,9.69,247,26,13.536
788,2.9423,84.5,164,"2026-06-21_EQBNY",4.42086648983201,NA,NA,NA,NA,NA,NA,NA,NA,NA,NA,NA,NA,NA,NA,357.2,43.603102967,-80.241206074,-2.08257,9.9,249,27,13.572
789,2.9461,84.5,163,"2026-06-21_EQBNY",4.42086648983201,NA,NA,NA,NA,NA,NA,NA,NA,NA,NA,NA,NA,NA,NA,357,43.603075893,-80.241177408,-2.60889,9.9,249,27,13.572
790,2.9496,83.5,163,"2026-06-21_EQBNY",4.42086648983201,NA,NA,NA,NA,NA,NA,NA,NA,NA,NA,NA,NA,NA,NA,356.8,43.603046641,-80.24114782,-3.66812,10.08,252,26,13.572
791,2.9538,83,163,"2026-06-21_EQBNY",4.41033783187792,NA,NA,NA,NA,NA,NA,NA,NA,NA,NA,NA,NA,NA,NA,356.4,43.603019232,-80.241118651,-4.15539,10.08,252,26,13.6044
792,2.9581,82.5,163,"2026-06-21_EQBNY",4.41033783187792,NA,NA,NA,NA,NA,NA,NA,NA,NA,NA,NA,NA,NA,NA,356.2,43.602984531,-80.241088811,-4.6205,10.08,252,26,13.6044
793,2.9622,82.5,163,"2026-06-21_EQBNY",4.41033783187792,NA,NA,NA,NA,NA,NA,NA,NA,NA,NA,NA,NA,NA,NA,356,43.602956451,-80.241059978,-5.10831,10.08,252,27,13.6044
794,2.9666,82.5,163,"2026-06-21_EQBNY",4.38827453045463,NA,NA,NA,NA,NA,NA,NA,NA,NA,NA,NA,NA,NA,NA,356,43.602924432,-80.241025947,-5.10831,10.13,251,27,13.6728
795,2.9701,83,162,"2026-06-21_EQBNY",4.37790035898783,NA,NA,NA,NA,NA,NA,NA,NA,NA,NA,NA,NA,NA,NA,356,43.602902891,-80.240994766,-4.58199,10.13,251,27,13.7052
796,2.9741,84.5,162,"2026-06-21_EQBNY",4.3675751222921,NA,NA,NA,NA,NA,NA,NA,NA,NA,NA,NA,NA,NA,NA,356,43.602876823,-80.240962496,-4.58199,10.13,251,27,13.7376
797,2.9777,85,162,"2026-06-21_EQBNY",4.3675751222921,NA,NA,NA,NA,NA,NA,NA,NA,NA,NA,NA,NA,NA,NA,356,43.602848157,-80.24093492,-3.52936,9.77,245,27,13.7376
798,2.9813,85,163,"2026-06-21_EQBNY",4.3675751222921,NA,NA,NA,NA,NA,NA,NA,NA,NA,NA,NA,NA,NA,NA,356,43.602825275,-80.240911618,-3.00305,9.77,245,27,13.7376
799,2.9851,85,164,"2026-06-21_EQBNY",4.3675751222921,NA,NA,NA,NA,NA,NA,NA,NA,NA,NA,NA,NA,NA,NA,356.2,43.602791915,-80.240883706,-1.95041,9.77,245,27,13.7376
800,2.9886,85.5,164,"2026-06-21_EQBNY",4.3561596096881,NA,NA,NA,NA,NA,NA,NA,NA,NA,NA,NA,NA,NA,NA,356.2,43.602768697,-80.240864009,-1.37899,9.77,245,27,13.7736
801,2.9927,86,164,"2026-06-21_EQBNY",4.3675751222921,NA,NA,NA,NA,NA,NA,NA,NA,NA,NA,NA,NA,NA,NA,356.4,43.602733325,-80.240838947,0.0611995,9.57,243,27,13.7376
802,2.9964,86,164,"2026-06-21_EQBNY",4.3561596096881,NA,NA,NA,NA,NA,NA,NA,NA,NA,NA,NA,NA,NA,NA,356.2,43.602702312,-80.240817908,-0.0142248,9.61,242,26,13.7736
803,3.0004,86,165,"2026-06-21_EQBNY",4.3561596096881,NA,NA,NA,NA,NA,NA,NA,NA,NA,NA,NA,NA,NA,NA,356.2,43.602670461,-80.240796367,0.47358,9.61,242,27,13.7736
804,3.0048,86,164,"2026-06-21_EQBNY",4.3561596096881,NA,NA,NA,NA,NA,NA,NA,NA,NA,NA,NA,NA,NA,NA,356,43.602632155,-80.240778932,0.0190347,9.61,242,26,13.7736
805,3.0087,85,164,"2026-06-21_EQBNY",4.34593654932638,NA,NA,NA,NA,NA,NA,NA,NA,NA,NA,NA,NA,NA,NA,355.8,43.602602903,-80.240759906,-0.493786,9.78,245,26,13.806
806,3.0127,85,164,"2026-06-21_EQBNY",4.31443610320131,NA,NA,NA,NA,NA,NA,NA,NA,NA,NA,NA,NA,NA,NA,355.6,43.602566022,-80.240748422,-0.993786,9.82,244,26,13.9068
807,3.0163,84.5,164,"2026-06-21_EQBNY",4.31443610320131,NA,NA,NA,NA,NA,NA,NA,NA,NA,NA,NA,NA,NA,NA,355.6,43.602535261,-80.240733922,-0.993786,9.99,247,26,13.9068
808,3.0208,84.5,165,"2026-06-21_EQBNY",4.30440771349862,NA,NA,NA,NA,NA,NA,NA,NA,NA,NA,NA,NA,NA,NA,355.6,43.602497039,-80.240721936,-0.993786,10.03,246,26,13.9392
809,3.0242,84.5,164,"2026-06-21_EQBNY",4.30440771349862,NA,NA,NA,NA,NA,NA,NA,NA,NA,NA,NA,NA,NA,NA,355.6,43.602468541,-80.240709782,-1.5201,10.03,246,27,13.9392
810,3.0279,85,164,"2026-06-21_EQBNY",4.29331959471063,NA,NA,NA,NA,NA,NA,NA,NA,NA,NA,NA,NA,NA,NA,355.6,43.602433337,-80.240699388,-1.5201,9.86,243,27,13.9752
811,3.0318,86,164,"2026-06-21_EQBNY",4.29331959471063,NA,NA,NA,NA,NA,NA,NA,NA,NA,NA,NA,NA,NA,NA,355.6,43.602395115,-80.2406957,-2.00791,9.86,243,26,13.9752
812,3.036,87,164,"2026-06-21_EQBNY",4.29331959471063,NA,NA,NA,NA,NA,NA,NA,NA,NA,NA,NA,NA,NA,NA,355.6,43.602360079,-80.2406957,-1.46737,9.45,239,26,13.9752
813,3.0396,87,164,"2026-06-21_EQBNY",4.29331959471063,NA,NA,NA,NA,NA,NA,NA,NA,NA,NA,NA,NA,NA,NA,355.6,43.602324288,-80.240696119,-1.46737,9.45,239,26,13.9752
814,3.0437,87,164,"2026-06-21_EQBNY",4.28338901739056,NA,NA,NA,NA,NA,NA,NA,NA,NA,NA,NA,NA,NA,NA,355.8,43.602291766,-80.240694527,-0.525016,9.49,238,27,14.0076
815,3.0476,87,164,"2026-06-21_EQBNY",4.27350427350427,NA,NA,NA,NA,NA,NA,NA,NA,NA,NA,NA,NA,NA,NA,355.8,43.602255389,-80.240698047,-0.0121951,9.49,238,26,14.04
816,3.051,87,164,"2026-06-21_EQBNY",4.27350427350427,NA,NA,NA,NA,NA,NA,NA,NA,NA,NA,NA,NA,NA,NA,355.8,43.602229237,-80.240694275,0.487805,9.49,238,26,14.04
817,3.055,87,164,"2026-06-21_EQBNY",4.27350427350427,NA,NA,NA,NA,NA,NA,NA,NA,NA,NA,NA,NA,NA,NA,356,43.602190681,-80.240698299,0.987805,9.49,238,26,14.04
818,3.0582,86,164,"2026-06-21_EQBNY",4.27350427350427,NA,NA,NA,NA,NA,NA,NA,NA,NA,NA,NA,NA,NA,NA,356.2,43.602160087,-80.240697879,1.6128,9.69,240,26,14.04
819,3.0621,86,164,"2026-06-21_EQBNY",4.28338901739056,NA,NA,NA,NA,NA,NA,NA,NA,NA,NA,NA,NA,NA,NA,356.2,43.602124966,-80.240698382,1.6128,9.65,241,26,14.0076
820,3.0656,86,164,"2026-06-21_EQBNY",4.29331959471063,NA,NA,NA,NA,NA,NA,NA,NA,NA,NA,NA,NA,NA,NA,356.2,43.602094456,-80.240701484,1.6128,9.65,241,26,13.9752
821,3.0692,86.5,163,"2026-06-21_EQBNY",4.29331959471063,NA,NA,NA,NA,NA,NA,NA,NA,NA,NA,NA,NA,NA,NA,356.2,43.602062689,-80.240700645,1.6128,9.45,239,26,13.9752
822,3.0726,87,163,"2026-06-21_EQBNY",4.30440771349862,NA,NA,NA,NA,NA,NA,NA,NA,NA,NA,NA,NA,NA,NA,356.2,43.602027485,-80.240704585,1.6128,9.45,239,26,13.9392
823,3.076,87.5,163,"2026-06-21_EQBNY",4.31443610320131,NA,NA,NA,NA,NA,NA,NA,NA,NA,NA,NA,NA,NA,NA,356.2,43.601999741,-80.240704585,1.6128,9.26,237,26,13.9068
824,3.0798,87.5,163,"2026-06-21_EQBNY",4.32451133021969,NA,NA,NA,NA,NA,NA,NA,NA,NA,NA,NA,NA,NA,NA,356.2,43.601963447,-80.240712799,1.125,9.26,237,26,13.8744
825,3.0834,87,164,"2026-06-21_EQBNY",4.33576135969476,NA,NA,NA,NA,NA,NA,NA,NA,NA,NA,NA,NA,NA,NA,356.4,43.601935116,-80.240715649,1.68056,9.41,240,26,13.8384
826,3.0875,87,164,"2026-06-21_EQBNY",4.34593654932638,NA,NA,NA,NA,NA,NA,NA,NA,NA,NA,NA,NA,NA,NA,356.4,43.601898152,-80.240722103,1.68056,9.41,240,26,13.806
827,3.0908,87,164,"2026-06-21_EQBNY",4.34593654932638,NA,NA,NA,NA,NA,NA,NA,NA,NA,NA,NA,NA,NA,NA,356.6,43.601870827,-80.240719672,1.78662,9.41,240,26,13.806
828,3.0943,87,163,"2026-06-21_EQBNY",4.34593654932638,NA,NA,NA,NA,NA,NA,NA,NA,NA,NA,NA,NA,NA,NA,356.6,43.601836126,-80.240726378,1.16162,9.41,240,26,13.806
829,3.0981,87,164,"2026-06-21_EQBNY",4.3675751222921,NA,NA,NA,NA,NA,NA,NA,NA,NA,NA,NA,NA,NA,NA,356.8,43.60180394,-80.240729898,1.68793,9.41,240,26,13.7376
830,3.1019,87,164,"2026-06-21_EQBNY",4.37790035898783,NA,NA,NA,NA,NA,NA,NA,NA,NA,NA,NA,NA,NA,NA,356.8,43.601769155,-80.240736688,1.68793,9.37,241,26,13.7052
831,3.1055,88,164,"2026-06-21_EQBNY",4.37790035898783,NA,NA,NA,NA,NA,NA,NA,NA,NA,NA,NA,NA,NA,NA,357,43.601736968,-80.240745992,2.24349,9.22,238,26,13.7052
832,3.1092,87,164,"2026-06-21_EQBNY",4.37790035898783,NA,NA,NA,NA,NA,NA,NA,NA,NA,NA,NA,NA,NA,NA,357,43.601703273,-80.240746997,2.24349,9.37,241,26,13.7052
833,3.1131,87,164,"2026-06-21_EQBNY",4.38827453045463,NA,NA,NA,NA,NA,NA,NA,NA,NA,NA,NA,NA,NA,NA,357,43.601666476,-80.240755966,2.24349,9.37,241,26,13.6728
834,3.1167,87,165,"2026-06-21_EQBNY",4.38827453045463,NA,NA,NA,NA,NA,NA,NA,NA,NA,NA,NA,NA,NA,NA,357.2,43.601637224,-80.240759151,2.79904,9.37,241,26,13.6728
835,3.1206,86.5,165,"2026-06-21_EQBNY",4.38827453045463,NA,NA,NA,NA,NA,NA,NA,NA,NA,NA,NA,NA,NA,NA,357.4,43.601601684,-80.240779016,2.75631,9.37,241,26,13.6728
836,3.124,86.5,165,"2026-06-21_EQBNY",4.38827453045463,NA,NA,NA,NA,NA,NA,NA,NA,NA,NA,NA,NA,NA,NA,357.4,43.601574695,-80.240785806,2.75631,9.37,241,26,13.6728
837,3.128,87,165,"2026-06-21_EQBNY",4.38827453045463,NA,NA,NA,NA,NA,NA,NA,NA,NA,NA,NA,NA,NA,NA,357.6,43.601539574,-80.240809946,2.65025,9.37,241,26,13.6728
838,3.1313,87,165,"2026-06-21_EQBNY",4.39985920450546,NA,NA,NA,NA,NA,NA,NA,NA,NA,NA,NA,NA,NA,NA,357.8,43.601512752,-80.240822351,3.25631,9.37,241,26,13.6368
839,3.1353,87,165,"2026-06-21_EQBNY",4.39985920450546,NA,NA,NA,NA,NA,NA,NA,NA,NA,NA,NA,NA,NA,NA,358,43.601481069,-80.240840288,3.22999,9.37,241,26,13.6368
840,3.1382,86.5,165,"2026-06-21_EQBNY",4.39985920450546,NA,NA,NA,NA,NA,NA,NA,NA,NA,NA,NA,NA,NA,NA,358.2,43.60145542,-80.240859231,3.91965,9.37,241,26,13.6368
841,3.1419,86,165,"2026-06-21_EQBNY",4.41033783187792,NA,NA,NA,NA,NA,NA,NA,NA,NA,NA,NA,NA,NA,NA,358.2,43.601426,-80.240874738,3.36409,9.53,244,26,13.6044
842,3.1456,86,165,"2026-06-21_EQBNY",4.43262411347518,NA,NA,NA,NA,NA,NA,NA,NA,NA,NA,NA,NA,NA,NA,358.2,43.601395741,-80.240903404,3.36409,9.52,244,26,13.536
843,3.1493,86.5,165,"2026-06-21_EQBNY",4.44325957522438,NA,NA,NA,NA,NA,NA,NA,NA,NA,NA,NA,NA,NA,NA,358.2,43.601367578,-80.24092109,3.36409,9.33,242,26,13.5036
844,3.1534,86.5,165,"2026-06-21_EQBNY",4.44325957522438,NA,NA,NA,NA,NA,NA,NA,NA,NA,NA,NA,NA,NA,NA,358.4,43.601337235,-80.240956294,3.29634,9.33,242,26,13.5036
845,3.1569,87,166,"2026-06-21_EQBNY",4.44325957522438,NA,NA,NA,NA,NA,NA,NA,NA,NA,NA,NA,NA,NA,NA,358.4,43.601312592,-80.240975404,2.78352,9.33,242,26,13.5036
846,3.1608,86.5,166,"2026-06-21_EQBNY",4.44325957522438,NA,NA,NA,NA,NA,NA,NA,NA,NA,NA,NA,NA,NA,NA,358.6,43.601288955,-80.24101547,3.29634,9.33,242,26,13.5036
847,3.1642,86.5,166,"2026-06-21_EQBNY",4.44325957522438,NA,NA,NA,NA,NA,NA,NA,NA,NA,NA,NA,NA,NA,NA,358.6,43.601270264,-80.241045645,2.79634,9.33,242,26,13.5036
848,3.1679,86,166,"2026-06-21_EQBNY",4.44325957522438,NA,NA,NA,NA,NA,NA,NA,NA,NA,NA,NA,NA,NA,NA,358.6,43.601248219,-80.24107934,2.19028,9.52,244,26,13.5036
849,3.1714,86,167,"2026-06-21_EQBNY",4.45394619632995,NA,NA,NA,NA,NA,NA,NA,NA,NA,NA,NA,NA,NA,NA,358.6,43.601225504,-80.241110101,1.69028,9.48,245,26,13.4712
850,3.1747,86.5,167,"2026-06-21_EQBNY",4.45394619632995,NA,NA,NA,NA,NA,NA,NA,NA,NA,NA,NA,NA,NA,NA,358.6,43.6012017,-80.241131559,1.00063,9.33,242,26,13.4712
851,3.1782,87,167,"2026-06-21_EQBNY",4.45394619632995,NA,NA,NA,NA,NA,NA,NA,NA,NA,NA,NA,NA,NA,NA,358.8,43.6011758,-80.241168104,1.57205,9.33,242,26,13.4712
852,3.1816,87,168,"2026-06-21_EQBNY",4.476676515355,NA,NA,NA,NA,NA,NA,NA,NA,NA,NA,NA,NA,NA,NA,358.8,43.601155767,-80.241188808,1.57205,9.29,243,26,13.4028
853,3.185,86.5,168,"2026-06-21_EQBNY",4.476676515355,NA,NA,NA,NA,NA,NA,NA,NA,NA,NA,NA,NA,NA,NA,358.8,43.60113146,-80.241219821,1.57205,9.29,243,26,13.4028
854,3.188,86,168,"2026-06-21_EQBNY",4.48752468138575,NA,NA,NA,NA,NA,NA,NA,NA,NA,NA,NA,NA,NA,NA,358.8,43.601110589,-80.241243625,1.08425,9.48,245,26,13.3704
855,3.1918,86,168,"2026-06-21_EQBNY",4.4996400287977,NA,NA,NA,NA,NA,NA,NA,NA,NA,NA,NA,NA,NA,NA,359,43.601084688,-80.241275309,1.61056,9.44,246,26,13.3344
856,3.1954,86,168,"2026-06-21_EQBNY",4.52161331162959,NA,NA,NA,NA,NA,NA,NA,NA,NA,NA,NA,NA,NA,NA,359.2,43.601060381,-80.24130716,1.6533,9.44,246,26,13.2696
857,3.199,86,168,"2026-06-21_EQBNY",4.52161331162959,NA,NA,NA,NA,NA,NA,NA,NA,NA,NA,NA,NA,NA,NA,359.2,43.601038839,-80.241333814,1.6533,9.44,246,26,13.2696
858,3.2028,86,167,"2026-06-21_EQBNY",4.52161331162959,NA,NA,NA,NA,NA,NA,NA,NA,NA,NA,NA,NA,NA,NA,359.2,43.601015957,-80.241373712,1.6533,9.44,246,26,13.2696
859,3.2064,86,168,"2026-06-21_EQBNY",4.53391367428364,NA,NA,NA,NA,NA,NA,NA,NA,NA,NA,NA,NA,NA,NA,359.4,43.600996259,-80.241402546,2.20886,9.43,246,26,13.2336
860,3.2101,86,167,"2026-06-21_EQBNY",4.53391367428364,NA,NA,NA,NA,NA,NA,NA,NA,NA,NA,NA,NA,NA,NA,359.4,43.600977484,-80.241445378,2.20886,9.43,246,26,13.2336
861,3.2134,86,167,"2026-06-21_EQBNY",4.53391367428364,NA,NA,NA,NA,NA,NA,NA,NA,NA,NA,NA,NA,NA,NA,359.4,43.600963654,-80.241476558,1.63743,9.43,246,26,13.2336
862,3.2171,86,167,"2026-06-21_EQBNY",4.53391367428364,NA,NA,NA,NA,NA,NA,NA,NA,NA,NA,NA,NA,NA,NA,359.4,43.600942615,-80.24151545,1.63743,9.43,246,26,13.2336
863,3.2203,86,168,"2026-06-21_EQBNY",4.54504135987638,NA,NA,NA,NA,NA,NA,NA,NA,NA,NA,NA,NA,NA,NA,359.6,43.600926606,-80.24154814,2.26243,9.4,247,26,13.2012
864,3.2237,86,167,"2026-06-21_EQBNY",4.55622380171314,NA,NA,NA,NA,NA,NA,NA,NA,NA,NA,NA,NA,NA,NA,359.6,43.600910596,-80.241582338,2.26243,9.39,247,26,13.1688
865,3.2272,86,167,"2026-06-21_EQBNY",4.5687134502924,NA,NA,NA,NA,NA,NA,NA,NA,NA,NA,NA,NA,NA,NA,359.8,43.600896347,-80.241625169,2.30754,9.39,247,26,13.1328
866,3.2307,86,168,"2026-06-21_EQBNY",4.5687134502924,NA,NA,NA,NA,NA,NA,NA,NA,NA,NA,NA,NA,NA,NA,359.8,43.600880338,-80.241659451,1.75198,9.39,247,26,13.1328
867,3.2345,87,167,"2026-06-21_EQBNY",4.58001282403591,NA,NA,NA,NA,NA,NA,NA,NA,NA,NA,NA,NA,NA,NA,359.8,43.60086525,-80.241704881,1.75198,9.2,245,26,13.1004
868,3.238,86,167,"2026-06-21_EQBNY",4.58001282403591,NA,NA,NA,NA,NA,NA,NA,NA,NA,NA,NA,NA,NA,NA,360,43.600852761,-80.241741259,2.32341,9.39,247,26,13.1004
869,3.2422,86,168,"2026-06-21_EQBNY",4.58001282403591,NA,NA,NA,NA,NA,NA,NA,NA,NA,NA,NA,NA,NA,NA,360,43.600845134,-80.241795573,1.76786,9.39,247,26,13.1004
870,3.2456,86,168,"2026-06-21_EQBNY",4.58001282403591,NA,NA,NA,NA,NA,NA,NA,NA,NA,NA,NA,NA,NA,NA,360,43.600837422,-80.241834717,1.76786,9.39,247,26,13.1004
871,3.2498,86,168,"2026-06-21_EQBNY",4.58001282403591,NA,NA,NA,NA,NA,NA,NA,NA,NA,NA,NA,NA,NA,NA,360,43.600831304,-80.241886601,1.76786,9.39,247,26,13.1004
872,3.2535,86,168,"2026-06-21_EQBNY",4.5687134502924,NA,NA,NA,NA,NA,NA,NA,NA,NA,NA,NA,NA,NA,NA,360.2,43.600828538,-80.241933456,2.3084,9.39,247,26,13.1328
873,3.2573,86.5,168,"2026-06-21_EQBNY",4.5687134502924,NA,NA,NA,NA,NA,NA,NA,NA,NA,NA,NA,NA,NA,NA,360.2,43.600823257,-80.241976287,1.6834,9.39,247,26,13.1328
874,3.261,86.5,168,"2026-06-21_EQBNY",4.55622380171314,NA,NA,NA,NA,NA,NA,NA,NA,NA,NA,NA,NA,NA,NA,360.2,43.600827448,-80.242026746,1.6834,9.39,247,26,13.1688
875,3.2647,86.5,167,"2026-06-21_EQBNY",4.55622380171314,NA,NA,NA,NA,NA,NA,NA,NA,NA,NA,NA,NA,NA,NA,360.2,43.600821916,-80.242065387,1.11197,9.39,247,26,13.1688
876,3.2683,86.5,168,"2026-06-21_EQBNY",4.55622380171314,NA,NA,NA,NA,NA,NA,NA,NA,NA,NA,NA,NA,NA,NA,360.2,43.600825772,-80.242114756,1.11197,9.39,247,26,13.1688
877,3.2717,86,168,"2026-06-21_EQBNY",4.55622380171314,NA,NA,NA,NA,NA,NA,NA,NA,NA,NA,NA,NA,NA,NA,360.2,43.600827448,-80.242156331,1.11197,9.39,247,26,13.1688
878,3.2756,85.5,168,"2026-06-21_EQBNY",4.55622380171314,NA,NA,NA,NA,NA,NA,NA,NA,NA,NA,NA,NA,NA,NA,360.2,43.600835075,-80.242201844,0.540541,9.59,249,26,13.1688
879,3.2792,85,168,"2026-06-21_EQBNY",4.5687134502924,NA,NA,NA,NA,NA,NA,NA,NA,NA,NA,NA,NA,NA,NA,360.2,43.600845301,-80.24224719,0.540541,9.55,250,26,13.1328
880,3.2831,85,168,"2026-06-21_EQBNY",4.5687134502924,NA,NA,NA,NA,NA,NA,NA,NA,NA,NA,NA,NA,NA,NA,360,43.600848989,-80.242290525,0.02772,9.55,250,26,13.1328
881,3.2868,85,168,"2026-06-21_EQBNY",4.5687134502924,NA,NA,NA,NA,NA,NA,NA,NA,NA,NA,NA,NA,NA,NA,360,43.600863993,-80.242337464,0.02772,9.55,250,26,13.1328
882,3.29,85.5,168,"2026-06-21_EQBNY",4.55622380171314,NA,NA,NA,NA,NA,NA,NA,NA,NA,NA,NA,NA,NA,NA,360,43.600870279,-80.242371662,-0.512821,9.59,249,26,13.1688
883,3.294,85.5,168,"2026-06-21_EQBNY",4.55622380171314,NA,NA,NA,NA,NA,NA,NA,NA,NA,NA,NA,NA,NA,NA,360,43.600886121,-80.242420361,-0.512821,9.59,249,26,13.1688
884,3.2975,85,167,"2026-06-21_EQBNY",4.55622380171314,NA,NA,NA,NA,NA,NA,NA,NA,NA,NA,NA,NA,NA,NA,360,43.600892743,-80.242461432,-0.512821,9.59,249,26,13.1688
885,3.3018,85,167,"2026-06-21_EQBNY",4.5687134502924,NA,NA,NA,NA,NA,NA,NA,NA,NA,NA,NA,NA,NA,NA,359.8,43.600906405,-80.242509544,-0.977937,9.55,250,26,13.1328
886,3.3051,86,167,"2026-06-21_EQBNY",4.55622380171314,NA,NA,NA,NA,NA,NA,NA,NA,NA,NA,NA,NA,NA,NA,359.8,43.600918392,-80.242549526,-0.977937,9.39,247,26,13.1688
887,3.309,86,167,"2026-06-21_EQBNY",4.55622380171314,NA,NA,NA,NA,NA,NA,NA,NA,NA,NA,NA,NA,NA,NA,359.8,43.600931467,-80.242591184,-0.977937,9.39,247,26,13.1688
888,3.3124,86,167,"2026-06-21_EQBNY",4.54504135987638,NA,NA,NA,NA,NA,NA,NA,NA,NA,NA,NA,NA,NA,NA,359.8,43.600946639,-80.242633429,-0.977937,9.4,247,26,13.2012
889,3.316,86,167,"2026-06-21_EQBNY",4.54504135987638,NA,NA,NA,NA,NA,NA,NA,NA,NA,NA,NA,NA,NA,NA,359.8,43.600958792,-80.242667878,-0.977937,9.4,247,26,13.2012
890,3.3198,87,167,"2026-06-21_EQBNY",4.55622380171314,NA,NA,NA,NA,NA,NA,NA,NA,NA,NA,NA,NA,NA,NA,359.8,43.600980921,-80.242713392,-0.465116,9.24,244,26,13.1688
891,3.3234,87.5,167,"2026-06-21_EQBNY",4.55622380171314,NA,NA,NA,NA,NA,NA,NA,NA,NA,NA,NA,NA,NA,NA,359.6,43.600992488,-80.242749769,-1.02067,9.05,242,26,13.1688
892,3.328,87.5,166,"2026-06-21_EQBNY",4.55622380171314,NA,NA,NA,NA,NA,NA,NA,NA,NA,NA,NA,NA,NA,NA,359.6,43.601014532,-80.242803833,-1.02067,9.05,242,26,13.1688
893,3.3318,87.5,166,"2026-06-21_EQBNY",4.55622380171314,NA,NA,NA,NA,NA,NA,NA,NA,NA,NA,NA,NA,NA,NA,359.4,43.601027105,-80.242843395,-1.54699,9.05,242,26,13.1688
894,3.3359,87,166,"2026-06-21_EQBNY",4.55622380171314,NA,NA,NA,NA,NA,NA,NA,NA,NA,NA,NA,NA,NA,NA,359.4,43.601043952,-80.242888155,-1.54699,9.24,244,26,13.1688
895,3.3396,87,166,"2026-06-21_EQBNY",4.54504135987638,NA,NA,NA,NA,NA,NA,NA,NA,NA,NA,NA,NA,NA,NA,359.4,43.60106013,-80.242932579,-1.08187,9.24,244,26,13.2012
896,3.3435,86.5,166,"2026-06-21_EQBNY",4.53391367428364,NA,NA,NA,NA,NA,NA,NA,NA,NA,NA,NA,NA,NA,NA,359.4,43.601077648,-80.24297013,-1.08187,9.24,244,26,13.2336
897,3.3474,87,166,"2026-06-21_EQBNY",4.53391367428364,NA,NA,NA,NA,NA,NA,NA,NA,NA,NA,NA,NA,NA,NA,359.2,43.601100949,-80.243011369,-1.59469,9.24,244,26,13.2336
898,3.351,86.5,166,"2026-06-21_EQBNY",4.52161331162959,NA,NA,NA,NA,NA,NA,NA,NA,NA,NA,NA,NA,NA,NA,359.2,43.601112013,-80.243048668,-1.59469,9.24,244,26,13.2696
899,3.3553,86.5,165,"2026-06-21_EQBNY",4.52161331162959,NA,NA,NA,NA,NA,NA,NA,NA,NA,NA,NA,NA,NA,NA,359,43.601141183,-80.243092254,-2.05981,9.24,244,26,13.2696
900,3.3587,86,165,"2026-06-21_EQBNY",4.510599909788,NA,NA,NA,NA,NA,NA,NA,NA,NA,NA,NA,NA,NA,NA,359,43.601154845,-80.24312662,-2.05981,9.44,246,26,13.302
901,3.3628,85.5,165,"2026-06-21_EQBNY",4.4996400287977,NA,NA,NA,NA,NA,NA,NA,NA,NA,NA,NA,NA,NA,NA,359,43.601179153,-80.243163584,-1.50425,9.64,248,26,13.3344
902,3.3663,85.5,165,"2026-06-21_EQBNY",4.48752468138575,NA,NA,NA,NA,NA,NA,NA,NA,NA,NA,NA,NA,NA,NA,359.2,43.601202873,-80.24319334,-0.932824,9.64,248,26,13.3704
903,3.3697,85.5,165,"2026-06-21_EQBNY",4.48752468138575,NA,NA,NA,NA,NA,NA,NA,NA,NA,NA,NA,NA,NA,NA,359.2,43.60122584,-80.243216809,-0.406508,9.64,248,26,13.3704
904,3.3735,85.5,165,"2026-06-21_EQBNY",4.48752468138575,NA,NA,NA,NA,NA,NA,NA,NA,NA,NA,NA,NA,NA,NA,359.4,43.601258362,-80.243240865,0.119808,9.64,248,26,13.3704
905,3.3769,85.5,165,"2026-06-21_EQBNY",4.4996400287977,NA,NA,NA,NA,NA,NA,NA,NA,NA,NA,NA,NA,NA,NA,359.6,43.601282753,-80.243260311,0.708043,9.64,248,26,13.3344
906,3.3811,85.5,165,"2026-06-21_EQBNY",4.4996400287977,NA,NA,NA,NA,NA,NA,NA,NA,NA,NA,NA,NA,NA,NA,359.8,43.601319214,-80.2432842,1.18423,9.64,248,26,13.3344
907,3.3848,85.5,165,"2026-06-21_EQBNY",4.4996400287977,NA,NA,NA,NA,NA,NA,NA,NA,NA,NA,NA,NA,NA,NA,360,43.601350227,-80.243294006,2.23759,9.64,248,26,13.3344
908,3.3881,85,165,"2026-06-21_EQBNY",4.48752468138575,NA,NA,NA,NA,NA,NA,NA,NA,NA,NA,NA,NA,NA,NA,360,43.601375876,-80.243312363,2.23759,9.64,248,26,13.3704
909,3.3913,85,165,"2026-06-21_EQBNY",4.48752468138575,NA,NA,NA,NA,NA,NA,NA,NA,NA,NA,NA,NA,NA,NA,360.2,43.601404458,-80.243325606,3.32771,9.64,248,26,13.3704
910,3.3947,85,165,"2026-06-21_EQBNY",4.4996400287977,NA,NA,NA,NA,NA,NA,NA,NA,NA,NA,NA,NA,NA,NA,360.4,43.601429352,-80.243346058,3.91595,9.64,248,26,13.3344
911,3.3986,85.5,164,"2026-06-21_EQBNY",4.52161331162959,NA,NA,NA,NA,NA,NA,NA,NA,NA,NA,NA,NA,NA,NA,360.4,43.601468747,-80.243358715,3.91595,9.6,249,26,13.2696
912,3.402,85.5,164,"2026-06-21_EQBNY",4.52161331162959,NA,NA,NA,NA,NA,NA,NA,NA,NA,NA,NA,NA,NA,NA,360.4,43.601492887,-80.243373383,3.34452,9.6,249,26,13.2696
913,3.4057,85.5,164,"2026-06-21_EQBNY",4.7254512805973,NA,NA,NA,NA,NA,NA,NA,NA,NA,NA,NA,NA,NA,NA,360.6,43.601526247,-80.243388219,3.88506,9.41,253,26,12.6972
914,3.4092,83.5,164,"2026-06-21_EQBNY",4.476676515355,NA,NA,NA,NA,NA,NA,NA,NA,NA,NA,NA,NA,NA,NA,360.6,43.601555332,-80.243405402,3.35874,10.03,253,26,13.4028
915,3.4126,83.5,164,"2026-06-21_EQBNY",4.63994060876021,NA,NA,NA,NA,NA,NA,NA,NA,NA,NA,NA,NA,NA,NA,360.6,43.601579472,-80.243425937,2.77051,9.85,257,26,12.9312
916,3.4164,84,164,"2026-06-21_EQBNY",4.63994060876021,NA,NA,NA,NA,NA,NA,NA,NA,NA,NA,NA,NA,NA,NA,360.8,43.601616101,-80.243440773,2.82063,9.67,254,26,12.9312
917,3.4198,84.5,163,"2026-06-21_EQBNY",4.63994060876021,NA,NA,NA,NA,NA,NA,NA,NA,NA,NA,NA,NA,NA,NA,360.8,43.601640492,-80.243461477,2.28009,9.67,254,26,12.9312
918,3.424,84.5,162,"2026-06-21_EQBNY",4.6633090841261,NA,NA,NA,NA,NA,NA,NA,NA,NA,NA,NA,NA,NA,NA,360.8,43.601677205,-80.243478492,2.28009,9.67,254,26,12.8664
919,3.4277,84.5,162,"2026-06-21_EQBNY",4.510599909788,NA,NA,NA,NA,NA,NA,NA,NA,NA,NA,NA,NA,NA,NA,360.6,43.601706626,-80.243493999,1.11455,9.81,251,26,13.302
920,3.4313,84.5,162,"2026-06-21_EQBNY",4.46588067166845,NA,NA,NA,NA,NA,NA,NA,NA,NA,NA,NA,NA,NA,NA,360.4,43.601736717,-80.243509337,-0.0292398,9.86,250,26,13.4352
921,3.4345,84.5,162,"2026-06-21_EQBNY",4.46588067166845,NA,NA,NA,NA,NA,NA,NA,NA,NA,NA,NA,NA,NA,NA,360.4,43.601766389,-80.243524676,-0.0292398,9.86,250,26,13.4352
922,3.438,84.5,163,"2026-06-21_EQBNY",4.510599909788,NA,NA,NA,NA,NA,NA,NA,NA,NA,NA,NA,NA,NA,NA,360.2,43.601792121,-80.243543368,-0.600668,9.81,251,26,13.302
923,3.4421,85.5,163,"2026-06-21_EQBNY",4.60405156537753,NA,NA,NA,NA,NA,NA,NA,NA,NA,NA,NA,NA,NA,NA,360.2,43.601829085,-80.243559126,-1.14121,9.55,250,26,13.032
924,3.4453,86,163,"2026-06-21_EQBNY",4.60405156537753,NA,NA,NA,NA,NA,NA,NA,NA,NA,NA,NA,NA,NA,NA,360.2,43.601852052,-80.243575554,-1.14121,9.35,248,26,13.032
925,3.449,86,163,"2026-06-21_EQBNY",4.60405156537753,NA,NA,NA,NA,NA,NA,NA,NA,NA,NA,NA,NA,NA,NA,360.2,43.601888513,-80.243588379,-1.14121,9.35,248,26,13.032
926,3.4523,86,163,"2026-06-21_EQBNY",4.59136822773186,NA,NA,NA,NA,NA,NA,NA,NA,NA,NA,NA,NA,NA,NA,360,43.601912737,-80.243606819,-2.27359,9.35,248,26,13.068
927,3.4558,86,162,"2026-06-21_EQBNY",4.60405156537753,NA,NA,NA,NA,NA,NA,NA,NA,NA,NA,NA,NA,NA,NA,360,43.601944085,-80.243624421,-2.27359,9.35,248,26,13.032
928,3.4593,86,163,"2026-06-21_EQBNY",4.62705904127337,NA,NA,NA,NA,NA,NA,NA,NA,NA,NA,NA,NA,NA,NA,359.8,43.601973589,-80.24364043,-2.84501,9.35,248,26,12.9672
929,3.4633,85,163,"2026-06-21_EQBNY",4.62705904127337,NA,NA,NA,NA,NA,NA,NA,NA,NA,NA,NA,NA,NA,NA,359.8,43.602006446,-80.243662475,-2.30447,9.51,251,26,12.9672
930,3.4675,85,163,"2026-06-21_EQBNY",4.62705904127337,NA,NA,NA,NA,NA,NA,NA,NA,NA,NA,NA,NA,NA,NA,359.8,43.602040393,-80.243685776,-1.74892,9.51,251,26,12.9672
931,3.4715,86,163,"2026-06-21_EQBNY",4.61552663158866,NA,NA,NA,NA,NA,NA,NA,NA,NA,NA,NA,NA,NA,NA,359.8,43.602069311,-80.243705222,-1.74892,9.35,248,26,12.9996
932,3.4754,87,163,"2026-06-21_EQBNY",4.58001282403591,NA,NA,NA,NA,NA,NA,NA,NA,NA,NA,NA,NA,NA,NA,360,43.602106023,-80.243723076,-0.664669,9.2,245,26,13.1004
933,3.4788,87.5,162,"2026-06-21_EQBNY",4.5687134502924,NA,NA,NA,NA,NA,NA,NA,NA,NA,NA,NA,NA,NA,NA,360.2,43.602125721,-80.243743444,-0.0764334,9.05,242,26,13.1328
934,3.4824,87.5,163,"2026-06-21_EQBNY",4.5687134502924,NA,NA,NA,NA,NA,NA,NA,NA,NA,NA,NA,NA,NA,NA,360.2,43.602157404,-80.243768674,-0.0764334,9.05,242,26,13.1328
935,3.4854,87,163,"2026-06-21_EQBNY",4.55622380171314,NA,NA,NA,NA,NA,NA,NA,NA,NA,NA,NA,NA,NA,NA,360.2,43.602175845,-80.243789544,-0.0764334,9.24,244,26,13.1688
936,3.4886,87,163,"2026-06-21_EQBNY",4.5687134502924,NA,NA,NA,NA,NA,NA,NA,NA,NA,NA,NA,NA,NA,NA,360.2,43.602200907,-80.24381645,0.529627,9.24,244,26,13.1328
937,3.4919,87,162,"2026-06-21_EQBNY",4.58001282403591,NA,NA,NA,NA,NA,NA,NA,NA,NA,NA,NA,NA,NA,NA,360.2,43.602222532,-80.243840842,0.529627,9.2,245,26,13.1004
938,3.4953,87,163,"2026-06-21_EQBNY",4.59136822773186,NA,NA,NA,NA,NA,NA,NA,NA,NA,NA,NA,NA,NA,NA,360.2,43.60224575,-80.243869508,1.10106,9.2,245,26,13.068
939,3.4985,87.5,163,"2026-06-21_EQBNY",4.60405156537753,NA,NA,NA,NA,NA,NA,NA,NA,NA,NA,NA,NA,NA,NA,360.2,43.602266537,-80.243897168,1.10106,9.01,243,26,13.032
940,3.5018,87.5,162,"2026-06-21_EQBNY",4.61552663158866,NA,NA,NA,NA,NA,NA,NA,NA,NA,NA,NA,NA,NA,NA,360.4,43.602288078,-80.243925834,1.70712,9.01,243,26,12.9996
941,3.5051,87.5,162,"2026-06-21_EQBNY",4.62705904127337,NA,NA,NA,NA,NA,NA,NA,NA,NA,NA,NA,NA,NA,NA,360.6,43.602311464,-80.243954836,2.31318,8.97,244,26,12.9672
942,3.5087,88,162,"2026-06-21_EQBNY",4.62705904127337,NA,NA,NA,NA,NA,NA,NA,NA,NA,NA,NA,NA,NA,NA,360.8,43.602330491,-80.243988866,2.35591,8.97,244,26,12.9672
943,3.5124,88,163,"2026-06-21_EQBNY",4.63994060876021,NA,NA,NA,NA,NA,NA,NA,NA,NA,NA,NA,NA,NA,NA,361,43.602355469,-80.244026668,2.30822,8.97,244,26,12.9312
944,3.5165,87,162,"2026-06-21_EQBNY",4.63994060876021,NA,NA,NA,NA,NA,NA,NA,NA,NA,NA,NA,NA,NA,NA,361,43.602375837,-80.244061956,2.30822,9.15,246,26,12.9312
945,3.5206,87,162,"2026-06-21_EQBNY",4.63994060876021,NA,NA,NA,NA,NA,NA,NA,NA,NA,NA,NA,NA,NA,NA,361.2,43.602404754,-80.244100429,2.79602,9.15,246,26,12.9312
946,3.5245,87,162,"2026-06-21_EQBNY",4.62705904127337,NA,NA,NA,NA,NA,NA,NA,NA,NA,NA,NA,NA,NA,NA,361.2,43.602422356,-80.244133957,2.79602,9.16,246,26,12.9672
947,3.5286,87,162,"2026-06-21_EQBNY",4.61552663158866,NA,NA,NA,NA,NA,NA,NA,NA,NA,NA,NA,NA,NA,NA,361.2,43.602450268,-80.244174944,2.79602,9.16,246,26,12.9996
948,3.5319,87.5,162,"2026-06-21_EQBNY",4.60405156537753,NA,NA,NA,NA,NA,NA,NA,NA,NA,NA,NA,NA,NA,NA,361.2,43.602463092,-80.244206628,2.79602,9.01,243,26,13.032
949,3.5362,88,162,"2026-06-21_EQBNY",4.60405156537753,NA,NA,NA,NA,NA,NA,NA,NA,NA,NA,NA,NA,NA,NA,361.4,43.602486646,-80.244250717,3.26114,9.01,243,26,13.032
950,3.5397,88,162,"2026-06-21_EQBNY",4.58001282403591,NA,NA,NA,NA,NA,NA,NA,NA,NA,NA,NA,NA,NA,NA,361.4,43.602506762,-80.244281478,2.65508,9.02,243,26,13.1004
951,3.5436,88,162,"2026-06-21_EQBNY",4.58001282403591,NA,NA,NA,NA,NA,NA,NA,NA,NA,NA,NA,NA,NA,NA,361.4,43.602529393,-80.244319365,2.04902,9.02,243,26,13.1004
952,3.5468,87.5,163,"2026-06-21_EQBNY",4.5687134502924,NA,NA,NA,NA,NA,NA,NA,NA,NA,NA,NA,NA,NA,NA,361.6,43.602546241,-80.244351886,2.11846,9.05,242,26,13.1328
953,3.5511,87.5,163,"2026-06-21_EQBNY",4.5687134502924,NA,NA,NA,NA,NA,NA,NA,NA,NA,NA,NA,NA,NA,NA,361.6,43.602567866,-80.244395472,1.57792,9.05,242,26,13.1328
954,3.5547,87.5,164,"2026-06-21_EQBNY",4.5687134502924,NA,NA,NA,NA,NA,NA,NA,NA,NA,NA,NA,NA,NA,NA,361.6,43.602584714,-80.244434867,1.57792,9.05,242,26,13.1328
955,3.5584,87.5,164,"2026-06-21_EQBNY",4.5687134502924,NA,NA,NA,NA,NA,NA,NA,NA,NA,NA,NA,NA,NA,NA,361.6,43.602600137,-80.244473508,1.09012,9.05,242,26,13.1328
956,3.5624,88,165,"2026-06-21_EQBNY",4.55622380171314,NA,NA,NA,NA,NA,NA,NA,NA,NA,NA,NA,NA,NA,NA,361.6,43.602624863,-80.244515417,1.09012,9.05,242,26,13.1688
957,3.566,88,165,"2026-06-21_EQBNY",4.55622380171314,NA,NA,NA,NA,NA,NA,NA,NA,NA,NA,NA,NA,NA,NA,361.4,43.602641376,-80.244546849,0.534561,9.05,242,26,13.1688
958,3.5698,88,165,"2026-06-21_EQBNY",4.54504135987638,NA,NA,NA,NA,NA,NA,NA,NA,NA,NA,NA,NA,NA,NA,361.4,43.602665599,-80.244588843,0.534561,9.06,242,26,13.2012
959,3.5735,88,166,"2026-06-21_EQBNY",4.54504135987638,NA,NA,NA,NA,NA,NA,NA,NA,NA,NA,NA,NA,NA,NA,361.4,43.602679178,-80.244623041,0.0694444,9.06,242,26,13.2012
960,3.5776,87,166,"2026-06-21_EQBNY",4.54504135987638,NA,NA,NA,NA,NA,NA,NA,NA,NA,NA,NA,NA,NA,NA,361.4,43.602707173,-80.244664447,0.0694444,9.24,244,26,13.2012
961,3.581,87,166,"2026-06-21_EQBNY",4.54504135987638,NA,NA,NA,NA,NA,NA,NA,NA,NA,NA,NA,NA,NA,NA,361.6,43.602722093,-80.244693952,0.65768,9.24,244,26,13.2012
962,3.585,88,166,"2026-06-21_EQBNY",4.53391367428364,NA,NA,NA,NA,NA,NA,NA,NA,NA,NA,NA,NA,NA,NA,361.6,43.602749418,-80.244734353,0.0326797,9.06,242,26,13.2336
963,3.588,88,166,"2026-06-21_EQBNY",4.52161331162959,NA,NA,NA,NA,NA,NA,NA,NA,NA,NA,NA,NA,NA,NA,361.8,43.60276241,-80.24476218,0.699346,9.06,242,26,13.2696
964,3.5918,87.5,166,"2026-06-21_EQBNY",4.53391367428364,NA,NA,NA,NA,NA,NA,NA,NA,NA,NA,NA,NA,NA,NA,361.8,43.602785712,-80.244799815,0.699346,9.06,242,26,13.2336
965,3.5952,87.5,166,"2026-06-21_EQBNY",4.54504135987638,NA,NA,NA,NA,NA,NA,NA,NA,NA,NA,NA,NA,NA,NA,362,43.60280323,-80.244833678,1.28758,9.06,242,26,13.2012
966,3.5989,88,165,"2026-06-21_EQBNY",4.54504135987638,NA,NA,NA,NA,NA,NA,NA,NA,NA,NA,NA,NA,NA,NA,362.2,43.60282343,-80.244868547,1.82812,9.06,242,26,13.2012
967,3.6019,88,166,"2026-06-21_EQBNY",4.54504135987638,NA,NA,NA,NA,NA,NA,NA,NA,NA,NA,NA,NA,NA,NA,362.2,43.602840949,-80.244902829,2.38368,9.06,242,26,13.2012
968,3.6055,87.5,166,"2026-06-21_EQBNY",4.54504135987638,NA,NA,NA,NA,NA,NA,NA,NA,NA,NA,NA,NA,NA,NA,362.4,43.602854444,-80.244939458,2.93923,9.06,242,26,13.2012
969,3.6094,87.5,166,"2026-06-21_EQBNY",4.5687134502924,NA,NA,NA,NA,NA,NA,NA,NA,NA,NA,NA,NA,NA,NA,362.4,43.602879254,-80.244980361,2.93923,9.05,242,26,13.1328
970,3.613,88,166,"2026-06-21_EQBNY",4.5687134502924,NA,NA,NA,NA,NA,NA,NA,NA,NA,NA,NA,NA,NA,NA,362.6,43.602893,-80.245012548,3.49479,9.05,242,26,13.1328
971,3.6167,88,167,"2026-06-21_EQBNY",4.5687134502924,NA,NA,NA,NA,NA,NA,NA,NA,NA,NA,NA,NA,NA,NA,362.6,43.602915212,-80.245053619,2.90655,9.05,242,26,13.1328
972,3.6198,87.5,167,"2026-06-21_EQBNY",4.5687134502924,NA,NA,NA,NA,NA,NA,NA,NA,NA,NA,NA,NA,NA,NA,362.6,43.602926696,-80.245082956,2.90655,9.05,242,26,13.1328
973,3.624,87.5,167,"2026-06-21_EQBNY",4.5687134502924,NA,NA,NA,NA,NA,NA,NA,NA,NA,NA,NA,NA,NA,NA,362.6,43.602953015,-80.245126039,2.23989,9.05,242,26,13.1328
974,3.6277,87,167,"2026-06-21_EQBNY",4.5687134502924,NA,NA,NA,NA,NA,NA,NA,NA,NA,NA,NA,NA,NA,NA,362.6,43.602969276,-80.245162333,2.23989,9.2,245,26,13.1328
975,3.6313,87.5,167,"2026-06-21_EQBNY",4.5687134502924,NA,NA,NA,NA,NA,NA,NA,NA,NA,NA,NA,NA,NA,NA,362.6,43.602991739,-80.24519519,1.65165,9.05,242,26,13.1328
976,3.6346,87,167,"2026-06-21_EQBNY",4.5687134502924,NA,NA,NA,NA,NA,NA,NA,NA,NA,NA,NA,NA,NA,NA,362.8,43.603009844,-80.245230729,1.71717,9.2,245,26,13.1328
977,3.6386,87,167,"2026-06-21_EQBNY",4.5687134502924,NA,NA,NA,NA,NA,NA,NA,NA,NA,NA,NA,NA,NA,NA,362.8,43.60303214,-80.245266603,1.71717,9.2,245,26,13.1328
978,3.6418,87,167,"2026-06-21_EQBNY",4.5687134502924,NA,NA,NA,NA,NA,NA,NA,NA,NA,NA,NA,NA,NA,NA,362.8,43.603051586,-80.245300969,1.16162,9.2,245,26,13.1328
979,3.6454,87.5,168,"2026-06-21_EQBNY",4.58001282403591,NA,NA,NA,NA,NA,NA,NA,NA,NA,NA,NA,NA,NA,NA,363,43.603068266,-80.245333575,1.71717,9.02,243,26,13.1004
980,3.6489,87.5,168,"2026-06-21_EQBNY",4.58001282403591,NA,NA,NA,NA,NA,NA,NA,NA,NA,NA,NA,NA,NA,NA,363,43.603091903,-80.245369198,1.16162,9.02,243,26,13.1004
981,3.6522,87.5,168,"2026-06-21_EQBNY",4.58001282403591,NA,NA,NA,NA,NA,NA,NA,NA,NA,NA,NA,NA,NA,NA,363,43.603104811,-80.245402474,1.16162,9.02,243,26,13.1004
982,3.6565,88,168,"2026-06-21_EQBNY",4.59136822773186,NA,NA,NA,NA,NA,NA,NA,NA,NA,NA,NA,NA,NA,NA,363.2,43.603131968,-80.2454443,1.62673,9.01,243,26,13.068
983,3.66,88,168,"2026-06-21_EQBNY",4.59136822773186,NA,NA,NA,NA,NA,NA,NA,NA,NA,NA,NA,NA,NA,NA,363.2,43.603148313,-80.245475983,1.62673,9.01,243,26,13.068
984,3.664,87.5,168,"2026-06-21_EQBNY",4.58001282403591,NA,NA,NA,NA,NA,NA,NA,NA,NA,NA,NA,NA,NA,NA,363.2,43.603175219,-80.245513953,1.62673,9.02,243,26,13.1004
985,3.6673,87,168,"2026-06-21_EQBNY",4.58001282403591,NA,NA,NA,NA,NA,NA,NA,NA,NA,NA,NA,NA,NA,NA,363.2,43.60318972,-80.245547397,1.62673,9.2,245,26,13.1004
986,3.6713,87,168,"2026-06-21_EQBNY",4.58001282403591,NA,NA,NA,NA,NA,NA,NA,NA,NA,NA,NA,NA,NA,NA,363.2,43.603212099,-80.245588888,1.02067,9.2,245,26,13.1004
987,3.6749,87,168,"2026-06-21_EQBNY",4.58001282403591,NA,NA,NA,NA,NA,NA,NA,NA,NA,NA,NA,NA,NA,NA,363.2,43.603229366,-80.245626941,1.02067,9.2,245,26,13.1004
988,3.6786,87,167,"2026-06-21_EQBNY",4.58001282403591,NA,NA,NA,NA,NA,NA,NA,NA,NA,NA,NA,NA,NA,NA,363.2,43.603246214,-80.245663235,1.02067,9.2,245,26,13.1004
989,3.6822,87,167,"2026-06-21_EQBNY",4.58001282403591,NA,NA,NA,NA,NA,NA,NA,NA,NA,NA,NA,NA,NA,NA,363.2,43.603265744,-80.245704977,0.465116,9.2,245,26,13.1004
990,3.6863,87,167,"2026-06-21_EQBNY",4.58001282403591,NA,NA,NA,NA,NA,NA,NA,NA,NA,NA,NA,NA,NA,NA,363.2,43.603280999,-80.245743785,0.465116,9.2,245,26,13.1004
991,3.6904,87,167,"2026-06-21_EQBNY",4.5687134502924,NA,NA,NA,NA,NA,NA,NA,NA,NA,NA,NA,NA,NA,NA,363.4,43.603306899,-80.245788796,0.952921,9.2,245,26,13.1328
992,3.6941,87,166,"2026-06-21_EQBNY",4.55622380171314,NA,NA,NA,NA,NA,NA,NA,NA,NA,NA,NA,NA,NA,NA,363.4,43.603321483,-80.245820982,0.487805,9.24,244,26,13.1688
993,3.698,87,166,"2026-06-21_EQBNY",4.54504135987638,NA,NA,NA,NA,NA,NA,NA,NA,NA,NA,NA,NA,NA,NA,363.4,43.603346545,-80.245862976,0.487805,9.24,244,26,13.2012
994,3.7014,87,166,"2026-06-21_EQBNY",4.54504135987638,NA,NA,NA,NA,NA,NA,NA,NA,NA,NA,NA,NA,NA,NA,363.6,43.603363644,-80.245893654,1.07604,9.24,244,26,13.2012
995,3.705,87,166,"2026-06-21_EQBNY",4.54504135987638,NA,NA,NA,NA,NA,NA,NA,NA,NA,NA,NA,NA,NA,NA,363.8,43.603386611,-80.245929696,1.6316,9.24,244,26,13.2012
996,3.7086,87,166,"2026-06-21_EQBNY",4.54504135987638,NA,NA,NA,NA,NA,NA,NA,NA,NA,NA,NA,NA,NA,NA,363.8,43.603405218,-80.245965151,1.6316,9.24,244,26,13.2012
997,3.7125,87,167,"2026-06-21_EQBNY",4.54504135987638,NA,NA,NA,NA,NA,NA,NA,NA,NA,NA,NA,NA,NA,NA,364,43.603427682,-80.246004546,2.14442,9.24,244,26,13.2012
998,3.7164,87,166,"2026-06-21_EQBNY",4.54504135987638,NA,NA,NA,NA,NA,NA,NA,NA,NA,NA,NA,NA,NA,NA,364,43.603446457,-80.246048467,2.14442,9.24,244,26,13.2012
999,3.7203,87,166,"2026-06-21_EQBNY",4.53391367428364,NA,NA,NA,NA,NA,NA,NA,NA,NA,NA,NA,NA,NA,NA,364,43.603459701,-80.246085767,2.14442,9.24,244,26,13.2336
1000,3.7239,87,166,"2026-06-21_EQBNY",4.53391367428364,NA,NA,NA,NA,NA,NA,NA,NA,NA,NA,NA,NA,NA,NA,364,43.603481075,-80.24612709,2.14442,9.24,244,26,13.2336
1001,3.7277,87,166,"2026-06-21_EQBNY",4.52161331162959,NA,NA,NA,NA,NA,NA,NA,NA,NA,NA,NA,NA,NA,NA,363.8,43.603496078,-80.24616506,1.1303,9.24,244,26,13.2696
1002,3.7317,87,166,"2026-06-21_EQBNY",4.52161331162959,NA,NA,NA,NA,NA,NA,NA,NA,NA,NA,NA,NA,NA,NA,363.8,43.603518709,-80.246208226,1.1303,9.24,244,26,13.2696
1003,3.7351,87,166,"2026-06-21_EQBNY",4.52161331162959,NA,NA,NA,NA,NA,NA,NA,NA,NA,NA,NA,NA,NA,NA,363.6,43.603531282,-80.246242425,0.54206,9.24,244,26,13.2696
1004,3.7389,86,166,"2026-06-21_EQBNY",4.52161331162959,NA,NA,NA,NA,NA,NA,NA,NA,NA,NA,NA,NA,NA,NA,363.6,43.603546621,-80.24628643,-0.046175,9.44,246,26,13.2696
1005,3.7424,86,166,"2026-06-21_EQBNY",4.510599909788,NA,NA,NA,NA,NA,NA,NA,NA,NA,NA,NA,NA,NA,NA,363.6,43.603558942,-80.246327836,-0.601731,9.44,246,26,13.302
1006,3.7463,86,166,"2026-06-21_EQBNY",4.52161331162959,NA,NA,NA,NA,NA,NA,NA,NA,NA,NA,NA,NA,NA,NA,363.4,43.603574281,-80.246370835,-1.11455,9.44,246,26,13.2696
1007,3.7502,86,166,"2026-06-21_EQBNY",4.510599909788,NA,NA,NA,NA,NA,NA,NA,NA,NA,NA,NA,NA,NA,NA,363.4,43.60358895,-80.246415427,-1.62737,9.44,246,26,13.302
1008,3.7536,86,166,"2026-06-21_EQBNY",4.510599909788,NA,NA,NA,NA,NA,NA,NA,NA,NA,NA,NA,NA,NA,NA,363.4,43.603598757,-80.246451972,-1.62737,9.44,246,26,13.302
1009,3.7578,86,167,"2026-06-21_EQBNY",4.510599909788,NA,NA,NA,NA,NA,NA,NA,NA,NA,NA,NA,NA,NA,NA,363.4,43.603625411,-80.246495642,-1.62737,9.44,246,26,13.302
1010,3.7612,87,168,"2026-06-21_EQBNY",4.510599909788,NA,NA,NA,NA,NA,NA,NA,NA,NA,NA,NA,NA,NA,NA,363.4,43.603636559,-80.246530511,-1.62737,9.25,244,26,13.302
1011,3.7655,87,168,"2026-06-21_EQBNY",4.510599909788,NA,NA,NA,NA,NA,NA,NA,NA,NA,NA,NA,NA,NA,NA,363.4,43.603657011,-80.24657703,-1.10106,9.25,244,26,13.302
1012,3.7688,87,169,"2026-06-21_EQBNY",4.4996400287977,NA,NA,NA,NA,NA,NA,NA,NA,NA,NA,NA,NA,NA,NA,363.6,43.603668745,-80.246615503,-0.494995,9.28,243,26,13.3344
1013,3.7729,86,170,"2026-06-21_EQBNY",4.4996400287977,NA,NA,NA,NA,NA,NA,NA,NA,NA,NA,NA,NA,NA,NA,363.6,43.603680899,-80.246664537,0.0932401,9.44,246,26,13.3344
1014,3.777,86,171,"2026-06-21_EQBNY",4.48752468138575,NA,NA,NA,NA,NA,NA,NA,NA,NA,NA,NA,NA,NA,NA,363.6,43.60369364,-80.246711727,0.0932401,9.48,245,26,13.3704
1015,3.781,86,171,"2026-06-21_EQBNY",4.48752468138575,NA,NA,NA,NA,NA,NA,NA,NA,NA,NA,NA,NA,NA,NA,363.6,43.603703866,-80.246756487,0.0932401,9.48,245,26,13.3704
1016,3.7851,86,171,"2026-06-21_EQBNY",4.476676515355,NA,NA,NA,NA,NA,NA,NA,NA,NA,NA,NA,NA,NA,NA,363.6,43.60371736,-80.246806024,0.606061,9.48,245,26,13.4028
1017,3.7888,86,171,"2026-06-21_EQBNY",4.46588067166845,NA,NA,NA,NA,NA,NA,NA,NA,NA,NA,NA,NA,NA,NA,363.4,43.603728676,-80.246846341,0.0655201,9.48,245,26,13.4352
1018,3.7927,86,171,"2026-06-21_EQBNY",4.45394619632995,NA,NA,NA,NA,NA,NA,NA,NA,NA,NA,NA,NA,NA,NA,363.4,43.603744937,-80.246891687,0.0655201,9.48,245,26,13.4712
1019,3.7965,86,171,"2026-06-21_EQBNY",4.45394619632995,NA,NA,NA,NA,NA,NA,NA,NA,NA,NA,NA,NA,NA,NA,363.4,43.603758599,-80.246936614,0.0655201,9.48,245,26,13.4712
1020,3.7999,85.5,171,"2026-06-21_EQBNY",4.45394619632995,NA,NA,NA,NA,NA,NA,NA,NA,NA,NA,NA,NA,NA,NA,363.4,43.603764802,-80.246971818,0.0655201,9.69,247,26,13.4712
1021,3.8035,85,171,"2026-06-21_EQBNY",4.45394619632995,NA,NA,NA,NA,NA,NA,NA,NA,NA,NA,NA,NA,NA,NA,363.2,43.603777962,-80.247017918,-0.490035,9.69,247,26,13.4712
1022,3.807,84.5,171,"2026-06-21_EQBNY",4.45394619632995,NA,NA,NA,NA,NA,NA,NA,NA,NA,NA,NA,NA,NA,NA,363,43.603786427,-80.247059157,-1.66752,9.86,250,26,13.4712
1023,3.8107,84,172,"2026-06-21_EQBNY",4.45394619632995,NA,NA,NA,NA,NA,NA,NA,NA,NA,NA,NA,NA,NA,NA,362.6,43.603793971,-80.247103078,-2.74861,9.86,250,26,13.4712
1024,3.8149,83.5,172,"2026-06-21_EQBNY",4.46588067166845,NA,NA,NA,NA,NA,NA,NA,NA,NA,NA,NA,NA,NA,NA,362.4,43.603807801,-80.24715513,-3.2248,10.04,253,26,13.4352
1025,3.8189,83.5,173,"2026-06-21_EQBNY",4.46588067166845,NA,NA,NA,NA,NA,NA,NA,NA,NA,NA,NA,NA,NA,NA,362,43.603810064,-80.247197878,-4.2248,10.04,253,26,13.4352
1026,3.823,83.5,173,"2026-06-21_EQBNY",4.44325957522438,NA,NA,NA,NA,NA,NA,NA,NA,NA,NA,NA,NA,NA,NA,361.8,43.603821045,-80.247250181,-4.7126,10.08,252,26,13.5036
1027,3.8267,83.5,173,"2026-06-21_EQBNY",4.44325957522438,NA,NA,NA,NA,NA,NA,NA,NA,NA,NA,NA,NA,NA,NA,361.4,43.603827834,-80.247295108,-5.25314,10.08,252,26,13.5036
1028,3.8303,82.5,172,"2026-06-21_EQBNY",4.43262411347518,NA,NA,NA,NA,NA,NA,NA,NA,NA,NA,NA,NA,NA,NA,361.2,43.603833031,-80.247339113,-5.8087,10.27,255,26,13.536
1029,3.8341,82.5,173,"2026-06-21_EQBNY",4.43262411347518,NA,NA,NA,NA,NA,NA,NA,NA,NA,NA,NA,NA,NA,NA,361,43.603839317,-80.247389739,-6.33501,10.27,255,26,13.536
1030,3.8379,83.5,173,"2026-06-21_EQBNY",4.43262411347518,NA,NA,NA,NA,NA,NA,NA,NA,NA,NA,NA,NA,NA,NA,360.8,43.603839569,-80.247430727,-6.86133,10.08,252,26,13.536
1031,3.8421,84.5,173,"2026-06-21_EQBNY",4.43262411347518,NA,NA,NA,NA,NA,NA,NA,NA,NA,NA,NA,NA,NA,NA,360.6,43.603851555,-80.24748655,-6.78196,9.9,249,26,13.536
1032,3.8459,84.5,172,"2026-06-21_EQBNY",4.43262411347518,NA,NA,NA,NA,NA,NA,NA,NA,NA,NA,NA,NA,NA,NA,360.4,43.60385474,-80.247527622,-6.73685,9.9,249,26,13.536
1033,3.8499,85,172,"2026-06-21_EQBNY",4.41033783187792,NA,NA,NA,NA,NA,NA,NA,NA,NA,NA,NA,NA,NA,NA,360.4,43.603865553,-80.247579171,-5.65577,9.73,246,26,13.6044
1034,3.8535,85.5,172,"2026-06-21_EQBNY",4.41033783187792,NA,NA,NA,NA,NA,NA,NA,NA,NA,NA,NA,NA,NA,NA,360.2,43.603868486,-80.247625271,-5.73513,9.73,246,26,13.6044
1035,3.858,85.5,171,"2026-06-21_EQBNY",4.39985920450546,NA,NA,NA,NA,NA,NA,NA,NA,NA,NA,NA,NA,NA,NA,360.2,43.603870582,-80.247675395,-4.73513,9.73,246,26,13.6368
1036,3.8615,85.5,171,"2026-06-21_EQBNY",4.39985920450546,NA,NA,NA,NA,NA,NA,NA,NA,NA,NA,NA,NA,NA,NA,360.2,43.603871671,-80.247723842,-4.24733,9.73,246,26,13.6368
1037,3.8651,86,171,"2026-06-21_EQBNY",4.38827453045463,NA,NA,NA,NA,NA,NA,NA,NA,NA,NA,NA,NA,NA,NA,360.2,43.603868235,-80.247761896,-3.16625,9.57,243,26,13.6728
1038,3.8688,86,170,"2026-06-21_EQBNY",4.38827453045463,NA,NA,NA,NA,NA,NA,NA,NA,NA,NA,NA,NA,NA,NA,360,43.603874856,-80.247813696,-3.15123,9.57,243,26,13.6728
1039,3.8724,86,170,"2026-06-21_EQBNY",4.38827453045463,NA,NA,NA,NA,NA,NA,NA,NA,NA,NA,NA,NA,NA,NA,359.8,43.603873515,-80.247853091,-3.18047,9.57,243,26,13.6728
1040,3.8765,86,170,"2026-06-21_EQBNY",4.38827453045463,NA,NA,NA,NA,NA,NA,NA,NA,NA,NA,NA,NA,NA,NA,359.8,43.603875108,-80.247906651,-2.65416,9.57,243,26,13.6728
1041,3.8793,87,169,"2026-06-21_EQBNY",4.38827453045463,NA,NA,NA,NA,NA,NA,NA,NA,NA,NA,NA,NA,NA,NA,359.8,43.603871671,-80.247940011,-2.17797,9.57,243,26,13.6728
1042,3.8826,87,169,"2026-06-21_EQBNY",4.38827453045463,NA,NA,NA,NA,NA,NA,NA,NA,NA,NA,NA,NA,NA,NA,360,43.603875192,-80.247978484,-1.04559,9.37,241,26,13.6728
1043,3.8853,87,169,"2026-06-21_EQBNY",4.38827453045463,NA,NA,NA,NA,NA,NA,NA,NA,NA,NA,NA,NA,NA,NA,360.2,43.60387494,-80.248015532,-0.30485,9.37,241,26,13.6728
1044,3.8877,87,169,"2026-06-21_EQBNY",4.41033783187792,NA,NA,NA,NA,NA,NA,NA,NA,NA,NA,NA,NA,NA,NA,360.6,43.603870163,-80.248041935,1.91737,9.37,241,26,13.6044
1045,3.8903,86,168,"2026-06-21_EQBNY",4.41033783187792,NA,NA,NA,NA,NA,NA,NA,NA,NA,NA,NA,NA,NA,NA,360.8,43.603863876,-80.248076804,2.6866,9.53,244,26,13.6044
1046,3.8932,86,168,"2026-06-21_EQBNY",4.41033783187792,NA,NA,NA,NA,NA,NA,NA,NA,NA,NA,NA,NA,NA,NA,361.2,43.603859601,-80.248113098,4.06591,9.53,244,26,13.6044
1047,3.8959,84.5,168,"2026-06-21_EQBNY",4.44325957522438,NA,NA,NA,NA,NA,NA,NA,NA,NA,NA,NA,NA,NA,NA,361.4,43.603852477,-80.248140926,4.80665,9.86,250,26,13.5036
1048,3.8986,83.5,168,"2026-06-21_EQBNY",4.81417292509147,NA,NA,NA,NA,NA,NA,NA,NA,NA,NA,NA,NA,NA,NA,361.8,43.60385298,-80.248179818,6.82868,9.69,260,26,12.4632
1049,3.9012,82.5,168,"2026-06-21_EQBNY",5.04591785245736,NA,NA,NA,NA,NA,NA,NA,NA,NA,NA,NA,NA,NA,NA,362,43.603851555,-80.248211166,8.15346,9.65,267,26,11.8908
1050,3.9041,82.5,168,"2026-06-21_EQBNY",5.22302308576204,NA,NA,NA,NA,NA,NA,NA,NA,NA,NA,NA,NA,NA,NA,362.4,43.603846274,-80.248244191,9.53277,9.49,270,26,11.4876
1051,3.9069,82.5,166,"2026-06-21_EQBNY",5.22302308576204,NA,NA,NA,NA,NA,NA,NA,NA,NA,NA,NA,NA,NA,NA,362.6,43.603840407,-80.248281239,10.2471,9.49,270,26,11.4876
1052,3.9094,82.5,165,"2026-06-21_EQBNY",5.31632110579479,NA,NA,NA,NA,NA,NA,NA,NA,NA,NA,NA,NA,NA,NA,362.8,43.603833869,-80.24830739,10.441,9.42,271,26,11.286
1053,3.9123,82.5,164,"2026-06-21_EQBNY",5.3642313056539,NA,NA,NA,NA,NA,NA,NA,NA,NA,NA,NA,NA,NA,NA,363.2,43.603830265,-80.248344354,11.0796,9.37,272,26,11.1852
1054,3.9152,82.5,164,"2026-06-21_EQBNY",5.3642313056539,NA,NA,NA,NA,NA,NA,NA,NA,NA,NA,NA,NA,NA,NA,363.2,43.603824733,-80.248381905,9.4129,9.37,272,26,11.1852
1055,3.9181,81.5,163,"2026-06-21_EQBNY",5.31632110579479,NA,NA,NA,NA,NA,NA,NA,NA,NA,NA,NA,NA,NA,NA,363.4,43.603812327,-80.248410488,9.33332,9.42,271,26,11.286
1056,3.9216,81.5,163,"2026-06-21_EQBNY",5.31632110579479,NA,NA,NA,NA,NA,NA,NA,NA,NA,NA,NA,NA,NA,NA,363.6,43.603807298,-80.248458097,8.52544,9.42,271,26,11.286
1057,3.9246,81.5,163,"2026-06-21_EQBNY",5.31632110579479,NA,NA,NA,NA,NA,NA,NA,NA,NA,NA,NA,NA,NA,NA,363.6,43.603798833,-80.248491541,7.7847,9.42,271,26,11.286
1058,3.9278,82.5,162,"2026-06-21_EQBNY",5.28429507503699,NA,NA,NA,NA,NA,NA,NA,NA,NA,NA,NA,NA,NA,NA,363.8,43.603790954,-80.248527415,6.92822,9.43,271,26,11.3544
1059,3.9311,82.5,162,"2026-06-21_EQBNY",5.14721021206506,NA,NA,NA,NA,NA,NA,NA,NA,NA,NA,NA,NA,NA,NA,364,43.603789529,-80.248573264,6.76505,9.55,269,26,11.6568
1060,3.9341,82.5,163,"2026-06-21_EQBNY",5.14721021206506,NA,NA,NA,NA,NA,NA,NA,NA,NA,NA,NA,NA,NA,NA,364.4,43.603784919,-80.248605115,6.71907,9.55,269,26,11.6568
1061,3.9379,82.5,163,"2026-06-21_EQBNY",5.16315572077654,NA,NA,NA,NA,NA,NA,NA,NA,NA,NA,NA,NA,NA,NA,364.6,43.603780728,-80.248654988,6.5311,9.55,269,26,11.6208
1062,3.9413,82.5,163,"2026-06-21_EQBNY",5.01705799719045,NA,NA,NA,NA,NA,NA,NA,NA,NA,NA,NA,NA,NA,NA,364.8,43.60377419,-80.248695975,6.31934,9.66,267,26,11.9592
1063,3.9449,82.5,164,"2026-06-21_EQBNY",4.94853523357086,NA,NA,NA,NA,NA,NA,NA,NA,NA,NA,NA,NA,NA,NA,364.8,43.603761198,-80.248735538,4.94003,9.58,262,26,12.1248
1064,3.9486,83,164,"2026-06-21_EQBNY",4.89332550401253,NA,NA,NA,NA,NA,NA,NA,NA,NA,NA,NA,NA,NA,NA,364.8,43.603757426,-80.248785745,4.94003,9.63,261,26,12.2616
1065,3.9524,83,165,"2026-06-21_EQBNY",4.89332550401253,NA,NA,NA,NA,NA,NA,NA,NA,NA,NA,NA,NA,NA,NA,364.8,43.603747787,-80.248829331,4.25037,9.63,261,26,12.2616
1066,3.9562,84,165,"2026-06-21_EQBNY",4.82811896485129,NA,NA,NA,NA,NA,NA,NA,NA,NA,NA,NA,NA,NA,NA,364.8,43.603739656,-80.248872079,3.67895,9.52,257,26,12.4272
1067,3.9598,84,166,"2026-06-21_EQBNY",4.78927203065134,NA,NA,NA,NA,NA,NA,NA,NA,NA,NA,NA,NA,NA,NA,364.6,43.603727167,-80.248916671,3.12339,9.53,257,26,12.528
1068,3.9629,83.5,167,"2026-06-21_EQBNY",4.76326569496046,NA,NA,NA,NA,NA,NA,NA,NA,NA,NA,NA,NA,NA,NA,364.6,43.603709146,-80.248943158,2.49839,9.74,259,25,12.5964
1069,3.9666,83,167,"2026-06-21_EQBNY",4.76326569496046,NA,NA,NA,NA,NA,NA,NA,NA,NA,NA,NA,NA,NA,NA,364.4,43.603695987,-80.248987246,1.35179,9.74,259,26,12.5964
1070,3.9697,82.5,167,"2026-06-21_EQBNY",4.82811896485129,NA,NA,NA,NA,NA,NA,NA,NA,NA,NA,NA,NA,NA,NA,364.2,43.603681737,-80.249018762,-0.626706,9.87,263,26,12.4272
1071,3.9731,82.5,167,"2026-06-21_EQBNY",4.82811896485129,NA,NA,NA,NA,NA,NA,NA,NA,NA,NA,NA,NA,NA,NA,364,43.603670003,-80.249057151,-1.74126,9.87,263,26,12.4272
1072,3.9765,82.5,165,"2026-06-21_EQBNY",4.8534265191225,NA,NA,NA,NA,NA,NA,NA,NA,NA,NA,NA,NA,NA,NA,363.8,43.603652065,-80.249096546,-2.91773,9.64,261,26,12.3624
1073,3.9799,83,165,"2026-06-21_EQBNY",4.86760124610592,NA,NA,NA,NA,NA,NA,NA,NA,NA,NA,NA,NA,NA,NA,363.8,43.60363044,-80.249122279,-2.91773,9.64,261,26,12.3264
1074,3.9837,83.5,165,"2026-06-21_EQBNY",4.86760124610592,NA,NA,NA,NA,NA,NA,NA,NA,NA,NA,NA,NA,NA,NA,363.8,43.603610407,-80.249168631,-2.91773,9.64,261,26,12.3264
1075,3.9874,84,164,"2026-06-21_EQBNY",4.86760124610592,NA,NA,NA,NA,NA,NA,NA,NA,NA,NA,NA,NA,NA,NA,363.8,43.60359071,-80.249200063,-2.91773,9.47,258,26,12.3264
1076,3.9908,84,165,"2026-06-21_EQBNY",4.84073966502082,NA,NA,NA,NA,NA,NA,NA,NA,NA,NA,NA,NA,NA,NA,363.8,43.603574952,-80.249236189,-2.91773,9.48,258,26,12.3948
1077,3.9941,84.5,164,"2026-06-21_EQBNY",4.84073966502082,NA,NA,NA,NA,NA,NA,NA,NA,NA,NA,NA,NA,NA,NA,363.8,43.603560954,-80.249274075,-2.36217,9.48,258,26,12.3948
1078,3.9975,84.5,164,"2026-06-21_EQBNY",4.84073966502082,NA,NA,NA,NA,NA,NA,NA,NA,NA,NA,NA,NA,NA,NA,363.6,43.603540838,-80.249300143,-2.95041,9.48,258,26,12.3948
1079,4.0011,84.5,164,"2026-06-21_EQBNY",4.88042947779405,NA,NA,NA,NA,NA,NA,NA,NA,NA,NA,NA,NA,NA,NA,363.6,43.60352047,-80.249342891,-2.40987,9.47,258,26,12.294
1080,4.0048,84.5,164,"2026-06-21_EQBNY",4.88042947779405,NA,NA,NA,NA,NA,NA,NA,NA,NA,NA,NA,NA,NA,NA,363.6,43.603502197,-80.249377675,-1.76471,9.47,258,26,12.294
1081,4.0086,83.5,164,"2026-06-21_EQBNY",4.8534265191225,NA,NA,NA,NA,NA,NA,NA,NA,NA,NA,NA,NA,NA,NA,363.8,43.603484763,-80.249418663,-0.650155,9.64,261,26,12.3624
1082,4.0121,83.5,163,"2026-06-21_EQBNY",4.84073966502082,NA,NA,NA,NA,NA,NA,NA,NA,NA,NA,NA,NA,NA,NA,363.8,43.603461209,-80.249451771,-0.0619195,9.68,260,26,12.3948
1083,4.0157,84.5,163,"2026-06-21_EQBNY",4.81417292509147,NA,NA,NA,NA,NA,NA,NA,NA,NA,NA,NA,NA,NA,NA,363.6,43.603439417,-80.249482198,-0.617475,9.52,257,26,12.4632
1084,4.0197,84.5,163,"2026-06-21_EQBNY",4.81417292509147,NA,NA,NA,NA,NA,NA,NA,NA,NA,NA,NA,NA,NA,NA,363.6,43.603410583,-80.249520252,-0.617475,9.52,257,26,12.4632
1085,4.0236,85,163,"2026-06-21_EQBNY",4.80169019494862,NA,NA,NA,NA,NA,NA,NA,NA,NA,NA,NA,NA,NA,NA,363.8,43.603387868,-80.249545314,-0.104655,9.36,254,26,12.4956
1086,4.0272,85,163,"2026-06-21_EQBNY",4.77554918815664,NA,NA,NA,NA,NA,NA,NA,NA,NA,NA,NA,NA,NA,NA,363.8,43.603366159,-80.249583284,-0.104655,9.37,254,26,12.564
1087,4.0304,85.5,162,"2026-06-21_EQBNY",4.73754026909229,NA,NA,NA,NA,NA,NA,NA,NA,NA,NA,NA,NA,NA,NA,363.8,43.603345288,-80.249610441,-0.104655,9.41,253,26,12.6648
1088,4.034,85.5,162,"2026-06-21_EQBNY",4.73754026909229,NA,NA,NA,NA,NA,NA,NA,NA,NA,NA,NA,NA,NA,NA,364,43.603318801,-80.24963391,1.03914,9.41,253,26,12.6648
1089,4.0375,85,162,"2026-06-21_EQBNY",4.73754026909229,NA,NA,NA,NA,NA,NA,NA,NA,NA,NA,NA,NA,NA,NA,364.2,43.603290889,-80.24966375,1.61056,9.41,253,26,12.6648
1090,4.0413,84.5,162,"2026-06-21_EQBNY",4.73754026909229,NA,NA,NA,NA,NA,NA,NA,NA,NA,NA,NA,NA,NA,NA,364.2,43.603266582,-80.249687471,1.61056,9.58,256,26,12.6648
1091,4.0452,84.5,162,"2026-06-21_EQBNY",4.73754026909229,NA,NA,NA,NA,NA,NA,NA,NA,NA,NA,NA,NA,NA,NA,364.2,43.603238335,-80.249718987,1.08425,9.58,256,26,12.6648
1092,4.0487,84.5,162,"2026-06-21_EQBNY",4.7254512805973,NA,NA,NA,NA,NA,NA,NA,NA,NA,NA,NA,NA,NA,NA,364.2,43.603212099,-80.249743043,1.08425,9.62,255,26,12.6972
1093,4.0523,84,163,"2026-06-21_EQBNY",4.71342383107089,NA,NA,NA,NA,NA,NA,NA,NA,NA,NA,NA,NA,NA,NA,364.2,43.603184607,-80.24976274,1.6398,9.62,255,26,12.7296
1094,4.0558,84,164,"2026-06-21_EQBNY",4.71342383107089,NA,NA,NA,NA,NA,NA,NA,NA,NA,NA,NA,NA,NA,NA,364.2,43.603155857,-80.249794256,1.6398,9.62,255,26,12.7296
1095,4.059,84,164,"2026-06-21_EQBNY",4.71342383107089,NA,NA,NA,NA,NA,NA,NA,NA,NA,NA,NA,NA,NA,NA,364.2,43.603136411,-80.249815295,1.12698,9.62,255,26,12.7296
1096,4.0626,84.5,164,"2026-06-21_EQBNY",4.71342383107089,NA,NA,NA,NA,NA,NA,NA,NA,NA,NA,NA,NA,NA,NA,364,43.603109672,-80.249846643,0.571429,9.62,255,26,12.7296
1097,4.0666,84.5,164,"2026-06-21_EQBNY",4.7254512805973,NA,NA,NA,NA,NA,NA,NA,NA,NA,NA,NA,NA,NA,NA,364,43.603077989,-80.249872543,0.571429,9.62,255,26,12.6972
1098,4.0702,84.5,164,"2026-06-21_EQBNY",4.7254512805973,NA,NA,NA,NA,NA,NA,NA,NA,NA,NA,NA,NA,NA,NA,363.8,43.603052005,-80.249891821,-0.539683,9.62,255,26,12.6972
1099,4.0743,84.5,163,"2026-06-21_EQBNY",4.71342383107089,NA,NA,NA,NA,NA,NA,NA,NA,NA,NA,NA,NA,NA,NA,363.4,43.603023758,-80.249927947,-2.08672,9.62,255,26,12.7296
1100,4.0778,84.5,164,"2026-06-21_EQBNY",4.7001316036849,NA,NA,NA,NA,NA,NA,NA,NA,NA,NA,NA,NA,NA,NA,363.2,43.603000205,-80.249951668,-2.65815,9.62,255,26,12.7656
1101,4.0813,83.5,165,"2026-06-21_EQBNY",4.6882325363338,NA,NA,NA,NA,NA,NA,NA,NA,NA,NA,NA,NA,NA,NA,362.8,43.602972964,-80.249975221,-3.80101,9.8,258,26,12.798
1102,4.0848,83,166,"2026-06-21_EQBNY",4.67639356528245,NA,NA,NA,NA,NA,NA,NA,NA,NA,NA,NA,NA,NA,NA,362.6,43.602946225,-80.250001792,-4.37244,9.84,257,26,12.8304
1103,4.0884,82.5,168,"2026-06-21_EQBNY",4.6882325363338,NA,NA,NA,NA,NA,NA,NA,NA,NA,NA,NA,NA,NA,NA,362.4,43.602919822,-80.250023501,-4.92799,9.98,261,26,12.798
1104,4.0925,81.5,168,"2026-06-21_EQBNY",4.67639356528245,NA,NA,NA,NA,NA,NA,NA,NA,NA,NA,NA,NA,NA,NA,362.2,43.602890905,-80.250060633,-5.4158,10.02,260,26,12.8304
1105,4.0965,81.5,167,"2026-06-21_EQBNY",4.67639356528245,NA,NA,NA,NA,NA,NA,NA,NA,NA,NA,NA,NA,NA,NA,361.8,43.602863412,-80.250093155,-6.4158,10.02,260,26,12.8304
1106,4.1005,82.5,167,"2026-06-21_EQBNY",4.6633090841261,NA,NA,NA,NA,NA,NA,NA,NA,NA,NA,NA,NA,NA,NA,361.6,43.602836255,-80.250125425,-6.36024,10.02,260,26,12.8664
1107,4.1045,82.5,166,"2026-06-21_EQBNY",4.65159549725556,NA,NA,NA,NA,NA,NA,NA,NA,NA,NA,NA,NA,NA,NA,361.4,43.602809517,-80.250162222,-6.86024,10.03,260,26,12.8988
1108,4.1084,83.5,166,"2026-06-21_EQBNY",4.62705904127337,NA,NA,NA,NA,NA,NA,NA,NA,NA,NA,NA,NA,NA,NA,361.2,43.602784622,-80.250188792,-6.8175,9.89,256,26,12.9672
1109,4.1125,84,166,"2026-06-21_EQBNY",4.61552663158866,NA,NA,NA,NA,NA,NA,NA,NA,NA,NA,NA,NA,NA,NA,361.2,43.602756375,-80.250226176,-5.8419,9.71,253,26,12.9996
1110,4.1161,85,166,"2026-06-21_EQBNY",4.60405156537753,NA,NA,NA,NA,NA,NA,NA,NA,NA,NA,NA,NA,NA,NA,361,43.602734666,-80.25025568,-5.82602,9.55,250,26,13.032
1111,4.1199,85,165,"2026-06-21_EQBNY",4.58001282403591,NA,NA,NA,NA,NA,NA,NA,NA,NA,NA,NA,NA,NA,NA,360.8,43.602710862,-80.250289124,-5.20948,9.55,250,26,13.1004
1112,4.124,84,165,"2026-06-21_EQBNY",4.5687134502924,NA,NA,NA,NA,NA,NA,NA,NA,NA,NA,NA,NA,NA,NA,360.6,43.60268471,-80.250329776,-5.12586,9.76,252,26,13.1328
1113,4.1281,84,165,"2026-06-21_EQBNY",4.55622380171314,NA,NA,NA,NA,NA,NA,NA,NA,NA,NA,NA,NA,NA,NA,360.6,43.602660151,-80.250361711,-4.5703,9.76,252,26,13.1688
1114,4.1323,84,165,"2026-06-21_EQBNY",4.52161331162959,NA,NA,NA,NA,NA,NA,NA,NA,NA,NA,NA,NA,NA,NA,360.4,43.602637101,-80.25040756,-4.55869,9.81,251,26,13.2696
1115,4.1364,83.5,165,"2026-06-21_EQBNY",4.4996400287977,NA,NA,NA,NA,NA,NA,NA,NA,NA,NA,NA,NA,NA,NA,360.4,43.602616146,-80.250445446,-3.55869,9.99,254,26,13.3344
1116,4.1406,84,164,"2026-06-21_EQBNY",4.46588067166845,NA,NA,NA,NA,NA,NA,NA,NA,NA,NA,NA,NA,NA,NA,360.2,43.602593012,-80.250484422,-3.53488,9.86,250,26,13.4352
1117,4.1445,83.5,164,"2026-06-21_EQBNY",4.44325957522438,NA,NA,NA,NA,NA,NA,NA,NA,NA,NA,NA,NA,NA,NA,360.2,43.602572309,-80.250528008,-3.03488,10.08,252,26,13.5036
1118,4.1486,84,164,"2026-06-21_EQBNY",4.41033783187792,NA,NA,NA,NA,NA,NA,NA,NA,NA,NA,NA,NA,NA,NA,360,43.602550264,-80.250564972,-3.00986,9.9,249,26,13.6044
1119,4.153,84.5,164,"2026-06-21_EQBNY",4.41033783187792,NA,NA,NA,NA,NA,NA,NA,NA,NA,NA,NA,NA,NA,NA,360,43.602529729,-80.250615012,-3.00986,9.9,249,26,13.6044
1120,4.1569,84.5,165,"2026-06-21_EQBNY",4.38827453045463,NA,NA,NA,NA,NA,NA,NA,NA,NA,NA,NA,NA,NA,NA,360,43.602514557,-80.250655329,-2.45431,9.94,248,26,13.6728
1121,4.1606,84,164,"2026-06-21_EQBNY",4.3561596096881,NA,NA,NA,NA,NA,NA,NA,NA,NA,NA,NA,NA,NA,NA,359.8,43.602498045,-80.250694389,-2.46853,9.95,248,26,13.7736
1122,4.1641,84,165,"2026-06-21_EQBNY",4.34593654932638,NA,NA,NA,NA,NA,NA,NA,NA,NA,NA,NA,NA,NA,NA,359.6,43.602486813,-80.250741495,-2.55215,9.99,247,26,13.806
1123,4.1681,84.5,165,"2026-06-21_EQBNY",4.34593654932638,NA,NA,NA,NA,NA,NA,NA,NA,NA,NA,NA,NA,NA,NA,359.6,43.602474157,-80.250782147,-2.55215,9.99,247,26,13.806
1124,4.172,84.5,165,"2026-06-21_EQBNY",4.34593654932638,NA,NA,NA,NA,NA,NA,NA,NA,NA,NA,NA,NA,NA,NA,359.4,43.602472983,-80.250835456,-2.58878,9.99,247,26,13.806
1125,4.1755,84,166,"2026-06-21_EQBNY",4.34593654932638,NA,NA,NA,NA,NA,NA,NA,NA,NA,NA,NA,NA,NA,NA,359.4,43.602469714,-80.250877785,-2.58878,9.99,247,26,13.806
1126,4.1795,84,166,"2026-06-21_EQBNY",4.34593654932638,NA,NA,NA,NA,NA,NA,NA,NA,NA,NA,NA,NA,NA,NA,359.2,43.602473486,-80.250926567,-2.61259,9.99,247,26,13.806
1127,4.183,84.5,166,"2026-06-21_EQBNY",4.34593654932638,NA,NA,NA,NA,NA,NA,NA,NA,NA,NA,NA,NA,NA,NA,359.2,43.602480611,-80.250973841,-2.61259,9.99,247,26,13.806
1128,4.1866,85,166,"2026-06-21_EQBNY",4.34593654932638,NA,NA,NA,NA,NA,NA,NA,NA,NA,NA,NA,NA,NA,NA,359.2,43.602486143,-80.25101441,-2.12479,9.78,245,26,13.806
1129,4.1906,85,166,"2026-06-21_EQBNY",4.34593654932638,NA,NA,NA,NA,NA,NA,NA,NA,NA,NA,NA,NA,NA,NA,359.2,43.602504667,-80.251062522,-2.12479,9.78,245,26,13.806
1130,4.194,84.5,166,"2026-06-21_EQBNY",4.34593654932638,NA,NA,NA,NA,NA,NA,NA,NA,NA,NA,NA,NA,NA,NA,359.2,43.602515479,-80.25109781,-2.12479,9.99,247,26,13.806
1131,4.1979,84.5,165,"2026-06-21_EQBNY",4.3561596096881,NA,NA,NA,NA,NA,NA,NA,NA,NA,NA,NA,NA,NA,NA,359.4,43.602532914,-80.251143072,-1.07143,9.95,248,26,13.7736
1132,4.2015,84.5,166,"2026-06-21_EQBNY",4.3561596096881,NA,NA,NA,NA,NA,NA,NA,NA,NA,NA,NA,NA,NA,NA,359.6,43.602546241,-80.251185317,0.0555556,9.95,248,26,13.7736
1133,4.2053,84,166,"2026-06-21_EQBNY",4.3675751222921,NA,NA,NA,NA,NA,NA,NA,NA,NA,NA,NA,NA,NA,NA,360,43.602556132,-80.251223287,1.10819,9.95,248,26,13.7376
1134,4.2091,84,166,"2026-06-21_EQBNY",4.3561596096881,NA,NA,NA,NA,NA,NA,NA,NA,NA,NA,NA,NA,NA,NA,360.2,43.602581529,-80.251263604,2.14732,9.95,248,26,13.7736
1135,4.2123,84,165,"2026-06-21_EQBNY",4.3675751222921,NA,NA,NA,NA,NA,NA,NA,NA,NA,NA,NA,NA,NA,NA,360.6,43.602593431,-80.251294281,3.39732,9.95,248,26,13.7376
1136,4.2157,83.5,166,"2026-06-21_EQBNY",4.3675751222921,NA,NA,NA,NA,NA,NA,NA,NA,NA,NA,NA,NA,NA,NA,360.6,43.602612709,-80.251328815,3.89732,9.95,248,26,13.7376
1137,4.2193,83.5,166,"2026-06-21_EQBNY",4.37790035898783,NA,NA,NA,NA,NA,NA,NA,NA,NA,NA,NA,NA,NA,NA,360.8,43.602632155,-80.251365528,4.45288,10.13,251,26,13.7052
1138,4.2225,83.5,167,"2026-06-21_EQBNY",4.39985920450546,NA,NA,NA,NA,NA,NA,NA,NA,NA,NA,NA,NA,NA,NA,361,43.602644728,-80.251397379,5.07788,10.12,251,26,13.6368
1139,4.2264,83.5,167,"2026-06-21_EQBNY",4.39985920450546,NA,NA,NA,NA,NA,NA,NA,NA,NA,NA,NA,NA,NA,NA,361,43.602670964,-80.251438031,5.07788,10.12,251,26,13.6368
1140,4.2294,83.5,167,"2026-06-21_EQBNY",4.41033783187792,NA,NA,NA,NA,NA,NA,NA,NA,NA,NA,NA,NA,NA,NA,361.2,43.60268756,-80.251460327,5.74455,10.08,252,26,13.6044
1141,4.2331,83.5,166,"2026-06-21_EQBNY",4.42086648983201,NA,NA,NA,NA,NA,NA,NA,NA,NA,NA,NA,NA,NA,NA,361.4,43.602710862,-80.25149771,5.77227,10.08,252,26,13.572
1142,4.236,84,165,"2026-06-21_EQBNY",4.44325957522438,NA,NA,NA,NA,NA,NA,NA,NA,NA,NA,NA,NA,NA,NA,361.4,43.602726284,-80.251530316,5.21671,9.86,250,26,13.5036
1143,4.24,84.5,165,"2026-06-21_EQBNY",4.44325957522438,NA,NA,NA,NA,NA,NA,NA,NA,NA,NA,NA,NA,NA,NA,361.6,43.602741791,-80.251569208,4.66408,9.86,250,26,13.5036
1144,4.2432,85,165,"2026-06-21_EQBNY",4.44325957522438,NA,NA,NA,NA,NA,NA,NA,NA,NA,NA,NA,NA,NA,NA,361.6,43.602758303,-80.251606004,4.13776,9.69,247,26,13.5036
1145,4.2462,85,165,"2026-06-21_EQBNY",4.46588067166845,NA,NA,NA,NA,NA,NA,NA,NA,NA,NA,NA,NA,NA,NA,361.6,43.602764338,-80.251639532,2.88776,9.68,247,26,13.4352
1146,4.2498,85,165,"2026-06-21_EQBNY",4.76326569496046,NA,NA,NA,NA,NA,NA,NA,NA,NA,NA,NA,NA,NA,NA,361.6,43.602777079,-80.251683872,2.88776,9.4,253,26,12.5964
1147,4.2533,85,165,"2026-06-21_EQBNY",4.76326569496046,NA,NA,NA,NA,NA,NA,NA,NA,NA,NA,NA,NA,NA,NA,361.4,43.602783616,-80.251727123,1.76078,9.4,253,26,12.5964
1148,4.2569,85,166,"2026-06-21_EQBNY",4.6633090841261,NA,NA,NA,NA,NA,NA,NA,NA,NA,NA,NA,NA,NA,NA,361.2,43.60278194,-80.251769954,0.580223,9.46,252,26,12.8664
1149,4.2609,85,166,"2026-06-21_EQBNY",4.62705904127337,NA,NA,NA,NA,NA,NA,NA,NA,NA,NA,NA,NA,NA,NA,361,43.602779845,-80.25182494,0.0802231,9.51,251,26,12.9672
1150,4.2649,85,167,"2026-06-21_EQBNY",4.58001282403591,NA,NA,NA,NA,NA,NA,NA,NA,NA,NA,NA,NA,NA,NA,360.8,43.602775151,-80.251867771,-1.08644,9.55,250,26,13.1004
1151,4.2688,84.5,167,"2026-06-21_EQBNY",4.43262411347518,NA,NA,NA,NA,NA,NA,NA,NA,NA,NA,NA,NA,NA,NA,360.6,43.602766182,-80.251918314,-2.1398,9.9,249,26,13.536
1152,4.2724,83.5,168,"2026-06-21_EQBNY",4.38827453045463,NA,NA,NA,NA,NA,NA,NA,NA,NA,NA,NA,NA,NA,NA,360.4,43.602756124,-80.251960978,-2.69536,10.13,251,26,13.6728
1153,4.2759,83.5,169,"2026-06-21_EQBNY",4.38827453045463,NA,NA,NA,NA,NA,NA,NA,NA,NA,NA,NA,NA,NA,NA,360.4,43.602744557,-80.251996433,-3.19536,10.13,251,26,13.6728
1154,4.2796,83.5,169,"2026-06-21_EQBNY",4.44325957522438,NA,NA,NA,NA,NA,NA,NA,NA,NA,NA,NA,NA,NA,NA,360.4,43.602733576,-80.252046222,-3.19536,10.08,252,26,13.5036
1155,4.2826,84,169,"2026-06-21_EQBNY",4.48752468138575,NA,NA,NA,NA,NA,NA,NA,NA,NA,NA,NA,NA,NA,NA,360.2,43.602722931,-80.252076732,-3.86203,9.81,251,26,13.3704
1156,4.2863,83.5,169,"2026-06-21_EQBNY",4.4996400287977,NA,NA,NA,NA,NA,NA,NA,NA,NA,NA,NA,NA,NA,NA,360,43.602708598,-80.25211839,-4.40257,9.99,254,26,13.3344
1157,4.2897,83,168,"2026-06-21_EQBNY",4.58001282403591,NA,NA,NA,NA,NA,NA,NA,NA,NA,NA,NA,NA,NA,NA,360,43.602698121,-80.252163569,-3.83114,9.94,255,26,13.1004
1158,4.2935,82.5,168,"2026-06-21_EQBNY",4.59136822773186,NA,NA,NA,NA,NA,NA,NA,NA,NA,NA,NA,NA,NA,NA,359.8,43.602689069,-80.252203131,-3.8019,10.08,259,26,13.068
1159,4.2973,82.5,167,"2026-06-21_EQBNY",4.59136822773186,NA,NA,NA,NA,NA,NA,NA,NA,NA,NA,NA,NA,NA,NA,359.6,43.602689152,-80.252255267,-3.82821,10.08,259,26,13.068
1160,4.3005,83,166,"2026-06-21_EQBNY",4.58001282403591,NA,NA,NA,NA,NA,NA,NA,NA,NA,NA,NA,NA,NA,NA,359.6,43.602688482,-80.252295332,-3.32821,9.94,255,26,13.1004
1161,4.3047,83.5,165,"2026-06-21_EQBNY",4.58001282403591,NA,NA,NA,NA,NA,NA,NA,NA,NA,NA,NA,NA,NA,NA,359.4,43.602689991,-80.252346797,-3.29158,9.94,255,26,13.1004
1162,4.3086,83.5,165,"2026-06-21_EQBNY",4.5687134502924,NA,NA,NA,NA,NA,NA,NA,NA,NA,NA,NA,NA,NA,NA,359.4,43.602690829,-80.252396669,-2.73603,9.94,255,26,13.1328
1163,4.3124,83.5,165,"2026-06-21_EQBNY",4.55622380171314,NA,NA,NA,NA,NA,NA,NA,NA,NA,NA,NA,NA,NA,NA,359.4,43.602686135,-80.252437322,-2.73603,9.94,255,26,13.1688
1164,4.3158,83.5,165,"2026-06-21_EQBNY",4.54504135987638,NA,NA,NA,NA,NA,NA,NA,NA,NA,NA,NA,NA,NA,NA,359.4,43.602685045,-80.252485434,-2.73603,9.94,255,26,13.2012
1165,4.3192,83,164,"2026-06-21_EQBNY",4.54504135987638,NA,NA,NA,NA,NA,NA,NA,NA,NA,NA,NA,NA,NA,NA,359.4,43.602685213,-80.252528265,-2.06936,9.94,255,26,13.2012
1166,4.3234,83,164,"2026-06-21_EQBNY",4.54504135987638,NA,NA,NA,NA,NA,NA,NA,NA,NA,NA,NA,NA,NA,NA,359.2,43.602676077,-80.252576126,-2.00501,9.94,255,26,13.2012
1167,4.3272,83.5,164,"2026-06-21_EQBNY",4.54504135987638,NA,NA,NA,NA,NA,NA,NA,NA,NA,NA,NA,NA,NA,NA,359.2,43.602667276,-80.252627172,-2.00501,9.94,255,26,13.2012
1168,4.3311,84.5,165,"2026-06-21_EQBNY",4.52161331162959,NA,NA,NA,NA,NA,NA,NA,NA,NA,NA,NA,NA,NA,NA,359.2,43.60265948,-80.252666148,-1.4787,9.81,251,26,13.2696
1169,4.335,84.5,165,"2026-06-21_EQBNY",4.52161331162959,NA,NA,NA,NA,NA,NA,NA,NA,NA,NA,NA,NA,NA,NA,359.2,43.602647913,-80.25271711,-0.952381,9.81,251,26,13.2696
1170,4.3383,84,165,"2026-06-21_EQBNY",4.510599909788,NA,NA,NA,NA,NA,NA,NA,NA,NA,NA,NA,NA,NA,NA,359.2,43.60263752,-80.252753152,-0.952381,9.81,251,26,13.302
1171,4.342,84,165,"2026-06-21_EQBNY",4.510599909788,NA,NA,NA,NA,NA,NA,NA,NA,NA,NA,NA,NA,NA,NA,359.2,43.602619331,-80.252792966,-0.47619,9.81,251,26,13.302
1172,4.3455,84,165,"2026-06-21_EQBNY",4.510599909788,NA,NA,NA,NA,NA,NA,NA,NA,NA,NA,NA,NA,NA,NA,359.2,43.602598879,-80.252829008,-0.47619,9.81,251,26,13.302
1173,4.3492,84,165,"2026-06-21_EQBNY",4.510599909788,NA,NA,NA,NA,NA,NA,NA,NA,NA,NA,NA,NA,NA,NA,359.2,43.602574823,-80.252855159,-0.47619,9.81,251,26,13.302
1174,4.353,84.5,164,"2026-06-21_EQBNY",4.510599909788,NA,NA,NA,NA,NA,NA,NA,NA,NA,NA,NA,NA,NA,NA,359.2,43.602544816,-80.25288919,-0.47619,9.81,251,26,13.302
1175,4.3564,84.5,164,"2026-06-21_EQBNY",4.510599909788,NA,NA,NA,NA,NA,NA,NA,NA,NA,NA,NA,NA,NA,NA,359.4,43.60252428,-80.252911067,0.112045,9.81,251,26,13.302
1176,4.3598,85.5,164,"2026-06-21_EQBNY",4.510599909788,NA,NA,NA,NA,NA,NA,NA,NA,NA,NA,NA,NA,NA,NA,359.6,43.602498213,-80.252940571,1.17647,9.64,248,26,13.302
1177,4.3632,85.5,163,"2026-06-21_EQBNY",4.52161331162959,NA,NA,NA,NA,NA,NA,NA,NA,NA,NA,NA,NA,NA,NA,359.8,43.602477761,-80.252969824,1.76471,9.6,249,26,13.2696
1178,4.3664,84.5,163,"2026-06-21_EQBNY",4.52161331162959,NA,NA,NA,NA,NA,NA,NA,NA,NA,NA,NA,NA,NA,NA,360,43.602455968,-80.252990192,2.38971,9.81,251,26,13.2696
1179,4.3695,84.5,163,"2026-06-21_EQBNY",4.53391367428364,NA,NA,NA,NA,NA,NA,NA,NA,NA,NA,NA,NA,NA,NA,360.2,43.602431409,-80.253017936,3.03487,9.77,252,26,13.2336
1180,4.3722,84.5,163,"2026-06-21_EQBNY",4.54504135987638,NA,NA,NA,NA,NA,NA,NA,NA,NA,NA,NA,NA,NA,NA,360.2,43.602417327,-80.253038472,3.03487,9.77,252,26,13.2012
1181,4.3752,84,163,"2026-06-21_EQBNY",4.5687134502924,NA,NA,NA,NA,NA,NA,NA,NA,NA,NA,NA,NA,NA,NA,360.4,43.602392601,-80.253060935,3.70153,9.77,252,26,13.1328
1182,4.3781,84,164,"2026-06-21_EQBNY",4.60405156537753,NA,NA,NA,NA,NA,NA,NA,NA,NA,NA,NA,NA,NA,NA,360.6,43.60236955,-80.253078118,4.39119,9.72,253,26,13.032
1183,4.3805,83.5,163,"2026-06-21_EQBNY",4.62705904127337,NA,NA,NA,NA,NA,NA,NA,NA,NA,NA,NA,NA,NA,NA,360.8,43.602347506,-80.25308189,5.22452,9.89,256,26,12.9672
1184,4.3834,83.5,163,"2026-06-21_EQBNY",5.10308226168606,NA,NA,NA,NA,NA,NA,NA,NA,NA,NA,NA,NA,NA,NA,361.2,43.60232345,-80.25309966,6.60383,9.43,265,26,11.7576
1185,4.386,83.5,164,"2026-06-21_EQBNY",5.14721021206506,NA,NA,NA,NA,NA,NA,NA,NA,NA,NA,NA,NA,NA,NA,361.4,43.602302328,-80.253111646,6.78483,9.38,266,26,11.6568
1186,4.3891,83,163,"2026-06-21_EQBNY",5.3487376979033,NA,NA,NA,NA,NA,NA,NA,NA,NA,NA,NA,NA,NA,NA,361.8,43.602276427,-80.253120866,7.48692,9.21,269,26,11.2176
1187,4.3923,82.5,163,"2026-06-21_EQBNY",5.14721021206506,NA,NA,NA,NA,NA,NA,NA,NA,NA,NA,NA,NA,NA,NA,362,43.602246923,-80.253138803,7.52368,9.55,269,26,11.6568
1188,4.395,82.5,163,"2026-06-21_EQBNY",5.13294322964788,NA,NA,NA,NA,NA,NA,NA,NA,NA,NA,NA,NA,NA,NA,362,43.602227058,-80.253147856,6.89868,9.59,268,26,11.6892
1189,4.3979,82.5,163,"2026-06-21_EQBNY",5.13294322964788,NA,NA,NA,NA,NA,NA,NA,NA,NA,NA,NA,NA,NA,NA,362.2,43.602201577,-80.253152382,6.94317,9.59,268,26,11.6892
1190,4.4008,83.5,164,"2026-06-21_EQBNY",5.3011026293469,NA,NA,NA,NA,NA,NA,NA,NA,NA,NA,NA,NA,NA,NA,362.4,43.602172827,-80.253154561,7.63283,9.26,268,26,11.3184
1191,4.4038,83.5,163,"2026-06-21_EQBNY",5.3011026293469,NA,NA,NA,NA,NA,NA,NA,NA,NA,NA,NA,NA,NA,NA,362.6,43.602145335,-80.253148191,7.63283,9.26,268,26,11.3184
1192,4.4072,82.5,163,"2026-06-21_EQBNY",5.3011026293469,NA,NA,NA,NA,NA,NA,NA,NA,NA,NA,NA,NA,NA,NA,362.6,43.602111472,-80.253153388,6.94317,9.26,268,26,11.3184
1193,4.4107,82.5,163,"2026-06-21_EQBNY",5.23779593547035,NA,NA,NA,NA,NA,NA,NA,NA,NA,NA,NA,NA,NA,NA,362.6,43.602081716,-80.253155232,6.10984,9.48,270,26,11.4552
1194,4.4141,82.5,163,"2026-06-21_EQBNY",5.05970451325643,NA,NA,NA,NA,NA,NA,NA,NA,NA,NA,NA,NA,NA,NA,362.6,43.602051876,-80.253159925,4.73053,9.65,267,26,11.8584
1195,4.4176,82.5,164,"2026-06-21_EQBNY",4.99001996007984,NA,NA,NA,NA,NA,NA,NA,NA,NA,NA,NA,NA,NA,NA,362.6,43.602019271,-80.253163865,3.9613,9.71,266,26,12.024
1196,4.4209,82.5,164,"2026-06-21_EQBNY",4.99001996007984,NA,NA,NA,NA,NA,NA,NA,NA,NA,NA,NA,NA,NA,NA,362.4,43.601991024,-80.253155315,2.06492,9.71,266,26,12.024
1197,4.425,84.5,165,"2026-06-21_EQBNY",4.97512437810945,NA,NA,NA,NA,NA,NA,NA,NA,NA,NA,NA,NA,NA,NA,362.4,43.601952718,-80.253159087,1.43992,9.37,260,26,12.06
1198,4.4279,84.5,165,"2026-06-21_EQBNY",4.96179418477722,NA,NA,NA,NA,NA,NA,NA,NA,NA,NA,NA,NA,NA,NA,362.2,43.601925058,-80.25315674,0.750261,9.37,260,26,12.0924
1199,4.4317,84,165,"2026-06-21_EQBNY",4.94853523357086,NA,NA,NA,NA,NA,NA,NA,NA,NA,NA,NA,NA,NA,NA,362,43.601893207,-80.253150119,-0.46571,9.41,259,26,12.1248
1200,4.4359,83.5,166,"2026-06-21_EQBNY",4.89332550401253,NA,NA,NA,NA,NA,NA,NA,NA,NA,NA,NA,NA,NA,NA,361.8,43.601852974,-80.253154477,-1.63156,9.63,261,26,12.2616
1201,4.4398,83.5,166,"2026-06-21_EQBNY",4.89332550401253,NA,NA,NA,NA,NA,NA,NA,NA,NA,NA,NA,NA,NA,NA,361.6,43.601822296,-80.2531497,-2.81104,9.63,261,26,12.2616
1202,4.4428,82.5,166,"2026-06-21_EQBNY",4.80169019494862,NA,NA,NA,NA,NA,NA,NA,NA,NA,NA,NA,NA,NA,NA,361.2,43.601794468,-80.253144922,-4.14438,9.87,263,26,12.4956
1203,4.4462,81.5,166,"2026-06-21_EQBNY",4.80169019494862,NA,NA,NA,NA,NA,NA,NA,NA,NA,NA,NA,NA,NA,NA,361,43.601760857,-80.253146347,-4.73261,10.06,266,26,12.4956
1204,4.4499,80.5,166,"2026-06-21_EQBNY",4.81417292509147,NA,NA,NA,NA,NA,NA,NA,NA,NA,NA,NA,NA,NA,NA,360.8,43.601731101,-80.253150286,-5.27315,10.21,270,26,12.4632
1205,4.4533,80.5,166,"2026-06-21_EQBNY",4.81417292509147,NA,NA,NA,NA,NA,NA,NA,NA,NA,NA,NA,NA,NA,NA,360.4,43.60170101,-80.253148694,-6.44962,10.21,270,26,12.4632
1206,4.4567,80.5,166,"2026-06-21_EQBNY",4.81417292509147,NA,NA,NA,NA,NA,NA,NA,NA,NA,NA,NA,NA,NA,NA,360.2,43.60166832,-80.253152717,-6.4318,10.05,266,26,12.4632
1207,4.4603,80.5,165,"2026-06-21_EQBNY",4.81417292509147,NA,NA,NA,NA,NA,NA,NA,NA,NA,NA,NA,NA,NA,NA,359.8,43.601636218,-80.253152298,-7.54291,10.05,266,26,12.4632
1208,4.4638,81.5,165,"2026-06-21_EQBNY",4.81417292509147,NA,NA,NA,NA,NA,NA,NA,NA,NA,NA,NA,NA,NA,NA,359.4,43.601604786,-80.253157579,-7.99611,9.87,263,26,12.4632
1209,4.4675,81.5,164,"2026-06-21_EQBNY",4.81417292509147,NA,NA,NA,NA,NA,NA,NA,NA,NA,NA,NA,NA,NA,NA,359.2,43.601569079,-80.253162775,-8.01033,9.87,263,26,12.4632
1210,4.4713,82.5,164,"2026-06-21_EQBNY",4.81417292509147,NA,NA,NA,NA,NA,NA,NA,NA,NA,NA,NA,NA,NA,NA,358.8,43.601536305,-80.253165122,-8.58678,9.87,263,26,12.4632
1211,4.4752,82.5,164,"2026-06-21_EQBNY",4.76326569496046,NA,NA,NA,NA,NA,NA,NA,NA,NA,NA,NA,NA,NA,NA,358.4,43.601500096,-80.253170906,-9.0996,9.92,262,26,12.5964
1212,4.4795,82.5,165,"2026-06-21_EQBNY",4.6882325363338,NA,NA,NA,NA,NA,NA,NA,NA,NA,NA,NA,NA,NA,NA,358,43.601463551,-80.253181551,-8.6965,9.98,261,26,12.798
1213,4.4833,81.5,165,"2026-06-21_EQBNY",4.63994060876021,NA,NA,NA,NA,NA,NA,NA,NA,NA,NA,NA,NA,NA,NA,357.8,43.601431783,-80.25318834,-8.63458,10.03,260,26,12.9312
1214,4.4871,80.5,165,"2026-06-21_EQBNY",4.55622380171314,NA,NA,NA,NA,NA,NA,NA,NA,NA,NA,NA,NA,NA,NA,357.4,43.601398255,-80.253204601,-9.14667,10.32,261,26,13.1688
1215,4.4911,80.5,165,"2026-06-21_EQBNY",4.55622380171314,NA,NA,NA,NA,NA,NA,NA,NA,NA,NA,NA,NA,NA,NA,357,43.601361878,-80.253217425,-8.9702,10.32,261,26,13.1688
1216,4.4948,80.5,165,"2026-06-21_EQBNY",4.54504135987638,NA,NA,NA,NA,NA,NA,NA,NA,NA,NA,NA,NA,NA,NA,356.6,43.601334134,-80.253227651,-9.46304,10.32,261,26,13.2012
1217,4.4986,80.5,165,"2026-06-21_EQBNY",4.53391367428364,NA,NA,NA,NA,NA,NA,NA,NA,NA,NA,NA,NA,NA,NA,356.4,43.601298092,-80.253245337,-8.87825,10.52,264,26,13.2336
1218,4.5027,81,165,"2026-06-21_EQBNY",4.53391367428364,NA,NA,NA,NA,NA,NA,NA,NA,NA,NA,NA,NA,NA,NA,356,43.601267749,-80.253270986,-8.711,10.32,261,26,13.2336
1219,4.5067,80.5,166,"2026-06-21_EQBNY",4.52161331162959,NA,NA,NA,NA,NA,NA,NA,NA,NA,NA,NA,NA,NA,NA,355.8,43.601237407,-80.253292276,-8.67046,10.36,260,26,13.2696
1220,4.5105,80.5,165,"2026-06-21_EQBNY",4.510599909788,NA,NA,NA,NA,NA,NA,NA,NA,NA,NA,NA,NA,NA,NA,355.6,43.601207316,-80.253324546,-8.14414,10.37,260,26,13.302
1221,4.5145,80.5,165,"2026-06-21_EQBNY",4.48752468138575,NA,NA,NA,NA,NA,NA,NA,NA,NA,NA,NA,NA,NA,NA,355.2,43.601184014,-80.253357152,-8.1185,10.37,260,26,13.3704
1222,4.5189,81.5,165,"2026-06-21_EQBNY",4.48752468138575,NA,NA,NA,NA,NA,NA,NA,NA,NA,NA,NA,NA,NA,NA,355,43.601154174,-80.253392439,-7.64282,10.37,260,26,13.3704
1223,4.5231,81.5,165,"2026-06-21_EQBNY",4.476676515355,NA,NA,NA,NA,NA,NA,NA,NA,NA,NA,NA,NA,NA,NA,354.8,43.601126095,-80.253431918,-7.59269,10.41,259,26,13.4028
1224,4.5269,81.5,165,"2026-06-21_EQBNY",4.43262411347518,NA,NA,NA,NA,NA,NA,NA,NA,NA,NA,NA,NA,NA,NA,354.4,43.601105979,-80.253460417,-7.59269,10.27,255,26,13.536
1225,4.5307,82.5,165,"2026-06-21_EQBNY",4.41033783187792,NA,NA,NA,NA,NA,NA,NA,NA,NA,NA,NA,NA,NA,NA,354.2,43.601084437,-80.253506517,-7.11901,10.08,252,26,13.6044
1226,4.5349,82.5,165,"2026-06-21_EQBNY",4.41033783187792,NA,NA,NA,NA,NA,NA,NA,NA,NA,NA,NA,NA,NA,NA,354,43.601067506,-80.253552031,-6.51412,10.08,252,26,13.6044
1227,4.539,82.5,166,"2026-06-21_EQBNY",4.41033783187792,NA,NA,NA,NA,NA,NA,NA,NA,NA,NA,NA,NA,NA,NA,353.8,43.601051831,-80.253594276,-6.4756,10.27,255,26,13.6044
1228,4.5433,82.5,166,"2026-06-21_EQBNY",4.38827453045463,NA,NA,NA,NA,NA,NA,NA,NA,NA,NA,NA,NA,NA,NA,353.6,43.601036073,-80.253647501,-5.96511,10.31,254,26,13.6728
1229,4.5474,82.5,166,"2026-06-21_EQBNY",4.37790035898783,NA,NA,NA,NA,NA,NA,NA,NA,NA,NA,NA,NA,NA,NA,353.4,43.601020483,-80.253688656,-5.95292,10.13,251,26,13.7052
1230,4.5516,83,166,"2026-06-21_EQBNY",4.3561596096881,NA,NA,NA,NA,NA,NA,NA,NA,NA,NA,NA,NA,NA,NA,353.4,43.601006904,-80.253739115,-5.4266,10.17,250,26,13.7736
1231,4.5553,83,166,"2026-06-21_EQBNY",4.34593654932638,NA,NA,NA,NA,NA,NA,NA,NA,NA,NA,NA,NA,NA,NA,353.4,43.60099299,-80.253785215,-4.4266,10.17,250,26,13.806
1232,4.5595,82.5,165,"2026-06-21_EQBNY",4.33576135969476,NA,NA,NA,NA,NA,NA,NA,NA,NA,NA,NA,NA,NA,NA,353.2,43.600979831,-80.25382746,-4.44824,10.17,250,26,13.8384
1233,4.5636,82.5,164,"2026-06-21_EQBNY",4.32451133021969,NA,NA,NA,NA,NA,NA,NA,NA,NA,NA,NA,NA,NA,NA,353.2,43.600970695,-80.253881859,-3.97205,10.37,253,26,13.8744
1234,4.5675,82.5,163,"2026-06-21_EQBNY",4.31443610320131,NA,NA,NA,NA,NA,NA,NA,NA,NA,NA,NA,NA,NA,NA,353,43.600962983,-80.253923768,-3.43224,10.18,250,26,13.9068
1235,4.5714,82.5,163,"2026-06-21_EQBNY",4.30440771349862,NA,NA,NA,NA,NA,NA,NA,NA,NA,NA,NA,NA,NA,NA,353,43.600955188,-80.253970958,-2.90593,10.41,252,26,13.9392
1236,4.5753,82.5,162,"2026-06-21_EQBNY",4.30440771349862,NA,NA,NA,NA,NA,NA,NA,NA,NA,NA,NA,NA,NA,NA,353,43.600948818,-80.254024267,-2.42974,10.22,249,26,13.9392
1237,4.5797,82.5,162,"2026-06-21_EQBNY",4.30440771349862,NA,NA,NA,NA,NA,NA,NA,NA,NA,NA,NA,NA,NA,NA,353,43.600937502,-80.254069446,-1.94193,10.22,249,26,13.9392
1238,4.5839,83,162,"2026-06-21_EQBNY",4.29331959471063,NA,NA,NA,NA,NA,NA,NA,NA,NA,NA,NA,NA,NA,NA,353,43.600932725,-80.254126359,-1.47682,10.22,249,26,13.9752
1239,4.5879,83.5,161,"2026-06-21_EQBNY",4.27350427350427,NA,NA,NA,NA,NA,NA,NA,NA,NA,NA,NA,NA,NA,NA,352.8,43.600927863,-80.254169945,-1.48901,10.22,249,26,14.04
1240,4.5919,83.5,161,"2026-06-21_EQBNY",4.26257459505541,NA,NA,NA,NA,NA,NA,NA,NA,NA,NA,NA,NA,NA,NA,352.8,43.600920738,-80.254218895,-1.48901,10.26,248,26,14.076
1241,4.5954,84.5,161,"2026-06-21_EQBNY",4.25278557455133,NA,NA,NA,NA,NA,NA,NA,NA,NA,NA,NA,NA,NA,NA,352.8,43.600916967,-80.254266169,-1.48901,10.26,248,26,14.1084
1242,4.599,84.5,161,"2026-06-21_EQBNY",4.25278557455133,NA,NA,NA,NA,NA,NA,NA,NA,NA,NA,NA,NA,NA,NA,353,43.600908585,-80.254305732,-0.457265,10.08,245,26,14.1084
1243,4.603,84,161,"2026-06-21_EQBNY",4.26257459505541,NA,NA,NA,NA,NA,NA,NA,NA,NA,NA,NA,NA,NA,NA,353,43.600908836,-80.254359376,-0.457265,10.08,245,26,14.076
1244,4.6064,84,161,"2026-06-21_EQBNY",4.26257459505541,NA,NA,NA,NA,NA,NA,NA,NA,NA,NA,NA,NA,NA,NA,353,43.600905232,-80.254395921,0.0555556,10.08,245,26,14.076
1245,4.6103,84.5,160,"2026-06-21_EQBNY",4.26257459505541,NA,NA,NA,NA,NA,NA,NA,NA,NA,NA,NA,NA,NA,NA,353.2,43.600902466,-80.254447302,0.568376,10.08,245,26,14.076
1246,4.614,84.5,159,"2026-06-21_EQBNY",4.27350427350427,NA,NA,NA,NA,NA,NA,NA,NA,NA,NA,NA,NA,NA,NA,353.2,43.600898694,-80.254493151,0.568376,10.08,245,26,14.04
1247,4.6182,84,158,"2026-06-21_EQBNY",4.27350427350427,NA,NA,NA,NA,NA,NA,NA,NA,NA,NA,NA,NA,NA,NA,353.2,43.60089685,-80.254542688,0.568376,10.04,246,26,14.04
1248,4.6214,84,158,"2026-06-21_EQBNY",4.27350427350427,NA,NA,NA,NA,NA,NA,NA,NA,NA,NA,NA,NA,NA,NA,353,43.600897101,-80.254586693,-0.0566239,10.04,246,26,14.04
1249,4.625,85.5,159,"2026-06-21_EQBNY",4.28338901739056,NA,NA,NA,NA,NA,NA,NA,NA,NA,NA,NA,NA,NA,NA,353.2,43.600889725,-80.254628351,0.998932,9.86,243,26,14.0076
1250,4.6289,86,159,"2026-06-21_EQBNY",4.28338901739056,NA,NA,NA,NA,NA,NA,NA,NA,NA,NA,NA,NA,NA,NA,353.2,43.600895341,-80.254677469,0.998932,9.65,241,26,14.0076
1251,4.6322,86,159,"2026-06-21_EQBNY",4.29331959471063,NA,NA,NA,NA,NA,NA,NA,NA,NA,NA,NA,NA,NA,NA,353.2,43.600891989,-80.254713679,0.998932,9.65,241,26,13.9752
1252,4.6362,86,159,"2026-06-21_EQBNY",4.29331959471063,NA,NA,NA,NA,NA,NA,NA,NA,NA,NA,NA,NA,NA,NA,353.4,43.600896515,-80.254767072,0.943376,9.65,241,26,13.9752
1253,4.6396,86,158,"2026-06-21_EQBNY",4.30440771349862,NA,NA,NA,NA,NA,NA,NA,NA,NA,NA,NA,NA,NA,NA,353.8,43.600897353,-80.254809484,2.11985,9.65,241,26,13.9392
1254,4.6438,86,159,"2026-06-21_EQBNY",4.31443610320131,NA,NA,NA,NA,NA,NA,NA,NA,NA,NA,NA,NA,NA,NA,354,43.600897437,-80.25485768,2.59604,9.65,241,26,13.9068
1255,4.6471,86,159,"2026-06-21_EQBNY",4.30440771349862,NA,NA,NA,NA,NA,NA,NA,NA,NA,NA,NA,NA,NA,NA,354.2,43.60090146,-80.254903445,2.68928,9.65,241,26,13.9392
1256,4.6506,86,160,"2026-06-21_EQBNY",4.32451133021969,NA,NA,NA,NA,NA,NA,NA,NA,NA,NA,NA,NA,NA,NA,354.4,43.600896934,-80.254940828,3.26071,9.61,242,26,13.8744
1257,4.6544,85.5,160,"2026-06-21_EQBNY",4.32451133021969,NA,NA,NA,NA,NA,NA,NA,NA,NA,NA,NA,NA,NA,NA,354.4,43.600900287,-80.254994221,3.26071,9.82,244,26,13.8744
1258,4.6578,85,161,"2026-06-21_EQBNY",4.33576135969476,NA,NA,NA,NA,NA,NA,NA,NA,NA,NA,NA,NA,NA,NA,354.4,43.600901041,-80.255032946,3.88571,9.81,244,26,13.8384
1259,4.6621,85,161,"2026-06-21_EQBNY",4.34593654932638,NA,NA,NA,NA,NA,NA,NA,NA,NA,NA,NA,NA,NA,NA,354.4,43.600904561,-80.2550855,3.33015,9.78,245,26,13.806
1260,4.6655,85,162,"2026-06-21_EQBNY",4.34593654932638,NA,NA,NA,NA,NA,NA,NA,NA,NA,NA,NA,NA,NA,NA,354.2,43.600907411,-80.255129757,2.74191,9.78,245,26,13.806
1261,4.6692,85,162,"2026-06-21_EQBNY",4.34593654932638,NA,NA,NA,NA,NA,NA,NA,NA,NA,NA,NA,NA,NA,NA,354.2,43.600907914,-80.255170157,2.74191,9.78,245,26,13.806
1262,4.6726,85,162,"2026-06-21_EQBNY",4.34593654932638,NA,NA,NA,NA,NA,NA,NA,NA,NA,NA,NA,NA,NA,NA,354.2,43.600912859,-80.255217264,2.24191,9.78,245,26,13.806
1263,4.6756,85,162,"2026-06-21_EQBNY",4.3561596096881,NA,NA,NA,NA,NA,NA,NA,NA,NA,NA,NA,NA,NA,NA,354.4,43.600917134,-80.255250959,1.73211,9.77,245,26,13.7736
1264,4.6796,85,162,"2026-06-21_EQBNY",4.3675751222921,NA,NA,NA,NA,NA,NA,NA,NA,NA,NA,NA,NA,NA,NA,354.8,43.600920571,-80.25529773,2.25592,9.77,245,26,13.7376
1265,4.6827,84.5,161,"2026-06-21_EQBNY",4.37790035898783,NA,NA,NA,NA,NA,NA,NA,NA,NA,NA,NA,NA,NA,NA,355,43.600923169,-80.25534031,2.29502,9.95,248,26,13.7052
1266,4.6858,84,162,"2026-06-21_EQBNY",4.38827453045463,NA,NA,NA,NA,NA,NA,NA,NA,NA,NA,NA,NA,NA,NA,355.4,43.60092912,-80.255374843,3.01392,9.94,248,26,13.6728
1267,4.6893,83.5,162,"2026-06-21_EQBNY",4.39985920450546,NA,NA,NA,NA,NA,NA,NA,NA,NA,NA,NA,NA,NA,NA,355.6,43.60093591,-80.255422872,3.58534,10.12,251,26,13.6368
1268,4.6924,83.5,163,"2026-06-21_EQBNY",4.42086648983201,NA,NA,NA,NA,NA,NA,NA,NA,NA,NA,NA,NA,NA,NA,355.8,43.600935658,-80.255458495,4.23051,10.08,252,26,13.572
1269,4.6961,83.5,163,"2026-06-21_EQBNY",4.43262411347518,NA,NA,NA,NA,NA,NA,NA,NA,NA,NA,NA,NA,NA,NA,356,43.600936999,-80.255503422,4.77105,10.08,252,26,13.536
1270,4.6997,83.5,163,"2026-06-21_EQBNY",4.44325957522438,NA,NA,NA,NA,NA,NA,NA,NA,NA,NA,NA,NA,NA,NA,356,43.600934066,-80.255550612,5.35928,10.08,252,26,13.5036
1271,4.7031,84,164,"2026-06-21_EQBNY",4.45394619632995,NA,NA,NA,NA,NA,NA,NA,NA,NA,NA,NA,NA,NA,NA,356.2,43.600928617,-80.255587325,5.94752,9.86,250,26,13.4712
1272,4.7068,84.5,164,"2026-06-21_EQBNY",4.46588067166845,NA,NA,NA,NA,NA,NA,NA,NA,NA,NA,NA,NA,NA,NA,356.2,43.600936161,-80.255637197,5.94752,9.86,250,26,13.4352
1273,4.7096,84.5,164,"2026-06-21_EQBNY",4.476676515355,NA,NA,NA,NA,NA,NA,NA,NA,NA,NA,NA,NA,NA,NA,356.2,43.600933395,-80.255668713,5.28085,9.85,250,26,13.4028
1274,4.7129,84.5,164,"2026-06-21_EQBNY",4.476676515355,NA,NA,NA,NA,NA,NA,NA,NA,NA,NA,NA,NA,NA,NA,356.4,43.600930797,-80.255709868,4.88691,9.85,250,26,13.4028
1275,4.7159,84,165,"2026-06-21_EQBNY",4.4996400287977,NA,NA,NA,NA,NA,NA,NA,NA,NA,NA,NA,NA,NA,NA,356.6,43.600925349,-80.255751694,4.90842,9.81,251,26,13.3344
1276,4.7193,83.5,165,"2026-06-21_EQBNY",4.52161331162959,NA,NA,NA,NA,NA,NA,NA,NA,NA,NA,NA,NA,NA,NA,356.8,43.600914201,-80.255785389,4.20633,9.99,254,26,13.2696
1277,4.723,83.5,166,"2026-06-21_EQBNY",4.53391367428364,NA,NA,NA,NA,NA,NA,NA,NA,NA,NA,NA,NA,NA,NA,357,43.600913614,-80.255835094,4.17544,9.98,254,26,13.2336
1278,4.726,83.5,166,"2026-06-21_EQBNY",4.55622380171314,NA,NA,NA,NA,NA,NA,NA,NA,NA,NA,NA,NA,NA,NA,357.4,43.600916548,-80.255873567,4.86361,9.94,255,26,13.1688
1279,4.7293,82.5,166,"2026-06-21_EQBNY",4.55622380171314,NA,NA,NA,NA,NA,NA,NA,NA,NA,NA,NA,NA,NA,NA,357.4,43.600920822,-80.255912794,4.32307,10.12,258,26,13.1688
1280,4.7327,82.5,165,"2026-06-21_EQBNY",4.58001282403591,NA,NA,NA,NA,NA,NA,NA,NA,NA,NA,NA,NA,NA,NA,357.6,43.600942364,-80.255950596,4.91131,10.12,258,26,13.1004
1281,4.7359,82.5,166,"2026-06-21_EQBNY",4.60405156537753,NA,NA,NA,NA,NA,NA,NA,NA,NA,NA,NA,NA,NA,NA,357.6,43.600963319,-80.255974988,4.32307,10.08,259,26,13.032
1282,4.7399,82.5,166,"2026-06-21_EQBNY",4.60405156537753,NA,NA,NA,NA,NA,NA,NA,NA,NA,NA,NA,NA,NA,NA,357.8,43.600992404,-80.256009186,4.82307,10.08,259,26,13.032
1283,4.7432,82.5,166,"2026-06-21_EQBNY",4.61552663158866,NA,NA,NA,NA,NA,NA,NA,NA,NA,NA,NA,NA,NA,NA,358,43.601014448,-80.256034583,5.42913,10.07,259,26,12.9996
1284,4.7465,82.5,166,"2026-06-21_EQBNY",4.61552663158866,NA,NA,NA,NA,NA,NA,NA,NA,NA,NA,NA,NA,NA,NA,358.2,43.601029619,-80.256065009,5.42913,10.07,259,26,12.9996
1285,4.7501,82.5,167,"2026-06-21_EQBNY",4.62705904127337,NA,NA,NA,NA,NA,NA,NA,NA,NA,NA,NA,NA,NA,NA,358.4,43.601058956,-80.256094765,5.31802,10.07,259,26,12.9672
1286,4.7534,83.5,167,"2026-06-21_EQBNY",4.62705904127337,NA,NA,NA,NA,NA,NA,NA,NA,NA,NA,NA,NA,NA,NA,358.6,43.601077732,-80.256119575,5.33585,9.89,256,26,12.9672
1287,4.7569,83.5,167,"2026-06-21_EQBNY",4.63994060876021,NA,NA,NA,NA,NA,NA,NA,NA,NA,NA,NA,NA,NA,NA,358.6,43.601103129,-80.256150169,4.79531,9.85,257,26,12.9312
1288,4.7606,83.5,167,"2026-06-21_EQBNY",4.63994060876021,NA,NA,NA,NA,NA,NA,NA,NA,NA,NA,NA,NA,NA,NA,358.8,43.601128693,-80.256179087,4.00251,9.85,257,26,12.9312
1289,4.7637,83.5,168,"2026-06-21_EQBNY",4.65159549725556,NA,NA,NA,NA,NA,NA,NA,NA,NA,NA,NA,NA,NA,NA,359,43.601144368,-80.256208256,4.64767,9.84,257,26,12.8988
1290,4.7678,83.5,168,"2026-06-21_EQBNY",4.65159549725556,NA,NA,NA,NA,NA,NA,NA,NA,NA,NA,NA,NA,NA,NA,359.2,43.601173956,-80.256246226,4.54724,9.84,257,26,12.8988
1291,4.771,84,168,"2026-06-21_EQBNY",4.65159549725556,NA,NA,NA,NA,NA,NA,NA,NA,NA,NA,NA,NA,NA,NA,359.2,43.601195413,-80.256275898,4.54724,9.67,254,26,12.8988
1292,4.7748,84,168,"2026-06-21_EQBNY",4.6633090841261,NA,NA,NA,NA,NA,NA,NA,NA,NA,NA,NA,NA,NA,NA,359.4,43.601207986,-80.25631588,4.57356,9.67,254,26,12.8664
1293,4.778,83.5,169,"2026-06-21_EQBNY",4.6633090841261,NA,NA,NA,NA,NA,NA,NA,NA,NA,NA,NA,NA,NA,NA,359.4,43.601211423,-80.256361561,3.9675,9.84,257,26,12.8664
1294,4.7808,83.5,169,"2026-06-21_EQBNY",4.6633090841261,NA,NA,NA,NA,NA,NA,NA,NA,NA,NA,NA,NA,NA,NA,359.4,43.601200694,-80.256395172,3.36144,9.84,257,26,12.8664
1295,4.7842,83,169,"2026-06-21_EQBNY",4.6882325363338,NA,NA,NA,NA,NA,NA,NA,NA,NA,NA,NA,NA,NA,NA,359.4,43.601183846,-80.256428113,2.80588,9.8,258,26,12.798
1296,4.7877,82.5,169,"2026-06-21_EQBNY",4.71342383107089,NA,NA,NA,NA,NA,NA,NA,NA,NA,NA,NA,NA,NA,NA,359.4,43.601161215,-80.256465413,2.19982,9.97,261,26,12.7296
1297,4.7911,82.5,169,"2026-06-21_EQBNY",4.73754026909229,NA,NA,NA,NA,NA,NA,NA,NA,NA,NA,NA,NA,NA,NA,359.4,43.601140847,-80.256491145,2.19982,9.93,262,26,12.6648
1298,4.7952,81.5,170,"2026-06-21_EQBNY",4.73754026909229,NA,NA,NA,NA,NA,NA,NA,NA,NA,NA,NA,NA,NA,NA,359.4,43.601117043,-80.256532133,1.65928,9.93,262,26,12.6648
1299,4.799,81.5,170,"2026-06-21_EQBNY",4.73754026909229,NA,NA,NA,NA,NA,NA,NA,NA,NA,NA,NA,NA,NA,NA,359.2,43.601093322,-80.256566918,0.487805,10.11,265,26,12.6648
1300,4.8027,81.5,170,"2026-06-21_EQBNY",4.7254512805973,NA,NA,NA,NA,NA,NA,NA,NA,NA,NA,NA,NA,NA,NA,359.2,43.601069014,-80.256595081,0,10.12,265,26,12.6972
1301,4.8068,81.5,170,"2026-06-21_EQBNY",4.71342383107089,NA,NA,NA,NA,NA,NA,NA,NA,NA,NA,NA,NA,NA,NA,359.2,43.601040684,-80.256636152,0,9.97,261,26,12.7296
1302,4.8106,82.5,169,"2026-06-21_EQBNY",4.71342383107089,NA,NA,NA,NA,NA,NA,NA,NA,NA,NA,NA,NA,NA,NA,359,43.601017047,-80.256665824,-1.05263,9.79,258,26,12.7296
1303,4.815,83,169,"2026-06-21_EQBNY",4.6882325363338,NA,NA,NA,NA,NA,NA,NA,NA,NA,NA,NA,NA,NA,NA,358.8,43.60098947,-80.256702788,-1.50718,9.8,258,26,12.798
1304,4.8193,83.5,169,"2026-06-21_EQBNY",4.67639356528245,NA,NA,NA,NA,NA,NA,NA,NA,NA,NA,NA,NA,NA,NA,358.8,43.60096357,-80.256745871,-1.50718,9.84,257,26,12.8304
1305,4.8232,83.5,168,"2026-06-21_EQBNY",4.67639356528245,NA,NA,NA,NA,NA,NA,NA,NA,NA,NA,NA,NA,NA,NA,358.6,43.600938676,-80.256773112,-2.02,9.84,257,26,12.8304
1306,4.8275,83.5,168,"2026-06-21_EQBNY",4.63994060876021,NA,NA,NA,NA,NA,NA,NA,NA,NA,NA,NA,NA,NA,NA,358.2,43.600913614,-80.256818794,-2.95023,9.85,257,26,12.9312
1307,4.8315,82.5,168,"2026-06-21_EQBNY",4.62705904127337,NA,NA,NA,NA,NA,NA,NA,NA,NA,NA,NA,NA,NA,NA,358,43.600891318,-80.25685777,-3.45023,10.07,259,27,12.9672
1308,4.8355,82.5,168,"2026-06-21_EQBNY",4.59136822773186,NA,NA,NA,NA,NA,NA,NA,NA,NA,NA,NA,NA,NA,NA,357.8,43.60086919,-80.256891297,-3.95023,10.08,259,27,13.068
1309,4.8399,82.5,168,"2026-06-21_EQBNY",4.58001282403591,NA,NA,NA,NA,NA,NA,NA,NA,NA,NA,NA,NA,NA,NA,357.4,43.600837758,-80.256930608,-4.33301,10.12,258,26,13.1004
1310,4.8438,82.5,168,"2026-06-21_EQBNY",4.3675751222921,NA,NA,NA,NA,NA,NA,NA,NA,NA,NA,NA,NA,NA,NA,357,43.600816803,-80.256968327,-5.35865,10.32,254,26,13.7376
1311,4.8478,82.5,167,"2026-06-21_EQBNY",4.33576135969476,NA,NA,NA,NA,NA,NA,NA,NA,NA,NA,NA,NA,NA,NA,356.8,43.600795094,-80.257005626,-5.85865,10.36,253,26,13.8384
1312,4.8522,82.5,167,"2026-06-21_EQBNY",4.33576135969476,NA,NA,NA,NA,NA,NA,NA,NA,NA,NA,NA,NA,NA,NA,356.6,43.600767769,-80.257050637,-5.78688,10.36,253,26,13.8384
1313,4.8559,82.5,167,"2026-06-21_EQBNY",4.33576135969476,NA,NA,NA,NA,NA,NA,NA,NA,NA,NA,NA,NA,NA,NA,356.4,43.600744802,-80.257077292,-5.87287,10.36,253,26,13.8384
1314,4.8602,82.5,167,"2026-06-21_EQBNY",4.34593654932638,NA,NA,NA,NA,NA,NA,NA,NA,NA,NA,NA,NA,NA,NA,356,43.600716974,-80.257119034,-6.8031,10.36,253,27,13.806
1315,4.8642,82.5,167,"2026-06-21_EQBNY",4.17292605575029,NA,NA,NA,NA,NA,NA,NA,NA,NA,NA,NA,NA,NA,NA,355.6,43.600689901,-80.257152813,-7.29028,10.54,249,26,14.3784
1316,4.8683,82.5,167,"2026-06-21_EQBNY",4.24304141208418,NA,NA,NA,NA,NA,NA,NA,NA,NA,NA,NA,NA,NA,NA,355.4,43.600662911,-80.257182736,-6.84786,10.46,251,26,14.1408
1317,4.8728,82.5,168,"2026-06-21_EQBNY",4.20238695579089,NA,NA,NA,NA,NA,NA,NA,NA,NA,NA,NA,NA,NA,NA,355,43.600633742,-80.25722716,-7.23674,10.5,250,27,14.2776
1318,4.8765,82.5,168,"2026-06-21_EQBNY",4.20238695579089,NA,NA,NA,NA,NA,NA,NA,NA,NA,NA,NA,NA,NA,NA,354.8,43.600611865,-80.257258341,-7.27728,10.5,250,27,14.2776
1319,4.8808,82.5,168,"2026-06-21_EQBNY",4.20238695579089,NA,NA,NA,NA,NA,NA,NA,NA,NA,NA,NA,NA,NA,NA,354.6,43.600583618,-80.257293377,-6.83331,10.31,247,27,14.2776
1320,4.8848,82.5,168,"2026-06-21_EQBNY",4.17292605575029,NA,NA,NA,NA,NA,NA,NA,NA,NA,NA,NA,NA,NA,NA,354.6,43.600552689,-80.257324055,-5.80767,10.54,249,26,14.3784
1321,4.8885,83.5,167,"2026-06-21_EQBNY",4.18340026773762,NA,NA,NA,NA,NA,NA,NA,NA,NA,NA,NA,NA,NA,NA,354.6,43.600529136,-80.25734962,-5.30767,10.35,246,27,14.3424
1322,4.8927,83.5,167,"2026-06-21_EQBNY",4.18340026773762,NA,NA,NA,NA,NA,NA,NA,NA,NA,NA,NA,NA,NA,NA,354.2,43.600500637,-80.257388763,-5.8055,10.35,246,27,14.3424
1323,4.8965,83.5,167,"2026-06-21_EQBNY",4.20238695579089,NA,NA,NA,NA,NA,NA,NA,NA,NA,NA,NA,NA,NA,NA,354,43.600476246,-80.257423548,-5.79128,10.31,247,26,14.2776
1324,4.9006,82.5,167,"2026-06-21_EQBNY",4.22261633307998,NA,NA,NA,NA,NA,NA,NA,NA,NA,NA,NA,NA,NA,NA,353.8,43.600452022,-80.257453304,-5.34885,10.5,250,26,14.2092
1325,4.9047,82.5,167,"2026-06-21_EQBNY",4.21300977418268,NA,NA,NA,NA,NA,NA,NA,NA,NA,NA,NA,NA,NA,NA,353.6,43.600422937,-80.257495297,-4.83666,10.5,250,27,14.2416
1326,4.9087,82.5,166,"2026-06-21_EQBNY",4.21300977418268,NA,NA,NA,NA,NA,NA,NA,NA,NA,NA,NA,NA,NA,NA,353.4,43.600399887,-80.257529579,-4.84885,10.5,250,27,14.2416
1327,4.9131,82.5,166,"2026-06-21_EQBNY",4.20238695579089,NA,NA,NA,NA,NA,NA,NA,NA,NA,NA,NA,NA,NA,NA,353.2,43.600372646,-80.257565957,-4.41451,10.5,250,27,14.2776
1328,4.9175,82,166,"2026-06-21_EQBNY",4.20238695579089,NA,NA,NA,NA,NA,NA,NA,NA,NA,NA,NA,NA,NA,NA,353,43.60034222,-80.257608537,-4.32851,10.5,250,27,14.2776
1329,4.9216,81.5,165,"2026-06-21_EQBNY",4.17292605575029,NA,NA,NA,NA,NA,NA,NA,NA,NA,NA,NA,NA,NA,NA,352.8,43.600313972,-80.257636281,-4.3512,10.54,249,27,14.3784
1330,4.9266,81.5,165,"2026-06-21_EQBNY",4.1438753522294,NA,NA,NA,NA,NA,NA,NA,NA,NA,NA,NA,NA,NA,NA,352.4,43.600283379,-80.257686237,-5.1512,10.59,248,27,14.4792
1331,4.9312,82.5,165,"2026-06-21_EQBNY",4.1438753522294,NA,NA,NA,NA,NA,NA,NA,NA,NA,NA,NA,NA,NA,NA,352.2,43.600256808,-80.257727895,-5.58598,10.59,248,27,14.4792
1332,4.9359,82.5,164,"2026-06-21_EQBNY",4.1438753522294,NA,NA,NA,NA,NA,NA,NA,NA,NA,NA,NA,NA,NA,NA,351.8,43.600225376,-80.257764189,-5.48467,10.59,248,27,14.4792
1333,4.9408,83.5,164,"2026-06-21_EQBNY",4.11522633744856,NA,NA,NA,NA,NA,NA,NA,NA,NA,NA,NA,NA,NA,NA,351.6,43.600192183,-80.257806853,-5.36652,10.39,245,27,14.58
1334,4.945,83.5,164,"2026-06-21_EQBNY",4.08697073728952,NA,NA,NA,NA,NA,NA,NA,NA,NA,NA,NA,NA,NA,NA,351.6,43.600166702,-80.257839626,-4.87871,10.44,244,27,14.6808
1335,4.9497,83.5,164,"2026-06-21_EQBNY",3.98724082934609,NA,NA,NA,NA,NA,NA,NA,NA,NA,NA,NA,NA,NA,NA,351.4,43.600137533,-80.257889079,-4.81644,10.56,241,27,15.048
1336,4.9539,84,164,"2026-06-21_EQBNY",3.96919901563864,NA,NA,NA,NA,NA,NA,NA,NA,NA,NA,NA,NA,NA,NA,351.4,43.600111801,-80.257922942,-4.31644,10.37,238,27,15.1164
1337,4.9588,84.5,163,"2026-06-21_EQBNY",3.96070975918885,NA,NA,NA,NA,NA,NA,NA,NA,NA,NA,NA,NA,NA,NA,351.4,43.600079447,-80.257962672,-3.86189,10.41,237,27,15.1488
1338,4.9632,85,163,"2026-06-21_EQBNY",3.87506781368674,NA,NA,NA,NA,NA,NA,NA,NA,NA,NA,NA,NA,NA,NA,351.4,43.600046925,-80.257999804,-3.40735,10.3,232,27,15.4836
1339,4.9676,85,163,"2026-06-21_EQBNY",3.82526203044909,NA,NA,NA,NA,NA,NA,NA,NA,NA,NA,NA,NA,NA,NA,351.4,43.600017169,-80.258034002,-2.91954,10.34,231,27,15.6852
1340,4.9727,84.5,163,"2026-06-21_EQBNY",3.82526203044909,NA,NA,NA,NA,NA,NA,NA,NA,NA,NA,NA,NA,NA,NA,351.4,43.599981211,-80.258075995,-2.11954,10.56,233,27,15.6852
1341,4.9771,84,164,"2026-06-21_EQBNY",3.82526203044909,NA,NA,NA,NA,NA,NA,NA,NA,NA,NA,NA,NA,NA,NA,351.2,43.599954389,-80.258114552,-2.1393,10.56,233,27,15.6852
1342,4.9817,83.5,163,"2026-06-21_EQBNY",3.78443838934302,NA,NA,NA,NA,NA,NA,NA,NA,NA,NA,NA,NA,NA,NA,351,43.599925304,-80.258153193,-1.72302,10.79,235,27,15.8544
1343,4.986,83.5,164,"2026-06-21_EQBNY",3.76818147561987,NA,NA,NA,NA,NA,NA,NA,NA,NA,NA,NA,NA,NA,NA,350.8,43.599907283,-80.258208513,-1.77998,10.83,234,27,15.9228
1344,4.9907,83.5,164,"2026-06-21_EQBNY",3.77672029609487,NA,NA,NA,NA,NA,NA,NA,NA,NA,NA,NA,NA,NA,NA,350.6,43.59989077,-80.258254195,-2.20551,10.79,235,27,15.8868
1345,4.9958,83.5,164,"2026-06-21_EQBNY",3.76052948255114,NA,NA,NA,NA,NA,NA,NA,NA,NA,NA,NA,NA,NA,NA,350.4,43.599877527,-80.258320496,-2.17213,10.83,234,27,15.9552
1346,5.0005,83.5,163,"2026-06-21_EQBNY",3.73692077727952,NA,NA,NA,NA,NA,NA,NA,NA,NA,NA,NA,NA,NA,NA,350.2,43.599867217,-80.258375481,-2.59767,10.87,233,27,16.056
1347,5.0053,83.5,164,"2026-06-21_EQBNY",3.63821581896238,NA,NA,NA,NA,NA,NA,NA,NA,NA,NA,NA,NA,NA,NA,350.2,43.599852213,-80.258428874,-2.59767,10.98,230,27,16.4916
